指数代码,指数名称,发布时间,涨跌幅,收盘点位,今年以来涨跌幅,PE-TTM(当前值),PE-TTM(分位点%),PE-TTM(最小值),PE-TTM(20%分位点值),PE-TTM(50%分位点值),PE-TTM(80%分位点值),PE-TTM(最大正值),PB(当前值),PB(分位点%),PB(最小值),PB(20%分位点值),PB(50%分位点值),PB(80%分位点值),PB(最大正值),PS-TTM(当前值),PS-TTM(分位点%),PS-TTM(最小值),PS-TTM(20%分位点值),PS-TTM(50%分位点值),PS-TTM(80%分位点值),PS-TTM(最大正值),股息率(当前值),股息率(分位点%),股息率(最小值),股息率(20%分位点值),股息率(50%分位点值),股息率(80%分位点值),股息率(最大正值),净资产收益率(ROE)(2026Q2),净资产收益率(ROE)(2025Q4),净资产收益率(ROE)(2025Q2),关注度
="950125",科创半导体材料设备,2024-07-26,=-0.0420,=4144.8525,=0.9294,=179.2104,=0.8409,=70.4245,=117.4341,=134.2986,=170.5217,=348.7588,=10.6945,=0.8959,=2.8469,=4.8039,=5.5601,=7.0969,=17.6268,=24.0327,=0.8978,=7.2923,=10.9939,=13.0423,=15.8151,=37.4011,=0.0010,=0.4695,=0.0006,=0.0008,=0.0013,=0.0016,=0.0028,=0.0401,=0.0371,=0.0180,=153
="931743",半导体材料设备,2012-12-21,=-0.0375,=9380.4317,=0.8217,=132.2235,=0.9061,=30.1973,=40.3366,=61.4387,=91.1222,=224.0742,=10.5436,=0.9150,=2.5588,=3.4564,=4.3376,=7.2046,=17.1334,=16.7546,=0.9302,=2.5903,=3.1826,=3.8642,=11.2923,=25.3851,=0.0013,=0.0711,=0.0009,=0.0020,=0.0028,=0.0045,=0.0073,=0.0498,=0.0706,=0.0390,=305
="931865",中证半导,2019-03-20,=-0.0303,=8258.6706,=0.6688,=147.8692,=0.8860,=32.8138,=46.1226,=74.0998,=130.6956,=255.0466,=10.8897,=0.9288,=3.3892,=4.1536,=5.3103,=8.5720,=15.8034,=19.2596,=0.9288,=6.4190,=7.7157,=8.8307,=15.3486,=28.9040,=0.0009,=0.1023,=0.0006,=0.0011,=0.0020,=0.0024,=0.0032,=0.0432,=0.0580,=0.0301,=220
="931144",通信技术,2019-05-30,=-0.0256,=3701.4831,=0.5899,=61.2758,=0.8854,=22.8153,=30.4954,=37.1720,=52.6878,=113.1406,=10.4013,=0.9552,=2.5671,=3.1135,=3.7481,=4.8380,=15.3977,=6.2652,=0.9489,=1.6428,=2.1085,=2.5096,=3.4267,=9.4991,=0.0032,=0.0505,=0.0021,=0.0043,=0.0064,=0.0100,=0.0166,=0.1157,=0.1354,=0.0739,=258
="000685",科创芯片,2022-06-13,=-0.0294,=3900.1300,=0.4924,=154.6920,=0.5848,=42.1555,=70.8841,=119.7113,=181.3776,=335.4323,=10.5664,=0.9318,=3.1235,=4.1005,=5.2060,=7.7988,=15.4697,=20.5011,=0.9337,=7.4796,=10.0910,=12.3449,=15.9747,=31.9311,=0.0009,=0.1033,=0.0005,=0.0010,=0.0015,=0.0021,=0.0026,=0.0456,=0.0415,=0.0173,=518
="H30184",半导体,2013-07-15,=-0.0280,=12974.5896,=0.4099,=91.2482,=0.6033,=33.2056,=51.8137,=79.1959,=107.9511,=186.6477,=8.4620,=0.8882,=2.5082,=3.4436,=4.9145,=7.5055,=12.7528,=12.9742,=0.9629,=1.3963,=2.6456,=7.0521,=9.6629,=20.0377,=0.0015,=0.0973,=0.0010,=0.0017,=0.0024,=0.0034,=0.0070,=0.0588,=0.0527,=0.0230,=3406
="932066",半导体行业精选,2023-11-10,=-0.0275,=5617.5339,=0.3830,=75.7759,=0.3304,=50.1901,=65.4144,=83.3886,=99.8752,=142.8699,=8.2955,=0.7680,=3.1655,=4.1680,=6.7998,=8.4395,=12.2533,=12.3189,=0.7548,=6.6489,=8.4227,=10.8806,=12.6198,=18.4956,=0.0017,=0.2761,=0.0012,=0.0017,=0.0022,=0.0028,=0.0034,=0.0665,=0.0794,=0.0376,=7
="931079",5G通信,2019-04-25,=-0.0220,=2613.3671,=0.3556,=46.0073,=0.8330,=21.0709,=27.7358,=33.8135,=44.7461,=103.6981,=7.3511,=0.9524,=2.3623,=3.0521,=3.6458,=5.3809,=10.5199,=2.8853,=0.9456,=1.1916,=1.4931,=1.8907,=2.3742,=4.2354,=0.0063,=0.2960,=0.0036,=0.0056,=0.0082,=0.0121,=0.0152,=0.0942,=0.1398,=0.0637,=2290
="990001",中华半导体芯片,2019-03-18,=-0.0261,=16353.1670,=0.3528,=94.0876,=0.6052,=33.1780,=61.6100,=86.4063,=116.8886,=187.5449,=8.3929,=0.8851,=3.1429,=4.2882,=5.3628,=7.5157,=12.4905,=12.7051,=0.9553,=3.3238,=6.0989,=7.1380,=9.6110,=19.5120,=0.0013,=0.0685,=0.0008,=0.0016,=0.0021,=0.0028,=0.0056,=0.0564,=0.0410,=0.0254,=1388
="H30007",芯片产业,2012-12-20,=-0.0273,=4252.0517,=0.3428,=84.8978,=0.6120,=24.2382,=40.3144,=71.9404,=113.4115,=186.5687,=8.4861,=0.9274,=1.9412,=3.6288,=4.5572,=7.3047,=12.9184,=12.4619,=0.9662,=1.5871,=3.7145,=6.5684,=8.4126,=19.5328,=0.0013,=0.0540,=0.0008,=0.0017,=0.0023,=0.0046,=0.0105,=0.0667,=0.0446,=0.0267,=546
="H30318",科技传媒通信150,2014-04-15,=-0.0269,=4105.6874,=0.3353,=53.2764,=0.8458,=19.8534,=28.8631,=38.1291,=50.1063,=90.7292,=8.8601,=0.9670,=2.0037,=2.4801,=3.5037,=4.4254,=13.0479,=4.6508,=0.9563,=1.2409,=1.8640,=2.3034,=2.8515,=6.8164,=0.0045,=0.0396,=0.0031,=0.0058,=0.0072,=0.0165,=0.0244,=0.1033,=0.1091,=0.0497,=49
="931688",中证算力,2022-07-21,,,=0.3338,=35.4755,=0.8882,=18.0036,=20.8440,=24.0844,=32.6617,=44.9092,=3.8490,=0.9056,=1.6529,=1.9032,=2.2883,=3.3856,=4.7747,=2.6901,=0.8907,=1.3731,=1.5963,=1.8227,=2.5130,=3.3716,=0.0155,=0.0783,=0.0131,=0.0190,=0.0261,=0.0299,=0.0338,=0.0631,=0.1011,=0.0578,=111
="000682",科创信息,2021-08-16,=-0.0250,=2656.2900,=0.3323,=135.0786,=0.7912,=41.6131,=61.6402,=93.5960,=137.1118,=255.5918,=9.8308,=0.9418,=3.3247,=4.3608,=5.4064,=7.3110,=13.8809,=14.6424,=0.9468,=5.5790,=7.3298,=8.9413,=11.5582,=21.7670,=0.0015,=0.0424,=0.0011,=0.0020,=0.0029,=0.0038,=0.0070,=0.0461,=0.0432,=0.0205,=106
="980017",国证芯片,2015-02-17,=-0.0261,=16768.4800,=0.3218,=89.3414,=0.5682,=30.3742,=55.9334,=81.9263,=109.1441,=227.4136,=9.1311,=0.9455,=3.1638,=4.1048,=5.8104,=7.5605,=13.5798,=13.4908,=0.9549,=3.6283,=5.7955,=6.6990,=8.2077,=20.9165,=0.0012,=0.0685,=0.0008,=0.0016,=0.0020,=0.0027,=0.0044,=0.0673,=0.0397,=0.0271,=2627
="399990",煤炭等权,2015-01-21,=-0.0107,=3783.0900,=0.3170,=20.0426,=0.8874,=5.7123,=8.6087,=10.6436,=15.4144,=144.9606,=1.8999,=0.9909,=0.8179,=1.1204,=1.3768,=1.6173,=2.0135,=1.9207,=0.9736,=0.6732,=0.9175,=1.1213,=1.4627,=2.2100,=0.0303,=0.0652,=0.0074,=0.0368,=0.0548,=0.0638,=0.1003,=0.0521,=0.0912,=0.0456,=242
="399363",云科技,2009-08-03,=-0.0189,=12179.6300,=0.3036,=33.7181,=0.1151,=25.0041,=35.9698,=41.4986,=48.7132,=74.9161,=4.0403,=0.2367,=3.0187,=3.9515,=4.6392,=5.5540,=10.4646,=2.7652,=0.4301,=1.6015,=2.2265,=3.0334,=3.7004,=4.3638,=0.0144,=0.9810,=0.0046,=0.0055,=0.0070,=0.0104,=0.0160,=0.0735,=0.1037,=0.0278,=288
="931406",5G 50,2020-02-20,=-0.0215,=2765.6027,=0.2993,=30.9872,=0.6803,=15.2657,=20.6195,=24.0991,=34.6322,=51.5506,=3.4998,=0.6602,=1.5292,=1.9718,=2.5891,=3.8218,=5.3757,=2.3255,=0.9540,=0.9155,=1.4069,=1.5884,=1.9363,=2.9469,=0.0165,=0.4168,=0.0042,=0.0067,=0.0204,=0.0276,=0.0387,=0.0653,=0.1023,=0.0580,=706
="931160",通信设备,2013-07-15,=-0.0153,=19971.5910,=0.2918,=46.5923,=0.6746,=19.3231,=27.7990,=36.6958,=54.9602,=91.1971,=8.6206,=0.9687,=2.1520,=2.8712,=3.4260,=3.9732,=12.1269,=2.9192,=0.9563,=0.9706,=1.2833,=1.5072,=2.4398,=4.3558,=0.0069,=0.4181,=0.0028,=0.0053,=0.0077,=0.0150,=0.0221,=0.1127,=0.1280,=0.0660,=1313
="399998",中证煤炭,2015-02-13,=-0.0241,=2542.8700,=0.2897,=20.0426,=0.8874,=5.7123,=8.6087,=10.6436,=15.4144,=144.9606,=1.8999,=0.9909,=0.8179,=1.1204,=1.3768,=1.6173,=2.0135,=1.9207,=0.9736,=0.6732,=0.9175,=1.1213,=1.4627,=2.2100,=0.0303,=0.0652,=0.0074,=0.0368,=0.0548,=0.0638,=0.1003,=0.0521,=0.0912,=0.0456,=2131
="931696",科技50策略,2021-07-12,=-0.0169,=25969.2102,=0.2892,=43.7318,=0.7726,=23.0047,=27.9742,=34.0738,=47.6059,=71.4621,=7.9605,=0.9039,=3.0567,=3.9308,=4.5069,=7.1741,=11.2899,=4.3936,=0.8167,=1.9010,=2.3694,=2.6974,=4.2969,=6.7093,=0.0061,=0.1681,=0.0042,=0.0063,=0.0097,=0.0121,=0.0167,=0.1061,=0.1271,=0.0618,=15
="950162",科创芯片设计,2024-07-26,=-0.0251,=2386.5776,=0.2828,=124.6288,=0,=124.6288,=220.5528,=262.9630,=380.6821,=687.1301,=13.3056,=0.8055,=4.2582,=7.8333,=9.7821,=13.3028,=20.2102,=20.3546,=0.6798,=8.7765,=14.5023,=17.8918,=21.7027,=32.5243,=0.0015,=0.5363,=0.0010,=0.0012,=0.0015,=0.0018,=0.0029,=0.0858,=0.0713,=0.0289,=68
="931461",电子50,2009-07-22,=-0.0271,=7512.5640,=0.2744,=46.8516,=0.7567,=20.3357,=30.2775,=36.3459,=49.0359,=76.5790,=6.5852,=0.9621,=2.5323,=3.1789,=3.7028,=5.3343,=9.2899,=3.1927,=0.8045,=1.1588,=1.7975,=2.0675,=3.1626,=4.5428,=0.0063,=0.1472,=0.0046,=0.0067,=0.0091,=0.0111,=0.0147,=0.0739,=0.0884,=0.0404,=445
="000690",科创成长,2022-11-04,=-0.0340,=2388.7400,=0.2741,=69.6745,=0.3071,=26.4295,=46.7854,=83.2673,=154.1337,=288.8500,=11.6867,=0.7640,=3.7827,=4.8680,=6.4599,=12.3275,=18.2315,=11.6913,=0.6800,=2.7510,=4.0187,=8.3965,=14.5314,=20.0971,=0.0016,=0.1121,=0.0011,=0.0021,=0.0034,=0.0053,=0.0127,=0.1346,=0.1043,=0.0615,=152
="000698",科创100,2023-08-07,=-0.0319,=1855.0600,=0.2724,=90.0563,=0.0726,=60.6995,=127.8630,=211.4694,=252.0930,=337.2511,=6.4837,=0.8683,=2.7397,=3.6364,=4.2207,=6.0326,=8.5061,=6.9553,=0.6290,=4.0312,=5.1193,=6.4100,=8.4035,=10.0837,=0.0031,=0.1505,=0.0025,=0.0033,=0.0053,=0.0064,=0.0089,=0.0429,=0.0369,=0.0143,=592
="931087",科技龙头,2019-03-20,=-0.0225,=6678.9418,=0.2706,=46.7322,=0.6595,=22.2848,=33.6976,=40.7833,=52.4356,=78.0359,=7.8269,=0.9497,=2.8190,=4.2337,=5.3257,=6.5540,=11.1808,=6.8229,=0.9696,=2.0316,=3.3120,=4.0072,=5.0144,=9.7717,=0.0056,=0.2797,=0.0037,=0.0053,=0.0064,=0.0086,=0.0172,=0.1100,=0.1080,=0.0526,=2097
="930652",CS电子,2015-06-05,=-0.0274,=12417.0520,=0.2659,=52.4223,=0.7909,=21.2056,=33.8173,=43.2207,=53.1100,=86.1406,=6.6082,=0.9687,=2.2039,=3.1461,=3.6495,=4.8224,=9.3375,=3.5819,=0.9493,=1.4014,=2.0216,=2.3068,=3.0853,=5.0793,=0.0055,=0.0474,=0.0040,=0.0063,=0.0077,=0.0104,=0.0141,=0.0673,=0.0838,=0.0386,=490
="932087",集成电路,2023-03-29,=-0.0227,=1429.2067,=0.2619,=84.3527,=0.1239,=46.1239,=99.7038,=132.1852,=152.0596,=195.7770,=7.7241,=0.8604,=3.1405,=3.9453,=5.2009,=7.2854,=11.4486,=11.9429,=0.7822,=5.8347,=7.6610,=9.1385,=12.0582,=18.6728,=0.0016,=0.4103,=0.0010,=0.0014,=0.0018,=0.0022,=0.0029,=0.0589,=0.0481,=0.0198,=57
="000858",500信息,2013-11-06,=-0.0260,=13186.3900,=0.2512,=88.6465,=0.7724,=25.3805,=43.9766,=64.2121,=90.8890,=209.3531,=6.1359,=0.9703,=2.1626,=2.9041,=3.3886,=3.9443,=8.5146,=6.5183,=0.9781,=1.1229,=1.9074,=2.6868,=3.6709,=9.1355,=0.0032,=0.0334,=0.0022,=0.0045,=0.0059,=0.0072,=0.0110,=0.0403,=0.0505,=0.0256,=354
="931271",通信设备主题,2012-12-21,=-0.0152,=4504.3920,=0.2481,=68.2584,=0.7537,=25.8971,=33.2333,=36.4550,=79.2363,=113.3155,=10.0736,=0.8923,=2.2261,=2.9098,=3.6173,=8.1942,=14.2344,=6.4756,=0.8762,=1.5689,=2.0600,=2.5972,=5.6919,=9.3619,=0.0036,=0.1306,=0.0022,=0.0044,=0.0081,=0.0099,=0.0129,=0.0994,=0.1175,=0.0626,=14
="399389",国证通信,2011-12-02,=-0.0130,=10406.4400,=0.2478,=31.0847,=0.3909,=15.1336,=21.7733,=46.2088,=65.1875,=153.7967,=2.8387,=0.7163,=1.3245,=1.8461,=2.4671,=3.0311,=3.8815,=2.7108,=0.9732,=0.9743,=1.4589,=1.6822,=1.8999,=3.2843,=0.0198,=0.6190,=0.0026,=0.0050,=0.0071,=0.0294,=0.0420,=0.0553,=0.0855,=0.0549,=60
="970070",创业板人工智能,2024-07-11,=-0.0101,=7394.5200,=0.2471,=52.3512,=0.0365,=48.3861,=70.5964,=80.7544,=93.6080,=119.1606,=10.6965,=0.8192,=3.3467,=5.1450,=6.6026,=10.2330,=15.2749,=8.3429,=0.6673,=3.4016,=4.9986,=6.3214,=9.2765,=12.0918,=0.0040,=0.3750,=0.0027,=0.0035,=0.0051,=0.0065,=0.0096,=0.1387,=0.1206,=0.0470,=246
="000998",中证TMT,2011-11-08,=-0.0155,=3665.1473,=0.2464,=38.2115,=0.5988,=18.9989,=27.6163,=34.6442,=43.3063,=58.6698,=4.3883,=0.8874,=1.9674,=2.4618,=3.2922,=4.0331,=5.6742,=3.0923,=0.9608,=1.2505,=1.8092,=2.1803,=2.6524,=3.9991,=0.0116,=0.5835,=0.0048,=0.0068,=0.0093,=0.0185,=0.0284,=0.0650,=0.0900,=0.0493,=566
="000936",中证电信,2009-07-03,=-0.0069,=12381.9464,=0.2456,=28.7100,=0.5699,=14.1836,=20.2178,=26.5906,=41.2993,=123.1725,=2.7281,=0.7419,=1.2149,=1.7612,=2.3409,=2.7951,=3.6232,=2.6457,=0.9769,=0.7463,=1.0354,=1.2760,=1.8362,=3.0800,=0.0213,=0.5872,=0.0019,=0.0063,=0.0097,=0.0319,=0.0507,=0.0572,=0.0913,=0.0557,=341
="980080",成长100,2012-12-28,,,=0.2450,=60.7130,=0.7392,=39.4731,=45.3064,=50.3302,=64.4287,=83.5146,=6.6267,=0.7234,=3.0437,=3.6680,=5.7535,=6.9075,=9.2690,=3.5969,=0.6803,=2.0191,=2.4194,=3.1392,=4.4910,=5.8594,=0.0038,=0.1088,=0.0025,=0.0049,=0.0056,=0.0069,=0.0087,=0.1077,=0.1452,=0.0594,=276
="931248",油气资源,2023-06-12,=-0.0043,=1134.3814,=0.2414,=13.6219,=0.8237,=8.9017,=10.2516,=11.3786,=13.3188,=19.0700,=1.4057,=0.8520,=1.0292,=1.1531,=1.2283,=1.3705,=1.8318,=0.7745,=0.9009,=0.4486,=0.5187,=0.5952,=0.6852,=0.9774,=0.0367,=0.1570,=0.0285,=0.0389,=0.0457,=0.0496,=0.0548,=0.0623,=0.0906,=0.0516,=57
="931380",科技50,2019-11-25,=-0.0201,=3898.9996,=0.2340,=42.1350,=0.3989,=22.4426,=31.3478,=46.2116,=56.4887,=71.9143,=5.7188,=0.5536,=2.7627,=3.8814,=5.5124,=7.3375,=9.9144,=4.9459,=0.6151,=2.1802,=3.0796,=4.2024,=5.6472,=7.7525,=0.0092,=0.7284,=0.0035,=0.0051,=0.0076,=0.0104,=0.0163,=0.0675,=0.0951,=0.0452,=950
="931165",新兴科技100,2019-04-25,=-0.0112,=10495.5870,=0.2333,=40.6968,=0.8117,=17.0055,=23.4873,=29.8523,=40.2875,=67.3989,=9.2432,=0.9479,=3.5721,=4.3441,=5.5177,=7.6627,=13.6689,=8.5407,=0.9456,=3.0368,=3.6601,=4.8699,=6.4911,=12.4159,=0.0069,=0.2085,=0.0047,=0.0067,=0.0091,=0.0149,=0.0264,=0.1525,=0.1919,=0.0958,=521
="931866",中证机床,2022-05-09,=-0.0297,=2199.6097,=0.2266,=51.3485,=0.7485,=28.6086,=36.9951,=40.8914,=56.7978,=85.2007,=6.1774,=0.8928,=2.8302,=3.7682,=4.3523,=5.2335,=9.1263,=4.7886,=0.8450,=2.4023,=3.1615,=3.4448,=4.4396,=7.3925,=0.0066,=0.2193,=0.0043,=0.0065,=0.0077,=0.0097,=0.0146,=0.0788,=0.1022,=0.0544,=167
="000688",科创50,2020-07-23,=-0.0219,=1647.5300,=0.2257,=142.9160,=0.8198,=35.5957,=42.6920,=72.1936,=138.7232,=263.7183,=7.7447,=0.9163,=2.9443,=4.2479,=4.9112,=6.8674,=10.5365,=9.8576,=0.8111,=3.1319,=4.5963,=5.6288,=9.7634,=13.6380,=0.0022,=0.0351,=0.0016,=0.0030,=0.0045,=0.0071,=0.0110,=0.0354,=0.0347,=0.0153,=8290
="000994",全指电信,2011-08-02,=-0.0060,=13630.2047,=0.2237,=29.1182,=0.4025,=17.6024,=21.7761,=33.6348,=52.5075,=109.2407,=2.7943,=0.6569,=1.3865,=1.8410,=2.5290,=3.0226,=3.7766,=2.6515,=0.9703,=0.9155,=1.2459,=1.5505,=1.9039,=3.1271,=0.0206,=0.6140,=0.0022,=0.0055,=0.0084,=0.0296,=0.0398,=0.0579,=0.0895,=0.0556,=234
="000993",全指信息,2011-08-02,=-0.0263,=10385.3600,=0.2237,=55.1735,=0.5765,=27.3163,=42.0292,=52.3360,=68.2638,=96.2351,=6.4399,=0.9691,=2.5265,=3.2907,=4.0167,=4.7003,=8.9424,=3.8433,=0.9006,=1.8009,=2.3376,=2.8251,=3.4660,=5.3826,=0.0055,=0.2977,=0.0039,=0.0053,=0.0064,=0.0084,=0.0117,=0.0622,=0.0751,=0.0332,=4104
="000935",中证信息,2009-07-03,=-0.0257,=7848.1500,=0.2228,=55.1302,=0.7934,=22.3783,=36.3294,=44.9593,=55.3834,=87.4284,=6.4500,=0.9687,=2.5910,=3.3282,=4.0442,=4.8716,=8.9117,=3.7577,=0.8792,=1.7187,=2.2023,=2.7264,=3.5199,=5.2392,=0.0057,=0.1476,=0.0042,=0.0059,=0.0072,=0.0094,=0.0127,=0.0609,=0.0833,=0.0345,=1126
="399610",TMT50,2010-11-08,=-0.0203,=11711.1400,=0.2222,=38.3481,=0.5155,=21.0331,=30.1605,=38.0622,=46.3047,=64.7172,=6.1392,=0.9468,=2.4071,=3.2240,=4.0363,=5.2175,=8.4969,=3.2773,=0.6631,=1.5843,=2.0120,=2.7280,=3.6798,=4.6782,=0.0075,=0.4223,=0.0046,=0.0061,=0.0080,=0.0121,=0.0161,=0.0881,=0.1080,=0.0497,=525
="931494",消费电子,2020-06-12,=-0.0276,=6211.8457,=0.2213,=49.3632,=0.7261,=20.2625,=32.2268,=38.7873,=52.3699,=77.9188,=5.8176,=0.9430,=2.1307,=2.8233,=3.5549,=5.1258,=7.9404,=2.7474,=0.8654,=1.3000,=1.6508,=2.0041,=2.6271,=3.9249,=0.0062,=0.2507,=0.0040,=0.0058,=0.0082,=0.0109,=0.0138,=0.0590,=0.0807,=0.0373,=233
="930850",智能制造,2016-07-20,=-0.0216,=5813.3937,=0.2144,=49.8996,=0.7764,=23.4329,=32.7239,=41.8292,=50.4214,=78.5602,=5.8388,=0.9492,=2.5370,=3.5225,=4.1732,=5.0968,=7.7199,=3.3983,=0.7497,=1.5919,=2.3565,=2.7967,=3.5808,=5.3954,=0.0067,=0.3257,=0.0050,=0.0062,=0.0077,=0.0101,=0.0146,=0.0625,=0.0857,=0.0387,=366
="399296",创成长,2019-01-23,=-0.0202,=7552.2000,=0.2118,=34.5770,=0.2782,=22.4911,=30.9917,=43.3239,=63.7068,=104.6935,=7.6893,=0.5992,=3.9463,=4.9552,=7.0976,=10.6535,=14.9802,=4.8683,=0.3666,=2.5417,=3.4802,=5.8151,=11.8813,=17.3385,=0.0081,=0.7017,=0.0016,=0.0028,=0.0063,=0.0105,=0.0200,=0.1410,=0.2040,=0.0851,=1086
="000915",300信息,2007-07-02,=-0.0255,=3938.5444,=0.2116,=48.1772,=0.7934,=20.6178,=34.5626,=39.8259,=48.3468,=75.5831,=6.5785,=0.9534,=2.7398,=3.5399,=4.3483,=5.5914,=9.0762,=3.2348,=0.5039,=1.6744,=2.1697,=3.2051,=4.0547,=4.9963,=0.0067,=0.3002,=0.0049,=0.0061,=0.0077,=0.0100,=0.0144,=0.0690,=0.0971,=0.0383,=22
="980030",消费电子,2015-02-17,=-0.0264,=8796.7800,=0.2107,=39.7448,=0.5144,=18.6467,=31.8484,=39.2432,=47.8489,=65.6114,=4.2768,=0.7965,=2.0026,=2.6001,=3.0325,=4.2884,=6.3059,=2.2186,=0.7453,=1.1413,=1.4007,=1.5854,=2.3771,=3.4515,=0.0069,=0.2590,=0.0040,=0.0066,=0.0082,=0.0110,=0.0143,=0.0529,=0.0648,=0.0332,=390
="930792",HK银行,2016-04-22,=0.0077,=5328.5308,=0.2087,=7.3148,=0.9127,=3.2659,=4.4606,=5.8966,=6.8524,=9.5632,=0.7016,=0.6718,=0.3905,=0.4962,=0.6240,=0.8006,=1.0771,=2.7143,=0.9773,=1.0519,=1.5163,=1.8837,=2.4477,=3.1066,=0.0430,=0.0329,=0.0355,=0.0498,=0.0562,=0.0743,=0.1045,,=0.0901,=0.0459,=763
="H30198",油气产业,2013-07-15,=-0.0050,=2539.9052,=0.2058,=13.9754,=0.4896,=7.8064,=10.9023,=14.2233,=25.3572,=104.2111,=1.5182,=0.9749,=0.6580,=0.8185,=1.1522,=1.2689,=1.8532,=0.8099,=0.9783,=0.2505,=0.3230,=0.4840,=0.5962,=0.9554,=0.0338,=0.1899,=0.0103,=0.0346,=0.0426,=0.0469,=0.0704,=0.0677,=0.0868,=0.0494,=123
="000986",全指能源,2011-08-02,=-0.0131,=2806.4600,=0.2023,=14.6687,=0.6161,=6.8032,=9.9968,=13.3499,=18.8505,=75.0146,=1.4926,=0.9662,=0.7554,=0.9688,=1.1788,=1.3211,=1.7977,=0.9077,=0.9711,=0.3323,=0.4459,=0.5657,=0.7317,=1.0524,=0.0361,=0.2355,=0.0098,=0.0348,=0.0439,=0.0544,=0.0769,=0.0593,=0.0918,=0.0507,=612
="931071",人工智能,2018-11-21,=-0.0066,=2719.7732,=0.2006,=50.3730,=0.5506,=30.9003,=39.8487,=48.8413,=57.4020,=77.4016,=8.4272,=0.9128,=2.9559,=3.9101,=4.7638,=5.9678,=11.5305,=5.0501,=0.8978,=2.2000,=2.8090,=3.2264,=4.1421,=9.3591,=0.0061,=0.4382,=0.0041,=0.0054,=0.0063,=0.0086,=0.0135,=0.0993,=0.1450,=0.0648,=1378
="000928",中证能源,2009-07-03,=-0.0145,=3536.2700,=0.2000,=14.1534,=0.5864,=6.9612,=9.7906,=13.1469,=18.9552,=68.9647,=1.4893,=0.9608,=0.7281,=0.9359,=1.1562,=1.3045,=1.8006,=0.8919,=0.9707,=0.3162,=0.4106,=0.5298,=0.7126,=1.0383,=0.0372,=0.2239,=0.0106,=0.0366,=0.0464,=0.0557,=0.0717,=0.0607,=0.0960,=0.0525,=1294
="931579",东证优势成长,2020-11-09,=-0.0236,=9140.3734,=0.1976,=25.5375,=0.6407,=7.9327,=14.3163,=19.3012,=30.4916,=61.0103,=5.5573,=0.7222,=0.9149,=2.6183,=3.4583,=5.9301,=9.3390,=3.9878,=0.8639,=1.1828,=2.0627,=2.4129,=3.6837,=6.0793,=0.0133,=0.4224,=0.0040,=0.0072,=0.0150,=0.0285,=0.0527,=0.1274,=0.1983,=0.0660,=156
="399285",物联网50,2020-02-18,=-0.0121,=7526.7600,=0.1916,=36.2839,=0.6963,=21.8675,=26.4829,=31.8904,=38.8463,=48.9860,=5.3974,=0.8203,=2.6765,=3.4181,=4.0589,=5.3506,=6.9158,=3.4346,=0.9085,=1.7407,=2.0253,=2.4714,=3.1494,=4.3982,=0.0122,=0.5133,=0.0076,=0.0096,=0.0121,=0.0147,=0.0214,=0.0846,=0.1364,=0.0709,=94
="CN5075",国证信创,2015-02-16,,,=0.1900,=71.5793,=0.3955,=39.3034,=50.0719,=78.2880,=124.3213,=152.0158,=7.8038,=0.8606,=3.0386,=3.5838,=5.2956,=7.4486,=10.9595,=5.9769,=0.8576,=2.8415,=3.7118,=4.4609,=5.6391,=8.6847,=0.0026,=0.1242,=0.0018,=0.0030,=0.0057,=0.0078,=0.0108,=0.0739,=0.0598,=0.0281,=32
="000171",新兴成指,2017-01-25,=-0.0176,=2183.0079,=0.1831,=31.1745,=0.6804,=15.0335,=20.3872,=24.9530,=36.1698,=63.8139,=4.8677,=0.5976,=2.6324,=3.2938,=4.3699,=6.2811,=10.8185,=4.2362,=0.7610,=1.3680,=2.1233,=2.8053,=4.4559,=8.5894,=0.0126,=0.5075,=0.0042,=0.0073,=0.0126,=0.0195,=0.0271,=0.0954,=0.1371,=0.0669,=208
="000689",科创材料,2022-08-15,=-0.0424,=1434.0100,=0.1828,=159.4192,=0.8420,=38.7753,=45.5454,=88.3746,=152.5457,=281.6880,=5.4779,=0.9205,=1.9307,=2.6358,=3.4150,=4.5265,=8.5314,=6.3399,=0.8552,=2.1963,=3.1435,=4.0651,=5.6560,=10.7722,=0.0030,=0.0775,=0.0019,=0.0044,=0.0064,=0.0078,=0.0117,=0.0260,=0.0258,=0.0159,=48
="H30535",互联网,2015-01-12,=-0.0078,=5733.0268,=0.1823,=42.6223,=0.6499,=14.4753,=21.2089,=36.5547,=48.9065,=67.6316,=6.7374,=0.9678,=1.7453,=2.4476,=3.2898,=4.1266,=9.0569,=3.8829,=0.9518,=1.1519,=1.6628,=2.0203,=2.9013,=5.2637,=0.0072,=0.1769,=0.0048,=0.0073,=0.0108,=0.0121,=0.0190,=0.0990,=0.1165,=0.0500,=29
="000680",科创综指,2025-01-20,=-0.0235,=1933.1400,=0.1811,=138.9063,=0.1151,=115.7401,=168.1485,=208.9380,=231.4430,=278.5830,=6.2669,=0.8133,=3.4337,=3.9811,=5.2766,=6.1881,=8.0513,=8.1169,=0.7698,=4.7291,=5.5130,=7.2223,=8.1883,=10.6066,=0.0029,=0.1739,=0.0023,=0.0029,=0.0037,=0.0050,=0.0065,=0.0286,=0.0261,=0.0124,=243
="932456",科创创业AI,2025-05-14,=-0.0090,=3435.9458,=0.1810,=72.8712,=0.0093,=72.6917,=107.7982,=116.1683,=130.1458,=192.3777,=11.8818,=0.7196,=6.1464,=8.2263,=10.5901,=13.0121,=17.0303,=12.0775,=0.2118,=9.0747,=11.7383,=14.4859,=15.8017,=18.3647,=0.0024,=0.7975,=0.0016,=0.0018,=0.0019,=0.0024,=0.0030,=0.1046,=0.0985,=0.0422,=81
="932038",央企科技引领,2022-11-16,=-0.0152,=1761.1486,=0.1767,=70.8424,=0.7337,=31.0707,=37.9512,=45.3572,=77.6798,=100.6860,=5.2736,=0.8511,=2.7684,=3.4976,=3.9967,=5.0149,=6.8336,=5.7046,=0.8391,=2.3932,=3.1707,=3.9546,=5.5094,=7.0751,=0.0058,=0.1674,=0.0042,=0.0061,=0.0084,=0.0107,=0.0151,=0.0352,=0.0636,=0.0271,=43
="931159",创新100,2019-05-16,=-0.0153,=3986.9076,=0.1724,=36.0515,=0.4814,=24.8309,=32.3553,=36.3707,=46.3180,=59.7307,=5.2232,=0.6998,=2.9189,=3.7026,=4.3990,=5.5674,=7.4325,=4.4035,=0.7077,=2.3351,=3.1747,=3.8206,=4.8703,=6.6085,=0.0098,=0.6117,=0.0044,=0.0062,=0.0089,=0.0126,=0.0177,=0.0789,=0.1244,=0.0662,=234
="000958",创业成长,2010-03-24,,,=0.1715,=39.1196,=0.9435,=11.9506,=17.5032,=24.3293,=30.6864,=61.3903,=9.6746,=0.9682,=2.6815,=3.7899,=5.1668,=6.4151,=14.5711,=5.4835,=0.9596,=1.2937,=1.9105,=2.5442,=3.9715,=7.7463,=0.0061,=0.1353,=0.0040,=0.0066,=0.0090,=0.0140,=0.0209,=0.1560,=0.2198,=0.1117,=674
=".NDX",纳斯达克100指数,1969-12-31,,,=0.1666,,,,,,,,,,,,,,,,,,,,,,,,,,,,,,,=0.1486,=4742
="HSHK35",恒生香港35,2003-01-20,=-0.0131,=3312.7100,=0.1606,=14.8267,=0.5433,=9.7413,=12.2188,=14.4734,=17.6563,=47.6465,=1.3178,=0.9732,=0.7649,=0.9601,=1.1023,=1.2379,=1.3663,=3.4548,=0.9171,=2.1814,=2.5966,=2.9112,=3.1978,=3.7366,=0.0366,=0.3226,=0.0206,=0.0332,=0.0388,=0.0462,=0.0628,,,=0.0380,=115
="931643",科创创业50,2021-06-01,=-0.0176,=2307.2287,=0.1566,=52.0152,=0.6549,=22.6109,=28.8295,=40.3863,=59.8907,=92.9106,=7.2164,=0.7812,=3.3216,=4.2206,=5.2228,=7.5359,=12.1685,=6.7419,=0.7263,=2.7030,=3.4264,=4.6655,=7.4396,=14.6821,=0.0065,=0.4259,=0.0024,=0.0040,=0.0074,=0.0115,=0.0174,=0.0834,=0.1190,=0.0543,=2043
="930713",CS人工智,2015-07-31,=-0.0055,=6087.1915,=0.1524,=49.1324,=0.3245,=24.8131,=43.8200,=53.2403,=62.3443,=90.1869,=7.8051,=0.9621,=2.8384,=3.9100,=4.7027,=5.4124,=10.4087,=4.6416,=0.8788,=2.3148,=3.1674,=3.7880,=4.3096,=6.3979,=0.0063,=0.5509,=0.0041,=0.0051,=0.0061,=0.0078,=0.0120,=0.0894,=0.1245,=0.0501,=1090
="399326",成长40,2006-01-24,=-0.0222,=7327.3000,=0.1508,=26.0322,=0.3955,=11.4413,=22.5069,=27.6679,=33.2868,=67.8360,=5.6895,=0.6924,=2.3502,=3.7081,=4.7246,=6.5226,=10.3842,=3.3841,=0.6021,=1.6605,=2.3239,=3.0596,=3.9346,=5.1844,=0.0114,=0.7052,=0.0046,=0.0073,=0.0096,=0.0135,=0.0218,=0.1406,=0.2161,=0.0931,=275
="931582",数字经济,2020-11-09,=-0.0184,=1696.5132,=0.1491,=54.2927,=0.5953,=35.0365,=44.0321,=50.5559,=66.7978,=88.8203,=7.1488,=0.8604,=3.4564,=4.9334,=5.7009,=6.7165,=9.8458,=6.4755,=0.6442,=2.4970,=3.9768,=5.8935,=7.6589,=11.8341,=0.0046,=0.1573,=0.0032,=0.0047,=0.0057,=0.0066,=0.0087,=0.0766,=0.0954,=0.0433,=191
="399667",创业成长,2013-01-07,=-0.0176,=6350.2800,=0.1490,=32.1974,=0.2701,=21.3636,=29.5830,=38.3469,=51.7989,=90.9628,=6.1931,=0.6911,=2.9224,=4.0916,=4.8759,=7.5404,=10.8589,=4.8826,=0.5654,=2.4713,=3.4035,=4.6724,=6.6636,=10.3001,=0.0095,=0.7918,=0.0027,=0.0042,=0.0064,=0.0096,=0.0182,=0.1116,=0.1635,=0.0819,=104
="000699",科创200,2024-08-20,=-0.0232,=1515.3300,=0.1482,=152.6472,=0.1220,=128.9087,=171.4983,=230.8319,=308.5434,=388.1174,=4.2693,=0.6423,=1.9770,=3.0375,=3.9761,=4.8619,=5.6874,=6.1336,=0.4878,=3.3605,=5.1394,=6.1792,=7.4517,=8.4376,=0.0046,=0.3841,=0.0033,=0.0040,=0.0049,=0.0067,=0.0100,=0.0171,=0.0165,=0.0098,=154
="HSSSHID",恒生沪深港创新药精选50指数,2020-03-01,=-0.0032,=8607.4500,=0.1481,=30.8709,=0.2558,=23.4861,=29.5625,=35.4704,=51.4890,=94.0285,=4.0817,=0.6063,=2.0729,=2.8208,=3.7634,=6.3215,=8.4497,=5.8700,=0.7673,=1.3432,=1.9024,=3.7171,=6.0071,=8.1459,=0.0084,=0.4587,=0.0033,=0.0050,=0.0087,=0.0120,=0.0157,=0.0807,=0.1198,=0.0708,=295
="950333",智选创新价值,2024-09-25,=-0.0182,=2604.5929,=0.1461,=339.9019,=0.3034,=62.6254,=109.6790,=-10244.1394,=-367.4913,=5158.8110,=4.2199,=0.9188,=1.6564,=2.1689,=2.6094,=3.0983,=5.3226,=5.1347,=0.8974,=1.6015,=2.1376,=2.7459,=3.1251,=6.7566,=0.0027,=0.1154,=0.0019,=0.0052,=0.0068,=0.0103,=0.0136,=0.0142,=-0.0164,=0.0020,=19
="931785",智选沪深港科技50,2025-06-27,=-0.0199,=2731.4951,=0.1455,=40.4180,=0.7282,=31.7791,=35.3850,=37.5435,=41.7128,=55.2390,=4.9584,=0.5772,=3.8679,=4.4205,=4.8561,=5.4416,=6.1942,=3.3125,=0.6544,=2.2695,=2.6346,=3.0409,=3.4949,=4.0650,=0.0055,=0.1309,=0.0046,=0.0071,=0.0077,=0.0090,=0.0100,=0.0654,=0.1262,=0.0578,=12
="399374",中盘成长,2010-01-04,=-0.0149,=5205.7100,=0.1387,=26.8146,=0.7328,=12.0664,=16.7038,=22.9694,=27.5709,=34.9289,=3.9138,=0.9270,=1.8942,=2.4100,=3.1265,=3.6319,=4.6865,=2.5382,=0.8309,=0.9013,=1.6610,=2.2043,=2.4826,=3.0491,=0.0126,=0.3847,=0.0084,=0.0109,=0.0145,=0.0210,=0.0349,=0.0845,=0.1248,=0.0613,=204
="931250",港股通创新药,2012-07-20,=-0.0056,=1142.2621,=0.1369,=33.7451,=0.3030,=21.4435,=32.6128,=36.5509,=44.0907,=63.0533,=3.6455,=0.7066,=1.5232,=1.8448,=2.3734,=3.8358,=4.5255,=5.9431,=0.6680,=1.4727,=1.7765,=2.3657,=6.5262,=7.7209,=0.0081,=0.3209,=0.0059,=0.0076,=0.0133,=0.0162,=0.0196,=0.0728,=0.1071,=0.0564,=138
="1000008",沪深B股,1994-01-10,=-0.0262,=288.3100,=0.1359,=24.6270,=0.6845,=7.0835,=12.9417,=17.5058,=30.7740,=97.5837,=0.8116,=0.3707,=0.6594,=0.7810,=0.8407,=1.0113,=1.4976,=0.5402,=0.6384,=0.3777,=0.4474,=0.5016,=0.5819,=1.1545,=0.0453,=0.8590,=0.0157,=0.0282,=0.0360,=0.0437,=0.1455,,=0.0269,=0.0232,=371
="000151",上国红利,2012-07-20,=-0.0072,=1732.6200,=0.1342,=9.0322,=0.9893,=4.5075,=5.3657,=6.9942,=7.9452,=10.0345,=0.8026,=0.6268,=0.5268,=0.6189,=0.7506,=0.9626,=1.3272,=1.1081,=0.5501,=0.6026,=0.8953,=1.0750,=1.3004,=1.6854,=0.0418,=0.0639,=0.0346,=0.0444,=0.0513,=0.0650,=0.0754,=0.0453,=0.0803,=0.0499,=241
="930967",港股通信息C,2017-06-23,=-0.0088,=5213.1146,=0.1327,=57.1380,=0.9529,=9.7009,=25.9177,=35.1447,=45.6802,=82.6684,=3.7007,=0.4921,=1.0827,=1.5131,=3.7953,=5.9154,=9.2789,=1.6667,=0.4916,=0.3926,=0.6360,=1.7297,=4.3710,=6.3504,=0.0043,=0.1282,=0.0029,=0.0047,=0.0058,=0.0110,=0.0212,,=0.0910,=0.0436,=17
="399970",移动互联,2014-05-05,=-0.0142,=5051.5100,=0.1323,=42.5721,=0.6025,=21.2604,=32.0602,=40.2094,=49.2744,=64.0807,=4.9904,=0.6977,=2.3944,=3.2977,=4.0649,=5.7108,=7.9573,=2.7075,=0.5971,=1.5790,=2.0679,=2.5539,=3.2402,=4.6665,=0.0080,=0.4668,=0.0043,=0.0058,=0.0082,=0.0107,=0.0143,=0.0619,=0.0808,=0.0398,=474
="H11140",香港红利,2009-07-23,=0.0047,=4133.7092,=0.1320,=7.5977,=0.7860,=3.0693,=4.4494,=5.9820,=7.7020,=13.9623,=0.7262,=0.6494,=0.3833,=0.5103,=0.6294,=0.8658,=1.1652,=1.2063,=0.7094,=0.5431,=0.7455,=0.9723,=1.3212,=2.1349,=0.0509,=0.1155,=0.0382,=0.0554,=0.0633,=0.0876,=0.1281,=0.0477,=0.0912,=0.0482,=55
="000962",中证中游,2010-04-16,,,=0.1315,=32.0850,=0.8680,=12.7529,=17.3536,=20.1642,=27.2879,=43.3218,=3.2536,=0.9670,=1.5782,=1.9009,=2.2523,=2.6153,=4.0998,=1.6201,=0.9691,=0.6672,=0.8352,=0.9918,=1.1441,=2.0187,=0.0114,=0.2445,=0.0081,=0.0108,=0.0151,=0.0183,=0.0221,=0.0511,=0.0826,=0.0418,=17
="399439",国证油气,2014-12-30,=-0.0031,=2177.6200,=0.1308,=13.5699,=0.4788,=7.2448,=10.6844,=14.1277,=28.3557,=98.7831,=1.4132,=0.9476,=0.6716,=0.7849,=1.1567,=1.2718,=1.8382,=0.7724,=0.9687,=0.2370,=0.3183,=0.5042,=0.6032,=0.9735,=0.0368,=0.2482,=0.0101,=0.0351,=0.0425,=0.0469,=0.0731,=0.0623,=0.0921,=0.0521,=109
="931718",高端造质量成长50,2021-08-25,=-0.0162,=3267.3096,=0.1306,=35.9211,=0.7292,=16.3078,=22.1915,=29.0392,=37.0006,=49.4696,=6.2238,=0.8222,=3.1255,=3.9476,=4.8843,=6.0714,=8.5001,=4.2705,=0.8551,=1.7207,=2.2555,=3.0346,=3.8480,=5.6653,=0.0096,=0.3959,=0.0046,=0.0067,=0.0109,=0.0149,=0.0205,=0.0895,=0.1450,=0.0725,=31
="399803",工业4.0,2015-02-13,=-0.0168,=6077.9600,=0.1299,=38.1073,=0.5340,=19.7294,=27.9595,=36.1500,=46.6920,=61.8732,=4.8391,=0.6165,=2.6645,=3.4308,=4.3466,=5.6549,=8.0266,=2.2340,=0.3744,=1.5023,=2.0108,=2.5081,=3.2116,=4.4565,=0.0099,=0.5513,=0.0032,=0.0062,=0.0089,=0.0123,=0.0202,=0.0655,=0.1072,=0.0509,=489
="931787",港股创新药,2018-08-14,=-0.0061,=1415.3744,=0.1268,=33.7451,=0.3277,=20.8973,=29.6155,=43.0455,=79.0199,=400.8209,=3.6455,=0.6713,=1.5132,=2.3087,=2.9863,=4.1189,=5.7621,=5.9431,=0.8806,=0.8553,=1.3293,=2.0997,=3.3983,=7.7308,=0.0081,=0.3465,=0.0045,=0.0069,=0.0102,=0.0136,=0.0202,=0.0728,=0.1071,=0.0561,=805
="000908",300能源,2007-07-02,=-0.0134,=2663.6085,=0.1268,=13.6026,=0.5353,=6.9395,=9.4585,=13.0370,=19.3296,=62.7889,=1.5100,=0.9662,=0.7125,=0.8868,=1.1388,=1.2919,=1.8071,=0.8932,=0.9732,=0.3053,=0.3856,=0.5108,=0.6971,=1.0302,=0.0391,=0.2404,=0.0113,=0.0382,=0.0494,=0.0598,=0.0754,=0.0635,=0.1004,=0.0549,=273
="930758",凤凰50,2018-11-21,=0.0056,=8967.8275,=0.1257,=14.3373,=0.5729,=8.6050,=10.8313,=13.6130,=15.7284,=22.7753,=1.9494,=0.7186,=1.0496,=1.4452,=1.6764,=2.0731,=3.0708,=2.2552,=0.9163,=0.3622,=0.7538,=1.3284,=1.9146,=3.4064,=0.0319,=0.8580,=0.0097,=0.0229,=0.0283,=0.0307,=0.0478,=0.0700,=0.1135,=0.0671,=74
="HSSCHKC",恒生港股通香港公司指数,2017-11-20,=-0.0144,=3491.1700,=0.1234,=13.9996,=0.4491,=9.9660,=12.2538,=14.3809,=17.9544,=45.2058,=1.3458,=0.9667,=0.8018,=0.9566,=1.1013,=1.2533,=1.4044,=3.3593,=0.9843,=1.7566,=2.0798,=2.3970,=2.7975,=3.5613,=0.0360,=0.3104,=0.0202,=0.0341,=0.0389,=0.0465,=0.0626,,,=0.0392,=14
=".INX",标普500,1957-03-04,=-0.0033,=7686.1400,=0.1228,=26.0874,=0.6201,=15.6907,=21.8435,=24.3342,=28.6972,=42.9883,=5.5616,=0.9673,=2.4601,=3.2607,=4.0038,=4.8574,=5.7725,=3.5894,=0.9757,=1.5801,=2.1100,=2.4185,=3.0628,=3.6930,=0.0102,=0.0346,=0.0097,=0.0121,=0.0158,=0.0192,=0.0253,,,=0.0949,=9633
="000066",上证商品,2010-04-30,=-0.0107,=3953.5700,=0.1209,=14.8884,=0.4870,=7.9120,=11.1675,=15.0010,=22.5927,=53.3084,=1.8290,=0.9670,=0.9403,=1.2112,=1.3417,=1.5093,=2.2405,=1.0219,=0.9649,=0.4082,=0.5256,=0.6498,=0.7843,=1.2223,=0.0318,=0.3320,=0.0093,=0.0292,=0.0357,=0.0466,=0.0603,=0.0732,=0.1091,=0.0584,=88
="931235",中证电信,2022-07-21,=0.0016,=3037.8272,=0.1203,=30.0487,=0.9088,=15.5242,=18.8253,=21.6442,=26.7535,=36.3009,=2.8580,=0.9259,=0.8741,=1.6431,=1.9465,=2.3810,=3.4857,=2.6788,=0.9339,=0.6427,=1.4134,=1.7301,=2.2006,=3.2153,=0.0199,=0.1293,=0.0135,=0.0241,=0.0301,=0.0336,=0.0573,=0.0568,=0.0917,=0.0560,=63
="987016",港股通红利低波,2021-11-18,,,=0.1194,=7.6410,=0.9520,=3.4544,=4.3180,=5.0384,=6.9250,=8.0054,=0.7447,=0.9949,=0.4152,=0.4893,=0.5424,=0.6706,=0.7549,=1.1377,=0.8388,=0.5827,=0.6615,=0.8057,=1.1162,=1.3012,=0.0523,=0.0515,=0.0488,=0.0587,=0.0808,=0.0923,=0.1160,=0.0478,=0.0893,=0.0462,=180
="399991",一带一路,2015-02-16,=-0.0015,=3314.4000,=0.1182,=17.2906,=0.6854,=9.4567,=11.6727,=14.1012,=19.1755,=34.5905,=1.6174,=0.9518,=1.0035,=1.1547,=1.2474,=1.4569,=1.7874,=0.7009,=0.9398,=0.3598,=0.4252,=0.4777,=0.6201,=0.7793,=0.0235,=0.2957,=0.0109,=0.0218,=0.0280,=0.0340,=0.0441,=0.0495,=0.0795,=0.0442,=585
="000015",红利指数,2005-01-04,=-0.0023,=3396.1500,=0.1180,=9.0751,=0.9827,=4.6646,=5.5108,=7.0875,=8.1074,=10.4439,=0.8789,=0.6623,=0.5525,=0.6398,=0.7654,=1.0133,=1.3875,=1.5247,=0.9765,=0.7277,=0.8913,=1.1484,=1.3543,=1.6890,=0.0400,=0.1010,=0.0330,=0.0427,=0.0514,=0.0644,=0.0757,=0.0478,=0.0885,=0.0409,=14287
="930939",500质量,2018-11-21,=-0.0082,=23703.3991,=0.1166,=18.9214,=0.7668,=10.4098,=14.0212,=16.2032,=19.4646,=27.8330,=2.2433,=0.5140,=1.6614,=2.0722,=2.2364,=2.4790,=3.9191,=2.0333,=0.9120,=0.9583,=1.2000,=1.4641,=1.8537,=2.9319,=0.0180,=0.3492,=0.0117,=0.0164,=0.0196,=0.0252,=0.0319,=0.0639,=0.1144,=0.0638,=469
="H30106",H300金融服务,2013-05-21,=0.0024,=1686.4258,=0.1142,=6.8525,=0.4655,=4.0175,=5.3642,=6.9954,=7.7675,=11.1922,=0.7806,=0.5949,=0.4470,=0.5777,=0.7401,=0.9072,=1.2489,=1.9795,=0.8467,=0.8557,=1.1816,=1.4768,=1.9215,=2.3593,=0.0426,=0.1719,=0.0288,=0.0433,=0.0472,=0.0664,=0.0918,,=0.1014,=0.0500,=24
="930599",中证高装,2015-03-02,=-0.0164,=9391.1429,=0.1142,=40.8966,=0.7142,=19.5438,=27.7467,=34.6585,=45.1081,=65.7817,=4.3117,=0.9476,=1.8509,=2.5592,=3.1126,=3.7620,=5.5770,=2.4255,=0.8016,=1.2322,=1.6106,=1.9489,=2.4244,=3.1551,=0.0090,=0.4635,=0.0049,=0.0067,=0.0092,=0.0120,=0.0171,=0.0557,=0.0865,=0.0428,=122
="931186",中证科技,2019-05-30,=-0.0124,=7446.3280,=0.1125,=33.2861,=0.3360,=19.1938,=30.4485,=36.2817,=46.3979,=73.9401,=4.5231,=0.4767,=2.6301,=3.6266,=4.5809,=6.3331,=8.1242,=2.7626,=0.4852,=1.4264,=2.0965,=2.7963,=4.5181,=6.0737,=0.0114,=0.7361,=0.0037,=0.0054,=0.0086,=0.0128,=0.0201,=0.0662,=0.1226,=0.0581,=962
="930712",CS物联网,2015-07-31,=-0.0131,=4638.4314,=0.1122,=31.6215,=0.4660,=21.9217,=27.4652,=32.3710,=37.1538,=50.1215,=4.7265,=0.7485,=2.7515,=3.4472,=4.0807,=4.9792,=7.1882,=2.4782,=0.7885,=1.2084,=1.7388,=2.0107,=2.5506,=3.5102,=0.0131,=0.7175,=0.0070,=0.0089,=0.0113,=0.0139,=0.0190,=0.0871,=0.1340,=0.0721,=168
="931994",电网设备主题,2022-10-11,=-0.0100,=2802.9727,=0.1110,=30.6748,=0.8203,=15.6741,=20.2283,=23.1101,=29.7308,=44.9431,=2.9874,=0.8298,=1.9713,=2.2963,=2.4716,=2.8599,=4.2080,=2.0111,=0.8425,=1.2895,=1.4799,=1.6188,=1.8574,=2.7882,=0.0120,=0.2970,=0.0088,=0.0111,=0.0134,=0.0164,=0.0189,=0.0513,=0.0975,=0.0508,=311
="932069",港股通医疗主题,2022-07-21,=0.0073,=1095.5881,=0.1061,=37.2103,=0.7964,=20.9778,=26.4603,=30.9006,=37.4118,=51.0900,=2.4843,=0.7036,=1.4397,=1.6320,=2.0465,=2.6033,=3.0086,=1.4010,=0.7605,=0.6760,=0.7784,=0.9991,=1.4236,=1.6308,=0.0120,=0.4087,=0.0073,=0.0087,=0.0126,=0.0158,=0.0250,,=0.0584,=0.0495,=24
="399364",消费100,2009-08-03,=-0.0136,=11918.7600,=0.1042,=35.6741,=0.8166,=15.8540,=22.7544,=26.9124,=35.1972,=49.3766,=4.9646,=0.8042,=2.6561,=3.3005,=3.7810,=4.8960,=7.3266,=2.4767,=0.7828,=1.3127,=1.6798,=1.9231,=2.5443,=4.2956,=0.0122,=0.2461,=0.0070,=0.0116,=0.0159,=0.0191,=0.0241,=0.0714,=0.1191,=0.0654,=318
="931469",云计算50,2020-06-12,=0.0013,=4089.3160,=0.1041,=53.0196,=0.0497,=43.1726,=58.4199,=68.6826,=81.7054,=130.8911,=8.6987,=0.9317,=3.0031,=3.8958,=5.1324,=6.4424,=11.7205,=4.6903,=0.8840,=2.2186,=2.8948,=3.5421,=4.3278,=6.4913,=0.0031,=0.1252,=0.0021,=0.0033,=0.0042,=0.0056,=0.0085,=0.0988,=0.1212,=0.0461,=66
="930820",CS高端制,2016-05-11,=-0.0166,=9340.7798,=0.1033,=42.7505,=0.7773,=21.5994,=28.9923,=36.5742,=43.8020,=58.8118,=4.1280,=0.8701,=2.0597,=2.7148,=3.1883,=3.9207,=5.2414,=2.6371,=0.8664,=1.1980,=1.7166,=2.0514,=2.5017,=3.3599,=0.0088,=0.3179,=0.0055,=0.0081,=0.0098,=0.0124,=0.0171,=0.0535,=0.0816,=0.0422,=319
="HSSCHKY",恒生港股通高股息率指数,2019-11-01,=-0.0044,=2733.1500,=0.1031,=7.7005,=0.8990,=3.8979,=4.9540,=5.9616,=7.2896,=8.4533,=0.7142,=0.8776,=0.4277,=0.5185,=0.5817,=0.6881,=0.8197,=1.2276,=0.8960,=0.5333,=0.6995,=0.8878,=1.1338,=1.3442,=0.0500,=0.0172,=0.0482,=0.0561,=0.0665,=0.0838,=0.1067,,=0.0894,=0.0459,=507
="HSCSOE",恒生中国央企指数,2023-01-01,=-0.0003,=3949.2200,=0.0986,=7.6999,=0.7600,=4.9972,=5.5880,=6.2646,=7.7969,=8.5526,=0.7828,=0.8900,=0.5264,=0.5945,=0.6391,=0.7642,=0.8375,=0.9555,=0.8700,=0.5404,=0.5981,=0.6808,=0.9174,=1.0234,=0.0471,=0.0567,=0.0450,=0.0515,=0.0679,=0.0772,=0.0871,=0.0511,=0.0956,=0.0480,=119
="399291",创精选88,2019-11-06,=-0.0072,=5008.9000,=0.0964,=50.2036,=0.3835,=32.8940,=42.3163,=54.1097,=64.9653,=106.4385,=3.2400,=0.3780,=1.8895,=2.8624,=3.4014,=3.9126,=4.9331,=3.5030,=0.6755,=1.9655,=2.6319,=3.1266,=4.2776,=5.5728,=0.0094,=0.8002,=0.0042,=0.0052,=0.0072,=0.0094,=0.0134,=0.0357,=0.0556,=0.0303,=40
="932596",港股通红利低波,2016-02-04,,,=0.0943,=8.0715,=0.5751,=7.1792,=7.7927,=8.0184,=8.2526,=8.5745,=0.7536,=0.7554,=0.6528,=0.6973,=0.7306,=0.7557,=0.7956,=1.3915,=0.9442,=1.2161,=1.2851,=1.3333,=1.3665,=1.4305,=0.0478,=0.0258,=0.0473,=0.0491,=0.0524,=0.0547,=0.0579,=0.0463,=0.0894,,=106
="931409",SHS创新药,2020-02-20,=-0.0034,=2302.0278,=0.0915,=40.0360,=0.5109,=24.9819,=34.7081,=39.8064,=58.7417,=94.9889,=4.4419,=0.5726,=2.3431,=3.2934,=4.1594,=6.2952,=8.9149,=6.4874,=0.7760,=2.2896,=3.2172,=4.1030,=6.6160,=8.2645,=0.0087,=0.5424,=0.0036,=0.0052,=0.0084,=0.0113,=0.0166,=0.0772,=0.0994,=0.0625,=325
="H11146",港股通内地金融,2010-06-02,=0.0118,=1203.2015,=0.0913,=5.9533,=0.4809,=3.2759,=4.5177,=6.0360,=6.7500,=9.2347,=0.6470,=0.4728,=0.3797,=0.4938,=0.6577,=0.8726,=1.1859,=1.5835,=0.7762,=0.6692,=0.9478,=1.3187,=1.6010,=2.1885,=0.0452,=0.2453,=0.0302,=0.0445,=0.0500,=0.0726,=0.0994,,=0.0970,=0.0476,=49
="000805",A股资源,2012-01-06,=-0.0139,=7721.0046,=0.0890,=15.1693,=0.4662,=7.9265,=11.4609,=15.5605,=23.3442,=73.5792,=1.9414,=0.9637,=0.9200,=1.1959,=1.3702,=1.5310,=2.3735,=1.0661,=0.9600,=0.3865,=0.5298,=0.6350,=0.7881,=1.2754,=0.0301,=0.3219,=0.0090,=0.0281,=0.0342,=0.0454,=0.0580,=0.0782,=0.1115,=0.0593,=13
="HSBIO",恒生生物科技指数,2019-12-01,=-0.0062,=15419.0200,=0.0875,=31.7221,=0.2515,=20.8275,=30.6876,=53.4442,=136.9968,=62737.8398,=3.1734,=0.5596,=1.5084,=2.1655,=2.9370,=4.3496,=6.7821,=1.7948,=0.6600,=0.7434,=1.0999,=1.5434,=2.1290,=3.5303,=0.0106,=0.5921,=0.0037,=0.0061,=0.0096,=0.0133,=0.0198,,=0.1070,=0.0655,=689
="000068",上证资源,2010-05-28,=-0.0123,=4371.7800,=0.0857,=15.0192,=0.4907,=7.8012,=11.1450,=15.0913,=22.3746,=73.1997,=1.8470,=0.9695,=0.8674,=1.1479,=1.3191,=1.4945,=2.2515,=1.0146,=0.9641,=0.3742,=0.5012,=0.6088,=0.7777,=1.2220,=0.0314,=0.2581,=0.0094,=0.0299,=0.0360,=0.0471,=0.0635,=0.0738,=0.1097,=0.0590,=313
="932153",港股通价值策略,2025-04-30,=-0.0007,=1139.4828,=0.0846,=9.2822,=0.1273,=8.1696,=9.5526,=10.0628,=10.3611,=10.9237,=0.8248,=0.2606,=0.7012,=0.8177,=0.8737,=0.8991,=0.9365,=0.9901,=0.2576,=0.8168,=0.9667,=1.0230,=1.0617,=1.1126,=0.0432,=0.6182,=0.0397,=0.0413,=0.0428,=0.0446,=0.0538,,=0.0817,=0.0427,=16
="HSMCHYI",恒生中国内地企业高股息率指数,2019-09-01,=0.0017,=3013.9800,=0.0831,=7.2371,=0.8591,=3.7550,=5.0585,=5.8625,=6.9089,=7.9027,=0.7610,=0.8881,=0.4590,=0.5800,=0.6431,=0.7415,=0.8175,=1.1273,=0.9055,=0.5101,=0.6892,=0.8034,=0.9312,=1.2126,=0.0491,=0.0238,=0.0478,=0.0534,=0.0618,=0.0791,=0.1052,,=0.0995,=0.0500,=286
="930719",CS精准医,2015-08-05,=-0.0069,=2875.0283,=0.0815,=35.5093,=0.1128,=29.3195,=37.8080,=51.8090,=66.7843,=102.1078,=4.6990,=0.2551,=3.4982,=4.5550,=5.9752,=8.9321,=14.5104,=6.9444,=0.4117,=5.1956,=6.1923,=7.4064,=10.5820,=18.8625,=0.0074,=0.5928,=0.0022,=0.0041,=0.0068,=0.0105,=0.0164,=0.0753,=0.1091,=0.0540,=345
="930914",港股通高股息,2016-11-25,=-0.0030,=5314.4340,=0.0808,=8.2092,=0.8529,=3.4280,=4.4367,=5.9815,=7.8868,=11.1979,=0.7905,=0.7485,=0.3979,=0.5040,=0.6299,=0.8507,=1.1764,=1.2837,=0.8238,=0.5144,=0.7096,=0.9268,=1.2624,=2.2126,=0.0489,=0.0586,=0.0387,=0.0546,=0.0656,=0.0863,=0.1194,=0.0472,=0.0918,=0.0489,=774
="931142",东证竞争,2019-03-20,=-0.0022,=2005.6842,=0.0779,=18.2790,=0.8767,=9.8569,=11.9479,=14.0773,=16.2656,=27.8877,=2.9100,=0.8226,=1.5408,=1.7333,=2.0752,=2.6529,=4.6703,=2.8289,=0.8706,=0.9384,=1.2781,=1.7423,=2.3433,=3.1903,=0.0247,=0.4041,=0.0120,=0.0223,=0.0262,=0.0329,=0.0399,=0.0832,=0.1629,=0.0829,=219
="399996",智能家居,2014-09-17,=-0.0091,=4955.0500,=0.0779,=31.8972,=0.7068,=17.5405,=23.3761,=27.7580,=33.7975,=47.8369,=4.2723,=0.8685,=2.2523,=2.8549,=3.4652,=4.1093,=5.3919,=2.1766,=0.8371,=1.0942,=1.4673,=1.7629,=2.1077,=2.7965,=0.0141,=0.4899,=0.0087,=0.0108,=0.0142,=0.0175,=0.0235,=0.0682,=0.1118,=0.0573,=211
="931155",300质量成长,2019-04-22,,,=0.0774,=11.7876,=0.3167,=7.3805,=10.8179,=13.5634,=15.2201,=31.0699,=1.9721,=0.3358,=1.1055,=1.6667,=2.2400,=2.8018,=5.3844,=2.9249,=0.8976,=1.3218,=1.7769,=2.1929,=2.6515,=3.8395,=0.0267,=0.6206,=0.0092,=0.0212,=0.0254,=0.0312,=0.0464,=0.0883,=0.1462,=0.0662,=80
="931468",红利质量,2020-05-21,=-0.0054,=33903.1289,=0.0760,=16.2162,=0.2092,=12.5562,=16.1307,=18.6254,=21.8186,=36.4689,=2.9089,=0.2328,=2.1523,=2.8531,=3.7258,=4.6979,=8.5636,=3.4327,=0.6420,=1.9811,=2.3511,=2.9870,=3.9442,=5.8829,=0.0310,=0.6813,=0.0102,=0.0191,=0.0290,=0.0333,=0.0407,=0.1049,=0.1637,=0.0873,=1208
="931187",科技100,2019-05-30,=-0.0119,=4951.1186,=0.0730,=28.7410,=0.6322,=18.1467,=22.2206,=26.2999,=34.9859,=49.5031,=3.7644,=0.6476,=2.3703,=2.7969,=3.3728,=4.2477,=5.4633,=2.5713,=0.7157,=1.2579,=1.6402,=2.0797,=2.7173,=4.1304,=0.0127,=0.6078,=0.0052,=0.0083,=0.0119,=0.0140,=0.0184,=0.0693,=0.0911,=0.0562,=859
="930965",HKC医药C,2017-06-23,=-0.0052,=3473.8903,=0.0720,=36.7543,=0.5305,=18.1989,=25.7922,=33.6423,=71.8871,=6384.2329,=2.5889,=0.4527,=1.4216,=1.9503,=2.6918,=3.6847,=6.9841,=1.5255,=0.7014,=0.7160,=1.0334,=1.3356,=1.7174,=3.7092,=0.0109,=0.5063,=0.0038,=0.0079,=0.0109,=0.0142,=0.0248,,=0.0655,=0.0482,=162
="950580",上证580,2025-06-16,=-0.0126,=2100.7587,=0.0712,=55.2403,=0.0842,=50.4504,=59.0394,=67.4988,=71.3690,=79.6458,=2.3439,=0.4815,=1.8567,=2.2400,=2.3488,=2.6166,=2.8840,=1.7651,=0.2256,=1.5076,=1.7428,=1.8965,=1.9788,=2.1496,=0.0095,=0.5118,=0.0076,=0.0085,=0.0094,=0.0100,=0.0116,=0.0272,=0.0354,=0.0231,=11
="H30597",新材料,2015-02-13,=-0.0235,=4441.4392,=0.0706,=31.4060,=0.4619,=14.0729,=21.7626,=33.2554,=43.6165,=70.6085,=3.6145,=0.4685,=2.1817,=2.8826,=3.6689,=5.2685,=8.9168,=2.4047,=0.3485,=1.2938,=2.0086,=2.7296,=3.7927,=7.1680,=0.0139,=0.7604,=0.0037,=0.0059,=0.0108,=0.0146,=0.0237,=0.0670,=0.0908,=0.0430,=322
="931590",500成长创新,2020-11-09,=-0.0121,=28933.3198,=0.0654,=34.5284,=0.9603,=14.5054,=17.8192,=20.4149,=27.8213,=46.8480,=4.3263,=0.9625,=1.6442,=2.3267,=2.6668,=3.3235,=5.3919,=4.3532,=0.9618,=1.3106,=1.9867,=2.2877,=2.7670,=5.5640,=0.0092,=0.0361,=0.0074,=0.0127,=0.0169,=0.0210,=0.0252,=0.0744,=0.1277,=0.0650,=89
="000150",380红利,2012-07-20,=-0.0046,=12313.3200,=0.0653,=15.2555,=0.7736,=5.2545,=8.5513,=12.0903,=15.9057,=19.8070,=1.0677,=0.3212,=0.6172,=0.8678,=1.3402,=1.6378,=2.2090,=0.5068,=0.4788,=0.2775,=0.3623,=0.5270,=1.4800,=2.3204,=0.0443,=0.4874,=0.0247,=0.0355,=0.0447,=0.0581,=0.0734,=0.0386,=0.0377,=0.0287,=45
="931238",SSH黄金股票,2017-10-17,=-0.0106,=3459.6855,=0.0634,=15.9566,=0.0393,=13.5435,=18.3008,=23.2096,=35.5617,=92.1543,=3.6226,=0.9270,=1.4294,=1.8192,=2.0243,=2.3827,=6.0579,=1.1795,=0.9406,=0.3659,=0.4669,=0.5543,=0.6756,=1.9529,=0.0208,=0.7912,=0.0052,=0.0086,=0.0127,=0.0209,=0.0325,=0.1363,=0.1921,=0.0952,=369
="930716",CS物流,2015-07-31,=0.0031,=1248.1835,=0.0630,=16.1488,=0.3926,=6.6312,=13.0083,=18.1795,=33.4229,=505.8138,=1.2821,=0.1633,=1.1511,=1.2953,=1.9594,=2.5348,=3.8580,=0.4856,=0.6565,=0.2137,=0.3289,=0.4559,=0.6403,=1.0427,=0.0299,=0.6548,=0.0055,=0.0092,=0.0125,=0.0374,=0.0692,=0.0443,=0.0542,=0.0395,=248
="399276",创科技,2020-10-26,=-0.0146,=8601.4500,=0.0614,=32.8637,=0.3853,=20.4624,=26.5240,=37.7573,=56.5707,=84.1667,=6.0247,=0.5289,=3.5855,=4.4455,=5.8666,=8.4206,=12.0896,=4.8605,=0.5000,=2.4145,=3.3762,=4.8605,=8.3957,=12.2359,=0.0114,=0.6551,=0.0023,=0.0035,=0.0090,=0.0161,=0.0221,=0.1025,=0.1724,=0.0811,=12
="399006",创业板指,2010-06-01,=-0.0132,=3393.4300,=0.0594,=38.9218,=0.3518,=22.8885,=32.3387,=41.9604,=55.2938,=79.6826,=5.6633,=0.6751,=3.0035,=4.0151,=4.8501,=6.5359,=9.5804,=4.0581,=0.3493,=2.3312,=3.4103,=4.5050,=6.0364,=8.4805,=0.0093,=0.7695,=0.0032,=0.0049,=0.0065,=0.0098,=0.0180,=0.0875,=0.1330,=0.0661,=16847
="932039",央企股东回报,2022-11-16,=0.0032,=1680.7678,=0.0592,=12.9810,=0.9225,=8.0198,=9.7301,=11.0710,=12.0859,=13.8005,=1.2713,=0.9391,=0.8847,=1.0160,=1.1164,=1.1835,=1.4098,=0.8376,=0.9590,=0.3642,=0.4269,=0.5334,=0.6891,=0.8821,=0.0405,=0.0897,=0.0383,=0.0419,=0.0447,=0.0472,=0.0553,=0.0509,=0.0905,=0.0450,=136
="000092",资源50,2011-05-10,=-0.0116,=5167.6100,=0.0586,=14.8828,=0.4986,=7.9483,=11.3499,=14.8864,=21.9297,=52.0101,=1.9080,=0.9662,=0.9579,=1.2635,=1.4034,=1.5508,=2.3324,=1.0456,=0.9616,=0.4148,=0.5541,=0.6758,=0.7995,=1.2646,=0.0312,=0.3530,=0.0094,=0.0286,=0.0354,=0.0449,=0.0578,=0.0771,=0.1132,=0.0606,=40
="399315",巨潮中盘,2005-02-03,=-0.0113,=5031.7100,=0.0572,=37.5415,=0.9134,=14.3715,=18.4227,=22.9154,=29.8424,=49.3940,=2.5879,=0.8070,=1.5252,=1.8923,=2.1501,=2.5813,=3.0245,=1.9968,=0.9806,=0.8408,=1.2254,=1.4278,=1.6511,=2.3572,=0.0131,=0.3538,=0.0082,=0.0119,=0.0158,=0.0221,=0.0288,=0.0480,=0.0707,=0.0424,=21
="931403",品牌工程,2020-01-14,=-0.0070,=2086.8721,=0.0570,=25.8093,=0.3143,=18.7149,=24.0814,=28.9462,=43.5082,=69.9724,=3.9107,=0.1313,=3.2380,=4.0146,=4.8941,=7.6592,=10.9810,=3.0489,=0.2769,=2.2604,=2.9341,=3.3489,=4.7681,=7.2001,=0.0218,=0.7704,=0.0056,=0.0085,=0.0155,=0.0221,=0.0278,=0.0855,=0.1433,=0.0828,=125
="000009",上证380,2010-11-29,=-0.0090,=6951.8900,=0.0552,=29.3589,=0.8895,=11.6192,=14.6240,=18.0435,=25.1263,=39.7002,=2.2126,=0.7443,=1.2909,=1.6341,=1.9524,=2.3472,=2.7906,=1.4371,=0.7757,=0.7850,=0.9356,=1.0814,=1.4850,=1.8994,=0.0159,=0.2388,=0.0086,=0.0153,=0.0183,=0.0251,=0.0358,=0.0419,=0.0662,=0.0414,=867
="930938",500成长估值,2018-12-04,=-0.0053,=4889.8816,=0.0544,=21.0757,=0.8513,=9.4780,=13.1266,=16.8804,=20.0582,=30.3577,=2.5164,=0.9085,=1.4489,=1.8737,=2.1311,=2.3137,=3.6765,=2.0716,=0.9139,=0.6916,=0.9085,=1.1808,=1.6311,=2.5224,=0.0166,=0.2873,=0.0092,=0.0156,=0.0186,=0.0217,=0.0299,=0.0696,=0.1028,=0.0631,=75
="000905",中证500,2007-01-15,=-0.0118,=7858.5200,=0.0526,=33.5521,=0.8111,=15.7028,=21.2812,=25.5686,=33.2821,=48.6069,=2.4367,=0.8016,=1.3824,=1.7164,=1.9211,=2.4304,=3.0099,=1.6917,=0.8280,=0.8118,=1.0305,=1.1724,=1.6058,=2.2566,=0.0131,=0.3526,=0.0064,=0.0117,=0.0141,=0.0185,=0.0237,=0.0444,=0.0620,=0.0377,=38469
="399293",创业大盘,2019-04-18,=-0.0112,=6803.6100,=0.0499,=34.1653,=0.3175,=20.6573,=29.6438,=41.1195,=54.0175,=71.9327,=6.3205,=0.5094,=3.4452,=4.7398,=6.2827,=9.1642,=13.4901,=4.5292,=0.3164,=2.8408,=4.0410,=5.6592,=9.8333,=14.8309,=0.0098,=0.6756,=0.0029,=0.0046,=0.0073,=0.0119,=0.0196,=0.1045,=0.1554,=0.0782,=182
="931470",SHS云计算,2020-04-21,=-0.0041,=3866.1871,=0.0487,=22.9367,=0.3271,=13.2694,=20.2285,=24.9661,=31.1286,=62.1875,=3.2397,=0.0801,=2.5281,=3.4176,=3.8624,=5.3317,=9.6099,=3.2976,=0.0391,=2.7843,=3.8239,=4.4434,=6.3420,=10.5654,=0.0083,=0.7933,=0.0018,=0.0032,=0.0061,=0.0083,=0.0114,=0.0703,=0.1406,=0.0708,=56
="399375",中盘价值,2010-01-04,=0.0009,=6213.6800,=0.0472,=15.6708,=0.7633,=9.0528,=10.9370,=12.3141,=16.4559,=33.1718,=1.4948,=0.7687,=1.0236,=1.1932,=1.3322,=1.5297,=1.9880,=1.2549,=0.9860,=0.5167,=0.6432,=0.7489,=0.9806,=1.3254,=0.0288,=0.4029,=0.0137,=0.0244,=0.0309,=0.0368,=0.0505,=0.0532,=0.0785,=0.0471,=189
="931132",诚通央企红利,2023-05-04,=0.0023,=1697.5348,=0.0461,=13.6886,=0.8789,=9.0905,=10.6434,=12.0007,=13.1541,=15.2313,=1.3446,=0.9197,=0.9482,=1.0954,=1.1854,=1.2544,=1.5338,=0.8097,=0.9320,=0.3626,=0.4257,=0.5687,=0.7171,=0.8835,=0.0403,=0.1842,=0.0374,=0.0405,=0.0439,=0.0456,=0.0498,=0.0542,=0.0916,=0.0450,=42
="399673",创业板50,2014-06-18,=-0.0119,=3545.6100,=0.0458,=32.8761,=0.2796,=20.6075,=30.6784,=42.0165,=57.2675,=106.7499,=6.1649,=0.6478,=3.1473,=4.3234,=5.2416,=7.5532,=11.7288,=4.6936,=0.2961,=2.6907,=4.1383,=5.4740,=7.7414,=13.3154,=0.0095,=0.8008,=0.0021,=0.0036,=0.0050,=0.0095,=0.0190,=0.1086,=0.1569,=0.0793,=5636
="930846",300SNLV,2016-06-24,,,=0.0455,=11.1725,=0.8915,=7.7900,=9.2103,=10.1661,=10.7793,=12.6275,=1.0605,=0.3287,=0.8340,=1.0342,=1.0896,=1.2147,=1.5027,=1.3292,=0.7984,=0.7711,=0.9528,=1.1619,=1.3326,=1.6864,=0.0373,=0.5790,=0.0239,=0.0320,=0.0361,=0.0404,=0.0486,=0.0462,=0.0917,=0.0457,=151
="931722",国新港股通央企红利,2023-09-13,=-0.0032,=1375.5826,=0.0455,=9.4619,=0.7737,=5.5040,=6.7349,=7.8380,=9.5367,=10.8173,=0.8728,=0.6831,=0.6213,=0.7426,=0.8295,=0.9073,=1.0298,=0.6012,=0.7764,=0.3100,=0.3847,=0.4878,=0.6095,=0.6918,=0.0537,=0.1125,=0.0469,=0.0567,=0.0614,=0.0684,=0.0823,=0.0500,=0.0875,=0.0488,=378
="HSSCHYS",恒生港股通红利优选指数,2023-06-01,=-0.0025,=4854.5100,=0.0453,=7.8723,=0.7965,=4.2457,=4.7600,=5.8807,=7.8986,=9.0746,=0.7383,=0.8052,=0.4429,=0.5021,=0.5931,=0.7381,=0.8283,=1.2163,=0.9788,=0.6036,=0.6795,=0.8876,=1.0664,=1.2508,=0.0566,=0.0999,=0.0497,=0.0603,=0.0710,=0.0877,=0.0947,,=0.0899,=0.0466,=89
="000961",中证上游,2010-04-16,=-0.0114,=5286.0588,=0.0440,=15.3203,=0.4705,=8.3063,=11.4863,=15.6423,=22.7932,=72.6914,=1.9298,=0.9600,=0.9003,=1.1960,=1.3726,=1.5411,=2.4036,=1.0515,=0.9522,=0.3813,=0.5134,=0.6292,=0.7885,=1.2905,=0.0302,=0.3151,=0.0092,=0.0283,=0.0343,=0.0447,=0.0576,=0.0764,=0.1119,=0.0589,=50
="000824",国企红利,2012-07-20,=0.0044,=2214.1014,=0.0438,=9.2930,=0.9806,=4.8847,=5.9406,=7.3385,=8.5291,=10.7823,=0.8994,=0.6528,=0.5610,=0.6880,=0.8233,=1.0543,=1.4469,=1.3441,=0.9142,=0.5370,=0.7016,=0.9865,=1.2689,=1.6834,=0.0413,=0.1658,=0.0328,=0.0418,=0.0481,=0.0583,=0.0694,=0.0481,=0.0892,=0.0457,=968
="399012",创业300,2013-01-07,=-0.0123,=4698.5600,=0.0414,=42.9022,=0.3534,=26.6250,=38.0630,=47.3166,=64.5540,=93.5585,=4.9006,=0.6520,=2.5798,=3.6214,=4.3426,=5.5889,=7.5462,=3.8116,=0.3588,=2.2146,=3.3208,=4.2116,=5.8740,=7.7121,=0.0090,=0.7889,=0.0035,=0.0046,=0.0061,=0.0091,=0.0164,=0.0695,=0.1020,=0.0535,=3
="000944",内地资源,2009-10-28,=-0.0125,=5525.2465,=0.0411,=15.4268,=0.4885,=8.0950,=11.4362,=15.5409,=22.7025,=65.3013,=1.9357,=0.9613,=0.8945,=1.1840,=1.3602,=1.5323,=2.3924,=1.0535,=0.9534,=0.3754,=0.5050,=0.6228,=0.7831,=1.2835,=0.0301,=0.2786,=0.0090,=0.0286,=0.0349,=0.0457,=0.0579,=0.0763,=0.1109,=0.0586,=13
="930648",CS智消费,2015-06-05,=-0.0150,=3811.1658,=0.0408,=31.3204,=0.7728,=15.4538,=22.2568,=25.2080,=32.5135,=51.6043,=3.9092,=0.7649,=2.1406,=2.8085,=3.2135,=4.0473,=5.4486,=1.7839,=0.7476,=0.8328,=1.2867,=1.5066,=1.8632,=2.9491,=0.0136,=0.2709,=0.0074,=0.0121,=0.0152,=0.0173,=0.0216,=0.0606,=0.1077,=0.0539,=31
="930821",中证VR,2016-05-11,=-0.0176,=3321.3983,=0.0402,=44.4423,=0.5282,=17.6816,=32.1599,=43.3282,=55.8052,=175.0572,=3.3464,=0.6693,=1.7358,=2.3504,=2.9039,=4.0757,=5.0269,=1.9104,=0.4920,=1.1117,=1.4802,=1.9213,=2.8796,=3.7313,=0.0081,=0.2871,=0.0056,=0.0075,=0.0091,=0.0117,=0.0177,=0.0309,=0.0443,=0.0282,=151
="000922",中证红利,2008-05-26,=0.0001,=5719.0541,=0.0391,=8.7894,=0.8425,=5.1762,=6.0245,=7.6566,=8.6145,=11.2156,=0.8666,=0.5538,=0.5911,=0.7110,=0.8424,=1.1036,=1.4999,=1.3107,=0.9266,=0.6332,=0.7726,=1.0440,=1.2393,=1.7101,=0.0412,=0.2008,=0.0309,=0.0412,=0.0471,=0.0596,=0.0693,=0.0487,=0.0895,=0.0440,=20528
="399376",小盘成长,2010-01-04,=-0.0168,=6596.9600,=0.0387,=29.1867,=0.6858,=14.4007,=20.2318,=25.5978,=32.2967,=60.1410,=3.1901,=0.8169,=1.6246,=2.0607,=2.3694,=3.1492,=3.9108,=1.8464,=0.7493,=0.7224,=1.0640,=1.2045,=1.9333,=3.3081,=0.0135,=0.5369,=0.0062,=0.0108,=0.0132,=0.0171,=0.0246,=0.0613,=0.1002,=0.0502,=288
="399612",中创100,2011-02-28,=-0.0116,=2865.6700,=0.0381,=30.0568,=0.4305,=18.0203,=24.5371,=31.1212,=39.8478,=52.6199,=4.1586,=0.4771,=2.5576,=3.3599,=4.1925,=5.0805,=7.4671,=2.7297,=0.3621,=1.6155,=2.2648,=2.9952,=3.8651,=5.8630,=0.0118,=0.7010,=0.0050,=0.0075,=0.0098,=0.0137,=0.0203,=0.0768,=0.1210,=0.0621,=158
="000979",大宗商品,2011-08-22,=-0.0082,=7042.5225,=0.0380,=16.4537,=0.5085,=9.9333,=12.8903,=16.3478,=22.2818,=55.3230,=1.9108,=0.9604,=1.1381,=1.3703,=1.4927,=1.6372,=2.3336,=1.0314,=0.9608,=0.4909,=0.5833,=0.6997,=0.8417,=1.2291,=0.0282,=0.3790,=0.0088,=0.0253,=0.0307,=0.0396,=0.0489,=0.0699,=0.1029,=0.0554,=715
="931381",中证长三角,2019-11-25,=0.0062,=2099.8607,=0.0374,=13.7161,=0.7467,=9.1117,=10.6819,=12.0657,=14.0302,=16.1441,=1.3916,=0.5999,=0.9630,=1.1542,=1.3192,=1.5462,=1.8124,=1.6839,=0.8520,=0.8724,=1.0739,=1.2600,=1.5966,=1.9541,=0.0267,=0.3593,=0.0209,=0.0254,=0.0282,=0.0321,=0.0422,=0.0565,=0.0961,=0.0497,=12
="1000007",创业板全指,2010-05-01,=-0.0111,=4056.6000,=0.0371,=60.9016,=0.4986,=33.8134,=48.2400,=60.9343,=100.0107,=334.2333,=4.3612,=0.6058,=2.3083,=3.3593,=4.0479,=5.1337,=6.2717,=3.7616,=0.3988,=2.1439,=3.2922,=4.0727,=5.5138,=8.1842,=0.0078,=0.7658,=0.0036,=0.0046,=0.0061,=0.0081,=0.0148,=0.0479,=0.0638,=0.0377,=1939
="399625",中创500,2011-08-15,=-0.0124,=2525.7200,=0.0366,=34.1546,=0.4297,=20.4615,=28.9847,=35.6033,=40.6469,=52.5750,=3.6049,=0.5295,=2.1192,=2.8827,=3.5454,=4.2808,=5.2507,=2.5810,=0.4796,=1.4713,=2.0764,=2.6166,=3.4160,=4.2526,=0.0110,=0.7023,=0.0057,=0.0072,=0.0093,=0.0124,=0.0196,=0.0609,=0.0951,=0.0504,=165
="931829",中证回购,2023-10-17,,,=0.0349,=22.5055,=0.2475,=16.8171,=21.8946,=25.1355,=34.0291,=40.4937,=2.1645,=0.8813,=1.3801,=1.5746,=1.7506,=2.0460,=2.3571,=0.8567,=0.1516,=0.7604,=0.9155,=1.0082,=1.1402,=1.4917,=0.0288,=1,=0.0146,=0.0164,=0.0208,=0.0249,=0.0288,=0.0600,=0.0495,=0.0317,=40
="399088",深创100,2020-02-18,=-0.0107,=5223.5400,=0.0348,=32.3588,=0.6538,=15.3025,=22.0805,=27.3156,=38.5814,=56.8187,=4.7605,=0.6412,=2.2889,=3.3118,=4.1138,=5.3810,=6.8856,=3.1901,=0.6631,=1.4223,=1.9853,=2.5304,=3.7458,=5.1281,=0.0104,=0.3011,=0.0058,=0.0088,=0.0129,=0.0163,=0.0258,=0.0800,=0.1522,=0.0791,=74
="931052",国信价值,2017-12-08,=0.0044,=3571.3180,=0.0347,=9.7906,=0.8862,=5.3831,=6.6082,=7.4736,=8.9160,=11.0091,=1.3123,=0.8957,=0.7343,=0.9136,=1.0350,=1.1890,=1.5208,=1.7591,=0.9518,=0.6105,=0.9516,=1.2435,=1.4822,=2.0196,=0.0407,=0.3244,=0.0262,=0.0384,=0.0439,=0.0529,=0.0692,=0.0673,=0.1267,=0.0662,=599
="399005",中小板指,2006-01-24,=-0.0128,=8548.6000,=0.0345,=28.0671,=0.4833,=16.1163,=23.0542,=28.5151,=33.7074,=44.0181,=2.9976,=0.2726,=2.0289,=2.7421,=3.4090,=4.3079,=5.3697,=2.0615,=0.3303,=1.3510,=1.8219,=2.3284,=3.2818,=4.1546,=0.0132,=0.6606,=0.0068,=0.0090,=0.0111,=0.0163,=0.0219,=0.0582,=0.0988,=0.0526,=3256
="931067",绩优策略,2018-02-14,=-0.0044,=7867.8744,=0.0344,=15.7870,=0.2506,=10.5807,=14.8383,=18.6977,=26.7575,=44.0015,=4.8883,=0.4404,=3.5566,=4.2986,=5.0481,=7.3317,=11.8571,=2.7739,=0.4027,=2.1909,=2.5314,=2.8868,=4.8049,=8.6201,=0.0216,=0.5070,=0.0082,=0.0136,=0.0214,=0.0296,=0.0455,=0.1696,=0.2359,=0.1093,=28
="HSSCSOY",恒生港股通中国央企红利指数,2023-06-01,=0.0015,=4158.6000,=0.0343,=7.0744,=0.8464,=4.1647,=4.6679,=5.7287,=6.9865,=7.8218,=0.6534,=0.6854,=0.4381,=0.4975,=0.5970,=0.6833,=0.7455,=1.1085,=0.9988,=0.5323,=0.5990,=0.7568,=0.9663,=1.1223,=0.0493,=0.0012,=0.0487,=0.0561,=0.0677,=0.0861,=0.0936,,=0.0921,=0.0475,=272
="000907",中证700,2007-01-15,=-0.0104,=6694.7112,=0.0342,=25.5838,=0.8751,=13.5964,=17.1394,=19.5530,=24.0532,=30.1680,=2.0277,=0.6280,=1.3201,=1.5883,=1.8281,=2.1936,=2.4753,=1.4527,=0.6322,=0.9663,=1.1767,=1.3274,=1.5807,=1.9854,=0.0184,=0.5649,=0.0115,=0.0140,=0.0175,=0.0227,=0.0321,=0.0457,=0.0692,=0.0443,=268
="000825",央企红利,2012-07-20,=0.0058,=3569.9376,=0.0337,=9.6417,=0.9934,=4.7369,=6.0940,=7.3072,=8.5186,=10.5687,=0.9357,=0.7233,=0.5507,=0.6915,=0.8553,=0.9943,=1.3929,=1.2952,=0.9188,=0.6009,=0.8548,=1.0824,=1.2238,=1.7357,=0.0402,=0.0800,=0.0330,=0.0423,=0.0473,=0.0555,=0.0713,=0.0474,=0.0902,=0.0455,=395
="399974",国企改革,2014-08-07,=-0.0045,=1962.7100,=0.0337,=15.6139,=0.7138,=8.5408,=11.0130,=13.4099,=16.6471,=23.5243,=1.4570,=0.4771,=1.0768,=1.3337,=1.4672,=1.8246,=2.8970,=1.1300,=0.6870,=0.6803,=0.8927,=1.0024,=1.2484,=2.2060,=0.0294,=0.4627,=0.0148,=0.0237,=0.0300,=0.0332,=0.0410,=0.0492,=0.0809,=0.0464,=377
="H11057",石化产业,2009-07-22,=-0.0071,=1411.0339,=0.0330,=14.0181,=0.5062,=9.0713,=12.0019,=13.9877,=19.1320,=46.6548,=1.5751,=0.9438,=0.9085,=1.1932,=1.3438,=1.4480,=1.9948,=0.8390,=0.9289,=0.4002,=0.4808,=0.6140,=0.7561,=1.0264,=0.0329,=0.3508,=0.0099,=0.0304,=0.0363,=0.0407,=0.0471,=0.0699,=0.0946,=0.0528,=76
="931233",港股通央企红利,2017-06-28,=0.0025,=1203.3742,=0.0327,=7.4220,=0.7917,=3.6988,=4.9822,=6.4059,=7.4456,=14.0775,=0.7072,=0.6491,=0.3929,=0.5242,=0.6473,=0.8576,=1.8161,=1.0170,=0.5941,=0.4645,=0.6266,=0.9529,=1.3869,=1.7583,=0.0495,=0.1078,=0.0394,=0.0519,=0.0569,=0.0795,=0.1038,=0.0452,=0.0906,=0.0470,=490
="399316",巨潮小盘,2005-02-03,=-0.0107,=6204,=0.0318,=35.4791,=0.7307,=17.4883,=24.6121,=29.2581,=37.6617,=56.1825,=2.1367,=0.6713,=1.3049,=1.7086,=1.9640,=2.4108,=3.1503,=1.3552,=0.6433,=0.7478,=1.0120,=1.2294,=1.5970,=2.5314,=0.0146,=0.6590,=0.0061,=0.0104,=0.0128,=0.0162,=0.0214,=0.0385,=0.0444,=0.0300,=23
="399370",国证成长,2010-01-04,=-0.0112,=5223.7900,=0.0313,=21.3280,=0.4462,=14.0104,=18.9925,=21.7934,=25.9317,=39.9195,=3.8101,=0.7633,=1.9695,=2.5703,=2.9970,=4.1074,=6.0628,=2.1605,=0.5464,=1.2188,=1.6926,=2.0775,=2.7638,=3.4917,=0.0158,=0.5101,=0.0080,=0.0118,=0.0157,=0.0227,=0.0304,=0.0943,=0.1344,=0.0689,=119
="HSCCI",恒生香港中资企业指数,1997-06-16,=-0.0077,=4138.2000,=0.0306,=8.6073,=0.4819,=4.8859,=6.8728,=8.7490,=11.3978,=16.1208,=0.8052,=0.3694,=0.5567,=0.7305,=0.8599,=1.1490,=1.3660,=0.9297,=0.4161,=0.5555,=0.7802,=0.9763,=1.3409,=1.5178,=0.0587,=0.6623,=0.0276,=0.0364,=0.0536,=0.0664,=0.1028,=0.0485,=0.0951,=0.0536,=35
="H30270",红利价值,2013-12-19,=0.0089,=9820.3825,=0.0302,=8.1311,=0.7905,=4.4543,=5.4526,=6.7942,=8.5977,=13.0955,=0.8329,=0.6696,=0.5256,=0.6497,=0.7647,=1.2270,=1.7317,=1.6668,=1,=0.5854,=0.8147,=1.0066,=1.3090,=1.6668,=0.0413,=0.1835,=0.0269,=0.0418,=0.0501,=0.0628,=0.0726,=0.0497,=0.0936,=0.0466,=223
="931476",ESG 120策略,2020-04-30,=-0.0027,=1435.4594,=0.0296,=11.4987,=0.6877,=7.8289,=9.6441,=10.6518,=11.8297,=13.2171,=1.3526,=0.7632,=1.0061,=1.1778,=1.2587,=1.3638,=1.7130,=1.6050,=0.9785,=0.7906,=1.0605,=1.1615,=1.4020,=1.6292,=0.0326,=0.3507,=0.0251,=0.0296,=0.0349,=0.0387,=0.0488,=0.0596,=0.1050,=0.0532,=53
="000821",300红利,2012-07-20,=0.0094,=6863.2095,=0.0286,=9.0618,=0.9563,=4.9998,=6.1944,=7.5603,=8.5408,=10.9286,=0.8942,=0.5880,=0.5725,=0.7140,=0.8620,=1.0750,=1.4919,=1.4470,=0.9604,=0.6098,=0.7993,=1.0658,=1.3304,=1.6963,=0.0422,=0.1843,=0.0319,=0.0424,=0.0473,=0.0563,=0.0673,=0.0492,=0.0916,=0.0473,=1011
="399624",中创400,2011-08-15,=-0.0132,=2644.4500,=0.0286,=44.1510,=0.7093,=22.4097,=32.9060,=40.4838,=47.9441,=82.4491,=2.9522,=0.5546,=1.6720,=2.4135,=2.8469,=3.3918,=4.9674,=2.3669,=0.5876,=1.2865,=1.8978,=2.2294,=2.6782,=4.3124,=0.0098,=0.5295,=0.0036,=0.0073,=0.0096,=0.0111,=0.0184,=0.0421,=0.0651,=0.0371,=229
="931025",港股通地产,2017-11-06,,,=0.0282,=-66.7909,=0.6991,=1.3998,=5.5096,=8.3752,=-3.1812,=7833.8201,=0.4566,=0.4155,=0.0757,=0.2147,=0.4905,=0.8746,=1.4256,=0.8773,=0.7946,=0.0508,=0.1445,=0.5492,=0.8801,=1.5776,=0.0398,=0.4165,=0,=0.0290,=0.0424,=0.0688,=0.2175,,=-0.0074,=0.0061,=13
="H30199",电力指数,2013-07-15,=0.0099,=2900.7921,=0.0278,=18.9389,=0.4936,=14.1448,=16.9417,=18.9726,=25.0122,=78.5133,=1.7104,=0.4796,=1.2472,=1.5161,=1.7158,=1.8424,=2.0960,=1.8114,=0.8210,=1.1507,=1.4427,=1.5879,=1.7825,=2.2389,=0.0273,=0.6148,=0.0166,=0.0223,=0.0267,=0.0283,=0.0333,=0.0402,=0.0878,=0.0494,=769
="000969",300非周,2010-05-28,=-0.0081,=5469.5807,=0.0271,=25.7649,=0.7711,=15.9839,=20.6623,=22.7579,=26.6038,=38.7203,=2.7465,=0.4285,=2.0789,=2.5003,=2.7929,=3.1883,=4.9189,=1.5157,=0.7551,=0.8921,=1.1589,=1.2966,=1.5787,=2.2463,=0.0198,=0.6990,=0.0089,=0.0140,=0.0170,=0.0211,=0.0277,=0.0536,=0.0964,=0.0534,=89
="931644",800红利,2024-03-15,,,=0.0270,=9.2253,=0.9415,=6.4729,=7.3907,=8.4465,=9.0512,=9.4757,=0.8992,=0.7575,=0.7001,=0.7742,=0.8598,=0.9043,=0.9431,=1.3015,=0.8378,=0.8423,=0.9290,=1.1562,=1.2896,=1.3602,=0.0421,=0.0301,=0.0416,=0.0430,=0.0465,=0.0575,=0.0662,=0.0486,=0.0906,=0.0470,=36
="930782",500SNLV,2016-02-04,=0.0001,=19298.5125,=0.0269,=20.2975,=0.5282,=13.0617,=17.6555,=20.0399,=23.4182,=33.4651,=1.6402,=0.7134,=1.0996,=1.3464,=1.4745,=1.7808,=2.5974,=1.2512,=0.7216,=0.5914,=0.8056,=0.8890,=1.3736,=2.0883,=0.0238,=0.9039,=0.0090,=0.0140,=0.0203,=0.0229,=0.0271,=0.0435,=0.0820,=0.0412,=1377
="000918",300成长,2008-01-21,=-0.0091,=5224.8880,=0.0269,=15.8242,=0.3649,=11.6107,=14.4791,=16.8194,=20.6304,=29.9826,=2.5855,=0.4025,=1.8759,=2.3212,=2.7999,=4.3091,=6.1771,=2.5367,=0.7633,=1.1680,=1.5324,=1.7838,=2.6338,=3.9548,=0.0194,=0.5860,=0.0081,=0.0139,=0.0184,=0.0238,=0.0310,=0.0861,=0.1486,=0.0701,=805
="931897",绿色电力,2012-12-21,=0.0099,=1111.5217,=0.0266,=18.9105,=0.5233,=12.4356,=16.3357,=18.6189,=23.5753,=3316.8719,=1.7288,=0.6586,=1.0802,=1.3464,=1.6508,=1.7879,=2.0565,=1.8618,=0.8557,=0.8910,=1.1301,=1.2733,=1.7298,=2.6891,=0.0270,=0.7905,=0.0111,=0.0186,=0.0233,=0.0271,=0.0335,=0.0408,=0.0880,=0.0488,=186
="000822",500红利,2012-07-20,,,=0.0261,=14.4427,=0.7769,=7.4138,=9.6102,=11.2677,=15.1884,=26.4578,=1.1614,=0.4111,=0.8670,=1.0202,=1.2252,=1.4590,=2.2508,=0.5801,=0.5196,=0.2906,=0.3999,=0.5640,=1.0885,=1.8159,=0.0411,=0.4953,=0.0164,=0.0298,=0.0411,=0.0491,=0.0638,=0.0430,=0.0658,=0.0383,=40
="399007",深证300,2009-11-04,=-0.0102,=5832.4200,=0.0260,=29.5852,=0.8437,=15.3833,=21.4145,=25.0043,=28.9361,=36.7371,=2.9208,=0.5872,=1.8298,=2.3539,=2.8048,=3.2294,=4.4351,=2.0501,=0.5353,=1.2839,=1.6547,=2.0025,=2.3730,=3.3177,=0.0155,=0.6874,=0.0081,=0.0118,=0.0140,=0.0174,=0.0252,=0.0578,=0.0779,=0.0468,=583
="HSHCI",恒生医疗保健指数,2015-08-17,=-0.0054,=3756.6100,=0.0260,=28.6680,=0.3909,=15.9973,=23.3892,=33.4256,=116.8549,=143059.6617,=2.6816,=0.5059,=1.4805,=2.2594,=2.6696,=3.4864,=7.0432,=1.7025,=0.7351,=0.8149,=1.0324,=1.3185,=1.8605,=3.5391,=0.0125,=0.6266,=0.0038,=0.0082,=0.0113,=0.0148,=0.0248,,=0.0980,=0.0541,=1748
="931447",科技先锋,2020-04-21,=-0.0131,=3165.7637,=0.0259,=38.7483,=0.5402,=19.0346,=27.4979,=37.4534,=47.9003,=82.3567,=5.1158,=0.6567,=2.7045,=3.4565,=4.4486,=6.6910,=10.6025,=2.7128,=0.5965,=1.4804,=1.9225,=2.5015,=3.6945,=7.0848,=0.0098,=0.5162,=0.0033,=0.0055,=0.0097,=0.0135,=0.0196,=0.0639,=0.0990,=0.0443,=24
="399001",深证成指,1995-01-23,=-0.0102,=13872.3800,=0.0257,=30.8185,=0.8078,=15.9054,=22.8547,=26.5146,=30.7074,=38.7817,=2.8196,=0.5621,=1.7472,=2.2797,=2.7209,=3.2246,=4.0402,=1.9961,=0.5592,=1.2229,=1.6063,=1.9123,=2.3668,=2.9683,=0.0150,=0.6903,=0.0084,=0.0109,=0.0136,=0.0166,=0.0245,=0.0547,=0.0747,=0.0445,=3748
="000046",上证中小,2009-07-03,=-0.0067,=5257.5600,=0.0251,=16.6556,=0.6140,=10.5504,=12.1058,=15.2214,=18.0302,=22.4992,=1.4827,=0.5142,=1.0626,=1.2077,=1.4763,=1.7470,=2.0905,=1.3612,=0.7773,=0.8596,=1.0256,=1.1229,=1.3892,=1.6429,=0.0238,=0.5988,=0.0151,=0.0188,=0.0226,=0.0299,=0.0371,=0.0463,=0.0784,=0.0418,=348
="000859",国企一带一路,2019-05-16,=0.0003,=1867.1311,=0.0251,=10.4116,=0.1766,=9.4709,=10.4945,=12.4561,=14.4710,=21.0714,=1.0397,=0.1321,=0.9283,=1.1344,=1.4297,=1.7697,=2.1877,=1.2029,=1,=0.4715,=0.5661,=0.7434,=0.8669,=1.2029,=0.0353,=0.7263,=0.0208,=0.0254,=0.0319,=0.0368,=0.0454,=0.0493,=0.0898,=0.0436,=276
="000982",500等权,2011-06-13,=-0.0037,=9248.7800,=0.0246,=33.5521,=0.8107,=15.7028,=21.2829,=25.5686,=33.2821,=48.6069,=2.4367,=0.8016,=1.3824,=1.7163,=1.9213,=2.4304,=3.0099,=1.6917,=0.8280,=0.8118,=1.0305,=1.1724,=1.6050,=2.2566,=0.0131,=0.3373,=0.0064,=0.0119,=0.0143,=0.0184,=0.0237,=0.0444,=0.0620,=0.0377,=33
="980081",价值100,2012-12-28,,,=0.0246,=10.4287,=0.8289,=7.7317,=8.3737,=9.1392,=10.2078,=11.5920,=1.1074,=0.7759,=0.8413,=0.8866,=1.0224,=1.1145,=1.3448,=1.2385,=0.9976,=0.7580,=0.8107,=0.9897,=1.1471,=1.2392,=0.0457,=0.2843,=0.0420,=0.0452,=0.0487,=0.0541,=0.0599,=0.0556,=0.0995,=0.0565,=541
="930726",CS生医,2015-08-05,=0.0025,=2501.8151,=0.0244,=48.8348,=0.5085,=24.4874,=31.9329,=48.5520,=61.1866,=107.1179,=4.5195,=0.2301,=3.1768,=4.4038,=6.7383,=8.5259,=14.2976,=7.9520,=0.3398,=4.8871,=6.8186,=9.6050,=12.5690,=19.9452,=0.0081,=0.5715,=0.0026,=0.0040,=0.0059,=0.0114,=0.0204,=0.0696,=0.0766,=0.0565,=846
="399330",深证100,2006-01-24,=-0.0089,=5957.8900,=0.0241,=26.3220,=0.7649,=14.9910,=20.3737,=22.8774,=27.7261,=38.9547,=3.0014,=0.5567,=1.9919,=2.4968,=2.9489,=3.5438,=5.5535,=2.0994,=0.4961,=1.3434,=1.7250,=2.1022,=2.4349,=4.0791,=0.0177,=0.7134,=0.0077,=0.0126,=0.0154,=0.0194,=0.0273,=0.0628,=0.0897,=0.0527,=2341
="H11059",工业有色,2009-07-22,=-0.0098,=4075.8662,=0.0236,=16.5280,=0.2767,=10.0577,=14.6511,=27.3058,=53.0614,=131.1130,=3.4148,=0.8812,=1.4392,=2.0004,=2.4270,=3.2072,=4.9901,=1.2776,=0.9144,=0.5048,=0.7403,=0.8664,=1.1595,=1.8706,=0.0200,=0.7910,=0.0035,=0.0056,=0.0104,=0.0204,=0.0285,=0.1369,=0.1735,=0.0880,=147
="000056",上证国企,2010-01-04,=0.0016,=1276.1300,=0.0231,=9.9224,=0.5761,=7.2538,=8.8792,=9.7353,=10.7955,=13.3187,=1.1571,=0.6573,=0.8518,=1.0314,=1.1194,=1.2108,=1.5455,=1.7980,=0.9984,=0.7909,=0.9986,=1.1184,=1.2457,=1.8201,=0.0365,=0.5460,=0.0242,=0.0312,=0.0353,=0.0430,=0.0568,=0.0592,=0.1060,=0.0559,=206
="399850",深证50,2023-10-18,=-0.0071,=9339.3100,=0.0229,=25.2329,=0.6379,=16.5344,=20.1577,=23.7591,=27.0429,=36.7629,=3.8179,=0.8348,=2.5911,=2.9391,=3.2740,=3.7642,=4.4773,=2.1253,=0.8485,=1.3017,=1.4885,=1.6955,=2.0778,=2.4833,=0.0184,=0.2227,=0.0162,=0.0182,=0.0208,=0.0232,=0.0271,=0.0725,=0.0973,=0.0609,=80
="987018",港股通创新药,2021-11-18,,,=0.0227,=35.1901,=0.1806,=22.9379,=35.9903,=49.2244,=94.3793,=537.2167,=3.4569,=0.5911,=1.6768,=2.3274,=3.2589,=4.1290,=6.0885,=5.0843,=0.4276,=2.6005,=3.5810,=5.3358,=7.0451,=12.1954,=0.0088,=0.6618,=0.0023,=0.0056,=0.0073,=0.0142,=0.0182,,=0.0844,=0.0690,=334
="931591",1000成长创新,2020-11-09,=-0.0091,=33466.1850,=0.0225,=28.6842,=0.3104,=18.0900,=24.5378,=32.0535,=35.7287,=40.6167,=3.2539,=0.3933,=2.0923,=3.0121,=3.4027,=4.3497,=5.3788,=3.1450,=0.5082,=1.8413,=2.7496,=3.1222,=3.8276,=5.2879,=0.0126,=0.6598,=0.0063,=0.0087,=0.0110,=0.0139,=0.0216,=0.0658,=0.1062,=0.0605,=151
="399438",绿色电力,2014-12-30,=0.0106,=2033.8900,=0.0214,=20.5047,=0.6627,=13.5016,=16.9277,=19.1197,=22.0380,=41.2289,=1.8396,=0.5872,=1.2516,=1.5034,=1.8042,=1.9344,=2.3077,=2.1574,=0.9188,=1.1906,=1.4256,=1.8236,=2.0541,=3.6995,=0.0257,=0.4074,=0.0163,=0.0221,=0.0267,=0.0294,=0.0348,=0.0410,=0.0881,=0.0494,=223
="931039",银行AH,2017-12-06,=0.0184,=13027.3591,=0.0181,=6.2657,=0.9213,=3.2016,=4.0979,=5.2588,=5.9106,=7.9938,=0.5878,=0.5730,=0.3790,=0.4590,=0.5652,=0.7103,=1.0569,=2.3244,=0.9258,=1.0856,=1.4357,=1.7579,=2.1678,=2.9053,=0.0463,=0.0850,=0.0324,=0.0491,=0.0544,=0.0737,=0.0997,=0.0438,=0.0881,=0.0451,=110
="931168",绿色价值100,2019-06-27,,,=0.0162,=12.2393,=0.6684,=8.4906,=9.9917,=11.3655,=12.8031,=14.6050,=1.3451,=0.6581,=1.0223,=1.1896,=1.2845,=1.4025,=1.6052,=1.5672,=0.9283,=0.9649,=1.1319,=1.2543,=1.3707,=1.6482,=0.0309,=0.3919,=0.0243,=0.0293,=0.0315,=0.0356,=0.0439,=0.0558,=0.1011,=0.0439,=13
="931892",有色矿业,2013-07-15,=-0.0124,=4027.3491,=0.0154,=17.6183,=0.1761,=13.1272,=18.5258,=30.5360,=55.7136,=131.9594,=3.5907,=0.9163,=1.7020,=2.1368,=2.5585,=3.2137,=5.3430,=1.3531,=0.9002,=0.6092,=0.7896,=0.9201,=1.2412,=2.0391,=0.0160,=0.7608,=0.0026,=0.0057,=0.0094,=0.0169,=0.0229,=0.1337,=0.1630,=0.0795,=201
="000904",中证200,2007-01-15,=-0.0089,=5735.0120,=0.0151,=21.2633,=0.9027,=11.9474,=14.9318,=16.7919,=19.4794,=25.2311,=1.7730,=0.5311,=1.2748,=1.5010,=1.7441,=2.0647,=2.3407,=1.2960,=0.2148,=1.0540,=1.2884,=1.4166,=1.6929,=2.1135,=0.0230,=0.6322,=0.0136,=0.0162,=0.0207,=0.0259,=0.0372,=0.0465,=0.0739,=0.0482,=723
="950180",科创AI,2024-07-25,=-0.0157,=2280.8937,=0.0150,=145.8340,=0.5020,=66.2784,=100.3465,=145.5942,=184.2992,=271.3436,=13.0178,=0.8843,=3.9039,=6.0898,=9.8278,=12.0104,=18.6594,=20.0532,=0.9059,=6.3298,=9.5542,=14.4291,=17.1195,=29.3547,=0.0016,=0.0882,=0.0012,=0.0023,=0.0028,=0.0049,=0.0077,=0.0639,=0.0670,=0.0285,=227
="H30463",沪港深500医药,2014-11-28,=-0.0019,=7876.4121,=0.0140,=33.3976,=0.3739,=23.3470,=31.0222,=35.5816,=42.6572,=94.1690,=3.5411,=0.2087,=2.7545,=3.5141,=4.4130,=5.5958,=10.0878,=3.4585,=0.5885,=1.9470,=2.8257,=3.2973,=4.0458,=9.3489,=0.0126,=0.8190,=0.0038,=0.0069,=0.0089,=0.0124,=0.0194,=0.0704,=0.0989,=0.0669,=42
="000917",300公用,2007-07-02,=0.0089,=2494.0561,=0.0134,=18.7167,=0.6561,=13.3250,=16.4811,=17.8596,=20.5953,=34.2477,=1.9266,=0.4301,=1.4019,=1.7154,=1.9744,=2.1718,=2.6347,=1.9111,=0.6858,=1.3139,=1.6332,=1.8147,=1.9940,=3.2322,=0.0302,=0.5386,=0.0191,=0.0239,=0.0299,=0.0324,=0.0390,=0.0426,=0.0974,=0.0539,=39
="932457",港股通现金流,2025-02-28,,,=0.0134,=11.8779,=0.9037,=7.5325,=9.0412,=10.3977,=11.6299,=12.5288,=1.2173,=0.5802,=1.0440,=1.1372,=1.1976,=1.3000,=1.5343,=0.6360,=0.0775,=0.5752,=0.8538,=0.9537,=1.1833,=1.4545,=0.0431,=0.2246,=0.0402,=0.0428,=0.0488,=0.0621,=0.0701,=0.0607,=0.1033,=0.0695,=45
="000852",中证1000,2014-10-17,=-0.0102,=7691.3700,=0.0127,=44.0529,=0.7142,=18.9344,=30.9274,=37.8109,=47.5815,=78.9405,=2.4272,=0.4981,=1.4880,=2.1060,=2.4300,=2.8864,=4.0689,=1.7217,=0.6458,=0.9250,=1.3827,=1.5862,=1.9096,=3.4406,=0.0108,=0.5303,=0.0038,=0.0082,=0.0106,=0.0125,=0.0194,=0.0343,=0.0499,=0.0313,=7541
="000860",结构调整,2018-03-26,=-0.0055,=1239.6400,=0.0126,=15.7998,=0.7163,=9.5233,=12.4803,=14.0136,=16.2968,=20.6443,=1.4837,=0.8862,=1.1018,=1.2900,=1.3729,=1.4577,=1.6430,=0.9380,=0.9917,=0.4658,=0.5893,=0.6796,=0.7963,=0.9608,=0.0321,=0.5181,=0.0220,=0.0262,=0.0315,=0.0369,=0.0499,=0.0482,=0.0831,=0.0473,=151
="000906",中证800,2007-01-15,=-0.0054,=5166.9300,=0.0113,=15.7513,=0.7348,=10.7808,=12.9023,=14.0908,=16.0030,=18.9686,=1.5969,=0.5790,=1.1816,=1.3959,=1.5516,=1.7176,=1.9628,=1.5745,=0.9282,=1.0117,=1.1472,=1.2950,=1.4910,=1.6796,=0.0245,=0.4705,=0.0180,=0.0211,=0.0248,=0.0289,=0.0389,=0.0526,=0.0890,=0.0475,=2715
="000842",800等权,2012-12-21,,,=0.0109,=15.7513,=0.7348,=10.7808,=12.9023,=14.0908,=16.0030,=18.9686,=1.5969,=0.5790,=1.1816,=1.3959,=1.5516,=1.7176,=1.9628,=1.5745,=0.9282,=1.0117,=1.1472,=1.2950,=1.4910,=1.6796,=0.0245,=0.4705,=0.0180,=0.0211,=0.0248,=0.0289,=0.0389,=0.0526,=0.0890,=0.0475,=162
="000510",中证A500,2024-09-23,=-0.0054,=5699.1500,=0.0100,=16.2764,=0.4830,=12.2476,=14.4969,=16.3927,=17.3880,=18.3286,=1.6800,=0.6170,=1.2883,=1.4968,=1.6525,=1.7170,=1.7791,=1.4764,=0.6894,=1.0081,=1.2202,=1.4142,=1.5095,=1.5740,=0.0244,=0.2085,=0.0227,=0.0243,=0.0261,=0.0322,=0.0380,=0.0544,=0.0887,=0.0481,=2603
="000937",中证公用,2009-07-03,=0.0078,=2518.6386,=0.0098,=18.0665,=0.4186,=13.4460,=16.6002,=18.6434,=21.1313,=46.5328,=1.7024,=0.3348,=1.3423,=1.6286,=1.7676,=1.9633,=2.2557,=1.6665,=0.6763,=1.2657,=1.4810,=1.5857,=1.7734,=3.2521,=0.0290,=0.7732,=0.0192,=0.0235,=0.0276,=0.0292,=0.0348,=0.0413,=0.0905,=0.0507,=341
="399303",国证2000,2014-03-28,=-0.0070,=10052.6300,=0.0097,=51.7702,=0.7786,=23.3937,=36.3012,=42.0166,=52.4206,=91.3621,=2.4922,=0.6594,=1.4941,=2.0787,=2.2964,=2.6921,=4.0650,=1.9007,=0.7348,=1.0643,=1.3926,=1.5530,=2.0810,=3.4322,=0.0100,=0.3827,=0.0040,=0.0087,=0.0104,=0.0118,=0.0187,=0.0302,=0.0453,=0.0286,=728
="000995",全指公用,2011-08-02,=0.0088,=2606.4814,=0.0092,=18.4003,=0.4297,=14.4124,=16.7502,=18.9182,=23.9608,=55.0107,=1.7043,=0.4363,=1.2839,=1.5403,=1.7251,=1.8664,=2.1268,=1.7497,=0.7909,=1.2094,=1.4214,=1.5276,=1.7659,=2.4023,=0.0277,=0.7493,=0.0172,=0.0230,=0.0259,=0.0281,=0.0321,=0.0415,=0.0896,=0.0496,=330
="399441",生物医药,2015-01-20,=0.0002,=2164.9500,=0.0089,=48.5248,=0.5184,=21.8350,=32.3563,=47.7085,=62.7963,=119.0737,=3.4767,=0.2260,=2.3073,=3.3267,=6.2365,=7.6803,=13.6606,=6.5043,=0.2693,=3.6424,=5.8657,=9.0608,=13.6577,=21.5399,=0.0099,=0.7472,=0.0024,=0.0041,=0.0064,=0.0108,=0.0164,=0.0514,=0.0565,=0.0395,=1695
="930632",CS稀金属,2015-05-12,=-0.0222,=2733.7712,=0.0084,=23.8195,=0.1843,=10.0759,=24.6285,=41.1211,=85.0834,=902.9270,=3.6796,=0.5460,=1.7714,=2.4678,=3.4499,=4.3834,=7.1765,=2.4782,=0.6363,=1.0736,=1.5817,=2.0627,=2.9526,=4.1072,=0.0087,=0.5802,=0.0021,=0.0041,=0.0074,=0.0138,=0.0241,=0.1020,=0.1107,=0.0458,=396
="931152",CS创新药,2019-04-22,=-0.0012,=1910.0065,=0.0084,=43.3463,=0.4958,=27.6044,=36.8199,=43.4020,=52.7889,=74.6844,=4.0133,=0.4415,=2.5551,=3.3481,=4.1819,=5.9313,=8.7449,=5.7150,=0.7952,=2.2436,=2.9209,=3.4554,=5.7380,=9.4897,=0.0097,=0.6821,=0.0040,=0.0058,=0.0086,=0.0104,=0.0150,=0.0637,=0.0786,=0.0515,=1978
="000861",央企创新,2019-05-16,=-0.0008,=2587.7732,=0.0084,=15.7747,=0.8510,=10.3360,=12.0585,=13.4615,=15.3129,=18.8086,=1.4408,=0.9272,=1.0351,=1.1889,=1.3007,=1.3911,=1.5975,=0.8472,=0.9661,=0.4544,=0.5200,=0.5856,=0.7397,=0.8999,=0.0312,=0.4436,=0.0234,=0.0272,=0.0332,=0.0375,=0.0493,=0.0468,=0.0826,=0.0470,=270
="000841",800医药,2012-12-21,=0.0007,=8428.2730,=0.0083,=33.6379,=0.5880,=21.4494,=28.0346,=32.2227,=37.6503,=58.1462,=3.4085,=0.3163,=2.4193,=3.1867,=3.7595,=4.3484,=6.5122,=4.3338,=0.7975,=1.7815,=2.8895,=3.4449,=4.3438,=6.1565,=0.0149,=0.8400,=0.0064,=0.0084,=0.0102,=0.0139,=0.0210,=0.0669,=0.0871,=0.0593,=591
="399311",国证1000,2005-02-03,=-0.0061,=4998.2000,=0.0081,=16.4479,=0.7109,=11.0854,=13.3222,=14.6208,=16.8483,=19.8966,=1.6365,=0.5806,=1.1918,=1.4217,=1.5927,=1.7952,=2.0383,=1.5843,=0.9175,=1.0112,=1.1700,=1.3059,=1.5318,=1.7074,=0.0237,=0.4767,=0.0172,=0.0199,=0.0239,=0.0282,=0.0380,=0.0522,=0.0857,=0.0465,=143
="000987",全指材料,2011-08-02,=-0.0109,=5050.2800,=0.0079,=20.6070,=0.4726,=11.8534,=16.4330,=21.0926,=27.5174,=376.1944,=2.4707,=0.7687,=1.3547,=1.6741,=2.0387,=2.5000,=3.3213,=1.2242,=0.7072,=0.6546,=0.8399,=1.0190,=1.3336,=1.7398,=0.0172,=0.5019,=0.0046,=0.0121,=0.0172,=0.0209,=0.0269,=0.0806,=0.0892,=0.0459,=394
="930723",沪港深F100,2015-08-05,=0.0062,=5129.5450,=0.0075,=9.7191,=0.6431,=5.4557,=7.5706,=9.0709,=10.1730,=13.1279,=1.0337,=0.5904,=0.6469,=0.8476,=1.0077,=1.1160,=1.4626,=1.3247,=0.8651,=0.6039,=0.8632,=1.0802,=1.2950,=1.6654,=0.0373,=0.3402,=0.0281,=0.0354,=0.0393,=0.0500,=0.0650,=0.0533,=0.0926,=0.0486,=151
="399008",中小300,2010-03-22,=-0.0110,=1666.4900,=0.0071,=28.9349,=0.3946,=17.8364,=25.4661,=30.3551,=34.9115,=44.0827,=2.7443,=0.3105,=1.7846,=2.4620,=2.9637,=3.7647,=4.4948,=1.8663,=0.3291,=1.1664,=1.6529,=2.0415,=2.7727,=3.6888,=0.0132,=0.6973,=0.0063,=0.0086,=0.0115,=0.0151,=0.0216,=0.0536,=0.0868,=0.0468,=508
="1000003",深圳A股,1994-01-01,=-0.0067,=2548.3700,=0.0069,=41.7752,=0.7184,=20.1337,=32.6807,=37.4310,=46.5163,=60.3260,=2.7707,=0.5584,=1.7026,=2.2996,=2.6829,=3.2008,=3.7901,=1.9906,=0.5489,=1.2021,=1.6469,=1.9175,=2.3602,=3.1788,=0.0126,=0.6511,=0.0070,=0.0092,=0.0118,=0.0136,=0.0208,=0.0438,=0.0553,=0.0353,=1838
="931848",800红利低波,2024-05-21,=0.0103,=3184.4257,=0.0060,=9.3646,=0.6888,=7.4155,=8.3015,=9.0521,=9.4545,=9.7854,=0.9024,=0.3777,=0.7315,=0.8577,=0.9159,=0.9679,=1.0024,=1.7246,=1,=1.1714,=1.2403,=1.3552,=1.3986,=1.7246,=0.0405,=0.0522,=0.0399,=0.0412,=0.0435,=0.0517,=0.0594,=0.0462,=0.0929,=0.0480,=162
="932438",科创创业机器人,2025-05-16,,,=0.0055,=86.1145,=0.5331,=67.6486,=77.7141,=85.0821,=95.4827,=120.6496,=5.0472,=0.0599,=4.8391,=5.2212,=5.6287,=6.1812,=6.8835,=5.3578,=0.0221,=5.1403,=5.6912,=6.0194,=6.6149,=7.4199,=0.0036,=0.2965,=0.0030,=0.0036,=0.0039,=0.0043,=0.0049,=0.0383,=0.0666,=0.0401,=67
="000814",细分医药,2012-04-11,=0.0001,=8392.2600,=0.0054,=34.3363,=0.6515,=21.8871,=27.2039,=32.7462,=37.6665,=60.8250,=3.2549,=0.2202,=2.4219,=3.2072,=4.0830,=4.8855,=7.4081,=2.7617,=0.4338,=1.7858,=2.2898,=2.8882,=3.4952,=5.4819,=0.0147,=0.8392,=0.0055,=0.0075,=0.0097,=0.0139,=0.0215,=0.0622,=0.0890,=0.0611,=412
="932366",300现金流,2024-11-12,=0.0001,=3359.5574,=0.0053,=14.3357,=0.6059,=12.5879,=13.4415,=14.0713,=14.9108,=16.2670,=1.6982,=0.2437,=1.4920,=1.6860,=1.8192,=1.8928,=1.9885,=1.3273,=0.3964,=1.0861,=1.2270,=1.3883,=1.4390,=1.5124,=0.0359,=0.0661,=0.0324,=0.0378,=0.0400,=0.0411,=0.0453,=0.0672,=0.1163,=0.0747,=189
="932305",智选高股息,2024-09-30,=0.0117,=11211.8677,=0.0047,=10.0166,=0.9140,=7.0143,=7.5232,=8.3988,=9.4841,=10.9391,=1.0701,=0.6495,=0.8750,=0.9277,=1.0531,=1.0856,=1.1675,=0.5345,=0.1441,=0.4805,=0.7202,=0.7686,=1.2697,=1.3342,=0.0608,=0.3785,=0.0457,=0.0595,=0.0633,=0.0684,=0.0723,=0.0498,=0.1000,=0.0567,=367
="399993",CSWD生科,2015-05-08,=0.0032,=2616.3500,=0.0039,=85.0123,=0.9443,=31.0960,=44.1993,=56.6512,=74.6016,=122.8633,=3.8365,=0.2689,=2.5928,=3.6121,=5.9155,=7.5793,=15.2283,=7.5233,=0.3427,=4.8204,=6.7135,=8.8925,=14.0483,=21.1379,=0.0086,=0.6524,=0.0023,=0.0040,=0.0064,=0.0104,=0.0144,=0.0398,=0.0356,=0.0329,=68
="930931",港股通50,2017-01-16,=-0.0092,=3886.4346,=0.0034,=9.6986,=0.4663,=6.5385,=8.7154,=9.8209,=11.3510,=15.8907,=1.0847,=0.4616,=0.7428,=0.9474,=1.0954,=1.1788,=1.6058,=1.8421,=0.7163,=1.1204,=1.4721,=1.7120,=1.9119,=2.6369,=0.0345,=0.3350,=0.0233,=0.0327,=0.0370,=0.0437,=0.0589,=0.0564,=0.0997,=0.0507,=296
="1000002",A股全指,1994-01-01,=-0.0051,=5939.1427,=0.0034,=21.4271,=0.7852,=12.9500,=16.6929,=18.4845,=21.5569,=25.0020,=1.8180,=0.5806,=1.2633,=1.5740,=1.7419,=2.0043,=2.1910,=1.6734,=0.8070,=1.0499,=1.2419,=1.3988,=1.6691,=1.9034,=0.0197,=0.4367,=0.0142,=0.0167,=0.0205,=0.0235,=0.0329,=0.0469,=0.0745,=0.0420,=7978
="000985",中证全指,2011-08-02,=-0.0051,=5939.1427,=0.0034,=20.5500,=0.8074,=12.6044,=15.9637,=17.6530,=20.4663,=23.7678,=1.7784,=0.5699,=1.2581,=1.5484,=1.7142,=1.9441,=2.1557,=1.6383,=0.7951,=1.0381,=1.2268,=1.3874,=1.6413,=1.8438,=0.0202,=0.4503,=0.0148,=0.0175,=0.0207,=0.0240,=0.0333,=0.0472,=0.0749,=0.0423,=751
="HSAHP",恒生沪深港通AH股溢价指数,2007-07-09,=0.0025,=123.8400,=0.0031,=10.6389,=0.8774,=5.5550,=7.1430,=8.3699,=9.8208,=12.3156,=1.1091,=0.8497,=0.6208,=0.7734,=0.9225,=1.0851,=1.3863,=1.2666,=0.9265,=0.5653,=0.7668,=0.9030,=1.0920,=1.3750,=0.0324,=0.0830,=0.0268,=0.0345,=0.0398,=0.0520,=0.0665,=0.0536,=0.0958,=0.0629,=349
="930903",中证A股,2016-10-18,=-0.0051,=4093.9358,=0.0030,=20.4763,=0.7747,=12.9620,=16.2693,=17.8231,=20.6608,=23.9680,=1.7813,=0.5808,=1.2607,=1.5557,=1.7155,=1.9440,=2.2108,=1.6421,=0.8014,=1.0406,=1.2338,=1.3830,=1.6413,=1.9264,=0.0202,=0.4600,=0.0139,=0.0174,=0.0205,=0.0237,=0.0332,=0.0473,=0.0748,=0.0423,=23
="1000012",中小板全指,2005-12-01,=-0.0063,=14589.3200,=0.0030,=35.9562,=0.2227,=22.6352,=35.3655,=41.0138,=47.4359,=73.8161,=2.6727,=0.3942,=1.7125,=2.3729,=2.7939,=3.4204,=4.5009,=1.7913,=0.3064,=1.1448,=1.6386,=1.9634,=2.5049,=3.8481,=0.0121,=0.6726,=0.0054,=0.0082,=0.0108,=0.0134,=0.0200,=0.0465,=0.0671,=0.0392,=568
="399101",中小综指,2005-12-01,=-0.0063,=14589.3200,=0.0030,=35.9157,=0.2899,=22.7937,=34.4929,=40.3744,=45.8459,=65.2068,=2.6668,=0.4062,=1.7151,=2.3689,=2.7825,=3.3947,=4.4988,=1.8196,=0.3171,=1.1654,=1.6542,=1.9912,=2.5252,=3.8809,=0.0121,=0.6771,=0.0054,=0.0083,=0.0108,=0.0134,=0.0200,=0.0463,=0.0674,=0.0395,=26
="399395",国证有色,2012-10-29,=-0.0121,=9698.7200,=0.0029,=17.5915,=0.1934,=12.7731,=17.8361,=27.5884,=54.1374,=304.7299,=3.3747,=0.8998,=1.7304,=2.0833,=2.5062,=3.0987,=4.8522,=1.3371,=0.9315,=0.6150,=0.7945,=0.9084,=1.1755,=1.9521,=0.0174,=0.7864,=0.0031,=0.0057,=0.0104,=0.0178,=0.0242,=0.1286,=0.1543,=0.0763,=673
="1000004",上海A股,1994-01-01,=-0.0016,=3979.8900,=0.0028,=16.7242,=0.8759,=10.8441,=12.9364,=14.2924,=16.2425,=18.4959,=1.5159,=0.5996,=1.1181,=1.3162,=1.4437,=1.5929,=1.8457,=1.5284,=0.9526,=0.9734,=1.0889,=1.2356,=1.4092,=1.6065,=0.0238,=0.3922,=0.0184,=0.0214,=0.0254,=0.0296,=0.0389,=0.0478,=0.0804,=0.0440,=4926
="000001",上证指数,1991-07-15,=-0.0016,=3979.8900,=0.0028,=16.0730,=0.8115,=10.8403,=12.7209,=13.8332,=15.9982,=17.9144,=1.4795,=0.5810,=1.1148,=1.3021,=1.4401,=1.5624,=1.8463,=1.4881,=0.9233,=0.9369,=1.0774,=1.2153,=1.4140,=1.5771,=0.0246,=0.4412,=0.0185,=0.0223,=0.0252,=0.0297,=0.0391,=0.0481,=0.0805,=0.0440,=1566
="000044",上证中盘,2009-07-03,=-0.0026,=4571.2100,=0.0017,=12.8696,=0.5472,=8.6509,=10.4793,=12.5300,=14.6389,=18.7575,=1.2225,=0.4099,=0.9210,=1.0900,=1.2673,=1.6487,=1.9734,=1.2408,=0.4977,=0.9382,=1.1499,=1.2414,=1.4221,=1.7773,=0.0300,=0.6821,=0.0180,=0.0223,=0.0270,=0.0338,=0.0421,=0.0478,=0.0859,=0.0435,=102
="930851",云计算,2016-07-20,=-0.0013,=6492.6864,=0.0015,=57.8372,=0.3045,=37.0632,=53.1381,=68.2826,=96.0308,=313.0672,=7.6210,=0.9509,=2.7148,=3.6100,=4.3258,=5.4919,=9.9453,=4.7734,=0.9098,=1.6839,=2.4313,=3.1369,=3.8176,=6.4649,=0.0032,=0.2762,=0.0021,=0.0031,=0.0037,=0.0050,=0.0080,=0.0797,=0.0896,=0.0341,=485
="000037",上证医药,2009-01-09,=-0.0010,=6336.0400,=0.0002,=30.3818,=0.1390,=21.0843,=31.3809,=34.4277,=41.6974,=61.3894,=3.4227,=0.2561,=2.7278,=3.3338,=3.8452,=4.6066,=7.3155,=2.4570,=0.6000,=1.5724,=2.0207,=2.3509,=2.8074,=4.1395,=0.0118,=0.8235,=0.0048,=0.0075,=0.0099,=0.0117,=0.0146,=0.0648,=0.1036,=0.0607,=2073
="932255",A500红利增长,2025-04-09,,,=-0.0001,=10.7863,=0.4164,=9.2509,=10.4223,=10.8912,=11.7188,=12.2754,=1.2617,=0.3900,=1.0684,=1.2221,=1.2810,=1.3591,=1.4369,=1.7362,=0.4428,=1.3292,=1.6775,=1.7486,=1.9536,=2.0549,=0.0338,=0.1672,=0.0327,=0.0339,=0.0354,=0.0373,=0.0393,=0.0594,=0.1066,=0.0575,=45
="931524",SHS科技龙头,2020-07-16,=-0.0172,=2683.2247,=-0.0006,=29.1014,=0.6985,=18.9033,=23.5213,=26.8527,=34.4271,=59.9125,=3.5990,=0.4203,=2.7731,=3.3013,=3.6878,=5.1237,=9.0190,=2.7389,=0.5771,=1.6886,=2.2628,=2.5787,=4.1921,=7.2475,=0.0086,=0.5061,=0.0027,=0.0048,=0.0085,=0.0100,=0.0124,=0.0645,=0.1239,=0.0664,=230
="931397",A股通50,2020-02-20,,,=-0.0006,=13.4809,=0.5694,=8.9450,=10.5978,=13.0073,=21.3949,=29.8209,=1.7189,=0.4823,=1.1048,=1.2800,=1.7516,=3.5560,=4.6955,=2.2550,=0.6709,=1.0496,=1.2900,=1.8949,=2.8416,=3.9597,=0.0285,=0.5372,=0.0113,=0.0157,=0.0280,=0.0366,=0.0493,=0.0628,=0.1069,=0.0556,=11
="932037",央企现代能源,2022-11-16,=0,=1457.9962,=-0.0007,=15.0758,=0.8598,=10.8583,=12.0369,=12.9255,=14.4472,=18.2611,=1.5881,=0.8315,=1.1507,=1.3439,=1.4255,=1.5756,=1.8914,=0.9467,=0.9098,=0.4850,=0.6223,=0.7567,=0.8515,=1.0835,=0.0340,=0.1304,=0.0297,=0.0355,=0.0403,=0.0430,=0.0461,=0.0561,=0.0952,=0.0523,=39
="000857",500医药,2013-11-06,=0.0010,=10236.8200,=-0.0019,=28.6281,=0.4536,=16.5096,=22.8937,=29.9046,=37.2212,=66.9361,=2.8579,=0.5134,=1.9620,=2.4653,=2.8380,=3.4806,=5.0991,=2.6674,=0.7513,=1.3156,=1.7598,=2.1307,=2.7500,=4.5555,=0.0151,=0.6759,=0.0055,=0.0092,=0.0133,=0.0172,=0.0234,=0.0621,=0.0879,=0.0528,=737
="H50040",上红低波,2014-03-21,=0.0124,=10999.8969,=-0.0025,=8.6292,=0.7959,=4.6938,=5.9512,=7.1410,=9.6645,=14.3118,=0.8753,=0.6379,=0.5647,=0.6911,=0.8311,=1.3609,=1.8756,=1.6953,=1,=0.6380,=0.8684,=1.2015,=1.4128,=1.6953,=0.0417,=0.2652,=0.0230,=0.0391,=0.0465,=0.0588,=0.0718,=0.0498,=0.0936,=0.0482,=377
="HSHDYI",恒生高股息率指数,2012-12-10,=-0.0039,=1271.4800,=-0.0031,=7.6588,=0.7639,=3.6777,=4.8612,=6.6082,=7.8176,=10.6953,=0.7174,=0.5957,=0.4041,=0.5046,=0.6464,=0.9001,=1.1746,=1.1192,=0.5664,=0.5013,=0.7008,=1.0616,=1.4925,=1.9871,=0.0521,=0.1841,=0.0423,=0.0527,=0.0604,=0.0808,=0.1102,,=0.0903,=0.0467,=922
="950161",科创新药,2024-08-23,=-0.0121,=1224.0844,=-0.0034,=79.1217,=0,=79.1217,=349.3597,=-188.6074,=-92.1033,=1578.9342,=8.4733,=0.3707,=4.9324,=6.9143,=8.9910,=10.3213,=12.9042,=10.6658,=0.2566,=8.4204,=10.2307,=12.3417,=14.1693,=17.6998,=0.0014,=0.5255,=0.0009,=0.0011,=0.0013,=0.0018,=0.0023,=0.0680,=0.0403,=-0.0069,=52
="399989",中证医疗,2014-10-31,=0.0023,=6734.8900,=-0.0037,=30.0824,=0.2235,=22.9032,=29.6672,=37.7535,=59.6738,=114.3753,=3.4686,=0.1258,=2.8553,=3.6693,=5.4352,=8.1687,=13.4814,=5.5589,=0.1856,=4.3528,=5.5957,=6.5229,=9.4594,=17.4163,=0.0127,=0.6829,=0.0025,=0.0042,=0.0058,=0.0145,=0.0225,=0.0644,=0.1137,=0.0640,=8598
="000300",沪深300,2005-04-08,=-0.0030,=4611.4400,=-0.0040,=13.7779,=0.7101,=10.0799,=11.6919,=12.7174,=14.1765,=17.6279,=1.4609,=0.4816,=1.1457,=1.3350,=1.4670,=1.6202,=1.9228,=1.5455,=0.8936,=1.0330,=1.1718,=1.3168,=1.4702,=1.7482,=0.0276,=0.5080,=0.0199,=0.0236,=0.0275,=0.0317,=0.0422,=0.0540,=0.0934,=0.0492,=49468
="000819",有色金属,2012-05-09,=-0.0105,=9304.9900,=-0.0040,=17.6962,=0.1975,=12.4710,=17.7435,=27.6064,=52.8764,=193.6727,=3.5114,=0.8821,=1.7791,=2.1409,=2.6245,=3.2795,=4.9698,=1.3719,=0.8944,=0.6317,=0.8246,=0.9660,=1.2829,=1.9863,=0.0176,=0.7740,=0.0033,=0.0059,=0.0108,=0.0185,=0.0249,=0.1310,=0.1569,=0.0773,=2052
="000813",细分化工,2012-04-11,=-0.0105,=3795.6549,=-0.0045,=18.7457,=0.3546,=11.4329,=16.5252,=21.7641,=27.4255,=42.1751,=2.5523,=0.4882,=1.6736,=2.0410,=2.5727,=3.0887,=4.9148,=1.4439,=0.5340,=0.8896,=1.1114,=1.3995,=1.9384,=3.1071,=0.0183,=0.6445,=0.0059,=0.0109,=0.0166,=0.0201,=0.0259,=0.0921,=0.0961,=0.0475,=1003
="399986",中证银行,2013-07-15,=0.0188,=7562.3800,=-0.0054,=7.3892,=0.9493,=4.1183,=5.2599,=6.3263,=6.8850,=9.0846,=0.7027,=0.4788,=0.4848,=0.5836,=0.7106,=0.8893,=1.2416,=2.7434,=0.9435,=1.4134,=1.7842,=2.1846,=2.5370,=3.3016,=0.0408,=0.1773,=0.0285,=0.0411,=0.0458,=0.0572,=0.0756,=0.0449,=0.0881,=0.0451,=9686
="399348",深证价值,2009-11-04,=0,=6484.6400,=-0.0058,=16.8519,=0.7291,=9.9756,=12.8084,=14.9077,=17.4084,=21.4453,=1.7279,=0.5151,=1.2527,=1.4911,=1.7200,=2.0606,=2.9268,=1.2919,=0.6627,=0.8306,=1.0363,=1.1851,=1.4662,=2.1193,=0.0287,=0.6606,=0.0153,=0.0218,=0.0268,=0.0308,=0.0407,=0.0526,=0.0871,=0.0499,=293
="000929",中证材料,2009-07-03,=-0.0093,=4436.8816,=-0.0059,=19.2150,=0.4821,=9.9126,=14.1083,=19.5144,=24.5860,=279.5306,=2.4370,=0.8713,=1.3680,=1.6188,=1.9046,=2.3249,=3.1607,=1.2049,=0.8049,=0.6315,=0.7658,=0.8823,=1.2005,=1.5845,=0.0186,=0.4594,=0.0058,=0.0135,=0.0200,=0.0239,=0.0294,=0.0842,=0.1037,=0.0523,=527
="931130",红利成长低波,2018-12-04,,,=-0.0069,=8.2232,=0.6406,=4.4465,=5.6025,=7.7995,=8.7019,=11.5512,=0.8233,=0.3520,=0.5279,=0.6265,=0.8955,=1.0250,=1.5803,=2.7841,=0.9995,=0.3109,=0.8162,=1.3278,=1.9962,=2.8088,=0.0390,=0.3206,=0.0246,=0.0323,=0.0423,=0.0532,=0.0639,=0.0468,=0.0934,=0.0427,=157
="931268",持续发展,2019-11-15,=-0.0012,=2197.1433,=-0.0070,=15.1753,=0.2648,=14.1354,=15.0921,=15.6977,=16.2477,=17.1877,=2.0929,=0.4673,=1.7338,=1.8366,=2.1347,=2.2406,=2.3440,=1.9227,=0.8380,=1.5998,=1.7299,=1.7997,=1.8436,=2.0502,=0.0285,=0.1807,=0.0268,=0.0286,=0.0305,=0.0315,=0.0326,=0.0727,=0.1256,=0.0669,=24
="930050",中证A50,2024-01-02,=-0.0009,=1774.4020,=-0.0074,=16.4648,=0.2388,=13.9812,=16.0401,=17.3618,=18.0958,=19.9330,=2.1401,=0.6047,=1.7817,=1.9720,=2.0962,=2.2036,=2.3759,=1.6846,=0.9333,=1.0165,=1.1294,=1.3732,=1.5829,=1.7441,=0.0286,=0.2093,=0.0260,=0.0285,=0.0297,=0.0308,=0.0348,=0.0668,=0.1115,=0.0600,=1045
="000903",中证A100,2006-05-29,=-0.0028,=4453.3600,=-0.0074,=17.1158,=0.9311,=9.4390,=11.2572,=12.6461,=14.6259,=18.7565,=1.8871,=0.9501,=1.1800,=1.3863,=1.5274,=1.6871,=1.9716,=1.6368,=0.9790,=0.9660,=1.1007,=1.2230,=1.3854,=1.7127,=0.0265,=0.2111,=0.0221,=0.0264,=0.0291,=0.0329,=0.0397,=0.0568,=0.0942,=0.0527,=3096
="399372",大盘成长,2010-01-04,=-0.0083,=5231.7800,=-0.0075,=18.8037,=0.2957,=14.2162,=17.4200,=20.4593,=25.3722,=45.9159,=3.9619,=0.6738,=1.9139,=2.5132,=3.0709,=5.3725,=9.5601,=2.1417,=0.3274,=1.2183,=1.8035,=2.5907,=3.4508,=6.6651,=0.0174,=0.5270,=0.0069,=0.0115,=0.0170,=0.0231,=0.0308,=0.1071,=0.1447,=0.0749,=319
="H30269",红利低波,2013-12-19,=0.0121,=11154.6289,=-0.0076,=8.6369,=0.7959,=4.5638,=5.5488,=6.9328,=9.4786,=14.4342,=0.8862,=0.6577,=0.5386,=0.6570,=0.7994,=1.3872,=1.9670,=1.6855,=1,=0.6111,=0.8850,=1.0973,=1.4166,=1.6855,=0.0423,=0.2425,=0.0246,=0.0406,=0.0503,=0.0605,=0.0732,=0.0505,=0.0946,=0.0469,=4837
="930708",中证有色,2015-07-13,=-0.0111,=3060.0531,=-0.0078,=17.5310,=0.1761,=13.9228,=18.3521,=29.3704,=56.8338,=395.6003,=3.2648,=0.8470,=1.7134,=2.0956,=2.5624,=3.1734,=4.7639,=1.1775,=0.7814,=0.6123,=0.7796,=0.8961,=1.1923,=1.7984,=0.0170,=0.8157,=0.0032,=0.0057,=0.0101,=0.0168,=0.0233,=0.1246,=0.1479,=0.0736,=541
="399377",小盘价值,2010-01-04,=0.0037,=7636.7700,=-0.0079,=16.9726,=0.6789,=9.8385,=13.2773,=15.1881,=19.2368,=34.2299,=1.3137,=0.6624,=0.8997,=1.0824,=1.2374,=1.5126,=2.1990,=0.7492,=0.5561,=0.4594,=0.5454,=0.7121,=1.1342,=1.8295,=0.0285,=0.6678,=0.0113,=0.0199,=0.0259,=0.0310,=0.0386,=0.0432,=0.0578,=0.0343,=625
="932000",中证2000,2023-08-11,=-0.0017,=3174.6163,=-0.0089,=121.2940,=0.6054,=44.0427,=58.4177,=88.9132,=153.5926,=228.3990,=2.5963,=0.6703,=1.5089,=1.9880,=2.3589,=2.8535,=3.3036,=2.1386,=0.6824,=1.1809,=1.5653,=1.8825,=2.3257,=2.6726,=0.0079,=0.2703,=0.0062,=0.0077,=0.0091,=0.0113,=0.0155,=0.0201,=0.0154,=0.0194,=1240
="000028",180成长,2009-01-09,=-0.0071,=3878.1600,=-0.0089,=12.7815,=0.2338,=9.5268,=12.3650,=14.6720,=18.2344,=25.1474,=2.0797,=0.3076,=1.5063,=1.8681,=2.6890,=3.1694,=5.1089,=2.4882,=0.9773,=1.1581,=1.4644,=1.6374,=1.8925,=2.7082,=0.0249,=0.7641,=0.0090,=0.0178,=0.0225,=0.0253,=0.0375,=0.0884,=0.1358,=0.0573,=195
="HSISC",恒指港股通指数,2024-03-01,=-0.0086,=3465.3000,=-0.0091,=11.0046,=0.5530,=7.5992,=8.6830,=10.6819,=11.9054,=12.8475,=1.2240,=0.6199,=0.8411,=0.9240,=1.1511,=1.2565,=1.3442,=1.5137,=0.5710,=0.9830,=1.1429,=1.4526,=1.6099,=1.7320,=0.0341,=0.1990,=0.0322,=0.0341,=0.0380,=0.0500,=0.0595,,=0.1037,=0.0526,=52
="000913",300医药,2007-07-02,=0.0044,=8131.6900,=-0.0096,=32.6718,=0.4445,=22.1588,=28.7651,=33.2926,=39.5137,=73.4129,=3.3184,=0.0767,=2.7345,=3.5462,=4.7582,=6.0065,=9.5028,=2.8007,=0.1357,=2.2757,=2.8888,=3.3184,=5.2868,=7.4989,=0.0162,=0.8557,=0.0040,=0.0072,=0.0090,=0.0155,=0.0221,=0.0674,=0.0967,=0.0687,=3423
="399550",央视50,2012-06-06,=0.0037,=8012.5200,=-0.0098,=10.2764,=0.8384,=6.8960,=8.3142,=9.3628,=10.1663,=13.0561,=1.0421,=0.3262,=0.8649,=1.0116,=1.2257,=1.4261,=1.8564,=2.1298,=0.9109,=1.3448,=1.6641,=1.8367,=2.0677,=2.5217,=0.0386,=0.5427,=0.0268,=0.0326,=0.0377,=0.0446,=0.0593,=0.0497,=0.0945,=0.0500,=2277
="931373",股息龙头,2019-11-15,,,=-0.0101,=9.7003,=0.8058,=5.4295,=6.9151,=8.4335,=9.6574,=11.4004,=1.2119,=0.9618,=0.6697,=0.8578,=1.0186,=1.1355,=1.2586,=1.8477,=0.9854,=0.5706,=0.8178,=0.9974,=1.4151,=1.9212,=0.0389,=0.1280,=0.0347,=0.0397,=0.0462,=0.0542,=0.0682,=0.0602,=0.1004,=0.0502,=329
="000971",等权90,2010-12-02,=-0.0020,=3324.4989,=-0.0103,=13.0360,=0.6962,=8.9747,=10.9611,=11.9767,=13.7750,=19.4330,=1.5575,=0.6690,=1.1544,=1.3322,=1.4657,=1.6219,=2.2329,=1.8002,=0.9732,=1.0052,=1.1518,=1.2714,=1.5576,=1.9075,=0.0275,=0.3483,=0.0181,=0.0255,=0.0290,=0.0330,=0.0448,=0.0599,=0.1045,=0.0545,=10
="HSI",恒生指数,1989-03-09,=-0.0093,=25329.7300,=-0.0117,=11.1644,=0.6231,=6.9462,=9.2273,=10.3752,=12.2520,=16.9606,=1.2289,=0.7013,=0.7519,=0.9738,=1.1329,=1.2677,=1.5570,=1.4713,=0.5417,=0.8141,=1.1480,=1.4419,=1.6549,=2.0895,=0.0337,=0.2438,=0.0204,=0.0330,=0.0368,=0.0444,=0.0596,,=0.1032,=0.0528,=13643
="1000015",港股全指,2000-01-01,=-0.0093,=25329.7300,=-0.0117,=12.5832,=0.6152,=7.5917,=10.2569,=11.4444,=13.6002,=19.1348,=1.1106,=0.6002,=0.6574,=0.8625,=1.0727,=1.1863,=1.5123,=1.1907,=0.6266,=0.6196,=0.8644,=1.1070,=1.2707,=1.5791,=0.0323,=0.4116,=0.0205,=0.0300,=0.0332,=0.0422,=0.0574,,,,=308
="932420",智选船舶产业,2025-05-28,=0.0011,=1427.2798,=-0.0124,=17.7412,=0.5659,=12.9248,=14.1928,=17.1211,=19.7715,=21.8048,=1.4118,=0.7717,=1.1414,=1.2433,=1.3058,=1.4223,=1.5726,=1.0019,=0.6334,=0.8043,=0.8851,=0.9522,=1.0351,=1.1519,=0.0265,=0.3794,=0.0219,=0.0249,=0.0291,=0.0317,=0.0350,=0.0462,=0.0735,=0.0406,=20
="931446",东证红利低波,2020-04-21,=0.0163,=3399.7443,=-0.0125,=8.6868,=0.8588,=5.1478,=6.1955,=7.2151,=8.5307,=11.0216,=0.8421,=0.7540,=0.5884,=0.6982,=0.7679,=0.8689,=1.2481,=1.5581,=0.9834,=0.5909,=0.7581,=0.8986,=1.3411,=1.5979,=0.0410,=0.1538,=0.0325,=0.0416,=0.0483,=0.0563,=0.0651,=0.0477,=0.0895,=0.0473,=910
="399310",国证A50,2005-09-05,=-0.0015,=7913.7600,=-0.0129,=16.3855,=0.7872,=8.8433,=10.6211,=13.6355,=16.6592,=22.6576,=1.9727,=0.7200,=1.1237,=1.3170,=1.6851,=2.0439,=2.9417,=1.4778,=0.7501,=0.9633,=1.1381,=1.2497,=1.5146,=2.2769,=0.0246,=0.2573,=0.0160,=0.0240,=0.0294,=0.0316,=0.0370,=0.0597,=0.1076,=0.0555,=292
="000811",细分有色,2012-04-11,=-0.0100,=11225.4102,=-0.0131,=17.2817,=0.1794,=13.5118,=17.9354,=29.2341,=55.6087,=297.5649,=3.3485,=0.8713,=1.7438,=2.0869,=2.5621,=3.1753,=4.8073,=1.3035,=0.9064,=0.6338,=0.7856,=0.9037,=1.1945,=1.9173,=0.0175,=0.8214,=0.0033,=0.0058,=0.0103,=0.0172,=0.0234,=0.1284,=0.1531,=0.0756,=206
="931167",先进制造100,2019-04-25,=0.0020,=7637.6397,=-0.0134,=16.3044,=0.7450,=10.3762,=13.0349,=14.3006,=16.9321,=20.9116,=2.6892,=0.8212,=1.6383,=2.0342,=2.2663,=2.6284,=3.3727,=1.8824,=0.8885,=0.9031,=1.2384,=1.4459,=1.6750,=2.1795,=0.0305,=0.8554,=0.0136,=0.0208,=0.0257,=0.0295,=0.0362,=0.0863,=0.1483,=0.0844,=344
="399371",国证价值,2010-01-04,=0.0077,=7104.8100,=-0.0137,=9.7898,=0.6891,=6.4728,=7.8356,=9.0963,=10.3048,=13.0475,=1.0042,=0.5076,=0.7249,=0.8967,=1.0027,=1.2181,=1.5675,=1.1384,=0.8437,=0.5764,=0.7536,=0.8692,=1.0946,=1.3812,=0.0381,=0.3885,=0.0249,=0.0342,=0.0395,=0.0477,=0.0565,=0.0518,=0.0892,=0.0483,=152
="931000",大湾区,2017-07-19,=-0.0135,=1744.1316,=-0.0140,=19.0148,=0.7874,=11.8370,=14.5794,=16.2576,=19.1377,=23.4463,=2.0647,=0.4853,=1.3750,=1.7715,=2.0734,=2.5449,=3.2666,=1.5429,=0.4754,=1.1015,=1.3366,=1.5625,=1.8689,=2.5221,=0.0221,=0.5025,=0.0138,=0.0173,=0.0221,=0.0260,=0.0341,=0.0568,=0.0809,=0.0483,=16
="930839",港股通高息精选,2016-06-08,=0.0007,=3395.4330,=-0.0144,=9.0291,=0.4389,=4.9918,=7.1350,=9.3447,=13.0748,=31.7979,=1.3521,=0.7462,=0.7294,=0.9293,=1.0783,=1.5790,=4.8768,=1.1264,=0.4344,=0.3418,=0.5599,=1.2237,=1.8446,=6.3245,=0.0532,=0.5660,=0.0089,=0.0375,=0.0498,=0.0677,=0.1118,,=0.1444,=0.0781,=394
="930743",中证生科,2015-08-26,=0.0014,=3242.3811,=-0.0153,=50.8676,=0.5216,=24.0733,=39.5208,=50.0745,=59.8819,=100.3520,=3.8381,=0.1996,=2.9526,=3.8389,=6.1117,=8.0612,=14.6705,=6.6442,=0.2973,=4.7455,=6.2659,=8.4172,=12.3794,=18.8359,=0.0086,=0.6301,=0.0025,=0.0045,=0.0061,=0.0106,=0.0169,=0.0545,=0.0618,=0.0444,=1230
="000955",中证国企,2010-02-09,,,=-0.0155,=14.6207,=0.7303,=10.0979,=11.7062,=12.7317,=14.9470,=16.8119,=1.2753,=0.4779,=1.0210,=1.1826,=1.2853,=1.4066,=1.7591,=1.3030,=0.8441,=0.7969,=0.9757,=1.0895,=1.2846,=1.4527,=0.0276,=0.5212,=0.0195,=0.0243,=0.0273,=0.0324,=0.0414,=0.0459,=0.0765,=0.0426,=44
="931140",医药50,2019-03-20,=0.0032,=10120.7398,=-0.0155,=25.2556,=0.1763,=20.8651,=25.5289,=28.5688,=42.3658,=67.0844,=3.9036,=0.0896,=3.0998,=4.2067,=4.9445,=7.3795,=10.9696,=4.6526,=0.2255,=3.4950,=4.6197,=5.1179,=7.0664,=12.1248,=0.0163,=0.7347,=0.0046,=0.0077,=0.0108,=0.0173,=0.0237,=0.0849,=0.1515,=0.0835,=1224
="931247",中证信创,2012-12-21,=-0.0068,=1440.8994,=-0.0156,=53.9402,=0,=53.9402,=99.6143,=191.6120,=272.0579,=369.3964,=5.7079,=0.7284,=2.7947,=3.5354,=4.7429,=6.0271,=7.8335,=4.4805,=0.5979,=2.8203,=3.4300,=4.1877,=4.9543,=6.1894,=0.0038,=0.2859,=0.0029,=0.0036,=0.0042,=0.0052,=0.0076,=0.0724,=0.0400,=0.0033,=105
="930740",300红利LV,2018-12-04,=0.0112,=7056.3058,=-0.0157,=9.3027,=0.9494,=5.4153,=6.8462,=7.5550,=8.7648,=9.6903,=0.8892,=0.6076,=0.6159,=0.7745,=0.8578,=0.9447,=1.0604,=1.6285,=0.9217,=0.6725,=0.8592,=1.0827,=1.5205,=1.9253,=0.0420,=0.2087,=0.0370,=0.0419,=0.0451,=0.0510,=0.0622,=0.0462,=0.0932,=0.0455,=648
="399698",优势成长,2017-06-15,=0.0063,=51281.0900,=-0.0163,=27.5154,=0.6485,=14.2338,=18.2736,=23.2804,=35.4283,=66.5130,=1.4796,=0.1885,=1.2178,=1.4851,=1.8971,=2.2903,=2.9395,=2.4010,=0.7704,=0.6634,=1.0696,=1.7278,=2.5788,=4.7303,=0.0276,=0.9482,=0.0069,=0.0108,=0.0160,=0.0212,=0.0303,=0.0360,=0.0690,=0.0308,=42
="931395",沪港深300,2020-01-14,=-0.0048,=1694.5241,=-0.0168,=11.6520,=0.6005,=8.3275,=10.0371,=10.9091,=12.5334,=16.6490,=1.2723,=0.5814,=0.9663,=1.1057,=1.2259,=1.3680,=1.7241,=1.5664,=0.7615,=0.9881,=1.1750,=1.3349,=1.5879,=1.8801,=0.0311,=0.3435,=0.0218,=0.0273,=0.0330,=0.0392,=0.0499,=0.0551,=0.0972,=0.0503,=511
="000043",超大盘,2009-04-23,=0.0052,=2572.5500,=-0.0169,=11.3768,=0.5839,=7.5271,=9.4626,=10.9287,=12.8636,=17.2195,=1.3512,=0.4833,=0.9803,=1.2132,=1.3552,=1.5050,=1.9858,=2.2088,=0.9579,=0.7153,=0.8700,=1.2713,=1.5334,=2.3305,=0.0323,=0.4767,=0.0191,=0.0243,=0.0326,=0.0406,=0.0547,=0.0574,=0.1053,=0.0539,=168
="932422",A500红利低波,2025-04-09,=0.0115,=3049.9525,=-0.0171,=10.2712,=0.8592,=9.0426,=9.7860,=10.0250,=10.2222,=10.5846,=0.9846,=0.1642,=0.8811,=0.9977,=1.0370,=1.0550,=1.0978,=1.4179,=0.5689,=1.2431,=1.2972,=1.3938,=1.4629,=1.5336,=0.0411,=0.4311,=0.0388,=0.0403,=0.0416,=0.0432,=0.0466,=0.0468,=0.0948,=0.0455,=397
="930992",沪港深红利低波,2017-06-28,,,=-0.0175,=8.0520,=0.8873,=4.0130,=5.2198,=5.9763,=7.8764,=8.5109,=0.7628,=0.9328,=0.4277,=0.5392,=0.5954,=0.7363,=0.7950,=1.2044,=0.8437,=0.4496,=0.6023,=0.8938,=1.1892,=1.3912,=0.0488,=0.0201,=0.0476,=0.0536,=0.0713,=0.0765,=0.0949,=0.0480,=0.0878,=0.0455,=59
="000010",上证180,2002-07-01,=-0.0018,=9839.5200,=-0.0176,=11.7370,=0.6718,=8.4900,=9.9408,=11.0428,=12.1444,=14.6942,=1.2451,=0.4722,=0.9930,=1.1498,=1.2553,=1.3646,=1.6698,=1.4292,=0.9348,=0.8990,=1.0652,=1.1962,=1.3138,=1.4916,=0.0311,=0.4854,=0.0224,=0.0272,=0.0313,=0.0373,=0.0465,=0.0532,=0.0943,=0.0490,=2511
="000808",医药生物,2012-02-17,=0.0025,=8138.0650,=-0.0179,=32.7208,=0.4008,=23.4705,=28.3997,=34.5548,=37.8852,=66.3352,=3.0659,=0.0911,=2.6521,=3.2369,=4.1296,=4.9177,=7.9299,=2.8776,=0.3571,=2.0659,=2.6650,=3.0932,=3.5475,=6.2098,=0.0147,=0.8045,=0.0050,=0.0071,=0.0096,=0.0146,=0.0209,=0.0607,=0.0877,=0.0576,=1426
="931157",SHS红利成长LV,2019-04-25,=0.0098,=7319.0460,=-0.0182,=7.9255,=0.6745,=4.1261,=5.6201,=7.0070,=8.3126,=11.5318,=0.7923,=0.4710,=0.5154,=0.6292,=0.8036,=0.9178,=1.5888,=1.7159,=0.9962,=0.5018,=0.7144,=1.0445,=1.4277,=1.7619,=0.0452,=0.3061,=0.0259,=0.0420,=0.0481,=0.0556,=0.0761,=0.0487,=0.0964,=0.0513,=360
="931587",500价值稳健,2020-11-09,=0.0073,=21536.6296,=-0.0186,=17.2348,=0.9509,=9.7530,=12.2251,=14.2618,=15.6600,=19.8926,=1.3760,=0.8658,=0.8925,=1.0585,=1.1631,=1.3270,=1.5437,=0.8316,=0.9964,=0.3384,=0.4614,=0.5137,=0.5918,=0.8392,=0.0326,=0.3939,=0.0250,=0.0298,=0.0336,=0.0360,=0.0456,=0.0470,=0.0672,=0.0460,=81
="399314",巨潮大盘,2005-02-03,=-0.0024,=5018.3500,=-0.0196,=12.8727,=0.6804,=9.6620,=11.1381,=12.0861,=13.4972,=17.5384,=1.4143,=0.4969,=1.0976,=1.2830,=1.4149,=1.5848,=1.9279,=1.5460,=0.8870,=0.9932,=1.1678,=1.3143,=1.4775,=1.8124,=0.0287,=0.5035,=0.0201,=0.0248,=0.0286,=0.0328,=0.0435,=0.0547,=0.0938,=0.0494,=17
="000991",全指医药,2011-08-02,=0.0025,=8543.7900,=-0.0200,=31.0639,=0.3192,=23.5983,=29.4135,=33.9079,=39.4043,=73.5923,=2.9669,=0.0676,=2.5957,=3.1703,=3.7455,=4.5540,=6.5650,=2.8108,=0.3472,=2.0200,=2.6563,=2.9934,=3.6913,=5.9103,=0.0157,=0.8656,=0.0056,=0.0073,=0.0097,=0.0148,=0.0212,=0.0608,=0.0907,=0.0575,=7993
="931069",中金300,2018-02-14,=0.0075,=4897.1363,=-0.0214,=10.0028,=0.7006,=5.9518,=7.5969,=9.3201,=10.4706,=13.6164,=1.0704,=0.5031,=0.7377,=0.9256,=1.0630,=1.3506,=1.8328,=1.3594,=0.8315,=0.6656,=0.8733,=1.1180,=1.3331,=1.7542,=0.0385,=0.4954,=0.0253,=0.0318,=0.0386,=0.0472,=0.0560,=0.0549,=0.0958,=0.0488,=103
="930651",CS计算机,2015-06-05,=-0.0062,=7584.0714,=-0.0219,=38.1788,=0.0338,=33.6687,=44.1353,=56.0795,=66.7818,=115.0591,=4.6310,=0.6000,=2.6283,=3.7942,=4.3706,=5.0825,=6.5144,=2.8143,=0.1394,=2.0877,=2.9013,=3.5711,=4.2659,=5.5248,=0.0106,=0.9377,=0.0028,=0.0059,=0.0071,=0.0091,=0.0156,=0.0668,=0.0892,=0.0313,=666
="399702",深证F120,2010-05-10,=0.0003,=7409.2000,=-0.0220,=24.2246,=0.9270,=12.6034,=17.7484,=20.7903,=22.6689,=28.8861,=2.2236,=0.5146,=1.5963,=1.9896,=2.2160,=2.6272,=3.5867,=1.4157,=0.6190,=0.8721,=1.1406,=1.3246,=1.5883,=2.2308,=0.0216,=0.7151,=0.0114,=0.0165,=0.0194,=0.0232,=0.0299,=0.0541,=0.0726,=0.0466,=1429
="399019",创业200,2023-11-15,=-0.0090,=4442.9700,=-0.0227,=68.7603,=0.3212,=45.1604,=60.2726,=83.1124,=109.8784,=137.0675,=3.2774,=0.5303,=1.8905,=2.4945,=3.2403,=3.8721,=4.5553,=3.1156,=0.6288,=1.7802,=2.3450,=2.8924,=3.4126,=4.2060,=0.0079,=0.5364,=0.0055,=0.0065,=0.0078,=0.0089,=0.0120,=0.0313,=0.0404,=0.0268,=86
="931166",医药健康100,2019-04-25,=0.0026,=3939.0040,=-0.0234,=25.0182,=0.4568,=17.5935,=22.4299,=25.9758,=35.7443,=58.5515,=3.5029,=0.2607,=2.7671,=3.3759,=4.1591,=5.8359,=8.5226,=4.6262,=0.8324,=2.1887,=3.0640,=3.8021,=4.5146,=6.8190,=0.0159,=0.6906,=0.0059,=0.0080,=0.0121,=0.0179,=0.0263,=0.0791,=0.1325,=0.0724,=402
="399701",深证F60,2010-05-10,=-0.0005,=7752.4900,=-0.0237,=21.8073,=0.7423,=12.1841,=17.0099,=19.9620,=22.2665,=29.1141,=2.0498,=0.2462,=1.6712,=2.0189,=2.1793,=2.5392,=3.7270,=1.3533,=0.4796,=1.0125,=1.2363,=1.3618,=1.5636,=2.4139,=0.0257,=0.8734,=0.0118,=0.0177,=0.0206,=0.0249,=0.0310,=0.0535,=0.0664,=0.0457,=1680
="931802",中证龙头,2010-02-09,=-0.0018,=1799.9418,=-0.0239,=12.4196,=0.4936,=9.1945,=11.4192,=12.4409,=14.0025,=18.2393,=2.0045,=0.9101,=1.2921,=1.4771,=1.6749,=1.9027,=2.6625,=2.6364,=0.9707,=0.9048,=1.0878,=1.3750,=2.0186,=2.8954,=0.0289,=0.4784,=0.0165,=0.0261,=0.0292,=0.0352,=0.0446,=0.0820,=0.1325,=0.0640,=98
="000933",中证医药,2009-07-03,=0.0034,=7896.3900,=-0.0240,=30.6005,=0.4049,=22.6651,=27.9022,=32.2559,=36.3964,=63.0472,=3.0805,=0.1621,=2.5059,=3.1689,=3.9636,=4.6027,=7.0232,=2.7352,=0.3381,=1.9281,=2.5100,=2.9923,=3.4966,=5.1631,=0.0157,=0.8186,=0.0055,=0.0078,=0.0098,=0.0155,=0.0226,=0.0647,=0.0926,=0.0614,=7214
="950090",50AH优选,2015-12-10,=-0.0009,=6031.9093,=-0.0247,=9.4443,=0.6866,=6.3188,=7.9171,=8.7097,=9.8664,=13.5010,=1.0690,=0.6292,=0.7914,=0.9506,=1.0322,=1.1230,=1.5403,=1.3838,=0.9584,=0.6574,=0.8491,=0.9572,=1.0795,=1.4553,=0.0364,=0.3252,=0.0256,=0.0346,=0.0397,=0.0476,=0.0655,=0.0564,=0.1007,=0.0530,=2000
="399394",国证医药,2012-10-29,=0.0020,=8276.2400,=-0.0248,=32.9261,=0.4309,=22.8656,=29.2541,=34.0307,=38.7006,=65.8576,=3.2096,=0.0920,=2.7032,=3.3873,=4.4432,=5.3374,=8.6075,=2.9001,=0.3348,=1.9890,=2.7092,=3.1209,=4.5824,=6.5385,=0.0147,=0.8247,=0.0047,=0.0073,=0.0094,=0.0144,=0.0225,=0.0629,=0.0916,=0.0604,=1068
="930629",CSSW健康,2015-05-08,=0.0042,=5582.7652,=-0.0251,=10.6334,=0.0008,=10.5381,=17.3773,=21.4429,=38.4319,=49.9253,=1.9571,=0.0796,=1.7351,=2.1434,=3.0255,=4.5769,=6.2998,=1.5395,=0.1715,=1.2755,=1.5517,=1.8745,=4.7309,=7.2978,=0.0237,=0.9612,=0.0057,=0.0077,=0.0161,=0.0213,=0.0272,=0.0965,=0.1388,=0.0667,=280
="000919",300价值,2008-01-21,=0.0092,=5182.6958,=-0.0255,=8.9358,=0.6825,=5.9577,=7.3283,=8.4453,=9.2412,=12.2376,=0.9316,=0.4965,=0.6917,=0.8489,=0.9324,=1.1305,=1.5388,=1.1540,=0.9159,=0.6314,=0.7861,=0.9060,=1.1110,=1.3421,=0.0396,=0.3843,=0.0265,=0.0368,=0.0407,=0.0490,=0.0609,=0.0515,=0.0921,=0.0477,=4343
="931586",300价值稳健,2020-11-09,=0.0056,=7433.6320,=-0.0261,=11.4667,=0.6088,=8.1741,=9.7143,=11.1775,=12.7127,=15.0111,=1.2877,=0.3756,=0.9699,=1.1956,=1.3211,=1.5108,=1.6570,=1.3012,=0.8157,=0.7359,=0.8664,=0.9894,=1.2699,=1.5639,=0.0362,=0.3997,=0.0248,=0.0321,=0.0371,=0.0406,=0.0470,=0.0557,=0.1070,=0.0599,=44
="000042",上证央企,2009-03-30,=0.0065,=1763.0300,=-0.0267,=10.0249,=0.7748,=6.3284,=7.8863,=9.2276,=10.0892,=12.9577,=1.0369,=0.6911,=0.7230,=0.8871,=0.9826,=1.1097,=1.4812,=1.3614,=0.9992,=0.6569,=0.8569,=0.9790,=1.1536,=1.3891,=0.0356,=0.2202,=0.0261,=0.0350,=0.0381,=0.0469,=0.0583,=0.0513,=0.0920,=0.0463,=391
="931082",A500现金流,2025-07-16,,,=-0.0268,=14.1982,=0.5164,=11.3087,=12.3931,=14.1256,=14.9508,=16.5522,=1.6624,=0.1855,=1.4812,=1.6672,=1.8322,=1.9471,=2.0613,=1.3553,=0.3273,=1.2039,=1.3174,=1.3969,=1.5528,=1.6378,=0.0345,=0.2036,=0.0310,=0.0344,=0.0374,=0.0426,=0.0482,=0.0703,=0.1166,,=133
="HSCAIT",恒生A股行业龙头指数,2009-09-21,=0.0016,=5603.0900,=-0.0275,=12.4292,=0.8999,=8.2192,=9.8003,=10.5512,=11.8929,=14.1027,=1.3401,=0.7492,=1.0288,=1.1884,=1.2683,=1.3563,=1.6997,=1.3589,=0.9596,=0.8424,=0.9741,=1.0591,=1.2228,=1.4109,=0.0342,=0.4349,=0.0260,=0.0318,=0.0347,=0.0405,=0.0503,=0.0541,=0.1023,=0.0521,=494
="399020",创业小盘,2023-11-15,=-0.0070,=1725.5000,=-0.0294,=109.4811,=0.3112,=48.5170,=82.8082,=142.6528,=211.5278,=256.8495,=3.4085,=0.5900,=1.8521,=2.4696,=3.2428,=3.7800,=4.3734,=3.3214,=0.5678,=1.9895,=2.5920,=3.2023,=3.7856,=4.2999,=0.0057,=0.1062,=0.0050,=0.0061,=0.0068,=0.0082,=0.0109,=0.0232,=0.0199,=0.0201,=13
="000016",上证50,2004-01-02,=0.0017,=2941.8200,=-0.0295,=11.0064,=0.6557,=8.3126,=9.6664,=10.5416,=11.5646,=15.1108,=1.2628,=0.5996,=1.0245,=1.1706,=1.2400,=1.3330,=1.6482,=1.6140,=0.9810,=0.8665,=1.0182,=1.1389,=1.3000,=1.6553,=0.0320,=0.3629,=0.0240,=0.0291,=0.0334,=0.0397,=0.0497,=0.0576,=0.1007,=0.0530,=23651
="H30455",沪港深500,2014-11-28,=-0.0060,=2577.1381,=-0.0295,=12.4580,=0.6709,=8.5690,=10.3715,=11.5537,=13.2242,=16.8903,=1.3319,=0.5832,=0.9675,=1.1610,=1.2970,=1.4056,=1.7307,=1.5556,=0.8427,=0.9518,=1.1783,=1.3305,=1.5223,=1.7787,=0.0300,=0.4476,=0.0214,=0.0275,=0.0306,=0.0375,=0.0485,=0.0548,=0.0960,=0.0497,=526
="930955",红利低波100,2017-05-26,=0.0109,=11441.4622,=-0.0297,=9.3108,=0.8738,=5.0805,=6.0808,=7.4531,=8.6793,=11.5013,=0.9014,=0.6619,=0.5792,=0.6674,=0.8323,=0.9853,=1.3722,=1.5737,=0.9893,=0.5888,=0.7807,=0.9938,=1.3787,=1.7525,=0.0430,=0.1906,=0.0270,=0.0431,=0.0469,=0.0560,=0.0683,=0.0466,=0.0928,=0.0503,=2440
="932315",中证红利质量,2024-07-08,=-0.0019,=4378.8030,=-0.0300,=15.1898,=0.3977,=12.3916,=13.9557,=15.6414,=16.5745,=18.7206,=2.9785,=0.4704,=2.1812,=2.4254,=3.0248,=3.9494,=4.4900,=3.6736,=0.9598,=2.0136,=2.2373,=3.0366,=3.2302,=3.7823,=0.0372,=0.2333,=0.0312,=0.0369,=0.0389,=0.0420,=0.0443,=0.1163,=0.1829,=0.0837,=590
="930949",价值回报,2017-02-24,,,=-0.0305,=13.0649,=0.8556,=5.5354,=8.1759,=10.0427,=12.5051,=17.5400,=2.1901,=0.8020,=1.2865,=1.4784,=1.7529,=2.1861,=3.1701,=1.4579,=0.9671,=0.5488,=0.7131,=0.8796,=1.2802,=1.7276,=0.0375,=0.5538,=0.0155,=0.0258,=0.0352,=0.0485,=0.0681,=0.0960,=0.1096,=0.0576,=30
="H30356",800价值,2014-06-09,=0.0079,=6439.1835,=-0.0312,=9.4935,=0.6411,=6.4024,=7.7149,=9.0676,=9.9385,=13.4784,=0.9744,=0.4849,=0.7030,=0.8643,=0.9828,=1.1646,=1.6287,=1.0988,=0.8340,=0.5868,=0.7417,=0.8873,=1.0827,=1.3738,=0.0386,=0.4943,=0.0239,=0.0337,=0.0386,=0.0474,=0.0589,=0.0510,=0.0908,=0.0471,=36
="930791",CS医药TI,2016-03-22,=0.0031,=8965.5826,=-0.0318,=33.9843,=0.4115,=23.2364,=30.0855,=35.3942,=40.2023,=70.7414,=2.8454,=0.0833,=2.4395,=3.0174,=3.8239,=4.5683,=6.6660,=2.6363,=0.2482,=2.0598,=2.5748,=2.9477,=3.5109,=5.1130,=0.0151,=0.8594,=0.0054,=0.0072,=0.0098,=0.0144,=0.0204,=0.0543,=0.0784,=0.0518,=199
="399313",巨潮100,2005-02-03,=-0.0011,=5268.6300,=-0.0327,=12.0631,=0.7035,=8.9278,=10.3882,=11.1446,=12.4332,=16.6101,=1.3669,=0.5823,=1.0718,=1.2426,=1.3395,=1.4929,=1.8501,=1.6998,=0.9810,=0.9844,=1.1492,=1.2739,=1.4602,=1.7644,=0.0293,=0.3715,=0.0217,=0.0274,=0.0303,=0.0349,=0.0452,=0.0570,=0.0999,=0.0492,=211
="000021",180治理,2008-09-10,=0.0043,=1052.2900,=-0.0330,=11.0263,=0.8973,=6.3364,=8.4357,=9.7529,=10.6162,=13.6109,=1.1455,=0.6619,=0.7542,=0.9755,=1.0947,=1.2145,=1.5847,=1.4729,=0.9909,=0.6625,=0.8519,=0.9540,=1.1534,=1.4979,=0.0370,=0.5266,=0.0241,=0.0330,=0.0366,=0.0448,=0.0548,=0.0515,=0.0995,=0.0515,=168
="HSLI",恒生综合大型股指数,2001-10-03,=-0.0106,=2325.9300,=-0.0340,=10.4169,=0.4701,=6.9327,=9.1517,=10.5858,=11.7587,=17.6478,=1.0955,=0.4356,=0.7133,=0.9439,=1.1167,=1.2416,=1.6032,=1.4847,=0.5766,=0.8297,=1.1852,=1.4403,=1.6322,=2.0023,=0.0348,=0.4242,=0.0207,=0.0314,=0.0355,=0.0440,=0.0582,,,=0.0513,=102
="HSHYLV",恒生港股通高股息低波动指数,2017-05-08,=-0.0036,=4305.6900,=-0.0363,=7.7170,=0.8507,=3.5572,=4.6646,=6.0226,=7.3519,=9.5068,=0.6996,=0.6871,=0.3828,=0.4864,=0.5882,=0.8090,=1.1073,=0.9373,=0.5875,=0.4386,=0.6610,=0.8521,=1.4040,=2.0623,=0.0518,=0.1614,=0.0385,=0.0530,=0.0639,=0.0816,=0.1103,,=0.0873,=0.0484,=1570
="980092",自由现金流,2012-12-28,=0.0001,=5184.2000,=-0.0378,=13.3316,=0.5920,=11.1075,=12.2469,=12.9642,=14.3426,=16.4362,=1.4405,=0.1142,=1.2604,=1.4812,=1.5750,=1.6520,=1.8134,=0.9164,=0.3890,=0.7577,=0.8688,=0.9352,=0.9771,=1.0805,=0.0363,=0.4059,=0.0287,=0.0344,=0.0369,=0.0388,=0.0437,=0.0613,=0.1047,=0.0581,=1608
="399373",大盘价值,2010-01-04,=0.0114,=8247.7500,=-0.0380,=8.6795,=0.5872,=5.4746,=6.8623,=8.3403,=9.1146,=11.9914,=0.9184,=0.4705,=0.6410,=0.8033,=0.9342,=1.1364,=1.5001,=1.2032,=0.9208,=0.5920,=0.7817,=0.9283,=1.1477,=1.4541,=0.0412,=0.3864,=0.0275,=0.0370,=0.0428,=0.0526,=0.0641,=0.0525,=0.0939,=0.0498,=337
="HSLMI",恒生综合大中型股指数,2015-06-08,=-0.0097,=3966.3100,=-0.0384,=11.0496,=0.5660,=7.0073,=9.3073,=10.6745,=12.3479,=17.7261,=1.1147,=0.5416,=0.6929,=0.9060,=1.1010,=1.2279,=1.5417,=1.3149,=0.7066,=0.6858,=0.9753,=1.1827,=1.3720,=1.6465,=0.0340,=0.4466,=0.0214,=0.0309,=0.0346,=0.0437,=0.0602,,,=0.0481,=88
="399365",国证粮食,2009-11-04,=0.0569,=13015.9700,=-0.0393,=24.5392,=0.3913,=13.3311,=20.2221,=26.8266,=35.2364,=54.5886,=2.1651,=0.2590,=1.6393,=2.0561,=4.0855,=6.4747,=11.3501,=0.8779,=0.2705,=0.5961,=0.8004,=3.1249,=4.6104,=8.7065,=0.0186,=0.6557,=0.0080,=0.0130,=0.0163,=0.0211,=0.0308,=0.0476,=0.0838,=0.0471,=83
="931588",1000价值稳健,2020-11-09,=0.0113,=34419.9375,=-0.0397,=19.0679,=0.5685,=12.8074,=16.7556,=18.5453,=20.5233,=25.6024,=1.3714,=0.3853,=1.0253,=1.2795,=1.4261,=1.5575,=1.9102,=0.7961,=0.9726,=0.4756,=0.5556,=0.6297,=0.7112,=0.8427,=0.0260,=0.5974,=0.0168,=0.0207,=0.0251,=0.0290,=0.0392,=0.0408,=0.0641,=0.0406,=109
="930709",香港证券,2015-07-13,=-0.0027,=1355.9941,=-0.0398,=9.0543,=0.0865,=6.3679,=10.1979,=12.8032,=14.8908,=24.4010,=0.9750,=0.5487,=0.5308,=0.7585,=0.9574,=1.1976,=1.6136,=3.5997,=0.6284,=1.7834,=2.5966,=3.1589,=4.1596,=5.9903,=0.0378,=0.7485,=0.0202,=0.0265,=0.0337,=0.0402,=0.0726,=0.0572,=0.0828,=0.0419,=523
="931526",企业核心竞争力50,2020-08-24,=-0.0067,=1256.5318,=-0.0415,=13.7616,=0,=13.7616,=17.0275,=22.5470,=29.7980,=51.8267,=1.7083,=0.0082,=1.6745,=2.2072,=4.0301,=6.7483,=10.8733,=2.0170,=0.3336,=0.9066,=1.5254,=3.4142,=4.4880,=7.9459,=0.0280,=0.8473,=0.0072,=0.0118,=0.0173,=0.0267,=0.0352,=0.0636,=0.1485,=0.0775,=103
="H30089",红利潜力,2013-07-02,=0.0013,=9531.4685,=-0.0417,=15.8976,=0.2561,=12.7702,=15.7141,=16.8471,=20.5945,=29.7267,=2.7342,=0.6804,=1.5457,=2.0224,=2.5133,=2.9135,=4.3960,=2.1464,=0.7769,=0.7611,=0.9590,=1.7832,=2.1854,=2.8465,=0.0351,=0.6643,=0.0172,=0.0260,=0.0319,=0.0373,=0.0456,=0.0866,=0.1605,=0.0844,=555
="932367",500现金流,2024-11-12,=0.0015,=3503.5873,=-0.0426,=19.7138,=0.9112,=12.7635,=14.1326,=17.0700,=18.9757,=20.8865,=1.5466,=0.0957,=1.4139,=1.6217,=1.7390,=1.9752,=2.3672,=0.9356,=0.1207,=0.8544,=0.9943,=1.2248,=1.2832,=1.4394,=0.0315,=0.4852,=0.0247,=0.0290,=0.0316,=0.0367,=0.0403,=0.0474,=0.1139,=0.0553,=128
="000029",180价值,2009-01-09,=0.0133,=4263.4600,=-0.0426,=8.1567,=0.6404,=5.6894,=6.9075,=7.8729,=8.5035,=10.8138,=0.8513,=0.4751,=0.6666,=0.8014,=0.8559,=1.0626,=1.4433,=1.1477,=0.9229,=0.6198,=0.7825,=0.9447,=1.0744,=1.4032,=0.0398,=0.2078,=0.0290,=0.0396,=0.0429,=0.0522,=0.0634,=0.0509,=0.0896,=0.0469,=559
="000909",300材料,2007-07-02,=-0.0061,=3915.0504,=-0.0449,=16.2389,=0.3608,=10.2722,=14.5958,=18.1205,=24.2887,=364.0566,=2.5712,=0.8231,=1.4655,=1.7379,=2.0163,=2.5033,=3.8763,=1.2548,=0.8231,=0.6983,=0.8432,=0.9925,=1.2390,=1.9427,=0.0208,=0.5151,=0.0057,=0.0142,=0.0205,=0.0243,=0.0291,=0.1028,=0.1225,=0.0605,=20
="399398",绩效指数,2012-11-19,=0.0043,=10110.7600,=-0.0458,=17.2422,=0.3699,=9.4274,=11.8946,=18.3600,=21.6274,=36.1591,=3.2622,=0.3691,=1.3709,=1.7935,=3.5798,=4.3854,=6.4752,=3.1627,=0.6837,=1.5825,=2.2403,=2.9199,=3.4328,=5.0073,=0.0371,=0.7831,=0.0140,=0.0234,=0.0323,=0.0374,=0.0430,=0.1029,=0.1771,=0.0957,=23
="932368",800现金流,2024-12-11,=-0.0030,=4865.0636,=-0.0486,=13.9387,=0.7201,=9.9108,=10.8548,=11.9601,=14.3831,=15.6891,=1.9442,=0.9211,=1.4048,=1.5454,=1.7340,=1.8981,=2.0110,=1.6475,=0.9593,=1.0036,=1.1083,=1.3330,=1.4511,=1.6811,=0.0358,=0.2464,=0.0311,=0.0353,=0.0418,=0.0466,=0.0553,=0.0834,=0.1177,=0.0730,=247
="930957",港股通中国100,2017-06-23,=-0.0068,=3597.6403,=-0.0487,=10.0227,=0.6731,=5.4625,=7.6133,=8.9787,=10.7924,=13.3106,=1.1068,=0.5753,=0.6571,=0.8665,=1.0752,=1.1984,=1.5222,=1.4027,=0.8251,=0.6789,=0.9660,=1.1329,=1.3763,=1.6609,=0.0344,=0.3291,=0.0251,=0.0331,=0.0368,=0.0501,=0.0691,,=0.1032,=0.0524,=21
="931024",港股通非银,2017-11-06,=0.0017,=4082.1327,=-0.0498,=5.8605,=0.0005,=5.8462,=8.4531,=10.9083,=13.3018,=22.4310,=1.0137,=0.4451,=0.6237,=0.8533,=1.0402,=1.2205,=1.7592,=1.1472,=0.6800,=0.5870,=0.8776,=1.0204,=1.2309,=2.2002,=0.0413,=0.8000,=0.0165,=0.0269,=0.0347,=0.0413,=0.0611,,=0.1345,=0.0629,=217
="HSCESI",恒生中国企业精明指数,2015-06-08,=-0.0058,=12203.9800,=-0.0499,=9.4903,=0.6979,=6.0524,=7.9796,=8.7041,=10.0620,=15.8114,=1.0255,=0.5409,=0.6924,=0.9063,=1.0125,=1.1579,=1.7191,=1.3551,=0.7228,=0.8066,=1.0053,=1.0999,=1.4384,=2.0876,=0.0343,=0.2689,=0.0200,=0.0332,=0.0381,=0.0443,=0.0600,,=0.1052,=0.0534,=93
="H30171",运输指数,2013-07-15,=0.0058,=1536.3579,=-0.0500,=17.8625,=0.4921,=14.1889,=16.3612,=17.9440,=25.3297,=51.4445,=1.2959,=0.0766,=1.1914,=1.3495,=1.4998,=1.6850,=2.3737,=0.6819,=0.3768,=0.5217,=0.6292,=0.8098,=1.1886,=1.9196,=0.0276,=0.6415,=0.0111,=0.0149,=0.0201,=0.0303,=0.0375,=0.0372,=0.0585,=0.0371,=95
="HSCEI",恒生中国企业指数,1994-08-08,=-0.0059,=8462.6400,=-0.0506,=9.5243,=0.7021,=6.0524,=7.9831,=8.7139,=10.0985,=15.8114,=1.0286,=0.5450,=0.6924,=0.9060,=1.0137,=1.1595,=1.7191,=1.3591,=0.7245,=0.8066,=1.0059,=1.1002,=1.4423,=2.0876,=0.0342,=0.2641,=0.0200,=0.0331,=0.0381,=0.0444,=0.0600,,=0.1052,=0.0534,=4771
="000901",小康指数,2010-04-02,=0.0057,=6012.6400,=-0.0522,=10.8091,=0.4532,=8.5492,=9.9918,=10.9089,=12.5190,=15.5671,=1.0466,=0.1122,=0.9488,=1.0783,=1.2081,=1.4144,=1.7818,=1.0509,=0.7798,=0.7500,=0.8929,=0.9799,=1.0556,=1.2662,=0.0346,=0.7130,=0.0175,=0.0252,=0.0297,=0.0364,=0.0436,=0.0502,=0.0878,=0.0483,=258
="931484",CS医药创新,2020-05-06,=0.0029,=1371.4637,=-0.0541,=23.6123,=0.1823,=18.2098,=24.0409,=27.3785,=43.6150,=86.1757,=4.2204,=0.0983,=3.3236,=4.5124,=5.3579,=11.2376,=17.5605,=5.3221,=0.1549,=3.7485,=5.4733,=6.3512,=11.2432,=20.8272,=0.0158,=0.7070,=0.0021,=0.0045,=0.0134,=0.0166,=0.0269,=0.0982,=0.1752,=0.0927,=407
="H30590",机器人,2015-02-10,=-0.0114,=1804.7263,=-0.0542,=54.3231,=0.5959,=24.1742,=42.0198,=50.8648,=63.2897,=89.9138,=4.3368,=0.7641,=2.1765,=2.8831,=3.6950,=4.4486,=6.0751,=4.2177,=0.7810,=1.6011,=2.4247,=3.4042,=4.2922,=5.4887,=0.0078,=0.7555,=0.0045,=0.0055,=0.0069,=0.0079,=0.0128,=0.0463,=0.0720,=0.0364,=952
="931375",300质量低波,2019-11-25,=0.0017,=16023.4716,=-0.0551,=9.7553,=0.3648,=6.4946,=8.1703,=10.9609,=13.5297,=22.0532,=1.3816,=0.4373,=0.8054,=1.0886,=1.5145,=2.0495,=3.3245,=2.5868,=0.9762,=1.0044,=1.3377,=1.6874,=2.1059,=2.7563,=0.0331,=0.3423,=0.0151,=0.0279,=0.0349,=0.0402,=0.0521,=0.0704,=0.1211,=0.0580,=115
="931645",1000红利,2024-03-15,,,=-0.0553,=16.1867,=0.9348,=11.2896,=12.4825,=13.9355,=15.2614,=18.1886,=1.1464,=0.3043,=0.9871,=1.1290,=1.1886,=1.2420,=1.3469,=0.7421,=0.4532,=0.5734,=0.6803,=0.7504,=0.8108,=0.8871,=0.0347,=0.3528,=0.0305,=0.0339,=0.0362,=0.0407,=0.0471,=0.0386,=0.0646,=0.0399,=26
="399806",环境治理,2014-07-21,=0.0036,=1309.3000,=-0.0560,=26.7097,=0.3340,=17.0172,=24.3835,=29.0672,=35.2950,=50.8764,=1.6799,=0.3295,=1.1727,=1.6033,=1.7647,=2.1855,=4.4901,=1.8042,=0.1765,=1.3064,=1.8281,=2.0673,=2.6117,=5.9378,=0.0176,=0.9085,=0.0037,=0.0085,=0.0106,=0.0155,=0.0215,=0.0362,=0.0536,=0.0352,=853
="HSIDI",恒生创新药指数,2023-01-01,=-0.0165,=2542.3600,=-0.0562,=33.7630,=0.0967,=21.3081,=44.4356,=53.0313,=105.3974,=157.2991,=3.1549,=0.6556,=1.7148,=2.1472,=2.7127,=3.8697,=5.1867,=2.8345,=0.6778,=1.5892,=1.8487,=2.3610,=3.3776,=4.4669,=0.0095,=0.3222,=0.0053,=0.0081,=0.0121,=0.0143,=0.0173,,=0.1014,=0.0704,=254
="000945",内地运输,2009-10-28,=0.0036,=1393.7948,=-0.0568,=17.8861,=0.3909,=13.9394,=16.4433,=19.2317,=27.8199,=72.7429,=1.3366,=0.0726,=1.2245,=1.4021,=1.5524,=1.7720,=2.4452,=0.7652,=0.4058,=0.5140,=0.6447,=0.8890,=1.3539,=1.9188,=0.0287,=0.6487,=0.0105,=0.0141,=0.0179,=0.0327,=0.0436,=0.0368,=0.0581,=0.0349,=83
="932431",300质量,2025-03-18,=-0.0005,=1930.0269,=-0.0569,=10.7563,=0.9637,=9.4685,=10.0002,=10.1644,=10.4046,=11.0156,=1.1706,=0.9777,=1.0616,=1.1037,=1.1298,=1.1492,=1.1879,=2.2947,=0.9497,=2.0194,=2.1517,=2.2059,=2.2563,=2.3386,=0.0340,=0.0531,=0.0331,=0.0356,=0.0373,=0.0392,=0.0487,=0.0534,=0.1012,=0.0518,=18
="000063",上证周期,2010-02-03,=0.0087,=3825.4600,=-0.0572,=8.6437,=0.5167,=5.4761,=7.1362,=8.5911,=9.4385,=12.4946,=0.9582,=0.5179,=0.6668,=0.8368,=0.9519,=1.1032,=1.4831,=1.5423,=0.9019,=0.8113,=1.0636,=1.2494,=1.4567,=1.7571,=0.0373,=0.3394,=0.0252,=0.0352,=0.0386,=0.0518,=0.0626,=0.0561,=0.0975,=0.0493,=210
="HSSCID",恒生港股通创新药指数,2023-07-01,=-0.0169,=2981.0600,=-0.0575,=33.7630,=0.1133,=20.9262,=38.8698,=44.2563,=60.8455,=216.1774,=3.1549,=0.6422,=1.6870,=2.0384,=2.6235,=4.0423,=5.1867,=2.8345,=0.6293,=1.6002,=1.8990,=2.4716,=3.5142,=4.4669,=0.0095,=0.3475,=0.0053,=0.0077,=0.0121,=0.0151,=0.0187,,=0.1014,=0.0690,=125
="930598",稀土产业,2015-03-02,=-0.0169,=2641.2575,=-0.0589,=28.9437,=0.1909,=21.1133,=29.1999,=39.2581,=68.2135,=235.0768,=2.8872,=0.7299,=1.4810,=1.9699,=2.3148,=3.0438,=4.3047,=1.3710,=0.6458,=0.6656,=0.9718,=1.1868,=1.6395,=2.1537,=0.0129,=0.9955,=0.0025,=0.0048,=0.0068,=0.0095,=0.0135,=0.0742,=0.0883,=0.0460,=754
="000925",基本面50,2009-02-26,=0.0101,=4344.9199,=-0.0592,=9.5002,=0.5934,=6.2635,=7.9688,=9.1850,=10.0957,=12.7955,=1.0298,=0.4730,=0.7306,=0.9013,=1.0444,=1.1921,=1.5728,=1.0916,=0.7682,=0.6037,=0.7864,=0.9667,=1.1049,=1.4866,=0.0375,=0.4866,=0.0256,=0.0338,=0.0376,=0.0468,=0.0563,=0.0530,=0.0882,=0.0468,=4564
="930838",CS高股息,2016-06-08,=0.0006,=6776.2870,=-0.0613,=17.8764,=0.5076,=10.7704,=14.2530,=17.7886,=22.5019,=29.5345,=3.4300,=0.7860,=1.8272,=2.3324,=2.8242,=3.4934,=5.4603,=3.2672,=0.6503,=1.6703,=2.0490,=2.5051,=3.7457,=5.1335,=0.0276,=0.5513,=0.0136,=0.0201,=0.0266,=0.0363,=0.0519,=0.1093,=0.1877,=0.1009,=175
="000978",医药100,2011-03-18,=0.0030,=9782.7366,=-0.0619,=31.4381,=0.3501,=23.7467,=28.9111,=33.6317,=37.6462,=66.4077,=3.0451,=0.0796,=2.6475,=3.2330,=4.1668,=5.0232,=7.8052,=2.8731,=0.3402,=2.0946,=2.6763,=3.1127,=3.6588,=5.9820,=0.0153,=0.8338,=0.0050,=0.0071,=0.0094,=0.0149,=0.0209,=0.0617,=0.0911,=0.0594,=4726
="932365",中证现金流,2024-12-11,=-0.0010,=4938.4447,=-0.0625,=14.4212,=0.7656,=10.1873,=11.0066,=12.2899,=14.5799,=15.8261,=1.6519,=0.1914,=1.4661,=1.6565,=1.7614,=1.8772,=2.0150,=0.9142,=0.1077,=0.8463,=1.1372,=1.3721,=1.5040,=1.6205,=0.0374,=0.3182,=0.0305,=0.0359,=0.0415,=0.0470,=0.0550,=0.0684,=0.1155,=0.0697,=737
="000052",50基本,2012-01-09,=0.0114,=2832.3600,=-0.0633,=11.0064,=0.6557,=8.3126,=9.6677,=10.5437,=11.5646,=15.1108,=1.2628,=0.6021,=1.0245,=1.1706,=1.2398,=1.3328,=1.6471,=1.6140,=0.9810,=0.8665,=1.0185,=1.1390,=1.3000,=1.6553,=0.0320,=0.4330,=0.0238,=0.0291,=0.0329,=0.0398,=0.0497,=0.0576,=0.1007,=0.0530,=28
="HSMI",恒生综合中型股指数,2001-10-03,=-0.0048,=4665.9300,=-0.0635,=13.8801,=0.6847,=7.1837,=9.6369,=11.3159,=14.7543,=19.0737,=1.1844,=0.7428,=0.6229,=0.7817,=1.0105,=1.2298,=1.5312,=0.9502,=0.9000,=0.4186,=0.5568,=0.6725,=0.8230,=1.0938,=0.0312,=0.4120,=0.0208,=0.0280,=0.0329,=0.0427,=0.0675,,,=0.0385,=162
="000018",180金融,2007-12-10,=0.0175,=5553.2900,=-0.0652,=7.2652,=0.3889,=5.2016,=6.4287,=7.4982,=8.3012,=10.8609,=0.7904,=0.3963,=0.5902,=0.6965,=0.8545,=1.0598,=1.4199,=2.2094,=0.7967,=1.2355,=1.5824,=1.9629,=2.2159,=2.8772,=0.0389,=0.4705,=0.0246,=0.0353,=0.0392,=0.0493,=0.0636,=0.0529,=0.0959,=0.0477,=780
="H30192",食品,2013-07-15,=0.0119,=5296.1250,=-0.0653,=28.4041,=0.1583,=20.6226,=29.6825,=33.1893,=39.1060,=57.5971,=2.6266,=0.0498,=2.3545,=2.9441,=4.5216,=5.7734,=10.5214,=1.5244,=0.0872,=1.2567,=1.6360,=2.3264,=2.8890,=4.8526,=0.0252,=0.8630,=0.0092,=0.0146,=0.0193,=0.0242,=0.0308,=0.0542,=0.0826,=0.0545,=30
="000968",300周期,2010-05-28,,,=-0.0654,=9.2712,=0.5394,=6.1174,=7.8172,=9.1332,=10.2790,=13.3562,=0.9811,=0.4639,=0.7021,=0.8484,=0.9952,=1.1642,=1.5550,=1.5780,=0.8903,=0.8459,=1.0834,=1.2644,=1.5098,=1.8297,=0.0358,=0.4742,=0.0230,=0.0321,=0.0360,=0.0470,=0.0569,=0.0541,=0.0922,=0.0475,=103
="930902",中证数据,2016-10-18,=-0.0028,=2979.1643,=-0.0658,=86.9759,=0.5808,=37.6891,=57.3543,=79.0690,=121.2715,=366.0842,=4.1425,=0.5729,=2.4001,=3.4306,=4.0024,=4.6639,=5.5171,=2.7076,=0.1142,=2.0473,=2.8769,=3.3606,=4.1504,=7.0542,=0.0041,=0.7188,=0.0020,=0.0030,=0.0036,=0.0047,=0.0091,=0.0218,=0.0339,=0.0109,=252
="931992",疫苗生物,2013-07-15,=0.0053,=1127.3343,=-0.0662,=168.2750,=0.8004,=26.1322,=66.3824,=88.8886,=168.2750,=55588.3979,=2.9517,=0.4149,=2.2475,=2.7020,=3.0433,=3.6220,=5.0256,=5.2836,=0.5695,=3.7134,=4.7128,=5.1947,=5.5905,=6.4257,=0.0092,=0.5098,=0.0060,=0.0068,=0.0089,=0.0105,=0.0125,=0.0325,=0.0013,=0.0187,=34
="000934",中证金融,2009-07-03,=0.0152,=5847.3800,=-0.0673,=7.9484,=0.4313,=5.7083,=6.8944,=8.0941,=8.8714,=11.5527,=0.8065,=0.3579,=0.6117,=0.7181,=0.8880,=1.1316,=1.5017,=2.1533,=0.8487,=1.1467,=1.4503,=1.8023,=2.0999,=2.6696,=0.0369,=0.5167,=0.0232,=0.0331,=0.0367,=0.0445,=0.0593,=0.0504,=0.0873,=0.0451,=1161
="000992",全指金融,2011-08-02,=0.0153,=5583.2200,=-0.0676,=8.0942,=0.4227,=5.9310,=7.1022,=8.2690,=9.0288,=11.6339,=0.8067,=0.3584,=0.6188,=0.7234,=0.8905,=1.1432,=1.5107,=2.1505,=0.8511,=1.1568,=1.4432,=1.8064,=2.0942,=2.6668,=0.0365,=0.5336,=0.0229,=0.0327,=0.0361,=0.0437,=0.0581,=0.0497,=0.0846,=0.0444,=2715
="931752",工程机械主题,2021-09-27,=0.0094,=2348.1264,=-0.0685,=21.4903,=0.5159,=13.6456,=18.5261,=21.3246,=24.3329,=27.9581,=1.9699,=0.6843,=1.2593,=1.5779,=1.7296,=2.1214,=2.6511,=1.1812,=0.7044,=0.7133,=0.9173,=1.0227,=1.2860,=1.6462,=0.0208,=0.5117,=0.0151,=0.0190,=0.0208,=0.0222,=0.0284,=0.0525,=0.0958,=0.0571,=110
="000048",责任指数,2009-08-05,=0.0052,=1373.4300,=-0.0692,=12.1710,=0.8437,=7.8628,=9.5548,=10.5483,=11.8993,=14.1982,=1.3427,=0.6194,=0.9056,=1.1404,=1.2956,=1.4382,=1.7866,=1.1998,=1,=0.5718,=0.6942,=0.8010,=0.9350,=1.1998,=0.0370,=0.5959,=0.0223,=0.0283,=0.0320,=0.0399,=0.0469,=0.0571,=0.0991,=0.0518,=133
="000683",科创生物,2022-05-09,=-0.0064,=997.6100,=-0.0698,=76.5293,=0.0848,=31.4909,=142.4865,=1742.4113,=-214.7224,=97054.3385,=5.9970,=0.7152,=4.0903,=4.9127,=5.4645,=6.3991,=7.9611,=9.1824,=0.1857,=7.6079,=9.2303,=10.3101,=11.4319,=14.1963,=0.0028,=0.1524,=0.0025,=0.0030,=0.0046,=0.0061,=0.0086,=0.0499,=0.0457,=0.0143,=70
="000806",消费服务,2012-02-10,=0.0069,=7832.9702,=-0.0701,=9.9289,=0.1472,=9.0076,=10.0703,=10.8064,=11.8704,=17.0971,=1.0965,=0.0903,=1.0009,=1.1882,=1.3442,=1.5460,=2.0145,=2.2581,=0.6755,=1.6526,=1.9528,=2.1383,=2.3803,=3.0032,=0.0353,=0.7909,=0.0198,=0.0244,=0.0295,=0.0355,=0.0497,=0.0554,=0.1002,=0.0519,=427
="000914",300金融,2007-07-02,=0.0156,=6241.4200,=-0.0709,=7.6902,=0.4338,=5.2769,=6.6022,=7.8366,=8.6017,=11.3863,=0.7965,=0.3637,=0.5962,=0.7048,=0.8762,=1.1218,=1.4919,=2.1407,=0.8379,=1.1210,=1.4310,=1.8122,=2.1080,=2.7052,=0.0379,=0.5113,=0.0235,=0.0340,=0.0377,=0.0467,=0.0618,=0.0510,=0.0897,=0.0461,=348
="HSML25",恒生中国(香港上市)30指数,2003-01-20,=-0.0080,=8780.3900,=-0.0721,=9.1653,=0.5136,=5.7712,=7.9406,=9.1227,=10.2891,=13.0207,=1.0455,=0.3966,=0.7256,=0.9442,=1.0793,=1.2097,=1.5098,=1.6950,=0.7554,=0.9123,=1.1615,=1.4565,=1.7434,=2.4187,=0.0351,=0.3783,=0.0247,=0.0321,=0.0368,=0.0450,=0.0643,=0.0564,=0.1051,=0.0524,=271
="399995",基建工程,2015-03-12,=0.0019,=3606.1600,=-0.0769,=10.9048,=0.8206,=5.8673,=7.3439,=8.2792,=10.5270,=18.8590,=0.6398,=0.0153,=0.5815,=0.7192,=0.8886,=1.2664,=2.1834,=0.1874,=0.3287,=0.1368,=0.1784,=0.2024,=0.3237,=0.5478,=0.0277,=0.7245,=0.0106,=0.0194,=0.0247,=0.0289,=0.0415,=0.0250,=0.0543,=0.0331,=2699
="980015",疫苗生科,2015-02-16,=0.0050,=5789.3800,=-0.0790,=43.9891,=0.5173,=24.1714,=31.2662,=43.1713,=53.5457,=80.8207,=3.7372,=0.3023,=2.9980,=3.5804,=4.0899,=6.3656,=11.0606,=6.5348,=0.5144,=4.5746,=5.4975,=6.4591,=8.7551,=15.0694,=0.0096,=0.4481,=0.0026,=0.0055,=0.0099,=0.0133,=0.0175,=0.0589,=0.0693,=0.0466,=74
="399994",信息安全,2015-03-12,=0.0063,=1678.6300,=-0.0792,=52.7858,=0.1963,=35.0629,=52.9184,=67.0359,=85.7906,=183.5630,=3.5633,=0.3295,=2.3256,=3.3600,=3.8540,=4.4588,=6.2767,=2.5764,=0.0586,=2.1829,=2.8508,=3.2319,=3.8075,=5.1182,=0.0130,=0.9501,=0.0023,=0.0036,=0.0058,=0.0097,=0.0172,=0.0356,=0.0539,=0.0210,=94
="932369",1000现金流,2024-11-12,,,=-0.0797,=18.0972,=0.3690,=16.0705,=17.6926,=18.4043,=19.3280,=21.4836,=1.5467,=0.2483,=1.4251,=1.5345,=1.6378,=1.7504,=1.8728,=0.9176,=0.3144,=0.8034,=0.8913,=1.0049,=1.0622,=1.3230,=0.0265,=0.2961,=0.0230,=0.0261,=0.0271,=0.0286,=0.0311,=0.0501,=0.0821,=0.0540,=61
="000818",细分金融,2012-04-11,,,=-0.0798,=7.3955,=0.3868,=5.2356,=6.4974,=7.6820,=8.4810,=10.9951,=0.8024,=0.3885,=0.5930,=0.7010,=0.8718,=1.0819,=1.4303,=2.2685,=0.8016,=1.2689,=1.6354,=2.0039,=2.2666,=2.9111,=0.0382,=0.5266,=0.0239,=0.0331,=0.0375,=0.0471,=0.0625,=0.0528,=0.0956,=0.0477,=12
="H30095",医药红利,2013-07-02,,,=-0.0801,=17.2807,=0.2171,=14.6474,=17.2193,=19.6376,=27.0066,=34.8020,=1.6603,=0.0417,=1.4797,=1.7766,=2.4281,=3.0973,=4.2060,=0.9573,=0.1660,=0.7612,=0.9863,=1.5043,=1.9951,=2.8268,=0.0374,=0.9881,=0.0116,=0.0175,=0.0226,=0.0306,=0.0398,=0.0562,=0.1019,=0.0623,=102
="1000009",深圳B股,1994-01-10,=0.0111,=1157.5500,=-0.0847,=-308.2284,=0.9658,=6.5509,=10.0230,=16.2476,=23.6278,=61.4680,=0.7399,=0.5204,=0.5585,=0.6590,=0.7320,=0.9161,=1.4530,=0.4586,=0.4058,=0.3544,=0.4194,=0.4761,=0.6134,=1.0969,=0.0348,=0.3918,=0.0205,=0.0269,=0.0369,=0.0449,=0.0610,=0.0192,=0.0018,=0.0195,=204
="HSMSI",恒生综合中小型股指数,2015-06-08,=-0.0049,=2698.8000,=-0.0864,=15.1417,=0.7501,=7.2058,=10.0582,=12.4551,=15.6919,=18.8438,=1.1164,=0.6603,=0.6157,=0.7686,=1.0042,=1.2090,=1.4952,=0.8511,=0.8054,=0.4020,=0.5319,=0.6807,=0.8477,=1.0389,=0.0310,=0.4344,=0.0199,=0.0271,=0.0325,=0.0412,=0.0630,,,=0.0371,=161
="931487",SHS人工智能50,2020-05-06,=-0.0067,=2008.9841,=-0.0866,=29.9682,=0.4010,=18.6614,=25.7322,=31.7881,=37.0043,=66.0883,=4.8948,=0.5615,=3.0781,=4.0596,=4.6797,=6.2619,=10.5947,=5.5476,=0.5959,=3.3555,=4.5156,=5.2179,=6.7810,=9.5096,=0.0060,=0.5415,=0.0019,=0.0035,=0.0058,=0.0075,=0.0094,,=0.1427,=0.0771,=85
="399814",大农业,2014-07-22,=0.0092,=1095.1800,=-0.0866,=31.1756,=0.7105,=17.8693,=23.4731,=28.0144,=32.4891,=111.7688,=2.8162,=0.1225,=2.4368,=2.9098,=3.2519,=4.3740,=6.4483,=1.5634,=0.2763,=1.2031,=1.4984,=1.8029,=2.3352,=3.7145,=0.0228,=0.7876,=0.0100,=0.0141,=0.0172,=0.0230,=0.0287,=0.0403,=0.1209,=0.0736,=779
="399807",高铁产业,2015-01-20,=0.0087,=1134.6400,=-0.0866,=12.6632,=0.4759,=9.4881,=11.2215,=12.7594,=14.9050,=24.3532,=0.7690,=0.0165,=0.7241,=0.9134,=1.0226,=1.4322,=2.3973,=0.4030,=0.3847,=0.3063,=0.3760,=0.4196,=0.4635,=0.6435,=0.0279,=0.7918,=0.0090,=0.0146,=0.0237,=0.0280,=0.0348,=0.0257,=0.0541,=0.0293,=598
="000988",全指工业,2011-08-02,=-0.0078,=3759.7464,=-0.0892,=24.7753,=0.5381,=13.7285,=19.3778,=24.0551,=28.9236,=37.6625,=1.8755,=0.3992,=1.3866,=1.6512,=2.0028,=2.3879,=2.7728,=0.8884,=0.4784,=0.5551,=0.7455,=0.8987,=1.0526,=1.3765,=0.0176,=0.7324,=0.0076,=0.0095,=0.0141,=0.0193,=0.0256,=0.0383,=0.0650,=0.0365,=240
="000949",中证农业,2009-10-28,=0.0181,=5272.2726,=-0.0894,=75.0979,=0.9113,=14.4444,=21.2919,=29.1169,=36.9879,=1184.8568,=2.5952,=0.2384,=2.0719,=2.4997,=3.2577,=4.0480,=5.2895,=1.3870,=0.2998,=0.8980,=1.1771,=1.7123,=2.0301,=2.8101,=0.0155,=0.3328,=0.0077,=0.0144,=0.0165,=0.0190,=0.0257,=0.0027,=0.0985,=0.0674,=1069
="931412",证券公司30,2020-02-20,=0.0046,=1479.0985,=-0.0904,=11.8517,=0.0006,=11.8005,=15.9293,=18.4896,=22.5230,=36.9291,=1.2944,=0.2657,=1.0327,=1.2669,=1.4404,=1.6939,=2.4365,=4.8925,=0.1423,=3.9462,=5.0390,=5.5658,=6.6948,=9.6353,=0.0242,=0.9666,=0.0091,=0.0148,=0.0169,=0.0214,=0.0256,=0.0564,=0.0861,=0.0429,=39
="399324",深证红利,2006-01-24,=-0.0032,=8323.7600,=-0.0904,=18.2123,=0.8272,=11.7065,=14.6181,=15.8488,=17.9457,=23.4132,=2.8144,=0.8804,=1.2884,=1.9036,=2.2282,=2.5305,=3.7254,=1.8588,=0.6293,=1.1033,=1.3622,=1.7531,=1.9654,=2.8578,=0.0331,=0.7703,=0.0151,=0.0225,=0.0278,=0.0353,=0.0452,=0.0824,=0.1345,=0.0767,=5236
="399975",证券公司,2013-07-15,=0.0061,=773.7700,=-0.0925,=12.8818,=0.0004,=12.7967,=18.6631,=21.4877,=26.4841,=46.0250,=1.3158,=0.2384,=1.0494,=1.2993,=1.5373,=1.8442,=2.4199,=5.1736,=0.0965,=4.0997,=5.4627,=6.3195,=7.4089,=10.0865,=0.0224,=0.9245,=0.0082,=0.0129,=0.0150,=0.0201,=0.0244,=0.0534,=0.0810,=0.0402,=9901
="000930",中证工业,2009-07-03,=-0.0057,=3180.0053,=-0.0933,=22.1496,=0.6507,=13.1747,=16.3715,=20.2819,=23.8229,=30.4087,=1.7574,=0.3975,=1.3752,=1.5614,=1.8500,=2.1187,=2.6342,=0.8404,=0.6965,=0.5311,=0.6373,=0.7618,=0.8868,=1.0502,=0.0193,=0.7468,=0.0090,=0.0114,=0.0160,=0.0203,=0.0262,=0.0386,=0.0679,=0.0368,=325
="H30217",医疗器械,2013-07-15,=0.0072,=8899.5744,=-0.0936,=37.9811,=0.4511,=17.1055,=29.5762,=39.3706,=56.2945,=80.6195,=2.6772,=0.0206,=2.4731,=3.2079,=4.7282,=6.5700,=11.6091,=4.7997,=0.0532,=4.1030,=5.3255,=6.0157,=8.0434,=13.3528,=0.0148,=0.7357,=0.0035,=0.0052,=0.0077,=0.0156,=0.0236,=0.0474,=0.0626,=0.0416,=1353
="HSCGSI",恒生消费指数,2015-08-17,=-0.0100,=2339.8400,=-0.0936,=14.2418,=0.0069,=13.5420,=17.7402,=20.3482,=46.9799,=191.0166,=2.4398,=0.3685,=1.6557,=2.1711,=2.5823,=3.0646,=4.3429,=1.2809,=0.2133,=0.9965,=1.2716,=1.5540,=1.8502,=2.9413,=0.0454,=0.9915,=0.0097,=0.0178,=0.0253,=0.0324,=0.0488,,=0.1743,=0.0971,=887
="931672",风电产业,2021-04-29,=-0.0062,=1592.6056,=-0.0959,=35.2969,=0.9151,=16.8665,=21.2153,=24.3307,=29.9012,=45.5856,=1.8155,=0.3853,=1.3490,=1.6855,=1.9784,=2.4505,=3.5946,=2.2103,=0.5174,=1.4458,=1.8959,=2.1708,=2.6945,=3.3215,=0.0120,=0.5421,=0.0064,=0.0084,=0.0116,=0.0153,=0.0206,=0.0309,=0.0571,=0.0343,=65
="930910",农牧渔,2016-12-12,=0.0240,=9013.1991,=-0.0961,=-89.2081,=0.8831,=13.2246,=20.9258,=30.0520,=96.9017,=30031.8592,=2.4455,=0.1696,=1.9495,=2.4802,=2.9303,=3.6319,=4.9084,=1.0787,=0.2202,=0.8679,=1.0637,=1.4693,=2.0514,=2.7290,=0.0149,=0.6518,=0.0042,=0.0098,=0.0137,=0.0176,=0.0261,=-0.0335,=0.0664,=0.0588,=22
="399437",证券龙头,2014-12-30,=0.0045,=6144.1400,=-0.0980,=12.1953,=0.0004,=12.1271,=17.3522,=19.9938,=25.0411,=43.0253,=1.3171,=0.2448,=1.0547,=1.2946,=1.5188,=1.8017,=2.3633,=5.0131,=0.0969,=3.9970,=5.3414,=6.1965,=7.2524,=9.5068,=0.0236,=0.9423,=0.0092,=0.0139,=0.0161,=0.0209,=0.0262,=0.0556,=0.0851,=0.0421,=722
="931402",证券先锋,2020-01-14,=0.0062,=1879.3019,=-0.0988,=12.7718,=0.0006,=12.6890,=17.2173,=20.6931,=25.6727,=41.4692,=1.3171,=0.2782,=1.0487,=1.2872,=1.4502,=1.7444,=2.4715,=5.1583,=0.1413,=4.0917,=5.3158,=5.8972,=7.0458,=10.0278,=0.0227,=0.9552,=0.0081,=0.0134,=0.0150,=0.0204,=0.0246,=0.0539,=0.0819,=0.0405,=97
="930641",中证中药,2015-05-19,=0.0078,=8574.1808,=-0.0989,=22.3091,=0.0911,=17.1921,=23.9504,=28.6303,=32.8246,=45.5431,=2.0091,=0.0165,=1.8142,=2.4548,=2.9103,=3.4986,=4.0837,=2.2091,=0.0276,=1.9582,=2.4307,=2.7927,=3.4326,=4.5776,=0.0369,=0.9769,=0.0073,=0.0129,=0.0164,=0.0261,=0.0421,=0.0568,=0.0928,=0.0645,=920
="931442",SHS科技100,2020-04-21,=-0.0046,=9686.5054,=-0.0993,=18.3072,=0.3998,=11.6240,=15.1247,=19.3745,=24.4783,=40.7731,=2.6006,=0.4817,=1.5813,=1.9776,=2.6334,=3.9851,=6.9092,=1.7354,=0.4848,=1.0913,=1.4385,=1.7579,=2.5276,=5.0819,=0.0153,=0.5736,=0.0042,=0.0091,=0.0137,=0.0221,=0.0322,=0.0674,=0.1222,=0.0731,=32
="399295",创价值,2019-01-23,=-0.0088,=4858.9100,=-0.0996,=33.1176,=0.3915,=20.8863,=27.0008,=39.4374,=56.4798,=73.8741,=6.2497,=0.5629,=3.7254,=4.6151,=5.8946,=8.9853,=11.5385,=4.7543,=0.4371,=2.5684,=3.5010,=5.3646,=9.0966,=12.8251,=0.0121,=0.6741,=0.0033,=0.0050,=0.0074,=0.0150,=0.0218,=0.0987,=0.1758,=0.0858,=612
="H11054",装备产业,2009-07-22,=-0.0083,=2618.5347,=-0.0999,=30.0957,=0.4453,=15.6342,=24.7419,=31.9202,=38.3739,=58.0282,=2.7523,=0.5585,=1.6944,=2.1315,=2.6272,=3.3051,=5.1308,=1.9020,=0.5109,=1.2119,=1.4902,=1.8913,=2.3403,=3.6241,=0.0148,=0.8110,=0.0051,=0.0080,=0.0115,=0.0145,=0.0207,=0.0495,=0.0859,=0.0412,=48
="H30178",医疗保健,2013-07-15,=0.0079,=12208.2445,=-0.1006,=38.7264,=0.3472,=19.5848,=32.8016,=44.7321,=64.7113,=123.2936,=2.7263,=0.0190,=2.5190,=3.3421,=5.4915,=7.2867,=12.4381,=4.4841,=0.0190,=4.1521,=5.3567,=6.1604,=8.1023,=14.2518,=0.0144,=0.7604,=0.0029,=0.0041,=0.0063,=0.0149,=0.0219,=0.0469,=0.0653,=0.0428,=564
="931027",港股通大消费,2017-11-06,=-0.0141,=2802.8863,=-0.1008,=23.7502,=0.4322,=14.6383,=20.4758,=25.0862,=51.4701,=105.3721,=2.6505,=0.1136,=2.2514,=2.8408,=3.2293,=4.3089,=9.1499,=1.5459,=0.3195,=1.0973,=1.4423,=1.7521,=2.4759,=5.7985,=0.0216,=0.7292,=0.0056,=0.0114,=0.0178,=0.0229,=0.0323,,=0.1235,=0.0736,=50
="950096",上海国企,2016-05-11,=0.0087,=1356.8526,=-0.1032,=13.2544,=0.6041,=8.9055,=11.0343,=12.5701,=15.1910,=16.5992,=1.0632,=0.4099,=0.7269,=0.8713,=1.1183,=1.4336,=1.9662,=1.1627,=0.8379,=0.5842,=0.6832,=0.8501,=1.1447,=1.2890,=0.0237,=0.3641,=0.0177,=0.0207,=0.0257,=0.0281,=0.0334,=0.0431,=0.0761,=0.0425,=174
="930697",家用电器,2015-07-07,=-0.0021,=11455.4864,=-0.1043,=16.4301,=0.4008,=12.0193,=15.4243,=16.9486,=19.8234,=32.1495,=2.4751,=0.0722,=2.2889,=2.6539,=3.1963,=3.9701,=5.2226,=1.2444,=0.3551,=0.9879,=1.1843,=1.2955,=1.6199,=2.3694,=0.0378,=0.9357,=0.0137,=0.0223,=0.0267,=0.0337,=0.0418,=0.0808,=0.1413,=0.0905,=1752
="980028",龙头家电,2015-02-16,=0.0015,=11265.9100,=-0.1050,=14.4860,=0.4781,=11.8600,=13.7119,=14.5581,=18.3709,=31.1013,=2.4629,=0.0325,=2.2513,=2.6381,=2.8863,=3.6434,=5.1202,=1.2636,=0.3550,=0.9787,=1.2042,=1.3240,=1.4711,=2.2318,=0.0435,=0.9419,=0.0174,=0.0269,=0.0334,=0.0400,=0.0472,=0.0907,=0.1789,=0.1044,=189
="000963",中证下游,2010-04-16,,,=-0.1065,=23.5353,=0.3670,=17.2626,=22.2745,=25.2249,=33.1012,=51.0836,=2.2469,=0.0214,=2.0766,=2.5665,=3.0560,=3.4358,=5.6334,=1.4959,=0.0891,=1.2209,=1.6050,=1.7559,=2.0795,=3.4797,=0.0283,=0.9394,=0.0087,=0.0135,=0.0161,=0.0264,=0.0315,=0.0518,=0.0958,=0.0598,=32
="000910",300工业,2007-07-02,=-0.0027,=2258.8410,=-0.1068,=19.2847,=0.5621,=12.1074,=14.2223,=18.6689,=21.7120,=26.7473,=1.5810,=0.3204,=1.2960,=1.5013,=1.7573,=2.0927,=2.8598,=0.7529,=0.5992,=0.4726,=0.5803,=0.7129,=0.8049,=1.0995,=0.0218,=0.7649,=0.0079,=0.0123,=0.0179,=0.0223,=0.0295,=0.0376,=0.0738,=0.0375,=17
="930662",CS现代农,2015-07-13,=0.0199,=953.2097,=-0.1100,=-173.8155,=0.9231,=13.0417,=20.6934,=28.7870,=61.5330,=301.1137,=2.4559,=0.1618,=1.8555,=2.5023,=2.8285,=3.1372,=4.3308,=1.0694,=0.3514,=0.8273,=1.0161,=1.1570,=1.5470,=2.1026,=0.0163,=0.7844,=0.0046,=0.0099,=0.0129,=0.0167,=0.0291,=-0.0338,=0.0850,=0.0684,=58
="931456",中国教育,2020-04-21,=0.0049,=1075.9443,=-0.1114,=28.3862,=0.0012,=27.9628,=54.6736,=91.8575,=-137.3258,=28609.2511,=2.7391,=0.3961,=1.5831,=2.4477,=2.9305,=3.7806,=9.7545,=2.6583,=0.1739,=1.7011,=2.7309,=3.3395,=4.6531,=11.2012,=0.0087,=0.6319,=0.0035,=0.0060,=0.0082,=0.0098,=0.0209,,=0.0751,=0.0433,=179
="930771",CS新能源,2015-12-16,,,=-0.1116,=31.5872,=0.4116,=11.2377,=23.3402,=34.4806,=44.9117,=62.8342,=2.4750,=0.3642,=1.7615,=2.1642,=2.8544,=3.8883,=7.2156,=2.0917,=0.4458,=1.2791,=1.6725,=2.2196,=3.0641,=6.6822,=0.0142,=0.7639,=0.0028,=0.0058,=0.0094,=0.0155,=0.0247,=0.0456,=0.0668,=0.0343,=36
="931755",SEEE碳中和,2021-10-21,=-0.0085,=1863.0142,=-0.1129,=22.2300,=0.6084,=13.4966,=17.5254,=21.4367,=24.8086,=29.4214,=2.2465,=0.4213,=1.7561,=1.9708,=2.3727,=2.7124,=3.9105,=1.4270,=0.7343,=0.8856,=1.0415,=1.2364,=1.4707,=2.3046,=0.0192,=0.5734,=0.0102,=0.0151,=0.0180,=0.0219,=0.0256,=0.0517,=0.0916,=0.0470,=145
="399966",800证保,2012-12-21,=0.0111,=5865.4500,=-0.1130,=7.7911,=0.0004,=7.6733,=13.4935,=15.9908,=19.7375,=27.1945,=1.2767,=0.1633,=1.0619,=1.2974,=1.5865,=2.0338,=2.4366,=1.6683,=0.4095,=1.1634,=1.5249,=1.7790,=2.0457,=2.5211,=0.0294,=0.9588,=0.0122,=0.0160,=0.0213,=0.0244,=0.0329,=0.0846,=0.1256,=0.0585,=185
="H30588",中证证保,2015-02-02,=0.0111,=995.9365,=-0.1131,=7.7974,=0.0004,=7.6796,=13.4839,=16.0761,=19.5891,=27.6808,=1.2753,=0.1600,=1.0752,=1.2971,=1.5913,=2.0300,=2.4238,=1.6708,=0.4144,=1.1673,=1.5178,=1.7702,=2.0128,=2.5500,=0.0294,=0.9612,=0.0121,=0.0160,=0.0213,=0.0242,=0.0328,=0.0845,=0.1254,=0.0584,=483
="931573",HKC科技,2014-05-21,=-0.0109,=2865.5441,=-0.1141,=25.9608,=0.3552,=18.3272,=24.3246,=28.1554,=39.4809,=82.7075,=2.8991,=0.1708,=2.3269,=2.9604,=3.3261,=4.1586,=10.6583,=1.9068,=0.1637,=1.5041,=1.9657,=2.2857,=3.3157,=8.3359,=0.0098,=0.9587,=0.0015,=0.0040,=0.0065,=0.0088,=0.0111,,=0.1298,=0.0639,=309
="931783",智能驾驶,2022-02-21,,,=-0.1147,=38.8568,=0.1588,=31.9944,=39.7205,=46.2634,=68.1689,=98.5983,=3.0670,=0.0907,=2.5981,=3.3005,=3.5564,=3.9472,=4.9384,=1.6763,=0.1670,=1.3276,=1.7101,=1.9240,=2.1178,=2.7953,=0.0093,=0.9737,=0.0048,=0.0063,=0.0071,=0.0082,=0.0101,=0.0356,=0.0928,=0.0446,=22
="931021",家电龙头,2017-10-17,=-0.0024,=15986.2136,=-0.1151,=15.2624,=0.4409,=11.3343,=14.2783,=15.7030,=19.2258,=31.7589,=2.5235,=0.1126,=2.3641,=2.6253,=3.0368,=3.8953,=5.4650,=1.2359,=0.5039,=0.8457,=1.1191,=1.2346,=1.4794,=2.4102,=0.0401,=0.9384,=0.0135,=0.0213,=0.0286,=0.0360,=0.0436,=0.0887,=0.1676,=0.0980,=40
="000827",中证环保,2012-09-25,=-0.0103,=1646.4300,=-0.1165,=29.8833,=0.5711,=14.0379,=21.0113,=28.2441,=35.5499,=50.6551,=2.5254,=0.3971,=1.7878,=2.2200,=2.7823,=3.3836,=5.4589,=2.5584,=0.4503,=1.6068,=2.0649,=2.7113,=3.2326,=6.2202,=0.0179,=0.7249,=0.0061,=0.0097,=0.0149,=0.0192,=0.0249,=0.0444,=0.0761,=0.0386,=6276
="931139",CS消费50,2019-03-20,=0.0058,=14071.5152,=-0.1180,=18.2045,=0.2244,=14.9525,=17.9323,=23.7563,=30.0190,=47.8630,=3.2464,=0.0337,=2.8552,=3.9725,=5.3028,=7.0280,=12.5456,=2.1260,=0.0227,=1.9104,=2.5639,=3.0802,=4.4462,=9.1270,=0.0420,=0.9508,=0.0083,=0.0161,=0.0217,=0.0362,=0.0484,=0.0914,=0.1922,=0.1116,=2240
="931479",证券保险,2020-05-06,=0.0116,=936.4828,=-0.1188,=7.2182,=0.0007,=7.1093,=11.6382,=13.2995,=15.4473,=21.1012,=1.2470,=0.2523,=1.0296,=1.2203,=1.3678,=1.5576,=2.2844,=1.5229,=0.5657,=1.0318,=1.2783,=1.4706,=1.7795,=2.2879,=0.0313,=0.9272,=0.0162,=0.0225,=0.0251,=0.0290,=0.0357,=0.0884,=0.1317,=0.0613,=58
="930608",中证基建,2015-03-31,=0.0090,=7465.3992,=-0.1203,=11.1441,=0.6454,=6.6667,=8.6208,=10.4273,=13.1634,=25.2863,=0.7115,=0.0190,=0.6550,=0.8064,=1.0913,=1.4067,=2.2134,=0.2236,=0.2301,=0.1701,=0.2189,=0.3319,=0.4579,=0.7101,=0.0273,=0.7072,=0.0095,=0.0179,=0.0215,=0.0291,=0.0388,=0.0277,=0.0583,=0.0357,=664
="000069",消费80,2010-05-28,=0.0059,=4317.1900,=-0.1205,=23.0514,=0.3097,=16.4356,=22.3287,=24.9042,=33.0497,=60.5019,=2.9345,=0.0784,=2.4642,=3.1938,=3.5466,=4.8097,=7.6372,=1.7951,=0.4124,=1.0743,=1.5200,=1.9152,=2.7436,=3.8795,=0.0269,=0.9707,=0.0078,=0.0117,=0.0183,=0.0235,=0.0296,=0.0691,=0.1324,=0.0790,=944
="399266",创新能源,2022-09-29,=-0.0203,=3103.9900,=-0.1239,=25.3258,=0.3541,=16.2861,=20.9598,=27.2654,=33.1330,=48.5339,=3.8727,=0.4795,=2.6837,=3.2246,=4.0039,=4.9388,=6.9087,=2.6344,=0.5248,=1.5028,=1.9536,=2.5987,=3.4787,=4.6740,=0.0155,=0.7007,=0.0024,=0.0067,=0.0124,=0.0167,=0.0211,=0.0806,=0.1508,=0.0745,=7
="930707",中证畜牧,2015-07-13,=0.0146,=1933.1909,=-0.1242,=-61.1734,=0.8866,=11.3375,=17.7937,=27.0008,=116.0419,=237.1331,=2.4739,=0.0854,=1.9910,=2.6604,=3.2657,=4.1599,=5.8838,=1.0036,=0.1633,=0.8185,=1.0246,=1.4111,=2.0291,=2.9452,=0.0164,=0.6392,=0.0033,=0.0096,=0.0143,=0.0214,=0.0303,=-0.0462,=0.0829,=0.0714,=1236
="399804",中证体育,2015-02-09,=0.0058,=1736.2700,=-0.1246,=23.0812,=0.0837,=17.8349,=25.1222,=30.5897,=43.2125,=84.6918,=2.8203,=0.2788,=2.0588,=2.7255,=3.1759,=3.7600,=5.5714,=2.4470,=0.3097,=1.7235,=2.3137,=2.8282,=3.8965,=7.1775,=0.0226,=0.9237,=0.0037,=0.0074,=0.0124,=0.0204,=0.0296,=0.0759,=0.0922,=0.0536,=307
="931946",畜牧养殖,2023-07-28,=0.0128,=658.8857,=-0.1247,=310.0571,=0.9467,=14.8058,=16.6121,=24.8513,=43.9443,=702.5962,=2.5834,=0.2938,=2.1724,=2.5481,=2.6702,=2.7843,=3.1405,=1.0646,=0.3711,=0.8870,=1.0247,=1.0903,=1.1344,=1.2139,=0.0225,=0.2509,=0.0155,=0.0201,=0.0270,=0.0304,=0.0347,=-0.0138,=0.0943,=0.0752,=15
="399959",军工指数,2011-08-30,=0.0035,=1585.3400,=-0.1268,=43.1474,=0.0791,=34.5950,=50.2253,=60.0686,=71.7625,=127.8020,=2.7998,=0.2568,=2.0269,=2.6519,=3.2392,=3.9970,=5.9912,=2.4682,=0.0651,=2.1044,=2.6683,=3.2746,=3.8568,=5.2606,=0.0096,=0.9996,=0.0021,=0.0029,=0.0039,=0.0067,=0.0097,=0.0332,=0.0591,=0.0294,=22
="931371",品牌消费100,2019-11-25,,,=-0.1275,=18.0052,=0.2713,=14.6106,=17.2886,=21.7383,=30.5782,=41.6881,=3.1289,=0.0310,=2.8278,=3.6720,=4.4330,=6.5002,=9.5576,=2.1063,=0.2044,=1.7483,=2.1040,=2.6275,=3.8580,=5.3339,=0.0426,=0.9623,=0.0095,=0.0157,=0.0230,=0.0371,=0.0479,=0.0936,=0.1847,=0.1123,=9
="931574",港股科技,2013-05-21,=-0.0147,=1528.1114,=-0.1277,=25.8522,=0.4346,=16.3025,=22.8992,=26.8871,=42.6737,=59.3282,=2.7081,=0.3279,=1.8790,=2.5321,=2.9399,=3.5709,=8.1693,=1.6519,=0.1828,=1.3201,=1.6789,=1.9647,=2.7937,=5.7490,=0.0108,=0.9090,=0.0011,=0.0031,=0.0071,=0.0100,=0.0126,,=0.1179,=0.0629,=276
="000977",内地低碳,2011-01-21,=-0.0084,=1815.4140,=-0.1291,=28.2944,=0.5823,=13.7595,=20.8967,=26.8104,=35.4182,=50.3864,=2.6062,=0.3720,=1.9264,=2.3844,=2.8688,=3.6471,=6.0727,=2.6459,=0.4375,=1.6847,=2.2202,=2.8144,=3.3634,=6.7765,=0.0192,=0.7885,=0.0061,=0.0100,=0.0159,=0.0194,=0.0258,=0.0463,=0.0823,=0.0416,=396
="H30035",300非银,2012-12-21,=0.0127,=9697.1277,=-0.1305,=7.3163,=0.0004,=7.2054,=12.6951,=15.1503,=19.3628,=26.3489,=1.2616,=0.1542,=1.0544,=1.2952,=1.6007,=2.0395,=2.4387,=1.5333,=0.3320,=1.0410,=1.4185,=1.6954,=1.9705,=2.3917,=0.0308,=0.9555,=0.0124,=0.0164,=0.0222,=0.0259,=0.0352,=0.0873,=0.1294,=0.0605,=1265
="932152",港股通成长策略,2025-04-30,=-0.0133,=1149.0812,=-0.1308,=16.1676,=0,=16.1676,=18.0137,=18.6679,=21.0025,=22.5567,=2.2154,=0.0091,=2.1900,=2.3227,=2.6921,=2.8120,=3.0449,=1.6259,=0,=1.6259,=1.8215,=2.0439,=2.2090,=2.3595,=0.0220,=0.9061,=0.0152,=0.0181,=0.0194,=0.0209,=0.0248,,=0.1344,=0.0741,=13
="931845",生猪产业,2012-04-11,,,=-0.1345,=-57.7091,=0.9014,=12.7881,=21.1629,=29.0076,=106.8816,=705.7713,=2.7646,=0.1353,=2.2394,=2.8686,=3.4400,=4.0756,=5.7536,=1.0156,=0.1798,=0.8323,=1.0256,=1.6137,=2.1446,=2.8287,=0.0157,=0.4140,=0.0091,=0.0130,=0.0172,=0.0209,=0.0316,=-0.0526,=0.0788,=0.0736,=163
="399809",保险主题,2015-02-13,=0.0258,=2307.1100,=-0.1352,=7.2956,=0.3179,=5.4537,=6.8114,=10.1528,=15.0245,=22.8725,=0.8425,=0.3695,=0.6352,=0.7647,=1.2019,=1.4858,=1.9794,=2.1632,=0.9241,=0.5239,=0.8688,=1.0970,=1.7821,=2.3772,=0.0383,=0.6342,=0.0120,=0.0209,=0.0305,=0.0488,=0.0686,=0.0540,=0.1015,=0.0485,=1518
="000036",上证消费,2009-01-09,=0.0124,=9375.5200,=-0.1360,=20.4636,=0.0470,=17.8817,=22.6533,=31.6716,=40.5919,=69.3963,=4.4066,=0.0953,=3.7240,=5.2318,=6.5399,=9.2057,=14.9810,=4.2688,=0.2433,=1.9092,=4.0684,=4.8722,=7.3411,=10.9001,=0.0387,=0.9790,=0.0071,=0.0114,=0.0158,=0.0309,=0.0429,=0.1234,=0.2393,=0.1442,=2332
="000812",细分机械,2012-04-11,=-0.0084,=6643.7087,=-0.1363,=26.2245,=0.3468,=14.1771,=22.0432,=31.3731,=39.8073,=51.3583,=2.7874,=0.5938,=1.6005,=2.1653,=2.5312,=3.4006,=5.3964,=1.8621,=0.5856,=1.1287,=1.4635,=1.7350,=2.2906,=3.5603,=0.0175,=0.8276,=0.0047,=0.0079,=0.0119,=0.0168,=0.0237,=0.0567,=0.0835,=0.0406,=207
="930614",环保50,2015-04-07,=-0.0098,=1982.6862,=-0.1366,=28.2944,=0.5938,=13.7595,=20.5125,=26.8035,=35.1194,=50.3864,=2.6062,=0.3699,=1.9059,=2.3842,=2.8844,=3.6683,=6.0727,=2.6459,=0.4202,=1.6847,=2.2438,=2.8687,=3.3746,=6.6309,=0.0192,=0.7538,=0.0061,=0.0100,=0.0160,=0.0201,=0.0258,=0.0463,=0.0831,=0.0419,=210
="399812",养老产业,2014-06-06,=0.0141,=5451.6000,=-0.1389,=8.9037,=0.0008,=8.7777,=17.4822,=20.2718,=25.3509,=31.4367,=1.7336,=0.0239,=1.5864,=2.0310,=2.7862,=3.2414,=4.2954,=1.3523,=0.0544,=1.2170,=1.4492,=1.6758,=1.8719,=2.5548,=0.0285,=0.9827,=0.0096,=0.0132,=0.0172,=0.0244,=0.0306,=0.0998,=0.1459,=0.0698,=6282
="931454",港股通消费,2020-03-06,=-0.0065,=1322.1689,=-0.1411,=14.1518,=0.0106,=13.3496,=20.3192,=26.7979,=36.1954,=64.7193,=2.4222,=0.0119,=2.2532,=3.1403,=3.6277,=5.0851,=8.9519,=1.2598,=0.0094,=1.1976,=1.9057,=2.3704,=3.5496,=6.6047,=0.0460,=0.9794,=0.0043,=0.0072,=0.0119,=0.0152,=0.0498,,=0.1720,=0.1251,=412
="HSSCNE",恒生港股通新经济指数,2018-01-08,=-0.0155,=3685.8600,=-0.1422,=23.6506,=0.4685,=15.8046,=20.8142,=24.0082,=28.3514,=53.5009,=2.6405,=0.3840,=1.7963,=2.2585,=2.8193,=3.4592,=6.9059,=1.8707,=0.3559,=1.4023,=1.7315,=1.9907,=2.5448,=5.3019,=0.0108,=0.5005,=0.0041,=0.0086,=0.0108,=0.0166,=0.0252,,=0.1278,=0.0726,=205
="931068",消费龙头,2018-11-21,=0.0058,=10865.7326,=-0.1424,=17.8707,=0.1696,=15.0591,=18.1738,=22.7775,=29.8874,=44.3922,=3.1950,=0.0249,=2.8729,=4.1008,=4.6891,=6.5462,=10.3805,=2.0249,=0.0588,=1.8019,=2.5190,=3.2459,=4.0786,=7.0508,=0.0392,=0.9576,=0.0085,=0.0161,=0.0211,=0.0335,=0.0451,=0.0920,=0.2083,=0.1127,=2404
="931733",绿色能源,2021-08-19,=-0.0089,=4481.0916,=-0.1435,=27.7340,=0.3880,=12.7308,=19.2997,=32.3052,=41.2248,=65.3510,=2.9551,=0.2822,=2.3311,=2.7983,=3.4903,=5.3819,=8.0150,=1.9946,=0.3363,=1.3651,=1.7984,=2.2810,=4.1765,=7.5185,=0.0168,=0.6079,=0.0043,=0.0070,=0.0150,=0.0213,=0.0259,=0.0551,=0.0932,=0.0408,=31
="000912",300消费,2007-07-02,=0.0064,=17755.8941,=-0.1441,=22.8998,=0.2214,=17.5697,=22.2495,=28.6958,=38.6920,=71.0374,=3.7035,=0.0404,=3.2494,=4.6699,=6.3986,=8.3233,=13.2137,=2.9350,=0.0825,=1.9809,=3.1977,=4.1912,=5.5033,=9.3193,=0.0405,=0.9695,=0.0078,=0.0128,=0.0188,=0.0295,=0.0471,=0.0878,=0.1878,=0.1192,=790
="980032",新能电池,2015-02-17,=-0.0160,=13474.3300,=-0.1442,=22.2855,=0.1955,=14.3994,=22.4660,=30.0377,=79.7236,=130.4039,=3.3651,=0.2063,=2.4545,=3.3559,=4.2389,=7.6262,=11.8091,=1.8047,=0.2799,=1.1163,=1.6957,=2.2319,=4.8568,=7.8642,=0.0140,=0.7460,=0.0011,=0.0019,=0.0084,=0.0155,=0.0224,=0.0784,=0.1357,=0.0605,=757
="399286",区块链50,2019-12-24,=0.0054,=3426.7700,=-0.1447,=16.5868,=0.0876,=13.8844,=17.7047,=20.7260,=28.4821,=40.1853,=1.9219,=0.2455,=1.4262,=1.8688,=2.1118,=2.7224,=3.6332,=1.7958,=0.4528,=1.3177,=1.5930,=1.8325,=2.0890,=2.8188,=0.0261,=0.9488,=0.0072,=0.0097,=0.0147,=0.0234,=0.0319,=0.0587,=0.0903,=0.0516,=158
="399973",中证国防,2014-04-15,=0.0017,=1590.2100,=-0.1450,=65.4031,=0.7118,=28.8580,=43.6048,=54.2028,=71.4297,=99.6638,=3.3712,=0.4029,=2.3880,=3.0104,=3.5543,=4.7831,=7.7047,=3.1573,=0.3794,=1.9566,=2.7338,=3.8134,=4.5351,=7.1179,=0.0063,=0.7761,=0.0024,=0.0035,=0.0046,=0.0064,=0.0100,=0.0233,=0.0535,=0.0273,=647
="931663",SHS消费龙头,2015-03-13,=-0.0049,=1734.6061,=-0.1457,=19.1995,=0.1452,=14.4278,=19.9826,=26.5101,=37.1075,=57.5191,=2.8479,=0.0168,=2.5314,=3.4028,=4.3132,=6.1379,=13.5979,=1.7991,=0.1503,=1.3592,=1.8794,=2.3931,=3.4214,=7.5123,=0.0295,=0.9235,=0.0069,=0.0133,=0.0170,=0.0254,=0.0421,=0.0729,=0.1487,=0.0929,=233
="980027",新能源电池,2015-02-16,=-0.0189,=2883.4900,=-0.1465,=23.2971,=0.3862,=16.8641,=21.1750,=25.0186,=30.4611,=35.7610,=3.7566,=0.5972,=2.5249,=3.0415,=3.4942,=4.4186,=5.0827,=2.4944,=0.5601,=1.4888,=1.9132,=2.4193,=3.2423,=3.8612,=0.0177,=0.6841,=0.0052,=0.0082,=0.0154,=0.0185,=0.0213,=0.0839,=0.1513,=0.0747,=115
="930746",港中小企,2015-08-26,=-0.0065,=2291.0894,=-0.1473,=18.7287,=0.8160,=7.8499,=11.1083,=14.2675,=18.3638,=36.0739,=0.9225,=0.3550,=0.6829,=0.8307,=1.0687,=1.2269,=1.6951,=0.6687,=0.4630,=0.3939,=0.5280,=0.6820,=0.8172,=1.1520,=0.0386,=0.6381,=0.0210,=0.0273,=0.0337,=0.0436,=0.0585,,=0.0313,=0.0295,=212
="931697",消费50策略,2021-07-12,=0.0039,=7248.5531,=-0.1480,=19.8856,=0.4250,=16.4104,=18.4784,=20.7609,=31.2067,=38.9422,=2.9431,=0.0385,=2.6840,=3.5010,=3.8511,=5.1854,=7.0736,=1.6040,=0.0593,=1.4635,=1.7414,=1.9154,=2.8416,=3.5305,=0.0354,=0.9431,=0.0120,=0.0158,=0.0243,=0.0319,=0.0403,=0.0733,=0.1608,=0.0948,=65
="931151",光伏产业,2019-04-22,=-0.0115,=2432.0488,=-0.1490,=-149.5693,=0.9670,=9.5087,=20.7977,=38.4632,=97.5855,=2491.4939,=1.9950,=0.2731,=1.5562,=1.9290,=2.5947,=4.4588,=6.9801,=1.8111,=0.4964,=0.8897,=1.2511,=1.8204,=3.1658,=5.9137,=0.0085,=0.4751,=0.0030,=0.0055,=0.0089,=0.0197,=0.0300,=0.0009,=0.0012,=0.0032,=2750
="399971",中证传媒,2014-04-15,=0.0116,=1252.5300,=-0.1492,=32.2831,=0.3777,=18.4593,=27.0874,=34.6204,=43.9563,=90.0483,=2.2700,=0.3167,=1.5359,=2.1284,=2.5439,=3.2131,=5.1459,=2.6831,=0.2326,=1.9674,=2.6277,=3.1549,=4.4267,=6.6801,=0.0191,=0.7402,=0.0038,=0.0091,=0.0130,=0.0206,=0.0294,=0.0458,=0.0602,=0.0413,=6356
="931798",光伏龙头30,2009-06-16,=-0.0219,=1768.2070,=-0.1504,=29.6951,=0.6520,=8.0886,=17.2411,=24.1376,=37.5646,=66.5518,=2.0539,=0.2264,=1.6869,=2.0278,=2.4217,=4.5878,=8.3847,=2.2226,=0.6569,=0.9999,=1.3497,=1.7220,=3.0761,=5.7040,=0.0118,=0.5443,=0.0027,=0.0059,=0.0111,=0.0206,=0.0351,=0.0348,=0.0745,=0.0451,=203
="930875",空天军工,2016-08-17,=-0.0009,=2054.3918,=-0.1509,=70.4371,=0.7327,=27.3832,=45.6678,=55.8790,=73.3192,=98.7933,=3.7331,=0.5426,=2.4052,=3.1598,=3.6278,=4.9270,=7.9650,=3.4281,=0.4439,=2.1274,=2.8956,=3.6631,=4.5022,=7.7673,=0.0058,=0.7069,=0.0022,=0.0032,=0.0041,=0.0068,=0.0106,=0.0232,=0.0567,=0.0284,=112
="399412",国证新能,2014-05-16,=-0.0103,=2509.8100,=-0.1522,=29.6255,=0.5806,=13.6858,=20.0843,=25.3660,=40.0619,=66.6027,=2.6788,=0.4631,=1.6349,=2.2652,=2.7216,=3.9698,=7.3016,=1.7454,=0.5720,=0.7993,=1.1878,=1.5782,=2.5873,=5.3757,=0.0146,=0.4788,=0.0032,=0.0058,=0.0151,=0.0184,=0.0274,=0.0454,=0.0862,=0.0441,=364
="931480",线上消费,2020-05-06,=0.0106,=712.6338,=-0.1527,=46.4601,=0.1484,=33.5813,=47.7941,=64.9633,=96.0298,=132.5169,=2.9772,=0.4297,=1.9483,=2.5242,=3.0774,=3.6849,=5.0305,=3.0245,=0.8262,=1.1811,=1.5076,=1.8375,=2.9401,=4.8094,=0.0116,=0.9518,=0.0051,=0.0066,=0.0085,=0.0099,=0.0133,=0.0419,=0.0458,=0.0308,=79
="987008",港股通科技,2021-03-08,,,=-0.1529,=25.2268,=0.3230,=16.3992,=24.0633,=27.0346,=33.6011,=63.8758,=2.5386,=0.0259,=2.3408,=2.9141,=3.3960,=3.9275,=8.4842,=2.1043,=0.0259,=1.9337,=2.5585,=2.9680,=3.8121,=8.7605,=0.0074,=0.8160,=0.0015,=0.0033,=0.0059,=0.0073,=0.0093,=0.0483,=0.1100,=0.0644,=96
="399417",新能源车,2014-09-24,=-0.0137,=3289.1000,=-0.1545,=22.9290,=0.3241,=14.2186,=20.9718,=29.7885,=55.4460,=106.6289,=3.2360,=0.4285,=1.6630,=2.3823,=3.4410,=4.4385,=9.6468,=1.7695,=0.4532,=0.6730,=1.0543,=1.8486,=2.4347,=6.6041,=0.0143,=0.6004,=0.0016,=0.0053,=0.0123,=0.0183,=0.0316,=0.0730,=0.1319,=0.0609,=2442
="000911",300可选,2007-07-02,=0.0037,=5577.6257,=-0.1569,=18.7327,=0.5641,=11.4175,=16.2611,=18.2741,=24.5366,=45.8432,=1.9086,=0.0140,=1.7502,=2.2605,=2.5356,=3.0218,=4.4626,=0.8759,=0.0866,=0.7162,=0.9476,=1.0951,=1.3297,=2.0518,=0.0283,=0.9080,=0.0117,=0.0177,=0.0226,=0.0265,=0.0325,=0.0477,=0.1159,=0.0659,=34
="930653",CS食品饮,2015-06-05,=0.0134,=12719.9784,=-0.1572,=22.1836,=0.1575,=17.6031,=22.6665,=31.2780,=38.3114,=65.8842,=3.4229,=0.0198,=3.1030,=4.4047,=5.7100,=7.1300,=12.9907,=3.2210,=0.0243,=2.9247,=3.8046,=4.7671,=5.8503,=11.4166,=0.0384,=0.9786,=0.0078,=0.0127,=0.0179,=0.0311,=0.0425,=0.0947,=0.1583,=0.1010,=916
="930794",中美互联网,2016-04-22,,,=-0.1576,=19.2213,=0.0008,=19.0594,=27.8858,=32.4687,=38.0931,=50.5410,=5.0420,=0.1079,=3.5920,=5.5776,=6.5716,=7.5414,=9.2259,=4.5034,=0.3479,=2.2940,=3.8795,=4.8597,=5.5740,=7.0802,=0.0027,=0.6356,=0.0004,=0.0006,=0.0017,=0.0033,=0.0053,=0.1918,=0.2425,=0.1282,=436
="HSSI",恒生综合小型股指数,2001-10-03,=-0.0056,=1322.1900,=-0.1581,=21.9817,=0.6920,=7.3220,=11.0801,=16.3973,=26.2521,=83.7574,=0.9332,=0.4047,=0.5652,=0.7236,=0.9697,=1.1648,=1.4185,=0.6272,=0.3844,=0.3459,=0.4531,=0.6871,=0.9187,=1.2872,=0.0305,=0.5079,=0.0167,=0.0231,=0.0303,=0.0353,=0.0478,,,=0.0326,=126
="931239",港股通汽车,2022-07-21,=-0.0029,=1939.5963,=-0.1583,=25.4274,=0.7890,=12.1049,=14.3819,=17.2874,=25.9181,=32.0714,=2.6741,=0.7890,=1.2076,=1.4396,=1.6136,=2.7278,=3.5989,=1.3285,=0.7877,=0.6024,=0.6875,=0.7646,=1.3964,=1.7776,=0.0151,=0.2123,=0.0091,=0.0145,=0.0202,=0.0227,=0.0338,,=0.1153,=0.0447,=53
="399976",CS新能车,2014-11-28,=-0.0140,=3755.3200,=-0.1591,=22.9736,=0.2016,=13.8890,=22.9016,=34.0454,=62.1175,=231.2544,=3.1439,=0.2169,=2.0896,=3.0970,=3.8314,=6.2213,=11.9870,=1.7863,=0.1926,=0.7703,=1.7975,=2.2914,=4.1916,=9.1824,=0.0129,=0.7852,=0.0014,=0.0031,=0.0075,=0.0134,=0.0276,=0.0742,=0.1248,=0.0561,=2031
="000942",内地消费,2009-10-28,=0.0051,=8585.3392,=-0.1602,=20.7806,=0.4342,=14.4412,=18.7474,=21.7495,=33.3379,=52.6356,=2.5988,=0.0194,=2.3718,=3.1171,=3.6914,=5.0424,=7.7211,=1.4203,=0.1456,=1.1096,=1.4982,=1.7720,=2.5493,=4.1228,=0.0339,=0.9687,=0.0093,=0.0147,=0.0214,=0.0285,=0.0381,=0.0635,=0.1426,=0.0853,=773
="HSSCITI",恒生港股通科技主题指数,2023-07-01,=-0.0147,=2446.0300,=-0.1608,=23.5563,=0.4659,=15.2810,=21.3377,=23.7825,=26.9039,=33.8690,=2.5529,=0.0965,=2.1914,=2.6865,=2.9150,=3.3942,=4.1810,=2.1273,=0.4878,=1.5305,=1.8508,=2.1363,=2.7074,=3.5648,=0.0096,=0.9073,=0.0061,=0.0075,=0.0084,=0.0091,=0.0106,,=0.1204,=0.0697,=88
="000990",全指消费,2011-08-02,=0.0107,=10660.7803,=-0.1626,=25.1107,=0.2487,=18.6483,=23.1095,=30.4428,=39.1217,=75.7240,=3.4329,=0.0243,=3.0373,=4.0640,=4.9947,=6.2867,=9.6579,=2.5498,=0.0841,=2.2209,=2.7731,=3.3220,=4.0947,=6.6514,=0.0371,=0.9682,=0.0082,=0.0125,=0.0158,=0.0290,=0.0432,=0.0754,=0.1676,=0.1071,=3865
="932450",香港现金流,2025-02-28,,,=-0.1629,=11.1742,=0.8636,=6.6300,=8.1912,=10,=10.7364,=12.5131,=1.1280,=0.4599,=0.7408,=0.8605,=1.1406,=1.2701,=1.5038,=0.5596,=0.4332,=0.4577,=0.5248,=0.8576,=1.0255,=1.2561,=0.0436,=0.2674,=0.0367,=0.0426,=0.0525,=0.0597,=0.0728,=0.0719,=0.0849,=0.1131,=12
="930997",新能源车,2017-07-19,=-0.0141,=2538.7305,=-0.1642,=23.0678,=0.2808,=14.0460,=20.4867,=31.4767,=70.8873,=171.6022,=3.1502,=0.3648,=1.7502,=2.4311,=3.6280,=6.0166,=11.4567,=1.7936,=0.3535,=0.7652,=1.2127,=2.1355,=3.8837,=8.7389,=0.0129,=0.6248,=0.0014,=0.0031,=0.0109,=0.0182,=0.0289,=0.0745,=0.1243,=0.0560,=1988
="H30094",消费红利,2013-07-02,=0.0183,=31042.4827,=-0.1642,=19.7824,=0.1538,=16.2060,=20.4176,=27.7746,=33.4547,=59.6542,=3.5408,=0.0206,=3.1510,=4.3764,=5.3356,=6.7479,=11.0368,=4.0289,=0.3930,=2.0635,=3.3446,=4.3055,=5.3148,=8.4259,=0.0442,=0.9790,=0.0123,=0.0178,=0.0223,=0.0352,=0.0491,=0.1060,=0.1905,=0.1131,=2181
="980022",机器人产业,2015-02-25,=-0.0119,=2217.2100,=-0.1645,=51.8569,=0.7939,=13.7974,=16.6967,=20.5166,=53.6150,=93.9438,=4.1988,=0.6133,=2.5198,=3.0625,=3.6772,=4.8048,=6.2730,=3.6089,=0.7709,=1.0172,=1.2360,=1.4385,=3.9496,=5.9220,=0.0060,=0.1999,=0.0039,=0.0060,=0.0201,=0.0295,=0.0381,=0.0442,=0.0892,=0.0357,=351
="399808",中证新能,2015-02-10,=-0.0153,=2350.6400,=-0.1650,=31.5872,=0.3975,=11.2377,=23.4990,=35.4273,=45.5924,=62.8342,=2.4750,=0.3518,=1.7615,=2.1712,=2.8929,=3.8504,=7.2277,=2.0917,=0.4247,=1.2791,=1.6778,=2.2390,=3.0254,=6.6822,=0.0142,=0.7715,=0.0029,=0.0058,=0.0092,=0.0152,=0.0247,=0.0456,=0.0668,=0.0343,=1325
="000989",全指可选,2011-08-02,=0.0026,=4668.7300,=-0.1653,=21.9565,=0.3278,=14.8205,=20.3628,=24.1575,=30.9883,=46.1708,=2.1044,=0.1913,=1.6599,=2.1146,=2.4878,=2.8271,=3.2250,=0.9745,=0.1373,=0.8200,=1.0007,=1.1552,=1.4407,=1.7628,=0.0251,=0.9332,=0.0123,=0.0153,=0.0185,=0.0234,=0.0287,=0.0481,=0.1045,=0.0593,=1313
="932246",储能电池,2022-07-08,,,=-0.1656,=22.3564,=0.2113,=13.3190,=21.5565,=26.4026,=33.1407,=40.1514,=3.5090,=0.6000,=2.3139,=2.6938,=3.2931,=4.4475,=5.1292,=2.3071,=0.4984,=1.3666,=1.7035,=2.3083,=3.2818,=3.7523,=0.0177,=0.6032,=0.0111,=0.0132,=0.0165,=0.0200,=0.0231,=0.0850,=0.1439,=0.0684,=76
="399396",国证食品,2012-10-29,=0.0105,=14577,=-0.1656,=21.2568,=0.1410,=17.1702,=21.8604,=30.0929,=37.3108,=66.0937,=3.5873,=0.0198,=3.2471,=4.5790,=6.1028,=7.6300,=14.3214,=3.4436,=0.0214,=3.1290,=3.9691,=5.0529,=6.2477,=12.4529,=0.0398,=0.9781,=0.0078,=0.0130,=0.0187,=0.0318,=0.0441,=0.1036,=0.1761,=0.1101,=1621
="000941",新能源,2009-10-28,=-0.0178,=2146.7517,=-0.1659,=21.8537,=0.2668,=10.2578,=20.0248,=28.5914,=37.2902,=57.4660,=2.7846,=0.4268,=1.8262,=2.2548,=2.9526,=3.8432,=8.1424,=2.3712,=0.5736,=1.2704,=1.5650,=2.2651,=2.9648,=7.0320,=0.0177,=0.7889,=0.0031,=0.0063,=0.0104,=0.0183,=0.0268,=0.0648,=0.1201,=0.0662,=2480
="399699",金融科技,2017-06-09,=0.0140,=3726.2200,=-0.1668,=13.8599,=0.0031,=13.2600,=16.6182,=19.2469,=44.3030,=111.6316,=1.8205,=0.2250,=1.2665,=1.7868,=2.2663,=3.3944,=4.4660,=1.4571,=0.3094,=1.0709,=1.3789,=1.6139,=1.9050,=3.0519,=0.0230,=0.7791,=0.0041,=0.0063,=0.0188,=0.0235,=0.0329,=0.0666,=0.1027,=0.0535,=332
="000807",食品饮料,2012-02-17,=0.0115,=15230.3394,=-0.1670,=20.6106,=0.1419,=16.7498,=21.3120,=30.4186,=37.6314,=67.1514,=3.7875,=0.0198,=3.4269,=4.7770,=6.2643,=8.2580,=14.6770,=4.4295,=0.1518,=3.6682,=4.5312,=5.6636,=7.6740,=12.7454,=0.0421,=0.9798,=0.0077,=0.0131,=0.0185,=0.0329,=0.0463,=0.1117,=0.1953,=0.1219,=4309
="000815",细分食品,2012-04-11,=0.0113,=15600.4709,=-0.1672,=20.8732,=0.1612,=16.6089,=21.3412,=30.6741,=37.4251,=68.5596,=3.7308,=0.0198,=3.3595,=4.7296,=6.1938,=8.2709,=14.7926,=4.4913,=0.0660,=4.0083,=4.9234,=6.1115,=8.3455,=14.4971,=0.0414,=0.9831,=0.0072,=0.0123,=0.0164,=0.0323,=0.0452,=0.1102,=0.1902,=0.1204,=787
="HSSCT",恒生港股通中国科技指数,2020-02-01,=-0.0147,=6219.2600,=-0.1709,=23.6555,=0.3705,=15.0039,=21.9679,=24.7424,=31.8731,=55.7647,=2.5411,=0.1208,=1.8368,=2.6323,=3.0092,=4.6141,=8.0840,=2.1295,=0.3730,=1.1354,=1.8445,=2.3177,=3.1872,=6.0217,=0.0095,=0.9081,=0.0020,=0.0040,=0.0071,=0.0089,=0.0108,,=0.1201,=0.0695,=101
="931404",SHS品牌消费50,2020-02-20,=-0.0042,=2235.4024,=-0.1717,=16.0520,=0.0224,=15.2551,=18.1746,=21.4221,=29.8597,=52.1290,=3.7494,=0.0309,=3.2381,=4.5400,=5.2305,=7.2246,=13.2899,=3.1852,=0.2070,=2.1582,=3.1793,=4.0144,=6.3401,=12.0094,=0.0263,=0.8057,=0.0048,=0.0095,=0.0175,=0.0262,=0.0383,=0.1177,=0.2165,=0.1149,=141
="H11052",智能电车,2009-07-22,=-0.0095,=3514.4351,=-0.1720,=23.6235,=0.1324,=16.1153,=26.0878,=32.7719,=63.3646,=148.6443,=3.2647,=0.2276,=2.6129,=3.1950,=3.8829,=5.5107,=9.7804,=1.6528,=0.1963,=1.2507,=1.6563,=2.0380,=3.2736,=6.6252,=0.0127,=0.8565,=0.0021,=0.0035,=0.0091,=0.0113,=0.0189,=0.0695,=0.1293,=0.0622,=199
="000932",中证消费,2009-07-03,=0.0115,=12623.9200,=-0.1721,=23.4579,=0.2276,=18.2526,=22.5837,=29.2776,=38.6663,=67.7039,=3.4769,=0.0235,=3.0877,=4.2746,=5.3624,=7.0320,=11.1990,=2.7363,=0.0734,=2.0221,=2.9575,=3.5969,=4.6842,=7.7724,=0.0388,=0.9715,=0.0082,=0.0130,=0.0175,=0.0294,=0.0448,=0.0815,=0.1726,=0.1107,=12531
="399368",国证军工,2009-11-04,=0.0006,=7054.4300,=-0.1723,=58.0100,=0.3130,=38.1822,=54.2867,=63.1264,=77.1905,=107.0849,=2.9820,=0.4598,=2.0244,=2.5859,=3.0204,=3.5316,=4.3940,=2.8613,=0.3781,=1.8459,=2.5701,=3.1757,=3.6960,=4.8014,=0.0076,=0.9926,=0.0025,=0.0033,=0.0045,=0.0056,=0.0080,=0.0306,=0.0477,=0.0253,=19
="931747",中证储能,2021-10-15,,,=-0.1732,=22.6562,=0.2308,=16.6670,=22.2860,=27.4093,=52.3921,=124.6415,=3.6476,=0.0586,=3.1109,=3.9490,=4.6119,=6.8805,=12.5394,=1.9452,=0.3208,=1.2712,=1.7311,=2.2450,=3.7161,=8.7019,=0.0157,=0.7858,=0.0008,=0.0019,=0.0122,=0.0159,=0.0191,=0.0792,=0.1665,=0.0804,=144
="399393",国证地产,2012-08-20,=0.0071,=2577.7800,=-0.1739,=-5.5755,=0.9860,=6.3321,=8.5850,=15.6526,=-1299.1574,=115902.4187,=0.7814,=0.1406,=0.5768,=0.8302,=1.0548,=1.6205,=2.5183,=0.5910,=0.4342,=0.3699,=0.5163,=0.6370,=1.0429,=1.7471,=0.0113,=0.0829,=0.0083,=0.0181,=0.0259,=0.0342,=0.0478,=-0.0060,=-0.0767,=-0.0018,=1436
="931719",CS电池,2013-07-15,=-0.0173,=3511.5391,=-0.1741,=22.8534,=0.1031,=15.7007,=26.2309,=38.5438,=63.4148,=121.8822,=3.4587,=0.4004,=1.9771,=2.9292,=3.9029,=5.7588,=11.8941,=2.2907,=0.3414,=1.2782,=2.0990,=2.9737,=4.5215,=9.5565,=0.0162,=0.8800,=0.0012,=0.0035,=0.0068,=0.0125,=0.0220,=0.0816,=0.1370,=0.0637,=579
="930790",CS娱乐TI,2016-03-22,=0.0145,=1174.0918,=-0.1742,=72.9864,=0.7131,=17.3299,=32.7880,=50.3088,=79.3984,=245.3480,=2.3811,=0.4039,=1.6576,=2.1422,=2.5289,=3.1107,=3.8872,=2.6101,=0.1315,=2.2057,=2.7412,=3.2118,=4.0213,=5.0752,=0.0158,=0.8446,=0.0039,=0.0093,=0.0124,=0.0152,=0.0240,=0.0302,=0.0200,=0.0287,=22
="HSTECH",恒生科技指数,2020-07-01,=-0.0149,=4550.8800,=-0.1750,=24.2157,=0.4225,=14.7293,=21.8323,=25.7599,=41.8917,=73.7725,=2.4407,=0.2355,=1.7280,=2.3927,=2.7694,=3.7238,=8.3408,=1.5787,=0.0652,=1.2545,=1.7038,=2.0197,=3.1214,=6.6932,=0.0119,=0.9275,=0.0010,=0.0021,=0.0060,=0.0109,=0.0135,,=0.1207,=0.0688,=7444
="399967",中证军工,2013-12-26,=-0.0018,=11538.1900,=-0.1765,=59.9592,=0.3798,=41.8350,=54.9002,=64.3654,=96.2885,=139.5543,=3.2714,=0.5584,=2.0425,=2.6005,=3.1758,=3.7802,=4.8699,=2.9971,=0.3831,=2.0545,=2.7207,=3.1014,=4.0092,=5.8225,=0.0070,=0.9715,=0.0021,=0.0030,=0.0039,=0.0054,=0.0081,=0.0315,=0.0501,=0.0263,=5996
="000931",中证可选,2009-07-03,=0.0034,=5113.5418,=-0.1771,=19.7725,=0.4351,=12.9961,=17.9577,=20.0805,=26.0964,=47.1695,=2.0020,=0.0948,=1.6991,=2.1062,=2.4813,=2.7948,=3.7874,=0.9295,=0.1596,=0.7260,=0.9592,=1.1103,=1.2792,=1.9265,=0.0271,=0.9386,=0.0120,=0.0178,=0.0209,=0.0249,=0.0298,=0.0506,=0.1143,=0.0639,=843
="930781",中证影视,2016-02-04,=0.0229,=1390.4918,=-0.1776,=-3097.4745,=0.6388,=16.7066,=43.1495,=213.4257,=-60.8596,=8055.0919,=1.9120,=0.1192,=1.4352,=2.0232,=2.3560,=3.3129,=5.5600,=4.1577,=0.4837,=2.7079,=3.4931,=4.2400,=5.3961,=8.9225,=0.0117,=0.8784,=0.0020,=0.0038,=0.0065,=0.0099,=0.0161,=0.0049,=0.0185,=0.0250,=188
="931009",建筑材料,2013-07-15,=0.0055,=5158.7630,=-0.1784,=340.9840,=1,=8.0662,=10.4147,=14.8851,=29.9264,=340.9840,=0.8515,=0.0299,=0.7557,=1.0073,=1.4937,=1.9895,=2.4800,=0.9723,=0.2284,=0.6904,=0.9491,=1.1556,=1.5128,=2.1670,=0.0224,=0.1780,=0.0085,=0.0228,=0.0261,=0.0309,=0.0487,=0.0007,=0.0109,=0.0129,=758
="399440",国证钢铁,2014-12-30,=0.0060,=1216.5800,=-0.1811,=29.1585,=0.7105,=5.7530,=9.0864,=18.4249,=36.0515,=695.2734,=0.9614,=0.3460,=0.7172,=0.9156,=1.0344,=1.3226,=2.0509,=0.4854,=0.5740,=0.3277,=0.3893,=0.4568,=0.6053,=1.3827,=0.0259,=0.4309,=0.0018,=0.0183,=0.0272,=0.0419,=0.0569,=0.0158,=0.0382,=0.0214,=471
="000692",科创新能,2023-04-03,=-0.0197,=945.5300,=-0.1832,=-47.8638,=0.7246,=13.9124,=19.0388,=146.6779,=-45.1013,=279.8956,=2.2503,=0.5072,=1.4486,=1.8107,=2.2348,=2.7906,=4.0229,=1.4376,=0.4783,=0.8667,=1.1685,=1.4509,=1.9007,=2.6157,=0.0047,=0.1123,=0.0030,=0.0054,=0.0162,=0.0205,=0.0318,=-0.0092,=-0.0642,=-0.0211,=44
="931775",房地产,2013-07-15,=0.0012,=2424.7561,=-0.1870,=-4.4539,=0.9860,=7.0141,=8.9821,=18.2040,=-31.2963,=1490.8370,=0.7766,=0.1588,=0.5750,=0.8228,=1.0322,=1.5589,=2.4442,=0.6022,=0.4153,=0.3617,=0.5322,=0.6663,=1.1008,=1.7893,=0.0060,=0.0021,=0.0058,=0.0146,=0.0234,=0.0325,=0.0448,=-0.0127,=-0.1024,=-0.0085,=942
="980018",卫星通信,2015-02-17,=-0.0131,=4336.6000,=-0.1886,=222.9346,=0.8992,=23.6003,=29.0474,=41.0498,=62.1641,=1063.4314,=5.6076,=0.9164,=1.7225,=2.0659,=2.6000,=4.3260,=7.7241,=7.3170,=0.9773,=1.5054,=1.8105,=2.3164,=3.1507,=9.8783,=0.0020,=0.0307,=0.0013,=0.0038,=0.0124,=0.0171,=0.0231,=0.0165,=0.0181,=0.0589,=138
="930721",CS智汽车,2015-08-05,=0.0002,=4672.9556,=-0.1920,=32.5929,=0.1137,=27.2408,=33.7715,=39.3400,=48.7816,=67.2850,=3.1031,=0.1106,=2.5208,=3.2795,=3.8017,=5.3419,=7.3638,=1.2143,=0.0040,=1.1887,=1.4830,=1.8315,=2.6236,=3.8976,=0.0076,=0.5843,=0.0040,=0.0056,=0.0071,=0.0093,=0.0155,=0.0349,=0.1014,=0.0429,=492
="930606",中证钢铁,2015-03-31,=0.0063,=941.1949,=-0.1921,=61.4184,=0.8078,=5.9346,=9.2015,=19.0117,=59.8929,=77593.1899,=0.9766,=0.3522,=0.7076,=0.9197,=1.0457,=1.3306,=2.0450,=0.4650,=0.5340,=0.2931,=0.3819,=0.4522,=0.5993,=1.2948,=0.0244,=0.4227,=0.0018,=0.0168,=0.0255,=0.0409,=0.0542,=0.0104,=0.0221,=0.0166,=778
="932088",全指航空,2023-03-23,=0.0039,=708.6872,=-0.1928,=79.2761,=0.6862,=36.9197,=49.4722,=67.3746,=87.9660,=116.5746,=3.3894,=0.5138,=2.3948,=3.0524,=3.3812,=3.8446,=4.9751,=3.2268,=0.3449,=2.2988,=2.9128,=3.5510,=4.0303,=4.9356,=0.0052,=0.2335,=0.0041,=0.0052,=0.0061,=0.0069,=0.0090,=0.0184,=0.0470,=0.0240,=56
="399432",智能汽车,2014-12-30,=-0.0077,=5471.3600,=-0.1936,=22.8256,=0.4495,=12.3799,=17.9170,=24.8906,=66.1739,=131.3343,=3.1831,=0.4210,=1.4019,=2.1767,=3.5046,=6.5272,=11.4939,=1.8352,=0.4623,=0.5888,=0.9103,=1.8988,=4.6106,=8.8483,=0.0139,=0.5146,=0.0016,=0.0032,=0.0133,=0.0241,=0.0377,=0.0724,=0.1377,=0.0637,=22
="399617",深证消费,2011-06-15,=0.0129,=7435.0200,=-0.1953,=41.1086,=0.8499,=15.3450,=22.1455,=26.3923,=32.3410,=1768.1548,=2.4593,=0.0268,=2.1129,=3.2596,=4.2045,=5.7490,=9.2732,=1.4137,=0.0247,=1.2428,=1.8469,=2.4358,=3.6985,=6.3240,=0.0336,=0.8726,=0.0100,=0.0137,=0.0185,=0.0262,=0.0433,=0.0310,=0.1055,=0.0741,=370
="931066",军工龙头,2018-02-05,=0.0067,=2778.2592,=-0.1958,=60.6269,=0.8648,=29.1719,=35.0607,=43.1495,=54.3363,=100.5281,=3.1308,=0.1978,=2.2914,=3.1333,=3.6573,=4.5910,=6.9932,=2.9286,=0.2844,=2.1745,=2.8045,=3.4367,=4.1789,=5.8746,=0.0063,=0.1829,=0.0050,=0.0063,=0.0076,=0.0092,=0.0116,=0.0221,=0.0495,=0.0253,=1080
="931357",优选消费50,2019-11-15,=-0.0041,=2406.5277,=-0.1967,=17.5202,=0.0244,=16.0077,=20.2858,=24.5641,=32.8688,=53.0529,=2.7205,=0.0070,=2.5395,=3.6502,=4.3144,=7.1236,=11.6208,=1.7041,=0.0064,=1.5982,=2.2778,=2.6854,=5.1799,=8.8232,=0.0264,=0.9866,=0.0058,=0.0100,=0.0147,=0.0201,=0.0287,=0.0808,=0.1689,=0.0954,=398
="930601",中证软件,2015-03-10,=0.0026,=5042.6958,=-0.1980,=102.3566,=0.7010,=29.3378,=51.8564,=79.5511,=128.9417,=302.4908,=4.8881,=0.5831,=2.7207,=3.9641,=4.6659,=5.6331,=7.7270,=5.7812,=0.7369,=2.8007,=4.0731,=4.9558,=6.0371,=8.5752,=0.0066,=0.9233,=0.0026,=0.0036,=0.0044,=0.0054,=0.0101,=0.0141,=0.0385,=0.0050,=415
="000816",细分地产,2012-04-11,,,=-0.1992,=-3.9881,=0.9864,=6.1299,=8.3282,=15.7334,=-51.2820,=2488.2259,=0.7201,=0.1113,=0.5599,=0.7999,=1.0332,=1.6218,=2.5676,=0.5240,=0.3241,=0.3390,=0.4917,=0.6035,=1.0184,=1.7076,=0.0051,=0.0111,=0.0044,=0.0173,=0.0275,=0.0358,=0.0516,=-0.0120,=-0.1018,=-0.0072,=10
="931746",储能产业,2015-06-11,=-0.0098,=2936.8561,=-0.2058,=27.0301,=0.3339,=12.7536,=19.7931,=31.9829,=41.3130,=70.6293,=2.9231,=0.2832,=2.2823,=2.7429,=3.3738,=4.9904,=8.8670,=1.9270,=0.4423,=1.1513,=1.5031,=2.0327,=3.1303,=6.6557,=0.0143,=0.6434,=0.0020,=0.0044,=0.0128,=0.0168,=0.0220,=0.0527,=0.0831,=0.0351,=162
="H30182",计算机,2013-07-15,=0.0116,=6081.1845,=-0.2063,=437.4488,=0.8557,=33.2527,=55.4530,=105.3833,=366.9205,=65313.4473,=3.9118,=0.3797,=2.4295,=3.5854,=4.0730,=4.6273,=5.8765,=3.8341,=0.3116,=2.3635,=3.5898,=4.1309,=4.7329,=7.6223,=0.0051,=0.7280,=0.0028,=0.0040,=0.0045,=0.0053,=0.0091,=0.0002,=0.0033,=-0.0020,=60
="H30202",软件指数,2013-07-15,=0.0083,=11963.3020,=-0.2065,=109.3994,=0.6227,=45.1036,=65.7516,=91.4775,=155.6957,=372.5263,=4.5585,=0.2272,=2.9348,=4.4745,=5.3530,=6.5675,=8.8705,=6.1210,=0.3216,=3.9010,=5.4106,=6.8126,=7.9854,=12.1264,=0.0067,=0.9171,=0.0022,=0.0033,=0.0045,=0.0055,=0.0102,=0.0110,=0.0344,=0.0032,=333
="931521",高装细分50,2020-07-08,=0.0011,=2602.4195,=-0.2176,=90.8194,=0.7828,=33.8051,=48.5832,=59.4929,=96.0918,=160.3029,=3.7232,=0.3773,=2.5146,=3.4387,=4.0907,=4.9859,=6.8876,=3.8693,=0.2136,=2.7226,=3.8029,=4.3942,=5.0654,=6.7300,=0.0051,=0.3377,=0.0025,=0.0042,=0.0055,=0.0065,=0.0091,=0.0165,=0.0438,=0.0215,=83
="000126",消费50,2011-12-09,=0.0112,=6491.6000,=-0.2192,=20.3501,=0.2054,=15.1608,=20.2908,=22.8715,=32.8709,=57.2206,=2.5639,=0.0379,=2.2360,=3.0009,=3.4010,=4.8666,=7.3797,=1.4261,=0.2944,=0.9155,=1.2876,=1.8266,=2.6426,=3.8011,=0.0351,=0.9806,=0.0091,=0.0134,=0.0211,=0.0279,=0.0382,=0.0674,=0.1407,=0.0845,=93
="931230",汽车零部件,2013-07-15,=-0.0026,=1005.7409,=-0.2220,=26.6600,=0.5041,=18.5338,=23.9201,=26.6403,=30.4029,=34.9965,=2.7138,=0.5622,=1.8462,=2.3008,=2.6327,=3.1547,=3.7531,=1.7167,=0.5718,=1.1819,=1.4658,=1.6772,=2.0001,=2.3775,=0.0150,=0.6202,=0.0115,=0.0128,=0.0142,=0.0158,=0.0198,=0.0479,=0.1141,=0.0560,=55
="399805",互联金融,2015-02-10,=0.0219,=2989.5000,=-0.2233,=8.9238,=0.1200,=7.5943,=9.5379,=11.3240,=13.1553,=16.5816,=0.9822,=0.1501,=0.7644,=1.0301,=1.3813,=1.7118,=2.0317,=1.7654,=0.7748,=1.1667,=1.4082,=1.6145,=1.7935,=2.2636,=0.0344,=0.8198,=0.0145,=0.0186,=0.0238,=0.0339,=0.0507,=0.0550,=0.0940,=0.0508,=339
="399987",中证酒,2014-12-10,=0.0208,=3857.0300,=-0.2283,=20.1319,=0.1579,=16.5000,=20.7326,=30.5274,=38.5048,=71.4257,=3.8647,=0.0214,=3.3943,=4.9102,=6.4715,=8.9992,=15.9495,=6.1731,=0.1122,=5.0607,=6.4801,=8.3135,=11.8299,=21.4371,=0.0445,=0.9860,=0.0067,=0.0114,=0.0162,=0.0329,=0.0485,=0.1202,=0.2043,=0.1302,=2793
="930625",SHS互联网,2015-04-21,=-0.0067,=2337.0256,=-0.2291,=22.4067,=0.0479,=18.8995,=26.8463,=34.9034,=49.8290,=84.5605,=2.5285,=0.0055,=2.3016,=3.4447,=4.8883,=6.6260,=9.2961,=2.5147,=0.0067,=2.3041,=3.4219,=4.2835,=5.7868,=8.7946,=0.0099,=0.9830,=0.0016,=0.0028,=0.0036,=0.0070,=0.0110,=0.0575,=0.1241,=0.0701,=340
="H30015",800汽车,2012-12-21,=0.0096,=7713.0460,=-0.2335,=24.6098,=0.5864,=11.4503,=15.3752,=22.8783,=31.8612,=45.6288,=1.8491,=0.2355,=1.3220,=1.7478,=2.1688,=2.4572,=3.4622,=0.7851,=0.3860,=0.5106,=0.6736,=0.8481,=1.0480,=1.4573,=0.0160,=0.4458,=0.0097,=0.0134,=0.0167,=0.0285,=0.0411,=0.0306,=0.0922,=0.0460,=196
="399965",800地产,2012-12-21,=0.0011,=2015.6500,=-0.2364,=-2.9279,=0.9876,=5.5394,=8.0041,=14.1293,=54.6175,=59.7245,=0.5227,=0.0124,=0.4663,=0.6966,=0.9756,=1.6026,=2.5596,=0.3345,=0.0322,=0.2856,=0.4075,=0.5046,=0.9904,=1.6493,=0.0069,=0.0111,=0.0064,=0.0179,=0.0280,=0.0369,=0.0562,=-0.0071,=-0.0854,=0.0004,=206
="930901",动漫游戏,2016-10-18,=0.0009,=1614.7437,=-0.2372,=23.4964,=0.0600,=17.2478,=29.2557,=41.7475,=253.1613,=4647.5377,=2.9741,=0.5196,=1.7335,=2.3035,=2.9149,=4.0517,=7.9690,=3.8308,=0.1296,=2.8663,=4.1480,=4.9702,=6.7972,=10.0355,=0.0195,=0.9413,=0.0031,=0.0055,=0.0088,=0.0150,=0.0282,=0.0811,=0.1150,=0.0771,=891
="930986",金融科技,2017-06-22,=0.0188,=2377.7173,=-0.2382,=45.0990,=0.2507,=32.2484,=43.1782,=54.7409,=80.9794,=257.1796,=4.2852,=0.3263,=2.5474,=4.0274,=4.6673,=5.8074,=7.7786,=5.9516,=0.6898,=2.9625,=3.8861,=4.7802,=6.9863,=9.8281,=0.0084,=0.9056,=0.0040,=0.0051,=0.0059,=0.0074,=0.0120,=0.0454,=0.0872,=0.0355,=271
="931594",卫星产业,2020-12-22,=-0.0109,=858.0608,=-0.2400,=176.2335,=0.7051,=44.5603,=96.3856,=131.5903,=230.3409,=428.4930,=4.9275,=0.8870,=2.3588,=3.0592,=3.5450,=4.1212,=7.6413,=6.9688,=0.8601,=3.4655,=4.5444,=5.1753,=6.3174,=11.4514,=0.0033,=0.5790,=0.0023,=0.0027,=0.0032,=0.0052,=0.0086,=0.0156,=0.0317,=0.0195,=202
="931481",SHS线上消费,2020-05-06,=-0.0036,=839.9174,=-0.2420,=22.2302,=0.1470,=17.8858,=23.3624,=29.6368,=46.5302,=121.3257,=2.4373,=0.0075,=2.2334,=3.1027,=3.5305,=4.7592,=9.8961,=2.4732,=0.0782,=2.0492,=2.7362,=3.2740,=4.3216,=7.8524,=0.0108,=0.9694,=0.0020,=0.0033,=0.0057,=0.0086,=0.0119,=0.0560,=0.1208,=0.0704,=70
="899050",北证50,2022-11-21,=0.0134,=1079.5900,=-0.2505,=41.1528,=0.5093,=15.5447,=18.6772,=38.8570,=62.9954,=91.3357,=3.6968,=0.5344,=2.0170,=2.4413,=3.4146,=4.9515,=5.6723,=3.0043,=0.5125,=1.3969,=1.7307,=2.8750,=4.2394,=5.1557,=0.0092,=0.4068,=0.0062,=0.0076,=0.0113,=0.0146,=0.0185,=0.0473,=0.0857,=-0.0010,=791
="399997",中证白酒,2015-01-21,=0.0247,=6563.4400,=-0.2510,=20.2988,=0.1938,=16.2418,=20.3424,=29.7049,=37.9971,=71.4432,=4.0749,=0.0235,=3.5435,=5.2056,=7.2708,=9.8068,=17.8607,=7.0509,=0.1443,=5.9830,=7.2855,=9.8399,=13.6521,=24.8964,=0.0452,=0.9847,=0.0066,=0.0115,=0.0169,=0.0335,=0.0495,=0.1224,=0.2121,=0.1334,=7783
="980076",通用航空,2012-12-28,=0.0056,=2768.5100,=-0.2539,=102.8984,=0.5855,=69.9916,=81.4041,=100.4903,=126.4391,=158.1149,=3.4745,=0.4386,=2.7445,=3.2278,=3.5223,=4.0712,=5.1513,=4.0953,=0.2410,=3.4358,=4.0604,=4.2919,=4.8924,=6.3273,=0.0050,=0.4506,=0.0037,=0.0042,=0.0051,=0.0060,=0.0073,=0.0178,=0.0297,=0.0208,=72
="HSIII",恒生互联网科技业指数,2020-07-20,=-0.0189,=2175.0800,=-0.2593,=22.5852,=0.2190,=12.6629,=22.1953,=34.7301,=47.7321,=309808.9839,=2.2434,=0.0573,=1.7026,=2.5449,=3.7033,=6.1191,=8.5704,=1.7482,=0.0634,=1.1940,=1.9815,=2.4167,=3.5799,=5.1261,=0.0105,=0.8667,=0.0015,=0.0029,=0.0054,=0.0098,=0.0133,,=0.1194,=0.0690,=2049
="CN5082",国证航天,2015-02-16,,,=-0.2662,=98.1853,=0.7775,=44.4252,=58.7037,=72.9861,=109.1678,=173.9279,=3.5892,=0.5542,=2.1924,=2.8239,=3.3393,=4.2903,=5.7391,=3.6360,=0.6465,=1.9232,=2.5629,=3.3514,=4.0286,=6.0090,=0.0043,=0.7206,=0.0021,=0.0030,=0.0038,=0.0049,=0.0082,=0.0144,=0.0382,=0.0205,=36
="930796",全球中国互联网,2016-04-22,=-0.0191,=1593.1279,=-0.2679,=17.5487,=0.0468,=15.1718,=20.7865,=38.9120,=53.6442,=115.7107,=2.1778,=0.0127,=1.8023,=2.6288,=3.9533,=6.8954,=9.6202,=1.8696,=0.0142,=1.5064,=2.2590,=3.6535,=6.3219,=9.5215,=0.0107,=0.9827,=0.0008,=0.0013,=0.0019,=0.0078,=0.0121,,=0.1370,=0.0775,=51
="HSAIT",恒生人工智能主题指数,2023-09-01,=-0.0170,=3100.9600,=-0.2724,=-70.3739,=0.9647,=13.3665,=18.1557,=19.9851,=22.0305,=33.1012,=6.8954,=0.9620,=1.4634,=1.7637,=2.0951,=2.5218,=9.7315,=11.8453,=0.9688,=1.2708,=1.5082,=1.8386,=2.3263,=13.8516,=0.0009,=0.0258,=0.0008,=0.0170,=0.0192,=0.0214,=0.0235,,=0.1059,=0.0635,=65
="931646",SHS新消费,2021-04-07,=-0.0095,=1375.3894,=-0.2733,=21.2144,=0.1177,=17.0652,=22.5821,=25.9016,=30.5345,=45.1728,=2.5073,=0.0095,=2.2638,=3.1163,=3.5830,=4.1480,=7.2085,=2.4967,=0.0095,=2.2716,=3.1669,=3.7022,=4.2074,=7.0452,=0.0109,=0.9876,=0.0024,=0.0045,=0.0066,=0.0085,=0.0121,=0.0608,=0.1302,=0.0748,=14
="931855",通用航空,2025-04-02,=0.0022,=937.8324,=-0.2738,=99.1853,=0.2667,=76.1514,=96.3254,=104.1979,=114.7607,=148.2866,=3.5604,=0.1014,=3.2007,=3.8296,=4.0944,=4.5731,=5.9420,=4.4479,=0.1072,=4.0348,=5.0732,=6.1679,=6.8530,=8.0546,=0.0054,=0.3391,=0.0042,=0.0050,=0.0058,=0.0062,=0.0073,=0.0177,=0.0445,=0.0255,=12
="H30533",中国互联网50,2014-12-29,=-0.0246,=6759.6910,=-0.2769,=17.0223,=0.0487,=14.4020,=20.0238,=41.1290,=56.9929,=137.0698,=2.0430,=0.0119,=1.7082,=2.5158,=3.8809,=6.7227,=9.7098,=1.7520,=0.0123,=1.4305,=2.1485,=3.7703,=6.4332,=9.1092,=0.0108,=0.9444,=0.0007,=0.0013,=0.0019,=0.0080,=0.0125,,=0.1395,=0.0810,=6882
="H11136",中国互联网,2011-09-20,=-0.0183,=3837.2177,=-0.2789,=20.7331,=0.2582,=14.4387,=19.6914,=42.2610,=57.1175,=137.0698,=2.2676,=0.0564,=1.7247,=2.5219,=3.8885,=6.7410,=9.7098,=1.8009,=0.0127,=1.5020,=2.2189,=3.9735,=6.5160,=9.1092,=0.0105,=0.9072,=0.0007,=0.0013,=0.0019,=0.0087,=0.0132,,=0.1373,=0.0798,=3385
="930604",中国互联网30,2015-03-23,=-0.0213,=7186.9320,=-0.2801,=17.0516,=0.0580,=14.4178,=19.7236,=41.0805,=59.0317,=131.9396,=2.0676,=0.0096,=1.7582,=2.5715,=3.9505,=7.0824,=10.3841,=1.7567,=0.0127,=1.4482,=2.1602,=3.7837,=6.4486,=9.5870,=0.0104,=0.9819,=0.0007,=0.0013,=0.0017,=0.0078,=0.0121,,=0.1381,=0.0817,=658
="931008",汽车指数,2013-07-15,=0.0095,=8487.4391,=-0.2914,=26.8172,=0.5393,=12.0130,=17.5494,=26.1088,=36.0649,=55.3660,=1.9255,=0.2868,=1.1809,=1.5488,=2.2103,=2.4497,=3.4286,=0.8059,=0.3898,=0.4315,=0.5555,=0.9000,=1.0496,=1.4087,=0.0161,=0.4746,=0.0059,=0.0122,=0.0163,=0.0274,=0.0426,=0.0306,=0.0829,=0.0424,=495
="931637",港股通互联网,2021-01-11,=-0.0140,=713.5520,=-0.2945,=20.3904,=0.0841,=16.9805,=22.8225,=27.7933,=41.1210,=87.7368,=2.3589,=0.0122,=2.0886,=2.9817,=3.3954,=4.1425,=11.7021,=2.3543,=0.0144,=2.0583,=2.8532,=3.3786,=4.2284,=11.5370,=0.0105,=0.9907,=0.0011,=0.0026,=0.0050,=0.0077,=0.0111,,=0.1267,=0.0732,=301
="930633",中证旅游,2015-05-08,=0.0124,=2322.7561,=-0.3004,=-354.2785,=0.6161,=15.8968,=22.0002,=1952.0471,=-51.0196,=11171.4579,=2.0685,=0.1435,=1.6473,=2.1441,=2.3502,=2.8097,=3.6934,=1.0230,=0.0025,=1.0072,=1.3088,=1.6005,=2.5762,=3.7607,=0.0094,=0.7959,=0.0014,=0.0038,=0.0081,=0.0095,=0.0147,=-0.0078,=-0.0128,=0.0008,=633
="399983",地产等权,2013-11-22,=-0.0061,=1395.7200,=-0.3149,=-1.6946,=0.9996,=5.0058,=7.3313,=10.5555,=40.3738,=75.5023,=0.3924,=0.0074,=0.3690,=0.5874,=1.0609,=1.7654,=2.8135,=0.2375,=0.0153,=0.2174,=0.3498,=0.4600,=0.9069,=1.5710,=0.0057,=0.0318,=0.0037,=0.0217,=0.0322,=0.0412,=0.0629,=-0.0146,=-0.0924,=-0.0024,=1011
="932584",智选港股通红利低波,2026-06-11,,,,=6.1271,=0.5536,=5.4952,=5.7737,=6.0985,=6.2465,=6.4396,=0.6463,=0.8929,=0.5613,=0.5897,=0.6237,=0.6413,=0.6578,=0.9674,=0.8571,=0.8443,=0.8870,=0.9374,=0.9623,=0.9893,=0.0541,=0.1429,=0.0530,=0.0544,=0.0559,=0.0587,=0.0621,,,,=18
="1000005",上海非金融A股,1994-01-01,,,,=30.7959,=0.8264,=15.3520,=20.3290,=23.4523,=29.7863,=34.6296,=2.2505,=0.7732,=1.5456,=1.8178,=2.0436,=2.2643,=2.5831,=1.3688,=0.9493,=0.7548,=0.9329,=1.0758,=1.2126,=1.4804,=0.0186,=0.4099,=0.0107,=0.0150,=0.0197,=0.0236,=0.0293,=0.0433,=0.0661,=0.0407,=189
="1000010",上海B股,1994-01-10,,,,=11.1519,=0.0705,=6.8464,=12.5475,=18.2890,=37.2537,=68.1787,=0.9102,=0.2111,=0.7158,=0.9058,=1.0060,=1.2215,=1.7346,=0.6746,=0.6742,=0.3163,=0.4060,=0.5564,=0.7265,=1.2119,=0.0572,=0.9975,=0.0085,=0.0244,=0.0347,=0.0435,=0.2559,,=0.0654,=0.0290,=132
="1000011",A股非金融,1994-01-10,,,,=36.3207,=0.7658,=17.5718,=25.5269,=28.6060,=37.4292,=43.6945,=2.5175,=0.6318,=1.6561,=2.0403,=2.3286,=2.6832,=2.9749,=1.5800,=0.8214,=0.9476,=1.1421,=1.3066,=1.5700,=1.8156,=0.0157,=0.4643,=0.0087,=0.0121,=0.0160,=0.0192,=0.0256,=0.0432,=0.0612,=0.0384,=809
="1000014",科创板全指,2019-07-22,,,,=151.0328,=0.8111,=34.6058,=58.7594,=77.8560,=136.4271,=267.8356,=6.3377,=0.7677,=2.4875,=3.8130,=4.9668,=6.4871,=9.5957,=8.3203,=0.6686,=3.3799,=5.2206,=6.6769,=9.8325,=14.1086,=0.0028,=0.1698,=0,=0.0030,=0.0043,=0.0064,=0.0098,=0.0283,=0.0254,=0.0131,=1303

数据来源于：理杏仁网站(lixinger.com)