指数代码,指数名称,发布时间,涨跌幅,收盘点位,今年以来涨跌幅,PE-TTM(当前值),PE-TTM(分位点%),PE-TTM(最小值),PE-TTM(20%分位点值),PE-TTM(50%分位点值),PE-TTM(80%分位点值),PE-TTM(最大正值),PB(当前值),PB(分位点%),PB(最小值),PB(20%分位点值),PB(50%分位点值),PB(80%分位点值),PB(最大正值),PS-TTM(当前值),PS-TTM(分位点%),PS-TTM(最小值),PS-TTM(20%分位点值),PS-TTM(50%分位点值),PS-TTM(80%分位点值),PS-TTM(最大正值),净资产收益率(ROE)(2026Q1),净资产收益率(ROE)(2025Q4),净资产收益率(ROE)(2025Q1),股息率,关注度
="931039",银行AH,2017-12-06,=-0.0012,=12153.9400,=-0.0493,=5.8074,=0.7514,=3.2016,=4.0741,=5.1951,=5.9045,=7.9938,=0.5474,=0.4051,=0.3790,=0.4566,=0.5668,=0.7138,=1.0569,=2.1798,=0.8178,=1.0856,=1.4316,=1.7446,=2.1309,=2.9053,,=0.0881,,=0.0502,=95
="H11146",港股通内地金融,2010-06-02,=0.0029,=1123.1200,=0.0204,=6.0614,=0.5136,=3.2759,=4.5181,=6.0006,=6.7473,=9.2347,=0.6151,=0.3937,=0.3797,=0.4941,=0.6731,=0.8760,=1.1859,=1.5657,=0.7671,=0.6692,=0.9479,=1.2869,=1.5978,=2.1885,,=0.0970,,=0.0477,=39
="930792",HK银行,2016-04-22,=0.0090,=4831.2900,=0.0969,=6.6885,=0.7813,=3.2659,=4.4645,=5.8335,=6.7741,=9.5632,=0.6509,=0.5606,=0.3905,=0.4964,=0.6260,=0.8010,=1.0771,=2.5444,=0.8832,=1.0519,=1.5167,=1.8463,=2.3812,=3.1066,,=0.0901,,=0.0473,=750
="399986",中证银行,2013-07-15,=-0.0021,=7007.1700,=-0.0784,=6.7546,=0.7605,=4.1183,=5.2599,=6.2719,=6.8477,=9.0846,=0.6425,=0.2988,=0.4848,=0.5836,=0.7206,=0.8984,=1.2416,=2.5355,=0.8195,=1.4134,=1.7842,=2.1312,=2.4864,=3.3016,=0.0226,=0.0881,=0.0236,=0.0436,=9541
="H30106",H300金融服务,2013-05-21,=0.0075,=1609.4000,=0.0635,=6.9167,=0.4889,=4.0175,=5.3653,=6.9643,=7.7687,=11.1922,=0.7418,=0.4909,=0.4470,=0.5779,=0.7462,=0.9081,=1.2489,=1.9770,=0.8582,=0.8557,=1.1817,=1.4607,=1.8787,=2.3593,,=0.1014,,=0.0449,=18
="000018",180金融,2007-12-10,=-0.0043,=5154.4600,=-0.1323,=7.1379,=0.3491,=5.2016,=6.4287,=7.4972,=8.3012,=10.8609,=0.7260,=0.2411,=0.5902,=0.6965,=0.8770,=1.0696,=1.4199,=2.1434,=0.7543,=1.2355,=1.5824,=1.9422,=2.2066,=2.8772,=0.0229,=0.0959,=0.0245,=0.0407,=771
="399809",保险主题,2015-02-13,=-0.0038,=2155.7400,=-0.1920,=7.1729,=0.2663,=5.4537,=6.8114,=10.5910,=15.0245,=22.8725,=0.7681,=0.2065,=0.6352,=0.7666,=1.2249,=1.4858,=1.9794,=2.0892,=0.9073,=0.5239,=0.8688,=1.0978,=1.4368,=2.3772,=0.0227,=0.1015,=0.0246,=0.0404,=1486
="000818",细分金融,2012-04-11,=-0.0057,=6427.7300,=-0.1295,=7.2394,=0.3298,=5.2356,=6.4974,=7.6847,=8.4810,=10.9951,=0.7363,=0.2424,=0.5930,=0.7010,=0.8945,=1.0928,=1.4303,=2.1927,=0.7490,=1.2689,=1.6354,=1.9807,=2.2602,=2.9111,=0.0231,=0.0956,=0.0246,=0.0400,=6
="931233",港股通央企红利,2017-06-28,=0.0017,=1217.0900,=0.0440,=7.4074,=0.7832,=3.6988,=4.9516,=6.3251,=7.4515,=14.0775,=0.6968,=0.6161,=0.3929,=0.5221,=0.6448,=0.8640,=1.8161,=1.0057,=0.5660,=0.4645,=0.6207,=0.9456,=1.3913,=1.7583,,=0.0906,,=0.0505,=447
="HSSCSOY",恒生港股通中国央企红利指数,2023-06-01,=0.0048,=4356.1700,=0.0834,=7.4614,=0.9358,=4.1647,=4.6248,=5.6410,=6.9421,=7.8218,=0.6972,=0.8497,=0.4381,=0.4941,=0.5873,=0.6846,=0.7455,=0.9915,=0.9303,=0.5323,=0.5933,=0.7380,=0.9245,=1.0366,,=0.0921,,=0.0506,=235
="HSMCHYI",恒生中国内地企业高股息率指数,2019-09-01,=0.0012,=2967.9400,=0.0666,=7.5399,=0.9457,=3.7550,=5.0449,=5.8083,=6.7288,=7.9027,=0.7551,=0.8605,=0.4590,=0.5781,=0.6394,=0.7373,=0.8175,=1.1473,=0.9402,=0.5101,=0.6878,=0.7959,=0.9090,=1.2126,,,,=0.0496,=276
="987016",港股通红利低波,2021-11-18,=-0.0029,=1667.1241,=0.1175,=7.5437,=0.9361,=3.4544,=4.2969,=4.9056,=6.7281,=8.0054,=0.6970,=0.9032,=0.4152,=0.4850,=0.5381,=0.6509,=0.7529,=1.2287,=0.9251,=0.5827,=0.6592,=0.7906,=1.0919,=1.3012,,=0.0893,,=0.0511,=144
="000914",300金融,2007-07-02,=-0.0058,=5842.0300,=-0.1304,=7.5838,=0.3986,=5.2769,=6.6022,=7.8366,=8.6017,=11.3863,=0.7340,=0.2370,=0.5962,=0.7048,=0.9163,=1.1328,=1.4919,=2.0661,=0.7819,=1.1210,=1.4310,=1.8123,=2.0875,=2.7052,=0.0223,=0.0897,=0.0236,=0.0395,=342
="H11140",香港红利,2009-07-23,=0.0008,=4056.1100,=0.1109,=7.6296,=0.7652,=3.0693,=4.4554,=5.9845,=8.1934,=13.9623,=0.7202,=0.6121,=0.3833,=0.5103,=0.6299,=0.8659,=1.1652,=1.2138,=0.6919,=0.5431,=0.7464,=0.9728,=1.5161,=2.1349,,=0.0912,,=0.0516,=42
="931024",港股通非银,2017-11-06,=0.0005,=4086.6100,=-0.0482,=7.6416,=0.0318,=6.7549,=8.6515,=11.2384,=13.3704,=22.4310,=1.0400,=0.4843,=0.6237,=0.8470,=1.0489,=1.2241,=1.7592,=1.2796,=0.8338,=0.5870,=0.8751,=1.0117,=1.2219,=2.2002,,=0.1344,,=0.0384,=189
="H30270",红利价值,2013-12-19,=-0.0032,=9540.9600,=0.0009,=7.7700,=0.7331,=4.4543,=5.4286,=6.7509,=8.7312,=13.0955,=0.7793,=0.5443,=0.5256,=0.6486,=0.7622,=1.2496,=1.7317,=1.5747,=0.9688,=0.5854,=0.8112,=0.9969,=1.2921,=1.6637,=0.0235,=0.0936,=0.0240,=0.0427,=192
="HSHYLV",恒生港股通高股息低波动指数,2017-05-08,=-0.0066,=4603.1700,=0.0302,=7.7890,=0.8663,=3.5572,=4.6390,=5.9807,=7.1873,=9.5068,=0.7014,=0.6837,=0.3828,=0.4850,=0.5789,=0.8159,=1.1073,=0.9391,=0.5792,=0.4386,=0.6537,=0.8459,=1.4164,=2.0623,,,,=0.0518,=1494
="000934",中证金融,2009-07-03,=-0.0064,=5490.1900,=-0.1243,=7.8749,=0.4077,=5.7083,=6.8944,=8.0849,=8.8714,=11.5527,=0.7447,=0.2329,=0.6117,=0.7181,=0.9225,=1.1488,=1.5017,=2.0757,=0.8009,=1.1467,=1.4503,=1.8024,=2.0748,=2.6696,=0.0220,=0.0873,=0.0231,=0.0384,=1151
="HSHDYI",恒生高股息率指数,2012-12-10,=-0.0049,=1357.6300,=0.0644,=7.9497,=0.8250,=3.6777,=4.8617,=6.6099,=7.8054,=10.6953,=0.7300,=0.5976,=0.4041,=0.5047,=0.6486,=0.9071,=1.1746,=1.1580,=0.6025,=0.5013,=0.7009,=1.0665,=1.4996,=1.9871,,,,=0.0514,=910
="931157",SHS红利成长LV,2019-04-25,=-0.0014,=7265.0500,=-0.0254,=7.9503,=0.6723,=4.1261,=5.5833,=6.9053,=8.3411,=11.5318,=0.7956,=0.4629,=0.5154,=0.6253,=0.8092,=0.9271,=1.5888,=1.5555,=0.9363,=0.5018,=0.7110,=1.0357,=1.4021,=1.6439,,=0.0964,,=0.0478,=324
="932596",港股通红利低波,2016-02-04,=0.0023,=4290.3700,=0.1061,=7.9741,=0.3415,=7.4451,=7.8406,=8.0831,=8.2919,=8.5745,=0.7479,=0.5915,=0.6528,=0.6961,=0.7228,=0.7602,=0.7956,=1.3322,=0.5000,=1.2161,=1.2814,=1.3322,=1.3627,=1.4099,,=0.0894,,=0.0488,=86
="930914",港股通高股息,2016-11-25,=-0.0005,=5303.5500,=0.0785,=8.0057,=0.8220,=3.4280,=4.4185,=5.9058,=7.7987,=11.1979,=0.7714,=0.7167,=0.3979,=0.5021,=0.6147,=0.8531,=1.1764,=1.2685,=0.8096,=0.5144,=0.7033,=0.9218,=1.2549,=2.2126,,=0.0918,,=0.0502,=699
="930992",沪港深红利低波,2017-06-28,=-0.0021,=5669.1200,=0.0183,=8.0538,=0.8994,=4.0130,=5.1452,=5.8684,=7.6879,=8.5109,=0.7507,=0.8892,=0.4277,=0.5368,=0.5898,=0.7193,=0.7950,=1.1914,=0.8119,=0.4496,=0.5999,=0.8447,=1.1836,=1.3912,,=0.0878,,=0.0493,=44
="HSSCHKY",恒生港股通高股息率指数,2019-11-01,=-0.0031,=2781.3400,=0.1225,=8.0571,=0.9628,=3.8979,=4.9485,=5.8686,=7.1769,=8.4533,=0.7190,=0.8866,=0.4277,=0.5169,=0.5769,=0.6820,=0.8197,=1.2538,=0.9380,=0.5333,=0.6964,=0.8732,=1.1181,=1.3442,,,,=0.0499,=490
="000992",全指金融,2011-08-02,=-0.0057,=5273.5300,=-0.1193,=8.1143,=0.4411,=5.9310,=7.1022,=8.2655,=9.0288,=11.6339,=0.7486,=0.2296,=0.6188,=0.7234,=0.9314,=1.1610,=1.5107,=2.0647,=0.7898,=1.1568,=1.4432,=1.8065,=2.0754,=2.6668,=0.0217,=0.0846,=0.0227,=0.0378,=2701
="000029",180价值,2009-01-09,=-0.0040,=4022.8200,=-0.0966,=8.1796,=0.6546,=5.6894,=6.9075,=7.8873,=8.5069,=10.8138,=0.7830,=0.1212,=0.6666,=0.8049,=0.8622,=1.0653,=1.4433,=1.0627,=0.7848,=0.6198,=0.7825,=0.9448,=1.0677,=1.4032,=0.0228,=0.0896,=0.0243,=0.0416,=556
="H30269",红利低波,2013-12-19,=-0.0034,=10975.5700,=-0.0235,=8.2416,=0.7345,=4.5638,=5.5488,=6.8638,=9.4786,=14.4342,=0.8298,=0.5363,=0.5386,=0.6570,=0.8017,=1.3872,=1.9670,=1.5928,=0.9687,=0.6111,=0.8850,=1.0977,=1.4157,=1.6703,=0.0236,=0.0946,=0.0236,=0.0439,=4214
="H50040",上红低波,2014-03-21,=-0.0020,=10932.4000,=-0.0086,=8.2430,=0.7432,=4.6938,=5.9512,=7.0710,=9.6645,=14.3118,=0.8209,=0.4530,=0.5647,=0.6911,=0.8360,=1.3609,=1.8756,=1.6061,=0.9670,=0.6380,=0.8684,=1.2018,=1.3986,=1.6845,=0.0234,=0.0936,=0.0244,=0.0431,=354
="HSCSOE",恒生中国央企指数,2023-01-01,=0.0084,=3980.2300,=0.1072,=8.2454,=0.9278,=4.9972,=5.5383,=6.1154,=7.6820,=8.5526,=0.7930,=0.9146,=0.5264,=0.5920,=0.6318,=0.7537,=0.8375,=0.9868,=0.9374,=0.5404,=0.5937,=0.6655,=0.8581,=1.0234,,=0.0956,,=0.0463,=111
="931446",东证红利低波,2020-04-21,=-0.0021,=3354.0300,=-0.0258,=8.2844,=0.7314,=5.1478,=6.1727,=7.1154,=8.5384,=11.0216,=0.7828,=0.5581,=0.5884,=0.6950,=0.7638,=0.8733,=1.2481,=1.5017,=0.9381,=0.5909,=0.7532,=0.8856,=1.3169,=1.5979,=0.0224,=0.0895,=0.0240,=0.0431,=833
="000151",上国红利,2012-07-20,=-0.0032,=1564.4200,=0.0240,=8.3520,=0.9299,=4.5075,=5.3657,=6.9372,=7.6970,=10.0345,=0.7291,=0.4312,=0.5268,=0.6189,=0.7539,=0.9661,=1.3272,=1.0321,=0.4031,=0.6026,=0.8953,=1.0868,=1.3107,=1.6854,=0.0218,=0.0803,=0.0258,=0.0448,=214
="931130",红利成长低波,2018-12-04,=-0.0046,=22927.8000,=-0.0332,=8.4272,=0.6984,=4.4465,=5.5740,=7.7984,=8.7339,=11.5512,=0.8330,=0.3359,=0.5279,=0.6239,=0.9012,=1.0328,=1.5803,=1.8587,=0.7637,=0.3109,=0.8130,=1.3178,=1.9173,=2.5957,=0.0231,=0.0934,=0.0229,=0.0433,=145
="000922",中证红利,2008-05-26,=-0.0017,=5545.1400,=0.0075,=8.4286,=0.7626,=5.1762,=6.0245,=7.6568,=8.6145,=11.2156,=0.8109,=0.4114,=0.5911,=0.7110,=0.8555,=1.1086,=1.4999,=1.2463,=0.8302,=0.6332,=0.7726,=1.0442,=1.2251,=1.7101,=0.0233,=0.0895,=0.0228,=0.0429,=20012
="000821",300红利,2012-07-20,=-0.0039,=6492.8400,=-0.0269,=8.5408,=0.8182,=4.9998,=6.1944,=7.5608,=8.4336,=10.9286,=0.8273,=0.3533,=0.5725,=0.7140,=0.8722,=1.0796,=1.4919,=1.3859,=0.8932,=0.6098,=0.7993,=1.0648,=1.3172,=1.6963,=0.0235,=0.0916,=0.0239,=0.0439,=992
="HSSCHYS",恒生港股通红利优选指数,2023-06-01,=0.0068,=5236.9000,=0.1276,=8.6156,=0.9303,=4.2457,=4.7157,=5.7711,=7.6559,=9.0746,=0.7731,=0.9016,=0.4429,=0.4983,=0.5813,=0.7364,=0.8283,=1.0934,=0.9221,=0.6036,=0.6735,=0.8739,=1.0328,=1.1508,,,,=0.0519,=84
="000015",红利指数,2005-01-04,=-0.0038,=3141.3700,=0.0342,=8.6163,=0.9242,=4.6646,=5.5108,=7.0876,=8.0246,=10.4439,=0.8163,=0.5787,=0.5525,=0.6398,=0.7661,=1.0179,=1.3875,=1.4501,=0.9184,=0.7277,=0.8913,=1.1310,=1.3300,=1.6890,=0.0233,=0.0885,=0.0212,=0.0414,=14172
="000063",上证周期,2010-02-03,=0.0023,=3607.5000,=-0.1109,=8.6474,=0.5218,=5.4761,=7.1362,=8.5810,=9.4385,=12.4946,=0.8835,=0.3129,=0.6668,=0.8368,=0.9624,=1.1068,=1.4831,=1.5381,=0.9031,=0.8113,=1.0636,=1.2494,=1.4403,=1.7571,=0.0245,=0.0975,=0.0256,=0.0383,=207
="931479",证券保险,2020-05-06,=-0.0124,=876.9500,=-0.1748,=8.6811,=0,=8.6811,=11.8981,=13.5038,=15.5421,=21.1012,=1.1583,=0.1275,=1.0296,=1.2289,=1.3811,=1.5725,=2.2844,=1.5789,=0.6237,=1.0318,=1.2718,=1.4541,=1.7906,=2.2879,=0.0256,=0.1317,=0.0302,=0.0309,=29
="000824",国企红利,2012-07-20,=-0.0031,=2130.6300,=0.0045,=8.8197,=0.9023,=4.8847,=5.9406,=7.3386,=8.3972,=10.7823,=0.8390,=0.5140,=0.5610,=0.6880,=0.8278,=1.0592,=1.4469,=1.2835,=0.8368,=0.5370,=0.7016,=0.9865,=1.2489,=1.6834,=0.0232,=0.0892,=0.0226,=0.0426,=938
="931644",800红利,2024-03-15,=-0.0022,=2576.5600,=0.0095,=8.8498,=0.6565,=6.4729,=7.3086,=8.2328,=9.0603,=9.4757,=0.8522,=0.4326,=0.7001,=0.7703,=0.8601,=0.9079,=0.9431,=1.2941,=0.8140,=0.8423,=0.9241,=1.1216,=1.2896,=1.3602,=0.0236,=0.0906,=0.0231,=0.0438,=30
="930955",红利低波100,2017-05-26,=-0.0042,=11632.5100,=-0.0135,=8.8517,=0.8339,=5.0805,=6.0676,=7.4078,=8.5977,=11.5013,=0.8640,=0.5849,=0.5792,=0.6659,=0.8262,=0.9910,=1.3722,=1.3362,=0.7945,=0.5888,=0.7771,=0.9888,=1.3536,=1.7525,=0.0234,=0.0928,=0.0257,=0.0455,=2110
="399373",大盘价值,2010-01-04,=-0.0046,=7908.5400,=-0.0776,=8.8789,=0.6876,=5.4746,=6.8623,=8.3506,=9.1146,=11.9914,=0.8860,=0.3908,=0.6410,=0.8033,=0.9460,=1.1408,=1.5001,=1.1339,=0.7857,=0.5920,=0.7817,=0.9284,=1.1419,=1.4541,=0.0236,=0.0939,=0.0248,=0.0430,=325
="H30035",300非银,2012-12-21,=-0.0110,=9127.5100,=-0.1816,=8.8992,=0,=8.8992,=13.0038,=15.1688,=19.3628,=26.3489,=1.1787,=0.0754,=1.0544,=1.3160,=1.6304,=2.0481,=2.4387,=1.6122,=0.4225,=1.0410,=1.4185,=1.7213,=1.9729,=2.3917,=0.0253,=0.1294,=0.0297,=0.0300,=1200
="930740",300红利LV,2018-12-04,=-0.0039,=7042.4200,=-0.0177,=8.9261,=0.8545,=5.4153,=6.8249,=7.5116,=8.6405,=9.6903,=0.8887,=0.5977,=0.6159,=0.7706,=0.8566,=0.9463,=1.0604,=1.3604,=0.7072,=0.6725,=0.8552,=1.0763,=1.5032,=1.9253,=0.0239,=0.0932,=0.0223,=0.0432,=617
="000919",300价值,2008-01-21,=-0.0009,=4973.6000,=-0.0648,=8.9289,=0.6913,=5.9577,=7.3283,=8.4459,=9.2438,=12.2376,=0.8769,=0.2828,=0.6917,=0.8497,=0.9408,=1.1480,=1.5388,=1.0920,=0.7679,=0.6314,=0.7861,=0.9060,=1.1062,=1.3421,=0.0228,=0.0921,=0.0242,=0.0408,=4316
="000825",央企红利,2012-07-20,=-0.0006,=3456.6200,=0.0009,=9.1750,=0.9444,=4.7369,=6.0940,=7.3075,=8.3690,=10.5687,=0.8757,=0.5392,=0.5507,=0.6915,=0.8600,=0.9983,=1.3929,=1.2208,=0.8092,=0.6009,=0.8548,=1.0618,=1.2164,=1.7357,=0.0224,=0.0902,=0.0228,=0.0419,=335
="931848",800红利低波,2024-05-21,=-0.0036,=3177.0200,=0.0037,=9.2494,=0.6103,=7.4155,=8.2048,=9.0718,=9.4817,=9.7854,=0.9130,=0.4330,=0.7315,=0.8593,=0.9205,=0.9706,=1.0024,=1.3437,=0.4804,=1.1714,=1.2323,=1.3480,=1.3826,=1.5428,=0.0237,=0.0929,=0.0230,=0.0426,=143
="000968",300周期,2010-05-28,=0.0012,=4141.0800,=-0.0897,=9.3460,=0.5523,=6.1174,=7.8172,=9.1554,=10.2896,=13.3562,=0.9186,=0.3162,=0.7021,=0.8484,=1.0070,=1.1784,=1.5550,=1.5441,=0.8607,=0.8459,=1.0834,=1.2645,=1.4853,=1.8297,=0.0243,=0.0922,=0.0244,=0.0362,=98
="399966",800证保,2012-12-21,=-0.0121,=5521.5700,=-0.1650,=9.3992,=0,=9.3992,=13.7060,=15.9950,=19.7375,=27.1945,=1.1900,=0.0771,=1.0619,=1.3149,=1.6132,=2.0408,=2.4366,=1.7474,=0.4683,=1.1634,=1.5249,=1.7822,=2.0457,=2.5211,=0.0247,=0.1256,=0.0286,=0.0288,=174
="H30588",中证证保,2015-02-02,=-0.0121,=937.6900,=-0.1650,=9.4040,=0,=9.4040,=13.6522,=16.0874,=19.5891,=27.6808,=1.1889,=0.0684,=1.0752,=1.3156,=1.6210,=2.0366,=2.4238,=1.7503,=0.4860,=1.1673,=1.5178,=1.7645,=2.0128,=2.5500,=0.0246,=0.1254,=0.0286,=0.0288,=467
="399805",互联金融,2015-02-10,=-0.0006,=3218.2700,=-0.1638,=9.5004,=0.1665,=7.5943,=9.7758,=11.4613,=13.1628,=16.5816,=0.9627,=0.1039,=0.7644,=1.0481,=1.4224,=1.7274,=2.0317,=1.7777,=0.7898,=1.1667,=1.4082,=1.6147,=1.7898,=2.2175,=0.0238,=0.0940,=0.0248,=0.0345,=327
="HSCCI",恒生香港中资企业指数,1997-06-16,=0.0010,=4438.3000,=0.1053,=9.5592,=0.6354,=4.8859,=6.8732,=8.8788,=11.8999,=16.1208,=0.9047,=0.5814,=0.5567,=0.7305,=0.8674,=1.1734,=1.3660,=1.0285,=0.5790,=0.5555,=0.7807,=0.9884,=1.3586,=1.5178,,=0.0951,,=0.0523,=32
="HSML25",恒生中国(香港上市)30指数,2003-01-20,=0.0092,=8949.6300,=-0.0542,=9.5631,=0.6184,=5.7712,=7.9303,=9.0483,=10.2875,=13.0207,=1.0507,=0.4162,=0.7256,=0.9433,=1.0793,=1.2096,=1.5098,=1.6990,=0.7743,=0.9123,=1.1504,=1.4135,=1.7361,=2.4187,,=0.1047,,=0.0342,=268
="932305",智选高股息,2024-09-30,=-0.0048,=12026.8900,=0.0777,=9.5768,=0.8528,=7.0143,=7.4806,=8.3322,=9.3721,=10.9391,=1.0525,=0.5102,=0.8750,=0.9230,=1.0514,=1.0858,=1.1675,=0.5285,=0,=0.5285,=0.7290,=0.7907,=1.2761,=1.3342,=0.0253,=0.1000,=0.0324,=0.0592,=298
="H30356",800价值,2014-06-09,=0.0004,=6297.7600,=-0.0525,=9.6423,=0.6874,=6.4024,=7.6945,=9.0439,=9.9543,=13.4784,=0.9379,=0.3854,=0.7030,=0.8626,=0.9884,=1.1724,=1.6287,=1.0708,=0.7853,=0.5868,=0.7379,=0.8824,=1.0831,=1.3738,=0.0232,=0.0908,=0.0237,=0.0387,=33
="932422",A500红利低波,2025-04-09,=-0.0013,=3006.0600,=-0.0313,=9.7450,=0.0667,=9.5190,=9.8842,=10.0935,=10.2421,=10.5846,=0.9847,=0,=0.9847,=1.0272,=1.0430,=1.0570,=1.0978,=1.2662,=0.0370,=1.2431,=1.3063,=1.4287,=1.4729,=1.5336,=0.0241,=0.0948,,=0.0425,=309
="930723",沪港深F100,2015-08-05,=0.0005,=4994.6700,=-0.0191,=9.8598,=0.6904,=5.4557,=7.5729,=9.0196,=10.1685,=13.1279,=0.9708,=0.4278,=0.6469,=0.8477,=1.0095,=1.1158,=1.4626,=1.2766,=0.7802,=0.6039,=0.8635,=1.0777,=1.2879,=1.6654,,=0.0918,,=0.0387,=150
="HSCESI",恒生中国企业精明指数,2015-06-08,=0.0088,=12330.3700,=-0.0400,=9.8692,=0.7764,=6.0524,=7.8954,=8.6421,=10.0563,=15.8114,=1.0400,=0.5938,=0.6924,=0.8940,=1.0049,=1.1579,=1.7191,=1.3868,=0.7602,=0.7909,=0.9977,=1.0874,=1.4384,=2.0876,,=0.1048,,=0.0342,=92
="HSCEI",恒生中国企业指数,1994-08-08,=0.0089,=8550.8700,=-0.0407,=9.9039,=0.7792,=6.0524,=7.9016,=8.6528,=10.0777,=15.8114,=1.0431,=0.5962,=0.6924,=0.8941,=1.0062,=1.1595,=1.7191,=1.3908,=0.7609,=0.7912,=0.9981,=1.0879,=1.4420,=2.0876,,=0.1048,,=0.0340,=4751
="931069",中金300,2018-02-14,=0.0033,=4751.2900,=-0.0506,=9.9057,=0.6705,=5.9518,=7.5441,=9.2852,=10.5012,=13.6164,=1.0248,=0.4035,=0.7377,=0.9213,=1.0934,=1.3551,=1.8328,=1.3278,=0.7995,=0.6656,=0.8650,=1.1140,=1.3278,=1.7542,=0.0231,=0.0958,=0.0284,=0.0385,=91
="000042",上证央企,2009-03-30,=0.0001,=1729.7300,=-0.0451,=9.9083,=0.7432,=6.3284,=7.8863,=9.1687,=10.0542,=12.9577,=0.9633,=0.4250,=0.7230,=0.8871,=0.9876,=1.1137,=1.4812,=1.2832,=0.9526,=0.6569,=0.8569,=0.9770,=1.1354,=1.3891,=0.0224,=0.0920,=0.0234,=0.0368,=385
="000925",基本面50,2009-02-26,=-0.0013,=4223.9400,=-0.0854,=9.9181,=0.7411,=6.2635,=7.9688,=9.0984,=10.0926,=12.7955,=0.9567,=0.3096,=0.7306,=0.9013,=1.0561,=1.1921,=1.5728,=1.0564,=0.6822,=0.6037,=0.7864,=0.9667,=1.1046,=1.4866,=0.0227,=0.0882,=0.0241,=0.0387,=4549
="399550",央视50,2012-06-06,=0.0111,=8496.2800,=0.0500,=9.9912,=0.7444,=6.8960,=8.2775,=9.2932,=10.1522,=13.0561,=0.9880,=0.1298,=0.8649,=1.0156,=1.2376,=1.4261,=1.8564,=2.0756,=0.8281,=1.3448,=1.6548,=1.8092,=2.0475,=2.5217,=0.0237,=0.0945,=0.0248,=0.0397,=2271
="931375",300质量低波,2019-11-25,=0.0077,=16202.6900,=-0.0445,=10.0062,=0.3902,=6.4946,=8.1552,=11.4095,=13.5676,=22.0532,=1.2541,=0.3947,=0.8054,=1.0802,=1.5616,=2.0739,=3.3245,=1.7488,=0.5754,=1.0044,=1.3239,=1.6672,=2.0934,=2.5370,=0.0279,=0.1211,=0.0298,=0.0322,=111
="950090",50AH优选,2015-12-10,=0.0032,=6161.9700,=-0.0036,=10.0501,=0.8568,=6.3188,=7.9090,=8.6473,=9.8234,=13.5010,=1.0514,=0.5688,=0.7914,=0.9493,=1.0279,=1.1241,=1.5403,=1.3593,=0.9531,=0.6574,=0.8479,=0.9508,=1.0605,=1.4553,,=0.1007,,=0.0362,=1998
="932431",300质量,2025-03-18,=-0.0032,=1957.0900,=-0.0437,=10.0546,=0.2892,=9.4685,=9.9743,=10.1435,=10.3227,=10.6435,=1.0764,=0.0070,=1.0727,=1.1098,=1.1300,=1.1455,=1.1853,=2.1401,=0.1498,=2.0194,=2.1546,=2.2029,=2.2448,=2.3259,=0.0253,=0.1012,=0.0271,=0.0365,=10
="000056",上证国企,2010-01-04,=0.0018,=1213.7400,=-0.0269,=10.1335,=0.6389,=7.2538,=8.8792,=9.7140,=10.7955,=13.3187,=1.1171,=0.4802,=0.8518,=1.0314,=1.1226,=1.2162,=1.5455,=1.6496,=0.9390,=0.7909,=0.9986,=1.1105,=1.2324,=1.7805,=0.0264,=0.1060,=0.0271,=0.0372,=198
="000806",消费服务,2012-02-10,=-0.0066,=7848.9100,=-0.0682,=10.1416,=0.2465,=8.9306,=10.0277,=10.8057,=11.8704,=17.0971,=1.0668,=0.0284,=1.0009,=1.1987,=1.3534,=1.5460,=2.0145,=2.1468,=0.5383,=1.6526,=1.9463,=2.1209,=2.3803,=3.0032,=0.0246,=0.1002,=0.0266,=0.0366,=422
="930709",香港证券,2015-07-13,=-0.0118,=1268.4500,=-0.1020,=10.1469,=0.1882,=6.3679,=10.2437,=12.8133,=14.8886,=24.4010,=0.9332,=0.4381,=0.5308,=0.7588,=0.9663,=1.2555,=1.6136,=3.9007,=0.7379,=1.7834,=2.5970,=3.1591,=4.1596,=5.9903,,=0.0828,,=0.0354,=505
="932153",港股通价值策略,2025-04-30,=0.0089,=1136.4400,=0.0815,=10.1671,=0.5364,=8.1696,=9.7312,=10.1389,=10.4029,=10.9237,=0.8800,=0.4598,=0.7012,=0.8395,=0.8824,=0.9027,=0.9365,=1.0429,=0.5402,=0.8168,=0.9725,=1.0349,=1.0649,=1.1126,,=0.0812,,=0.0409,=9
="000859",国企一带一路,2019-05-16,=0.0078,=1942.8600,=0.0666,=10.1861,=0.0823,=9.4709,=10.6704,=12.5411,=14.5153,=21.0714,=0.9793,=0.0006,=0.9792,=1.1859,=1.4436,=1.7802,=2.1877,=1.1101,=0.9594,=0.4715,=0.5602,=0.7380,=0.8260,=1.1782,=0.0234,=0.0898,=0.0201,=0.0357,=262
="931373",股息龙头,2019-11-15,=-0.0016,=2657.1200,=-0.0456,=10.2322,=0.8700,=5.4295,=6.8789,=8.2844,=9.5333,=11.4004,=1.0937,=0.6937,=0.6697,=0.8470,=1.0098,=1.1268,=1.2586,=1.4975,=0.9042,=0.5706,=0.8124,=0.9851,=1.3795,=1.6262,=0.0258,=0.1004,=0.0264,=0.0406,=326
="399371",国证价值,2010-01-04,=0.0022,=7052.8000,=-0.0209,=10.2646,=0.7749,=6.4728,=7.8356,=9.0964,=10.4280,=13.0475,=0.9824,=0.4320,=0.7249,=0.8967,=1.0100,=1.2365,=1.5675,=1.0667,=0.7568,=0.5764,=0.7536,=0.8693,=1.0978,=1.3812,=0.0233,=0.0892,=0.0237,=0.0386,=133
="931722",国新港股通央企红利,2023-09-13,=0.0015,=1449.5500,=0.1000,=10.3218,=0.9182,=5.5040,=6.6780,=7.6503,=9.3989,=10.8173,=0.9370,=0.8773,=0.6213,=0.7276,=0.8207,=0.9081,=1.0298,=0.6430,=0.8985,=0.3100,=0.3811,=0.4691,=0.6074,=0.6918,,=0.0875,,=0.0492,=346
="000021",180治理,2008-09-10,=0.0032,=1030.9700,=-0.0526,=10.3293,=0.7214,=6.3364,=8.4357,=9.7068,=10.5850,=13.6109,=1.0817,=0.4217,=0.7542,=0.9755,=1.0987,=1.2187,=1.5847,=1.4163,=0.9580,=0.6625,=0.8519,=0.9540,=1.1425,=1.4979,=0.0243,=0.0995,=0.0258,=0.0378,=164
="930931",港股通50,2017-01-16,=0.0092,=3915.3700,=0.0095,=10.4303,=0.6031,=6.5385,=8.6980,=9.7931,=11.3872,=15.8907,=1.0882,=0.4703,=0.7428,=0.9452,=1.0981,=1.1831,=1.6058,=1.8865,=0.7746,=1.1204,=1.4683,=1.7046,=1.9142,=2.6369,,=0.0979,,=0.0341,=291
="930846",300SNLV,2016-06-24,=0.0140,=6840.2900,=0.0341,=10.4429,=0.6464,=7.7900,=9.2043,=10.0793,=10.7440,=12.6275,=1.0245,=0.1502,=0.8340,=1.0376,=1.0957,=1.2278,=1.5027,=1.4752,=0.9006,=0.7711,=0.9521,=1.1577,=1.3263,=1.6864,=0.0237,=0.0917,=0.0233,=0.0389,=149
="000048",责任指数,2009-08-05,=0.0002,=1341.2000,=-0.0911,=10.4664,=0.4749,=7.8628,=9.5548,=10.5453,=11.7735,=14.1982,=1.1101,=0.1360,=0.9056,=1.1427,=1.3004,=1.4408,=1.7866,=0.9247,=0.8112,=0.5718,=0.6942,=0.7984,=0.9203,=1.0691,=0.0224,=0.0991,=0.0247,=0.0396,=127
="399995",基建工程,2015-03-12,=0.0036,=3885.5400,=-0.0054,=10.4848,=0.7708,=5.8673,=7.3439,=8.2792,=11.3708,=18.8590,=0.6683,=0.0210,=0.5815,=0.7280,=0.9007,=1.3949,=2.1834,=0.1914,=0.3495,=0.1368,=0.1788,=0.2048,=0.3471,=0.5478,=0.0129,=0.0543,=0.0158,=0.0262,=2691
="930957",港股通中国100,2017-06-23,=0.0065,=3626.6300,=-0.0420,=10.5631,=0.7518,=5.4625,=7.5941,=8.9124,=10.8193,=13.3106,=1.1260,=0.6177,=0.6571,=0.8615,=1.0712,=1.2009,=1.5222,=1.4482,=0.8632,=0.6789,=0.9632,=1.1251,=1.3593,=1.6609,,=0.1015,,=0.0338,=14
="931052",国信价值,2017-12-08,=-0.0001,=3635.4300,=0.0533,=10.6710,=0.9853,=5.3831,=6.5935,=7.4034,=8.7420,=10.9755,=1.3502,=0.9262,=0.7343,=0.9117,=1.0295,=1.1552,=1.5208,=1.7403,=0.9438,=0.6105,=0.9393,=1.2248,=1.4513,=2.0196,=0.0310,=0.1267,=0.0326,=0.0381,=558
="930608",中证基建,2015-03-31,=0.0012,=7958.2400,=-0.0622,=10.7177,=0.5379,=6.6667,=8.6208,=10.5127,=14.5334,=25.2863,=0.7318,=0.0153,=0.6550,=0.8176,=1.1108,=1.5021,=2.2134,=0.2238,=0.2057,=0.1701,=0.2221,=0.3381,=0.4872,=0.7101,=0.0141,=0.0583,=0.0170,=0.0282,=651
="HSLI",恒生综合大型股指数,2001-10-03,=0.0080,=2351.1900,=-0.0235,=10.8167,=0.5733,=6.9327,=9.1051,=10.4837,=11.7507,=17.6478,=1.1001,=0.4596,=0.7133,=0.9431,=1.1159,=1.2415,=1.6032,=1.5250,=0.6480,=0.8297,=1.1856,=1.4228,=1.6322,=2.0023,,,,=0.0346,=100
="930839",港股通高息精选,2016-06-08,=-0.0011,=3517.5500,=0.0200,=10.9078,=0.6441,=4.9918,=7.1250,=9.3447,=13.2500,=31.7979,=1.4324,=0.7591,=0.7294,=0.9281,=1.0728,=1.5794,=4.8768,=1.2289,=0.4794,=0.3418,=0.5598,=1.2490,=1.9157,=6.3245,,=0.1433,,=0.0492,=369
="000901",小康指数,2010-04-02,=0.0012,=6073.3500,=-0.0426,=10.9144,=0.4765,=8.5492,=9.9918,=10.9996,=12.5401,=15.5671,=1.0103,=0.0111,=0.9844,=1.0872,=1.2468,=1.4333,=1.7818,=1.0340,=0.7077,=0.7500,=0.8898,=0.9677,=1.0556,=1.2662,=0.0231,=0.0878,=0.0238,=0.0342,=250
="980081",价值100,2012-12-28,=-0.0016,=4564.7359,=0.0319,=10.9627,=0.8721,=7.7317,=8.3221,=8.5964,=9.8279,=11.5920,=1.1919,=0.8517,=0.8413,=0.8845,=0.9200,=1.1083,=1.3448,=1.1278,=0.8721,=0.7580,=0.8049,=0.8690,=1.0397,=1.2118,=0.0275,=0.0995,=0.0251,=0.0451,=346
="HSAHP",恒生沪深港通AH股溢价指数,2007-07-09,=-0.0045,=118.3100,=-0.0417,=10.9749,=0.9265,=5.5550,=7.1430,=8.3272,=9.6506,=12.3156,=1.0711,=0.7910,=0.6208,=0.7734,=0.9223,=1.0804,=1.3863,=1.2522,=0.9234,=0.5653,=0.7668,=0.9023,=1.0716,=1.3750,,=0.0958,,=0.0324,=347
="399812",养老产业,2014-06-06,=-0.0093,=5438.4300,=-0.1410,=11.1124,=0,=11.1124,=18.1107,=20.4960,=25.3954,=31.4367,=1.6488,=0,=1.6488,=2.0688,=2.8108,=3.2414,=4.2954,=1.3766,=0.0688,=1.2170,=1.4653,=1.6757,=1.8719,=2.5548,=0.0294,=0.1459,=0.0345,=0.0285,=6221
="000016",上证50,2004-01-02,=0.0009,=2923.5200,=-0.0355,=11.2357,=0.7271,=8.3126,=9.6189,=10.4345,=11.5466,=15.1108,=1.1859,=0.2547,=1.0245,=1.1645,=1.2377,=1.3330,=1.6482,=1.5216,=0.9287,=0.8665,=1.0156,=1.1246,=1.2751,=1.6440,=0.0249,=0.1007,=0.0262,=0.0327,=23443
="000052",50基本,2012-01-09,=-0.0029,=2709.4000,=-0.1039,=11.2357,=0.7267,=8.3126,=9.6201,=10.4356,=11.5466,=15.1108,=1.1859,=0.2564,=1.0245,=1.1645,=1.2376,=1.3328,=1.6471,=1.5216,=0.9287,=0.8665,=1.0160,=1.1246,=1.2751,=1.6440,=0.0249,=0.1007,=0.0262,=0.0327,=25
="932457",港股通现金流,2025-02-28,=0.0108,=2062.7700,=0.0485,=11.3069,=0.7525,=7.5325,=8.8808,=10.1082,=11.4406,=12.3320,=1.1241,=0.1056,=1.0440,=1.1498,=1.2073,=1.3366,=1.5343,=0.9255,=0.2409,=0.7966,=0.9120,=0.9659,=1.2227,=1.4545,,=0.0990,,=0.0432,=38
="932450",香港现金流,2025-02-28,=0.0003,=1840.2400,=-0.0848,=11.4198,=0.9538,=6.6300,=8.0795,=9.8083,=10.3590,=12.1695,=0.7928,=0.0033,=0.7918,=0.8606,=1.1870,=1.2884,=1.5038,=0.4897,=0.0033,=0.4891,=0.5297,=0.9102,=1.0532,=1.2561,,=0.0828,,=0.0438,=9
="000043",超大盘,2009-04-23,=-0.0008,=2578.1400,=-0.0147,=11.5196,=0.5965,=7.5271,=9.4626,=10.9298,=13.3459,=17.2195,=1.2989,=0.3162,=0.9803,=1.2132,=1.3543,=1.5050,=1.9858,=2.1550,=0.9588,=0.6740,=0.8542,=1.2335,=1.5147,=2.3305,=0.0268,=0.1053,=0.0277,=0.0332,=161
="932255",A500红利增长,2025-04-09,=0.0036,=3010.0700,=-0.0090,=11.6101,=0.6926,=9.2509,=10.3477,=10.9059,=11.8429,=12.2754,=1.3056,=0.5556,=1.0684,=1.2317,=1.2997,=1.3715,=1.4369,=1.9107,=0.6444,=1.3292,=1.6730,=1.7839,=1.9675,=2.0549,=0.0280,=0.1066,,=0.0340,=31
="HSLMI",恒生综合大中型股指数,2015-06-08,=0.0087,=4031.9600,=-0.0225,=11.6283,=0.6829,=7.0073,=9.2866,=10.5327,=12.3431,=17.7261,=1.1312,=0.5863,=0.6929,=0.9062,=1.0941,=1.2279,=1.5417,=1.3599,=0.7844,=0.6858,=0.9754,=1.1702,=1.3709,=1.6465,,,,=0.0332,=87
="HSISC",恒指港股通指数,2024-03-01,=0.0088,=3496.4500,=-0.0001,=11.7341,=0.7096,=7.5992,=8.6124,=10.0990,=11.9274,=12.8475,=1.2496,=0.7684,=0.8411,=0.9156,=1.1272,=1.2575,=1.3442,=1.5988,=0.7390,=0.9830,=1.1376,=1.3956,=1.6148,=1.7320,,,,=0.0332,=49
="931476",ESG 120策略,2020-04-30,=0.0145,=1478.9800,=0.0608,=11.8653,=0.8254,=7.8289,=9.6300,=10.5886,=11.7806,=13.2171,=1.3007,=0.6289,=1.0061,=1.1756,=1.2500,=1.3669,=1.7130,=1.5707,=0.9516,=0.7906,=1.0585,=1.1461,=1.3351,=1.6137,=0.0265,=0.1050,=0.0271,=0.0315,=47
="HSI",恒生指数,1989-03-09,=0.0086,=25606.0300,=-0.0010,=11.9007,=0.7385,=6.9462,=9.2221,=10.2776,=12.2365,=16.9606,=1.2577,=0.7776,=0.7519,=0.9710,=1.1226,=1.2658,=1.5570,=1.5534,=0.6495,=0.8141,=1.1481,=1.4300,=1.6542,=2.0895,,,,=0.0327,=13462
="000010",上证180,2002-07-01,=0.0064,=10154.4600,=0.0138,=12.0172,=0.7704,=8.4900,=9.9408,=10.9719,=12.1204,=14.6942,=1.2001,=0.3524,=0.9930,=1.1498,=1.2654,=1.3646,=1.6698,=1.4203,=0.9332,=0.8990,=1.0652,=1.1796,=1.3019,=1.4916,=0.0240,=0.0943,=0.0246,=0.0312,=2494
="1000010",上海B股,1994-01-10,,,,=12.0890,=0.1406,=6.8464,=13.0940,=19.2870,=37.2537,=68.1787,=0.9002,=0.1727,=0.7158,=0.9133,=1.0172,=1.2508,=1.7346,=0.6860,=0.6830,=0.3163,=0.4060,=0.5564,=0.7431,=1.2119,,,=0.0164,=0.0430,=128
="399313",巨潮100,2005-02-03,=0.0072,=5430.4500,=-0.0030,=12.2005,=0.7667,=8.9278,=10.3313,=11.0701,=12.3595,=16.6101,=1.2788,=0.2939,=1.0718,=1.2388,=1.3353,=1.4929,=1.8501,=1.5668,=0.9365,=0.9844,=1.1473,=1.2618,=1.4296,=1.6915,=0.0250,=0.0999,=0.0255,=0.0300,=208
="931395",沪港深300,2020-01-14,=0.0118,=1752.5800,=0.0165,=12.3025,=0.7148,=8.3275,=10.0194,=10.8350,=12.5588,=16.6490,=1.2590,=0.5648,=0.9663,=1.1020,=1.2156,=1.3716,=1.7241,=1.5847,=0.8032,=0.9881,=1.1716,=1.3168,=1.5812,=1.8801,,=0.0964,,=0.0309,=502
="HSCAIT",恒生A股行业龙头指数,2009-09-21,=0.0018,=5539.8000,=-0.0385,=12.3427,=0.8868,=8.2192,=9.7734,=10.4518,=11.7704,=14.1027,=1.2973,=0.6291,=1.0288,=1.1827,=1.2619,=1.3563,=1.6997,=1.3359,=0.9362,=0.8424,=0.9728,=1.0491,=1.2094,=1.4109,=0.0256,=0.1023,=0.0256,=0.0344,=493
="931586",300价值稳健,2020-11-09,=0.0001,=7374.8500,=-0.0338,=12.5468,=0.7612,=8.1741,=9.6632,=11.1007,=12.7424,=15.0111,=1.4181,=0.6619,=0.9699,=1.1914,=1.3276,=1.5199,=1.6570,=1.4194,=0.8485,=0.7359,=0.8633,=0.9818,=1.0845,=1.5639,=0.0264,=0.1070,=0.0304,=0.0363,=41
="932039",央企股东回报,2022-11-16,=0.0045,=1666.2200,=0.0500,=12.9662,=0.9339,=8.0198,=9.6492,=10.9128,=11.9222,=13.8005,=1.2282,=0.8882,=0.8847,=1.0020,=1.1026,=1.1716,=1.4098,=0.8144,=0.9339,=0.3642,=0.4239,=0.5256,=0.6642,=0.8821,=0.0235,=0.0905,=0.0215,=0.0406,=128
="399807",高铁产业,2015-01-20,=0.0100,=1187,=-0.0445,=12.9963,=0.5503,=9.4881,=11.2215,=12.8418,=15.8027,=24.3532,=0.8029,=0.0004,=0.7927,=0.9215,=1.0375,=1.5387,=2.3973,=0.4156,=0.4456,=0.3063,=0.3761,=0.4241,=0.4819,=0.6435,=0.0121,=0.0541,=0.0137,=0.0292,=590
="930629",CSSW健康,2015-05-08,=-0.0066,=5455.0900,=-0.0473,=13.0462,=0.0016,=12.7079,=18.2123,=21.9413,=38.8610,=49.9253,=1.8420,=0.0095,=1.7767,=2.1800,=3.0944,=4.6323,=6.2998,=1.6219,=0.2708,=1.2755,=1.5585,=1.9387,=4.7309,=7.2978,=0.0270,=0.1388,=0.0324,=0.0235,=269
="931412",证券公司30,2020-02-20,=-0.0149,=1389.7500,=-0.1453,=13.1021,=0.0020,=12.7557,=16.3802,=18.6094,=22.7600,=36.9291,=1.1996,=0.0969,=1.0327,=1.2689,=1.4495,=1.7027,=2.4365,=5.2666,=0.3256,=3.9462,=5.0209,=5.5651,=6.7330,=9.6353,=0.0228,=0.0861,=0.0218,=0.0232,=21
="000044",上证中盘,2009-07-03,=0.0107,=4749.5700,=0.0408,=13.1918,=0.5820,=8.6509,=10.4793,=12.5324,=14.6389,=18.7575,=1.2189,=0.3833,=0.9210,=1.0900,=1.2875,=1.6557,=1.9734,=1.3087,=0.6220,=0.9382,=1.1499,=1.2499,=1.4304,=1.7773,=0.0229,=0.0859,=0.0223,=0.0293,=93
="H30455",沪港深500,2014-11-28,=0.0105,=2675.8400,=0.0070,=13.2394,=0.8097,=8.5690,=10.3699,=11.4057,=13.1949,=16.8903,=1.3416,=0.6269,=0.9675,=1.1595,=1.2869,=1.4055,=1.7307,=1.5997,=0.9187,=0.9518,=1.1783,=1.3134,=1.4999,=1.7787,,=0.0953,,=0.0293,=524
="931168",绿色价值100,2019-06-27,=0.0114,=1519.9300,=0.0219,=13.2495,=0.8929,=8.4906,=9.9702,=11.3157,=12.7949,=14.6050,=1.4592,=0.8923,=1.0223,=1.1877,=1.2787,=1.4025,=1.6052,=1.5691,=0.9456,=0.9649,=1.1292,=1.2469,=1.3482,=1.6482,=0.0274,=0.1011,=0.0242,=0.0301,=10
="931468",红利质量,2020-05-21,=0.0164,=34307.4800,=0.0888,=13.2743,=0.0034,=13.0933,=16.1325,=18.9212,=22.0966,=36.4689,=2.2468,=0,=2.2468,=2.8831,=3.7883,=4.7312,=8.5636,=2.2422,=0.1300,=1.9811,=2.3533,=2.9396,=3.9645,=5.8829,=0.0381,=0.1637,=0.0476,=0.0308,=1117
="1000015",港股全指,2000-01-01,=0.0086,=25606.0300,=-0.0010,=13.2875,=0.7568,=7.5917,=10.2520,=11.2999,=13.5875,=19.1348,=1.1185,=0.6403,=0.6574,=0.8645,=1.0623,=1.1862,=1.5123,=1.2197,=0.7077,=0.6196,=0.8646,=1.0934,=1.2706,=1.5791,,,,=0.0319,=304
="931397",A股通50,2020-02-20,=0.0091,=2376.6800,=0.0487,=13.4051,=0.5795,=8.9450,=10.5551,=12.8351,=21.6847,=29.8209,=1.6377,=0.4508,=1.1048,=1.2766,=1.7367,=3.5883,=4.6955,=1.9583,=0.5710,=1.0496,=1.2825,=1.8756,=2.9169,=3.9597,=0.0296,=0.1069,=0.0278,=0.0286,=8
="399437",证券龙头,2014-12-30,=-0.0154,=5838.9200,=-0.1428,=13.4700,=0.0157,=12.1104,=17.3586,=19.9982,=25.0411,=43.0253,=1.2205,=0.0680,=1.0547,=1.3004,=1.5421,=1.8388,=2.3633,=5.3649,=0.2283,=3.9970,=5.3005,=6.2007,=7.2524,=9.5068,=0.0223,=0.0851,=0.0215,=0.0226,=693
="930949",价值回报,2017-02-24,=-0.0015,=13624.6900,=-0.0013,=13.6130,=0.8992,=5.5354,=8.0838,=9.9956,=12.1793,=17.5400,=2.1270,=0.7748,=1.2865,=1.4733,=1.7380,=2.1736,=3.1701,=1.4603,=0.9750,=0.5488,=0.7114,=0.8696,=1.2549,=1.7276,=0.0290,=0.1096,=0.0305,=0.0354,=30
="399314",巨潮大盘,2005-02-03,=0.0102,=5240.0700,=0.0238,=13.6627,=0.8512,=9.6620,=11.1096,=12.0255,=13.4625,=17.5384,=1.3733,=0.3965,=1.0976,=1.2830,=1.4165,=1.5848,=1.9279,=1.5393,=0.8937,=0.9932,=1.1674,=1.3045,=1.4572,=1.8124,=0.0244,=0.0938,=0.0251,=0.0286,=16
="931155",300质量成长,2019-04-22,=0.0263,=11185.9700,=0.1061,=13.6635,=0.5087,=7.3805,=10.7801,=13.5889,=15.3090,=31.0699,=2.0059,=0.3601,=1.1055,=1.6626,=2.2708,=2.8365,=5.3844,=2.5080,=0.7395,=1.3218,=1.7710,=2.1588,=2.6070,=3.8395,=0.0331,=0.1462,=0.0366,=0.0222,=78
="000028",180成长,2009-01-09,=0.0055,=4021.9000,=0.0278,=13.6972,=0.4159,=9.5268,=12.0349,=14.4788,=18.2344,=25.1474,=1.8434,=0.2036,=1.5063,=1.8412,=2.6889,=3.1694,=5.1089,=1.9511,=0.8730,=1.1581,=1.4560,=1.6166,=1.8572,=2.3971,=0.0333,=0.1358,=0.0227,=0.0248,=193
="000971",等权90,2010-12-02,=0.0124,=3463.6700,=0.0311,=13.8099,=0.8265,=8.9747,=10.8663,=11.8266,=13.6802,=19.4330,=1.5175,=0.5950,=1.1544,=1.3234,=1.4359,=1.6219,=2.2329,=1.7568,=0.9707,=1.0052,=1.1440,=1.2569,=1.5275,=1.8600,=0.0259,=0.1045,=0.0271,=0.0274,=9
="931132",诚通央企红利,2023-05-04,=0.0039,=1730.9000,=0.0666,=14.0492,=0.9255,=9.0905,=10.5613,=11.8759,=12.8360,=15.2313,=1.3157,=0.8794,=0.9482,=1.0872,=1.1825,=1.2249,=1.5338,=0.8008,=0.9201,=0.3626,=0.4243,=0.4746,=0.6111,=0.8835,=0.0249,=0.0916,=0.0215,=0.0397,=33
="931802",中证龙头,2010-02-09,=0.0087,=1910.7400,=0.0362,=14.1755,=0.8417,=9.1945,=11.3063,=12.3690,=13.9838,=18.2393,=1.9190,=0.8442,=1.2767,=1.4588,=1.6559,=1.8754,=2.6625,=2.0564,=0.8590,=0.9048,=1.0732,=1.3316,=1.9808,=2.7195,=0.0324,=0.1325,=0.0308,=0.0293,=96
="931402",证券先锋,2020-01-14,=-0.0152,=1768.1000,=-0.1521,=14.1840,=0.0020,=13.6795,=17.9479,=20.8516,=25.9112,=41.4692,=1.2244,=0.0905,=1.0487,=1.2889,=1.4696,=1.7522,=2.4715,=5.5265,=0.3008,=4.0917,=5.3101,=5.9084,=7.0913,=10.0278,=0.0214,=0.0819,=0.0203,=0.0217,=92
="931381",中证长三角,2019-11-25,=0.0022,=2065.3900,=0.0204,=14.2158,=0.8638,=9.1117,=10.6499,=11.9742,=13.8851,=16.1441,=1.3829,=0.5977,=0.9630,=1.1487,=1.3019,=1.5519,=1.8124,=1.8985,=0.9835,=0.8724,=1.0693,=1.2420,=1.5339,=1.9541,=0.0256,=0.0961,=0.0259,=0.0262,=7
="950096",上海国企,2016-05-11,=0.0012,=1409.4900,=-0.0684,=14.2171,=0.6822,=8.9055,=11.0343,=12.5711,=15.1972,=16.5992,=1.0517,=0.3846,=0.7269,=0.8713,=1.1364,=1.5224,=2.0186,=1.1676,=0.8706,=0.5842,=0.6832,=0.8502,=1.1309,=1.2890,=0.0189,=0.0761,=0.0213,=0.0221,=169
="399975",证券公司,2013-07-15,=-0.0151,=728.4000,=-0.1457,=14.2834,=0.0251,=12.1895,=18.6982,=21.4864,=26.4841,=46.0250,=1.2223,=0.0738,=1.0494,=1.3042,=1.5663,=1.8799,=2.4199,=5.5335,=0.2494,=4.0997,=5.4113,=6.3246,=7.4089,=10.0865,=0.0211,=0.0810,=0.0201,=0.0215,=9744
="931082",A500现金流,2025-07-16,=-0.0045,=4546.2200,=0.0027,=14.4024,=0.5735,=11.3087,=12.2098,=13.7723,=15.0377,=16.5522,=1.6563,=0,=1.6563,=1.7908,=1.8923,=1.9666,=2.0613,=1.2986,=0.0441,=1.2740,=1.3643,=1.4928,=1.5674,=1.6378,=0.0315,=0.1166,,=0.0384,=113
="000908",300能源,2007-07-02,=-0.0119,=2546.7700,=0.0774,=14.4090,=0.5804,=6.9395,=9.4585,=13.2394,=22.4596,=62.7889,=1.4307,=0.9250,=0.7125,=0.8868,=1.1223,=1.2807,=1.8071,=0.8828,=0.9769,=0.3053,=0.3856,=0.5115,=0.6896,=1.0302,=0.0302,=0.1004,=0.0297,=0.0377,=268
="000300",沪深300,2005-04-08,=0.0130,=4845.1000,=0.0465,=14.4850,=0.8945,=10.0799,=11.6839,=12.6061,=14.1046,=17.6279,=1.4452,=0.4439,=1.1457,=1.3350,=1.4688,=1.6202,=1.9228,=1.5675,=0.9427,=1.0330,=1.1718,=1.3039,=1.4519,=1.7482,=0.0246,=0.0934,=0.0249,=0.0272,=48537
="932366",300现金流,2024-11-12,=-0.0041,=3405.1400,=0.0190,=14.5407,=0.6766,=12.5879,=13.4430,=14.0187,=14.9740,=16.2670,=1.5771,=0,=1.5771,=1.7524,=1.8397,=1.9008,=1.9885,=1.1891,=0.0924,=1.0861,=1.2371,=1.4039,=1.4442,=1.5124,=0.0285,=0.1163,=0.0355,=0.0394,=159
="932368",800现金流,2024-12-11,=-0.0029,=5114.8500,=0.0002,=14.5506,=0.8386,=9.9108,=10.7924,=11.6076,=13.9708,=15.6891,=1.5409,=0.1931,=1.4048,=1.5454,=1.6844,=1.8775,=2.0110,=1.2419,=0.3804,=1.0036,=1.0968,=1.3184,=1.4021,=1.5226,=0.0283,=0.1177,=0.0451,=0.0372,=223
="932365",中证现金流,2024-12-11,=-0.0030,=5239.7400,=-0.0053,=14.5901,=0.8242,=10.1873,=10.9009,=11.8220,=14.2127,=15.8261,=1.5379,=0,=1.5379,=1.6886,=1.7940,=1.8892,=2.0150,=1.1099,=0.0173,=1.0912,=1.2060,=1.4149,=1.5185,=1.6205,=0.0286,=0.1155,=0.0394,=0.0372,=638
="000822",500红利,2012-07-20,=0.0001,=10574.4000,=0.0393,=14.6372,=0.7593,=7.4138,=9.6102,=11.2701,=17.6084,=26.4578,=1.2099,=0.4509,=0.8670,=1.0202,=1.2406,=1.7769,=2.2876,=0.6698,=0.5676,=0.2906,=0.3999,=0.5823,=1.2383,=1.8159,=0.0233,=0.0658,=0.0188,=0.0370,=36
="980092",自由现金流,2012-12-28,=0.0042,=5466.3000,=0.0146,=14.6958,=0.8284,=11.1075,=12.1319,=12.8578,=14.5431,=16.4362,=1.5118,=0.2114,=1.4157,=1.5103,=1.5945,=1.6734,=1.8134,=0.9342,=0.4055,=0.7577,=0.8737,=0.9494,=0.9841,=1.0805,=0.0285,=0.1047,=0.0263,=0.0320,=1333
="932315",中证红利质量,2024-07-08,=0.0015,=4392.4500,=-0.0270,=14.7833,=0.3451,=12.3916,=13.4965,=15.7044,=16.6471,=18.7206,=2.5363,=0.2611,=2.1812,=2.3581,=3.4665,=4.0104,=4.4900,=2.8408,=0.3606,=2.0136,=2.1671,=3.0121,=3.1909,=3.5388,=0.0482,=0.1829,=0.0412,=0.0382,=482
="931454",港股通消费,2020-03-06,=-0.0081,=1390.0400,=-0.0972,=14.8090,=0,=14.8090,=20.7980,=27.7775,=37.2578,=64.7193,=2.4668,=0,=2.4668,=3.2154,=3.6549,=5.1411,=8.9519,=1.3375,=0,=1.3375,=1.9642,=2.3939,=3.6070,=6.6047,,=0.1670,,=0.0462,=350
="930758",凤凰50,2018-11-21,=0.0146,=8666.6200,=0.0879,=14.8858,=0.6646,=8.6050,=10.7999,=13.4511,=15.7616,=22.7753,=1.7144,=0.5463,=1.0496,=1.4300,=1.6519,=2.0863,=3.0708,=2.0468,=0.8921,=0.3622,=0.7516,=1.3111,=1.8835,=3.4064,=0.0281,=0.1135,=0.0262,=0.0300,=62
="HSCGSI",恒生消费指数,2015-08-17,=-0.0052,=2426.7300,=-0.0599,=14.9776,=0.0081,=14.2396,=17.9838,=20.3501,=46.8247,=191.0166,=2.4843,=0.4174,=1.6557,=2.1351,=2.5821,=3.0631,=4.3429,=1.3585,=0.3053,=0.9965,=1.2473,=1.5539,=1.8501,=2.9413,,,,=0.0450,=810
="399439",国证油气,2014-12-30,=-0.0021,=2269.9000,=0.1787,=15.0698,=0.4926,=7.2448,=10.6844,=15.3916,=30.0378,=98.7831,=1.4264,=0.9551,=0.6716,=0.7849,=1.1402,=1.2604,=1.8382,=0.7935,=0.9744,=0.2370,=0.3183,=0.5043,=0.5959,=0.9735,=0.0300,=0.0921,=0.0283,=0.0337,=95
="000928",中证能源,2009-07-03,=-0.0088,=3330.4100,=0.1302,=15.0751,=0.6331,=6.9612,=9.7906,=13.1602,=22.0944,=68.9647,=1.4350,=0.9316,=0.7281,=0.9359,=1.1467,=1.2961,=1.8006,=0.8919,=0.9769,=0.3162,=0.4106,=0.5298,=0.6999,=1.0383,=0.0289,=0.0960,=0.0282,=0.0358,=1284
="931248",油气资源,2023-06-12,=0.0007,=1170.7000,=0.2812,=15.1070,=0.9023,=8.9017,=10.1518,=11.1636,=12.9501,=19.0700,=1.4187,=0.8598,=1.0292,=1.1489,=1.2097,=1.3494,=1.8318,=0.7921,=0.9093,=0.4486,=0.5075,=0.5886,=0.6614,=0.9774,=0.0301,=0.0906,=0.0280,=0.0335,=41
="000955",中证国企,2010-02-09,=0.0088,=1615.5500,=0.0125,=15.2666,=0.8627,=10.0979,=11.7062,=12.7334,=14.8861,=16.8119,=1.2643,=0.4204,=1.0210,=1.1826,=1.2946,=1.4508,=1.7591,=1.3061,=0.8537,=0.7969,=0.9757,=1.0900,=1.2755,=1.4527,=0.0213,=0.0765,=0.0217,=0.0269,=39
="HSMI",恒生综合中型股指数,2001-10-03,=0.0129,=4896.5300,=-0.0172,=15.2880,=0.8847,=7.1837,=9.6380,=11.2472,=14.6353,=19.0737,=1.2437,=0.8396,=0.6229,=0.7817,=1.0104,=1.2254,=1.5312,=1.0108,=0.9671,=0.4186,=0.5569,=0.6722,=0.8060,=1.0938,,,,=0.0285,=160
="980028",龙头家电,2015-02-16,=0.0007,=12644.0800,=0.0045,=15.3174,=0.6364,=11.8600,=13.7097,=14.6099,=18.7411,=31.1013,=2.5849,=0.1177,=2.3382,=2.6705,=2.9169,=3.6912,=5.1202,=1.4050,=0.7214,=0.9787,=1.2014,=1.3287,=1.4869,=2.2318,=0.0430,=0.1789,=0.0477,=0.0419,=180
="931021",家电龙头,2017-10-17,=0.0021,=17534.8800,=-0.0294,=15.5533,=0.4650,=11.3343,=14.2158,=15.8536,=19.3923,=31.7589,=2.4601,=0.0354,=2.3685,=2.6523,=3.0584,=3.9092,=5.4650,=1.2668,=0.6073,=0.8457,=1.1159,=1.2346,=1.4881,=2.4102,=0.0396,=0.1676,=0.0453,=0.0406,=24
="H11057",石化产业,2009-07-22,=0.0087,=1408.9100,=0.0315,=15.7127,=0.6567,=9.0713,=11.9883,=13.9206,=19.4685,=46.6548,=1.5773,=0.9464,=0.9085,=1.1887,=1.3411,=1.4394,=1.9948,=0.8517,=0.9359,=0.4002,=0.4796,=0.6095,=0.7493,=1.0264,=0.0331,=0.0946,=0.0281,=0.0301,=62
="H30198",油气产业,2013-07-15,=-0.0002,=2578.8000,=0.2242,=15.7269,=0.5347,=7.8064,=10.8387,=14.0644,=25.5376,=104.2111,=1.4468,=0.9596,=0.6580,=0.8158,=1.1429,=1.2503,=1.8532,=0.7822,=0.9719,=0.2505,=0.3193,=0.4747,=0.5886,=0.9554,=0.0307,=0.0868,=0.0269,=0.0318,=105
="000986",全指能源,2011-08-02,=-0.0086,=2642.1300,=0.1319,=15.7915,=0.6377,=6.8032,=9.9968,=13.3657,=22.1186,=75.0146,=1.4372,=0.9369,=0.7554,=0.9688,=1.1708,=1.3121,=1.7977,=0.9038,=0.9769,=0.3323,=0.4459,=0.5658,=0.7167,=1.0524,=0.0281,=0.0918,=0.0274,=0.0346,=599
="399324",深证红利,2006-01-24,=0.0048,=8809.1200,=-0.0374,=15.9073,=0.5412,=11.7065,=14.4176,=15.7500,=17.7170,=23.4132,=2.2468,=0.5363,=1.2884,=1.9036,=2.1810,=2.5075,=3.7254,=1.8708,=0.6686,=1.1033,=1.3622,=1.7381,=1.9640,=2.8578,=0.0424,=0.1345,=0.0450,=0.0418,=5215
="931404",SHS品牌消费50,2020-02-20,=-0.0091,=2335.0100,=-0.1353,=15.9748,=0.0070,=15.2551,=18.4569,=21.6419,=30.4548,=52.1290,=3.3213,=0,=3.3213,=4.6018,=5.3003,=7.2981,=13.2899,=2.8835,=0.0778,=2.1582,=3.1846,=4.1183,=6.4260,=12.0094,,=0.2165,,=0.0309,=130
="000860",结构调整,2018-03-26,=0.0109,=1320.4300,=0.0786,=16.0173,=0.7607,=9.5233,=12.4344,=13.9069,=16.3857,=20.6443,=1.4259,=0.7157,=1.1018,=1.2861,=1.3703,=1.4553,=1.6430,=0.9161,=0.9828,=0.4658,=0.5853,=0.6756,=0.7561,=0.9608,=0.0222,=0.0831,=0.0231,=0.0313,=142
="HSSCHKC",恒生港股通香港公司指数,2017-11-20,=0.0088,=3467.6500,=0.1158,=16.0707,=0.6804,=9.9660,=12.2164,=14.2691,=18.2050,=45.2058,=1.2828,=0.8820,=0.8018,=0.9523,=1.0966,=1.2403,=1.4001,=2.8505,=0.8481,=1.7566,=2.0722,=2.3873,=2.7404,=3.2431,,,,=0.0352,=14
="000066",上证商品,2010-04-30,=0.0189,=3960.1200,=0.1228,=16.0907,=0.5894,=7.9120,=11.1675,=15.0781,=23.4279,=53.3084,=1.7615,=0.9637,=0.9403,=1.2090,=1.3335,=1.4906,=2.2405,=1.0166,=0.9687,=0.4082,=0.5256,=0.6501,=0.7703,=1.2223,=0.0347,=0.1091,=0.0303,=0.0298,=73
="000068",上证资源,2010-05-28,=0.0199,=4345.3100,=0.0792,=16.0984,=0.5548,=7.8012,=11.1450,=15.2170,=26.2543,=73.1997,=1.7674,=0.9637,=0.8674,=1.1479,=1.3049,=1.4730,=2.2515,=1.0146,=0.9695,=0.3742,=0.5012,=0.6093,=0.7636,=1.2220,=0.0351,=0.1097,=0.0307,=0.0297,=301
="000092",资源50,2011-05-10,=0.0197,=5183.8400,=0.0619,=16.1169,=0.6072,=7.9483,=11.3499,=14.9178,=23.1734,=52.0101,=1.8328,=0.9637,=0.9579,=1.2523,=1.3917,=1.5275,=2.3324,=1.0514,=0.9687,=0.4148,=0.5541,=0.6754,=0.7832,=1.2646,=0.0363,=0.1132,=0.0314,=0.0292,=35
="932037",央企现代能源,2022-11-16,=0.0054,=1577.9200,=0.0814,=16.1917,=0.9317,=10.8583,=11.9754,=12.8127,=14.0985,=18.2611,=1.5944,=0.8422,=1.1507,=1.3344,=1.4161,=1.5610,=1.8914,=0.9721,=0.9352,=0.4850,=0.6165,=0.7484,=0.8147,=1.0835,=0.0273,=0.0952,=0.0272,=0.0317,=34
="H11136",中国互联网,2011-09-20,=0.0002,=4126.7869,=-0.2259,=16.2314,=0.0176,=14.7773,=20.1471,=42.7396,=57.4995,=137.0698,=2.2498,=0.0284,=1.7247,=2.5689,=4.7257,=6.7403,=9.7098,=1.9538,=0.0257,=1.5020,=2.2658,=4.4001,=6.5159,=9.1092,,,,=0.0109,=3340
="H30533",中国互联网50,2014-12-29,=0.0051,=7371.1221,=-0.2136,=16.2642,=0.0104,=14.9049,=20.5120,=41.6988,=57.1791,=137.0698,=2.2711,=0.0426,=1.7082,=2.5684,=4.7251,=6.7209,=9.7098,=1.9178,=0.0326,=1.4305,=2.1904,=4.3994,=6.4327,=9.1092,,,,=0.0102,=6761
="399974",国企改革,2014-08-07,=0.0103,=1985.3800,=0.0457,=16.3036,=0.7436,=8.5408,=11.0130,=13.4104,=17.0152,=23.5243,=1.4324,=0.3957,=1.0768,=1.3337,=1.4838,=1.8365,=2.8970,=1.1272,=0.6908,=0.6803,=0.8878,=0.9901,=1.2484,=2.2060,=0.0239,=0.0809,=0.0242,=0.0281,=371
="000861",央企创新,2019-05-16,=0.0096,=2767.9300,=0.0786,=16.4082,=0.9089,=10.3360,=12.0102,=13.3713,=14.9657,=18.8086,=1.4636,=0.9518,=1.0351,=1.1860,=1.2957,=1.3846,=1.5975,=0.8635,=0.9818,=0.4544,=0.5191,=0.5823,=0.7262,=0.8999,=0.0222,=0.0826,=0.0232,=0.0297,=265
="HSHK35",恒生香港35,2003-01-20,=0.0081,=3254.0700,=0.1400,=16.5305,=0.7040,=9.7413,=12.0967,=14.2326,=17.5905,=47.6465,=1.2930,=0.9606,=0.7649,=0.9586,=1.0938,=1.2291,=1.3547,=3.5108,=0.9464,=2.1814,=2.5830,=2.8760,=3.1719,=3.7366,,,,=0.0364,=115
="399699",金融科技,2017-06-09,=0.0009,=3873.4800,=-0.1339,=16.5915,=0.1707,=14.0983,=16.8181,=19.4238,=44.6686,=111.6316,=1.8383,=0.2115,=1.2665,=1.8139,=2.2897,=3.4082,=4.4660,=1.5514,=0.4058,=1.0709,=1.3740,=1.6282,=1.9165,=3.0519,=0.0209,=0.1027,=0.0223,=0.0226,=322
="931268",持续发展,2019-11-15,=0.0086,=2289.7100,=0.0348,=16.6825,=0.9480,=14.1354,=14.8477,=15.4494,=16.2068,=17.1877,=2.1779,=0.6120,=1.7338,=1.8252,=1.9085,=2.2604,=2.3440,=1.8052,=0.7040,=1.5998,=1.7167,=1.7889,=1.8179,=1.8598,=0.0313,=0.1256,=0.0323,=0.0289,=18
="930604",中国互联网30,2015-03-23,=0.0032,=7919.6187,=-0.2083,=16.6898,=0.0227,=14.9187,=20.3821,=42.3201,=59.2887,=131.9396,=2.3083,=0.0311,=1.7582,=2.6211,=4.8473,=7.0787,=10.3841,=1.9211,=0.0361,=1.4482,=2.2069,=4.2009,=6.4466,=9.5870,,,,=0.0099,=626
="000805",A股资源,2012-01-06,=0.0286,=7982.2000,=0.1258,=16.7142,=0.5785,=7.9265,=11.4609,=15.6456,=25.4285,=73.5792,=1.8878,=0.9642,=0.9200,=1.1939,=1.3612,=1.5084,=2.3735,=1.0671,=0.9691,=0.3865,=0.5298,=0.6350,=0.7689,=1.2754,=0.0371,=0.1115,=0.0305,=0.0278,=4
="H30095",医药红利,2013-07-02,=0.0001,=14516.0300,=-0.0611,=16.7618,=0.1119,=14.6474,=17.2927,=19.8018,=27.2055,=34.8020,=1.6706,=0.0399,=1.4797,=1.8122,=2.4515,=3.1491,=4.2060,=0.9790,=0.1760,=0.7612,=1.0021,=1.5199,=2.0168,=2.8268,=0.0293,=0.1019,=0.0311,=0.0365,=87
="399375",中盘价值,2010-01-04,=0.0142,=6475.5000,=0.0913,=16.7623,=0.7968,=9.0528,=10.9370,=12.3149,=16.8275,=33.1718,=1.4980,=0.7617,=1.0236,=1.1932,=1.3322,=1.5620,=1.9880,=1.0227,=0.8458,=0.5167,=0.6432,=0.7490,=0.9811,=1.2353,=0.0258,=0.0785,=0.0211,=0.0280,=186
="000842",800等权,2012-12-21,=0.0136,=7624.1600,=0.0789,=16.8154,=0.9518,=10.7808,=12.9023,=14.0861,=15.9036,=18.9686,=1.6053,=0.5894,=1.1816,=1.3959,=1.5504,=1.7186,=1.9628,=1.6128,=0.9810,=1.0117,=1.1472,=1.2952,=1.4742,=1.6631,=0.0241,=0.0890,=0.0237,=0.0238,=160
="000906",中证800,2007-01-15,=0.0146,=5488.4100,=0.0742,=16.8154,=0.9518,=10.7808,=12.9023,=14.0861,=15.9036,=18.9686,=1.6053,=0.5894,=1.1816,=1.3959,=1.5504,=1.7186,=1.9628,=1.6128,=0.9810,=1.0117,=1.1472,=1.2952,=1.4742,=1.6631,=0.0241,=0.0890,=0.0237,=0.0238,=2656
="000961",中证上游,2010-04-16,=0.0270,=5408.0500,=0.0681,=16.8522,=0.5816,=8.3063,=11.4863,=15.6996,=25.6908,=72.6914,=1.9136,=0.9646,=0.9003,=1.1949,=1.3603,=1.5193,=2.4036,=1.0802,=0.9691,=0.3813,=0.5134,=0.6294,=0.7704,=1.2905,=0.0373,=0.1119,=0.0305,=0.0275,=42
="931068",消费龙头,2018-11-21,=-0.0091,=11131.9500,=-0.1214,=16.8628,=0.0540,=15.6061,=18.3895,=23.0499,=30.1458,=44.3922,=3.1398,=0,=3.1398,=4.1590,=4.7441,=6.6172,=10.3805,=2.0983,=0.0633,=1.8019,=2.6805,=3.2813,=4.1156,=7.0508,=0.0518,=0.2083,=0.0600,=0.0410,=2342
="000944",内地资源,2009-10-28,=0.0278,=5649.2600,=0.0645,=16.8849,=0.5904,=8.0950,=11.4362,=15.6020,=24.4604,=66.3491,=1.9041,=0.9642,=0.8945,=1.1830,=1.3526,=1.5109,=2.3924,=1.0740,=0.9687,=0.3754,=0.5050,=0.6228,=0.7667,=1.2835,=0.0374,=0.1109,=0.0304,=0.0276,=2
="H30089",红利潜力,2013-07-02,=-0.0076,=9382.5700,=-0.0567,=16.9612,=0.5016,=12.7702,=15.7291,=16.9566,=20.7352,=29.7267,=2.7060,=0.6752,=1.4477,=1.9839,=2.4784,=2.9135,=4.3960,=2.2400,=0.8549,=0.7611,=0.9476,=1.7426,=2.1529,=2.8465,=0.0404,=0.1605,=0.0444,=0.0346,=550
="931139",CS消费50,2019-03-20,=-0.0128,=14008.5200,=-0.1220,=17.0669,=0.1128,=15.4419,=18.3186,=24.1164,=30.2400,=47.8630,=3.0268,=0,=3.0268,=4.0497,=5.3557,=7.0876,=12.5456,=2.2057,=0,=2.2057,=2.6208,=3.1936,=4.4727,=9.1270,=0.0528,=0.1922,=0.0638,=0.0450,=2196
="931238",SSH黄金股票,2017-10-17,=0.0252,=3111.6800,=-0.0437,=17.1143,=0.1069,=15.0142,=18.6490,=23.6743,=35.8816,=92.1543,=3.4535,=0.9197,=1.4294,=1.8151,=2.0137,=2.3261,=6.0579,=1.1090,=0.9270,=0.3659,=0.4652,=0.5493,=0.6560,=1.9529,,=0.1869,,=0.0188,=317
="930697",家用电器,2015-07-07,=0.0045,=12580.3600,=-0.0164,=17.1305,=0.5054,=12.0193,=15.4049,=17.0986,=19.8234,=32.1495,=2.5115,=0.0775,=2.2889,=2.6792,=3.2787,=3.9701,=5.2226,=1.3185,=0.5239,=0.9879,=1.1843,=1.3058,=1.6199,=2.3694,=0.0370,=0.1413,=0.0419,=0.0370,=1729
="000150",380红利,2012-07-20,=-0.0012,=11768.4500,=0.0182,=17.2039,=0.8545,=5.2545,=8.5513,=12.0927,=16.4828,=19.8070,=1.1665,=0.3388,=0.6172,=0.8678,=1.3689,=1.6943,=2.2592,=0.5159,=0.4571,=0.2775,=0.3623,=0.5474,=1.7103,=2.3204,=0.0206,=0.0377,=0.0185,=0.0403,=42
="930796",全球中国互联网,2016-04-22,=0.0009,=1738.9811,=-0.2024,=17.2391,=0.0184,=15.2629,=21.3918,=39.8644,=53.9058,=115.7107,=2.3788,=0.0456,=1.8023,=2.6814,=4.7174,=6.9346,=9.6202,=2.0288,=0.0475,=1.5064,=2.2984,=3.8922,=6.4778,=9.5215,,=0.1307,,=0.0102,=36
="399310",国证A50,2005-09-05,=0.0068,=8287.9500,=0.0338,=17.2652,=0.8693,=8.8433,=10.4679,=13.4446,=16.1275,=22.6576,=1.9599,=0.7399,=1.1237,=1.2895,=1.6534,=2.0351,=2.9417,=1.4838,=0.7795,=0.9633,=1.1316,=1.2367,=1.5041,=2.2769,=0.0272,=0.1076,=0.0263,=0.0242,=287
="000945",内地运输,2009-10-28,=-0.0031,=1442.0600,=-0.0242,=17.2733,=0.3104,=13.9394,=16.4788,=19.5591,=27.8199,=72.7429,=1.3054,=0.0251,=1.2463,=1.4099,=1.5688,=1.7788,=2.4452,=0.7766,=0.3990,=0.5140,=0.6447,=0.9278,=1.4285,=1.9188,=0.0219,=0.0581,=0.0167,=0.0292,=76
="399348",深证价值,2009-11-04,=0.0085,=6593.3400,=0.0109,=17.3010,=0.7729,=9.9756,=12.8084,=14.9124,=17.5867,=21.4453,=1.6649,=0.4196,=1.2527,=1.4911,=1.7278,=2.1177,=2.9268,=1.2727,=0.6101,=0.8306,=1.0363,=1.1856,=1.6210,=2.1193,=0.0245,=0.0871,=0.0201,=0.0273,=294
="HSMSI",恒生综合中小型股指数,2015-06-08,=0.0121,=2919.2900,=-0.0118,=17.3231,=0.9302,=7.2058,=10.0591,=12.3989,=15.3963,=18.8438,=1.2125,=0.8100,=0.6157,=0.7686,=1.0046,=1.2061,=1.4952,=0.9288,=0.9220,=0.4020,=0.5319,=0.6808,=0.8355,=1.0389,,,,=0.0275,=160
="931357",优选消费50,2019-11-15,=-0.0037,=2510.3000,=-0.1634,=17.3561,=0.0012,=17.3402,=20.5729,=25.4532,=33.1213,=53.0529,=2.8332,=0,=2.8332,=3.7145,=4.4024,=7.1900,=11.6208,=1.7988,=0,=1.7988,=2.3270,=2.7464,=5.2134,=8.8232,,=0.1689,,=0.0255,=388
="000001",上证指数,1991-07-15,=0.0087,=4112.9000,=0.0363,=17.4342,=0.9951,=10.8403,=12.7209,=13.8254,=15.8169,=17.9143,=1.5024,=0.6294,=1.1148,=1.3021,=1.4416,=1.5732,=1.8463,=1.5348,=0.9835,=0.9369,=1.0774,=1.2154,=1.3864,=1.5771,=0.0219,=0.0804,=0.0221,=0.0235,=1387
="931587",500价值稳健,2020-11-09,=0.0037,=21992.9900,=0.0022,=17.4519,=0.9673,=9.7530,=12.1780,=14.0939,=15.4888,=19.8926,=1.3304,=0.8335,=0.8925,=1.0542,=1.1513,=1.2873,=1.5437,=0.6406,=0.9346,=0.3384,=0.4573,=0.5105,=0.5785,=0.7126,=0.0221,=0.0672,=0.0198,=0.0343,=77
="931645",1000红利,2024-03-15,=0.0010,=2466.9300,=-0.0061,=17.5445,=0.9734,=11.2896,=12.3999,=13.5310,=14.7223,=18.1886,=1.2113,=0.6053,=0.9871,=1.1303,=1.1968,=1.2465,=1.3469,=0.7913,=0.6509,=0.5734,=0.6654,=0.7573,=0.8186,=0.8871,=0.0179,=0.0646,=0.0199,=0.0316,=22
="000046",上证中小,2009-07-03,=0.0141,=5557.9400,=0.0837,=17.6154,=0.7378,=10.5504,=12.1058,=15.2242,=18.4057,=22.4992,=1.5066,=0.5420,=1.0626,=1.2077,=1.4819,=1.8262,=2.0905,=1.4243,=0.8149,=0.8596,=1.0256,=1.1229,=1.4127,=1.6429,=0.0219,=0.0784,=0.0213,=0.0230,=343
="000918",300成长,2008-01-21,=0.0193,=5715.5100,=0.1233,=17.6250,=0.6810,=11.4995,=14.2197,=16.6662,=20.6304,=29.9826,=2.5312,=0.3895,=1.8709,=2.2869,=2.7879,=4.3091,=6.1771,=2.6655,=0.8376,=1.1680,=1.5324,=1.7714,=2.5725,=3.9548,=0.0348,=0.1486,=0.0340,=0.0201,=787
="399398",绩效指数,2012-11-19,=0.0034,=10654.2000,=0.0055,=17.6842,=0.3998,=9.4274,=11.6920,=18.3597,=21.6274,=36.1591,=2.9599,=0.3075,=1.2876,=1.7600,=3.5797,=4.3854,=6.4752,=3.0970,=0.6756,=1.5230,=2.2005,=2.8655,=3.4328,=5.0073,=0.0495,=0.1771,=0.0433,=0.0379,=22
="399286",区块链50,2019-12-24,=-0.0032,=3585.9100,=-0.1050,=17.6872,=0.1613,=13.8844,=18.0685,=20.8799,=28.7691,=40.1853,=1.8713,=0.1987,=1.4262,=1.8742,=2.1275,=2.7686,=3.6332,=1.7788,=0.4194,=1.3177,=1.5864,=1.8528,=2.0958,=2.8188,=0.0273,=0.0903,=0.0252,=0.0257,=154
="931371",品牌消费100,2019-11-25,=-0.0099,=5928.5700,=-0.1001,=17.6875,=0.2136,=14.6106,=17.5527,=22.6616,=30.6824,=41.6881,=2.9882,=0,=2.9882,=3.7249,=4.7926,=6.5683,=9.5576,=1.9649,=0.0585,=1.7483,=2.1300,=2.7517,=3.8841,=5.3339,=0.0505,=0.1847,=0.0654,=0.0421,=4
="930716",CS物流,2015-07-31,=0.0057,=1279.2500,=0.0895,=17.6913,=0.4448,=6.6312,=13.0083,=19.1574,=34.5273,=505.8138,=1.2946,=0.1731,=1.1511,=1.3074,=1.9919,=2.7710,=3.8580,=0.4677,=0.5791,=0.2137,=0.3289,=0.4571,=0.7631,=1.0555,=0.0197,=0.0542,=0.0209,=0.0309,=242
="H30171",运输指数,2013-07-15,=0.0013,=1597.1800,=-0.0124,=17.6980,=0.4539,=14.1889,=16.3612,=18.0696,=25.5040,=51.4445,=1.3074,=0.0601,=1.1989,=1.3563,=1.5065,=1.6916,=2.3737,=0.6707,=0.3200,=0.5217,=0.6274,=0.8618,=1.1982,=1.9196,=0.0207,=0.0585,=0.0181,=0.0278,=82
="000510",中证A500,2024-09-23,=0.0159,=6115.1800,=0.0837,=17.7546,=0.9574,=12.2476,=14.4422,=15.2948,=17.0995,=18.3286,=1.7031,=0.7769,=1.2883,=1.4899,=1.5676,=1.7092,=1.7791,=1.5238,=0.9298,=1.0081,=1.2157,=1.3034,=1.4806,=1.5731,=0.0241,=0.0887,=0.0240,=0.0236,=2159
="1000004",上海A股,1994-01-01,=0.0087,=4112.9000,=0.0363,=17.8296,=0.9843,=10.8441,=12.9364,=14.2351,=16.0838,=18.4959,=1.5266,=0.6220,=1.1181,=1.3162,=1.4440,=1.5985,=1.8457,=1.5627,=0.9823,=0.9734,=1.0889,=1.2343,=1.3818,=1.6065,=0.0219,=0.0804,=0.0221,=0.0230,=4921
="399311",国证1000,2005-02-03,=0.0146,=5347.4000,=0.0786,=17.8308,=0.9617,=11.0854,=13.3222,=14.6211,=16.7385,=19.8966,=1.6477,=0.5837,=1.1918,=1.4217,=1.5928,=1.8011,=2.0383,=1.6160,=0.9728,=1.0112,=1.1700,=1.3061,=1.5190,=1.7074,=0.0236,=0.0857,=0.0233,=0.0228,=138
="000917",300公用,2007-07-02,=-0.0009,=2467.3400,=0.0026,=17.9028,=0.5210,=13.3250,=16.1270,=17.8025,=20.5953,=34.2477,=1.9045,=0.4266,=1.4019,=1.6941,=1.9683,=2.1718,=2.6347,=1.9423,=0.7477,=1.3139,=1.6332,=1.8147,=1.9913,=3.2322,=0.0223,=0.0974,=0.0266,=0.0305,=35
="000979",大宗商品,2011-08-22,=0.0215,=7295.5500,=0.0753,=17.9819,=0.5973,=9.9333,=12.8903,=16.3923,=23.5707,=55.6298,=1.8725,=0.9600,=1.1381,=1.3650,=1.4810,=1.6194,=2.3336,=1.0365,=0.9678,=0.4909,=0.5833,=0.6998,=0.8221,=1.2291,=0.0335,=0.1029,=0.0285,=0.0265,=699
="000937",中证公用,2009-07-03,=0.0004,=2699.9200,=0.0825,=18.1385,=0.4312,=13.4460,=16.4974,=18.6230,=21.1313,=46.5328,=1.7736,=0.5045,=1.3423,=1.6286,=1.7709,=1.9633,=2.2557,=1.8023,=0.7988,=1.2657,=1.4810,=1.5857,=1.8045,=3.2521,=0.0215,=0.0905,=0.0250,=0.0275,=333
="000903",中证A100,2006-05-29,=0.0120,=4771.3700,=0.0635,=18.1623,=0.9938,=9.4390,=11.1361,=12.4613,=14.0620,=18.7565,=1.8410,=0.9460,=1.1800,=1.3758,=1.5108,=1.6641,=1.9625,=1.4689,=0.9575,=0.9660,=1.1007,=1.2113,=1.3686,=1.6207,=0.0253,=0.0942,=0.0251,=0.0260,=3072
="930050",中证A50,2024-01-02,=0.0109,=1844.5000,=0.0318,=18.1958,=0.8380,=13.9812,=15.9190,=17.4303,=18.1230,=19.9330,=2.1474,=0.6655,=1.7817,=1.9636,=2.0799,=2.2060,=2.3759,=1.5916,=0.9181,=1.0165,=1.1249,=1.3601,=1.5377,=1.6491,=0.0291,=0.1115,=0.0275,=0.0269,=966
="932367",500现金流,2024-11-12,=0.0080,=3718.3700,=0.0161,=18.2380,=0.7745,=12.7635,=13.9598,=16.5062,=18.4664,=20.8865,=1.8879,=0.7255,=1.5076,=1.6631,=1.7541,=1.9970,=2.3672,=1.2186,=0.3967,=0.8955,=1.0970,=1.2433,=1.2881,=1.4394,=0.0308,=0.1139,=0.0305,=0.0329,=115
="931167",先进制造100,2019-04-25,=0.0070,=8071.7100,=0.0426,=18.3010,=0.8984,=10.3762,=12.9826,=14.2021,=16.6397,=20.9116,=3.0767,=0.9212,=1.6383,=2.0220,=2.2518,=2.5634,=3.3727,=2.0913,=0.9737,=0.9031,=1.2311,=1.4347,=1.6456,=2.1795,=0.0404,=0.1483,=0.0310,=0.0284,=340
="930838",CS高股息,2016-06-08,=0.0091,=7386.5900,=0.0232,=18.3216,=0.5191,=10.7704,=14.2492,=17.9145,=22.5331,=29.5345,=3.3749,=0.7887,=1.8272,=2.3318,=2.8135,=3.4711,=5.4603,=3.2764,=0.6624,=1.6703,=2.0481,=2.4807,=3.7470,=5.1335,=0.0550,=0.1877,=0.0570,=0.0257,=170
="000995",全指公用,2011-08-02,=0.0019,=2826.9100,=0.0945,=18.6203,=0.4662,=14.4124,=16.6520,=18.8771,=23.9608,=55.0107,=1.7756,=0.6303,=1.2839,=1.5403,=1.7262,=1.8679,=2.1268,=1.8264,=0.8096,=1.2094,=1.4214,=1.5277,=1.8066,=2.4023,=0.0217,=0.0896,=0.0244,=0.0269,=313
="399991",一带一路,2015-02-16,=0.0237,=3556.3200,=0.1998,=18.7401,=0.7601,=9.4567,=11.6727,=14.1026,=20.0517,=34.5905,=1.6322,=0.9782,=1.0035,=1.1547,=1.2475,=1.4239,=1.7680,=0.7164,=0.9806,=0.3598,=0.4252,=0.4777,=0.6026,=0.7518,=0.0240,=0.0795,=0.0217,=0.0218,=579
="000911",300可选,2007-07-02,=-0.0019,=5924.4600,=-0.1045,=18.7839,=0.5725,=11.4175,=16.2030,=18.2346,=24.5366,=45.8432,=2.0466,=0.0289,=1.8544,=2.2943,=2.5505,=3.0218,=4.4626,=0.9670,=0.1999,=0.7162,=0.9670,=1.1015,=1.3297,=2.0518,=0.0241,=0.1159,=0.0309,=0.0276,=30
="000909",300材料,2007-07-02,=0.0252,=4053.2700,=-0.0111,=18.8567,=0.5338,=10.2722,=14.5958,=18.2720,=25.6664,=46384.3131,=2.5086,=0.8215,=1.4655,=1.7162,=1.9831,=2.4563,=3.8763,=1.2480,=0.8265,=0.6983,=0.8432,=0.9657,=1.2300,=1.9427,=0.0473,=0.1225,=0.0288,=0.0176,=17
="931697",消费50策略,2021-07-12,=-0.0028,=7727.0700,=-0.0918,=19.0945,=0.2789,=16.4104,=18.6003,=21.0391,=31.3764,=38.9422,=2.8120,=0,=2.8120,=3.5558,=3.9014,=5.2288,=7.0736,=1.5277,=0,=1.5277,=1.7855,=1.9345,=2.8674,=3.5305,=0.0408,=0.1608,=0.0542,=0.0356,=60
="H11059",工业有色,2009-07-22,=0.0421,=4269.1900,=0.0722,=19.1106,=0.3332,=10.0577,=14.5389,=28.3665,=53.3169,=131.1130,=3.4827,=0.9118,=1.4392,=1.9933,=2.3932,=3.1514,=4.9901,=1.2972,=0.9346,=0.5048,=0.7375,=0.8569,=1.1329,=1.8706,=0.0664,=0.1735,=0.0401,=0.0162,=120
="H30094",消费红利,2013-07-02,=-0.0088,=32940.0300,=-0.1132,=19.2530,=0.0886,=16.2060,=21.8305,=27.7719,=33.4547,=59.6542,=3.4328,=0.0021,=3.3932,=4.3754,=5.3354,=6.7479,=11.0368,=4.0949,=0.4130,=1.9360,=3.2403,=4.3047,=5.3148,=8.4259,=0.0717,=0.1905,=0.0792,=0.0434,=2107
="H30199",电力指数,2013-07-15,=0.0030,=3223.4300,=0.1421,=19.3332,=0.5614,=14.1448,=16.6706,=18.9296,=25.0122,=78.5133,=1.8169,=0.7481,=1.2472,=1.5161,=1.7143,=1.8402,=2.0960,=1.9462,=0.8681,=1.1507,=1.4427,=1.5880,=1.7854,=2.2389,=0.0213,=0.0878,=0.0244,=0.0258,=669
="931663",SHS消费龙头,2015-03-13,=-0.0046,=1785.0600,=-0.1215,=19.3692,=0.1306,=14.4278,=20.3704,=26.7075,=37.0770,=57.5191,=2.8283,=0.0008,=2.7700,=3.4000,=4.3111,=6.1339,=13.5979,=1.9073,=0.2226,=1.3592,=1.8693,=2.3921,=3.4165,=7.5123,,=0.1411,,=0.0292,=215
="932369",1000现金流,2024-11-12,=0.0007,=3504.6500,=-0.0496,=19.3808,=0.7826,=16.0705,=17.7134,=18.4887,=19.5052,=21.4836,=1.5675,=0.1848,=1.4419,=1.5814,=1.6674,=1.7617,=1.8728,=0.8971,=0.1413,=0.8034,=0.9303,=1.0224,=1.0700,=1.3230,=0.0245,=0.0821,=0.0237,=0.0270,=58
="931897",绿色电力,2012-12-21,=0.0018,=1235.7800,=0.1413,=19.5009,=0.5692,=12.4356,=15.7669,=18.4337,=23.5753,=3316.8719,=1.8680,=0.9477,=1.0802,=1.3464,=1.6414,=1.7820,=2.0177,=1.9913,=0.9002,=0.8910,=1.1301,=1.2733,=1.6994,=2.6891,=0.0214,=0.0880,=0.0237,=0.0259,=147
="931637",港股通互联网,2021-01-11,=0.0031,=792.2100,=-0.2187,=19.5345,=0.0401,=16.9805,=23.4614,=28.3426,=41.8395,=87.7368,=2.5311,=0.0061,=2.2686,=3.0778,=3.4219,=4.2520,=11.7021,=2.4921,=0.0144,=2.1470,=2.9675,=3.4081,=4.5412,=11.5370,,,,=0.0092,=253
="000942",内地消费,2009-10-28,=-0.0086,=8964.0500,=-0.1231,=19.5681,=0.3042,=14.4412,=18.6690,=21.7472,=33.3379,=52.6356,=2.5744,=0.0008,=2.5374,=3.1410,=3.6911,=5.0424,=7.7211,=1.4560,=0.1702,=1.1096,=1.4982,=1.7720,=2.5493,=4.1228,=0.0371,=0.1426,=0.0493,=0.0348,=763
="932152",港股通成长策略,2025-04-30,=0.0091,=1199.6600,=-0.0944,=19.8272,=0.5862,=16.5252,=18.2297,=19.0836,=21.2563,=22.5567,=2.6327,=0.3027,=2.1900,=2.5492,=2.7367,=2.8486,=3.0449,=2.0188,=0.3448,=1.7556,=1.9428,=2.1161,=2.2250,=2.3595,,=0.1305,,=0.0188,=7
="HSAIT",恒生人工智能主题指数,2023-09-01,=0.0196,=3788.9100,=-0.1110,=19.8667,=0.5007,=13.3665,=18.0264,=19.8666,=21.5605,=24.5500,=2.0328,=0.4813,=1.4634,=1.7488,=2.0720,=2.4884,=2.8773,=1.8567,=0.5352,=1.2708,=1.4951,=1.6759,=2.2870,=2.6741,,=0.1040,,=0.0206,=63
="399997",中证白酒,2015-01-21,=-0.0230,=6944.2100,=-0.2076,=19.9210,=0.1443,=16.2418,=20.9609,=29.7028,=37.9971,=71.4432,=3.8582,=0.0025,=3.7422,=5.2046,=7.2690,=9.8068,=17.8607,=6.9613,=0.1179,=5.9830,=7.2927,=9.8375,=13.6521,=24.8964,=0.0833,=0.2121,=0.1013,=0.0439,=7667
="000126",消费50,2011-12-09,=-0.0062,=7086.7600,=-0.1476,=19.9846,=0.1653,=15.1608,=20.3024,=22.8714,=32.8709,=57.2206,=2.6274,=0.0400,=2.2360,=3.0006,=3.4009,=4.8666,=7.3797,=1.5512,=0.3631,=0.9155,=1.2400,=1.8265,=2.6426,=3.8011,=0.0406,=0.1407,=0.0455,=0.0335,=79
="399987",中证酒,2014-12-10,=-0.0215,=4132.5600,=-0.1731,=19.9992,=0.1245,=16.5000,=21.4695,=30.5259,=38.5048,=71.4257,=3.7175,=0.0045,=3.4910,=4.9090,=6.4707,=8.9992,=15.9495,=6.1738,=0.1183,=5.0388,=6.4799,=8.3127,=11.8299,=21.4371,=0.0789,=0.2043,=0.0944,=0.0429,=2747
="931142",东证竞争,2019-03-20,=0.0139,=2028.1400,=0.0900,=20.0606,=0.9252,=9.8569,=11.9117,=13.9687,=15.8504,=27.8877,=2.9873,=0.8608,=1.5408,=1.7299,=2.0635,=2.5547,=4.6703,=3.0241,=0.9430,=0.9384,=1.2683,=1.6504,=2.2314,=3.1903,=0.0415,=0.1629,=0.0397,=0.0234,=212
="000036",上证消费,2009-01-09,=-0.0122,=9727.3200,=-0.1036,=20.1035,=0.0107,=18.1662,=23.5171,=31.6699,=40.5919,=69.3963,=4.2253,=0.0907,=3.4894,=5.2254,=6.5393,=9.2057,=14.9810,=4.3533,=0.2716,=1.7238,=3.7641,=4.8721,=7.3411,=10.9001,=0.0773,=0.2393,=0.0858,=0.0382,=2305
="931067",绩优策略,2018-02-14,=0.0233,=8439.0300,=0.1095,=20.1247,=0.6340,=10.5807,=14.6642,=18.5497,=27.0258,=44.0015,=5.3885,=0.5990,=3.5566,=4.2822,=5.0089,=7.5897,=11.8571,=3.2664,=0.6650,=2.1909,=2.5237,=2.8604,=5.0641,=8.6201,=0.0562,=0.2359,=0.0578,=0.0195,=24
="000811",细分有色,2012-04-11,=0.0337,=11768.7800,=0.0347,=20.2009,=0.3034,=13.5118,=17.9724,=30.5992,=58.3612,=312.9068,=3.3281,=0.8809,=1.7438,=2.0869,=2.5583,=3.1308,=4.8073,=1.3167,=0.9237,=0.6338,=0.7856,=0.9038,=1.1826,=1.9173,=0.0611,=0.1531,=0.0352,=0.0145,=183
="399438",绿色电力,2014-12-30,=0.0057,=2269.1200,=0.1395,=20.2112,=0.6447,=13.5016,=16.2785,=18.9842,=22.0380,=41.2289,=1.8945,=0.7399,=1.2516,=1.5034,=1.7916,=1.9308,=2.3077,=2.2934,=0.9720,=1.1906,=1.4256,=1.8160,=2.0399,=3.6995,=0.0222,=0.0881,=0.0248,=0.0255,=198
="930939",500质量,2018-11-21,=0.0157,=23799.0200,=0.1211,=20.3805,=0.8811,=10.4098,=13.9226,=15.8784,=19.0459,=27.8330,=2.3596,=0.7214,=1.6614,=2.0646,=2.2273,=2.4991,=3.9191,=1.9576,=0.9047,=0.9583,=1.1937,=1.4389,=1.7891,=2.9319,=0.0308,=0.1144,=0.0291,=0.0186,=457
="000931",中证可选,2009-07-03,=0.0008,=5703.5400,=-0.0822,=20.3834,=0.5338,=12.9961,=17.9588,=20.2072,=26.0964,=47.1695,=2.1799,=0.2185,=1.6991,=2.1475,=2.5039,=2.8197,=3.7874,=1.0376,=0.2733,=0.7260,=0.9756,=1.1219,=1.2835,=1.9265,=0.0252,=0.1143,=0.0305,=0.0257,=841
="399395",国证有色,2012-10-29,=0.0375,=10142.3100,=0.0487,=20.4610,=0.3149,=12.7731,=17.8787,=29.6993,=56.8042,=326.9035,=3.4116,=0.9225,=1.7304,=2.0833,=2.5070,=3.0699,=4.8522,=1.3612,=0.9551,=0.6150,=0.7945,=0.9086,=1.1686,=1.9521,=0.0618,=0.1543,=0.0354,=0.0145,=660
="000807",食品饮料,2012-02-17,=-0.0144,=16031.9300,=-0.1232,=20.4891,=0.1096,=16.7498,=22.2152,=30.4181,=37.6314,=67.1514,=3.6786,=0,=3.6786,=4.7788,=6.2626,=8.2580,=14.6770,=4.1660,=0.1043,=3.4188,=4.5267,=5.6630,=7.6740,=12.7454,=0.0738,=0.1953,=0.0849,=0.0410,=4260
="931892",有色矿业,2013-07-15,=0.0348,=4173.4500,=0.0522,=20.5025,=0.2811,=13.1272,=18.8191,=31.9856,=57.9759,=131.9594,=3.6212,=0.9361,=1.7020,=2.1352,=2.5169,=3.1505,=5.3430,=1.3714,=0.9225,=0.6092,=0.7896,=0.9202,=1.2150,=2.0391,=0.0653,=0.1630,=0.0363,=0.0132,=184
="000819",有色金属,2012-05-09,=0.0363,=9784.7900,=0.0473,=20.5625,=0.3211,=12.4710,=17.7541,=29.4262,=56.7906,=723.5976,=3.4884,=0.8912,=1.7791,=2.1409,=2.6247,=3.2432,=4.9698,=1.3831,=0.9122,=0.6317,=0.8246,=0.9661,=1.2764,=1.9863,=0.0625,=0.1569,=0.0361,=0.0148,=1952
="932420",智选船舶产业,2025-05-28,=0.0064,=1622.5500,=0.1227,=20.7506,=0.9333,=12.9248,=13.9720,=16.0855,=19.2729,=21.8048,=1.4111,=0.8000,=1.1414,=1.2349,=1.2815,=1.4111,=1.5726,=1.0351,=0.7917,=0.8043,=0.8695,=0.9317,=1.0418,=1.1519,=0.0198,=0.0735,,=0.0246,=10
="000815",细分食品,2012-04-11,=-0.0141,=16281.0500,=-0.1309,=20.7799,=0.1270,=16.6089,=22.2545,=30.6783,=37.4251,=68.5596,=3.6076,=0,=3.6076,=4.7465,=6.1935,=8.2709,=14.7926,=4.6031,=0.0989,=3.7606,=4.9232,=6.1109,=8.3455,=14.4971,=0.0708,=0.1902,=0.0845,=0.0403,=759
="000912",300消费,2007-07-02,=-0.0164,=18061.0300,=-0.1294,=20.8257,=0.1352,=17.5697,=22.8036,=28.6926,=38.6920,=71.0374,=3.4948,=0.0041,=3.3949,=4.6667,=6.3986,=8.3233,=13.2137,=2.7213,=0.0561,=1.8902,=3.1975,=4.1911,=5.5033,=9.3193,=0.0602,=0.1878,=0.0812,=0.0415,=782
="HSTECH",恒生科技指数,2020-07-01,=0.0211,=4869.5700,=-0.1172,=20.8610,=0.1192,=14.7293,=21.7998,=27.1915,=42.1559,=73.7725,=2.4747,=0.2671,=1.7280,=2.3777,=2.8245,=3.7932,=8.3408,=1.6208,=0.0927,=1.2545,=1.7384,=2.0472,=3.2061,=6.6932,,=0.1184,,=0.0124,=7060
="399990",煤炭等权,2015-01-21,=-0.0051,=3300.0800,=0.1489,=20.8766,=0.8953,=5.7123,=8.6087,=10.6441,=15.5128,=3433.4450,=1.6679,=0.8784,=0.8179,=1.1178,=1.3590,=1.5975,=2.0135,=1.8962,=0.9810,=0.6732,=0.9175,=1.1215,=1.4578,=2.0936,=0.0229,=0.0912,=0.0239,=0.0321,=243
="399998",中证煤炭,2015-02-13,=-0.0091,=2267.0900,=0.1498,=20.8766,=0.8953,=5.7123,=8.6087,=10.6441,=15.5128,=3433.4450,=1.6679,=0.8784,=0.8179,=1.1178,=1.3590,=1.5975,=2.0135,=1.8962,=0.9810,=0.6732,=0.9175,=1.1215,=1.4578,=2.0936,=0.0229,=0.0912,=0.0239,=0.0321,=2073
="930708",中证有色,2015-07-13,=0.0332,=3236.3900,=0.0493,=20.8896,=0.3137,=13.9228,=18.4062,=31.0140,=59.0101,=425.7934,=3.3112,=0.8735,=1.7134,=2.0956,=2.5617,=3.1474,=4.7639,=1.2323,=0.8475,=0.6123,=0.7796,=0.8963,=1.1954,=1.7984,=0.0592,=0.1479,=0.0346,=0.0140,=512
="000910",300工业,2007-07-02,=0.0041,=2651.6900,=0.0485,=20.9858,=0.7230,=12.1074,=14.2223,=18.6708,=21.7507,=26.7473,=1.7611,=0.4810,=1.2960,=1.5013,=1.7777,=2.0927,=2.8598,=0.8454,=0.9110,=0.4726,=0.5803,=0.6991,=0.8039,=1.0995,=0.0196,=0.0738,=0.0177,=0.0203,=15
="931481",SHS线上消费,2020-05-06,=-0.0014,=937.3300,=-0.1549,=20.9977,=0.0556,=17.8858,=23.8478,=30.2959,=47.1935,=121.3257,=2.6312,=0.0124,=2.4540,=3.1647,=3.5682,=5.5852,=9.8961,=2.7132,=0.1603,=2.0492,=2.8370,=3.3166,=4.3980,=7.8524,,=0.1066,,=0.0102,=63
="399396",国证食品,2012-10-29,=-0.0137,=15253.8500,=-0.1269,=21.0857,=0.1051,=17.1702,=22.2895,=30.0923,=37.3108,=66.0937,=3.4677,=0,=3.4677,=4.6006,=6.1023,=7.6300,=14.3214,=3.5053,=0.0066,=3.3405,=3.9721,=5.0525,=6.2477,=12.4529,=0.0671,=0.1761,=0.0767,=0.0395,=1608
="931442",SHS科技100,2020-04-21,=0.0145,=9796.0900,=-0.0899,=21.1718,=0.6156,=11.6240,=15.0563,=19.5391,=24.9558,=40.7731,=2.6731,=0.5175,=1.5813,=1.9722,=2.6055,=4.1353,=6.9092,=1.6336,=0.4273,=1.0913,=1.4326,=1.7416,=2.6006,=5.0819,,=0.1199,,=0.0131,=26
="399377",小盘价值,2010-01-04,=0.0073,=7946.0200,=0.0323,=21.2521,=0.8422,=9.8385,=13.2773,=15.1889,=19.9040,=34.2299,=1.3321,=0.6724,=0.8997,=1.0824,=1.2375,=1.8401,=2.1990,=0.8024,=0.6020,=0.4594,=0.5454,=0.7127,=1.2819,=1.8295,=0.0183,=0.0578,=0.0162,=0.0238,=625
="HSIII",恒生互联网科技业指数,2020-07-20,=0.0134,=2422.9500,=-0.1749,=21.2779,=0.1478,=12.6629,=22.6575,=35.1393,=47.7236,=309808.9839,=2.4787,=0.1429,=1.7026,=2.6125,=4.2378,=6.1155,=8.5704,=1.9163,=0.1340,=1.1940,=2.0203,=2.4286,=3.5794,=5.1261,,=0.1194,,=0.0100,=2005
="399372",大盘成长,2010-01-04,=0.0164,=5756.9500,=0.0922,=21.3436,=0.6323,=13.0565,=16.9966,=20.3059,=25.3722,=45.9159,=3.1198,=0.5528,=1.9139,=2.4989,=3.0066,=5.3725,=9.5601,=2.0126,=0.2593,=1.2183,=1.8035,=2.6232,=3.4508,=6.6651,=0.0399,=0.1447,=0.0379,=0.0209,=313
="930641",中证中药,2015-05-19,=-0.0055,=8554.3600,=-0.1009,=21.3701,=0.0433,=17.1921,=24.3004,=29.0548,=32.8246,=45.5431,=1.9696,=0,=1.9696,=2.5033,=2.9881,=3.5585,=4.1073,=2.1555,=0.0021,=2.1155,=2.4562,=2.8512,=3.6632,=4.5776,=0.0326,=0.0928,=0.0347,=0.0375,=858
="930782",500SNLV,2016-02-04,=0.0172,=20172.3100,=0.0734,=21.4321,=0.6224,=13.0617,=17.6555,=20.0532,=25.4400,=34.2656,=1.7372,=0.7514,=1.0996,=1.3464,=1.4745,=1.9052,=2.6374,=1.3628,=0.7650,=0.5914,=0.8056,=0.8891,=1.5072,=2.0883,=0.0229,=0.0820,=0.0170,=0.0208,=1370
="930625",SHS互联网,2015-04-21,=-0.0018,=2526.6500,=-0.1677,=21.6136,=0.0191,=18.9097,=27.4576,=35.6086,=51.7630,=84.5605,=2.7654,=0.0048,=2.6129,=3.5121,=4.9863,=6.6795,=9.2961,=2.7317,=0.0060,=2.4953,=3.4983,=4.4187,=5.8993,=8.7946,,=0.1125,,=0.0093,=320
="000932",中证消费,2009-07-03,=-0.0133,=13093.3400,=-0.1413,=21.6855,=0.1410,=18.2526,=23.6600,=29.2748,=38.6663,=67.7039,=3.3284,=0,=3.3284,=4.2722,=5.3620,=7.0320,=11.1990,=2.5590,=0.0569,=1.9505,=2.9557,=3.5969,=4.6842,=7.7724,=0.0540,=0.1726,=0.0732,=0.0392,=12328
="931000",大湾区,2017-07-19,=0.0278,=1941.1700,=0.0974,=21.7490,=0.9818,=11.8370,=14.5083,=16.1980,=18.8873,=23.4463,=2.0695,=0.5009,=1.3750,=1.7618,=2.0690,=2.5532,=3.2666,=1.6267,=0.5849,=1.1015,=1.3314,=1.5576,=1.8732,=2.5221,=0.0236,=0.0809,=0.0227,=0.0216,=13
="930938",500成长估值,2018-12-04,=0.0177,=5145.0500,=0.1094,=21.7622,=0.9110,=9.4780,=13.0802,=16.7643,=19.6143,=30.3577,=2.2533,=0.7347,=1.4489,=1.8679,=2.1169,=2.2927,=3.6765,=1.4517,=0.7536,=0.6916,=0.9038,=1.1661,=1.6010,=2.2515,=0.0254,=0.1028,=0.0163,=0.0188,=70
="930653",CS食品饮,2015-06-05,=-0.0117,=13300.8300,=-0.1188,=22.0705,=0.1208,=17.6031,=23.1307,=31.2745,=38.3114,=65.8842,=3.3570,=0,=3.3570,=4.4401,=5.7098,=7.1300,=12.9907,=3.3189,=0.0099,=3.0169,=3.8357,=4.7658,=5.8503,=11.4166,=0.0615,=0.1583,=0.0705,=0.0378,=893
="HSSCT",恒生港股通中国科技指数,2020-02-01,=0.0299,=6636.4300,=-0.1153,=22.0923,=0.2099,=15.0039,=22.0008,=24.9537,=33.2551,=55.7647,=2.7079,=0.2608,=1.8368,=2.6443,=3.0540,=4.7109,=8.0840,=2.2592,=0.4417,=1.1354,=1.8376,=2.3392,=3.2191,=6.0217,,=0.1166,,=0.0084,=89
="HSSCITI",恒生港股通科技主题指数,2023-07-01,=0.0265,=2599.7700,=-0.1080,=22.0930,=0.2542,=15.2810,=21.1382,=23.9540,=27.0209,=33.8690,=2.7277,=0.1836,=2.1914,=2.7386,=2.9622,=3.4246,=4.1810,=2.2620,=0.5749,=1.5305,=1.8377,=2.1045,=2.7822,=3.5648,,,,=0.0085,=76
="000929",中证材料,2009-07-03,=0.0287,=4637.0900,=0.0390,=22.0947,=0.6678,=9.9126,=14.1083,=19.5212,=25.4490,=1406.2094,=2.4697,=0.9040,=1.3680,=1.6188,=1.8959,=2.2747,=3.1607,=1.2512,=0.8821,=0.6315,=0.7658,=0.8824,=1.1804,=1.5845,=0.0399,=0.1037,=0.0230,=0.0162,=523
="000990",全指消费,2011-08-02,=-0.0142,=10973.7300,=-0.1380,=22.1939,=0.1517,=18.6483,=24.0190,=30.8289,=39.1217,=75.7240,=3.3088,=0,=3.3088,=4.0950,=4.9942,=6.2867,=9.6579,=2.5880,=0.0989,=2.0430,=2.7715,=3.3214,=4.0947,=6.6514,=0.0524,=0.1676,=0.0712,=0.0381,=3840
="000069",消费80,2010-05-28,=-0.0109,=4350.5400,=-0.1137,=22.3738,=0.2143,=16.4356,=22.2809,=24.9027,=33.0497,=60.5019,=2.8115,=0.0338,=2.4642,=3.1936,=3.5464,=4.8097,=7.6372,=1.7209,=0.3871,=1.0743,=1.4701,=1.9152,=2.7436,=3.8795,=0.0378,=0.1324,=0.0420,=0.0265,=931
="931027",港股通大消费,2017-11-06,=0.0003,=2847.5200,=-0.0874,=22.4234,=0.3414,=14.6383,=20.4223,=25.5588,=51.8424,=105.3721,=2.6768,=0.1097,=2.2514,=2.8781,=3.2530,=4.3778,=9.1499,=1.5843,=0.3405,=1.0973,=1.4397,=1.7774,=2.5057,=5.7985,,=0.1064,,=0.0213,=43
="HSSCNE",恒生港股通新经济指数,2018-01-08,=0.0140,=3798.7400,=-0.1159,=22.4393,=0.3290,=15.8046,=20.6717,=24.1383,=28.5501,=53.5009,=2.7765,=0.4624,=1.7963,=2.2460,=2.8367,=3.4831,=6.9059,=1.9379,=0.4372,=1.4023,=1.7279,=2.0084,=2.5640,=5.3019,,=0.1233,,=0.0100,=206
="931140",医药50,2019-03-20,=-0.0105,=9565.8900,=-0.0695,=22.4909,=0.0017,=22.2180,=25.6264,=28.8413,=43.4897,=67.0844,=3.2481,=0,=3.2481,=4.2607,=4.9908,=7.4715,=10.9696,=4.2484,=0.0742,=3.4950,=4.6333,=5.2140,=7.1732,=12.1248,=0.0393,=0.1515,=0.0402,=0.0201,=1186
="000963",中证下游,2010-04-16,=-0.0083,=5240.2300,=-0.0824,=22.8013,=0.2696,=17.2626,=22.3460,=25.2878,=33.1012,=51.0836,=2.2300,=0.0025,=2.1972,=2.5973,=3.0763,=3.4358,=5.6334,=1.4900,=0.0668,=1.2209,=1.6186,=1.7734,=2.0795,=3.4797,=0.0267,=0.0958,=0.0301,=0.0289,=28
="000989",全指可选,2011-08-02,=0.0009,=5219.1600,=-0.0669,=22.8029,=0.3792,=14.8205,=20.3758,=24.4721,=30.9883,=46.1708,=2.2526,=0.2609,=1.6599,=2.1306,=2.5145,=2.8504,=3.3093,=1.0522,=0.2457,=0.8200,=1.0153,=1.1725,=1.4564,=1.7628,=0.0237,=0.1045,=0.0284,=0.0234,=1293
="931484",CS医药创新,2020-05-06,=-0.0126,=1304.4600,=-0.1003,=22.9596,=0.1399,=18.2098,=24.3273,=27.5646,=47.7021,=86.1757,=3.7550,=0.0184,=3.3236,=4.5921,=5.4685,=11.4947,=17.5605,=5.0776,=0.0908,=3.7485,=5.6001,=6.5930,=11.3628,=20.8272,=0.0424,=0.1752,=0.0382,=0.0175,=385
="000985",中证全指,2011-08-02,=0.0174,=6479.3700,=0.0947,=22.9939,=0.9942,=12.6044,=15.9637,=17.6538,=20.1824,=23.7678,=1.8732,=0.6641,=1.2581,=1.5484,=1.7144,=1.9631,=2.1557,=1.7568,=0.9423,=1.0381,=1.2268,=1.3875,=1.6447,=1.8438,=0.0216,=0.0749,=0.0212,=0.0188,=644
="930903",中证A股,2016-10-18,=0.0174,=4464.4100,=0.0938,=23.2687,=0.9939,=12.9620,=16.2358,=17.7301,=20.4927,=23.9679,=1.8785,=0.6769,=1.2607,=1.5522,=1.7038,=1.9481,=2.2108,=1.7594,=0.9562,=1.0406,=1.2302,=1.3734,=1.6287,=1.9264,=0.0216,=0.0748,=0.0212,=0.0187,=8
="931470",SHS云计算,2020-04-21,=0.0259,=4042.2800,=0.0958,=23.4238,=0.3662,=13.2694,=19.8895,=25.1850,=31.3805,=62.1875,=3.5071,=0.2351,=2.5281,=3.4409,=3.9189,=5.8701,=9.6099,=3.8014,=0.1584,=2.7843,=3.8767,=4.5016,=6.4918,=10.5654,,=0.1294,,=0.0076,=33
="931573",HKC科技,2014-05-21,=0.0189,=2984.3800,=-0.0796,=23.4483,=0.1407,=18.3272,=24.2660,=28.6119,=40.1598,=82.7075,=3.0672,=0.2500,=2.3269,=2.9476,=3.3474,=4.2819,=10.6583,=1.9662,=0.1976,=1.5041,=1.9694,=2.3141,=3.4121,=8.3359,,=0.1200,,=0.0095,=282
="931755",SEEE碳中和,2021-10-21,=0.0138,=2129.3200,=0.0139,=23.8620,=0.7167,=13.4966,=17.4164,=21.1625,=24.8294,=29.4214,=2.4447,=0.5685,=1.7561,=1.9622,=2.3820,=2.7521,=3.9105,=1.3971,=0.7297,=0.8856,=1.0342,=1.2184,=1.4455,=2.3046,=0.0267,=0.0916,=0.0211,=0.0173,=142
="1000002",A股全指,1994-01-01,=0.0174,=6479.3702,=0.0947,=23.9082,=0.9823,=12.9500,=16.6929,=18.4846,=21.3453,=25.0020,=1.9032,=0.6356,=1.2633,=1.5740,=1.7419,=2.0169,=2.1910,=1.7797,=0.9439,=1.0499,=1.2419,=1.3989,=1.6666,=1.9034,=0.0215,=0.0745,=0.0211,=0.0184,=7886
="399370",国证成长,2010-01-04,=0.0181,=5729.2700,=0.1311,=23.9398,=0.7209,=14.0104,=18.8056,=21.5314,=25.7184,=39.9195,=3.2615,=0.6645,=1.9695,=2.5703,=2.9629,=4.0447,=6.0628,=2.0852,=0.5041,=1.2188,=1.6926,=2.0825,=2.8022,=3.4917,=0.0375,=0.1344,=0.0327,=0.0182,=109
="000813",细分化工,2012-04-11,=0.0158,=4030.4900,=0.0571,=24.0046,=0.6599,=11.4329,=16.5252,=21.9349,=28.6491,=42.1751,=2.6328,=0.5049,=1.6736,=2.0410,=2.6200,=3.1017,=4.9148,=1.5081,=0.5503,=0.8896,=1.1114,=1.4051,=1.9668,=3.1071,=0.0394,=0.0961,=0.0234,=0.0147,=940
="987008",港股通科技,2021-03-08,=0.0110,=2626.3409,=-0.1274,=24.0143,=0.1888,=16.3992,=24.1314,=27.4087,=34.1347,=63.8758,=2.7247,=0.0749,=2.3408,=2.9779,=3.4314,=3.9938,=8.4842,=2.2505,=0.0515,=1.9635,=2.6430,=2.9921,=3.8760,=8.7605,,=0.0980,,=0.0072,=80
="931588",1000价值稳健,2020-11-09,=0.0039,=35311.6500,=-0.0148,=24.3961,=0.9894,=12.8074,=16.6722,=18.4558,=20.5184,=25.6024,=1.3170,=0.2662,=1.0253,=1.2748,=1.4396,=1.5637,=1.9102,=0.6531,=0.6935,=0.4756,=0.5520,=0.6275,=0.6883,=0.8427,=0.0162,=0.0641,=0.0212,=0.0254,=105
="000904",中证200,2007-01-15,=0.0241,=6330.6900,=0.1205,=24.4539,=0.9868,=11.9474,=14.9318,=16.7782,=19.2650,=28.5236,=2.0336,=0.7411,=1.2748,=1.5010,=1.7461,=2.0662,=2.3407,=1.4775,=0.5548,=1.0540,=1.2917,=1.4321,=1.6943,=2.1135,=0.0231,=0.0739,=0.0238,=0.0208,=721
="931166",医药健康100,2019-04-25,=-0.0074,=3762.1500,=-0.0673,=24.6298,=0.4396,=17.5935,=22.2856,=26.0900,=36.4533,=58.5515,=3.1636,=0.0881,=2.7671,=3.3816,=4.2526,=5.9137,=8.5226,=3.9591,=0.5558,=2.1887,=3.0459,=3.7583,=4.4774,=6.8190,=0.0346,=0.1325,=0.0321,=0.0171,=399
="931574",港股科技,2013-05-21,=0.0168,=1609.2800,=-0.0834,=24.6965,=0.3403,=16.3025,=22.7338,=27.5817,=42.9870,=59.3282,=2.9377,=0.4809,=1.8790,=2.5026,=2.9630,=3.6019,=8.1693,=1.7980,=0.2932,=1.3201,=1.6641,=1.9790,=2.8644,=5.7490,,=0.1080,,=0.0099,=266
="000930",中证工业,2009-07-03,=0.0082,=3776.8600,=0.0768,=25.2670,=0.8788,=13.1747,=16.3715,=20.2887,=23.9759,=30.4087,=1.9810,=0.6142,=1.3752,=1.5614,=1.8670,=2.1245,=2.6342,=0.9452,=0.9031,=0.5311,=0.6373,=0.7618,=0.8827,=1.0502,=0.0191,=0.0679,=0.0169,=0.0173,=323
="H30015",800汽车,2012-12-21,=0.0027,=9080.3300,=-0.0976,=25.3087,=0.6344,=11.4503,=15.2602,=22.6028,=31.8612,=45.6288,=2.1040,=0.3838,=1.3220,=1.7482,=2.1820,=2.4572,=3.4622,=0.9006,=0.5651,=0.5106,=0.6736,=0.8538,=1.0480,=1.4573,=0.0155,=0.0922,=0.0213,=0.0147,=188
="000987",全指材料,2011-08-02,=0.0297,=5316.0200,=0.0609,=25.4959,=0.6892,=11.8534,=16.4330,=21.1329,=28.5122,=1313.4345,=2.4809,=0.7770,=1.3547,=1.6741,=2.0388,=2.5042,=3.3213,=1.2492,=0.7106,=0.6546,=0.8399,=1.0192,=1.3558,=1.7398,=0.0340,=0.0892,=0.0206,=0.0146,=387
="931752",工程机械主题,2021-09-27,=0.0217,=2747.3400,=0.0898,=25.8097,=0.9448,=13.6456,=18.4472,=21.1312,=24.3329,=27.9581,=2.3057,=0.9501,=1.2593,=1.5727,=1.7080,=2.1127,=2.6511,=1.4231,=0.9412,=0.7133,=0.9137,=1.0121,=1.2584,=1.6462,=0.0241,=0.0958,=0.0272,=0.0191,=91
="399365",国证粮食,2009-11-04,=0.0080,=12678.2900,=-0.0642,=25.9811,=0.4365,=13.3311,=20.2221,=27.2911,=35.2364,=54.5886,=2.2542,=0.2580,=1.6393,=2.0688,=4.1048,=6.4747,=11.3501,=0.9140,=0.2881,=0.5961,=0.8022,=3.1476,=4.6104,=8.7065,=0.0232,=0.0838,=0.0244,=0.0176,=64
="399702",深证F120,2010-05-10,=0.0130,=7690.9000,=0.0152,=26.0108,=0.9786,=12.6034,=17.7484,=20.6395,=22.4430,=28.8861,=2.1481,=0.3722,=1.5963,=1.9867,=2.2131,=2.6272,=3.5867,=1.3752,=0.5738,=0.8721,=1.1406,=1.3243,=1.5883,=2.2308,=0.0250,=0.0726,=0.0233,=0.0223,=1428
="399814",大农业,2014-07-22,=0.0013,=1119.3900,=-0.0664,=26.0218,=0.3438,=17.8693,=23.5206,=28.6015,=32.9097,=111.7688,=2.8192,=0.1022,=2.4368,=2.9382,=3.3259,=4.3740,=6.4483,=1.5860,=0.2683,=1.2031,=1.5092,=1.8437,=2.3352,=3.7145,=0.0257,=0.1209,=0.0380,=0.0260,=768
="930794",中美互联网,2016-04-22,,,=-0.1095,=26.0574,=0.0771,=21.6222,=27.9974,=32.4589,=38.0931,=50.5410,=6.2846,=0.3661,=3.5920,=5.7048,=6.5708,=7.5414,=9.2259,=5.0274,=0.5744,=2.2940,=3.8795,=4.8487,=5.5740,=7.0802,,=0.2458,,=0.0026,=422
="399701",深证F60,2010-05-10,=0.0111,=7912.5800,=-0.0036,=26.5355,=0.9843,=12.1841,=16.9143,=19.7046,=22.0341,=29.1141,=2.0252,=0.2106,=1.6712,=2.0159,=2.1827,=2.5392,=3.7270,=1.3358,=0.4328,=1.0125,=1.2363,=1.3649,=1.5636,=2.4139,=0.0232,=0.0664,=0.0243,=0.0245,=1678
="399374",中盘成长,2010-01-04,=0.0218,=5428.5800,=0.1875,=26.8494,=0.7383,=12.0664,=16.7038,=22.9706,=27.5418,=33.1996,=3.5566,=0.7374,=1.8942,=2.4100,=3.1270,=3.6257,=4.3864,=2.4659,=0.7840,=0.9013,=1.6610,=2.2047,=2.4937,=3.0605,=0.0366,=0.1248,=0.0238,=0.0149,=201
="399617",深证消费,2011-06-15,=-0.0152,=7612.2700,=-0.1761,=26.8922,=0.5297,=15.3450,=22.1455,=26.5976,=32.2918,=1768.1548,=2.4050,=0,=2.4050,=3.3476,=4.2569,=5.7490,=9.2732,=1.4323,=0,=1.4323,=1.8879,=2.4646,=3.6985,=6.3240,=0.0294,=0.1055,=0.0582,=0.0376,=368
="000969",300非周,2010-05-28,=0.0184,=5977.5600,=0.1225,=27.5260,=0.8384,=15.9839,=20.5776,=22.5085,=25.7938,=38.7203,=2.8554,=0.6117,=2.0789,=2.4818,=2.7742,=3.1883,=4.9189,=1.5882,=0.8190,=0.8921,=1.1499,=1.2807,=1.5417,=2.2463,=0.0251,=0.0964,=0.0261,=0.0194,=86
="931524",SHS科技龙头,2020-07-16,=0.0286,=2889.0900,=0.0749,=27.6729,=0.5920,=18.9033,=23.4657,=26.5630,=35.7769,=59.9125,=3.6399,=0.4716,=2.7731,=3.2878,=3.6683,=5.1798,=9.0190,=2.7194,=0.5873,=1.6886,=2.2557,=2.5419,=4.2645,=7.2475,,=0.1133,,=0.0085,=218
="931829",中证回购,2023-10-17,=0.0232,=2581.2600,=0.1169,=27.8539,=0.5653,=16.8171,=21.6839,=25.6159,=35.0425,=40.4937,=2.2810,=0.9745,=1.3801,=1.5597,=1.7304,=1.9480,=2.3571,=0.9699,=0.2309,=0.7604,=0.9633,=1.0245,=1.1686,=1.4917,=0.0242,=0.0495,=0.0133,=0.0265,=38
="931403",品牌工程,2020-01-14,=0.0098,=2173.0700,=0.1007,=27.8845,=0.4323,=18.7149,=23.9673,=29.4966,=44.1038,=69.9724,=4.0954,=0.2708,=3.2380,=4.0099,=5.0762,=7.7217,=10.9810,=3.2428,=0.4245,=2.2604,=2.9213,=3.3843,=4.8138,=7.2001,=0.0453,=0.1433,=0.0461,=0.0211,=116
="1000008",沪深B股,1994-01-10,=0.0076,=279.1900,=0.1000,=28.1233,=0.7580,=7.0835,=12.9417,=17.5155,=30.7740,=97.5837,=0.7939,=0.2696,=0.6594,=0.7810,=0.8531,=1.0721,=1.4976,=0.5412,=0.6298,=0.3777,=0.4474,=0.5017,=0.5947,=1.1545,,,=0.0134,=0.0387,=371
="399989",中证医疗,2014-10-31,=-0.0112,=6387.6500,=-0.0551,=28.1450,=0.1134,=22.9032,=30.0492,=40.2352,=60.6146,=114.3753,=3.0908,=0.0099,=2.8697,=3.8638,=5.5061,=8.1687,=13.4814,=5.2987,=0.1022,=4.3528,=5.6741,=6.5840,=9.4594,=17.4163,=0.0284,=0.1137,=0.0290,=0.0140,=8425
=".INX",标普500,1957-03-04,=0.0037,=7473.4700,=0.0917,=28.3709,=0.7820,=15.6907,=21.8433,=24.0396,=28.6112,=42.9883,=5.5961,=0.9984,=2.4601,=3.2245,=3.9385,=4.7381,=5.6265,=3.6004,=0.9996,=1.5801,=2.0833,=2.3682,=3.0307,=3.6244,,,=0.0468,=0.0098,=9080
="HSBIO",恒生生物科技指数,2019-12-01,=0.0006,=13632.0700,=-0.0385,=28.6464,=0.1023,=20.8275,=30.8969,=62.8378,=139.5234,=62737.8398,=2.8644,=0.4821,=1.5084,=2.1456,=2.9168,=4.4567,=6.7821,=1.6074,=0.5574,=0.7434,=1.0903,=1.5352,=2.1566,=3.5303,,=0.1070,,=0.0115,=662
="HSSI",恒生综合小型股指数,2001-10-03,=0.0098,=1577.6200,=0.0046,=28.6969,=0.8819,=7.3220,=11.0812,=16.4113,=26.1671,=83.7574,=1.1281,=0.7284,=0.5652,=0.7237,=0.9816,=1.1647,=1.4185,=0.7480,=0.5859,=0.3459,=0.4532,=0.6975,=0.9205,=1.2872,,,,=0.0247,=126
="931526",企业核心竞争力50,2020-08-24,=0.0159,=1354.2400,=0.0330,=28.7304,=0.7063,=13.8510,=17.2580,=22.9326,=30.1179,=51.8267,=4.1831,=0.5558,=1.7937,=3.0818,=4.0681,=6.8325,=10.8733,=3.4904,=0.5479,=0.9066,=1.4968,=3.4326,=4.5557,=7.9459,=0.0371,=0.1485,=0.0461,=0.0138,=86
="931008",汽车指数,2013-07-15,=0.0038,=10645.3300,=-0.1112,=28.9060,=0.6145,=12.0130,=17.4375,=26.1846,=36.2767,=55.3660,=2.2099,=0.4841,=1.1809,=1.5368,=2.2204,=2.4592,=3.4286,=0.9410,=0.5375,=0.4315,=0.5510,=0.9136,=1.0544,=1.4087,=0.0152,=0.0829,=0.0208,=0.0143,=478
="000988",全指工业,2011-08-02,=0.0111,=4499.1300,=0.0899,=28.9410,=0.7725,=13.7285,=19.3778,=24.0584,=29.4685,=37.6625,=2.1389,=0.6253,=1.3866,=1.6512,=2.0227,=2.4483,=2.7728,=1.0126,=0.7102,=0.5551,=0.7455,=0.9045,=1.0748,=1.3765,=0.0185,=0.0650,=0.0170,=0.0155,=234
="000941",新能源,2009-10-28,=0.0134,=2963.0400,=0.1512,=28.9671,=0.4918,=10.2578,=20.0248,=29.2178,=37.6508,=57.4660,=3.6657,=0.7774,=1.8262,=2.2548,=2.9501,=3.8432,=8.1424,=2.9277,=0.7914,=1.2704,=1.5650,=2.2616,=2.9597,=7.0320,=0.0322,=0.1201,=0.0313,=0.0137,=2454
="000936",中证电信,2009-07-03,=0.0324,=13327.4200,=0.3407,=28.9872,=0.5688,=14.1836,=20.2178,=26.5947,=41.2993,=123.1725,=2.6531,=0.7172,=1.2149,=1.7612,=2.3214,=2.7749,=3.6232,=2.5878,=0.9967,=0.7463,=1.0124,=1.2467,=1.7881,=2.6848,=0.0215,=0.0913,=0.0219,=0.0221,=332
="000907",中证700,2007-01-15,=0.0213,=7347.9000,=0.1351,=29.1243,=0.9893,=13.5964,=17.1394,=19.5530,=24.0457,=35.6383,=2.2567,=0.8392,=1.3201,=1.5883,=1.8281,=2.2192,=2.5821,=1.6081,=0.7931,=0.9663,=1.1767,=1.3274,=1.6159,=1.9854,=0.0223,=0.0692,=0.0213,=0.0168,=265
="931590",500成长创新,2020-11-09,=0.0183,=30648.8500,=0.1286,=29.2726,=0.9179,=14.5054,=17.7437,=20.0742,=26.6981,=32.9124,=3.3569,=0.8646,=1.6442,=2.3219,=2.6359,=3.2687,=3.8320,=3.4035,=0.9810,=1.3106,=1.9734,=2.2722,=2.6670,=3.6034,=0.0292,=0.1277,=0.0317,=0.0126,=89
="931239",港股通汽车,2022-07-21,=0.0207,=2318.0700,=0.0024,=29.3805,=0.9638,=12.1049,=14.2245,=16.6032,=22.4389,=31.4216,=3.2620,=0.9504,=1.2076,=1.4292,=1.5657,=2.0775,=3.5989,=1.6315,=0.9544,=0.6024,=0.6821,=0.7497,=1.0363,=1.7776,,=0.1152,,=0.0131,=48
="931747",中证储能,2021-10-15,=0.0110,=9162.2700,=0.1502,=29.5187,=0.5983,=16.6670,=22.1395,=27.7739,=53.7203,=124.6415,=4.8224,=0.5480,=3.1109,=3.9333,=4.6546,=7.0051,=12.5394,=2.4635,=0.6440,=1.2712,=1.6956,=2.2671,=3.7892,=8.7019,=0.0355,=0.1665,=0.0400,=0.0123,=126
="HSSSHID",恒生沪深港创新药精选50指数,2020-03-01,=-0.0072,=7256.0500,=-0.0322,=29.5529,=0.1956,=23.4861,=29.6816,=35.7186,=52.3575,=94.0285,=3.4328,=0.4171,=2.0729,=2.8062,=3.7419,=6.4191,=8.4497,=4.9391,=0.6679,=1.3432,=1.8814,=3.1978,=5.9778,=8.1459,,=0.1198,,=0.0100,=281
="980032",新能电池,2015-02-17,=0.0161,=17165.0500,=0.0902,=29.7256,=0.4593,=14.3994,=22.1308,=30.6538,=83.3596,=130.4039,=4.2265,=0.4654,=2.4545,=3.3188,=4.3187,=7.7497,=11.8091,=2.2870,=0.5270,=1.1163,=1.6782,=2.2543,=4.9488,=7.8642,=0.0362,=0.1357,=0.0304,=0.0112,=734
="000037",上证医药,2009-01-09,=-0.0161,=6012.4200,=-0.0509,=29.9809,=0.1088,=21.0843,=31.5169,=34.7391,=41.6974,=61.3894,=3.1322,=0.0977,=2.7278,=3.3507,=3.8886,=4.6066,=7.3155,=2.2990,=0.4324,=1.5724,=2.0207,=2.3612,=2.9272,=4.1395,=0.0281,=0.1036,=0.0282,=0.0128,=2060
="399698",优势成长,2017-06-15,=0.0168,=52423.8200,=0.0056,=30.0744,=0.6605,=14.2338,=18.1895,=22.9091,=35.6714,=66.5130,=2.0807,=0.6411,=1.2178,=1.5063,=1.9095,=2.3045,=2.9395,=2.7990,=0.8330,=0.6634,=1.0561,=1.6974,=2.5734,=4.7303,=0.0192,=0.0690,=0.0052,=0.0138,=38
="000857",500医药,2013-11-06,=-0.0072,=9953.4400,=-0.0295,=30.0996,=0.5021,=16.5096,=22.8937,=30.0717,=38.0210,=66.9361,=2.6942,=0.3599,=1.9620,=2.4653,=2.8567,=3.5430,=5.0991,=2.5107,=0.6748,=1.3156,=1.7598,=2.1310,=2.7951,=4.5555,=0.0260,=0.0879,=0.0247,=0.0181,=732
="399432",智能汽车,2014-12-30,=0.0126,=7034.9600,=0.0368,=30.1164,=0.6076,=12.3799,=17.7530,=23.4134,=66.1739,=131.3343,=4.0456,=0.6088,=1.4019,=2.1767,=3.4758,=6.5272,=11.4939,=2.3142,=0.6496,=0.5888,=0.9057,=1.8535,=4.6106,=8.8483,=0.0329,=0.1377,=0.0319,=0.0111,=17
="000933",中证医药,2009-07-03,=-0.0117,=7528.8400,=-0.0694,=30.5219,=0.3899,=22.6651,=27.9022,=32.5125,=37.5717,=63.0472,=2.8062,=0.0276,=2.5059,=3.2190,=3.9978,=4.6474,=7.0232,=2.6283,=0.2737,=1.9281,=2.5173,=3.0349,=3.6077,=5.1631,=0.0282,=0.0926,=0.0299,=0.0171,=7145
="399417",新能源车,2014-09-24,=0.0152,=4155.1300,=0.0682,=30.7063,=0.5074,=14.2186,=20.9718,=30.4833,=56.8057,=106.6289,=4.1409,=0.6962,=1.6630,=2.3823,=3.4518,=4.7063,=9.6468,=2.2939,=0.7020,=0.6730,=1.0543,=1.8504,=2.5741,=6.6041,=0.0339,=0.1319,=0.0293,=0.0114,=2432
="399806",环境治理,2014-07-21,=0.0120,=1472.2800,=0.0615,=30.8448,=0.5894,=17.0172,=24.4003,=29.3796,=36.8069,=50.8764,=1.8655,=0.5837,=1.1727,=1.6053,=1.7760,=2.7529,=4.4901,=2.0523,=0.4485,=1.3064,=1.8397,=2.0888,=3.3398,=5.9378,=0.0205,=0.0536,=0.0189,=0.0153,=848
="000991",全指医药,2011-08-02,=-0.0110,=8131.7100,=-0.0673,=30.8626,=0.2951,=23.5983,=29.5064,=34.4172,=41.0792,=73.5923,=2.7932,=0.0115,=2.5957,=3.1990,=3.8178,=4.7164,=6.5650,=2.6111,=0.1542,=2.0200,=2.6654,=3.0339,=3.7582,=5.9103,=0.0278,=0.0907,=0.0276,=0.0167,=7944
="000913",300医药,2007-07-02,=-0.0146,=7450.2200,=-0.0926,=30.8684,=0.3170,=22.1588,=28.7885,=33.4072,=39.5137,=73.4129,=2.9027,=0,=2.9027,=3.6732,=4.8062,=6.0065,=9.5028,=2.7306,=0.0866,=2.2757,=2.9198,=3.3777,=5.4278,=7.4989,=0.0300,=0.0967,=0.0342,=0.0163,=3368
="399804",中证体育,2015-02-09,=0.0007,=1884.7300,=-0.0498,=30.9265,=0.4757,=17.8349,=25.3379,=31.9238,=47.8461,=92.9525,=2.9982,=0.3697,=2.0588,=2.7283,=3.2248,=3.8459,=5.7602,=2.6647,=0.3866,=1.7235,=2.3146,=2.8769,=4.1372,=7.1775,=0.0257,=0.0922,=0.0231,=0.0222,=297
="HSHCI",恒生医疗保健指数,2015-08-17,=0.0013,=3448.6100,=-0.0581,=31.0102,=0.4401,=15.9973,=23.0624,=33.3531,=116.7583,=143059.6617,=2.6833,=0.5205,=1.4805,=2.2483,=2.6391,=3.4857,=7.0432,=1.6840,=0.7381,=0.8149,=1.0180,=1.2843,=1.8603,=3.5391,,=0.0981,,=0.0120,=1719
="H11052",智能电车,2009-07-22,=0.0164,=4490.0900,=0.0579,=31.0522,=0.3718,=16.1153,=26.3648,=33.3707,=63.3646,=148.6443,=4.1686,=0.6076,=2.6129,=3.1950,=3.8705,=5.5107,=9.7804,=2.1221,=0.5820,=1.2507,=1.6563,=2.0338,=3.2736,=6.6252,=0.0316,=0.1293,=0.0281,=0.0100,=195
="931579",东证优势成长,2020-11-09,=0.0369,=9957.6000,=0.3047,=31.1649,=0.8381,=7.9327,=14.2010,=19.0438,=29.5814,=61.0103,=6.2335,=0.8709,=0.9149,=2.5861,=3.3768,=5.7740,=9.3390,=3.9002,=0.8925,=1.1828,=2.0475,=2.3378,=3.6051,=6.0793,=0.0548,=0.1983,=0.0468,=0.0104,=125
="399330",深证100,2006-01-24,=0.0240,=6617.1100,=0.1375,=31.2215,=0.9600,=14.9910,=20.3149,=22.6181,=26.6338,=38.9547,=3.1726,=0.7127,=1.9919,=2.4968,=2.9324,=3.5438,=5.5535,=2.2878,=0.7238,=1.3434,=1.7250,=2.0910,=2.4344,=4.0791,=0.0278,=0.0897,=0.0269,=0.0169,=2324
="000978",医药100,2011-03-18,=-0.0085,=9820.8500,=-0.0583,=31.2900,=0.3318,=23.7467,=28.9537,=33.9963,=37.7475,=66.4077,=2.8442,=0.0095,=2.6819,=3.2747,=4.2087,=5.0232,=7.8052,=2.7362,=0.2329,=2.0946,=2.6888,=3.1484,=3.6588,=5.9820,=0.0280,=0.0911,=0.0286,=0.0163,=4707
="932246",储能电池,2022-07-08,=0.0122,=5664.2100,=0.1771,=31.3742,=0.7104,=13.3190,=20.0981,=26.4430,=33.4338,=40.1514,=4.8236,=0.9709,=2.3139,=2.6636,=3.2225,=4.4317,=5.1292,=3.2711,=0.7705,=1.3666,=1.6585,=2.2660,=3.3125,=3.7523,=0.0403,=0.1439,=0.0321,=0.0129,=62
="399440",国证钢铁,2014-12-30,=0.0009,=1368.7100,=-0.0786,=31.4082,=0.7028,=5.7530,=9.0864,=18.4279,=37.2156,=695.2734,=1.0577,=0.5045,=0.7172,=0.9159,=1.0545,=1.3592,=2.0509,=0.5345,=0.6327,=0.3277,=0.3893,=0.4571,=0.6280,=1.3827,=0.0058,=0.0382,=0.0096,=0.0227,=467
="000994",全指电信,2011-08-02,=0.0325,=14946.5100,=0.3419,=31.4118,=0.4254,=17.6024,=21.7761,=34.7564,=52.5847,=109.2407,=2.8501,=0.6859,=1.3865,=1.8410,=2.5292,=3.0695,=3.7766,=2.7736,=0.9967,=0.9155,=1.2459,=1.5280,=1.8604,=2.8779,=0.0216,=0.0895,=0.0218,=0.0204,=225
="980027",新能源电池,2015-02-16,=0.0181,=3921.5000,=0.1607,=31.4640,=0.9114,=16.8641,=20.9365,=24.6208,=30.5518,=35.7610,=4.8508,=0.9775,=2.5249,=3.0127,=3.4433,=4.3961,=5.0238,=3.3473,=0.8664,=1.4888,=1.8922,=2.3881,=3.2457,=3.8612,=0.0376,=0.1513,=0.0348,=0.0135,=90
="930901",动漫游戏,2016-10-18,=-0.0031,=1782.4800,=-0.1580,=31.4688,=0.2709,=17.2478,=29.6500,=42.4286,=278.2732,=4647.5377,=3.2317,=0.5801,=1.7335,=2.2934,=2.8912,=4.0848,=7.9690,=5.1908,=0.5316,=2.8663,=4.2040,=5.0198,=6.8295,=10.0355,=0.0360,=0.1150,=0.0336,=0.0175,=825
="931487",SHS人工智能50,2020-05-06,=0.0193,=2328.6600,=0.0573,=31.5606,=0.4993,=18.6614,=25.4657,=31.5713,=37.3286,=66.0883,=4.6644,=0.5072,=3.0781,=4.0428,=4.6530,=6.5022,=10.5947,=5.0254,=0.4275,=3.3555,=4.4926,=5.1847,=6.8405,=9.5096,,=0.1427,,=0.0079,=71
="931235",中证电信,2022-07-21,=0.0160,=3208.9500,=0.1834,=31.7342,=0.9903,=15.5242,=18.6550,=21.2511,=25.8608,=32.8478,=2.9619,=0.9924,=0.8741,=1.6322,=1.8984,=2.2151,=3.0657,=2.7940,=0.9924,=0.6427,=1.3526,=1.7068,=2.0386,=2.8921,=0.0216,=0.0917,=0.0212,=0.0198,=58
="930746",港中小企,2015-08-26,=0.0046,=2545.0200,=-0.0539,=31.7862,=0.9870,=7.8499,=11.1100,=14.1137,=17.7246,=36.0739,=1.0458,=0.4588,=0.6829,=0.8308,=1.0791,=1.2267,=1.6951,=0.6823,=0.4832,=0.3939,=0.5282,=0.6934,=0.8171,=1.1520,,=0.0299,,=0.0320,=207
="399976",CS新能车,2014-11-28,=0.0156,=4904.1500,=0.0981,=31.9123,=0.3866,=13.8890,=22.9016,=34.7555,=62.1175,=231.2544,=4.0926,=0.5754,=2.0896,=3.0970,=3.8950,=6.2213,=11.9870,=2.3580,=0.5375,=0.7703,=1.7976,=2.3202,=4.1916,=9.1824,=0.0343,=0.1248,=0.0265,=0.0101,=2012
="930997",新能源车,2017-07-19,=0.0153,=3325.6300,=0.0949,=32.0809,=0.5023,=14.0460,=20.4221,=32.0181,=85.5237,=171.6022,=4.1045,=0.6203,=1.7502,=2.4136,=3.6495,=6.1022,=11.4567,=2.3651,=0.5975,=0.7652,=1.1948,=2.1473,=3.9399,=8.7389,=0.0346,=0.1243,=0.0266,=0.0101,=1969
="931230",汽车零部件,2013-07-15,=0.0130,=1298.5500,=0.0045,=32.5177,=0.9280,=18.5338,=23.7088,=26.5937,=30.5076,=34.9965,=3.3657,=0.9020,=1.8462,=2.2834,=2.6026,=3.1761,=3.7531,=2.1467,=0.9066,=1.1819,=1.4553,=1.6591,=2.0115,=2.3775,=0.0227,=0.1141,=0.0262,=0.0119,=44
="000808",医药生物,2012-02-17,=-0.0119,=7719.8900,=-0.0684,=32.5217,=0.3784,=23.4705,=28.3997,=34.6974,=37.8852,=66.3352,=2.8597,=0.0140,=2.6545,=3.2833,=4.1940,=4.9177,=7.9299,=2.7232,=0.2329,=2.0659,=2.6750,=3.1021,=3.5475,=6.2098,=0.0273,=0.0877,=0.0275,=0.0159,=1415
="931719",CS电池,2013-07-15,=0.0146,=4945.6500,=0.1631,=32.5219,=0.2988,=15.7007,=26.6847,=43.0003,=64.6630,=121.8822,=4.7203,=0.7106,=1.9771,=2.9292,=3.9524,=5.7588,=11.8941,=3.1716,=0.5676,=1.2782,=2.0990,=3.0370,=4.7407,=9.5565,=0.0377,=0.1370,=0.0297,=0.0119,=547
="000009",上证380,2010-11-29,=0.0164,=7366.5600,=0.1182,=32.5332,=0.9171,=11.6192,=14.6240,=18.0453,=25.1602,=40.6416,=2.3803,=0.7993,=1.2909,=1.6341,=1.9526,=2.3837,=2.8641,=1.5068,=0.7902,=0.7850,=0.9356,=1.0816,=1.5271,=1.8994,=0.0195,=0.0662,=0.0205,=0.0149,=864
="930632",CS稀金属,2015-05-12,=0.0311,=3169.8700,=0.1692,=32.5888,=0.3318,=10.0759,=24.6559,=43.0024,=106.0524,=902.9270,=4.1867,=0.7020,=1.7714,=2.4678,=3.4560,=4.4154,=7.1765,=3.0397,=0.8133,=1.0736,=1.5817,=2.0649,=3.0030,=4.1072,=0.0489,=0.1107,=0.0216,=0.0069,=351
="399005",中小板指,2006-01-24,=0.0201,=9576.0600,=0.1588,=32.6702,=0.6937,=16.1163,=23.0542,=28.5779,=34.0254,=44.0181,=3.2787,=0.3932,=2.0289,=2.7421,=3.4657,=4.3360,=5.3697,=2.2739,=0.4501,=1.3510,=1.8219,=2.4109,=3.3230,=4.1546,=0.0255,=0.0988,=0.0255,=0.0123,=3246
="000814",细分医药,2012-04-11,=-0.0113,=7780.4800,=-0.0679,=33.2258,=0.5458,=21.8871,=27.2039,=32.8344,=37.7198,=60.8250,=2.9536,=0.1265,=2.4219,=3.2365,=4.1359,=4.8855,=7.4081,=2.4077,=0.2473,=1.7858,=2.2980,=2.9214,=3.8662,=5.4819,=0.0283,=0.0890,=0.0304,=0.0157,=408
="399315",巨潮中盘,2005-02-03,=0.0208,=5489.2700,=0.1534,=33.2716,=0.8685,=14.3715,=18.4227,=22.9157,=29.8562,=46.2941,=2.6387,=0.8578,=1.5252,=1.8923,=2.1502,=2.5830,=2.9380,=1.9520,=0.9926,=0.8408,=1.2254,=1.4278,=1.6517,=2.0305,=0.0239,=0.0707,=0.0202,=0.0138,=19
="931250",港股通创新药,2012-07-20,=-0.0008,=989.5500,=-0.0150,=33.3450,=0.2648,=21.4435,=32.6738,=36.5982,=45.3709,=63.0533,=3.3794,=0.6773,=1.5232,=1.8094,=2.3003,=3.8517,=4.5255,=5.6789,=0.6773,=1.4727,=1.7488,=2.2744,=6.5557,=7.7209,,=0.1071,,=0.0086,=108
="931787",港股创新药,2018-08-14,=-0.0007,=1234.9300,=-0.0167,=33.3450,=0.3178,=20.8973,=29.3773,=45.1959,=80.3812,=400.8209,=3.3794,=0.6188,=1.5132,=2.2985,=2.9462,=4.1527,=5.7621,=5.6789,=0.8896,=0.8553,=1.2843,=2.0613,=3.1352,=7.7308,,=0.1071,,=0.0086,=726
="1000005",上海非金融A股,1994-01-01,,,,=33.3633,=0.9687,=15.3520,=20.3290,=23.4558,=29.7006,=34.6296,=2.3344,=0.8974,=1.5456,=1.8178,=2.0356,=2.2542,=2.5831,=1.4335,=0.9938,=0.7548,=0.9329,=1.0734,=1.1968,=1.4787,=0.0209,=0.0661,=0.0198,=0.0176,=189
="399394",国证医药,2012-10-29,=-0.0125,=7816.7500,=-0.0790,=33.3823,=0.4448,=22.8656,=29.2541,=34.3797,=39.8130,=65.8576,=3.0414,=0.0256,=2.7032,=3.4663,=4.5098,=5.4654,=8.6075,=2.7961,=0.2502,=1.9890,=2.7236,=3.1698,=4.7608,=6.5385,=0.0285,=0.0916,=0.0308,=0.0155,=1065
="399295",创价值,2019-01-23,=0.0129,=5862.7800,=0.0865,=33.7819,=0.4208,=20.8863,=26.5613,=40.1401,=57.0288,=73.8741,=5.7342,=0.4766,=3.7254,=4.5953,=5.8355,=9.0017,=11.5385,=4.4835,=0.4117,=2.5684,=3.4645,=5.4037,=9.1712,=12.8251,=0.0387,=0.1758,=0.0398,=0.0133,=611
="000841",800医药,2012-12-21,=-0.0108,=7820.5300,=-0.0644,=34.0062,=0.6142,=21.4494,=28.0346,=32.3192,=37.6239,=58.1462,=2.9795,=0.1414,=2.4193,=3.2038,=3.8154,=4.3897,=6.5122,=4.0580,=0.7222,=1.7815,=2.8895,=3.4449,=4.3881,=6.1565,=0.0288,=0.0871,=0.0293,=0.0165,=590
="931406",5G 50,2020-02-20,=0.0570,=3070.3200,=0.4424,=34.0078,=0.7934,=15.2657,=20.5715,=23.2774,=34.1133,=51.5506,=3.6844,=0.7611,=1.5292,=1.9572,=2.4048,=3.7773,=5.3757,=2.4727,=0.9987,=0.9155,=1.4004,=1.5789,=1.8806,=2.4781,=0.0252,=0.1023,=0.0236,=0.0164,=700
="930791",CS医药TI,2016-03-22,=-0.0086,=8661.4800,=-0.0646,=34.3873,=0.4324,=23.2364,=30.0855,=35.7605,=40.8654,=70.7414,=2.6908,=0.0185,=2.4395,=3.0695,=3.9112,=4.6090,=6.6660,=2.5432,=0.1612,=2.0598,=2.5898,=3.0028,=3.5454,=5.1130,=0.0251,=0.0784,=0.0255,=0.0159,=194
="930614",环保50,2015-04-07,=0.0135,=2529.5000,=0.1015,=34.4815,=0.7865,=13.7595,=20.5125,=26.7813,=35.1194,=50.3864,=3.0484,=0.6488,=1.9059,=2.3842,=2.8733,=3.6683,=6.0727,=3.0453,=0.6439,=1.6847,=2.2438,=2.9013,=3.3765,=6.6309,=0.0222,=0.0831,=0.0199,=0.0162,=207
="000949",中证农业,2009-10-28,=-0.0042,=5201.9200,=-0.1015,=34.5065,=0.7341,=14.4444,=21.2919,=29.1176,=36.7819,=1184.8568,=2.5340,=0.1904,=2.0719,=2.5670,=3.2826,=4.0480,=5.2895,=1.3448,=0.2457,=0.8980,=1.1771,=1.7397,=2.0301,=2.8101,=0.0068,=0.0985,=0.0327,=0.0199,=1043
="H30463",沪港深500医药,2014-11-28,=-0.0092,=7140.1000,=-0.0808,=34.6335,=0.4546,=23.3470,=30.9348,=35.4789,=42.6572,=94.1690,=3.2617,=0.0944,=2.7545,=3.5619,=4.4622,=5.5958,=10.0878,=3.1400,=0.3942,=1.9470,=2.8257,=3.3156,=4.2357,=9.3489,,=0.0979,,=0.0136,=33
="399008",中小300,2010-03-22,=0.0207,=1887.9000,=0.1409,=34.6973,=0.7617,=17.8364,=25.4661,=30.4243,=35.6607,=45.5477,=3.0256,=0.5198,=1.7846,=2.4620,=2.9909,=3.8316,=4.7778,=2.0743,=0.4946,=1.1664,=1.6529,=2.0846,=2.8309,=3.8663,=0.0232,=0.0868,=0.0228,=0.0122,=506
="399007",深证300,2009-11-04,=0.0225,=6513.7200,=0.1459,=34.8413,=0.9938,=15.3833,=21.4145,=25.0050,=28.7695,=36.0754,=3.0478,=0.6739,=1.8298,=2.3539,=2.8055,=3.2332,=4.4351,=2.2004,=0.6418,=1.2839,=1.6547,=2.0028,=2.4005,=3.3177,=0.0257,=0.0779,=0.0236,=0.0147,=584
="000977",内地低碳,2011-01-21,=0.0090,=2250.0900,=0.0794,=34.8824,=0.7902,=13.7595,=20.8967,=26.8139,=35.4176,=50.3864,=3.0590,=0.6595,=1.9264,=2.3844,=2.8676,=3.6471,=6.0727,=3.0599,=0.6814,=1.6847,=2.2202,=2.8380,=3.3944,=6.7765,=0.0220,=0.0823,=0.0200,=0.0161,=387
="399326",成长40,2006-01-24,=0.0359,=8484.9600,=0.3326,=34.8919,=0.8364,=11.4413,=22.5069,=27.7075,=32.2327,=67.8360,=7.7416,=0.9147,=2.3502,=3.7081,=4.7112,=6.3712,=10.3842,=4.7202,=0.9810,=1.6605,=2.3239,=3.0415,=3.8974,=5.1844,=0.0646,=0.2161,=0.0378,=0.0093,=273
="399389",国证通信,2011-12-02,=0.0383,=11806.9000,=0.4157,=35.0685,=0.3928,=15.1336,=21.7733,=48.2699,=65.1875,=153.7967,=3.0072,=0.7770,=1.3245,=1.8461,=2.4674,=3.0677,=3.9804,=2.8923,=0.9971,=0.9743,=1.4589,=1.6825,=1.8883,=2.9859,=0.0209,=0.0855,=0.0209,=0.0192,=44
="399088",深创100,2020-02-18,=0.0154,=5922.9400,=0.1734,=35.3454,=0.7418,=15.3025,=21.8258,=26.6900,=38.3616,=56.8187,=5.2148,=0.7537,=2.2889,=3.2803,=4.0329,=5.3726,=6.8856,=3.3892,=0.7286,=1.4223,=1.9669,=2.4218,=3.7496,=5.1281,=0.0356,=0.1522,=0.0358,=0.0118,=74
="399850",深证50,2023-10-18,=0.0245,=10174.9600,=0.1144,=35.3504,=0.9830,=16.5344,=19.8940,=23.1931,=26.8028,=36.5873,=4.0055,=0.9864,=2.5911,=2.9260,=3.2057,=3.6748,=4.1185,=2.2659,=0.9864,=1.3017,=1.4762,=1.6721,=2.0324,=2.3386,=0.0301,=0.0973,=0.0318,=0.0171,=77
="931798",光伏龙头30,2009-06-16,=0.0120,=2511.2500,=0.2066,=35.4236,=0.7411,=8.0886,=17.2411,=24.1379,=37.6614,=66.5518,=3.0977,=0.6801,=1.6869,=2.0163,=2.3915,=4.5878,=8.3847,=2.5247,=0.7263,=0.9999,=1.3256,=1.6630,=3.0761,=5.7040,=0.0172,=0.0745,=0.0196,=0.0101,=192
="930719",CS精准医,2015-08-05,=-0.0202,=2619.4700,=-0.0146,=35.7623,=0.1105,=29.3195,=38.2157,=52.4845,=67.1604,=102.1078,=4.1902,=0.0990,=3.4982,=4.5779,=6.0904,=9.0347,=14.5104,=6.4324,=0.2676,=5.1956,=6.1979,=7.4660,=10.6414,=18.8625,=0.0301,=0.1091,=0.0230,=0.0080,=337
="931733",绿色能源,2021-08-19,=0.0106,=5576.1900,=0.0659,=36.2216,=0.6420,=12.7308,=19.0969,=32.3805,=41.9886,=65.3510,=3.6056,=0.5348,=2.3311,=2.7831,=3.5162,=5.5806,=8.0150,=2.4707,=0.5967,=1.3651,=1.7455,=2.3071,=4.3980,=7.5185,=0.0248,=0.0932,=0.0189,=0.0137,=24
="931186",中证科技,2019-05-30,=0.0168,=7403.2700,=0.1060,=36.2724,=0.5021,=19.1938,=30.2351,=36.1969,=47.3800,=73.9401,=4.9555,=0.6582,=2.6301,=3.5885,=4.5374,=6.3670,=8.1242,=2.8320,=0.5293,=1.4264,=2.0795,=2.7521,=4.5499,=6.0737,=0.0291,=0.1226,=0.0174,=0.0106,=954
="399612",中创100,2011-02-28,=0.0276,=3240.7900,=0.1740,=36.3966,=0.7729,=18.0203,=24.5371,=31.1505,=39.8478,=52.6199,=4.5147,=0.6678,=2.5576,=3.3599,=4.1937,=5.1140,=7.4671,=2.9949,=0.4831,=1.6155,=2.2648,=3.0739,=4.0076,=5.8630,=0.0320,=0.1210,=0.0297,=0.0111,=157
="930648",CS智消费,2015-06-05,=0.0337,=4308.0700,=0.1765,=36.5573,=0.9143,=15.4538,=22.1981,=24.9011,=31.0773,=51.6043,=4.3294,=0.8924,=2.1406,=2.8085,=3.2100,=3.9490,=5.4486,=1.9752,=0.8660,=0.8328,=1.2831,=1.4733,=1.8332,=2.9491,=0.0253,=0.1077,=0.0239,=0.0123,=26
="399376",小盘成长,2010-01-04,=0.0192,=7629.3500,=0.2012,=36.6905,=0.9138,=14.4007,=20.2318,=25.6041,=32.5707,=60.1410,=3.5198,=0.9390,=1.6246,=2.0607,=2.3697,=3.1570,=4.0524,=1.9708,=0.7980,=0.7224,=1.0640,=1.2047,=1.9784,=3.4032,=0.0271,=0.1002,=0.0195,=0.0116,=283
="000812",细分机械,2012-04-11,=0.0108,=8368.7800,=0.0879,=36.7051,=0.6566,=14.1771,=22.0432,=31.9383,=40.3976,=51.3583,=3.2492,=0.7597,=1.6005,=2.1653,=2.5184,=3.4001,=5.3964,=2.1683,=0.7209,=1.1287,=1.4635,=1.7236,=2.2895,=3.5603,=0.0226,=0.0835,=0.0173,=0.0146,=194
="399001",深证成指,1995-01-23,=0.0230,=15597.3000,=0.1532,=36.7531,=0.9963,=15.9054,=22.8547,=26.5149,=30.6066,=37.9696,=3.0421,=0.6744,=1.7472,=2.2797,=2.7214,=3.2679,=4.0402,=2.1945,=0.6575,=1.2229,=1.6063,=1.9124,=2.3995,=2.9683,=0.0249,=0.0747,=0.0225,=0.0137,=3679
="000171",新兴成指,2017-01-25,=0.0316,=2417.5500,=0.3103,=36.7735,=0.8217,=15.0335,=20.2513,=24.6232,=35.1401,=63.8139,=4.8867,=0.6164,=2.6324,=3.2722,=4.3325,=6.3158,=10.8185,=4.3184,=0.8027,=1.3680,=2.1108,=2.7619,=4.3076,=8.5894,=0.0336,=0.1371,=0.0326,=0.0119,=200
="000962",中证中游,2010-04-16,=0.0302,=5941.0200,=0.2606,=36.7865,=0.9901,=12.7529,=17.3536,=20.1661,=27.2940,=38.0461,=3.4476,=0.9996,=1.5782,=1.9009,=2.2289,=2.5675,=3.4981,=1.7126,=0.9996,=0.6672,=0.8352,=0.9820,=1.1297,=1.7421,=0.0222,=0.0826,=0.0192,=0.0108,=15
="930721",CS智汽车,2015-08-05,=0.0207,=5754.0200,=-0.0050,=37.0777,=0.3878,=27.2408,=33.9564,=39.6579,=48.9763,=67.2850,=3.7286,=0.4321,=2.5208,=3.3016,=3.8279,=5.3849,=7.3638,=1.4511,=0.1308,=1.1981,=1.5026,=1.8542,=2.6504,=3.8976,=0.0150,=0.1014,=0.0176,=0.0063,=466
="000827",中证环保,2012-09-25,=0.0112,=2078.0300,=0.1151,=37.1839,=0.8298,=14.0379,=21.0113,=28.2545,=35.2317,=50.6551,=2.9801,=0.6871,=1.7878,=2.2200,=2.8033,=3.3836,=5.4589,=3.0787,=0.7296,=1.6068,=2.0649,=2.7367,=3.2515,=6.2202,=0.0211,=0.0761,=0.0181,=0.0148,=6245
="399996",智能家居,2014-09-17,=0.0333,=5509.9400,=0.1986,=37.2041,=0.9073,=17.5405,=23.3761,=27.7593,=33.4867,=47.8369,=4.5763,=0.9728,=2.2523,=2.8549,=3.4660,=4.0965,=5.0256,=2.3480,=0.9448,=1.0942,=1.4673,=1.7631,=2.0618,=2.7965,=0.0273,=0.1118,=0.0260,=0.0135,=206
="000905",中证500,2007-01-15,=0.0187,=8576.9400,=0.1489,=37.2719,=0.8895,=15.7028,=21.2812,=25.5698,=33.2826,=51.1137,=2.5809,=0.8405,=1.3824,=1.7164,=1.9211,=2.4601,=3.1031,=1.7890,=0.8594,=0.8118,=1.0305,=1.1726,=1.6082,=2.2608,=0.0210,=0.0620,=0.0169,=0.0123,=37953
="000982",500等权,2011-06-13,=0.0152,=10010.5800,=0.1090,=37.2719,=0.8895,=15.7028,=21.2829,=25.5698,=33.2826,=51.1137,=2.5809,=0.8405,=1.3824,=1.7163,=1.9217,=2.4599,=3.1031,=1.7890,=0.8594,=0.8118,=1.0305,=1.1726,=1.6070,=2.2608,=0.0210,=0.0620,=0.0169,=0.0123,=31
="931187",科技100,2019-05-30,=0.0184,=5324.9500,=0.1540,=37.4959,=0.8800,=18.1467,=22.1499,=25.9090,=34.6599,=49.5031,=3.7951,=0.6789,=2.3703,=2.7818,=3.3191,=4.2422,=5.4633,=2.3576,=0.6535,=1.2579,=1.6305,=2.0475,=2.6792,=4.1304,=0.0201,=0.0911,=0.0217,=0.0095,=848
="399412",国证新能,2014-05-16,=0.0128,=3184.8800,=0.0758,=37.8550,=0.7424,=13.6858,=20.0843,=24.2693,=40.0619,=66.6027,=3.3823,=0.7172,=1.6349,=2.2652,=2.7124,=3.9698,=7.3016,=2.1009,=0.7411,=0.7993,=1.1690,=1.5201,=2.5873,=5.3757,=0.0217,=0.0862,=0.0211,=0.0120,=360
="H11054",装备产业,2009-07-22,=0.0124,=3245.3800,=0.1156,=37.9354,=0.7717,=15.6342,=24.4625,=31.7280,=38.5584,=58.0282,=3.3276,=0.8042,=1.6944,=2.1241,=2.5958,=3.3173,=5.1308,=2.3683,=0.8104,=1.2119,=1.4811,=1.8728,=2.3491,=3.6241,=0.0221,=0.0859,=0.0174,=0.0124,=40
="930965",HKC医药C,2017-06-23,=-0.0005,=3095.1400,=-0.0450,=38.0594,=0.5486,=18.1989,=25.6726,=32.7898,=72.8911,=6384.2329,=2.4207,=0.3869,=1.4216,=1.9399,=2.7116,=3.7043,=6.9841,=1.4380,=0.6189,=0.7160,=1.0288,=1.3267,=1.7367,=3.7092,,=0.0645,,=0.0114,=154
="930712",CS物联网,2015-07-31,=0.0334,=5273.1500,=0.2644,=38.3810,=0.8491,=21.9217,=27.4652,=32.4326,=37.2241,=50.1215,=5.1444,=0.8347,=2.7515,=3.4472,=4.0809,=4.8826,=7.1882,=2.7511,=0.8627,=1.2084,=1.7388,=2.0108,=2.4046,=3.5102,=0.0346,=0.1340,=0.0303,=0.0118,=162
="931456",中国教育,2020-04-21,=0.0122,=1060.5387,=-0.1246,=38.4342,=0.0006,=37.9129,=56.9072,=95.2861,=-130.4810,=28609.2511,=2.8559,=0.4331,=1.5831,=2.4358,=2.9664,=3.9783,=9.7545,=2.8466,=0.2102,=1.7011,=2.8077,=3.3853,=4.8973,=11.2012,,=0.0593,,=0.0078,=167
="931591",1000成长创新,2020-11-09,=0.0256,=37945.5100,=0.1593,=38.5430,=0.9784,=18.0900,=24.4183,=32.0682,=35.7001,=40.6167,=4.1486,=0.7261,=2.0923,=3.0009,=3.3917,=4.3678,=5.3788,=4.3628,=0.9239,=1.8413,=2.7344,=3.0875,=3.8241,=5.2879,=0.0271,=0.1062,=0.0239,=0.0106,=148
="399364",消费100,2009-08-03,=0.0279,=12937.7600,=0.1986,=38.6451,=0.9209,=15.8540,=22.3723,=26.4728,=33.6794,=49.3766,=4.8156,=0.8228,=2.6561,=3.2816,=3.7458,=4.6179,=7.3266,=2.4932,=0.8109,=1.3127,=1.6547,=1.9014,=2.4438,=4.2956,=0.0306,=0.1191,=0.0345,=0.0131,=307
="931746",储能产业,2015-06-11,=0.0093,=3931.6500,=0.0632,=38.6813,=0.7530,=12.7536,=19.4222,=32.4936,=42.8763,=70.6293,=3.5584,=0.5666,=2.2823,=2.7295,=3.3864,=5.1515,=8.8670,=2.2479,=0.6552,=1.1513,=1.4825,=1.9950,=3.2074,=6.6557,=0.0195,=0.0831,=0.0177,=0.0110,=154
="931409",SHS创新药,2020-02-20,=-0.0077,=2008.9300,=-0.0474,=39.5269,=0.4877,=24.9819,=34.4324,=39.6480,=59.8953,=94.9889,=3.8348,=0.4162,=2.3431,=3.2612,=4.1366,=6.4992,=8.9149,=5.8143,=0.7059,=2.2896,=3.1848,=3.9892,=6.5466,=8.2645,,=0.0994,,=0.0100,=308
="931688",中证算力,2022-07-21,=0.0304,=4582.7800,=0.4580,=39.6644,=0.9918,=18.0036,=20.6533,=23.4678,=31.6282,=41.1399,=4.1239,=0.9918,=1.6529,=1.8930,=2.2449,=3.2753,=4.2771,=2.9689,=0.9918,=1.3731,=1.5851,=1.7945,=2.4187,=3.0793,=0.0245,=0.1011,=0.0224,=0.0148,=97
="930598",稀土产业,2015-03-02,=0.0247,=3075.8900,=0.0959,=40.0008,=0.5021,=21.1133,=29.2013,=39.9170,=72.4644,=288.7421,=3.4558,=0.9349,=1.4810,=1.9699,=2.3149,=3.0221,=4.3047,=1.6628,=0.7935,=0.6656,=0.9718,=1.1869,=1.6735,=2.2389,=0.0350,=0.0883,=0.0227,=0.0092,=729
="931994",电网设备主题,2022-10-11,=0.0212,=3551.9300,=0.4078,=40.0456,=0.9726,=15.6741,=19.9121,=22.6136,=26.8655,=44.9431,=3.8767,=0.9771,=1.9713,=2.2883,=2.4443,=2.7506,=4.2080,=2.4793,=0.9771,=1.2895,=1.4749,=1.6034,=1.7995,=2.6890,=0.0214,=0.0975,=0.0200,=0.0094,=232
="931718",高端造质量成长50,2021-08-25,=0.0353,=3665.8700,=0.2685,=40.3510,=0.9012,=16.3078,=22.0206,=28.7010,=36.3630,=49.4696,=6.2106,=0.8671,=3.1255,=3.9032,=4.7991,=5.7071,=8.1954,=3.8413,=0.8409,=1.7207,=2.2361,=2.9085,=3.6266,=5.3327,=0.0328,=0.1450,=0.0326,=0.0088,=27
="399276",创科技,2020-10-26,=0.0320,=9927.0800,=0.2249,=40.6651,=0.5726,=20.4624,=26.4351,=37.4736,=59.5905,=84.1667,=7.1541,=0.7361,=3.5855,=4.4117,=5.7728,=8.7039,=12.0896,=5.6087,=0.7019,=2.4145,=3.2599,=4.6714,=8.9357,=12.2359,=0.0430,=0.1724,=0.0380,=0.0103,=9
="931785",智选沪深港科技50,2025-06-27,=0.0215,=2808.8900,=0.1778,=40.6672,=0.9604,=31.7791,=34.6143,=36.8230,=38.6346,=41.4581,=5.6672,=0.9824,=3.8679,=4.3140,=4.7459,=5.0784,=5.7745,=3.6283,=0.9780,=2.2695,=2.5602,=2.9175,=3.1899,=3.7002,,,,=0.0073,=8
="399971",中证传媒,2014-04-15,=-0.0044,=1391.1300,=-0.0550,=40.9858,=0.7160,=18.4593,=27.0874,=34.9277,=44.9986,=90.0483,=2.3291,=0.3199,=1.5359,=2.1332,=2.5828,=3.3363,=5.5544,=2.9119,=0.3545,=1.9674,=2.6592,=3.2126,=4.7124,=7.1445,=0.0163,=0.0602,=0.0206,=0.0180,=6306
="H30597",新材料,2015-02-13,=0.0310,=5075.6300,=0.2235,=41.0229,=0.7123,=14.0729,=21.7626,=33.2776,=44.8561,=105.5581,=4.2191,=0.7065,=2.1817,=2.8826,=3.6655,=5.2685,=8.9168,=2.8560,=0.5491,=1.2938,=2.0086,=2.7609,=3.7927,=7.1680,=0.0294,=0.0908,=0.0200,=0.0116,=310
="1000011",A股非金融,1994-01-10,,,,=41.5883,=0.9654,=17.5718,=25.5269,=28.6067,=37.5686,=43.6945,=2.7063,=0.8149,=1.6561,=2.0403,=2.3293,=2.6930,=2.9749,=1.7167,=0.9547,=0.9476,=1.1421,=1.3066,=1.5700,=1.8156,=0.0205,=0.0612,=0.0189,=0.0144,=805
="932069",港股通医疗主题,2022-07-21,=0.0031,=934.0700,=-0.0572,=41.8869,=0.9299,=20.9778,=25.5863,=29.9761,=34.0102,=51.0900,=2.3168,=0.6461,=1.4397,=1.6080,=1.9293,=2.6066,=3.0086,=1.2446,=0.6544,=0.6760,=0.7620,=0.9560,=1.4224,=1.6308,,=0.0571,,=0.0121,=16
="399625",中创500,2011-08-15,=0.0258,=2887.6200,=0.1851,=42.1142,=0.8380,=20.4615,=28.9847,=35.6913,=41.1686,=52.5750,=4.0834,=0.6983,=2.1192,=2.8827,=3.5472,=4.3672,=5.2667,=2.9258,=0.6055,=1.4713,=2.0764,=2.6286,=3.4637,=4.5526,=0.0265,=0.0951,=0.0239,=0.0100,=164
="399667",创业成长,2013-01-07,=0.0387,=7276.6000,=0.3166,=42.7521,=0.6768,=21.3636,=29.5830,=38.5912,=51.7989,=90.9628,=7.6409,=0.8215,=2.9224,=4.0916,=4.8759,=7.2910,=10.8589,=5.4023,=0.6315,=2.4713,=3.4035,=4.6758,=6.9261,=10.3001,=0.0481,=0.1635,=0.0355,=0.0082,=77
="399285",物联网50,2020-02-18,=0.0286,=8208.3300,=0.2995,=43.2148,=0.9123,=21.8675,=26.3687,=31.2735,=38.0600,=48.8450,=5.9092,=0.9541,=2.6765,=3.4054,=3.9902,=5.2510,=6.4883,=3.8768,=0.9986,=1.7407,=2.0146,=2.4058,=3.0912,=3.9119,=0.0353,=0.1364,=0.0304,=0.0105,=93
="931672",风电产业,2021-04-29,=0.0182,=2147.1700,=0.2189,=43.2319,=0.9926,=16.8665,=21.0827,=24.1766,=29.0829,=45.5856,=2.3692,=0.7459,=1.3490,=1.6682,=1.9788,=2.5057,=3.5946,=2.8884,=0.9044,=1.4458,=1.8881,=2.1334,=2.6902,=3.3215,=0.0166,=0.0571,=0.0184,=0.0089,=60
="399101",中小综指,2005-12-01,=0.0201,=16247.4200,=0.1170,=43.8302,=0.7098,=22.7937,=34.4929,=40.6802,=47.7795,=65.2068,=3.0083,=0.5977,=1.7151,=2.3689,=2.8054,=3.4576,=4.7418,=2.0693,=0.5400,=1.1654,=1.6542,=2.0247,=2.6199,=3.9938,=0.0208,=0.0674,=0.0195,=0.0109,=25
="H30178",医疗保健,2013-07-15,=0.0002,=13079.0800,=-0.0365,=43.8639,=0.4456,=19.5848,=32.8016,=45.6139,=66.2020,=123.2936,=2.8327,=0.0091,=2.6575,=3.4406,=5.6206,=7.4864,=12.4381,=4.7970,=0.0239,=4.3601,=5.4391,=6.5057,=8.1023,=14.2518,=0.0196,=0.0653,=0.0216,=0.0138,=552
="HSIDI",恒生创新药指数,2023-01-01,=-0.0006,=2548.9400,=-0.0537,=43.8867,=0.1504,=21.3081,=46.2983,=55.7624,=107.4961,=157.2991,=3.5219,=0.7497,=1.7148,=2.1204,=2.6470,=3.9883,=5.1867,=3.1323,=0.7377,=1.5892,=1.8199,=2.2735,=3.4224,=4.4669,,=0.1014,,=0.0085,=226
="HSSCID",恒生港股通创新药指数,2023-07-01,=0.0005,=2971.3100,=-0.0606,=43.8867,=0.4590,=20.9262,=38.8698,=44.9728,=61.4751,=216.1774,=3.5219,=0.7090,=1.6870,=2.0011,=2.5533,=4.1135,=5.1867,=3.1323,=0.7020,=1.6002,=1.8688,=2.4005,=3.5667,=4.4669,,=0.1014,,=0.0085,=108
="1000012",中小板全指,2005-12-01,=0.0201,=16247.4200,=0.1170,=43.9609,=0.6533,=22.6352,=35.3655,=41.3118,=49.2336,=73.8161,=3.0210,=0.5965,=1.7125,=2.3729,=2.8178,=3.4851,=4.7425,=2.0386,=0.5260,=1.1448,=1.6386,=2.0078,=2.6105,=3.9859,=0.0209,=0.0671,=0.0194,=0.0108,=564
="930771",CS新能源,2015-12-16,=0.0223,=3166.5600,=0.1763,=44.1042,=0.7723,=11.2377,=23.2129,=34.2800,=45.1798,=62.8342,=3.1904,=0.6640,=1.7615,=2.1613,=2.8619,=3.9176,=7.2156,=2.7632,=0.7221,=1.2791,=1.6684,=2.1975,=3.1325,=6.6822,=0.0221,=0.0668,=0.0165,=0.0108,=31
="399808",中证新能,2015-02-10,=0.0152,=3136.3200,=0.1141,=44.1042,=0.7185,=11.2377,=23.4990,=36.8470,=46.5019,=62.8342,=3.1904,=0.6624,=1.7615,=2.1712,=2.9365,=3.8504,=7.2277,=2.7632,=0.7391,=1.2791,=1.6778,=2.2581,=3.0254,=6.6822,=0.0221,=0.0668,=0.0165,=0.0108,=1288
="931447",科技先锋,2020-04-21,=0.0105,=3454.9200,=0.1196,=44.1551,=0.7081,=19.0346,=27.1063,=36.5894,=47.7974,=82.3567,=5.0814,=0.6768,=2.7045,=3.3985,=4.2526,=6.7355,=10.6025,=2.7277,=0.6307,=1.4804,=1.9076,=2.3868,=3.7416,=7.0848,=0.0256,=0.0990,=0.0202,=0.0096,=18
="H30217",医疗器械,2013-07-15,=-0.0009,=9440.2300,=-0.0385,=44.5286,=0.6270,=17.1055,=29.5762,=39.4631,=58.0010,=82.8778,=2.7619,=0.0107,=2.5693,=3.2916,=4.8713,=6.6389,=11.6091,=5.1471,=0.1026,=4.1030,=5.3748,=6.0974,=8.2841,=13.3528,=0.0184,=0.0626,=0.0209,=0.0142,=1313
="931152",CS创新药,2019-04-22,=-0.0146,=1774.1900,=-0.0633,=44.7035,=0.5594,=27.6044,=36.5590,=43.2475,=53.2521,=74.6844,=3.6324,=0.3223,=2.5551,=3.3380,=4.2155,=5.9657,=8.7449,=5.3553,=0.7640,=2.2436,=2.9083,=3.3877,=5.6311,=9.4897,=0.0271,=0.0786,=0.0224,=0.0108,=1842
="399296",创成长,2019-01-23,=0.0508,=8655.8100,=0.3889,=44.8645,=0.5341,=22.4911,=30.6522,=43.1269,=64.1412,=104.6935,=9.4857,=0.7558,=3.9463,=4.9211,=6.9052,=10.6438,=14.9802,=6.8620,=0.6701,=2.5417,=3.4526,=5.8045,=12.0489,=17.3385,=0.0584,=0.2040,=0.0396,=0.0074,=1049
="399293",创业大盘,2019-04-18,=0.0342,=7884.4500,=0.2167,=45.1595,=0.6155,=20.6573,=29.3674,=41.0906,=54.3922,=71.9327,=7.0883,=0.6554,=3.4452,=4.6955,=6.2174,=9.2717,=13.4901,=5.8320,=0.5619,=2.8408,=3.9925,=5.6633,=9.9566,=14.8309,=0.0411,=0.1554,=0.0377,=0.0093,=179
="000998",中证TMT,2011-11-08,=0.0331,=3823.0900,=0.3001,=45.2149,=0.8508,=18.9989,=27.6163,=34.6638,=43.5205,=58.6698,=4.5983,=0.9468,=1.9674,=2.4618,=3.2923,=3.9548,=5.2875,=3.2830,=0.9988,=1.2505,=1.8092,=2.1772,=2.5959,=3.3133,=0.0233,=0.0900,=0.0196,=0.0115,=554
="987018",港股通创新药,2021-11-18,=0.0007,=1781.2230,=-0.0489,=45.4614,=0.4090,=22.9379,=35.5870,=50.9658,=97.1715,=537.2167,=3.5926,=0.6507,=1.6768,=2.2804,=3.1997,=4.1751,=6.0885,=5.5052,=0.5466,=2.6005,=3.5150,=5.3218,=7.1062,=12.1954,,=0.0844,,=0.0080,=308
="931783",智能驾驶,2022-02-21,=0.0243,=1585.5100,=0.0563,=46.1146,=0.4568,=31.9944,=40.1180,=46.9798,=70.5982,=98.5983,=3.7832,=0.7129,=2.5981,=3.3330,=3.5763,=3.9721,=4.9384,=2.0466,=0.6945,=1.3276,=1.7207,=1.9383,=2.1283,=2.7953,=0.0149,=0.0928,=0.0256,=0.0077,=9
="399673",创业板50,2014-06-18,=0.0306,=4219.5200,=0.2446,=46.7999,=0.6430,=20.6075,=30.6784,=42.5462,=57.6696,=106.7499,=7.5016,=0.8092,=3.1473,=4.3234,=5.2431,=7.3617,=11.7288,=5.9384,=0.6237,=2.6907,=4.1383,=5.5004,=7.9955,=13.3154,=0.0447,=0.1569,=0.0355,=0.0082,=5456
="399006",创业板指,2010-06-01,=0.0284,=3938.5000,=0.2296,=47.3748,=0.6294,=22.8885,=32.3387,=42.0387,=55.4747,=79.6826,=6.3801,=0.7852,=3.0035,=4.0151,=4.8508,=6.4848,=9.5804,=4.7296,=0.5371,=2.3312,=3.4103,=4.5420,=6.4838,=8.4805,=0.0369,=0.1330,=0.0313,=0.0087,=16439
="399803",工业4.0,2015-02-13,=0.0348,=6888.5100,=0.2806,=47.4003,=0.7931,=19.7294,=27.9595,=36.1733,=47.8065,=62.0492,=5.4612,=0.7774,=2.6645,=3.4308,=4.3385,=5.6053,=8.0266,=2.6530,=0.5536,=1.5023,=2.0108,=2.5353,=3.2774,=4.8981,=0.0258,=0.1072,=0.0218,=0.0084,=485
="931159",创新100,2019-05-16,=0.0215,=4289.2300,=0.2613,=47.5700,=0.8548,=24.8309,=32.2586,=36.0395,=46.2934,=59.7307,=5.7183,=0.8607,=2.9189,=3.6881,=4.3522,=5.4820,=7.4325,=4.5780,=0.7695,=2.3351,=3.1557,=3.7626,=4.8389,=6.6085,=0.0278,=0.1244,=0.0278,=0.0081,=227
="980015",疫苗生科,2015-02-16,=-0.0153,=5814.6900,=-0.0750,=47.6222,=0.6525,=24.1714,=31.1170,=42.2967,=53.8233,=80.8207,=3.4468,=0.1232,=2.9980,=3.5889,=4.1574,=6.9367,=11.0606,=6.2088,=0.4646,=4.5746,=5.4707,=6.4437,=9.5077,=15.0694,=0.0223,=0.0693,=0.0219,=0.0108,=74
="980080",成长100,2012-12-28,=0.0400,=13431.5663,=0.3390,=47.7102,=0.4162,=39.4731,=44.6388,=49.0829,=55.8216,=70.5336,=7.2235,=0.9811,=3.0437,=3.5970,=4.8869,=6.3215,=7.4042,=3.4893,=0.7946,=2.0191,=2.3949,=2.8959,=3.5091,=4.9708,=0.0481,=0.1452,=0.0254,=0.0068,=165
="930726",CS生医,2015-08-05,=-0.0190,=2283.1400,=-0.0651,=48.1343,=0.4769,=24.4874,=31.9329,=48.8301,=62.2723,=107.1179,=3.9695,=0.1154,=3.1768,=4.4546,=6.9155,=8.5259,=14.2976,=7.2170,=0.2271,=4.8871,=6.8831,=10.0165,=12.5690,=19.9452,=0.0287,=0.0766,=0.0261,=0.0094,=833
="930599",中证高装,2015-03-02,=0.0306,=10788.2200,=0.2800,=48.9833,=0.8710,=19.5438,=27.7467,=34.6674,=45.3222,=65.7817,=4.6774,=0.9979,=1.8509,=2.5592,=3.1081,=3.6579,=4.7910,=2.6532,=0.9658,=1.2322,=1.6106,=1.9495,=2.4217,=2.8921,=0.0227,=0.0865,=0.0192,=0.0082,=113
="930651",CS计算机,2015-06-05,=0.0129,=8384.0600,=0.0812,=50.2853,=0.3545,=33.6687,=44.4513,=57.0495,=67.2741,=115.0591,=5.0656,=0.7675,=2.6283,=3.7942,=4.3711,=5.1329,=6.5144,=3.0194,=0.2659,=2.0877,=2.9181,=3.6507,=4.3270,=5.6880,=0.0244,=0.0892,=0.0073,=0.0090,=642
="930743",中证生科,2015-08-26,=-0.0168,=3038.4800,=-0.0773,=50.9442,=0.5194,=24.0733,=39.5208,=50.2952,=59.8284,=100.3520,=3.3722,=0.0408,=2.9526,=3.8998,=6.1861,=8.0612,=14.6705,=6.0493,=0.1418,=4.7455,=6.3055,=8.9468,=12.4379,=18.8359,=0.0226,=0.0618,=0.0204,=0.0098,=1219
="399316",巨潮小盘,2005-02-03,=0.0195,=6950.8900,=0.1560,=51.1744,=0.9604,=17.4883,=24.6121,=29.2593,=38.1916,=58.4724,=2.4945,=0.8120,=1.3049,=1.7086,=1.9645,=2.4521,=3.2926,=1.5923,=0.7708,=0.7478,=1.0120,=1.2297,=1.7373,=2.5759,=0.0167,=0.0444,=0.0142,=0.0108,=22
="930662",CS现代农,2015-07-13,=-0.0101,=936.6500,=-0.1254,=51.2506,=0.7195,=13.0417,=20.4661,=28.3364,=61.7371,=301.1137,=2.2470,=0.0656,=1.8555,=2.5298,=2.8435,=3.1465,=4.3308,=0.9897,=0.1171,=0.8273,=1.0226,=1.1726,=1.5582,=2.1026,=-0.0091,=0.0850,=0.0345,=0.0235,=49
="1000003",深圳A股,1994-01-01,=0.0223,=2862.7800,=0.1311,=51.5110,=0.9332,=20.1337,=32.6807,=37.4322,=46.6363,=60.3260,=3.1079,=0.7045,=1.7026,=2.2996,=2.6857,=3.2460,=3.9166,=2.2675,=0.6987,=1.2021,=1.6469,=1.9199,=2.4019,=3.2018,=0.0203,=0.0553,=0.0180,=0.0112,=1820
="930820",CS高端制,2016-05-11,=0.0272,=10550.2800,=0.2461,=51.7694,=0.9880,=21.5994,=28.9923,=36.5692,=42.5095,=53.9836,=4.5475,=0.9571,=2.0597,=2.7148,=3.1871,=3.8526,=4.9567,=2.9542,=0.9946,=1.1980,=1.7166,=2.0514,=2.4619,=3.0730,=0.0220,=0.0816,=0.0186,=0.0080,=310
="000958",创业成长,2010-03-24,=0.0402,=2129.8000,=0.3287,=51.8107,=1,=11.9506,=17.5032,=24.3300,=30.6865,=51.8107,=10.0245,=1,=2.6815,=3.7899,=5.1687,=6.3275,=10.0245,=6.3226,=1,=1.2937,=1.9105,=2.5447,=3.9741,=6.3226,=0.0493,=0.2198,=0.0640,=0.0057,=667
="930986",金融科技,2017-06-22,=-0.0054,=2622.0200,=-0.1599,=52.1695,=0.4374,=32.2484,=42.9200,=55.8760,=81.7911,=257.1796,=4.6946,=0.4961,=2.5474,=4.0104,=4.7073,=5.8287,=7.7786,=6.6613,=0.7499,=2.9625,=3.8675,=4.7421,=7.0245,=9.8281,=0.0192,=0.0872,=0.0151,=0.0076,=252
="399441",生物医药,2015-01-20,=-0.0199,=1999.7000,=-0.0681,=52.5964,=0.6430,=21.8350,=32.3563,=47.8260,=65.0320,=119.0737,=3.0248,=0.1237,=2.3073,=3.4280,=6.3756,=7.8152,=13.6606,=5.9444,=0.2024,=3.6424,=5.9229,=9.5707,=14.0901,=21.5399,=0.0194,=0.0565,=0.0192,=0.0115,=1671
="399610",TMT50,2010-11-08,=0.0495,=12750.8500,=0.3307,=52.6838,=0.9411,=21.0331,=30.1605,=38.0629,=46.3041,=64.7172,=6.8886,=0.9996,=2.4071,=3.2240,=4.0368,=5.1068,=6.8931,=3.8449,=0.8545,=1.5843,=2.0120,=2.7294,=3.7057,=4.9386,=0.0296,=0.1080,=0.0206,=0.0067,=513
="399970",移动互联,2014-05-05,=0.0325,=5342.2000,=0.1975,=53.5338,=0.9027,=21.2604,=32.0602,=40.2098,=49.4710,=64.0807,=5.5657,=0.7910,=2.3944,=3.2977,=4.0681,=5.6437,=7.9573,=3.0256,=0.7284,=1.5790,=2.0679,=2.5539,=3.2996,=4.6665,=0.0246,=0.0808,=0.0175,=0.0071,=468
="399959",军工指数,2011-08-30,=0.0076,=1789.4200,=-0.0144,=54.3906,=0.3131,=34.5950,=50.8774,=61.0981,=74.0584,=167.2472,=3.1902,=0.4347,=2.0269,=2.6530,=3.2689,=4.0402,=5.9912,=2.9066,=0.3272,=2.1044,=2.7149,=3.3296,=3.8912,=5.2606,=0.0143,=0.0591,=0.0108,=0.0069,=2
="399624",中创400,2011-08-15,=0.0231,=3079.9600,=0.1980,=54.6040,=0.8780,=22.4097,=32.9060,=40.4876,=48.7081,=82.4491,=3.5847,=0.8368,=1.6720,=2.4135,=2.8494,=3.4214,=5.3458,=2.8307,=0.8467,=1.2865,=1.8978,=2.2295,=2.7067,=4.6386,=0.0199,=0.0651,=0.0174,=0.0083,=230
="H30535",互联网,2015-01-12,=0.0309,=6273.7800,=0.2938,=55.6202,=0.9320,=14.4753,=20.7839,=35.1324,=47.3910,=65.8357,=7.1459,=0.9971,=1.7453,=2.4389,=3.1977,=4.0028,=7.4414,=4.4053,=0.9967,=1.1519,=1.6628,=1.9660,=2.8064,=4.6349,=0.0359,=0.1165,=0.0168,=0.0063,=21
="931165",新兴科技100,2019-04-25,=0.0325,=10401.3800,=0.2223,=55.8253,=1,=17.0055,=23.2394,=29.1244,=38.9801,=55.8253,=10.5919,=1,=3.5721,=4.3329,=5.2817,=7.4873,=10.5919,=10.0268,=1,=3.0368,=3.6469,=4.7846,=6.2492,=10.0268,=0.0515,=0.1919,=0.0378,=0.0062,=519
="930821",中证VR,2016-05-11,=0.0423,=3839.8000,=0.2025,=55.8685,=0.8029,=17.6816,=31.4938,=42.9875,=55.5992,=175.0572,=3.8121,=0.7569,=1.7358,=2.3267,=2.8575,=4.0778,=5.0269,=2.2513,=0.6529,=1.1117,=1.4734,=1.9007,=2.8883,=3.7313,=0.0113,=0.0443,=0.0138,=0.0070,=146
="000852",中证1000,2014-10-17,=0.0214,=8692.6700,=0.1445,=55.9555,=0.8932,=18.9344,=30.9274,=37.8121,=48.0889,=81.8025,=2.8421,=0.7498,=1.4880,=2.1060,=2.4400,=2.9493,=4.2563,=1.9641,=0.7972,=0.9250,=1.3827,=1.5870,=1.9703,=3.5402,=0.0158,=0.0499,=0.0155,=0.0092,=7282
="931087",科技龙头,2019-03-20,=0.0425,=7099.4800,=0.3506,=56.9010,=0.9436,=22.2848,=33.5847,=40.2816,=51.0611,=64.5538,=7.5309,=0.9678,=2.8190,=4.2015,=5.2567,=6.4513,=8.4597,=5.8985,=0.9764,=2.0316,=3.3069,=3.9454,=4.8783,=6.4338,=0.0321,=0.1080,=0.0209,=0.0052,=2082
="931696",科技50策略,2021-07-12,=0.0313,=27809.2400,=0.3805,=57.8471,=0.9941,=23.0047,=27.7181,=33.4817,=41.9827,=58.4490,=9.0745,=0.9830,=3.0567,=3.8995,=4.4095,=6.9577,=9.7885,=4.9855,=0.9559,=1.9010,=2.3587,=2.6515,=4.0258,=6.7093,=0.0396,=0.1271,=0.0285,=0.0054,=10
="931079",5G通信,2019-04-25,=0.0549,=2927.9100,=0.5188,=59.4124,=0.9977,=21.0709,=27.5517,=33.2771,=43.6797,=103.6981,=8.3900,=0.9994,=2.3623,=3.0350,=3.5989,=5.2118,=8.4595,=3.4063,=0.9994,=1.1916,=1.4855,=1.8608,=2.3107,=3.4406,=0.0389,=0.1398,=0.0276,=0.0055,=2262
="980030",消费电子,2015-02-17,=0.0634,=10253.9100,=0.4113,=60.6012,=0.9947,=18.6467,=31.5121,=38.4826,=46.9947,=62.1614,=5.0680,=0.9726,=2.0026,=2.5908,=2.9706,=4.1298,=5.7500,=2.5754,=0.8935,=1.1413,=1.3962,=1.5689,=2.2854,=3.4515,=0.0190,=0.0648,=0.0154,=0.0057,=376
="930606",中证钢铁,2015-03-31,=0.0032,=1055.7000,=-0.0938,=61.2059,=0.7778,=5.9346,=9.2015,=19.0694,=128.3859,=77593.1899,=1.0370,=0.4514,=0.7076,=0.9198,=1.0663,=1.3569,=2.0450,=0.4928,=0.5878,=0.2931,=0.3819,=0.4578,=0.6287,=1.2948,=0.0020,=0.0221,=0.0071,=0.0223,=762
="931160",通信设备,2013-07-15,=0.0457,=22746.1800,=0.4713,=61.6849,=0.8788,=19.3231,=27.7990,=36.6969,=52.8125,=91.1971,=9.6256,=0.9979,=2.1520,=2.8712,=3.4261,=3.9737,=9.9294,=3.4773,=0.9979,=0.9706,=1.2833,=1.5072,=2.4410,=3.5969,=0.0428,=0.1280,=0.0276,=0.0060,=1232
="000915",300信息,2007-07-02,=0.0425,=4350.0200,=0.3382,=61.9625,=0.9909,=20.6178,=34.5626,=39.5580,=47.5444,=68.0661,=7.2671,=0.9996,=2.7398,=3.5399,=4.3339,=5.3395,=7.3159,=3.5534,=0.6006,=1.6744,=2.1697,=3.2164,=4.1020,=4.9963,=0.0247,=0.0971,=0.0166,=0.0063,=18
="931380",科技50,2019-11-25,=0.0339,=4162.5100,=0.3174,=62.4951,=0.9453,=22.4426,=31.1232,=45.5418,=56.4074,=71.9143,=7.1184,=0.7626,=2.7627,=3.8548,=5.2978,=7.3516,=9.9144,=5.8627,=0.8568,=2.1802,=3.0460,=4.0379,=5.5609,=7.7525,=0.0253,=0.0951,=0.0118,=0.0064,=946
="931643",科创创业50,2021-06-01,=0.0320,=2685.3800,=0.3462,=64.2128,=0.8746,=22.6109,=28.3967,=39.7867,=57.0264,=92.9106,=8.3584,=0.8729,=3.3216,=4.1618,=5.1439,=6.9940,=12.1685,=7.6164,=0.8331,=2.7030,=3.3853,=4.5758,=6.9296,=14.6821,=0.0368,=0.1190,=0.0246,=0.0062,=1931
="931461",电子50,2009-07-22,=0.0429,=8294.8400,=0.4071,=64.4373,=0.9918,=20.3357,=30.2775,=36.2896,=47.5398,=68.3511,=7.3871,=1,=2.5323,=3.1789,=3.6759,=5.2103,=7.3871,=3.6334,=0.9320,=1.1588,=1.7960,=2.0561,=3.0275,=4.5428,=0.0239,=0.0884,=0.0169,=0.0057,=435
="399363",云科技,2009-08-03,=0.0404,=13870.5800,=0.4845,=64.6263,=0.9802,=25.0041,=36.0760,=41.7451,=49.5252,=74.9161,=10.2202,=0.9988,=3.0187,=3.9521,=4.6839,=5.6388,=10.4646,=4.1899,=0.9613,=1.6015,=2.2265,=3.0797,=3.7633,=4.5583,=0.0491,=0.1469,=0.0254,=0.0055,=282
="931494",消费电子,2020-06-12,=0.0484,=7149.3100,=0.4056,=64.7863,=0.9896,=20.2625,=31.4390,=38.3873,=50.7324,=68.9438,=6.7074,=1,=2.1307,=2.8083,=3.4600,=5.0109,=6.7074,=3.2454,=1,=1.3000,=1.6428,=1.9383,=2.5854,=3.2454,=0.0228,=0.0807,=0.0166,=0.0056,=220
="930713",CS人工智,2015-07-31,=0.0256,=6809.7700,=0.2892,=65.2436,=0.8619,=24.8131,=43.8200,=53.2816,=62.6173,=90.1869,=8.7056,=0.9992,=2.8384,=3.9100,=4.7030,=5.4132,=8.8463,=6.1156,=0.9984,=2.3148,=3.1674,=3.7880,=4.2988,=6.2947,=0.0330,=0.1245,=0.0172,=0.0050,=1017
="930850",智能制造,2016-07-20,=0.0318,=6380.2600,=0.3328,=65.6843,=0.9956,=23.4329,=32.5104,=41.2657,=49.8809,=68.6157,=6.4515,=0.9996,=2.5370,=3.5011,=4.1192,=5.0355,=6.5126,=3.7474,=0.8380,=1.5919,=2.3437,=2.7633,=3.5114,=5.3954,=0.0208,=0.0857,=0.0160,=0.0061,=359
="399994",信息安全,2015-03-12,=0.0228,=1862.7800,=0.0218,=65.8622,=0.4765,=35.0629,=52.7528,=67.0223,=85.7906,=183.5630,=3.7875,=0.4242,=2.3256,=3.3624,=3.8871,=4.6005,=6.2767,=2.8642,=0.1797,=2.1829,=2.8974,=3.2721,=3.8380,=5.1182,=0.0078,=0.0539,=0.0040,=0.0109,=88
="930652",CS电子,2015-06-05,=0.0422,=13641.4900,=0.3907,=66.1546,=0.9909,=21.2056,=33.8173,=43.2208,=51.3920,=71.5815,=7.1864,=1,=2.2039,=3.1461,=3.6437,=4.7438,=7.1864,=3.8560,=0.9967,=1.4014,=2.0216,=2.2890,=3.0163,=4.1010,=0.0249,=0.0838,=0.0162,=0.0054,=474
="930707",中证畜牧,2015-07-13,=-0.0068,=1958.6500,=-0.1127,=66.1745,=0.7552,=11.3375,=17.7937,=26.9050,=113.3570,=237.1331,=2.2736,=0,=2.2736,=2.6967,=3.3244,=4.2745,=5.8838,=0.9502,=0.0569,=0.8185,=1.0461,=1.4403,=2.0957,=2.9452,=-0.0138,=0.0829,=0.0347,=0.0242,=1180
="000935",中证信息,2009-07-03,=0.0412,=8570.4800,=0.3354,=69.1155,=0.9847,=22.3783,=36.3294,=44.9128,=54.2164,=77.7561,=6.9958,=1,=2.5910,=3.3282,=4.0443,=4.7311,=6.9958,=4.0607,=0.9518,=1.7187,=2.2023,=2.7270,=3.5206,=4.5057,=0.0237,=0.0833,=0.0137,=0.0054,=1116
="931071",人工智能,2018-11-21,=0.0245,=2954.3200,=0.3041,=69.5599,=0.9783,=30.9003,=39.6613,=48.3343,=56.3213,=74.4524,=10.8157,=0.9989,=2.9559,=3.8942,=4.7230,=5.8693,=10.9439,=8.8112,=0.9978,=2.2000,=2.7950,=3.1849,=4.0507,=9.0343,=0.0409,=0.1450,=0.0239,=0.0052,=1323
="899050",北证50,2022-11-21,=0.0026,=1327.2600,=-0.0786,=70.1261,=0.8570,=15.5447,=18.2597,=30.4889,=67.0322,=91.3357,=4.4499,=0.6489,=2.0170,=2.4237,=2.9167,=4.9782,=5.6644,=3.5363,=0.5957,=1.3969,=1.6931,=2.0466,=4.1373,=5.1557,=0.0174,=0.0675,=-0.0021,=0.0074,=729
="980022",机器人产业,2015-02-25,=0.0146,=2891.1700,=0.0895,=70.6248,=0.8974,=13.7974,=16.6127,=20.0091,=41.1728,=93.9438,=5.6868,=0.9695,=2.5198,=3.0453,=3.5734,=4.7282,=6.2730,=4.7572,=0.9188,=1.0172,=1.2335,=1.4197,=3.3970,=5.9220,=0.0186,=0.0892,=0.0245,=0.0046,=280
="399303",国证2000,2014-03-28,=0.0235,=11480.5000,=0.1531,=70.7715,=0.9324,=23.3937,=36.3012,=42.0208,=53.5565,=96.7185,=3.0870,=0.8619,=1.4941,=2.0787,=2.2977,=2.7687,=4.2124,=2.3426,=0.8520,=1.0643,=1.3926,=1.5532,=2.1216,=3.4322,=0.0140,=0.0453,=0.0143,=0.0080,=708
="931866",中证机床,2022-05-09,=0.0299,=2723.1300,=0.5186,=70.9343,=0.9864,=28.6086,=36.8106,=40.3118,=50.6714,=75.6656,=7.2864,=1,=2.8302,=3.7387,=4.2499,=4.9900,=7.2864,=5.9832,=1,=2.4023,=3.1504,=3.4121,=4.0776,=5.9832,=0.0321,=0.1022,=0.0244,=0.0053,=151
="930875",空天军工,2016-08-17,=0.0165,=2452.9400,=0.0138,=71.3011,=0.7520,=27.3832,=45.4242,=55.3001,=73.3042,=98.7933,=3.8977,=0.5943,=2.4052,=3.1510,=3.6137,=4.9481,=7.9650,=3.4705,=0.4445,=2.1274,=2.8875,=3.7238,=4.5368,=7.7673,=0.0090,=0.0567,=0.0104,=0.0062,=105
="931469",云计算50,2020-06-12,=0.0258,=4358.7600,=0.1768,=72.4378,=0.6099,=43.1726,=58.3315,=68.3490,=82.0618,=130.8911,=9.8410,=0.9951,=3.0031,=3.8654,=5.0715,=6.0959,=10.3438,=5.6745,=0.9951,=2.2186,=2.8428,=3.4719,=4.1930,=5.9760,=0.0385,=0.1212,=0.0175,=0.0026,=59
="000993",全指信息,2011-08-02,=0.0391,=11401.5800,=0.3434,=72.6729,=0.8854,=27.3163,=42.0292,=52.3604,=67.3680,=96.2351,=6.9903,=1,=2.5265,=3.2907,=4.0171,=4.7036,=6.9903,=4.1802,=0.9089,=1.8009,=2.3376,=2.8253,=3.4663,=5.4447,=0.0221,=0.0751,=0.0134,=0.0051,=4078
="H30318",科技传媒通信150,2014-04-15,=0.0408,=4471.2500,=0.4542,=73.8075,=0.9996,=19.8534,=28.8631,=38.1374,=49.7717,=74.0434,=9.7639,=0.9996,=2.0037,=2.4801,=3.5091,=4.2848,=9.7841,=5.3500,=0.9996,=1.2409,=1.8640,=2.2975,=2.7559,=5.3671,=0.0368,=0.1091,=0.0211,=0.0040,=38
="931845",生猪产业,2012-04-11,=-0.0103,=1132.1600,=-0.1381,=73.8357,=0.7881,=12.7881,=21.1629,=29.0112,=101.0404,=705.7713,=2.5495,=0.0016,=2.5125,=2.9024,=3.5073,=4.1514,=5.7536,=0.9675,=0.0507,=0.8594,=1.0430,=1.6565,=2.1723,=2.8287,=-0.0154,=0.0788,=0.0361,=0.0273,=163
="931009",建筑材料,2013-07-15,=0.0072,=6025.0100,=-0.0405,=73.8437,=0.9926,=8.0662,=10.3819,=14.4014,=24.6670,=95.7816,=0.9667,=0.1110,=0.7557,=1.0189,=1.5177,=2.0001,=2.4800,=1.0739,=0.3404,=0.6904,=0.9624,=1.1646,=1.5182,=2.1670,=-0.0025,=0.0109,=-0.0006,=0.0245,=737
="399368",国证军工,2009-11-04,=0.0127,=8508.9300,=-0.0016,=74.0258,=0.7424,=38.1822,=54.2867,=63.7417,=78.3589,=107.0849,=3.5424,=0.7828,=2.0244,=2.5859,=3.0405,=3.5694,=4.3940,=3.4144,=0.6261,=1.8459,=2.5701,=3.1888,=3.6960,=4.8014,=0.0129,=0.0477,=0.0081,=0.0054,=12
="399973",中证国防,2014-04-15,=0.0178,=1876.8300,=0.0091,=74.4073,=0.8108,=28.8580,=43.6048,=54.2136,=73.3390,=114.4667,=3.8204,=0.5705,=2.3880,=3.0104,=3.5808,=4.9227,=7.7047,=3.5604,=0.4237,=1.9566,=2.7338,=3.8960,=4.5657,=7.1179,=0.0086,=0.0535,=0.0095,=0.0059,=631
="399291",创精选88,2019-11-06,=0.0341,=5501.6900,=0.2042,=74.4798,=0.8817,=32.8940,=42.0686,=54.1939,=65.1137,=106.4385,=4.3029,=0.8766,=1.8895,=2.8537,=3.4006,=3.9111,=4.9331,=4.7459,=0.9197,=1.9655,=2.6199,=3.0873,=4.2769,=5.5728,=0.0173,=0.0556,=0.0131,=0.0067,=40
="931066",军工龙头,2018-02-05,=0.0045,=3256.0500,=-0.0575,=75.6110,=0.9183,=29.1719,=34.8835,=42.7049,=51.9363,=100.5281,=3.4927,=0.3896,=2.2914,=3.1482,=3.7029,=4.6265,=6.9932,=3.2108,=0.3926,=2.1745,=2.8210,=3.4629,=4.1960,=5.8746,=0.0067,=0.0495,=0.0098,=0.0065,=1066
="399967",中证军工,2013-12-26,=0.0154,=13883.1200,=-0.0091,=75.9590,=0.7156,=41.8350,=54.9002,=65.1622,=98.4867,=218.2738,=3.8214,=0.7857,=2.0425,=2.6005,=3.1809,=3.8771,=4.8699,=3.5276,=0.6253,=2.0545,=2.7177,=3.1159,=4.0228,=5.8225,=0.0129,=0.0501,=0.0096,=0.0050,=5928
="931582",数字经济,2020-11-09,=0.0204,=1877.4800,=0.2716,=76.5824,=0.9836,=35.0365,=43.8125,=50.0693,=65.3125,=83.2725,=7.9387,=0.9664,=3.4564,=4.8842,=5.6444,=6.5341,=9.8458,=7.0279,=0.7381,=2.4970,=3.8556,=5.8177,=7.6298,=11.8341,=0.0236,=0.0954,=0.0158,=0.0040,=181
="930910",农牧渔,2016-12-12,=-0.0070,=8749.9100,=-0.1225,=77.3835,=0.7602,=13.2246,=20.8474,=29.2951,=98.1940,=30031.8592,=2.2592,=0.0153,=2.1027,=2.5013,=2.9817,=3.6542,=4.9084,=1.0252,=0.1105,=0.8679,=1.0814,=1.4919,=2.0579,=2.7290,=-0.0088,=0.0664,=0.0304,=0.0213,=8
="H30590",机器人,2015-02-10,=0.0161,=2266.8000,=0.1879,=77.4506,=0.9650,=24.1742,=42.0198,=50.8759,=63.0233,=89.9138,=5.2271,=0.9530,=2.1765,=2.8831,=3.6958,=4.3774,=6.0751,=5.1239,=0.9728,=1.6011,=2.4247,=3.4044,=4.3048,=5.6179,=0.0149,=0.0720,=0.0144,=0.0052,=857
="1000007",创业板全指,2010-05-01,=0.0291,=4678.3800,=0.1961,=77.9058,=0.7176,=33.8134,=48.2400,=61.0232,=100.0107,=334.2333,=5.0912,=0.7708,=2.3083,=3.3593,=4.0482,=5.2629,=6.6514,=4.4804,=0.5998,=2.1439,=3.2922,=4.1201,=5.6059,=8.9790,=0.0212,=0.0638,=0.0178,=0.0068,=1920
="930851",云计算,2016-07-20,=0.0177,=7022.3200,=0.0832,=80.7364,=0.6432,=37.0632,=52.7831,=67.3777,=96.5432,=313.0672,=8.6590,=0.9969,=2.7148,=3.6026,=4.2800,=5.3588,=9.1233,=5.6682,=0.9969,=1.6839,=2.4211,=3.1107,=3.7196,=5.9819,=0.0301,=0.0896,=0.0112,=0.0026,=453
="931480",线上消费,2020-05-06,=-0.0048,=792.3000,=-0.0580,=80.9189,=0.6553,=33.5813,=47.6368,=66.3518,=96.8384,=132.5169,=3.2957,=0.5891,=1.9483,=2.5009,=3.0994,=3.7030,=5.0305,=3.4272,=0.9140,=1.1811,=1.5022,=1.8083,=2.8393,=4.8094,=0.0131,=0.0458,=0.0190,=0.0093,=75
="399993",CSWD生科,2015-05-08,=-0.0094,=2435.0400,=-0.0657,=81.1111,=0.9254,=31.0960,=44.1993,=56.6720,=73.2931,=122.8633,=3.4102,=0.1381,=2.5928,=3.6729,=6.2032,=7.6052,=15.2283,=6.9231,=0.2238,=4.8204,=6.7589,=9.4226,=14.3692,=21.1379,=0.0163,=0.0356,=0.0147,=0.0101,=67
="932088",全指航空,2023-03-23,=0.0045,=846.3300,=-0.0360,=83.9319,=0.7081,=36.9197,=48.5938,=66.4330,=88.6506,=116.5746,=3.8488,=0.7853,=2.3948,=3.0230,=3.3726,=3.8924,=4.9751,=3.5285,=0.4267,=2.2988,=2.8996,=3.5920,=4.0730,=4.9356,=0.0077,=0.0470,=0.0092,=0.0058,=34
="931144",通信技术,2019-05-30,=0.0579,=4127.3000,=0.7728,=84.9707,=0.9823,=22.8153,=30.3366,=36.3097,=49.8581,=113.1406,=11.7247,=0.9994,=2.5671,=3.1027,=3.6612,=4.7080,=11.7614,=7.4170,=0.9994,=1.6428,=2.0951,=2.4675,=3.3507,=7.4478,=0.0432,=0.1354,=0.0299,=0.0027,=241
="970070",创业板人工智能,2024-07-11,=0.0421,=8107.4900,=0.3673,=91.2541,=0.7149,=48.3861,=70.9456,=80.3525,=94.5489,=119.1606,=12.2914,=0.9844,=3.3467,=5.0101,=5.9769,=9.3674,=12.8902,=10.2492,=0.9710,=3.4016,=4.9181,=5.9416,=8.6976,=10.7512,=0.0381,=0.1206,=0.0167,=0.0034,=208
="932038",央企科技引领,2022-11-16,=0.0269,=1921.0900,=0.2836,=95.1767,=0.9953,=31.0707,=37.6604,=44.6029,=72.1990,=97.7384,=6.4597,=0.9953,=2.7684,=3.4421,=3.9542,=4.7886,=6.5625,=6.5521,=0.9953,=2.3932,=3.1200,=3.8848,=5.1798,=6.7391,=0.0105,=0.0636,=0.0096,=0.0047,=35
="000858",500信息,2013-11-06,=0.0383,=14014.5500,=0.3298,=96.5671,=0.8887,=25.3805,=43.9766,=64.2459,=88.4008,=209.3531,=6.4068,=0.9996,=2.1626,=2.9041,=3.3886,=3.9447,=6.4544,=6.2618,=0.9996,=1.1229,=1.9074,=2.6874,=3.5872,=6.3135,=0.0212,=0.0505,=0.0070,=0.0033,=349
="932438",科创创业机器人,2025-05-16,=0.0193,=1875.9300,=0.1608,=99.5876,=0.9634,=67.6486,=76.8282,=82.9535,=91.2445,=103.3521,=6.3511,=0.8984,=4.9598,=5.2630,=5.6279,=6.1826,=6.8835,=6.5350,=0.7033,=5.2672,=5.7359,=6.0571,=6.6481,=7.4199,=0.0153,=0.0666,,=0.0034,=50
="930790",CS娱乐TI,2016-03-22,=-0.0040,=1295.7800,=-0.0886,=99.8171,=0.9247,=17.3299,=32.7355,=48.7902,=79.3892,=245.3480,=2.5089,=0.4729,=1.6576,=2.1328,=2.5570,=3.1238,=3.8872,=2.8015,=0.1999,=2.2057,=2.8015,=3.2465,=4.0400,=5.0752,=0.0124,=0.0200,=0.0156,=0.0151,=14
="399019",创业200,2023-11-15,=0.0284,=5118.4000,=0.1258,=100.1085,=0.6061,=45.1604,=59.2585,=85.8077,=110.8984,=137.0675,=4.3448,=0.9932,=1.8905,=2.4263,=3.1750,=3.8400,=4.4299,=3.8594,=0.9728,=1.7802,=2.2902,=2.8048,=3.3652,=3.9712,=0.0165,=0.0404,=0.0111,=0.0058,=83
="930633",中证旅游,2015-05-08,=-0.0123,=2472.9400,=-0.2551,=101.3377,=0.4295,=15.8968,=21.7494,=1950.4152,=-51.0196,=11171.4579,=2.0521,=0.1084,=1.6473,=2.1807,=2.3720,=2.8097,=3.6934,=1.1037,=0.0033,=1.0607,=1.3399,=1.6097,=2.5762,=3.7607,=0.0208,=-0.0128,=-0.0016,=0.0094,=601
="931521",高装细分50,2020-07-08,=0.0137,=3184.4900,=-0.0426,=103.8770,=0.8061,=33.8051,=48.4023,=56.2793,=92.2691,=160.3029,=4.3678,=0.5932,=2.5146,=3.4297,=4.1493,=5.0129,=6.8876,=4.4859,=0.5224,=2.7226,=3.8821,=4.4339,=5.0968,=6.7300,=0.0050,=0.0438,=0.0069,=0.0048,=78
="000683",科创生物,2022-05-09,=-0.0167,=1039.7000,=-0.0305,=104.3492,=0.0981,=31.4909,=162.5747,=2016.9717,=-209.9494,=97054.3385,=6.0943,=0.7589,=4.0903,=4.8764,=5.4063,=6.3309,=7.9611,=9.7295,=0.3187,=7.6079,=9.2370,=10.3623,=11.4659,=14.1963,=0.0094,=0.0457,=0.0035,=0.0031,=51
="931247",中证信创,2012-12-21,=0.0191,=1608.8800,=0.0992,=106.3205,=0.2370,=66.5979,=102.1546,=206.3104,=276.9110,=369.3964,=6.9259,=0.9689,=2.7947,=3.4728,=4.6595,=5.7568,=7.4810,=5.6092,=0.9728,=2.8203,=3.3953,=4.0889,=4.8098,=6.0696,=0.0271,=0.0400,=0.0016,=0.0032,=93
="932456",科创创业AI,2025-05-14,=0.0302,=4033.5000,=0.3863,=108.3954,=0.1240,=95.3901,=111.2656,=118.0430,=143.8340,=192.3777,=13.7599,=0.9840,=6.1464,=7.0727,=10.2124,=11.1229,=14.1165,=17.1376,=0.9840,=9.0747,=10.6110,=14.4456,=15.4549,=17.5959,=0.0437,=0.0985,,=0.0017,=37
="CN5082",国证航天,2015-02-16,=0.0049,=6894.8092,=-0.0921,=111.3534,=0.7875,=44.4252,=58.7080,=73.0296,=113.1872,=173.9279,=4.1092,=0.7224,=2.1924,=2.8248,=3.3443,=4.3768,=5.7727,=4.0093,=0.7722,=1.9232,=2.5659,=3.3653,=4.1044,=6.0090,=0.0055,=0.0382,=0.0066,=0.0048,=10
="930601",中证软件,2015-03-10,=-0.0012,=5761.2300,=-0.0837,=113.8426,=0.7659,=29.3378,=51.8564,=79.3734,=128.9417,=302.4908,=5.1074,=0.6307,=2.7207,=3.9641,=4.6783,=5.7449,=7.7476,=5.2679,=0.5800,=2.8007,=4.0731,=4.9692,=6.1148,=9.8975,=0.0078,=0.0385,=-0.0029,=0.0060,=383
="CN5075",国证信创,2015-02-16,=0.0255,=11451.4249,=0.3645,=114.4037,=0.7368,=39.3034,=49.6765,=75.7470,=124.1579,=152.0158,=8.7407,=0.9983,=3.0386,=3.5448,=5.1339,=7.0851,=8.9280,=6.6001,=0.9983,=2.8415,=3.6650,=4.3692,=5.3523,=6.7415,=0.0268,=0.0598,=0.0136,=0.0024,=28
="930902",中证数据,2016-10-18,=0.0126,=3367.4600,=0.0560,=116.1637,=0.7759,=37.6891,=57.1261,=78.1239,=122.2710,=366.0842,=4.6219,=0.7793,=2.4001,=3.4170,=3.9830,=4.6862,=5.5171,=3.0836,=0.3233,=2.0473,=2.8880,=3.3909,=4.1691,=7.0542,=0.0025,=0.0339,=0.0011,=0.0035,=241
="H30202",软件指数,2013-07-15,=-0.0008,=13666.2000,=-0.0936,=120.5860,=0.6814,=45.1036,=65.7516,=91.1160,=155.6957,=372.5263,=5.1057,=0.3809,=2.9348,=4.5157,=5.4438,=6.6344,=8.8705,=6.9284,=0.5099,=3.9010,=5.4106,=6.8909,=8.1071,=13.5560,=0.0053,=0.0344,=-0.0039,=0.0061,=312
="000698",科创100,2023-08-07,=0.0223,=1933.2300,=0.3260,=131.4340,=0.1961,=60.6995,=132.0437,=216.9160,=255.8310,=337.2511,=7.0889,=0.9970,=2.7397,=3.5868,=4.1517,=5.6222,=7.2760,=8.6265,=0.8767,=4.0312,=5.0839,=6.1102,=8.2450,=10.0837,=0.0093,=0.0369,=0.0028,=0.0028,=528
="950161",科创新药,2024-08-23,=-0.0184,=1210.1200,=-0.0148,=133.7566,=0.0048,=133.0369,=-609.6736,=-140.9498,=-89.0993,=1578.9342,=8.4099,=0.3667,=4.9324,=6.5803,=8.9591,=10.4871,=12.9042,=10.8119,=0.2643,=8.4204,=10.2321,=12.6193,=14.4744,=17.6998,=0.0059,=0.0403,=-0.0091,=0.0014,=12
="H30007",芯片产业,2012-12-20,=0.0257,=4696.7900,=0.4832,=134.3925,=0.9534,=24.2382,=40.3144,=67.6768,=110.2691,=186.5687,=9.9950,=0.9955,=1.9412,=3.6288,=4.4697,=7.0741,=11.2654,=14.3956,=0.9996,=1.5871,=3.6497,=6.4317,=8.0919,=14.6633,=0.0230,=0.0446,=0.0109,=0.0012,=509
="H30184",半导体,2013-07-15,=0.0276,=13807.1100,=0.5004,=135.9740,=0.9827,=33.2056,=51.6446,=76.5470,=104.7984,=154.8888,=9.5964,=0.9728,=2.5082,=3.4110,=4.7485,=7.3009,=12.2763,=14.4492,=0.9996,=1.3963,=2.6456,=6.8707,=9.1269,=14.7590,=0.0203,=0.0527,=0.0094,=0.0013,=3300
="980076",通用航空,2012-12-28,=0.0058,=3436.1500,=-0.0740,=139.6659,=0.9157,=69.9916,=79.8173,=100.4616,=127.2549,=158.1149,=3.9975,=0.7413,=2.7445,=3.2064,=3.5093,=4.1344,=5.1513,=4.7288,=0.7297,=3.4358,=4.0692,=4.2989,=5.0217,=6.3273,=0.0066,=0.0297,=0.0083,=0.0041,=56
="932087",集成电路,2023-03-29,=0.0328,=1645.0700,=0.4525,=142.5591,=0.6947,=46.1239,=98.5568,=131.2037,=150.5586,=195.7770,=9.3104,=0.9987,=3.1405,=3.8616,=5.0665,=6.8026,=9.4779,=14.6366,=0.9987,=5.8347,=7.5491,=8.9045,=11.4024,=14.9109,=0.0203,=0.0481,=0.0079,=0.0013,=36
="990001",中华半导体芯片,2019-03-18,=0.0262,=17796.0700,=0.4722,=142.7789,=0.9799,=33.1780,=61.1932,=84.0417,=113.8780,=160.7761,=9.6510,=0.9833,=3.1429,=4.2519,=5.2954,=7.3485,=10.9977,=14.4351,=0.9994,=3.3238,=6.0736,=7.0796,=9.0676,=14.6931,=0.0177,=0.0410,=0.0101,=0.0012,=1372
="931743",半导体材料设备,2012-12-21,=0.0101,=8611.2700,=0.6724,=143.0657,=0.9986,=30.1973,=39.3413,=58.9039,=78.7536,=148.5198,=10.9360,=0.9986,=2.5588,=3.3427,=4.2006,=6.3907,=11.3477,=16.1092,=0.9986,=2.5903,=3.1418,=3.7959,=9.9230,=16.7233,=0.0198,=0.0706,=0.0130,=0.0013,=226
="000690",科创成长,2022-11-04,=0.0285,=2579.1800,=0.3757,=149.5866,=0.7701,=26.4295,=43.6473,=81.4067,=157.0208,=288.8500,=15.2252,=0.9977,=3.7827,=4.8327,=5.4322,=11.2973,=15.6855,=15.7118,=0.8833,=2.7510,=3.9751,=5.0402,=13.6107,=19.2028,=0.0188,=0.1043,=0.0143,=0.0021,=120
="000682",科创信息,2021-08-16,=0.0188,=2827.7400,=0.4183,=155.8108,=0.9461,=41.6131,=59.3305,=91.8502,=129.5487,=187.1367,=10.4583,=0.9991,=3.3247,=4.3381,=5.3199,=6.4319,=10.7122,=14.9819,=0.9991,=5.5790,=7.2852,=8.8308,=11.1427,=15.3818,=0.0200,=0.0432,=0.0072,=0.0017,=98
="950180",科创AI,2024-07-25,=0.0182,=2861.3900,=0.2733,=157.9008,=0.6856,=66.2784,=97.4838,=139.9231,=169.6836,=271.3436,=13.2990,=0.9932,=3.9039,=5.9181,=8.7361,=11.1181,=13.6566,=17.9480,=0.9909,=6.3298,=9.2904,=13.2604,=16.0256,=18.4390,=0.0274,=0.0670,=0.0163,=0.0022,=205
="932000",中证2000,2023-08-11,=0.0263,=3664.5200,=0.1440,=160.9208,=0.8894,=44.0427,=57.8470,=82.8428,=154.6668,=228.3990,=3.2373,=0.9880,=1.5089,=1.9579,=2.3228,=2.8338,=3.3036,=2.6142,=0.9895,=1.1809,=1.5402,=1.8154,=2.3133,=2.6726,=0.0098,=0.0154,=0.0097,=0.0063,=1137
="000688",科创50,2020-07-23,=0.0151,=1790.7700,=0.3322,=167.8746,=0.9504,=35.5957,=42.4753,=70.2384,=108.1151,=196.9562,=7.8562,=0.9646,=2.9443,=4.1396,=4.8263,=6.7121,=9.0182,=9.0582,=0.8009,=3.1319,=4.5211,=5.4940,=9.0161,=13.2586,=0.0135,=0.0347,=0.0045,=0.0025,=7777
="000689",科创材料,2022-08-15,=0.0341,=1620.0400,=0.3363,=177.3748,=0.9846,=38.7753,=45.1141,=77.7223,=143.9645,=199.6324,=5.7032,=0.9945,=1.9307,=2.5953,=3.1622,=4.4097,=5.8296,=6.9831,=0.9945,=2.1963,=3.1202,=4.0073,=4.9828,=7.1569,=0.0126,=0.0258,=0.0058,=0.0029,=30
="931865",中证半导,2019-03-20,=0.0089,=7889.6200,=0.5942,=182.0789,=0.9990,=32.8138,=44.1198,=72.3737,=108.0828,=188.1592,=12.3627,=0.9990,=3.3892,=4.1360,=5.0758,=6.6246,=12.7723,=20.5098,=0.9990,=6.4190,=7.6750,=8.6201,=12.0331,=21.1947,=0.0168,=0.0580,=0.0153,=0.0009,=191
="950162",科创芯片设计,2024-07-26,=0.0241,=2830.8500,=0.5216,=192.9041,=0.0594,=161.6128,=235.7671,=277.2134,=386.8313,=687.1301,=15.8899,=0.9909,=4.2582,=7.5673,=8.7460,=12.4804,=16.3441,=23.5087,=0.9886,=8.7765,=14.3854,=16.4591,=20.5731,=24.2538,=0.0309,=0.0713,=0.0107,=0.0013,=39
="399020",创业小盘,2023-11-15,=0.0292,=2098.9500,=0.1807,=194.8862,=0.6639,=48.5170,=80.8362,=148.3928,=215.3635,=256.8495,=4.3358,=0.9934,=1.8521,=2.4337,=3.1902,=3.7466,=4.3734,=4.1930,=0.9720,=1.9895,=2.5534,=3.1438,=3.7547,=4.2999,=0.0115,=0.0199,=0.0104,=0.0050,=11
="000685",科创芯片,2022-06-13,=0.0197,=4073.0800,=0.5585,=195.7966,=0.9340,=42.1555,=64.9030,=116.2526,=174.5365,=235.0390,=11.1524,=0.9990,=3.1235,=4.0383,=5.0099,=6.3803,=11.5014,=21.0033,=0.9990,=7.4796,=10.0157,=12.1001,=14.4054,=21.6808,=0.0152,=0.0415,=0.0074,=0.0009,=449
="950125",科创半导体材料设备,2024-07-26,=0.0161,=3679.0300,=0.7125,=199.8694,=0.9977,=70.4245,=115.5191,=126.7923,=156.4479,=207.3254,=8.7913,=0.9977,=2.8469,=4.7435,=5.2257,=6.4905,=9.1151,=18.5270,=0.9977,=7.2923,=10.8261,=12.7203,=14.4336,=19.2181,=0.0075,=0.0371,=0.0094,=0.0006,=104
="000680",科创综指,2025-01-20,=0.0221,=2148.1800,=0.3125,=200.8259,=0.3000,=115.7401,=147.0596,=213.2037,=234.3067,=278.5830,=6.8559,=0.9969,=3.4337,=3.9314,=5.0752,=5.6482,=6.9994,=8.9148,=0.9969,=4.7291,=5.4295,=6.9599,=7.7368,=9.1105,=0.0091,=0.0262,=0.0033,=0.0027,=189
="1000014",科创板全指,2019-07-22,,,,=202.4027,=0.8894,=34.6058,=58.2111,=76.3500,=126.6599,=267.8356,=6.8045,=0.8834,=2.4875,=3.7726,=4.7845,=6.3783,=9.5957,=8.8891,=0.7553,=3.3799,=5.1699,=6.4247,=9.8012,=14.1086,=0.0091,=0.0255,=0.0035,=0.0027,=1288
="980017",国证芯片,2015-02-17,=0.0260,=18621.3400,=0.4678,=208.9100,=0.9994,=30.3742,=55.4895,=78.4716,=105.2673,=211.8639,=9.4944,=0.9859,=3.1638,=4.0789,=5.6557,=7.3497,=10.4020,=14.6580,=0.9994,=3.6283,=5.7652,=6.6253,=7.9253,=14.8653,=0.0146,=0.0397,=0.0130,=0.0011,=2581
="000699",科创200,2024-08-20,=0.0370,=1833.7400,=0.3895,=230.8178,=0.4181,=128.9087,=179.7925,=266.8950,=314.4792,=388.1174,=5.5281,=0.9952,=1.9770,=3.0005,=3.4130,=4.4489,=5.5979,=8.1691,=0.9762,=3.3605,=5.0744,=5.8685,=7.0255,=8.3761,=0.0066,=0.0165,=0.0029,=0.0033,=130
="931594",卫星产业,2020-12-22,=0.0207,=1162.4800,=0.0297,=245.9684,=0.8327,=44.5603,=95.5122,=128.1507,=229.0963,=428.4930,=6.5333,=0.9710,=2.3588,=3.0471,=3.4932,=3.9629,=7.6413,=9.5524,=0.9587,=3.4655,=4.5262,=5.1344,=5.9885,=11.4514,=0.0019,=0.0317,=0.0057,=0.0024,=163
="980018",卫星通信,2015-02-17,=0.0300,=5798.0900,=0.0848,=501.5811,=0.9460,=23.6003,=28.8963,=38.4947,=55.8509,=1063.4314,=6.3553,=0.9717,=1.7225,=2.0503,=2.5492,=4.2257,=7.7241,=6.1814,=0.9640,=1.5054,=1.8021,=2.2859,=3.0743,=7.7238,=0.0054,=0.0181,=0.0298,=0.0021,=113
="H30182",计算机,2013-07-15,=0.0072,=7108.6400,=-0.0722,=516.1585,=0.8841,=33.2527,=55.0616,=100.5641,=269.7978,=65313.4473,=4.4407,=0.6945,=2.4295,=3.5767,=4.0922,=4.6450,=5.8765,=4.3553,=0.6045,=2.3635,=3.5773,=4.1500,=4.7490,=7.6223,=-0.0024,=0.0033,=-0.0042,=0.0045,=48
="930781",中证影视,2016-02-04,=0.0033,=1530.7800,=-0.0946,=720.3127,=0.6187,=16.7066,=43.1495,=195.4370,=-60.8596,=6083.5065,=2.1081,=0.2436,=1.4352,=2.0571,=2.4020,=3.4362,=8.0265,=4.4885,=0.5458,=2.7079,=3.4931,=4.3482,=5.5578,=12.7528,=0.0049,=0.0185,=0.0219,=0.0091,=178
="931992",疫苗生物,2013-07-15,=-0.0078,=1154.5200,=-0.0436,=1402.1385,=0.9863,=26.1322,=60.5163,=87.1514,=117.1964,=1550.1847,=2.5329,=0.0705,=2.3857,=2.7075,=3.0544,=3.6719,=5.0256,=4.8077,=0.2429,=3.7134,=4.7128,=5.1812,=5.5720,=6.4257,=0.0112,=0.0013,=0.0085,=0.0110,=28
="931151",光伏产业,2019-04-22,=0.0182,=3308.2600,=0.1576,=1781.9257,=0.9073,=9.5087,=20.3877,=37.8304,=67.8869,=2491.4939,=2.9049,=0.5629,=1.5562,=1.9230,=2.6356,=4.5047,=6.9801,=2.1831,=0.6043,=0.8897,=1.2406,=1.7878,=3.2588,=5.9137,=0.0016,=0.0012,=0.0005,=0.0073,=2703
="950333",智选创新价值,2024-09-25,=0.0341,=2862.0800,=0.2594,=-386.6340,=0.7456,=62.6254,=107.0376,=-3749.6402,=-235.8350,=5158.8110,=3.4315,=0.9975,=1.6564,=2.1405,=2.3632,=2.8382,=3.4922,=3.3381,=0.9975,=1.6015,=2.1251,=2.4597,=2.9870,=3.3983,=-0.0002,=-0.0164,=-0.0030,=0.0044,=10
="1000009",深圳B股,1994-01-10,=0,=1140.3500,=-0.0983,=-136.9071,=0.9946,=6.5509,=10.0230,=16.1135,=22.2162,=61.4680,=0.7161,=0.4509,=0.5585,=0.6590,=0.7368,=0.9918,=1.4530,=0.4533,=0.3619,=0.3544,=0.4194,=0.4881,=0.6997,=1.0969,,=0.0028,=0.0115,=0.0349,=203
="000692",科创新能,2023-04-03,=0.0241,=1356.4000,=0.1717,=-61.7238,=0.6724,=13.9124,=18.7327,=53.9578,=-44.6146,=279.8956,=2.9384,=0.8520,=1.4486,=1.7725,=2.1901,=2.7957,=4.0229,=1.9766,=0.8573,=0.8667,=1.1490,=1.4188,=1.9078,=2.6157,=-0.0018,=-0.0642,=-0.0138,=0.0031,=34
="931025",港股通地产,2017-11-06,=-0.0050,=1858.9500,=0.1692,=-58.6185,=0.7239,=1.3998,=5.4450,=8.2527,=-2.9118,=7833.8201,=0.5269,=0.5222,=0.0757,=0.2074,=0.5029,=0.8790,=1.4256,=0.9676,=0.8965,=0.0508,=0.1420,=0.5381,=0.8701,=1.5776,,=-0.0074,,=0.0339,=11
="399393",国证地产,2012-08-20,=0.0048,=2837.1500,=-0.0907,=-6.0247,=0.9996,=6.3321,=8.5850,=15.6638,=52.9093,=115902.4187,=0.8490,=0.2007,=0.5768,=0.8473,=1.1146,=1.8147,=2.5183,=0.6315,=0.4654,=0.3699,=0.5176,=0.6669,=1.2459,=1.7471,=-0.0014,=-0.0767,=0.0012,=0.0093,=1427
="931775",房地产,2013-07-15,=0.0047,=2742.1500,=-0.0806,=-5.4948,=0.9951,=7.0141,=8.9821,=18.2170,=-503.5778,=1490.8370,=0.9043,=0.2848,=0.5750,=0.8420,=1.0999,=1.7839,=2.4742,=0.6973,=0.5004,=0.3617,=0.5329,=0.6972,=1.3040,=1.8650,=-0.0040,=-0.1024,=-0.0027,=0.0065,=916
="000816",细分地产,2012-04-11,=0.0028,=2536.4600,=-0.0782,=-5.1289,=0.9922,=6.1299,=8.3282,=15.7473,=192.0276,=2488.2259,=0.8761,=0.2890,=0.5599,=0.8178,=1.0802,=1.8442,=2.5676,=0.6249,=0.4897,=0.3390,=0.4956,=0.6380,=1.2171,=1.8946,=-0.0038,=-0.1018,=-0.0024,=0.0049,=6
="399965",800地产,2012-12-21,=-0.0094,=2220.7400,=-0.1587,=-3.8165,=1,=5.5394,=8.0041,=14.1293,=32.5854,=59.7245,=0.6304,=0.0569,=0.5234,=0.7273,=1.0420,=1.8098,=2.5596,=0.4046,=0.1632,=0.2881,=0.4130,=0.5675,=1.1784,=1.8469,=-0.0020,=-0.0854,=0.0007,=0.0082,=201
="399983",地产等权,2013-11-22,=-0.0061,=1656.8500,=-0.1867,=-2.5647,=0.9992,=5.0058,=7.3313,=10.5626,=16.8965,=75.5023,=0.5258,=0.0293,=0.4408,=0.6014,=1.1123,=1.8867,=2.8135,=0.3263,=0.1068,=0.2209,=0.3569,=0.5126,=1.0611,=1.7953,=-0.0053,=-0.0924,=-0.0025,=0.0042,=1008
=".NDX",纳斯达克100指数,1969-12-31,,,,,,,,,,,,,,,,,,,,,,,,,,,=0.0751,,=4294

数据来源于：理杏仁网站(lixinger.com)