指数代码,指数名称,发布时间,涨跌幅,收盘点位,今年以来涨跌幅,PE-TTM(当前值),PE-TTM(分位点%),PE-TTM(最小值),PE-TTM(20%分位点值),PE-TTM(50%分位点值),PE-TTM(80%分位点值),PE-TTM(最大正值),PB(当前值),PB(分位点%),PB(最小值),PB(20%分位点值),PB(50%分位点值),PB(80%分位点值),PB(最大正值),PS-TTM(当前值),PS-TTM(分位点%),PS-TTM(最小值),PS-TTM(20%分位点值),PS-TTM(50%分位点值),PS-TTM(80%分位点值),PS-TTM(最大正值),股息率(当前值),股息率(分位点%),股息率(最小值),股息率(20%分位点值),股息率(50%分位点值),股息率(80%分位点值),股息率(最大正值),净资产收益率(ROE)(2026Q1),净资产收益率(ROE)(2025Q4),净资产收益率(ROE)(2025Q1),关注度
="931039",银行AH,2017-12-06,=0.0025,=11951.0300,=-0.0651,=5.6263,=0.6673,=3.2016,=4.0862,=5.2328,=5.9017,=7.9938,=0.5320,=0.3603,=0.3790,=0.4576,=0.5653,=0.7124,=1.0569,=2.1118,=0.7854,=1.0856,=1.4330,=1.7506,=2.1394,=2.9053,=0.0519,=0.3847,=0.0324,=0.0492,=0.0547,=0.0738,=0.0997,,=0.0881,,=100
="H11146",港股通内地金融,2010-06-02,=0.0061,=1070.2700,=-0.0276,=5.7910,=0.4586,=3.2759,=4.5177,=6.0271,=6.7500,=9.2347,=0.5880,=0.3702,=0.3797,=0.4938,=0.6637,=0.8765,=1.1859,=1.5000,=0.7076,=0.6692,=0.9478,=1.3123,=1.5984,=2.1885,=0.0498,=0.4899,=0.0302,=0.0445,=0.0502,=0.0726,=0.0994,,=0.0970,,=41
="932584",智选港股通红利低波,2026-06-11,=0.0127,=1714.4600,,=5.8399,=0.6190,=5.4952,=5.6356,=5.7668,=6.0802,=6.2685,=0.5965,=0.6190,=0.5613,=0.5756,=0.5890,=0.6211,=0.6403,=0.8972,=0.6190,=0.8443,=0.8658,=0.8860,=0.9341,=0.9631,=0.0584,=0.3810,=0.0544,=0.0561,=0.0589,=0.0603,=0.0621,,,,=10
="HSSCSOY",恒生港股通中国央企红利指数,2023-06-01,=0.0144,=3876.2800,=-0.0359,=6.4338,=0.6580,=4.1647,=4.6476,=5.6868,=6.9532,=7.8218,=0.5969,=0.5196,=0.4381,=0.4951,=0.5910,=0.6854,=0.7455,=1.0087,=0.9608,=0.5323,=0.5965,=0.7473,=0.9449,=1.0875,=0.0553,=0.1436,=0.0487,=0.0570,=0.0696,=0.0865,=0.0936,,=0.0921,,=249
="930792",HK银行,2016-04-22,=-0.0021,=4750.6300,=0.0786,=6.5298,=0.7262,=3.2659,=4.4606,=5.8909,=6.7902,=9.5632,=0.6361,=0.5236,=0.3905,=0.4962,=0.6240,=0.8015,=1.0771,=2.4866,=0.8367,=1.0519,=1.5163,=1.8754,=2.4075,=3.1066,=0.0483,=0.1383,=0.0355,=0.0501,=0.0564,=0.0743,=0.1045,,=0.0901,,=751
="H30106",H300金融服务,2013-05-21,=0.0044,=1537.7700,=0.0162,=6.7051,=0.4404,=4.0175,=5.3642,=6.9740,=7.7688,=11.1922,=0.7184,=0.4453,=0.4470,=0.5777,=0.7403,=0.9083,=1.2489,=1.9148,=0.8110,=0.8557,=1.1816,=1.4704,=1.8939,=2.3593,=0.0464,=0.4550,=0.0288,=0.0433,=0.0473,=0.0664,=0.0918,,=0.1014,,=19
="399986",中证银行,2013-07-15,=0.0015,=7006.0300,=-0.0785,=6.7824,=0.7666,=4.1183,=5.2599,=6.2972,=6.8536,=9.0846,=0.6510,=0.3336,=0.4848,=0.5836,=0.7156,=0.8968,=1.2416,=2.5460,=0.8206,=1.4134,=1.7842,=2.1571,=2.5133,=3.3016,=0.0434,=0.3414,=0.0285,=0.0411,=0.0460,=0.0572,=0.0756,=0.0226,=0.0881,=0.0236,=9597
="931233",港股通央企红利,2017-06-28,=0.0130,=1101.1300,=-0.0555,=6.9028,=0.6152,=3.6988,=4.9633,=6.3661,=7.4439,=14.0775,=0.6493,=0.5141,=0.3929,=0.5227,=0.6449,=0.8598,=1.8161,=0.9372,=0.4903,=0.4645,=0.6243,=0.9469,=1.3892,=1.7583,=0.0542,=0.3303,=0.0394,=0.0519,=0.0571,=0.0798,=0.1038,,=0.0906,,=463
="HSMCHYI",恒生中国内地企业高股息率指数,2019-09-01,=0.0083,=2804,=0.0076,=7.0312,=0.8420,=3.7550,=5.0509,=5.8321,=6.8024,=7.9027,=0.7053,=0.7414,=0.4590,=0.5790,=0.6413,=0.7390,=0.8175,=1.0699,=0.8675,=0.5101,=0.6884,=0.7988,=0.9179,=1.2126,=0.0532,=0.1675,=0.0478,=0.0537,=0.0622,=0.0791,=0.1052,,=0.0995,,=280
="H11140",香港红利,2009-07-23,=0.0139,=3727.4300,=0.0208,=7.0733,=0.7033,=3.0693,=4.4494,=5.9820,=7.8290,=13.9623,=0.6677,=0.5367,=0.3833,=0.5103,=0.6294,=0.8661,=1.1652,=1.1253,=0.6295,=0.5431,=0.7455,=0.9723,=1.3639,=2.1349,=0.0556,=0.1897,=0.0382,=0.0561,=0.0634,=0.0876,=0.1281,,=0.0912,,=47
="987016",港股通红利低波,2021-11-18,,,=0.0121,=7.1551,=0.8709,=3.4544,=4.3049,=4.9642,=6.8385,=8.0054,=0.6858,=0.8594,=0.4152,=0.4882,=0.5401,=0.6632,=0.7529,=1.0615,=0.7719,=0.5827,=0.6602,=0.7969,=1.1076,=1.3012,=0.0561,=0.0999,=0.0488,=0.0591,=0.0818,=0.0925,=0.1160,,=0.0893,,=165
="931024",港股通非银,2017-11-06,=0.0189,=3806.1400,=-0.1135,=7.2013,=0.0075,=6.7549,=8.5556,=11.0318,=13.3320,=22.4310,=0.9798,=0.3743,=0.6237,=0.8507,=1.0445,=1.2217,=1.7592,=1.2065,=0.7836,=0.5870,=0.8760,=1.0159,=1.2288,=2.2002,=0.0406,=0.7780,=0.0165,=0.0266,=0.0345,=0.0414,=0.0611,,=0.1344,,=197
="000018",180金融,2007-12-10,=0.0017,=5216.6800,=-0.1218,=7.2169,=0.3732,=5.2016,=6.4287,=7.4973,=8.3012,=10.8609,=0.7435,=0.2685,=0.5902,=0.6965,=0.8663,=1.0687,=1.4199,=2.1677,=0.7662,=1.2355,=1.5824,=1.9578,=2.2073,=2.8772,=0.0403,=0.5691,=0.0246,=0.0353,=0.0392,=0.0493,=0.0636,=0.0229,=0.0959,=0.0245,=774
="HSHYLV",恒生港股通高股息低波动指数,2017-05-08,=0.0105,=4102.1900,=-0.0819,=7.2194,=0.7994,=3.5572,=4.6528,=6.0014,=7.2210,=9.5068,=0.6505,=0.5886,=0.3828,=0.4856,=0.5827,=0.8129,=1.1073,=0.8711,=0.5329,=0.4386,=0.6575,=0.8498,=1.4129,=2.0623,=0.0557,=0.2598,=0.0385,=0.0534,=0.0643,=0.0818,=0.1103,,=0.0873,,=1533
="HSHDYI",恒生高股息率指数,2012-12-10,=0.0114,=1226.9100,=-0.0381,=7.2348,=0.6650,=3.6777,=4.8612,=6.6079,=7.8179,=10.6953,=0.6641,=0.5228,=0.4041,=0.5046,=0.6463,=0.9078,=1.1746,=1.0517,=0.4837,=0.5013,=0.7008,=1.0621,=1.5005,=1.9871,=0.0562,=0.3248,=0.0423,=0.0526,=0.0604,=0.0808,=0.1102,,=0.0903,,=919
="399809",保险主题,2015-02-13,=0.0125,=2125.6700,=-0.2032,=7.2350,=0.2948,=5.4537,=6.8114,=10.3901,=15.0245,=22.8725,=0.7828,=0.2544,=0.6352,=0.7647,=1.2245,=1.4858,=1.9794,=2.1073,=0.9056,=0.5239,=0.8688,=1.0970,=1.7408,=2.3772,=0.0401,=0.6796,=0.0120,=0.0209,=0.0298,=0.0488,=0.0686,=0.0227,=0.1015,=0.0246,=1499
="000818",细分金融,2012-04-11,=0.0019,=6513.8100,=-0.1178,=7.3662,=0.3769,=5.2356,=6.4974,=7.6851,=8.4810,=10.9951,=0.7566,=0.2685,=0.5930,=0.7010,=0.8812,=1.0910,=1.4303,=2.2302,=0.7744,=1.2689,=1.6354,=1.9951,=2.2623,=2.9111,=0.0393,=0.6000,=0.0239,=0.0331,=0.0375,=0.0471,=0.0625,=0.0231,=0.0956,=0.0246,=7
="HSSCHKY",恒生港股通高股息率指数,2019-11-01,=0.0148,=2548.8200,=0.0287,=7.4353,=0.8641,=3.8979,=4.9503,=5.9163,=7.2418,=8.4533,=0.6635,=0.7609,=0.4277,=0.5174,=0.5797,=0.6836,=0.8197,=1.1573,=0.8447,=0.5333,=0.6978,=0.8820,=1.1255,=1.3442,=0.0541,=0.0947,=0.0482,=0.0564,=0.0671,=0.0839,=0.1067,,=0.0894,,=498
="HSSCHYS",恒生港股通红利优选指数,2023-06-01,=0.0131,=4718.3300,=0.0159,=7.4661,=0.7232,=4.2457,=4.7378,=5.8112,=7.8106,=9.0746,=0.6988,=0.6762,=0.4429,=0.5001,=0.5858,=0.7378,=0.8283,=1.1439,=0.9830,=0.6036,=0.6759,=0.8802,=1.0452,=1.2314,=0.0620,=0.2676,=0.0497,=0.0610,=0.0720,=0.0878,=0.0947,,=0.0899,,=86
="931157",SHS红利成长LV,2019-04-25,=0.0100,=6992.4400,=-0.0620,=7.5350,=0.6026,=4.1261,=5.6012,=6.9563,=8.3295,=11.5318,=0.7436,=0.3503,=0.5154,=0.6272,=0.8058,=0.9224,=1.5888,=1.6194,=0.9885,=0.5018,=0.7127,=1.0405,=1.4187,=1.6968,=0.0484,=0.5200,=0.0259,=0.0418,=0.0482,=0.0557,=0.0761,,=0.0964,,=343
="H30270",红利价值,2013-12-19,=0.0142,=9166.9300,=-0.0383,=7.5355,=0.6854,=4.4543,=5.4383,=6.7733,=8.6785,=13.0955,=0.7650,=0.5086,=0.5256,=0.6490,=0.7625,=1.2418,=1.7317,=1.5272,=0.9481,=0.5854,=0.8134,=1.0017,=1.3020,=1.6637,=0.0440,=0.3557,=0.0269,=0.0419,=0.0504,=0.0630,=0.0726,=0.0235,=0.0936,=0.0240,=200
="932596",港股通红利低波,2016-02-04,=0.0077,=3925.0600,=0.0119,=7.5566,=0.1263,=7.1792,=7.7716,=8.0191,=8.2602,=8.5745,=0.6973,=0.2374,=0.6528,=0.6913,=0.7226,=0.7570,=0.7956,=1.3041,=0.3434,=1.2161,=1.2779,=1.3247,=1.3593,=1.4099,=0.0519,=0.3081,=0.0473,=0.0494,=0.0527,=0.0549,=0.0579,,=0.0894,,=97
="930914",港股通高股息,2016-11-25,=0.0179,=4914.4300,=-0.0007,=7.5779,=0.7604,=3.4280,=4.4249,=5.9513,=7.8198,=11.1979,=0.7302,=0.6474,=0.3979,=0.5029,=0.6207,=0.8519,=1.1764,=1.2007,=0.7550,=0.5144,=0.7063,=0.9238,=1.2554,=2.2126,=0.0531,=0.1480,=0.0387,=0.0550,=0.0658,=0.0865,=0.1194,,=0.0918,,=727
="931130",红利成长低波,2018-12-04,=0.0053,=22474.3500,=-0.0523,=7.6464,=0.4813,=4.4465,=5.5848,=7.7943,=8.7097,=11.5512,=0.7683,=0.3370,=0.5279,=0.6254,=0.8982,=1.0280,=1.5803,=2.6110,=0.9973,=0.3109,=0.8148,=1.3217,=1.9344,=2.6815,=0.0412,=0.4173,=0.0246,=0.0322,=0.0424,=0.0533,=0.0639,=0.0231,=0.0934,=0.0229,=148
="930992",沪港深红利低波,2017-06-28,=0.0099,=5278.4000,=-0.0519,=7.6479,=0.7802,=4.0130,=5.1802,=5.9313,=7.7587,=8.5109,=0.7153,=0.7829,=0.4277,=0.5380,=0.5920,=0.7252,=0.7950,=1.1315,=0.7387,=0.4496,=0.6014,=0.8762,=1.1836,=1.3912,=0.0519,=0.0676,=0.0478,=0.0540,=0.0716,=0.0767,=0.0949,,=0.0878,,=51
="000914",300金融,2007-07-02,=0.0020,=5893.0100,=-0.1228,=7.6720,=0.4318,=5.2769,=6.6022,=7.8391,=8.6017,=11.3863,=0.7510,=0.2602,=0.5962,=0.7048,=0.8956,=1.1300,=1.4919,=2.0906,=0.7963,=1.1210,=1.4310,=1.8122,=2.0952,=2.7052,=0.0391,=0.5806,=0.0235,=0.0340,=0.0376,=0.0467,=0.0618,=0.0223,=0.0897,=0.0236,=342
="HSCSOE",恒生中国央企指数,2023-01-01,=0.0132,=3676.1100,=0.0226,=7.7073,=0.7908,=4.9972,=5.5641,=6.2055,=7.7438,=8.5526,=0.7391,=0.7549,=0.5264,=0.5934,=0.6347,=0.7562,=0.8375,=0.9160,=0.8277,=0.5404,=0.5948,=0.6710,=0.8787,=1.0234,=0.0496,=0.1110,=0.0450,=0.0521,=0.0695,=0.0774,=0.0871,,=0.0956,,=115
="000029",180价值,2009-01-09,=0.0064,=3970.4300,=-0.1084,=7.9470,=0.5324,=5.6894,=6.9075,=7.8729,=8.5069,=10.8138,=0.7905,=0.1555,=0.6666,=0.8017,=0.8587,=1.0653,=1.4433,=1.0729,=0.8087,=0.6198,=0.7825,=0.9447,=1.0703,=1.4032,=0.0419,=0.4049,=0.0290,=0.0392,=0.0429,=0.0522,=0.0634,=0.0228,=0.0896,=0.0243,=557
="000934",中证金融,2009-07-03,=0.0030,=5520.8100,=-0.1194,=7.9543,=0.4429,=5.7083,=6.8944,=8.0941,=8.8714,=11.5527,=0.7604,=0.2586,=0.6117,=0.7181,=0.9037,=1.1436,=1.5017,=2.0964,=0.8103,=1.1467,=1.4503,=1.8023,=2.0838,=2.6696,=0.0380,=0.5839,=0.0232,=0.0331,=0.0366,=0.0445,=0.0593,=0.0220,=0.0873,=0.0231,=1151
="H50040",上红低波,2014-03-21,=0.0071,=10523.1400,=-0.0457,=7.9892,=0.6977,=4.6938,=5.9512,=7.1042,=9.6645,=14.3118,=0.8068,=0.4235,=0.5647,=0.6911,=0.8318,=1.3609,=1.8756,=1.5566,=0.9357,=0.6380,=0.8684,=1.2015,=1.4055,=1.6845,=0.0445,=0.4219,=0.0230,=0.0391,=0.0465,=0.0588,=0.0718,=0.0234,=0.0936,=0.0244,=365
="H30269",红利低波,2013-12-19,=0.0087,=10574.9700,=-0.0592,=8.0026,=0.7023,=4.5638,=5.5488,=6.9065,=9.4786,=14.4342,=0.8175,=0.5332,=0.5386,=0.6570,=0.7994,=1.3872,=1.9670,=1.5467,=0.9332,=0.6111,=0.8850,=1.0973,=1.4166,=1.6703,=0.0452,=0.3773,=0.0246,=0.0406,=0.0503,=0.0605,=0.0732,=0.0236,=0.0946,=0.0236,=4529
="000992",全指金融,2011-08-02,=0.0031,=5284.5200,=-0.1175,=8.1166,=0.4359,=5.9310,=7.1022,=8.2740,=9.0288,=11.6339,=0.7617,=0.2553,=0.6188,=0.7234,=0.9111,=1.1573,=1.5107,=2.0919,=0.8111,=1.1568,=1.4432,=1.8064,=2.0801,=2.6668,=0.0376,=0.5880,=0.0229,=0.0327,=0.0360,=0.0437,=0.0581,=0.0217,=0.0846,=0.0227,=2700
="000922",中证红利,2008-05-26,=0.0210,=5307.5000,=-0.0357,=8.1803,=0.6825,=5.1762,=6.0245,=7.6566,=8.6158,=11.2156,=0.7976,=0.3963,=0.5911,=0.7110,=0.8478,=1.1086,=1.4999,=1.2096,=0.7707,=0.6332,=0.7726,=1.0440,=1.2311,=1.7101,=0.0442,=0.3456,=0.0309,=0.0402,=0.0471,=0.0596,=0.0693,=0.0233,=0.0895,=0.0228,=20230
="931446",东证红利低波,2020-04-21,=0.0093,=3249.5500,=-0.0561,=8.2049,=0.7094,=5.1478,=6.1874,=7.1637,=8.5307,=11.0216,=0.7933,=0.5886,=0.5884,=0.6974,=0.7653,=0.8702,=1.2481,=1.4639,=0.9179,=0.5909,=0.7567,=0.8913,=1.3305,=1.5979,=0.0434,=0.3028,=0.0325,=0.0416,=0.0485,=0.0564,=0.0651,=0.0224,=0.0895,=0.0240,=862
="399373",大盘价值,2010-01-04,=0.0095,=7679.4300,=-0.1043,=8.3761,=0.5080,=5.4746,=6.8623,=8.3403,=9.1146,=11.9914,=0.8551,=0.3060,=0.6410,=0.8033,=0.9412,=1.1408,=1.5001,=1.1251,=0.7608,=0.5920,=0.7817,=0.9283,=1.1432,=1.4541,=0.0439,=0.5452,=0.0275,=0.0366,=0.0428,=0.0526,=0.0641,=0.0236,=0.0939,=0.0248,=331
="000015",红利指数,2005-01-04,=0.0256,=3071.9000,=0.0113,=8.3846,=0.8713,=4.6646,=5.5108,=7.0875,=8.0582,=10.4439,=0.8045,=0.5773,=0.5525,=0.6398,=0.7654,=1.0179,=1.3875,=1.4111,=0.8825,=0.7277,=0.8913,=1.1407,=1.3425,=1.6890,=0.0425,=0.1946,=0.0330,=0.0427,=0.0514,=0.0644,=0.0757,=0.0233,=0.0885,=0.0212,=14224
="000821",300红利,2012-07-20,=0.0115,=6348.9400,=-0.0485,=8.3985,=0.7823,=4.9998,=6.1944,=7.5603,=8.4656,=10.9286,=0.8249,=0.3592,=0.5725,=0.7140,=0.8657,=1.0796,=1.4919,=1.3347,=0.8198,=0.6098,=0.7993,=1.0658,=1.3221,=1.6963,=0.0454,=0.4136,=0.0319,=0.0422,=0.0473,=0.0563,=0.0673,=0.0235,=0.0916,=0.0239,=999
="000151",上国红利,2012-07-20,=0.0256,=1558.0400,=0.0199,=8.4518,=0.9398,=4.5075,=5.3657,=6.9613,=7.8157,=10.0345,=0.7460,=0.4845,=0.5268,=0.6189,=0.7511,=0.9661,=1.3272,=1.0444,=0.4396,=0.6026,=0.8953,=1.0779,=1.3099,=1.6854,=0.0443,=0.1827,=0.0346,=0.0446,=0.0513,=0.0650,=0.0754,=0.0218,=0.0803,=0.0258,=224
="HSCCI",恒生香港中资企业指数,1997-06-16,=0.0135,=3935.4000,=-0.0199,=8.4604,=0.4703,=4.8859,=6.8728,=8.7961,=11.6002,=16.1208,=0.8007,=0.3585,=0.5567,=0.7305,=0.8637,=1.1608,=1.3660,=0.9103,=0.3870,=0.5555,=0.7802,=0.9838,=1.3554,=1.5178,=0.0591,=0.6703,=0.0276,=0.0361,=0.0531,=0.0664,=0.1028,,=0.0951,,=35
="000063",上证周期,2010-02-03,=0.0176,=3550.5400,=-0.1249,=8.5518,=0.4862,=5.4761,=7.1362,=8.5980,=9.4385,=12.4946,=0.8911,=0.3485,=0.6668,=0.8368,=0.9566,=1.1068,=1.4831,=1.4731,=0.8276,=0.8113,=1.0636,=1.2494,=1.4480,=1.7571,=0.0389,=0.5142,=0.0252,=0.0350,=0.0386,=0.0518,=0.0626,=0.0245,=0.0975,=0.0256,=205
="931644",800红利,2024-03-15,=0.0151,=2456.3900,=-0.0375,=8.5619,=0.5666,=6.4729,=7.3538,=8.3624,=9.0454,=9.4757,=0.8318,=0.3588,=0.7001,=0.7723,=0.8574,=0.9065,=0.9431,=1.1990,=0.5719,=0.8423,=0.9273,=1.1431,=1.2930,=1.3602,=0.0452,=0.3410,=0.0416,=0.0431,=0.0471,=0.0579,=0.0662,=0.0236,=0.0906,=0.0231,=32
="000824",国企红利,2012-07-20,=0.0163,=2065.1600,=-0.0264,=8.5814,=0.8252,=4.8847,=5.9406,=7.3385,=8.4507,=10.7823,=0.8300,=0.5113,=0.5610,=0.6880,=0.8233,=1.0592,=1.4469,=1.2373,=0.7839,=0.5370,=0.7016,=0.9865,=1.2552,=1.6834,=0.0441,=0.3427,=0.0328,=0.0418,=0.0481,=0.0583,=0.0694,=0.0232,=0.0892,=0.0226,=946
="930955",红利低波100,2017-05-26,=0.0088,=11122.6700,=-0.0567,=8.5880,=0.7924,=5.0805,=6.0760,=7.4308,=8.6128,=11.5013,=0.8506,=0.5569,=0.5792,=0.6664,=0.8277,=0.9887,=1.3722,=1.4536,=0.8908,=0.5888,=0.7788,=0.9915,=1.3654,=1.7525,=0.0460,=0.4007,=0.0270,=0.0431,=0.0471,=0.0561,=0.0683,=0.0234,=0.0928,=0.0257,=2285
="930740",300红利LV,2018-12-04,=0.0082,=6803.9900,=-0.0509,=8.5945,=0.7862,=5.4153,=6.8338,=7.5330,=8.6592,=9.6903,=0.8355,=0.4238,=0.6159,=0.7733,=0.8564,=0.9455,=1.0604,=1.5030,=0.8020,=0.6725,=0.8577,=1.0800,=1.5005,=1.9253,=0.0452,=0.4959,=0.0370,=0.0418,=0.0453,=0.0512,=0.0622,=0.0239,=0.0932,=0.0223,=625
="399805",互联金融,2015-02-10,=-0.0012,=2652.6100,=-0.3108,=8.7132,=0.0915,=7.5943,=9.6651,=11.3881,=13.1628,=16.5816,=0.9088,=0.0874,=0.7644,=1.0367,=1.3994,=1.7194,=2.0317,=1.6752,=0.6140,=1.1667,=1.4082,=1.6145,=1.7935,=2.2636,=0.0375,=0.9212,=0.0145,=0.0184,=0.0235,=0.0336,=0.0507,=0.0238,=0.0940,=0.0248,=328
="931848",800红利低波,2024-05-21,=0.0097,=3080.1700,=-0.0269,=8.7144,=0.3417,=7.4155,=8.2438,=9.0594,=9.4708,=9.7854,=0.8516,=0.1785,=0.7315,=0.8562,=0.9181,=0.9688,=1.0024,=1.6019,=0.9942,=1.1714,=1.2361,=1.3510,=1.3854,=1.6456,=0.0431,=0.4299,=0.0399,=0.0412,=0.0437,=0.0518,=0.0594,=0.0237,=0.0929,=0.0230,=152
="000919",300价值,2008-01-21,=0.0110,=4902.2900,=-0.0782,=8.7265,=0.6243,=5.9577,=7.3283,=8.4453,=9.2438,=12.2376,=0.8731,=0.2829,=0.6917,=0.8489,=0.9370,=1.1474,=1.5388,=1.0846,=0.7518,=0.6314,=0.7861,=0.9060,=1.1066,=1.3421,=0.0417,=0.5674,=0.0265,=0.0361,=0.0407,=0.0490,=0.0609,=0.0228,=0.0921,=0.0242,=4327
="000825",央企红利,2012-07-20,=0.0180,=3251.6200,=-0.0584,=8.9138,=0.8899,=4.7369,=6.0940,=7.3072,=8.4353,=10.5687,=0.8616,=0.5109,=0.5507,=0.6915,=0.8553,=0.9983,=1.3929,=1.1861,=0.7315,=0.6009,=0.8548,=1.0705,=1.2189,=1.7357,=0.0431,=0.2334,=0.0330,=0.0422,=0.0473,=0.0555,=0.0713,=0.0224,=0.0902,=0.0228,=362
="HSML25",恒生中国(香港上市)30指数,2003-01-20,=0.0059,=8464.9000,=-0.1054,=9.1005,=0.5053,=5.7712,=7.9406,=9.0818,=10.2891,=13.0207,=0.9914,=0.2691,=0.7256,=0.9442,=1.0795,=1.2097,=1.5098,=1.6468,=0.7256,=0.9123,=1.1592,=1.4339,=1.7362,=2.4187,=0.0365,=0.4634,=0.0247,=0.0321,=0.0369,=0.0450,=0.0643,,=0.1051,,=268
="932305",智选高股息,2024-09-30,=0.0116,=11037.8100,=-0.0109,=9.1546,=0.6698,=7.0143,=7.4959,=8.3596,=9.4240,=10.9391,=1.0370,=0.4070,=0.8750,=0.9245,=1.0490,=1.0832,=1.1675,=0.5052,=0.0372,=0.4805,=0.7250,=0.7757,=1.2724,=1.3342,=0.0619,=0.3814,=0.0457,=0.0594,=0.0642,=0.0685,=0.0723,=0.0253,=0.1000,=0.0324,=340
="931479",证券保险,2020-05-06,=0.0047,=914.3600,=-0.1396,=9.1680,=0.0373,=8.4973,=11.7605,=13.4247,=15.4976,=21.1012,=1.2386,=0.2295,=1.0296,=1.2180,=1.3727,=1.5624,=2.2844,=1.6715,=0.6800,=1.0318,=1.2752,=1.4622,=1.7851,=2.2879,=0.0292,=0.8244,=0.0162,=0.0225,=0.0251,=0.0289,=0.0357,=0.0256,=0.1317,=0.0302,=44
="000968",300周期,2010-05-28,=0.0164,=4017.8600,=-0.1167,=9.2003,=0.5163,=6.1174,=7.8172,=9.1332,=10.2896,=13.3562,=0.9183,=0.3241,=0.7021,=0.8484,=1.0003,=1.1759,=1.5550,=1.5157,=0.8239,=0.8459,=1.0834,=1.2644,=1.4965,=1.8297,=0.0369,=0.5876,=0.0230,=0.0318,=0.0360,=0.0470,=0.0569,=0.0243,=0.0922,=0.0244,=100
="931722",国新港股通央企红利,2023-09-13,=0.0212,=1283.8500,=-0.0258,=9.2460,=0.7767,=5.5040,=6.7091,=7.7542,=9.4557,=10.8173,=0.8394,=0.5634,=0.6213,=0.7361,=0.8245,=0.9088,=1.0298,=0.5760,=0.7104,=0.3100,=0.3826,=0.4756,=0.6101,=0.6918,=0.0550,=0.0994,=0.0469,=0.0572,=0.0617,=0.0688,=0.0823,,=0.0875,,=363
="H30035",300非银,2012-12-21,=0.0030,=9367.3500,=-0.1601,=9.2808,=0.0181,=8.6966,=12.8688,=15.1693,=19.3628,=26.3489,=1.2524,=0.1398,=1.0544,=1.3048,=1.6177,=2.0463,=2.4387,=1.6794,=0.4816,=1.0410,=1.4185,=1.7080,=1.9729,=2.3917,=0.0287,=0.8920,=0.0124,=0.0164,=0.0221,=0.0256,=0.0352,=0.0253,=0.1294,=0.0297,=1223
="H30356",800价值,2014-06-09,=0.0126,=6111.0500,=-0.0806,=9.3017,=0.5942,=6.4024,=7.7031,=9.0526,=9.9462,=13.4784,=0.9181,=0.3194,=0.7030,=0.8634,=0.9860,=1.1669,=1.6287,=1.0370,=0.7519,=0.5868,=0.7401,=0.8838,=1.0826,=1.3738,=0.0405,=0.6098,=0.0239,=0.0336,=0.0386,=0.0475,=0.0589,=0.0232,=0.0908,=0.0237,=32
="932153",港股通价值策略,2025-04-30,=0.0064,=1069.1000,=0.0174,=9.4097,=0.1661,=8.1696,=9.5280,=10.0995,=10.3897,=10.9237,=0.7885,=0.1492,=0.7012,=0.8186,=0.8790,=0.9015,=0.9365,=0.9564,=0.2000,=0.8168,=0.9564,=1.0297,=1.0636,=1.1126,=0.0450,=0.7932,=0.0397,=0.0412,=0.0426,=0.0451,=0.0538,,=0.0812,,=14
="000925",基本面50,2009-02-26,=0.0096,=4131.4200,=-0.1054,=9.4460,=0.5922,=6.2635,=7.9688,=9.1433,=10.0957,=12.7955,=0.9796,=0.3695,=0.7306,=0.9013,=1.0515,=1.1921,=1.5728,=1.0414,=0.6520,=0.6037,=0.7864,=0.9667,=1.1046,=1.4866,=0.0391,=0.5761,=0.0256,=0.0338,=0.0375,=0.0468,=0.0563,=0.0227,=0.0882,=0.0241,=4557
="HSCESI",恒生中国企业精明指数,2015-06-08,=0.0046,=11687.4900,=-0.0901,=9.4902,=0.7113,=6.0524,=7.9405,=8.6758,=10.0571,=15.8114,=0.9902,=0.4520,=0.6924,=0.9000,=1.0078,=1.1579,=1.7191,=1.3316,=0.7272,=0.8066,=1.0022,=1.0938,=1.4384,=2.0876,=0.0357,=0.3159,=0.0200,=0.0332,=0.0384,=0.0444,=0.0600,,=0.1052,,=93
="932422",A500红利低波,2025-04-09,=0.0100,=2945.6800,=-0.0507,=9.4945,=0.0556,=9.0426,=9.7921,=10.0500,=10.2253,=10.5846,=0.9305,=0.0588,=0.8811,=1.0084,=1.0401,=1.0558,=1.0978,=1.3119,=0.3268,=1.2431,=1.2931,=1.4085,=1.4693,=1.5336,=0.0444,=0.8987,=0.0388,=0.0403,=0.0413,=0.0432,=0.0466,=0.0241,=0.0948,,=351
="HSCEI",恒生中国企业指数,1994-08-08,=0.0046,=8103.0800,=-0.0909,=9.5221,=0.7158,=6.0524,=7.9467,=8.6824,=10.0793,=15.8114,=0.9922,=0.4552,=0.6924,=0.9006,=1.0090,=1.1595,=1.7191,=1.3351,=0.7272,=0.8066,=1.0024,=1.0939,=1.4423,=2.0876,=0.0356,=0.3111,=0.0200,=0.0331,=0.0384,=0.0444,=0.0600,,=0.1052,,=4760
="931052",国信价值,2017-12-08,=0.0204,=3409.4400,=-0.0122,=9.5261,=0.8728,=5.3831,=6.5996,=7.4443,=8.8371,=11.0091,=1.2334,=0.8449,=0.7343,=0.9127,=1.0327,=1.1723,=1.5208,=1.6911,=0.9093,=0.6105,=0.9449,=1.2345,=1.4667,=2.0196,=0.0432,=0.4229,=0.0262,=0.0383,=0.0441,=0.0532,=0.0692,=0.0310,=0.1267,=0.0326,=581
="930723",沪港深F100,2015-08-05,=0.0084,=4780.7200,=-0.0611,=9.5679,=0.6245,=5.4557,=7.5706,=9.0573,=10.1686,=13.1279,=0.9813,=0.4519,=0.6469,=0.8476,=1.0083,=1.1160,=1.4626,=1.2734,=0.7701,=0.6039,=0.8632,=1.0802,=1.2889,=1.6654,=0.0390,=0.4786,=0.0281,=0.0354,=0.0393,=0.0500,=0.0650,,=0.0918,,=150
="980081",价值100,2012-12-28,,,=-0.0377,=9.5913,=0.7079,=7.7317,=8.3605,=8.7364,=10.0524,=11.5920,=1.0424,=0.5947,=0.8413,=0.8859,=0.9926,=1.1270,=1.3448,=1.1441,=0.8711,=0.7580,=0.8092,=0.9521,=1.0986,=1.2118,=0.0496,=0.5000,=0.0420,=0.0451,=0.0496,=0.0549,=0.0599,=0.0275,=0.0995,=0.0251,=454
="931069",中金300,2018-02-14,=0.0177,=4606.1700,=-0.0796,=9.5997,=0.5668,=5.9518,=7.5733,=9.2966,=10.4879,=13.6164,=1.0078,=0.3723,=0.7377,=0.9234,=1.0793,=1.3538,=1.8328,=1.2867,=0.7598,=0.6656,=0.8694,=1.1161,=1.3283,=1.7542,=0.0398,=0.5796,=0.0253,=0.0318,=0.0386,=0.0472,=0.0560,=0.0231,=0.0958,=0.0284,=97
="399371",国证价值,2010-01-04,=0.0149,=6753.1100,=-0.0625,=9.6175,=0.6355,=6.4728,=7.8356,=9.0963,=10.4200,=13.0475,=0.9523,=0.4000,=0.7249,=0.8967,=1.0053,=1.2341,=1.5675,=1.0805,=0.7810,=0.5764,=0.7536,=0.8692,=1.0960,=1.3812,=0.0398,=0.5171,=0.0249,=0.0329,=0.0395,=0.0477,=0.0565,=0.0233,=0.0892,=0.0237,=142
="931373",股息龙头,2019-11-15,=0.0126,=2620.4500,=-0.0588,=9.7114,=0.8227,=5.4295,=6.8968,=8.3787,=9.5574,=11.4004,=1.1403,=0.8227,=0.6697,=0.8514,=1.0127,=1.1263,=1.2586,=1.7976,=0.9975,=0.5706,=0.8158,=0.9899,=1.3960,=1.8523,=0.0411,=0.2982,=0.0347,=0.0399,=0.0467,=0.0544,=0.0682,=0.0258,=0.1004,=0.0264,=329
="930931",港股通50,2017-01-16,=0.0049,=3737.8800,=-0.0362,=9.7652,=0.4942,=6.5385,=8.7086,=9.7931,=11.3716,=15.8907,=1.0462,=0.3654,=0.7428,=0.9464,=1.0954,=1.1805,=1.6058,=1.8126,=0.6697,=1.1204,=1.4697,=1.7088,=1.9108,=2.6369,=0.0356,=0.4102,=0.0233,=0.0326,=0.0372,=0.0437,=0.0589,,=0.0979,,=293
="000056",上证国企,2010-01-04,=0.0154,=1217.5100,=-0.0239,=9.7906,=0.5237,=7.2538,=8.8792,=9.7313,=10.7955,=13.3187,=1.0902,=0.4095,=0.8518,=1.0314,=1.1201,=1.2152,=1.5455,=1.7150,=0.9707,=0.7909,=0.9986,=1.1148,=1.2411,=1.7805,=0.0379,=0.6280,=0.0242,=0.0312,=0.0347,=0.0430,=0.0568,=0.0264,=0.1060,=0.0271,=199
="930839",港股通高息精选,2016-06-08,=0.0201,=3191.5300,=-0.0745,=9.8127,=0.5512,=4.9918,=7.1349,=9.3495,=13.2482,=31.7979,=1.2882,=0.7437,=0.7294,=0.9291,=1.0782,=1.5793,=4.8768,=1.1050,=0.4269,=0.3418,=0.5598,=1.2375,=1.8946,=6.3245,=0.0548,=0.6003,=0.0089,=0.0373,=0.0491,=0.0677,=0.1118,,=0.1433,,=380
="399966",800证保,2012-12-21,=0.0049,=5723.6800,=-0.1345,=9.8390,=0.0206,=9.1408,=13.6328,=15.9952,=19.7375,=27.1945,=1.2638,=0.1381,=1.0619,=1.3050,=1.5993,=2.0396,=2.4366,=1.8291,=0.5497,=1.1634,=1.5249,=1.7816,=2.0457,=2.5211,=0.0275,=0.9010,=0.0122,=0.0160,=0.0213,=0.0241,=0.0329,=0.0247,=0.1256,=0.0286,=176
="H30588",中证证保,2015-02-02,=0.0049,=971.7600,=-0.1346,=9.8427,=0.0202,=9.1443,=13.5924,=16.0880,=19.5891,=27.6808,=1.2624,=0.1357,=1.0752,=1.3053,=1.6067,=2.0359,=2.4238,=1.8319,=0.5678,=1.1673,=1.5178,=1.7687,=2.0128,=2.5500,=0.0275,=0.9031,=0.0121,=0.0160,=0.0213,=0.0240,=0.0328,=0.0246,=0.1254,=0.0286,=473
="399550",央视50,2012-06-06,=0.0112,=8212.4500,=0.0149,=9.8535,=0.6990,=6.8960,=8.2964,=9.3318,=10.1597,=13.0561,=0.9900,=0.1435,=0.8649,=1.0127,=1.2373,=1.4261,=1.8564,=2.0469,=0.7905,=1.3448,=1.6608,=1.8230,=2.0549,=2.5217,=0.0403,=0.6367,=0.0268,=0.0326,=0.0377,=0.0446,=0.0593,=0.0237,=0.0945,=0.0248,=2274
="950090",50AH优选,2015-12-10,=0.0145,=6052.9900,=-0.0212,=9.8612,=0.8070,=6.3188,=7.9147,=8.6789,=9.8392,=13.5010,=1.0490,=0.5634,=0.7914,=0.9503,=1.0285,=1.1231,=1.5403,=1.3840,=0.9705,=0.6574,=0.8488,=0.9531,=1.0692,=1.4553,=0.0364,=0.3161,=0.0256,=0.0345,=0.0398,=0.0477,=0.0655,,=0.1007,,=1998
="000806",消费服务,2012-02-10,=0.0045,=7697.6200,=-0.0862,=9.9065,=0.1551,=9.0076,=10.0441,=10.8064,=11.8704,=17.0971,=1.0525,=0.0194,=1.0009,=1.1935,=1.3527,=1.5460,=2.0145,=2.2063,=0.6153,=1.6526,=1.9509,=2.1305,=2.3803,=3.0032,=0.0365,=0.8577,=0.0198,=0.0244,=0.0295,=0.0353,=0.0497,=0.0246,=0.1002,=0.0266,=422
="000859",国企一带一路,2019-05-16,=0.0217,=1770.1600,=-0.0282,=9.9359,=0.0455,=9.4709,=10.5781,=12.5227,=14.4933,=21.0714,=0.9705,=0.0092,=0.9283,=1.1546,=1.4356,=1.7774,=2.1877,=1.1214,=0.9643,=0.4715,=0.5635,=0.7417,=0.8313,=1.1782,=0.0364,=0.7807,=0.0208,=0.0254,=0.0318,=0.0368,=0.0454,=0.0234,=0.0898,=0.0201,=264
="000042",上证央企,2009-03-30,=0.0034,=1718.5000,=-0.0513,=9.9878,=0.7711,=6.3284,=7.8863,=9.2038,=10.0583,=12.9577,=0.9875,=0.5138,=0.7230,=0.8871,=0.9828,=1.1137,=1.4812,=1.3061,=0.9724,=0.6569,=0.8569,=0.9790,=1.1434,=1.3891,=0.0368,=0.3295,=0.0261,=0.0349,=0.0381,=0.0469,=0.0583,=0.0224,=0.0920,=0.0234,=386
="399995",基建工程,2015-03-12,=0.0119,=3608.4900,=-0.0763,=10.0121,=0.7534,=5.8673,=7.3439,=8.2792,=10.7826,=18.8590,=0.6430,=0.0111,=0.5815,=0.7233,=0.8956,=1.3013,=2.1834,=0.1832,=0.2503,=0.1368,=0.1788,=0.2037,=0.3345,=0.5478,=0.0276,=0.7328,=0.0106,=0.0187,=0.0245,=0.0289,=0.0415,=0.0129,=0.0543,=0.0158,=2688
="930957",港股通中国100,2017-06-23,=0.0068,=3428.3400,=-0.0944,=10.0613,=0.6872,=5.4625,=7.6018,=8.9354,=10.8029,=13.3106,=1.0705,=0.4971,=0.6571,=0.8638,=1.0716,=1.1991,=1.5222,=1.3848,=0.8210,=0.6789,=0.9645,=1.1285,=1.3666,=1.6609,=0.0354,=0.3893,=0.0251,=0.0330,=0.0369,=0.0503,=0.0691,,=0.1031,,=17
="931375",300质量低波,2019-11-25,=0.0126,=15278.2800,=-0.0991,=10.1126,=0.4045,=6.4946,=8.1639,=11.2563,=13.5507,=22.0532,=1.3366,=0.4263,=0.8054,=1.0834,=1.5402,=2.0678,=3.3245,=2.5927,=0.9969,=1.0044,=1.3311,=1.6756,=2.0974,=2.6532,=0.0331,=0.3298,=0.0151,=0.0278,=0.0350,=0.0404,=0.0521,=0.0279,=0.1211,=0.0298,=112
="930608",中证基建,2015-03-31,=0.0115,=7380.9200,=-0.1303,=10.1576,=0.4355,=6.6667,=8.6208,=10.4637,=13.7429,=25.2863,=0.7017,=0.0078,=0.6550,=0.8111,=1.1005,=1.4405,=2.2134,=0.2147,=0.1612,=0.1701,=0.2201,=0.3347,=0.4751,=0.7101,=0.0299,=0.8718,=0.0095,=0.0172,=0.0213,=0.0290,=0.0388,=0.0141,=0.0583,=0.0170,=656
="930709",香港证券,2015-07-13,=0.0047,=1272.3700,=-0.0992,=10.1979,=0.1958,=6.3679,=10.2387,=12.8144,=14.8908,=24.4010,=0.9379,=0.4521,=0.5308,=0.7585,=0.9597,=1.2278,=1.6136,=3.9203,=0.7340,=1.7834,=2.5966,=3.1589,=4.1603,=5.9903,=0.0352,=0.5862,=0.0202,=0.0265,=0.0337,=0.0404,=0.0726,,=0.0828,,=510
="000901",小康指数,2010-04-02,=0.0184,=5706.2800,=-0.1005,=10.3871,=0.3118,=8.5492,=9.9918,=10.9487,=12.5401,=15.5671,=0.9865,=0.0066,=0.9488,=1.0836,=1.2320,=1.4302,=1.7818,=0.9868,=0.5282,=0.7500,=0.8929,=0.9737,=1.0556,=1.2662,=0.0360,=0.7885,=0.0175,=0.0252,=0.0295,=0.0364,=0.0436,=0.0231,=0.0878,=0.0238,=252
="932431",300质量,2025-03-18,=0.0075,=1900.4000,=-0.0714,=10.4426,=0.9102,=9.4685,=9.9851,=10.1424,=10.3231,=10.6524,=1.1250,=0.4768,=1.0616,=1.1018,=1.1259,=1.1435,=1.1853,=2.2211,=0.6471,=2.0194,=2.1490,=2.1986,=2.2413,=2.3259,=0.0348,=0.0217,=0.0341,=0.0360,=0.0377,=0.0393,=0.0487,=0.0253,=0.1012,=0.0271,=15
="000021",180治理,2008-09-10,=0.0159,=1007.8500,=-0.0738,=10.4600,=0.7604,=6.3364,=8.4357,=9.7281,=10.5909,=13.6109,=1.0776,=0.4132,=0.7542,=0.9755,=1.0949,=1.2187,=1.5847,=1.3842,=0.9497,=0.6625,=0.8519,=0.9540,=1.1480,=1.4979,=0.0391,=0.6396,=0.0241,=0.0329,=0.0364,=0.0448,=0.0548,=0.0243,=0.0995,=0.0258,=164
="HSLI",恒生综合大型股指数,2001-10-03,=0.0036,=2243.7900,=-0.0681,=10.5157,=0.4967,=6.9327,=9.1517,=10.5318,=11.7587,=17.6478,=1.0608,=0.3524,=0.7133,=0.9439,=1.1160,=1.2416,=1.6032,=1.4638,=0.5537,=0.8297,=1.1852,=1.4310,=1.6322,=2.0023,=0.0359,=0.5220,=0.0207,=0.0314,=0.0356,=0.0440,=0.0582,,,,=102
="932450",香港现金流,2025-02-28,=0.0301,=1550.6100,=-0.2288,=10.5784,=0.8260,=6.6300,=8.1237,=9.8795,=10.5244,=12.5131,=1.0310,=0.3717,=0.7408,=0.8581,=1.1479,=1.2810,=1.5038,=0.5016,=0.0737,=0.4577,=0.5226,=0.8932,=1.0384,=1.2561,=0.0434,=0.1799,=0.0367,=0.0437,=0.0543,=0.0602,=0.0728,,=0.0828,,=11
="930846",300SNLV,2016-06-24,=0.0048,=6873.1700,=0.0391,=10.6201,=0.7427,=7.7900,=9.2103,=10.1066,=10.7395,=12.6275,=1.0148,=0.1348,=0.8340,=1.0348,=1.0933,=1.2254,=1.5027,=1.2605,=0.6742,=0.7711,=0.9528,=1.1619,=1.3326,=1.6864,=0.0391,=0.7274,=0.0239,=0.0320,=0.0360,=0.0404,=0.0486,=0.0237,=0.0917,=0.0233,=151
="HSAHP",恒生沪深港通AH股溢价指数,2007-07-09,=0.0019,=124.5000,=0.0084,=10.6612,=0.8917,=5.5550,=7.1430,=8.3686,=9.7182,=12.3156,=1.0533,=0.7655,=0.6208,=0.7734,=0.9225,=1.0810,=1.3863,=1.2166,=0.9087,=0.5653,=0.7668,=0.9030,=1.0844,=1.3750,=0.0335,=0.1431,=0.0268,=0.0349,=0.0398,=0.0520,=0.0665,,=0.0958,,=348
="932255",A500红利增长,2025-04-09,=0.0158,=2834.3900,=-0.0669,=10.6728,=0.3791,=9.2509,=10.3981,=10.9300,=11.7695,=12.2754,=1.2213,=0.2124,=1.0684,=1.2085,=1.2952,=1.3640,=1.4369,=1.6978,=0.3072,=1.3292,=1.6690,=1.7786,=1.9603,=2.0549,=0.0346,=0.2418,=0.0327,=0.0342,=0.0357,=0.0373,=0.0393,=0.0280,=0.1066,,=40
="932457",港股通现金流,2025-02-28,=0.0216,=1868.9000,=-0.0501,=10.9675,=0.6844,=7.5325,=8.9724,=10.2639,=11.4406,=12.3320,=1.1098,=0.1062,=1.0440,=1.1340,=1.1943,=1.3213,=1.5343,=0.5913,=0.0265,=0.5752,=0.8926,=0.9598,=1.2141,=1.4545,=0.0450,=0.2802,=0.0405,=0.0436,=0.0499,=0.0630,=0.0701,,=0.0990,,=41
="399812",养老产业,2014-06-06,=0.0151,=5202,=-0.1784,=11.2264,=0.0144,=10.3086,=17.8845,=20.3848,=25.3954,=31.4367,=1.7489,=0.0313,=1.5864,=2.0485,=2.8071,=3.2414,=4.2954,=1.4334,=0.1724,=1.2170,=1.4542,=1.6758,=1.8719,=2.5548,=0.0276,=0.9757,=0.0096,=0.0130,=0.0170,=0.0243,=0.0306,=0.0294,=0.1459,=0.0345,=6241
="HSLMI",恒生综合大中型股指数,2015-06-08,=0.0054,=3821.1000,=-0.0736,=11.2345,=0.6130,=7.0073,=9.3073,=10.6139,=12.3479,=17.7261,=1.0850,=0.4675,=0.6929,=0.9060,=1.0971,=1.2279,=1.5417,=1.2983,=0.6976,=0.6858,=0.9753,=1.1777,=1.3720,=1.6465,=0.0347,=0.4955,=0.0214,=0.0309,=0.0347,=0.0437,=0.0602,,,,=88
="HSISC",恒指港股通指数,2024-03-01,=0.0069,=3321.0200,=-0.0503,=11.2412,=0.6142,=7.5992,=8.6487,=10.4304,=11.9054,=12.8475,=1.1907,=0.5986,=0.8411,=0.9194,=1.1373,=1.2551,=1.3442,=1.5054,=0.6003,=0.9830,=1.1401,=1.4295,=1.6138,=1.7320,=0.0348,=0.2734,=0.0322,=0.0344,=0.0390,=0.0501,=0.0595,,=0.1037,,=52
="931586",300价值稳健,2020-11-09,=0.0095,=7211.4900,=-0.0552,=11.4042,=0.6068,=8.1741,=9.6862,=11.1392,=12.7274,=15.0111,=1.2503,=0.2907,=0.9699,=1.1935,=1.3259,=1.5154,=1.6570,=1.2723,=0.8205,=0.7359,=0.8648,=0.9852,=1.0954,=1.5639,=0.0377,=0.5480,=0.0248,=0.0320,=0.0372,=0.0407,=0.0470,=0.0264,=0.1070,=0.0304,=43
="HSI",恒生指数,1989-03-09,=0.0052,=24340.7300,=-0.0503,=11.4109,=0.6604,=6.9462,=9.2273,=10.3483,=12.2459,=16.9606,=1.1994,=0.6787,=0.7519,=0.9738,=1.1279,=1.2666,=1.5570,=1.4647,=0.5387,=0.8141,=1.1480,=1.4375,=1.6549,=2.0895,=0.0343,=0.2752,=0.0204,=0.0330,=0.0369,=0.0444,=0.0596,,,,=13541
="000016",上证50,2004-01-02,=0.0145,=2955.5500,=-0.0249,=11.5044,=0.7868,=8.3126,=9.6513,=10.4862,=11.5466,=15.1108,=1.2456,=0.5361,=1.0245,=1.1706,=1.2377,=1.3330,=1.6482,=1.6165,=0.9901,=0.8665,=1.0182,=1.1310,=1.2871,=1.6440,=0.0318,=0.3386,=0.0240,=0.0291,=0.0334,=0.0397,=0.0497,=0.0249,=0.1007,=0.0262,=23535
="000052",50基本,2012-01-09,=0.0096,=2655.4000,=-0.1218,=11.5044,=0.7868,=8.3126,=9.6537,=10.4872,=11.5466,=15.1108,=1.2456,=0.5377,=1.0245,=1.1706,=1.2377,=1.3328,=1.6471,=1.6165,=0.9901,=0.8665,=1.0185,=1.1311,=1.2871,=1.6440,=0.0318,=0.4078,=0.0238,=0.0291,=0.0329,=0.0398,=0.0497,=0.0249,=0.1007,=0.0262,=27
="000043",超大盘,2009-04-23,=0.0116,=2550.9400,=-0.0251,=11.5254,=0.6095,=7.5271,=9.4626,=10.9287,=13.2398,=17.2195,=1.3404,=0.4449,=0.9803,=1.2132,=1.3545,=1.5050,=1.9858,=2.2219,=0.9761,=0.6987,=0.8625,=1.2551,=1.5237,=2.3305,=0.0319,=0.4507,=0.0191,=0.0240,=0.0326,=0.0406,=0.0547,=0.0268,=0.1053,=0.0277,=164
="000048",责任指数,2009-08-05,=0.0201,=1299.7800,=-0.1191,=11.7206,=0.7918,=7.8628,=9.5548,=10.5483,=11.7962,=14.1982,=1.2745,=0.4553,=0.9056,=1.1404,=1.2960,=1.4408,=1.7866,=1.1347,=0.9975,=0.5718,=0.6942,=0.8010,=0.9256,=1.1795,=0.0397,=0.7864,=0.0223,=0.0280,=0.0313,=0.0399,=0.0469,=0.0224,=0.0991,=0.0247,=129
="1000010",上海B股,1994-01-10,,,,=11.7580,=0.0957,=6.8464,=12.8456,=18.9160,=37.2537,=68.1787,=0.8997,=0.1761,=0.7158,=0.9083,=1.0116,=1.2406,=1.7346,=0.6672,=0.6536,=0.3163,=0.4060,=0.5564,=0.7329,=1.2119,=0.0442,=0.8408,=0.0085,=0.0239,=0.0345,=0.0432,=0.2559,,,=0.0164,=130
="399807",高铁产业,2015-01-20,=0.0117,=1070.2600,=-0.1385,=11.7608,=0.3212,=9.4881,=11.2215,=12.8041,=15.4249,=24.3532,=0.7315,=0.0016,=0.7241,=0.9171,=1.0301,=1.4715,=2.3973,=0.3761,=0.2012,=0.3063,=0.3760,=0.4219,=0.4711,=0.6435,=0.0322,=0.9596,=0.0090,=0.0146,=0.0236,=0.0278,=0.0348,=0.0121,=0.0541,=0.0137,=590
="931476",ESG 120策略,2020-04-30,=0.0262,=1476.7300,=0.0592,=11.8098,=0.8063,=7.8289,=9.6358,=10.6177,=11.7949,=13.2171,=1.3326,=0.7150,=1.0061,=1.1765,=1.2552,=1.3652,=1.7130,=1.5898,=0.9774,=0.7906,=1.0594,=1.1540,=1.3538,=1.6288,=0.0328,=0.3702,=0.0251,=0.0296,=0.0357,=0.0387,=0.0488,=0.0265,=0.1050,=0.0271,=51
="HSCAIT",恒生A股行业龙头指数,2009-09-21,=0.0154,=5372.4200,=-0.0676,=12.0135,=0.8320,=8.2192,=9.8003,=10.5006,=11.8229,=14.1027,=1.2814,=0.5651,=1.0288,=1.1867,=1.2648,=1.3563,=1.6997,=1.3003,=0.9003,=0.8424,=0.9741,=1.0531,=1.2171,=1.4109,=0.0355,=0.5857,=0.0260,=0.0318,=0.0347,=0.0405,=0.0503,=0.0256,=0.1023,=0.0256,=494
="931395",沪港深300,2020-01-14,=0.0176,=1729.8400,=0.0033,=12.0199,=0.6650,=8.3275,=10.0306,=10.8815,=12.5483,=16.6490,=1.2576,=0.5664,=0.9663,=1.1046,=1.2213,=1.3690,=1.7241,=1.5689,=0.7808,=0.9881,=1.1734,=1.3253,=1.5839,=1.8801,=0.0312,=0.3459,=0.0218,=0.0272,=0.0332,=0.0393,=0.0499,,=0.0964,,=508
="000010",上证180,2002-07-01,=0.0158,=9984.0200,=-0.0032,=12.0626,=0.7777,=8.4900,=9.9408,=11.0119,=12.1321,=14.6942,=1.2253,=0.4120,=0.9930,=1.1498,=1.2627,=1.3646,=1.6698,=1.4192,=0.9262,=0.8990,=1.0652,=1.1871,=1.3078,=1.4916,=0.0311,=0.4887,=0.0224,=0.0272,=0.0313,=0.0373,=0.0465,=0.0240,=0.0943,=0.0246,=2498
="932039",央企股东回报,2022-11-16,=0.0263,=1558.8800,=-0.0176,=12.2461,=0.8641,=8.0198,=9.6981,=10.9908,=11.9652,=13.8005,=1.1835,=0.8306,=0.8847,=1.0117,=1.1084,=1.1742,=1.4098,=0.7692,=0.8721,=0.3642,=0.4257,=0.5294,=0.6701,=0.8821,=0.0430,=0.2811,=0.0383,=0.0421,=0.0448,=0.0475,=0.0553,=0.0235,=0.0905,=0.0215,=132
="931168",绿色价值100,2019-06-27,=0.0171,=1523.4400,=0.0243,=12.4972,=0.7278,=8.4906,=9.9794,=11.3436,=12.8246,=14.6050,=1.3279,=0.6183,=1.0223,=1.1892,=1.2821,=1.4048,=1.6052,=1.5473,=0.9186,=0.9649,=1.1302,=1.2513,=1.3575,=1.6482,=0.0310,=0.4104,=0.0243,=0.0292,=0.0316,=0.0357,=0.0439,=0.0274,=0.1011,=0.0242,=11
="930949",价值回报,2017-02-24,=0.0157,=12812.8900,=-0.0608,=12.6217,=0.8244,=5.5354,=8.1314,=10.0193,=12.3218,=17.5400,=2.0361,=0.7296,=1.2865,=1.4765,=1.7449,=2.1684,=3.1701,=1.3540,=0.9223,=0.5488,=0.7123,=0.8740,=1.2692,=1.7276,=0.0390,=0.5953,=0.0155,=0.0258,=0.0349,=0.0485,=0.0681,=0.0290,=0.1096,=0.0305,=29
="399313",巨潮100,2005-02-03,=0.0228,=5496.8900,=0.0092,=12.6792,=0.8495,=8.9278,=10.3688,=11.1136,=12.3854,=16.6101,=1.3755,=0.6091,=1.0718,=1.2426,=1.3369,=1.4929,=1.8501,=1.7344,=0.9967,=0.9844,=1.1492,=1.2679,=1.4490,=1.7644,=0.0289,=0.3216,=0.0217,=0.0274,=0.0304,=0.0349,=0.0452,=0.0250,=0.0999,=0.0255,=208
="980092",自由现金流,2012-12-28,=0.0238,=4862.6500,=-0.0974,=12.8267,=0.4817,=11.1075,=12.2071,=12.8758,=14.4200,=16.4362,=1.3433,=0.0342,=1.2604,=1.4987,=1.5850,=1.6643,=1.8134,=0.8448,=0.1849,=0.7577,=0.8639,=0.9437,=0.9803,=1.0805,=0.0382,=0.6621,=0.0287,=0.0337,=0.0371,=0.0390,=0.0437,=0.0285,=0.1047,=0.0263,=1468
="000044",上证中盘,2009-07-03,=0.0152,=4630.6400,=0.0147,=12.8890,=0.5431,=8.6509,=10.4793,=12.5317,=14.6389,=18.7575,=1.1995,=0.3584,=0.9210,=1.0900,=1.2780,=1.6547,=1.9734,=1.2221,=0.4379,=0.9382,=1.1499,=1.2471,=1.4300,=1.7773,=0.0302,=0.7019,=0.0180,=0.0223,=0.0266,=0.0338,=0.0421,=0.0229,=0.0859,=0.0223,=95
="H30455",沪港深500,2014-11-28,=0.0150,=2606.5200,=-0.0191,=12.9378,=0.7511,=8.5690,=10.3715,=11.4887,=13.2201,=16.8903,=1.3217,=0.5717,=0.9675,=1.1610,=1.2919,=1.4056,=1.7307,=1.5628,=0.8633,=0.9518,=1.1783,=1.3223,=1.5097,=1.7787,=0.0299,=0.4279,=0.0214,=0.0275,=0.0306,=0.0375,=0.0485,,=0.0953,,=522
="1000015",港股全指,2000-01-01,=0.0052,=24340.7300,=-0.0503,=12.9574,=0.6898,=7.5917,=10.2569,=11.3852,=13.5931,=19.1348,=1.0921,=0.5626,=0.6574,=0.8625,=1.0694,=1.1863,=1.5123,=1.1795,=0.6150,=0.6196,=0.8644,=1.1059,=1.2707,=1.5791,=0.0325,=0.4228,=0.0205,=0.0300,=0.0333,=0.0422,=0.0574,,,,=306
="931132",诚通央企红利,2023-05-04,=0.0236,=1562.1200,=-0.0374,=13.0218,=0.8088,=9.0905,=10.5944,=11.9295,=12.9712,=15.2313,=1.2443,=0.8178,=0.9482,=1.0922,=1.1837,=1.2341,=1.5338,=0.7422,=0.8424,=0.3626,=0.4250,=0.4845,=0.6250,=0.8835,=0.0428,=0.3372,=0.0374,=0.0408,=0.0440,=0.0457,=0.0498,=0.0249,=0.0916,=0.0215,=35
="399439",国证油气,2014-12-30,=0.0306,=2013.1100,=0.0454,=13.2660,=0.4614,=7.2448,=10.6844,=14.6782,=29.3931,=98.7831,=1.2940,=0.8482,=0.6716,=0.7849,=1.1484,=1.2650,=1.8382,=0.7012,=0.9480,=0.2370,=0.3183,=0.5042,=0.5996,=0.9735,=0.0381,=0.2903,=0.0101,=0.0344,=0.0425,=0.0469,=0.0731,=0.0300,=0.0921,=0.0283,=100
="000908",300能源,2007-07-02,=0.0313,=2438.6100,=0.0316,=13.2824,=0.5093,=6.9395,=9.4585,=13.0370,=21.6044,=62.7889,=1.3682,=0.8808,=0.7125,=0.8868,=1.1296,=1.2849,=1.8071,=0.8177,=0.9616,=0.3053,=0.3856,=0.5108,=0.6945,=1.0302,=0.0409,=0.2771,=0.0113,=0.0380,=0.0494,=0.0598,=0.0754,=0.0302,=0.1004,=0.0297,=268
="931248",油气资源,2023-06-12,=0.0328,=1032.6800,=0.1301,=13.3733,=0.8423,=8.9017,=10.2028,=11.2586,=13.0650,=19.0700,=1.2870,=0.6631,=1.0292,=1.1512,=1.2166,=1.3524,=1.8318,=0.7028,=0.8571,=0.4486,=0.5116,=0.5928,=0.6702,=0.9774,=0.0377,=0.1321,=0.0285,=0.0397,=0.0462,=0.0499,=0.0548,=0.0301,=0.0906,=0.0280,=47
="399314",巨潮大盘,2005-02-03,=0.0219,=5188.3400,=0.0137,=13.3986,=0.7720,=9.6620,=11.1381,=12.0600,=13.4926,=17.5384,=1.4166,=0.5006,=1.0976,=1.2830,=1.4165,=1.5848,=1.9279,=1.5593,=0.9233,=0.9932,=1.1678,=1.3103,=1.4666,=1.8124,=0.0284,=0.4849,=0.0201,=0.0248,=0.0286,=0.0328,=0.0435,=0.0244,=0.0938,=0.0251,=16
="931155",300质量成长,2019-04-22,=0.0323,=11173.3200,=0.1049,=13.4450,=0.4737,=7.3805,=10.8053,=13.6099,=15.2730,=31.0699,=2.0228,=0.3699,=1.1055,=1.6648,=2.2575,=2.8171,=5.3844,=3.1495,=0.9424,=1.3218,=1.7739,=2.1733,=2.6182,=3.8395,=0.0250,=0.4652,=0.0092,=0.0211,=0.0254,=0.0313,=0.0464,=0.0331,=0.1462,=0.0366,=79
="932366",300现金流,2024-11-12,=0.0215,=3101.6300,=-0.0718,=13.4887,=0.2574,=12.5879,=13.4030,=14.0088,=14.9555,=16.2670,=1.5834,=0.0767,=1.4920,=1.7000,=1.8267,=1.8966,=1.9885,=1.2204,=0.1832,=1.0861,=1.2238,=1.3970,=1.4408,=1.5124,=0.0393,=0.3663,=0.0324,=0.0382,=0.0401,=0.0411,=0.0453,=0.0285,=0.1163,=0.0355,=178
="930629",CSSW健康,2015-05-08,=0.0287,=5457.9900,=-0.0468,=13.4892,=0.0243,=12.1031,=17.7112,=21.7145,=38.7031,=49.9253,=1.9670,=0.0837,=1.7351,=2.1607,=3.0579,=4.6008,=6.2998,=1.6294,=0.2903,=1.2755,=1.5525,=1.9039,=4.7309,=7.2978,=0.0231,=0.9361,=0.0055,=0.0076,=0.0155,=0.0209,=0.0272,=0.0270,=0.1388,=0.0324,=272
="932368",800现金流,2024-12-11,=0.0230,=4592.7500,=-0.1019,=13.6139,=0.7467,=9.9108,=10.8268,=11.7646,=14.1254,=15.6891,=1.8296,=0.7154,=1.4048,=1.5349,=1.6877,=1.8656,=2.0110,=1.5364,=0.9869,=1.0036,=1.1043,=1.3201,=1.4202,=1.6222,=0.0366,=0.2141,=0.0311,=0.0361,=0.0422,=0.0475,=0.0553,=0.0283,=0.1177,=0.0451,=241
="000822",500红利,2012-07-20,=0.0191,=9831.6100,=-0.0337,=13.6906,=0.7287,=7.4138,=9.6102,=11.2677,=16.2286,=26.4578,=1.1209,=0.3711,=0.8670,=1.0202,=1.2338,=1.5380,=2.2876,=0.5528,=0.4779,=0.2906,=0.3999,=0.5707,=1.1281,=1.8159,=0.0422,=0.5654,=0.0164,=0.0271,=0.0410,=0.0491,=0.0638,=0.0233,=0.0658,=0.0188,=38
="931802",中证龙头,2010-02-09,=0.0276,=1890.0900,=0.0250,=13.7227,=0.7472,=9.1945,=11.3927,=12.4013,=14.0015,=18.2393,=2.0530,=0.9588,=1.2921,=1.4681,=1.6656,=1.8882,=2.6625,=2.7988,=0.9963,=0.9048,=1.0801,=1.3501,=2.0013,=2.8954,=0.0280,=0.3864,=0.0165,=0.0261,=0.0293,=0.0352,=0.0446,=0.0324,=0.1325,=0.0308,=96
="980028",龙头家电,2015-02-16,=0.0049,=11171.5200,=-0.1125,=13.7739,=0.2262,=11.8600,=13.6966,=14.6038,=18.5348,=31.1013,=2.4047,=0.0115,=2.2513,=2.6554,=2.9012,=3.6575,=5.1202,=1.2271,=0.2684,=0.9787,=1.2024,=1.3283,=1.4763,=2.2318,=0.0462,=0.9904,=0.0174,=0.0265,=0.0332,=0.0398,=0.0472,=0.0430,=0.1789,=0.0477,=181
="931082",A500现金流,2025-07-16,=0.0214,=4108.7900,=-0.0938,=13.8553,=0.4917,=11.3087,=12.3105,=13.8601,=14.9732,=16.5522,=1.5570,=0.0625,=1.4812,=1.7047,=1.8646,=1.9587,=2.0613,=1.2525,=0.0542,=1.2039,=1.3224,=1.4373,=1.5622,=1.6378,=0.0361,=0.2417,=0.0310,=0.0357,=0.0382,=0.0432,=0.0482,=0.0315,=0.1166,,=129
="000928",中证能源,2009-07-03,=0.0344,=3209.3600,=0.0891,=13.8643,=0.5666,=6.9612,=9.7906,=13.1469,=21.0416,=68.9647,=1.3487,=0.8705,=0.7281,=0.9359,=1.1527,=1.2997,=1.8006,=0.8162,=0.9604,=0.3162,=0.4106,=0.5298,=0.7048,=1.0383,=0.0390,=0.2639,=0.0106,=0.0364,=0.0464,=0.0557,=0.0717,=0.0289,=0.0960,=0.0282,=1286
="000971",等权90,2010-12-02,=0.0142,=3394.2800,=0.0104,=14.0765,=0.8553,=8.9747,=10.9235,=11.8738,=13.7433,=19.4330,=1.5966,=0.7642,=1.1544,=1.3294,=1.4483,=1.6219,=2.2329,=1.8662,=0.9959,=1.0052,=1.1488,=1.2642,=1.5434,=1.9075,=0.0266,=0.2486,=0.0181,=0.0255,=0.0291,=0.0330,=0.0448,=0.0259,=0.1045,=0.0271,=9
="931454",港股通消费,2020-03-06,=0.0080,=1315.3000,=-0.1457,=14.0869,=0.0096,=13.3496,=20.5459,=27.2066,=36.7156,=64.7193,=2.3777,=0.0096,=2.2532,=3.1719,=3.6402,=5.1106,=8.9519,=1.2638,=0.0096,=1.1976,=1.9309,=2.3803,=3.5817,=6.6047,=0.0472,=0.9898,=0.0043,=0.0072,=0.0119,=0.0151,=0.0498,,=0.1670,,=377
="931412",证券公司30,2020-02-20,=0.0022,=1489.7300,=-0.0838,=14.1345,=0.0567,=12.7557,=16.1806,=18.5545,=22.6595,=36.9291,=1.3039,=0.2769,=1.0327,=1.2661,=1.4435,=1.7004,=2.4365,=5.6480,=0.5396,=3.9462,=5.0302,=5.5639,=6.7064,=9.6353,=0.0214,=0.8146,=0.0091,=0.0147,=0.0168,=0.0209,=0.0256,=0.0228,=0.0861,=0.0218,=23
="H30198",油气产业,2013-07-15,=0.0323,=2310.8500,=0.0970,=14.1547,=0.5026,=7.8064,=10.8741,=14.1155,=25.4336,=104.2111,=1.3935,=0.9391,=0.6580,=0.8175,=1.1481,=1.2577,=1.8532,=0.7362,=0.9585,=0.2505,=0.3215,=0.4799,=0.5916,=0.9554,=0.0339,=0.1802,=0.0103,=0.0352,=0.0427,=0.0470,=0.0704,=0.0307,=0.0868,=0.0269,=112
="931526",企业核心竞争力50,2020-08-24,=0.0156,=1292.2900,=-0.0143,=14.1904,=0.0119,=13.8510,=17.1556,=22.8183,=29.9185,=51.8267,=1.7185,=0.0077,=1.6745,=3.0388,=4.0638,=6.7813,=10.8733,=2.0415,=0.3453,=0.9066,=1.5105,=3.4253,=4.5429,=7.9459,=0.0273,=0.8260,=0.0072,=0.0118,=0.0171,=0.0234,=0.0352,=0.0371,=0.1485,=0.0461,=85
="HSCGSI",恒生消费指数,2015-08-17,=0.0085,=2321.3800,=-0.1007,=14.2061,=0.0057,=13.5420,=17.8742,=20.3604,=46.9799,=191.0166,=2.3970,=0.3667,=1.6557,=2.1541,=2.5823,=3.0646,=4.3429,=1.2890,=0.2411,=0.9965,=1.2592,=1.5542,=1.8502,=2.9413,=0.0463,=0.9939,=0.0097,=0.0178,=0.0253,=0.0320,=0.0488,,=0.1743,,=847
="932365",中证现金流,2024-12-11,=0.0285,=4710.1700,=-0.1059,=14.2151,=0.7702,=10.1873,=10.9565,=12.0256,=14.3375,=15.8261,=1.6001,=0.1201,=1.4661,=1.6617,=1.7738,=1.8820,=2.0150,=0.8729,=0.0287,=0.8463,=1.1806,=1.3960,=1.5134,=1.6205,=0.0378,=0.2768,=0.0305,=0.0358,=0.0420,=0.0473,=0.0550,=0.0286,=0.1155,=0.0394,=684
="000150",380红利,2012-07-20,=0.0232,=11380.6800,=-0.0154,=14.2679,=0.7262,=5.2545,=8.5513,=12.0903,=16.2605,=19.8070,=0.9988,=0.2788,=0.6172,=0.8678,=1.3510,=1.6591,=2.2592,=0.4693,=0.4565,=0.2775,=0.3623,=0.5390,=1.5390,=2.3204,=0.0466,=0.5480,=0.0247,=0.0344,=0.0445,=0.0581,=0.0734,=0.0206,=0.0377,=0.0185,=43
="931381",中证长三角,2019-11-25,=0.0107,=2070.1000,=0.0227,=14.3127,=0.8762,=9.1117,=10.6709,=12.0330,=13.9851,=16.1441,=1.4164,=0.6459,=0.9630,=1.1521,=1.3086,=1.5494,=1.8124,=1.7169,=0.8731,=0.8724,=1.0719,=1.2539,=1.5631,=1.9541,=0.0256,=0.2296,=0.0209,=0.0253,=0.0284,=0.0322,=0.0422,=0.0256,=0.0961,=0.0259,=8
="H11057",石化产业,2009-07-22,=0.0286,=1299.5100,=-0.0486,=14.3185,=0.5523,=9.0713,=11.9961,=13.9437,=19.4219,=46.6548,=1.4614,=0.8405,=0.9085,=1.1905,=1.3429,=1.4431,=1.9948,=0.7709,=0.8596,=0.4002,=0.4801,=0.6112,=0.7524,=1.0264,=0.0329,=0.3457,=0.0099,=0.0303,=0.0364,=0.0408,=0.0471,=0.0331,=0.0946,=0.0281,=68
="931397",A股通50,2020-02-20,=0.0250,=2330.9300,=0.0285,=14.3485,=0.6138,=8.9450,=10.5773,=12.9273,=21.5070,=29.8209,=1.7894,=0.5338,=1.1048,=1.2782,=1.7469,=3.5720,=4.6955,=2.3865,=0.7337,=1.0496,=1.2866,=1.8856,=2.8828,=3.9597,=0.0275,=0.4771,=0.0113,=0.0156,=0.0280,=0.0368,=0.0493,=0.0296,=0.1069,=0.0278,=8
="000986",全指能源,2011-08-02,=0.0382,=2531.2200,=0.0844,=14.4299,=0.5971,=6.8032,=9.9968,=13.3499,=21.2289,=75.0146,=1.3512,=0.8734,=0.7554,=0.9688,=1.1756,=1.3157,=1.7977,=0.8301,=0.9447,=0.3323,=0.4459,=0.5657,=0.7260,=1.0524,=0.0378,=0.2660,=0.0098,=0.0344,=0.0439,=0.0544,=0.0769,=0.0281,=0.0918,=0.0274,=603
="399437",证券龙头,2014-12-30,=0.0048,=6212.3500,=-0.0880,=14.4477,=0.0445,=12.9130,=17.3597,=19.9992,=25.0411,=43.0253,=1.3211,=0.2415,=1.0547,=1.2956,=1.5300,=1.8172,=2.3633,=5.7543,=0.4015,=3.9970,=5.3342,=6.2016,=7.2524,=9.5068,=0.0211,=0.8067,=0.0092,=0.0139,=0.0161,=0.0210,=0.0262,=0.0223,=0.0851,=0.0215,=704
="000300",沪深300,2005-04-08,=0.0215,=4796.5000,=0.0360,=14.4578,=0.8812,=10.0799,=11.6919,=12.6533,=14.1435,=17.6279,=1.4716,=0.5097,=1.1457,=1.3350,=1.4693,=1.6202,=1.9228,=1.5661,=0.9311,=1.0330,=1.1718,=1.3086,=1.4602,=1.7482,=0.0271,=0.4775,=0.0199,=0.0236,=0.0274,=0.0317,=0.0422,=0.0246,=0.0934,=0.0249,=48951
="HSMI",恒生综合中型股指数,2001-10-03,=0.0161,=4460.8700,=-0.1047,=14.4982,=0.7720,=7.1837,=9.6369,=11.3145,=14.7245,=19.0737,=1.1732,=0.7419,=0.6229,=0.7817,=1.0105,=1.2288,=1.5312,=0.9460,=0.9126,=0.4186,=0.5568,=0.6725,=0.8162,=1.0938,=0.0305,=0.3817,=0.0208,=0.0280,=0.0329,=0.0427,=0.0675,,,,=162
="930758",凤凰50,2018-11-21,=0.0154,=8892.8600,=0.1163,=14.6496,=0.6253,=8.6050,=10.8179,=13.5247,=15.7450,=22.7753,=1.9690,=0.7414,=1.0496,=1.4369,=1.6658,=2.0809,=3.0708,=2.2714,=0.9282,=0.3622,=0.7526,=1.3162,=1.9006,=3.4064,=0.0294,=0.6425,=0.0097,=0.0228,=0.0282,=0.0306,=0.0478,=0.0281,=0.1135,=0.0262,=67
="950096",上海国企,2016-05-11,=0.0024,=1332.1100,=-0.1195,=14.6598,=0.7134,=8.9055,=11.0343,=12.5701,=15.1974,=16.5992,=1.1114,=0.4784,=0.7269,=0.8713,=1.1273,=1.4839,=2.0186,=1.2199,=0.9732,=0.5842,=0.6832,=0.8501,=1.1393,=1.2890,=0.0212,=0.2214,=0.0177,=0.0207,=0.0257,=0.0281,=0.0334,=0.0189,=0.0761,=0.0213,=168
="000028",180成长,2009-01-09,=0.0259,=4079.1600,=0.0424,=14.7354,=0.5093,=9.5268,=12.2094,=14.6065,=18.2344,=25.1474,=2.1339,=0.3348,=1.5063,=1.8487,=2.6890,=3.1694,=5.1089,=2.6590,=0.9967,=1.1581,=1.4605,=1.6271,=1.8804,=2.7082,=0.0228,=0.5410,=0.0090,=0.0178,=0.0225,=0.0253,=0.0375,=0.0333,=0.1358,=0.0227,=193
="000955",中证国企,2010-02-09,=0.0128,=1548.1900,=-0.0297,=14.8223,=0.7761,=10.0979,=11.7062,=12.7317,=14.9539,=16.8119,=1.2420,=0.3893,=1.0210,=1.1826,=1.2906,=1.4336,=1.7591,=1.2698,=0.7806,=0.7969,=0.9757,=1.0895,=1.2808,=1.4527,=0.0277,=0.5377,=0.0195,=0.0241,=0.0272,=0.0324,=0.0414,=0.0213,=0.0765,=0.0217,=40
="932037",央企现代能源,2022-11-16,=0.0264,=1410.9900,=-0.0330,=14.8594,=0.8780,=10.8583,=12.0130,=12.8733,=14.2308,=18.2611,=1.4975,=0.6678,=1.1507,=1.3401,=1.4204,=1.5659,=1.8914,=0.8977,=0.8904,=0.4850,=0.6214,=0.7542,=0.8340,=1.0835,=0.0343,=0.1073,=0.0297,=0.0359,=0.0405,=0.0431,=0.0461,=0.0273,=0.0952,=0.0272,=35
="932315",中证红利质量,2024-07-08,=0.0218,=4077.2600,=-0.0968,=14.9320,=0.3893,=12.3916,=13.6359,=15.5582,=16.6004,=18.7206,=2.8655,=0.4242,=2.1812,=2.3744,=3.0292,=3.9707,=4.4900,=3.4683,=0.9795,=2.0136,=2.1860,=3.0153,=3.2015,=3.6638,=0.0387,=0.4324,=0.0312,=0.0372,=0.0390,=0.0421,=0.0443,=0.0482,=0.1829,=0.0412,=532
="931238",SSH黄金股票,2017-10-17,=0.0428,=2739.0500,=-0.1582,=14.9630,=0.0067,=13.5435,=18.4541,=23.4931,=35.6391,=92.1543,=3.0853,=0.9028,=1.4294,=1.8170,=2.0177,=2.3595,=6.0579,=0.9857,=0.9099,=0.3659,=0.4658,=0.5516,=0.6700,=1.9529,=0.0232,=0.9188,=0.0052,=0.0085,=0.0126,=0.0208,=0.0325,,=0.1869,,=335
="HSSCHKC",恒生港股通香港公司指数,2017-11-20,=0.0107,=3290.5200,=0.0588,=14.9931,=0.5929,=9.9660,=12.2266,=14.3474,=18.0962,=45.2058,=1.2819,=0.8782,=0.8018,=0.9550,=1.0996,=1.2453,=1.4001,=3.3092,=1,=1.7566,=2.0750,=2.3921,=2.7556,=3.3092,=0.0369,=0.3742,=0.0202,=0.0340,=0.0391,=0.0466,=0.0626,,,,=14
="000066",上证商品,2010-04-30,=0.0455,=3688.3100,=0.0457,=15.0245,=0.4998,=7.9120,=11.1675,=15.0253,=23.0911,=53.3084,=1.6969,=0.9497,=0.9403,=1.2112,=1.3382,=1.4986,=2.2405,=0.9563,=0.9534,=0.4082,=0.5256,=0.6498,=0.7776,=1.2223,=0.0324,=0.3485,=0.0093,=0.0289,=0.0357,=0.0466,=0.0603,=0.0347,=0.1091,=0.0303,=78
="399699",金融科技,2017-06-09,=-0.0069,=3421.6800,=-0.2349,=15.0400,=0.0292,=14.0983,=16.7076,=19.3421,=44.4801,=111.6316,=1.7140,=0.1533,=1.2665,=1.7911,=2.2779,=3.3988,=4.4660,=1.4066,=0.2377,=1.0709,=1.3769,=1.6216,=1.9115,=3.0519,=0.0250,=0.8777,=0.0041,=0.0062,=0.0186,=0.0232,=0.0329,=0.0209,=0.1027,=0.0223,=325
="931021",家电龙头,2017-10-17,=0.0105,=16305.7400,=-0.0974,=15.0511,=0.3842,=11.3343,=14.2525,=15.7535,=19.3031,=31.7589,=2.5234,=0.1106,=2.3641,=2.6370,=3.0467,=3.9024,=5.4650,=1.2318,=0.4939,=0.8457,=1.1178,=1.2344,=1.4855,=2.4102,=0.0418,=0.9840,=0.0135,=0.0212,=0.0285,=0.0356,=0.0436,=0.0396,=0.1676,=0.0453,=29
="931402",证券先锋,2020-01-14,=0.0032,=1871.3000,=-0.1026,=15.1046,=0.0452,=13.6795,=17.5039,=20.7618,=25.8405,=41.4692,=1.3154,=0.2640,=1.0487,=1.2871,=1.4612,=1.7480,=2.4715,=5.8851,=0.4879,=4.0917,=5.3124,=5.9057,=7.0653,=10.0278,=0.0204,=0.8142,=0.0081,=0.0133,=0.0150,=0.0196,=0.0246,=0.0214,=0.0819,=0.0203,=92
="000068",上证资源,2010-05-28,=0.0507,=4101.4500,=0.0186,=15.1318,=0.5002,=7.8012,=11.1450,=15.1282,=23.6629,=73.1997,=1.7132,=0.9538,=0.8674,=1.1479,=1.3121,=1.4834,=2.2515,=0.9507,=0.9542,=0.3742,=0.5012,=0.6088,=0.7716,=1.2220,=0.0320,=0.2816,=0.0094,=0.0296,=0.0360,=0.0471,=0.0635,=0.0351,=0.1097,=0.0307,=305
="399975",证券公司,2013-07-15,=0.0032,=771.6500,=-0.0950,=15.1927,=0.0367,=13.0756,=18.7096,=21.4877,=26.4841,=46.0250,=1.3116,=0.2202,=1.0494,=1.3006,=1.5513,=1.8607,=2.4199,=5.8857,=0.3765,=4.0997,=5.4439,=6.3253,=7.4089,=10.0865,=0.0202,=0.8021,=0.0082,=0.0129,=0.0150,=0.0201,=0.0252,=0.0211,=0.0810,=0.0201,=9829
="000092",资源50,2011-05-10,=0.0482,=4883.5800,=0.0004,=15.2029,=0.5373,=7.9483,=11.3499,=14.8921,=22.6708,=52.0101,=1.7848,=0.9546,=0.9579,=1.2635,=1.3973,=1.5398,=2.3324,=0.9862,=0.9530,=0.4148,=0.5541,=0.6758,=0.7910,=1.2646,=0.0313,=0.3575,=0.0094,=0.0285,=0.0354,=0.0449,=0.0578,=0.0363,=0.1132,=0.0314,=36
="000805",A股资源,2012-01-06,=0.0487,=7211.8000,=0.0171,=15.5678,=0.4984,=7.9265,=11.4609,=15.5929,=23.9321,=73.5792,=1.8172,=0.9542,=0.9200,=1.1959,=1.3655,=1.5203,=2.3735,=1.0070,=0.9542,=0.3865,=0.5298,=0.6350,=0.7786,=1.2754,=0.0304,=0.3314,=0.0090,=0.0279,=0.0342,=0.0454,=0.0580,=0.0371,=0.1115,=0.0305,=6
="931139",CS消费50,2019-03-20,=0.0048,=13291.4500,=-0.1669,=15.5704,=0.0101,=14.9525,=18.0915,=23.9862,=30.1049,=47.8630,=3.0678,=0.0203,=2.8552,=4.0154,=5.3323,=7.0622,=12.5456,=1.9893,=0.0090,=1.9104,=2.5849,=3.1591,=4.4642,=9.1270,=0.0464,=0.9899,=0.0083,=0.0159,=0.0209,=0.0360,=0.0484,=0.0528,=0.1922,=0.0638,=2211
="931645",1000红利,2024-03-15,=0.0151,=2254,=-0.0919,=15.5913,=0.9059,=11.2896,=12.4355,=13.7018,=14.9212,=18.1886,=1.1159,=0.1528,=0.9871,=1.1293,=1.1927,=1.2439,=1.3469,=0.7107,=0.2860,=0.5734,=0.6747,=0.7543,=0.8143,=0.8871,=0.0353,=0.3854,=0.0305,=0.0338,=0.0365,=0.0410,=0.0471,=0.0179,=0.0646,=0.0199,=25
="931068",消费龙头,2018-11-21,=0.0037,=10326.4500,=-0.1849,=15.5925,=0.0081,=15.0591,=18.2651,=22.8889,=30.0339,=44.3922,=3.0645,=0.0113,=2.8729,=4.1282,=4.7273,=6.5740,=10.3805,=1.9082,=0.0135,=1.8019,=2.5877,=3.2609,=4.0978,=7.0508,=0.0435,=0.9919,=0.0085,=0.0161,=0.0209,=0.0329,=0.0451,=0.0518,=0.2083,=0.0600,=2373
="000861",央企创新,2019-05-16,=0.0117,=2597.0400,=0.0120,=15.6224,=0.8428,=10.3360,=12.0406,=13.4224,=15.1369,=18.8086,=1.4223,=0.8993,=1.0351,=1.1872,=1.2983,=1.3875,=1.5975,=0.8220,=0.9447,=0.4544,=0.5195,=0.5842,=0.7347,=0.8999,=0.0311,=0.4352,=0.0234,=0.0271,=0.0333,=0.0377,=0.0493,=0.0222,=0.0826,=0.0232,=265
="000961",中证上游,2010-04-16,=0.0526,=4932.9700,=-0.0257,=15.7021,=0.5060,=8.3063,=11.4863,=15.6545,=23.6929,=72.6914,=1.8060,=0.9518,=0.9003,=1.1960,=1.3659,=1.5292,=2.4036,=0.9941,=0.9530,=0.3813,=0.5134,=0.6292,=0.7802,=1.2905,=0.0303,=0.3245,=0.0092,=0.0281,=0.0343,=0.0447,=0.0576,=0.0373,=0.1119,=0.0305,=44
="000944",内地资源,2009-10-28,=0.0539,=5154.0700,=-0.0288,=15.8821,=0.5326,=8.0950,=11.4362,=15.5545,=23.2755,=66.3491,=1.8128,=0.9522,=0.8945,=1.1840,=1.3566,=1.5217,=2.3924,=0.9973,=0.9530,=0.3754,=0.5050,=0.6228,=0.7745,=1.2835,=0.0302,=0.2832,=0.0090,=0.0284,=0.0349,=0.0457,=0.0579,=0.0374,=0.1109,=0.0304,=6
="000860",结构调整,2018-03-26,=0.0178,=1274.4200,=0.0410,=15.8915,=0.7412,=9.5233,=12.4645,=13.9671,=16.3485,=20.6443,=1.4667,=0.8440,=1.1018,=1.2880,=1.3717,=1.4551,=1.6430,=0.9171,=0.9767,=0.4658,=0.5873,=0.6776,=0.7921,=0.9608,=0.0318,=0.5077,=0.0220,=0.0262,=0.0313,=0.0369,=0.0499,=0.0222,=0.0831,=0.0231,=145
="H30089",红利潜力,2013-07-02,=0.0116,=8901.1500,=-0.1051,=15.9176,=0.2619,=12.7702,=15.7141,=16.9112,=20.7192,=29.7267,=2.6424,=0.6107,=1.5457,=2.0037,=2.4993,=2.9135,=4.3960,=2.1021,=0.7852,=0.7611,=0.9535,=1.7584,=2.1695,=2.8465,=0.0369,=0.7703,=0.0172,=0.0255,=0.0316,=0.0373,=0.0456,=0.0404,=0.1605,=0.0444,=549
="HSHK35",恒生香港35,2003-01-20,=0.0103,=3097.8300,=0.0853,=15.9252,=0.6496,=9.7413,=12.1647,=14.3732,=17.5924,=47.6465,=1.2457,=0.8358,=0.7649,=0.9601,=1.0987,=1.2317,=1.3547,=3.3787,=0.9093,=2.1814,=2.5966,=2.8947,=3.1869,=3.7366,=0.0378,=0.4159,=0.0206,=0.0332,=0.0391,=0.0462,=0.0628,,,,=115
="HSMSI",恒生综合中小型股指数,2015-06-08,=0.0157,=2594.7800,=-0.1216,=15.9997,=0.8451,=7.2058,=10.0582,=12.4546,=15.5594,=18.8438,=1.1121,=0.6626,=0.6157,=0.7686,=1.0041,=1.2090,=1.4952,=0.8469,=0.8110,=0.4020,=0.5319,=0.6807,=0.8420,=1.0389,=0.0301,=0.3927,=0.0199,=0.0271,=0.0325,=0.0412,=0.0630,,,,=161
="930697",家用电器,2015-07-07,=0.0127,=11626.1800,=-0.0910,=16.0446,=0.3085,=12.0193,=15.4243,=17.0472,=19.8234,=32.1495,=2.4661,=0.0623,=2.2889,=2.6672,=3.2697,=3.9701,=5.2226,=1.2343,=0.3212,=0.9879,=1.1843,=1.3005,=1.6199,=2.3694,=0.0394,=0.9819,=0.0137,=0.0223,=0.0264,=0.0332,=0.0418,=0.0370,=0.1413,=0.0419,=1730
="931268",持续发展,2019-11-15,=0.0172,=2285.9700,=0.0331,=16.0551,=0.6399,=14.1354,=15.0616,=15.5923,=16.2582,=17.1877,=2.1628,=0.5839,=1.7338,=1.8332,=1.9423,=2.2537,=2.3440,=1.9742,=0.9510,=1.5998,=1.7223,=1.7952,=1.8249,=2.0502,=0.0280,=0.0490,=0.0268,=0.0293,=0.0307,=0.0316,=0.0326,=0.0313,=0.1256,=0.0323,=17
="000945",内地运输,2009-10-28,=0.0147,=1323.1200,=-0.1046,=16.0846,=0.1439,=13.9394,=16.4565,=19.3784,=27.8199,=72.7429,=1.2701,=0.0120,=1.2245,=1.4054,=1.5606,=1.7783,=2.4452,=0.7356,=0.3357,=0.5140,=0.6447,=0.9070,=1.3854,=1.9188,=0.0308,=0.6977,=0.0105,=0.0141,=0.0177,=0.0327,=0.0436,=0.0219,=0.0581,=0.0167,=77
="931371",品牌消费100,2019-11-25,=0.0076,=5556.5900,=-0.1565,=16.0859,=0.0479,=14.6106,=17.3694,=22.2215,=30.6159,=41.6881,=2.9959,=0.0205,=2.8278,=3.6995,=4.6330,=6.5448,=9.5576,=2.0067,=0.0895,=1.7483,=2.1075,=2.6525,=3.8695,=5.3339,=0.0461,=0.9907,=0.0095,=0.0156,=0.0226,=0.0369,=0.0479,=0.0505,=0.1847,=0.0654,=6
="399974",国企改革,2014-08-07,=0.0123,=2002.2400,=0.0546,=16.1239,=0.7398,=8.5408,=11.0130,=13.4099,=16.8793,=23.5243,=1.4404,=0.4276,=1.0768,=1.3337,=1.4739,=1.8339,=2.8970,=1.1148,=0.6746,=0.6803,=0.8927,=0.9978,=1.2484,=2.2060,=0.0287,=0.4301,=0.0148,=0.0231,=0.0300,=0.0332,=0.0410,=0.0239,=0.0809,=0.0242,=371
="930716",CS物流,2015-07-31,=0.0212,=1165.8300,=-0.0071,=16.1736,=0.3918,=6.6312,=13.0083,=18.5999,=33.9031,=505.8138,=1.2046,=0.0280,=1.1511,=1.3002,=1.9728,=2.6042,=3.8580,=0.4558,=0.4981,=0.2137,=0.3289,=0.4559,=0.7133,=1.0555,=0.0339,=0.7163,=0.0055,=0.0089,=0.0123,=0.0374,=0.0692,=0.0197,=0.0542,=0.0209,=241
="931404",SHS品牌消费50,2020-02-20,=0.0036,=2225.9000,=-0.1757,=16.1890,=0.0284,=15.2551,=18.3179,=21.5282,=30.1330,=52.1290,=3.8328,=0.0427,=3.2381,=4.5719,=5.2654,=7.2708,=13.2899,=3.2681,=0.2727,=2.1582,=3.1751,=4.0565,=6.3922,=12.0094,=0.0262,=0.7996,=0.0048,=0.0094,=0.0171,=0.0262,=0.0383,,=0.2165,,=133
="H30171",运输指数,2013-07-15,=0.0154,=1457.0800,=-0.0990,=16.3101,=0.1949,=14.1889,=16.3475,=18.0105,=25.4366,=51.4445,=1.2297,=0.0095,=1.1914,=1.3532,=1.5027,=1.6862,=2.3737,=0.6559,=0.2800,=0.5217,=0.6281,=0.8486,=1.1935,=1.9196,=0.0296,=0.7420,=0.0111,=0.0148,=0.0200,=0.0304,=0.0375,=0.0207,=0.0585,=0.0181,=86
="H11136",中国互联网,2011-09-20,=-0.0015,=3927.3630,=-0.2633,=16.4227,=0.0330,=14.4387,=19.9367,=42.6928,=57.4994,=137.0698,=2.1348,=0.0176,=1.7247,=2.5464,=4.5655,=6.7410,=9.7098,=1.8623,=0.0169,=1.5020,=2.2404,=4.3171,=6.5160,=9.1092,=0.0116,=0.9590,=0.0007,=0.0013,=0.0019,=0.0085,=0.0132,,,,=3354
="H30533",中国互联网50,2014-12-29,=-0.0015,=6908.9591,=-0.2629,=16.4447,=0.0226,=14.4020,=20.2331,=41.6018,=57.1746,=137.0698,=2.1399,=0.0196,=1.7082,=2.5396,=4.5647,=6.7227,=9.7098,=1.8192,=0.0177,=1.4305,=2.1732,=4.3057,=6.4332,=9.1092,=0.0109,=0.9532,=0.0007,=0.0013,=0.0019,=0.0079,=0.0125,,,,=6818
="930604",中国互联网30,2015-03-23,=-0.0034,=7394.3586,=-0.2608,=16.4823,=0.0265,=14.4178,=20.0382,=42.2455,=59.2813,=131.9396,=2.1664,=0.0154,=1.7582,=2.5917,=4.6836,=7.0824,=10.3841,=1.8245,=0.0204,=1.4482,=2.1844,=4.0929,=6.4486,=9.5870,=0.0106,=0.9877,=0.0007,=0.0013,=0.0017,=0.0076,=0.0121,,,,=643
="399375",中盘价值,2010-01-04,=0.0238,=6152.6400,=0.0369,=16.5349,=0.7918,=9.0528,=10.9370,=12.3141,=16.6890,=33.1718,=1.5243,=0.7843,=1.0236,=1.1932,=1.3322,=1.5417,=1.9880,=1.2702,=0.9922,=0.5167,=0.6432,=0.7489,=0.9806,=1.3254,=0.0274,=0.3233,=0.0137,=0.0236,=0.0309,=0.0368,=0.0505,=0.0258,=0.0785,=0.0211,=187
="931167",先进制造100,2019-04-25,=0.0094,=7447.3900,=-0.0380,=16.5578,=0.7793,=10.3762,=13.0082,=14.2467,=16.8792,=20.9116,=2.7809,=0.8582,=1.6383,=2.0285,=2.2605,=2.5905,=3.3727,=1.9292,=0.9251,=0.9031,=1.2343,=1.4383,=1.6606,=2.1795,=0.0314,=0.9182,=0.0136,=0.0208,=0.0255,=0.0290,=0.0362,=0.0404,=0.1483,=0.0310,=344
="399286",区块链50,2019-12-24,=0.0017,=3266.7600,=-0.1847,=16.5759,=0.0870,=13.8844,=17.8900,=20.7932,=28.5846,=40.1853,=1.8787,=0.2112,=1.4262,=1.8607,=2.1193,=2.7524,=3.6332,=1.7349,=0.3613,=1.3177,=1.5899,=1.8456,=2.0926,=2.8188,=0.0259,=0.9401,=0.0072,=0.0097,=0.0146,=0.0231,=0.0319,=0.0273,=0.0903,=0.0252,=155
="931663",SHS消费龙头,2015-03-13,=0.0055,=1683.7800,=-0.1714,=16.5895,=0.0254,=14.4278,=20.1444,=26.6948,=37.1075,=57.5191,=2.7735,=0.0109,=2.5314,=3.4028,=4.3132,=6.1379,=13.5979,=1.7546,=0.1553,=1.3592,=1.8727,=2.3931,=3.4214,=7.5123,=0.0315,=0.9450,=0.0069,=0.0133,=0.0169,=0.0252,=0.0421,,=0.1411,,=221
="931587",500价值稳健,2020-11-09,=0.0141,=20718.9000,=-0.0559,=16.6134,=0.9245,=9.7530,=12.2093,=14.2020,=15.5484,=19.8926,=1.3335,=0.8312,=0.8925,=1.0564,=1.1568,=1.3060,=1.5437,=0.7939,=0.9904,=0.3384,=0.4600,=0.5122,=0.5842,=0.8345,=0.0357,=0.7779,=0.0250,=0.0297,=0.0335,=0.0360,=0.0456,=0.0221,=0.0672,=0.0198,=79
="000979",大宗商品,2011-08-22,=0.0380,=6585.7500,=-0.0293,=16.6247,=0.5192,=9.9333,=12.8903,=16.3543,=22.7754,=55.6298,=1.7862,=0.9357,=1.1381,=1.3703,=1.4876,=1.6293,=2.3336,=0.9720,=0.9522,=0.4909,=0.5833,=0.6997,=0.8308,=1.2291,=0.0289,=0.4099,=0.0088,=0.0252,=0.0307,=0.0396,=0.0489,=0.0335,=0.1029,=0.0285,=702
="931468",红利质量,2020-05-21,=0.0193,=32585.6400,=0.0342,=16.6982,=0.3289,=12.5562,=16.0663,=18.7514,=21.9024,=36.4689,=2.8350,=0.1906,=2.1523,=2.8504,=3.7611,=4.7115,=8.5636,=3.3842,=0.6349,=1.9811,=2.3476,=2.9421,=3.9527,=5.8829,=0.0301,=0.5933,=0.0102,=0.0190,=0.0287,=0.0337,=0.0407,=0.0381,=0.1637,=0.0476,=1156
="399348",深证价值,2009-11-04,=0.0216,=6407.9700,=-0.0175,=16.7305,=0.7097,=9.9756,=12.8084,=14.9077,=17.5036,=21.4453,=1.7180,=0.4961,=1.2527,=1.4911,=1.7204,=2.1123,=2.9268,=1.2759,=0.6235,=0.8306,=1.0363,=1.1851,=1.5350,=2.1193,=0.0292,=0.7052,=0.0153,=0.0217,=0.0265,=0.0308,=0.0407,=0.0245,=0.0871,=0.0201,=292
="000842",800等权,2012-12-21,=0.0120,=7154.8700,=0.0125,=16.8040,=0.9414,=10.7808,=12.9023,=14.0908,=15.9630,=18.9686,=1.6298,=0.6177,=1.1816,=1.3959,=1.5516,=1.7186,=1.9628,=1.6149,=0.9757,=1.0117,=1.1472,=1.2950,=1.4838,=1.6796,=0.0237,=0.4173,=0.0180,=0.0211,=0.0248,=0.0289,=0.0389,=0.0241,=0.0890,=0.0237,=160
="000906",中证800,2007-01-15,=0.0203,=5392.6100,=0.0555,=16.8040,=0.9414,=10.7808,=12.9023,=14.0908,=15.9630,=18.9686,=1.6298,=0.6177,=1.1816,=1.3959,=1.5516,=1.7186,=1.9628,=1.6149,=0.9757,=1.0117,=1.1472,=1.2950,=1.4838,=1.6796,=0.0237,=0.4173,=0.0180,=0.0211,=0.0248,=0.0289,=0.0389,=0.0241,=0.0890,=0.0237,=2678
="000001",上证指数,1991-07-15,=0.0136,=3967.1300,=-0.0004,=16.8088,=0.9452,=10.8403,=12.7209,=13.8332,=15.9017,=17.9144,=1.4827,=0.5781,=1.1148,=1.3021,=1.4416,=1.5704,=1.8463,=1.4950,=0.9340,=0.9369,=1.0774,=1.2153,=1.4010,=1.5771,=0.0242,=0.4099,=0.0185,=0.0222,=0.0252,=0.0297,=0.0391,=0.0219,=0.0804,=0.0221,=1464
="399398",绩效指数,2012-11-19,=0.0093,=9530.9600,=-0.1005,=16.9622,=0.3711,=9.4274,=11.7991,=18.3600,=21.6274,=36.1591,=3.1707,=0.3452,=1.3709,=1.7770,=3.5798,=4.3854,=6.4752,=3.1067,=0.6726,=1.5601,=2.2236,=2.8970,=3.4328,=5.0073,=0.0384,=0.8511,=0.0140,=0.0234,=0.0323,=0.0374,=0.0430,=0.0495,=0.1771,=0.0433,=22
="399310",国证A50,2005-09-05,=0.0205,=8115.4900,=0.0123,=17.0074,=0.8412,=8.8433,=10.5387,=13.5585,=16.3815,=22.6576,=2.0221,=0.7860,=1.1237,=1.3016,=1.6704,=2.0391,=2.9417,=1.5098,=0.8012,=0.9633,=1.1368,=1.2426,=1.5086,=2.2769,=0.0244,=0.2318,=0.0160,=0.0240,=0.0295,=0.0318,=0.0370,=0.0272,=0.1076,=0.0263,=291
="000937",中证公用,2009-07-03,=0.0097,=2493.0700,=-0.0004,=17.0101,=0.3085,=13.4460,=16.5718,=18.6434,=21.1313,=46.5328,=1.6900,=0.3023,=1.3423,=1.6286,=1.7742,=1.9633,=2.2557,=1.6584,=0.6553,=1.2657,=1.4810,=1.5857,=1.7902,=3.2521,=0.0298,=0.8623,=0.0192,=0.0235,=0.0276,=0.0293,=0.0348,=0.0215,=0.0905,=0.0250,=336
="399377",小盘价值,2010-01-04,=0.0209,=7363.2000,=-0.0434,=17.0241,=0.6777,=9.8385,=13.2773,=15.1881,=19.7176,=34.2299,=1.2816,=0.5911,=0.8997,=1.0824,=1.2374,=1.5725,=2.1990,=0.7269,=0.5190,=0.4594,=0.5454,=0.7121,=1.2055,=1.8295,=0.0290,=0.6908,=0.0113,=0.0192,=0.0257,=0.0310,=0.0386,=0.0183,=0.0578,=0.0162,=623
="H30095",医药红利,2013-07-02,=0.0218,=14536.2000,=-0.0598,=17.0469,=0.1612,=14.6474,=17.2465,=19.7147,=27.1421,=34.8020,=1.7581,=0.1729,=1.4797,=1.7882,=2.4403,=3.1092,=4.2060,=0.9956,=0.2092,=0.7612,=0.9877,=1.5128,=2.0035,=2.8268,=0.0359,=0.9589,=0.0116,=0.0174,=0.0225,=0.0301,=0.0398,=0.0293,=0.1019,=0.0311,=91
="930050",中证A50,2024-01-02,=0.0195,=1798.1100,=0.0059,=17.0652,=0.4098,=13.9812,=15.9846,=17.4126,=18.1312,=19.9330,=2.1649,=0.7098,=1.7817,=1.9678,=2.0903,=2.2010,=2.3759,=1.6989,=0.9902,=1.0165,=1.1274,=1.3669,=1.5631,=1.7408,=0.0284,=0.1410,=0.0260,=0.0288,=0.0297,=0.0308,=0.0348,=0.0291,=0.1115,=0.0275,=995
="930796",全球中国互联网,2016-04-22,=-0.0051,=1628.9885,=-0.2529,=17.1363,=0.0234,=15.1718,=21.0267,=39.4414,=53.8907,=115.7107,=2.2739,=0.0269,=1.8023,=2.6547,=4.5413,=6.9373,=9.6202,=1.9352,=0.0242,=1.5064,=2.2808,=3.7944,=6.4516,=9.5215,=0.0107,=0.9847,=0.0008,=0.0013,=0.0018,=0.0077,=0.0121,,=0.1307,,=41
="000911",300可选,2007-07-02,=0.0111,=5450.4700,=-0.1761,=17.1901,=0.3353,=11.4175,=16.2611,=18.2503,=24.5366,=45.8432,=1.8788,=0.0074,=1.7502,=2.2807,=2.5472,=3.0218,=4.4626,=0.8584,=0.0639,=0.7162,=0.9574,=1.1009,=1.3297,=2.0518,=0.0296,=0.9649,=0.0117,=0.0177,=0.0226,=0.0262,=0.0325,=0.0241,=0.1159,=0.0309,=30
="931357",优选消费50,2019-11-15,=0.0081,=2386.8000,=-0.2045,=17.2757,=0.0113,=16.0077,=20.4148,=25.0622,=32.9805,=53.0529,=2.7630,=0.0113,=2.5395,=3.6729,=4.3632,=7.1460,=11.6208,=1.7250,=0.0101,=1.5982,=2.3016,=2.7180,=5.1935,=8.8232,=0.0266,=0.9899,=0.0058,=0.0100,=0.0141,=0.0199,=0.0287,,=0.1689,,=392
="000046",上证中小,2009-07-03,=0.0149,=5401.9200,=0.0533,=17.2835,=0.6924,=10.5504,=12.1058,=15.2214,=18.2091,=22.4992,=1.4954,=0.5278,=1.0626,=1.2077,=1.4808,=1.7924,=2.0905,=1.3722,=0.7711,=0.8596,=1.0256,=1.1229,=1.4033,=1.6429,=0.0233,=0.5753,=0.0151,=0.0186,=0.0224,=0.0299,=0.0371,=0.0219,=0.0784,=0.0213,=344
="930838",CS高股息,2016-06-08,=0.0221,=6613.7000,=-0.0839,=17.3341,=0.4656,=10.7704,=14.2530,=17.8334,=22.5023,=29.5345,=3.2869,=0.7687,=1.8272,=2.3324,=2.8242,=3.4700,=5.4603,=3.0999,=0.5893,=1.6703,=2.0490,=2.4940,=3.7457,=5.1335,=0.0285,=0.5880,=0.0136,=0.0201,=0.0263,=0.0363,=0.0519,=0.0550,=0.1877,=0.0570,=172
="000917",300公用,2007-07-02,=0.0083,=2487.9200,=0.0109,=17.4452,=0.4186,=13.3250,=16.3288,=17.8503,=20.5953,=34.2477,=1.8936,=0.4103,=1.4019,=1.7080,=1.9720,=2.1718,=2.6347,=1.8926,=0.6437,=1.3139,=1.6332,=1.8147,=1.9943,=3.2322,=0.0313,=0.6779,=0.0191,=0.0239,=0.0299,=0.0327,=0.0390,=0.0223,=0.0974,=0.0266,=36
="932369",1000现金流,2024-11-12,=0.0182,=3200.8600,=-0.1320,=17.4789,=0.1460,=16.0705,=17.6698,=18.4419,=19.3793,=21.4836,=1.4671,=0.0347,=1.4251,=1.5399,=1.6527,=1.7583,=1.8728,=0.8628,=0.1213,=0.8034,=0.8934,=1.0146,=1.0647,=1.3230,=0.0282,=0.7153,=0.0230,=0.0260,=0.0272,=0.0287,=0.0311,=0.0245,=0.0821,=0.0237,=58
="932152",港股通成长策略,2025-04-30,=0.0111,=1116.1200,=-0.1575,=17.5073,=0.0881,=16.5252,=18.0810,=18.8976,=21.1415,=22.5567,=2.2533,=0.0407,=2.1900,=2.5014,=2.7145,=2.8282,=3.0449,=1.6886,=0.0169,=1.6556,=1.9098,=2.0944,=2.2155,=2.3595,=0.0208,=0.8136,=0.0152,=0.0173,=0.0192,=0.0206,=0.0248,,=0.1305,,=9
="000995",全指公用,2011-08-02,=0.0089,=2579.0200,=-0.0015,=17.5086,=0.3006,=14.4124,=16.7252,=18.9182,=23.9608,=55.0107,=1.6968,=0.4186,=1.2839,=1.5403,=1.7269,=1.8686,=2.1268,=1.7439,=0.7806,=1.2094,=1.4214,=1.5276,=1.7903,=2.4023,=0.0283,=0.8186,=0.0172,=0.0230,=0.0259,=0.0281,=0.0321,=0.0217,=0.0896,=0.0244,=321
="H30094",消费红利,2013-07-02,=0.0073,=29372.9700,=-0.2092,=17.5884,=0.0107,=16.2060,=20.7234,=27.7746,=33.4547,=59.6542,=3.3204,=0.0078,=3.1510,=4.3764,=5.3356,=6.7479,=11.0368,=3.7408,=0.3452,=2.0635,=3.2986,=4.3055,=5.3148,=8.4259,=0.0475,=0.9946,=0.0123,=0.0178,=0.0222,=0.0339,=0.0491,=0.0717,=0.1905,=0.0792,=2147
="000510",中证A500,2024-09-23,=0.0227,=5984.3700,=0.0605,=17.6102,=0.8920,=12.2476,=14.4702,=15.6736,=17.3638,=18.3286,=1.7234,=0.8138,=1.2883,=1.4935,=1.6120,=1.7170,=1.7791,=1.5158,=0.8322,=1.0081,=1.2178,=1.3404,=1.5104,=1.5740,=0.0236,=0.0828,=0.0227,=0.0247,=0.0267,=0.0323,=0.0380,=0.0241,=0.0887,=0.0240,=2343
="1000004",上海A股,1994-01-01,=0.0136,=3967.1300,=-0.0004,=17.6381,=0.9682,=10.8441,=12.9364,=14.2924,=16.1672,=18.4959,=1.5296,=0.6243,=1.1181,=1.3162,=1.4437,=1.5980,=1.8457,=1.5478,=0.9625,=0.9734,=1.0889,=1.2356,=1.3970,=1.6065,=0.0233,=0.3555,=0.0184,=0.0214,=0.0254,=0.0296,=0.0389,=0.0219,=0.0804,=0.0221,=4922
="399311",国证1000,2005-02-03,=0.0205,=5221.2000,=0.0531,=17.6421,=0.9357,=11.0854,=13.3222,=14.6208,=16.7916,=19.8966,=1.6766,=0.6210,=1.1918,=1.4217,=1.5927,=1.8004,=2.0383,=1.6307,=0.9794,=1.0112,=1.1700,=1.3059,=1.5249,=1.7074,=0.0228,=0.4148,=0.0172,=0.0199,=0.0239,=0.0282,=0.0380,=0.0236,=0.0857,=0.0233,=142
="931697",消费50策略,2021-07-12,=0.0082,=6990.5000,=-0.1783,=17.6792,=0.0495,=16.4104,=18.5004,=20.8747,=31.3508,=38.9422,=2.8508,=0.0297,=2.6840,=3.5261,=3.8706,=5.2023,=7.0736,=1.5414,=0.0272,=1.4635,=1.7670,=1.9278,=2.8564,=3.5305,=0.0385,=0.9876,=0.0120,=0.0156,=0.0240,=0.0314,=0.0403,=0.0408,=0.1608,=0.0542,=62
="H11059",工业有色,2009-07-22,=0.0598,=3865.2100,=-0.0293,=17.8106,=0.2965,=10.0577,=14.5918,=27.8608,=53.1897,=131.1130,=3.3318,=0.8596,=1.4392,=1.9968,=2.4100,=3.1776,=4.9901,=1.2501,=0.8984,=0.5048,=0.7391,=0.8602,=1.1469,=1.8706,=0.0188,=0.7632,=0.0035,=0.0055,=0.0104,=0.0205,=0.0285,=0.0664,=0.1735,=0.0401,=134
="H30199",电力指数,2013-07-15,=0.0109,=2857.7900,=0.0126,=17.8128,=0.3616,=14.1448,=16.8465,=18.9726,=25.0122,=78.5133,=1.6978,=0.4454,=1.2472,=1.5161,=1.7174,=1.8429,=2.0960,=1.8016,=0.8124,=1.1507,=1.4427,=1.5879,=1.7843,=2.2389,=0.0277,=0.6816,=0.0166,=0.0223,=0.0267,=0.0285,=0.0333,=0.0213,=0.0878,=0.0244,=724
="000909",300材料,2007-07-02,=0.0554,=3636.8000,=-0.1127,=17.8305,=0.4647,=10.2722,=14.5958,=18.2258,=25.1062,=46384.3131,=2.4677,=0.7979,=1.4655,=1.7277,=1.9989,=2.4710,=3.8763,=1.2051,=0.7522,=0.6983,=0.8432,=0.9803,=1.2340,=1.9427,=0.0199,=0.4734,=0.0057,=0.0139,=0.0204,=0.0243,=0.0291,=0.0473,=0.1225,=0.0288,=17
="931897",绿色电力,2012-12-21,=0.0103,=1100.3100,=0.0162,=17.8345,=0.4157,=12.4356,=16.1509,=18.6065,=23.5753,=3316.8719,=1.7237,=0.6520,=1.0802,=1.3464,=1.6508,=1.7860,=2.0565,=1.8584,=0.8635,=0.8910,=1.1301,=1.2733,=1.7185,=2.6891,=0.0274,=0.8206,=0.0111,=0.0186,=0.0233,=0.0271,=0.0338,=0.0214,=0.0880,=0.0237,=166
="000903",中证A100,2006-05-29,=0.0257,=4686.6900,=0.0446,=17.9722,=0.9819,=9.4390,=11.2090,=12.5559,=14.3719,=18.7565,=1.9424,=0.9967,=1.1800,=1.3823,=1.5189,=1.6748,=1.9700,=1.6728,=0.9963,=0.9660,=1.1007,=1.2173,=1.3778,=1.7127,=0.0259,=0.1295,=0.0221,=0.0265,=0.0292,=0.0329,=0.0397,=0.0253,=0.0942,=0.0251,=3085
="000126",消费50,2011-12-09,=0.0037,=6195.4800,=-0.2548,=17.9781,=0.0470,=15.1608,=20.3033,=22.8715,=32.8709,=57.2206,=2.4460,=0.0186,=2.2360,=3.0009,=3.4010,=4.8666,=7.3797,=1.3519,=0.2544,=0.9155,=1.2617,=1.8266,=2.6426,=3.8011,=0.0373,=0.9979,=0.0091,=0.0134,=0.0210,=0.0275,=0.0382,=0.0406,=0.1407,=0.0455,=84
="931588",1000价值稳健,2020-11-09,=0.0111,=32023.7900,=-0.1066,=18.1605,=0.4530,=12.8074,=16.7417,=18.5026,=20.5594,=25.6024,=1.3087,=0.2613,=1.0253,=1.2759,=1.4335,=1.5605,=1.9102,=0.7512,=0.9104,=0.4756,=0.5542,=0.6282,=0.6935,=0.8427,=0.0283,=0.7550,=0.0168,=0.0206,=0.0250,=0.0291,=0.0392,=0.0162,=0.0641,=0.0212,=108
="932420",智选船舶产业,2025-05-28,=-0.0043,=1343.8900,=-0.0701,=18.1614,=0.6486,=12.9248,=14.0994,=16.4684,=19.8173,=21.8048,=1.3166,=0.5580,=1.1414,=1.2413,=1.2931,=1.4111,=1.5726,=0.9553,=0.5580,=0.8043,=0.8804,=0.9430,=1.0414,=1.1519,=0.0269,=0.3442,=0.0219,=0.0250,=0.0305,=0.0319,=0.0350,=0.0198,=0.0735,,=11
="399987",中证酒,2014-12-10,=0.0068,=3645.1600,=-0.2706,=18.2158,=0.0223,=16.5000,=20.9716,=30.5274,=38.5048,=71.4257,=3.6106,=0.0087,=3.3943,=4.9102,=6.4715,=8.9992,=15.9495,=5.6382,=0.0491,=5.0607,=6.4801,=8.3135,=11.8299,=21.4371,=0.0471,=0.9946,=0.0067,=0.0114,=0.0162,=0.0311,=0.0485,=0.0789,=0.2043,=0.0944,=2764
="399997",中证白酒,2015-01-21,=0.0068,=6126.5000,=-0.3009,=18.2198,=0.0425,=16.2418,=20.5565,=29.7049,=37.9971,=71.4432,=3.7840,=0.0099,=3.5435,=5.2056,=7.2708,=9.8068,=17.8607,=6.3850,=0.0099,=5.9830,=7.2860,=9.8399,=13.6521,=24.8964,=0.0480,=0.9951,=0.0066,=0.0115,=0.0169,=0.0317,=0.0495,=0.0833,=0.2121,=0.1013,=7706
="399324",深证红利,2006-01-24,=0.0205,=8175.1600,=-0.1066,=18.2435,=0.8425,=11.7065,=14.5282,=15.7922,=17.7859,=23.4132,=2.8851,=0.9056,=1.2884,=1.9036,=2.2033,=2.5166,=3.7254,=1.8873,=0.6841,=1.1033,=1.3622,=1.7464,=1.9654,=2.8578,=0.0336,=0.7806,=0.0151,=0.0225,=0.0278,=0.0353,=0.0452,=0.0424,=0.1345,=0.0450,=5218
="000942",内地消费,2009-10-28,=0.0092,=8334.8700,=-0.1847,=18.3285,=0.1406,=14.4412,=18.7103,=21.7495,=33.3379,=52.6356,=2.5132,=0.0103,=2.3718,=3.1394,=3.6914,=5.0424,=7.7211,=1.3700,=0.1039,=1.1096,=1.4982,=1.7720,=2.5493,=4.1228,=0.0363,=0.9938,=0.0093,=0.0147,=0.0214,=0.0278,=0.0381,=0.0371,=0.1426,=0.0493,=765
="399991",一带一路,2015-02-16,=0.0321,=3371.0200,=0.1373,=18.3565,=0.7522,=9.4567,=11.6727,=14.1012,=19.5198,=34.5905,=1.6512,=0.9777,=1.0035,=1.1547,=1.2474,=1.4420,=1.7874,=0.7117,=0.9645,=0.3598,=0.4252,=0.4777,=0.6106,=0.7793,=0.0222,=0.2449,=0.0109,=0.0215,=0.0280,=0.0340,=0.0441,=0.0240,=0.0795,=0.0217,=580
="931442",SHS科技100,2020-04-21,=0.0026,=9558.0200,=-0.1120,=18.3712,=0.4131,=11.6240,=15.0954,=19.4972,=24.6506,=40.7731,=2.6625,=0.5190,=1.5813,=1.9740,=2.6174,=4.0831,=6.9092,=1.8056,=0.5324,=1.0913,=1.4347,=1.7414,=2.5615,=5.0819,=0.0155,=0.5825,=0.0042,=0.0087,=0.0135,=0.0221,=0.0322,,=0.1199,,=27
="000811",细分有色,2012-04-11,=0.0545,=10239.6500,=-0.0997,=18.4059,=0.2272,=13.5118,=17.9721,=29.7940,=57.0272,=306.5111,=3.1654,=0.8049,=1.7438,=2.0869,=2.5621,=3.1539,=4.8073,=1.2419,=0.8569,=0.6338,=0.7856,=0.9037,=1.1879,=1.9173,=0.0171,=0.8004,=0.0033,=0.0056,=0.0101,=0.0171,=0.0234,=0.0611,=0.1531,=0.0352,=190
="000931",中证可选,2009-07-03,=0.0119,=5116.4000,=-0.1766,=18.5210,=0.2474,=12.9961,=17.9577,=20.1658,=26.0964,=47.1695,=1.9948,=0.0903,=1.6991,=2.1226,=2.4939,=2.8146,=3.7874,=0.9231,=0.1497,=0.7260,=0.9698,=1.1155,=1.2834,=1.9265,=0.0276,=0.9666,=0.0120,=0.0178,=0.0208,=0.0247,=0.0298,=0.0252,=0.1143,=0.0305,=838
="000036",上证消费,2009-01-09,=0.0057,=8883.9100,=-0.1813,=18.5881,=0.0074,=17.8817,=23.0364,=31.6716,=40.5919,=69.3963,=4.2189,=0.0874,=3.7240,=5.2318,=6.5399,=9.2057,=14.9810,=3.9951,=0.2087,=1.9092,=3.9405,=4.8722,=7.3411,=10.9001,=0.0412,=0.9946,=0.0071,=0.0114,=0.0156,=0.0300,=0.0429,=0.0773,=0.2393,=0.0858,=2319
="000918",300成长,2008-01-21,=0.0322,=5724.1700,=0.1250,=18.6897,=0.7373,=11.6107,=14.3911,=16.7502,=20.6304,=29.9826,=2.7912,=0.4969,=1.8759,=2.3033,=2.7999,=4.3091,=6.1771,=2.8052,=0.8656,=1.1680,=1.5324,=1.7753,=2.6094,=3.9548,=0.0173,=0.4025,=0.0081,=0.0139,=0.0186,=0.0238,=0.0310,=0.0348,=0.1486,=0.0340,=794
="000807",食品饮料,2012-02-17,=0.0048,=14588.2700,=-0.2021,=18.7518,=0.0153,=16.7498,=21.6496,=30.4186,=37.6314,=67.1514,=3.5880,=0.0082,=3.4269,=4.7781,=6.2643,=8.2580,=14.6770,=4.1532,=0.0957,=3.6682,=4.5270,=5.6636,=7.6740,=12.7454,=0.0450,=0.9946,=0.0077,=0.0131,=0.0184,=0.0311,=0.0463,=0.0738,=0.1953,=0.0849,=4274
="000912",300消费,2007-07-02,=0.0029,=16787.6400,=-0.1908,=18.7791,=0.0573,=17.5697,=22.7037,=28.6958,=38.6920,=71.0374,=3.4597,=0.0115,=3.2494,=4.6699,=6.3986,=8.3233,=13.2137,=2.7243,=0.0520,=1.9809,=3.1977,=4.1912,=5.5033,=9.3193,=0.0452,=0.9938,=0.0078,=0.0128,=0.0188,=0.0279,=0.0471,=0.0602,=0.1878,=0.0812,=783
="931892",有色矿业,2013-07-15,=0.0573,=3696.4100,=-0.0681,=18.7795,=0.2021,=13.1272,=18.5994,=31.1053,=56.5864,=131.9594,=3.4089,=0.8730,=1.7020,=2.1368,=2.5357,=3.1794,=5.3430,=1.2925,=0.8577,=0.6092,=0.7896,=0.9201,=1.2299,=2.0391,=0.0159,=0.7621,=0.0026,=0.0055,=0.0092,=0.0169,=0.0229,=0.0653,=0.1630,=0.0363,=189
="000910",300工业,2007-07-02,=0.0081,=2251.1000,=-0.1099,=18.7832,=0.5126,=12.1074,=14.2223,=18.6699,=21.7507,=26.7473,=1.5801,=0.3171,=1.2960,=1.5013,=1.7718,=2.0927,=2.8598,=0.7405,=0.5740,=0.4726,=0.5803,=0.7056,=0.8049,=1.0995,=0.0219,=0.7707,=0.0079,=0.0123,=0.0177,=0.0223,=0.0295,=0.0196,=0.0738,=0.0177,=15
="930708",中证有色,2015-07-13,=0.0514,=2811.6600,=-0.0884,=18.8189,=0.2276,=13.9228,=18.4059,=30.0948,=57.9367,=417.0286,=3.0946,=0.7625,=1.7134,=2.0956,=2.5624,=3.1580,=4.7639,=1.1282,=0.7348,=0.6123,=0.7796,=0.8961,=1.1989,=1.7984,=0.0166,=0.7938,=0.0032,=0.0055,=0.0099,=0.0167,=0.0233,=0.0592,=0.1479,=0.0346,=521
="932367",500现金流,2024-11-12,=0.0181,=3304.1200,=-0.0971,=18.9077,=0.8564,=12.7635,=14.0632,=16.8694,=18.6383,=20.8865,=1.4752,=0.0322,=1.4139,=1.6541,=1.7521,=1.9849,=2.3672,=0.8845,=0.0297,=0.8544,=1.0883,=1.2349,=1.2845,=1.4394,=0.0324,=0.5619,=0.0247,=0.0286,=0.0318,=0.0368,=0.0403,=0.0308,=0.1139,=0.0305,=122
="000819",有色金属,2012-05-09,=0.0554,=8561.6200,=-0.0836,=19.0366,=0.2635,=12.4710,=17.7541,=28.3761,=54.5718,=212.0852,=3.3548,=0.8384,=1.7791,=2.1409,=2.6245,=3.2618,=4.9698,=1.3200,=0.8445,=0.6317,=0.8246,=0.9660,=1.2839,=1.9863,=0.0171,=0.7588,=0.0033,=0.0058,=0.0106,=0.0185,=0.0249,=0.0625,=0.1569,=0.0361,=1996
="000815",细分食品,2012-04-11,=0.0054,=14908.6800,=-0.2042,=19.1071,=0.0214,=16.6089,=21.6912,=30.6741,=37.4251,=68.5596,=3.5230,=0.0082,=3.3595,=4.7388,=6.1938,=8.2709,=14.7926,=4.2198,=0.0120,=4.0083,=4.9234,=6.1115,=8.3455,=14.4971,=0.0437,=0.9946,=0.0072,=0.0123,=0.0164,=0.0306,=0.0452,=0.0708,=0.1902,=0.0845,=772
="399395",国证有色,2012-10-29,=0.0571,=9003.5400,=-0.0690,=19.2144,=0.2742,=12.7731,=17.8787,=28.6260,=55.5351,=319.9904,=3.2731,=0.8742,=1.7304,=2.0833,=2.5062,=3.0886,=4.8522,=1.3026,=0.9188,=0.6150,=0.7945,=0.9084,=1.1709,=1.9521,=0.0167,=0.7641,=0.0031,=0.0055,=0.0101,=0.0177,=0.0242,=0.0618,=0.1543,=0.0354,=663
="000932",中证消费,2009-07-03,=0.0037,=11997.6600,=-0.2132,=19.3204,=0.0544,=18.2526,=23.0224,=29.2776,=38.6663,=67.7039,=3.2582,=0.0099,=3.0877,=4.2746,=5.3624,=7.0320,=11.1990,=2.5480,=0.0515,=2.0221,=2.9575,=3.5969,=4.6842,=7.7724,=0.0430,=0.9938,=0.0082,=0.0130,=0.0173,=0.0279,=0.0448,=0.0540,=0.1726,=0.0732,=12414
="399438",绿色电力,2014-12-30,=0.0076,=1998.9000,=0.0038,=19.4588,=0.5691,=13.5016,=16.6535,=19.0586,=22.0380,=41.2289,=1.8171,=0.5406,=1.2516,=1.5034,=1.7972,=1.9341,=2.3077,=2.1531,=0.9237,=1.1906,=1.4256,=1.8236,=2.0474,=3.6995,=0.0260,=0.4194,=0.0163,=0.0221,=0.0268,=0.0296,=0.0353,=0.0222,=0.0881,=0.0248,=208
="399396",国证食品,2012-10-29,=0.0045,=13952.0700,=-0.2014,=19.5014,=0.0198,=17.1702,=22.0245,=30.0929,=37.3108,=66.0937,=3.3998,=0.0095,=3.2471,=4.5964,=6.1028,=7.6300,=14.3214,=3.2396,=0.0054,=3.1290,=3.9701,=5.0529,=6.2477,=12.4529,=0.0426,=0.9946,=0.0078,=0.0130,=0.0185,=0.0302,=0.0441,=0.0671,=0.1761,=0.0767,=1610
="931067",绩优策略,2018-02-14,=0.0426,=8400.7300,=0.1044,=19.5738,=0.5904,=10.5807,=14.7396,=18.6506,=26.9175,=44.0015,=5.4342,=0.6071,=3.5566,=4.2889,=5.0307,=7.4537,=11.8571,=3.1770,=0.6454,=2.1909,=2.5274,=2.8750,=4.9463,=8.6201,=0.0204,=0.4828,=0.0082,=0.0134,=0.0216,=0.0297,=0.0455,=0.0562,=0.2359,=0.0578,=25
="931637",港股通互联网,2021-01-11,=0.0045,=725.0100,=-0.2850,=19.6163,=0.0560,=16.9805,=23.1404,=28.0249,=41.5959,=87.7368,=2.4019,=0.0155,=2.0886,=3.0352,=3.4108,=4.2148,=11.7021,=2.3671,=0.0155,=2.0583,=2.9171,=3.3925,=4.4211,=11.5370,=0.0097,=0.9617,=0.0011,=0.0025,=0.0049,=0.0076,=0.0111,,,,=273
="930746",港中小企,2015-08-26,=0.0120,=2218.8400,=-0.1752,=19.6265,=0.8765,=7.8499,=11.1083,=14.2215,=18.0990,=36.0739,=0.9028,=0.3229,=0.6829,=0.8307,=1.0791,=1.2269,=1.6951,=0.6508,=0.3985,=0.3939,=0.5280,=0.6881,=0.8172,=1.1520,=0.0388,=0.6462,=0.0210,=0.0263,=0.0332,=0.0436,=0.0585,,=0.0299,,=209
="931142",东证竞争,2019-03-20,=0.0268,=2020.3400,=0.0858,=19.8635,=0.9109,=9.8569,=11.9362,=14.0337,=16.0442,=27.8877,=3.0292,=0.8602,=1.5408,=1.7315,=2.0698,=2.6151,=4.6703,=2.9944,=0.9222,=0.9384,=1.2727,=1.6867,=2.2562,=3.1903,=0.0238,=0.3145,=0.0120,=0.0222,=0.0263,=0.0329,=0.0399,=0.0415,=0.1629,=0.0397,=215
="931646",SHS新消费,2021-04-07,=-0.0013,=1357.6400,=-0.2841,=19.9629,=0.0615,=17.0652,=22.7915,=26.0719,=30.6913,=45.1728,=2.5596,=0.0120,=2.2638,=3.1687,=3.5972,=4.1539,=7.2085,=2.5659,=0.0113,=2.2716,=3.2100,=3.7215,=4.2144,=7.0452,=0.0107,=0.9752,=0.0024,=0.0044,=0.0065,=0.0084,=0.0121,,=0.1302,,=4
="930939",500质量,2018-11-21,=0.0229,=23802.7400,=0.1213,=20.2045,=0.8548,=10.4098,=13.9820,=16.0605,=19.3272,=27.8330,=2.3385,=0.6836,=1.6614,=2.0693,=2.2316,=2.4932,=3.9191,=2.1168,=0.9239,=0.9583,=1.1976,=1.4519,=1.8043,=2.9319,=0.0170,=0.2700,=0.0117,=0.0163,=0.0197,=0.0253,=0.0319,=0.0308,=0.1144,=0.0291,=460
="930653",CS食品饮,2015-06-05,=0.0053,=12088.9800,=-0.1990,=20.2537,=0.0231,=17.6031,=22.8263,=31.2780,=38.3114,=65.8842,=3.2312,=0.0070,=3.1030,=4.4318,=5.7100,=7.1300,=12.9907,=3.0227,=0.0058,=2.9247,=3.8340,=4.7671,=5.8503,=11.4166,=0.0412,=0.9946,=0.0078,=0.0127,=0.0178,=0.0294,=0.0425,=0.0615,=0.1583,=0.0705,=899
="399990",煤炭等权,2015-01-21,=0.0400,=3205.5200,=0.1160,=20.3915,=0.8915,=5.7123,=8.6087,=10.6436,=15.4144,=347.5369,=1.6561,=0.8577,=0.8179,=1.1204,=1.3679,=1.6064,=2.0135,=1.8217,=0.9596,=0.6732,=0.9175,=1.1213,=1.4627,=2.2100,=0.0330,=0.1151,=0.0074,=0.0368,=0.0548,=0.0638,=0.1003,=0.0229,=0.0912,=0.0239,=241
="399998",中证煤炭,2015-02-13,=0.0402,=2215.8800,=0.1238,=20.3915,=0.8915,=5.7123,=8.6087,=10.6436,=15.4144,=347.5369,=1.6561,=0.8577,=0.8179,=1.1204,=1.3679,=1.6064,=2.0135,=1.8217,=0.9596,=0.6732,=0.9175,=1.1213,=1.4627,=2.2100,=0.0330,=0.1151,=0.0074,=0.0368,=0.0548,=0.0638,=0.1003,=0.0229,=0.0912,=0.0239,=2097
="000990",全指消费,2011-08-02,=0.0038,=10112.5100,=-0.2056,=20.4901,=0.1126,=18.6483,=23.4529,=30.7180,=39.1217,=75.7240,=3.2139,=0.0091,=3.0373,=4.0841,=4.9947,=6.2867,=9.6579,=2.3747,=0.0454,=2.2209,=2.7731,=3.3220,=4.0947,=6.6514,=0.0413,=0.9938,=0.0082,=0.0125,=0.0157,=0.0275,=0.0432,=0.0524,=0.1676,=0.0712,=3842
="930782",500SNLV,2016-02-04,=0.0055,=19416.0400,=0.0332,=20.5125,=0.5439,=13.0617,=17.6555,=20.0525,=24.7082,=33.4651,=1.6716,=0.7274,=1.0996,=1.3464,=1.4745,=1.8501,=2.6374,=1.2877,=0.7456,=0.5914,=0.8056,=0.8890,=1.4196,=2.0883,=0.0234,=0.8623,=0.0090,=0.0129,=0.0201,=0.0228,=0.0271,=0.0229,=0.0820,=0.0170,=1375
="000989",全指可选,2011-08-02,=0.0113,=4628.0800,=-0.1726,=20.6802,=0.2214,=14.8205,=20.3628,=24.2978,=30.9883,=46.1708,=2.0960,=0.1839,=1.6599,=2.1205,=2.5036,=2.8391,=3.3093,=0.9642,=0.1126,=0.8200,=1.0095,=1.1622,=1.4518,=1.7628,=0.0256,=0.9670,=0.0123,=0.0152,=0.0184,=0.0233,=0.0287,=0.0237,=0.1045,=0.0284,=1297
="931481",SHS线上消费,2020-05-06,=-0.0095,=843.2100,=-0.2397,=20.8949,=0.0639,=17.8858,=23.5536,=29.9132,=46.8722,=121.3257,=2.5190,=0.0128,=2.2334,=3.1357,=3.5525,=4.9722,=9.8961,=2.5824,=0.1125,=2.0492,=2.7719,=3.2998,=4.3323,=7.8524,=0.0106,=0.9655,=0.0020,=0.0032,=0.0056,=0.0085,=0.0119,,=0.1066,,=63
="HSIII",恒生互联网科技业指数,2020-07-20,=-0.0050,=2235.0100,=-0.2389,=21.1872,=0.1533,=12.6629,=22.3657,=35.1429,=47.7321,=309808.9839,=2.3382,=0.0829,=1.7026,=2.5718,=4.1541,=6.1191,=8.5704,=1.8150,=0.0854,=1.1940,=1.9983,=2.4286,=3.5799,=5.1261,=0.0106,=0.8756,=0.0015,=0.0029,=0.0054,=0.0096,=0.0133,,=0.1194,,=2023
="930625",SHS互联网,2015-04-21,=-0.0084,=2315.9500,=-0.2371,=21.2763,=0.0218,=18.8995,=27.1077,=35.3369,=50.9245,=84.5605,=2.5921,=0.0063,=2.3016,=3.4778,=4.9463,=6.6705,=9.2961,=2.5938,=0.0079,=2.3041,=3.4574,=4.3326,=5.8425,=8.7946,=0.0097,=0.9806,=0.0016,=0.0028,=0.0036,=0.0068,=0.0110,,=0.1125,,=326
="931000",大湾区,2017-07-19,=0.0262,=1849.6200,=0.0457,=21.4798,=0.9633,=11.8370,=14.5495,=16.2379,=19.0459,=23.4463,=2.1938,=0.5647,=1.3750,=1.7668,=2.0731,=2.5495,=3.2666,=1.6563,=0.5972,=1.1015,=1.3335,=1.5627,=1.8718,=2.5221,=0.0211,=0.4711,=0.0138,=0.0173,=0.0221,=0.0261,=0.0341,=0.0236,=0.0809,=0.0227,=12
="000963",中证下游,2010-04-16,=0.0071,=4989.4400,=-0.1263,=21.5072,=0.1023,=17.2626,=22.2932,=25.2837,=33.1012,=51.0836,=2.2026,=0.0120,=2.0766,=2.5784,=3.0679,=3.4358,=5.6334,=1.4568,=0.0631,=1.2209,=1.6114,=1.7670,=2.0795,=3.4797,=0.0299,=0.9847,=0.0087,=0.0135,=0.0159,=0.0261,=0.0315,=0.0267,=0.0958,=0.0301,=27
="930641",中证中药,2015-05-19,=0.0140,=8790.4200,=-0.0761,=21.5075,=0.0581,=17.1921,=24.1450,=28.9870,=32.8246,=45.5431,=2.0794,=0.0177,=1.8142,=2.4786,=2.9486,=3.5270,=4.0916,=2.2138,=0.0243,=1.9582,=2.4410,=2.8240,=3.6148,=4.5776,=0.0372,=0.9852,=0.0073,=0.0116,=0.0163,=0.0247,=0.0421,=0.0326,=0.0928,=0.0347,=883
="000929",中证材料,2009-07-03,=0.0466,=4189.1500,=-0.0614,=21.5304,=0.6400,=9.9126,=14.1083,=19.5201,=24.9785,=714.1328,=2.3893,=0.8515,=1.3680,=1.6188,=1.9046,=2.2953,=3.1607,=1.1842,=0.7938,=0.6315,=0.7658,=0.8823,=1.1895,=1.5845,=0.0173,=0.4115,=0.0058,=0.0131,=0.0200,=0.0239,=0.0294,=0.0399,=0.1037,=0.0230,=525
="000069",消费80,2010-05-28,=0.0117,=4186.3000,=-0.1472,=21.6380,=0.1311,=16.4356,=22.2809,=24.9042,=33.0497,=60.5019,=2.8810,=0.0470,=2.4642,=3.1938,=3.5466,=4.8097,=7.6372,=1.7473,=0.4074,=1.0743,=1.4980,=1.9152,=2.7436,=3.8795,=0.0279,=0.9835,=0.0078,=0.0117,=0.0182,=0.0232,=0.0296,=0.0378,=0.1324,=0.0420,=939
="000985",中证全指,2011-08-02,=0.0196,=6119.1900,=0.0338,=21.9630,=0.9497,=12.6044,=15.9637,=17.6530,=20.3529,=23.7678,=1.8138,=0.5922,=1.2581,=1.5484,=1.7142,=1.9558,=2.1557,=1.6788,=0.8289,=1.0381,=1.2268,=1.3874,=1.6496,=1.8438,=0.0197,=0.4235,=0.0148,=0.0174,=0.0207,=0.0240,=0.0333,=0.0216,=0.0749,=0.0212,=691
="930903",中证A股,2016-10-18,=0.0195,=4217.7900,=0.0334,=22.0153,=0.9288,=12.9620,=16.2597,=17.7732,=20.5772,=23.9680,=1.8163,=0.6137,=1.2607,=1.5527,=1.7098,=1.9460,=2.2108,=1.6802,=0.8511,=1.0406,=1.2315,=1.3785,=1.6388,=1.9264,=0.0196,=0.4083,=0.0139,=0.0174,=0.0206,=0.0238,=0.0332,=0.0216,=0.0748,=0.0212,=16
="H30015",800汽车,2012-12-21,=0.0095,=7629.2600,=-0.2418,=22.0656,=0.4742,=11.4503,=15.3626,=22.7640,=31.8612,=45.6288,=1.8411,=0.2318,=1.3220,=1.7478,=2.1779,=2.4572,=3.4622,=0.7805,=0.3786,=0.5106,=0.6736,=0.8541,=1.0480,=1.4573,=0.0171,=0.5216,=0.0097,=0.0134,=0.0169,=0.0287,=0.0411,=0.0155,=0.0922,=0.0213,=189
="399365",国证粮食,2009-11-04,=0.0175,=10678.7000,=-0.2118,=22.0902,=0.2845,=13.3311,=20.2221,=27.0895,=35.2364,=54.5886,=1.9830,=0.1468,=1.6393,=2.0576,=4.0965,=6.4747,=11.3501,=0.7925,=0.1893,=0.5961,=0.8014,=3.1429,=4.6104,=8.7065,=0.0202,=0.7472,=0.0080,=0.0130,=0.0163,=0.0211,=0.0308,=0.0232,=0.0838,=0.0244,=69
="000813",细分化工,2012-04-11,=0.0291,=3581.7400,=-0.0606,=22.1182,=0.5105,=11.4329,=16.5252,=21.9324,=28.0700,=42.1751,=2.5040,=0.4635,=1.6736,=2.0410,=2.6040,=3.1008,=4.9148,=1.4057,=0.5023,=0.8896,=1.1114,=1.4018,=1.9637,=3.1071,=0.0160,=0.4759,=0.0059,=0.0105,=0.0165,=0.0201,=0.0259,=0.0394,=0.0961,=0.0234,=969
="931027",港股通大消费,2017-11-06,=0.0102,=2725.6100,=-0.1265,=22.1185,=0.3266,=14.6383,=20.4275,=25.3477,=51.5941,=105.3721,=2.6005,=0.0944,=2.2514,=2.8567,=3.2423,=4.3356,=9.1499,=1.5402,=0.3187,=1.0973,=1.4389,=1.7650,=2.4878,=5.7985,=0.0220,=0.7425,=0.0056,=0.0113,=0.0177,=0.0230,=0.0323,,=0.1064,,=46
="931752",工程机械主题,2021-09-27,=0.0174,=2357.8700,=-0.0647,=22.1516,=0.5988,=13.6456,=18.5001,=21.2255,=24.3738,=27.9581,=2.0201,=0.7196,=1.2593,=1.5749,=1.7181,=2.1249,=2.6511,=1.2269,=0.7653,=0.7133,=0.9152,=1.0176,=1.2988,=1.6462,=0.0222,=0.7981,=0.0151,=0.0190,=0.0206,=0.0222,=0.0284,=0.0241,=0.0958,=0.0272,=100
="399701",深证F60,2010-05-10,=0.0198,=7587.8800,=-0.0445,=22.2273,=0.8025,=12.1841,=17.0099,=19.8314,=22.1810,=29.1141,=2.0689,=0.2981,=1.6712,=2.0189,=2.1831,=2.5392,=3.7270,=1.3562,=0.4833,=1.0125,=1.2363,=1.3637,=1.5636,=2.4139,=0.0257,=0.8751,=0.0118,=0.0177,=0.0206,=0.0247,=0.0310,=0.0232,=0.0664,=0.0243,=1679
="931829",中证回购,2023-10-17,=0.0238,=2294.7200,=-0.0071,=22.4736,=0.2304,=16.8171,=22.0338,=25.5693,=34.4456,=40.4937,=2.1170,=0.8840,=1.3801,=1.5682,=1.7382,=1.9838,=2.3571,=0.8298,=0.0663,=0.7604,=0.9511,=1.0152,=1.1588,=1.4917,=0.0274,=0.9895,=0.0146,=0.0163,=0.0206,=0.0231,=0.0283,=0.0242,=0.0495,=0.0133,=39
="HSSCITI",恒生港股通科技主题指数,2023-07-01,=0.0032,=2495.6300,=-0.1437,=22.4995,=0.3127,=15.2810,=21.1382,=23.8670,=26.9774,=33.8690,=2.6331,=0.1415,=2.1914,=2.7089,=2.9330,=3.4166,=4.1810,=2.1703,=0.5445,=1.5305,=1.8436,=2.1169,=2.7331,=3.5648,=0.0088,=0.6752,=0.0061,=0.0074,=0.0084,=0.0090,=0.0106,,=0.1205,,=83
="HSSCT",恒生港股通中国科技指数,2020-02-01,=0.0029,=6360.2300,=-0.1521,=22.5095,=0.2520,=15.0039,=21.9437,=24.8280,=32.7624,=55.7647,=2.6138,=0.1802,=1.8368,=2.6347,=3.0359,=4.6692,=8.0840,=2.1668,=0.4001,=1.1354,=1.8406,=2.3236,=3.2041,=6.0217,=0.0087,=0.7738,=0.0020,=0.0040,=0.0070,=0.0088,=0.0108,,=0.1202,,=98
="000930",中证工业,2009-07-03,=0.0088,=3232.3100,=-0.0784,=22.5155,=0.6784,=13.1747,=16.3715,=20.2819,=24.0383,=30.4087,=1.7982,=0.4342,=1.3752,=1.5614,=1.8636,=2.1245,=2.6342,=0.8501,=0.7130,=0.5311,=0.6373,=0.7618,=0.8873,=1.0502,=0.0190,=0.7402,=0.0090,=0.0114,=0.0159,=0.0203,=0.0262,=0.0191,=0.0679,=0.0169,=322
="000904",中证200,2007-01-15,=0.0221,=6048.5100,=0.0706,=22.6590,=0.9497,=11.9474,=14.9318,=16.7919,=19.3130,=25.2311,=1.8183,=0.5551,=1.2748,=1.5010,=1.7454,=2.0647,=2.3407,=1.3204,=0.2536,=1.0540,=1.2917,=1.4250,=1.6943,=2.1135,=0.0219,=0.5955,=0.0136,=0.0162,=0.0203,=0.0259,=0.0372,=0.0231,=0.0739,=0.0238,=720
="399372",大盘成长,2010-01-04,=0.0346,=5660.4200,=0.0739,=22.7461,=0.7258,=14.0194,=17.2488,=20.3970,=25.3722,=45.9159,=4.3492,=0.7513,=1.9139,=2.5084,=3.0371,=5.3725,=9.5601,=2.3868,=0.3880,=1.2183,=1.8035,=2.6168,=3.4508,=6.6651,=0.0161,=0.4099,=0.0069,=0.0115,=0.0171,=0.0232,=0.0308,=0.0399,=0.1447,=0.0379,=317
="HSSCNE",恒生港股通新经济指数,2018-01-08,=0.0063,=3667.7400,=-0.1464,=22.9210,=0.3866,=15.8046,=20.7493,=24.0546,=28.4652,=53.5009,=2.6972,=0.4215,=1.7963,=2.2544,=2.8255,=3.4745,=6.9059,=1.8759,=0.3671,=1.4023,=1.7299,=1.9944,=2.5538,=5.3019,=0.0104,=0.4458,=0.0041,=0.0086,=0.0108,=0.0166,=0.0252,,=0.1277,,=204
="HSTECH",恒生科技指数,2020-07-01,=0.0006,=4679.4600,=-0.1517,=22.9541,=0.3174,=14.7293,=21.7852,=26.2468,=42.0218,=73.7725,=2.5631,=0.3522,=1.7280,=2.3850,=2.7970,=3.7658,=8.3408,=1.6541,=0.1390,=1.2545,=1.7156,=2.0338,=3.1746,=6.6932,=0.0121,=0.9482,=0.0010,=0.0021,=0.0059,=0.0108,=0.0135,,=0.1209,,=7247
="1000002",A股全指,1994-01-01,=0.0196,=6119.1944,=0.0338,=23.0630,=0.9406,=12.9500,=16.6929,=18.4845,=21.4771,=25.0020,=1.8612,=0.6045,=1.2633,=1.5740,=1.7419,=2.0135,=2.1910,=1.7205,=0.8408,=1.0499,=1.2419,=1.3988,=1.6768,=1.9034,=0.0190,=0.4037,=0.0142,=0.0165,=0.0205,=0.0235,=0.0329,=0.0215,=0.0745,=0.0211,=7937
="000987",全指材料,2011-08-02,=0.0457,=4814.2400,=-0.0392,=23.2129,=0.6210,=11.8534,=16.4330,=21.1218,=27.9053,=1313.4345,=2.4465,=0.7419,=1.3547,=1.6741,=2.0387,=2.5083,=3.3213,=1.2163,=0.6924,=0.6546,=0.8399,=1.0190,=1.3451,=1.7398,=0.0160,=0.4305,=0.0046,=0.0118,=0.0172,=0.0209,=0.0269,=0.0340,=0.0892,=0.0206,=388
="931470",SHS云计算,2020-04-21,=-0.0028,=4060.3600,=0.1008,=23.4381,=0.3763,=13.2694,=20.0943,=25.0831,=31.3039,=62.1875,=3.5190,=0.2538,=2.5281,=3.4374,=3.8832,=5.7729,=9.6099,=3.6866,=0.1244,=2.7843,=3.8548,=4.4741,=6.4004,=10.5654,=0.0076,=0.7037,=0.0018,=0.0030,=0.0060,=0.0084,=0.0114,,=0.1294,,=44
="399814",大农业,2014-07-22,=0.0144,=1013.2900,=-0.1549,=23.5141,=0.2037,=17.8693,=23.4731,=28.2543,=32.6827,=111.7688,=2.6373,=0.0186,=2.4368,=2.9225,=3.2882,=4.3740,=6.4483,=1.4485,=0.1311,=1.2031,=1.4989,=1.8246,=2.3352,=3.7145,=0.0280,=0.9913,=0.0100,=0.0140,=0.0171,=0.0228,=0.0287,=0.0257,=0.1209,=0.0380,=770
="931755",SEEE碳中和,2021-10-21,=0.0233,=1861.3300,=-0.1137,=23.5304,=0.6898,=13.4966,=17.4811,=21.2680,=24.8975,=29.4214,=2.3054,=0.4500,=1.7561,=1.9657,=2.3858,=2.7219,=3.9105,=1.4647,=0.8070,=0.8856,=1.0385,=1.2292,=1.4554,=2.3046,=0.0177,=0.4689,=0.0102,=0.0150,=0.0181,=0.0220,=0.0256,=0.0267,=0.0916,=0.0211,=139
="000941",新能源,2009-10-28,=0.0125,=2296.7000,=-0.1077,=23.6960,=0.2986,=10.2578,=20.0248,=28.8096,=37.5030,=57.4660,=3.0682,=0.5654,=1.8262,=2.2548,=2.9561,=3.8432,=8.1424,=2.6190,=0.6812,=1.2704,=1.5650,=2.2651,=2.9648,=7.0320,=0.0162,=0.7641,=0.0031,=0.0063,=0.0099,=0.0183,=0.0268,=0.0322,=0.1201,=0.0313,=2463
="930901",动漫游戏,2016-10-18,=-0.0167,=1549.7600,=-0.2679,=23.7039,=0.0605,=17.2478,=29.4604,=42.1012,=259.4430,=4647.5377,=2.9458,=0.5154,=1.7335,=2.2974,=2.9056,=4.0624,=7.9690,=3.8208,=0.1252,=2.8663,=4.1794,=4.9922,=6.8119,=10.0355,=0.0165,=0.8727,=0.0031,=0.0055,=0.0087,=0.0147,=0.0282,=0.0360,=0.1150,=0.0336,=846
="987008",港股通科技,2021-03-08,,,=-0.1772,=24.1042,=0.2086,=16.3992,=24.0327,=27.1941,=33.8134,=63.8758,=2.6464,=0.0713,=2.3408,=2.9485,=3.4227,=3.9639,=8.4842,=2.1855,=0.0508,=1.9337,=2.6019,=2.9789,=3.8459,=8.7605,=0.0075,=0.8445,=0.0015,=0.0033,=0.0059,=0.0073,=0.0093,,=0.0980,,=90
="HSSI",恒生综合小型股指数,2001-10-03,=0.0145,=1295.9400,=-0.1748,=24.3283,=0.7500,=7.3220,=11.0801,=16.3954,=26.2521,=83.7574,=0.9486,=0.4402,=0.5652,=0.7236,=0.9780,=1.1648,=1.4185,=0.6291,=0.3858,=0.3459,=0.4531,=0.6936,=0.9209,=1.2872,=0.0290,=0.4443,=0.0167,=0.0231,=0.0303,=0.0353,=0.0478,,,,=126
="930938",500成长估值,2018-12-04,=0.0178,=4959.5800,=0.0694,=24.6727,=0.9318,=9.4780,=13.0996,=16.8185,=19.8978,=30.3577,=2.7306,=0.9237,=1.4489,=1.8712,=2.1215,=2.3003,=3.6765,=2.3215,=0.9896,=0.6916,=0.9055,=1.1717,=1.6061,=2.5224,=0.0139,=0.1281,=0.0092,=0.0158,=0.0187,=0.0218,=0.0299,=0.0254,=0.1028,=0.0163,=71
="399698",优势成长,2017-06-15,=0.0217,=46715.9300,=-0.1039,=24.7435,=0.5975,=14.2338,=18.2295,=23.0871,=35.5926,=66.5130,=1.3701,=0.0563,=1.2178,=1.4975,=1.9093,=2.3001,=2.9395,=2.2069,=0.7078,=0.6634,=1.0630,=1.7123,=2.6003,=4.7303,=0.0282,=0.9642,=0.0069,=0.0108,=0.0158,=0.0211,=0.0303,=0.0192,=0.0690,=0.0052,=38
="931574",港股科技,2013-05-21,=0.0019,=1545.9100,=-0.1195,=24.8460,=0.3530,=16.3025,=22.8439,=27.2360,=42.8621,=59.3282,=2.8429,=0.4282,=1.8790,=2.5137,=2.9495,=3.5811,=8.1693,=1.7374,=0.2575,=1.3201,=1.6726,=1.9718,=2.8425,=5.7490,=0.0103,=0.8622,=0.0011,=0.0030,=0.0066,=0.0099,=0.0126,,=0.1080,,=269
="931484",CS医药创新,2020-05-06,=0.0203,=1345.4500,=-0.0720,=24.8630,=0.2525,=18.2098,=23.9691,=27.4411,=45.1788,=86.1757,=4.3442,=0.1292,=3.3236,=4.5453,=5.4207,=11.3626,=17.5605,=5.4072,=0.1812,=3.7485,=5.5119,=6.4851,=11.3353,=20.8272,=0.0156,=0.6789,=0.0021,=0.0044,=0.0128,=0.0167,=0.0269,=0.0424,=0.1752,=0.0382,=395
="399617",深证消费,2011-06-15,=0.0006,=7067.7800,=-0.2350,=24.8876,=0.4029,=15.3450,=22.1455,=26.4993,=32.2918,=1768.1548,=2.2628,=0.0082,=2.1129,=3.2920,=4.2479,=5.7490,=9.2732,=1.3255,=0.0070,=1.2428,=1.8652,=2.4569,=3.6985,=6.3240,=0.0406,=0.9930,=0.0100,=0.0137,=0.0183,=0.0256,=0.0433,=0.0294,=0.1055,=0.0582,=370
="931747",中证储能,2021-10-15,=0.0164,=6909.8200,=-0.1325,=25.0147,=0.3427,=16.6670,=22.1648,=27.7140,=52.8640,=124.6415,=4.0898,=0.2750,=3.1109,=3.9470,=4.6340,=6.9326,=12.5394,=2.0859,=0.4175,=1.2712,=1.7082,=2.2701,=3.7372,=8.7019,=0.0144,=0.6474,=0.0008,=0.0019,=0.0120,=0.0160,=0.0191,=0.0355,=0.1665,=0.0400,=133
="930794",中美互联网,2016-04-22,,,=-0.1518,=25.0229,=0.0365,=21.6222,=27.9993,=32.4687,=38.0931,=50.5410,=5.9812,=0.2704,=3.5920,=5.7107,=6.5716,=7.5414,=9.2259,=4.7494,=0.4482,=2.2940,=3.8795,=4.8577,=5.5740,=7.0802,=0.0027,=0.6221,=0.0004,=0.0006,=0.0017,=0.0033,=0.0053,,=0.2458,,=425
="399804",中证体育,2015-02-09,=0.0063,=1684.8700,=-0.1505,=25.0329,=0.1868,=17.8349,=25.2586,=31.3488,=44.7691,=92.8175,=2.8240,=0.2751,=2.0588,=2.7278,=3.1997,=3.7888,=5.7602,=2.4292,=0.2924,=1.7235,=2.3146,=2.8553,=4.0512,=7.1775,=0.0211,=0.8515,=0.0037,=0.0068,=0.0122,=0.0203,=0.0296,=0.0257,=0.0922,=0.0231,=296
="931573",HKC科技,2014-05-21,=0.0084,=2848.9300,=-0.1214,=25.0358,=0.2628,=18.3272,=24.2330,=28.4216,=39.8026,=82.7075,=3.0457,=0.2409,=2.3269,=2.9549,=3.3360,=4.2537,=10.6583,=2.0093,=0.2350,=1.5041,=1.9657,=2.3000,=3.3896,=8.3359,=0.0093,=0.9015,=0.0015,=0.0039,=0.0064,=0.0087,=0.0111,,=0.1200,,=293
="931008",汽车指数,2013-07-15,=0.0141,=8450,=-0.2945,=25.1224,=0.4554,=12.0130,=17.4703,=26.1991,=36.1382,=55.3660,=1.9304,=0.2909,=1.1809,=1.5460,=2.2153,=2.4549,=3.4286,=0.8100,=0.3987,=0.4315,=0.5530,=0.9095,=1.0518,=1.4087,=0.0162,=0.4762,=0.0059,=0.0122,=0.0163,=0.0275,=0.0426,=0.0152,=0.0829,=0.0208,=480
="932246",储能电池,2022-07-08,=0.0165,=4133.2700,=-0.1411,=25.4363,=0.3897,=13.3190,=20.5908,=26.8001,=33.2414,=40.1514,=3.9628,=0.6547,=2.3139,=2.6811,=3.2594,=4.4616,=5.1292,=2.6408,=0.6479,=1.3666,=1.6765,=2.2911,=3.2961,=3.7523,=0.0158,=0.4325,=0.0111,=0.0132,=0.0166,=0.0201,=0.0231,=0.0403,=0.1439,=0.0321,=73
="399432",智能汽车,2014-12-30,=0.0134,=5587.8900,=-0.1765,=25.4364,=0.5113,=12.3799,=17.8792,=24.1271,=66.1739,=131.3343,=3.4463,=0.4763,=1.4019,=2.1767,=3.5039,=6.5272,=11.4939,=1.9642,=0.5336,=0.5888,=0.9103,=1.8766,=4.6106,=8.8483,=0.0131,=0.4854,=0.0016,=0.0032,=0.0139,=0.0241,=0.0377,=0.0329,=0.1377,=0.0319,=18
="399370",国证成长,2010-01-04,=0.0291,=5618.1300,=0.1092,=25.5265,=0.7880,=14.0104,=18.9925,=21.6544,=25.9317,=39.9195,=4.1839,=0.8111,=1.9695,=2.5703,=2.9834,=4.1007,=6.0628,=2.3985,=0.6338,=1.2188,=1.6926,=2.0775,=2.7944,=3.4917,=0.0146,=0.3930,=0.0080,=0.0118,=0.0158,=0.0227,=0.0304,=0.0375,=0.1344,=0.0327,=115
="000988",全指工业,2011-08-02,=0.0098,=3850.8300,=-0.0672,=25.5519,=0.5847,=13.7285,=19.3778,=24.0551,=29.1861,=37.6625,=1.9324,=0.4252,=1.3866,=1.6512,=2.0160,=2.4371,=2.7728,=0.9087,=0.5122,=0.5551,=0.7455,=0.9038,=1.0620,=1.3765,=0.0172,=0.7274,=0.0076,=0.0094,=0.0140,=0.0193,=0.0256,=0.0185,=0.0650,=0.0170,=234
="931239",港股通汽车,2022-07-21,=0.0175,=1978.3500,=-0.1445,=25.9210,=0.8269,=12.1049,=14.3188,=16.9273,=23.1385,=32.0714,=2.7836,=0.8756,=1.2076,=1.4386,=1.5783,=2.1268,=3.5989,=1.3906,=0.8256,=0.6024,=0.6847,=0.7550,=1.0660,=1.7776,=0.0129,=0.1192,=0.0091,=0.0159,=0.0207,=0.0228,=0.0338,,=0.1152,,=49
="399806",环境治理,2014-07-21,=0.0188,=1264.0300,=-0.0886,=25.9616,=0.2821,=17.0172,=24.4003,=29.2231,=35.7932,=50.8764,=1.6609,=0.2911,=1.1727,=1.6053,=1.7720,=2.3369,=4.4901,=1.8186,=0.1810,=1.3064,=1.8392,=2.0766,=2.7398,=5.9378,=0.0168,=0.8800,=0.0037,=0.0082,=0.0105,=0.0152,=0.0215,=0.0205,=0.0536,=0.0189,=845
="980032",新能电池,2015-02-17,=0.0268,=14169.2600,=-0.1001,=26.0216,=0.3494,=14.3994,=22.2690,=30.3950,=82.2006,=130.4039,=3.7519,=0.3405,=2.4545,=3.3442,=4.2764,=7.7066,=11.8091,=2.0146,=0.3960,=1.1163,=1.6851,=2.2460,=4.9217,=7.8642,=0.0127,=0.6958,=0.0011,=0.0018,=0.0081,=0.0156,=0.0224,=0.0362,=0.1357,=0.0304,=748
="399417",新能源车,2014-09-24,=0.0210,=3444.4000,=-0.1146,=26.0250,=0.3843,=14.2186,=20.9718,=30.1351,=56.2144,=106.6289,=3.5626,=0.5386,=1.6630,=2.3823,=3.4503,=4.5642,=9.6468,=1.9506,=0.5641,=0.6730,=1.0543,=1.8500,=2.5381,=6.6041,=0.0134,=0.5753,=0.0016,=0.0053,=0.0121,=0.0183,=0.0316,=0.0339,=0.1319,=0.0293,=2438
="931166",医药健康100,2019-04-25,=0.0237,=3920.6400,=-0.0280,=26.0651,=0.5060,=17.5935,=22.3771,=25.9679,=35.9720,=58.5515,=3.6026,=0.3442,=2.7671,=3.3681,=4.1943,=5.8698,=8.5226,=4.6722,=0.8548,=2.1887,=3.0551,=3.7722,=4.4796,=6.8190,=0.0157,=0.6764,=0.0059,=0.0080,=0.0120,=0.0180,=0.0263,=0.0346,=0.1325,=0.0321,=399
="399702",深证F120,2010-05-10,=0.0177,=7263,=-0.0413,=26.0963,=0.9711,=12.6034,=17.7484,=20.7156,=22.5561,=28.8861,=2.3146,=0.6429,=1.5963,=1.9896,=2.2160,=2.6272,=3.5867,=1.4686,=0.6544,=0.8721,=1.1406,=1.3246,=1.5883,=2.2308,=0.0209,=0.6804,=0.0114,=0.0165,=0.0194,=0.0232,=0.0299,=0.0250,=0.0726,=0.0233,=1428
="980027",新能源电池,2015-02-16,=0.0244,=3124.5400,=-0.0752,=26.1549,=0.6185,=16.8641,=21.0539,=24.9776,=30.5518,=35.7610,=4.3123,=0.7122,=2.5249,=3.0310,=3.4726,=4.4371,=5.0827,=2.8270,=0.7202,=1.4888,=1.9015,=2.4049,=3.2491,=3.8612,=0.0159,=0.5596,=0.0052,=0.0081,=0.0150,=0.0185,=0.0213,=0.0376,=0.1513,=0.0348,=106
="931719",CS电池,2013-07-15,=0.0164,=3742.0500,=-0.1199,=26.2815,=0.1918,=15.7007,=26.6630,=40.2552,=63.9297,=121.8822,=3.8983,=0.4866,=1.9771,=2.9292,=3.9484,=5.7588,=11.8941,=2.6216,=0.4078,=1.2782,=2.0990,=3.0204,=4.6739,=9.5565,=0.0145,=0.8520,=0.0012,=0.0035,=0.0065,=0.0123,=0.0220,=0.0377,=0.1370,=0.0297,=555
="H30192",食品,2013-07-15,=0.0033,=4983.2100,=-0.1205,=26.3288,=0.0648,=20.6226,=29.9974,=33.2356,=39.1753,=57.5971,=2.5162,=0.0225,=2.3545,=2.9630,=4.5517,=5.7842,=10.5214,=1.4507,=0.0445,=1.2567,=1.6417,=2.3376,=2.8945,=4.8526,=0.0295,=0.9832,=0.0092,=0.0145,=0.0192,=0.0240,=0.0308,=0.0337,=0.0826,=0.0319,=6
="931140",医药50,2019-03-20,=0.0243,=10108.0200,=-0.0168,=26.4329,=0.3123,=20.8651,=25.5146,=28.7423,=42.8569,=67.0844,=4.0326,=0.1319,=3.0998,=4.2348,=4.9645,=7.3951,=10.9696,=4.7373,=0.2858,=3.4950,=4.6123,=5.1592,=7.1285,=12.1248,=0.0161,=0.7227,=0.0046,=0.0077,=0.0107,=0.0174,=0.0237,=0.0393,=0.1515,=0.0402,=1194
="399440",国证钢铁,2014-12-30,=0.0226,=1154.0900,=-0.2231,=26.5686,=0.6759,=5.7530,=9.0864,=18.4249,=36.4578,=695.2734,=0.9195,=0.2194,=0.7172,=0.9156,=1.0436,=1.3530,=2.0509,=0.4615,=0.5159,=0.3277,=0.3893,=0.4568,=0.6174,=1.3827,=0.0269,=0.4870,=0.0018,=0.0176,=0.0272,=0.0419,=0.0569,=0.0058,=0.0382,=0.0096,=467
="931230",汽车零部件,2013-07-15,=0.0057,=1036.1500,=-0.1985,=26.5699,=0.4717,=18.5338,=23.8012,=26.8020,=30.4343,=34.9965,=2.8162,=0.6052,=1.8462,=2.2880,=2.6163,=3.1758,=3.7531,=1.7856,=0.6168,=1.1819,=1.4613,=1.6687,=2.0128,=2.3775,=0.0146,=0.5791,=0.0115,=0.0126,=0.0141,=0.0159,=0.0198,=0.0227,=0.1141,=0.0262,=45
="H11052",智能电车,2009-07-22,=0.0182,=3714.8200,=-0.1248,=26.6488,=0.2087,=16.1153,=26.3522,=33.0585,=63.3646,=148.6443,=3.5913,=0.3843,=2.6129,=3.1950,=3.8906,=5.5107,=9.7804,=1.8163,=0.3505,=1.2507,=1.6563,=2.0384,=3.2736,=6.6252,=0.0115,=0.8297,=0.0021,=0.0035,=0.0091,=0.0111,=0.0189,=0.0316,=0.1293,=0.0281,=191
="399976",CS新能车,2014-11-28,=0.0191,=3872.7000,=-0.1328,=26.7619,=0.2470,=13.8890,=22.9016,=34.4043,=62.1175,=231.2544,=3.4227,=0.2969,=2.0896,=3.0970,=3.8757,=6.2213,=11.9870,=1.9533,=0.2821,=0.7703,=1.7976,=2.3053,=4.1916,=9.1824,=0.0120,=0.7588,=0.0014,=0.0031,=0.0074,=0.0134,=0.0276,=0.0343,=0.1248,=0.0265,=2015
="930997",新能源车,2017-07-19,=0.0191,=2621.0200,=-0.1371,=26.9445,=0.3372,=14.0460,=20.4575,=31.6965,=79.7239,=171.6022,=3.4324,=0.4486,=1.7502,=2.4240,=3.6787,=6.0750,=11.4567,=1.9629,=0.4335,=0.7652,=1.2041,=2.1506,=3.9020,=8.7389,=0.0120,=0.5784,=0.0014,=0.0031,=0.0108,=0.0182,=0.0289,=0.0346,=0.1243,=0.0266,=1972
="000969",300非周,2010-05-28,=0.0237,=5967.6700,=0.1207,=27.6081,=0.8313,=15.9839,=20.6623,=22.6192,=26.4890,=38.7203,=2.9565,=0.6800,=2.0789,=2.5003,=2.7852,=3.1883,=4.9189,=1.6108,=0.8202,=0.8921,=1.1553,=1.2886,=1.5722,=2.2463,=0.0189,=0.6606,=0.0089,=0.0140,=0.0170,=0.0211,=0.0277,=0.0251,=0.0964,=0.0261,=85
="399850",深证50,2023-10-18,=0.0323,=10185.7800,=0.1156,=27.6148,=0.8672,=16.5344,=20.0139,=23.3836,=27.0517,=36.7629,=4.2557,=0.9744,=2.5911,=2.9351,=3.2398,=3.7156,=4.4773,=2.3309,=0.9664,=1.3017,=1.4835,=1.6829,=2.0501,=2.4833,=0.0172,=0.0864,=0.0162,=0.0188,=0.0210,=0.0232,=0.0271,=0.0301,=0.0973,=0.0318,=80
="399266",创新能源,2022-09-29,=0.0135,=3262.6400,=-0.0792,=27.7095,=0.5394,=16.2861,=20.8603,=27.3271,=33.1809,=48.5339,=4.3774,=0.5547,=2.6837,=3.2143,=3.8862,=4.9627,=6.9087,=2.9606,=0.6313,=1.5028,=1.9465,=2.5780,=3.4878,=4.6740,=0.0144,=0.6291,=0.0024,=0.0067,=0.0123,=0.0168,=0.0211,=0.0402,=0.1508,=0.0347,=2
="931798",光伏龙头30,2009-06-16,=0.0073,=1929.1600,=-0.0731,=27.9844,=0.5819,=8.0886,=17.2411,=24.1376,=37.6614,=66.5518,=2.3088,=0.4363,=1.6869,=2.0256,=2.4217,=4.5878,=8.3847,=2.4350,=0.7039,=0.9999,=1.3399,=1.6970,=3.0761,=5.7040,=0.0113,=0.5245,=0.0027,=0.0059,=0.0109,=0.0206,=0.0351,=0.0172,=0.0745,=0.0196,=198
="1000008",沪深B股,1994-01-10,=0.0004,=273.5800,=0.0779,=28.0541,=0.7452,=7.0835,=12.9417,=17.5058,=30.7740,=97.5837,=0.7983,=0.2969,=0.6594,=0.7810,=0.8460,=1.0391,=1.4976,=0.5324,=0.6120,=0.3777,=0.4474,=0.5016,=0.5873,=1.1545,=0.0392,=0.6705,=0.0157,=0.0278,=0.0357,=0.0437,=0.1455,,,=0.0134,=371
="931403",品牌工程,2020-01-14,=0.0179,=2241.9400,=0.1356,=28.1005,=0.4421,=18.7149,=24.0488,=29.2643,=43.6992,=69.9724,=4.2531,=0.3779,=3.2380,=4.0146,=4.9593,=7.6837,=10.9810,=3.3021,=0.4707,=2.2604,=2.9273,=3.3718,=4.7939,=7.2001,=0.0208,=0.6673,=0.0056,=0.0085,=0.0145,=0.0221,=0.0278,=0.0453,=0.1433,=0.0461,=118
=".INX",标普500,1957-03-04,=0.0038,=7543.5900,=0.1020,=28.1441,=0.7674,=15.6907,=21.8435,=24.1494,=28.6433,=42.9883,=5.6635,=0.9972,=2.4601,=3.2440,=3.9628,=4.7717,=5.7044,=3.6072,=0.9956,=1.5801,=2.1006,=2.3909,=3.0478,=3.6541,=0.0102,=0.0187,=0.0098,=0.0124,=0.0160,=0.0193,=0.0253,,,=0.0468,=9348
="000907",中证700,2007-01-15,=0.0194,=7055.3500,=0.0900,=28.1765,=0.9666,=13.5964,=17.1394,=19.5530,=24.0532,=30.1680,=2.1210,=0.7122,=1.3201,=1.5883,=1.8281,=2.2103,=2.4753,=1.5137,=0.6944,=0.9663,=1.1767,=1.3274,=1.5986,=1.9854,=0.0173,=0.4841,=0.0115,=0.0138,=0.0174,=0.0227,=0.0321,=0.0223,=0.0692,=0.0213,=265
="399989",中证医疗,2014-10-31,=0.0296,=6309.9600,=-0.0666,=28.9128,=0.1493,=22.9032,=29.7506,=38.8468,=60.2818,=114.3753,=3.2585,=0.0614,=2.8553,=3.7482,=5.4678,=8.1687,=13.4814,=5.2867,=0.1142,=4.3528,=5.6192,=6.5509,=9.4594,=17.4163,=0.0135,=0.7324,=0.0025,=0.0041,=0.0055,=0.0145,=0.0225,=0.0284,=0.1137,=0.0290,=8507
="931746",储能产业,2015-06-11,=0.0160,=3068.3700,=-0.1702,=29.0695,=0.3977,=12.7536,=19.5290,=32.5763,=42.4740,=70.6293,=3.1838,=0.4094,=2.2823,=2.7358,=3.3879,=5.0355,=8.8670,=2.0603,=0.5266,=1.1513,=1.4930,=2.0222,=3.1538,=6.6557,=0.0133,=0.5654,=0.0020,=0.0044,=0.0127,=0.0170,=0.0220,=0.0195,=0.0831,=0.0177,=158
="000812",细分机械,2012-04-11,=0.0109,=6830.9900,=-0.1120,=29.1986,=0.4359,=14.1771,=22.0432,=31.8155,=40.1253,=51.3583,=2.9751,=0.6619,=1.6005,=2.1653,=2.5268,=3.4006,=5.3964,=2.0176,=0.6470,=1.1287,=1.4635,=1.7300,=2.2906,=3.5603,=0.0163,=0.7872,=0.0047,=0.0079,=0.0116,=0.0167,=0.0237,=0.0226,=0.0835,=0.0173,=199
="399330",深证100,2006-01-24,=0.0328,=6500.8200,=0.1175,=29.7704,=0.8685,=14.9910,=20.3737,=22.7438,=27.4103,=38.9547,=3.2784,=0.7526,=1.9919,=2.4968,=2.9451,=3.5438,=5.5535,=2.2685,=0.6973,=1.3434,=1.7250,=2.1027,=2.4349,=4.0791,=0.0165,=0.6231,=0.0077,=0.0126,=0.0154,=0.0194,=0.0273,=0.0278,=0.0897,=0.0269,=2330
="930632",CS稀金属,2015-05-12,=0.0400,=2784.9700,=0.0273,=30.1451,=0.3064,=10.0759,=24.6559,=42.0727,=88.7929,=902.9270,=3.9226,=0.6087,=1.7714,=2.4678,=3.4522,=4.4012,=7.1765,=2.8067,=0.7348,=1.0736,=1.5817,=2.0627,=2.9873,=4.1072,=0.0075,=0.5134,=0.0021,=0.0039,=0.0072,=0.0138,=0.0241,=0.0489,=0.1107,=0.0216,=374
="930614",环保50,2015-04-07,=0.0079,=2022.5000,=-0.1193,=30.2209,=0.6915,=13.7595,=20.5125,=26.8035,=35.1194,=50.3864,=2.7263,=0.4074,=1.9059,=2.3842,=2.8863,=3.6683,=6.0727,=2.7892,=0.4639,=1.6847,=2.2438,=2.8900,=3.3746,=6.6309,=0.0180,=0.6569,=0.0061,=0.0100,=0.0159,=0.0201,=0.0258,=0.0222,=0.0831,=0.0199,=205
="000977",内地低碳,2011-01-21,=0.0079,=1860.7000,=-0.1074,=30.2209,=0.6412,=13.7595,=20.8967,=26.8104,=35.4182,=50.3864,=2.7263,=0.4132,=1.9264,=2.3844,=2.8769,=3.6471,=6.0727,=2.7892,=0.4812,=1.6847,=2.2202,=2.8333,=3.3944,=6.7765,=0.0180,=0.7097,=0.0061,=0.0100,=0.0157,=0.0194,=0.0258,=0.0220,=0.0823,=0.0200,=388
="000949",中证农业,2009-10-28,=0.0061,=4736.2600,=-0.1819,=30.4810,=0.5761,=14.4444,=21.2919,=29.1169,=36.7819,=1184.8568,=2.3088,=0.0569,=2.0719,=2.5194,=3.2727,=4.0480,=5.2895,=1.2320,=0.2198,=0.8980,=1.1771,=1.7252,=2.0301,=2.8101,=0.0221,=0.9221,=0.0077,=0.0144,=0.0164,=0.0189,=0.0257,=0.0068,=0.0985,=0.0327,=1051
="HSAIT",恒生人工智能主题指数,2023-09-01,=-0.0009,=3258.0600,=-0.2355,=30.6771,=0.9872,=13.3665,=18.0944,=19.8826,=21.6855,=33.1012,=4.1204,=0.9872,=1.4634,=1.7578,=2.0742,=2.4943,=4.4460,=3.6337,=0.9872,=1.2708,=1.4988,=1.7551,=2.2922,=3.9209,=0.0076,=0.0128,=0.0070,=0.0173,=0.0195,=0.0214,=0.0235,,=0.1059,,=64
="931733",绿色能源,2021-08-19,=0.0145,=4578.1700,=-0.1249,=30.9915,=0.4578,=12.7308,=19.1906,=32.5581,=41.5137,=65.3510,=3.1181,=0.3792,=2.3311,=2.7903,=3.5090,=5.4872,=8.0150,=2.1072,=0.4164,=1.3651,=1.7748,=2.3071,=4.2992,=7.5185,=0.0157,=0.5380,=0.0043,=0.0069,=0.0148,=0.0214,=0.0259,=0.0248,=0.0932,=0.0189,=25
="HSHCI",恒生医疗保健指数,2015-08-17,=0.0059,=3457.9600,=-0.0556,=31.0222,=0.4386,=15.9973,=23.2389,=33.3964,=116.8549,=143059.6617,=2.6793,=0.5167,=1.4805,=2.2594,=2.6465,=3.4864,=7.0432,=1.6813,=0.7341,=0.8149,=1.0263,=1.3041,=1.8605,=3.5391,=0.0120,=0.5679,=0.0038,=0.0082,=0.0114,=0.0148,=0.0248,,=0.0975,,=1735
="000936",中证电信,2009-07-03,=0.0305,=13914.7700,=0.3998,=31.0934,=0.5988,=14.1836,=20.2178,=26.5906,=41.2993,=123.1725,=2.9764,=0.9002,=1.2149,=1.7612,=2.3409,=2.7907,=3.6232,=2.8292,=0.9946,=0.7463,=1.0218,=1.2603,=1.8068,=3.0800,=0.0202,=0.5827,=0.0019,=0.0063,=0.0094,=0.0319,=0.0507,=0.0215,=0.0913,=0.0219,=334
="HSBIO",恒生生物科技指数,2019-12-01,=0.0050,=13928.9900,=-0.0176,=31.3281,=0.2348,=20.8275,=30.6161,=59.7304,=138.4376,=62737.8398,=3.0035,=0.5169,=1.5084,=2.1523,=2.8999,=4.4141,=6.7821,=1.6815,=0.6036,=0.7434,=1.0966,=1.5345,=2.1342,=3.5303,=0.0110,=0.6128,=0.0037,=0.0061,=0.0095,=0.0134,=0.0198,,=0.1063,,=678
="931524",SHS科技龙头,2020-07-16,=0.0275,=2973.5700,=0.1064,=31.3965,=0.7781,=18.9033,=23.4913,=26.7215,=35.4496,=59.9125,=4.0573,=0.7067,=2.7731,=3.2907,=3.6735,=5.1392,=9.0190,=3.0908,=0.7087,=1.6886,=2.2573,=2.5553,=4.2408,=7.2475,=0.0077,=0.3382,=0.0027,=0.0048,=0.0086,=0.0100,=0.0124,,=0.1133,,=224
="000009",上证380,2010-11-29,=0.0129,=7156,=0.0862,=31.4817,=0.9047,=11.6192,=14.6240,=18.0435,=25.1263,=39.7002,=2.3171,=0.7720,=1.2909,=1.6341,=1.9524,=2.3686,=2.8641,=1.4888,=0.7876,=0.7850,=0.9356,=1.0814,=1.5149,=1.8994,=0.0151,=0.2008,=0.0086,=0.0150,=0.0183,=0.0251,=0.0358,=0.0195,=0.0662,=0.0205,=864
="000994",全指电信,2011-08-02,=0.0335,=15347.9000,=0.3780,=31.6556,=0.4338,=17.6024,=21.7761,=34.1001,=52.5847,=109.2407,=3.0485,=0.7984,=1.3865,=1.8410,=2.5290,=3.0558,=3.7766,=2.8393,=0.9889,=0.9155,=1.2459,=1.5375,=1.8832,=3.1271,=0.0197,=0.6115,=0.0022,=0.0055,=0.0081,=0.0296,=0.0398,=0.0216,=0.0895,=0.0218,=228
="399005",中小板指,2006-01-24,=0.0268,=9193.3800,=0.1125,=31.7014,=0.6355,=16.1163,=23.0542,=28.5542,=33.9043,=44.0181,=3.2757,=0.3984,=2.0289,=2.7421,=3.4400,=4.3285,=5.3697,=2.2288,=0.4252,=1.3510,=1.8219,=2.3580,=3.3105,=4.1546,=0.0123,=0.6136,=0.0068,=0.0089,=0.0110,=0.0163,=0.0219,=0.0255,=0.0988,=0.0255,=3250
="931579",东证优势成长,2020-11-09,=0.0546,=9692.4700,=0.2699,=31.7440,=0.8467,=7.9327,=14.2576,=19.1575,=30.5514,=61.0103,=6.3944,=0.8692,=0.9149,=2.6063,=3.4140,=5.8995,=9.3390,=4.6590,=0.9346,=1.1828,=2.0528,=2.3713,=3.6452,=6.0793,=0.0109,=0.3365,=0.0040,=0.0071,=0.0154,=0.0287,=0.0527,=0.0548,=0.1983,=0.0468,=144
="399412",国证新能,2014-05-16,=0.0156,=2596.4300,=-0.1230,=31.7864,=0.6408,=13.6858,=20.0843,=24.6105,=40.0619,=66.6027,=2.8435,=0.5596,=1.6349,=2.2652,=2.7229,=3.9698,=7.3016,=1.8479,=0.6392,=0.7993,=1.1878,=1.5447,=2.5873,=5.3757,=0.0139,=0.4309,=0.0032,=0.0058,=0.0153,=0.0184,=0.0274,=0.0217,=0.0862,=0.0211,=362
="000913",300医药,2007-07-02,=0.0215,=7922.8800,=-0.0350,=31.8891,=0.3880,=22.1588,=28.7651,=33.4081,=39.5137,=73.4129,=3.3521,=0.0973,=2.7345,=3.5951,=4.7980,=6.0065,=9.5028,=2.7913,=0.1262,=2.2757,=2.8995,=3.3474,=5.3685,=7.4989,=0.0163,=0.8656,=0.0040,=0.0072,=0.0089,=0.0152,=0.0221,=0.0300,=0.0967,=0.0342,=3386
="000827",中证环保,2012-09-25,=0.0107,=1696.0400,=-0.0899,=31.9989,=0.6689,=14.0379,=21.0113,=28.2441,=35.5499,=50.6551,=2.6483,=0.4301,=1.7878,=2.2200,=2.8106,=3.3836,=5.4589,=2.7180,=0.4928,=1.6068,=2.0649,=2.7348,=3.2515,=6.2202,=0.0168,=0.6524,=0.0061,=0.0097,=0.0148,=0.0192,=0.0249,=0.0211,=0.0761,=0.0181,=6252
="931591",1000成长创新,2020-11-09,=0.0125,=34303.2900,=0.0480,=32.0009,=0.4797,=18.0900,=24.4704,=32.2006,=35.7660,=40.6167,=3.5399,=0.5567,=2.0923,=3.0053,=3.4227,=4.3566,=5.3788,=3.4183,=0.6054,=1.8413,=2.7415,=3.1135,=3.8443,=5.2879,=0.0120,=0.6148,=0.0063,=0.0086,=0.0109,=0.0139,=0.0216,=0.0271,=0.1062,=0.0239,=148
="000933",中证医药,2009-07-03,=0.0250,=7847.3500,=-0.0301,=32.1462,=0.4882,=22.6651,=27.9022,=32.3101,=37.1734,=63.0472,=3.1612,=0.1909,=2.5059,=3.1800,=3.9816,=4.6380,=7.0232,=2.7666,=0.3526,=1.9281,=2.5100,=3.0100,=3.5487,=5.1631,=0.0161,=0.8610,=0.0055,=0.0078,=0.0097,=0.0153,=0.0226,=0.0282,=0.0926,=0.0299,=7171
="399376",小盘成长,2010-01-04,=0.0166,=7077.0600,=0.1143,=32.1463,=0.7773,=14.4007,=20.2318,=25.5978,=32.5396,=60.1410,=3.4738,=0.9221,=1.6246,=2.0607,=2.3694,=3.1566,=4.0362,=2.0184,=0.8144,=0.7224,=1.0640,=1.2045,=1.9641,=3.3880,=0.0128,=0.4664,=0.0062,=0.0106,=0.0131,=0.0171,=0.0246,=0.0271,=0.1002,=0.0195,=287
="399971",中证传媒,2014-04-15,=-0.0185,=1155.9600,=-0.2148,=32.1893,=0.3695,=18.4593,=27.0874,=34.7669,=44.4313,=90.0483,=2.1391,=0.2045,=1.5359,=2.1311,=2.5598,=3.2529,=5.5544,=2.4969,=0.1192,=1.9674,=2.6438,=3.1800,=4.5868,=7.1445,=0.0192,=0.7526,=0.0038,=0.0090,=0.0124,=0.0206,=0.0294,=0.0163,=0.0602,=0.0206,=6322
="399374",中盘成长,2010-01-04,=0.0230,=5520.6600,=0.2076,=32.3474,=0.9909,=12.0664,=16.7038,=22.9694,=27.5771,=34.9289,=4.3397,=0.9905,=1.8942,=2.4100,=3.1265,=3.6319,=4.6865,=2.8237,=0.9320,=0.9013,=1.6610,=2.2043,=2.4841,=3.0605,=0.0115,=0.3134,=0.0084,=0.0109,=0.0145,=0.0210,=0.0349,=0.0366,=0.1248,=0.0238,=202
="000857",500医药,2013-11-06,=0.0314,=10295.2200,=0.0038,=32.4242,=0.6070,=16.5096,=22.8937,=29.9353,=37.6373,=66.9361,=2.9807,=0.5715,=1.9620,=2.4653,=2.8380,=3.5089,=5.0991,=2.7407,=0.7880,=1.3156,=1.7598,=2.1307,=2.7612,=4.5555,=0.0158,=0.7299,=0.0055,=0.0091,=0.0132,=0.0172,=0.0234,=0.0260,=0.0879,=0.0247,=733
="399008",中小300,2010-03-22,=0.0241,=1759.7400,=0.0634,=32.4999,=0.6355,=17.8364,=25.4661,=30.4241,=35.3131,=45.4681,=2.9498,=0.4763,=1.7846,=2.4620,=2.9812,=3.7942,=4.7658,=1.9873,=0.4379,=1.1664,=1.6529,=2.0664,=2.7994,=3.8614,=0.0125,=0.6416,=0.0063,=0.0085,=0.0114,=0.0151,=0.0216,=0.0232,=0.0868,=0.0228,=506
="000991",全指医药,2011-08-02,=0.0254,=8503.6700,=-0.0246,=32.5757,=0.3938,=23.5983,=29.4135,=34.1561,=40.0502,=73.5923,=3.0550,=0.1076,=2.5957,=3.1801,=3.7731,=4.6870,=6.5650,=2.8519,=0.3777,=2.0200,=2.6563,=3.0106,=3.7260,=5.9103,=0.0157,=0.8771,=0.0055,=0.0072,=0.0096,=0.0146,=0.0212,=0.0278,=0.0907,=0.0276,=7957
="1000005",上海非金融A股,1994-01-01,,,,=32.6662,=0.9196,=15.3520,=20.3290,=23.4523,=29.7863,=34.6296,=2.3227,=0.8800,=1.5456,=1.8178,=2.0436,=2.2622,=2.5831,=1.4080,=0.9703,=0.7548,=0.9329,=1.0758,=1.2035,=1.4804,=0.0180,=0.3777,=0.0107,=0.0147,=0.0197,=0.0236,=0.0293,=0.0209,=0.0661,=0.0198,=189
="931235",中证电信,2022-07-21,=0.0135,=3146.6700,=0.1604,=32.7701,=0.9761,=15.5242,=18.7184,=21.4686,=26.1587,=36.3009,=3.1510,=0.9813,=0.8741,=1.6344,=1.9201,=2.3347,=3.4857,=2.9026,=0.9792,=0.6427,=1.3856,=1.7193,=2.1598,=3.2153,=0.0190,=0.0997,=0.0135,=0.0248,=0.0303,=0.0337,=0.0573,=0.0216,=0.0917,=0.0212,=59
="H11054",装备产业,2009-07-22,=0.0064,=2700.2900,=-0.0718,=32.7938,=0.5514,=15.6342,=24.6045,=31.8850,=38.4754,=58.0282,=2.9160,=0.6573,=1.6944,=2.1294,=2.6139,=3.3143,=5.1308,=2.0297,=0.6016,=1.2119,=1.4856,=1.8848,=2.3477,=3.6241,=0.0138,=0.7597,=0.0051,=0.0080,=0.0114,=0.0146,=0.0207,=0.0221,=0.0859,=0.0174,=41
="000037",上证医药,2009-01-09,=0.0225,=6425.6800,=0.0144,=32.8745,=0.3472,=21.0843,=31.3993,=34.6703,=41.6974,=61.3894,=3.5729,=0.3229,=2.7278,=3.3338,=3.8664,=4.6066,=7.3155,=2.5350,=0.6816,=1.5724,=2.0207,=2.3509,=2.8752,=4.1395,=0.0117,=0.8132,=0.0048,=0.0075,=0.0098,=0.0117,=0.0146,=0.0281,=0.1036,=0.0282,=2066
="930721",CS智汽车,2015-08-05,=0.0106,=4941.0100,=-0.1456,=32.9146,=0.1214,=27.2408,=33.9209,=39.5149,=48.8840,=67.2850,=3.3207,=0.2048,=2.5208,=3.3073,=3.8153,=5.3624,=7.3638,=1.2875,=0.0217,=1.1981,=1.4910,=1.8408,=2.6360,=3.8976,=0.0071,=0.5170,=0.0040,=0.0056,=0.0070,=0.0093,=0.0155,=0.0150,=0.1014,=0.0176,=474
="931994",电网设备主题,2022-10-11,=0.0219,=2945.3300,=0.1674,=32.9608,=0.8683,=15.6741,=19.9824,=22.8574,=28.1648,=44.9431,=3.2039,=0.8705,=1.9713,=2.2927,=2.4572,=2.8049,=4.2080,=2.1784,=0.8771,=1.2895,=1.4777,=1.6075,=1.8279,=2.7882,=0.0113,=0.2338,=0.0088,=0.0110,=0.0135,=0.0165,=0.0189,=0.0214,=0.0975,=0.0200,=271
="000978",医药100,2011-03-18,=0.0259,=9999.1100,=-0.0412,=33.0572,=0.4561,=23.7467,=28.9111,=33.7480,=37.7376,=66.4077,=3.1367,=0.1254,=2.6475,=3.2495,=4.1894,=5.0232,=7.8052,=2.9183,=0.3641,=2.0946,=2.6763,=3.1425,=3.6588,=5.9820,=0.0154,=0.8532,=0.0050,=0.0071,=0.0093,=0.0148,=0.0209,=0.0280,=0.0911,=0.0286,=4717
="399007",深证300,2009-11-04,=0.0290,=6312.9600,=0.1105,=33.9370,=0.9748,=15.3833,=21.4145,=25.0043,=28.8833,=36.7371,=3.1856,=0.7707,=1.8298,=2.3539,=2.8048,=3.2379,=4.4351,=2.2299,=0.6685,=1.2839,=1.6547,=2.0025,=2.3979,=3.3177,=0.0143,=0.5435,=0.0081,=0.0118,=0.0139,=0.0174,=0.0252,=0.0257,=0.0779,=0.0236,=581
="399389",国证通信,2011-12-02,=0.0396,=11788.9900,=0.4136,=34.0415,=0.3942,=15.1336,=21.7733,=47.1822,=65.1875,=153.7967,=3.1382,=0.8268,=1.3245,=1.8461,=2.4671,=3.0579,=3.9804,=2.9431,=0.9876,=0.9743,=1.4589,=1.6822,=1.8975,=3.2843,=0.0188,=0.6235,=0.0026,=0.0048,=0.0070,=0.0294,=0.0420,=0.0209,=0.0855,=0.0209,=53
="931187",科技100,2019-05-30,=0.0156,=5334.0200,=0.1560,=34.3955,=0.7800,=18.1467,=22.1695,=26.1352,=35.1000,=49.5031,=4.2628,=0.8014,=2.3703,=2.7914,=3.3416,=4.2623,=5.4633,=2.8765,=0.8350,=1.2579,=1.6338,=2.0629,=2.6949,=4.1304,=0.0111,=0.4134,=0.0052,=0.0083,=0.0119,=0.0140,=0.0184,=0.0201,=0.0911,=0.0217,=853
="399394",国证医药,2012-10-29,=0.0261,=8234.1600,=-0.0298,=34.6105,=0.5311,=22.8656,=29.2541,=34.1003,=39.6679,=65.8576,=3.3009,=0.1493,=2.7032,=3.4082,=4.4816,=5.4485,=8.6075,=2.9437,=0.3637,=1.9890,=2.7092,=3.1407,=4.6839,=6.5385,=0.0149,=0.8458,=0.0047,=0.0072,=0.0092,=0.0142,=0.0225,=0.0285,=0.0916,=0.0308,=1065
="000808",医药生物,2012-02-17,=0.0248,=8125.8600,=-0.0194,=34.6434,=0.5031,=23.4705,=28.3997,=34.6235,=37.8852,=66.3352,=3.1498,=0.1353,=2.6521,=3.2530,=4.1699,=4.9177,=7.9299,=2.9169,=0.3806,=2.0659,=2.6650,=3.1010,=3.5475,=6.2098,=0.0148,=0.8227,=0.0050,=0.0071,=0.0095,=0.0145,=0.0209,=0.0273,=0.0877,=0.0275,=1416
="H30463",沪港深500医药,2014-11-28,=0.0141,=7466.8200,=-0.0387,=34.7614,=0.4597,=23.3470,=31.0222,=35.4878,=42.6572,=94.1690,=3.5429,=0.2083,=2.7545,=3.5141,=4.4346,=5.5958,=10.0878,=3.4306,=0.5751,=1.9470,=2.8257,=3.2973,=4.1201,=9.3489,=0.0126,=0.8198,=0.0038,=0.0069,=0.0088,=0.0123,=0.0194,,=0.0979,,=36
="931672",风电产业,2021-04-29,=0.0086,=1686.7500,=-0.0425,=34.7780,=0.9071,=16.8665,=21.1139,=24.2466,=29.4268,=45.5856,=1.9660,=0.4778,=1.3490,=1.6799,=1.9920,=2.4918,=3.5946,=2.3968,=0.5937,=1.4458,=1.8901,=2.1543,=2.7026,=3.3215,=0.0111,=0.4532,=0.0064,=0.0084,=0.0115,=0.0154,=0.0206,=0.0166,=0.0571,=0.0184,=62
="930598",稀土产业,2015-03-02,=0.0257,=2691.3600,=-0.0411,=34.9219,=0.3860,=21.1133,=29.2013,=39.6510,=70.0708,=274.7099,=3.0437,=0.8008,=1.4810,=1.9699,=2.3148,=3.0431,=4.3047,=1.4557,=0.6672,=0.6656,=0.9718,=1.1868,=1.6587,=2.2024,=0.0105,=0.9266,=0.0025,=0.0048,=0.0066,=0.0093,=0.0135,=0.0350,=0.0883,=0.0227,=741
="HSSSHID",恒生沪深港创新药精选50指数,2020-03-01,=0.0198,=8087.9000,=0.0788,=35.2237,=0.4836,=23.4861,=29.4913,=35.4878,=51.8507,=94.0285,=4.1185,=0.6257,=2.0729,=2.8132,=3.7295,=6.3691,=8.4497,=6.0161,=0.8119,=1.3432,=1.8934,=3.4772,=5.9633,=8.1459,=0.0082,=0.4165,=0.0033,=0.0049,=0.0088,=0.0120,=0.0157,,=0.1192,,=289
="930791",CS医药TI,2016-03-22,=0.0251,=8914.0200,=-0.0373,=35.4382,=0.4969,=23.2364,=30.0855,=35.5035,=40.8034,=70.7414,=2.9125,=0.1221,=2.4395,=3.0318,=3.8660,=4.6025,=6.6660,=2.6603,=0.2623,=2.0598,=2.5748,=2.9760,=3.5423,=5.1130,=0.0153,=0.8808,=0.0054,=0.0071,=0.0096,=0.0142,=0.0204,=0.0251,=0.0784,=0.0255,=193
="399612",中创100,2011-02-28,=0.0358,=3191.6400,=0.1562,=35.4963,=0.7390,=18.0203,=24.5371,=31.1472,=39.8478,=52.6199,=4.7552,=0.7513,=2.5576,=3.3599,=4.1932,=5.1140,=7.4671,=3.0678,=0.5064,=1.6155,=2.2648,=3.0443,=3.9698,=5.8630,=0.0106,=0.5897,=0.0050,=0.0075,=0.0097,=0.0137,=0.0203,=0.0320,=0.1210,=0.0297,=157
="399001",深证成指,1995-01-23,=0.0277,=14924.8700,=0.1035,=35.5746,=0.9806,=15.9054,=22.8547,=26.5146,=30.7074,=38.7817,=3.0585,=0.6866,=1.7472,=2.2797,=2.7209,=3.2609,=4.0402,=2.1707,=0.6507,=1.2229,=1.6063,=1.9123,=2.3823,=2.9683,=0.0139,=0.5414,=0.0084,=0.0108,=0.0135,=0.0166,=0.0245,=0.0249,=0.0747,=0.0225,=3711
="931946",畜牧养殖,2023-07-28,=0,=616.3400,=-0.1812,=35.5912,=0.7075,=14.8058,=16.2789,=24.5195,=43.7876,=702.5962,=2.3458,=0.0585,=2.1724,=2.5656,=2.6777,=2.7884,=3.1405,=0.9766,=0.0914,=0.8870,=1.0313,=1.0943,=1.1371,=1.2139,=0.0318,=0.8720,=0.0155,=0.0198,=0.0268,=0.0301,=0.0347,=0.0043,=0.0943,=0.0400,=6
="931456",中国教育,2020-04-21,=0.0052,=985.8013,=-0.1863,=35.7060,=0.0093,=33.1260,=55.8813,=93.8732,=-132.6710,=28609.2511,=2.6661,=0.3448,=1.5831,=2.4424,=2.9461,=3.8553,=9.7545,=2.6460,=0.1604,=1.7011,=2.7602,=3.3632,=4.7305,=11.2012,=0.0083,=0.5216,=0.0035,=0.0059,=0.0082,=0.0099,=0.0209,,=0.0593,,=169
="930771",CS新能源,2015-12-16,=0.0167,=2444.4000,=-0.0920,=35.7237,=0.5301,=11.2377,=23.2561,=34.4805,=45.0334,=62.8342,=2.6569,=0.4300,=1.7615,=2.1630,=2.8766,=3.9052,=7.2156,=2.2856,=0.5293,=1.2791,=1.6709,=2.2166,=3.0870,=6.6822,=0.0130,=0.7378,=0.0028,=0.0057,=0.0093,=0.0155,=0.0247,=0.0221,=0.0668,=0.0165,=32
="399808",中证新能,2015-02-10,=0.0173,=2454.1700,=-0.1282,=35.7237,=0.4899,=11.2377,=23.4990,=36.5792,=46.0255,=62.8342,=2.6569,=0.4095,=1.7615,=2.1712,=2.9252,=3.8504,=7.2277,=2.2856,=0.5146,=1.2791,=1.6778,=2.2559,=3.0254,=6.6822,=0.0130,=0.7489,=0.0029,=0.0058,=0.0089,=0.0152,=0.0247,=0.0221,=0.0668,=0.0165,=1309
="931487",SHS人工智能50,2020-05-06,=0.0189,=2320.2500,=0.0535,=35.8706,=0.7682,=18.6614,=25.5856,=31.7462,=37.1297,=66.0883,=5.7402,=0.7631,=3.0781,=4.0522,=4.6643,=6.3892,=10.5947,=6.4921,=0.7490,=3.3555,=4.5074,=5.1916,=6.7976,=9.5096,=0.0051,=0.3595,=0.0019,=0.0035,=0.0059,=0.0075,=0.0094,,=0.1427,,=76
="931406",5G 50,2020-02-20,=0.0515,=3282.1100,=0.5419,=36.2905,=0.8259,=15.2657,=20.5978,=23.6510,=34.6479,=51.5506,=4.0228,=0.8652,=1.5292,=1.9615,=2.4946,=3.8436,=5.3757,=2.6549,=0.9903,=0.9155,=1.4038,=1.5828,=1.9092,=2.9469,=0.0154,=0.3746,=0.0042,=0.0067,=0.0206,=0.0276,=0.0387,=0.0252,=0.1023,=0.0236,=701
="000841",800医药,2012-12-21,=0.0274,=8546.0200,=0.0224,=36.5476,=0.7584,=21.4494,=28.0346,=32.2227,=37.6239,=58.1462,=3.5669,=0.3843,=2.4193,=3.1867,=3.7846,=4.3889,=6.5122,=4.4602,=0.8289,=1.7815,=2.8895,=3.4449,=4.3456,=6.1565,=0.0152,=0.8639,=0.0064,=0.0083,=0.0101,=0.0136,=0.0210,=0.0288,=0.0871,=0.0293,=587
="000814",细分医药,2012-04-11,=0.0280,=8493.0900,=0.0175,=36.7734,=0.7579,=21.8871,=27.2039,=32.7462,=37.7198,=60.8250,=3.3983,=0.2821,=2.4219,=3.2072,=4.1099,=4.8855,=7.4081,=2.8485,=0.4697,=1.7858,=2.2898,=2.8972,=3.7157,=5.4819,=0.0145,=0.8338,=0.0055,=0.0075,=0.0096,=0.0136,=0.0215,=0.0283,=0.0890,=0.0304,=407
="399326",成长40,2006-01-24,=0.0486,=8688.5600,=0.3646,=36.8309,=0.8458,=11.4413,=22.5069,=27.7029,=33.0577,=67.8360,=7.2938,=0.8689,=2.3502,=3.7081,=4.7246,=6.4975,=10.3842,=4.2384,=0.8948,=1.6605,=2.3239,=3.0552,=3.9327,=5.1844,=0.0085,=0.2647,=0.0046,=0.0073,=0.0096,=0.0135,=0.0218,=0.0646,=0.2161,=0.0378,=275
="931250",港股通创新药,2012-07-20,=0.0061,=1024.7700,=0.0200,=37.4581,=0.5716,=21.4435,=32.4594,=36.3548,=44.8259,=63.0533,=3.5657,=0.7048,=1.5232,=1.8275,=2.3244,=3.8293,=4.5255,=6.0147,=0.7048,=1.4727,=1.7564,=2.3153,=6.5333,=7.7209,=0.0081,=0.2851,=0.0059,=0.0076,=0.0136,=0.0163,=0.0196,,=0.1071,,=121
="931787",港股创新药,2018-08-14,=0.0057,=1274.9800,=0.0152,=37.4581,=0.4219,=20.8973,=29.5003,=44.0523,=79.6426,=400.8209,=3.5657,=0.6575,=1.5132,=2.3040,=2.9670,=4.1402,=5.7621,=6.0147,=0.8970,=0.8553,=1.3076,=2.0768,=3.3062,=7.7308,=0.0081,=0.3335,=0.0045,=0.0069,=0.0104,=0.0136,=0.0202,,=0.1071,,=764
="930648",CS智消费,2015-06-05,=0.0247,=4325.1100,=0.1811,=37.4798,=0.9122,=15.4538,=22.2568,=25.0569,=32.1870,=51.6043,=4.4788,=0.9097,=2.1406,=2.8085,=3.2135,=4.0058,=5.4486,=2.0474,=0.8697,=0.8328,=1.2867,=1.4885,=1.8563,=2.9491,=0.0120,=0.1897,=0.0074,=0.0121,=0.0153,=0.0173,=0.0216,=0.0253,=0.1077,=0.0239,=26
="931186",中证科技,2019-05-30,=0.0082,=7535.1100,=0.1257,=37.9734,=0.5599,=19.1938,=30.3801,=36.2943,=46.9775,=73.9401,=5.1239,=0.6804,=2.6301,=3.6038,=4.5570,=6.3498,=8.1242,=3.0818,=0.5877,=1.4264,=2.0904,=2.7752,=4.5334,=6.0737,=0.0102,=0.6312,=0.0037,=0.0053,=0.0085,=0.0129,=0.0201,=0.0291,=0.1226,=0.0174,=954
="000905",中证500,2007-01-15,=0.0169,=8275.9400,=0.1085,=38.8027,=0.9138,=15.7028,=21.2812,=25.5686,=33.2821,=51.0880,=2.6097,=0.8581,=1.3824,=1.7164,=1.9211,=2.4571,=3.1031,=1.8120,=0.8718,=0.8118,=1.0305,=1.1724,=1.6058,=2.2608,=0.0121,=0.2524,=0.0064,=0.0115,=0.0141,=0.0185,=0.0237,=0.0210,=0.0620,=0.0169,=38182
="000982",500等权,2011-06-13,=0.0121,=9322.8200,=0.0328,=38.8027,=0.9138,=15.7028,=21.2829,=25.5686,=33.2821,=51.0880,=2.6097,=0.8581,=1.3824,=1.7163,=1.9213,=2.4571,=3.1031,=1.8120,=0.8718,=0.8118,=1.0305,=1.1724,=1.6050,=2.2608,=0.0121,=0.2351,=0.0064,=0.0117,=0.0143,=0.0184,=0.0237,=0.0210,=0.0620,=0.0169,=32
="399295",创价值,2019-01-23,=0.0196,=5212.2600,=-0.0341,=38.8069,=0.4737,=20.8863,=26.7102,=40.0226,=56.7676,=73.8741,=7.5365,=0.6727,=3.7254,=4.6025,=5.8623,=8.9922,=11.5385,=5.5581,=0.5334,=2.5684,=3.4932,=5.4080,=9.1397,=12.8251,=0.0105,=0.6446,=0.0033,=0.0050,=0.0071,=0.0151,=0.0218,=0.0387,=0.1758,=0.0398,=610
="399088",深创100,2020-02-18,=0.0229,=5780.3400,=0.1451,=38.8469,=0.7984,=15.3025,=21.9540,=27.0319,=39.0255,=56.8187,=5.4977,=0.8547,=2.2889,=3.3007,=4.0721,=5.3921,=6.8856,=3.6639,=0.7549,=1.4223,=1.9811,=2.4795,=3.7546,=5.1281,=0.0088,=0.2179,=0.0058,=0.0087,=0.0130,=0.0164,=0.0258,=0.0356,=0.1522,=0.0358,=73
="H30597",新材料,2015-02-13,=0.0192,=4856.6300,=0.1707,=39.0365,=0.6664,=14.0729,=21.7626,=33.2772,=44.2052,=76.6689,=4.0736,=0.6577,=2.1817,=2.8826,=3.6702,=5.2685,=8.9168,=2.7566,=0.5002,=1.2938,=2.0086,=2.7562,=3.7927,=7.1680,=0.0120,=0.5823,=0.0037,=0.0058,=0.0103,=0.0146,=0.0237,=0.0294,=0.0908,=0.0200,=316
="000171",新兴成指,2017-01-25,=0.0423,=2571.9700,=0.3939,=39.3036,=0.8637,=15.0335,=20.3188,=24.8105,=36.1698,=63.8139,=5.9164,=0.7583,=2.6324,=3.2849,=4.3556,=6.3066,=10.8185,=5.1077,=0.9059,=1.3680,=2.1182,=2.7811,=4.3864,=8.5894,=0.0107,=0.3920,=0.0042,=0.0072,=0.0126,=0.0196,=0.0271,=0.0336,=0.1371,=0.0326,=204
="399316",巨潮小盘,2005-02-03,=0.0197,=6465.6700,=0.0753,=39.3362,=0.8214,=17.4883,=24.6121,=29.2581,=38.1914,=58.2565,=2.2362,=0.7229,=1.3049,=1.7086,=1.9640,=2.4314,=3.2241,=1.4106,=0.6788,=0.7478,=1.0120,=1.2294,=1.6449,=2.5702,=0.0138,=0.6223,=0.0061,=0.0102,=0.0128,=0.0162,=0.0214,=0.0167,=0.0444,=0.0142,=22
="000962",中证中游,2010-04-16,=0.0272,=6000.5800,=0.2732,=39.4321,=0.9926,=12.7529,=17.3536,=20.1642,=27.2879,=43.3218,=3.7405,=0.9926,=1.5782,=1.9009,=2.2456,=2.5941,=4.0998,=1.8374,=0.9926,=0.6672,=0.8352,=0.9889,=1.1379,=2.0187,=0.0099,=0.1324,=0.0081,=0.0106,=0.0151,=0.0183,=0.0221,=0.0222,=0.0826,=0.0192,=15
="1000011",A股非金融,1994-01-10,,,,=39.5944,=0.8598,=17.5718,=25.5269,=28.6060,=37.6937,=43.6945,=2.6225,=0.6990,=1.6561,=2.0403,=2.3286,=2.6961,=2.9749,=1.6435,=0.8722,=0.9476,=1.1421,=1.3066,=1.5726,=1.8156,=0.0151,=0.4194,=0.0087,=0.0120,=0.0160,=0.0192,=0.0256,=0.0205,=0.0612,=0.0189,=809
="931783",智能驾驶,2022-02-21,=0.0022,=1324.9900,=-0.1172,=39.6782,=0.1715,=31.9944,=40.1550,=46.5914,=68.8801,=98.5983,=3.2657,=0.1556,=2.5981,=3.3342,=3.5665,=3.9594,=4.9384,=1.7890,=0.2671,=1.3276,=1.7257,=1.9331,=2.1221,=2.7953,=0.0088,=0.9128,=0.0048,=0.0063,=0.0071,=0.0081,=0.0097,=0.0149,=0.0928,=0.0256,=14
="399996",智能家居,2014-09-17,=0.0057,=5304.4100,=0.1538,=39.7229,=0.9270,=17.5405,=23.3761,=27.7580,=33.7224,=47.8369,=4.9571,=0.9926,=2.2523,=2.8549,=3.4652,=4.1096,=5.3919,=2.5583,=0.9872,=1.0942,=1.4673,=1.7629,=2.0853,=2.7965,=0.0123,=0.3905,=0.0087,=0.0107,=0.0141,=0.0175,=0.0235,=0.0273,=0.1118,=0.0260,=207
="H30178",医疗保健,2013-07-15,=0.0198,=11673.2900,=-0.1400,=39.7910,=0.3893,=19.5848,=32.8016,=45.1422,=65.6954,=123.2936,=2.6569,=0.0062,=2.5190,=3.3884,=5.5611,=7.3994,=12.4381,=4.3732,=0.0062,=4.1521,=5.3948,=6.2991,=8.1023,=14.2518,=0.0151,=0.8202,=0.0029,=0.0041,=0.0057,=0.0149,=0.0219,=0.0196,=0.0653,=0.0216,=552
="930719",CS精准医,2015-08-05,=0.0338,=2960.8900,=0.1138,=39.9189,=0.2483,=29.3195,=37.7585,=52.1066,=66.9623,=102.1078,=4.8161,=0.2913,=3.4982,=4.5426,=6.0197,=9.0007,=14.5104,=7.2270,=0.4703,=5.1956,=6.1897,=7.4201,=10.6258,=18.8625,=0.0072,=0.5578,=0.0022,=0.0041,=0.0067,=0.0105,=0.0164,=0.0301,=0.1091,=0.0230,=340
="930712",CS物联网,2015-07-31,=0.0165,=5393.3400,=0.2932,=40.0038,=0.8833,=21.9217,=27.4652,=32.4305,=37.3514,=50.1215,=5.6432,=0.8849,=2.7515,=3.4472,=4.0807,=4.9481,=7.1882,=2.9624,=0.9394,=1.2084,=1.7388,=2.0107,=2.4605,=3.5102,=0.0113,=0.5122,=0.0070,=0.0089,=0.0112,=0.0139,=0.0190,=0.0346,=0.1340,=0.0303,=163
="399101",中小综指,2005-12-01,=0.0222,=14891.5400,=0.0238,=40.1351,=0.4718,=22.7937,=34.4929,=40.6647,=46.4972,=65.2068,=2.7922,=0.4948,=1.7151,=2.3689,=2.8010,=3.4171,=4.7327,=1.8971,=0.4124,=1.1654,=1.6542,=2.0071,=2.5808,=3.9882,=0.0118,=0.6520,=0.0054,=0.0082,=0.0107,=0.0134,=0.0200,=0.0208,=0.0674,=0.0195,=25
="932069",港股通医疗主题,2022-07-21,=0.0124,=955.6800,=-0.0353,=40.2221,=0.9005,=20.9778,=26.0644,=30.4067,=35.2877,=51.0900,=2.3500,=0.6714,=1.4397,=1.6194,=1.9631,=2.6013,=3.0086,=1.3115,=0.6856,=0.6760,=0.7704,=0.9772,=1.4167,=1.6308,=0.0123,=0.4329,=0.0073,=0.0087,=0.0130,=0.0158,=0.0250,,=0.0571,,=18
="399625",中创500,2011-08-15,=0.0269,=2750.1800,=0.1287,=40.2321,=0.7682,=20.4615,=28.9847,=35.6912,=41.0663,=52.5750,=4.0327,=0.6816,=2.1192,=2.8827,=3.5469,=4.3194,=5.2507,=2.8650,=0.5946,=1.4713,=2.0764,=2.6286,=3.4407,=4.5364,=0.0101,=0.6074,=0.0057,=0.0071,=0.0093,=0.0124,=0.0196,=0.0265,=0.0951,=0.0239,=164
="399276",创科技,2020-10-26,=0.0197,=9373.5800,=0.1566,=40.2830,=0.5559,=20.4624,=26.4813,=37.8830,=57.7486,=84.1667,=7.4310,=0.7417,=3.5855,=4.4266,=5.8098,=8.6228,=12.0896,=5.7234,=0.6965,=2.4145,=3.3233,=4.7408,=8.8449,=12.2359,=0.0101,=0.5352,=0.0023,=0.0035,=0.0084,=0.0162,=0.0221,=0.0430,=0.1724,=0.0380,=11
="1000012",中小板全指,2005-12-01,=0.0222,=14891.5400,=0.0238,=40.3645,=0.4643,=22.6352,=35.3655,=41.2441,=48.2323,=73.8161,=2.8069,=0.4957,=1.7125,=2.3729,=2.8140,=3.4495,=4.7333,=1.8721,=0.4095,=1.1448,=1.6386,=1.9844,=2.5709,=3.9794,=0.0118,=0.6388,=0.0054,=0.0081,=0.0108,=0.0134,=0.0200,=0.0209,=0.0671,=0.0194,=566
="H30217",医疗器械,2013-07-15,=0.0190,=8480.4600,=-0.1363,=40.3760,=0.5184,=17.1055,=29.5762,=39.4425,=57.0937,=82.2687,=2.6160,=0.0091,=2.4731,=3.2458,=4.7906,=6.5700,=11.6091,=4.7072,=0.0363,=4.1030,=5.3515,=6.0552,=8.2636,=13.3528,=0.0155,=0.7934,=0.0035,=0.0051,=0.0074,=0.0156,=0.0236,=0.0184,=0.0626,=0.0209,=1326
="931688",中证算力,2022-07-21,=0.0344,=4928.0100,=0.5679,=41.5432,=0.9792,=18.0036,=20.7514,=23.8118,=32.2581,=44.9092,=4.4210,=0.9818,=1.6529,=1.8994,=2.2678,=3.3433,=4.7747,=3.1189,=0.9805,=1.3731,=1.5920,=1.8097,=2.4767,=3.3716,=0.0141,=0.0208,=0.0131,=0.0192,=0.0262,=0.0300,=0.0338,=0.0245,=0.1011,=0.0224,=105
="930662",CS现代农,2015-07-13,=0,=868.1800,=-0.1894,=41.7061,=0.7035,=13.0417,=20.5620,=28.5412,=61.5305,=301.1137,=2.1494,=0.0568,=1.8555,=2.5186,=2.8366,=3.1426,=4.3308,=0.9485,=0.0884,=0.8273,=1.0197,=1.1657,=1.5507,=2.1026,=0.0256,=0.9571,=0.0046,=0.0098,=0.0128,=0.0164,=0.0291,=-0.0091,=0.0850,=0.0345,=51
="399667",创业成长,2013-01-07,=0.0345,=7287.2100,=0.3185,=41.8738,=0.6487,=21.3636,=29.5830,=38.5910,=51.7989,=90.9628,=7.7807,=0.8157,=2.9224,=4.0916,=4.8759,=7.5385,=10.8589,=6.0604,=0.7340,=2.4713,=3.4035,=4.6724,=6.8119,=10.3001,=0.0081,=0.6668,=0.0027,=0.0042,=0.0062,=0.0096,=0.0182,=0.0481,=0.1635,=0.0355,=91
="930965",HKC医药C,2017-06-23,=0.0056,=3155.8100,=-0.0262,=42.0113,=0.5777,=18.1989,=25.7395,=33.0456,=72.2595,=6384.2329,=2.5718,=0.4489,=1.4216,=1.9463,=2.6954,=3.6949,=6.9841,=1.4938,=0.6733,=0.7160,=1.0309,=1.3274,=1.7256,=3.7092,=0.0108,=0.4744,=0.0038,=0.0078,=0.0109,=0.0143,=0.0248,,=0.0645,,=156
="399673",创业板50,2014-06-18,=0.0371,=4099.0200,=0.2091,=42.3884,=0.4965,=20.6075,=30.6784,=42.4803,=57.2675,=106.7499,=7.7027,=0.8111,=3.1473,=4.3234,=5.2416,=7.5508,=11.7288,=5.7332,=0.5831,=2.6907,=4.1383,=5.4999,=7.7414,=13.3154,=0.0081,=0.7439,=0.0021,=0.0036,=0.0049,=0.0094,=0.0190,=0.0447,=0.1569,=0.0355,=5538
="399364",消费100,2009-08-03,=0.0342,=13830.9300,=0.2813,=42.5856,=0.9794,=15.8540,=22.5272,=26.6947,=34.3187,=49.3766,=5.7849,=0.9101,=2.6561,=3.2996,=3.7663,=4.7387,=7.3266,=2.8965,=0.8388,=1.3127,=1.6628,=1.9119,=2.5062,=4.2956,=0.0112,=0.1739,=0.0070,=0.0116,=0.0161,=0.0191,=0.0241,=0.0306,=0.1191,=0.0345,=314
="399293",创业大盘,2019-04-18,=0.0385,=7770.8600,=0.1991,=42.8969,=0.5390,=20.6573,=29.4996,=41.3842,=54.3084,=71.9327,=7.7493,=0.6917,=3.4452,=4.7167,=6.2559,=9.2099,=13.4901,=5.4617,=0.4114,=2.8408,=4.0061,=5.6723,=9.8984,=14.8309,=0.0085,=0.6224,=0.0029,=0.0046,=0.0072,=0.0121,=0.0196,=0.0411,=0.1554,=0.0377,=179
="399959",军工指数,2011-08-30,=-0.0129,=1499.7700,=-0.1739,=42.9127,=0.0742,=34.5950,=50.6230,=60.5535,=72.8494,=164.3862,=2.6825,=0.2057,=2.0269,=2.6530,=3.2554,=4.0276,=5.9912,=2.3775,=0.0363,=2.1044,=2.6919,=3.3038,=3.8858,=5.2606,=0.0074,=0.8809,=0.0021,=0.0029,=0.0038,=0.0066,=0.0095,=0.0143,=0.0591,=0.0108,=6
="399363",云科技,2009-08-03,=0.0406,=15182.6300,=0.6250,=43.0820,=0.5868,=25.0041,=36.0760,=41.7023,=49.0713,=74.9161,=4.8538,=0.6033,=3.0187,=3.9521,=4.6682,=5.5540,=10.4646,=3.3248,=0.6210,=1.6015,=2.2265,=3.0703,=3.7287,=4.5243,=0.0128,=0.9398,=0.0046,=0.0054,=0.0069,=0.0102,=0.0159,=0.0491,=0.1469,=0.0254,=285
="HSIDI",恒生创新药指数,2023-01-01,=0.0022,=2530.8400,=-0.0605,=43.6521,=0.1769,=21.3081,=45.1515,=54.5000,=106.3295,=157.2991,=3.4332,=0.7434,=1.7148,=2.1342,=2.6808,=3.9457,=5.1867,=3.0561,=0.7283,=1.5892,=1.8315,=2.3271,=3.4079,=4.4669,=0.0087,=0.2462,=0.0053,=0.0079,=0.0124,=0.0144,=0.0173,,=0.1004,,=241
="HSSCID",恒生港股通创新药指数,2023-07-01,=0.0004,=2935.8300,=-0.0718,=43.6521,=0.4704,=20.9262,=38.8698,=44.1375,=61.0817,=216.1774,=3.4332,=0.7089,=1.6870,=2.0167,=2.5840,=4.0841,=5.1867,=3.0561,=0.6941,=1.6002,=1.8796,=2.4409,=3.5465,=4.4669,=0.0087,=0.2884,=0.0053,=0.0075,=0.0123,=0.0152,=0.0187,,=0.1004,,=113
="931590",500成长创新,2020-11-09,=0.0199,=30539.1200,=0.1245,=43.6787,=0.9882,=14.5054,=17.7729,=20.2195,=27.2005,=46.8480,=5.0432,=0.9889,=1.6442,=2.3233,=2.6565,=3.2920,=5.3919,=5.1876,=0.9882,=1.3106,=1.9777,=2.2806,=2.6965,=5.5640,=0.0079,=0.0118,=0.0074,=0.0129,=0.0171,=0.0210,=0.0252,=0.0292,=0.1277,=0.0317,=89
="931718",高端造质量成长50,2021-08-25,=0.0388,=3824.3600,=0.3234,=44.3017,=0.9661,=16.3078,=22.1064,=28.8751,=36.7330,=49.4696,=7.7486,=0.9814,=3.1255,=3.9299,=4.8334,=5.9681,=8.5001,=5.1534,=0.9831,=1.7207,=2.2461,=2.9651,=3.7564,=5.6653,=0.0082,=0.3229,=0.0046,=0.0066,=0.0110,=0.0151,=0.0205,=0.0328,=0.1450,=0.0326,=29
="931159",创新100,2019-05-16,=0.0155,=4471.4500,=0.3148,=44.3708,=0.7375,=24.8309,=32.2938,=36.1975,=46.4150,=59.7307,=6.1429,=0.8946,=2.9189,=3.6931,=4.3784,=5.5577,=7.4325,=5.0942,=0.8463,=2.3351,=3.1642,=3.7916,=4.8753,=6.6085,=0.0085,=0.4680,=0.0044,=0.0062,=0.0088,=0.0127,=0.0177,=0.0278,=0.1244,=0.0278,=228
="930986",金融科技,2017-06-22,=-0.0047,=2130.0700,=-0.3176,=45.0735,=0.2478,=32.2484,=43.0654,=55.4612,=81.4718,=257.1796,=4.0782,=0.2242,=2.5474,=4.0221,=4.6846,=5.8169,=7.7786,=5.6043,=0.6626,=2.9625,=3.8747,=4.7622,=6.9993,=9.8281,=0.0087,=0.9327,=0.0040,=0.0051,=0.0059,=0.0072,=0.0120,=0.0192,=0.0872,=0.0151,=256
="931409",SHS创新药,2020-02-20,=0.0200,=2181.3400,=0.0344,=45.2987,=0.6865,=24.9819,=34.6076,=39.5997,=59.2222,=94.9889,=4.4332,=0.5776,=2.3431,=3.2760,=4.1203,=6.3783,=8.9149,=6.5892,=0.8071,=2.2896,=3.1936,=4.0430,=6.5388,=8.2645,=0.0087,=0.5343,=0.0036,=0.0052,=0.0084,=0.0114,=0.0166,,=0.0994,,=310
="399315",巨潮中盘,2005-02-03,=0.0180,=5392.9500,=0.1331,=45.7494,=0.9839,=14.3715,=18.4227,=22.9154,=29.8424,=49.3940,=2.8148,=0.9773,=1.5252,=1.8923,=2.1501,=2.5864,=3.0245,=2.1833,=0.9922,=0.8408,=1.2254,=1.4278,=1.6511,=2.3572,=0.0115,=0.1996,=0.0082,=0.0115,=0.0158,=0.0221,=0.0288,=0.0239,=0.0707,=0.0202,=20
="987018",港股通创新药,2021-11-18,,,=-0.0499,=45.8883,=0.4267,=22.9379,=35.7313,=49.9291,=95.7784,=537.2167,=3.7503,=0.6918,=1.6768,=2.3080,=3.2354,=4.1472,=6.0885,=5.5643,=0.5707,=2.6005,=3.5472,=5.3044,=7.0742,=12.1954,=0.0080,=0.6023,=0.0023,=0.0056,=0.0072,=0.0142,=0.0182,,=0.0844,,=321
="399285",物联网50,2020-02-18,=0.0254,=8653.5000,=0.3699,=46.0114,=0.9681,=21.8675,=26.4133,=31.5956,=38.4767,=48.9860,=6.5088,=0.9946,=2.6765,=3.4122,=4.0206,=5.3120,=6.9158,=4.1311,=0.9925,=1.7407,=2.0209,=2.4274,=3.1228,=4.3982,=0.0099,=0.2553,=0.0076,=0.0096,=0.0122,=0.0148,=0.0214,=0.0353,=0.1364,=0.0304,=93
="899050",北证50,2022-11-21,=0.0225,=1152.5600,=-0.1999,=46.1847,=0.5283,=15.5447,=18.4090,=31.8845,=63.2195,=91.3357,=4.0425,=0.5635,=2.0170,=2.4314,=2.9892,=4.9738,=5.6723,=3.4254,=0.5658,=1.3969,=1.7095,=2.1031,=4.2562,=5.1557,=0.0091,=0.4150,=0.0062,=0.0076,=0.0116,=0.0147,=0.0185,=0.0174,=0.0675,=-0.0021,=763
="1000003",深圳A股,1994-01-01,=0.0226,=2626.1500,=0.0376,=47.5607,=0.8107,=20.1337,=32.6807,=37.4310,=46.9703,=60.3260,=2.9171,=0.6194,=1.7026,=2.2996,=2.6855,=3.2261,=3.9075,=2.1043,=0.6058,=1.2021,=1.6469,=1.9189,=2.3794,=3.2015,=0.0120,=0.5538,=0.0070,=0.0091,=0.0117,=0.0136,=0.0208,=0.0203,=0.0553,=0.0180,=1827
="000852",中证1000,2014-10-17,=0.0176,=7925.1200,=0.0434,=47.6351,=0.7864,=18.9344,=30.9274,=37.8109,=48.0571,=81.5265,=2.5379,=0.5674,=1.4880,=2.1060,=2.4394,=2.9186,=4.2496,=1.7954,=0.7262,=0.9250,=1.3827,=1.5867,=1.9405,=3.5356,=0.0104,=0.4738,=0.0038,=0.0081,=0.0106,=0.0125,=0.0194,=0.0158,=0.0499,=0.0155,=7382
="399803",工业4.0,2015-02-13,=0.0124,=6897.7200,=0.2823,=47.6574,=0.8008,=19.7294,=27.9595,=36.1500,=47.6050,=61.8732,=5.5420,=0.7794,=2.6645,=3.4308,=4.3466,=5.6549,=8.0266,=2.6684,=0.5596,=1.5023,=2.0108,=2.5353,=3.2379,=4.8981,=0.0084,=0.4689,=0.0032,=0.0061,=0.0087,=0.0123,=0.0202,=0.0258,=0.1072,=0.0218,=485
="930651",CS计算机,2015-06-05,=-0.0171,=7833.7300,=0.0103,=48.0545,=0.3060,=33.6687,=44.3942,=56.4718,=67.1095,=115.0591,=4.9571,=0.7241,=2.6283,=3.7942,=4.3706,=5.1111,=6.5144,=3.0060,=0.2656,=2.0877,=2.9117,=3.6164,=4.2872,=5.6880,=0.0094,=0.8643,=0.0027,=0.0059,=0.0070,=0.0090,=0.0156,=0.0244,=0.0892,=0.0073,=653
="931447",科技先锋,2020-04-21,=0.0237,=3564.2100,=0.1550,=48.4844,=0.8032,=19.0346,=27.3336,=37.0283,=48.1747,=82.3567,=5.9743,=0.7144,=2.7045,=3.4081,=4.3404,=6.7162,=10.6025,=3.2345,=0.7025,=1.4804,=1.9124,=2.4318,=3.7133,=7.0848,=0.0083,=0.3446,=0.0033,=0.0055,=0.0097,=0.0136,=0.0196,=0.0256,=0.0990,=0.0202,=19
="399006",创业板指,2010-06-01,=0.0343,=3851.1400,=0.2023,=48.7279,=0.6594,=22.8885,=32.3387,=42.0386,=55.4495,=79.6826,=6.7809,=0.8161,=3.0035,=4.0151,=4.8501,=6.5641,=9.5804,=4.8116,=0.5633,=2.3312,=3.4103,=4.5405,=6.3863,=8.4805,=0.0081,=0.7245,=0.0032,=0.0048,=0.0063,=0.0098,=0.0180,=0.0369,=0.1330,=0.0313,=16618
="000998",中证TMT,2011-11-08,=0.0063,=4049.1200,=0.3770,=49.0411,=0.9518,=18.9989,=27.6163,=34.6442,=43.6660,=58.6698,=5.2295,=0.9946,=1.9674,=2.4618,=3.2922,=3.9960,=5.6742,=3.6835,=0.9955,=1.2505,=1.8092,=2.1803,=2.6261,=3.9991,=0.0102,=0.5522,=0.0048,=0.0067,=0.0090,=0.0185,=0.0284,=0.0233,=0.0900,=0.0196,=557
="399296",创成长,2019-01-23,=0.0564,=9102,=0.4604,=49.4415,=0.6501,=22.4911,=30.8858,=43.7347,=64.0157,=104.6935,=10.5464,=0.7922,=3.9463,=4.9320,=7.0016,=10.7268,=14.9802,=6.5696,=0.6329,=2.5417,=3.4630,=5.8520,=11.9371,=17.3385,=0.0064,=0.5240,=0.0016,=0.0027,=0.0061,=0.0106,=0.0200,=0.0584,=0.2040,=0.0396,=1072
="931152",CS创新药,2019-04-22,=0.0331,=1975.0200,=0.0427,=49.7230,=0.7123,=27.6044,=36.7409,=43.2475,=53.1156,=74.6844,=4.2256,=0.5120,=2.5551,=3.3424,=4.1818,=5.9474,=8.7449,=5.9771,=0.8533,=2.2436,=2.9144,=3.4131,=5.6549,=9.4897,=0.0096,=0.6632,=0.0040,=0.0058,=0.0086,=0.0105,=0.0150,=0.0271,=0.0786,=0.0224,=1912
="980015",疫苗生科,2015-02-16,=0.0257,=5733.4400,=-0.0879,=50.6210,=0.7261,=24.1714,=31.1811,=42.7342,=53.6024,=80.8207,=3.7978,=0.3316,=2.9980,=3.5728,=4.1210,=6.5936,=11.0606,=6.6183,=0.5463,=4.5746,=5.4877,=6.3731,=9.0373,=15.0694,=0.0101,=0.5270,=0.0026,=0.0054,=0.0099,=0.0133,=0.0175,=0.0223,=0.0693,=0.0219,=72
="399291",创精选88,2019-11-06,=0.0095,=5155.0300,=0.1283,=51.4049,=0.3970,=32.8940,=42.1925,=54.3630,=65.2816,=106.4385,=3.4400,=0.5264,=1.8895,=2.8592,=3.4075,=3.9310,=4.9331,=3.7469,=0.6872,=1.9655,=2.6272,=3.1098,=4.2917,=5.5728,=0.0091,=0.7921,=0.0042,=0.0051,=0.0072,=0.0092,=0.0134,=0.0173,=0.0556,=0.0131,=38
="930606",中证钢铁,2015-03-31,=0.0211,=887.2700,=-0.2384,=51.6603,=0.7369,=5.9346,=9.2015,=19.0117,=63.7112,=77593.1899,=0.9291,=0.2272,=0.7076,=0.9197,=1.0555,=1.3493,=2.0450,=0.4408,=0.4647,=0.2931,=0.3819,=0.4540,=0.6099,=1.2948,=0.0254,=0.4911,=0.0018,=0.0162,=0.0255,=0.0409,=0.0542,=0.0020,=0.0221,=0.0071,=769
="931480",线上消费,2020-05-06,=-0.0212,=676.9800,=-0.1951,=51.8322,=0.3338,=33.5813,=47.7762,=66.0859,=96.4647,=132.5169,=2.8645,=0.3731,=1.9483,=2.5135,=3.0918,=3.6976,=5.0305,=2.8833,=0.7941,=1.1811,=1.5062,=1.8255,=2.9039,=4.8094,=0.0103,=0.8601,=0.0051,=0.0066,=0.0085,=0.0098,=0.0133,=0.0131,=0.0458,=0.0190,=72
="931785",智选沪深港科技50,2025-06-27,=0.0215,=3008.2900,=0.2614,=51.8502,=0.9544,=31.7791,=35.1532,=37.1347,=39.9414,=55.2390,=5.8068,=0.9316,=3.8679,=4.3816,=4.8089,=5.4416,=6.1942,=3.8157,=0.9544,=2.2695,=2.6142,=2.9826,=3.4723,=4.0650,=0.0049,=0.0456,=0.0046,=0.0073,=0.0080,=0.0091,=0.0100,,,,=10
="399624",中创400,2011-08-15,=0.0143,=2795.1600,=0.0872,=51.9384,=0.8491,=22.4097,=32.9060,=40.4838,=48.7013,=82.4491,=3.2090,=0.6619,=1.6720,=2.4135,=2.8490,=3.4125,=5.3313,=2.5772,=0.7274,=1.2865,=1.8978,=2.2295,=2.7005,=4.6166,=0.0094,=0.4887,=0.0036,=0.0072,=0.0095,=0.0111,=0.0184,=0.0199,=0.0651,=0.0174,=228
="930599",中证高装,2015-03-02,=0.0282,=10920.8500,=0.2957,=52.2127,=0.8961,=19.5438,=27.7467,=34.6585,=45.5330,=65.7817,=5.0749,=0.9926,=1.8509,=2.5592,=3.1126,=3.7004,=5.5770,=2.8666,=0.9913,=1.2322,=1.6106,=1.9489,=2.4252,=3.1551,=0.0076,=0.3423,=0.0049,=0.0067,=0.0092,=0.0120,=0.0171,=0.0227,=0.0865,=0.0192,=118
="399012",创业300,2013-01-07,=0.0294,=5230.8600,=0.1594,=52.2614,=0.6025,=26.6250,=38.0630,=47.6422,=64.8914,=93.5585,=5.6766,=0.8000,=2.5798,=3.6214,=4.3426,=5.6766,=7.5462,=4.4151,=0.5373,=2.2146,=3.3208,=4.2732,=6.0117,=8.5090,=0.0080,=0.7311,=0.0033,=0.0045,=0.0061,=0.0090,=0.0164,=0.0308,=0.1020,=0.0249,=2
="399303",国证2000,2014-03-28,=0.0156,=10204.3000,=0.0250,=53.4034,=0.8000,=23.3937,=36.3012,=42.0166,=53.4034,=96.4362,=2.5717,=0.6961,=1.4941,=2.0787,=2.2975,=2.7582,=4.0793,=1.9614,=0.7497,=1.0643,=1.3926,=1.5530,=2.1150,=3.4322,=0.0099,=0.3695,=0.0040,=0.0085,=0.0104,=0.0118,=0.0187,=0.0140,=0.0453,=0.0143,=720
="930820",CS高端制,2016-05-11,=0.0268,=10614.3600,=0.2537,=53.4910,=0.9905,=21.5994,=28.9923,=36.5742,=43.1661,=58.8118,=4.7729,=0.9868,=2.0597,=2.7148,=3.1883,=3.8839,=5.2414,=3.0560,=0.9918,=1.1980,=1.7166,=2.0514,=2.4838,=3.3599,=0.0076,=0.1588,=0.0055,=0.0081,=0.0098,=0.0124,=0.0171,=0.0220,=0.0816,=0.0186,=312
="931380",科技50,2019-11-25,=0.0204,=4533.4800,=0.4348,=53.8550,=0.6814,=22.4426,=31.2308,=46.0784,=56.6646,=71.9143,=6.9259,=0.7430,=2.7627,=3.8726,=5.4542,=7.3648,=9.9144,=6.0040,=0.8718,=2.1802,=3.0601,=4.1191,=5.6552,=7.7525,=0.0077,=0.5370,=0.0035,=0.0050,=0.0076,=0.0104,=0.0163,=0.0253,=0.0951,=0.0118,=947
="930821",中证VR,2016-05-11,=0.0235,=3721.7100,=0.1655,=54.2414,=0.7661,=17.6816,=31.8144,=43.1725,=56.2229,=175.0572,=3.8814,=0.7628,=1.7358,=2.3359,=2.8732,=4.0826,=5.0269,=2.2084,=0.6298,=1.1117,=1.4759,=1.9147,=2.8844,=3.7313,=0.0069,=0.1270,=0.0056,=0.0074,=0.0091,=0.0117,=0.0177,=0.0113,=0.0443,=0.0138,=146
="000958",创业成长,2010-03-24,=0.0472,=2103.5400,=0.3124,=54.2639,=0.9934,=11.9506,=17.5032,=24.3293,=30.6864,=61.3903,=12.9189,=0.9938,=2.6815,=3.7899,=5.1668,=6.3626,=14.5711,=6.8471,=0.9938,=1.2937,=1.9105,=2.5442,=3.9715,=7.7463,=0.0048,=0.0272,=0.0040,=0.0067,=0.0090,=0.0140,=0.0209,=0.0493,=0.2198,=0.0640,=666
="399610",TMT50,2010-11-08,=0.0369,=13676.6100,=0.4273,=54.7329,=0.9600,=21.0331,=30.1605,=38.0622,=46.4590,=64.7172,=7.7739,=0.9946,=2.4071,=3.2240,=4.0363,=5.1621,=8.4969,=4.1013,=0.9307,=1.5843,=2.0120,=2.7280,=3.7049,=4.9386,=0.0058,=0.1386,=0.0046,=0.0061,=0.0080,=0.0121,=0.0161,=0.0296,=0.1080,=0.0206,=522
="399441",生物医药,2015-01-20,=0.0368,=2133.4600,=-0.0058,=55.8111,=0.7278,=21.8350,=32.3563,=47.7085,=64.1545,=119.0737,=3.4066,=0.2103,=2.3073,=3.3312,=6.3295,=7.8152,=13.6606,=6.5275,=0.2685,=3.6424,=5.8657,=9.3873,=13.9733,=21.5399,=0.0104,=0.7773,=0.0024,=0.0040,=0.0063,=0.0108,=0.0164,=0.0194,=0.0565,=0.0192,=1680
="399970",移动互联,2014-05-05,=0.0121,=5492.3200,=0.2312,=55.8460,=0.9456,=21.2604,=32.0602,=40.2094,=49.4546,=64.0807,=5.7666,=0.8091,=2.3944,=3.2977,=4.0649,=5.7108,=7.9573,=3.2185,=0.7827,=1.5790,=2.0679,=2.5539,=3.2828,=4.6665,=0.0067,=0.3245,=0.0043,=0.0057,=0.0082,=0.0107,=0.0143,=0.0246,=0.0808,=0.0175,=468
="931066",军工龙头,2018-02-05,=-0.0251,=2742.3000,=-0.2062,=56.0308,=0.8228,=29.1719,=35.0039,=42.8748,=52.7578,=100.5281,=3.0510,=0.1400,=2.2914,=3.1492,=3.6810,=4.6104,=6.9932,=2.7170,=0.1468,=2.1745,=2.8230,=3.4440,=4.1870,=5.8746,=0.0060,=0.0920,=0.0050,=0.0064,=0.0077,=0.0093,=0.0116,=0.0067,=0.0495,=0.0098,=1069
="980030",消费电子,2015-02-17,=0.0384,=10634.5400,=0.4637,=57.1073,=0.9593,=18.6467,=31.6580,=38.9242,=47.6314,=65.6114,=5.4961,=0.9800,=2.0026,=2.5943,=3.0102,=4.2300,=6.3059,=2.7281,=0.9090,=1.1413,=1.3970,=1.5785,=2.3628,=3.4515,=0.0055,=0.0674,=0.0040,=0.0067,=0.0083,=0.0111,=0.0143,=0.0190,=0.0648,=0.0154,=387
="930726",CS生医,2015-08-05,=0.0238,=2468.0900,=0.0106,=57.1906,=0.7233,=24.4874,=31.9329,=48.5520,=62.1160,=107.1179,=4.6370,=0.2540,=3.1768,=4.4038,=6.8399,=8.5259,=14.2976,=8.2183,=0.3740,=4.8871,=6.8186,=9.8536,=12.5690,=19.9452,=0.0082,=0.5839,=0.0026,=0.0038,=0.0058,=0.0114,=0.0204,=0.0287,=0.0766,=0.0261,=835
="930743",中证生科,2015-08-26,=0.0248,=3201.6800,=-0.0277,=57.4122,=0.7559,=24.0733,=39.5208,=50.0745,=59.8284,=100.3520,=3.8906,=0.2124,=2.9526,=3.8516,=6.1438,=8.0612,=14.6705,=6.7818,=0.3134,=4.7455,=6.2659,=8.7023,=12.4379,=18.8359,=0.0088,=0.6581,=0.0025,=0.0045,=0.0060,=0.0106,=0.0169,=0.0226,=0.0618,=0.0204,=1221
="980022",机器人产业,2015-02-25,=-0.0011,=2441.0900,=-0.0801,=59.4734,=0.8141,=13.7974,=16.6442,=20.3089,=45.5849,=93.9438,=4.8599,=0.8115,=2.5198,=3.0586,=3.6313,=4.8090,=6.2730,=4.0846,=0.8128,=1.0172,=1.2349,=1.4282,=3.9347,=5.9220,=0.0055,=0.1891,=0.0039,=0.0080,=0.0206,=0.0296,=0.0381,=0.0186,=0.0892,=0.0245,=319
="950580",上证580,2025-06-16,=0.0178,=2210.6200,=0.1272,=59.5691,=0.0992,=53.7890,=63.1480,=68.0644,=71.5479,=79.6458,=2.4735,=0.5840,=1.8567,=2.2527,=2.3503,=2.6377,=2.8840,=1.8729,=0.3588,=1.5076,=1.7767,=1.9113,=1.9909,=2.1496,=0.0092,=0.4695,=0.0076,=0.0084,=0.0094,=0.0098,=0.0116,=0.0127,=0.0354,,=1
="H30535",互联网,2015-01-12,=0.0187,=6387.6100,=0.3173,=59.7511,=0.9806,=14.4753,=20.9476,=35.8714,=48.3986,=67.6316,=8.0272,=0.9938,=1.7453,=2.4475,=3.2510,=4.0465,=9.0569,=4.6503,=0.9926,=1.1519,=1.6628,=1.9865,=2.8592,=5.2637,=0.0055,=0.0111,=0.0048,=0.0075,=0.0108,=0.0121,=0.0190,=0.0359,=0.1165,=0.0168,=26
="931165",新兴科技100,2019-04-25,=0.0186,=10992.9600,=0.2918,=60.4941,=0.9914,=17.0055,=23.3849,=29.5787,=39.7098,=67.3989,=12.2352,=0.9914,=3.5721,=4.3367,=5.3801,=7.5947,=13.6689,=11.1439,=0.9914,=3.0368,=3.6504,=4.8489,=6.3418,=12.4159,=0.0053,=0.0126,=0.0047,=0.0069,=0.0092,=0.0150,=0.0264,=0.0515,=0.1919,=0.0378,=520
="399973",中证国防,2014-04-15,=-0.0119,=1560.1200,=-0.1612,=60.8501,=0.6252,=28.8580,=43.6048,=54.2028,=72.2067,=112.3120,=3.3164,=0.3501,=2.3880,=3.0104,=3.5738,=4.8886,=7.7047,=3.0076,=0.3142,=1.9566,=2.7338,=3.8627,=4.5575,=7.1179,=0.0059,=0.7200,=0.0024,=0.0035,=0.0046,=0.0064,=0.0100,=0.0086,=0.0535,=0.0095,=634
="399994",信息安全,2015-03-12,=-0.0211,=1644.5200,=-0.0979,=61.2143,=0.4066,=35.0629,=52.8789,=67.0359,=85.7906,=183.5630,=3.5625,=0.3188,=2.3256,=3.3603,=3.8680,=4.5097,=6.2767,=2.6641,=0.0887,=2.1829,=2.8732,=3.2541,=3.8235,=5.1182,=0.0117,=0.9278,=0.0023,=0.0036,=0.0057,=0.0095,=0.0172,=0.0078,=0.0539,=0.0040,=86
="931009",建筑材料,2013-07-15,=0.0076,=4976.7500,=-0.2074,=61.3630,=0.9687,=8.0662,=10.4018,=14.7325,=25.1746,=95.7816,=0.8132,=0.0104,=0.7557,=1.0135,=1.5059,=1.9932,=2.4800,=0.8924,=0.1160,=0.6904,=0.9589,=1.1613,=1.5173,=2.1670,=0.0294,=0.7141,=0.0085,=0.0227,=0.0260,=0.0309,=0.0487,=-0.0025,=0.0109,=-0.0006,=745
="H30590",机器人,2015-02-10,=0.0065,=1969.7600,=0.0323,=61.4520,=0.7398,=24.1742,=42.0198,=50.8648,=63.3120,=89.9138,=4.8805,=0.9043,=2.1765,=2.8831,=3.6950,=4.4199,=6.0751,=4.7883,=0.9311,=1.6011,=2.4247,=3.4042,=4.3037,=5.6179,=0.0065,=0.4206,=0.0045,=0.0055,=0.0069,=0.0079,=0.0128,=0.0149,=0.0720,=0.0144,=899
="399368",国证军工,2009-11-04,=-0.0271,=7288.2600,=-0.1448,=62.2794,=0.4569,=38.1822,=54.2867,=63.7410,=78.1336,=107.0849,=3.0659,=0.5126,=2.0244,=2.5859,=3.0404,=3.5513,=4.3940,=2.9560,=0.4054,=1.8459,=2.5701,=3.1943,=3.6960,=4.8014,=0.0056,=0.7996,=0.0025,=0.0032,=0.0044,=0.0056,=0.0080,=0.0129,=0.0477,=0.0081,=13
="931079",5G通信,2019-04-25,=0.0562,=3124.6400,=0.6208,=63.3153,=0.9868,=21.0709,=27.6018,=33.5623,=44.2677,=103.6981,=9.0905,=0.9897,=2.3623,=3.0397,=3.6112,=5.2803,=10.5199,=3.6529,=0.9886,=1.1916,=1.4894,=1.8758,=2.3353,=4.2354,=0.0052,=0.1492,=0.0036,=0.0056,=0.0083,=0.0121,=0.0152,=0.0389,=0.1398,=0.0276,=2278
="930707",中证畜牧,2015-07-13,=0.0012,=1820.2700,=-0.1754,=63.4234,=0.7344,=11.3375,=17.7937,=26.8852,=113.3570,=237.1331,=2.2130,=0.0107,=1.9910,=2.6788,=3.2982,=4.2202,=5.8838,=0.9139,=0.0458,=0.8185,=1.0344,=1.4243,=2.0865,=2.9452,=0.0257,=0.9262,=0.0033,=0.0095,=0.0142,=0.0210,=0.0303,=-0.0138,=0.0829,=0.0347,=1204
="931160",通信设备,2013-07-15,=0.0523,=23568.9600,=0.5245,=64.2348,=0.8792,=19.3231,=27.7990,=36.6958,=54.6149,=91.1971,=10.2303,=0.9897,=2.1520,=2.8712,=3.4260,=3.9732,=12.1269,=3.6678,=0.9897,=0.9706,=1.2833,=1.5072,=2.4398,=4.3558,=0.0057,=0.2371,=0.0028,=0.0050,=0.0077,=0.0150,=0.0221,=0.0428,=0.1280,=0.0276,=1272
="399967",中证军工,2013-12-26,=-0.0256,=11794.4000,=-0.1582,=64.2868,=0.4858,=41.8350,=54.9002,=65.1542,=97.1156,=167.3198,=3.3617,=0.6186,=2.0425,=2.6005,=3.1809,=3.8279,=4.8699,=3.1044,=0.4895,=2.0545,=2.7207,=3.1211,=4.0104,=5.8225,=0.0052,=0.7658,=0.0021,=0.0030,=0.0039,=0.0054,=0.0081,=0.0129,=0.0501,=0.0096,=5949
="931696",科技50策略,2021-07-12,=0.0337,=29818.6700,=0.4803,=64.4737,=0.9909,=23.0047,=27.8179,=33.8551,=45.5942,=71.4621,=10.1579,=0.9901,=3.0567,=3.9165,=4.4642,=7.0847,=11.2899,=5.7674,=0.9695,=1.9010,=2.3642,=2.6721,=4.1727,=6.7093,=0.0046,=0.0091,=0.0042,=0.0065,=0.0098,=0.0122,=0.0167,=0.0396,=0.1271,=0.0285,=13
="930967",港股通信息C,2017-06-23,=0.0119,=5253.1600,=0.1378,=64.8840,=0.9763,=9.7009,=25.8322,=34.9409,=45.0092,=82.6684,=4.2606,=0.5374,=1.0827,=1.5081,=3.7811,=5.9267,=9.2789,=1.8547,=0.4957,=0.3926,=0.6331,=2.0939,=4.4025,=6.3504,=0.0042,=0.0966,=0.0029,=0.0047,=0.0058,=0.0110,=0.0212,,=0.0915,,=7
="930633",中证旅游,2015-05-08,=0.0098,=2187.3800,=-0.3411,=66.3959,=0.3938,=15.8968,=21.9016,=1951.1042,=-51.0196,=11171.4579,=1.9162,=0.0647,=1.6473,=2.1621,=2.3610,=2.8097,=3.6934,=1.0161,=0.0008,=1.0072,=1.3235,=1.6080,=2.5762,=3.7607,=0.0097,=0.8309,=0.0014,=0.0038,=0.0081,=0.0094,=0.0147,=0.0208,=-0.0128,=-0.0016,=613
="000915",300信息,2007-07-02,=0.0270,=4712.6900,=0.4498,=68.4150,=0.9951,=20.6178,=34.5626,=39.7718,=47.8909,=75.5831,=8.2095,=0.9942,=2.7398,=3.5399,=4.3483,=5.3968,=9.0762,=4.0682,=0.7926,=1.6744,=2.1697,=3.2147,=4.0871,=4.9963,=0.0055,=0.0247,=0.0049,=0.0061,=0.0077,=0.0100,=0.0144,=0.0247,=0.0971,=0.0166,=19
="930875",空天军工,2016-08-17,=-0.0213,=2076.4900,=-0.1418,=68.9170,=0.6995,=27.3832,=45.4863,=55.5643,=73.6340,=98.7933,=3.7811,=0.5512,=2.4052,=3.1563,=3.6260,=4.9396,=7.9650,=3.3922,=0.4265,=2.1274,=2.8916,=3.7014,=4.5229,=7.7673,=0.0053,=0.6509,=0.0022,=0.0032,=0.0040,=0.0069,=0.0106,=0.0090,=0.0567,=0.0104,=102
="931461",电子50,2009-07-22,=0.0298,=9115.4400,=0.5463,=68.9736,=0.9951,=20.3357,=30.2775,=36.3459,=48.1748,=76.5790,=8.3568,=0.9946,=2.5323,=3.1789,=3.6917,=5.2856,=9.2899,=4.0712,=0.9806,=1.1588,=1.7975,=2.0630,=3.1097,=4.5428,=0.0051,=0.0177,=0.0046,=0.0067,=0.0091,=0.0111,=0.0147,=0.0239,=0.0884,=0.0169,=440
="930910",农牧渔,2016-12-12,=0.0023,=8035.4800,=-0.1942,=69.1505,=0.7229,=13.2246,=20.8780,=29.7997,=96.5154,=30031.8592,=2.1198,=0.0108,=1.9495,=2.4898,=2.9543,=3.6412,=4.9084,=0.9472,=0.0259,=0.8679,=1.0710,=1.4815,=2.0546,=2.7290,=0.0232,=0.9555,=0.0042,=0.0097,=0.0137,=0.0172,=0.0261,=-0.0088,=0.0664,=0.0304,=17
="930713",CS人工智,2015-07-31,=0.0175,=7186.4200,=0.3606,=69.3501,=0.9171,=24.8131,=43.8200,=53.2725,=62.6651,=90.1869,=9.7704,=0.9959,=2.8384,=3.9100,=4.7027,=5.4124,=10.4087,=5.7715,=0.9847,=2.3148,=3.1674,=3.7880,=4.3096,=6.3979,=0.0048,=0.1229,=0.0040,=0.0050,=0.0061,=0.0078,=0.0120,=0.0330,=0.1245,=0.0172,=1049
="931845",生猪产业,2012-04-11,=-0.0048,=1069.3100,=-0.1859,=69.5404,=0.7802,=12.7881,=21.1629,=29.0076,=101.0404,=705.7713,=2.4749,=0.0103,=2.2394,=2.8859,=3.4704,=4.1398,=5.7536,=0.9194,=0.0252,=0.8323,=1.0357,=1.6372,=2.1618,=2.8287,=0.0284,=0.9394,=0.0091,=0.0129,=0.0171,=0.0205,=0.0316,=-0.0154,=0.0788,=0.0361,=163
="931494",消费电子,2020-06-12,=0.0370,=7594.4200,=0.4931,=69.8626,=0.9905,=20.2625,=31.8947,=38.5428,=51.2938,=77.9188,=7.1349,=0.9878,=2.1307,=2.8166,=3.5055,=5.0628,=7.9404,=3.5191,=0.9905,=1.3000,=1.6475,=1.9566,=2.6022,=3.9249,=0.0052,=0.1324,=0.0040,=0.0058,=0.0083,=0.0109,=0.0138,=0.0228,=0.0807,=0.0166,=226
="931087",科技龙头,2019-03-20,=0.0291,=8034.2400,=0.5285,=69.8672,=0.9915,=22.2848,=33.6305,=40.5049,=51.9666,=78.0359,=9.9812,=0.9910,=2.8190,=4.2233,=5.2962,=6.5124,=11.1808,=8.7488,=0.9915,=2.0316,=3.3100,=3.9708,=4.9449,=9.7717,=0.0044,=0.0468,=0.0037,=0.0054,=0.0064,=0.0086,=0.0172,=0.0321,=0.1080,=0.0209,=2088
="931866",中证机床,2022-05-09,=0.0327,=2616.2800,=0.4590,=70.5242,=0.9546,=28.6086,=36.9010,=40.5930,=54.6261,=85.2007,=7.5718,=0.9798,=2.8302,=3.7562,=4.3146,=5.0872,=9.1263,=6.1190,=0.9798,=2.4023,=3.1567,=3.4282,=4.2871,=7.3925,=0.0052,=0.0212,=0.0043,=0.0066,=0.0078,=0.0098,=0.0146,=0.0321,=0.1022,=0.0244,=158
="930850",智能制造,2016-07-20,=0.0133,=6769.6000,=0.4142,=70.6514,=0.9936,=23.4329,=32.6467,=41.5460,=50.0993,=78.5602,=6.9480,=0.9936,=2.5370,=3.5108,=4.1476,=5.0624,=7.7199,=4.2054,=0.8409,=1.5919,=2.3526,=2.7750,=3.5636,=5.3954,=0.0056,=0.0507,=0.0050,=0.0062,=0.0078,=0.0101,=0.0146,=0.0208,=0.0857,=0.0160,=362
="980080",成长100,2012-12-28,,,=0.3956,=71.3416,=0.9581,=39.4731,=44.9407,=49.6894,=64.0703,=82.4653,=7.9900,=0.9581,=3.0437,=3.6232,=5.6125,=6.8282,=9.2690,=5.0690,=0.9581,=2.0191,=2.4065,=3.0034,=4.5172,=5.8594,=0.0035,=0.0419,=0.0030,=0.0051,=0.0058,=0.0069,=0.0087,=0.0481,=0.1452,=0.0254,=214
="930790",CS娱乐TI,2016-03-22,=-0.0095,=1081.0500,=-0.2396,=71.4466,=0.6979,=17.3299,=32.7568,=49.4277,=79.7127,=245.3480,=2.2052,=0.2471,=1.6576,=2.1366,=2.5455,=3.1144,=3.8872,=2.4143,=0.0373,=2.2057,=2.7764,=3.2247,=4.0316,=5.0752,=0.0165,=0.8847,=0.0039,=0.0093,=0.0124,=0.0151,=0.0240,=0.0124,=0.0200,=0.0156,=15
="931071",人工智能,2018-11-21,=0.0213,=3172.2800,=0.4003,=72.0678,=0.9826,=30.9003,=39.7423,=48.4907,=56.8955,=77.4016,=10.6327,=0.9847,=2.9559,=3.9037,=4.7477,=5.9209,=11.5305,=6.3361,=0.9302,=2.2000,=2.7993,=3.2013,=4.0922,=9.3591,=0.0045,=0.0087,=0.0041,=0.0054,=0.0064,=0.0086,=0.0135,=0.0409,=0.1450,=0.0239,=1342
="932088",全指航空,2023-03-23,=-0.0291,=706.9700,=-0.1948,=72.2883,=0.6300,=36.9197,=49.0435,=67.0411,=88.2606,=116.5746,=3.3304,=0.4400,=2.3948,=3.0362,=3.3909,=3.8673,=4.9751,=3.0307,=0.2325,=2.2988,=2.9072,=3.5650,=4.0523,=4.9356,=0.0053,=0.2438,=0.0041,=0.0051,=0.0061,=0.0070,=0.0090,=0.0077,=0.0470,=0.0092,=44
="1000007",创业板全指,2010-05-01,=0.0254,=4328.5900,=0.1066,=72.4304,=0.6474,=33.8134,=48.2400,=61.0186,=100.0107,=334.2333,=4.8242,=0.7348,=2.3083,=3.3593,=4.0479,=5.2057,=6.6254,=4.2027,=0.5266,=2.1439,=3.2922,=4.1190,=5.5614,=8.9351,=0.0072,=0.7134,=0.0032,=0.0045,=0.0060,=0.0081,=0.0148,=0.0212,=0.0638,=0.0178,=1921
="399019",创业200,2023-11-15,=0.0108,=4601.7700,=0.0122,=72.7737,=0.3344,=45.1604,=59.8674,=84.3455,=110.5001,=137.0675,=3.4761,=0.6144,=1.8905,=2.4695,=3.2275,=3.8841,=4.5553,=3.3442,=0.7472,=1.7802,=2.3202,=2.8482,=3.4380,=4.2060,=0.0075,=0.4208,=0.0055,=0.0065,=0.0078,=0.0090,=0.0120,=0.0165,=0.0404,=0.0111,=84
="931643",科创创业50,2021-06-01,=0.0275,=2813.0200,=0.4102,=73.6682,=0.9403,=22.6109,=28.6276,=40.1327,=58.0457,=92.9106,=9.3669,=0.8815,=3.3216,=4.1877,=5.1754,=7.1448,=12.1685,=8.6093,=0.8565,=2.7030,=3.4068,=4.6134,=7.4204,=14.6821,=0.0052,=0.3573,=0.0024,=0.0039,=0.0075,=0.0115,=0.0174,=0.0368,=0.1190,=0.0246,=1984
="930652",CS电子,2015-06-05,=0.0255,=15068.6400,=0.5362,=77.5759,=0.9951,=21.2056,=33.8173,=43.2207,=52.1081,=86.1406,=8.3995,=0.9938,=2.2039,=3.1461,=3.6477,=4.7816,=9.3375,=4.5743,=0.9951,=1.4014,=2.0216,=2.2988,=3.0530,=5.0793,=0.0044,=0.0049,=0.0040,=0.0063,=0.0077,=0.0104,=0.0141,=0.0249,=0.0838,=0.0162,=483
="000935",中证信息,2009-07-03,=0.0225,=9357.4400,=0.4580,=78.8977,=0.9946,=22.3783,=36.3294,=44.9593,=54.8221,=87.4284,=8.0427,=0.9946,=2.5910,=3.3282,=4.0442,=4.8058,=8.9117,=4.7280,=0.9946,=1.7187,=2.2023,=2.7264,=3.5199,=5.2392,=0.0047,=0.0054,=0.0042,=0.0059,=0.0072,=0.0094,=0.0127,=0.0237,=0.0833,=0.0137,=1121
="931469",云计算50,2020-06-12,=-0.0105,=4297.4900,=0.1603,=79.4052,=0.7551,=43.1726,=58.4199,=68.6696,=81.9930,=130.8911,=10.8976,=0.9932,=3.0031,=3.8812,=5.1090,=6.2208,=11.7205,=6.0251,=0.9891,=2.2186,=2.8682,=3.5021,=4.2659,=6.4913,=0.0023,=0.0075,=0.0021,=0.0033,=0.0043,=0.0056,=0.0085,=0.0385,=0.1212,=0.0175,=61
="H30318",科技传媒通信150,2014-04-15,=0.0352,=4949.4600,=0.6097,=80.2314,=0.9938,=19.8534,=28.8631,=38.1291,=49.9301,=90.7292,=11.5215,=0.9930,=2.0037,=2.4801,=3.5037,=4.3479,=13.0479,=6.0277,=0.9938,=1.2409,=1.8640,=2.3034,=2.7944,=6.8164,=0.0035,=0.0062,=0.0031,=0.0058,=0.0072,=0.0165,=0.0244,=0.0368,=0.1091,=0.0211,=45
="000993",全指信息,2011-08-02,=0.0230,=12408.7900,=0.4621,=80.5009,=0.9563,=27.3163,=42.0292,=52.3360,=68.0241,=96.2351,=8.0322,=0.9934,=2.5265,=3.2907,=4.0167,=4.7003,=8.9424,=4.8373,=0.9687,=1.8009,=2.3376,=2.8251,=3.4660,=5.4447,=0.0045,=0.0841,=0.0039,=0.0053,=0.0064,=0.0084,=0.0117,=0.0221,=0.0751,=0.0134,=4086
="931582",数字经济,2020-11-09,=0.0081,=2016.6600,=0.3659,=80.9747,=0.9898,=35.0365,=43.9646,=50.2694,=66.3578,=88.8203,=8.9451,=0.9760,=3.4564,=4.9089,=5.6736,=6.6334,=9.8458,=8.2285,=0.8852,=2.4970,=3.9276,=5.8542,=7.6842,=11.8341,=0.0036,=0.0080,=0.0032,=0.0048,=0.0057,=0.0067,=0.0087,=0.0236,=0.0954,=0.0158,=185
="CN5082",国证航天,2015-02-16,,,=-0.2301,=84.1420,=0.6749,=44.4252,=58.7037,=72.9861,=112.3191,=173.9279,=3.4930,=0.5274,=2.1924,=2.8239,=3.3432,=4.3279,=5.7391,=3.3676,=0.5010,=1.9232,=2.5629,=3.3657,=4.0890,=6.0090,=0.0045,=0.7470,=0.0021,=0.0030,=0.0038,=0.0049,=0.0082,=0.0055,=0.0382,=0.0066,=24
="930851",云计算,2016-07-20,=-0.0185,=6626.9400,=0.0222,=85.2597,=0.6909,=37.0632,=53.0093,=67.8732,=96.3842,=313.0672,=9.3024,=0.9953,=2.7148,=3.6060,=4.3013,=5.4188,=9.9453,=6.0240,=0.9953,=1.6839,=2.4276,=3.1262,=3.7577,=6.4649,=0.0024,=0.0193,=0.0021,=0.0031,=0.0037,=0.0050,=0.0080,=0.0301,=0.0896,=0.0112,=464
="970070",创业板人工智能,2024-07-11,=0.0332,=8345.8000,=0.4075,=86.1473,=0.6041,=48.3861,=71.8045,=81.4070,=94.3790,=119.1606,=13.6321,=0.9691,=3.3467,=5.0814,=6.2472,=9.8530,=15.2749,=10.7473,=0.9567,=3.4016,=4.9497,=6.0526,=9.1563,=12.0918,=0.0031,=0.0309,=0.0027,=0.0036,=0.0053,=0.0066,=0.0096,=0.0381,=0.1206,=0.0167,=228
="399993",CSWD生科,2015-05-08,=0.0314,=2506.8900,=-0.0381,=86.3264,=0.9596,=31.0960,=44.1993,=56.6512,=73.7742,=122.8633,=3.6973,=0.2210,=2.5928,=3.6193,=6.0990,=7.5953,=15.2283,=7.3326,=0.3085,=4.8204,=6.7135,=9.1354,=14.1870,=21.1379,=0.0095,=0.7155,=0.0023,=0.0039,=0.0062,=0.0104,=0.0144,=0.0163,=0.0356,=0.0147,=66
="931855",通用航空,2025-04-02,=-0.0359,=956.0200,=-0.2597,=87.4285,=0.0516,=76.1514,=100.1387,=105.2215,=115.8730,=148.2866,=3.6007,=0.0677,=3.2007,=3.9105,=4.1566,=4.6236,=5.9420,=4.2764,=0,=4.2764,=5.4920,=6.2994,=6.9009,=8.0546,=0.0052,=0.2677,=0.0042,=0.0050,=0.0059,=0.0063,=0.0073,=0.0068,=0.0445,,=2
="931521",高装细分50,2020-07-08,=-0.0334,=2656.0400,=-0.2015,=88.6724,=0.7742,=33.8051,=48.5148,=58.4093,=97.7679,=160.3029,=3.7246,=0.3664,=2.5146,=3.4344,=4.1168,=4.9933,=6.8876,=3.7916,=0.1828,=2.7226,=3.8984,=4.4155,=5.0821,=6.7300,=0.0046,=0.2813,=0.0025,=0.0042,=0.0055,=0.0065,=0.0091,=0.0050,=0.0438,=0.0069,=79
="932038",央企科技引领,2022-11-16,=0.0024,=1967.7300,=0.3148,=89.0639,=0.9243,=31.0707,=37.8185,=44.9812,=76.9419,=100.6860,=5.8421,=0.9333,=2.7684,=3.4687,=3.9772,=4.8857,=6.8336,=6.4320,=0.9638,=2.3932,=3.1546,=3.9242,=5.3910,=7.0751,=0.0046,=0.0169,=0.0042,=0.0064,=0.0085,=0.0109,=0.0151,=0.0105,=0.0636,=0.0096,=37
="931144",通信技术,2019-05-30,=0.0643,=4440.4700,=0.9073,=90.2325,=0.9716,=22.8153,=30.4154,=36.8817,=51.1567,=113.1406,=13.3289,=0.9919,=2.5671,=3.1079,=3.6932,=4.7608,=15.3977,=8.2043,=0.9907,=1.6428,=2.1034,=2.4875,=3.3933,=9.4991,=0.0025,=0.0098,=0.0021,=0.0044,=0.0066,=0.0101,=0.0166,=0.0432,=0.1354,=0.0299,=252
="980076",通用航空,2012-12-28,=-0.0184,=2769.2000,=-0.2537,=97.0488,=0.3789,=69.9916,=80.6548,=101.4066,=127.8258,=158.1149,=3.5582,=0.5211,=2.7445,=3.2138,=3.5384,=4.1097,=5.1513,=4.2698,=0.4211,=3.4358,=4.0840,=4.3179,=4.9407,=6.3273,=0.0046,=0.3132,=0.0037,=0.0042,=0.0052,=0.0061,=0.0073,=0.0066,=0.0297,=0.0083,=59
="931271",通信设备主题,2012-12-21,=0.0359,=5257.6800,=0.4568,=99.4166,=0.9788,=25.8971,=33.0699,=36.1670,=72.3034,=113.3155,=12.5143,=0.9816,=2.2261,=2.9032,=3.5666,=7.3013,=14.2344,=8.2136,=0.9788,=1.5689,=2.0558,=2.5567,=5.0115,=9.3619,=0.0026,=0.0184,=0.0022,=0.0050,=0.0083,=0.0099,=0.0129,=0.0351,=0.1175,=0.0256,=5
="H30202",软件指数,2013-07-15,=-0.0176,=11233.1200,=-0.2549,=99.5221,=0.5559,=45.1036,=65.7516,=91.4775,=155.6957,=372.5263,=4.2838,=0.1476,=2.9348,=4.5048,=5.3972,=6.6025,=8.8705,=5.7740,=0.2466,=3.9010,=5.4106,=6.8519,=8.0351,=13.4305,=0.0072,=0.9546,=0.0022,=0.0033,=0.0044,=0.0054,=0.0102,=0.0053,=0.0344,=-0.0039,=320
="932438",科创创业机器人,2025-05-16,=0.0083,=1733.3200,=0.0725,=102.3404,=0.9255,=67.6486,=77.1989,=83.9732,=94.2489,=120.6496,=5.6340,=0.4468,=4.9598,=5.3031,=5.7204,=6.2087,=6.8835,=5.9915,=0.4149,=5.2672,=5.7591,=6.0990,=6.6416,=7.4199,=0.0036,=0.2199,=0.0030,=0.0035,=0.0039,=0.0044,=0.0049,=0.0153,=0.0666,,=62
="930601",中证软件,2015-03-10,=-0.0202,=4889.6500,=-0.2223,=102.6994,=0.7138,=29.3378,=51.8564,=79.5511,=128.9417,=302.4908,=4.7283,=0.5229,=2.7207,=3.9641,=4.6699,=5.6811,=7.7270,=5.6701,=0.6948,=2.8007,=4.0731,=4.9558,=6.0626,=9.8335,=0.0068,=0.9456,=0.0025,=0.0036,=0.0044,=0.0053,=0.0101,=0.0078,=0.0385,=-0.0029,=396
="931247",中证信创,2012-12-21,=-0.0094,=1522.7900,=0.0404,=106.4061,=0.2537,=66.5979,=101.5092,=200.0286,=274.1692,=369.3964,=7.1644,=0.9715,=2.7947,=3.5015,=4.7064,=5.9525,=7.8335,=5.6505,=0.9592,=2.8203,=3.4222,=4.1296,=4.8729,=6.1894,=0.0031,=0.0532,=0.0029,=0.0036,=0.0042,=0.0052,=0.0076,=0.0271,=0.0400,=0.0016,=98
="930902",中证数据,2016-10-18,=-0.0293,=3017.2900,=-0.0538,=108.9967,=0.7336,=37.6891,=57.2033,=78.6155,=121.8936,=366.0842,=4.2794,=0.6326,=2.4001,=3.4233,=3.9956,=4.6775,=5.5171,=2.9015,=0.2123,=2.0473,=2.8814,=3.3754,=4.1618,=7.0542,=0.0038,=0.6093,=0.0020,=0.0030,=0.0035,=0.0047,=0.0091,=0.0025,=0.0339,=0.0011,=244
="399020",创业小盘,2023-11-15,=0.0196,=1771.8100,=-0.0033,=113.7041,=0.2970,=48.5170,=82.1120,=147.2270,=212.3963,=256.8495,=3.5563,=0.6376,=1.8521,=2.4529,=3.2247,=3.8056,=4.3734,=3.5465,=0.6470,=1.9895,=2.5730,=3.1955,=3.8027,=4.2999,=0.0059,=0.1555,=0.0050,=0.0062,=0.0068,=0.0083,=0.0109,=0.0115,=0.0199,=0.0104,=11
="932456",科创创业AI,2025-05-14,=0.0184,=4134.6800,=0.4211,=117.5449,=0.5000,=95.3901,=111.2308,=117.5449,=138.8832,=192.3777,=15.5661,=0.9650,=6.1464,=7.5445,=10.4872,=11.9748,=17.0303,=16.0474,=0.8357,=9.0747,=11.3262,=14.7374,=15.9226,=18.3647,=0.0017,=0.1818,=0.0016,=0.0017,=0.0019,=0.0025,=0.0030,=0.0437,=0.0985,,=53
="932000",中证2000,2023-08-11,=0.0181,=3143.7600,=-0.0186,=119.0151,=0.5872,=44.0427,=58.1825,=85.5866,=154.3603,=228.3990,=2.6063,=0.6638,=1.5089,=1.9766,=2.3461,=2.8589,=3.3036,=2.1533,=0.6766,=1.1809,=1.5542,=1.8351,=2.3305,=2.6726,=0.0080,=0.3007,=0.0062,=0.0077,=0.0092,=0.0114,=0.0155,=0.0098,=0.0154,=0.0097,=1186
="000683",科创生物,2022-05-09,=0.0220,=1046.0600,=-0.0246,=121.2264,=0.1517,=31.4909,=156.2454,=1910.3199,=-211.7348,=97054.3385,=6.5645,=0.8473,=4.0903,=4.8908,=5.4382,=6.3381,=7.9611,=10.3191,=0.5015,=7.6079,=9.2145,=10.3138,=11.4521,=14.1963,=0.0026,=0.0335,=0.0025,=0.0030,=0.0046,=0.0061,=0.0086,=0.0094,=0.0457,=0.0035,=56
="CN5075",国证信创,2015-02-16,,,=0.4761,=128.1133,=0.8400,=39.3034,=49.8999,=77.2200,=125.2309,=152.0158,=10.0200,=0.9856,=3.0386,=3.5551,=5.1797,=7.2656,=10.9595,=7.9822,=0.9872,=2.8415,=3.6819,=4.3971,=5.4791,=8.6847,=0.0020,=0.0128,=0.0018,=0.0031,=0.0058,=0.0080,=0.0108,=0.0268,=0.0598,=0.0136,=28
="000698",科创100,2023-08-07,=0.0125,=2086.8800,=0.4314,=129.4646,=0.1848,=60.6995,=130.6816,=214.1920,=254.0226,=337.2511,=7.6204,=0.9774,=2.7397,=3.6065,=4.1869,=5.7948,=8.5061,=8.3150,=0.7729,=4.0312,=5.0973,=6.2636,=8.4421,=10.0837,=0.0028,=0.0282,=0.0025,=0.0033,=0.0054,=0.0064,=0.0089,=0.0093,=0.0369,=0.0028,=561
="932066",半导体行业精选,2023-11-10,=0.0116,=7085.7900,=0.7444,=129.5729,=0.9876,=50.1901,=65.0842,=82.3550,=97.8693,=142.8699,=11.0431,=0.9783,=3.1655,=4.1269,=6.6620,=8.2809,=12.2533,=16.7742,=0.9876,=6.6489,=8.3835,=10.6454,=12.3659,=18.4956,=0.0013,=0.0108,=0.0012,=0.0017,=0.0023,=0.0028,=0.0034,=0.0207,=0.0794,=0.0157,=1
="000858",500信息,2013-11-06,=0.0127,=15597.4300,=0.4800,=131.2059,=0.9703,=25.3805,=43.9766,=64.2121,=89.6481,=209.3531,=7.6390,=0.9946,=2.1626,=2.9041,=3.3886,=3.9443,=8.5146,=8.1798,=0.9946,=1.1229,=1.9074,=2.6868,=3.6187,=9.1355,=0.0025,=0.0054,=0.0022,=0.0045,=0.0059,=0.0072,=0.0110,=0.0212,=0.0505,=0.0070,=351
="000690",科创成长,2022-11-04,=0.0587,=2952.8100,=0.5749,=145.7342,=0.7391,=26.4295,=44.5116,=82.6727,=155.9738,=288.8500,=16.2317,=0.9843,=3.7827,=4.8498,=5.5231,=11.9090,=18.2315,=17.8851,=0.9608,=2.7510,=4.0022,=5.2252,=14.5050,=20.0971,=0.0013,=0.0157,=0.0011,=0.0021,=0.0034,=0.0054,=0.0127,=0.0188,=0.1043,=0.0143,=140
="950161",科创新药,2024-08-23,=0.0248,=1314.8400,=0.0704,=157.4673,=0.0921,=113.6689,=-706.5639,=-147.8029,=-90.7811,=1578.9342,=9.5694,=0.6382,=4.9324,=6.6862,=8.8959,=10.4337,=12.9042,=12.3878,=0.5088,=8.4204,=10.1571,=12.3657,=14.2846,=17.6998,=0.0012,=0.3662,=0.0009,=0.0011,=0.0014,=0.0018,=0.0023,=0.0059,=0.0403,=-0.0091,=33
="H30007",芯片产业,2012-12-20,=0.0113,=5511.4400,=0.7405,=162.2283,=0.9938,=24.2382,=40.3144,=70.2040,=112.1084,=186.5687,=11.6021,=0.9963,=1.9412,=3.6288,=4.5060,=7.1901,=12.9184,=17.6308,=0.9967,=1.5871,=3.6851,=6.5103,=8.2377,=19.5328,=0.0009,=0.0033,=0.0008,=0.0017,=0.0024,=0.0046,=0.0105,=0.0230,=0.0446,=0.0109,=530
="980017",国证芯片,2015-02-17,=0.0181,=21802.2700,=0.7186,=163.7255,=0.9779,=30.3742,=55.6722,=80.3505,=106.8605,=227.4136,=12.1524,=0.9922,=3.1638,=4.0884,=5.7249,=7.4407,=13.5798,=18.8463,=0.9958,=3.6283,=5.7888,=6.6562,=8.0059,=20.9165,=0.0008,=0.0042,=0.0008,=0.0016,=0.0021,=0.0027,=0.0044,=0.0146,=0.0397,=0.0130,=2603
="H30184",半导体,2013-07-15,=0.0108,=16496.6700,=0.7927,=167.2459,=0.9959,=33.2056,=51.7038,=77.6273,=106.5556,=186.6477,=11.3798,=0.9922,=2.5082,=3.4224,=4.8353,=7.4193,=12.7528,=17.9548,=0.9959,=1.3963,=2.6456,=6.9653,=9.3617,=20.0377,=0.0011,=0.0045,=0.0010,=0.0018,=0.0025,=0.0036,=0.0070,=0.0203,=0.0527,=0.0094,=3346
="932087",集成电路,2023-03-29,=0.0160,=1852.7000,=0.6359,=167.2707,=0.9334,=46.1239,=99.5639,=132.3076,=152.5464,=195.7770,=10.3512,=0.9849,=3.1405,=3.8921,=5.1567,=7.0481,=11.4486,=16.8724,=0.9862,=5.8347,=7.5928,=9.0422,=11.7604,=18.6728,=0.0011,=0.0138,=0.0010,=0.0014,=0.0018,=0.0022,=0.0029,=0.0203,=0.0481,=0.0079,=47
="990001",中华半导体芯片,2019-03-18,=0.0105,=20970.0400,=0.7347,=169.8347,=0.9955,=33.1780,=61.3621,=85.3144,=115.5198,=187.5449,=11.2570,=0.9949,=3.1429,=4.2725,=5.3216,=7.4350,=12.4905,=17.6694,=0.9955,=3.3238,=6.0858,=7.1143,=9.4271,=19.5120,=0.0009,=0.0045,=0.0008,=0.0016,=0.0021,=0.0028,=0.0056,=0.0177,=0.0410,=0.0101,=1382
="000699",科创200,2024-08-20,=0.0159,=1736.3700,=0.3157,=175.2924,=0.1554,=128.9087,=180.9521,=245.3289,=310.6436,=388.1174,=4.9519,=0.8206,=1.9770,=3.0259,=3.8174,=4.8907,=5.6874,=7.3424,=0.7702,=3.3605,=5.0903,=6.1378,=7.5415,=8.4376,=0.0041,=0.2166,=0.0033,=0.0040,=0.0050,=0.0067,=0.0100,=0.0066,=0.0165,=0.0029,=145
="931743",半导体材料设备,2012-12-21,=-0.0028,=11565.7900,=1.2461,=194.4322,=0.9841,=30.1973,=39.6275,=60.4379,=84.4271,=224.0742,=14.6029,=0.9827,=2.5588,=3.4104,=4.2661,=6.7604,=17.1334,=22.0270,=0.9841,=2.5903,=3.1538,=3.8317,=10.6244,=25.3851,=0.0010,=0.0159,=0.0009,=0.0021,=0.0029,=0.0045,=0.0073,=0.0198,=0.0706,=0.0130,=266
="000680",科创综指,2025-01-20,=0.0080,=2264.3100,=0.3835,=205.7577,=0.3848,=115.7401,=188.3014,=211.4725,=232.9077,=278.5830,=7.3654,=0.9579,=3.4337,=3.9468,=5.1871,=5.8875,=8.0513,=9.7222,=0.9635,=4.7291,=5.4796,=7.0836,=7.9926,=10.6066,=0.0025,=0.0365,=0.0023,=0.0033,=0.0037,=0.0050,=0.0065,=0.0091,=0.0262,=0.0033,=211
="931594",卫星产业,2020-12-22,=-0.0497,=972.5900,=-0.1385,=207.6918,=0.7413,=44.5603,=96.0405,=130.1153,=231.7710,=428.4930,=5.7710,=0.9108,=2.3588,=3.0530,=3.5147,=4.0274,=7.6413,=8.1478,=0.9041,=3.4655,=4.5359,=5.1540,=6.1737,=11.4514,=0.0028,=0.2565,=0.0023,=0.0027,=0.0032,=0.0052,=0.0086,=0.0019,=0.0317,=0.0057,=175
="000689",科创材料,2022-08-15,=0.0138,=1744.6900,=0.4391,=229.3469,=0.9799,=38.7753,=45.3866,=80.6107,=148.3996,=281.6880,=6.9503,=0.9799,=1.9307,=2.6154,=3.2233,=4.4612,=8.5314,=8.7706,=0.9799,=2.1963,=3.1285,=4.0389,=5.5198,=10.7722,=0.0023,=0.0201,=0.0019,=0.0045,=0.0064,=0.0079,=0.0117,=0.0126,=0.0258,=0.0058,=40
="931865",中证半导,2019-03-20,=-0.0012,=10209.5500,=1.0630,=230.4440,=0.9909,=32.8138,=45.0187,=73.2229,=125.7780,=255.0466,=14.1322,=0.9879,=3.3892,=4.1440,=5.2104,=8.2350,=15.8034,=26.1158,=0.9909,=6.4190,=7.6945,=8.7298,=14.6888,=28.9040,=0.0007,=0.0091,=0.0006,=0.0012,=0.0021,=0.0025,=0.0032,=0.0168,=0.0580,=0.0153,=209
="1000014",科创板全指,2019-07-22,,,,=231.2153,=0.9409,=34.6058,=58.4298,=77.2344,=130.5488,=267.8356,=7.6711,=0.9669,=2.4875,=3.7947,=4.8848,=6.4620,=9.5957,=10.3167,=0.8510,=3.3799,=5.1954,=6.5318,=9.8607,=14.1086,=0.0023,=0.1189,=0,=0.0031,=0.0044,=0.0065,=0.0098,=0.0091,=0.0255,=0.0035,=1291
="950180",科创AI,2024-07-25,=0.0005,=2695.3700,=0.1994,=233.2684,=0.9705,=66.2784,=98.9507,=142.8926,=174.6187,=271.3436,=17.2341,=0.9874,=3.9039,=5.9886,=9.3217,=11.6001,=18.6594,=26.9833,=0.9874,=6.3298,=9.4154,=13.7524,=16.6230,=29.3547,=0.0013,=0.0126,=0.0012,=0.0023,=0.0028,=0.0049,=0.0077,=0.0274,=0.0670,=0.0163,=213
="000682",科创信息,2021-08-16,=0.0073,=3269.2600,=0.6397,=234.3227,=0.9940,=41.6131,=60.2342,=92.7799,=132.6904,=255.5918,=12.6403,=0.9923,=3.3247,=4.3480,=5.3696,=6.5612,=13.8809,=19.9557,=0.9940,=5.5790,=7.3053,=8.8892,=11.4233,=21.7670,=0.0012,=0.0060,=0.0011,=0.0020,=0.0030,=0.0038,=0.0070,=0.0200,=0.0432,=0.0072,=101
="000688",科创50,2020-07-23,=0.0077,=2009.7300,=0.4951,=243.6293,=0.9959,=35.5957,=42.5628,=70.9503,=132.9586,=263.7183,=9.6819,=0.9959,=2.9443,=4.2056,=4.8646,=6.7691,=10.5365,=12.5991,=0.9869,=3.1319,=4.5618,=5.5776,=9.5609,=13.6380,=0.0017,=0.0041,=0.0016,=0.0030,=0.0045,=0.0072,=0.0110,=0.0135,=0.0347,=0.0045,=8018
="950162",科创芯片设计,2024-07-26,=0.0111,=2962.6200,=0.5925,=263.1318,=0.4641,=161.6128,=228.1382,=267.1700,=385.4717,=687.1301,=18.2804,=0.9810,=4.2582,=7.6821,=9.2293,=12.9843,=20.2102,=29.3619,=0.9789,=8.7765,=14.4644,=17.3536,=21.3940,=32.5243,=0.0011,=0.0211,=0.0010,=0.0012,=0.0015,=0.0018,=0.0029,=0.0309,=0.0713,=0.0107,=58
="000685",科创芯片,2022-06-13,=0.0102,=4909.8100,=0.8787,=305.0485,=0.9929,=42.1555,=69.1202,=117.8852,=178.5494,=335.4323,=13.9636,=0.9909,=3.1235,=4.0646,=5.1044,=7.5047,=15.4697,=29.0388,=0.9929,=7.4796,=10.0460,=12.2140,=15.4840,=31.9311,=0.0006,=0.0071,=0.0005,=0.0011,=0.0015,=0.0021,=0.0026,=0.0152,=0.0415,=0.0074,=487
="950125",科创半导体材料设备,2024-07-26,=-0.0065,=5180.9300,=1.4117,=305.6722,=0.9768,=70.4245,=116.6663,=129.4425,=163.1763,=348.7588,=15.0240,=0.9726,=2.8469,=4.7816,=5.3191,=6.7676,=17.6268,=32.7804,=0.9768,=7.2923,=10.9404,=12.8482,=15.1640,=37.4011,=0.0007,=0.0717,=0.0006,=0.0008,=0.0014,=0.0016,=0.0028,=0.0075,=0.0371,=0.0094,=128
="980018",卫星通信,2015-02-17,=-0.0545,=4827.9300,=-0.0967,=340.1497,=0.9234,=23.6003,=28.9641,=40.6232,=58.3847,=1063.4314,=6.5470,=0.9698,=1.7225,=2.0592,=2.5757,=4.2692,=7.7241,=8.4873,=0.9874,=1.5054,=1.8045,=2.3008,=3.1144,=9.8783,=0.0016,=0.0126,=0.0013,=0.0039,=0.0127,=0.0171,=0.0231,=0.0054,=0.0181,=0.0298,=126
="H30182",计算机,2013-07-15,=-0.0130,=5807.6400,=-0.2420,=377.7383,=0.8150,=33.2527,=55.2754,=101.9298,=295.9051,=65313.4473,=3.7541,=0.2882,=2.4295,=3.5825,=4.0857,=4.6364,=5.8765,=3.6793,=0.2364,=2.3635,=3.5853,=4.1426,=4.7434,=7.6223,=0.0054,=0.8271,=0.0028,=0.0040,=0.0045,=0.0053,=0.0091,=-0.0024,=0.0033,=-0.0042,=51
="930781",中证影视,2016-02-04,=-0.0115,=1240.4000,=-0.2664,=556.2596,=0.6033,=16.7066,=43.1495,=201.4121,=-60.8596,=6083.5065,=1.6795,=0.0330,=1.4352,=2.0457,=2.3746,=3.3745,=6.2702,=3.6489,=0.2845,=2.7079,=3.4931,=4.2946,=5.4600,=10.4525,=0.0120,=0.9068,=0.0019,=0.0037,=0.0064,=0.0098,=0.0161,=0.0049,=0.0185,=0.0219,=179
="950333",智选创新价值,2024-09-25,=0.0029,=2813.7300,=0.2381,=1278.3055,=0.4157,=62.6254,=108.3805,=-3798.9407,=-294.1927,=5158.8110,=4.8081,=0.9700,=1.6564,=2.1493,=2.4930,=3.0041,=5.3226,=6.1028,=0.9746,=1.6015,=2.1326,=2.6208,=3.0434,=6.7566,=0.0021,=0.0254,=0.0019,=0.0058,=0.0069,=0.0103,=0.0136,=-0.0002,=-0.0164,=-0.0030,=14
="931992",疫苗生物,2013-07-15,=0.0222,=1127.4100,=-0.0661,=5597.6571,=0.9959,=26.1322,=61.7065,=88.0976,=139.7178,=5764.7928,=3.1282,=0.5755,=2.2475,=2.6983,=3.0415,=3.6351,=5.0256,=5.6330,=0.8318,=3.7134,=4.6944,=5.1760,=5.5717,=6.4257,=0.0096,=0.5887,=0.0060,=0.0068,=0.0086,=0.0105,=0.0125,=0.0112,=0.0013,=0.0085,=28
="931151",光伏产业,2019-04-22,=0.0063,=2531.9100,=-0.1141,=-438.3199,=0.9184,=9.5087,=20.5985,=38.1571,=69.9880,=2491.4939,=2.1095,=0.3487,=1.5562,=1.9255,=2.6202,=4.4881,=6.9801,=1.8744,=0.5177,=0.8897,=1.2475,=1.8203,=3.2063,=5.9137,=0.0083,=0.4600,=0.0030,=0.0055,=0.0092,=0.0198,=0.0300,=0.0016,=0.0012,=0.0005,=2722
="1000009",深圳B股,1994-01-10,=0.0070,=1093.9200,=-0.1350,=-115.3751,=0.9988,=6.5509,=10.0230,=16.2131,=23.2781,=61.4680,=0.7250,=0.4792,=0.5585,=0.6590,=0.7336,=0.9334,=1.4530,=0.4507,=0.3513,=0.3544,=0.4194,=0.4822,=0.6340,=1.0969,=0.0348,=0.3955,=0.0205,=0.0266,=0.0369,=0.0449,=0.0610,,=0.0028,=0.0115,=203
="000692",科创新能,2023-04-03,=0.0093,=1015.5600,=-0.1227,=-51.1421,=0.7024,=13.9124,=18.8752,=138.0615,=-44.9149,=279.8956,=2.3632,=0.5448,=1.4486,=1.8023,=2.2196,=2.8001,=4.0229,=1.5663,=0.5939,=0.8667,=1.1557,=1.4433,=1.9074,=2.6157,=0.0042,=0.0668,=0.0030,=0.0057,=0.0166,=0.0206,=0.0318,=-0.0018,=-0.0642,=-0.0138,=36
="931025",港股通地产,2017-11-06,=0.0067,=1611.1700,=0.0134,=-50.4783,=0.7298,=1.3998,=5.4777,=8.3046,=-3.0203,=7833.8201,=0.4538,=0.4163,=0.0757,=0.2126,=0.4970,=0.8764,=1.4256,=0.8414,=0.7631,=0.0508,=0.1433,=0.5429,=0.8759,=1.5776,=0.0390,=0.3920,=0,=0.0289,=0.0426,=0.0692,=0.2175,,=-0.0074,,=12
="399393",国证地产,2012-08-20,=0.0102,=2392.2400,=-0.2333,=-5.2379,=0.9971,=6.3321,=8.5850,=15.6526,=278.2837,=115902.4187,=0.7055,=0.0722,=0.5768,=0.8408,=1.0788,=1.7370,=2.5183,=0.5091,=0.1695,=0.3699,=0.5168,=0.6484,=1.1431,=1.7471,=0.0118,=0.0944,=0.0083,=0.0182,=0.0259,=0.0342,=0.0478,=-0.0014,=-0.0767,=0.0012,=1430
="931775",房地产,2013-07-15,=0.0054,=2356.3600,=-0.2099,=-4.2656,=0.9984,=7.0141,=8.9821,=18.2040,=-73.1604,=1490.8370,=0.7270,=0.0800,=0.5750,=0.8345,=1.0551,=1.6911,=2.4742,=0.5371,=0.2165,=0.3617,=0.5327,=0.6790,=1.1959,=1.8650,=0.0066,=0.0144,=0.0058,=0.0147,=0.0234,=0.0325,=0.0448,=-0.0040,=-0.1024,=-0.0027,=934
="000816",细分地产,2012-04-11,=0.0038,=2183.1700,=-0.2066,=-3.8933,=0.9988,=6.1299,=8.3282,=15.7334,=-222.6491,=2488.2259,=0.6919,=0.0722,=0.5599,=0.8104,=1.0536,=1.7466,=2.5676,=0.4785,=0.1456,=0.3390,=0.4933,=0.6216,=1.1123,=1.7076,=0.0054,=0.0214,=0.0044,=0.0175,=0.0275,=0.0358,=0.0516,=-0.0038,=-0.1018,=-0.0024,=8
="399965",800地产,2012-12-21,=0.0071,=1863.9700,=-0.2939,=-2.6858,=0.9971,=5.5394,=8.0041,=14.1293,=37.1867,=59.7245,=0.4756,=0.0029,=0.4663,=0.7092,=0.9994,=1.7212,=2.5596,=0.2910,=0.0041,=0.2856,=0.4101,=0.5349,=1.0564,=1.6493,=0.0076,=0.0091,=0.0068,=0.0180,=0.0280,=0.0369,=0.0562,=-0.0020,=-0.0854,=0.0007,=199
="399983",地产等权,2013-11-22,=0.0065,=1352.7200,=-0.3360,=-1.7110,=0.9979,=5.0058,=7.3313,=10.5555,=17.6057,=75.5023,=0.3733,=0.0021,=0.3690,=0.5943,=1.0830,=1.8402,=2.8135,=0.2199,=0.0021,=0.2174,=0.3536,=0.4849,=0.9807,=1.5710,=0.0058,=0.0214,=0.0037,=0.0219,=0.0322,=0.0412,=0.0629,=-0.0053,=-0.0924,=-0.0025,=1009
=".NDX",纳斯达克100指数,1969-12-31,,,=0.1717,,,,,,,,,,,,,,,,,,,,,,,,,,,,,,,=0.0751,=4502

数据来源于：理杏仁网站(lixinger.com)