指数代码,指数名称,发布时间,涨跌幅,收盘点位,今年以来涨跌幅,PE-TTM(当前值),PE-TTM(分位点%),PE-TTM(最小值),PE-TTM(20%分位点值),PE-TTM(50%分位点值),PE-TTM(80%分位点值),PE-TTM(最大正值),PB(当前值),PB(分位点%),PB(最小值),PB(20%分位点值),PB(50%分位点值),PB(80%分位点值),PB(最大正值),PS-TTM(当前值),PS-TTM(分位点%),PS-TTM(最小值),PS-TTM(20%分位点值),PS-TTM(50%分位点值),PS-TTM(80%分位点值),PS-TTM(最大正值),净资产收益率(ROE)(2026Q1),净资产收益率(ROE)(2025Q4),净资产收益率(ROE)(2025Q1),股息率,关注度
="931039",银行AH,2017-12-06,=-0.0020,=12106.2239,=-0.0530,=5.7442,=0.7210,=3.2016,=4.0755,=5.1978,=5.9035,=7.9938,=0.5414,=0.3798,=0.3790,=0.4566,=0.5666,=0.7135,=1.0569,=2.1561,=0.8105,=1.0856,=1.4316,=1.7453,=2.1332,=2.9053,,=0.0881,,=0.0508,=97
="H11146",港股通内地金融,2010-06-02,=-0.0088,=1110.1500,=0.0086,=5.9912,=0.4980,=3.2759,=4.5177,=6.0059,=6.7500,=9.2347,=0.6079,=0.3893,=0.3797,=0.4938,=0.6719,=0.8765,=1.1859,=1.5476,=0.7522,=0.6692,=0.9478,=1.2910,=1.5980,=2.1885,,=0.0970,,=0.0482,=40
="930792",HK银行,2016-04-22,=-0.0035,=4806.7200,=0.0913,=6.6309,=0.7652,=3.2659,=4.4606,=5.8387,=6.7741,=9.5632,=0.6453,=0.5406,=0.3905,=0.4962,=0.6246,=0.8015,=1.0771,=2.5224,=0.8660,=1.0519,=1.5163,=1.8491,=2.3874,=3.1066,,=0.0901,,=0.0477,=751
="399986",中证银行,2013-07-15,=-0.0032,=7000.9700,=-0.0792,=6.7319,=0.7508,=4.1183,=5.2599,=6.2769,=6.8477,=9.0846,=0.6403,=0.2954,=0.4848,=0.5836,=0.7201,=0.8984,=1.2416,=2.5270,=0.8131,=1.4134,=1.7842,=2.1331,=2.4895,=3.3016,=0.0226,=0.0881,=0.0236,=0.0438,=9548
="H30106",H300金融服务,2013-05-21,=-0.0051,=1595.8600,=0.0546,=6.8546,=0.4753,=4.0175,=5.3642,=6.9687,=7.7688,=11.1922,=0.7351,=0.4789,=0.4470,=0.5777,=0.7453,=0.9083,=1.2489,=1.9593,=0.8475,=0.8557,=1.1816,=1.4617,=1.8799,=2.3593,,=0.1014,,=0.0453,=20
="000018",180金融,2007-12-10,=-0.0071,=5158.4600,=-0.1316,=7.1233,=0.3412,=5.2016,=6.4287,=7.4973,=8.3012,=10.8609,=0.7245,=0.2401,=0.5902,=0.6965,=0.8766,=1.0696,=1.4199,=2.1390,=0.7500,=1.2355,=1.5824,=1.9448,=2.2066,=2.8772,=0.0229,=0.0959,=0.0245,=0.0408,=771
="399809",保险主题,2015-02-13,=-0.0163,=2141.4300,=-0.1973,=7.1321,=0.2611,=5.4537,=6.8114,=10.5809,=15.0245,=22.8725,=0.7637,=0.1898,=0.6352,=0.7661,=1.2256,=1.4858,=1.9794,=2.0773,=0.9026,=0.5239,=0.8688,=1.0963,=1.4501,=2.3772,=0.0227,=0.1015,=0.0246,=0.0407,=1488
="000818",细分金融,2012-04-11,=-0.0080,=6431.7100,=-0.1289,=7.2238,=0.3243,=5.2356,=6.4974,=7.6854,=8.4810,=10.9951,=0.7348,=0.2422,=0.5930,=0.7010,=0.8937,=1.0928,=1.4303,=2.1880,=0.7417,=1.2689,=1.6354,=1.9833,=2.2602,=2.9111,=0.0231,=0.0956,=0.0246,=0.0401,=6
="931233",港股通央企红利,2017-06-28,=-0.0127,=1199.7800,=0.0291,=7.3050,=0.7484,=3.6988,=4.9516,=6.3261,=7.4515,=14.0775,=0.6872,=0.5975,=0.3929,=0.5221,=0.6448,=0.8640,=1.8161,=0.9918,=0.5511,=0.4645,=0.6207,=0.9457,=1.3913,=1.7583,,=0.0906,,=0.0512,=447
="HSSCSOY",恒生港股通中国央企红利指数,2023-06-01,=-0.0178,=4275.1400,=0.0633,=7.3539,=0.8992,=4.1647,=4.6252,=5.6440,=6.9483,=7.8218,=0.6871,=0.8025,=0.4381,=0.4942,=0.5875,=0.6854,=0.7455,=0.9772,=0.8869,=0.5323,=0.5942,=0.7383,=0.9252,=1.0366,,=0.0921,,=0.0513,=233
="987016",港股通红利低波,2021-11-18,,,=0.1215,=7.4482,=0.9153,=3.4544,=4.2989,=4.9140,=6.7409,=8.0054,=0.6881,=0.8780,=0.4152,=0.4871,=0.5382,=0.6527,=0.7529,=1.2131,=0.9089,=0.5827,=0.6592,=0.7912,=1.0982,=1.3012,,=0.0893,,=0.0518,=144
="HSMCHYI",恒生中国内地企业高股息率指数,2019-09-01,=-0.0072,=2957.0900,=0.0627,=7.4516,=0.9318,=3.7550,=5.0463,=5.8084,=6.7327,=7.9027,=0.7470,=0.8245,=0.4590,=0.5783,=0.6395,=0.7376,=0.8175,=1.1329,=0.9246,=0.5101,=0.6878,=0.7960,=0.9091,=1.2126,,,,=0.0502,=276
="H11140",香港红利,2009-07-23,=-0.0095,=4004.6600,=0.0968,=7.5260,=0.7576,=3.0693,=4.4494,=5.9820,=8.1638,=13.9623,=0.7104,=0.5922,=0.3833,=0.5103,=0.6294,=0.8661,=1.1652,=1.1973,=0.6818,=0.5431,=0.7455,=0.9723,=1.5089,=2.1349,,=0.0912,,=0.0523,=42
="000914",300金融,2007-07-02,=-0.0085,=5842.2300,=-0.1303,=7.5657,=0.3890,=5.2769,=6.6022,=7.8376,=8.6017,=11.3863,=0.7323,=0.2347,=0.5962,=0.7048,=0.9146,=1.1328,=1.4919,=2.0611,=0.7748,=1.1210,=1.4310,=1.8121,=2.0875,=2.7052,=0.0223,=0.0897,=0.0236,=0.0396,=342
="931024",港股通非银,2017-11-06,=-0.0087,=4053.1002,=-0.0560,=7.5939,=0.0270,=6.7549,=8.6509,=11.2020,=13.3698,=22.4310,=1.0335,=0.4715,=0.6237,=0.8475,=1.0487,=1.2241,=1.7592,=1.2716,=0.8311,=0.5870,=0.8751,=1.0119,=1.2232,=2.2002,,=0.1344,,=0.0386,=191
="HSHYLV",恒生港股通高股息低波动指数,2017-05-08,=-0.0056,=4570.8000,=0.0230,=7.6823,=0.8521,=3.5572,=4.6390,=5.9826,=7.1888,=9.5068,=0.6918,=0.6652,=0.3828,=0.4850,=0.5790,=0.8159,=1.1073,=0.9262,=0.5639,=0.4386,=0.6537,=0.8472,=1.4164,=2.0623,,,,=0.0525,=1499
="H30270",红利价值,2013-12-19,=-0.0070,=9487.4300,=-0.0047,=7.6843,=0.7159,=4.4543,=5.4286,=6.7519,=8.7312,=13.0955,=0.7707,=0.5195,=0.5256,=0.6486,=0.7626,=1.2496,=1.7317,=1.5573,=0.9627,=0.5854,=0.8112,=0.9976,=1.2953,=1.6637,=0.0235,=0.0936,=0.0240,=0.0432,=192
="HSHDYI",恒生高股息率指数,2012-12-10,=-0.0083,=1341.8500,=0.0520,=7.8314,=0.8037,=3.6777,=4.8612,=6.6079,=7.8103,=10.6953,=0.7191,=0.5785,=0.4041,=0.5046,=0.6481,=0.9078,=1.1746,=1.1408,=0.5707,=0.5013,=0.7008,=1.0654,=1.5005,=1.9871,,,,=0.0521,=910
="000934",中证金融,2009-07-03,=-0.0089,=5487.3800,=-0.1247,=7.8558,=0.4010,=5.7083,=6.8944,=8.0859,=8.8714,=11.5527,=0.7429,=0.2306,=0.6117,=0.7181,=0.9218,=1.1488,=1.5017,=2.0707,=0.7933,=1.1467,=1.4503,=1.8022,=2.0757,=2.6696,=0.0220,=0.0873,=0.0231,=0.0385,=1151
="931157",SHS红利成长LV,2019-04-25,=-0.0064,=7215.7900,=-0.0320,=7.8646,=0.6566,=4.1261,=5.5871,=6.9068,=8.3407,=11.5318,=0.7872,=0.4398,=0.5154,=0.6253,=0.8090,=0.9266,=1.5888,=1.5386,=0.9259,=0.5018,=0.7112,=1.0363,=1.4046,=1.6439,,=0.0964,,=0.0483,=325
="932596",港股通红利低波,2016-02-04,=-0.0092,=4216.3200,=0.0870,=7.8797,=0.2530,=7.4451,=7.8406,=8.0758,=8.2919,=8.5745,=0.7391,=0.5482,=0.6528,=0.6961,=0.7248,=0.7602,=0.7956,=1.3164,=0.3735,=1.2161,=1.2814,=1.3321,=1.3627,=1.4099,,=0.0894,,=0.0493,=87
="930914",港股通高股息,2016-11-25,=-0.0058,=5266.6200,=0.0710,=7.9225,=0.8153,=3.4280,=4.4190,=5.9074,=7.8006,=11.1979,=0.7634,=0.7088,=0.3979,=0.5021,=0.6147,=0.8527,=1.1764,=1.2553,=0.7999,=0.5144,=0.7034,=0.9220,=1.2553,=2.2126,,=0.0918,,=0.0508,=699
="HSSCHKY",恒生港股通高股息率指数,2019-11-01,=-0.0082,=2745.2400,=0.1080,=7.9303,=0.9468,=3.8979,=4.9485,=5.8701,=7.1796,=8.4533,=0.7077,=0.8595,=0.4277,=0.5169,=0.5772,=0.6822,=0.8197,=1.2340,=0.9127,=0.5333,=0.6964,=0.8733,=1.1187,=1.3442,,,,=0.0507,=490
="930992",沪港深红利低波,2017-06-28,=-0.0063,=5617.3100,=0.0090,=7.9704,=0.8570,=4.0130,=5.1452,=5.8717,=7.7249,=8.5109,=0.7430,=0.8561,=0.4277,=0.5368,=0.5899,=0.7216,=0.7950,=1.1790,=0.7911,=0.4496,=0.5999,=0.8458,=1.1848,=1.3912,,=0.0878,,=0.0498,=45
="000992",全指金融,2011-08-02,=-0.0094,=5264.1500,=-0.1209,=8.0897,=0.4286,=5.9310,=7.1022,=8.2725,=9.0288,=11.6339,=0.7463,=0.2273,=0.6188,=0.7234,=0.9306,=1.1610,=1.5107,=2.0584,=0.7797,=1.1568,=1.4432,=1.8063,=2.0759,=2.6668,=0.0217,=0.0846,=0.0227,=0.0379,=2701
="000029",180价值,2009-01-09,=-0.0064,=4020.4900,=-0.0972,=8.1281,=0.6279,=5.6894,=6.9075,=7.8866,=8.5069,=10.8138,=0.7781,=0.1126,=0.6666,=0.8044,=0.8616,=1.0653,=1.4433,=1.0560,=0.7661,=0.6198,=0.7825,=0.9447,=1.0677,=1.4032,=0.0228,=0.0896,=0.0243,=0.0419,=556
="HSCSOE",恒生中国央企指数,2023-01-01,=-0.0106,=3955.7200,=0.1004,=8.1685,=0.9100,=4.9972,=5.5474,=6.1206,=7.6877,=8.5526,=0.7856,=0.8992,=0.5264,=0.5921,=0.6321,=0.7538,=0.8375,=0.9776,=0.9208,=0.5404,=0.5944,=0.6655,=0.8600,=1.0234,,=0.0956,,=0.0467,=111
="H30269",红利低波,2013-12-19,=-0.0066,=10916.5400,=-0.0288,=8.1741,=0.7207,=4.5638,=5.5488,=6.8680,=9.4786,=14.4342,=0.8230,=0.5309,=0.5386,=0.6570,=0.8015,=1.3872,=1.9670,=1.5798,=0.9616,=0.6111,=0.8850,=1.0969,=1.4160,=1.6703,=0.0236,=0.0946,=0.0236,=0.0443,=4240
="H50040",上红低波,2014-03-21,=-0.0073,=10909.0500,=-0.0107,=8.1769,=0.7310,=4.6938,=5.9512,=7.0775,=9.6645,=14.3118,=0.8143,=0.4381,=0.5647,=0.6911,=0.8356,=1.3609,=1.8756,=1.5932,=0.9587,=0.6380,=0.8684,=1.2011,=1.3992,=1.6845,=0.0234,=0.0936,=0.0244,=0.0435,=354
="931446",东证红利低波,2020-04-21,=-0.0073,=3336.5700,=-0.0308,=8.2862,=0.7313,=5.1478,=6.1727,=7.1219,=8.5375,=11.0216,=0.7831,=0.5583,=0.5884,=0.6951,=0.7640,=0.8731,=1.2481,=1.5021,=0.9368,=0.5909,=0.7532,=0.8860,=1.3190,=1.5979,=0.0224,=0.0895,=0.0240,=0.0431,=836
="000922",中证红利,2008-05-26,=-0.0090,=5527.1600,=0.0042,=8.3602,=0.7471,=5.1762,=6.0245,=7.6564,=8.6145,=11.2156,=0.8043,=0.3985,=0.5911,=0.7110,=0.8542,=1.1086,=1.4999,=1.2362,=0.8131,=0.6332,=0.7726,=1.0438,=1.2261,=1.7101,=0.0233,=0.0895,=0.0228,=0.0433,=20036
="000151",上国红利,2012-07-20,=0.0026,=1589.7900,=0.0407,=8.3734,=0.9344,=4.5075,=5.3657,=6.9389,=7.7044,=10.0345,=0.7310,=0.4365,=0.5268,=0.6189,=0.7537,=0.9661,=1.3272,=1.0347,=0.4117,=0.6026,=0.8953,=1.0851,=1.3107,=1.6854,=0.0218,=0.0803,=0.0258,=0.0447,=215
="931130",红利成长低波,2018-12-04,=-0.0031,=22866.4700,=-0.0358,=8.3855,=0.6840,=4.4465,=5.5763,=7.8000,=8.7298,=11.5512,=0.8290,=0.3348,=0.5279,=0.6239,=0.9010,=1.0310,=1.5803,=1.8495,=0.7586,=0.3109,=0.8133,=1.3178,=1.9167,=2.5957,=0.0231,=0.0934,=0.0229,=0.0435,=146
="000821",300红利,2012-07-20,=-0.0041,=6484.1200,=-0.0282,=8.4976,=0.8131,=4.9998,=6.1944,=7.5598,=8.4395,=10.9286,=0.8232,=0.3474,=0.5725,=0.7140,=0.8713,=1.0796,=1.4919,=1.3789,=0.8837,=0.6098,=0.7993,=1.0654,=1.3177,=1.6963,=0.0235,=0.0916,=0.0239,=0.0442,=992
="HSSCHYS",恒生港股通红利优选指数,2023-06-01,=-0.0072,=5226.0400,=0.1253,=8.5002,=0.9033,=4.2457,=4.7190,=5.7715,=7.6586,=9.0746,=0.7627,=0.8856,=0.4429,=0.4984,=0.5813,=0.7365,=0.8283,=1.0787,=0.8965,=0.6036,=0.6737,=0.8743,=1.0340,=1.1508,,,,=0.0525,=84
="000015",红利指数,2005-01-04,=-0.0056,=3153.3400,=0.0381,=8.5405,=0.9072,=4.6646,=5.5108,=7.0874,=8.0319,=10.4439,=0.8092,=0.5747,=0.5525,=0.6398,=0.7658,=1.0179,=1.3875,=1.4374,=0.9092,=0.7277,=0.8913,=1.1333,=1.3316,=1.6890,=0.0233,=0.0885,=0.0212,=0.0418,=14178
="000063",上证周期,2010-02-03,=-0.0130,=3612.7000,=-0.1096,=8.6037,=0.5045,=5.4761,=7.1362,=8.5900,=9.4385,=12.4946,=0.8792,=0.3003,=0.6668,=0.8368,=0.9620,=1.1068,=1.4831,=1.5303,=0.8927,=0.8113,=1.0636,=1.2493,=1.4419,=1.7571,=0.0245,=0.0975,=0.0256,=0.0385,=207
="931479",证券保险,2020-05-06,=-0.0142,=879.3200,=-0.1725,=8.6949,=0.0007,=8.6811,=11.8939,=13.4939,=15.5366,=21.1012,=1.1601,=0.1306,=1.0296,=1.2276,=1.3805,=1.5719,=2.2844,=1.5814,=0.6238,=1.0318,=1.2719,=1.4544,=1.7902,=2.2879,=0.0256,=0.1317,=0.0302,=0.0308,=31
="000824",国企红利,2012-07-20,=-0.0040,=2141.8900,=0.0098,=8.7778,=0.8841,=4.8847,=5.9406,=7.3384,=8.4027,=10.7823,=0.8350,=0.5099,=0.5610,=0.6880,=0.8276,=1.0592,=1.4469,=1.2774,=0.8288,=0.5370,=0.7016,=0.9865,=1.2500,=1.6834,=0.0232,=0.0892,=0.0226,=0.0428,=941
="931644",800红利,2024-03-15,=-0.0073,=2583.6900,=0.0123,=8.8078,=0.6434,=6.4729,=7.3133,=8.2492,=9.0597,=9.4757,=0.8482,=0.4019,=0.7001,=0.7705,=0.8598,=0.9078,=0.9431,=1.2880,=0.7906,=0.8423,=0.9257,=1.1237,=1.2906,=1.3602,=0.0236,=0.0906,=0.0231,=0.0440,=30
="399373",大盘价值,2010-01-04,=-0.0056,=7899.8300,=-0.0786,=8.8317,=0.6621,=5.4746,=6.8623,=8.3582,=9.1146,=11.9914,=0.8813,=0.3783,=0.6410,=0.8033,=0.9458,=1.1408,=1.5001,=1.1279,=0.7748,=0.5920,=0.7817,=0.9281,=1.1419,=1.4541,=0.0236,=0.0939,=0.0248,=0.0432,=327
="930955",红利低波100,2017-05-26,=-0.0030,=11636.9000,=-0.0131,=8.8482,=0.8323,=5.0805,=6.0681,=7.4106,=8.6006,=11.5013,=0.8638,=0.5841,=0.5792,=0.6660,=0.8263,=0.9900,=1.3722,=1.3357,=0.7934,=0.5888,=0.7774,=0.9895,=1.3512,=1.7525,=0.0234,=0.0928,=0.0257,=0.0455,=2127
="930740",300红利LV,2018-12-04,=-0.0033,=6998.4100,=-0.0238,=8.8817,=0.8425,=5.4153,=6.8254,=7.5122,=8.6442,=9.6903,=0.8843,=0.5796,=0.6159,=0.7712,=0.8569,=0.9463,=1.0604,=1.3536,=0.7033,=0.6725,=0.8555,=1.0766,=1.5030,=1.9253,=0.0239,=0.0932,=0.0223,=0.0434,=617
="000919",300价值,2008-01-21,=-0.0078,=4978.8100,=-0.0639,=8.8865,=0.6832,=5.9577,=7.3283,=8.4467,=9.2438,=12.2376,=0.8728,=0.2727,=0.6917,=0.8497,=0.9405,=1.1480,=1.5388,=1.0868,=0.7607,=0.6314,=0.7861,=0.9060,=1.1062,=1.3421,=0.0228,=0.0921,=0.0242,=0.0409,=4318
="H30035",300非银,2012-12-21,=-0.0148,=9139.3200,=-0.1805,=8.9047,=0.0004,=8.8992,=12.9777,=15.1699,=19.3628,=26.3489,=1.1794,=0.0771,=1.0544,=1.3152,=1.6292,=2.0481,=2.4387,=1.6132,=0.4249,=1.0410,=1.4185,=1.7216,=1.9729,=2.3917,=0.0253,=0.1294,=0.0297,=0.0300,=1202
="000825",央企红利,2012-07-20,=-0.0106,=3421.3100,=-0.0093,=9.1067,=0.9303,=4.7369,=6.0940,=7.3069,=8.3731,=10.5687,=0.8692,=0.5219,=0.5507,=0.6915,=0.8600,=0.9983,=1.3929,=1.2118,=0.7880,=0.6009,=0.8548,=1.0622,=1.2165,=1.7357,=0.0224,=0.0902,=0.0228,=0.0422,=339
="931848",800红利低波,2024-05-21,=-0.0015,=3195.8800,=0.0096,=9.2162,=0.5922,=7.4155,=8.2142,=9.0753,=9.4809,=9.7854,=0.9098,=0.3914,=0.7315,=0.8614,=0.9202,=0.9706,=1.0024,=1.3389,=0.4611,=1.1714,=1.2329,=1.3478,=1.3825,=1.5428,=0.0237,=0.0929,=0.0230,=0.0428,=143
="000968",300周期,2010-05-28,=-0.0150,=4138.9300,=-0.0901,=9.2981,=0.5359,=6.1174,=7.8172,=9.1551,=10.2896,=13.3562,=0.9142,=0.3049,=0.7021,=0.8484,=1.0062,=1.1784,=1.5550,=1.5361,=0.8515,=0.8459,=1.0834,=1.2643,=1.4861,=1.8297,=0.0243,=0.0922,=0.0244,=0.0364,=98
="399966",800证保,2012-12-21,=-0.0137,=5535.6400,=-0.1629,=9.4149,=0.0004,=9.3992,=13.7103,=15.9954,=19.7375,=27.1945,=1.1920,=0.0796,=1.0619,=1.3141,=1.6117,=2.0408,=2.4366,=1.7503,=0.4691,=1.1634,=1.5249,=1.7825,=2.0457,=2.5211,=0.0247,=0.1256,=0.0286,=0.0287,=173
="H30588",中证证保,2015-02-02,=-0.0137,=940.1100,=-0.1628,=9.4199,=0.0004,=9.4040,=13.6588,=16.0886,=19.5891,=27.6808,=1.1909,=0.0714,=1.0752,=1.3150,=1.6188,=2.0366,=2.4238,=1.7532,=0.4868,=1.1673,=1.5178,=1.7654,=2.0128,=2.5500,=0.0246,=0.1254,=0.0286,=0.0287,=467
="HSCCI",恒生香港中资企业指数,1997-06-16,=-0.0119,=4392.0400,=0.0938,=9.4254,=0.6126,=4.8859,=6.8728,=8.8767,=11.8690,=16.1208,=0.8920,=0.5520,=0.5567,=0.7305,=0.8672,=1.1730,=1.3660,=1.0141,=0.5569,=0.5555,=0.7802,=0.9882,=1.3591,=1.5178,,=0.0951,,=0.0531,=32
="399805",互联金融,2015-02-10,=-0.0314,=3128,=-0.1873,=9.4423,=0.1630,=7.5943,=9.7671,=11.4521,=13.1628,=16.5816,=0.9568,=0.0994,=0.7644,=1.0469,=1.4208,=1.7274,=2.0317,=1.7669,=0.7793,=1.1667,=1.4082,=1.6143,=1.7903,=2.2175,=0.0238,=0.0940,=0.0248,=0.0347,=328
="HSML25",恒生中国(香港上市)30指数,2003-01-20,=-0.0152,=8832.2000,=-0.0666,=9.4444,=0.5919,=5.7712,=7.9342,=9.0544,=10.2891,=13.0207,=1.0386,=0.3825,=0.7256,=0.9437,=1.0795,=1.2097,=1.5098,=1.6760,=0.7553,=0.9123,=1.1514,=1.4152,=1.7362,=2.4187,,=0.1051,,=0.0346,=269
="932305",智选高股息,2024-09-30,=-0.0065,=12022.4400,=0.0773,=9.6072,=0.8589,=7.0143,=7.4806,=8.3355,=9.3952,=10.9391,=1.0558,=0.5416,=0.8750,=0.9230,=1.0518,=1.0858,=1.1675,=0.5302,=0.0050,=0.5285,=0.7289,=0.7889,=1.2761,=1.3342,=0.0253,=0.1000,=0.0324,=0.0590,=302
="H30356",800价值,2014-06-09,=-0.0087,=6313.4600,=-0.0501,=9.6218,=0.6813,=6.4024,=7.6945,=9.0441,=9.9543,=13.4784,=0.9362,=0.3779,=0.7030,=0.8626,=0.9883,=1.1724,=1.6287,=1.0685,=0.7834,=0.5868,=0.7379,=0.8824,=1.0831,=1.3738,=0.0232,=0.0908,=0.0237,=0.0388,=33
="932422",A500红利低波,2025-04-09,=-0.0070,=2990.2800,=-0.0363,=9.6861,=0.0256,=9.5190,=9.8742,=10.0903,=10.2376,=10.5846,=0.9789,=0,=0.9789,=1.0267,=1.0429,=1.0568,=1.0978,=1.2585,=0.0110,=1.2431,=1.3044,=1.4278,=1.4729,=1.5336,=0.0241,=0.0948,,=0.0428,=314
="HSCESI",恒生中国企业精明指数,2015-06-08,=-0.0132,=12205.9300,=-0.0497,=9.7597,=0.7552,=6.0524,=7.9044,=8.6491,=10.0563,=15.8114,=1.0295,=0.5647,=0.6924,=0.8947,=1.0055,=1.1579,=1.7191,=1.3713,=0.7501,=0.8034,=0.9981,=1.0883,=1.4384,=2.0876,,=0.1052,,=0.0345,=92
="HSCEI",恒生中国企业指数,1994-08-08,=-0.0133,=8463.0200,=-0.0506,=9.7918,=0.7586,=6.0524,=7.9044,=8.6579,=10.0791,=15.8114,=1.0324,=0.5672,=0.6924,=0.8947,=1.0066,=1.1595,=1.7191,=1.3748,=0.7516,=0.8037,=0.9986,=1.0886,=1.4423,=2.0876,,=0.1052,,=0.0344,=4752
="930723",沪港深F100,2015-08-05,=-0.0094,=4952.5100,=-0.0274,=9.7919,=0.6735,=5.4557,=7.5706,=9.0213,=10.1686,=13.1279,=0.9645,=0.4230,=0.6469,=0.8476,=1.0097,=1.1160,=1.4626,=1.2672,=0.7669,=0.6039,=0.8632,=1.0789,=1.2881,=1.6654,,=0.0918,,=0.0389,=151
="931069",中金300,2018-02-14,=-0.0115,=4750.6100,=-0.0507,=9.8798,=0.6670,=5.9518,=7.5526,=9.2859,=10.5003,=13.6164,=1.0226,=0.3959,=0.7377,=0.9217,=1.0919,=1.3550,=1.8328,=1.3243,=0.7933,=0.6656,=0.8652,=1.1141,=1.3282,=1.7542,=0.0231,=0.0958,=0.0284,=0.0386,=92
="000042",上证央企,2009-03-30,=-0.0093,=1740.3200,=-0.0392,=9.8924,=0.7356,=6.3284,=7.8863,=9.1733,=10.0542,=12.9577,=0.9617,=0.4245,=0.7230,=0.8871,=0.9872,=1.1137,=1.4812,=1.2812,=0.9505,=0.6569,=0.8569,=0.9779,=1.1358,=1.3891,=0.0224,=0.0920,=0.0234,=0.0369,=385
="000925",基本面50,2009-02-26,=-0.0040,=4229.1300,=-0.0843,=9.9099,=0.7368,=6.2635,=7.9688,=9.1040,=10.0926,=12.7955,=0.9559,=0.3078,=0.7306,=0.9013,=1.0568,=1.1921,=1.5728,=1.0555,=0.6795,=0.6037,=0.7864,=0.9667,=1.1046,=1.4866,=0.0227,=0.0882,=0.0241,=0.0387,=4551
="932431",300质量,2025-03-18,=0.0008,=1968.8800,=-0.0379,=9.9955,=0.2345,=9.4685,=9.9795,=10.1427,=10.3206,=10.6435,=1.0704,=0.0034,=1.0694,=1.1096,=1.1298,=1.1454,=1.1853,=2.1276,=0.1103,=2.0194,=2.1532,=2.2025,=2.2448,=2.3259,=0.0253,=0.1012,=0.0271,=0.0367,=9
="399550",央视50,2012-06-06,=-0.0020,=8469.1000,=0.0466,=10.0026,=0.7463,=6.8960,=8.2791,=9.2994,=10.1522,=13.0561,=0.9893,=0.1345,=0.8649,=1.0153,=1.2379,=1.4261,=1.8564,=2.0779,=0.8292,=1.3448,=1.6562,=1.8102,=2.0478,=2.5217,=0.0237,=0.0945,=0.0248,=0.0397,=2270
="931375",300质量低波,2019-11-25,=-0.0102,=16271.0100,=-0.0405,=10.0308,=0.3914,=6.4946,=8.1568,=11.4074,=13.5622,=22.0532,=1.2582,=0.3958,=0.8054,=1.0803,=1.5588,=2.0733,=3.3245,=1.7531,=0.5826,=1.0044,=1.3240,=1.6682,=2.0933,=2.5370,=0.0279,=0.1211,=0.0298,=0.0321,=111
="950090",50AH优选,2015-12-10,=-0.0111,=6159.6800,=-0.0039,=10.0336,=0.8509,=6.3188,=7.9111,=8.6491,=9.8249,=13.5010,=1.0500,=0.5648,=0.7914,=0.9494,=1.0280,=1.1240,=1.5403,=1.3568,=0.9511,=0.6574,=0.8480,=0.9512,=1.0613,=1.4553,,=0.1007,,=0.0362,=1998
="932153",港股通价值策略,2025-04-30,=-0.0070,=1129.6700,=0.0751,=10.0970,=0.4449,=8.1696,=9.7389,=10.1389,=10.4016,=10.9237,=0.8745,=0.3954,=0.7012,=0.8403,=0.8822,=0.9026,=0.9365,=1.0355,=0.5019,=0.8168,=0.9738,=1.0353,=1.0647,=1.1126,,=0.0812,,=0.0412,=9
="000859",国企一带一路,2019-05-16,=-0.0139,=1925.6700,=0.0572,=10.1073,=0.0663,=9.4709,=10.6655,=12.5371,=14.5140,=21.0714,=0.9720,=0,=0.9720,=1.1831,=1.4428,=1.7797,=2.1877,=1.1015,=0.9501,=0.4715,=0.5616,=0.7381,=0.8264,=1.1782,=0.0234,=0.0898,=0.0201,=0.0360,=264
="000806",消费服务,2012-02-10,=-0.0088,=7825.4500,=-0.0710,=10.1111,=0.2339,=8.9888,=10.0326,=10.8070,=11.8704,=17.0971,=1.0639,=0.0264,=1.0009,=1.1985,=1.3534,=1.5460,=2.0145,=2.1404,=0.5285,=1.6526,=1.9465,=2.1223,=2.3803,=3.0032,=0.0246,=0.1002,=0.0266,=0.0367,=422
="000056",上证国企,2010-01-04,=-0.0076,=1222.3100,=-0.0201,=10.1234,=0.6349,=7.2538,=8.8792,=9.7186,=10.7955,=13.3187,=1.1163,=0.4785,=0.8518,=1.0314,=1.1227,=1.2162,=1.5455,=1.6479,=0.9377,=0.7909,=0.9986,=1.1112,=1.2333,=1.7805,=0.0264,=0.1060,=0.0271,=0.0373,=199
="930709",香港证券,2015-07-13,=-0.0089,=1268.5000,=-0.1019,=10.1289,=0.1860,=6.3679,=10.2599,=12.8144,=14.8908,=24.4010,=0.9315,=0.4362,=0.5308,=0.7585,=0.9648,=1.2510,=1.6136,=3.8938,=0.7360,=1.7834,=2.5966,=3.1589,=4.1603,=5.9903,,=0.0828,,=0.0355,=506
="931722",国新港股通央企红利,2023-09-13,=-0.0149,=1430.2000,=0.0853,=10.1903,=0.9079,=5.5040,=6.6780,=7.6504,=9.4186,=10.8173,=0.9251,=0.8550,=0.6213,=0.7276,=0.8221,=0.9084,=1.0298,=0.6348,=0.8792,=0.3100,=0.3811,=0.4691,=0.6083,=0.6918,,=0.0875,,=0.0499,=349
="931373",股息龙头,2019-11-15,=-0.0048,=2662.2500,=-0.0438,=10.2118,=0.8652,=5.4295,=6.8817,=8.2864,=9.5357,=11.4004,=1.0915,=0.6823,=0.6697,=0.8475,=1.0102,=1.1268,=1.2586,=1.4945,=0.9019,=0.5706,=0.8130,=0.9852,=1.3803,=1.6262,=0.0258,=0.1004,=0.0264,=0.0407,=326
="399371",国证价值,2010-01-04,=-0.0096,=7045.1800,=-0.0219,=10.2380,=0.7669,=6.4728,=7.8356,=9.0962,=10.4280,=13.0475,=0.9800,=0.4303,=0.7249,=0.8967,=1.0097,=1.2365,=1.5675,=1.0639,=0.7529,=0.5764,=0.7536,=0.8692,=1.0978,=1.3812,=0.0233,=0.0892,=0.0237,=0.0387,=134
="000021",180治理,2008-09-10,=-0.0063,=1031.8300,=-0.0518,=10.2864,=0.7096,=6.3364,=8.4357,=9.7093,=10.5850,=13.6109,=1.0775,=0.4047,=0.7542,=0.9755,=1.0981,=1.2187,=1.5847,=1.4104,=0.9567,=0.6625,=0.8519,=0.9540,=1.1427,=1.4979,=0.0243,=0.0995,=0.0258,=0.0379,=164
="930931",港股通50,2017-01-16,=-0.0093,=3879.0600,=0.0002,=10.3010,=0.5857,=6.5385,=8.6980,=9.7940,=11.3872,=15.8907,=1.0757,=0.4334,=0.7428,=0.9452,=1.0977,=1.1831,=1.6058,=1.8617,=0.7531,=1.1204,=1.4683,=1.7047,=1.9142,=2.6369,,=0.0979,,=0.0345,=292
="399995",基建工程,2015-03-12,=-0.0167,=3819.6300,=-0.0222,=10.3202,=0.7665,=5.8673,=7.3439,=8.2791,=11.2391,=18.8590,=0.6578,=0.0107,=0.5815,=0.7274,=0.8999,=1.3587,=2.1834,=0.1884,=0.3177,=0.1368,=0.1788,=0.2046,=0.3459,=0.5478,=0.0129,=0.0543,=0.0158,=0.0266,=2690
="930846",300SNLV,2016-06-24,=-0.0055,=6889.4200,=0.0415,=10.4284,=0.6394,=7.7900,=9.2043,=10.0799,=10.7440,=12.6275,=1.0233,=0.1471,=0.8340,=1.0373,=1.0956,=1.2278,=1.5027,=1.4732,=0.8982,=0.7711,=0.9521,=1.1588,=1.3276,=1.6864,=0.0237,=0.0917,=0.0233,=0.0390,=149
="000048",责任指数,2009-08-05,=-0.0066,=1335.0600,=-0.0952,=10.4532,=0.4699,=7.8628,=9.5548,=10.5378,=11.7735,=14.1982,=1.1091,=0.1333,=0.9056,=1.1423,=1.2995,=1.4408,=1.7866,=0.9235,=0.8073,=0.5718,=0.6942,=0.7993,=0.9204,=1.0691,=0.0224,=0.0991,=0.0247,=0.0396,=127
="930957",港股通中国100,2017-06-23,=-0.0134,=3585.1500,=-0.0530,=10.4567,=0.7366,=5.4625,=7.5941,=8.9144,=10.8193,=13.3106,=1.1156,=0.5976,=0.6571,=0.8615,=1.0712,=1.2009,=1.5222,=1.4333,=0.8565,=0.6789,=0.9632,=1.1253,=1.3602,=1.6609,,=0.1015,,=0.0341,=14
="930608",中证基建,2015-03-31,=-0.0167,=7871.3500,=-0.0725,=10.5931,=0.5157,=6.6667,=8.6208,=10.5101,=14.4084,=25.2863,=0.7233,=0.0095,=0.6550,=0.8173,=1.1096,=1.4911,=2.2134,=0.2212,=0.1984,=0.1701,=0.2221,=0.3376,=0.4858,=0.7101,=0.0141,=0.0583,=0.0170,=0.0286,=653
="HSLI",恒生综合大型股指数,2001-10-03,=-0.0108,=2325.8800,=-0.0340,=10.6720,=0.5398,=6.9327,=9.1097,=10.4950,=11.7587,=17.6478,=1.0879,=0.4224,=0.7133,=0.9432,=1.1160,=1.2416,=1.6032,=1.5059,=0.6236,=0.8297,=1.1852,=1.4234,=1.6322,=2.0023,,,,=0.0350,=100
="931052",国信价值,2017-12-08,=-0.0070,=3601.8400,=0.0436,=10.7210,=0.9873,=5.3831,=6.5941,=7.4078,=8.7521,=10.9755,=1.3567,=0.9312,=0.7343,=0.9119,=1.0298,=1.1560,=1.5208,=1.7484,=0.9483,=0.6105,=0.9399,=1.2252,=1.4519,=2.0196,=0.0310,=0.1267,=0.0326,=0.0379,=558
="930839",港股通高息精选,2016-06-08,=-0.0101,=3464.3300,=0.0046,=10.7776,=0.6305,=4.9918,=7.1250,=9.3480,=13.2500,=31.7979,=1.4153,=0.7564,=0.7294,=0.9281,=1.0729,=1.5794,=4.8768,=1.2143,=0.4692,=0.3418,=0.5598,=1.2482,=1.9157,=6.3245,,=0.1433,,=0.0498,=370
="980081",价值100,2012-12-28,,,=0.0355,=10.8791,=0.8646,=7.7317,=8.3221,=8.6049,=9.9082,=11.5920,=1.1829,=0.8386,=0.8413,=0.8845,=0.9208,=1.1124,=1.3448,=1.1192,=0.8646,=0.7580,=0.8049,=0.8725,=1.0417,=1.2118,=0.0275,=0.0995,=0.0251,=0.0454,=355
="000901",小康指数,2010-04-02,=-0.0105,=6052.2700,=-0.0459,=10.8886,=0.4666,=8.5492,=9.9918,=10.9850,=12.5401,=15.5671,=1.0084,=0.0095,=0.9844,=1.0868,=1.2452,=1.4333,=1.7818,=1.0315,=0.6955,=0.7500,=0.8905,=0.9680,=1.0556,=1.2662,=0.0231,=0.0878,=0.0238,=0.0343,=250
="HSAHP",恒生沪深港通AH股溢价指数,2007-07-09,=-0.0049,=119.0200,=-0.0360,=10.9412,=0.9225,=5.5550,=7.1430,=8.3314,=9.6590,=12.3156,=1.0682,=0.7885,=0.6208,=0.7734,=0.9225,=1.0804,=1.3863,=1.2485,=0.9217,=0.5653,=0.7668,=0.9029,=1.0741,=1.3750,,=0.0958,,=0.0325,=347
="399812",养老产业,2014-06-06,=-0.0044,=5408.4900,=-0.1458,=11.0511,=0,=11.0511,=18.0736,=20.4853,=25.3954,=31.4367,=1.6420,=0,=1.6420,=2.0677,=2.8115,=3.2414,=4.2954,=1.3690,=0.0602,=1.2170,=1.4646,=1.6759,=1.8719,=2.5548,=0.0294,=0.1459,=0.0345,=0.0286,=6224
="000016",上证50,2004-01-02,=-0.0130,=2934.7100,=-0.0318,=11.2472,=0.7273,=8.3126,=9.6249,=10.4387,=11.5466,=15.1108,=1.1877,=0.2583,=1.0245,=1.1658,=1.2377,=1.3330,=1.6482,=1.5232,=0.9295,=0.8665,=1.0163,=1.1250,=1.2765,=1.6440,=0.0249,=0.1007,=0.0262,=0.0327,=23454
="000052",50基本,2012-01-09,=-0.0061,=2704.8800,=-0.1054,=11.2472,=0.7269,=8.3126,=9.6258,=10.4397,=11.5466,=15.1108,=1.1877,=0.2583,=1.0245,=1.1658,=1.2377,=1.3328,=1.6471,=1.5232,=0.9295,=0.8665,=1.0163,=1.1250,=1.2765,=1.6440,=0.0249,=0.1007,=0.0262,=0.0327,=26
="932457",港股通现金流,2025-02-28,=-0.0138,=2068.4200,=0.0514,=11.4130,=0.7810,=7.5325,=8.8808,=10.1136,=11.4406,=12.3320,=1.1452,=0.1732,=1.0440,=1.1484,=1.2048,=1.3366,=1.5343,=0.9350,=0.2908,=0.7966,=0.9120,=0.9650,=1.2227,=1.4545,,=0.0990,,=0.0424,=39
="932450",香港现金流,2025-02-28,=-0.0033,=1836.4700,=-0.0866,=11.4754,=0.9575,=6.6300,=8.0795,=9.8150,=10.3774,=12.1695,=0.7967,=0.0163,=0.7918,=0.8604,=1.1830,=1.2884,=1.5038,=0.4921,=0.0163,=0.4891,=0.5286,=0.9096,=1.0532,=1.2561,,=0.0828,,=0.0436,=9
="HSLMI",恒生综合大中型股指数,2015-06-08,=-0.0097,=3999.2900,=-0.0304,=11.5269,=0.6671,=7.0073,=9.2988,=10.5399,=12.3479,=17.7261,=1.1239,=0.5736,=0.6929,=0.9060,=1.0944,=1.2279,=1.5417,=1.3498,=0.7740,=0.6858,=0.9753,=1.1708,=1.3712,=1.6465,,,,=0.0334,=87
="932255",A500红利增长,2025-04-09,=-0.0077,=2987.8300,=-0.0164,=11.5823,=0.6777,=9.2509,=10.3594,=10.9497,=11.8405,=12.2754,=1.3034,=0.5275,=1.0684,=1.2322,=1.3002,=1.3700,=1.4369,=1.9061,=0.6337,=1.3292,=1.6749,=1.7855,=1.9663,=2.0549,=0.0280,=0.1066,,=0.0341,=33
="000043",超大盘,2009-04-23,=-0.0163,=2601.9700,=-0.0056,=11.5850,=0.6122,=7.5271,=9.4626,=10.9275,=13.3459,=17.2195,=1.3068,=0.3304,=0.9803,=1.2132,=1.3548,=1.5050,=1.9858,=2.1672,=0.9592,=0.6740,=0.8554,=1.2357,=1.5151,=2.3305,=0.0268,=0.1053,=0.0277,=0.0330,=161
="HSISC",恒指港股通指数,2024-03-01,=-0.0116,=3455.4000,=-0.0119,=11.6205,=0.6886,=7.5992,=8.6124,=10.1431,=11.9274,=12.8475,=1.2385,=0.6996,=0.8411,=0.9156,=1.1282,=1.2575,=1.3442,=1.5825,=0.6868,=0.9830,=1.1376,=1.3960,=1.6148,=1.7320,,,,=0.0335,=49
="HSI",恒生指数,1989-03-09,=-0.0106,=25328.2300,=-0.0118,=11.7929,=0.7199,=6.9462,=9.2250,=10.2876,=12.2410,=16.9606,=1.2473,=0.7492,=0.7519,=0.9714,=1.1234,=1.2660,=1.5570,=1.5388,=0.6279,=0.8141,=1.1480,=1.4312,=1.6549,=2.0895,,,,=0.0330,=13471
="931476",ESG 120策略,2020-04-30,=-0.0063,=1502.4300,=0.0776,=11.9077,=0.8393,=7.8289,=9.6304,=10.5912,=11.7815,=13.2171,=1.3059,=0.6406,=1.0061,=1.1756,=1.2502,=1.3669,=1.7130,=1.5763,=0.9571,=0.7906,=1.0586,=1.1465,=1.3352,=1.6137,=0.0265,=0.1050,=0.0271,=0.0314,=47
="000010",上证180,2002-07-01,=-0.0140,=10192.3800,=0.0176,=12.0506,=0.7781,=8.4900,=9.9408,=10.9778,=12.1221,=14.6942,=1.2039,=0.3573,=0.9930,=1.1498,=1.2655,=1.3646,=1.6698,=1.4242,=0.9365,=0.8990,=1.0652,=1.1803,=1.3036,=1.4916,=0.0240,=0.0943,=0.0246,=0.0311,=2495
="1000010",上海B股,1994-01-10,,,,=12.0920,=0.1415,=6.8464,=13.0538,=19.2568,=37.2537,=68.1787,=0.9004,=0.1741,=0.7158,=0.9126,=1.0166,=1.2500,=1.7346,=0.6862,=0.6840,=0.3163,=0.4060,=0.5564,=0.7425,=1.2119,,,=0.0164,=0.0430,=128
="931395",沪港深300,2020-01-14,=-0.0085,=1768.5600,=0.0257,=12.3030,=0.7141,=8.3275,=10.0206,=10.8374,=12.5566,=16.6490,=1.2598,=0.5649,=0.9663,=1.1026,=1.2160,=1.3713,=1.7241,=1.5844,=0.8017,=0.9881,=1.1721,=1.3169,=1.5815,=1.8801,,=0.0964,,=0.0309,=502
="399313",巨潮100,2005-02-03,=-0.0061,=5525.8200,=0.0145,=12.3114,=0.7896,=8.9278,=10.3379,=11.0765,=12.3608,=16.6101,=1.2910,=0.3313,=1.0718,=1.2392,=1.3353,=1.4929,=1.8501,=1.5810,=0.9501,=0.9844,=1.1489,=1.2623,=1.4310,=1.6915,=0.0250,=0.0999,=0.0255,=0.0298,=208
="HSCAIT",恒生A股行业龙头指数,2009-09-21,=-0.0024,=5575.9300,=-0.0322,=12.3795,=0.8896,=8.2192,=9.7787,=10.4534,=11.7824,=14.1027,=1.3018,=0.6419,=1.0288,=1.1837,=1.2628,=1.3564,=1.6997,=1.3399,=0.9386,=0.8424,=0.9732,=1.0495,=1.2101,=1.4109,=0.0256,=0.1023,=0.0256,=0.0343,=493
="931586",300价值稳健,2020-11-09,=-0.0042,=7379.8400,=-0.0331,=12.5553,=0.7610,=8.1741,=9.6682,=11.1010,=12.7334,=15.0111,=1.4197,=0.6634,=0.9699,=1.1915,=1.3277,=1.5191,=1.6570,=1.4204,=0.8496,=0.7359,=0.8638,=0.9827,=1.0850,=1.5639,=0.0264,=0.1070,=0.0304,=0.0362,=41
="399807",高铁产业,2015-01-20,=-0.0089,=1165.7400,=-0.0616,=12.8452,=0.5025,=9.4881,=11.2215,=12.8399,=15.7486,=24.3532,=0.7937,=0.0004,=0.7927,=0.9212,=1.0363,=1.5289,=2.3973,=0.4108,=0.4224,=0.3063,=0.3761,=0.4237,=0.4819,=0.6435,=0.0121,=0.0541,=0.0137,=0.0295,=590
="932039",央企股东回报,2022-11-16,=-0.0138,=1647.4700,=0.0382,=12.8597,=0.9305,=8.0198,=9.6526,=10.9200,=11.9226,=13.8005,=1.2182,=0.8695,=0.8847,=1.0024,=1.1028,=1.1716,=1.4098,=0.8077,=0.9281,=0.3642,=0.4240,=0.5256,=0.6648,=0.8821,=0.0235,=0.0905,=0.0215,=0.0410,=128
="930629",CSSW健康,2015-05-08,=-0.0121,=5355.3400,=-0.0648,=12.9089,=0.0008,=12.7079,=18.1887,=21.9128,=38.8610,=49.9253,=1.8250,=0.0054,=1.7767,=2.1797,=3.0894,=4.6323,=6.2998,=1.6048,=0.2570,=1.2755,=1.5585,=1.9347,=4.7309,=7.2978,=0.0270,=0.1388,=0.0324,=0.0237,=269
="931468",红利质量,2020-05-21,=-0.0144,=33557.2700,=0.0650,=13.1146,=0.0007,=13.0933,=16.1105,=18.9045,=22.0966,=36.4689,=2.2204,=0,=2.2204,=2.8806,=3.7880,=4.7312,=8.5636,=2.2152,=0.1208,=1.9811,=2.3500,=2.9378,=3.9645,=5.8829,=0.0381,=0.1637,=0.0476,=0.0312,=1123
="1000015",港股全指,2000-01-01,=-0.0106,=25328.2300,=-0.0118,=13.1639,=0.7366,=7.5917,=10.2534,=11.3123,=13.5907,=19.1348,=1.1106,=0.6150,=0.6574,=0.8625,=1.0630,=1.1863,=1.5123,=1.2102,=0.6898,=0.6196,=0.8644,=1.0955,=1.2707,=1.5791,,,,=0.0321,=304
="H30455",沪港深500,2014-11-28,=-0.0098,=2681.8200,=0.0093,=13.2371,=0.8076,=8.5690,=10.3715,=11.4128,=13.2029,=16.8903,=1.3422,=0.6282,=0.9675,=1.1607,=1.2873,=1.4056,=1.7307,=1.5990,=0.9158,=0.9518,=1.1783,=1.3145,=1.5017,=1.7787,,=0.0953,,=0.0293,=524
="931412",证券公司30,2020-02-20,=-0.0121,=1399.5100,=-0.1393,=13.2407,=0.0059,=12.7557,=16.3611,=18.6043,=22.7585,=36.9291,=1.2123,=0.1086,=1.0327,=1.2683,=1.4483,=1.7024,=2.4365,=5.3224,=0.3618,=3.9462,=5.0225,=5.5634,=6.7296,=9.6353,=0.0228,=0.0861,=0.0218,=0.0229,=22
="000044",上证中盘,2009-07-03,=-0.0112,=4789.7700,=0.0496,=13.2580,=0.5924,=8.6509,=10.4793,=12.5309,=14.6389,=18.7575,=1.2252,=0.3944,=0.9210,=1.0900,=1.2859,=1.6557,=1.9734,=1.3153,=0.6345,=0.9382,=1.1499,=1.2496,=1.4304,=1.7773,=0.0229,=0.0859,=0.0223,=0.0292,=93
="931168",绿色价值100,2019-06-27,=-0.0064,=1546.5100,=0.0398,=13.2755,=0.8943,=8.4906,=9.9712,=11.3182,=12.8001,=14.6050,=1.4630,=0.8985,=1.0223,=1.1877,=1.2789,=1.4030,=1.6052,=1.5722,=0.9457,=0.9649,=1.1293,=1.2471,=1.3490,=1.6482,=0.0274,=0.1011,=0.0242,=0.0300,=10
="930949",价值回报,2017-02-24,=-0.0118,=13503.7800,=-0.0101,=13.4784,=0.8922,=5.5354,=8.0839,=9.9964,=12.2067,=17.5400,=2.1107,=0.7626,=1.2865,=1.4734,=1.7382,=2.1729,=3.1701,=1.4459,=0.9715,=0.5488,=0.7115,=0.8700,=1.2554,=1.7276,=0.0290,=0.1096,=0.0305,=0.0357,=30
="931397",A股通50,2020-02-20,=-0.0026,=2408.7400,=0.0628,=13.5173,=0.5935,=8.9450,=10.5561,=12.8396,=21.6801,=29.8209,=1.6526,=0.4644,=1.1048,=1.2768,=1.7335,=3.5853,=4.6955,=1.9747,=0.5975,=1.0496,=1.2825,=1.8766,=2.9164,=3.9597,=0.0296,=0.1069,=0.0278,=0.0283,=8
="399437",证券龙头,2014-12-30,=-0.0129,=5863.8600,=-0.1392,=13.6048,=0.0157,=12.1935,=17.3662,=20.0004,=25.0411,=43.0253,=1.2327,=0.0887,=1.0547,=1.2991,=1.5403,=1.8360,=2.3633,=5.4186,=0.2487,=3.9970,=5.3087,=6.2024,=7.2524,=9.5068,=0.0223,=0.0851,=0.0215,=0.0224,=696
="000028",180成长,2009-01-09,=-0.0205,=4048.8900,=0.0347,=13.7315,=0.4171,=9.5268,=12.0615,=14.4844,=18.2344,=25.1474,=1.8504,=0.2104,=1.5063,=1.8423,=2.6890,=3.1694,=5.1089,=1.9560,=0.8746,=1.1581,=1.4574,=1.6173,=1.8584,=2.3971,=0.0333,=0.1358,=0.0227,=0.0247,=193
="399314",巨潮大盘,2005-02-03,=-0.0079,=5315.5300,=0.0385,=13.7545,=0.8655,=9.6620,=11.1137,=12.0305,=13.4640,=17.5384,=1.3831,=0.4105,=1.0976,=1.2830,=1.4166,=1.5848,=1.9279,=1.5496,=0.9121,=0.9932,=1.1678,=1.3048,=1.4580,=1.8124,=0.0244,=0.0938,=0.0251,=0.0284,=16
="931132",诚通央企红利,2023-05-04,=-0.0141,=1706.0300,=0.0513,=13.9199,=0.9231,=9.0905,=10.5613,=11.8774,=12.9024,=15.2313,=1.3038,=0.8637,=0.9482,=1.0872,=1.1826,=1.2277,=1.5338,=0.7934,=0.9123,=0.3626,=0.4243,=0.4748,=0.6120,=0.8835,=0.0249,=0.0916,=0.0215,=0.0401,=33
="000971",等权90,2010-12-02,=-0.0090,=3501.2600,=0.0423,=13.9323,=0.8400,=8.9747,=10.8771,=11.8303,=13.6827,=19.4330,=1.5318,=0.6247,=1.1544,=1.3241,=1.4370,=1.6219,=2.2329,=1.7724,=0.9827,=1.0052,=1.1453,=1.2581,=1.5287,=1.8600,=0.0259,=0.1045,=0.0271,=0.0272,=9
="931155",300质量成长,2019-04-22,=-0.0057,=11592.2200,=0.1463,=13.9526,=0.5573,=7.3805,=10.7854,=13.5926,=15.3084,=31.0699,=2.0504,=0.3898,=1.1055,=1.6630,=2.2704,=2.8362,=5.3844,=2.5611,=0.7731,=1.3218,=1.7711,=2.1599,=2.6066,=3.8395,=0.0331,=0.1462,=0.0366,=0.0218,=78
="000908",300能源,2007-07-02,=0.0053,=2554.6700,=0.0807,=14.1601,=0.5664,=6.9395,=9.4585,=13.2304,=22.3858,=62.7889,=1.4060,=0.9101,=0.7125,=0.8868,=1.1228,=1.2812,=1.8071,=0.8675,=0.9748,=0.3053,=0.3856,=0.5101,=0.6901,=1.0302,=0.0302,=0.1004,=0.0297,=0.0383,=268
="931082",A500现金流,2025-07-16,=-0.0093,=4511.7600,=-0.0049,=14.2051,=0.5507,=11.3087,=12.2098,=13.8014,=15.0377,=16.5522,=1.6348,=0,=1.6348,=1.7891,=1.8909,=1.9666,=2.0613,=1.2808,=0.0048,=1.2740,=1.3622,=1.4887,=1.5674,=1.6378,=0.0315,=0.1166,,=0.0390,=114
="931802",中证龙头,2010-02-09,=-0.0037,=1938.7000,=0.0513,=14.2225,=0.8482,=9.1945,=11.3113,=12.3725,=13.9877,=18.2393,=1.9268,=0.8486,=1.2849,=1.4599,=1.6572,=1.8759,=2.6625,=2.0632,=0.8626,=0.9048,=1.0742,=1.3340,=1.9823,=2.7195,=0.0324,=0.1325,=0.0308,=0.0292,=96
="931381",中证长三角,2019-11-25,=-0.0081,=2063.4800,=0.0194,=14.2343,=0.8647,=9.1117,=10.6500,=11.9845,=13.8875,=16.1441,=1.3859,=0.5997,=0.9630,=1.1499,=1.3026,=1.5519,=1.8124,=1.9010,=0.9835,=0.8724,=1.0695,=1.2435,=1.5343,=1.9541,=0.0256,=0.0961,=0.0259,=0.0261,=7
="932368",800现金流,2024-12-11,=-0.0121,=5068.7100,=-0.0088,=14.3069,=0.8171,=9.9108,=10.8011,=11.6251,=14.0244,=15.6891,=1.5161,=0.1629,=1.4048,=1.5414,=1.6841,=1.8774,=2.0110,=1.2211,=0.3714,=1.0036,=1.0982,=1.3177,=1.3996,=1.5226,=0.0283,=0.1177,=0.0451,=0.0378,=221
="931402",证券先锋,2020-01-14,=-0.0117,=1779.8800,=-0.1465,=14.3155,=0.0052,=13.6795,=17.8741,=20.8392,=25.8947,=41.4692,=1.2357,=0.1040,=1.0487,=1.2885,=1.4679,=1.7508,=2.4715,=5.5777,=0.3249,=4.0917,=5.3108,=5.9058,=7.0908,=10.0278,=0.0214,=0.0819,=0.0203,=0.0215,=92
="932365",中证现金流,2024-12-11,=-0.0124,=5187.9300,=-0.0152,=14.3342,=0.8057,=10.1873,=10.9067,=11.8299,=14.2860,=15.8261,=1.5119,=0,=1.5119,=1.6882,=1.7899,=1.8878,=2.0150,=1.0904,=0,=1.0904,=1.2044,=1.4140,=1.5182,=1.6205,=0.0286,=0.1155,=0.0394,=0.0379,=640
="950096",上海国企,2016-05-11,=-0.0125,=1391.4300,=-0.0803,=14.3407,=0.6885,=8.9055,=11.0343,=12.5691,=15.1972,=16.5992,=1.0609,=0.3981,=0.7269,=0.8713,=1.1350,=1.5156,=2.0186,=1.1778,=0.8985,=0.5842,=0.6832,=0.8499,=1.1317,=1.2890,=0.0189,=0.0761,=0.0213,=0.0219,=169
="980092",自由现金流,2012-12-28,=-0.0139,=5393.8900,=0.0012,=14.3773,=0.7802,=11.1075,=12.1436,=12.8678,=14.5431,=16.4362,=1.4790,=0.0691,=1.4157,=1.5088,=1.5935,=1.6722,=1.8134,=0.9139,=0.2815,=0.7577,=0.8746,=0.9491,=0.9830,=1.0805,=0.0285,=0.1047,=0.0263,=0.0327,=1345
="932366",300现金流,2024-11-12,=-0.0100,=3381.0800,=0.0118,=14.3974,=0.6388,=12.5879,=13.4430,=14.0216,=14.9740,=16.2670,=1.5634,=0,=1.5634,=1.7514,=1.8387,=1.9008,=1.9885,=1.1773,=0.0782,=1.0861,=1.2356,=1.4033,=1.4442,=1.5124,=0.0285,=0.1163,=0.0355,=0.0398,=160
="399975",证券公司,2013-07-15,=-0.0121,=732.7400,=-0.1406,=14.4188,=0.0256,=12.2675,=18.7170,=21.4891,=26.4841,=46.0250,=1.2339,=0.0899,=1.0494,=1.3035,=1.5637,=1.8793,=2.4199,=5.5859,=0.2653,=4.0997,=5.4154,=6.3260,=7.4089,=10.0865,=0.0211,=0.0810,=0.0201,=0.0213,=9754
="399439",国证油气,2014-12-30,=-0.0170,=2185.9800,=0.1351,=14.5182,=0.4856,=7.2448,=10.6844,=15.3465,=29.9849,=98.7831,=1.3742,=0.9319,=0.6716,=0.7849,=1.1410,=1.2615,=1.8382,=0.7645,=0.9703,=0.2370,=0.3183,=0.5041,=0.5963,=0.9735,=0.0300,=0.0921,=0.0283,=0.0349,=95
="931248",油气资源,2023-06-12,=-0.0182,=1117.7400,=0.2232,=14.5433,=0.8886,=8.9017,=10.1628,=11.1957,=12.9622,=19.0700,=1.3659,=0.8181,=1.0292,=1.1493,=1.2106,=1.3502,=1.8318,=0.7625,=0.8928,=0.4486,=0.5079,=0.5887,=0.6628,=0.9774,=0.0301,=0.0906,=0.0280,=0.0348,=41
="000300",沪深300,2005-04-08,=-0.0080,=4908.1700,=0.0601,=14.5722,=0.9047,=10.0799,=11.6910,=12.6086,=14.1071,=17.6279,=1.4546,=0.4658,=1.1457,=1.3350,=1.4689,=1.6202,=1.9228,=1.5769,=0.9579,=1.0330,=1.1718,=1.3045,=1.4522,=1.7482,=0.0246,=0.0934,=0.0249,=0.0270,=48583
="931454",港股通消费,2020-03-06,=-0.0094,=1371.0861,=-0.1095,=14.6161,=0,=14.6161,=20.7918,=27.7555,=37.2334,=64.7193,=2.4348,=0,=2.4348,=3.2154,=3.6535,=5.1300,=8.9519,=1.3205,=0,=1.3205,=1.9640,=2.3931,=3.6050,=6.6047,,=0.1670,,=0.0468,=354
="932315",中证红利质量,2024-07-08,=-0.0083,=4379.2700,=-0.0299,=14.6456,=0.3319,=12.3916,=13.4970,=15.6919,=16.6330,=18.7206,=2.5148,=0.2615,=2.1812,=2.3581,=3.4393,=4.0059,=4.4900,=2.8143,=0.3516,=2.0136,=2.1672,=3.0030,=3.1881,=3.5388,=0.0482,=0.1829,=0.0412,=0.0386,=490
="000822",500红利,2012-07-20,=-0.0123,=10609.3900,=0.0427,=14.6491,=0.7607,=7.4138,=9.6102,=11.2653,=17.4039,=26.4578,=1.2119,=0.4538,=0.8670,=1.0202,=1.2398,=1.7672,=2.2876,=0.6703,=0.5689,=0.2906,=0.3999,=0.5821,=1.2357,=1.8159,=0.0233,=0.0658,=0.0188,=0.0369,=36
="HSCGSI",恒生消费指数,2015-08-17,=-0.0096,=2390.0500,=-0.0741,=14.7726,=0.0045,=14.2396,=17.9838,=20.3604,=46.9799,=191.0166,=2.4504,=0.3915,=1.6557,=2.1371,=2.5823,=3.0646,=4.3429,=1.3403,=0.2902,=0.9965,=1.2493,=1.5542,=1.8502,=2.9413,,,,=0.0456,=815
="930758",凤凰50,2018-11-21,=-0.0154,=8657.9700,=0.0868,=14.8021,=0.6493,=8.6050,=10.8054,=13.4556,=15.7570,=22.7753,=1.7155,=0.5465,=1.0496,=1.4306,=1.6523,=2.0861,=3.0708,=2.0353,=0.8889,=0.3622,=0.7516,=1.3112,=1.8844,=3.4064,=0.0281,=0.1135,=0.0262,=0.0302,=63
="000928",中证能源,2009-07-03,=0.0095,=3368.5900,=0.1431,=14.8632,=0.6205,=6.9612,=9.7906,=13.1590,=21.9709,=68.9647,=1.4148,=0.9212,=0.7281,=0.9359,=1.1477,=1.2963,=1.8006,=0.8794,=0.9748,=0.3162,=0.4106,=0.5298,=0.7001,=1.0383,=0.0289,=0.0960,=0.0282,=0.0363,=1284
="980028",龙头家电,2015-02-16,=-0.0132,=12342.0800,=-0.0195,=15.0767,=0.5953,=11.8600,=13.7097,=14.6134,=18.7411,=31.1013,=2.5443,=0.0679,=2.3382,=2.6695,=2.9160,=3.6912,=5.1202,=1.3829,=0.6756,=0.9787,=1.2014,=1.3296,=1.4869,=2.2318,=0.0430,=0.1789,=0.0477,=0.0425,=180
="H30198",油气产业,2013-07-15,=-0.0176,=2478.3100,=0.1765,=15.1625,=0.5195,=7.8064,=10.8387,=14.0741,=25.5376,=104.2111,=1.3950,=0.9456,=0.6580,=0.8158,=1.1431,=1.2515,=1.8532,=0.7541,=0.9662,=0.2505,=0.3193,=0.4753,=0.5887,=0.9554,=0.0307,=0.0868,=0.0269,=0.0330,=106
="H11057",石化产业,2009-07-22,=-0.0235,=1372.1500,=0.0045,=15.2179,=0.6366,=9.0713,=11.9883,=13.9215,=19.4685,=46.6548,=1.5291,=0.9202,=0.9085,=1.1887,=1.3412,=1.4396,=1.9948,=0.8248,=0.9228,=0.4002,=0.4796,=0.6096,=0.7496,=1.0264,=0.0331,=0.0946,=0.0281,=0.0311,=62
="000955",中证国企,2010-02-09,=-0.0128,=1611.0700,=0.0097,=15.2369,=0.8573,=10.0979,=11.7062,=12.7301,=14.8952,=16.8119,=1.2622,=0.4179,=1.0210,=1.1826,=1.2944,=1.4508,=1.7591,=1.3036,=0.8494,=0.7969,=0.9757,=1.0889,=1.2760,=1.4527,=0.0213,=0.0765,=0.0217,=0.0269,=39
="931021",家电龙头,2017-10-17,=-0.0209,=17267.3900,=-0.0442,=15.3532,=0.4333,=11.3343,=14.2158,=15.8397,=19.3923,=31.7589,=2.4285,=0.0158,=2.3685,=2.6510,=3.0582,=3.9092,=5.4650,=1.2505,=0.5495,=0.8457,=1.1159,=1.2348,=1.4881,=2.4102,=0.0396,=0.1676,=0.0453,=0.0411,=24
="HSMI",恒生综合中型股指数,2001-10-03,=-0.0038,=4929.9700,=-0.0105,=15.3842,=0.8935,=7.1837,=9.6369,=11.2521,=14.6415,=19.0737,=1.2538,=0.8598,=0.6229,=0.7817,=1.0105,=1.2262,=1.5312,=1.0192,=0.9748,=0.4186,=0.5568,=0.6724,=0.8063,=1.0938,,,,=0.0282,=160
="000986",全指能源,2011-08-02,=0.0074,=2666.5400,=0.1423,=15.6055,=0.6341,=6.8032,=9.9968,=13.3595,=21.8458,=75.0146,=1.4203,=0.9253,=0.7554,=0.9688,=1.1712,=1.3126,=1.7977,=0.8931,=0.9748,=0.3323,=0.4459,=0.5656,=0.7169,=1.0524,=0.0281,=0.0918,=0.0274,=0.0350,=599
="399324",深证红利,2006-01-24,=-0.0103,=8767.3300,=-0.0419,=15.8287,=0.5198,=11.7065,=14.4290,=15.7542,=17.7170,=23.4132,=2.2391,=0.5289,=1.2884,=1.9036,=2.1825,=2.5075,=3.7254,=1.8615,=0.6547,=1.1033,=1.3622,=1.7389,=1.9640,=2.8578,=0.0424,=0.1345,=0.0450,=0.0421,=5215
="931404",SHS品牌消费50,2020-02-20,=-0.0030,=2314.2900,=-0.1430,=15.8575,=0.0069,=15.2551,=18.4479,=21.6314,=30.4541,=52.1290,=3.3001,=0,=3.3001,=4.5999,=5.2961,=7.2928,=13.2899,=2.8619,=0.0777,=2.1582,=3.1830,=4.1166,=6.4245,=12.0094,,=0.2165,,=0.0312,=131
="HSSCHKC",恒生港股通香港公司指数,2017-11-20,=-0.0079,=3414.5300,=0.0988,=15.9409,=0.6706,=9.9660,=12.2164,=14.2747,=18.2050,=45.2058,=1.2721,=0.8535,=0.8018,=0.9523,=1.0970,=1.2408,=1.4001,=2.8270,=0.8382,=1.7566,=2.0722,=2.3877,=2.7416,=3.2431,,,,=0.0355,=14
="000066",上证商品,2010-04-30,=-0.0189,=3968.5500,=0.1251,=15.9588,=0.5796,=7.9120,=11.1675,=15.0766,=23.3964,=53.3084,=1.7498,=0.9616,=0.9403,=1.2105,=1.3339,=1.4909,=2.2405,=1.0082,=0.9670,=0.4082,=0.5256,=0.6495,=0.7706,=1.2223,=0.0347,=0.1091,=0.0303,=0.0301,=74
="000092",资源50,2011-05-10,=-0.0223,=5173.6600,=0.0598,=15.9697,=0.5957,=7.9483,=11.3499,=14.9150,=23.1349,=52.0101,=1.8202,=0.9616,=0.9579,=1.2547,=1.3922,=1.5285,=2.3324,=1.0418,=0.9666,=0.4148,=0.5541,=0.6757,=0.7838,=1.2646,=0.0363,=0.1132,=0.0314,=0.0295,=35
="000068",上证资源,2010-05-28,=-0.0210,=4366.7900,=0.0845,=15.9949,=0.5503,=7.8012,=11.1450,=15.2115,=25.4448,=73.1997,=1.7589,=0.9620,=0.8674,=1.1479,=1.3053,=1.4735,=2.2515,=1.0080,=0.9674,=0.3742,=0.5012,=0.6082,=0.7642,=1.2220,=0.0351,=0.1097,=0.0307,=0.0299,=302
="000860",结构调整,2018-03-26,=-0.0144,=1317.7000,=0.0763,=16.0086,=0.7596,=9.5233,=12.4378,=13.9097,=16.3823,=20.6443,=1.4256,=0.7136,=1.1018,=1.2863,=1.3704,=1.4553,=1.6430,=0.9156,=0.9813,=0.4658,=0.5854,=0.6756,=0.7798,=0.9608,=0.0222,=0.0831,=0.0231,=0.0313,=142
="932037",央企现代能源,2022-11-16,=-0.0052,=1592.7200,=0.0916,=16.1096,=0.9284,=10.8583,=11.9754,=12.8179,=14.1293,=18.2611,=1.5863,=0.8286,=1.1507,=1.3344,=1.4168,=1.5633,=1.8914,=0.9671,=0.9331,=0.4850,=0.6165,=0.7487,=0.8162,=1.0835,=0.0273,=0.0952,=0.0272,=0.0318,=34
="399699",金融科技,2017-06-09,=-0.0315,=3755.8300,=-0.1602,=16.2853,=0.1357,=14.0983,=16.8112,=19.4190,=44.6653,=111.6316,=1.8045,=0.1969,=1.2665,=1.8139,=2.2891,=3.4058,=4.4660,=1.5228,=0.3724,=1.0709,=1.3747,=1.6280,=1.9159,=3.0519,=0.0209,=0.1027,=0.0223,=0.0231,=322
="H30533",中国互联网50,2014-12-29,=-0.0132,=7240.0499,=-0.2276,=16.3201,=0.0127,=14.9049,=20.4727,=41.6931,=57.1746,=137.0698,=2.2339,=0.0288,=1.7082,=2.5669,=4.7167,=6.7227,=9.7098,=1.8892,=0.0226,=1.4305,=2.1888,=4.3887,=6.4332,=9.1092,,,,=0.0104,=6766
="H11136",中国互联网,2011-09-20,=-0.0040,=4083.7501,=-0.2340,=16.3536,=0.0219,=14.7773,=20.1343,=42.7367,=57.4994,=137.0698,=2.2189,=0.0196,=1.7247,=2.5633,=4.7199,=6.7410,=9.7098,=1.9300,=0.0188,=1.5020,=2.2623,=4.3921,=6.5160,=9.1092,,,,=0.0111,=3345
="000861",央企创新,2019-05-16,=-0.0114,=2748.7100,=0.0711,=16.3687,=0.9043,=10.3360,=12.0139,=13.3748,=14.9689,=18.8086,=1.4603,=0.9484,=1.0351,=1.1861,=1.2964,=1.3848,=1.5975,=0.8614,=0.9783,=0.4544,=0.5191,=0.5823,=0.7272,=0.8999,=0.0222,=0.0826,=0.0232,=0.0298,=265
="HSHK35",恒生香港35,2003-01-20,=-0.0089,=3198.2300,=0.1205,=16.3848,=0.6902,=9.7413,=12.1028,=14.2385,=17.5924,=47.6465,=1.2816,=0.9382,=0.7649,=0.9586,=1.0941,=1.2296,=1.3547,=3.4799,=0.9386,=2.1814,=2.5861,=2.8771,=3.1725,=3.7366,,,,=0.0367,=115
="930604",中国互联网30,2015-03-23,=-0.0101,=7786.6123,=-0.2216,=16.3982,=0.0154,=14.9187,=20.3371,=42.2916,=59.2813,=131.9396,=2.2697,=0.0204,=1.7582,=2.6195,=4.8336,=7.0824,=10.3841,=1.8920,=0.0265,=1.4482,=2.2049,=4.1955,=6.4486,=9.5870,,,,=0.0100,=626
="399974",国企改革,2014-08-07,=-0.0113,=2001.5400,=0.0542,=16.4010,=0.7525,=8.5408,=11.0130,=13.4094,=16.9961,=23.5243,=1.4417,=0.4212,=1.0768,=1.3337,=1.4831,=1.8365,=2.8970,=1.1340,=0.6980,=0.6803,=0.8890,=0.9908,=1.2484,=2.2060,=0.0239,=0.0809,=0.0242,=0.0279,=371
="H30095",医药红利,2013-07-02,=-0.0063,=14328.7100,=-0.0732,=16.5897,=0.0912,=14.6474,=17.2867,=19.7841,=27.2055,=34.8020,=1.6579,=0.0316,=1.4797,=1.8085,=2.4509,=3.1491,=4.2060,=0.9689,=0.1648,=0.7612,=0.9977,=1.5193,=2.0168,=2.8268,=0.0293,=0.1019,=0.0311,=0.0369,=88
="000805",A股资源,2012-01-06,=-0.0250,=8021.7700,=0.1314,=16.6122,=0.5695,=7.9265,=11.4609,=15.6444,=25.1671,=73.5792,=1.8789,=0.9633,=0.9200,=1.1957,=1.3616,=1.5093,=2.3735,=1.0606,=0.9674,=0.3865,=0.5298,=0.6349,=0.7691,=1.2754,=0.0371,=0.1115,=0.0305,=0.0279,=4
="399375",中盘价值,2010-01-04,=-0.0151,=6431.6300,=0.0839,=16.7277,=0.7962,=9.0528,=10.9370,=12.3134,=16.8001,=33.1718,=1.4957,=0.7616,=1.0236,=1.1932,=1.3322,=1.5580,=1.9880,=1.0206,=0.8445,=0.5167,=0.6432,=0.7489,=0.9808,=1.2353,=0.0258,=0.0785,=0.0211,=0.0281,=186
="000961",中证上游,2010-04-16,=-0.0281,=5440.5500,=0.0745,=16.7563,=0.5780,=8.3063,=11.4863,=15.6949,=25.3291,=72.6914,=1.9054,=0.9633,=0.9003,=1.1956,=1.3604,=1.5207,=2.4036,=1.0740,=0.9678,=0.3813,=0.5134,=0.6291,=0.7707,=1.2905,=0.0373,=0.1119,=0.0305,=0.0277,=42
="000944",内地资源,2009-10-28,=-0.0301,=5667.8500,=0.0680,=16.7769,=0.5860,=8.0950,=11.4362,=15.5974,=24.2653,=66.3491,=1.8946,=0.9633,=0.8945,=1.1837,=1.3534,=1.5126,=2.3924,=1.0671,=0.9674,=0.3754,=0.5050,=0.6224,=0.7672,=1.2835,=0.0374,=0.1109,=0.0304,=0.0278,=2
="931268",持续发展,2019-11-15,=-0.0032,=2310.8100,=0.0443,=16.7954,=0.9447,=14.1354,=14.9564,=15.4550,=16.2079,=17.1877,=2.1943,=0.6364,=1.7338,=1.8253,=1.9101,=2.2601,=2.3440,=1.8174,=0.7866,=1.5998,=1.7182,=1.7896,=1.8180,=1.8598,=0.0313,=0.1256,=0.0323,=0.0287,=18
="931068",消费龙头,2018-11-21,=-0.0026,=11071.0400,=-0.1262,=16.8170,=0.0528,=15.6061,=18.3732,=23.0458,=30.1310,=44.3922,=3.1391,=0.0011,=3.1237,=4.1586,=4.7430,=6.6167,=10.3805,=2.0926,=0.0638,=1.8019,=2.6783,=3.2803,=4.1117,=7.0508,=0.0518,=0.2083,=0.0600,=0.0411,=2349
="930697",家用电器,2015-07-07,=-0.0210,=12313.8100,=-0.0372,=16.8232,=0.4670,=12.0193,=15.4161,=17.1008,=19.8234,=32.1495,=2.4664,=0.0499,=2.2889,=2.6783,=3.2792,=3.9701,=5.2226,=1.2948,=0.4695,=0.9879,=1.1843,=1.3062,=1.6199,=2.3694,=0.0370,=0.1413,=0.0419,=0.0377,=1731
="000842",800等权,2012-12-21,=-0.0121,=7597.6200,=0.0752,=16.8897,=0.9571,=10.7808,=12.9023,=14.0887,=15.9056,=18.9686,=1.6133,=0.5982,=1.1816,=1.3959,=1.5513,=1.7186,=1.9628,=1.6199,=0.9884,=1.0117,=1.1472,=1.2948,=1.4751,=1.6631,=0.0241,=0.0890,=0.0237,=0.0237,=160
="000906",中证800,2007-01-15,=-0.0100,=5530.5900,=0.0825,=16.8897,=0.9571,=10.7808,=12.9023,=14.0887,=15.9056,=18.9686,=1.6133,=0.5982,=1.1816,=1.3959,=1.5513,=1.7186,=1.9628,=1.6199,=0.9884,=1.0117,=1.1472,=1.2948,=1.4751,=1.6631,=0.0241,=0.0890,=0.0237,=0.0237,=2660
="930796",全球中国互联网,2016-04-22,=-0.0116,=1711.4110,=-0.2151,=16.9664,=0.0130,=15.2629,=21.3702,=39.8199,=53.8907,=115.7107,=2.3429,=0.0353,=1.8023,=2.6772,=4.7020,=6.9373,=9.6202,=2.0013,=0.0318,=1.5064,=2.2971,=3.8859,=6.4798,=9.5215,,=0.1307,,=0.0103,=37
="931139",CS消费50,2019-03-20,=0.0013,=13963.6900,=-0.1248,=17.0395,=0.1103,=15.4419,=18.2930,=24.0988,=30.2400,=47.8630,=3.0293,=0.0017,=3.0053,=4.0484,=5.3530,=7.0876,=12.5456,=2.2021,=0.0011,=2.1880,=2.6192,=3.1928,=4.4727,=9.1270,=0.0528,=0.1922,=0.0638,=0.0450,=2199
="000945",内地运输,2009-10-28,=-0.0153,=1425.6500,=-0.0353,=17.0835,=0.2888,=13.9394,=16.4788,=19.5338,=27.8199,=72.7429,=1.2931,=0.0165,=1.2463,=1.4095,=1.5682,=1.7788,=2.4452,=0.7681,=0.3932,=0.5140,=0.6447,=0.9269,=1.4186,=1.9188,=0.0219,=0.0581,=0.0167,=0.0296,=76
="H30089",红利潜力,2013-07-02,=0.0077,=9445.9800,=-0.0503,=17.1459,=0.5330,=12.7702,=15.7291,=16.9556,=20.7352,=29.7267,=2.7361,=0.6947,=1.4538,=1.9868,=2.4816,=2.9135,=4.3960,=2.2644,=0.8733,=0.7611,=0.9483,=1.7447,=2.1571,=2.8465,=0.0404,=0.1605,=0.0444,=0.0342,=549
="931357",优选消费50,2019-11-15,=-0.0099,=2475.4700,=-0.1750,=17.1575,=0,=17.1575,=20.5660,=25.4174,=33.0921,=53.0529,=2.8016,=0,=2.8016,=3.7106,=4.4007,=7.1851,=11.6208,=1.7784,=0,=1.7784,=2.3253,=2.7441,=5.2127,=8.8232,,=0.1689,,=0.0258,=388
="931238",SSH黄金股票,2017-10-17,=-0.0425,=3114.0100,=-0.0430,=17.1727,=0.1103,=15.0142,=18.6361,=23.6390,=35.8816,=92.1543,=3.4667,=0.9199,=1.4294,=1.8151,=2.0137,=2.3361,=6.0579,=1.1124,=0.9271,=0.3659,=0.4652,=0.5493,=0.6562,=1.9529,,=0.1869,,=0.0188,=318
="000150",380红利,2012-07-20,=-0.0076,=11829.4900,=0.0235,=17.2448,=0.8577,=5.2545,=8.5513,=12.0878,=16.4649,=19.8070,=1.1717,=0.3420,=0.6172,=0.8678,=1.3669,=1.6910,=2.2592,=0.5171,=0.4583,=0.2775,=0.3623,=0.5464,=1.7045,=2.3204,=0.0206,=0.0377,=0.0185,=0.0402,=42
="930716",CS物流,2015-07-31,=-0.0182,=1251.9500,=0.0662,=17.2631,=0.4204,=6.6312,=13.0083,=19.0821,=34.4517,=505.8138,=1.2636,=0.0891,=1.1511,=1.3070,=1.9889,=2.7601,=3.8580,=0.4564,=0.4963,=0.2137,=0.3289,=0.4569,=0.7606,=1.0555,=0.0197,=0.0542,=0.0209,=0.0317,=244
="931645",1000红利,2024-03-15,=-0.0083,=2436.8600,=-0.0182,=17.3004,=0.9660,=11.2896,=12.4002,=13.5432,=14.7265,=18.1886,=1.1954,=0.4925,=0.9871,=1.1304,=1.1969,=1.2460,=1.3469,=0.7803,=0.6151,=0.5734,=0.6662,=0.7580,=0.8185,=0.8871,=0.0179,=0.0646,=0.0199,=0.0321,=22
="HSMSI",恒生综合中小型股指数,2015-06-08,=-0.0063,=2907.8200,=-0.0157,=17.3134,=0.9297,=7.2058,=10.0582,=12.4109,=15.4063,=18.8438,=1.2136,=0.8130,=0.6157,=0.7686,=1.0041,=1.2076,=1.4952,=0.9298,=0.9240,=0.4020,=0.5319,=0.6807,=0.8359,=1.0389,,,,=0.0275,=160
="399348",深证价值,2009-11-04,=-0.0110,=6614.7300,=0.0142,=17.3520,=0.7789,=9.9756,=12.8084,=14.9031,=17.5867,=21.4453,=1.6713,=0.4270,=1.2527,=1.4911,=1.7269,=2.1177,=2.9268,=1.2765,=0.6192,=0.8306,=1.0363,=1.1847,=1.6210,=2.1193,=0.0245,=0.0871,=0.0201,=0.0272,=294
="000001",上证指数,1991-07-15,=-0.0125,=4093.7300,=0.0315,=17.3859,=0.9930,=10.8403,=12.7209,=13.8286,=15.8221,=17.9144,=1.4990,=0.6151,=1.1148,=1.3021,=1.4416,=1.5732,=1.8463,=1.5306,=0.9777,=0.9369,=1.0774,=1.2153,=1.3876,=1.5771,=0.0219,=0.0804,=0.0221,=0.0236,=1392
="399310",国证A50,2005-09-05,=-0.0063,=8412.6200,=0.0493,=17.4430,=0.8837,=8.8433,=10.4785,=13.4579,=16.1373,=22.6576,=1.9826,=0.7496,=1.1237,=1.2916,=1.6553,=2.0351,=2.9417,=1.4991,=0.7929,=0.9633,=1.1319,=1.2374,=1.5043,=2.2769,=0.0272,=0.1076,=0.0263,=0.0239,=287
="931587",500价值稳健,2020-11-09,=-0.0119,=21951.9000,=0.0003,=17.4626,=0.9659,=9.7530,=12.1781,=14.1103,=15.4979,=19.8926,=1.3329,=0.8331,=0.8925,=1.0542,=1.1514,=1.2882,=1.5437,=0.6410,=0.9332,=0.3384,=0.4578,=0.5108,=0.5793,=0.7126,=0.0221,=0.0672,=0.0198,=0.0342,=77
="H30171",运输指数,2013-07-15,=-0.0152,=1579.1800,=-0.0235,=17.4836,=0.4226,=14.1889,=16.3612,=18.0665,=25.5040,=51.4445,=1.2933,=0.0500,=1.1989,=1.3555,=1.5056,=1.6916,=2.3737,=0.6626,=0.2986,=0.5217,=0.6274,=0.8615,=1.1982,=1.9196,=0.0207,=0.0585,=0.0181,=0.0281,=83
="931371",品牌消费100,2019-11-25,=-0.0012,=5903.2800,=-0.1039,=17.6258,=0.2081,=14.6106,=17.5527,=22.5773,=30.6824,=41.6881,=2.9853,=0.0013,=2.9727,=3.7208,=4.7557,=6.5683,=9.5576,=1.9581,=0.0590,=1.7483,=2.1246,=2.7399,=3.8841,=5.3339,=0.0505,=0.1847,=0.0654,=0.0422,=4
="000046",上证中小,2009-07-03,=-0.0125,=5566.7000,=0.0854,=17.6610,=0.7434,=10.5504,=12.1058,=15.2187,=18.3932,=22.4992,=1.5110,=0.5512,=1.0626,=1.2077,=1.4819,=1.8262,=2.0905,=1.4280,=0.8172,=0.8596,=1.0256,=1.1228,=1.4115,=1.6429,=0.0219,=0.0784,=0.0213,=0.0229,=344
="399286",区块链50,2019-12-24,=-0.0146,=3562.2400,=-0.1109,=17.6610,=0.1603,=13.8844,=18.0610,=20.8730,=28.7663,=40.1853,=1.8685,=0.1970,=1.4262,=1.8742,=2.1271,=2.7681,=3.6332,=1.7762,=0.4140,=1.3177,=1.5874,=1.8524,=2.0951,=2.8188,=0.0273,=0.0903,=0.0252,=0.0257,=154
="399398",绩效指数,2012-11-19,=0.0052,=10697.3400,=0.0095,=17.7002,=0.4010,=9.4274,=11.7005,=18.3602,=21.6274,=36.1591,=2.9678,=0.3073,=1.2929,=1.7623,=3.5800,=4.3854,=6.4752,=3.0998,=0.6757,=1.5230,=2.2043,=2.8686,=3.4328,=5.0073,=0.0495,=0.1771,=0.0433,=0.0379,=22
="1000004",上海A股,1994-01-01,=-0.0125,=4093.7300,=0.0315,=17.7739,=0.9823,=10.8441,=12.9364,=14.2451,=16.0903,=18.4959,=1.5225,=0.6118,=1.1181,=1.3162,=1.4435,=1.5985,=1.8457,=1.5578,=0.9752,=0.9734,=1.0889,=1.2350,=1.3826,=1.6065,=0.0219,=0.0804,=0.0221,=0.0231,=4920
="000510",中证A500,2024-09-23,=-0.0112,=6159.1700,=0.0915,=17.7843,=0.9552,=12.2476,=14.4422,=15.3663,=17.1700,=18.3286,=1.7072,=0.7861,=1.2883,=1.4899,=1.5766,=1.7106,=1.7791,=1.5264,=0.9403,=1.0081,=1.2157,=1.3081,=1.4816,=1.5731,=0.0241,=0.0887,=0.0240,=0.0235,=2178
="000979",大宗商品,2011-08-22,=-0.0251,=7249.6700,=0.0685,=17.8053,=0.5866,=9.9333,=12.8903,=16.3823,=23.4696,=55.6298,=1.8571,=0.9575,=1.1381,=1.3656,=1.4815,=1.6201,=2.3336,=1.0263,=0.9649,=0.4909,=0.5833,=0.6996,=0.8230,=1.2291,=0.0335,=0.1029,=0.0285,=0.0268,=699
="399311",国证1000,2005-02-03,=-0.0108,=5379.0700,=0.0850,=17.8903,=0.9641,=11.0854,=13.3222,=14.6206,=16.7462,=19.8966,=1.6541,=0.5895,=1.1918,=1.4217,=1.5925,=1.8011,=2.0383,=1.6214,=0.9769,=1.0112,=1.1700,=1.3057,=1.5192,=1.7074,=0.0236,=0.0857,=0.0233,=0.0227,=138
="000918",300成长,2008-01-21,=-0.0071,=5840.9500,=0.1480,=17.8930,=0.7013,=11.5282,=14.2466,=16.6708,=20.6304,=29.9826,=2.5730,=0.4183,=1.8758,=2.2885,=2.7896,=4.3091,=6.1771,=2.7060,=0.8461,=1.1680,=1.5324,=1.7713,=2.5759,=3.9548,=0.0348,=0.1486,=0.0340,=0.0198,=788
="000917",300公用,2007-07-02,=0.0007,=2515.2900,=0.0220,=18.2667,=0.5846,=13.3250,=16.1607,=17.8146,=20.5953,=34.2477,=1.9432,=0.4666,=1.4019,=1.6959,=1.9692,=2.1718,=2.6347,=1.9818,=0.7904,=1.3139,=1.6332,=1.8147,=1.9913,=3.2322,=0.0223,=0.0974,=0.0266,=0.0299,=35
="932367",500现金流,2024-11-12,=-0.0101,=3738.8900,=0.0217,=18.2947,=0.7709,=12.7635,=13.9598,=16.5532,=18.4912,=20.8865,=1.8999,=0.7278,=1.5076,=1.6631,=1.7559,=1.9970,=2.3672,=1.2224,=0.4016,=0.8955,=1.0970,=1.2430,=1.2881,=1.4394,=0.0308,=0.1139,=0.0305,=0.0328,=115
="000903",中证A100,2006-05-29,=-0.0089,=4829.5100,=0.0765,=18.3035,=0.9942,=9.4390,=11.1468,=12.4668,=14.0729,=18.7565,=1.8569,=0.9497,=1.1800,=1.3766,=1.5121,=1.6645,=1.9625,=1.4804,=0.9658,=0.9660,=1.1007,=1.2125,=1.3690,=1.6207,=0.0253,=0.0942,=0.0251,=0.0258,=3073
="930838",CS高股息,2016-06-08,=-0.0147,=7266.6100,=0.0066,=18.3650,=0.5209,=10.7704,=14.2492,=17.9186,=22.5331,=29.5345,=3.3934,=0.7906,=1.8272,=2.3318,=2.8142,=3.4711,=5.4603,=3.2842,=0.6649,=1.6703,=2.0481,=2.4817,=3.7470,=5.1335,=0.0550,=0.1877,=0.0570,=0.0256,=171
="930050",中证A50,2024-01-02,=-0.0034,=1868.7300,=0.0454,=18.4332,=0.9168,=13.9812,=15.9190,=17.4366,=18.1383,=19.9330,=2.1771,=0.7383,=1.7817,=1.9636,=2.0802,=2.2060,=2.3759,=1.6124,=0.9671,=1.0165,=1.1249,=1.3604,=1.5384,=1.6491,=0.0291,=0.1115,=0.0275,=0.0265,=971
="931167",先进制造100,2019-04-25,=-0.0028,=8117.9500,=0.0486,=18.4755,=0.9044,=10.3762,=12.9826,=14.2031,=16.6507,=20.9116,=3.1065,=0.9336,=1.6383,=2.0220,=2.2525,=2.5650,=3.3727,=2.1113,=0.9837,=0.9031,=1.2311,=1.4351,=1.6476,=2.1795,=0.0404,=0.1483,=0.0310,=0.0281,=340
="000911",300可选,2007-07-02,=-0.0123,=5857.5800,=-0.1146,=18.6074,=0.5429,=11.4175,=16.2236,=18.2403,=24.5366,=45.8432,=2.0273,=0.0256,=1.8544,=2.2939,=2.5508,=3.0218,=4.4626,=0.9579,=0.1885,=0.7162,=0.9670,=1.1016,=1.3297,=2.0518,=0.0241,=0.1159,=0.0309,=0.0279,=30
="000937",中证公用,2009-07-03,=0.0070,=2781.3500,=0.1152,=18.6821,=0.5087,=13.4460,=16.5140,=18.6281,=21.1313,=46.5328,=1.8268,=0.5908,=1.3423,=1.6286,=1.7720,=1.9633,=2.2557,=1.8564,=0.8177,=1.2657,=1.4810,=1.5856,=1.8035,=3.2521,=0.0215,=0.0905,=0.0250,=0.0267,=333
="000909",300材料,2007-07-02,=-0.0359,=4026.4500,=-0.0177,=18.7444,=0.5293,=10.2722,=14.5958,=18.2651,=25.5986,=46384.3131,=2.5081,=0.8205,=1.4655,=1.7183,=1.9849,=2.4583,=3.8763,=1.2405,=0.8164,=0.6983,=0.8432,=0.9659,=1.2308,=1.9427,=0.0473,=0.1225,=0.0288,=0.0177,=17
="399991",一带一路,2015-02-16,=-0.0125,=3567.7700,=0.2037,=18.8152,=0.7620,=9.4567,=11.6727,=14.0998,=19.9493,=34.5905,=1.6414,=0.9794,=1.0035,=1.1547,=1.2474,=1.4246,=1.7680,=0.7192,=0.9818,=0.3598,=0.4252,=0.4777,=0.6036,=0.7518,=0.0240,=0.0795,=0.0217,=0.0217,=579
="931697",消费50策略,2021-07-12,=-0.0120,=7594.1100,=-0.1074,=19.0271,=0.2680,=16.4104,=18.6007,=21.0202,=31.3736,=38.9422,=2.8049,=0,=2.8049,=3.5531,=3.9000,=5.2267,=7.0736,=1.5223,=0,=1.5223,=1.7831,=1.9342,=2.8663,=3.5305,=0.0408,=0.1608,=0.0542,=0.0357,=60
="932369",1000现金流,2024-11-12,=-0.0145,=3457.7500,=-0.0623,=19.0738,=0.7062,=16.0705,=17.7134,=18.5016,=19.5052,=21.4836,=1.5431,=0.1456,=1.4419,=1.5732,=1.6647,=1.7617,=1.8728,=0.8829,=0.1213,=0.8034,=0.9172,=1.0222,=1.0700,=1.3230,=0.0245,=0.0821,=0.0237,=0.0274,=58
="931637",港股通互联网,2021-01-11,=-0.0169,=772.0900,=-0.2386,=19.0742,=0.0347,=16.9805,=23.4535,=28.3165,=41.8322,=87.7368,=2.4751,=0.0045,=2.2686,=3.0774,=3.4216,=4.2507,=11.7021,=2.4388,=0.0076,=2.1470,=2.9641,=3.4075,=4.5376,=11.5370,,,,=0.0094,=254
="931663",SHS消费龙头,2015-03-13,=-0.0087,=1755.6100,=-0.1360,=19.1152,=0.1202,=14.4278,=20.3567,=26.7236,=37.0770,=57.5191,=2.7922,=0.0004,=2.7700,=3.4028,=4.3131,=6.1339,=13.5979,=1.8830,=0.2064,=1.3592,=1.8714,=2.3928,=3.4165,=7.5123,,=0.1411,,=0.0296,=217
="000995",全指公用,2011-08-02,=0.0065,=2914.3300,=0.1284,=19.2269,=0.5549,=14.4124,=16.6573,=18.8811,=23.9608,=55.0107,=1.8334,=0.7170,=1.2839,=1.5403,=1.7266,=1.8679,=2.1268,=1.8859,=0.8280,=1.2094,=1.4214,=1.5276,=1.8022,=2.4023,=0.0217,=0.0896,=0.0244,=0.0260,=313
="H11059",工业有色,2009-07-22,=-0.0387,=4279.5100,=0.0748,=19.2922,=0.3380,=10.0577,=14.5389,=28.3410,=53.3169,=131.1130,=3.5385,=0.9202,=1.4392,=1.9933,=2.3942,=3.1540,=4.9901,=1.3095,=0.9377,=0.5048,=0.7375,=0.8569,=1.1342,=1.8706,=0.0664,=0.1735,=0.0401,=0.0161,=124
="H30094",消费红利,2013-07-02,=0.0042,=32781.9700,=-0.1174,=19.3894,=0.0990,=16.2060,=21.8500,=27.7773,=33.4547,=59.6542,=3.4608,=0.0017,=3.4027,=4.3774,=5.3357,=6.7479,=11.0368,=4.1239,=0.4175,=1.9414,=3.2472,=4.3062,=5.3148,=8.4259,=0.0717,=0.1905,=0.0792,=0.0431,=2112
="HSAIT",恒生人工智能主题指数,2023-09-01,=-0.0081,=3810.4100,=-0.1059,=19.4573,=0.4170,=13.3665,=18.0330,=19.8177,=21.5490,=24.5500,=2.0225,=0.4768,=1.4634,=1.7489,=2.0710,=2.4876,=2.8773,=1.8376,=0.5321,=1.2708,=1.4954,=1.6766,=2.2845,=2.6741,,=0.1059,,=0.0207,=63
="000942",内地消费,2009-10-28,=-0.0031,=8927.5400,=-0.1267,=19.5271,=0.2983,=14.4412,=18.6916,=21.7517,=33.3379,=52.6356,=2.5723,=0.0012,=2.5374,=3.1423,=3.6918,=5.0424,=7.7211,=1.4530,=0.1679,=1.1096,=1.4986,=1.7720,=2.5493,=4.1228,=0.0371,=0.1426,=0.0493,=0.0348,=763
="932152",港股通成长策略,2025-04-30,=-0.0138,=1184.7000,=-0.1057,=19.7298,=0.5741,=16.5252,=18.2312,=19.1246,=21.2455,=22.5567,=2.6205,=0.2814,=2.1900,=2.5512,=2.7360,=2.8414,=3.0449,=2.0096,=0.3346,=1.7556,=1.9445,=2.1143,=2.2221,=2.3595,,=0.1305,,=0.0189,=7
="000126",消费50,2011-12-09,=-0.0089,=7018.3100,=-0.1559,=19.8915,=0.1551,=15.1608,=20.3046,=22.8716,=32.8709,=57.2206,=2.6168,=0.0359,=2.2360,=3.0016,=3.4010,=4.8666,=7.3797,=1.5440,=0.3568,=0.9155,=1.2420,=1.8267,=2.6426,=3.8011,=0.0406,=0.1407,=0.0455,=0.0337,=81
="H30199",电力指数,2013-07-15,=0.0111,=3345.4400,=0.1854,=20.0492,=0.6205,=14.1448,=16.7046,=18.9439,=25.0122,=78.5133,=1.8841,=0.8899,=1.2472,=1.5161,=1.7145,=1.8411,=2.0960,=2.0183,=0.9332,=1.1507,=1.4427,=1.5878,=1.7845,=2.2389,=0.0213,=0.0878,=0.0244,=0.0249,=673
="000931",中证可选,2009-07-03,=-0.0198,=5616.8900,=-0.0961,=20.1400,=0.4860,=12.9961,=17.9588,=20.2134,=26.0964,=47.1695,=2.1538,=0.2038,=1.6991,=2.1475,=2.5022,=2.8197,=3.7874,=1.0252,=0.2483,=0.7260,=0.9756,=1.1219,=1.2835,=1.9265,=0.0252,=0.1143,=0.0305,=0.0260,=841
="399997",中证白酒,2015-01-21,=0.0239,=7139.0700,=-0.1853,=20.1896,=0.1642,=16.2418,=20.9813,=29.7070,=37.9971,=71.4432,=3.9108,=0.0029,=3.7680,=5.2076,=7.2725,=9.8068,=17.8607,=7.0551,=0.1394,=5.9830,=7.2937,=9.8423,=13.6521,=24.8964,=0.0833,=0.2121,=0.1013,=0.0434,=7675
="000811",细分有色,2012-04-11,=-0.0414,=11695.8900,=0.0283,=20.1897,=0.3032,=13.5118,=17.9724,=30.4560,=58.2137,=312.9068,=3.3448,=0.8820,=1.7438,=2.0869,=2.5619,=3.1345,=4.8073,=1.3160,=0.9220,=0.6338,=0.7856,=0.9037,=1.1827,=1.9173,=0.0611,=0.1531,=0.0352,=0.0145,=184
="000036",上证消费,2009-01-09,=0.0092,=9779.4400,=-0.0988,=20.2251,=0.0136,=18.1662,=23.4798,=31.6733,=40.5919,=69.3963,=4.2576,=0.0961,=3.4894,=5.2321,=6.5406,=9.2057,=14.9810,=4.3796,=0.2748,=1.7238,=3.7981,=4.8722,=7.3411,=10.9001,=0.0773,=0.2393,=0.0858,=0.0379,=2308
="399987",中证酒,2014-12-10,=0.0202,=4224.1000,=-0.1548,=20.2552,=0.1407,=16.5000,=21.4171,=30.5289,=38.5048,=71.4257,=3.7656,=0.0054,=3.5073,=4.9105,=6.4724,=8.9992,=15.9495,=6.2528,=0.1361,=5.0607,=6.4801,=8.3143,=11.8299,=21.4371,=0.0789,=0.2043,=0.0944,=0.0424,=2751
="931897",绿色电力,2012-12-21,=0.0127,=1284.7600,=0.1866,=20.2707,=0.5908,=12.4356,=15.8578,=18.4840,=23.5753,=3316.8719,=1.9418,=0.9897,=1.0802,=1.3464,=1.6435,=1.7827,=2.0177,=2.0700,=0.9101,=0.8910,=1.1301,=1.2732,=1.7004,=2.6891,=0.0214,=0.0880,=0.0237,=0.0249,=151
="932420",智选船舶产业,2025-05-28,=-0.0063,=1595.4600,=0.1039,=20.3249,=0.8889,=12.9248,=14.0434,=16.1132,=19.4101,=21.8048,=1.3823,=0.7366,=1.1414,=1.2386,=1.2828,=1.4075,=1.5726,=1.0138,=0.7284,=0.8043,=0.8735,=0.9333,=1.0414,=1.1519,=0.0198,=0.0735,,=0.0251,=10
="HSTECH",恒生科技指数,2020-07-01,=-0.0079,=4907.5700,=-0.1103,=20.3908,=0.0780,=14.7293,=21.7939,=27.1365,=42.1559,=73.7725,=2.4557,=0.2493,=1.7280,=2.3777,=2.8237,=3.7932,=8.3408,=1.6010,=0.0787,=1.2545,=1.7367,=2.0472,=3.2061,=6.6932,,=0.1207,,=0.0125,=7083
="931142",东证竞争,2019-03-20,=-0.0077,=2052.7800,=0.1032,=20.4156,=0.9271,=9.8569,=11.9117,=13.9778,=15.8637,=27.8877,=3.0444,=0.8725,=1.5408,=1.7299,=2.0638,=2.5574,=4.6703,=3.0776,=0.9598,=0.9384,=1.2683,=1.6508,=2.2346,=3.1903,=0.0415,=0.1629,=0.0397,=0.0230,=212
="399395",国证有色,2012-10-29,=-0.0397,=10103.0100,=0.0447,=20.5073,=0.3164,=12.7731,=17.8787,=29.4891,=56.4954,=326.9035,=3.4381,=0.9262,=1.7304,=2.0833,=2.5055,=3.0720,=4.8522,=1.3642,=0.9554,=0.6150,=0.7945,=0.9083,=1.1691,=1.9521,=0.0618,=0.1543,=0.0354,=0.0145,=660
="931067",绩优策略,2018-02-14,=-0.0046,=8704.6600,=0.1444,=20.5575,=0.6640,=10.5807,=14.6750,=18.5535,=27.0033,=44.0015,=5.5194,=0.6266,=3.5566,=4.2827,=5.0106,=7.5605,=11.8571,=3.3366,=0.6810,=2.1909,=2.5249,=2.8606,=5.0410,=8.6201,=0.0562,=0.2359,=0.0578,=0.0191,=24
="930939",500质量,2018-11-21,=-0.0120,=23995.6200,=0.1304,=20.5681,=0.8922,=10.4098,=13.9450,=15.8977,=19.0956,=27.8330,=2.3866,=0.7339,=1.6614,=2.0647,=2.2274,=2.4982,=3.9191,=1.9756,=0.9175,=0.9583,=1.1938,=1.4394,=1.7904,=2.9319,=0.0308,=0.1144,=0.0291,=0.0185,=457
="931892",有色矿业,2013-07-15,=-0.0428,=4149.9100,=0.0463,=20.5688,=0.2838,=13.1272,=18.8191,=31.9160,=57.7848,=131.9594,=3.6568,=0.9427,=1.7020,=2.1365,=2.5198,=3.1523,=5.3430,=1.3758,=0.9229,=0.6092,=0.7896,=0.9200,=1.2168,=2.0391,=0.0653,=0.1630,=0.0363,=0.0132,=186
="000819",有色金属,2012-05-09,=-0.0427,=9732.6300,=0.0418,=20.5895,=0.3230,=12.4710,=17.7541,=29.2991,=56.5432,=723.5976,=3.5126,=0.8952,=1.7791,=2.1409,=2.6244,=3.2440,=4.9698,=1.3849,=0.9125,=0.6317,=0.8246,=0.9660,=1.2781,=1.9863,=0.0625,=0.1569,=0.0361,=0.0148,=1958
="931481",SHS线上消费,2020-05-06,=-0.0133,=913.3800,=-0.1765,=20.5936,=0.0425,=17.8858,=23.8201,=30.2620,=47.1935,=121.3257,=2.5801,=0.0039,=2.4540,=3.1619,=3.5654,=5.5852,=9.8961,=2.6606,=0.1378,=2.0492,=2.8341,=3.3160,=4.3980,=7.8524,,=0.1066,,=0.0104,=63
="000807",食品饮料,2012-02-17,=0.0083,=16159.0600,=-0.1162,=20.6421,=0.1184,=16.7498,=22.1677,=30.4191,=37.6314,=67.1514,=3.7063,=0.0012,=3.6551,=4.7796,=6.2660,=8.2580,=14.6770,=4.1971,=0.1064,=3.4188,=4.5275,=5.6643,=7.6740,=12.7454,=0.0738,=0.1953,=0.0849,=0.0407,=4261
="HSIII",恒生互联网科技业指数,2020-07-20,=-0.0136,=2390.8000,=-0.1858,=20.8288,=0.1366,=12.6629,=22.6299,=35.1429,=47.7321,=309808.9839,=2.4357,=0.1244,=1.7026,=2.6113,=4.2332,=6.1191,=8.5704,=1.8872,=0.1183,=1.1940,=2.0178,=2.4286,=3.5799,=5.1261,,=0.1194,,=0.0102,=2007
="399438",绿色电力,2014-12-30,=0.0079,=2339.4700,=0.1749,=20.8381,=0.7096,=13.5016,=16.3247,=18.9919,=22.0380,=41.2289,=1.9533,=0.8387,=1.2516,=1.5034,=1.7919,=1.9312,=2.3077,=2.3645,=0.9781,=1.1906,=1.4256,=1.8173,=2.0407,=3.6995,=0.0222,=0.0881,=0.0248,=0.0247,=197
="930708",中证有色,2015-07-13,=-0.0415,=3209,=0.0405,=20.8567,=0.3131,=13.9228,=18.4062,=30.8992,=58.8575,=425.7934,=3.3234,=0.8767,=1.7134,=2.0956,=2.5617,=3.1505,=4.7639,=1.2304,=0.8432,=0.6123,=0.7796,=0.8959,=1.1973,=1.7984,=0.0592,=0.1479,=0.0346,=0.0140,=512
="000910",300工业,2007-07-02,=0.0034,=2647.4800,=0.0468,=20.8882,=0.7120,=12.1074,=14.2223,=18.6700,=21.7507,=26.7473,=1.7541,=0.4715,=1.2960,=1.5013,=1.7779,=2.0927,=2.8598,=0.8414,=0.9047,=0.4726,=0.5803,=0.6995,=0.8042,=1.0995,=0.0196,=0.0738,=0.0177,=0.0204,=15
="931442",SHS科技100,2020-04-21,=-0.0097,=9778.8400,=-0.0915,=20.9171,=0.5982,=11.6240,=15.0629,=19.5460,=24.9336,=40.7731,=2.6544,=0.5133,=1.5813,=1.9727,=2.6065,=4.1316,=6.9092,=1.6141,=0.4096,=1.0913,=1.4328,=1.7405,=2.6006,=5.0819,,=0.1199,,=0.0132,=26
="000912",300消费,2007-07-02,=0.0112,=18171.5000,=-0.1241,=20.9494,=0.1366,=17.5697,=22.8325,=28.6990,=38.6920,=71.0374,=3.5283,=0.0058,=3.4003,=4.6734,=6.3987,=8.3233,=13.2137,=2.7375,=0.0553,=1.8902,=3.1993,=4.1913,=5.5033,=9.3193,=0.0602,=0.1878,=0.0812,=0.0413,=784
="000815",细分食品,2012-04-11,=0.0079,=16458.0100,=-0.1215,=20.9684,=0.1423,=16.6089,=22.2185,=30.6819,=37.4251,=68.5596,=3.6407,=0.0012,=3.5925,=4.7477,=6.1940,=8.2709,=14.7926,=4.6449,=0.1056,=3.7606,=4.9239,=6.1122,=8.3455,=14.4971,=0.0708,=0.1902,=0.0845,=0.0400,=760
="930625",SHS互联网,2015-04-21,=-0.0192,=2467.6800,=-0.1871,=21.1402,=0.0135,=18.9097,=27.4497,=35.6026,=51.6994,=84.5605,=2.7091,=0.0016,=2.6129,=3.5102,=4.9824,=6.6775,=9.2961,=2.6771,=0.0044,=2.4953,=3.4905,=4.4149,=5.8935,=8.7946,,=0.1125,,=0.0095,=320
="399396",国证食品,2012-10-29,=0.0091,=15368.4600,=-0.1203,=21.2461,=0.1163,=17.1702,=22.2619,=30.0935,=37.3108,=66.0937,=3.4985,=0.0012,=3.4501,=4.6017,=6.1033,=7.6300,=14.3214,=3.5319,=0.0070,=3.3405,=3.9740,=5.0532,=6.2477,=12.4529,=0.0671,=0.1761,=0.0767,=0.0392,=1608
="930641",中证中药,2015-05-19,=0.0029,=8529.0900,=-0.1036,=21.3121,=0.0433,=17.1921,=24.2890,=29.0597,=32.8246,=45.5431,=1.9697,=0.0008,=1.9628,=2.5025,=2.9858,=3.5576,=4.1073,=2.1497,=0.0017,=2.1155,=2.4546,=2.8484,=3.6632,=4.5776,=0.0326,=0.0928,=0.0347,=0.0377,=863
="399372",大盘成长,2010-01-04,=-0.0077,=5870.0700,=0.1136,=21.4642,=0.6390,=13.0565,=17.0480,=20.3124,=25.3722,=45.9159,=3.1423,=0.5668,=1.9139,=2.5005,=3.0133,=5.3725,=9.5601,=2.0240,=0.2686,=1.2183,=1.8035,=2.6248,=3.4508,=6.6651,=0.0399,=0.1447,=0.0379,=0.0208,=313
="399377",小盘价值,2010-01-04,=-0.0145,=7997.9500,=0.0391,=21.5678,=0.8487,=9.8385,=13.2773,=15.1860,=19.8819,=34.2299,=1.3524,=0.6928,=0.8997,=1.0824,=1.2373,=1.8303,=2.1990,=0.8143,=0.6264,=0.4594,=0.5454,=0.7119,=1.2700,=1.8295,=0.0183,=0.0578,=0.0162,=0.0235,=625
="930782",500SNLV,2016-02-04,=-0.0097,=20266.3900,=0.0784,=21.5897,=0.6452,=13.0617,=17.6555,=20.0518,=25.3167,=34.2656,=1.7530,=0.7607,=1.0996,=1.3464,=1.4745,=1.8968,=2.6374,=1.3728,=0.7719,=0.5914,=0.8056,=0.8890,=1.4854,=2.0883,=0.0229,=0.0820,=0.0170,=0.0206,=1371
="399990",煤炭等权,2015-01-21,=0.0197,=3460.0800,=0.2046,=21.6562,=0.9043,=5.7123,=8.6087,=10.6431,=15.3834,=3433.4450,=1.7302,=0.9398,=0.8179,=1.1186,=1.3599,=1.5981,=2.0135,=1.9671,=0.9942,=0.6732,=0.9175,=1.1212,=1.4593,=2.0936,=0.0229,=0.0912,=0.0239,=0.0310,=243
="399998",中证煤炭,2015-02-13,=0.0181,=2360.7600,=0.1973,=21.6562,=0.9043,=5.7123,=8.6087,=10.6431,=15.3834,=3433.4450,=1.7302,=0.9398,=0.8179,=1.1186,=1.3599,=1.5981,=2.0135,=1.9671,=0.9942,=0.6732,=0.9175,=1.1212,=1.4593,=2.0936,=0.0229,=0.0912,=0.0239,=0.0310,=2076
="000932",中证消费,2009-07-03,=0.0019,=13099.6500,=-0.1409,=21.7603,=0.1444,=18.2526,=23.5146,=29.2804,=38.6663,=67.7039,=3.3525,=0.0012,=3.3131,=4.2772,=5.3629,=7.0320,=11.1990,=2.5678,=0.0569,=1.9505,=2.9576,=3.5970,=4.6842,=7.7724,=0.0540,=0.1726,=0.0732,=0.0390,=12336
="930938",500成长估值,2018-12-04,=-0.0173,=5146.6300,=0.1098,=21.8122,=0.9112,=9.4780,=13.0802,=16.7677,=19.6292,=30.3577,=2.2618,=0.7501,=1.4489,=1.8679,=2.1172,=2.2933,=3.6765,=1.4550,=0.7535,=0.6916,=0.9038,=1.1673,=1.6010,=2.2515,=0.0254,=0.1028,=0.0163,=0.0187,=71
="HSSCT",恒生港股通中国科技指数,2020-02-01,=-0.0073,=6720.0300,=-0.1041,=21.8302,=0.1865,=15.0039,=22.0001,=24.9516,=33.2551,=55.7647,=2.6928,=0.2437,=1.8368,=2.6443,=3.0530,=4.7109,=8.0840,=2.2293,=0.4283,=1.1354,=1.8376,=2.3371,=3.2191,=6.0217,,=0.1201,,=0.0085,=89
="HSSCITI",恒生港股通科技主题指数,2023-07-01,=-0.0094,=2622.8400,=-0.1001,=21.8353,=0.2352,=15.2810,=21.1382,=23.9480,=27.0209,=33.8690,=2.7121,=0.1718,=2.1914,=2.7381,=2.9586,=3.4246,=4.1810,=2.2324,=0.5676,=1.5305,=1.8377,=2.1058,=2.7822,=3.5648,,=0.1203,,=0.0085,=76
="000929",中证材料,2009-07-03,=-0.0340,=4599.9200,=0.0306,=21.9412,=0.6597,=9.9126,=14.1083,=19.5190,=25.3926,=1406.2094,=2.4618,=0.9006,=1.3680,=1.6188,=1.8962,=2.2753,=3.1607,=1.2425,=0.8680,=0.6315,=0.7658,=0.8823,=1.1808,=1.5845,=0.0399,=0.1037,=0.0230,=0.0163,=523
="931000",大湾区,2017-07-19,=-0.0099,=1949.1600,=0.1020,=21.9439,=0.9851,=11.8370,=14.5083,=16.1991,=18.8906,=23.4463,=2.0886,=0.5221,=1.3750,=1.7618,=2.0694,=2.5532,=3.2666,=1.6413,=0.5943,=1.1015,=1.3314,=1.5587,=1.8732,=2.5221,=0.0236,=0.0809,=0.0227,=0.0214,=13
="931027",港股通大消费,2017-11-06,=-0.0165,=2794.4554,=-0.1044,=22.0400,=0.3136,=14.6383,=20.4275,=25.5369,=51.8142,=105.3721,=2.6314,=0.0944,=2.2514,=2.8772,=3.2526,=4.3686,=9.1499,=1.5576,=0.3235,=1.0973,=1.4398,=1.7760,=2.5040,=5.7985,,=0.1064,,=0.0217,=43
="HSSCNE",恒生港股通新经济指数,2018-01-08,=-0.0157,=3768.8700,=-0.1229,=22.1234,=0.3044,=15.8046,=20.6815,=24.1369,=28.5452,=53.5009,=2.7514,=0.4498,=1.7963,=2.2465,=2.8347,=3.4816,=6.9059,=1.9106,=0.3989,=1.4023,=1.7291,=2.0070,=2.5635,=5.3019,,=0.1262,,=0.0101,=206
="930653",CS食品饮,2015-06-05,=0.0070,=13362.9500,=-0.1146,=22.2062,=0.1341,=17.6031,=23.1159,=31.2814,=38.3114,=65.8842,=3.3815,=0.0012,=3.3376,=4.4410,=5.7103,=7.1300,=12.9907,=3.3393,=0.0128,=3.0169,=3.8365,=4.7683,=5.8503,=11.4166,=0.0615,=0.1583,=0.0705,=0.0375,=892
="000069",消费80,2010-05-28,=-0.0039,=4312.0600,=-0.1216,=22.2176,=0.1856,=16.4356,=22.2880,=24.9057,=33.0497,=60.5019,=2.7948,=0.0285,=2.4642,=3.1953,=3.5468,=4.8097,=7.6372,=1.7089,=0.3742,=1.0743,=1.4732,=1.9152,=2.7436,=3.8795,=0.0378,=0.1324,=0.0420,=0.0267,=931
="000990",全指消费,2011-08-02,=0.0048,=11000.1500,=-0.1359,=22.2757,=0.1547,=18.6483,=23.9459,=30.8298,=39.1217,=75.7240,=3.3337,=0.0012,=3.2941,=4.0970,=4.9952,=6.2867,=9.6579,=2.5975,=0.1027,=2.0430,=2.7732,=3.3225,=4.0947,=6.6514,=0.0524,=0.1676,=0.0712,=0.0380,=3839
="931140",医药50,2019-03-20,=-0.0012,=9533.7300,=-0.0726,=22.3972,=0.0029,=22.2180,=25.6214,=28.8301,=43.4897,=67.0844,=3.2576,=0.0017,=3.2305,=4.2580,=4.9871,=7.4715,=10.9696,=4.2307,=0.0701,=3.4950,=4.6311,=5.2135,=7.1732,=12.1248,=0.0393,=0.1515,=0.0402,=0.0201,=1192
="000989",全指可选,2011-08-02,=-0.0192,=5126.0500,=-0.0835,=22.4297,=0.3469,=14.8205,=20.3758,=24.4457,=30.9883,=46.1708,=2.2159,=0.2356,=1.6599,=2.1306,=2.5125,=2.8493,=3.3093,=1.0350,=0.2277,=0.8200,=1.0153,=1.1716,=1.4564,=1.7628,=0.0237,=0.1045,=0.0284,=0.0238,=1293
="000963",中证下游,2010-04-16,=-0.0065,=5201.4600,=-0.0892,=22.6949,=0.2537,=17.2626,=22.3551,=25.2920,=33.1012,=51.0836,=2.2231,=0.0025,=2.1972,=2.5957,=3.0766,=3.4358,=5.6334,=1.4831,=0.0644,=1.2209,=1.6180,=1.7737,=2.0795,=3.4797,=0.0267,=0.0958,=0.0301,=0.0290,=28
="931484",CS医药创新,2020-05-06,=-0.0012,=1288.8100,=-0.1111,=22.7510,=0.1287,=18.2098,=24.2890,=27.5599,=47.2978,=86.1757,=3.7495,=0.0198,=3.3236,=4.5901,=5.4661,=11.4772,=17.5605,=5.0314,=0.0858,=3.7485,=5.5922,=6.5714,=11.3619,=20.8272,=0.0424,=0.1752,=0.0382,=0.0177,=390
="000985",中证全指,2011-08-02,=-0.0136,=6443.8400,=0.0886,=22.8795,=0.9901,=12.6044,=15.9637,=17.6523,=20.1888,=23.7678,=1.8650,=0.6485,=1.2581,=1.5484,=1.7139,=1.9631,=2.1557,=1.7480,=0.9307,=1.0381,=1.2268,=1.3873,=1.6458,=1.8438,=0.0216,=0.0749,=0.0212,=0.0189,=645
="930903",中证A股,2016-10-18,=-0.0136,=4439.8400,=0.0878,=23.1511,=0.9921,=12.9620,=16.2363,=17.7313,=20.4971,=23.9680,=1.8701,=0.6681,=1.2607,=1.5523,=1.7047,=1.9480,=2.2108,=1.7505,=0.9448,=1.0406,=1.2302,=1.3740,=1.6303,=1.9264,=0.0216,=0.0748,=0.0212,=0.0188,=9
="000813",细分化工,2012-04-11,=-0.0192,=3894.8200,=0.0215,=23.2570,=0.5990,=11.4329,=16.5252,=21.9341,=28.5835,=42.1751,=2.5604,=0.4794,=1.6736,=2.0410,=2.6222,=3.1017,=4.9148,=1.4611,=0.5281,=0.8896,=1.1114,=1.4038,=1.9668,=3.1071,=0.0394,=0.0961,=0.0234,=0.0151,=942
="931573",HKC科技,2014-05-21,=-0.0083,=2998.1100,=-0.0754,=23.3187,=0.1353,=18.3272,=24.2506,=28.6024,=40.1188,=82.7075,=3.0628,=0.2474,=2.3269,=2.9495,=3.3473,=4.2780,=10.6583,=1.9556,=0.1936,=1.5041,=1.9689,=2.3141,=3.4095,=8.3359,,=0.1200,,=0.0095,=284
="931470",SHS云计算,2020-04-21,=-0.0211,=4034.9700,=0.0939,=23.3875,=0.3623,=13.2694,=19.9084,=25.1800,=31.3802,=62.1875,=3.5017,=0.2314,=2.5281,=3.4434,=3.9166,=5.8664,=9.6099,=3.7943,=0.1549,=2.7843,=3.8739,=4.4992,=6.4918,=10.5654,,=0.1294,,=0.0076,=34
="987008",港股通科技,2021-03-08,,,=-0.1214,=23.7391,=0.1704,=16.3992,=24.1208,=27.3860,=34.0468,=63.8758,=2.6972,=0.0669,=2.3408,=2.9711,=3.4304,=3.9937,=8.4842,=2.2289,=0.0467,=1.9635,=2.6413,=2.9914,=3.8756,=8.7605,,=0.0980,,=0.0073,=80
="1000002",A股全指,1994-01-01,=-0.0136,=6443.8443,=0.0886,=23.7779,=0.9802,=12.9500,=16.6929,=18.4845,=21.3509,=25.0020,=1.8939,=0.6254,=1.2633,=1.5740,=1.7418,=2.0169,=2.1910,=1.7700,=0.9303,=1.0499,=1.2419,=1.3986,=1.6689,=1.9034,=0.0215,=0.0745,=0.0211,=0.0185,=7902
="931755",SEEE碳中和,2021-10-21,=-0.0088,=2134.1700,=0.0162,=23.9787,=0.7221,=13.4966,=17.4164,=21.1650,=24.8294,=29.4214,=2.4628,=0.5855,=1.7561,=1.9622,=2.3833,=2.7521,=3.9105,=1.4039,=0.7379,=0.8856,=1.0342,=1.2186,=1.4455,=2.3046,=0.0267,=0.0916,=0.0211,=0.0173,=142
="399370",国证成长,2010-01-04,=-0.0108,=5787.9300,=0.1427,=24.0203,=0.7240,=14.0104,=18.8236,=21.5391,=25.7184,=39.9195,=3.2774,=0.6720,=1.9695,=2.5703,=2.9665,=4.0447,=6.0628,=2.0922,=0.5091,=1.2188,=1.6926,=2.0819,=2.8022,=3.4917,=0.0375,=0.1344,=0.0327,=0.0182,=110
="931588",1000价值稳健,2020-11-09,=-0.0119,=34806.7100,=-0.0289,=24.1453,=0.9833,=12.8074,=16.6727,=18.4598,=20.5365,=25.6024,=1.3048,=0.2481,=1.0253,=1.2758,=1.4394,=1.5637,=1.9102,=0.6464,=0.6495,=0.4756,=0.5524,=0.6275,=0.6877,=0.8427,=0.0162,=0.0641,=0.0212,=0.0256,=105
="931574",港股科技,2013-05-21,=-0.0075,=1611.8500,=-0.0819,=24.2549,=0.3032,=16.3025,=22.7422,=27.5669,=42.9812,=59.3282,=2.9327,=0.4787,=1.8790,=2.5046,=2.9612,=3.5952,=8.1693,=1.7890,=0.2868,=1.3201,=1.6657,=1.9786,=2.8635,=5.7490,,=0.1080,,=0.0099,=267
="931166",医药健康100,2019-04-25,=-0.0021,=3732.8800,=-0.0745,=24.4145,=0.4301,=17.5935,=22.2856,=26.0879,=36.4533,=58.5515,=3.1492,=0.0804,=2.7671,=3.3808,=4.2512,=5.9137,=8.5226,=3.9245,=0.5472,=2.1887,=3.0459,=3.7622,=4.4774,=6.8190,=0.0346,=0.1325,=0.0321,=0.0172,=399
="000904",中证200,2007-01-15,=-0.0125,=6363.3100,=0.1263,=24.4631,=0.9880,=11.9474,=14.9318,=16.7651,=19.2609,=28.5236,=2.0357,=0.7434,=1.2748,=1.5010,=1.7447,=2.0655,=2.3407,=1.4780,=0.5561,=1.0540,=1.2917,=1.4313,=1.6943,=2.1135,=0.0231,=0.0739,=0.0238,=0.0208,=721
="H30015",800汽车,2012-12-21,=-0.0229,=8901.8000,=-0.1153,=25.0001,=0.6167,=11.4503,=15.2727,=22.6483,=31.8612,=45.6288,=2.0784,=0.3618,=1.3220,=1.7482,=2.1820,=2.4572,=3.4622,=0.8897,=0.5528,=0.5106,=0.6736,=0.8555,=1.0480,=1.4573,=0.0155,=0.0922,=0.0213,=0.0149,=188
="000930",中证工业,2009-07-03,=-0.0035,=3751.3700,=0.0696,=25.0713,=0.8614,=13.1747,=16.3715,=20.2752,=24.0112,=30.4087,=1.9676,=0.6027,=1.3752,=1.5614,=1.8663,=2.1245,=2.6342,=0.9379,=0.8870,=0.5311,=0.6373,=0.7617,=0.8834,=1.0502,=0.0191,=0.0679,=0.0169,=0.0175,=323
="931752",工程机械主题,2021-09-27,=-0.0197,=2691.3900,=0.0677,=25.1030,=0.8837,=13.6456,=18.4472,=21.1337,=24.3470,=27.9581,=2.2428,=0.9165,=1.2593,=1.5727,=1.7081,=2.1146,=2.6511,=1.3841,=0.8845,=0.7133,=0.9137,=1.0131,=1.2678,=1.6462,=0.0241,=0.0958,=0.0272,=0.0197,=91
="000987",全指材料,2011-08-02,=-0.0338,=5260.3900,=0.0498,=25.3208,=0.6844,=11.8534,=16.4330,=21.1108,=28.4272,=1313.4345,=2.4716,=0.7665,=1.3547,=1.6741,=2.0387,=2.5042,=3.3213,=1.2406,=0.7046,=0.6546,=0.8399,=1.0187,=1.3556,=1.7398,=0.0340,=0.0892,=0.0206,=0.0147,=387
="399365",国证粮食,2009-11-04,=-0.0137,=12349.2500,=-0.0885,=25.6330,=0.4208,=13.3311,=20.2221,=27.2939,=35.2364,=54.5886,=2.2330,=0.2517,=1.6393,=2.0688,=4.1076,=6.4747,=11.3501,=0.9017,=0.2698,=0.5961,=0.8022,=3.1479,=4.6104,=8.7065,=0.0232,=0.0838,=0.0244,=0.0178,=64
="399814",大农业,2014-07-22,=-0.0167,=1102.2700,=-0.0807,=25.6789,=0.3263,=17.8693,=23.5206,=28.5617,=32.8949,=111.7688,=2.7986,=0.0817,=2.4368,=2.9372,=3.3277,=4.3740,=6.4483,=1.5651,=0.2508,=1.2031,=1.5092,=1.8437,=2.3352,=3.7145,=0.0257,=0.1209,=0.0380,=0.0264,=768
="930794",中美互联网,2016-04-22,,,=-0.1146,=25.9477,=0.0699,=21.6222,=27.9993,=32.4687,=38.0931,=50.5410,=6.2565,=0.3537,=3.5920,=5.7048,=6.5716,=7.5414,=9.2259,=5.0069,=0.5672,=2.2940,=3.8795,=4.8522,=5.5740,=7.0802,,=0.2458,,=0.0026,=424
="399702",深证F120,2010-05-10,=-0.0113,=7702.5800,=0.0168,=26.0718,=0.9781,=12.6034,=17.7484,=20.6520,=22.4552,=28.8861,=2.1547,=0.3808,=1.5963,=1.9892,=2.2133,=2.6272,=3.5867,=1.3785,=0.5780,=0.8721,=1.1406,=1.3257,=1.5883,=2.2308,=0.0250,=0.0726,=0.0233,=0.0222,=1428
="399701",深证F60,2010-05-10,=-0.0070,=7962.1300,=0.0027,=26.6658,=0.9843,=12.1841,=16.9308,=19.7236,=22.0539,=29.1141,=2.0367,=0.2240,=1.6712,=2.0169,=2.1834,=2.5392,=3.7270,=1.3423,=0.4493,=1.0125,=1.2363,=1.3650,=1.5636,=2.4139,=0.0232,=0.0664,=0.0243,=0.0244,=1678
="399617",深证消费,2011-06-15,=-0.0058,=7565.6900,=-0.1811,=26.8086,=0.5202,=15.3450,=22.1455,=26.6236,=32.2918,=1768.1548,=2.4119,=0.0012,=2.4050,=3.3462,=4.2571,=5.7490,=9.2732,=1.4278,=0,=1.4278,=1.8846,=2.4647,=3.6985,=6.3240,=0.0294,=0.1055,=0.0582,=0.0377,=368
="399374",中盘成长,2010-01-04,=-0.0133,=5464.0800,=0.1952,=27.1412,=0.7686,=12.0664,=16.7038,=22.9681,=27.5418,=33.1996,=3.6026,=0.7772,=1.8942,=2.4100,=3.1260,=3.6257,=4.3864,=2.4927,=0.7999,=0.9013,=1.6610,=2.2040,=2.4927,=3.0605,=0.0366,=0.1248,=0.0238,=0.0147,=201
="931829",中证回购,2023-10-17,=-0.0211,=2520.1100,=0.0905,=27.4389,=0.5325,=16.8171,=21.6839,=25.6634,=35.0425,=40.4937,=2.2487,=0.9477,=1.3801,=1.5597,=1.7308,=1.9588,=2.3571,=0.9555,=0.1743,=0.7604,=0.9622,=1.0233,=1.1686,=1.4917,=0.0242,=0.0495,=0.0133,=0.0269,=38
="931524",SHS科技龙头,2020-07-16,=-0.0119,=2928.6400,=0.0896,=27.6895,=0.5942,=18.9033,=23.4657,=26.5807,=35.7769,=59.9125,=3.6601,=0.4936,=2.7731,=3.2878,=3.6683,=5.1798,=9.0190,=2.7186,=0.5847,=1.6886,=2.2557,=2.5434,=4.2645,=7.2475,,=0.1133,,=0.0085,=218
="399989",中证医疗,2014-10-31,=-0.0081,=6312.9100,=-0.0661,=27.8689,=0.1056,=22.9032,=30.0286,=40.0365,=60.5530,=114.3753,=3.0709,=0.0095,=2.8697,=3.8471,=5.4998,=8.1687,=13.4814,=5.2467,=0.0916,=4.3528,=5.6677,=6.5794,=9.4594,=17.4163,=0.0284,=0.1137,=0.0290,=0.0141,=8431
="000969",300非周,2010-05-28,=-0.0049,=6092.0600,=0.1440,=27.9562,=0.8540,=15.9839,=20.5858,=22.5160,=25.8203,=38.7203,=2.9033,=0.6489,=2.0789,=2.4852,=2.7746,=3.1883,=4.9189,=1.6131,=0.8300,=0.8921,=1.1506,=1.2814,=1.5499,=2.2463,=0.0251,=0.0964,=0.0261,=0.0191,=86
="1000008",沪深B股,1994-01-10,=0,=280.2700,=0.1042,=27.9578,=0.7554,=7.0835,=12.9417,=17.4961,=30.7740,=97.5837,=0.7893,=0.2409,=0.6594,=0.7810,=0.8518,=1.0675,=1.4976,=0.5380,=0.6233,=0.3777,=0.4474,=0.5016,=0.5935,=1.1545,,,=0.0134,=0.0390,=371
="HSSI",恒生综合小型股指数,2001-10-03,=-0.0144,=1519.8900,=-0.0322,=28.1228,=0.8744,=7.3220,=11.0801,=16.3954,=26.1828,=83.7574,=1.1051,=0.6858,=0.5652,=0.7236,=0.9814,=1.1648,=1.4185,=0.7327,=0.5679,=0.3459,=0.4531,=0.6968,=0.9209,=1.2872,,,,=0.0251,=126
="HSBIO",恒生生物科技指数,2019-12-01,=-0.0065,=13445.0800,=-0.0517,=28.2618,=0.0821,=20.8275,=30.8668,=62.7089,=139.5234,=62737.8398,=2.8260,=0.4715,=1.5084,=2.1456,=2.9141,=4.4567,=6.7821,=1.5858,=0.5473,=0.7434,=1.0903,=1.5361,=2.1566,=3.5303,,=0.1070,,=0.0116,=661
="931403",品牌工程,2020-01-14,=0.0014,=2220.3100,=0.1246,=28.4177,=0.4574,=18.7149,=24.0116,=29.4648,=43.9705,=69.9724,=4.1792,=0.3268,=3.2380,=4.0113,=5.0738,=7.6987,=10.9810,=3.3048,=0.4685,=2.2604,=2.9236,=3.3841,=4.8130,=7.2001,=0.0453,=0.1433,=0.0461,=0.0207,=116
="931008",汽车指数,2013-07-15,=-0.0209,=10419.8100,=-0.1301,=28.4497,=0.6007,=12.0130,=17.4482,=26.2061,=36.2741,=55.3660,=2.1751,=0.4425,=1.1809,=1.5381,=2.2203,=2.4592,=3.4286,=0.9261,=0.5129,=0.4315,=0.5515,=0.9138,=1.0537,=1.4087,=0.0152,=0.0829,=0.0208,=0.0145,=478
=".INX",标普500,1957-03-04,=0.0061,=7519.1200,=0.0984,=28.5338,=0.7941,=15.6907,=21.8286,=24.0585,=28.6129,=42.9883,=5.6310,=1,=2.4601,=3.2254,=3.9394,=4.7391,=5.6310,=3.6212,=0.9996,=1.5801,=2.0840,=2.3692,=3.0310,=3.6244,,,=0.0468,=0.0098,=9105
="000988",全指工业,2011-08-02,=-0.0065,=4448.6300,=0.0776,=28.6071,=0.7492,=13.7285,=19.3778,=24.0517,=29.4259,=37.6625,=2.1163,=0.5994,=1.3866,=1.6512,=2.0223,=2.4483,=2.7728,=1.0009,=0.6848,=0.5551,=0.7455,=0.9038,=1.0748,=1.3765,=0.0185,=0.0650,=0.0170,=0.0157,=234
="HSSSHID",恒生沪深港创新药精选50指数,2020-03-01,=-0.0083,=7135.4600,=-0.0483,=29.0512,=0.1736,=23.4861,=29.6632,=35.6361,=52.2767,=94.0285,=3.3813,=0.4037,=2.0729,=2.8078,=3.7371,=6.4048,=8.4497,=4.8548,=0.6622,=1.3432,=1.8821,=3.2022,=5.9759,=8.1459,,=0.1198,,=0.0101,=283
="931590",500成长创新,2020-11-09,=-0.0173,=30379.4000,=0.1186,=29.0746,=0.9021,=14.5054,=17.7552,=20.0819,=26.7021,=32.9124,=3.3370,=0.8483,=1.6442,=2.3220,=2.6376,=3.2724,=3.8320,=3.3805,=0.9742,=1.3106,=1.9737,=2.2728,=2.6719,=3.6034,=0.0292,=0.1277,=0.0317,=0.0127,=89
="000941",新能源,2009-10-28,=0.0073,=2965.8000,=0.1523,=29.0853,=0.4975,=10.2578,=20.0248,=29.1763,=37.6508,=57.4660,=3.6828,=0.7830,=1.8262,=2.2548,=2.9518,=3.8432,=8.1424,=2.9397,=0.7929,=1.2704,=1.5650,=2.2647,=2.9597,=7.0320,=0.0322,=0.1201,=0.0313,=0.0137,=2457
="000907",中证700,2007-01-15,=-0.0137,=7345.3700,=0.1348,=29.1158,=0.9897,=13.5964,=17.1394,=19.5530,=24.0391,=35.6383,=2.2579,=0.8412,=1.3201,=1.5883,=1.8280,=2.2169,=2.5821,=1.6076,=0.7929,=0.9663,=1.1767,=1.3273,=1.6152,=1.9854,=0.0223,=0.0692,=0.0213,=0.0168,=265
="931526",企业核心竞争力50,2020-08-24,=0.0030,=1388.9000,=0.0594,=29.4446,=0.7708,=13.8510,=17.2580,=23.0250,=30.1179,=51.8267,=4.3229,=0.6279,=1.7937,=3.0818,=4.0714,=6.8325,=10.8733,=3.5772,=0.6121,=0.9066,=1.4968,=3.4327,=4.5557,=7.9459,=0.0371,=0.1485,=0.0461,=0.0135,=86
="000936",中证电信,2009-07-03,=-0.0077,=13602.6900,=0.3684,=29.4524,=0.5751,=14.1836,=20.2178,=26.5865,=41.2993,=123.1725,=2.6956,=0.7405,=1.2149,=1.7612,=2.3240,=2.7749,=3.6232,=2.6293,=0.9967,=0.7463,=1.0129,=1.2497,=1.7886,=2.6848,=0.0215,=0.0913,=0.0219,=0.0218,=333
="931239",港股通汽车,2022-07-21,=-0.0110,=2313.4800,=0.0005,=29.5449,=0.9652,=12.1049,=14.2423,=16.6051,=22.4487,=31.4216,=3.2802,=0.9532,=1.2076,=1.4322,=1.5662,=2.0813,=3.5989,=1.6407,=0.9559,=0.6024,=0.6825,=0.7506,=1.0373,=1.7776,,=0.1152,,=0.0130,=48
="980032",新能电池,2015-02-17,=-0.0036,=16854.9400,=0.0705,=29.5641,=0.4568,=14.3994,=22.1524,=30.6374,=82.8110,=130.4039,=4.2049,=0.4598,=2.4545,=3.3209,=4.3164,=7.7487,=11.8091,=2.2746,=0.5175,=1.1163,=1.6785,=2.2550,=4.9398,=7.8642,=0.0362,=0.1357,=0.0304,=0.0112,=736
="399698",优势成长,2017-06-15,=-0.0139,=50349.2100,=-0.0342,=29.5704,=0.6541,=14.2338,=18.1895,=22.9187,=35.6714,=66.5130,=2.0488,=0.6108,=1.2178,=1.5063,=1.9112,=2.3045,=2.9395,=2.7521,=0.8162,=0.6634,=1.0561,=1.7010,=2.5881,=4.7303,=0.0192,=0.0690,=0.0052,=0.0140,=38
="000037",上证医药,2009-01-09,=0.0003,=5958.0900,=-0.0594,=29.6485,=0.1002,=21.0843,=31.5036,=34.7490,=41.6974,=61.3894,=3.1028,=0.0916,=2.7278,=3.3497,=3.8871,=4.6066,=7.3155,=2.2735,=0.4142,=1.5724,=2.0207,=2.3588,=2.9167,=4.1395,=0.0281,=0.1036,=0.0282,=0.0129,=2062
="000857",500医药,2013-11-06,=-0.0102,=9819.5000,=-0.0426,=29.6752,=0.4802,=16.5096,=22.8937,=30.0543,=37.9727,=66.9361,=2.6684,=0.3412,=1.9620,=2.4653,=2.8538,=3.5361,=5.0991,=2.4753,=0.6654,=1.3156,=1.7598,=2.1305,=2.7931,=4.5555,=0.0260,=0.0879,=0.0247,=0.0183,=732
="399804",中证体育,2015-02-09,=-0.0155,=1801.2400,=-0.0919,=29.7793,=0.4550,=17.8349,=25.3379,=31.8531,=47.6495,=92.9525,=2.8896,=0.3028,=2.0588,=2.7283,=3.2232,=3.8396,=5.7602,=2.5659,=0.3424,=1.7235,=2.3146,=2.8749,=4.1242,=7.1775,=0.0257,=0.0922,=0.0231,=0.0230,=297
="399432",智能汽车,2014-12-30,=-0.0125,=6923.6600,=0.0204,=29.9545,=0.6048,=12.3799,=17.7770,=23.4840,=66.1739,=131.3343,=4.0238,=0.6011,=1.4019,=2.1767,=3.4832,=6.5272,=11.4939,=2.3017,=0.6427,=0.5888,=0.9087,=1.8558,=4.6106,=8.8483,=0.0329,=0.1377,=0.0319,=0.0112,=17
="931747",中证储能,2021-10-15,=0.0198,=9288.6300,=0.1661,=29.9772,=0.6162,=16.6670,=22.1395,=27.7759,=53.7203,=124.6415,=4.8994,=0.5706,=3.1109,=3.9333,=4.6615,=7.0051,=12.5394,=2.5018,=0.6682,=1.2712,=1.6956,=2.2674,=3.7892,=8.7019,=0.0355,=0.1665,=0.0400,=0.0121,=127
="399806",环境治理,2014-07-21,=-0.0271,=1424.9400,=0.0274,=30.0047,=0.5433,=17.0172,=24.4003,=29.3747,=36.6237,=50.8764,=1.8202,=0.5470,=1.1727,=1.6053,=1.7758,=2.6782,=4.4901,=1.9964,=0.3907,=1.3064,=1.8397,=2.0870,=3.2285,=5.9378,=0.0205,=0.0536,=0.0189,=0.0157,=848
="000933",中证医药,2009-07-03,=-0.0025,=7465.7700,=-0.0772,=30.2367,=0.3713,=22.6651,=27.9022,=32.4973,=37.5717,=63.0472,=2.7909,=0.0239,=2.5059,=3.2140,=3.9970,=4.6474,=7.0232,=2.6037,=0.2636,=1.9281,=2.5173,=3.0321,=3.5994,=5.1631,=0.0282,=0.0926,=0.0299,=0.0172,=7147
="930901",动漫游戏,2016-10-18,=-0.0133,=1707.9000,=-0.1932,=30.2415,=0.2281,=17.2478,=29.6500,=42.4201,=278.2732,=4647.5377,=3.1116,=0.5480,=1.7335,=2.2934,=2.8922,=4.0848,=7.9690,=4.9884,=0.4919,=2.8663,=4.2040,=5.0203,=6.8295,=10.0355,=0.0360,=0.1150,=0.0336,=0.0182,=828
="HSHCI",恒生医疗保健指数,2015-08-17,=-0.0080,=3392,=-0.0736,=30.4595,=0.4293,=15.9973,=23.0718,=33.3964,=116.8549,=143059.6617,=2.6356,=0.4959,=1.4805,=2.2494,=2.6402,=3.4864,=7.0432,=1.6541,=0.7280,=0.8149,=1.0195,=1.2855,=1.8605,=3.5391,,=0.0981,,=0.0122,=1720
="000991",全指医药,2011-08-02,=-0.0027,=8053.1800,=-0.0763,=30.5326,=0.2727,=23.5983,=29.5064,=34.3833,=41.0792,=73.5923,=2.7724,=0.0099,=2.5957,=3.1957,=3.8140,=4.7164,=6.5650,=2.5831,=0.1403,=2.0200,=2.6643,=3.0325,=3.7547,=5.9103,=0.0278,=0.0907,=0.0276,=0.0169,=7943
="399417",新能源车,2014-09-24,=-0.0060,=4114.9700,=0.0578,=30.6139,=0.5058,=14.2186,=20.9718,=30.4525,=56.8057,=106.6289,=4.1295,=0.6922,=1.6630,=2.3823,=3.4489,=4.6981,=9.6468,=2.2870,=0.6993,=0.6730,=1.0543,=1.8497,=2.5741,=6.6041,=0.0339,=0.1319,=0.0293,=0.0115,=2432
="000913",300医药,2007-07-02,=0.0033,=7412.7800,=-0.0971,=30.6976,=0.3090,=22.1588,=28.7885,=33.4090,=39.5137,=73.4129,=2.8965,=0.0008,=2.8757,=3.6707,=4.8073,=6.0065,=9.5028,=2.7155,=0.0809,=2.2757,=2.9185,=3.3718,=5.4278,=7.4989,=0.0300,=0.0967,=0.0342,=0.0164,=3368
="399440",国证钢铁,2014-12-30,=-0.0272,=1335.4200,=-0.1011,=30.7603,=0.6997,=5.7530,=9.0864,=18.4219,=37.1452,=695.2734,=1.0359,=0.4748,=0.7172,=0.9159,=1.0539,=1.3592,=2.0509,=0.5235,=0.6077,=0.3277,=0.3893,=0.4569,=0.6260,=1.3827,=0.0058,=0.0382,=0.0096,=0.0231,=467
="H11052",智能电车,2009-07-22,=-0.0059,=4435.8900,=0.0451,=30.8273,=0.3601,=16.1153,=26.3648,=33.3619,=63.3646,=148.6443,=4.1393,=0.5928,=2.6129,=3.1950,=3.8777,=5.5107,=9.7804,=2.1067,=0.5652,=1.2507,=1.6563,=2.0369,=3.2736,=6.6252,=0.0316,=0.1293,=0.0281,=0.0101,=195
="000978",医药100,2011-03-18,=-0.0069,=9699.9300,=-0.0699,=30.9577,=0.3148,=23.7467,=28.9537,=33.9576,=37.7475,=66.4077,=2.8240,=0.0083,=2.6819,=3.2733,=4.2087,=5.0232,=7.8052,=2.7071,=0.2108,=2.0946,=2.6888,=3.1485,=3.6588,=5.9820,=0.0280,=0.0911,=0.0286,=0.0165,=4707
="931230",汽车零部件,2013-07-15,=-0.0308,=1250.7300,=-0.0325,=31.2696,=0.8689,=18.5338,=23.7088,=26.5984,=30.5490,=34.9965,=3.2370,=0.8430,=1.8462,=2.2834,=2.6048,=3.1782,=3.7531,=2.0643,=0.8460,=1.1819,=1.4553,=1.6593,=2.0163,=2.3775,=0.0227,=0.1141,=0.0262,=0.0124,=44
="932246",储能电池,2022-07-08,=0.0141,=5582.4400,=0.1601,=31.3780,=0.7120,=13.3190,=20.0981,=26.4530,=33.4338,=40.1514,=4.8272,=0.9710,=2.3139,=2.6636,=3.2274,=4.4370,=5.1292,=3.2715,=0.7717,=1.3666,=1.6585,=2.2681,=3.3125,=3.7523,=0.0403,=0.1439,=0.0321,=0.0129,=63
="399976",CS新能车,2014-11-28,=-0.0096,=4774.7400,=0.0691,=31.5512,=0.3795,=13.8890,=22.9016,=34.7225,=62.1175,=231.2544,=4.0476,=0.5594,=2.0896,=3.0970,=3.8946,=6.2213,=11.9870,=2.3314,=0.5136,=0.7703,=1.7976,=2.3199,=4.1916,=9.1824,=0.0343,=0.1248,=0.0265,=0.0102,=2012
="931487",SHS人工智能50,2020-05-06,=-0.0167,=2328.4100,=0.0572,=31.5934,=0.5010,=18.6614,=25.5278,=31.5803,=37.3234,=66.0883,=4.6690,=0.5088,=3.0781,=4.0430,=4.6541,=6.4954,=10.5947,=5.0301,=0.4292,=3.3555,=4.4935,=5.1841,=6.8374,=9.5096,,=0.1427,,=0.0079,=72
="000994",全指电信,2011-08-02,=-0.0087,=15223.1900,=0.3668,=31.6961,=0.4328,=17.6024,=21.7761,=34.6384,=52.5847,=109.2407,=2.8764,=0.7017,=1.3865,=1.8410,=2.5289,=3.0695,=3.7766,=2.7987,=0.9963,=0.9155,=1.2459,=1.5295,=1.8627,=2.8779,=0.0216,=0.0895,=0.0218,=0.0202,=226
="930746",港中小企,2015-08-26,=-0.0096,=2521.4300,=-0.0627,=31.7157,=0.9862,=7.8499,=11.1083,=14.1393,=17.7633,=36.0739,=1.0426,=0.4545,=0.6829,=0.8307,=1.0793,=1.2269,=1.6951,=0.6803,=0.4805,=0.3939,=0.5280,=0.6941,=0.8172,=1.1520,,=0.0299,,=0.0320,=207
="930997",新能源车,2017-07-19,=-0.0099,=3238.8100,=0.0663,=31.7350,=0.4937,=14.0460,=20.4221,=31.9916,=85.5237,=171.6022,=4.0609,=0.6069,=1.7502,=2.4136,=3.6548,=6.1022,=11.4567,=2.3396,=0.5766,=0.7652,=1.1948,=2.1478,=3.9399,=8.7389,=0.0346,=0.1243,=0.0266,=0.0102,=1969
="399330",深证100,2006-01-24,=-0.0026,=6782.4500,=0.1659,=31.7770,=0.9752,=14.9910,=20.3621,=22.6329,=26.6822,=38.9547,=3.2336,=0.7409,=1.9919,=2.4968,=2.9344,=3.5438,=5.5535,=2.3285,=0.7459,=1.3434,=1.7250,=2.0945,=2.4344,=4.0791,=0.0278,=0.0897,=0.0269,=0.0166,=2325
="980027",新能源电池,2015-02-16,=0.0109,=3925.5500,=0.1619,=31.7892,=0.9426,=16.8641,=20.9593,=24.6243,=30.5865,=35.7610,=4.9033,=0.9902,=2.5249,=3.0133,=3.4469,=4.3987,=5.0238,=3.3819,=0.8754,=1.4888,=1.8931,=2.3893,=3.2481,=3.8612,=0.0376,=0.1513,=0.0348,=0.0133,=92
="931235",中证电信,2022-07-21,=-0.0133,=3203.2100,=0.1813,=32.0919,=0.9914,=15.5242,=18.6599,=21.2691,=25.8908,=32.8478,=2.9961,=0.9914,=0.8741,=1.6323,=1.8991,=2.2264,=3.0657,=2.8255,=0.9914,=0.6427,=1.3697,=1.7075,=2.0700,=2.8921,=0.0216,=0.0917,=0.0212,=0.0196,=58
="931579",东证优势成长,2020-11-09,=-0.0244,=9923.5700,=0.3002,=32.1372,=0.8742,=7.9327,=14.2098,=19.0476,=29.6109,=61.0103,=6.4572,=0.8883,=0.9149,=2.5880,=3.3775,=5.7805,=9.3390,=4.0219,=0.9032,=1.1828,=2.0479,=2.3407,=3.6078,=6.0793,=0.0548,=0.1983,=0.0468,=0.0100,=126
="000808",医药生物,2012-02-17,=-0.0024,=7648.8400,=-0.0770,=32.1875,=0.3659,=23.4705,=28.3997,=34.7031,=37.8852,=66.3352,=2.8403,=0.0116,=2.6545,=3.2816,=4.1935,=4.9177,=7.9299,=2.6953,=0.2145,=2.0659,=2.6750,=3.1022,=3.5475,=6.2098,=0.0273,=0.0877,=0.0275,=0.0161,=1416
="000009",上证380,2010-11-29,=-0.0126,=7318.5800,=0.1109,=32.3708,=0.9150,=11.6192,=14.6240,=18.0417,=25.1199,=40.6416,=2.3711,=0.7925,=1.2909,=1.6341,=1.9522,=2.3800,=2.8641,=1.4993,=0.7875,=0.7850,=0.9356,=1.0813,=1.5233,=1.8994,=0.0195,=0.0662,=0.0205,=0.0150,=864
="931719",CS电池,2013-07-15,=0.0049,=4856.3600,=0.1421,=32.3902,=0.2970,=15.7007,=26.6847,=42.8616,=64.6630,=121.8822,=4.7048,=0.7096,=1.9771,=2.9292,=3.9518,=5.7588,=11.8941,=3.1588,=0.5615,=1.2782,=2.0990,=3.0341,=4.7407,=9.5565,=0.0377,=0.1370,=0.0297,=0.0119,=549
="930632",CS稀金属,2015-05-12,=-0.0307,=3130.5800,=0.1547,=32.4626,=0.3317,=10.0759,=24.6559,=42.9096,=104.7578,=902.9270,=4.2131,=0.7116,=1.7714,=2.4678,=3.4483,=4.4154,=7.1765,=3.0279,=0.8086,=1.0736,=1.5817,=2.0604,=3.0027,=4.1072,=0.0489,=0.1107,=0.0216,=0.0069,=352
="399005",中小板指,2006-01-24,=-0.0128,=9594.2600,=0.1610,=32.7008,=0.6955,=16.1163,=23.0542,=28.5304,=34.0254,=44.0181,=3.2892,=0.4014,=2.0289,=2.7421,=3.4630,=4.3360,=5.3697,=2.2760,=0.4509,=1.3510,=1.8219,=2.3949,=3.3230,=4.1546,=0.0255,=0.0988,=0.0255,=0.0123,=3247
="000814",细分医药,2012-04-11,=-0.0015,=7681.8900,=-0.0797,=32.7800,=0.4950,=21.8871,=27.2039,=32.8237,=37.7198,=60.8250,=2.9245,=0.1209,=2.4219,=3.2355,=4.1318,=4.8855,=7.4081,=2.3754,=0.2302,=1.7858,=2.2980,=2.9194,=3.8445,=5.4819,=0.0283,=0.0890,=0.0304,=0.0159,=408
="931250",港股通创新药,2012-07-20,=-0.0071,=974.8600,=-0.0297,=32.7848,=0.2018,=21.4435,=32.7270,=36.5155,=45.3394,=63.0533,=3.3227,=0.6646,=1.5232,=1.8097,=2.3023,=3.8475,=4.5255,=5.5835,=0.6646,=1.4727,=1.7504,=2.2780,=6.5488,=7.7209,,=0.1071,,=0.0088,=109
="931787",港股创新药,2018-08-14,=-0.0066,=1215.2900,=-0.0323,=32.7848,=0.2971,=20.8973,=29.3944,=45.1733,=80.2286,=400.8209,=3.3227,=0.6064,=1.5132,=2.2989,=2.9494,=4.1509,=5.7621,=5.5835,=0.8862,=0.8553,=1.2877,=2.0639,=3.1394,=7.7308,,=0.1071,,=0.0088,=726
="399394",国证医药,2012-10-29,=-0.0017,=7744.3200,=-0.0875,=33.0309,=0.4274,=22.8656,=29.2541,=34.3665,=39.8130,=65.8576,=3.0214,=0.0219,=2.7032,=3.4609,=4.5092,=5.4654,=8.6075,=2.7667,=0.2331,=1.9890,=2.7236,=3.1676,=4.7608,=6.5385,=0.0285,=0.0916,=0.0308,=0.0157,=1065
="1000005",上海非金融A股,1994-01-01,,,,=33.2470,=0.9600,=15.3520,=20.3290,=23.4487,=29.7424,=34.6296,=2.3284,=0.8919,=1.5456,=1.8178,=2.0368,=2.2549,=2.5831,=1.4285,=0.9897,=0.7548,=0.9329,=1.0742,=1.1971,=1.4787,=0.0209,=0.0661,=0.0198,=0.0176,=189
="399315",巨潮中盘,2005-02-03,=-0.0136,=5494.2800,=0.1544,=33.3257,=0.8700,=14.3715,=18.4227,=22.9152,=29.8266,=46.2941,=2.6465,=0.8672,=1.5252,=1.8923,=2.1500,=2.5842,=2.9380,=1.9552,=0.9922,=0.8408,=1.2254,=1.4277,=1.6500,=2.0305,=0.0239,=0.0707,=0.0202,=0.0138,=20
="000841",800医药,2012-12-21,=-0.0031,=7713.5500,=-0.0772,=33.5140,=0.5755,=21.4494,=28.0346,=32.3158,=37.6239,=58.1462,=2.9471,=0.1324,=2.4193,=3.2024,=3.8140,=4.3897,=6.5122,=3.9993,=0.7174,=1.7815,=2.8895,=3.4449,=4.3824,=6.1565,=0.0288,=0.0871,=0.0293,=0.0167,=590
="000949",中证农业,2009-10-28,=-0.0234,=5102.8400,=-0.1186,=33.7881,=0.7059,=14.4444,=21.2919,=29.1161,=36.7819,=1184.8568,=2.4990,=0.1737,=2.0719,=2.5623,=3.2822,=4.0480,=5.2895,=1.3168,=0.2331,=0.8980,=1.1771,=1.7376,=2.0301,=2.8101,=0.0068,=0.0985,=0.0327,=0.0203,=1043
="930791",CS医药TI,2016-03-22,=-0.0035,=8558.7800,=-0.0757,=33.9585,=0.3993,=23.2364,=30.0855,=35.7295,=40.8654,=70.7414,=2.6645,=0.0161,=2.4395,=3.0681,=3.9088,=4.6090,=6.6660,=2.5115,=0.1403,=2.0598,=2.5890,=3.0006,=3.5454,=5.1130,=0.0251,=0.0784,=0.0255,=0.0161,=194
="H30463",沪港深500医药,2014-11-28,=-0.0041,=7064.2500,=-0.0905,=34.2878,=0.4348,=23.3470,=30.9576,=35.4878,=42.6572,=94.1690,=3.2411,=0.0846,=2.7545,=3.5570,=4.4602,=5.5958,=10.0878,=3.1083,=0.3739,=1.9470,=2.8257,=3.3125,=4.2139,=9.3489,,=0.0979,,=0.0138,=33
="399008",中小300,2010-03-22,=-0.0144,=1876.2500,=0.1338,=34.4815,=0.7558,=17.8364,=25.4661,=30.4240,=35.6323,=45.5477,=3.0120,=0.5140,=1.7846,=2.4620,=2.9909,=3.8256,=4.7778,=2.0614,=0.4872,=1.1664,=1.6529,=2.0826,=2.8274,=3.8663,=0.0232,=0.0868,=0.0228,=0.0122,=506
="399295",创价值,2019-01-23,=0.0012,=5934.4400,=0.0997,=34.6065,=0.4279,=20.8863,=26.5613,=40.1239,=57.0288,=73.8741,=5.8880,=0.5113,=3.7254,=4.5953,=5.8344,=9.0017,=11.5385,=4.5929,=0.4313,=2.5684,=3.4645,=5.3974,=9.1712,=12.8251,=0.0387,=0.1758,=0.0398,=0.0129,=610
="930614",环保50,2015-04-07,=0.0068,=2524.5900,=0.0994,=34.8329,=0.7937,=13.7595,=20.5125,=26.7762,=35.1194,=50.3864,=3.0815,=0.6774,=1.9059,=2.3842,=2.8762,=3.6683,=6.0727,=3.0764,=0.6642,=1.6847,=2.2438,=2.8993,=3.3765,=6.6309,=0.0222,=0.0831,=0.0199,=0.0160,=207
="399007",深证300,2009-11-04,=-0.0078,=6598.9200,=0.1608,=35.1576,=0.9950,=15.3833,=21.4145,=25.0036,=28.7813,=36.0754,=3.0794,=0.6984,=1.8298,=2.3539,=2.8042,=3.2332,=4.4351,=2.2204,=0.6580,=1.2839,=1.6547,=2.0022,=2.4005,=3.3177,=0.0257,=0.0779,=0.0236,=0.0145,=585
="931406",5G 50,2020-02-20,=-0.0120,=3199.2000,=0.5030,=35.1585,=0.8254,=15.2657,=20.5740,=23.3051,=34.2044,=51.5506,=3.8106,=0.8076,=1.5292,=1.9595,=2.4123,=3.7855,=5.3757,=2.5563,=0.9987,=0.9155,=1.4005,=1.5793,=1.8816,=2.5787,=0.0252,=0.1023,=0.0236,=0.0158,=701
="930719",CS精准医,2015-08-05,=-0.0065,=2553.2300,=-0.0395,=35.1937,=0.0961,=29.3195,=38.1755,=52.4161,=67.1291,=102.1078,=4.1357,=0.0874,=3.4982,=4.5711,=6.0895,=9.0230,=14.5104,=6.3302,=0.2383,=5.1956,=6.1988,=7.4631,=10.6374,=18.8625,=0.0301,=0.1091,=0.0230,=0.0081,=337
="000977",内地低碳,2011-01-21,=0.0103,=2271.0900,=0.0895,=35.2403,=0.7950,=13.7595,=20.8967,=26.8070,=35.4176,=50.3864,=3.0924,=0.6861,=1.9264,=2.3844,=2.8683,=3.6471,=6.0727,=3.0913,=0.7038,=1.6847,=2.2202,=2.8358,=3.3944,=6.7765,=0.0220,=0.0823,=0.0200,=0.0160,=386
="399389",国证通信,2011-12-02,=-0.0083,=11877.4400,=0.4242,=35.5283,=0.3944,=15.1336,=21.7733,=48.0983,=65.1875,=153.7967,=3.0474,=0.7950,=1.3245,=1.8461,=2.4668,=3.0648,=3.9804,=2.9302,=0.9971,=0.9743,=1.4589,=1.6820,=1.8898,=2.9859,=0.0209,=0.0855,=0.0209,=0.0189,=46
="399088",深创100,2020-02-18,=-0.0034,=6008.2500,=0.1903,=35.7479,=0.7424,=15.3025,=21.8331,=26.7163,=38.3367,=56.8187,=5.2863,=0.7660,=2.2889,=3.2826,=4.0353,=5.3712,=6.8856,=3.4278,=0.7306,=1.4223,=1.9691,=2.4244,=3.7458,=5.1281,=0.0356,=0.1522,=0.0358,=0.0117,=74
="399326",成长40,2006-01-24,=-0.0080,=8802.1500,=0.3825,=36.0835,=0.8478,=11.4413,=22.5069,=27.6983,=32.2635,=67.8360,=8.0056,=0.9381,=2.3502,=3.7081,=4.7152,=6.3841,=10.3842,=4.8814,=0.9884,=1.6605,=2.3239,=3.0422,=3.8994,=5.1844,=0.0646,=0.2161,=0.0378,=0.0090,=273
="399850",深证50,2023-10-18,=-0.0036,=10485.8500,=0.1485,=36.1503,=0.9916,=16.5344,=19.8940,=23.1977,=26.8336,=36.5873,=4.0997,=0.9966,=2.5911,=2.9260,=3.2108,=3.6812,=4.1185,=2.3172,=0.9949,=1.3017,=1.4762,=1.6744,=2.0332,=2.3386,=0.0301,=0.0973,=0.0318,=0.0167,=77
="399376",小盘成长,2010-01-04,=-0.0182,=7512.1800,=0.1828,=36.1595,=0.8956,=14.4007,=20.2318,=25.5915,=32.5439,=60.1410,=3.4710,=0.9158,=1.6246,=2.0607,=2.3691,=3.1554,=4.0524,=1.9423,=0.7892,=0.7224,=1.0640,=1.2043,=1.9727,=3.4032,=0.0271,=0.1002,=0.0195,=0.0118,=283
="931798",光伏龙头30,2009-06-16,=0.0091,=2555.3800,=0.2278,=36.2483,=0.7706,=8.0886,=17.2411,=24.1372,=37.6614,=66.5518,=3.1717,=0.6832,=1.6869,=2.0170,=2.3981,=4.5878,=8.3847,=2.5835,=0.7351,=0.9999,=1.3263,=1.6641,=3.0761,=5.7040,=0.0172,=0.0745,=0.0196,=0.0098,=192
="931733",绿色能源,2021-08-19,=0.0039,=5607.7200,=0.0719,=36.4696,=0.6481,=12.7308,=19.0969,=32.3994,=41.9886,=65.3510,=3.6314,=0.5482,=2.3311,=2.7831,=3.5198,=5.5806,=8.0150,=2.4876,=0.6038,=1.3651,=1.7455,=2.3120,=4.3980,=7.5185,=0.0248,=0.0932,=0.0189,=0.0136,=24
="000812",细分机械,2012-04-11,=0.0018,=8323.0400,=0.0820,=36.5344,=0.6535,=14.1771,=22.0432,=31.9377,=40.3976,=51.3583,=3.2353,=0.7558,=1.6005,=2.1653,=2.5199,=3.4001,=5.3964,=2.1582,=0.7120,=1.1287,=1.4635,=1.7238,=2.2895,=3.5603,=0.0226,=0.0835,=0.0173,=0.0147,=194
="931186",中证科技,2019-05-30,=-0.0122,=7428.1000,=0.1097,=36.6468,=0.5171,=19.1938,=30.2859,=36.2454,=47.2705,=73.9401,=5.0183,=0.6682,=2.6301,=3.5919,=4.5386,=6.3667,=8.1242,=2.8613,=0.5378,=1.4264,=2.0797,=2.7586,=4.5489,=6.0737,=0.0291,=0.1226,=0.0174,=0.0105,=955
="930721",CS智汽车,2015-08-05,=-0.0109,=5716.0400,=-0.0116,=36.9578,=0.3845,=27.2408,=33.9622,=39.6460,=48.9583,=67.2850,=3.7171,=0.4255,=2.5208,=3.3034,=3.8273,=5.3845,=7.3638,=1.4464,=0.1242,=1.1981,=1.5013,=1.8539,=2.6502,=3.8976,=0.0150,=0.1014,=0.0176,=0.0063,=466
="399001",深证成指,1995-01-23,=-0.0088,=15736.4700,=0.1635,=36.9678,=0.9967,=15.9054,=22.8547,=26.5144,=30.6627,=37.9696,=3.0634,=0.6844,=1.7472,=2.2797,=2.7203,=3.2679,=4.0402,=2.2073,=0.6671,=1.2229,=1.6063,=1.9122,=2.3992,=2.9683,=0.0249,=0.0747,=0.0225,=0.0137,=3682
="399612",中创100,2011-02-28,=-0.0022,=3331.0500,=0.2067,=37.1087,=0.7801,=18.0203,=24.5371,=31.1439,=39.8478,=52.6199,=4.6157,=0.7158,=2.5576,=3.3599,=4.1927,=5.1140,=7.4671,=3.0535,=0.4992,=1.6155,=2.2648,=3.0563,=4.0076,=5.8630,=0.0320,=0.1210,=0.0297,=0.0109,=157
="000905",中证500,2007-01-15,=-0.0147,=8530.9800,=0.1427,=37.2326,=0.8899,=15.7028,=21.2812,=25.5675,=33.2781,=51.1137,=2.5809,=0.8412,=1.3824,=1.7164,=1.9210,=2.4596,=3.1031,=1.7872,=0.8601,=0.8118,=1.0305,=1.1721,=1.6050,=2.2608,=0.0210,=0.0620,=0.0169,=0.0123,=37977
="000982",500等权,2011-06-13,=-0.0131,=9950.0100,=0.1023,=37.2326,=0.8899,=15.7028,=21.2829,=25.5675,=33.2781,=51.1137,=2.5809,=0.8412,=1.3824,=1.7163,=1.9208,=2.4593,=3.1031,=1.7872,=0.8601,=0.8118,=1.0305,=1.1721,=1.6046,=2.2608,=0.0210,=0.0620,=0.0169,=0.0123,=31
="000827",中证环保,2012-09-25,=0.0065,=2087.4900,=0.1202,=37.4012,=0.8375,=14.0379,=21.0113,=28.2338,=35.2758,=50.6551,=2.9998,=0.7021,=1.7878,=2.2200,=2.8067,=3.3836,=5.4589,=3.0967,=0.7347,=1.6068,=2.0649,=2.7366,=3.2515,=6.2202,=0.0211,=0.0761,=0.0181,=0.0147,=6246
="000962",中证中游,2010-04-16,=-0.0076,=6057.8400,=0.2854,=37.4099,=0.9975,=12.7529,=17.3536,=20.1623,=27.2668,=38.0461,=3.5102,=0.9992,=1.5782,=1.9009,=2.2327,=2.5688,=3.5459,=1.7416,=0.9988,=0.6672,=0.8352,=0.9829,=1.1311,=1.7614,=0.0222,=0.0826,=0.0192,=0.0106,=15
="930965",HKC医药C,2017-06-23,=-0.0081,=3051.7000,=-0.0584,=37.4559,=0.5452,=18.1989,=25.6726,=32.7985,=72.8911,=6384.2329,=2.3823,=0.3779,=1.4216,=1.9399,=2.7112,=3.7043,=6.9841,=1.4152,=0.5947,=0.7160,=1.0288,=1.3269,=1.7367,=3.7092,,=0.0645,,=0.0116,=154
="930648",CS智消费,2015-06-05,=-0.0103,=4407.0400,=0.2035,=37.5076,=0.9187,=15.4538,=22.2250,=24.9159,=31.2487,=51.6043,=4.4472,=0.9092,=2.1406,=2.8085,=3.2133,=3.9584,=5.4486,=2.0266,=0.8725,=0.8328,=1.2858,=1.4759,=1.8354,=2.9491,=0.0253,=0.1077,=0.0239,=0.0120,=26
="931187",科技100,2019-05-30,=-0.0087,=5369.8600,=0.1638,=37.6892,=0.8813,=18.1467,=22.1509,=25.9291,=34.7125,=49.5031,=3.8257,=0.6901,=2.3703,=2.7853,=3.3206,=4.2387,=5.4633,=2.3698,=0.6553,=1.2579,=1.6306,=2.0492,=2.6764,=4.1304,=0.0201,=0.0911,=0.0217,=0.0094,=849
="000171",新兴成指,2017-01-25,=-0.0148,=2500.6100,=0.3553,=37.7218,=0.8453,=15.0335,=20.2584,=24.6300,=35.2174,=63.8139,=5.0199,=0.6359,=2.6324,=3.2740,=4.3338,=6.3103,=10.8185,=4.4297,=0.8113,=1.3680,=2.1118,=2.7633,=4.3126,=8.5894,=0.0336,=0.1371,=0.0326,=0.0116,=200
="H11054",装备产业,2009-07-22,=-0.0019,=3225.6000,=0.1088,=37.7239,=0.7646,=15.6342,=24.4625,=31.7430,=38.5584,=58.0282,=3.3120,=0.7970,=1.6944,=2.1241,=2.5976,=3.3178,=5.1308,=2.3551,=0.8010,=1.2119,=1.4811,=1.8744,=2.3540,=3.6241,=0.0221,=0.0859,=0.0174,=0.0124,=40
="399412",国证新能,2014-05-16,=0.0013,=3175.7400,=0.0727,=37.8557,=0.7422,=13.6858,=20.0843,=24.3160,=40.0619,=66.6027,=3.3846,=0.7170,=1.6349,=2.2652,=2.7137,=3.9698,=7.3016,=2.1010,=0.7409,=0.7993,=1.1742,=1.5208,=2.5873,=5.3757,=0.0217,=0.0862,=0.0211,=0.0120,=360
="931591",1000成长创新,2020-11-09,=-0.0166,=37070.6500,=0.1326,=37.8875,=0.9278,=18.0900,=24.4349,=32.0830,=35.7112,=40.6167,=4.0890,=0.7051,=2.0923,=3.0011,=3.3929,=4.3657,=5.3788,=4.2886,=0.9099,=1.8413,=2.7345,=3.0890,=3.8271,=5.2879,=0.0271,=0.1062,=0.0239,=0.0108,=148
="931456",中国教育,2020-04-21,=-0.0221,=1031.0882,=-0.1489,=37.9405,=0.0006,=37.9129,=56.8124,=95.2150,=-130.4810,=28609.2511,=2.8180,=0.4127,=1.5831,=2.4358,=2.9630,=3.9783,=9.7545,=2.8082,=0.2004,=1.7011,=2.8077,=3.3787,=4.8973,=11.2012,,=0.0593,,=0.0079,=168
="399996",智能家居,2014-09-17,=-0.0031,=5543.8900,=0.2059,=38.2312,=0.9224,=17.5405,=23.3761,=27.7566,=33.5059,=47.8369,=4.7061,=0.9864,=2.2523,=2.8549,=3.4643,=4.0975,=5.0256,=2.4128,=0.9666,=1.0942,=1.4673,=1.7628,=2.0622,=2.7965,=0.0273,=0.1118,=0.0260,=0.0131,=206
="931409",SHS创新药,2020-02-20,=-0.0054,=1980.8800,=-0.0607,=38.9907,=0.4451,=24.9819,=34.4365,=39.6466,=59.8922,=94.9889,=3.7915,=0.4104,=2.3431,=3.2629,=4.1319,=6.4985,=8.9149,=5.7337,=0.6932,=2.2896,=3.1878,=3.9945,=6.5442,=8.2645,,=0.0994,,=0.0101,=308
="931746",储能产业,2015-06-11,=0.0117,=3982.6400,=0.0770,=39.0623,=0.7612,=12.7536,=19.4222,=32.5968,=42.8763,=70.6293,=3.5943,=0.5799,=2.2823,=2.7295,=3.3872,=5.1515,=8.8670,=2.2701,=0.6645,=1.1513,=1.4825,=2.0019,=3.2074,=6.6557,=0.0195,=0.0831,=0.0177,=0.0109,=154
="930712",CS物联网,2015-07-31,=-0.0079,=5404.2000,=0.2958,=39.2715,=0.8700,=21.9217,=27.4652,=32.4284,=37.2488,=50.1215,=5.2668,=0.8383,=2.7515,=3.4472,=4.0806,=4.8865,=7.1882,=2.8149,=0.8866,=1.2084,=1.7388,=2.0106,=2.4069,=3.5102,=0.0346,=0.1340,=0.0303,=0.0115,=163
="931994",电网设备主题,2022-10-11,=0.0019,=3486.8600,=0.3821,=39.3197,=0.9579,=15.6741,=19.9211,=22.6375,=26.8705,=44.9431,=3.8146,=0.9681,=1.9713,=2.2885,=2.4446,=2.7533,=4.2080,=2.4344,=0.9658,=1.2895,=1.4751,=1.6050,=1.8011,=2.6890,=0.0214,=0.0975,=0.0200,=0.0096,=235
="930598",稀土产业,2015-03-02,=-0.0296,=3006.9200,=0.0713,=39.3839,=0.4843,=21.1133,=29.2013,=39.8932,=71.9994,=288.7421,=3.4061,=0.9229,=1.4810,=1.9699,=2.3147,=3.0241,=4.3047,=1.6371,=0.7772,=0.6656,=0.9718,=1.1867,=1.6715,=2.2389,=0.0350,=0.0883,=0.0227,=0.0093,=730
="399364",消费100,2009-08-03,=-0.0108,=13324.5800,=0.2344,=39.7195,=0.9464,=15.8540,=22.4013,=26.4878,=33.6938,=49.3766,=4.9607,=0.8264,=2.6561,=3.2835,=3.7476,=4.6354,=7.3266,=2.5625,=0.8198,=1.3127,=1.6556,=1.9022,=2.4484,=4.2956,=0.0306,=0.1191,=0.0345,=0.0128,=308
="399971",中证传媒,2014-04-15,=-0.0142,=1343.7000,=-0.0873,=39.7762,=0.6984,=18.4593,=27.0874,=34.9138,=44.9443,=90.0483,=2.2604,=0.2884,=1.5359,=2.1332,=2.5817,=3.3292,=5.5544,=2.8260,=0.3003,=1.9674,=2.6592,=3.2051,=4.7058,=7.1445,=0.0163,=0.0602,=0.0206,=0.0185,=6309
="931688",中证算力,2022-07-21,=-0.0208,=4657.4400,=0.4818,=40.2838,=0.9919,=18.0036,=20.6533,=23.4800,=31.6957,=41.1399,=4.1891,=0.9919,=1.6529,=1.8930,=2.2499,=3.2762,=4.2771,=3.0152,=0.9919,=1.3731,=1.5851,=1.7955,=2.4301,=3.0793,=0.0245,=0.1011,=0.0224,=0.0146,=97
="H30597",新材料,2015-02-13,=-0.0065,=5035.6600,=0.2139,=40.8498,=0.7083,=14.0729,=21.7626,=33.2768,=44.7360,=105.5581,=4.2165,=0.7042,=2.1817,=2.8826,=3.6690,=5.2685,=8.9168,=2.8439,=0.5429,=1.2938,=2.0086,=2.7603,=3.7927,=7.1680,=0.0294,=0.0908,=0.0200,=0.0116,=310
="932069",港股通医疗主题,2022-07-21,=-0.0060,=928.0400,=-0.0632,=41.2051,=0.9085,=20.9778,=25.5863,=30.0215,=34.2685,=51.0900,=2.2790,=0.6256,=1.4397,=1.6080,=1.9309,=2.6066,=3.0086,=1.2244,=0.6439,=0.6760,=0.7620,=0.9577,=1.4224,=1.6308,,=0.0571,,=0.0123,=16
="1000011",A股非金融,1994-01-10,,,,=41.3343,=0.9546,=17.5718,=25.5269,=28.6053,=37.5888,=43.6945,=2.6926,=0.7983,=1.6561,=2.0403,=2.3279,=2.6939,=2.9749,=1.7062,=0.9455,=0.9476,=1.1421,=1.3066,=1.5703,=1.8156,=0.0205,=0.0612,=0.0189,=0.0145,=805
="931785",智选沪深港科技50,2025-06-27,=-0.0171,=2851.9700,=0.1958,=41.4998,=0.9913,=31.7791,=34.6668,=36.8303,=38.6451,=41.7164,=5.7875,=0.9957,=3.8679,=4.3200,=4.7590,=5.0863,=5.8135,=3.7031,=0.9913,=2.2695,=2.5703,=2.9265,=3.2046,=3.7222,,,,=0.0072,=8
="931718",高端造质量成长50,2021-08-25,=-0.0047,=3814.3500,=0.3199,=41.8099,=0.9102,=16.3078,=22.0206,=28.7118,=36.4285,=49.4696,=6.4456,=0.8858,=3.1255,=3.9032,=4.8080,=5.7347,=8.1954,=3.9802,=0.8675,=1.7207,=2.2361,=2.9117,=3.6313,=5.3327,=0.0328,=0.1450,=0.0326,=0.0085,=27
="399276",创科技,2020-10-26,=0.0083,=10248.9500,=0.2646,=42.0469,=0.6161,=20.4624,=26.4399,=37.5159,=59.5453,=84.1667,=7.4198,=0.7511,=3.5855,=4.4152,=5.7740,=8.6794,=12.0896,=5.7993,=0.7094,=2.4145,=3.2689,=4.6776,=8.9217,=12.2359,=0.0430,=0.1724,=0.0380,=0.0099,=9
="399625",中创500,2011-08-15,=-0.0085,=2911.2900,=0.1948,=42.3658,=0.8478,=20.4615,=28.9847,=35.6912,=41.1662,=52.5750,=4.1155,=0.7149,=2.1192,=2.8827,=3.5466,=4.3555,=5.2667,=2.9433,=0.6101,=1.4713,=2.0764,=2.6286,=3.4604,=4.5526,=0.0265,=0.0951,=0.0239,=0.0099,=164
="931672",风电产业,2021-04-29,=-0.0199,=2113.2800,=0.1997,=42.8917,=0.9886,=16.8665,=21.0827,=24.1786,=29.1260,=45.5856,=2.3518,=0.7351,=1.3490,=1.6682,=1.9804,=2.5057,=3.5946,=2.8657,=0.8883,=1.4458,=1.8881,=2.1345,=2.6930,=3.3215,=0.0166,=0.0571,=0.0184,=0.0089,=60
="HSIDI",恒生创新药指数,2023-01-01,=-0.0023,=2488.4300,=-0.0762,=42.9104,=0.1345,=21.3081,=46.2484,=55.7448,=107.2871,=157.2991,=3.4435,=0.7383,=1.7148,=2.1267,=2.6480,=3.9782,=5.1867,=3.0627,=0.7227,=1.5892,=1.8208,=2.2745,=3.4167,=4.4669,,=0.1014,,=0.0087,=227
="HSSCID",恒生港股通创新药指数,2023-07-01,=-0.0056,=2895.1700,=-0.0847,=42.9104,=0.4099,=20.9262,=38.8698,=44.9547,=61.4751,=216.1774,=3.4435,=0.7014,=1.6870,=2.0011,=2.5538,=4.1135,=5.1867,=3.0627,=0.6859,=1.6002,=1.8688,=2.4012,=3.5667,=4.4669,,=0.1014,,=0.0087,=109
="399101",中小综指,2005-12-01,=-0.0169,=16051.7000,=0.1035,=43.3104,=0.6894,=22.7937,=34.4929,=40.6764,=47.5457,=65.2068,=2.9771,=0.5854,=1.7151,=2.3689,=2.8048,=3.4528,=4.7418,=2.0447,=0.5144,=1.1654,=1.6542,=2.0234,=2.6112,=3.9938,=0.0208,=0.0674,=0.0195,=0.0110,=25
="H30178",医疗保健,2013-07-15,=-0.0073,=12921.4700,=-0.0481,=43.4019,=0.4373,=19.5848,=32.8016,=45.5828,=66.0869,=123.2936,=2.8139,=0.0083,=2.6575,=3.4339,=5.6173,=7.4864,=12.4381,=4.7465,=0.0219,=4.3601,=5.4348,=6.5063,=8.1023,=14.2518,=0.0196,=0.0653,=0.0216,=0.0139,=553
="1000012",中小板全指,2005-12-01,=-0.0169,=16051.7000,=0.1035,=43.4515,=0.6275,=22.6352,=35.3655,=41.3106,=49.1868,=73.8161,=2.9907,=0.5821,=1.7125,=2.3729,=2.8163,=3.4823,=4.7425,=2.0150,=0.5058,=1.1448,=1.6386,=2.0077,=2.6068,=3.9859,=0.0209,=0.0671,=0.0194,=0.0110,=565
="931152",CS创新药,2019-04-22,=-0.0044,=1740.1400,=-0.0813,=43.9085,=0.5323,=27.6044,=36.6069,=43.2577,=53.2372,=74.6844,=3.5808,=0.3066,=2.5551,=3.3400,=4.2113,=5.9609,=8.7449,=5.2600,=0.7493,=2.2436,=2.9112,=3.3916,=5.6311,=9.4897,=0.0271,=0.0786,=0.0224,=0.0110,=1848
="399667",创业成长,2013-01-07,=0.0003,=7524.0500,=0.3614,=44.0526,=0.7191,=21.3636,=29.5830,=38.5909,=51.7989,=90.9628,=7.8756,=0.8292,=2.9224,=4.0916,=4.8758,=7.3196,=10.8589,=5.5666,=0.6559,=2.4713,=3.4035,=4.6690,=6.8936,=10.3001,=0.0481,=0.1635,=0.0355,=0.0080,=79
="930771",CS新能源,2015-12-16,=-0.0021,=3125.7300,=0.1611,=44.0700,=0.7713,=11.2377,=23.2134,=34.2979,=45.1359,=62.8342,=3.1891,=0.6631,=1.7615,=2.1614,=2.8639,=3.9143,=7.2156,=2.7611,=0.7208,=1.2791,=1.6693,=2.1987,=3.1250,=6.6822,=0.0221,=0.0668,=0.0165,=0.0108,=31
="399808",中证新能,2015-02-10,=0.0015,=3125.6200,=0.1103,=44.0700,=0.7191,=11.2377,=23.4990,=36.6592,=46.5019,=62.8342,=3.1891,=0.6625,=1.7615,=2.1712,=2.9351,=3.8504,=7.2277,=2.7611,=0.7376,=1.2791,=1.6778,=2.2570,=3.0254,=6.6822,=0.0221,=0.0668,=0.0165,=0.0108,=1289
="H30217",医疗器械,2013-07-15,=-0.0078,=9346.3300,=-0.0481,=44.0960,=0.6147,=17.1055,=29.5762,=39.4512,=57.8727,=82.8778,=2.7470,=0.0099,=2.5693,=3.2879,=4.8688,=6.6389,=11.6091,=5.0971,=0.0883,=4.1030,=5.3733,=6.0956,=8.2841,=13.3528,=0.0184,=0.0626,=0.0209,=0.0143,=1316
="399285",物联网50,2020-02-18,=-0.0082,=8462.7400,=0.3397,=44.4901,=0.9410,=21.8675,=26.3710,=31.3151,=38.0785,=48.8450,=6.0905,=0.9688,=2.6765,=3.4056,=3.9931,=5.2558,=6.4883,=3.9912,=0.9986,=1.7407,=2.0158,=2.4067,=3.0917,=4.0187,=0.0353,=0.1364,=0.0304,=0.0102,=93
="987018",港股通创新药,2021-11-18,,,=-0.0679,=44.5325,=0.3911,=22.9379,=35.5870,=50.9013,=97.1715,=537.2167,=3.5192,=0.6314,=1.6768,=2.2804,=3.2088,=4.1751,=6.0885,=5.3927,=0.5203,=2.6005,=3.5150,=5.3236,=7.1062,=12.1954,,=0.0844,,=0.0082,=309
="931783",智能驾驶,2022-02-21,=-0.0191,=1546.4300,=0.0303,=44.7005,=0.3956,=31.9944,=40.1345,=46.8809,=70.2701,=98.5983,=3.6699,=0.6141,=2.5981,=3.3333,=3.5767,=3.9707,=4.9384,=1.9839,=0.5841,=1.3276,=1.7213,=1.9396,=2.1277,=2.7953,=0.0149,=0.0928,=0.0256,=0.0079,=9
="931447",科技先锋,2020-04-21,=-0.0106,=3527.0500,=0.1430,=45.1603,=0.7432,=19.0346,=27.1063,=36.6099,=47.7974,=82.3567,=5.2052,=0.6883,=2.7045,=3.3985,=4.2560,=6.7355,=10.6025,=2.7898,=0.6545,=1.4804,=1.9076,=2.3922,=3.7416,=7.0848,=0.0256,=0.0990,=0.0202,=0.0094,=18
="399296",创成长,2019-01-23,=-0.0031,=9064.7700,=0.4545,=46.3933,=0.5755,=22.4911,=30.6522,=43.2064,=64.1412,=104.6935,=9.8101,=0.7703,=3.9463,=4.9211,=6.9095,=10.6438,=14.9802,=7.0958,=0.6779,=2.5417,=3.4526,=5.8081,=12.0489,=17.3385,=0.0584,=0.2040,=0.0396,=0.0072,=1053
="000998",中证TMT,2011-11-08,=-0.0125,=3903.8400,=0.3276,=46.7205,=0.9026,=18.9989,=27.6163,=34.6247,=43.5673,=58.6698,=4.7548,=0.9658,=1.9674,=2.4618,=3.2920,=3.9563,=5.2875,=3.3923,=0.9992,=1.2505,=1.8092,=2.1780,=2.5979,=3.4390,=0.0233,=0.0900,=0.0196,=0.0112,=554
="399293",创业大盘,2019-04-18,=0.0044,=8244.2600,=0.2722,=46.7275,=0.6566,=20.6573,=29.3712,=41.0985,=54.3914,=71.9327,=7.3482,=0.6803,=3.4452,=4.6965,=6.2185,=9.2664,=13.4901,=6.0345,=0.5906,=2.8408,=3.9929,=5.6670,=9.9508,=14.8309,=0.0411,=0.1554,=0.0377,=0.0090,=179
="980015",疫苗生科,2015-02-16,=-0.0118,=5648.2600,=-0.1014,=46.8513,=0.6328,=24.1714,=31.1308,=42.3075,=53.7814,=80.8207,=3.4024,=0.0979,=2.9980,=3.5886,=4.1525,=6.9361,=11.0606,=6.1083,=0.4423,=4.5746,=5.4789,=6.4232,=9.5069,=15.0694,=0.0223,=0.0693,=0.0219,=0.0110,=74
="930726",CS生医,2015-08-05,=-0.0042,=2248.1000,=-0.0795,=47.4002,=0.4645,=24.4874,=31.9329,=48.8031,=62.2723,=107.1179,=3.9277,=0.1085,=3.1768,=4.4502,=6.9026,=8.5259,=14.2976,=7.1069,=0.2166,=4.8871,=6.8831,=10.0141,=12.5690,=19.9452,=0.0287,=0.0766,=0.0261,=0.0096,=834
="399803",工业4.0,2015-02-13,=-0.0200,=6838,=0.2712,=47.5023,=0.7954,=19.7294,=27.9595,=36.1266,=47.7803,=62.0492,=5.4822,=0.7805,=2.6645,=3.4308,=4.3432,=5.6094,=8.0266,=2.6587,=0.5545,=1.5023,=2.0108,=2.5352,=3.2698,=4.8981,=0.0258,=0.1072,=0.0218,=0.0084,=485
="399673",创业板50,2014-06-18,=0.0043,=4365.1200,=0.2876,=48.1689,=0.6663,=20.6075,=30.6784,=42.5402,=57.6237,=106.7499,=7.7218,=0.8226,=3.1473,=4.3234,=5.2400,=7.3801,=11.7288,=6.1121,=0.6564,=2.6907,=4.1383,=5.4995,=7.9255,=13.3154,=0.0447,=0.1569,=0.0355,=0.0080,=5469
="931159",创新100,2019-05-16,=-0.0129,=4381.1800,=0.2883,=48.4357,=0.8955,=24.8309,=32.2637,=36.0468,=46.3280,=59.7307,=5.8417,=0.8773,=2.9189,=3.6884,=4.3532,=5.4942,=7.4325,=4.6613,=0.7776,=2.3351,=3.1562,=3.7637,=4.8377,=6.6085,=0.0278,=0.1244,=0.0278,=0.0080,=227
="399006",创业板指,2010-06-01,=0.0007,=4045.7700,=0.2631,=48.4381,=0.6485,=22.8885,=32.3387,=42.0385,=55.4747,=79.6826,=6.5388,=0.8040,=3.0035,=4.0151,=4.8494,=6.4976,=9.5804,=4.8357,=0.5644,=2.3312,=3.4103,=4.5416,=6.4620,=8.4805,=0.0369,=0.1330,=0.0313,=0.0085,=16459
="930651",CS计算机,2015-06-05,=-0.0241,=8150.7500,=0.0511,=48.9841,=0.3197,=33.6687,=44.4513,=56.9895,=67.2741,=115.0591,=4.9467,=0.7137,=2.6283,=3.7942,=4.3700,=5.1300,=6.5144,=2.9413,=0.2158,=2.0877,=2.9181,=3.6497,=4.3221,=5.6880,=0.0244,=0.0892,=0.0073,=0.0092,=641
="980080",成长100,2012-12-28,,,=0.3716,=49.0392,=0.4933,=39.4731,=44.6813,=49.0806,=55.6752,=70.5336,=7.4324,=0.9973,=3.0437,=3.5981,=5.0106,=6.3855,=7.4548,=3.5864,=0.8123,=2.0191,=2.3975,=2.8981,=3.5201,=4.9708,=0.0481,=0.1452,=0.0254,=0.0066,=169
="930599",中证高装,2015-03-02,=-0.0081,=11030.7300,=0.3087,=50.0005,=0.8816,=19.5438,=27.7467,=34.6497,=45.3620,=65.7817,=4.7788,=0.9988,=1.8509,=2.5592,=3.1100,=3.6610,=4.8303,=2.7083,=0.9856,=1.2322,=1.6106,=1.9483,=2.4228,=2.8921,=0.0227,=0.0865,=0.0192,=0.0080,=114
="930743",中证生科,2015-08-26,=-0.0045,=2989.3000,=-0.0922,=50.1768,=0.4963,=24.0733,=39.5208,=50.2514,=59.8284,=100.3520,=3.3285,=0.0342,=2.9526,=3.8930,=6.1793,=8.0612,=14.6705,=5.9581,=0.1155,=4.7455,=6.2976,=8.9122,=12.4379,=18.8359,=0.0226,=0.0618,=0.0204,=0.0100,=1220
="930662",CS现代农,2015-07-13,=-0.0177,=922.6900,=-0.1385,=50.3837,=0.7164,=13.0417,=20.4690,=28.3527,=61.7363,=301.1137,=2.2320,=0.0642,=1.8555,=2.5290,=2.8432,=3.1465,=4.3308,=0.9729,=0.0981,=0.8273,=1.0225,=1.1725,=1.5573,=2.1026,=-0.0091,=0.0850,=0.0345,=0.0239,=49
="399316",巨潮小盘,2005-02-03,=-0.0155,=6876.0300,=0.1436,=50.7712,=0.9534,=17.4883,=24.6121,=29.2569,=38.1824,=58.4724,=2.4765,=0.8078,=1.3049,=1.7086,=1.9634,=2.4504,=3.2926,=1.5798,=0.7657,=0.7478,=1.0120,=1.2291,=1.7166,=2.5759,=0.0167,=0.0444,=0.0142,=0.0109,=22
="1000003",深圳A股,1994-01-01,=-0.0130,=2834.8500,=0.1201,=51.0833,=0.9278,=20.1337,=32.6807,=37.4298,=46.6599,=60.3260,=3.0855,=0.6927,=1.7026,=2.2996,=2.6854,=3.2431,=3.9166,=2.2487,=0.6877,=1.2021,=1.6469,=1.9179,=2.3960,=3.2018,=0.0203,=0.0553,=0.0180,=0.0112,=1820
="399441",生物医药,2015-01-20,=-0.0107,=1943.6000,=-0.0943,=51.2634,=0.6027,=21.8350,=32.3563,=47.8186,=65.0320,=119.0737,=2.9486,=0.1151,=2.3073,=3.4211,=6.3708,=7.8152,=13.6606,=5.7937,=0.1836,=3.6424,=5.9139,=9.5641,=14.0901,=21.5399,=0.0194,=0.0565,=0.0192,=0.0118,=1673
="930986",金融科技,2017-06-22,=-0.0332,=2562.4400,=-0.1790,=51.5334,=0.4247,=32.2484,=42.9200,=55.8667,=81.7911,=257.1796,=4.6386,=0.4709,=2.5474,=4.0104,=4.7079,=5.8287,=7.7786,=6.5800,=0.7368,=2.9625,=3.8675,=4.7427,=7.0245,=9.8281,=0.0192,=0.0872,=0.0151,=0.0076,=252
="930820",CS高端制,2016-05-11,=-0.0083,=10708.2600,=0.2648,=52.4883,=0.9930,=21.5994,=28.9923,=36.5499,=42.5445,=53.9836,=4.6174,=0.9744,=2.0597,=2.7148,=3.1879,=3.8561,=4.9567,=2.9952,=0.9971,=1.1980,=1.7166,=2.0514,=2.4637,=3.0730,=0.0220,=0.0816,=0.0186,=0.0079,=310
="399959",军工指数,2011-08-30,=-0.0223,=1733.7700,=-0.0450,=52.5037,=0.2482,=34.5950,=50.8774,=61.0056,=73.7834,=167.2472,=3.0912,=0.3736,=2.0269,=2.6530,=3.2678,=4.0402,=5.9912,=2.8058,=0.2487,=2.1044,=2.7149,=3.3299,=3.8912,=5.2606,=0.0143,=0.0591,=0.0108,=0.0071,=2
="000958",创业成长,2010-03-24,=-0.0088,=2174.2900,=0.3565,=53.0892,=0.9992,=11.9506,=17.5032,=24.3285,=30.6857,=53.4323,=10.2976,=0.9992,=2.6815,=3.7899,=5.1648,=6.3359,=10.3646,=6.4786,=0.9992,=1.2937,=1.9105,=2.5436,=3.9697,=6.5205,=0.0493,=0.2198,=0.0640,=0.0056,=667
="399624",中创400,2011-08-15,=-0.0165,=3026.7100,=0.1773,=53.8496,=0.8655,=22.4097,=32.9060,=40.4801,=48.6722,=82.4491,=3.5382,=0.8309,=1.6720,=2.4135,=2.8485,=3.4203,=5.3458,=2.7916,=0.8399,=1.2865,=1.8978,=2.2294,=2.7033,=4.6386,=0.0199,=0.0651,=0.0174,=0.0085,=230
="399610",TMT50,2010-11-08,=-0.0084,=13222.2700,=0.3799,=54.5651,=0.9670,=21.0331,=30.1605,=38.0615,=46.3141,=64.7172,=7.1562,=0.9992,=2.4071,=3.2240,=4.0358,=5.1185,=7.2198,=3.9822,=0.9039,=1.5843,=2.0120,=2.7265,=3.7045,=4.9386,=0.0296,=0.1080,=0.0206,=0.0065,=513
="000852",中证1000,2014-10-17,=-0.0162,=8546.5100,=0.1252,=55.1008,=0.8915,=18.9344,=30.9274,=37.8096,=48.0585,=81.8025,=2.8011,=0.7384,=1.4880,=2.1060,=2.4388,=2.9466,=4.2563,=1.9341,=0.7900,=0.9250,=1.3827,=1.5864,=1.9675,=3.5402,=0.0158,=0.0499,=0.0155,=0.0093,=7288
="399970",移动互联,2014-05-05,=-0.0081,=5439.5000,=0.2193,=55.1596,=0.9344,=21.2604,=32.0602,=40.2090,=49.4536,=64.0807,=5.7402,=0.8127,=2.3944,=3.2977,=4.0617,=5.6478,=7.9573,=3.1175,=0.7533,=1.5790,=2.0679,=2.5538,=3.2936,=4.6665,=0.0246,=0.0808,=0.0175,=0.0069,=468
="930821",中证VR,2016-05-11,=-0.0054,=3888.7200,=0.2179,=56.2224,=0.8042,=17.6816,=31.5410,=42.9971,=55.7485,=175.0572,=3.8362,=0.7620,=1.7358,=2.3290,=2.8589,=4.0773,=5.0269,=2.2656,=0.6581,=1.1117,=1.4736,=1.9021,=2.8883,=3.7313,=0.0113,=0.0443,=0.0138,=0.0070,=146
="H30535",互联网,2015-01-12,=-0.0117,=6344.8600,=0.3085,=56.5444,=0.9455,=14.4753,=20.8151,=35.2025,=47.4574,=65.8357,=7.2796,=0.9983,=1.7453,=2.4400,=3.2044,=4.0055,=7.4414,=4.4785,=0.9975,=1.1519,=1.6628,=1.9689,=2.8086,=4.6349,=0.0359,=0.1165,=0.0168,=0.0062,=21
="931165",新兴科技100,2019-04-25,=-0.0077,=10693.9800,=0.2566,=57.9472,=0.9988,=17.0055,=23.2394,=29.1569,=39.0600,=58.8397,=11.0391,=0.9988,=3.5721,=4.3329,=5.3036,=7.4927,=11.1968,=10.4079,=0.9988,=3.0368,=3.6469,=4.7961,=6.2623,=10.5682,=0.0515,=0.1919,=0.0378,=0.0060,=519
="931087",科技龙头,2019-03-20,=-0.0117,=7454.2000,=0.4181,=59.7261,=0.9753,=22.2848,=33.5847,=40.3013,=51.1246,=64.5538,=7.9292,=0.9856,=2.8190,=4.2015,=5.2585,=6.4541,=8.4597,=6.1913,=0.9925,=2.0316,=3.3069,=3.9458,=4.8885,=6.4338,=0.0321,=0.1080,=0.0209,=0.0050,=2083
="930606",中证钢铁,2015-03-31,=-0.0278,=1030.6500,=-0.1153,=59.9916,=0.7748,=5.9346,=9.2015,=18.9540,=108.9470,=77593.1899,=1.0166,=0.4105,=0.7076,=0.9198,=1.0652,=1.3569,=2.0450,=0.4830,=0.5639,=0.2931,=0.3819,=0.4577,=0.6274,=1.2948,=0.0020,=0.0221,=0.0071,=0.0228,=764
="931696",科技50策略,2021-07-12,=-0.0181,=28245.4100,=0.4022,=60.1333,=0.9983,=23.0047,=27.7181,=33.5017,=42.3812,=61.1570,=9.4449,=0.9890,=3.0567,=3.8995,=4.4172,=6.9622,=9.7885,=5.1825,=0.9627,=1.9010,=2.3587,=2.6541,=4.0555,=6.7093,=0.0396,=0.1271,=0.0285,=0.0052,=10
="931079",5G通信,2019-04-25,=-0.0069,=3047.9900,=0.5810,=61.9004,=0.9971,=21.0709,=27.5517,=33.3071,=43.7022,=103.6981,=8.7576,=0.9988,=2.3623,=3.0350,=3.5990,=5.2138,=8.8104,=3.5489,=0.9988,=1.1916,=1.4855,=1.8616,=2.3122,=3.5703,=0.0389,=0.1398,=0.0276,=0.0053,=2264
="980030",消费电子,2015-02-17,=-0.0037,=10589.5500,=0.4575,=62.2661,=0.9985,=18.6467,=31.5197,=38.5129,=47.0142,=62.6236,=5.2155,=0.9848,=2.0026,=2.5909,=2.9750,=4.1365,=5.7500,=2.6461,=0.9014,=1.1413,=1.3964,=1.5690,=2.2863,=3.4515,=0.0190,=0.0648,=0.0154,=0.0056,=377
="931160",通信设备,2013-07-15,=-0.0046,=23305.8100,=0.5074,=63.3547,=0.8874,=19.3231,=27.7990,=36.6948,=52.9602,=91.1971,=9.8971,=0.9988,=2.1520,=2.8712,=3.4260,=3.9713,=10.0097,=3.5715,=0.9988,=0.9706,=1.2833,=1.5071,=2.4372,=3.6127,=0.0428,=0.1280,=0.0276,=0.0058,=1237
="399994",信息安全,2015-03-12,=-0.0287,=1784.9400,=-0.0209,=63.5111,=0.4435,=35.0629,=52.7806,=67.0495,=85.7906,=183.5630,=3.6623,=0.3548,=2.3256,=3.3624,=3.8848,=4.5927,=6.2767,=2.7619,=0.1238,=2.1829,=2.8965,=3.2695,=3.8380,=5.1182,=0.0078,=0.0539,=0.0040,=0.0113,=88
="000915",300信息,2007-07-02,=-0.0175,=4501.3300,=0.3848,=64.3724,=0.9946,=20.6178,=34.5626,=39.5663,=47.5618,=68.0661,=7.5628,=0.9992,=2.7398,=3.5399,=4.3372,=5.3451,=7.7095,=3.6916,=0.6469,=1.6744,=2.1697,=3.2129,=4.1018,=4.9963,=0.0247,=0.0971,=0.0166,=0.0060,=18
="930707",中证畜牧,2015-07-13,=-0.0219,=1915.7600,=-0.1321,=64.7715,=0.7446,=11.3375,=17.7937,=26.8655,=113.3570,=237.1331,=2.2444,=0,=2.2444,=2.6941,=3.3211,=4.2745,=5.8838,=0.9300,=0.0421,=0.8185,=1.0452,=1.4387,=2.0957,=2.9452,=-0.0138,=0.0829,=0.0347,=0.0247,=1185
="931380",科技50,2019-11-25,=-0.0113,=4342.2900,=0.3743,=65.2372,=0.9644,=22.4426,=31.1409,=45.5707,=56.4135,=71.9143,=7.4622,=0.8227,=2.7627,=3.8569,=5.3060,=7.3591,=9.9144,=6.1199,=0.9041,=2.1802,=3.0489,=4.0393,=5.5722,=7.7525,=0.0253,=0.0951,=0.0118,=0.0061,=946
="899050",北证50,2022-11-21,=-0.0238,=1253.7500,=-0.1296,=65.5924,=0.7703,=15.5447,=18.2913,=30.5260,=67.0826,=91.3357,=4.1667,=0.5960,=2.0170,=2.4246,=2.9220,=4.9781,=5.6644,=3.3077,=0.5807,=1.3969,=1.6932,=2.0526,=4.1355,=5.1557,=0.0174,=0.0675,=-0.0021,=0.0079,=731
="930713",CS人工智,2015-07-31,=-0.0180,=6904.2900,=0.3071,=66.4746,=0.8824,=24.8131,=43.8200,=53.2634,=62.6651,=90.1869,=8.8873,=0.9992,=2.8384,=3.9100,=4.7025,=5.4107,=9.0727,=6.2310,=0.9988,=2.3148,=3.1674,=3.7879,=4.3025,=6.3735,=0.0330,=0.1245,=0.0172,=0.0049,=1020
="399363",云科技,2009-08-03,=-0.0200,=14329.6800,=0.5337,=66.5717,=0.9897,=25.0041,=36.0760,=41.7430,=49.5252,=74.9161,=10.5538,=0.9992,=3.0187,=3.9521,=4.6833,=5.6323,=10.7412,=4.3160,=0.9798,=1.6015,=2.2265,=3.0787,=3.7601,=4.5583,=0.0491,=0.1469,=0.0254,=0.0054,=282
="931643",科创创业50,2021-06-01,=-0.0080,=2805.5100,=0.4064,=66.6402,=0.8898,=22.6109,=28.3967,=39.8127,=57.1289,=92.9106,=8.6827,=0.8774,=3.3216,=4.1618,=5.1488,=7.0200,=12.1685,=7.9043,=0.8418,=2.7030,=3.3853,=4.5819,=6.9393,=14.6821,=0.0368,=0.1190,=0.0246,=0.0060,=1935
="931461",电子50,2009-07-22,=-0.0211,=8595.2300,=0.4580,=67.0703,=0.9983,=20.3357,=30.2775,=36.3208,=47.6025,=68.5957,=7.7022,=0.9992,=2.5323,=3.1789,=3.6769,=5.2177,=7.8706,=3.7819,=0.9509,=1.1588,=1.7971,=2.0570,=3.0330,=4.5428,=0.0239,=0.0884,=0.0169,=0.0055,=436
="930850",智能制造,2016-07-20,=-0.0222,=6514.5600,=0.3609,=67.5720,=0.9987,=23.4329,=32.5119,=41.3048,=49.9057,=69.7346,=6.6460,=0.9991,=2.5370,=3.5018,=4.1209,=5.0393,=6.8495,=3.8551,=0.8404,=1.5919,=2.3462,=2.7653,=3.5141,=5.3954,=0.0208,=0.0857,=0.0160,=0.0059,=359
="980022",机器人产业,2015-02-25,=-0.0417,=2761.1100,=0.0405,=67.8956,=0.8717,=13.7974,=16.6169,=20.0446,=41.4387,=93.9438,=5.4676,=0.9261,=2.5198,=3.0498,=3.5796,=4.7337,=6.2730,=4.5733,=0.8859,=1.0172,=1.2340,=1.4204,=3.4351,=5.9220,=0.0186,=0.0892,=0.0245,=0.0048,=285
="931494",消费电子,2020-06-12,=-0.0087,=7466.3700,=0.4679,=67.9864,=0.9979,=20.2625,=31.4863,=38.4051,=50.7559,=68.9774,=7.0475,=0.9986,=2.1307,=2.8087,=3.4677,=5.0128,=7.1413,=3.4057,=0.9986,=1.3000,=1.6441,=1.9410,=2.5861,=3.4553,=0.0228,=0.0807,=0.0166,=0.0054,=221
="930652",CS电子,2015-06-05,=-0.0160,=14086.0100,=0.4360,=68.6138,=0.9963,=21.2056,=33.8173,=43.2205,=51.4294,=71.5815,=7.4633,=0.9992,=2.2039,=3.1461,=3.6461,=4.7455,=7.6031,=3.9993,=0.9975,=1.4014,=2.0216,=2.2912,=3.0273,=4.1010,=0.0249,=0.0838,=0.0162,=0.0052,=473
="930875",空天军工,2016-08-17,=-0.0233,=2384.2300,=-0.0146,=68.9314,=0.7048,=27.3832,=45.4247,=55.3210,=73.2974,=98.7933,=3.7852,=0.5560,=2.4052,=3.1522,=3.6157,=4.9475,=7.9650,=3.3552,=0.4204,=2.1274,=2.8887,=3.7144,=4.5368,=7.7673,=0.0090,=0.0567,=0.0104,=0.0064,=105
="399303",国证2000,2014-03-28,=-0.0191,=11173.6000,=0.1223,=69.1039,=0.9212,=23.3937,=36.3012,=42.0125,=53.4514,=96.7185,=3.0172,=0.8490,=1.4941,=2.0787,=2.2973,=2.7662,=4.2124,=2.2874,=0.8474,=1.0643,=1.3926,=1.5528,=2.1203,=3.4322,=0.0140,=0.0453,=0.0143,=0.0082,=708
="931866",中证机床,2022-05-09,=-0.0373,=2640.0500,=0.4723,=69.5321,=0.9760,=28.6086,=36.8177,=40.3171,=51.1910,=75.6656,=7.1536,=0.9969,=2.8302,=3.7401,=4.2618,=4.9934,=7.3804,=5.8649,=0.9948,=2.4023,=3.1516,=3.4139,=4.0855,=6.0604,=0.0321,=0.1022,=0.0244,=0.0054,=151
="931071",人工智能,2018-11-21,=-0.0203,=3007.8500,=0.3277,=71.0638,=0.9872,=30.9003,=39.6613,=48.3485,=56.3823,=74.4524,=11.0538,=0.9989,=2.9559,=3.8942,=4.7238,=5.8766,=11.2922,=9.0017,=0.9983,=2.2000,=2.7950,=3.1853,=4.0576,=9.1994,=0.0409,=0.1450,=0.0239,=0.0051,=1327
="000935",中证信息,2009-07-03,=-0.0145,=8823.3000,=0.3748,=71.6041,=0.9922,=22.3783,=36.3294,=44.9319,=54.2647,=77.7561,=7.2571,=0.9992,=2.5910,=3.3282,=4.0442,=4.7393,=7.3838,=4.2069,=0.9765,=1.7187,=2.2023,=2.7258,=3.5198,=4.5057,=0.0237,=0.0833,=0.0137,=0.0052,=1117
="399973",中证国防,2014-04-15,=-0.0218,=1822.7300,=-0.0200,=71.9171,=0.7814,=28.8580,=43.6048,=54.1920,=73.2223,=114.4667,=3.7073,=0.5532,=2.3880,=3.0104,=3.5804,=4.9227,=7.7047,=3.4412,=0.4105,=1.9566,=2.7338,=3.8980,=4.5657,=7.1179,=0.0086,=0.0535,=0.0095,=0.0062,=633
="931845",生猪产业,2012-04-11,=-0.0219,=1096.4900,=-0.1652,=71.9566,=0.7847,=12.7881,=21.1629,=29.0040,=101.0404,=705.7713,=2.5071,=0,=2.5071,=2.9018,=3.5037,=4.1514,=5.7536,=0.9429,=0.0256,=0.8594,=1.0427,=1.6550,=2.1723,=2.8287,=-0.0154,=0.0788,=0.0361,=0.0280,=164
="399368",国证军工,2009-11-04,=-0.0173,=8332.0800,=-0.0223,=72.0391,=0.6931,=38.1822,=54.2867,=63.7415,=78.3589,=107.0849,=3.4566,=0.7372,=2.0244,=2.5859,=3.0404,=3.5697,=4.3940,=3.3227,=0.5677,=1.8459,=2.5701,=3.1910,=3.6960,=4.8014,=0.0129,=0.0477,=0.0081,=0.0056,=12
="931009",建筑材料,2013-07-15,=-0.0189,=5886.2200,=-0.0626,=72.3927,=0.9903,=8.0662,=10.3874,=14.4096,=24.6963,=95.7816,=0.9479,=0.0971,=0.7557,=1.0184,=1.5162,=1.9984,=2.4800,=1.0528,=0.3123,=0.6904,=0.9626,=1.1643,=1.5181,=2.1670,=-0.0025,=0.0109,=-0.0006,=0.0250,=738
="931066",军工龙头,2018-02-05,=-0.0214,=3154.3300,=-0.0869,=72.9166,=0.8950,=29.1719,=34.9073,=42.7068,=51.9683,=100.5281,=3.3848,=0.3348,=2.2914,=3.1485,=3.7020,=4.6259,=6.9932,=3.0964,=0.3353,=2.1745,=2.8212,=3.4586,=4.1948,=5.8746,=0.0067,=0.0495,=0.0098,=0.0067,=1066
="399967",中证军工,2013-12-26,=-0.0192,=13522.1700,=-0.0349,=73.7069,=0.6774,=41.8350,=54.9002,=65.1551,=98.3217,=218.2738,=3.7170,=0.7554,=2.0425,=2.6005,=3.1809,=3.8771,=4.8699,=3.4230,=0.5965,=2.0545,=2.7202,=3.1170,=4.0228,=5.8225,=0.0129,=0.0501,=0.0096,=0.0052,=5930
="399291",创精选88,2019-11-06,=-0.0167,=5444.4300,=0.1917,=73.9760,=0.8749,=32.8940,=42.0733,=54.2159,=65.2868,=106.4385,=4.2837,=0.8698,=1.8895,=2.8541,=3.4010,=3.9157,=4.9331,=4.7138,=0.9108,=1.9655,=2.6204,=3.0909,=4.2806,=5.5728,=0.0173,=0.0556,=0.0131,=0.0067,=40
="931469",云计算50,2020-06-12,=-0.0259,=4299.7000,=0.1609,=74.1979,=0.6593,=43.1726,=58.3315,=68.3556,=82.0618,=130.8911,=10.0864,=0.9972,=3.0031,=3.8654,=5.0718,=6.0985,=10.3438,=5.8123,=0.9972,=2.2186,=2.8428,=3.4734,=4.2060,=5.9760,=0.0385,=0.1212,=0.0175,=0.0026,=60
="H30590",机器人,2015-02-10,=-0.0335,=2185.1900,=0.1452,=74.7879,=0.9526,=24.1742,=42.0198,=50.8536,=63.0364,=89.9138,=5.0663,=0.9352,=2.1765,=2.8831,=3.6941,=4.3817,=6.0751,=4.9477,=0.9480,=1.6011,=2.4247,=3.4041,=4.3031,=5.6179,=0.0149,=0.0720,=0.0144,=0.0054,=862
="000993",全指信息,2011-08-02,=-0.0172,=11704.9600,=0.3792,=75.0624,=0.9125,=27.3163,=42.0292,=52.3115,=67.4713,=96.2351,=7.2287,=0.9992,=2.5265,=3.2907,=4.0164,=4.6995,=7.3820,=4.3176,=0.9158,=1.8009,=2.3376,=2.8248,=3.4645,=5.4447,=0.0221,=0.0751,=0.0134,=0.0049,=4078
="930910",农牧渔,2016-12-12,=-0.0186,=8549.9000,=-0.1426,=75.6084,=0.7588,=13.2246,=20.8500,=29.3706,=98.1874,=30031.8592,=2.2274,=0.0092,=2.1027,=2.5011,=2.9787,=3.6493,=4.9084,=1.0017,=0.0600,=0.8679,=1.0810,=1.4905,=2.0576,=2.7290,=-0.0088,=0.0664,=0.0304,=0.0218,=8
="H30318",科技传媒通信150,2014-04-15,=-0.0162,=4604.7400,=0.4976,=76.3605,=0.9992,=19.8534,=28.8631,=38.1209,=49.8013,=78.0317,=10.1141,=0.9992,=2.0037,=2.4801,=3.4984,=4.2899,=10.3250,=5.5351,=0.9992,=1.2409,=1.8640,=2.2988,=2.7569,=5.6562,=0.0368,=0.1091,=0.0211,=0.0039,=38
="1000007",创业板全指,2010-05-01,=-0.0065,=4672.8300,=0.1946,=77.5522,=0.7133,=33.8134,=48.2400,=61.0139,=100.0107,=334.2333,=5.0765,=0.7698,=2.3083,=3.3593,=4.0475,=5.2541,=6.6514,=4.4601,=0.5953,=2.1439,=3.2922,=4.1196,=5.5917,=8.9790,=0.0212,=0.0638,=0.0178,=0.0069,=1920
="931582",数字经济,2020-11-09,=-0.0259,=1908.0200,=0.2923,=78.4496,=0.9911,=35.0365,=43.8172,=50.0793,=65.3778,=83.2725,=8.1460,=0.9739,=3.4564,=4.8909,=5.6469,=6.5404,=9.8458,=7.1992,=0.7535,=2.4970,=3.8721,=5.8219,=7.6134,=11.8341,=0.0236,=0.0954,=0.0158,=0.0039,=181
="931480",线上消费,2020-05-06,=-0.0108,=772.6000,=-0.0814,=79.2099,=0.6369,=33.5813,=47.6482,=66.6111,=96.8158,=132.5169,=3.2284,=0.5627,=1.9483,=2.5054,=3.1001,=3.7027,=5.0305,=3.3548,=0.9060,=1.1811,=1.5037,=1.8103,=2.8488,=4.8094,=0.0131,=0.0458,=0.0190,=0.0095,=75
="399993",CSWD生科,2015-05-08,=-0.0124,=2373.1600,=-0.0894,=79.3507,=0.9084,=31.0960,=44.1993,=56.6305,=73.4119,=122.8633,=3.3431,=0.1242,=2.5928,=3.6699,=6.1922,=7.6052,=15.2283,=6.7729,=0.2026,=4.8204,=6.7589,=9.3856,=14.3537,=21.1379,=0.0163,=0.0356,=0.0147,=0.0103,=68
="932088",全指航空,2023-03-23,=-0.0284,=801.7600,=-0.0868,=79.6739,=0.6662,=36.9197,=48.5938,=66.4868,=88.6506,=116.5746,=3.6741,=0.6806,=2.3948,=3.0230,=3.3745,=3.8924,=4.9751,=3.3495,=0.3481,=2.2988,=2.8996,=3.5907,=4.0730,=4.9356,=0.0077,=0.0470,=0.0092,=0.0061,=35
="930851",云计算,2016-07-20,=-0.0248,=6862.5200,=0.0585,=82.6000,=0.6616,=37.0632,=52.7846,=67.3916,=96.5342,=313.0672,=8.8621,=0.9983,=2.7148,=3.6028,=4.2813,=5.3634,=9.1233,=5.7990,=0.9983,=1.6839,=2.4216,=3.1112,=3.7216,=5.9819,=0.0301,=0.0896,=0.0112,=0.0025,=455
="931144",通信技术,2019-05-30,=-0.0062,=4227.7300,=0.8159,=87.5273,=0.9817,=22.8153,=30.3382,=36.3586,=49.8926,=113.1406,=12.1200,=0.9988,=2.5671,=3.1040,=3.6630,=4.7119,=12.1962,=7.6401,=0.9988,=1.6428,=2.0956,=2.4688,=3.3514,=7.7070,=0.0432,=0.1354,=0.0299,=0.0026,=244
="970070",创业板人工智能,2024-07-11,=-0.0067,=8359.4400,=0.4098,=95.2530,=0.8119,=48.3861,=70.9456,=80.5484,=94.7171,=119.1606,=12.8457,=0.9956,=3.3467,=5.0101,=5.9836,=9.4540,=12.8981,=10.6983,=0.9956,=3.4016,=4.9181,=5.9609,=8.7198,=10.7512,=0.0381,=0.1206,=0.0167,=0.0032,=211
="932038",央企科技引领,2022-11-16,=-0.0250,=1931.1400,=0.2903,=96.4713,=0.9930,=31.0707,=37.6604,=44.6563,=73.0460,=100.6860,=6.5633,=0.9977,=2.7684,=3.4421,=3.9561,=4.7968,=6.8336,=6.6412,=0.9930,=2.3932,=3.1200,=3.8854,=5.2211,=6.9314,=0.0105,=0.0636,=0.0096,=0.0047,=35
="932438",科创创业机器人,2025-05-16,=-0.0413,=1819.2700,=0.1257,=96.8172,=0.9197,=67.6486,=76.8291,=83.0873,=91.6694,=103.3521,=6.1757,=0.7831,=4.9598,=5.2714,=5.6333,=6.1892,=6.8835,=6.3532,=0.6225,=5.2672,=5.7376,=6.0591,=6.6416,=7.4199,=0.0153,=0.0666,,=0.0035,=51
="930790",CS娱乐TI,2016-03-22,=-0.0115,=1254.6700,=-0.1175,=97.1448,=0.9204,=17.3299,=32.7384,=48.8437,=79.4185,=245.3480,=2.4432,=0.4301,=1.6576,=2.1330,=2.5566,=3.1236,=3.8872,=2.7265,=0.1667,=2.2057,=2.8007,=3.2438,=4.0382,=5.0752,=0.0124,=0.0200,=0.0156,=0.0155,=14
="399019",创业200,2023-11-15,=-0.0188,=5001.9000,=0.1002,=98.4432,=0.5878,=45.1604,=59.2585,=85.8369,=110.8984,=137.0675,=4.2797,=0.9780,=1.8905,=2.4263,=3.1807,=3.8418,=4.4299,=3.7952,=0.9324,=1.7802,=2.2902,=2.8080,=3.3732,=3.9712,=0.0165,=0.0404,=0.0111,=0.0059,=83
="000858",500信息,2013-11-06,=-0.0079,=14267.0500,=0.3538,=99.3574,=0.9121,=25.3805,=43.9766,=64.1783,=88.5957,=209.3531,=6.5943,=0.9992,=2.1626,=2.9041,=3.3886,=3.9436,=6.6956,=6.4428,=0.9992,=1.1229,=1.9074,=2.6861,=3.5893,=6.5441,=0.0212,=0.0505,=0.0070,=0.0032,=349
="931521",高装细分50,2020-07-08,=-0.0253,=3077.1400,=-0.0749,=99.8283,=0.8027,=33.8051,=48.4114,=56.3094,=93.0926,=160.3029,=4.2154,=0.5281,=2.5146,=3.4302,=4.1505,=5.0116,=6.8876,=4.3111,=0.4143,=2.7226,=3.8841,=4.4335,=5.0949,=6.7300,=0.0050,=0.0438,=0.0069,=0.0050,=78
="930633",中证旅游,2015-05-08,=-0.0108,=2488.5300,=-0.2504,=102.7772,=0.4295,=15.8968,=21.7842,=1951.7932,=-51.0196,=11171.4579,=2.0813,=0.1287,=1.6473,=2.1793,=2.3709,=2.8097,=3.6934,=1.1194,=0.0062,=1.0607,=1.3376,=1.6098,=2.5762,=3.7607,=0.0208,=-0.0128,=-0.0016,=0.0093,=603
="000683",科创生物,2022-05-09,=-0.0007,=1027.6900,=-0.0417,=102.8458,=0.0947,=31.4909,=161.7599,=2013.9773,=-209.9494,=97054.3385,=6.0179,=0.7444,=4.0903,=4.8764,=5.4099,=6.3309,=7.9611,=9.5893,=0.2790,=7.6079,=9.2370,=10.3606,=11.4659,=14.1963,=0.0094,=0.0457,=0.0035,=0.0031,=51
="931247",中证信创,2012-12-21,=-0.0246,=1576.7300,=0.0772,=105.2757,=0.2284,=66.5979,=102.2214,=206.0508,=276.8669,=369.3964,=6.8597,=0.9626,=2.7947,=3.4731,=4.6623,=5.7698,=7.4810,=5.5540,=0.9600,=2.8203,=3.3976,=4.0921,=4.8125,=6.0696,=0.0271,=0.0400,=0.0016,=0.0033,=93
="CN5082",国证航天,2015-02-16,,,=-0.1097,=106.7547,=0.7700,=44.4252,=58.7037,=72.9426,=113.2289,=173.9279,=3.9478,=0.6579,=2.1924,=2.8239,=3.3420,=4.3768,=5.7727,=3.8437,=0.7110,=1.9232,=2.5629,=3.3653,=4.1058,=6.0090,=0.0055,=0.0382,=0.0066,=0.0051,=11
="930902",中证数据,2016-10-18,=-0.0303,=3205.1400,=0.0051,=110.0075,=0.7431,=37.6891,=57.1261,=78.1973,=122.2710,=366.0842,=4.3770,=0.6844,=2.4001,=3.4170,=3.9834,=4.6862,=5.5171,=2.9202,=0.2127,=2.0473,=2.8880,=3.3900,=4.1691,=7.0542,=0.0025,=0.0339,=0.0011,=0.0037,=243
="932456",科创创业AI,2025-05-14,=-0.0200,=4052.9600,=0.3930,=111.6102,=0.2095,=95.3901,=111.2940,=117.8205,=140.8456,=192.3777,=14.1661,=0.9921,=6.1464,=7.3075,=10.2689,=11.1644,=14.4413,=17.6459,=0.9921,=9.0747,=10.9633,=14.4511,=15.5546,=17.9863,=0.0437,=0.0985,,=0.0017,=39
="930601",中证软件,2015-03-10,=-0.0224,=5687.7500,=-0.0954,=112.1200,=0.7624,=29.3378,=51.8564,=79.4899,=128.9417,=302.4908,=5.0323,=0.6139,=2.7207,=3.9641,=4.6754,=5.7377,=7.7476,=5.1882,=0.5611,=2.8007,=4.0731,=4.9659,=6.1079,=9.8975,=0.0078,=0.0385,=-0.0029,=0.0061,=385
="CN5075",国证信创,2015-02-16,,,=0.4155,=116.6556,=0.7432,=39.3034,=49.6765,=75.7888,=124.1579,=152.0158,=8.9235,=0.9949,=3.0386,=3.5448,=5.1388,=7.0932,=9.3745,=6.7300,=0.9949,=2.8415,=3.6650,=4.3736,=5.3723,=7.0749,=0.0268,=0.0598,=0.0136,=0.0024,=28
="H30202",软件指数,2013-07-15,=-0.0245,=13419.7300,=-0.1099,=118.1359,=0.6700,=45.1036,=65.7516,=91.3513,=155.6957,=372.5263,=5.0040,=0.3420,=2.9348,=4.5157,=5.4405,=6.6344,=8.8705,=6.7876,=0.4662,=3.9010,=5.4106,=6.8874,=8.0939,=13.5560,=0.0053,=0.0344,=-0.0039,=0.0062,=314
="950161",科创新药,2024-08-23,=-0.0053,=1180.1500,=-0.0392,=130.7026,=0,=130.7026,=-609.8119,=-141.8687,=-89.4024,=1578.9342,=8.2179,=0.3310,=4.9324,=6.5812,=8.9546,=10.4864,=12.9042,=10.5650,=0.2317,=8.4204,=10.2357,=12.6070,=14.4741,=17.6998,=0.0059,=0.0403,=-0.0091,=0.0014,=13
="000698",科创100,2023-08-07,=-0.0134,=1928.5700,=0.3228,=132.4831,=0.2071,=60.6995,=132.0437,=216.9063,=255.8310,=337.2511,=7.1494,=0.9956,=2.7397,=3.5868,=4.1520,=5.6529,=7.3459,=8.6953,=0.8817,=4.0312,=5.0839,=6.1152,=8.2842,=10.0837,=0.0093,=0.0369,=0.0028,=0.0028,=531
="980076",通用航空,2012-12-28,=-0.0238,=3284.2000,=-0.1149,=134.5754,=0.8415,=69.9916,=79.8173,=100.4975,=130.0153,=158.1149,=3.8518,=0.7205,=2.7445,=3.2064,=3.5099,=4.1344,=5.1513,=4.5565,=0.6801,=3.4358,=4.0692,=4.3002,=5.0217,=6.3273,=0.0066,=0.0297,=0.0083,=0.0043,=56
="H30007",芯片产业,2012-12-20,=-0.0226,=4845.4800,=0.5302,=139.4952,=0.9678,=24.2382,=40.3144,=68.1489,=110.5135,=186.5687,=10.3819,=0.9979,=1.9412,=3.6288,=4.4678,=7.0852,=11.2654,=14.9422,=0.9992,=1.5871,=3.6547,=6.4389,=8.1040,=15.5355,=0.0230,=0.0446,=0.0109,=0.0011,=512
="H30184",半导体,2013-07-15,=-0.0220,=14280.5600,=0.5518,=141.9418,=0.9930,=33.2056,=51.7038,=76.6670,=104.8969,=154.8888,=10.0250,=0.9773,=2.5082,=3.4163,=4.7635,=7.3134,=12.2763,=15.0834,=0.9992,=1.3963,=2.6456,=6.8781,=9.1635,=15.6416,=0.0203,=0.0527,=0.0094,=0.0013,=3305
="931743",半导体材料设备,2012-12-21,=-0.0359,=8501.6200,=0.6511,=142.2267,=0.9944,=30.1973,=39.4009,=59.1345,=79.0823,=151.1816,=10.8800,=0.9944,=2.5588,=3.3532,=4.2029,=6.4267,=11.5574,=16.0147,=0.9944,=2.5903,=3.1457,=3.7997,=9.9644,=17.0230,=0.0198,=0.0706,=0.0130,=0.0013,=229
="990001",中华半导体芯片,2019-03-18,=-0.0220,=18422.0300,=0.5239,=148.7315,=0.9925,=33.1780,=61.2184,=84.1069,=113.9585,=160.7761,=10.0603,=0.9937,=3.1429,=4.2561,=5.2956,=7.3526,=10.9977,=15.0369,=0.9989,=3.3238,=6.0743,=7.0829,=9.0888,=15.6060,=0.0177,=0.0410,=0.0101,=0.0012,=1374
="932087",集成电路,2023-03-29,=-0.0210,=1718.0200,=0.5170,=150.1471,=0.7955,=46.1239,=98.7240,=131.2185,=150.5746,=195.7770,=9.8145,=0.9974,=3.1405,=3.8677,=5.0770,=6.8116,=10.1351,=15.4156,=0.9974,=5.8347,=7.5519,=8.9124,=11.4059,=15.9312,=0.0203,=0.0481,=0.0079,=0.0012,=36
="000690",科创成长,2022-11-04,=-0.0263,=2630.3600,=0.4029,=153.5339,=0.7884,=26.4295,=43.6616,=81.6699,=157.2592,=288.8500,=15.6282,=0.9965,=3.7827,=4.8388,=5.4448,=11.2982,=16.1376,=16.1264,=0.8907,=2.7510,=3.9762,=5.0463,=13.6375,=19.2028,=0.0188,=0.1043,=0.0143,=0.0021,=120
="932000",中证2000,2023-08-11,=-0.0208,=3534.2000,=0.1033,=155.2718,=0.8155,=44.0427,=57.8470,=82.9824,=154.7150,=228.3990,=3.1257,=0.9688,=1.5089,=1.9579,=2.3258,=2.8379,=3.3036,=2.5224,=0.9658,=1.1809,=1.5402,=1.8156,=2.3158,=2.6726,=0.0098,=0.0154,=0.0097,=0.0065,=1138
="950180",科创AI,2024-07-25,=-0.0289,=2779.5900,=0.2369,=156.6613,=0.6765,=66.2784,=97.4838,=140.3093,=169.6836,=271.3436,=13.1946,=0.9864,=3.9039,=5.9181,=8.7628,=11.1640,=13.9313,=17.8071,=0.9774,=6.3298,=9.2904,=13.2852,=16.0690,=18.8013,=0.0274,=0.0670,=0.0163,=0.0022,=207
="000682",科创信息,2021-08-16,=-0.0287,=2886.7900,=0.4479,=161.7584,=0.9630,=41.6131,=59.3820,=92.1223,=129.8373,=187.1367,=10.8594,=0.9982,=3.3247,=4.3390,=5.3212,=6.4408,=11.3309,=15.5538,=0.9982,=5.5790,=7.2866,=8.8356,=11.1894,=16.2319,=0.0200,=0.0432,=0.0072,=0.0016,=98
="000688",科创50,2020-07-23,=-0.0280,=1815.4500,=0.3506,=172.5005,=0.9618,=35.5957,=42.4829,=70.2662,=108.2909,=196.9562,=8.0727,=0.9837,=2.9443,=4.1553,=4.8282,=6.7148,=9.0182,=9.3078,=0.8041,=3.1319,=4.5298,=5.5001,=9.1180,=13.2586,=0.0135,=0.0347,=0.0045,=0.0024,=7797
="000689",科创材料,2022-08-15,=-0.0083,=1631.3400,=0.3456,=179.8736,=0.9880,=38.7753,=45.2135,=77.9813,=144.5926,=199.6324,=5.7835,=0.9945,=1.9307,=2.5998,=3.1694,=4.4105,=5.8349,=7.0815,=0.9956,=2.1963,=3.1219,=4.0107,=5.0213,=7.1569,=0.0126,=0.0258,=0.0058,=0.0028,=30
="399020",创业小盘,2023-11-15,=-0.0227,=2006.5600,=0.1287,=186.3469,=0.6016,=48.5170,=80.8505,=149.2447,=215.1149,=256.8495,=4.1522,=0.9721,=1.8521,=2.4360,=3.1941,=3.7491,=4.3734,=4.0093,=0.8967,=1.9895,=2.5566,=3.1549,=3.7585,=4.2999,=0.0115,=0.0199,=0.0104,=0.0053,=11
="931865",中证半导,2019-03-20,=-0.0428,=7883.4200,=0.5930,=187.5932,=0.9969,=32.8138,=44.5004,=72.5163,=108.2291,=198.4690,=12.7424,=0.9969,=3.3892,=4.1374,=5.0802,=6.6375,=13.4762,=21.1309,=0.9969,=6.4190,=7.6799,=8.6267,=12.1416,=22.3560,=0.0168,=0.0580,=0.0153,=0.0009,=194
="950162",科创芯片设计,2024-07-26,=-0.0237,=2804.9800,=0.5077,=193.2424,=0.0612,=161.6128,=232.0417,=273.4229,=386.8313,=687.1301,=15.9252,=0.9864,=4.2582,=7.5673,=8.7682,=12.5419,=16.7714,=23.5499,=0.9841,=8.7765,=14.3854,=16.4790,=20.6702,=24.8034,=0.0309,=0.0713,=0.0107,=0.0013,=43
="000680",科创综指,2025-01-20,=-0.0253,=2136.7500,=0.3055,=201.6677,=0.3096,=115.7401,=174.5715,=212.8081,=233.7962,=278.5830,=6.8880,=0.9907,=3.4337,=3.9352,=5.0802,=5.6628,=7.1640,=8.9522,=0.9907,=4.7291,=5.4308,=6.9646,=7.7705,=9.3145,=0.0091,=0.0262,=0.0033,=0.0027,=192
="1000014",科创板全指,2019-07-22,,,,=203.3590,=0.8945,=34.6058,=58.2401,=76.5184,=127.2764,=267.8356,=6.8400,=0.8866,=2.4875,=3.7730,=4.8048,=6.3826,=9.5957,=8.9311,=0.7575,=3.3799,=5.1717,=6.4275,=9.7931,=14.1086,=0.0091,=0.0255,=0.0035,=0.0027,=1288
="000685",科创芯片,2022-06-13,=-0.0276,=4148.8000,=0.5875,=203.3979,=0.9593,=42.1555,=65.0382,=116.4052,=174.6254,=235.0390,=11.5854,=0.9979,=3.1235,=4.0494,=5.0128,=6.3816,=12.1390,=21.8187,=0.9979,=7.4796,=10.0192,=12.1077,=14.4404,=22.8613,=0.0152,=0.0415,=0.0074,=0.0009,=456
="950125",科创半导体材料设备,2024-07-26,=-0.0338,=3683.2100,=0.7145,=210.3760,=0.9955,=70.4245,=115.5191,=126.8836,=156.8730,=222.4797,=9.2538,=0.9955,=2.8469,=4.7435,=5.2329,=6.5118,=9.7859,=19.5009,=0.9955,=7.2923,=10.8261,=12.7227,=14.4963,=20.6229,=0.0075,=0.0371,=0.0094,=0.0006,=108
="980017",国证芯片,2015-02-17,=-0.0271,=19329.4300,=0.5236,=218.4655,=0.9988,=30.3742,=55.4897,=78.4842,=105.3264,=227.4136,=9.9370,=0.9939,=3.1638,=4.0808,=5.6611,=7.3546,=10.4020,=15.3285,=0.9988,=3.6283,=5.7677,=6.6282,=7.9274,=15.9563,=0.0146,=0.0397,=0.0130,=0.0010,=2585
="000699",科创200,2024-08-20,=-0.0224,=1777.4600,=0.3469,=223.8890,=0.3726,=128.9087,=180.2059,=266.4494,=314.3666,=388.1174,=5.3697,=0.9741,=1.9770,=3.0040,=3.4287,=4.4517,=5.6033,=7.9239,=0.9009,=3.3605,=5.0748,=5.8783,=7.0379,=8.3761,=0.0066,=0.0165,=0.0029,=0.0034,=131
="931594",卫星产业,2020-12-22,=-0.0211,=1129.0700,=0.0001,=239.0793,=0.8201,=44.5603,=95.5122,=128.5104,=230.3409,=428.4930,=6.3767,=0.9550,=2.3588,=3.0471,=3.4949,=3.9649,=7.6413,=9.2849,=0.9489,=3.4655,=4.5262,=5.1356,=6.0040,=11.4514,=0.0019,=0.0317,=0.0057,=0.0025,=165
="980018",卫星通信,2015-02-17,=-0.0181,=5555.7500,=0.0395,=483.4528,=0.9429,=23.6003,=28.8976,=38.5738,=55.9130,=1063.4314,=6.1261,=0.9577,=1.7225,=2.0517,=2.5524,=4.2274,=7.7241,=5.9580,=0.9538,=1.5054,=1.8031,=2.2868,=3.0768,=7.7238,=0.0054,=0.0181,=0.0298,=0.0022,=114
="H30182",计算机,2013-07-15,=-0.0309,=6855.9500,=-0.1052,=497.3571,=0.8755,=33.2527,=55.0616,=100.6549,=270.8442,=65313.4473,=4.2801,=0.6094,=2.4295,=3.5767,=4.0926,=4.6450,=5.8765,=4.1967,=0.5270,=2.3635,=3.5773,=4.1513,=4.7490,=7.6223,=-0.0024,=0.0033,=-0.0042,=0.0047,=49
="930781",中证影视,2016-02-04,=0.0046,=1514.3500,=-0.1043,=714.3013,=0.6172,=16.7066,=43.1495,=196.2557,=-60.8596,=6083.5065,=2.0905,=0.2294,=1.4352,=2.0571,=2.3990,=3.4296,=8.0265,=4.4511,=0.5314,=2.7079,=3.4931,=4.3471,=5.5354,=12.7528,=0.0049,=0.0185,=0.0219,=0.0092,=178
="931992",疫苗生物,2013-07-15,=-0.0079,=1123.6000,=-0.0693,=1364.8558,=0.9832,=26.1322,=60.6376,=87.2351,=118.0108,=1550.1847,=2.4661,=0.0294,=2.3857,=2.7020,=3.0523,=3.6613,=5.0256,=4.6799,=0.1876,=3.7134,=4.7076,=5.1780,=5.5717,=6.4257,=0.0112,=0.0013,=0.0085,=0.0113,=28
="931151",光伏产业,2019-04-22,=0.0064,=3336.6200,=0.1675,=1801.5811,=0.9092,=9.5087,=20.3985,=37.8663,=67.9549,=2491.4939,=2.9392,=0.5684,=1.5562,=1.9231,=2.6376,=4.5003,=6.9801,=2.2072,=0.6102,=0.8897,=1.2416,=1.7916,=3.2539,=5.9137,=0.0016,=0.0012,=0.0005,=0.0072,=2706
="950333",智选创新价值,2024-09-25,=-0.0073,=2866.6100,=0.2614,=-388.9704,=0.7450,=62.6254,=107.1355,=-3703.4542,=-235.9175,=5158.8110,=3.4528,=0.9925,=1.6564,=2.1407,=2.3677,=2.8484,=3.5119,=3.3583,=0.9925,=1.6015,=2.1251,=2.4636,=2.9902,=3.4163,=-0.0002,=-0.0164,=-0.0030,=0.0044,=10
="1000009",深圳B股,1994-01-10,=-0.0111,=1116.2200,=-0.1174,=-135.3308,=0.9971,=6.5509,=10.0230,=16.1220,=22.3273,=61.4680,=0.7079,=0.4187,=0.5585,=0.6590,=0.7359,=0.9884,=1.4530,=0.4481,=0.3375,=0.3544,=0.4194,=0.4877,=0.6979,=1.0969,,=0.0028,=0.0115,=0.0353,=203
="000692",科创新能,2023-04-03,=-0.0146,=1292.8000,=0.1168,=-58.4432,=0.6776,=13.9124,=18.7399,=55.3234,=-44.6313,=279.8956,=2.7835,=0.7895,=1.4486,=1.7747,=2.1921,=2.7973,=4.0229,=1.8715,=0.7566,=0.8667,=1.1513,=1.4196,=1.9078,=2.6157,=-0.0018,=-0.0642,=-0.0138,=0.0033,=34
="931025",港股通地产,2017-11-06,,,=0.1502,=-57.2634,=0.7256,=1.3998,=5.4450,=8.2632,=-2.9118,=7833.8201,=0.5082,=0.5058,=0.0757,=0.2074,=0.5035,=0.8790,=1.4256,=0.9346,=0.8739,=0.0508,=0.1420,=0.5381,=0.8721,=1.5776,,=-0.0074,,=0.0351,=11
="399393",国证地产,2012-08-20,=-0.0253,=2757.1300,=-0.1164,=-5.8726,=1,=6.3321,=8.5850,=15.6415,=53.1601,=115902.4187,=0.8276,=0.1696,=0.5768,=0.8470,=1.1104,=1.8027,=2.5183,=0.6155,=0.4451,=0.3699,=0.5176,=0.6635,=1.2295,=1.7471,=-0.0014,=-0.0767,=0.0012,=0.0096,=1428
="931775",房地产,2013-07-15,=-0.0266,=2653.7100,=-0.1102,=-5.3321,=0.9983,=7.0141,=8.9821,=18.1910,=-499.5782,=1490.8370,=0.8776,=0.2459,=0.5750,=0.8420,=1.0928,=1.7687,=2.4742,=0.6767,=0.4851,=0.3617,=0.5329,=0.6944,=1.2825,=1.8650,=-0.0040,=-0.1024,=-0.0027,=0.0067,=917
="000816",细分地产,2012-04-11,=-0.0265,=2453.2900,=-0.1084,=-4.9768,=0.9959,=6.1299,=8.3282,=15.7195,=193.0885,=2488.2259,=0.8501,=0.2471,=0.5599,=0.8178,=1.0774,=1.8379,=2.5676,=0.6064,=0.4773,=0.3390,=0.4956,=0.6348,=1.2010,=1.8946,=-0.0038,=-0.1018,=-0.0024,=0.0051,=6
="399965",800地产,2012-12-21,=-0.0242,=2177.6500,=-0.1751,=-3.7520,=1,=5.5394,=8.0041,=14.1292,=32.8541,=59.7245,=0.6197,=0.0417,=0.5234,=0.7248,=1.0355,=1.7947,=2.5596,=0.3978,=0.1312,=0.2881,=0.4124,=0.5647,=1.1549,=1.8469,=-0.0020,=-0.0854,=0.0007,=0.0083,=201
="399983",地产等权,2013-11-22,=-0.0292,=1616.6800,=-0.2065,=-2.5041,=1,=5.0058,=7.3313,=10.5485,=16.9691,=75.5023,=0.5134,=0.0173,=0.4408,=0.6006,=1.1098,=1.8805,=2.8135,=0.3186,=0.0957,=0.2209,=0.3566,=0.5113,=1.0570,=1.7953,=-0.0053,=-0.0924,=-0.0025,=0.0043,=1008
=".NDX",纳斯达克100指数,1969-12-31,,,,,,,,,,,,,,,,,,,,,,,,,,,=0.0751,,=4312

数据来源于：理杏仁网站(lixinger.com)