指数代码,指数名称,发布时间,涨跌幅,收盘点位,今年以来涨跌幅,PE-TTM(当前值),PE-TTM(分位点%),PE-TTM(最小值),PE-TTM(20%分位点值),PE-TTM(50%分位点值),PE-TTM(80%分位点值),PE-TTM(最大正值),PB(当前值),PB(分位点%),PB(最小值),PB(20%分位点值),PB(50%分位点值),PB(80%分位点值),PB(最大正值),PS-TTM(当前值),PS-TTM(分位点%),PS-TTM(最小值),PS-TTM(20%分位点值),PS-TTM(50%分位点值),PS-TTM(80%分位点值),PS-TTM(最大正值),股息率(当前值),股息率(分位点%),股息率(最小值),股息率(20%分位点值),股息率(50%分位点值),股息率(80%分位点值),股息率(最大正值),净资产收益率(ROE)(2026Q1),净资产收益率(ROE)(2025Q4),净资产收益率(ROE)(2025Q1),关注度
="950125",科创半导体材料设备,2024-07-26,=-0.0282,=4196,=0.9532,=189.0187,=0.8651,=70.4245,=117.4338,=133.6376,=169.2189,=348.7588,=11.1211,=0.9067,=2.8469,=4.7934,=5.5409,=7.0604,=17.6268,=24.8372,=0.9107,=7.2923,=10.9937,=13.0130,=15.7887,=37.4011,=0.0010,=0.4306,=0.0006,=0.0008,=0.0013,=0.0016,=0.0028,=0.0075,=0.0371,=0.0094,=154
="931743",半导体材料设备,2012-12-21,=-0.0240,=9504.7900,=0.8459,=139.4074,=0.9208,=30.1973,=40.1666,=61.3851,=90.0931,=224.0742,=11.0065,=0.9298,=2.5588,=3.4436,=4.3182,=7.1507,=17.1334,=17.5426,=0.9425,=2.5903,=3.1786,=3.8582,=11.2166,=25.3851,=0.0013,=0.0613,=0.0009,=0.0020,=0.0028,=0.0045,=0.0073,=0.0198,=0.0706,=0.0130,=300
="931865",中证半导,2019-03-20,=-0.0152,=8204.7400,=0.6579,=157.9956,=0.9216,=32.8138,=45.7278,=73.9300,=129.8337,=255.0466,=10.3774,=0.9236,=3.3892,=4.1525,=5.3007,=8.5483,=15.8034,=19.5493,=0.9354,=6.4190,=7.7153,=8.8240,=15.2845,=28.9040,=0.0010,=0.1283,=0.0006,=0.0011,=0.0021,=0.0024,=0.0032,=0.0168,=0.0580,=0.0153,=219
="931144",通信技术,2019-05-30,=0.0006,=3633.1300,=0.5605,=63.9761,=0.9067,=22.8153,=30.4745,=37.1315,=52.3703,=113.1406,=10.5055,=0.9579,=2.5671,=3.1132,=3.7452,=4.8306,=15.3977,=6.3562,=0.9539,=1.6428,=2.1083,=2.5063,=3.4228,=9.4991,=0.0033,=0.0529,=0.0021,=0.0043,=0.0064,=0.0100,=0.0166,=0.0432,=0.1354,=0.0299,=258
="000685",科创芯片,2022-06-13,=-0.0038,=3798.9500,=0.4536,=169.2938,=0.6964,=42.1555,=70.8736,=119.4427,=181.3925,=335.4323,=10.0749,=0.9256,=3.1235,=4.0945,=5.1937,=7.7502,=15.4697,=20.4270,=0.9354,=7.4796,=10.0843,=12.3340,=15.9117,=31.9311,=0.0009,=0.0813,=0.0005,=0.0010,=0.0015,=0.0021,=0.0026,=0.0152,=0.0415,=0.0074,=516
="H30184",半导体,2013-07-15,=-0.0031,=12698.8600,=0.3800,=102.3136,=0.7365,=33.2056,=51.7413,=79.0931,=107.9511,=186.6477,=8.2643,=0.8796,=2.5082,=3.4349,=4.8993,=7.4938,=12.7528,=13.0694,=0.9654,=1.3963,=2.6456,=7.0437,=9.6153,=20.0377,=0.0015,=0.0713,=0.0010,=0.0017,=0.0024,=0.0034,=0.0070,=0.0203,=0.0527,=0.0094,=3402
="932066",半导体行业精选,2023-11-10,=-0.0034,=5520.7900,=0.3592,=80.0850,=0.4423,=50.1901,=65.3857,=83.6012,=99.8792,=142.8699,=8.0471,=0.7263,=3.1655,=4.1541,=6.7718,=8.4332,=12.2533,=12.3674,=0.7678,=6.6489,=8.4103,=10.8627,=12.6126,=18.4956,=0.0017,=0.2530,=0.0012,=0.0016,=0.0022,=0.0028,=0.0034,=0.0207,=0.0794,=0.0157,=6
="931079",5G通信,2019-04-25,=0.0032,=2554.9700,=0.3253,=45.5787,=0.8286,=21.0709,=27.7329,=33.7018,=44.7062,=103.6981,=7.2783,=0.9539,=2.3623,=3.0512,=3.6351,=5.3614,=10.5199,=2.8321,=0.9410,=1.1916,=1.4919,=1.8879,=2.3719,=4.2354,=0.0056,=0.1973,=0.0036,=0.0056,=0.0082,=0.0121,=0.0152,=0.0389,=0.1398,=0.0276,=2287
="990001",中华半导体芯片,2019-03-18,=0.0002,=15977.9200,=0.3218,=102.0119,=0.6800,=33.1780,=61.6060,=86.2824,=116.8936,=187.5449,=8.1055,=0.8599,=3.1429,=4.2876,=5.3591,=7.5120,=12.4905,=12.7342,=0.9579,=3.3238,=6.0972,=7.1308,=9.5810,=19.5120,=0.0012,=0.0471,=0.0008,=0.0016,=0.0021,=0.0028,=0.0056,=0.0177,=0.0410,=0.0101,=1387
="H30007",芯片产业,2012-12-20,=0.0005,=4167.6700,=0.3161,=91.1327,=0.6899,=24.2382,=40.3144,=71.7353,=113.4115,=186.5687,=8.2154,=0.9068,=1.9412,=3.6288,=4.5513,=7.2965,=12.9184,=12.5124,=0.9687,=1.5871,=3.6985,=6.5621,=8.3878,=19.5328,=0.0013,=0.0404,=0.0008,=0.0017,=0.0023,=0.0046,=0.0105,=0.0230,=0.0446,=0.0109,=546
="H30318",科技传媒通信150,2014-04-15,=-0.0003,=4014.3500,=0.3056,=55.2362,=0.8730,=19.8534,=28.8631,=38.1291,=50.0998,=90.7292,=8.9694,=0.9695,=2.0037,=2.4801,=3.5037,=4.4229,=13.0479,=4.6216,=0.9546,=1.2409,=1.8640,=2.3034,=2.8469,=6.8164,=0.0040,=0.0227,=0.0031,=0.0058,=0.0072,=0.0165,=0.0244,=0.0368,=0.1091,=0.0211,=49
="980017",国证芯片,2015-02-17,=0.0017,=16466.2600,=0.2979,=97.5598,=0.6651,=30.3742,=55.8843,=81.6096,=109.2544,=227.4136,=8.6782,=0.9224,=3.1638,=4.1038,=5.7904,=7.5293,=13.5798,=13.5959,=0.9583,=3.6283,=5.7952,=6.6954,=8.1829,=20.9165,=0.0012,=0.0464,=0.0008,=0.0016,=0.0020,=0.0027,=0.0044,=0.0146,=0.0397,=0.0130,=2623
="000682",科创信息,2021-08-16,=0.0006,=2573.9600,=0.2910,=139.7275,=0.8229,=41.6131,=61.4635,=93.4921,=136.2481,=255.5918,=9.2738,=0.9348,=3.3247,=4.3590,=5.4044,=7.1477,=13.8809,=14.3531,=0.9407,=5.5790,=7.3277,=8.9261,=11.5351,=21.7670,=0.0015,=0.0401,=0.0011,=0.0020,=0.0030,=0.0038,=0.0070,=0.0200,=0.0432,=0.0072,=106
="931406",5G 50,2020-02-20,=0.0066,=2707.1500,=0.2718,=30.9909,=0.6818,=15.2657,=20.6145,=24.0746,=34.6385,=51.5506,=3.4816,=0.6578,=1.5292,=1.9707,=2.5765,=3.8294,=5.3757,=2.2998,=0.9526,=0.9155,=1.4065,=1.5873,=1.9245,=2.9469,=0.0162,=0.4130,=0.0042,=0.0067,=0.0205,=0.0276,=0.0387,=0.0252,=0.1023,=0.0236,=706
="931688",中证算力,2022-07-21,=0.0042,=3982.7400,=0.2671,=35.0456,=0.8850,=18.0036,=20.8195,=24.0803,=32.6276,=44.9092,=3.7493,=0.8963,=1.6529,=1.9027,=2.2861,=3.3833,=4.7747,=2.6330,=0.8875,=1.3731,=1.5953,=1.8218,=2.5088,=3.3716,=0.0153,=0.0738,=0.0131,=0.0190,=0.0261,=0.0299,=0.0338,=0.0245,=0.1011,=0.0224,=110
="000690",科创成长,2022-11-04,=0.0036,=2374.8900,=0.2667,=70.3700,=0.3164,=26.4295,=46.6956,=83.4954,=154.6068,=288.8500,=11.6159,=0.7584,=3.7827,=4.8620,=5.6830,=12.3337,=18.2315,=11.9966,=0.6836,=2.7510,=4.0147,=7.2502,=14.5320,=20.0971,=0.0015,=0.0769,=0.0011,=0.0021,=0.0034,=0.0053,=0.0127,=0.0188,=0.1043,=0.0143,=151
="931160",通信设备,2013-07-15,=0.0012,=19556.5900,=0.2649,=46.0823,=0.6664,=19.3231,=27.7990,=36.6958,=54.9602,=91.1971,=8.4547,=0.9674,=2.1520,=2.8712,=3.4260,=3.9732,=12.1269,=2.8686,=0.9447,=0.9706,=1.2833,=1.5072,=2.4398,=4.3558,=0.0058,=0.2602,=0.0028,=0.0052,=0.0077,=0.0150,=0.0221,=0.0428,=0.1280,=0.0276,=1311
="000698",科创100,2023-08-07,=-0.0069,=1842.1100,=0.2635,=93.6735,=0.0731,=60.6995,=128.1548,=211.6605,=252.2879,=337.2511,=6.6566,=0.9026,=2.7397,=3.6221,=4.2170,=6.0101,=8.5061,=7.0940,=0.6468,=4.0312,=5.1188,=6.3779,=8.4091,=10.0837,=0.0031,=0.1407,=0.0025,=0.0033,=0.0053,=0.0064,=0.0089,=0.0093,=0.0369,=0.0028,=587
="399363",云科技,2009-08-03,=0.0068,=11800.0500,=0.2629,=33.7226,=0.1146,=25.0041,=36.0328,=41.5289,=48.7704,=74.9161,=3.9762,=0.2107,=3.0187,=3.9515,=4.6428,=5.5540,=10.4646,=2.7279,=0.4202,=1.6015,=2.2265,=3.0428,=3.7039,=4.3638,=0.0141,=0.9769,=0.0046,=0.0055,=0.0070,=0.0104,=0.0160,=0.0491,=0.1469,=0.0254,=287
="399990",煤炭等权,2015-01-21,=-0.0002,=3606,=0.2554,=21.7982,=0.9237,=5.7123,=8.6087,=10.6436,=15.4144,=170.8638,=1.8227,=0.9790,=0.8179,=1.1204,=1.3762,=1.6155,=2.0135,=1.9870,=0.9909,=0.6732,=0.9175,=1.1213,=1.4627,=2.2100,=0.0302,=0.0647,=0.0074,=0.0368,=0.0548,=0.0638,=0.1003,=0.0229,=0.0912,=0.0239,=242
="399998",中证煤炭,2015-02-13,=-0.0034,=2463.9000,=0.2496,=21.7982,=0.9237,=5.7123,=8.6087,=10.6436,=15.4144,=170.8638,=1.8227,=0.9790,=0.8179,=1.1204,=1.3762,=1.6155,=2.0135,=1.9870,=0.9909,=0.6732,=0.9175,=1.1213,=1.4627,=2.2100,=0.0302,=0.0647,=0.0074,=0.0368,=0.0548,=0.0638,=0.1003,=0.0229,=0.0912,=0.0239,=2130
="931696",科技50策略,2021-07-12,=0.0047,=25134.3500,=0.2477,=44.8702,=0.7797,=23.0047,=27.9681,=34.0320,=47.6149,=71.4621,=7.8583,=0.9011,=3.0567,=3.9272,=4.4979,=7.1629,=11.2899,=4.3373,=0.8119,=1.9010,=2.3691,=2.6963,=4.2808,=6.7093,=0.0055,=0.0715,=0.0042,=0.0063,=0.0097,=0.0121,=0.0167,=0.0396,=0.1271,=0.0285,=15
="931087",科技龙头,2019-03-20,=0.0018,=6529.6100,=0.2422,=47.9178,=0.6851,=22.2848,=33.6952,=40.7692,=52.4621,=78.0359,=7.7915,=0.9490,=2.8190,=4.2304,=5.3225,=6.5492,=11.1808,=6.8677,=0.9734,=2.0316,=3.3119,=4.0024,=5.0073,=9.7717,=0.0057,=0.3038,=0.0037,=0.0053,=0.0064,=0.0086,=0.0172,=0.0321,=0.1080,=0.0209,=2097
="931461",电子50,2009-07-22,=0.0036,=7307.3400,=0.2395,=48.2013,=0.7885,=20.3357,=30.2775,=36.3459,=48.9696,=76.5790,=6.5164,=0.9612,=2.5323,=3.1789,=3.6997,=5.3299,=9.2899,=3.1289,=0.7930,=1.1588,=1.7975,=2.0665,=3.1546,=4.5428,=0.0059,=0.0911,=0.0046,=0.0067,=0.0091,=0.0111,=0.0147,=0.0239,=0.0884,=0.0169,=445
="930652",CS电子,2015-06-05,=0.0024,=12124.8600,=0.2361,=54.6193,=0.8268,=21.2056,=33.8173,=43.2207,=52.9015,=86.1406,=6.5660,=0.9699,=2.2039,=3.1461,=3.6489,=4.8161,=9.3375,=3.5223,=0.9402,=1.4014,=2.0216,=2.3044,=3.0817,=5.0793,=0.0051,=0.0227,=0.0040,=0.0063,=0.0077,=0.0104,=0.0141,=0.0249,=0.0838,=0.0162,=491
="931248",油气资源,2023-06-12,=0.0030,=1120.8800,=0.2267,=14.7116,=0.8925,=8.9017,=10.2499,=11.3720,=13.2677,=19.0700,=1.4180,=0.8653,=1.0292,=1.1531,=1.2267,=1.3670,=1.8318,=0.7731,=0.9003,=0.4486,=0.5170,=0.5948,=0.6836,=0.9774,=0.0344,=0.0868,=0.0285,=0.0391,=0.0458,=0.0497,=0.0548,=0.0301,=0.0906,=0.0280,=54
="399389",国证通信,2011-12-02,=0.0066,=10228.0600,=0.2264,=30.8078,=0.3872,=15.1336,=21.7733,=46.3601,=65.1875,=153.7967,=2.8015,=0.7010,=1.3245,=1.8461,=2.4671,=3.0347,=3.8815,=2.6837,=0.9715,=0.9743,=1.4589,=1.6822,=1.8999,=3.2843,=0.0201,=0.6223,=0.0026,=0.0049,=0.0071,=0.0294,=0.0420,=0.0209,=0.0855,=0.0209,=60
="000858",500信息,2013-11-06,=-0.0052,=12914.5100,=0.2254,=102.5604,=0.9126,=25.3805,=43.9766,=64.2121,=90.6513,=209.3531,=6.1113,=0.9720,=2.1626,=2.9041,=3.3886,=3.9443,=8.5146,=6.5710,=0.9806,=1.1229,=1.9074,=2.6868,=3.6618,=9.1355,=0.0030,=0.0177,=0.0022,=0.0045,=0.0059,=0.0072,=0.0110,=0.0212,=0.0505,=0.0070,=353
="931866",中证机床,2022-05-09,=0.0083,=2195.8300,=0.2245,=54.2838,=0.7747,=28.6086,=36.9474,=40.8730,=56.8792,=85.2007,=6.3417,=0.9167,=2.8302,=3.7651,=4.3456,=5.2255,=9.1263,=4.9036,=0.8550,=2.4023,=3.1611,=3.4435,=4.4200,=7.3925,=0.0067,=0.2292,=0.0043,=0.0066,=0.0077,=0.0097,=0.0146,=0.0321,=0.1022,=0.0244,=166
="000936",中证电信,2009-07-03,=0.0009,=12129.1600,=0.2202,=28.5015,=0.5641,=14.1836,=20.2178,=26.5906,=41.2993,=123.1725,=2.6919,=0.7151,=1.2149,=1.7612,=2.3409,=2.7951,=3.6232,=2.6161,=0.9732,=0.7463,=1.0339,=1.2731,=1.8327,=3.0800,=0.0214,=0.5901,=0.0019,=0.0063,=0.0096,=0.0319,=0.0507,=0.0215,=0.0913,=0.0219,=342
="931271",通信设备主题,2012-12-21,=-0.0019,=4403.4400,=0.2201,=67.4841,=0.7466,=25.8971,=33.2329,=36.4285,=79.3535,=113.3155,=9.9638,=0.8957,=2.2261,=2.9076,=3.6116,=8.1587,=14.2344,=6.4350,=0.8780,=1.5689,=2.0596,=2.5928,=5.6408,=9.3619,=0.0037,=0.1287,=0.0022,=0.0044,=0.0081,=0.0099,=0.0129,=0.0351,=0.1175,=0.0256,=14
="950162",科创芯片设计,2024-07-26,=0.0089,=2266.7100,=0.2184,=127.0696,=0,=127.0696,=221.5595,=263.3525,=380.8688,=687.1301,=12.7633,=0.7321,=4.2582,=7.8151,=9.6852,=13.2741,=20.2102,=19.6308,=0.6429,=8.7765,=14.4986,=17.8534,=21.7146,=32.5243,=0.0016,=0.5456,=0.0010,=0.0012,=0.0015,=0.0018,=0.0029,=0.0309,=0.0713,=0.0107,=68
="931380",科技50,2019-11-25,=0.0021,=3845.3800,=0.2171,=42.9182,=0.4111,=22.4426,=31.3167,=46.3237,=56.4930,=71.9143,=5.6423,=0.5382,=2.7627,=3.8801,=5.5093,=7.3397,=9.9144,=4.9227,=0.6139,=2.1802,=3.0748,=4.1850,=5.6491,=7.7525,=0.0093,=0.7385,=0.0035,=0.0051,=0.0076,=0.0104,=0.0163,=0.0253,=0.0951,=0.0118,=950
="932087",集成电路,2023-03-29,=0.0090,=1369.8800,=0.2096,=96.2058,=0.1610,=46.1239,=100.8882,=132.3076,=152.1375,=195.7770,=7.3540,=0.8123,=3.1405,=3.9438,=5.1962,=7.2523,=11.4486,=11.8303,=0.7748,=5.8347,=7.6589,=9.1197,=12.0558,=18.6728,=0.0016,=0.3608,=0.0010,=0.0014,=0.0018,=0.0022,=0.0029,=0.0203,=0.0481,=0.0079,=55
="000998",中证TMT,2011-11-08,=0.0033,=3552.1800,=0.2080,=38.9064,=0.6227,=18.9989,=27.6163,=34.6442,=43.3523,=58.6698,=4.3293,=0.8726,=1.9674,=2.4618,=3.2922,=4.0218,=5.6742,=3.0494,=0.9567,=1.2505,=1.8092,=2.1803,=2.6466,=3.9991,=0.0115,=0.5798,=0.0048,=0.0067,=0.0092,=0.0185,=0.0284,=0.0233,=0.0900,=0.0196,=566
="970070",创业板人工智能,2024-07-11,=-0.0035,=7155.1500,=0.2067,=52.9788,=0.0369,=48.3861,=70.8680,=80.7791,=93.7680,=119.1606,=10.4848,=0.8194,=3.3467,=5.1423,=6.5772,=10.2084,=15.2749,=8.2449,=0.6544,=3.4016,=4.9950,=6.2665,=9.2808,=12.0918,=0.0041,=0.3922,=0.0027,=0.0035,=0.0051,=0.0065,=0.0096,=0.0381,=0.1206,=0.0167,=243
="980080",成长100,2012-12-28,,,=0.2036,=47.6363,=0.3372,=39.4731,=45.2660,=50.0766,=63.2756,=82.4653,=6.3675,=0.6927,=3.0437,=3.6676,=5.7464,=6.9121,=9.2690,=4.0945,=0.7110,=2.0191,=2.4155,=3.1038,=4.5120,=5.8594,=0.0044,=0.1514,=0.0030,=0.0049,=0.0056,=0.0069,=0.0087,=0.0481,=0.1452,=0.0254,=270
="399296",创成长,2019-01-23,=-0.0155,=7492.6500,=0.2022,=36.1275,=0.3034,=22.4911,=30.9769,=43.3900,=63.8635,=104.6935,=8.0693,=0.6275,=3.9463,=4.9540,=7.0948,=10.6591,=14.9802,=5.0884,=0.3883,=2.5417,=3.4782,=5.8246,=11.9029,=17.3385,=0.0080,=0.6879,=0.0016,=0.0028,=0.0063,=0.0105,=0.0200,=0.0584,=0.2040,=0.0396,=1083
="931165",新兴科技100,2019-04-25,=0.0054,=10224.9800,=0.2015,=41.6333,=0.8308,=17.0055,=23.4438,=29.7375,=40.2482,=67.3989,=9.4544,=0.9567,=3.5721,=4.3435,=5.5068,=7.6495,=13.6689,=8.5782,=0.9488,=3.0368,=3.6594,=4.8657,=6.4640,=12.4159,=0.0067,=0.1956,=0.0047,=0.0067,=0.0091,=0.0149,=0.0264,=0.0515,=0.1919,=0.0378,=520
="980030",消费电子,2015-02-17,=0.0057,=8705.7900,=0.1982,=42.1811,=0.5959,=18.6467,=31.8277,=39.2254,=47.8701,=65.6114,=4.4441,=0.8335,=2.0026,=2.6000,=3.0250,=4.2793,=6.3059,=2.2190,=0.7480,=1.1413,=1.4005,=1.5853,=2.3779,=3.4515,=0.0068,=0.2353,=0.0040,=0.0066,=0.0082,=0.0110,=0.0143,=0.0190,=0.0648,=0.0154,=391
="399610",TMT50,2010-11-08,=-0.0007,=11475.4400,=0.1976,=41.3197,=0.6148,=21.0331,=30.1605,=38.0622,=46.3609,=64.7172,=6.3106,=0.9592,=2.4071,=3.2240,=4.0363,=5.2012,=8.4969,=3.3336,=0.6800,=1.5843,=2.0120,=2.7280,=3.6841,=4.6782,=0.0074,=0.3988,=0.0046,=0.0061,=0.0080,=0.0121,=0.0161,=0.0296,=0.1080,=0.0206,=524
="000994",全指电信,2011-08-02,=0.0025,=13335.5500,=0.1973,=28.9859,=0.3992,=17.6024,=21.7761,=33.6889,=52.5075,=109.2407,=2.7567,=0.6379,=1.3865,=1.8410,=2.5290,=3.0278,=3.7766,=2.6238,=0.9687,=0.9155,=1.2459,=1.5487,=1.9017,=3.1271,=0.0208,=0.6161,=0.0022,=0.0055,=0.0083,=0.0296,=0.0398,=0.0216,=0.0895,=0.0218,=233
="931579",东证优势成长,2020-11-09,=-0.0128,=9113.4300,=0.1941,=26.7394,=0.6920,=7.9327,=14.3152,=19.2732,=30.5212,=61.0103,=5.6463,=0.7368,=0.9149,=2.6175,=3.4547,=5.9320,=9.3390,=4.0647,=0.8770,=1.1828,=2.0627,=2.4105,=3.6796,=6.0793,=0.0126,=0.4026,=0.0040,=0.0071,=0.0151,=0.0286,=0.0527,=0.0548,=0.1983,=0.0468,=154
="000688",科创50,2020-07-23,=0.0014,=1604.5900,=0.1937,=144.6483,=0.8280,=35.5957,=42.6474,=71.8729,=138.1842,=263.7183,=7.3290,=0.8497,=2.9443,=4.2408,=4.9025,=6.8546,=10.5365,=9.4490,=0.7800,=3.1319,=4.5936,=5.6239,=9.7488,=13.6380,=0.0022,=0.0325,=0.0016,=0.0030,=0.0045,=0.0071,=0.0110,=0.0135,=0.0347,=0.0045,=8260
="000993",全指信息,2011-08-02,=0.0018,=10126.4000,=0.1932,=57.6354,=0.6326,=27.3163,=42.0292,=52.3360,=68.2638,=96.2351,=6.3893,=0.9695,=2.5265,=3.2907,=4.0167,=4.7003,=8.9424,=3.7809,=0.8907,=1.8009,=2.3376,=2.8251,=3.4660,=5.3826,=0.0052,=0.1682,=0.0039,=0.0053,=0.0064,=0.0084,=0.0117,=0.0221,=0.0751,=0.0134,=4100
="HSHK35",恒生香港35,2003-01-20,=0.0008,=3405,=0.1929,=15.1277,=0.5770,=9.7413,=12.2188,=14.4543,=17.6563,=47.6465,=1.3513,=0.9980,=0.7649,=0.9601,=1.1018,=1.2374,=1.3663,=3.5445,=0.9533,=2.1814,=2.5966,=2.9085,=3.1974,=3.7366,=0.0358,=0.2592,=0.0206,=0.0332,=0.0389,=0.0462,=0.0628,,,,=115
="000689",科创材料,2022-08-15,=-0.0130,=1445.5000,=0.1923,=174.8640,=0.9232,=38.7753,=45.5038,=86.9625,=151.7010,=281.6880,=5.5979,=0.9395,=1.9307,=2.6314,=3.3606,=4.5169,=8.5314,=6.7053,=0.9078,=2.1963,=3.1431,=4.0611,=5.6419,=10.7722,=0.0029,=0.0533,=0.0019,=0.0045,=0.0064,=0.0079,=0.0117,=0.0126,=0.0258,=0.0058,=48
="000935",中证信息,2009-07-03,=0.0015,=7648.8500,=0.1918,=57.4420,=0.8421,=22.3783,=36.3294,=44.9593,=55.3584,=87.4284,=6.3952,=0.9691,=2.5910,=3.3282,=4.0442,=4.8605,=8.9117,=3.6969,=0.8573,=1.7187,=2.2023,=2.7264,=3.5199,=5.2392,=0.0054,=0.0821,=0.0042,=0.0059,=0.0072,=0.0094,=0.0127,=0.0237,=0.0833,=0.0137,=1125
="931494",消费电子,2020-06-12,=0.0085,=6052.7600,=0.1900,=50.1431,=0.7545,=20.2625,=32.1257,=38.7341,=52.3699,=77.9188,=5.6199,=0.9242,=2.1307,=2.8230,=3.5441,=5.1157,=7.9404,=2.6840,=0.8397,=1.3000,=1.6503,=1.9954,=2.6198,=3.9249,=0.0055,=0.1710,=0.0040,=0.0058,=0.0082,=0.0109,=0.0138,=0.0228,=0.0807,=0.0166,=231
="HSSSHID",恒生沪深港创新药精选50指数,2020-03-01,=0.0241,=8889.1400,=0.1857,=32.5155,=0.3467,=23.4861,=29.5625,=35.4778,=51.5558,=94.0285,=4.2502,=0.6441,=2.0729,=2.8199,=3.7578,=6.3304,=8.4497,=6.1349,=0.8385,=1.3432,=1.9004,=3.7147,=6.0027,=8.1459,=0.0080,=0.3863,=0.0033,=0.0050,=0.0087,=0.0120,=0.0157,,=0.1198,,=294
="000928",中证能源,2009-07-03,=-0.0009,=3492.4400,=0.1852,=15.2517,=0.6676,=6.9612,=9.7906,=13.1469,=19.1580,=68.9647,=1.4839,=0.9596,=0.7281,=0.9359,=1.1559,=1.3040,=1.8006,=0.8946,=0.9736,=0.3162,=0.4106,=0.5298,=0.7123,=1.0383,=0.0357,=0.1530,=0.0106,=0.0366,=0.0464,=0.0557,=0.0717,=0.0289,=0.0960,=0.0282,=1295
="H30198",油气产业,2013-07-15,=-0.0002,=2493.1500,=0.1836,=14.8555,=0.5175,=7.8064,=10.8922,=14.2214,=25.3696,=104.2111,=1.5155,=0.9753,=0.6580,=0.8183,=1.1518,=1.2675,=1.8532,=0.8009,=0.9735,=0.2505,=0.3229,=0.4840,=0.5953,=0.9554,=0.0322,=0.1664,=0.0103,=0.0347,=0.0426,=0.0469,=0.0704,=0.0307,=0.0868,=0.0269,=122
="930850",智能制造,2016-07-20,=0.0026,=5655.6100,=0.1814,=51.9916,=0.8438,=23.4329,=32.7224,=41.8076,=50.3620,=78.5602,=5.6935,=0.9363,=2.5370,=3.5207,=4.1711,=5.0923,=7.7199,=3.3437,=0.7267,=1.5919,=2.3563,=2.7939,=3.5814,=5.3954,=0.0062,=0.1834,=0.0050,=0.0062,=0.0077,=0.0101,=0.0146,=0.0208,=0.0857,=0.0160,=366
="000986",全指能源,2011-08-02,=-0.0003,=2756.9900,=0.1811,=15.7799,=0.6610,=6.8032,=9.9968,=13.3499,=18.9681,=75.0146,=1.4846,=0.9596,=0.7554,=0.9688,=1.1784,=1.3198,=1.7977,=0.9090,=0.9736,=0.3323,=0.4459,=0.5657,=0.7317,=1.0524,=0.0346,=0.1971,=0.0098,=0.0347,=0.0439,=0.0544,=0.0769,=0.0281,=0.0918,=0.0274,=610
="000915",300信息,2007-07-02,=0.0046,=3830.1000,=0.1783,=49.1403,=0.8235,=20.6178,=34.5626,=39.8259,=48.3006,=75.5831,=6.5113,=0.9480,=2.7398,=3.5399,=4.3483,=5.5621,=9.0762,=3.1652,=0.4878,=1.6744,=2.1697,=3.2077,=4.0598,=4.9963,=0.0063,=0.2235,=0.0049,=0.0061,=0.0077,=0.0100,=0.0144,=0.0247,=0.0971,=0.0166,=22
="931250",港股通创新药,2012-07-20,=0.0306,=1183.4000,=0.1779,=36.1704,=0.4702,=21.4435,=32.6102,=36.6490,=44.1805,=63.0533,=3.8356,=0.7989,=1.5232,=1.8428,=2.3578,=3.8358,=4.5255,=6.3131,=0.7351,=1.4727,=1.7735,=2.3639,=6.5265,=7.7209,=0.0078,=0.2510,=0.0059,=0.0076,=0.0134,=0.0163,=0.0196,,=0.1071,,=136
="930792",HK银行,2016-04-22,=0.0036,=5185.5300,=0.1773,=7.2101,=0.8948,=3.2659,=4.4606,=5.8966,=6.8459,=9.5632,=0.6950,=0.6629,=0.3905,=0.4962,=0.6240,=0.8015,=1.0771,=2.7062,=0.9756,=1.0519,=1.5163,=1.8837,=2.4444,=3.1066,=0.0443,=0.0580,=0.0355,=0.0498,=0.0562,=0.0743,=0.1045,,=0.0901,,=760
="000171",新兴成指,2017-01-25,=-0.0038,=2166.9800,=0.1745,=31.5917,=0.6948,=15.0335,=20.3812,=24.9228,=36.2009,=63.8139,=4.9133,=0.6040,=2.6324,=3.2933,=4.3692,=6.2845,=10.8185,=4.2519,=0.7666,=1.3680,=2.1208,=2.7997,=4.4570,=8.5894,=0.0126,=0.5013,=0.0042,=0.0073,=0.0126,=0.0195,=0.0271,=0.0336,=0.1371,=0.0326,=208
="399285",物联网50,2020-02-18,=0.0012,=7408.1400,=0.1728,=36.8522,=0.7232,=21.8675,=26.4648,=31.8588,=38.8495,=48.9860,=5.4398,=0.8343,=2.6765,=3.4175,=4.0532,=5.3434,=6.9158,=3.4410,=0.9115,=1.7407,=2.0247,=2.4679,=3.1437,=4.3982,=0.0123,=0.5256,=0.0076,=0.0096,=0.0121,=0.0147,=0.0214,=0.0353,=0.1364,=0.0304,=94
="931787",港股创新药,2018-08-14,=0.0295,=1465.7600,=0.1671,=36.1704,=0.3810,=20.8973,=29.6096,=43.2880,=79.1360,=400.8209,=3.8356,=0.7224,=1.5132,=2.3086,=2.9830,=4.1206,=5.7621,=6.3131,=0.9050,=0.8553,=1.3293,=2.0948,=3.3870,=7.7308,=0.0078,=0.3187,=0.0045,=0.0069,=0.0103,=0.0136,=0.0202,,=0.1071,,=801
="931159",创新100,2019-05-16,=0.0019,=3957.6700,=0.1638,=36.7459,=0.5173,=24.8309,=32.3471,=36.3606,=46.3210,=59.7307,=5.2983,=0.7210,=2.9189,=3.6994,=4.3970,=5.5683,=7.4325,=4.4246,=0.7142,=2.3351,=3.1737,=3.8142,=4.8706,=6.6085,=0.0099,=0.6237,=0.0044,=0.0062,=0.0089,=0.0126,=0.0177,=0.0278,=0.1244,=0.0278,=234
="000680",科创综指,2025-01-20,=0,=1896.0800,=0.1585,=137.3407,=0.1088,=115.7401,=173.8687,=209.2103,=231.6439,=278.5830,=6.0429,=0.7927,=3.4337,=3.9791,=5.2686,=6.0746,=8.0513,=7.9090,=0.7150,=4.7291,=5.5124,=7.2156,=8.1666,=10.6066,=0.0030,=0.1865,=0.0023,=0.0030,=0.0037,=0.0050,=0.0065,=0.0091,=0.0262,=0.0033,=239
="950333",智选创新价值,2024-09-25,=0.0003,=2628.0300,=0.1564,=408.7453,=0.3067,=62.6254,=109.5606,=-9869.6418,=-359.5866,=5158.8110,=4.0232,=0.9006,=1.6564,=2.1684,=2.6019,=3.0851,=5.3226,=5.0838,=0.9006,=1.6015,=2.1364,=2.7330,=3.1081,=6.7566,=0.0027,=0.1058,=0.0019,=0.0055,=0.0068,=0.0103,=0.0136,=-0.0002,=-0.0164,=-0.0030,=18
="HSSCHKC",恒生港股通香港公司指数,2017-11-20,=-0.0002,=3586.7500,=0.1542,=14.2840,=0.4886,=9.9660,=12.2531,=14.3883,=17.9613,=45.2058,=1.3786,=0.9940,=0.8018,=0.9565,=1.1012,=1.2522,=1.4044,=3.4448,=0.9940,=1.7566,=2.0795,=2.3957,=2.7902,=3.5613,=0.0352,=0.2443,=0.0202,=0.0341,=0.0389,=0.0465,=0.0626,,,,=14
="932069",港股通医疗主题,2022-07-21,=0.0391,=1142.7000,=0.1534,=39.2000,=0.8386,=20.9778,=26.3980,=30.8343,=37.1902,=51.0900,=2.6390,=0.8386,=1.4397,=1.6279,=2.0404,=2.6032,=3.0086,=1.4767,=0.8899,=0.6760,=0.7776,=0.9957,=1.4224,=1.6308,=0.0112,=0.3695,=0.0073,=0.0087,=0.0127,=0.0158,=0.0250,,=0.0571,,=24
="931643",科创创业50,2021-06-01,=-0.0047,=2295.8700,=0.1509,=52.2071,=0.6591,=22.6109,=28.7890,=40.3789,=59.8991,=92.9106,=7.2279,=0.7843,=3.3216,=4.2124,=5.2159,=7.5385,=12.1685,=6.6646,=0.7228,=2.7030,=3.4214,=4.6598,=7.4418,=14.6821,=0.0066,=0.4315,=0.0024,=0.0040,=0.0074,=0.0115,=0.0174,=0.0368,=0.1190,=0.0246,=2038
=".NDX",纳斯达克100指数,1969-12-31,,,=0.1494,,,,,,,,,,,,,,,,,,,,,,,,,,,,,,,=0.0751,=4703
="399667",创业成长,2013-01-07,=-0.0078,=6344.2900,=0.1479,=32.8352,=0.2825,=21.3636,=29.5830,=38.3815,=51.7989,=90.9628,=6.4409,=0.7274,=2.9224,=4.0916,=4.8759,=7.5404,=10.8589,=5.0370,=0.5864,=2.4713,=3.4035,=4.6724,=6.6797,=10.3001,=0.0095,=0.7946,=0.0027,=0.0042,=0.0064,=0.0096,=0.0182,=0.0481,=0.1635,=0.0355,=101
="000958",创业成长,2010-03-24,=-0.0072,=1835.1100,=0.1449,=40.3479,=0.9588,=11.9506,=17.5032,=24.3293,=30.6864,=61.3903,=10.2512,=0.9769,=2.6815,=3.7899,=5.1668,=6.3896,=14.5711,=5.6169,=0.9649,=1.2937,=1.9105,=2.5442,=3.9715,=7.7463,=0.0060,=0.1216,=0.0040,=0.0066,=0.0090,=0.0140,=0.0209,=0.0493,=0.2198,=0.0640,=674
="CN5075",国证信创,2015-02-16,,,=0.1416,=76.3569,=0.4611,=39.3034,=50.0603,=78.5104,=124.3348,=152.0158,=7.3920,=0.7908,=3.0386,=3.5803,=5.2676,=7.4366,=10.9595,=5.9779,=0.8641,=2.8415,=3.7114,=4.4451,=5.6185,=8.6847,=0.0026,=0.1115,=0.0018,=0.0030,=0.0057,=0.0078,=0.0108,=0.0268,=0.0598,=0.0136,=32
="H30535",互联网,2015-01-12,=0.0071,=5535.3000,=0.1415,=43.7552,=0.6887,=14.4753,=21.1814,=36.4578,=48.9065,=67.6316,=6.6936,=0.9666,=1.7453,=2.4476,=3.2857,=4.1065,=9.0569,=3.8790,=0.9526,=1.1519,=1.6628,=2.0128,=2.8974,=5.2637,=0.0071,=0.1649,=0.0048,=0.0074,=0.0108,=0.0121,=0.0190,=0.0359,=0.1165,=0.0168,=29
="000699",科创200,2024-08-20,=0.0001,=1505.7600,=0.1410,=140.0528,=0.0678,=128.9087,=173.1681,=232.5601,=309.7822,=388.1174,=4.2609,=0.6366,=1.9770,=3.0365,=3.9703,=4.8690,=5.6874,=6.2913,=0.5298,=3.3605,=5.1354,=6.1745,=7.4791,=8.4376,=0.0048,=0.4702,=0.0033,=0.0040,=0.0050,=0.0067,=0.0100,=0.0066,=0.0165,=0.0029,=153
="931071",人工智能,2018-11-21,=0.0068,=2581.2100,=0.1394,=51.3539,=0.5923,=30.9003,=39.8478,=48.8231,=57.4406,=77.4016,=8.2438,=0.9093,=2.9559,=3.9097,=4.7617,=5.9622,=11.5305,=4.9498,=0.8975,=2.2000,=2.8087,=3.2237,=4.1325,=9.3591,=0.0063,=0.5000,=0.0041,=0.0054,=0.0063,=0.0086,=0.0135,=0.0409,=0.1450,=0.0239,=1375
="932038",央企科技引领,2022-11-16,=0.0033,=1701.5800,=0.1369,=70.8564,=0.7377,=31.0707,=37.9485,=45.3136,=77.6835,=100.6860,=5.0149,=0.8044,=2.7684,=3.4958,=3.9951,=4.9865,=6.8336,=5.5094,=0.8044,=2.3932,=3.1688,=3.9506,=5.4784,=7.0751,=0.0060,=0.1902,=0.0042,=0.0062,=0.0084,=0.0108,=0.0151,=0.0105,=0.0636,=0.0096,=43
="987016",港股通红利低波,2021-11-18,,,=0.1346,=7.7768,=0.9854,=3.4544,=4.3156,=5.0323,=6.9170,=8.0054,=0.7445,=0.9948,=0.4152,=0.4892,=0.5420,=0.6695,=0.7549,=1.1464,=0.8527,=0.5827,=0.6615,=0.8042,=1.1158,=1.3012,=0.0519,=0.0439,=0.0488,=0.0587,=0.0809,=0.0923,=0.1160,,=0.0893,,=177
="931718",高端造质量成长50,2021-08-25,=-0.0019,=3273.0800,=0.1326,=36.0007,=0.7355,=16.3078,=22.1431,=29.0249,=37.0015,=49.4696,=6.3776,=0.8413,=3.1255,=3.9467,=4.8762,=6.0571,=8.5001,=4.2949,=0.8595,=1.7207,=2.2538,=3.0189,=3.8413,=5.6653,=0.0098,=0.4050,=0.0046,=0.0067,=0.0109,=0.0150,=0.0205,=0.0328,=0.1450,=0.0326,=31
="399326",成长40,2006-01-24,=-0.0177,=7207.6800,=0.1320,=27.2878,=0.4734,=11.4413,=22.5069,=27.6980,=33.2868,=67.8360,=5.7920,=0.7047,=2.3502,=3.7081,=4.7246,=6.5226,=10.3842,=3.4441,=0.6190,=1.6605,=2.3239,=3.0559,=3.9346,=5.1844,=0.0110,=0.6742,=0.0046,=0.0073,=0.0096,=0.0135,=0.0218,=0.0646,=0.2161,=0.0378,=275
="HSBIO",恒生生物科技指数,2019-12-01,=0.0254,=15974.1200,=0.1266,=33.4142,=0.3223,=20.8275,=30.6832,=54.3953,=137.0311,=62737.8398,=3.3634,=0.6295,=1.5084,=2.1615,=2.9306,=4.3655,=6.7821,=1.8893,=0.6989,=0.7434,=1.0993,=1.5414,=2.1295,=3.5303,=0.0101,=0.5450,=0.0037,=0.0061,=0.0096,=0.0133,=0.0198,,=0.1070,,=689
="930719",CS精准医,2015-08-05,=0.0224,=2991.6000,=0.1254,=36.9069,=0.1654,=29.3195,=37.8642,=51.8593,=66.8132,=102.1078,=4.8519,=0.3031,=3.4982,=4.5550,=5.9779,=8.9422,=14.5104,=7.2004,=0.4654,=5.1956,=6.1922,=7.4172,=10.5848,=18.8625,=0.0072,=0.5633,=0.0022,=0.0041,=0.0068,=0.0105,=0.0164,=0.0301,=0.1091,=0.0230,=346
="931785",智选沪深港科技50,2025-06-27,=0.0038,=2681,=0.1241,=42.4672,=0.8191,=31.7791,=35.3798,=37.4540,=41.5066,=55.2390,=4.9646,=0.5904,=3.8679,=4.4193,=4.8489,=5.4448,=6.1942,=3.3005,=0.6621,=2.2695,=2.6323,=3.0339,=3.5042,=4.0650,=0.0057,=0.1570,=0.0046,=0.0071,=0.0077,=0.0090,=0.0100,,,,=12
="931409",SHS创新药,2020-02-20,=0.0244,=2368.6400,=0.1232,=42.5171,=0.6023,=24.9819,=34.6624,=39.7842,=58.8075,=94.9889,=4.6310,=0.6193,=2.3431,=3.2933,=4.1511,=6.3225,=8.9149,=6.7860,=0.8446,=2.2896,=3.2105,=4.0868,=6.5944,=8.2645,=0.0085,=0.5143,=0.0036,=0.0052,=0.0084,=0.0113,=0.0166,,=0.0994,,=323
="1000008",沪深B股,1994-01-10,=0.0080,=285.0500,=0.1230,=40.0700,=0.8903,=7.0835,=12.9417,=17.5058,=31.0895,=97.5837,=0.8616,=0.5493,=0.6594,=0.7810,=0.8435,=1.0149,=1.4976,=0.5603,=0.7270,=0.3777,=0.4474,=0.5016,=0.5825,=1.1545,=0.0387,=0.6132,=0.0157,=0.0281,=0.0359,=0.0437,=0.1455,,,=0.0134,=371
="931994",电网设备主题,2022-10-11,=0.0104,=2832.2200,=0.1226,=31.9691,=0.8544,=15.6741,=20.2245,=23.0901,=29.3983,=44.9431,=3.0592,=0.8491,=1.9713,=2.2957,=2.4688,=2.8509,=4.2080,=2.0611,=0.8555,=1.2895,=1.4794,=1.6159,=1.8543,=2.7882,=0.0119,=0.2869,=0.0088,=0.0111,=0.0134,=0.0164,=0.0189,=0.0214,=0.0975,=0.0200,=310
="399439",国证油气,2014-12-30,=0.0033,=2160.7800,=0.1220,=14.6243,=0.5101,=7.2448,=10.6844,=14.1543,=28.6533,=98.7831,=1.4254,=0.9538,=0.6716,=0.7849,=1.1557,=1.2712,=1.8382,=0.7707,=0.9687,=0.2370,=0.3183,=0.5042,=0.6030,=0.9735,=0.0348,=0.1913,=0.0101,=0.0350,=0.0425,=0.0469,=0.0731,=0.0300,=0.0921,=0.0283,=107
="399374",中盘成长,2010-01-04,=-0.0051,=5118.3100,=0.1196,=28.0458,=0.8437,=12.0664,=16.7038,=22.9694,=27.5771,=34.9289,=3.9365,=0.9311,=1.8942,=2.4100,=3.1265,=3.6319,=4.6865,=2.5519,=0.8384,=0.9013,=1.6610,=2.2043,=2.4826,=3.0491,=0.0124,=0.3781,=0.0084,=0.0109,=0.0145,=0.0210,=0.0349,=0.0366,=0.1248,=0.0238,=204
="HSSCHKY",恒生港股通高股息率指数,2019-11-01,=-0.0088,=2771.4200,=0.1185,=7.7917,=0.9184,=3.8979,=4.9536,=5.9574,=7.2834,=8.4533,=0.7143,=0.8784,=0.4277,=0.5184,=0.5816,=0.6875,=0.8197,=1.2347,=0.9094,=0.5333,=0.6995,=0.8871,=1.1324,=1.3442,=0.0499,=0.0149,=0.0482,=0.0561,=0.0667,=0.0838,=0.1067,,=0.0894,,=505
="000908",300能源,2007-07-02,=0.0009,=2643.6400,=0.1183,=14.6772,=0.6351,=6.9395,=9.4585,=13.0370,=19.4733,=62.7889,=1.5060,=0.9645,=0.7125,=0.8868,=1.1378,=1.2905,=1.8071,=0.8975,=0.9773,=0.3053,=0.3856,=0.5108,=0.6970,=1.0302,=0.0373,=0.1621,=0.0113,=0.0382,=0.0494,=0.0598,=0.0754,=0.0302,=0.1004,=0.0297,=272
=".INX",标普500,1957-03-04,=-0.0028,=7652.8600,=0.1179,=26.3622,=0.6388,=15.6907,=21.8435,=24.3006,=28.6972,=42.9883,=5.5659,=0.9693,=2.4601,=3.2568,=3.9995,=4.8412,=5.7725,=3.5897,=0.9773,=1.5801,=2.1085,=2.4140,=3.0620,=3.6930,=0.0102,=0.0299,=0.0097,=0.0121,=0.0159,=0.0192,=0.0253,,,=0.0468,=9585
="932456",科创创业AI,2025-05-14,=0.0046,=3252.3100,=0.1178,=72.6514,=0,=72.6514,=108.4576,=116.3058,=130.5185,=192.3777,=11.4463,=0.6804,=6.1464,=7.9686,=10.5829,=13.1312,=17.0303,=11.7073,=0.1994,=9.0747,=11.7073,=14.5744,=15.8040,=18.3647,=0.0025,=0.8291,=0.0016,=0.0018,=0.0019,=0.0024,=0.0030,=0.0437,=0.0985,,=81
="000151",上国红利,2012-07-20,=-0.0078,=1701.8400,=0.1140,=8.9678,=0.9868,=4.5075,=5.3657,=6.9897,=7.9322,=10.0345,=0.7925,=0.6091,=0.5268,=0.6189,=0.7506,=0.9630,=1.3272,=1.1014,=0.5423,=0.6026,=0.8953,=1.0750,=1.3017,=1.6854,=0.0409,=0.0305,=0.0346,=0.0444,=0.0513,=0.0650,=0.0754,=0.0218,=0.0803,=0.0258,=235
="399803",工业4.0,2015-02-13,=0.0078,=5984.1800,=0.1125,=38.2903,=0.5398,=19.7294,=27.9595,=36.1500,=46.8487,=61.8732,=4.7821,=0.6012,=2.6645,=3.4308,=4.3466,=5.6549,=8.0266,=2.2017,=0.3559,=1.5023,=2.0108,=2.5144,=3.2185,=4.4565,=0.0089,=0.5043,=0.0032,=0.0062,=0.0088,=0.0123,=0.0202,=0.0258,=0.1072,=0.0218,=489
="931582",数字经济,2020-11-09,=0.0052,=1642.1100,=0.1122,=55.3674,=0.6209,=35.0365,=44.0169,=50.4938,=66.8382,=88.8203,=6.9074,=0.8385,=3.4564,=4.9276,=5.6976,=6.7109,=9.8458,=6.4794,=0.6479,=2.4970,=3.9565,=5.8871,=7.6652,=11.8341,=0.0047,=0.1835,=0.0032,=0.0047,=0.0057,=0.0066,=0.0087,=0.0236,=0.0954,=0.0158,=191
="H11140",香港红利,2009-07-23,=-0.0051,=4054.4400,=0.1104,=7.6835,=0.7961,=3.0693,=4.4494,=5.9820,=7.7106,=13.9623,=0.7227,=0.6400,=0.3833,=0.5103,=0.6294,=0.8661,=1.1652,=1.2120,=0.7138,=0.5431,=0.7455,=0.9723,=1.3246,=2.1349,=0.0510,=0.1171,=0.0382,=0.0556,=0.0633,=0.0876,=0.1281,,=0.0912,,=52
="930965",HKC医药C,2017-06-23,=0.0269,=3595.6400,=0.1095,=38.8097,=0.5453,=18.1989,=25.7879,=33.5180,=71.9620,=6384.2329,=2.7398,=0.5182,=1.4216,=1.9500,=2.6919,=3.6855,=6.9841,=1.6016,=0.7535,=0.7160,=1.0324,=1.3345,=1.7180,=3.7092,=0.0103,=0.4132,=0.0038,=0.0079,=0.0109,=0.0142,=0.0248,,=0.0645,,=162
="930599",中证高装,2015-03-02,=-0.0018,=9309.7000,=0.1045,=41.4977,=0.7237,=19.5438,=27.7467,=34.6585,=45.2174,=65.7817,=4.3170,=0.9501,=1.8509,=2.5592,=3.1126,=3.7574,=5.5770,=2.4164,=0.7934,=1.2322,=1.6106,=1.9489,=2.4244,=3.1551,=0.0088,=0.4474,=0.0049,=0.0067,=0.0092,=0.0120,=0.0171,=0.0227,=0.0865,=0.0192,=122
="399991",一带一路,2015-02-16,=-0.0013,=3273.9400,=0.1045,=17.4958,=0.6961,=9.4567,=11.6727,=14.1012,=19.2432,=34.5905,=1.6178,=0.9538,=1.0035,=1.1547,=1.2474,=1.4536,=1.7874,=0.6919,=0.9254,=0.3598,=0.4252,=0.4777,=0.6192,=0.7793,=0.0234,=0.2936,=0.0109,=0.0218,=0.0280,=0.0340,=0.0441,=0.0240,=0.0795,=0.0217,=585
="930758",凤凰50,2018-11-21,=-0.0035,=8796.4200,=0.1042,=14.3800,=0.5776,=8.6050,=10.8289,=13.6089,=15.7289,=22.7753,=1.9515,=0.7205,=1.0496,=1.4451,=1.6750,=2.0739,=3.0708,=2.2444,=0.9139,=0.3622,=0.7535,=1.3265,=1.9129,=3.4064,=0.0317,=0.8523,=0.0097,=0.0229,=0.0282,=0.0307,=0.0478,=0.0281,=0.1135,=0.0262,=71
="000962",中证中游,2010-04-16,=-0.0035,=5186.9400,=0.1006,=32.0991,=0.8680,=12.7529,=17.3536,=20.1642,=27.2879,=43.3218,=3.2423,=0.9674,=1.5782,=1.9009,=2.2509,=2.6130,=4.0998,=1.5871,=0.9658,=0.6672,=0.8352,=0.9909,=1.1434,=2.0187,=0.0113,=0.2367,=0.0081,=0.0108,=0.0151,=0.0183,=0.0221,=0.0222,=0.0826,=0.0192,=17
="930967",港股通信息C,2017-06-23,=0.0249,=5081.0100,=0.1005,=59.3198,=0.9625,=9.7009,=25.9160,=35.1193,=45.6150,=82.6684,=3.8471,=0.5073,=1.0827,=1.5123,=3.7966,=5.9158,=9.2789,=1.6351,=0.4887,=0.3926,=0.6357,=1.7544,=4.3815,=6.3504,=0.0041,=0.0918,=0.0029,=0.0047,=0.0058,=0.0110,=0.0212,,=0.0915,,=17
="399970",移动互联,2014-05-05,=0.0042,=4905.2300,=0.0996,=43.3498,=0.6371,=21.2604,=32.0602,=40.2094,=49.3198,=64.0807,=4.8772,=0.6812,=2.3944,=3.2977,=4.0649,=5.7108,=7.9573,=2.6560,=0.5600,=1.5790,=2.0679,=2.5539,=3.2493,=4.6665,=0.0074,=0.3843,=0.0043,=0.0058,=0.0082,=0.0107,=0.0143,=0.0246,=0.0808,=0.0175,=473
="930713",CS人工智,2015-07-31,=0.0058,=5786.4500,=0.0955,=49.1840,=0.3254,=24.8131,=43.8200,=53.2547,=62.3941,=90.1869,=7.5828,=0.9563,=2.8384,=3.9100,=4.7027,=5.4124,=10.4087,=4.5241,=0.8664,=2.3148,=3.1674,=3.7880,=4.3096,=6.3979,=0.0066,=0.6124,=0.0041,=0.0051,=0.0061,=0.0078,=0.0120,=0.0330,=0.1245,=0.0172,=1082
="930820",CS高端制,2016-05-11,=0,=9271.9600,=0.0951,=43.5031,=0.7942,=21.5994,=28.9923,=36.5742,=43.7577,=58.8118,=4.1415,=0.8742,=2.0597,=2.7148,=3.1883,=3.9182,=5.2414,=2.6359,=0.8672,=1.1980,=1.7166,=2.0514,=2.4974,=3.3599,=0.0086,=0.2874,=0.0055,=0.0081,=0.0098,=0.0124,=0.0171,=0.0220,=0.0816,=0.0186,=318
="931235",中证电信,2022-07-21,=0.0039,=2967.8900,=0.0945,=29.8459,=0.9053,=15.5242,=18.8195,=21.6044,=26.5949,=36.3009,=2.8182,=0.9245,=0.8741,=1.6424,=1.9453,=2.3754,=3.4857,=2.6560,=0.9295,=0.6427,=1.4127,=1.7298,=2.1941,=3.2153,=0.0203,=0.1319,=0.0135,=0.0242,=0.0301,=0.0336,=0.0573,=0.0216,=0.0917,=0.0212,=63
="000015",红利指数,2005-01-04,=-0.0083,=3322.3000,=0.0937,=8.9973,=0.9773,=4.6646,=5.5108,=7.0875,=8.1074,=10.4439,=0.8641,=0.6466,=0.5525,=0.6398,=0.7654,=1.0137,=1.3875,=1.5094,=0.9695,=0.7277,=0.8913,=1.1479,=1.3530,=1.6890,=0.0391,=0.0627,=0.0330,=0.0427,=0.0514,=0.0644,=0.0757,=0.0233,=0.0885,=0.0212,=14276
="930939",500质量,2018-11-21,=-0.0034,=23187.2500,=0.0923,=19.1886,=0.7853,=10.4098,=14.0200,=16.1527,=19.4815,=27.8330,=2.2378,=0.5074,=1.6614,=2.0720,=2.2361,=2.4792,=3.9191,=2.0250,=0.9113,=0.9583,=1.1991,=1.4627,=1.8356,=2.9319,=0.0176,=0.3305,=0.0117,=0.0164,=0.0196,=0.0252,=0.0319,=0.0308,=0.1144,=0.0291,=467
="931025",港股通地产,2017-11-06,=-0.0080,=1733.3700,=0.0903,=-86.8074,=0.6557,=1.3998,=5.5059,=8.3721,=-3.1673,=7833.8201,=0.4959,=0.5042,=0.0757,=0.2147,=0.4908,=0.8748,=1.4256,=0.9042,=0.8391,=0.0508,=0.1445,=0.5486,=0.8796,=1.5776,=0.0370,=0.3569,=0,=0.0290,=0.0424,=0.0689,=0.2175,,=-0.0074,,=13
="000066",上证商品,2010-04-30,=-0.0156,=3845.3900,=0.0902,=15.6725,=0.5740,=7.9120,=11.1675,=15.0085,=22.6279,=53.3084,=1.8142,=0.9645,=0.9403,=1.2112,=1.3410,=1.5070,=2.2405,=1.0174,=0.9641,=0.4082,=0.5256,=0.6498,=0.7822,=1.2223,=0.0309,=0.2957,=0.0093,=0.0292,=0.0357,=0.0466,=0.0603,=0.0347,=0.1091,=0.0303,=87
="930914",港股通高股息,2016-11-25,=-0.0063,=5354.5300,=0.0888,=8.3289,=0.8734,=3.4280,=4.4360,=5.9789,=7.8690,=11.1979,=0.7898,=0.7476,=0.3979,=0.5038,=0.6273,=0.8509,=1.1764,=1.2924,=0.8317,=0.5144,=0.7096,=0.9260,=1.2607,=2.2126,=0.0487,=0.0558,=0.0387,=0.0547,=0.0656,=0.0863,=0.1194,,=0.0918,,=766
="930712",CS物联网,2015-07-31,=0.0104,=4534.3700,=0.0872,=31.5375,=0.4619,=21.9217,=27.4652,=32.4110,=37.1899,=50.1215,=4.7287,=0.7501,=2.7515,=3.4472,=4.0807,=4.9792,=7.1882,=2.4540,=0.7864,=1.2084,=1.7388,=2.0107,=2.5506,=3.5102,=0.0139,=0.7942,=0.0070,=0.0089,=0.0113,=0.0139,=0.0190,=0.0346,=0.1340,=0.0303,=168
="H30106",H300金融服务,2013-05-21,=0.0008,=1643.4600,=0.0860,=7.1191,=0.5564,=4.0175,=5.3642,=7.0021,=7.7688,=11.1922,=0.7723,=0.5770,=0.4470,=0.5777,=0.7401,=0.9076,=1.2489,=2.0227,=0.8844,=0.8557,=1.1816,=1.4768,=1.9197,=2.3593,=0.0435,=0.2165,=0.0288,=0.0433,=0.0472,=0.0664,=0.0918,,=0.1014,,=24
="931186",中证科技,2019-05-30,=0.0017,=7264.8300,=0.0853,=33.9775,=0.3694,=19.1938,=30.4465,=36.2889,=46.5002,=73.9401,=4.6047,=0.5139,=2.6301,=3.6246,=4.5782,=6.3372,=8.1242,=2.7865,=0.4952,=1.4264,=2.0964,=2.7962,=4.5262,=6.0737,=0.0115,=0.7382,=0.0037,=0.0054,=0.0085,=0.0128,=0.0201,=0.0291,=0.1226,=0.0174,=962
="399364",消费100,2009-08-03,=0.0039,=11711.4300,=0.0850,=35.3917,=0.8092,=15.8540,=22.7194,=26.8921,=35.0588,=49.3766,=4.9508,=0.8046,=2.6561,=3.2996,=3.7784,=4.8668,=7.3266,=2.4530,=0.7778,=1.3127,=1.6771,=1.9225,=2.5443,=4.2956,=0.0123,=0.2580,=0.0070,=0.0116,=0.0159,=0.0191,=0.0241,=0.0306,=0.1191,=0.0345,=318
="932596",港股通红利低波,2016-02-04,=-0.0029,=4203.4200,=0.0837,=8.1281,=0.6360,=7.1792,=7.7917,=8.0128,=8.2575,=8.5745,=0.7506,=0.6930,=0.6528,=0.6961,=0.7297,=0.7559,=0.7956,=1.3967,=0.9649,=1.2161,=1.2848,=1.3322,=1.3652,=1.4305,=0.0479,=0.0351,=0.0473,=0.0492,=0.0524,=0.0547,=0.0579,,=0.0894,,=102
="HSMCHYI",恒生中国内地企业高股息率指数,2019-09-01,=0.0006,=3013.5800,=0.0830,=7.5250,=0.9390,=3.7550,=5.0567,=5.8612,=6.8952,=7.9027,=0.7588,=0.8750,=0.4590,=0.5796,=0.6427,=0.7409,=0.8175,=1.1386,=0.9244,=0.5101,=0.6891,=0.8026,=0.9307,=1.2126,=0.0492,=0.0238,=0.0478,=0.0534,=0.0619,=0.0791,=0.1052,,=0.0995,,=285
="932153",港股通价值策略,2025-04-30,=-0.0005,=1135.4800,=0.0806,=9.6988,=0.2215,=8.1696,=9.5880,=10.0720,=10.3658,=10.9237,=0.8305,=0.2769,=0.7012,=0.8177,=0.8742,=0.8998,=0.9365,=1,=0.3200,=0.8168,=0.9643,=1.0237,=1.0622,=1.1126,=0.0428,=0.5077,=0.0397,=0.0413,=0.0428,=0.0446,=0.0538,,=0.0812,,=16
="HSCSOE",恒生中国央企指数,2023-01-01,=-0.0002,=3881.7400,=0.0798,=8.1868,=0.9095,=4.9972,=5.5808,=6.2599,=7.7965,=8.5526,=0.7833,=0.8916,=0.5264,=0.5944,=0.6387,=0.7625,=0.8375,=0.9687,=0.9017,=0.5404,=0.5970,=0.6795,=0.9149,=1.0234,=0.0465,=0.0324,=0.0450,=0.0516,=0.0680,=0.0772,=0.0871,,=0.0956,,=118
="399291",创精选88,2019-11-06,=0.0116,=4902,=0.0730,=48.4746,=0.3360,=32.8940,=42.3158,=54.1445,=65.0516,=106.4385,=3.1998,=0.3570,=1.8895,=2.8606,=3.4028,=3.9157,=4.9331,=3.4720,=0.6702,=1.9655,=2.6304,=3.1260,=4.2806,=5.5728,=0.0098,=0.8237,=0.0042,=0.0052,=0.0072,=0.0094,=0.0134,=0.0173,=0.0556,=0.0131,=40
="931238",SSH黄金股票,2017-10-17,=-0.0316,=3486.1900,=0.0714,=16.8624,=0.1020,=13.5435,=18.3138,=23.2909,=35.6098,=92.1543,=3.7335,=0.9431,=1.4294,=1.8192,=2.0220,=2.3773,=6.0579,=1.2045,=0.9483,=0.3659,=0.4666,=0.5542,=0.6742,=1.9529,=0.0209,=0.7977,=0.0052,=0.0086,=0.0127,=0.0209,=0.0325,,=0.1869,,=363
="H30597",新材料,2015-02-13,=-0.0149,=4441.2400,=0.0706,=32.7634,=0.4816,=14.0729,=21.7626,=33.2746,=43.7584,=70.6085,=3.6610,=0.4936,=2.1817,=2.8826,=3.6695,=5.2685,=8.9168,=2.4529,=0.3645,=1.2938,=2.0086,=2.7346,=3.7927,=7.1680,=0.0137,=0.7410,=0.0037,=0.0059,=0.0108,=0.0146,=0.0237,=0.0294,=0.0908,=0.0200,=322
="931468",红利质量,2020-05-21,=0.0044,=33688.5900,=0.0692,=16.5955,=0.3086,=12.5562,=16.1212,=18.6296,=21.8312,=36.4689,=2.9368,=0.2447,=2.1523,=2.8529,=3.7283,=4.7003,=8.5636,=3.4444,=0.6480,=1.9811,=2.3506,=2.9816,=3.9445,=5.8829,=0.0303,=0.6105,=0.0102,=0.0191,=0.0289,=0.0333,=0.0407,=0.0381,=0.1637,=0.0476,=1199
="HSSCHYS",恒生港股通红利优选指数,2023-06-01,=-0.0039,=4961.3600,=0.0683,=7.9317,=0.8028,=4.2457,=4.7553,=5.8706,=7.8986,=9.0746,=0.7457,=0.8342,=0.4429,=0.5020,=0.5920,=0.7380,=0.8283,=1.2207,=0.9874,=0.6036,=0.6785,=0.8862,=1.0624,=1.2508,=0.0572,=0.1093,=0.0497,=0.0605,=0.0712,=0.0877,=0.0947,,=0.0899,,=90
="399276",创科技,2020-10-26,=-0.0051,=8628.9700,=0.0648,=33.8716,=0.3997,=20.4624,=26.5158,=37.8327,=56.8410,=84.1667,=6.3685,=0.6430,=3.5855,=4.4435,=5.8600,=8.4427,=12.0896,=4.9519,=0.5156,=2.4145,=3.3706,=4.8565,=8.5173,=12.2359,=0.0114,=0.6568,=0.0023,=0.0035,=0.0089,=0.0161,=0.0221,=0.0430,=0.1724,=0.0380,=12
="000805",A股资源,2012-01-06,=-0.0190,=7546.2900,=0.0643,=16.2862,=0.5639,=7.9265,=11.4609,=15.5702,=23.3982,=73.5792,=1.9401,=0.9650,=0.9200,=1.1959,=1.3697,=1.5294,=2.3735,=1.0703,=0.9629,=0.3865,=0.5298,=0.6350,=0.7868,=1.2754,=0.0290,=0.2564,=0.0090,=0.0281,=0.0342,=0.0454,=0.0580,=0.0371,=0.1115,=0.0305,=13
="931187",科技100,2019-05-30,=0.0045,=4907.8400,=0.0636,=29.8849,=0.6875,=18.1467,=22.2129,=26.2895,=35.0164,=49.5031,=3.8352,=0.6750,=2.3703,=2.7945,=3.3637,=4.2482,=5.4633,=2.6024,=0.7422,=1.2579,=1.6398,=2.0782,=2.7181,=4.1304,=0.0125,=0.5851,=0.0052,=0.0083,=0.0119,=0.0140,=0.0184,=0.0201,=0.0911,=0.0217,=859
="931403",品牌工程,2020-01-14,=-0.0005,=2099.1100,=0.0632,=25.5984,=0.3027,=18.7149,=24.0687,=28.9727,=43.5410,=69.9724,=3.9353,=0.1454,=3.2380,=4.0168,=4.8951,=7.6626,=10.9810,=3.0505,=0.2790,=2.2604,=2.9340,=3.3526,=4.7739,=7.2001,=0.0223,=0.8190,=0.0056,=0.0085,=0.0154,=0.0221,=0.0278,=0.0453,=0.1433,=0.0461,=125
="HSHCI",恒生医疗保健指数,2015-08-17,=0.0253,=3886.8400,=0.0615,=29.7789,=0.4076,=15.9973,=23.3820,=33.4256,=116.8549,=143059.6617,=2.8276,=0.5782,=1.4805,=2.2594,=2.6664,=3.4864,=7.0432,=1.7851,=0.7708,=0.8149,=1.0324,=1.3172,=1.8605,=3.5391,=0.0115,=0.5209,=0.0038,=0.0082,=0.0113,=0.0148,=0.0248,,=0.0980,,=1745
="399006",创业板指,2010-06-01,=-0.0100,=3397.5200,=0.0607,=38.6788,=0.3419,=22.8885,=32.3387,=41.9973,=55.2938,=79.6826,=5.7894,=0.6969,=3.0035,=4.0151,=4.8501,=6.5359,=9.5804,=4.1434,=0.3674,=2.3312,=3.4103,=4.5109,=6.1214,=8.4805,=0.0093,=0.7711,=0.0032,=0.0049,=0.0065,=0.0098,=0.0180,=0.0369,=0.1330,=0.0313,=16824
="931142",东证竞争,2019-03-20,=-0.0035,=1972.3900,=0.0600,=18.3886,=0.8825,=9.8569,=11.9438,=14.0676,=16.2237,=27.8877,=2.9170,=0.8259,=1.5408,=1.7332,=2.0750,=2.6419,=4.6703,=2.8162,=0.8720,=0.9384,=1.2778,=1.7360,=2.3372,=3.1903,=0.0243,=0.3714,=0.0120,=0.0223,=0.0262,=0.0329,=0.0399,=0.0415,=0.1629,=0.0397,=219
="000068",上证资源,2010-05-28,=-0.0144,=4265.5600,=0.0594,=15.9072,=0.5584,=7.8012,=11.1450,=15.0988,=22.5312,=73.1997,=1.8375,=0.9682,=0.8674,=1.1479,=1.3176,=1.4929,=2.2515,=1.0126,=0.9637,=0.3742,=0.5012,=0.6088,=0.7766,=1.2220,=0.0304,=0.2148,=0.0094,=0.0299,=0.0360,=0.0471,=0.0635,=0.0351,=0.1097,=0.0307,=313
="930716",CS物流,2015-07-31,=-0.0059,=1243.0600,=0.0586,=17.1138,=0.4351,=6.6312,=13.0083,=18.2251,=33.5169,=505.8138,=1.3022,=0.2161,=1.1511,=1.2954,=1.9606,=2.5421,=3.8580,=0.4900,=0.6656,=0.2137,=0.3289,=0.4559,=0.6484,=1.0427,=0.0316,=0.6891,=0.0055,=0.0092,=0.0125,=0.0374,=0.0692,=0.0197,=0.0542,=0.0209,=248
="931155",300质量成长,2019-04-22,=-0.0080,=10695.8100,=0.0577,=12.7936,=0.3754,=7.3805,=10.8149,=13.5798,=15.2289,=31.0699,=1.9796,=0.3395,=1.1055,=1.6664,=2.2416,=2.8064,=5.3844,=3.0470,=0.9091,=1.3218,=1.7764,=2.1921,=2.6414,=3.8395,=0.0256,=0.5354,=0.0092,=0.0212,=0.0253,=0.0312,=0.0464,=0.0331,=0.1462,=0.0366,=80
="HSCCI",恒生香港中资企业指数,1997-06-16,=-0.0044,=4229.0700,=0.0532,=9.0386,=0.5449,=4.8859,=6.8728,=8.7681,=11.4090,=16.1208,=0.8358,=0.4417,=0.5567,=0.7305,=0.8604,=1.1503,=1.3660,=0.9557,=0.4535,=0.5555,=0.7802,=0.9777,=1.3436,=1.5178,=0.0549,=0.5396,=0.0276,=0.0363,=0.0535,=0.0664,=0.1028,,=0.0951,,=36
="399293",创业大盘,2019-04-18,=-0.0102,=6809.2000,=0.0508,=34.7857,=0.3207,=20.6573,=29.6245,=41.1385,=54.0458,=71.9327,=6.5384,=0.5533,=3.4452,=4.7371,=6.2757,=9.1652,=13.4901,=4.6451,=0.3207,=2.8408,=4.0392,=5.6605,=9.8577,=14.8309,=0.0098,=0.6804,=0.0029,=0.0046,=0.0073,=0.0120,=0.0196,=0.0411,=0.1554,=0.0377,=182
="399673",创业板50,2014-06-18,=-0.0125,=3559.8400,=0.0500,=33.3331,=0.2858,=20.6075,=30.6784,=42.0457,=57.2675,=106.7499,=6.3739,=0.6796,=3.1473,=4.3234,=5.2416,=7.5532,=11.7288,=4.8344,=0.3151,=2.6907,=4.1383,=5.4781,=7.7414,=13.3154,=0.0095,=0.8082,=0.0021,=0.0036,=0.0050,=0.0095,=0.0190,=0.0447,=0.1569,=0.0355,=5624
="950580",上证580,2025-06-16,=0.0049,=2057.8000,=0.0493,=53.8517,=0.0514,=50.4504,=60.0309,=67.5762,=71.4103,=79.6458,=2.3126,=0.3767,=1.8567,=2.2385,=2.3483,=2.6172,=2.8840,=1.7432,=0.2055,=1.5076,=1.7367,=1.8970,=1.9799,=2.1496,=0.0097,=0.7295,=0.0076,=0.0085,=0.0094,=0.0100,=0.0116,=0.0127,=0.0354,,=10
="H11146",港股通内地金融,2010-06-02,=-0.0015,=1151.8400,=0.0465,=6.1391,=0.5345,=3.2759,=4.5177,=6.0399,=6.7500,=9.2347,=0.6341,=0.4420,=0.3797,=0.4938,=0.6584,=0.8749,=1.1859,=1.5974,=0.7932,=0.6692,=0.9478,=1.3187,=1.6008,=2.1885,=0.0466,=0.3483,=0.0302,=0.0445,=0.0500,=0.0726,=0.0994,,=0.0970,,=48
="000150",380红利,2012-07-20,=-0.0094,=12093.0900,=0.0463,=15.2104,=0.7720,=5.2545,=8.5513,=12.0903,=15.9413,=19.8070,=1.0655,=0.3204,=0.6172,=0.8678,=1.3413,=1.6417,=2.2090,=0.4953,=0.4709,=0.2775,=0.3623,=0.5300,=1.4871,=2.3204,=0.0428,=0.4462,=0.0247,=0.0353,=0.0447,=0.0581,=0.0734,=0.0206,=0.0377,=0.0185,=44
="931590",500成长创新,2020-11-09,=-0.0012,=28376.1000,=0.0449,=36.0460,=0.9645,=14.5054,=17.8157,=20.3956,=27.7511,=46.8480,=4.3282,=0.9660,=1.6442,=2.3265,=2.6662,=3.3186,=5.3919,=4.4553,=0.9660,=1.3106,=1.9865,=2.2866,=2.7534,=5.5640,=0.0093,=0.0348,=0.0074,=0.0127,=0.0169,=0.0210,=0.0252,=0.0292,=0.1277,=0.0317,=89
="930726",CS生医,2015-08-05,=0.0182,=2546.9400,=0.0429,=50.9972,=0.5608,=24.4874,=31.9329,=48.5520,=61.4634,=107.1179,=4.6295,=0.2573,=3.1768,=4.4038,=6.7474,=8.5259,=14.2976,=8.1295,=0.3649,=4.8871,=6.8186,=9.6197,=12.5690,=19.9452,=0.0083,=0.5839,=0.0026,=0.0039,=0.0059,=0.0114,=0.0204,=0.0287,=0.0766,=0.0261,=847
="931722",国新港股通央企红利,2023-09-13,=-0.0040,=1372.5200,=0.0415,=9.8096,=0.8564,=5.5040,=6.7267,=7.8232,=9.5334,=10.8173,=0.8819,=0.7169,=0.6213,=0.7414,=0.8293,=0.9073,=1.0298,=0.6053,=0.7901,=0.3100,=0.3845,=0.4860,=0.6095,=0.6918,=0.0517,=0.0732,=0.0469,=0.0568,=0.0615,=0.0685,=0.0823,,=0.0875,,=377
="000009",上证380,2010-11-29,=0.0004,=6854.4500,=0.0404,=28.9075,=0.8804,=11.6192,=14.6240,=18.0435,=25.1263,=39.7002,=2.2075,=0.7414,=1.2909,=1.6341,=1.9524,=2.3497,=2.7906,=1.4126,=0.7649,=0.7850,=0.9356,=1.0814,=1.4888,=1.8994,=0.0159,=0.2396,=0.0086,=0.0153,=0.0183,=0.0251,=0.0358,=0.0195,=0.0662,=0.0205,=866
="931469",云计算50,2020-06-12,=0.0008,=3852.2200,=0.0400,=54.0542,=0.0678,=43.1726,=58.4572,=68.7047,=81.7233,=130.8911,=8.5480,=0.9269,=3.0031,=3.8873,=5.1306,=6.4029,=11.7205,=4.7111,=0.8883,=2.2186,=2.8815,=3.5401,=4.3148,=6.4913,=0.0032,=0.1596,=0.0021,=0.0033,=0.0042,=0.0056,=0.0085,=0.0385,=0.1212,=0.0175,=66
="931067",绩优策略,2018-02-14,=-0.0103,=7908.2700,=0.0397,=18.0209,=0.4269,=10.5807,=14.8029,=18.7213,=26.7668,=44.0015,=5.0631,=0.5024,=3.5566,=4.2968,=5.0489,=7.3943,=11.8571,=2.9135,=0.5208,=2.1909,=2.5309,=2.8877,=4.8267,=8.6201,=0.0211,=0.4937,=0.0082,=0.0136,=0.0213,=0.0296,=0.0455,=0.0562,=0.2359,=0.0578,=28
="399012",创业300,2013-01-07,=-0.0053,=4686.5200,=0.0388,=42.5114,=0.3394,=26.6250,=38.0630,=47.3588,=64.5540,=93.5585,=4.9680,=0.6705,=2.5798,=3.6214,=4.3426,=5.6074,=7.5462,=3.8683,=0.3806,=2.2146,=3.3208,=4.2252,=5.8908,=7.7193,=0.0091,=0.7984,=0.0035,=0.0046,=0.0061,=0.0091,=0.0164,=0.0308,=0.1020,=0.0249,=3
="399612",中创100,2011-02-28,=-0.0054,=2865.7100,=0.0381,=30.7773,=0.4788,=18.0203,=24.5371,=31.1413,=39.8478,=52.6199,=4.2394,=0.5307,=2.5576,=3.3599,=4.1932,=5.0805,=7.4671,=2.7555,=0.3806,=1.6155,=2.2648,=3.0038,=3.8797,=5.8630,=0.0116,=0.6849,=0.0050,=0.0075,=0.0098,=0.0137,=0.0203,=0.0320,=0.1210,=0.0297,=158
="399441",生物医药,2015-01-20,=0.0297,=2227.3900,=0.0380,=48.5477,=0.5188,=21.8350,=32.3563,=47.7085,=62.9211,=119.0737,=3.5665,=0.2355,=2.3073,=3.3267,=6.2503,=7.7529,=13.6606,=6.6648,=0.3014,=3.6424,=5.8657,=9.1027,=13.6935,=21.5399,=0.0101,=0.7534,=0.0024,=0.0041,=0.0064,=0.0108,=0.0164,=0.0194,=0.0565,=0.0192,=1694
="399376",小盘成长,2010-01-04,=-0.0042,=6590.0600,=0.0376,=29.3218,=0.6878,=14.4007,=20.2318,=25.5978,=32.3404,=60.1410,=3.2401,=0.8342,=1.6246,=2.0607,=2.3694,=3.1492,=3.9108,=1.8830,=0.7695,=0.7224,=1.0640,=1.2045,=1.9384,=3.3081,=0.0135,=0.5435,=0.0062,=0.0107,=0.0132,=0.0171,=0.0246,=0.0271,=0.1002,=0.0195,=288
="H30463",沪港深500医药,2014-11-28,=0.0203,=8053.4200,=0.0368,=33.9889,=0.4103,=23.3470,=31.0222,=35.5816,=42.6572,=94.1690,=3.6622,=0.2569,=2.7545,=3.5141,=4.4149,=5.5958,=10.0878,=3.5493,=0.6213,=1.9470,=2.8257,=3.2973,=4.0585,=9.3489,=0.0122,=0.7909,=0.0038,=0.0069,=0.0089,=0.0124,=0.0194,,=0.0979,,=42
="932039",央企股东回报,2022-11-16,=0.0031,=1643.8000,=0.0359,=13.1866,=0.9388,=8.0198,=9.7294,=11.0588,=12.0794,=13.8005,=1.2651,=0.9343,=0.8847,=1.0154,=1.1155,=1.1811,=1.4098,=0.8225,=0.9354,=0.3642,=0.4268,=0.5328,=0.6859,=0.8821,=0.0402,=0.0590,=0.0383,=0.0419,=0.0447,=0.0472,=0.0553,=0.0235,=0.0905,=0.0215,=135
="399996",智能家居,2014-09-17,=0.0133,=4760.8100,=0.0356,=32.2697,=0.7212,=17.5405,=23.3761,=27.7580,=33.7975,=47.8369,=4.2241,=0.8544,=2.2523,=2.8549,=3.4652,=4.1087,=5.3919,=2.1202,=0.8095,=1.0942,=1.4673,=1.7629,=2.1057,=2.7965,=0.0141,=0.4899,=0.0087,=0.0108,=0.0142,=0.0175,=0.0235,=0.0273,=0.1118,=0.0260,=211
="399088",深创100,2020-02-18,=-0.0054,=5219.9200,=0.0341,=33.2551,=0.6873,=15.3025,=22.0749,=27.3062,=38.6093,=56.8187,=4.8590,=0.6707,=2.2889,=3.3097,=4.1116,=5.3826,=6.8856,=3.2329,=0.6780,=1.4223,=1.9839,=2.5271,=3.7496,=5.1281,=0.0102,=0.2961,=0.0058,=0.0088,=0.0129,=0.0163,=0.0258,=0.0356,=0.1522,=0.0358,=74
="399315",巨潮中盘,2005-02-03,=-0.0006,=4918.9500,=0.0335,=38.5544,=0.9134,=14.3715,=18.4227,=22.9154,=29.8424,=49.3940,=2.5677,=0.7868,=1.5252,=1.8923,=2.1501,=2.5820,=3.0245,=1.9778,=0.9781,=0.8408,=1.2254,=1.4278,=1.6511,=2.3572,=0.0129,=0.3353,=0.0082,=0.0119,=0.0158,=0.0221,=0.0288,=0.0239,=0.0707,=0.0202,=21
="930938",500成长估值,2018-12-04,=-0.0059,=4792.4100,=0.0334,=21.9148,=0.8884,=9.4780,=13.1218,=16.8691,=20.0207,=30.3577,=2.5067,=0.9083,=1.4489,=1.8737,=2.1301,=2.3114,=3.6765,=2.1040,=0.9227,=0.6916,=0.9075,=1.1796,=1.6287,=2.5224,=0.0163,=0.2618,=0.0092,=0.0156,=0.0187,=0.0218,=0.0299,=0.0254,=0.1028,=0.0163,=74
="000905",中证500,2007-01-15,=-0.0008,=7710.9400,=0.0329,=34.1308,=0.8371,=15.7028,=21.2812,=25.5686,=33.2821,=48.6069,=2.4196,=0.7971,=1.3824,=1.7164,=1.9211,=2.4304,=3.0099,=1.6771,=0.8239,=0.8118,=1.0305,=1.1724,=1.6058,=2.2566,=0.0132,=0.3612,=0.0064,=0.0116,=0.0141,=0.0185,=0.0237,=0.0210,=0.0620,=0.0169,=38428
="931152",CS创新药,2019-04-22,=0.0207,=1954.9700,=0.0321,=45.0169,=0.5634,=27.6044,=36.8130,=43.3907,=52.8021,=74.6844,=4.1259,=0.4820,=2.5551,=3.3458,=4.1847,=5.9323,=8.7449,=5.8564,=0.8277,=2.2436,=2.9208,=3.4486,=5.7265,=9.4897,=0.0098,=0.7149,=0.0040,=0.0058,=0.0086,=0.0104,=0.0150,=0.0271,=0.0786,=0.0224,=1973
="399993",CSWD生科,2015-05-08,=0.0198,=2689.7300,=0.0320,=86.3269,=0.9530,=31.0960,=44.1993,=56.6512,=74.4911,=122.8633,=3.9413,=0.2944,=2.5928,=3.6121,=5.9629,=7.5793,=15.2283,=7.7520,=0.3786,=4.8204,=6.7135,=8.9120,=14.0752,=21.1379,=0.0090,=0.6775,=0.0023,=0.0039,=0.0064,=0.0104,=0.0144,=0.0163,=0.0356,=0.0147,=68
="931132",诚通央企红利,2023-05-04,=0.0009,=1672.0200,=0.0304,=14.2109,=0.9316,=9.0905,=10.6398,=11.9887,=13.1310,=15.2313,=1.3421,=0.9179,=0.9482,=1.0951,=1.1851,=1.2510,=1.5338,=0.8006,=0.9192,=0.3626,=0.4256,=0.5681,=0.7106,=0.8835,=0.0392,=0.0746,=0.0374,=0.0406,=0.0439,=0.0456,=0.0498,=0.0249,=0.0916,=0.0215,=42
="950161",科创新药,2024-08-23,=0.0159,=1264.3800,=0.0294,=86.8921,=0,=86.8921,=371.3164,=-155.1283,=-91.9825,=1578.9342,=8.8449,=0.4691,=4.9324,=6.9111,=9.0186,=10.3567,=12.9042,=11.2555,=0.3045,=8.4204,=10.2222,=12.3657,=14.1713,=17.6998,=0.0013,=0.4918,=0.0009,=0.0011,=0.0013,=0.0018,=0.0023,=0.0059,=0.0403,=-0.0091,=51
="000841",800医药,2012-12-21,=0.0176,=8603.3000,=0.0293,=34.6777,=0.6730,=21.4494,=28.0346,=32.2227,=37.6596,=58.1462,=3.4977,=0.3625,=2.4193,=3.1867,=3.7619,=4.3577,=6.5122,=4.4070,=0.8202,=1.7815,=2.8895,=3.4449,=4.3451,=6.1565,=0.0153,=0.8668,=0.0064,=0.0084,=0.0102,=0.0139,=0.0210,=0.0288,=0.0871,=0.0293,=591
="1000007",创业板全指,2010-05-01,=0.0012,=4023.2400,=0.0286,=59.6373,=0.4619,=33.8134,=48.2400,=60.9754,=100.0107,=334.2333,=4.3666,=0.6078,=2.3083,=3.3593,=4.0479,=5.1437,=6.2717,=3.7823,=0.4054,=2.1439,=3.2922,=4.0794,=5.5172,=8.1842,=0.0080,=0.7918,=0.0036,=0.0046,=0.0061,=0.0081,=0.0148,=0.0212,=0.0638,=0.0178,=1936
="399625",中创500,2011-08-15,=-0.0015,=2502.9400,=0.0272,=34.8623,=0.4598,=20.4615,=28.9847,=35.6529,=40.7157,=52.5750,=3.6318,=0.5410,=2.1192,=2.8827,=3.5454,=4.2863,=5.2507,=2.5869,=0.4829,=1.4713,=2.0764,=2.6187,=3.4183,=4.2541,=0.0110,=0.7019,=0.0057,=0.0072,=0.0093,=0.0124,=0.0196,=0.0265,=0.0951,=0.0239,=165
="930846",300SNLV,2016-06-24,=-0.0003,=6792.6600,=0.0269,=10.9440,=0.8495,=7.7900,=9.2103,=10.1583,=10.7748,=12.6275,=1.0469,=0.2573,=0.8340,=1.0342,=1.0899,=1.2156,=1.5027,=1.2974,=0.7336,=0.7711,=0.9528,=1.1619,=1.3326,=1.6864,=0.0379,=0.6289,=0.0239,=0.0320,=0.0361,=0.0404,=0.0486,=0.0237,=0.0917,=0.0233,=151
="000961",中证上游,2010-04-16,=-0.0186,=5198.7000,=0.0268,=16.4563,=0.5732,=8.3063,=11.4863,=15.6470,=22.8886,=72.6914,=1.9283,=0.9612,=0.9003,=1.1960,=1.3711,=1.5398,=2.4036,=1.0557,=0.9567,=0.3813,=0.5134,=0.6292,=0.7877,=1.2905,=0.0290,=0.2487,=0.0092,=0.0283,=0.0343,=0.0447,=0.0576,=0.0373,=0.1119,=0.0305,=50
="000092",资源50,2011-05-10,=-0.0132,=5012.0900,=0.0267,=15.6757,=0.5909,=7.9483,=11.3499,=14.8873,=22.0644,=52.0101,=1.8912,=0.9641,=0.9579,=1.2635,=1.4027,=1.5491,=2.3324,=1.0396,=0.9579,=0.4148,=0.5541,=0.6758,=0.7988,=1.2646,=0.0304,=0.3155,=0.0094,=0.0286,=0.0354,=0.0449,=0.0578,=0.0363,=0.1132,=0.0314,=39
="399370",国证成长,2010-01-04,=-0.0045,=5199.1900,=0.0265,=23.2460,=0.6404,=14.0104,=18.9925,=21.7919,=25.9317,=39.9195,=3.8759,=0.7682,=1.9695,=2.5703,=2.9924,=4.1074,=6.0628,=2.2020,=0.5604,=1.2188,=1.6926,=2.0775,=2.7673,=3.4917,=0.0153,=0.4635,=0.0080,=0.0118,=0.0157,=0.0227,=0.0304,=0.0375,=0.1344,=0.0327,=119
="000824",国企红利,2012-07-20,=-0.0029,=2176.1200,=0.0259,=9.1715,=0.9740,=4.8847,=5.9406,=7.3385,=8.5204,=10.7823,=0.8859,=0.6334,=0.5610,=0.6880,=0.8233,=1.0551,=1.4469,=1.3183,=0.8825,=0.5370,=0.7016,=0.9865,=1.2675,=1.6834,=0.0410,=0.1546,=0.0328,=0.0418,=0.0481,=0.0583,=0.0694,=0.0232,=0.0892,=0.0226,=966
="399850",深证50,2023-10-18,=-0.0036,=9366.4900,=0.0259,=25.5296,=0.6504,=16.5344,=20.1162,=23.7202,=27.0449,=36.7629,=3.9298,=0.8641,=2.5911,=2.9384,=3.2709,=3.7621,=4.4773,=2.1457,=0.8580,=1.3017,=1.4883,=1.6940,=2.0702,=2.4833,=0.0181,=0.1893,=0.0162,=0.0182,=0.0208,=0.0232,=0.0271,=0.0301,=0.0973,=0.0318,=80
="399330",深证100,2006-01-24,=-0.0055,=5965.5200,=0.0254,=26.8997,=0.7777,=14.9910,=20.3737,=22.8561,=27.7261,=38.9547,=3.0422,=0.5971,=1.9919,=2.4968,=2.9487,=3.5438,=5.5535,=2.1064,=0.5047,=1.3434,=1.7250,=2.1026,=2.4349,=4.0791,=0.0176,=0.7089,=0.0077,=0.0126,=0.0154,=0.0194,=0.0273,=0.0278,=0.0897,=0.0269,=2339
="000814",细分医药,2012-04-11,=0.0186,=8552.5200,=0.0246,=34.8139,=0.6907,=21.8871,=27.2039,=32.7462,=37.7216,=60.8250,=3.3383,=0.2569,=2.4219,=3.2072,=4.0880,=4.8855,=7.4081,=2.8114,=0.4561,=1.7858,=2.2898,=2.8916,=3.5119,=5.4819,=0.0147,=0.8429,=0.0055,=0.0075,=0.0097,=0.0139,=0.0215,=0.0283,=0.0890,=0.0304,=412
="980081",价值100,2012-12-28,,,=0.0246,=10.3487,=0.8244,=7.7317,=8.3717,=9.0924,=10.1501,=11.5920,=1.1111,=0.7878,=0.8413,=0.8866,=1.0209,=1.1153,=1.3448,=1.2255,=0.9927,=0.7580,=0.8104,=0.9801,=1.1365,=1.2392,=0.0461,=0.3122,=0.0420,=0.0452,=0.0490,=0.0545,=0.0599,=0.0275,=0.0995,=0.0251,=528
="HSSCSOY",恒生港股通中国央企红利指数,2023-06-01,=-0.0031,=4117.2300,=0.0240,=7.0413,=0.8266,=4.1647,=4.6599,=5.7254,=6.9733,=7.8218,=0.6482,=0.6658,=0.4381,=0.4974,=0.5965,=0.6834,=0.7455,=1.0898,=0.9899,=0.5323,=0.5989,=0.7561,=0.9637,=1.1223,=0.0506,=0.0327,=0.0487,=0.0564,=0.0678,=0.0861,=0.0936,,=0.0921,,=269
="932457",港股通现金流,2025-02-28,=0.0006,=2013.8500,=0.0236,=12.2335,=0.9810,=7.5325,=9.0370,=10.3729,=11.6076,=12.5288,=1.2431,=0.6883,=1.0440,=1.1368,=1.1970,=1.3032,=1.5343,=0.6485,=0.1111,=0.5752,=0.8622,=0.9540,=1.1840,=1.4545,=0.0406,=0.0136,=0.0402,=0.0429,=0.0488,=0.0621,=0.0701,,=0.0990,,=43
="399005",中小板指,2006-01-24,=0.0005,=8452.8300,=0.0229,=29.2096,=0.5184,=16.1163,=23.0542,=28.5542,=33.7225,=44.0181,=3.0089,=0.2784,=2.0289,=2.7421,=3.4123,=4.3131,=5.3697,=2.0488,=0.3241,=1.3510,=1.8219,=2.3306,=3.2848,=4.1546,=0.0129,=0.6392,=0.0068,=0.0090,=0.0111,=0.0163,=0.0219,=0.0255,=0.0988,=0.0255,=3256
="931052",国信价值,2017-12-08,=-0.0001,=3529.4000,=0.0226,=9.7936,=0.8883,=5.3831,=6.6072,=7.4681,=8.8997,=11.0091,=1.2970,=0.8812,=0.7343,=0.9134,=1.0348,=1.1870,=1.5208,=1.7576,=0.9508,=0.6105,=0.9510,=1.2429,=1.4795,=2.0196,=0.0402,=0.3081,=0.0262,=0.0384,=0.0440,=0.0530,=0.0692,=0.0310,=0.1267,=0.0326,=594
="000918",300成长,2008-01-21,=-0.0040,=5197.4600,=0.0215,=17.1277,=0.5666,=11.6107,=14.4706,=16.8129,=20.6304,=29.9826,=2.6063,=0.4194,=1.8759,=2.3198,=2.7999,=4.3091,=6.1771,=2.5981,=0.7847,=1.1680,=1.5324,=1.7819,=2.6337,=3.9548,=0.0185,=0.5056,=0.0081,=0.0139,=0.0184,=0.0238,=0.0310,=0.0348,=0.1486,=0.0340,=801
="000037",上证医药,2009-01-09,=0.0149,=6470.7900,=0.0215,=31.2447,=0.1913,=21.0843,=31.3943,=34.4556,=41.6974,=61.3894,=3.5243,=0.3056,=2.7278,=3.3338,=3.8478,=4.6066,=7.3155,=2.5086,=0.6586,=1.5724,=2.0207,=2.3509,=2.8115,=4.1395,=0.0119,=0.8342,=0.0048,=0.0075,=0.0099,=0.0117,=0.0146,=0.0281,=0.1036,=0.0282,=2073
="930648",CS智消费,2015-06-05,=0.0094,=3739.3500,=0.0212,=31.5291,=0.7781,=15.4538,=22.2568,=25.1848,=32.5135,=51.6043,=3.9000,=0.7649,=2.1406,=2.8085,=3.2135,=4.0473,=5.4486,=1.7490,=0.7258,=0.8328,=1.2867,=1.5040,=1.8632,=2.9491,=0.0135,=0.2647,=0.0074,=0.0121,=0.0152,=0.0173,=0.0216,=0.0253,=0.1077,=0.0239,=31
="000944",内地资源,2009-10-28,=-0.0187,=5418.9600,=0.0211,=16.5904,=0.5940,=8.0950,=11.4362,=15.5470,=22.7500,=66.3491,=1.9322,=0.9621,=0.8945,=1.1840,=1.3599,=1.5306,=2.3924,=1.0569,=0.9575,=0.3754,=0.5050,=0.6228,=0.7824,=1.2835,=0.0289,=0.2185,=0.0090,=0.0286,=0.0349,=0.0457,=0.0579,=0.0374,=0.1109,=0.0304,=11
="000922",中证红利,2008-05-26,=-0.0061,=5619.1600,=0.0209,=8.6513,=0.8107,=5.1762,=6.0245,=7.6566,=8.6151,=11.2156,=0.8522,=0.5212,=0.5911,=0.7110,=0.8424,=1.1056,=1.4999,=1.2835,=0.8903,=0.6332,=0.7726,=1.0440,=1.2373,=1.7101,=0.0409,=0.1996,=0.0309,=0.0410,=0.0471,=0.0596,=0.0693,=0.0233,=0.0895,=0.0228,=20478
="000969",300非周,2010-05-28,=0,=5429.5100,=0.0196,=25.2063,=0.7340,=15.9839,=20.6623,=22.7323,=26.6038,=38.7203,=2.7432,=0.4252,=2.0789,=2.5003,=2.7929,=3.1883,=4.9189,=1.4902,=0.7229,=0.8921,=1.1581,=1.2956,=1.5787,=2.2463,=0.0199,=0.7085,=0.0089,=0.0140,=0.0170,=0.0211,=0.0277,=0.0251,=0.0964,=0.0261,=89
="931381",中证长三角,2019-11-25,=-0.0054,=2063.7900,=0.0196,=13.7474,=0.7520,=9.1117,=10.6806,=12.0640,=14.0326,=16.1441,=1.3952,=0.6066,=0.9630,=1.1540,=1.3170,=1.5474,=1.8124,=1.6784,=0.8497,=0.8724,=1.0738,=1.2592,=1.5837,=1.9541,=0.0256,=0.2279,=0.0209,=0.0254,=0.0282,=0.0322,=0.0422,=0.0256,=0.0961,=0.0259,=12
="931447",科技先锋,2020-04-21,=0.0004,=3143.1700,=0.0186,=39.1047,=0.5484,=19.0346,=27.4877,=37.3116,=47.9113,=82.3567,=5.0687,=0.6511,=2.7045,=3.4375,=4.4365,=6.7014,=10.6025,=2.6942,=0.5880,=1.4804,=1.9224,=2.4947,=3.6964,=7.0848,=0.0094,=0.4594,=0.0033,=0.0055,=0.0097,=0.0135,=0.0196,=0.0256,=0.0990,=0.0202,=24
="399007",深证300,2009-11-04,=-0.0043,=5789.4100,=0.0184,=30.3179,=0.8788,=15.3833,=21.4145,=25.0043,=28.9361,=36.7371,=2.9360,=0.6008,=1.8298,=2.3539,=2.8048,=3.2294,=4.4351,=2.0556,=0.5423,=1.2839,=1.6547,=2.0025,=2.3813,=3.3177,=0.0154,=0.6788,=0.0081,=0.0118,=0.0139,=0.0174,=0.0252,=0.0257,=0.0779,=0.0236,=583
="399316",巨潮小盘,2005-02-03,=-0.0003,=6122.1200,=0.0182,=35.3353,=0.7266,=17.4883,=24.6121,=29.2581,=37.7640,=56.1825,=2.1296,=0.6631,=1.3049,=1.7086,=1.9640,=2.4128,=3.1503,=1.3410,=0.6297,=0.7478,=1.0120,=1.2294,=1.6027,=2.5314,=0.0147,=0.6701,=0.0061,=0.0103,=0.0128,=0.0162,=0.0214,=0.0167,=0.0444,=0.0142,=23
="HSHDYI",恒生高股息率指数,2012-12-10,=-0.0044,=1297.9000,=0.0176,=7.6894,=0.7688,=3.6777,=4.8612,=6.6082,=7.8218,=10.6953,=0.7170,=0.5933,=0.4041,=0.5046,=0.6464,=0.9023,=1.1746,=1.1217,=0.5705,=0.5013,=0.7008,=1.0616,=1.4945,=1.9871,=0.0524,=0.1930,=0.0423,=0.0527,=0.0604,=0.0808,=0.1102,,=0.0903,,=922
="399375",中盘价值,2010-01-04,=-0.0011,=6031.3700,=0.0164,=15.5699,=0.7575,=9.0528,=10.9370,=12.3141,=16.4856,=33.1718,=1.4753,=0.7546,=1.0236,=1.1932,=1.3322,=1.5320,=1.9880,=1.2229,=0.9798,=0.5167,=0.6432,=0.7489,=0.9806,=1.3254,=0.0289,=0.4120,=0.0137,=0.0243,=0.0309,=0.0368,=0.0505,=0.0258,=0.0785,=0.0211,=189
="399001",深证成指,1995-01-23,=-0.0035,=13745.8700,=0.0163,=31.6567,=0.8569,=15.9054,=22.8547,=26.5146,=30.7074,=38.7817,=2.8292,=0.5687,=1.7472,=2.2797,=2.7209,=3.2268,=4.0402,=2.0023,=0.5625,=1.2229,=1.6063,=1.9123,=2.3698,=2.9683,=0.0150,=0.6854,=0.0084,=0.0109,=0.0136,=0.0166,=0.0245,=0.0249,=0.0747,=0.0225,=3742
="399989",中证医疗,2014-10-31,=0.0263,=6868.4900,=0.0160,=30.0682,=0.2214,=22.9032,=29.6672,=37.8155,=59.7312,=114.3753,=3.5546,=0.1575,=2.8553,=3.6741,=5.4412,=8.1687,=13.4814,=5.7056,=0.2318,=4.3528,=5.5977,=6.5253,=9.4594,=17.4163,=0.0125,=0.6800,=0.0025,=0.0042,=0.0058,=0.0145,=0.0225,=0.0284,=0.1137,=0.0290,=8589
="H30199",电力指数,2013-07-15,=0.0028,=2867.3500,=0.0160,=17.8698,=0.3600,=14.1448,=16.9274,=18.9726,=25.0122,=78.5133,=1.7116,=0.4816,=1.2472,=1.5161,=1.7161,=1.8429,=2.0960,=1.7820,=0.7979,=1.1507,=1.4427,=1.5879,=1.7825,=2.2389,=0.0276,=0.6705,=0.0166,=0.0223,=0.0267,=0.0284,=0.0333,=0.0213,=0.0878,=0.0244,=765
="931476",ESG 120策略,2020-04-30,=-0.0035,=1416.1200,=0.0157,=11.7919,=0.7826,=7.8289,=9.6435,=10.6469,=11.8297,=13.2171,=1.3482,=0.7422,=1.0061,=1.1778,=1.2585,=1.3644,=1.7130,=1.5995,=0.9719,=0.7906,=1.0603,=1.1602,=1.3969,=1.6292,=0.0323,=0.3322,=0.0251,=0.0296,=0.0350,=0.0387,=0.0488,=0.0265,=0.1050,=0.0271,=53
="000907",中证700,2007-01-15,=-0.0007,=6572.4600,=0.0154,=25.8408,=0.8825,=13.5964,=17.1394,=19.5530,=24.0532,=30.1680,=2.0132,=0.6148,=1.3201,=1.5883,=1.8281,=2.1957,=2.4753,=1.4337,=0.6103,=0.9663,=1.1767,=1.3274,=1.5830,=1.9854,=0.0183,=0.5575,=0.0115,=0.0140,=0.0175,=0.0227,=0.0321,=0.0223,=0.0692,=0.0213,=268
="931233",港股通央企红利,2017-06-28,=-0.0054,=1183.6100,=0.0153,=7.4964,=0.8178,=3.6988,=4.9815,=6.4035,=7.4444,=14.0775,=0.7020,=0.6342,=0.3929,=0.5241,=0.6470,=0.8576,=1.8161,=1.0102,=0.5783,=0.4645,=0.6262,=0.9511,=1.3872,=1.7583,=0.0499,=0.1187,=0.0394,=0.0519,=0.0570,=0.0795,=0.1038,,=0.0906,,=488
="931897",绿色电力,2012-12-21,=0.0031,=1099.0900,=0.0151,=17.8167,=0.4041,=12.4356,=16.3199,=18.6145,=23.5753,=3316.8719,=1.7346,=0.6759,=1.0802,=1.3464,=1.6508,=1.7879,=2.0565,=1.8342,=0.8416,=0.8910,=1.1301,=1.2733,=1.7280,=2.6891,=0.0274,=0.8297,=0.0111,=0.0186,=0.0233,=0.0271,=0.0335,=0.0214,=0.0880,=0.0237,=185
="000857",500医药,2013-11-06,=0.0176,=10399.8300,=0.0140,=29.8652,=0.4973,=16.5096,=22.8937,=29.9273,=37.2751,=66.9361,=2.9220,=0.5472,=1.9620,=2.4653,=2.8380,=3.4865,=5.0991,=2.7156,=0.7810,=1.3156,=1.7598,=2.1307,=2.7520,=4.5555,=0.0158,=0.7245,=0.0055,=0.0091,=0.0133,=0.0172,=0.0234,=0.0260,=0.0879,=0.0247,=737
="931644",800红利,2024-03-15,=-0.0065,=2587.9100,=0.0140,=9.0858,=0.8381,=6.4729,=7.3844,=8.4339,=9.0505,=9.4757,=0.8866,=0.6796,=0.7001,=0.7740,=0.8597,=0.9050,=0.9431,=1.2738,=0.7521,=0.8423,=0.9289,=1.1551,=1.2896,=1.3602,=0.0419,=0.0135,=0.0416,=0.0431,=0.0466,=0.0575,=0.0662,=0.0236,=0.0906,=0.0231,=34
="930782",500SNLV,2016-02-04,=0.0014,=19053.2500,=0.0139,=20.1909,=0.5184,=13.0617,=17.6555,=20.0399,=23.6083,=33.4651,=1.6359,=0.7105,=1.0996,=1.3464,=1.4745,=1.7870,=2.5974,=1.2563,=0.7245,=0.5914,=0.8056,=0.8890,=1.3836,=2.0883,=0.0235,=0.8652,=0.0090,=0.0139,=0.0203,=0.0229,=0.0271,=0.0229,=0.0820,=0.0170,=1377
="000825",央企红利,2012-07-20,=0.0026,=3497.1100,=0.0127,=9.5609,=0.9897,=4.7369,=6.0940,=7.3072,=8.5111,=10.5687,=0.9211,=0.6862,=0.5507,=0.6915,=0.8553,=0.9955,=1.3929,=1.2658,=0.8903,=0.6009,=0.8548,=1.0794,=1.2231,=1.7357,=0.0402,=0.0812,=0.0330,=0.0423,=0.0473,=0.0555,=0.0713,=0.0224,=0.0902,=0.0228,=389
="930821",中证VR,2016-05-11,=0.0044,=3230.2400,=0.0116,=45.4910,=0.5552,=17.6816,=32.1543,=43.3095,=55.8152,=175.0572,=3.3266,=0.6639,=1.7358,=2.3500,=2.8967,=4.0773,=5.0269,=1.8720,=0.4696,=1.1117,=1.4800,=1.9218,=2.8818,=3.7313,=0.0084,=0.3481,=0.0056,=0.0075,=0.0091,=0.0117,=0.0177,=0.0113,=0.0443,=0.0138,=151
="399974",国企改革,2014-08-07,=-0.0011,=1919.3500,=0.0109,=15.6959,=0.7175,=8.5408,=11.0130,=13.4099,=16.6627,=23.5243,=1.4437,=0.4412,=1.0768,=1.3337,=1.4681,=1.8253,=2.8970,=1.1085,=0.6561,=0.6803,=0.8927,=1.0015,=1.2484,=2.2060,=0.0290,=0.4392,=0.0148,=0.0236,=0.0300,=0.0332,=0.0410,=0.0239,=0.0809,=0.0242,=377
="000821",300红利,2012-07-20,=-0.0043,=6741.9000,=0.0104,=8.9294,=0.9208,=4.9998,=6.1944,=7.5603,=8.5137,=10.9286,=0.8810,=0.5472,=0.5725,=0.7140,=0.8620,=1.0767,=1.4919,=1.4201,=0.9241,=0.6098,=0.7993,=1.0658,=1.3290,=1.6963,=0.0420,=0.1819,=0.0319,=0.0424,=0.0473,=0.0563,=0.0673,=0.0235,=0.0916,=0.0239,=1007
="000822",500红利,2012-07-20,=-0.0084,=10266.5300,=0.0090,=14.1275,=0.7637,=7.4138,=9.6102,=11.2677,=15.2581,=26.4578,=1.1598,=0.4099,=0.8670,=1.0202,=1.2260,=1.4671,=2.2508,=0.5687,=0.5052,=0.2906,=0.3999,=0.5640,=1.0923,=1.8159,=0.0406,=0.4635,=0.0164,=0.0296,=0.0411,=0.0491,=0.0638,=0.0233,=0.0658,=0.0188,=39
="H30270",红利价值,2013-12-19,=-0.0075,=9604.9100,=0.0076,=7.9785,=0.7696,=4.4543,=5.4501,=6.7929,=8.6056,=13.0955,=0.8179,=0.6433,=0.5256,=0.6497,=0.7647,=1.2275,=1.7317,=1.6242,=0.9906,=0.5854,=0.8144,=1.0058,=1.3079,=1.6637,=0.0406,=0.1642,=0.0269,=0.0419,=0.0502,=0.0629,=0.0726,=0.0235,=0.0936,=0.0240,=219
="931470",SHS云计算,2020-04-21,=0.0028,=3716.3800,=0.0075,=22.8078,=0.3132,=13.2694,=20.2126,=24.9786,=31.1565,=62.1875,=3.2046,=0.0691,=2.5281,=3.4246,=3.8651,=5.3382,=9.6099,=3.2871,=0.0367,=2.7843,=3.8268,=4.4461,=6.3476,=10.5654,=0.0084,=0.8039,=0.0018,=0.0032,=0.0060,=0.0083,=0.0114,,=0.1294,,=56
="399624",中创400,2011-08-15,=0.0029,=2589.7300,=0.0073,=44.9057,=0.7365,=22.4097,=32.9060,=40.4838,=48.0099,=82.4491,=2.9254,=0.5427,=1.6720,=2.4135,=2.8469,=3.3950,=4.9674,=2.3450,=0.5748,=1.2865,=1.8978,=2.2294,=2.6795,=4.3124,=0.0101,=0.6008,=0.0036,=0.0073,=0.0096,=0.0111,=0.0184,=0.0199,=0.0651,=0.0174,=228
="399438",绿色电力,2014-12-30,=0.0031,=2005.2500,=0.0070,=19.5596,=0.5724,=13.5016,=16.8844,=19.1095,=22.0380,=41.2289,=1.8385,=0.5856,=1.2516,=1.5034,=1.8038,=1.9344,=2.3077,=2.1338,=0.8953,=1.1906,=1.4256,=1.8236,=2.0537,=3.6995,=0.0257,=0.4082,=0.0163,=0.0221,=0.0267,=0.0294,=0.0348,=0.0222,=0.0881,=0.0248,=218
="930931",港股通50,2017-01-16,=-0.0006,=3905.1100,=0.0069,=10.1435,=0.5661,=6.5385,=8.7153,=9.8202,=11.3595,=15.8907,=1.0985,=0.5099,=0.7428,=0.9473,=1.0953,=1.1790,=1.6058,=1.8848,=0.7710,=1.1204,=1.4720,=1.7115,=1.9125,=2.6369,=0.0340,=0.2952,=0.0233,=0.0327,=0.0370,=0.0437,=0.0589,,=0.0979,,=296
="000982",500等权,2011-06-13,=0.0027,=9087.6800,=0.0068,=34.1308,=0.8359,=15.7028,=21.2829,=25.5686,=33.2821,=48.6069,=2.4196,=0.7971,=1.3824,=1.7163,=1.9213,=2.4304,=3.0099,=1.6771,=0.8239,=0.8118,=1.0305,=1.1724,=1.6050,=2.2566,=0.0132,=0.3435,=0.0064,=0.0119,=0.0143,=0.0184,=0.0237,=0.0210,=0.0620,=0.0169,=33
="000046",上证中小,2009-07-03,=-0.0007,=5163.2800,=0.0068,=16.6575,=0.6136,=10.5504,=12.1058,=15.2214,=18.0584,=22.4992,=1.4696,=0.4845,=1.0626,=1.2077,=1.4763,=1.7542,=2.0905,=1.3350,=0.7579,=0.8596,=1.0256,=1.1229,=1.3906,=1.6429,=0.0235,=0.5823,=0.0151,=0.0188,=0.0226,=0.0299,=0.0371,=0.0219,=0.0784,=0.0213,=348
="930743",中证生科,2015-08-26,=0.0200,=3313.8800,=0.0064,=52.5461,=0.6000,=24.0733,=39.5208,=50.0745,=59.8614,=100.3520,=3.9331,=0.2280,=2.9526,=3.8413,=6.1146,=8.0612,=14.6705,=6.8068,=0.3221,=4.7455,=6.2659,=8.4296,=12.3903,=18.8359,=0.0088,=0.6565,=0.0025,=0.0045,=0.0061,=0.0106,=0.0169,=0.0226,=0.0618,=0.0204,=1229
="000979",大宗商品,2011-08-22,=-0.0114,=6820.0400,=0.0052,=17.3810,=0.5773,=9.9333,=12.8903,=16.3478,=22.3384,=55.6298,=1.8925,=0.9571,=1.1381,=1.3703,=1.4919,=1.6362,=2.3336,=1.0272,=0.9575,=0.4909,=0.5833,=0.6997,=0.8406,=1.2291,=0.0274,=0.3315,=0.0088,=0.0253,=0.0307,=0.0396,=0.0489,=0.0335,=0.1029,=0.0285,=713
="931591",1000成长创新,2020-11-09,=0.0017,=32893.8500,=0.0050,=29.2363,=0.3243,=18.0900,=24.5324,=32.0728,=35.7381,=40.6167,=3.2815,=0.4168,=2.0923,=3.0097,=3.4070,=4.3529,=5.3788,=3.1381,=0.5057,=1.8413,=2.7484,=3.1161,=3.8298,=5.2879,=0.0127,=0.6657,=0.0063,=0.0087,=0.0110,=0.0139,=0.0216,=0.0271,=0.1062,=0.0239,=151
="931168",绿色价值100,2019-06-27,=-0.0029,=1493.6500,=0.0043,=12.3158,=0.6766,=8.4906,=9.9910,=11.3613,=12.8071,=14.6050,=1.3437,=0.6565,=1.0223,=1.1895,=1.2841,=1.4026,=1.6052,=1.5548,=0.9137,=0.9649,=1.1316,=1.2539,=1.3681,=1.6482,=0.0304,=0.3159,=0.0243,=0.0292,=0.0315,=0.0356,=0.0439,=0.0274,=0.1011,=0.0242,=13
="000859",国企一带一路,2019-05-16,=-0.0024,=1828.8600,=0.0041,=10.3817,=0.1613,=9.4709,=10.5063,=12.4714,=14.4748,=21.0714,=1.0260,=0.0877,=0.9283,=1.1379,=1.4301,=1.7719,=2.1877,=1.1775,=0.9977,=0.4715,=0.5661,=0.7433,=0.8500,=1.1924,=0.0346,=0.6723,=0.0208,=0.0254,=0.0319,=0.0368,=0.0454,=0.0234,=0.0898,=0.0201,=274
="931829",中证回购,2023-10-17,=0.0138,=2320.2800,=0.0040,=21.5813,=0.1801,=16.8171,=21.9346,=25.1662,=34.0432,=40.4937,=2.1736,=0.9049,=1.3801,=1.5745,=1.7485,=2.0295,=2.3571,=0.8529,=0.1354,=0.7604,=0.9205,=1.0086,=1.1460,=1.4917,=0.0281,=0.9813,=0.0146,=0.0164,=0.0208,=0.0247,=0.0286,=0.0242,=0.0495,=0.0133,=40
="000913",300医药,2007-07-02,=0.0170,=8239.9500,=0.0036,=31.6518,=0.3691,=22.1588,=28.7651,=33.3135,=39.5137,=73.4129,=3.3833,=0.1109,=2.7345,=3.5603,=4.7653,=6.0065,=9.5028,=2.8223,=0.1489,=2.2757,=2.8906,=3.3245,=5.2960,=7.4989,=0.0162,=0.8573,=0.0040,=0.0072,=0.0090,=0.0154,=0.0221,=0.0300,=0.0967,=0.0342,=3414
="000917",300公用,2007-07-02,=0.0040,=2469.3100,=0.0034,=17.5140,=0.4293,=13.3250,=16.4627,=17.8577,=20.5953,=34.2477,=1.9250,=0.4276,=1.4019,=1.7139,=1.9744,=2.1718,=2.6347,=1.8594,=0.5889,=1.3139,=1.6332,=1.8147,=1.9940,=3.2322,=0.0310,=0.6540,=0.0191,=0.0239,=0.0299,=0.0324,=0.0390,=0.0223,=0.0974,=0.0266,=39
="000056",上证国企,2010-01-04,=-0.0055,=1248.6400,=0.0010,=10.2053,=0.6528,=7.2538,=8.8792,=9.7353,=10.7955,=13.3187,=1.1447,=0.6054,=0.8518,=1.0314,=1.1194,=1.2118,=1.5455,=1.7939,=0.9988,=0.7909,=0.9986,=1.1177,=1.2452,=1.8201,=0.0359,=0.5282,=0.0242,=0.0312,=0.0352,=0.0430,=0.0568,=0.0264,=0.1060,=0.0271,=206
="932305",智选高股息,2024-09-30,=0.0058,=11151.3700,=-0.0008,=9.5187,=0.8239,=7.0143,=7.5166,=8.3882,=9.4729,=10.9391,=1.0844,=0.7913,=0.8750,=0.9265,=1.0527,=1.0857,=1.1675,=0.5207,=0.0739,=0.4805,=0.7211,=0.7694,=1.2701,=1.3342,=0.0595,=0.2043,=0.0457,=0.0595,=0.0634,=0.0684,=0.0723,=0.0253,=0.1000,=0.0324,=362
="000937",中证公用,2009-07-03,=0.0033,=2490.6400,=-0.0014,=17.0381,=0.3052,=13.4460,=16.6002,=18.6434,=21.1313,=46.5328,=1.7033,=0.3357,=1.3423,=1.6286,=1.7684,=1.9633,=2.2557,=1.6367,=0.6124,=1.2657,=1.4810,=1.5857,=1.7750,=3.2521,=0.0297,=0.8557,=0.0192,=0.0235,=0.0276,=0.0292,=0.0348,=0.0215,=0.0905,=0.0250,=341
="931140",医药50,2019-03-20,=0.0175,=10265.6400,=-0.0014,=25.7562,=0.2284,=20.8651,=25.5351,=28.5971,=42.5005,=67.0844,=3.9966,=0.1275,=3.0998,=4.2155,=4.9486,=7.3883,=10.9696,=4.7428,=0.2910,=3.4950,=4.6162,=5.1236,=7.0838,=12.1248,=0.0161,=0.7223,=0.0046,=0.0077,=0.0108,=0.0173,=0.0237,=0.0393,=0.1515,=0.0402,=1219
="930632",CS稀金属,2015-05-12,=-0.0278,=2706.9400,=-0.0015,=25.8060,=0.2214,=10.0759,=24.6559,=41.2508,=85.2526,=902.9270,=3.7105,=0.5505,=1.7714,=2.4678,=3.4499,=4.3834,=7.1765,=2.5380,=0.6557,=1.0736,=1.5817,=2.0627,=2.9614,=4.1072,=0.0087,=0.5847,=0.0021,=0.0041,=0.0074,=0.0138,=0.0241,=0.0489,=0.1107,=0.0216,=396
="000995",全指公用,2011-08-02,=0.0037,=2577.6300,=-0.0020,=17.5065,=0.2936,=14.4124,=16.7502,=18.9182,=23.9608,=55.0107,=1.7093,=0.4499,=1.2839,=1.5403,=1.7255,=1.8673,=2.1268,=1.7243,=0.7678,=1.2094,=1.4214,=1.5276,=1.7693,=2.4023,=0.0282,=0.8202,=0.0172,=0.0230,=0.0259,=0.0281,=0.0321,=0.0217,=0.0896,=0.0244,=329
="HSISC",恒指港股通指数,2024-03-01,=-0.0010,=3489.8300,=-0.0020,=11.5975,=0.6579,=7.5992,=8.6819,=10.6248,=11.9056,=12.8475,=1.2440,=0.7270,=0.8411,=0.9231,=1.1469,=1.2569,=1.3442,=1.5520,=0.6135,=0.9830,=1.1426,=1.4497,=1.6100,=1.7320,=0.0334,=0.0987,=0.0322,=0.0341,=0.0381,=0.0500,=0.0595,,=0.1037,,=52
="000510",中证A500,2024-09-23,=-0.0013,=5630.7800,=-0.0021,=16.7169,=0.6022,=12.2476,=14.4956,=16.3964,=17.3925,=18.3286,=1.6739,=0.5828,=1.2883,=1.4962,=1.6519,=1.7172,=1.7791,=1.4654,=0.6452,=1.0081,=1.2200,=1.4128,=1.5098,=1.5740,=0.0243,=0.1935,=0.0227,=0.0244,=0.0262,=0.0322,=0.0380,=0.0241,=0.0887,=0.0240,=2569
="931892",有色矿业,2013-07-15,=-0.0292,=3955.9600,=-0.0026,=18.8008,=0.2062,=13.1272,=18.5704,=30.5888,=55.7932,=131.9594,=3.6286,=0.9282,=1.7020,=2.1368,=2.5500,=3.2029,=5.3430,=1.3614,=0.9068,=0.6092,=0.7896,=0.9201,=1.2397,=2.0391,=0.0154,=0.7464,=0.0026,=0.0056,=0.0093,=0.0169,=0.0229,=0.0653,=0.1630,=0.0363,=196
="000860",结构调整,2018-03-26,=0.0018,=1220.8500,=-0.0028,=16.1093,=0.7753,=9.5233,=12.4793,=14.0052,=16.3031,=20.6443,=1.4756,=0.8629,=1.1018,=1.2895,=1.3727,=1.4569,=1.6430,=0.9219,=0.9755,=0.4658,=0.5893,=0.6792,=0.7960,=0.9608,=0.0314,=0.4973,=0.0220,=0.0262,=0.0315,=0.0369,=0.0499,=0.0222,=0.0831,=0.0231,=152
="000904",中证200,2007-01-15,=-0.0007,=5633.4200,=-0.0029,=21.3916,=0.9093,=11.9474,=14.9318,=16.7919,=19.4564,=25.2311,=1.7601,=0.5159,=1.2748,=1.5010,=1.7441,=2.0647,=2.3407,=1.2752,=0.1769,=1.0540,=1.2886,=1.4176,=1.6929,=2.1135,=0.0227,=0.6239,=0.0136,=0.0162,=0.0206,=0.0259,=0.0372,=0.0231,=0.0739,=0.0238,=723
="000906",中证800,2007-01-15,=-0.0020,=5092.0500,=-0.0034,=16.0291,=0.8157,=10.7808,=12.9023,=14.0908,=15.9969,=18.9686,=1.5861,=0.5612,=1.1816,=1.3959,=1.5516,=1.7176,=1.9628,=1.5598,=0.9175,=1.0117,=1.1472,=1.2950,=1.4894,=1.6796,=0.0243,=0.4507,=0.0180,=0.0211,=0.0248,=0.0289,=0.0389,=0.0241,=0.0890,=0.0237,=2708
="H11059",工业有色,2009-07-22,=-0.0236,=3965.9300,=-0.0040,=17.3723,=0.2892,=10.0577,=14.6402,=27.3531,=53.0890,=131.1130,=3.4435,=0.8912,=1.4392,=2.0004,=2.4243,=3.2060,=4.9901,=1.2845,=0.9198,=0.5048,=0.7403,=0.8645,=1.1584,=1.8706,=0.0194,=0.7739,=0.0035,=0.0056,=0.0104,=0.0204,=0.0285,=0.0664,=0.1735,=0.0401,=144
="000808",医药生物,2012-02-17,=0.0186,=8250.5200,=-0.0044,=33.0166,=0.4223,=23.4705,=28.3997,=34.5674,=37.8852,=66.3352,=3.1319,=0.1282,=2.6521,=3.2426,=4.1380,=4.9177,=7.9299,=2.9157,=0.3843,=2.0659,=2.6650,=3.0945,=3.5475,=6.2098,=0.0148,=0.8181,=0.0050,=0.0071,=0.0096,=0.0146,=0.0209,=0.0273,=0.0877,=0.0275,=1425
="932366",300现金流,2024-11-12,=-0.0015,=3326.3500,=-0.0046,=14.4217,=0.6567,=12.5879,=13.4414,=14.0567,=14.9116,=16.2670,=1.6969,=0.2350,=1.4920,=1.6854,=1.8205,=1.8935,=1.9885,=1.3184,=0.3756,=1.0861,=1.2258,=1.3894,=1.4393,=1.5124,=0.0363,=0.0760,=0.0324,=0.0379,=0.0400,=0.0411,=0.0453,=0.0285,=0.1163,=0.0355,=189
="HSI",恒生指数,1989-03-09,=-0.0002,=25511.1000,=-0.0047,=11.7634,=0.7009,=6.9462,=9.2273,=10.3752,=12.2520,=16.9606,=1.2495,=0.7477,=0.7519,=0.9738,=1.1319,=1.2677,=1.5570,=1.5076,=0.5779,=0.8141,=1.1480,=1.4419,=1.6549,=2.0895,=0.0330,=0.2015,=0.0204,=0.0330,=0.0368,=0.0444,=0.0596,,=0.1032,,=13632
="1000015",港股全指,2000-01-01,=-0.0002,=25511.1000,=-0.0047,=13.1607,=0.7213,=7.5917,=10.2569,=11.4444,=13.6002,=19.1348,=1.1286,=0.6554,=0.6574,=0.8625,=1.0727,=1.1863,=1.5123,=1.2104,=0.6798,=0.6196,=0.8644,=1.1070,=1.2707,=1.5791,=0.0317,=0.3503,=0.0205,=0.0300,=0.0332,=0.0422,=0.0574,,,,=308
="931524",SHS科技龙头,2020-07-16,=0.0010,=2671.3800,=-0.0061,=29.3240,=0.7131,=18.9033,=23.5207,=26.8139,=34.7765,=59.9125,=3.6313,=0.4495,=2.7731,=3.3000,=3.6886,=5.1251,=9.0190,=2.7342,=0.5771,=1.6886,=2.2617,=2.5757,=4.2037,=7.2475,=0.0086,=0.5168,=0.0027,=0.0048,=0.0086,=0.0100,=0.0124,,=0.1133,,=230
="000991",全指医药,2011-08-02,=0.0192,=8664.2000,=-0.0062,=31.3175,=0.3303,=23.5983,=29.4135,=33.9571,=39.4778,=73.5923,=3.0281,=0.0953,=2.5957,=3.1724,=3.7482,=4.5660,=6.5650,=2.8456,=0.3761,=2.0200,=2.6563,=2.9949,=3.6937,=5.9103,=0.0158,=0.8800,=0.0055,=0.0073,=0.0097,=0.0148,=0.0212,=0.0278,=0.0907,=0.0276,=7986
="931397",A股通50,2020-02-20,=-0.0028,=2251.5300,=-0.0065,=13.4604,=0.5680,=8.9450,=10.5959,=13.0030,=21.4084,=29.8209,=1.7290,=0.4883,=1.1048,=1.2796,=1.7532,=3.5587,=4.6955,=2.2522,=0.6724,=1.0496,=1.2900,=1.8924,=2.8428,=3.9597,=0.0281,=0.5149,=0.0113,=0.0157,=0.0279,=0.0366,=0.0493,=0.0296,=0.1069,=0.0278,=11
="399311",国证1000,2005-02-03,=-0.0015,=4925.1700,=-0.0066,=16.7438,=0.7736,=11.0854,=13.3222,=14.6208,=16.8469,=19.8966,=1.6266,=0.5596,=1.1918,=1.4217,=1.5927,=1.7960,=2.0383,=1.5704,=0.8870,=1.0112,=1.1700,=1.3059,=1.5313,=1.7074,=0.0234,=0.4557,=0.0172,=0.0199,=0.0239,=0.0282,=0.0380,=0.0236,=0.0857,=0.0233,=143
="931848",800红利低波,2024-05-21,=0.0019,=3142.8600,=-0.0071,=9.1296,=0.5753,=7.4155,=8.2749,=9.0443,=9.4557,=9.7854,=0.8919,=0.3249,=0.7315,=0.8577,=0.9161,=0.9679,=1.0024,=1.6770,=0.9909,=1.1714,=1.2402,=1.3542,=1.3962,=1.7233,=0.0407,=0.1034,=0.0399,=0.0412,=0.0435,=0.0517,=0.0594,=0.0237,=0.0929,=0.0230,=159
="HSAHP",恒生沪深港通AH股溢价指数,2007-07-09,=0.0026,=122.5000,=-0.0078,=10.9486,=0.9138,=5.5550,=7.1430,=8.3699,=9.7929,=12.3156,=1.1000,=0.8395,=0.6208,=0.7734,=0.9225,=1.0845,=1.3863,=1.2615,=0.9229,=0.5653,=0.7668,=0.9030,=1.0915,=1.3750,=0.0324,=0.0799,=0.0268,=0.0346,=0.0398,=0.0520,=0.0665,,=0.0958,,=349
="930629",CSSW健康,2015-05-08,=0.0206,=5681.0800,=-0.0079,=12.8831,=0.0099,=12.1031,=17.4112,=21.4723,=38.5141,=49.9253,=1.9882,=0.0948,=1.7351,=2.1460,=3.0286,=4.5796,=6.2998,=1.6244,=0.2891,=1.2755,=1.5525,=1.8762,=4.7309,=7.2978,=0.0228,=0.9085,=0.0055,=0.0077,=0.0159,=0.0212,=0.0272,=0.0270,=0.1388,=0.0324,=280
="399008",中小300,2010-03-22,=0.0020,=1641.0600,=-0.0083,=29.7895,=0.4503,=17.8364,=25.4661,=30.3777,=34.9899,=44.1418,=2.7401,=0.3076,=1.7846,=2.4620,=2.9663,=3.7711,=4.4990,=1.8488,=0.3122,=1.1664,=1.6529,=2.0429,=2.7777,=3.6888,=0.0131,=0.6903,=0.0063,=0.0086,=0.0115,=0.0151,=0.0216,=0.0232,=0.0868,=0.0228,=508
="399372",大盘成长,2010-01-04,=-0.0044,=5226.4800,=-0.0085,=20.9770,=0.5806,=14.2162,=17.4045,=20.4536,=25.3722,=45.9159,=4.0500,=0.6895,=1.9139,=2.5129,=3.0695,=5.3725,=9.5601,=2.1924,=0.3332,=1.2183,=1.8035,=2.5967,=3.4508,=6.6651,=0.0167,=0.4833,=0.0069,=0.0115,=0.0170,=0.0231,=0.0308,=0.0399,=0.1447,=0.0379,=319
="930050",中证A50,2024-01-02,=-0.0034,=1772.0600,=-0.0087,=16.6961,=0.2781,=13.9812,=16.0279,=17.3719,=18.1045,=19.9330,=2.1553,=0.6609,=1.7817,=1.9718,=2.0956,=2.2047,=2.3759,=1.6857,=0.9406,=1.0165,=1.1289,=1.3725,=1.5789,=1.7441,=0.0284,=0.1875,=0.0260,=0.0285,=0.0297,=0.0308,=0.0348,=0.0291,=0.1115,=0.0275,=1038
="000852",中证1000,2014-10-17,=0.0048,=7527.5000,=-0.0089,=43.5443,=0.7089,=18.9344,=30.9274,=37.8109,=47.6771,=78.9405,=2.4021,=0.4693,=1.4880,=2.1060,=2.4311,=2.8919,=4.0689,=1.6909,=0.6054,=0.9250,=1.3827,=1.5862,=1.9119,=3.4406,=0.0110,=0.5753,=0.0038,=0.0082,=0.0106,=0.0125,=0.0194,=0.0158,=0.0499,=0.0155,=7522
="000861",央企创新,2019-05-16,=0.0040,=2542.5800,=-0.0092,=15.8629,=0.8602,=10.3360,=12.0574,=13.4551,=15.2813,=18.8086,=1.4305,=0.9072,=1.0351,=1.1889,=1.3003,=1.3902,=1.5975,=0.8267,=0.9400,=0.4544,=0.5199,=0.5853,=0.7388,=0.8999,=0.0307,=0.4222,=0.0234,=0.0271,=0.0332,=0.0375,=0.0493,=0.0222,=0.0826,=0.0232,=271
="000842",800等权,2012-12-21,=0.0017,=6998.2500,=-0.0097,=16.0291,=0.8157,=10.7808,=12.9023,=14.0908,=15.9969,=18.9686,=1.5861,=0.5612,=1.1816,=1.3959,=1.5516,=1.7176,=1.9628,=1.5598,=0.9175,=1.0117,=1.1472,=1.2950,=1.4894,=1.6796,=0.0243,=0.4507,=0.0180,=0.0211,=0.0248,=0.0289,=0.0389,=0.0241,=0.0890,=0.0237,=162
="931039",银行AH,2017-12-06,=-0.0064,=12655.9800,=-0.0100,=6.1064,=0.8812,=3.2016,=4.0977,=5.2559,=5.9078,=7.9938,=0.5778,=0.5453,=0.3790,=0.4590,=0.5651,=0.7105,=1.0569,=2.2926,=0.9075,=1.0856,=1.4355,=1.7573,=2.1655,=2.9053,=0.0471,=0.1097,=0.0324,=0.0491,=0.0544,=0.0737,=0.0997,,=0.0881,,=109
="1000003",深圳A股,1994-01-01,=0.0033,=2505.4100,=-0.0101,=42.1426,=0.7225,=20.1337,=32.6807,=37.4310,=46.5622,=60.3260,=2.7539,=0.5431,=1.7026,=2.2996,=2.6829,=3.2049,=3.7901,=1.9797,=0.5419,=1.2021,=1.6469,=1.9175,=2.3631,=3.1788,=0.0127,=0.6734,=0.0070,=0.0092,=0.0117,=0.0136,=0.0208,=0.0203,=0.0553,=0.0180,=1836
="399394",国证医药,2012-10-29,=0.0181,=8401.0500,=-0.0101,=33.1430,=0.4441,=22.8656,=29.2541,=34.0429,=38.7804,=65.8576,=3.2762,=0.1373,=2.7032,=3.3903,=4.4486,=5.3500,=8.6075,=2.9409,=0.3658,=1.9890,=2.7092,=3.1219,=4.5894,=6.5385,=0.0149,=0.8404,=0.0047,=0.0073,=0.0093,=0.0144,=0.0225,=0.0285,=0.0916,=0.0308,=1068
="932255",A500红利增长,2025-04-09,=-0.0007,=3006.6700,=-0.0102,=10.7660,=0.4018,=9.2509,=10.4211,=10.9025,=11.7197,=12.2754,=1.2560,=0.3512,=1.0684,=1.2213,=1.2826,=1.3606,=1.4369,=1.7298,=0.3958,=1.3292,=1.6749,=1.7501,=1.9549,=2.0549,=0.0336,=0.1339,=0.0327,=0.0339,=0.0354,=0.0373,=0.0393,=0.0280,=0.1066,,=43
="930723",沪港深F100,2015-08-05,=-0.0003,=5038.5400,=-0.0105,=10.0203,=0.7361,=5.4557,=7.5706,=9.0709,=10.1730,=13.1279,=1.0324,=0.5813,=0.6469,=0.8476,=1.0077,=1.1160,=1.4626,=1.3244,=0.8651,=0.6039,=0.8632,=1.0802,=1.2940,=1.6654,=0.0369,=0.3129,=0.0281,=0.0354,=0.0393,=0.0500,=0.0650,,=0.0918,,=151
="H11057",石化产业,2009-07-22,=-0.0113,=1350.9000,=-0.0110,=14.7989,=0.6045,=9.0713,=12.0009,=13.9860,=19.2030,=46.6548,=1.5638,=0.9364,=0.9085,=1.1929,=1.3437,=1.4476,=1.9948,=0.8257,=0.9206,=0.4002,=0.4807,=0.6133,=0.7557,=1.0264,=0.0318,=0.3114,=0.0099,=0.0304,=0.0364,=0.0407,=0.0471,=0.0331,=0.0946,=0.0281,=76
="931268",持续发展,2019-11-15,=-0.0037,=2186.8000,=-0.0117,=15.2621,=0.3038,=14.1354,=15.0880,=15.7141,=16.2538,=17.1877,=2.1072,=0.4715,=1.7338,=1.8363,=2.1372,=2.2414,=2.3440,=1.9221,=0.8449,=1.5998,=1.7268,=1.7985,=1.8417,=2.0502,=0.0283,=0.1582,=0.0268,=0.0286,=0.0305,=0.0316,=0.0326,=0.0313,=0.1256,=0.0323,=24
="000933",中证医药,2009-07-03,=0.0167,=7994.7400,=-0.0119,=30.7662,=0.4120,=22.6651,=27.9022,=32.2652,=36.4323,=63.0472,=3.1445,=0.1876,=2.5059,=3.1744,=3.9668,=4.6056,=7.0232,=2.7699,=0.3567,=1.9281,=2.5100,=2.9947,=3.5088,=5.1631,=0.0160,=0.8507,=0.0055,=0.0078,=0.0098,=0.0154,=0.0226,=0.0282,=0.0926,=0.0299,=7210
="987018",港股通创新药,2021-11-18,,,=-0.0121,=36.9091,=0.2113,=22.9379,=36.0502,=49.3420,=94.4339,=537.2167,=3.5939,=0.6382,=1.6768,=2.3257,=3.2582,=4.1294,=6.0885,=5.2896,=0.4825,=2.6005,=3.5789,=5.3375,=7.0465,=12.1954,=0.0085,=0.6399,=0.0023,=0.0056,=0.0073,=0.0142,=0.0182,,=0.0844,,=334
="399303",国证2000,2014-03-28,=0.0099,=9834.2200,=-0.0122,=50.2668,=0.7522,=23.3937,=36.3012,=42.0166,=52.4785,=91.3621,=2.4626,=0.6412,=1.4941,=2.0787,=2.2964,=2.6957,=4.0650,=1.8727,=0.7258,=1.0643,=1.3926,=1.5530,=2.0837,=3.4322,=0.0103,=0.4627,=0.0040,=0.0087,=0.0104,=0.0118,=0.0187,=0.0140,=0.0453,=0.0143,=727
="000903",中证A100,2006-05-29,=-0.0031,=4428.8600,=-0.0128,=17.2738,=0.9361,=9.4390,=11.2572,=12.6345,=14.6182,=18.7565,=1.8932,=0.9559,=1.1800,=1.3859,=1.5262,=1.6838,=1.9716,=1.6250,=0.9798,=0.9660,=1.1007,=1.2214,=1.3837,=1.7127,=0.0264,=0.2000,=0.0221,=0.0264,=0.0291,=0.0329,=0.0397,=0.0253,=0.0942,=0.0251,=3094
="931166",医药健康100,2019-04-25,=0.0166,=3980.1800,=-0.0132,=25.8601,=0.4941,=17.5935,=22.4279,=25.9922,=35.7562,=58.5515,=3.5875,=0.3300,=2.7671,=3.3753,=4.1649,=5.8423,=8.5226,=4.7108,=0.8510,=2.1887,=3.0605,=3.7984,=4.5094,=6.8190,=0.0156,=0.6700,=0.0059,=0.0080,=0.0121,=0.0179,=0.0263,=0.0346,=0.1325,=0.0321,=402
="399395",国证有色,2012-10-29,=-0.0265,=9541.8600,=-0.0134,=18.8943,=0.2569,=12.7731,=17.8511,=27.6780,=54.2364,=315.7327,=3.4125,=0.9113,=1.7304,=2.0833,=2.5062,=3.0964,=4.8522,=1.3509,=0.9398,=0.6150,=0.7945,=0.9084,=1.1737,=1.9521,=0.0169,=0.7662,=0.0031,=0.0057,=0.0103,=0.0178,=0.0242,=0.0618,=0.1543,=0.0354,=672
="931167",先进制造100,2019-04-25,=0.0057,=7631.4800,=-0.0142,=16.3388,=0.7515,=10.3762,=13.0341,=14.2951,=16.9414,=20.9116,=2.7572,=0.8398,=1.6383,=2.0294,=2.2656,=2.6228,=3.3727,=1.9119,=0.9050,=0.9031,=1.2368,=1.4450,=1.6735,=2.1795,=0.0310,=0.9005,=0.0136,=0.0208,=0.0256,=0.0294,=0.0362,=0.0404,=0.1483,=0.0310,=344
="1000002",A股全指,1994-01-01,=0.0025,=5832.9177,=-0.0146,=21.6786,=0.8124,=12.9500,=16.6929,=18.4845,=21.5689,=25.0020,=1.7968,=0.5592,=1.2633,=1.5740,=1.7419,=2.0052,=2.1910,=1.6494,=0.7765,=1.0499,=1.2419,=1.3988,=1.6691,=1.9034,=0.0196,=0.4359,=0.0142,=0.0166,=0.0205,=0.0235,=0.0329,=0.0215,=0.0745,=0.0211,=7971
="000985",中证全指,2011-08-02,=0.0025,=5832.9200,=-0.0146,=20.8215,=0.8313,=12.6044,=15.9637,=17.6530,=20.4663,=23.7678,=1.7624,=0.5526,=1.2581,=1.5484,=1.7142,=1.9468,=2.1557,=1.6195,=0.7645,=1.0381,=1.2268,=1.3874,=1.6425,=1.8438,=0.0201,=0.4482,=0.0148,=0.0174,=0.0207,=0.0240,=0.0333,=0.0216,=0.0749,=0.0212,=744
="930992",沪港深红利低波,2017-06-28,=-0.0019,=5485.4700,=-0.0147,=8.0754,=0.8965,=4.0130,=5.2183,=5.9684,=7.8503,=8.5109,=0.7635,=0.9351,=0.4277,=0.5392,=0.5948,=0.7358,=0.7950,=1.1985,=0.8263,=0.4496,=0.6023,=0.8925,=1.1878,=1.3912,=0.0484,=0.0070,=0.0476,=0.0537,=0.0713,=0.0766,=0.0949,,=0.0878,,=55
="930903",中证A股,2016-10-18,=0.0026,=4020.6100,=-0.0149,=20.7449,=0.8130,=12.9620,=16.2679,=17.8196,=20.6585,=23.9680,=1.7653,=0.5628,=1.2607,=1.5549,=1.7143,=1.9440,=2.2108,=1.6233,=0.7776,=1.0406,=1.2332,=1.3822,=1.6407,=1.9264,=0.0201,=0.4521,=0.0139,=0.0174,=0.0206,=0.0237,=0.0332,=0.0216,=0.0748,=0.0212,=21
="931130",红利成长低波,2018-12-04,=-0.0046,=23355.1400,=-0.0152,=8.0173,=0.5542,=4.4465,=5.5956,=7.7943,=8.7025,=11.5512,=0.8070,=0.3470,=0.5279,=0.6263,=0.8959,=1.0255,=1.5803,=2.7355,=0.9968,=0.3109,=0.8161,=1.3269,=1.9603,=2.8088,=0.0387,=0.3097,=0.0246,=0.0323,=0.0423,=0.0532,=0.0639,=0.0231,=0.0934,=0.0229,=154
="930839",港股通高息精选,2016-06-08,=-0.0082,=3393.3600,=-0.0160,=9.9590,=0.5595,=4.9918,=7.1350,=9.3511,=13.0947,=31.7979,=1.3679,=0.7491,=0.7294,=0.9293,=1.0783,=1.5790,=4.8768,=1.1757,=0.4616,=0.3418,=0.5599,=1.2268,=1.8480,=6.3245,=0.0515,=0.5347,=0.0089,=0.0375,=0.0497,=0.0677,=0.1118,,=0.1433,,=390
="399348",深证价值,2009-11-04,=0.0030,=6417.0600,=-0.0161,=16.7943,=0.7249,=9.9756,=12.8084,=14.9077,=17.4444,=21.4453,=1.7232,=0.5076,=1.2527,=1.4911,=1.7200,=2.0685,=2.9268,=1.2806,=0.6346,=0.8306,=1.0363,=1.1851,=1.4774,=2.1193,=0.0289,=0.6800,=0.0153,=0.0218,=0.0268,=0.0308,=0.0407,=0.0245,=0.0871,=0.0201,=293
="932037",央企现代能源,2022-11-16,=0.0008,=1435.2200,=-0.0164,=15.7657,=0.9126,=10.8583,=12.0342,=12.9200,=14.4284,=18.2611,=1.5867,=0.8273,=1.1507,=1.3432,=1.4243,=1.5744,=1.8914,=0.9448,=0.9082,=0.4850,=0.6222,=0.7564,=0.8498,=1.0835,=0.0325,=0.0820,=0.0297,=0.0356,=0.0404,=0.0430,=0.0461,=0.0273,=0.0952,=0.0272,=39
="000300",沪深300,2005-04-08,=-0.0024,=4552.0300,=-0.0168,=14.0165,=0.7489,=10.0799,=11.6919,=12.7174,=14.1765,=17.6279,=1.4508,=0.4499,=1.1457,=1.3350,=1.4676,=1.6202,=1.9228,=1.5308,=0.8705,=1.0330,=1.1718,=1.3152,=1.4685,=1.7482,=0.0273,=0.4887,=0.0199,=0.0236,=0.0274,=0.0317,=0.0422,=0.0246,=0.0934,=0.0249,=49400
="000044",上证中盘,2009-07-03,=-0.0032,=4484.2300,=-0.0174,=12.8375,=0.5402,=8.6509,=10.4793,=12.5300,=14.6389,=18.7575,=1.2094,=0.3806,=0.9210,=1.0900,=1.2683,=1.6502,=1.9734,=1.2183,=0.4309,=0.9382,=1.1499,=1.2419,=1.4238,=1.7773,=0.0295,=0.6433,=0.0180,=0.0223,=0.0270,=0.0338,=0.0421,=0.0229,=0.0859,=0.0223,=100
="HSIDI",恒生创新药指数,2023-01-01,=0.0200,=2644.6400,=-0.0182,=35.6346,=0.1106,=21.3081,=44.6901,=53.3421,=105.7766,=157.2991,=3.3031,=0.6939,=1.7148,=2.1469,=2.7081,=3.8817,=5.1867,=2.9774,=0.6972,=1.5892,=1.8474,=2.3593,=3.3814,=4.4669,=0.0091,=0.2961,=0.0053,=0.0081,=0.0122,=0.0143,=0.0173,,=0.1014,,=253
="1000012",中小板全指,2005-12-01,=0.0061,=14271.7200,=-0.0188,=36.7435,=0.2726,=22.6352,=35.3655,=41.0333,=47.5401,=73.8161,=2.6551,=0.3786,=1.7125,=2.3729,=2.7972,=3.4243,=4.5009,=1.7677,=0.2874,=1.1448,=1.6386,=1.9668,=2.5202,=3.8481,=0.0121,=0.6742,=0.0054,=0.0082,=0.0108,=0.0134,=0.0200,=0.0209,=0.0671,=0.0194,=568
="399101",中小综指,2005-12-01,=0.0061,=14271.7200,=-0.0188,=36.6364,=0.3427,=22.7937,=34.4929,=40.4313,=45.9261,=65.2068,=2.6449,=0.3806,=1.7151,=2.3689,=2.7847,=3.3964,=4.4988,=1.7932,=0.2940,=1.1654,=1.6542,=1.9936,=2.5327,=3.8809,=0.0121,=0.6841,=0.0054,=0.0083,=0.0108,=0.0134,=0.0200,=0.0208,=0.0674,=0.0195,=26
="399310",国证A50,2005-09-05,=-0.0026,=7865.8800,=-0.0189,=16.2448,=0.7823,=8.8433,=10.6013,=13.6272,=16.6592,=22.6576,=1.9779,=0.7249,=1.1237,=1.3155,=1.6819,=2.0439,=2.9417,=1.4573,=0.7303,=0.9633,=1.1381,=1.2487,=1.5146,=2.2769,=0.0247,=0.2639,=0.0160,=0.0240,=0.0294,=0.0317,=0.0370,=0.0272,=0.1076,=0.0263,=292
="930791",CS医药TI,2016-03-22,=0.0187,=9083.3100,=-0.0191,=34.3501,=0.4416,=23.2364,=30.0855,=35.4215,=40.2348,=70.7414,=2.9029,=0.1204,=2.4395,=3.0206,=3.8284,=4.5729,=6.6660,=2.6674,=0.2713,=2.0598,=2.5748,=2.9521,=3.5151,=5.1130,=0.0152,=0.8742,=0.0054,=0.0072,=0.0098,=0.0144,=0.0204,=0.0251,=0.0784,=0.0255,=199
="000987",全指材料,2011-08-02,=-0.0194,=4912.3400,=-0.0196,=21.3323,=0.5126,=11.8534,=16.4330,=21.1218,=27.6031,=543.2424,=2.4359,=0.7390,=1.3547,=1.6741,=2.0387,=2.5013,=3.3213,=1.2092,=0.6858,=0.6546,=0.8399,=1.0190,=1.3347,=1.7398,=0.0173,=0.5085,=0.0046,=0.0121,=0.0172,=0.0209,=0.0269,=0.0340,=0.0892,=0.0206,=394
="1000004",上海A股,1994-01-01,=0.0019,=3889.4400,=-0.0200,=16.8918,=0.8965,=10.8441,=12.9364,=14.2924,=16.2276,=18.4959,=1.4932,=0.5584,=1.1181,=1.3162,=1.4437,=1.5940,=1.8457,=1.4996,=0.9299,=0.9734,=1.0889,=1.2356,=1.4077,=1.6065,=0.0237,=0.3868,=0.0184,=0.0214,=0.0254,=0.0296,=0.0389,=0.0219,=0.0804,=0.0221,=4924
="000001",上证指数,1991-07-15,=0.0019,=3889.4400,=-0.0200,=16.2957,=0.8540,=10.8403,=12.7209,=13.8332,=15.9796,=17.9144,=1.4654,=0.5468,=1.1148,=1.3021,=1.4401,=1.5631,=1.8463,=1.4702,=0.9052,=0.9369,=1.0774,=1.2153,=1.4125,=1.5771,=0.0243,=0.4181,=0.0185,=0.0223,=0.0252,=0.0297,=0.0391,=0.0219,=0.0804,=0.0221,=1549
="931373",股息龙头,2019-11-15,=-0.0059,=2727.0400,=-0.0205,=10.0444,=0.8448,=5.4295,=6.9128,=8.4297,=9.6538,=11.4004,=1.1994,=0.9446,=0.6697,=0.8574,=1.0182,=1.1341,=1.2586,=1.8619,=0.9921,=0.5706,=0.8177,=0.9968,=1.4124,=1.9212,=0.0387,=0.1156,=0.0347,=0.0397,=0.0463,=0.0543,=0.0682,=0.0258,=0.1004,=0.0264,=329
="H50040",上红低波,2014-03-21,=-0.0011,=10791.4000,=-0.0214,=8.4720,=0.7827,=4.6938,=5.9512,=7.1321,=9.6645,=14.3118,=0.8606,=0.5996,=0.5647,=0.6911,=0.8311,=1.3609,=1.8756,=1.6554,=0.9922,=0.6380,=0.8684,=1.2015,=1.4113,=1.6905,=0.0411,=0.2416,=0.0230,=0.0391,=0.0465,=0.0588,=0.0718,=0.0234,=0.0936,=0.0244,=375
="932438",科创创业机器人,2025-05-16,=0.0312,=1578.6900,=-0.0232,=93.2686,=0.7468,=67.6486,=77.6549,=84.7861,=95.8710,=120.6496,=5.1561,=0.1282,=4.8391,=5.2464,=5.6370,=6.1826,=6.8835,=5.4737,=0.0449,=5.1403,=5.7172,=6.0316,=6.6152,=7.4199,=0.0038,=0.4712,=0.0030,=0.0036,=0.0039,=0.0043,=0.0049,=0.0153,=0.0666,,=67
="000819",有色金属,2012-05-09,=-0.0278,=9125.3500,=-0.0232,=18.8344,=0.2544,=12.4710,=17.7448,=27.7266,=53.0995,=193.6727,=3.5380,=0.8924,=1.7791,=2.1409,=2.6245,=3.2765,=4.9698,=1.3822,=0.9039,=0.6317,=0.8246,=0.9660,=1.2829,=1.9863,=0.0172,=0.7571,=0.0033,=0.0059,=0.0107,=0.0185,=0.0249,=0.0625,=0.1569,=0.0361,=2046
="399550",央视50,2012-06-06,=0.0071,=7894.4300,=-0.0244,=10.0139,=0.7377,=6.8960,=8.3121,=9.3598,=10.1648,=13.0561,=1.0225,=0.2515,=0.8649,=1.0116,=1.2277,=1.4261,=1.8564,=2.0943,=0.8441,=1.3448,=1.6641,=1.8346,=2.0661,=2.5217,=0.0390,=0.5616,=0.0268,=0.0326,=0.0377,=0.0446,=0.0593,=0.0237,=0.0945,=0.0248,=2278
="931395",沪港深300,2020-01-14,=-0.0016,=1682.1000,=-0.0244,=11.9970,=0.6513,=8.3275,=10.0360,=10.9062,=12.5340,=16.6490,=1.2727,=0.5837,=0.9663,=1.1054,=1.2255,=1.3683,=1.7241,=1.5713,=0.7703,=0.9881,=1.1747,=1.3341,=1.5884,=1.8801,=0.0307,=0.3008,=0.0218,=0.0273,=0.0331,=0.0392,=0.0499,,=0.0964,,=509
="399377",小盘价值,2010-01-04,=0.0010,=7509.0100,=-0.0245,=16.6442,=0.6529,=9.8385,=13.2773,=15.1881,=19.3219,=34.2299,=1.3100,=0.6550,=0.8997,=1.0824,=1.2374,=1.5258,=2.1990,=0.7394,=0.5429,=0.4594,=0.5454,=0.7121,=1.1397,=1.8295,=0.0289,=0.6859,=0.0113,=0.0198,=0.0259,=0.0310,=0.0386,=0.0183,=0.0578,=0.0162,=625
="H30269",红利低波,2013-12-19,=-0.0012,=10962.6600,=-0.0247,=8.4947,=0.7839,=4.5638,=5.5488,=6.9328,=9.4786,=14.4342,=0.8724,=0.6388,=0.5386,=0.6570,=0.7994,=1.3872,=1.9670,=1.6467,=0.9946,=0.6111,=0.8850,=1.0973,=1.4166,=1.6809,=0.0418,=0.2268,=0.0246,=0.0406,=0.0503,=0.0605,=0.0732,=0.0236,=0.0946,=0.0236,=4789
="930740",300红利LV,2018-12-04,=0.0023,=6985.3500,=-0.0256,=9.0505,=0.8761,=5.4153,=6.8431,=7.5542,=8.7614,=9.6903,=0.8764,=0.5595,=0.6159,=0.7741,=0.8572,=0.9447,=1.0604,=1.5779,=0.8660,=0.6725,=0.8591,=1.0825,=1.5175,=1.9253,=0.0423,=0.2237,=0.0370,=0.0419,=0.0452,=0.0510,=0.0622,=0.0239,=0.0932,=0.0223,=643
="930708",中证有色,2015-07-13,=-0.0270,=3005.0800,=-0.0257,=18.6931,=0.2243,=13.9228,=18.3787,=29.4862,=56.9423,=410.8504,=3.2883,=0.8581,=1.7134,=2.0956,=2.5624,=3.1675,=4.7639,=1.1863,=0.7885,=0.6123,=0.7796,=0.8961,=1.1924,=1.7984,=0.0165,=0.7868,=0.0032,=0.0057,=0.0101,=0.0168,=0.0233,=0.0592,=0.1479,=0.0346,=538
="HSSCID",恒生港股通创新药指数,2023-07-01,=0.0135,=3081.1500,=-0.0259,=35.6346,=0.1451,=20.9262,=39.0271,=44.3553,=60.9089,=216.1774,=3.3031,=0.6684,=1.6870,=2.0373,=2.6169,=4.0566,=5.1867,=2.9774,=0.6541,=1.6002,=1.8952,=2.4677,=3.5316,=4.4669,=0.0091,=0.3303,=0.0053,=0.0076,=0.0122,=0.0151,=0.0187,,=0.1014,,=125
="HSLI",恒生综合大型股指数,2001-10-03,=0.0008,=2341.7900,=-0.0274,=10.8767,=0.5774,=6.9327,=9.1517,=10.5858,=11.7587,=17.6478,=1.1086,=0.4730,=0.7133,=0.9439,=1.1167,=1.2416,=1.6032,=1.5132,=0.6249,=0.8297,=1.1852,=1.4399,=1.6322,=2.0023,=0.0344,=0.3872,=0.0207,=0.0314,=0.0355,=0.0440,=0.0582,,,,=102
="932422",A500红利低波,2025-04-09,=0.0048,=3015.0500,=-0.0284,=10.0029,=0.4554,=9.0426,=9.7757,=10.0243,=10.2222,=10.5846,=0.9736,=0.1369,=0.8811,=0.9995,=1.0375,=1.0551,=1.0978,=1.3749,=0.4851,=1.2431,=1.2970,=1.3949,=1.4663,=1.5336,=0.0419,=0.5446,=0.0388,=0.0403,=0.0416,=0.0432,=0.0466,=0.0241,=0.0948,,=387
="931802",中证龙头,2010-02-09,=-0.0073,=1791.0300,=-0.0288,=13.3051,=0.6808,=9.1945,=11.4192,=12.4376,=14.0025,=18.2393,=2.0243,=0.9278,=1.2921,=1.4766,=1.6740,=1.9018,=2.6625,=2.7200,=0.9798,=0.9048,=1.0870,=1.3731,=2.0163,=2.8954,=0.0285,=0.4437,=0.0165,=0.0261,=0.0292,=0.0352,=0.0446,=0.0324,=0.1325,=0.0308,=98
="000028",180成长,2009-01-09,=0.0009,=3799.2300,=-0.0291,=13.9553,=0.4235,=9.5268,=12.3226,=14.6720,=18.2344,=25.1474,=2.0683,=0.3047,=1.5063,=1.8662,=2.6890,=3.1694,=5.1089,=2.5505,=0.9798,=1.1581,=1.4641,=1.6358,=1.8918,=2.7082,=0.0240,=0.6503,=0.0090,=0.0178,=0.0225,=0.0253,=0.0375,=0.0333,=0.1358,=0.0227,=195
="932420",智选船舶产业,2025-05-28,=0.0089,=1402.7200,=-0.0294,=19.8640,=0.8268,=12.9248,=14.1893,=16.9609,=19.7445,=21.8048,=1.4327,=0.8431,=1.1414,=1.2433,=1.3038,=1.4221,=1.5726,=1.0311,=0.7778,=0.8043,=0.8847,=0.9499,=1.0348,=1.1519,=0.0249,=0.1961,=0.0219,=0.0250,=0.0293,=0.0317,=0.0350,=0.0198,=0.0735,,=20
="000971",等权90,2010-12-02,=0.0012,=3258.2100,=-0.0301,=13.4245,=0.7325,=8.9747,=10.9601,=11.9544,=13.7750,=19.4330,=1.5503,=0.6513,=1.1544,=1.3322,=1.4624,=1.6219,=2.2329,=1.7966,=0.9728,=1.0052,=1.1518,=1.2707,=1.5562,=1.9075,=0.0273,=0.3322,=0.0181,=0.0255,=0.0290,=0.0330,=0.0448,=0.0259,=0.1045,=0.0271,=10
="399701",深证F60,2010-05-10,=0,=7700.7900,=-0.0302,=22.0674,=0.7794,=12.1841,=17.0099,=19.9470,=22.2628,=29.1141,=2.0623,=0.2792,=1.6712,=2.0189,=2.1793,=2.5392,=3.7270,=1.3523,=0.4775,=1.0125,=1.2363,=1.3620,=1.5636,=2.4139,=0.0257,=0.8722,=0.0118,=0.0177,=0.0206,=0.0249,=0.0310,=0.0232,=0.0664,=0.0243,=1679
="000811",细分有色,2012-04-11,=-0.0273,=11030.2000,=-0.0302,=18.4835,=0.2359,=13.5118,=17.9652,=29.2926,=56.1300,=305.9562,=3.3776,=0.8829,=1.7438,=2.0869,=2.5621,=3.1718,=4.8073,=1.3143,=0.9122,=0.6338,=0.7856,=0.9037,=1.1917,=1.9173,=0.0170,=0.7913,=0.0033,=0.0057,=0.0103,=0.0172,=0.0234,=0.0611,=0.1531,=0.0352,=203
="399314",巨潮大盘,2005-02-03,=-0.0022,=4959.3900,=-0.0311,=13.1004,=0.7093,=9.6620,=11.1381,=12.0846,=13.4972,=17.5384,=1.4048,=0.4606,=1.0976,=1.2830,=1.4153,=1.5848,=1.9279,=1.5335,=0.8619,=0.9932,=1.1678,=1.3138,=1.4748,=1.8124,=0.0284,=0.4796,=0.0201,=0.0248,=0.0286,=0.0328,=0.0435,=0.0244,=0.0938,=0.0251,=17
="930949",价值回报,2017-02-24,=0.0048,=13202.9200,=-0.0322,=13.3855,=0.8800,=5.5354,=8.1753,=10.0384,=12.4802,=17.5400,=2.2225,=0.8185,=1.2865,=1.4784,=1.7524,=2.1819,=3.1701,=1.4597,=0.9697,=0.5488,=0.7128,=0.8788,=1.2790,=1.7276,=0.0361,=0.5217,=0.0155,=0.0258,=0.0352,=0.0485,=0.0681,=0.0290,=0.1096,=0.0305,=30
="HSLMI",恒生综合大中型股指数,2015-06-08,=0.0013,=3991.7400,=-0.0322,=11.5270,=0.6530,=7.0073,=9.3073,=10.6745,=12.3479,=17.7261,=1.1311,=0.5790,=0.6929,=0.9060,=1.1005,=1.2279,=1.5417,=1.3402,=0.7477,=0.6858,=0.9753,=1.1827,=1.3720,=1.6465,=0.0335,=0.4088,=0.0214,=0.0309,=0.0346,=0.0437,=0.0602,,,,=88
="399986",中证银行,2013-07-15,=-0.0063,=7357.2700,=-0.0323,=7.1498,=0.8689,=4.1183,=5.2599,=6.3191,=6.8754,=9.0846,=0.6867,=0.4499,=0.4848,=0.5836,=0.7115,=0.8901,=1.2416,=2.6845,=0.9097,=1.4134,=1.7842,=2.1821,=2.5355,=3.3016,=0.0406,=0.1699,=0.0285,=0.0411,=0.0458,=0.0572,=0.0756,=0.0226,=0.0881,=0.0236,=9676
="000929",中证材料,2009-07-03,=-0.0195,=4317.2800,=-0.0327,=19.9882,=0.5336,=9.9126,=14.1083,=19.5201,=24.6348,=453.6656,=2.4033,=0.8557,=1.3680,=1.6188,=1.9046,=2.3168,=3.1607,=1.1902,=0.7942,=0.6315,=0.7658,=0.8823,=1.1991,=1.5845,=0.0187,=0.4614,=0.0058,=0.0135,=0.0200,=0.0239,=0.0294,=0.0399,=0.1037,=0.0230,=527
="399702",深证F120,2010-05-10,=0.0004,=7327.1700,=-0.0328,=24.6459,=0.9348,=12.6034,=17.7484,=20.7872,=22.6559,=28.8861,=2.2341,=0.5332,=1.5963,=1.9896,=2.2160,=2.6272,=3.5867,=1.4175,=0.6190,=0.8721,=1.1406,=1.3246,=1.5883,=2.2308,=0.0216,=0.7138,=0.0114,=0.0165,=0.0194,=0.0232,=0.0299,=0.0250,=0.0726,=0.0233,=1429
="399698",优势成长,2017-06-15,=0.0208,=50372.5800,=-0.0337,=26.9635,=0.6477,=14.2338,=18.2714,=23.2692,=35.4585,=66.5130,=1.4611,=0.1603,=1.2178,=1.4859,=1.9002,=2.2937,=2.9395,=2.3533,=0.7641,=0.6634,=1.0679,=1.7232,=2.5816,=4.7303,=0.0262,=0.9270,=0.0069,=0.0108,=0.0160,=0.0212,=0.0303,=0.0192,=0.0690,=0.0052,=42
="HSHYLV",恒生港股通高股息低波动指数,2017-05-08,=-0.0080,=4317.0700,=-0.0338,=7.7638,=0.8609,=3.5572,=4.6622,=6.0168,=7.3112,=9.5068,=0.6980,=0.6808,=0.3828,=0.4862,=0.5878,=0.8093,=1.1073,=0.9319,=0.5774,=0.4386,=0.6601,=0.8518,=1.4051,=2.0623,=0.0516,=0.1553,=0.0385,=0.0530,=0.0640,=0.0816,=0.1103,,=0.0873,,=1561
="932000",中证2000,2023-08-11,=0.0161,=3094.2900,=-0.0340,=114.3016,=0.5878,=44.0427,=58.4127,=88.7670,=153.6919,=228.3990,=2.5487,=0.6531,=1.5089,=1.9853,=2.3554,=2.8543,=3.3036,=2.1039,=0.6612,=1.1809,=1.5622,=1.8790,=2.3259,=2.6726,=0.0081,=0.3129,=0.0062,=0.0077,=0.0091,=0.0113,=0.0155,=0.0098,=0.0154,=0.0097,=1232
="931000",大湾区,2017-07-19,=0.0067,=1707.6800,=-0.0346,=18.8337,=0.7715,=11.8370,=14.5748,=16.2519,=19.1307,=23.4463,=2.0518,=0.4706,=1.3750,=1.7709,=2.0734,=2.5457,=3.2666,=1.5166,=0.4439,=1.1015,=1.3364,=1.5629,=1.8692,=2.5221,=0.0218,=0.4896,=0.0138,=0.0173,=0.0220,=0.0260,=0.0341,=0.0236,=0.0809,=0.0227,=16
="931587",500价值稳健,2020-11-09,=0.0063,=21179.1300,=-0.0349,=16.9553,=0.9327,=9.7530,=12.2202,=14.2463,=15.6400,=19.8926,=1.3662,=0.8559,=0.8925,=1.0580,=1.1626,=1.3250,=1.5437,=0.8144,=0.9848,=0.3384,=0.4612,=0.5135,=0.5916,=0.8392,=0.0333,=0.4728,=0.0250,=0.0298,=0.0336,=0.0360,=0.0456,=0.0221,=0.0672,=0.0198,=80
="399371",国证价值,2010-01-04,=-0.0005,=6950.9500,=-0.0350,=9.9323,=0.7221,=6.4728,=7.8356,=9.0963,=10.3237,=13.0475,=0.9919,=0.4705,=0.7249,=0.8967,=1.0029,=1.2191,=1.5675,=1.1206,=0.8297,=0.5764,=0.7536,=0.8692,=1.0946,=1.3812,=0.0379,=0.3773,=0.0249,=0.0340,=0.0395,=0.0477,=0.0565,=0.0233,=0.0892,=0.0237,=152
="000010",上证180,2002-07-01,=0.0010,=9664.7500,=-0.0351,=11.9041,=0.7146,=8.4900,=9.9408,=11.0428,=12.1444,=14.6942,=1.2286,=0.4219,=0.9930,=1.1498,=1.2560,=1.3646,=1.6698,=1.4094,=0.9023,=0.8990,=1.0652,=1.1944,=1.3133,=1.4916,=0.0309,=0.4652,=0.0224,=0.0272,=0.0313,=0.0373,=0.0465,=0.0240,=0.0943,=0.0246,=2510
="931446",东证红利低波,2020-04-21,=-0.0013,=3322.0200,=-0.0351,=8.4764,=0.7858,=5.1478,=6.1949,=7.2051,=8.5270,=11.0216,=0.8278,=0.7299,=0.5884,=0.6981,=0.7676,=0.8690,=1.2481,=1.5151,=0.9408,=0.5909,=0.7579,=0.8975,=1.3405,=1.5979,=0.0413,=0.1683,=0.0325,=0.0416,=0.0484,=0.0563,=0.0651,=0.0224,=0.0895,=0.0240,=904
="H30455",沪港深500,2014-11-28,=-0.0008,=2563.8700,=-0.0351,=12.8347,=0.7298,=8.5690,=10.3715,=11.5537,=13.2242,=16.8903,=1.3337,=0.5887,=0.9675,=1.1610,=1.2957,=1.4056,=1.7307,=1.5605,=0.8507,=0.9518,=1.1783,=1.3300,=1.5202,=1.7787,=0.0296,=0.3919,=0.0214,=0.0275,=0.0306,=0.0375,=0.0485,,=0.0953,,=525
="931082",A500现金流,2025-07-16,=-0.0008,=4374.4100,=-0.0352,=14.5953,=0.6185,=11.3087,=12.3586,=14.0673,=14.9563,=16.5522,=1.6718,=0.2037,=1.4812,=1.6685,=1.8356,=1.9486,=2.0613,=1.3512,=0.3000,=1.2039,=1.3153,=1.3989,=1.5533,=1.6378,=0.0336,=0.1074,=0.0310,=0.0345,=0.0374,=0.0427,=0.0482,=0.0315,=0.1166,,=132
="HSCAIT",恒生A股行业龙头指数,2009-09-21,=-0.0005,=5556.9000,=-0.0355,=12.3761,=0.8797,=8.2192,=9.8003,=10.5477,=11.8765,=14.1027,=1.3290,=0.7179,=1.0288,=1.1884,=1.2677,=1.3563,=1.6997,=1.3357,=0.9242,=0.8424,=0.9741,=1.0587,=1.2220,=1.4109,=0.0339,=0.4176,=0.0260,=0.0318,=0.0347,=0.0405,=0.0503,=0.0256,=0.1023,=0.0256,=494
="H30089",红利潜力,2013-07-02,=0.0001,=9590.0300,=-0.0358,=16.1541,=0.3221,=12.7702,=15.7141,=16.8555,=20.6070,=29.7267,=2.7623,=0.6940,=1.5457,=2.0199,=2.5110,=2.9135,=4.3960,=2.1782,=0.7959,=0.7611,=0.9586,=1.7779,=2.1853,=2.8465,=0.0351,=0.6610,=0.0172,=0.0258,=0.0318,=0.0373,=0.0456,=0.0404,=0.1605,=0.0444,=552
="000955",中证国企,2010-02-09,=-0.0001,=1536.9400,=-0.0367,=14.8680,=0.7819,=10.0979,=11.7062,=12.7317,=14.9541,=16.8119,=1.2581,=0.4264,=1.0210,=1.1826,=1.2858,=1.4109,=1.7591,=1.2817,=0.7951,=0.7969,=0.9757,=1.0895,=1.2828,=1.4527,=0.0273,=0.4973,=0.0195,=0.0242,=0.0273,=0.0324,=0.0414,=0.0213,=0.0765,=0.0217,=44
="931157",SHS红利成长LV,2019-04-25,=-0.0003,=7175.8400,=-0.0374,=7.8935,=0.6645,=4.1261,=5.6162,=7.0042,=8.3136,=11.5318,=0.7875,=0.4518,=0.5154,=0.6285,=0.8041,=0.9186,=1.5888,=1.7122,=0.9957,=0.5018,=0.7142,=1.0437,=1.4268,=1.7619,=0.0453,=0.3134,=0.0259,=0.0420,=0.0481,=0.0556,=0.0761,,=0.0964,,=358
="000043",超大盘,2009-04-23,=-0.0001,=2518.1500,=-0.0377,=11.2948,=0.5724,=7.5271,=9.4626,=10.9287,=12.8870,=17.2195,=1.3434,=0.4495,=0.9803,=1.2132,=1.3552,=1.5050,=1.9858,=2.1984,=0.9538,=0.7153,=0.8691,=1.2656,=1.5318,=2.3305,=0.0321,=0.4631,=0.0191,=0.0242,=0.0326,=0.0406,=0.0547,=0.0268,=0.1053,=0.0277,=167
="399019",创业200,2023-11-15,=0.0125,=4371.5100,=-0.0384,=67.4387,=0.3130,=45.1604,=60.2464,=83.2331,=109.9845,=137.0675,=3.2487,=0.5130,=1.8905,=2.4884,=3.2286,=3.8733,=4.5553,=3.1005,=0.6244,=1.7802,=2.3411,=2.8862,=3.4152,=4.2060,=0.0080,=0.5863,=0.0055,=0.0065,=0.0078,=0.0089,=0.0120,=0.0165,=0.0404,=0.0111,=86
="931586",300价值稳健,2020-11-09,=0.0020,=7330.6900,=-0.0396,=11.5242,=0.6202,=8.1741,=9.7129,=11.1709,=12.7134,=15.0111,=1.2830,=0.3599,=0.9699,=1.1954,=1.3220,=1.5112,=1.6570,=1.2919,=0.8080,=0.7359,=0.8663,=0.9889,=1.2645,=1.5639,=0.0360,=0.3791,=0.0248,=0.0321,=0.0371,=0.0406,=0.0470,=0.0264,=0.1070,=0.0304,=43
="930955",红利低波100,2017-05-26,=0.0034,=11306.8700,=-0.0411,=9.0586,=0.8464,=5.0805,=6.0801,=7.4515,=8.6709,=11.5013,=0.8929,=0.6527,=0.5792,=0.6673,=0.8314,=0.9856,=1.3722,=1.5280,=0.9630,=0.5888,=0.7806,=0.9935,=1.3767,=1.7525,=0.0430,=0.1923,=0.0270,=0.0431,=0.0470,=0.0560,=0.0683,=0.0234,=0.0928,=0.0257,=2421
="950090",50AH优选,2015-12-10,=0.0016,=5925.9900,=-0.0417,=9.7807,=0.7729,=6.3188,=7.9171,=8.7083,=9.8648,=13.5010,=1.0621,=0.6019,=0.7914,=0.9506,=1.0318,=1.1230,=1.5403,=1.3843,=0.9604,=0.6574,=0.8491,=0.9567,=1.0771,=1.4553,=0.0364,=0.3240,=0.0256,=0.0346,=0.0397,=0.0476,=0.0655,,=0.1007,,=1998
="932315",中证红利质量,2024-07-08,=-0.0037,=4324.3000,=-0.0421,=15.8973,=0.5888,=12.3916,=13.9162,=15.6458,=16.5800,=18.7206,=3.0340,=0.5097,=2.1812,=2.4250,=3.0292,=3.9503,=4.4900,=3.7124,=0.9846,=2.0136,=2.2310,=3.0345,=3.2272,=3.7823,=0.0362,=0.1081,=0.0312,=0.0369,=0.0389,=0.0420,=0.0443,=0.0482,=0.1829,=0.0412,=577
="399313",巨潮100,2005-02-03,=-0.0025,=5215.8600,=-0.0424,=12.3041,=0.7658,=8.9278,=10.3882,=11.1404,=12.4332,=16.6101,=1.3573,=0.5563,=1.0718,=1.2426,=1.3393,=1.4929,=1.8501,=1.6903,=0.9798,=0.9844,=1.1492,=1.2731,=1.4582,=1.7644,=0.0291,=0.3460,=0.0217,=0.0274,=0.0303,=0.0349,=0.0452,=0.0250,=0.0999,=0.0255,=210
="950180",科创AI,2024-07-25,=0.0161,=2150.4600,=-0.0431,=147.9874,=0.5327,=66.2784,=99.7226,=144.7029,=184.5353,=271.3436,=12.4115,=0.8594,=3.9039,=6.0484,=9.7319,=11.9409,=18.6594,=18.9232,=0.9030,=6.3298,=9.5452,=14.4113,=17.0911,=29.3547,=0.0017,=0.0970,=0.0012,=0.0023,=0.0028,=0.0049,=0.0077,=0.0274,=0.0670,=0.0163,=225
="931069",中金300,2018-02-14,=-0.0038,=4785.0700,=-0.0438,=9.9040,=0.6689,=5.9518,=7.5946,=9.3132,=10.4715,=13.6164,=1.0560,=0.4908,=0.7377,=0.9247,=1.0634,=1.3508,=1.8328,=1.3337,=0.8030,=0.6656,=0.8733,=1.1175,=1.3307,=1.7542,=0.0379,=0.4710,=0.0253,=0.0318,=0.0386,=0.0472,=0.0560,=0.0231,=0.0958,=0.0284,=104
="931484",CS医药创新,2020-05-06,=0.0167,=1386.1700,=-0.0439,=23.7181,=0.1848,=18.2098,=24.1360,=27.3977,=43.7429,=86.1757,=4.3126,=0.1189,=3.3236,=4.5192,=5.3660,=11.2617,=17.5605,=5.4047,=0.1816,=3.7485,=5.4861,=6.3619,=11.2664,=20.8272,=0.0154,=0.6479,=0.0021,=0.0045,=0.0134,=0.0166,=0.0269,=0.0424,=0.1752,=0.0382,=405
="000683",科创生物,2022-05-09,=0.0118,=1024.7200,=-0.0445,=82.5109,=0.0852,=31.4909,=146.5675,=1752.0233,=-214.6765,=97054.3385,=6.2165,=0.7550,=4.0903,=4.9122,=5.4613,=6.4014,=7.9611,=9.5920,=0.2842,=7.6079,=9.2303,=10.3115,=11.4365,=14.1963,=0.0027,=0.1033,=0.0025,=0.0030,=0.0046,=0.0061,=0.0086,=0.0094,=0.0457,=0.0035,=70
="980092",自由现金流,2012-12-28,=0.0015,=5138.7700,=-0.0462,=13.8583,=0.7073,=11.1075,=12.2428,=12.9481,=14.3554,=16.4362,=1.4480,=0.1218,=1.2604,=1.4850,=1.5756,=1.6526,=1.8134,=0.9114,=0.3462,=0.7577,=0.8679,=0.9373,=0.9775,=1.0805,=0.0346,=0.2179,=0.0287,=0.0344,=0.0369,=0.0388,=0.0437,=0.0285,=0.1047,=0.0263,=1592
="000919",300价值,2008-01-21,=-0.0012,=5067.4600,=-0.0472,=9.1062,=0.7332,=5.9577,=7.3283,=8.4453,=9.2438,=12.2376,=0.9181,=0.4478,=0.6917,=0.8489,=0.9334,=1.1321,=1.5388,=1.1350,=0.8693,=0.6314,=0.7861,=0.9060,=1.1101,=1.3421,=0.0393,=0.3522,=0.0265,=0.0367,=0.0407,=0.0490,=0.0609,=0.0228,=0.0921,=0.0242,=4341
="000042",上证央企,2009-03-30,=-0.0007,=1725.4900,=-0.0474,=10.3503,=0.8767,=6.3284,=7.8863,=9.2276,=10.0858,=12.9577,=1.0220,=0.6379,=0.7230,=0.8871,=0.9826,=1.1115,=1.4812,=1.3483,=0.9951,=0.6569,=0.8569,=0.9790,=1.1522,=1.3891,=0.0354,=0.2140,=0.0261,=0.0350,=0.0381,=0.0469,=0.0583,=0.0224,=0.0920,=0.0234,=391
="000813",细分化工,2012-04-11,=-0.0139,=3626.4500,=-0.0489,=18.9465,=0.3674,=11.4329,=16.5252,=21.8227,=27.4834,=42.1751,=2.4617,=0.4437,=1.6736,=2.0410,=2.5796,=3.0887,=4.9148,=1.3939,=0.4957,=0.8896,=1.1114,=1.3995,=1.9421,=3.1071,=0.0188,=0.7027,=0.0059,=0.0108,=0.0166,=0.0201,=0.0259,=0.0394,=0.0961,=0.0234,=998
="399020",创业小盘,2023-11-15,=0.0153,=1689.8100,=-0.0495,=105.0783,=0.2957,=48.5170,=82.6203,=143.2219,=211.6619,=256.8495,=3.3730,=0.5721,=1.8521,=2.4673,=3.2336,=3.7815,=4.3734,=3.3269,=0.5706,=1.9895,=2.5850,=3.2015,=3.7879,=4.2999,=0.0062,=0.2095,=0.0050,=0.0061,=0.0068,=0.0082,=0.0109,=0.0115,=0.0199,=0.0104,=13
="931526",企业核心竞争力50,2020-08-24,=-0.0011,=1246.0500,=-0.0495,=14.0140,=0.0076,=13.8510,=17.0463,=22.5799,=29.8053,=51.8267,=1.7136,=0.0096,=1.6745,=2.3998,=4.0347,=6.7502,=10.8733,=2.0256,=0.3388,=0.9066,=1.5220,=3.4159,=4.4941,=7.9459,=0.0274,=0.8289,=0.0072,=0.0118,=0.0173,=0.0263,=0.0352,=0.0371,=0.1485,=0.0461,=101
="000978",医药100,2011-03-18,=0.0188,=9904.4000,=-0.0502,=31.7171,=0.3707,=23.7467,=28.9111,=33.6684,=37.6606,=66.4077,=3.1071,=0.1093,=2.6475,=3.2346,=4.1684,=5.0232,=7.8052,=2.9098,=0.3637,=2.0946,=2.6763,=3.1159,=3.6588,=5.9820,=0.0155,=0.8536,=0.0050,=0.0071,=0.0094,=0.0149,=0.0209,=0.0280,=0.0911,=0.0286,=4725
="930957",港股通中国100,2017-06-23,=-0.0011,=3594.7900,=-0.0504,=10.5229,=0.7435,=5.4625,=7.6104,=8.9718,=10.7926,=13.3106,=1.1192,=0.6075,=0.6571,=0.8660,=1.0743,=1.1986,=1.5222,=1.4306,=0.8464,=0.6789,=0.9660,=1.1322,=1.3752,=1.6609,=0.0340,=0.2892,=0.0251,=0.0331,=0.0368,=0.0501,=0.0691,,=0.1031,,=20
="000021",180治理,2008-09-10,=-0.0010,=1033.2800,=-0.0505,=10.9082,=0.8796,=6.3364,=8.4357,=9.7473,=10.6129,=13.6109,=1.1328,=0.6169,=0.7542,=0.9755,=1.0947,=1.2159,=1.5847,=1.4462,=0.9641,=0.6625,=0.8519,=0.9540,=1.1529,=1.4979,=0.0372,=0.5377,=0.0241,=0.0330,=0.0366,=0.0448,=0.0548,=0.0243,=0.0995,=0.0258,=168
="000016",上证50,2004-01-02,=0.0016,=2875.5100,=-0.0513,=11.2803,=0.7163,=8.3126,=9.6664,=10.5323,=11.5646,=15.1108,=1.2436,=0.5208,=1.0245,=1.1706,=1.2395,=1.3330,=1.6482,=1.6002,=0.9691,=0.8665,=1.0182,=1.1380,=1.2971,=1.6553,=0.0319,=0.3555,=0.0240,=0.0291,=0.0334,=0.0397,=0.0497,=0.0249,=0.1007,=0.0262,=23636
="399398",绩效指数,2012-11-19,=0.0052,=10052.1100,=-0.0514,=17.6485,=0.3864,=9.4274,=11.8831,=18.3600,=21.6274,=36.1591,=3.3065,=0.3835,=1.3709,=1.7899,=3.5798,=4.3854,=6.4752,=3.2227,=0.7192,=1.5825,=2.2383,=2.9165,=3.4328,=5.0073,=0.0366,=0.7427,=0.0140,=0.0234,=0.0323,=0.0374,=0.0430,=0.0495,=0.1771,=0.0433,=23
="HSCESI",恒生中国企业精明指数,2015-06-08,=-0.0030,=12180.5700,=-0.0517,=9.9468,=0.7802,=6.0524,=7.9771,=8.7004,=10.0620,=15.8114,=1.0333,=0.5682,=0.6924,=0.9058,=1.0116,=1.1579,=1.7191,=1.3746,=0.7418,=0.8066,=1.0050,=1.0986,=1.4384,=2.0876,=0.0341,=0.2479,=0.0200,=0.0332,=0.0382,=0.0443,=0.0600,,=0.1052,,=93
="930851",云计算,2016-07-20,=0.0030,=6147.4600,=-0.0518,=59.2313,=0.3306,=37.0632,=53.1089,=68.3756,=96.0413,=313.0672,=7.4740,=0.9410,=2.7148,=3.6094,=4.3185,=5.4792,=9.9453,=4.7995,=0.9134,=1.6839,=2.4310,=3.1339,=3.8098,=6.4649,=0.0033,=0.3179,=0.0021,=0.0031,=0.0037,=0.0050,=0.0080,=0.0301,=0.0896,=0.0112,=483
="H30356",800价值,2014-06-09,=-0.0013,=6298.2500,=-0.0524,=9.6493,=0.6911,=6.4024,=7.7145,=9.0659,=9.9393,=13.4784,=0.9610,=0.4654,=0.7030,=0.8643,=0.9833,=1.1647,=1.6287,=1.0808,=0.7944,=0.5868,=0.7416,=0.8860,=1.0824,=1.3738,=0.0383,=0.4795,=0.0239,=0.0337,=0.0386,=0.0475,=0.0589,=0.0232,=0.0908,=0.0237,=34
="HSCEI",恒生中国企业指数,1994-08-08,=-0.0031,=8445.3700,=-0.0525,=9.9858,=0.7823,=6.0524,=7.9820,=8.7088,=10.0985,=15.8114,=1.0358,=0.5690,=0.6924,=0.9058,=1.0129,=1.1595,=1.7191,=1.3785,=0.7420,=0.8066,=1.0058,=1.0988,=1.4423,=2.0876,=0.0339,=0.2470,=0.0200,=0.0331,=0.0381,=0.0444,=0.0600,,=0.1052,,=4770
="932368",800现金流,2024-12-11,=-0.0002,=4839.6300,=-0.0536,=14.3996,=0.8039,=9.9108,=10.8505,=11.9311,=14.3831,=15.6891,=1.9671,=0.9637,=1.4048,=1.5422,=1.7241,=1.8952,=2.0110,=1.6556,=0.9806,=1.0036,=1.1082,=1.3307,=1.4442,=1.6811,=0.0342,=0.0630,=0.0311,=0.0353,=0.0419,=0.0467,=0.0553,=0.0283,=0.1177,=0.0451,=245
="931992",疫苗生物,2013-07-15,=0.0106,=1141.7400,=-0.0542,=182.1479,=0.8466,=26.1322,=64.9899,=88.6783,=167.2756,=55588.3979,=3.0077,=0.4680,=2.2475,=2.7019,=3.0438,=3.6228,=5.0256,=5.3613,=0.6313,=3.7134,=4.7076,=5.1936,=5.5910,=6.4257,=0.0100,=0.6844,=0.0060,=0.0068,=0.0088,=0.0105,=0.0125,=0.0112,=0.0013,=0.0085,=34
="932367",500现金流,2024-11-12,=0.0018,=3459.9800,=-0.0545,=19.2978,=0.8594,=12.7635,=14.1253,=17.0389,=18.9122,=20.8865,=1.5427,=0.0876,=1.4139,=1.6286,=1.7420,=1.9759,=2.3672,=0.9256,=0.0968,=0.8544,=0.9984,=1.2261,=1.2833,=1.4394,=0.0312,=0.4516,=0.0247,=0.0290,=0.0316,=0.0367,=0.0403,=0.0308,=0.1139,=0.0305,=128
="H30171",运输指数,2013-07-15,=0.0002,=1525.8300,=-0.0565,=17.0365,=0.3345,=14.1889,=16.3565,=17.9543,=25.3479,=51.4445,=1.2969,=0.0768,=1.1914,=1.3504,=1.5004,=1.6850,=2.3737,=0.6855,=0.3955,=0.5217,=0.6290,=0.8197,=1.1893,=1.9196,=0.0283,=0.6698,=0.0111,=0.0149,=0.0201,=0.0303,=0.0375,=0.0207,=0.0585,=0.0181,=94
="000945",内地运输,2009-10-28,=-0.0024,=1393.4600,=-0.0570,=16.8813,=0.2878,=13.9394,=16.4433,=19.2476,=27.8199,=72.7429,=1.3447,=0.0812,=1.2245,=1.4025,=1.5540,=1.7724,=2.4452,=0.7712,=0.4181,=0.5140,=0.6447,=0.8936,=1.3562,=1.9188,=0.0294,=0.6656,=0.0105,=0.0141,=0.0179,=0.0327,=0.0436,=0.0219,=0.0581,=0.0167,=83
="399373",大盘价值,2010-01-04,=-0.0007,=8082.1100,=-0.0574,=8.8393,=0.6602,=5.4746,=6.8623,=8.3403,=9.1146,=11.9914,=0.9060,=0.4553,=0.6410,=0.8033,=0.9357,=1.1377,=1.5001,=1.1873,=0.8928,=0.5920,=0.7817,=0.9283,=1.1471,=1.4541,=0.0409,=0.3781,=0.0275,=0.0369,=0.0428,=0.0526,=0.0641,=0.0236,=0.0939,=0.0248,=336
="931247",中证信创,2012-12-21,=0.0066,=1376.5200,=-0.0596,=55.8415,=0,=55.8415,=99.8953,=192.1642,=272.1142,=369.3964,=5.4846,=0.6885,=2.7947,=3.5352,=4.7319,=6.0283,=7.8335,=4.3642,=0.5609,=2.8203,=3.4294,=4.1786,=4.9558,=6.1894,=0.0037,=0.2470,=0.0029,=0.0036,=0.0042,=0.0052,=0.0076,=0.0271,=0.0400,=0.0016,=105
="HSMI",恒生综合中型股指数,2001-10-03,=0.0044,=4685.0100,=-0.0597,=14.3750,=0.7440,=7.1837,=9.6369,=11.3159,=14.7543,=19.0737,=1.2127,=0.7700,=0.6229,=0.7817,=1.0105,=1.2298,=1.5312,=0.9721,=0.9191,=0.4186,=0.5568,=0.6725,=0.8226,=1.0938,=0.0305,=0.3824,=0.0208,=0.0280,=0.0329,=0.0427,=0.0675,,,,=162
="931375",300质量低波,2019-11-25,=-0.0065,=15916.8900,=-0.0614,=10.3215,=0.4130,=6.4946,=8.1699,=10.9804,=13.5327,=22.0532,=1.3819,=0.4374,=0.8054,=1.0886,=1.5215,=2.0505,=3.3245,=2.6630,=0.9866,=1.0044,=1.3373,=1.6864,=2.1049,=2.7563,=0.0317,=0.2859,=0.0151,=0.0279,=0.0349,=0.0402,=0.0521,=0.0279,=0.1211,=0.0298,=115
="980015",疫苗生科,2015-02-16,=0.0165,=5887.3900,=-0.0634,=45.3546,=0.5677,=24.1714,=31.2604,=43.1290,=53.5557,=80.8207,=3.8237,=0.3447,=2.9980,=3.5802,=4.0918,=6.3815,=11.0606,=6.6749,=0.5605,=4.5746,=5.4948,=6.4523,=8.7600,=15.0694,=0.0100,=0.5163,=0.0026,=0.0055,=0.0099,=0.0133,=0.0175,=0.0223,=0.0693,=0.0219,=74
="HSCGSI",恒生消费指数,2015-08-17,=-0.0066,=2417,=-0.0637,=14.8451,=0.0232,=13.5420,=17.7551,=20.3482,=46.9799,=191.0166,=2.5145,=0.4332,=1.6557,=2.1677,=2.5823,=3.0646,=4.3429,=1.3508,=0.2926,=0.9965,=1.2700,=1.5540,=1.8502,=2.9413,=0.0443,=0.9772,=0.0097,=0.0178,=0.0253,=0.0323,=0.0488,,=0.1743,,=882
="931588",1000价值稳健,2020-11-09,=0.0114,=33555.8600,=-0.0638,=18.7018,=0.5206,=12.8074,=16.7538,=18.5133,=20.5365,=25.6024,=1.3514,=0.3432,=1.0253,=1.2793,=1.4276,=1.5586,=1.9102,=0.7751,=0.9508,=0.4756,=0.5555,=0.6295,=0.7087,=0.8427,=0.0267,=0.6698,=0.0168,=0.0207,=0.0251,=0.0290,=0.0392,=0.0162,=0.0641,=0.0212,=109
="930598",稀土产业,2015-03-02,=-0.0092,=2625.9200,=-0.0644,=31.4613,=0.3052,=21.1133,=29.2013,=39.2883,=68.3150,=235.0768,=2.9656,=0.7695,=1.4810,=1.9699,=2.3148,=3.0438,=4.3047,=1.3768,=0.6478,=0.6656,=0.9718,=1.1868,=1.6426,=2.1537,=0.0109,=0.9534,=0.0025,=0.0048,=0.0068,=0.0094,=0.0135,=0.0350,=0.0883,=0.0227,=754
="931645",1000红利,2024-03-15,=0.0059,=2318.1700,=-0.0660,=15.7373,=0.8921,=11.2896,=12.4812,=13.8725,=15.2249,=18.1886,=1.1338,=0.2361,=0.9871,=1.1289,=1.1888,=1.2421,=1.3469,=0.7233,=0.3406,=0.5734,=0.6795,=0.7511,=0.8114,=0.8871,=0.0345,=0.3170,=0.0305,=0.0339,=0.0362,=0.0408,=0.0471,=0.0179,=0.0646,=0.0199,=26
="000901",小康指数,2010-04-02,=0.0006,=5919.9700,=-0.0668,=10.7729,=0.4326,=8.5492,=9.9918,=10.9129,=12.5401,=15.5671,=1.0362,=0.0800,=0.9488,=1.0793,=1.2109,=1.4157,=1.7818,=1.0300,=0.6800,=0.7500,=0.8929,=0.9786,=1.0556,=1.2662,=0.0343,=0.6940,=0.0175,=0.0252,=0.0296,=0.0364,=0.0436,=0.0231,=0.0878,=0.0238,=258
="930651",CS计算机,2015-06-05,=0.0072,=7233.4600,=-0.0672,=39.3952,=0.0573,=33.6687,=44.1679,=56.1174,=66.8037,=115.0591,=4.5347,=0.5612,=2.6283,=3.7942,=4.3706,=5.0875,=6.5144,=2.7772,=0.1196,=2.0877,=2.9053,=3.5771,=4.2691,=5.5248,=0.0110,=0.9489,=0.0028,=0.0059,=0.0071,=0.0091,=0.0156,=0.0244,=0.0892,=0.0073,=667
="000029",180价值,2009-01-09,=-0.0029,=4152.9300,=-0.0674,=8.3091,=0.7179,=5.6894,=6.9075,=7.8729,=8.5069,=10.8138,=0.8368,=0.3761,=0.6666,=0.8014,=0.8566,=1.0632,=1.4433,=1.1274,=0.9130,=0.6198,=0.7825,=0.9447,=1.0738,=1.4032,=0.0393,=0.1909,=0.0290,=0.0396,=0.0429,=0.0522,=0.0634,=0.0228,=0.0896,=0.0243,=559
="H30590",机器人,2015-02-10,=0.0186,=1779.4800,=-0.0675,=53.4207,=0.5711,=24.1742,=42.0198,=50.8648,=63.2897,=89.9138,=4.3668,=0.7744,=2.1765,=2.8831,=3.6950,=4.4486,=6.0751,=4.2446,=0.7860,=1.6011,=2.4247,=3.4042,=4.2977,=5.4887,=0.0078,=0.7744,=0.0045,=0.0055,=0.0069,=0.0079,=0.0128,=0.0149,=0.0720,=0.0144,=947
="932431",300质量,2025-03-18,=-0.0059,=1907.9900,=-0.0677,=10.7974,=0.9802,=9.4685,=9.9955,=10.1590,=10.3969,=11.0156,=1.1634,=0.9462,=1.0616,=1.1036,=1.1298,=1.1484,=1.1879,=2.2926,=0.9462,=2.0194,=2.1516,=2.2047,=2.2550,=2.3386,=0.0336,=0.0113,=0.0331,=0.0357,=0.0374,=0.0392,=0.0487,=0.0253,=0.1012,=0.0271,=17
="000909",300材料,2007-07-02,=-0.0217,=3820.7800,=-0.0679,=16.9157,=0.4070,=10.2722,=14.5958,=18.1530,=24.3439,=1339.3279,=2.5434,=0.8190,=1.4655,=1.7363,=2.0138,=2.4976,=3.8763,=1.2410,=0.8049,=0.6983,=0.8432,=0.9915,=1.2381,=1.9427,=0.0207,=0.5122,=0.0057,=0.0142,=0.0204,=0.0243,=0.0291,=0.0473,=0.1225,=0.0288,=20
="932365",中证现金流,2024-12-11,=0.0016,=4907.1200,=-0.0685,=14.3441,=0.7506,=10.1873,=10.9910,=12.2233,=14.5738,=15.8261,=1.6567,=0.1985,=1.4661,=1.6570,=1.7619,=1.8772,=2.0150,=0.9082,=0.0823,=0.8463,=1.1409,=1.3735,=1.5081,=1.6205,=0.0359,=0.1985,=0.0305,=0.0359,=0.0415,=0.0471,=0.0550,=0.0286,=0.1155,=0.0394,=732
="000925",基本面50,2009-02-26,=-0.0013,=4297.5200,=-0.0695,=9.7462,=0.6738,=6.2635,=7.9688,=9.1791,=10.0957,=12.7955,=1.0240,=0.4515,=0.7306,=0.9013,=1.0454,=1.1921,=1.5728,=1.0789,=0.7406,=0.6037,=0.7864,=0.9667,=1.1049,=1.4866,=0.0369,=0.4338,=0.0256,=0.0338,=0.0376,=0.0468,=0.0563,=0.0227,=0.0882,=0.0241,=4563
="930838",CS高股息,2016-06-08,=0.0089,=6707.9700,=-0.0708,=17.9658,=0.5159,=10.7704,=14.2530,=17.7886,=22.5023,=29.5345,=3.4695,=0.7942,=1.8272,=2.3324,=2.8242,=3.4933,=5.4603,=3.3071,=0.6652,=1.6703,=2.0490,=2.5041,=3.7457,=5.1335,=0.0276,=0.5489,=0.0136,=0.0201,=0.0266,=0.0363,=0.0519,=0.0550,=0.1877,=0.0570,=175
="931027",港股通大消费,2017-11-06,=-0.0031,=2899.1400,=-0.0709,=24.8923,=0.4922,=14.6383,=20.4732,=25.1125,=51.4707,=105.3721,=2.7529,=0.1498,=2.2514,=2.8424,=3.2304,=4.3184,=9.1499,=1.6119,=0.3650,=1.0973,=1.4422,=1.7541,=2.4784,=5.7985,=0.0210,=0.6986,=0.0056,=0.0113,=0.0178,=0.0230,=0.0323,,=0.1064,,=50
="HSML25",恒生中国(香港上市)30指数,2003-01-20,=-0.0020,=8781.0100,=-0.0720,=9.6239,=0.6237,=5.7712,=7.9406,=9.1227,=10.2891,=13.0207,=1.0537,=0.4193,=0.7256,=0.9442,=1.0796,=1.2097,=1.5098,=1.7330,=0.7907,=0.9123,=1.1615,=1.4545,=1.7427,=2.4187,=0.0347,=0.3430,=0.0247,=0.0321,=0.0368,=0.0450,=0.0643,,=0.1051,,=269
="H30192",食品,2013-07-15,=0.0122,=5243.0600,=-0.0746,=26.8257,=0.0904,=20.6226,=29.7936,=33.1945,=39.1175,=57.5971,=2.6276,=0.0490,=2.3545,=2.9488,=4.5258,=5.7744,=10.5214,=1.5074,=0.0682,=1.2567,=1.6374,=2.3275,=2.8892,=4.8526,=0.0284,=0.9667,=0.0092,=0.0145,=0.0193,=0.0242,=0.0308,=0.0337,=0.0826,=0.0319,=22
="399806",环境治理,2014-07-21,=0.0079,=1282.6700,=-0.0752,=25.9140,=0.2862,=17.0172,=24.3835,=29.0832,=35.3431,=50.8764,=1.6600,=0.2969,=1.1727,=1.6033,=1.7656,=2.1887,=4.4901,=1.7855,=0.1641,=1.3064,=1.8307,=2.0689,=2.6198,=5.9378,=0.0172,=0.8899,=0.0037,=0.0084,=0.0106,=0.0155,=0.0215,=0.0205,=0.0536,=0.0189,=853
="930709",香港证券,2015-07-13,=-0.0028,=1304.3000,=-0.0766,=9.4762,=0.1235,=6.3679,=10.2127,=12.8144,=14.8908,=24.4010,=0.9544,=0.4919,=0.5308,=0.7585,=0.9574,=1.1993,=1.6136,=3.7418,=0.6694,=1.7834,=2.5966,=3.1589,=4.1603,=5.9903,=0.0385,=0.7712,=0.0202,=0.0265,=0.0337,=0.0402,=0.0726,,=0.0828,,=522
="1000009",深圳B股,1994-01-10,=0.0012,=1167,=-0.0772,=-110.6855,=0.9996,=6.5509,=10.0230,=16.2476,=23.6041,=61.4680,=0.7545,=0.5501,=0.5585,=0.6590,=0.7320,=0.9168,=1.4530,=0.4648,=0.4515,=0.3544,=0.4194,=0.4769,=0.6167,=1.0969,=0.0338,=0.3456,=0.0205,=0.0268,=0.0369,=0.0449,=0.0610,,=0.0028,=0.0115,=203
="H30095",医药红利,2013-07-02,=0.0178,=14251.1500,=-0.0782,=17.1596,=0.1847,=14.6474,=17.2200,=19.6417,=27.0110,=34.8020,=1.6785,=0.0584,=1.4797,=1.7776,=2.4291,=3.0979,=4.2060,=0.9586,=0.1672,=0.7612,=0.9871,=1.5062,=1.9959,=2.8268,=0.0375,=0.9902,=0.0116,=0.0175,=0.0226,=0.0305,=0.0398,=0.0293,=0.1019,=0.0311,=101
="000063",上证周期,2010-02-03,=-0.0078,=3729.7400,=-0.0808,=8.9006,=0.6223,=5.4761,=7.1362,=8.5953,=9.4385,=12.4946,=0.9425,=0.4722,=0.6668,=0.8368,=0.9527,=1.1036,=1.4831,=1.5407,=0.9006,=0.8113,=1.0636,=1.2494,=1.4560,=1.7571,=0.0369,=0.2981,=0.0252,=0.0351,=0.0386,=0.0518,=0.0626,=0.0245,=0.0975,=0.0256,=210
="000968",300周期,2010-05-28,=-0.0074,=4181.0600,=-0.0809,=9.5121,=0.6202,=6.1174,=7.8172,=9.1332,=10.2853,=13.3562,=0.9655,=0.4338,=0.7021,=0.8484,=0.9956,=1.1664,=1.5550,=1.5767,=0.8899,=0.8459,=1.0834,=1.2644,=1.5073,=1.8297,=0.0352,=0.4074,=0.0230,=0.0321,=0.0360,=0.0470,=0.0569,=0.0243,=0.0922,=0.0244,=103
="000052",50基本,2012-01-09,=-0.0012,=2777.7600,=-0.0813,=11.2803,=0.7163,=8.3126,=9.6677,=10.5340,=11.5646,=15.1108,=1.2436,=0.5216,=1.0245,=1.1706,=1.2393,=1.3328,=1.6471,=1.6002,=0.9691,=0.8665,=1.0185,=1.1380,=1.2971,=1.6553,=0.0319,=0.4235,=0.0238,=0.0291,=0.0329,=0.0398,=0.0497,=0.0249,=0.1007,=0.0262,=28
="HSMSI",恒生综合中小型股指数,2015-06-08,=0.0067,=2713.7600,=-0.0814,=15.7349,=0.8041,=7.2058,=10.0582,=12.4551,=15.7019,=18.8438,=1.1421,=0.7111,=0.6157,=0.7686,=1.0042,=1.2090,=1.4952,=0.8673,=0.8350,=0.4020,=0.5319,=0.6807,=0.8474,=1.0389,=0.0302,=0.3946,=0.0199,=0.0271,=0.0325,=0.0412,=0.0630,,,,=161
="931024",港股通非银,2017-11-06,=-0.0039,=3943.9000,=-0.0814,=6.8447,=0.0005,=6.7549,=8.4609,=10.9413,=13.3087,=22.4310,=1.0031,=0.4171,=0.6237,=0.8529,=1.0413,=1.2206,=1.7592,=1.2004,=0.7668,=0.5870,=0.8773,=1.0196,=1.2310,=2.2002,=0.0412,=0.7972,=0.0165,=0.0269,=0.0346,=0.0413,=0.0611,,=0.1344,,=217
="399295",创价值,2019-01-23,=-0.0034,=4952.0700,=-0.0823,=32.5516,=0.3823,=20.8863,=26.9889,=39.6553,=56.4808,=73.8741,=6.4031,=0.5856,=3.7254,=4.6122,=5.8930,=8.9881,=11.5385,=4.7908,=0.4410,=2.5684,=3.4997,=5.3694,=9.1025,=12.8251,=0.0121,=0.6721,=0.0033,=0.0050,=0.0074,=0.0150,=0.0218,=0.0387,=0.1758,=0.0398,=611
="000806",消费服务,2012-02-10,=0.0064,=7719.8400,=-0.0835,=10.0712,=0.2021,=9.0076,=10.0660,=10.8064,=11.8704,=17.0971,=1.0807,=0.0672,=1.0009,=1.1890,=1.3450,=1.5460,=2.0145,=2.2547,=0.6689,=1.6526,=1.9528,=2.1368,=2.3803,=3.0032,=0.0353,=0.7901,=0.0198,=0.0244,=0.0295,=0.0354,=0.0497,=0.0246,=0.1002,=0.0266,=427
="000988",全指工业,2011-08-02,=-0.0031,=3780.1900,=-0.0843,=24.1552,=0.5031,=13.7285,=19.3778,=24.0551,=28.9429,=37.6625,=1.8987,=0.4115,=1.3866,=1.6512,=2.0047,=2.3925,=2.7728,=0.8874,=0.4755,=0.5551,=0.7455,=0.8993,=1.0537,=1.3765,=0.0176,=0.7287,=0.0076,=0.0095,=0.0141,=0.0193,=0.0256,=0.0185,=0.0650,=0.0170,=238
="931752",工程机械主题,2021-09-27,=0.0050,=2305.9200,=-0.0853,=21.5122,=0.5181,=13.6456,=18.5245,=21.3206,=24.3346,=27.9581,=1.9824,=0.6913,=1.2593,=1.5775,=1.7289,=2.1216,=2.6511,=1.1908,=0.7166,=0.7133,=0.9172,=1.0224,=1.2904,=1.6462,=0.0229,=0.8595,=0.0151,=0.0190,=0.0207,=0.0222,=0.0284,=0.0241,=0.0958,=0.0272,=111
="000930",中证工业,2009-07-03,=-0.0048,=3205.8800,=-0.0859,=21.6170,=0.6087,=13.1747,=16.3715,=20.2819,=23.8511,=30.4087,=1.7827,=0.4181,=1.3752,=1.5614,=1.8517,=2.1187,=2.6342,=0.8392,=0.6948,=0.5311,=0.6373,=0.7618,=0.8868,=1.0502,=0.0192,=0.7443,=0.0090,=0.0114,=0.0160,=0.0203,=0.0262,=0.0191,=0.0679,=0.0169,=325
="399995",基建工程,2015-03-12,=0.0066,=3570.1600,=-0.0861,=9.8428,=0.7476,=5.8673,=7.3439,=8.2792,=10.5340,=18.8590,=0.6398,=0.0144,=0.5815,=0.7199,=0.8890,=1.2729,=2.1834,=0.1804,=0.2144,=0.1368,=0.1784,=0.2025,=0.3245,=0.5478,=0.0283,=0.7691,=0.0106,=0.0192,=0.0247,=0.0289,=0.0415,=0.0129,=0.0543,=0.0158,=2695
="000048",责任指数,2009-08-05,=-0.0007,=1346.5900,=-0.0874,=11.9182,=0.8054,=7.8628,=9.5548,=10.5483,=11.8881,=14.1982,=1.3284,=0.5889,=0.9056,=1.1404,=1.2956,=1.4393,=1.7866,=1.1743,=0.9942,=0.5718,=0.6942,=0.8010,=0.9331,=1.1907,=0.0378,=0.6351,=0.0223,=0.0283,=0.0319,=0.0399,=0.0469,=0.0224,=0.0991,=0.0247,=133
="399324",深证红利,2006-01-24,=-0.0029,=8340.9500,=-0.0885,=18.5141,=0.8610,=11.7065,=14.6064,=15.8358,=17.9322,=23.4132,=2.8670,=0.8911,=1.2884,=1.9036,=2.2236,=2.5295,=3.7254,=1.8901,=0.6767,=1.1033,=1.3622,=1.7523,=1.9654,=2.8578,=0.0329,=0.7604,=0.0151,=0.0225,=0.0278,=0.0353,=0.0452,=0.0424,=0.1345,=0.0450,=5230
="932369",1000现金流,2024-11-12,=0.0070,=3356.5500,=-0.0898,=18.2131,=0.4147,=16.0705,=17.6904,=18.4199,=19.3366,=21.4836,=1.5325,=0.1797,=1.4251,=1.5347,=1.6409,=1.7524,=1.8728,=0.9008,=0.2465,=0.8034,=0.8904,=1.0070,=1.0628,=1.3230,=0.0263,=0.2465,=0.0230,=0.0261,=0.0272,=0.0286,=0.0311,=0.0245,=0.0821,=0.0237,=61
="H11054",装备产业,2009-07-22,=-0.0036,=2647.2400,=-0.0900,=30.4761,=0.4539,=15.6342,=24.7249,=31.9375,=38.3792,=58.0282,=2.8134,=0.5883,=1.6944,=2.1312,=2.6264,=3.3067,=5.1308,=1.9473,=0.5648,=1.2119,=1.4901,=1.8899,=2.3422,=3.6241,=0.0145,=0.7982,=0.0051,=0.0080,=0.0115,=0.0145,=0.0207,=0.0221,=0.0859,=0.0174,=48
="000910",300工业,2007-07-02,=-0.0066,=2300.7500,=-0.0903,=18.8627,=0.5216,=12.1074,=14.2223,=18.6689,=21.7478,=26.7473,=1.6155,=0.3542,=1.2960,=1.5013,=1.7584,=2.0927,=2.8598,=0.7533,=0.6029,=0.4726,=0.5803,=0.7119,=0.8049,=1.0995,=0.0217,=0.7575,=0.0079,=0.0123,=0.0179,=0.0223,=0.0295,=0.0196,=0.0738,=0.0177,=17
="000818",细分金融,2012-04-11,=-0.0038,=6689,=-0.0941,=7.5070,=0.4437,=5.2356,=6.4974,=7.6859,=8.4810,=10.9951,=0.7841,=0.3241,=0.5930,=0.7010,=0.8724,=1.0829,=1.4303,=2.2806,=0.8140,=1.2689,=1.6354,=2.0039,=2.2657,=2.9111,=0.0378,=0.5138,=0.0239,=0.0331,=0.0375,=0.0471,=0.0625,=0.0231,=0.0956,=0.0246,=11
="000018",180金融,2007-12-10,=-0.0045,=5380.2300,=-0.0943,=7.3758,=0.4412,=5.2016,=6.4287,=7.5006,=8.3012,=10.8609,=0.7727,=0.3324,=0.5902,=0.6965,=0.8557,=1.0616,=1.4199,=2.2219,=0.8087,=1.2355,=1.5824,=1.9629,=2.2143,=2.8772,=0.0386,=0.4388,=0.0246,=0.0353,=0.0392,=0.0493,=0.0636,=0.0229,=0.0959,=0.0245,=779
="399266",创新能源,2022-09-29,=-0.0055,=3205.5200,=-0.0953,=25.9659,=0.3877,=16.2861,=20.9516,=27.2769,=33.1429,=48.5339,=4.0617,=0.5064,=2.6837,=3.2209,=4.0082,=4.9444,=6.9087,=2.7690,=0.5953,=1.5028,=1.9530,=2.5959,=3.4808,=4.6740,=0.0152,=0.6854,=0.0024,=0.0067,=0.0124,=0.0167,=0.0211,=0.0402,=0.1508,=0.0347,=6
="980028",龙头家电,2015-02-16,=0.0172,=11371.6600,=-0.0966,=14.2881,=0.4038,=11.8600,=13.7103,=14.5599,=18.3956,=31.1013,=2.5213,=0.0740,=2.2513,=2.6415,=2.8885,=3.6437,=5.1202,=1.2692,=0.3724,=0.9787,=1.2041,=1.3247,=1.4715,=2.2318,=0.0447,=0.9605,=0.0174,=0.0268,=0.0333,=0.0400,=0.0472,=0.0430,=0.1789,=0.0477,=189
="000934",中证金融,2009-07-03,=-0.0030,=5661.7100,=-0.0969,=8.0883,=0.4977,=5.7083,=6.8944,=8.0968,=8.8714,=11.5527,=0.7876,=0.3064,=0.6117,=0.7181,=0.8894,=1.1345,=1.5017,=2.1440,=0.8412,=1.1467,=1.4503,=1.8023,=2.0983,=2.6696,=0.0366,=0.4920,=0.0232,=0.0331,=0.0366,=0.0445,=0.0593,=0.0220,=0.0873,=0.0231,=1160
="000827",中证环保,2012-09-25,=-0.0092,=1681.5500,=-0.0976,=29.6461,=0.5621,=14.0379,=21.0113,=28.2441,=35.5499,=50.6551,=2.5947,=0.4161,=1.7878,=2.2200,=2.7850,=3.3836,=5.4589,=2.5949,=0.4581,=1.6068,=2.0649,=2.7151,=3.2326,=6.2202,=0.0176,=0.7010,=0.0061,=0.0097,=0.0149,=0.0192,=0.0249,=0.0211,=0.0761,=0.0181,=6273
="000992",全指金融,2011-08-02,=-0.0025,=5402.4000,=-0.0978,=8.2385,=0.4866,=5.9310,=7.1022,=8.2740,=9.0288,=11.6339,=0.7875,=0.3006,=0.6188,=0.7234,=0.8925,=1.1445,=1.5107,=2.1370,=0.8404,=1.1568,=1.4432,=1.8064,=2.0924,=2.6668,=0.0362,=0.5142,=0.0229,=0.0327,=0.0361,=0.0437,=0.0581,=0.0217,=0.0846,=0.0227,=2713
="000914",300金融,2007-07-02,=-0.0036,=6055.0600,=-0.0987,=7.8158,=0.4874,=5.2769,=6.6022,=7.8391,=8.6017,=11.3863,=0.7785,=0.3134,=0.5962,=0.7048,=0.8779,=1.1224,=1.4919,=2.1405,=0.8388,=1.1210,=1.4310,=1.8122,=2.1077,=2.7052,=0.0375,=0.4936,=0.0235,=0.0340,=0.0376,=0.0467,=0.0618,=0.0223,=0.0897,=0.0236,=347
="H30217",医疗器械,2013-07-15,=0.0166,=8845.6300,=-0.0991,=37.8297,=0.4429,=17.1055,=29.5762,=39.4247,=56.3726,=80.6195,=2.6860,=0.0206,=2.4731,=3.2134,=4.7346,=6.5700,=11.6091,=4.8267,=0.0565,=4.1030,=5.3318,=6.0184,=8.0993,=13.3528,=0.0150,=0.7480,=0.0035,=0.0052,=0.0076,=0.0156,=0.0236,=0.0184,=0.0626,=0.0209,=1350
="399807",高铁产业,2015-01-20,=0.0053,=1116.0400,=-0.1016,=12.0862,=0.3538,=9.4881,=11.2215,=12.7637,=14.9963,=24.3532,=0.7633,=0.0115,=0.7241,=0.9141,=1.0233,=1.4382,=2.3973,=0.3885,=0.2812,=0.3063,=0.3760,=0.4199,=0.4643,=0.6435,=0.0303,=0.9307,=0.0090,=0.0146,=0.0237,=0.0279,=0.0348,=0.0121,=0.0541,=0.0137,=597
="931672",风电产业,2021-04-29,=0.0027,=1582.0300,=-0.1019,=32.3123,=0.8682,=16.8665,=21.1648,=24.3213,=29.8190,=45.5856,=1.8206,=0.3915,=1.3490,=1.6850,=1.9801,=2.4522,=3.5946,=2.2039,=0.5163,=1.4458,=1.8954,=2.1679,=2.6976,=3.3215,=0.0123,=0.5721,=0.0064,=0.0084,=0.0116,=0.0154,=0.0206,=0.0166,=0.0571,=0.0184,=65
="930641",中证中药,2015-05-19,=0.0184,=8538.0900,=-0.1027,=22.3620,=0.0924,=17.1921,=23.9648,=28.7044,=32.8246,=45.5431,=2.0219,=0.0165,=1.8142,=2.4581,=2.9135,=3.5043,=4.0837,=2.1796,=0.0210,=1.9582,=2.4319,=2.8002,=3.4488,=4.5776,=0.0383,=0.9893,=0.0073,=0.0128,=0.0164,=0.0259,=0.0421,=0.0326,=0.0928,=0.0347,=916
="H30178",医疗保健,2013-07-15,=0.0172,=12169.3900,=-0.1035,=37.7858,=0.3241,=19.5848,=32.8016,=44.8346,=64.7618,=123.2936,=2.7409,=0.0202,=2.5190,=3.3478,=5.5031,=7.2948,=12.4381,=4.5096,=0.0202,=4.1521,=5.3626,=6.1775,=8.1023,=14.2518,=0.0145,=0.7703,=0.0029,=0.0041,=0.0062,=0.0149,=0.0219,=0.0196,=0.0653,=0.0216,=563
="930697",家用电器,2015-07-07,=0.0171,=11437.6600,=-0.1057,=16.2630,=0.3629,=12.0193,=15.4243,=16.9845,=19.8234,=32.1495,=2.5181,=0.1093,=2.2889,=2.6548,=3.2089,=3.9701,=5.2226,=1.2447,=0.3551,=0.9879,=1.1843,=1.2964,=1.6199,=2.3694,=0.0391,=0.9699,=0.0137,=0.0223,=0.0267,=0.0336,=0.0418,=0.0370,=0.1413,=0.0419,=1747
="000977",内地低碳,2011-01-21,=-0.0100,=1863.7000,=-0.1059,=28.0647,=0.5658,=13.7595,=20.8967,=26.8104,=35.4182,=50.3864,=2.6838,=0.3996,=1.9264,=2.3844,=2.8700,=3.6471,=6.0727,=2.6714,=0.4449,=1.6847,=2.2202,=2.8169,=3.3634,=6.7765,=0.0188,=0.7707,=0.0061,=0.0100,=0.0158,=0.0194,=0.0258,=0.0220,=0.0823,=0.0200,=396
="931573",HKC科技,2014-05-21,=0.0055,=2895.1900,=-0.1071,=26.3385,=0.3836,=18.3272,=24.3148,=28.1994,=39.5596,=82.7075,=2.9785,=0.2071,=2.3269,=2.9646,=3.3266,=4.1942,=10.6583,=1.9438,=0.1836,=1.5041,=1.9688,=2.2888,=3.3417,=8.3359,=0.0096,=0.9479,=0.0015,=0.0040,=0.0065,=0.0088,=0.0111,,=0.1200,,=310
="000963",中证下游,2010-04-16,=0.0093,=5093.8900,=-0.1080,=22.5625,=0.2553,=17.2626,=22.2745,=25.2353,=33.1012,=51.0836,=2.2473,=0.0206,=2.0766,=2.5678,=3.0584,=3.4358,=5.6334,=1.4949,=0.0862,=1.2209,=1.6062,=1.7568,=2.0795,=3.4797,=0.0286,=0.9538,=0.0087,=0.0135,=0.0161,=0.0264,=0.0315,=0.0267,=0.0958,=0.0301,=32
="399814",大农业,2014-07-22,=-0.0014,=1067.7000,=-0.1095,=27.8206,=0.4882,=17.8693,=23.4731,=28.0144,=32.4891,=111.7688,=2.7662,=0.0738,=2.4368,=2.9125,=3.2568,=4.3740,=6.4483,=1.5260,=0.2367,=1.2031,=1.4984,=1.8063,=2.3352,=3.7145,=0.0249,=0.9274,=0.0100,=0.0141,=0.0172,=0.0230,=0.0287,=0.0257,=0.1209,=0.0380,=779
="931755",SEEE碳中和,2021-10-21,=-0.0093,=1867.2100,=-0.1109,=22.1758,=0.6049,=13.4966,=17.5202,=21.4208,=24.8294,=29.4214,=2.2848,=0.4320,=1.7561,=1.9707,=2.3744,=2.7124,=3.9105,=1.4285,=0.7392,=0.8856,=1.0413,=1.2346,=1.4715,=2.3046,=0.0191,=0.5707,=0.0102,=0.0151,=0.0180,=0.0219,=0.0256,=0.0267,=0.0916,=0.0211,=145
="931442",SHS科技100,2020-04-21,=0.0086,=9562.6700,=-0.1116,=18.3391,=0.4047,=11.6240,=15.1210,=19.3876,=24.4951,=40.7731,=2.6095,=0.4882,=1.5813,=1.9769,=2.6359,=4.0025,=6.9092,=1.7430,=0.4925,=1.0913,=1.4380,=1.7591,=2.5326,=5.0819,=0.0154,=0.5809,=0.0042,=0.0090,=0.0137,=0.0221,=0.0322,,=0.1199,,=32
="930771",CS新能源,2015-12-16,=-0.0100,=2388.4400,=-0.1127,=32.0668,=0.4228,=11.2377,=23.3289,=34.4878,=44.9661,=62.8342,=2.5411,=0.3868,=1.7615,=2.1641,=2.8549,=3.8896,=7.2156,=2.1411,=0.4694,=1.2791,=1.6721,=2.2214,=3.0795,=6.6822,=0.0140,=0.7608,=0.0028,=0.0058,=0.0094,=0.0155,=0.0247,=0.0221,=0.0668,=0.0165,=36
="931021",家电龙头,2017-10-17,=0.0186,=16012.3000,=-0.1137,=15.1970,=0.4206,=11.3343,=14.2734,=15.7094,=19.2436,=31.7589,=2.5810,=0.1648,=2.3641,=2.6274,=3.0374,=3.8956,=5.4650,=1.2395,=0.5176,=0.8457,=1.1185,=1.2344,=1.4798,=2.4102,=0.0415,=0.9694,=0.0135,=0.0213,=0.0286,=0.0360,=0.0436,=0.0396,=0.1676,=0.0453,=40
="930902",中证数据,2016-10-18,=0.0077,=2826.3300,=-0.1137,=100.1258,=0.6722,=37.6891,=57.3385,=79.0310,=121.2772,=366.0842,=3.9969,=0.4956,=2.4001,=3.4297,=4.0021,=4.6652,=5.5171,=2.7132,=0.1169,=2.0473,=2.8777,=3.3630,=4.1528,=7.0542,=0.0042,=0.7382,=0.0020,=0.0030,=0.0036,=0.0047,=0.0091,=0.0025,=0.0339,=0.0011,=252
="931139",CS消费50,2019-03-20,=0.0096,=14107.0100,=-0.1158,=17.3176,=0.1608,=14.9525,=17.9590,=23.7684,=30.0254,=47.8630,=3.2709,=0.0349,=2.8552,=3.9802,=5.3056,=7.0296,=12.5456,=2.1267,=0.0222,=1.9104,=2.5684,=3.1074,=4.4479,=9.1270,=0.0427,=0.9606,=0.0083,=0.0161,=0.0216,=0.0362,=0.0484,=0.0528,=0.1922,=0.0638,=2239
="980027",新能源电池,2015-02-16,=0.0026,=2985.7200,=-0.1163,=24.3887,=0.4414,=16.8641,=21.1686,=25.0461,=30.4612,=35.7610,=3.9833,=0.6203,=2.5249,=3.0406,=3.4899,=4.4216,=5.0827,=2.6479,=0.6345,=1.4888,=1.9132,=2.4176,=3.2432,=3.8612,=0.0170,=0.6255,=0.0052,=0.0081,=0.0153,=0.0185,=0.0213,=0.0376,=0.1513,=0.0348,=116
="931798",光伏龙头30,2009-06-16,=-0.0056,=1839.3100,=-0.1163,=26.6641,=0.5542,=8.0886,=17.2411,=24.1376,=37.6614,=66.5518,=2.1671,=0.3476,=1.6869,=2.0262,=2.4217,=4.5878,=8.3847,=2.2615,=0.6660,=0.9999,=1.3477,=1.7197,=3.0761,=5.7040,=0.0118,=0.5472,=0.0027,=0.0059,=0.0111,=0.0206,=0.0351,=0.0172,=0.0745,=0.0196,=203
="000812",细分机械,2012-04-11,=-0.0048,=6793.9800,=-0.1168,=27.2891,=0.3889,=14.1771,=22.0432,=31.4444,=39.8992,=51.3583,=2.8856,=0.6136,=1.6005,=2.1653,=2.5309,=3.4006,=5.3964,=1.9325,=0.6103,=1.1287,=1.4635,=1.7342,=2.2906,=3.5603,=0.0169,=0.8045,=0.0047,=0.0079,=0.0118,=0.0168,=0.0237,=0.0226,=0.0835,=0.0173,=207
="000069",消费80,2010-05-28,=0.0129,=4334.7600,=-0.1169,=22.4322,=0.2177,=16.4356,=22.3055,=24.9042,=33.0497,=60.5019,=2.9721,=0.1076,=2.4642,=3.1938,=3.5466,=4.8097,=7.6372,=1.8033,=0.4169,=1.0743,=1.5185,=1.9152,=2.7436,=3.8795,=0.0270,=0.9740,=0.0078,=0.0117,=0.0183,=0.0234,=0.0296,=0.0378,=0.1324,=0.0420,=944
="931574",港股科技,2013-05-21,=0.0033,=1549.8000,=-0.1172,=26.2432,=0.4618,=16.3025,=22.8988,=26.9534,=42.7281,=59.3282,=2.7672,=0.3662,=1.8790,=2.5309,=2.9435,=3.5717,=8.1693,=1.6829,=0.2041,=1.3201,=1.6789,=1.9663,=2.8172,=5.7490,=0.0106,=0.9016,=0.0011,=0.0030,=0.0071,=0.0100,=0.0126,,=0.1080,,=276
="931454",港股通消费,2020-03-06,=-0.0039,=1357.8500,=-0.1181,=14.7717,=0.0320,=13.3496,=20.3696,=26.8929,=36.1998,=64.7193,=2.4963,=0.0332,=2.2532,=3.1429,=3.6292,=5.0863,=8.9519,=1.3270,=0.0295,=1.1976,=1.9087,=2.3719,=3.5514,=6.6047,=0.0450,=0.9618,=0.0043,=0.0072,=0.0119,=0.0152,=0.0498,,=0.1670,,=409
="931487",SHS人工智能50,2020-05-06,=0.0069,=1938.3800,=-0.1199,=29.5599,=0.3803,=18.6614,=25.6982,=31.8145,=37.0293,=66.0883,=4.7855,=0.5376,=3.0781,=4.0591,=4.6775,=6.3197,=10.5947,=5.4213,=0.5658,=3.3555,=4.5138,=5.2147,=6.7835,=9.5096,=0.0061,=0.5683,=0.0019,=0.0035,=0.0058,=0.0075,=0.0094,,=0.1427,,=84
="930614",环保50,2015-04-07,=-0.0083,=2018.2400,=-0.1211,=28.0647,=0.5740,=13.7595,=20.5125,=26.8035,=35.1194,=50.3864,=2.6838,=0.3946,=1.9059,=2.3842,=2.8846,=3.6683,=6.0727,=2.6714,=0.4272,=1.6847,=2.2438,=2.8714,=3.3746,=6.6309,=0.0188,=0.7130,=0.0061,=0.0100,=0.0160,=0.0201,=0.0258,=0.0222,=0.0831,=0.0199,=210
="932152",港股通成长策略,2025-04-30,=0.0026,=1163.9700,=-0.1214,=17.6898,=0.1108,=16.5252,=18.0406,=18.6944,=21.0319,=22.5567,=2.2711,=0.0769,=2.1900,=2.3294,=2.6949,=2.8151,=3.0449,=1.6862,=0.0215,=1.6549,=1.8268,=2.0506,=2.2096,=2.3595,=0.0212,=0.8862,=0.0152,=0.0180,=0.0194,=0.0209,=0.0248,,=0.1305,,=13
="931371",品牌消费100,2019-11-25,=0.0074,=5786.9600,=-0.1216,=17.5186,=0.2257,=14.6106,=17.2777,=21.7673,=30.5844,=41.6881,=3.1619,=0.0378,=2.8278,=3.6773,=4.4528,=6.5034,=9.5576,=2.1051,=0.2007,=1.7483,=2.1044,=2.6306,=3.8591,=5.3339,=0.0433,=0.9707,=0.0095,=0.0157,=0.0229,=0.0371,=0.0479,=0.0505,=0.1847,=0.0654,=9
="931733",绿色能源,2021-08-19,=-0.0132,=4595.4200,=-0.1216,=28.8859,=0.4012,=12.7308,=19.2912,=32.3483,=41.2610,=65.3510,=3.0753,=0.3608,=2.3311,=2.7958,=3.4929,=5.3969,=8.0150,=2.0430,=0.3830,=1.3651,=1.7983,=2.2841,=4.1971,=7.5185,=0.0164,=0.5857,=0.0043,=0.0070,=0.0150,=0.0213,=0.0259,=0.0248,=0.0932,=0.0189,=31
="950096",上海国企,2016-05-11,=0.0029,=1324.8600,=-0.1243,=12.9268,=0.5703,=8.9055,=11.0343,=12.5701,=15.1974,=16.5992,=1.0421,=0.3720,=0.7269,=0.8713,=1.1192,=1.4373,=1.9662,=1.1266,=0.7715,=0.5842,=0.6832,=0.8501,=1.1430,=1.2890,=0.0236,=0.3555,=0.0177,=0.0207,=0.0257,=0.0281,=0.0334,=0.0189,=0.0761,=0.0213,=174
="399365",国证粮食,2009-11-04,=0.0183,=11859.5500,=-0.1246,=22.9815,=0.3287,=13.3311,=20.2221,=26.8459,=35.2364,=54.5886,=2.0730,=0.2111,=1.6393,=2.0561,=4.0855,=6.4747,=11.3501,=0.8340,=0.2342,=0.5961,=0.8004,=3.1249,=4.6104,=8.7065,=0.0196,=0.7324,=0.0080,=0.0130,=0.0163,=0.0211,=0.0308,=0.0232,=0.0838,=0.0244,=83
="931412",证券公司30,2020-02-20,=-0.0030,=1422.9700,=-0.1249,=12.3162,=0,=12.3162,=15.9563,=18.4927,=22.5283,=36.9291,=1.2481,=0.1655,=1.0327,=1.2662,=1.4406,=1.6951,=2.4365,=5.0328,=0.1990,=3.9462,=5.0392,=5.5691,=6.6956,=9.6353,=0.0246,=0.9848,=0.0091,=0.0147,=0.0169,=0.0213,=0.0256,=0.0228,=0.0861,=0.0218,=38
="HSSCNE",恒生港股通新经济指数,2018-01-08,=0.0036,=3752.7200,=-0.1266,=24.0584,=0.5068,=15.8046,=20.8018,=23.9892,=28.3544,=53.5009,=2.6901,=0.4146,=1.7963,=2.2574,=2.8210,=3.4616,=6.9059,=1.8992,=0.3864,=1.4023,=1.7314,=1.9912,=2.5474,=5.3019,=0.0108,=0.5158,=0.0041,=0.0086,=0.0108,=0.0166,=0.0252,,=0.1278,,=205
="399412",国证新能,2014-05-16,=-0.0039,=2583.6500,=-0.1273,=30.3228,=0.5880,=13.6858,=20.0843,=25.0470,=40.0619,=66.6027,=2.7743,=0.5278,=1.6349,=2.2652,=2.7229,=3.9698,=7.3016,=1.7908,=0.5979,=0.7993,=1.1878,=1.5714,=2.5873,=5.3757,=0.0143,=0.4631,=0.0032,=0.0058,=0.0152,=0.0184,=0.0274,=0.0217,=0.0862,=0.0211,=364
="980032",新能电池,2015-02-17,=-0.0170,=13738.0200,=-0.1275,=23.6346,=0.2469,=14.3994,=22.4660,=30.1069,=80.1269,=130.4039,=3.5118,=0.2773,=2.4545,=3.3555,=4.2403,=7.6280,=11.8091,=1.8771,=0.3259,=1.1163,=1.6939,=2.2325,=4.8585,=7.8642,=0.0135,=0.7343,=0.0011,=0.0019,=0.0084,=0.0155,=0.0224,=0.0362,=0.1357,=0.0304,=758
="000941",新能源,2009-10-28,=-0.0126,=2244.0400,=-0.1281,=22.1353,=0.2726,=10.2578,=20.0248,=28.6276,=37.3071,=57.4660,=2.9061,=0.4685,=1.8262,=2.2548,=2.9539,=3.8432,=8.1424,=2.4468,=0.6161,=1.2704,=1.5650,=2.2651,=2.9648,=7.0320,=0.0171,=0.7831,=0.0031,=0.0063,=0.0104,=0.0183,=0.0268,=0.0322,=0.1201,=0.0313,=2479
="399994",信息安全,2015-03-12,=0.0118,=1588.1300,=-0.1289,=54.8828,=0.2602,=35.0629,=52.9184,=67.0359,=85.7906,=183.5630,=3.4147,=0.2346,=2.3256,=3.3600,=3.8564,=4.4665,=6.2767,=2.5484,=0.0466,=2.1829,=2.8560,=3.2338,=3.8075,=5.1182,=0.0136,=0.9621,=0.0023,=0.0036,=0.0058,=0.0096,=0.0172,=0.0078,=0.0539,=0.0040,=93
="930608",中证基建,2015-03-31,=0.0077,=7388.9000,=-0.1293,=10.1770,=0.4449,=6.6667,=8.6208,=10.4286,=13.2499,=25.2863,=0.7094,=0.0157,=0.6550,=0.8071,=1.0935,=1.4098,=2.2134,=0.2147,=0.1641,=0.1701,=0.2190,=0.3323,=0.4598,=0.7101,=0.0301,=0.8829,=0.0095,=0.0178,=0.0214,=0.0291,=0.0388,=0.0141,=0.0583,=0.0170,=663
="399975",证券公司,2013-07-15,=-0.0015,=741.0900,=-0.1308,=13.3394,=0,=13.3394,=18.7096,=21.4877,=26.4841,=46.0250,=1.2619,=0.1348,=1.0494,=1.2995,=1.5393,=1.8480,=2.4199,=5.2899,=0.1233,=4.0997,=5.4660,=6.3253,=7.4089,=10.0865,=0.0229,=0.9555,=0.0082,=0.0129,=0.0150,=0.0201,=0.0244,=0.0211,=0.0810,=0.0201,=9897
="000949",中证农业,2009-10-28,=0.0120,=5024.8200,=-0.1321,=50.2158,=0.8763,=14.4444,=21.2919,=29.1169,=36.8950,=1184.8568,=2.4743,=0.1847,=2.0719,=2.4997,=3.2591,=4.0480,=5.2895,=1.3203,=0.2594,=0.8980,=1.1771,=1.7144,=2.0301,=2.8101,=0.0164,=0.4948,=0.0077,=0.0144,=0.0165,=0.0190,=0.0257,=0.0068,=0.0985,=0.0327,=1069
="931747",中证储能,2021-10-15,=-0.0110,=6897.3000,=-0.1341,=23.9928,=0.2888,=16.6670,=22.2781,=27.4773,=52.4063,=124.6415,=3.9194,=0.1844,=3.1109,=3.9515,=4.6128,=6.8933,=12.5394,=2.0367,=0.3810,=1.2712,=1.7272,=2.2495,=3.7222,=8.7019,=0.0151,=0.7410,=0.0008,=0.0019,=0.0122,=0.0159,=0.0191,=0.0355,=0.1665,=0.0400,=143
="399437",证券龙头,2014-12-30,=-0.0029,=5897.1600,=-0.1343,=12.6800,=0,=12.6800,=17.3597,=19.9992,=25.0411,=43.0253,=1.2679,=0.1377,=1.0547,=1.2946,=1.5208,=1.8030,=2.3633,=5.1596,=0.1418,=3.9970,=5.3435,=6.2016,=7.2524,=9.5068,=0.0240,=0.9699,=0.0092,=0.0139,=0.0161,=0.0209,=0.0262,=0.0223,=0.0851,=0.0215,=722
="931151",光伏产业,2019-04-22,=-0.0042,=2472.4500,=-0.1349,=-655.9399,=0.8928,=9.5087,=20.7311,=38.4461,=95.6412,=2491.4939,=2.0320,=0.2963,=1.5562,=1.9288,=2.5992,=4.4629,=6.9801,=1.7981,=0.4916,=0.8897,=1.2501,=1.8204,=3.1695,=5.9137,=0.0087,=0.4843,=0.0030,=0.0055,=0.0090,=0.0197,=0.0300,=0.0016,=0.0012,=0.0005,=2749
="931402",证券先锋,2020-01-14,=-0.0012,=1802.8700,=-0.1354,=13.2354,=0,=13.2354,=17.2482,=20.7120,=25.7122,=41.4692,=1.2645,=0.1473,=1.0487,=1.2871,=1.4514,=1.7447,=2.4715,=5.2796,=0.1767,=4.0917,=5.3158,=5.8989,=7.0478,=10.0278,=0.0232,=0.9713,=0.0081,=0.0134,=0.0150,=0.0203,=0.0246,=0.0214,=0.0819,=0.0203,=97
="930746",港中小企,2015-08-26,=0.0031,=2325.2500,=-0.1356,=19.5423,=0.8607,=7.8499,=11.1083,=14.2675,=18.3127,=36.0739,=0.9508,=0.3940,=0.6829,=0.8307,=1.0711,=1.2269,=1.6951,=0.6832,=0.5024,=0.3939,=0.5280,=0.6824,=0.8172,=1.1520,=0.0371,=0.5675,=0.0210,=0.0272,=0.0336,=0.0436,=0.0585,,=0.0299,,=212
="931456",中国教育,2020-04-21,=0.0136,=1045.8847,=-0.1367,=28.9353,=0.0006,=28.7201,=54.8331,=92.2346,=-136.7794,=28609.2511,=2.6861,=0.3604,=1.5831,=2.4466,=2.9343,=3.7825,=9.7545,=2.6308,=0.1611,=1.7011,=2.7351,=3.3470,=4.6728,=11.2012,=0.0083,=0.5200,=0.0035,=0.0059,=0.0082,=0.0098,=0.0209,,=0.0593,,=179
="931239",港股通汽车,2022-07-21,=-0.0090,=1995.6500,=-0.1370,=26.5511,=0.8494,=12.1049,=14.3699,=17.1991,=25.8482,=32.0714,=2.8037,=0.8556,=1.2076,=1.4395,=1.6050,=2.7107,=3.5989,=1.3996,=0.8000,=0.6024,=0.6872,=0.7627,=1.3996,=1.7776,=0.0137,=0.1864,=0.0091,=0.0146,=0.0202,=0.0227,=0.0338,,=0.1152,,=53
="931663",SHS消费龙头,2015-03-13,=0.0009,=1751.1300,=-0.1382,=19.1126,=0.1401,=14.4278,=20.0249,=26.5678,=37.1075,=57.5191,=2.8977,=0.0207,=2.5314,=3.4028,=4.3132,=6.1379,=13.5979,=1.8231,=0.1612,=1.3592,=1.8794,=2.3931,=3.4214,=7.5123,=0.0299,=0.9325,=0.0069,=0.0133,=0.0170,=0.0254,=0.0421,,=0.1411,,=233
="399417",新能源车,2014-09-24,=-0.0110,=3343.5000,=-0.1405,=24.4754,=0.3625,=14.2186,=20.9718,=29.8672,=55.4460,=106.6289,=3.3655,=0.4676,=1.6630,=2.3823,=3.4458,=4.4622,=9.6468,=1.8365,=0.4895,=0.6730,=1.0543,=1.8496,=2.4377,=6.6041,=0.0138,=0.5852,=0.0016,=0.0053,=0.0123,=0.0183,=0.0316,=0.0339,=0.1319,=0.0293,=2442
="000036",上证消费,2009-01-09,=0.0025,=9308.4100,=-0.1422,=19.8714,=0.0268,=17.8817,=22.6685,=31.6716,=40.5919,=69.3963,=4.4382,=0.0977,=3.7240,=5.2318,=6.5399,=9.2057,=14.9810,=4.2331,=0.2338,=1.9092,=4.0508,=4.8722,=7.3411,=10.9001,=0.0390,=0.9852,=0.0071,=0.0114,=0.0157,=0.0307,=0.0429,=0.0773,=0.2393,=0.0858,=2331
="931068",消费龙头,2018-11-21,=0.0086,=10840.8400,=-0.1443,=17.4383,=0.1440,=15.0591,=18.1858,=22.8003,=29.8883,=44.3922,=3.2336,=0.0287,=2.8729,=4.1073,=4.6915,=6.5486,=10.3805,=2.0285,=0.0590,=1.8019,=2.5255,=3.2487,=4.0792,=7.0508,=0.0400,=0.9644,=0.0085,=0.0161,=0.0211,=0.0332,=0.0451,=0.0518,=0.2083,=0.0600,=2402
="931719",CS电池,2013-07-15,=-0.0155,=3637.8700,=-0.1444,=23.8379,=0.1208,=15.7007,=26.2526,=38.6529,=63.4704,=121.8822,=3.6476,=0.4355,=1.9771,=2.9292,=3.9090,=5.7588,=11.8941,=2.4233,=0.3720,=1.2782,=2.0990,=2.9800,=4.5554,=9.5565,=0.0156,=0.8623,=0.0012,=0.0035,=0.0068,=0.0124,=0.0220,=0.0377,=0.1370,=0.0297,=577
="932246",储能电池,2022-07-08,=-0.0158,=4114.2900,=-0.1450,=23.3735,=0.2553,=13.3190,=21.4002,=26.4386,=33.1408,=40.1514,=3.7087,=0.6163,=2.3139,=2.6931,=3.2865,=4.4493,=5.1292,=2.4453,=0.5789,=1.3666,=1.7015,=2.3062,=3.2821,=3.7523,=0.0169,=0.5512,=0.0111,=0.0132,=0.0165,=0.0200,=0.0231,=0.0403,=0.1439,=0.0321,=76
="930910",农牧渔,2016-12-12,=0.0207,=8521.1600,=-0.1455,=-500.4672,=0.8517,=13.2246,=20.9166,=30.0332,=95.6766,=30031.8592,=2.2851,=0.0516,=1.9495,=2.4817,=2.9347,=3.6328,=4.9084,=1.0119,=0.1069,=0.8679,=1.0643,=1.4715,=2.0515,=2.7290,=0.0160,=0.7124,=0.0042,=0.0098,=0.0137,=0.0176,=0.0261,=-0.0088,=0.0664,=0.0304,=22
="399804",中证体育,2015-02-09,=0.0133,=1693.9300,=-0.1460,=24.1204,=0.1328,=17.8349,=25.1698,=30.7315,=43.3074,=84.6918,=2.8307,=0.2841,=2.0588,=2.7255,=3.1793,=3.7614,=5.5714,=2.4469,=0.3080,=1.7235,=2.3137,=2.8309,=3.9199,=7.1775,=0.0207,=0.8227,=0.0037,=0.0073,=0.0123,=0.0204,=0.0296,=0.0257,=0.0922,=0.0231,=306
="931783",智能驾驶,2022-02-21,=0.0069,=1280.7200,=-0.1467,=36.4019,=0.0474,=31.9944,=39.7646,=46.3131,=68.2046,=98.5983,=2.9815,=0.0565,=2.5981,=3.3030,=3.5579,=3.9484,=4.9384,=1.6118,=0.1176,=1.3276,=1.7136,=1.9253,=2.1185,=2.7953,=0.0096,=0.9936,=0.0048,=0.0063,=0.0071,=0.0082,=0.0101,=0.0149,=0.0928,=0.0256,=22
="399808",中证新能,2015-02-10,=-0.0149,=2401.2900,=-0.1470,=32.0668,=0.4074,=11.2377,=23.4990,=35.6371,=45.6598,=62.8342,=2.5411,=0.3728,=1.7615,=2.1712,=2.9002,=3.8504,=7.2277,=2.1411,=0.4491,=1.2791,=1.6778,=2.2408,=3.0254,=6.6822,=0.0140,=0.7691,=0.0029,=0.0058,=0.0092,=0.0152,=0.0247,=0.0221,=0.0668,=0.0165,=1324
="000912",300消费,2007-07-02,=0.0034,=17669.5700,=-0.1483,=21.2604,=0.1641,=17.5697,=22.2596,=28.6958,=38.6920,=71.0374,=3.6788,=0.0359,=3.2494,=4.6699,=6.3986,=8.3233,=13.2137,=2.8882,=0.0726,=1.9809,=3.1977,=4.1912,=5.5033,=9.3193,=0.0418,=0.9777,=0.0078,=0.0128,=0.0188,=0.0292,=0.0471,=0.0602,=0.1878,=0.0812,=789
="399812",养老产业,2014-06-06,=0.0163,=5387.0300,=-0.1491,=10.5775,=0.0012,=10.3086,=17.5412,=20.2914,=25.3954,=31.4367,=1.7408,=0.0276,=1.5864,=2.0332,=2.7912,=3.2414,=4.2954,=1.4071,=0.1282,=1.2170,=1.4507,=1.6758,=1.8719,=2.5548,=0.0276,=0.9736,=0.0096,=0.0131,=0.0172,=0.0244,=0.0306,=0.0294,=0.1459,=0.0345,=6278
="HSSI",恒生综合小型股指数,2001-10-03,=0.0149,=1336.1700,=-0.1492,=23.2533,=0.7119,=7.3220,=11.0801,=16.3973,=26.2521,=83.7574,=0.9526,=0.4523,=0.5652,=0.7236,=0.9705,=1.1648,=1.4185,=0.6337,=0.3905,=0.3459,=0.4531,=0.6888,=0.9204,=1.2872,=0.0290,=0.4425,=0.0167,=0.0231,=0.0303,=0.0353,=0.0478,,,,=126
="399966",800证保,2012-12-21,=-0.0005,=5624.3500,=-0.1495,=9.0310,=0.0004,=8.9920,=13.5334,=15.9952,=19.7375,=27.1945,=1.2443,=0.1262,=1.0619,=1.2979,=1.5885,=2.0347,=2.4366,=1.7414,=0.4664,=1.1634,=1.5249,=1.7805,=2.0457,=2.5211,=0.0290,=0.9501,=0.0122,=0.0160,=0.0213,=0.0243,=0.0329,=0.0247,=0.1256,=0.0286,=185
="H30588",中证证保,2015-02-02,=-0.0004,=954.9900,=-0.1496,=9.0342,=0.0004,=8.9968,=13.5000,=16.0880,=19.5891,=27.6808,=1.2429,=0.1237,=1.0752,=1.2980,=1.5939,=2.0322,=2.4238,=1.7438,=0.4713,=1.1673,=1.5178,=1.7709,=2.0128,=2.5500,=0.0290,=0.9534,=0.0121,=0.0160,=0.0213,=0.0242,=0.0328,=0.0246,=0.1254,=0.0286,=483
="399976",CS新能车,2014-11-28,=-0.0132,=3797.8000,=-0.1496,=24.4820,=0.2322,=13.8890,=22.9016,=34.0858,=62.1175,=231.2544,=3.2701,=0.2478,=2.0896,=3.0970,=3.8382,=6.2213,=11.9870,=1.8480,=0.2334,=0.7703,=1.7976,=2.2938,=4.1916,=9.1824,=0.0126,=0.7765,=0.0014,=0.0031,=0.0075,=0.0134,=0.0276,=0.0343,=0.1248,=0.0265,=2029
="931697",消费50策略,2021-07-12,=0.0055,=7234.2400,=-0.1497,=19.3605,=0.3470,=16.4104,=18.4763,=20.7733,=31.2085,=38.9422,=2.9853,=0.0499,=2.6840,=3.5035,=3.8553,=5.1933,=7.0736,=1.6082,=0.0620,=1.4635,=1.7445,=1.9178,=2.8418,=3.5305,=0.0361,=0.9549,=0.0120,=0.0157,=0.0243,=0.0318,=0.0403,=0.0408,=0.1608,=0.0542,=64
="930662",CS现代农,2015-07-13,=0.0166,=910.3000,=-0.1500,=180.6953,=0.9003,=13.0417,=20.6593,=28.7549,=61.4439,=301.1137,=2.3051,=0.0980,=1.8555,=2.5034,=2.8291,=3.1374,=4.3308,=1.0077,=0.1767,=0.8273,=1.0161,=1.1577,=1.5476,=2.1026,=0.0172,=0.8203,=0.0046,=0.0099,=0.0129,=0.0167,=0.0291,=-0.0091,=0.0850,=0.0345,=58
="000911",300可选,2007-07-02,=0.0085,=5608.9900,=-0.1522,=18.1074,=0.4779,=11.4175,=16.2611,=18.2610,=24.5366,=45.8432,=1.9454,=0.0264,=1.7502,=2.2633,=2.5369,=3.0218,=4.4626,=0.8812,=0.0907,=0.7162,=0.9493,=1.0953,=1.3297,=2.0518,=0.0289,=0.9427,=0.0117,=0.0177,=0.0226,=0.0264,=0.0325,=0.0241,=0.1159,=0.0309,=34
="931479",证券保险,2020-05-06,=-0.0007,=899.2200,=-0.1538,=8.4231,=0.0007,=8.3667,=11.6635,=13.3159,=15.4503,=21.1012,=1.2201,=0.2003,=1.0296,=1.2201,=1.3696,=1.5577,=2.2844,=1.5940,=0.6132,=1.0318,=1.2779,=1.4686,=1.7804,=2.2879,=0.0308,=0.9106,=0.0162,=0.0225,=0.0251,=0.0289,=0.0357,=0.0256,=0.1317,=0.0302,=57
="930794",中美互联网,2016-04-22,,,=-0.1539,=19.4397,=0.0031,=19.0583,=27.8981,=32.4687,=38.0931,=50.5410,=5.1175,=0.1144,=3.5920,=5.5880,=6.5716,=7.5414,=9.2259,=4.5641,=0.3648,=2.2940,=3.8795,=4.8597,=5.5740,=7.0802,=0.0027,=0.6198,=0.0004,=0.0006,=0.0017,=0.0033,=0.0053,,=0.2458,,=435
="931845",生猪产业,2012-04-11,=0.0185,=1109.9300,=-0.1550,=-184.5377,=0.8800,=12.7881,=21.1629,=29.0076,=103.7128,=705.7713,=2.6360,=0.0544,=2.2394,=2.8706,=3.4439,=4.0835,=5.7536,=0.9703,=0.0812,=0.8323,=1.0275,=1.6180,=2.1465,=2.8287,=0.0194,=0.7315,=0.0091,=0.0130,=0.0172,=0.0209,=0.0316,=-0.0154,=0.0788,=0.0361,=164
="931946",畜牧养殖,2023-07-28,=0.0167,=635.6100,=-0.1556,=75.9319,=0.8787,=14.8058,=16.4847,=24.7982,=42.7422,=702.5962,=2.4878,=0.1594,=2.1724,=2.5483,=2.6710,=2.7848,=3.1405,=1.0267,=0.2097,=0.8870,=1.0242,=1.0910,=1.1349,=1.2139,=0.0254,=0.4125,=0.0155,=0.0200,=0.0270,=0.0304,=0.0347,=0.0043,=0.0943,=0.0400,=15
="930997",新能源车,2017-07-19,=-0.0136,=2564.6000,=-0.1557,=24.5994,=0.3005,=14.0460,=20.4824,=31.5275,=71.5249,=171.6022,=3.2754,=0.4077,=1.7502,=2.4289,=3.6355,=6.0168,=11.4567,=1.8540,=0.3873,=0.7652,=1.2127,=2.1370,=3.8899,=8.7389,=0.0127,=0.6109,=0.0014,=0.0031,=0.0109,=0.0182,=0.0289,=0.0346,=0.1243,=0.0266,=1985
="930707",中证畜牧,2015-07-13,=0.0153,=1861.5600,=-0.1567,=-185.4139,=0.8565,=11.3375,=17.7937,=26.8852,=114.4573,=237.1331,=2.3384,=0.0301,=1.9910,=2.6630,=3.2685,=4.1701,=5.8838,=0.9534,=0.0858,=0.8185,=1.0256,=1.4140,=2.0436,=2.9452,=0.0172,=0.6882,=0.0033,=0.0096,=0.0143,=0.0214,=0.0303,=-0.0138,=0.0829,=0.0347,=1233
="HSSCITI",恒生港股通科技主题指数,2023-07-01,=0.0064,=2450.2600,=-0.1593,=23.7706,=0.5013,=15.2810,=21.2066,=23.7700,=26.9063,=33.8690,=2.5683,=0.1062,=2.1914,=2.6923,=2.9161,=3.3986,=4.1810,=2.1349,=0.4987,=1.5305,=1.8500,=2.1361,=2.7110,=3.5648,=0.0096,=0.9093,=0.0061,=0.0075,=0.0084,=0.0091,=0.0106,,=0.1204,,=88
="000692",科创新能,2023-04-03,=-0.0162,=972.8400,=-0.1596,=-59.1663,=0.6501,=13.9124,=18.9955,=146.0093,=-45.0578,=279.8956,=2.2892,=0.5225,=1.4486,=1.8101,=2.2272,=2.7908,=4.0229,=1.4698,=0.5261,=0.8667,=1.1675,=1.4505,=1.9015,=2.6157,=0.0044,=0.0863,=0.0030,=0.0054,=0.0162,=0.0205,=0.0318,=-0.0018,=-0.0642,=-0.0138,=44
="000942",内地消费,2009-10-28,=0.0067,=8586.1200,=-0.1601,=19.7858,=0.3254,=14.4412,=18.7397,=21.7495,=33.3379,=52.6356,=2.6189,=0.0231,=2.3718,=3.1171,=3.6914,=5.0424,=7.7211,=1.4181,=0.1427,=1.1096,=1.4982,=1.7720,=2.5493,=4.1228,=0.0346,=0.9748,=0.0093,=0.0147,=0.0214,=0.0284,=0.0381,=0.0371,=0.1426,=0.0493,=772
="930653",CS食品饮,2015-06-05,=0.0037,=12640.2200,=-0.1625,=21.3457,=0.0858,=17.6031,=22.6856,=31.2780,=38.3114,=65.8842,=3.4222,=0.0186,=3.1030,=4.4073,=5.7100,=7.1300,=12.9907,=3.1769,=0.0148,=2.9247,=3.8075,=4.7671,=5.8503,=11.4166,=0.0392,=0.9876,=0.0078,=0.0127,=0.0179,=0.0309,=0.0425,=0.0615,=0.1583,=0.0705,=916
="H30035",300非银,2012-12-21,=-0.0008,=9333.6900,=-0.1631,=8.5474,=0.0008,=8.4740,=12.7115,=15.1641,=19.3628,=26.3489,=1.2356,=0.1266,=1.0544,=1.2966,=1.6033,=2.0415,=2.4387,=1.6046,=0.4202,=1.0410,=1.4185,=1.6980,=1.9729,=2.3917,=0.0302,=0.9431,=0.0124,=0.0164,=0.0222,=0.0259,=0.0352,=0.0253,=0.1294,=0.0297,=1259
="987008",港股通科技,2021-03-08,,,=-0.1637,=25.5543,=0.3524,=16.3992,=24.0491,=27.0397,=33.6116,=63.8758,=2.5778,=0.0415,=2.3408,=2.9172,=3.3982,=3.9391,=8.4842,=2.1285,=0.0312,=1.9337,=2.5644,=2.9691,=3.8220,=8.7605,=0.0073,=0.8027,=0.0015,=0.0033,=0.0059,=0.0073,=0.0093,,=0.0980,,=95
="931404",SHS品牌消费50,2020-02-20,=-0.0008,=2252.8000,=-0.1658,=16.3006,=0.0346,=15.2551,=18.1999,=21.4335,=29.9823,=52.1290,=3.8060,=0.0376,=3.2381,=4.5415,=5.2309,=7.2308,=13.2899,=3.2448,=0.2550,=2.1582,=3.1783,=4.0164,=6.3402,=12.0094,=0.0260,=0.7960,=0.0048,=0.0095,=0.0174,=0.0262,=0.0383,,=0.2165,,=141
="931746",储能产业,2015-06-11,=-0.0096,=3082.4000,=-0.1665,=27.6386,=0.3468,=12.7536,=19.7639,=32.0925,=41.3705,=70.6293,=3.0875,=0.3723,=2.2823,=2.7424,=3.3754,=4.9907,=8.8670,=1.9996,=0.4723,=1.1513,=1.5016,=2.0351,=3.1330,=6.6557,=0.0140,=0.6207,=0.0020,=0.0044,=0.0128,=0.0169,=0.0220,=0.0195,=0.0831,=0.0177,=162
="932450",香港现金流,2025-02-28,=-0.0046,=1675.1100,=-0.1669,=11.2242,=0.8753,=6.6300,=8.1867,=9.9758,=10.7005,=12.5131,=1.1529,=0.5312,=0.7408,=0.8604,=1.1410,=1.2702,=1.5038,=0.5694,=0.4526,=0.4577,=0.5247,=0.8629,=1.0283,=1.2561,=0.0382,=0.0081,=0.0367,=0.0426,=0.0528,=0.0597,=0.0728,,=0.0828,,=12
="399959",军工指数,2011-08-30,=-0.0005,=1512.0300,=-0.1672,=44.0869,=0.0960,=34.5950,=50.2680,=60.1341,=71.8245,=156.6364,=2.7168,=0.2246,=2.0269,=2.6519,=3.2420,=4.0008,=5.9912,=2.4255,=0.0507,=2.1044,=2.6719,=3.2812,=3.8630,=5.2606,=0.0074,=0.8677,=0.0021,=0.0029,=0.0039,=0.0067,=0.0095,=0.0143,=0.0591,=0.0108,=21
="H11052",智能电车,2009-07-22,=-0.0064,=3534.3100,=-0.1673,=24.7261,=0.1641,=16.1153,=26.1350,=32.7844,=63.3646,=148.6443,=3.3543,=0.2676,=2.6129,=3.1950,=3.8829,=5.5107,=9.7804,=1.6870,=0.2313,=1.2507,=1.6563,=2.0380,=3.2736,=6.6252,=0.0124,=0.8520,=0.0021,=0.0035,=0.0091,=0.0112,=0.0189,=0.0316,=0.1293,=0.0281,=199
="980022",机器人产业,2015-02-25,=0.0247,=2209.7500,=-0.1673,=52.5338,=0.7970,=13.7974,=16.6959,=20.5037,=53.7384,=93.9438,=4.4287,=0.6787,=2.5198,=3.0617,=3.6717,=4.8067,=6.2730,=3.6991,=0.7821,=1.0172,=1.2358,=1.4372,=3.9518,=5.9220,=0.0060,=0.1999,=0.0039,=0.0060,=0.0201,=0.0295,=0.0381,=0.0186,=0.0892,=0.0245,=350
="399396",国证食品,2012-10-29,=0.0008,=14544.2900,=-0.1675,=20.5242,=0.0701,=17.1702,=21.8813,=30.0929,=37.3108,=66.0937,=3.5970,=0.0194,=3.2471,=4.5790,=6.1028,=7.6300,=14.3214,=3.4032,=0.0148,=3.1290,=3.9691,=5.0529,=6.2477,=12.4529,=0.0407,=0.9872,=0.0078,=0.0130,=0.0187,=0.0317,=0.0441,=0.0671,=0.1761,=0.0767,=1620
="000989",全指可选,2011-08-02,=0.0114,=4654.5300,=-0.1678,=21.3850,=0.2833,=14.8205,=20.3628,=24.1999,=30.9883,=46.1708,=2.1289,=0.2115,=1.6599,=2.1154,=2.4899,=2.8283,=3.2250,=0.9744,=0.1361,=0.8200,=1.0015,=1.1567,=1.4426,=1.7628,=0.0251,=0.9390,=0.0123,=0.0153,=0.0185,=0.0234,=0.0287,=0.0237,=0.1045,=0.0284,=1311
="HSTECH",恒生科技指数,2020-07-01,=-0.0012,=4588.5400,=-0.1681,=24.3548,=0.4346,=14.7293,=21.8229,=25.8165,=41.9179,=73.7725,=2.4625,=0.2530,=1.7280,=2.3921,=2.7725,=3.7378,=8.3408,=1.5873,=0.0741,=1.2545,=1.7056,=2.0211,=3.1354,=6.6932,=0.0121,=0.9473,=0.0010,=0.0021,=0.0060,=0.0109,=0.0135,,=0.1207,,=7419
="000807",食品饮料,2012-02-17,=0.0019,=15201.3400,=-0.1686,=19.8813,=0.0722,=16.7498,=21.3686,=30.4186,=37.6314,=67.1514,=3.8052,=0.0194,=3.4269,=4.7770,=6.2643,=8.2580,=14.6770,=4.3747,=0.1369,=3.6682,=4.5312,=5.6636,=7.6740,=12.7454,=0.0429,=0.9893,=0.0077,=0.0131,=0.0185,=0.0327,=0.0463,=0.0738,=0.1953,=0.0849,=4306
="HSSCT",恒生港股通中国科技指数,2020-02-01,=0.0039,=6229.7200,=-0.1695,=23.8738,=0.3964,=15.0039,=21.9636,=24.7499,=31.9416,=55.7647,=2.5575,=0.1336,=1.8368,=2.6345,=3.0137,=4.6242,=8.0840,=2.1381,=0.3779,=1.1354,=1.8441,=2.3183,=3.1894,=6.0217,=0.0095,=0.9085,=0.0020,=0.0040,=0.0070,=0.0089,=0.0108,,=0.1201,,=102
="399286",区块链50,2019-12-24,=0.0080,=3324.2900,=-0.1703,=16.7618,=0.1064,=13.8844,=17.7241,=20.7441,=28.4842,=40.1853,=1.9032,=0.2308,=1.4262,=1.8673,=2.1129,=2.7230,=3.6332,=1.7731,=0.4183,=1.3177,=1.5927,=1.8341,=2.0895,=2.8188,=0.0255,=0.9158,=0.0072,=0.0097,=0.0147,=0.0234,=0.0319,=0.0273,=0.0903,=0.0252,=158
="000815",细分食品,2012-04-11,=0.0013,=15532.0500,=-0.1709,=20.1882,=0.0977,=16.6089,=21.3585,=30.6741,=37.4251,=68.5596,=3.7407,=0.0194,=3.3595,=4.7296,=6.1938,=8.2709,=14.7926,=4.4387,=0.0507,=4.0083,=4.9234,=6.1115,=8.3455,=14.4971,=0.0416,=0.9876,=0.0072,=0.0123,=0.0164,=0.0321,=0.0452,=0.0708,=0.1902,=0.0845,=787
="000990",全指消费,2011-08-02,=0.0054,=10548.6400,=-0.1714,=23.0311,=0.1971,=18.6483,=23.1095,=30.4428,=39.1217,=75.7240,=3.4080,=0.0210,=3.0373,=4.0640,=4.9947,=6.2867,=9.6579,=2.5076,=0.0685,=2.2209,=2.7731,=3.3220,=4.0947,=6.6514,=0.0381,=0.9757,=0.0082,=0.0125,=0.0158,=0.0289,=0.0432,=0.0524,=0.1676,=0.0712,=3860
="399809",保险主题,2015-02-13,=0.0040,=2206.8900,=-0.1728,=7.5064,=0.3579,=5.4537,=6.8114,=10.1951,=15.0245,=22.8725,=0.8228,=0.3551,=0.6352,=0.7647,=1.2104,=1.4858,=1.9794,=2.1882,=0.9398,=0.5239,=0.8688,=1.0970,=1.7784,=2.3772,=0.0381,=0.6326,=0.0120,=0.0209,=0.0304,=0.0488,=0.0686,=0.0227,=0.1015,=0.0246,=1517
="000931",中证可选,2009-07-03,=0.0110,=5124.6000,=-0.1753,=19.1729,=0.3361,=12.9961,=17.9577,=20.0974,=26.0964,=47.1695,=2.0322,=0.1200,=1.6991,=2.1087,=2.4835,=2.7960,=3.7874,=0.9353,=0.1670,=0.7260,=0.9604,=1.1111,=1.2792,=1.9265,=0.0271,=0.9402,=0.0120,=0.0178,=0.0209,=0.0248,=0.0298,=0.0252,=0.1143,=0.0305,=842
="H30094",消费红利,2013-07-02,=0.0109,=30503.0400,=-0.1788,=18.7936,=0.0647,=16.2060,=20.4758,=27.7746,=33.4547,=59.6542,=3.5348,=0.0190,=3.1510,=4.3764,=5.3356,=6.7479,=11.0368,=3.9463,=0.3744,=2.0635,=3.3398,=4.3055,=5.3148,=8.4259,=0.0450,=0.9872,=0.0123,=0.0178,=0.0223,=0.0351,=0.0491,=0.0717,=0.1905,=0.0792,=2180
="399393",国证地产,2012-08-20,=0.0122,=2560.4600,=-0.1794,=-5.7395,=0.9806,=6.3321,=8.5850,=15.6526,=-1388.1574,=115902.4187,=0.7689,=0.1192,=0.5768,=0.8316,=1.0571,=1.6370,=2.5183,=0.5522,=0.3596,=0.3699,=0.5163,=0.6388,=1.0510,=1.7471,=0.0108,=0.0524,=0.0083,=0.0182,=0.0259,=0.0342,=0.0478,=-0.0014,=-0.0767,=0.0012,=1435
="000932",中证消费,2009-07-03,=0.0059,=12492.2400,=-0.1808,=21.7632,=0.1695,=18.2526,=22.5837,=29.2776,=38.6663,=67.7039,=3.4525,=0.0202,=3.0877,=4.2746,=5.3624,=7.0320,=11.1990,=2.6897,=0.0573,=2.0221,=2.9575,=3.5969,=4.6842,=7.7724,=0.0398,=0.9786,=0.0082,=0.0130,=0.0175,=0.0293,=0.0448,=0.0540,=0.1726,=0.0732,=12514
="931357",优选消费50,2019-11-15,=-0.0014,=2435.2800,=-0.1884,=17.5615,=0.0263,=16.0077,=20.3175,=24.6182,=32.8701,=53.0529,=2.7791,=0.0128,=2.5395,=3.6533,=4.3153,=7.1255,=11.6208,=1.7380,=0.0117,=1.5982,=2.2818,=2.6864,=5.1813,=8.8232,=0.0261,=0.9831,=0.0058,=0.0100,=0.0147,=0.0201,=0.0287,,=0.1689,,=398
="399432",智能汽车,2014-12-30,=-0.0059,=5496.2600,=-0.1900,=24.0429,=0.4870,=12.3799,=17.8950,=24.8906,=66.1739,=131.3343,=3.3108,=0.4375,=1.4019,=2.1767,=3.5046,=6.5272,=11.4939,=1.8884,=0.4944,=0.5888,=0.9103,=1.8985,=4.6106,=8.8483,=0.0136,=0.5080,=0.0016,=0.0032,=0.0133,=0.0241,=0.0377,=0.0329,=0.1377,=0.0319,=22
="399971",中证传媒,2014-04-15,=0.0153,=1189.2700,=-0.1922,=31.8710,=0.3567,=18.4593,=27.0874,=34.6352,=43.9924,=90.0483,=2.1862,=0.2462,=1.5359,=2.1284,=2.5454,=3.2174,=5.2010,=2.5644,=0.1555,=1.9674,=2.6310,=3.1602,=4.4399,=6.6801,=0.0187,=0.7188,=0.0038,=0.0091,=0.0129,=0.0206,=0.0294,=0.0163,=0.0602,=0.0206,=6351
="399973",中证国防,2014-04-15,=0.0001,=1501.0200,=-0.1930,=59.4386,=0.5988,=28.8580,=43.6048,=54.2028,=71.5435,=106.5452,=3.2078,=0.2816,=2.3880,=3.0104,=3.5591,=4.7908,=7.7047,=2.9654,=0.3014,=1.9566,=2.7338,=3.8313,=4.5362,=7.1179,=0.0062,=0.7753,=0.0024,=0.0035,=0.0046,=0.0064,=0.0100,=0.0086,=0.0535,=0.0095,=647
="931480",线上消费,2020-05-06,=0.0131,=677.4900,=-0.1945,=48.3125,=0.2136,=33.5813,=47.8602,=65.1321,=96.1402,=132.5169,=2.8559,=0.3703,=1.9483,=2.5235,=3.0788,=3.6888,=5.0305,=2.8887,=0.7864,=1.1811,=1.5074,=1.8354,=2.9394,=4.8094,=0.0109,=0.9099,=0.0051,=0.0066,=0.0085,=0.0099,=0.0133,=0.0131,=0.0458,=0.0190,=79
="399440",国证钢铁,2014-12-30,=-0.0032,=1196.2200,=-0.1948,=28.6560,=0.7035,=5.7530,=9.0864,=18.4249,=36.1185,=695.2734,=0.9467,=0.3085,=0.7172,=0.9156,=1.0360,=1.3266,=2.0509,=0.4755,=0.5538,=0.3277,=0.3893,=0.4568,=0.6058,=1.3827,=0.0263,=0.4627,=0.0018,=0.0182,=0.0272,=0.0419,=0.0569,=0.0058,=0.0382,=0.0096,=471
="931775",房地产,2013-07-15,=0.0165,=2400.2400,=-0.1952,=-4.5129,=0.9847,=7.0141,=8.9821,=18.2040,=-32.7582,=1490.8370,=0.7610,=0.1320,=0.5750,=0.8240,=1.0336,=1.5682,=2.4442,=0.5642,=0.3320,=0.3617,=0.5322,=0.6674,=1.1146,=1.7893,=0.0062,=0.0087,=0.0058,=0.0146,=0.0234,=0.0325,=0.0448,=-0.0040,=-0.1024,=-0.0027,=944
="930875",空天军工,2016-08-17,=-0.0004,=1943.9700,=-0.1965,=65.2782,=0.6163,=27.3832,=45.5599,=55.8086,=73.3754,=98.7933,=3.5682,=0.4673,=2.4052,=3.1586,=3.6267,=4.9320,=7.9650,=3.2431,=0.3986,=2.1274,=2.8944,=3.6713,=4.5093,=7.7673,=0.0057,=0.7054,=0.0022,=0.0032,=0.0041,=0.0068,=0.0106,=0.0090,=0.0567,=0.0104,=110
="931009",建筑材料,2013-07-15,=0.0066,=5043.6700,=-0.1968,=62.2972,=0.9611,=8.0662,=10.4142,=14.8772,=29.4152,=95.7816,=0.8312,=0.0188,=0.7557,=1.0080,=1.4946,=1.9899,=2.4800,=0.9217,=0.1636,=0.6904,=0.9491,=1.1567,=1.5138,=2.1670,=0.0243,=0.3415,=0.0085,=0.0228,=0.0262,=0.0309,=0.0487,=-0.0025,=0.0109,=-0.0006,=756
="399368",国证军工,2009-11-04,=0.0030,=6802.8900,=-0.2018,=60.4078,=0.4173,=38.1822,=54.2867,=63.2226,=77.3763,=107.0849,=2.9143,=0.4062,=2.0244,=2.5859,=3.0242,=3.5341,=4.3940,=2.8245,=0.3616,=1.8459,=2.5701,=3.1792,=3.6960,=4.8014,=0.0059,=0.8557,=0.0025,=0.0033,=0.0045,=0.0056,=0.0080,=0.0129,=0.0477,=0.0081,=19
="399617",深证消费,2011-06-15,=0.0069,=7343.9200,=-0.2051,=32.0844,=0.7926,=15.3450,=22.1455,=26.3803,=32.2918,=1768.1548,=2.3958,=0.0157,=2.1129,=3.2645,=4.2045,=5.7490,=9.2732,=1.3797,=0.0144,=1.2428,=1.8513,=2.4380,=3.6985,=6.3240,=0.0359,=0.9184,=0.0100,=0.0137,=0.0185,=0.0262,=0.0433,=0.0294,=0.1055,=0.0582,=370
="000816",细分地产,2012-04-11,=0.0150,=2186.0300,=-0.2055,=-3.9953,=0.9860,=6.1299,=8.3282,=15.7334,=-51.9772,=2488.2259,=0.7074,=0.0932,=0.5599,=0.8020,=1.0358,=1.6458,=2.5676,=0.4929,=0.2070,=0.3390,=0.4917,=0.6049,=1.0292,=1.7076,=0.0053,=0.0194,=0.0044,=0.0174,=0.0275,=0.0358,=0.0516,=-0.0038,=-0.1018,=-0.0024,=10
="930606",中证钢铁,2015-03-31,=-0.0022,=922.4200,=-0.2082,=57.6676,=0.7823,=5.9346,=9.2015,=19.0117,=59.9916,=77593.1899,=0.9594,=0.3097,=0.7076,=0.9197,=1.0471,=1.3329,=2.0450,=0.4555,=0.5085,=0.2931,=0.3819,=0.4522,=0.6009,=1.2948,=0.0248,=0.4528,=0.0018,=0.0167,=0.0255,=0.0409,=0.0542,=0.0020,=0.0221,=0.0071,=780
="399967",中证军工,2013-12-26,=0.0039,=11090.2000,=-0.2085,=60.8753,=0.4074,=41.8350,=54.9002,=64.5271,=96.4462,=162.6003,=3.1910,=0.5097,=2.0425,=2.6005,=3.1758,=3.7868,=4.8699,=2.9619,=0.3402,=2.0545,=2.7207,=3.1039,=4.0092,=5.8225,=0.0056,=0.8466,=0.0021,=0.0030,=0.0039,=0.0054,=0.0081,=0.0129,=0.0501,=0.0096,=5990
="930721",CS智汽车,2015-08-05,=0.0103,=4544.3100,=-0.2142,=32.5023,=0.1082,=27.2408,=33.8236,=39.3691,=48.8063,=67.2850,=3.1147,=0.1176,=2.5208,=3.2868,=3.8028,=5.3422,=7.3638,=1.1914,=0.0004,=1.1887,=1.4841,=1.8319,=2.6290,=3.8976,=0.0077,=0.5945,=0.0040,=0.0056,=0.0071,=0.0093,=0.0155,=0.0150,=0.1014,=0.0176,=491
="399699",金融科技,2017-06-09,=0.0129,=3507.8700,=-0.2156,=13.3655,=0.0009,=13.2573,=16.6298,=19.2601,=44.3037,=111.6316,=1.7373,=0.1638,=1.2665,=1.7876,=2.2673,=3.3944,=4.4660,=1.3969,=0.2232,=1.0709,=1.3789,=1.6153,=1.9071,=3.0519,=0.0241,=0.8299,=0.0041,=0.0063,=0.0188,=0.0235,=0.0329,=0.0209,=0.1027,=0.0223,=332
="930790",CS娱乐TI,2016-03-22,=0.0170,=1114.4400,=-0.2162,=70.5778,=0.6808,=17.3299,=32.7877,=50.1380,=79.4185,=245.3480,=2.2715,=0.3025,=1.6576,=2.1420,=2.5299,=3.1109,=3.8872,=2.5082,=0.0689,=2.2057,=2.7448,=3.2125,=4.0246,=5.0752,=0.0158,=0.8477,=0.0039,=0.0093,=0.0124,=0.0152,=0.0240,=0.0124,=0.0200,=0.0156,=22
="980018",卫星通信,2015-02-17,=0.0076,=4172.0200,=-0.2194,=185.1997,=0.8964,=23.6003,=29.0393,=41.0160,=60.8328,=1063.4314,=5.4264,=0.9069,=1.7225,=2.0648,=2.5928,=4.3207,=7.7241,=6.9867,=0.9710,=1.5054,=1.8104,=2.3127,=3.1480,=9.8783,=0.0021,=0.0345,=0.0013,=0.0038,=0.0125,=0.0171,=0.0231,=0.0054,=0.0181,=0.0298,=138
="399965",800地产,2012-12-21,=0.0080,=2050.6800,=-0.2232,=-3.0234,=0.9847,=5.5394,=8.0041,=14.1293,=53.3756,=59.7245,=0.5313,=0.0169,=0.4663,=0.6974,=0.9781,=1.6063,=2.5596,=0.3243,=0.0223,=0.2856,=0.4079,=0.5076,=0.9983,=1.6493,=0.0068,=0.0054,=0.0064,=0.0179,=0.0280,=0.0369,=0.0562,=-0.0020,=-0.0854,=0.0007,=207
="000126",消费50,2011-12-09,=0.0109,=6420.1400,=-0.2278,=19.3057,=0.1167,=15.1608,=20.2893,=22.8715,=32.8709,=57.2206,=2.5765,=0.0396,=2.2360,=3.0009,=3.4010,=4.8666,=7.3797,=1.4211,=0.2915,=0.9155,=1.2829,=1.8266,=2.6426,=3.8011,=0.0355,=0.9876,=0.0091,=0.0134,=0.0211,=0.0278,=0.0382,=0.0406,=0.1407,=0.0455,=92
="932088",全指航空,2023-03-23,=0.0033,=675.2700,=-0.2309,=70.1472,=0.5988,=36.9197,=49.4694,=67.3192,=87.9807,=116.5746,=3.2374,=0.3289,=2.3948,=3.0456,=3.3819,=3.8469,=4.9751,=2.9937,=0.2361,=2.2988,=2.9084,=3.5547,=4.0328,=4.9356,=0.0054,=0.3157,=0.0041,=0.0052,=0.0061,=0.0069,=0.0090,=0.0077,=0.0470,=0.0092,=55
="931230",汽车零部件,2013-07-15,=0.0163,=994.2700,=-0.2309,=25.9522,=0.4242,=18.5338,=23.9079,=26.6284,=30.4067,=34.9965,=2.7173,=0.5661,=1.8462,=2.2959,=2.6283,=3.1593,=3.7531,=1.7152,=0.5702,=1.1819,=1.4650,=1.6769,=2.0001,=2.3775,=0.0150,=0.6203,=0.0115,=0.0128,=0.0142,=0.0159,=0.0198,=0.0227,=0.1141,=0.0262,=55
="399987",中证酒,2014-12-10,=0.0012,=3830.0900,=-0.2336,=19.4409,=0.1072,=16.5000,=20.7577,=30.5274,=38.5048,=71.4257,=3.8554,=0.0194,=3.3943,=4.9102,=6.4715,=8.9992,=15.9495,=5.9934,=0.0730,=5.0607,=6.4801,=8.3135,=11.8299,=21.4371,=0.0444,=0.9880,=0.0067,=0.0114,=0.0162,=0.0324,=0.0485,=0.0789,=0.2043,=0.0944,=2788
="931066",军工龙头,2018-02-05,=0.0013,=2645.4200,=-0.2342,=56.6734,=0.8268,=29.1719,=35.0512,=43.1055,=53.9677,=100.5281,=3.0091,=0.1167,=2.2914,=3.1347,=3.6616,=4.5940,=6.9932,=2.7199,=0.1544,=2.1745,=2.8045,=3.4378,=4.1809,=5.8746,=0.0061,=0.1143,=0.0050,=0.0064,=0.0076,=0.0092,=0.0116,=0.0067,=0.0495,=0.0098,=1080
="930601",中证软件,2015-03-10,=0.0060,=4806.9700,=-0.2355,=97.5122,=0.6825,=29.3378,=51.8564,=79.5511,=128.9417,=302.4908,=4.6606,=0.4981,=2.7207,=3.9641,=4.6659,=5.6414,=7.7270,=5.5444,=0.6573,=2.8007,=4.0731,=4.9558,=6.0397,=8.6027,=0.0068,=0.9386,=0.0026,=0.0036,=0.0044,=0.0053,=0.0101,=0.0078,=0.0385,=-0.0029,=413
="H30015",800汽车,2012-12-21,=0.0090,=7663.1800,=-0.2384,=23.4686,=0.5357,=11.4503,=15.3626,=22.8595,=31.8612,=45.6288,=1.8688,=0.2462,=1.3220,=1.7478,=2.1703,=2.4572,=3.4622,=0.7902,=0.3926,=0.5106,=0.6736,=0.8483,=1.0480,=1.4573,=0.0160,=0.4445,=0.0097,=0.0134,=0.0168,=0.0286,=0.0411,=0.0155,=0.0922,=0.0213,=196
="930625",SHS互联网,2015-04-21,=0,=2295.0100,=-0.2440,=22.5149,=0.0506,=18.8995,=26.8726,=34.9474,=49.9897,=84.5605,=2.5297,=0.0055,=2.3016,=3.4483,=4.8994,=6.6326,=9.2961,=2.5171,=0.0067,=2.3041,=3.4274,=4.2905,=5.7903,=8.7946,=0.0097,=0.9790,=0.0016,=0.0028,=0.0036,=0.0070,=0.0110,,=0.1125,,=339
="H30182",计算机,2013-07-15,=0.0128,=5782.8600,=-0.2453,=345.3196,=0.7927,=33.2527,=55.4288,=104.0836,=365.7375,=65313.4473,=3.7252,=0.2756,=2.4295,=3.5853,=4.0734,=4.6276,=5.8765,=3.6417,=0.2248,=2.3635,=3.5895,=4.1333,=4.7340,=7.6223,=0.0053,=0.8097,=0.0028,=0.0040,=0.0045,=0.0053,=0.0091,=-0.0024,=0.0033,=-0.0042,=59
="930781",中证影视,2016-02-04,=0.0243,=1274.5300,=-0.2462,=8055.0919,=0.6388,=16.7066,=43.1495,=212.5239,=-60.8596,=8055.0919,=1.7309,=0.0474,=1.4352,=2.0241,=2.3583,=3.3175,=5.5895,=3.7742,=0.3406,=2.7079,=3.4931,=4.2515,=5.4050,=9.2761,=0.0129,=0.9353,=0.0020,=0.0038,=0.0065,=0.0099,=0.0161,=0.0049,=0.0185,=0.0219,=187
="H30202",软件指数,2013-07-15,=0.0077,=11337.1500,=-0.2480,=95.8142,=0.5315,=45.1036,=65.7516,=91.4775,=155.6957,=372.5263,=4.3135,=0.1584,=2.9348,=4.4775,=5.3593,=6.5788,=8.8705,=5.7603,=0.2474,=3.9010,=5.4106,=6.8166,=7.9880,=12.1555,=0.0070,=0.9377,=0.0022,=0.0033,=0.0045,=0.0055,=0.0102,=0.0053,=0.0344,=-0.0039,=333
="HSIII",恒生互联网科技业指数,2020-07-20,=0,=2202.0800,=-0.2501,=22.9090,=0.2373,=12.6629,=22.1953,=34.7618,=47.7321,=309808.9839,=2.2684,=0.0634,=1.7026,=2.5469,=3.7422,=6.1191,=8.5704,=1.7622,=0.0666,=1.1940,=1.9842,=2.4216,=3.5799,=5.1261,=0.0105,=0.8618,=0.0015,=0.0029,=0.0054,=0.0098,=0.0133,,=0.1194,,=2049
="930901",动漫游戏,2016-10-18,=0.0131,=1581.0100,=-0.2532,=24.4444,=0.0793,=17.2478,=29.2942,=41.8455,=253.8393,=4647.5377,=2.9962,=0.5253,=1.7335,=2.3025,=2.9136,=4.0517,=7.9690,=3.8860,=0.1365,=2.8663,=4.1523,=4.9705,=6.7985,=10.0355,=0.0168,=0.8802,=0.0031,=0.0055,=0.0088,=0.0150,=0.0282,=0.0360,=0.1150,=0.0336,=887
="931521",高装细分50,2020-07-08,=0.0020,=2483.8500,=-0.2532,=86.6708,=0.7647,=33.8051,=48.5815,=59.2206,=96.0991,=160.3029,=3.5225,=0.2426,=2.5146,=3.4386,=4.0940,=4.9862,=6.8876,=3.6432,=0.1557,=2.7226,=3.8037,=4.3966,=5.0674,=6.7300,=0.0049,=0.3179,=0.0025,=0.0042,=0.0055,=0.0065,=0.0091,=0.0050,=0.0438,=0.0069,=83
="931481",SHS线上消费,2020-05-06,=0.0038,=823.6100,=-0.2574,=22.3588,=0.1531,=17.8858,=23.3842,=29.6578,=46.5796,=121.3257,=2.4454,=0.0088,=2.2334,=3.1068,=3.5337,=4.7598,=9.8961,=2.4770,=0.0809,=2.0492,=2.7391,=3.2775,=4.3221,=7.8524,=0.0106,=0.9611,=0.0020,=0.0033,=0.0056,=0.0086,=0.0119,,=0.1066,,=70
="399997",中证白酒,2015-01-21,=0.0012,=6503.9800,=-0.2578,=19.5749,=0.1361,=16.2418,=20.3661,=29.7049,=37.9971,=71.4432,=4.0485,=0.0202,=3.5435,=5.2056,=7.2708,=9.8068,=17.8607,=6.8232,=0.0878,=5.9830,=7.2855,=9.8399,=13.6521,=24.8964,=0.0452,=0.9876,=0.0066,=0.0115,=0.0169,=0.0331,=0.0495,=0.0833,=0.2121,=0.1013,=7779
="899050",北证50,2022-11-21,=0.0091,=1063.2000,=-0.2619,=40.6328,=0.5055,=15.5447,=18.6553,=37.6287,=63.0367,=91.3357,=3.6999,=0.5340,=2.0170,=2.4401,=3.3846,=4.9536,=5.6723,=3.0756,=0.5197,=1.3969,=1.7298,=2.7846,=4.2407,=5.1557,=0.0098,=0.4463,=0.0062,=0.0076,=0.0114,=0.0146,=0.0185,=0.0174,=0.0675,=-0.0021,=790
="930796",全球中国互联网,2016-04-22,=-0.0025,=1609.1544,=-0.2620,=17.7905,=0.0606,=15.1718,=20.8087,=38.9992,=53.7493,=115.7107,=2.2142,=0.0184,=1.8023,=2.6327,=3.9886,=6.9088,=9.6202,=1.8889,=0.0165,=1.5064,=2.2607,=3.6982,=6.3384,=9.5215,=0.0105,=0.9708,=0.0008,=0.0013,=0.0019,=0.0078,=0.0121,,=0.1307,,=51
="931594",卫星产业,2020-12-22,=0.0089,=832.1700,=-0.2629,=150.1029,=0.6436,=44.5603,=96.3844,=131.4474,=230.5226,=428.4930,=4.7581,=0.8742,=2.3588,=3.0590,=3.5367,=4.1107,=7.6413,=6.6447,=0.8240,=3.4655,=4.5442,=5.1729,=6.2848,=11.4514,=0.0034,=0.6007,=0.0023,=0.0027,=0.0032,=0.0052,=0.0086,=0.0019,=0.0317,=0.0057,=199
="399805",互联金融,2015-02-10,=0.0162,=2831.3400,=-0.2644,=8.5910,=0.0738,=7.5943,=9.5715,=11.3404,=13.1553,=16.5816,=0.9540,=0.1167,=0.7644,=1.0305,=1.3829,=1.7129,=2.0317,=1.7019,=0.6767,=1.1667,=1.4082,=1.6145,=1.7935,=2.2636,=0.0355,=0.8689,=0.0145,=0.0186,=0.0237,=0.0339,=0.0507,=0.0238,=0.0940,=0.0248,=339
="H30533",中国互联网50,2014-12-29,=0.0025,=6876.6881,=-0.2664,=17.2742,=0.0714,=14.4020,=20.0412,=41.1656,=57.0246,=137.0698,=2.0873,=0.0142,=1.7082,=2.5193,=3.9168,=6.7227,=9.7098,=1.7774,=0.0153,=1.4305,=2.1537,=3.8068,=6.4332,=9.1092,=0.0107,=0.9405,=0.0007,=0.0013,=0.0019,=0.0080,=0.0125,,,,=6874
="930604",中国互联网30,2015-03-23,=-0.0027,=7305.4225,=-0.2697,=17.3065,=0.0807,=14.4178,=19.7683,=41.3222,=59.1072,=131.9396,=2.1126,=0.0138,=1.7582,=2.5752,=3.9995,=7.0824,=10.3841,=1.7820,=0.0146,=1.4482,=2.1639,=3.8589,=6.4486,=9.5870,=0.0104,=0.9781,=0.0007,=0.0013,=0.0017,=0.0077,=0.0121,,,,=657
="H11136",中国互联网,2011-09-20,=0,=3876.3769,=-0.2729,=17.1686,=0.0978,=14.4387,=19.6914,=42.3445,=57.1746,=137.0698,=2.0743,=0.0138,=1.7247,=2.5257,=3.9312,=6.7410,=9.7098,=1.8080,=0.0134,=1.5020,=2.2222,=4.0288,=6.5160,=9.1092,=0.0114,=0.9448,=0.0007,=0.0013,=0.0019,=0.0086,=0.0132,,,,=3384
="931646",SHS新消费,2021-04-07,=0.0008,=1373.5100,=-0.2757,=21.3499,=0.1247,=17.0652,=22.6067,=25.9293,=30.5440,=45.1728,=2.5241,=0.0117,=2.2638,=3.1225,=3.5858,=4.1484,=7.2085,=2.5091,=0.0103,=2.2716,=3.1754,=3.7040,=4.2092,=7.0452,=0.0107,=0.9743,=0.0024,=0.0045,=0.0066,=0.0085,=0.0121,,=0.1302,,=11
="930986",金融科技,2017-06-22,=0.0174,=2248.4800,=-0.2796,=43.2567,=0.2037,=32.2484,=43.1586,=54.8803,=81.0068,=257.1796,=4.1019,=0.2333,=2.5474,=4.0248,=4.6688,=5.8095,=7.7786,=5.6669,=0.6644,=2.9625,=3.8794,=4.7795,=6.9863,=9.8281,=0.0086,=0.9188,=0.0040,=0.0051,=0.0059,=0.0073,=0.0120,=0.0192,=0.0872,=0.0151,=271
="980076",通用航空,2012-12-28,=0.0092,=2651.7100,=-0.2854,=88.4426,=0.2366,=69.9916,=81.3041,=100.4787,=126.6842,=158.1149,=3.3271,=0.2951,=2.7445,=3.2264,=3.5231,=4.0713,=5.1513,=3.8966,=0.0854,=3.4358,=4.0636,=4.2964,=4.9028,=6.3273,=0.0050,=0.4707,=0.0037,=0.0042,=0.0051,=0.0060,=0.0073,=0.0066,=0.0297,=0.0083,=71
="931637",港股通互联网,2021-01-11,=0.0010,=721.8000,=-0.2882,=20.7658,=0.0967,=16.9805,=22.8614,=27.8224,=41.1686,=87.7368,=2.3942,=0.0137,=2.0886,=2.9942,=3.3974,=4.1711,=11.7021,=2.3826,=0.0188,=2.0583,=2.8611,=3.3794,=4.2812,=11.5370,=0.0105,=0.9870,=0.0011,=0.0026,=0.0050,=0.0077,=0.0111,,,,=299
="399983",地产等权,2013-11-22,=0.0053,=1450.2000,=-0.2882,=-1.8571,=0.9885,=5.0058,=7.3313,=10.5555,=38.1242,=75.5023,=0.4052,=0.0115,=0.3690,=0.5883,=1.0646,=1.7742,=2.8135,=0.2387,=0.0161,=0.2174,=0.3501,=0.4628,=0.9113,=1.5710,=0.0054,=0.0243,=0.0037,=0.0218,=0.0322,=0.0412,=0.0629,=-0.0053,=-0.0924,=-0.0025,=1010
="HSAIT",恒生人工智能主题指数,2023-09-01,=0.0095,=3029.0700,=-0.2893,=-67.5701,=0.9699,=13.3665,=18.1405,=19.9584,=21.9817,=33.1012,=7.5341,=0.9685,=1.4634,=1.7637,=2.0918,=2.5178,=9.7315,=11.6728,=0.9699,=1.2708,=1.5080,=1.8336,=2.3205,=13.8516,=0.0009,=0.0219,=0.0008,=0.0171,=0.0192,=0.0214,=0.0235,,=0.1059,,=64
="CN5082",国证航天,2015-02-16,,,=-0.2912,=85.4132,=0.7017,=44.4252,=58.7037,=72.9861,=109.9854,=173.9279,=3.4357,=0.5212,=2.1924,=2.8239,=3.3393,=4.2960,=5.7391,=3.3814,=0.5150,=1.9232,=2.5629,=3.3514,=4.0354,=6.0090,=0.0045,=0.7482,=0.0021,=0.0030,=0.0038,=0.0049,=0.0082,=0.0055,=0.0382,=0.0066,=35
="931008",汽车指数,2013-07-15,=0.0120,=8462.9500,=-0.2934,=26.2891,=0.5101,=12.0130,=17.5346,=26.0725,=36.0661,=55.3660,=1.9417,=0.2932,=1.1809,=1.5487,=2.2117,=2.4504,=3.4286,=0.8103,=0.3965,=0.4315,=0.5554,=0.9017,=1.0498,=1.4087,=0.0156,=0.4139,=0.0059,=0.0122,=0.0163,=0.0274,=0.0426,=0.0152,=0.0829,=0.0208,=495
="931855",通用航空,2025-04-02,=0.0097,=897.7500,=-0.3048,=85.7919,=0.0853,=76.1514,=96.4643,=104.2640,=115.2073,=148.2866,=3.4286,=0.0176,=3.2007,=3.8400,=4.0970,=4.5751,=5.9420,=4.2010,=0.0441,=4.0348,=5.2321,=6.1943,=6.8722,=8.0546,=0.0054,=0.3882,=0.0042,=0.0050,=0.0058,=0.0062,=0.0073,=0.0068,=0.0445,,=12
="930633",中证旅游,2015-05-08,=0.0149,=2283.3500,=-0.3122,=72.7473,=0.4049,=15.8968,=21.9921,=1951.1042,=-51.0196,=11171.4579,=1.9645,=0.0866,=1.6473,=2.1454,=2.3514,=2.8097,=3.6934,=1.0379,=0.0066,=1.0072,=1.3108,=1.6020,=2.5762,=3.7607,=0.0096,=0.8239,=0.0014,=0.0038,=0.0081,=0.0095,=0.0147,=0.0208,=-0.0128,=-0.0016,=631
="932584",智选港股通红利低波,2026-06-11,=0.0006,=1756.2300,,=6.2835,=0.8824,=5.4952,=5.7598,=6.0898,=6.2465,=6.4396,=0.6455,=0.8824,=0.5613,=0.5883,=0.6226,=0.6380,=0.6578,=0.9675,=0.8824,=0.8443,=0.8849,=0.9351,=0.9597,=0.9893,=0.0540,=0.1176,=0.0530,=0.0546,=0.0560,=0.0591,=0.0621,,,,=17
="1000005",上海非金融A股,1994-01-01,,,,=30.4817,=0.8173,=15.3520,=20.3290,=23.4523,=29.7863,=34.6296,=2.2176,=0.7303,=1.5456,=1.8178,=2.0436,=2.2641,=2.5831,=1.3384,=0.9423,=0.7548,=0.9329,=1.0758,=1.2121,=1.4804,=0.0187,=0.4153,=0.0107,=0.0149,=0.0197,=0.0236,=0.0293,=0.0209,=0.0661,=0.0198,=189
="1000010",上海B股,1994-01-10,,,,=11.9489,=0.1381,=6.8464,=12.5931,=18.5103,=37.2537,=68.1787,=1.1428,=0.7076,=0.7158,=0.9062,=1.0089,=1.2231,=1.7346,=0.8688,=0.9237,=0.3163,=0.4060,=0.5564,=0.7284,=1.2119,=0.0471,=0.9402,=0.0085,=0.0243,=0.0347,=0.0435,=0.2559,,,=0.0164,=131
="1000011",A股非金融,1994-01-10,,,,=36.1855,=0.7625,=17.5718,=25.5269,=28.6060,=37.4662,=43.6945,=2.4906,=0.6161,=1.6561,=2.0403,=2.3286,=2.6840,=2.9749,=1.5549,=0.7711,=0.9476,=1.1421,=1.3066,=1.5701,=1.8156,=0.0158,=0.4779,=0.0087,=0.0121,=0.0160,=0.0192,=0.0256,=0.0205,=0.0612,=0.0189,=809
="1000014",科创板全指,2019-07-22,,,,=149.5337,=0.8135,=34.6058,=58.7425,=77.7539,=134.3468,=267.8356,=6.1118,=0.7281,=2.4875,=3.8123,=4.9484,=6.4850,=9.5957,=8.0982,=0.6357,=3.3799,=5.2145,=6.6603,=9.8451,=14.1086,=0.0029,=0.1801,=0,=0.0031,=0.0043,=0.0064,=0.0098,=0.0091,=0.0255,=0.0035,=1303

数据来源于：理杏仁网站(lixinger.com)