指数代码,指数名称,发布时间,涨跌幅,收盘点位,今年以来涨跌幅,PE-TTM(当前值),PE-TTM(分位点%),PE-TTM(最小值),PE-TTM(20%分位点值),PE-TTM(50%分位点值),PE-TTM(80%分位点值),PE-TTM(最大正值),PB(当前值),PB(分位点%),PB(最小值),PB(20%分位点值),PB(50%分位点值),PB(80%分位点值),PB(最大正值),PS-TTM(当前值),PS-TTM(分位点%),PS-TTM(最小值),PS-TTM(20%分位点值),PS-TTM(50%分位点值),PS-TTM(80%分位点值),PS-TTM(最大正值),股息率(当前值),股息率(分位点%),股息率(最小值),股息率(20%分位点值),股息率(50%分位点值),股息率(80%分位点值),股息率(最大正值),净资产收益率(ROE)(2026Q1),净资产收益率(ROE)(2025Q4),净资产收益率(ROE)(2025Q1),关注度
="950125",科创半导体材料设备,2024-07-26,=0.0171,=4267.5448,=0.9865,=190.6290,=0.8693,=70.4245,=117.4338,=133.6851,=169.4758,=348.7588,=11.2503,=0.9109,=2.8469,=4.7934,=5.5444,=7.0626,=17.6268,=25.0141,=0.9109,=7.2923,=10.9937,=13.0149,=15.7940,=37.4011,=0.0010,=0.4257,=0.0006,=0.0008,=0.0013,=0.0016,=0.0028,=0.0075,=0.0371,=0.0094,=154
="931743",半导体材料设备,2012-12-21,=0.0153,=9650.2129,=0.8741,=140.4579,=0.9222,=30.1973,=40.1666,=61.4059,=90.2616,=224.0742,=11.0489,=0.9311,=2.5588,=3.4436,=4.3211,=7.1930,=17.1334,=17.4546,=0.9413,=2.5903,=3.1786,=3.8591,=11.2203,=25.3851,=0.0013,=0.0612,=0.0009,=0.0020,=0.0028,=0.0045,=0.0073,=0.0198,=0.0706,=0.0130,=300
="931865",中证半导,2019-03-20,=0.0175,=8348.2071,=0.6869,=159.8803,=0.9247,=32.8138,=45.7278,=73.9546,=130.0426,=255.0466,=10.4844,=0.9256,=3.3892,=4.1525,=5.3037,=8.5512,=15.8034,=19.6288,=0.9364,=6.4190,=7.7153,=8.8243,=15.2974,=28.9040,=0.0009,=0.1125,=0.0006,=0.0011,=0.0020,=0.0024,=0.0032,=0.0168,=0.0580,=0.0153,=219
="931144",通信技术,2019-05-30,=0.0031,=3644.2581,=0.5653,=63.7245,=0.9027,=22.8153,=30.4954,=37.1317,=52.3703,=113.1406,=10.4902,=0.9573,=2.5671,=3.1135,=3.7454,=4.8306,=15.3977,=6.3518,=0.9534,=1.6428,=2.1085,=2.5063,=3.4228,=9.4991,=0.0033,=0.0518,=0.0021,=0.0043,=0.0064,=0.0100,=0.0166,=0.0432,=0.1354,=0.0299,=258
="000685",科创芯片,2022-06-13,=0.0172,=3864.4500,=0.4787,=170.3718,=0.7084,=42.1555,=70.8736,=119.4763,=181.3925,=335.4323,=10.2451,=0.9276,=3.1235,=4.0945,=5.1987,=7.7549,=15.4697,=20.7459,=0.9423,=7.4796,=10.0843,=12.3410,=15.9205,=31.9311,=0.0009,=0.0656,=0.0005,=0.0010,=0.0015,=0.0021,=0.0026,=0.0152,=0.0415,=0.0074,=516
="H30184",半导体,2013-07-15,=0.0105,=12832.6768,=0.3945,=102.9702,=0.7460,=33.2056,=51.7413,=79.1123,=107.9511,=186.6477,=8.3581,=0.8829,=2.5082,=3.4362,=4.9010,=7.4939,=12.7528,=13.1886,=0.9674,=1.3963,=2.6456,=7.0467,=9.6243,=20.0377,=0.0014,=0.0639,=0.0010,=0.0017,=0.0024,=0.0034,=0.0070,=0.0203,=0.0527,=0.0094,=3402
="932066",半导体行业精选,2023-11-10,=0.0122,=5588.2389,=0.3758,=80.8809,=0.4564,=50.1901,=65.3857,=83.5414,=99.8792,=142.8699,=8.1336,=0.7445,=3.1655,=4.1541,=6.7807,=8.4332,=12.2533,=12.4741,=0.7799,=6.6489,=8.4103,=10.8685,=12.6126,=18.4956,=0.0017,=0.2304,=0.0012,=0.0016,=0.0022,=0.0028,=0.0034,=0.0207,=0.0794,=0.0157,=6
="990001",中华半导体芯片,2019-03-18,=0.0126,=16179.8621,=0.3385,=103.6632,=0.6901,=33.1780,=61.6060,=86.3324,=116.8936,=187.5449,=8.2261,=0.8705,=3.1429,=4.2876,=5.3603,=7.5142,=12.4905,=12.9121,=0.9590,=3.3238,=6.0972,=7.1319,=9.5822,=19.5120,=0.0012,=0.0410,=0.0008,=0.0016,=0.0021,=0.0028,=0.0056,=0.0177,=0.0410,=0.0101,=1388
="H30007",芯片产业,2012-12-20,=0.0130,=4221.9898,=0.3333,=92.6399,=0.7068,=24.2382,=40.3144,=71.7642,=113.4115,=186.5687,=8.3390,=0.9175,=1.9412,=3.6288,=4.5524,=7.2976,=12.9184,=12.6875,=0.9691,=1.5871,=3.6992,=6.5633,=8.3955,=19.5328,=0.0012,=0.0351,=0.0008,=0.0017,=0.0023,=0.0046,=0.0105,=0.0230,=0.0446,=0.0109,=546
="931079",5G通信,2019-04-25,=0.0059,=2570.0116,=0.3331,=45.7530,=0.8303,=21.0709,=27.7329,=33.7133,=44.7310,=103.6981,=7.3134,=0.9539,=2.3623,=3.0512,=3.6358,=5.3672,=10.5199,=2.8473,=0.9438,=1.1916,=1.4919,=1.8890,=2.3727,=4.2354,=0.0055,=0.1904,=0.0036,=0.0056,=0.0082,=0.0121,=0.0152,=0.0389,=0.1398,=0.0276,=2287
="H30318",科技传媒通信150,2014-04-15,=0.0074,=4044.2281,=0.3153,=55.1385,=0.8693,=19.8534,=28.8631,=38.1291,=50.1002,=90.7292,=8.9721,=0.9695,=2.0037,=2.4801,=3.5037,=4.4230,=13.0479,=4.6372,=0.9567,=1.2409,=1.8640,=2.3034,=2.8480,=6.8164,=0.0040,=0.0210,=0.0031,=0.0058,=0.0072,=0.0165,=0.0244,=0.0368,=0.1091,=0.0211,=49
="980017",国证芯片,2015-02-17,=0.0115,=16656.3200,=0.3129,=98.9770,=0.6876,=30.3742,=55.9334,=81.6680,=109.1441,=227.4136,=8.7803,=0.9254,=3.1638,=4.1048,=5.7905,=7.5293,=13.5798,=13.7632,=0.9595,=3.6283,=5.7955,=6.6968,=8.1829,=20.9165,=0.0011,=0.0417,=0.0008,=0.0016,=0.0020,=0.0027,=0.0044,=0.0146,=0.0397,=0.0130,=2624
="000682",科创信息,2021-08-16,=0.0166,=2616.7900,=0.3125,=143.0478,=0.8422,=41.6131,=61.6402,=93.5372,=136.2481,=255.5918,=9.4412,=0.9366,=3.3247,=4.3608,=5.4055,=7.1477,=13.8809,=14.6062,=0.9482,=5.5790,=7.3298,=8.9275,=11.5351,=21.7670,=0.0015,=0.0392,=0.0011,=0.0020,=0.0030,=0.0038,=0.0070,=0.0200,=0.0432,=0.0072,=106
="931406",5G 50,2020-02-20,=0.0012,=2710.3540,=0.2733,=30.8541,=0.6795,=15.2657,=20.6145,=24.0748,=34.6385,=51.5506,=3.4737,=0.6555,=1.5292,=1.9707,=2.5805,=3.8294,=5.3757,=2.2979,=0.9520,=0.9155,=1.4065,=1.5874,=1.9275,=2.9469,=0.0162,=0.4115,=0.0042,=0.0067,=0.0205,=0.0276,=0.0387,=0.0252,=0.1023,=0.0236,=706
="931688",中证算力,2022-07-21,,,=0.2671,=35.0125,=0.8839,=18.0036,=20.8195,=24.0811,=32.6348,=44.9092,=3.7514,=0.8964,=1.6529,=1.9027,=2.2867,=3.3840,=4.7747,=2.6339,=0.8876,=1.3731,=1.5953,=1.8220,=2.5097,=3.3716,=0.0153,=0.0737,=0.0131,=0.0190,=0.0261,=0.0299,=0.0338,=0.0245,=0.1011,=0.0224,=110
="399363",云科技,2009-08-03,=0.0025,=11830.1200,=0.2662,=33.6925,=0.1126,=25.0041,=36.0254,=41.5206,=48.7687,=74.9161,=3.9800,=0.2144,=3.0187,=3.9515,=4.6424,=5.5540,=10.4646,=2.7296,=0.4210,=1.6015,=2.2265,=3.0417,=3.7025,=4.3638,=0.0141,=0.9765,=0.0046,=0.0055,=0.0070,=0.0104,=0.0160,=0.0491,=0.1469,=0.0254,=287
="000698",科创100,2023-08-07,=0.0003,=1842.6700,=0.2639,=94.0632,=0.0743,=60.6995,=128.1466,=211.6470,=252.2879,=337.2511,=6.6526,=0.9014,=2.7397,=3.6221,=4.2178,=6.0157,=8.5061,=7.0907,=0.6432,=4.0312,=5.1188,=6.3808,=8.4091,=10.0837,=0.0031,=0.1392,=0.0025,=0.0033,=0.0053,=0.0064,=0.0089,=0.0093,=0.0369,=0.0028,=587
="931160",通信设备,2013-07-15,=-0.0009,=19538.9761,=0.2638,=46.0413,=0.6656,=19.3231,=27.7990,=36.6958,=54.9602,=91.1971,=8.4519,=0.9670,=2.1520,=2.8712,=3.4260,=3.9732,=12.1269,=2.8674,=0.9443,=0.9706,=1.2833,=1.5072,=2.4398,=4.3558,=0.0058,=0.2602,=0.0028,=0.0052,=0.0077,=0.0150,=0.0221,=0.0428,=0.1280,=0.0276,=1312
="399990",煤炭等权,2015-01-21,=0.0058,=3626.9100,=0.2627,=21.7101,=0.9237,=5.7123,=8.6087,=10.6436,=15.4144,=166.2943,=1.8240,=0.9790,=0.8179,=1.1204,=1.3764,=1.6163,=2.0135,=1.9820,=0.9893,=0.6732,=0.9175,=1.1213,=1.4627,=2.2100,=0.0303,=0.0647,=0.0074,=0.0368,=0.0548,=0.0638,=0.1003,=0.0229,=0.0912,=0.0239,=242
="000690",科创成长,2022-11-04,=-0.0039,=2365.7400,=0.2618,=69.1557,=0.2998,=26.4295,=46.6956,=83.4099,=154.6068,=288.8500,=11.5689,=0.7565,=3.7827,=4.8620,=5.7484,=12.3337,=18.2315,=11.9289,=0.6829,=2.7510,=4.0147,=7.4832,=14.5320,=20.0971,=0.0015,=0.0758,=0.0011,=0.0021,=0.0034,=0.0053,=0.0127,=0.0188,=0.1043,=0.0143,=151
="931461",电子50,2009-07-22,=0.0130,=7402.4773,=0.2557,=48.4459,=0.7909,=20.3357,=30.2775,=36.3459,=48.9696,=76.5790,=6.5578,=0.9633,=2.5323,=3.1789,=3.7010,=5.3309,=9.2899,=3.1626,=0.8016,=1.1588,=1.7975,=2.0666,=3.1555,=4.5428,=0.0058,=0.0800,=0.0046,=0.0067,=0.0091,=0.0111,=0.0147,=0.0239,=0.0884,=0.0169,=445
="931696",科技50策略,2021-07-12,=0.0051,=25262.7876,=0.2541,=44.9513,=0.7799,=23.0047,=27.9681,=34.0368,=47.6149,=71.4621,=7.9025,=0.9020,=3.0567,=3.9272,=4.5019,=7.1645,=11.2899,=4.3669,=0.8137,=1.9010,=2.3691,=2.6963,=4.2846,=6.7093,=0.0055,=0.0683,=0.0042,=0.0063,=0.0097,=0.0121,=0.0167,=0.0396,=0.1271,=0.0285,=15
="399998",中证煤炭,2015-02-13,=0.0018,=2468.2900,=0.2519,=21.7101,=0.9237,=5.7123,=8.6087,=10.6436,=15.4144,=166.2943,=1.8240,=0.9790,=0.8179,=1.1204,=1.3764,=1.6163,=2.0135,=1.9820,=0.9893,=0.6732,=0.9175,=1.1213,=1.4627,=2.2100,=0.0303,=0.0647,=0.0074,=0.0368,=0.0548,=0.0638,=0.1003,=0.0229,=0.0912,=0.0239,=2130
="930652",CS电子,2015-06-05,=0.0113,=12262.0167,=0.2501,=54.8768,=0.8309,=21.2056,=33.8173,=43.2207,=52.9541,=86.1406,=6.6169,=0.9703,=2.2039,=3.1461,=3.6489,=4.8169,=9.3375,=3.5659,=0.9476,=1.4014,=2.0216,=2.3044,=3.0825,=5.0793,=0.0051,=0.0198,=0.0040,=0.0063,=0.0077,=0.0104,=0.0141,=0.0249,=0.0838,=0.0162,=491
="931087",科技龙头,2019-03-20,=0.0058,=6567.3994,=0.2494,=47.8784,=0.6831,=22.2848,=33.6952,=40.7706,=52.4621,=78.0359,=7.7879,=0.9485,=2.8190,=4.2304,=5.3231,=6.5493,=11.1808,=6.8657,=0.9729,=2.0316,=3.3119,=4.0024,=5.0076,=9.7717,=0.0057,=0.2953,=0.0037,=0.0053,=0.0064,=0.0086,=0.0172,=0.0321,=0.1080,=0.0209,=2097
="000858",500信息,2013-11-06,=0.0062,=12994.4800,=0.2330,=103.5069,=0.9171,=25.3805,=43.9766,=64.2121,=90.6932,=209.3531,=6.1760,=0.9744,=2.1626,=2.9041,=3.3886,=3.9443,=8.5146,=6.6308,=0.9814,=1.1229,=1.9074,=2.6868,=3.6626,=9.1355,=0.0030,=0.0161,=0.0022,=0.0045,=0.0059,=0.0072,=0.0110,=0.0212,=0.0505,=0.0070,=353
="931380",科技50,2019-11-25,=0.0099,=3883.2702,=0.2291,=43.2164,=0.4151,=22.4426,=31.3478,=46.3132,=56.4887,=71.9143,=5.6860,=0.5482,=2.7627,=3.8814,=5.5096,=7.3375,=9.9144,=4.9604,=0.6197,=2.1802,=3.0796,=4.1876,=5.6472,=7.7525,=0.0093,=0.7295,=0.0035,=0.0051,=0.0076,=0.0104,=0.0163,=0.0253,=0.0951,=0.0118,=950
="950162",科创芯片设计,2024-07-26,=0.0064,=2281.2068,=0.2262,=125.5736,=0,=125.5736,=221.5471,=263.3177,=380.8688,=687.1301,=12.7984,=0.7347,=4.2582,=7.8151,=9.6862,=13.2741,=20.2102,=19.7101,=0.6455,=8.7765,=14.4986,=17.8659,=21.7146,=32.5243,=0.0015,=0.5426,=0.0010,=0.0012,=0.0015,=0.0018,=0.0029,=0.0309,=0.0713,=0.0107,=68
="399389",国证通信,2011-12-02,=-0.0015,=10212.5700,=0.2246,=30.7423,=0.3872,=15.1336,=21.7733,=46.3335,=65.1875,=153.7967,=2.7942,=0.6973,=1.3245,=1.8461,=2.4671,=3.0346,=3.8815,=2.6769,=0.9703,=0.9743,=1.4589,=1.6822,=1.8999,=3.2843,=0.0201,=0.6227,=0.0026,=0.0049,=0.0071,=0.0294,=0.0420,=0.0209,=0.0855,=0.0209,=60
="932087",集成电路,2023-03-29,=0.0074,=1380.0555,=0.2185,=96.6809,=0.1632,=46.1239,=100.6652,=132.2737,=152.1375,=195.7770,=7.4401,=0.8247,=3.1405,=3.9438,=5.1963,=7.2734,=11.4486,=11.9798,=0.7896,=5.8347,=7.6589,=9.1212,=12.0558,=18.6728,=0.0015,=0.3543,=0.0010,=0.0014,=0.0018,=0.0022,=0.0029,=0.0203,=0.0481,=0.0079,=55
="931271",通信设备主题,2012-12-21,=-0.0018,=4395.5645,=0.2179,=67.5968,=0.7497,=25.8971,=33.2329,=36.4300,=79.3535,=113.3155,=9.9357,=0.8945,=2.2261,=2.9076,=3.6127,=8.1617,=14.2344,=6.4502,=0.8782,=1.5689,=2.0596,=2.5936,=5.6739,=9.3619,=0.0037,=0.1299,=0.0022,=0.0044,=0.0081,=0.0099,=0.0129,=0.0351,=0.1175,=0.0256,=14
="000936",中证电信,2009-07-03,=-0.0044,=12075.5535,=0.2148,=28.4178,=0.5625,=14.1836,=20.2178,=26.5906,=41.2993,=123.1725,=2.6806,=0.7068,=1.2149,=1.7612,=2.3409,=2.7951,=3.6232,=2.6067,=0.9724,=0.7463,=1.0341,=1.2735,=1.8338,=3.0800,=0.0214,=0.5918,=0.0019,=0.0063,=0.0096,=0.0319,=0.0507,=0.0215,=0.0913,=0.0219,=342
="931248",油气资源,2023-06-12,=-0.0102,=1109.4623,=0.2142,=14.5494,=0.8784,=8.9017,=10.2516,=11.3728,=13.2677,=19.0700,=1.4015,=0.8486,=1.0292,=1.1531,=1.2273,=1.3670,=1.8318,=0.7645,=0.8836,=0.4486,=0.5187,=0.5949,=0.6836,=0.9774,=0.0348,=0.1048,=0.0285,=0.0391,=0.0458,=0.0496,=0.0548,=0.0301,=0.0906,=0.0280,=54
="000688",科创50,2020-07-23,=0.0171,=1632.0200,=0.2141,=148.4719,=0.8430,=35.5957,=42.6920,=71.9287,=138.1842,=263.7183,=7.4648,=0.8742,=2.9443,=4.2479,=4.9025,=6.8546,=10.5365,=9.6246,=0.7923,=3.1319,=4.5963,=5.6269,=9.7336,=13.6380,=0.0022,=0.0311,=0.0016,=0.0030,=0.0045,=0.0071,=0.0110,=0.0135,=0.0347,=0.0045,=8266
="000998",中证TMT,2011-11-08,=0.0044,=3567.7957,=0.2133,=39.0521,=0.6260,=18.9989,=27.6163,=34.6442,=43.3336,=58.6698,=4.3472,=0.8800,=1.9674,=2.4618,=3.2922,=4.0225,=5.6742,=3.0658,=0.9588,=1.2505,=1.8092,=2.1803,=2.6496,=3.9991,=0.0114,=0.5781,=0.0048,=0.0067,=0.0093,=0.0185,=0.0284,=0.0233,=0.0900,=0.0196,=566
="931866",中证机床,2022-05-09,=-0.0094,=2175.2750,=0.2131,=52.5392,=0.7564,=28.6086,=36.9474,=40.8788,=56.8792,=85.2007,=6.2792,=0.9090,=2.8302,=3.7651,=4.3468,=5.2297,=9.1263,=4.8510,=0.8503,=2.4023,=3.1611,=3.4438,=4.4263,=7.3925,=0.0067,=0.2309,=0.0043,=0.0066,=0.0077,=0.0097,=0.0146,=0.0321,=0.1022,=0.0244,=166
="980080",成长100,2012-12-28,,,=0.2085,=47.8995,=0.3501,=39.4731,=45.2660,=50.0728,=63.2756,=82.4653,=6.4077,=0.6979,=3.0437,=3.6676,=5.7482,=6.9121,=9.2690,=4.1175,=0.7117,=2.0191,=2.4155,=3.1067,=4.5120,=5.8594,=0.0044,=0.1487,=0.0030,=0.0049,=0.0056,=0.0069,=0.0087,=0.0481,=0.1452,=0.0254,=270
="399296",创成长,2019-01-23,=0.0035,=7518.8100,=0.2064,=36.1652,=0.3043,=22.4911,=30.9769,=43.3681,=63.8635,=104.6935,=8.0897,=0.6283,=3.9463,=4.9540,=7.0954,=10.6591,=14.9802,=5.0906,=0.3891,=2.5417,=3.4782,=5.8230,=11.9029,=17.3385,=0.0080,=0.6826,=0.0016,=0.0028,=0.0063,=0.0105,=0.0200,=0.0584,=0.2040,=0.0396,=1084
="399610",TMT50,2010-11-08,=0.0069,=11554.8100,=0.2059,=41.2756,=0.6140,=21.0331,=30.1605,=38.0622,=46.3605,=64.7172,=6.3290,=0.9596,=2.4071,=3.2240,=4.0363,=5.2073,=8.4969,=3.3476,=0.6837,=1.5843,=2.0120,=2.7280,=3.6841,=4.6782,=0.0074,=0.3942,=0.0046,=0.0061,=0.0080,=0.0121,=0.0161,=0.0296,=0.1080,=0.0206,=524
="980030",消费电子,2015-02-17,=0.0061,=8758.9800,=0.2055,=42.2048,=0.5984,=18.6467,=31.8277,=39.2317,=47.8701,=65.6114,=4.4488,=0.8357,=2.0026,=2.6000,=3.0254,=4.2829,=6.3059,=2.2333,=0.7496,=1.1413,=1.4005,=1.5853,=2.3779,=3.4515,=0.0067,=0.2287,=0.0040,=0.0066,=0.0082,=0.0110,=0.0143,=0.0190,=0.0648,=0.0154,=391
="000993",全指信息,2011-08-02,=0.0101,=10229.0900,=0.2053,=57.9080,=0.6388,=27.3163,=42.0292,=52.3360,=68.2638,=96.2351,=6.4337,=0.9703,=2.5265,=3.2907,=4.0167,=4.7003,=8.9424,=3.8202,=0.8969,=1.8009,=2.3376,=2.8251,=3.4660,=5.3826,=0.0051,=0.1476,=0.0039,=0.0053,=0.0064,=0.0084,=0.0117,=0.0221,=0.0751,=0.0134,=4100
="000935",中证信息,2009-07-03,=0.0108,=7731.3100,=0.2046,=57.7345,=0.8474,=22.3783,=36.3294,=44.9593,=55.3688,=87.4284,=6.4429,=0.9699,=2.5910,=3.3282,=4.0442,=4.8648,=8.9117,=3.7321,=0.8722,=1.7187,=2.2023,=2.7264,=3.5199,=5.2392,=0.0053,=0.0672,=0.0042,=0.0059,=0.0072,=0.0094,=0.0127,=0.0237,=0.0833,=0.0137,=1125
="931494",消费电子,2020-06-12,=0.0109,=6118.9815,=0.2030,=50.7956,=0.7686,=20.2625,=32.1257,=38.7346,=52.3699,=77.9188,=5.6951,=0.9335,=2.1307,=2.8230,=3.5498,=5.1158,=7.9404,=2.7162,=0.8551,=1.3000,=1.6503,=1.9962,=2.6210,=3.9249,=0.0054,=0.1636,=0.0040,=0.0058,=0.0082,=0.0109,=0.0138,=0.0228,=0.0807,=0.0166,=232
="931165",新兴科技100,2019-04-25,=0.0008,=10232.6758,=0.2024,=41.3813,=0.8275,=17.0055,=23.4438,=29.7537,=40.2597,=67.3989,=9.4245,=0.9551,=3.5721,=4.3435,=5.5095,=7.6534,=13.6689,=8.5406,=0.9472,=3.0368,=3.6594,=4.8663,=6.4655,=12.4159,=0.0067,=0.2006,=0.0047,=0.0067,=0.0091,=0.0149,=0.0264,=0.0515,=0.1919,=0.0378,=520
="970070",创业板人工智能,2024-07-11,=-0.0069,=7105.6500,=0.1984,=52.6058,=0.0368,=48.3861,=70.7201,=80.7626,=93.7680,=119.1606,=10.4499,=0.8178,=3.3467,=5.1423,=6.5854,=10.2159,=15.2749,=8.1705,=0.6376,=3.4016,=4.9950,=6.2721,=9.2808,=12.0918,=0.0041,=0.4050,=0.0027,=0.0035,=0.0051,=0.0065,=0.0096,=0.0381,=0.1206,=0.0167,=243
="931579",东证优势成长,2020-11-09,=0.0021,=9132.2341,=0.1965,=26.7034,=0.6901,=7.9327,=14.3152,=19.2810,=30.5212,=61.0103,=5.6710,=0.7448,=0.9149,=2.6175,=3.4552,=5.9320,=9.3390,=4.0858,=0.8792,=1.1828,=2.0627,=2.4107,=3.6802,=6.0793,=0.0125,=0.3987,=0.0040,=0.0071,=0.0151,=0.0286,=0.0527,=0.0548,=0.1983,=0.0468,=154
="000994",全指电信,2011-08-02,=-0.0026,=13301.3321,=0.1942,=28.9063,=0.3979,=17.6024,=21.7761,=33.6778,=52.5075,=109.2407,=2.7467,=0.6318,=1.3865,=1.8410,=2.5290,=3.0259,=3.7766,=2.6164,=0.9662,=0.9155,=1.2459,=1.5493,=1.9017,=3.1271,=0.0208,=0.6161,=0.0022,=0.0055,=0.0084,=0.0296,=0.0398,=0.0216,=0.0895,=0.0218,=233
="000915",300信息,2007-07-02,=0.0129,=3879.3252,=0.1934,=49.3637,=0.8285,=20.6178,=34.5626,=39.8259,=48.3117,=75.5831,=6.5514,=0.9526,=2.7398,=3.5399,=4.3483,=5.5783,=9.0762,=3.1963,=0.4977,=1.6744,=2.1697,=3.2051,=4.0594,=4.9963,=0.0062,=0.2148,=0.0049,=0.0061,=0.0077,=0.0100,=0.0144,=0.0247,=0.0971,=0.0166,=22
="000689",科创材料,2022-08-15,=-0.0004,=1444.8700,=0.1918,=162.0449,=0.8557,=38.7753,=45.5038,=87.1346,=151.8665,=281.6880,=5.5300,=0.9304,=1.9307,=2.6314,=3.3837,=4.5170,=8.5314,=6.6296,=0.8946,=2.1963,=3.1431,=4.0613,=5.6510,=10.7722,=0.0029,=0.0563,=0.0019,=0.0044,=0.0064,=0.0079,=0.0117,=0.0126,=0.0258,=0.0058,=48
="931250",港股通创新药,2012-07-20,=0.0099,=1195.1225,=0.1910,=36.2382,=0.4737,=21.4435,=32.6102,=36.6454,=44.1805,=63.0533,=3.8390,=0.8006,=1.5232,=1.8428,=2.3582,=3.8390,=4.5255,=6.3027,=0.7355,=1.4727,=1.7735,=2.3643,=6.5265,=7.7209,=0.0077,=0.2452,=0.0059,=0.0076,=0.0134,=0.0163,=0.0196,,=0.1071,,=137
="HSSSHID",恒生沪深港创新药精选50指数,2020-03-01,=0.0040,=8924.2900,=0.1903,=32.5545,=0.3502,=23.4861,=29.5625,=35.4747,=51.5558,=94.0285,=4.2471,=0.6437,=2.0729,=2.8199,=3.7578,=6.3304,=8.4497,=6.1274,=0.8343,=1.3432,=1.9004,=3.7150,=6.0043,=8.1459,=0.0080,=0.3855,=0.0033,=0.0050,=0.0087,=0.0120,=0.0157,,=0.1198,,=296
="HSHK35",恒生香港35,2003-01-20,=-0.0036,=3392.5800,=0.1886,=15.0456,=0.5705,=9.7413,=12.2188,=14.4561,=17.6563,=47.6465,=1.3439,=0.9955,=0.7649,=0.9601,=1.1018,=1.2375,=1.3663,=3.5252,=0.9443,=2.1814,=2.5966,=2.9088,=3.1976,=3.7366,=0.0360,=0.2739,=0.0206,=0.0332,=0.0389,=0.0462,=0.0628,,,,=115
="930850",智能制造,2016-07-20,=0.0054,=5686.4087,=0.1879,=52.2842,=0.8519,=23.4329,=32.7224,=41.8082,=50.3977,=78.5602,=5.7265,=0.9393,=2.5370,=3.5207,=4.1717,=5.0937,=7.7199,=3.3659,=0.7357,=1.5919,=2.3563,=2.7940,=3.5814,=5.3954,=0.0061,=0.1667,=0.0050,=0.0062,=0.0077,=0.0101,=0.0146,=0.0208,=0.0857,=0.0160,=366
="000171",新兴成指,2017-01-25,=0.0058,=2179.6026,=0.1813,=31.5954,=0.6953,=15.0335,=20.3812,=24.9351,=36.2009,=63.8139,=4.9151,=0.6051,=2.6324,=3.2933,=4.3693,=6.2845,=10.8185,=4.2595,=0.7675,=1.3680,=2.1208,=2.8000,=4.4570,=8.5894,=0.0125,=0.4972,=0.0042,=0.0073,=0.0126,=0.0195,=0.0271,=0.0336,=0.1371,=0.0326,=208
="931787",港股创新药,2018-08-14,=0.0107,=1481.4583,=0.1811,=36.2382,=0.3833,=20.8973,=29.6096,=43.2372,=79.1360,=400.8209,=3.8390,=0.7235,=1.5132,=2.3086,=2.9841,=4.1206,=5.7621,=6.3027,=0.9050,=0.8553,=1.3293,=2.0955,=3.3871,=7.7308,=0.0077,=0.3155,=0.0045,=0.0069,=0.0103,=0.0136,=0.0202,,=0.1071,,=801
="000928",中证能源,2009-07-03,=-0.0067,=3469.1300,=0.1773,=15.1111,=0.6581,=6.9612,=9.7906,=13.1469,=19.1237,=68.9647,=1.4715,=0.9513,=0.7281,=0.9359,=1.1559,=1.3043,=1.8006,=0.8871,=0.9707,=0.3162,=0.4106,=0.5298,=0.7126,=1.0383,=0.0360,=0.1645,=0.0106,=0.0366,=0.0464,=0.0557,=0.0717,=0.0289,=0.0960,=0.0282,=1295
="930792",HK银行,2016-04-22,=-0.0012,=5179.4659,=0.1771,=7.2197,=0.8960,=3.2659,=4.4606,=5.8966,=6.8481,=9.5632,=0.6959,=0.6645,=0.3905,=0.4962,=0.6240,=0.8015,=1.0771,=2.7098,=0.9760,=1.0519,=1.5163,=1.8837,=2.4444,=3.1066,=0.0442,=0.0572,=0.0355,=0.0498,=0.0562,=0.0743,=0.1045,,=0.0901,,=760
="000986",全指能源,2011-08-02,=-0.0049,=2743.5500,=0.1753,=15.6498,=0.6553,=6.8032,=9.9968,=13.3499,=18.9618,=75.0146,=1.4734,=0.9546,=0.7554,=0.9688,=1.1786,=1.3198,=1.7977,=0.9021,=0.9715,=0.3323,=0.4459,=0.5657,=0.7317,=1.0524,=0.0349,=0.2045,=0.0098,=0.0347,=0.0439,=0.0544,=0.0769,=0.0281,=0.0918,=0.0274,=610
="H30198",油气产业,2013-07-15,=-0.0076,=2474.0802,=0.1745,=14.7392,=0.5126,=7.8064,=10.8922,=14.2233,=25.3696,=104.2111,=1.5035,=0.9719,=0.6580,=0.8183,=1.1519,=1.2676,=1.8532,=0.7953,=0.9710,=0.2505,=0.3229,=0.4840,=0.5955,=0.9554,=0.0325,=0.1723,=0.0103,=0.0346,=0.0426,=0.0469,=0.0704,=0.0307,=0.0868,=0.0269,=122
="399285",物联网50,2020-02-18,=0,=7408.0600,=0.1728,=36.6493,=0.7141,=21.8675,=26.4648,=31.8707,=38.8495,=48.9860,=5.4249,=0.8291,=2.6765,=3.4175,=4.0539,=5.3459,=6.9158,=3.4345,=0.9096,=1.7407,=2.0247,=2.4695,=3.1463,=4.3982,=0.0123,=0.5372,=0.0076,=0.0096,=0.0121,=0.0147,=0.0214,=0.0353,=0.1364,=0.0304,=94
="931159",创新100,2019-05-16,=0.0064,=3982.9796,=0.1712,=36.8039,=0.5215,=24.8309,=32.3553,=36.3690,=46.3180,=59.7307,=5.3130,=0.7229,=2.9189,=3.7026,=4.3986,=5.5674,=7.4325,=4.4389,=0.7195,=2.3351,=3.1747,=3.8147,=4.8703,=6.6085,=0.0099,=0.6227,=0.0044,=0.0062,=0.0089,=0.0126,=0.0177,=0.0278,=0.1244,=0.0278,=234
="000680",科创综指,2025-01-20,=0.0049,=1905.4000,=0.1642,=140.7793,=0.1292,=115.7401,=173.8687,=209.1782,=231.6439,=278.5830,=6.1786,=0.8062,=3.4337,=3.9791,=5.2697,=6.1200,=8.0513,=8.0928,=0.7752,=4.7291,=5.5124,=7.2173,=8.1666,=10.6066,=0.0029,=0.1731,=0.0023,=0.0030,=0.0037,=0.0050,=0.0065,=0.0091,=0.0262,=0.0033,=239
="931643",科创创业50,2021-06-01,=0.0109,=2320.9905,=0.1635,=52.7168,=0.6656,=22.6109,=28.7890,=40.3798,=59.8991,=92.9106,=7.3013,=0.7876,=3.3216,=4.2124,=5.2176,=7.5385,=12.1685,=6.7309,=0.7278,=2.7030,=3.4214,=4.6612,=7.4418,=14.6821,=0.0065,=0.4256,=0.0024,=0.0040,=0.0074,=0.0115,=0.0174,=0.0368,=0.1190,=0.0246,=2038
="950333",智选创新价值,2024-09-25,=0.0030,=2635.9823,=0.1599,=433.1852,=0.3728,=62.6254,=109.5606,=-9887.2404,=-359.5866,=5158.8110,=4.0575,=0.9030,=1.6564,=2.1684,=2.6020,=3.0859,=5.3226,=5.1341,=0.9030,=1.6015,=2.1364,=2.7382,=3.1123,=6.7566,=0.0027,=0.1056,=0.0019,=0.0054,=0.0068,=0.0103,=0.0136,=-0.0002,=-0.0164,=-0.0030,=19
=".NDX",纳斯达克100指数,1969-12-31,,,=0.1568,,,,,,,,,,,,,,,,,,,,,,,,,,,,,,,=0.0751,=4710
="399667",创业成长,2013-01-07,=0.0064,=6385.1300,=0.1553,=33.0548,=0.2887,=21.3636,=29.5830,=38.3781,=51.7989,=90.9628,=6.4858,=0.7332,=2.9224,=4.0916,=4.8759,=7.5404,=10.8589,=5.0593,=0.5913,=2.4713,=3.4035,=4.6724,=6.6782,=10.3001,=0.0094,=0.7889,=0.0027,=0.0042,=0.0064,=0.0096,=0.0182,=0.0481,=0.1635,=0.0355,=102
="HSSCHKC",恒生港股通香港公司指数,2017-11-20,=-0.0032,=3575.3500,=0.1505,=14.2137,=0.4768,=9.9660,=12.2538,=14.3867,=17.9544,=45.2058,=1.3718,=0.9898,=0.8018,=0.9566,=1.1012,=1.2522,=1.4044,=3.4279,=0.9907,=1.7566,=2.0798,=2.3964,=2.7902,=3.5613,=0.0354,=0.2590,=0.0202,=0.0341,=0.0389,=0.0465,=0.0626,,,,=14
="CN5075",国证信创,2015-02-16,,,=0.1479,=76.7562,=0.4741,=39.3034,=50.0603,=78.4814,=124.3348,=152.0158,=7.4790,=0.8079,=3.0386,=3.5803,=5.2683,=7.4368,=10.9595,=6.0682,=0.8765,=2.8415,=3.7114,=4.4484,=5.6258,=8.6847,=0.0026,=0.1067,=0.0018,=0.0030,=0.0057,=0.0078,=0.0108,=0.0268,=0.0598,=0.0136,=32
="932069",港股通医疗主题,2022-07-21,=-0.0083,=1133.1867,=0.1450,=39.1023,=0.8389,=20.9778,=26.3980,=30.8643,=37.3903,=51.0900,=2.6330,=0.8328,=1.4397,=1.6279,=2.0417,=2.6033,=3.0086,=1.4710,=0.8840,=0.6760,=0.7776,=0.9962,=1.4232,=1.6308,=0.0113,=0.3690,=0.0073,=0.0087,=0.0127,=0.0158,=0.0250,,=0.0571,,=24
="399326",成长40,2006-01-24,=0.0114,=7290.0700,=0.1450,=27.1876,=0.4680,=11.4413,=22.5069,=27.6969,=33.2868,=67.8360,=5.8173,=0.7072,=2.3502,=3.7081,=4.7246,=6.5226,=10.3842,=3.4670,=0.6260,=1.6605,=2.3239,=3.0559,=3.9346,=5.1844,=0.0109,=0.6656,=0.0046,=0.0073,=0.0096,=0.0135,=0.0218,=0.0646,=0.2161,=0.0378,=275
="000958",创业成长,2010-03-24,,,=0.1449,=40.2349,=0.9584,=11.9506,=17.5032,=24.3293,=30.6864,=61.3903,=10.2427,=0.9765,=2.6815,=3.7899,=5.1668,=6.3935,=14.5711,=5.6228,=0.9654,=1.2937,=1.9105,=2.5442,=3.9715,=7.7463,=0.0060,=0.1270,=0.0040,=0.0066,=0.0090,=0.0140,=0.0209,=0.0493,=0.2198,=0.0640,=674
="932038",央企科技引领,2022-11-16,=0.0049,=1709.9001,=0.1425,=71.8210,=0.7445,=31.0707,=37.9485,=45.3260,=77.6835,=100.6860,=5.0596,=0.8100,=2.7684,=3.4958,=3.9951,=4.9911,=6.8336,=5.5816,=0.8155,=2.3932,=3.1688,=3.9512,=5.4895,=7.0751,=0.0060,=0.1779,=0.0042,=0.0062,=0.0084,=0.0108,=0.0151,=0.0105,=0.0636,=0.0096,=43
="931071",人工智能,2018-11-21,=0.0020,=2586.2631,=0.1416,=50.9633,=0.5764,=30.9003,=39.8478,=48.8262,=57.4406,=77.4016,=8.1809,=0.9067,=2.9559,=3.9097,=4.7620,=5.9660,=11.5305,=4.9581,=0.8976,=2.2000,=2.8087,=3.2244,=4.1333,=9.3591,=0.0063,=0.4831,=0.0041,=0.0054,=0.0063,=0.0086,=0.0135,=0.0409,=0.1450,=0.0239,=1375
="931718",高端造质量成长50,2021-08-25,=0.0074,=3297.2301,=0.1410,=36.4733,=0.7647,=16.3078,=22.1431,=29.0249,=37.0015,=49.4696,=6.4021,=0.8431,=3.1255,=3.9467,=4.8772,=6.0664,=8.5001,=4.3110,=0.8613,=1.7207,=2.2538,=3.0219,=3.8456,=5.6653,=0.0097,=0.4030,=0.0046,=0.0067,=0.0109,=0.0150,=0.0205,=0.0328,=0.1450,=0.0326,=31
="H30535",互联网,2015-01-12,=-0.0019,=5524.7228,=0.1393,=43.4021,=0.6751,=14.4753,=21.1927,=36.4634,=48.9065,=67.6316,=6.6181,=0.9649,=1.7453,=2.4476,=3.2858,=4.1123,=9.0569,=3.8615,=0.9497,=1.1519,=1.6628,=2.0133,=2.8975,=5.2637,=0.0071,=0.1629,=0.0048,=0.0074,=0.0108,=0.0121,=0.0190,=0.0359,=0.1165,=0.0168,=29
="HSBIO",恒生生物科技指数,2019-12-01,=0.0102,=16137.4100,=0.1382,=33.3444,=0.3197,=20.8275,=30.6876,=53.8549,=136.9968,=62737.8398,=3.3516,=0.6242,=1.5084,=2.1655,=2.9325,=4.3496,=6.7821,=1.8783,=0.6966,=0.7434,=1.0999,=1.5416,=2.1290,=3.5303,=0.0101,=0.5464,=0.0037,=0.0061,=0.0096,=0.0133,=0.0198,,=0.1070,,=690
="000699",科创200,2024-08-20,=-0.0027,=1501.7100,=0.1379,=137.3247,=0.0512,=128.9087,=173.1681,=231.9760,=308.5434,=388.1174,=4.2212,=0.6148,=1.9770,=3.0375,=3.9704,=4.8619,=5.6874,=6.2318,=0.5164,=3.3605,=5.1394,=6.1776,=7.4517,=8.4376,=0.0048,=0.4713,=0.0033,=0.0040,=0.0050,=0.0067,=0.0100,=0.0066,=0.0165,=0.0029,=153
="1000008",沪深B股,1994-01-10,=0.0132,=288.8100,=0.1379,=29.9093,=0.7918,=7.0835,=12.9417,=17.5058,=30.7740,=97.5837,=0.8236,=0.4289,=0.6594,=0.7810,=0.8414,=1.0148,=1.4976,=0.5440,=0.6590,=0.3777,=0.4474,=0.5016,=0.5824,=1.1545,=0.0387,=0.6157,=0.0157,=0.0281,=0.0359,=0.0437,=0.1455,,,=0.0134,=371
="931785",智选沪深港科技50,2025-06-27,=0.0106,=2709.3175,=0.1362,=42.7302,=0.8265,=31.7791,=35.3798,=37.4944,=41.7086,=55.2390,=5.0066,=0.6122,=3.8679,=4.4193,=4.8557,=5.4448,=6.1942,=3.3301,=0.6667,=2.2695,=2.6323,=3.0341,=3.5042,=4.0650,=0.0056,=0.1531,=0.0046,=0.0071,=0.0077,=0.0090,=0.0100,,,,=12
="931409",SHS创新药,2020-02-20,=0.0067,=2384.4289,=0.1314,=42.6076,=0.6056,=24.9819,=34.7081,=39.7858,=58.7417,=94.9889,=4.6328,=0.6201,=2.3431,=3.2934,=4.1521,=6.2952,=8.9149,=6.7890,=0.8447,=2.2896,=3.2172,=4.0871,=6.5944,=8.2645,=0.0085,=0.5091,=0.0036,=0.0052,=0.0084,=0.0113,=0.0166,,=0.0994,,=325
="931994",电网设备主题,2022-10-11,=0.0057,=2848.3572,=0.1290,=32.0825,=0.8546,=15.6741,=20.2245,=23.0962,=29.4474,=44.9431,=3.0742,=0.8535,=1.9713,=2.2957,=2.4689,=2.8528,=4.2080,=2.0721,=0.8567,=1.2895,=1.4794,=1.6162,=1.8550,=2.7882,=0.0118,=0.2803,=0.0088,=0.0111,=0.0134,=0.0164,=0.0189,=0.0214,=0.0975,=0.0200,=310
="399374",中盘成长,2010-01-04,=0.0071,=5154.6500,=0.1275,=27.9143,=0.8285,=12.0664,=16.7038,=22.9694,=27.5771,=34.9289,=3.9473,=0.9324,=1.8942,=2.4100,=3.1265,=3.6319,=4.6865,=2.5611,=0.8454,=0.9013,=1.6610,=2.2043,=2.4826,=3.0491,=0.0124,=0.3777,=0.0084,=0.0109,=0.0145,=0.0210,=0.0349,=0.0366,=0.1248,=0.0238,=204
="987016",港股通红利低波,2021-11-18,,,=0.1268,=7.7798,=0.9854,=3.4544,=4.3156,=5.0325,=6.9190,=8.0054,=0.7447,=0.9948,=0.4152,=0.4892,=0.5421,=0.6697,=0.7549,=1.1469,=0.8528,=0.5827,=0.6615,=0.8043,=1.1159,=1.3012,=0.0519,=0.0439,=0.0488,=0.0587,=0.0809,=0.0923,=0.1160,,=0.0893,,=177
="931582",数字经济,2020-11-09,=0.0118,=1661.4734,=0.1253,=55.6895,=0.6276,=35.0365,=44.0169,=50.5173,=66.8382,=88.8203,=6.9345,=0.8436,=3.4564,=4.9276,=5.6976,=6.7110,=9.8458,=6.5288,=0.6596,=2.4970,=3.9565,=5.8900,=7.6652,=11.8341,=0.0046,=0.1727,=0.0032,=0.0047,=0.0057,=0.0066,=0.0087,=0.0236,=0.0954,=0.0158,=191
="000151",上国红利,2012-07-20,=0.0093,=1717.7400,=0.1244,=8.9908,=0.9880,=4.5075,=5.3657,=6.9909,=7.9350,=10.0345,=0.7949,=0.6128,=0.5268,=0.6189,=0.7506,=0.9628,=1.3272,=1.1002,=0.5410,=0.6026,=0.8953,=1.0750,=1.3015,=1.6854,=0.0408,=0.0264,=0.0346,=0.0444,=0.0513,=0.0650,=0.0754,=0.0218,=0.0803,=0.0258,=235
=".INX",标普500,1957-03-04,=0.0032,=7677.2800,=0.1215,=26.4452,=0.6452,=15.6907,=21.8435,=24.3068,=28.6972,=42.9883,=5.5853,=0.9733,=2.4601,=3.2578,=4.0015,=4.8413,=5.7725,=3.6012,=0.9793,=1.5801,=2.1087,=2.4144,=3.0620,=3.6930,=0.0102,=0.0311,=0.0097,=0.0121,=0.0159,=0.0192,=0.0253,,,=0.0468,=9592
="930965",HKC医药C,2017-06-23,=0.0092,=3628.8553,=0.1212,=38.7351,=0.5455,=18.1989,=25.7922,=33.5352,=71.8871,=6384.2329,=2.7331,=0.5156,=1.4216,=1.9503,=2.6932,=3.6847,=6.9841,=1.5947,=0.7494,=0.7160,=1.0334,=1.3347,=1.7174,=3.7092,=0.0103,=0.4148,=0.0038,=0.0079,=0.0109,=0.0142,=0.0248,,=0.0645,,=162
="932456",科创创业AI,2025-05-14,=0.0028,=3261.3043,=0.1209,=72.8045,=0.0032,=72.7186,=108.3936,=116.2761,=130.5185,=192.3777,=11.4811,=0.6814,=6.1464,=7.9686,=10.5833,=13.1312,=17.0303,=11.7383,=0.2019,=9.0747,=11.7181,=14.5564,=15.8040,=18.3647,=0.0025,=0.8202,=0.0016,=0.0018,=0.0019,=0.0024,=0.0030,=0.0437,=0.0985,,=81
="HSSCHKY",恒生港股通高股息率指数,2019-11-01,=-0.0004,=2770.2600,=0.1181,=7.8076,=0.9202,=3.8979,=4.9536,=5.9585,=7.2864,=8.4533,=0.7157,=0.8815,=0.4277,=0.5184,=0.5816,=0.6876,=0.8197,=1.2372,=0.9124,=0.5333,=0.6995,=0.8875,=1.1327,=1.3442,=0.0498,=0.0143,=0.0482,=0.0561,=0.0666,=0.0838,=0.1067,,=0.0894,,=505
="930758",凤凰50,2018-11-21,=0.0115,=8897.9250,=0.1170,=14.4836,=0.5964,=8.6050,=10.8313,=13.6099,=15.7284,=22.7753,=1.9653,=0.7307,=1.0496,=1.4452,=1.6751,=2.0731,=3.0708,=2.2657,=0.9198,=0.3622,=0.7538,=1.3268,=1.9129,=3.4064,=0.0316,=0.8502,=0.0097,=0.0229,=0.0282,=0.0307,=0.0478,=0.0281,=0.1135,=0.0262,=71
="930967",港股通信息C,2017-06-23,=0.0104,=5133.7590,=0.1139,=59.9311,=0.9673,=9.7009,=25.9160,=35.1316,=45.6350,=82.6684,=3.8551,=0.5084,=1.0827,=1.5123,=3.7980,=5.9158,=9.2789,=1.6512,=0.4903,=0.3926,=0.6357,=1.7491,=4.3815,=6.3504,=0.0043,=0.1139,=0.0029,=0.0047,=0.0058,=0.0110,=0.0212,,=0.0915,,=17
="399803",工业4.0,2015-02-13,=0.0011,=5990.9000,=0.1137,=38.3403,=0.5414,=19.7294,=27.9595,=36.1500,=46.8411,=61.8732,=4.7840,=0.6021,=2.6645,=3.4308,=4.3466,=5.6549,=8.0266,=2.2066,=0.3579,=1.5023,=2.0108,=2.5138,=3.2175,=4.4565,=0.0088,=0.5002,=0.0032,=0.0062,=0.0088,=0.0123,=0.0202,=0.0258,=0.1072,=0.0218,=489
="399991",一带一路,2015-02-16,=0.0082,=3300.6400,=0.1135,=17.4684,=0.6948,=9.4567,=11.6727,=14.1012,=19.2384,=34.5905,=1.6228,=0.9571,=1.0035,=1.1547,=1.2474,=1.4538,=1.7874,=0.6942,=0.9282,=0.3598,=0.4252,=0.4777,=0.6201,=0.7793,=0.0232,=0.2849,=0.0109,=0.0218,=0.0280,=0.0340,=0.0441,=0.0240,=0.0795,=0.0217,=585
="930599",中证高装,2015-03-02,=0.0078,=9381.9006,=0.1131,=41.8859,=0.7291,=19.5438,=27.7467,=34.6585,=45.1864,=65.7817,=4.3451,=0.9555,=1.8509,=2.5592,=3.1126,=3.7575,=5.5770,=2.4353,=0.8132,=1.2322,=1.6106,=1.9489,=2.4244,=3.1551,=0.0087,=0.4408,=0.0049,=0.0067,=0.0092,=0.0120,=0.0171,=0.0227,=0.0865,=0.0192,=122
="H11140",香港红利,2009-07-23,=0.0006,=4056.8109,=0.1123,=7.6896,=0.7965,=3.0693,=4.4494,=5.9820,=7.7047,=13.9623,=0.7233,=0.6417,=0.3833,=0.5103,=0.6294,=0.8661,=1.1652,=1.2129,=0.7150,=0.5431,=0.7455,=0.9723,=1.3240,=2.1349,=0.0510,=0.1163,=0.0382,=0.0555,=0.0633,=0.0876,=0.1281,,=0.0912,,=52
="930719",CS精准医,2015-08-05,=-0.0131,=2952.4950,=0.1107,=36.8068,=0.1622,=29.3195,=37.8642,=51.8385,=66.7843,=102.1078,=4.8187,=0.2940,=3.4982,=4.5550,=5.9769,=8.9321,=14.5104,=7.1530,=0.4593,=5.1956,=6.1923,=7.4160,=10.5820,=18.8625,=0.0073,=0.5688,=0.0022,=0.0041,=0.0068,=0.0105,=0.0164,=0.0301,=0.1091,=0.0230,=346
="399439",国证油气,2014-12-30,=-0.0113,=2136.3900,=0.1094,=14.4470,=0.5052,=7.2448,=10.6844,=14.1543,=28.5901,=98.7831,=1.4084,=0.9460,=0.6716,=0.7849,=1.1560,=1.2712,=1.8382,=0.7622,=0.9629,=0.2370,=0.3183,=0.5042,=0.6031,=0.9735,=0.0351,=0.2021,=0.0101,=0.0350,=0.0425,=0.0469,=0.0731,=0.0300,=0.0921,=0.0283,=107
="000908",300能源,2007-07-02,=-0.0103,=2616.4404,=0.1068,=14.5422,=0.6161,=6.9395,=9.4585,=13.0370,=19.4104,=62.7889,=1.4932,=0.9596,=0.7125,=0.8868,=1.1380,=1.2906,=1.8071,=0.8893,=0.9724,=0.3053,=0.3856,=0.5108,=0.6971,=1.0302,=0.0377,=0.1794,=0.0113,=0.0382,=0.0494,=0.0598,=0.0754,=0.0302,=0.1004,=0.0297,=272
="399970",移动互联,2014-05-05,=0.0050,=4929.7500,=0.1051,=43.8147,=0.6610,=21.2604,=32.0602,=40.2094,=49.3013,=64.0807,=4.9151,=0.6887,=2.3944,=3.2977,=4.0649,=5.7108,=7.9573,=2.6798,=0.5777,=1.5790,=2.0679,=2.5539,=3.2483,=4.6665,=0.0073,=0.3753,=0.0043,=0.0058,=0.0082,=0.0107,=0.0143,=0.0246,=0.0808,=0.0175,=473
="000066",上证商品,2010-04-30,=0.0132,=3896.1900,=0.1046,=15.5948,=0.5637,=7.9120,=11.1675,=15.0085,=22.6253,=53.3084,=1.8188,=0.9654,=0.9403,=1.2112,=1.3412,=1.5081,=2.2405,=1.0184,=0.9649,=0.4082,=0.5256,=0.6498,=0.7823,=1.2223,=0.0306,=0.2833,=0.0093,=0.0292,=0.0357,=0.0466,=0.0603,=0.0347,=0.1091,=0.0303,=87
="000015",红利指数,2005-01-04,=0.0088,=3351.4800,=0.1033,=9.0061,=0.9773,=4.6646,=5.5108,=7.0875,=8.1074,=10.4439,=0.8650,=0.6474,=0.5525,=0.6398,=0.7654,=1.0137,=1.3875,=1.5079,=0.9687,=0.7277,=0.8913,=1.1480,=1.3532,=1.6890,=0.0391,=0.0590,=0.0330,=0.0427,=0.0514,=0.0644,=0.0757,=0.0233,=0.0885,=0.0212,=14279
="930820",CS高端制,2016-05-11,=0.0064,=9330.8498,=0.1021,=43.8379,=0.8016,=21.5994,=28.9923,=36.5742,=43.7721,=58.8118,=4.1620,=0.8763,=2.0597,=2.7148,=3.1883,=3.9183,=5.2414,=2.6530,=0.8763,=1.1980,=1.7166,=2.0514,=2.4980,=3.3599,=0.0086,=0.2779,=0.0055,=0.0081,=0.0098,=0.0124,=0.0171,=0.0220,=0.0816,=0.0186,=318
="000962",中证中游,2010-04-16,,,=0.1006,=32.2848,=0.8713,=12.7529,=17.3536,=20.1642,=27.2879,=43.3218,=3.2670,=0.9695,=1.5782,=1.9009,=2.2509,=2.6135,=4.0998,=1.6012,=0.9682,=0.6672,=0.8352,=0.9909,=1.1434,=2.0187,=0.0112,=0.2301,=0.0081,=0.0108,=0.0151,=0.0183,=0.0221,=0.0222,=0.0826,=0.0192,=17
="930713",CS人工智,2015-07-31,=0.0045,=5812.4282,=0.1004,=48.9036,=0.3179,=24.8131,=43.8200,=53.2487,=62.3751,=90.1869,=7.5353,=0.9551,=2.8384,=3.9100,=4.7027,=5.4124,=10.4087,=4.5348,=0.8680,=2.3148,=3.1674,=3.7880,=4.3096,=6.3979,=0.0065,=0.6021,=0.0041,=0.0051,=0.0061,=0.0078,=0.0120,=0.0330,=0.1245,=0.0172,=1082
="930939",500质量,2018-11-21,=0.0044,=23289.2878,=0.0971,=18.9182,=0.7685,=10.4098,=14.0212,=16.1612,=19.4646,=27.8330,=2.2379,=0.5077,=1.6614,=2.0722,=2.2361,=2.4790,=3.9191,=2.0253,=0.9113,=0.9583,=1.2000,=1.4628,=1.8356,=2.9319,=0.0176,=0.3287,=0.0117,=0.0164,=0.0196,=0.0252,=0.0319,=0.0308,=0.1144,=0.0291,=467
="931235",中证电信,2022-07-21,=0.0019,=2973.4599,=0.0966,=29.7508,=0.8984,=15.5242,=18.8195,=21.6128,=26.6305,=36.3009,=2.8099,=0.9225,=0.8741,=1.6424,=1.9462,=2.3765,=3.4857,=2.6484,=0.9276,=0.6427,=1.4127,=1.7298,=2.1942,=3.2153,=0.0203,=0.1348,=0.0135,=0.0242,=0.0301,=0.0336,=0.0573,=0.0216,=0.0917,=0.0212,=63
="H30106",H300金融服务,2013-05-21,=0.0068,=1654.6901,=0.0935,=7.1688,=0.5787,=4.0175,=5.3642,=7.0021,=7.7688,=11.1922,=0.7790,=0.5912,=0.4470,=0.5777,=0.7401,=0.9075,=1.2489,=2.0383,=0.9015,=0.8557,=1.1816,=1.4768,=1.9197,=2.3593,=0.0432,=0.1910,=0.0288,=0.0433,=0.0472,=0.0664,=0.0918,,=0.1014,,=24
="930712",CS物联网,2015-07-31,=0.0049,=4556.6790,=0.0926,=31.6652,=0.4697,=21.9217,=27.4652,=32.4075,=37.1784,=50.1215,=4.7461,=0.7579,=2.7515,=3.4472,=4.0807,=4.9792,=7.1882,=2.4647,=0.7880,=1.2084,=1.7388,=2.0107,=2.5506,=3.5102,=0.0138,=0.7868,=0.0070,=0.0089,=0.0113,=0.0139,=0.0190,=0.0346,=0.1340,=0.0303,=168
="399364",消费100,2009-08-03,=0.0061,=11782.6900,=0.0916,=36.2237,=0.8306,=15.8540,=22.7238,=26.8956,=35.1031,=49.3766,=4.9865,=0.8079,=2.6561,=3.2996,=3.7785,=4.8697,=7.3266,=2.4687,=0.7815,=1.3127,=1.6790,=1.9225,=2.5443,=4.2956,=0.0122,=0.2506,=0.0070,=0.0116,=0.0159,=0.0191,=0.0241,=0.0306,=0.1191,=0.0345,=318
="931025",港股通地产,2017-11-06,,,=0.0903,=-88.3282,=0.6549,=1.3998,=5.5096,=8.3724,=-3.1812,=7833.8201,=0.5008,=0.5101,=0.0757,=0.2147,=0.4910,=0.8746,=1.4256,=0.9195,=0.8570,=0.0508,=0.1445,=0.5488,=0.8796,=1.5776,=0.0366,=0.3488,=0,=0.0290,=0.0424,=0.0688,=0.2175,,=-0.0074,,=13
="931186",中证科技,2019-05-30,=0.0038,=7292.2487,=0.0894,=34.1079,=0.3766,=19.1938,=30.4485,=36.2874,=46.3979,=73.9401,=4.6236,=0.5228,=2.6301,=3.6266,=4.5800,=6.3331,=8.1242,=2.8059,=0.5034,=1.4264,=2.0965,=2.7963,=4.5181,=6.0737,=0.0114,=0.7361,=0.0037,=0.0054,=0.0085,=0.0128,=0.0201,=0.0291,=0.1226,=0.0174,=962
="HSCSOE",恒生中国央企指数,2023-01-01,=0.0079,=3912.3400,=0.0883,=8.2286,=0.9241,=4.9972,=5.5808,=6.2612,=7.7969,=8.5526,=0.7872,=0.9018,=0.5264,=0.5944,=0.6389,=0.7633,=0.8375,=0.9733,=0.9085,=0.5404,=0.5970,=0.6801,=0.9150,=1.0234,=0.0462,=0.0234,=0.0450,=0.0516,=0.0680,=0.0772,=0.0871,,=0.0956,,=118
="930914",港股通高股息,2016-11-25,=-0.0009,=5349.6672,=0.0882,=8.3238,=0.8722,=3.4280,=4.4360,=5.9790,=7.8722,=11.1979,=0.7893,=0.7473,=0.3979,=0.5038,=0.6282,=0.8509,=1.1764,=1.2916,=0.8314,=0.5144,=0.7096,=0.9264,=1.2610,=2.2126,=0.0488,=0.0562,=0.0387,=0.0547,=0.0656,=0.0863,=0.1194,,=0.0918,,=766
="HSMCHYI",恒生中国内地企业高股息率指数,2019-09-01,=0.0040,=3025.6900,=0.0873,=7.5544,=0.9454,=3.7550,=5.0567,=5.8614,=6.9003,=7.9027,=0.7617,=0.8925,=0.4590,=0.5796,=0.6428,=0.7410,=0.8175,=1.1429,=0.9309,=0.5101,=0.6891,=0.8026,=0.9308,=1.2126,=0.0490,=0.0174,=0.0478,=0.0534,=0.0619,=0.0791,=0.1052,,=0.0995,,=285
="932596",港股通红利低波,2016-02-04,,,=0.0837,=8.1283,=0.6376,=7.1792,=7.7917,=8.0152,=8.2575,=8.5745,=0.7506,=0.6943,=0.6528,=0.6961,=0.7298,=0.7559,=0.7956,=1.3968,=0.9651,=1.2161,=1.2848,=1.3324,=1.3652,=1.4305,=0.0479,=0.0349,=0.0473,=0.0491,=0.0524,=0.0547,=0.0579,,=0.0894,,=103
="932153",港股通价值策略,2025-04-30,=0.0025,=1138.2830,=0.0833,=9.7254,=0.2393,=8.1696,=9.5880,=10.0716,=10.3658,=10.9237,=0.8335,=0.2945,=0.7012,=0.8177,=0.8739,=0.8998,=0.9365,=1.0031,=0.3374,=0.8168,=0.9643,=1.0237,=1.0622,=1.1126,=0.0427,=0.4816,=0.0397,=0.0413,=0.0428,=0.0446,=0.0538,,=0.0812,,=16
="H30597",新材料,2015-02-13,=0.0066,=4470.7522,=0.0777,=32.7495,=0.4808,=14.0729,=21.7626,=33.2710,=43.7483,=70.6085,=3.6778,=0.5047,=2.1817,=2.8826,=3.6695,=5.2685,=8.9168,=2.4623,=0.3678,=1.2938,=2.0086,=2.7333,=3.7927,=7.1680,=0.0136,=0.7311,=0.0037,=0.0059,=0.0108,=0.0146,=0.0237,=0.0294,=0.0908,=0.0200,=322
="399291",创精选88,2019-11-06,=0.0028,=4915.9100,=0.0760,=48.1078,=0.3278,=32.8940,=42.3163,=54.1337,=64.9653,=106.4385,=3.2054,=0.3598,=1.8895,=2.8624,=3.4026,=3.9126,=4.9331,=3.4764,=0.6704,=1.9655,=2.6319,=3.1262,=4.2776,=5.5728,=0.0098,=0.8195,=0.0042,=0.0052,=0.0072,=0.0094,=0.0134,=0.0173,=0.0556,=0.0131,=40
="931238",SSH黄金股票,2017-10-17,=0.0045,=3501.7815,=0.0755,=16.6577,=0.0853,=13.5435,=18.3138,=23.2669,=35.6098,=92.1543,=3.7618,=0.9457,=1.4294,=1.8192,=2.0221,=2.3809,=6.0579,=1.2065,=0.9484,=0.3659,=0.4666,=0.5542,=0.6745,=1.9529,=0.0202,=0.7536,=0.0052,=0.0086,=0.0127,=0.0209,=0.0325,,=0.1869,,=365
="000805",A股资源,2012-01-06,=0.0102,=7623.2490,=0.0752,=16.1640,=0.5540,=7.9265,=11.4609,=15.5702,=23.3912,=73.5792,=1.9418,=0.9654,=0.9200,=1.1959,=1.3700,=1.5301,=2.3735,=1.0701,=0.9625,=0.3865,=0.5298,=0.6350,=0.7868,=1.2754,=0.0287,=0.2457,=0.0090,=0.0281,=0.0342,=0.0454,=0.0580,=0.0371,=0.1115,=0.0305,=13
="399276",创科技,2020-10-26,=0.0085,=8702.1600,=0.0738,=34.0567,=0.4030,=20.4624,=26.5158,=37.8244,=56.8410,=84.1667,=6.4108,=0.6454,=3.5855,=4.4435,=5.8624,=8.4427,=12.0896,=4.9754,=0.5232,=2.4145,=3.3706,=4.8571,=8.5173,=12.2359,=0.0114,=0.6454,=0.0023,=0.0035,=0.0089,=0.0161,=0.0221,=0.0430,=0.1724,=0.0380,=12
="HSHCI",恒生医疗保健指数,2015-08-17,=0.0111,=3930.1000,=0.0734,=29.5029,=0.4039,=15.9973,=23.3831,=33.4256,=116.8549,=143059.6617,=2.8213,=0.5770,=1.4805,=2.2594,=2.6670,=3.4864,=7.0432,=1.7761,=0.7651,=0.8149,=1.0324,=1.3179,=1.8605,=3.5391,=0.0115,=0.5230,=0.0038,=0.0082,=0.0113,=0.0148,=0.0248,,=0.0980,,=1745
="000068",上证资源,2010-05-28,=0.0115,=4314.6900,=0.0716,=15.8152,=0.5522,=7.8012,=11.1450,=15.0988,=22.4990,=73.1997,=1.8411,=0.9699,=0.8674,=1.1479,=1.3178,=1.4929,=2.2515,=1.0130,=0.9645,=0.3742,=0.5012,=0.6088,=0.7769,=1.2220,=0.0302,=0.2074,=0.0094,=0.0299,=0.0360,=0.0471,=0.0635,=0.0351,=0.1097,=0.0307,=313
="931468",红利质量,2020-05-21,=0.0005,=33706.3774,=0.0697,=16.4993,=0.2801,=12.5562,=16.1212,=18.6279,=21.8312,=36.4689,=2.9285,=0.2419,=2.1523,=2.8529,=3.7282,=4.7003,=8.5636,=3.4269,=0.6397,=1.9811,=2.3506,=2.9826,=3.9445,=5.8829,=0.0303,=0.6095,=0.0102,=0.0191,=0.0290,=0.0333,=0.0407,=0.0381,=0.1637,=0.0476,=1200
="931403",品牌工程,2020-01-14,=0.0056,=2110.8179,=0.0691,=25.8035,=0.3144,=18.7149,=24.0814,=28.9712,=43.5082,=69.9724,=3.9607,=0.1653,=3.2380,=4.0168,=4.8950,=7.6592,=10.9810,=3.0694,=0.2870,=2.2604,=2.9341,=3.3518,=4.7681,=7.2001,=0.0222,=0.8072,=0.0056,=0.0085,=0.0154,=0.0221,=0.0278,=0.0453,=0.1433,=0.0461,=125
="931142",东证竞争,2019-03-20,=0.0081,=1988.4163,=0.0686,=18.4441,=0.8837,=9.8569,=11.9438,=14.0687,=16.2358,=27.8877,=2.9388,=0.8277,=1.5408,=1.7332,=2.0750,=2.6459,=4.6703,=2.8342,=0.8726,=0.9384,=1.2778,=1.7365,=2.3390,=3.1903,=0.0242,=0.3607,=0.0120,=0.0223,=0.0262,=0.0329,=0.0399,=0.0415,=0.1629,=0.0397,=219
="931187",科技100,2019-05-30,=0.0029,=4921.8863,=0.0667,=29.7816,=0.6837,=18.1467,=22.2206,=26.2902,=34.9859,=49.5031,=3.8336,=0.6735,=2.3703,=2.7969,=3.3643,=4.2477,=5.4633,=2.6086,=0.7469,=1.2579,=1.6402,=2.0784,=2.7173,=4.1304,=0.0125,=0.5859,=0.0052,=0.0083,=0.0119,=0.0140,=0.0184,=0.0201,=0.0911,=0.0217,=859
="HSSCHYS",恒生港股通红利优选指数,2023-06-01,=-0.0015,=4953.9200,=0.0667,=7.9356,=0.8030,=4.2457,=4.7553,=5.8721,=7.9300,=9.0746,=0.7452,=0.8306,=0.4429,=0.5020,=0.5922,=0.7381,=0.8283,=1.2206,=0.9875,=0.6036,=0.6785,=0.8865,=1.0631,=1.2508,=0.0572,=0.1092,=0.0497,=0.0604,=0.0711,=0.0877,=0.0947,,=0.0899,,=90
="399006",创业板指,2010-06-01,=0.0051,=3414.8800,=0.0661,=39.6096,=0.3856,=22.8885,=32.3387,=41.9860,=55.2938,=79.6826,=5.8325,=0.7023,=3.0035,=4.0151,=4.8501,=6.5359,=9.5804,=4.1621,=0.3720,=2.3312,=3.4103,=4.5101,=6.1107,=8.4805,=0.0093,=0.7691,=0.0032,=0.0049,=0.0065,=0.0098,=0.0180,=0.0369,=0.1330,=0.0313,=16827
="H11146",港股通内地金融,2010-06-02,=0.0142,=1168.1922,=0.0621,=6.2050,=0.5633,=3.2759,=4.5177,=6.0399,=6.7500,=9.2347,=0.6420,=0.4623,=0.3797,=0.4938,=0.6582,=0.8745,=1.1859,=1.6160,=0.8147,=0.6692,=0.9478,=1.3187,=1.6010,=2.1885,=0.0460,=0.3062,=0.0302,=0.0445,=0.0500,=0.0726,=0.0994,,=0.0970,,=48
="930716",CS物流,2015-07-31,=0.0031,=1246.9054,=0.0619,=17.1138,=0.4355,=6.6312,=13.0083,=18.2163,=33.4934,=505.8138,=1.3038,=0.2194,=1.1511,=1.2954,=1.9605,=2.5398,=3.8580,=0.4875,=0.6602,=0.2137,=0.3289,=0.4559,=0.6476,=1.0427,=0.0316,=0.6874,=0.0055,=0.0092,=0.0125,=0.0374,=0.0692,=0.0197,=0.0542,=0.0209,=248
="399293",创业大盘,2019-04-18,=0.0078,=6862.2500,=0.0589,=35.1025,=0.3246,=20.6573,=29.6245,=41.1349,=54.0458,=71.9327,=6.5963,=0.5610,=3.4452,=4.7371,=6.2770,=9.1652,=13.4901,=4.6800,=0.3223,=2.8408,=4.0392,=5.6604,=9.8577,=14.8309,=0.0098,=0.6737,=0.0029,=0.0046,=0.0073,=0.0120,=0.0196,=0.0411,=0.1554,=0.0377,=182
="HSCCI",恒生香港中资企业指数,1997-06-16,=0.0047,=4249.1400,=0.0582,=9.0391,=0.5453,=4.8859,=6.8728,=8.7681,=11.4085,=16.1208,=0.8357,=0.4421,=0.5567,=0.7305,=0.8603,=1.1501,=1.3660,=0.9541,=0.4518,=0.5555,=0.7802,=0.9772,=1.3434,=1.5178,=0.0549,=0.5392,=0.0276,=0.0363,=0.0535,=0.0664,=0.1028,,=0.0951,,=36
="000150",380红利,2012-07-20,=0.0109,=12225.2400,=0.0577,=15.3237,=0.7753,=5.2545,=8.5513,=12.0903,=15.9412,=19.8070,=1.0728,=0.3216,=0.6172,=0.8678,=1.3411,=1.6410,=2.2090,=0.5005,=0.4751,=0.2775,=0.3623,=0.5293,=1.4859,=2.3204,=0.0423,=0.4318,=0.0247,=0.0354,=0.0447,=0.0581,=0.0734,=0.0206,=0.0377,=0.0185,=44
="931155",300质量成长,2019-04-22,,,=0.0577,=12.8770,=0.3842,=7.3805,=10.8179,=13.5758,=15.2201,=31.0699,=1.9983,=0.3533,=1.1055,=1.6667,=2.2412,=2.8018,=5.3844,=3.0717,=0.9131,=1.3218,=1.7769,=2.1922,=2.6414,=3.8395,=0.0254,=0.5081,=0.0092,=0.0212,=0.0253,=0.0312,=0.0464,=0.0331,=0.1462,=0.0366,=80
="399673",创业板50,2014-06-18,=0.0069,=3584.2400,=0.0572,=33.5908,=0.2899,=20.6075,=30.6784,=42.0343,=57.2675,=106.7499,=6.4245,=0.6891,=3.1473,=4.3234,=5.2416,=7.5532,=11.7288,=4.8543,=0.3184,=2.6907,=4.1383,=5.4771,=7.7414,=13.3154,=0.0095,=0.8008,=0.0021,=0.0036,=0.0050,=0.0095,=0.0190,=0.0447,=0.1569,=0.0355,=5626
="950580",上证580,2025-06-16,=0.0029,=2063.7038,=0.0523,=54.0882,=0.0546,=50.4504,=60.0309,=67.5658,=71.3690,=79.6458,=2.3125,=0.3754,=1.8567,=2.2400,=2.3477,=2.6166,=2.8840,=1.7452,=0.2082,=1.5076,=1.7428,=1.8968,=1.9788,=2.1496,=0.0097,=0.6826,=0.0076,=0.0085,=0.0094,=0.0100,=0.0116,=0.0127,=0.0354,,=10
="000009",上证380,2010-11-29,=0.0077,=6907.3000,=0.0485,=28.9196,=0.8808,=11.6192,=14.6240,=18.0435,=25.1263,=39.7002,=2.2207,=0.7468,=1.2909,=1.6341,=1.9524,=2.3495,=2.7906,=1.4197,=0.7687,=0.7850,=0.9356,=1.0814,=1.4886,=1.8994,=0.0157,=0.2272,=0.0086,=0.0153,=0.0183,=0.0251,=0.0358,=0.0195,=0.0662,=0.0205,=866
="931067",绩优策略,2018-02-14,=0.0074,=7967.0011,=0.0474,=18.2217,=0.4475,=10.5807,=14.8029,=18.7212,=26.7668,=44.0015,=5.1137,=0.5172,=3.5566,=4.2968,=5.0490,=7.3943,=11.8571,=2.9417,=0.5389,=2.1909,=2.5309,=2.8878,=4.8267,=8.6201,=0.0208,=0.4881,=0.0082,=0.0136,=0.0213,=0.0296,=0.0455,=0.0562,=0.2359,=0.0578,=28
="399612",中创100,2011-02-28,=0.0088,=2891.0100,=0.0473,=31.0831,=0.4953,=18.0203,=24.5371,=31.1380,=39.8478,=52.6199,=4.2728,=0.5526,=2.5576,=3.3599,=4.1932,=5.0805,=7.4671,=2.7765,=0.3942,=1.6155,=2.2648,=3.0002,=3.8779,=5.8630,=0.0116,=0.6800,=0.0050,=0.0075,=0.0098,=0.0137,=0.0203,=0.0320,=0.1210,=0.0297,=158
="931590",500成长创新,2020-11-09,=0.0017,=28424.6943,=0.0467,=35.7485,=0.9631,=14.5054,=17.8157,=20.4030,=27.7527,=46.8480,=4.3457,=0.9660,=1.6442,=2.3265,=2.6664,=3.3206,=5.3919,=4.4653,=0.9660,=1.3106,=1.9865,=2.2870,=2.7634,=5.5640,=0.0094,=0.0355,=0.0074,=0.0127,=0.0169,=0.0210,=0.0252,=0.0292,=0.1277,=0.0317,=89
="930726",CS生医,2015-08-05,=0.0032,=2554.9740,=0.0462,=51.1544,=0.5637,=24.4874,=31.9329,=48.5520,=61.4617,=107.1179,=4.6423,=0.2614,=3.1768,=4.4038,=6.7448,=8.5259,=14.2976,=8.1602,=0.3707,=4.8871,=6.8186,=9.6170,=12.5690,=19.9452,=0.0083,=0.5810,=0.0026,=0.0039,=0.0059,=0.0114,=0.0204,=0.0287,=0.0766,=0.0261,=848
="H30463",沪港深500医药,2014-11-28,=0.0081,=8118.2824,=0.0456,=34.1867,=0.4182,=23.3470,=31.0222,=35.5816,=42.6572,=94.1690,=3.6784,=0.2613,=2.7545,=3.5141,=4.4145,=5.5958,=10.0878,=3.5657,=0.6253,=1.9470,=2.8257,=3.2973,=4.0552,=9.3489,=0.0121,=0.7846,=0.0038,=0.0069,=0.0089,=0.0124,=0.0194,,=0.0979,,=43
="399012",创业300,2013-01-07,=0.0035,=4702.9700,=0.0424,=43.3708,=0.3707,=26.6250,=38.0630,=47.3489,=64.5540,=93.5585,=4.9930,=0.6804,=2.5798,=3.6214,=4.3426,=5.5977,=7.5462,=3.8831,=0.3856,=2.2146,=3.3208,=4.2202,=5.8880,=7.7121,=0.0090,=0.7922,=0.0035,=0.0046,=0.0061,=0.0091,=0.0164,=0.0308,=0.1020,=0.0249,=3
="931722",国新港股通央企红利,2023-09-13,=0.0003,=1372.9344,=0.0417,=9.7796,=0.8538,=5.5040,=6.7267,=7.8298,=9.5349,=10.8173,=0.8799,=0.7103,=0.6213,=0.7414,=0.8293,=0.9073,=1.0298,=0.6038,=0.7862,=0.3100,=0.3845,=0.4866,=0.6095,=0.6918,=0.0518,=0.0745,=0.0469,=0.0568,=0.0615,=0.0685,=0.0823,,=0.0875,,=377
="399315",巨潮中盘,2005-02-03,=0.0078,=4957.4500,=0.0416,=38.2031,=0.9134,=14.3715,=18.4227,=22.9154,=29.8424,=49.3940,=2.5808,=0.7992,=1.5252,=1.8923,=2.1501,=2.5813,=3.0245,=1.9903,=0.9810,=0.8408,=1.2254,=1.4278,=1.6511,=2.3572,=0.0128,=0.3245,=0.0082,=0.0119,=0.0158,=0.0221,=0.0288,=0.0239,=0.0707,=0.0202,=21
="399376",小盘成长,2010-01-04,=0.0032,=6611.4100,=0.0409,=29.2556,=0.6870,=14.4007,=20.2318,=25.5978,=32.3054,=60.1410,=3.2454,=0.8384,=1.6246,=2.0607,=2.3694,=3.1492,=3.9108,=1.8893,=0.7740,=0.7224,=1.0640,=1.2045,=1.9373,=3.3081,=0.0134,=0.5357,=0.0062,=0.0107,=0.0132,=0.0171,=0.0246,=0.0271,=0.1002,=0.0195,=288
="000905",中证500,2007-01-15,=0.0077,=7770.5300,=0.0408,=34.1997,=0.8421,=15.7028,=21.2812,=25.5686,=33.2821,=48.6069,=2.4353,=0.8008,=1.3824,=1.7164,=1.9211,=2.4304,=3.0099,=1.6895,=0.8276,=0.8118,=1.0305,=1.1724,=1.6058,=2.2566,=0.0131,=0.3485,=0.0064,=0.0116,=0.0141,=0.0185,=0.0237,=0.0210,=0.0620,=0.0169,=38433
="399441",生物医药,2015-01-20,=0.0024,=2232.7200,=0.0404,=48.4940,=0.5163,=21.8350,=32.3563,=47.7085,=62.9193,=119.0737,=3.5589,=0.2326,=2.3073,=3.3267,=6.2441,=7.7439,=13.6606,=6.6546,=0.3002,=3.6424,=5.8657,=9.0828,=13.6912,=21.5399,=0.0101,=0.7530,=0.0024,=0.0041,=0.0064,=0.0108,=0.0164,=0.0194,=0.0565,=0.0192,=1695
="399088",深创100,2020-02-18,=0.0061,=5251.6200,=0.0404,=33.2938,=0.6875,=15.3025,=22.0749,=27.3071,=38.6093,=56.8187,=4.8749,=0.6749,=2.2889,=3.3097,=4.1130,=5.3826,=6.8856,=3.2400,=0.6795,=1.4223,=1.9839,=2.5286,=3.7496,=5.1281,=0.0102,=0.2959,=0.0058,=0.0088,=0.0129,=0.0163,=0.0258,=0.0356,=0.1522,=0.0358,=74
="930938",500成长估值,2018-12-04,=0.0061,=4821.4950,=0.0397,=21.6380,=0.8799,=9.4780,=13.1218,=16.8706,=20.0244,=30.3577,=2.5139,=0.9099,=1.4489,=1.8737,=2.1303,=2.3115,=3.6765,=2.1122,=0.9276,=0.6916,=0.9075,=1.1801,=1.6293,=2.5224,=0.0163,=0.2627,=0.0092,=0.0156,=0.0187,=0.0218,=0.0299,=0.0254,=0.1028,=0.0163,=74
="000961",中证上游,2010-04-16,=0.0115,=5258.6263,=0.0386,=16.3600,=0.5662,=8.3063,=11.4863,=15.6470,=22.8806,=72.6914,=1.9308,=0.9621,=0.9003,=1.1960,=1.3717,=1.5403,=2.4036,=1.0556,=0.9563,=0.3813,=0.5134,=0.6292,=0.7879,=1.2905,=0.0288,=0.2363,=0.0092,=0.0283,=0.0343,=0.0447,=0.0576,=0.0373,=0.1119,=0.0305,=50
="000092",资源50,2011-05-10,=0.0113,=5068.8200,=0.0383,=15.5504,=0.5724,=7.9483,=11.3499,=14.8873,=22.0291,=52.0101,=1.8942,=0.9654,=0.9579,=1.2635,=1.4029,=1.5493,=2.3324,=1.0399,=0.9584,=0.4148,=0.5541,=0.6758,=0.7988,=1.2646,=0.0302,=0.3047,=0.0094,=0.0286,=0.0354,=0.0449,=0.0578,=0.0363,=0.1132,=0.0314,=39
="399996",智能家居,2014-09-17,=0.0025,=4772.5600,=0.0382,=32.4222,=0.7291,=17.5405,=23.3761,=27.7580,=33.7975,=47.8369,=4.2599,=0.8672,=2.2523,=2.8549,=3.4652,=4.1087,=5.3919,=2.1413,=0.8177,=1.0942,=1.4673,=1.7629,=2.1060,=2.7965,=0.0139,=0.4759,=0.0087,=0.0108,=0.0142,=0.0175,=0.0235,=0.0273,=0.1118,=0.0260,=211
="932039",央企股东回报,2022-11-16,=0.0009,=1645.3071,=0.0368,=13.1285,=0.9366,=8.0198,=9.7294,=11.0609,=12.0816,=13.8005,=1.2615,=0.9277,=0.8847,=1.0154,=1.1156,=1.1815,=1.4098,=0.8202,=0.9333,=0.3642,=0.4268,=0.5329,=0.6867,=0.8821,=0.0403,=0.0679,=0.0383,=0.0419,=0.0447,=0.0472,=0.0553,=0.0235,=0.0905,=0.0215,=135
="931469",云计算50,2020-06-12,=-0.0041,=3836.3788,=0.0358,=54.0020,=0.0671,=43.1726,=58.4303,=68.7035,=81.7233,=130.8911,=8.5120,=0.9262,=3.0031,=3.8873,=5.1307,=6.4035,=11.7205,=4.7009,=0.8864,=2.2186,=2.8815,=3.5404,=4.3162,=6.4913,=0.0032,=0.1615,=0.0021,=0.0033,=0.0042,=0.0056,=0.0085,=0.0385,=0.1212,=0.0175,=66
="399370",国证成长,2010-01-04,=0.0076,=5238.8500,=0.0343,=23.4532,=0.6581,=14.0104,=18.9925,=21.7923,=25.9317,=39.9195,=3.9025,=0.7715,=1.9695,=2.5703,=2.9924,=4.1074,=6.0628,=2.2177,=0.5678,=1.2188,=1.6926,=2.0775,=2.7660,=3.4917,=0.0152,=0.4532,=0.0080,=0.0118,=0.0157,=0.0227,=0.0304,=0.0375,=0.1344,=0.0327,=119
="000944",内地资源,2009-10-28,=0.0129,=5488.8147,=0.0342,=16.5074,=0.5857,=8.0950,=11.4362,=15.5470,=22.7351,=66.3491,=1.9371,=0.9633,=0.8945,=1.1840,=1.3599,=1.5310,=2.3924,=1.0578,=0.9584,=0.3754,=0.5050,=0.6228,=0.7827,=1.2835,=0.0287,=0.2049,=0.0090,=0.0286,=0.0349,=0.0457,=0.0579,=0.0374,=0.1109,=0.0304,=11
="399005",中小板指,2006-01-24,=0.0111,=8546.2900,=0.0342,=29.0443,=0.5134,=16.1163,=23.0542,=28.5542,=33.7205,=44.0181,=3.0326,=0.2920,=2.0289,=2.7421,=3.4107,=4.3123,=5.3697,=2.0683,=0.3340,=1.3510,=1.8219,=2.3300,=3.2845,=4.1546,=0.0129,=0.6392,=0.0068,=0.0090,=0.0111,=0.0163,=0.0219,=0.0255,=0.0988,=0.0255,=3256
="399625",中创500,2011-08-15,=0.0065,=2519.3200,=0.0339,=35.0350,=0.4647,=20.4615,=28.9847,=35.6260,=40.7067,=52.5750,=3.6518,=0.5493,=2.1192,=2.8827,=3.5454,=4.2854,=5.2507,=2.6011,=0.4920,=1.4713,=2.0764,=2.6183,=3.4180,=4.2526,=0.0110,=0.6973,=0.0057,=0.0072,=0.0093,=0.0124,=0.0196,=0.0265,=0.0951,=0.0239,=165
="950161",科创新药,2024-08-23,=0.0044,=1269.9007,=0.0339,=88.0697,=0.0021,=86.8921,=369.3794,=-157.1045,=-91.9825,=1578.9342,=8.9225,=0.4846,=4.9324,=6.9111,=9.0137,=10.3567,=12.9042,=11.3445,=0.3162,=8.4204,=10.2222,=12.3602,=14.1713,=17.6998,=0.0013,=0.4743,=0.0009,=0.0011,=0.0013,=0.0018,=0.0023,=0.0059,=0.0403,=-0.0091,=51
="399330",深证100,2006-01-24,=0.0073,=6009.2000,=0.0330,=27.2818,=0.7872,=14.9910,=20.3737,=22.8748,=27.7261,=38.9547,=3.0700,=0.6186,=1.9919,=2.4968,=2.9487,=3.5438,=5.5535,=2.1249,=0.5245,=1.3434,=1.7250,=2.1026,=2.4349,=4.0791,=0.0175,=0.7039,=0.0077,=0.0126,=0.0154,=0.0194,=0.0273,=0.0278,=0.0897,=0.0269,=2339
="931152",CS创新药,2019-04-22,=0.0007,=1956.2638,=0.0328,=45.0748,=0.5653,=27.6044,=36.8199,=43.3933,=52.7889,=74.6844,=4.1223,=0.4812,=2.5551,=3.3481,=4.1838,=5.9313,=8.7449,=5.8612,=0.8278,=2.2436,=2.9209,=3.4492,=5.7265,=9.4897,=0.0098,=0.7106,=0.0040,=0.0058,=0.0086,=0.0104,=0.0150,=0.0271,=0.0786,=0.0224,=1974
="399993",CSWD生科,2015-05-08,=0.0005,=2691.0900,=0.0326,=87.2367,=0.9575,=31.0960,=44.1993,=56.6512,=74.4947,=122.8633,=3.9472,=0.2957,=2.5928,=3.6121,=5.9537,=7.5793,=15.2283,=7.7619,=0.3798,=4.8204,=6.7135,=8.9064,=14.0706,=21.1379,=0.0087,=0.6602,=0.0023,=0.0039,=0.0064,=0.0104,=0.0144,=0.0163,=0.0356,=0.0147,=68
="931381",中证长三角,2019-11-25,=0.0124,=2089.4689,=0.0323,=13.8330,=0.7656,=9.1117,=10.6819,=12.0640,=14.0302,=16.1441,=1.4059,=0.6252,=0.9630,=1.1542,=1.3179,=1.5462,=1.8124,=1.6904,=0.8571,=0.8724,=1.0739,=1.2593,=1.5837,=1.9541,=0.0255,=0.2076,=0.0209,=0.0254,=0.0282,=0.0321,=0.0422,=0.0256,=0.0961,=0.0259,=12
="399850",深证50,2023-10-18,=0.0060,=9423.0300,=0.0321,=25.9543,=0.6738,=16.5344,=20.1162,=23.7358,=27.0449,=36.7629,=3.9563,=0.8765,=2.5911,=2.9384,=3.2724,=3.7633,=4.4773,=2.1598,=0.8598,=1.3017,=1.4883,=1.6941,=2.0738,=2.4833,=0.0180,=0.1799,=0.0162,=0.0182,=0.0208,=0.0232,=0.0271,=0.0301,=0.0973,=0.0318,=80
="000824",国企红利,2012-07-20,=0.0055,=2188.0908,=0.0316,=9.1822,=0.9744,=4.8847,=5.9406,=7.3385,=8.5242,=10.7823,=0.8869,=0.6363,=0.5610,=0.6880,=0.8233,=1.0550,=1.4469,=1.3180,=0.8821,=0.5370,=0.7016,=0.9865,=1.2678,=1.6834,=0.0409,=0.1518,=0.0328,=0.0418,=0.0481,=0.0583,=0.0694,=0.0232,=0.0892,=0.0226,=966
="000841",800医药,2012-12-21,=0.0014,=8614.9809,=0.0307,=34.7960,=0.6825,=21.4494,=28.0346,=32.2227,=37.6573,=58.1462,=3.5024,=0.3658,=2.4193,=3.1867,=3.7612,=4.3537,=6.5122,=4.4174,=0.8231,=1.7815,=2.8895,=3.4449,=4.3451,=6.1565,=0.0153,=0.8627,=0.0064,=0.0084,=0.0102,=0.0139,=0.0210,=0.0288,=0.0871,=0.0293,=591
="399375",中盘价值,2010-01-04,=0.0139,=6114.9200,=0.0305,=15.6472,=0.7625,=9.0528,=10.9370,=12.3141,=16.4802,=33.1718,=1.4913,=0.7654,=1.0236,=1.1932,=1.3322,=1.5318,=1.9880,=1.2369,=0.9831,=0.5167,=0.6432,=0.7489,=0.9806,=1.3254,=0.0285,=0.3860,=0.0137,=0.0243,=0.0309,=0.0368,=0.0505,=0.0258,=0.0785,=0.0211,=189
="000918",300成长,2008-01-21,=0.0088,=5243.1829,=0.0305,=17.3492,=0.6099,=11.6107,=14.4708,=16.8159,=20.6304,=29.9826,=2.6274,=0.4367,=1.8759,=2.3204,=2.7999,=4.3091,=6.1771,=2.6189,=0.7934,=1.1680,=1.5324,=1.7822,=2.6337,=3.9548,=0.0184,=0.4973,=0.0081,=0.0139,=0.0184,=0.0238,=0.0310,=0.0348,=0.1486,=0.0340,=801
="1000007",创业板全指,2010-05-01,=0.0017,=4030.1500,=0.0303,=61.0168,=0.5014,=33.8134,=48.2400,=60.9754,=100.0107,=334.2333,=4.3781,=0.6132,=2.3083,=3.3593,=4.0479,=5.1436,=6.2717,=3.7866,=0.4062,=2.1439,=3.2922,=4.0789,=5.5168,=8.1842,=0.0080,=0.7847,=0.0036,=0.0046,=0.0061,=0.0081,=0.0148,=0.0212,=0.0638,=0.0178,=1936
="931132",诚通央企红利,2023-05-04,=-0.0006,=1670.9362,=0.0297,=14.0460,=0.9193,=9.0905,=10.6398,=11.9912,=13.1408,=15.2313,=1.3355,=0.9019,=0.9482,=1.0951,=1.1851,=1.2532,=1.5338,=0.7967,=0.9081,=0.3626,=0.4256,=0.5682,=0.7145,=0.8835,=0.0394,=0.0957,=0.0374,=0.0405,=0.0439,=0.0456,=0.0498,=0.0249,=0.0916,=0.0215,=42
="930648",CS智消费,2015-06-05,=0.0076,=3767.9442,=0.0290,=31.6266,=0.7798,=15.4538,=22.2568,=25.1908,=32.5135,=51.6043,=3.9242,=0.7695,=2.1406,=2.8085,=3.2135,=4.0473,=5.4486,=1.7645,=0.7357,=0.8328,=1.2867,=1.5042,=1.8632,=2.9491,=0.0133,=0.2594,=0.0074,=0.0121,=0.0152,=0.0173,=0.0216,=0.0253,=0.1077,=0.0239,=31
="HSSCSOY",恒生港股通中国央企红利指数,2023-06-01,=0.0044,=4135.5300,=0.0285,=7.0716,=0.8457,=4.1647,=4.6599,=5.7254,=6.9753,=7.8218,=0.6509,=0.6738,=0.4381,=0.4974,=0.5967,=0.6834,=0.7455,=1.0945,=0.9937,=0.5323,=0.5989,=0.7563,=0.9641,=1.1223,=0.0503,=0.0263,=0.0487,=0.0563,=0.0678,=0.0861,=0.0936,,=0.0921,,=269
="000922",中证红利,2008-05-26,=0.0071,=5658.9661,=0.0282,=8.6757,=0.8173,=5.1762,=6.0245,=7.6566,=8.6151,=11.2156,=0.8545,=0.5266,=0.5911,=0.7110,=0.8424,=1.1054,=1.4999,=1.2853,=0.8924,=0.6332,=0.7726,=1.0440,=1.2374,=1.7101,=0.0408,=0.1963,=0.0309,=0.0410,=0.0471,=0.0596,=0.0693,=0.0233,=0.0895,=0.0228,=20486
="931052",国信价值,2017-12-08,=0.0054,=3548.4221,=0.0281,=9.8273,=0.8936,=5.3831,=6.6072,=7.4702,=8.9037,=11.0091,=1.3026,=0.8879,=0.7343,=0.9134,=1.0349,=1.1880,=1.5208,=1.7642,=0.9593,=0.6105,=0.9510,=1.2429,=1.4799,=2.0196,=0.0400,=0.2952,=0.0262,=0.0384,=0.0440,=0.0530,=0.0692,=0.0310,=0.1267,=0.0326,=594
="931447",科技先锋,2020-04-21,=0.0090,=3171.3823,=0.0277,=39.3517,=0.5539,=19.0346,=27.4877,=37.3513,=47.9113,=82.3567,=5.0994,=0.6545,=2.7045,=3.4375,=4.4381,=6.7014,=10.6025,=2.7188,=0.6032,=1.4804,=1.9224,=2.4956,=3.6964,=7.0848,=0.0093,=0.4481,=0.0033,=0.0055,=0.0097,=0.0135,=0.0196,=0.0256,=0.0990,=0.0202,=24
="H30199",电力指数,2013-07-15,=0.0114,=2900.0930,=0.0276,=18.0972,=0.3955,=14.1448,=16.9275,=18.9726,=25.0122,=78.5133,=1.7293,=0.5353,=1.2472,=1.5161,=1.7161,=1.8429,=2.0960,=1.7994,=0.8153,=1.1507,=1.4427,=1.5879,=1.7825,=2.2389,=0.0272,=0.5909,=0.0166,=0.0223,=0.0267,=0.0284,=0.0333,=0.0213,=0.0878,=0.0244,=766
="930846",300SNLV,2016-06-24,,,=0.0269,=10.9674,=0.8536,=7.7900,=9.2103,=10.1600,=10.7758,=12.6275,=1.0500,=0.2742,=0.8340,=1.0342,=1.0897,=1.2151,=1.5027,=1.3007,=0.7414,=0.7711,=0.9528,=1.1619,=1.3326,=1.6864,=0.0378,=0.6198,=0.0239,=0.0320,=0.0361,=0.0404,=0.0486,=0.0237,=0.0917,=0.0233,=151
="931897",绿色电力,2012-12-21,=0.0112,=1111.3634,=0.0264,=18.0373,=0.4416,=12.4356,=16.3240,=18.6145,=23.5753,=3316.8719,=1.7519,=0.7151,=1.0802,=1.3464,=1.6508,=1.7879,=2.0565,=1.8514,=0.8536,=0.8910,=1.1301,=1.2733,=1.7280,=2.6891,=0.0271,=0.8025,=0.0111,=0.0186,=0.0233,=0.0271,=0.0335,=0.0214,=0.0880,=0.0237,=185
="000969",300非周,2010-05-28,=0.0063,=5463.5671,=0.0260,=25.4608,=0.7551,=15.9839,=20.6623,=22.7423,=26.6038,=38.7203,=2.7579,=0.4454,=2.0789,=2.5003,=2.7929,=3.1883,=4.9189,=1.4991,=0.7361,=0.8921,=1.1584,=1.2958,=1.5787,=2.2463,=0.0198,=0.7035,=0.0089,=0.0140,=0.0170,=0.0211,=0.0277,=0.0251,=0.0964,=0.0261,=89
="399007",深证300,2009-11-04,=0.0072,=5831.0500,=0.0258,=30.6356,=0.9023,=15.3833,=21.4145,=25.0043,=28.9361,=36.7371,=2.9579,=0.6198,=1.8298,=2.3539,=2.8048,=3.2294,=4.4351,=2.0701,=0.5563,=1.2839,=1.6547,=2.0025,=2.3782,=3.3177,=0.0154,=0.6722,=0.0081,=0.0118,=0.0139,=0.0174,=0.0252,=0.0257,=0.0779,=0.0236,=583
="000814",细分医药,2012-04-11,=0.0006,=8558,=0.0253,=34.9443,=0.7002,=21.8871,=27.2039,=32.7462,=37.7198,=60.8250,=3.3446,=0.2610,=2.4219,=3.2072,=4.0873,=4.8855,=7.4081,=2.8197,=0.4619,=1.7858,=2.2898,=2.8905,=3.5099,=5.4819,=0.0146,=0.8388,=0.0055,=0.0075,=0.0097,=0.0139,=0.0215,=0.0283,=0.0890,=0.0304,=412
="980081",价值100,2012-12-28,,,=0.0251,=10.3704,=0.8248,=7.7317,=8.3717,=9.1020,=10.1720,=11.5920,=1.1121,=0.7908,=0.8413,=0.8866,=1.0210,=1.1153,=1.3448,=1.2276,=0.9951,=0.7580,=0.8104,=0.9811,=1.1389,=1.2392,=0.0460,=0.3114,=0.0420,=0.0452,=0.0489,=0.0545,=0.0599,=0.0275,=0.0995,=0.0251,=528
="931476",ESG 120策略,2020-04-30,=0.0092,=1429.1368,=0.0251,=11.8356,=0.8017,=7.8289,=9.6441,=10.6472,=11.8297,=13.2171,=1.3547,=0.7723,=1.0061,=1.1778,=1.2586,=1.3638,=1.7130,=1.6057,=0.9817,=0.7906,=1.0605,=1.1605,=1.3969,=1.6292,=0.0321,=0.3222,=0.0251,=0.0296,=0.0350,=0.0387,=0.0488,=0.0265,=0.1050,=0.0271,=53
="H11059",工业有色,2009-07-22,=0.0284,=4078.6774,=0.0243,=17.3229,=0.2891,=10.0577,=14.6402,=27.3507,=53.0890,=131.1130,=3.4985,=0.9066,=1.4392,=2.0004,=2.4251,=3.2063,=4.9901,=1.3055,=0.9284,=0.5048,=0.7403,=0.8653,=1.1587,=1.8706,=0.0184,=0.7497,=0.0035,=0.0056,=0.0104,=0.0204,=0.0285,=0.0664,=0.1735,=0.0401,=144
="399316",巨潮小盘,2005-02-03,=0.0055,=6155.7600,=0.0238,=35.4971,=0.7307,=17.4883,=24.6121,=29.2581,=37.7626,=56.1825,=2.1373,=0.6722,=1.3049,=1.7086,=1.9640,=2.4127,=3.1503,=1.3481,=0.6355,=0.7478,=1.0120,=1.2294,=1.6021,=2.5314,=0.0146,=0.6598,=0.0061,=0.0104,=0.0128,=0.0162,=0.0214,=0.0167,=0.0444,=0.0142,=23
="932457",港股通现金流,2025-02-28,,,=0.0236,=12.4398,=0.9946,=7.5325,=9.0370,=10.3749,=11.6166,=12.5288,=1.2449,=0.6919,=1.0440,=1.1368,=1.1971,=1.3032,=1.5343,=0.6491,=0.1189,=0.5752,=0.8597,=0.9539,=1.1840,=1.4545,=0.0409,=0.0162,=0.0402,=0.0429,=0.0488,=0.0621,=0.0701,,=0.0990,,=43
="399001",深证成指,1995-01-23,=0.0069,=13841.3300,=0.0234,=31.9022,=0.8647,=15.9054,=22.8547,=26.5146,=30.7074,=38.7817,=2.8484,=0.5814,=1.7472,=2.2797,=2.7209,=3.2267,=4.0402,=2.0152,=0.5753,=1.2229,=1.6063,=1.9123,=2.3696,=2.9683,=0.0149,=0.6755,=0.0084,=0.0109,=0.0136,=0.0166,=0.0245,=0.0249,=0.0747,=0.0225,=3742
="000907",中证700,2007-01-15,=0.0079,=6624.3769,=0.0234,=25.8505,=0.8833,=13.5964,=17.1394,=19.5530,=24.0532,=30.1680,=2.0246,=0.6260,=1.3201,=1.5883,=1.8281,=2.1956,=2.4753,=1.4415,=0.6206,=0.9663,=1.1767,=1.3274,=1.5829,=1.9854,=0.0182,=0.5505,=0.0115,=0.0140,=0.0175,=0.0227,=0.0321,=0.0223,=0.0692,=0.0213,=268
="930821",中证VR,2016-05-11,=0.0107,=3264.6810,=0.0224,=46.1524,=0.5720,=17.6816,=32.1599,=43.3156,=55.8052,=175.0572,=3.3554,=0.6723,=1.7358,=2.3504,=2.8993,=4.0757,=5.0269,=1.8975,=0.4846,=1.1117,=1.4802,=1.9213,=2.8796,=3.7313,=0.0082,=0.3125,=0.0056,=0.0075,=0.0091,=0.0117,=0.0177,=0.0113,=0.0443,=0.0138,=151
="930782",500SNLV,2016-02-04,=0.0078,=19201.9590,=0.0218,=20.3207,=0.5315,=13.0617,=17.6555,=20.0399,=23.5808,=33.4651,=1.6471,=0.7175,=1.0996,=1.3464,=1.4745,=1.7867,=2.5974,=1.2641,=0.7311,=0.5914,=0.8056,=0.8890,=1.3831,=2.0883,=0.0232,=0.8363,=0.0090,=0.0139,=0.0203,=0.0229,=0.0271,=0.0229,=0.0820,=0.0170,=1377
="000037",上证医药,2009-01-09,=-0.0001,=6469.8200,=0.0213,=31.3317,=0.1967,=21.0843,=31.3925,=34.4537,=41.6974,=61.3894,=3.5272,=0.3068,=2.7278,=3.3338,=3.8474,=4.6066,=7.3155,=2.5139,=0.6647,=1.5724,=2.0207,=2.3509,=2.8111,=4.1395,=0.0119,=0.8318,=0.0048,=0.0075,=0.0099,=0.0117,=0.0146,=0.0281,=0.1036,=0.0282,=2073
="000979",大宗商品,2011-08-22,=0.0151,=6923.0539,=0.0204,=17.4229,=0.5806,=9.9333,=12.8903,=16.3478,=22.3270,=55.6298,=1.9016,=0.9592,=1.1381,=1.3703,=1.4922,=1.6369,=2.3336,=1.0308,=0.9612,=0.4909,=0.5833,=0.6997,=0.8407,=1.2291,=0.0271,=0.3142,=0.0088,=0.0253,=0.0307,=0.0396,=0.0489,=0.0335,=0.1029,=0.0285,=713
="931233",港股通央企红利,2017-06-28,=0.0055,=1190.1422,=0.0200,=7.5095,=0.8212,=3.6988,=4.9815,=6.4040,=7.4456,=14.0775,=0.7032,=0.6369,=0.3929,=0.5241,=0.6471,=0.8576,=1.8161,=1.0119,=0.5819,=0.4645,=0.6262,=0.9515,=1.3872,=1.7583,=0.0498,=0.1156,=0.0394,=0.0519,=0.0569,=0.0795,=0.1038,,=0.0906,,=488
="399974",国企改革,2014-08-07,=0.0088,=1936.2900,=0.0198,=15.7836,=0.7204,=8.5408,=11.0130,=13.4099,=16.6576,=23.5243,=1.4515,=0.4606,=1.0768,=1.3337,=1.4679,=1.8253,=2.8970,=1.1151,=0.6676,=0.6803,=0.8927,=1.0016,=1.2484,=2.2060,=0.0288,=0.4330,=0.0148,=0.0236,=0.0300,=0.0332,=0.0410,=0.0239,=0.0809,=0.0242,=377
="931892",有色矿业,2013-07-15,=0.0214,=4040.4529,=0.0187,=18.8901,=0.2099,=13.1272,=18.5704,=30.5847,=55.7540,=131.9594,=3.6940,=0.9390,=1.7020,=2.1368,=2.5502,=3.2056,=5.3430,=1.3825,=0.9184,=0.6092,=0.7896,=0.9201,=1.2398,=2.0391,=0.0146,=0.7266,=0.0026,=0.0057,=0.0093,=0.0169,=0.0229,=0.0653,=0.1630,=0.0363,=198
="399438",绿色电力,2014-12-30,=0.0114,=2028.1900,=0.0185,=19.8151,=0.5992,=13.5016,=16.8850,=19.1118,=22.0380,=41.2289,=1.8594,=0.6404,=1.2516,=1.5034,=1.8038,=1.9344,=2.3077,=2.1569,=0.9179,=1.1906,=1.4256,=1.8236,=2.0538,=3.6995,=0.0254,=0.3847,=0.0163,=0.0221,=0.0267,=0.0294,=0.0348,=0.0222,=0.0881,=0.0248,=218
="000821",300红利,2012-07-20,=0.0045,=6772.0585,=0.0150,=8.9430,=0.9254,=4.9998,=6.1944,=7.5603,=8.5179,=10.9286,=0.8824,=0.5518,=0.5725,=0.7140,=0.8620,=1.0763,=1.4919,=1.4223,=0.9282,=0.6098,=0.7993,=1.0658,=1.3293,=1.6963,=0.0420,=0.1794,=0.0319,=0.0424,=0.0473,=0.0563,=0.0673,=0.0235,=0.0916,=0.0239,=1007
="000046",上证中小,2009-07-03,=0.0081,=5204.9100,=0.0149,=16.6798,=0.6161,=10.5504,=12.1058,=15.2214,=18.0578,=22.4992,=1.4771,=0.5010,=1.0626,=1.2077,=1.4763,=1.7517,=2.0905,=1.3412,=0.7616,=0.8596,=1.0256,=1.1229,=1.3905,=1.6429,=0.0233,=0.5649,=0.0151,=0.0188,=0.0226,=0.0299,=0.0371,=0.0219,=0.0784,=0.0213,=348
="000982",500等权,2011-06-13,=0.0077,=9157.7500,=0.0146,=34.1997,=0.8404,=15.7028,=21.2829,=25.5686,=33.2821,=48.6069,=2.4353,=0.8008,=1.3824,=1.7163,=1.9213,=2.4304,=3.0099,=1.6895,=0.8276,=0.8118,=1.0305,=1.1724,=1.6050,=2.2566,=0.0131,=0.3336,=0.0064,=0.0119,=0.0143,=0.0184,=0.0237,=0.0210,=0.0620,=0.0169,=33
="H30270",红利价值,2013-12-19,=0.0069,=9671.0207,=0.0145,=7.9954,=0.7731,=4.4543,=5.4501,=6.7930,=8.6056,=13.0955,=0.8197,=0.6495,=0.5256,=0.6497,=0.7647,=1.2275,=1.7317,=1.6276,=0.9923,=0.5854,=0.8144,=1.0060,=1.3081,=1.6637,=0.0406,=0.1620,=0.0269,=0.0419,=0.0502,=0.0629,=0.0726,=0.0235,=0.0936,=0.0240,=219
="000825",央企红利,2012-07-20,=0.0017,=3503.0155,=0.0144,=9.5581,=0.9893,=4.7369,=6.0940,=7.3072,=8.5161,=10.5687,=0.9212,=0.6870,=0.5507,=0.6915,=0.8553,=0.9954,=1.3929,=1.2657,=0.8895,=0.6009,=0.8548,=1.0806,=1.2232,=1.7357,=0.0402,=0.0804,=0.0330,=0.0423,=0.0473,=0.0555,=0.0713,=0.0224,=0.0902,=0.0228,=389
="HSHDYI",恒生高股息率指数,2012-12-10,=-0.0033,=1293.5900,=0.0142,=7.7060,=0.7725,=3.6777,=4.8612,=6.6082,=7.8218,=10.6953,=0.7181,=0.5973,=0.4041,=0.5046,=0.6464,=0.9016,=1.1746,=1.1239,=0.5729,=0.5013,=0.7008,=1.0616,=1.4943,=1.9871,=0.0523,=0.1906,=0.0423,=0.0527,=0.0604,=0.0808,=0.1102,,=0.0903,,=922
="000857",500医药,2013-11-06,=0,=10400.0600,=0.0140,=29.8935,=0.4981,=16.5096,=22.8937,=29.9122,=37.2584,=66.9361,=2.9239,=0.5480,=1.9620,=2.4653,=2.8380,=3.4864,=5.0991,=2.7200,=0.7839,=1.3156,=1.7598,=2.1307,=2.7513,=4.5555,=0.0158,=0.7216,=0.0055,=0.0091,=0.0133,=0.0172,=0.0234,=0.0260,=0.0879,=0.0247,=737
="931644",800红利,2024-03-15,,,=0.0140,=9.1044,=0.8603,=6.4729,=7.3844,=8.4409,=9.0511,=9.4757,=0.8884,=0.6919,=0.7001,=0.7740,=0.8597,=0.9050,=0.9431,=1.2764,=0.7593,=0.8423,=0.9289,=1.1552,=1.2896,=1.3602,=0.0418,=0.0084,=0.0416,=0.0430,=0.0466,=0.0575,=0.0662,=0.0236,=0.0906,=0.0231,=34
="930931",港股通50,2017-01-16,=0.0051,=3924.8582,=0.0121,=10.1892,=0.5752,=6.5385,=8.7154,=9.8209,=11.3510,=15.8907,=1.1041,=0.5321,=0.7428,=0.9474,=1.0954,=1.1788,=1.6058,=1.8936,=0.7829,=1.1204,=1.4721,=1.7116,=1.9119,=2.6369,=0.0338,=0.2807,=0.0233,=0.0327,=0.0370,=0.0437,=0.0589,,=0.0979,,=297
="930632",CS稀金属,2015-05-12,=0.0129,=2741.9685,=0.0114,=25.4462,=0.2132,=10.0759,=24.6559,=41.2117,=85.2429,=902.9270,=3.7413,=0.5563,=1.7714,=2.4678,=3.4499,=4.3834,=7.1765,=2.5627,=0.6627,=1.0736,=1.5817,=2.0627,=2.9598,=4.1072,=0.0085,=0.5744,=0.0021,=0.0041,=0.0074,=0.0138,=0.0241,=0.0489,=0.1107,=0.0216,=396
="000056",上证国企,2010-01-04,=0.0103,=1261.5500,=0.0114,=10.2327,=0.6606,=7.2538,=8.8792,=9.7353,=10.7955,=13.3187,=1.1500,=0.6280,=0.8518,=1.0314,=1.1194,=1.2117,=1.5455,=1.8002,=0.9992,=0.7909,=0.9986,=1.1180,=1.2453,=1.8201,=0.0357,=0.5212,=0.0242,=0.0312,=0.0352,=0.0430,=0.0568,=0.0264,=0.1060,=0.0271,=206
="399624",中创400,2011-08-15,=0.0031,=2597.7800,=0.0104,=44.6697,=0.7274,=22.4097,=32.9060,=40.4838,=47.9779,=82.4491,=2.9294,=0.5443,=1.6720,=2.4135,=2.8469,=3.3945,=4.9674,=2.3494,=0.5773,=1.2865,=1.8978,=2.2294,=2.6793,=4.3124,=0.0100,=0.5959,=0.0036,=0.0073,=0.0096,=0.0111,=0.0184,=0.0199,=0.0651,=0.0174,=228
="000859",国企一带一路,2019-05-16,=0.0057,=1839.2764,=0.0098,=10.4022,=0.1731,=9.4709,=10.5063,=12.4693,=14.4710,=21.0714,=1.0286,=0.0945,=0.9283,=1.1379,=1.4299,=1.7697,=2.1877,=1.1806,=0.9994,=0.4715,=0.5661,=0.7433,=0.8500,=1.1924,=0.0345,=0.6646,=0.0208,=0.0254,=0.0319,=0.0368,=0.0454,=0.0234,=0.0898,=0.0201,=274
="000917",300公用,2007-07-02,=0.0061,=2484.4285,=0.0095,=17.6315,=0.4548,=13.3250,=16.4635,=17.8577,=20.5953,=34.2477,=1.9396,=0.4491,=1.4019,=1.7146,=1.9744,=2.1718,=2.6347,=1.8816,=0.6318,=1.3139,=1.6332,=1.8147,=1.9940,=3.2322,=0.0308,=0.6268,=0.0191,=0.0239,=0.0299,=0.0324,=0.0390,=0.0223,=0.0974,=0.0266,=39
="000822",500红利,2012-07-20,,,=0.0090,=14.2899,=0.7720,=7.4138,=9.6102,=11.2677,=15.2226,=26.4578,=1.1665,=0.4177,=0.8670,=1.0202,=1.2258,=1.4671,=2.2508,=0.5746,=0.5151,=0.2906,=0.3999,=0.5640,=1.0920,=1.8159,=0.0400,=0.4165,=0.0164,=0.0297,=0.0411,=0.0491,=0.0638,=0.0233,=0.0658,=0.0188,=39
="930743",中证生科,2015-08-26,=0.0014,=3318.5424,=0.0078,=52.7194,=0.6078,=24.0733,=39.5208,=50.0745,=59.8614,=100.3520,=3.9361,=0.2293,=2.9526,=3.8413,=6.1137,=8.0612,=14.6705,=6.8200,=0.3237,=4.7455,=6.2659,=8.4276,=12.3883,=18.8359,=0.0088,=0.6528,=0.0025,=0.0045,=0.0061,=0.0106,=0.0169,=0.0226,=0.0618,=0.0204,=1229
="000937",中证公用,2009-07-03,=0.0092,=2513.5137,=0.0078,=17.2178,=0.3361,=13.4460,=16.6002,=18.6434,=21.1313,=46.5328,=1.7190,=0.3703,=1.3423,=1.6286,=1.7683,=1.9633,=2.2557,=1.6531,=0.6474,=1.2657,=1.4810,=1.5857,=1.7750,=3.2521,=0.0294,=0.8252,=0.0192,=0.0235,=0.0276,=0.0292,=0.0348,=0.0215,=0.0905,=0.0250,=341
="000995",全指公用,2011-08-02,=0.0093,=2601.7302,=0.0073,=17.6722,=0.3188,=14.4124,=16.7502,=18.9182,=23.9608,=55.0107,=1.7239,=0.4948,=1.2839,=1.5403,=1.7254,=1.8671,=2.1268,=1.7396,=0.7814,=1.2094,=1.4214,=1.5276,=1.7689,=2.4023,=0.0280,=0.7889,=0.0172,=0.0230,=0.0259,=0.0281,=0.0321,=0.0217,=0.0896,=0.0244,=329
="931470",SHS云计算,2020-04-21,=-0.0006,=3714.0041,=0.0070,=22.9898,=0.3323,=13.2694,=20.2126,=24.9741,=31.1565,=62.1875,=3.2272,=0.0765,=2.5281,=3.4245,=3.8646,=5.3382,=9.6099,=3.3109,=0.0392,=2.7843,=3.8262,=4.4459,=6.3476,=10.5654,=0.0083,=0.8002,=0.0018,=0.0032,=0.0060,=0.0083,=0.0114,,=0.1294,,=56
="399989",中证医疗,2014-10-31,=-0.0090,=6806.9900,=0.0069,=29.9346,=0.2157,=22.9032,=29.6672,=37.7905,=59.7299,=114.3753,=3.5226,=0.1480,=2.8553,=3.6714,=5.4409,=8.1687,=13.4814,=5.6532,=0.2186,=4.3528,=5.5977,=6.5245,=9.4594,=17.4163,=0.0126,=0.6821,=0.0025,=0.0042,=0.0058,=0.0145,=0.0225,=0.0284,=0.1137,=0.0290,=8589
="000510",中证A500,2024-09-23,=0.0079,=5675.3400,=0.0058,=16.7911,=0.6180,=12.2476,=14.4956,=16.4001,=17.3925,=18.3286,=1.6847,=0.6459,=1.2883,=1.4962,=1.6520,=1.7172,=1.7791,=1.4742,=0.6803,=1.0081,=1.2200,=1.4130,=1.5098,=1.5740,=0.0241,=0.1695,=0.0227,=0.0243,=0.0262,=0.0322,=0.0380,=0.0241,=0.0887,=0.0240,=2575
="931591",1000成长创新,2020-11-09,=0.0007,=32916.7360,=0.0057,=28.7703,=0.3149,=18.0900,=24.5324,=32.0705,=35.7381,=40.6167,=3.2648,=0.4037,=2.0923,=3.0097,=3.4053,=4.3529,=5.3788,=3.1210,=0.5011,=1.8413,=2.7484,=3.1170,=3.8298,=5.2879,=0.0127,=0.6688,=0.0063,=0.0087,=0.0110,=0.0139,=0.0216,=0.0271,=0.1062,=0.0239,=151
="399395",国证有色,2012-10-29,=0.0191,=9724.5000,=0.0055,=18.7364,=0.2396,=12.7731,=17.8511,=27.6666,=54.2206,=315.7327,=3.4516,=0.9200,=1.7304,=2.0833,=2.5062,=3.0966,=4.8522,=1.3663,=0.9468,=0.6150,=0.7945,=0.9084,=1.1743,=1.9521,=0.0162,=0.7435,=0.0031,=0.0057,=0.0104,=0.0178,=0.0242,=0.0618,=0.1543,=0.0354,=672
="000904",中证200,2007-01-15,=0.0081,=5678.9308,=0.0052,=21.3719,=0.9080,=11.9474,=14.9318,=16.7919,=19.4706,=25.2311,=1.7686,=0.5249,=1.2748,=1.5010,=1.7441,=2.0647,=2.3407,=1.2802,=0.1852,=1.0540,=1.2884,=1.4175,=1.6929,=2.1135,=0.0226,=0.6214,=0.0136,=0.0162,=0.0206,=0.0259,=0.0372,=0.0231,=0.0739,=0.0238,=723
="000906",中证800,2007-01-15,=0.0083,=5134.3200,=0.0049,=16.1244,=0.8408,=10.7808,=12.9023,=14.0908,=15.9975,=18.9686,=1.5966,=0.5786,=1.1816,=1.3959,=1.5516,=1.7176,=1.9628,=1.5697,=0.9262,=1.0117,=1.1472,=1.2950,=1.4899,=1.6796,=0.0241,=0.4379,=0.0180,=0.0211,=0.0248,=0.0289,=0.0389,=0.0241,=0.0890,=0.0237,=2709
="000913",300医药,2007-07-02,=0.0008,=8246.9300,=0.0045,=31.8123,=0.3823,=22.1588,=28.7651,=33.3099,=39.5137,=73.4129,=3.3920,=0.1159,=2.7345,=3.5593,=4.7630,=6.0065,=9.5028,=2.8315,=0.1526,=2.2757,=2.8902,=3.3242,=5.2959,=7.4989,=0.0162,=0.8548,=0.0040,=0.0072,=0.0090,=0.0155,=0.0221,=0.0300,=0.0967,=0.0342,=3415
="931168",绿色价值100,2019-06-27,,,=0.0043,=12.3613,=0.6872,=8.4906,=9.9910,=11.3616,=12.8071,=14.6050,=1.3515,=0.6832,=1.0223,=1.1895,=1.2841,=1.4026,=1.6052,=1.5625,=0.9201,=0.9649,=1.1316,=1.2539,=1.3685,=1.6482,=0.0302,=0.2858,=0.0243,=0.0292,=0.0315,=0.0356,=0.0439,=0.0274,=0.1011,=0.0242,=13
="HSISC",恒指港股通指数,2024-03-01,=0.0061,=3511.1200,=0.0040,=11.6445,=0.6749,=7.5992,=8.6819,=10.6298,=11.9056,=12.8475,=1.2497,=0.7685,=0.8411,=0.9231,=1.1472,=1.2569,=1.3442,=1.5588,=0.6355,=0.9830,=1.1426,=1.4498,=1.6100,=1.7320,=0.0333,=0.0920,=0.0322,=0.0341,=0.0381,=0.0500,=0.0595,,=0.1037,,=52
="931829",中证回购,2023-10-17,,,=0.0040,=21.6648,=0.1827,=16.8171,=21.9327,=25.1567,=34.0432,=40.4937,=2.1816,=0.9094,=1.3801,=1.5745,=1.7491,=2.0325,=2.3571,=0.8564,=0.1496,=0.7604,=0.9200,=1.0086,=1.1460,=1.4917,=0.0280,=0.9799,=0.0146,=0.0164,=0.0208,=0.0247,=0.0286,=0.0242,=0.0495,=0.0133,=40
="931524",SHS科技龙头,2020-07-16,=0.0093,=2696.1521,=0.0036,=29.5267,=0.7256,=18.9033,=23.5207,=26.8273,=34.7765,=59.9125,=3.6584,=0.4803,=2.7731,=3.3000,=3.6885,=5.1251,=9.0190,=2.7572,=0.5871,=1.6886,=2.2617,=2.5764,=4.2037,=7.2475,=0.0085,=0.4984,=0.0027,=0.0048,=0.0085,=0.0100,=0.0124,,=0.1133,,=230
="000860",结构调整,2018-03-26,=0.0052,=1227.1700,=0.0024,=16.1045,=0.7745,=9.5233,=12.4793,=14.0058,=16.3031,=20.6443,=1.4771,=0.8669,=1.1018,=1.2895,=1.3727,=1.4575,=1.6430,=0.9235,=0.9770,=0.4658,=0.5893,=0.6793,=0.7960,=0.9608,=0.0314,=0.4951,=0.0220,=0.0262,=0.0315,=0.0369,=0.0499,=0.0222,=0.0831,=0.0231,=152
="932305",智选高股息,2024-09-30,=0.0026,=11179.9021,=0.0018,=9.5507,=0.8330,=7.0143,=7.5166,=8.3926,=9.4756,=10.9391,=1.0853,=0.7961,=0.8750,=0.9265,=1.0527,=1.0857,=1.1675,=0.5216,=0.0846,=0.4805,=0.7211,=0.7693,=1.2701,=1.3342,=0.0593,=0.1692,=0.0457,=0.0594,=0.0634,=0.0684,=0.0723,=0.0253,=0.1000,=0.0324,=362
="399311",国证1000,2005-02-03,=0.0081,=4964.8600,=0.0014,=16.8329,=0.7979,=11.0854,=13.3222,=14.6208,=16.8469,=19.8966,=1.6369,=0.5810,=1.1918,=1.4217,=1.5927,=1.7956,=2.0383,=1.5800,=0.9085,=1.0112,=1.1700,=1.3059,=1.5313,=1.7074,=0.0233,=0.4412,=0.0172,=0.0199,=0.0239,=0.0282,=0.0380,=0.0236,=0.0857,=0.0233,=143
="HSI",恒生指数,1989-03-09,=0.0056,=25652.9700,=0.0009,=11.8079,=0.7098,=6.9462,=9.2273,=10.3752,=12.2520,=16.9606,=1.2549,=0.7627,=0.7519,=0.9738,=1.1320,=1.2677,=1.5570,=1.5137,=0.5853,=0.8141,=1.1480,=1.4419,=1.6549,=2.0895,=0.0329,=0.1950,=0.0204,=0.0330,=0.0368,=0.0444,=0.0596,,=0.1032,,=13635
="1000015",港股全指,2000-01-01,=0.0056,=25652.9700,=0.0009,=13.2150,=0.7322,=7.5917,=10.2569,=11.4444,=13.6002,=19.1348,=1.1334,=0.6676,=0.6574,=0.8625,=1.0727,=1.1863,=1.5123,=1.2151,=0.6920,=0.6196,=0.8644,=1.1070,=1.2707,=1.5791,=0.0316,=0.3381,=0.0205,=0.0300,=0.0332,=0.0422,=0.0574,,,,=308
="399008",中小300,2010-03-22,=0.0090,=1655.7900,=0.0006,=29.6078,=0.4371,=17.8364,=25.4661,=30.3769,=34.9853,=44.1418,=2.7575,=0.3196,=1.7846,=2.4620,=2.9653,=3.7707,=4.4948,=1.8626,=0.3254,=1.1664,=1.6529,=2.0428,=2.7766,=3.6888,=0.0131,=0.6882,=0.0063,=0.0086,=0.0115,=0.0151,=0.0216,=0.0232,=0.0868,=0.0228,=508
="987018",港股通创新药,2021-11-18,,,=0.0006,=37.1968,=0.2162,=22.9379,=36.0502,=49.3093,=94.4339,=537.2167,=3.6521,=0.6556,=1.6768,=2.3257,=3.2586,=4.1294,=6.0885,=5.3658,=0.5085,=2.6005,=3.5789,=5.3388,=7.0465,=12.1954,=0.0083,=0.6308,=0.0023,=0.0056,=0.0073,=0.0142,=0.0182,,=0.0844,,=334
="399372",大盘成长,2010-01-04,=0.0089,=5273.2500,=0.0004,=21.2877,=0.6058,=14.2162,=17.4055,=20.4582,=25.3722,=45.9159,=4.0889,=0.6977,=1.9139,=2.5129,=3.0698,=5.3725,=9.5601,=2.2124,=0.3377,=1.2183,=1.8035,=2.5948,=3.4508,=6.6651,=0.0166,=0.4672,=0.0069,=0.0115,=0.0170,=0.0231,=0.0308,=0.0399,=0.1447,=0.0379,=319
="HSIDI",恒生创新药指数,2023-01-01,=0.0189,=2694.7200,=0.0004,=35.7021,=0.1116,=21.3081,=44.5007,=53.2646,=105.7766,=157.2991,=3.3291,=0.6998,=1.7148,=2.1469,=2.7088,=3.8817,=5.1867,=2.9690,=0.6942,=1.5892,=1.8474,=2.3594,=3.3814,=4.4669,=0.0091,=0.2924,=0.0053,=0.0081,=0.0121,=0.0143,=0.0173,,=0.1014,,=254
="930050",中证A50,2024-01-02,=0.0086,=1787.3198,=-0.0001,=16.7778,=0.3011,=13.9812,=16.0279,=17.3678,=18.1045,=19.9330,=2.1677,=0.6880,=1.7817,=1.9718,=2.0958,=2.2047,=2.3759,=1.6955,=0.9454,=1.0165,=1.1289,=1.3725,=1.5813,=1.7441,=0.0283,=0.1576,=0.0260,=0.0285,=0.0297,=0.0308,=0.0348,=0.0291,=0.1115,=0.0275,=1040
="931848",800红利低波,2024-05-21,=0.0063,=3162.7856,=-0.0008,=9.1571,=0.5924,=7.4155,=8.2749,=9.0448,=9.4557,=9.7854,=0.8958,=0.3388,=0.7315,=0.8577,=0.9161,=0.9679,=1.0024,=1.6842,=0.9928,=1.1714,=1.2402,=1.3543,=1.3966,=1.7233,=0.0405,=0.0562,=0.0399,=0.0412,=0.0435,=0.0517,=0.0594,=0.0237,=0.0929,=0.0230,=159
="000819",有色金属,2012-05-09,=0.0225,=9330.8300,=-0.0012,=18.9280,=0.2602,=12.4710,=17.7448,=27.6920,=53.0675,=193.6727,=3.6031,=0.9052,=1.7791,=2.1409,=2.6245,=3.2774,=4.9698,=1.4052,=0.9175,=0.6317,=0.8246,=0.9660,=1.2829,=1.9863,=0.0164,=0.7390,=0.0033,=0.0059,=0.0107,=0.0185,=0.0249,=0.0625,=0.1569,=0.0361,=2047
="931039",银行AH,2017-12-06,=0.0079,=12756.2224,=-0.0015,=6.1483,=0.8899,=3.2016,=4.0977,=5.2564,=5.9078,=7.9938,=0.5818,=0.5569,=0.3790,=0.4590,=0.5652,=0.7105,=1.0569,=2.3083,=0.9148,=1.0856,=1.4355,=1.7574,=2.1663,=2.9053,=0.0467,=0.0965,=0.0324,=0.0491,=0.0544,=0.0737,=0.0997,,=0.0881,,=109
="932366",300现金流,2024-11-12,=0.0021,=3333.2918,=-0.0025,=14.4557,=0.6736,=12.5879,=13.4414,=14.0588,=14.9116,=16.2670,=1.6974,=0.2368,=1.4920,=1.6854,=1.8205,=1.8935,=1.9885,=1.3180,=0.3747,=1.0861,=1.2258,=1.3890,=1.4393,=1.5124,=0.0363,=0.0828,=0.0324,=0.0379,=0.0400,=0.0411,=0.0453,=0.0285,=0.1163,=0.0355,=189
="000987",全指材料,2011-08-02,=0.0171,=4996.1000,=-0.0029,=21.2036,=0.5035,=11.8534,=16.4330,=21.1218,=27.5930,=522.1121,=2.4642,=0.7612,=1.3547,=1.6741,=2.0387,=2.5007,=3.3213,=1.2233,=0.7056,=0.6546,=0.8399,=1.0190,=1.3341,=1.7398,=0.0169,=0.4788,=0.0046,=0.0121,=0.0172,=0.0209,=0.0269,=0.0340,=0.0892,=0.0206,=394
="000861",央企创新,2019-05-16,=0.0060,=2557.7095,=-0.0034,=15.8921,=0.8648,=10.3360,=12.0585,=13.4554,=15.2813,=18.8086,=1.4336,=0.9129,=1.0351,=1.1889,=1.3005,=1.3902,=1.5975,=0.8288,=0.9468,=0.4544,=0.5200,=0.5853,=0.7388,=0.8999,=0.0306,=0.4180,=0.0234,=0.0272,=0.0332,=0.0375,=0.0493,=0.0222,=0.0826,=0.0232,=271
="931268",持续发展,2019-11-15,=0.0085,=2205.3205,=-0.0034,=15.4160,=0.3849,=14.1354,=15.0880,=15.7112,=16.2538,=17.1877,=2.1203,=0.4763,=1.7338,=1.8363,=2.1371,=2.2414,=2.3440,=1.9317,=0.8486,=1.5998,=1.7268,=1.7985,=1.8418,=2.0502,=0.0281,=0.1104,=0.0268,=0.0286,=0.0305,=0.0316,=0.0326,=0.0313,=0.1256,=0.0323,=24
="000808",医药生物,2012-02-17,=0.0008,=8257.4448,=-0.0035,=33.1145,=0.4305,=23.4705,=28.3997,=34.5643,=37.8852,=66.3352,=3.1361,=0.1307,=2.6521,=3.2406,=4.1367,=4.9177,=7.9299,=2.9229,=0.3893,=2.0659,=2.6650,=3.0943,=3.5475,=6.2098,=0.0148,=0.8136,=0.0050,=0.0071,=0.0096,=0.0146,=0.0209,=0.0273,=0.0877,=0.0275,=1426
="931140",医药50,2019-03-20,=-0.0023,=10241.5903,=-0.0038,=25.7998,=0.2332,=20.8651,=25.5351,=28.5856,=42.5005,=67.0844,=3.9896,=0.1247,=3.0998,=4.2105,=4.9472,=7.3883,=10.9696,=4.7402,=0.2886,=3.4950,=4.6162,=5.1231,=7.0838,=12.1248,=0.0160,=0.7202,=0.0046,=0.0077,=0.0108,=0.0173,=0.0237,=0.0393,=0.1515,=0.0402,=1220
="H11057",石化产业,2009-07-22,=0.0071,=1360.4750,=-0.0040,=14.6254,=0.5855,=9.0713,=12.0009,=13.9863,=19.2030,=46.6548,=1.5562,=0.9279,=0.9085,=1.1929,=1.3437,=1.4477,=1.9948,=0.8223,=0.9139,=0.4002,=0.4807,=0.6135,=0.7557,=1.0264,=0.0319,=0.3228,=0.0099,=0.0304,=0.0364,=0.0407,=0.0471,=0.0331,=0.0946,=0.0281,=76
="000903",中证A100,2006-05-29,=0.0081,=4464.9400,=-0.0048,=17.3488,=0.9390,=9.4390,=11.2572,=12.6397,=14.6198,=18.7565,=1.9031,=0.9687,=1.1800,=1.3859,=1.5265,=1.6858,=1.9716,=1.6337,=0.9802,=0.9660,=1.1007,=1.2217,=1.3839,=1.7127,=0.0263,=0.1860,=0.0221,=0.0264,=0.0291,=0.0329,=0.0397,=0.0253,=0.0942,=0.0251,=3094
="1000003",深圳A股,1994-01-01,=0.0050,=2517.8700,=-0.0052,=42.4509,=0.7262,=20.1337,=32.6807,=37.4310,=46.5534,=60.3260,=2.7657,=0.5534,=1.7026,=2.2996,=2.6829,=3.2037,=3.7901,=1.9872,=0.5443,=1.2021,=1.6469,=1.9175,=2.3627,=3.1788,=0.0126,=0.6635,=0.0070,=0.0092,=0.0117,=0.0136,=0.0208,=0.0203,=0.0553,=0.0180,=1836
="930708",中证有色,2015-07-13,=0.0207,=3067.2306,=-0.0055,=18.7338,=0.2264,=13.9228,=18.3787,=29.4691,=56.9370,=410.8504,=3.3456,=0.8792,=1.7134,=2.0956,=2.5624,=3.1692,=4.7639,=1.2057,=0.8173,=0.6123,=0.7796,=0.8961,=1.1924,=1.7984,=0.0158,=0.7505,=0.0032,=0.0057,=0.0101,=0.0168,=0.0233,=0.0592,=0.1479,=0.0346,=538
="930723",沪港深F100,2015-08-05,=0.0045,=5061.0406,=-0.0059,=10.0537,=0.7535,=5.4557,=7.5706,=9.0709,=10.1730,=13.1279,=1.0363,=0.5968,=0.6469,=0.8476,=1.0077,=1.1160,=1.4626,=1.3289,=0.8757,=0.6039,=0.8632,=1.0802,=1.2941,=1.6654,=0.0368,=0.2994,=0.0281,=0.0354,=0.0393,=0.0500,=0.0650,,=0.0918,,=151
="000991",全指医药,2011-08-02,=0.0002,=8665.5700,=-0.0060,=31.3804,=0.3332,=23.5983,=29.4135,=33.9496,=39.4753,=73.5923,=3.0302,=0.0969,=2.5957,=3.1722,=3.7468,=4.5642,=6.5650,=2.8524,=0.3827,=2.0200,=2.6563,=2.9946,=3.6933,=5.9103,=0.0157,=0.8734,=0.0055,=0.0073,=0.0097,=0.0148,=0.0212,=0.0278,=0.0907,=0.0276,=7988
="931397",A股通50,2020-02-20,,,=-0.0065,=13.5206,=0.5759,=8.9450,=10.5959,=13.0030,=21.4084,=29.8209,=1.7367,=0.4905,=1.1048,=1.2796,=1.7532,=3.5587,=4.6955,=2.2621,=0.6745,=1.0496,=1.2900,=1.8925,=2.8428,=3.9597,=0.0280,=0.5044,=0.0113,=0.0157,=0.0279,=0.0366,=0.0493,=0.0296,=0.1069,=0.0278,=11
="000852",中证1000,2014-10-17,=0.0023,=7544.6700,=-0.0067,=43.4424,=0.7085,=18.9344,=30.9274,=37.8109,=47.6513,=78.9405,=2.4007,=0.4689,=1.4880,=2.1060,=2.4306,=2.8890,=4.0689,=1.6929,=0.6091,=0.9250,=1.3827,=1.5862,=1.9118,=3.4406,=0.0109,=0.5666,=0.0038,=0.0082,=0.0106,=0.0125,=0.0194,=0.0158,=0.0499,=0.0155,=7527
="HSAHP",恒生沪深港通AH股溢价指数,2007-07-09,=0.0007,=122.5800,=-0.0071,=11.0051,=0.9261,=5.5550,=7.1430,=8.3699,=9.7979,=12.3156,=1.1071,=0.8482,=0.6208,=0.7734,=0.9225,=1.0846,=1.3863,=1.2688,=0.9292,=0.5653,=0.7668,=0.9030,=1.0915,=1.3750,=0.0321,=0.0629,=0.0268,=0.0346,=0.0398,=0.0520,=0.0665,,=0.0958,,=349
="HSSCID",恒生港股通创新药指数,2023-07-01,=0.0188,=3138.9800,=-0.0076,=35.7021,=0.1462,=20.9262,=39.0271,=44.3490,=60.8455,=216.1774,=3.3291,=0.6714,=1.6870,=2.0384,=2.6171,=4.0423,=5.1867,=2.9690,=0.6494,=1.6002,=1.8990,=2.4678,=3.5142,=4.4669,=0.0091,=0.3260,=0.0053,=0.0077,=0.0122,=0.0151,=0.0187,,=0.1014,,=125
="399348",深证价值,2009-11-04,=0.0079,=6467.7100,=-0.0084,=17.1786,=0.7720,=9.9756,=12.8084,=14.9077,=17.4443,=21.4453,=1.7418,=0.5414,=1.2527,=1.4911,=1.7200,=2.0666,=2.9268,=1.2936,=0.6664,=0.8306,=1.0363,=1.1851,=1.4760,=2.1193,=0.0286,=0.6553,=0.0153,=0.0218,=0.0268,=0.0308,=0.0407,=0.0245,=0.0871,=0.0201,=293
="000300",沪深300,2005-04-08,=0.0085,=4590.7900,=-0.0085,=14.1026,=0.7728,=10.0799,=11.6919,=12.7174,=14.1765,=17.6279,=1.4602,=0.4792,=1.1457,=1.3350,=1.4674,=1.6202,=1.9228,=1.5400,=0.8816,=1.0330,=1.1718,=1.3155,=1.4687,=1.7482,=0.0272,=0.4726,=0.0199,=0.0236,=0.0274,=0.0317,=0.0422,=0.0246,=0.0934,=0.0249,=49414
="1000002",A股全指,1994-01-01,=0.0059,=5867.4379,=-0.0087,=21.8175,=0.8322,=12.9500,=16.6929,=18.4845,=21.5713,=25.0020,=1.8094,=0.5720,=1.2633,=1.5740,=1.7419,=2.0048,=2.1910,=1.6604,=0.7893,=1.0499,=1.2419,=1.3988,=1.6693,=1.9034,=0.0195,=0.4289,=0.0142,=0.0166,=0.0205,=0.0235,=0.0329,=0.0215,=0.0745,=0.0211,=7972
="000985",中证全指,2011-08-02,=0.0059,=5867.4379,=-0.0087,=20.9088,=0.8412,=12.6044,=15.9637,=17.6530,=20.4663,=23.7678,=1.7708,=0.5600,=1.2581,=1.5484,=1.7142,=1.9460,=2.1557,=1.6263,=0.7736,=1.0381,=1.2268,=1.3874,=1.6422,=1.8438,=0.0200,=0.4400,=0.0148,=0.0174,=0.0207,=0.0240,=0.0333,=0.0216,=0.0749,=0.0212,=744
="930629",CSSW健康,2015-05-08,=-0.0010,=5675.2660,=-0.0089,=13.0175,=0.0128,=12.1031,=17.4088,=21.4669,=38.4844,=49.9253,=2.0070,=0.1105,=1.7351,=2.1456,=3.0276,=4.5793,=6.2998,=1.6404,=0.3019,=1.2755,=1.5525,=1.8758,=4.7309,=7.2978,=0.0225,=0.8940,=0.0055,=0.0077,=0.0159,=0.0213,=0.0272,=0.0270,=0.1388,=0.0324,=280
="930903",中证A股,2016-10-18,=0.0059,=4044.3971,=-0.0091,=20.8312,=0.8241,=12.9620,=16.2693,=17.8197,=20.6585,=23.9680,=1.7736,=0.5737,=1.2607,=1.5557,=1.7144,=1.9440,=2.2108,=1.6300,=0.7836,=1.0406,=1.2338,=1.3824,=1.6405,=1.9264,=0.0200,=0.4408,=0.0139,=0.0174,=0.0206,=0.0237,=0.0332,=0.0216,=0.0748,=0.0212,=21
="000044",上证中盘,2009-07-03,=0.0084,=4521.7800,=-0.0091,=12.8523,=0.5431,=8.6509,=10.4793,=12.5300,=14.6389,=18.7575,=1.2143,=0.3938,=0.9210,=1.0900,=1.2680,=1.6500,=1.9734,=1.2220,=0.4437,=0.9382,=1.1499,=1.2417,=1.4238,=1.7773,=0.0294,=0.6297,=0.0180,=0.0223,=0.0270,=0.0338,=0.0421,=0.0229,=0.0859,=0.0223,=100
="000811",细分有色,2012-04-11,=0.0217,=11269.7224,=-0.0092,=18.5220,=0.2384,=13.5118,=17.9652,=29.2749,=55.9639,=305.9562,=3.4383,=0.9052,=1.7438,=2.0869,=2.5621,=3.1719,=4.8073,=1.3355,=0.9258,=0.6338,=0.7856,=0.9037,=1.1918,=1.9173,=0.0163,=0.7542,=0.0033,=0.0057,=0.0103,=0.0172,=0.0234,=0.0611,=0.1531,=0.0352,=203
="000842",800等权,2012-12-21,,,=-0.0097,=16.1244,=0.8408,=10.7808,=12.9023,=14.0908,=15.9975,=18.9686,=1.5966,=0.5786,=1.1816,=1.3959,=1.5516,=1.7176,=1.9628,=1.5697,=0.9262,=1.0117,=1.1472,=1.2950,=1.4899,=1.6796,=0.0241,=0.4379,=0.0180,=0.0211,=0.0248,=0.0289,=0.0389,=0.0241,=0.0890,=0.0237,=162
="932037",央企现代能源,2022-11-16,=0.0067,=1444.8386,=-0.0098,=15.6733,=0.8985,=10.8583,=12.0342,=12.9210,=14.4331,=18.2611,=1.5831,=0.8177,=1.1507,=1.3432,=1.4244,=1.5745,=1.8914,=0.9427,=0.9007,=0.4850,=0.6222,=0.7566,=0.8499,=1.0835,=0.0326,=0.0862,=0.0297,=0.0356,=0.0404,=0.0430,=0.0461,=0.0273,=0.0952,=0.0272,=39
="399394",国证医药,2012-10-29,=0.0001,=8401.7300,=-0.0100,=33.2484,=0.4487,=22.8656,=29.2541,=34.0405,=38.7732,=65.8576,=3.2800,=0.1398,=2.7032,=3.3903,=4.4463,=5.3459,=8.6075,=2.9470,=0.3720,=1.9890,=2.7092,=3.1214,=4.5871,=6.5385,=0.0148,=0.8363,=0.0047,=0.0073,=0.0093,=0.0144,=0.0225,=0.0285,=0.0916,=0.0308,=1069
="932255",A500红利增长,2025-04-09,,,=-0.0102,=10.8047,=0.4332,=9.2509,=10.4211,=10.8997,=11.7197,=12.2754,=1.2631,=0.3947,=1.0684,=1.2213,=1.2822,=1.3606,=1.4369,=1.7361,=0.4332,=1.3292,=1.6749,=1.7499,=1.9549,=2.0549,=0.0333,=0.0979,=0.0327,=0.0339,=0.0354,=0.0373,=0.0393,=0.0280,=0.1066,,=43
="000933",中证医药,2009-07-03,=0.0013,=8004.8900,=-0.0106,=30.8600,=0.4165,=22.6651,=27.9022,=32.2645,=36.4095,=63.0472,=3.1496,=0.1897,=2.5059,=3.1738,=3.9663,=4.6056,=7.0232,=2.7768,=0.3612,=1.9281,=2.5100,=2.9936,=3.5034,=5.1631,=0.0160,=0.8466,=0.0055,=0.0078,=0.0098,=0.0154,=0.0226,=0.0282,=0.0926,=0.0299,=7211
="399310",国证A50,2005-09-05,=0.0083,=7931.2100,=-0.0107,=16.3398,=0.7860,=8.8433,=10.6073,=13.6311,=16.6592,=22.6576,=1.9913,=0.7386,=1.1237,=1.3162,=1.6834,=2.0439,=2.9417,=1.4673,=0.7423,=0.9633,=1.1381,=1.2488,=1.5146,=2.2769,=0.0245,=0.2449,=0.0160,=0.0240,=0.0294,=0.0316,=0.0370,=0.0272,=0.1076,=0.0263,=292
="1000012",中小板全指,2005-12-01,=0.0080,=14385.5600,=-0.0110,=36.4554,=0.2507,=22.6352,=35.3655,=41.0312,=47.5214,=73.8161,=2.6673,=0.3880,=1.7125,=2.3729,=2.7966,=3.4232,=4.5009,=1.7775,=0.2957,=1.1448,=1.6386,=1.9660,=2.5193,=3.8481,=0.0121,=0.6746,=0.0054,=0.0082,=0.0108,=0.0134,=0.0200,=0.0209,=0.0671,=0.0194,=568
="399101",中小综指,2005-12-01,=0.0080,=14385.5600,=-0.0110,=36.3412,=0.3175,=22.7937,=34.4929,=40.4304,=45.9227,=65.2068,=2.6591,=0.3951,=1.7151,=2.3689,=2.7838,=3.3962,=4.4988,=1.8045,=0.3010,=1.1654,=1.6542,=1.9935,=2.5326,=3.8809,=0.0121,=0.6829,=0.0054,=0.0083,=0.0108,=0.0134,=0.0200,=0.0208,=0.0674,=0.0195,=26
="931167",先进制造100,2019-04-25,=0.0026,=7651.4111,=-0.0116,=16.3835,=0.7551,=10.3762,=13.0341,=14.2952,=16.9414,=20.9116,=2.7595,=0.8404,=1.6383,=2.0294,=2.2660,=2.6231,=3.3727,=1.9166,=0.9079,=0.9031,=1.2368,=1.4452,=1.6739,=2.1795,=0.0309,=0.8882,=0.0136,=0.0208,=0.0256,=0.0294,=0.0362,=0.0404,=0.1483,=0.0310,=344
="930839",港股通高息精选,2016-06-08,=0.0047,=3409.2015,=-0.0118,=9.9820,=0.5603,=4.9918,=7.1350,=9.3511,=13.0922,=31.7979,=1.3704,=0.7495,=0.7294,=0.9293,=1.0783,=1.5790,=4.8768,=1.1781,=0.4624,=0.3418,=0.5599,=1.2265,=1.8479,=6.3245,=0.0514,=0.5311,=0.0089,=0.0375,=0.0497,=0.0677,=0.1118,,=0.1433,,=390
="399303",国证2000,2014-03-28,=0.0003,=9837.3300,=-0.0119,=50.3474,=0.7534,=23.3937,=36.3012,=42.0166,=52.4720,=91.3621,=2.4579,=0.6384,=1.4941,=2.0787,=2.2964,=2.6950,=4.0650,=1.8717,=0.7254,=1.0643,=1.3926,=1.5530,=2.0825,=3.4322,=0.0103,=0.4557,=0.0040,=0.0087,=0.0104,=0.0118,=0.0187,=0.0140,=0.0453,=0.0143,=727
="399377",小盘价值,2010-01-04,=0.0113,=7593.8200,=-0.0134,=16.8569,=0.6682,=9.8385,=13.2773,=15.1881,=19.3151,=34.2299,=1.3212,=0.6739,=0.8997,=1.0824,=1.2374,=1.5252,=2.1990,=0.7474,=0.5523,=0.4594,=0.5454,=0.7121,=1.1388,=1.8295,=0.0286,=0.6748,=0.0113,=0.0198,=0.0259,=0.0310,=0.0386,=0.0183,=0.0578,=0.0162,=625
="1000004",上海A股,1994-01-01,=0.0059,=3912.5200,=-0.0142,=17.0105,=0.9080,=10.8441,=12.9364,=14.2924,=16.2289,=18.4959,=1.5059,=0.5798,=1.1181,=1.3162,=1.4437,=1.5939,=1.8457,=1.5118,=0.9381,=0.9734,=1.0889,=1.2356,=1.4077,=1.6065,=0.0235,=0.3649,=0.0184,=0.0214,=0.0254,=0.0296,=0.0389,=0.0219,=0.0804,=0.0221,=4924
="000001",上证指数,1991-07-15,=0.0059,=3912.5200,=-0.0142,=16.3483,=0.8693,=10.8403,=12.7209,=13.8332,=15.9808,=17.9144,=1.4704,=0.5612,=1.1148,=1.3021,=1.4401,=1.5631,=1.8463,=1.4726,=0.9068,=0.9369,=1.0774,=1.2153,=1.4125,=1.5771,=0.0242,=0.4025,=0.0185,=0.0223,=0.0252,=0.0297,=0.0391,=0.0219,=0.0804,=0.0221,=1553
="930992",沪港深红利低波,2017-06-28,,,=-0.0147,=8.0845,=0.9010,=4.0130,=5.2183,=5.9698,=7.8526,=8.5109,=0.7643,=0.9369,=0.4277,=0.5392,=0.5950,=0.7358,=0.7950,=1.1999,=0.8300,=0.4496,=0.6023,=0.8927,=1.1880,=1.3912,=0.0483,=0.0061,=0.0476,=0.0537,=0.0713,=0.0766,=0.0949,,=0.0878,,=56
="931166",医药健康100,2019-04-25,=-0.0015,=3974.0186,=-0.0148,=25.8000,=0.4893,=17.5935,=22.4279,=25.9915,=35.7562,=58.5515,=3.5764,=0.3208,=2.7671,=3.3753,=4.1614,=5.8423,=8.5226,=4.7087,=0.8506,=2.1887,=3.0605,=3.8003,=4.5110,=6.8190,=0.0157,=0.6736,=0.0059,=0.0080,=0.0121,=0.0179,=0.0263,=0.0346,=0.1325,=0.0321,=403
="931130",红利成长低波,2018-12-04,,,=-0.0152,=8.0415,=0.5624,=4.4465,=5.5956,=7.7943,=8.7025,=11.5512,=0.8110,=0.3495,=0.5279,=0.6263,=0.8958,=1.0255,=1.5803,=2.7460,=0.9979,=0.3109,=0.8161,=1.3269,=1.9789,=2.8088,=0.0385,=0.3026,=0.0246,=0.0323,=0.0423,=0.0532,=0.0639,=0.0231,=0.0934,=0.0229,=154
="000929",中证材料,2009-07-03,=0.0175,=4392.8623,=-0.0157,=19.8796,=0.5311,=9.9126,=14.1083,=19.5201,=24.6327,=453.6656,=2.4353,=0.8718,=1.3680,=1.6188,=1.9046,=2.3176,=3.1607,=1.2053,=0.8066,=0.6315,=0.7658,=0.8823,=1.1997,=1.5845,=0.0182,=0.4482,=0.0058,=0.0135,=0.0200,=0.0239,=0.0294,=0.0399,=0.1037,=0.0230,=527
="931395",沪港深300,2020-01-14,=0.0079,=1695.4381,=-0.0166,=12.0692,=0.6629,=8.3275,=10.0371,=10.9062,=12.5334,=16.6490,=1.2808,=0.6103,=0.9663,=1.1057,=1.2256,=1.3680,=1.7241,=1.5801,=0.7848,=0.9881,=1.1750,=1.3342,=1.5879,=1.8801,=0.0305,=0.2815,=0.0218,=0.0273,=0.0331,=0.0392,=0.0499,,=0.0964,,=509
="H50040",上红低波,2014-03-21,=0.0042,=10836.6011,=-0.0173,=8.4864,=0.7847,=4.6938,=5.9512,=7.1343,=9.6645,=14.3118,=0.8620,=0.6037,=0.5647,=0.6911,=0.8311,=1.3609,=1.8756,=1.6581,=0.9930,=0.6380,=0.8684,=1.2015,=1.4117,=1.6905,=0.0411,=0.2408,=0.0230,=0.0391,=0.0465,=0.0588,=0.0718,=0.0234,=0.0936,=0.0244,=375
="000028",180成长,2009-01-09,=0.0112,=3841.7800,=-0.0182,=14.1007,=0.4429,=9.5268,=12.3237,=14.6720,=18.2344,=25.1474,=2.0840,=0.3097,=1.5063,=1.8669,=2.6890,=3.1694,=5.1089,=2.5696,=0.9806,=1.1581,=1.4641,=1.6360,=1.8921,=2.7082,=0.0238,=0.6346,=0.0090,=0.0178,=0.0225,=0.0253,=0.0375,=0.0333,=0.1358,=0.0227,=195
="930791",CS医药TI,2016-03-22,=0.0006,=9088.7365,=-0.0185,=34.4272,=0.4462,=23.2364,=30.0855,=35.4144,=40.2334,=70.7414,=2.9059,=0.1225,=2.4395,=3.0205,=3.8264,=4.5719,=6.6660,=2.6769,=0.2829,=2.0598,=2.5748,=2.9516,=3.5138,=5.1130,=0.0151,=0.8652,=0.0054,=0.0072,=0.0098,=0.0144,=0.0204,=0.0251,=0.0784,=0.0255,=200
="930740",300红利LV,2018-12-04,=0.0069,=7033.5103,=-0.0189,=9.0687,=0.8783,=5.4153,=6.8431,=7.5544,=8.7629,=9.6903,=0.8799,=0.5742,=0.6159,=0.7741,=0.8572,=0.9447,=1.0604,=1.5838,=0.8751,=0.6725,=0.8591,=1.0826,=1.5177,=1.9253,=0.0421,=0.2177,=0.0370,=0.0419,=0.0452,=0.0510,=0.0622,=0.0239,=0.0932,=0.0223,=643
="399550",央视50,2012-06-06,=0.0041,=7927.1900,=-0.0203,=10.0553,=0.7538,=6.8960,=8.3125,=9.3606,=10.1648,=13.0561,=1.0266,=0.2656,=0.8649,=1.0116,=1.2270,=1.4261,=1.8564,=2.1026,=0.8594,=1.3448,=1.6641,=1.8350,=2.0661,=2.5217,=0.0389,=0.5563,=0.0268,=0.0326,=0.0377,=0.0446,=0.0593,=0.0237,=0.0945,=0.0248,=2278
="931802",中证龙头,2010-02-09,=0.0085,=1806.3366,=-0.0205,=13.3903,=0.6858,=9.1945,=11.4192,=12.4387,=14.0025,=18.2393,=2.0390,=0.9398,=1.2921,=1.4768,=1.6741,=1.9021,=2.6625,=2.7389,=0.9802,=0.9048,=1.0871,=1.3734,=2.0164,=2.8954,=0.0282,=0.4148,=0.0165,=0.0261,=0.0292,=0.0352,=0.0446,=0.0324,=0.1325,=0.0308,=98
="931373",股息龙头,2019-11-15,,,=-0.0205,=10.0893,=0.8510,=5.4295,=6.9128,=8.4314,=9.6556,=11.4004,=1.2047,=0.9550,=0.6697,=0.8574,=1.0183,=1.1345,=1.2586,=1.8702,=0.9951,=0.5706,=0.8177,=0.9973,=1.4128,=1.9212,=0.0385,=0.1052,=0.0347,=0.0397,=0.0462,=0.0543,=0.0682,=0.0258,=0.1004,=0.0264,=329
="H30269",红利低波,2013-12-19,=0.0036,=11002.0103,=-0.0212,=8.5073,=0.7852,=4.5638,=5.5488,=6.9328,=9.4786,=14.4342,=0.8737,=0.6400,=0.5386,=0.6570,=0.7994,=1.3872,=1.9670,=1.6491,=0.9959,=0.6111,=0.8850,=1.0973,=1.4166,=1.6809,=0.0417,=0.2256,=0.0246,=0.0406,=0.0503,=0.0605,=0.0732,=0.0236,=0.0946,=0.0236,=4798
="HSLI",恒生综合大型股指数,2001-10-03,=0.0062,=2356.2600,=-0.0214,=10.9229,=0.5863,=6.9327,=9.1517,=10.5890,=11.7587,=17.6478,=1.1138,=0.4876,=0.7133,=0.9439,=1.1167,=1.2416,=1.6032,=1.5190,=0.6347,=0.8297,=1.1852,=1.4403,=1.6322,=2.0023,=0.0342,=0.3726,=0.0207,=0.0314,=0.0355,=0.0440,=0.0582,,,,=102
="000971",等权90,2010-12-02,=0.0084,=3285.7063,=-0.0219,=13.5227,=0.7477,=8.9747,=10.9611,=11.9553,=13.7750,=19.4330,=1.5616,=0.6822,=1.1544,=1.3322,=1.4635,=1.6219,=2.2329,=1.8096,=0.9782,=1.0052,=1.1518,=1.2708,=1.5568,=1.9075,=0.0271,=0.3100,=0.0181,=0.0255,=0.0290,=0.0330,=0.0448,=0.0259,=0.1045,=0.0271,=10
="932422",A500红利低波,2025-04-09,=0.0065,=3034.6715,=-0.0220,=10.0380,=0.5193,=9.0426,=9.7757,=10.0250,=10.2222,=10.5846,=0.9774,=0.1395,=0.8811,=0.9993,=1.0375,=1.0551,=1.0978,=1.3806,=0.4896,=1.2431,=1.2970,=1.3938,=1.4663,=1.5336,=0.0418,=0.5282,=0.0388,=0.0403,=0.0416,=0.0432,=0.0466,=0.0241,=0.0948,,=389
="399701",深证F60,2010-05-10,=0.0081,=7763.2400,=-0.0224,=22.6032,=0.8384,=12.1841,=17.0099,=19.9498,=22.2636,=29.1141,=2.0860,=0.3328,=1.6712,=2.0189,=2.1793,=2.5392,=3.7270,=1.3668,=0.5097,=1.0125,=1.2363,=1.3620,=1.5636,=2.4139,=0.0256,=0.8610,=0.0118,=0.0177,=0.0206,=0.0249,=0.0310,=0.0232,=0.0664,=0.0243,=1679
="399314",巨潮大盘,2005-02-03,=0.0090,=5003.8400,=-0.0224,=13.1883,=0.7167,=9.6620,=11.1381,=12.0848,=13.4972,=17.5384,=1.4143,=0.4957,=1.0976,=1.2830,=1.4151,=1.5848,=1.9279,=1.5429,=0.8792,=0.9932,=1.1678,=1.3141,=1.4751,=1.8124,=0.0282,=0.4619,=0.0201,=0.0248,=0.0286,=0.0328,=0.0435,=0.0244,=0.0938,=0.0251,=17
="932438",科创创业机器人,2025-05-16,,,=-0.0232,=89.7836,=0.6230,=67.6486,=77.7141,=84.9309,=95.4827,=120.6496,=5.1106,=0.1086,=4.8391,=5.2464,=5.6355,=6.1812,=6.8835,=5.4053,=0.0319,=5.1403,=5.7172,=6.0293,=6.6149,=7.4199,=0.0038,=0.4601,=0.0030,=0.0036,=0.0039,=0.0043,=0.0049,=0.0153,=0.0666,,=67
="399702",深证F120,2010-05-10,=0.0098,=7398.9300,=-0.0233,=25.0195,=0.9452,=12.6034,=17.7484,=20.7903,=22.6563,=28.8861,=2.2567,=0.5633,=1.5963,=1.9896,=2.2160,=2.6272,=3.5867,=1.4317,=0.6289,=0.8721,=1.1406,=1.3246,=1.5883,=2.2308,=0.0214,=0.7060,=0.0114,=0.0165,=0.0194,=0.0232,=0.0299,=0.0250,=0.0726,=0.0233,=1429
="931587",500价值稳健,2020-11-09,=0.0108,=21408.6703,=-0.0245,=16.8184,=0.9182,=9.7530,=12.2202,=14.2496,=15.6408,=19.8926,=1.3746,=0.8647,=0.8925,=1.0580,=1.1628,=1.3251,=1.5437,=0.8219,=0.9899,=0.3384,=0.4612,=0.5135,=0.5916,=0.8392,=0.0329,=0.4363,=0.0250,=0.0298,=0.0336,=0.0360,=0.0456,=0.0221,=0.0672,=0.0198,=80
="399986",中证银行,2013-07-15,=0.0078,=7414.7200,=-0.0248,=7.1878,=0.8800,=4.1183,=5.2599,=6.3210,=6.8762,=9.0846,=0.6904,=0.4557,=0.4848,=0.5836,=0.7114,=0.8900,=1.2416,=2.6988,=0.9196,=1.4134,=1.7842,=2.1829,=2.5355,=3.3016,=0.0404,=0.1612,=0.0285,=0.0411,=0.0458,=0.0572,=0.0756,=0.0226,=0.0881,=0.0236,=9678
="931000",大湾区,2017-07-19,=0.0095,=1723.9555,=-0.0254,=18.8430,=0.7725,=11.8370,=14.5748,=16.2520,=19.1307,=23.4463,=2.0703,=0.4953,=1.3750,=1.7709,=2.0733,=2.5457,=3.2666,=1.5318,=0.4622,=1.1015,=1.3364,=1.5628,=1.8692,=2.5221,=0.0217,=0.4853,=0.0138,=0.0173,=0.0220,=0.0260,=0.0341,=0.0236,=0.0809,=0.0227,=16
="HSLMI",恒生综合大中型股指数,2015-06-08,=0.0065,=4017.5200,=-0.0260,=11.5819,=0.6636,=7.0073,=9.3073,=10.6745,=12.3479,=17.7261,=1.1366,=0.5924,=0.6929,=0.9060,=1.1007,=1.2279,=1.5417,=1.3454,=0.7607,=0.6858,=0.9753,=1.1827,=1.3720,=1.6465,=0.0333,=0.3946,=0.0214,=0.0309,=0.0346,=0.0437,=0.0602,,,,=88
="931446",东证红利低波,2020-04-21,=0.0093,=3352.8314,=-0.0261,=8.5090,=0.7939,=5.1478,=6.1949,=7.2076,=8.5270,=11.0216,=0.8322,=0.7374,=0.5884,=0.6981,=0.7677,=0.8690,=1.2481,=1.5229,=0.9475,=0.5909,=0.7579,=0.8980,=1.3405,=1.5979,=0.0411,=0.1582,=0.0325,=0.0416,=0.0484,=0.0563,=0.0651,=0.0224,=0.0895,=0.0240,=904
="399371",国证价值,2010-01-04,=0.0090,=7013.8500,=-0.0263,=9.9873,=0.7336,=6.4728,=7.8356,=9.0963,=10.3230,=13.0475,=0.9973,=0.4849,=0.7249,=0.8967,=1.0029,=1.2191,=1.5675,=1.1266,=0.8334,=0.5764,=0.7536,=0.8692,=1.0946,=1.3812,=0.0377,=0.3608,=0.0249,=0.0340,=0.0395,=0.0477,=0.0565,=0.0233,=0.0892,=0.0237,=152
="000010",上证180,2002-07-01,=0.0085,=9747.0400,=-0.0268,=11.9607,=0.7365,=8.4900,=9.9408,=11.0428,=12.1444,=14.6942,=1.2358,=0.4388,=0.9930,=1.1498,=1.2560,=1.3646,=1.6698,=1.4168,=0.9138,=0.8990,=1.0652,=1.1946,=1.3135,=1.4916,=0.0307,=0.4474,=0.0224,=0.0272,=0.0313,=0.0373,=0.0465,=0.0240,=0.0943,=0.0246,=2510
="000043",超大盘,2009-04-23,=0.0102,=2543.7500,=-0.0279,=11.3647,=0.5823,=7.5271,=9.4626,=10.9287,=12.8858,=17.2195,=1.3517,=0.4862,=0.9803,=1.2132,=1.3552,=1.5050,=1.9858,=2.2120,=0.9604,=0.7153,=0.8691,=1.2661,=1.5320,=2.3305,=0.0319,=0.4474,=0.0191,=0.0242,=0.0326,=0.0406,=0.0547,=0.0268,=0.1053,=0.0277,=167
="HSCAIT",恒生A股行业龙头指数,2009-09-21,=0.0078,=5600.3500,=-0.0280,=12.4292,=0.9003,=8.2192,=9.8003,=10.5478,=11.8783,=14.1027,=1.3348,=0.7397,=1.0288,=1.1884,=1.2678,=1.3563,=1.6997,=1.3418,=0.9345,=0.8424,=0.9741,=1.0588,=1.2222,=1.4109,=0.0338,=0.4094,=0.0260,=0.0318,=0.0347,=0.0405,=0.0503,=0.0256,=0.1023,=0.0256,=494
="H30455",沪港深500,2014-11-28,=0.0072,=2582.2676,=-0.0281,=12.8990,=0.7353,=8.5690,=10.3715,=11.5537,=13.2242,=16.8903,=1.3415,=0.6160,=0.9675,=1.1610,=1.2958,=1.4056,=1.7307,=1.5686,=0.8617,=0.9518,=1.1783,=1.3302,=1.5204,=1.7787,=0.0295,=0.3718,=0.0214,=0.0275,=0.0306,=0.0375,=0.0485,,=0.0953,,=525
="932420",智选船舶产业,2025-05-28,=0.0009,=1403.9404,=-0.0286,=19.7870,=0.8078,=12.9248,=14.1893,=16.9619,=19.7526,=21.8048,=1.4277,=0.8306,=1.1414,=1.2433,=1.3039,=1.4223,=1.5726,=1.0291,=0.7655,=0.8043,=0.8847,=0.9504,=1.0348,=1.1519,=0.0250,=0.2150,=0.0219,=0.0250,=0.0293,=0.0317,=0.0350,=0.0198,=0.0735,,=20
="931157",SHS红利成长LV,2019-04-25,=0.0078,=7232.0648,=-0.0296,=7.9185,=0.6728,=4.1261,=5.6201,=7.0044,=8.3126,=11.5318,=0.7913,=0.4672,=0.5154,=0.6292,=0.8041,=0.9178,=1.5888,=1.7194,=0.9978,=0.5018,=0.7144,=1.0437,=1.4268,=1.7619,=0.0450,=0.3009,=0.0259,=0.0420,=0.0481,=0.0556,=0.0761,,=0.0964,,=359
="950090",50AH优选,2015-12-10,=0.0123,=5999.0231,=-0.0302,=9.8654,=0.8002,=6.3188,=7.9171,=8.7093,=9.8654,=13.5010,=1.0713,=0.6391,=0.7914,=0.9506,=1.0318,=1.1230,=1.5403,=1.3963,=0.9711,=0.6574,=0.8491,=0.9568,=1.0772,=1.4553,=0.0361,=0.2903,=0.0256,=0.0346,=0.0397,=0.0476,=0.0655,,=0.1007,,=1998
="931992",疫苗生物,2013-07-15,=0.0253,=1170.5967,=-0.0303,=188.6529,=0.8723,=26.1322,=66.3824,=88.7170,=167.2756,=55588.3979,=3.0445,=0.5010,=2.2475,=2.7020,=3.0444,=3.6220,=5.0256,=5.4380,=0.6896,=3.7134,=4.7128,=5.1938,=5.5905,=6.4257,=0.0098,=0.6454,=0.0060,=0.0068,=0.0088,=0.0105,=0.0125,=0.0112,=0.0013,=0.0085,=34
="930949",价值回报,2017-02-24,,,=-0.0322,=13.4711,=0.8870,=5.5354,=8.1753,=10.0391,=12.4909,=17.5400,=2.2309,=0.8229,=1.2865,=1.4784,=1.7525,=2.1824,=3.1701,=1.4687,=0.9757,=0.5488,=0.7128,=0.8789,=1.2792,=1.7276,=0.0358,=0.5149,=0.0155,=0.0258,=0.0352,=0.0485,=0.0681,=0.0290,=0.1096,=0.0305,=30
="HSHYLV",恒生港股通高股息低波动指数,2017-05-08,=0.0009,=4321.0200,=-0.0329,=7.7689,=0.8631,=3.5572,=4.6622,=6.0175,=7.3386,=9.5068,=0.6984,=0.6818,=0.3828,=0.4862,=0.5878,=0.8093,=1.1073,=0.9325,=0.5780,=0.4386,=0.6601,=0.8519,=1.4051,=2.0623,=0.0515,=0.1543,=0.0385,=0.0530,=0.0640,=0.0816,=0.1103,,=0.0873,,=1561
="H30089",红利潜力,2013-07-02,=0.0027,=9616.1076,=-0.0332,=16.2667,=0.3439,=12.7702,=15.7141,=16.8547,=20.6064,=29.7267,=2.7754,=0.7027,=1.5457,=2.0199,=2.5118,=2.9135,=4.3960,=2.1876,=0.8016,=0.7611,=0.9586,=1.7799,=2.1854,=2.8465,=0.0350,=0.6569,=0.0172,=0.0258,=0.0318,=0.0373,=0.0456,=0.0404,=0.1605,=0.0444,=552
="931069",中金300,2018-02-14,=0.0109,=4837.4489,=-0.0334,=9.9303,=0.6778,=5.9518,=7.5946,=9.3151,=10.4715,=13.6164,=1.0616,=0.4964,=0.7377,=0.9247,=1.0632,=1.3508,=1.8328,=1.3390,=0.8104,=0.6656,=0.8733,=1.1177,=1.3312,=1.7542,=0.0377,=0.4654,=0.0253,=0.0318,=0.0386,=0.0472,=0.0560,=0.0231,=0.0958,=0.0284,=104
="399313",巨潮100,2005-02-03,=0.0091,=5263.0800,=-0.0338,=12.3922,=0.7909,=8.9278,=10.3882,=11.1409,=12.4332,=16.6101,=1.3671,=0.5835,=1.0718,=1.2426,=1.3393,=1.4929,=1.8501,=1.7023,=0.9823,=0.9844,=1.1492,=1.2734,=1.4594,=1.7644,=0.0289,=0.3266,=0.0217,=0.0274,=0.0303,=0.0349,=0.0452,=0.0250,=0.0999,=0.0255,=210
="399698",优势成长,2017-06-15,=-0.0003,=50359.0700,=-0.0340,=26.7952,=0.6474,=14.2338,=18.2714,=23.2695,=35.4585,=66.5130,=1.4534,=0.1445,=1.2178,=1.4854,=1.8994,=2.2937,=2.9395,=2.3398,=0.7611,=0.6634,=1.0679,=1.7248,=2.5816,=4.7303,=0.0263,=0.9289,=0.0069,=0.0108,=0.0160,=0.0212,=0.0303,=0.0192,=0.0690,=0.0052,=42
="931586",300价值稳健,2020-11-09,=0.0050,=7367.0020,=-0.0348,=11.5884,=0.6368,=8.1741,=9.7129,=11.1713,=12.7134,=15.0111,=1.2879,=0.3774,=0.9699,=1.1954,=1.3219,=1.5112,=1.6570,=1.2964,=0.8131,=0.7359,=0.8663,=0.9891,=1.2659,=1.5639,=0.0359,=0.3724,=0.0248,=0.0321,=0.0371,=0.0406,=0.0470,=0.0264,=0.1070,=0.0304,=43
="932000",中证2000,2023-08-11,=-0.0010,=3091.3397,=-0.0349,=113.3380,=0.5856,=44.0427,=58.4127,=88.8161,=153.6919,=228.3990,=2.5401,=0.6467,=1.5089,=1.9853,=2.3566,=2.8543,=3.3036,=2.0987,=0.6590,=1.1809,=1.5622,=1.8793,=2.3259,=2.6726,=0.0081,=0.3166,=0.0062,=0.0077,=0.0091,=0.0113,=0.0155,=0.0098,=0.0154,=0.0097,=1233
="931082",A500现金流,2025-07-16,,,=-0.0352,=14.6647,=0.6531,=11.3087,=12.3586,=14.0763,=14.9563,=16.5522,=1.6718,=0.2066,=1.4812,=1.6685,=1.8345,=1.9486,=2.0613,=1.3510,=0.2989,=1.2039,=1.3153,=1.3985,=1.5533,=1.6378,=0.0337,=0.1107,=0.0310,=0.0344,=0.0374,=0.0427,=0.0482,=0.0315,=0.1166,,=132
="000813",细分化工,2012-04-11,=0.0137,=3676.1537,=-0.0358,=18.6467,=0.3489,=11.4329,=16.5252,=21.8116,=27.4693,=42.1751,=2.4746,=0.4511,=1.6736,=2.0410,=2.5786,=3.0887,=4.9148,=1.4059,=0.5060,=0.8896,=1.1114,=1.3995,=1.9407,=3.1071,=0.0188,=0.7002,=0.0059,=0.0108,=0.0166,=0.0201,=0.0259,=0.0394,=0.0961,=0.0234,=998
="950180",科创AI,2024-07-25,=0.0073,=2166.1249,=-0.0361,=150.9747,=0.5652,=66.2784,=99.7226,=144.8958,=184.5353,=271.3436,=12.4967,=0.8617,=3.9039,=6.0484,=9.7366,=11.9978,=18.6594,=19.1162,=0.9032,=6.3298,=9.5452,=14.4131,=17.0921,=29.3547,=0.0017,=0.0968,=0.0012,=0.0023,=0.0028,=0.0049,=0.0077,=0.0274,=0.0670,=0.0163,=225
="930955",红利低波100,2017-05-26,=0.0052,=11365.4663,=-0.0361,=9.0900,=0.8536,=5.0805,=6.0801,=7.4515,=8.6746,=11.5013,=0.8959,=0.6542,=0.5792,=0.6673,=0.8316,=0.9856,=1.3722,=1.5333,=0.9657,=0.5888,=0.7806,=0.9935,=1.3778,=1.7525,=0.0428,=0.1865,=0.0270,=0.0431,=0.0470,=0.0560,=0.0683,=0.0234,=0.0928,=0.0257,=2424
="000955",中证国企,2010-02-09,,,=-0.0367,=14.9361,=0.7979,=10.0979,=11.7062,=12.7317,=14.9539,=16.8119,=1.2662,=0.4478,=1.0210,=1.1826,=1.2857,=1.4101,=1.7591,=1.2887,=0.8124,=0.7969,=0.9757,=1.0895,=1.2840,=1.4527,=0.0271,=0.4812,=0.0195,=0.0242,=0.0273,=0.0324,=0.0414,=0.0213,=0.0765,=0.0217,=44
="932315",中证红利质量,2024-07-08,=0.0030,=4337.4731,=-0.0391,=15.7633,=0.5395,=12.3916,=13.9162,=15.6494,=16.5800,=18.7206,=3.0196,=0.4875,=2.1812,=2.4250,=3.0285,=3.9503,=4.4900,=3.6874,=0.9692,=2.0136,=2.2310,=3.0346,=3.2278,=3.7823,=0.0363,=0.1156,=0.0312,=0.0369,=0.0389,=0.0420,=0.0443,=0.0482,=0.1829,=0.0412,=578
="000919",300价值,2008-01-21,=0.0082,=5108.9009,=-0.0394,=9.1353,=0.7464,=5.9577,=7.3283,=8.4453,=9.2438,=12.2376,=0.9222,=0.4610,=0.6917,=0.8489,=0.9332,=1.1318,=1.5388,=1.1397,=0.8821,=0.6314,=0.7861,=0.9060,=1.1102,=1.3421,=0.0392,=0.3410,=0.0265,=0.0367,=0.0407,=0.0490,=0.0609,=0.0228,=0.0921,=0.0242,=4341
="930957",港股通中国100,2017-06-23,=0.0103,=3631.7689,=-0.0400,=10.5937,=0.7560,=5.4625,=7.6104,=8.9720,=10.7926,=13.3106,=1.1272,=0.6236,=0.6571,=0.8660,=1.0744,=1.1986,=1.5222,=1.4396,=0.8539,=0.6789,=0.9660,=1.1323,=1.3753,=1.6609,=0.0337,=0.2665,=0.0251,=0.0331,=0.0368,=0.0501,=0.0691,,=0.1031,,=20
="000042",上证央企,2009-03-30,=0.0075,=1738.4200,=-0.0403,=10.3910,=0.8854,=6.3284,=7.8863,=9.2276,=10.0875,=12.9577,=1.0261,=0.6524,=0.7230,=0.8871,=0.9826,=1.1114,=1.4812,=1.3539,=0.9975,=0.6569,=0.8569,=0.9790,=1.1525,=1.3891,=0.0353,=0.2082,=0.0261,=0.0350,=0.0381,=0.0469,=0.0583,=0.0224,=0.0920,=0.0234,=391
="930709",香港证券,2015-07-13,=0.0421,=1359.2356,=-0.0405,=9.6059,=0.1308,=6.3679,=10.2114,=12.8144,=14.8908,=24.4010,=0.9889,=0.5857,=0.5308,=0.7585,=0.9574,=1.1990,=1.6136,=3.8105,=0.6966,=1.7834,=2.5966,=3.1589,=4.1603,=5.9903,=0.0370,=0.7087,=0.0202,=0.0265,=0.0337,=0.0402,=0.0726,,=0.0828,,=522
="399019",创业200,2023-11-15,=-0.0023,=4361.2500,=-0.0407,=67.4330,=0.3125,=45.1604,=60.2464,=83.2088,=109.9845,=137.0675,=3.2404,=0.5030,=1.8905,=2.4884,=3.2292,=3.8733,=4.5553,=3.1018,=0.6250,=1.7802,=2.3411,=2.8885,=3.4152,=4.2060,=0.0080,=0.5884,=0.0055,=0.0065,=0.0078,=0.0089,=0.0120,=0.0165,=0.0404,=0.0111,=86
="000016",上证50,2004-01-02,=0.0103,=2905.0800,=-0.0416,=11.3623,=0.7369,=8.3126,=9.6664,=10.5340,=11.5646,=15.1108,=1.2527,=0.5579,=1.0245,=1.1706,=1.2397,=1.3330,=1.6482,=1.6119,=0.9790,=0.8665,=1.0182,=1.1383,=1.2976,=1.6553,=0.0316,=0.3295,=0.0240,=0.0291,=0.0334,=0.0397,=0.0497,=0.0249,=0.1007,=0.0262,=23639
="HSCESI",恒生中国企业精明指数,2015-06-08,=0.0106,=12309.7500,=-0.0416,=10.0229,=0.7912,=6.0524,=7.9780,=8.7017,=10.0620,=15.8114,=1.0415,=0.5919,=0.6924,=0.9060,=1.0117,=1.1579,=1.7191,=1.3850,=0.7517,=0.8066,=1.0051,=1.0987,=1.4384,=2.0876,=0.0338,=0.2341,=0.0200,=0.0332,=0.0381,=0.0443,=0.0600,,=0.1052,,=93
="HSCEI",恒生中国企业指数,1994-08-08,=0.0105,=8533.8400,=-0.0426,=10.0599,=0.7928,=6.0524,=7.9821,=8.7100,=10.0985,=15.8114,=1.0438,=0.5938,=0.6924,=0.9059,=1.0130,=1.1595,=1.7191,=1.3886,=0.7517,=0.8066,=1.0058,=1.0989,=1.4423,=2.0876,=0.0337,=0.2344,=0.0200,=0.0331,=0.0381,=0.0444,=0.0600,,=0.1052,,=4770
="980092",自由现金流,2012-12-28,=0.0032,=5155.0800,=-0.0432,=13.9451,=0.7356,=11.1075,=12.2428,=12.9515,=14.3554,=16.4362,=1.4474,=0.1194,=1.2604,=1.4850,=1.5755,=1.6526,=1.8134,=0.9108,=0.3454,=0.7577,=0.8679,=0.9368,=0.9775,=1.0805,=0.0346,=0.2196,=0.0287,=0.0344,=0.0369,=0.0388,=0.0437,=0.0285,=0.1047,=0.0263,=1593
="H30356",800价值,2014-06-09,=0.0094,=6357.7588,=-0.0434,=9.6852,=0.7083,=6.4024,=7.7145,=9.0666,=9.9393,=13.4784,=0.9664,=0.4733,=0.7030,=0.8643,=0.9831,=1.1647,=1.6287,=1.0861,=0.8055,=0.5868,=0.7416,=0.8860,=1.0825,=1.3738,=0.0381,=0.4533,=0.0239,=0.0337,=0.0386,=0.0475,=0.0589,=0.0232,=0.0908,=0.0237,=34
="000683",科创生物,2022-05-09,=0.0011,=1025.8100,=-0.0435,=83.3893,=0.0860,=31.4909,=145.6150,=1751.8232,=-214.6765,=97054.3385,=6.2500,=0.7648,=4.0903,=4.9122,=5.4620,=6.4014,=7.9611,=9.6455,=0.3069,=7.6079,=9.2303,=10.3107,=11.4365,=14.1963,=0.0027,=0.0908,=0.0025,=0.0030,=0.0046,=0.0061,=0.0086,=0.0094,=0.0457,=0.0035,=70
="000021",180治理,2008-09-10,=0.0071,=1040.6200,=-0.0437,=10.9304,=0.8849,=6.3364,=8.4357,=9.7479,=10.6130,=13.6109,=1.1353,=0.6260,=0.7542,=0.9755,=1.0947,=1.2154,=1.5847,=1.4495,=0.9666,=0.6625,=0.8519,=0.9540,=1.1530,=1.4979,=0.0371,=0.5328,=0.0241,=0.0330,=0.0366,=0.0448,=0.0548,=0.0243,=0.0995,=0.0258,=168
="932367",500现金流,2024-11-12,=0.0106,=3496.4988,=-0.0445,=19.3924,=0.8713,=12.7635,=14.1253,=17.0475,=18.9491,=20.8865,=1.5509,=0.0943,=1.4139,=1.6283,=1.7412,=1.9759,=2.3672,=0.9347,=0.1149,=0.8544,=0.9969,=1.2260,=1.2833,=1.4394,=0.0309,=0.4000,=0.0247,=0.0290,=0.0316,=0.0367,=0.0403,=0.0308,=0.1139,=0.0305,=128
="931526",企业核心竞争力50,2020-08-24,=0.0040,=1251.0486,=-0.0457,=14.0706,=0.0117,=13.8510,=17.0436,=22.5743,=29.8053,=51.8267,=1.7149,=0.0103,=1.6745,=2.2574,=4.0341,=6.7502,=10.8733,=2.0263,=0.3393,=0.9066,=1.5220,=3.4158,=4.4941,=7.9459,=0.0274,=0.8269,=0.0072,=0.0118,=0.0173,=0.0266,=0.0352,=0.0371,=0.1485,=0.0461,=101
="931484",CS医药创新,2020-05-06,=-0.0037,=1381.0700,=-0.0475,=23.6466,=0.1834,=18.2098,=24.0976,=27.3939,=43.7429,=86.1757,=4.2913,=0.1142,=3.3236,=4.5191,=5.3656,=11.2617,=17.5605,=5.3860,=0.1782,=3.7485,=5.4828,=6.3617,=11.2664,=20.8272,=0.0154,=0.6482,=0.0021,=0.0045,=0.0134,=0.0166,=0.0269,=0.0424,=0.1752,=0.0382,=406
="000978",医药100,2011-03-18,=0.0029,=9933.2246,=-0.0475,=31.8335,=0.3798,=23.7467,=28.9111,=33.6583,=37.6585,=66.4077,=3.1113,=0.1126,=2.6475,=3.2343,=4.1679,=5.0232,=7.8052,=2.9166,=0.3670,=2.0946,=2.6763,=3.1154,=3.6588,=5.9820,=0.0154,=0.8462,=0.0050,=0.0071,=0.0094,=0.0149,=0.0209,=0.0280,=0.0911,=0.0286,=4726
="399398",绩效指数,2012-11-19,=0.0036,=10088.0500,=-0.0480,=17.7268,=0.4008,=9.4274,=11.8853,=18.3600,=21.6274,=36.1591,=3.3123,=0.3852,=1.3709,=1.7900,=3.5798,=4.3854,=6.4752,=3.2295,=0.7233,=1.5825,=2.2383,=2.9170,=3.4328,=5.0073,=0.0366,=0.7369,=0.0140,=0.0234,=0.0323,=0.0374,=0.0430,=0.0495,=0.1771,=0.0433,=23
="932368",800现金流,2024-12-11,=0.0049,=4863.3989,=-0.0490,=14.5501,=0.8430,=9.9108,=10.8505,=11.9393,=14.3884,=15.6891,=1.9661,=0.9614,=1.4048,=1.5422,=1.7242,=1.8959,=2.0110,=1.6542,=0.9783,=1.0036,=1.1082,=1.3317,=1.4447,=1.6811,=0.0342,=0.0676,=0.0311,=0.0353,=0.0418,=0.0467,=0.0553,=0.0283,=0.1177,=0.0451,=245
="000909",300材料,2007-07-02,=0.0190,=3893.3621,=-0.0502,=16.8712,=0.4033,=10.2722,=14.5958,=18.1486,=24.3438,=847.2188,=2.5798,=0.8268,=1.4655,=1.7365,=2.0141,=2.4995,=3.8763,=1.2573,=0.8297,=0.6983,=0.8432,=0.9916,=1.2384,=1.9427,=0.0202,=0.4866,=0.0057,=0.0142,=0.0204,=0.0243,=0.0291,=0.0473,=0.1225,=0.0288,=20
="H30171",运输指数,2013-07-15,=0.0062,=1535.2264,=-0.0507,=17.0887,=0.3454,=14.1889,=16.3565,=17.9517,=25.3479,=51.4445,=1.3020,=0.0823,=1.1914,=1.3501,=1.5003,=1.6850,=2.3737,=0.6847,=0.3906,=0.5217,=0.6290,=0.8191,=1.1893,=1.9196,=0.0281,=0.6614,=0.0111,=0.0149,=0.0201,=0.0303,=0.0375,=0.0207,=0.0585,=0.0181,=95
="399373",大盘价值,2010-01-04,=0.0065,=8135,=-0.0512,=8.8747,=0.6808,=5.4746,=6.8623,=8.3403,=9.1146,=11.9914,=0.9092,=0.4594,=0.6410,=0.8033,=0.9354,=1.1374,=1.5001,=1.1915,=0.9010,=0.5920,=0.7817,=0.9283,=1.1473,=1.4541,=0.0408,=0.3707,=0.0275,=0.0369,=0.0428,=0.0526,=0.0641,=0.0236,=0.0939,=0.0248,=336
="980015",疫苗生科,2015-02-16,=0.0126,=5961.6600,=-0.0516,=45.4297,=0.5695,=24.1714,=31.2604,=43.1306,=53.5557,=80.8207,=3.8281,=0.3473,=2.9980,=3.5802,=4.0917,=6.3815,=11.0606,=6.6854,=0.5608,=4.5746,=5.4948,=6.4548,=8.7600,=15.0694,=0.0100,=0.5116,=0.0026,=0.0055,=0.0099,=0.0133,=0.0175,=0.0223,=0.0693,=0.0219,=75
="000945",内地运输,2009-10-28,=0.0057,=1401.3548,=-0.0517,=16.9553,=0.2977,=13.9394,=16.4433,=19.2449,=27.8199,=72.7429,=1.3502,=0.0878,=1.2245,=1.4025,=1.5537,=1.7724,=2.4452,=0.7750,=0.4231,=0.5140,=0.6447,=0.8920,=1.3559,=1.9188,=0.0293,=0.6606,=0.0105,=0.0141,=0.0179,=0.0327,=0.0436,=0.0219,=0.0581,=0.0167,=83
="HSMI",恒生综合中型股指数,2001-10-03,=0.0081,=4722.7500,=-0.0521,=14.4644,=0.7550,=7.1837,=9.6369,=11.3159,=14.7543,=19.0737,=1.2191,=0.7802,=0.6229,=0.7817,=1.0105,=1.2298,=1.5312,=0.9768,=0.9244,=0.4186,=0.5568,=0.6725,=0.8226,=1.0938,=0.0303,=0.3742,=0.0208,=0.0280,=0.0329,=0.0427,=0.0675,,,,=162
="931375",300质量低波,2019-11-25,=0.0092,=16062.7562,=-0.0528,=10.3792,=0.4182,=6.4946,=8.1703,=10.9717,=13.5297,=22.0532,=1.3926,=0.4560,=0.8054,=1.0886,=1.5214,=2.0495,=3.3245,=2.6812,=0.9957,=1.0044,=1.3377,=1.6866,=2.1049,=2.7563,=0.0315,=0.2814,=0.0151,=0.0279,=0.0349,=0.0402,=0.0521,=0.0279,=0.1211,=0.0298,=115
="399020",创业小盘,2023-11-15,=-0.0047,=1681.9200,=-0.0539,=105.6291,=0.2982,=48.5170,=82.6203,=143.1706,=211.6619,=256.8495,=3.3512,=0.5668,=1.8521,=2.4673,=3.2410,=3.7815,=4.3734,=3.3015,=0.5549,=1.9895,=2.5850,=3.2018,=3.7879,=4.2999,=0.0061,=0.1855,=0.0050,=0.0061,=0.0068,=0.0082,=0.0109,=0.0115,=0.0199,=0.0104,=13
="930851",云计算,2016-07-20,=-0.0033,=6127.2174,=-0.0549,=59.3734,=0.3326,=37.0632,=53.1089,=68.3535,=96.0413,=313.0672,=7.4493,=0.9393,=2.7148,=3.6094,=4.3193,=5.4852,=9.9453,=4.7948,=0.9122,=1.6839,=2.4310,=3.1347,=3.8140,=6.4649,=0.0033,=0.3288,=0.0021,=0.0031,=0.0037,=0.0050,=0.0080,=0.0301,=0.0896,=0.0112,=483
="931588",1000价值稳健,2020-11-09,=0.0071,=33794.0900,=-0.0572,=18.7695,=0.5275,=12.8074,=16.7538,=18.5158,=20.5365,=25.6024,=1.3562,=0.3502,=1.0253,=1.2793,=1.4270,=1.5586,=1.9102,=0.7790,=0.9530,=0.4756,=0.5555,=0.6296,=0.7087,=0.8427,=0.0266,=0.6563,=0.0168,=0.0207,=0.0251,=0.0290,=0.0392,=0.0162,=0.0641,=0.0212,=109
="HSCGSI",恒生消费指数,2015-08-17,=0.0066,=2432.8700,=-0.0576,=14.7825,=0.0195,=13.5420,=17.7549,=20.3482,=46.9799,=191.0166,=2.5233,=0.4449,=1.6557,=2.1683,=2.5823,=3.0646,=4.3429,=1.3499,=0.2909,=0.9965,=1.2702,=1.5540,=1.8502,=2.9413,=0.0439,=0.9744,=0.0097,=0.0178,=0.0253,=0.0323,=0.0488,,=0.1743,,=884
="000901",小康指数,2010-04-02,=0.0094,=5975.9000,=-0.0580,=10.8116,=0.4520,=8.5492,=9.9918,=10.9122,=12.5401,=15.5671,=1.0420,=0.0977,=0.9488,=1.0792,=1.2105,=1.4149,=1.7818,=1.0349,=0.7093,=0.7500,=0.8929,=0.9790,=1.0556,=1.2662,=0.0340,=0.6693,=0.0175,=0.0252,=0.0296,=0.0364,=0.0436,=0.0231,=0.0878,=0.0238,=258
="000029",180价值,2009-01-09,=0.0092,=4191.2700,=-0.0588,=8.3466,=0.7390,=5.6894,=6.9075,=7.8729,=8.5069,=10.8138,=0.8406,=0.4000,=0.6666,=0.8014,=0.8565,=1.0632,=1.4433,=1.1325,=0.9163,=0.6198,=0.7825,=0.9447,=1.0739,=1.4032,=0.0392,=0.1872,=0.0290,=0.0396,=0.0429,=0.0522,=0.0634,=0.0228,=0.0896,=0.0243,=559
="931024",港股通非银,2017-11-06,=0.0239,=4038.0340,=-0.0612,=6.9827,=0.0037,=6.7549,=8.4608,=10.9276,=13.3087,=22.4310,=1.0289,=0.4772,=0.6237,=0.8529,=1.0409,=1.2206,=1.7592,=1.2295,=0.7969,=0.5870,=0.8773,=1.0197,=1.2310,=2.2002,=0.0401,=0.7646,=0.0165,=0.0269,=0.0346,=0.0413,=0.0611,,=0.1344,,=217
="932365",中证现金流,2024-12-11,=0.0075,=4944.0579,=-0.0615,=14.6775,=0.8309,=10.1873,=10.9910,=12.2283,=14.5799,=15.8261,=1.6639,=0.2174,=1.4661,=1.6570,=1.7619,=1.8772,=2.0150,=0.9137,=0.1014,=0.8463,=1.1408,=1.3732,=1.5081,=1.6205,=0.0356,=0.1739,=0.0305,=0.0359,=0.0415,=0.0471,=0.0550,=0.0286,=0.1155,=0.0394,=733
="932431",300质量,2025-03-18,=0.0065,=1920.3815,=-0.0616,=10.8211,=0.9831,=9.4685,=9.9955,=10.1596,=10.3998,=11.0156,=1.1671,=0.9576,=1.0616,=1.1036,=1.1298,=1.1486,=1.1879,=2.2974,=0.9605,=2.0194,=2.1516,=2.2047,=2.2552,=2.3386,=0.0335,=0.0085,=0.0331,=0.0357,=0.0373,=0.0392,=0.0487,=0.0253,=0.1012,=0.0271,=17
="930598",稀土产业,2015-03-02,=0.0027,=2633.0115,=-0.0619,=31.2002,=0.2915,=21.1133,=29.2013,=39.2798,=68.2951,=235.0768,=2.9768,=0.7732,=1.4810,=1.9699,=2.3148,=3.0438,=4.3047,=1.3802,=0.6487,=0.6656,=0.9718,=1.1868,=1.6425,=2.1537,=0.0108,=0.9439,=0.0025,=0.0048,=0.0068,=0.0094,=0.0135,=0.0350,=0.0883,=0.0227,=754
="931027",港股通大消费,2017-11-06,=0.0094,=2926.3376,=-0.0622,=24.9321,=0.4952,=14.6383,=20.4732,=25.1108,=51.4707,=105.3721,=2.7695,=0.1585,=2.2514,=2.8423,=3.2303,=4.3184,=9.1499,=1.6168,=0.3676,=1.0973,=1.4422,=1.7537,=2.4784,=5.7985,=0.0208,=0.6909,=0.0056,=0.0113,=0.0178,=0.0230,=0.0323,,=0.1064,,=50
="000925",基本面50,2009-02-26,=0.0074,=4329.4876,=-0.0625,=9.7971,=0.6907,=6.2635,=7.9688,=9.1805,=10.0957,=12.7955,=1.0293,=0.4705,=0.7306,=0.9013,=1.0453,=1.1921,=1.5728,=1.0845,=0.7559,=0.6037,=0.7864,=0.9667,=1.1049,=1.4866,=0.0367,=0.4173,=0.0256,=0.0338,=0.0376,=0.0468,=0.0563,=0.0227,=0.0882,=0.0241,=4563
="HSML25",恒生中国(香港上市)30指数,2003-01-20,=0.0095,=8864.7400,=-0.0632,=9.6869,=0.6384,=5.7712,=7.9406,=9.1227,=10.2891,=13.0207,=1.0612,=0.4417,=0.7256,=0.9442,=1.0796,=1.2097,=1.5098,=1.7447,=0.8009,=0.9123,=1.1615,=1.4549,=1.7434,=2.4187,=0.0345,=0.3251,=0.0247,=0.0321,=0.0368,=0.0450,=0.0643,,=0.1051,,=270
="930838",CS高股息,2016-06-08,=0.0053,=6743.2482,=-0.0659,=18.0877,=0.5278,=10.7704,=14.2530,=17.7886,=22.5023,=29.5345,=3.4778,=0.7971,=1.8272,=2.3324,=2.8242,=3.4933,=5.4603,=3.3088,=0.6652,=1.6703,=2.0490,=2.5045,=3.7457,=5.1335,=0.0275,=0.5402,=0.0136,=0.0201,=0.0266,=0.0363,=0.0519,=0.0550,=0.1877,=0.0570,=175
="399806",环境治理,2014-07-21,=0.0099,=1295.3900,=-0.0660,=27.7075,=0.3988,=17.0172,=24.3835,=29.0799,=35.3368,=50.8764,=1.6896,=0.3456,=1.1727,=1.6033,=1.7655,=2.1871,=4.4901,=1.8117,=0.1823,=1.3064,=1.8304,=2.0687,=2.6198,=5.9378,=0.0169,=0.8800,=0.0037,=0.0084,=0.0106,=0.0155,=0.0215,=0.0205,=0.0536,=0.0189,=853
="931645",1000红利,2024-03-15,,,=-0.0660,=15.8022,=0.9024,=11.2896,=12.4812,=13.8747,=15.2304,=18.1886,=1.1399,=0.2778,=0.9871,=1.1289,=1.1887,=1.2421,=1.3469,=0.7293,=0.3721,=0.5734,=0.6795,=0.7508,=0.8114,=0.8871,=0.0345,=0.3199,=0.0305,=0.0339,=0.0362,=0.0408,=0.0471,=0.0179,=0.0646,=0.0199,=26
="930651",CS计算机,2015-06-05,=0.0010,=7240.9536,=-0.0662,=38.7925,=0.0433,=33.6687,=44.1654,=56.1111,=66.8037,=115.0591,=4.4835,=0.5423,=2.6283,=3.7942,=4.3706,=5.0872,=6.5144,=2.7739,=0.1188,=2.0877,=2.9045,=3.5738,=4.2690,=5.5248,=0.0110,=0.9493,=0.0028,=0.0059,=0.0071,=0.0091,=0.0156,=0.0244,=0.0892,=0.0073,=667
="931247",中证信创,2012-12-21,=-0.0073,=1366.5267,=-0.0664,=53.9634,=0,=53.9634,=99.7517,=191.9112,=272.1142,=369.3964,=5.4213,=0.6806,=2.7947,=3.5352,=4.7343,=6.0283,=7.8335,=4.3688,=0.5638,=2.8203,=3.4294,=4.1813,=4.9558,=6.1894,=0.0038,=0.2801,=0.0029,=0.0036,=0.0042,=0.0052,=0.0076,=0.0271,=0.0400,=0.0016,=105
="000063",上证周期,2010-02-03,=0.0127,=3777,=-0.0691,=8.9388,=0.6384,=5.4761,=7.1362,=8.5953,=9.4385,=12.4946,=0.9487,=0.4895,=0.6668,=0.8368,=0.9526,=1.1036,=1.4831,=1.5486,=0.9122,=0.8113,=1.0636,=1.2494,=1.4561,=1.7571,=0.0366,=0.2726,=0.0252,=0.0351,=0.0386,=0.0518,=0.0626,=0.0245,=0.0975,=0.0256,=210
="H30590",机器人,2015-02-10,=-0.0038,=1772.7324,=-0.0710,=53.2643,=0.5662,=24.1742,=42.0198,=50.8648,=63.2897,=89.9138,=4.3397,=0.7658,=2.1765,=2.8831,=3.6950,=4.4486,=6.0751,=4.2165,=0.7806,=1.6011,=2.4247,=3.4042,=4.2976,=5.4887,=0.0078,=0.7720,=0.0045,=0.0055,=0.0069,=0.0079,=0.0128,=0.0149,=0.0720,=0.0144,=947
="000052",50基本,2012-01-09,=0.0081,=2800.3400,=-0.0739,=11.3623,=0.7369,=8.3126,=9.6677,=10.5363,=11.5646,=15.1108,=1.2527,=0.5596,=1.0245,=1.1706,=1.2394,=1.3328,=1.6471,=1.6119,=0.9790,=0.8665,=1.0185,=1.1383,=1.2976,=1.6553,=0.0316,=0.3971,=0.0238,=0.0291,=0.0329,=0.0398,=0.0497,=0.0249,=0.1007,=0.0262,=28
="H30192",食品,2013-07-15,=0.0001,=5243.6539,=-0.0745,=26.9469,=0.0946,=20.6226,=29.7776,=33.1929,=39.1175,=57.5971,=2.6358,=0.0499,=2.3545,=2.9471,=4.5254,=5.7744,=10.5214,=1.5122,=0.0737,=1.2567,=1.6367,=2.3274,=2.8892,=4.8526,=0.0283,=0.9646,=0.0092,=0.0145,=0.0193,=0.0242,=0.0308,=0.0337,=0.0826,=0.0319,=22
="HSMSI",恒生综合中小型股指数,2015-06-08,=0.0069,=2732.3500,=-0.0751,=15.7304,=0.8041,=7.2058,=10.0582,=12.4551,=15.7025,=18.8438,=1.1471,=0.7188,=0.6157,=0.7686,=1.0042,=1.2090,=1.4952,=0.8709,=0.8403,=0.4020,=0.5319,=0.6807,=0.8474,=1.0389,=0.0301,=0.3852,=0.0199,=0.0271,=0.0325,=0.0412,=0.0630,,,,=161
="399995",基建工程,2015-03-12,=0.0112,=3610.1100,=-0.0759,=9.9490,=0.7563,=5.8673,=7.3439,=8.2792,=10.5337,=18.8590,=0.6460,=0.0214,=0.5815,=0.7198,=0.8890,=1.2727,=2.1834,=0.1823,=0.2425,=0.1368,=0.1784,=0.2025,=0.3242,=0.5478,=0.0280,=0.7452,=0.0106,=0.0193,=0.0247,=0.0289,=0.0415,=0.0129,=0.0543,=0.0158,=2695
="000988",全指工业,2011-08-02,=0.0067,=3805.6970,=-0.0781,=24.2976,=0.5118,=13.7285,=19.3778,=24.0551,=28.9410,=37.6625,=1.9089,=0.4181,=1.3866,=1.6512,=2.0044,=2.3919,=2.7728,=0.8917,=0.4845,=0.5551,=0.7455,=0.8991,=1.0531,=1.3765,=0.0175,=0.7262,=0.0076,=0.0095,=0.0141,=0.0193,=0.0256,=0.0185,=0.0650,=0.0170,=238
="H30095",医药红利,2013-07-02,,,=-0.0782,=17.2437,=0.2064,=14.6474,=17.2200,=19.6408,=27.0110,=34.8020,=1.6860,=0.0665,=1.4797,=1.7774,=2.4286,=3.0979,=4.2060,=0.9638,=0.1689,=0.7612,=0.9868,=1.5058,=1.9959,=2.8268,=0.0369,=0.9829,=0.0116,=0.0175,=0.0226,=0.0306,=0.0398,=0.0293,=0.1019,=0.0311,=101
="000930",中证工业,2009-07-03,=0.0082,=3232.1957,=-0.0784,=21.7608,=0.6194,=13.1747,=16.3715,=20.2819,=23.8509,=30.4087,=1.7946,=0.4326,=1.3752,=1.5614,=1.8515,=2.1187,=2.6342,=0.8455,=0.7080,=0.5311,=0.6373,=0.7618,=0.8868,=1.0502,=0.0192,=0.7410,=0.0090,=0.0114,=0.0160,=0.0203,=0.0262,=0.0191,=0.0679,=0.0169,=325
="399295",创价值,2019-01-23,=0.0037,=4970.4700,=-0.0789,=33.5075,=0.4011,=20.8863,=26.9889,=39.6030,=56.4808,=73.8741,=6.4471,=0.5929,=3.7254,=4.6122,=5.8931,=8.9881,=11.5385,=4.8230,=0.4451,=2.5684,=3.4997,=5.3661,=9.1025,=12.8251,=0.0120,=0.6707,=0.0033,=0.0050,=0.0074,=0.0150,=0.0218,=0.0387,=0.1758,=0.0398,=611
="000806",消费服务,2012-02-10,=0.0050,=7758.5283,=-0.0789,=10.1409,=0.2355,=9.0076,=10.0697,=10.8064,=11.8704,=17.0971,=1.0874,=0.0775,=1.0009,=1.1889,=1.3446,=1.5460,=2.0145,=2.2685,=0.6878,=1.6526,=1.9528,=2.1369,=2.3803,=3.0032,=0.0351,=0.7757,=0.0198,=0.0244,=0.0295,=0.0354,=0.0497,=0.0246,=0.1002,=0.0266,=427
="000048",责任指数,2009-08-05,=0.0084,=1357.9600,=-0.0797,=11.9765,=0.8144,=7.8628,=9.5548,=10.5483,=11.8911,=14.1982,=1.3350,=0.6021,=0.9056,=1.1404,=1.2956,=1.4393,=1.7866,=1.1807,=0.9984,=0.5718,=0.6942,=0.8010,=0.9342,=1.1907,=0.0376,=0.6243,=0.0223,=0.0283,=0.0319,=0.0399,=0.0469,=0.0224,=0.0991,=0.0247,=133
="1000009",深圳B股,1994-01-10,=-0.0031,=1163.3800,=-0.0801,=-90.8711,=1,=6.5509,=10.0230,=16.2476,=23.6075,=61.4680,=0.7455,=0.5344,=0.5585,=0.6590,=0.7320,=0.9168,=1.4530,=0.4581,=0.4008,=0.3544,=0.4194,=0.4768,=0.6158,=1.0969,=0.0347,=0.3905,=0.0205,=0.0268,=0.0369,=0.0449,=0.0610,,=0.0028,=0.0115,=203
="000968",300周期,2010-05-28,,,=-0.0809,=9.5596,=0.6371,=6.1174,=7.8172,=9.1332,=10.2832,=13.3562,=0.9727,=0.4445,=0.7021,=0.8484,=0.9956,=1.1663,=1.5550,=1.5862,=0.9060,=0.8459,=1.0834,=1.2644,=1.5081,=1.8297,=0.0349,=0.3856,=0.0230,=0.0321,=0.0360,=0.0470,=0.0569,=0.0243,=0.0922,=0.0244,=103
="000018",180金融,2007-12-10,=0.0135,=5452.9600,=-0.0821,=7.4335,=0.4701,=5.2016,=6.4287,=7.5006,=8.3012,=10.8609,=0.7799,=0.3608,=0.5902,=0.6965,=0.8555,=1.0607,=1.4199,=2.2408,=0.8256,=1.2355,=1.5824,=1.9629,=2.2156,=2.8772,=0.0383,=0.4107,=0.0246,=0.0353,=0.0392,=0.0493,=0.0636,=0.0229,=0.0959,=0.0245,=779
="000934",中证金融,2009-07-03,=0.0157,=5750.7300,=-0.0827,=8.1588,=0.5291,=5.7083,=6.8944,=8.0968,=8.8714,=11.5527,=0.7961,=0.3258,=0.6117,=0.7181,=0.8893,=1.1345,=1.5017,=2.1655,=0.8594,=1.1467,=1.4503,=1.8023,=2.0989,=2.6696,=0.0363,=0.4590,=0.0232,=0.0331,=0.0366,=0.0445,=0.0593,=0.0220,=0.0873,=0.0231,=1160
="H11054",装备产业,2009-07-22,=0.0077,=2667.7418,=-0.0830,=30.6633,=0.4571,=15.6342,=24.7249,=31.9329,=38.3792,=58.0282,=2.8303,=0.5983,=1.6944,=2.1312,=2.6264,=3.3067,=5.1308,=1.9608,=0.5697,=1.2119,=1.4901,=1.8899,=2.3422,=3.6241,=0.0144,=0.7966,=0.0051,=0.0080,=0.0115,=0.0145,=0.0207,=0.0221,=0.0859,=0.0174,=48
="399266",创新能源,2022-09-29,=0.0132,=3247.8200,=-0.0833,=26.1980,=0.4063,=16.2861,=20.9516,=27.2758,=33.1429,=48.5339,=4.0966,=0.5143,=2.6837,=3.2209,=4.0192,=4.9444,=6.9087,=2.7832,=0.5979,=1.5028,=1.9530,=2.5965,=3.4808,=4.6740,=0.0150,=0.6677,=0.0024,=0.0067,=0.0124,=0.0167,=0.0211,=0.0402,=0.1508,=0.0347,=6
="000992",全指金融,2011-08-02,=0.0158,=5487.6200,=-0.0836,=8.3110,=0.5167,=5.9310,=7.1022,=8.2740,=9.0288,=11.6339,=0.7961,=0.3245,=0.6188,=0.7234,=0.8918,=1.1443,=1.5107,=2.1588,=0.8590,=1.1568,=1.4432,=1.8064,=2.0924,=2.6668,=0.0359,=0.4854,=0.0229,=0.0327,=0.0361,=0.0437,=0.0581,=0.0217,=0.0846,=0.0227,=2713
="000910",300工业,2007-07-02,=0.0073,=2317.5616,=-0.0836,=18.9800,=0.5324,=12.1074,=14.2223,=18.6689,=21.7368,=26.7473,=1.6265,=0.3662,=1.2960,=1.5013,=1.7581,=2.0927,=2.8598,=0.7587,=0.6231,=0.4726,=0.5803,=0.7120,=0.8049,=1.0995,=0.0216,=0.7526,=0.0079,=0.0123,=0.0179,=0.0223,=0.0295,=0.0196,=0.0738,=0.0177,=17
="399324",深证红利,2006-01-24,=0.0042,=8376.2200,=-0.0847,=18.6291,=0.8685,=11.7065,=14.6181,=15.8384,=17.9343,=23.4132,=2.8817,=0.8928,=1.2884,=1.9036,=2.2238,=2.5301,=3.7254,=1.8975,=0.6920,=1.1033,=1.3622,=1.7524,=1.9654,=2.8578,=0.0327,=0.7509,=0.0151,=0.0225,=0.0278,=0.0353,=0.0452,=0.0424,=0.1345,=0.0450,=5231
="000914",300金融,2007-07-02,=0.0145,=6142.6000,=-0.0856,=7.8799,=0.5179,=5.2769,=6.6022,=7.8391,=8.6017,=11.3863,=0.7863,=0.3344,=0.5962,=0.7048,=0.8774,=1.1224,=1.4919,=2.1600,=0.8503,=1.1210,=1.4310,=1.8122,=2.1077,=2.7052,=0.0372,=0.4713,=0.0235,=0.0340,=0.0376,=0.0467,=0.0618,=0.0223,=0.0897,=0.0236,=347
="000827",中证环保,2012-09-25,=0.0123,=1702.3000,=-0.0865,=29.9727,=0.5757,=14.0379,=21.0113,=28.2441,=35.5499,=50.6551,=2.6208,=0.4239,=1.7878,=2.2200,=2.7845,=3.3836,=5.4589,=2.6243,=0.4660,=1.6068,=2.0649,=2.7149,=3.2326,=6.2202,=0.0174,=0.6841,=0.0061,=0.0097,=0.0149,=0.0192,=0.0249,=0.0211,=0.0761,=0.0181,=6273
="931752",工程机械主题,2021-09-27,=-0.0028,=2299.5166,=-0.0878,=21.3755,=0.5059,=13.6456,=18.5245,=21.3210,=24.3346,=27.9581,=1.9717,=0.6857,=1.2593,=1.5775,=1.7295,=2.1216,=2.6511,=1.1874,=0.7118,=0.7133,=0.9172,=1.0224,=1.2904,=1.6462,=0.0229,=0.8605,=0.0151,=0.0190,=0.0207,=0.0222,=0.0284,=0.0241,=0.0958,=0.0272,=111
="932369",1000现金流,2024-11-12,,,=-0.0898,=18.1456,=0.3862,=16.0705,=17.6904,=18.4196,=19.3366,=21.4836,=1.5346,=0.2000,=1.4251,=1.5346,=1.6401,=1.7524,=1.8728,=0.9054,=0.2598,=0.8034,=0.8904,=1.0066,=1.0628,=1.3230,=0.0263,=0.2345,=0.0230,=0.0261,=0.0271,=0.0286,=0.0311,=0.0245,=0.0821,=0.0237,=61
="399807",高铁产业,2015-01-20,=0.0091,=1126.2400,=-0.0934,=12.2096,=0.3666,=9.4881,=11.2215,=12.7627,=14.9630,=24.3532,=0.7699,=0.0153,=0.7241,=0.9140,=1.0232,=1.4381,=2.3973,=0.3923,=0.3163,=0.3063,=0.3760,=0.4199,=0.4639,=0.6435,=0.0301,=0.9237,=0.0090,=0.0146,=0.0237,=0.0280,=0.0348,=0.0121,=0.0541,=0.0137,=598
="000818",细分金融,2012-04-11,,,=-0.0941,=7.5682,=0.4676,=5.2356,=6.4974,=7.6851,=8.4810,=10.9951,=0.7919,=0.3485,=0.5930,=0.7010,=0.8723,=1.0827,=1.4303,=2.3009,=0.8346,=1.2689,=1.6354,=2.0039,=2.2659,=2.9111,=0.0375,=0.5014,=0.0239,=0.0331,=0.0375,=0.0471,=0.0625,=0.0231,=0.0956,=0.0246,=11
="000977",内地低碳,2011-01-21,=0.0124,=1886.8633,=-0.0948,=28.4067,=0.5885,=13.7595,=20.8967,=26.8104,=35.4182,=50.3864,=2.7128,=0.4107,=1.9264,=2.3844,=2.8698,=3.6471,=6.0727,=2.7066,=0.4561,=1.6847,=2.2202,=2.8169,=3.3634,=6.7765,=0.0186,=0.7612,=0.0061,=0.0100,=0.0158,=0.0194,=0.0258,=0.0220,=0.0823,=0.0200,=396
="931672",风电产业,2021-04-29,=0.0078,=1594.3943,=-0.0949,=32.3588,=0.8691,=16.8665,=21.1648,=24.3224,=29.8443,=45.5856,=1.8303,=0.3958,=1.3490,=1.6850,=1.9795,=2.4522,=3.5946,=2.2224,=0.5221,=1.4458,=1.8954,=2.1689,=2.6976,=3.3215,=0.0121,=0.5492,=0.0064,=0.0084,=0.0116,=0.0154,=0.0206,=0.0166,=0.0571,=0.0184,=65
="931573",HKC科技,2014-05-21,=0.0119,=2929.7218,=-0.0954,=26.7350,=0.4126,=18.3272,=24.3148,=28.1956,=39.5596,=82.7075,=3.0012,=0.2170,=2.3269,=2.9646,=3.3265,=4.1942,=10.6583,=1.9541,=0.1913,=1.5041,=1.9685,=2.2877,=3.3417,=8.3359,=0.0096,=0.9401,=0.0015,=0.0040,=0.0065,=0.0088,=0.0111,,=0.1200,,=310
="930641",中证中药,2015-05-19,=0.0067,=8594.9620,=-0.0967,=22.5299,=0.0994,=17.1921,=23.9636,=28.7022,=32.8246,=45.5431,=2.0339,=0.0173,=1.8142,=2.4572,=2.9129,=3.5039,=4.0837,=2.2002,=0.0252,=1.9582,=2.4318,=2.7986,=3.4426,=4.5776,=0.0380,=0.9876,=0.0073,=0.0128,=0.0164,=0.0259,=0.0421,=0.0326,=0.0928,=0.0347,=916
="H30217",医疗器械,2013-07-15,=0.0006,=8850.7506,=-0.0985,=37.8497,=0.4437,=17.1055,=29.5762,=39.4138,=56.3672,=80.6195,=2.6839,=0.0206,=2.4731,=3.2124,=4.7340,=6.5700,=11.6091,=4.8249,=0.0565,=4.1030,=5.3305,=6.0174,=8.0990,=13.3528,=0.0150,=0.7447,=0.0035,=0.0052,=0.0077,=0.0156,=0.0236,=0.0184,=0.0626,=0.0209,=1352
="931755",SEEE碳中和,2021-10-21,=0.0135,=1892.3654,=-0.0989,=22.5170,=0.6325,=13.4966,=17.5202,=21.4215,=24.8294,=29.4214,=2.3118,=0.4474,=1.7561,=1.9707,=2.3742,=2.7124,=3.9105,=1.4476,=0.7711,=0.8856,=1.0413,=1.2347,=1.4715,=2.3046,=0.0189,=0.5632,=0.0102,=0.0151,=0.0180,=0.0219,=0.0256,=0.0267,=0.0916,=0.0211,=145
="980028",龙头家电,2015-02-16,=-0.0032,=11335.4600,=-0.0995,=14.2591,=0.3866,=11.8600,=13.7103,=14.5597,=18.3956,=31.1013,=2.5154,=0.0670,=2.2513,=2.6409,=2.8882,=3.6437,=5.1202,=1.2666,=0.3634,=0.9787,=1.2041,=1.3246,=1.4715,=2.2318,=0.0448,=0.9624,=0.0174,=0.0268,=0.0333,=0.0400,=0.0472,=0.0430,=0.1789,=0.0477,=189
="931412",证券公司30,2020-02-20,=0.0269,=1461.2739,=-0.1013,=12.3280,=0.0006,=12.3162,=15.9558,=18.4909,=22.5283,=36.9291,=1.2779,=0.2241,=1.0327,=1.2662,=1.4404,=1.6951,=2.4365,=5.0580,=0.2090,=3.9462,=5.0392,=5.5687,=6.6956,=9.6353,=0.0245,=0.9817,=0.0091,=0.0147,=0.0169,=0.0213,=0.0256,=0.0228,=0.0861,=0.0218,=38
="H30178",医疗保健,2013-07-15,=0.0009,=12180.6622,=-0.1027,=37.8234,=0.3258,=19.5848,=32.8016,=44.8071,=64.7113,=123.2936,=2.7395,=0.0202,=2.5190,=3.3475,=5.5014,=7.2918,=12.4381,=4.5134,=0.0210,=4.1521,=5.3620,=6.1724,=8.1023,=14.2518,=0.0145,=0.7662,=0.0029,=0.0041,=0.0062,=0.0149,=0.0219,=0.0196,=0.0653,=0.0216,=564
="399814",大农业,2014-07-22,=0.0070,=1075.2100,=-0.1033,=28.9364,=0.5410,=17.8693,=23.4731,=28.0144,=32.4891,=111.7688,=2.7836,=0.0870,=2.4368,=2.9125,=3.2566,=4.3740,=6.4483,=1.5366,=0.2491,=1.2031,=1.4984,=1.8057,=2.3352,=3.7145,=0.0248,=0.9229,=0.0100,=0.0141,=0.0172,=0.0230,=0.0287,=0.0257,=0.1209,=0.0380,=779
="980027",新能源电池,2015-02-16,=0.0131,=3024.7700,=-0.1047,=24.6623,=0.4679,=16.8641,=21.1750,=25.0241,=30.4611,=35.7610,=4.0211,=0.6272,=2.5249,=3.0415,=3.4900,=4.4186,=5.0827,=2.6735,=0.6452,=1.4888,=1.9132,=2.4178,=3.2423,=3.8612,=0.0168,=0.6118,=0.0052,=0.0082,=0.0153,=0.0185,=0.0213,=0.0376,=0.1513,=0.0348,=116
="930697",家用电器,2015-07-07,=0.0009,=11447.7569,=-0.1049,=16.0648,=0.3167,=12.0193,=15.4243,=16.9787,=19.8234,=32.1495,=2.5077,=0.1019,=2.2889,=2.6547,=3.2082,=3.9701,=5.2226,=1.2430,=0.3509,=0.9879,=1.1843,=1.2961,=1.6199,=2.3694,=0.0391,=0.9699,=0.0137,=0.0223,=0.0267,=0.0336,=0.0418,=0.0370,=0.1413,=0.0419,=1747
="931798",光伏龙头30,2009-06-16,=0.0115,=1860.5031,=-0.1061,=27.3188,=0.5720,=8.0886,=17.2411,=24.1376,=37.6614,=66.5518,=2.1944,=0.3728,=1.6869,=2.0262,=2.4217,=4.5878,=8.3847,=2.2893,=0.6730,=0.9999,=1.3481,=1.7200,=3.0761,=5.7040,=0.0117,=0.5386,=0.0027,=0.0059,=0.0111,=0.0206,=0.0351,=0.0172,=0.0745,=0.0196,=203
="931442",SHS科技100,2020-04-21,=0.0050,=9610.1707,=-0.1063,=18.5391,=0.4207,=11.6240,=15.1210,=19.3842,=24.4951,=40.7731,=2.6194,=0.4928,=1.5813,=1.9769,=2.6327,=4.0025,=6.9092,=1.7476,=0.4953,=1.0913,=1.4380,=1.7580,=2.5326,=5.0819,=0.0154,=0.5744,=0.0042,=0.0090,=0.0137,=0.0221,=0.0322,,=0.1199,,=32
="399975",证券公司,2013-07-15,=0.0275,=761.4900,=-0.1069,=13.3742,=0.0004,=13.3394,=18.7096,=21.4877,=26.4841,=46.0250,=1.2931,=0.1922,=1.0494,=1.2993,=1.5390,=1.8475,=2.4199,=5.3274,=0.1435,=4.0997,=5.4655,=6.3253,=7.4089,=10.0865,=0.0228,=0.9464,=0.0082,=0.0129,=0.0150,=0.0201,=0.0244,=0.0211,=0.0810,=0.0201,=9896
="931574",港股科技,2013-05-21,=0.0099,=1565.1365,=-0.1077,=26.5929,=0.4800,=16.3025,=22.8988,=26.9360,=42.7281,=59.3282,=2.7849,=0.3816,=1.8790,=2.5309,=2.9427,=3.5717,=8.1693,=1.6906,=0.2126,=1.3201,=1.6789,=1.9661,=2.8172,=5.7490,=0.0106,=0.8952,=0.0011,=0.0031,=0.0071,=0.0100,=0.0126,,=0.1080,,=277
="000963",中证下游,2010-04-16,,,=-0.1080,=22.9003,=0.3093,=17.2626,=22.2745,=25.2322,=33.1012,=51.0836,=2.2508,=0.0219,=2.0766,=2.5678,=3.0583,=3.4358,=5.6334,=1.4968,=0.0882,=1.2209,=1.6059,=1.7567,=2.0795,=3.4797,=0.0286,=0.9538,=0.0087,=0.0135,=0.0161,=0.0264,=0.0315,=0.0267,=0.0958,=0.0301,=32
="930614",环保50,2015-04-07,=0.0145,=2047.4150,=-0.1084,=28.4067,=0.5984,=13.7595,=20.5125,=26.8035,=35.1194,=50.3864,=2.7128,=0.4049,=1.9059,=2.3842,=2.8846,=3.6683,=6.0727,=2.7066,=0.4425,=1.6847,=2.2438,=2.8711,=3.3746,=6.6309,=0.0186,=0.6903,=0.0061,=0.0100,=0.0160,=0.0201,=0.0258,=0.0222,=0.0831,=0.0199,=210
="000812",细分机械,2012-04-11,=0.0087,=6853.1645,=-0.1091,=27.4474,=0.3938,=14.1771,=22.0432,=31.4295,=39.8639,=51.3583,=2.9066,=0.6210,=1.6005,=2.1653,=2.5309,=3.4006,=5.3964,=1.9479,=0.6181,=1.1287,=1.4635,=1.7344,=2.2906,=3.5603,=0.0168,=0.7996,=0.0047,=0.0079,=0.0118,=0.0168,=0.0237,=0.0226,=0.0835,=0.0173,=207
="399437",证券龙头,2014-12-30,=0.0278,=6060.9200,=-0.1102,=12.6818,=0.0004,=12.6800,=17.3597,=19.9992,=25.0411,=43.0253,=1.2978,=0.2073,=1.0547,=1.2946,=1.5198,=1.8029,=2.3633,=5.1822,=0.1513,=3.9970,=5.3429,=6.2016,=7.2524,=9.5068,=0.0239,=0.9654,=0.0092,=0.0139,=0.0161,=0.0209,=0.0262,=0.0223,=0.0851,=0.0215,=722
="931454",港股通消费,2020-03-06,=0.0087,=1369.6359,=-0.1106,=14.7131,=0.0301,=13.3496,=20.3445,=26.8874,=36.1998,=64.7193,=2.5070,=0.0376,=2.2532,=3.1427,=3.6291,=5.0863,=8.9519,=1.3269,=0.0301,=1.1976,=1.9076,=2.3714,=3.5514,=6.6047,=0.0446,=0.9586,=0.0043,=0.0072,=0.0119,=0.0152,=0.0498,,=0.1670,,=409
="931733",绿色能源,2021-08-19,=0.0119,=4650.1401,=-0.1111,=29.2561,=0.4066,=12.7308,=19.2912,=32.3438,=41.2610,=65.3510,=3.1006,=0.3679,=2.3311,=2.7958,=3.4928,=5.3969,=8.0150,=2.0606,=0.3926,=1.3651,=1.7983,=2.2835,=4.1971,=7.5185,=0.0162,=0.5802,=0.0043,=0.0070,=0.0150,=0.0213,=0.0259,=0.0248,=0.0932,=0.0189,=31
="931402",证券先锋,2020-01-14,=0.0272,=1851.9799,=-0.1119,=13.2711,=0.0006,=13.2354,=17.2482,=20.7081,=25.6727,=41.4692,=1.2956,=0.2190,=1.0487,=1.2872,=1.4510,=1.7444,=2.4715,=5.3167,=0.2009,=4.0917,=5.3161,=5.8986,=7.0458,=10.0278,=0.0230,=0.9669,=0.0081,=0.0134,=0.0150,=0.0203,=0.0246,=0.0214,=0.0819,=0.0203,=97
="932152",港股通成长策略,2025-04-30,=0.0100,=1175.6584,=-0.1125,=17.8280,=0.1503,=16.5252,=18.0316,=18.6845,=21.0319,=22.5567,=2.2870,=0.1258,=2.1900,=2.3257,=2.6939,=2.8151,=3.0449,=1.6968,=0.0460,=1.6549,=1.8261,=2.0503,=2.2096,=2.3595,=0.0211,=0.8712,=0.0152,=0.0180,=0.0194,=0.0209,=0.0248,,=0.1305,,=13
="931021",家电龙头,2017-10-17,=0.0010,=16028.7849,=-0.1127,=15.0039,=0.3694,=11.3343,=14.2734,=15.7081,=19.2436,=31.7589,=2.5694,=0.1555,=2.3641,=2.6269,=3.0373,=3.8956,=5.4650,=1.2378,=0.5114,=0.8457,=1.1185,=1.2345,=1.4798,=2.4102,=0.0415,=0.9694,=0.0135,=0.0213,=0.0286,=0.0360,=0.0436,=0.0396,=0.1676,=0.0453,=40
="930771",CS新能源,2015-12-16,,,=-0.1127,=32.2826,=0.4273,=11.2377,=23.3402,=34.4874,=44.9117,=62.8342,=2.5724,=0.3969,=1.7615,=2.1642,=2.8548,=3.8883,=7.2156,=2.1667,=0.4778,=1.2791,=1.6725,=2.2207,=3.0641,=6.6822,=0.0139,=0.7566,=0.0028,=0.0058,=0.0094,=0.0155,=0.0247,=0.0221,=0.0668,=0.0165,=36
="950096",上海国企,2016-05-11,=0.0125,=1341.4514,=-0.1134,=13.2167,=0.6000,=8.9055,=11.0343,=12.5701,=15.1974,=16.5992,=1.0656,=0.4144,=0.7269,=0.8713,=1.1191,=1.4371,=1.9662,=1.1517,=0.8157,=0.5842,=0.6832,=0.8501,=1.1435,=1.2890,=0.0231,=0.3249,=0.0177,=0.0207,=0.0257,=0.0281,=0.0334,=0.0189,=0.0761,=0.0213,=174
="931487",SHS人工智能50,2020-05-06,=0.0052,=1948.4319,=-0.1146,=29.7463,=0.3889,=18.6614,=25.6982,=31.8105,=37.0293,=66.0883,=4.8195,=0.5466,=3.0781,=4.0591,=4.6779,=6.3197,=10.5947,=5.4547,=0.5736,=3.3555,=4.5138,=5.2154,=6.7835,=9.5096,=0.0061,=0.5598,=0.0019,=0.0035,=0.0058,=0.0075,=0.0094,,=0.1427,,=84
="930902",中证数据,2016-10-18,=-0.0019,=2821.0537,=-0.1154,=101.9667,=0.6836,=37.6891,=57.3385,=79.0377,=121.2772,=366.0842,=3.9780,=0.4841,=2.4001,=3.4297,=4.0021,=4.6652,=5.5171,=2.7058,=0.1127,=2.0473,=2.8777,=3.3624,=4.1528,=7.0542,=0.0043,=0.7467,=0.0020,=0.0030,=0.0036,=0.0047,=0.0091,=0.0025,=0.0339,=0.0011,=252
="000941",新能源,2009-10-28,=0.0140,=2275.3579,=-0.1160,=22.4081,=0.2792,=10.2578,=20.0248,=28.6219,=37.3047,=57.4660,=2.9462,=0.4944,=1.8262,=2.2548,=2.9539,=3.8432,=8.1424,=2.4835,=0.6351,=1.2704,=1.5650,=2.2651,=2.9648,=7.0320,=0.0169,=0.7744,=0.0031,=0.0063,=0.0104,=0.0183,=0.0268,=0.0322,=0.1201,=0.0313,=2479
="HSSCNE",恒生港股通新经济指数,2018-01-08,=0.0114,=3795.5400,=-0.1166,=24.3516,=0.5357,=15.8046,=20.8018,=23.9945,=28.3544,=53.5009,=2.7183,=0.4313,=1.7963,=2.2574,=2.8202,=3.4616,=6.9059,=1.9179,=0.4144,=1.4023,=1.7314,=1.9912,=2.5474,=5.3019,=0.0107,=0.4948,=0.0041,=0.0086,=0.0108,=0.0166,=0.0252,,=0.1278,,=205
="000069",消费80,2010-05-28,=-0.0002,=4334,=-0.1171,=22.5810,=0.2474,=16.4356,=22.3056,=24.9042,=33.0497,=60.5019,=2.9671,=0.1010,=2.4642,=3.1938,=3.5466,=4.8097,=7.6372,=1.8025,=0.4153,=1.0743,=1.5188,=1.9152,=2.7436,=3.8795,=0.0270,=0.9736,=0.0078,=0.0117,=0.0183,=0.0234,=0.0296,=0.0378,=0.1324,=0.0420,=944
="399412",国证新能,2014-05-16,=0.0114,=2613.0400,=-0.1174,=30.5780,=0.5951,=13.6858,=20.0843,=25.1305,=40.0619,=66.6027,=2.8071,=0.5423,=1.6349,=2.2652,=2.7229,=3.9698,=7.3016,=1.8123,=0.6107,=0.7993,=1.1878,=1.5719,=2.5873,=5.3757,=0.0142,=0.4548,=0.0032,=0.0058,=0.0151,=0.0184,=0.0274,=0.0217,=0.0862,=0.0211,=364
="931139",CS消费50,2019-03-20,=-0.0025,=14071.7015,=-0.1180,=17.7608,=0.1895,=14.9525,=17.9323,=23.7681,=30.0254,=47.8630,=3.2831,=0.0366,=2.8552,=3.9774,=5.3051,=7.0296,=12.5456,=2.1293,=0.0227,=1.9104,=2.5668,=3.1003,=4.4479,=9.1270,=0.0427,=0.9607,=0.0083,=0.0161,=0.0216,=0.0362,=0.0484,=0.0528,=0.1922,=0.0638,=2239
="980032",新能电池,2015-02-17,=0.0102,=13877.6000,=-0.1186,=23.8204,=0.2504,=14.3994,=22.4660,=30.0964,=80.1269,=130.4039,=3.5395,=0.2865,=2.4545,=3.3555,=4.2397,=7.6280,=11.8091,=1.8894,=0.3314,=1.1163,=1.6939,=2.2323,=4.8585,=7.8642,=0.0134,=0.7330,=0.0011,=0.0019,=0.0084,=0.0155,=0.0224,=0.0362,=0.1357,=0.0304,=758
="399365",国证粮食,2009-11-04,=0.0055,=11925.2400,=-0.1198,=22.3297,=0.2986,=13.3311,=20.2221,=26.8402,=35.2364,=54.5886,=2.0888,=0.2210,=1.6393,=2.0561,=4.0855,=6.4747,=11.3501,=0.8442,=0.2437,=0.5961,=0.8004,=3.1249,=4.6104,=8.7065,=0.0195,=0.7204,=0.0080,=0.0130,=0.0163,=0.0211,=0.0308,=0.0232,=0.0838,=0.0244,=83
="930608",中证基建,2015-03-31,=0.0092,=7456.8655,=-0.1213,=10.2497,=0.4631,=6.6667,=8.6208,=10.4284,=13.2459,=25.2863,=0.7144,=0.0198,=0.6550,=0.8070,=1.0933,=1.4097,=2.2134,=0.2164,=0.1786,=0.1701,=0.2190,=0.3322,=0.4593,=0.7101,=0.0299,=0.8590,=0.0095,=0.0178,=0.0214,=0.0291,=0.0388,=0.0141,=0.0583,=0.0170,=663
="931371",品牌消费100,2019-11-25,,,=-0.1216,=17.6376,=0.2390,=14.6106,=17.2777,=21.7594,=30.5844,=41.6881,=3.1660,=0.0384,=2.8278,=3.6755,=4.4472,=6.5034,=9.5576,=2.1062,=0.2030,=1.7483,=2.1044,=2.6297,=3.8591,=5.3339,=0.0434,=0.9707,=0.0095,=0.0157,=0.0229,=0.0371,=0.0479,=0.0505,=0.1847,=0.0654,=9
="931151",光伏产业,2019-04-22,=0.0128,=2504.0156,=-0.1238,=-520.7580,=0.8962,=9.5087,=20.7977,=38.4470,=95.6412,=2491.4939,=2.0593,=0.3186,=1.5562,=1.9290,=2.5985,=4.4588,=6.9801,=1.8261,=0.5036,=0.8897,=1.2511,=1.8204,=3.1658,=5.9137,=0.0085,=0.4722,=0.0030,=0.0055,=0.0090,=0.0197,=0.0300,=0.0016,=0.0012,=0.0005,=2749
="000949",中证农业,2009-10-28,=0.0064,=5056.9698,=-0.1266,=57.6554,=0.8981,=14.4444,=21.2919,=29.1169,=36.9276,=1184.8568,=2.5019,=0.2012,=2.0719,=2.4997,=3.2585,=4.0480,=5.2895,=1.3354,=0.2676,=0.8980,=1.1771,=1.7142,=2.0301,=2.8101,=0.0162,=0.4482,=0.0077,=0.0144,=0.0165,=0.0190,=0.0257,=0.0068,=0.0985,=0.0327,=1069
="399966",800证保,2012-12-21,=0.0256,=5768.4300,=-0.1277,=9.1728,=0.0016,=8.9920,=13.5296,=15.9948,=19.7375,=27.1945,=1.2737,=0.1563,=1.0619,=1.2977,=1.5881,=2.0345,=2.4366,=1.7786,=0.4977,=1.1634,=1.5249,=1.7802,=2.0457,=2.5211,=0.0285,=0.9381,=0.0122,=0.0160,=0.0213,=0.0243,=0.0329,=0.0247,=0.1256,=0.0286,=185
="H30588",中证证保,2015-02-02,=0.0256,=979.4304,=-0.1278,=9.1762,=0.0016,=8.9968,=13.4901,=16.0870,=19.5891,=27.6808,=1.2722,=0.1542,=1.0752,=1.2979,=1.5924,=2.0322,=2.4238,=1.7809,=0.5130,=1.1673,=1.5178,=1.7709,=2.0128,=2.5500,=0.0285,=0.9414,=0.0121,=0.0160,=0.0213,=0.0242,=0.0328,=0.0246,=0.1254,=0.0286,=483
="930746",港中小企,2015-08-26,=0.0083,=2344.4441,=-0.1283,=19.4775,=0.8574,=7.8499,=11.1083,=14.2675,=18.3151,=36.0739,=0.9545,=0.3976,=0.6829,=0.8307,=1.0709,=1.2269,=1.6951,=0.6850,=0.5061,=0.3939,=0.5280,=0.6823,=0.8172,=1.1520,=0.0371,=0.5655,=0.0210,=0.0272,=0.0336,=0.0436,=0.0585,,=0.0299,,=212
="399994",信息安全,2015-03-12,=0.0003,=1588.5300,=-0.1287,=54.7518,=0.2561,=35.0629,=52.9188,=67.0359,=85.7906,=183.5630,=3.4122,=0.2334,=2.3256,=3.3600,=3.8564,=4.4638,=6.2767,=2.5462,=0.0462,=2.1829,=2.8559,=3.2335,=3.8075,=5.1182,=0.0135,=0.9616,=0.0023,=0.0036,=0.0058,=0.0097,=0.0172,=0.0078,=0.0539,=0.0040,=93
="399417",新能源车,2014-09-24,=0.0096,=3375.4500,=-0.1323,=24.5783,=0.3666,=14.2186,=20.9718,=29.8504,=55.4460,=106.6289,=3.3909,=0.4759,=1.6630,=2.3823,=3.4449,=4.4577,=9.6468,=1.8489,=0.4990,=0.6730,=1.0543,=1.8494,=2.4375,=6.6041,=0.0137,=0.5802,=0.0016,=0.0053,=0.0123,=0.0183,=0.0316,=0.0339,=0.1319,=0.0293,=2442
="931479",证券保险,2020-05-06,=0.0253,=922.0027,=-0.1324,=8.5563,=0.0052,=8.3667,=11.6525,=13.3063,=15.4503,=21.1012,=1.2484,=0.2536,=1.0296,=1.2201,=1.3694,=1.5577,=2.2844,=1.6279,=0.6330,=1.0318,=1.2779,=1.4690,=1.7804,=2.2879,=0.0304,=0.8911,=0.0162,=0.0225,=0.0251,=0.0290,=0.0357,=0.0256,=0.1317,=0.0302,=57
="931239",港股通汽车,2022-07-21,=0.0042,=2004.0973,=-0.1332,=27.0483,=0.8903,=12.1049,=14.3699,=17.2175,=25.8862,=32.0714,=2.8074,=0.8570,=1.2076,=1.4395,=1.6063,=2.7135,=3.5989,=1.3970,=0.7990,=0.6024,=0.6872,=0.7630,=1.3983,=1.7776,=0.0137,=0.1862,=0.0091,=0.0143,=0.0202,=0.0227,=0.0338,,=0.1152,,=53
="931719",CS电池,2013-07-15,=0.0131,=3685.5172,=-0.1332,=24.1152,=0.1278,=15.7007,=26.2519,=38.6146,=63.4491,=121.8822,=3.6846,=0.4379,=1.9771,=2.9292,=3.9074,=5.7588,=11.8941,=2.4426,=0.3736,=1.2782,=2.0990,=2.9799,=4.5476,=9.5565,=0.0155,=0.8586,=0.0012,=0.0035,=0.0068,=0.0125,=0.0220,=0.0377,=0.1370,=0.0297,=577
="931747",中证储能,2021-10-15,,,=-0.1341,=24.2399,=0.3044,=16.6670,=22.2781,=27.4755,=52.4063,=124.6415,=3.9586,=0.2035,=3.1109,=3.9515,=4.6128,=6.8933,=12.5394,=2.0570,=0.3921,=1.2712,=1.7272,=2.2470,=3.7222,=8.7019,=0.0149,=0.7298,=0.0008,=0.0019,=0.0122,=0.0159,=0.0191,=0.0355,=0.1665,=0.0400,=143
="931663",SHS消费龙头,2015-03-13,=0.0050,=1759.8634,=-0.1344,=19.3995,=0.1569,=14.4278,=20.0169,=26.5405,=37.1075,=57.5191,=2.9225,=0.0226,=2.5314,=3.4028,=4.3132,=6.1379,=13.5979,=1.8365,=0.1667,=1.3592,=1.8794,=2.3931,=3.4214,=7.5123,=0.0297,=0.9286,=0.0069,=0.0133,=0.0170,=0.0254,=0.0421,,=0.1411,,=233
="931456",中国教育,2020-04-21,=0.0026,=1048.5550,=-0.1345,=29.1398,=0.0018,=28.7201,=54.8313,=92.2084,=-136.7794,=28609.2511,=2.7072,=0.3765,=1.5831,=2.4466,=2.9340,=3.7825,=9.7545,=2.6522,=0.1701,=1.7011,=2.7333,=3.3459,=4.6728,=11.2012,=0.0082,=0.5045,=0.0035,=0.0060,=0.0082,=0.0098,=0.0209,,=0.0593,,=179
="399808",中证新能,2015-02-10,=0.0136,=2433.8300,=-0.1354,=32.2826,=0.4115,=11.2377,=23.4990,=35.6247,=45.6329,=62.8342,=2.5724,=0.3827,=1.7615,=2.1712,=2.8986,=3.8504,=7.2277,=2.1667,=0.4594,=1.2791,=1.6778,=2.2404,=3.0254,=6.6822,=0.0139,=0.7666,=0.0029,=0.0058,=0.0092,=0.0152,=0.0247,=0.0221,=0.0668,=0.0165,=1324
="399976",CS新能车,2014-11-28,=0.0101,=3835.9900,=-0.1411,=24.5865,=0.2342,=13.8890,=22.9016,=34.0818,=62.1175,=231.2544,=3.2956,=0.2565,=2.0896,=3.0970,=3.8359,=6.2213,=11.9870,=1.8600,=0.2396,=0.7703,=1.7976,=2.2936,=4.1916,=9.1824,=0.0125,=0.7744,=0.0014,=0.0031,=0.0075,=0.0134,=0.0276,=0.0343,=0.1248,=0.0265,=2029
="000036",上证消费,2009-01-09,=0.0008,=9316.2000,=-0.1415,=19.8602,=0.0264,=17.8817,=22.6640,=31.6716,=40.5919,=69.3963,=4.4341,=0.0969,=3.7240,=5.2318,=6.5399,=9.2057,=14.9810,=4.2305,=0.2326,=1.9092,=4.0514,=4.8722,=7.3411,=10.9001,=0.0391,=0.9856,=0.0071,=0.0114,=0.0157,=0.0308,=0.0429,=0.0773,=0.2393,=0.0858,=2332
="H30035",300非银,2012-12-21,=0.0236,=9553.7613,=-0.1434,=8.6779,=0.0012,=8.4740,=12.7079,=15.1605,=19.3628,=26.3489,=1.2632,=0.1563,=1.0544,=1.2965,=1.6030,=2.0411,=2.4387,=1.6372,=0.4532,=1.0410,=1.4185,=1.6977,=1.9729,=2.3917,=0.0297,=0.9241,=0.0124,=0.0164,=0.0222,=0.0259,=0.0352,=0.0253,=0.1294,=0.0297,=1259
="932246",储能电池,2022-07-08,,,=-0.1450,=23.6192,=0.2727,=13.3190,=21.4002,=26.4386,=33.1408,=40.1514,=3.7464,=0.6201,=2.3139,=2.6931,=3.2874,=4.4493,=5.1292,=2.4627,=0.5812,=1.3666,=1.7015,=2.3067,=3.2821,=3.7523,=0.0168,=0.5390,=0.0111,=0.0132,=0.0165,=0.0200,=0.0231,=0.0403,=0.1439,=0.0321,=76
="930910",农牧渔,2016-12-12,=0.0002,=8522.7825,=-0.1453,=-142.0338,=0.8697,=13.2246,=20.9258,=30.0332,=95.6766,=30031.8592,=2.3050,=0.0677,=1.9495,=2.4817,=2.9346,=3.6319,=4.9084,=1.0167,=0.1214,=0.8679,=1.0643,=1.4713,=2.0514,=2.7290,=0.0158,=0.7010,=0.0042,=0.0098,=0.0137,=0.0176,=0.0261,=-0.0088,=0.0664,=0.0304,=22
="931068",消费龙头,2018-11-21,=-0.0013,=10826.5920,=-0.1455,=17.4290,=0.1434,=15.0591,=18.1858,=22.7976,=29.8874,=44.3922,=3.2265,=0.0276,=2.8729,=4.1073,=4.6911,=6.5462,=10.3805,=2.0258,=0.0579,=1.8019,=2.5255,=3.2478,=4.0786,=7.0508,=0.0400,=0.9639,=0.0085,=0.0161,=0.0211,=0.0332,=0.0451,=0.0518,=0.2083,=0.0600,=2402
="399812",养老产业,2014-06-06,=0.0039,=5408,=-0.1458,=10.7144,=0.0041,=10.3086,=17.5269,=20.2887,=25.3815,=31.4367,=1.7616,=0.0416,=1.5864,=2.0326,=2.7910,=3.2414,=4.2954,=1.4245,=0.1588,=1.2170,=1.4506,=1.6758,=1.8719,=2.5548,=0.0272,=0.9666,=0.0096,=0.0132,=0.0172,=0.0244,=0.0306,=0.0294,=0.1459,=0.0345,=6278
="399804",中证体育,2015-02-09,=-0.0004,=1693.2700,=-0.1463,=24.0467,=0.1274,=17.8349,=25.1677,=30.6990,=43.2741,=84.6918,=2.8107,=0.2709,=2.0588,=2.7255,=3.1791,=3.7610,=5.5714,=2.4456,=0.3080,=1.7235,=2.3137,=2.8308,=3.9130,=7.1775,=0.0204,=0.7975,=0.0037,=0.0073,=0.0123,=0.0204,=0.0296,=0.0257,=0.0922,=0.0231,=306
="931783",智能驾驶,2022-02-21,,,=-0.1467,=37.3311,=0.0756,=31.9944,=39.7646,=46.3024,=68.1689,=98.5983,=2.9878,=0.0601,=2.5981,=3.3030,=3.5576,=3.9472,=4.9384,=1.6185,=0.1230,=1.3276,=1.7136,=1.9253,=2.1178,=2.7953,=0.0096,=0.9918,=0.0048,=0.0063,=0.0071,=0.0082,=0.0101,=0.0149,=0.0928,=0.0256,=22
="HSSI",恒生综合小型股指数,2001-10-03,=0.0027,=1339.7900,=-0.1469,=22.4815,=0.6973,=7.3220,=11.0801,=16.3973,=26.2521,=83.7574,=0.9539,=0.4559,=0.5652,=0.7236,=0.9705,=1.1648,=1.4185,=0.6349,=0.3921,=0.3459,=0.4531,=0.6884,=0.9203,=1.2872,=0.0293,=0.4559,=0.0167,=0.0231,=0.0303,=0.0353,=0.0478,,,,=126
="930997",新能源车,2017-07-19,=0.0103,=2590.9072,=-0.1470,=24.7040,=0.3017,=14.0460,=20.4824,=31.5117,=71.5249,=171.6022,=3.3011,=0.4161,=1.7502,=2.4289,=3.6333,=6.0168,=11.4567,=1.8660,=0.3939,=0.7652,=1.2127,=2.1368,=3.8899,=8.7389,=0.0126,=0.6061,=0.0014,=0.0031,=0.0109,=0.0182,=0.0289,=0.0346,=0.1243,=0.0266,=1985
="000912",300消费,2007-07-02,=-0.0007,=17657.1988,=-0.1489,=22.2338,=0.1988,=17.5697,=22.2495,=28.6958,=38.6920,=71.0374,=3.7133,=0.0404,=3.2494,=4.6699,=6.3986,=8.3233,=13.2137,=2.9064,=0.0771,=1.9809,=3.1977,=4.1912,=5.5033,=9.3193,=0.0418,=0.9777,=0.0078,=0.0128,=0.0188,=0.0292,=0.0471,=0.0602,=0.1878,=0.0812,=789
="931697",消费50策略,2021-07-12,=0.0006,=7238.9189,=-0.1491,=19.8054,=0.4103,=16.4104,=18.4784,=20.7699,=31.2067,=38.9422,=2.9971,=0.0515,=2.6840,=3.5035,=3.8549,=5.1854,=7.0736,=1.6119,=0.0684,=1.4635,=1.7445,=1.9178,=2.8416,=3.5305,=0.0361,=0.9541,=0.0120,=0.0158,=0.0243,=0.0318,=0.0403,=0.0408,=0.1608,=0.0542,=64
="930662",CS现代农,2015-07-13,=0.0003,=910.5682,=-0.1498,=-2102.3194,=0.9076,=13.0417,=20.6934,=28.7587,=61.4439,=301.1137,=2.3298,=0.1005,=1.8555,=2.5034,=2.8290,=3.1372,=4.3308,=1.0141,=0.1950,=0.8273,=1.0161,=1.1572,=1.5470,=2.1026,=0.0171,=0.8152,=0.0046,=0.0099,=0.0129,=0.0167,=0.0291,=-0.0091,=0.0850,=0.0345,=58
="930794",中美互联网,2016-04-22,,,=-0.1506,=19.5001,=0.0038,=19.0583,=27.8971,=32.4687,=38.0931,=50.5410,=5.1335,=0.1175,=3.5920,=5.5874,=6.5716,=7.5414,=9.2259,=4.5784,=0.3710,=2.2940,=3.8795,=4.8597,=5.5740,=7.0802,=0.0027,=0.6152,=0.0004,=0.0006,=0.0017,=0.0033,=0.0053,,=0.2458,,=436
="000911",300可选,2007-07-02,=0.0006,=5612.6021,=-0.1516,=18.4797,=0.5254,=11.4175,=16.2611,=18.2639,=24.5366,=45.8432,=1.9467,=0.0272,=1.7502,=2.2617,=2.5367,=3.0218,=4.4626,=0.8816,=0.0915,=0.7162,=0.9488,=1.0952,=1.3297,=2.0518,=0.0289,=0.9402,=0.0117,=0.0177,=0.0226,=0.0264,=0.0325,=0.0241,=0.1159,=0.0309,=34
="HSSCITI",恒生港股通科技主题指数,2023-07-01,=0.0090,=2472.2900,=-0.1518,=24.0408,=0.5472,=15.2810,=21.3377,=23.7703,=26.9039,=33.8690,=2.5975,=0.1242,=2.1914,=2.6923,=2.9160,=3.3942,=4.1810,=2.1592,=0.5213,=1.5305,=1.8508,=2.1362,=2.7074,=3.5648,=0.0095,=0.8965,=0.0061,=0.0075,=0.0084,=0.0091,=0.0106,,=0.1204,,=88
="000692",科创新能,2023-04-03,=0.0070,=979.6100,=-0.1538,=-58.8687,=0.6553,=13.9124,=18.9955,=146.1341,=-45.0578,=279.8956,=2.3121,=0.5279,=1.4486,=1.8101,=2.2277,=2.7908,=4.0229,=1.4827,=0.5400,=0.8667,=1.1675,=1.4507,=1.9015,=2.6157,=0.0044,=0.0874,=0.0030,=0.0054,=0.0162,=0.0205,=0.0318,=-0.0018,=-0.0642,=-0.0138,=44
="931845",生猪产业,2012-04-11,,,=-0.1550,=-82.2681,=0.8874,=12.7881,=21.1629,=29.0076,=104.1904,=705.7713,=2.6599,=0.0672,=2.2394,=2.8706,=3.4431,=4.0828,=5.7536,=0.9721,=0.0829,=0.8323,=1.0270,=1.6175,=2.1461,=2.8287,=0.0195,=0.7353,=0.0091,=0.0130,=0.0172,=0.0209,=0.0316,=-0.0154,=0.0788,=0.0361,=164
="931746",储能产业,2015-06-11,=0.0123,=3120.4457,=-0.1562,=27.9126,=0.3535,=12.7536,=19.7639,=32.0858,=41.3705,=70.6293,=3.1169,=0.3851,=2.2823,=2.7424,=3.3754,=4.9907,=8.8670,=2.0186,=0.4851,=1.1513,=1.5016,=2.0350,=3.1330,=6.6557,=0.0138,=0.6105,=0.0020,=0.0044,=0.0128,=0.0169,=0.0220,=0.0195,=0.0831,=0.0177,=162
="930707",中证畜牧,2015-07-13,=0,=1861.5568,=-0.1567,=-81.6678,=0.8726,=11.3375,=17.7937,=26.9244,=114.5721,=237.1331,=2.3619,=0.0396,=1.9910,=2.6630,=3.2683,=4.1661,=5.8838,=0.9569,=0.0911,=0.8185,=1.0256,=1.4133,=2.0430,=2.9452,=0.0172,=0.6887,=0.0033,=0.0096,=0.0143,=0.0214,=0.0303,=-0.0138,=0.0829,=0.0347,=1234
="931946",畜牧养殖,2023-07-28,=-0.0016,=634.6067,=-0.1569,=115.8616,=0.8875,=14.8058,=16.6121,=24.8106,=42.7422,=702.5962,=2.5070,=0.1661,=2.1724,=2.5483,=2.6704,=2.7843,=3.1405,=1.0300,=0.2266,=0.8870,=1.0247,=1.0910,=1.1344,=1.2139,=0.0254,=0.4118,=0.0155,=0.0201,=0.0270,=0.0304,=0.0347,=0.0043,=0.0943,=0.0400,=15
="H11052",智能电车,2009-07-22,=0.0115,=3575.0439,=-0.1577,=24.9885,=0.1707,=16.1153,=26.1243,=32.7822,=63.3646,=148.6443,=3.3916,=0.2804,=2.6129,=3.1950,=3.8829,=5.5107,=9.7804,=1.7043,=0.2503,=1.2507,=1.6563,=2.0380,=3.2736,=6.6252,=0.0123,=0.8487,=0.0021,=0.0035,=0.0091,=0.0112,=0.0189,=0.0316,=0.1293,=0.0281,=199
="399809",保险主题,2015-02-13,=0.0179,=2246.3500,=-0.1580,=7.5601,=0.3637,=5.4537,=6.8114,=10.1925,=15.0245,=22.8725,=0.8287,=0.3592,=0.6352,=0.7647,=1.2062,=1.4858,=1.9794,=2.2038,=0.9423,=0.5239,=0.8688,=1.0970,=1.7789,=2.3772,=0.0379,=0.6285,=0.0120,=0.0209,=0.0304,=0.0488,=0.0686,=0.0227,=0.1015,=0.0246,=1517
="931404",SHS品牌消费50,2020-02-20,=0.0067,=2267.9086,=-0.1597,=16.3556,=0.0382,=15.2551,=18.1999,=21.4282,=29.8597,=52.1290,=3.8264,=0.0419,=3.2381,=4.5415,=5.2308,=7.2246,=13.2899,=3.2567,=0.2621,=2.1582,=3.1793,=4.0160,=6.3401,=12.0094,=0.0259,=0.7937,=0.0048,=0.0095,=0.0174,=0.0261,=0.0383,,=0.2165,,=141
="000942",内地消费,2009-10-28,=-0.0003,=8583.5097,=-0.1603,=20.3768,=0.4033,=14.4412,=18.7398,=21.7495,=33.3379,=52.6356,=2.6278,=0.0247,=2.3718,=3.1171,=3.6914,=5.0424,=7.7211,=1.4198,=0.1456,=1.1096,=1.4982,=1.7720,=2.5493,=4.1228,=0.0346,=0.9744,=0.0093,=0.0147,=0.0214,=0.0284,=0.0381,=0.0371,=0.1426,=0.0493,=772
="HSSCT",恒生港股通中国科技指数,2020-02-01,=0.0100,=6291.7800,=-0.1612,=24.1419,=0.4363,=15.0039,=21.9679,=24.7495,=31.8731,=55.7647,=2.5862,=0.1551,=1.8368,=2.6345,=3.0130,=4.6141,=8.0840,=2.1621,=0.3906,=1.1354,=1.8445,=2.3180,=3.1872,=6.0217,=0.0094,=0.8881,=0.0020,=0.0040,=0.0071,=0.0089,=0.0108,,=0.1201,,=102
="HSTECH",恒生科技指数,2020-07-01,=0.0082,=4626.1500,=-0.1613,=24.5905,=0.4436,=14.7293,=21.8229,=25.8139,=41.9179,=73.7725,=2.4817,=0.2695,=1.7280,=2.3921,=2.7724,=3.7378,=8.3408,=1.5991,=0.0807,=1.2545,=1.7053,=2.0207,=3.1354,=6.6932,=0.0121,=0.9406,=0.0010,=0.0021,=0.0060,=0.0109,=0.0135,,=0.1207,,=7424
="930653",CS食品饮,2015-06-05,=-0.0005,=12634.2084,=-0.1629,=21.6339,=0.1122,=17.6031,=22.6852,=31.2780,=38.3114,=65.8842,=3.4390,=0.0198,=3.1030,=4.4068,=5.7100,=7.1300,=12.9907,=3.1887,=0.0161,=2.9247,=3.8073,=4.7671,=5.8503,=11.4166,=0.0392,=0.9872,=0.0078,=0.0127,=0.0179,=0.0309,=0.0425,=0.0615,=0.1583,=0.0705,=916
="987008",港股通科技,2021-03-08,,,=-0.1630,=25.9642,=0.4003,=16.3992,=24.0491,=27.0395,=33.6116,=63.8758,=2.6131,=0.0556,=2.3408,=2.9167,=3.3979,=3.9391,=8.4842,=2.1563,=0.0430,=1.9337,=2.5639,=2.9688,=3.8220,=8.7605,=0.0072,=0.7620,=0.0015,=0.0033,=0.0059,=0.0073,=0.0093,,=0.0980,,=95
="399959",军工指数,2011-08-30,=0.0050,=1519.5500,=-0.1630,=45.1242,=0.1096,=34.5950,=50.2641,=60.1230,=71.8228,=156.6364,=2.7383,=0.2337,=2.0269,=2.6519,=3.2416,=4.0005,=5.9912,=2.4522,=0.0594,=2.1044,=2.6712,=3.2809,=3.8610,=5.2606,=0.0073,=0.8586,=0.0021,=0.0029,=0.0039,=0.0067,=0.0095,=0.0143,=0.0591,=0.0108,=21
="399286",区块链50,2019-12-24,=0.0085,=3352.6000,=-0.1633,=16.8872,=0.1194,=13.8844,=17.7208,=20.7401,=28.4842,=40.1853,=1.9205,=0.2437,=1.4262,=1.8673,=2.1127,=2.7230,=3.6332,=1.7874,=0.4378,=1.3177,=1.5927,=1.8340,=2.0895,=2.8188,=0.0253,=0.9041,=0.0072,=0.0097,=0.0147,=0.0234,=0.0319,=0.0273,=0.0903,=0.0252,=158
="932450",香港现金流,2025-02-28,,,=-0.1669,=11.5183,=0.9216,=6.6300,=8.1867,=9.9760,=10.7140,=12.5131,=1.1439,=0.5135,=0.7408,=0.8604,=1.1413,=1.2702,=1.5038,=0.5624,=0.4432,=0.4577,=0.5247,=0.8616,=1.0283,=1.2561,=0.0394,=0.0595,=0.0367,=0.0426,=0.0528,=0.0597,=0.0728,,=0.0828,,=12
="000989",全指可选,2011-08-02,=0.0003,=4655.7700,=-0.1676,=21.6269,=0.3035,=14.8205,=20.3628,=24.1991,=30.9883,=46.1708,=2.1279,=0.2111,=1.6599,=2.1154,=2.4895,=2.8282,=3.2250,=0.9747,=0.1377,=0.8200,=1.0014,=1.1565,=1.4417,=1.7628,=0.0251,=0.9381,=0.0123,=0.0153,=0.0185,=0.0234,=0.0287,=0.0237,=0.1045,=0.0284,=1311
="399396",国证食品,2012-10-29,=-0.0002,=14541.2200,=-0.1677,=20.7996,=0.1019,=17.1702,=21.8756,=30.0929,=37.3108,=66.0937,=3.6160,=0.0206,=3.2471,=4.5790,=6.1028,=7.6300,=14.3214,=3.4166,=0.0169,=3.1290,=3.9691,=5.0529,=6.2477,=12.4529,=0.0407,=0.9872,=0.0078,=0.0130,=0.0187,=0.0317,=0.0441,=0.0671,=0.1761,=0.0767,=1621
="399393",国证地产,2012-08-20,=0.0140,=2596.3400,=-0.1679,=-5.8294,=0.9765,=6.3321,=8.5850,=15.6526,=-1357.8190,=115902.4187,=0.7788,=0.1340,=0.5768,=0.8316,=1.0566,=1.6326,=2.5183,=0.5602,=0.3802,=0.3699,=0.5163,=0.6387,=1.0494,=1.7471,=0.0114,=0.0866,=0.0083,=0.0181,=0.0259,=0.0342,=0.0478,=-0.0014,=-0.0767,=0.0012,=1435
="000807",食品饮料,2012-02-17,=-0.0006,=15191.9088,=-0.1691,=20.1385,=0.1014,=16.7498,=21.3445,=30.4186,=37.6314,=67.1514,=3.8243,=0.0210,=3.4269,=4.7770,=6.2643,=8.2580,=14.6770,=4.3943,=0.1431,=3.6682,=4.5312,=5.6636,=7.6740,=12.7454,=0.0430,=0.9893,=0.0077,=0.0131,=0.0185,=0.0327,=0.0463,=0.0738,=0.1953,=0.0849,=4306
="000815",细分食品,2012-04-11,=0.0010,=15547.5677,=-0.1701,=20.4778,=0.1270,=16.6089,=21.3567,=30.6741,=37.4251,=68.5596,=3.7637,=0.0206,=3.3595,=4.7296,=6.1938,=8.2709,=14.7926,=4.4644,=0.0565,=4.0083,=4.9234,=6.1115,=8.3455,=14.4971,=0.0416,=0.9872,=0.0072,=0.0123,=0.0164,=0.0321,=0.0452,=0.0708,=0.1902,=0.0845,=787
="000990",全指消费,2011-08-02,=0.0002,=10550.6652,=-0.1712,=23.9753,=0.2268,=18.6483,=23.1095,=30.4428,=39.1217,=75.7240,=3.4331,=0.0231,=3.0373,=4.0640,=4.9947,=6.2867,=9.6579,=2.5201,=0.0738,=2.2209,=2.7731,=3.3220,=4.0947,=6.6514,=0.0381,=0.9753,=0.0082,=0.0125,=0.0158,=0.0289,=0.0432,=0.0524,=0.1676,=0.0712,=3860
="980022",机器人产业,2015-02-25,=-0.0058,=2196.9000,=-0.1722,=52.3919,=0.7965,=13.7974,=16.6959,=20.5052,=53.7384,=93.9438,=4.4089,=0.6714,=2.5198,=3.0617,=3.6720,=4.8067,=6.2730,=3.6820,=0.7810,=1.0172,=1.2358,=1.4375,=3.9518,=5.9220,=0.0060,=0.1979,=0.0039,=0.0060,=0.0201,=0.0295,=0.0381,=0.0186,=0.0892,=0.0245,=350
="000931",中证可选,2009-07-03,=0.0010,=5129.7084,=-0.1745,=19.4864,=0.3827,=12.9961,=17.9577,=20.0967,=26.0964,=47.1695,=2.0338,=0.1229,=1.6991,=2.1085,=2.4823,=2.7959,=3.7874,=0.9362,=0.1691,=0.7260,=0.9597,=1.1110,=1.2792,=1.9265,=0.0271,=0.9381,=0.0120,=0.0178,=0.0209,=0.0248,=0.0298,=0.0252,=0.1143,=0.0305,=842
="H30094",消费红利,2013-07-02,=-0.0008,=30478.5884,=-0.1794,=19.0818,=0.0965,=16.2060,=20.4573,=27.7746,=33.4547,=59.6542,=3.5569,=0.0219,=3.1510,=4.3764,=5.3356,=6.7479,=11.0368,=3.9680,=0.3814,=2.0635,=3.3400,=4.3055,=5.3148,=8.4259,=0.0451,=0.9872,=0.0123,=0.0178,=0.0223,=0.0351,=0.0491,=0.0717,=0.1905,=0.0792,=2180
="000932",中证消费,2009-07-03,=-0.0006,=12484.3400,=-0.1813,=22.6601,=0.2025,=18.2526,=22.5837,=29.2776,=38.6663,=67.7039,=3.4799,=0.0223,=3.0877,=4.2746,=5.3624,=7.0320,=11.1990,=2.7042,=0.0610,=2.0221,=2.9575,=3.5969,=4.6842,=7.7724,=0.0399,=0.9786,=0.0082,=0.0130,=0.0175,=0.0293,=0.0448,=0.0540,=0.1726,=0.0732,=12515
="931009",建筑材料,2013-07-15,=0.0181,=5134.8069,=-0.1822,=91.5984,=0.9987,=8.0662,=10.4147,=14.8816,=29.4152,=95.7816,=0.8478,=0.0277,=0.7557,=1.0080,=1.4945,=1.9895,=2.4800,=0.9446,=0.1939,=0.6904,=0.9491,=1.1566,=1.5128,=2.1670,=0.0239,=0.2855,=0.0085,=0.0228,=0.0262,=0.0309,=0.0487,=-0.0025,=0.0109,=-0.0006,=756
="399432",智能汽车,2014-12-30,=0.0074,=5537.0100,=-0.1840,=24.2744,=0.4911,=12.3799,=17.9003,=24.8906,=66.1739,=131.3343,=3.3357,=0.4408,=1.4019,=2.1767,=3.5046,=6.5272,=11.4939,=1.9022,=0.5027,=0.5888,=0.9103,=1.8988,=4.6106,=8.8483,=0.0135,=0.5060,=0.0016,=0.0032,=0.0133,=0.0241,=0.0377,=0.0329,=0.1377,=0.0319,=22
="931775",房地产,2013-07-15,=0.0133,=2432.1503,=-0.1845,=-4.5795,=0.9802,=7.0141,=8.9821,=18.2040,=-32.6093,=1490.8370,=0.7717,=0.1522,=0.5750,=0.8235,=1.0333,=1.5647,=2.4442,=0.5727,=0.3645,=0.3617,=0.5322,=0.6672,=1.1134,=1.7893,=0.0061,=0.0041,=0.0058,=0.0146,=0.0234,=0.0325,=0.0448,=-0.0040,=-0.1024,=-0.0027,=945
="931357",优选消费50,2019-11-15,=0.0036,=2444.0262,=-0.1847,=17.7467,=0.0356,=16.0077,=20.3143,=24.5747,=32.8701,=53.0529,=2.7967,=0.0181,=2.5395,=3.6516,=4.3152,=7.1255,=11.6208,=1.7448,=0.0146,=1.5982,=2.2805,=2.6864,=5.1813,=8.8232,=0.0259,=0.9796,=0.0058,=0.0100,=0.0147,=0.0201,=0.0287,,=0.1689,,=398
="399440",国证钢铁,2014-12-30,=0.0122,=1210.8200,=-0.1849,=29.1062,=0.7085,=5.7530,=9.0864,=18.4249,=36.0821,=695.2734,=0.9607,=0.3439,=0.7172,=0.9156,=1.0358,=1.3256,=2.0509,=0.4825,=0.5654,=0.3277,=0.3893,=0.4568,=0.6057,=1.3827,=0.0260,=0.4346,=0.0018,=0.0182,=0.0272,=0.0419,=0.0569,=0.0058,=0.0382,=0.0096,=471
="399973",中证国防,2014-04-15,=0.0061,=1510.1400,=-0.1881,=59.2250,=0.5922,=28.8580,=43.6048,=54.2028,=71.5286,=106.5452,=3.2216,=0.2899,=2.3880,=3.0104,=3.5585,=4.7902,=7.7047,=2.9935,=0.3163,=1.9566,=2.7338,=3.8239,=4.5362,=7.1179,=0.0065,=0.8033,=0.0024,=0.0035,=0.0046,=0.0064,=0.0100,=0.0086,=0.0535,=0.0095,=647
="930875",空天军工,2016-08-17,=0.0067,=1957.0892,=-0.1911,=64.6027,=0.6020,=27.3832,=45.5599,=55.8223,=73.3754,=98.7933,=3.5852,=0.4786,=2.4052,=3.1586,=3.6266,=4.9320,=7.9650,=3.2710,=0.4064,=2.1274,=2.8944,=3.6697,=4.5093,=7.7673,=0.0060,=0.7230,=0.0022,=0.0032,=0.0041,=0.0068,=0.0106,=0.0090,=0.0567,=0.0104,=110
="399971",中证传媒,2014-04-15,=-0.0047,=1183.6900,=-0.1960,=31.8533,=0.3555,=18.4593,=27.0874,=34.6324,=43.9823,=90.0483,=2.1691,=0.2301,=1.5359,=2.1284,=2.5453,=3.2157,=5.1939,=2.5566,=0.1518,=1.9674,=2.6301,=3.1600,=4.4383,=6.6801,=0.0183,=0.7014,=0.0038,=0.0091,=0.0129,=0.0206,=0.0294,=0.0163,=0.0602,=0.0206,=6351
="399368",国证军工,2009-11-04,=0.0059,=6842.7100,=-0.1971,=59.9419,=0.3979,=38.1822,=54.2867,=63.2086,=77.3571,=107.0849,=2.9236,=0.4128,=2.0244,=2.5859,=3.0232,=3.5341,=4.3940,=2.8502,=0.3740,=1.8459,=2.5701,=3.1784,=3.6960,=4.8014,=0.0061,=0.8833,=0.0025,=0.0033,=0.0045,=0.0056,=0.0080,=0.0129,=0.0477,=0.0081,=19
="931480",线上消费,2020-05-06,=-0.0033,=675.2784,=-0.1971,=48.2682,=0.2121,=33.5813,=47.8602,=65.1124,=96.1402,=132.5169,=2.8427,=0.3629,=1.9483,=2.5235,=3.0779,=3.6888,=5.0305,=2.8858,=0.7852,=1.1811,=1.5074,=1.8364,=2.9394,=4.8094,=0.0107,=0.8943,=0.0051,=0.0066,=0.0085,=0.0099,=0.0133,=0.0131,=0.0458,=0.0190,=79
="930606",中证钢铁,2015-03-31,=0.0126,=933.9972,=-0.1982,=58.7189,=0.7905,=5.9346,=9.2015,=19.0117,=59.9431,=77593.1899,=0.9731,=0.3394,=0.7076,=0.9197,=1.0466,=1.3322,=2.0450,=0.4620,=0.5237,=0.2931,=0.3819,=0.4522,=0.6007,=1.2948,=0.0245,=0.4293,=0.0018,=0.0167,=0.0255,=0.0409,=0.0542,=0.0020,=0.0221,=0.0071,=780
="399699",金融科技,2017-06-09,=0.0139,=3556.7900,=-0.2047,=13.5888,=0.0013,=13.2573,=16.6298,=19.2568,=44.3030,=111.6316,=1.7665,=0.1849,=1.2665,=1.7876,=2.2671,=3.3944,=4.4660,=1.4208,=0.2573,=1.0709,=1.3789,=1.6148,=1.9050,=3.0519,=0.0237,=0.8084,=0.0041,=0.0063,=0.0188,=0.0235,=0.0329,=0.0209,=0.1027,=0.0223,=333
="399965",800地产,2012-12-21,=0.0231,=2098.0600,=-0.2052,=-3.0886,=0.9810,=5.5394,=8.0041,=14.1293,=54.2091,=59.7245,=0.5428,=0.0227,=0.4663,=0.6971,=0.9779,=1.6059,=2.5596,=0.3313,=0.0289,=0.2856,=0.4077,=0.5066,=0.9939,=1.6493,=0.0066,=0.0021,=0.0064,=0.0179,=0.0280,=0.0369,=0.0562,=-0.0020,=-0.0854,=0.0007,=207
="000816",细分地产,2012-04-11,,,=-0.2055,=-4.0623,=0.9827,=6.1299,=8.3282,=15.7334,=-51.6792,=2488.2259,=0.7192,=0.1093,=0.5599,=0.8019,=1.0354,=1.6420,=2.5676,=0.5011,=0.2355,=0.3390,=0.4917,=0.6048,=1.0266,=1.7076,=0.0052,=0.0153,=0.0044,=0.0174,=0.0275,=0.0358,=0.0516,=-0.0038,=-0.1018,=-0.0024,=10
="399967",中证军工,2013-12-26,=0.0030,=11123.6800,=-0.2061,=60.8101,=0.4049,=41.8350,=54.9002,=64.4884,=96.4315,=162.6003,=3.1956,=0.5142,=2.0425,=2.6005,=3.1758,=3.7859,=4.8699,=2.9832,=0.3658,=2.0545,=2.7207,=3.1034,=4.0092,=5.8225,=0.0057,=0.8598,=0.0021,=0.0030,=0.0039,=0.0054,=0.0081,=0.0129,=0.0501,=0.0096,=5990
="399617",深证消费,2011-06-15,=-0.0028,=7323.2200,=-0.2074,=38.3286,=0.8491,=15.3450,=22.1455,=26.3816,=32.3015,=1768.1548,=2.4354,=0.0231,=2.1129,=3.2620,=4.2045,=5.7490,=9.2732,=1.3918,=0.0177,=1.2428,=1.8512,=2.4375,=3.6985,=6.3240,=0.0358,=0.9159,=0.0100,=0.0137,=0.0185,=0.0262,=0.0433,=0.0294,=0.1055,=0.0582,=370
="930721",CS智汽车,2015-08-05,=0.0035,=4560.2590,=-0.2115,=33.2311,=0.1591,=27.2408,=33.8236,=39.3627,=48.7816,=67.2850,=3.1571,=0.1399,=2.5208,=3.2868,=3.8025,=5.3419,=7.3638,=1.2082,=0.0022,=1.1887,=1.4841,=1.8318,=2.6236,=3.8976,=0.0076,=0.5880,=0.0040,=0.0056,=0.0071,=0.0093,=0.0155,=0.0150,=0.1014,=0.0176,=491
="930790",CS娱乐TI,2016-03-22,=-0.0013,=1112.9460,=-0.2172,=71.0083,=0.6848,=17.3299,=32.7880,=50.1719,=79.3984,=245.3480,=2.2690,=0.2994,=1.6576,=2.1422,=2.5298,=3.1107,=3.8872,=2.5055,=0.0672,=2.2057,=2.7448,=3.2124,=4.0213,=5.0752,=0.0157,=0.8379,=0.0039,=0.0093,=0.0124,=0.0152,=0.0240,=0.0124,=0.0200,=0.0156,=22
="980018",卫星通信,2015-02-17,=-0.0068,=4143.5500,=-0.2247,=200.3265,=0.8983,=23.6003,=29.0474,=41.0263,=60.8328,=1063.4314,=5.4048,=0.9051,=1.7225,=2.0659,=2.5955,=4.3207,=7.7241,=7.0547,=0.9717,=1.5054,=1.8105,=2.3140,=3.1480,=9.8783,=0.0021,=0.0357,=0.0013,=0.0038,=0.0125,=0.0171,=0.0231,=0.0054,=0.0181,=0.0298,=138
="000126",消费50,2011-12-09,=0.0010,=6426.4500,=-0.2271,=19.4502,=0.1348,=15.1608,=20.2893,=22.8715,=32.8709,=57.2206,=2.5690,=0.0388,=2.2360,=3.0009,=3.4010,=4.8666,=7.3797,=1.4188,=0.2878,=0.9155,=1.2844,=1.8266,=2.6426,=3.8011,=0.0355,=0.9872,=0.0091,=0.0134,=0.0211,=0.0279,=0.0382,=0.0406,=0.1407,=0.0455,=92
="932088",全指航空,2023-03-23,=0.0049,=678.6103,=-0.2271,=71.8224,=0.6282,=36.9197,=49.4694,=67.3333,=87.9807,=116.5746,=3.2641,=0.3622,=2.3948,=3.0456,=3.3816,=3.8469,=4.9751,=3.0306,=0.2491,=2.2988,=2.9084,=3.5547,=4.0328,=4.9356,=0.0054,=0.2840,=0.0041,=0.0052,=0.0061,=0.0069,=0.0090,=0.0077,=0.0470,=0.0092,=55
="931066",军工龙头,2018-02-05,=0.0053,=2659.4988,=-0.2302,=55.3745,=0.8105,=29.1719,=35.0512,=43.1084,=54.0575,=100.5281,=3.0132,=0.1210,=2.2914,=3.1342,=3.6615,=4.5940,=6.9932,=2.7515,=0.1736,=2.1745,=2.8030,=3.4378,=4.1809,=5.8746,=0.0064,=0.2102,=0.0050,=0.0064,=0.0076,=0.0092,=0.0116,=0.0067,=0.0495,=0.0098,=1080
="931230",汽车零部件,2013-07-15,=-0.0006,=993.6608,=-0.2313,=26.0670,=0.4306,=18.5338,=23.9079,=26.6271,=30.4067,=34.9965,=2.7173,=0.5667,=1.8462,=2.2959,=2.6298,=3.1593,=3.7531,=1.7148,=0.5694,=1.1819,=1.4650,=1.6769,=2.0001,=2.3775,=0.0152,=0.6514,=0.0115,=0.0128,=0.0142,=0.0159,=0.0198,=0.0227,=0.1141,=0.0262,=55
="399987",中证酒,2014-12-10,=0.0008,=3833.1900,=-0.2330,=19.7989,=0.1344,=16.5000,=20.7542,=30.5274,=38.5048,=71.4257,=3.8876,=0.0219,=3.3943,=4.9102,=6.4715,=8.9992,=15.9495,=6.0576,=0.0870,=5.0607,=6.4801,=8.3135,=11.8299,=21.4371,=0.0444,=0.9876,=0.0067,=0.0114,=0.0162,=0.0324,=0.0485,=0.0789,=0.2043,=0.0944,=2789
="930601",中证软件,2015-03-10,=0.0020,=4816.5691,=-0.2340,=101.9178,=0.7002,=29.3378,=51.8564,=79.5511,=128.9417,=302.4908,=4.6884,=0.5085,=2.7207,=3.9641,=4.6659,=5.6399,=7.7270,=5.5314,=0.6540,=2.8007,=4.0731,=4.9558,=6.0396,=8.5777,=0.0068,=0.9443,=0.0026,=0.0036,=0.0044,=0.0053,=0.0101,=0.0078,=0.0385,=-0.0029,=414
="H30015",800汽车,2012-12-21,=0.0016,=7675.0836,=-0.2372,=24.3234,=0.5736,=11.4503,=15.3626,=22.8627,=31.8612,=45.6288,=1.8747,=0.2478,=1.3220,=1.7478,=2.1700,=2.4572,=3.4622,=0.7923,=0.3967,=0.5106,=0.6736,=0.8482,=1.0480,=1.4573,=0.0160,=0.4400,=0.0097,=0.0134,=0.0168,=0.0286,=0.0411,=0.0155,=0.0922,=0.0213,=196
="930625",SHS互联网,2015-04-21,=0.0086,=2314.7798,=-0.2373,=22.7776,=0.0534,=18.8995,=26.8656,=34.9246,=49.9715,=84.5605,=2.5581,=0.0071,=2.3016,=3.4483,=4.8950,=6.6320,=9.2961,=2.5461,=0.0079,=2.3041,=3.4260,=4.2880,=5.7889,=8.7946,=0.0096,=0.9727,=0.0016,=0.0028,=0.0036,=0.0070,=0.0110,,=0.1125,,=340
="930781",中证影视,2016-02-04,=0.0043,=1280.0024,=-0.2430,=-2851.3822,=0.6404,=16.7066,=43.1495,=212.7721,=-60.8596,=8055.0919,=1.7462,=0.0524,=1.4352,=2.0237,=2.3574,=3.3164,=5.5725,=3.7971,=0.3522,=2.7079,=3.4931,=4.2496,=5.4041,=9.2247,=0.0128,=0.9274,=0.0020,=0.0038,=0.0065,=0.0099,=0.0161,=0.0049,=0.0185,=0.0219,=187
="H30182",计算机,2013-07-15,=-0.0001,=5782.3785,=-0.2453,=374.7609,=0.8077,=33.2527,=55.4288,=104.2061,=365.8793,=65313.4473,=3.7310,=0.2772,=2.4295,=3.5853,=4.0734,=4.6276,=5.8765,=3.6378,=0.2222,=2.3635,=3.5895,=4.1326,=4.7340,=7.6223,=0.0054,=0.8179,=0.0028,=0.0040,=0.0045,=0.0053,=0.0091,=-0.0024,=0.0033,=-0.0042,=59
="H30202",软件指数,2013-07-15,=0.0034,=11375.3281,=-0.2455,=98.9455,=0.5530,=45.1036,=65.7516,=91.4775,=155.6957,=372.5263,=4.3303,=0.1641,=2.9348,=4.4770,=5.3589,=6.5778,=8.8705,=5.8103,=0.2524,=3.9010,=5.4106,=6.8154,=7.9862,=12.1264,=0.0070,=0.9423,=0.0022,=0.0033,=0.0045,=0.0055,=0.0102,=0.0053,=0.0344,=-0.0039,=333
="HSIII",恒生互联网科技业指数,2020-07-20,=0.0056,=2214.4700,=-0.2459,=23.1270,=0.2471,=12.6629,=22.1953,=34.7530,=47.7321,=309808.9839,=2.2900,=0.0707,=1.7026,=2.5466,=3.7417,=6.1191,=8.5704,=1.7789,=0.0715,=1.1940,=1.9828,=2.4206,=3.5799,=5.1261,=0.0104,=0.8464,=0.0015,=0.0029,=0.0054,=0.0098,=0.0133,,=0.1194,,=2049
="931521",高装细分50,2020-07-08,=0.0069,=2500.9676,=-0.2481,=85.9807,=0.7562,=33.8051,=48.5815,=59.2747,=96.0991,=160.3029,=3.5422,=0.2583,=2.5146,=3.4386,=4.0934,=4.9862,=6.8876,=3.6853,=0.1693,=2.7226,=3.8029,=4.3963,=5.0674,=6.7300,=0.0051,=0.3394,=0.0025,=0.0042,=0.0055,=0.0065,=0.0091,=0.0050,=0.0438,=0.0069,=83
="399805",互联金融,2015-02-10,=0.0202,=2888.6000,=-0.2495,=8.7542,=0.0977,=7.5943,=9.5677,=11.3375,=13.1553,=16.5816,=0.9722,=0.1369,=0.7644,=1.0305,=1.3820,=1.7129,=2.0317,=1.7342,=0.7332,=1.1667,=1.4082,=1.6145,=1.7935,=2.2636,=0.0348,=0.8433,=0.0145,=0.0186,=0.0237,=0.0339,=0.0507,=0.0238,=0.0940,=0.0248,=339
="930796",全球中国互联网,2016-04-22,=0.0104,=1625.8295,=-0.2541,=17.9794,=0.0668,=15.1718,=20.8022,=38.9862,=53.7437,=115.7107,=2.2370,=0.0223,=1.8023,=2.6321,=3.9834,=6.9055,=9.6202,=1.9093,=0.0196,=1.5064,=2.2604,=3.6967,=6.3382,=9.5215,=0.0104,=0.9616,=0.0008,=0.0013,=0.0019,=0.0078,=0.0121,,=0.1307,,=51
="931481",SHS线上消费,2020-05-06,=0.0015,=824.8514,=-0.2561,=22.5828,=0.1605,=17.8858,=23.3839,=29.6566,=46.5796,=121.3257,=2.4680,=0.0107,=2.2334,=3.1056,=3.5334,=4.7598,=9.8961,=2.5008,=0.0890,=2.0492,=2.7387,=3.2769,=4.3221,=7.8524,=0.0105,=0.9498,=0.0020,=0.0033,=0.0056,=0.0086,=0.0119,,=0.1066,,=70
="930901",动漫游戏,2016-10-18,=-0.0046,=1573.7055,=-0.2566,=24.6170,=0.0856,=17.2478,=29.2937,=41.8376,=253.8393,=4647.5377,=2.9659,=0.5171,=1.7335,=2.3025,=2.9143,=4.0517,=7.9690,=3.8915,=0.1386,=2.8663,=4.1496,=4.9704,=6.7985,=10.0355,=0.0163,=0.8614,=0.0031,=0.0055,=0.0088,=0.0150,=0.0282,=0.0360,=0.1150,=0.0336,=887
="H30533",中国互联网50,2014-12-29,=0.0114,=6955.0226,=-0.2575,=17.4568,=0.0879,=14.4020,=20.0327,=41.1641,=57.0079,=137.0698,=2.1089,=0.0173,=1.7082,=2.5187,=3.9156,=6.7227,=9.7098,=1.7961,=0.0173,=1.4305,=2.1529,=3.8054,=6.4332,=9.1092,=0.0106,=0.9340,=0.0007,=0.0013,=0.0019,=0.0080,=0.0125,,,,=6874
="399997",中证白酒,2015-01-21,=-0.0001,=6503.6000,=-0.2578,=19.9559,=0.1695,=16.2418,=20.3650,=29.7049,=37.9971,=71.4432,=4.0847,=0.0235,=3.5435,=5.2056,=7.2708,=9.8068,=17.8607,=6.9095,=0.1126,=5.9830,=7.2855,=9.8399,=13.6521,=24.8964,=0.0452,=0.9876,=0.0066,=0.0115,=0.0169,=0.0331,=0.0495,=0.0833,=0.2121,=0.1013,=7779
="899050",北证50,2022-11-21,=0.0045,=1067.9700,=-0.2586,=41.2118,=0.5104,=15.5447,=18.6772,=38.0745,=62.9954,=91.3357,=3.6847,=0.5312,=2.0170,=2.4413,=3.3912,=4.9515,=5.6723,=3.0700,=0.5192,=1.3969,=1.7307,=2.8176,=4.2394,=5.1557,=0.0094,=0.4184,=0.0062,=0.0076,=0.0114,=0.0146,=0.0185,=0.0174,=0.0675,=-0.0021,=790
="930604",中国互联网30,2015-03-23,=0.0102,=7380.0326,=-0.2620,=17.4899,=0.0930,=14.4178,=19.7678,=41.2505,=59.0675,=131.9396,=2.1346,=0.0158,=1.7582,=2.5732,=3.9788,=7.0824,=10.3841,=1.8008,=0.0184,=1.4482,=2.1626,=3.8339,=6.4486,=9.5870,=0.0102,=0.9739,=0.0007,=0.0013,=0.0017,=0.0077,=0.0121,,,,=657
="931594",卫星产业,2020-12-22,=-0.0003,=831.9447,=-0.2631,=167.8177,=0.6781,=44.5603,=96.3844,=131.4894,=230.5226,=428.4930,=4.7931,=0.8779,=2.3588,=3.0590,=3.5414,=4.1108,=7.6413,=6.7803,=0.8401,=3.4655,=4.5442,=5.1730,=6.2893,=11.4514,=0.0033,=0.5945,=0.0023,=0.0027,=0.0032,=0.0052,=0.0086,=0.0019,=0.0317,=0.0057,=199
="930986",金融科技,2017-06-22,=0.0196,=2292.4436,=-0.2655,=44.0323,=0.2202,=32.2484,=43.1586,=54.8722,=81.0068,=257.1796,=4.1769,=0.2740,=2.5474,=4.0248,=4.6675,=5.8095,=7.7786,=5.7734,=0.6749,=2.9625,=3.8794,=4.7800,=6.9863,=9.8281,=0.0085,=0.9090,=0.0040,=0.0051,=0.0059,=0.0073,=0.0120,=0.0192,=0.0872,=0.0151,=271
="H11136",中国互联网,2011-09-20,=0.0087,=3909.9546,=-0.2662,=17.3326,=0.1097,=14.4387,=19.6856,=42.3383,=57.1658,=137.0698,=2.0937,=0.0150,=1.7247,=2.5248,=3.9188,=6.7410,=9.7098,=1.8251,=0.0146,=1.5020,=2.2221,=4.0175,=6.5160,=9.1092,=0.0113,=0.9382,=0.0007,=0.0013,=0.0019,=0.0086,=0.0132,,,,=3384
="931646",SHS新消费,2021-04-07,=0.0070,=1383.1854,=-0.2704,=21.5709,=0.1342,=17.0652,=22.5963,=25.9289,=30.5440,=45.1728,=2.5477,=0.0132,=2.2638,=3.1184,=3.5854,=4.1484,=7.2085,=2.5344,=0.0125,=2.2716,=3.1754,=3.7038,=4.2092,=7.0452,=0.0106,=0.9670,=0.0024,=0.0045,=0.0066,=0.0085,=0.0121,,=0.1302,,=12
="399983",地产等权,2013-11-22,=0.0193,=1478.2100,=-0.2744,=-1.8944,=0.9847,=5.0058,=7.3313,=10.5555,=38.2360,=75.5023,=0.4133,=0.0153,=0.3690,=0.5881,=1.0645,=1.7737,=2.8135,=0.2435,=0.0206,=0.2174,=0.3500,=0.4619,=0.9101,=1.5710,=0.0053,=0.0210,=0.0037,=0.0218,=0.0322,=0.0412,=0.0629,=-0.0053,=-0.0924,=-0.0025,=1010
="931637",港股通互联网,2021-01-11,=0.0092,=728.4367,=-0.2812,=20.9823,=0.1038,=16.9805,=22.8498,=27.8179,=41.1686,=87.7368,=2.4180,=0.0216,=2.0886,=2.9930,=3.3974,=4.1711,=11.7021,=2.4068,=0.0231,=2.0583,=2.8589,=3.3793,=4.2812,=11.5370,=0.0103,=0.9813,=0.0011,=0.0026,=0.0050,=0.0077,=0.0111,,,,=301
="980076",通用航空,2012-12-28,=0.0016,=2656.0700,=-0.2842,=95.4143,=0.3650,=69.9916,=81.3041,=100.4701,=126.6842,=158.1149,=3.3430,=0.3090,=2.7445,=3.2264,=3.5230,=4.0713,=5.1513,=3.9313,=0.1022,=3.4358,=4.0633,=4.2946,=4.9028,=6.3273,=0.0051,=0.4866,=0.0037,=0.0042,=0.0051,=0.0060,=0.0073,=0.0066,=0.0297,=0.0083,=71
="CN5082",国证航天,2015-02-16,,,=-0.2847,=88.6157,=0.7384,=44.4252,=58.7037,=72.9861,=109.7527,=173.9279,=3.4530,=0.5266,=2.1924,=2.8239,=3.3393,=4.2957,=5.7391,=3.4209,=0.5332,=1.9232,=2.5629,=3.3514,=4.0348,=6.0090,=0.0045,=0.7396,=0.0021,=0.0030,=0.0038,=0.0049,=0.0082,=0.0055,=0.0382,=0.0066,=36
="HSAIT",恒生人工智能主题指数,2023-09-01,=0.0030,=3038.1300,=-0.2871,=-63.1023,=0.9727,=13.3665,=18.1405,=19.9647,=21.9952,=33.1012,=7.3889,=0.9686,=1.4634,=1.7637,=2.0918,=2.5183,=9.7315,=11.6425,=0.9699,=1.2708,=1.5080,=1.8350,=2.3221,=13.8516,=0.0009,=0.0219,=0.0008,=0.0171,=0.0192,=0.0214,=0.0235,,=0.1059,,=64
="931008",汽车指数,2013-07-15,=0.0050,=8504.9222,=-0.2899,=27.2009,=0.5621,=12.0130,=17.5494,=26.0785,=36.0649,=55.3660,=1.9466,=0.2958,=1.1809,=1.5488,=2.2113,=2.4497,=3.4286,=0.8122,=0.3977,=0.4315,=0.5555,=0.9013,=1.0496,=1.4087,=0.0155,=0.4120,=0.0059,=0.0122,=0.0163,=0.0274,=0.0426,=0.0152,=0.0829,=0.0208,=495
="931855",通用航空,2025-04-02,=0.0016,=899.1417,=-0.3037,=90.4381,=0.1466,=76.1514,=96.3254,=104.2373,=115.2073,=148.2866,=3.4467,=0.0264,=3.2007,=3.8380,=4.0965,=4.5751,=5.9420,=4.2562,=0.0557,=4.0348,=5.2034,=6.1837,=6.8722,=8.0546,=0.0054,=0.3460,=0.0042,=0.0050,=0.0058,=0.0062,=0.0073,=0.0068,=0.0445,,=12
="930633",中证旅游,2015-05-08,=0.0098,=2305.7433,=-0.3055,=73.9176,=0.4054,=15.8968,=21.9987,=1951.1042,=-51.0196,=11171.4579,=1.9825,=0.0924,=1.6473,=2.1447,=2.3510,=2.8097,=3.6934,=1.0472,=0.0095,=1.0072,=1.3108,=1.6015,=2.5762,=3.7607,=0.0095,=0.8111,=0.0014,=0.0038,=0.0081,=0.0095,=0.0147,=0.0208,=-0.0128,=-0.0016,=631
="932584",智选港股通红利低波,2026-06-11,,,,=6.3454,=0.9423,=5.4952,=5.7598,=6.0899,=6.2529,=6.4396,=0.6519,=0.9808,=0.5613,=0.5883,=0.6227,=0.6387,=0.6578,=0.9777,=0.9808,=0.8443,=0.8849,=0.9353,=0.9607,=0.9893,=0.0535,=0.0192,=0.0530,=0.0545,=0.0560,=0.0591,=0.0621,,,,=17
="1000005",上海非金融A股,1994-01-01,,,,=30.6557,=0.8210,=15.3520,=20.3290,=23.4523,=29.7863,=34.6296,=2.2339,=0.7460,=1.5456,=1.8178,=2.0436,=2.2641,=2.5831,=1.3490,=0.9439,=0.7548,=0.9329,=1.0758,=1.2122,=1.4804,=0.0185,=0.4025,=0.0107,=0.0149,=0.0197,=0.0236,=0.0293,=0.0209,=0.0661,=0.0198,=189
="1000010",上海B股,1994-01-10,,,,=12.1161,=0.1691,=6.8464,=12.5859,=18.4673,=37.2537,=68.1787,=0.9314,=0.2627,=0.7158,=0.9058,=1.0069,=1.2227,=1.7346,=0.6863,=0.7093,=0.3163,=0.4060,=0.5564,=0.7269,=1.2119,=0.0430,=0.7798,=0.0085,=0.0244,=0.0347,=0.0434,=0.2559,,,=0.0164,=131
="1000011",A股非金融,1994-01-10,,,,=36.4115,=0.7691,=17.5718,=25.5269,=28.6060,=37.4540,=43.6945,=2.5050,=0.6247,=1.6561,=2.0403,=2.3286,=2.6839,=2.9749,=1.5643,=0.7897,=0.9476,=1.1421,=1.3066,=1.5700,=1.8156,=0.0157,=0.4610,=0.0087,=0.0121,=0.0160,=0.0192,=0.0256,=0.0205,=0.0612,=0.0189,=809
="1000014",科创板全指,2019-07-22,,,,=153.1667,=0.8136,=34.6058,=58.7425,=77.7564,=135.6607,=267.8356,=6.2506,=0.7485,=2.4875,=3.8123,=4.9509,=6.4876,=9.5957,=8.2935,=0.6678,=3.3799,=5.2145,=6.6611,=9.8451,=14.1086,=0.0028,=0.1713,=0,=0.0031,=0.0043,=0.0064,=0.0098,=0.0091,=0.0255,=0.0035,=1303

数据来源于：理杏仁网站(lixinger.com)