指数代码,指数名称,发布时间,涨跌幅,收盘点位,今年以来涨跌幅,PE-TTM(当前值),PE-TTM(分位点%),PE-TTM(最小值),PE-TTM(20%分位点值),PE-TTM(50%分位点值),PE-TTM(80%分位点值),PE-TTM(最大正值),PB(当前值),PB(分位点%),PB(最小值),PB(20%分位点值),PB(50%分位点值),PB(80%分位点值),PB(最大正值),PS-TTM(当前值),PS-TTM(分位点%),PS-TTM(最小值),PS-TTM(20%分位点值),PS-TTM(50%分位点值),PS-TTM(80%分位点值),PS-TTM(最大正值),股息率(当前值),股息率(分位点%),股息率(最小值),股息率(20%分位点值),股息率(50%分位点值),股息率(80%分位点值),股息率(最大正值),净资产收益率(ROE)(2026Q2),净资产收益率(ROE)(2025Q4),净资产收益率(ROE)(2025Q2),关注度
="950125",科创半导体材料设备,2024-07-26,=-0.0098,=4345.5400,=1.0228,=187.6364,=0.8604,=70.4245,=117.5178,=136.4137,=171.9828,=348.7588,=11.1804,=0.9044,=2.8469,=4.8056,=5.6926,=7.2708,=17.6268,=25.1626,=0.9101,=7.2923,=11.0319,=13.1153,=16.1195,=37.4011,=0.0010,=0.4226,=0.0006,=0.0008,=0.0011,=0.0016,=0.0028,=0.0401,=0.0371,=0.0180,=157
="931743",半导体材料设备,2012-12-21,=-0.0069,=9746.1600,=0.8928,=137.4654,=0.9152,=30.1973,=40.5636,=62.1020,=94.7888,=224.0742,=10.9520,=0.9227,=2.5588,=3.4570,=4.3532,=7.4440,=17.1334,=17.4188,=0.9364,=2.5903,=3.1902,=3.8800,=11.7505,=25.3851,=0.0012,=0.0623,=0.0009,=0.0019,=0.0028,=0.0045,=0.0073,=0.0498,=0.0706,=0.0390,=311
="931144",通信技术,2019-05-30,=0.0088,=4028.9200,=0.7305,=66.6857,=0.9195,=22.8153,=30.6505,=37.4584,=53.1105,=113.1406,=11.2765,=0.9673,=2.5671,=3.1157,=3.7552,=4.8710,=15.3977,=6.8184,=0.9640,=1.6428,=2.1101,=2.5145,=3.4401,=9.4991,=0.0030,=0.0360,=0.0021,=0.0043,=0.0064,=0.0099,=0.0166,=0.1157,=0.1354,=0.0739,=263
="931865",中证半导,2019-03-20,=-0.0038,=8470.7400,=0.7117,=149.7675,=0.8923,=32.8138,=46.7400,=74.5328,=132.7728,=255.0466,=11.0236,=0.9298,=3.3892,=4.1559,=5.3436,=8.6918,=15.8034,=19.5068,=0.9308,=6.4190,=7.7212,=8.8739,=15.5314,=28.9040,=0.0009,=0.0952,=0.0006,=0.0010,=0.0020,=0.0024,=0.0032,=0.0432,=0.0580,=0.0301,=227
="000685",科创芯片,2022-06-13,=0.0022,=3986.5600,=0.5254,=160.2158,=0.6240,=42.1555,=72.0202,=120.3823,=181.2372,=335.4323,=10.7063,=0.9394,=3.1235,=4.1113,=5.2568,=7.8992,=15.4697,=21.3438,=0.9481,=7.4796,=10.1354,=12.3743,=16.2499,=31.9311,=0.0008,=0.0510,=0.0005,=0.0010,=0.0015,=0.0021,=0.0026,=0.0456,=0.0415,=0.0173,=524
="H30184",半导体,2013-07-15,=0.0022,=13163.3700,=0.4304,=92.2902,=0.6127,=33.2056,=52.5104,=79.5240,=107.9511,=186.6477,=8.4473,=0.8871,=2.5082,=3.4763,=4.9466,=7.5422,=12.7528,=13.1223,=0.9637,=1.3963,=2.6456,=7.0982,=9.7493,=20.0377,=0.0015,=0.0874,=0.0010,=0.0017,=0.0024,=0.0033,=0.0070,=0.0588,=0.0527,=0.0230,=3425
="931079",5G通信,2019-04-25,=0.0110,=2752.7600,=0.4279,=48.3822,=0.8799,=21.0709,=27.7595,=33.9067,=44.8752,=103.6981,=7.7362,=0.9627,=2.3623,=3.0536,=3.6691,=5.4185,=10.5199,=3.0343,=0.9572,=1.1916,=1.4952,=1.8959,=2.3848,=4.2354,=0.0060,=0.2408,=0.0036,=0.0056,=0.0081,=0.0121,=0.0152,=0.0942,=0.1398,=0.0637,=2296
="932066",半导体行业精选,2023-11-10,=0.0028,=5679.8800,=0.3983,=76.1549,=0.3496,=50.1901,=65.6095,=83.0489,=99.2786,=142.8699,=8.2743,=0.7655,=3.1655,=4.1876,=6.8747,=8.4263,=12.2533,=12.3805,=0.7712,=6.6489,=8.4339,=11.0360,=12.5983,=18.4956,=0.0017,=0.2662,=0.0012,=0.0017,=0.0022,=0.0028,=0.0034,=0.0665,=0.0794,=0.0376,=8
="H30318",科技传媒通信150,2014-04-15,=0.0080,=4282.3500,=0.3928,=55.6046,=0.8752,=19.8534,=28.8631,=38.1497,=50.3390,=90.7292,=9.1886,=0.9703,=2.0037,=2.4801,=3.5091,=4.4592,=13.0479,=4.8540,=0.9707,=1.2409,=1.8640,=2.3043,=2.8759,=6.8164,=0.0043,=0.0288,=0.0031,=0.0058,=0.0072,=0.0165,=0.0244,=0.1033,=0.1091,=0.0497,=50
="931160",通信设备,2013-07-15,=0.0119,=21483.0500,=0.3896,=49.7567,=0.7573,=19.3231,=27.7990,=36.6977,=54.9602,=91.1971,=9.2242,=0.9782,=2.1520,=2.8712,=3.4267,=3.9748,=12.1269,=3.1175,=0.9699,=0.9706,=1.2833,=1.5072,=2.4413,=4.3558,=0.0065,=0.3395,=0.0028,=0.0054,=0.0077,=0.0150,=0.0221,=0.1127,=0.1280,=0.0660,=1328
="931688",中证算力,2022-07-21,=0.0084,=4305.3000,=0.3698,=36.2698,=0.8999,=18.0036,=20.8604,=24.1414,=32.8048,=44.9092,=3.9585,=0.9194,=1.6529,=1.9047,=2.2961,=3.4020,=4.7747,=2.7503,=0.9096,=1.3731,=1.5974,=1.8283,=2.5278,=3.3716,=0.0151,=0.0672,=0.0131,=0.0189,=0.0260,=0.0299,=0.0338,=0.0631,=0.1011,=0.0578,=113
="990001",中华半导体芯片,2019-03-18,=0.0034,=16494.8100,=0.3645,=94.6490,=0.6153,=33.1780,=61.7179,=86.9982,=116.7688,=187.5449,=8.3247,=0.8778,=3.1429,=4.2969,=5.3840,=7.5440,=12.4905,=12.7809,=0.9562,=3.3238,=6.1025,=7.1510,=9.6919,=19.5120,=0.0013,=0.0625,=0.0008,=0.0016,=0.0021,=0.0028,=0.0056,=0.0564,=0.0410,=0.0254,=1393
="931406",5G 50,2020-02-20,=0.0119,=2902.1500,=0.3634,=31.8914,=0.7131,=15.2657,=20.6460,=24.2495,=34.6117,=51.5506,=3.6185,=0.7138,=1.5292,=1.9738,=2.6110,=3.8166,=5.3757,=2.3933,=0.9638,=0.9155,=1.4127,=1.5899,=1.9471,=2.9469,=0.0160,=0.3994,=0.0042,=0.0068,=0.0204,=0.0275,=0.0387,=0.0653,=0.1023,=0.0580,=708
="000690",科创成长,2022-11-04,=0.0095,=2544.6900,=0.3573,=70.0932,=0.3227,=26.4295,=47.5212,=82.7710,=153.8089,=288.8500,=12.5869,=0.8121,=3.7827,=4.8813,=6.5999,=12.3337,=18.2315,=11.9352,=0.6858,=2.7510,=4.0223,=8.6377,=14.5187,=20.0971,=0.0016,=0.1168,=0.0011,=0.0020,=0.0033,=0.0053,=0.0127,=0.1346,=0.1043,=0.0615,=155
="H30007",芯片产业,2012-12-20,=0.0030,=4283.0600,=0.3526,=85.4124,=0.6201,=24.2382,=40.3144,=72.7247,=113.4115,=186.5687,=8.4159,=0.9225,=1.9412,=3.6288,=4.5859,=7.3721,=12.9184,=12.5374,=0.9670,=1.5871,=3.7346,=6.5928,=8.4634,=19.5328,=0.0013,=0.0515,=0.0008,=0.0017,=0.0023,=0.0046,=0.0105,=0.0667,=0.0446,=0.0267,=549
="399363",云科技,2009-08-03,=0.0118,=12603.0100,=0.3489,=34.3784,=0.1417,=25.0041,=35.8979,=41.4309,=48.6482,=74.9161,=4.1384,=0.2748,=3.0187,=3.9514,=4.6309,=5.5540,=10.4646,=2.8194,=0.4528,=1.6015,=2.2265,=3.0008,=3.6945,=4.3638,=0.0141,=0.9679,=0.0046,=0.0055,=0.0070,=0.0105,=0.0160,=0.0735,=0.1037,=0.0278,=289
="000682",科创信息,2021-08-16,=0.0013,=2688.6900,=0.3485,=131.9307,=0.7722,=41.6131,=63.2753,=94.2190,=136.2481,=255.5918,=9.9928,=0.9465,=3.3247,=4.3669,=5.4201,=7.4389,=13.8809,=15.1794,=0.9572,=5.5790,=7.3376,=8.9625,=11.6400,=21.7670,=0.0015,=0.0370,=0.0011,=0.0020,=0.0028,=0.0038,=0.0070,=0.0461,=0.0432,=0.0205,=108
="980017",国证芯片,2015-02-17,=0.0043,=17048.0300,=0.3438,=89.8910,=0.5758,=30.3742,=55.9932,=82.3117,=108.8988,=227.4136,=9.1265,=0.9454,=3.1638,=4.1115,=5.8640,=7.5915,=13.5798,=13.5738,=0.9558,=3.6283,=5.8012,=6.7118,=8.2508,=20.9165,=0.0012,=0.0651,=0.0008,=0.0016,=0.0020,=0.0027,=0.0044,=0.0673,=0.0397,=0.0271,=2633
="931271",通信设备主题,2012-12-21,=0.0065,=4831.1000,=0.3386,=73.7234,=0.7807,=25.8971,=33.3173,=36.6265,=79.1455,=113.3155,=10.9137,=0.9353,=2.2261,=2.9109,=3.6405,=8.3447,=14.2344,=6.9940,=0.9115,=1.5689,=2.0611,=2.6138,=5.7840,=9.3619,=0.0033,=0.1057,=0.0022,=0.0043,=0.0080,=0.0098,=0.0129,=0.0994,=0.1175,=0.0626,=16
="399389",国证通信,2011-12-02,=0.0098,=11082.5300,=0.3289,=32.1552,=0.4054,=15.1336,=21.7733,=45.8004,=65.1875,=153.7967,=2.9548,=0.7713,=1.3245,=1.8461,=2.4678,=3.0171,=3.8815,=2.8042,=0.9782,=0.9743,=1.4589,=1.6828,=1.9026,=3.2843,=0.0192,=0.6077,=0.0026,=0.0050,=0.0071,=0.0294,=0.0420,=0.0553,=0.0855,=0.0549,=64
="931696",科技50策略,2021-07-12,=0.0091,=26547.8000,=0.3179,=44.7054,=0.7799,=23.0047,=28.0171,=34.2436,=47.2715,=71.4621,=8.3761,=0.9264,=3.0567,=3.9352,=4.5245,=7.2059,=11.2899,=4.2090,=0.7775,=1.9010,=2.3725,=2.7094,=4.3088,=6.7093,=0.0056,=0.0911,=0.0042,=0.0063,=0.0097,=0.0121,=0.0167,=0.1061,=0.1271,=0.0618,=15
="000698",科创100,2023-08-07,=0.0009,=1901.5300,=0.3043,=91.4092,=0.0910,=60.6995,=123.8827,=209.7430,=251.6390,=337.2511,=6.4323,=0.8602,=2.7397,=3.6423,=4.2383,=6.0787,=8.5061,=7.0326,=0.6425,=4.0312,=5.1483,=6.4999,=8.3860,=10.0837,=0.0032,=0.1768,=0.0025,=0.0032,=0.0052,=0.0064,=0.0089,=0.0429,=0.0369,=0.0143,=601
="931087",科技龙头,2019-03-20,=0.0097,=6823.2200,=0.2981,=48.0701,=0.6917,=22.2848,=33.7371,=40.8968,=52.3590,=78.0359,=8.0232,=0.9622,=2.8190,=4.2381,=5.3405,=6.5814,=11.1808,=7.0182,=0.9737,=2.0316,=3.3125,=4.0121,=5.0369,=9.7717,=0.0055,=0.2364,=0.0037,=0.0053,=0.0064,=0.0086,=0.0172,=0.1100,=0.1080,=0.0526,=2101
="000858",500信息,2013-11-06,=0.0048,=13675.3800,=0.2976,=91.7152,=0.8113,=25.3805,=43.9766,=64.2576,=90.9412,=209.3531,=6.2794,=0.9773,=2.1626,=2.9041,=3.3886,=3.9462,=8.5146,=6.7439,=0.9823,=1.1229,=1.9074,=2.6879,=3.6907,=9.1355,=0.0031,=0.0251,=0.0022,=0.0044,=0.0059,=0.0072,=0.0110,=0.0403,=0.0505,=0.0256,=355
="970070",创业板人工智能,2024-07-11,=0.0088,=7687.0600,=0.2964,=55.3121,=0.0787,=48.3861,=69.3542,=80.2589,=93.4414,=119.1606,=11.3634,=0.8596,=3.3467,=5.1803,=7.2067,=10.4498,=15.2749,=8.8148,=0.7322,=3.4016,=5.0465,=6.8338,=9.2248,=12.0918,=0.0038,=0.2884,=0.0027,=0.0036,=0.0048,=0.0065,=0.0096,=0.1387,=0.1206,=0.0470,=248
="000936",中证电信,2009-07-03,=0.0072,=12870.9000,=0.2948,=29.2861,=0.5876,=14.1836,=20.2178,=26.5971,=41.2993,=123.1725,=2.8015,=0.8055,=1.2149,=1.7612,=2.3427,=2.7954,=3.6232,=2.6988,=0.9864,=0.7463,=1.0387,=1.2785,=1.8528,=3.0800,=0.0208,=0.5756,=0.0019,=0.0063,=0.0098,=0.0319,=0.0507,=0.0572,=0.0913,=0.0557,=345
="980080",成长100,2012-12-28,,,=0.2932,=63.8536,=0.7956,=39.4731,=45.5161,=50.6991,=63.9716,=83.5146,=6.9468,=0.8220,=3.0437,=3.7007,=5.7810,=6.8886,=9.2690,=3.7830,=0.7033,=2.0191,=2.4241,=3.2022,=4.4595,=5.8594,=0.0036,=0.0769,=0.0025,=0.0047,=0.0056,=0.0069,=0.0087,=0.1077,=0.1452,=0.0594,=294
="950162",科创芯片设计,2024-07-26,=0.0064,=2397.4600,=0.2887,=121.3382,=0.0210,=109.6960,=217.0864,=260.8813,=379.7514,=687.1301,=12.8579,=0.7419,=4.2582,=7.9271,=10.7235,=13.2671,=20.2102,=19.8172,=0.6539,=8.7765,=14.5143,=18.1476,=21.6192,=32.5243,=0.0016,=0.5564,=0.0010,=0.0012,=0.0015,=0.0018,=0.0029,=0.0858,=0.0713,=0.0289,=71
="931461",电子50,2009-07-22,=0.0097,=7596.3300,=0.2886,=47.2462,=0.7639,=20.3357,=30.2775,=36.3560,=49.0359,=76.5790,=6.6174,=0.9629,=2.5323,=3.1789,=3.7179,=5.3491,=9.2899,=3.2196,=0.8105,=1.1588,=1.7975,=2.0695,=3.1692,=4.5428,=0.0062,=0.1401,=0.0046,=0.0066,=0.0091,=0.0111,=0.0147,=0.0739,=0.0884,=0.0404,=445
="930652",CS电子,2015-06-05,=0.0085,=12631.6100,=0.2877,=53.1982,=0.8018,=21.2056,=33.8173,=43.2272,=53.1183,=86.1406,=6.6629,=0.9695,=2.2039,=3.1461,=3.6611,=4.8529,=9.3375,=3.6349,=0.9559,=1.4014,=2.0216,=2.3117,=3.0950,=5.0793,=0.0054,=0.0416,=0.0040,=0.0063,=0.0077,=0.0104,=0.0141,=0.0673,=0.0838,=0.0386,=490
="000994",全指电信,2011-08-02,=0.0084,=14249.5300,=0.2794,=29.7745,=0.4170,=17.6024,=21.7761,=33.4463,=52.5075,=109.2407,=2.8762,=0.7169,=1.3865,=1.8410,=2.5294,=3.0114,=3.7766,=2.7113,=0.9769,=0.9155,=1.2459,=1.5556,=1.9099,=3.1271,=0.0202,=0.6024,=0.0022,=0.0055,=0.0085,=0.0296,=0.0398,=0.0579,=0.0895,=0.0556,=235
="931248",油气资源,2023-06-12,=0.0260,=1163.2000,=0.2730,=13.2133,=0.7775,=8.9017,=10.2642,=11.4172,=13.3581,=19.0700,=1.3811,=0.8217,=1.0292,=1.1543,=1.2336,=1.3733,=1.8318,=0.7512,=0.8546,=0.4486,=0.5240,=0.5964,=0.6939,=0.9774,=0.0378,=0.1820,=0.0285,=0.0383,=0.0456,=0.0496,=0.0548,=0.0623,=0.0906,=0.0516,=60
="932087",集成电路,2023-03-29,=0.0069,=1433.4100,=0.2657,=84.3922,=0.1385,=46.1239,=97.9636,=131.7184,=151.5764,=195.7770,=7.5911,=0.8450,=3.1405,=3.9536,=5.2127,=7.3356,=11.4486,=11.9485,=0.7870,=5.8347,=7.6863,=9.1937,=12.0451,=18.6728,=0.0016,=0.4036,=0.0010,=0.0014,=0.0017,=0.0022,=0.0029,=0.0589,=0.0481,=0.0198,=60
="399990",煤炭等权,2015-01-21,=0.0255,=3608.8200,=0.2564,=19.1235,=0.8702,=5.7123,=8.6087,=10.6443,=15.5378,=144.9606,=1.8128,=0.9691,=0.8179,=1.1204,=1.3790,=1.6221,=2.0135,=1.8327,=0.9464,=0.6732,=0.9175,=1.1221,=1.4635,=2.2100,=0.0318,=0.0894,=0.0074,=0.0368,=0.0547,=0.0638,=0.1003,=0.0521,=0.0912,=0.0456,=242
="399296",创成长,2019-01-23,=0.0052,=7821.8900,=0.2550,=35.6757,=0.2998,=22.4911,=31.0716,=43.2064,=63.6630,=104.6935,=8.0258,=0.6254,=3.9463,=4.9679,=7.1283,=10.6103,=14.9802,=5.0056,=0.3843,=2.5417,=3.4877,=5.8048,=11.8255,=17.3385,=0.0086,=0.7336,=0.0016,=0.0028,=0.0063,=0.0105,=0.0200,=0.1410,=0.2040,=0.0851,=1087
="931494",消费电子,2020-06-12,=0.0094,=6361.8800,=0.2508,=50.1000,=0.7543,=20.2625,=32.2618,=38.8897,=52.1505,=77.9188,=5.8892,=0.9501,=2.1307,=2.8246,=3.5673,=5.1522,=7.9404,=2.7884,=0.8896,=1.3000,=1.6521,=2.0118,=2.6370,=3.9249,=0.0061,=0.2372,=0.0040,=0.0058,=0.0082,=0.0109,=0.0138,=0.0590,=0.0807,=0.0373,=236
="000998",中证TMT,2011-11-08,=0.0078,=3664.7500,=0.2463,=38.6528,=0.6201,=18.9989,=27.6163,=34.6676,=43.1651,=58.6698,=4.4506,=0.9019,=1.9674,=2.4618,=3.2924,=4.0638,=5.6742,=3.1280,=0.9625,=1.2505,=1.8092,=2.1806,=2.6646,=3.9991,=0.0115,=0.5727,=0.0048,=0.0068,=0.0094,=0.0185,=0.0284,=0.0650,=0.0900,=0.0493,=568
="399610",TMT50,2010-11-08,=0.0105,=11939.5700,=0.2460,=39.3997,=0.5628,=21.0331,=30.1605,=38.0229,=46.2400,=64.7172,=6.3026,=0.9580,=2.4071,=3.2240,=4.0371,=5.2527,=8.4969,=3.3672,=0.6947,=1.5843,=2.0120,=2.7305,=3.6659,=4.6782,=0.0073,=0.3828,=0.0046,=0.0061,=0.0080,=0.0121,=0.0161,=0.0881,=0.1080,=0.0497,=524
="000993",全指信息,2011-08-02,=0.0081,=10552.1900,=0.2433,=55.8821,=0.5999,=27.3163,=42.0292,=52.3654,=68.2638,=96.2351,=6.4880,=0.9695,=2.5265,=3.2907,=4.0177,=4.7054,=8.9424,=3.8927,=0.9110,=1.8009,=2.3376,=2.8258,=3.4670,=5.3826,=0.0055,=0.2592,=0.0039,=0.0053,=0.0064,=0.0084,=0.0117,=0.0622,=0.0751,=0.0332,=4108
="000935",中证信息,2009-07-03,=0.0081,=7974.9500,=0.2426,=55.7849,=0.8063,=22.3783,=36.3294,=44.9661,=55.4559,=87.4284,=6.5008,=0.9695,=2.5910,=3.3282,=4.0455,=4.9041,=8.9117,=3.8023,=0.8958,=1.7187,=2.2023,=2.7279,=3.5210,=5.2392,=0.0056,=0.1253,=0.0042,=0.0059,=0.0072,=0.0094,=0.0127,=0.0609,=0.0833,=0.0345,=1128
="931866",中证机床,2022-05-09,=-0.0028,=2222.1400,=0.2392,=51.1041,=0.7481,=28.6086,=37.0285,=40.9833,=56.5281,=85.2007,=6.1514,=0.8904,=2.8302,=3.7723,=4.3671,=5.2987,=9.1263,=4.7658,=0.8433,=2.4023,=3.1646,=3.4523,=4.4947,=7.3925,=0.0066,=0.2260,=0.0043,=0.0066,=0.0077,=0.0096,=0.0146,=0.0788,=0.1022,=0.0544,=170
="000688",科创50,2020-07-23,=0.0029,=1657.4800,=0.2331,=136.1891,=0.7854,=35.5957,=42.7326,=72.5281,=138.6649,=263.7183,=7.9319,=0.9445,=2.9443,=4.2553,=4.9313,=6.8881,=10.5365,=10.0435,=0.8309,=3.1319,=4.6097,=5.6392,=9.7532,=13.6380,=0.0021,=0.0274,=0.0016,=0.0030,=0.0045,=0.0071,=0.0110,=0.0354,=0.0347,=0.0153,=8355
="931165",新兴科技100,2019-04-25,=0.0116,=10459.8800,=0.2291,=40.9386,=0.8181,=17.0055,=23.5179,=29.9314,=40.3745,=67.3989,=9.1916,=0.9461,=3.5721,=4.3464,=5.5570,=7.7022,=13.6689,=6.5778,=0.8059,=3.0368,=3.6638,=4.8762,=6.5139,=12.4159,=0.0064,=0.1691,=0.0047,=0.0067,=0.0090,=0.0149,=0.0264,=0.1525,=0.1919,=0.0958,=525
="980030",消费电子,2015-02-17,=0.0099,=8930.5900,=0.2291,=40.2589,=0.5321,=18.6467,=31.9267,=39.2005,=47.8169,=65.6114,=4.3348,=0.8093,=2.0026,=2.6011,=3.0543,=4.2835,=6.3059,=2.2473,=0.7557,=1.1413,=1.4028,=1.5898,=2.3710,=3.4515,=0.0068,=0.2357,=0.0040,=0.0066,=0.0082,=0.0110,=0.0143,=0.0529,=0.0648,=0.0332,=389
="399998",中证煤炭,2015-02-13,=0.0268,=2423.3100,=0.2290,=19.1235,=0.8702,=5.7123,=8.6087,=10.6443,=15.5378,=144.9606,=1.8128,=0.9691,=0.8179,=1.1204,=1.3790,=1.6221,=2.0135,=1.8327,=0.9464,=0.6732,=0.9175,=1.1221,=1.4635,=2.2100,=0.0318,=0.0894,=0.0074,=0.0368,=0.0547,=0.0638,=0.1003,=0.0521,=0.0912,=0.0456,=2138
="000689",科创材料,2022-08-15,=0.0001,=1486.7700,=0.2264,=158.3878,=0.8382,=38.7753,=45.6458,=92.7275,=153.2932,=281.6880,=6.5579,=0.9769,=1.9307,=2.6615,=3.4609,=4.5524,=8.5314,=8.0018,=0.9769,=2.1963,=3.1493,=4.0719,=5.7511,=10.7722,=0.0024,=0.0221,=0.0019,=0.0044,=0.0063,=0.0078,=0.0117,=0.0260,=0.0258,=0.0159,=49
="930792",HK银行,2016-04-22,=0.0124,=5398.5400,=0.2257,=7.3651,=0.9160,=3.2659,=4.4645,=5.8967,=6.8719,=9.5632,=0.7068,=0.6797,=0.3905,=0.4964,=0.6240,=0.7971,=1.0771,=2.7345,=0.9785,=1.0519,=1.5167,=1.8842,=2.4529,=3.1066,=0.0447,=0.0657,=0.0355,=0.0496,=0.0562,=0.0743,=0.1045,,=0.0901,=0.0459,=771
="931380",科技50,2019-11-25,=0.0074,=3870.6700,=0.2251,=41.1612,=0.3967,=22.4426,=31.3619,=46.0165,=56.4250,=71.9143,=5.5996,=0.5248,=2.7627,=3.8853,=5.5154,=7.3345,=9.9144,=4.8316,=0.5978,=2.1802,=3.0814,=4.2414,=5.6393,=7.7525,=0.0095,=0.7397,=0.0035,=0.0051,=0.0076,=0.0104,=0.0163,=0.0675,=0.0951,=0.0452,=950
="000915",300信息,2007-07-02,=0.0096,=3965.2700,=0.2198,=48.3310,=0.7993,=20.6178,=34.5626,=39.8330,=48.3468,=75.5831,=6.5924,=0.9547,=2.7398,=3.5399,=4.3502,=5.6230,=9.0762,=3.2451,=0.5113,=1.6744,=2.1697,=3.1897,=4.0451,=4.9963,=0.0066,=0.2876,=0.0049,=0.0061,=0.0076,=0.0100,=0.0144,=0.0690,=0.0971,=0.0383,=23
="931250",港股通创新药,2012-07-20,=0.0550,=1219.8300,=0.2142,=36.2946,=0.4905,=21.4435,=32.6738,=36.4099,=43.9167,=63.0533,=3.9352,=0.8568,=1.5232,=1.8495,=2.3842,=3.8343,=4.5255,=6.4026,=0.7608,=1.4727,=1.7815,=2.4047,=6.5166,=7.7209,=0.0079,=0.2716,=0.0059,=0.0076,=0.0131,=0.0162,=0.0196,=0.0728,=0.1071,=0.0564,=142
="930850",智能制造,2016-07-20,=0.0001,=5802.1700,=0.2121,=49.6985,=0.7676,=23.4329,=32.7521,=41.9128,=50.3620,=78.5602,=5.7918,=0.9440,=2.5370,=3.5241,=4.1826,=5.1137,=7.7199,=3.3846,=0.7461,=1.5919,=2.3591,=2.8029,=3.5734,=5.3954,=0.0067,=0.3297,=0.0050,=0.0062,=0.0077,=0.0101,=0.0146,=0.0625,=0.0857,=0.0387,=367
="931579",东证优势成长,2020-11-09,=0.0003,=9247.3400,=0.2116,=25.4984,=0.6421,=7.9327,=14.3474,=19.3305,=30.2758,=61.0103,=5.5590,=0.7235,=0.9149,=2.6241,=3.4633,=5.9182,=9.3390,=3.9817,=0.8625,=1.1828,=2.0647,=2.4297,=3.7082,=6.0793,=0.0133,=0.4204,=0.0040,=0.0072,=0.0147,=0.0284,=0.0527,=0.1274,=0.1983,=0.0660,=160
="HSSSHID",恒生沪深港创新药精选50指数,2020-03-01,=0.0495,=9058.1300,=0.2082,=32.7280,=0.3675,=23.4861,=29.6632,=35.4087,=51.3697,=94.0285,=4.3393,=0.6608,=2.0729,=2.8237,=3.7691,=6.3006,=8.4497,=6.2223,=0.8536,=1.3432,=1.9044,=3.7697,=6.0027,=8.1459,=0.0084,=0.4560,=0.0033,=0.0050,=0.0087,=0.0120,=0.0157,=0.0807,=0.1198,=0.0708,=295
="000699",科创200,2024-08-20,=0.0144,=1591.7200,=0.2061,=185.1678,=0.3083,=128.9087,=169.0276,=227.6994,=307.8639,=388.1174,=4.3722,=0.7115,=1.9770,=3.0484,=4.0544,=4.8075,=5.6874,=6.0982,=0.4862,=3.3605,=5.1446,=6.1294,=7.3853,=8.4376,=0.0041,=0.2016,=0.0033,=0.0041,=0.0048,=0.0067,=0.0100,=0.0171,=0.0165,=0.0098,=155
="H30198",油气产业,2013-07-15,=0.0217,=2536.3600,=0.2041,=13.4406,=0.4587,=7.8064,=10.9072,=14.1517,=25.3168,=104.2111,=1.4785,=0.9556,=0.6580,=0.8192,=1.1538,=1.2729,=1.8532,=0.7789,=0.9581,=0.2505,=0.3237,=0.4852,=0.5976,=0.9554,=0.0351,=0.2141,=0.0103,=0.0345,=0.0426,=0.0469,=0.0704,=0.0677,=0.0868,=0.0494,=124
="931787",港股创新药,2018-08-14,=0.0551,=1511.8200,=0.2038,=36.2946,=0.3907,=20.8973,=29.7229,=42.7671,=78.4806,=400.8209,=3.9352,=0.7598,=1.5132,=2.3111,=3.0009,=4.1149,=5.7621,=6.4026,=0.9108,=0.8553,=1.3380,=2.1073,=3.4543,=7.7308,=0.0079,=0.3240,=0.0045,=0.0069,=0.0102,=0.0135,=0.0202,=0.0728,=0.1071,=0.0561,=809
="000958",创业成长,2010-03-24,=0.0126,=1927.2900,=0.2024,=41.1464,=0.9613,=11.9506,=17.5032,=24.3359,=30.6936,=61.3903,=10.1983,=0.9753,=2.6815,=3.7899,=5.1716,=6.4547,=14.5711,=5.7677,=0.9683,=1.2937,=1.9105,=2.5452,=3.9752,=7.7463,=0.0058,=0.1042,=0.0040,=0.0066,=0.0089,=0.0140,=0.0209,=0.1560,=0.2198,=0.1117,=674
="000171",新兴成指,2017-01-25,=0.0094,=2217.7600,=0.2020,=31.1526,=0.6819,=15.0335,=20.4154,=24.9940,=36.1302,=63.8139,=4.8713,=0.6000,=2.6324,=3.3023,=4.3741,=6.2615,=10.8185,=4.2332,=0.7616,=1.3680,=2.1241,=2.8115,=4.4495,=8.5894,=0.0126,=0.5049,=0.0042,=0.0073,=0.0126,=0.0194,=0.0271,=0.0954,=0.1371,=0.0669,=208
="932456",科创创业AI,2025-05-14,=0.0139,=3494.0300,=0.2009,=75.1723,=0.0567,=69.4448,=106.0157,=115.9414,=129.5927,=192.3777,=12.2788,=0.7701,=6.1464,=8.6215,=10.6402,=12.8700,=17.0303,=12.4589,=0.2627,=9.0747,=11.7383,=14.4342,=15.7538,=18.3647,=0.0024,=0.7433,=0.0016,=0.0018,=0.0020,=0.0025,=0.0030,=0.1046,=0.0985,=0.0422,=82
="H30535",互联网,2015-01-12,=0.0087,=5813.6100,=0.1989,=43.9253,=0.6943,=14.4753,=21.3086,=37.0616,=48.9065,=67.6316,=6.9630,=0.9720,=1.7453,=2.4486,=3.3041,=4.1586,=9.0569,=4.0016,=0.9637,=1.1519,=1.6628,=2.0305,=2.9175,=5.2637,=0.0070,=0.1422,=0.0048,=0.0073,=0.0108,=0.0121,=0.0190,=0.0990,=0.1165,=0.0500,=30
="399285",物联网50,2020-02-18,=0.0020,=7570.7200,=0.1985,=36.9001,=0.7273,=21.8675,=26.5271,=31.9639,=38.8389,=48.9860,=5.4785,=0.8403,=2.6765,=3.4219,=4.0708,=5.3540,=6.9158,=3.4930,=0.9258,=1.7407,=2.0285,=2.4814,=3.1606,=4.3982,=0.0120,=0.4698,=0.0076,=0.0096,=0.0121,=0.0147,=0.0214,=0.0846,=0.1364,=0.0709,=95
="000680",科创综指,2025-01-20,=0.0045,=1957.0200,=0.1957,=140.7499,=0.1580,=115.7401,=145.9000,=208.0336,=230.7555,=278.5830,=6.2986,=0.8222,=3.4337,=3.9870,=5.3021,=6.1828,=8.0513,=8.2128,=0.8099,=4.7291,=5.5227,=7.2525,=8.1685,=10.6066,=0.0028,=0.1481,=0.0023,=0.0029,=0.0036,=0.0050,=0.0065,=0.0286,=0.0261,=0.0124,=248
="931071",人工智能,2018-11-21,=0.0084,=2708.4300,=0.1955,=48.9051,=0.5024,=30.9003,=39.9039,=48.8459,=57.3519,=77.4016,=8.0181,=0.8964,=2.9559,=3.9252,=4.7798,=6.0048,=11.5305,=4.8042,=0.8826,=2.2000,=2.8119,=3.2340,=4.1701,=9.3591,=0.0063,=0.5003,=0.0041,=0.0054,=0.0063,=0.0086,=0.0135,=0.0993,=0.1450,=0.0648,=1385
="932038",央企科技引领,2022-11-16,=0.0052,=1774.8900,=0.1859,=71.0618,=0.7409,=31.0707,=38.0485,=45.4887,=77.5296,=100.6860,=5.2900,=0.8576,=2.7684,=3.5049,=4.0026,=5.0891,=6.8336,=5.7222,=0.8458,=2.3932,=3.1741,=3.9730,=5.5654,=7.0751,=0.0058,=0.1617,=0.0042,=0.0060,=0.0084,=0.0106,=0.0151,=0.0352,=0.0636,=0.0271,=44
=".NDX",纳斯达克100指数,1969-12-31,,,=0.1740,,,,,,,,,,,,,,,,,,,,,,,,,,,,,,,=0.1486,=4822
="1000008",沪深B股,1994-01-10,=0.0067,=297.5800,=0.1724,=25.0902,=0.6967,=7.0835,=12.9417,=17.5164,=30.7740,=97.5837,=0.8257,=0.4475,=0.6594,=0.7810,=0.8392,=1.0041,=1.4891,=0.5496,=0.6910,=0.3777,=0.4474,=0.5017,=0.5796,=1.1545,=0.0446,=0.8274,=0.0157,=0.0283,=0.0362,=0.0439,=0.1455,,=0.0269,=0.0232,=373
="932069",港股通医疗主题,2022-07-21,=0.0382,=1161.3100,=0.1722,=38.8215,=0.8372,=20.9778,=26.4667,=31.0592,=37.3903,=51.0900,=2.6368,=0.8372,=1.4397,=1.6351,=2.0649,=2.6032,=3.0086,=1.4835,=0.8974,=0.6760,=0.7804,=1.0128,=1.4247,=1.6308,=0.0114,=0.3695,=0.0073,=0.0087,=0.0125,=0.0158,=0.0250,,=0.0584,=0.0495,=25
="950333",智选创新价值,2024-09-25,=0.0077,=2657.8400,=0.1695,=341.3243,=0.3237,=62.6254,=109.7040,=1742.0129,=-368.8385,=5158.8110,=4.2400,=0.9232,=1.6564,=2.1794,=2.6259,=3.1993,=5.3226,=5.1562,=0.9004,=1.6015,=2.1399,=2.7709,=3.1803,=6.7566,=0.0027,=0.1120,=0.0019,=0.0047,=0.0068,=0.0103,=0.0136,=0.0142,=-0.0164,=0.0020,=19
="CN5075",国证信创,2015-02-16,,,=0.1680,=70.8653,=0.3961,=39.3034,=50.1192,=77.8108,=124.0857,=152.0158,=7.6591,=0.8309,=3.0386,=3.6132,=5.3430,=7.4790,=10.9595,=5.9173,=0.8501,=2.8415,=3.7248,=4.4813,=5.7135,=8.6847,=0.0027,=0.1231,=0.0018,=0.0029,=0.0056,=0.0077,=0.0108,=0.0739,=0.0598,=0.0281,=34
="HSHK35",恒生香港35,2003-01-20,=0.0084,=3330.2200,=0.1667,=14.8548,=0.5483,=9.7413,=12.2188,=14.5203,=17.6563,=47.6465,=1.3210,=0.9724,=0.7649,=0.9601,=1.1030,=1.2403,=1.3663,=3.4687,=0.9184,=2.1814,=2.5966,=2.9167,=3.2042,=3.7366,=0.0367,=0.3396,=0.0206,=0.0332,=0.0387,=0.0462,=0.0628,,=0.0735,=0.0380,=115
="399667",创业成长,2013-01-07,=0.0066,=6437.6800,=0.1648,=32.9899,=0.2917,=21.3636,=29.5830,=38.2560,=51.7989,=90.9628,=6.6599,=0.7503,=2.9224,=4.0916,=4.8762,=7.5404,=10.8589,=5.1002,=0.6049,=2.4713,=3.4035,=4.6759,=6.5884,=10.3001,=0.0090,=0.7548,=0.0027,=0.0042,=0.0064,=0.0096,=0.0182,=0.1116,=0.1635,=0.0819,=103
="931643",科创创业50,2021-06-01,=0.0082,=2322.8200,=0.1644,=51.4456,=0.6517,=22.6109,=28.9676,=40.5264,=59.6859,=92.9106,=7.9162,=0.8239,=3.3216,=4.2448,=5.2379,=7.5385,=12.1685,=7.3625,=0.7952,=2.7030,=3.4652,=4.6817,=7.4269,=14.6821,=0.0059,=0.3724,=0.0024,=0.0040,=0.0073,=0.0114,=0.0174,=0.0834,=0.1190,=0.0543,=2058
="HSBIO",恒生生物科技指数,2019-12-01,=0.0506,=16449.5700,=0.1602,=33.5910,=0.3317,=20.8275,=30.7129,=51.4167,=135.9310,=62737.8398,=3.4410,=0.6498,=1.5084,=2.1710,=2.9783,=4.2963,=6.7821,=1.9294,=0.7172,=0.7434,=1.1062,=1.5481,=2.1219,=3.5303,=0.0098,=0.5131,=0.0037,=0.0061,=0.0097,=0.0132,=0.0198,,=0.1070,=0.0655,=694
="931785",智选沪深港科技50,2025-06-27,=0.0089,=2765.3900,=0.1595,=42.6567,=0.8269,=31.7791,=35.4360,=37.7657,=41.7128,=55.2390,=5.5414,=0.8494,=3.8679,=4.4215,=4.8774,=5.4416,=6.1942,=3.7461,=0.9359,=2.2695,=2.6356,=3.0505,=3.5238,=4.0650,=0.0050,=0.0577,=0.0046,=0.0057,=0.0076,=0.0089,=0.0100,=0.0654,=0.1262,=0.0578,=12
="930713",CS人工智,2015-07-31,=0.0107,=6113.1700,=0.1574,=49.8307,=0.3605,=24.8131,=43.8200,=53.1903,=62.1861,=90.1869,=7.9427,=0.9674,=2.8384,=3.9100,=4.7032,=5.4173,=10.4087,=4.7076,=0.8888,=2.3148,=3.1674,=3.7883,=4.3178,=6.3979,=0.0062,=0.5237,=0.0041,=0.0051,=0.0061,=0.0078,=0.0120,=0.0894,=0.1245,=0.0501,=1094
="000986",全指能源,2011-08-02,=0.0220,=2687.4300,=0.1513,=13.9964,=0.5723,=6.8032,=9.9968,=13.3530,=18.6586,=75.0146,=1.4387,=0.9238,=0.7554,=0.9688,=1.1801,=1.3241,=1.7977,=0.8661,=0.9493,=0.3323,=0.4459,=0.5658,=0.7318,=1.0524,=0.0378,=0.2641,=0.0098,=0.0350,=0.0439,=0.0544,=0.0769,=0.0593,=0.0918,=0.0507,=614
="000928",中证能源,2009-07-03,=0.0207,=3390.5000,=0.1506,=13.5066,=0.5398,=6.9612,=9.7906,=13.1496,=18.8005,=68.9647,=1.4362,=0.9201,=0.7281,=0.9359,=1.1587,=1.3083,=1.8006,=0.8511,=0.9489,=0.3162,=0.4106,=0.5305,=0.7130,=1.0383,=0.0390,=0.2616,=0.0106,=0.0367,=0.0464,=0.0557,=0.0717,=0.0607,=0.0960,=0.0525,=1296
="931159",创新100,2019-05-16,=0.0032,=3903.8800,=0.1479,=34.9270,=0.4188,=24.8309,=32.3796,=36.2640,=46.2735,=59.7307,=5.0732,=0.6685,=2.9189,=3.7074,=4.4085,=5.5631,=7.4325,=4.2661,=0.6764,=2.3351,=3.1811,=3.8325,=4.8687,=6.6085,=0.0101,=0.6383,=0.0044,=0.0062,=0.0089,=0.0126,=0.0177,=0.0789,=0.1244,=0.0662,=236
="930719",CS精准医,2015-08-05,=0.0475,=3049.4300,=0.1471,=36.9287,=0.1733,=29.3195,=37.6322,=51.5588,=66.7171,=102.1078,=4.9236,=0.3223,=3.4982,=4.5606,=5.9507,=8.9248,=14.5104,=7.2220,=0.4725,=5.1956,=6.1979,=7.3797,=10.5514,=18.8625,=0.0071,=0.5434,=0.0022,=0.0041,=0.0068,=0.0105,=0.0164,=0.0753,=0.1091,=0.0540,=345
="399326",成长40,2006-01-24,=-0.0008,=7292.4900,=0.1454,=25.6050,=0.3692,=11.4413,=22.5069,=27.5851,=33.2868,=67.8360,=5.5225,=0.6741,=2.3502,=3.7081,=4.7255,=6.5226,=10.3842,=3.0712,=0.5039,=1.6605,=2.3239,=3.0629,=3.9346,=5.1844,=0.0133,=0.7895,=0.0046,=0.0073,=0.0096,=0.0135,=0.0218,=0.1406,=0.2161,=0.0931,=275
="931409",SHS创新药,2020-02-20,=0.0477,=2405.0300,=0.1405,=42.0290,=0.5996,=24.9819,=34.7248,=39.8124,=58.7066,=94.9889,=4.6766,=0.6315,=2.3431,=3.2968,=4.1760,=6.2599,=8.9149,=6.8078,=0.8511,=2.2896,=3.2191,=4.1433,=6.5944,=8.2645,=0.0083,=0.4718,=0.0036,=0.0052,=0.0084,=0.0113,=0.0166,=0.0772,=0.0994,=0.0625,=329
="931718",高端造质量成长50,2021-08-25,=0.0108,=3289.7800,=0.1384,=35.7468,=0.7209,=16.3078,=22.2401,=29.1109,=36.9808,=49.4696,=6.2092,=0.8202,=3.1255,=3.9511,=4.9065,=6.0888,=8.5001,=4.2498,=0.8544,=1.7207,=2.2608,=3.0494,=3.8751,=5.6653,=0.0096,=0.3946,=0.0046,=0.0067,=0.0108,=0.0147,=0.0205,=0.0895,=0.1450,=0.0725,=30
="930967",港股通信息C,2017-06-23,=0.0033,=5251.5000,=0.1374,=56.8489,=0.9536,=9.7009,=25.9468,=35.2413,=45.9135,=82.6684,=3.5898,=0.4877,=1.0827,=1.5144,=3.7742,=5.9047,=9.2789,=1.6314,=0.4908,=0.3926,=0.6367,=1.7033,=4.3700,=6.3504,=0.0043,=0.1322,=0.0029,=0.0046,=0.0058,=0.0110,=0.0212,,=0.0910,=0.0436,=21
="931582",数字经济,2020-11-09,=0.0044,=1676.7400,=0.1357,=53.5679,=0.5888,=35.0365,=44.0504,=50.6414,=66.7681,=88.8203,=7.0626,=0.8540,=3.4564,=4.9413,=5.7117,=6.7577,=9.8458,=6.3891,=0.6281,=2.4970,=4.0402,=5.9212,=7.6525,=11.8341,=0.0046,=0.1726,=0.0032,=0.0047,=0.0057,=0.0066,=0.0087,=0.0766,=0.0954,=0.0433,=192
="399374",中盘成长,2010-01-04,=0.0038,=5190.5300,=0.1354,=26.8462,=0.7429,=12.0664,=16.7038,=22.9723,=27.5086,=34.9289,=3.9086,=0.9262,=1.8942,=2.4100,=3.1271,=3.6325,=4.6865,=2.5412,=0.8364,=0.9013,=1.6610,=2.2047,=2.4802,=3.0491,=0.0125,=0.3791,=0.0084,=0.0109,=0.0145,=0.0210,=0.0349,=0.0845,=0.1248,=0.0613,=205
="931994",电网设备主题,2022-10-11,=0.0150,=2863.0800,=0.1348,=31.2704,=0.8333,=15.6741,=20.2799,=23.2623,=30.1437,=44.9431,=3.0477,=0.8469,=1.9713,=2.2971,=2.4782,=2.9026,=4.2080,=2.0502,=0.8531,=1.2895,=1.4812,=1.6201,=1.8790,=2.7882,=0.0118,=0.2698,=0.0088,=0.0111,=0.0133,=0.0164,=0.0189,=0.0513,=0.0975,=0.0508,=317
="930965",HKC医药C,2017-06-23,=0.0479,=3660.8000,=0.1296,=38.3089,=0.5470,=18.1989,=25.8664,=33.8795,=71.7955,=6384.2329,=2.7402,=0.5224,=1.4216,=1.9526,=2.6893,=3.6803,=6.9841,=1.6147,=0.7621,=0.7160,=1.0355,=1.3368,=1.7098,=3.7092,=0.0104,=0.4211,=0.0038,=0.0079,=0.0109,=0.0142,=0.0248,,=0.0655,=0.0482,=163
="931235",中证电信,2022-07-21,=0.0038,=3058.5500,=0.1279,=30.9343,=0.9358,=15.5242,=18.8379,=21.7170,=26.9988,=36.3009,=2.9617,=0.9506,=0.8741,=1.6442,=1.9559,=2.3980,=3.4857,=2.7578,=0.9496,=0.6427,=1.4226,=1.7353,=2.2245,=3.2153,=0.0194,=0.1087,=0.0135,=0.0238,=0.0300,=0.0335,=0.0573,=0.0568,=0.0917,=0.0560,=66
="399970",移动互联,2014-05-05,=0.0068,=5016.2300,=0.1244,=42.6905,=0.6127,=21.2604,=32.0602,=40.2173,=49.0627,=64.0807,=5.0035,=0.6984,=2.3944,=3.2977,=4.0684,=5.7108,=7.9573,=2.7082,=0.6020,=1.5790,=2.0679,=2.5540,=3.2165,=4.6665,=0.0080,=0.4602,=0.0043,=0.0058,=0.0083,=0.0107,=0.0143,=0.0619,=0.0808,=0.0398,=475
="399439",国证油气,2014-12-30,=0.0213,=2163.7200,=0.1236,=13.1673,=0.4602,=7.2448,=10.6844,=14.0439,=28.0307,=98.7831,=1.3887,=0.9279,=0.6716,=0.7849,=1.1601,=1.2746,=1.8382,=0.7494,=0.9534,=0.2370,=0.3183,=0.5045,=0.6052,=0.9735,=0.0379,=0.2831,=0.0101,=0.0353,=0.0425,=0.0469,=0.0731,=0.0623,=0.0921,=0.0521,=110
="399991",一带一路,2015-02-16,=0.0119,=3328.9000,=0.1231,=17.4875,=0.7017,=9.4567,=11.6727,=14.1037,=19.0638,=34.5905,=1.6543,=0.9778,=1.0035,=1.1547,=1.2476,=1.4630,=1.7874,=0.7120,=0.9650,=0.3598,=0.4252,=0.4778,=0.6244,=0.7793,=0.0231,=0.2748,=0.0109,=0.0219,=0.0280,=0.0340,=0.0441,=0.0495,=0.0795,=0.0442,=587
="399364",消费100,2009-08-03,=0.0103,=12118.3800,=0.1227,=35.9912,=0.8254,=15.8540,=22.8337,=26.9928,=35.2237,=49.3766,=5.0126,=0.8089,=2.6561,=3.3157,=3.7872,=4.9282,=7.3266,=2.4987,=0.7871,=1.3127,=1.6863,=1.9277,=2.5396,=4.2956,=0.0121,=0.2405,=0.0070,=0.0116,=0.0159,=0.0191,=0.0241,=0.0714,=0.1191,=0.0654,=318
="HSSCHKC",恒生港股通香港公司指数,2017-11-20,=0.0069,=3488.5200,=0.1226,=14.0198,=0.4508,=9.9660,=12.2636,=14.3503,=17.9370,=45.2058,=1.3556,=0.9729,=0.8018,=0.9569,=1.1031,=1.2565,=1.4044,=3.3758,=0.9821,=1.7566,=2.0807,=2.4006,=2.8078,=3.5613,=0.0363,=0.3290,=0.0202,=0.0342,=0.0389,=0.0465,=0.0626,=0.0598,,=0.0392,=14
="930599",中证高装,2015-03-02,=0.0069,=9444.7700,=0.1206,=40.8932,=0.7190,=19.5438,=27.7467,=34.6700,=44.9140,=65.7817,=4.3046,=0.9460,=1.8509,=2.5592,=3.1132,=3.7876,=5.5770,=2.4253,=0.8063,=1.2322,=1.6106,=1.9498,=2.4205,=3.1551,=0.0090,=0.4590,=0.0049,=0.0067,=0.0092,=0.0120,=0.0171,=0.0557,=0.0865,=0.0428,=125
="000962",中证中游,2010-04-16,=0.0068,=5267.2500,=0.1176,=32.0325,=0.8727,=12.7529,=17.3536,=20.1671,=27.3195,=43.3218,=3.2490,=0.9658,=1.5782,=1.9009,=2.2578,=2.6242,=4.0998,=1.6175,=0.9683,=0.6672,=0.8352,=0.9935,=1.1477,=2.0187,=0.0114,=0.2410,=0.0081,=0.0109,=0.0151,=0.0183,=0.0221,=0.0511,=0.0826,=0.0418,=16
=".INX",标普500,1957-03-04,=0.0017,=7650.5000,=0.1176,=25.8167,=0.6017,=15.6907,=21.8580,=24.4026,=28.6925,=42.9883,=5.5429,=0.9594,=2.4601,=3.2662,=4.0184,=4.8815,=5.7725,=3.5650,=0.9674,=1.5801,=2.1150,=2.4298,=3.0668,=3.6930,=0.0106,=0.0760,=0.0097,=0.0120,=0.0158,=0.0191,=0.0253,,,=0.0949,=9727
="930820",CS高端制,2016-05-11,=0.0088,=9452.2100,=0.1164,=43.0360,=0.7833,=21.5994,=28.9923,=36.5779,=43.8020,=58.8118,=4.1517,=0.8731,=2.0597,=2.7148,=3.1889,=3.9302,=5.2414,=2.6547,=0.8756,=1.1980,=1.7166,=2.0514,=2.5111,=3.3599,=0.0088,=0.3152,=0.0055,=0.0081,=0.0098,=0.0124,=0.0171,=0.0535,=0.0816,=0.0422,=321
="930939",500质量,2018-11-21,=0.0059,=23613.9900,=0.1124,=18.8903,=0.7649,=10.4098,=14.0369,=16.3184,=19.4191,=27.8330,=2.2418,=0.5155,=1.6614,=2.0745,=2.2355,=2.4740,=3.9191,=2.0299,=0.9111,=0.9583,=1.2034,=1.4693,=1.8644,=2.9319,=0.0182,=0.3603,=0.0117,=0.0164,=0.0196,=0.0252,=0.0319,=0.0639,=0.1144,=0.0638,=471
="HSCAUPG",恒生A股电网设备指数,2022-02-01,=0.0139,=12139.9200,=0.1120,=30.3087,=0.6859,=14.0500,=20.4316,=26.6924,=32.6553,=44.2989,=3.2177,=0.8621,=1.1430,=1.3781,=1.4832,=3.0681,=4.3665,=1.8789,=0.7447,=0.4613,=0.5511,=0.6138,=2.0528,=2.8319,=0.0120,=0.2464,=0.0077,=0.0108,=0.0196,=0.0219,=0.0302,=0.0508,=0.1023,=0.0654,=0
="H11140",香港红利,2009-07-23,=0.0116,=4057.4000,=0.1112,=7.4749,=0.7694,=3.0693,=4.4554,=5.9842,=7.6510,=13.9623,=0.7144,=0.6244,=0.3833,=0.5103,=0.6296,=0.8633,=1.1652,=1.1868,=0.6896,=0.5431,=0.7464,=0.9724,=1.2892,=2.1349,=0.0534,=0.1544,=0.0382,=0.0553,=0.0632,=0.0876,=0.1281,=0.0477,=0.0912,=0.0482,=58
="H30106",H300金融服务,2013-05-21,=0.0094,=1675.4700,=0.1072,=6.8010,=0.4564,=4.0175,=5.3642,=6.9725,=7.7434,=11.1922,=0.7746,=0.5865,=0.4470,=0.5777,=0.7402,=0.9054,=1.2489,=1.9654,=0.8358,=0.8557,=1.1816,=1.4771,=1.9277,=2.3593,=0.0448,=0.3291,=0.0288,=0.0433,=0.0472,=0.0664,=0.0918,,=0.1014,=0.0500,=26
="399803",工业4.0,2015-02-13,=-0.0004,=5945.5600,=0.1053,=37.3381,=0.5216,=19.7294,=27.9595,=36.1151,=46.4369,=61.8732,=4.7760,=0.5962,=2.6645,=3.4308,=4.3469,=5.6549,=8.0266,=2.2020,=0.3605,=1.5023,=2.0108,=2.4950,=3.2050,=4.4565,=0.0101,=0.5686,=0.0032,=0.0063,=0.0089,=0.0123,=0.0202,=0.0655,=0.1072,=0.0509,=490
="930712",CS物联网,2015-07-31,=0.0037,=4598.5000,=0.1026,=31.5017,=0.4660,=21.9217,=27.4652,=32.2258,=37.0701,=50.1215,=4.6912,=0.7351,=2.7515,=3.4472,=4.0810,=4.9792,=7.1882,=2.4688,=0.7866,=1.2084,=1.7388,=2.0114,=2.5506,=3.5102,=0.0131,=0.7169,=0.0070,=0.0089,=0.0114,=0.0139,=0.0190,=0.0871,=0.1340,=0.0721,=169
="399291",创精选88,2019-11-06,=0.0127,=5016.0300,=0.0979,=50.7138,=0.3998,=32.8940,=42.3850,=54.0297,=64.8635,=106.4385,=3.2812,=0.4144,=1.8895,=2.8645,=3.3992,=3.9081,=4.9331,=3.5386,=0.6831,=1.9655,=2.6386,=3.1333,=4.2725,=5.5728,=0.0093,=0.7885,=0.0042,=0.0052,=0.0072,=0.0095,=0.0134,=0.0357,=0.0556,=0.0303,=42
="950580",上证580,2025-06-16,=0.0118,=2152.6200,=0.0976,=56.5380,=0.1511,=50.4504,=57.4928,=67.0433,=71.2918,=79.6458,=2.3953,=0.5884,=1.8567,=2.2462,=2.3457,=2.6045,=2.8840,=1.8066,=0.3215,=1.5076,=1.7367,=1.8912,=1.9759,=2.1496,=0.0092,=0.4051,=0.0076,=0.0085,=0.0094,=0.0099,=0.0116,=0.0272,=0.0354,=0.0231,=11
="931495",工业互联,2020-07-08,=0.0017,=3586.5300,=0.0962,=28.1156,=0.1261,=23.1262,=29.4871,=38.1520,=53.4001,=70.8207,=4.3444,=0.3305,=2.9026,=3.8845,=4.7351,=6.3572,=7.9366,=1.9327,=0.2641,=1.4018,=1.8310,=2.2719,=3.6890,=4.6375,=0.0129,=0.7565,=0.0034,=0.0047,=0.0082,=0.0135,=0.0182,=0.0803,=0.1349,=0.0622,=0
="000151",上国红利,2012-07-20,=0.0154,=1672.6700,=0.0949,=8.8737,=0.9749,=4.5075,=5.3657,=7.0140,=7.9852,=10.0345,=0.7887,=0.5999,=0.5268,=0.6189,=0.7509,=0.9617,=1.3272,=1.0887,=0.5262,=0.6026,=0.8953,=1.0751,=1.2978,=1.6854,=0.0426,=0.1067,=0.0346,=0.0443,=0.0513,=0.0650,=0.0754,=0.0453,=0.0803,=0.0499,=246
="931186",中证科技,2019-05-30,=0.0093,=7324.5100,=0.0943,=31.7790,=0.2607,=19.1938,=30.4834,=36.1756,=46.2087,=73.9401,=4.3290,=0.4336,=2.6301,=3.6292,=4.5701,=6.3263,=8.1242,=2.6375,=0.4229,=1.4264,=2.1017,=2.7903,=4.5043,=6.0737,=0.0120,=0.7517,=0.0037,=0.0054,=0.0086,=0.0128,=0.0201,=0.0662,=0.1226,=0.0581,=961
="930758",凤凰50,2018-11-21,=0.0057,=8697.0100,=0.0917,=13.8256,=0.5181,=8.6050,=10.8348,=13.6399,=15.7233,=22.7753,=1.8862,=0.6907,=1.0496,=1.4496,=1.6837,=2.0666,=3.0708,=2.1747,=0.8979,=0.3622,=0.7548,=1.3337,=1.9203,=3.4064,=0.0331,=0.8653,=0.0097,=0.0229,=0.0283,=0.0308,=0.0478,=0.0700,=0.1135,=0.0671,=76
="930716",CS物流,2015-07-31,=0.0167,=1278.8100,=0.0891,=16.5265,=0.4112,=6.6312,=13.0083,=17.9934,=33.2533,=505.8138,=1.3151,=0.2480,=1.1511,=1.2936,=1.9558,=2.5167,=3.8580,=0.4970,=0.6889,=0.2137,=0.3289,=0.4559,=0.6218,=1.0427,=0.0293,=0.6440,=0.0055,=0.0093,=0.0126,=0.0374,=0.0692,=0.0443,=0.0542,=0.0395,=248
="932596",港股通红利低波,2016-02-04,=0.0100,=4217.1500,=0.0872,=7.9915,=0.4534,=7.1792,=7.7982,=8.0184,=8.2478,=8.5745,=0.7464,=0.6275,=0.6528,=0.6978,=0.7331,=0.7554,=0.7956,=1.3754,=0.8462,=1.2161,=1.2866,=1.3386,=1.3693,=1.4305,=0.0498,=0.3239,=0.0473,=0.0491,=0.0522,=0.0546,=0.0579,=0.0463,=0.0894,,=111
="HSSCHKY",恒生港股通高股息率指数,2019-11-01,=0.0075,=2688.4400,=0.0850,=7.6450,=0.8863,=3.8979,=4.9573,=5.9776,=7.3123,=8.4533,=0.7168,=0.8863,=0.4277,=0.5187,=0.5833,=0.6905,=0.8197,=1.2174,=0.8827,=0.5333,=0.7004,=0.8907,=1.1393,=1.3442,=0.0525,=0.0766,=0.0482,=0.0560,=0.0660,=0.0838,=0.1067,,=0.0891,=0.0459,=512
="000015",红利指数,2005-01-04,=0.0145,=3293.3900,=0.0842,=8.8804,=0.9596,=4.6646,=5.5108,=7.0887,=8.1304,=10.4439,=0.8619,=0.6469,=0.5525,=0.6398,=0.7654,=1.0118,=1.3875,=1.4920,=0.9481,=0.7277,=0.8913,=1.1536,=1.3588,=1.6890,=0.0409,=0.1368,=0.0330,=0.0427,=0.0514,=0.0644,=0.0757,=0.0478,=0.0885,=0.0409,=14311
="H11153",内地国有,2010-07-30,=0.0100,=926.9300,=0.0835,=7.4680,=0.6280,=3.8321,=5.3228,=6.8435,=8.1182,=10.6098,=0.7999,=0.6094,=0.4563,=0.5948,=0.7182,=0.9004,=1.1585,=1.2274,=0.9044,=0.5182,=0.7364,=0.9227,=1.1629,=1.3703,=0.0485,=0.3509,=0.0367,=0.0455,=0.0528,=0.0741,=0.1043,=0.0540,=0.0985,=0.0498,=2
="932420",智选船舶产业,2025-05-28,=0.0304,=1562.8800,=0.0814,=19.0827,=0.6769,=12.9248,=14.2543,=17.3224,=19.7414,=21.8048,=1.5232,=0.9846,=1.1414,=1.2463,=1.3306,=1.4296,=1.5726,=1.0776,=0.9200,=0.8043,=0.8864,=0.9682,=1.0375,=1.1519,=0.0247,=0.1569,=0.0219,=0.0250,=0.0287,=0.0317,=0.0350,=0.0462,=0.0735,=0.0406,=21
="H11146",港股通内地金融,2010-06-02,=0.0125,=1188.2700,=0.0796,=5.8936,=0.4767,=3.2759,=4.5177,=6.0197,=6.7406,=9.2347,=0.6403,=0.4629,=0.3797,=0.4938,=0.6563,=0.8677,=1.1859,=1.5614,=0.7467,=0.6692,=0.9478,=1.3188,=1.6010,=2.1885,=0.0477,=0.4171,=0.0302,=0.0445,=0.0500,=0.0726,=0.0994,,=0.0970,=0.0476,=52
="HSHCI",恒生医疗保健指数,2015-08-17,=0.0480,=3947.8700,=0.0782,=32.1245,=0.4586,=15.9973,=23.4381,=33.4048,=116.8549,=143059.6617,=2.9427,=0.6174,=1.4805,=2.2594,=2.6812,=3.4864,=7.0432,=1.8818,=0.8054,=0.8149,=1.0324,=1.3235,=1.8620,=3.5391,=0.0115,=0.5240,=0.0038,=0.0082,=0.0113,=0.0147,=0.0248,,=0.0980,=0.0541,=1754
="399996",智能家居,2014-09-17,=0.0054,=4954.8900,=0.0778,=31.6183,=0.6959,=17.5405,=23.3761,=27.7637,=33.7543,=47.8369,=4.2377,=0.8570,=2.2523,=2.8549,=3.4666,=4.1151,=5.3919,=2.1576,=0.8228,=1.0942,=1.4673,=1.7632,=2.1111,=2.7965,=0.0142,=0.4990,=0.0087,=0.0108,=0.0142,=0.0175,=0.0235,=0.0682,=0.1118,=0.0573,=212
="000908",300能源,2007-07-02,=0.0173,=2544.8838,=0.0766,=12.9656,=0.4961,=6.9395,=9.4585,=13.0291,=19.0784,=62.7889,=1.4561,=0.9320,=0.7125,=0.8868,=1.1430,=1.2958,=1.8071,=0.8514,=0.9497,=0.3053,=0.3856,=0.5121,=0.6986,=1.0302,=0.0410,=0.2769,=0.0113,=0.0383,=0.0493,=0.0598,=0.0754,=0.0635,=0.1004,=0.0549,=275
="HSCSOE",恒生中国央企指数,2023-01-01,=0.0077,=3868.6100,=0.0761,=7.5276,=0.7013,=4.9972,=5.5925,=6.2843,=7.7925,=8.5526,=0.7650,=0.7954,=0.5264,=0.5951,=0.6422,=0.7662,=0.8375,=0.9329,=0.8173,=0.5404,=0.5989,=0.6838,=0.9238,=1.0234,=0.0495,=0.1510,=0.0450,=0.0510,=0.0675,=0.0772,=0.0871,=0.0533,=0.0956,=0.0480,=122
="987016",港股通红利低波,2021-11-18,,,=0.0741,=7.4770,=0.8907,=3.4544,=4.3205,=5.0547,=6.9519,=8.0054,=0.7285,=0.9695,=0.4152,=0.4894,=0.5432,=0.6755,=0.7549,=1.1108,=0.7847,=0.5827,=0.6625,=0.8095,=1.1196,=1.3012,=0.0548,=0.0983,=0.0488,=0.0584,=0.0804,=0.0922,=0.1160,=0.0478,=0.0893,=0.0462,=190
="932153",港股通价值策略,2025-04-30,=0.0097,=1128.4800,=0.0739,=9.1842,=0.1134,=8.1696,=9.4734,=10.0483,=10.3558,=10.9237,=0.8113,=0.1860,=0.7012,=0.8164,=0.8709,=0.8982,=0.9365,=0.9597,=0.1919,=0.8168,=0.9637,=1.0197,=1.0611,=1.1126,=0.0436,=0.6948,=0.0397,=0.0414,=0.0429,=0.0445,=0.0538,,=0.0817,=0.0427,=16
="931469",云计算50,2020-06-12,=0.0065,=3970.1800,=0.0719,=54.8707,=0.0978,=43.1726,=58.2938,=68.5326,=81.6601,=130.8911,=9.0247,=0.9448,=3.0031,=3.9024,=5.1506,=6.5003,=11.7205,=4.8540,=0.9179,=2.2186,=2.9015,=3.5537,=4.3446,=6.4913,=0.0030,=0.0893,=0.0021,=0.0033,=0.0042,=0.0056,=0.0085,=0.0988,=0.1212,=0.0461,=71
="399276",创科技,2020-10-26,=0.0042,=8662.3100,=0.0689,=32.1344,=0.3800,=20.4624,=26.5345,=37.6255,=56.1660,=84.1667,=5.9206,=0.5150,=3.5855,=4.4473,=5.8669,=8.3907,=12.0896,=4.7526,=0.4914,=2.4145,=3.3937,=4.8347,=8.3366,=12.2359,=0.0117,=0.6829,=0.0023,=0.0035,=0.0092,=0.0160,=0.0221,=0.1025,=0.1724,=0.0811,=12
="000066",上证商品,2010-04-30,=0.0086,=3759.5600,=0.0659,=14.1404,=0.4409,=7.9120,=11.1675,=14.9691,=22.3145,=53.0538,=1.7533,=0.9456,=0.9403,=1.2112,=1.3431,=1.5145,=2.2405,=0.9706,=0.9382,=0.4082,=0.5256,=0.6502,=0.7884,=1.2223,=0.0335,=0.3951,=0.0093,=0.0294,=0.0356,=0.0466,=0.0603,=0.0732,=0.1091,=0.0584,=92
="931187",科技100,2019-05-30,=0.0095,=4909.0200,=0.0639,=27.5850,=0.5653,=18.1467,=22.2450,=26.3803,=34.8698,=49.5031,=3.6145,=0.5901,=2.3703,=2.7982,=3.3849,=4.2433,=5.4633,=2.4679,=0.6627,=1.2579,=1.6419,=2.0831,=2.7128,=4.1304,=0.0135,=0.7230,=0.0052,=0.0083,=0.0119,=0.0140,=0.0184,=0.0693,=0.0911,=0.0562,=861
="931142",东证竞争,2019-03-20,=0.0063,=1979.0500,=0.0636,=17.8912,=0.8453,=9.8569,=11.9640,=14.1154,=16.4543,=27.8877,=2.8524,=0.8184,=1.5408,=1.7340,=2.0781,=2.6825,=4.6703,=2.7689,=0.8640,=0.9384,=1.2803,=1.7564,=2.3671,=3.1903,=0.0253,=0.4564,=0.0120,=0.0223,=0.0261,=0.0328,=0.0399,=0.0832,=0.1629,=0.0829,=218
="H30597",新材料,2015-02-13,=0.0002,=4404.9700,=0.0618,=29.8126,=0.4326,=14.0729,=21.7626,=33.0831,=43.4235,=70.6085,=3.4406,=0.3840,=2.1817,=2.8826,=3.6613,=5.2685,=8.9168,=2.2827,=0.3123,=1.2938,=2.0086,=2.7204,=3.7927,=7.1680,=0.0146,=0.8014,=0.0037,=0.0060,=0.0109,=0.0146,=0.0237,=0.0670,=0.0908,=0.0430,=324
="399006",创业板指,2010-06-01,=0.0080,=3399.5900,=0.0613,=38.6631,=0.3461,=22.8885,=32.3387,=41.8764,=55.2938,=79.6826,=5.6447,=0.6757,=3.0035,=4.0151,=4.8509,=6.5359,=9.5804,=4.0312,=0.3457,=2.3312,=3.4103,=4.4899,=5.9725,=8.4805,=0.0093,=0.7668,=0.0032,=0.0049,=0.0065,=0.0098,=0.0180,=0.0875,=0.1330,=0.0661,=16928
="HSMCHYI",恒生港股通中国内地企业红利指数,2019-09-01,=0.0051,=2943.9000,=0.0579,=7.0151,=0.8148,=3.7550,=5.0593,=5.8756,=6.9526,=7.9027,=0.7621,=0.8953,=0.4590,=0.5808,=0.6439,=0.7436,=0.8175,=1.1228,=0.9068,=0.5101,=0.6898,=0.8041,=0.9438,=1.2126,=0.0510,=0.0966,=0.0474,=0.0533,=0.0617,=0.0790,=0.1052,,=0.0995,=0.0500,=288
="399293",创业大盘,2019-04-18,=0.0094,=6851.6800,=0.0573,=33.7936,=0.3201,=20.6573,=29.6614,=41.0759,=53.9364,=71.9327,=6.2773,=0.5020,=3.4452,=4.7513,=6.2712,=9.1395,=13.4901,=4.4799,=0.3178,=2.8408,=4.0544,=5.6520,=9.8002,=14.8309,=0.0099,=0.6805,=0.0029,=0.0046,=0.0073,=0.0117,=0.0196,=0.1045,=0.1554,=0.0782,=182
="932039",央企股东回报,2022-11-16,=0.0155,=1676.2800,=0.0564,=12.6137,=0.8670,=8.0198,=9.7407,=11.1164,=12.1368,=13.8005,=1.2432,=0.8877,=0.8847,=1.0169,=1.1202,=1.1927,=1.4098,=0.8139,=0.9040,=0.3642,=0.4270,=0.5345,=0.7311,=0.8821,=0.0417,=0.1919,=0.0383,=0.0417,=0.0447,=0.0472,=0.0553,=0.0509,=0.0905,=0.0450,=137
="000009",上证380,2010-11-29,=0.0057,=6940.1600,=0.0534,=29.3393,=0.8937,=11.6192,=14.6240,=18.0512,=25.1664,=39.7002,=2.2107,=0.7487,=1.2909,=1.6341,=1.9527,=2.3346,=2.7777,=1.4361,=0.7804,=0.7850,=0.9356,=1.0818,=1.4774,=1.8994,=0.0160,=0.2468,=0.0086,=0.0154,=0.0183,=0.0251,=0.0358,=0.0419,=0.0662,=0.0414,=866
="931155",300质量成长,2019-04-22,=0.0051,=10634.9700,=0.0517,=11.5212,=0.3004,=7.3805,=10.8243,=13.5444,=15.2125,=31.0699,=1.9280,=0.3215,=1.1055,=1.6676,=2.2349,=2.7988,=5.3844,=2.8588,=0.8901,=1.3218,=1.7785,=2.1987,=2.6628,=3.8395,=0.0273,=0.6469,=0.0092,=0.0212,=0.0254,=0.0311,=0.0464,=0.0883,=0.1462,=0.0662,=79
="000905",中证500,2007-01-15,=0.0065,=7850.4800,=0.0516,=33.5539,=0.8162,=15.7028,=21.2812,=25.5754,=33.1762,=48.6069,=2.4372,=0.8068,=1.3824,=1.7164,=1.9212,=2.4154,=2.9849,=1.6918,=0.8331,=0.8118,=1.0305,=1.1726,=1.6099,=2.2566,=0.0132,=0.3655,=0.0064,=0.0117,=0.0141,=0.0185,=0.0237,=0.0444,=0.0620,=0.0377,=38554
="931590",500成长创新,2020-11-09,=0.0089,=28549.6200,=0.0513,=33.3655,=0.9557,=14.5054,=17.8404,=20.4762,=27.9876,=46.8480,=3.9938,=0.9543,=1.6442,=2.3279,=2.6735,=3.3319,=5.3919,=4.1463,=0.9543,=1.3106,=1.9889,=2.2903,=2.8177,=5.5640,=0.0091,=0.0314,=0.0074,=0.0126,=0.0168,=0.0210,=0.0252,=0.0744,=0.1277,=0.0650,=89
="930914",港股通高股息,2016-11-25,=0.0124,=5168.4900,=0.0510,=8.0961,=0.8306,=3.4280,=4.4420,=5.9987,=7.9271,=11.1979,=0.7800,=0.7293,=0.3979,=0.5045,=0.6331,=0.8500,=1.1764,=1.2667,=0.8025,=0.5144,=0.7099,=0.9283,=1.2640,=2.2126,=0.0511,=0.1236,=0.0387,=0.0544,=0.0656,=0.0862,=0.1194,=0.0472,=0.0918,=0.0489,=799
="399315",巨潮中盘,2005-02-03,=0.0069,=4993.5600,=0.0492,=37.3697,=0.9180,=14.3715,=18.4227,=22.9163,=29.8766,=49.3940,=2.5745,=0.7969,=1.5252,=1.8923,=2.1507,=2.5765,=3.0245,=1.9876,=0.9790,=0.8408,=1.2254,=1.4280,=1.6519,=2.3572,=0.0132,=0.3548,=0.0082,=0.0120,=0.0158,=0.0221,=0.0288,=0.0480,=0.0707,=0.0424,=21
="931829",中证回购,2023-10-17,=0.0184,=2420.4400,=0.0473,=21.4984,=0.1725,=16.8171,=21.8068,=24.9029,=33.9457,=40.4937,=1.8925,=0.6438,=1.3801,=1.5789,=1.7562,=2.0600,=2.3571,=0.9635,=0.2875,=0.7604,=0.9018,=1.0062,=1.1374,=1.4917,=0.0324,=1,=0.0146,=0.0165,=0.0209,=0.0255,=0.0324,=0.0600,=0.0495,=0.0317,=40
="399012",创业300,2013-01-07,=0.0089,=4721.2100,=0.0464,=42.8887,=0.3585,=26.6250,=38.0630,=47.1168,=64.5540,=93.5585,=4.9126,=0.6601,=2.5798,=3.6214,=4.3434,=5.5532,=7.5462,=3.8104,=0.3638,=2.2146,=3.3208,=4.1915,=5.8237,=7.6467,=0.0090,=0.7841,=0.0035,=0.0046,=0.0062,=0.0091,=0.0164,=0.0695,=0.1020,=0.0535,=3
="399376",小盘成长,2010-01-04,=0.0065,=6638.5300,=0.0452,=29.3852,=0.6955,=14.4007,=20.2318,=25.6057,=32.2326,=60.1410,=3.2176,=0.8315,=1.6246,=2.0607,=2.3698,=3.1422,=3.8828,=1.8590,=0.7610,=0.7224,=1.0640,=1.2047,=1.9234,=3.3081,=0.0134,=0.5196,=0.0062,=0.0108,=0.0132,=0.0171,=0.0246,=0.0613,=0.1002,=0.0502,=290
="1000007",创业板全指,2010-05-01,=0.0117,=4082.6900,=0.0438,=61.3488,=0.5171,=33.8134,=48.2400,=60.7899,=100.0107,=334.2333,=4.4016,=0.6292,=2.3083,=3.3593,=4.0485,=5.0995,=6.2717,=3.7898,=0.4145,=2.1439,=3.2922,=4.0555,=5.5006,=8.1455,=0.0078,=0.7553,=0.0036,=0.0046,=0.0061,=0.0081,=0.0148,=0.0479,=0.0638,=0.0377,=1947
="399673",创业板50,2014-06-18,=0.0087,=3538.4700,=0.0437,=32.4904,=0.2744,=20.6075,=30.6784,=41.8749,=57.2675,=106.7499,=6.1167,=0.6382,=3.1473,=4.3234,=5.2442,=7.5532,=11.7288,=4.6386,=0.2897,=2.6907,=4.1383,=5.4656,=7.7414,=13.3154,=0.0096,=0.8059,=0.0021,=0.0036,=0.0050,=0.0095,=0.0190,=0.1086,=0.1569,=0.0793,=5660
="399441",生物医药,2015-01-20,=0.0371,=2239.0200,=0.0434,=50.8307,=0.6069,=21.8350,=32.3563,=47.6972,=62.0061,=119.0737,=3.6584,=0.2546,=2.3073,=3.3267,=6.1960,=7.6269,=13.6606,=6.8134,=0.3296,=3.6424,=5.8657,=8.9765,=13.5208,=21.5399,=0.0095,=0.7272,=0.0024,=0.0041,=0.0064,=0.0108,=0.0164,=0.0514,=0.0565,=0.0395,=1698
="930726",CS生医,2015-08-05,=0.0373,=2547.2900,=0.0431,=49.8497,=0.5398,=24.4874,=31.9329,=48.4602,=60.8754,=107.1179,=4.6454,=0.2686,=3.1768,=4.4004,=6.6710,=8.5259,=14.2976,=8.1173,=0.3696,=4.8871,=6.8186,=9.5548,=12.5690,=19.9452,=0.0079,=0.5624,=0.0026,=0.0040,=0.0059,=0.0114,=0.0204,=0.0696,=0.0766,=0.0565,=847
="930821",中证VR,2016-05-11,=0.0090,=3330.0400,=0.0429,=44.4518,=0.5313,=17.6816,=32.2153,=43.3323,=55.7045,=175.0572,=3.3500,=0.6728,=1.7358,=2.3530,=2.9099,=4.0710,=5.0269,=1.9108,=0.4952,=1.1117,=1.4833,=1.9175,=2.8787,=3.7313,=0.0081,=0.2848,=0.0056,=0.0075,=0.0091,=0.0116,=0.0177,=0.0309,=0.0443,=0.0282,=152
="399993",CSWD生科,2015-05-08,=0.0416,=2714.4500,=0.0415,=88.6378,=0.9617,=31.0960,=44.1993,=56.6752,=74.8430,=122.8633,=4.0178,=0.3148,=2.5928,=3.6121,=5.8612,=7.5793,=15.2283,=7.8442,=0.4009,=4.8204,=6.7135,=8.8153,=13.9876,=21.1379,=0.0083,=0.6419,=0.0023,=0.0040,=0.0064,=0.0104,=0.0144,=0.0398,=0.0356,=0.0329,=69
="H30463",沪港深500医药,2014-11-28,=0.0412,=8079.0600,=0.0401,=34.2073,=0.4275,=23.3470,=31.0222,=35.5633,=42.6572,=94.1690,=3.6444,=0.2564,=2.7545,=3.5087,=4.4044,=5.5958,=10.0878,=3.5407,=0.6258,=1.9470,=2.8257,=3.2976,=4.0262,=9.3489,=0.0123,=0.7894,=0.0038,=0.0069,=0.0089,=0.0124,=0.0194,=0.0704,=0.0989,=0.0669,=42
="931468",红利质量,2020-05-21,=0.0050,=32761.4700,=0.0398,=15.8957,=0.1813,=12.5562,=16.0657,=18.6040,=21.7810,=36.4689,=2.8594,=0.2079,=2.1523,=2.8529,=3.7214,=4.6895,=8.5636,=3.3648,=0.6101,=1.9811,=2.3537,=2.9975,=3.9399,=5.8829,=0.0318,=0.7310,=0.0102,=0.0191,=0.0291,=0.0331,=0.0407,=0.1049,=0.1637,=0.0873,=1230
="931132",诚通央企红利,2023-05-04,=0.0111,=1687.0800,=0.0396,=13.2463,=0.8032,=9.0905,=10.6646,=12.0179,=13.2330,=15.2313,=1.3109,=0.8348,=0.9482,=1.0964,=1.1868,=1.2879,=1.5338,=0.7836,=0.8688,=0.3626,=0.4259,=0.5706,=0.7492,=0.8835,=0.0416,=0.2807,=0.0374,=0.0405,=0.0439,=0.0456,=0.0498,=0.0542,=0.0916,=0.0450,=43
="399625",中创500,2011-08-15,=0.0085,=2527.6900,=0.0374,=33.9874,=0.4281,=20.4615,=28.9847,=35.5119,=40.5343,=52.5750,=3.5924,=0.5253,=2.1192,=2.8827,=3.5397,=4.2682,=5.2507,=2.5684,=0.4755,=1.4713,=2.0764,=2.6069,=3.4071,=4.2320,=0.0111,=0.7070,=0.0057,=0.0072,=0.0094,=0.0124,=0.0196,=0.0609,=0.0951,=0.0504,=165
="399316",巨潮小盘,2005-02-03,=0.0094,=6237.0200,=0.0373,=35.5880,=0.7384,=17.4883,=24.6121,=29.2730,=37.5346,=56.1825,=2.1461,=0.6823,=1.3049,=1.7086,=1.9649,=2.3939,=3.1340,=1.3593,=0.6518,=0.7478,=1.0120,=1.2298,=1.5847,=2.5314,=0.0147,=0.6671,=0.0061,=0.0105,=0.0129,=0.0162,=0.0214,=0.0385,=0.0444,=0.0300,=23
="000068",上证资源,2010-05-28,=0.0085,=4175.7800,=0.0371,=14.2923,=0.4355,=7.8012,=11.1450,=15.0615,=21.9120,=73.1997,=1.7739,=0.9485,=0.8674,=1.1479,=1.3203,=1.4998,=2.2515,=0.9655,=0.9378,=0.3742,=0.5012,=0.6094,=0.7798,=1.2220,=0.0330,=0.3313,=0.0094,=0.0301,=0.0360,=0.0471,=0.0635,=0.0738,=0.1097,=0.0590,=315
="930648",CS智消费,2015-06-05,=0.0052,=3796.6800,=0.0368,=31.0132,=0.7701,=15.4538,=22.2568,=25.2672,=32.5135,=51.6043,=3.8731,=0.7573,=2.1406,=2.8085,=3.2137,=4.0473,=5.4486,=1.7664,=0.7347,=0.8328,=1.2867,=1.5153,=1.8632,=2.9491,=0.0137,=0.2802,=0.0074,=0.0121,=0.0152,=0.0173,=0.0216,=0.0606,=0.1077,=0.0539,=32
="931591",1000成长创新,2020-11-09,=0.0103,=33897.9100,=0.0356,=33.2588,=0.6211,=18.0900,=24.5874,=32.0458,=35.7218,=40.6167,=3.5052,=0.5579,=2.0923,=3.0155,=3.3968,=4.3482,=5.3788,=3.6734,=0.7298,=1.8413,=2.7522,=3.1277,=3.8241,=5.2879,=0.0104,=0.3951,=0.0063,=0.0087,=0.0110,=0.0139,=0.0216,=0.0658,=0.1062,=0.0605,=152
="000805",A股资源,2012-01-06,=0.0061,=7336.5900,=0.0347,=14.4161,=0.4176,=7.9265,=11.4623,=15.4933,=23.2046,=72.8892,=1.8616,=0.9419,=0.9200,=1.1960,=1.3721,=1.5371,=2.3735,=1.0132,=0.9374,=0.3865,=0.5301,=0.6351,=0.7910,=1.2754,=0.0317,=0.3954,=0.0090,=0.0282,=0.0342,=0.0454,=0.0580,=0.0782,=0.1115,=0.0593,=14
="399624",中创400,2011-08-15,=0.0081,=2659.0600,=0.0343,=44.5512,=0.7272,=22.4097,=32.9060,=40.4883,=47.6534,=82.4491,=2.9814,=0.5694,=1.6720,=2.4135,=2.8470,=3.3802,=4.9126,=2.3883,=0.6073,=1.2865,=1.8978,=2.2295,=2.6694,=4.3124,=0.0097,=0.5035,=0.0036,=0.0074,=0.0096,=0.0111,=0.0184,=0.0421,=0.0651,=0.0371,=229
="950161",科创新药,2024-08-23,=0.0482,=1270.2700,=0.0342,=86.9608,=0.0337,=73.3994,=187.4057,=-219.4411,=-93.3886,=1578.9342,=9.2374,=0.5663,=4.9324,=6.9350,=8.9368,=10.2776,=12.9042,=11.2858,=0.3307,=8.4204,=10.2321,=12.2729,=14.1360,=17.6998,=0.0013,=0.4040,=0.0009,=0.0011,=0.0013,=0.0017,=0.0023,=0.0680,=0.0403,=-0.0069,=56
="399612",中创100,2011-02-28,=0.0084,=2853.6200,=0.0337,=29.6571,=0.4133,=18.0203,=24.5371,=31.0277,=39.8478,=52.6199,=4.1113,=0.4421,=2.5576,=3.3599,=4.1856,=5.0805,=7.4671,=2.6934,=0.3391,=1.6155,=2.2648,=2.9805,=3.8384,=5.8630,=0.0120,=0.7083,=0.0050,=0.0075,=0.0099,=0.0137,=0.0203,=0.0768,=0.1210,=0.0621,=158
="000841",800医药,2012-12-21,=0.0375,=8640.4300,=0.0337,=34.4141,=0.6605,=21.4494,=28.0346,=32.2227,=37.5888,=58.1462,=3.4994,=0.3692,=2.4193,=3.1867,=3.7529,=4.3436,=6.5122,=4.4338,=0.8331,=1.7815,=2.8895,=3.4469,=4.3311,=6.1565,=0.0154,=0.8636,=0.0064,=0.0084,=0.0102,=0.0140,=0.0210,=0.0669,=0.0871,=0.0593,=590
="931152",CS创新药,2019-04-22,=0.0409,=1957.5500,=0.0335,=44.5415,=0.5519,=27.6044,=36.9355,=43.3739,=52.6788,=74.6844,=4.1437,=0.4931,=2.5551,=3.3529,=4.1660,=5.9207,=8.7449,=5.8726,=0.8284,=2.2436,=2.9221,=3.4704,=5.7340,=9.4897,=0.0103,=0.7779,=0.0040,=0.0058,=0.0087,=0.0105,=0.0150,=0.0637,=0.0786,=0.0515,=1993
="931403",品牌工程,2020-01-14,=0.0047,=2035.3600,=0.0309,=24.9725,=0.2690,=18.7149,=24.0943,=28.8503,=43.3362,=69.9724,=3.7905,=0.0913,=3.2380,=4.0055,=4.8700,=7.6570,=10.9810,=2.9488,=0.2110,=2.2604,=2.9340,=3.3332,=4.7651,=7.2001,=0.0226,=0.8359,=0.0056,=0.0085,=0.0156,=0.0222,=0.0278,=0.0855,=0.1433,=0.0828,=125
="000150",380红利,2012-07-20,=0.0082,=11912.6600,=0.0307,=14.7726,=0.7458,=5.2545,=8.5513,=12.0935,=15.7692,=19.8070,=1.0361,=0.3103,=0.6172,=0.8678,=1.3346,=1.6259,=2.2090,=0.4908,=0.4656,=0.2775,=0.3623,=0.5241,=1.4634,=2.3204,=0.0458,=0.5319,=0.0247,=0.0358,=0.0448,=0.0581,=0.0734,=0.0386,=0.0377,=0.0287,=45
="000814",细分医药,2012-04-11,=0.0366,=8596.9400,=0.0300,=35.0419,=0.7128,=21.8871,=27.2039,=32.7541,=37.4777,=60.8250,=3.3357,=0.2616,=2.4219,=3.2060,=4.0727,=4.8855,=7.4081,=2.8184,=0.4672,=1.7858,=2.2898,=2.8819,=3.4677,=5.4819,=0.0144,=0.8105,=0.0055,=0.0075,=0.0098,=0.0141,=0.0215,=0.0622,=0.0890,=0.0611,=413
="931381",中证长三角,2019-11-25,=0.0070,=2084.6600,=0.0299,=13.6849,=0.7464,=9.1117,=10.6888,=12.0768,=14.0226,=16.1441,=1.3904,=0.6002,=0.9630,=1.1548,=1.3220,=1.5436,=1.8124,=1.6801,=0.8490,=0.8724,=1.0744,=1.2633,=1.6146,=1.9541,=0.0268,=0.3647,=0.0209,=0.0254,=0.0282,=0.0321,=0.0422,=0.0565,=0.0961,=0.0497,=13
="HSSCSOY",恒生港股通中国央企红利指数,2023-06-01,=0.0068,=4138.9600,=0.0294,=7.0443,=0.8282,=4.1647,=4.6790,=5.7581,=6.9948,=7.8218,=0.6510,=0.6761,=0.4381,=0.4982,=0.6006,=0.6818,=0.7455,=1.1019,=0.9902,=0.5323,=0.5997,=0.7622,=0.9732,=1.1223,=0.0514,=0.0712,=0.0487,=0.0555,=0.0674,=0.0860,=0.0936,=0.0453,=0.0921,=0.0475,=276
="930938",500成长估值,2018-12-04,=0.0048,=4773.5000,=0.0293,=20.7511,=0.8380,=9.4780,=13.1561,=16.9181,=20.1273,=30.3577,=2.4865,=0.9028,=1.4489,=1.8747,=2.1345,=2.3255,=3.6765,=2.0397,=0.9102,=0.6916,=0.9092,=1.1835,=1.6383,=2.5224,=0.0168,=0.3192,=0.0092,=0.0156,=0.0186,=0.0217,=0.0299,=0.0696,=0.1028,=0.0631,=75
="000907",中证700,2007-01-15,=0.0068,=6654.0051,=0.0280,=25.3503,=0.8719,=13.5964,=17.1394,=19.5540,=24.0589,=30.1680,=2.0104,=0.6189,=1.3201,=1.5883,=1.8281,=2.1890,=2.4753,=1.4394,=0.6226,=0.9663,=1.1767,=1.3274,=1.5766,=1.9854,=0.0187,=0.5719,=0.0115,=0.0140,=0.0176,=0.0227,=0.0321,=0.0457,=0.0692,=0.0443,=268
="931067",绩优策略,2018-02-14,=0.0068,=7815.4800,=0.0275,=16.8701,=0.3223,=10.5807,=14.8888,=18.6474,=26.6728,=44.0015,=5.3548,=0.5851,=3.5566,=4.3020,=5.0467,=7.2615,=11.8571,=3.0887,=0.6192,=2.1909,=2.5317,=2.8859,=4.7752,=8.6201,=0.0183,=0.4048,=0.0082,=0.0137,=0.0214,=0.0296,=0.0455,=0.1696,=0.2359,=0.1093,=28
="931233",港股通央企红利,2017-06-28,=0.0114,=1196.2600,=0.0261,=7.3356,=0.7544,=3.6988,=4.9833,=6.4200,=7.4444,=14.0775,=0.6992,=0.6279,=0.3929,=0.5246,=0.6484,=0.8545,=1.8161,=1.0042,=0.5682,=0.4645,=0.6271,=0.9548,=1.3859,=1.7583,=0.0520,=0.2117,=0.0394,=0.0518,=0.0569,=0.0794,=0.1038,=0.0452,=0.0906,=0.0470,=499
="399370",国证成长,2010-01-04,=0.0074,=5193.7800,=0.0254,=21.1193,=0.4215,=14.0104,=18.9925,=21.7840,=25.9317,=39.9195,=3.7775,=0.7577,=1.9695,=2.5703,=3.0115,=4.1074,=6.0628,=2.1393,=0.5402,=1.2188,=1.6926,=2.0775,=2.7585,=3.4917,=0.0159,=0.5340,=0.0080,=0.0118,=0.0157,=0.0227,=0.0304,=0.0943,=0.1344,=0.0689,=119
="399303",国证2000,2014-03-28,=0.0138,=10207.8500,=0.0253,=52.7015,=0.8092,=23.3937,=36.3012,=42.0277,=52.2944,=91.3621,=2.5362,=0.6951,=1.4941,=2.0787,=2.2964,=2.6826,=4.0650,=1.9349,=0.7528,=1.0643,=1.3926,=1.5534,=2.0652,=3.4322,=0.0099,=0.3453,=0.0040,=0.0087,=0.0104,=0.0118,=0.0187,=0.0302,=0.0453,=0.0286,=730
="931470",SHS云计算,2020-04-21,=0.0119,=3778.7500,=0.0244,=23.0496,=0.3446,=13.2694,=20.2616,=24.9125,=31.0449,=62.1875,=3.2571,=0.0954,=2.5281,=3.3959,=3.8554,=5.2422,=9.6099,=3.3135,=0.0474,=2.7843,=3.8060,=4.4277,=6.3106,=10.5654,=0.0082,=0.7840,=0.0018,=0.0032,=0.0061,=0.0084,=0.0114,=0.0703,=0.1406,=0.0708,=56
="399005",中小板指,2006-01-24,=0.0066,=8458.8600,=0.0236,=27.7285,=0.4738,=16.1163,=23.0542,=28.4192,=33.6510,=44.0181,=2.9636,=0.2658,=2.0289,=2.7421,=3.3961,=4.2988,=5.3697,=2.0367,=0.3234,=1.3510,=1.8219,=2.3131,=3.2734,=4.1546,=0.0134,=0.6770,=0.0068,=0.0090,=0.0112,=0.0163,=0.0219,=0.0582,=0.0988,=0.0526,=3257
="000852",中证1000,2014-10-17,=0.0102,=7766.3300,=0.0225,=44.5181,=0.7227,=18.9344,=30.9274,=37.8145,=47.4891,=78.9405,=2.4516,=0.5216,=1.4880,=2.1060,=2.4261,=2.8751,=4.0010,=1.7399,=0.6761,=0.9250,=1.3827,=1.5867,=1.9009,=3.4406,=0.0107,=0.5006,=0.0038,=0.0082,=0.0107,=0.0125,=0.0194,=0.0343,=0.0499,=0.0313,=7582
="399974",国企改革,2014-08-07,=0.0084,=1939.6700,=0.0216,=15.3319,=0.6972,=8.5408,=11.0130,=13.4104,=16.5772,=23.5243,=1.4369,=0.4227,=1.0768,=1.3337,=1.4642,=1.8223,=2.8970,=1.1110,=0.6539,=0.6803,=0.8927,=1.0068,=1.2484,=2.2060,=0.0300,=0.4981,=0.0148,=0.0239,=0.0300,=0.0332,=0.0410,=0.0492,=0.0809,=0.0464,=379
="000046",上证中小,2009-07-03,=0.0072,=5238.5500,=0.0214,=16.5112,=0.5991,=10.5504,=12.1058,=15.2242,=17.9678,=22.4992,=1.4704,=0.4920,=1.0626,=1.2077,=1.4738,=1.7319,=2.0905,=1.3494,=0.7705,=0.8596,=1.0256,=1.1230,=1.3842,=1.6429,=0.0240,=0.6131,=0.0151,=0.0189,=0.0227,=0.0299,=0.0371,=0.0463,=0.0784,=0.0418,=348
="000918",300成长,2008-01-21,=0.0082,=5196.8000,=0.0214,=15.5874,=0.3358,=11.6107,=14.5207,=16.8159,=20.6304,=29.9826,=2.5488,=0.3745,=1.8759,=2.3291,=2.7983,=4.3091,=6.1771,=2.4987,=0.7503,=1.1680,=1.5324,=1.7866,=2.6338,=3.9548,=0.0197,=0.6044,=0.0081,=0.0139,=0.0184,=0.0238,=0.0310,=0.0861,=0.1486,=0.0701,=809
="H30199",电力指数,2013-07-15,=-0.0020,=2880.1800,=0.0205,=18.8034,=0.4689,=14.1448,=16.9658,=18.9885,=25.0122,=78.5133,=1.6976,=0.4458,=1.2472,=1.5161,=1.7146,=1.8403,=2.0960,=1.7985,=0.8150,=1.1507,=1.4427,=1.5881,=1.7828,=2.2389,=0.0275,=0.6621,=0.0166,=0.0223,=0.0267,=0.0283,=0.0333,=0.0402,=0.0878,=0.0494,=781
="399438",绿色电力,2014-12-30,=-0.0006,=2031.3000,=0.0201,=20.3770,=0.6440,=13.5016,=17.0032,=19.1569,=22.0380,=41.2289,=1.8294,=0.5587,=1.2516,=1.5034,=1.8044,=1.9344,=2.3077,=2.1439,=0.8982,=1.1906,=1.4256,=1.8240,=2.0576,=3.6995,=0.0259,=0.4265,=0.0163,=0.0221,=0.0266,=0.0293,=0.0348,=0.0410,=0.0881,=0.0494,=222
="931897",绿色电力,2012-12-21,=-0.0023,=1104.4400,=0.0200,=18.7806,=0.5093,=12.4356,=16.3975,=18.7029,=23.5753,=3316.8719,=1.7164,=0.6259,=1.0802,=1.3464,=1.6511,=1.7879,=2.0565,=1.8490,=0.8451,=0.8910,=1.1301,=1.2734,=1.7396,=2.6891,=0.0272,=0.8179,=0.0111,=0.0186,=0.0233,=0.0270,=0.0335,=0.0408,=0.0880,=0.0488,=188
="399375",中盘价值,2010-01-04,=0.0100,=6052.2200,=0.0199,=15.3722,=0.7590,=9.0528,=10.9370,=12.3151,=16.3712,=33.1718,=1.4662,=0.7532,=1.0236,=1.1932,=1.3323,=1.5251,=1.9880,=1.2309,=0.9765,=0.5167,=0.6432,=0.7492,=0.9808,=1.3254,=0.0294,=0.4446,=0.0137,=0.0245,=0.0309,=0.0368,=0.0505,=0.0532,=0.0785,=0.0471,=190
="000825",央企红利,2012-07-20,=0.0114,=3519.3000,=0.0191,=9.4489,=0.9712,=4.7369,=6.0940,=7.3096,=8.5474,=10.5687,=0.9194,=0.6811,=0.5507,=0.6915,=0.8555,=0.9915,=1.3929,=1.2693,=0.8900,=0.6009,=0.8548,=1.0864,=1.2259,=1.7357,=0.0411,=0.1240,=0.0330,=0.0422,=0.0473,=0.0555,=0.0713,=0.0474,=0.0902,=0.0455,=406
="931722",国新港股通央企红利,2023-09-13,=0.0095,=1342.2300,=0.0185,=9.2149,=0.7281,=5.5040,=6.7508,=7.8870,=9.5334,=10.8173,=0.8500,=0.5720,=0.6213,=0.7436,=0.8321,=0.9069,=1.0298,=0.5855,=0.7106,=0.3100,=0.3863,=0.4927,=0.6083,=0.6918,=0.0557,=0.1696,=0.0469,=0.0565,=0.0613,=0.0682,=0.0823,=0.0500,=0.0875,=0.0488,=383
="HSSCHYS",恒生港股通红利优选指数,2023-06-01,=0.0089,=4727.8000,=0.0180,=7.7612,=0.7632,=4.2457,=4.7680,=5.9116,=7.8672,=9.0746,=0.7289,=0.7239,=0.4429,=0.5021,=0.5972,=0.7380,=0.8283,=1.1961,=0.9485,=0.6036,=0.6822,=0.8927,=1.0740,=1.2508,=0.0579,=0.1411,=0.0497,=0.0600,=0.0705,=0.0876,=0.0947,,=0.0897,=0.0466,=91
="000969",300非周,2010-05-28,=0.0069,=5420.2700,=0.0179,=25.3150,=0.7388,=15.9839,=20.6623,=22.8222,=26.6038,=38.7203,=2.7048,=0.3729,=2.0789,=2.5003,=2.7926,=3.1883,=4.9189,=1.4892,=0.7165,=0.8921,=1.1603,=1.2978,=1.5787,=2.2463,=0.0201,=0.7194,=0.0089,=0.0140,=0.0170,=0.0211,=0.0277,=0.0536,=0.0964,=0.0534,=90
="932000",中证2000,2023-08-11,=0.0201,=3256.5300,=0.0166,=124.5002,=0.6180,=44.0427,=58.5605,=90.5110,=152.9843,=228.3990,=2.6711,=0.6976,=1.5089,=1.9968,=2.3665,=2.8503,=3.3036,=2.1983,=0.7069,=1.1809,=1.5674,=1.8944,=2.3241,=2.6726,=0.0077,=0.1817,=0.0062,=0.0077,=0.0090,=0.0113,=0.0155,=0.0201,=0.0154,=0.0194,=1253
="399989",中证医疗,2014-10-31,=0.0263,=6869.1900,=0.0161,=30.9772,=0.2806,=22.9032,=29.6486,=37.3896,=59.5296,=114.3753,=3.6009,=0.1801,=2.8553,=3.6541,=5.4213,=8.1687,=13.4814,=5.7242,=0.2452,=4.3528,=5.5778,=6.5093,=9.4594,=17.4163,=0.0124,=0.6708,=0.0025,=0.0042,=0.0059,=0.0145,=0.0225,=0.0644,=0.1137,=0.0640,=8624
="399088",深创100,2020-02-18,=0.0031,=5128.6000,=0.0160,=31.5334,=0.6222,=15.3025,=22.0883,=27.4172,=38.5082,=56.8187,=4.6364,=0.6084,=2.2889,=3.3267,=4.1271,=5.3785,=6.8856,=3.1087,=0.6485,=1.4223,=1.9873,=2.5517,=3.7436,=5.1281,=0.0107,=0.3035,=0.0058,=0.0088,=0.0129,=0.0163,=0.0258,=0.0800,=0.1522,=0.0791,=74
="000037",上证医药,2009-01-09,=0.0343,=6435.8500,=0.0160,=30.8657,=0.1718,=21.0843,=31.2821,=34.3451,=41.6974,=61.3894,=3.4923,=0.2971,=2.7278,=3.3323,=3.8380,=4.6066,=7.3155,=2.4961,=0.6506,=1.5724,=2.0207,=2.3509,=2.7901,=4.1395,=0.0121,=0.8673,=0.0048,=0.0076,=0.0100,=0.0117,=0.0146,=0.0648,=0.1036,=0.0607,=2076
="931447",科技先锋,2020-04-21,=0.0101,=3134.0700,=0.0156,=37.9512,=0.5205,=19.0346,=27.5447,=37.4634,=47.8696,=82.3567,=5.0239,=0.6438,=2.7045,=3.4645,=4.4879,=6.6837,=10.6025,=2.6570,=0.5629,=1.4804,=1.9235,=2.5204,=3.6849,=7.0848,=0.0100,=0.5546,=0.0033,=0.0055,=0.0097,=0.0135,=0.0196,=0.0639,=0.0990,=0.0443,=25
="000824",国企红利,2012-07-20,=0.0096,=2153.6600,=0.0154,=9.0831,=0.9539,=4.8847,=5.9406,=7.3386,=8.5562,=10.7823,=0.8807,=0.6189,=0.5610,=0.6880,=0.8236,=1.0527,=1.4469,=1.3137,=0.8702,=0.5370,=0.7016,=0.9867,=1.2729,=1.6834,=0.0423,=0.2225,=0.0328,=0.0419,=0.0481,=0.0583,=0.0694,=0.0481,=0.0892,=0.0457,=969
="399001",深证成指,1995-01-23,=0.0065,=13730.0200,=0.0152,=30.3913,=0.7903,=15.9054,=22.8547,=26.5174,=30.5565,=38.7817,=2.7847,=0.5455,=1.7472,=2.2797,=2.7209,=3.2142,=4.0402,=1.9684,=0.5418,=1.2229,=1.6063,=1.9126,=2.3625,=2.9683,=0.0153,=0.7124,=0.0084,=0.0110,=0.0137,=0.0166,=0.0245,=0.0547,=0.0747,=0.0445,=3762
="931039",银行AH,2017-12-06,=0.0082,=12964.4100,=0.0141,=6.2773,=0.9209,=3.2016,=4.1043,=5.2670,=5.9155,=7.9938,=0.5890,=0.5766,=0.3790,=0.4599,=0.5660,=0.7101,=1.0569,=2.3288,=0.9245,=1.0856,=1.4370,=1.7606,=2.1800,=2.9053,=0.0482,=0.1524,=0.0324,=0.0491,=0.0544,=0.0735,=0.0997,=0.0438,=0.0881,=0.0451,=112
="399007",深证300,2009-11-04,=0.0063,=5764.7500,=0.0141,=29.1153,=0.8121,=15.3833,=21.4145,=25.0072,=28.9016,=36.7371,=2.8791,=0.5538,=1.8298,=2.3539,=2.8048,=3.2279,=4.4351,=2.0175,=0.5138,=1.2839,=1.6547,=2.0001,=2.3676,=3.3177,=0.0158,=0.7033,=0.0081,=0.0118,=0.0140,=0.0174,=0.0252,=0.0578,=0.0779,=0.0468,=582
="000860",结构调整,2018-03-26,=0.0076,=1239.8300,=0.0127,=15.5559,=0.6770,=9.5233,=12.4928,=14.0413,=16.2923,=20.6443,=1.4686,=0.8346,=1.1018,=1.2905,=1.3734,=1.4585,=1.6430,=0.9235,=0.9719,=0.4658,=0.5895,=0.6801,=0.7972,=0.9608,=0.0326,=0.5276,=0.0220,=0.0263,=0.0317,=0.0369,=0.0499,=0.0482,=0.0831,=0.0473,=152
="930743",中证生科,2015-08-26,=0.0377,=3333.9500,=0.0125,=52.2641,=0.5950,=24.0733,=39.5208,=49.9807,=59.8819,=100.3520,=3.9648,=0.2406,=2.9526,=3.8277,=6.1042,=8.0612,=14.6705,=6.8266,=0.3300,=4.7455,=6.2659,=8.3455,=12.3620,=18.8359,=0.0084,=0.6036,=0.0025,=0.0045,=0.0062,=0.0106,=0.0169,=0.0545,=0.0618,=0.0444,=1233
="000982",500等权,2011-06-13,=0.0099,=9138.9400,=0.0125,=33.5539,=0.8158,=15.7028,=21.2829,=25.5754,=33.1762,=48.6069,=2.4372,=0.8068,=1.3824,=1.7163,=1.9217,=2.4154,=2.9849,=1.6918,=0.8331,=0.8118,=1.0305,=1.1726,=1.6099,=2.2566,=0.0132,=0.3445,=0.0064,=0.0119,=0.0143,=0.0184,=0.0237,=0.0444,=0.0620,=0.0377,=33
="930846",300SNLV,2016-06-24,=0.0040,=6694.9300,=0.0121,=10.9112,=0.8389,=7.7900,=9.2103,=10.1822,=10.7913,=12.6275,=1.0370,=0.2143,=0.8340,=1.0341,=1.0887,=1.2103,=1.5027,=1.2981,=0.7289,=0.7711,=0.9528,=1.1620,=1.3326,=1.6864,=0.0382,=0.6469,=0.0239,=0.0320,=0.0362,=0.0404,=0.0486,=0.0462,=0.0917,=0.0457,=151
="HSCCI",恒生香港中资企业指数,1997-06-16,=0.0017,=4058.7400,=0.0108,=8.4202,=0.4675,=4.8859,=6.8728,=8.7255,=11.3048,=15.9665,=0.7861,=0.3335,=0.5567,=0.7305,=0.8576,=1.1431,=1.3660,=0.9058,=0.3822,=0.5555,=0.7802,=0.9734,=1.3363,=1.5178,=0.0594,=0.6771,=0.0276,=0.0365,=0.0537,=0.0664,=0.1028,=0.0537,=0.0951,=0.0536,=35
="000917",300公用,2007-07-02,=-0.0037,=2486.6700,=0.0104,=18.6854,=0.6469,=13.3250,=16.5303,=17.8753,=20.5953,=34.2477,=1.9234,=0.4211,=1.4019,=1.7154,=1.9741,=2.1718,=2.6347,=1.9079,=0.6790,=1.3139,=1.6332,=1.8148,=1.9940,=3.2322,=0.0302,=0.5509,=0.0191,=0.0239,=0.0299,=0.0323,=0.0390,=0.0426,=0.0974,=0.0539,=40
="931524",SHS科技龙头,2020-07-16,=0.0185,=2715.4900,=0.0103,=29.3235,=0.7134,=18.9033,=23.5438,=26.9047,=34.0689,=59.9125,=3.6301,=0.4517,=2.7731,=3.3021,=3.6803,=5.1104,=9.0190,=2.7595,=0.5905,=1.6886,=2.2638,=2.5857,=4.1818,=7.2475,=0.0085,=0.4869,=0.0027,=0.0048,=0.0086,=0.0100,=0.0124,=0.0645,=0.1239,=0.0664,=232
="000913",300医药,2007-07-02,=0.0364,=8282.4000,=0.0088,=33.0224,=0.4784,=22.1588,=28.7651,=33.2535,=39.5137,=73.4129,=3.3802,=0.1174,=2.7345,=3.5360,=4.7484,=6.0065,=9.5028,=2.8308,=0.1586,=2.2757,=2.8824,=3.3085,=5.2536,=7.4989,=0.0160,=0.8389,=0.0040,=0.0072,=0.0090,=0.0155,=0.0221,=0.0674,=0.0967,=0.0687,=3434
="931476",ESG 120策略,2020-04-30,=0.0068,=1405.9700,=0.0084,=11.2398,=0.6415,=7.8289,=9.6490,=10.6659,=11.8212,=13.2171,=1.3256,=0.6796,=1.0061,=1.1790,=1.2596,=1.3630,=1.7130,=1.5689,=0.9091,=0.7906,=1.0608,=1.1665,=1.4190,=1.6292,=0.0333,=0.4204,=0.0251,=0.0296,=0.0348,=0.0386,=0.0488,=0.0596,=0.1050,=0.0532,=53
="931052",国信价值,2017-12-08,=0.0038,=3479.4200,=0.0081,=9.5569,=0.8616,=5.3831,=6.6116,=7.4808,=8.9614,=11.0091,=1.2843,=0.8565,=0.7343,=0.9139,=1.0357,=1.1938,=1.5208,=1.7171,=0.9006,=0.6105,=0.9528,=1.2499,=1.4874,=2.0196,=0.0418,=0.3710,=0.0262,=0.0384,=0.0439,=0.0529,=0.0692,=0.0673,=0.1267,=0.0662,=612
="000859",国企一带一路,2019-05-16,=0.0075,=1835.3610,=0.0076,=10.2226,=0.1125,=9.4709,=10.4714,=12.4288,=14.4637,=21.0714,=1.0229,=0.0823,=0.9283,=1.1299,=1.4269,=1.7689,=2.1877,=1.1811,=0.9933,=0.4715,=0.5671,=0.7443,=0.8979,=1.2029,=0.0360,=0.7637,=0.0208,=0.0254,=0.0320,=0.0368,=0.0454,=0.0493,=0.0898,=0.0436,=276
="399330",深证100,2006-01-24,=0.0049,=5854.8500,=0.0064,=25.6962,=0.7363,=14.9910,=20.3737,=22.8887,=27.7261,=38.9547,=2.9365,=0.4837,=1.9919,=2.4968,=2.9489,=3.5438,=5.5535,=2.0495,=0.4297,=1.3434,=1.7250,=2.0975,=2.4349,=4.0791,=0.0181,=0.7285,=0.0077,=0.0126,=0.0154,=0.0194,=0.0273,=0.0628,=0.0897,=0.0527,=2350
="000092",资源50,2011-05-10,=0.0082,=4911.3100,=0.0061,=14.1324,=0.4466,=7.9483,=11.3499,=14.8202,=21.5531,=51.7897,=1.8290,=0.9440,=0.9579,=1.2637,=1.4055,=1.5563,=2.3324,=0.9929,=0.9357,=0.4148,=0.5541,=0.6760,=0.8016,=1.2646,=0.0329,=0.4162,=0.0094,=0.0287,=0.0354,=0.0449,=0.0578,=0.0771,=0.1132,=0.0606,=42
="399850",深证50,2023-10-18,=0.0064,=9173.4700,=0.0047,=24.4970,=0.5875,=16.5344,=20.2095,=23.8291,=27.0378,=36.7629,=3.7150,=0.7493,=2.5911,=2.9423,=3.2901,=3.7638,=4.4773,=2.0633,=0.7760,=1.3017,=1.4892,=1.7004,=2.0796,=2.4833,=0.0190,=0.2745,=0.0162,=0.0183,=0.0207,=0.0232,=0.0271,=0.0725,=0.0973,=0.0609,=80
="931025",港股通地产,2017-11-06,=0.0152,=1596.9500,=0.0045,=-65.0323,=0.6983,=1.3998,=5.5326,=8.3952,=-3.3161,=7833.8201,=0.4498,=0.4035,=0.0757,=0.2150,=0.4890,=0.8741,=1.4256,=0.8770,=0.7913,=0.0508,=0.1446,=0.5518,=0.8821,=1.5776,=0.0401,=0.4221,=0,=0.0291,=0.0424,=0.0686,=0.2175,,=-0.0074,=0.0061,=13
="HSAHP",恒生沪深港通AH股溢价指数,2007-07-09,=-0.0001,=124,=0.0044,=10.8501,=0.8933,=5.5550,=7.1430,=8.3701,=9.8558,=12.3156,=1.1446,=0.8953,=0.6208,=0.7734,=0.9226,=1.0864,=1.3863,=1.2682,=0.9253,=0.5653,=0.7668,=0.9030,=1.0956,=1.3750,=0.0320,=0.0581,=0.0268,=0.0344,=0.0398,=0.0520,=0.0665,=0.0527,=0.0958,=0.0629,=349
="000922",中证红利,2008-05-26,=0.0120,=5527.3800,=0.0043,=8.5865,=0.7899,=5.1762,=6.0245,=7.6580,=8.6158,=11.2156,=0.8489,=0.5155,=0.5911,=0.7110,=0.8424,=1.1014,=1.4999,=1.2804,=0.8780,=0.6332,=0.7726,=1.0442,=1.2415,=1.7101,=0.0422,=0.2398,=0.0309,=0.0413,=0.0471,=0.0596,=0.0693,=0.0487,=0.0895,=0.0440,=20637
="000904",中证200,2007-01-15,=0.0072,=5669.5669,=0.0035,=20.9022,=0.8883,=11.9474,=14.9318,=16.7946,=19.5242,=25.2311,=1.7445,=0.5031,=1.2748,=1.5010,=1.7430,=2.0647,=2.3407,=1.2740,=0.1755,=1.0540,=1.2846,=1.4151,=1.6929,=2.1135,=0.0234,=0.6370,=0.0136,=0.0162,=0.0207,=0.0259,=0.0372,=0.0465,=0.0739,=0.0482,=722
="000861",央企创新,2019-05-16,=0.0082,=2574.5099,=0.0032,=15.5117,=0.8130,=10.3360,=12.0664,=13.4754,=15.3755,=18.8086,=1.4249,=0.8875,=1.0351,=1.1895,=1.3019,=1.3922,=1.5975,=0.8331,=0.9440,=0.4544,=0.5207,=0.5865,=0.7405,=0.8999,=0.0317,=0.4574,=0.0234,=0.0272,=0.0331,=0.0375,=0.0493,=0.0468,=0.0826,=0.0470,=270
="399020",创业小盘,2023-11-15,=0.0182,=1783.3500,=0.0031,=112.9602,=0.3425,=48.5170,=83.1594,=140.3119,=211.3628,=256.8495,=3.5444,=0.6561,=1.8521,=2.4781,=3.2627,=3.7704,=4.3734,=3.4507,=0.6416,=1.9895,=2.5941,=3.2185,=3.7808,=4.2999,=0.0055,=0.0607,=0.0050,=0.0060,=0.0067,=0.0082,=0.0109,=0.0232,=0.0199,=0.0201,=14
="1000003",深圳A股,1994-01-01,=0.0104,=2538.8700,=0.0031,=41.5660,=0.7165,=20.1337,=32.6807,=37.4329,=46.1714,=60.3260,=2.7598,=0.5525,=1.7026,=2.2996,=2.6820,=3.1958,=3.7757,=1.9807,=0.5476,=1.2021,=1.6469,=1.9175,=2.3543,=3.1788,=0.0126,=0.6671,=0.0070,=0.0092,=0.0118,=0.0136,=0.0208,=0.0438,=0.0553,=0.0353,=1841
="950180",科创AI,2024-07-25,=0.0102,=2254.0400,=0.0030,=142.7212,=0.4733,=66.2784,=101.6326,=144.0916,=182.9197,=271.3436,=12.9389,=0.8817,=3.9039,=6.1699,=9.9788,=12.0864,=18.6594,=19.8589,=0.9027,=6.3298,=9.6676,=14.5452,=17.2622,=29.3547,=0.0017,=0.0954,=0.0012,=0.0022,=0.0028,=0.0048,=0.0077,=0.0639,=0.0670,=0.0285,=230
="H30270",红利价值,2013-12-19,=0.0086,=9558.3500,=0.0027,=7.9667,=0.7643,=4.4543,=5.4550,=6.8017,=8.5569,=13.0955,=0.8185,=0.6441,=0.5256,=0.6500,=0.7654,=1.2258,=1.7317,=1.6331,=0.9894,=0.5854,=0.8154,=1.0098,=1.3125,=1.6668,=0.0422,=0.2222,=0.0269,=0.0418,=0.0499,=0.0628,=0.0726,=0.0497,=0.0936,=0.0466,=228
="000937",中证公用,2009-07-03,=-0.0022,=2500.7400,=0.0027,=17.9391,=0.4030,=13.4460,=16.6068,=18.6426,=21.1313,=46.5328,=1.6905,=0.3045,=1.3423,=1.6286,=1.7654,=1.9617,=2.2557,=1.6547,=0.6522,=1.2657,=1.4810,=1.5857,=1.7653,=3.2521,=0.0292,=0.8068,=0.0192,=0.0235,=0.0276,=0.0292,=0.0348,=0.0413,=0.0905,=0.0507,=345
="000857",500医药,2013-11-06,=0.0264,=10281.4300,=0.0025,=28.7795,=0.4627,=16.5096,=22.8937,=29.7655,=37.1005,=66.9361,=2.8781,=0.5303,=1.9620,=2.4653,=2.8339,=3.4731,=5.0991,=2.6815,=0.7668,=1.3156,=1.7598,=2.1314,=2.7407,=4.5555,=0.0163,=0.7536,=0.0055,=0.0092,=0.0133,=0.0172,=0.0234,=0.0621,=0.0879,=0.0528,=737
="931644",800红利,2024-03-15,=0.0070,=2554.6900,=0.0010,=8.9900,=0.7108,=6.4729,=7.4148,=8.4735,=9.0603,=9.4757,=0.8788,=0.6405,=0.7001,=0.7758,=0.8606,=0.9038,=0.9431,=1.2683,=0.7141,=0.8423,=0.9329,=1.1606,=1.2896,=1.3602,=0.0433,=0.2533,=0.0416,=0.0430,=0.0464,=0.0574,=0.0662,=0.0486,=0.0906,=0.0470,=36
="1000002",A股全指,1994-01-01,=0.0102,=5921.9180,=0.0005,=21.2541,=0.7734,=12.9500,=16.6929,=18.4859,=21.5221,=25.0020,=1.8062,=0.5748,=1.2633,=1.5740,=1.7422,=1.9984,=2.1910,=1.6599,=0.7936,=1.0499,=1.2419,=1.3991,=1.6656,=1.9034,=0.0199,=0.4396,=0.0142,=0.0167,=0.0205,=0.0235,=0.0329,=0.0469,=0.0745,=0.0420,=7993
="000985",中证全指,2011-08-02,=0.0102,=5921.9200,=0.0005,=20.3835,=0.8002,=12.6044,=15.9637,=17.6544,=20.3835,=23.7678,=1.7669,=0.5624,=1.2581,=1.5484,=1.7145,=1.9402,=2.1557,=1.6251,=0.7775,=1.0381,=1.2268,=1.3876,=1.6384,=1.8438,=0.0204,=0.4639,=0.0148,=0.0175,=0.0207,=0.0240,=0.0333,=0.0472,=0.0749,=0.0423,=772
="930903",中证A股,2016-10-18,=0.0103,=4082.8100,=0.0003,=20.3278,=0.7633,=12.9620,=16.2736,=17.8400,=20.6520,=23.9680,=1.7709,=0.5706,=1.2607,=1.5562,=1.7191,=1.9428,=2.2108,=1.6298,=0.7828,=1.0406,=1.2347,=1.3843,=1.6405,=1.9264,=0.0203,=0.4789,=0.0139,=0.0174,=0.0205,=0.0237,=0.0332,=0.0473,=0.0748,=0.0423,=24
="399008",中小300,2010-03-22,=0.0080,=1654.8300,=0.0000,=28.7038,=0.3852,=17.8364,=25.4661,=30.2958,=34.8085,=43.8495,=2.7247,=0.2987,=1.7846,=2.4620,=2.9563,=3.7582,=4.4307,=1.8514,=0.3201,=1.1664,=1.6529,=2.0359,=2.7611,=3.6888,=0.0133,=0.7108,=0.0063,=0.0086,=0.0116,=0.0151,=0.0216,=0.0536,=0.0868,=0.0468,=508
="000821",300红利,2012-07-20,=0.0067,=6670.2600,=-0.0003,=8.8311,=0.8801,=4.9998,=6.1944,=7.5620,=8.5597,=10.9286,=0.8740,=0.5299,=0.5725,=0.7140,=0.8621,=1.0735,=1.4919,=1.4102,=0.8991,=0.6098,=0.7993,=1.0660,=1.3347,=1.6963,=0.0433,=0.2633,=0.0319,=0.0425,=0.0473,=0.0563,=0.0673,=0.0492,=0.0916,=0.0473,=1014
="000906",中证800,2007-01-15,=0.0070,=5106.9500,=-0.0004,=15.4878,=0.6815,=10.7808,=12.9023,=14.0921,=16.0030,=18.9686,=1.5734,=0.5398,=1.1816,=1.3959,=1.5514,=1.7176,=1.9628,=1.5481,=0.9028,=1.0117,=1.1472,=1.2953,=1.4952,=1.6796,=0.0250,=0.5138,=0.0180,=0.0211,=0.0248,=0.0289,=0.0389,=0.0526,=0.0890,=0.0475,=2727
="930782",500SNLV,2016-02-04,=0.0053,=18782.7700,=-0.0005,=19.8125,=0.4788,=13.0617,=17.6555,=20.0164,=23.1627,=33.4651,=1.6029,=0.6976,=1.0996,=1.3464,=1.4745,=1.7683,=2.5944,=1.2213,=0.7013,=0.5914,=0.8056,=0.8892,=1.3691,=2.0883,=0.0249,=0.9642,=0.0090,=0.0141,=0.0204,=0.0229,=0.0271,=0.0435,=0.0820,=0.0412,=1377
="1000012",中小板全指,2005-12-01,=0.0113,=14535.4700,=-0.0007,=35.7054,=0.2151,=22.6352,=35.3124,=40.8821,=47.0711,=73.8161,=2.6563,=0.3832,=1.7125,=2.3729,=2.7889,=3.4109,=4.4792,=1.7788,=0.3016,=1.1448,=1.6386,=1.9550,=2.4961,=3.8481,=0.0122,=0.6943,=0.0054,=0.0083,=0.0109,=0.0134,=0.0200,=0.0465,=0.0671,=0.0392,=568
="399101",中小综指,2005-12-01,=0.0113,=14535.4700,=-0.0007,=35.6831,=0.2756,=22.7937,=34.4929,=40.2870,=45.5193,=65.2068,=2.6514,=0.3918,=1.7151,=2.3689,=2.7709,=3.3849,=4.4934,=1.8078,=0.3086,=1.1654,=1.6542,=1.9789,=2.5048,=3.8809,=0.0122,=0.7005,=0.0054,=0.0084,=0.0108,=0.0134,=0.0200,=0.0463,=0.0674,=0.0395,=28
="000995",全指公用,2011-08-02,=-0.0019,=2580.4400,=-0.0009,=18.2294,=0.3976,=14.4124,=16.7502,=18.9141,=23.9608,=55.0107,=1.6895,=0.4038,=1.2839,=1.5403,=1.7234,=1.8632,=2.1268,=1.7335,=0.7771,=1.2094,=1.4214,=1.5277,=1.7588,=2.4023,=0.0279,=0.7862,=0.0172,=0.0230,=0.0259,=0.0281,=0.0321,=0.0415,=0.0896,=0.0496,=332
="931130",红利成长低波,2018-12-04,=0.0021,=23686.1900,=-0.0012,=8.1488,=0.6147,=4.4465,=5.6062,=7.8249,=8.6996,=11.5512,=0.8161,=0.3525,=0.5279,=0.6272,=0.8946,=1.0250,=1.5803,=2.7589,=0.9952,=0.3109,=0.8163,=1.3298,=2.0208,=2.8088,=0.0393,=0.3409,=0.0246,=0.0323,=0.0422,=0.0532,=0.0639,=0.0468,=0.0934,=0.0427,=158
="980081",价值100,2012-12-28,,,=-0.0019,=10.1107,=0.7576,=7.7317,=8.3862,=9.2176,=10.2760,=11.5920,=1.0759,=0.6247,=0.8413,=0.8871,=1.0310,=1.1121,=1.3448,=1.2008,=0.9138,=0.7580,=0.8118,=1.0054,=1.1557,=1.2392,=0.0474,=0.4382,=0.0420,=0.0453,=0.0484,=0.0538,=0.0599,=0.0556,=0.0995,=0.0565,=570
="399311",国证1000,2005-02-03,=0.0073,=4943.8000,=-0.0028,=16.2018,=0.6638,=11.0854,=13.3222,=14.6230,=16.8402,=19.8966,=1.6151,=0.5459,=1.1918,=1.4217,=1.5921,=1.7937,=2.0383,=1.5606,=0.8649,=1.0112,=1.1700,=1.3063,=1.5347,=1.7074,=0.0241,=0.5126,=0.0172,=0.0200,=0.0239,=0.0282,=0.0380,=0.0522,=0.0857,=0.0465,=144
="000510",中证A500,2024-09-23,=0.0072,=5626.5700,=-0.0029,=15.9753,=0.4711,=12.2476,=14.5116,=16.2893,=17.3709,=18.3286,=1.6527,=0.5000,=1.2883,=1.5003,=1.6527,=1.7162,=1.7791,=1.4491,=0.5950,=1.0081,=1.2217,=1.4210,=1.5078,=1.5740,=0.0249,=0.3079,=0.0227,=0.0244,=0.0261,=0.0321,=0.0380,=0.0544,=0.0887,=0.0481,=2680
="000056",上证国企,2010-01-04,=0.0048,=1243.6000,=-0.0030,=9.6901,=0.4866,=7.2538,=8.8792,=9.7302,=10.7955,=13.3187,=1.1325,=0.5505,=0.8518,=1.0314,=1.1195,=1.2092,=1.5455,=1.7559,=0.9790,=0.7909,=0.9986,=1.1195,=1.2484,=1.8201,=0.0374,=0.5917,=0.0242,=0.0312,=0.0354,=0.0430,=0.0568,=0.0592,=0.1060,=0.0559,=207
="000822",500红利,2012-07-20,=0.0066,=10126.5200,=-0.0048,=14.0447,=0.7569,=7.4138,=9.6102,=11.2714,=15.0299,=26.4578,=1.1315,=0.3840,=0.8670,=1.0202,=1.2226,=1.4258,=2.2419,=0.5641,=0.5014,=0.2906,=0.3999,=0.5636,=1.0815,=1.8159,=0.0428,=0.5929,=0.0164,=0.0301,=0.0412,=0.0491,=0.0638,=0.0430,=0.0658,=0.0383,=40
="1000004",上海A股,1994-01-01,=0.0097,=3949.9100,=-0.0048,=16.5606,=0.8529,=10.8441,=12.9364,=14.2986,=16.2664,=18.4959,=1.5037,=0.5806,=1.1181,=1.3162,=1.4444,=1.5916,=1.8457,=1.5135,=0.9370,=0.9734,=1.0889,=1.2357,=1.4133,=1.6065,=0.0241,=0.4137,=0.0184,=0.0214,=0.0253,=0.0296,=0.0389,=0.0478,=0.0804,=0.0440,=4929
="000001",上证指数,1991-07-15,=0.0097,=3949.9100,=-0.0048,=15.9279,=0.7886,=10.8403,=12.7209,=13.8351,=15.9982,=17.9144,=1.4684,=0.5616,=1.1148,=1.3021,=1.4401,=1.5605,=1.8463,=1.4742,=0.9061,=0.9369,=1.0774,=1.2157,=1.4170,=1.5771,=0.0248,=0.4611,=0.0185,=0.0223,=0.0252,=0.0297,=0.0391,=0.0481,=0.0805,=0.0440,=1591
="HSSCID",恒生港股通创新药指数,2023-07-01,=0.0597,=3146.8800,=-0.0051,=34.6950,=0.1466,=20.9262,=38.1607,=44.0562,=60.6686,=216.1774,=3.3841,=0.6903,=1.6870,=2.0472,=2.6336,=4.0305,=5.1867,=3.0117,=0.6700,=1.6002,=1.9127,=2.4853,=3.4982,=4.4669,=0.0092,=0.3300,=0.0053,=0.0078,=0.0121,=0.0150,=0.0187,=0.0694,=0.1014,=0.0690,=127
="931168",绿色价值100,2019-06-27,=0.0050,=1478.8800,=-0.0057,=11.9683,=0.6249,=8.4906,=9.9942,=11.3801,=12.8001,=14.6050,=1.3216,=0.5948,=1.0223,=1.1898,=1.2859,=1.4019,=1.6052,=1.5325,=0.8754,=0.9649,=1.1321,=1.2551,=1.3781,=1.6482,=0.0316,=0.5105,=0.0243,=0.0293,=0.0315,=0.0356,=0.0439,=0.0558,=0.1011,=0.0439,=13
="000842",800等权,2012-12-21,=0.0094,=7016.4800,=-0.0071,=15.4878,=0.6815,=10.7808,=12.9023,=14.0921,=16.0030,=18.9686,=1.5734,=0.5398,=1.1816,=1.3959,=1.5514,=1.7176,=1.9628,=1.5481,=0.9028,=1.0117,=1.1472,=1.2953,=1.4952,=1.6796,=0.0250,=0.5138,=0.0180,=0.0211,=0.0248,=0.0289,=0.0389,=0.0526,=0.0890,=0.0475,=162
="399019",创业200,2023-11-15,=0.0122,=4512.3700,=-0.0075,=70.3399,=0.3620,=45.1604,=60.6072,=82.0894,=109.5628,=137.0675,=3.3575,=0.5772,=1.8905,=2.4978,=3.2403,=3.8621,=4.5553,=3.1871,=0.6691,=1.7802,=2.3543,=2.9078,=3.4065,=4.2060,=0.0077,=0.4451,=0.0055,=0.0065,=0.0078,=0.0089,=0.0120,=0.0313,=0.0404,=0.0268,=87
="930931",港股通50,2017-01-16,=0.0123,=3847.9900,=-0.0078,=9.5630,=0.4271,=6.5385,=8.7205,=9.8099,=11.3473,=15.8907,=1.0690,=0.4145,=0.7428,=0.9482,=1.0948,=1.1780,=1.6058,=1.8131,=0.6588,=1.1204,=1.4735,=1.7159,=1.9106,=2.6369,=0.0358,=0.4311,=0.0233,=0.0327,=0.0370,=0.0436,=0.0589,=0.0564,=0.0997,=0.0507,=296
="000808",医药生物,2012-02-17,=0.0314,=8221.1300,=-0.0079,=33.0110,=0.4281,=23.4705,=28.3997,=34.4997,=37.8852,=66.3352,=3.1071,=0.1174,=2.6521,=3.2283,=4.1133,=4.9177,=7.9299,=2.9031,=0.3791,=2.0659,=2.6650,=3.0890,=3.5475,=6.2098,=0.0150,=0.8389,=0.0050,=0.0071,=0.0097,=0.0147,=0.0209,=0.0607,=0.0877,=0.0576,=1424
="000991",全指医药,2011-08-02,=0.0316,=8645.5000,=-0.0083,=31.2978,=0.3358,=23.5983,=29.4135,=33.8319,=39.2093,=73.5923,=3.0039,=0.0886,=2.5957,=3.1658,=3.7334,=4.5106,=6.5650,=2.8319,=0.3704,=2.0200,=2.6563,=2.9866,=3.6778,=5.9103,=0.0160,=0.8937,=0.0056,=0.0073,=0.0097,=0.0149,=0.0212,=0.0608,=0.0907,=0.0575,=8007
="930629",CSSW健康,2015-05-08,=0.0281,=5677.6300,=-0.0085,=10.5791,=0.0049,=10.2049,=17.2900,=21.3861,=38.2930,=49.9253,=1.9614,=0.0869,=1.7351,=2.1331,=3.0165,=4.5721,=6.2998,=1.5394,=0.1755,=1.2755,=1.5482,=1.8654,=4.7309,=7.2978,=0.0241,=0.9674,=0.0061,=0.0078,=0.0162,=0.0214,=0.0272,=0.0965,=0.1388,=0.0667,=282
="931589",300成长创新,2020-11-09,=0.0069,=8919.4100,=-0.0090,=11.8359,=0.1965,=10.6098,=11.8460,=13.6648,=15.5359,=20.1796,=1.7142,=0.2870,=1.3380,=1.6024,=1.8784,=2.2035,=2.7280,=2.6669,=0.8709,=1.9217,=2.1791,=2.3020,=2.5721,=3.8579,=0.0285,=0.5579,=0.0176,=0.0235,=0.0279,=0.0318,=0.0434,=0.0696,=0.1244,=0.0574,=1
="931140",医药50,2019-03-20,=0.0307,=10179.7100,=-0.0098,=25.5439,=0.2074,=20.8651,=25.4853,=28.5204,=42.3320,=67.0844,=3.9775,=0.1267,=3.0998,=4.1983,=4.9323,=7.3642,=10.9696,=4.7057,=0.2666,=3.4950,=4.6135,=5.0974,=7.0302,=12.1248,=0.0168,=0.7691,=0.0046,=0.0078,=0.0109,=0.0174,=0.0237,=0.0849,=0.1515,=0.0835,=1230
="HSIDI",恒生创新药指数,2023-01-01,=0.0625,=2663.0800,=-0.0114,=34.6950,=0.1193,=21.3081,=43.9089,=52.7054,=104.9117,=157.2991,=3.3841,=0.7199,=1.7148,=2.1499,=2.7279,=3.8470,=5.1867,=3.0117,=0.7068,=1.5892,=1.8552,=2.3813,=3.3681,=4.4669,=0.0092,=0.2965,=0.0053,=0.0082,=0.0119,=0.0143,=0.0173,=0.0694,=0.1014,=0.0704,=255
="930723",沪港深F100,2015-08-05,=0.0095,=5033.2700,=-0.0115,=9.4745,=0.6005,=5.4557,=7.5729,=9.0720,=10.1716,=13.1279,=1.0085,=0.5032,=0.6469,=0.8477,=1.0072,=1.1152,=1.4626,=1.2905,=0.7888,=0.6039,=0.8635,=1.0804,=1.2980,=1.6654,=0.0388,=0.4539,=0.0281,=0.0354,=0.0393,=0.0500,=0.0650,=0.0533,=0.0926,=0.0486,=151
="932457",港股通现金流,2025-02-28,=-0.0005,=1944.3500,=-0.0117,=12.0561,=0.9485,=7.5325,=9.0847,=10.5178,=11.6708,=12.5288,=1.2227,=0.6237,=1.0440,=1.1431,=1.1986,=1.2934,=1.5343,=0.6420,=0.1289,=0.5752,=0.8380,=0.9510,=1.1749,=1.4545,=0.0428,=0.2113,=0.0402,=0.0428,=0.0485,=0.0619,=0.0701,=0.0607,=0.1033,=0.0695,=46
="000044",上证中盘,2009-07-03,=0.0078,=4509.1600,=-0.0119,=12.6480,=0.5175,=8.6509,=10.4793,=12.5300,=14.6389,=18.7575,=1.2022,=0.3688,=0.9210,=1.0900,=1.2640,=1.6463,=1.9734,=1.2194,=0.4363,=0.9382,=1.1499,=1.2399,=1.4182,=1.7773,=0.0305,=0.7091,=0.0180,=0.0223,=0.0271,=0.0338,=0.0421,=0.0478,=0.0859,=0.0435,=102
="399394",国证医药,2012-10-29,=0.0322,=8385.1200,=-0.0120,=33.2347,=0.4549,=22.8656,=29.2541,=33.9611,=38.4887,=65.8576,=3.2554,=0.1265,=2.7032,=3.3774,=4.4352,=5.3027,=8.6075,=2.9272,=0.3605,=1.9890,=2.7092,=3.1162,=4.5513,=6.5385,=0.0151,=0.8480,=0.0047,=0.0073,=0.0094,=0.0145,=0.0225,=0.0629,=0.0916,=0.0604,=1068
="399698",优势成长,2017-06-15,=0.0239,=51458.0100,=-0.0129,=27.1382,=0.6489,=14.2338,=18.2952,=23.3657,=35.3986,=66.5130,=1.4635,=0.1704,=1.2178,=1.4809,=1.8919,=2.2842,=2.9395,=2.3681,=0.7648,=0.6634,=1.0722,=1.7313,=2.5603,=4.7303,=0.0280,=0.9481,=0.0069,=0.0108,=0.0160,=0.0213,=0.0303,=0.0360,=0.0690,=0.0308,=42
="000961",中证上游,2010-04-16,=0.0047,=4997.8800,=-0.0129,=14.5504,=0.4232,=8.3063,=11.4863,=15.5821,=22.6088,=72.2001,=1.8494,=0.9403,=0.9003,=1.1960,=1.3747,=1.5454,=2.4036,=0.9987,=0.9353,=0.3813,=0.5134,=0.6295,=0.7916,=1.2905,=0.0318,=0.3964,=0.0092,=0.0284,=0.0343,=0.0447,=0.0576,=0.0764,=0.1119,=0.0589,=51
="399986",中证银行,2013-07-15,=0.0047,=7500.7600,=-0.0135,=7.3200,=0.9254,=4.1183,=5.2599,=6.3347,=6.9035,=9.0846,=0.6964,=0.4685,=0.4848,=0.5836,=0.7090,=0.8868,=1.2416,=2.7177,=0.9262,=1.4134,=1.7842,=2.1909,=2.5457,=3.3016,=0.0412,=0.2068,=0.0285,=0.0411,=0.0458,=0.0572,=0.0756,=0.0449,=0.0881,=0.0451,=9703
="931848",800红利低波,2024-05-21,=0.0012,=3122.7000,=-0.0135,=9.1915,=0.5930,=7.4155,=8.3223,=9.0717,=9.4486,=9.7854,=0.8866,=0.3123,=0.7315,=0.8585,=0.9136,=0.9673,=1.0024,=1.6928,=0.9719,=1.1714,=1.2434,=1.3582,=1.4033,=1.7274,=0.0412,=0.2228,=0.0399,=0.0411,=0.0433,=0.0516,=0.0594,=0.0462,=0.0929,=0.0480,=164
="000979",大宗商品,2011-08-22,=0.0083,=6689.4900,=-0.0140,=15.6249,=0.4454,=9.9333,=12.8903,=16.3202,=22.0423,=55.0956,=1.8291,=0.9337,=1.1381,=1.3728,=1.4953,=1.6408,=2.3336,=0.9795,=0.9361,=0.4909,=0.5833,=0.6999,=0.8444,=1.2291,=0.0297,=0.4400,=0.0088,=0.0254,=0.0307,=0.0396,=0.0489,=0.0699,=0.1029,=0.0554,=715
="000944",内地资源,2009-10-28,=0.0050,=5229.4000,=-0.0147,=14.6635,=0.4316,=8.0950,=11.4517,=15.4861,=22.5119,=64.7584,=1.8567,=0.9411,=0.8945,=1.1841,=1.3619,=1.5354,=2.3924,=1.0013,=0.9362,=0.3754,=0.5051,=0.6228,=0.7865,=1.2835,=0.0317,=0.3546,=0.0090,=0.0287,=0.0348,=0.0457,=0.0579,=0.0763,=0.1109,=0.0586,=14
="931238",SSH黄金股票,2017-10-17,=-0.0183,=3203.8900,=-0.0154,=14.9129,=0.0078,=13.5435,=18.2473,=23.1491,=35.5102,=92.1543,=3.3845,=0.9040,=1.4294,=1.8197,=2.0278,=2.3934,=6.0579,=1.1018,=0.9123,=0.3659,=0.4674,=0.5552,=0.6781,=1.9529,=0.0223,=0.8867,=0.0052,=0.0086,=0.0127,=0.0210,=0.0325,=0.1363,=0.1921,=0.0952,=375
="932037",央企现代能源,2022-11-16,=0.0056,=1435.8900,=-0.0159,=14.6171,=0.8105,=10.8583,=12.0568,=12.9425,=14.5566,=18.2611,=1.5522,=0.7484,=1.1507,=1.3444,=1.4301,=1.5754,=1.8914,=0.9179,=0.8555,=0.4850,=0.6242,=0.7573,=0.8589,=1.0835,=0.0351,=0.1820,=0.0297,=0.0353,=0.0402,=0.0430,=0.0461,=0.0561,=0.0952,=0.0523,=40
="930791",CS医药TI,2016-03-22,=0.0338,=9109.3800,=-0.0162,=34.3974,=0.4516,=23.2364,=30.0855,=35.2952,=40.0407,=70.7414,=2.8921,=0.1174,=2.4395,=3.0122,=3.8082,=4.5615,=6.6660,=2.6683,=0.2798,=2.0598,=2.5724,=2.9321,=3.4994,=5.1130,=0.0153,=0.8723,=0.0054,=0.0072,=0.0098,=0.0145,=0.0204,=0.0543,=0.0784,=0.0518,=200
="000933",中证医药,2009-07-03,=0.0304,=7954.8200,=-0.0168,=30.8491,=0.4219,=22.6651,=27.9022,=32.1708,=36.2848,=63.0472,=3.1201,=0.1825,=2.5059,=3.1593,=3.9542,=4.6027,=7.0232,=2.7574,=0.3568,=1.9281,=2.5100,=2.9884,=3.4758,=5.1631,=0.0162,=0.8541,=0.0055,=0.0079,=0.0098,=0.0156,=0.0226,=0.0647,=0.0926,=0.0614,=7223
="399372",大盘成长,2010-01-04,=0.0090,=5179.9800,=-0.0173,=18.4745,=0.2637,=14.2162,=17.4707,=20.4582,=25.3722,=45.9159,=3.9016,=0.6580,=1.9139,=2.5165,=3.0796,=5.3725,=9.5601,=2.1042,=0.3185,=1.2183,=1.8035,=2.5710,=3.4508,=6.6651,=0.0177,=0.5484,=0.0069,=0.0115,=0.0170,=0.0231,=0.0308,=0.1071,=0.1447,=0.0749,=321
="931000",大湾区,2017-07-19,=0.0095,=1736.7500,=-0.0181,=18.8936,=0.7766,=11.8370,=14.5927,=16.2772,=19.1294,=23.4463,=2.0594,=0.4805,=1.3750,=1.7724,=2.0712,=2.5429,=3.2666,=1.5331,=0.4648,=1.1015,=1.3367,=1.5613,=1.8678,=2.5221,=0.0222,=0.5110,=0.0138,=0.0174,=0.0221,=0.0260,=0.0341,=0.0568,=0.0809,=0.0483,=17
="000300",沪深300,2005-04-08,=0.0071,=4539.5700,=-0.0195,=13.4850,=0.6654,=10.0799,=11.6919,=12.7191,=14.1765,=17.6279,=1.4333,=0.4219,=1.1457,=1.3350,=1.4652,=1.6202,=1.9228,=1.5127,=0.8372,=1.0330,=1.1718,=1.3204,=1.4746,=1.7482,=0.0282,=0.5587,=0.0199,=0.0236,=0.0276,=0.0317,=0.0422,=0.0540,=0.0934,=0.0492,=49610
="HSISC",恒指港股通指数,2024-03-01,=0.0115,=3424.3100,=-0.0208,=10.8701,=0.5295,=7.5992,=8.6967,=10.7432,=11.8881,=12.8475,=1.2113,=0.5853,=0.8411,=0.9245,=1.1601,=1.2551,=1.3442,=1.4917,=0.5486,=0.9830,=1.1447,=1.4610,=1.6079,=1.7320,=0.0352,=0.3684,=0.0322,=0.0341,=0.0377,=0.0499,=0.0595,,=0.1034,=0.0526,=52
="932305",智选高股息,2024-09-30,=-0.0005,=10924.2100,=-0.0211,=9.5989,=0.8288,=7.0143,=7.5291,=8.4355,=9.5406,=10.9391,=1.0265,=0.3445,=0.8750,=0.9287,=1.0536,=1.0850,=1.1675,=0.5122,=0.0501,=0.4805,=0.7145,=0.7657,=1.2627,=1.3342,=0.0635,=0.5219,=0.0457,=0.0595,=0.0630,=0.0683,=0.0723,=0.0498,=0.1000,=0.0567,=376
="H50040",上红低波,2014-03-21,=0.0034,=10784.1100,=-0.0220,=8.4481,=0.7717,=4.6938,=5.9512,=7.1732,=9.6645,=14.3118,=0.8594,=0.5966,=0.5647,=0.6911,=0.8311,=1.3609,=1.8756,=1.6597,=0.9893,=0.6380,=0.8684,=1.2019,=1.4164,=1.6953,=0.0426,=0.3342,=0.0230,=0.0391,=0.0464,=0.0588,=0.0718,=0.0498,=0.0936,=0.0482,=380
="HSI",恒生指数,1989-03-09,=0.0118,=25042.7100,=-0.0229,=10.9944,=0.6029,=6.9462,=9.2277,=10.3754,=12.2508,=16.9606,=1.2057,=0.6692,=0.7519,=0.9738,=1.1335,=1.2676,=1.5570,=1.4367,=0.4967,=0.8141,=1.1481,=1.4396,=1.6542,=2.0895,=0.0349,=0.3365,=0.0204,=0.0330,=0.0368,=0.0444,=0.0596,,=0.1029,=0.0528,=13676
="1000015",港股全指,2000-01-01,=0.0118,=25042.7100,=-0.0229,=12.2611,=0.5963,=7.5917,=10.2569,=11.4481,=13.6002,=19.1348,=1.0827,=0.5297,=0.6574,=0.8625,=1.0721,=1.1863,=1.5123,=1.1620,=0.5735,=0.6196,=0.8644,=1.1076,=1.2707,=1.5791,=0.0337,=0.5260,=0.0205,=0.0300,=0.0332,=0.0422,=0.0574,,,,=307
="HSHDYI",恒生高股息率指数,2012-12-10,=0.0109,=1244.6700,=-0.0241,=7.5406,=0.7388,=3.6777,=4.8612,=6.6084,=7.7933,=10.6953,=0.7068,=0.5699,=0.4041,=0.5046,=0.6466,=0.8955,=1.1746,=1.1008,=0.5471,=0.5013,=0.7008,=1.0618,=1.4840,=1.9871,=0.0544,=0.2595,=0.0423,=0.0528,=0.0604,=0.0808,=0.1102,,=0.0902,=0.0467,=923
="931166",医药健康100,2019-04-25,=0.0277,=3934.1300,=-0.0246,=22.9845,=0.2714,=17.5935,=22.4177,=25.8719,=35.5807,=58.5515,=3.3790,=0.2052,=2.7671,=3.3748,=4.1472,=5.8146,=8.5226,=3.9350,=0.5362,=2.1887,=3.0671,=3.8066,=4.5238,=6.8190,=0.0185,=0.8432,=0.0059,=0.0080,=0.0121,=0.0180,=0.0263,=0.0791,=0.1325,=0.0724,=402
="000028",180成长,2009-01-09,=0.0106,=3816.6900,=-0.0247,=12.5265,=0.2176,=9.5268,=12.3828,=14.6714,=18.2344,=25.1474,=2.0395,=0.2925,=1.5063,=1.8750,=2.6889,=3.1694,=5.1089,=2.4385,=0.9740,=1.1581,=1.4653,=1.6407,=1.8989,=2.7082,=0.0254,=0.8002,=0.0090,=0.0178,=0.0225,=0.0254,=0.0375,=0.0884,=0.1358,=0.0573,=195
="000903",中证A100,2006-05-29,=0.0079,=4364.9200,=-0.0271,=16.6197,=0.9159,=9.4390,=11.2592,=12.6708,=14.6578,=18.7565,=1.8421,=0.9172,=1.1800,=1.3873,=1.5310,=1.6917,=1.9716,=1.5894,=0.9724,=0.9660,=1.1007,=1.2254,=1.3913,=1.7127,=0.0273,=0.2686,=0.0221,=0.0264,=0.0291,=0.0329,=0.0397,=0.0568,=0.0942,=0.0527,=3098
="000955",中证国企,2010-02-09,=0.0081,=1550.6600,=-0.0281,=14.3912,=0.6963,=10.0979,=11.7062,=12.7358,=14.9172,=16.8119,=1.2566,=0.4240,=1.0210,=1.1826,=1.2820,=1.4014,=1.7591,=1.2821,=0.7923,=0.7969,=0.9757,=1.0903,=1.2852,=1.4527,=0.0280,=0.5583,=0.0195,=0.0244,=0.0274,=0.0324,=0.0414,=0.0459,=0.0765,=0.0426,=44
="932255",A500红利增长,2025-04-09,=0.0050,=2948.0900,=-0.0294,=10.5587,=0.3127,=9.2509,=10.4314,=10.8623,=11.7043,=12.2754,=1.2416,=0.2563,=1.0684,=1.2266,=1.2756,=1.3558,=1.4369,=1.6996,=0.2845,=1.3292,=1.6788,=1.7446,=1.9509,=2.0549,=0.0345,=0.3183,=0.0327,=0.0339,=0.0353,=0.0372,=0.0393,=0.0594,=0.1066,=0.0575,=46
="H30269",红利低波,2013-12-19,=0.0021,=10894.1700,=-0.0308,=8.4406,=0.7668,=4.5638,=5.5488,=6.9402,=9.4786,=14.4342,=0.8685,=0.6333,=0.5386,=0.6570,=0.7995,=1.3872,=1.9670,=1.6472,=0.9893,=0.6111,=0.8850,=1.0980,=1.4175,=1.6855,=0.0433,=0.2983,=0.0246,=0.0406,=0.0503,=0.0605,=0.0732,=0.0505,=0.0946,=0.0469,=4926
="931395",沪港深300,2020-01-14,=0.0088,=1670.6100,=-0.0311,=11.4323,=0.5689,=8.3275,=10.0438,=10.9327,=12.5300,=16.6490,=1.2510,=0.5452,=0.9663,=1.1073,=1.2290,=1.3670,=1.7241,=1.5376,=0.7280,=0.9881,=1.1757,=1.3407,=1.5866,=1.8801,=0.0320,=0.4500,=0.0218,=0.0275,=0.0329,=0.0392,=0.0499,=0.0551,=0.0972,=0.0503,=513
="399550",央视50,2012-06-06,=0.0055,=7839.6200,=-0.0312,=10.0644,=0.7520,=6.8960,=8.3215,=9.3805,=10.1711,=13.0561,=1.0220,=0.2493,=0.8649,=1.0116,=1.2232,=1.4261,=1.8564,=2.0859,=0.8232,=1.3448,=1.6645,=1.8449,=2.0723,=2.5217,=0.0394,=0.5777,=0.0268,=0.0326,=0.0378,=0.0446,=0.0593,=0.0497,=0.0945,=0.0500,=2278
="931373",股息龙头,2019-11-15,=0.0054,=2697.1300,=-0.0312,=9.4360,=0.7310,=5.4295,=6.9196,=8.4775,=9.6556,=11.4004,=1.1841,=0.9085,=0.6697,=0.8585,=1.0200,=1.1410,=1.2586,=1.7973,=0.9699,=0.5706,=0.8182,=1.0023,=1.4231,=1.9212,=0.0400,=0.2323,=0.0347,=0.0397,=0.0461,=0.0542,=0.0682,=0.0602,=0.1004,=0.0502,=330
="000010",上证180,2002-07-01,=0.0098,=9702.8700,=-0.0312,=11.5006,=0.6246,=8.4900,=9.9408,=11.0450,=12.1444,=14.6942,=1.2230,=0.4112,=0.9930,=1.1498,=1.2524,=1.3646,=1.6698,=1.4004,=0.8850,=0.8990,=1.0652,=1.1989,=1.3171,=1.4916,=0.0318,=0.5488,=0.0224,=0.0272,=0.0313,=0.0373,=0.0465,=0.0532,=0.0943,=0.0490,=2511
="931446",东证红利低波,2020-04-21,=0.0024,=3335.0400,=-0.0313,=8.5357,=0.7976,=5.1478,=6.1976,=7.2366,=8.5384,=11.0216,=0.8283,=0.7260,=0.5884,=0.6984,=0.7691,=0.8682,=1.2481,=1.5310,=0.9527,=0.5909,=0.7583,=0.9020,=1.3452,=1.5979,=0.0418,=0.2260,=0.0325,=0.0416,=0.0483,=0.0562,=0.0651,=0.0477,=0.0895,=0.0473,=931
="930740",300红利LV,2018-12-04,=-0.0012,=6940.3100,=-0.0319,=9.1432,=0.8932,=5.4153,=6.8543,=7.5584,=8.7952,=9.6903,=0.8750,=0.5497,=0.6159,=0.7748,=0.8594,=0.9446,=1.0604,=1.6006,=0.8890,=0.6725,=0.8601,=1.0844,=1.5234,=1.9253,=0.0428,=0.2664,=0.0370,=0.0419,=0.0451,=0.0510,=0.0622,=0.0462,=0.0932,=0.0455,=657
="000043",超大盘,2009-04-23,=0.0129,=2530.9600,=-0.0328,=11.1065,=0.5468,=7.5271,=9.4626,=10.9299,=12.7919,=17.2195,=1.3263,=0.3931,=0.9803,=1.2132,=1.3551,=1.5050,=1.9858,=2.1563,=0.9316,=0.7153,=0.8730,=1.2823,=1.5370,=2.3305,=0.0331,=0.5361,=0.0191,=0.0244,=0.0327,=0.0406,=0.0547,=0.0574,=0.1053,=0.0539,=168
="932422",A500红利低波,2025-04-09,=0.0017,=2999.6100,=-0.0333,=10.0806,=0.5521,=9.0426,=9.7925,=10.0393,=10.2226,=10.5846,=0.9676,=0.1211,=0.8811,=0.9878,=1.0359,=1.0545,=1.0978,=1.3916,=0.4817,=1.2431,=1.2992,=1.3975,=1.4611,=1.5336,=0.0419,=0.5549,=0.0388,=0.0404,=0.0416,=0.0431,=0.0466,=0.0468,=0.0948,=0.0455,=414
="H11057",石化产业,2009-07-22,=0.0129,=1319.9700,=-0.0337,=13.2519,=0.3872,=9.0713,=12.0124,=13.9693,=19.0694,=46.6548,=1.5088,=0.8887,=0.9085,=1.1949,=1.3450,=1.4503,=1.9948,=0.7931,=0.8739,=0.4002,=0.4811,=0.6149,=0.7573,=1.0264,=0.0349,=0.4190,=0.0099,=0.0304,=0.0362,=0.0407,=0.0471,=0.0699,=0.0946,=0.0528,=78
="931268",持续发展,2019-11-15,=0.0048,=2138.0200,=-0.0338,=14.6907,=0.1463,=14.1354,=15.0326,=15.6152,=16.2421,=17.1877,=2.0311,=0.4537,=1.7338,=1.8380,=2.1155,=2.2384,=2.3440,=1.8613,=0.8090,=1.5998,=1.7329,=1.8014,=1.8569,=2.0502,=0.0295,=0.3164,=0.0268,=0.0286,=0.0304,=0.0315,=0.0326,=0.0727,=0.1256,=0.0669,=25
="931157",SHS红利成长LV,2019-04-25,=0.0053,=7196.1000,=-0.0346,=7.8506,=0.6503,=4.1261,=5.6289,=7.0175,=8.3085,=11.5318,=0.7852,=0.4408,=0.5154,=0.6307,=0.8018,=0.9165,=1.5888,=1.6997,=0.9883,=0.5018,=0.7152,=1.0467,=1.4336,=1.7619,=0.0471,=0.4275,=0.0259,=0.0421,=0.0481,=0.0555,=0.0761,=0.0487,=0.0964,=0.0513,=364
="930992",沪港深红利低波,2017-06-28,=0.0038,=5372.9000,=-0.0349,=7.9410,=0.8145,=4.0130,=5.2296,=6.0124,=7.8969,=8.5109,=0.7523,=0.8775,=0.4277,=0.5397,=0.5981,=0.7389,=0.7950,=1.1879,=0.7912,=0.4496,=0.6029,=0.8978,=1.1906,=1.3912,=0.0508,=0.0837,=0.0476,=0.0533,=0.0712,=0.0765,=0.0949,=0.0480,=0.0878,=0.0455,=60
="930050",中证A50,2024-01-02,=0.0068,=1723.7200,=-0.0357,=15.8683,=0.1760,=13.9812,=16.0023,=17.3188,=18.0908,=19.9330,=2.0778,=0.4385,=1.7817,=1.9737,=2.0962,=2.2027,=2.3759,=1.6236,=0.8816,=1.0165,=1.1313,=1.3766,=1.5890,=1.7441,=0.0297,=0.5083,=0.0260,=0.0286,=0.0296,=0.0308,=0.0348,=0.0668,=0.1115,=0.0600,=1057
="399314",巨潮大盘,2005-02-03,=0.0069,=4931.0900,=-0.0366,=12.5920,=0.6242,=9.6620,=11.1381,=12.1087,=13.4972,=17.5384,=1.3869,=0.4141,=1.0976,=1.2830,=1.4135,=1.5848,=1.9279,=1.5123,=0.8307,=0.9932,=1.1678,=1.3161,=1.4888,=1.8124,=0.0293,=0.5620,=0.0201,=0.0248,=0.0287,=0.0328,=0.0435,=0.0547,=0.0938,=0.0494,=17
="399348",深证价值,2009-11-04,=0.0035,=6281.7600,=-0.0369,=16.3125,=0.6593,=9.9756,=12.8084,=14.9162,=17.3520,=21.4453,=1.6764,=0.4396,=1.2527,=1.4911,=1.7164,=2.0392,=2.9268,=1.2506,=0.5884,=0.8306,=1.0363,=1.1856,=1.4438,=2.1193,=0.0297,=0.7359,=0.0153,=0.0218,=0.0269,=0.0308,=0.0407,=0.0526,=0.0871,=0.0499,=293
="931397",A股通50,2020-02-20,=0.0012,=2181.6000,=-0.0374,=12.6355,=0.4463,=8.9450,=10.6036,=13.0130,=21.3494,=29.8209,=1.5757,=0.3875,=1.1048,=1.2806,=1.7475,=3.5480,=4.6955,=2.2376,=0.6688,=1.0496,=1.3000,=1.9016,=2.8270,=3.9597,=0.0299,=0.5963,=0.0113,=0.0158,=0.0280,=0.0366,=0.0493,=0.0628,=0.1069,=0.0556,=11
="932366",300现金流,2024-11-12,=0.0043,=3216.5000,=-0.0375,=14.1186,=0.5033,=12.5879,=13.4593,=14.1078,=14.8867,=16.2670,=1.7899,=0.4481,=1.4920,=1.6835,=1.8135,=1.8916,=1.9885,=1.3356,=0.4084,=1.0861,=1.2276,=1.3851,=1.4382,=1.5124,=0.0389,=0.3885,=0.0324,=0.0376,=0.0399,=0.0411,=0.0453,=0.0672,=0.1163,=0.0747,=190
="H11059",工业有色,2009-07-22,=-0.0011,=3831.5900,=-0.0377,=15.4833,=0.2374,=10.0577,=14.6652,=26.9819,=52.9763,=131.1130,=3.2052,=0.7943,=1.4392,=2.0015,=2.4320,=3.2138,=4.9901,=1.1968,=0.8366,=0.5048,=0.7406,=0.8675,=1.1622,=1.8706,=0.0214,=0.8379,=0.0035,=0.0056,=0.0104,=0.0205,=0.0285,=0.1369,=0.1735,=0.0880,=150
="000971",等权90,2010-12-02,=0.0082,=3232.2600,=-0.0378,=12.7199,=0.6442,=8.9747,=10.9632,=11.9957,=13.7745,=19.4330,=1.5250,=0.5803,=1.1544,=1.3328,=1.4695,=1.6216,=2.2329,=1.7565,=0.9399,=1.0052,=1.1529,=1.2738,=1.5670,=1.9075,=0.0282,=0.4197,=0.0181,=0.0255,=0.0290,=0.0330,=0.0448,=0.0599,=0.1045,=0.0545,=11
="399377",小盘价值,2010-01-04,=0.0084,=7406.2800,=-0.0378,=16.5641,=0.6474,=9.8385,=13.2802,=15.1897,=19.0434,=34.2299,=1.2843,=0.6026,=0.8997,=1.0826,=1.2375,=1.4782,=2.1990,=0.7312,=0.5313,=0.4594,=0.5455,=0.7123,=1.1157,=1.8295,=0.0297,=0.7154,=0.0113,=0.0202,=0.0260,=0.0310,=0.0386,=0.0432,=0.0578,=0.0343,=627
="399362",民企100,2009-08-03,=0.0059,=8293.2800,=-0.0379,=26.5599,=0.5315,=15.8430,=22.6664,=26.2940,=36.3976,=54.2084,=4.3085,=0.6337,=2.1154,=3.1739,=3.8100,=5.3562,=8.7539,=2.2611,=0.4899,=1.3703,=1.8199,=2.2693,=2.8493,=4.9008,=0.0146,=0.6836,=0.0056,=0.0076,=0.0127,=0.0163,=0.0204,=0.0889,=0.1624,=0.0829,=2
="000042",上证央企,2009-03-30,=0.0080,=1741.8600,=-0.0384,=9.8209,=0.6860,=6.3284,=7.8863,=9.2285,=10.0892,=12.9577,=1.0182,=0.6279,=0.7230,=0.8871,=0.9828,=1.1051,=1.4812,=1.3337,=0.9831,=0.6569,=0.8569,=0.9790,=1.1599,=1.3891,=0.0364,=0.2835,=0.0261,=0.0352,=0.0381,=0.0469,=0.0583,=0.0513,=0.0920,=0.0463,=392
="399371",国证价值,2010-01-04,=0.0053,=6917.5600,=-0.0397,=9.5587,=0.6156,=6.4728,=7.8356,=9.0971,=10.2720,=13.0475,=0.9827,=0.4491,=0.7249,=0.8967,=1.0004,=1.2129,=1.5675,=1.1115,=0.8208,=0.5764,=0.7536,=0.8693,=1.0955,=1.3812,=0.0391,=0.4742,=0.0249,=0.0346,=0.0395,=0.0477,=0.0565,=0.0518,=0.0892,=0.0483,=153
="930851",云计算,2016-07-20,=0.0067,=6224.3000,=-0.0399,=59.4225,=0.3377,=37.0632,=53.2687,=67.9325,=95.9776,=313.0672,=7.8438,=0.9566,=2.7148,=3.6149,=4.3311,=5.5098,=9.9453,=4.9043,=0.9318,=1.6839,=2.4353,=3.1472,=3.8298,=6.4649,=0.0031,=0.2219,=0.0021,=0.0031,=0.0037,=0.0050,=0.0080,=0.0797,=0.0896,=0.0341,=487
="HSHYLV",恒生港股通高股息低波动指数,2017-05-08,=0.0060,=4287.1200,=-0.0405,=8.4444,=0.9498,=3.5572,=4.6664,=6.0315,=7.4228,=9.5068,=0.7787,=0.7850,=0.3828,=0.4866,=0.5899,=0.8079,=1.1073,=0.6615,=0.2011,=0.4386,=0.6610,=0.8524,=1.4028,=2.0623,=0.0580,=0.3811,=0.0385,=0.0530,=0.0638,=0.0815,=0.1103,,=0.0873,=0.0484,=1584
="987018",港股通创新药,2021-11-18,,,=-0.0407,=36.1385,=0.2121,=22.9379,=35.6151,=48.8702,=93.7964,=537.2167,=3.6181,=0.6473,=1.6768,=2.3321,=3.2694,=4.1194,=6.0885,=5.3324,=0.5025,=2.6005,=3.5951,=5.3239,=7.0418,=12.1954,=0.0088,=0.6574,=0.0023,=0.0056,=0.0073,=0.0141,=0.0182,,=0.0844,=0.0690,=340
="930949",价值回报,2017-02-24,=0.0037,=13064.7300,=-0.0423,=12.6424,=0.8126,=5.5354,=8.1791,=10.0472,=12.5446,=17.5400,=2.1234,=0.7615,=1.2865,=1.4799,=1.7551,=2.1877,=3.1701,=1.4108,=0.9476,=0.5488,=0.7135,=0.8806,=1.2872,=1.7276,=0.0387,=0.5922,=0.0155,=0.0259,=0.0353,=0.0485,=0.0681,=0.0960,=0.1096,=0.0576,=31
="HSLI",恒生综合大型股指数,2001-10-03,=0.0123,=2303.4800,=-0.0433,=10.5810,=0.5016,=6.9327,=9.1517,=10.5785,=11.7587,=17.6478,=1.1323,=0.5483,=0.7133,=0.9439,=1.1182,=1.2416,=1.6032,=1.5010,=0.6028,=0.8297,=1.1852,=1.4404,=1.6322,=2.0023,=0.0352,=0.4553,=0.0207,=0.0314,=0.0355,=0.0440,=0.0582,,=0.1004,=0.0513,=102
="950090",50AH优选,2015-12-10,=0.0094,=5915.4600,=-0.0434,=9.2745,=0.6412,=6.3188,=7.9172,=8.7098,=9.8650,=13.5010,=1.0500,=0.5554,=0.7914,=0.9506,=1.0338,=1.1228,=1.5403,=1.3586,=0.9296,=0.6574,=0.8491,=0.9591,=1.0868,=1.4553,=0.0381,=0.4223,=0.0256,=0.0346,=0.0397,=0.0476,=0.0655,=0.0564,=0.1007,=0.0530,=2004
="399310",国证A50,2005-09-05,=0.0066,=7667.5000,=-0.0436,=15.9001,=0.7478,=8.8433,=10.6332,=13.6651,=16.6592,=22.6576,=1.9219,=0.6889,=1.1237,=1.3217,=1.6895,=2.0439,=2.9417,=1.4341,=0.7054,=0.9633,=1.1384,=1.2542,=1.5146,=2.2769,=0.0254,=0.3082,=0.0160,=0.0240,=0.0294,=0.0316,=0.0370,=0.0597,=0.1076,=0.0555,=292
="931802",中证龙头,2010-02-09,=0.0063,=1762.3900,=-0.0443,=12.0918,=0.3638,=9.1945,=11.4192,=12.4396,=14.0025,=18.2393,=1.9555,=0.8525,=1.2921,=1.4791,=1.6773,=1.9073,=2.6625,=2.5669,=0.9493,=0.9048,=1.0906,=1.3923,=2.0252,=2.8954,=0.0297,=0.5340,=0.0165,=0.0261,=0.0293,=0.0352,=0.0446,=0.0820,=0.1325,=0.0640,=100
="H30455",沪港深500,2014-11-28,=0.0094,=2538.4700,=-0.0447,=12.1789,=0.6205,=8.5690,=10.3715,=11.5538,=13.2242,=16.8903,=1.3043,=0.5178,=0.9675,=1.1610,=1.2976,=1.4056,=1.7307,=1.5215,=0.7954,=0.9518,=1.1783,=1.3318,=1.5244,=1.7787,=0.0310,=0.5340,=0.0214,=0.0275,=0.0306,=0.0375,=0.0485,=0.0548,=0.0960,=0.0497,=528
="000987",全指材料,2011-08-02,=0.0042,=4785.6700,=-0.0449,=19.5951,=0.4297,=11.8534,=16.4330,=20.9572,=27.3996,=365.5617,=2.3590,=0.6827,=1.3547,=1.6741,=2.0388,=2.4961,=3.3213,=1.1641,=0.6325,=0.6546,=0.8399,=1.0193,=1.3289,=1.7398,=0.0182,=0.5398,=0.0046,=0.0122,=0.0173,=0.0209,=0.0269,=0.0806,=0.0892,=0.0459,=395
="H30171",运输指数,2013-07-15,=0.0129,=1543.7400,=-0.0454,=17.9542,=0.5028,=14.1889,=16.3742,=17.9205,=25.3116,=51.4445,=1.3050,=0.0910,=1.1914,=1.3479,=1.4977,=1.6829,=2.3737,=0.6854,=0.3982,=0.5217,=0.6293,=0.7863,=1.1882,=1.9196,=0.0275,=0.6361,=0.0111,=0.0149,=0.0201,=0.0303,=0.0375,=0.0372,=0.0585,=0.0371,=97
="931587",500价值稳健,2020-11-09,=0.0087,=20928.1200,=-0.0464,=16.7910,=0.9086,=9.7530,=12.2312,=14.3055,=15.7241,=19.8926,=1.3110,=0.7800,=0.8925,=1.0599,=1.1652,=1.3293,=1.5437,=0.8074,=0.9679,=0.3384,=0.4619,=0.5143,=0.5930,=0.8392,=0.0350,=0.6943,=0.0250,=0.0298,=0.0337,=0.0359,=0.0456,=0.0470,=0.0672,=0.0460,=81
="000016",上证50,2004-01-02,=0.0090,=2886.6100,=-0.0477,=10.7604,=0.5715,=8.3126,=9.6664,=10.5656,=11.5646,=15.1108,=1.2392,=0.4932,=1.0245,=1.1706,=1.2404,=1.3330,=1.6482,=1.5780,=0.9444,=0.8665,=1.0182,=1.1421,=1.3050,=1.6553,=0.0327,=0.4405,=0.0240,=0.0291,=0.0333,=0.0397,=0.0497,=0.0576,=0.1007,=0.0530,=23685
="000919",300价值,2008-01-21,=0.0048,=5063.9300,=-0.0479,=8.7228,=0.6242,=5.9577,=7.3283,=8.4456,=9.2359,=12.2376,=0.9116,=0.4219,=0.6917,=0.8489,=0.9312,=1.1236,=1.5388,=1.1265,=0.8463,=0.6314,=0.7861,=0.9060,=1.1125,=1.3421,=0.0406,=0.4841,=0.0265,=0.0370,=0.0407,=0.0490,=0.0609,=0.0515,=0.0921,=0.0477,=4352
="930632",CS稀金属,2015-05-12,=0.0105,=2580.5800,=-0.0481,=22.4964,=0.1809,=10.0759,=24.2760,=40.6880,=84.1386,=902.9270,=3.4861,=0.5097,=1.7714,=2.4678,=3.4465,=4.3834,=7.1765,=2.3406,=0.6119,=1.0736,=1.5817,=2.0655,=2.9437,=4.1072,=0.0092,=0.6003,=0.0021,=0.0042,=0.0075,=0.0138,=0.0241,=0.1020,=0.1107,=0.0458,=399
="HSLMI",恒生综合大中型股指数,2015-06-08,=0.0120,=3922.6300,=-0.0490,=10.9309,=0.5520,=7.0073,=9.3073,=10.6749,=12.3479,=17.7261,=1.1060,=0.5175,=0.6929,=0.9060,=1.1008,=1.2279,=1.5417,=1.2995,=0.6816,=0.6858,=0.9753,=1.1828,=1.3720,=1.6465,=0.0348,=0.5232,=0.0214,=0.0309,=0.0346,=0.0437,=0.0602,,,=0.0481,=88
="000683",科创生物,2022-05-09,=0.0388,=1019.8900,=-0.0490,=78.5124,=0.0987,=31.4909,=125.7753,=1372.0334,=-215.7912,=97054.3385,=6.7678,=0.8863,=4.0903,=4.9187,=5.4784,=6.3879,=7.9611,=10.0006,=0.4173,=7.6079,=9.2254,=10.2863,=11.4182,=14.1963,=0.0027,=0.0724,=0.0025,=0.0029,=0.0046,=0.0061,=0.0086,=0.0499,=0.0457,=0.0143,=71
="931247",中证信创,2012-12-21,=0.0112,=1390.2900,=-0.0501,=52.2876,=0.0128,=49.4746,=98.5061,=189.4126,=271.3235,=369.3964,=5.5200,=0.7001,=2.7947,=3.5535,=4.7566,=6.0165,=7.8335,=4.3432,=0.5578,=2.8203,=3.4401,=4.2026,=4.9238,=6.1894,=0.0039,=0.3326,=0.0029,=0.0036,=0.0042,=0.0052,=0.0076,=0.0724,=0.0400,=0.0033,=105
="931069",中金300,2018-02-14,=0.0031,=4752.6200,=-0.0503,=9.7447,=0.6048,=5.9518,=7.6029,=9.3305,=10.4629,=13.6164,=1.0454,=0.4604,=0.7377,=0.9272,=1.0623,=1.3497,=1.8328,=1.3244,=0.7799,=0.6656,=0.8746,=1.1185,=1.3350,=1.7542,=0.0395,=0.5655,=0.0253,=0.0318,=0.0386,=0.0471,=0.0560,=0.0549,=0.0958,=0.0488,=103
="399313",巨潮100,2005-02-03,=0.0066,=5172.7900,=-0.0503,=11.8014,=0.6407,=8.9278,=10.3882,=11.1621,=12.4332,=16.6101,=1.3412,=0.4998,=1.0718,=1.2426,=1.3414,=1.4929,=1.8501,=1.6629,=0.9720,=0.9844,=1.1492,=1.2752,=1.4664,=1.7644,=0.0300,=0.4602,=0.0217,=0.0274,=0.0303,=0.0349,=0.0452,=0.0570,=0.0999,=0.0492,=211
="000945",内地运输,2009-10-28,=0.0121,=1403.3500,=-0.0504,=18.0509,=0.4046,=13.9394,=16.4433,=19.1772,=27.7727,=72.7429,=1.3521,=0.0968,=1.2245,=1.4001,=1.5505,=1.7700,=2.4452,=0.7723,=0.4265,=0.5140,=0.6447,=0.8841,=1.3421,=1.9188,=0.0285,=0.6407,=0.0105,=0.0141,=0.0181,=0.0327,=0.0436,=0.0368,=0.0581,=0.0349,=84
="930955",红利低波100,2017-05-26,=0.0034,=11185.4100,=-0.0514,=8.8765,=0.8216,=5.0805,=6.0843,=7.4724,=8.6971,=11.5013,=0.8442,=0.5285,=0.5792,=0.6675,=0.8334,=0.9832,=1.3722,=1.4472,=0.8640,=0.5888,=0.7810,=0.9963,=1.3813,=1.7525,=0.0447,=0.3258,=0.0270,=0.0431,=0.0469,=0.0559,=0.0683,=0.0466,=0.0928,=0.0503,=2487
="930839",港股通高息精选,2016-06-08,=0.0069,=3268.6400,=-0.0521,=8.7059,=0.3762,=4.9918,=7.1350,=9.3192,=13.0145,=31.7979,=1.3037,=0.7309,=0.7294,=0.9293,=1.0784,=1.5790,=4.8768,=1.0861,=0.4176,=0.3418,=0.5599,=1.2162,=1.8289,=6.3245,=0.0569,=0.6441,=0.0089,=0.0375,=0.0501,=0.0677,=0.1118,,=0.1444,=0.0781,=400
="932438",科创创业机器人,2025-05-16,=-0.0040,=1530.1600,=-0.0532,=81.3556,=0.3353,=67.6486,=77.7771,=84.7182,=94.7770,=120.6496,=4.7687,=0.0181,=4.5797,=5.1819,=5.6045,=6.1733,=6.8835,=5.0618,=0.0181,=4.8611,=5.6611,=5.9917,=6.6071,=7.4199,=0.0039,=0.4894,=0.0030,=0.0036,=0.0039,=0.0043,=0.0049,=0.0383,=0.0666,=0.0401,=69
="931484",CS医药创新,2020-05-06,=0.0278,=1371.8600,=-0.0538,=23.8925,=0.2039,=18.2098,=23.8368,=27.3417,=43.2513,=86.1757,=4.3142,=0.1310,=3.3236,=4.4983,=5.3476,=11.2185,=17.5605,=5.3852,=0.1865,=3.7485,=5.4313,=6.3347,=11.2007,=20.8272,=0.0156,=0.6703,=0.0021,=0.0045,=0.0137,=0.0166,=0.0269,=0.0982,=0.1752,=0.0927,=412
="H30356",800价值,2014-06-09,=0.0057,=6283.6000,=-0.0546,=9.2648,=0.5726,=6.4024,=7.7194,=9.0783,=9.9315,=13.4784,=0.9531,=0.4482,=0.7030,=0.8646,=0.9816,=1.1607,=1.6287,=1.0723,=0.7770,=0.5868,=0.7418,=0.8888,=1.0833,=1.3738,=0.0396,=0.5667,=0.0239,=0.0337,=0.0387,=0.0474,=0.0589,=0.0510,=0.0908,=0.0471,=37
="931892",有色矿业,2013-07-15,=-0.0016,=3745.8300,=-0.0556,=16.3802,=0.1508,=13.1272,=18.3551,=30.1270,=55.4861,=131.9594,=3.3445,=0.8377,=1.7020,=2.1368,=2.5665,=3.2247,=5.3430,=1.2580,=0.8096,=0.6092,=0.7896,=0.9203,=1.2474,=2.0391,=0.0172,=0.8146,=0.0026,=0.0057,=0.0094,=0.0169,=0.0229,=0.1337,=0.1630,=0.0795,=203
="000021",180治理,2008-09-10,=0.0068,=1027.0600,=-0.0562,=10.7462,=0.8323,=6.3364,=8.4357,=9.7641,=10.6345,=13.6109,=1.1198,=0.5822,=0.7542,=0.9755,=1.0948,=1.2125,=1.5847,=1.4354,=0.9493,=0.6625,=0.8519,=0.9541,=1.1552,=1.4979,=0.0380,=0.5933,=0.0241,=0.0330,=0.0367,=0.0448,=0.0548,=0.0515,=0.0995,=0.0515,=169
="399702",深证F120,2010-05-10,=0.0053,=7146.9100,=-0.0566,=23.2255,=0.8698,=12.6034,=17.7484,=20.7934,=22.7153,=28.8861,=2.1366,=0.3523,=1.5963,=1.9896,=2.2119,=2.6272,=3.5867,=1.3573,=0.5480,=0.8721,=1.1406,=1.3251,=1.5883,=2.2308,=0.0226,=0.7585,=0.0114,=0.0165,=0.0194,=0.0232,=0.0299,=0.0541,=0.0726,=0.0466,=1428
="931992",疫苗生物,2013-07-15,=0.0390,=1137.9200,=-0.0574,=168.5747,=0.8021,=26.1322,=67.5853,=89.1600,=168.1737,=55588.3979,=3.0172,=0.4826,=2.2475,=2.7079,=3.0326,=3.6111,=5.0256,=5.3607,=0.6351,=3.7134,=4.7394,=5.1942,=5.5812,=6.4257,=0.0091,=0.4981,=0.0060,=0.0068,=0.0091,=0.0105,=0.0125,=0.0325,=0.0013,=0.0187,=35
="HSCAIT",恒生A股行业龙头指数,2009-09-21,=0.0037,=5429.2900,=-0.0577,=12.2107,=0.8428,=8.2192,=9.8048,=10.5632,=11.9298,=14.1027,=1.3411,=0.7514,=1.0288,=1.1895,=1.2693,=1.3566,=1.6997,=1.3580,=0.9556,=0.8424,=0.9750,=1.0601,=1.2269,=1.4109,=0.0344,=0.4531,=0.0260,=0.0318,=0.0347,=0.0405,=0.0503,=0.0541,=0.1023,=0.0521,=494
="399701",深证F60,2010-05-10,=0.0044,=7480.1000,=-0.0580,=20.5572,=0.5550,=12.1841,=17.0099,=19.9899,=22.2665,=29.1141,=1.9364,=0.1376,=1.6712,=2.0158,=2.1790,=2.5392,=3.7270,=1.2758,=0.2670,=1.0125,=1.2363,=1.3593,=1.5636,=2.4139,=0.0273,=0.9481,=0.0118,=0.0177,=0.0206,=0.0250,=0.0310,=0.0535,=0.0664,=0.0457,=1680
="980092",自由现金流,2012-12-28,=0.0076,=5073.9900,=-0.0582,=13.0760,=0.5318,=11.1075,=12.2601,=12.9813,=14.3288,=16.4362,=1.4189,=0.0945,=1.2604,=1.4712,=1.5704,=1.6512,=1.8134,=0.8989,=0.2998,=0.7577,=0.8712,=0.9332,=0.9766,=1.0805,=0.0374,=0.5770,=0.0287,=0.0345,=0.0369,=0.0388,=0.0437,=0.0613,=0.1047,=0.0581,=1650
="000978",医药100,2011-03-18,=0.0282,=9796.4200,=-0.0606,=31.6998,=0.3754,=23.7467,=28.9111,=33.5784,=37.6406,=66.4077,=3.0853,=0.1038,=2.6475,=3.2224,=4.1531,=5.0232,=7.8052,=2.8970,=0.3630,=2.0946,=2.6763,=3.1045,=3.6588,=5.9820,=0.0157,=0.8649,=0.0050,=0.0072,=0.0095,=0.0150,=0.0209,=0.0617,=0.0911,=0.0594,=4730
="932315",中证红利质量,2024-07-08,=0.0007,=4239.3800,=-0.0609,=14.7591,=0.3315,=12.3916,=13.9651,=15.5590,=16.5558,=18.7206,=2.8975,=0.4153,=2.1812,=2.4382,=3.0081,=3.9418,=4.4900,=3.5695,=0.9143,=2.0136,=2.2388,=3.0474,=3.2407,=3.7823,=0.0383,=0.4115,=0.0312,=0.0369,=0.0388,=0.0419,=0.0443,=0.1163,=0.1829,=0.0837,=612
="000029",180价值,2009-01-09,=0.0089,=4181.5600,=-0.0610,=7.9916,=0.5550,=5.6894,=6.9075,=7.8742,=8.4988,=10.8138,=0.8360,=0.3745,=0.6666,=0.8014,=0.8551,=1.0606,=1.4433,=1.1245,=0.9048,=0.6198,=0.7825,=0.9448,=1.0762,=1.4032,=0.0407,=0.2629,=0.0290,=0.0398,=0.0429,=0.0522,=0.0634,=0.0509,=0.0896,=0.0469,=559
="399395",国证有色,2012-10-29,=-0.0028,=9075.6500,=-0.0616,=16.4487,=0.1628,=12.7731,=17.6323,=27.1283,=53.5759,=289.3033,=3.1603,=0.8224,=1.7304,=2.0833,=2.5074,=3.1088,=4.8522,=1.2502,=0.8595,=0.6150,=0.7945,=0.9087,=1.1779,=1.9521,=0.0186,=0.8307,=0.0031,=0.0057,=0.0105,=0.0179,=0.0242,=0.1286,=0.1543,=0.0763,=674
="931586",300价值稳健,2020-11-09,=0.0053,=7160.0300,=-0.0619,=10.7678,=0.3649,=8.1741,=9.7199,=11.1824,=12.7067,=15.0111,=1.2185,=0.2344,=0.9699,=1.1967,=1.3192,=1.5103,=1.6570,=1.3250,=0.8281,=0.7359,=0.8668,=0.9905,=1.2904,=1.5639,=0.0374,=0.5291,=0.0248,=0.0322,=0.0371,=0.0406,=0.0470,=0.0557,=0.1070,=0.0599,=44
="000813",细分化工,2012-04-11,=0.0102,=3575.5700,=-0.0622,=17.6148,=0.2794,=11.4329,=16.5252,=21.6455,=27.2280,=42.1751,=2.4181,=0.4326,=1.6736,=2.0410,=2.5613,=3.0864,=4.9148,=1.3568,=0.4644,=0.8896,=1.1114,=1.3962,=1.9269,=3.1071,=0.0197,=0.7664,=0.0059,=0.0109,=0.0167,=0.0201,=0.0259,=0.0921,=0.0961,=0.0475,=1009
="399373",大盘价值,2010-01-04,=0.0027,=8038.2900,=-0.0625,=8.4678,=0.5361,=5.4746,=6.8623,=8.3409,=9.1146,=11.9914,=0.8983,=0.4368,=0.6410,=0.8033,=0.9324,=1.1357,=1.5001,=1.1739,=0.8611,=0.5920,=0.7817,=0.9285,=1.1499,=1.4541,=0.0423,=0.4541,=0.0275,=0.0376,=0.0428,=0.0526,=0.0641,=0.0525,=0.0939,=0.0498,=339
="930957",港股通中国100,2017-06-23,=0.0145,=3545.9400,=-0.0633,=9.7488,=0.6331,=5.4625,=7.6158,=9.0352,=10.7848,=13.3106,=1.0778,=0.5079,=0.6571,=0.8673,=1.0755,=1.1980,=1.5222,=1.3662,=0.7837,=0.6789,=0.9672,=1.1337,=1.3794,=1.6609,=0.0362,=0.4645,=0.0251,=0.0331,=0.0367,=0.0501,=0.0691,,=0.1032,=0.0524,=21
="000929",中证材料,2009-07-03,=0.0032,=4178.9000,=-0.0637,=18.1589,=0.4458,=9.9126,=14.1083,=19.4326,=24.5059,=273.0691,=2.3137,=0.7915,=1.3680,=1.6188,=1.9047,=2.3283,=3.1607,=1.1387,=0.7256,=0.6315,=0.7658,=0.8824,=1.2011,=1.5845,=0.0198,=0.4850,=0.0058,=0.0137,=0.0200,=0.0239,=0.0294,=0.0842,=0.1037,=0.0523,=529
="HSCESI",恒生中国企业精明指数,2015-06-08,=0.0138,=12025.6800,=-0.0637,=9.3226,=0.6696,=6.0524,=7.9817,=8.7165,=10.0620,=15.8114,=1.0076,=0.4842,=0.6924,=0.9063,=1.0130,=1.1579,=1.7191,=1.3302,=0.7099,=0.8066,=1.0062,=1.1013,=1.4384,=2.0876,=0.0360,=0.3506,=0.0200,=0.0332,=0.0380,=0.0443,=0.0600,=0.0555,=0.1052,=0.0534,=93
="HSCEI",恒生中国企业指数,1994-08-08,=0.0139,=8339.6300,=-0.0644,=9.3597,=0.6741,=6.0524,=7.9850,=8.7260,=10.0931,=15.8114,=1.0110,=0.4890,=0.6924,=0.9062,=1.0145,=1.1595,=1.7191,=1.3345,=0.7103,=0.8066,=1.0067,=1.1021,=1.4420,=2.0876,=0.0359,=0.3413,=0.0200,=0.0331,=0.0380,=0.0443,=0.0600,=0.0555,=0.1052,=0.0534,=4777
="931588",1000价值稳健,2020-11-09,=0.0138,=33527.1300,=-0.0646,=18.8285,=0.5350,=12.8074,=16.7815,=18.5723,=20.5106,=25.6024,=1.3318,=0.3021,=1.0253,=1.2809,=1.4250,=1.5561,=1.9102,=0.7558,=0.8957,=0.4756,=0.5569,=0.6301,=0.7166,=0.8427,=0.0267,=0.6657,=0.0168,=0.0207,=0.0252,=0.0289,=0.0392,=0.0408,=0.0641,=0.0406,=109
="931082",A500现金流,2025-07-16,=0.0027,=4237.5900,=-0.0654,=14.5374,=0.6194,=11.3087,=12.4873,=14.1004,=14.9330,=16.5522,=2.0550,=0.9896,=1.4812,=1.6622,=1.8313,=1.9492,=2.0869,=1.6424,=0.9931,=1.2039,=1.3256,=1.3921,=1.5568,=1.6684,=0.0359,=0.3356,=0.0310,=0.0346,=0.0372,=0.0423,=0.0482,=0.0703,=0.1166,,=134
="930651",CS计算机,2015-06-05,=0.0065,=7233.7600,=-0.0671,=36.5353,=0.0124,=33.6687,=43.9869,=55.8764,=66.6134,=115.0591,=4.4443,=0.5344,=2.6283,=3.7942,=4.3676,=5.0666,=6.5144,=2.6931,=0.0750,=2.0877,=2.8938,=3.5568,=4.2591,=5.5248,=0.0111,=0.9485,=0.0028,=0.0059,=0.0071,=0.0091,=0.0156,=0.0668,=0.0892,=0.0313,=666
="932367",500现金流,2024-11-12,=0.0092,=3412.5400,=-0.0675,=20.1321,=0.9647,=12.7635,=14.1441,=17.1365,=19.2237,=20.8865,=1.5361,=0.0993,=1.4139,=1.6034,=1.7308,=1.9686,=2.3672,=1.0566,=0.2605,=0.8544,=0.9762,=1.2189,=1.2828,=1.4394,=0.0315,=0.4636,=0.0247,=0.0291,=0.0317,=0.0366,=0.0403,=0.0474,=0.1139,=0.0553,=128
="931167",先进制造100,2019-04-25,=-0.0053,=7214.3200,=-0.0681,=15.0114,=0.6051,=10.3762,=13.0413,=14.3342,=16.9189,=20.9116,=2.6367,=0.7992,=1.6383,=2.0348,=2.2682,=2.6372,=3.3727,=1.8716,=0.8815,=0.9031,=1.2411,=1.4468,=1.6801,=2.1795,=0.0289,=0.7753,=0.0136,=0.0208,=0.0257,=0.0296,=0.0362,=0.0863,=0.1483,=0.0844,=343
="399806",环境治理,2014-07-21,=0.0091,=1291.5300,=-0.0688,=26.4142,=0.3136,=17.0172,=24.3835,=29.0303,=35.1644,=49.3304,=1.6527,=0.2888,=1.1727,=1.6033,=1.7613,=2.1643,=4.4901,=1.7842,=0.1677,=1.3064,=1.8231,=2.0638,=2.5833,=5.7591,=0.0178,=0.9151,=0.0037,=0.0085,=0.0106,=0.0156,=0.0215,=0.0362,=0.0536,=0.0352,=854
="931526",企业核心竞争力50,2020-08-24,=0.0076,=1218.8800,=-0.0703,=13.3243,=0.0020,=13.2061,=16.9686,=22.5072,=29.7758,=51.8267,=1.6638,=0.0027,=1.6489,=2.1761,=4.0260,=6.7390,=10.8733,=1.9529,=0.3284,=0.9066,=1.5376,=3.4064,=4.4716,=7.9459,=0.0289,=0.8575,=0.0072,=0.0119,=0.0173,=0.0269,=0.0352,=0.0636,=0.1485,=0.0775,=107
="931672",风电产业,2021-04-29,=0.0080,=1637.4800,=-0.0704,=36.2303,=0.9335,=16.8665,=21.2248,=24.3727,=30.0095,=45.5856,=1.8659,=0.4362,=1.3490,=1.6878,=1.9692,=2.4450,=3.5946,=2.2688,=0.5447,=1.4458,=1.8973,=2.1749,=2.6930,=3.3215,=0.0117,=0.5050,=0.0064,=0.0084,=0.0116,=0.0153,=0.0206,=0.0309,=0.0571,=0.0343,=67
="000819",有色金属,2012-05-09,=-0.0018,=8675.4500,=-0.0714,=16.4903,=0.1628,=12.4710,=17.6598,=27.3962,=52.3245,=187.3535,=3.2812,=0.7952,=1.7791,=2.1409,=2.6249,=3.2881,=4.9698,=1.2784,=0.7932,=0.6317,=0.8246,=0.9662,=1.2850,=1.9863,=0.0189,=0.8191,=0.0033,=0.0060,=0.0108,=0.0186,=0.0249,=0.1310,=0.1569,=0.0773,=2063
="000901",小康指数,2010-04-02,=0.0061,=5887.6400,=-0.0719,=10.5867,=0.3675,=8.5492,=9.9918,=10.8972,=12.4452,=15.5671,=1.0260,=0.0536,=0.9488,=1.0766,=1.2019,=1.4063,=1.7818,=1.0293,=0.6704,=0.7500,=0.8929,=0.9817,=1.0556,=1.2662,=0.0353,=0.7627,=0.0175,=0.0252,=0.0298,=0.0364,=0.0436,=0.0502,=0.0878,=0.0483,=259
="930708",中证有色,2015-07-13,=-0.0013,=2858.8700,=-0.0731,=16.3473,=0.1347,=13.9228,=18.2356,=29.1138,=56.5126,=383.5678,=3.0488,=0.7116,=1.7134,=2.0956,=2.5633,=3.1773,=4.7639,=1.0980,=0.7120,=0.6123,=0.7796,=0.8963,=1.1904,=1.7984,=0.0182,=0.8616,=0.0032,=0.0057,=0.0101,=0.0168,=0.0233,=0.1246,=0.1479,=0.0736,=544
="1000009",深圳B股,1994-01-10,=0.0027,=1172.0600,=-0.0732,=-315.2449,=0.9600,=6.5509,=10.0230,=16.2501,=23.7627,=61.4680,=0.7567,=0.5604,=0.5585,=0.6590,=0.7303,=0.9108,=1.4530,=0.4690,=0.4837,=0.3544,=0.4194,=0.4739,=0.6104,=1.0969,=0.0340,=0.3465,=0.0205,=0.0270,=0.0369,=0.0449,=0.0610,=0.0192,=0.0018,=0.0195,=205
="H30192",食品,2013-07-15,=0.0153,=5241.9300,=-0.0748,=28.0088,=0.1464,=20.6226,=29.5960,=33.1609,=39.0869,=57.5971,=2.5911,=0.0406,=2.3545,=2.9373,=4.5177,=5.7707,=10.5214,=1.5032,=0.0673,=1.2567,=1.6335,=2.3224,=2.8882,=4.8526,=0.0256,=0.8756,=0.0092,=0.0146,=0.0193,=0.0243,=0.0308,=0.0542,=0.0826,=0.0545,=39
="980015",疫苗生科,2015-02-16,=0.0333,=5804.5500,=-0.0766,=44.8726,=0.5550,=24.1714,=31.3141,=43.1713,=53.4852,=80.8207,=3.8296,=0.3543,=2.9980,=3.5858,=4.0825,=6.3178,=11.0606,=6.6660,=0.5614,=4.5746,=5.5015,=6.4590,=8.6862,=15.0694,=0.0098,=0.4650,=0.0026,=0.0056,=0.0100,=0.0133,=0.0175,=0.0589,=0.0693,=0.0466,=74
="000925",基本面50,2009-02-26,=0.0053,=4252.8500,=-0.0791,=9.2069,=0.5039,=6.2635,=7.9688,=9.1923,=10.0957,=12.7955,=1.0011,=0.4021,=0.7306,=0.9013,=1.0404,=1.1921,=1.5728,=1.0579,=0.6716,=0.6037,=0.7864,=0.9668,=1.1049,=1.4866,=0.0386,=0.5513,=0.0256,=0.0338,=0.0376,=0.0468,=0.0563,=0.0530,=0.0882,=0.0468,=4568
="931645",1000红利,2024-03-15,=0.0096,=2284.9400,=-0.0794,=15.6378,=0.8660,=11.2896,=12.4935,=14.0317,=15.3520,=18.1886,=1.1092,=0.1454,=0.9871,=1.1264,=1.1861,=1.2418,=1.3469,=0.7169,=0.3023,=0.5734,=0.6826,=0.7481,=0.8104,=0.8871,=0.0359,=0.4804,=0.0305,=0.0339,=0.0360,=0.0406,=0.0471,=0.0386,=0.0646,=0.0399,=26
="H30095",医药红利,2013-07-02,=0.0188,=14228.7100,=-0.0796,=17.1816,=0.1947,=14.6474,=17.2014,=19.6137,=26.9683,=34.8020,=1.6554,=0.0436,=1.4797,=1.7732,=2.4234,=3.0897,=4.2060,=0.9518,=0.1634,=0.7612,=0.9828,=1.5019,=1.9870,=2.8268,=0.0385,=0.9932,=0.0116,=0.0175,=0.0226,=0.0309,=0.0398,=0.0562,=0.1019,=0.0623,=103
="399433",国证交运,2014-12-30,=0.0125,=1591.2000,=-0.0798,=18.1260,=0.4347,=14.0225,=16.4631,=18.8304,=26.1989,=63.9683,=1.3235,=0.1088,=1.1928,=1.3523,=1.5467,=1.7533,=2.2412,=0.6397,=0.1520,=0.5137,=0.6594,=1.0525,=1.2837,=1.7564,=0.0272,=0.6477,=0.0110,=0.0143,=0.0196,=0.0311,=0.0399,=0.0367,=0.0594,=0.0371,=2
="000811",细分有色,2012-04-11,=-0.0015,=10455.9400,=-0.0807,=16.0818,=0.1417,=13.5118,=17.8022,=28.9408,=55.2520,=288.4141,=3.1210,=0.7717,=1.7438,=2.0869,=2.5625,=3.1861,=4.8073,=1.2130,=0.8113,=0.6338,=0.7856,=0.9040,=1.1981,=1.9173,=0.0188,=0.8640,=0.0033,=0.0058,=0.0104,=0.0173,=0.0234,=0.1284,=0.1531,=0.0756,=205
="HSMI",恒生综合中型股指数,2001-10-03,=0.0101,=4579.6200,=-0.0808,=12.6912,=0.6219,=7.1837,=9.6369,=11.3173,=14.7407,=19.0737,=1.0079,=0.4959,=0.6229,=0.7817,=1.0099,=1.2298,=1.5312,=0.8314,=0.8083,=0.4186,=0.5568,=0.6725,=0.8259,=1.0938,=0.0333,=0.5150,=0.0208,=0.0280,=0.0330,=0.0427,=0.0675,,,=0.0385,=162
="930838",CS高股息,2016-06-08,=0.0128,=6629.3000,=-0.0817,=17.6132,=0.4907,=10.7704,=14.2530,=17.7514,=22.3918,=29.5345,=3.3960,=0.7779,=1.8272,=2.3324,=2.8270,=3.4934,=5.4603,=3.2191,=0.6213,=1.6703,=2.0490,=2.5098,=3.7457,=5.1335,=0.0281,=0.5707,=0.0136,=0.0201,=0.0267,=0.0363,=0.0519,=0.1093,=0.1877,=0.1009,=176
="931024",港股通非银,2017-11-06,=0.0064,=3941.4000,=-0.0820,=5.6412,=0.0018,=5.5654,=8.4149,=10.8743,=13.2858,=22.4310,=0.9755,=0.3632,=0.6237,=0.8538,=1.0383,=1.2203,=1.7592,=1.1050,=0.6450,=0.5870,=0.8781,=1.0213,=1.2306,=2.2002,=0.0439,=0.8881,=0.0165,=0.0270,=0.0347,=0.0415,=0.0611,,=0.1345,=0.0629,=219
="931375",300质量低波,2019-11-25,=0.0039,=15562.1000,=-0.0823,=9.3931,=0.3460,=6.4946,=8.1787,=10.8741,=13.5270,=22.0532,=1.3308,=0.4118,=0.8054,=1.0893,=1.5057,=2.0474,=3.3245,=2.4907,=0.9595,=1.0044,=1.3422,=1.6898,=2.1109,=2.7563,=0.0344,=0.4607,=0.0151,=0.0279,=0.0348,=0.0402,=0.0521,=0.0704,=0.1211,=0.0580,=116
="H30590",机器人,2015-02-10,=0.0005,=1749.9400,=-0.0829,=52.7541,=0.5546,=24.1742,=42.0198,=50.8777,=63.2897,=89.9138,=4.2226,=0.7227,=2.1765,=2.8831,=3.6968,=4.4486,=6.0751,=4.0959,=0.7614,=1.6011,=2.4247,=3.4045,=4.2734,=5.4887,=0.0080,=0.8030,=0.0045,=0.0056,=0.0069,=0.0080,=0.0128,=0.0463,=0.0720,=0.0364,=962
="000806",消费服务,2012-02-10,=0.0127,=7719.0600,=-0.0836,=9.7557,=0.0849,=9.0076,=10.0660,=10.8055,=11.8704,=17.0971,=1.0791,=0.0667,=1.0009,=1.1856,=1.3420,=1.5460,=2.0145,=2.2187,=0.6185,=1.6526,=1.9529,=2.1414,=2.3803,=3.0032,=0.0360,=0.8282,=0.0198,=0.0244,=0.0295,=0.0355,=0.0497,=0.0554,=0.1002,=0.0519,=429
="399398",绩效指数,2012-11-19,=0.0071,=9706.6900,=-0.0840,=16.3526,=0.3020,=9.4274,=11.9134,=18.3580,=21.6274,=36.1591,=3.1002,=0.3020,=1.3709,=1.7978,=3.5796,=4.3854,=6.4752,=2.9995,=0.5579,=1.5825,=2.2474,=2.9330,=3.4328,=5.0073,=0.0392,=0.8867,=0.0140,=0.0234,=0.0323,=0.0375,=0.0430,=0.1029,=0.1771,=0.0957,=23
="931487",SHS人工智能50,2020-05-06,=0.0152,=2016.4500,=-0.0844,=28.9632,=0.3666,=18.6614,=25.7754,=31.7608,=36.9676,=66.0883,=4.7904,=0.5418,=3.0781,=4.0646,=4.6797,=6.1913,=10.5947,=5.5376,=0.5969,=3.3555,=4.5169,=5.2222,=6.7644,=9.5096,=0.0060,=0.5375,=0.0019,=0.0035,=0.0058,=0.0075,=0.0094,,=0.1427,=0.0771,=85
="399365",国证粮食,2009-11-04,=0.0230,=12394.7500,=-0.0851,=22.9152,=0.3255,=13.3311,=20.2221,=26.7062,=35.2364,=54.5886,=2.0314,=0.1846,=1.6393,=2.0505,=4.0837,=6.4747,=11.3501,=0.8198,=0.2246,=0.5961,=0.8004,=3.1238,=4.6104,=8.7065,=0.0199,=0.7363,=0.0080,=0.0130,=0.0163,=0.0211,=0.0308,=0.0476,=0.0838,=0.0471,=92
="000063",上证周期,2010-02-03,=0.0073,=3711.2500,=-0.0853,=8.4327,=0.4504,=5.4761,=7.1362,=8.5735,=9.4385,=12.4946,=0.9372,=0.4635,=0.6668,=0.8368,=0.9505,=1.1009,=1.4831,=1.5047,=0.8344,=0.8113,=1.0636,=1.2496,=1.4623,=1.7571,=0.0382,=0.4557,=0.0252,=0.0353,=0.0386,=0.0518,=0.0626,=0.0561,=0.0975,=0.0493,=213
="000968",300周期,2010-05-28,=0.0076,=4160.7300,=-0.0853,=9.0373,=0.4726,=6.1174,=7.8172,=9.1233,=10.2312,=13.3562,=0.9586,=0.4277,=0.7021,=0.8484,=0.9938,=1.1600,=1.5550,=1.5382,=0.8307,=0.8459,=1.0834,=1.2650,=1.5129,=1.8297,=0.0367,=0.5752,=0.0230,=0.0323,=0.0360,=0.0470,=0.0569,=0.0541,=0.0922,=0.0475,=104
="000018",180金融,2007-12-10,=0.0066,=5432.2600,=-0.0855,=7.1474,=0.3407,=5.2016,=6.4287,=7.4929,=8.3012,=10.8609,=0.7784,=0.3593,=0.5902,=0.6965,=0.8519,=1.0566,=1.4199,=2.1736,=0.7565,=1.2355,=1.5824,=1.9642,=2.2159,=2.8772,=0.0396,=0.5258,=0.0246,=0.0353,=0.0392,=0.0493,=0.0636,=0.0529,=0.0959,=0.0477,=780
="000818",细分金融,2012-04-11,=0.0072,=6748.7300,=-0.0860,=7.2702,=0.3379,=5.2356,=6.4974,=7.6625,=8.4810,=10.9951,=0.7896,=0.3432,=0.5930,=0.7010,=0.8680,=1.0787,=1.4303,=2.2300,=0.7581,=1.2689,=1.6354,=2.0043,=2.2666,=2.9111,=0.0389,=0.5616,=0.0239,=0.0331,=0.0376,=0.0471,=0.0625,=0.0528,=0.0956,=0.0477,=12
="932431",300质量,2025-03-18,=0.0078,=1869.9600,=-0.0862,=10.4243,=0.7876,=9.4685,=10.0075,=10.1841,=10.4385,=11.0156,=1.1381,=0.6210,=1.0616,=1.1045,=1.1305,=1.1496,=1.1879,=2.2239,=0.5914,=2.0194,=2.1532,=2.2089,=2.2570,=2.3386,=0.0351,=0.1774,=0.0331,=0.0352,=0.0372,=0.0391,=0.0487,=0.0534,=0.1012,=0.0518,=18
="000052",50基本,2012-01-09,=0.0082,=2762.8200,=-0.0863,=10.7604,=0.5715,=8.3126,=9.6677,=10.5667,=11.5646,=15.1108,=1.2392,=0.4940,=1.0245,=1.1706,=1.2403,=1.3328,=1.6471,=1.5780,=0.9444,=0.8665,=1.0185,=1.1422,=1.3050,=1.6553,=0.0327,=0.4911,=0.0238,=0.0291,=0.0329,=0.0398,=0.0497,=0.0576,=0.1007,=0.0530,=28
="930598",稀土产业,2015-03-02,=0.0113,=2563.2300,=-0.0867,=28.0773,=0.1607,=21.1133,=29.0464,=39.0381,=67.8181,=235.0768,=2.8018,=0.6951,=1.4810,=1.9699,=2.3151,=3.0438,=4.3047,=1.3300,=0.6378,=0.6656,=0.9718,=1.1871,=1.6330,=2.1457,=0.0133,=0.9963,=0.0025,=0.0048,=0.0069,=0.0095,=0.0136,=0.0742,=0.0883,=0.0460,=755
="000934",中证金融,2009-07-03,=0.0087,=5724.8500,=-0.0868,=7.8169,=0.3877,=5.7083,=6.8944,=8.0799,=8.8714,=11.5527,=0.7939,=0.3230,=0.6117,=0.7181,=0.8837,=1.1277,=1.5017,=2.1177,=0.8154,=1.1467,=1.4503,=1.8025,=2.1041,=2.6696,=0.0375,=0.5591,=0.0232,=0.0331,=0.0367,=0.0445,=0.0593,=0.0504,=0.0873,=0.0451,=1161
="HSML25",恒生中国(香港上市)30指数,2003-01-20,=0.0166,=8637.7900,=-0.0872,=9.0758,=0.4915,=5.7712,=7.9406,=9.1055,=10.2891,=13.0207,=1.0481,=0.4066,=0.7256,=0.9442,=1.0773,=1.2097,=1.5098,=1.6489,=0.7104,=0.9123,=1.1615,=1.4625,=1.7434,=2.4187,=0.0366,=0.4793,=0.0247,=0.0321,=0.0368,=0.0450,=0.0643,=0.0573,=0.1051,=0.0524,=271
="000992",全指金融,2011-08-02,=0.0090,=5465.6200,=-0.0873,=7.9586,=0.3914,=5.9310,=7.1022,=8.2511,=9.0288,=11.6339,=0.7940,=0.3206,=0.6188,=0.7234,=0.8877,=1.1369,=1.5107,=2.1145,=0.8138,=1.1568,=1.4432,=1.8067,=2.0984,=2.6668,=0.0372,=0.5678,=0.0229,=0.0327,=0.0362,=0.0437,=0.0581,=0.0497,=0.0846,=0.0444,=2717
="399995",基建工程,2015-03-12,=0.0065,=3561.4400,=-0.0883,=10.7600,=0.8129,=5.8673,=7.3439,=8.2803,=10.5337,=18.8590,=0.6315,=0.0099,=0.5815,=0.7177,=0.8853,=1.2525,=2.1834,=0.1849,=0.2954,=0.1368,=0.1784,=0.2019,=0.3205,=0.5478,=0.0281,=0.7474,=0.0106,=0.0196,=0.0247,=0.0289,=0.0415,=0.0250,=0.0543,=0.0331,=2699
="932368",800现金流,2024-12-11,=0.0036,=4659.5200,=-0.0888,=14.6877,=0.8681,=9.9108,=10.8643,=12.5391,=14.4065,=15.6891,=1.8846,=0.7500,=1.4048,=1.5505,=1.7551,=1.9043,=2.0110,=1.5295,=0.8819,=1.0036,=1.1125,=1.3382,=1.4773,=1.6811,=0.0378,=0.3634,=0.0311,=0.0354,=0.0415,=0.0466,=0.0553,=0.0834,=0.1177,=0.0730,=250
="000914",300金融,2007-07-02,=0.0082,=6118.1600,=-0.0893,=7.5688,=0.3923,=5.2769,=6.6022,=7.8268,=8.6017,=11.3863,=0.7847,=0.3337,=0.5962,=0.7048,=0.8731,=1.1173,=1.4919,=2.1069,=0.7956,=1.1210,=1.4310,=1.8124,=2.1095,=2.7052,=0.0385,=0.5546,=0.0235,=0.0340,=0.0378,=0.0467,=0.0618,=0.0510,=0.0897,=0.0461,=349
="930709",香港证券,2015-07-13,=0.0038,=1285.0100,=-0.0903,=8.6502,=0.0775,=6.3679,=10.1532,=12.7684,=14.8675,=24.4010,=0.9236,=0.4271,=0.5308,=0.7588,=0.9555,=1.1844,=1.5872,=3.3491,=0.5753,=1.7834,=2.5970,=3.1590,=4.1521,=5.9903,=0.0404,=0.8017,=0.0202,=0.0265,=0.0337,=0.0403,=0.0726,=0.0572,=0.0828,=0.0419,=527
="H30089",红利潜力,2013-07-02,=0.0014,=9043.1200,=-0.0908,=15.0126,=0.0960,=12.7702,=15.6978,=16.8205,=20.5344,=29.7267,=2.5966,=0.5620,=1.5457,=2.0303,=2.5222,=2.9135,=4.3960,=2.0269,=0.7285,=0.7611,=0.9608,=1.7909,=2.1854,=2.8465,=0.0372,=0.7932,=0.0172,=0.0262,=0.0320,=0.0373,=0.0456,=0.0866,=0.1605,=0.0844,=553
="000048",责任指数,2009-08-05,=0.0049,=1339.4600,=-0.0922,=11.8344,=0.7862,=7.8628,=9.5548,=10.5490,=11.9202,=14.1982,=1.3089,=0.5406,=0.9056,=1.1404,=1.2957,=1.4366,=1.7866,=1.1666,=0.9831,=0.5718,=0.6942,=0.8011,=0.9395,=1.1998,=0.0381,=0.6522,=0.0223,=0.0285,=0.0322,=0.0399,=0.0469,=0.0571,=0.0991,=0.0518,=134
="932369",1000现金流,2024-11-12,=0.0122,=3341.0600,=-0.0940,=17.5099,=0.1589,=16.0705,=17.6698,=18.3505,=19.2740,=21.4836,=1.5070,=0.1148,=1.4251,=1.5325,=1.6345,=1.7477,=1.8728,=1.1752,=0.8698,=0.8034,=0.8924,=1.0028,=1.0635,=1.3230,=0.0272,=0.5298,=0.0230,=0.0262,=0.0271,=0.0285,=0.0311,=0.0501,=0.0821,=0.0540,=61
="399959",军工指数,2011-08-30,=0.0195,=1635.5400,=-0.0991,=45.0221,=0.1141,=34.5950,=49.9494,=59.8677,=71.5667,=127.0416,=2.9221,=0.3138,=2.0269,=2.6526,=3.2344,=3.9780,=5.9912,=2.5754,=0.1371,=2.1044,=2.6611,=3.2480,=3.8520,=5.2606,=0.0092,=0.9901,=0.0021,=0.0030,=0.0039,=0.0068,=0.0097,=0.0332,=0.0591,=0.0294,=24
="HSMSI",恒生综合中小型股指数,2015-06-08,=0.0117,=2659.9700,=-0.0996,=14.9355,=0.7315,=7.2058,=10.0582,=12.4555,=15.6239,=18.8438,=1.0248,=0.5410,=0.6157,=0.7686,=1.0039,=1.2090,=1.4952,=0.7829,=0.6755,=0.4020,=0.5319,=0.6807,=0.8476,=1.0389,=0.0316,=0.4626,=0.0199,=0.0271,=0.0325,=0.0412,=0.0630,,,=0.0371,=161
="932365",中证现金流,2024-12-11,=0.0056,=4715.1500,=-0.1049,=12.3597,=0.5000,=10.1873,=11.0211,=12.3597,=14.5575,=15.8261,=1.5482,=0.0532,=1.4661,=1.6441,=1.7563,=1.8763,=2.0150,=1.2429,=0.3843,=0.8463,=1.1120,=1.3670,=1.5024,=1.6205,=0.0385,=0.3819,=0.0305,=0.0360,=0.0413,=0.0469,=0.0550,=0.0684,=0.1155,=0.0697,=746
="H30217",医疗器械,2013-07-15,=0.0259,=8785.7300,=-0.1052,=37.4488,=0.4351,=17.1055,=29.5762,=39.2319,=55.9877,=80.6195,=2.6552,=0.0198,=2.4731,=3.1912,=4.7007,=6.5700,=11.6091,=4.7324,=0.0441,=4.1030,=5.3137,=6.0051,=7.9225,=13.3528,=0.0150,=0.7445,=0.0035,=0.0052,=0.0078,=0.0156,=0.0236,=0.0474,=0.0626,=0.0416,=1353
="000909",300材料,2007-07-02,=0.0011,=3660.7700,=-0.1069,=15.1661,=0.2522,=10.2722,=14.5958,=18.0772,=24.0733,=355.1004,=2.4137,=0.7474,=1.4655,=1.7438,=2.0252,=2.5074,=3.8763,=1.1719,=0.7025,=0.6983,=0.8432,=0.9975,=1.2391,=1.9427,=0.0223,=0.6213,=0.0057,=0.0144,=0.0206,=0.0243,=0.0291,=0.1028,=0.1225,=0.0605,=21
="399807",高铁产业,2015-01-20,=0.0084,=1105.4100,=-0.1102,=12.3409,=0.3951,=9.4881,=11.2215,=12.7333,=14.6746,=24.3532,=0.7496,=0.0091,=0.7241,=0.9121,=1.0195,=1.4180,=2.3973,=0.3927,=0.3201,=0.3063,=0.3760,=0.4188,=0.4620,=0.6435,=0.0286,=0.8372,=0.0090,=0.0147,=0.0238,=0.0281,=0.0348,=0.0257,=0.0541,=0.0293,=598
="930910",农牧渔,2016-12-12,=0.0209,=8870.7300,=-0.1104,=-87.7365,=0.8808,=13.2246,=20.9512,=30.1582,=107.1213,=30031.8592,=2.4070,=0.1403,=1.9495,=2.4759,=2.9189,=3.6300,=4.9084,=1.0609,=0.1974,=0.8679,=1.0629,=1.4652,=2.0488,=2.7290,=0.0151,=0.6627,=0.0042,=0.0098,=0.0137,=0.0176,=0.0261,=-0.0335,=0.0664,=0.0588,=23
="930902",中证数据,2016-10-18,=0.0053,=2835.3100,=-0.1109,=83.1053,=0.5464,=37.6891,=57.3782,=79.3485,=121.1026,=366.0842,=3.9670,=0.4793,=2.4001,=3.4331,=4.0007,=4.6592,=5.5171,=2.5871,=0.0750,=2.0473,=2.8679,=3.3531,=4.1433,=7.0542,=0.0043,=0.7506,=0.0020,=0.0030,=0.0036,=0.0047,=0.0091,=0.0218,=0.0339,=0.0109,=253
="H30178",医疗保健,2013-07-15,=0.0264,=12057.1300,=-0.1118,=38.1652,=0.3391,=19.5848,=32.8016,=44.5749,=64.7113,=123.2936,=2.7011,=0.0181,=2.5190,=3.3250,=5.4425,=7.2582,=12.4381,=4.4191,=0.0144,=4.1521,=5.3434,=6.1266,=8.1023,=14.2518,=0.0146,=0.7738,=0.0029,=0.0041,=0.0065,=0.0149,=0.0219,=0.0469,=0.0653,=0.0428,=565
="000988",全指工业,2011-08-02,=0.0019,=3656.8300,=-0.1142,=24.1843,=0.5076,=13.7285,=19.3778,=24.0250,=28.8829,=37.6625,=1.8312,=0.3857,=1.3866,=1.6512,=1.9987,=2.3801,=2.7728,=0.8672,=0.4516,=0.5551,=0.7455,=0.8966,=1.0486,=1.3765,=0.0181,=0.7408,=0.0076,=0.0095,=0.0142,=0.0193,=0.0256,=0.0383,=0.0650,=0.0365,=241
="931442",SHS科技100,2020-04-21,=0.0099,=9527.0400,=-0.1149,=17.9712,=0.3809,=11.6240,=15.1386,=19.3247,=24.4301,=40.7731,=2.5535,=0.4658,=1.5813,=1.9788,=2.6246,=3.9413,=6.9092,=1.7026,=0.4695,=1.0913,=1.4406,=1.7490,=2.5257,=5.0819,=0.0159,=0.6098,=0.0042,=0.0092,=0.0138,=0.0221,=0.0322,=0.0674,=0.1222,=0.0731,=34
="931027",港股通大消费,2017-11-06,=0.0176,=2760.3600,=-0.1153,=22.8319,=0.3723,=14.6383,=20.4917,=24.9602,=51.4102,=105.3721,=2.6064,=0.0978,=2.2514,=2.8332,=3.2236,=4.2885,=9.1499,=1.5217,=0.2928,=1.0973,=1.4431,=1.7436,=2.4729,=5.7985,=0.0219,=0.7410,=0.0056,=0.0114,=0.0179,=0.0229,=0.0323,,=0.1235,=0.0736,=51
="399994",信息安全,2015-03-12,=0.0107,=1612.4800,=-0.1155,=49.7523,=0.1389,=35.0629,=52.8016,=67.0060,=85.7906,=183.5630,=3.3895,=0.2192,=2.3256,=3.3538,=3.8475,=4.4512,=6.2767,=2.4386,=0.0222,=2.1829,=2.8453,=3.2248,=3.8075,=5.1182,=0.0137,=0.9609,=0.0023,=0.0036,=0.0059,=0.0098,=0.0172,=0.0356,=0.0539,=0.0210,=96
="950096",上海国企,2016-05-11,=0.0070,=1336.6600,=-0.1165,=13.1365,=0.5999,=8.9055,=11.0343,=12.5713,=15.1668,=16.5992,=1.0511,=0.3943,=0.7269,=0.8713,=1.1144,=1.4257,=1.9554,=1.1523,=0.8150,=0.5842,=0.6832,=0.8504,=1.1449,=1.2890,=0.0240,=0.3832,=0.0177,=0.0207,=0.0257,=0.0281,=0.0334,=0.0431,=0.0761,=0.0425,=175
="399295",创价值,2019-01-23,=0.0059,=4759.0800,=-0.1181,=31.9602,=0.3617,=20.8863,=27.0835,=39.2935,=56.4268,=73.8741,=6.1604,=0.5506,=3.7254,=4.6185,=5.9067,=8.9708,=11.5385,=4.3201,=0.3471,=2.5684,=3.5056,=5.3344,=9.0856,=12.8251,=0.0128,=0.7121,=0.0033,=0.0050,=0.0075,=0.0150,=0.0218,=0.0987,=0.1758,=0.0858,=614
="930641",中证中药,2015-05-19,=0.0209,=8391.3200,=-0.1181,=21.8669,=0.0770,=17.1921,=23.8868,=28.4685,=32.8246,=45.5431,=1.9750,=0.0157,=1.8142,=2.4504,=2.8972,=3.4828,=4.0837,=2.1654,=0.0198,=1.9582,=2.4248,=2.7850,=3.3433,=4.5776,=0.0377,=0.9810,=0.0073,=0.0130,=0.0165,=0.0263,=0.0421,=0.0568,=0.0928,=0.0645,=925
="000949",中证农业,2009-10-28,=0.0167,=5093.0800,=-0.1203,=71.8851,=0.9069,=14.4444,=21.2919,=29.1179,=37.7074,=1184.8568,=2.4944,=0.1986,=2.0719,=2.4951,=3.2559,=4.0480,=5.2895,=1.3277,=0.2641,=0.8980,=1.1771,=1.7071,=2.0301,=2.8101,=0.0162,=0.4483,=0.0077,=0.0144,=0.0164,=0.0190,=0.0257,=0.0027,=0.0985,=0.0674,=1070
="931752",工程机械主题,2021-09-27,=0.0014,=2215.5700,=-0.1211,=20.3932,=0.3949,=13.6456,=18.5481,=21.3079,=24.3161,=27.9581,=1.8696,=0.6449,=1.2593,=1.5789,=1.7330,=2.1182,=2.6511,=1.1209,=0.6482,=0.7133,=0.9182,=1.0257,=1.2846,=1.6462,=0.0220,=0.7384,=0.0151,=0.0190,=0.0208,=0.0222,=0.0284,=0.0525,=0.0958,=0.0571,=111
="000963",中证下游,2010-04-16,=0.0082,=5008.5400,=-0.1230,=22.9349,=0.3144,=17.2626,=22.2745,=25.1891,=33.1012,=51.0836,=2.1974,=0.0132,=2.0766,=2.5622,=3.0474,=3.4358,=5.6334,=1.4578,=0.0655,=1.2209,=1.6031,=1.7520,=2.0795,=3.4797,=0.0291,=0.9666,=0.0087,=0.0135,=0.0162,=0.0265,=0.0315,=0.0518,=0.0958,=0.0598,=32
="399814",大农业,2014-07-22,=0.0113,=1051.5400,=-0.1230,=30.0522,=0.6040,=17.8693,=23.4731,=28.0244,=32.4891,=111.7688,=2.7234,=0.0548,=2.4368,=2.9068,=3.2396,=4.3740,=6.4483,=1.5071,=0.2138,=1.2031,=1.4977,=1.7958,=2.3352,=3.7145,=0.0236,=0.8451,=0.0100,=0.0141,=0.0173,=0.0231,=0.0287,=0.0403,=0.1209,=0.0736,=780
="931573",HKC科技,2014-05-21,=0.0166,=2840.1400,=-0.1241,=24.9410,=0.2565,=18.3272,=24.3259,=27.9852,=39.1853,=82.7075,=2.7755,=0.1184,=2.3269,=2.9455,=3.3135,=4.1356,=10.6583,=1.8387,=0.1254,=1.5041,=1.9567,=2.2798,=3.2960,=8.3359,=0.0102,=0.9782,=0.0015,=0.0040,=0.0066,=0.0088,=0.0111,,=0.1298,=0.0639,=311
="931783",智能驾驶,2022-02-21,=0.0079,=1313.3700,=-0.1250,=38.4802,=0.1514,=31.9944,=39.6106,=46.1740,=67.6534,=98.5983,=3.0378,=0.0851,=2.5981,=3.2772,=3.5502,=3.9415,=4.9384,=1.6601,=0.1622,=1.3276,=1.6990,=1.9197,=2.1144,=2.7953,=0.0094,=0.9677,=0.0048,=0.0063,=0.0072,=0.0083,=0.0101,=0.0356,=0.0928,=0.0446,=22
="000069",消费80,2010-05-28,=0.0186,=4289.7600,=-0.1261,=22.6809,=0.2616,=16.4356,=22.3399,=24.9025,=33.0497,=60.5019,=2.8917,=0.0552,=2.4642,=3.1928,=3.5456,=4.8097,=7.6372,=1.7662,=0.4013,=1.0743,=1.5310,=1.9150,=2.7436,=3.8795,=0.0275,=0.9769,=0.0078,=0.0117,=0.0184,=0.0236,=0.0296,=0.0691,=0.1324,=0.0790,=947
="000930",中证工业,2009-07-03,=0.0014,=3063.5300,=-0.1265,=21.4457,=0.5962,=13.1747,=16.3715,=20.2899,=23.7165,=30.4087,=1.7032,=0.3614,=1.3752,=1.5614,=1.8454,=2.1187,=2.6342,=0.8137,=0.6551,=0.5311,=0.6373,=0.7618,=0.8868,=1.0502,=0.0199,=0.7783,=0.0090,=0.0114,=0.0161,=0.0203,=0.0262,=0.0386,=0.0679,=0.0368,=327
="931412",证券公司30,2020-02-20,=0.0103,=1420.2000,=-0.1266,=11.3408,=0.0037,=11.0895,=15.8299,=18.4764,=22.4897,=36.9291,=1.2393,=0.1492,=1.0327,=1.2646,=1.4388,=1.6925,=2.4365,=4.6816,=0.0999,=3.9462,=5.0225,=5.5564,=6.6890,=9.6353,=0.0254,=0.9938,=0.0091,=0.0148,=0.0169,=0.0216,=0.0259,=0.0564,=0.0861,=0.0429,=41
="931456",中国教育,2020-04-21,=0.0038,=1056.9830,=-0.1275,=28.7018,=0.0042,=27.9628,=54.2458,=90.7210,=-140.2412,=28609.2511,=2.7071,=0.3772,=1.5831,=2.4517,=2.9244,=3.7604,=9.7545,=2.6186,=0.1605,=1.7011,=2.7033,=3.3302,=4.6341,=11.2012,=0.0088,=0.6565,=0.0035,=0.0060,=0.0082,=0.0098,=0.0209,,=0.0751,=0.0433,=180
="399973",中证国防,2014-04-15,=0.0144,=1622.2800,=-0.1278,=66.3920,=0.7264,=28.8580,=43.6048,=54.2157,=71.2152,=99.6638,=3.4241,=0.4359,=2.3880,=3.0104,=3.5410,=4.7796,=7.7047,=3.2051,=0.3980,=1.9566,=2.7338,=3.7805,=4.5351,=7.1179,=0.0062,=0.7569,=0.0024,=0.0036,=0.0047,=0.0064,=0.0100,=0.0233,=0.0535,=0.0273,=646
="930697",家用电器,2015-07-07,=-0.0073,=11138.5700,=-0.1291,=15.8173,=0.2715,=12.0193,=15.4243,=16.8866,=19.8234,=32.1495,=2.3828,=0.0185,=2.2889,=2.6504,=3.1695,=3.9701,=5.2226,=1.1980,=0.2258,=0.9879,=1.1843,=1.2935,=1.6199,=2.3694,=0.0393,=0.9732,=0.0137,=0.0223,=0.0268,=0.0339,=0.0418,=0.0808,=0.1413,=0.0905,=1753
="H11054",装备产业,2009-07-22,=-0.0007,=2533.4000,=-0.1291,=28.7675,=0.4130,=15.6342,=24.8025,=31.8760,=38.3256,=58.0282,=2.6330,=0.4998,=1.6944,=2.1324,=2.6333,=3.3031,=5.1308,=1.8181,=0.4456,=1.2119,=1.4917,=1.8890,=2.3366,=3.6241,=0.0155,=0.8426,=0.0051,=0.0080,=0.0116,=0.0147,=0.0207,=0.0495,=0.0859,=0.0412,=49
="399975",证券公司,2013-07-15,=0.0112,=742.3100,=-0.1294,=12.3166,=0.0025,=12.0295,=18.5630,=21.4855,=26.4841,=46.0250,=1.2589,=0.1323,=1.0494,=1.2948,=1.5336,=1.8385,=2.4199,=4.9466,=0.0721,=4.0997,=5.4453,=6.3055,=7.4089,=10.0865,=0.0236,=0.9881,=0.0082,=0.0129,=0.0150,=0.0201,=0.0244,=0.0534,=0.0810,=0.0402,=9932
="931402",证券先锋,2020-01-14,=0.0105,=1807.8600,=-0.1331,=12.2188,=0.0037,=11.9356,=17.1100,=20.6629,=25.6381,=41.4692,=1.2610,=0.1419,=1.0487,=1.2859,=1.4480,=1.7428,=2.4715,=4.9349,=0.1055,=4.0917,=5.3101,=5.8858,=7.0389,=10.0278,=0.0238,=0.9877,=0.0081,=0.0135,=0.0151,=0.0204,=0.0246,=0.0539,=0.0819,=0.0405,=97
="980028",龙头家电,2015-02-16,=-0.0094,=10912.7300,=-0.1331,=13.8269,=0.2342,=11.8600,=13.7157,=14.5467,=18.2752,=31.1013,=2.3516,=0.0056,=2.2513,=2.6294,=2.8817,=3.6376,=5.1202,=1.2061,=0.2051,=0.9787,=1.2048,=1.3224,=1.4695,=2.2318,=0.0456,=0.9833,=0.0174,=0.0271,=0.0334,=0.0402,=0.0472,=0.0907,=0.1789,=0.1044,=191
="399437",证券龙头,2014-12-30,=0.0113,=5900.5300,=-0.1338,=11.6592,=0.0025,=11.3970,=17.3040,=19.9555,=25.0353,=43.0253,=1.2600,=0.1289,=1.0547,=1.2927,=1.5138,=1.7918,=2.3633,=4.7928,=0.0680,=3.9970,=5.3303,=6.1755,=7.2498,=9.5068,=0.0248,=0.9811,=0.0092,=0.0139,=0.0161,=0.0209,=0.0262,=0.0556,=0.0851,=0.0421,=725
="930662",CS现代农,2015-07-13,=0.0157,=925.9500,=-0.1354,=-169.7256,=0.9223,=13.0417,=20.7276,=28.8564,=61.9070,=301.1137,=2.3999,=0.1235,=1.8555,=2.5004,=2.8257,=3.1330,=4.3308,=1.0443,=0.2827,=0.8273,=1.0167,=1.1547,=1.5438,=2.1026,=0.0166,=0.7967,=0.0046,=0.0099,=0.0129,=0.0167,=0.0291,=-0.0338,=0.0850,=0.0684,=59
="930771",CS新能源,2015-12-16,=-0.0005,=2325.4100,=-0.1362,=29.7359,=0.3366,=11.2377,=23.3847,=34.3845,=44.8410,=62.8342,=2.3324,=0.3183,=1.7615,=2.1663,=2.8385,=3.8800,=7.2156,=1.9691,=0.3829,=1.2791,=1.6734,=2.2154,=3.0556,=6.6822,=0.0151,=0.7903,=0.0028,=0.0058,=0.0095,=0.0154,=0.0247,=0.0456,=0.0668,=0.0343,=36
="931845",生猪产业,2012-04-11,=0.0171,=1134.0200,=-0.1366,=-56.8577,=0.9003,=12.7881,=21.1629,=29.0575,=109.2611,=705.7713,=2.7269,=0.1080,=2.2394,=2.8573,=3.4311,=4.0692,=5.7536,=1.0006,=0.1479,=0.8323,=1.0244,=1.6055,=2.1389,=2.8287,=0.0159,=0.4380,=0.0091,=0.0130,=0.0171,=0.0209,=0.0316,=-0.0526,=0.0788,=0.0736,=164
="399393",国证地产,2012-08-20,=0.0400,=2685.2000,=-0.1394,=-5.7854,=0.9728,=6.3321,=8.5850,=15.6801,=-221.6085,=115902.4187,=0.8108,=0.1887,=0.5768,=0.8262,=1.0425,=1.6019,=2.5183,=0.6132,=0.4738,=0.3699,=0.5163,=0.6321,=1.0294,=1.7471,=0.0109,=0.0573,=0.0083,=0.0181,=0.0259,=0.0342,=0.0478,=-0.0060,=-0.0767,=-0.0018,=1439
="932152",港股通成长策略,2025-04-30,=0.0139,=1138.0800,=-0.1409,=16.2206,=0.0407,=15.5329,=17.8344,=18.6247,=20.9229,=22.5567,=2.2720,=0.1221,=2.1315,=2.3042,=2.6690,=2.8080,=3.0449,=1.6279,=0.0407,=1.5635,=1.7738,=2.0197,=2.2061,=2.3595,=0.0216,=0.8576,=0.0152,=0.0181,=0.0195,=0.0210,=0.0248,,=0.1344,=0.0741,=13
="931946",畜牧养殖,2023-07-28,=0.0161,=646.4000,=-0.1413,=304.6109,=0.9312,=14.8058,=16.7883,=24.9045,=47.4582,=702.5962,=2.5399,=0.1980,=2.1724,=2.5418,=2.6632,=2.7785,=3.1405,=1.0459,=0.2953,=0.8870,=1.0258,=1.0877,=1.1333,=1.2139,=0.0229,=0.2987,=0.0155,=0.0202,=0.0268,=0.0303,=0.0347,=-0.0138,=0.0943,=0.0752,=17
="931574",港股科技,2013-05-21,=0.0158,=1506.1200,=-0.1421,=24.6476,=0.3345,=16.3025,=22.9259,=26.8115,=42.5728,=59.3282,=2.5897,=0.2514,=1.8790,=2.5324,=2.9367,=3.5642,=8.1693,=1.5872,=0.1373,=1.3201,=1.6657,=1.9620,=2.7905,=5.7490,=0.0112,=0.9191,=0.0011,=0.0031,=0.0072,=0.0100,=0.0126,,=0.1179,=0.0629,=278
="000827",中证环保,2012-09-25,=-0.0032,=1598.2400,=-0.1423,=28.3691,=0.5060,=14.0379,=21.0113,=28.2574,=35.5499,=50.6551,=2.3988,=0.3478,=1.7878,=2.2200,=2.7752,=3.3836,=5.4589,=2.4287,=0.4104,=1.6068,=2.0649,=2.7023,=3.2326,=6.2202,=0.0188,=0.7738,=0.0061,=0.0097,=0.0150,=0.0192,=0.0249,=0.0444,=0.0761,=0.0386,=6282
="399368",国证军工,2009-11-04,=0.0176,=7306.3100,=-0.1427,=59.8879,=0.4017,=38.1822,=54.2867,=62.9593,=76.6556,=107.0849,=3.0787,=0.5410,=2.0244,=2.5859,=3.0198,=3.5173,=4.3940,=2.9539,=0.4215,=1.8459,=2.5701,=3.1689,=3.6960,=4.8014,=0.0074,=0.9810,=0.0025,=0.0033,=0.0045,=0.0056,=0.0080,=0.0306,=0.0477,=0.0253,=19
="HSCGSI",恒生消费指数,2015-08-17,=-0.0007,=2211.7500,=-0.1432,=13.5187,=0,=13.5187,=17.6912,=20.3457,=46.9799,=191.0166,=2.3091,=0.2896,=1.6557,=2.1777,=2.5823,=3.0646,=4.3429,=1.2113,=0.1170,=0.9965,=1.2718,=1.5539,=1.8502,=2.9413,=0.0475,=0.9976,=0.0097,=0.0178,=0.0253,=0.0325,=0.0488,,=0.1743,=0.0971,=904
="930875",空天军工,2016-08-17,=0.0104,=2072.2800,=-0.1435,=70.7556,=0.7394,=27.3832,=45.7105,=55.9706,=73.2974,=98.7933,=3.7523,=0.5491,=2.4052,=3.1627,=3.6329,=4.9247,=7.9650,=3.4436,=0.4488,=2.1274,=2.8966,=3.6406,=4.4990,=7.7673,=0.0058,=0.7032,=0.0022,=0.0032,=0.0042,=0.0068,=0.0106,=0.0232,=0.0567,=0.0284,=113
="399324",深证红利,2006-01-24,=-0.0051,=7827.1800,=-0.1447,=16.8795,=0.6976,=11.7065,=14.6181,=15.8684,=17.9505,=23.4132,=2.6173,=0.8475,=1.2884,=1.9036,=2.2398,=2.5392,=3.7254,=1.7228,=0.4520,=1.1033,=1.3622,=1.7551,=1.9654,=2.8578,=0.0358,=0.8039,=0.0151,=0.0225,=0.0278,=0.0354,=0.0452,=0.0824,=0.1345,=0.0767,=5237
="399804",中证体育,2015-02-09,=0.0099,=1696.0300,=-0.1449,=21.9403,=0.0593,=17.8349,=25.0307,=30.2978,=42.8883,=84.6918,=2.8042,=0.2691,=2.0588,=2.7255,=3.1641,=3.7501,=5.5714,=2.4314,=0.3033,=1.7235,=2.3137,=2.8184,=3.8861,=7.1775,=0.0233,=0.9481,=0.0037,=0.0075,=0.0124,=0.0205,=0.0296,=0.0759,=0.0922,=0.0536,=308
="930707",中证畜牧,2015-07-13,=0.0156,=1884.1500,=-0.1464,=-60.1898,=0.8855,=11.3375,=17.7937,=27.2576,=119.6729,=237.1331,=2.4367,=0.0696,=1.9910,=2.6504,=3.2508,=4.1067,=5.8838,=0.9875,=0.1450,=0.8185,=1.0218,=1.4076,=2.0217,=2.9452,=0.0166,=0.6564,=0.0033,=0.0096,=0.0143,=0.0214,=0.0303,=-0.0462,=0.0829,=0.0714,=1241
="931021",家电龙头,2017-10-17,=-0.0122,=15401.5600,=-0.1475,=14.5779,=0.2540,=11.3343,=14.2877,=15.6726,=19.1881,=31.7589,=2.4103,=0.0133,=2.3641,=2.6186,=3.0353,=3.8848,=5.4650,=1.1805,=0.3313,=0.8457,=1.1197,=1.2338,=1.4770,=2.4102,=0.0420,=0.9848,=0.0135,=0.0213,=0.0286,=0.0362,=0.0436,=0.0887,=0.1676,=0.0980,=42
="931775",房地产,2013-07-15,=0.0423,=2542.1800,=-0.1476,=-4.6661,=0.9724,=7.0141,=8.9821,=18.2272,=-26.9817,=1490.8370,=0.8136,=0.1945,=0.5750,=0.8177,=1.0252,=1.5363,=2.4442,=0.6309,=0.4553,=0.3617,=0.5322,=0.6632,=1.0836,=1.7893,=0.0057,=0,=0.0057,=0.0146,=0.0234,=0.0325,=0.0448,=-0.0127,=-0.1024,=-0.0085,=944
="930608",中证基建,2015-03-31,=0.0040,=7222.8200,=-0.1489,=10.7087,=0.5637,=6.6667,=8.6208,=10.4280,=12.9508,=25.2863,=0.6837,=0.0062,=0.6550,=0.8043,=1.0869,=1.3910,=2.2134,=0.2148,=0.1660,=0.1701,=0.2188,=0.3309,=0.4517,=0.7101,=0.0284,=0.7458,=0.0095,=0.0180,=0.0216,=0.0291,=0.0388,=0.0277,=0.0583,=0.0357,=665
="931798",光伏龙头30,2009-06-16,=0.0014,=1769.7800,=-0.1497,=29.7705,=0.6593,=8.0886,=17.2411,=24.1594,=37.2512,=66.5518,=2.0646,=0.2386,=1.6869,=2.0278,=2.4208,=4.5878,=8.3847,=2.2282,=0.6584,=0.9999,=1.3541,=1.7288,=3.0761,=5.7040,=0.0118,=0.5365,=0.0027,=0.0059,=0.0112,=0.0206,=0.0351,=0.0348,=0.0745,=0.0451,=204
="399966",800证保,2012-12-21,=0.0102,=5621.5500,=-0.1499,=7.4851,=0.0025,=7.3261,=13.4351,=15.9474,=19.7375,=27.1945,=1.2312,=0.1215,=1.0619,=1.2938,=1.5826,=2.0317,=2.4366,=1.6028,=0.3164,=1.1634,=1.5249,=1.7727,=2.0457,=2.5211,=0.0306,=0.9839,=0.0122,=0.0160,=0.0213,=0.0245,=0.0329,=0.0846,=0.1256,=0.0585,=188
="H30588",中证证保,2015-02-02,=0.0103,=954.4800,=-0.1500,=7.4909,=0.0025,=7.3318,=13.4479,=16.0358,=19.5891,=27.6808,=1.2299,=0.1183,=1.0752,=1.2936,=1.5867,=2.0250,=2.4238,=1.6051,=0.3375,=1.1673,=1.5178,=1.7655,=2.0128,=2.5500,=0.0306,=0.9852,=0.0121,=0.0160,=0.0213,=0.0243,=0.0328,=0.0845,=0.1254,=0.0584,=486
="931139",CS消费50,2019-03-20,=-0.0064,=13554.7300,=-0.1504,=17.4816,=0.1722,=14.9525,=17.8872,=23.6777,=29.9507,=47.8630,=3.1217,=0.0225,=2.8552,=3.9494,=5.2911,=7.0091,=12.5456,=2.0415,=0.0110,=1.9104,=2.5547,=3.0449,=4.4417,=9.1270,=0.0437,=0.9715,=0.0083,=0.0161,=0.0219,=0.0364,=0.0484,=0.0914,=0.1922,=0.1116,=2241
="399967",中证军工,2013-12-26,=0.0150,=11895.9400,=-0.1510,=61.6933,=0.4368,=41.8350,=54.9002,=64.1407,=95.6948,=139.5543,=3.3672,=0.6395,=2.0425,=2.6005,=3.1762,=3.7677,=4.8699,=3.0838,=0.4854,=2.0545,=2.7207,=3.0965,=4.0092,=5.8225,=0.0068,=0.9530,=0.0021,=0.0031,=0.0040,=0.0054,=0.0081,=0.0315,=0.0501,=0.0263,=6009
="HSSCNE",恒生港股通新经济指数,2018-01-08,=0.0182,=3648.0300,=-0.1510,=25.2861,=0.6222,=15.8046,=20.8283,=23.9945,=28.3000,=53.5009,=2.9836,=0.6091,=1.7963,=2.2598,=2.8191,=3.4561,=6.9059,=2.2158,=0.6049,=1.4023,=1.7335,=1.9904,=2.5437,=5.3019,=0.0111,=0.5424,=0.0041,=0.0086,=0.0108,=0.0166,=0.0252,,=0.1278,=0.0726,=205
="931371",品牌消费100,2019-11-25,=-0.0057,=5591.8200,=-0.1512,=16.2878,=0.0639,=14.6106,=17.2660,=21.5759,=30.5398,=41.6881,=3.0254,=0.0229,=2.8278,=3.6601,=4.3885,=6.4898,=9.5576,=1.9603,=0.0639,=1.7483,=2.1015,=2.6192,=3.8514,=5.3339,=0.0425,=0.9578,=0.0095,=0.0157,=0.0235,=0.0372,=0.0479,=0.0936,=0.1847,=0.1123,=9
="000910",300工业,2007-07-02,=0.0030,=2145.7400,=-0.1516,=18.4529,=0.4751,=12.1074,=14.2223,=18.6584,=21.6247,=26.7473,=1.5146,=0.2274,=1.2960,=1.5010,=1.7528,=2.0927,=2.8598,=0.7204,=0.5097,=0.4726,=0.5803,=0.7152,=0.8049,=1.0995,=0.0228,=0.8340,=0.0079,=0.0123,=0.0180,=0.0223,=0.0295,=0.0376,=0.0738,=0.0375,=18
="931479",证券保险,2020-05-06,=0.0097,=898.8000,=-0.1542,=6.9429,=0.0039,=6.7976,=11.5701,=13.2876,=15.4259,=21.1012,=1.2044,=0.1881,=1.0296,=1.2180,=1.3652,=1.5565,=2.2844,=1.4648,=0.4929,=1.0318,=1.2786,=1.4706,=1.7780,=2.2879,=0.0326,=0.9626,=0.0162,=0.0225,=0.0252,=0.0291,=0.0357,=0.0884,=0.1317,=0.0613,=63
="399266",创新能源,2022-09-29,=-0.0053,=2993.4400,=-0.1551,=23.0542,=0.2679,=16.2861,=21.0013,=27.2139,=33.1090,=48.5339,=3.5335,=0.3157,=2.6837,=3.2417,=3.9474,=4.9212,=6.9087,=2.3981,=0.3458,=1.5028,=1.9593,=2.5925,=3.4773,=4.6740,=0.0171,=0.8349,=0.0024,=0.0068,=0.0125,=0.0167,=0.0211,=0.0806,=0.1508,=0.0745,=8
="931151",光伏产业,2019-04-22,=0.0052,=2414.5100,=-0.1552,=-148.7908,=0.9617,=9.5087,=21.7870,=38.6541,=101.0261,=2491.4939,=1.9879,=0.2726,=1.5562,=1.9288,=2.5738,=4.4542,=6.9801,=1.8016,=0.4953,=0.8897,=1.2546,=1.8103,=3.1586,=5.9137,=0.0086,=0.4764,=0.0030,=0.0056,=0.0089,=0.0197,=0.0300,=0.0009,=0.0012,=0.0032,=2752
="931755",SEEE碳中和,2021-10-21,=0.0013,=1769.3200,=-0.1575,=21.0239,=0.4482,=13.4966,=17.5565,=21.4482,=24.7726,=29.4214,=2.1310,=0.3765,=1.7561,=1.9738,=2.3657,=2.7110,=3.9105,=1.3495,=0.6252,=0.8856,=1.0439,=1.2430,=1.4669,=2.3046,=0.0202,=0.6425,=0.0102,=0.0151,=0.0181,=0.0219,=0.0256,=0.0517,=0.0916,=0.0470,=146
="HSSI",恒生综合小型股指数,2001-10-03,=0.0170,=1321.8000,=-0.1583,=27.1867,=0.8554,=7.3220,=11.0801,=16.3992,=26.2514,=83.7574,=1.0707,=0.6373,=0.5652,=0.7236,=0.9694,=1.1648,=1.4185,=0.6815,=0.4915,=0.3459,=0.4531,=0.6852,=0.9147,=1.2872,=0.0272,=0.3615,=0.0167,=0.0231,=0.0304,=0.0353,=0.0478,,,=0.0326,=126
="000816",细分地产,2012-04-11,=0.0424,=2315.8900,=-0.1583,=-4.1994,=0.9724,=6.1299,=8.3282,=15.7647,=-34.8232,=2488.2259,=0.7582,=0.1739,=0.5599,=0.7940,=1.0240,=1.5906,=2.5676,=0.5517,=0.4120,=0.3390,=0.4917,=0.5986,=1.0006,=1.7076,=0.0048,=0.0054,=0.0044,=0.0173,=0.0275,=0.0358,=0.0516,=-0.0120,=-0.1018,=-0.0072,=11
="000036",上证消费,2009-01-09,=0.0075,=9125.3000,=-0.1590,=19.8388,=0.0255,=17.8817,=22.5638,=31.6672,=40.5919,=69.3963,=4.2720,=0.0791,=3.7240,=5.2250,=6.5384,=9.2057,=14.9810,=4.1385,=0.2073,=1.9092,=4.0878,=4.8718,=7.3411,=10.9001,=0.0399,=0.9901,=0.0071,=0.0114,=0.0159,=0.0310,=0.0429,=0.1234,=0.2393,=0.1442,=2337
="930614",环保50,2015-04-07,=-0.0028,=1928.1900,=-0.1603,=26.5544,=0.4833,=13.7595,=20.5125,=26.7723,=35.1194,=50.3864,=2.4495,=0.2691,=1.9059,=2.3842,=2.8774,=3.6683,=6.0727,=2.4832,=0.3667,=1.6847,=2.2438,=2.8612,=3.3746,=6.6309,=0.0204,=0.8228,=0.0061,=0.0100,=0.0161,=0.0201,=0.0258,=0.0463,=0.0831,=0.0419,=211
="930746",港中小企,2015-08-26,=0.0117,=2256.4100,=-0.1612,=17.9238,=0.7734,=7.8499,=11.1100,=14.2710,=18.3638,=36.0739,=0.9035,=0.3272,=0.6829,=0.8308,=1.0623,=1.2267,=1.6951,=0.6567,=0.4243,=0.3939,=0.5282,=0.6798,=0.8160,=1.1520,=0.0398,=0.6740,=0.0210,=0.0275,=0.0339,=0.0436,=0.0585,,=0.0313,=0.0295,=214
="399812",养老产业,2014-06-06,=0.0215,=5307.7200,=-0.1617,=8.6566,=0.0025,=8.4559,=17.3364,=20.2332,=25.2645,=31.4367,=1.6973,=0.0148,=1.5864,=2.0191,=2.7745,=3.2414,=4.2954,=1.3147,=0.0247,=1.2170,=1.4437,=1.6755,=1.8719,=2.5548,=0.0293,=0.9876,=0.0096,=0.0132,=0.0174,=0.0245,=0.0306,=0.0998,=0.1459,=0.0698,=6294
="399809",保险主题,2015-02-13,=0.0075,=2230.9700,=-0.1638,=7.1967,=0.2859,=5.4537,=6.8114,=10.0897,=15.0245,=22.8725,=0.8318,=0.3655,=0.6352,=0.7647,=1.1906,=1.4858,=1.9794,=2.1339,=0.9048,=0.5239,=0.8688,=1.0978,=1.8726,=2.3772,=0.0388,=0.6391,=0.0120,=0.0209,=0.0310,=0.0488,=0.0686,=0.0540,=0.1015,=0.0485,=1527
="000977",内地低碳,2011-01-21,=-0.0042,=1740.2300,=-0.1652,=26.5544,=0.4874,=13.7595,=20.8967,=26.7799,=35.4182,=50.3864,=2.4495,=0.2748,=1.9264,=2.3844,=2.8651,=3.6471,=6.0727,=2.4832,=0.3799,=1.6847,=2.2202,=2.8047,=3.3634,=6.7765,=0.0204,=0.8513,=0.0061,=0.0100,=0.0159,=0.0195,=0.0258,=0.0463,=0.0823,=0.0416,=396
="H30035",300非银,2012-12-21,=0.0100,=9283.5600,=-0.1676,=7.0344,=0.0025,=6.8873,=12.6125,=15.1062,=19.3203,=26.3489,=1.2179,=0.1158,=1.0544,=1.2911,=1.5942,=2.0354,=2.4387,=1.4742,=0.2526,=1.0410,=1.4185,=1.6876,=1.9690,=2.3917,=0.0321,=0.9827,=0.0124,=0.0164,=0.0222,=0.0261,=0.0352,=0.0873,=0.1294,=0.0605,=1273
="H30094",消费红利,2013-07-02,=0.0162,=30917.8900,=-0.1676,=19.1857,=0.1080,=16.2060,=20.3298,=27.7711,=33.4547,=59.6542,=3.4342,=0.0148,=3.1510,=4.3750,=5.3351,=6.7479,=11.0368,=3.9074,=0.3564,=2.0635,=3.3552,=4.3046,=5.3148,=8.4259,=0.0456,=0.9893,=0.0123,=0.0178,=0.0223,=0.0355,=0.0491,=0.1060,=0.1905,=0.1131,=2189
="HSSCITI",恒生港股通科技主题指数,2023-07-01,=0.0130,=2424.2800,=-0.1682,=27.0650,=0.8243,=15.2810,=21.4389,=23.7703,=26.8621,=33.8690,=2.7234,=0.2453,=2.1914,=2.6741,=2.9063,=3.3887,=4.1810,=2.3312,=0.6296,=1.5305,=1.8537,=2.1362,=2.6972,=3.5648,=0.0088,=0.6776,=0.0061,=0.0075,=0.0085,=0.0091,=0.0106,,=0.1204,=0.0697,=88
="000912",300消费,2007-07-02,=0.0023,=17242.2600,=-0.1689,=22.1410,=0.1974,=17.5697,=22.2219,=28.6893,=38.6920,=71.0374,=3.5818,=0.0173,=3.2494,=4.6631,=6.3981,=8.3233,=13.2137,=2.8377,=0.0515,=1.9809,=3.1967,=4.1908,=5.5033,=9.3193,=0.0419,=0.9773,=0.0078,=0.0128,=0.0189,=0.0300,=0.0471,=0.0878,=0.1878,=0.1192,=791
="399965",800地产,2012-12-21,=0.0533,=2192.3900,=-0.1695,=-3.2073,=0.9720,=5.5394,=8.0041,=14.1301,=-354.7097,=59.7245,=0.5726,=0.0338,=0.4663,=0.6928,=0.9677,=1.5881,=2.5596,=0.3664,=0.0935,=0.2856,=0.4059,=0.4996,=0.9705,=1.6493,=0.0063,=0,=0.0063,=0.0178,=0.0280,=0.0369,=0.0562,=-0.0071,=-0.0854,=0.0004,=208
="399264",创业软件,2022-09-29,=0.0110,=1189.0100,=-0.1716,=110.6083,=0.4839,=48.3210,=78.6520,=112.9989,=278.5993,=16009.0015,=4.8513,=0.4984,=2.7943,=4.0810,=4.8566,=5.6689,=7.3283,=6.1156,=0.5441,=3.8240,=5.0367,=6.0184,=6.9960,=9.8071,=0.0061,=0.8816,=0.0034,=0.0040,=0.0045,=0.0054,=0.0083,=0.0195,=0.0137,=0.0031,=0
="980027",新能源电池,2015-02-16,=-0.0081,=2798.0400,=-0.1718,=20.9668,=0.1809,=16.8641,=21.1750,=24.9401,=30.3991,=35.7610,=3.3803,=0.4045,=2.5249,=3.0537,=3.4983,=4.4093,=5.0827,=2.2449,=0.3606,=1.4888,=1.9164,=2.4174,=3.2393,=3.8612,=0.0196,=0.9095,=0.0052,=0.0082,=0.0155,=0.0185,=0.0213,=0.0839,=0.1513,=0.0747,=117
="930653",CS食品饮,2015-06-05,=0.0111,=12492.8000,=-0.1723,=21.6058,=0.1112,=17.6031,=22.6071,=31.2737,=38.3114,=65.8842,=3.3342,=0.0140,=3.1030,=4.3899,=5.7097,=7.1300,=12.9907,=3.1371,=0.0140,=2.9247,=3.7996,=4.7618,=5.8503,=11.4166,=0.0394,=0.9868,=0.0078,=0.0127,=0.0179,=0.0313,=0.0425,=0.0947,=0.1583,=0.1010,=917
="980022",机器人产业,2015-02-25,=0.0039,=2189.4700,=-0.1750,=50.6057,=0.7895,=13.7974,=16.7048,=20.6218,=53.0808,=93.9438,=4.0993,=0.5908,=2.5198,=3.0642,=3.6934,=4.7989,=6.2730,=3.5218,=0.7643,=1.0172,=1.2366,=1.4430,=3.9347,=5.9220,=0.0061,=0.2074,=0.0039,=0.0060,=0.0199,=0.0295,=0.0381,=0.0442,=0.0892,=0.0357,=359
="931663",SHS消费龙头,2015-03-13,=0.0038,=1676.0900,=-0.1752,=18.6810,=0.1116,=14.4278,=19.9180,=26.3699,=37.1075,=57.5191,=2.7725,=0.0133,=2.5314,=3.4028,=4.3132,=6.1379,=13.5979,=1.7508,=0.1378,=1.3592,=1.8794,=2.3931,=3.4214,=7.5123,=0.0303,=0.9360,=0.0069,=0.0133,=0.0171,=0.0255,=0.0421,=0.0729,=0.1487,=0.0929,=233
="399286",区块链50,2019-12-24,=0.0081,=3303.0200,=-0.1756,=15.8440,=0.0550,=13.8844,=17.6409,=20.6930,=28.4199,=40.1853,=1.8396,=0.1835,=1.4262,=1.8625,=2.1093,=2.7205,=3.6332,=1.7154,=0.3291,=1.3177,=1.5942,=1.8293,=2.0851,=2.8188,=0.0273,=0.9621,=0.0072,=0.0097,=0.0148,=0.0235,=0.0319,=0.0587,=0.0903,=0.0516,=158
="931066",军工龙头,2018-02-05,=0.0162,=2846.0700,=-0.1761,=61.7979,=0.8676,=29.1719,=35.0903,=43.1898,=55.0665,=100.5281,=3.1913,=0.2404,=2.2914,=3.1332,=3.6484,=4.5842,=6.9932,=2.9852,=0.3265,=2.1745,=2.8085,=3.4253,=4.1774,=5.8746,=0.0062,=0.1463,=0.0050,=0.0063,=0.0076,=0.0092,=0.0116,=0.0221,=0.0495,=0.0253,=1081
="932088",全指航空,2023-03-23,=0.0165,=723.2500,=-0.1762,=80.4171,=0.6914,=36.9197,=49.5198,=67.4783,=87.7354,=116.5746,=3.4385,=0.5713,=2.3948,=3.0660,=3.3829,=3.8389,=4.9751,=3.2732,=0.3710,=2.2988,=2.9197,=3.5449,=4.0266,=4.9356,=0.0052,=0.2085,=0.0041,=0.0052,=0.0060,=0.0069,=0.0090,=0.0184,=0.0470,=0.0240,=58
="931480",线上消费,2020-05-06,=0.0094,=692.5000,=-0.1767,=45.2591,=0.1077,=33.5813,=47.6318,=64.3879,=95.8104,=132.5169,=2.9089,=0.3961,=1.9483,=2.5315,=3.0695,=3.6792,=5.0305,=2.9463,=0.8000,=1.1811,=1.5079,=1.8447,=2.9463,=4.8094,=0.0119,=0.9703,=0.0051,=0.0066,=0.0085,=0.0099,=0.0133,=0.0419,=0.0458,=0.0308,=80
="931068",消费龙头,2018-11-21,=-0.0052,=10420.4500,=-0.1775,=17.1222,=0.1068,=15.0591,=18.1318,=22.7071,=29.7687,=44.3922,=3.0669,=0.0116,=2.8729,=4.0802,=4.6786,=6.5369,=10.3805,=1.9401,=0.0205,=1.8019,=2.4568,=3.2304,=4.0730,=7.0508,=0.0410,=0.9726,=0.0085,=0.0161,=0.0213,=0.0336,=0.0451,=0.0920,=0.2083,=0.1127,=2410
="399971",中证传媒,2014-04-15,=0.0093,=1209.7400,=-0.1783,=31.4008,=0.3362,=18.4593,=27.0874,=34.5666,=43.7417,=90.0483,=2.2168,=0.2765,=1.5359,=2.1284,=2.5401,=3.1911,=5.0469,=2.6098,=0.1916,=1.9674,=2.6194,=3.1424,=4.3840,=6.4818,=0.0196,=0.7664,=0.0038,=0.0092,=0.0132,=0.0206,=0.0294,=0.0458,=0.0602,=0.0413,=6363
="931697",消费50策略,2021-07-12,=-0.0003,=6976.9300,=-0.1799,=18.8297,=0.2625,=16.4104,=18.4833,=20.7248,=31.1562,=38.9422,=3.0827,=0.0730,=2.6840,=3.4883,=3.8449,=5.1753,=7.0736,=1.7215,=0.1768,=1.4635,=1.7369,=1.9128,=2.8381,=3.5305,=0.0361,=0.9508,=0.0120,=0.0158,=0.0247,=0.0320,=0.0403,=0.0733,=0.1608,=0.0948,=65
="000812",细分机械,2012-04-11,=-0.0021,=6304.3900,=-0.1805,=24.4836,=0.2983,=14.1771,=22.0432,=31.1315,=39.6741,=51.3583,=2.6049,=0.5496,=1.6005,=2.1653,=2.5355,=3.4006,=5.3964,=1.7384,=0.5014,=1.1287,=1.4635,=1.7370,=2.2906,=3.5603,=0.0187,=0.8739,=0.0047,=0.0079,=0.0120,=0.0170,=0.0237,=0.0567,=0.0835,=0.0406,=208
="980018",卫星通信,2015-02-17,=0.0029,=4375.6700,=-0.1813,=223.2379,=0.9001,=23.6003,=29.0690,=41.1975,=75.0407,=1063.4314,=5.6222,=0.9190,=1.7225,=2.0672,=2.6153,=4.3368,=7.7241,=7.3269,=0.9775,=1.5054,=1.8108,=2.3232,=3.1654,=9.8783,=0.0020,=0.0305,=0.0013,=0.0038,=0.0123,=0.0171,=0.0231,=0.0165,=0.0181,=0.0589,=139
="000990",全指消费,2011-08-02,=0.0092,=10420.0400,=-0.1815,=24.3805,=0.2386,=18.6483,=23.1095,=30.4358,=39.1217,=75.7240,=3.3340,=0.0165,=3.0373,=4.0628,=4.9934,=6.2867,=9.6579,=2.4757,=0.0527,=2.2209,=2.7714,=3.3206,=4.0947,=6.6514,=0.0382,=0.9745,=0.0082,=0.0125,=0.0158,=0.0297,=0.0432,=0.0754,=0.1676,=0.1071,=3870
="HSSCT",恒生港股通中国科技指数,2020-02-01,=0.0119,=6136.2400,=-0.1819,=27.1493,=0.6999,=15.0039,=21.9821,=24.7110,=31.6376,=55.7647,=2.7219,=0.3020,=1.8368,=2.6288,=2.9999,=4.6027,=8.0840,=2.3485,=0.5257,=1.1354,=1.8461,=2.3139,=3.1780,=6.0217,=0.0088,=0.7855,=0.0020,=0.0040,=0.0071,=0.0089,=0.0108,,=0.1201,=0.0695,=101
="000815",细分食品,2012-04-11,=0.0072,=15284.7900,=-0.1841,=20.3069,=0.1141,=16.6089,=21.2502,=30.6642,=37.4251,=68.5596,=3.6296,=0.0157,=3.3595,=4.7264,=6.1934,=8.2709,=14.7926,=4.3694,=0.0338,=4.0083,=4.9232,=6.1102,=8.3455,=14.4971,=0.0425,=0.9901,=0.0072,=0.0123,=0.0164,=0.0327,=0.0452,=0.1102,=0.1902,=0.1204,=787
="399396",国证食品,2012-10-29,=0.0067,=14253.3900,=-0.1841,=20.6496,=0.0878,=17.1702,=21.8082,=30.0908,=37.3108,=66.0937,=3.4854,=0.0152,=3.2471,=4.5782,=6.0987,=7.6300,=14.3214,=3.3453,=0.0103,=3.1290,=3.9685,=5.0504,=6.2477,=12.4529,=0.0410,=0.9876,=0.0078,=0.0130,=0.0187,=0.0323,=0.0441,=0.1036,=0.1761,=0.1101,=1621
="000807",食品饮料,2012-02-17,=0.0070,=14898.5800,=-0.1851,=20.0014,=0.0890,=16.7498,=21.2066,=30.4153,=37.6314,=67.1514,=3.6755,=0.0144,=3.4269,=4.7744,=6.2605,=8.2580,=14.6770,=4.2986,=0.1030,=3.6682,=4.5292,=5.6629,=7.6740,=12.7454,=0.0434,=0.9893,=0.0077,=0.0131,=0.0185,=0.0334,=0.0463,=0.1117,=0.1953,=0.1219,=4317
="980032",新能电池,2015-02-17,=0.0017,=12825.1500,=-0.1855,=20.3961,=0.1307,=14.3994,=22.1773,=29.9065,=79.3225,=130.4039,=3.0818,=0.1421,=2.4545,=3.3364,=4.2333,=7.6047,=11.8091,=1.6517,=0.1786,=1.1163,=1.6897,=2.2277,=4.8448,=7.8642,=0.0153,=0.7893,=0.0011,=0.0019,=0.0085,=0.0155,=0.0224,=0.0784,=0.1357,=0.0605,=761
="987024",港股通消费,2022-04-11,,,=-0.1886,=13.0954,=0,=13.0954,=18.1435,=20.3543,=25.4382,=30.8345,=2.2941,=0.1219,=1.9226,=2.3818,=2.6246,=3.0293,=3.3866,=1.2112,=0.4363,=0.8361,=1.0597,=1.2423,=1.5509,=1.7600,=0.0489,=0.9982,=0.0146,=0.0191,=0.0227,=0.0348,=0.0495,,=0.1723,=0.0953,=0
="931454",港股通消费,2020-03-06,=-0.0002,=1248.2000,=-0.1893,=13.3523,=0.0006,=13.3496,=20.2010,=26.6041,=36.1086,=64.7193,=2.2783,=0.0012,=2.2532,=3.1267,=3.6252,=5.0446,=8.9519,=1.1854,=0,=1.1854,=1.8956,=2.3653,=3.5479,=6.6047,=0.0485,=0.9963,=0.0043,=0.0073,=0.0120,=0.0153,=0.0498,,=0.1720,=0.1251,=420
="931733",绿色能源,2021-08-19,=-0.0018,=4239.3000,=-0.1897,=25.7734,=0.3658,=12.7308,=19.3297,=32.0275,=41.1880,=65.3510,=2.7507,=0.1736,=2.3311,=2.7939,=3.4784,=5.2979,=8.0150,=1.8536,=0.2238,=1.3651,=1.8073,=2.2659,=4.1584,=7.5185,=0.0180,=0.6805,=0.0043,=0.0070,=0.0151,=0.0213,=0.0259,=0.0551,=0.0932,=0.0408,=32
="930781",中证影视,2016-02-04,=0.0195,=1370.0600,=-0.1897,=-3071.5750,=0.6349,=16.7066,=43.1495,=214.9221,=-60.8596,=8055.0919,=1.8960,=0.1178,=1.4352,=2.0137,=2.3478,=3.2965,=5.5600,=4.1229,=0.4788,=2.7079,=3.4931,=4.2122,=5.3759,=8.7656,=0.0118,=0.8760,=0.0021,=0.0038,=0.0066,=0.0100,=0.0161,=0.0049,=0.0185,=0.0250,=189
="000942",内地消费,2009-10-28,=-0.0026,=8281.5000,=-0.1899,=20.0061,=0.3482,=14.4412,=18.7580,=21.7434,=33.3379,=52.6356,=2.5034,=0.0087,=2.3718,=3.1149,=3.6909,=5.0424,=7.7211,=1.3674,=0.0952,=1.1096,=1.4981,=1.7718,=2.5493,=4.1228,=0.0352,=0.9843,=0.0093,=0.0147,=0.0214,=0.0288,=0.0381,=0.0635,=0.1426,=0.0853,=775
="000692",科创新能,2023-04-03,=-0.0065,=936.5900,=-0.1909,=-53.4382,=0.6746,=13.9124,=19.1067,=147.3562,=-45.1547,=279.8956,=2.2102,=0.4893,=1.4486,=1.8127,=2.2203,=2.7873,=4.0229,=1.4095,=0.4620,=0.8667,=1.1709,=1.4463,=1.8981,=2.6157,=0.0048,=0.1200,=0.0030,=0.0053,=0.0160,=0.0204,=0.0318,=-0.0092,=-0.0642,=-0.0211,=45
="000932",中证消费,2009-07-03,=0.0088,=12321.6300,=-0.1919,=22.7351,=0.2060,=18.2526,=22.5765,=29.2746,=38.6663,=67.7039,=3.3708,=0.0161,=3.0877,=4.2703,=5.3608,=7.0320,=11.1990,=2.6520,=0.0433,=2.0221,=2.9555,=3.5964,=4.6842,=7.7724,=0.0401,=0.9786,=0.0082,=0.0130,=0.0175,=0.0300,=0.0448,=0.0815,=0.1726,=0.1107,=12559
="000989",全指可选,2011-08-02,=-0.0012,=4514.3100,=-0.1929,=21.2177,=0.2752,=14.8205,=20.3628,=24.0841,=30.9883,=46.1708,=2.0352,=0.1500,=1.6599,=2.1075,=2.4810,=2.8221,=3.2250,=0.9417,=0.0956,=0.8200,=0.9977,=1.1525,=1.4381,=1.7628,=0.0259,=0.9736,=0.0123,=0.0153,=0.0186,=0.0235,=0.0287,=0.0481,=0.1045,=0.0593,=1314
="000941",新能源,2009-10-28,=-0.0038,=2077.0300,=-0.1930,=20.3201,=0.2159,=10.2578,=20.0248,=28.5094,=37.2315,=57.4660,=2.5935,=0.3589,=1.8262,=2.2548,=2.9444,=3.8432,=8.1424,=2.2048,=0.4672,=1.2704,=1.5650,=2.2620,=2.9648,=7.0320,=0.0190,=0.8162,=0.0031,=0.0063,=0.0105,=0.0186,=0.0268,=0.0648,=0.1201,=0.0662,=2483
="930794",中美互联网,2016-04-22,,,=-0.1931,=19.5634,=0.0104,=19.0341,=27.7991,=32.4687,=38.0931,=50.5410,=5.1312,=0.1233,=3.5920,=5.5555,=6.5716,=7.5414,=9.2259,=4.5753,=0.3756,=2.2940,=3.8795,=4.8591,=5.5740,=7.0802,=0.0027,=0.6202,=0.0004,=0.0006,=0.0017,=0.0032,=0.0053,=0.1918,=0.2425,=0.1282,=441
="931009",建筑材料,2013-07-15,=0.0238,=5058.8700,=-0.1943,=334.5754,=0.9960,=8.0662,=10.4280,=14.9336,=30.2616,=342.2875,=0.8357,=0.0230,=0.7557,=1.0055,=1.4872,=1.9872,=2.4800,=0.9541,=0.2070,=0.6904,=0.9472,=1.1541,=1.5100,=2.1670,=0.0229,=0.2128,=0.0085,=0.0227,=0.0260,=0.0309,=0.0487,=0.0007,=0.0109,=0.0129,=759
="399808",中证新能,2015-02-10,=-0.0009,=2267.4700,=-0.1945,=29.7359,=0.3267,=11.2377,=23.4990,=35.2822,=45.3855,=62.8342,=2.3324,=0.3090,=1.7615,=2.1712,=2.8831,=3.8504,=7.2277,=1.9691,=0.3618,=1.2791,=1.6778,=2.2322,=3.0254,=6.6822,=0.0151,=0.7960,=0.0029,=0.0058,=0.0093,=0.0152,=0.0247,=0.0456,=0.0668,=0.0343,=1329
="932450",香港现金流,2025-02-28,=0.0015,=1619.0600,=-0.1948,=10.9764,=0.8067,=6.6300,=8.2209,=10.0454,=10.9173,=12.5131,=1.0824,=0.3737,=0.7408,=0.8621,=1.1356,=1.2697,=1.5038,=0.5429,=0.3531,=0.4577,=0.5251,=0.8150,=1.0060,=1.2561,=0.0466,=0.4227,=0.0367,=0.0428,=0.0513,=0.0595,=0.0728,=0.0719,=0.0849,=0.1131,=13
="930790",CS娱乐TI,2016-03-22,=0.0127,=1144.3300,=-0.1951,=71.5171,=0.6931,=17.3299,=32.7991,=50.5866,=79.2548,=245.3480,=2.3373,=0.3667,=1.6576,=2.1428,=2.5192,=3.1088,=3.8872,=2.5575,=0.0993,=2.2057,=2.7355,=3.2065,=4.0157,=5.0752,=0.0161,=0.8625,=0.0039,=0.0094,=0.0125,=0.0153,=0.0240,=0.0302,=0.0200,=0.0287,=23
="399412",国证新能,2014-05-16,=0.0023,=2380.1700,=-0.1960,=27.7130,=0.5426,=13.6858,=20.0843,=25.8837,=40.0619,=66.6027,=2.5080,=0.3317,=1.6349,=2.2652,=2.7192,=3.9698,=7.3016,=1.6327,=0.5142,=0.7993,=1.1878,=1.5899,=2.5873,=5.3757,=0.0156,=0.5398,=0.0032,=0.0058,=0.0151,=0.0184,=0.0274,=0.0454,=0.0862,=0.0441,=365
="000911",300可选,2007-07-02,=-0.0118,=5318.5000,=-0.1961,=17.8929,=0.4421,=11.4175,=16.2611,=18.2925,=24.5366,=45.8432,=1.8236,=0.0029,=1.7502,=2.2543,=2.5316,=3.0218,=4.4626,=0.8366,=0.0453,=0.7162,=0.9427,=1.0927,=1.3297,=2.0518,=0.0296,=0.9642,=0.0117,=0.0177,=0.0226,=0.0265,=0.0325,=0.0477,=0.1159,=0.0659,=35
="HSTECH",恒生科技指数,2020-07-01,=0.0040,=4423.2900,=-0.1981,=23.3963,=0.3626,=14.7293,=21.8446,=25.5770,=41.8453,=73.7725,=2.3733,=0.1905,=1.7280,=2.3850,=2.7599,=3.7042,=8.3408,=1.5335,=0.0448,=1.2545,=1.6975,=2.0118,=3.1137,=6.6932,=0.0123,=0.9539,=0.0010,=0.0021,=0.0061,=0.0110,=0.0135,,=0.1207,=0.0688,=7502
="987008",港股通科技,2021-03-08,,,=-0.1994,=24.3761,=0.2458,=16.3992,=24.0207,=27.0099,=33.5725,=63.8758,=2.5011,=0.0241,=2.3408,=2.8992,=3.3923,=3.9243,=8.4842,=2.0745,=0.0227,=1.9337,=2.5407,=2.9635,=3.8093,=8.7605,=0.0075,=0.8369,=0.0015,=0.0033,=0.0060,=0.0074,=0.0093,=0.0483,=0.1100,=0.0644,=98
="399417",新能源车,2014-09-24,=0.0020,=3095,=-0.2044,=21.0806,=0.2060,=14.2186,=20.9625,=29.6334,=55.4460,=106.6289,=2.9764,=0.3873,=1.6630,=2.3823,=3.4314,=4.4097,=9.6468,=1.6269,=0.4157,=0.6730,=1.0543,=1.8414,=2.4233,=6.6041,=0.0155,=0.6440,=0.0016,=0.0053,=0.0124,=0.0183,=0.0316,=0.0730,=0.1319,=0.0609,=2444
="930721",CS智汽车,2015-08-05,=0.0089,=4599.7200,=-0.2046,=31.7652,=0.0714,=27.2408,=33.7158,=39.2984,=48.7326,=67.2850,=3.0353,=0.0895,=2.5208,=3.2702,=3.7973,=5.3328,=7.3638,=1.1869,=0.0044,=1.1414,=1.4778,=1.8285,=2.6187,=3.8976,=0.0078,=0.6051,=0.0040,=0.0056,=0.0071,=0.0093,=0.0155,=0.0349,=0.1014,=0.0429,=492
="931719",CS电池,2013-07-15,=-0.0070,=3381.6200,=-0.2047,=20.8556,=0.0746,=15.7007,=26.0937,=38.1625,=63.2131,=121.8822,=3.1627,=0.3053,=1.9771,=2.9292,=3.8795,=5.7588,=11.8941,=2.0905,=0.1924,=1.2782,=2.0985,=2.9660,=4.4548,=9.5565,=0.0177,=0.9258,=0.0012,=0.0035,=0.0069,=0.0126,=0.0220,=0.0816,=0.1370,=0.0637,=584
="000931",中证可选,2009-07-03,=-0.0027,=4934.2400,=-0.2060,=18.9824,=0.3037,=12.9961,=17.9577,=20.0397,=26.0964,=47.1695,=1.9232,=0.0470,=1.6991,=2.0988,=2.4781,=2.7914,=3.7874,=0.8924,=0.0861,=0.7260,=0.9528,=1.1089,=1.2780,=1.9265,=0.0282,=0.9823,=0.0120,=0.0178,=0.0209,=0.0249,=0.0298,=0.0506,=0.1143,=0.0639,=844
="399976",CS新能车,2014-11-28,=0,=3537.9400,=-0.2078,=20.9380,=0.1611,=13.8890,=22.5730,=33.9086,=62.1175,=231.2544,=2.8669,=0.1187,=2.0896,=3.0758,=3.8140,=6.2213,=11.9870,=1.6280,=0.1384,=0.7703,=1.7902,=2.2867,=4.1916,=9.1824,=0.0142,=0.8237,=0.0014,=0.0031,=0.0075,=0.0135,=0.0276,=0.0742,=0.1248,=0.0561,=2040
="399983",地产等权,2013-11-22,=0.0722,=1609.7400,=-0.2099,=-1.9531,=0.9724,=5.0058,=7.3313,=10.5749,=50.6130,=75.5023,=0.4523,=0.0305,=0.3690,=0.5849,=1.0555,=1.7466,=2.8135,=0.2738,=0.0511,=0.2174,=0.3485,=0.4535,=0.8977,=1.5710,=0.0049,=0.0152,=0.0037,=0.0216,=0.0322,=0.0412,=0.0629,=-0.0146,=-0.0924,=-0.0024,=1011
="932246",储能电池,2022-07-08,=-0.0086,=3795.2700,=-0.2113,=20.1447,=0.1767,=13.3190,=21.0176,=26.2680,=33.0922,=40.1514,=3.1700,=0.3975,=2.3139,=2.6982,=3.2955,=4.4393,=5.1292,=2.0789,=0.2855,=1.3666,=1.7116,=2.2994,=3.2716,=3.7523,=0.0196,=0.7713,=0.0111,=0.0133,=0.0165,=0.0200,=0.0231,=0.0850,=0.1439,=0.0684,=77
="399440",国证钢铁,2014-12-30,=0.0097,=1170.8400,=-0.2118,=27.9835,=0.6992,=5.7530,=9.0864,=18.4305,=35.9318,=695.2734,=0.9276,=0.2534,=0.7172,=0.9155,=1.0308,=1.3121,=2.0509,=0.4659,=0.5348,=0.3277,=0.3893,=0.4569,=0.6022,=1.3827,=0.0270,=0.4899,=0.0018,=0.0185,=0.0272,=0.0419,=0.0569,=0.0158,=0.0382,=0.0214,=472
="930997",新能源车,2017-07-19,=0,=2391.9500,=-0.2125,=21.0146,=0.2333,=14.0460,=20.5090,=31.3645,=66.7658,=171.6022,=2.8714,=0.2930,=1.7502,=2.4377,=3.6173,=5.9918,=11.4567,=1.6339,=0.3109,=0.7652,=1.2142,=2.1292,=3.8377,=8.7389,=0.0142,=0.6738,=0.0014,=0.0031,=0.0110,=0.0182,=0.0289,=0.0745,=0.1243,=0.0560,=1991
="931239",港股通汽车,2022-07-21,=-0.0077,=1820.3900,=-0.2128,=22.1244,=0.7045,=12.1049,=14.4157,=17.6553,=25.8371,=32.0714,=2.4332,=0.7793,=1.2076,=1.4410,=1.6408,=2.7070,=3.5989,=1.2086,=0.7793,=0.6024,=0.6888,=0.7781,=1.3867,=1.7776,=0.0167,=0.3112,=0.0091,=0.0148,=0.0201,=0.0227,=0.0338,,=0.1153,=0.0447,=54
="399617",深证消费,2011-06-15,=0.0124,=7262.7900,=-0.2139,=39.9306,=0.8455,=15.3450,=22.1455,=26.4896,=32.5206,=1768.1548,=2.3903,=0.0173,=2.1129,=3.2479,=4.2032,=5.7490,=9.2732,=1.3732,=0.0148,=1.2428,=1.8407,=2.4295,=3.6985,=6.3240,=0.0346,=0.8879,=0.0100,=0.0137,=0.0186,=0.0266,=0.0433,=0.0310,=0.1055,=0.0741,=371
="931521",高装细分50,2020-07-08,=0.0130,=2610.3300,=-0.2152,=90.8445,=0.7800,=33.8051,=48.6253,=60.0280,=95.7718,=160.3029,=3.7246,=0.3793,=2.5146,=3.4422,=4.0834,=4.9733,=6.8876,=3.8704,=0.2164,=2.7226,=3.8037,=4.3823,=5.0602,=6.7300,=0.0051,=0.3393,=0.0025,=0.0042,=0.0054,=0.0065,=0.0091,=0.0165,=0.0438,=0.0215,=85
="931404",SHS品牌消费50,2020-02-20,=0.0013,=2114.3700,=-0.2170,=15.4534,=0.0042,=15.2551,=18.1433,=21.3997,=29.6789,=52.1290,=3.6115,=0.0222,=3.2381,=4.5271,=5.2199,=7.2198,=13.2899,=3.0647,=0.1224,=2.1582,=3.1749,=4.0036,=6.3259,=12.0094,=0.0274,=0.8151,=0.0048,=0.0095,=0.0178,=0.0263,=0.0383,=0.1177,=0.2165,=0.1149,=145
="399699",金融科技,2017-06-09,=0.0161,=3486.2500,=-0.2205,=13.0329,=0.0027,=12.6869,=16.5666,=19.2150,=44.1883,=111.6316,=1.7338,=0.1642,=1.2665,=1.7818,=2.2610,=3.3874,=4.4660,=1.3702,=0.1932,=1.0709,=1.3771,=1.6111,=1.9034,=3.0519,=0.0245,=0.8514,=0.0041,=0.0063,=0.0189,=0.0236,=0.0329,=0.0666,=0.1027,=0.0535,=333
="H11052",智能电车,2009-07-22,=0.0016,=3305.3900,=-0.2212,=21.7646,=0.0791,=16.1153,=25.8933,=32.6706,=63.3646,=148.6443,=3.0090,=0.1211,=2.6129,=3.1771,=3.8827,=5.5107,=9.7804,=1.5228,=0.0960,=1.2507,=1.6510,=2.0374,=3.2736,=6.6252,=0.0137,=0.8958,=0.0021,=0.0035,=0.0091,=0.0113,=0.0189,=0.0695,=0.1293,=0.0622,=201
="930606",中证钢铁,2015-03-31,=0.0108,=903.3100,=-0.2246,=58.9018,=0.7927,=5.9346,=9.2015,=19.1330,=59.5617,=77593.1899,=0.9414,=0.2670,=0.7076,=0.9197,=1.0435,=1.3207,=2.0450,=0.4460,=0.4841,=0.2931,=0.3819,=0.4516,=0.5957,=1.2948,=0.0254,=0.4928,=0.0018,=0.0169,=0.0255,=0.0409,=0.0542,=0.0104,=0.0221,=0.0166,=781
="931747",中证储能,2021-10-15,=-0.0063,=6171.4100,=-0.2252,=20.3946,=0.0708,=16.6670,=22.1605,=27.3743,=51.9687,=124.6415,=3.2903,=0.0052,=3.1109,=3.9317,=4.5876,=6.8552,=12.5394,=1.7510,=0.2012,=1.2712,=1.7464,=2.2333,=3.6656,=8.7019,=0.0174,=0.9102,=0.0008,=0.0019,=0.0123,=0.0160,=0.0191,=0.0792,=0.1665,=0.0804,=145
="931594",卫星产业,2020-12-22,=0.0067,=869.7700,=-0.2296,=180.3689,=0.7224,=44.5603,=96.6846,=132.2124,=229.9491,=428.4930,=5.0444,=0.8953,=2.3588,=3.0603,=3.5528,=4.2054,=7.6413,=7.1323,=0.8752,=3.4655,=4.5498,=5.1908,=6.4740,=11.4514,=0.0032,=0.5280,=0.0023,=0.0027,=0.0032,=0.0051,=0.0086,=0.0156,=0.0317,=0.0195,=207
="930601",中证软件,2015-03-10,=0.0110,=4825.4800,=-0.2325,=98.0639,=0.6827,=29.3378,=51.8564,=79.9347,=128.9417,=302.4908,=4.6837,=0.5101,=2.7207,=3.9641,=4.6595,=5.6167,=7.7270,=5.5387,=0.6593,=2.8007,=4.0731,=4.9566,=6.0194,=8.4042,=0.0068,=0.9411,=0.0026,=0.0037,=0.0044,=0.0054,=0.0101,=0.0141,=0.0385,=0.0050,=418
="H30182",计算机,2013-07-15,=0.0153,=5874.9900,=-0.2332,=413.3898,=0.8396,=33.2527,=55.4842,=106.8941,=372.4400,=65313.4473,=3.7867,=0.3110,=2.4295,=3.5872,=4.0704,=4.6217,=5.8765,=3.7032,=0.2510,=2.3635,=3.5898,=4.1251,=4.7277,=7.6223,=0.0052,=0.7846,=0.0028,=0.0040,=0.0045,=0.0053,=0.0091,=0.0002,=0.0033,=-0.0020,=63
="931357",优选消费50,2019-11-15,=0.0015,=2294.0600,=-0.2354,=16.8025,=0.0069,=16.0077,=20.1995,=24.4257,=32.8462,=53.0529,=2.6107,=0.0052,=2.5395,=3.6402,=4.3017,=7.1220,=11.6208,=1.6346,=0.0046,=1.5982,=2.2655,=2.6747,=5.1707,=8.8232,=0.0275,=0.9942,=0.0058,=0.0101,=0.0149,=0.0202,=0.0287,=0.0808,=0.1689,=0.0954,=403
="931230",汽车零部件,2013-07-15,=0.0126,=986.4000,=-0.2370,=26.0820,=0.4309,=18.5338,=23.9659,=26.5962,=30.3620,=34.9965,=2.6564,=0.5257,=1.8462,=2.3035,=2.6327,=3.1492,=3.7531,=1.6795,=0.5068,=1.1819,=1.4732,=1.6772,=1.9966,=2.3775,=0.0153,=0.6829,=0.0115,=0.0128,=0.0143,=0.0158,=0.0198,=0.0479,=0.1141,=0.0560,=56
="399432",智能汽车,2014-12-30,=0.0035,=5160.5700,=-0.2394,=20.7561,=0.3688,=12.3799,=17.9577,=24.8348,=66.1739,=131.3343,=2.8952,=0.3638,=1.4019,=2.1767,=3.5041,=6.5272,=11.4939,=1.6688,=0.4248,=0.5888,=0.9103,=1.8985,=4.6106,=8.8483,=0.0153,=0.5744,=0.0016,=0.0032,=0.0133,=0.0240,=0.0377,=0.0724,=0.1377,=0.0637,=23
="H30202",软件指数,2013-07-15,=0.0129,=11420.9200,=-0.2425,=104.2636,=0.5896,=45.1036,=65.7516,=91.9098,=155.6957,=372.5263,=4.3460,=0.1698,=2.9348,=4.4534,=5.3359,=6.5609,=8.8705,=5.8337,=0.2616,=3.9010,=5.4106,=6.7888,=7.9679,=11.7144,=0.0070,=0.9378,=0.0022,=0.0033,=0.0045,=0.0055,=0.0102,=0.0110,=0.0344,=0.0032,=335
="000126",消费50,2011-12-09,=0.0032,=6293.1000,=-0.2431,=19.6496,=0.1459,=15.1608,=20.2920,=22.8626,=32.8709,=57.2206,=2.4765,=0.0239,=2.2360,=2.9999,=3.4007,=4.8666,=7.3797,=1.3770,=0.2546,=0.9155,=1.2954,=1.8264,=2.6426,=3.8011,=0.0363,=0.9913,=0.0091,=0.0134,=0.0211,=0.0280,=0.0382,=0.0674,=0.1407,=0.0845,=96
="931746",储能产业,2015-06-11,=-0.0013,=2786.4000,=-0.2465,=24.8068,=0.3204,=12.7536,=19.8694,=31.4798,=41.0643,=70.6293,=2.6866,=0.1658,=2.2823,=2.7415,=3.3607,=4.9836,=8.8670,=1.7685,=0.4024,=1.1513,=1.5069,=2.0242,=3.1140,=6.6557,=0.0155,=0.7237,=0.0020,=0.0044,=0.0129,=0.0167,=0.0220,=0.0527,=0.0831,=0.0351,=164
="930901",动漫游戏,2016-10-18,=0.0079,=1591.2700,=-0.2483,=23.2389,=0.0601,=17.2478,=29.0994,=41.6164,=250.4074,=4647.5377,=2.9608,=0.5153,=1.7335,=2.3131,=2.9223,=4.0457,=7.9690,=3.7889,=0.1239,=2.8663,=4.1192,=4.9530,=6.7912,=10.0355,=0.0197,=0.9408,=0.0031,=0.0055,=0.0088,=0.0151,=0.0282,=0.0811,=0.1150,=0.0771,=896
="399987",中证酒,2014-12-10,=0.0124,=3746.4200,=-0.2504,=19.4502,=0.1092,=16.5000,=20.6324,=30.5247,=38.5048,=71.4257,=3.7338,=0.0148,=3.3943,=4.9083,=6.4706,=8.9992,=15.9495,=5.9641,=0.0626,=5.0607,=6.4796,=8.3115,=11.8299,=21.4371,=0.0461,=0.9918,=0.0067,=0.0114,=0.0162,=0.0336,=0.0485,=0.1202,=0.2043,=0.1302,=2797
="CN5082",国证航天,2015-02-16,,,=-0.2511,=99.5019,=0.7826,=44.4252,=58.7080,=73.0479,=107.9380,=173.9279,=3.6377,=0.5628,=2.1924,=2.8248,=3.3409,=4.2678,=5.7391,=3.6847,=0.6641,=1.9232,=2.5659,=3.3528,=4.0167,=6.0090,=0.0043,=0.7019,=0.0021,=0.0030,=0.0038,=0.0049,=0.0082,=0.0144,=0.0382,=0.0205,=36
="399805",互联金融,2015-02-10,=0.0204,=2866.2600,=-0.2553,=8.6063,=0.0795,=7.5943,=9.4851,=11.3023,=13.1553,=16.5816,=0.9522,=0.1183,=0.7644,=1.0266,=1.3753,=1.7087,=2.0317,=1.7026,=0.6774,=1.1667,=1.4082,=1.6147,=1.7935,=2.2636,=0.0357,=0.8723,=0.0145,=0.0187,=0.0238,=0.0340,=0.0507,=0.0550,=0.0940,=0.0508,=340
="930625",SHS互联网,2015-04-21,=0.0142,=2248.2500,=-0.2594,=21.9504,=0.0419,=18.8995,=26.7432,=34.7872,=49.2879,=84.5605,=2.4755,=0.0063,=2.3016,=3.4323,=4.8622,=6.6025,=9.2961,=2.4621,=0.0063,=2.3041,=3.4040,=4.2694,=5.7715,=8.7946,=0.0101,=0.9862,=0.0016,=0.0028,=0.0037,=0.0071,=0.0110,=0.0575,=0.1241,=0.0701,=343
="980076",通用航空,2012-12-28,=0.0101,=2746.2900,=-0.2599,=103.1260,=0.6014,=69.9916,=82.2500,=100.9403,=126.1683,=158.1149,=3.4846,=0.4592,=2.7445,=3.2322,=3.5141,=4.0326,=5.1513,=4.1043,=0.2704,=3.4358,=4.0582,=4.2841,=4.8788,=6.3273,=0.0050,=0.4336,=0.0037,=0.0042,=0.0051,=0.0060,=0.0073,=0.0178,=0.0297,=0.0208,=74
="H30015",800汽车,2012-12-21,=0.0095,=7427.0700,=-0.2619,=23.6784,=0.5406,=11.4503,=15.4242,=23.0083,=31.8612,=45.6288,=1.7798,=0.2138,=1.3220,=1.7478,=2.1645,=2.4572,=3.4622,=0.7554,=0.3321,=0.5106,=0.6736,=0.8466,=1.0480,=1.4573,=0.0167,=0.4969,=0.0097,=0.0134,=0.0167,=0.0284,=0.0411,=0.0306,=0.0922,=0.0460,=197
="931481",SHS线上消费,2020-05-06,=0.0117,=815.5400,=-0.2647,=21.8861,=0.1259,=17.8858,=23.2705,=29.5243,=46.2843,=121.3257,=2.4001,=0.0105,=2.2334,=3.0914,=3.5257,=4.7186,=9.8961,=2.4346,=0.0732,=2.0492,=2.7165,=3.2711,=4.2961,=7.8524,=0.0109,=0.9702,=0.0020,=0.0033,=0.0057,=0.0087,=0.0119,=0.0560,=0.1208,=0.0704,=71
="899050",北证50,2022-11-21,=0.0133,=1058.1800,=-0.2654,=46.4236,=0.5553,=15.5447,=18.7434,=40.7830,=62.7738,=91.3357,=4.3332,=0.6133,=2.0170,=2.4435,=3.5084,=4.9435,=5.6723,=3.5420,=0.5940,=1.3969,=1.7363,=2.9464,=4.2351,=5.1557,=0.0074,=0.1751,=0.0062,=0.0076,=0.0110,=0.0146,=0.0185,=0.0473,=0.0857,=-0.0010,=801
="931855",通用航空,2025-04-02,=0.0105,=931.6100,=-0.2786,=98.7359,=0.2646,=76.1514,=96.6905,=103.8209,=114.1113,=148.2866,=3.5447,=0.1058,=3.2007,=3.7426,=4.0805,=4.5582,=5.9420,=4.4278,=0.1114,=4.0348,=4.7654,=6.1346,=6.8323,=8.0546,=0.0054,=0.3760,=0.0042,=0.0050,=0.0058,=0.0062,=0.0073,=0.0177,=0.0445,=0.0255,=15
="930986",金融科技,2017-06-22,=0.0210,=2249.3300,=-0.2793,=42.7349,=0.1908,=32.2484,=43.1417,=54.5415,=80.8403,=257.1796,=4.0666,=0.2184,=2.5474,=4.0234,=4.6611,=5.8051,=7.7786,=5.6396,=0.6579,=2.9625,=3.8917,=4.7837,=6.9822,=9.8281,=0.0089,=0.9408,=0.0040,=0.0051,=0.0060,=0.0074,=0.0120,=0.0454,=0.0872,=0.0355,=275
="HSIII",恒生互联网科技业指数,2020-07-20,=0.0180,=2100.7700,=-0.2846,=23.7706,=0.2807,=12.6629,=22.1514,=34.5666,=47.7321,=309808.9839,=2.3173,=0.0837,=1.7026,=2.5346,=3.6244,=6.1191,=8.5704,=1.8062,=0.0869,=1.1940,=1.9756,=2.3969,=3.5799,=5.1261,=0.0102,=0.8241,=0.0015,=0.0029,=0.0054,=0.0099,=0.0133,,=0.1196,=0.0690,=2057
="399997",中证白酒,2015-01-21,=0.0101,=6254.4700,=-0.2863,=19.5057,=0.1298,=16.2418,=20.3053,=29.7024,=37.9971,=71.4432,=3.9157,=0.0157,=3.5435,=5.2032,=7.2669,=9.8068,=17.8607,=6.7754,=0.0684,=5.9830,=7.2852,=9.8354,=13.6521,=24.8964,=0.0470,=0.9922,=0.0066,=0.0115,=0.0169,=0.0343,=0.0495,=0.1224,=0.2121,=0.1334,=7797
="931646",SHS新消费,2021-04-07,=0.0180,=1343.6600,=-0.2915,=20.8976,=0.1049,=17.0652,=22.4563,=25.8450,=30.4841,=45.1728,=2.4718,=0.0137,=2.2638,=3.0903,=3.5795,=4.1451,=7.2085,=2.4595,=0.0137,=2.2716,=3.1389,=3.6977,=4.1982,=7.0452,=0.0111,=0.9863,=0.0024,=0.0045,=0.0066,=0.0085,=0.0121,=0.0608,=0.1302,=0.0748,=15
="930796",全球中国互联网,2016-04-22,=0.0167,=1541.5369,=-0.2930,=17.3397,=0.0407,=15.1718,=20.7293,=38.7421,=53.2323,=115.7107,=2.1270,=0.0119,=1.8023,=2.6174,=3.8615,=6.8538,=9.6202,=1.8245,=0.0142,=1.5064,=2.2545,=3.5847,=6.2628,=9.5215,=0.0110,=0.9896,=0.0008,=0.0013,=0.0019,=0.0079,=0.0121,,=0.1370,=0.0775,=52
="H30533",中国互联网50,2014-12-29,=0.0211,=6593.4333,=-0.2966,=16.8540,=0.0457,=14.4020,=19.9226,=40.9145,=56.7421,=137.0698,=1.9972,=0.0115,=1.7082,=2.5092,=3.7834,=6.7227,=9.7098,=1.7116,=0.0138,=1.4305,=2.1442,=3.6758,=6.4332,=9.1092,=0.0111,=0.9620,=0.0007,=0.0013,=0.0020,=0.0080,=0.0125,,=0.1395,=0.0810,=6904
="HSAIT",恒生人工智能主题指数,2023-09-01,=0.0111,=2961.8800,=-0.3050,=-67.3581,=0.9520,=13.3665,=18.1660,=20.0420,=22.1895,=33.1012,=5.8495,=0.9533,=1.4634,=1.7671,=2.1062,=2.5362,=9.7315,=13.4894,=0.9880,=1.2708,=1.5092,=1.8706,=2.3431,=14.0083,=0.0005,=0.0027,=0.0005,=0.0169,=0.0191,=0.0214,=0.0235,=0.0726,=0.1059,=0.0635,=66
="H11136",中国互联网,2011-09-20,=0.0067,=3700.9990,=-0.3058,=20.1487,=0.2298,=14.4387,=19.6496,=42.0334,=56.8768,=137.0698,=2.1586,=0.0303,=1.7247,=2.5142,=3.7998,=6.7410,=9.7098,=1.7309,=0.0104,=1.5020,=2.2104,=3.8837,=6.5160,=9.1092,=0.0110,=0.9217,=0.0007,=0.0013,=0.0020,=0.0087,=0.0132,,=0.1373,=0.0798,=3387
="930604",中国互联网30,2015-03-23,=0.0167,=6943.8237,=-0.3059,=16.8872,=0.0523,=14.4178,=19.5423,=40.5779,=58.9014,=131.9396,=2.0212,=0.0111,=1.7582,=2.5628,=3.8387,=7.0616,=10.3841,=1.7163,=0.0127,=1.4482,=2.1520,=3.6975,=6.4009,=9.5870,=0.0107,=0.9889,=0.0007,=0.0013,=0.0017,=0.0078,=0.0121,,=0.1381,=0.0817,=660
="931637",港股通互联网,2021-01-11,=0.0172,=693.7900,=-0.3158,=20.0869,=0.0804,=16.9805,=22.7067,=27.6797,=40.8858,=87.7368,=2.3216,=0.0178,=2.0886,=2.9319,=3.3901,=4.1296,=11.7021,=2.3180,=0.0192,=2.0583,=2.8320,=3.3653,=4.1877,=11.5370,=0.0107,=0.9893,=0.0011,=0.0026,=0.0050,=0.0078,=0.0111,,=0.1267,=0.0732,=304
="930633",中证旅游,2015-05-08,=0.0160,=2268.6200,=-0.3167,=-348.0585,=0.6176,=15.8968,=22.0002,=1979.7031,=-51.0196,=11171.4579,=2.0355,=0.1240,=1.6473,=2.1350,=2.3438,=2.8097,=3.6934,=1.0051,=0.0025,=0.9784,=1.3026,=1.5976,=2.5762,=3.7607,=0.0096,=0.8195,=0.0014,=0.0038,=0.0081,=0.0095,=0.0147,=-0.0078,=-0.0128,=0.0008,=637
="931008",汽车指数,2013-07-15,=0.0057,=8139.2900,=-0.3205,=25.9158,=0.4898,=12.0130,=17.5703,=26.0878,=36.0481,=55.3660,=1.8613,=0.2735,=1.1809,=1.5505,=2.2068,=2.4480,=3.4286,=0.7788,=0.3692,=0.4315,=0.5562,=0.8982,=1.0488,=1.4087,=0.0167,=0.5674,=0.0059,=0.0123,=0.0163,=0.0274,=0.0426,=0.0306,=0.0829,=0.0424,=496
="932584",智选港股通红利低波,2026-06-11,=0.0064,=1712.0400,,=6.0125,=0.3429,=5.4952,=5.8714,=6.0639,=6.1973,=6.4396,=0.6356,=0.6429,=0.5613,=0.5997,=0.6286,=0.6413,=0.6578,=0.9505,=0.5857,=0.8443,=0.9021,=0.9437,=0.9607,=0.9893,=0.0568,=0.6571,=0.0530,=0.0550,=0.0561,=0.0581,=0.0621,,,,=20
="1000005",上海非金融A股,1994-01-01,,,,=30.5761,=0.8237,=15.3520,=20.3290,=23.4663,=29.7932,=34.6296,=2.2401,=0.7540,=1.5456,=1.8178,=2.0437,=2.2643,=2.5831,=1.3590,=0.9440,=0.7548,=0.9329,=1.0759,=1.2176,=1.4804,=0.0188,=0.4186,=0.0107,=0.0150,=0.0197,=0.0236,=0.0293,=0.0433,=0.0661,=0.0407,=189
="1000010",上海B股,1994-01-10,,,,=11.2777,=0.0791,=6.8464,=12.4602,=17.8500,=37.2537,=68.1787,=0.9204,=0.2423,=0.7158,=0.9058,=1.0035,=1.2167,=1.7036,=0.6822,=0.7000,=0.3163,=0.4060,=0.5565,=0.7247,=1.2119,=0.0566,=0.9942,=0.0085,=0.0245,=0.0348,=0.0436,=0.2559,,=0.0654,=0.0290,=133
="1000011",A股非金融,1994-01-10,,,,=36.1038,=0.7664,=17.5718,=25.5269,=28.6103,=37.3117,=43.6945,=2.5075,=0.6312,=1.6561,=2.0403,=2.3294,=2.6807,=2.9749,=1.5706,=0.8076,=0.9476,=1.1421,=1.3068,=1.5673,=1.8156,=0.0158,=0.4759,=0.0087,=0.0121,=0.0160,=0.0192,=0.0256,=0.0432,=0.0612,=0.0384,=811
="1000014",科创板全指,2019-07-22,,,,=153.0791,=0.8132,=34.6058,=58.8968,=78.0946,=140.1904,=267.8356,=6.3821,=0.7759,=2.4875,=3.8220,=5.0092,=6.4834,=9.5957,=8.4333,=0.6948,=3.3799,=5.2295,=6.7312,=9.8209,=14.1086,=0.0028,=0.1603,=0,=0.0030,=0.0042,=0.0064,=0.0098,=0.0283,=0.0254,=0.0131,=1305

数据来源于：理杏仁网站(lixinger.com)