指数代码,指数名称,发布时间,涨跌幅,收盘点位,今年以来涨跌幅,PE-TTM(当前值),PE-TTM(分位点%),PE-TTM(最小值),PE-TTM(20%分位点值),PE-TTM(50%分位点值),PE-TTM(80%分位点值),PE-TTM(最大正值),PB(当前值),PB(分位点%),PB(最小值),PB(20%分位点值),PB(50%分位点值),PB(80%分位点值),PB(最大正值),PS-TTM(当前值),PS-TTM(分位点%),PS-TTM(最小值),PS-TTM(20%分位点值),PS-TTM(50%分位点值),PS-TTM(80%分位点值),PS-TTM(最大正值),股息率(当前值),股息率(分位点%),股息率(最小值),股息率(20%分位点值),股息率(50%分位点值),股息率(80%分位点值),股息率(最大正值),净资产收益率(ROE)(2026Q1),净资产收益率(ROE)(2025Q4),净资产收益率(ROE)(2025Q1),关注度
="950125",科创半导体材料设备,2024-07-26,=0.0367,=4424.2664,=1.0594,=195.9362,=0.8775,=70.4245,=117.4338,=133.7327,=169.6952,=348.7588,=11.6611,=0.9170,=2.8469,=4.7934,=5.5479,=7.0684,=17.6268,=25.9140,=0.9190,=7.2923,=10.9937,=13.0168,=15.8032,=37.4011,=0.0009,=0.3972,=0.0006,=0.0008,=0.0013,=0.0016,=0.0028,=0.0075,=0.0371,=0.0094,=154
="931743",半导体材料设备,2012-12-21,=0.0347,=9984.8553,=0.9391,=144.3836,=0.9325,=30.1973,=40.1666,=61.4145,=90.4062,=224.0742,=11.4259,=0.9414,=2.5588,=3.4436,=4.3248,=7.2009,=17.1334,=18.0391,=0.9490,=2.5903,=3.1786,=3.8600,=11.2337,=25.3851,=0.0012,=0.0522,=0.0009,=0.0020,=0.0028,=0.0045,=0.0073,=0.0198,=0.0706,=0.0130,=300
="931865",中证半导,2019-03-20,=0.0326,=8620.2518,=0.7419,=164.4952,=0.9277,=32.8138,=46.1226,=74.0022,=130.0426,=255.0466,=10.8313,=0.9306,=3.3892,=4.1536,=5.3039,=8.5512,=15.8034,=20.2651,=0.9462,=6.4190,=7.7157,=8.8274,=15.2974,=28.9040,=0.0009,=0.0850,=0.0006,=0.0011,=0.0020,=0.0024,=0.0032,=0.0168,=0.0580,=0.0153,=219
="931144",通信技术,2019-05-30,=0.0445,=3806.5084,=0.6350,=65.1768,=0.9107,=22.8153,=30.4954,=37.1507,=52.4392,=113.1406,=10.8373,=0.9602,=2.5671,=3.1135,=3.7455,=4.8332,=15.3977,=6.5508,=0.9562,=1.6428,=2.1085,=2.5068,=3.4228,=9.4991,=0.0031,=0.0443,=0.0021,=0.0043,=0.0064,=0.0100,=0.0166,=0.0432,=0.1354,=0.0299,=258
="000685",科创芯片,2022-06-13,=0.0455,=4040.0900,=0.5459,=176.2325,=0.7605,=42.1555,=70.8841,=119.5201,=181.3776,=335.4323,=10.6342,=0.9404,=3.1235,=4.1005,=5.1991,=7.7549,=15.4697,=21.5089,=0.9492,=7.4796,=10.0910,=12.3425,=15.9205,=31.9311,=0.0008,=0.0508,=0.0005,=0.0010,=0.0015,=0.0021,=0.0026,=0.0152,=0.0415,=0.0074,=516
="H30184",半导体,2013-07-15,=0.0431,=13386.3816,=0.4547,=102.7297,=0.7415,=33.2056,=51.7413,=79.1267,=107.9511,=186.6477,=8.6528,=0.9011,=2.5082,=3.4362,=4.9010,=7.4942,=12.7528,=13.6801,=0.9732,=1.3963,=2.6456,=7.0472,=9.6250,=20.0377,=0.0014,=0.0565,=0.0010,=0.0017,=0.0024,=0.0034,=0.0070,=0.0203,=0.0527,=0.0094,=3404
="932066",半导体行业精选,2023-11-10,=0.0411,=5818.0634,=0.4323,=83.1909,=0.4912,=50.1901,=65.4144,=83.4816,=99.8752,=142.8699,=8.4330,=0.7994,=3.1655,=4.1680,=6.7896,=8.4330,=12.2533,=12.9189,=0.8260,=6.6489,=8.4227,=10.8742,=12.6126,=18.4956,=0.0017,=0.2168,=0.0012,=0.0017,=0.0022,=0.0028,=0.0034,=0.0207,=0.0794,=0.0157,=6
="990001",中华半导体芯片,2019-03-18,=0.0408,=16839.3610,=0.3930,=107.0976,=0.7058,=33.1780,=61.6100,=86.3825,=116.8886,=187.5449,=8.5161,=0.9021,=3.1429,=4.2882,=5.3615,=7.5142,=12.4905,=13.3753,=0.9618,=3.3238,=6.0989,=7.1329,=9.5822,=19.5120,=0.0012,=0.0277,=0.0008,=0.0016,=0.0021,=0.0028,=0.0056,=0.0177,=0.0410,=0.0101,=1388
="H30007",芯片产业,2012-12-20,=0.0408,=4394.2477,=0.3877,=95.7783,=0.7246,=24.2382,=40.3144,=71.7693,=113.4115,=186.5687,=8.6344,=0.9369,=1.9412,=3.6288,=4.5532,=7.2991,=12.9184,=13.1457,=0.9711,=1.5871,=3.6992,=6.5639,=8.3968,=19.5328,=0.0012,=0.0231,=0.0008,=0.0017,=0.0023,=0.0046,=0.0105,=0.0230,=0.0446,=0.0109,=546
="931079",5G通信,2019-04-25,=0.0382,=2668.2729,=0.3841,=47.0903,=0.8535,=21.0709,=27.7329,=33.7258,=44.7366,=103.6981,=7.5559,=0.9573,=2.3623,=3.0512,=3.6391,=5.3690,=10.5199,=2.9461,=0.9523,=1.1916,=1.4919,=1.8895,=2.3728,=4.2354,=0.0053,=0.1645,=0.0036,=0.0056,=0.0082,=0.0121,=0.0152,=0.0389,=0.1398,=0.0276,=2288
="H30318",科技传媒通信150,2014-04-15,=0.0426,=4216.4937,=0.3714,=56.7404,=0.8829,=19.8534,=28.8631,=38.1374,=50.1023,=90.7292,=9.3130,=0.9716,=2.0037,=2.4801,=3.5091,=4.4232,=13.0479,=4.8144,=0.9666,=1.2409,=1.8640,=2.3043,=2.8488,=6.8164,=0.0040,=0.0177,=0.0031,=0.0058,=0.0072,=0.0165,=0.0244,=0.0368,=0.1091,=0.0211,=49
="980017",国证芯片,2015-02-17,=0.0427,=17368.3400,=0.3690,=102.8099,=0.7512,=30.3742,=55.9334,=81.7264,=109.1441,=227.4136,=9.1213,=0.9466,=3.1638,=4.1048,=5.7907,=7.5297,=13.5798,=14.2935,=0.9671,=3.6283,=5.7955,=6.6982,=8.1901,=20.9165,=0.0011,=0.0329,=0.0008,=0.0016,=0.0020,=0.0027,=0.0044,=0.0146,=0.0397,=0.0130,=2625
="000682",科创信息,2021-08-16,=0.0428,=2728.6600,=0.3686,=147.6767,=0.8649,=41.6131,=61.6402,=93.5495,=136.9841,=255.5918,=9.7811,=0.9425,=3.3247,=4.3608,=5.4056,=7.2292,=13.8809,=15.1439,=0.9566,=5.5790,=7.3298,=8.9298,=11.5355,=21.7670,=0.0015,=0.0375,=0.0011,=0.0020,=0.0029,=0.0038,=0.0070,=0.0200,=0.0432,=0.0072,=106
="000690",科创成长,2022-11-04,=0.0504,=2485.0300,=0.3254,=71.9235,=0.3319,=26.4295,=46.6956,=83.4096,=154.6068,=288.8500,=11.8826,=0.7751,=3.7827,=4.8620,=6.0799,=12.3337,=18.2315,=12.3793,=0.6876,=2.7510,=4.0147,=7.9054,=14.5320,=20.0971,=0.0015,=0.0519,=0.0011,=0.0021,=0.0034,=0.0053,=0.0127,=0.0188,=0.1043,=0.0143,=152
="931406",5G 50,2020-02-20,=0.0395,=2817.4904,=0.3237,=31.6733,=0.7063,=15.2657,=20.6195,=24.0848,=34.6322,=51.5506,=3.5746,=0.6892,=1.5292,=1.9718,=2.5836,=3.8218,=5.3757,=2.3627,=0.9583,=0.9155,=1.4069,=1.5876,=1.9275,=2.9469,=0.0157,=0.3847,=0.0042,=0.0067,=0.0205,=0.0276,=0.0387,=0.0252,=0.1023,=0.0236,=706
="399363",云科技,2009-08-03,=0.0446,=12357.8200,=0.3226,=34.8901,=0.1476,=25.0041,=36.0208,=41.5203,=48.7687,=74.9161,=4.1203,=0.2622,=3.0187,=3.9515,=4.6422,=5.5540,=10.4646,=2.8264,=0.4472,=1.6015,=2.2265,=3.0414,=3.7025,=4.3638,=0.0136,=0.9687,=0.0046,=0.0055,=0.0070,=0.0104,=0.0160,=0.0491,=0.1469,=0.0254,=287
="931160",通信设备,2013-07-15,=0.0449,=20416.1817,=0.3205,=47.7272,=0.7115,=19.3231,=27.7990,=36.6969,=54.9602,=91.1971,=8.7982,=0.9720,=2.1520,=2.8712,=3.4261,=3.9737,=12.1269,=2.9855,=0.9633,=0.9706,=1.2833,=1.5072,=2.4410,=4.3558,=0.0056,=0.2193,=0.0028,=0.0052,=0.0077,=0.0150,=0.0221,=0.0428,=0.1280,=0.0276,=1313
="000698",科创100,2023-08-07,=0.0364,=1909.8200,=0.3100,=94.9931,=0.0756,=60.6995,=128.1327,=211.5596,=252.2879,=337.2511,=6.8029,=0.9163,=2.7397,=3.6221,=4.2187,=6.0213,=8.5061,=7.2560,=0.6599,=4.0312,=5.1188,=6.3854,=8.4091,=10.0837,=0.0029,=0.1093,=0.0025,=0.0033,=0.0053,=0.0064,=0.0089,=0.0093,=0.0369,=0.0028,=588
="931461",电子50,2009-07-22,=0.0384,=7687.0627,=0.3040,=50.1397,=0.8104,=20.3357,=30.2775,=36.3532,=49.0359,=76.5790,=6.7979,=0.9683,=2.5323,=3.1789,=3.7015,=5.3316,=9.2899,=3.2805,=0.8289,=1.1588,=1.7975,=2.0667,=3.1565,=4.5428,=0.0056,=0.0536,=0.0046,=0.0067,=0.0091,=0.0111,=0.0147,=0.0239,=0.0884,=0.0169,=446
="931087",科技龙头,2019-03-20,=0.0422,=6844.4431,=0.3021,=49.7839,=0.7353,=22.2848,=33.6952,=40.7721,=52.4621,=78.0359,=8.1057,=0.9668,=2.8190,=4.2304,=5.3237,=6.5517,=11.1808,=7.1352,=0.9745,=2.0316,=3.3119,=4.0024,=5.0096,=9.7717,=0.0055,=0.2320,=0.0037,=0.0053,=0.0064,=0.0086,=0.0172,=0.0321,=0.1080,=0.0209,=2098
="931696",科技50策略,2021-07-12,=0.0370,=26196.6407,=0.3005,=46.1727,=0.7849,=23.0047,=27.9681,=34.0416,=47.6149,=71.4621,=8.1677,=0.9133,=3.0567,=3.9272,=4.5060,=7.1675,=11.2899,=4.5135,=0.8403,=1.9010,=2.3691,=2.6964,=4.2923,=6.7093,=0.0054,=0.0562,=0.0042,=0.0063,=0.0097,=0.0121,=0.0167,=0.0396,=0.1271,=0.0285,=15
="930652",CS电子,2015-06-05,=0.0382,=12730.2627,=0.2978,=56.7745,=0.8644,=21.2056,=33.8173,=43.2208,=52.9681,=86.1406,=6.8511,=0.9749,=2.2039,=3.1461,=3.6491,=4.8179,=9.3375,=3.6955,=0.9658,=1.4014,=2.0216,=2.3046,=3.0826,=5.0793,=0.0049,=0.0128,=0.0040,=0.0063,=0.0077,=0.0104,=0.0141,=0.0249,=0.0838,=0.0162,=491
="950162",科创芯片设计,2024-07-26,=0.0557,=2408.1956,=0.2945,=132.4906,=0.0040,=125.5736,=221.5296,=263.2829,=380.8688,=687.1301,=13.4618,=0.8221,=4.2582,=7.8151,=9.6871,=13.2756,=20.2102,=20.6646,=0.7055,=8.7765,=14.4986,=17.8784,=21.7146,=32.5243,=0.0015,=0.4723,=0.0010,=0.0012,=0.0015,=0.0018,=0.0029,=0.0309,=0.0713,=0.0107,=68
="399990",煤炭等权,2015-01-21,=0.0236,=3712.6700,=0.2925,=22.0765,=0.9279,=5.7123,=8.6087,=10.6441,=15.5128,=166.2943,=1.8624,=0.9880,=0.8179,=1.1204,=1.3764,=1.6165,=2.0135,=2.0209,=0.9938,=0.6732,=0.9175,=1.1215,=1.4630,=2.2100,=0.0297,=0.0618,=0.0074,=0.0368,=0.0548,=0.0638,=0.1003,=0.0229,=0.0912,=0.0239,=242
="399998",中证煤炭,2015-02-13,=0.0271,=2535.2000,=0.2858,=22.0765,=0.9279,=5.7123,=8.6087,=10.6441,=15.5128,=166.2943,=1.8624,=0.9880,=0.8179,=1.1204,=1.3764,=1.6165,=2.0135,=2.0209,=0.9938,=0.6732,=0.9175,=1.1215,=1.4630,=2.2100,=0.0297,=0.0618,=0.0074,=0.0368,=0.0548,=0.0638,=0.1003,=0.0229,=0.0912,=0.0239,=2131
="000858",500信息,2013-11-06,=0.0397,=13510.9000,=0.2820,=103.2461,=0.9159,=25.3805,=43.9766,=64.2459,=90.7135,=209.3531,=6.3766,=0.9810,=2.1626,=2.9041,=3.3886,=3.9447,=8.5146,=6.8241,=0.9839,=1.1229,=1.9074,=2.6874,=3.6636,=9.1355,=0.0030,=0.0185,=0.0022,=0.0045,=0.0059,=0.0072,=0.0110,=0.0212,=0.0505,=0.0070,=354
="932087",集成电路,2023-03-29,=0.0487,=1447.2455,=0.2779,=95.6803,=0.1570,=46.1239,=100.6652,=132.2398,=152.0596,=195.7770,=7.7155,=0.8623,=3.1405,=3.9453,=5.1964,=7.2734,=11.4486,=12.4571,=0.8357,=5.8347,=7.6610,=9.1227,=12.0558,=18.6728,=0.0015,=0.3285,=0.0010,=0.0014,=0.0018,=0.0022,=0.0029,=0.0203,=0.0481,=0.0079,=56
="399389",国证通信,2011-12-02,=0.0393,=10613.6700,=0.2727,=31.3214,=0.3932,=15.1336,=21.7733,=46.3280,=65.1875,=153.7967,=2.8548,=0.7201,=1.3245,=1.8461,=2.4674,=3.0346,=3.8815,=2.7306,=0.9765,=0.9743,=1.4589,=1.6825,=1.8999,=3.2843,=0.0197,=0.6191,=0.0026,=0.0049,=0.0071,=0.0294,=0.0420,=0.0209,=0.0855,=0.0209,=60
="931688",中证算力,2022-07-21,,,=0.2719,=36.1356,=0.8978,=18.0036,=20.8195,=24.0819,=32.6393,=44.9092,=3.8705,=0.9115,=1.6529,=1.9027,=2.2873,=3.3852,=4.7747,=2.7181,=0.9002,=1.3731,=1.5953,=1.8221,=2.5104,=3.3716,=0.0148,=0.0549,=0.0131,=0.0190,=0.0261,=0.0299,=0.0338,=0.0245,=0.1011,=0.0224,=110
="931271",通信设备主题,2012-12-21,=0.0391,=4567.3781,=0.2655,=70.2315,=0.7622,=25.8971,=33.2329,=36.4315,=79.3535,=113.3155,=10.3069,=0.9027,=2.2261,=2.9076,=3.6138,=8.1830,=14.2344,=6.6847,=0.8851,=1.5689,=2.0596,=2.5943,=5.6814,=9.3619,=0.0035,=0.1257,=0.0022,=0.0044,=0.0081,=0.0099,=0.0129,=0.0351,=0.1175,=0.0256,=14
="000688",科创50,2020-07-23,=0.0377,=1693.4800,=0.2598,=154.8341,=0.8661,=35.5957,=42.6920,=71.9704,=138.3586,=263.7183,=7.7283,=0.9155,=2.9443,=4.2479,=4.9052,=6.8551,=10.5365,=10.0279,=0.8276,=3.1319,=4.5963,=5.6275,=9.7488,=13.6380,=0.0021,=0.0297,=0.0016,=0.0030,=0.0045,=0.0071,=0.0110,=0.0135,=0.0347,=0.0045,=8268
="931380",科技50,2019-11-25,=0.0250,=3980.3019,=0.2598,=44.0571,=0.4350,=22.4426,=31.3478,=46.2875,=56.4887,=71.9143,=5.7906,=0.5784,=2.7627,=3.8814,=5.5102,=7.3375,=9.9144,=5.0545,=0.6437,=2.1802,=3.0796,=4.1915,=5.6472,=7.7525,=0.0091,=0.7206,=0.0035,=0.0051,=0.0076,=0.0104,=0.0163,=0.0253,=0.0951,=0.0118,=950
="000998",中证TMT,2011-11-08,=0.0330,=3685.5869,=0.2533,=40.0504,=0.6649,=18.9989,=27.6163,=34.6638,=43.3336,=58.6698,=4.4750,=0.9068,=1.9674,=2.4618,=3.2923,=4.0279,=5.6742,=3.1546,=0.9662,=1.2505,=1.8092,=2.1803,=2.6503,=3.9991,=0.0111,=0.5692,=0.0048,=0.0067,=0.0093,=0.0185,=0.0284,=0.0233,=0.0900,=0.0196,=566
="931866",中证机床,2022-05-09,=0.0325,=2245.9628,=0.2525,=54.3376,=0.7761,=28.6086,=36.9951,=40.8798,=56.7978,=85.2007,=6.4714,=0.9247,=2.8302,=3.7682,=4.3476,=5.2297,=9.1263,=5.0292,=0.8661,=2.4023,=3.1615,=3.4441,=4.4263,=7.3925,=0.0064,=0.1711,=0.0043,=0.0066,=0.0077,=0.0097,=0.0146,=0.0321,=0.1022,=0.0244,=166
="000993",全指信息,2011-08-02,=0.0379,=10616.6900,=0.2509,=59.5506,=0.6616,=27.3163,=42.0292,=52.3604,=68.2638,=96.2351,=6.6562,=0.9749,=2.5265,=3.2907,=4.0171,=4.7036,=8.9424,=3.9547,=0.9089,=1.8009,=2.3376,=2.8253,=3.4663,=5.3826,=0.0050,=0.1150,=0.0039,=0.0053,=0.0064,=0.0084,=0.0117,=0.0221,=0.0751,=0.0134,=4101
="000935",中证信息,2009-07-03,=0.0371,=8018.4200,=0.2493,=59.3449,=0.8693,=22.3783,=36.3294,=44.9610,=55.3779,=87.4284,=6.6611,=0.9740,=2.5910,=3.3282,=4.0443,=4.8676,=8.9117,=3.8615,=0.9114,=1.7187,=2.2023,=2.7270,=3.5206,=5.2392,=0.0051,=0.0433,=0.0042,=0.0059,=0.0072,=0.0094,=0.0127,=0.0237,=0.0833,=0.0137,=1126
="000936",中证电信,2009-07-03,=0.0281,=12414.7601,=0.2489,=28.8916,=0.5725,=14.1836,=20.2178,=26.5947,=41.2993,=123.1725,=2.7273,=0.7415,=1.2149,=1.7612,=2.3413,=2.7951,=3.6232,=2.6512,=0.9786,=0.7463,=1.0341,=1.2735,=1.8343,=3.0800,=0.0212,=0.5878,=0.0019,=0.0063,=0.0096,=0.0319,=0.0507,=0.0215,=0.0913,=0.0219,=342
="931494",消费电子,2020-06-12,=0.0358,=6338.3378,=0.2461,=52.5608,=0.8007,=20.2625,=32.1257,=38.7375,=52.4459,=77.9188,=5.8881,=0.9508,=2.1307,=2.8230,=3.5514,=5.1203,=7.9404,=2.8008,=0.8957,=1.3000,=1.6503,=1.9997,=2.6247,=3.9249,=0.0052,=0.1395,=0.0040,=0.0058,=0.0082,=0.0109,=0.0138,=0.0228,=0.0807,=0.0166,=232
="970070",创业板人工智能,2024-07-11,=0.0396,=7387.1300,=0.2458,=53.9817,=0.0445,=48.3861,=70.6345,=80.7618,=93.7680,=119.1606,=10.7989,=0.8317,=3.3467,=5.1423,=6.5864,=10.2246,=15.2749,=8.4391,=0.6712,=3.4016,=4.9950,=6.2851,=9.2808,=12.0918,=0.0040,=0.3675,=0.0027,=0.0035,=0.0051,=0.0065,=0.0096,=0.0381,=0.1206,=0.0167,=243
="000689",科创材料,2022-08-15,=0.0447,=1509.5100,=0.2451,=169.8079,=0.8926,=38.7753,=45.5454,=87.3066,=151.8665,=281.6880,=5.7791,=0.9509,=1.9307,=2.6358,=3.4068,=4.5170,=8.5314,=6.9460,=0.9387,=2.1963,=3.1435,=4.0615,=5.6510,=10.7722,=0.0029,=0.0511,=0.0019,=0.0044,=0.0064,=0.0078,=0.0117,=0.0126,=0.0258,=0.0058,=48
="399296",创成长,2019-01-23,=0.0317,=7757,=0.2446,=36.8753,=0.3123,=22.4911,=30.9769,=43.3550,=63.8635,=104.6935,=8.2701,=0.6355,=3.9463,=4.9540,=7.0961,=10.6591,=14.9802,=5.1997,=0.4085,=2.5417,=3.4782,=5.8203,=11.9029,=17.3385,=0.0079,=0.6670,=0.0016,=0.0028,=0.0063,=0.0105,=0.0200,=0.0584,=0.2040,=0.0396,=1085
="980030",消费电子,2015-02-17,=0.0310,=9030.4500,=0.2429,=42.8223,=0.6226,=18.6467,=31.8484,=39.2363,=47.8489,=65.6114,=4.5677,=0.8677,=2.0026,=2.6001,=3.0276,=4.2829,=6.3059,=2.2827,=0.7650,=1.1413,=1.4007,=1.5853,=2.3771,=3.4515,=0.0067,=0.2061,=0.0040,=0.0066,=0.0082,=0.0110,=0.0143,=0.0190,=0.0648,=0.0154,=391
="399610",TMT50,2010-11-08,=0.0300,=11901.1900,=0.2420,=42.1979,=0.6430,=21.0331,=30.1605,=38.0629,=46.3605,=64.7172,=6.4903,=0.9670,=2.4071,=3.2240,=4.0368,=5.2121,=8.4969,=3.4269,=0.7045,=1.5843,=2.0120,=2.7294,=3.6841,=4.6782,=0.0073,=0.3875,=0.0046,=0.0061,=0.0080,=0.0121,=0.0161,=0.0296,=0.1080,=0.0206,=525
="000915",300信息,2007-07-02,=0.0360,=4018.8535,=0.2363,=51.0047,=0.8561,=20.6178,=34.5626,=39.8266,=48.3183,=75.5831,=6.7774,=0.9670,=2.7398,=3.5399,=4.3489,=5.5852,=9.0762,=3.3090,=0.5214,=1.6744,=2.1697,=3.2074,=4.0594,=4.9963,=0.0060,=0.1707,=0.0049,=0.0061,=0.0076,=0.0100,=0.0144,=0.0247,=0.0971,=0.0166,=22
="931579",东证优势成长,2020-11-09,=0.0324,=9427.9025,=0.2353,=27.1075,=0.7109,=7.9327,=14.3163,=19.2888,=30.4916,=61.0103,=5.7680,=0.7663,=0.9149,=2.6183,=3.4558,=5.9301,=9.3390,=4.1536,=0.8849,=1.1828,=2.0627,=2.4109,=3.6802,=6.0793,=0.0124,=0.3970,=0.0040,=0.0072,=0.0150,=0.0285,=0.0527,=0.0548,=0.1983,=0.0468,=155
="931165",新兴科技100,2019-04-25,=0.0257,=10495.2587,=0.2333,=42.4022,=0.8512,=17.0055,=23.4438,=29.7657,=40.2739,=67.3989,=9.7092,=0.9596,=3.5721,=4.3435,=5.5119,=7.6604,=13.6689,=8.7774,=0.9534,=3.0368,=3.6594,=4.8678,=6.4691,=12.4159,=0.0066,=0.1864,=0.0047,=0.0067,=0.0091,=0.0149,=0.0264,=0.0515,=0.1919,=0.0378,=520
="000994",全指电信,2011-08-02,=0.0307,=13710.3430,=0.2309,=29.3404,=0.4052,=17.6024,=21.7761,=33.6776,=52.5075,=109.2407,=2.7977,=0.6591,=1.3865,=1.8410,=2.5292,=3.0259,=3.7766,=2.6606,=0.9732,=0.9155,=1.2459,=1.5497,=1.9028,=3.1271,=0.0206,=0.6142,=0.0022,=0.0055,=0.0084,=0.0296,=0.0398,=0.0216,=0.0895,=0.0218,=233
="930850",智能制造,2016-07-20,=0.0336,=5877.4457,=0.2278,=53.0382,=0.8673,=23.4329,=32.7239,=41.8087,=50.3977,=78.5602,=5.8907,=0.9559,=2.5370,=3.5225,=4.1723,=5.0937,=7.7199,=3.4745,=0.7697,=1.5919,=2.3565,=2.7941,=3.5808,=5.3954,=0.0059,=0.1230,=0.0050,=0.0062,=0.0077,=0.0101,=0.0146,=0.0208,=0.0857,=0.0160,=366
="931248",油气资源,2023-06-12,=0.0096,=1120.1451,=0.2259,=14.1202,=0.8501,=8.9017,=10.2516,=11.3736,=13.2733,=19.0700,=1.3965,=0.8450,=1.0292,=1.1531,=1.2279,=1.3682,=1.8318,=0.7673,=0.8915,=0.4486,=0.5187,=0.5949,=0.6839,=0.9774,=0.0358,=0.1370,=0.0285,=0.0391,=0.0458,=0.0496,=0.0548,=0.0301,=0.0906,=0.0280,=55
="980080",成长100,2012-12-28,,,=0.2175,=48.5256,=0.3699,=39.4731,=45.3064,=50.0691,=63.2621,=82.4653,=6.6006,=0.7283,=3.0437,=3.6680,=5.7500,=6.9075,=9.2690,=4.2314,=0.7260,=2.0191,=2.4194,=3.1096,=4.5036,=5.8594,=0.0045,=0.1598,=0.0030,=0.0049,=0.0056,=0.0069,=0.0087,=0.0481,=0.1452,=0.0254,=269
="000171",新兴成指,2017-01-25,=0.0272,=2238.9426,=0.2135,=32.2204,=0.7131,=15.0335,=20.3872,=24.9473,=36.1698,=63.8139,=5.0168,=0.6229,=2.6324,=3.2938,=4.3694,=6.2811,=10.8185,=4.3485,=0.7878,=1.3680,=2.1233,=2.8004,=4.4559,=8.5894,=0.0124,=0.4845,=0.0042,=0.0073,=0.0126,=0.0195,=0.0271,=0.0336,=0.1371,=0.0326,=208
="000680",科创综指,2025-01-20,=0.0360,=1973.9800,=0.2061,=145.9000,=0.1649,=115.7401,=173.8687,=209.1461,=231.4430,=278.5830,=6.3757,=0.8247,=3.4337,=3.9811,=5.2708,=6.1200,=8.0513,=8.3575,=0.8247,=4.7291,=5.5130,=7.2190,=8.1666,=10.6066,=0.0028,=0.1340,=0.0023,=0.0030,=0.0037,=0.0050,=0.0065,=0.0091,=0.0262,=0.0033,=239
="399285",物联网50,2020-02-18,=0.0231,=7578.9400,=0.1998,=37.4513,=0.7362,=21.8675,=26.4648,=31.8743,=38.8495,=48.9860,=5.5394,=0.8565,=2.6765,=3.4175,=4.0559,=5.3486,=6.9158,=3.5081,=0.9296,=1.7407,=2.0247,=2.4700,=3.1465,=4.3982,=0.0121,=0.4910,=0.0076,=0.0096,=0.0121,=0.0147,=0.0214,=0.0353,=0.1364,=0.0304,=94
="931250",港股通创新药,2012-07-20,=0.0096,=1206.5823,=0.1995,=36.2702,=0.4772,=21.4435,=32.6128,=36.6358,=44.0907,=63.0533,=3.8623,=0.8119,=1.5232,=1.8448,=2.3652,=3.8358,=4.5255,=6.3011,=0.7344,=1.4727,=1.7765,=2.3646,=6.5262,=7.7209,=0.0076,=0.2254,=0.0059,=0.0076,=0.0134,=0.0162,=0.0196,,=0.1071,,=137
="931159",创新100,2019-05-16,=0.0203,=4063.7088,=0.1949,=37.3259,=0.5449,=24.8309,=32.3553,=36.3699,=46.3180,=59.7307,=5.3936,=0.7456,=2.9189,=3.7026,=4.3987,=5.5674,=7.4325,=4.5065,=0.7349,=2.3351,=3.1747,=3.8165,=4.8703,=6.6085,=0.0099,=0.6207,=0.0044,=0.0062,=0.0089,=0.0126,=0.0177,=0.0278,=0.1244,=0.0278,=234
="000928",中证能源,2009-07-03,=0.0146,=3519.6400,=0.1944,=14.8080,=0.6327,=6.9612,=9.7906,=13.1486,=19.1237,=68.9647,=1.4750,=0.9534,=0.7281,=0.9359,=1.1559,=1.3043,=1.8006,=0.8940,=0.9724,=0.3162,=0.4106,=0.5298,=0.7127,=1.0383,=0.0365,=0.1983,=0.0106,=0.0366,=0.0464,=0.0557,=0.0717,=0.0289,=0.0960,=0.0282,=1295
="HSSSHID",恒生沪深港创新药精选50指数,2020-03-01,=0.0028,=8949.6300,=0.1937,=32.2955,=0.3323,=23.4861,=29.5625,=35.4778,=51.4890,=94.0285,=4.2585,=0.6452,=2.0729,=2.8208,=3.7580,=6.3215,=8.4497,=6.1259,=0.8326,=1.3432,=1.9024,=3.7153,=6.0043,=8.1459,=0.0080,=0.3907,=0.0033,=0.0050,=0.0087,=0.0120,=0.0157,,=0.1198,,=295
="000986",全指能源,2011-08-02,=0.0156,=2786.2400,=0.1936,=15.3357,=0.6418,=6.8032,=9.9968,=13.3515,=18.9618,=75.0146,=1.4776,=0.9559,=0.7554,=0.9688,=1.1786,=1.3206,=1.7977,=0.9093,=0.9740,=0.3323,=0.4459,=0.5658,=0.7318,=1.0524,=0.0354,=0.2197,=0.0098,=0.0347,=0.0439,=0.0544,=0.0769,=0.0281,=0.0918,=0.0274,=610
="931643",科创创业50,2021-06-01,=0.0236,=2375.7256,=0.1910,=53.9606,=0.6847,=22.6109,=28.7890,=40.3807,=59.8991,=92.9106,=7.4697,=0.7956,=3.3216,=4.2124,=5.2193,=7.5385,=12.1685,=6.8971,=0.7539,=2.7030,=3.4214,=4.6626,=7.4418,=14.6821,=0.0064,=0.4143,=0.0024,=0.0040,=0.0074,=0.0115,=0.0174,=0.0368,=0.1190,=0.0246,=2039
="H30198",油气产业,2013-07-15,=0.0137,=2508.0869,=0.1907,=14.4496,=0.5047,=7.8064,=10.8922,=14.2251,=25.3696,=104.2111,=1.5073,=0.9731,=0.6580,=0.8183,=1.1521,=1.2684,=1.8532,=0.8024,=0.9749,=0.2505,=0.3229,=0.4840,=0.5959,=0.9554,=0.0331,=0.1824,=0.0103,=0.0346,=0.0426,=0.0469,=0.0704,=0.0307,=0.0868,=0.0269,=122
="931787",港股创新药,2018-08-14,=0.0101,=1496.4827,=0.1894,=36.2702,=0.3851,=20.8973,=29.6155,=43.1816,=79.0199,=400.8209,=3.8623,=0.7291,=1.5132,=2.3087,=2.9845,=4.1189,=5.7621,=6.3011,=0.9051,=0.8553,=1.3293,=2.0969,=3.3871,=7.7308,=0.0076,=0.3089,=0.0045,=0.0069,=0.0102,=0.0136,=0.0202,,=0.1071,,=802
="931071",人工智能,2018-11-21,=0.0405,=2691.0771,=0.1879,=52.4144,=0.6249,=30.9003,=39.8478,=48.8293,=57.4406,=77.4016,=8.4503,=0.9137,=2.9559,=3.9097,=4.7624,=5.9668,=11.5305,=5.1226,=0.9030,=2.2000,=2.8087,=3.2252,=4.1358,=9.3591,=0.0061,=0.4443,=0.0041,=0.0054,=0.0063,=0.0086,=0.0135,=0.0409,=0.1450,=0.0239,=1375
="HSHK35",恒生香港35,2003-01-20,=-0.0019,=3386.1800,=0.1863,=15.0194,=0.5678,=9.7413,=12.2188,=14.4575,=17.6563,=47.6465,=1.3416,=0.9931,=0.7649,=0.9601,=1.1018,=1.2375,=1.3663,=3.5170,=0.9407,=2.1814,=2.5966,=2.9090,=3.1976,=3.7366,=0.0360,=0.2758,=0.0206,=0.0332,=0.0389,=0.0462,=0.0628,,,,=115
="H30535",互联网,2015-01-12,=0.0384,=5736.7007,=0.1830,=44.4454,=0.7082,=14.4753,=21.1927,=36.4654,=48.9065,=67.6316,=6.8373,=0.9699,=1.7453,=2.4476,=3.2858,=4.1153,=9.0569,=3.9819,=0.9629,=1.1519,=1.6628,=2.0135,=2.8979,=5.2637,=0.0071,=0.1529,=0.0048,=0.0074,=0.0108,=0.0121,=0.0190,=0.0359,=0.1165,=0.0168,=29
="399667",创业成长,2013-01-07,=0.0233,=6533.8000,=0.1822,=33.5732,=0.3042,=21.3636,=29.5830,=38.3755,=51.7989,=90.9628,=6.5821,=0.7440,=2.9224,=4.0916,=4.8759,=7.5404,=10.8589,=5.1290,=0.6047,=2.4713,=3.4035,=4.6758,=6.6782,=10.3001,=0.0093,=0.7791,=0.0027,=0.0042,=0.0064,=0.0096,=0.0182,=0.0481,=0.1635,=0.0355,=103
="932038",央企科技引领,2022-11-16,=0.0345,=1768.9402,=0.1819,=73.8483,=0.7568,=31.0707,=37.9485,=45.3392,=77.6835,=100.6860,=5.2129,=0.8408,=2.7684,=3.4958,=3.9958,=4.9997,=6.8336,=5.7524,=0.8506,=2.3932,=3.1688,=3.9527,=5.4906,=7.0751,=0.0058,=0.1559,=0.0042,=0.0061,=0.0084,=0.0108,=0.0151,=0.0105,=0.0636,=0.0096,=43
="950333",智选创新价值,2024-09-25,=0.0161,=2678.4815,=0.1786,=506.1836,=0.3828,=62.6254,=109.5606,=-9969.1518,=-359.5866,=5158.8110,=4.1700,=0.9161,=1.6564,=2.1684,=2.6057,=3.0918,=5.3226,=5.3026,=0.9183,=1.6015,=2.1364,=2.7405,=3.1157,=6.7566,=0.0026,=0.0968,=0.0019,=0.0053,=0.0068,=0.0103,=0.0136,=-0.0002,=-0.0164,=-0.0030,=19
="000699",科创200,2024-08-20,=0.0357,=1555.2700,=0.1785,=151.6822,=0.1207,=128.9087,=173.0860,=231.4947,=308.5434,=388.1174,=4.3762,=0.7055,=1.9770,=3.0375,=3.9710,=4.8619,=5.6874,=6.4470,=0.5808,=3.3605,=5.1394,=6.1784,=7.4517,=8.4376,=0.0046,=0.4070,=0.0033,=0.0040,=0.0049,=0.0067,=0.0100,=0.0066,=0.0165,=0.0029,=153
="399326",成长40,2006-01-24,=0.0279,=7493.2500,=0.1769,=27.5645,=0.4913,=11.4413,=22.5069,=27.6962,=33.2868,=67.8360,=5.8963,=0.7189,=2.3502,=3.7081,=4.7250,=6.5226,=10.3842,=3.5174,=0.6406,=1.6605,=2.3239,=3.0559,=3.9346,=5.1844,=0.0107,=0.6513,=0.0046,=0.0073,=0.0096,=0.0135,=0.0218,=0.0646,=0.2161,=0.0378,=275
="930792",HK银行,2016-04-22,=-0.0031,=5163.3684,=0.1715,=7.1794,=0.8859,=3.2659,=4.4645,=5.8967,=6.8481,=9.5632,=0.6920,=0.6598,=0.3905,=0.4964,=0.6240,=0.8010,=1.0771,=2.6950,=0.9720,=1.0519,=1.5167,=1.8842,=2.4444,=3.1066,=0.0444,=0.0616,=0.0355,=0.0498,=0.0562,=0.0743,=0.1045,,=0.0901,,=762
="932456",科创创业AI,2025-05-14,=0.0444,=3406.1531,=0.1707,=74.9031,=0.0063,=72.7186,=108.3936,=116.2463,=130.1458,=192.3777,=11.9007,=0.7233,=6.1464,=8.2263,=10.5838,=13.0121,=17.0303,=12.1542,=0.2107,=9.0747,=11.7383,=14.5383,=15.8017,=18.3647,=0.0024,=0.8082,=0.0016,=0.0018,=0.0019,=0.0024,=0.0030,=0.0437,=0.0985,,=81
="931785",智选沪深港科技50,2025-06-27,=0.0272,=2782.9301,=0.1667,=42.9825,=0.8339,=31.7791,=35.3798,=37.5125,=41.7128,=55.2390,=5.1154,=0.6610,=3.8679,=4.4193,=4.8558,=5.4448,=6.1942,=3.4085,=0.7085,=2.2695,=2.6323,=3.0373,=3.5042,=4.0650,=0.0056,=0.1424,=0.0046,=0.0071,=0.0077,=0.0090,=0.0100,,,,=12
="931582",数字经济,2020-11-09,=0.0358,=1720.9124,=0.1656,=57.5500,=0.6555,=35.0365,=44.0321,=50.5409,=66.7978,=88.8203,=7.1646,=0.8643,=3.4564,=4.9334,=5.6976,=6.7110,=9.8458,=6.7465,=0.6953,=2.4970,=3.9768,=5.8929,=7.6589,=11.8341,=0.0045,=0.1399,=0.0032,=0.0047,=0.0057,=0.0066,=0.0087,=0.0236,=0.0954,=0.0158,=191
="931718",高端造质量成长50,2021-08-25,=0.0173,=3354.3247,=0.1607,=36.9522,=0.7954,=16.3078,=22.1431,=29.0250,=37.0015,=49.4696,=6.4918,=0.8564,=3.1255,=3.9467,=4.8783,=6.0676,=8.5001,=4.3722,=0.8696,=1.7207,=2.2538,=3.0250,=3.8466,=5.6653,=0.0096,=0.3952,=0.0046,=0.0067,=0.0109,=0.0150,=0.0205,=0.0328,=0.1450,=0.0326,=31
="CN5075",国证信创,2015-02-16,,,=0.1582,=79.2861,=0.5068,=39.3034,=50.0603,=78.5104,=124.3348,=152.0158,=7.7280,=0.8508,=3.0386,=3.5803,=5.2685,=7.4422,=10.9595,=6.2784,=0.9026,=2.8415,=3.7114,=4.4539,=5.6260,=8.6847,=0.0025,=0.0898,=0.0018,=0.0030,=0.0057,=0.0078,=0.0108,=0.0268,=0.0598,=0.0136,=32
="399374",中盘成长,2010-01-04,=0.0270,=5293.9500,=0.1580,=28.5473,=0.8908,=12.0664,=16.7038,=22.9706,=27.5771,=34.9289,=4.0451,=0.9460,=1.8942,=2.4100,=3.1270,=3.6321,=4.6865,=2.6268,=0.8739,=0.9013,=1.6610,=2.2047,=2.4836,=3.0491,=0.0121,=0.3681,=0.0084,=0.0109,=0.0145,=0.0210,=0.0349,=0.0366,=0.1248,=0.0238,=204
=".NDX",纳斯达克100指数,1969-12-31,,,=0.1574,,,,,,,,,,,,,,,,,,,,,,,,,,,,,,,=0.0751,=4714
="000958",创业成长,2010-03-24,,,=0.1512,=41.4572,=0.9625,=11.9506,=17.5032,=24.3300,=30.6865,=61.3903,=10.5060,=0.9806,=2.6815,=3.7899,=5.1687,=6.4002,=14.5711,=5.7527,=0.9683,=1.2937,=1.9105,=2.5447,=3.9741,=7.7463,=0.0058,=0.1088,=0.0040,=0.0066,=0.0089,=0.0140,=0.0209,=0.0493,=0.2198,=0.0640,=674
="HSSCHKC",恒生港股通香港公司指数,2017-11-20,=-0.0019,=3568.5900,=0.1483,=14.1610,=0.4697,=9.9660,=12.2538,=14.3841,=17.9544,=45.2058,=1.3699,=0.9875,=0.8018,=0.9566,=1.1012,=1.2526,=1.4044,=3.4176,=0.9893,=1.7566,=2.0798,=2.3965,=2.7906,=3.5613,=0.0354,=0.2622,=0.0202,=0.0341,=0.0389,=0.0465,=0.0626,,,,=14
="HSBIO",恒生生物科技指数,2019-12-01,=0.0081,=16268.7300,=0.1474,=33.3963,=0.3225,=20.8275,=30.6876,=53.7830,=136.9968,=62737.8398,=3.3527,=0.6257,=1.5084,=2.1655,=2.9339,=4.3496,=6.7821,=1.8857,=0.6986,=0.7434,=1.0999,=1.5421,=2.1290,=3.5303,=0.0100,=0.5383,=0.0037,=0.0061,=0.0096,=0.0133,=0.0198,,=0.1070,,=689
="1000008",沪深B股,1994-01-10,=0.0059,=290.5100,=0.1446,=30.0854,=0.7931,=7.0835,=12.9417,=17.5155,=30.7740,=97.5837,=0.8286,=0.4534,=0.6594,=0.7810,=0.8414,=1.0148,=1.4976,=0.5476,=0.6744,=0.3777,=0.4474,=0.5017,=0.5824,=1.1545,=0.0384,=0.5948,=0.0157,=0.0281,=0.0359,=0.0437,=0.1455,,,=0.0134,=371
="399803",工业4.0,2015-02-13,=0.0253,=6142.7600,=0.1419,=39.4772,=0.5903,=19.7294,=27.9595,=36.1733,=46.8411,=61.8732,=4.9258,=0.6459,=2.6645,=3.4308,=4.3469,=5.6549,=8.0266,=2.2724,=0.3904,=1.5023,=2.0108,=2.5133,=3.2175,=4.4565,=0.0085,=0.4794,=0.0032,=0.0062,=0.0088,=0.0123,=0.0202,=0.0258,=0.1072,=0.0218,=489
="930713",CS人工智,2015-07-31,=0.0360,=6021.7185,=0.1401,=50.4881,=0.3817,=24.8131,=43.8200,=53.2467,=62.3751,=90.1869,=7.7814,=0.9617,=2.8384,=3.9100,=4.7030,=5.4132,=10.4087,=4.6817,=0.8854,=2.3148,=3.1674,=3.7880,=4.3102,=6.3979,=0.0063,=0.5610,=0.0041,=0.0051,=0.0061,=0.0078,=0.0120,=0.0330,=0.1245,=0.0172,=1083
="931994",电网设备主题,2022-10-11,=0.0092,=2874.5108,=0.1393,=31.8154,=0.8484,=15.6741,=20.2283,=23.0963,=29.4474,=44.9431,=3.0697,=0.8505,=1.9713,=2.2963,=2.4694,=2.8528,=4.2080,=2.0689,=0.8558,=1.2895,=1.4799,=1.6167,=1.8550,=2.7882,=0.0120,=0.2937,=0.0088,=0.0111,=0.0134,=0.0164,=0.0189,=0.0214,=0.0975,=0.0200,=310
="930599",中证高装,2015-03-02,=0.0229,=9596.7488,=0.1386,=42.7006,=0.7490,=19.5438,=27.7467,=34.6674,=45.1864,=65.7817,=4.4430,=0.9646,=1.8509,=2.5592,=3.1127,=3.7582,=5.5770,=2.4888,=0.8413,=1.2322,=1.6106,=1.9495,=2.4247,=3.1551,=0.0085,=0.4209,=0.0049,=0.0067,=0.0092,=0.0120,=0.0171,=0.0227,=0.0865,=0.0192,=122
="932069",港股通医疗主题,2022-07-21,=-0.0044,=1128.2524,=0.1369,=39.0068,=0.8346,=20.9778,=26.3980,=30.8737,=37.4118,=51.0900,=2.6326,=0.8316,=1.4397,=1.6279,=2.0440,=2.6059,=3.0086,=1.4723,=0.8872,=0.6760,=0.7776,=0.9973,=1.4236,=1.6308,=0.0112,=0.3624,=0.0073,=0.0087,=0.0127,=0.0158,=0.0250,,=0.0571,,=24
="931409",SHS创新药,2020-02-20,=0.0058,=2398.3070,=0.1367,=42.0639,=0.5961,=24.9819,=34.7081,=39.7942,=58.7417,=94.9889,=4.6432,=0.6234,=2.3431,=3.2934,=4.1548,=6.2952,=8.9149,=6.7720,=0.8405,=2.2896,=3.2172,=4.0905,=6.6010,=8.2645,=0.0085,=0.5161,=0.0036,=0.0052,=0.0084,=0.0113,=0.0166,,=0.0994,,=324
="399970",移动互联,2014-05-05,=0.0254,=5055.0200,=0.1331,=44.6692,=0.6983,=21.2604,=32.0602,=40.2098,=49.3013,=64.0807,=5.0440,=0.7077,=2.3944,=3.2977,=4.0681,=5.7108,=7.9573,=2.7490,=0.6253,=1.5790,=2.0679,=2.5539,=3.2483,=4.6665,=0.0073,=0.3669,=0.0043,=0.0058,=0.0082,=0.0107,=0.0143,=0.0246,=0.0808,=0.0175,=474
="000151",上国红利,2012-07-20,=0.0059,=1727.8300,=0.1310,=8.9547,=0.9852,=4.5075,=5.3657,=6.9913,=7.9368,=10.0345,=0.7912,=0.6035,=0.5268,=0.6189,=0.7506,=0.9628,=1.3272,=1.0956,=0.5330,=0.6026,=0.8953,=1.0751,=1.3015,=1.6854,=0.0413,=0.0404,=0.0346,=0.0444,=0.0513,=0.0650,=0.0754,=0.0218,=0.0803,=0.0258,=238
="930967",港股通信息C,2017-06-23,=0.0164,=5217.9103,=0.1294,=61.3810,=0.9713,=9.7009,=25.9160,=35.1329,=45.6475,=82.6684,=3.9659,=0.5240,=1.0827,=1.5123,=3.7972,=5.9158,=9.2789,=1.7056,=0.4963,=0.3926,=0.6357,=1.7476,=4.3815,=6.3504,=0.0041,=0.0847,=0.0029,=0.0047,=0.0058,=0.0110,=0.0212,,=0.0915,,=17
="930758",凤凰50,2018-11-21,=0.0102,=8988.7228,=0.1284,=14.4614,=0.5924,=8.6050,=10.8313,=13.6108,=15.7284,=22.7753,=1.9643,=0.7298,=1.0496,=1.4452,=1.6753,=2.0731,=3.0708,=2.2727,=0.9225,=0.3622,=0.7538,=1.3272,=1.9134,=3.4064,=0.0317,=0.8546,=0.0097,=0.0229,=0.0282,=0.0307,=0.0478,=0.0281,=0.1135,=0.0262,=71
="930820",CS高端制,2016-05-11,=0.0233,=9548.4562,=0.1278,=44.4411,=0.8162,=21.5994,=28.9923,=36.5764,=43.8020,=58.8118,=4.2504,=0.8920,=2.0597,=2.7148,=3.1888,=3.9187,=5.2414,=2.7074,=0.9011,=1.1980,=1.7166,=2.0514,=2.4986,=3.3599,=0.0084,=0.2477,=0.0055,=0.0081,=0.0098,=0.0124,=0.0171,=0.0220,=0.0816,=0.0186,=319
="000066",上证商品,2010-04-30,=0.0196,=3972.7200,=0.1263,=15.4660,=0.5482,=7.9120,=11.1675,=15.0118,=22.6253,=53.3084,=1.8287,=0.9674,=0.9403,=1.2112,=1.3414,=1.5083,=2.2405,=1.0289,=0.9683,=0.4082,=0.5256,=0.6501,=0.7826,=1.2223,=0.0309,=0.2960,=0.0093,=0.0292,=0.0356,=0.0466,=0.0603,=0.0347,=0.1091,=0.0303,=88
="987016",港股通红利低波,2021-11-18,,,=0.1258,=7.6915,=0.9690,=3.4544,=4.3180,=5.0351,=6.9190,=8.0054,=0.7399,=0.9888,=0.4152,=0.4893,=0.5421,=0.6697,=0.7549,=1.1406,=0.8461,=0.5827,=0.6615,=0.8048,=1.1159,=1.3012,=0.0520,=0.0482,=0.0488,=0.0587,=0.0809,=0.0923,=0.1160,,=0.0893,,=177
="399991",一带一路,2015-02-16,=0.0106,=3335.6900,=0.1254,=17.6494,=0.7045,=9.4567,=11.6727,=14.1026,=19.2384,=34.5905,=1.6389,=0.9662,=1.0035,=1.1547,=1.2475,=1.4551,=1.7874,=0.7011,=0.9411,=0.3598,=0.4252,=0.4777,=0.6205,=0.7793,=0.0229,=0.2729,=0.0109,=0.0218,=0.0280,=0.0340,=0.0441,=0.0240,=0.0795,=0.0217,=585
="930965",HKC医药C,2017-06-23,=0.0058,=3650.0391,=0.1245,=38.9221,=0.5466,=18.1989,=25.7922,=33.5524,=71.8871,=6384.2329,=2.7495,=0.5229,=1.4216,=1.9503,=2.6944,=3.6847,=6.9841,=1.6059,=0.7561,=0.7160,=1.0334,=1.3349,=1.7174,=3.7092,=0.0102,=0.4016,=0.0038,=0.0079,=0.0109,=0.0142,=0.0248,,=0.0645,,=162
="399364",消费100,2009-08-03,=0.0279,=12111.5100,=0.1220,=37.2862,=0.8513,=15.8540,=22.7238,=26.8989,=35.1044,=49.3766,=5.1125,=0.8179,=2.6561,=3.2996,=3.7794,=4.8792,=7.3266,=2.5335,=0.7989,=1.3127,=1.6790,=1.9226,=2.5443,=4.2956,=0.0119,=0.2295,=0.0070,=0.0116,=0.0159,=0.0191,=0.0241,=0.0306,=0.1191,=0.0345,=318
=".INX",标普500,1957-03-04,=-0.0002,=7675.7000,=0.1213,=26.4312,=0.6428,=15.6907,=21.8435,=24.3143,=28.6972,=42.9883,=5.5806,=0.9725,=2.4601,=3.2581,=4.0032,=4.8455,=5.7725,=3.5991,=0.9781,=1.5801,=2.1088,=2.4151,=3.0627,=3.6930,=0.0102,=0.0331,=0.0097,=0.0121,=0.0159,=0.0192,=0.0253,,,=0.0468,=9598
="930719",CS精准医,2015-08-05,=0.0093,=2979.8329,=0.1209,=36.4141,=0.1460,=29.3195,=37.8584,=51.8353,=66.7843,=102.1078,=4.8502,=0.3033,=3.4982,=4.5550,=5.9768,=8.9321,=14.5104,=7.1779,=0.4618,=5.1956,=6.1923,=7.4122,=10.5820,=18.8625,=0.0072,=0.5561,=0.0022,=0.0041,=0.0068,=0.0105,=0.0164,=0.0301,=0.1091,=0.0230,=346
="930712",CS物联网,2015-07-31,=0.0251,=4671.1610,=0.1200,=32.3298,=0.4967,=21.9217,=27.4652,=32.4060,=37.1784,=50.1215,=4.8463,=0.7828,=2.7515,=3.4472,=4.0809,=4.9792,=7.1882,=2.5179,=0.7955,=1.2084,=1.7388,=2.0108,=2.5506,=3.5102,=0.0135,=0.7593,=0.0070,=0.0089,=0.0113,=0.0139,=0.0190,=0.0346,=0.1340,=0.0303,=168
="930939",500质量,2018-11-21,=0.0207,=23770.6811,=0.1198,=19.1318,=0.7792,=10.4098,=14.0212,=16.1697,=19.4646,=27.8330,=2.2692,=0.5732,=1.6614,=2.0722,=2.2361,=2.4790,=3.9191,=2.0498,=0.9140,=0.9583,=1.2000,=1.4629,=1.8398,=2.9319,=0.0170,=0.2670,=0.0117,=0.0164,=0.0196,=0.0252,=0.0319,=0.0308,=0.1144,=0.0291,=469
="000908",300能源,2007-07-02,=0.0107,=2644.5167,=0.1187,=14.2278,=0.5911,=6.9395,=9.4585,=13.0392,=19.4104,=62.7889,=1.4935,=0.9596,=0.7125,=0.8868,=1.1381,=1.2912,=1.8071,=0.8952,=0.9757,=0.3053,=0.3856,=0.5115,=0.6971,=1.0302,=0.0384,=0.2123,=0.0113,=0.0382,=0.0493,=0.0598,=0.0754,=0.0302,=0.1004,=0.0297,=272
="399439",国证油气,2014-12-30,=0.0074,=2152.1600,=0.1176,=14.0401,=0.4934,=7.2448,=10.6844,=14.1526,=28.5901,=98.7831,=1.4034,=0.9411,=0.6716,=0.7849,=1.1560,=1.2712,=1.8382,=0.7649,=0.9646,=0.2370,=0.3183,=0.5043,=0.6032,=0.9735,=0.0361,=0.2275,=0.0101,=0.0350,=0.0425,=0.0469,=0.0731,=0.0300,=0.0921,=0.0283,=108
="931235",中证电信,2022-07-21,=0.0170,=3024.1064,=0.1152,=30.3110,=0.9226,=15.5242,=18.8195,=21.6179,=26.7140,=36.3009,=2.8706,=0.9327,=0.8741,=1.6424,=1.9463,=2.3772,=3.4857,=2.7010,=0.9387,=0.6427,=1.4127,=1.7299,=2.1969,=3.2153,=0.0199,=0.1276,=0.0135,=0.0242,=0.0301,=0.0336,=0.0573,=0.0216,=0.0917,=0.0212,=63
="HSSCHKY",恒生港股通高股息率指数,2019-11-01,=-0.0068,=2751.2900,=0.1104,=7.7240,=0.9060,=3.8979,=4.9536,=5.9596,=7.2871,=8.4533,=0.7110,=0.8619,=0.4277,=0.5184,=0.5816,=0.6878,=0.8197,=1.2295,=0.8988,=0.5333,=0.6995,=0.8878,=1.1334,=1.3442,=0.0500,=0.0179,=0.0482,=0.0561,=0.0666,=0.0838,=0.1067,,=0.0894,,=507
="000962",中证中游,2010-04-16,,,=0.1101,=33.0525,=0.8813,=12.7529,=17.3536,=20.1661,=27.2940,=43.3218,=3.3390,=0.9736,=1.5782,=1.9009,=2.2516,=2.6141,=4.0998,=1.6366,=0.9720,=0.6672,=0.8352,=0.9910,=1.1434,=2.0187,=0.0110,=0.2143,=0.0081,=0.0108,=0.0151,=0.0183,=0.0221,=0.0222,=0.0826,=0.0192,=17
="000015",红利指数,2005-01-04,=0.0046,=3366.8700,=0.1084,=8.9179,=0.9720,=4.6646,=5.5108,=7.0876,=8.1116,=10.4439,=0.8597,=0.6434,=0.5525,=0.6398,=0.7654,=1.0137,=1.3875,=1.4996,=0.9608,=0.7277,=0.8913,=1.1480,=1.3539,=1.6890,=0.0396,=0.0853,=0.0330,=0.0427,=0.0514,=0.0644,=0.0757,=0.0233,=0.0885,=0.0212,=14282
="931186",中证科技,2019-05-30,=0.0166,=7413.1605,=0.1075,=34.2252,=0.3837,=19.1938,=30.4485,=36.2849,=46.3979,=73.9401,=4.6464,=0.5372,=2.6301,=3.6266,=4.5804,=6.3331,=8.1242,=2.8154,=0.5077,=1.4264,=2.0965,=2.7964,=4.5181,=6.0737,=0.0113,=0.7283,=0.0037,=0.0054,=0.0085,=0.0128,=0.0201,=0.0291,=0.1226,=0.0174,=962
="H11140",香港红利,2009-07-23,=-0.0031,=4044.3226,=0.1063,=7.6001,=0.7853,=3.0693,=4.4554,=5.9842,=7.7040,=13.9623,=0.7190,=0.6333,=0.3833,=0.5103,=0.6296,=0.8659,=1.1652,=1.2054,=0.7075,=0.5431,=0.7464,=0.9724,=1.3224,=2.1349,=0.0512,=0.1199,=0.0382,=0.0555,=0.0632,=0.0876,=0.1281,,=0.0912,,=53
="931025",港股通地产,2017-11-06,,,=0.1037,=-86.5790,=0.6560,=1.3998,=5.5096,=8.3727,=-3.1812,=7833.8201,=0.4938,=0.5028,=0.0757,=0.2147,=0.4912,=0.8746,=1.4256,=0.9075,=0.8440,=0.0508,=0.1445,=0.5490,=0.8797,=1.5776,=0.0370,=0.3561,=0,=0.0290,=0.0424,=0.0688,=0.2175,,=-0.0074,,=13
="399291",创精选88,2019-11-06,=0.0234,=5031.0900,=0.1012,=49.5461,=0.3651,=32.8940,=42.3163,=54.1230,=64.9653,=106.4385,=3.2779,=0.4070,=1.8895,=2.8624,=3.4025,=3.9126,=4.9331,=3.5272,=0.6792,=1.9655,=2.6319,=3.1263,=4.2776,=5.5728,=0.0096,=0.8048,=0.0042,=0.0052,=0.0072,=0.0094,=0.0134,=0.0173,=0.0556,=0.0131,=40
="H30597",新材料,2015-02-13,=0.0211,=4565.1307,=0.1005,=33.0451,=0.4913,=14.0729,=21.7626,=33.2697,=43.7483,=70.6085,=3.7278,=0.5289,=2.1817,=2.8826,=3.6700,=5.2685,=8.9168,=2.4896,=0.3792,=1.2938,=2.0086,=2.7325,=3.7927,=7.1680,=0.0134,=0.7123,=0.0037,=0.0059,=0.0108,=0.0146,=0.0237,=0.0294,=0.0908,=0.0200,=322
="000805",A股资源,2012-01-06,=0.0202,=7777.1235,=0.0969,=16.0471,=0.5464,=7.9265,=11.4609,=15.5805,=23.3912,=73.5792,=1.9526,=0.9683,=0.9200,=1.1959,=1.3701,=1.5302,=2.3735,=1.0815,=0.9683,=0.3865,=0.5298,=0.6350,=0.7868,=1.2754,=0.0290,=0.2575,=0.0090,=0.0281,=0.0342,=0.0454,=0.0580,=0.0371,=0.1115,=0.0305,=13
="000068",上证资源,2010-05-28,=0.0184,=4393.9700,=0.0912,=15.6630,=0.5379,=7.8012,=11.1450,=15.1050,=22.4990,=73.1997,=1.8499,=0.9711,=0.8674,=1.1479,=1.3178,=1.4933,=2.2515,=1.0230,=0.9674,=0.3742,=0.5012,=0.6093,=0.7771,=1.2220,=0.0305,=0.2164,=0.0094,=0.0299,=0.0360,=0.0471,=0.0635,=0.0351,=0.1097,=0.0307,=313
="399276",创科技,2020-10-26,=0.0151,=8833.1500,=0.0899,=33.7465,=0.3984,=20.4624,=26.5240,=37.8169,=56.5707,=84.1667,=6.4447,=0.6486,=3.5855,=4.4455,=5.8643,=8.4206,=12.0896,=4.9774,=0.5249,=2.4145,=3.3762,=4.8585,=8.3957,=12.2359,=0.0113,=0.6334,=0.0023,=0.0035,=0.0089,=0.0161,=0.0221,=0.0430,=0.1724,=0.0380,=12
="H30106",H300金融服务,2013-05-21,=-0.0033,=1649.1892,=0.0892,=7.1172,=0.5557,=4.0175,=5.3642,=7.0022,=7.7688,=11.1922,=0.7746,=0.5825,=0.4470,=0.5777,=0.7402,=0.9075,=1.2489,=2.0276,=0.8893,=0.8557,=1.1816,=1.4771,=1.9198,=2.3593,=0.0434,=0.2051,=0.0288,=0.0433,=0.0472,=0.0664,=0.0918,,=0.1014,,=24
="930914",港股通高股息,2016-11-25,=0.0013,=5356.4498,=0.0887,=8.2389,=0.8606,=3.4280,=4.4367,=5.9795,=7.8722,=11.1979,=0.7854,=0.7420,=0.3979,=0.5040,=0.6288,=0.8507,=1.1764,=1.2847,=0.8248,=0.5144,=0.7096,=0.9265,=1.2610,=2.2126,=0.0489,=0.0591,=0.0387,=0.0547,=0.0656,=0.0863,=0.1194,,=0.0918,,=769
="HSCSOE",恒生中国央企指数,2023-01-01,=0.0002,=3913.1800,=0.0885,=8.1289,=0.8896,=4.9972,=5.5808,=6.2618,=7.8029,=8.5526,=0.7836,=0.8907,=0.5264,=0.5944,=0.6390,=0.7638,=0.8375,=0.9692,=0.9019,=0.5404,=0.5970,=0.6802,=0.9160,=1.0234,=0.0463,=0.0268,=0.0450,=0.0515,=0.0679,=0.0772,=0.0871,,=0.0956,,=119
="931238",SSH黄金股票,2017-10-17,=0.0103,=3537.9981,=0.0874,=16.5537,=0.0761,=13.5435,=18.3096,=23.2428,=35.6098,=92.1543,=3.7493,=0.9431,=1.4294,=1.8192,=2.0222,=2.3817,=6.0579,=1.2050,=0.9484,=0.3659,=0.4666,=0.5542,=0.6747,=1.9529,=0.0203,=0.7590,=0.0052,=0.0086,=0.0127,=0.0209,=0.0325,,=0.1869,,=366
="931187",科技100,2019-05-30,=0.0192,=5016.5644,=0.0872,=29.9466,=0.6907,=18.1467,=22.2206,=26.2918,=34.9859,=49.5031,=3.8727,=0.6936,=2.3703,=2.7969,=3.3656,=4.2477,=5.4633,=2.6376,=0.7618,=1.2579,=1.6402,=2.0788,=2.7173,=4.1304,=0.0124,=0.5748,=0.0052,=0.0083,=0.0119,=0.0140,=0.0184,=0.0201,=0.0911,=0.0217,=859
="932596",港股通红利低波,2016-02-04,,,=0.0867,=8.0493,=0.5348,=7.1792,=7.7917,=8.0176,=8.2575,=8.5745,=0.7468,=0.6522,=0.6528,=0.6961,=0.7300,=0.7559,=0.7956,=1.3885,=0.9348,=1.2161,=1.2848,=1.3327,=1.3653,=1.4305,=0.0480,=0.0652,=0.0473,=0.0491,=0.0524,=0.0547,=0.0579,,=0.0894,,=103
="931468",红利质量,2020-05-21,=0.0148,=34203.8449,=0.0855,=16.2055,=0.2083,=12.5562,=16.1212,=18.6261,=21.8312,=36.4689,=2.9155,=0.2359,=2.1523,=2.8529,=3.7282,=4.7003,=8.5636,=3.4330,=0.6432,=1.9811,=2.3506,=2.9836,=3.9445,=5.8829,=0.0311,=0.6892,=0.0102,=0.0191,=0.0290,=0.0333,=0.0407,=0.0381,=0.1637,=0.0476,=1203
="399006",创业板指,2010-06-01,=0.0171,=3473.3500,=0.0843,=40.2764,=0.4122,=22.8885,=32.3387,=41.9759,=55.2938,=79.6826,=5.9359,=0.7168,=3.0035,=4.0151,=4.8508,=6.5359,=9.5804,=4.2132,=0.3912,=2.3312,=3.4103,=4.5095,=6.1107,=8.4805,=0.0091,=0.7552,=0.0032,=0.0049,=0.0065,=0.0098,=0.0180,=0.0369,=0.1330,=0.0313,=16828
="950580",上证580,2025-06-16,=0.0286,=2122.6643,=0.0824,=57.1074,=0.1395,=50.4504,=59.9526,=67.5553,=71.3690,=79.6458,=2.3700,=0.5510,=1.8567,=2.2400,=2.3483,=2.6166,=2.8840,=1.7842,=0.2721,=1.5076,=1.7428,=1.8966,=1.9788,=2.1496,=0.0094,=0.4830,=0.0076,=0.0085,=0.0094,=0.0100,=0.0116,=0.0127,=0.0354,,=10
="931142",东证竞争,2019-03-20,=0.0118,=2011.9601,=0.0813,=18.5004,=0.8865,=9.8569,=11.9438,=14.0697,=16.2460,=27.8877,=2.9596,=0.8333,=1.5408,=1.7332,=2.0751,=2.6460,=4.6703,=2.8529,=0.8743,=0.9384,=1.2778,=1.7370,=2.3391,=3.1903,=0.0240,=0.3339,=0.0120,=0.0223,=0.0262,=0.0329,=0.0399,=0.0415,=0.1629,=0.0397,=219
="HSMCHYI",恒生中国内地企业高股息率指数,2019-09-01,=-0.0056,=3008.6900,=0.0812,=7.4916,=0.9309,=3.7550,=5.0567,=5.8615,=6.9013,=7.9027,=0.7577,=0.8693,=0.4590,=0.5796,=0.6430,=0.7412,=0.8175,=1.1373,=0.9210,=0.5101,=0.6891,=0.8027,=0.9308,=1.2126,=0.0491,=0.0221,=0.0478,=0.0534,=0.0619,=0.0791,=0.1052,,=0.0995,,=286
="932153",港股通价值策略,2025-04-30,=-0.0019,=1136.0839,=0.0801,=9.6615,=0.2171,=8.1696,=9.5880,=10.0676,=10.3658,=10.9237,=0.8311,=0.2813,=0.7012,=0.8177,=0.8738,=0.8998,=0.9365,=1.0009,=0.3333,=0.8168,=0.9643,=1.0235,=1.0622,=1.1126,=0.0427,=0.4832,=0.0397,=0.0413,=0.0428,=0.0446,=0.0538,,=0.0812,,=16
="HSHCI",恒生医疗保健指数,2015-08-17,=0.0036,=3944.2600,=0.0772,=29.6455,=0.4054,=15.9973,=23.3831,=33.4048,=116.8549,=143059.6617,=2.8344,=0.5804,=1.4805,=2.2594,=2.6672,=3.4864,=7.0432,=1.7861,=0.7709,=0.8149,=1.0324,=1.3181,=1.8605,=3.5391,=0.0115,=0.5227,=0.0038,=0.0082,=0.0113,=0.0148,=0.0248,,=0.0980,,=1746
="931403",品牌工程,2020-01-14,=0.0067,=2124.9561,=0.0763,=26.0554,=0.3335,=18.7149,=24.0814,=28.9698,=43.5082,=69.9724,=3.9735,=0.1721,=3.2380,=4.0167,=4.8948,=7.6592,=10.9810,=3.0926,=0.2949,=2.2604,=2.9341,=3.3511,=4.7681,=7.2001,=0.0220,=0.7905,=0.0056,=0.0085,=0.0154,=0.0221,=0.0278,=0.0453,=0.1433,=0.0461,=125
="399293",创业大盘,2019-04-18,=0.0147,=6962.8800,=0.0745,=35.6253,=0.3289,=20.6573,=29.6438,=41.1313,=54.0175,=71.9327,=6.6883,=0.5744,=3.4452,=4.7398,=6.2782,=9.1642,=13.4901,=4.7208,=0.3232,=2.8408,=4.0410,=5.6602,=9.8333,=14.8309,=0.0096,=0.6602,=0.0029,=0.0046,=0.0073,=0.0119,=0.0196,=0.0411,=0.1554,=0.0377,=182
="399673",创业板50,2014-06-18,=0.0140,=3634.3400,=0.0720,=34.0842,=0.2947,=20.6075,=30.6784,=42.0297,=57.2675,=106.7499,=6.5140,=0.7036,=3.1473,=4.3234,=5.2431,=7.5532,=11.7288,=4.8934,=0.3285,=2.6907,=4.1383,=5.4767,=7.7414,=13.3154,=0.0093,=0.7939,=0.0021,=0.0036,=0.0050,=0.0095,=0.0190,=0.0447,=0.1569,=0.0355,=5628
="931590",500成长创新,2020-11-09,=0.0231,=29081.0326,=0.0708,=36.1692,=0.9653,=14.5054,=17.8192,=20.4072,=27.7527,=46.8480,=4.4364,=0.9696,=1.6442,=2.3267,=2.6665,=3.3206,=5.3919,=4.5647,=0.9696,=1.3106,=1.9867,=2.2872,=2.7634,=5.5640,=0.0091,=0.0311,=0.0074,=0.0127,=0.0169,=0.0210,=0.0252,=0.0292,=0.1277,=0.0317,=89
="931155",300质量成长,2019-04-22,,,=0.0695,=12.8676,=0.3828,=7.3805,=10.8179,=13.5718,=15.2201,=31.0699,=2.0087,=0.3621,=1.1055,=1.6667,=2.2407,=2.8018,=5.3844,=3.0734,=0.9131,=1.3218,=1.7769,=2.1923,=2.6425,=3.8395,=0.0253,=0.4877,=0.0092,=0.0212,=0.0253,=0.0312,=0.0464,=0.0331,=0.1462,=0.0366,=80
="399315",巨潮中盘,2005-02-03,=0.0252,=5082.3300,=0.0679,=38.8211,=0.9138,=14.3715,=18.4227,=22.9157,=29.8562,=49.3940,=2.6363,=0.8561,=1.5252,=1.8923,=2.1502,=2.5820,=3.0245,=2.0346,=0.9852,=0.8408,=1.2254,=1.4278,=1.6517,=2.3572,=0.0127,=0.3009,=0.0082,=0.0119,=0.0158,=0.0221,=0.0288,=0.0239,=0.0707,=0.0202,=21
="399996",智能家居,2014-09-17,=0.0279,=4905.6000,=0.0671,=32.8164,=0.7494,=17.5405,=23.3761,=27.7593,=33.7975,=47.8369,=4.3627,=0.8998,=2.2523,=2.8549,=3.4660,=4.1093,=5.3919,=2.1969,=0.8483,=1.0942,=1.4673,=1.7631,=2.1065,=2.7965,=0.0136,=0.4530,=0.0087,=0.0108,=0.0142,=0.0175,=0.0235,=0.0273,=0.1118,=0.0260,=211
="000009",上证380,2010-11-29,=0.0175,=7028,=0.0668,=29.2805,=0.8879,=11.6192,=14.6240,=18.0453,=25.1602,=39.7002,=2.2511,=0.7576,=1.2909,=1.6341,=1.9526,=2.3495,=2.7906,=1.4479,=0.7795,=0.7850,=0.9356,=1.0816,=1.4886,=1.8994,=0.0154,=0.2028,=0.0086,=0.0153,=0.0183,=0.0251,=0.0358,=0.0195,=0.0662,=0.0205,=866
="000150",380红利,2012-07-20,=0.0066,=12306.1900,=0.0647,=15.4032,=0.7803,=5.2545,=8.5513,=12.0927,=15.9412,=19.8070,=1.0783,=0.3228,=0.6172,=0.8678,=1.3410,=1.6410,=2.2090,=0.5044,=0.4769,=0.2775,=0.3623,=0.5290,=1.4859,=2.3204,=0.0410,=0.3924,=0.0247,=0.0354,=0.0447,=0.0581,=0.0734,=0.0206,=0.0377,=0.0185,=45
="931469",云计算50,2020-06-12,=0.0277,=3942.7501,=0.0645,=55.4226,=0.0963,=43.1726,=58.4230,=68.7023,=81.7233,=130.8911,=8.7248,=0.9336,=3.0031,=3.8873,=5.1307,=6.4144,=11.7205,=4.8144,=0.9090,=2.2186,=2.8815,=3.5407,=4.3192,=6.4913,=0.0031,=0.1355,=0.0021,=0.0033,=0.0042,=0.0056,=0.0085,=0.0385,=0.1212,=0.0175,=66
="000905",中证500,2007-01-15,=0.0226,=7946.3300,=0.0644,=34.6653,=0.8627,=15.7028,=21.2812,=25.5698,=33.2826,=48.6069,=2.4821,=0.8157,=1.3824,=1.7164,=1.9211,=2.4306,=3.0099,=1.7223,=0.8388,=0.8118,=1.0305,=1.1726,=1.6082,=2.2566,=0.0127,=0.3026,=0.0064,=0.0116,=0.0141,=0.0185,=0.0237,=0.0210,=0.0620,=0.0169,=38438
="399376",小盘成长,2010-01-04,=0.0221,=6757.3100,=0.0639,=29.7119,=0.6991,=14.4007,=20.2318,=25.6041,=32.3054,=60.1410,=3.2998,=0.8566,=1.6246,=2.0607,=2.3697,=3.1495,=3.9108,=1.9131,=0.7894,=0.7224,=1.0640,=1.2047,=1.9373,=3.3081,=0.0130,=0.4757,=0.0062,=0.0107,=0.0132,=0.0171,=0.0246,=0.0271,=0.1002,=0.0195,=288
="930716",CS物流,2015-07-31,=0.0019,=1249.2419,=0.0639,=17.0959,=0.4324,=6.6312,=13.0083,=18.2093,=33.4934,=505.8138,=1.3012,=0.2127,=1.1511,=1.2954,=1.9604,=2.5398,=3.8580,=0.4863,=0.6562,=0.2137,=0.3289,=0.4559,=0.6476,=1.0427,=0.0310,=0.6772,=0.0055,=0.0092,=0.0125,=0.0374,=0.0692,=0.0197,=0.0542,=0.0209,=247
="399012",创业300,2013-01-07,=0.0182,=4788.6800,=0.0614,=44.1704,=0.4007,=26.6250,=38.0630,=47.3453,=64.5540,=93.5585,=5.0853,=0.7007,=2.5798,=3.6214,=4.3429,=5.5977,=7.5462,=3.9353,=0.4011,=2.2146,=3.3208,=4.2182,=5.8880,=7.7121,=0.0089,=0.7791,=0.0035,=0.0046,=0.0061,=0.0091,=0.0164,=0.0308,=0.1020,=0.0249,=3
="399612",中创100,2011-02-28,=0.0124,=2926.9900,=0.0603,=31.4268,=0.5268,=18.0203,=24.5371,=31.1387,=39.8478,=52.6199,=4.3215,=0.5804,=2.5576,=3.3599,=4.1937,=5.0805,=7.4671,=2.8060,=0.4176,=1.6155,=2.2648,=3.0001,=3.8779,=5.8630,=0.0115,=0.6777,=0.0050,=0.0075,=0.0098,=0.0137,=0.0203,=0.0320,=0.1210,=0.0297,=158
="000092",资源50,2011-05-10,=0.0210,=5175.5100,=0.0602,=15.4617,=0.5618,=7.9483,=11.3499,=14.8880,=22.0291,=52.0101,=1.9071,=0.9670,=0.9579,=1.2635,=1.4031,=1.5493,=2.3324,=1.0524,=0.9654,=0.4148,=0.5541,=0.6760,=0.7989,=1.2646,=0.0304,=0.3157,=0.0094,=0.0286,=0.0354,=0.0449,=0.0578,=0.0363,=0.1132,=0.0314,=40
="HSSCHYS",恒生港股通红利优选指数,2023-06-01,=-0.0085,=4911.6700,=0.0576,=7.8484,=0.7907,=4.2457,=4.7600,=5.8736,=7.8986,=9.0746,=0.7383,=0.8020,=0.4429,=0.5021,=0.5925,=0.7381,=0.8283,=1.2134,=0.9787,=0.6036,=0.6795,=0.8867,=1.0631,=1.2508,=0.0574,=0.1140,=0.0497,=0.0604,=0.0711,=0.0877,=0.0947,,=0.0899,,=90
="930938",500成长估值,2018-12-04,=0.0170,=4903.6471,=0.0574,=21.9485,=0.8891,=9.4780,=13.1218,=16.8721,=20.0304,=30.3577,=2.5694,=0.9132,=1.4489,=1.8737,=2.1304,=2.3119,=3.6765,=2.1510,=0.9475,=0.6916,=0.9075,=1.1806,=1.6304,=2.5224,=0.0161,=0.2497,=0.0092,=0.0156,=0.0186,=0.0218,=0.0299,=0.0254,=0.1028,=0.0163,=74
="931067",绩优策略,2018-02-14,=0.0075,=8026.8355,=0.0553,=18.1549,=0.4391,=10.5807,=14.8383,=18.7211,=26.7575,=44.0015,=5.1462,=0.5290,=3.5566,=4.2986,=5.0491,=7.3317,=11.8571,=2.9455,=0.5411,=2.1909,=2.5314,=2.8878,=4.8049,=8.6201,=0.0207,=0.4865,=0.0082,=0.0136,=0.0213,=0.0296,=0.0455,=0.0562,=0.2359,=0.0578,=28
="000961",中证上游,2010-04-16,=0.0158,=5341.7659,=0.0550,=16.2342,=0.5573,=8.3063,=11.4863,=15.6478,=22.8806,=72.6914,=1.9415,=0.9629,=0.9003,=1.1960,=1.3722,=1.5403,=2.4036,=1.0670,=0.9613,=0.3813,=0.5134,=0.6294,=0.7880,=1.2905,=0.0290,=0.2506,=0.0092,=0.0283,=0.0343,=0.0447,=0.0576,=0.0373,=0.1119,=0.0305,=50
="930726",CS生医,2015-08-05,=0.0083,=2576.1624,=0.0549,=50.5185,=0.5507,=24.4874,=31.9329,=48.5532,=61.4617,=107.1179,=4.6805,=0.2716,=3.1768,=4.4038,=6.7438,=8.5259,=14.2976,=8.1778,=0.3730,=4.8871,=6.8186,=9.6149,=12.5690,=19.9452,=0.0082,=0.5763,=0.0026,=0.0039,=0.0059,=0.0114,=0.0204,=0.0287,=0.0766,=0.0261,=847
="HSCCI",恒生香港中资企业指数,1997-06-16,=-0.0044,=4230.4400,=0.0535,=8.6288,=0.4850,=4.8859,=6.8728,=8.7672,=11.4085,=16.1208,=0.8247,=0.4102,=0.5567,=0.7305,=0.8602,=1.1501,=1.3660,=0.9441,=0.4318,=0.5555,=0.7802,=0.9769,=1.3434,=1.5178,=0.0551,=0.5435,=0.0276,=0.0363,=0.0535,=0.0664,=0.1028,,=0.0951,,=36
="H11146",港股通内地金融,2010-06-02,=-0.0066,=1160.4392,=0.0535,=6.1513,=0.5420,=3.2759,=4.5177,=6.0406,=6.7500,=9.2347,=0.6375,=0.4540,=0.3797,=0.4938,=0.6582,=0.8745,=1.1859,=1.6053,=0.8058,=0.6692,=0.9478,=1.3188,=1.6011,=2.1885,=0.0463,=0.3300,=0.0302,=0.0445,=0.0500,=0.0726,=0.0994,,=0.0970,,=49
="399088",深创100,2020-02-18,=0.0125,=5317.2900,=0.0534,=33.5326,=0.6917,=15.3025,=22.0749,=27.3105,=38.6093,=56.8187,=4.9170,=0.6850,=2.2889,=3.3097,=4.1130,=5.3826,=6.8856,=3.2603,=0.6837,=1.4223,=1.9839,=2.5292,=3.7496,=5.1281,=0.0102,=0.2970,=0.0058,=0.0088,=0.0129,=0.0163,=0.0258,=0.0356,=0.1522,=0.0358,=74
="399625",中创500,2011-08-15,=0.0178,=2564.2400,=0.0524,=35.3571,=0.4847,=20.4615,=28.9847,=35.6130,=40.7067,=52.5750,=3.7067,=0.5684,=2.1192,=2.8827,=3.5466,=4.2854,=5.2507,=2.6365,=0.5082,=1.4713,=2.0764,=2.6184,=3.4180,=4.2526,=0.0108,=0.6781,=0.0057,=0.0072,=0.0093,=0.0124,=0.0196,=0.0265,=0.0951,=0.0239,=165
="000944",内地资源,2009-10-28,=0.0172,=5583.1306,=0.0520,=16.3766,=0.5756,=8.0950,=11.4362,=15.5498,=22.7351,=66.3491,=1.9491,=0.9662,=0.8945,=1.1840,=1.3600,=1.5316,=2.3924,=1.0699,=0.9650,=0.3754,=0.5050,=0.6228,=0.7828,=1.2835,=0.0289,=0.2184,=0.0090,=0.0286,=0.0349,=0.0457,=0.0579,=0.0374,=0.1109,=0.0304,=12
="930648",CS智消费,2015-06-05,=0.0222,=3851.6926,=0.0518,=32.2154,=0.7918,=15.4538,=22.2568,=25.1951,=32.5135,=51.6043,=4.0092,=0.7931,=2.1406,=2.8085,=3.2135,=4.0473,=5.4486,=1.8013,=0.7576,=0.8328,=1.2867,=1.5043,=1.8632,=2.9491,=0.0131,=0.2486,=0.0074,=0.0121,=0.0152,=0.0173,=0.0216,=0.0253,=0.1077,=0.0239,=31
="1000007",创业板全指,2010-05-01,=0.0199,=4110.4200,=0.0509,=61.7945,=0.5223,=33.8134,=48.2400,=60.9785,=100.0107,=334.2333,=4.4690,=0.6496,=2.3083,=3.3593,=4.0482,=5.1436,=6.2717,=3.8533,=0.4279,=2.1439,=3.2922,=4.0786,=5.5168,=8.1842,=0.0078,=0.7650,=0.0036,=0.0046,=0.0061,=0.0081,=0.0148,=0.0212,=0.0638,=0.0178,=1936
="399370",国证成长,2010-01-04,=0.0159,=5322.1300,=0.0507,=23.6505,=0.6756,=14.0104,=18.9925,=21.7926,=25.9317,=39.9195,=3.9578,=0.7778,=1.9695,=2.5703,=2.9930,=4.1074,=6.0628,=2.2438,=0.5787,=1.2188,=1.6926,=2.0775,=2.7660,=3.4917,=0.0150,=0.4336,=0.0080,=0.0118,=0.0157,=0.0227,=0.0304,=0.0375,=0.1344,=0.0327,=119
="H30463",沪港深500医药,2014-11-28,=0.0048,=8157.2337,=0.0494,=34.2401,=0.4243,=23.3470,=31.0222,=35.5814,=42.6572,=94.1690,=3.6930,=0.2671,=2.7545,=3.5141,=4.4143,=5.5958,=10.0878,=3.5799,=0.6282,=1.9470,=2.8257,=3.2976,=4.0552,=9.3489,=0.0122,=0.7882,=0.0038,=0.0069,=0.0089,=0.0124,=0.0194,,=0.0979,,=42
="399005",中小板指,2006-01-24,=0.0132,=8659.3900,=0.0479,=29.1267,=0.5157,=16.1163,=23.0542,=28.5779,=33.7205,=44.0181,=3.0640,=0.3120,=2.0289,=2.7421,=3.4106,=4.3123,=5.3697,=2.0918,=0.3504,=1.3510,=1.8219,=2.3297,=3.2845,=4.1546,=0.0128,=0.6311,=0.0068,=0.0090,=0.0111,=0.0163,=0.0219,=0.0255,=0.0988,=0.0255,=3256
="931722",国新港股通央企红利,2023-09-13,=0.0049,=1379.6531,=0.0453,=9.6601,=0.8264,=5.5040,=6.7267,=7.8365,=9.5367,=10.8173,=0.8786,=0.7066,=0.6213,=0.7414,=0.8293,=0.9073,=1.0298,=0.6043,=0.7865,=0.3100,=0.3845,=0.4872,=0.6095,=0.6918,=0.0517,=0.0730,=0.0469,=0.0568,=0.0614,=0.0685,=0.0823,,=0.0875,,=378
="932039",央企股东回报,2022-11-16,=0.0081,=1658.6076,=0.0452,=12.9876,=0.9244,=8.0198,=9.7294,=11.0629,=12.0831,=13.8005,=1.2608,=0.9256,=0.8847,=1.0154,=1.1157,=1.1817,=1.4098,=0.8221,=0.9344,=0.3642,=0.4268,=0.5331,=0.6868,=0.8821,=0.0406,=0.0989,=0.0383,=0.0419,=0.0447,=0.0472,=0.0553,=0.0235,=0.0905,=0.0215,=136
="399441",生物医药,2015-01-20,=0.0045,=2242.8600,=0.0452,=48.8263,=0.5280,=21.8350,=32.3563,=47.7183,=62.9193,=119.0737,=3.5853,=0.2383,=2.3073,=3.3267,=6.2436,=7.7439,=13.6606,=6.6788,=0.3042,=3.6424,=5.8657,=9.0788,=13.6912,=21.5399,=0.0101,=0.7527,=0.0024,=0.0041,=0.0064,=0.0108,=0.0164,=0.0194,=0.0565,=0.0192,=1694
="930821",中证VR,2016-05-11,=0.0215,=3334.7479,=0.0444,=47.0274,=0.5934,=17.6816,=32.1599,=43.3218,=55.8052,=175.0572,=3.4216,=0.6872,=1.7358,=2.3504,=2.9020,=4.0757,=5.0269,=1.9222,=0.5005,=1.1117,=1.4802,=1.9218,=2.8796,=3.7313,=0.0080,=0.2806,=0.0056,=0.0075,=0.0091,=0.0117,=0.0177,=0.0113,=0.0443,=0.0138,=151
="000918",300成长,2008-01-21,=0.0133,=5312.8947,=0.0442,=17.4037,=0.6237,=11.6107,=14.4708,=16.8188,=20.6304,=29.9826,=2.6495,=0.4439,=1.8759,=2.3204,=2.7995,=4.3091,=6.1771,=2.6345,=0.8009,=1.1680,=1.5324,=1.7825,=2.6338,=3.9548,=0.0184,=0.4955,=0.0081,=0.0139,=0.0184,=0.0238,=0.0310,=0.0348,=0.1486,=0.0340,=803
="399316",巨潮小盘,2005-02-03,=0.0195,=6276.0700,=0.0438,=35.7352,=0.7350,=17.4883,=24.6121,=29.2593,=37.7626,=56.1825,=2.1701,=0.6900,=1.3049,=1.7086,=1.9645,=2.4127,=3.1503,=1.3695,=0.6529,=0.7478,=1.0120,=1.2297,=1.6021,=2.5314,=0.0143,=0.6439,=0.0061,=0.0104,=0.0128,=0.0162,=0.0214,=0.0167,=0.0444,=0.0142,=23
="000907",中证700,2007-01-15,=0.0193,=6752.2490,=0.0431,=25.9894,=0.8887,=13.5964,=17.1394,=19.5530,=24.0550,=30.1680,=2.0509,=0.6480,=1.3201,=1.5883,=1.8281,=2.1956,=2.4753,=1.4639,=0.6426,=0.9663,=1.1767,=1.3274,=1.5829,=1.9854,=0.0181,=0.5449,=0.0115,=0.0140,=0.0175,=0.0227,=0.0321,=0.0223,=0.0692,=0.0213,=268
="399375",中盘价值,2010-01-04,=0.0122,=6189.6300,=0.0431,=15.7297,=0.7646,=9.0528,=10.9370,=12.3149,=16.4802,=33.1718,=1.5003,=0.7725,=1.0236,=1.1932,=1.3322,=1.5318,=1.9880,=1.2483,=0.9839,=0.5167,=0.6432,=0.7490,=0.9808,=1.3254,=0.0283,=0.3755,=0.0137,=0.0243,=0.0309,=0.0368,=0.0505,=0.0258,=0.0785,=0.0211,=189
="931447",科技先锋,2020-04-21,=0.0148,=3218.3158,=0.0429,=39.9953,=0.5639,=19.0346,=27.4877,=37.3785,=47.9113,=82.3567,=5.1823,=0.6690,=2.7045,=3.4375,=4.4383,=6.7014,=10.6025,=2.7601,=0.6217,=1.4804,=1.9224,=2.4972,=3.6964,=7.0848,=0.0092,=0.4309,=0.0033,=0.0055,=0.0097,=0.0135,=0.0196,=0.0256,=0.0990,=0.0202,=24
="950161",科创新药,2024-08-23,=0.0074,=1279.2973,=0.0415,=82.0134,=0,=82.0134,=369.3794,=-159.0806,=-92.1033,=1578.9342,=8.9396,=0.4857,=4.9324,=6.9143,=9.0088,=10.3213,=12.9042,=11.1792,=0.3033,=8.4204,=10.2307,=12.3546,=14.1693,=17.6998,=0.0013,=0.4631,=0.0009,=0.0011,=0.0013,=0.0018,=0.0023,=0.0059,=0.0403,=-0.0091,=51
="931152",CS创新药,2019-04-22,=0.0080,=1971.8691,=0.0410,=44.2790,=0.5404,=27.6044,=36.8199,=43.3958,=52.7889,=74.6844,=4.1445,=0.4888,=2.5551,=3.3481,=4.1829,=5.9313,=8.7449,=5.8809,=0.8296,=2.2436,=2.9209,=3.4498,=5.7270,=9.4897,=0.0099,=0.7343,=0.0040,=0.0058,=0.0086,=0.0104,=0.0150,=0.0271,=0.0786,=0.0224,=1975
="399330",深证100,2006-01-24,=0.0073,=6053.1500,=0.0405,=27.5536,=0.7947,=14.9910,=20.3737,=22.8761,=27.7261,=38.9547,=3.0920,=0.6373,=1.9919,=2.4968,=2.9488,=3.5438,=5.5535,=2.1425,=0.5437,=1.3434,=1.7250,=2.1027,=2.4349,=4.0791,=0.0174,=0.6958,=0.0077,=0.0126,=0.0154,=0.0194,=0.0273,=0.0278,=0.0897,=0.0269,=2340
="399007",深证300,2009-11-04,=0.0136,=5910.3300,=0.0397,=30.9863,=0.9204,=15.3833,=21.4145,=25.0050,=28.9409,=36.7371,=2.9954,=0.6406,=1.8298,=2.3539,=2.8055,=3.2294,=4.4351,=2.0955,=0.5845,=1.2839,=1.6547,=2.0028,=2.3782,=3.3177,=0.0152,=0.6500,=0.0081,=0.0118,=0.0139,=0.0174,=0.0252,=0.0257,=0.0779,=0.0236,=583
="H11059",工业有色,2009-07-22,=0.0148,=4139.0865,=0.0395,=17.5350,=0.2937,=10.0577,=14.6402,=27.3484,=53.0890,=131.1130,=3.5397,=0.9152,=1.4392,=2.0004,=2.4259,=3.2064,=4.9901,=1.3211,=0.9339,=0.5048,=0.7403,=0.8661,=1.1588,=1.8706,=0.0182,=0.7451,=0.0035,=0.0056,=0.0104,=0.0204,=0.0285,=0.0664,=0.1735,=0.0401,=145
="399993",CSWD生科,2015-05-08,=0.0065,=2708.5100,=0.0392,=83.2598,=0.9262,=31.0960,=44.1993,=56.6720,=74.5129,=122.8633,=3.9666,=0.2993,=2.5928,=3.6121,=5.9505,=7.5793,=15.2283,=7.7617,=0.3792,=4.8204,=6.7135,=8.9029,=14.0706,=21.1379,=0.0087,=0.6542,=0.0023,=0.0039,=0.0064,=0.0104,=0.0144,=0.0163,=0.0356,=0.0147,=68
="399001",深证成指,1995-01-23,=0.0150,=14048.8800,=0.0387,=32.1727,=0.8763,=15.9054,=22.8547,=26.5149,=30.7083,=38.7817,=2.8865,=0.6043,=1.7472,=2.2797,=2.7214,=3.2267,=4.0402,=2.0396,=0.5915,=1.2229,=1.6063,=1.9124,=2.3696,=2.9683,=0.0147,=0.6459,=0.0084,=0.0109,=0.0136,=0.0166,=0.0245,=0.0249,=0.0747,=0.0225,=3742
="000969",300非周,2010-05-28,=0.0124,=5531.0974,=0.0387,=25.8180,=0.7758,=15.9839,=20.6623,=22.7496,=26.6038,=38.7203,=2.7867,=0.4922,=2.0789,=2.5003,=2.7926,=3.1883,=4.9189,=1.5159,=0.7560,=0.8921,=1.1584,=1.2959,=1.5787,=2.2463,=0.0196,=0.6913,=0.0089,=0.0140,=0.0170,=0.0211,=0.0277,=0.0251,=0.0964,=0.0261,=89
="000979",大宗商品,2011-08-22,=0.0176,=7044.8886,=0.0384,=17.3349,=0.5754,=9.9333,=12.8903,=16.3483,=22.3270,=55.6298,=1.9171,=0.9637,=1.1381,=1.3703,=1.4923,=1.6369,=2.3336,=1.0428,=0.9666,=0.4909,=0.5833,=0.6998,=0.8412,=1.2291,=0.0273,=0.3228,=0.0088,=0.0253,=0.0307,=0.0396,=0.0489,=0.0335,=0.1029,=0.0285,=713
="000841",800医药,2012-12-21,=0.0070,=8675.2015,=0.0379,=34.4817,=0.6595,=21.4494,=28.0346,=32.2270,=37.6596,=58.1462,=3.5224,=0.3735,=2.4193,=3.1867,=3.7613,=4.3537,=6.5122,=4.4398,=0.8302,=1.7815,=2.8895,=3.4449,=4.3455,=6.1565,=0.0151,=0.8528,=0.0064,=0.0084,=0.0102,=0.0139,=0.0210,=0.0288,=0.0871,=0.0293,=591
="399850",深证50,2023-10-18,=0.0054,=9474.2600,=0.0377,=26.0842,=0.6788,=16.5344,=20.1162,=23.7393,=27.0449,=36.7629,=3.9727,=0.8828,=2.5911,=2.9384,=3.2724,=3.7638,=4.4773,=2.1711,=0.8630,=1.3017,=1.4883,=1.6947,=2.0755,=2.4833,=0.0180,=0.1857,=0.0162,=0.0182,=0.0208,=0.0232,=0.0271,=0.0301,=0.0973,=0.0318,=80
="931892",有色矿业,2013-07-15,=0.0167,=4108.0390,=0.0357,=19.1497,=0.2234,=13.1272,=18.5704,=30.5847,=55.7540,=131.9594,=3.7439,=0.9477,=1.7020,=2.1368,=2.5504,=3.2069,=5.3430,=1.4015,=0.9279,=0.6092,=0.7896,=0.9202,=1.2400,=2.0391,=0.0144,=0.7201,=0.0026,=0.0057,=0.0093,=0.0169,=0.0229,=0.0653,=0.1630,=0.0363,=199
="399624",中创400,2011-08-15,=0.0249,=2662.5200,=0.0356,=44.7461,=0.7312,=22.4097,=32.9060,=40.4876,=47.9779,=82.4491,=2.9924,=0.5680,=1.6720,=2.4135,=2.8469,=3.3945,=4.9674,=2.3937,=0.6063,=1.2865,=1.8978,=2.2294,=2.6793,=4.3124,=0.0097,=0.5169,=0.0036,=0.0073,=0.0096,=0.0111,=0.0184,=0.0199,=0.0651,=0.0174,=228
="931381",中证长三角,2019-11-25,=0.0031,=2095.9377,=0.0355,=13.9330,=0.7828,=9.1117,=10.6819,=12.0643,=14.0302,=16.1441,=1.4106,=0.6321,=0.9630,=1.1542,=1.3179,=1.5462,=1.8124,=1.7059,=0.8658,=0.8724,=1.0739,=1.2594,=1.5843,=1.9541,=0.0251,=0.1800,=0.0209,=0.0254,=0.0282,=0.0321,=0.0422,=0.0256,=0.0961,=0.0259,=12
="930632",CS稀金属,2015-05-12,=0.0237,=2806.9774,=0.0354,=26.0354,=0.2275,=10.0759,=24.6559,=41.1793,=85.2429,=902.9270,=3.8230,=0.5837,=1.7714,=2.4678,=3.4514,=4.3834,=7.1765,=2.6203,=0.6777,=1.0736,=1.5817,=2.0649,=2.9598,=4.1072,=0.0084,=0.5647,=0.0021,=0.0041,=0.0074,=0.0138,=0.0241,=0.0489,=0.1107,=0.0216,=396
="931476",ESG 120策略,2020-04-30,=0.0096,=1442.8923,=0.0349,=11.7949,=0.7862,=7.8289,=9.6441,=10.6474,=11.8297,=13.2171,=1.3542,=0.7666,=1.0061,=1.1778,=1.2586,=1.3638,=1.7130,=1.6057,=0.9811,=0.7906,=1.0605,=1.1607,=1.3974,=1.6292,=0.0322,=0.3266,=0.0251,=0.0296,=0.0349,=0.0387,=0.0488,=0.0265,=0.1050,=0.0271,=53
="931132",诚通央企红利,2023-05-04,=0.0044,=1678.3722,=0.0343,=13.8574,=0.9007,=9.0905,=10.6398,=11.9938,=13.1447,=15.2313,=1.3332,=0.8945,=0.9482,=1.0951,=1.1851,=1.2541,=1.5338,=0.7977,=0.9107,=0.3626,=0.4256,=0.5684,=0.7161,=0.8835,=0.0398,=0.1377,=0.0374,=0.0405,=0.0439,=0.0456,=0.0498,=0.0249,=0.0916,=0.0215,=42
="399974",国企改革,2014-08-07,=0.0132,=1961.8500,=0.0333,=15.9368,=0.7267,=8.5408,=11.0130,=13.4104,=16.6576,=23.5243,=1.4641,=0.4930,=1.0768,=1.3337,=1.4679,=1.8253,=2.8970,=1.1258,=0.6814,=0.6803,=0.8927,=1.0017,=1.2484,=2.2060,=0.0285,=0.4122,=0.0148,=0.0236,=0.0300,=0.0332,=0.0410,=0.0239,=0.0809,=0.0242,=377
="000046",上证中小,2009-07-03,=0.0169,=5292.8300,=0.0320,=16.6878,=0.6171,=10.5504,=12.1058,=15.2242,=18.0578,=22.4992,=1.4903,=0.5268,=1.0626,=1.2077,=1.4763,=1.7517,=2.0905,=1.3567,=0.7741,=0.8596,=1.0256,=1.1229,=1.3905,=1.6429,=0.0233,=0.5602,=0.0151,=0.0188,=0.0226,=0.0299,=0.0371,=0.0219,=0.0784,=0.0213,=348
="000814",细分医药,2012-04-11,=0.0064,=8612.6000,=0.0318,=34.5661,=0.6702,=21.8871,=27.2039,=32.7524,=37.7198,=60.8250,=3.3622,=0.2675,=2.4219,=3.2072,=4.0872,=4.8855,=7.4081,=2.8362,=0.4716,=1.7858,=2.2898,=2.8895,=3.5099,=5.4819,=0.0147,=0.8442,=0.0055,=0.0075,=0.0097,=0.0139,=0.0215,=0.0283,=0.0890,=0.0304,=412
="000922",中证红利,2008-05-26,=0.0030,=5676.0467,=0.0313,=8.6048,=0.7960,=5.1762,=6.0245,=7.6568,=8.6151,=11.2156,=0.8490,=0.5136,=0.5911,=0.7110,=0.8426,=1.1054,=1.4999,=1.2788,=0.8800,=0.6332,=0.7726,=1.0442,=1.2375,=1.7101,=0.0413,=0.2073,=0.0309,=0.0410,=0.0471,=0.0596,=0.0693,=0.0233,=0.0895,=0.0228,=20495
="931591",1000成长创新,2020-11-09,=0.0254,=33752.0889,=0.0312,=29.6286,=0.3303,=18.0900,=24.5378,=32.0682,=35.7287,=40.6167,=3.3452,=0.4695,=2.0923,=3.0121,=3.4037,=4.3497,=5.3788,=3.2096,=0.5419,=1.8413,=2.7496,=3.1179,=3.8276,=5.2879,=0.0125,=0.6499,=0.0063,=0.0087,=0.0110,=0.0139,=0.0216,=0.0271,=0.1062,=0.0239,=151
="000824",国企红利,2012-07-20,=-0.0004,=2187.1556,=0.0311,=9.1064,=0.9629,=4.8847,=5.9406,=7.3386,=8.5246,=10.7823,=0.8813,=0.6191,=0.5610,=0.6880,=0.8233,=1.0550,=1.4469,=1.3115,=0.8710,=0.5370,=0.7016,=0.9865,=1.2682,=1.6834,=0.0414,=0.1748,=0.0328,=0.0418,=0.0481,=0.0583,=0.0694,=0.0232,=0.0892,=0.0226,=967
="980081",价值100,2012-12-28,,,=0.0305,=10.2356,=0.8083,=7.7317,=8.3717,=9.1116,=10.1919,=11.5920,=1.1044,=0.7597,=0.8413,=0.8866,=1.0212,=1.1153,=1.3448,=1.2243,=0.9879,=0.7580,=0.8104,=0.9822,=1.1418,=1.2392,=0.0466,=0.3544,=0.0420,=0.0452,=0.0489,=0.0545,=0.0599,=0.0275,=0.0995,=0.0251,=531
="930846",300SNLV,2016-06-24,,,=0.0302,=10.9499,=0.8508,=7.7900,=9.2103,=10.1604,=10.7774,=12.6275,=1.0461,=0.2531,=0.8340,=1.0342,=1.0897,=1.2151,=1.5027,=1.2971,=0.7321,=0.7711,=0.9528,=1.1620,=1.3326,=1.6864,=0.0380,=0.6336,=0.0239,=0.0320,=0.0361,=0.0404,=0.0486,=0.0237,=0.0917,=0.0233,=151
="931052",国信价值,2017-12-08,=0.0018,=3554.8559,=0.0300,=9.8200,=0.8917,=5.3831,=6.6072,=7.4710,=8.9053,=11.0091,=1.2992,=0.8823,=0.7343,=0.9134,=1.0349,=1.1889,=1.5208,=1.7608,=0.9541,=0.6105,=0.9510,=1.2431,=1.4805,=2.0196,=0.0402,=0.3059,=0.0262,=0.0384,=0.0440,=0.0530,=0.0692,=0.0310,=0.1267,=0.0326,=597
="000982",500等权,2011-06-13,=0.0139,=9285.0300,=0.0287,=34.6653,=0.8623,=15.7028,=21.2829,=25.5698,=33.2826,=48.6069,=2.4821,=0.8157,=1.3824,=1.7163,=1.9217,=2.4306,=3.0099,=1.7223,=0.8392,=0.8118,=1.0305,=1.1726,=1.6070,=2.2566,=0.0127,=0.2927,=0.0064,=0.0119,=0.0143,=0.0184,=0.0237,=0.0210,=0.0620,=0.0169,=33
="930782",500SNLV,2016-02-04,=0.0065,=19326.8595,=0.0284,=20.3992,=0.5416,=13.0617,=17.6555,=20.0409,=23.5808,=33.4651,=1.6529,=0.7214,=1.0996,=1.3464,=1.4745,=1.7867,=2.5974,=1.2671,=0.7345,=0.5914,=0.8056,=0.8891,=1.3831,=2.0883,=0.0231,=0.8240,=0.0090,=0.0139,=0.0203,=0.0229,=0.0271,=0.0229,=0.0820,=0.0170,=1377
="931470",SHS云计算,2020-04-21,=0.0205,=3790.0539,=0.0278,=23.1875,=0.3532,=13.2694,=20.2285,=24.9696,=31.1286,=62.1875,=3.2540,=0.0852,=2.5281,=3.4245,=3.8641,=5.3317,=9.6099,=3.3381,=0.0417,=2.7843,=3.8262,=4.4458,=6.3420,=10.5654,=0.0083,=0.7917,=0.0018,=0.0032,=0.0061,=0.0083,=0.0114,,=0.1294,,=56
="000037",上证医药,2009-01-09,=0.0057,=6506.9200,=0.0272,=31.1149,=0.1818,=21.0843,=31.3925,=34.4535,=41.6974,=61.3894,=3.5482,=0.3162,=2.7278,=3.3338,=3.8471,=4.6066,=7.3155,=2.5272,=0.6805,=1.5724,=2.0207,=2.3511,=2.8111,=4.1395,=0.0118,=0.8157,=0.0048,=0.0075,=0.0099,=0.0117,=0.0146,=0.0281,=0.1036,=0.0282,=2073
="HSSCSOY",恒生港股通中国央企红利指数,2023-06-01,=-0.0025,=4125.3200,=0.0260,=7.0010,=0.8108,=4.1647,=4.6679,=5.7255,=6.9753,=7.8218,=0.6453,=0.6566,=0.4381,=0.4975,=0.5969,=0.6833,=0.7455,=1.0862,=0.9862,=0.5323,=0.5990,=0.7565,=0.9641,=1.1223,=0.0507,=0.0414,=0.0487,=0.0563,=0.0678,=0.0861,=0.0936,,=0.0921,,=271
="H30199",电力指数,2013-07-15,=-0.0025,=2892.8262,=0.0250,=18.2517,=0.4213,=14.1448,=16.9275,=18.9681,=25.0122,=78.5133,=1.7231,=0.5161,=1.2472,=1.5161,=1.7163,=1.8429,=2.0960,=1.7939,=0.8120,=1.1507,=1.4427,=1.5880,=1.7825,=2.2389,=0.0273,=0.6113,=0.0166,=0.0223,=0.0267,=0.0284,=0.0333,=0.0213,=0.0878,=0.0244,=767
="931897",绿色电力,2012-12-21,=-0.0030,=1108.0714,=0.0234,=18.1792,=0.4613,=12.4356,=16.3240,=18.6138,=23.5753,=3316.8719,=1.7446,=0.6995,=1.0802,=1.3464,=1.6509,=1.7879,=2.0565,=1.8447,=0.8500,=0.8910,=1.1301,=1.2733,=1.7298,=2.6891,=0.0272,=0.8133,=0.0111,=0.0186,=0.0233,=0.0271,=0.0335,=0.0214,=0.0880,=0.0237,=185
="932457",港股通现金流,2025-02-28,,,=0.0230,=12.4601,=0.9946,=7.5325,=9.0370,=10.3808,=11.6172,=12.5288,=1.2418,=0.6819,=1.0440,=1.1368,=1.1973,=1.3032,=1.5343,=0.6482,=0.1105,=0.5752,=0.8555,=0.9538,=1.1840,=1.4545,=0.0409,=0.0270,=0.0402,=0.0428,=0.0488,=0.0621,=0.0701,,=0.0990,,=44
="000857",500医药,2013-11-06,=0.0088,=10491.2200,=0.0229,=29.4443,=0.4802,=16.5096,=22.8937,=29.9352,=37.2584,=66.9361,=2.9435,=0.5614,=1.9620,=2.4653,=2.8382,=3.4864,=5.0991,=2.7373,=0.7902,=1.3156,=1.7598,=2.1310,=2.7513,=4.5555,=0.0156,=0.7090,=0.0055,=0.0091,=0.0133,=0.0172,=0.0234,=0.0260,=0.0879,=0.0247,=737
="399395",国证有色,2012-10-29,=0.0168,=9887.5000,=0.0224,=18.9662,=0.2630,=12.7731,=17.8511,=27.6578,=54.2206,=315.7327,=3.5009,=0.9316,=1.7304,=2.0833,=2.5070,=3.0968,=4.8522,=1.3845,=0.9526,=0.6150,=0.7945,=0.9086,=1.1751,=1.9521,=0.0160,=0.7391,=0.0031,=0.0057,=0.0104,=0.0178,=0.0242,=0.0618,=0.1543,=0.0354,=672
="987018",港股通创新药,2021-11-18,,,=0.0211,=37.5580,=0.2246,=22.9379,=36.0502,=49.2889,=94.4339,=537.2167,=3.7242,=0.6772,=1.6768,=2.3257,=3.2587,=4.1294,=6.0885,=5.4297,=0.5312,=2.6005,=3.5789,=5.3375,=7.0465,=12.1954,=0.0081,=0.6106,=0.0023,=0.0056,=0.0073,=0.0142,=0.0182,,=0.0844,,=334
="000904",中证200,2007-01-15,=0.0158,=5768.7112,=0.0210,=21.3603,=0.9073,=11.9474,=14.9318,=16.7930,=19.4713,=25.2311,=1.7828,=0.5425,=1.2748,=1.5010,=1.7441,=2.0647,=2.3407,=1.2955,=0.2131,=1.0540,=1.2884,=1.4173,=1.6929,=2.1135,=0.0227,=0.6265,=0.0136,=0.0162,=0.0206,=0.0259,=0.0372,=0.0231,=0.0739,=0.0238,=723
="931644",800红利,2024-03-15,,,=0.0207,=9.0361,=0.7866,=6.4729,=7.3844,=8.4434,=9.0511,=9.4757,=0.8827,=0.6706,=0.7001,=0.7740,=0.8597,=0.9050,=0.9431,=1.2700,=0.7345,=0.8423,=0.9289,=1.1555,=1.2896,=1.3602,=0.0423,=0.0487,=0.0416,=0.0430,=0.0466,=0.0575,=0.0662,=0.0236,=0.0906,=0.0231,=35
="931233",港股通央企红利,2017-06-28,=0.0003,=1190.4423,=0.0205,=7.4374,=0.7966,=3.6988,=4.9815,=6.4050,=7.4456,=14.0775,=0.6992,=0.6299,=0.3929,=0.5241,=0.6471,=0.8576,=1.8161,=1.0066,=0.5740,=0.4645,=0.6262,=0.9519,=1.3872,=1.7583,=0.0500,=0.1220,=0.0394,=0.0519,=0.0569,=0.0795,=0.1038,,=0.0906,,=487
="H11057",石化产业,2009-07-22,=0.0229,=1391.6715,=0.0188,=14.3898,=0.5558,=9.0713,=12.0009,=13.9866,=19.2030,=46.6548,=1.5633,=0.9356,=0.9085,=1.1929,=1.3437,=1.4480,=1.9948,=0.8317,=0.9241,=0.4002,=0.4807,=0.6136,=0.7558,=1.0264,=0.0325,=0.3376,=0.0099,=0.0304,=0.0363,=0.0407,=0.0471,=0.0331,=0.0946,=0.0281,=76
="000822",500红利,2012-07-20,,,=0.0183,=14.3634,=0.7741,=7.4138,=9.6102,=11.2701,=15.2226,=26.4578,=1.1716,=0.4258,=0.8670,=1.0202,=1.2258,=1.4671,=2.2508,=0.5786,=0.5173,=0.2906,=0.3999,=0.5640,=1.0920,=1.8159,=0.0385,=0.3566,=0.0164,=0.0297,=0.0411,=0.0491,=0.0638,=0.0233,=0.0658,=0.0188,=39
="000852",中证1000,2014-10-17,=0.0250,=7732.9500,=0.0181,=44.6914,=0.7185,=18.9344,=30.9274,=37.8121,=47.6513,=78.9405,=2.4517,=0.5153,=1.4880,=2.1060,=2.4310,=2.8890,=4.0689,=1.7306,=0.6566,=0.9250,=1.3827,=1.5864,=1.9118,=3.4406,=0.0107,=0.5169,=0.0038,=0.0082,=0.0106,=0.0125,=0.0194,=0.0158,=0.0499,=0.0155,=7529
="931524",SHS科技龙头,2020-07-16,=0.0143,=2734.7766,=0.0177,=29.8784,=0.7380,=18.9033,=23.5207,=26.8408,=34.7765,=59.9125,=3.7016,=0.5103,=2.7731,=3.3000,=3.6886,=5.1251,=9.0190,=2.7905,=0.6028,=1.6886,=2.2617,=2.5772,=4.2037,=7.2475,=0.0084,=0.4735,=0.0027,=0.0048,=0.0085,=0.0100,=0.0124,,=0.1133,,=230
="000859",国企一带一路,2019-05-16,=0.0078,=1853.5882,=0.0176,=10.3406,=0.1492,=9.4709,=10.5040,=12.4672,=14.4710,=21.0714,=1.0252,=0.0871,=0.9283,=1.1359,=1.4299,=1.7697,=2.1877,=1.1776,=0.9972,=0.4715,=0.5661,=0.7433,=0.8512,=1.1924,=0.0348,=0.6868,=0.0208,=0.0254,=0.0319,=0.0368,=0.0454,=0.0234,=0.0898,=0.0201,=275
="000906",中证800,2007-01-15,=0.0124,=5198.0400,=0.0174,=16.2002,=0.8512,=10.7808,=12.9023,=14.0921,=16.0030,=18.9686,=1.6076,=0.5923,=1.1816,=1.3959,=1.5518,=1.7176,=1.9628,=1.5814,=0.9361,=1.0117,=1.1472,=1.2952,=1.4901,=1.6796,=0.0240,=0.4299,=0.0180,=0.0211,=0.0248,=0.0289,=0.0389,=0.0241,=0.0890,=0.0237,=2710
="000510",中证A500,2024-09-23,=0.0115,=5740.8800,=0.0174,=16.8561,=0.6381,=12.2476,=14.4956,=16.4024,=17.3925,=18.3286,=1.6942,=0.6916,=1.2883,=1.4962,=1.6521,=1.7172,=1.7791,=1.4843,=0.7302,=1.0081,=1.2200,=1.4131,=1.5098,=1.5740,=0.0240,=0.1563,=0.0227,=0.0243,=0.0262,=0.0322,=0.0380,=0.0241,=0.0887,=0.0240,=2577
="000860",结构调整,2018-03-26,=0.0150,=1245.5200,=0.0174,=16.0434,=0.7609,=9.5233,=12.4793,=14.0067,=16.3031,=20.6443,=1.4844,=0.8890,=1.1018,=1.2895,=1.3728,=1.4575,=1.6430,=0.9304,=0.9868,=0.4658,=0.5893,=0.6794,=0.7961,=0.9608,=0.0315,=0.4993,=0.0220,=0.0262,=0.0315,=0.0369,=0.0499,=0.0222,=0.0831,=0.0231,=152
="000987",全指材料,2011-08-02,=0.0201,=5096.5800,=0.0172,=21.6582,=0.5470,=11.8534,=16.4330,=21.1329,=27.5930,=522.1121,=2.5124,=0.8162,=1.3547,=1.6741,=2.0388,=2.5013,=3.3213,=1.2462,=0.7263,=0.6546,=0.8399,=1.0192,=1.3341,=1.7398,=0.0165,=0.4468,=0.0046,=0.0121,=0.0172,=0.0209,=0.0269,=0.0340,=0.0892,=0.0206,=394
="000056",上证国企,2010-01-04,=0.0050,=1267.9000,=0.0165,=10.1606,=0.6373,=7.2538,=8.8792,=9.7356,=10.7955,=13.3187,=1.1467,=0.6117,=0.8518,=1.0314,=1.1194,=1.2117,=1.5455,=1.7943,=0.9984,=0.7909,=0.9986,=1.1181,=1.2454,=1.8201,=0.0361,=0.5317,=0.0242,=0.0312,=0.0352,=0.0430,=0.0568,=0.0264,=0.1060,=0.0271,=206
="399438",绿色电力,2014-12-30,=-0.0026,=2022.9600,=0.0159,=20.0353,=0.6183,=13.5016,=16.8850,=19.1120,=22.0380,=41.2289,=1.8523,=0.6200,=1.2516,=1.5034,=1.8038,=1.9344,=2.3077,=2.1500,=0.9101,=1.1906,=1.4256,=1.8240,=2.0539,=3.6995,=0.0255,=0.3916,=0.0163,=0.0221,=0.0267,=0.0294,=0.0348,=0.0222,=0.0881,=0.0248,=219
="399008",中小300,2010-03-22,=0.0152,=1681.0100,=0.0159,=29.9352,=0.4621,=17.8364,=25.4661,=30.3763,=34.9853,=44.1418,=2.7924,=0.3446,=1.7846,=2.4620,=2.9644,=3.7707,=4.4948,=1.8860,=0.3467,=1.1664,=1.6529,=2.0427,=2.7766,=3.6888,=0.0130,=0.6719,=0.0063,=0.0086,=0.0115,=0.0151,=0.0216,=0.0232,=0.0868,=0.0228,=508
="000825",央企红利,2012-07-20,=0.0014,=3507.8276,=0.0158,=9.4336,=0.9711,=4.7369,=6.0940,=7.3075,=8.5163,=10.5687,=0.9152,=0.6624,=0.5507,=0.6915,=0.8555,=0.9954,=1.3929,=1.2571,=0.8784,=0.6009,=0.8548,=1.0811,=1.2234,=1.7357,=0.0407,=0.1063,=0.0330,=0.0423,=0.0473,=0.0555,=0.0713,=0.0224,=0.0902,=0.0228,=391
="399311",国证1000,2005-02-03,=0.0135,=5031.7400,=0.0149,=16.9227,=0.8211,=11.0854,=13.3222,=14.6211,=16.8483,=19.8966,=1.6497,=0.5927,=1.1918,=1.4217,=1.5928,=1.7956,=2.0383,=1.5931,=0.9312,=1.0112,=1.1700,=1.3061,=1.5314,=1.7074,=0.0231,=0.4332,=0.0172,=0.0199,=0.0239,=0.0282,=0.0380,=0.0236,=0.0857,=0.0233,=143
="930743",中证生科,2015-08-26,=0.0061,=3338.9161,=0.0140,=52.0840,=0.5816,=24.0733,=39.5208,=50.0909,=59.8819,=100.3520,=3.9654,=0.2345,=2.9526,=3.8413,=6.1134,=8.0612,=14.6705,=6.8419,=0.3252,=4.7455,=6.2659,=8.4261,=12.3883,=18.8359,=0.0087,=0.6434,=0.0025,=0.0045,=0.0061,=0.0106,=0.0169,=0.0226,=0.0618,=0.0204,=1230
="931168",绿色价值100,2019-06-27,,,=0.0139,=12.3681,=0.6885,=8.4906,=9.9910,=11.3620,=12.8071,=14.6050,=1.3510,=0.6816,=1.0223,=1.1895,=1.2842,=1.4026,=1.6052,=1.5632,=0.9207,=0.9649,=1.1316,=1.2539,=1.3696,=1.6482,=0.0302,=0.2862,=0.0243,=0.0292,=0.0315,=0.0356,=0.0439,=0.0274,=0.1011,=0.0242,=13
="000819",有色金属,2012-05-09,=0.0147,=9468.1100,=0.0134,=19.0672,=0.2692,=12.4710,=17.7448,=27.6626,=53.0675,=193.6727,=3.6449,=0.9143,=1.7791,=2.1409,=2.6247,=3.2777,=4.9698,=1.4202,=0.9254,=0.6317,=0.8246,=0.9661,=1.2830,=1.9863,=0.0162,=0.7350,=0.0033,=0.0059,=0.0107,=0.0185,=0.0249,=0.0625,=0.1569,=0.0361,=2047
="H30270",红利价值,2013-12-19,=-0.0020,=9651.9885,=0.0126,=7.9049,=0.7553,=4.4543,=5.4501,=6.7930,=8.6056,=13.0955,=0.8126,=0.6330,=0.5256,=0.6497,=0.7647,=1.2275,=1.7317,=1.6152,=0.9842,=0.5854,=0.8144,=1.0062,=1.3084,=1.6637,=0.0412,=0.1803,=0.0269,=0.0418,=0.0502,=0.0629,=0.0726,=0.0235,=0.0936,=0.0240,=220
="399989",中证医疗,2014-10-31,=0.0052,=6842.4200,=0.0122,=30.0806,=0.2226,=22.9032,=29.6672,=37.7768,=59.7299,=114.3753,=3.5356,=0.1529,=2.8553,=3.6704,=5.4409,=8.1687,=13.4814,=5.6711,=0.2222,=4.3528,=5.5977,=6.5245,=9.4594,=17.4163,=0.0125,=0.6805,=0.0025,=0.0042,=0.0058,=0.0145,=0.0225,=0.0284,=0.1137,=0.0290,=8590
="1000003",深圳A股,1994-01-01,=0.0172,=2561.2100,=0.0120,=43.0785,=0.7333,=20.1337,=32.6807,=37.4322,=46.5534,=60.3260,=2.8086,=0.5812,=1.7026,=2.2996,=2.6834,=3.2037,=3.7901,=2.0157,=0.5688,=1.2021,=1.6469,=1.9179,=2.3627,=3.1788,=0.0124,=0.6298,=0.0070,=0.0092,=0.0117,=0.0136,=0.0208,=0.0203,=0.0553,=0.0180,=1836
="399303",国证2000,2014-03-28,=0.0240,=10073.1000,=0.0118,=51.8949,=0.7815,=23.3937,=36.3012,=42.0208,=52.4720,=91.3621,=2.5086,=0.6690,=1.4941,=2.0787,=2.2964,=2.6950,=4.0650,=1.9120,=0.7354,=1.0643,=1.3926,=1.5532,=2.0825,=3.4322,=0.0100,=0.3850,=0.0040,=0.0087,=0.0104,=0.0118,=0.0187,=0.0140,=0.0453,=0.0143,=727
="HSIDI",恒生创新药指数,2023-01-01,=0.0104,=2722.8400,=0.0108,=36.2026,=0.1148,=21.3081,=44.4922,=53.2358,=105.7766,=157.2991,=3.3934,=0.7202,=1.7148,=2.1469,=2.7104,=3.8817,=5.1867,=3.0185,=0.7035,=1.5892,=1.8474,=2.3596,=3.3814,=4.4669,=0.0088,=0.2709,=0.0053,=0.0081,=0.0121,=0.0143,=0.0173,,=0.1014,,=254
="399372",大盘成长,2010-01-04,=0.0101,=5326.7200,=0.0105,=21.3386,=0.6092,=14.2162,=17.4055,=20.4584,=25.3722,=45.9159,=4.1304,=0.7082,=1.9139,=2.5129,=3.0699,=5.3725,=9.5601,=2.2287,=0.3413,=1.2183,=1.8035,=2.5934,=3.4508,=6.6651,=0.0164,=0.4481,=0.0069,=0.0115,=0.0170,=0.0231,=0.0308,=0.0399,=0.1447,=0.0379,=319
="000821",300红利,2012-07-20,=-0.0048,=6739.8250,=0.0101,=8.8702,=0.8974,=4.9998,=6.1944,=7.5608,=8.5181,=10.9286,=0.8763,=0.5350,=0.5725,=0.7140,=0.8620,=1.0763,=1.4919,=1.4142,=0.9126,=0.6098,=0.7993,=1.0658,=1.3297,=1.6963,=0.0425,=0.2053,=0.0319,=0.0424,=0.0473,=0.0563,=0.0673,=0.0235,=0.0916,=0.0239,=1008
="930708",中证有色,2015-07-13,=0.0153,=3114.2945,=0.0098,=18.8729,=0.2362,=13.9228,=18.3787,=29.4596,=56.9370,=410.8504,=3.3825,=0.8891,=1.7134,=2.0956,=2.5631,=3.1705,=4.7639,=1.2175,=0.8289,=0.6123,=0.7796,=0.8963,=1.1927,=1.7984,=0.0156,=0.7465,=0.0032,=0.0057,=0.0101,=0.0168,=0.0233,=0.0592,=0.1479,=0.0346,=539
="000913",300医药,2007-07-02,=0.0051,=8289.2900,=0.0096,=32.0093,=0.4015,=22.1588,=28.7651,=33.3095,=39.5137,=73.4129,=3.4073,=0.1220,=2.7345,=3.5535,=4.7620,=6.0065,=9.5028,=2.8470,=0.1657,=2.2757,=2.8900,=3.3239,=5.2959,=7.4989,=0.0161,=0.8500,=0.0040,=0.0072,=0.0090,=0.0155,=0.0221,=0.0300,=0.0967,=0.0342,=3417
="HSSCID",恒生港股通创新药指数,2023-07-01,=0.0170,=3192.2400,=0.0093,=36.2026,=0.1576,=20.9262,=39.0132,=44.3426,=60.8455,=216.1774,=3.3934,=0.6873,=1.6870,=2.0384,=2.6174,=4.0423,=5.1867,=3.0185,=0.6667,=1.6002,=1.8990,=2.4680,=3.5142,=4.4669,=0.0088,=0.3140,=0.0053,=0.0077,=0.0122,=0.0151,=0.0187,,=0.1014,,=125
="931829",中证回购,2023-10-17,,,=0.0085,=21.8493,=0.1968,=16.8171,=21.8946,=25.1473,=34.0432,=40.4937,=2.1934,=0.9210,=1.3801,=1.5745,=1.7497,=2.0404,=2.3571,=0.8613,=0.1595,=0.7604,=0.9186,=1.0086,=1.1460,=1.4917,=0.0278,=0.9756,=0.0146,=0.0164,=0.0208,=0.0248,=0.0286,=0.0242,=0.0495,=0.0133,=40
="HSHDYI",恒生高股息率指数,2012-12-10,=-0.0060,=1285.8900,=0.0082,=7.6704,=0.7644,=3.6777,=4.8612,=6.6084,=7.8218,=10.6953,=0.7142,=0.5849,=0.4041,=0.5046,=0.6466,=0.9016,=1.1746,=1.1195,=0.5654,=0.5013,=0.7008,=1.0618,=1.4943,=1.9871,=0.0525,=0.1962,=0.0423,=0.0527,=0.0604,=0.0808,=0.1102,,=0.0903,,=922
="930931",港股通50,2017-01-16,=-0.0035,=3911.2740,=0.0081,=10.1047,=0.5589,=6.5385,=8.7154,=9.8225,=11.3510,=15.8907,=1.0988,=0.5112,=0.7428,=0.9474,=1.0954,=1.1788,=1.6058,=1.8834,=0.7695,=1.1204,=1.4721,=1.7117,=1.9119,=2.6369,=0.0339,=0.2932,=0.0233,=0.0327,=0.0370,=0.0437,=0.0589,,=0.0979,,=296
="950180",科创AI,2024-07-25,=0.0448,=2263.1616,=0.0071,=158.3142,=0.6312,=66.2784,=99.7226,=145.1956,=184.5353,=271.3436,=13.1151,=0.8895,=3.9039,=6.0484,=9.7574,=12.0047,=18.6594,=20.0524,=0.9073,=6.3298,=9.5452,=14.4204,=17.1014,=29.3547,=0.0016,=0.0888,=0.0012,=0.0023,=0.0028,=0.0049,=0.0077,=0.0274,=0.0670,=0.0163,=226
="1000002",A股全指,1994-01-01,=0.0156,=5958.9256,=0.0067,=22.0255,=0.8549,=12.9500,=16.6929,=18.4846,=21.5736,=25.0020,=1.8291,=0.5932,=1.2633,=1.5740,=1.7419,=2.0048,=2.1910,=1.6792,=0.8104,=1.0499,=1.2419,=1.3989,=1.6694,=1.9034,=0.0193,=0.4122,=0.0142,=0.0166,=0.0205,=0.0235,=0.0329,=0.0215,=0.0745,=0.0211,=7973
="000985",中证全指,2011-08-02,=0.0156,=5958.9256,=0.0067,=21.0958,=0.8574,=12.6044,=15.9637,=17.6538,=20.4683,=23.7678,=1.7889,=0.5754,=1.2581,=1.5484,=1.7144,=1.9460,=2.1557,=1.6437,=0.8009,=1.0381,=1.2268,=1.3875,=1.6425,=1.8438,=0.0199,=0.4312,=0.0148,=0.0174,=0.0207,=0.0240,=0.0333,=0.0216,=0.0749,=0.0212,=745
="930903",中证A股,2016-10-18,=0.0156,=4107.3022,=0.0063,=21.0169,=0.8421,=12.9620,=16.2693,=17.8210,=20.6608,=23.9680,=1.7917,=0.5917,=1.2607,=1.5557,=1.7146,=1.9440,=2.2108,=1.6474,=0.8093,=1.0406,=1.2338,=1.3826,=1.6408,=1.9264,=0.0198,=0.4240,=0.0139,=0.0174,=0.0205,=0.0237,=0.0332,=0.0216,=0.0748,=0.0212,=21
="000937",中证公用,2009-07-03,=-0.0021,=2508.1967,=0.0056,=17.3247,=0.3467,=13.4460,=16.6002,=18.6430,=21.1313,=46.5328,=1.7133,=0.3582,=1.3423,=1.6286,=1.7683,=1.9633,=2.2557,=1.6474,=0.6360,=1.2657,=1.4810,=1.5857,=1.7750,=3.2521,=0.0295,=0.8355,=0.0192,=0.0235,=0.0276,=0.0292,=0.0348,=0.0215,=0.0905,=0.0250,=341
="000917",300公用,2007-07-02,=-0.0040,=2474.6162,=0.0055,=17.7870,=0.4872,=13.3250,=16.4635,=17.8574,=20.5953,=34.2477,=1.9306,=0.4353,=1.4019,=1.7146,=1.9744,=2.1718,=2.6347,=1.8725,=0.6146,=1.3139,=1.6332,=1.8147,=1.9940,=3.2322,=0.0309,=0.6410,=0.0191,=0.0239,=0.0299,=0.0324,=0.0390,=0.0223,=0.0974,=0.0266,=39
="000995",全指公用,2011-08-02,=-0.0021,=2596.2989,=0.0052,=17.7623,=0.3359,=14.4124,=16.7502,=18.9151,=23.9608,=55.0107,=1.7184,=0.4757,=1.2839,=1.5403,=1.7254,=1.8671,=2.1268,=1.7339,=0.7770,=1.2094,=1.4214,=1.5277,=1.7689,=2.4023,=0.0281,=0.7955,=0.0172,=0.0230,=0.0259,=0.0281,=0.0321,=0.0217,=0.0896,=0.0244,=330
="000861",央企创新,2019-05-16,=0.0083,=2579.0636,=0.0050,=15.7957,=0.8530,=10.3360,=12.0585,=13.4571,=15.2870,=18.8086,=1.4389,=0.9265,=1.0351,=1.1889,=1.3005,=1.3903,=1.5975,=0.8338,=0.9508,=0.4544,=0.5200,=0.5854,=0.7389,=0.8999,=0.0308,=0.4251,=0.0234,=0.0272,=0.0332,=0.0375,=0.0493,=0.0222,=0.0826,=0.0232,=271
="000811",细分有色,2012-04-11,=0.0138,=11424.9086,=0.0045,=18.6380,=0.2448,=13.5118,=17.9652,=29.2679,=55.9639,=305.9562,=3.4729,=0.9126,=1.7438,=2.0869,=2.5623,=3.1721,=4.8073,=1.3482,=0.9332,=0.6338,=0.7856,=0.9038,=1.1939,=1.9173,=0.0161,=0.7486,=0.0033,=0.0057,=0.0103,=0.0172,=0.0234,=0.0611,=0.1531,=0.0352,=203
="1000012",中小板全指,2005-12-01,=0.0152,=14603.9000,=0.0040,=36.9319,=0.2935,=22.6352,=35.3655,=41.0307,=47.5214,=73.8161,=2.7004,=0.4237,=1.7125,=2.3729,=2.7963,=3.4232,=4.5009,=1.7993,=0.3116,=1.1448,=1.6386,=1.9653,=2.5193,=3.8481,=0.0119,=0.6509,=0.0054,=0.0082,=0.0108,=0.0134,=0.0200,=0.0209,=0.0671,=0.0194,=568
="399101",中小综指,2005-12-01,=0.0152,=14603.9000,=0.0040,=36.8195,=0.3603,=22.7937,=34.4929,=40.4301,=45.9227,=65.2068,=2.6924,=0.4303,=1.7151,=2.3689,=2.7832,=3.3962,=4.4988,=1.8268,=0.3293,=1.1654,=1.6542,=1.9934,=2.5326,=3.8809,=0.0120,=0.6653,=0.0054,=0.0083,=0.0108,=0.0134,=0.0200,=0.0208,=0.0674,=0.0195,=26
="000808",医药生物,2012-02-17,=0.0071,=8316.4534,=0.0036,=32.9966,=0.4209,=23.4705,=28.3997,=34.5634,=37.8852,=66.3352,=3.1539,=0.1422,=2.6521,=3.2390,=4.1356,=4.9177,=7.9299,=2.9417,=0.3998,=2.0659,=2.6650,=3.0942,=3.5475,=6.2098,=0.0148,=0.8137,=0.0050,=0.0071,=0.0096,=0.0146,=0.0209,=0.0273,=0.0877,=0.0275,=1425
="931268",持续发展,2019-11-15,=0.0060,=2218.5648,=0.0026,=15.3651,=0.3553,=14.1354,=15.0921,=15.7082,=16.2477,=17.1877,=2.1192,=0.4748,=1.7338,=1.8366,=2.1369,=2.2406,=2.3440,=1.9349,=0.8491,=1.5998,=1.7299,=1.7985,=1.8418,=2.0502,=0.0282,=0.1321,=0.0268,=0.0286,=0.0305,=0.0315,=0.0326,=0.0313,=0.1256,=0.0323,=24
="000929",中证材料,2009-07-03,=0.0186,=4474.4684,=0.0025,=20.3047,=0.5519,=9.9126,=14.1083,=19.5212,=24.6327,=453.6656,=2.4793,=0.8969,=1.3680,=1.6188,=1.9046,=2.3183,=3.1607,=1.2265,=0.8347,=0.6315,=0.7658,=0.8824,=1.1997,=1.5845,=0.0178,=0.4308,=0.0058,=0.0135,=0.0200,=0.0239,=0.0294,=0.0399,=0.1037,=0.0230,=527
="000044",上证中盘,2009-07-03,=0.0110,=4571.5700,=0.0018,=12.7865,=0.5338,=8.6509,=10.4793,=12.5309,=14.6389,=18.7575,=1.2186,=0.4019,=0.9210,=1.0900,=1.2677,=1.6500,=1.9734,=1.2283,=0.4633,=0.9382,=1.1499,=1.2416,=1.4238,=1.7773,=0.0295,=0.6459,=0.0180,=0.0223,=0.0270,=0.0338,=0.0421,=0.0229,=0.0859,=0.0223,=101
="000903",中证A100,2006-05-29,=0.0060,=4491.6500,=0.0012,=17.4321,=0.9427,=9.4390,=11.2572,=12.6440,=14.6213,=18.7565,=1.9097,=0.9736,=1.1800,=1.3859,=1.5268,=1.6861,=1.9716,=1.6407,=0.9810,=0.9660,=1.1007,=1.2217,=1.3841,=1.7127,=0.0262,=0.1719,=0.0221,=0.0264,=0.0291,=0.0329,=0.0397,=0.0253,=0.0942,=0.0251,=3095
="930050",中证A50,2024-01-02,=0.0009,=1788.9218,=0.0008,=16.8311,=0.3178,=13.9812,=16.0279,=17.3638,=18.1045,=19.9330,=2.1688,=0.6916,=1.7817,=1.9718,=2.0960,=2.2047,=2.3759,=1.6977,=0.9470,=1.0165,=1.1289,=1.3726,=1.5825,=1.7441,=0.0282,=0.1495,=0.0260,=0.0285,=0.0297,=0.0308,=0.0348,=0.0291,=0.1115,=0.0275,=1039
="000991",全指医药,2011-08-02,=0.0067,=8723.8500,=0.0007,=31.2910,=0.3293,=23.5983,=29.4135,=33.9439,=39.4753,=73.5923,=3.0461,=0.1072,=2.5957,=3.1712,=3.7466,=4.5642,=6.5650,=2.8690,=0.3978,=2.0200,=2.6563,=2.9948,=3.6933,=5.9103,=0.0157,=0.8726,=0.0055,=0.0073,=0.0097,=0.0148,=0.0212,=0.0278,=0.0907,=0.0276,=7987
="931140",医药50,2019-03-20,=0.0041,=10283.9097,=0.0003,=25.6354,=0.2104,=20.8651,=25.5351,=28.5741,=42.5005,=67.0844,=3.9961,=0.1274,=3.0998,=4.2089,=4.9458,=7.3883,=10.9696,=4.7564,=0.3007,=3.4950,=4.6162,=5.1225,=7.0838,=12.1248,=0.0161,=0.7281,=0.0046,=0.0077,=0.0108,=0.0173,=0.0237,=0.0393,=0.1515,=0.0402,=1221
="000028",180成长,2009-01-09,=0.0188,=3914.0300,=0.0002,=14.0122,=0.4345,=9.5268,=12.3237,=14.6715,=18.2344,=25.1474,=2.0964,=0.3166,=1.5063,=1.8669,=2.6889,=3.1694,=5.1089,=2.5775,=0.9815,=1.1581,=1.4641,=1.6361,=1.8921,=2.7082,=0.0239,=0.6484,=0.0090,=0.0178,=0.0225,=0.0253,=0.0375,=0.0333,=0.1358,=0.0227,=195
="HSISC",恒指港股通指数,2024-03-01,=-0.0039,=3497.5800,=0.0002,=11.5454,=0.6459,=7.5992,=8.6819,=10.6348,=11.9056,=12.8475,=1.2438,=0.7230,=0.8411,=0.9231,=1.1475,=1.2569,=1.3442,=1.5506,=0.6082,=0.9830,=1.1426,=1.4499,=1.6100,=1.7320,=0.0334,=0.1000,=0.0322,=0.0341,=0.0381,=0.0500,=0.0595,,=0.1037,,=52
="000300",沪深300,2005-04-08,=0.0086,=4630.2800,=0.0001,=14.1253,=0.7807,=10.0799,=11.6919,=12.7189,=14.1765,=17.6279,=1.4652,=0.4934,=1.1457,=1.3350,=1.4674,=1.6202,=1.9228,=1.5465,=0.8953,=1.0330,=1.1718,=1.3155,=1.4687,=1.7482,=0.0272,=0.4732,=0.0199,=0.0236,=0.0274,=0.0317,=0.0422,=0.0246,=0.0934,=0.0249,=49422
="932255",A500红利增长,2025-04-09,,,=-0.0005,=10.7606,=0.3994,=9.2509,=10.4223,=10.8968,=11.7188,=12.2754,=1.2581,=0.3669,=1.0684,=1.2221,=1.2819,=1.3591,=1.4369,=1.7284,=0.3876,=1.3292,=1.6775,=1.7496,=1.9536,=2.0549,=0.0335,=0.1065,=0.0327,=0.0339,=0.0354,=0.0373,=0.0393,=0.0280,=0.1066,,=43
="931397",A股通50,2020-02-20,,,=-0.0012,=13.6070,=0.5837,=8.9450,=10.5978,=13.0050,=21.3949,=29.8209,=1.7450,=0.4915,=1.1048,=1.2800,=1.7530,=3.5560,=4.6955,=2.2738,=0.6785,=1.0496,=1.2900,=1.8929,=2.8416,=3.9597,=0.0279,=0.4940,=0.0113,=0.0157,=0.0279,=0.0366,=0.0493,=0.0296,=0.1069,=0.0278,=11
="000842",800等权,2012-12-21,,,=-0.0016,=16.2002,=0.8512,=10.7808,=12.9023,=14.0921,=16.0030,=18.9686,=1.6076,=0.5923,=1.1816,=1.3959,=1.5518,=1.7176,=1.9628,=1.5814,=0.9361,=1.0117,=1.1472,=1.2952,=1.4901,=1.6796,=0.0240,=0.4299,=0.0180,=0.0211,=0.0248,=0.0289,=0.0389,=0.0241,=0.0890,=0.0237,=162
="932366",300现金流,2024-11-12,=0.0002,=3334.1012,=-0.0023,=14.3164,=0.5963,=12.5879,=13.4414,=14.0608,=14.9116,=16.2670,=1.6918,=0.2225,=1.4920,=1.6854,=1.8204,=1.8935,=1.9885,=1.3194,=0.3784,=1.0861,=1.2258,=1.3887,=1.4393,=1.5124,=0.0369,=0.1307,=0.0324,=0.0378,=0.0400,=0.0411,=0.0453,=0.0285,=0.1163,=0.0355,=189
="HSI",恒生指数,1989-03-09,=-0.0034,=25565.7400,=-0.0025,=11.7103,=0.6912,=6.9462,=9.2277,=10.3754,=12.2508,=16.9606,=1.2491,=0.7461,=0.7519,=0.9738,=1.1321,=1.2676,=1.5570,=1.5061,=0.5745,=0.8141,=1.1481,=1.4419,=1.6542,=2.0895,=0.0330,=0.2014,=0.0204,=0.0330,=0.0368,=0.0444,=0.0596,,=0.1032,,=13635
="1000015",港股全指,2000-01-01,=-0.0034,=25565.7400,=-0.0025,=13.1336,=0.7141,=7.5917,=10.2569,=11.4481,=13.6002,=19.1348,=1.1311,=0.6608,=0.6574,=0.8625,=1.0730,=1.1863,=1.5123,=1.2131,=0.6860,=0.6196,=0.8644,=1.1076,=1.2707,=1.5791,=0.0316,=0.3408,=0.0205,=0.0300,=0.0332,=0.0422,=0.0574,,,,=308
="399394",国证医药,2012-10-29,=0.0073,=8462.7600,=-0.0028,=33.0294,=0.4365,=22.8656,=29.2541,=34.0385,=38.7732,=65.8576,=3.2994,=0.1513,=2.7032,=3.3899,=4.4442,=5.3459,=8.6075,=2.9653,=0.3871,=1.9890,=2.7092,=3.1216,=4.5871,=6.5385,=0.0149,=0.8392,=0.0047,=0.0073,=0.0093,=0.0144,=0.0225,=0.0285,=0.0916,=0.0308,=1068
="1000004",上海A股,1994-01-01,=0.0113,=3956.5700,=-0.0031,=17.1282,=0.9200,=10.8441,=12.9364,=14.2936,=16.2348,=18.4959,=1.5186,=0.6076,=1.1181,=1.3162,=1.4440,=1.5939,=1.8457,=1.5261,=0.9518,=0.9734,=1.0889,=1.2357,=1.4079,=1.6065,=0.0234,=0.3520,=0.0184,=0.0214,=0.0254,=0.0296,=0.0389,=0.0219,=0.0804,=0.0221,=4924
="000001",上证指数,1991-07-15,=0.0113,=3956.5700,=-0.0031,=16.4530,=0.8862,=10.8403,=12.7209,=13.8351,=15.9872,=17.9144,=1.4818,=0.5870,=1.1148,=1.3021,=1.4405,=1.5631,=1.8463,=1.4855,=0.9217,=0.9369,=1.0774,=1.2154,=1.4130,=1.5771,=0.0241,=0.3908,=0.0185,=0.0223,=0.0252,=0.0297,=0.0391,=0.0219,=0.0804,=0.0221,=1555
="000933",中证医药,2009-07-03,=0.0065,=8056.5600,=-0.0042,=30.7191,=0.4106,=22.6651,=27.9022,=32.2644,=36.4095,=63.0472,=3.1667,=0.1966,=2.5059,=3.1725,=3.9660,=4.6056,=7.0232,=2.7931,=0.3706,=1.9281,=2.5100,=2.9935,=3.5034,=5.1631,=0.0159,=0.8314,=0.0055,=0.0078,=0.0098,=0.0155,=0.0226,=0.0282,=0.0926,=0.0299,=7211
="HSAHP",恒生沪深港通AH股溢价指数,2007-07-09,=0.0029,=122.9300,=-0.0043,=10.9546,=0.9138,=5.5550,=7.1430,=8.3701,=9.8038,=12.3156,=1.1036,=0.8435,=0.6208,=0.7734,=0.9226,=1.0849,=1.3863,=1.2645,=0.9249,=0.5653,=0.7668,=0.9030,=1.0916,=1.3750,=0.0322,=0.0664,=0.0268,=0.0346,=0.0398,=0.0520,=0.0665,,=0.0958,,=349
="932305",智选高股息,2024-09-30,=-0.0067,=11104.9507,=-0.0049,=9.5069,=0.8139,=7.0143,=7.5166,=8.3970,=9.4802,=10.9391,=1.0732,=0.6732,=0.8750,=0.9265,=1.0528,=1.0857,=1.1675,=0.5172,=0.0649,=0.4805,=0.7208,=0.7691,=1.2701,=1.3342,=0.0608,=0.3745,=0.0457,=0.0594,=0.0634,=0.0684,=0.0723,=0.0253,=0.1000,=0.0324,=363
="399348",深证价值,2009-11-04,=0.0032,=6488.2500,=-0.0052,=17.2817,=0.7836,=9.9756,=12.8084,=14.9124,=17.4443,=21.4453,=1.7468,=0.5503,=1.2527,=1.4911,=1.7200,=2.0666,=2.9268,=1.2993,=0.6814,=0.8306,=1.0363,=1.1856,=1.4760,=2.1193,=0.0284,=0.6274,=0.0153,=0.0218,=0.0268,=0.0308,=0.0407,=0.0245,=0.0871,=0.0201,=293
="932037",央企现代能源,2022-11-16,=0.0046,=1451.4647,=-0.0052,=15.4467,=0.8757,=10.8583,=12.0342,=12.9230,=14.4413,=18.2611,=1.5802,=0.8092,=1.1507,=1.3432,=1.4245,=1.5750,=1.8914,=0.9451,=0.9106,=0.4850,=0.6222,=0.7566,=0.8507,=1.0835,=0.0331,=0.1047,=0.0297,=0.0356,=0.0403,=0.0430,=0.0461,=0.0273,=0.0952,=0.0272,=39
="931000",大湾区,2017-07-19,=0.0203,=1758.9218,=-0.0056,=19.1711,=0.8061,=11.8370,=14.5748,=16.2521,=19.1377,=23.4463,=2.1062,=0.5312,=1.3750,=1.7709,=2.0734,=2.5457,=3.2666,=1.5586,=0.4919,=1.1015,=1.3364,=1.5627,=1.8692,=2.5221,=0.0212,=0.4693,=0.0138,=0.0173,=0.0220,=0.0260,=0.0341,=0.0236,=0.0809,=0.0227,=16
="931130",红利成长低波,2018-12-04,,,=-0.0062,=7.9562,=0.5371,=4.4465,=5.5956,=7.7958,=8.7025,=11.5512,=0.8018,=0.3467,=0.5279,=0.6263,=0.8957,=1.0255,=1.5803,=2.7177,=0.9957,=0.3109,=0.8161,=1.3269,=1.9836,=2.8088,=0.0389,=0.3184,=0.0246,=0.0323,=0.0423,=0.0532,=0.0639,=0.0231,=0.0934,=0.0229,=155
="931166",医药健康100,2019-04-25,=0.0087,=4008.5057,=-0.0062,=25.7265,=0.4846,=17.5935,=22.4279,=25.9882,=35.7562,=58.5515,=3.5954,=0.3363,=2.7671,=3.3753,=4.1610,=5.8423,=8.5226,=4.7348,=0.8574,=2.1887,=3.0605,=3.8009,=4.5119,=6.8190,=0.0157,=0.6771,=0.0059,=0.0080,=0.0121,=0.0179,=0.0263,=0.0346,=0.1325,=0.0321,=402
="399310",国证A50,2005-09-05,=0.0039,=7961.9500,=-0.0069,=16.3956,=0.7890,=8.8433,=10.6073,=13.6325,=16.6592,=22.6576,=1.9975,=0.7469,=1.1237,=1.3162,=1.6842,=2.0439,=2.9417,=1.4721,=0.7444,=0.9633,=1.1381,=1.2488,=1.5146,=2.2769,=0.0244,=0.2308,=0.0160,=0.0240,=0.0294,=0.0316,=0.0370,=0.0272,=0.1076,=0.0263,=292
="930629",CSSW健康,2015-05-08,=0.0018,=5685.7499,=-0.0071,=12.8339,=0.0099,=12.1031,=17.4053,=21.4618,=38.4844,=49.9253,=2.0124,=0.1134,=1.7351,=2.1447,=3.0269,=4.5793,=6.2998,=1.6352,=0.2980,=1.2755,=1.5525,=1.8757,=4.7309,=7.2978,=0.0226,=0.8965,=0.0055,=0.0077,=0.0160,=0.0213,=0.0272,=0.0270,=0.1388,=0.0324,=280
="399377",小盘价值,2010-01-04,=0.0054,=7634.8800,=-0.0081,=16.9198,=0.6728,=9.8385,=13.2773,=15.1889,=19.3151,=34.2299,=1.3267,=0.6827,=0.8997,=1.0824,=1.2375,=1.5252,=2.1990,=0.7520,=0.5612,=0.4594,=0.5454,=0.7122,=1.1388,=1.8295,=0.0282,=0.6539,=0.0113,=0.0198,=0.0259,=0.0310,=0.0386,=0.0183,=0.0578,=0.0162,=625
="931848",800红利低波,2024-05-21,=-0.0077,=3138.3196,=-0.0086,=9.0767,=0.5226,=7.4155,=8.3015,=9.0459,=9.4545,=9.7854,=0.8869,=0.3165,=0.7315,=0.8577,=0.9160,=0.9679,=1.0024,=1.6699,=0.9855,=1.1714,=1.2403,=1.3547,=1.3966,=1.7233,=0.0409,=0.1374,=0.0399,=0.0412,=0.0435,=0.0517,=0.0594,=0.0237,=0.0929,=0.0230,=159
="000813",细分化工,2012-04-11,=0.0277,=3778.0536,=-0.0091,=19.1741,=0.3850,=11.4329,=16.5252,=21.8024,=27.4693,=42.1751,=2.5444,=0.4856,=1.6736,=2.0410,=2.5779,=3.0887,=4.9148,=1.4450,=0.5346,=0.8896,=1.1114,=1.3996,=1.9407,=3.1071,=0.0183,=0.6434,=0.0059,=0.0108,=0.0166,=0.0201,=0.0259,=0.0394,=0.0961,=0.0234,=1000
="931039",银行AH,2017-12-06,=-0.0083,=12650.7725,=-0.0105,=6.0918,=0.8768,=3.2016,=4.0979,=5.2568,=5.9078,=7.9938,=0.5763,=0.5408,=0.3790,=0.4590,=0.5652,=0.7103,=1.0569,=2.2879,=0.9022,=1.0856,=1.4357,=1.7574,=2.1663,=2.9053,=0.0472,=0.1164,=0.0324,=0.0491,=0.0544,=0.0737,=0.0997,,=0.0881,,=110
="930723",沪港深F100,2015-08-05,=-0.0049,=5036.3440,=-0.0111,=9.9832,=0.7215,=5.4557,=7.5729,=9.0720,=10.1716,=13.1279,=1.0317,=0.5803,=0.6469,=0.8477,=1.0077,=1.1158,=1.4626,=1.3239,=0.8627,=0.6039,=0.8635,=1.0804,=1.2941,=1.6654,=0.0370,=0.3159,=0.0281,=0.0354,=0.0393,=0.0500,=0.0650,,=0.0918,,=151
="930791",CS医药TI,2016-03-22,=0.0070,=9152.6238,=-0.0116,=34.3511,=0.4419,=23.2364,=30.0855,=35.4118,=40.2334,=70.7414,=2.9230,=0.1360,=2.4395,=3.0201,=3.8263,=4.5719,=6.6660,=2.6943,=0.2988,=2.0598,=2.5748,=2.9512,=3.5138,=5.1130,=0.0151,=0.8619,=0.0054,=0.0072,=0.0098,=0.0144,=0.0204,=0.0251,=0.0784,=0.0255,=199
="931395",沪港深300,2020-01-14,=0.0047,=1703.4527,=-0.0121,=12.0368,=0.6577,=8.3275,=10.0371,=10.9063,=12.5334,=16.6490,=1.2805,=0.6093,=0.9663,=1.1057,=1.2256,=1.3680,=1.7241,=1.5800,=0.7849,=0.9881,=1.1750,=1.3343,=1.5879,=1.8801,=0.0305,=0.2873,=0.0218,=0.0273,=0.0331,=0.0392,=0.0499,,=0.0964,,=509
="000971",等权90,2010-12-02,=0.0095,=3316.9725,=-0.0126,=13.5901,=0.7594,=8.9747,=10.9611,=11.9569,=13.7750,=19.4330,=1.5668,=0.6992,=1.1544,=1.3322,=1.4635,=1.6219,=2.2329,=1.8161,=0.9790,=1.0052,=1.1518,=1.2708,=1.5572,=1.9075,=0.0270,=0.3020,=0.0181,=0.0255,=0.0290,=0.0330,=0.0448,=0.0259,=0.1045,=0.0271,=10
="930992",沪港深红利低波,2017-06-28,,,=-0.0144,=8.0166,=0.8687,=4.0130,=5.2183,=5.9712,=7.8598,=8.5109,=0.7593,=0.9142,=0.4277,=0.5392,=0.5952,=0.7362,=0.7950,=1.1932,=0.8161,=0.4496,=0.6023,=0.8929,=1.1882,=1.3912,=0.0486,=0.0175,=0.0476,=0.0536,=0.0713,=0.0766,=0.0949,,=0.0878,,=56
="931802",中证龙头,2010-02-09,=0.0062,=1817.4758,=-0.0144,=13.2895,=0.6777,=9.1945,=11.4192,=12.4394,=14.0025,=18.2393,=2.0396,=0.9402,=1.2921,=1.4768,=1.6741,=1.9022,=2.6625,=2.7343,=0.9798,=0.9048,=1.0871,=1.3735,=2.0165,=2.8954,=0.0284,=0.4357,=0.0165,=0.0261,=0.0292,=0.0352,=0.0446,=0.0324,=0.1325,=0.0308,=98
="931373",股息龙头,2019-11-15,,,=-0.0156,=10.0755,=0.8492,=5.4295,=6.9128,=8.4315,=9.6574,=11.4004,=1.2026,=0.9495,=0.6697,=0.8574,=1.0184,=1.1350,=1.2586,=1.8680,=0.9945,=0.5706,=0.8177,=0.9974,=1.4130,=1.9212,=0.0386,=0.1112,=0.0347,=0.0397,=0.0462,=0.0543,=0.0682,=0.0258,=0.1004,=0.0264,=329
="931167",先进制造100,2019-04-25,=-0.0042,=7619.6470,=-0.0157,=16.3763,=0.7535,=10.3762,=13.0341,=14.2960,=16.9414,=20.9116,=2.7488,=0.8377,=1.6383,=2.0294,=2.2661,=2.6232,=3.3727,=1.9128,=0.9051,=0.9031,=1.2368,=1.4454,=1.6743,=2.1795,=0.0311,=0.9023,=0.0136,=0.0208,=0.0256,=0.0294,=0.0362,=0.0404,=0.1483,=0.0310,=344
="399550",央视50,2012-06-06,=0.0047,=7964.2000,=-0.0158,=10.0397,=0.7448,=6.8960,=8.3125,=9.3609,=10.1648,=13.0561,=1.0222,=0.2486,=0.8649,=1.0116,=1.2267,=1.4261,=1.8564,=2.0963,=0.8487,=1.3448,=1.6641,=1.8353,=2.0669,=2.5217,=0.0390,=0.5606,=0.0268,=0.0326,=0.0378,=0.0446,=0.0593,=0.0237,=0.0945,=0.0248,=2276
="932000",中证2000,2023-08-11,=0.0198,=3152.4541,=-0.0159,=117.2960,=0.5970,=44.0427,=58.4127,=88.8472,=153.6919,=228.3990,=2.5871,=0.6689,=1.5089,=1.9853,=2.3575,=2.8543,=3.3036,=2.1360,=0.6784,=1.1809,=1.5622,=1.8796,=2.3259,=2.6726,=0.0080,=0.2944,=0.0062,=0.0077,=0.0091,=0.0113,=0.0155,=0.0098,=0.0154,=0.0097,=1234
="399314",巨潮大盘,2005-02-03,=0.0067,=5037.1500,=-0.0159,=13.1912,=0.7168,=9.6620,=11.1381,=12.0849,=13.4972,=17.5384,=1.4172,=0.5074,=1.0976,=1.2830,=1.4152,=1.5848,=1.9279,=1.5468,=0.8887,=0.9932,=1.1678,=1.3141,=1.4752,=1.8124,=0.0282,=0.4621,=0.0201,=0.0248,=0.0286,=0.0328,=0.0435,=0.0244,=0.0938,=0.0251,=17
="000010",上证180,2002-07-01,=0.0110,=9854.4100,=-0.0161,=11.9620,=0.7370,=8.4900,=9.9408,=11.0435,=12.1444,=14.6942,=1.2390,=0.4514,=0.9930,=1.1498,=1.2559,=1.3646,=1.6698,=1.4212,=0.9209,=0.8990,=1.0652,=1.1946,=1.3136,=1.4916,=0.0307,=0.4501,=0.0224,=0.0272,=0.0313,=0.0373,=0.0465,=0.0240,=0.0943,=0.0246,=2510
="930839",港股通高息精选,2016-06-08,=-0.0039,=3395.8284,=-0.0176,=9.6365,=0.5369,=4.9918,=7.1350,=9.3528,=13.0922,=31.7979,=1.3520,=0.7468,=0.7294,=0.9293,=1.0784,=1.5790,=4.8768,=1.1636,=0.4554,=0.3418,=0.5599,=1.2265,=1.8479,=6.3245,=0.0514,=0.5313,=0.0089,=0.0375,=0.0497,=0.0677,=0.1118,,=0.1433,,=392
="931992",疫苗生物,2013-07-15,=0.0118,=1184.4472,=-0.0188,=191.0365,=0.8783,=26.1322,=66.3824,=88.7516,=167.4065,=55588.3979,=3.0786,=0.5309,=2.2475,=2.7020,=3.0445,=3.6220,=5.0256,=5.4700,=0.7115,=3.7134,=4.7128,=5.1940,=5.5905,=6.4257,=0.0098,=0.6222,=0.0060,=0.0068,=0.0088,=0.0105,=0.0125,=0.0112,=0.0013,=0.0085,=34
="399019",创业200,2023-11-15,=0.0223,=4458.4400,=-0.0193,=69.2030,=0.3288,=45.1604,=60.2464,=83.1891,=109.9845,=137.0675,=3.3104,=0.5510,=1.8905,=2.4884,=3.2332,=3.8733,=4.5553,=3.1565,=0.6423,=1.7802,=2.3411,=2.8891,=3.4152,=4.2060,=0.0079,=0.5129,=0.0055,=0.0065,=0.0078,=0.0089,=0.0120,=0.0165,=0.0404,=0.0111,=86
="000043",超大盘,2009-04-23,=0.0061,=2559.1400,=-0.0220,=11.3741,=0.5829,=7.5271,=9.4626,=10.9298,=12.8858,=17.2195,=1.3528,=0.4909,=0.9803,=1.2132,=1.3551,=1.5050,=1.9858,=2.2138,=0.9617,=0.7153,=0.8691,=1.2663,=1.5320,=2.3305,=0.0319,=0.4448,=0.0191,=0.0242,=0.0326,=0.0406,=0.0547,=0.0268,=0.1053,=0.0277,=168
="399702",深证F120,2010-05-10,=0.0007,=7404.3800,=-0.0226,=25.1390,=0.9460,=12.6034,=17.7484,=20.7912,=22.6607,=28.8861,=2.2622,=0.5688,=1.5963,=1.9896,=2.2160,=2.6272,=3.5867,=1.4365,=0.6319,=0.8721,=1.1406,=1.3247,=1.5883,=2.2308,=0.0213,=0.6987,=0.0114,=0.0165,=0.0194,=0.0232,=0.0299,=0.0250,=0.0726,=0.0233,=1429
="932420",智选船舶产业,2025-05-28,=0.0061,=1412.5086,=-0.0226,=19.8311,=0.8149,=12.9248,=14.1928,=16.9628,=19.7526,=21.8048,=1.4389,=0.8539,=1.1414,=1.2433,=1.3041,=1.4223,=1.5726,=1.0370,=0.8084,=0.8043,=0.8851,=0.9509,=1.0348,=1.1519,=0.0242,=0.1396,=0.0219,=0.0250,=0.0293,=0.0317,=0.0350,=0.0198,=0.0735,,=20
="931587",500价值稳健,2020-11-09,=0.0016,=21443.5023,=-0.0229,=16.8650,=0.9234,=9.7530,=12.2251,=14.2503,=15.6408,=19.8926,=1.3778,=0.8713,=0.8925,=1.0585,=1.1628,=1.3251,=1.5437,=0.8287,=0.9935,=0.3384,=0.4614,=0.5135,=0.5916,=0.8392,=0.0327,=0.4049,=0.0250,=0.0298,=0.0336,=0.0360,=0.0456,=0.0221,=0.0672,=0.0198,=81
="950090",50AH优选,2015-12-10,=0.0075,=6044.1556,=-0.0229,=9.9062,=0.8137,=6.3188,=7.9172,=8.7095,=9.8650,=13.5010,=1.0741,=0.6515,=0.7914,=0.9506,=1.0318,=1.1228,=1.5403,=1.3998,=0.9767,=0.6574,=0.8491,=0.9568,=1.0772,=1.4553,=0.0360,=0.2811,=0.0256,=0.0346,=0.0397,=0.0476,=0.0655,,=0.1007,,=1999
="H50040",上红低波,2014-03-21,=-0.0060,=10771.8943,=-0.0231,=8.3969,=0.7659,=4.6938,=5.9512,=7.1350,=9.6645,=14.3118,=0.8549,=0.5833,=0.5647,=0.6911,=0.8311,=1.3609,=1.8756,=1.6451,=0.9835,=0.6380,=0.8684,=1.2018,=1.4123,=1.6905,=0.0417,=0.2642,=0.0230,=0.0391,=0.0465,=0.0588,=0.0718,=0.0234,=0.0936,=0.0244,=375
="H30455",沪港深500,2014-11-28,=0.0047,=2594.3454,=-0.0238,=12.8709,=0.7330,=8.5690,=10.3715,=11.5538,=13.2242,=16.8903,=1.3426,=0.6212,=0.9675,=1.1610,=1.2959,=1.4056,=1.7307,=1.5705,=0.8645,=0.9518,=1.1783,=1.3304,=1.5211,=1.7787,=0.0295,=0.3748,=0.0214,=0.0275,=0.0306,=0.0375,=0.0485,,=0.0953,,=525
="HSLI",恒生综合大型股指数,2001-10-03,=-0.0029,=2349.5400,=-0.0242,=10.8507,=0.5711,=6.9327,=9.1517,=10.5912,=11.7587,=17.6478,=1.1100,=0.4764,=0.7133,=0.9439,=1.1167,=1.2416,=1.6032,=1.5131,=0.6247,=0.8297,=1.1852,=1.4404,=1.6322,=2.0023,=0.0343,=0.3818,=0.0207,=0.0314,=0.0355,=0.0440,=0.0582,,,,=102
="399701",深证F60,2010-05-10,=-0.0019,=7748.4200,=-0.0242,=22.6405,=0.8405,=12.1841,=17.0099,=19.9512,=22.2645,=29.1141,=2.0824,=0.3244,=1.6712,=2.0189,=2.1792,=2.5392,=3.7270,=1.3650,=0.5049,=1.0125,=1.2363,=1.3621,=1.5636,=2.4139,=0.0256,=0.8652,=0.0118,=0.0177,=0.0206,=0.0249,=0.0310,=0.0232,=0.0664,=0.0243,=1680
="399371",国证价值,2010-01-04,=0.0005,=7017.2200,=-0.0258,=9.9282,=0.7197,=6.4728,=7.8356,=9.0964,=10.3230,=13.0475,=0.9941,=0.4765,=0.7249,=0.8967,=1.0028,=1.2191,=1.5675,=1.1239,=0.8318,=0.5764,=0.7536,=0.8693,=1.0946,=1.3812,=0.0380,=0.3780,=0.0249,=0.0340,=0.0395,=0.0477,=0.0565,=0.0233,=0.0892,=0.0237,=152
="399020",创业小盘,2023-11-15,=0.0275,=1728.2500,=-0.0278,=109.2048,=0.3096,=48.5170,=82.6203,=143.0005,=211.6619,=256.8495,=3.4376,=0.6059,=1.8521,=2.4673,=3.2415,=3.7815,=4.3734,=3.3850,=0.5941,=1.9895,=2.5850,=3.2020,=3.7879,=4.2999,=0.0059,=0.1526,=0.0050,=0.0061,=0.0068,=0.0082,=0.0109,=0.0115,=0.0199,=0.0104,=13
="H30269",红利低波,2013-12-19,=-0.0069,=10925.8282,=-0.0280,=8.4141,=0.7663,=4.5638,=5.5488,=6.9330,=9.4786,=14.4342,=0.8661,=0.6270,=0.5386,=0.6570,=0.7994,=1.3872,=1.9670,=1.6367,=0.9885,=0.6111,=0.8850,=1.0977,=1.4173,=1.6809,=0.0424,=0.2486,=0.0246,=0.0406,=0.0503,=0.0605,=0.0732,=0.0236,=0.0946,=0.0236,=4804
="000955",中证国企,2010-02-09,,,=-0.0280,=14.9518,=0.7997,=10.0979,=11.7062,=12.7334,=14.9539,=16.8119,=1.2700,=0.4567,=1.0210,=1.1826,=1.2856,=1.4101,=1.7591,=1.2938,=0.8219,=0.7969,=0.9757,=1.0900,=1.2841,=1.4527,=0.0271,=0.4819,=0.0195,=0.0242,=0.0273,=0.0324,=0.0414,=0.0213,=0.0765,=0.0217,=44
="399313",巨潮100,2005-02-03,=0.0058,=5293.6500,=-0.0281,=12.4318,=0.7997,=8.9278,=10.3882,=11.1413,=12.4332,=16.6101,=1.3694,=0.5907,=1.0718,=1.2426,=1.3393,=1.4929,=1.8501,=1.7061,=0.9835,=0.9844,=1.1492,=1.2734,=1.4595,=1.7644,=0.0288,=0.3182,=0.0217,=0.0274,=0.0303,=0.0349,=0.0452,=0.0250,=0.0999,=0.0255,=211
="HSLMI",恒生综合大中型股指数,2015-06-08,=-0.0024,=4008.0200,=-0.0283,=11.5078,=0.6487,=7.0073,=9.3073,=10.6749,=12.3479,=17.7261,=1.1328,=0.5825,=0.6929,=0.9060,=1.1008,=1.2279,=1.5417,=1.3413,=0.7498,=0.6858,=0.9753,=1.1828,=1.3720,=1.6465,=0.0334,=0.3989,=0.0214,=0.0309,=0.0346,=0.0437,=0.0602,,,,=88
="HSCAIT",恒生A股行业龙头指数,2009-09-21,=-0.0009,=5595.5400,=-0.0288,=12.3766,=0.8794,=8.2192,=9.8003,=10.5488,=11.8858,=14.1027,=1.3314,=0.7254,=1.0288,=1.1884,=1.2679,=1.3563,=1.6997,=1.3396,=0.9296,=0.8424,=0.9741,=1.0588,=1.2224,=1.4109,=0.0340,=0.4216,=0.0260,=0.0318,=0.0347,=0.0405,=0.0503,=0.0256,=0.1023,=0.0256,=494
="930740",300红利LV,2018-12-04,=-0.0108,=6957.2128,=-0.0296,=8.9848,=0.8629,=5.4153,=6.8431,=7.5544,=8.7638,=9.6903,=0.8710,=0.5413,=0.6159,=0.7741,=0.8574,=0.9447,=1.0604,=1.5701,=0.8581,=0.6725,=0.8591,=1.0826,=1.5179,=1.9253,=0.0427,=0.2565,=0.0370,=0.0419,=0.0451,=0.0510,=0.0622,=0.0239,=0.0932,=0.0223,=645
="930949",价值回报,2017-02-24,,,=-0.0299,=13.1259,=0.8619,=5.5354,=8.1753,=10.0399,=12.4981,=17.5400,=2.2015,=0.8078,=1.2865,=1.4784,=1.7526,=2.1855,=3.1701,=1.4618,=0.9706,=0.5488,=0.7128,=0.8790,=1.2793,=1.7276,=0.0369,=0.5381,=0.0155,=0.0258,=0.0352,=0.0485,=0.0681,=0.0290,=0.1096,=0.0305,=31
="932438",科创创业机器人,2025-05-16,,,=-0.0299,=91.0298,=0.6624,=67.6486,=77.7141,=85.0757,=95.4827,=120.6496,=5.2041,=0.1783,=4.8391,=5.2423,=5.6340,=6.1812,=6.8835,=5.5169,=0.0892,=5.1403,=5.7099,=6.0269,=6.6149,=7.4199,=0.0037,=0.3885,=0.0030,=0.0036,=0.0039,=0.0043,=0.0049,=0.0153,=0.0666,,=67
="930851",云计算,2016-07-20,=0.0247,=6278.8357,=-0.0315,=60.7237,=0.3528,=37.0632,=53.1381,=68.3314,=96.0308,=313.0672,=7.6236,=0.9512,=2.7148,=3.6100,=4.3202,=5.4852,=9.9453,=4.9052,=0.9317,=1.6839,=2.4313,=3.1355,=3.8140,=6.4649,=0.0033,=0.2926,=0.0021,=0.0031,=0.0037,=0.0050,=0.0080,=0.0301,=0.0896,=0.0112,=483
="931082",A500现金流,2025-07-16,,,=-0.0319,=14.3262,=0.5441,=11.3087,=12.3586,=14.0854,=14.9563,=16.5522,=1.6598,=0.1691,=1.4812,=1.6685,=1.8333,=1.9486,=2.0613,=1.3517,=0.3051,=1.2039,=1.3153,=1.3982,=1.5533,=1.6378,=0.0347,=0.2243,=0.0310,=0.0344,=0.0374,=0.0427,=0.0482,=0.0315,=0.1166,,=132
="932422",A500红利低波,2025-04-09,=-0.0101,=3003.9118,=-0.0319,=9.9504,=0.3787,=9.0426,=9.7860,=10.0243,=10.2216,=10.5846,=0.9681,=0.1213,=0.8811,=0.9993,=1.0374,=1.0550,=1.0978,=1.3684,=0.4763,=1.2431,=1.2972,=1.3928,=1.4629,=1.5336,=0.0421,=0.5710,=0.0388,=0.0403,=0.0416,=0.0432,=0.0466,=0.0241,=0.0948,,=389
="931069",中金300,2018-02-14,=0.0009,=4841.7844,=-0.0325,=9.8881,=0.6649,=5.9518,=7.5969,=9.3171,=10.4706,=13.6164,=1.0588,=0.4937,=0.7377,=0.9256,=1.0631,=1.3506,=1.8328,=1.3366,=0.8056,=0.6656,=0.8733,=1.1179,=1.3312,=1.7542,=0.0380,=0.4734,=0.0253,=0.0318,=0.0385,=0.0472,=0.0560,=0.0231,=0.0958,=0.0284,=104
="399698",优势成长,2017-06-15,=0.0014,=50431.3900,=-0.0326,=26.7134,=0.6471,=14.2338,=18.2714,=23.2699,=35.4585,=66.5130,=1.4491,=0.1355,=1.2178,=1.4852,=1.8985,=2.2937,=2.9395,=2.3304,=0.7598,=0.6634,=1.0679,=1.7265,=2.5816,=4.7303,=0.0265,=0.9307,=0.0069,=0.0108,=0.0160,=0.0212,=0.0303,=0.0192,=0.0690,=0.0052,=42
="HSHYLV",恒生港股通高股息低波动指数,2017-05-08,=-0.0004,=4319.4500,=-0.0333,=7.6786,=0.8466,=3.5572,=4.6622,=6.0195,=7.3468,=9.5068,=0.6942,=0.6723,=0.3828,=0.4862,=0.5878,=0.8093,=1.1073,=0.9274,=0.5691,=0.4386,=0.6601,=0.8519,=1.4051,=2.0623,=0.0517,=0.1595,=0.0385,=0.0530,=0.0640,=0.0816,=0.1103,,=0.0873,,=1564
="000016",上证50,2004-01-02,=0.0087,=2930.3100,=-0.0333,=11.4010,=0.7514,=8.3126,=9.6664,=10.5354,=11.5646,=15.1108,=1.2551,=0.5705,=1.0245,=1.1706,=1.2398,=1.3330,=1.6482,=1.6148,=0.9819,=0.8665,=1.0182,=1.1383,=1.2978,=1.6553,=0.0316,=0.3199,=0.0240,=0.0291,=0.0333,=0.0397,=0.0497,=0.0249,=0.1007,=0.0262,=23641
="930709",香港证券,2015-07-13,=0.0038,=1364.3805,=-0.0333,=9.6405,=0.1348,=6.3679,=10.2114,=12.8139,=14.8886,=24.4010,=0.9925,=0.5960,=0.5308,=0.7588,=0.9574,=1.1987,=1.6136,=3.8242,=0.6996,=1.7834,=2.5970,=3.1590,=4.1596,=5.9903,=0.0372,=0.7145,=0.0202,=0.0265,=0.0337,=0.0402,=0.0726,,=0.0828,,=523
="931446",东证红利低波,2020-04-21,=-0.0077,=3327.0981,=-0.0336,=8.4437,=0.7701,=5.1478,=6.1949,=7.2086,=8.5270,=11.0216,=0.8246,=0.7203,=0.5884,=0.6981,=0.7677,=0.8690,=1.2481,=1.5108,=0.9322,=0.5909,=0.7579,=0.8981,=1.3405,=1.5979,=0.0415,=0.1960,=0.0325,=0.0416,=0.0484,=0.0563,=0.0651,=0.0224,=0.0895,=0.0240,=903
="931586",300价值稳健,2020-11-09,=0.0011,=7375.1547,=-0.0338,=11.5691,=0.6328,=8.1741,=9.7143,=11.1717,=12.7127,=15.0111,=1.2890,=0.3828,=0.9699,=1.1956,=1.3217,=1.5108,=1.6570,=1.2979,=0.8132,=0.7359,=0.8664,=0.9893,=1.2659,=1.5639,=0.0359,=0.3700,=0.0248,=0.0321,=0.0371,=0.0406,=0.0470,=0.0264,=0.1070,=0.0304,=44
="931157",SHS红利成长LV,2019-04-25,=-0.0043,=7200.9486,=-0.0341,=7.8674,=0.6573,=4.1261,=5.6201,=7.0047,=8.3126,=11.5318,=0.7859,=0.4459,=0.5154,=0.6292,=0.8039,=0.9178,=1.5888,=1.7086,=0.9946,=0.5018,=0.7144,=1.0438,=1.4270,=1.7619,=0.0453,=0.3141,=0.0259,=0.0420,=0.0481,=0.0556,=0.0761,,=0.0964,,=359
="399986",中证银行,2013-07-15,=-0.0103,=7338.4700,=-0.0348,=7.1077,=0.8549,=4.1183,=5.2599,=6.3212,=6.8804,=9.0846,=0.6823,=0.4415,=0.4848,=0.5836,=0.7113,=0.8900,=1.2416,=2.6698,=0.9019,=1.4134,=1.7842,=2.1834,=2.5364,=3.3016,=0.0409,=0.1871,=0.0285,=0.0411,=0.0458,=0.0572,=0.0756,=0.0226,=0.0881,=0.0236,=9682
="000683",科创生物,2022-05-09,=0.0090,=1035.0900,=-0.0348,=79.4998,=0.0850,=31.4909,=144.9598,=1750.6473,=-214.6765,=97054.3385,=6.2803,=0.7679,=4.0903,=4.9122,=5.4624,=6.4014,=7.9611,=9.5717,=0.2770,=7.6079,=9.2303,=10.3115,=11.4365,=14.1963,=0.0027,=0.0755,=0.0025,=0.0030,=0.0046,=0.0061,=0.0086,=0.0094,=0.0457,=0.0035,=70
="931526",企业核心竞争力50,2020-08-24,=0.0114,=1265.3077,=-0.0348,=14.1722,=0.0185,=13.8510,=17.0286,=22.5669,=29.8053,=51.8267,=1.7278,=0.0185,=1.6745,=2.2422,=4.0321,=6.7502,=10.8733,=2.0426,=0.3466,=0.9066,=1.5220,=3.4157,=4.4941,=7.9459,=0.0272,=0.8202,=0.0072,=0.0118,=0.0173,=0.0266,=0.0352,=0.0371,=0.1485,=0.0461,=102
="932315",中证红利质量,2024-07-08,=0.0042,=4355.7587,=-0.0351,=15.3056,=0.4269,=12.3916,=13.9162,=15.6458,=16.5800,=18.7206,=2.9708,=0.4596,=2.1812,=2.4250,=3.0278,=3.9503,=4.4900,=3.6630,=0.9558,=2.0136,=2.2310,=3.0347,=3.2296,=3.7823,=0.0372,=0.2327,=0.0312,=0.0369,=0.0389,=0.0420,=0.0443,=0.0482,=0.1829,=0.0412,=582
="931247",中证信创,2012-12-21,=0.0324,=1410.8661,=-0.0361,=56.3191,=0.0024,=53.9634,=99.6945,=191.6582,=272.1142,=369.3964,=5.6587,=0.7190,=2.7947,=3.5352,=4.7367,=6.0283,=7.8335,=4.5600,=0.6381,=2.8203,=3.4294,=4.1840,=4.9558,=6.1894,=0.0036,=0.2083,=0.0029,=0.0036,=0.0042,=0.0052,=0.0076,=0.0271,=0.0400,=0.0016,=105
="000909",300材料,2007-07-02,=0.0147,=3950.6962,=-0.0362,=17.2200,=0.4225,=10.2722,=14.5958,=18.1452,=24.3438,=847.2188,=2.6190,=0.8339,=1.4655,=1.7365,=2.0143,=2.4998,=3.8763,=1.2776,=0.8520,=0.6983,=0.8432,=0.9916,=1.2387,=1.9427,=0.0197,=0.4637,=0.0057,=0.0142,=0.0204,=0.0243,=0.0291,=0.0473,=0.1225,=0.0288,=20
="930651",CS计算机,2015-06-05,=0.0306,=7462.6001,=-0.0376,=39.9343,=0.0705,=33.6687,=44.1620,=56.1079,=66.8037,=115.0591,=4.6156,=0.5932,=2.6283,=3.7942,=4.3711,=5.0872,=6.5144,=2.8561,=0.1669,=2.0877,=2.9032,=3.5726,=4.2690,=5.5248,=0.0107,=0.9398,=0.0028,=0.0059,=0.0071,=0.0091,=0.0156,=0.0244,=0.0892,=0.0073,=667
="930598",稀土产业,2015-03-02,=0.0240,=2696.1547,=-0.0394,=31.9826,=0.3261,=21.1133,=29.2013,=39.2713,=68.2951,=235.0768,=3.0432,=0.7993,=1.4810,=1.9699,=2.3149,=3.0438,=4.3047,=1.4109,=0.6608,=0.6656,=0.9718,=1.1869,=1.6425,=2.1537,=0.0106,=0.9266,=0.0025,=0.0048,=0.0068,=0.0095,=0.0135,=0.0350,=0.0883,=0.0227,=754
="000021",180治理,2008-09-10,=0.0045,=1045.2700,=-0.0395,=10.8832,=0.8755,=6.3364,=8.4357,=9.7482,=10.6134,=13.6109,=1.1324,=0.6154,=0.7542,=0.9755,=1.0948,=1.2154,=1.5847,=1.4469,=0.9646,=0.6625,=0.8519,=0.9540,=1.1531,=1.4979,=0.0373,=0.5433,=0.0241,=0.0330,=0.0366,=0.0448,=0.0548,=0.0243,=0.0995,=0.0258,=168
="H30089",红利潜力,2013-07-02,=-0.0075,=9544.4598,=-0.0404,=16.2688,=0.3442,=12.7702,=15.7141,=16.8540,=20.6064,=29.7267,=2.7601,=0.6925,=1.5457,=2.0199,=2.5123,=2.9135,=4.3960,=2.1828,=0.7980,=0.7611,=0.9586,=1.7804,=2.1854,=2.8465,=0.0350,=0.6583,=0.0172,=0.0258,=0.0318,=0.0373,=0.0456,=0.0404,=0.1605,=0.0444,=552
="931484",CS医药创新,2020-05-06,=0.0068,=1390.4697,=-0.0410,=23.7685,=0.1885,=18.2098,=24.0976,=27.3922,=43.6150,=86.1757,=4.3122,=0.1200,=3.3236,=4.5191,=5.3636,=11.2376,=17.5605,=5.4176,=0.1866,=3.7485,=5.4828,=6.3583,=11.2432,=20.8272,=0.0156,=0.6725,=0.0021,=0.0045,=0.0134,=0.0166,=0.0269,=0.0424,=0.1752,=0.0382,=406
="000042",上证央企,2009-03-30,=-0.0010,=1736.6500,=-0.0413,=10.2839,=0.8627,=6.3284,=7.8863,=9.2282,=10.0892,=12.9577,=1.0212,=0.6360,=0.7230,=0.8871,=0.9826,=1.1114,=1.4812,=1.3466,=0.9934,=0.6569,=0.8569,=0.9790,=1.1529,=1.3891,=0.0356,=0.2222,=0.0261,=0.0350,=0.0381,=0.0469,=0.0583,=0.0224,=0.0920,=0.0234,=391
="000978",医药100,2011-03-18,=0.0064,=9996.4783,=-0.0414,=31.6923,=0.3681,=23.7467,=28.9111,=33.6509,=37.6585,=66.4077,=3.1288,=0.1249,=2.6475,=3.2343,=4.1677,=5.0232,=7.8052,=2.9341,=0.3784,=2.0946,=2.6763,=3.1152,=3.6588,=5.9820,=0.0154,=0.8487,=0.0050,=0.0071,=0.0094,=0.0149,=0.0209,=0.0280,=0.0911,=0.0286,=4726
="000919",300价值,2008-01-21,=-0.0024,=5096.6565,=-0.0417,=9.0604,=0.7127,=5.9577,=7.3283,=8.4456,=9.2438,=12.2376,=0.9178,=0.4472,=0.6917,=0.8489,=0.9331,=1.1318,=1.5388,=1.1350,=0.8685,=0.6314,=0.7861,=0.9060,=1.1104,=1.3421,=0.0396,=0.3829,=0.0265,=0.0367,=0.0407,=0.0490,=0.0609,=0.0228,=0.0921,=0.0242,=4341
="980015",疫苗生科,2015-02-16,=0.0093,=6017.1600,=-0.0427,=45.0584,=0.5560,=24.1714,=31.2662,=43.1484,=53.5457,=80.8207,=3.8571,=0.3601,=2.9980,=3.5804,=4.0913,=6.3656,=11.0606,=6.7066,=0.5654,=4.5746,=5.4975,=6.4569,=8.7551,=15.0694,=0.0099,=0.4953,=0.0026,=0.0055,=0.0099,=0.0133,=0.0175,=0.0223,=0.0693,=0.0219,=74
="930955",红利低波100,2017-05-26,=-0.0070,=11285.9196,=-0.0429,=9.0151,=0.8394,=5.0805,=6.0808,=7.4516,=8.6746,=11.5013,=0.8865,=0.6455,=0.5792,=0.6674,=0.8319,=0.9853,=1.3722,=1.5200,=0.9537,=0.5888,=0.7807,=0.9935,=1.3778,=1.7525,=0.0433,=0.2157,=0.0270,=0.0431,=0.0470,=0.0560,=0.0683,=0.0234,=0.0928,=0.0257,=2426
="932367",500现金流,2024-11-12,=0.0017,=3502.5115,=-0.0429,=19.6187,=0.9106,=12.7635,=14.1253,=17.0561,=18.9494,=20.8865,=1.5521,=0.0963,=1.4139,=1.6246,=1.7403,=1.9759,=2.3672,=0.9461,=0.1468,=0.8544,=0.9964,=1.2259,=1.2833,=1.4394,=0.0302,=0.2890,=0.0247,=0.0290,=0.0316,=0.0367,=0.0403,=0.0308,=0.1139,=0.0305,=128
="H30356",800价值,2014-06-09,=-0.0003,=6356.1437,=-0.0437,=9.6298,=0.6824,=6.4024,=7.7145,=9.0673,=9.9393,=13.4784,=0.9631,=0.4680,=0.7030,=0.8643,=0.9828,=1.1647,=1.6287,=1.0833,=0.8022,=0.5868,=0.7416,=0.8860,=1.0826,=1.3738,=0.0384,=0.4808,=0.0239,=0.0337,=0.0386,=0.0475,=0.0589,=0.0232,=0.0908,=0.0237,=36
="930957",港股通中国100,2017-06-23,=-0.0043,=3616.1892,=-0.0454,=10.4894,=0.7353,=5.4625,=7.6104,=8.9730,=10.7926,=13.3106,=1.1209,=0.6096,=0.6571,=0.8660,=1.0744,=1.1986,=1.5222,=1.4319,=0.8474,=0.6789,=0.9660,=1.1325,=1.3760,=1.6609,=0.0339,=0.2836,=0.0251,=0.0331,=0.0368,=0.0501,=0.0691,,=0.1031,,=21
="980092",自由现金流,2012-12-28,=-0.0024,=5142.7100,=-0.0455,=13.6187,=0.6468,=11.1075,=12.2428,=12.9548,=14.3554,=16.4362,=1.4389,=0.1085,=1.2604,=1.4835,=1.5755,=1.6526,=1.8134,=0.9139,=0.3702,=0.7577,=0.8679,=0.9363,=0.9775,=1.0805,=0.0355,=0.2766,=0.0287,=0.0344,=0.0369,=0.0388,=0.0437,=0.0285,=0.1047,=0.0263,=1594
="399398",绩效指数,2012-11-19,=0.0016,=10104.2000,=-0.0465,=17.4530,=0.3751,=9.4274,=11.8853,=18.3597,=21.6274,=36.1591,=3.2723,=0.3743,=1.3709,=1.7900,=3.5797,=4.3854,=6.4752,=3.2167,=0.7164,=1.5825,=2.2383,=2.9175,=3.4328,=5.0073,=0.0369,=0.7696,=0.0140,=0.0234,=0.0323,=0.0374,=0.0430,=0.0495,=0.1771,=0.0433,=23
="HSCESI",恒生中国企业精明指数,2015-06-08,=-0.0052,=12245.3200,=-0.0466,=9.9373,=0.7779,=6.0524,=7.9780,=8.7018,=10.0620,=15.8114,=1.0362,=0.5755,=0.6924,=0.9060,=1.0117,=1.1579,=1.7191,=1.3776,=0.7443,=0.8066,=1.0051,=1.0987,=1.4384,=2.0876,=0.0339,=0.2411,=0.0200,=0.0332,=0.0381,=0.0443,=0.0600,,=0.1052,,=93
="HSCEI",恒生中国企业指数,1994-08-08,=-0.0051,=8490.3100,=-0.0475,=9.9764,=0.7783,=6.0524,=7.9826,=8.7104,=10.0931,=15.8114,=1.0388,=0.5797,=0.6924,=0.9060,=1.0130,=1.1595,=1.7191,=1.3816,=0.7457,=0.8066,=1.0058,=1.0990,=1.4420,=2.0876,=0.0338,=0.2380,=0.0200,=0.0331,=0.0381,=0.0443,=0.0600,,=0.1052,,=4770
="932368",800现金流,2024-12-11,=-0.0022,=4852.6669,=-0.0511,=14.0336,=0.7373,=9.9108,=10.8505,=11.9423,=14.3884,=15.6891,=1.9406,=0.9181,=1.4048,=1.5422,=1.7288,=1.8969,=2.0110,=1.6500,=0.9687,=1.0036,=1.1082,=1.3324,=1.4473,=1.6811,=0.0356,=0.2313,=0.0311,=0.0353,=0.0418,=0.0467,=0.0553,=0.0283,=0.1177,=0.0451,=246
="HSMI",恒生综合中型股指数,2001-10-03,=0.0004,=4724.7800,=-0.0517,=14.3836,=0.7445,=7.1837,=9.6369,=11.3173,=14.7543,=19.0737,=1.2155,=0.7754,=0.6229,=0.7817,=1.0105,=1.2298,=1.5312,=0.9755,=0.9220,=0.4186,=0.5568,=0.6725,=0.8227,=1.0938,=0.0302,=0.3716,=0.0208,=0.0280,=0.0329,=0.0427,=0.0675,,,,=162
="H30590",机器人,2015-02-10,=0.0197,=1807.6455,=-0.0527,=54.2770,=0.5932,=24.1742,=42.0198,=50.8759,=63.2897,=89.9138,=4.4145,=0.7890,=2.1765,=2.8831,=3.6958,=4.4486,=6.0751,=4.2922,=0.7984,=1.6011,=2.4247,=3.4044,=4.2976,=5.4887,=0.0076,=0.7259,=0.0045,=0.0055,=0.0069,=0.0079,=0.0128,=0.0149,=0.0720,=0.0144,=949
="931375",300质量低波,2019-11-25,=-0.0003,=16057.9351,=-0.0531,=10.3127,=0.4112,=6.4946,=8.1703,=10.9664,=13.5297,=22.0532,=1.3870,=0.4478,=0.8054,=1.0886,=1.5209,=2.0495,=3.3245,=2.6646,=0.9872,=1.0044,=1.3377,=1.6870,=2.1053,=2.7563,=0.0317,=0.2874,=0.0151,=0.0279,=0.0349,=0.0402,=0.0521,=0.0279,=0.1211,=0.0298,=115
="H30171",运输指数,2013-07-15,=-0.0033,=1530.2223,=-0.0538,=17.0457,=0.3384,=14.1889,=16.3565,=17.9491,=25.3479,=51.4445,=1.2937,=0.0729,=1.1914,=1.3499,=1.5001,=1.6850,=2.3737,=0.6800,=0.3662,=0.5217,=0.6290,=0.8186,=1.1893,=1.9196,=0.0280,=0.6522,=0.0111,=0.0149,=0.0201,=0.0303,=0.0375,=0.0207,=0.0585,=0.0181,=95
="931588",1000价值稳健,2020-11-09,=0.0030,=33895.9079,=-0.0543,=18.9129,=0.5452,=12.8074,=16.7556,=18.5200,=20.5233,=25.6024,=1.3588,=0.3557,=1.0253,=1.2795,=1.4266,=1.5575,=1.9102,=0.7817,=0.9573,=0.4756,=0.5556,=0.6296,=0.7087,=0.8427,=0.0264,=0.6370,=0.0168,=0.0207,=0.0251,=0.0290,=0.0392,=0.0162,=0.0641,=0.0212,=109
="000945",内地运输,2009-10-28,=-0.0045,=1395.0368,=-0.0560,=16.9104,=0.2931,=13.9394,=16.4433,=19.2448,=27.8199,=72.7429,=1.3400,=0.0771,=1.2245,=1.4024,=1.5536,=1.7724,=2.4452,=0.7698,=0.4163,=0.5140,=0.6447,=0.8911,=1.3559,=1.9188,=0.0291,=0.6558,=0.0105,=0.0141,=0.0179,=0.0327,=0.0436,=0.0219,=0.0581,=0.0167,=83
="399373",大盘价值,2010-01-04,=-0.0055,=8090.1300,=-0.0564,=8.7926,=0.6344,=5.4746,=6.8623,=8.3403,=9.1146,=11.9914,=0.9037,=0.4481,=0.6410,=0.8033,=0.9352,=1.1374,=1.5001,=1.1845,=0.8871,=0.5920,=0.7817,=0.9284,=1.1473,=1.4541,=0.0412,=0.3862,=0.0275,=0.0369,=0.0428,=0.0526,=0.0641,=0.0236,=0.0939,=0.0248,=337
="399806",环境治理,2014-07-21,=0.0082,=1305.9600,=-0.0584,=28.0294,=0.4242,=17.0172,=24.3835,=29.0780,=35.3368,=50.8764,=1.7001,=0.3656,=1.1727,=1.6033,=1.7654,=2.1871,=4.4901,=1.8197,=0.1896,=1.3064,=1.8289,=2.0686,=2.6198,=5.9378,=0.0168,=0.8726,=0.0037,=0.0084,=0.0106,=0.0155,=0.0215,=0.0205,=0.0536,=0.0189,=853
="000901",小康指数,2010-04-02,=-0.0008,=5970.9400,=-0.0588,=10.7108,=0.4031,=8.5492,=9.9918,=10.9115,=12.5401,=15.5671,=1.0378,=0.0841,=0.9488,=1.0792,=1.2104,=1.4149,=1.7818,=1.0322,=0.6929,=0.7500,=0.8929,=0.9790,=1.0556,=1.2662,=0.0344,=0.7032,=0.0175,=0.0252,=0.0296,=0.0364,=0.0436,=0.0231,=0.0878,=0.0238,=258
="931645",1000红利,2024-03-15,,,=-0.0589,=15.8726,=0.9059,=11.2896,=12.4812,=13.8923,=15.2379,=18.1886,=1.1382,=0.2639,=0.9871,=1.1289,=1.1886,=1.2421,=1.3469,=0.7297,=0.3731,=0.5734,=0.6795,=0.7506,=0.8114,=0.8871,=0.0346,=0.3429,=0.0305,=0.0339,=0.0362,=0.0408,=0.0471,=0.0179,=0.0646,=0.0199,=26
="930838",CS高股息,2016-06-08,=0.0072,=6791.9418,=-0.0592,=18.1401,=0.5301,=10.7704,=14.2530,=17.7898,=22.5023,=29.5345,=3.4935,=0.8001,=1.8272,=2.3324,=2.8264,=3.4935,=5.4603,=3.3219,=0.6694,=1.6703,=2.0490,=2.5048,=3.7457,=5.1335,=0.0272,=0.5284,=0.0136,=0.0201,=0.0266,=0.0363,=0.0519,=0.0550,=0.1877,=0.0570,=175
="932431",300质量,2025-03-18,=0.0020,=1924.1551,=-0.0598,=10.6940,=0.9493,=9.4685,=9.9955,=10.1597,=10.3998,=11.0156,=1.1614,=0.9211,=1.0616,=1.1036,=1.1298,=1.1487,=1.1879,=2.2810,=0.9014,=2.0194,=2.1516,=2.2051,=2.2552,=2.3386,=0.0339,=0.0479,=0.0331,=0.0356,=0.0373,=0.0392,=0.0487,=0.0253,=0.1012,=0.0271,=18
="000029",180价值,2009-01-09,=-0.0039,=4175.0300,=-0.0625,=8.2614,=0.6876,=5.6894,=6.9075,=7.8730,=8.5069,=10.8138,=0.8357,=0.3693,=0.6666,=0.8014,=0.8564,=1.0632,=1.4433,=1.1262,=0.9114,=0.6198,=0.7825,=0.9448,=1.0739,=1.4032,=0.0397,=0.2036,=0.0290,=0.0396,=0.0429,=0.0522,=0.0634,=0.0228,=0.0896,=0.0243,=559
="931024",港股通非银,2017-11-06,=-0.0041,=4021.3565,=-0.0637,=6.9170,=0.0028,=6.7549,=8.4579,=10.9138,=13.3087,=22.4310,=1.0269,=0.4710,=0.6237,=0.8529,=1.0405,=1.2206,=1.7592,=1.2266,=0.7928,=0.5870,=0.8773,=1.0199,=1.2310,=2.2002,=0.0403,=0.7675,=0.0165,=0.0269,=0.0346,=0.0413,=0.0611,,=0.1344,,=217
="932365",中证现金流,2024-12-11,=-0.0046,=4921.2257,=-0.0658,=14.7124,=0.8361,=10.1873,=10.9910,=12.2393,=14.5891,=15.8261,=1.6615,=0.2145,=1.4661,=1.6570,=1.7619,=1.8772,=2.0150,=0.9128,=0.0988,=0.8463,=1.1407,=1.3730,=1.5081,=1.6205,=0.0358,=0.2000,=0.0305,=0.0358,=0.0415,=0.0471,=0.0550,=0.0286,=0.1155,=0.0394,=733
="931027",港股通大消费,2017-11-06,=-0.0061,=2908.4485,=-0.0687,=24.6649,=0.4788,=14.6383,=20.4732,=25.1091,=51.4707,=105.3721,=2.7462,=0.1478,=2.2514,=2.8421,=3.2302,=4.3184,=9.1499,=1.6028,=0.3573,=1.0973,=1.4422,=1.7534,=2.4784,=5.7985,=0.0211,=0.7067,=0.0056,=0.0113,=0.0178,=0.0230,=0.0323,,=0.1064,,=50
="000968",300周期,2010-05-28,,,=-0.0688,=9.4911,=0.6134,=6.1174,=7.8172,=9.1344,=10.2832,=13.3562,=0.9695,=0.4394,=0.7021,=0.8484,=0.9955,=1.1663,=1.5550,=1.5809,=0.8974,=0.8459,=1.0834,=1.2645,=1.5082,=1.8297,=0.0353,=0.4126,=0.0230,=0.0321,=0.0360,=0.0470,=0.0569,=0.0243,=0.0922,=0.0244,=103
="HSML25",恒生中国(香港上市)30指数,2003-01-20,=-0.0063,=8808.5800,=-0.0691,=9.5891,=0.6145,=5.7712,=7.9406,=9.1229,=10.2891,=13.0207,=1.0548,=0.4232,=0.7256,=0.9442,=1.0796,=1.2097,=1.5098,=1.7331,=0.7904,=0.9123,=1.1615,=1.4550,=1.7434,=2.4187,=0.0346,=0.3383,=0.0247,=0.0321,=0.0368,=0.0450,=0.0643,,=0.1051,,=271
="000063",上证周期,2010-02-03,=-0.0002,=3776.3300,=-0.0693,=8.8576,=0.6035,=5.4761,=7.1362,=8.5972,=9.4385,=12.4946,=0.9444,=0.4757,=0.6668,=0.8368,=0.9526,=1.1036,=1.4831,=1.5409,=0.9007,=0.8113,=1.0636,=1.2494,=1.4561,=1.7571,=0.0369,=0.3038,=0.0252,=0.0351,=0.0386,=0.0518,=0.0626,=0.0245,=0.0975,=0.0256,=210
="HSCGSI",恒生消费指数,2015-08-17,=-0.0126,=2402.1700,=-0.0694,=14.5609,=0.0110,=13.5420,=17.7512,=20.3457,=46.9799,=191.0166,=2.4867,=0.4033,=1.6557,=2.1683,=2.5823,=3.0646,=4.3429,=1.3290,=0.2644,=0.9965,=1.2702,=1.5539,=1.8502,=2.9413,=0.0449,=0.9882,=0.0097,=0.0178,=0.0253,=0.0323,=0.0488,,=0.1743,,=884
="000925",基本面50,2009-02-26,=-0.0076,=4296.7510,=-0.0696,=9.7601,=0.6789,=6.2635,=7.9688,=9.1813,=10.0957,=12.7955,=1.0248,=0.4542,=0.7306,=0.9013,=1.0452,=1.1921,=1.5728,=1.0808,=0.7440,=0.6037,=0.7864,=0.9667,=1.1049,=1.4866,=0.0369,=0.4332,=0.0256,=0.0338,=0.0376,=0.0468,=0.0563,=0.0227,=0.0882,=0.0241,=4564
="H30192",食品,2013-07-15,=0.0046,=5267.6074,=-0.0703,=28.3080,=0.1551,=20.6226,=29.7248,=33.1917,=39.1175,=57.5971,=2.6265,=0.0490,=2.3545,=2.9470,=4.5252,=5.7744,=10.5214,=1.5125,=0.0741,=1.2567,=1.6366,=2.3273,=2.8892,=4.8526,=0.0271,=0.9178,=0.0092,=0.0145,=0.0193,=0.0242,=0.0308,=0.0337,=0.0826,=0.0319,=25
="H30095",医药红利,2013-07-02,,,=-0.0725,=17.1948,=0.1939,=14.6474,=17.2193,=19.6399,=27.0110,=34.8020,=1.6838,=0.0644,=1.4797,=1.7771,=2.4281,=3.0979,=4.2060,=0.9643,=0.1697,=0.7612,=0.9866,=1.5054,=1.9959,=2.8268,=0.0369,=0.9821,=0.0116,=0.0175,=0.0226,=0.0306,=0.0398,=0.0293,=0.1019,=0.0311,=101
="HSMSI",恒生综合中小型股指数,2015-06-08,=0.0017,=2737.1000,=-0.0735,=15.6029,=0.7908,=7.2058,=10.0582,=12.4555,=15.6984,=18.8438,=1.1448,=0.7149,=0.6157,=0.7686,=1.0042,=1.2090,=1.4952,=0.8703,=0.8396,=0.4020,=0.5319,=0.6807,=0.8474,=1.0389,=0.0300,=0.3838,=0.0199,=0.0271,=0.0325,=0.0412,=0.0630,,,,=161
="000048",责任指数,2009-08-05,=0.0042,=1363.6300,=-0.0759,=12.0304,=0.8228,=7.8628,=9.5548,=10.5489,=11.8969,=14.1982,=1.3372,=0.6068,=0.9056,=1.1404,=1.2956,=1.4393,=1.7866,=1.1838,=0.9984,=0.5718,=0.6942,=0.8010,=0.9344,=1.1907,=0.0374,=0.6167,=0.0223,=0.0283,=0.0319,=0.0399,=0.0469,=0.0224,=0.0991,=0.0247,=133
="399995",基建工程,2015-03-12,=-0.0004,=3608.6100,=-0.0762,=9.9746,=0.7605,=5.8673,=7.3439,=8.2792,=10.5337,=18.8590,=0.6448,=0.0198,=0.5815,=0.7198,=0.8889,=1.2727,=2.1834,=0.1825,=0.2444,=0.1368,=0.1784,=0.2025,=0.3242,=0.5478,=0.0280,=0.7498,=0.0106,=0.0193,=0.0247,=0.0289,=0.0415,=0.0129,=0.0543,=0.0158,=2696
="000806",消费服务,2012-02-10,=0.0029,=7781.1123,=-0.0762,=10.0981,=0.2160,=9.0076,=10.0697,=10.8057,=11.8704,=17.0971,=1.0815,=0.0688,=1.0009,=1.1888,=1.3445,=1.5460,=2.0145,=2.2572,=0.6744,=1.6526,=1.9528,=2.1370,=2.3803,=3.0032,=0.0353,=0.7902,=0.0198,=0.0244,=0.0295,=0.0354,=0.0497,=0.0246,=0.1002,=0.0266,=427
="000988",全指工业,2011-08-02,=0.0020,=3813.2721,=-0.0763,=24.3498,=0.5140,=13.7285,=19.3778,=24.0584,=28.9410,=37.6625,=1.9116,=0.4204,=1.3866,=1.6512,=2.0042,=2.3919,=2.7728,=0.8938,=0.4868,=0.5551,=0.7455,=0.8990,=1.0531,=1.3765,=0.0175,=0.7263,=0.0076,=0.0095,=0.0141,=0.0193,=0.0256,=0.0185,=0.0650,=0.0170,=238
="000052",50基本,2012-01-09,=-0.0029,=2792.3100,=-0.0765,=11.4010,=0.7514,=8.3126,=9.6677,=10.5372,=11.5646,=15.1108,=1.2551,=0.5725,=1.0245,=1.1706,=1.2394,=1.3328,=1.6471,=1.6148,=0.9819,=0.8665,=1.0185,=1.1383,=1.2978,=1.6553,=0.0316,=0.3866,=0.0238,=0.0291,=0.0329,=0.0398,=0.0497,=0.0249,=0.1007,=0.0262,=28
="931752",工程机械主题,2021-09-27,=0.0107,=2324.0836,=-0.0781,=21.6332,=0.5281,=13.6456,=18.5245,=21.3264,=24.3346,=27.9581,=1.9913,=0.6935,=1.2593,=1.5775,=1.7295,=2.1216,=2.6511,=1.1927,=0.7204,=0.7133,=0.9172,=1.0225,=1.2904,=1.6462,=0.0229,=0.8648,=0.0151,=0.0190,=0.0208,=0.0222,=0.0284,=0.0241,=0.0958,=0.0272,=111
="000930",中证工业,2009-07-03,=-0.0021,=3225.3875,=-0.0804,=21.7765,=0.6204,=13.1747,=16.3715,=20.2887,=23.8509,=30.4087,=1.7919,=0.4295,=1.3752,=1.5614,=1.8513,=2.1187,=2.6342,=0.8448,=0.7069,=0.5311,=0.6373,=0.7618,=0.8868,=1.0502,=0.0191,=0.7407,=0.0090,=0.0114,=0.0160,=0.0203,=0.0262,=0.0191,=0.0679,=0.0169,=325
="000818",细分金融,2012-04-11,,,=-0.0811,=7.4938,=0.4357,=5.2356,=6.4974,=7.6847,=8.4810,=10.9951,=0.7858,=0.3298,=0.5930,=0.7010,=0.8723,=1.0827,=1.4303,=2.2789,=0.8120,=1.2689,=1.6354,=2.0040,=2.2666,=2.9111,=0.0379,=0.5177,=0.0239,=0.0331,=0.0375,=0.0471,=0.0625,=0.0231,=0.0956,=0.0246,=12
="399295",创价值,2019-01-23,=-0.0026,=4957.6800,=-0.0813,=33.7582,=0.4106,=20.8863,=26.9889,=39.5546,=56.4808,=73.8741,=6.4969,=0.5975,=3.7254,=4.6122,=5.8935,=8.9881,=11.5385,=4.8598,=0.4487,=2.5684,=3.4997,=5.3656,=9.1025,=12.8251,=0.0119,=0.6643,=0.0033,=0.0050,=0.0074,=0.0150,=0.0218,=0.0387,=0.1758,=0.0398,=612
="932369",1000现金流,2024-11-12,,,=-0.0825,=18.1528,=0.3876,=16.0705,=17.6904,=18.4193,=19.3366,=21.4836,=1.5333,=0.1904,=1.4251,=1.5345,=1.6394,=1.7524,=1.8728,=0.9071,=0.2638,=0.8034,=0.8904,=1.0061,=1.0628,=1.3230,=0.0264,=0.2661,=0.0230,=0.0261,=0.0271,=0.0286,=0.0311,=0.0245,=0.0821,=0.0237,=61
="H11054",装备产业,2009-07-22,=-0.0012,=2664.5104,=-0.0841,=30.6545,=0.4565,=15.6342,=24.7249,=31.9283,=38.3792,=58.0282,=2.8284,=0.5976,=1.6944,=2.1312,=2.6264,=3.3067,=5.1308,=1.9546,=0.5682,=1.2119,=1.4901,=1.8899,=2.3422,=3.6241,=0.0145,=0.7980,=0.0051,=0.0080,=0.0115,=0.0145,=0.0207,=0.0221,=0.0859,=0.0174,=48
="1000009",深圳B股,1994-01-10,=-0.0052,=1157.3400,=-0.0849,=-91.6236,=0.9996,=6.5509,=10.0230,=16.2498,=23.6089,=61.4680,=0.7517,=0.5437,=0.5585,=0.6590,=0.7320,=0.9168,=1.4530,=0.4623,=0.4316,=0.3544,=0.4194,=0.4767,=0.6158,=1.0969,=0.0344,=0.3755,=0.0205,=0.0268,=0.0369,=0.0449,=0.0610,,=0.0028,=0.0115,=203
="000934",中证金融,2009-07-03,=-0.0030,=5733.5300,=-0.0854,=8.0796,=0.4930,=5.7083,=6.8944,=8.0964,=8.8714,=11.5527,=0.7905,=0.3129,=0.6117,=0.7181,=0.8893,=1.1345,=1.5017,=2.1492,=0.8467,=1.1467,=1.4503,=1.8024,=2.0990,=2.6696,=0.0366,=0.4889,=0.0232,=0.0331,=0.0366,=0.0445,=0.0593,=0.0220,=0.0873,=0.0231,=1161
="000992",全指金融,2011-08-02,=-0.0023,=5474.7600,=-0.0857,=8.2339,=0.4843,=5.9310,=7.1022,=8.2737,=9.0288,=11.6339,=0.7908,=0.3087,=0.6188,=0.7234,=0.8913,=1.1443,=1.5107,=2.1434,=0.8454,=1.1568,=1.4432,=1.8065,=2.0928,=2.6668,=0.0362,=0.5095,=0.0229,=0.0327,=0.0361,=0.0437,=0.0581,=0.0217,=0.0846,=0.0227,=2713
="931672",风电产业,2021-04-29,=0.0098,=1609.9440,=-0.0861,=33.8753,=0.8932,=16.8665,=21.1648,=24.3235,=29.8866,=45.5856,=1.8504,=0.4110,=1.3490,=1.6850,=1.9788,=2.4522,=3.5946,=2.2461,=0.5333,=1.4458,=1.8954,=2.1698,=2.6976,=3.3215,=0.0120,=0.5402,=0.0064,=0.0084,=0.0116,=0.0154,=0.0206,=0.0166,=0.0571,=0.0184,=65
="399365",国证粮食,2009-11-04,=0.0378,=12376.3300,=-0.0865,=22.9664,=0.3281,=13.3311,=20.2221,=26.8386,=35.2364,=54.5886,=2.1265,=0.2403,=1.6393,=2.0561,=4.0842,=6.4747,=11.3501,=0.8587,=0.2560,=0.5961,=0.8004,=3.1244,=4.6104,=8.7065,=0.0191,=0.6966,=0.0080,=0.0130,=0.0163,=0.0211,=0.0308,=0.0232,=0.0838,=0.0244,=83
="000018",180金融,2007-12-10,=-0.0057,=5421.8300,=-0.0873,=7.3533,=0.4332,=5.2016,=6.4287,=7.5006,=8.3012,=10.8609,=0.7732,=0.3331,=0.5902,=0.6965,=0.8555,=1.0607,=1.4199,=2.2173,=0.8013,=1.2355,=1.5824,=1.9630,=2.2159,=2.8772,=0.0387,=0.4551,=0.0246,=0.0353,=0.0392,=0.0493,=0.0636,=0.0229,=0.0959,=0.0245,=780
="399324",深证红利,2006-01-24,=-0.0032,=8349.1300,=-0.0876,=18.6179,=0.8681,=11.7065,=14.6181,=15.8406,=17.9398,=23.4132,=2.8749,=0.8912,=1.2884,=1.9036,=2.2239,=2.5302,=3.7254,=1.8958,=0.6867,=1.1033,=1.3622,=1.7524,=1.9654,=2.8578,=0.0329,=0.7576,=0.0151,=0.0225,=0.0278,=0.0353,=0.0452,=0.0424,=0.1345,=0.0450,=5234
="000914",300金融,2007-07-02,=-0.0044,=6115.4400,=-0.0897,=7.8007,=0.4835,=5.2769,=6.6022,=7.8391,=8.6017,=11.3863,=0.7802,=0.3170,=0.5962,=0.7048,=0.8771,=1.1224,=1.4919,=2.1409,=0.8384,=1.1210,=1.4310,=1.8123,=2.1079,=2.7052,=0.0377,=0.5029,=0.0235,=0.0340,=0.0376,=0.0467,=0.0618,=0.0223,=0.0897,=0.0236,=347
="930641",中证中药,2015-05-19,=0.0077,=8661.2569,=-0.0897,=22.6531,=0.1063,=17.1921,=23.9622,=28.7012,=32.8246,=45.5431,=2.0447,=0.0181,=1.8142,=2.4556,=2.9124,=3.5039,=4.0837,=2.2123,=0.0272,=1.9582,=2.4316,=2.7973,=3.4426,=4.5776,=0.0378,=0.9864,=0.0073,=0.0128,=0.0164,=0.0260,=0.0421,=0.0326,=0.0928,=0.0347,=916
="399266",创新能源,2022-09-29,=-0.0089,=3218.7700,=-0.0915,=25.8755,=0.3827,=16.2861,=20.9516,=27.2747,=33.1429,=48.5339,=4.0534,=0.5053,=2.6837,=3.2209,=4.0302,=4.9444,=6.9087,=2.7274,=0.5793,=1.5028,=1.9530,=2.5971,=3.4808,=4.6740,=0.0152,=0.6839,=0.0024,=0.0067,=0.0124,=0.0167,=0.0211,=0.0402,=0.1508,=0.0347,=7
="000910",300工业,2007-07-02,=-0.0089,=2296.8544,=-0.0918,=18.8569,=0.5210,=12.1074,=14.2223,=18.6690,=21.7368,=26.7473,=1.6151,=0.3541,=1.2960,=1.5013,=1.7578,=2.0927,=2.8598,=0.7535,=0.6035,=0.4726,=0.5803,=0.7120,=0.8049,=1.0995,=0.0217,=0.7601,=0.0079,=0.0123,=0.0179,=0.0223,=0.0295,=0.0196,=0.0738,=0.0177,=17
="000827",中证环保,2012-09-25,=-0.0068,=1690.6700,=-0.0927,=29.8346,=0.5688,=14.0379,=21.0113,=28.2545,=35.5499,=50.6551,=2.6043,=0.4184,=1.7878,=2.2200,=2.7843,=3.3836,=5.4589,=2.6056,=0.4596,=1.6068,=2.0649,=2.7149,=3.2326,=6.2202,=0.0176,=0.6979,=0.0061,=0.0097,=0.0149,=0.0192,=0.0249,=0.0211,=0.0761,=0.0181,=6274
="931412",证券公司30,2020-02-20,=0.0085,=1473.7061,=-0.0937,=12.4324,=0.0019,=12.3162,=15.9462,=18.4906,=22.5283,=36.9291,=1.2893,=0.2543,=1.0327,=1.2662,=1.4404,=1.6951,=2.4365,=5.0986,=0.2284,=3.9462,=5.0392,=5.5678,=6.6956,=9.6353,=0.0242,=0.9685,=0.0091,=0.0147,=0.0169,=0.0213,=0.0256,=0.0228,=0.0861,=0.0218,=38
="931487",SHS人工智能50,2020-05-06,=0.0239,=1994.9096,=-0.0940,=30.2373,=0.4130,=18.6614,=25.7322,=31.8064,=37.0043,=66.0883,=4.9059,=0.5645,=3.0781,=4.0596,=4.6784,=6.2619,=10.5947,=5.5507,=0.5989,=3.3555,=4.5156,=5.2162,=6.7810,=9.5096,=0.0060,=0.5401,=0.0019,=0.0035,=0.0058,=0.0075,=0.0094,,=0.1427,,=84
="930902",中证数据,2016-10-18,=0.0241,=2889.0738,=-0.0940,=103.8647,=0.6946,=37.6891,=57.3385,=79.0395,=121.2772,=366.0842,=4.0821,=0.5428,=2.4001,=3.4297,=4.0021,=4.6652,=5.5171,=2.7612,=0.1368,=2.0473,=2.8776,=3.3616,=4.1528,=7.0542,=0.0042,=0.7401,=0.0020,=0.0030,=0.0036,=0.0047,=0.0091,=0.0025,=0.0339,=0.0011,=252
="H30217",医疗器械,2013-07-15,=0.0050,=8894.8247,=-0.0941,=38.0898,=0.4542,=17.1055,=29.5762,=39.4130,=56.3672,=80.6195,=2.6923,=0.0235,=2.4731,=3.2110,=4.7336,=6.5700,=11.6091,=4.8427,=0.0602,=4.1030,=5.3286,=6.0172,=8.0990,=13.3528,=0.0149,=0.7411,=0.0035,=0.0052,=0.0077,=0.0156,=0.0236,=0.0184,=0.0626,=0.0209,=1352
="399814",大农业,2014-07-22,=0.0082,=1084.0500,=-0.0959,=30.0797,=0.6047,=17.8693,=23.4731,=28.0212,=32.4891,=111.7688,=2.7981,=0.1006,=2.4368,=2.9114,=3.2565,=4.3740,=6.4483,=1.5456,=0.2580,=1.2031,=1.4984,=1.8056,=2.3352,=3.7145,=0.0240,=0.8800,=0.0100,=0.0141,=0.0172,=0.0230,=0.0287,=0.0257,=0.1209,=0.0380,=779
="931755",SEEE碳中和,2021-10-21,=0.0023,=1896.6682,=-0.0969,=22.6316,=0.6380,=13.4966,=17.5202,=21.4234,=24.8294,=29.4214,=2.3074,=0.4426,=1.7561,=1.9707,=2.3740,=2.7124,=3.9105,=1.4457,=0.7686,=0.8856,=1.0413,=1.2353,=1.4715,=2.3046,=0.0189,=0.5635,=0.0102,=0.0151,=0.0180,=0.0219,=0.0256,=0.0267,=0.0916,=0.0211,=145
="399975",证券公司,2013-07-15,=0.0103,=769.3600,=-0.0977,=13.4747,=0.0012,=13.3394,=18.6982,=21.4864,=26.4841,=46.0250,=1.3071,=0.2176,=1.0494,=1.2993,=1.5388,=1.8475,=2.4199,=5.3736,=0.1641,=4.0997,=5.4650,=6.3246,=7.4089,=10.0865,=0.0225,=0.9283,=0.0082,=0.0129,=0.0150,=0.0201,=0.0244,=0.0211,=0.0810,=0.0201,=9898
="931573",HKC科技,2014-05-21,=-0.0009,=2927.1050,=-0.0980,=26.7170,=0.4116,=18.3272,=24.3148,=28.1918,=39.5596,=82.7075,=3.0001,=0.2175,=2.3269,=2.9646,=3.3264,=4.1942,=10.6583,=1.9540,=0.1919,=1.5041,=1.9684,=2.2866,=3.3417,=8.3359,=0.0096,=0.9387,=0.0015,=0.0040,=0.0065,=0.0088,=0.0111,,=0.1200,,=310
="H30178",医疗保健,2013-07-15,=0.0048,=12238.7670,=-0.0984,=38.0607,=0.3331,=19.5848,=32.8016,=44.7998,=64.7113,=123.2936,=2.7478,=0.0210,=2.5190,=3.3460,=5.4999,=7.2918,=12.4381,=4.5284,=0.0231,=4.1521,=5.3603,=6.1686,=8.1023,=14.2518,=0.0144,=0.7630,=0.0029,=0.0041,=0.0062,=0.0149,=0.0219,=0.0196,=0.0653,=0.0216,=563
="399807",高铁产业,2015-01-20,=-0.0063,=1119.1200,=-0.0991,=12.1270,=0.3545,=9.4881,=11.2215,=12.7619,=14.9630,=24.3532,=0.7649,=0.0124,=0.7241,=0.9140,=1.0232,=1.4381,=2.3973,=0.3898,=0.2931,=0.3063,=0.3760,=0.4198,=0.4639,=0.6435,=0.0304,=0.9345,=0.0090,=0.0146,=0.0237,=0.0280,=0.0348,=0.0121,=0.0541,=0.0137,=598
="931442",SHS科技100,2020-04-21,=0.0089,=9695.7814,=-0.0994,=18.6615,=0.4303,=11.6240,=15.1247,=19.3807,=24.4783,=40.7731,=2.6410,=0.5031,=1.5813,=1.9776,=2.6359,=3.9851,=6.9092,=1.7621,=0.5025,=1.0913,=1.4385,=1.7591,=2.5276,=5.0819,=0.0154,=0.5802,=0.0042,=0.0091,=0.0137,=0.0221,=0.0322,,=0.1199,,=32
="399437",证券龙头,2014-12-30,=0.0088,=6114.4600,=-0.1024,=12.7967,=0.0012,=12.6800,=17.3586,=19.9982,=25.0411,=43.0253,=1.3101,=0.2274,=1.0547,=1.2946,=1.5197,=1.8029,=2.3633,=5.2268,=0.1640,=3.9970,=5.3425,=6.2007,=7.2524,=9.5068,=0.0236,=0.9456,=0.0092,=0.0139,=0.0161,=0.0209,=0.0262,=0.0223,=0.0851,=0.0215,=721
="930771",CS新能源,2015-12-16,,,=-0.1024,=32.1930,=0.4250,=11.2377,=23.3402,=34.4868,=44.9117,=62.8342,=2.5623,=0.3938,=1.7615,=2.1642,=2.8547,=3.8883,=7.2156,=2.1503,=0.4724,=1.2791,=1.6725,=2.2203,=3.0641,=6.6822,=0.0139,=0.7593,=0.0028,=0.0058,=0.0094,=0.0155,=0.0247,=0.0221,=0.0668,=0.0165,=36
="931402",证券先锋,2020-01-14,=0.0093,=1869.1118,=-0.1037,=13.3664,=0.0019,=13.2354,=17.2323,=20.7042,=25.6727,=41.4692,=1.3092,=0.2519,=1.0487,=1.2872,=1.4507,=1.7444,=2.4715,=5.3610,=0.2238,=4.0917,=5.3161,=5.8984,=7.0458,=10.0278,=0.0227,=0.9576,=0.0081,=0.0134,=0.0150,=0.0203,=0.0246,=0.0214,=0.0819,=0.0203,=97
="000977",内地低碳,2011-01-21,=-0.0116,=1865.0481,=-0.1053,=28.1791,=0.5750,=13.7595,=20.8967,=26.8139,=35.4182,=50.3864,=2.6885,=0.4007,=1.9264,=2.3844,=2.8695,=3.6471,=6.0727,=2.6818,=0.4477,=1.6847,=2.2202,=2.8169,=3.3634,=6.7765,=0.0188,=0.7712,=0.0061,=0.0100,=0.0158,=0.0194,=0.0258,=0.0220,=0.0823,=0.0200,=396
="980028",龙头家电,2015-02-16,=-0.0086,=11237.5500,=-0.1073,=14.3385,=0.4264,=11.8600,=13.7103,=14.5592,=18.3956,=31.1013,=2.5031,=0.0564,=2.2513,=2.6404,=2.8874,=3.6437,=5.1202,=1.2652,=0.3588,=0.9787,=1.2041,=1.3243,=1.4715,=2.2318,=0.0453,=0.9737,=0.0174,=0.0268,=0.0334,=0.0400,=0.0472,=0.0430,=0.1789,=0.0477,=189
="000963",中证下游,2010-04-16,,,=-0.1075,=22.9870,=0.3162,=17.2626,=22.2745,=25.2313,=33.1012,=51.0836,=2.2493,=0.0210,=2.0766,=2.5678,=3.0583,=3.4358,=5.6334,=1.4978,=0.0894,=1.2209,=1.6058,=1.7566,=2.0795,=3.4797,=0.0286,=0.9522,=0.0087,=0.0135,=0.0161,=0.0264,=0.0315,=0.0267,=0.0958,=0.0301,=32
="930697",家用电器,2015-07-07,=-0.0030,=11413.6580,=-0.1076,=16.2460,=0.3599,=12.0193,=15.4243,=16.9749,=19.8234,=32.1495,=2.5059,=0.1010,=2.2889,=2.6546,=3.2079,=3.9701,=5.2226,=1.2455,=0.3582,=0.9879,=1.1843,=1.2960,=1.6199,=2.3694,=0.0393,=0.9753,=0.0137,=0.0223,=0.0267,=0.0336,=0.0418,=0.0370,=0.1413,=0.0419,=1748
="399994",信息安全,2015-03-12,=0.0234,=1625.7100,=-0.1083,=56.1578,=0.2910,=35.0629,=52.9188,=67.0223,=85.7906,=183.5630,=3.4922,=0.2898,=2.3256,=3.3600,=3.8563,=4.4638,=6.2767,=2.6046,=0.0697,=2.1829,=2.8553,=3.2335,=3.8075,=5.1182,=0.0132,=0.9555,=0.0023,=0.0036,=0.0058,=0.0097,=0.0172,=0.0078,=0.0539,=0.0040,=93
="980027",新能源电池,2015-02-16,=-0.0069,=3003.9300,=-0.1109,=24.1950,=0.4326,=16.8641,=21.1750,=25.0237,=30.4611,=35.7610,=3.9499,=0.6175,=2.5249,=3.0415,=3.4911,=4.4186,=5.0827,=2.5927,=0.6136,=1.4888,=1.9132,=2.4184,=3.2423,=3.8612,=0.0171,=0.6329,=0.0052,=0.0082,=0.0153,=0.0185,=0.0213,=0.0376,=0.1513,=0.0348,=116
="931574",港股科技,2013-05-21,=-0.0022,=1561.6616,=-0.1111,=26.5339,=0.4783,=16.3025,=22.8992,=26.9314,=42.6737,=59.3282,=2.7797,=0.3756,=1.8790,=2.5321,=2.9414,=3.5709,=8.1693,=1.6879,=0.2088,=1.3201,=1.6789,=1.9658,=2.7937,=5.7490,=0.0106,=0.8967,=0.0011,=0.0031,=0.0071,=0.0100,=0.0126,,=0.1080,,=276
="930614",环保50,2015-04-07,=-0.0050,=2037.1508,=-0.1129,=28.1791,=0.5845,=13.7595,=20.5125,=26.8092,=35.1194,=50.3864,=2.6885,=0.3957,=1.9059,=2.3842,=2.8845,=3.6683,=6.0727,=2.6818,=0.4312,=1.6847,=2.2438,=2.8710,=3.3746,=6.6309,=0.0188,=0.7131,=0.0061,=0.0100,=0.0160,=0.0201,=0.0258,=0.0222,=0.0831,=0.0199,=210
="931798",光伏龙头30,2009-06-16,=-0.0076,=1846.2802,=-0.1129,=27.8071,=0.5899,=8.0886,=17.2411,=24.1379,=37.6614,=66.5518,=2.1560,=0.3335,=1.6869,=2.0262,=2.4212,=4.5878,=8.3847,=2.2465,=0.6624,=0.9999,=1.3481,=1.7201,=3.0761,=5.7040,=0.0119,=0.5495,=0.0027,=0.0059,=0.0111,=0.0206,=0.0351,=0.0172,=0.0745,=0.0196,=203
="950096",上海国企,2016-05-11,=0.0002,=1341.7129,=-0.1132,=13.3230,=0.6047,=8.9055,=11.0343,=12.5711,=15.1974,=16.5992,=1.0699,=0.4229,=0.7269,=0.8713,=1.1189,=1.4371,=1.9662,=1.1684,=0.8578,=0.5842,=0.6832,=0.8502,=1.1444,=1.2890,=0.0230,=0.3157,=0.0177,=0.0207,=0.0257,=0.0281,=0.0334,=0.0189,=0.0761,=0.0213,=174
="000949",中证农业,2009-10-28,=0.0151,=5133.4952,=-0.1133,=61.3504,=0.9015,=14.4444,=21.2919,=29.1176,=36.9470,=1184.8568,=2.5383,=0.2197,=2.0719,=2.4997,=3.2580,=4.0480,=5.2895,=1.3527,=0.2762,=0.8980,=1.1771,=1.7141,=2.0301,=2.8101,=0.0160,=0.4143,=0.0077,=0.0144,=0.0165,=0.0190,=0.0257,=0.0068,=0.0985,=0.0327,=1069
="932152",港股通成长策略,2025-04-30,=-0.0018,=1173.5222,=-0.1146,=17.7596,=0.1376,=16.5252,=18.0229,=18.6829,=21.0319,=22.5567,=2.2885,=0.1315,=2.1900,=2.3256,=2.6939,=2.8151,=3.0449,=1.6976,=0.0489,=1.6549,=1.8258,=2.0480,=2.2096,=2.3595,=0.0212,=0.8685,=0.0152,=0.0180,=0.0194,=0.0209,=0.0248,,=0.1305,,=13
="000069",消费80,2010-05-28,=0.0023,=4344.1700,=-0.1150,=22.6678,=0.2638,=16.4356,=22.3056,=24.9027,=33.0497,=60.5019,=2.9590,=0.0927,=2.4642,=3.1936,=3.5464,=4.8097,=7.6372,=1.8001,=0.4147,=1.0743,=1.5188,=1.9152,=2.7436,=3.8795,=0.0267,=0.9691,=0.0078,=0.0117,=0.0183,=0.0234,=0.0296,=0.0378,=0.1324,=0.0420,=944
="980032",新能电池,2015-02-17,=0.0040,=13932.9800,=-0.1151,=23.7495,=0.2487,=14.3994,=22.4732,=30.0777,=79.7236,=130.4039,=3.5268,=0.2813,=2.4545,=3.3559,=4.2395,=7.6262,=11.8091,=1.8766,=0.3254,=1.1163,=1.6957,=2.2322,=4.8568,=7.8642,=0.0134,=0.7332,=0.0011,=0.0019,=0.0084,=0.0155,=0.0224,=0.0362,=0.1357,=0.0304,=758
="931021",家电龙头,2017-10-17,=-0.0035,=15972.5046,=-0.1159,=15.1398,=0.4058,=11.3343,=14.2734,=15.7068,=19.2436,=31.7589,=2.5663,=0.1540,=2.3641,=2.6262,=3.0372,=3.8956,=5.4650,=1.2400,=0.5195,=0.8457,=1.1185,=1.2346,=1.4798,=2.4102,=0.0417,=0.9736,=0.0135,=0.0213,=0.0286,=0.0360,=0.0436,=0.0396,=0.1676,=0.0453,=40
="000812",细分机械,2012-04-11,=-0.0078,=6799.4290,=-0.1161,=27.2614,=0.3883,=14.1771,=22.0432,=31.4191,=39.8639,=51.3583,=2.8916,=0.6158,=1.6005,=2.1653,=2.5310,=3.4006,=5.3964,=1.9338,=0.6105,=1.1287,=1.4635,=1.7345,=2.2906,=3.5603,=0.0169,=0.8026,=0.0047,=0.0079,=0.0119,=0.0168,=0.0237,=0.0226,=0.0835,=0.0173,=207
="HSSCNE",恒生港股通新经济指数,2018-01-08,=-0.0029,=3784.6500,=-0.1192,=24.3192,=0.5327,=15.8046,=20.8018,=24.0013,=28.3544,=53.5009,=2.7156,=0.4288,=1.7963,=2.2574,=2.8200,=3.4616,=6.9059,=1.9164,=0.4114,=1.4023,=1.7314,=1.9910,=2.5474,=5.3019,=0.0107,=0.4941,=0.0041,=0.0086,=0.0108,=0.0166,=0.0252,,=0.1278,,=205
="931733",绿色能源,2021-08-19,=-0.0094,=4606.5735,=-0.1195,=28.8674,=0.4005,=12.7308,=19.2912,=32.3394,=41.2610,=65.3510,=3.0770,=0.3610,=2.3311,=2.7958,=3.4927,=5.3969,=8.0150,=2.0421,=0.3808,=1.3651,=1.7983,=2.2829,=4.1971,=7.5185,=0.0164,=0.5872,=0.0043,=0.0070,=0.0150,=0.0213,=0.0259,=0.0248,=0.0932,=0.0189,=31
="931747",中证储能,2021-10-15,,,=-0.1210,=23.7258,=0.2840,=16.6670,=22.2781,=27.4706,=52.4063,=124.6415,=3.8794,=0.1578,=3.1109,=3.9503,=4.6124,=6.8933,=12.5394,=2.0154,=0.3655,=1.2712,=1.7272,=2.2467,=3.7222,=8.7019,=0.0152,=0.7546,=0.0008,=0.0019,=0.0122,=0.0159,=0.0191,=0.0355,=0.1665,=0.0400,=143
="931371",品牌消费100,2019-11-25,,,=-0.1218,=17.7335,=0.2505,=14.6106,=17.2777,=21.7521,=30.5844,=41.6881,=3.1439,=0.0317,=2.8278,=3.6754,=4.4451,=6.5034,=9.5576,=2.0995,=0.1920,=1.7483,=2.1040,=2.6294,=3.8591,=5.3339,=0.0434,=0.9701,=0.0095,=0.0157,=0.0230,=0.0371,=0.0479,=0.0505,=0.1847,=0.0654,=9
="399412",国证新能,2014-05-16,=-0.0052,=2599.3500,=-0.1220,=30.3008,=0.5874,=13.6858,=20.0843,=25.1712,=40.0619,=66.6027,=2.7880,=0.5309,=1.6349,=2.2652,=2.7236,=3.9698,=7.3016,=1.7939,=0.5998,=0.7993,=1.1878,=1.5721,=2.5873,=5.3757,=0.0142,=0.4604,=0.0032,=0.0058,=0.0151,=0.0184,=0.0274,=0.0217,=0.0862,=0.0211,=364
="399966",800证保,2012-12-21,=0.0065,=5805.7800,=-0.1221,=9.1097,=0.0012,=8.9920,=13.5098,=15.9946,=19.7375,=27.1945,=1.2794,=0.1686,=1.0619,=1.2977,=1.5878,=2.0345,=2.4366,=1.7742,=0.4959,=1.1634,=1.5249,=1.7799,=2.0457,=2.5211,=0.0284,=0.9303,=0.0122,=0.0160,=0.0213,=0.0243,=0.0329,=0.0247,=0.1256,=0.0286,=185
="H30588",中证证保,2015-02-02,=0.0065,=985.8007,=-0.1221,=9.1136,=0.0012,=8.9968,=13.4861,=16.0866,=19.5891,=27.6808,=1.2780,=0.1649,=1.0752,=1.2978,=1.5917,=2.0322,=2.4238,=1.7766,=0.5074,=1.1673,=1.5178,=1.7711,=2.0128,=2.5500,=0.0284,=0.9369,=0.0121,=0.0160,=0.0213,=0.0242,=0.0328,=0.0246,=0.1254,=0.0286,=483
="931139",CS消费50,2019-03-20,=-0.0067,=13977.8516,=-0.1239,=17.8622,=0.1960,=14.9525,=17.9319,=23.7679,=30.0254,=47.8630,=3.2624,=0.0349,=2.8552,=3.9738,=5.3047,=7.0296,=12.5456,=2.1211,=0.0205,=1.9104,=2.5655,=3.0933,=4.4479,=9.1270,=0.0428,=0.9607,=0.0083,=0.0161,=0.0217,=0.0362,=0.0484,=0.0528,=0.1922,=0.0638,=2239
="930608",中证基建,2015-03-31,=-0.0037,=7429.0064,=-0.1246,=10.2473,=0.4629,=6.6667,=8.6208,=10.4283,=13.2459,=25.2863,=0.7115,=0.0185,=0.6550,=0.8068,=1.0933,=1.4097,=2.2134,=0.2161,=0.1752,=0.1701,=0.2189,=0.3321,=0.4593,=0.7101,=0.0301,=0.8788,=0.0095,=0.0178,=0.0214,=0.0291,=0.0388,=0.0141,=0.0583,=0.0170,=663
="931454",港股通消费,2020-03-06,=-0.0146,=1349.6772,=-0.1252,=14.4063,=0.0125,=13.3496,=20.3391,=26.8628,=36.1998,=64.7193,=2.4619,=0.0207,=2.2532,=3.1419,=3.6287,=5.0863,=8.9519,=1.3045,=0.0144,=1.1976,=1.9068,=2.3713,=3.5514,=6.6047,=0.0456,=0.9762,=0.0043,=0.0072,=0.0119,=0.0152,=0.0498,,=0.1670,,=410
="931151",光伏产业,2019-04-22,=-0.0039,=2494.1891,=-0.1273,=-364.9552,=0.9327,=9.5087,=20.7977,=38.4479,=97.1850,=2491.4939,=2.0498,=0.3111,=1.5562,=1.9290,=2.5979,=4.4588,=6.9801,=1.8197,=0.4989,=0.8897,=1.2511,=1.8204,=3.1658,=5.9137,=0.0086,=0.4765,=0.0030,=0.0055,=0.0089,=0.0197,=0.0300,=0.0016,=0.0012,=0.0005,=2750
="000941",新能源,2009-10-28,=-0.0132,=2245.3810,=-0.1276,=22.2418,=0.2749,=10.2578,=20.0248,=28.6214,=37.3047,=57.4660,=2.9070,=0.4695,=1.8262,=2.2548,=2.9538,=3.8432,=8.1424,=2.4477,=0.6162,=1.2704,=1.5650,=2.2652,=2.9648,=7.0320,=0.0171,=0.7832,=0.0031,=0.0063,=0.0104,=0.0183,=0.0268,=0.0322,=0.1201,=0.0313,=2479
="931479",证券保险,2020-05-06,=0.0050,=926.5892,=-0.1281,=8.4889,=0.0020,=8.3667,=11.6503,=13.3044,=15.4503,=21.1012,=1.2522,=0.2632,=1.0296,=1.2201,=1.3689,=1.5577,=2.2844,=1.6215,=0.6306,=1.0318,=1.2779,=1.4697,=1.7804,=2.2879,=0.0303,=0.8886,=0.0162,=0.0225,=0.0251,=0.0290,=0.0357,=0.0256,=0.1317,=0.0302,=57
="930910",农牧渔,2016-12-12,=0.0192,=8686.3176,=-0.1289,=-124.5123,=0.8825,=13.2246,=20.9258,=30.0376,=96.0925,=30031.8592,=2.3523,=0.0971,=1.9495,=2.4816,=2.9336,=3.6319,=4.9084,=1.0357,=0.1554,=0.8679,=1.0642,=1.4708,=2.0514,=2.7290,=0.0155,=0.6828,=0.0042,=0.0098,=0.0137,=0.0176,=0.0261,=-0.0088,=0.0664,=0.0304,=22
="930746",港中小企,2015-08-26,=-0.0008,=2342.6273,=-0.1295,=19.3050,=0.8477,=7.8499,=11.1100,=14.2710,=18.3151,=36.0739,=0.9528,=0.3963,=0.6829,=0.8308,=1.0708,=1.2267,=1.6951,=0.6847,=0.5063,=0.3939,=0.5282,=0.6824,=0.8171,=1.1520,=0.0373,=0.5766,=0.0210,=0.0272,=0.0336,=0.0436,=0.0585,,=0.0299,,=212
="399417",新能源车,2014-09-24,=0.0030,=3385.6500,=-0.1297,=24.5300,=0.3644,=14.2186,=20.9718,=29.8434,=55.4460,=106.6289,=3.3818,=0.4736,=1.6630,=2.3823,=3.4445,=4.4577,=9.6468,=1.8377,=0.4897,=0.6730,=1.0543,=1.8493,=2.4375,=6.6041,=0.0137,=0.5812,=0.0016,=0.0053,=0.0123,=0.0183,=0.0316,=0.0339,=0.1319,=0.0293,=2442
="932246",储能电池,2022-07-08,,,=-0.1318,=23.2335,=0.2447,=13.3190,=21.4002,=26.4355,=33.1408,=40.1514,=3.6823,=0.6143,=2.3139,=2.6931,=3.2898,=4.4493,=5.1292,=2.4093,=0.5689,=1.3666,=1.7015,=2.3075,=3.2821,=3.7523,=0.0170,=0.5559,=0.0111,=0.0132,=0.0165,=0.0200,=0.0231,=0.0403,=0.1439,=0.0321,=76
="931456",中国教育,2020-04-21,=0.0021,=1050.7378,=-0.1325,=27.9617,=0,=27.9617,=54.8313,=92.1129,=-137.3258,=28609.2511,=2.6982,=0.3696,=1.5831,=2.4477,=2.9324,=3.7806,=9.7545,=2.6238,=0.1597,=1.7011,=2.7333,=3.3446,=4.6531,=11.2012,=0.0088,=0.6578,=0.0035,=0.0060,=0.0082,=0.0098,=0.0209,,=0.0593,,=179
="930662",CS现代农,2015-07-13,=0.0150,=924.2668,=-0.1370,=-556.8006,=0.9085,=13.0417,=20.6934,=28.7623,=61.4916,=301.1137,=2.3730,=0.1099,=1.8555,=2.5028,=2.8289,=3.1372,=4.3308,=1.0304,=0.2467,=0.8273,=1.0161,=1.1571,=1.5470,=2.1026,=0.0168,=0.8042,=0.0046,=0.0099,=0.0129,=0.0167,=0.0291,=-0.0091,=0.0850,=0.0345,=58
="399976",CS新能车,2014-11-28,=0.0037,=3850.0700,=-0.1379,=24.5148,=0.2329,=13.8890,=22.9016,=34.0788,=62.1175,=231.2544,=3.2795,=0.2510,=2.0896,=3.0970,=3.8342,=6.2213,=11.9870,=1.8485,=0.2345,=0.7703,=1.7976,=2.2936,=4.1916,=9.1824,=0.0126,=0.7758,=0.0014,=0.0031,=0.0075,=0.0134,=0.0276,=0.0343,=0.1248,=0.0265,=2029
="399808",中证新能,2015-02-10,=-0.0039,=2424.2500,=-0.1388,=32.1930,=0.4093,=11.2377,=23.4990,=35.6167,=45.6329,=62.8342,=2.5623,=0.3796,=1.7615,=2.1712,=2.8971,=3.8504,=7.2277,=2.1503,=0.4538,=1.2791,=1.6778,=2.2402,=3.0254,=6.6822,=0.0139,=0.7688,=0.0029,=0.0058,=0.0092,=0.0152,=0.0247,=0.0221,=0.0668,=0.0165,=1326
="931719",CS电池,2013-07-15,=-0.0080,=3656.2032,=-0.1401,=23.7672,=0.1200,=15.7007,=26.2489,=38.5898,=63.4491,=121.8822,=3.6283,=0.4312,=1.9771,=2.9292,=3.9061,=5.7588,=11.8941,=2.3837,=0.3673,=1.2782,=2.0990,=2.9799,=4.5476,=9.5565,=0.0156,=0.8627,=0.0012,=0.0035,=0.0068,=0.0125,=0.0220,=0.0377,=0.1370,=0.0297,=577
="399804",中证体育,2015-02-09,=0.0071,=1705.3600,=-0.1402,=23.8101,=0.1162,=17.8349,=25.1430,=30.6923,=43.2741,=84.6918,=2.8188,=0.2758,=2.0588,=2.7255,=3.1791,=3.7610,=5.5714,=2.4470,=0.3087,=1.7235,=2.3137,=2.8307,=3.9130,=7.1775,=0.0222,=0.9073,=0.0037,=0.0073,=0.0124,=0.0204,=0.0296,=0.0257,=0.0922,=0.0231,=306
="H30035",300非银,2012-12-21,=0.0037,=9588.9249,=-0.1402,=8.6100,=0.0012,=8.4740,=12.7042,=15.1585,=19.3628,=26.3489,=1.2672,=0.1608,=1.0544,=1.2965,=1.6027,=2.0411,=2.4387,=1.6311,=0.4464,=1.0410,=1.4185,=1.6977,=1.9729,=2.3917,=0.0296,=0.9217,=0.0124,=0.0164,=0.0222,=0.0259,=0.0352,=0.0253,=0.1294,=0.0297,=1259
="931663",SHS消费龙头,2015-03-13,=-0.0077,=1746.2537,=-0.1407,=19.3345,=0.1526,=14.4278,=20.0169,=26.5382,=37.0770,=57.5191,=2.8884,=0.0187,=2.5314,=3.4028,=4.3131,=6.1339,=13.5979,=1.8169,=0.1584,=1.3592,=1.8794,=2.3928,=3.4165,=7.5123,=0.0298,=0.9302,=0.0069,=0.0133,=0.0170,=0.0254,=0.0421,,=0.1411,,=233
="HSSI",恒生综合小型股指数,2001-10-03,=0.0063,=1348.1800,=-0.1415,=21.9615,=0.6913,=7.3220,=11.0801,=16.3992,=26.2521,=83.7574,=0.9552,=0.4586,=0.5652,=0.7236,=0.9704,=1.1648,=1.4185,=0.6360,=0.3928,=0.3459,=0.4531,=0.6880,=0.9203,=1.2872,=0.0294,=0.4647,=0.0167,=0.0231,=0.0303,=0.0353,=0.0478,,,,=126
="931239",港股通汽车,2022-07-21,=-0.0096,=1984.7924,=-0.1425,=26.7102,=0.8584,=12.1049,=14.3699,=17.2359,=25.9181,=32.0714,=2.7736,=0.8387,=1.2076,=1.4395,=1.6076,=2.7278,=3.5989,=1.3810,=0.7931,=0.6024,=0.6872,=0.7633,=1.3983,=1.7776,=0.0138,=0.1909,=0.0091,=0.0141,=0.0202,=0.0227,=0.0338,,=0.1152,,=53
="930997",新能源车,2017-07-19,=0.0043,=2602.0869,=-0.1433,=24.6393,=0.3011,=14.0460,=20.4824,=31.4959,=71.5249,=171.6022,=3.2859,=0.4109,=1.7502,=2.4289,=3.6311,=6.0168,=11.4567,=1.8550,=0.3883,=0.7652,=1.2127,=2.1366,=3.8899,=8.7389,=0.0126,=0.6071,=0.0014,=0.0031,=0.0109,=0.0182,=0.0289,=0.0346,=0.1243,=0.0266,=1986
="000036",上证消费,2009-01-09,=-0.0029,=9289.0100,=-0.1440,=20.0061,=0.0313,=17.8817,=22.6633,=31.6699,=40.5919,=69.3963,=4.3783,=0.0952,=3.7240,=5.2254,=6.5393,=9.2057,=14.9810,=4.1997,=0.2267,=1.9092,=4.0514,=4.8721,=7.3411,=10.9001,=0.0388,=0.9810,=0.0071,=0.0114,=0.0157,=0.0308,=0.0429,=0.0773,=0.2393,=0.0858,=2332
="399959",军工指数,2011-08-30,=0.0214,=1552.0100,=-0.1451,=46.3360,=0.1158,=34.5950,=50.2511,=60.1051,=71.8228,=156.6364,=2.7868,=0.2493,=2.0269,=2.6519,=3.2413,=4.0005,=5.9912,=2.5052,=0.0845,=2.1044,=2.6709,=3.2807,=3.8610,=5.2606,=0.0071,=0.8405,=0.0021,=0.0029,=0.0039,=0.0067,=0.0095,=0.0143,=0.0591,=0.0108,=21
="399812",养老产业,2014-06-06,=0,=5407.9200,=-0.1458,=10.6230,=0.0025,=10.3086,=17.5257,=20.2887,=25.3815,=31.4367,=1.7629,=0.0425,=1.5864,=2.0326,=2.7910,=3.2414,=4.2954,=1.4201,=0.1521,=1.2170,=1.4505,=1.6757,=1.8719,=2.5548,=0.0273,=0.9695,=0.0096,=0.0132,=0.0172,=0.0244,=0.0306,=0.0294,=0.1459,=0.0345,=6278
="931946",畜牧养殖,2023-07-28,=0.0128,=642.7066,=-0.1462,=186.1137,=0.9465,=14.8058,=16.6121,=24.8219,=43.1980,=702.5962,=2.5450,=0.1986,=2.1724,=2.5481,=2.6704,=2.7843,=3.1405,=1.0419,=0.2729,=0.8870,=1.0247,=1.0907,=1.1344,=1.2139,=0.0251,=0.4059,=0.0155,=0.0201,=0.0270,=0.0304,=0.0347,=0.0043,=0.0943,=0.0400,=15
="930707",中证畜牧,2015-07-13,=0.0114,=1882.7692,=-0.1470,=-72.2510,=0.8833,=11.3375,=17.7937,=26.9438,=115.3576,=237.1331,=2.4041,=0.0573,=1.9910,=2.6624,=3.2683,=4.1661,=5.8838,=0.9718,=0.1167,=0.8185,=1.0250,=1.4129,=2.0430,=2.9452,=0.0169,=0.6760,=0.0033,=0.0096,=0.0143,=0.0214,=0.0303,=-0.0138,=0.0829,=0.0347,=1237
="000692",科创新能,2023-04-03,=0.0075,=986.9600,=-0.1474,=-57.2805,=0.6618,=13.9124,=18.9955,=146.3510,=-45.0578,=279.8956,=2.3348,=0.5442,=1.4486,=1.8101,=2.2278,=2.7908,=4.0229,=1.5065,=0.5564,=0.8667,=1.1675,=1.4508,=1.9015,=2.6157,=0.0045,=0.0909,=0.0030,=0.0054,=0.0162,=0.0205,=0.0318,=-0.0018,=-0.0642,=-0.0138,=44
="987008",港股通科技,2021-03-08,,,=-0.1490,=25.8634,=0.3904,=16.3992,=24.0491,=27.0393,=33.6116,=63.8758,=2.6045,=0.0519,=2.3408,=2.9165,=3.3977,=3.9391,=8.4842,=2.1494,=0.0400,=1.9337,=2.5628,=2.9686,=3.8220,=8.7605,=0.0073,=0.7667,=0.0015,=0.0033,=0.0059,=0.0073,=0.0093,,=0.0980,,=96
="930794",中美互联网,2016-04-22,,,=-0.1504,=19.3799,=0.0027,=19.0594,=27.8959,=32.4638,=38.0931,=50.5410,=5.0890,=0.1113,=3.5920,=5.5850,=6.5712,=7.5414,=9.2259,=4.5434,=0.3570,=2.2940,=3.8795,=4.8597,=5.5740,=7.0802,=0.0027,=0.6238,=0.0004,=0.0006,=0.0017,=0.0033,=0.0053,,=0.2458,,=436
="931783",智能驾驶,2022-02-21,,,=-0.1508,=37.4201,=0.0819,=31.9944,=39.7492,=46.2944,=68.1689,=98.5983,=3.0621,=0.0864,=2.5981,=3.3026,=3.5576,=3.9472,=4.9384,=1.6584,=0.1510,=1.3276,=1.7133,=1.9247,=2.1178,=2.7953,=0.0096,=0.9864,=0.0048,=0.0063,=0.0071,=0.0082,=0.0101,=0.0149,=0.0928,=0.0256,=22
="931697",消费50策略,2021-07-12,=-0.0025,=7220.9276,=-0.1513,=19.9005,=0.4268,=16.4104,=18.4784,=20.7666,=31.2067,=38.9422,=2.9807,=0.0482,=2.6840,=3.5035,=3.8545,=5.1854,=7.0736,=1.6052,=0.0595,=1.4635,=1.7429,=1.9177,=2.8416,=3.5305,=0.0361,=0.9534,=0.0120,=0.0158,=0.0243,=0.0318,=0.0403,=0.0408,=0.1608,=0.0542,=64
="931068",消费龙头,2018-11-21,=-0.0068,=10752.9864,=-0.1513,=17.5527,=0.1534,=15.0591,=18.1800,=22.7949,=29.8874,=44.3922,=3.2059,=0.0271,=2.8729,=4.1060,=4.6908,=6.5462,=10.3805,=2.0192,=0.0531,=1.8019,=2.5234,=3.2469,=4.0786,=7.0508,=0.0400,=0.9634,=0.0085,=0.0161,=0.0211,=0.0333,=0.0451,=0.0518,=0.2083,=0.0600,=2403
="000912",300消费,2007-07-02,=-0.0037,=17592.1448,=-0.1520,=22.4778,=0.2053,=17.5697,=22.2495,=28.6926,=38.6920,=71.0374,=3.6777,=0.0359,=3.2494,=4.6667,=6.3986,=8.3233,=13.2137,=2.8930,=0.0738,=1.9809,=3.1975,=4.1911,=5.5033,=9.3193,=0.0416,=0.9757,=0.0078,=0.0128,=0.0188,=0.0292,=0.0471,=0.0602,=0.1878,=0.0812,=789
="HSSCITI",恒生港股通科技主题指数,2023-07-01,=-0.0006,=2470.9000,=-0.1522,=24.0471,=0.5491,=15.2810,=21.3377,=23.7706,=26.9039,=33.8690,=2.5982,=0.1253,=2.1914,=2.6921,=2.9159,=3.3942,=4.1810,=2.1597,=0.5220,=1.5305,=1.8508,=2.1363,=2.7074,=3.5648,=0.0095,=0.8953,=0.0061,=0.0075,=0.0084,=0.0091,=0.0106,,=0.1204,,=88
="399286",区块链50,2019-12-24,=0.0096,=3384.9200,=-0.1552,=16.9179,=0.1211,=13.8844,=17.7208,=20.7361,=28.4821,=40.1853,=1.9332,=0.2590,=1.4262,=1.8688,=2.1124,=2.7224,=3.6332,=1.7974,=0.4561,=1.3177,=1.5930,=1.8340,=2.0890,=2.8188,=0.0255,=0.9178,=0.0072,=0.0097,=0.0147,=0.0234,=0.0319,=0.0273,=0.0903,=0.0252,=158
="H11052",智能电车,2009-07-22,=0.0025,=3584.1051,=-0.1556,=24.9658,=0.1698,=16.1153,=26.1010,=32.7807,=63.3646,=148.6443,=3.3839,=0.2770,=2.6129,=3.1950,=3.8827,=5.5107,=9.7804,=1.6990,=0.2444,=1.2507,=1.6563,=2.0376,=3.2736,=6.6252,=0.0123,=0.8487,=0.0021,=0.0035,=0.0091,=0.0112,=0.0189,=0.0316,=0.1293,=0.0281,=199
="931845",生猪产业,2012-04-11,,,=-0.1579,=-70.9076,=0.8875,=12.7881,=21.1629,=29.0112,=105.0412,=705.7713,=2.7109,=0.0956,=2.2394,=2.8704,=3.4423,=4.0828,=5.7536,=0.9880,=0.1200,=0.8323,=1.0266,=1.6173,=2.1461,=2.8287,=0.0192,=0.7115,=0.0091,=0.0130,=0.0172,=0.0209,=0.0316,=-0.0154,=0.0788,=0.0361,=163
="980022",机器人产业,2015-02-25,=0.0166,=2233.3700,=-0.1584,=53.0807,=0.7979,=13.7974,=16.6967,=20.5067,=53.6148,=93.9438,=4.4450,=0.6841,=2.5198,=3.0625,=3.6723,=4.8048,=6.2730,=3.6880,=0.7811,=1.0172,=1.2360,=1.4377,=3.9496,=5.9220,=0.0058,=0.1953,=0.0039,=0.0060,=0.0201,=0.0295,=0.0381,=0.0186,=0.0892,=0.0245,=350
="000911",300可选,2007-07-02,=-0.0088,=5563.0283,=-0.1591,=18.5088,=0.5309,=11.4175,=16.2611,=18.2640,=24.5366,=45.8432,=1.9361,=0.0214,=1.7502,=2.2614,=2.5366,=3.0218,=4.4626,=0.8777,=0.0866,=0.7162,=0.9487,=1.0951,=1.3297,=2.0518,=0.0291,=0.9493,=0.0117,=0.0177,=0.0226,=0.0264,=0.0325,=0.0241,=0.1159,=0.0309,=34
="399809",保险主题,2015-02-13,=-0.0039,=2237.4800,=-0.1613,=7.4659,=0.3516,=5.4537,=6.8114,=10.1908,=15.0245,=22.8725,=0.8216,=0.3528,=0.6352,=0.7647,=1.2055,=1.4858,=1.9794,=2.1771,=0.9320,=0.5239,=0.8688,=1.0978,=1.7800,=2.3772,=0.0382,=0.6331,=0.0120,=0.0209,=0.0304,=0.0488,=0.0686,=0.0227,=0.1015,=0.0246,=1518
="HSSCT",恒生港股通中国科技指数,2020-02-01,=-0.0013,=6283.4600,=-0.1623,=24.1435,=0.4361,=15.0039,=21.9679,=24.7473,=31.8731,=55.7647,=2.5859,=0.1544,=1.8368,=2.6325,=3.0123,=4.6141,=8.0840,=2.1617,=0.3904,=1.1354,=1.8445,=2.3178,=3.1872,=6.0217,=0.0094,=0.8888,=0.0020,=0.0040,=0.0071,=0.0089,=0.0108,,=0.1201,,=102
="HSTECH",恒生科技指数,2020-07-01,=-0.0013,=4620.2900,=-0.1624,=24.6732,=0.4507,=14.7293,=21.8229,=25.8112,=41.9179,=73.7725,=2.4900,=0.2753,=1.7280,=2.3921,=2.7723,=3.7378,=8.3408,=1.6045,=0.0873,=1.2545,=1.7042,=2.0203,=3.1354,=6.6932,=0.0120,=0.9367,=0.0010,=0.0021,=0.0060,=0.0109,=0.0135,,=0.1207,,=7426
="930653",CS食品饮,2015-06-05,=-0.0014,=12617.1169,=-0.1641,=21.8720,=0.1336,=17.6031,=22.6833,=31.2745,=38.3114,=65.8842,=3.4115,=0.0177,=3.1030,=4.4066,=5.7098,=7.1300,=12.9907,=3.1792,=0.0153,=2.9247,=3.8060,=4.7658,=5.8503,=11.4166,=0.0390,=0.9852,=0.0078,=0.0127,=0.0179,=0.0310,=0.0425,=0.0615,=0.1583,=0.0705,=917
="000942",内地消费,2009-10-28,=-0.0047,=8543.4548,=-0.1643,=20.5030,=0.4147,=14.4412,=18.7398,=21.7472,=33.3379,=52.6356,=2.6122,=0.0218,=2.3718,=3.1167,=3.6911,=5.0424,=7.7211,=1.4151,=0.1393,=1.1096,=1.4982,=1.7720,=2.5493,=4.1228,=0.0345,=0.9740,=0.0093,=0.0147,=0.0214,=0.0285,=0.0381,=0.0371,=0.1426,=0.0493,=772
="932450",香港现金流,2025-02-28,,,=-0.1645,=11.7009,=0.9434,=6.6300,=8.1867,=9.9848,=10.7293,=12.5131,=1.1508,=0.5310,=0.7408,=0.8604,=1.1416,=1.2702,=1.5038,=0.5674,=0.4528,=0.4577,=0.5247,=0.8599,=1.0283,=1.2561,=0.0391,=0.0404,=0.0367,=0.0426,=0.0527,=0.0597,=0.0728,,=0.0828,,=12
="931404",SHS品牌消费50,2020-02-20,=-0.0075,=2250.9249,=-0.1666,=16.3094,=0.0364,=15.2551,=18.1927,=21.4267,=29.8597,=52.1290,=3.8197,=0.0400,=3.2381,=4.5403,=5.2308,=7.2246,=13.2899,=3.2428,=0.2541,=2.1582,=3.1793,=4.0158,=6.3401,=12.0094,=0.0260,=0.7950,=0.0048,=0.0095,=0.0174,=0.0261,=0.0383,,=0.2165,,=141
="000989",全指可选,2011-08-02,=0.0010,=4660.2500,=-0.1668,=21.8957,=0.3219,=14.8205,=20.3628,=24.1988,=30.9883,=46.1708,=2.1278,=0.2110,=1.6599,=2.1154,=2.4893,=2.8282,=3.2250,=0.9770,=0.1422,=0.8200,=1.0012,=1.1563,=1.4417,=1.7628,=0.0251,=0.9386,=0.0123,=0.0153,=0.0185,=0.0234,=0.0287,=0.0237,=0.1045,=0.0284,=1311
="399393",国证地产,2012-08-20,=0.0004,=2597.3000,=-0.1676,=-5.8036,=0.9782,=6.3321,=8.5850,=15.6638,=-1356.6606,=115902.4187,=0.7767,=0.1303,=0.5768,=0.8309,=1.0563,=1.6326,=2.5183,=0.5664,=0.3932,=0.3699,=0.5163,=0.6387,=1.0494,=1.7471,=0.0114,=0.0870,=0.0083,=0.0181,=0.0259,=0.0342,=0.0478,=-0.0014,=-0.0767,=0.0012,=1435
="399396",国证食品,2012-10-29,=-0.0025,=14504.6400,=-0.1697,=20.9787,=0.1204,=17.1702,=21.8720,=30.0923,=37.3108,=66.0937,=3.5817,=0.0190,=3.2471,=4.5785,=6.1023,=7.6300,=14.3214,=3.3996,=0.0148,=3.1290,=3.9687,=5.0525,=6.2477,=12.4529,=0.0405,=0.9852,=0.0078,=0.0130,=0.0187,=0.0318,=0.0441,=0.0671,=0.1761,=0.0767,=1621
="399973",中证国防,2014-04-15,=0.0225,=1544.1600,=-0.1698,=61.5331,=0.6492,=28.8580,=43.6048,=54.2136,=71.5286,=106.5452,=3.2863,=0.3368,=2.3880,=3.0104,=3.5585,=4.7902,=7.7047,=3.0678,=0.3479,=1.9566,=2.7338,=3.8192,=4.5362,=7.1179,=0.0064,=0.7960,=0.0024,=0.0035,=0.0046,=0.0064,=0.0100,=0.0086,=0.0535,=0.0095,=647
="000990",全指消费,2011-08-02,=0.0005,=10555.8388,=-0.1708,=24.3451,=0.2350,=18.6483,=23.1095,=30.4414,=39.1217,=75.7240,=3.4126,=0.0214,=3.0373,=4.0634,=4.9942,=6.2867,=9.6579,=2.5133,=0.0697,=2.2209,=2.7715,=3.3214,=4.0947,=6.6514,=0.0378,=0.9736,=0.0082,=0.0125,=0.0158,=0.0289,=0.0432,=0.0524,=0.1676,=0.0712,=3860
="000807",食品饮料,2012-02-17,=-0.0040,=15131.4204,=-0.1724,=20.3074,=0.1150,=16.7498,=21.3253,=30.4181,=37.6314,=67.1514,=3.7785,=0.0181,=3.4269,=4.7753,=6.2626,=8.2580,=14.6770,=4.3674,=0.1344,=3.6682,=4.5310,=5.6630,=7.6740,=12.7454,=0.0429,=0.9876,=0.0077,=0.0131,=0.0185,=0.0327,=0.0463,=0.0738,=0.1953,=0.0849,=4307
="930875",空天军工,2016-08-17,=0.0227,=2001.5749,=-0.1727,=67.0968,=0.6616,=27.3832,=45.6678,=55.8359,=73.3192,=98.7933,=3.6550,=0.5161,=2.4052,=3.1598,=3.6267,=4.9270,=7.9650,=3.3512,=0.4211,=2.1274,=2.8956,=3.6681,=4.5022,=7.7673,=0.0059,=0.7150,=0.0022,=0.0032,=0.0041,=0.0068,=0.0106,=0.0090,=0.0567,=0.0104,=111
="931746",储能产业,2015-06-11,=-0.0197,=3059.1155,=-0.1728,=27.7210,=0.3497,=12.7536,=19.7639,=32.0833,=41.3705,=70.6293,=3.0693,=0.3681,=2.2823,=2.7424,=3.3748,=4.9907,=8.8670,=1.9853,=0.4654,=1.1513,=1.5016,=2.0350,=3.1330,=6.6557,=0.0140,=0.6284,=0.0020,=0.0044,=0.0128,=0.0169,=0.0220,=0.0195,=0.0831,=0.0177,=162
="000815",细分食品,2012-04-11,=-0.0039,=15486.2865,=-0.1733,=20.6381,=0.1393,=16.6089,=21.3565,=30.6663,=37.4251,=68.5596,=3.7214,=0.0190,=3.3595,=4.7288,=6.1935,=8.2709,=14.7926,=4.4384,=0.0503,=4.0083,=4.9232,=6.1109,=8.3455,=14.4971,=0.0415,=0.9852,=0.0072,=0.0123,=0.0164,=0.0322,=0.0452,=0.0708,=0.1902,=0.0845,=787
="H30094",消费红利,2013-07-02,=0.0044,=30613.9039,=-0.1758,=19.3005,=0.1167,=16.2060,=20.4374,=27.7719,=33.4547,=59.6542,=3.5300,=0.0185,=3.1510,=4.3754,=5.3354,=6.7479,=11.0368,=3.9559,=0.3780,=2.0635,=3.3400,=4.3047,=5.3148,=8.4259,=0.0453,=0.9889,=0.0123,=0.0178,=0.0223,=0.0351,=0.0491,=0.0717,=0.1905,=0.0792,=2178
="931009",建筑材料,2013-07-15,=0.0060,=5165.4604,=-0.1774,=130.7361,=1,=8.0662,=10.4147,=14.8817,=29.7085,=130.7361,=0.8506,=0.0290,=0.7557,=1.0078,=1.4945,=1.9895,=2.4800,=0.9546,=0.2072,=0.6904,=0.9491,=1.1565,=1.5128,=2.1670,=0.0224,=0.1773,=0.0085,=0.0228,=0.0262,=0.0309,=0.0487,=-0.0025,=0.0109,=-0.0006,=757
="000931",中证可选,2009-07-03,=-0.0035,=5111.6115,=-0.1774,=19.5912,=0.3978,=12.9961,=17.9577,=20.0965,=26.0964,=47.1695,=2.0291,=0.1154,=1.6991,=2.1069,=2.4820,=2.7959,=3.7874,=0.9340,=0.1653,=0.7260,=0.9597,=1.1110,=1.2792,=1.9265,=0.0271,=0.9435,=0.0120,=0.0178,=0.0209,=0.0248,=0.0298,=0.0252,=0.1143,=0.0305,=842
="399432",智能汽车,2014-12-30,=0.0050,=5564.5200,=-0.1799,=24.2311,=0.4897,=12.3799,=17.9003,=24.8407,=66.1739,=131.3343,=3.3200,=0.4382,=1.4019,=2.1767,=3.5043,=6.5272,=11.4939,=1.8940,=0.4967,=0.5888,=0.9103,=1.8988,=4.6106,=8.8483,=0.0135,=0.5074,=0.0016,=0.0032,=0.0133,=0.0241,=0.0377,=0.0329,=0.1377,=0.0319,=22
="931775",房地产,2013-07-15,=0.0046,=2443.3979,=-0.1808,=-4.5746,=0.9806,=7.0141,=8.9821,=18.2170,=-32.3693,=1490.8370,=0.7722,=0.1529,=0.5750,=0.8234,=1.0332,=1.5647,=2.4442,=0.5801,=0.3809,=0.3617,=0.5322,=0.6671,=1.1134,=1.7893,=0.0061,=0.0041,=0.0058,=0.0146,=0.0234,=0.0325,=0.0448,=-0.0040,=-0.1024,=-0.0027,=945
="000932",中证消费,2009-07-03,=0.0004,=12489.3900,=-0.1809,=22.9168,=0.2098,=18.2526,=22.5837,=29.2748,=38.6663,=67.7039,=3.4539,=0.0206,=3.0877,=4.2722,=5.3620,=7.0320,=11.1990,=2.6949,=0.0589,=2.0221,=2.9557,=3.5969,=4.6842,=7.7724,=0.0396,=0.9761,=0.0082,=0.0130,=0.0175,=0.0293,=0.0448,=0.0540,=0.1726,=0.0732,=12518
="399368",国证军工,2009-11-04,=0.0182,=6967.5800,=-0.1824,=61.5177,=0.4464,=38.1822,=54.2867,=63.1981,=77.3571,=107.0849,=2.9731,=0.4493,=2.0244,=2.5859,=3.0222,=3.5341,=4.3940,=2.9052,=0.3945,=1.8459,=2.5701,=3.1779,=3.6960,=4.8014,=0.0060,=0.8611,=0.0025,=0.0033,=0.0045,=0.0056,=0.0080,=0.0129,=0.0477,=0.0081,=19
="399699",金融科技,2017-06-09,=0.0240,=3642.1700,=-0.1856,=13.7268,=0.0018,=13.2573,=16.6298,=19.2536,=44.3030,=111.6316,=1.7904,=0.2037,=1.2665,=1.7876,=2.2670,=3.3944,=4.4660,=1.4407,=0.2927,=1.0709,=1.3789,=1.6144,=1.9050,=3.0519,=0.0234,=0.7963,=0.0041,=0.0063,=0.0188,=0.0235,=0.0329,=0.0209,=0.1027,=0.0223,=332
="399440",国证钢铁,2014-12-30,=-0.0024,=1207.8600,=-0.1869,=29.1507,=0.7086,=5.7530,=9.0864,=18.4279,=36.0821,=695.2734,=0.9570,=0.3355,=0.7172,=0.9156,=1.0357,=1.3256,=2.0509,=0.4803,=0.5631,=0.3277,=0.3893,=0.4568,=0.6057,=1.3827,=0.0260,=0.4419,=0.0018,=0.0182,=0.0272,=0.0419,=0.0569,=0.0058,=0.0382,=0.0096,=471
="399967",中证军工,2013-12-26,=0.0204,=11350.1600,=-0.1899,=62.6713,=0.4522,=41.8350,=54.9002,=64.4861,=96.4315,=162.6003,=3.2549,=0.5503,=2.0425,=2.6005,=3.1761,=3.7859,=4.8699,=3.0463,=0.4361,=2.0545,=2.7207,=3.1034,=4.0092,=5.8225,=0.0057,=0.8553,=0.0021,=0.0030,=0.0039,=0.0054,=0.0081,=0.0129,=0.0501,=0.0096,=5991
="399971",中证传媒,2014-04-15,=0.0069,=1191.9000,=-0.1904,=31.7602,=0.3495,=18.4593,=27.0874,=34.6314,=43.9823,=90.0483,=2.1689,=0.2300,=1.5359,=2.1284,=2.5453,=3.2157,=5.1939,=2.5528,=0.1509,=1.9674,=2.6297,=3.1600,=4.4383,=6.6801,=0.0194,=0.7585,=0.0038,=0.0091,=0.0129,=0.0206,=0.0294,=0.0163,=0.0602,=0.0206,=6352
="931480",线上消费,2020-05-06,=0.0082,=680.8330,=-0.1905,=46.5939,=0.1526,=33.5813,=47.8602,=65.0584,=96.0298,=132.5169,=2.8525,=0.3673,=1.9483,=2.5242,=3.0778,=3.6849,=5.0305,=2.8805,=0.7815,=1.1811,=1.5076,=1.8369,=2.9387,=4.8094,=0.0119,=0.9713,=0.0051,=0.0066,=0.0085,=0.0099,=0.0133,=0.0131,=0.0458,=0.0190,=79
="000816",细分地产,2012-04-11,,,=-0.1937,=-4.0681,=0.9819,=6.1299,=8.3282,=15.7473,=-51.6415,=2488.2259,=0.7210,=0.1113,=0.5599,=0.8004,=1.0349,=1.6420,=2.5676,=0.5091,=0.2675,=0.3390,=0.4917,=0.6048,=1.0266,=1.7076,=0.0052,=0.0140,=0.0044,=0.0174,=0.0275,=0.0358,=0.0516,=-0.0038,=-0.1018,=-0.0024,=10
="931357",优选消费50,2019-11-15,=-0.0097,=2420.3220,=-0.1937,=17.7109,=0.0344,=16.0077,=20.3135,=24.5737,=32.8701,=53.0529,=2.7782,=0.0122,=2.5395,=3.6512,=4.3149,=7.1255,=11.6208,=1.7324,=0.0105,=1.5982,=2.2801,=2.6864,=5.1813,=8.8232,=0.0262,=0.9848,=0.0058,=0.0100,=0.0147,=0.0201,=0.0287,,=0.1689,,=398
="930721",CS智汽车,2015-08-05,=0.0149,=4628.2025,=-0.1997,=33.4429,=0.1697,=27.2408,=33.8171,=39.3602,=48.7816,=67.2850,=3.1744,=0.1492,=2.5208,=3.2859,=3.8023,=5.3419,=7.3638,=1.2151,=0.0036,=1.1887,=1.4834,=1.8317,=2.6236,=3.8976,=0.0076,=0.5811,=0.0040,=0.0056,=0.0071,=0.0093,=0.0155,=0.0150,=0.1014,=0.0176,=491
="930606",中证钢铁,2015-03-31,=-0.0019,=932.1866,=-0.1998,=59.5156,=0.7972,=5.9346,=9.2015,=19.0694,=59.9431,=77593.1899,=0.9695,=0.3318,=0.7076,=0.9197,=1.0463,=1.3322,=2.0450,=0.4600,=0.5185,=0.2931,=0.3819,=0.4524,=0.6007,=1.2948,=0.0245,=0.4345,=0.0018,=0.0167,=0.0255,=0.0409,=0.0542,=0.0020,=0.0221,=0.0071,=779
="980018",卫星通信,2015-02-17,=0.0286,=4262.1300,=-0.2025,=212.4278,=0.8990,=23.6003,=29.0474,=41.0367,=61.0494,=1063.4314,=5.5665,=0.9132,=1.7225,=2.0659,=2.5982,=4.3210,=7.7241,=7.2628,=0.9766,=1.5054,=1.8105,=2.3152,=3.1480,=9.8783,=0.0020,=0.0320,=0.0013,=0.0038,=0.0125,=0.0171,=0.0231,=0.0054,=0.0181,=0.0298,=138
="399617",深证消费,2011-06-15,=0.0054,=7362.9000,=-0.2031,=39.1959,=0.8500,=15.3450,=22.1455,=26.3816,=32.3173,=1768.1548,=2.4458,=0.0251,=2.1129,=3.2612,=4.2037,=5.7490,=9.2732,=1.3998,=0.0210,=1.2428,=1.8499,=2.4372,=3.6985,=6.3240,=0.0357,=0.9122,=0.0100,=0.0137,=0.0186,=0.0262,=0.0433,=0.0294,=0.1055,=0.0582,=370
="932088",全指航空,2023-03-23,=0.0212,=693.0243,=-0.2106,=73.9576,=0.6490,=36.9197,=49.4694,=67.3474,=87.9807,=116.5746,=3.3226,=0.4351,=2.3948,=3.0456,=3.3813,=3.8469,=4.9751,=3.1005,=0.2873,=2.2988,=2.9084,=3.5546,=4.0328,=4.9356,=0.0053,=0.2476,=0.0041,=0.0052,=0.0061,=0.0069,=0.0090,=0.0077,=0.0470,=0.0092,=56
="399965",800地产,2012-12-21,=-0.0086,=2079.9700,=-0.2121,=-3.0684,=0.9827,=5.5394,=8.0041,=14.1293,=54.2724,=59.7245,=0.5345,=0.0185,=0.4663,=0.6968,=0.9777,=1.6059,=2.5596,=0.3312,=0.0284,=0.2856,=0.4077,=0.5061,=0.9939,=1.6493,=0.0067,=0.0041,=0.0064,=0.0179,=0.0280,=0.0369,=0.0562,=-0.0020,=-0.0854,=0.0007,=207
="930790",CS娱乐TI,2016-03-22,=0.0050,=1118.4711,=-0.2133,=69.9973,=0.6721,=17.3299,=32.7880,=50.1944,=79.3984,=245.3480,=2.2728,=0.3044,=1.6576,=2.1422,=2.5294,=3.1107,=3.8872,=2.4961,=0.0607,=2.2057,=2.7444,=3.2124,=4.0213,=5.0752,=0.0164,=0.8777,=0.0039,=0.0093,=0.0124,=0.0152,=0.0240,=0.0124,=0.0200,=0.0156,=22
="931066",军工龙头,2018-02-05,=0.0211,=2715.6184,=-0.2139,=57.1063,=0.8337,=29.1719,=35.0512,=43.1141,=54.0781,=100.5281,=3.0657,=0.1528,=2.2914,=3.1340,=3.6611,=4.5940,=6.9932,=2.8152,=0.2063,=2.1745,=2.8030,=3.4377,=4.1809,=5.8746,=0.0064,=0.2048,=0.0050,=0.0064,=0.0076,=0.0092,=0.0116,=0.0067,=0.0495,=0.0098,=1080
="930601",中证软件,2015-03-10,=0.0220,=4922.5959,=-0.2171,=104.3582,=0.7148,=29.3378,=51.8564,=79.5610,=128.9417,=302.4908,=4.7984,=0.5519,=2.7207,=3.9641,=4.6659,=5.6399,=7.7270,=5.6688,=0.6970,=2.8007,=4.0731,=4.9559,=6.0396,=8.5777,=0.0067,=0.9316,=0.0026,=0.0036,=0.0044,=0.0054,=0.0101,=0.0078,=0.0385,=-0.0029,=414
="931230",汽车零部件,2013-07-15,=0.0144,=1007.9811,=-0.2203,=26.7113,=0.5118,=18.5338,=23.9079,=26.6284,=30.4067,=34.9965,=2.7439,=0.5825,=1.8462,=2.2959,=2.6301,=3.1593,=3.7531,=1.7235,=0.5784,=1.1819,=1.4650,=1.6769,=2.0001,=2.3775,=0.0150,=0.6227,=0.0115,=0.0128,=0.0142,=0.0159,=0.0198,=0.0227,=0.1141,=0.0262,=55
="000126",消费50,2011-12-09,=-0.0002,=6425.1300,=-0.2272,=19.5720,=0.1426,=15.1608,=20.2860,=22.8714,=32.8709,=57.2206,=2.5496,=0.0346,=2.2360,=3.0006,=3.4009,=4.8666,=7.3797,=1.4109,=0.2807,=0.9155,=1.2844,=1.8265,=2.6426,=3.8011,=0.0353,=0.9852,=0.0091,=0.0134,=0.0211,=0.0279,=0.0382,=0.0406,=0.1407,=0.0455,=92
="H30202",软件指数,2013-07-15,=0.0207,=11610.8790,=-0.2299,=101.0719,=0.5680,=45.1036,=65.7516,=91.5241,=155.6957,=372.5263,=4.4249,=0.1917,=2.9348,=4.4753,=5.3588,=6.5778,=8.8705,=5.9371,=0.2819,=3.9010,=5.4106,=6.8153,=7.9862,=12.1264,=0.0069,=0.9328,=0.0022,=0.0033,=0.0045,=0.0055,=0.0102,=0.0053,=0.0344,=-0.0039,=333
="H30182",计算机,2013-07-15,=0.0185,=5889.3618,=-0.2314,=400.7378,=0.8329,=33.2527,=55.4288,=104.3286,=366.5313,=65313.4473,=3.8074,=0.3210,=2.4295,=3.5853,=4.0734,=4.6276,=5.8765,=3.7073,=0.2519,=2.3635,=3.5895,=4.1318,=4.7340,=7.6223,=0.0052,=0.7899,=0.0028,=0.0040,=0.0045,=0.0053,=0.0091,=-0.0024,=0.0033,=-0.0042,=60
="931521",高装细分50,2020-07-08,=0.0197,=2550.1471,=-0.2333,=88.6560,=0.7766,=33.8051,=48.5832,=59.2769,=96.0918,=160.3029,=3.6018,=0.3073,=2.5146,=3.4387,=4.0923,=4.9859,=6.8876,=3.7655,=0.1902,=2.7226,=3.8029,=4.3957,=5.0654,=6.7300,=0.0051,=0.3362,=0.0025,=0.0042,=0.0055,=0.0065,=0.0091,=0.0050,=0.0438,=0.0069,=83
="930625",SHS互联网,2015-04-21,=0.0041,=2324.3457,=-0.2345,=22.7445,=0.0534,=18.8995,=26.8637,=34.9210,=49.9715,=84.5605,=2.5589,=0.0075,=2.3016,=3.4478,=4.8946,=6.6320,=9.2961,=2.5460,=0.0079,=2.3041,=3.4252,=4.2873,=5.7889,=8.7946,=0.0097,=0.9794,=0.0016,=0.0028,=0.0036,=0.0070,=0.0110,,=0.1125,,=340
="399805",互联金融,2015-02-10,=0.0198,=2945.9100,=-0.2346,=8.7783,=0.1018,=7.5943,=9.5440,=11.3357,=13.1553,=16.5816,=0.9734,=0.1393,=0.7644,=1.0303,=1.3820,=1.7129,=2.0317,=1.7427,=0.7453,=1.1667,=1.4082,=1.6147,=1.7935,=2.2636,=0.0349,=0.8462,=0.0145,=0.0186,=0.0237,=0.0339,=0.0507,=0.0238,=0.0940,=0.0248,=339
="H30015",800汽车,2012-12-21,=0.0008,=7681.4914,=-0.2366,=24.3722,=0.5771,=11.4503,=15.3626,=22.8651,=31.8612,=45.6288,=1.8696,=0.2465,=1.3220,=1.7478,=2.1698,=2.4572,=3.4622,=0.7890,=0.3908,=0.5106,=0.6736,=0.8482,=1.0480,=1.4573,=0.0160,=0.4419,=0.0097,=0.0134,=0.0168,=0.0286,=0.0411,=0.0155,=0.0922,=0.0213,=196
="399987",中证酒,2014-12-10,=-0.0065,=3808.1200,=-0.2380,=19.7500,=0.1315,=16.5000,=20.7523,=30.5259,=38.5048,=71.4257,=3.8442,=0.0190,=3.3943,=4.9090,=6.4707,=8.9992,=15.9495,=6.0423,=0.0829,=5.0607,=6.4799,=8.3127,=11.8299,=21.4371,=0.0447,=0.9897,=0.0067,=0.0114,=0.0162,=0.0325,=0.0485,=0.0789,=0.2043,=0.0944,=2789
="931594",卫星产业,2020-12-22,=0.0287,=855.7774,=-0.2420,=178.7753,=0.7153,=44.5603,=96.3844,=131.4947,=230.5226,=428.4930,=4.9545,=0.8918,=2.3588,=3.0590,=3.5417,=4.1163,=7.6413,=7.0360,=0.8642,=3.4655,=4.5442,=5.1734,=6.2957,=11.4514,=0.0033,=0.5832,=0.0023,=0.0027,=0.0032,=0.0052,=0.0086,=0.0019,=0.0317,=0.0057,=200
="930781",中证影视,2016-02-04,=-0.0019,=1277.6161,=-0.2444,=-1319.8368,=0.6513,=16.7066,=43.1495,=212.9995,=-60.8596,=8055.0919,=1.7411,=0.0511,=1.4352,=2.0237,=2.3572,=3.3164,=5.5725,=3.7813,=0.3442,=2.7079,=3.4931,=4.2482,=5.4041,=9.2247,=0.0128,=0.9262,=0.0020,=0.0038,=0.0065,=0.0099,=0.0161,=0.0049,=0.0185,=0.0219,=188
="930986",金融科技,2017-06-22,=0.0258,=2351.6766,=-0.2466,=44.2777,=0.2259,=32.2484,=43.1586,=54.8661,=81.0068,=257.1796,=4.2723,=0.3200,=2.5474,=4.0248,=4.6674,=5.8095,=7.7786,=5.9046,=0.6858,=2.9625,=3.8794,=4.7801,=6.9863,=9.8281,=0.0082,=0.8942,=0.0040,=0.0051,=0.0059,=0.0073,=0.0120,=0.0192,=0.0872,=0.0151,=271
="HSIII",恒生互联网科技业指数,2020-07-20,=-0.0029,=2208.0700,=-0.2481,=23.0854,=0.2437,=12.6629,=22.1953,=34.7452,=47.7321,=309808.9839,=2.2854,=0.0690,=1.7026,=2.5458,=3.7417,=6.1191,=8.5704,=1.7753,=0.0707,=1.1940,=1.9821,=2.4206,=3.5799,=5.1261,=0.0104,=0.8501,=0.0015,=0.0029,=0.0054,=0.0098,=0.0133,,=0.1194,,=2050
="930901",动漫游戏,2016-10-18,=0.0044,=1580.6725,=-0.2533,=24.0397,=0.0676,=17.2478,=29.2917,=41.7962,=253.8393,=4647.5377,=2.9585,=0.5152,=1.7335,=2.3025,=2.9143,=4.0517,=7.9690,=3.8194,=0.1256,=2.8663,=4.1481,=4.9704,=6.7985,=10.0355,=0.0190,=0.9303,=0.0031,=0.0055,=0.0088,=0.0150,=0.0282,=0.0360,=0.1150,=0.0336,=888
="899050",北证50,2022-11-21,=0.0065,=1074.9600,=-0.2537,=41.3930,=0.5120,=15.5447,=18.6772,=38.5203,=62.9954,=91.3357,=3.6943,=0.5328,=2.0170,=2.4413,=3.3978,=4.9515,=5.6723,=3.0767,=0.5208,=1.3969,=1.7307,=2.8506,=4.2394,=5.1557,=0.0093,=0.4125,=0.0062,=0.0076,=0.0114,=0.0146,=0.0185,=0.0174,=0.0675,=-0.0021,=791
="931481",SHS线上消费,2020-05-06,=0.0032,=827.5145,=-0.2541,=22.5256,=0.1598,=17.8858,=23.3754,=29.6555,=46.5796,=121.3257,=2.4678,=0.0107,=2.2334,=3.1052,=3.5331,=4.7598,=9.8961,=2.4995,=0.0890,=2.0492,=2.7387,=3.2763,=4.3221,=7.8524,=0.0106,=0.9624,=0.0020,=0.0033,=0.0056,=0.0086,=0.0119,,=0.1066,,=70
="930796",全球中国互联网,2016-04-22,=-0.0024,=1621.8583,=-0.2562,=17.8624,=0.0629,=15.1718,=20.7937,=38.9812,=53.7437,=115.7107,=2.2174,=0.0192,=1.8023,=2.6315,=3.9813,=6.9055,=9.6202,=1.9008,=0.0184,=1.5064,=2.2598,=3.6963,=6.3382,=9.5215,=0.0105,=0.9705,=0.0008,=0.0013,=0.0019,=0.0078,=0.0121,,=0.1307,,=51
="H30533",中国互联网50,2014-12-29,=-0.0037,=6929.3977,=-0.2604,=17.3729,=0.0813,=14.4020,=20.0326,=41.1633,=57.0079,=137.0698,=2.0865,=0.0146,=1.7082,=2.5170,=3.9053,=6.7227,=9.7098,=1.7861,=0.0161,=1.4305,=2.1520,=3.8047,=6.4332,=9.1092,=0.0106,=0.9352,=0.0007,=0.0013,=0.0019,=0.0080,=0.0125,,,,=6875
="399997",中证白酒,2015-01-21,=-0.0067,=6460.0100,=-0.2628,=19.8878,=0.1628,=16.2418,=20.3580,=29.7028,=37.9971,=71.4432,=4.0513,=0.0210,=3.5435,=5.2046,=7.2690,=9.8068,=17.8607,=6.8817,=0.1047,=5.9830,=7.2852,=9.8375,=13.6521,=24.8964,=0.0456,=0.9897,=0.0066,=0.0115,=0.0169,=0.0331,=0.0495,=0.0833,=0.2121,=0.1013,=7781
="H11136",中国互联网,2011-09-20,=0.0022,=3918.6365,=-0.2655,=17.2856,=0.1074,=14.4387,=19.6856,=42.3351,=57.1289,=137.0698,=2.0750,=0.0142,=1.7247,=2.5248,=3.9173,=6.7403,=9.7098,=1.8186,=0.0142,=1.5020,=2.2221,=4.0096,=6.5159,=9.1092,=0.0113,=0.9387,=0.0007,=0.0013,=0.0019,=0.0086,=0.0132,,,,=3384
="930604",中国互联网30,2015-03-23,=-0.0049,=7343.5376,=-0.2660,=17.4048,=0.0887,=14.4178,=19.7678,=41.2062,=59.0576,=131.9396,=2.1114,=0.0138,=1.7582,=2.5732,=3.9782,=7.0787,=10.3841,=1.7906,=0.0165,=1.4482,=2.1626,=3.8292,=6.4466,=9.5870,=0.0103,=0.9743,=0.0007,=0.0013,=0.0017,=0.0078,=0.0121,,,,=657
="HSAIT",恒生人工智能主题指数,2023-09-01,=0.0230,=3107.9200,=-0.2708,=-66.4999,=0.9686,=13.3665,=18.1557,=19.9720,=21.9952,=33.1012,=7.7988,=0.9714,=1.4634,=1.7637,=2.0927,=2.5183,=9.7315,=12.2799,=0.9768,=1.2708,=1.5082,=1.8365,=2.3221,=13.8516,=0.0009,=0.0150,=0.0008,=0.0171,=0.0192,=0.0214,=0.0235,,=0.1059,,=64
="980076",通用航空,2012-12-28,=0.0150,=2695.9100,=-0.2735,=98.9181,=0.4587,=69.9916,=81.3041,=100.4616,=126.6842,=158.1149,=3.3929,=0.3811,=2.7445,=3.2264,=3.5230,=4.0713,=5.1513,=4.0092,=0.1626,=3.4358,=4.0604,=4.2928,=4.9028,=6.3273,=0.0051,=0.5024,=0.0037,=0.0042,=0.0051,=0.0060,=0.0073,=0.0066,=0.0297,=0.0083,=71
="931646",SHS新消费,2021-04-07,=-0.0057,=1375.2344,=-0.2747,=21.4622,=0.1304,=17.0652,=22.5945,=25.9265,=30.5440,=45.1728,=2.5388,=0.0132,=2.2638,=3.1181,=3.5843,=4.1484,=7.2085,=2.5244,=0.0125,=2.2716,=3.1748,=3.7035,=4.2092,=7.0452,=0.0108,=0.9780,=0.0024,=0.0045,=0.0066,=0.0085,=0.0121,,=0.1302,,=12
="CN5082",国证航天,2015-02-16,,,=-0.2829,=91.0808,=0.7554,=44.4252,=58.7080,=73.0296,=109.4562,=173.9279,=3.5143,=0.5412,=2.1924,=2.8248,=3.3398,=4.2952,=5.7391,=3.4908,=0.5725,=1.9232,=2.5659,=3.3520,=4.0333,=6.0090,=0.0044,=0.7278,=0.0021,=0.0030,=0.0038,=0.0049,=0.0082,=0.0055,=0.0382,=0.0066,=36
="399983",地产等权,2013-11-22,=-0.0121,=1460.2900,=-0.2832,=-1.8755,=0.9872,=5.0058,=7.3313,=10.5626,=39.6478,=75.5023,=0.4069,=0.0128,=0.3690,=0.5881,=1.0644,=1.7737,=2.8135,=0.2422,=0.0185,=0.2174,=0.3499,=0.4616,=0.9101,=1.5710,=0.0053,=0.0239,=0.0037,=0.0218,=0.0322,=0.0412,=0.0629,=-0.0053,=-0.0924,=-0.0025,=1010
="931637",港股通互联网,2021-01-11,=-0.0088,=722.0015,=-0.2883,=20.8850,=0.1023,=16.9805,=22.8498,=27.8135,=41.1210,=87.7368,=2.4068,=0.0180,=2.0886,=2.9930,=3.3973,=4.1425,=11.7021,=2.3957,=0.0223,=2.0583,=2.8589,=3.3791,=4.2284,=11.5370,=0.0104,=0.9841,=0.0011,=0.0026,=0.0050,=0.0077,=0.0111,,,,=301
="931008",汽车指数,2013-07-15,=-0.0012,=8495.0947,=-0.2908,=27.3318,=0.5677,=12.0130,=17.5494,=26.0831,=36.0649,=55.3660,=1.9461,=0.2957,=1.1809,=1.5488,=2.2110,=2.4497,=3.4286,=0.8099,=0.3962,=0.4315,=0.5555,=0.9012,=1.0496,=1.4087,=0.0156,=0.4163,=0.0059,=0.0122,=0.0163,=0.0274,=0.0426,=0.0152,=0.0829,=0.0208,=495
="931855",通用航空,2025-04-02,=0.0181,=915.3704,=-0.2912,=95.5333,=0.1959,=76.1514,=95.5540,=104.2105,=115.2073,=148.2866,=3.5019,=0.0556,=3.2007,=3.8352,=4.0961,=4.5751,=5.9420,=4.3558,=0.0848,=4.0348,=5.1514,=6.1732,=6.8722,=8.0546,=0.0054,=0.3538,=0.0042,=0.0050,=0.0058,=0.0062,=0.0073,=0.0068,=0.0445,,=12
="930633",中证旅游,2015-05-08,=-0.0033,=2298.0927,=-0.3078,=76.5077,=0.4068,=15.8968,=21.9987,=1950.4152,=-51.0196,=11171.4579,=1.9741,=0.0911,=1.6473,=2.1445,=2.3509,=2.8097,=3.6934,=1.0408,=0.0087,=1.0072,=1.3103,=1.6011,=2.5762,=3.7607,=0.0096,=0.8182,=0.0014,=0.0038,=0.0081,=0.0095,=0.0147,=0.0208,=-0.0128,=-0.0016,=632
="932584",智选港股通红利低波,2026-06-11,,,,=6.2553,=0.8113,=5.4952,=5.7737,=6.0942,=6.2529,=6.4396,=0.6446,=0.8491,=0.5613,=0.5897,=0.6230,=0.6387,=0.6578,=0.9686,=0.8679,=0.8443,=0.8870,=0.9361,=0.9607,=0.9893,=0.0539,=0.1132,=0.0530,=0.0545,=0.0559,=0.0587,=0.0621,,,,=17
="1000005",上海非金融A股,1994-01-01,,,,=31.0511,=0.8368,=15.3520,=20.3290,=23.4558,=29.7932,=34.6296,=2.2645,=0.8026,=1.5456,=1.8178,=2.0436,=2.2641,=2.5831,=1.3707,=0.9518,=0.7548,=0.9329,=1.0759,=1.2122,=1.4804,=0.0183,=0.3895,=0.0107,=0.0149,=0.0197,=0.0236,=0.0293,=0.0209,=0.0661,=0.0198,=189
="1000010",上海B股,1994-01-10,,,,=12.1602,=0.1744,=6.8464,=12.5855,=18.4454,=37.2537,=68.1787,=0.9348,=0.2729,=0.7158,=0.9058,=1.0069,=1.2227,=1.7346,=0.6888,=0.7139,=0.3163,=0.4060,=0.5564,=0.7269,=1.2119,=0.0428,=0.7642,=0.0085,=0.0244,=0.0347,=0.0434,=0.2559,,,=0.0164,=131
="1000011",A股非金融,1994-01-10,,,,=36.9132,=0.7840,=17.5718,=25.5269,=28.6067,=37.4540,=43.6945,=2.5414,=0.6430,=1.6561,=2.0403,=2.3293,=2.6839,=2.9749,=1.5888,=0.8372,=0.9476,=1.1421,=1.3066,=1.5701,=1.8156,=0.0155,=0.4406,=0.0087,=0.0121,=0.0160,=0.0192,=0.0256,=0.0205,=0.0612,=0.0189,=809
="1000014",科创板全指,2019-07-22,,,,=158.6074,=0.8137,=34.6058,=58.7594,=77.7573,=135.6607,=267.8356,=6.4525,=0.7905,=2.4875,=3.8130,=4.9567,=6.4871,=9.5957,=8.5692,=0.7092,=3.3799,=5.2206,=6.6654,=9.8325,=14.1086,=0.0027,=0.1573,=0,=0.0031,=0.0043,=0.0064,=0.0098,=0.0091,=0.0255,=0.0035,=1303

数据来源于：理杏仁网站(lixinger.com)