指数代码,指数名称,发布时间,涨跌幅,收盘点位,今年以来涨跌幅,PE-TTM(当前值),PE-TTM(分位点%),PE-TTM(最小值),PE-TTM(20%分位点值),PE-TTM(50%分位点值),PE-TTM(80%分位点值),PE-TTM(最大正值),PB(当前值),PB(分位点%),PB(最小值),PB(20%分位点值),PB(50%分位点值),PB(80%分位点值),PB(最大正值),PS-TTM(当前值),PS-TTM(分位点%),PS-TTM(最小值),PS-TTM(20%分位点值),PS-TTM(50%分位点值),PS-TTM(80%分位点值),PS-TTM(最大正值),净资产收益率(ROE)(2026Q1),净资产收益率(ROE)(2025Q4),净资产收益率(ROE)(2025Q1),股息率,关注度
="931039",银行AH,2017-12-06,=-0.0092,=12221.6300,=-0.0440,=5.7774,=0.7366,=3.2016,=4.0763,=5.2047,=5.9017,=7.9938,=0.5446,=0.3918,=0.3790,=0.4566,=0.5664,=0.7134,=1.0569,=2.1685,=0.8139,=1.0856,=1.4318,=1.7458,=2.1342,=2.9053,,=0.0881,,=0.0505,=97
="H11146",港股通内地金融,2010-06-02,=-0.0050,=1103.2300,=0.0023,=5.9839,=0.4949,=3.2759,=4.5177,=6.0093,=6.7500,=9.2347,=0.6072,=0.3895,=0.3797,=0.4938,=0.6700,=0.8765,=1.1859,=1.5457,=0.7495,=0.6692,=0.9478,=1.2947,=1.5980,=2.1885,,=0.0970,,=0.0483,=39
="930792",HK银行,2016-04-22,=-0.0061,=4833.2100,=0.0973,=6.6680,=0.7734,=3.2659,=4.4645,=5.8453,=6.7741,=9.5632,=0.6489,=0.5566,=0.3905,=0.4964,=0.6253,=0.8010,=1.0771,=2.5366,=0.8741,=1.0519,=1.5167,=1.8521,=2.3903,=3.1066,,=0.0901,,=0.0474,=753
="399986",中证银行,2013-07-15,=-0.0110,=7062.6200,=-0.0711,=6.7492,=0.7567,=4.1183,=5.2599,=6.2797,=6.8478,=9.0846,=0.6420,=0.2998,=0.4848,=0.5836,=0.7197,=0.8984,=1.2416,=2.5335,=0.8153,=1.4134,=1.7842,=2.1390,=2.4968,=3.3016,=0.0226,=0.0881,=0.0236,=0.0436,=9553
="H30106",H300金融服务,2013-05-21,=-0.0142,=1568.0900,=0.0362,=6.8076,=0.4633,=4.0175,=5.3642,=6.9684,=7.7688,=11.1922,=0.7301,=0.4666,=0.4470,=0.5777,=0.7442,=0.9083,=1.2489,=1.9458,=0.8379,=0.8557,=1.1816,=1.4624,=1.8843,=2.3593,,=0.1014,,=0.0456,=20
="000018",180金融,2007-12-10,=-0.0097,=5180.4000,=-0.1279,=7.1100,=0.3361,=5.2016,=6.4287,=7.4973,=8.3012,=10.8609,=0.7231,=0.2379,=0.5902,=0.6965,=0.8743,=1.0696,=1.4199,=2.1350,=0.7447,=1.2355,=1.5824,=1.9463,=2.2066,=2.8772,=0.0229,=0.0959,=0.0245,=0.0409,=774
="399809",保险主题,2015-02-13,=-0.0116,=2096.6100,=-0.2141,=7.1152,=0.2594,=5.4537,=6.8114,=10.5363,=15.0245,=22.8725,=0.7619,=0.1802,=0.6352,=0.7658,=1.2252,=1.4858,=1.9794,=2.0724,=0.8994,=0.5239,=0.8688,=1.0970,=1.4714,=2.3772,=0.0227,=0.1015,=0.0246,=0.0408,=1489
="000818",细分金融,2012-04-11,=-0.0102,=6439.1300,=-0.1279,=7.2039,=0.3204,=5.2356,=6.4974,=7.6851,=8.4810,=10.9951,=0.7327,=0.2396,=0.5930,=0.7010,=0.8922,=1.0928,=1.4303,=2.1820,=0.7344,=1.2689,=1.6354,=1.9840,=2.2602,=2.9111,=0.0231,=0.0956,=0.0246,=0.0402,=7
="931233",港股通央企红利,2017-06-28,=-0.0078,=1196.6600,=0.0264,=7.3315,=0.7573,=3.6988,=4.9518,=6.3312,=7.4512,=14.0775,=0.6897,=0.6021,=0.3929,=0.5221,=0.6448,=0.8636,=1.8161,=0.9954,=0.5544,=0.4645,=0.6212,=0.9473,=1.3910,=1.7583,,=0.0906,,=0.0510,=448
="931024",港股通非银,2017-11-06,=-0.0220,=3904.8200,=-0.0905,=7.3382,=0.0080,=6.7549,=8.6323,=11.1186,=13.3685,=22.4310,=0.9987,=0.4073,=0.6237,=0.8481,=1.0483,=1.2233,=1.7592,=1.2288,=0.8009,=0.5870,=0.8751,=1.0127,=1.2278,=2.2002,,=0.1344,,=0.0399,=191
="HSSCSOY",恒生港股通中国央企红利指数,2023-06-01,=-0.0117,=4222.6000,=0.0502,=7.3682,=0.9000,=4.1647,=4.6262,=5.6488,=6.9850,=7.8218,=0.6884,=0.8068,=0.4381,=0.4942,=0.5896,=0.6872,=0.7455,=0.9791,=0.8838,=0.5323,=0.5950,=0.7406,=0.9324,=1.0366,,=0.0921,,=0.0512,=236
="987016",港股通红利低波,2021-11-18,,,=0.1345,=7.4638,=0.9158,=3.4544,=4.2997,=4.9217,=6.7577,=8.0054,=0.6896,=0.8786,=0.4152,=0.4874,=0.5385,=0.6556,=0.7529,=1.2157,=0.9076,=0.5827,=0.6594,=0.7927,=1.1048,=1.3012,,=0.0893,,=0.0517,=152
="HSMCHYI",恒生中国内地企业高股息率指数,2019-09-01,=-0.0108,=3013.8100,=0.0830,=7.4894,=0.9369,=3.7550,=5.0474,=5.8138,=6.7473,=7.9027,=0.7506,=0.8353,=0.4590,=0.5786,=0.6398,=0.7385,=0.8175,=1.1385,=0.9279,=0.5101,=0.6879,=0.7965,=0.9104,=1.2126,,,,=0.0499,=278
="H11140",香港红利,2009-07-23,=-0.0080,=4004.3400,=0.0967,=7.5282,=0.7585,=3.0693,=4.4554,=5.9842,=8.1072,=13.9623,=0.7106,=0.5932,=0.3833,=0.5103,=0.6296,=0.8659,=1.1652,=1.1977,=0.6827,=0.5431,=0.7464,=0.9724,=1.5050,=2.1349,,=0.0912,,=0.0523,=45
="000914",300金融,2007-07-02,=-0.0104,=5844.7200,=-0.1300,=7.5428,=0.3786,=5.2769,=6.6022,=7.8371,=8.6017,=11.3863,=0.7301,=0.2322,=0.5962,=0.7048,=0.9132,=1.1328,=1.4919,=2.0549,=0.7687,=1.1210,=1.4310,=1.8122,=2.0889,=2.7052,=0.0223,=0.0897,=0.0236,=0.0398,=342
="HSHYLV",恒生港股通高股息低波动指数,2017-05-08,=-0.0071,=4587.3400,=0.0267,=7.7182,=0.8534,=3.5572,=4.6410,=5.9861,=7.1992,=9.5068,=0.6950,=0.6719,=0.3828,=0.4851,=0.5802,=0.8155,=1.1073,=0.9306,=0.5677,=0.4386,=0.6554,=0.8492,=1.4151,=2.0623,,,,=0.0523,=1507
="H30270",红利价值,2013-12-19,=-0.0126,=9611.2500,=0.0083,=7.7280,=0.7223,=4.4543,=5.4295,=6.7545,=8.7221,=13.0955,=0.7752,=0.5308,=0.5256,=0.6487,=0.7630,=1.2483,=1.7317,=1.5662,=0.9641,=0.5854,=0.8115,=0.9992,=1.2962,=1.6637,=0.0235,=0.0936,=0.0240,=0.0430,=195
="000934",中证金融,2009-07-03,=-0.0113,=5466.4900,=-0.1280,=7.8171,=0.3909,=5.7083,=6.8944,=8.0854,=8.8714,=11.5527,=0.7393,=0.2276,=0.6117,=0.7181,=0.9185,=1.1488,=1.5017,=2.0605,=0.7831,=1.1467,=1.4503,=1.8023,=2.0785,=2.6696,=0.0220,=0.0873,=0.0231,=0.0387,=1151
="HSHDYI",恒生高股息率指数,2012-12-10,=-0.0093,=1325.2700,=0.0390,=7.8176,=0.7997,=3.6777,=4.8612,=6.6082,=7.8176,=10.6953,=0.7178,=0.5750,=0.4041,=0.5046,=0.6482,=0.9078,=1.1746,=1.1385,=0.5685,=0.5013,=0.7008,=1.0658,=1.5005,=1.9871,,,,=0.0522,=912
="931157",SHS红利成长LV,2019-04-25,=-0.0090,=7198.5800,=-0.0343,=7.8441,=0.6533,=4.1261,=5.5886,=6.9115,=8.3396,=11.5318,=0.7853,=0.4322,=0.5154,=0.6254,=0.8086,=0.9250,=1.5888,=1.5344,=0.9206,=0.5018,=0.7112,=1.0376,=1.4071,=1.6439,,=0.0964,,=0.0484,=332
="932596",港股通红利低波,2016-02-04,=-0.0072,=4198.9900,=0.0825,=7.8929,=0.2616,=7.4451,=7.8406,=8.0697,=8.2874,=8.5745,=0.7403,=0.5465,=0.6528,=0.6976,=0.7294,=0.7597,=0.7956,=1.3186,=0.3895,=1.2161,=1.2815,=1.3303,=1.3627,=1.4099,,=0.0894,,=0.0493,=91
="HSSCHKY",恒生港股通高股息率指数,2019-11-01,=-0.0109,=2741.4200,=0.1064,=7.9107,=0.9427,=3.8979,=4.9488,=5.8727,=7.2012,=8.4533,=0.7059,=0.8545,=0.4277,=0.5171,=0.5776,=0.6832,=0.8197,=1.2310,=0.9063,=0.5333,=0.6966,=0.8745,=1.1200,=1.3442,,,,=0.0508,=491
="930914",港股通高股息,2016-11-25,=-0.0056,=5248.9600,=0.0674,=7.9268,=0.8145,=3.4280,=4.4190,=5.9156,=7.8143,=11.1979,=0.7638,=0.7083,=0.3979,=0.5021,=0.6149,=0.8526,=1.1764,=1.2559,=0.7996,=0.5144,=0.7039,=0.9222,=1.2571,=2.2126,,=0.0918,,=0.0507,=703
="930992",沪港深红利低波,2017-06-28,=-0.0105,=5581.2000,=0.0025,=7.9742,=0.8569,=4.0130,=5.1560,=5.8749,=7.7356,=8.5109,=0.7434,=0.8569,=0.4277,=0.5369,=0.5901,=0.7224,=0.7950,=1.1795,=0.7886,=0.4496,=0.6002,=0.8497,=1.1867,=1.3912,,=0.0878,,=0.0498,=46
="000992",全指金融,2011-08-02,=-0.0110,=5241.4600,=-0.1247,=8.0476,=0.4132,=5.9310,=7.1022,=8.2690,=9.0288,=11.6339,=0.7425,=0.2268,=0.6188,=0.7234,=0.9271,=1.1610,=1.5107,=2.0477,=0.7678,=1.1568,=1.4432,=1.8064,=2.0769,=2.6668,=0.0217,=0.0846,=0.0227,=0.0381,=2700
="HSCSOE",恒生中国央企指数,2023-01-01,=-0.0083,=3958.1300,=0.1010,=8.1656,=0.9058,=4.9972,=5.5477,=6.1310,=7.7058,=8.5526,=0.7852,=0.8939,=0.5264,=0.5922,=0.6329,=0.7541,=0.8375,=0.9772,=0.9154,=0.5404,=0.5945,=0.6661,=0.8625,=1.0234,,=0.0956,,=0.0467,=112
="000029",180价值,2009-01-09,=-0.0104,=4059.4200,=-0.0884,=8.1934,=0.6569,=5.6894,=6.9075,=7.8870,=8.5069,=10.8138,=0.7844,=0.1282,=0.6666,=0.8041,=0.8609,=1.0653,=1.4433,=1.0645,=0.7852,=0.6198,=0.7825,=0.9447,=1.0689,=1.4032,=0.0228,=0.0896,=0.0243,=0.0415,=558
="H50040",上红低波,2014-03-21,=-0.0131,=10970.8100,=-0.0051,=8.2300,=0.7398,=4.6938,=5.9512,=7.0837,=9.6645,=14.3118,=0.8196,=0.4507,=0.5647,=0.6911,=0.8352,=1.3609,=1.8756,=1.6035,=0.9637,=0.6380,=0.8684,=1.2015,=1.3999,=1.6845,=0.0234,=0.0936,=0.0244,=0.0432,=358
="H30269",红利低波,2013-12-19,=-0.0125,=10988.6400,=-0.0224,=8.2318,=0.7320,=4.5638,=5.5488,=6.8728,=9.4786,=14.4342,=0.8289,=0.5369,=0.5386,=0.6570,=0.8016,=1.3872,=1.9670,=1.5909,=0.9662,=0.6111,=0.8850,=1.0973,=1.4162,=1.6703,=0.0236,=0.0946,=0.0236,=0.0439,=4293
="931446",东证红利低波,2020-04-21,=-0.0104,=3341.8300,=-0.0293,=8.3447,=0.7434,=5.1478,=6.1750,=7.1285,=8.5363,=11.0216,=0.7886,=0.5719,=0.5884,=0.6954,=0.7642,=0.8728,=1.2481,=1.5127,=0.9419,=0.5909,=0.7533,=0.8870,=1.3220,=1.5979,=0.0224,=0.0895,=0.0240,=0.0428,=843
="931130",红利成长低波,2018-12-04,=-0.0116,=22919.3100,=-0.0336,=8.4079,=0.6889,=4.4465,=5.5777,=7.8192,=8.7202,=11.5512,=0.8312,=0.3348,=0.5279,=0.6242,=0.9009,=1.0307,=1.5803,=1.8544,=0.7588,=0.3109,=0.8136,=1.3193,=1.9167,=2.5957,=0.0231,=0.0934,=0.0229,=0.0434,=147
="000922",中证红利,2008-05-26,=-0.0044,=5681.5200,=0.0323,=8.4544,=0.7641,=5.1762,=6.0245,=7.6566,=8.6145,=11.2156,=0.8135,=0.4169,=0.5911,=0.7110,=0.8529,=1.1086,=1.4999,=1.2501,=0.8346,=0.6332,=0.7726,=1.0440,=1.2276,=1.7101,=0.0233,=0.0895,=0.0228,=0.0428,=20062
="HSSCHYS",恒生港股通红利优选指数,2023-06-01,=-0.0087,=5170.8600,=0.1134,=8.4984,=0.8986,=4.2457,=4.7236,=5.7754,=7.7379,=9.0746,=0.7626,=0.8811,=0.4429,=0.4984,=0.5824,=0.7368,=0.8283,=1.0785,=0.8919,=0.6036,=0.6738,=0.8759,=1.0349,=1.1508,,,,=0.0526,=86
="931479",证券保险,2020-05-06,=-0.0100,=866.6000,=-0.1845,=8.5500,=0,=8.5500,=11.8730,=13.4846,=15.5251,=21.1012,=1.1408,=0.1098,=1.0296,=1.2250,=1.3793,=1.5717,=2.2844,=1.5551,=0.6104,=1.0318,=1.2721,=1.4563,=1.7898,=2.2879,=0.0256,=0.1317,=0.0302,=0.0313,=35
="000821",300红利,2012-07-20,=-0.0054,=6649.1300,=-0.0035,=8.6003,=0.8305,=4.9998,=6.1944,=7.5603,=8.4481,=10.9286,=0.8331,=0.3720,=0.5725,=0.7140,=0.8701,=1.0796,=1.4919,=1.3956,=0.8986,=0.6098,=0.7993,=1.0656,=1.3192,=1.6963,=0.0235,=0.0916,=0.0239,=0.0436,=995
="000063",上证周期,2010-02-03,=-0.0141,=3608.4400,=-0.1107,=8.6049,=0.5035,=5.4761,=7.1362,=8.5928,=9.4385,=12.4946,=0.8794,=0.3014,=0.6668,=0.8368,=0.9616,=1.1068,=1.4831,=1.5305,=0.8911,=0.8113,=1.0636,=1.2494,=1.4440,=1.7571,=0.0245,=0.0975,=0.0256,=0.0385,=206
="000015",红利指数,2005-01-04,=0.0001,=3307.1100,=0.0887,=8.6535,=0.9295,=4.6646,=5.5108,=7.0875,=8.0440,=10.4439,=0.8199,=0.5852,=0.5525,=0.6398,=0.7659,=1.0179,=1.3875,=1.4564,=0.9208,=0.7277,=0.8913,=1.1351,=1.3332,=1.6890,=0.0233,=0.0885,=0.0212,=0.0412,=14183
="000151",上国红利,2012-07-20,=0.0068,=1704.2000,=0.1155,=8.6615,=0.9637,=4.5075,=5.3657,=6.9414,=7.7375,=10.0345,=0.7562,=0.5089,=0.5268,=0.6189,=0.7535,=0.9661,=1.3272,=1.0703,=0.4771,=0.6026,=0.8953,=1.0835,=1.3107,=1.6854,=0.0218,=0.0803,=0.0258,=0.0432,=216
="H30035",300非银,2012-12-21,=-0.0095,=9040.3200,=-0.1894,=8.7511,=0,=8.7511,=12.9604,=15.1693,=19.3628,=26.3489,=1.1592,=0.0586,=1.0544,=1.3138,=1.6276,=2.0481,=2.4387,=1.5854,=0.4008,=1.0410,=1.4185,=1.7206,=1.9729,=2.3917,=0.0253,=0.1294,=0.0297,=0.0305,=1202
="000824",国企红利,2012-07-20,=-0.0048,=2222.2100,=0.0477,=8.9044,=0.9254,=4.8847,=5.9406,=7.3385,=8.4153,=10.7823,=0.8472,=0.5282,=0.5610,=0.6880,=0.8277,=1.0592,=1.4469,=1.2958,=0.8511,=0.5370,=0.7016,=0.9865,=1.2520,=1.6834,=0.0232,=0.0892,=0.0226,=0.0422,=941
="399373",大盘价值,2010-01-04,=-0.0100,=7959.7100,=-0.0716,=8.9076,=0.7019,=5.4746,=6.8623,=8.3615,=9.1146,=11.9914,=0.8889,=0.4004,=0.6410,=0.8033,=0.9452,=1.1408,=1.5001,=1.1376,=0.7889,=0.5920,=0.7817,=0.9283,=1.1424,=1.4541,=0.0236,=0.0939,=0.0248,=0.0428,=328
="931644",800红利,2024-03-15,=-0.0055,=2654.4200,=0.0400,=8.9224,=0.6828,=6.4729,=7.3136,=8.3090,=9.0523,=9.4757,=0.8591,=0.4925,=0.7001,=0.7706,=0.8598,=0.9074,=0.9431,=1.3048,=0.8414,=0.8423,=0.9257,=1.1295,=1.2930,=1.3602,=0.0236,=0.0906,=0.0231,=0.0434,=30
="930955",红利低波100,2017-05-26,=-0.0114,=11658.9400,=-0.0112,=8.9225,=0.8337,=5.0805,=6.0692,=7.4162,=8.6081,=11.5013,=0.8713,=0.6053,=0.5792,=0.6661,=0.8267,=0.9899,=1.3722,=1.3469,=0.7972,=0.5888,=0.7774,=0.9903,=1.3537,=1.7525,=0.0234,=0.0928,=0.0257,=0.0451,=2151
="930740",300红利LV,2018-12-04,=-0.0119,=7027.9700,=-0.0197,=8.9372,=0.8568,=5.4153,=6.8259,=7.5190,=8.6580,=9.6903,=0.8901,=0.6024,=0.6159,=0.7715,=0.8572,=0.9462,=1.0604,=1.3621,=0.7076,=0.6725,=0.8563,=1.0775,=1.5016,=1.9253,=0.0239,=0.0932,=0.0223,=0.0431,=617
="000919",300价值,2008-01-21,=-0.0077,=5011.6500,=-0.0577,=8.9417,=0.6911,=5.9577,=7.3283,=8.4469,=9.2438,=12.2376,=0.8784,=0.2891,=0.6917,=0.8497,=0.9399,=1.1480,=1.5388,=1.0935,=0.7691,=0.6314,=0.7861,=0.9060,=1.1062,=1.3421,=0.0228,=0.0921,=0.0242,=0.0407,=4321
="000825",央企红利,2012-07-20,=-0.0133,=3438.4300,=-0.0043,=9.1894,=0.9447,=4.7369,=6.0940,=7.3072,=8.3787,=10.5687,=0.8768,=0.5435,=0.5507,=0.6915,=0.8600,=0.9983,=1.3929,=1.2227,=0.8099,=0.6009,=0.8548,=1.0635,=1.2178,=1.7357,=0.0224,=0.0902,=0.0228,=0.0418,=343
="399805",互联金融,2015-02-10,=-0.0185,=2957.2000,=-0.2317,=9.2114,=0.1423,=7.5943,=9.7489,=11.4466,=13.1628,=16.5816,=0.9335,=0.0961,=0.7644,=1.0458,=1.4176,=1.7263,=2.0317,=1.7237,=0.7171,=1.1667,=1.4082,=1.6145,=1.7903,=2.2175,=0.0238,=0.0940,=0.0248,=0.0356,=328
="399966",800证保,2012-12-21,=-0.0110,=5434,=-0.1783,=9.2207,=0,=9.2207,=13.7004,=15.9952,=19.7375,=27.1945,=1.1675,=0.0590,=1.0619,=1.3121,=1.6100,=2.0408,=2.4366,=1.7142,=0.4454,=1.1634,=1.5249,=1.7816,=2.0457,=2.5211,=0.0247,=0.1256,=0.0286,=0.0293,=173
="H30588",中证证保,2015-02-02,=-0.0110,=922.7600,=-0.1783,=9.2251,=0,=9.2251,=13.6494,=16.0880,=19.5891,=27.6808,=1.1664,=0.0507,=1.0752,=1.3120,=1.6159,=2.0366,=2.4238,=1.7170,=0.4462,=1.1673,=1.5178,=1.7652,=2.0128,=2.5500,=0.0246,=0.1254,=0.0286,=0.0293,=468
="931848",800红利低波,2024-05-21,=-0.0091,=3231.4800,=0.0209,=9.2860,=0.6275,=7.4155,=8.2149,=9.0824,=9.4803,=9.7854,=0.9170,=0.4636,=0.7315,=0.8622,=0.9202,=0.9704,=1.0024,=1.3490,=0.5162,=1.1714,=1.2333,=1.3480,=1.3824,=1.5428,=0.0237,=0.0929,=0.0230,=0.0424,=144
="000968",300周期,2010-05-28,=-0.0144,=4114.7700,=-0.0954,=9.2888,=0.5340,=6.1174,=7.8172,=9.1553,=10.2896,=13.3562,=0.9133,=0.3031,=0.7021,=0.8484,=1.0050,=1.1784,=1.5550,=1.5346,=0.8491,=0.8459,=1.0834,=1.2644,=1.4902,=1.8297,=0.0243,=0.0922,=0.0244,=0.0364,=98
="HSCCI",恒生香港中资企业指数,1997-06-16,=-0.0082,=4420.5100,=0.1009,=9.5141,=0.6310,=4.8859,=6.8728,=8.8773,=11.8020,=16.1208,=0.9004,=0.5742,=0.5567,=0.7305,=0.8673,=1.1708,=1.3660,=1.0236,=0.5725,=0.5555,=0.7802,=0.9883,=1.3586,=1.5178,,=0.0951,,=0.0526,=33
="932305",智选高股息,2024-09-30,=-0.0147,=11892.2400,=0.0656,=9.6056,=0.8462,=7.0143,=7.4852,=8.3396,=9.4202,=10.9391,=1.0574,=0.5583,=0.8750,=0.9236,=1.0522,=1.0856,=1.1675,=0.5301,=0.0074,=0.5232,=0.7281,=0.7844,=1.2758,=1.3342,=0.0253,=0.1000,=0.0324,=0.0590,=307
="HSML25",恒生中国(香港上市)30指数,2003-01-20,=-0.0119,=8915.9400,=-0.0578,=9.6279,=0.6298,=5.7712,=7.9342,=9.0607,=10.2891,=13.0207,=1.0488,=0.4072,=0.7256,=0.9437,=1.0795,=1.2097,=1.5098,=1.6926,=0.7688,=0.9123,=1.1532,=1.4178,=1.7362,=2.4187,,=0.1051,,=0.0342,=270
="H30356",800价值,2014-06-09,=-0.0106,=6324.0700,=-0.0485,=9.6692,=0.6979,=6.4024,=7.6955,=9.0456,=9.9535,=13.4784,=0.9408,=0.4005,=0.7030,=0.8626,=0.9880,=1.1723,=1.6287,=1.0737,=0.7857,=0.5868,=0.7379,=0.8827,=1.0842,=1.3738,=0.0232,=0.0908,=0.0237,=0.0386,=32
="932422",A500红利低波,2025-04-09,=-0.0102,=2999.8400,=-0.0333,=9.7722,=0.1183,=9.5190,=9.8707,=10.0841,=10.2346,=10.5846,=0.9877,=0.0179,=0.9733,=1.0257,=1.0422,=1.0567,=1.0978,=1.2697,=0.0645,=1.2431,=1.3020,=1.4255,=1.4724,=1.5336,=0.0241,=0.0948,,=0.0424,=317
="931375",300质量低波,2019-11-25,=-0.0219,=15858.6500,=-0.0648,=9.8455,=0.3816,=6.4946,=8.1607,=11.3985,=13.5605,=22.0532,=1.2355,=0.3911,=0.8054,=1.0806,=1.5561,=2.0732,=3.3245,=1.7207,=0.5456,=1.0044,=1.3252,=1.6703,=2.0932,=2.5370,=0.0279,=0.1211,=0.0298,=0.0327,=110
="930723",沪港深F100,2015-08-05,=-0.0103,=4985.4800,=-0.0209,=9.8640,=0.6903,=5.4557,=7.5729,=9.0277,=10.1685,=13.1279,=0.9707,=0.4284,=0.6469,=0.8477,=1.0095,=1.1158,=1.4626,=1.2753,=0.7749,=0.6039,=0.8635,=1.0797,=1.2883,=1.6654,,=0.0918,,=0.0387,=151
="000042",上证央企,2009-03-30,=-0.0097,=1729.6900,=-0.0451,=9.8816,=0.7295,=6.3284,=7.8863,=9.1797,=10.0542,=12.9577,=0.9607,=0.4227,=0.7230,=0.8871,=0.9861,=1.1137,=1.4812,=1.2798,=0.9485,=0.6569,=0.8569,=0.9781,=1.1367,=1.3891,=0.0224,=0.0920,=0.0234,=0.0369,=386
="932431",300质量,2025-03-18,=-0.0137,=1928.5200,=-0.0576,=9.9136,=0.1216,=9.4685,=9.9743,=10.1398,=10.3160,=10.6435,=1.0616,=0.0034,=1.0616,=1.1081,=1.1297,=1.1447,=1.1853,=2.1101,=0.0541,=2.0194,=2.1495,=2.2024,=2.2428,=2.3259,=0.0253,=0.1012,=0.0271,=0.0370,=9
="HSCESI",恒生中国企业精明指数,2015-06-08,=-0.0111,=12260.3500,=-0.0455,=9.9151,=0.7810,=6.0524,=7.9071,=8.6551,=10.0571,=15.8114,=1.0366,=0.5822,=0.6924,=0.8956,=1.0067,=1.1579,=1.7191,=1.3812,=0.7565,=0.8034,=0.9985,=1.0890,=1.4384,=2.0876,,=0.1052,,=0.0343,=93
="931069",中金300,2018-02-14,=-0.0160,=4730.6700,=-0.0547,=9.9168,=0.6725,=5.9518,=7.5538,=9.2883,=10.4990,=13.6164,=1.0267,=0.4116,=0.7377,=0.9219,=1.0901,=1.3549,=1.8328,=1.3292,=0.7999,=0.6656,=0.8674,=1.1144,=1.3292,=1.7542,=0.0231,=0.0958,=0.0284,=0.0384,=93
="950090",50AH优选,2015-12-10,=-0.0111,=6051.2900,=-0.0215,=9.9289,=0.8255,=6.3188,=7.9116,=8.6516,=9.8342,=13.5010,=1.0393,=0.5369,=0.7914,=0.9495,=1.0281,=1.1239,=1.5403,=1.3424,=0.9420,=0.6574,=0.8480,=0.9513,=1.0620,=1.4553,,=0.1007,,=0.0366,=1998
="HSCEI",恒生中国企业指数,1994-08-08,=-0.0110,=8501.9100,=-0.0462,=9.9518,=0.7839,=6.0524,=7.9057,=8.6639,=10.0793,=15.8114,=1.0399,=0.5885,=0.6924,=0.8957,=1.0077,=1.1595,=1.7191,=1.3851,=0.7578,=0.8037,=0.9993,=1.0890,=1.4423,=2.0876,,=0.1052,,=0.0341,=4751
="000925",基本面50,2009-02-26,=-0.0086,=4258.4200,=-0.0779,=9.9719,=0.7612,=6.2635,=7.9688,=9.1123,=10.0947,=12.7955,=0.9619,=0.3237,=0.7306,=0.9013,=1.0558,=1.1921,=1.5728,=1.0621,=0.6915,=0.6037,=0.7864,=0.9667,=1.1046,=1.4866,=0.0227,=0.0882,=0.0241,=0.0385,=4556
="399550",央视50,2012-06-06,=0.0012,=8382.0300,=0.0359,=10.0013,=0.7439,=6.8960,=8.2812,=9.3045,=10.1522,=13.0561,=0.9893,=0.1344,=0.8649,=1.0151,=1.2377,=1.4261,=1.8564,=2.0777,=0.8268,=1.3448,=1.6568,=1.8143,=2.0505,=2.5217,=0.0237,=0.0945,=0.0248,=0.0397,=2272
="000806",消费服务,2012-02-10,=-0.0146,=7606.7500,=-0.0969,=10.0190,=0.1922,=9.0076,=10.0368,=10.8064,=11.8704,=17.0971,=1.0546,=0.0148,=1.0009,=1.1975,=1.3534,=1.5460,=2.0145,=2.1209,=0.4961,=1.6526,=1.9473,=2.1226,=2.3803,=3.0032,=0.0246,=0.1002,=0.0266,=0.0371,=421
="932153",港股通价值策略,2025-04-30,=-0.0103,=1126.4700,=0.0720,=10.0417,=0.3606,=8.1696,=9.7411,=10.1335,=10.3998,=10.9237,=0.8694,=0.3532,=0.7012,=0.8414,=0.8818,=0.9026,=0.9365,=1.0295,=0.4461,=0.8168,=0.9767,=1.0352,=1.0644,=1.1126,,=0.0812,,=0.0414,=9
="930709",香港证券,2015-07-13,=-0.0208,=1258.9900,=-0.1087,=10.0944,=0.1839,=6.3679,=10.2430,=12.8139,=14.8886,=24.4010,=0.9283,=0.4308,=0.5308,=0.7588,=0.9634,=1.2465,=1.6136,=3.8805,=0.7337,=1.7834,=2.5970,=3.1590,=4.1596,=5.9903,,=0.0828,,=0.0356,=505
="000859",国企一带一路,2019-05-16,=-0.0142,=1900.9400,=0.0436,=10.1235,=0.0678,=9.4709,=10.6527,=12.5353,=14.5121,=21.0714,=0.9736,=0.0012,=0.9662,=1.1723,=1.4406,=1.7787,=2.1877,=1.1033,=0.9485,=0.4715,=0.5616,=0.7395,=0.8274,=1.1782,=0.0234,=0.0898,=0.0201,=0.0359,=265
="000056",上证国企,2010-01-04,=-0.0107,=1222.3300,=-0.0201,=10.1930,=0.6511,=7.2538,=8.8792,=9.7246,=10.7955,=13.3187,=1.1240,=0.5043,=0.8518,=1.0314,=1.1227,=1.2162,=1.5455,=1.6593,=0.9394,=0.7909,=0.9986,=1.1118,=1.2348,=1.7805,=0.0264,=0.1060,=0.0271,=0.0370,=200
="399995",基建工程,2015-03-12,=-0.0082,=3786.5600,=-0.0307,=10.1992,=0.7592,=5.8673,=7.3439,=8.2792,=11.1353,=18.8590,=0.6503,=0.0087,=0.5815,=0.7263,=0.8994,=1.3509,=2.1834,=0.1862,=0.2936,=0.1368,=0.1788,=0.2045,=0.3415,=0.5478,=0.0129,=0.0543,=0.0158,=0.0269,=2689
="931722",国新港股通央企红利,2023-09-13,=-0.0108,=1437.4200,=0.0908,=10.2670,=0.9087,=5.5040,=6.6812,=7.6700,=9.4289,=10.8173,=0.9321,=0.8668,=0.6213,=0.7288,=0.8228,=0.9092,=1.0298,=0.6396,=0.8877,=0.3100,=0.3812,=0.4703,=0.6096,=0.6918,,=0.0875,,=0.0495,=351
="399371",国证价值,2010-01-04,=-0.0116,=7041.8900,=-0.0224,=10.2987,=0.7802,=6.4728,=7.8356,=9.0963,=10.4280,=13.0475,=0.9861,=0.4375,=0.7249,=0.8967,=1.0092,=1.2365,=1.5675,=1.0702,=0.7621,=0.5764,=0.7536,=0.8692,=1.0978,=1.3812,=0.0233,=0.0892,=0.0237,=0.0385,=137
="000021",180治理,2008-09-10,=-0.0102,=1027.4200,=-0.0559,=10.3122,=0.7130,=6.3364,=8.4357,=9.7121,=10.5850,=13.6109,=1.0804,=0.4177,=0.7542,=0.9755,=1.0978,=1.2187,=1.5847,=1.4139,=0.9555,=0.6625,=0.8519,=0.9540,=1.1440,=1.4979,=0.0243,=0.0995,=0.0258,=0.0378,=165
="931373",股息龙头,2019-11-15,=-0.0125,=2693.1100,=-0.0327,=10.3228,=0.8777,=5.4295,=6.8853,=8.3118,=9.5439,=11.4004,=1.1033,=0.7314,=0.6697,=0.8484,=1.0104,=1.1263,=1.2586,=1.5107,=0.9092,=0.5706,=0.8133,=0.9855,=1.3827,=1.6262,=0.0258,=0.1004,=0.0264,=0.0402,=326
="930931",港股通50,2017-01-16,=-0.0144,=3870,=-0.0022,=10.4042,=0.5993,=6.5385,=8.6982,=9.8024,=11.3807,=15.8907,=1.0772,=0.4366,=0.7428,=0.9454,=1.0973,=1.1825,=1.6058,=1.8643,=0.7585,=1.1204,=1.4687,=1.7050,=1.9142,=2.6369,,=0.0979,,=0.0345,=293
="930846",300SNLV,2016-06-24,=-0.0083,=6800.8900,=0.0282,=10.4541,=0.6540,=7.7900,=9.2070,=10.0829,=10.7402,=12.6275,=1.0262,=0.1579,=0.8340,=1.0370,=1.0952,=1.2273,=1.5027,=1.4768,=0.9005,=0.7711,=0.9523,=1.1605,=1.3285,=1.6864,=0.0237,=0.0917,=0.0233,=0.0389,=149
="930608",中证基建,2015-03-31,=-0.0055,=7785.0500,=-0.0826,=10.4554,=0.4887,=6.6667,=8.6208,=10.5090,=14.3093,=25.2863,=0.7146,=0.0070,=0.6550,=0.8163,=1.1088,=1.4797,=2.2134,=0.2183,=0.1781,=0.1701,=0.2213,=0.3370,=0.4836,=0.7101,=0.0141,=0.0583,=0.0170,=0.0289,=655
="000048",责任指数,2009-08-05,=-0.0100,=1331.8700,=-0.0974,=10.4952,=0.4870,=7.8628,=9.5548,=10.5345,=11.7735,=14.1982,=1.1141,=0.1423,=0.9056,=1.1416,=1.2993,=1.4408,=1.7866,=0.9272,=0.8132,=0.5718,=0.6942,=0.8002,=0.9209,=1.0691,=0.0224,=0.0991,=0.0247,=0.0394,=128
="930957",港股通中国100,2017-06-23,=-0.0120,=3601.7100,=-0.0486,=10.6157,=0.7578,=5.4625,=7.5975,=8.9183,=10.8180,=13.3106,=1.1241,=0.6139,=0.6571,=0.8623,=1.0721,=1.2008,=1.5222,=1.4445,=0.8606,=0.6789,=0.9634,=1.1259,=1.3623,=1.6609,,=0.1031,,=0.0339,=15
="399812",养老产业,2014-06-06,=-0.0170,=5184.6100,=-0.1811,=10.6483,=0,=10.6483,=18.0444,=20.4630,=25.3954,=31.4367,=1.5864,=0,=1.5864,=2.0614,=2.8106,=3.2414,=4.2954,=1.3191,=0.0252,=1.2170,=1.4628,=1.6758,=1.8719,=2.5548,=0.0294,=0.1459,=0.0345,=0.0297,=6233
="HSLI",恒生综合大型股指数,2001-10-03,=-0.0138,=2323.4700,=-0.0350,=10.7446,=0.5563,=6.9327,=9.1220,=10.5087,=11.7587,=17.6478,=1.0875,=0.4206,=0.7133,=0.9432,=1.1160,=1.2416,=1.6032,=1.5053,=0.6217,=0.8297,=1.1852,=1.4250,=1.6322,=2.0023,,,,=0.0350,=101
="930839",港股通高息精选,2016-06-08,=-0.0125,=3429.8200,=-0.0054,=10.8067,=0.6331,=4.9918,=7.1349,=9.3641,=13.2482,=31.7979,=1.4178,=0.7558,=0.7294,=0.9291,=1.0735,=1.5793,=4.8768,=1.2160,=0.4697,=0.3418,=0.5598,=1.2478,=1.9154,=6.3245,,=0.1433,,=0.0498,=373
="931052",国信价值,2017-12-08,=-0.0084,=3574.6700,=0.0357,=10.8753,=0.9961,=5.3831,=6.5947,=7.4125,=8.7631,=11.0091,=1.3784,=0.9538,=0.7343,=0.9120,=1.0305,=1.1590,=1.5208,=1.7736,=0.9694,=0.6105,=0.9400,=1.2261,=1.4525,=2.0196,=0.0310,=0.1267,=0.0326,=0.0374,=566
="000901",小康指数,2010-04-02,=-0.0152,=6069.8500,=-0.0432,=10.8940,=0.4693,=8.5492,=9.9918,=10.9806,=12.5401,=15.5671,=1.0093,=0.0103,=0.9844,=1.0862,=1.2423,=1.4333,=1.7818,=1.0321,=0.6953,=0.7500,=0.8906,=0.9693,=1.0556,=1.2662,=0.0231,=0.0878,=0.0238,=0.0342,=250
="HSAHP",恒生沪深港通AH股溢价指数,2007-07-09,=0.0075,=118.9100,=-0.0369,=10.8991,=0.9142,=5.5550,=7.1430,=8.3378,=9.6663,=12.3156,=1.0644,=0.7838,=0.6208,=0.7734,=0.9226,=1.0806,=1.3863,=1.2439,=0.9198,=0.5653,=0.7668,=0.9030,=1.0773,=1.3750,,=0.0958,,=0.0326,=349
="980081",价值100,2012-12-28,,,=0.0490,=11.0405,=0.8669,=7.7317,=8.3364,=8.6284,=10.0093,=11.5920,=1.2011,=0.8584,=0.8413,=0.8847,=0.9235,=1.1222,=1.3448,=1.1358,=0.8669,=0.7580,=0.8053,=0.9301,=1.0447,=1.2118,=0.0275,=0.0995,=0.0251,=0.0447,=371
="932450",香港现金流,2025-02-28,=-0.0056,=1811.6100,=-0.0990,=11.1235,=0.9295,=6.6300,=8.1013,=9.8231,=10.3863,=12.1695,=0.7780,=0.0064,=0.7698,=0.8581,=1.1806,=1.2879,=1.5038,=0.4806,=0.0064,=0.4756,=0.5263,=0.9055,=1.0512,=1.2561,,=0.0828,,=0.0448,=9
="000016",上证50,2004-01-02,=-0.0101,=2891.3500,=-0.0461,=11.1491,=0.7097,=8.3126,=9.6292,=10.4481,=11.5466,=15.1108,=1.1777,=0.2256,=1.0245,=1.1667,=1.2377,=1.3330,=1.6482,=1.5099,=0.9221,=0.8665,=1.0164,=1.1263,=1.2779,=1.6440,=0.0249,=0.1007,=0.0262,=0.0330,=23478
="000052",50基本,2012-01-09,=-0.0104,=2709.2500,=-0.1040,=11.1491,=0.7097,=8.3126,=9.6299,=10.4519,=11.5466,=15.1108,=1.1777,=0.2264,=1.0245,=1.1667,=1.2377,=1.3328,=1.6471,=1.5099,=0.9221,=0.8665,=1.0164,=1.1263,=1.2778,=1.6440,=0.0249,=0.1007,=0.0262,=0.0330,=26
="000043",超大盘,2009-04-23,=-0.0098,=2545.2700,=-0.0273,=11.4578,=0.5872,=7.5271,=9.4626,=10.9287,=13.3408,=17.2195,=1.2930,=0.3047,=0.9803,=1.2132,=1.3545,=1.5050,=1.9858,=2.1434,=0.9546,=0.6740,=0.8562,=1.2400,=1.5166,=2.3305,=0.0268,=0.1053,=0.0277,=0.0334,=163
="HSLMI",恒生综合大中型股指数,2015-06-08,=-0.0139,=3987.7800,=-0.0332,=11.5895,=0.6761,=7.0073,=9.2988,=10.5476,=12.3479,=17.7261,=1.1234,=0.5721,=0.6929,=0.9060,=1.0955,=1.2279,=1.5417,=1.3491,=0.7720,=0.6858,=0.9753,=1.1718,=1.3720,=1.6465,,,,=0.0334,=88
="932255",A500红利增长,2025-04-09,=-0.0114,=2972.3300,=-0.0215,=11.6059,=0.6810,=9.2509,=10.3753,=10.9906,=11.8271,=12.2754,=1.3063,=0.5520,=1.0684,=1.2335,=1.3010,=1.3681,=1.4369,=1.9100,=0.6308,=1.3292,=1.6775,=1.7933,=1.9659,=2.0549,=0.0280,=0.1066,,=0.0340,=34
="932457",港股通现金流,2025-02-28,=-0.0185,=2093.4100,=0.0641,=11.6077,=0.8429,=7.5325,=8.8834,=10.1579,=11.4976,=12.3320,=1.1680,=0.3141,=1.0440,=1.1484,=1.2028,=1.3359,=1.5343,=0.9537,=0.3974,=0.7966,=0.9120,=0.9629,=1.2218,=1.4545,,=0.0990,,=0.0416,=41
="HSISC",恒指港股通指数,2024-03-01,=-0.0150,=3448.7000,=-0.0138,=11.7600,=0.7192,=7.5992,=8.6141,=10.1741,=11.9331,=12.8475,=1.2429,=0.7192,=0.8411,=0.9161,=1.1309,=1.2580,=1.3442,=1.5884,=0.7047,=0.9830,=1.1378,=1.3997,=1.6161,=1.7320,,,,=0.0334,=50
="931476",ESG 120策略,2020-04-30,=-0.0071,=1507.6200,=0.0813,=11.8819,=0.8292,=7.8289,=9.6305,=10.5964,=11.7888,=13.2171,=1.3037,=0.6346,=1.0061,=1.1757,=1.2508,=1.3667,=1.7130,=1.5729,=0.9485,=0.7906,=1.0587,=1.1474,=1.3375,=1.6137,=0.0265,=0.1050,=0.0271,=0.0315,=51
="HSI",恒生指数,1989-03-09,=-0.0148,=25253.4000,=-0.0147,=11.9308,=0.7456,=6.9462,=9.2250,=10.2958,=12.2459,=16.9606,=1.2518,=0.7599,=0.7519,=0.9714,=1.1239,=1.2666,=1.5570,=1.5442,=0.6329,=0.8141,=1.1480,=1.4316,=1.6549,=2.0895,,,,=0.0329,=13483
="000010",上证180,2002-07-01,=-0.0080,=10050.5300,=0.0035,=12.0272,=0.7699,=8.4900,=9.9408,=10.9816,=12.1292,=14.6942,=1.2020,=0.3551,=0.9930,=1.1498,=1.2655,=1.3646,=1.6698,=1.4214,=0.9320,=0.8990,=1.0652,=1.1817,=1.3049,=1.4916,=0.0240,=0.0943,=0.0246,=0.0312,=2497
="1000010",上海B股,1994-01-10,,,,=12.0681,=0.1386,=6.8464,=13.0137,=19.2133,=37.2537,=68.1787,=0.9133,=0.2033,=0.7158,=0.9123,=1.0158,=1.2488,=1.7346,=0.6848,=0.6804,=0.3163,=0.4060,=0.5564,=0.7416,=1.2119,,,=0.0164,=0.0431,=129
="399313",巨潮100,2005-02-03,=-0.0106,=5540.7500,=0.0172,=12.2936,=0.7852,=8.9278,=10.3402,=11.0795,=12.3628,=16.6101,=1.2895,=0.3241,=1.0718,=1.2399,=1.3353,=1.4929,=1.8501,=1.5788,=0.9447,=0.9844,=1.1491,=1.2629,=1.4332,=1.6915,=0.0250,=0.0999,=0.0255,=0.0298,=208
="931395",沪港深300,2020-01-14,=-0.0081,=1773.8300,=0.0288,=12.3556,=0.7368,=8.3275,=10.0210,=10.8429,=12.5565,=16.6490,=1.2612,=0.5690,=0.9663,=1.1026,=1.2169,=1.3706,=1.7241,=1.5856,=0.8037,=0.9881,=1.1722,=1.3178,=1.5843,=1.8801,,=0.0964,,=0.0309,=503
="930629",CSSW健康,2015-05-08,=-0.0148,=5074.5700,=-0.1138,=12.3582,=0,=12.3582,=18.0984,=21.8564,=38.8610,=49.9253,=1.7529,=0,=1.7529,=2.1765,=3.0861,=4.6281,=6.2998,=1.5364,=0.1592,=1.2755,=1.5581,=1.9289,=4.7309,=7.2978,=0.0270,=0.1388,=0.0324,=0.0247,=269
="HSCAIT",恒生A股行业龙头指数,2009-09-21,=-0.0170,=5539.1500,=-0.0386,=12.4030,=0.8962,=8.2192,=9.7822,=10.4646,=11.7874,=14.1027,=1.3046,=0.6483,=1.0288,=1.1841,=1.2637,=1.3563,=1.6997,=1.3424,=0.9382,=0.8424,=0.9734,=1.0500,=1.2113,=1.4109,=0.0256,=0.1023,=0.0256,=0.0342,=494
="931586",300价值稳健,2020-11-09,=-0.0111,=7363.8000,=-0.0352,=12.5851,=0.7613,=8.1741,=9.6698,=11.1042,=12.7424,=15.0111,=1.4241,=0.6694,=0.9699,=1.1920,=1.3291,=1.5186,=1.6570,=1.4238,=0.8495,=0.7359,=0.8639,=0.9832,=1.0864,=1.5639,=0.0264,=0.1070,=0.0304,=0.0361,=42
="399807",高铁产业,2015-01-20,=-0.0037,=1156.8000,=-0.0688,=12.7138,=0.4639,=9.4881,=11.2215,=12.8381,=15.6842,=24.3532,=0.7857,=0,=0.7857,=0.9205,=1.0351,=1.5109,=2.3973,=0.4066,=0.3880,=0.3063,=0.3761,=0.4235,=0.4809,=0.6435,=0.0121,=0.0541,=0.0137,=0.0298,=590
="931468",红利质量,2020-05-21,=-0.0042,=32371.4800,=0.0274,=13.0022,=0,=13.0022,=16.0818,=18.8823,=22.0653,=36.4689,=2.2068,=0,=2.2068,=2.8756,=3.7835,=4.7233,=8.5636,=2.1962,=0.0998,=1.9811,=2.3482,=2.9326,=3.9587,=5.8829,=0.0381,=0.1637,=0.0476,=0.0315,=1130
="932039",央企股东回报,2022-11-16,=-0.0139,=1646.3000,=0.0375,=13.0554,=0.9310,=8.0198,=9.6528,=10.9315,=11.9353,=13.8005,=1.2357,=0.9001,=0.8847,=1.0041,=1.1035,=1.1730,=1.4098,=0.8200,=0.9310,=0.3642,=0.4243,=0.5265,=0.6656,=0.8821,=0.0235,=0.0905,=0.0215,=0.0403,=130
="931412",证券公司30,2020-02-20,=-0.0103,=1379.5900,=-0.1516,=13.0685,=0.0020,=12.7557,=16.3296,=18.6023,=22.7172,=36.9291,=1.1966,=0.0944,=1.0327,=1.2669,=1.4466,=1.7023,=2.4365,=5.2531,=0.3185,=3.9462,=5.0232,=5.5554,=6.7210,=9.6353,=0.0228,=0.0861,=0.0218,=0.0232,=21
="1000015",港股全指,2000-01-01,=-0.0148,=25253.4000,=-0.0147,=13.1790,=0.7383,=7.5917,=10.2534,=11.3226,=13.5907,=19.1348,=1.1056,=0.6014,=0.6574,=0.8625,=1.0639,=1.1863,=1.5123,=1.2047,=0.6757,=0.6196,=0.8644,=1.0978,=1.2707,=1.5791,,,,=0.0322,=305
="H30455",沪港深500,2014-11-28,=-0.0090,=2680.8300,=0.0089,=13.2714,=0.8156,=8.5690,=10.3715,=11.4211,=13.2156,=16.8903,=1.3419,=0.6256,=0.9675,=1.1609,=1.2878,=1.4056,=1.7307,=1.5981,=0.9127,=0.9518,=1.1783,=1.3154,=1.5026,=1.7787,,=0.0953,,=0.0293,=525
="931168",绿色价值100,2019-06-27,=-0.0046,=1552.3700,=0.0438,=13.2833,=0.8947,=8.4906,=9.9726,=11.3257,=12.8197,=14.6050,=1.4647,=0.8983,=1.0223,=1.1880,=1.2797,=1.4048,=1.6052,=1.5731,=0.9459,=0.9649,=1.1293,=1.2473,=1.3501,=1.6482,=0.0274,=0.1011,=0.0242,=0.0300,=10
="000044",上证中盘,2009-07-03,=-0.0057,=4778.0400,=0.0470,=13.3468,=0.6054,=8.6509,=10.4793,=12.5317,=14.6389,=18.7575,=1.2339,=0.4136,=0.9210,=1.0900,=1.2849,=1.6557,=1.9734,=1.3241,=0.6548,=0.9382,=1.1499,=1.2497,=1.4304,=1.7773,=0.0229,=0.0859,=0.0223,=0.0289,=95
="930949",价值回报,2017-02-24,=-0.0177,=13180.1500,=-0.0339,=13.3750,=0.8845,=5.5354,=8.0933,=9.9991,=12.2444,=17.5400,=2.1009,=0.7548,=1.2865,=1.4737,=1.7397,=2.1711,=3.1701,=1.4348,=0.9685,=0.5488,=0.7115,=0.8701,=1.2607,=1.7276,=0.0290,=0.1096,=0.0305,=0.0360,=29
="399437",证券龙头,2014-12-30,=-0.0097,=5765.5000,=-0.1536,=13.4148,=0.0107,=12.2963,=17.3597,=19.9992,=25.0411,=43.0253,=1.2158,=0.0618,=1.0547,=1.2975,=1.5390,=1.8332,=2.3633,=5.3429,=0.2131,=3.9970,=5.3136,=6.2016,=7.2524,=9.5068,=0.0223,=0.0851,=0.0215,=0.0227,=698
="000028",180成长,2009-01-09,=-0.0145,=3929.2300,=0.0041,=13.4375,=0.3637,=9.5268,=12.0797,=14.4816,=18.2344,=25.1474,=1.8123,=0.1802,=1.5063,=1.8422,=2.6890,=3.1694,=5.1089,=1.9141,=0.8425,=1.1581,=1.4574,=1.6179,=1.8636,=2.3971,=0.0333,=0.1358,=0.0227,=0.0253,=193
="931397",A股通50,2020-02-20,=-0.0104,=2411.8400,=0.0642,=13.5464,=0.5951,=8.9450,=10.5626,=12.8626,=21.6504,=29.8209,=1.6569,=0.4659,=1.1048,=1.2772,=1.7269,=3.5833,=4.6955,=1.9789,=0.6017,=1.0496,=1.2830,=1.8786,=2.9154,=3.9597,=0.0296,=0.1069,=0.0278,=0.0283,=8
="399314",巨潮大盘,2005-02-03,=-0.0072,=5314.6400,=0.0383,=13.7538,=0.8639,=9.6620,=11.1191,=12.0345,=13.4749,=17.5384,=1.3836,=0.4111,=1.0976,=1.2830,=1.4165,=1.5848,=1.9279,=1.5496,=0.9097,=0.9932,=1.1678,=1.3057,=1.4593,=1.8124,=0.0244,=0.0938,=0.0251,=0.0284,=16
="000971",等权90,2010-12-02,=-0.0055,=3478.2100,=0.0354,=13.8990,=0.8339,=8.9747,=10.8856,=11.8403,=13.6899,=19.4330,=1.5287,=0.6167,=1.1544,=1.3250,=1.4383,=1.6219,=2.2329,=1.7681,=0.9761,=1.0052,=1.1461,=1.2594,=1.5320,=1.8600,=0.0259,=0.1045,=0.0271,=0.0273,=9
="931155",300质量成长,2019-04-22,=-0.0130,=11782.5400,=0.1651,=13.9144,=0.5501,=7.3805,=10.7936,=13.6092,=15.3067,=31.0699,=2.0466,=0.3872,=1.1055,=1.6631,=2.2688,=2.8298,=5.3844,=2.5541,=0.7693,=1.3218,=1.7725,=2.1622,=2.6050,=3.8395,=0.0331,=0.1462,=0.0366,=0.0218,=78
="931381",中证长三角,2019-11-25,=-0.0078,=2053.2400,=0.0144,=14.0434,=0.8190,=9.1117,=10.6538,=11.9933,=13.8940,=16.1441,=1.3708,=0.5791,=0.9630,=1.1501,=1.3031,=1.5509,=1.8124,=1.8755,=0.9620,=0.8724,=1.0699,=1.2444,=1.5403,=1.9541,=0.0256,=0.0961,=0.0259,=0.0265,=7
="931402",证券先锋,2020-01-14,=-0.0111,=1747.9700,=-0.1618,=14.0615,=0.0026,=13.6795,=17.8004,=20.8266,=25.8885,=41.4692,=1.2141,=0.0796,=1.0487,=1.2877,=1.4672,=1.7503,=2.4715,=5.4787,=0.2783,=4.0917,=5.3118,=5.9048,=7.0851,=10.0278,=0.0214,=0.0819,=0.0203,=0.0219,=93
="931132",诚通央企红利,2023-05-04,=-0.0200,=1691.7900,=0.0425,=14.0852,=0.9224,=9.0905,=10.5735,=11.8863,=12.9420,=15.2313,=1.3179,=0.8768,=0.9482,=1.0888,=1.1828,=1.2291,=1.5338,=0.8028,=0.9197,=0.3626,=0.4244,=0.4756,=0.6133,=0.8835,=0.0249,=0.0916,=0.0215,=0.0396,=32
="399975",证券公司,2013-07-15,=-0.0114,=718.6700,=-0.1571,=14.1577,=0.0210,=12.3959,=18.7096,=21.4877,=26.4841,=46.0250,=1.2119,=0.0598,=1.0494,=1.3027,=1.5627,=1.8771,=2.4199,=5.4848,=0.2280,=4.0997,=5.4189,=6.3253,=7.4089,=10.0865,=0.0211,=0.0810,=0.0201,=0.0217,=9773
="950096",上海国企,2016-05-11,=-0.0060,=1354.9000,=-0.1045,=14.2019,=0.6767,=8.9055,=11.0343,=12.5701,=15.1972,=16.5992,=1.0507,=0.3843,=0.7269,=0.8713,=1.1344,=1.5076,=2.0186,=1.1664,=0.8619,=0.5842,=0.6832,=0.8501,=1.1336,=1.2890,=0.0189,=0.0761,=0.0213,=0.0221,=169
="931802",中证龙头,2010-02-09,=-0.0104,=1942.8000,=0.0535,=14.2033,=0.8429,=9.1945,=11.3253,=12.3757,=13.9953,=18.2393,=1.9253,=0.8454,=1.2921,=1.4613,=1.6597,=1.8788,=2.6625,=2.0605,=0.8590,=0.9048,=1.0752,=1.3352,=1.9876,=2.7195,=0.0324,=0.1325,=0.0308,=0.0292,=96
="931082",A500现金流,2025-07-16,=-0.0153,=4483.9800,=-0.0110,=14.2253,=0.5493,=11.3087,=12.2356,=13.9084,=15.0160,=16.5522,=1.6388,=0.0141,=1.6250,=1.7848,=1.8880,=1.9644,=2.0613,=1.2826,=0.0188,=1.2723,=1.3598,=1.4782,=1.5669,=1.6378,=0.0315,=0.1166,,=0.0389,=117
="932368",800现金流,2024-12-11,=-0.0171,=5001.9600,=-0.0219,=14.2452,=0.8034,=9.9108,=10.8019,=11.6352,=14.2381,=15.6891,=1.5108,=0.1517,=1.4048,=1.5349,=1.6825,=1.8737,=2.0110,=1.2158,=0.3567,=1.0036,=1.0993,=1.3171,=1.3990,=1.5226,=0.0283,=0.1177,=0.0451,=0.0380,=222
="932365",中证现金流,2024-12-11,=-0.0171,=5114.4800,=-0.0291,=14.2494,=0.7837,=10.1873,=10.9180,=11.8836,=14.3342,=15.8261,=1.5049,=0.0028,=1.5042,=1.6858,=1.7880,=1.8866,=2.0150,=1.0839,=0,=1.0839,=1.1967,=1.4119,=1.5177,=1.6205,=0.0286,=0.1155,=0.0394,=0.0381,=645
="980092",自由现金流,2012-12-28,=-0.0160,=5306.3100,=-0.0151,=14.2908,=0.7616,=11.1075,=12.1785,=12.8792,=14.5431,=16.4362,=1.4721,=0.0535,=1.4157,=1.5064,=1.5926,=1.6712,=1.8134,=0.9084,=0.2579,=0.7577,=0.8762,=0.9485,=0.9821,=1.0805,=0.0285,=0.1047,=0.0263,=0.0329,=1367
="932366",300现金流,2024-11-12,=-0.0135,=3365.1000,=0.0070,=14.3858,=0.6260,=12.5879,=13.4430,=14.0588,=14.9725,=16.2670,=1.5628,=0.0027,=1.5575,=1.7435,=1.8337,=1.9000,=1.9885,=1.1764,=0.0796,=1.0861,=1.2323,=1.4024,=1.4434,=1.5124,=0.0285,=0.1163,=0.0355,=0.0398,=162
="930758",凤凰50,2018-11-21,=-0.0048,=8425.8600,=0.0577,=14.4312,=0.6005,=8.6050,=10.8076,=13.4730,=15.7547,=22.7753,=1.6768,=0.5173,=1.0496,=1.4309,=1.6534,=2.0859,=3.0708,=1.9843,=0.8767,=0.3622,=0.7517,=1.3126,=1.8864,=3.4064,=0.0281,=0.1135,=0.0262,=0.0310,=64
="000300",沪深300,2005-04-08,=-0.0069,=4904.7500,=0.0594,=14.5429,=0.8981,=10.0799,=11.6919,=12.6168,=14.1133,=17.6279,=1.4525,=0.4577,=1.1457,=1.3350,=1.4689,=1.6202,=1.9228,=1.5737,=0.9501,=1.0330,=1.1718,=1.3048,=1.4531,=1.7482,=0.0246,=0.0934,=0.0249,=0.0271,=48680
="399439",国证油气,2014-12-30,=-0.0016,=2195.2600,=0.1400,=14.5894,=0.4870,=7.2448,=10.6844,=15.3128,=29.9418,=98.7831,=1.3832,=0.9336,=0.6716,=0.7849,=1.1418,=1.2628,=1.8382,=0.7679,=0.9695,=0.2370,=0.3183,=0.5042,=0.5971,=0.9735,=0.0300,=0.0921,=0.0283,=0.0348,=95
="931248",油气资源,2023-06-12,=0.0005,=1120.0800,=0.2258,=14.6270,=0.8867,=8.9017,=10.1761,=11.2046,=12.9915,=19.0700,=1.3738,=0.8210,=1.0292,=1.1494,=1.2122,=1.3606,=1.8318,=0.7669,=0.8937,=0.4486,=0.5085,=0.5891,=0.6643,=0.9774,=0.0301,=0.0906,=0.0280,=0.0346,=42
="000908",300能源,2007-07-02,=0,=2717.2500,=0.1495,=14.6763,=0.6120,=6.9395,=9.4585,=13.2349,=22.2774,=62.7889,=1.4572,=0.9460,=0.7125,=0.8868,=1.1239,=1.2820,=1.8071,=0.8992,=0.9794,=0.3053,=0.3856,=0.5108,=0.6910,=1.0302,=0.0302,=0.1004,=0.0297,=0.0370,=268
="932315",中证红利质量,2024-07-08,=-0.0164,=4291.1000,=-0.0494,=14.6912,=0.3427,=12.3916,=13.4988,=15.6668,=16.6279,=18.7206,=2.5336,=0.2646,=2.1812,=2.3623,=3.4190,=4.0055,=4.4900,=2.8231,=0.3557,=2.0136,=2.1679,=2.9864,=3.1878,=3.5388,=0.0482,=0.1829,=0.0412,=0.0385,=496
="931454",港股通消费,2020-03-06,=-0.0102,=1394.7300,=-0.0941,=14.7783,=0.0026,=14.4081,=20.7351,=27.6379,=37.2244,=64.7193,=2.4721,=0.0032,=2.4102,=3.2062,=3.6513,=5.1276,=8.9519,=1.3398,=0.0032,=1.3063,=1.9589,=2.3924,=3.5993,=6.6047,,=0.1670,,=0.0461,=361
="980028",龙头家电,2015-02-16,=-0.0070,=11938,=-0.0516,=14.7974,=0.5364,=11.8600,=13.7119,=14.6252,=18.6371,=31.1013,=2.5196,=0.0390,=2.3382,=2.6684,=2.9134,=3.6790,=5.1202,=1.3573,=0.5949,=0.9787,=1.2019,=1.3301,=1.4830,=2.2318,=0.0430,=0.1789,=0.0477,=0.0433,=180
="HSCGSI",恒生消费指数,2015-08-17,=-0.0072,=2438.3200,=-0.0554,=14.9772,=0.0102,=14.2396,=17.9658,=20.3555,=46.9799,=191.0166,=2.4943,=0.4218,=1.6557,=2.1392,=2.5823,=3.0646,=4.3429,=1.3634,=0.3076,=0.9965,=1.2518,=1.5540,=1.8502,=2.9413,,,,=0.0448,=818
="000822",500红利,2012-07-20,=-0.0058,=10893.3000,=0.0706,=15.0105,=0.7687,=7.4138,=9.6102,=11.2677,=17.2077,=26.4578,=1.2355,=0.4940,=0.8670,=1.0202,=1.2391,=1.7464,=2.2876,=0.6869,=0.5856,=0.2906,=0.3999,=0.5822,=1.2281,=1.8159,=0.0233,=0.0658,=0.0188,=0.0360,=37
="H11057",石化产业,2009-07-22,=-0.0210,=1345.4000,=-0.0150,=15.1785,=0.6336,=9.0713,=11.9892,=13.9290,=19.4625,=46.6548,=1.5267,=0.9174,=0.9085,=1.1887,=1.3417,=1.4413,=1.9948,=0.8227,=0.9187,=0.4002,=0.4796,=0.6097,=0.7505,=1.0264,=0.0331,=0.0946,=0.0281,=0.0311,=62
="H30198",油气产业,2013-07-15,=-0.0012,=2482.8700,=0.1787,=15.2001,=0.5195,=7.8064,=10.8431,=14.1069,=25.5188,=104.2111,=1.3996,=0.9453,=0.6580,=0.8158,=1.1445,=1.2521,=1.8532,=0.7560,=0.9646,=0.2505,=0.3194,=0.4769,=0.5894,=0.9554,=0.0307,=0.0868,=0.0269,=0.0329,=106
="931021",家电龙头,2017-10-17,=-0.0051,=16971.9300,=-0.0605,=15.2212,=0.4182,=11.3343,=14.2211,=15.8275,=19.3846,=31.7589,=2.4287,=0.0176,=2.3685,=2.6482,=3.0574,=3.9092,=5.4650,=1.2398,=0.5145,=0.8457,=1.1163,=1.2348,=1.4879,=2.4102,=0.0396,=0.1676,=0.0453,=0.0415,=24
="000955",中证国企,2010-02-09,=-0.0069,=1599.1000,=0.0022,=15.2227,=0.8532,=10.0979,=11.7062,=12.7317,=14.9053,=16.8119,=1.2612,=0.4177,=1.0210,=1.1826,=1.2943,=1.4495,=1.7591,=1.3024,=0.8449,=0.7969,=0.9757,=1.0895,=1.2774,=1.4527,=0.0213,=0.0765,=0.0217,=0.0269,=40
="HSMI",恒生综合中型股指数,2001-10-03,=-0.0144,=4865.7000,=-0.0234,=15.3738,=0.8919,=7.1837,=9.6369,=11.2542,=14.6573,=19.0737,=1.2528,=0.8562,=0.6229,=0.7817,=1.0105,=1.2273,=1.5312,=1.0184,=0.9720,=0.4186,=0.5568,=0.6724,=0.8086,=1.0938,,,,=0.0283,=162
="000928",中证能源,2009-07-03,=0.0133,=3649.6200,=0.2385,=15.5135,=0.6594,=6.9612,=9.7906,=13.1596,=21.8478,=68.9647,=1.4767,=0.9563,=0.7281,=0.9359,=1.1487,=1.2969,=1.8006,=0.9178,=0.9802,=0.3162,=0.4106,=0.5298,=0.7011,=1.0383,=0.0289,=0.0960,=0.0282,=0.0348,=1287
="HSSCHKC",恒生港股通香港公司指数,2017-11-20,=-0.0164,=3336.3800,=0.0736,=15.5869,=0.6397,=9.9660,=12.2165,=14.2779,=18.1964,=45.2058,=1.2429,=0.7996,=0.8018,=0.9524,=1.0976,=1.2431,=1.4001,=2.7614,=0.8077,=1.7566,=2.0726,=2.3881,=2.7467,=3.2431,,,,=0.0363,=15
="399324",深证红利,2006-01-24,=-0.0090,=8614.0800,=-0.0587,=15.6222,=0.4647,=11.7065,=14.4378,=15.7603,=17.7170,=23.4132,=2.2095,=0.5126,=1.2884,=1.9036,=2.1878,=2.5075,=3.7254,=1.8372,=0.6223,=1.1033,=1.3622,=1.7398,=1.9640,=2.8578,=0.0424,=0.1345,=0.0450,=0.0426,=5219
="399699",金融科技,2017-06-09,=-0.0139,=3588.3000,=-0.1977,=15.7587,=0.0841,=14.0983,=16.7684,=19.4080,=44.6602,=111.6316,=1.7502,=0.1663,=1.2665,=1.8073,=2.2874,=3.4019,=4.4660,=1.4744,=0.3150,=1.0709,=1.3747,=1.6275,=1.9156,=3.0519,=0.0209,=0.1027,=0.0223,=0.0238,=322
="HSHK35",恒生香港35,2003-01-20,=-0.0153,=3114.6800,=0.0912,=15.9995,=0.6538,=9.7413,=12.1091,=14.2497,=17.5924,=47.6465,=1.2515,=0.8557,=0.7649,=0.9586,=1.0956,=1.2309,=1.3547,=3.3945,=0.9151,=2.1814,=2.5867,=2.8790,=3.1758,=3.7366,,,,=0.0376,=116
="000860",结构调整,2018-03-26,=-0.0055,=1295.3500,=0.0581,=16.0190,=0.7583,=9.5233,=12.4401,=13.9175,=16.3800,=20.6443,=1.4259,=0.7125,=1.1018,=1.2866,=1.3707,=1.4551,=1.6430,=0.9162,=0.9794,=0.4658,=0.5860,=0.6759,=0.7849,=0.9608,=0.0222,=0.0831,=0.0231,=0.0313,=142
="931404",SHS品牌消费50,2020-02-20,=-0.0103,=2318.0200,=-0.1416,=16.0836,=0.0138,=15.2551,=18.4255,=21.6022,=30.4295,=52.1290,=3.3493,=0.0050,=3.2381,=4.5990,=5.2917,=7.2872,=13.2899,=2.8984,=0.0830,=2.1582,=3.1802,=4.1039,=6.4193,=12.0094,,=0.2165,,=0.0307,=131
="000092",资源50,2011-05-10,=-0.0183,=5169.8400,=0.0590,=16.1386,=0.6111,=7.9483,=11.3499,=14.9164,=23.0236,=52.0101,=1.8405,=0.9625,=0.9579,=1.2576,=1.3929,=1.5296,=2.3324,=1.0528,=0.9674,=0.4148,=0.5541,=0.6758,=0.7850,=1.2646,=0.0363,=0.1132,=0.0314,=0.0292,=35
="000066",上证商品,2010-04-30,=-0.0073,=4037.7000,=0.1447,=16.1409,=0.5984,=7.9120,=11.1675,=15.0773,=23.3575,=53.3084,=1.7704,=0.9625,=0.9403,=1.2106,=1.3347,=1.4917,=2.2405,=1.0197,=0.9678,=0.4082,=0.5256,=0.6498,=0.7723,=1.2223,=0.0347,=0.1091,=0.0303,=0.0297,=75
="H30095",医药红利,2013-07-02,=-0.0118,=13927.9100,=-0.0991,=16.1434,=0.0415,=14.6474,=17.2835,=19.7712,=27.2011,=34.8020,=1.6318,=0.0179,=1.4797,=1.8035,=2.4501,=3.1476,=4.2060,=0.9429,=0.1460,=0.7612,=0.9956,=1.5175,=2.0144,=2.8268,=0.0293,=0.1019,=0.0311,=0.0379,=88
="000068",上证资源,2010-05-28,=-0.0140,=4419.9500,=0.0977,=16.2631,=0.5666,=7.8012,=11.1450,=15.2142,=25.1073,=73.1997,=1.7885,=0.9641,=0.8674,=1.1479,=1.3078,=1.4759,=2.2515,=1.0249,=0.9691,=0.3742,=0.5012,=0.6088,=0.7659,=1.2220,=0.0351,=0.1097,=0.0307,=0.0294,=304
="000986",全指能源,2011-08-02,=0.0105,=2888.7300,=0.2375,=16.3402,=0.6647,=6.8032,=9.9968,=13.3626,=21.7776,=75.0146,=1.4872,=0.9625,=0.7554,=0.9688,=1.1720,=1.3138,=1.7977,=0.9352,=0.9819,=0.3323,=0.4459,=0.5657,=0.7178,=1.0524,=0.0281,=0.0918,=0.0274,=0.0334,=600
="931068",消费龙头,2018-11-21,=-0.0111,=10843.2400,=-0.1441,=16.3777,=0.0247,=15.6061,=18.3583,=23.0089,=30.1281,=44.3922,=3.0694,=0,=3.0694,=4.1521,=4.7415,=6.6009,=10.3805,=2.0380,=0.0416,=1.8019,=2.6714,=3.2793,=4.1111,=7.0508,=0.0518,=0.2083,=0.0600,=0.0422,=2356
="932037",央企现代能源,2022-11-16,=-0.0229,=1590.2400,=0.0899,=16.3868,=0.9336,=10.8583,=11.9774,=12.8228,=14.1436,=18.2611,=1.6114,=0.8660,=1.1507,=1.3373,=1.4170,=1.5696,=1.8914,=0.9838,=0.9336,=0.4850,=0.6168,=0.7492,=0.8189,=1.0835,=0.0273,=0.0952,=0.0272,=0.0313,=34
="399974",国企改革,2014-08-07,=-0.0003,=1989.0500,=0.0476,=16.4057,=0.7534,=8.5408,=11.0130,=13.4099,=16.9795,=23.5243,=1.4429,=0.4247,=1.0768,=1.3337,=1.4814,=1.8365,=2.8970,=1.1343,=0.6965,=0.6803,=0.8905,=0.9922,=1.2484,=2.2060,=0.0239,=0.0809,=0.0242,=0.0279,=371
="000861",央企创新,2019-05-16,=-0.0079,=2722.4400,=0.0608,=16.4282,=0.9064,=10.3360,=12.0177,=13.3850,=15.0004,=18.8086,=1.4661,=0.9515,=1.0351,=1.1864,=1.2966,=1.3855,=1.5975,=0.8645,=0.9784,=0.4544,=0.5191,=0.5824,=0.7297,=0.8999,=0.0222,=0.0826,=0.0232,=0.0297,=265
="931238",SSH黄金股票,2017-10-17,=-0.0281,=2968.8500,=-0.0876,=16.4929,=0.0552,=15.0142,=18.5897,=23.6328,=35.8704,=92.1543,=3.3295,=0.9147,=1.4294,=1.8154,=2.0155,=2.3409,=6.0579,=1.0680,=0.9169,=0.3659,=0.4652,=0.5495,=0.6605,=1.9529,,=0.1869,,=0.0195,=323
="000945",内地运输,2009-10-28,=-0.0133,=1384.5700,=-0.0631,=16.5854,=0.2231,=13.9394,=16.4788,=19.5040,=27.8199,=72.7429,=1.2558,=0.0008,=1.2463,=1.4090,=1.5670,=1.7788,=2.4452,=0.7457,=0.3456,=0.5140,=0.6447,=0.9237,=1.4132,=1.9188,=0.0219,=0.0581,=0.0167,=0.0304,=75
="930697",家用电器,2015-07-07,=-0.0052,=12084.8800,=-0.0551,=16.6035,=0.4181,=12.0193,=15.4243,=17.0997,=19.8234,=32.1495,=2.4554,=0.0458,=2.2889,=2.6739,=3.2789,=3.9701,=5.2226,=1.2779,=0.4235,=0.9879,=1.1843,=1.3058,=1.6199,=2.3694,=0.0370,=0.1413,=0.0419,=0.0382,=1731
="399375",中盘价值,2010-01-04,=-0.0146,=6346.2200,=0.0695,=16.6085,=0.7926,=9.0528,=10.9370,=12.3141,=16.7891,=33.1718,=1.4854,=0.7567,=1.0236,=1.1932,=1.3322,=1.5544,=1.9880,=1.0133,=0.8388,=0.5167,=0.6432,=0.7489,=0.9810,=1.2347,=0.0258,=0.0785,=0.0211,=0.0283,=186
="931139",CS消费50,2019-03-20,=-0.0139,=13713.4800,=-0.1405,=16.6340,=0.0618,=15.4419,=18.2624,=24.0865,=30.2221,=47.8630,=2.9682,=0,=2.9682,=4.0431,=5.3477,=7.0875,=12.5456,=2.1497,=0,=2.1497,=2.6170,=3.1892,=4.4688,=9.1270,=0.0528,=0.1922,=0.0638,=0.0461,=2199
="931268",持续发展,2019-11-15,=-0.0100,=2303.2000,=0.0409,=16.6775,=0.9151,=14.1354,=14.9913,=15.4767,=16.2434,=17.1877,=2.1830,=0.5985,=1.7338,=1.8275,=1.9137,=2.2594,=2.3440,=1.8046,=0.6795,=1.5998,=1.7185,=1.7907,=1.8188,=1.8598,=0.0313,=0.1256,=0.0323,=0.0289,=18
="930716",CS物流,2015-07-31,=-0.0078,=1206.0800,=0.0272,=16.7209,=0.4016,=6.6312,=13.0083,=19.0159,=34.3918,=505.8138,=1.2244,=0.0363,=1.1511,=1.3055,=1.9873,=2.7479,=3.8580,=0.4421,=0.3951,=0.2137,=0.3289,=0.4566,=0.7572,=1.0555,=0.0197,=0.0542,=0.0209,=0.0327,=242
="000805",A股资源,2012-01-06,=-0.0189,=8018.5700,=0.1309,=16.8008,=0.5890,=7.9265,=11.4609,=15.6445,=24.6811,=73.5792,=1.8978,=0.9633,=0.9200,=1.1959,=1.3619,=1.5101,=2.3735,=1.0726,=0.9683,=0.3865,=0.5298,=0.6350,=0.7711,=1.2754,=0.0371,=0.1115,=0.0305,=0.0276,=4
="000842",800等权,2012-12-21,=-0.0046,=7461.3500,=0.0559,=16.8015,=0.9476,=10.7808,=12.9023,=14.0890,=15.9159,=18.9686,=1.6061,=0.5872,=1.1816,=1.3959,=1.5514,=1.7186,=1.9628,=1.6114,=0.9757,=1.0117,=1.1472,=1.2950,=1.4768,=1.6631,=0.0241,=0.0890,=0.0237,=0.0238,=160
="000906",中证800,2007-01-15,=-0.0051,=5495.4800,=0.0756,=16.8015,=0.9476,=10.7808,=12.9023,=14.0890,=15.9159,=18.9686,=1.6061,=0.5872,=1.1816,=1.3959,=1.5514,=1.7186,=1.9628,=1.6114,=0.9757,=1.0117,=1.1472,=1.2950,=1.4768,=1.6631,=0.0241,=0.0890,=0.0237,=0.0238,=2671
="931645",1000红利,2024-03-15,=-0.0124,=2403.6200,=-0.0316,=16.8336,=0.9534,=11.2896,=12.4088,=13.5716,=14.7606,=18.1886,=1.1668,=0.3582,=0.9871,=1.1305,=1.1966,=1.2451,=1.3469,=0.7592,=0.5019,=0.5734,=0.6686,=0.7591,=0.8184,=0.8871,=0.0179,=0.0646,=0.0199,=0.0329,=22
="H30171",运输指数,2013-07-15,=-0.0104,=1528.8000,=-0.0547,=16.9593,=0.3061,=14.1889,=16.3702,=18.0596,=25.4748,=51.4445,=1.2549,=0.0171,=1.1989,=1.3550,=1.5054,=1.6908,=2.3737,=0.6427,=0.2475,=0.5217,=0.6276,=0.8596,=1.1980,=1.9196,=0.0207,=0.0585,=0.0181,=0.0290,=83
="000944",内地资源,2009-10-28,=-0.0219,=5611.3400,=0.0573,=16.9679,=0.5985,=8.0950,=11.4362,=15.6003,=24.0434,=66.3491,=1.9137,=0.9633,=0.8945,=1.1840,=1.3544,=1.5144,=2.3924,=1.0793,=0.9678,=0.3754,=0.5050,=0.6228,=0.7686,=1.2835,=0.0374,=0.1109,=0.0304,=0.0275,=3
="000961",中证上游,2010-04-16,=-0.0194,=5396.2000,=0.0658,=16.9684,=0.5909,=8.3063,=11.4863,=15.6973,=25.1016,=72.6914,=1.9271,=0.9637,=0.9003,=1.1960,=1.3609,=1.5218,=2.4036,=1.0876,=0.9687,=0.3813,=0.5134,=0.6292,=0.7725,=1.2905,=0.0373,=0.1119,=0.0305,=0.0273,=42
="H30089",红利潜力,2013-07-02,=-0.0133,=9412.5600,=-0.0537,=17.0030,=0.5105,=12.7702,=15.7291,=16.9561,=20.7352,=29.7267,=2.7229,=0.6866,=1.4650,=1.9911,=2.4853,=2.9135,=4.3960,=2.2455,=0.8565,=0.7611,=0.9497,=1.7475,=2.1649,=2.8465,=0.0404,=0.1605,=0.0444,=0.0345,=548
="H11136",中国互联网,2011-09-20,=-0.0106,=4078.8920,=-0.2349,=17.0424,=0.0698,=14.7773,=20.0895,=42.7349,=57.4315,=137.0698,=2.2251,=0.0215,=1.7247,=2.5601,=4.7079,=6.7403,=9.7098,=1.9333,=0.0207,=1.5020,=2.2583,=4.3831,=6.5159,=9.1092,,,,=0.0110,=3346
="H30533",中国互联网50,2014-12-29,=-0.0151,=7280.2590,=-0.2233,=17.1200,=0.0403,=14.9049,=20.4218,=41.6714,=57.1746,=137.0698,=2.2370,=0.0311,=1.7082,=2.5625,=4.7045,=6.7227,=9.7098,=1.8944,=0.0253,=1.4305,=2.1875,=4.3797,=6.4332,=9.1092,,,,=0.0103,=6779
="931371",品牌消费100,2019-11-25,=-0.0151,=5760.6400,=-0.1256,=17.1337,=0.1542,=14.6106,=17.5344,=22.5399,=30.6781,=41.6881,=2.9160,=0,=2.9160,=3.7160,=4.7145,=6.5650,=9.5576,=1.9034,=0.0480,=1.7483,=2.1221,=2.7047,=3.8837,=5.3339,=0.0505,=0.1847,=0.0654,=0.0434,=4
="HSMSI",恒生综合中小型股指数,2015-06-08,=-0.0161,=2867.9900,=-0.0291,=17.1834,=0.9220,=7.2058,=10.0582,=12.4154,=15.4302,=18.8438,=1.2045,=0.7952,=0.6157,=0.7686,=1.0042,=1.2086,=1.4952,=0.9228,=0.9118,=0.4020,=0.5319,=0.6807,=0.8369,=1.0389,,,,=0.0277,=161
="930604",中国互联网30,2015-03-23,=-0.0114,=7748.0587,=-0.2255,=17.1844,=0.0511,=14.9187,=20.3086,=42.2838,=59.2298,=131.9396,=2.2721,=0.0223,=1.7582,=2.6163,=4.8120,=7.0787,=10.3841,=1.8969,=0.0300,=1.4482,=2.2010,=4.1782,=6.4466,=9.5870,,,,=0.0100,=630
="931587",500价值稳健,2020-11-09,=-0.0097,=21706.7100,=-0.0109,=17.2310,=0.9569,=9.7530,=12.1851,=14.1241,=15.5046,=19.8926,=1.3189,=0.8202,=0.8925,=1.0543,=1.1531,=1.2923,=1.5437,=0.6325,=0.9215,=0.3384,=0.4590,=0.5109,=0.5794,=0.7126,=0.0221,=0.0672,=0.0198,=0.0347,=78
="000001",上证指数,1991-07-15,=-0.0064,=4057.7800,=0.0224,=17.2724,=0.9868,=10.8403,=12.7209,=13.8332,=15.8422,=17.9144,=1.4904,=0.5951,=1.1148,=1.3021,=1.4416,=1.5732,=1.8463,=1.5206,=0.9691,=0.9369,=1.0774,=1.2153,=1.3886,=1.5771,=0.0219,=0.0804,=0.0221,=0.0237,=1401
="399286",区块链50,2019-12-24,=-0.0113,=3447.2500,=-0.1396,=17.3017,=0.1302,=13.8844,=18.0214,=20.8585,=28.7364,=40.1853,=1.8316,=0.1835,=1.4262,=1.8685,=2.1258,=2.7669,=3.6332,=1.7401,=0.3746,=1.3177,=1.5876,=1.8514,=2.0949,=2.8188,=0.0273,=0.0903,=0.0252,=0.0262,=154
="399348",深证价值,2009-11-04,=-0.0025,=6603.9100,=0.0125,=17.3623,=0.7794,=9.9756,=12.8084,=14.9077,=17.5563,=21.4453,=1.6739,=0.4309,=1.2527,=1.4911,=1.7248,=2.1177,=2.9268,=1.2772,=0.6198,=0.8306,=1.0363,=1.1851,=1.6200,=2.1193,=0.0245,=0.0871,=0.0201,=0.0272,=294
="399310",国证A50,2005-09-05,=-0.0125,=8402.9400,=0.0481,=17.4386,=0.8812,=8.8433,=10.4812,=13.4748,=16.1585,=22.6576,=1.9836,=0.7485,=1.1237,=1.2922,=1.6572,=2.0351,=2.9417,=1.4987,=0.7905,=0.9633,=1.1331,=1.2383,=1.5052,=2.2769,=0.0272,=0.1076,=0.0263,=0.0239,=287
="000510",中证A500,2024-09-23,=-0.0050,=6113.4900,=0.0834,=17.6396,=0.9289,=12.2476,=14.4518,=15.4276,=17.2117,=18.3286,=1.6941,=0.7377,=1.2883,=1.4904,=1.5817,=1.7092,=1.7791,=1.5140,=0.8554,=1.0081,=1.2165,=1.3169,=1.4955,=1.5731,=0.0241,=0.0887,=0.0240,=0.0237,=2202
="1000004",上海A股,1994-01-01,=-0.0064,=4057.7800,=0.0224,=17.6539,=0.9765,=10.8441,=12.9364,=14.2645,=16.0985,=18.4959,=1.5135,=0.5885,=1.1181,=1.3162,=1.4437,=1.5985,=1.8457,=1.5475,=0.9699,=0.9734,=1.0889,=1.2351,=1.3861,=1.6065,=0.0219,=0.0804,=0.0221,=0.0232,=4920
="000046",上证中小,2009-07-03,=-0.0037,=5513.8200,=0.0751,=17.6564,=0.7435,=10.5504,=12.1058,=15.2214,=18.3619,=22.4992,=1.5115,=0.5522,=1.0626,=1.2077,=1.4819,=1.8230,=2.0905,=1.4276,=0.8173,=0.8596,=1.0256,=1.1229,=1.4127,=1.6429,=0.0219,=0.0784,=0.0213,=0.0229,=344
="930796",全球中国互联网,2016-04-22,=-0.0119,=1694.6444,=-0.2228,=17.6869,=0.0364,=15.2629,=21.3262,=39.7535,=53.8907,=115.7107,=2.3359,=0.0353,=1.8023,=2.6752,=4.6917,=6.9373,=9.6202,=1.9980,=0.0311,=1.5064,=2.2927,=3.8742,=6.4798,=9.5215,,=0.1307,,=0.0103,=36
="000918",300成长,2008-01-21,=-0.0102,=5851.9800,=0.1502,=17.6966,=0.6825,=11.6107,=14.2539,=16.6833,=20.6304,=29.9826,=2.5492,=0.4004,=1.8759,=2.2905,=2.7887,=4.3091,=6.1771,=2.6763,=0.8388,=1.1680,=1.5324,=1.7713,=2.5811,=3.9548,=0.0348,=0.1486,=0.0340,=0.0201,=789
="399398",绩效指数,2012-11-19,=-0.0132,=10524.6900,=-0.0068,=17.7474,=0.4078,=9.4274,=11.7079,=18.3600,=21.6274,=36.1591,=2.9904,=0.3060,=1.3119,=1.7658,=3.5798,=4.3854,=6.4752,=3.1081,=0.6767,=1.5230,=2.2067,=2.8743,=3.4328,=5.0073,=0.0495,=0.1771,=0.0433,=0.0378,=22
="399311",国证1000,2005-02-03,=-0.0044,=5333.1900,=0.0757,=17.7914,=0.9555,=11.0854,=13.3222,=14.6208,=16.7601,=19.8966,=1.6468,=0.5819,=1.1918,=1.4217,=1.5927,=1.8011,=2.0383,=1.6130,=0.9666,=1.0112,=1.1700,=1.3059,=1.5202,=1.7074,=0.0236,=0.0857,=0.0233,=0.0228,=139
="000979",大宗商品,2011-08-22,=-0.0139,=7241.3400,=0.0673,=17.8570,=0.5926,=9.9333,=12.8903,=16.3873,=23.3719,=55.6298,=1.8618,=0.9575,=1.1381,=1.3663,=1.4823,=1.6210,=2.3336,=1.0293,=0.9649,=0.4909,=0.5833,=0.6997,=0.8241,=1.2291,=0.0335,=0.1029,=0.0285,=0.0267,=699
="932367",500现金流,2024-11-12,=-0.0175,=3657.7800,=-0.0005,=17.8725,=0.7374,=12.7635,=14,=16.6178,=18.4664,=20.8865,=1.8695,=0.7056,=1.5076,=1.6658,=1.7579,=1.9967,=2.3672,=1.1942,=0.3422,=0.8955,=1.0983,=1.2397,=1.2878,=1.4394,=0.0308,=0.1139,=0.0305,=0.0335,=114
="930838",CS高股息,2016-06-08,=-0.0148,=7015.4900,=-0.0282,=17.8828,=0.4953,=10.7704,=14.2530,=17.9413,=22.5023,=29.5345,=3.3210,=0.7780,=1.8272,=2.3324,=2.8176,=3.4700,=5.4603,=3.1980,=0.6236,=1.6703,=2.0490,=2.4829,=3.7457,=5.1335,=0.0550,=0.1877,=0.0570,=0.0263,=171
="000150",380红利,2012-07-20,=0.0007,=12416.1400,=0.0742,=17.9081,=0.9043,=5.2545,=8.5513,=12.0903,=16.4820,=19.8070,=1.2176,=0.3810,=0.6172,=0.8678,=1.3629,=1.6855,=2.2592,=0.5370,=0.4854,=0.2775,=0.3623,=0.5451,=1.6875,=2.3204,=0.0206,=0.0377,=0.0185,=0.0387,=42
="931167",先进制造100,2019-04-25,=-0.0129,=7893.4100,=0.0196,=18.0220,=0.8862,=10.3762,=12.9923,=14.2085,=16.6995,=20.9116,=3.0390,=0.9082,=1.6383,=2.0226,=2.2540,=2.5690,=3.3727,=2.0594,=0.9582,=0.9031,=1.2313,=1.4355,=1.6495,=2.1795,=0.0404,=0.1483,=0.0310,=0.0288,=340
="931357",优选消费50,2019-11-15,=-0.0109,=2500.8300,=-0.1665,=18.0296,=0.0254,=16.9989,=20.5241,=25.3026,=33.0850,=53.0529,=2.8321,=0.0036,=2.7469,=3.7027,=4.3944,=7.1845,=11.6208,=1.8004,=0.0042,=1.7482,=2.3215,=2.7376,=5.2125,=8.8232,,=0.1689,,=0.0255,=388
="000909",300材料,2007-07-02,=-0.0317,=3876.9900,=-0.0541,=18.0641,=0.4821,=10.2722,=14.5958,=18.2631,=25.5370,=46384.3131,=2.4210,=0.7798,=1.4655,=1.7193,=1.9866,=2.4607,=3.8763,=1.1955,=0.7501,=0.6983,=0.8432,=0.9681,=1.2315,=1.9427,=0.0473,=0.1225,=0.0288,=0.0184,=17
="000903",中证A100,2006-05-29,=-0.0070,=4801.2500,=0.0702,=18.1613,=0.9905,=9.4390,=11.1538,=12.4802,=14.0985,=18.7565,=1.8439,=0.9439,=1.1800,=1.3775,=1.5130,=1.6660,=1.9625,=1.4689,=0.9542,=0.9660,=1.1007,=1.2129,=1.3713,=1.6207,=0.0253,=0.0942,=0.0251,=0.0260,=3076
="000911",300可选,2007-07-02,=-0.0058,=5786.0900,=-0.1254,=18.2825,=0.5039,=11.4175,=16.2318,=18.2489,=24.5366,=45.8432,=1.9978,=0.0214,=1.8544,=2.2921,=2.5506,=3.0218,=4.4626,=0.9412,=0.1666,=0.7162,=0.9659,=1.1016,=1.3297,=2.0518,=0.0241,=0.1159,=0.0309,=0.0284,=29
="930050",中证A50,2024-01-02,=-0.0089,=1875,=0.0489,=18.3943,=0.9022,=13.9812,=15.9305,=17.4557,=18.1473,=19.9330,=2.1742,=0.7221,=1.7817,=1.9655,=2.0814,=2.2047,=2.3759,=1.6090,=0.9537,=1.0165,=1.1251,=1.3630,=1.5428,=1.6491,=0.0291,=0.1115,=0.0275,=0.0266,=973
="932369",1000现金流,2024-11-12,=-0.0141,=3357.6400,=-0.0895,=18.4808,=0.4881,=16.0705,=17.7137,=18.5045,=19.4871,=21.4836,=1.5035,=0.0265,=1.4419,=1.5656,=1.6616,=1.7617,=1.8728,=0.8555,=0.0743,=0.8034,=0.9086,=1.0215,=1.0696,=1.3230,=0.0245,=0.0821,=0.0237,=0.0283,=58
="931697",消费50策略,2021-07-12,=-0.0121,=7381.4400,=-0.1324,=18.5585,=0.1907,=16.4104,=18.6007,=20.9841,=31.3670,=38.9422,=2.7406,=0,=2.7406,=3.5488,=3.8968,=5.2224,=7.0736,=1.4849,=0,=1.4849,=1.7823,=1.9334,=2.8662,=3.5305,=0.0408,=0.1608,=0.0542,=0.0366,=61
="H30094",消费红利,2013-07-02,=-0.0208,=31507.6300,=-0.1517,=18.7625,=0.0458,=16.2060,=21.7440,=27.7746,=33.4547,=59.6542,=3.3608,=0,=3.3608,=4.3764,=5.3356,=6.7479,=11.0368,=3.9906,=0.3934,=2.0003,=3.2525,=4.3055,=5.3148,=8.4259,=0.0717,=0.1905,=0.0792,=0.0446,=2120
="000917",300公用,2007-07-02,=-0.0102,=2595.3900,=0.0546,=18.8016,=0.6722,=13.3250,=16.1973,=17.8323,=20.5953,=34.2477,=2.0001,=0.5307,=1.4019,=1.6978,=1.9718,=2.1718,=2.6347,=2.0398,=0.8252,=1.3139,=1.6332,=1.8147,=1.9933,=3.2322,=0.0223,=0.0974,=0.0266,=0.0291,=35
="000942",内地消费,2009-10-28,=-0.0107,=8710.4300,=-0.1479,=18.9734,=0.2437,=14.4412,=18.7027,=21.7495,=33.3379,=52.6356,=2.5072,=0,=2.5072,=3.1410,=3.6914,=5.0424,=7.7211,=1.4118,=0.1468,=1.1096,=1.4982,=1.7720,=2.5493,=4.1228,=0.0371,=0.1426,=0.0493,=0.0359,=764
="H11059",工业有色,2009-07-22,=-0.0350,=4234.4500,=0.0634,=19.0317,=0.3293,=10.0577,=14.5577,=28.3083,=53.3155,=131.1130,=3.4637,=0.9034,=1.4392,=1.9947,=2.3970,=3.1596,=4.9901,=1.2918,=0.9296,=0.5048,=0.7375,=0.8575,=1.1364,=1.8706,=0.0664,=0.1735,=0.0401,=0.0163,=129
="399991",一带一路,2015-02-16,=-0.0031,=3655.3200,=0.2332,=19.1266,=0.7753,=9.4567,=11.6727,=14.1012,=19.8686,=34.5905,=1.6692,=0.9901,=1.0035,=1.1547,=1.2474,=1.4266,=1.7680,=0.7312,=0.9951,=0.3598,=0.4252,=0.4777,=0.6050,=0.7518,=0.0240,=0.0795,=0.0217,=0.0213,=579
="000126",消费50,2011-12-09,=-0.0106,=6776.5600,=-0.1849,=19.2212,=0.0981,=15.1608,=20.3033,=22.8715,=32.8709,=57.2206,=2.5409,=0.0227,=2.2360,=3.0009,=3.4010,=4.8666,=7.3797,=1.4920,=0.3291,=0.9155,=1.2443,=1.8266,=2.6426,=3.8011,=0.0406,=0.1407,=0.0455,=0.0349,=82
="000937",中证公用,2009-07-03,=-0.0148,=2887.0400,=0.1575,=19.4074,=0.6235,=13.4460,=16.5304,=18.6418,=21.1313,=46.5328,=1.8981,=0.7097,=1.3423,=1.6286,=1.7731,=1.9633,=2.2557,=1.9284,=0.8342,=1.2657,=1.4810,=1.5857,=1.8040,=3.2521,=0.0215,=0.0905,=0.0250,=0.0257,=334
="399997",中证白酒,2015-01-21,=-0.0258,=6758.9200,=-0.2287,=19.4516,=0.1118,=16.2418,=20.9488,=29.7049,=37.9971,=71.4432,=3.7774,=0,=3.7774,=5.2056,=7.2708,=9.8068,=17.8607,=6.7973,=0.0734,=5.9830,=7.2937,=9.8399,=13.6521,=24.8964,=0.0833,=0.2121,=0.1013,=0.0450,=7677
="399987",中证酒,2014-12-10,=-0.0242,=4018.3400,=-0.1960,=19.5249,=0.0998,=16.5000,=21.3129,=30.5274,=38.5048,=71.4257,=3.6387,=0.0004,=3.6134,=4.9102,=6.4715,=8.9992,=15.9495,=6.0274,=0.0887,=5.0607,=6.4801,=8.3135,=11.8299,=21.4371,=0.0789,=0.2043,=0.0944,=0.0440,=2750
="000036",上证消费,2009-01-09,=-0.0166,=9493.2600,=-0.1251,=19.6234,=0.0058,=18.1662,=23.3647,=31.6716,=40.5919,=69.3963,=4.1478,=0.0775,=3.6247,=5.2318,=6.5399,=9.2057,=14.9810,=4.2493,=0.2458,=1.8043,=3.8108,=4.8722,=7.3411,=10.9001,=0.0773,=0.2393,=0.0858,=0.0391,=2311
="000811",细分有色,2012-04-11,=-0.0336,=11400.1600,=0.0023,=19.6459,=0.2808,=13.5118,=17.9724,=30.2767,=58.0403,=312.9068,=3.2629,=0.8544,=1.7438,=2.0869,=2.5621,=3.1408,=4.8073,=1.2806,=0.9010,=0.6338,=0.7856,=0.9037,=1.1838,=1.9173,=0.0611,=0.1531,=0.0352,=0.0149,=189
="000931",中证可选,2009-07-03,=-0.0058,=5481.8600,=-0.1178,=19.6765,=0.3926,=12.9961,=17.9588,=20.2112,=26.0964,=47.1695,=2.1144,=0.1823,=1.6991,=2.1437,=2.5013,=2.8197,=3.7874,=1.0016,=0.2239,=0.7260,=0.9756,=1.1211,=1.2835,=1.9265,=0.0252,=0.1143,=0.0305,=0.0266,=840
="931663",SHS消费龙头,2015-03-13,=-0.0101,=1753.7100,=-0.1370,=19.8192,=0.1626,=14.4278,=20.3120,=26.7160,=37.0770,=57.5191,=2.7688,=0.0004,=2.7394,=3.4003,=4.3130,=6.1339,=13.5979,=1.8676,=0.1954,=1.3592,=1.8725,=2.3925,=3.4165,=7.5123,,=0.1411,,=0.0298,=217
="932152",港股通成长策略,2025-04-30,=-0.0185,=1171.3900,=-0.1158,=19.9074,=0.5985,=16.5252,=18.2332,=19.1748,=21.2287,=22.5567,=2.5977,=0.2714,=2.1900,=2.5568,=2.7336,=2.8363,=3.0449,=1.9933,=0.2974,=1.7556,=1.9475,=2.1105,=2.2219,=2.3595,,=0.1305,,=0.0190,=7
="000807",食品饮料,2012-02-17,=-0.0173,=15541.7500,=-0.1500,=19.9126,=0.0614,=16.7498,=22.0652,=30.4186,=37.6314,=67.1514,=3.5905,=0,=3.5905,=4.7795,=6.2643,=8.2580,=14.6770,=4.0488,=0.0759,=3.5639,=4.5270,=5.6636,=7.6740,=12.7454,=0.0738,=0.1953,=0.0849,=0.0422,=4262
="000995",全指公用,2011-08-02,=-0.0157,=3010.6000,=0.1656,=19.9440,=0.6305,=14.4124,=16.6670,=18.8921,=23.9608,=55.0107,=1.9021,=0.8627,=1.2839,=1.5403,=1.7269,=1.8686,=2.1268,=1.9563,=0.8499,=1.2094,=1.4214,=1.5276,=1.8044,=2.4023,=0.0217,=0.0896,=0.0244,=0.0251,=314
="932420",智选船舶产业,2025-05-28,=0.0285,=1579.2300,=0.0927,=20.1244,=0.8514,=12.9248,=14.0567,=16.2180,=19.6412,=21.8048,=1.3694,=0.7068,=1.1414,=1.2388,=1.2848,=1.4065,=1.5726,=1.0038,=0.7028,=0.8043,=0.8755,=0.9346,=1.0351,=1.1519,=0.0198,=0.0735,,=0.0254,=10
="399395",国证有色,2012-10-29,=-0.0326,=9865.8900,=0.0202,=20.1425,=0.3080,=12.7731,=17.8787,=29.3086,=56.2510,=326.9035,=3.3593,=0.9068,=1.7304,=2.0833,=2.5062,=3.0744,=4.8522,=1.3400,=0.9464,=0.6150,=0.7945,=0.9084,=1.1702,=1.9521,=0.0618,=0.1543,=0.0354,=0.0147,=661
="000819",有色金属,2012-05-09,=-0.0314,=9534.4200,=0.0205,=20.1445,=0.3097,=12.4710,=17.7541,=29.2010,=56.3091,=723.5976,=3.4448,=0.8767,=1.7791,=2.1409,=2.6245,=3.2485,=4.9698,=1.3550,=0.8862,=0.6317,=0.8246,=0.9660,=1.2801,=1.9863,=0.0625,=0.1569,=0.0361,=0.0151,=1971
="000912",300消费,2007-07-02,=-0.0154,=17557.0200,=-0.1537,=20.1846,=0.1097,=17.5697,=22.8316,=28.6958,=38.6920,=71.0374,=3.4044,=0.0004,=3.4035,=4.6699,=6.3986,=8.3233,=13.2137,=2.6375,=0.0520,=1.8902,=3.1977,=4.1912,=5.5033,=9.3193,=0.0602,=0.1878,=0.0812,=0.0428,=783
="000910",300工业,2007-07-02,=-0.0161,=2556.2600,=0.0108,=20.1875,=0.6363,=12.1074,=14.2223,=18.6704,=21.7507,=26.7473,=1.6957,=0.4132,=1.2960,=1.5013,=1.7777,=2.0927,=2.8598,=0.8132,=0.8280,=0.4726,=0.5803,=0.7009,=0.8047,=1.0995,=0.0196,=0.0738,=0.0177,=0.0211,=15
="931892",有色矿业,2013-07-15,=-0.0319,=4083.6100,=0.0295,=20.1961,=0.2697,=13.1272,=18.8191,=31.7881,=57.5514,=131.9594,=3.5917,=0.9278,=1.7020,=2.1368,=2.5240,=3.1582,=5.3430,=1.3509,=0.9097,=0.6092,=0.7896,=0.9201,=1.2200,=2.0391,=0.0653,=0.1630,=0.0363,=0.0134,=187
="000815",细分食品,2012-04-11,=-0.0171,=15817.2500,=-0.1557,=20.2127,=0.0870,=16.6089,=22.1131,=30.6801,=37.4251,=68.5596,=3.5241,=0,=3.5241,=4.7476,=6.1938,=8.2709,=14.7926,=4.4775,=0.0639,=3.9950,=4.9234,=6.1115,=8.3455,=14.4971,=0.0708,=0.1902,=0.0845,=0.0415,=759
="930708",中证有色,2015-07-13,=-0.0333,=3129.2200,=0.0146,=20.3034,=0.2891,=13.9228,=18.4062,=30.7673,=58.7398,=425.7934,=3.2435,=0.8437,=1.7134,=2.0956,=2.5624,=3.1533,=4.7639,=1.1977,=0.7984,=0.6123,=0.7796,=0.8961,=1.1989,=1.7984,=0.0592,=0.1479,=0.0346,=0.0144,=515
="399396",国证食品,2012-10-29,=-0.0170,=14810.4000,=-0.1522,=20.5021,=0.0540,=17.1702,=22.2186,=30.0929,=37.3108,=66.0937,=3.3882,=0,=3.3882,=4.6010,=6.1028,=7.6300,=14.3214,=3.4083,=0.0021,=3.3405,=3.9723,=5.0529,=6.2477,=12.4529,=0.0671,=0.1761,=0.0767,=0.0406,=1606
="930939",500质量,2018-11-21,=0.0007,=23726.2800,=0.1177,=20.5451,=0.8888,=10.4098,=13.9467,=15.9170,=19.1188,=27.8330,=2.3780,=0.7277,=1.6614,=2.0647,=2.2281,=2.4979,=3.9191,=1.9734,=0.9151,=0.9583,=1.1946,=1.4404,=1.7924,=2.9319,=0.0308,=0.1144,=0.0291,=0.0185,=457
="HSAIT",恒生人工智能主题指数,2023-09-01,=-0.0167,=3840.4500,=-0.0989,=20.5557,=0.6252,=13.3665,=18.0598,=19.8199,=21.5471,=24.5500,=2.0490,=0.4844,=1.4634,=1.7508,=2.0677,=2.4867,=2.8773,=1.8638,=0.5393,=1.2708,=1.4958,=1.6984,=2.2844,=2.6741,,=0.1059,,=0.0204,=64
="931142",东证竞争,2019-03-20,=-0.0088,=2039.8800,=0.0963,=20.5700,=0.9273,=9.8569,=11.9177,=13.9904,=15.9190,=27.8877,=3.0696,=0.8781,=1.5408,=1.7300,=2.0662,=2.5737,=4.6703,=3.1009,=0.9737,=0.9384,=1.2683,=1.6550,=2.2386,=3.1903,=0.0415,=0.1629,=0.0397,=0.0228,=212
="931067",绩优策略,2018-02-14,=-0.0121,=8818.3000,=0.1593,=20.6264,=0.6665,=10.5807,=14.6784,=18.5668,=26.9867,=44.0015,=5.5768,=0.6366,=3.5566,=4.2858,=5.0137,=7.5534,=11.8571,=3.3478,=0.6814,=2.1909,=2.5252,=2.8614,=5.0344,=8.6201,=0.0562,=0.2359,=0.0578,=0.0190,=24
="931637",港股通互联网,2021-01-11,=-0.0211,=775.8500,=-0.2349,=20.6649,=0.0609,=16.9805,=23.3947,=28.2899,=41.8044,=87.7368,=2.5239,=0.0090,=2.2686,=3.0726,=3.4199,=4.2498,=11.7021,=2.4908,=0.0180,=2.1470,=2.9577,=3.4046,=4.5336,=11.5370,,,,=0.0092,=261
="H30199",电力指数,2013-07-15,=-0.0145,=3476.1600,=0.2317,=20.8286,=0.6437,=14.1448,=16.7226,=18.9566,=25.0122,=78.5133,=1.9587,=0.9616,=1.2472,=1.5161,=1.7157,=1.8421,=2.0960,=2.0968,=0.9765,=1.1507,=1.4427,=1.5879,=1.7846,=2.2389,=0.0213,=0.0878,=0.0244,=0.0240,=697
="930641",中证中药,2015-05-19,=-0.0134,=8356.3100,=-0.1218,=20.8792,=0.0388,=17.1921,=24.2758,=29.0572,=32.8246,=45.5431,=1.9397,=0.0004,=1.9387,=2.4955,=2.9755,=3.5545,=4.1073,=2.1060,=0,=2.1060,=2.4518,=2.8430,=3.6632,=4.5776,=0.0326,=0.0928,=0.0347,=0.0384,=862
="000932",中证消费,2009-07-03,=-0.0181,=12623.7600,=-0.1721,=21.0020,=0.1303,=18.2526,=23.3494,=29.2776,=38.6663,=67.7039,=3.2432,=0,=3.2432,=4.2746,=5.3624,=7.0320,=11.1990,=2.4783,=0.0520,=1.9505,=2.9575,=3.5969,=4.6842,=7.7724,=0.0540,=0.1726,=0.0732,=0.0405,=12358
="931897",绿色电力,2012-12-21,=-0.0144,=1336.8600,=0.2347,=21.1111,=0.6416,=12.4356,=15.9219,=18.5208,=23.5753,=3316.8719,=2.0237,=0.9984,=1.0802,=1.3464,=1.6456,=1.7837,=2.0565,=2.1558,=0.9233,=0.8910,=1.1301,=1.2733,=1.7039,=2.6891,=0.0214,=0.0880,=0.0237,=0.0239,=156
="931140",医药50,2019-03-20,=-0.0137,=9000.8700,=-0.1245,=21.1525,=0,=21.1525,=25.5926,=28.7980,=43.4825,=67.0844,=3.1392,=0,=3.1392,=4.2543,=4.9862,=7.4631,=10.9696,=3.9956,=0.0321,=3.4950,=4.6264,=5.2070,=7.1695,=12.1248,=0.0393,=0.1515,=0.0402,=0.0213,=1195
="930782",500SNLV,2016-02-04,=-0.0081,=19869.2800,=0.0573,=21.2202,=0.5975,=13.0617,=17.6555,=20.0525,=25.2705,=34.2656,=1.7213,=0.7476,=1.0996,=1.3464,=1.4745,=1.8915,=2.6374,=1.3493,=0.7625,=0.5914,=0.8056,=0.8890,=1.4788,=2.0883,=0.0229,=0.0820,=0.0170,=0.0209,=1372
="399372",大盘成长,2010-01-04,=-0.0114,=5852.2800,=0.1103,=21.2461,=0.6231,=13.0565,=17.0894,=20.3246,=25.3722,=45.9159,=3.1171,=0.5489,=1.9139,=2.5014,=3.0160,=5.3725,=9.5601,=2.0034,=0.2548,=1.2183,=1.8035,=2.6240,=3.4508,=6.6651,=0.0399,=0.1447,=0.0379,=0.0210,=314
="000069",消费80,2010-05-28,=-0.0124,=4126.2600,=-0.1594,=21.3022,=0.1101,=16.4356,=22.2822,=24.9042,=33.0497,=60.5019,=2.6960,=0.0136,=2.4642,=3.1938,=3.5466,=4.8097,=7.6372,=1.6385,=0.3155,=1.0743,=1.4764,=1.9152,=2.7436,=3.8795,=0.0378,=0.1324,=0.0420,=0.0279,=933
="000929",中证材料,2009-07-03,=-0.0259,=4460.3100,=-0.0006,=21.3628,=0.6252,=9.9126,=14.1083,=19.5201,=25.3281,=1406.2094,=2.3961,=0.8635,=1.3680,=1.6188,=1.8970,=2.2783,=3.1607,=1.2097,=0.8223,=0.6315,=0.7658,=0.8823,=1.1836,=1.5845,=0.0399,=0.1037,=0.0230,=0.0167,=523
="930938",500成长估值,2018-12-04,=-0.0047,=5063.3200,=0.0918,=21.3747,=0.8965,=9.4780,=13.0851,=16.7765,=19.6991,=30.3577,=2.2257,=0.6862,=1.4489,=1.8682,=2.1185,=2.2927,=3.6765,=1.4259,=0.7410,=0.6916,=0.9039,=1.1677,=1.6001,=2.2515,=0.0254,=0.1028,=0.0163,=0.0191,=71
="930653",CS食品饮,2015-06-05,=-0.0185,=12834,=-0.1497,=21.4084,=0.0771,=17.6031,=22.9709,=31.2780,=38.3114,=65.8842,=3.2738,=0,=3.2738,=4.4404,=5.7100,=7.1300,=12.9907,=3.2193,=0.0041,=3.0169,=3.8362,=4.7671,=5.8503,=11.4166,=0.0615,=0.1583,=0.0705,=0.0389,=894
="000990",全指消费,2011-08-02,=-0.0184,=10607.0600,=-0.1668,=21.4783,=0.1365,=18.6483,=23.9046,=30.8065,=39.1217,=75.7240,=3.2220,=0,=3.2220,=4.0955,=4.9947,=6.2867,=9.6579,=2.5046,=0.0751,=2.1472,=2.7731,=3.3220,=4.0947,=6.6514,=0.0524,=0.1676,=0.0712,=0.0394,=3840
="931484",CS医药创新,2020-05-06,=-0.0151,=1225,=-0.1551,=21.5095,=0.0692,=18.2098,=24.2483,=27.5527,=47.1018,=86.1757,=3.6313,=0.0156,=3.3236,=4.5846,=5.4577,=11.4725,=17.5605,=4.7569,=0.0522,=3.7485,=5.5801,=6.5592,=11.3606,=20.8272,=0.0424,=0.1752,=0.0382,=0.0187,=390
="399438",绿色电力,2014-12-30,=-0.0140,=2398.9300,=0.2047,=21.6138,=0.7724,=13.5016,=16.3566,=18.9990,=22.0380,=41.2289,=2.0259,=0.9047,=1.2516,=1.5034,=1.7932,=1.9331,=2.3077,=2.4525,=0.9777,=1.1906,=1.4256,=1.8175,=2.0420,=3.6995,=0.0222,=0.0881,=0.0248,=0.0238,=201
="399377",小盘价值,2010-01-04,=-0.0124,=7933.5900,=0.0307,=21.6925,=0.8504,=9.8385,=13.2773,=15.1881,=19.8841,=34.2299,=1.3634,=0.7065,=0.8997,=1.0824,=1.2374,=1.8238,=2.1990,=0.8190,=0.6364,=0.4594,=0.5454,=0.7123,=1.2632,=1.8295,=0.0183,=0.0578,=0.0162,=0.0233,=625
="000989",全指可选,2011-08-02,=-0.0060,=4995.4000,=-0.1069,=21.7996,=0.2936,=14.8205,=20.3758,=24.4261,=30.9883,=46.1708,=2.1636,=0.2140,=1.6599,=2.1306,=2.5117,=2.8478,=3.3093,=1.0059,=0.1839,=0.8200,=1.0145,=1.1695,=1.4564,=1.7628,=0.0237,=0.1045,=0.0284,=0.0245,=1293
="HSTECH",恒生科技指数,2020-07-01,=-0.0161,=4975.3600,=-0.0980,=21.8322,=0.2046,=14.7293,=21.7851,=26.6341,=42.1310,=73.7725,=2.5038,=0.2864,=1.7280,=2.3806,=2.8183,=3.7908,=8.3408,=1.6357,=0.1110,=1.2545,=1.7320,=2.0448,=3.1884,=6.6932,,=0.1207,,=0.0122,=7115
="931481",SHS线上消费,2020-05-06,=-0.0194,=891.3900,=-0.1963,=21.9546,=0.1067,=17.8858,=23.7469,=30.2127,=47.0820,=121.3257,=2.6211,=0.0143,=2.4540,=3.1570,=3.5618,=5.5374,=9.8961,=2.6963,=0.1561,=2.0492,=2.8285,=3.3106,=4.3838,=7.8524,,=0.1066,,=0.0102,=63
="000963",中证下游,2010-04-16,=-0.0144,=5031.9800,=-0.1189,=22.0896,=0.1600,=17.2626,=22.3551,=25.2899,=33.1012,=51.0836,=2.1706,=0,=2.1706,=2.5923,=3.0764,=3.4358,=5.6334,=1.4435,=0.0495,=1.2209,=1.6168,=1.7731,=2.0795,=3.4797,=0.0267,=0.0958,=0.0301,=0.0298,=28
="931442",SHS科技100,2020-04-21,=-0.0078,=9757.7400,=-0.0934,=22.1067,=0.6591,=11.6240,=15.0649,=19.5690,=24.9150,=40.7731,=2.6859,=0.5203,=1.5813,=1.9731,=2.6159,=4.1195,=6.9092,=1.6346,=0.4306,=1.0913,=1.4328,=1.7385,=2.5901,=5.0819,,=0.1199,,=0.0131,=26
="931000",大湾区,2017-07-19,=0.0024,=1941.4400,=0.0976,=22.1252,=0.9856,=11.8370,=14.5132,=16.2075,=18.9219,=23.4463,=2.1089,=0.5379,=1.3750,=1.7629,=2.0705,=2.5530,=3.2666,=1.6548,=0.5996,=1.1015,=1.3321,=1.5601,=1.8727,=2.5221,=0.0236,=0.0809,=0.0227,=0.0213,=13
="HSIII",恒生互联网科技业指数,2020-07-20,=-0.0167,=2403.0500,=-0.1817,=22.4137,=0.1910,=12.6629,=22.5876,=35.1416,=47.7321,=309808.9839,=2.4736,=0.1426,=1.7026,=2.6021,=4.2192,=6.1191,=8.5704,=1.9201,=0.1377,=1.1940,=2.0151,=2.4286,=3.5799,=5.1261,,=0.1194,,=0.0100,=2009
="000813",细分化工,2012-04-11,=-0.0200,=3759.0900,=-0.0141,=22.4940,=0.5278,=11.4329,=16.5252,=21.9345,=28.5028,=42.1751,=2.4880,=0.4536,=1.6736,=2.0410,=2.6169,=3.1017,=4.9148,=1.4132,=0.5039,=0.8896,=1.1114,=1.4045,=1.9668,=3.1071,=0.0394,=0.0961,=0.0234,=0.0156,=946
="930625",SHS互联网,2015-04-21,=-0.0201,=2422.0100,=-0.2022,=22.5256,=0.0321,=18.9097,=27.3871,=35.5780,=51.6610,=84.5605,=2.7318,=0.0040,=2.6129,=3.5049,=4.9775,=6.6744,=9.2961,=2.7031,=0.0059,=2.4953,=3.4801,=4.4075,=5.8921,=8.7946,,=0.1125,,=0.0094,=321
="000985",中证全指,2011-08-02,=-0.0043,=6368.3400,=0.0759,=22.6735,=0.9831,=12.6044,=15.9637,=17.6530,=20.2063,=23.7678,=1.8503,=0.6264,=1.2581,=1.5484,=1.7142,=1.9627,=2.1557,=1.7323,=0.9060,=1.0381,=1.2268,=1.3874,=1.6472,=1.8438,=0.0216,=0.0749,=0.0212,=0.0190,=652
="930903",中证A股,2016-10-18,=-0.0043,=4388.2200,=0.0751,=22.9441,=0.9865,=12.9620,=16.2384,=17.7353,=20.5149,=23.9680,=1.8556,=0.6476,=1.2607,=1.5526,=1.7058,=1.9476,=2.2108,=1.7349,=0.9127,=1.0406,=1.2304,=1.3751,=1.6323,=1.9264,=0.0216,=0.0748,=0.0212,=0.0190,=9
="931166",医药健康100,2019-04-25,=-0.0122,=3530.8800,=-0.1246,=23.0263,=0.2834,=17.5935,=22.2949,=26.0750,=36.3680,=58.5515,=3.0164,=0.0273,=2.7671,=3.3771,=4.2370,=5.9035,=8.5226,=3.7014,=0.4721,=2.1887,=3.0468,=3.7636,=4.4760,=6.8190,=0.0346,=0.1325,=0.0321,=0.0183,=398
="931027",港股通大消费,2017-11-06,=-0.0133,=2773.6000,=-0.1111,=23.1376,=0.3808,=14.6383,=20.4353,=25.4838,=51.7982,=105.3721,=2.6165,=0.0894,=2.2514,=2.8723,=3.2514,=4.3571,=9.1499,=1.5468,=0.3165,=1.0973,=1.4398,=1.7735,=2.4966,=5.7985,,=0.1064,,=0.0218,=43
="931755",SEEE碳中和,2021-10-21,=-0.0185,=2080.5400,=-0.0093,=23.5030,=0.6978,=13.4966,=17.4355,=21.1735,=24.8294,=29.4214,=2.4159,=0.5351,=1.7561,=1.9629,=2.3854,=2.7520,=3.9105,=1.3761,=0.6987,=0.8856,=1.0345,=1.2196,=1.4453,=2.3046,=0.0267,=0.0916,=0.0211,=0.0176,=142
="1000002",A股全指,1994-01-01,=-0.0043,=6368.3360,=0.0759,=23.5599,=0.9699,=12.9500,=16.6929,=18.4845,=21.3754,=25.0020,=1.8789,=0.6103,=1.2633,=1.5740,=1.7419,=2.0169,=2.1910,=1.7540,=0.9023,=1.0499,=1.2419,=1.3988,=1.6703,=1.9034,=0.0215,=0.0745,=0.0211,=0.0187,=7910
="931588",1000价值稳健,2020-11-09,=-0.0157,=33960.1900,=-0.0525,=23.5652,=0.9683,=12.8074,=16.6728,=18.5036,=20.5568,=25.6024,=1.2793,=0.2039,=1.0253,=1.2759,=1.4388,=1.5636,=1.9102,=0.6308,=0.5325,=0.4756,=0.5528,=0.6279,=0.6872,=0.8427,=0.0162,=0.0641,=0.0212,=0.0263,=106
="399370",国证成长,2010-01-04,=-0.0081,=5711.7000,=0.1276,=23.6342,=0.6924,=14.0104,=18.8504,=21.5588,=25.7184,=39.9195,=3.2367,=0.6499,=1.9695,=2.5703,=2.9682,=4.0447,=6.0628,=2.0585,=0.4792,=1.2188,=1.6926,=2.0801,=2.8022,=3.4917,=0.0375,=0.1344,=0.0327,=0.0185,=111
="HSSCITI",恒生港股通科技主题指数,2023-07-01,=-0.0166,=2679.9200,=-0.0805,=23.7209,=0.4567,=15.2810,=21.1496,=23.9462,=27.0117,=33.8690,=2.7737,=0.2402,=2.1914,=2.7360,=2.9572,=3.4243,=4.1810,=2.2884,=0.5852,=1.5305,=1.8395,=2.1156,=2.7716,=3.5648,,=0.1203,,=0.0083,=81
="HSSCT",恒生港股通中国科技指数,2020-02-01,=-0.0164,=6857,=-0.0858,=23.7435,=0.3619,=15.0039,=22.0001,=24.9291,=33.1795,=55.7647,=2.7548,=0.3145,=1.8368,=2.6443,=3.0502,=4.7023,=8.0840,=2.2859,=0.4657,=1.1354,=1.8381,=2.3346,=3.2182,=6.0217,,=0.1201,,=0.0082,=94
="HSSCNE",恒生港股通新经济指数,2018-01-08,=-0.0140,=3790.2700,=-0.1179,=23.8076,=0.4722,=15.8046,=20.7063,=24.1356,=28.5357,=53.5009,=2.7888,=0.4708,=1.7963,=2.2499,=2.8329,=3.4812,=6.9059,=1.9407,=0.4432,=1.4023,=1.7295,=2.0040,=2.5615,=5.3019,,=0.1262,,=0.0099,=206
="H30015",800汽车,2012-12-21,=-0.0072,=8524.7300,=-0.1528,=24.1039,=0.5649,=11.4503,=15.2752,=22.6699,=31.8612,=45.6288,=2.0100,=0.3031,=1.3220,=1.7482,=2.1817,=2.4572,=3.4622,=0.8578,=0.5027,=0.5106,=0.6736,=0.8555,=1.0480,=1.4573,=0.0155,=0.0922,=0.0213,=0.0155,=187
="000930",中证工业,2009-07-03,=-0.0118,=3616.6700,=0.0312,=24.1872,=0.8058,=13.1747,=16.3715,=20.2819,=24.0362,=30.4087,=1.8997,=0.5315,=1.3752,=1.5614,=1.8666,=2.1245,=2.6342,=0.9048,=0.8379,=0.5311,=0.6373,=0.7618,=0.8839,=1.0502,=0.0191,=0.0679,=0.0169,=0.0181,=323
="000904",中证200,2007-01-15,=-0.0006,=6277.6400,=0.1111,=24.3309,=0.9876,=11.9474,=14.9318,=16.7716,=19.2612,=28.5236,=2.0277,=0.7357,=1.2748,=1.5010,=1.7454,=2.0651,=2.3407,=1.4701,=0.5460,=1.0540,=1.2917,=1.4317,=1.6943,=2.1135,=0.0231,=0.0739,=0.0238,=0.0209,=721
="399990",煤炭等权,2015-01-21,=0.0240,=4073.6000,=0.4182,=24.3309,=0.9105,=5.7123,=8.6087,=10.6436,=15.4144,=3433.4450,=1.9443,=0.9963,=0.8179,=1.1188,=1.3614,=1.6003,=2.0135,=2.2100,=1,=0.6732,=0.9175,=1.1213,=1.4595,=2.2100,=0.0229,=0.0912,=0.0239,=0.0276,=244
="399998",中证煤炭,2015-02-13,=0.0224,=2748.1400,=0.3938,=24.3309,=0.9105,=5.7123,=8.6087,=10.6436,=15.4144,=3433.4450,=1.9443,=0.9963,=0.8179,=1.1188,=1.3614,=1.6003,=2.0135,=2.2100,=1,=0.6732,=0.9175,=1.1213,=1.4595,=2.2100,=0.0229,=0.0912,=0.0239,=0.0276,=2077
="931470",SHS云计算,2020-04-21,=-0.0146,=4153.9800,=0.1261,=24.4132,=0.4377,=13.2694,=19.9293,=25.1660,=31.3767,=62.1875,=3.6621,=0.3564,=2.5281,=3.4476,=3.9113,=5.8611,=9.6099,=3.9657,=0.2485,=2.7843,=3.8702,=4.4927,=6.4506,=10.5654,,=0.1294,,=0.0073,=36
="399365",国证粮食,2009-11-04,=-0.0166,=11949.1400,=-0.1180,=24.4603,=0.3612,=13.3311,=20.2221,=27.2907,=35.2364,=54.5886,=2.1365,=0.2272,=1.6393,=2.0688,=4.1062,=6.4747,=11.3501,=0.8605,=0.2371,=0.5961,=0.8022,=3.1477,=4.6104,=8.7065,=0.0232,=0.0838,=0.0244,=0.0187,=64
="399814",大农业,2014-07-22,=-0.0246,=1056.2100,=-0.1191,=24.5876,=0.2590,=17.8693,=23.5206,=28.4688,=32.8422,=111.7688,=2.6858,=0.0252,=2.4368,=2.9362,=3.3268,=4.3740,=6.4483,=1.4986,=0.1885,=1.2031,=1.5088,=1.8398,=2.3352,=3.7145,=0.0257,=0.1209,=0.0380,=0.0276,=769
="931752",工程机械主题,2021-09-27,=0.0157,=2654.6000,=0.0531,=24.6719,=0.8366,=13.6456,=18.4548,=21.1504,=24.3815,=27.9581,=2.2111,=0.8966,=1.2593,=1.5727,=1.7118,=2.1214,=2.6511,=1.3604,=0.8472,=0.7133,=0.9138,=1.0136,=1.2846,=1.6462,=0.0241,=0.0958,=0.0272,=0.0200,=92
="000987",全指材料,2011-08-02,=-0.0242,=5108.7500,=0.0196,=24.7088,=0.6639,=11.8534,=16.4330,=21.1218,=28.3203,=1313.4345,=2.4130,=0.7163,=1.3547,=1.6741,=2.0387,=2.5042,=3.3213,=1.2106,=0.6812,=0.6546,=0.8399,=1.0190,=1.3526,=1.7398,=0.0340,=0.0892,=0.0206,=0.0150,=388
="931573",HKC科技,2014-05-21,=-0.0183,=3015.5100,=-0.0700,=24.8442,=0.2448,=18.3272,=24.2447,=28.5663,=40.1101,=82.7075,=3.1140,=0.2798,=2.3269,=2.9502,=3.3439,=4.2768,=10.6583,=1.9923,=0.2173,=1.5041,=1.9684,=2.3125,=3.4077,=8.3359,,=0.1200,,=0.0093,=287
="930794",中美互联网,2016-04-22,,,=-0.1368,=24.9715,=0.0276,=21.6222,=27.9978,=32.4638,=38.0931,=50.5410,=5.9650,=0.2649,=3.5920,=5.7048,=6.5712,=7.5414,=9.2259,=4.7730,=0.4603,=2.2940,=3.8795,=4.8562,=5.5740,=7.0802,,=0.2458,,=0.0027,=423
="399617",深证消费,2011-06-15,=-0.0216,=7205.0800,=-0.2202,=25.5665,=0.4318,=15.3450,=22.1455,=26.6238,=32.2918,=1768.1548,=2.3005,=0,=2.3005,=3.3322,=4.2570,=5.7490,=9.2732,=1.3617,=0,=1.3617,=1.8819,=2.4647,=3.6985,=6.3240,=0.0294,=0.1055,=0.0582,=0.0396,=368
="987008",港股通科技,2021-03-08,,,=-0.0966,=25.6359,=0.3369,=16.3992,=24.1188,=27.3440,=34.0419,=63.8758,=2.7266,=0.0806,=2.3408,=2.9670,=3.4285,=3.9836,=8.4842,=2.2580,=0.0589,=1.9635,=2.6349,=2.9880,=3.8735,=8.7605,,=0.0980,,=0.0072,=82
="399702",深证F120,2010-05-10,=-0.0088,=7632.9700,=0.0076,=25.6683,=0.9707,=12.6034,=17.7484,=20.6588,=22.4652,=28.8861,=2.1226,=0.3344,=1.5963,=1.9896,=2.2132,=2.6272,=3.5867,=1.3571,=0.5435,=0.8721,=1.1406,=1.3262,=1.5883,=2.2308,=0.0250,=0.0726,=0.0233,=0.0226,=1429
="931574",港股科技,2013-05-21,=-0.0173,=1620.8800,=-0.0768,=25.7580,=0.4141,=16.3025,=22.7580,=27.5255,=42.9701,=59.3282,=2.9768,=0.5130,=1.8790,=2.5049,=2.9630,=3.5930,=8.1693,=1.8191,=0.3130,=1.3201,=1.6673,=1.9776,=2.8631,=5.7490,,=0.1080,,=0.0098,=268
="399989",中证医疗,2014-10-31,=-0.0150,=5943.6200,=-0.1208,=26.2098,=0.0788,=22.9032,=29.9628,=39.7768,=60.4620,=114.3753,=2.9364,=0.0054,=2.8697,=3.8319,=5.4944,=8.1687,=13.4814,=4.9344,=0.0536,=4.3528,=5.6550,=6.5728,=9.4594,=17.4163,=0.0284,=0.1137,=0.0290,=0.0150,=8447
="399701",深证F60,2010-05-10,=-0.0040,=7971.0600,=0.0038,=26.4314,=0.9781,=12.1841,=16.9370,=19.7417,=22.0795,=29.1141,=2.0200,=0.2008,=1.6712,=2.0189,=2.1831,=2.5392,=3.7270,=1.3305,=0.4111,=1.0125,=1.2363,=1.3649,=1.5636,=2.4139,=0.0232,=0.0664,=0.0243,=0.0246,=1679
="399374",中盘成长,2010-01-04,=-0.0100,=5332.2100,=0.1664,=26.5241,=0.7064,=12.0664,=16.7038,=22.9694,=27.5418,=33.1996,=3.5465,=0.7254,=1.8942,=2.4100,=3.1265,=3.6257,=4.3864,=2.4361,=0.7522,=0.9013,=1.6610,=2.2043,=2.4907,=3.0605,=0.0366,=0.1248,=0.0238,=0.0151,=202
="HSBIO",恒生生物科技指数,2019-12-01,=-0.0118,=12512.3200,=-0.1175,=26.5445,=0.0425,=20.8275,=30.7931,=62.3768,=139.4744,=62737.8398,=2.6339,=0.4097,=1.5084,=2.1463,=2.9119,=4.4552,=6.7821,=1.4782,=0.4597,=0.7434,=1.0915,=1.5361,=2.1481,=3.5303,,=0.1070,,=0.0125,=665
="931829",中证回购,2023-10-17,=0.0025,=2495.1400,=0.0797,=27.3033,=0.5259,=16.8171,=21.6862,=25.8071,=34.8154,=40.4937,=2.2428,=0.9388,=1.3801,=1.5601,=1.7317,=1.9630,=2.3571,=0.9508,=0.1648,=0.7604,=0.9613,=1.0209,=1.1674,=1.4917,=0.0242,=0.0495,=0.0133,=0.0270,=39
="HSSI",恒生综合小型股指数,2001-10-03,=-0.0216,=1495.8800,=-0.0475,=27.3183,=0.8602,=7.3220,=11.0801,=16.3973,=26.2259,=83.7574,=1.0741,=0.6294,=0.5652,=0.7236,=0.9814,=1.1648,=1.4185,=0.7120,=0.5230,=0.3459,=0.4531,=0.6971,=0.9209,=1.2872,,,,=0.0258,=127
="HSSSHID",恒生沪深港创新药精选50指数,2020-03-01,=-0.0085,=6700.0600,=-0.1063,=27.3301,=0.0878,=23.4861,=29.5545,=35.5902,=52.2166,=94.0285,=3.1837,=0.3605,=2.0729,=2.8085,=3.7352,=6.3969,=8.4497,=4.5463,=0.6408,=1.3432,=1.8821,=3.2059,=5.9716,=8.1459,,=0.1198,,=0.0108,=285
="931008",汽车指数,2013-07-15,=-0.0210,=9915.3800,=-0.1722,=27.4478,=0.5615,=12.0130,=17.4483,=26.2739,=36.2664,=55.3660,=2.1018,=0.3706,=1.1809,=1.5400,=2.2198,=2.4578,=3.4286,=0.8935,=0.4739,=0.4315,=0.5521,=0.9135,=1.0535,=1.4087,=0.0152,=0.0829,=0.0208,=0.0150,=479
="000988",全指工业,2011-08-02,=-0.0085,=4285.9000,=0.0382,=27.6427,=0.6870,=13.7285,=19.3778,=24.0551,=29.3812,=37.6625,=2.0470,=0.5241,=1.3866,=1.6512,=2.0225,=2.4483,=2.7728,=0.9672,=0.6264,=0.5551,=0.7455,=0.9042,=1.0726,=1.3765,=0.0185,=0.0650,=0.0170,=0.0163,=234
="000969",300非周,2010-05-28,=-0.0035,=6101.7200,=0.1458,=27.8759,=0.8487,=15.9839,=20.6070,=22.5258,=25.9439,=38.7203,=2.9007,=0.6474,=2.0789,=2.4912,=2.7759,=3.1883,=4.9189,=1.6084,=0.8256,=0.8921,=1.1513,=1.2826,=1.5525,=2.2463,=0.0251,=0.0964,=0.0261,=0.0191,=86
="000037",上证医药,2009-01-09,=-0.0145,=5621.8200,=-0.1125,=27.9061,=0.0664,=21.0843,=31.4772,=34.7440,=41.6974,=61.3894,=2.9478,=0.0338,=2.7278,=3.3467,=3.8834,=4.6066,=7.3155,=2.1399,=0.3010,=1.5724,=2.0207,=2.3574,=2.9097,=4.1395,=0.0281,=0.1036,=0.0282,=0.0137,=2064
="000941",新能源,2009-10-28,=-0.0192,=2781.6700,=0.0808,=27.9237,=0.4367,=10.2578,=20.0248,=29.0935,=37.6508,=57.4660,=3.5422,=0.7439,=1.8262,=2.2548,=2.9539,=3.8432,=8.1424,=2.8223,=0.7456,=1.2704,=1.5650,=2.2651,=2.9597,=7.0320,=0.0322,=0.1201,=0.0313,=0.0142,=2461
="931403",品牌工程,2020-01-14,=-0.0039,=2216.3100,=0.1226,=27.9538,=0.4330,=18.7149,=24.0183,=29.3346,=43.9411,=69.9724,=4.1277,=0.2958,=3.2380,=4.0121,=5.0579,=7.6963,=10.9810,=3.2509,=0.4298,=2.2604,=2.9244,=3.3804,=4.8088,=7.2001,=0.0453,=0.1433,=0.0461,=0.0211,=116
="000857",500医药,2013-11-06,=-0.0109,=9347.7900,=-0.0886,=28.1480,=0.4293,=16.5096,=22.8937,=30.0363,=37.9300,=66.9361,=2.5442,=0.2569,=1.9620,=2.4653,=2.8485,=3.5345,=5.0991,=2.3479,=0.6004,=1.3156,=1.7598,=2.1307,=2.7886,=4.5555,=0.0260,=0.0879,=0.0247,=0.0192,=733
="931590",500成长创新,2020-11-09,=0.0009,=29293.4500,=0.0786,=28.2313,=0.8520,=14.5054,=17.7569,=20.1068,=26.7762,=32.9124,=3.2585,=0.7915,=1.6442,=2.3221,=2.6419,=3.2735,=3.8320,=3.2824,=0.9532,=1.3106,=1.9744,=2.2751,=2.6760,=3.6034,=0.0292,=0.1277,=0.0317,=0.0130,=89
="399804",中证体育,2015-02-09,=-0.0151,=1724.0900,=-0.1308,=28.4943,=0.4045,=17.8349,=25.3379,=31.7854,=46.5535,=92.9525,=2.7829,=0.2441,=2.0588,=2.7283,=3.2174,=3.8338,=5.7602,=2.4551,=0.2990,=1.7235,=2.3146,=2.8711,=4.1144,=7.1775,=0.0257,=0.0922,=0.0231,=0.0240,=296
="980032",新能电池,2015-02-17,=-0.0164,=16009.4100,=0.0168,=28.5019,=0.4335,=14.3994,=22.1691,=30.5985,=82.7258,=130.4039,=4.0619,=0.4011,=2.4545,=3.3332,=4.3142,=7.7283,=11.8091,=2.1929,=0.4532,=1.1163,=1.6791,=2.2550,=4.9384,=7.8642,=0.0362,=0.1357,=0.0304,=0.0116,=737
="HSHCI",恒生医疗保健指数,2015-08-17,=-0.0107,=3180.2100,=-0.1315,=28.5126,=0.4059,=15.9973,=23.1051,=33.3779,=116.8549,=143059.6617,=2.4531,=0.3661,=1.4805,=2.2494,=2.6402,=3.4864,=7.0432,=1.5397,=0.6786,=0.8149,=1.0211,=1.2886,=1.8605,=3.5391,,=0.0981,,=0.0131,=1725
=".INX",标普500,1957-03-04,=-0.0074,=7553.6800,=0.1035,=28.5794,=0.7954,=15.6907,=21.8286,=24.0783,=28.6380,=42.9883,=5.6628,=0.9984,=2.4601,=3.2278,=3.9436,=4.7450,=5.7044,=3.6267,=0.9984,=1.5801,=2.0854,=2.3707,=3.0336,=3.6541,,,=0.0468,=0.0098,=9157
="000933",中证医药,2009-07-03,=-0.0134,=7068.8200,=-0.1263,=28.5889,=0.2569,=22.6651,=27.9022,=32.4754,=37.5717,=63.0472,=2.6653,=0.0095,=2.5059,=3.2097,=3.9951,=4.6474,=7.0232,=2.4618,=0.1629,=1.9281,=2.5158,=3.0259,=3.5947,=5.1631,=0.0282,=0.0926,=0.0299,=0.0182,=7154
="1000008",沪深B股,1994-01-10,=0.0021,=278.1000,=0.0957,=28.6046,=0.7757,=7.0835,=12.9417,=17.5058,=30.7740,=97.5837,=0.8140,=0.3707,=0.6594,=0.7810,=0.8510,=1.0643,=1.4976,=0.5512,=0.6672,=0.3777,=0.4474,=0.5016,=0.5923,=1.1545,,,=0.0134,=0.0380,=371
="399432",智能汽车,2014-12-30,=-0.0130,=6479.3900,=-0.0451,=28.6688,=0.5753,=12.3799,=17.7952,=23.5543,=66.1739,=131.3343,=3.8602,=0.5596,=1.4019,=2.1767,=3.4880,=6.5272,=11.4939,=2.2030,=0.5930,=0.5888,=0.9095,=1.8587,=4.6106,=8.8483,=0.0329,=0.1377,=0.0319,=0.0117,=17
="930901",动漫游戏,2016-10-18,=-0.0148,=1620.8700,=-0.2343,=28.6834,=0.1574,=17.2478,=29.6468,=42.3817,=277.4682,=4647.5377,=2.9977,=0.5287,=1.7335,=2.2955,=2.8949,=4.0760,=7.9690,=4.7314,=0.4123,=2.8663,=4.2053,=5.0150,=6.8237,=10.0355,=0.0360,=0.1150,=0.0336,=0.0192,=826
="931747",中证储能,2021-10-15,=-0.0279,=8629.0900,=0.0833,=28.7696,=0.5591,=16.6670,=22.1404,=27.8217,=53.6222,=124.6415,=4.7065,=0.5092,=3.1109,=3.9339,=4.6792,=7.0035,=12.5394,=2.4010,=0.6007,=1.2712,=1.6966,=2.2734,=3.7822,=8.7019,=0.0355,=0.1665,=0.0400,=0.0126,=129
="000907",中证700,2007-01-15,=-0.0006,=7219.8700,=0.1154,=28.8116,=0.9868,=13.5964,=17.1394,=19.5530,=24.0435,=35.6383,=2.2380,=0.8186,=1.3201,=1.5883,=1.8281,=2.2187,=2.5821,=1.5908,=0.7839,=0.9663,=1.1767,=1.3274,=1.6136,=1.9854,=0.0223,=0.0692,=0.0213,=0.0170,=265
="000991",全指医药,2011-08-02,=-0.0128,=7639.7500,=-0.1237,=28.9200,=0.1666,=23.5983,=29.4933,=34.3419,=41.0313,=73.5923,=2.6505,=0.0025,=2.5957,=3.1918,=3.8088,=4.7164,=6.5650,=2.4467,=0.0808,=2.0200,=2.6617,=3.0278,=3.7505,=5.9103,=0.0278,=0.0907,=0.0276,=0.0178,=7948
="000913",300医药,2007-07-02,=-0.0150,=6985.5900,=-0.1492,=28.9507,=0.2157,=22.1588,=28.7885,=33.4081,=39.5137,=73.4129,=2.7706,=0,=2.7706,=3.6465,=4.8067,=6.0065,=9.5028,=2.5610,=0.0313,=2.2757,=2.9154,=3.3699,=5.4230,=7.4989,=0.0300,=0.0967,=0.0342,=0.0174,=3372
="931526",企业核心竞争力50,2020-08-24,=-0.0098,=1363.8600,=0.0403,=28.9597,=0.7203,=13.8510,=17.2701,=23.0681,=30.0204,=51.8267,=4.2735,=0.5994,=1.7937,=3.0899,=4.0811,=6.8000,=10.8733,=3.5183,=0.5680,=0.9066,=1.4996,=3.4361,=4.5529,=7.9459,=0.0371,=0.1485,=0.0461,=0.0137,=86
="931524",SHS科技龙头,2020-07-16,=-0.0020,=2982.7900,=0.1098,=29.2636,=0.7283,=18.9033,=23.4657,=26.5859,=35.7745,=59.9125,=3.7298,=0.5508,=2.7731,=3.2880,=3.6683,=5.1774,=9.0190,=2.7662,=0.6073,=1.6886,=2.2562,=2.5464,=4.2637,=7.2475,,=0.1133,,=0.0083,=219
="000978",医药100,2011-03-18,=-0.0117,=9238.2600,=-0.1141,=29.3065,=0.2231,=23.7467,=28.9537,=33.9435,=37.7475,=66.4077,=2.6994,=0.0004,=2.6819,=3.2680,=4.2065,=5.0232,=7.8052,=2.5627,=0.1254,=2.0946,=2.6851,=3.1484,=3.6588,=5.9820,=0.0280,=0.0911,=0.0286,=0.0174,=4709
="399806",环境治理,2014-07-21,=-0.0061,=1418.9900,=0.0231,=29.3769,=0.5002,=17.0172,=24.4003,=29.3758,=36.4844,=50.8764,=1.7832,=0.5080,=1.1727,=1.6053,=1.7759,=2.6119,=4.4901,=1.9546,=0.3299,=1.3064,=1.8397,=2.0855,=3.1199,=5.9378,=0.0205,=0.0536,=0.0189,=0.0160,=847
="399417",新能源车,2014-09-24,=-0.0181,=3914.6000,=0.0063,=29.3825,=0.4619,=14.2186,=20.9718,=30.4218,=56.8057,=106.6289,=3.9796,=0.6416,=1.6630,=2.3823,=3.4503,=4.6595,=9.6468,=2.1950,=0.6565,=0.6730,=1.0543,=1.8500,=2.5683,=6.6041,=0.0339,=0.1319,=0.0293,=0.0120,=2434
="H11052",智能电车,2009-07-22,=-0.0143,=4247.8100,=0.0008,=29.6813,=0.3138,=16.1153,=26.3648,=33.3196,=63.3646,=148.6443,=3.9983,=0.5348,=2.6129,=3.1950,=3.8861,=5.5107,=9.7804,=2.0284,=0.4907,=1.2507,=1.6563,=2.0384,=3.2736,=6.6252,=0.0316,=0.1293,=0.0281,=0.0104,=194
="980027",新能源电池,2015-02-16,=-0.0221,=3661.2100,=0.0837,=29.7217,=0.7236,=16.8641,=20.9864,=24.6403,=30.6067,=35.7610,=4.6892,=0.9389,=2.5249,=3.0222,=3.4512,=4.4025,=5.0238,=3.2498,=0.7972,=1.4888,=1.8935,=2.3945,=3.2558,=3.8612,=0.0376,=0.1513,=0.0348,=0.0139,=93
="932246",储能电池,2022-07-08,=-0.0285,=5145.4200,=0.0693,=29.7474,=0.6774,=13.3190,=20.1543,=26.5209,=33.3773,=40.1514,=4.5871,=0.8799,=2.3139,=2.6670,=3.2334,=4.4458,=5.1292,=3.1015,=0.6900,=1.3666,=1.6725,=2.2726,=3.3092,=3.7523,=0.0403,=0.1439,=0.0321,=0.0136,=66
="399440",国证钢铁,2014-12-30,=-0.0100,=1298.1700,=-0.1261,=29.9073,=0.6957,=5.7530,=9.0864,=18.4249,=37.0084,=695.2734,=1.0092,=0.4289,=0.7172,=0.9159,=1.0522,=1.3592,=2.0509,=0.5090,=0.5905,=0.3277,=0.3893,=0.4570,=0.6243,=1.3827,=0.0058,=0.0382,=0.0096,=0.0238,=467
="931230",汽车零部件,2013-07-15,=0.0076,=1197.6400,=-0.0736,=29.9119,=0.7341,=18.5338,=23.7149,=26.6403,=30.5490,=34.9965,=3.1090,=0.7644,=1.8462,=2.2842,=2.6056,=3.1782,=3.7531,=1.9747,=0.7644,=1.1819,=1.4568,=1.6604,=2.0163,=2.3775,=0.0227,=0.1141,=0.0262,=0.0130,=44
="399698",优势成长,2017-06-15,=-0.0125,=48969.9800,=-0.0606,=30.0370,=0.6601,=14.2338,=18.1904,=22.9494,=35.6500,=66.5130,=2.0821,=0.6422,=1.2178,=1.5069,=1.9131,=2.3044,=2.9395,=2.7955,=0.8300,=0.6634,=1.0568,=1.7043,=2.6003,=4.7303,=0.0192,=0.0690,=0.0052,=0.0138,=41
="399976",CS新能车,2014-11-28,=-0.0187,=4487.1200,=0.0047,=30.2380,=0.3489,=13.8890,=22.9016,=34.6368,=62.1175,=231.2544,=3.8897,=0.4977,=2.0896,=3.0970,=3.8945,=6.2213,=11.9870,=2.2343,=0.4338,=0.7703,=1.7976,=2.3188,=4.1916,=9.1824,=0.0343,=0.1248,=0.0265,=0.0107,=2013
="930997",新能源车,2017-07-19,=-0.0205,=3036.4200,=-0.0003,=30.3764,=0.4608,=14.0460,=20.4292,=31.9324,=84.7627,=171.6022,=3.8969,=0.5425,=1.7502,=2.4193,=3.6663,=6.0951,=11.4567,=2.2394,=0.5267,=0.7652,=1.1963,=2.1498,=3.9283,=8.7389,=0.0346,=0.1243,=0.0266,=0.0107,=1969
="931239",港股通汽车,2022-07-21,=-0.0142,=2296.2200,=-0.0070,=30.4165,=0.9828,=12.1049,=14.2503,=16.6692,=22.6963,=32.0709,=3.3031,=0.9549,=1.2076,=1.4322,=1.5663,=2.0836,=3.5989,=1.6518,=0.9576,=0.6024,=0.6826,=0.7515,=1.0453,=1.7776,,=0.1152,,=0.0130,=48
="000808",医药生物,2012-02-17,=-0.0131,=7246.5900,=-0.1255,=30.4257,=0.3134,=23.4705,=28.3997,=34.6927,=37.8852,=66.3352,=2.7068,=0.0016,=2.6545,=3.2747,=4.1891,=4.9177,=7.9299,=2.5477,=0.1278,=2.0659,=2.6721,=3.1021,=3.5475,=6.2098,=0.0273,=0.0877,=0.0275,=0.0170,=1417
="931250",港股通创新药,2012-07-20,=-0.0117,=905.0200,=-0.0992,=30.4780,=0.0932,=21.4435,=32.6128,=36.4470,=45.2500,=63.0533,=3.0650,=0.6421,=1.5232,=1.8115,=2.3069,=3.8452,=4.5255,=5.1524,=0.6421,=1.4727,=1.7541,=2.2849,=6.5408,=7.7209,,=0.1071,,=0.0095,=112
="931787",港股创新药,2018-08-14,=-0.0119,=1126.9900,=-0.1026,=30.4780,=0.2219,=20.8973,=29.3972,=44.8633,=80.2049,=400.8209,=3.0650,=0.5405,=1.5132,=2.2995,=2.9540,=4.1500,=5.7621,=5.1524,=0.8789,=0.8553,=1.2909,=2.0676,=3.1659,=7.7308,,=0.1071,,=0.0095,=726
="931719",CS电池,2013-07-15,=-0.0191,=4504.0100,=0.0593,=30.7103,=0.2709,=15.7007,=26.6847,=42.3987,=64.6023,=121.8822,=4.4768,=0.6503,=1.9771,=2.9292,=3.9521,=5.7588,=11.8941,=2.9949,=0.4858,=1.2782,=2.0990,=3.0337,=4.7407,=9.5565,=0.0377,=0.1370,=0.0297,=0.0126,=550
="000814",细分医药,2012-04-11,=-0.0123,=7291.7400,=-0.1264,=31.0515,=0.4029,=21.8871,=27.2039,=32.8056,=37.7198,=60.8250,=2.8011,=0.0697,=2.4219,=3.2299,=4.1265,=4.8855,=7.4081,=2.2501,=0.1781,=1.7858,=2.2953,=2.9158,=3.8384,=5.4819,=0.0283,=0.0890,=0.0304,=0.0168,=407
="399394",国证医药,2012-10-29,=-0.0118,=7331.1300,=-0.1362,=31.2282,=0.3282,=22.8656,=29.2541,=34.3181,=39.8130,=65.8576,=2.8808,=0.0091,=2.7032,=3.4490,=4.5048,=5.4654,=8.6075,=2.6157,=0.1472,=1.9890,=2.7193,=3.1632,=4.7547,=6.5385,=0.0285,=0.0916,=0.0308,=0.0166,=1065
="000936",中证电信,2009-07-03,=-0.0017,=14724.8700,=0.4813,=31.2297,=0.5963,=14.1836,=20.2178,=26.5906,=41.2993,=123.1725,=2.8615,=0.8614,=1.2149,=1.7612,=2.3277,=2.7772,=3.6232,=2.7880,=0.9996,=0.7463,=1.0142,=1.2519,=1.7907,=2.7952,=0.0215,=0.0913,=0.0219,=0.0205,=335
="930746",港中小企,2015-08-26,=-0.0154,=2485.3400,=-0.0761,=31.3469,=0.9834,=7.8499,=11.1100,=14.1614,=17.8730,=36.0739,=1.0258,=0.4405,=0.6829,=0.8308,=1.0792,=1.2267,=1.6951,=0.6692,=0.4515,=0.3939,=0.5282,=0.6927,=0.8171,=1.1520,,=0.0299,,=0.0326,=208
="000841",800医药,2012-12-21,=-0.0130,=7312.4200,=-0.1252,=31.7156,=0.4520,=21.4494,=28.0346,=32.3146,=37.6239,=58.1462,=2.8181,=0.0672,=2.4193,=3.1982,=3.8091,=4.3897,=6.5122,=3.7847,=0.6528,=1.7815,=2.8895,=3.4449,=4.3683,=6.1565,=0.0288,=0.0871,=0.0293,=0.0177,=590
="399330",深证100,2006-01-24,=-0.0042,=6853.2900,=0.1781,=31.8247,=0.9753,=14.9910,=20.3720,=22.6447,=26.8752,=38.9547,=3.2446,=0.7460,=1.9919,=2.4968,=2.9372,=3.5438,=5.5535,=2.3320,=0.7476,=1.3434,=1.7250,=2.0967,=2.4344,=4.0791,=0.0278,=0.0897,=0.0269,=0.0166,=2328
="000009",上证380,2010-11-29,=-0.0006,=7202.5000,=0.0933,=31.9120,=0.9068,=11.6192,=14.6240,=18.0435,=25.1263,=40.6416,=2.3422,=0.7790,=1.2909,=1.6341,=1.9524,=2.3766,=2.8641,=1.4781,=0.7794,=0.7850,=0.9356,=1.0814,=1.5211,=1.8994,=0.0195,=0.0662,=0.0205,=0.0152,=865
="930632",CS稀金属,2015-05-12,=-0.0158,=3081.2900,=0.1366,=32.0559,=0.3278,=10.0759,=24.6559,=42.8199,=104.2537,=902.9270,=4.1638,=0.6948,=1.7714,=2.4678,=3.4522,=4.4085,=7.1765,=2.9900,=0.7975,=1.0736,=1.5817,=2.0627,=3.0010,=4.1072,=0.0489,=0.1107,=0.0216,=0.0070,=355
="930791",CS医药TI,2016-03-22,=-0.0131,=8111.4500,=-0.1240,=32.1266,=0.2948,=23.2364,=30.0855,=35.7166,=40.8654,=70.7414,=2.5435,=0.0049,=2.4395,=3.0575,=3.8935,=4.6090,=6.6660,=2.3760,=0.0718,=2.0598,=2.5860,=2.9968,=3.5454,=5.1130,=0.0251,=0.0784,=0.0255,=0.0170,=194
="399005",中小板指,2006-01-24,=0.0021,=9425.8400,=0.1406,=32.1991,=0.6660,=16.1163,=23.0542,=28.5542,=34.0208,=44.0181,=3.2418,=0.3753,=2.0289,=2.7421,=3.4587,=4.3360,=5.3697,=2.2411,=0.4301,=1.3510,=1.8219,=2.3878,=3.3225,=4.1546,=0.0255,=0.0988,=0.0255,=0.0125,=3247
="000949",中证农业,2009-10-28,=-0.0234,=4875.8100,=-0.1578,=32.2151,=0.6388,=14.4444,=21.2919,=29.1169,=36.7819,=1184.8568,=2.3849,=0.0944,=2.0719,=2.5557,=3.2814,=4.0480,=5.2895,=1.2555,=0.2198,=0.8980,=1.1771,=1.7339,=2.0301,=2.8101,=0.0068,=0.0985,=0.0327,=0.0213,=1043
="H30463",沪港深500医药,2014-11-28,=-0.0110,=6642.8000,=-0.1448,=32.2926,=0.2979,=23.3470,=30.9787,=35.4833,=42.6572,=94.1690,=3.0647,=0.0399,=2.7545,=3.5501,=4.4567,=5.5958,=10.0878,=2.9119,=0.2359,=1.9470,=2.8257,=3.3079,=4.1988,=9.3489,,=0.0979,,=0.0147,=34
="930719",CS精准医,2015-08-05,=-0.0127,=2363.4900,=-0.1109,=32.6369,=0.0234,=29.3195,=38.0658,=52.3963,=67.0828,=102.1078,=3.8975,=0.0537,=3.4982,=4.5642,=6.0776,=9.0229,=14.5104,=5.8703,=0.0991,=5.1956,=6.1923,=7.4553,=10.6316,=18.8625,=0.0301,=0.1091,=0.0230,=0.0088,=339
="399315",巨潮中盘,2005-02-03,=-0.0031,=5385.1400,=0.1315,=32.7457,=0.8602,=14.3715,=18.4227,=22.9154,=29.8424,=46.2941,=2.6046,=0.8169,=1.5252,=1.8923,=2.1501,=2.5850,=2.9380,=1.9212,=0.9823,=0.8408,=1.2254,=1.4278,=1.6511,=2.0305,=0.0239,=0.0707,=0.0202,=0.0140,=20
="931579",东证优势成长,2020-11-09,=0.0085,=9970.0500,=0.3063,=32.8519,=0.8858,=7.9327,=14.2121,=19.0628,=29.7710,=61.0103,=6.6343,=0.8984,=0.9149,=2.5888,=3.3867,=5.7999,=9.3390,=4.1113,=0.9081,=1.1828,=2.0481,=2.3460,=3.6163,=6.0793,=0.0548,=0.1983,=0.0468,=0.0098,=133
="1000005",上海非金融A股,1994-01-01,,,,=32.9739,=0.9452,=15.3520,=20.3290,=23.4523,=29.7543,=34.6296,=2.3134,=0.8788,=1.5456,=1.8178,=2.0380,=2.2574,=2.5831,=1.4173,=0.9835,=0.7548,=0.9329,=1.0746,=1.1981,=1.4787,=0.0209,=0.0661,=0.0198,=0.0177,=189
="000994",全指电信,2011-08-02,=-0.0030,=16453.2100,=0.4772,=33.6970,=0.4788,=17.6024,=21.7761,=34.5236,=52.5847,=109.2407,=3.0620,=0.7984,=1.3865,=1.8410,=2.5290,=3.0668,=3.7766,=2.9754,=0.9996,=0.9155,=1.2459,=1.5300,=1.8665,=2.9833,=0.0216,=0.0895,=0.0218,=0.0190,=226
="399008",中小300,2010-03-22,=-0.0001,=1834.9600,=0.1089,=33.8162,=0.7068,=17.8364,=25.4661,=30.4241,=35.5848,=45.5477,=2.9611,=0.4796,=1.7846,=2.4620,=2.9888,=3.8232,=4.7778,=2.0216,=0.4652,=1.1664,=1.6529,=2.0802,=2.8251,=3.8663,=0.0232,=0.0868,=0.0228,=0.0125,=506
="399295",创价值,2019-01-23,=-0.0112,=5722.8300,=0.0605,=33.8604,=0.4192,=20.8863,=26.5648,=39.9932,=56.9873,=73.8741,=5.7954,=0.4916,=3.7254,=4.5959,=5.8367,=8.9984,=11.5385,=4.4939,=0.4125,=2.5684,=3.4726,=5.3897,=9.1645,=12.8251,=0.0387,=0.1758,=0.0398,=0.0132,=610
="930614",环保50,2015-04-07,=-0.0130,=2417.3100,=0.0527,=34.0320,=0.7744,=13.7595,=20.5125,=26.7788,=35.1194,=50.3864,=3.0133,=0.6157,=1.9059,=2.3842,=2.8786,=3.6683,=6.0727,=3.0056,=0.6087,=1.6847,=2.2438,=2.9003,=3.3765,=6.6309,=0.0222,=0.0831,=0.0199,=0.0164,=206
="931798",光伏龙头30,2009-06-16,=-0.0012,=2428.8700,=0.1670,=34.3328,=0.7118,=8.0886,=17.2411,=24.1376,=37.6614,=66.5518,=3.0074,=0.6656,=1.6869,=2.0177,=2.4026,=4.5878,=8.3847,=2.4469,=0.7142,=0.9999,=1.3277,=1.6667,=3.0761,=5.7040,=0.0172,=0.0745,=0.0196,=0.0104,=192
="000977",内地低碳,2011-01-21,=-0.0176,=2183.8000,=0.0476,=34.4240,=0.7798,=13.7595,=20.8967,=26.8104,=35.4182,=50.3864,=3.0234,=0.6305,=1.9264,=2.3844,=2.8712,=3.6471,=6.0727,=3.0196,=0.6445,=1.6847,=2.2202,=2.8369,=3.3944,=6.7765,=0.0220,=0.0823,=0.0200,=0.0163,=386
="931235",中证电信,2022-07-21,=-0.0075,=3359.2400,=0.2388,=34.4520,=0.9989,=15.5242,=18.6624,=21.2894,=25.8988,=34.5251,=3.2187,=0.9989,=0.8741,=1.6330,=1.9014,=2.2653,=3.2255,=3.0333,=0.9989,=0.6427,=1.3757,=1.7096,=2.1059,=3.0397,=0.0216,=0.0917,=0.0212,=0.0182,=59
="931487",SHS人工智能50,2020-05-06,=-0.0115,=2318.3300,=0.0526,=34.6944,=0.7219,=18.6614,=25.5335,=31.5803,=37.3120,=66.0883,=4.7992,=0.5569,=3.0781,=4.0441,=4.6541,=6.4905,=10.5947,=5.1515,=0.4860,=3.3555,=4.4979,=5.1836,=6.8298,=9.5096,,=0.1427,,=0.0076,=72
="399007",深证300,2009-11-04,=-0.0034,=6593.4700,=0.1599,=34.9972,=0.9934,=15.3833,=21.4145,=25.0043,=28.8020,=36.0754,=3.0704,=0.6899,=1.8298,=2.3539,=2.8048,=3.2332,=4.4351,=2.2103,=0.6499,=1.2839,=1.6547,=2.0025,=2.4005,=3.3177,=0.0257,=0.0779,=0.0236,=0.0146,=585
="399376",小盘成长,2010-01-04,=0.0055,=7260.7100,=0.1432,=35.0242,=0.8833,=14.4007,=20.2318,=25.5978,=32.5568,=60.1410,=3.3828,=0.8808,=1.6246,=2.0607,=2.3694,=3.1566,=4.0524,=1.8813,=0.7616,=0.7224,=1.0640,=1.2045,=1.9663,=3.4032,=0.0271,=0.1002,=0.0195,=0.0121,=284
="930965",HKC医药C,2017-06-23,=-0.0109,=2856.5200,=-0.1186,=35.0575,=0.5312,=18.1989,=25.6784,=32.8284,=72.7033,=6384.2329,=2.2126,=0.3212,=1.4216,=1.9406,=2.7076,=3.7037,=6.9841,=1.3145,=0.4832,=0.7160,=1.0290,=1.3274,=1.7339,=3.7092,,=0.0645,,=0.0125,=155
="000812",细分机械,2012-04-11,=-0.0126,=7953.9100,=0.0340,=35.1096,=0.6124,=14.1771,=22.0432,=31.9380,=40.3976,=51.3583,=3.1116,=0.7105,=1.6005,=2.1653,=2.5212,=3.4001,=5.3964,=2.0740,=0.6755,=1.1287,=1.4635,=1.7260,=2.2895,=3.5603,=0.0226,=0.0835,=0.0173,=0.0153,=194
="931733",绿色能源,2021-08-19,=-0.0201,=5348.2500,=0.0223,=35.2332,=0.6232,=12.7308,=19.1035,=32.4305,=41.7773,=65.3510,=3.5101,=0.4901,=2.3311,=2.7845,=3.5281,=5.5468,=8.0150,=2.4032,=0.5471,=1.3651,=1.7520,=2.3161,=4.3951,=7.5185,=0.0248,=0.0932,=0.0189,=0.0140,=25
="399088",深创100,2020-02-18,=-0.0053,=6033.4200,=0.1953,=35.7209,=0.7414,=15.3025,=21.8501,=26.7776,=38.2502,=56.8187,=5.3021,=0.7697,=2.2889,=3.2839,=4.0423,=5.3705,=6.8856,=3.4252,=0.7296,=1.4223,=1.9717,=2.4293,=3.7450,=5.1281,=0.0356,=0.1522,=0.0358,=0.0117,=74
="930721",CS智汽车,2015-08-05,=-0.0004,=5445.9400,=-0.0583,=35.8282,=0.3344,=27.2408,=33.9696,=39.6324,=48.9512,=67.2850,=3.6144,=0.3661,=2.5208,=3.3046,=3.8222,=5.3840,=7.3638,=1.4022,=0.0761,=1.1981,=1.4977,=1.8516,=2.6424,=3.8976,=0.0150,=0.1014,=0.0176,=0.0065,=466
="931186",中证科技,2019-05-30,=-0.0071,=7217.7100,=0.0783,=35.8621,=0.4788,=19.1938,=30.2929,=36.2454,=47.2512,=73.9401,=4.9233,=0.6476,=2.6301,=3.5938,=4.5436,=6.3660,=8.1242,=2.8000,=0.5147,=1.4264,=2.0813,=2.7642,=4.5450,=6.0737,=0.0291,=0.1226,=0.0174,=0.0108,=953
="931456",中国教育,2020-04-21,=-0.0136,=986.9222,=-0.1853,=35.9350,=0,=35.9350,=56.5444,=95.1239,=-131.0391,=28609.2511,=2.6680,=0.3390,=1.5831,=2.4370,=2.9613,=3.9141,=9.7545,=2.6579,=0.1551,=1.7011,=2.8028,=3.3780,=4.8732,=11.2012,,=0.0593,,=0.0083,=168
="H11054",装备产业,2009-07-22,=-0.0047,=3101.1100,=0.0660,=36.3722,=0.7070,=15.6342,=24.4750,=31.7642,=38.5456,=58.0282,=3.1985,=0.7569,=1.6944,=2.1247,=2.6000,=3.3178,=5.1308,=2.2707,=0.7639,=1.2119,=1.4815,=1.8764,=2.3540,=3.6241,=0.0221,=0.0859,=0.0174,=0.0129,=40
="000827",中证环保,2012-09-25,=-0.0158,=1997.9500,=0.0722,=36.4360,=0.8124,=14.0379,=21.0113,=28.2441,=35.3968,=50.6551,=2.9251,=0.6029,=1.7878,=2.2200,=2.8104,=3.3836,=5.4589,=3.0168,=0.6948,=1.6068,=2.0649,=2.7366,=3.2515,=6.2202,=0.0211,=0.0761,=0.0181,=0.0151,=6246
="399850",深证50,2023-10-18,=-0.0029,=10703.3100,=0.1723,=36.4897,=0.9933,=16.5344,=19.9751,=23.2074,=26.9332,=36.7629,=4.1463,=0.9950,=2.5911,=2.9318,=3.2186,=3.6869,=4.1754,=2.3389,=0.9950,=1.3017,=1.4795,=1.6762,=2.0368,=2.3564,=0.0301,=0.0973,=0.0318,=0.0165,=79
="931187",科技100,2019-05-30,=0.0024,=5228.4000,=0.1331,=36.5347,=0.8471,=18.1467,=22.1554,=25.9584,=34.8115,=49.5031,=3.7214,=0.6524,=2.3703,=2.7870,=3.3239,=4.2377,=5.4633,=2.2972,=0.6306,=1.2579,=1.6307,=2.0508,=2.6757,=4.1304,=0.0201,=0.0911,=0.0217,=0.0097,=850
="931409",SHS创新药,2020-02-20,=-0.0102,=1851.9200,=-0.1218,=36.5983,=0.2849,=24.9819,=34.4400,=39.5934,=59.7125,=94.9889,=3.5602,=0.3352,=2.3431,=3.2630,=4.1284,=6.4862,=8.9149,=5.3510,=0.6654,=2.2896,=3.1878,=3.9984,=6.5434,=8.2645,,=0.0994,,=0.0109,=308
="399001",深证成指,1995-01-23,=-0.0027,=15661.5700,=0.1580,=36.6239,=0.9938,=15.9054,=22.8547,=26.5146,=30.6915,=37.9696,=3.0498,=0.6788,=1.7472,=2.2797,=2.7209,=3.2679,=4.0402,=2.1933,=0.6586,=1.2229,=1.6063,=1.9123,=2.3985,=2.9683,=0.0249,=0.0747,=0.0225,=0.0137,=3686
="000905",中证500,2007-01-15,=-0.0006,=8356.7400,=0.1194,=36.6284,=0.8854,=15.7028,=21.2812,=25.5686,=33.2821,=51.1137,=2.5438,=0.8272,=1.3824,=1.7164,=1.9211,=2.4599,=3.1031,=1.7582,=0.8499,=0.8118,=1.0305,=1.1724,=1.6058,=2.2608,=0.0210,=0.0620,=0.0169,=0.0125,=38025
="000982",500等权,2011-06-13,=-0.0035,=9752.3900,=0.0804,=36.6284,=0.8854,=15.7028,=21.2829,=25.5686,=33.2821,=51.1137,=2.5438,=0.8272,=1.3824,=1.7163,=1.9213,=2.4599,=3.1031,=1.7582,=0.8499,=0.8118,=1.0305,=1.1724,=1.6050,=2.2608,=0.0210,=0.0620,=0.0169,=0.0125,=31
="399326",成长40,2006-01-24,=-0.0039,=8937.2000,=0.4037,=36.7921,=0.8528,=11.4413,=22.5069,=27.7029,=32.3129,=67.8360,=8.1896,=0.9563,=2.3502,=3.7081,=4.7157,=6.4046,=10.3842,=4.9772,=0.9918,=1.6605,=2.3239,=3.0447,=3.9060,=5.1844,=0.0646,=0.2161,=0.0378,=0.0088,=272
="399412",国证新能,2014-05-16,=-0.0168,=3072.1000,=0.0377,=36.7978,=0.7130,=13.6858,=20.0843,=24.3495,=40.0619,=66.6027,=3.2962,=0.6887,=1.6349,=2.2652,=2.7155,=3.9698,=7.3016,=2.0423,=0.7097,=0.7993,=1.1783,=1.5239,=2.5873,=5.3757,=0.0217,=0.0862,=0.0211,=0.0124,=360
="399612",中创100,2011-02-28,=-0.0054,=3351.1500,=0.2140,=37.0289,=0.7786,=18.0203,=24.5371,=31.1472,=39.8478,=52.6199,=4.6116,=0.7134,=2.5576,=3.3599,=4.1932,=5.1140,=7.4671,=3.0470,=0.4977,=1.6155,=2.2648,=3.0503,=4.0076,=5.8630,=0.0320,=0.1210,=0.0297,=0.0109,=158
="931406",5G 50,2020-02-20,=0.0107,=3403.0500,=0.5988,=37.2351,=0.8386,=15.2657,=20.5745,=23.3460,=34.2460,=51.5506,=4.0393,=0.8760,=1.5292,=1.9604,=2.4231,=3.7938,=5.3757,=2.7073,=1,=0.9155,=1.4014,=1.5797,=1.8861,=2.7073,=0.0252,=0.1023,=0.0236,=0.0149,=702
="000962",中证中游,2010-04-16,=0.0038,=6088.0300,=0.2918,=37.3271,=0.9963,=12.7529,=17.3536,=20.1642,=27.2879,=38.0461,=3.5085,=0.9984,=1.5782,=1.9009,=2.2338,=2.5715,=3.5590,=1.7377,=0.9979,=0.6672,=0.8352,=0.9841,=1.1319,=1.7655,=0.0222,=0.0826,=0.0192,=0.0106,=15
="930648",CS智消费,2015-06-05,=0.0087,=4369.2700,=0.1932,=37.4171,=0.9175,=15.4538,=22.2407,=24.9391,=31.4585,=51.6043,=4.4490,=0.9093,=2.1406,=2.8085,=3.2135,=3.9645,=5.4486,=2.0217,=0.8713,=0.8328,=1.2861,=1.4784,=1.8405,=2.9491,=0.0253,=0.1077,=0.0239,=0.0121,=26
="931591",1000成长创新,2020-11-09,=-0.0032,=35894.9300,=0.0967,=37.5324,=0.9051,=18.0900,=24.4372,=32.1237,=35.7381,=40.6167,=4.0641,=0.6968,=2.0923,=3.0011,=3.3998,=4.3612,=5.3788,=4.2484,=0.9014,=1.8413,=2.7345,=3.0950,=3.8408,=5.2879,=0.0271,=0.1062,=0.0239,=0.0109,=147
="931746",储能产业,2015-06-11,=-0.0198,=3784.4600,=0.0234,=37.7870,=0.7209,=12.7536,=19.4800,=32.8231,=42.6561,=70.6293,=3.4788,=0.5370,=2.2823,=2.7311,=3.3902,=5.1293,=8.8670,=2.1960,=0.6396,=1.1513,=1.4892,=2.0060,=3.1844,=6.6557,=0.0195,=0.0831,=0.0177,=0.0112,=155
="000171",新兴成指,2017-01-25,=0.0003,=2552.4700,=0.3834,=38.0118,=0.8532,=15.0335,=20.2737,=24.6423,=35.3939,=63.8139,=5.0765,=0.6496,=2.6324,=3.2766,=4.3382,=6.3074,=10.8185,=4.4638,=0.8140,=1.3680,=2.1118,=2.7650,=4.3183,=8.5894,=0.0336,=0.1371,=0.0326,=0.0115,=202
="399389",国证通信,2011-12-02,=0.0011,=12865.2600,=0.5426,=38.1177,=0.4058,=15.1336,=21.7733,=47.9537,=65.1875,=153.7967,=3.2713,=0.8602,=1.3245,=1.8461,=2.4671,=3.0648,=3.9804,=3.1438,=0.9996,=0.9743,=1.4589,=1.6822,=1.8924,=3.1458,=0.0209,=0.0855,=0.0209,=0.0176,=47
="399971",中证传媒,2014-04-15,=-0.0184,=1290.5400,=-0.1234,=38.2052,=0.6594,=18.4593,=27.0874,=34.9207,=44.8455,=90.0483,=2.1797,=0.2318,=1.5359,=2.1332,=2.5767,=3.3262,=5.5544,=2.7144,=0.2313,=1.9674,=2.6592,=3.2021,=4.6939,=7.1445,=0.0163,=0.0602,=0.0206,=0.0193,=6308
="399996",智能家居,2014-09-17,=0.0093,=5352.1800,=0.1642,=38.2485,=0.9216,=17.5405,=23.3761,=27.7580,=33.5601,=47.8369,=4.7232,=0.9860,=2.2523,=2.8549,=3.4652,=4.0987,=5.0256,=2.4139,=0.9658,=1.0942,=1.4673,=1.7629,=2.0688,=2.7965,=0.0273,=0.1118,=0.0260,=0.0131,=206
="932069",港股通医疗主题,2022-07-21,=-0.0129,=877.0300,=-0.1147,=38.9962,=0.8814,=20.9778,=25.6813,=30.0925,=34.6193,=51.0900,=2.1343,=0.5717,=1.4397,=1.6116,=1.9352,=2.6063,=3.0086,=1.1467,=0.6046,=0.6760,=0.7641,=0.9603,=1.4223,=1.6308,,=0.0571,,=0.0131,=16
="930598",稀土产业,2015-03-02,=0.0007,=3020.8400,=0.0763,=39.2578,=0.4800,=21.1133,=29.2013,=39.8385,=71.6775,=288.7421,=3.3961,=0.9200,=1.4810,=1.9699,=2.3148,=3.0256,=4.3047,=1.6319,=0.7748,=0.6656,=0.9718,=1.1868,=1.6661,=2.2389,=0.0350,=0.0883,=0.0227,=0.0093,=730
="HSIDI",恒生创新药指数,2023-01-01,=-0.0147,=2260.8500,=-0.1607,=39.6629,=0.1204,=21.3081,=46.1057,=55.5306,=107.2757,=157.2991,=3.1409,=0.6806,=1.7148,=2.1268,=2.6510,=3.9776,=5.1867,=2.7943,=0.7020,=1.5892,=1.8255,=2.2846,=3.4164,=4.4669,,=0.1014,,=0.0095,=232
="HSSCID",恒生港股通创新药指数,2023-07-01,=-0.0126,=2664.2500,=-0.1577,=39.6629,=0.2263,=20.9262,=38.9002,=44.8595,=61.4087,=216.1774,=3.1409,=0.6704,=1.6870,=2.0079,=2.5580,=4.1126,=5.1867,=2.7943,=0.6564,=1.6002,=1.8688,=2.4067,=3.5635,=4.4669,,=0.1014,,=0.0095,=113
="931994",电网设备主题,2022-10-11,=0.0015,=3569.0700,=0.4146,=39.7021,=0.9604,=15.6741,=19.9291,=22.6698,=26.9509,=44.9431,=3.8526,=0.9695,=1.9713,=2.2893,=2.4467,=2.7650,=4.2080,=2.4580,=0.9672,=1.2895,=1.4766,=1.6053,=1.8051,=2.6890,=0.0214,=0.0975,=0.0200,=0.0095,=243
="H30597",新材料,2015-02-13,=0.0021,=4891.1700,=0.1790,=39.7059,=0.6779,=14.0729,=21.7626,=33.2772,=44.6249,=105.5581,=4.1075,=0.6693,=2.1817,=2.8826,=3.6702,=5.2685,=8.9168,=2.7643,=0.5027,=1.2938,=2.0086,=2.7606,=3.7927,=7.1680,=0.0294,=0.0908,=0.0200,=0.0120,=310
="930712",CS物联网,2015-07-31,=0.0065,=5394.3000,=0.2934,=39.8060,=0.8837,=21.9217,=27.4652,=32.4305,=37.3018,=50.1215,=5.3532,=0.8454,=2.7515,=3.4472,=4.0807,=4.9045,=7.1882,=2.8532,=0.9019,=1.2084,=1.7388,=2.0107,=2.4158,=3.5102,=0.0346,=0.1340,=0.0303,=0.0114,=163
="399364",消费100,2009-08-03,=0.0045,=13516.7700,=0.2522,=39.9937,=0.9534,=15.8540,=22.4323,=26.5156,=33.8478,=49.3766,=5.0130,=0.8293,=2.6561,=3.2842,=3.7493,=4.6483,=7.3266,=2.5802,=0.8211,=1.3127,=1.6566,=1.9035,=2.4584,=4.2956,=0.0306,=0.1191,=0.0345,=0.0127,=311
="H30178",医疗保健,2013-07-15,=-0.0176,=12166.3800,=-0.1037,=40.7554,=0.4099,=19.5848,=32.8016,=45.4831,=66.0305,=123.2936,=2.6681,=0.0004,=2.6575,=3.4230,=5.6006,=7.4864,=12.4381,=4.4571,=0.0012,=4.3601,=5.4288,=6.4652,=8.1023,=14.2518,=0.0196,=0.0653,=0.0216,=0.0148,=553
="1000011",A股非金融,1994-01-10,,,,=40.9085,=0.9340,=17.5718,=25.5269,=28.6060,=37.6445,=43.6945,=2.6705,=0.7616,=1.6561,=2.0403,=2.3286,=2.6944,=2.9749,=1.6890,=0.9245,=0.9476,=1.1421,=1.3066,=1.5706,=1.8156,=0.0205,=0.0612,=0.0189,=0.0146,=805
="987018",港股通创新药,2021-11-18,,,=-0.1125,=41.0617,=0.3549,=22.9379,=35.5903,=50.8120,=96.3226,=537.2167,=3.1982,=0.4960,=1.6768,=2.2891,=3.2218,=4.1734,=6.0885,=4.9034,=0.3845,=2.6005,=3.5316,=5.3189,=7.1026,=12.1954,,=0.0844,,=0.0090,=312
="931152",CS创新药,2019-04-22,=-0.0109,=1640.0200,=-0.1342,=41.1967,=0.3786,=27.6044,=36.6434,=43.2422,=53.2287,=74.6844,=3.3934,=0.2232,=2.5551,=3.3401,=4.1978,=5.9544,=8.7449,=4.9352,=0.7159,=2.2436,=2.9114,=3.3949,=5.6142,=9.4897,=0.0271,=0.0786,=0.0224,=0.0118,=1866
="H30217",医疗器械,2013-07-15,=-0.0173,=8796.8900,=-0.1040,=41.4257,=0.5369,=17.1055,=29.5762,=39.4572,=57.6819,=82.8778,=2.6086,=0.0012,=2.5693,=3.2780,=4.8596,=6.6339,=11.6091,=4.7885,=0.0379,=4.1030,=5.3705,=6.0867,=8.2841,=13.3528,=0.0184,=0.0626,=0.0209,=0.0152,=1318
="931718",高端造质量成长50,2021-08-25,=0.0019,=3873.0800,=0.3402,=41.6967,=0.9072,=16.3078,=22.0458,=28.7433,=36.4715,=49.4696,=6.4655,=0.8864,=3.1255,=3.9061,=4.8147,=5.7893,=8.1954,=3.9694,=0.8630,=1.7207,=2.2396,=2.9272,=3.6496,=5.3327,=0.0328,=0.1450,=0.0326,=0.0086,=27
="399625",中创500,2011-08-15,=-0.0026,=2888.9500,=0.1856,=41.9618,=0.8334,=20.4615,=28.9847,=35.6912,=41.1666,=52.5750,=4.0888,=0.7047,=2.1192,=2.8827,=3.5469,=4.3452,=5.2667,=2.9152,=0.6037,=1.4713,=2.0764,=2.6286,=3.4580,=4.5526,=0.0265,=0.0951,=0.0239,=0.0100,=164
="931785",智选沪深港科技50,2025-06-27,=0.0003,=2838.3000,=0.1901,=42.0143,=0.9788,=31.7791,=34.7462,=36.9080,=38.9287,=42.8494,=5.7587,=0.9661,=3.8679,=4.3242,=4.7665,=5.1702,=5.8703,=3.6924,=0.9661,=2.2695,=2.5761,=2.9473,=3.2635,=3.7658,,,,=0.0072,=8
="399276",创科技,2020-10-26,=-0.0093,=10152.8200,=0.2528,=42.3468,=0.6261,=20.4624,=26.4427,=37.5828,=59.0888,=84.1667,=7.5041,=0.7515,=3.5855,=4.4178,=5.7771,=8.6654,=12.0896,=5.8406,=0.7085,=2.4145,=3.2690,=4.6819,=8.9064,=12.2359,=0.0430,=0.1724,=0.0380,=0.0099,=10
="399101",中小综指,2005-12-01,=-0.0023,=15729.2200,=0.0814,=42.3651,=0.6272,=22.7937,=34.4929,=40.6783,=47.4020,=65.2068,=2.9197,=0.5592,=1.7151,=2.3689,=2.8051,=3.4484,=4.7418,=2.0001,=0.4870,=1.1654,=1.6542,=2.0207,=2.6088,=3.9938,=0.0208,=0.0674,=0.0195,=0.0112,=25
="930771",CS新能源,2015-12-16,=-0.0047,=2972.0200,=0.1040,=42.3938,=0.7206,=11.2377,=23.2138,=34.3252,=45.1164,=62.8342,=3.0721,=0.5886,=1.7615,=2.1615,=2.8684,=3.9117,=7.2156,=2.6561,=0.6706,=1.2791,=1.6699,=2.2033,=3.1019,=6.6822,=0.0221,=0.0668,=0.0165,=0.0112,=31
="399808",中证新能,2015-02-10,=-0.0165,=2954.8300,=0.0497,=42.3938,=0.6577,=11.2377,=23.4990,=36.7531,=46.4887,=62.8342,=3.0721,=0.5728,=1.7615,=2.1712,=2.9358,=3.8504,=7.2277,=2.6561,=0.6928,=1.2791,=1.6778,=2.2576,=3.0254,=6.6822,=0.0221,=0.0668,=0.0165,=0.0112,=1293
="931688",中证算力,2022-07-21,=-0.0047,=4893.6100,=0.5569,=42.4625,=0.9987,=18.0036,=20.6922,=23.5001,=31.8146,=42.7440,=4.4168,=0.9987,=1.6529,=1.8942,=2.2523,=3.2828,=4.4461,=3.1783,=0.9987,=1.3731,=1.5863,=1.7970,=2.4315,=3.1994,=0.0245,=0.1011,=0.0224,=0.0138,=100
="931783",智能驾驶,2022-02-21,=-0.0069,=1458.0100,=-0.0286,=42.4720,=0.3260,=31.9944,=40.1446,=46.8424,=70.1629,=98.5983,=3.5001,=0.3971,=2.5981,=3.3342,=3.5763,=3.9704,=4.9384,=1.8850,=0.4144,=1.3276,=1.7244,=1.9381,=2.1277,=2.7953,=0.0149,=0.0928,=0.0256,=0.0083,=9
="1000012",中小板全指,2005-12-01,=-0.0023,=15729.2200,=0.0814,=42.4883,=0.5847,=22.6352,=35.3655,=41.3112,=48.8850,=73.8161,=2.9319,=0.5546,=1.7125,=2.3729,=2.8170,=3.4784,=4.7425,=1.9703,=0.4825,=1.1448,=1.6386,=2.0047,=2.6057,=3.9859,=0.0209,=0.0671,=0.0194,=0.0112,=566
="931672",风电产业,2021-04-29,=-0.0047,=2051.0200,=0.1643,=42.6548,=0.9838,=16.8665,=21.0945,=24.1898,=29.1587,=45.5856,=2.3412,=0.7299,=1.3490,=1.6703,=1.9817,=2.5029,=3.5946,=2.8498,=0.8751,=1.4458,=1.8887,=2.1369,=2.6976,=3.3215,=0.0166,=0.0571,=0.0184,=0.0090,=60
="980015",疫苗生科,2015-02-16,=-0.0165,=5285.9500,=-0.1591,=43.8922,=0.5310,=24.1714,=31.1328,=42.3711,=53.6550,=80.8207,=3.2322,=0.0438,=2.9980,=3.5866,=4.1477,=6.9066,=11.0606,=5.7225,=0.3051,=4.5746,=5.4806,=6.3990,=9.4665,=15.0694,=0.0223,=0.0693,=0.0219,=0.0117,=73
="930726",CS生医,2015-08-05,=-0.0151,=2102.1000,=-0.1392,=44.2462,=0.4214,=24.4874,=31.9329,=48.6936,=62.2723,=107.1179,=3.7283,=0.0627,=3.1768,=4.4393,=6.8968,=8.5259,=14.2976,=6.6340,=0.1711,=4.8871,=6.8733,=9.9761,=12.5690,=19.9452,=0.0287,=0.0766,=0.0261,=0.0103,=833
="931447",科技先锋,2020-04-21,=-0.0104,=3429.6600,=0.1114,=44.3505,=0.7146,=19.0346,=27.1251,=36.6416,=47.7388,=82.3567,=5.1287,=0.6808,=2.7045,=3.4012,=4.2620,=6.7332,=10.6025,=2.7398,=0.6343,=1.4804,=1.9081,=2.3975,=3.7340,=7.0848,=0.0256,=0.0990,=0.0202,=0.0096,=18
="399667",创业成长,2013-01-07,=-0.0062,=7700.1900,=0.3933,=44.7417,=0.7373,=21.3636,=29.5830,=38.5910,=51.7989,=90.9628,=8.0271,=0.8392,=2.9224,=4.0916,=4.8759,=7.3527,=10.8589,=5.6537,=0.6689,=2.4713,=3.4035,=4.6724,=6.8885,=10.3001,=0.0481,=0.1635,=0.0355,=0.0078,=81
="399285",物联网50,2020-02-18,=-0.0003,=8599.1400,=0.3613,=45.7131,=0.9668,=21.8675,=26.3758,=31.3404,=38.2023,=48.8450,=6.2885,=0.9882,=2.6765,=3.4072,=3.9998,=5.2684,=6.4883,=4.1009,=0.9993,=1.7407,=2.0170,=2.4113,=3.0986,=4.1014,=0.0353,=0.1364,=0.0304,=0.0099,=93
="930743",中证生科,2015-08-26,=-0.0150,=2809.5900,=-0.1468,=46.9897,=0.4070,=24.0733,=39.5208,=50.2292,=59.8284,=100.3520,=3.1591,=0.0153,=2.9526,=3.8835,=6.1717,=8.0612,=14.6705,=5.5797,=0.0532,=4.7455,=6.2903,=8.8850,=12.4379,=18.8359,=0.0226,=0.0618,=0.0204,=0.0107,=1219
="399293",创业大盘,2019-04-18,=-0.0098,=8440.1500,=0.3024,=47.1710,=0.6673,=20.6573,=29.3766,=41.1195,=54.3810,=71.9327,=7.4471,=0.6844,=3.4452,=4.6986,=6.2209,=9.2503,=13.4901,=6.0917,=0.5944,=2.8408,=3.9972,=5.6705,=9.9457,=14.8309,=0.0411,=0.1554,=0.0377,=0.0089,=180
="930651",CS计算机,2015-06-05,=-0.0127,=7803.7800,=0.0064,=47.2441,=0.2755,=33.6687,=44.4513,=56.9223,=67.2741,=115.0591,=4.7862,=0.6561,=2.6283,=3.7942,=4.3706,=5.1259,=6.5144,=2.8368,=0.1480,=2.0877,=2.9153,=3.6398,=4.3168,=5.6880,=0.0244,=0.0892,=0.0073,=0.0095,=641
="399296",创成长,2019-01-23,=-0.0016,=9469.4200,=0.5194,=47.4325,=0.6150,=22.4911,=30.6763,=43.2822,=64.1277,=104.6935,=10.0386,=0.7738,=3.9463,=4.9252,=6.9331,=10.6103,=14.9802,=7.2548,=0.6813,=2.5417,=3.4548,=5.8104,=12.0432,=17.3385,=0.0584,=0.2040,=0.0396,=0.0070,=1058
="000998",中证TMT,2011-11-08,=0.0108,=3918,=0.3324,=47.6996,=0.9254,=18.9989,=27.6163,=34.6442,=43.6265,=58.6698,=4.8620,=0.9761,=1.9674,=2.4618,=3.2922,=3.9663,=5.2875,=3.4634,=1,=1.2505,=1.8092,=2.1801,=2.6031,=3.4634,=0.0233,=0.0900,=0.0196,=0.0109,=554
="931159",创新100,2019-05-16,=0.0031,=4381.1500,=0.2883,=47.8745,=0.8702,=24.8309,=32.2666,=36.0914,=46.3704,=59.7307,=5.8022,=0.8713,=2.9189,=3.6905,=4.3566,=5.5100,=7.4325,=4.6073,=0.7731,=2.3351,=3.1601,=3.7678,=4.8370,=6.6085,=0.0278,=0.1244,=0.0278,=0.0081,=228
="930662",CS现代农,2015-07-13,=-0.0254,=880.5100,=-0.1779,=47.9402,=0.7123,=13.0417,=20.4793,=28.3970,=61.7056,=301.1137,=2.1237,=0.0425,=1.8555,=2.5277,=2.8413,=3.1463,=4.3308,=0.9258,=0.0526,=0.8273,=1.0216,=1.1721,=1.5564,=2.1026,=-0.0091,=0.0850,=0.0345,=0.0251,=49
="399441",生物医药,2015-01-20,=-0.0150,=1836.0800,=-0.1444,=48.1945,=0.5068,=21.8350,=32.3563,=47.8223,=64.8819,=119.0737,=2.8160,=0.0779,=2.3073,=3.4096,=6.3606,=7.8152,=13.6606,=5.4469,=0.1468,=3.6424,=5.9038,=9.5375,=14.0572,=21.5399,=0.0194,=0.0565,=0.0192,=0.0125,=1676
="399006",创业板指,2010-06-01,=-0.0083,=4088.8800,=0.2765,=48.5239,=0.6511,=22.8885,=32.3387,=42.0386,=55.4747,=79.6826,=6.5778,=0.8058,=3.0035,=4.0151,=4.8501,=6.5189,=9.5804,=4.8443,=0.5670,=2.3312,=3.4103,=4.5418,=6.4500,=8.4805,=0.0369,=0.1330,=0.0313,=0.0085,=16500
="399803",工业4.0,2015-02-13,=0.0142,=6815.3100,=0.2670,=48.5828,=0.8169,=19.7294,=27.9595,=36.1500,=47.7778,=62.0492,=5.6219,=0.8025,=2.6645,=3.4308,=4.3466,=5.6116,=8.0266,=2.7192,=0.5699,=1.5023,=2.0108,=2.5353,=3.2631,=4.8981,=0.0258,=0.1072,=0.0218,=0.0082,=485
="399673",创业板50,2014-06-18,=-0.0107,=4439.7700,=0.3096,=48.6797,=0.6738,=20.6075,=30.6784,=42.5432,=57.5500,=106.7499,=7.8277,=0.8243,=3.1473,=4.3234,=5.2416,=7.4325,=11.7288,=6.1769,=0.6705,=2.6907,=4.1383,=5.4999,=7.8481,=13.3154,=0.0447,=0.1569,=0.0355,=0.0079,=5484
="930986",金融科技,2017-06-22,=-0.0147,=2415.8700,=-0.2260,=48.6894,=0.3637,=32.2484,=42.9233,=55.7876,=81.7078,=257.1796,=4.3907,=0.3692,=2.5474,=4.0122,=4.7050,=5.8272,=7.7786,=6.2169,=0.7099,=2.9625,=3.8681,=4.7455,=7.0211,=9.8281,=0.0192,=0.0872,=0.0151,=0.0081,=252
="930599",中证高装,2015-03-02,=0.0049,=11102.1700,=0.3172,=49.9805,=0.8804,=19.5438,=27.7467,=34.6585,=45.4643,=65.7817,=4.7867,=0.9984,=1.8509,=2.5592,=3.1109,=3.6656,=4.8579,=2.7072,=0.9843,=1.2322,=1.6106,=1.9489,=2.4242,=2.8921,=0.0227,=0.0865,=0.0192,=0.0080,=114
="399316",巨潮小盘,2005-02-03,=0.0019,=6752.6600,=0.1230,=50.1713,=0.9443,=17.4883,=24.6121,=29.2581,=38.1914,=58.4724,=2.4540,=0.8033,=1.3049,=1.7086,=1.9640,=2.4501,=3.2926,=1.5611,=0.7604,=0.7478,=1.0120,=1.2294,=1.6926,=2.5759,=0.0167,=0.0444,=0.0142,=0.0110,=22
="1000003",深圳A股,1994-01-01,=-0.0041,=2801.2500,=0.1068,=50.4080,=0.9118,=20.1337,=32.6807,=37.4310,=46.7258,=60.3260,=3.0522,=0.6738,=1.7026,=2.2996,=2.6855,=3.2405,=3.9166,=2.2189,=0.6689,=1.2021,=1.6469,=1.9189,=2.3927,=3.2018,=0.0203,=0.0553,=0.0180,=0.0114,=1821
="399959",军工指数,2011-08-30,=0.0018,=1681.6200,=-0.0737,=50.7092,=0.1946,=34.5950,=50.8272,=60.9409,=73.6218,=167.2472,=2.9871,=0.3178,=2.0269,=2.6530,=3.2659,=4.0402,=5.9912,=2.7099,=0.1991,=2.1044,=2.7134,=3.3277,=3.8912,=5.2606,=0.0143,=0.0591,=0.0108,=0.0074,=4
="399624",中创400,2011-08-15,=0.0006,=2946.8300,=0.1462,=51.1940,=0.8375,=22.4097,=32.9060,=40.4838,=48.7013,=82.4491,=3.4804,=0.8210,=1.6720,=2.4135,=2.8490,=3.4206,=5.3458,=2.7347,=0.8210,=1.2865,=1.8978,=2.2295,=2.7065,=4.6386,=0.0199,=0.0651,=0.0174,=0.0086,=230
="930820",CS高端制,2016-05-11,=0.0055,=10698.9700,=0.2637,=52.2931,=0.9909,=21.5994,=28.9923,=36.5596,=42.6032,=53.9836,=4.6166,=0.9736,=2.0597,=2.7148,=3.1883,=3.8620,=4.9567,=2.9841,=0.9959,=1.1980,=1.7166,=2.0514,=2.4668,=3.0730,=0.0220,=0.0816,=0.0186,=0.0079,=310
="000958",创业成长,2010-03-24,=0.0082,=2188.2300,=0.3652,=54.2171,=0.9996,=11.9506,=17.5032,=24.3293,=30.6864,=54.4971,=10.6023,=0.9996,=2.6815,=3.7899,=5.1668,=6.3436,=10.6234,=6.6163,=0.9996,=1.2937,=1.9105,=2.5442,=3.9715,=6.6505,=0.0493,=0.2198,=0.0640,=0.0054,=666
="000852",中证1000,2014-10-17,=-0.0015,=8420.0900,=0.1086,=54.6948,=0.8903,=18.9344,=30.9274,=37.8109,=48.0591,=81.8025,=2.7895,=0.7381,=1.4880,=2.1060,=2.4394,=2.9417,=4.2563,=1.9198,=0.7860,=0.9250,=1.3827,=1.5867,=1.9635,=3.5402,=0.0158,=0.0499,=0.0155,=0.0094,=7315
="399970",移动互联,2014-05-05,=0.0097,=5433.3500,=0.2179,=56.0990,=0.9559,=21.2604,=32.0602,=40.2094,=49.4546,=64.0807,=5.8523,=0.8322,=2.3944,=3.2977,=4.0649,=5.6677,=7.9573,=3.1706,=0.7670,=1.5790,=2.0679,=2.5539,=3.2908,=4.6665,=0.0246,=0.0808,=0.0175,=0.0068,=469
="930821",中证VR,2016-05-11,=0.0197,=3872.8800,=0.2129,=56.2480,=0.8043,=17.6816,=31.5465,=43.0479,=55.7859,=175.0572,=3.8505,=0.7655,=1.7358,=2.3298,=2.8617,=4.0757,=5.0269,=2.2666,=0.6586,=1.1117,=1.4737,=1.9060,=2.8871,=3.7313,=0.0113,=0.0443,=0.0138,=0.0070,=146
="399610",TMT50,2010-11-08,=0.0144,=13608.7100,=0.4202,=56.5756,=0.9790,=21.0331,=30.1605,=38.0622,=46.3605,=64.7172,=7.4554,=1,=2.4071,=3.2240,=4.0363,=5.1272,=7.4554,=4.1289,=0.9282,=1.5843,=2.0120,=2.7280,=3.7049,=4.9386,=0.0296,=0.1080,=0.0206,=0.0063,=517
="930606",中证钢铁,2015-03-31,=-0.0071,=1008.0700,=-0.1347,=58.5688,=0.7649,=5.9346,=9.2015,=19.0117,=101.8093,=77593.1899,=0.9941,=0.3678,=0.7076,=0.9198,=1.0624,=1.3566,=2.0450,=0.4715,=0.5282,=0.2931,=0.3819,=0.4577,=0.6258,=1.2948,=0.0020,=0.0221,=0.0071,=0.0233,=763
="931165",新兴科技100,2019-04-25,=0.0038,=10735.7700,=0.2616,=59.4646,=1,=17.0055,=23.2461,=29.2501,=39.1077,=59.4646,=11.4252,=1,=3.5721,=4.3334,=5.3164,=7.5155,=11.4252,=10.6805,=1,=3.0368,=3.6469,=4.8114,=6.2822,=10.6805,=0.0515,=0.1919,=0.0378,=0.0058,=518
="H30535",互联网,2015-01-12,=-0.0038,=6670.6100,=0.3756,=59.6991,=0.9868,=14.4753,=20.8189,=35.2705,=47.6368,=65.8357,=7.7101,=0.9996,=1.7453,=2.4401,=3.2088,=4.0147,=7.7383,=4.7283,=0.9996,=1.1519,=1.6628,=1.9694,=2.8238,=4.7456,=0.0359,=0.1165,=0.0168,=0.0059,=22
="931087",科技龙头,2019-03-20,=0.0109,=7610.9700,=0.4480,=60.1123,=0.9788,=22.2848,=33.5876,=40.3490,=51.1821,=64.5538,=8.0246,=0.9886,=2.8190,=4.2133,=5.2689,=6.4570,=8.4597,=6.2314,=0.9931,=2.0316,=3.3069,=3.9471,=4.8914,=6.4338,=0.0321,=0.1080,=0.0209,=0.0049,=2083
="399994",信息安全,2015-03-12,=-0.0151,=1690.5900,=-0.0727,=60.3599,=0.3938,=35.0629,=52.8202,=67.0359,=85.7906,=183.5630,=3.4899,=0.2767,=2.3256,=3.3624,=3.8829,=4.5792,=6.2767,=2.6249,=0.0643,=2.1829,=2.8942,=3.2658,=3.8380,=5.1182,=0.0078,=0.0539,=0.0040,=0.0119,=87
="930707",中证畜牧,2015-07-13,=-0.0251,=1816.1000,=-0.1772,=61.1106,=0.7212,=11.3375,=17.7937,=26.8852,=113.3570,=237.1331,=2.1204,=0,=2.1204,=2.6915,=3.3163,=4.2745,=5.8838,=0.8775,=0.0136,=0.8185,=1.0428,=1.4368,=2.0957,=2.9452,=-0.0138,=0.0829,=0.0347,=0.0262,=1191
="931696",科技50策略,2021-07-12,=0.0052,=28949.1300,=0.4371,=61.7158,=1,=23.0047,=27.7190,=33.5818,=42.8392,=61.7158,=9.7578,=0.9992,=3.0567,=3.9035,=4.4210,=6.9924,=9.7885,=5.3189,=0.9697,=1.9010,=2.3594,=2.6570,=4.0684,=6.7093,=0.0396,=0.1271,=0.0285,=0.0051,=12
="980030",消费电子,2015-02-17,=0.0283,=10613.2600,=0.4607,=62.4405,=0.9985,=18.6467,=31.5554,=38.6680,=47.1269,=62.6236,=5.2419,=0.9872,=2.0026,=2.5921,=2.9774,=4.1437,=5.7500,=2.6535,=0.9026,=1.1413,=1.3967,=1.5701,=2.2963,=3.4515,=0.0190,=0.0648,=0.0154,=0.0056,=378
="980022",机器人产业,2015-02-25,=0.0061,=2594.1700,=-0.0225,=63.7865,=0.8509,=13.7974,=16.6212,=20.0983,=41.9556,=93.9438,=5.1644,=0.8825,=2.5198,=3.0521,=3.5871,=4.7407,=6.2730,=4.2966,=0.8444,=1.0172,=1.2341,=1.4227,=3.6184,=5.9220,=0.0186,=0.0892,=0.0245,=0.0051,=288
="899050",北证50,2022-11-21,=-0.0128,=1230.2600,=-0.1459,=64.4414,=0.7427,=15.5447,=18.3080,=30.8667,=67.0826,=91.3357,=4.1247,=0.5883,=2.0170,=2.4261,=2.9345,=4.9764,=5.6644,=3.2497,=0.5696,=1.3969,=1.6950,=2.0602,=4.1265,=5.1557,=0.0174,=0.0675,=-0.0021,=0.0080,=734
="000915",300信息,2007-07-02,=0.0143,=4500.3900,=0.3845,=64.5968,=0.9942,=20.6178,=34.5626,=39.6349,=47.6080,=68.0661,=7.6057,=0.9988,=2.7398,=3.5399,=4.3417,=5.3508,=7.7095,=3.7045,=0.6540,=1.6744,=2.1697,=3.2147,=4.1012,=4.9963,=0.0247,=0.0971,=0.0166,=0.0060,=18
="399291",创精选88,2019-11-06,=-0.0017,=5379.6500,=0.1775,=65.4296,=0.8019,=32.8940,=42.0910,=54.2567,=65.3084,=106.4385,=4.3024,=0.8735,=1.8895,=2.8545,=3.4026,=3.9294,=4.9331,=4.7595,=0.9182,=1.9655,=2.6207,=3.0935,=4.2906,=5.5728,=0.0173,=0.0556,=0.0131,=0.0069,=40
="931380",科技50,2019-11-25,=0.0113,=4411.8100,=0.3963,=65.4653,=0.9658,=22.4426,=31.1413,=45.6547,=56.4930,=71.9143,=7.5167,=0.8335,=2.7627,=3.8582,=5.3263,=7.3690,=9.9144,=6.1413,=0.9095,=2.1802,=3.0545,=4.0636,=5.5880,=7.7525,=0.0253,=0.0951,=0.0118,=0.0061,=947
="399303",国证2000,2014-03-28,=-0.0030,=10943.0100,=0.0992,=65.9608,=0.9122,=23.3937,=36.3012,=42.0166,=53.4533,=96.7185,=2.9790,=0.8429,=1.4941,=2.0787,=2.2975,=2.7668,=4.2124,=2.2531,=0.8363,=1.0643,=1.3926,=1.5530,=2.1216,=3.4322,=0.0140,=0.0453,=0.0143,=0.0084,=709
="931643",科创创业50,2021-06-01,=-0.0032,=2850.1900,=0.4288,=66.6107,=0.8879,=22.6109,=28.4281,=39.8249,=57.2112,=92.9106,=8.7113,=0.8763,=3.3216,=4.1717,=5.1512,=7.0330,=12.1685,=7.9008,=0.8401,=2.7030,=3.3952,=4.5877,=6.9751,=14.6821,=0.0368,=0.1190,=0.0246,=0.0060,=1943
="930875",空天军工,2016-08-17,=0.0054,=2304.5500,=-0.0475,=66.7206,=0.6603,=27.3832,=45.4256,=55.3807,=73.2938,=98.7933,=3.6672,=0.5233,=2.4052,=3.1525,=3.6175,=4.9471,=7.9650,=3.2476,=0.4032,=2.1274,=2.8892,=3.7082,=4.5354,=7.7673,=0.0090,=0.0567,=0.0104,=0.0066,=104
="931079",5G通信,2019-04-25,=0.0120,=3264.4300,=0.6933,=66.7351,=0.9983,=21.0709,=27.5537,=33.3596,=43.7711,=103.6981,=9.4671,=1,=2.3623,=3.0351,=3.6013,=5.2222,=9.4671,=3.8261,=1,=1.1916,=1.4860,=1.8643,=2.3151,=3.8261,=0.0389,=0.1398,=0.0276,=0.0049,=2265
="930850",智能制造,2016-07-20,=0.0122,=6398.8800,=0.3367,=67.0560,=0.9970,=23.4329,=32.5658,=41.3468,=49.9360,=69.7346,=6.6074,=0.9983,=2.5370,=3.5020,=4.1229,=5.0424,=6.8495,=3.8257,=0.8399,=1.5919,=2.3465,=2.7677,=3.5270,=5.3954,=0.0208,=0.0857,=0.0160,=0.0060,=360
="931461",电子50,2009-07-22,=0.0184,=8590.2900,=0.4572,=67.3002,=0.9979,=20.3357,=30.2775,=36.3324,=47.6698,=68.5957,=7.7465,=0.9988,=2.5323,=3.1789,=3.6808,=5.2337,=7.8706,=3.7949,=0.9518,=1.1588,=1.7975,=2.0580,=3.0371,=4.5428,=0.0239,=0.0884,=0.0169,=0.0055,=437
="930713",CS人工智,2015-07-31,=-0.0069,=6960.2800,=0.3177,=67.7834,=0.8953,=24.8131,=43.8200,=53.2725,=62.6714,=90.1869,=9.0887,=0.9992,=2.8384,=3.9100,=4.7027,=5.4124,=9.1508,=6.3537,=0.9988,=2.3148,=3.1674,=3.7880,=4.3084,=6.3979,=0.0330,=0.1245,=0.0172,=0.0048,=1024
="931845",生猪产业,2012-04-11,=-0.0210,=1045.2000,=-0.2043,=68.2563,=0.7786,=12.7881,=21.1629,=29.0076,=101.0404,=705.7713,=2.3790,=0,=2.3790,=2.8988,=3.5000,=4.1514,=5.7536,=0.8944,=0.0058,=0.8594,=1.0420,=1.6525,=2.1723,=2.8287,=-0.0154,=0.0788,=0.0361,=0.0295,=163
="930652",CS电子,2015-06-05,=0.0194,=13950.3100,=0.4222,=68.2592,=0.9946,=21.2056,=33.8173,=43.2207,=51.5492,=71.5815,=7.4466,=0.9984,=2.2039,=3.1461,=3.6462,=4.7532,=7.6031,=3.9787,=0.9967,=1.4014,=2.0216,=2.2932,=3.0302,=4.1010,=0.0249,=0.0838,=0.0162,=0.0052,=473
="931494",消费电子,2020-06-12,=0.0162,=7486.5600,=0.4719,=68.7148,=0.9979,=20.2625,=31.5348,=38.4298,=50.8769,=69.6359,=7.1360,=0.9986,=2.1307,=2.8095,=3.4738,=5.0254,=7.2195,=3.4422,=0.9986,=1.3000,=1.6448,=1.9432,=2.5910,=3.4883,=0.0228,=0.0807,=0.0166,=0.0053,=222
="399363",云科技,2009-08-03,=0.0081,=14957.5600,=0.6009,=69.3444,=0.9951,=25.0041,=36.0760,=41.7441,=49.5665,=74.9161,=11.0293,=0.9996,=3.0187,=3.9521,=4.6836,=5.6349,=11.0528,=4.4958,=0.9963,=1.6015,=2.2265,=3.0792,=3.7617,=4.5583,=0.0491,=0.1469,=0.0254,=0.0051,=284
="399973",中证国防,2014-04-15,=0.0031,=1758,=-0.0548,=69.4660,=0.7373,=28.8580,=43.6048,=54.2028,=73.0081,=114.4667,=3.5837,=0.5027,=2.3880,=3.0104,=3.5804,=4.9227,=7.7047,=3.3239,=0.4008,=1.9566,=2.7338,=3.8970,=4.5657,=7.1179,=0.0086,=0.0535,=0.0095,=0.0064,=633
="399368",国证军工,2009-11-04,=0.0043,=8031.0400,=-0.0577,=69.5527,=0.6247,=38.1822,=54.2867,=63.7416,=78.3589,=107.0849,=3.3391,=0.6788,=2.0244,=2.5859,=3.0404,=3.5692,=4.3940,=3.2081,=0.5105,=1.8459,=2.5701,=3.1931,=3.6960,=4.8014,=0.0129,=0.0477,=0.0081,=0.0058,=12
="931009",建筑材料,2013-07-15,=-0.0077,=5694.5000,=-0.0931,=69.9724,=0.9844,=8.0662,=10.3911,=14.5105,=24.7876,=95.7816,=0.9182,=0.0638,=0.7557,=1.0180,=1.5138,=1.9971,=2.4800,=1.0176,=0.2541,=0.6904,=0.9627,=1.1640,=1.5178,=2.1670,=-0.0025,=0.0109,=-0.0006,=0.0258,=739
="931066",军工龙头,2018-02-05,=-0.0020,=3025.6400,=-0.1242,=69.9970,=0.8829,=29.1719,=34.9089,=42.7436,=52.0797,=100.5281,=3.2521,=0.2520,=2.2914,=3.1491,=3.6939,=4.6255,=6.9932,=2.9724,=0.2981,=2.1745,=2.8218,=3.4578,=4.1940,=5.8746,=0.0067,=0.0495,=0.0098,=0.0070,=1065
="931160",通信设备,2013-07-15,=-0.0032,=25774.0800,=0.6671,=70.5880,=0.9138,=19.3231,=27.7990,=36.6958,=53.2028,=91.1971,=11.0630,=0.9996,=2.1520,=2.8712,=3.4260,=3.9732,=11.1425,=3.9792,=0.9996,=0.9706,=1.2833,=1.5072,=2.4398,=4.0096,=0.0428,=0.1280,=0.0276,=0.0052,=1248
="980080",成长100,2012-12-28,,,=0.3750,=70.7016,=1,=39.4731,=44.7248,=49.2504,=56.9205,=70.7016,=7.9473,=1,=3.0437,=3.6039,=5.3056,=6.5266,=7.9473,=5.0235,=1,=2.0191,=2.3993,=2.9014,=3.9793,=5.0235,=0.0481,=0.1452,=0.0254,=0.0035,=175
="399967",中证军工,2013-12-26,=0.0038,=13027.6400,=-0.0702,=71.1582,=0.6272,=41.8350,=54.9002,=65.1587,=98.1288,=218.2738,=3.5907,=0.7221,=2.0425,=2.6005,=3.1809,=3.8719,=4.8699,=3.3046,=0.5658,=2.0545,=2.7207,=3.1200,=4.0228,=5.8225,=0.0129,=0.0501,=0.0096,=0.0054,=5934
="000935",中证信息,2009-07-03,=0.0160,=8731.7800,=0.3605,=71.3339,=0.9909,=22.3783,=36.3294,=44.9593,=54.3306,=77.7561,=7.2491,=0.9984,=2.5910,=3.3282,=4.0442,=4.7505,=7.3946,=4.1910,=0.9748,=1.7187,=2.2023,=2.7264,=3.5199,=4.5057,=0.0237,=0.0833,=0.0137,=0.0052,=1119
="931866",中证机床,2022-05-09,=0.0196,=2698.6000,=0.5049,=71.7694,=0.9865,=28.6086,=36.8193,=40.3343,=52.3265,=75.6656,=7.4358,=1,=2.8302,=3.7428,=4.2723,=5.0202,=7.4358,=6.0536,=0.9990,=2.4023,=3.1535,=3.4177,=4.1187,=6.0604,=0.0321,=0.1022,=0.0244,=0.0052,=153
="930910",农牧渔,2016-12-12,=-0.0234,=8163.5500,=-0.1813,=72.0825,=0.7480,=13.2246,=20.8531,=29.5687,=98.1165,=30031.8592,=2.1259,=0.0009,=2.1027,=2.5008,=2.9742,=3.6486,=4.9084,=0.9550,=0.0192,=0.8679,=1.0792,=1.4880,=2.0564,=2.7290,=-0.0088,=0.0664,=0.0304,=0.0229,=10
="H30590",机器人,2015-02-10,=0.0023,=2115.9100,=0.1089,=72.1239,=0.9274,=24.1742,=42.0198,=50.8648,=63.0635,=89.9138,=4.9079,=0.9179,=2.1765,=2.8831,=3.6950,=4.3909,=6.0751,=4.7715,=0.9245,=1.6011,=2.4247,=3.4042,=4.3037,=5.6179,=0.0149,=0.0720,=0.0144,=0.0056,=867
="931071",人工智能,2018-11-21,=-0.0081,=3054.9400,=0.3485,=73.3932,=0.9950,=30.9003,=39.6641,=48.3988,=56.5029,=74.4524,=11.4528,=0.9994,=2.9559,=3.8942,=4.7283,=5.8845,=11.5305,=9.2968,=0.9994,=2.2000,=2.7952,=3.1864,=4.0624,=9.3591,=0.0409,=0.1450,=0.0239,=0.0049,=1330
="399993",CSWD生科,2015-05-08,=-0.0180,=2210.8800,=-0.1517,=73.7730,=0.8062,=31.0960,=44.1993,=56.6512,=73.4967,=122.8633,=3.1551,=0.0726,=2.5928,=3.6598,=6.1801,=7.6052,=15.2283,=6.2968,=0.1394,=4.8204,=6.7404,=9.3619,=14.3061,=21.1379,=0.0163,=0.0356,=0.0147,=0.0111,=68
="000993",全指信息,2011-08-02,=0.0168,=11580.8000,=0.3645,=74.7140,=0.9068,=27.3163,=42.0292,=52.3360,=67.5434,=96.2351,=7.2138,=0.9984,=2.5265,=3.2907,=4.0167,=4.7003,=7.3820,=4.2976,=0.9155,=1.8009,=2.3376,=2.8251,=3.4660,=5.4447,=0.0221,=0.0751,=0.0134,=0.0050,=4079
="931480",线上消费,2020-05-06,=-0.0224,=729.6500,=-0.1325,=74.7709,=0.6065,=33.5813,=47.6498,=66.7557,=96.8112,=132.5169,=3.0652,=0.4749,=1.9483,=2.5055,=3.1010,=3.7026,=5.0305,=3.1668,=0.8650,=1.1811,=1.5038,=1.8127,=2.8547,=4.8094,=0.0131,=0.0458,=0.0190,=0.0101,=75
="931582",数字经济,2020-11-09,=0.0049,=1843.7600,=0.2488,=75.4632,=0.9703,=35.0365,=43.8263,=50.0978,=65.5279,=83.2725,=7.8552,=0.9607,=3.4564,=4.8924,=5.6497,=6.5643,=9.8458,=6.9252,=0.7302,=2.4970,=3.8762,=5.8272,=7.6120,=11.8341,=0.0236,=0.0954,=0.0158,=0.0040,=182
="932088",全指航空,2023-03-23,=-0.0035,=769.0400,=-0.1241,=76.5283,=0.6611,=36.9197,=48.7510,=66.6375,=88.6057,=116.5746,=3.5317,=0.6313,=2.3948,=3.0267,=3.3809,=3.8893,=4.9751,=3.2172,=0.3066,=2.2988,=2.9022,=3.5872,=4.0654,=4.9356,=0.0077,=0.0470,=0.0092,=0.0064,=36
="1000007",创业板全指,2010-05-01,=-0.0061,=4637.6000,=0.1856,=76.7382,=0.7031,=33.8134,=48.2400,=61.0186,=100.0107,=334.2333,=5.0447,=0.7649,=2.3083,=3.3593,=4.0479,=5.2461,=6.6514,=4.4133,=0.5880,=2.1439,=3.2922,=4.1198,=5.5852,=8.9790,=0.0212,=0.0638,=0.0178,=0.0070,=1919
="H30318",科技传媒通信150,2014-04-15,=0.0121,=4744.1500,=0.5430,=78.8481,=1,=19.8534,=28.8631,=38.1291,=49.8057,=78.8481,=10.4853,=1,=2.0037,=2.4801,=3.5037,=4.2993,=10.4853,=5.7154,=1,=1.2409,=1.8640,=2.3006,=2.7648,=5.7154,=0.0368,=0.1091,=0.0211,=0.0037,=39
="931469",云计算50,2020-06-12,=-0.0141,=4362.0900,=0.1777,=79.0196,=0.7547,=43.1726,=58.3587,=68.3883,=82.0307,=130.8911,=10.7705,=0.9993,=3.0031,=3.8708,=5.0851,=6.1120,=10.8634,=6.1901,=0.9993,=2.2186,=2.8504,=3.4756,=4.2222,=6.2441,=0.0385,=0.1212,=0.0175,=0.0024,=61
="399019",创业200,2023-11-15,=-0.0033,=4840.7200,=0.0648,=83.9024,=0.4749,=45.1604,=59.4083,=85.5943,=110.7664,=137.0675,=4.2126,=0.9699,=1.8905,=2.4376,=3.1910,=3.8612,=4.4299,=3.7617,=0.9114,=1.7802,=2.2925,=2.8143,=3.3778,=3.9712,=0.0165,=0.0404,=0.0111,=0.0060,=84
="930851",云计算,2016-07-20,=-0.0192,=6780.4400,=0.0459,=87.2236,=0.7116,=37.0632,=52.8548,=67.4461,=96.4681,=313.0672,=9.3774,=0.9996,=2.7148,=3.6037,=4.2842,=5.3686,=9.4756,=6.1236,=0.9996,=1.6839,=2.4225,=3.1121,=3.7260,=6.1877,=0.0301,=0.0896,=0.0112,=0.0024,=456
="932438",科创创业机器人,2025-05-16,=-0.0030,=1717.8400,=0.0629,=90.5017,=0.7647,=67.6486,=76.8636,=83.2440,=91.6694,=103.3521,=5.8343,=0.5961,=4.9598,=5.2733,=5.6424,=6.1826,=6.8835,=5.9388,=0.3922,=5.2672,=5.7394,=6.0510,=6.6244,=7.4199,=0.0153,=0.0666,,=0.0037,=52
="930790",CS娱乐TI,2016-03-22,=-0.0201,=1203.6100,=-0.1534,=93.3278,=0.9136,=17.3299,=32.7399,=48.9197,=79.6367,=245.3480,=2.3540,=0.3684,=1.6576,=2.1340,=2.5554,=3.1216,=3.8872,=2.6194,=0.1206,=2.2057,=2.7955,=3.2418,=4.0379,=5.0752,=0.0124,=0.0200,=0.0156,=0.0161,=16
="CN5082",国证航天,2015-02-16,,,=-0.1652,=93.7625,=0.7433,=44.4252,=58.7037,=72.9861,=113.1160,=173.9279,=3.7724,=0.5851,=2.1924,=2.8239,=3.3432,=4.3734,=5.7727,=3.6870,=0.6469,=1.9232,=2.5629,=3.3657,=4.1065,=6.0090,=0.0055,=0.0382,=0.0066,=0.0053,=13
="932038",央企科技引领,2022-11-16,=0.0057,=1886.5300,=0.2605,=93.7930,=0.9837,=31.0707,=37.7028,=44.7463,=73.8188,=100.6860,=6.4034,=0.9883,=2.7684,=3.4482,=3.9606,=4.8192,=6.8336,=6.4568,=0.9837,=2.3932,=3.1314,=3.8899,=5.2504,=6.9314,=0.0105,=0.0636,=0.0096,=0.0048,=35
="000683",科创生物,2022-05-09,=-0.0155,=934.6100,=-0.1285,=93.9866,=0.0901,=31.4909,=161.4288,=1989.8693,=-210.8163,=97054.3385,=5.5205,=0.5526,=4.0903,=4.8772,=5.4137,=6.3165,=7.9611,=8.7633,=0.1032,=7.6079,=9.2367,=10.3552,=11.4612,=14.1963,=0.0094,=0.0457,=0.0035,=0.0034,=52
="970070",创业板人工智能,2024-07-11,=-0.0118,=8785.1000,=0.4816,=95.7097,=0.8253,=48.3861,=71.2816,=80.7609,=94.5489,=119.1606,=13.6934,=0.9978,=3.3467,=5.0203,=6.0477,=9.5363,=13.8181,=11.4114,=0.9978,=3.4016,=4.9358,=5.9720,=8.8269,=11.5141,=0.0381,=0.1206,=0.0167,=0.0030,=219
="931521",高装细分50,2020-07-08,=-0.0013,=2954.1500,=-0.1118,=95.9067,=0.7998,=33.8051,=48.4397,=56.7979,=95.9067,=160.3029,=4.0522,=0.4660,=2.5146,=3.4303,=4.1489,=5.0059,=6.8876,=4.1417,=0.2863,=2.7226,=3.8872,=4.4271,=5.0905,=6.7300,=0.0050,=0.0438,=0.0069,=0.0052,=78
="931144",通信技术,2019-05-30,=0.0152,=4595.7200,=0.9740,=96.1904,=0.9835,=22.8153,=30.3685,=36.4439,=50.0997,=113.1406,=13.3630,=1,=2.5671,=3.1046,=3.6650,=4.7194,=13.3630,=8.3963,=1,=1.6428,=2.0989,=2.4706,=3.3611,=8.3963,=0.0432,=0.1354,=0.0299,=0.0024,=247
="000858",500信息,2013-11-06,=0.0198,=13798.7900,=0.3093,=97.1892,=0.8940,=25.3805,=43.9766,=64.2121,=88.8682,=209.3531,=6.4748,=0.9984,=2.1626,=2.9041,=3.3886,=3.9443,=6.7548,=6.3022,=0.9979,=1.1229,=1.9074,=2.6868,=3.5942,=6.5901,=0.0212,=0.0505,=0.0070,=0.0032,=349
="930633",中证旅游,2015-05-08,=-0.0152,=2401.8800,=-0.2765,=98.3399,=0.4252,=15.8968,=21.8029,=1951.1042,=-51.0196,=11171.4579,=1.9917,=0.0808,=1.6473,=2.1761,=2.3688,=2.8097,=3.6934,=1.0711,=0.0008,=1.0607,=1.3358,=1.6097,=2.5762,=3.7607,=0.0208,=-0.0128,=-0.0016,=0.0097,=604
="931247",中证信创,2012-12-21,=0.0006,=1534.7300,=0.0485,=100.3262,=0.1780,=66.5979,=101.7040,=204.6919,=276.4895,=369.3964,=6.5702,=0.9334,=2.7947,=3.4783,=4.6654,=5.7860,=7.4810,=5.2929,=0.9206,=2.8203,=3.4045,=4.0975,=4.8294,=6.0696,=0.0271,=0.0400,=0.0016,=0.0034,=94
="930902",中证数据,2016-10-18,=-0.0212,=3047.7200,=-0.0443,=104.8577,=0.7083,=37.6891,=57.1353,=78.2517,=122.2503,=366.0842,=4.1829,=0.5881,=2.4001,=3.4196,=3.9842,=4.6835,=5.5171,=2.7835,=0.1441,=2.0473,=2.8874,=3.3880,=4.1671,=7.0542,=0.0025,=0.0339,=0.0011,=0.0039,=242
="930601",中证软件,2015-03-10,=-0.0292,=5365.5900,=-0.1466,=106.2879,=0.7390,=29.3378,=51.8564,=79.5511,=128.9417,=302.4908,=4.7723,=0.5336,=2.7207,=3.9641,=4.6768,=5.7279,=7.7476,=4.9184,=0.4887,=2.8007,=4.0731,=4.9658,=6.0990,=9.8975,=0.0078,=0.0385,=-0.0029,=0.0065,=388
="H30202",软件指数,2013-07-15,=-0.0279,=12626.0800,=-0.1625,=111.6532,=0.6396,=45.1036,=65.7516,=91.4775,=155.6957,=372.5263,=4.7330,=0.2524,=2.9348,=4.5157,=5.4377,=6.6303,=8.8705,=6.4152,=0.3637,=3.9010,=5.4106,=6.8814,=8.0875,=13.5560,=0.0053,=0.0344,=-0.0039,=0.0066,=315
="CN5075",国证信创,2015-02-16,,,=0.2890,=112.1939,=0.7157,=39.3034,=49.7251,=76.1763,=124.0857,=152.0158,=8.6213,=0.9883,=3.0386,=3.5499,=5.1467,=7.1079,=9.3745,=6.4726,=0.9866,=2.8415,=3.6682,=4.3784,=5.3864,=7.0749,=0.0268,=0.0598,=0.0136,=0.0025,=28
="932456",科创创业AI,2025-05-14,=-0.0023,=4051.2300,=0.3924,=115.7099,=0.3861,=95.3901,=111.2656,=117.7679,=140.5224,=192.3777,=14.6913,=0.9961,=6.1464,=7.3430,=10.2917,=11.2538,=14.7499,=18.2941,=0.9961,=9.0747,=11.0165,=14.4627,=15.6468,=18.3647,=0.0437,=0.0985,,=0.0016,=42
="950161",科创新药,2024-08-23,=-0.0158,=1064.3200,=-0.1335,=119.0846,=0,=119.0846,=-614.4091,=-142.5471,=-89.6630,=1578.9342,=7.5263,=0.2704,=4.9324,=6.5903,=8.9102,=10.4721,=12.9042,=9.6259,=0.1049,=8.4204,=10.2222,=12.5757,=14.4590,=17.6998,=0.0059,=0.0403,=-0.0091,=0.0015,=16
="980076",通用航空,2012-12-28,=-0.0154,=3090.0900,=-0.1673,=126.7692,=0.7762,=69.9916,=80.1254,=100.8507,=129.0622,=158.1149,=3.6372,=0.6232,=2.7445,=3.2081,=3.5134,=4.1308,=5.1513,=4.2922,=0.4844,=3.4358,=4.0782,=4.3027,=4.9585,=6.3273,=0.0066,=0.0297,=0.0083,=0.0045,=57
="000698",科创100,2023-08-07,=0.0125,=1913.6100,=0.3126,=131.9309,=0.2038,=60.6995,=131.5489,=216.4545,=255.2064,=337.2511,=7.1376,=0.9927,=2.7397,=3.5892,=4.1602,=5.6853,=7.3691,=8.6591,=0.8739,=4.0312,=5.0859,=6.1397,=8.3531,=10.0837,=0.0093,=0.0369,=0.0028,=0.0028,=537
="H30007",芯片产业,2012-12-20,=0.0217,=4667.9300,=0.4741,=133.9441,=0.9505,=24.2382,=40.3144,=68.4727,=110.8844,=186.5687,=9.9864,=0.9934,=1.9412,=3.6288,=4.4687,=7.1029,=11.2654,=14.3476,=0.9975,=1.5871,=3.6600,=6.4566,=8.1363,=15.5355,=0.0230,=0.0446,=0.0109,=0.0012,=518
="H30184",半导体,2013-07-15,=0.0226,=13839.0100,=0.5039,=137.7826,=0.9856,=33.2056,=51.7038,=76.8631,=105.0524,=154.8888,=9.7407,=0.9732,=2.5082,=3.4193,=4.7845,=7.3271,=12.2763,=14.6414,=0.9979,=1.3963,=2.6456,=6.8826,=9.2173,=15.6416,=0.0203,=0.0527,=0.0094,=0.0013,=3310
="931743",半导体材料设备,2012-12-21,=0.0385,=8352.3800,=0.6221,=141.0001,=0.9904,=30.1973,=39.4085,=59.2859,=80.1766,=151.1816,=10.8143,=0.9917,=2.5588,=3.3599,=4.2122,=6.4609,=11.5574,=15.8766,=0.9904,=2.5903,=3.1465,=3.8069,=10.1023,=17.0230,=0.0198,=0.0706,=0.0130,=0.0013,=230
="990001",中华半导体芯片,2019-03-18,=0.0197,=17697.0800,=0.4640,=142.3799,=0.9771,=33.1780,=61.2195,=84.4105,=114.1811,=160.7761,=9.6418,=0.9800,=3.1429,=4.2570,=5.2988,=7.3651,=10.9977,=14.3947,=0.9966,=3.3238,=6.0758,=7.0889,=9.1491,=15.6060,=0.0177,=0.0410,=0.0101,=0.0012,=1374
="932087",集成电路,2023-03-29,=0.0184,=1658.4800,=0.4644,=144.7883,=0.7386,=46.1239,=98.7282,=131.4266,=150.5746,=195.7770,=9.4683,=0.9935,=3.1405,=3.8694,=5.0920,=6.8362,=10.1351,=14.8654,=0.9935,=5.8347,=7.5554,=8.9230,=11.4525,=15.9312,=0.0203,=0.0481,=0.0079,=0.0013,=37
="932000",中证2000,2023-08-11,=-0.0014,=3462.2400,=0.0809,=152.0914,=0.7552,=44.0427,=58.0011,=83.1754,=154.6962,=228.3990,=3.0696,=0.9366,=1.5089,=1.9631,=2.3305,=2.8479,=3.3036,=2.4708,=0.9248,=1.1809,=1.5430,=1.8165,=2.3178,=2.6726,=0.0098,=0.0154,=0.0097,=0.0067,=1148
="950180",科创AI,2024-07-25,=-0.0052,=2639.3100,=0.1744,=152.4567,=0.6406,=66.2784,=98.1113,=140.4649,=168.4484,=271.3436,=12.8679,=0.9732,=3.9039,=5.9292,=8.8502,=11.2141,=13.9313,=17.3291,=0.9308,=6.3298,=9.3390,=13.2978,=16.2389,=18.8013,=0.0274,=0.0670,=0.0163,=0.0022,=211
="000690",科创成长,2022-11-04,=-0.0058,=2650.4400,=0.4137,=153.4159,=0.7864,=26.4295,=44.0589,=81.9058,=157.2592,=288.8500,=15.6543,=0.9942,=3.7827,=4.8396,=5.4498,=11.4347,=16.1376,=16.1140,=0.8880,=2.7510,=3.9811,=5.0614,=13.8819,=19.2028,=0.0188,=0.1043,=0.0143,=0.0021,=121
="000682",科创信息,2021-08-16,=0.0074,=2803.7800,=0.4063,=157.1632,=0.9465,=41.6131,=59.5041,=92.1737,=130.3365,=187.1367,=10.5610,=0.9956,=3.3247,=4.3417,=5.3291,=6.4607,=11.3309,=15.1119,=0.9947,=5.5790,=7.2872,=8.8489,=11.2483,=16.2319,=0.0200,=0.0432,=0.0072,=0.0017,=99
="000688",科创50,2020-07-23,=0.0069,=1738.0600,=0.2930,=164.5839,=0.9380,=35.5957,=42.4933,=70.3313,=108.6094,=196.9562,=7.7097,=0.9401,=2.9443,=4.1634,=4.8331,=6.7214,=9.0182,=8.8806,=0.7958,=3.1319,=4.5520,=5.5111,=9.1180,=13.2586,=0.0135,=0.0347,=0.0045,=0.0025,=7841
="000689",科创材料,2022-08-15,=0.0410,=1616.6900,=0.3335,=179.9964,=0.9869,=38.7753,=45.2352,=78.5306,=145.4527,=199.6324,=5.8021,=0.9946,=1.9307,=2.6002,=3.1770,=4.4161,=5.9133,=7.0863,=0.9946,=2.1963,=3.1234,=4.0153,=5.1503,=7.2323,=0.0126,=0.0258,=0.0058,=0.0028,=31
="399020",创业小盘,2023-11-15,=-0.0004,=1947.3600,=0.0954,=181.0759,=0.5909,=48.5170,=81.0387,=149.6375,=214.9952,=256.8495,=4.0495,=0.9318,=1.8521,=2.4365,=3.1970,=3.7600,=4.3734,=3.8959,=0.8620,=1.9895,=2.5625,=3.1646,=3.7792,=4.2999,=0.0115,=0.0199,=0.0104,=0.0054,=12
="931865",中证半导,2019-03-20,=0.0269,=7642.7400,=0.5443,=181.3414,=0.9938,=32.8138,=44.5677,=72.6176,=109.5227,=198.4690,=12.3351,=0.9938,=3.3892,=4.1384,=5.1035,=6.7586,=13.4762,=20.4267,=0.9938,=6.4190,=7.6852,=8.6341,=12.3325,=22.3560,=0.0168,=0.0580,=0.0153,=0.0009,=199
="950162",科创芯片设计,2024-07-26,=0.0138,=2679.5800,=0.4403,=184.9046,=0.0380,=161.6128,=228.1382,=269.1565,=386.7100,=687.1301,=15.2379,=0.9687,=4.2582,=7.5683,=8.7889,=12.6400,=16.7714,=22.5338,=0.9329,=8.7765,=14.3860,=16.4926,=20.8943,=24.8034,=0.0309,=0.0713,=0.0107,=0.0014,=49
="000680",科创综指,2025-01-20,=0.0069,=2075.2600,=0.2680,=195.5767,=0.2523,=115.7401,=179.1443,=212.4690,=233.7869,=278.5830,=6.6914,=0.9635,=3.4337,=3.9367,=5.1032,=5.7128,=7.1640,=8.6818,=0.9605,=4.7291,=5.4384,=6.9782,=7.8125,=9.3145,=0.0091,=0.0262,=0.0033,=0.0028,=196
="1000014",科创板全指,2019-07-22,,,,=197.1094,=0.8612,=34.6058,=58.2660,=76.5861,=127.8912,=267.8356,=6.6409,=0.8474,=2.4875,=3.7741,=4.8227,=6.4018,=9.5957,=8.6578,=0.7326,=3.3799,=5.1772,=6.4429,=9.7888,=14.1086,=0.0091,=0.0255,=0.0035,=0.0028,=1289
="000685",科创芯片,2022-06-13,=0.0157,=4056.5300,=0.5522,=199.2039,=0.9440,=42.1555,=65.9465,=116.5912,=175.3277,=235.0390,=11.3528,=0.9948,=3.1235,=4.0520,=5.0350,=6.4627,=12.1390,=21.3688,=0.9948,=7.4796,=10.0328,=12.1453,=14.6477,=22.8613,=0.0152,=0.0415,=0.0074,=0.0009,=460
="950125",科创半导体材料设备,2024-07-26,=0.0477,=3601.4400,=0.6764,=202.5350,=0.9888,=70.4245,=115.7921,=127.1002,=158.0659,=222.4797,=8.9191,=0.9888,=2.8469,=4.7461,=5.2441,=6.5503,=9.7859,=18.7741,=0.9888,=7.2923,=10.8360,=12.7466,=14.5321,=20.6229,=0.0075,=0.0371,=0.0094,=0.0006,=112
="980017",国证芯片,2015-02-17,=0.0189,=18583.1500,=0.4648,=209.1197,=0.9970,=30.3742,=55.5373,=78.7234,=105.6384,=227.4136,=9.5217,=0.9854,=3.1638,=4.0813,=5.6682,=7.3760,=10.4020,=14.6727,=0.9970,=3.6283,=5.7708,=6.6329,=7.9374,=15.9563,=0.0146,=0.0397,=0.0130,=0.0011,=2588
="000699",科创200,2024-08-20,=0.0114,=1723.2700,=0.3058,=216.5907,=0.3488,=128.9087,=180.2181,=261.5859,=313.3166,=388.1174,=5.2037,=0.9535,=1.9770,=3.0066,=3.4362,=4.4882,=5.6033,=7.6656,=0.8581,=3.3605,=5.0777,=5.9098,=7.1322,=8.3761,=0.0066,=0.0165,=0.0029,=0.0035,=133
="931594",卫星产业,2020-12-22,=-0.0063,=1068.0300,=-0.0540,=229.9491,=0.7997,=44.5603,=95.6714,=128.7767,=229.9491,=428.4930,=6.1359,=0.9439,=2.3588,=3.0492,=3.4963,=3.9694,=7.6413,=8.9303,=0.9385,=3.4655,=4.5289,=5.1377,=6.0106,=11.4514,=0.0019,=0.0317,=0.0057,=0.0026,=166
="980018",卫星通信,2015-02-17,=-0.0047,=5171.0600,=-0.0325,=338.7797,=0.9355,=23.6003,=28.9052,=38.9415,=56.1958,=1063.4314,=5.7645,=0.9450,=1.7225,=2.0533,=2.5534,=4.2367,=7.7241,=5.6251,=0.9431,=1.5054,=1.8033,=2.2903,=3.0880,=7.7238,=0.0054,=0.0181,=0.0298,=0.0023,=115
="H30182",计算机,2013-07-15,=-0.0246,=6481.9600,=-0.1540,=471.1446,=0.8631,=33.2527,=55.1684,=100.7545,=273.6684,=65313.4473,=4.0583,=0.4788,=2.4295,=3.5772,=4.0937,=4.6443,=5.8765,=3.9755,=0.3739,=2.3635,=3.5783,=4.1506,=4.7487,=7.6223,=-0.0024,=0.0033,=-0.0042,=0.0049,=49
="930781",中证影视,2016-02-04,=-0.0118,=1434.8700,=-0.1514,=674.0006,=0.6144,=16.7066,=43.1495,=197.1849,=-60.8596,=6083.5065,=1.9837,=0.1402,=1.4352,=2.0548,=2.3934,=3.4219,=7.6438,=4.1999,=0.4676,=2.7079,=3.4931,=4.3464,=5.5289,=10.8169,=0.0049,=0.0185,=0.0219,=0.0098,=178
="931992",疫苗生物,2013-07-15,=-0.0155,=1048.9000,=-0.1311,=1276.3358,=0.9771,=26.1322,=60.7085,=87.3034,=120.4995,=1550.1847,=2.3182,=0,=2.3182,=2.6991,=3.0483,=3.6608,=5.0256,=4.3764,=0.1125,=3.7134,=4.6949,=5.1770,=5.5689,=6.4257,=0.0112,=0.0013,=0.0085,=0.0121,=28
="931151",光伏产业,2019-04-22,=0.0028,=3171.4900,=0.1097,=1712.0031,=0.8991,=9.5087,=20.4016,=37.9384,=68.1570,=2491.4939,=2.7947,=0.5345,=1.5562,=1.9232,=2.6418,=4.4989,=6.9801,=2.0975,=0.5797,=0.8897,=1.2417,=1.7937,=3.2505,=5.9137,=0.0016,=0.0012,=0.0005,=0.0076,=2710
="950333",智选创新价值,2024-09-25,=0.0135,=2737.3300,=0.2045,=-375.7659,=0.7562,=62.6254,=107.3733,=-3647.8091,=-238.3169,=5158.8110,=3.3439,=0.9704,=1.6564,=2.1413,=2.3720,=2.8868,=3.5439,=3.2443,=0.9704,=1.6015,=2.1255,=2.4842,=3.0004,=3.4429,=-0.0002,=-0.0164,=-0.0030,=0.0045,=12
="1000009",深圳B股,1994-01-10,=-0.0067,=1130.0700,=-0.1064,=-141.9026,=0.9909,=6.5509,=10.0230,=16.1435,=22.4430,=61.4680,=0.7423,=0.5134,=0.5585,=0.6590,=0.7357,=0.9771,=1.4530,=0.4699,=0.4606,=0.3544,=0.4194,=0.4872,=0.6904,=1.0969,,=0.0028,=0.0115,=0.0336,=203
="931025",港股通地产,2017-11-06,=-0.0088,=1767.9900,=0.1120,=-56.3899,=0.7293,=1.3998,=5.4463,=8.2726,=-2.9170,=7833.8201,=0.5005,=0.4961,=0.0757,=0.2086,=0.5039,=0.8782,=1.4256,=0.9203,=0.8550,=0.0508,=0.1427,=0.5389,=0.8737,=1.5776,,=-0.0074,,=0.0357,=11
="000692",科创新能,2023-04-03,=0.0018,=1203.4500,=0.0396,=-54.8582,=0.6867,=13.9124,=18.7440,=108.1549,=-44.6733,=279.8956,=2.6143,=0.7037,=1.4486,=1.7755,=2.1962,=2.7973,=4.0229,=1.7567,=0.6540,=0.8667,=1.1532,=1.4296,=1.9074,=2.6157,=-0.0018,=-0.0642,=-0.0138,=0.0035,=33
="399393",国证地产,2012-08-20,=-0.0161,=2674.0800,=-0.1430,=-5.7184,=1,=6.3321,=8.5850,=15.6526,=54.5740,=115902.4187,=0.8059,=0.1538,=0.5768,=0.8464,=1.1061,=1.7944,=2.5183,=0.5993,=0.4223,=0.3699,=0.5176,=0.6603,=1.2209,=1.7471,=-0.0014,=-0.0767,=0.0012,=0.0098,=1429
="931775",房地产,2013-07-15,=-0.0097,=2606.6300,=-0.1260,=-5.2439,=1,=7.0141,=8.9821,=18.2040,=-406.3697,=1490.8370,=0.8631,=0.2243,=0.5750,=0.8420,=1.0900,=1.7602,=2.4742,=0.6655,=0.4726,=0.3617,=0.5329,=0.6904,=1.2699,=1.8650,=-0.0040,=-0.1024,=-0.0027,=0.0068,=924
="000816",细分地产,2012-04-11,=-0.0082,=2405.7800,=-0.1257,=-4.8866,=0.9984,=6.1299,=8.3282,=15.7334,=195.8864,=2488.2259,=0.8348,=0.2239,=0.5599,=0.8178,=1.0736,=1.8144,=2.5676,=0.5954,=0.4610,=0.3390,=0.4956,=0.6314,=1.1864,=1.8946,=-0.0038,=-0.1018,=-0.0024,=0.0052,=7
="399965",800地产,2012-12-21,=-0.0225,=2124.5700,=-0.1952,=-3.6735,=1,=5.5394,=8.0041,=14.1293,=33.6723,=59.7245,=0.6067,=0.0276,=0.5234,=0.7226,=1.0314,=1.7825,=2.5596,=0.3894,=0.1052,=0.2881,=0.4119,=0.5599,=1.1421,=1.8469,=-0.0020,=-0.0854,=0.0007,=0.0085,=200
="399983",地产等权,2013-11-22,=-0.0194,=1585.4900,=-0.2218,=-2.4636,=1,=5.0058,=7.3313,=10.5555,=17.0006,=75.5023,=0.5051,=0.0128,=0.4408,=0.5999,=1.1016,=1.8752,=2.8135,=0.3135,=0.0911,=0.2209,=0.3561,=0.5077,=1.0523,=1.7953,=-0.0053,=-0.0924,=-0.0025,=0.0044,=1007
=".NDX",纳斯达克100指数,1969-12-31,,,,,,,,,,,,,,,,,,,,,,,,,,,=0.0751,,=4357

数据来源于：理杏仁网站(lixinger.com)