指数代码,指数名称,发布时间,涨跌幅,收盘点位,今年以来涨跌幅,PE-TTM(当前值),PE-TTM(分位点%),PE-TTM(最小值),PE-TTM(20%分位点值),PE-TTM(50%分位点值),PE-TTM(80%分位点值),PE-TTM(最大正值),PB(当前值),PB(分位点%),PB(最小值),PB(20%分位点值),PB(50%分位点值),PB(80%分位点值),PB(最大正值),PS-TTM(当前值),PS-TTM(分位点%),PS-TTM(最小值),PS-TTM(20%分位点值),PS-TTM(50%分位点值),PS-TTM(80%分位点值),PS-TTM(最大正值),净资产收益率(ROE)(2026Q1),净资产收益率(ROE)(2025Q4),净资产收益率(ROE)(2025Q1),股息率,关注度
="931039",银行AH,2017-12-06,=0.0136,=12599.9200,=-0.0144,=5.9354,=0.8207,=3.2016,=4.0768,=5.2076,=5.9017,=7.9938,=0.5596,=0.4654,=0.3790,=0.4568,=0.5662,=0.7134,=1.0569,=2.2278,=0.8514,=1.0856,=1.4321,=1.7462,=2.1349,=2.9053,,=0.0881,,=0.0492,=98
="H11146",港股通内地金融,2010-06-02,=0.0098,=1126.1700,=0.0231,=6.0974,=0.5245,=3.2759,=4.5177,=6.0140,=6.7500,=9.2347,=0.6187,=0.4009,=0.3797,=0.4938,=0.6695,=0.8765,=1.1859,=1.5750,=0.7742,=0.6692,=0.9478,=1.2966,=1.5980,=2.1885,,=0.0970,,=0.0474,=41
="930792",HK银行,2016-04-22,=-0.0107,=4781.2100,=0.0855,=6.6777,=0.7751,=3.2659,=4.4645,=5.8507,=6.7741,=9.5632,=0.6499,=0.5611,=0.3905,=0.4964,=0.6253,=0.8010,=1.0771,=2.5403,=0.8766,=1.0519,=1.5167,=1.8542,=2.3935,=3.1066,,=0.0901,,=0.0474,=755
="HSSCSOY",恒生港股通中国央企红利指数,2023-06-01,=-0.0016,=4186.0300,=0.0411,=6.7937,=0.7298,=4.1647,=4.6318,=5.6501,=6.9850,=7.8218,=0.6303,=0.5995,=0.4381,=0.4946,=0.5910,=0.6872,=0.7455,=1.0651,=1,=0.5323,=0.5950,=0.7414,=0.9345,=1.0651,,=0.0921,,=0.0524,=239
="H30106",H300金融服务,2013-05-21,=-0.0049,=1543.8600,=0.0202,=6.8183,=0.4641,=4.0175,=5.3642,=6.9684,=7.7688,=11.1922,=0.7313,=0.4698,=0.4470,=0.5777,=0.7432,=0.9083,=1.2489,=1.9489,=0.8383,=0.8557,=1.1816,=1.4641,=1.8855,=2.3593,,=0.1014,,=0.0456,=21
="399986",中证银行,2013-07-15,=0.0156,=7343.8700,=-0.0341,=7.0804,=0.8533,=4.1183,=5.2599,=6.2814,=6.8491,=9.0846,=0.6739,=0.3945,=0.4848,=0.5836,=0.7192,=0.8984,=1.2416,=2.6579,=0.9011,=1.4134,=1.7842,=2.1417,=2.5021,=3.3016,=0.0226,=0.0881,=0.0236,=0.0416,=9560
="931024",港股通非银,2017-11-06,=0.0118,=3871.4100,=-0.0983,=7.3082,=0.0090,=6.7549,=8.6217,=11.0935,=13.3596,=22.4310,=0.9946,=0.4013,=0.6237,=0.8485,=1.0474,=1.2233,=1.7592,=1.2238,=0.7979,=0.5870,=0.8754,=1.0138,=1.2276,=2.2002,,=0.1344,,=0.0401,=192
="931233",港股通央企红利,2017-06-28,=-0.0050,=1174.5600,=0.0075,=7.3195,=0.7512,=3.6988,=4.9551,=6.3354,=7.4458,=14.0775,=0.6885,=0.5980,=0.3929,=0.5222,=0.6449,=0.8612,=1.8161,=0.9938,=0.5526,=0.4645,=0.6218,=0.9478,=1.3906,=1.7583,,=0.0906,,=0.0511,=451
="000018",180金融,2007-12-10,=0.0126,=5325.9700,=-0.1034,=7.4121,=0.4637,=5.2016,=6.4287,=7.4972,=8.3012,=10.8609,=0.7554,=0.2758,=0.5902,=0.6965,=0.8737,=1.0696,=1.4199,=2.2257,=0.8174,=1.2355,=1.5824,=1.9485,=2.2067,=2.8772,=0.0229,=0.0959,=0.0245,=0.0392,=777
="987016",港股通红利低波,2021-11-18,,,=0.1034,=7.4267,=0.9043,=3.4544,=4.3013,=4.9254,=6.7742,=8.0054,=0.6861,=0.8637,=0.4152,=0.4876,=0.5386,=0.6594,=0.7529,=1.2096,=0.9007,=0.5827,=0.6595,=0.7933,=1.1076,=1.3012,,=0.0893,,=0.0520,=153
="399809",保险主题,2015-02-13,=0.0157,=2162.0700,=-0.1896,=7.4530,=0.3326,=5.4537,=6.8114,=10.5309,=15.0245,=22.8725,=0.7995,=0.2885,=0.6352,=0.7658,=1.2249,=1.4858,=1.9794,=2.1708,=0.9353,=0.5239,=0.8688,=1.0978,=1.5091,=2.3772,=0.0227,=0.1015,=0.0246,=0.0389,=1494
="HSMCHYI",恒生中国内地企业高股息率指数,2019-09-01,=-0.0032,=2973.5500,=0.0686,=7.4660,=0.9323,=3.7550,=5.0475,=5.8184,=6.7563,=7.9027,=0.7483,=0.8249,=0.4590,=0.5786,=0.6401,=0.7390,=0.8175,=1.1349,=0.9227,=0.5101,=0.6879,=0.7970,=0.9106,=1.2126,,,,=0.0501,=279
="000818",细分金融,2012-04-11,=0.0120,=6598.2200,=-0.1064,=7.4945,=0.4390,=5.2356,=6.4974,=7.6847,=8.4810,=10.9951,=0.7637,=0.2700,=0.5930,=0.7010,=0.8906,=1.0928,=1.4303,=2.2700,=0.8108,=1.2689,=1.6354,=1.9852,=2.2605,=2.9111,=0.0231,=0.0956,=0.0246,=0.0387,=7
="H11140",香港红利,2009-07-23,=-0.0033,=3974.6100,=0.0885,=7.5043,=0.7565,=3.0693,=4.4554,=5.9842,=8.0587,=13.9623,=0.7084,=0.5871,=0.3833,=0.5103,=0.6296,=0.8659,=1.1652,=1.1938,=0.6791,=0.5431,=0.7464,=0.9724,=1.4901,=2.1349,,=0.0912,,=0.0524,=48
="HSHDYI",恒生高股息率指数,2012-12-10,=-0.0062,=1297.6100,=0.0174,=7.6073,=0.7586,=3.6777,=4.8612,=6.6082,=7.8179,=10.6953,=0.6982,=0.5416,=0.4041,=0.5046,=0.6482,=0.9078,=1.1746,=1.1054,=0.5347,=0.5013,=0.7008,=1.0658,=1.5005,=1.9871,,,,=0.0535,=915
="HSHYLV",恒生港股通高股息低波动指数,2017-05-08,=-0.0061,=4496.7100,=0.0064,=7.6797,=0.8483,=3.5572,=4.6435,=5.9876,=7.2076,=9.5068,=0.6916,=0.6622,=0.3828,=0.4851,=0.5806,=0.8153,=1.1073,=0.9259,=0.5609,=0.4386,=0.6557,=0.8494,=1.4148,=2.0623,,,,=0.0525,=1511
="932596",港股通红利低波,2016-02-04,=-0.0073,=4137.8700,=0.0668,=7.8144,=0.1761,=7.4451,=7.8406,=8.0672,=8.2851,=8.5745,=0.7330,=0.5057,=0.6528,=0.6978,=0.7315,=0.7596,=0.7956,=1.3055,=0.3182,=1.2161,=1.2816,=1.3270,=1.3605,=1.4099,,=0.0894,,=0.0498,=93
="000914",300金融,2007-07-02,=0.0117,=5979.7800,=-0.1099,=7.8387,=0.5004,=5.2769,=6.6022,=7.8376,=8.6017,=11.3863,=0.7601,=0.2605,=0.5962,=0.7048,=0.9119,=1.1328,=1.4919,=2.1355,=0.8417,=1.1210,=1.4310,=1.8123,=2.0915,=2.7052,=0.0223,=0.0897,=0.0236,=0.0383,=343
="930914",港股通高股息,2016-11-25,=-0.0080,=5170.1200,=0.0513,=7.8405,=0.8042,=3.4280,=4.4201,=5.9233,=7.8198,=11.1979,=0.7555,=0.6999,=0.3979,=0.5022,=0.6154,=0.8526,=1.1764,=1.2423,=0.7871,=0.5144,=0.7042,=0.9224,=1.2571,=2.2126,,=0.0918,,=0.0513,=705
="HSSCHKY",恒生港股通高股息率指数,2019-11-01,=-0.0084,=2673.7300,=0.0791,=7.8559,=0.9323,=3.8979,=4.9489,=5.8779,=7.2049,=8.4533,=0.7010,=0.8419,=0.4277,=0.5171,=0.5778,=0.6836,=0.8197,=1.2224,=0.8985,=0.5333,=0.6967,=0.8753,=1.1220,=1.3442,,,,=0.0512,=493
="931157",SHS红利成长LV,2019-04-25,=0.0055,=7220.5700,=-0.0314,=7.8877,=0.6608,=4.1261,=5.5915,=6.9136,=8.3348,=11.5318,=0.7910,=0.4534,=0.5154,=0.6258,=0.8083,=0.9242,=1.5888,=1.5429,=0.9279,=0.5018,=0.7114,=1.0382,=1.4083,=1.6439,,=0.0964,,=0.0482,=335
="H30270",红利价值,2013-12-19,=0.0006,=9609.2400,=0.0081,=7.9227,=0.7577,=4.4543,=5.4312,=6.7592,=8.7127,=13.0955,=0.7962,=0.5906,=0.5256,=0.6487,=0.7635,=1.2456,=1.7317,=1.6057,=0.9817,=0.5854,=0.8115,=0.9993,=1.2966,=1.6637,=0.0235,=0.0936,=0.0240,=0.0419,=198
="930992",沪港深红利低波,2017-06-28,=0.0004,=5542.0500,=-0.0045,=7.9278,=0.8381,=4.0130,=5.1560,=5.8790,=7.7587,=8.5109,=0.7393,=0.8335,=0.4277,=0.5369,=0.5903,=0.7252,=0.7950,=1.1727,=0.7774,=0.4496,=0.6002,=0.8553,=1.1867,=1.3912,,=0.0878,,=0.0501,=48
="HSSCHYS",恒生港股通红利优选指数,2023-06-01,=-0.0009,=5060.3300,=0.0896,=7.9762,=0.8091,=4.2457,=4.7281,=5.7789,=7.7978,=9.0746,=0.7447,=0.8320,=0.4429,=0.4987,=0.5831,=0.7378,=0.8283,=1.2186,=0.9973,=0.6036,=0.6744,=0.8768,=1.0351,=1.2224,,,,=0.0582,=86
="000934",中证金融,2009-07-03,=0.0119,=5572.9400,=-0.1111,=8.1016,=0.5045,=5.7083,=6.8944,=8.0859,=8.8714,=11.5527,=0.7676,=0.2560,=0.6117,=0.7181,=0.9179,=1.1488,=1.5017,=2.1355,=0.8434,=1.1467,=1.4503,=1.8024,=2.0806,=2.6696,=0.0220,=0.0873,=0.0231,=0.0374,=1154
="HSCSOE",恒生中国央企指数,2023-01-01,=-0.0056,=3878.9200,=0.0790,=8.1122,=0.8932,=4.9972,=5.5494,=6.1553,=7.7368,=8.5526,=0.7779,=0.8766,=0.5264,=0.5922,=0.6332,=0.7554,=0.8375,=0.9641,=0.8992,=0.5404,=0.5946,=0.6674,=0.8628,=1.0234,,=0.0956,,=0.0471,=112
="000992",全指金融,2011-08-02,=0.0119,=5334.6300,=-0.1091,=8.3312,=0.5256,=5.9310,=7.1022,=8.2725,=9.0288,=11.6339,=0.7701,=0.2547,=0.6188,=0.7234,=0.9265,=1.1610,=1.5107,=2.1198,=0.8331,=1.1568,=1.4432,=1.8065,=2.0773,=2.6668,=0.0217,=0.0846,=0.0227,=0.0368,=2704
="000029",180价值,2009-01-09,=0.0062,=4111.1700,=-0.0768,=8.3357,=0.7329,=5.6894,=6.9075,=7.8873,=8.5069,=10.8138,=0.7993,=0.1793,=0.6666,=0.8038,=0.8607,=1.0653,=1.4433,=1.0830,=0.8405,=0.6198,=0.7825,=0.9448,=1.0692,=1.4032,=0.0228,=0.0896,=0.0243,=0.0408,=560
="H50040",上红低波,2014-03-21,=0.0046,=11023.1400,=-0.0004,=8.4001,=0.7712,=4.6938,=5.9512,=7.0858,=9.6645,=14.3118,=0.8398,=0.5177,=0.5647,=0.6911,=0.8349,=1.3609,=1.8756,=1.6367,=0.9823,=0.6380,=0.8684,=1.2018,=1.4010,=1.6845,=0.0234,=0.0936,=0.0244,=0.0423,=363
="H30269",红利低波,2013-12-19,=0.0053,=11109.2200,=-0.0116,=8.4055,=0.7679,=4.5638,=5.5488,=6.8772,=9.4786,=14.4342,=0.8494,=0.5734,=0.5386,=0.6570,=0.8017,=1.3872,=1.9670,=1.6245,=0.9852,=0.6111,=0.8850,=1.0977,=1.4163,=1.6703,=0.0236,=0.0946,=0.0236,=0.0430,=4327
="931446",东证红利低波,2020-04-21,=0.0059,=3351.2000,=-0.0266,=8.5428,=0.8034,=5.1478,=6.1762,=7.1347,=8.5363,=11.0216,=0.8101,=0.6510,=0.5884,=0.6956,=0.7644,=0.8723,=1.2481,=1.5486,=0.9786,=0.5909,=0.7544,=0.8879,=1.3227,=1.5979,=0.0224,=0.0895,=0.0240,=0.0418,=849
="000922",中证红利,2008-05-26,=-0.0073,=5588.9800,=0.0154,=8.5972,=0.7943,=5.1762,=6.0245,=7.6568,=8.6151,=11.2156,=0.8287,=0.4534,=0.5911,=0.7110,=0.8519,=1.1086,=1.4999,=1.2712,=0.8710,=0.6332,=0.7726,=1.0442,=1.2283,=1.7101,=0.0233,=0.0895,=0.0228,=0.0421,=20096
="931130",红利成长低波,2018-12-04,=0.0111,=23365.7000,=-0.0147,=8.6500,=0.7813,=4.4465,=5.5778,=7.8239,=8.7201,=11.5512,=0.8578,=0.3698,=0.5279,=0.6245,=0.9004,=1.0302,=1.5803,=1.9079,=0.7951,=0.3109,=0.8137,=1.3196,=1.9158,=2.5957,=0.0231,=0.0934,=0.0229,=0.0422,=148
="931479",证券保险,2020-05-06,=0.0127,=871.6400,=-0.1798,=8.6916,=0.0061,=8.4973,=11.8363,=13.4769,=15.5243,=21.1012,=1.1692,=0.1507,=1.0296,=1.2244,=1.3770,=1.5658,=2.2844,=1.5808,=0.6250,=1.0318,=1.2721,=1.4567,=1.7898,=2.2879,=0.0256,=0.1317,=0.0302,=0.0308,=36
="000821",300红利,2012-07-20,=-0.0009,=6656.0800,=-0.0024,=8.7317,=0.8603,=4.9998,=6.1944,=7.5608,=8.4561,=10.9286,=0.8484,=0.4382,=0.5725,=0.7140,=0.8698,=1.0796,=1.4919,=1.4169,=0.9200,=0.6098,=0.7993,=1.0658,=1.3200,=1.6963,=0.0235,=0.0916,=0.0239,=0.0430,=1000
="000063",上证周期,2010-02-03,=0.0016,=3604.4500,=-0.1117,=8.7371,=0.5532,=5.4761,=7.1362,=8.5987,=9.4385,=12.4946,=0.8943,=0.3500,=0.6668,=0.8368,=0.9613,=1.1068,=1.4831,=1.5540,=0.9204,=0.8113,=1.0636,=1.2494,=1.4451,=1.7571,=0.0245,=0.0975,=0.0256,=0.0379,=206
="000151",上国红利,2012-07-20,=-0.0151,=1653.7800,=0.0825,=8.7996,=0.9773,=4.5075,=5.3657,=6.9474,=7.7544,=10.0345,=0.7685,=0.5400,=0.5268,=0.6189,=0.7535,=0.9661,=1.3272,=1.0874,=0.5054,=0.6026,=0.8953,=1.0835,=1.3107,=1.6854,=0.0218,=0.0803,=0.0258,=0.0425,=220
="000015",红利指数,2005-01-04,=-0.0086,=3239.8400,=0.0666,=8.8220,=0.9608,=4.6646,=5.5108,=7.0876,=8.0458,=10.4439,=0.8365,=0.6105,=0.5525,=0.6398,=0.7661,=1.0179,=1.3875,=1.4847,=0.9505,=0.7277,=0.8913,=1.1358,=1.3354,=1.6890,=0.0233,=0.0885,=0.0212,=0.0404,=14190
="H30035",300非银,2012-12-21,=0.0078,=9072.6800,=-0.1865,=8.8843,=0.0025,=8.6966,=12.9346,=15.1688,=19.3628,=26.3489,=1.1864,=0.0845,=1.0544,=1.3130,=1.6265,=2.0481,=2.4387,=1.6095,=0.4225,=1.0410,=1.4185,=1.7199,=1.9729,=2.3917,=0.0253,=0.1294,=0.0297,=0.0301,=1208
="399373",大盘价值,2010-01-04,=0.0050,=7999.5700,=-0.0670,=9.0095,=0.7506,=5.4746,=6.8623,=8.3615,=9.1146,=11.9914,=0.9021,=0.4250,=0.6410,=0.8033,=0.9452,=1.1408,=1.5001,=1.1506,=0.8223,=0.5920,=0.7817,=0.9284,=1.1427,=1.4541,=0.0236,=0.0939,=0.0248,=0.0423,=329
="000824",国企红利,2012-07-20,=-0.0073,=2179.5800,=0.0276,=9.0189,=0.9518,=4.8847,=5.9406,=7.3386,=8.4268,=10.7823,=0.8600,=0.5528,=0.5610,=0.6880,=0.8278,=1.0592,=1.4469,=1.3125,=0.8759,=0.5370,=0.7016,=0.9865,=1.2535,=1.6834,=0.0232,=0.0892,=0.0226,=0.0416,=944
="931644",800红利,2024-03-15,=-0.0055,=2616.1700,=0.0251,=9.0349,=0.7852,=6.4729,=7.3281,=8.3239,=9.0523,=9.4757,=0.8729,=0.6167,=0.7001,=0.7712,=0.8601,=0.9074,=0.9431,=1.3212,=0.9278,=0.8423,=0.9260,=1.1309,=1.2941,=1.3602,=0.0236,=0.0906,=0.0231,=0.0429,=31
="000919",300价值,2008-01-21,=0.0015,=5019.5500,=-0.0562,=9.0390,=0.7106,=5.9577,=7.3283,=8.4471,=9.2438,=12.2376,=0.8905,=0.3186,=0.6917,=0.8497,=0.9394,=1.1480,=1.5388,=1.1054,=0.7960,=0.6314,=0.7861,=0.9060,=1.1062,=1.3421,=0.0228,=0.0921,=0.0242,=0.0402,=4324
="399805",互联金融,2015-02-10,=-0.0169,=2839.7400,=-0.2622,=9.0680,=0.1278,=7.5943,=9.7417,=11.4279,=13.1628,=16.5816,=0.9393,=0.0981,=0.7644,=1.0456,=1.4157,=1.7258,=2.0317,=1.7406,=0.7424,=1.1667,=1.4082,=1.6147,=1.7935,=2.2636,=0.0238,=0.0940,=0.0248,=0.0360,=328
="930740",300红利LV,2018-12-04,=0.0034,=7044.0600,=-0.0174,=9.0796,=0.8808,=5.4153,=6.8262,=7.5194,=8.6603,=9.6903,=0.9070,=0.6764,=0.6159,=0.7719,=0.8576,=0.9460,=1.0604,=1.3838,=0.7275,=0.6725,=0.8566,=1.0780,=1.4898,=1.9253,=0.0239,=0.0932,=0.0223,=0.0425,=620
="930955",红利低波100,2017-05-26,=0.0018,=11565,=-0.0192,=9.0989,=0.8541,=5.0805,=6.0693,=7.4214,=8.6125,=11.5013,=0.8911,=0.6452,=0.5792,=0.6661,=0.8276,=0.9898,=1.3722,=1.3735,=0.8176,=0.5888,=0.7781,=0.9905,=1.3549,=1.7525,=0.0234,=0.0928,=0.0257,=0.0443,=2169
="HSCCI",恒生香港中资企业指数,1997-06-16,=-0.0104,=4293.9700,=0.0693,=9.1890,=0.5538,=4.8859,=6.8728,=8.8773,=11.7600,=16.1208,=0.8696,=0.5043,=0.5567,=0.7305,=0.8673,=1.1686,=1.3660,=0.9886,=0.5014,=0.5555,=0.7802,=0.9883,=1.3582,=1.5178,,=0.0951,,=0.0544,=33
="000825",央企红利,2012-07-20,=-0.0058,=3379.1300,=-0.0215,=9.3219,=0.9621,=4.7369,=6.0940,=7.3075,=8.3825,=10.5687,=0.8917,=0.5771,=0.5507,=0.6915,=0.8600,=0.9983,=1.3929,=1.2404,=0.8491,=0.6009,=0.8548,=1.0648,=1.2180,=1.7357,=0.0224,=0.0902,=0.0228,=0.0412,=347
="399966",800证保,2012-12-21,=0.0108,=5439.4200,=-0.1775,=9.3386,=0.0025,=9.1408,=13.6879,=15.9950,=19.7375,=27.1945,=1.1914,=0.0829,=1.0619,=1.3104,=1.6086,=2.0408,=2.4366,=1.7361,=0.4629,=1.1634,=1.5249,=1.7805,=2.0457,=2.5211,=0.0247,=0.1256,=0.0286,=0.0290,=173
="H30588",中证证保,2015-02-02,=0.0108,=923.5700,=-0.1775,=9.3420,=0.0025,=9.1443,=13.6432,=16.0874,=19.5891,=27.6808,=1.1901,=0.0738,=1.0752,=1.3107,=1.6150,=2.0366,=2.4238,=1.7387,=0.4716,=1.1673,=1.5178,=1.7651,=2.0128,=2.5500,=0.0246,=0.1254,=0.0286,=0.0290,=470
="000968",300周期,2010-05-28,=0.0018,=4097.2200,=-0.0993,=9.3800,=0.5655,=6.1174,=7.8172,=9.1554,=10.2896,=13.3562,=0.9231,=0.3339,=0.7021,=0.8484,=1.0047,=1.1784,=1.5550,=1.5497,=0.8656,=0.8459,=1.0834,=1.2645,=1.4915,=1.8297,=0.0243,=0.0922,=0.0244,=0.0361,=98
="931848",800红利低波,2024-05-21,=-0.0003,=3198.7500,=0.0105,=9.4021,=0.7048,=7.4155,=8.2209,=9.0869,=9.4790,=9.7854,=0.9314,=0.5823,=0.7315,=0.8624,=0.9207,=0.9701,=1.0024,=1.3659,=0.6386,=1.1714,=1.2335,=1.3481,=1.3819,=1.5428,=0.0237,=0.0929,=0.0230,=0.0419,=146
="HSML25",恒生中国(香港上市)30指数,2003-01-20,=-0.0011,=8727.7100,=-0.0777,=9.4536,=0.5916,=5.7712,=7.9342,=9.0693,=10.2891,=13.0207,=1.0300,=0.3515,=0.7256,=0.9437,=1.0795,=1.2097,=1.5098,=1.7111,=0.7806,=0.9123,=1.1546,=1.4190,=1.7362,=2.4187,,=0.1051,,=0.0351,=270
="932305",智选高股息,2024-09-30,=0.0001,=11677.3300,=0.0464,=9.5495,=0.8280,=7.0143,=7.4852,=8.3449,=9.4563,=10.9391,=1.0519,=0.4988,=0.8750,=0.9236,=1.0519,=1.0856,=1.1675,=0.5270,=0.0074,=0.5232,=0.7276,=0.7832,=1.2758,=1.3342,=0.0253,=0.1000,=0.0324,=0.0594,=311
="H30356",800价值,2014-06-09,=-0.0003,=6262.6900,=-0.0577,=9.6852,=0.7049,=6.4024,=7.6960,=9.0458,=9.9531,=13.4784,=0.9450,=0.4182,=0.7030,=0.8627,=0.9875,=1.1717,=1.6287,=1.0755,=0.7870,=0.5868,=0.7388,=0.8830,=1.0833,=1.3738,=0.0232,=0.0908,=0.0237,=0.0386,=32
="950090",50AH优选,2015-12-10,=0.0033,=5926.3900,=-0.0417,=9.8008,=0.7936,=6.3188,=7.9116,=8.6550,=9.8342,=13.5010,=1.0261,=0.4922,=0.7914,=0.9497,=1.0280,=1.1234,=1.5403,=1.3251,=0.9368,=0.6574,=0.8481,=0.9516,=1.0630,=1.4553,,=0.1007,,=0.0371,=2001
="930723",沪港深F100,2015-08-05,=-0.0020,=4957.4500,=-0.0264,=9.8116,=0.6764,=5.4557,=7.5729,=9.0303,=10.1685,=13.1279,=0.9670,=0.4252,=0.6469,=0.8477,=1.0095,=1.1158,=1.4626,=1.2686,=0.7662,=0.6039,=0.8635,=1.0801,=1.2883,=1.6654,,=0.0918,,=0.0389,=151
="932153",港股通价值策略,2025-04-30,=-0.0103,=1097.1100,=0.0441,=9.8227,=0.2125,=8.1696,=9.7534,=10.1300,=10.3994,=10.9237,=0.8505,=0.2271,=0.7012,=0.8424,=0.8814,=0.9022,=0.9365,=1.0070,=0.2747,=0.8168,=0.9830,=1.0341,=1.0643,=1.1126,,=0.0812,,=0.0424,=10
="HSCESI",恒生中国企业精明指数,2015-06-08,=-0.0007,=11996.8100,=-0.0660,=9.8231,=0.7644,=6.0524,=7.9104,=8.6569,=10.0571,=15.8114,=1.0246,=0.5478,=0.6924,=0.8960,=1.0071,=1.1579,=1.7191,=1.3796,=0.7542,=0.8034,=0.9995,=1.0896,=1.4384,=2.0876,,=0.1052,,=0.0345,=93
="931375",300质量低波,2019-11-25,=-0.0122,=15251.5000,=-0.1006,=9.8440,=0.3826,=6.4946,=8.1607,=11.3935,=13.5582,=22.0532,=1.2392,=0.3927,=0.8054,=1.0809,=1.5543,=2.0725,=3.3245,=1.7205,=0.5461,=1.0044,=1.3267,=1.6706,=2.0930,=2.5370,=0.0279,=0.1211,=0.0298,=0.0327,=111
="HSCEI",恒生中国企业指数,1994-08-08,=-0.0007,=8318.7300,=-0.0667,=9.8594,=0.7680,=6.0524,=7.9125,=8.6663,=10.0793,=15.8114,=1.0279,=0.5531,=0.6924,=0.8962,=1.0081,=1.1595,=1.7191,=1.3835,=0.7570,=0.8037,=0.9999,=1.0895,=1.4423,=2.0876,,=0.1052,,=0.0344,=4753
="932422",A500红利低波,2025-04-09,=0.0047,=3011.2100,=-0.0296,=9.8718,=0.2120,=9.5190,=9.8705,=10.0803,=10.2337,=10.5846,=1.0012,=0.0636,=0.9733,=1.0238,=1.0421,=1.0565,=1.0978,=1.2826,=0.1025,=1.2431,=1.3017,=1.4239,=1.4712,=1.5336,=0.0241,=0.0948,,=0.0419,=327
="931069",中金300,2018-02-14,=0.0016,=4681.2700,=-0.0646,=9.9094,=0.6711,=5.9518,=7.5618,=9.2898,=10.4990,=13.6164,=1.0293,=0.4198,=0.7377,=0.9220,=1.0884,=1.3547,=1.8328,=1.3283,=0.7988,=0.6656,=0.8675,=1.1147,=1.3285,=1.7542,=0.0231,=0.0958,=0.0284,=0.0385,=93
="931722",国新港股通央企红利,2023-09-13,=-0.0139,=1384.5200,=0.0506,=9.9402,=0.8765,=5.5040,=6.6812,=7.6727,=9.4557,=10.8173,=0.9024,=0.7545,=0.6213,=0.7288,=0.8245,=0.9107,=1.0298,=0.6192,=0.8318,=0.3100,=0.3812,=0.4713,=0.6109,=0.6918,,=0.0875,,=0.0511,=353
="000042",上证央企,2009-03-30,=0.0015,=1722.1600,=-0.0493,=9.9833,=0.7700,=6.3284,=7.8863,=9.1823,=10.0542,=12.9577,=0.9730,=0.4588,=0.7230,=0.8871,=0.9854,=1.1137,=1.4812,=1.2929,=0.9588,=0.6569,=0.8569,=0.9782,=1.1373,=1.3891,=0.0224,=0.0920,=0.0234,=0.0365,=386
="399995",基建工程,2015-03-12,=-0.0017,=3706.6700,=-0.0511,=10.0053,=0.7506,=5.8673,=7.3439,=8.2792,=11.0824,=18.8590,=0.6381,=0.0066,=0.5815,=0.7255,=0.8990,=1.3405,=2.1834,=0.1826,=0.2378,=0.1368,=0.1788,=0.2044,=0.3404,=0.5478,=0.0129,=0.0543,=0.0158,=0.0275,=2692
="932431",300质量,2025-03-18,=-0.0064,=1904.1500,=-0.0695,=10.0290,=0.2833,=9.4685,=9.9743,=10.1352,=10.3075,=10.6435,=1.0751,=0.0267,=1.0616,=1.1072,=1.1294,=1.1444,=1.1853,=2.1347,=0.1467,=2.0194,=2.1476,=2.2003,=2.2414,=2.3259,=0.0253,=0.1012,=0.0271,=0.0366,=10
="930709",香港证券,2015-07-13,=0.0132,=1254.5000,=-0.1119,=10.0304,=0.1778,=6.3679,=10.2189,=12.8139,=14.8886,=24.4010,=0.9225,=0.4210,=0.5308,=0.7588,=0.9627,=1.2452,=1.6136,=3.8559,=0.7259,=1.7834,=2.5970,=3.1590,=4.1596,=5.9903,,=0.0828,,=0.0358,=505
="000925",基本面50,2009-02-26,=0,=4269.6000,=-0.0755,=10.0618,=0.7894,=6.2635,=7.9688,=9.1136,=10.0947,=12.7955,=0.9726,=0.3479,=0.7306,=0.9013,=1.0555,=1.1921,=1.5728,=1.0717,=0.7176,=0.6037,=0.7864,=0.9667,=1.1046,=1.4866,=0.0227,=0.0882,=0.0241,=0.0381,=4559
="000859",国企一带一路,2019-05-16,=-0.0123,=1831.9900,=0.0058,=10.1475,=0.0764,=9.4709,=10.6407,=12.5333,=14.5099,=21.0714,=0.9766,=0.0035,=0.9662,=1.1677,=1.4405,=1.7785,=2.1877,=1.1059,=0.9510,=0.4715,=0.5619,=0.7395,=0.8283,=1.1782,=0.0234,=0.0898,=0.0201,=0.0358,=266
="930931",港股通50,2017-01-16,=-0.0114,=3728.4700,=-0.0387,=10.1737,=0.5702,=6.5385,=8.7027,=9.8055,=11.3766,=15.8907,=1.0533,=0.3801,=0.7428,=0.9454,=1.0971,=1.1818,=1.6058,=1.8230,=0.6864,=1.1204,=1.4689,=1.7055,=1.9129,=2.6369,,=0.0979,,=0.0352,=293
="000806",消费服务,2012-02-10,=0.0036,=7535.1700,=-0.1054,=10.2069,=0.2786,=9.0076,=10.0381,=10.8057,=11.8704,=17.0971,=1.0796,=0.0499,=1.0009,=1.1968,=1.3534,=1.5460,=2.0145,=2.1606,=0.5598,=1.6526,=1.9476,=2.1240,=2.3803,=3.0032,=0.0246,=0.1002,=0.0266,=0.0364,=422
="399550",央视50,2012-06-06,=-0.0066,=8334.8500,=0.0300,=10.2163,=0.8215,=6.8960,=8.2822,=9.3059,=10.1534,=13.0561,=1.0128,=0.1921,=0.8649,=1.0147,=1.2376,=1.4261,=1.8564,=2.1223,=0.8990,=1.3448,=1.6571,=1.8146,=2.0531,=2.5217,=0.0237,=0.0945,=0.0248,=0.0388,=2273
="000056",上证国企,2010-01-04,=0.0024,=1209.9500,=-0.0300,=10.2250,=0.6595,=7.2538,=8.8792,=9.7304,=10.7955,=13.3187,=1.1307,=0.5243,=0.8518,=1.0314,=1.1227,=1.2162,=1.5455,=1.6645,=0.9419,=0.7909,=0.9986,=1.1121,=1.2361,=1.7805,=0.0264,=0.1060,=0.0271,=0.0369,=201
="399371",国证价值,2010-01-04,=-0.0016,=6952.1200,=-0.0349,=10.2674,=0.7754,=6.4728,=7.8356,=9.0964,=10.4280,=13.0475,=0.9862,=0.4390,=0.7249,=0.8967,=1.0081,=1.2365,=1.5675,=1.0682,=0.7589,=0.5764,=0.7536,=0.8693,=1.0978,=1.3812,=0.0233,=0.0892,=0.0237,=0.0386,=137
="930608",中证基建,2015-03-31,=-0.0154,=7602.1400,=-0.1042,=10.2721,=0.4567,=6.6667,=8.6208,=10.5058,=14.2184,=25.2863,=0.7022,=0.0058,=0.6550,=0.8156,=1.1082,=1.4758,=2.2134,=0.2145,=0.1579,=0.1701,=0.2210,=0.3364,=0.4823,=0.7101,=0.0141,=0.0583,=0.0170,=0.0295,=655
="000021",180治理,2008-09-10,=-0.0001,=1019.9500,=-0.0627,=10.3841,=0.7333,=6.3364,=8.4357,=9.7158,=10.5850,=13.6109,=1.0918,=0.4773,=0.7542,=0.9755,=1.0972,=1.2187,=1.5847,=1.4238,=0.9571,=0.6625,=0.8519,=0.9540,=1.1443,=1.4979,=0.0243,=0.0995,=0.0258,=0.0376,=166
="930957",港股通中国100,2017-06-23,=-0.0027,=3519.1200,=-0.0704,=10.3958,=0.7262,=5.4625,=7.5985,=8.9196,=10.8176,=13.3106,=1.1008,=0.5626,=0.6571,=0.8623,=1.0721,=1.2005,=1.5222,=1.4145,=0.8459,=0.6789,=0.9634,=1.1261,=1.3632,=1.6609,,=0.1031,,=0.0346,=15
="931373",股息龙头,2019-11-15,=-0.0049,=2675.9800,=-0.0388,=10.3971,=0.8868,=5.4295,=6.8866,=8.3249,=9.5481,=11.4004,=1.1142,=0.7673,=0.6697,=0.8494,=1.0107,=1.1261,=1.2586,=1.5216,=0.9119,=0.5706,=0.8134,=0.9861,=1.3850,=1.6262,=0.0258,=0.1004,=0.0264,=0.0399,=327
="000048",责任指数,2009-08-05,=-0.0024,=1326.3100,=-0.1012,=10.4469,=0.4678,=7.8628,=9.5548,=10.5327,=11.7735,=14.1982,=1.1176,=0.1488,=0.9056,=1.1409,=1.2987,=1.4408,=1.7866,=0.9230,=0.8042,=0.5718,=0.6942,=0.8008,=0.9213,=1.0691,=0.0224,=0.0991,=0.0247,=0.0396,=129
="930839",港股通高息精选,2016-06-08,=-0.0050,=3368.8800,=-0.0231,=10.5418,=0.5976,=4.9918,=7.1350,=9.3693,=13.2462,=31.7979,=1.3830,=0.7515,=0.7294,=0.9293,=1.0736,=1.5790,=4.8768,=1.1862,=0.4503,=0.3418,=0.5599,=1.2471,=1.9142,=6.3245,,=0.1433,,=0.0510,=374
="930846",300SNLV,2016-06-24,=-0.0101,=6592.6300,=-0.0033,=10.5636,=0.7137,=7.7900,=9.2070,=10.0845,=10.7402,=12.6275,=1.0392,=0.2089,=0.8340,=1.0368,=1.0951,=1.2273,=1.5027,=1.4923,=0.9168,=0.7711,=0.9523,=1.1610,=1.3326,=1.6864,=0.0237,=0.0917,=0.0233,=0.0385,=149
="HSLI",恒生综合大型股指数,2001-10-03,=-0.0073,=2243.2600,=-0.0684,=10.6952,=0.5441,=6.9327,=9.1230,=10.5186,=11.7587,=17.6478,=1.0788,=0.3929,=0.7133,=0.9432,=1.1160,=1.2416,=1.6032,=1.4891,=0.5973,=0.8297,=1.1852,=1.4269,=1.6322,=2.0023,,,,=0.0353,=101
="000901",小康指数,2010-04-02,=-0.0041,=5937.5600,=-0.0640,=10.7827,=0.4192,=8.5492,=9.9918,=10.9775,=12.5401,=15.5671,=1.0026,=0.0062,=0.9844,=1.0859,=1.2401,=1.4333,=1.7818,=1.0215,=0.6373,=0.7500,=0.8906,=0.9711,=1.0556,=1.2662,=0.0231,=0.0878,=0.0238,=0.0346,=251
="931052",国信价值,2017-12-08,=-0.0023,=3520.9500,=0.0201,=10.8093,=0.9917,=5.3831,=6.5951,=7.4150,=8.7727,=11.0091,=1.3715,=0.9451,=0.7343,=0.9121,=1.0309,=1.1605,=1.5208,=1.7628,=0.9597,=0.6105,=0.9408,=1.2276,=1.4544,=2.0196,=0.0310,=0.1267,=0.0326,=0.0376,=570
="399812",养老产业,2014-06-06,=0.0035,=5134.0100,=-0.1891,=10.8094,=0.0021,=10.6378,=18.0335,=20.4480,=25.3954,=31.4367,=1.6306,=0.0029,=1.5864,=2.0597,=2.8104,=3.2414,=4.2954,=1.3391,=0.0420,=1.2170,=1.4618,=1.6757,=1.8719,=2.5548,=0.0294,=0.1459,=0.0345,=0.0293,=6240
="980081",价值100,2012-12-28,,,=0.0231,=10.8329,=0.8375,=7.7317,=8.3364,=8.6445,=10.0809,=11.5920,=1.1855,=0.8263,=0.8413,=0.8847,=0.9303,=1.1302,=1.3448,=1.1145,=0.8403,=0.7580,=0.8053,=0.9342,=1.0468,=1.2118,=0.0275,=0.0995,=0.0251,=0.0456,=393
="932450",香港现金流,2025-02-28,=-0.0061,=1750.2000,=-0.1295,=10.8675,=0.9082,=6.6300,=8.1023,=9.8303,=10.3975,=12.1695,=0.7601,=0,=0.7601,=0.8552,=1.1779,=1.2879,=1.5038,=0.4695,=0,=0.4695,=0.5253,=0.9047,=1.0510,=1.2561,,=0.0828,,=0.0458,=9
="HSAHP",恒生沪深港通AH股溢价指数,2007-07-09,=0.0054,=121.2600,=-0.0178,=10.9271,=0.9190,=5.5550,=7.1430,=8.3389,=9.6767,=12.3156,=1.0683,=0.7870,=0.6208,=0.7734,=0.9226,=1.0806,=1.3863,=1.2471,=0.9198,=0.5653,=0.7668,=0.9030,=1.0782,=1.3750,,=0.0958,,=0.0326,=349
="932457",港股通现金流,2025-02-28,=-0.0220,=2005.3900,=0.0193,=11.1783,=0.7152,=7.5325,=8.8852,=10.1646,=11.4406,=12.3320,=1.1248,=0.1108,=1.0440,=1.1462,=1.2017,=1.3302,=1.5343,=0.9185,=0.2152,=0.7966,=0.9126,=0.9628,=1.2192,=1.4545,,=0.0990,,=0.0432,=41
="000016",上证50,2004-01-02,=0.0027,=2850.3700,=-0.0596,=11.1827,=0.7156,=8.3126,=9.6340,=10.4534,=11.5466,=15.1108,=1.1839,=0.2440,=1.0245,=1.1672,=1.2377,=1.3330,=1.6482,=1.5144,=0.9229,=0.8665,=1.0164,=1.1266,=1.2791,=1.6440,=0.0249,=0.1007,=0.0262,=0.0329,=23492
="000052",50基本,2012-01-09,=0.0040,=2722.9100,=-0.0995,=11.1827,=0.7156,=8.3126,=9.6354,=10.4592,=11.5466,=15.1108,=1.1839,=0.2453,=1.0245,=1.1672,=1.2376,=1.3328,=1.6471,=1.5144,=0.9229,=0.8665,=1.0164,=1.1267,=1.2790,=1.6440,=0.0249,=0.1007,=0.0262,=0.0329,=26
="000043",超大盘,2009-04-23,=0.0026,=2497.0100,=-0.0457,=11.4440,=0.5845,=7.5271,=9.4626,=10.9298,=13.3313,=17.2195,=1.2951,=0.3100,=0.9803,=1.2132,=1.3543,=1.5050,=1.9858,=2.1408,=0.9538,=0.6740,=0.8573,=1.2416,=1.5174,=2.3305,=0.0268,=0.1053,=0.0277,=0.0334,=164
="HSISC",恒指港股通指数,2024-03-01,=-0.0076,=3330.1100,=-0.0477,=11.4816,=0.6511,=7.5992,=8.6155,=10.1816,=11.9274,=12.8475,=1.2154,=0.6169,=0.8411,=0.9170,=1.1327,=1.2575,=1.3442,=1.5369,=0.6097,=0.9830,=1.1378,=1.4026,=1.6148,=1.7320,,,,=0.0341,=50
="HSLMI",恒生综合大中型股指数,2015-06-08,=-0.0079,=3846.9900,=-0.0673,=11.5098,=0.6619,=7.0073,=9.2988,=10.5618,=12.3479,=17.7261,=1.1090,=0.5396,=0.6929,=0.9060,=1.0961,=1.2279,=1.5417,=1.3286,=0.7399,=0.6858,=0.9753,=1.1726,=1.3720,=1.6465,,,,=0.0338,=88
="932255",A500红利增长,2025-04-09,=-0.0018,=2940.9900,=-0.0318,=11.5964,=0.6784,=9.2509,=10.3788,=11.0153,=11.8023,=12.2754,=1.3056,=0.5512,=1.0684,=1.2362,=1.3015,=1.3678,=1.4369,=1.9084,=0.6290,=1.3292,=1.6780,=1.7971,=1.9656,=2.0549,=0.0280,=0.1066,,=0.0340,=36
="HSI",恒生指数,1989-03-09,=-0.0064,=24407.9600,=-0.0477,=11.6467,=0.6931,=6.9462,=9.2250,=10.3048,=12.2459,=16.9606,=1.2239,=0.7110,=0.7519,=0.9714,=1.1248,=1.2666,=1.5570,=1.4951,=0.5767,=0.8141,=1.1480,=1.4330,=1.6549,=2.0895,,,,=0.0336,=13496
="1000010",上海B股,1994-01-10,,,,=11.7350,=0.0927,=6.8464,=12.9879,=19.1866,=37.2537,=68.1787,=0.8881,=0.1546,=0.7158,=0.9119,=1.0155,=1.2478,=1.7346,=0.6659,=0.6488,=0.3163,=0.4060,=0.5564,=0.7403,=1.2119,,,=0.0164,=0.0443,=129
="931476",ESG 120策略,2020-04-30,=-0.0082,=1456.2800,=0.0445,=11.7906,=0.7999,=7.8289,=9.6316,=10.5984,=11.7906,=13.2171,=1.2962,=0.6180,=1.0061,=1.1757,=1.2522,=1.3664,=1.7130,=1.5608,=0.9222,=0.7906,=1.0587,=1.1477,=1.3383,=1.6137,=0.0265,=0.1050,=0.0271,=0.0317,=51
="000010",上证180,2002-07-01,=-0.0040,=9799.9200,=-0.0216,=11.9486,=0.7465,=8.4900,=9.9408,=10.9867,=12.1292,=14.6942,=1.1970,=0.3467,=0.9930,=1.1498,=1.2654,=1.3646,=1.6698,=1.4121,=0.9229,=0.8990,=1.0652,=1.1822,=1.3052,=1.4916,=0.0240,=0.0943,=0.0246,=0.0314,=2499
="931395",沪港深300,2020-01-14,=-0.0102,=1715.4300,=-0.0051,=12.1296,=0.6776,=8.3275,=10.0238,=10.8467,=12.5562,=16.6490,=1.2397,=0.5374,=0.9663,=1.1028,=1.2177,=1.3706,=1.7241,=1.5567,=0.7727,=0.9881,=1.1725,=1.3186,=1.5839,=1.8801,,=0.0964,,=0.0314,=503
="399313",巨潮100,2005-02-03,=-0.0067,=5403.8000,=-0.0079,=12.2066,=0.7630,=8.9278,=10.3423,=11.0813,=12.3628,=16.6101,=1.2827,=0.2997,=1.0718,=1.2402,=1.3353,=1.4929,=1.8501,=1.5676,=0.9328,=0.9844,=1.1491,=1.2632,=1.4353,=1.6915,=0.0250,=0.0999,=0.0255,=0.0300,=209
="HSCAIT",恒生A股行业龙头指数,2009-09-21,=-0.0059,=5410.2700,=-0.0610,=12.3019,=0.8744,=8.2192,=9.7822,=10.4673,=11.7966,=14.1027,=1.2986,=0.6282,=1.0288,=1.1845,=1.2640,=1.3563,=1.6997,=1.3315,=0.9267,=0.8424,=0.9734,=1.0502,=1.2126,=1.4109,=0.0256,=0.1023,=0.0256,=0.0345,=494
="930629",CSSW健康,2015-05-08,=0.0023,=4968.8928,=-0.1323,=12.4371,=0.0016,=12.2266,=18.0419,=21.8414,=38.8610,=49.9253,=1.7828,=0.0033,=1.7351,=2.1746,=3.0826,=4.6084,=6.2998,=1.5462,=0.1843,=1.2755,=1.5576,=1.9238,=4.7309,=7.2978,=0.0270,=0.1388,=0.0324,=0.0246,=271
="931586",300价值稳健,2020-11-09,=-0.0072,=7308.0800,=-0.0425,=12.4756,=0.7502,=8.1741,=9.6736,=11.1155,=12.7334,=15.0111,=1.4203,=0.6615,=0.9699,=1.1920,=1.3301,=1.5169,=1.6570,=1.4114,=0.8359,=0.7359,=0.8639,=0.9835,=1.0879,=1.5639,=0.0264,=0.1070,=0.0304,=0.0365,=42
="399807",高铁产业,2015-01-20,=-0.0088,=1137.8800,=-0.0840,=12.5423,=0.4266,=9.4881,=11.2215,=12.8344,=15.6644,=24.3532,=0.7751,=0.0004,=0.7731,=0.9203,=1.0341,=1.5052,=2.3973,=0.4011,=0.3479,=0.3063,=0.3761,=0.4233,=0.4799,=0.6435,=0.0121,=0.0541,=0.0137,=0.0302,=590
="931468",红利质量,2020-05-21,=-0.0031,=32452.3600,=0.0299,=12.6717,=0,=12.6717,=16.0653,=18.8708,=22.0653,=36.4689,=2.1716,=0,=2.1716,=2.8641,=3.7790,=4.7233,=8.5636,=2.1404,=0.0648,=1.9811,=2.3471,=2.9200,=3.9587,=5.8829,=0.0381,=0.1637,=0.0476,=0.0323,=1140
="932039",央企股东回报,2022-11-16,=-0.0111,=1593.8000,=0.0044,=12.7576,=0.9195,=8.0198,=9.6550,=10.9326,=11.9419,=13.8005,=1.2140,=0.8580,=0.8847,=1.0053,=1.1040,=1.1737,=1.4098,=0.8013,=0.9112,=0.3642,=0.4249,=0.5267,=0.6658,=0.8821,=0.0235,=0.0905,=0.0215,=0.0413,=130
="1000015",港股全指,2000-01-01,=-0.0064,=24407.9600,=-0.0477,=12.7873,=0.6611,=7.5917,=10.2534,=11.3341,=13.5907,=19.1348,=1.0732,=0.5177,=0.6574,=0.8625,=1.0646,=1.1863,=1.5123,=1.1693,=0.5973,=0.6196,=0.8644,=1.1001,=1.2707,=1.5791,,,,=0.0332,=305
="930949",价值回报,2017-02-24,=-0.0001,=12966.6400,=-0.0495,=12.9037,=0.8537,=5.5354,=8.1023,=10.0007,=12.2551,=17.5400,=2.0289,=0.7246,=1.2865,=1.4742,=1.7413,=2.1702,=3.1701,=1.3843,=0.9463,=0.5488,=0.7116,=0.8707,=1.2610,=1.7276,=0.0290,=0.1096,=0.0305,=0.0373,=29
="H30455",沪港深500,2014-11-28,=-0.0097,=2591.7900,=-0.0246,=12.9802,=0.7603,=8.5690,=10.3715,=11.4299,=13.2156,=16.8903,=1.3140,=0.5557,=0.9675,=1.1609,=1.2884,=1.4056,=1.7307,=1.5631,=0.8673,=0.9518,=1.1783,=1.3163,=1.5035,=1.7787,,=0.0953,,=0.0300,=526
="931168",绿色价值100,2019-06-27,=-0.0110,=1499.5100,=0.0082,=13.0107,=0.8344,=8.4906,=9.9750,=11.3263,=12.8322,=14.6050,=1.4395,=0.8552,=1.0223,=1.1882,=1.2798,=1.4053,=1.6052,=1.5408,=0.9151,=0.9649,=1.1294,=1.2486,=1.3521,=1.6482,=0.0274,=0.1011,=0.0242,=0.0306,=10
="931412",证券公司30,2020-02-20,=0.0134,=1375.3600,=-0.1542,=13.0316,=0.0039,=12.7557,=16.3041,=18.6004,=22.7171,=36.9291,=1.1962,=0.0961,=1.0327,=1.2661,=1.4462,=1.7023,=2.4365,=5.2383,=0.3111,=3.9462,=5.0238,=5.5544,=6.7204,=9.6353,=0.0228,=0.0861,=0.0218,=0.0233,=23
="000044",上证中盘,2009-07-03,=-0.0072,=4660.7100,=0.0213,=13.0997,=0.5705,=8.6509,=10.4793,=12.5324,=14.6389,=18.7575,=1.2142,=0.3780,=0.9210,=1.0900,=1.2844,=1.6557,=1.9734,=1.2996,=0.6055,=0.9382,=1.1499,=1.2499,=1.4304,=1.7773,=0.0229,=0.0859,=0.0223,=0.0295,=96
="000028",180成长,2009-01-09,=-0.0001,=3784.0800,=-0.0330,=13.2209,=0.3186,=9.5268,=12.0857,=14.4788,=18.2344,=25.1474,=1.7832,=0.1661,=1.5063,=1.8419,=2.6889,=3.1694,=5.1089,=1.8832,=0.8116,=1.1581,=1.4574,=1.6185,=1.8690,=2.3971,=0.0333,=0.1358,=0.0227,=0.0257,=193
="931397",A股通50,2020-02-20,=-0.0121,=2331.4700,=0.0287,=13.2815,=0.5654,=8.9450,=10.5650,=12.8724,=21.5690,=29.8209,=1.6289,=0.4431,=1.1048,=1.2774,=1.7262,=3.5822,=4.6955,=1.9403,=0.5484,=1.0496,=1.2845,=1.8793,=2.9138,=3.9597,=0.0296,=0.1069,=0.0278,=0.0288,=8
="399437",证券龙头,2014-12-30,=0.0120,=5727.6500,=-0.1592,=13.3711,=0.0091,=12.2963,=17.3586,=19.9982,=25.0411,=43.0253,=1.2148,=0.0630,=1.0547,=1.2966,=1.5385,=1.8317,=2.3633,=5.3255,=0.2040,=3.9970,=5.3136,=6.2007,=7.2524,=9.5068,=0.0223,=0.0851,=0.0215,=0.0228,=702
="931155",300质量成长,2019-04-22,=-0.0219,=11105.4300,=0.0982,=13.5052,=0.4818,=7.3805,=10.7943,=13.6092,=15.2916,=31.0699,=1.9962,=0.3551,=1.1055,=1.6631,=2.2675,=2.8252,=5.3844,=2.4790,=0.7131,=1.3218,=1.7727,=2.1639,=2.6047,=3.8395,=0.0331,=0.1462,=0.0366,=0.0225,=78
="399314",巨潮大盘,2005-02-03,=-0.0097,=5160.1500,=0.0081,=13.5617,=0.8261,=9.6620,=11.1240,=12.0358,=13.4793,=17.5384,=1.3673,=0.3792,=1.0976,=1.2830,=1.4165,=1.5848,=1.9279,=1.5279,=0.8755,=0.9932,=1.1678,=1.3064,=1.4598,=1.8124,=0.0244,=0.0938,=0.0251,=0.0288,=16
="931132",诚通央企红利,2023-05-04,=-0.0114,=1623.3900,=0.0004,=13.6769,=0.8975,=9.0905,=10.5771,=11.8957,=12.9645,=15.2313,=1.2879,=0.8429,=0.9482,=1.0892,=1.1829,=1.2337,=1.5338,=0.7796,=0.8895,=0.3626,=0.4244,=0.4779,=0.6144,=0.8835,=0.0249,=0.0916,=0.0215,=0.0408,=33
="000971",等权90,2010-12-02,=-0.0135,=3359.4000,=0.0000,=13.6997,=0.8014,=8.9747,=10.8921,=11.8447,=13.6975,=19.4330,=1.5098,=0.5777,=1.1544,=1.3256,=1.4394,=1.6219,=2.2329,=1.7428,=0.9514,=1.0052,=1.1464,=1.2601,=1.5331,=1.8600,=0.0259,=0.1045,=0.0271,=0.0276,=9
="980092",自由现金流,2012-12-28,=-0.0114,=5104.3300,=-0.0526,=13.7276,=0.6506,=11.1075,=12.2040,=12.8959,=14.5161,=16.4362,=1.4151,=0,=1.4151,=1.5051,=1.5914,=1.6694,=1.8134,=0.8726,=0.1880,=0.7577,=0.8762,=0.9478,=0.9815,=1.0805,=0.0285,=0.1047,=0.0263,=0.0342,=1388
="931381",中证长三角,2019-11-25,=0.0039,=2050.5000,=0.0130,=13.8030,=0.7828,=9.1117,=10.6539,=12.0012,=13.8929,=16.1441,=1.3489,=0.5549,=0.9630,=1.1503,=1.3046,=1.5506,=1.8124,=1.8434,=0.9451,=0.8724,=1.0703,=1.2447,=1.5425,=1.9541,=0.0256,=0.0961,=0.0259,=0.0270,=7
="931802",中证龙头,2010-02-09,=-0.0106,=1872.2100,=0.0153,=13.8997,=0.7807,=9.1945,=11.3302,=12.3774,=13.9956,=18.2393,=1.8893,=0.8108,=1.2921,=1.4620,=1.6604,=1.8799,=2.6625,=2.0164,=0.8219,=0.9048,=1.0759,=1.3385,=1.9885,=2.7195,=0.0324,=0.1325,=0.0308,=0.0299,=96
="932365",中证现金流,2024-12-11,=-0.0056,=4982.0900,=-0.0542,=13.9054,=0.7528,=10.1873,=10.9284,=11.9254,=14.3084,=15.8261,=1.4725,=0,=1.4725,=1.6833,=1.7854,=1.8865,=2.0150,=1.0578,=0,=1.0578,=1.1918,=1.4102,=1.5175,=1.6205,=0.0286,=0.1155,=0.0394,=0.0390,=657
="932368",800现金流,2024-12-11,=-0.0059,=4880.4300,=-0.0456,=13.9315,=0.7722,=9.9108,=10.8024,=11.6424,=14.2231,=15.6891,=1.4816,=0.0694,=1.4048,=1.5325,=1.6781,=1.8729,=2.0110,=1.1890,=0.3361,=1.0036,=1.1011,=1.3164,=1.3988,=1.5226,=0.0283,=0.1177,=0.0451,=0.0388,=226
="931082",A500现金流,2025-07-16,=-0.0031,=4395.1200,=-0.0306,=13.9765,=0.5115,=11.3087,=12.2356,=13.9135,=15.0160,=16.5522,=1.6162,=0,=1.6162,=1.7755,=1.8868,=1.9644,=2.0613,=1.2602,=0,=1.2602,=1.3559,=1.4732,=1.5669,=1.6378,=0.0315,=0.1166,,=0.0396,=118
="932366",300现金流,2024-11-12,=-0.0047,=3274.7300,=-0.0200,=13.9779,=0.4619,=12.5879,=13.4593,=14.0588,=14.9722,=16.2670,=1.5304,=0,=1.5304,=1.7392,=1.8333,=1.8999,=1.9885,=1.1430,=0.0446,=1.0861,=1.2317,=1.4020,=1.4432,=1.5124,=0.0285,=0.1163,=0.0355,=0.0410,=164
="931402",证券先锋,2020-01-14,=0.0128,=1739.0500,=-0.1661,=13.9997,=0.0032,=13.6795,=17.7392,=20.8193,=25.8686,=41.4692,=1.2117,=0.0768,=1.0487,=1.2871,=1.4667,=1.7500,=2.4715,=5.4547,=0.2679,=4.0917,=5.3121,=5.9011,=7.0824,=10.0278,=0.0214,=0.0819,=0.0203,=0.0220,=94
="399439",国证油气,2014-12-30,=-0.0151,=2087.5100,=0.0840,=14.0084,=0.4802,=7.2448,=10.6844,=15.2169,=29.9281,=98.7831,=1.3284,=0.8920,=0.6716,=0.7849,=1.1423,=1.2638,=1.8382,=0.7373,=0.9641,=0.2370,=0.3183,=0.5043,=0.5977,=0.9735,=0.0300,=0.0921,=0.0283,=0.0362,=98
="931248",油气资源,2023-06-12,=-0.0178,=1059.1200,=0.1591,=14.0575,=0.8748,=8.9017,=10.1762,=11.2077,=13.0244,=19.0700,=1.3206,=0.7288,=1.0292,=1.1495,=1.2132,=1.3621,=1.8318,=0.7371,=0.8762,=0.4486,=0.5086,=0.5892,=0.6656,=0.9774,=0.0301,=0.0906,=0.0280,=0.0360,=42
="950096",上海国企,2016-05-11,=0.0036,=1341.3900,=-0.1134,=14.0787,=0.6653,=8.9055,=11.0343,=12.5711,=15.1972,=16.5992,=1.0426,=0.3710,=0.7269,=0.8713,=1.1329,=1.5010,=2.0186,=1.1563,=0.8417,=0.5842,=0.6832,=0.8502,=1.1341,=1.2890,=0.0189,=0.0761,=0.0213,=0.0223,=169
="000908",300能源,2007-07-02,=-0.0218,=2601.8700,=0.1007,=14.0825,=0.5594,=6.9395,=9.4585,=13.2394,=22.1511,=62.7889,=1.3983,=0.9002,=0.7125,=0.8868,=1.1243,=1.2822,=1.8071,=0.8628,=0.9691,=0.3053,=0.3856,=0.5115,=0.6914,=1.0302,=0.0302,=0.1004,=0.0297,=0.0386,=269
="399975",证券公司,2013-07-15,=0.0123,=714.4200,=-0.1621,=14.0895,=0.0206,=12.3959,=18.6982,=21.4864,=26.4841,=46.0250,=1.2089,=0.0589,=1.0494,=1.3022,=1.5611,=1.8755,=2.4199,=5.4584,=0.2156,=4.0997,=5.4194,=6.3246,=7.4089,=10.0865,=0.0211,=0.0810,=0.0201,=0.0218,=9790
="000300",沪深300,2005-04-08,=-0.0111,=4748.5900,=0.0256,=14.2960,=0.8524,=10.0799,=11.6919,=12.6236,=14.1183,=17.6279,=1.4309,=0.4204,=1.1457,=1.3350,=1.4688,=1.6202,=1.9228,=1.5470,=0.9134,=1.0330,=1.1718,=1.3054,=1.4546,=1.7482,=0.0246,=0.0934,=0.0249,=0.0275,=48739
="932315",中证红利质量,2024-07-08,=-0.0038,=4175.7700,=-0.0750,=14.4654,=0.2925,=12.3916,=13.5202,=15.6613,=16.6223,=18.7206,=2.4962,=0.2538,=2.1812,=2.3632,=3.0968,=3.9985,=4.4900,=2.7797,=0.3097,=2.0136,=2.1684,=2.9820,=3.1877,=3.5388,=0.0482,=0.1829,=0.0412,=0.0391,=505
="930758",凤凰50,2018-11-21,=-0.0034,=8427.7700,=0.0580,=14.5029,=0.6063,=8.6050,=10.8080,=13.4856,=15.7510,=22.7753,=1.6875,=0.5243,=1.0496,=1.4314,=1.6540,=2.0853,=3.0708,=1.9941,=0.8781,=0.3622,=0.7519,=1.3132,=1.8896,=3.4064,=0.0281,=0.1135,=0.0262,=0.0308,=64
="000822",500红利,2012-07-20,=-0.0105,=10587.7500,=0.0406,=14.5327,=0.7572,=7.4138,=9.6102,=11.2701,=17.0465,=26.4578,=1.1986,=0.4378,=0.8670,=1.0202,=1.2383,=1.7328,=2.2876,=0.6650,=0.5618,=0.2906,=0.3999,=0.5823,=1.2217,=1.8159,=0.0233,=0.0658,=0.0188,=0.0372,=38
="HSSCHKC",恒生港股通香港公司指数,2017-11-20,=-0.0135,=3165.5900,=0.0186,=14.6239,=0.5401,=9.9660,=12.2167,=14.2845,=18.1957,=45.2058,=1.1661,=0.6974,=0.8018,=0.9526,=1.0977,=1.2426,=1.4001,=2.5907,=0.6774,=1.7566,=2.0728,=2.3883,=2.7451,=3.2431,,,,=0.0387,=15
="931454",港股通消费,2020-03-06,=0.0069,=1377.7000,=-0.1052,=14.6421,=0.0026,=14.4081,=20.7049,=27.5803,=37.2012,=64.7193,=2.4494,=0.0026,=2.4102,=3.2008,=3.6495,=5.1246,=8.9519,=1.3275,=0.0026,=1.3063,=1.9559,=2.3915,=3.5943,=6.6047,,=0.1670,,=0.0466,=363
="H30198",油气产业,2013-07-15,=-0.0134,=2370.0100,=0.1251,=14.6662,=0.5107,=7.8064,=10.8455,=14.1245,=25.4883,=104.2111,=1.3507,=0.9092,=0.6580,=0.8160,=1.1453,=1.2527,=1.8532,=0.7295,=0.9616,=0.2505,=0.3200,=0.4772,=0.5895,=0.9554,=0.0307,=0.0868,=0.0269,=0.0341,=107
="980028",龙头家电,2015-02-16,=-0.0050,=11740.6200,=-0.0673,=14.6818,=0.5136,=11.8600,=13.7119,=14.6394,=18.6371,=31.1013,=2.4999,=0.0253,=2.3382,=2.6662,=2.9112,=3.6790,=5.1202,=1.3467,=0.5538,=0.9787,=1.2019,=1.3311,=1.4830,=2.2318,=0.0430,=0.1789,=0.0477,=0.0437,=181
="H11057",石化产业,2009-07-22,=0.0014,=1329.4100,=-0.0267,=14.7989,=0.6080,=9.0713,=11.9892,=13.9328,=19.4517,=46.6548,=1.4888,=0.8778,=0.9085,=1.1892,=1.3418,=1.4419,=1.9948,=0.8021,=0.8979,=0.4002,=0.4798,=0.6099,=0.7512,=1.0264,=0.0331,=0.0946,=0.0281,=0.0319,=63
="000928",中证能源,2009-07-03,=-0.0267,=3452.0100,=0.1714,=14.8344,=0.6167,=6.9612,=9.7906,=13.1602,=21.7093,=68.9647,=1.4125,=0.9159,=0.7281,=0.9359,=1.1492,=1.2979,=1.8006,=0.8777,=0.9707,=0.3162,=0.4106,=0.5298,=0.7015,=1.0383,=0.0289,=0.0960,=0.0282,=0.0364,=1289
="931238",SSH黄金股票,2017-10-17,=-0.0254,=2697.8600,=-0.1709,=14.8976,=0,=14.8976,=18.5767,=23.6328,=35.8373,=92.1543,=3.0096,=0.9005,=1.4294,=1.8159,=2.0163,=2.3438,=6.0579,=0.9647,=0.9117,=0.3659,=0.4653,=0.5498,=0.6618,=1.9529,,=0.1869,,=0.0216,=324
="HSCGSI",恒生消费指数,2015-08-17,=0.0050,=2397.6300,=-0.0712,=14.9591,=0.0110,=14.2396,=17.9428,=20.3555,=46.9799,=191.0166,=2.5017,=0.4254,=1.6557,=2.1415,=2.5823,=3.0646,=4.3429,=1.3407,=0.2885,=0.9965,=1.2545,=1.5540,=1.8502,=2.9413,,,,=0.0444,=821
="000955",中证国企,2010-02-09,=-0.0060,=1562.3500,=-0.0208,=15.0354,=0.8219,=10.0979,=11.7062,=12.7334,=14.9268,=16.8119,=1.2473,=0.3928,=1.0210,=1.1826,=1.2940,=1.4479,=1.7591,=1.2863,=0.8137,=0.7969,=0.9757,=1.0900,=1.2783,=1.4527,=0.0213,=0.0765,=0.0217,=0.0273,=40
="HSHK35",恒生香港35,2003-01-20,=-0.0138,=2963.9600,=0.0384,=15.0459,=0.5920,=9.7413,=12.1132,=14.2561,=17.5924,=47.6465,=1.1769,=0.7058,=0.7649,=0.9586,=1.0966,=1.2309,=1.3547,=3.1922,=0.8135,=2.1814,=2.5867,=2.8811,=3.1775,=3.7366,,,,=0.0400,=116
="931021",家电龙头,2017-10-17,=-0.0170,=16714.2200,=-0.0748,=15.1340,=0.3984,=11.3343,=14.2251,=15.8142,=19.3815,=31.7589,=2.4148,=0.0119,=2.3685,=2.6473,=3.0553,=3.9088,=5.4650,=1.2327,=0.4945,=0.8457,=1.1166,=1.2351,=1.4879,=2.4102,=0.0396,=0.1676,=0.0453,=0.0417,=24
="HSMI",恒生综合中型股指数,2001-10-03,=-0.0111,=4672.6900,=-0.0621,=15.2179,=0.8761,=7.1837,=9.6369,=11.2542,=14.6714,=19.0737,=1.2180,=0.7879,=0.6229,=0.7817,=1.0105,=1.2276,=1.5312,=0.9879,=0.9447,=0.4186,=0.5568,=0.6724,=0.8094,=1.0938,,,,=0.0291,=162
="399699",金融科技,2017-06-09,=-0.0211,=3420.9900,=-0.2351,=15.2322,=0.0369,=14.0983,=16.7535,=19.3991,=44.6189,=111.6316,=1.7315,=0.1600,=1.2665,=1.8036,=2.2860,=3.4017,=4.4660,=1.4251,=0.2633,=1.0709,=1.3755,=1.6270,=1.9155,=3.0519,=0.0209,=0.1027,=0.0223,=0.0246,=324
="399324",深证红利,2006-01-24,=-0.0015,=8425.1700,=-0.0793,=15.3116,=0.3693,=11.7065,=14.4385,=15.7588,=17.7170,=23.4132,=2.1667,=0.4827,=1.2884,=1.9036,=2.1883,=2.5075,=3.7254,=1.8007,=0.5841,=1.1033,=1.3622,=1.7402,=1.9640,=2.8578,=0.0424,=0.1345,=0.0450,=0.0435,=5220
="000066",上证商品,2010-04-30,=-0.0187,=3828.5600,=0.0855,=15.3436,=0.5239,=7.9120,=11.1675,=15.0781,=23.3361,=53.3084,=1.6831,=0.9481,=0.9403,=1.2106,=1.3354,=1.4933,=2.2405,=0.9694,=0.9584,=0.4082,=0.5256,=0.6501,=0.7734,=1.2223,=0.0347,=0.1091,=0.0303,=0.0313,=78
="000092",资源50,2011-05-10,=-0.0122,=4933.6100,=0.0106,=15.3864,=0.5474,=7.9483,=11.3499,=14.9178,=23.0008,=52.0101,=1.7549,=0.9542,=0.9579,=1.2592,=1.3939,=1.5302,=2.3324,=1.0037,=0.9584,=0.4148,=0.5541,=0.6760,=0.7856,=1.2646,=0.0363,=0.1132,=0.0314,=0.0306,=36
="000068",上证资源,2010-05-28,=-0.0200,=4166.3700,=0.0347,=15.4263,=0.5111,=7.8012,=11.1450,=15.2170,=25.0031,=73.1997,=1.6967,=0.9530,=0.8674,=1.1479,=1.3084,=1.4772,=2.2515,=0.9722,=0.9588,=0.3742,=0.5012,=0.6093,=0.7670,=1.2220,=0.0351,=0.1097,=0.0307,=0.0310,=306
="000860",结构调整,2018-03-26,=-0.0098,=1250.3900,=0.0213,=15.5291,=0.6905,=9.5233,=12.4459,=13.9226,=16.3799,=20.6443,=1.3880,=0.5774,=1.1018,=1.2868,=1.3708,=1.4551,=1.6430,=0.8882,=0.9593,=0.4658,=0.5861,=0.6764,=0.7884,=0.9608,=0.0222,=0.0831,=0.0231,=0.0323,=143
="000986",全指能源,2011-08-02,=-0.0271,=2718.2500,=0.1645,=15.5718,=0.6331,=6.8032,=9.9968,=13.3657,=21.6305,=75.0146,=1.4177,=0.9196,=0.7554,=0.9688,=1.1725,=1.3142,=1.7977,=0.8912,=0.9707,=0.3323,=0.4459,=0.5658,=0.7191,=1.0524,=0.0281,=0.0918,=0.0274,=0.0351,=602
="932037",央企现代能源,2022-11-16,=-0.0184,=1498.9700,=0.0273,=15.6441,=0.9049,=10.8583,=11.9774,=12.8278,=14.1696,=18.2611,=1.5387,=0.7425,=1.1507,=1.3373,=1.4175,=1.5713,=1.8914,=0.9392,=0.9107,=0.4850,=0.6168,=0.7499,=0.8232,=1.0835,=0.0273,=0.0952,=0.0272,=0.0328,=34
="000861",央企创新,2019-05-16,=-0.0110,=2634.7400,=0.0267,=15.9212,=0.8676,=10.3360,=12.0186,=13.3881,=15.0160,=18.8086,=1.4280,=0.9137,=1.0351,=1.1865,=1.2971,=1.3858,=1.5975,=0.8378,=0.9557,=0.4544,=0.5191,=0.5826,=0.7303,=0.8999,=0.0222,=0.0826,=0.0232,=0.0306,=266
="000805",A股资源,2012-01-06,=-0.0194,=7490.5100,=0.0564,=15.9296,=0.5266,=7.9265,=11.4609,=15.6456,=24.5310,=73.5792,=1.8005,=0.9563,=0.9200,=1.1959,=1.3623,=1.5110,=2.3735,=1.0170,=0.9588,=0.3865,=0.5298,=0.6350,=0.7722,=1.2754,=0.0371,=0.1115,=0.0305,=0.0291,=4
="399375",中盘价值,2010-01-04,=-0.0099,=6143.1300,=0.0353,=15.9575,=0.7700,=9.0528,=10.9370,=12.3149,=16.7455,=33.1718,=1.4300,=0.7259,=1.0236,=1.1932,=1.3322,=1.5516,=1.9880,=0.9736,=0.7857,=0.5167,=0.6432,=0.7490,=0.9808,=1.2323,=0.0258,=0.0785,=0.0211,=0.0294,=186
="399974",国企改革,2014-08-07,=-0.0095,=1935.3000,=0.0193,=15.9649,=0.7238,=8.5408,=11.0130,=13.4104,=16.9739,=23.5243,=1.4051,=0.3318,=1.0768,=1.3337,=1.4805,=1.8365,=2.8970,=1.1038,=0.6641,=0.6803,=0.8909,=0.9927,=1.2484,=2.2060,=0.0239,=0.0809,=0.0242,=0.0287,=372
="000961",中证上游,2010-04-16,=-0.0180,=5071.4900,=0.0016,=16.1039,=0.5359,=8.3063,=11.4863,=15.6996,=24.9851,=72.6914,=1.8300,=0.9563,=0.9003,=1.1960,=1.3613,=1.5227,=2.4036,=1.0322,=0.9588,=0.3813,=0.5134,=0.6294,=0.7730,=1.2905,=0.0373,=0.1119,=0.0305,=0.0288,=45
="931404",SHS品牌消费50,2020-02-20,=0.0090,=2297.6900,=-0.1491,=16.1054,=0.0163,=15.2551,=18.4123,=21.5989,=30.3759,=52.1290,=3.3544,=0.0075,=3.2381,=4.5918,=5.2867,=7.2833,=13.2899,=2.9024,=0.0853,=2.1582,=3.1783,=4.0959,=6.4135,=12.0094,,=0.2165,,=0.0307,=134
="000944",内地资源,2009-10-28,=-0.0168,=5284.2200,=-0.0043,=16.1082,=0.5447,=8.0950,=11.4362,=15.6020,=23.9039,=66.3491,=1.8177,=0.9563,=0.8945,=1.1840,=1.3549,=1.5168,=2.3924,=1.0246,=0.9588,=0.3754,=0.5050,=0.6228,=0.7691,=1.2835,=0.0374,=0.1109,=0.0304,=0.0290,=4
="H30095",医药红利,2013-07-02,=0.0098,=13881.4500,=-0.1021,=16.2018,=0.0489,=14.6474,=17.2756,=19.7575,=27.1729,=34.8020,=1.6422,=0.0244,=1.4797,=1.8006,=2.4491,=3.1475,=4.2060,=0.9463,=0.1510,=0.7612,=0.9935,=1.5172,=2.0137,=2.8268,=0.0293,=0.1019,=0.0311,=0.0377,=91
="931268",持续发展,2019-11-15,=-0.0097,=2231.5100,=0.0085,=16.2538,=0.7985,=14.1354,=15.0308,=15.4890,=16.2538,=17.1877,=2.1457,=0.5741,=1.7338,=1.8293,=1.9153,=2.2563,=2.3440,=1.7588,=0.3346,=1.5998,=1.7190,=1.7901,=1.8188,=1.8598,=0.0313,=0.1256,=0.0323,=0.0296,=18
="931068",消费龙头,2018-11-21,=0.0059,=10769.3100,=-0.1500,=16.3400,=0.0241,=15.6061,=18.3486,=22.9908,=30.0768,=44.3922,=3.0753,=0.0016,=3.0520,=4.1489,=4.7401,=6.5994,=10.3805,=2.0333,=0.0410,=1.8019,=2.6682,=3.2756,=4.1062,=7.0508,=0.0518,=0.2083,=0.0600,=0.0423,=2362
="000842",800等权,2012-12-21,=-0.0120,=7214.3200,=0.0209,=16.4332,=0.9040,=10.7808,=12.9023,=14.0891,=15.9207,=18.9686,=1.5740,=0.5383,=1.1816,=1.3959,=1.5515,=1.7186,=1.9628,=1.5761,=0.9489,=1.0117,=1.1472,=1.2952,=1.4774,=1.6631,=0.0241,=0.0890,=0.0237,=0.0244,=160
="000906",中证800,2007-01-15,=-0.0118,=5315.5400,=0.0404,=16.4332,=0.9040,=10.7808,=12.9023,=14.0891,=15.9207,=18.9686,=1.5740,=0.5383,=1.1816,=1.3959,=1.5515,=1.7186,=1.9628,=1.5761,=0.9489,=1.0117,=1.1472,=1.2952,=1.4774,=1.6631,=0.0241,=0.0890,=0.0237,=0.0244,=2677
="930697",家用电器,2015-07-07,=-0.0139,=11893.7572,=-0.0701,=16.4622,=0.3838,=12.0193,=15.4243,=17.0986,=19.8234,=32.1495,=2.4355,=0.0371,=2.2889,=2.6728,=3.2787,=3.9701,=5.2226,=1.2670,=0.3990,=0.9879,=1.1843,=1.3050,=1.6199,=2.3694,=0.0370,=0.1413,=0.0419,=0.0385,=1732
="931645",1000红利,2024-03-15,=-0.0061,=2345.8000,=-0.0549,=16.4935,=0.9463,=11.2896,=12.4116,=13.6139,=14.7756,=18.1886,=1.1452,=0.2593,=0.9871,=1.1308,=1.1958,=1.2448,=1.3469,=0.7439,=0.4204,=0.5734,=0.6702,=0.7589,=0.8181,=0.8871,=0.0179,=0.0646,=0.0199,=0.0336,=23
="000945",内地运输,2009-10-28,=0.0018,=1370.7700,=-0.0724,=16.5641,=0.2197,=13.9394,=16.4767,=19.4951,=27.8199,=72.7429,=1.2410,=0.0008,=1.2304,=1.4089,=1.5665,=1.7788,=2.4452,=0.7447,=0.3438,=0.5140,=0.6447,=0.9206,=1.4096,=1.9188,=0.0219,=0.0581,=0.0167,=0.0305,=76
="H30089",红利潜力,2013-07-02,=-0.0050,=9246.7200,=-0.0703,=16.5764,=0.4242,=12.7702,=15.7291,=16.9488,=20.7352,=29.7267,=2.6783,=0.6393,=1.4650,=1.9921,=2.4873,=2.9135,=4.3960,=2.1892,=0.8137,=0.7611,=0.9501,=1.7484,=2.1677,=2.8465,=0.0404,=0.1605,=0.0444,=0.0354,=550
="930716",CS物流,2015-07-31,=-0.0036,=1188.9500,=0.0126,=16.5800,=0.3982,=6.6312,=13.0083,=18.9906,=34.3857,=505.8138,=1.2150,=0.0309,=1.1511,=1.3048,=1.9849,=2.7390,=3.8580,=0.4384,=0.3755,=0.2137,=0.3289,=0.4565,=0.7555,=1.0555,=0.0197,=0.0542,=0.0209,=0.0330,=244
="931139",CS消费50,2019-03-20,=0.0098,=13660.7600,=-0.1438,=16.6315,=0.0617,=15.4419,=18.2260,=24.0829,=30.2107,=47.8630,=2.9829,=0.0029,=2.9513,=4.0421,=5.3446,=7.0861,=12.5456,=2.1494,=0.0011,=2.1266,=2.6141,=3.1857,=4.4684,=9.1270,=0.0528,=0.1922,=0.0638,=0.0461,=2205
="H11136",中国互联网,2011-09-20,=0.0083,=3972.2081,=-0.2549,=16.6693,=0.0407,=14.7773,=20.0730,=42.7367,=57.4994,=137.0698,=2.1766,=0.0161,=1.7247,=2.5586,=4.6946,=6.7410,=9.7098,=1.8913,=0.0161,=1.5020,=2.2567,=4.3670,=6.5160,=9.1092,,,,=0.0113,=3350
="H30533",中国互联网50,2014-12-29,=0.0017,=7037.7459,=-0.2492,=16.6895,=0.0238,=14.9049,=20.4072,=41.6705,=57.1746,=137.0698,=2.1810,=0.0177,=1.7082,=2.5604,=4.6920,=6.7227,=9.7098,=1.8471,=0.0177,=1.4305,=2.1850,=4.3580,=6.4332,=9.1092,,,,=0.0106,=6787
="930604",中国互联网30,2015-03-23,=0.0025,=7493.0830,=-0.2509,=16.7532,=0.0292,=14.9187,=20.2299,=42.2916,=59.2813,=131.9396,=2.2154,=0.0150,=1.7582,=2.6099,=4.7981,=7.0824,=10.3841,=1.8496,=0.0177,=1.4482,=2.1985,=4.1730,=6.4486,=9.5870,,,,=0.0102,=633
="399286",区块链50,2019-12-24,=-0.0137,=3346.2200,=-0.1649,=16.7782,=0.0998,=13.8844,=17.9978,=20.8483,=28.7350,=40.1853,=1.8046,=0.1689,=1.4262,=1.8641,=2.1228,=2.7628,=3.6332,=1.7171,=0.3423,=1.3177,=1.5877,=1.8508,=2.0949,=2.8188,=0.0273,=0.0903,=0.0252,=0.0266,=154
="931587",500价值稳健,2020-11-09,=-0.0035,=21307.2900,=-0.0291,=16.8588,=0.9458,=9.7530,=12.1853,=14.1322,=15.5098,=19.8926,=1.2922,=0.7982,=0.8925,=1.0543,=1.1537,=1.2934,=1.5437,=0.6189,=0.9096,=0.3384,=0.4591,=0.5111,=0.5802,=0.7126,=0.0221,=0.0672,=0.0198,=0.0354,=78
="H30171",运输指数,2013-07-15,=-0.0010,=1507.7200,=-0.0677,=16.8598,=0.2807,=14.1889,=16.3741,=18.0557,=25.4634,=51.4445,=1.2376,=0.0070,=1.1989,=1.3549,=1.5051,=1.6903,=2.3737,=0.6390,=0.2375,=0.5217,=0.6279,=0.8579,=1.1979,=1.9196,=0.0207,=0.0585,=0.0181,=0.0292,=85
="399348",深证价值,2009-11-04,=-0.0113,=6442.4200,=-0.0122,=16.9046,=0.7263,=9.9756,=12.8084,=14.9124,=17.5422,=21.4453,=1.6296,=0.3895,=1.2527,=1.4911,=1.7230,=2.1177,=2.9268,=1.2436,=0.5808,=0.8306,=1.0363,=1.1856,=1.6175,=2.1193,=0.0245,=0.0871,=0.0201,=0.0279,=294
="399310",国证A50,2005-09-05,=-0.0133,=8068.6700,=0.0064,=16.9643,=0.8438,=8.8433,=10.4892,=13.4873,=16.1804,=22.6576,=1.9363,=0.7226,=1.1237,=1.2930,=1.6583,=2.0351,=2.9417,=1.4579,=0.7527,=0.9633,=1.1334,=1.2388,=1.5052,=2.2769,=0.0272,=0.1076,=0.0263,=0.0246,=287
="HSMSI",恒生综合中小型股指数,2015-06-08,=-0.0121,=2746.3200,=-0.0703,=16.9777,=0.9122,=7.2058,=10.0582,=12.4196,=15.4367,=18.8438,=1.1704,=0.7590,=0.6157,=0.7686,=1.0042,=1.2086,=1.4952,=0.8953,=0.8765,=0.4020,=0.5319,=0.6807,=0.8377,=1.0389,,,,=0.0285,=161
="000001",上证指数,1991-07-15,=-0.0042,=3993.2300,=0.0061,=17.0215,=0.9666,=10.8403,=12.7209,=13.8351,=15.8501,=17.9144,=1.4727,=0.5556,=1.1148,=1.3021,=1.4416,=1.5732,=1.8463,=1.4986,=0.9468,=0.9369,=1.0774,=1.2154,=1.3890,=1.5771,=0.0219,=0.0804,=0.0221,=0.0240,=1412
="000979",大宗商品,2011-08-22,=-0.0120,=6920.1200,=0.0200,=17.0536,=0.5453,=9.9333,=12.8903,=16.3923,=23.2883,=55.6298,=1.7788,=0.9365,=1.1381,=1.3668,=1.4830,=1.6218,=2.3336,=0.9830,=0.9575,=0.4909,=0.5833,=0.6998,=0.8247,=1.2291,=0.0335,=0.1029,=0.0285,=0.0279,=700
="931371",品牌消费100,2019-11-25,=0.0085,=5714.1500,=-0.1326,=17.0704,=0.1475,=14.6106,=17.5051,=22.5295,=30.6762,=41.6881,=2.9165,=0.0019,=2.8896,=3.7135,=4.6898,=6.5649,=9.5576,=1.8964,=0.0492,=1.7483,=2.1187,=2.7005,=3.8832,=5.3339,=0.0505,=0.1847,=0.0654,=0.0436,=5
="000918",300成长,2008-01-21,=-0.0159,=5555.6700,=0.0919,=17.1233,=0.5870,=11.6107,=14.2908,=16.6907,=20.6304,=29.9826,=2.4674,=0.3405,=1.8759,=2.2933,=2.7879,=4.3091,=6.1771,=2.5896,=0.8038,=1.1680,=1.5324,=1.7714,=2.5845,=3.9548,=0.0348,=0.1486,=0.0340,=0.0207,=793
="000909",300材料,2007-07-02,=-0.0122,=3677.1900,=-0.1029,=17.1551,=0.4171,=10.2722,=14.5958,=18.2548,=25.4930,=46384.3131,=2.3017,=0.7086,=1.4655,=1.7207,=1.9877,=2.4607,=3.8763,=1.1353,=0.6892,=0.6983,=0.8432,=0.9712,=1.2315,=1.9427,=0.0473,=0.1225,=0.0288,=0.0194,=17
="930838",CS高股息,2016-06-08,=-0.0076,=6858.8200,=-0.0499,=17.1902,=0.4518,=10.7704,=14.2530,=17.9180,=22.5023,=29.5345,=3.1995,=0.7440,=1.8272,=2.3324,=2.8192,=3.4700,=5.4603,=3.0741,=0.5894,=1.6703,=2.0490,=2.4830,=3.7457,=5.1335,=0.0550,=0.1877,=0.0570,=0.0273,=171
="930796",全球中国互联网,2016-04-22,=0.0014,=1634.8742,=-0.2502,=17.2050,=0.0215,=15.2629,=21.3012,=39.6721,=53.8907,=115.7107,=2.2727,=0.0196,=1.8023,=2.6737,=4.6703,=6.9373,=9.6202,=1.9439,=0.0188,=1.5064,=2.2911,=3.8637,=6.4798,=9.5215,,=0.1307,,=0.0106,=36
="000046",上证中小,2009-07-03,=-0.0104,=5360.7500,=0.0453,=17.2205,=0.6818,=10.5504,=12.1058,=15.2242,=18.3471,=22.4992,=1.4777,=0.4938,=1.0626,=1.2077,=1.4819,=1.8185,=2.0905,=1.3923,=0.7857,=0.8596,=1.0256,=1.1229,=1.4096,=1.6429,=0.0219,=0.0784,=0.0213,=0.0235,=344
="932367",500现金流,2024-11-12,=-0.0117,=3508.2800,=-0.0413,=17.2571,=0.6273,=12.7635,=14.0009,=16.6813,=18.4429,=20.8865,=1.8079,=0.6089,=1.5076,=1.6659,=1.7604,=1.9919,=2.3672,=1.1531,=0.3150,=0.8955,=1.1014,=1.2389,=1.2872,=1.4394,=0.0308,=0.1139,=0.0305,=0.0347,=115
="000510",中证A500,2024-09-23,=-0.0132,=5902.9700,=0.0461,=17.2641,=0.8058,=12.2476,=14.4518,=15.4375,=17.2317,=18.3286,=1.6620,=0.5995,=1.2883,=1.4904,=1.5825,=1.7092,=1.7791,=1.4817,=0.7864,=1.0081,=1.2165,=1.3172,=1.4969,=1.5731,=0.0241,=0.0887,=0.0240,=0.0242,=2230
="399398",绩效指数,2012-11-19,=-0.0149,=10084.3700,=-0.0483,=17.2975,=0.3866,=9.4274,=11.7202,=18.3597,=21.6274,=36.1591,=2.9201,=0.3021,=1.3119,=1.7666,=3.5797,=4.3854,=6.4752,=3.0293,=0.6187,=1.5230,=2.2089,=2.8761,=3.4328,=5.0073,=0.0495,=0.1771,=0.0433,=0.0387,=22
="399311",国证1000,2005-02-03,=-0.0119,=5160.4400,=0.0409,=17.3859,=0.9147,=11.0854,=13.3222,=14.6211,=16.7656,=19.8966,=1.6124,=0.5354,=1.1918,=1.4217,=1.5928,=1.8011,=2.0383,=1.5763,=0.9159,=1.0112,=1.1700,=1.3061,=1.5213,=1.7074,=0.0236,=0.0857,=0.0233,=0.0234,=139
="931167",先进制造100,2019-04-25,=-0.0187,=7687.4700,=-0.0070,=17.3915,=0.8528,=10.3762,=12.9965,=14.2119,=16.7350,=20.9116,=2.9369,=0.8864,=1.6383,=2.0227,=2.2549,=2.5709,=3.3727,=1.9874,=0.9444,=0.9031,=1.2314,=1.4359,=1.6507,=2.1795,=0.0404,=0.1483,=0.0310,=0.0298,=340
="000150",380红利,2012-07-20,=-0.0099,=12044.7400,=0.0421,=17.3942,=0.8644,=5.2545,=8.5513,=12.0927,=16.4828,=19.8070,=1.1872,=0.3533,=0.6172,=0.8678,=1.3598,=1.6844,=2.2592,=0.5216,=0.4650,=0.2775,=0.3623,=0.5447,=1.6840,=2.3204,=0.0206,=0.0377,=0.0185,=0.0398,=43
="1000004",上海A股,1994-01-01,=-0.0042,=3993.2300,=0.0061,=17.4008,=0.9584,=10.8441,=12.9364,=14.2658,=16.1035,=18.4959,=1.4953,=0.5598,=1.1181,=1.3162,=1.4440,=1.5985,=1.8457,=1.5254,=0.9637,=0.9734,=1.0889,=1.2352,=1.3881,=1.6065,=0.0219,=0.0804,=0.0221,=0.0236,=4920
="H11059",工业有色,2009-07-22,=-0.0122,=3941.4900,=-0.0101,=17.5923,=0.2951,=10.0577,=14.5635,=28.2809,=53.2943,=131.1130,=3.2085,=0.8197,=1.4392,=1.9948,=2.3977,=3.1640,=4.9901,=1.1941,=0.8586,=0.5048,=0.7376,=0.8583,=1.1368,=1.8706,=0.0664,=0.1735,=0.0401,=0.0176,=128
="000903",中证A100,2006-05-29,=-0.0131,=4598.6400,=0.0250,=17.6311,=0.9753,=9.4390,=11.1586,=12.4861,=14.1277,=18.7565,=1.7984,=0.9258,=1.1800,=1.3779,=1.5137,=1.6674,=1.9625,=1.4260,=0.8862,=0.9660,=1.1007,=1.2134,=1.3718,=1.6207,=0.0253,=0.0942,=0.0251,=0.0267,=3081
="930050",中证A50,2024-01-02,=-0.0122,=1805.0500,=0.0098,=17.8015,=0.6508,=13.9812,=15.9305,=17.4677,=18.1473,=19.9330,=2.1238,=0.5963,=1.7817,=1.9655,=2.0841,=2.2047,=2.3759,=1.5571,=0.8194,=1.0165,=1.1251,=1.3640,=1.5452,=1.6491,=0.0291,=0.1115,=0.0275,=0.0275,=981
="932369",1000现金流,2024-11-12,=-0.0018,=3258.3700,=-0.1164,=17.8868,=0.2546,=16.0705,=17.7139,=18.5030,=19.4781,=21.4836,=1.4574,=0.0026,=1.4419,=1.5629,=1.6599,=1.7607,=1.8728,=0.8280,=0.0367,=0.8034,=0.9071,=1.0208,=1.0684,=1.3230,=0.0245,=0.0821,=0.0237,=0.0292,=58
="931357",优选消费50,2019-11-15,=0.0084,=2462.4900,=-0.1793,=17.8910,=0.0241,=16.9989,=20.4995,=25.2809,=33.0775,=53.0529,=2.8143,=0.0036,=2.7469,=3.6981,=4.3914,=7.1803,=11.6208,=1.7865,=0.0036,=1.7482,=2.3202,=2.7365,=5.2094,=8.8232,,=0.1689,,=0.0257,=389
="000911",300可选,2007-07-02,=-0.0058,=5698.1300,=-0.1387,=17.9614,=0.4604,=11.4175,=16.2318,=18.2502,=24.5366,=45.8432,=1.9634,=0.0165,=1.8544,=2.2902,=2.5505,=3.0218,=4.4626,=0.9247,=0.1389,=0.7162,=0.9635,=1.1015,=1.3297,=2.0518,=0.0241,=0.1159,=0.0309,=0.0289,=29
="399991",一带一路,2015-02-16,=-0.0237,=3479.4800,=0.1739,=18.1442,=0.7391,=9.4567,=11.6727,=14.1026,=19.8231,=34.5905,=1.5840,=0.9505,=1.0035,=1.1547,=1.2475,=1.4276,=1.7680,=0.6936,=0.9448,=0.3598,=0.4252,=0.4777,=0.6056,=0.7518,=0.0240,=0.0795,=0.0217,=0.0225,=580
="000917",300公用,2007-07-02,=-0.0040,=2531.4100,=0.0286,=18.1558,=0.5614,=13.3250,=16.2035,=17.8377,=20.5953,=34.2477,=1.9314,=0.4435,=1.4019,=1.6987,=1.9706,=2.1718,=2.6347,=1.9697,=0.7725,=1.3139,=1.6332,=1.8147,=1.9940,=3.2322,=0.0223,=0.0974,=0.0266,=0.0301,=35
="000811",细分有色,2012-04-11,=-0.0157,=10607.7000,=-0.0674,=18.2073,=0.2102,=13.5118,=17.9724,=30.1516,=57.9569,=312.9068,=3.0300,=0.7226,=1.7438,=2.0869,=2.5623,=3.1422,=4.8073,=1.1868,=0.8046,=0.6338,=0.7856,=0.9038,=1.1844,=1.9173,=0.0611,=0.1531,=0.0352,=0.0161,=189
="000937",中证公用,2009-07-03,=-0.0173,=2700.9800,=0.0829,=18.2968,=0.4435,=13.4460,=16.5319,=18.6422,=21.1313,=46.5328,=1.7844,=0.5194,=1.3423,=1.6286,=1.7740,=1.9633,=2.2557,=1.8181,=0.8059,=1.2657,=1.4810,=1.5857,=1.8045,=3.2521,=0.0215,=0.0905,=0.0250,=0.0273,=334
="931697",消费50策略,2021-07-12,=-0.0032,=7259.7300,=-0.1467,=18.3255,=0.1497,=16.4104,=18.5905,=20.9631,=31.3651,=38.9422,=2.7131,=0.0017,=2.7081,=3.5435,=3.8931,=5.2156,=7.0736,=1.4662,=0.0017,=1.4635,=1.7820,=1.9327,=2.8658,=3.5305,=0.0408,=0.1608,=0.0542,=0.0371,=61
="H30094",消费红利,2013-07-02,=0.0045,=30905.1700,=-0.1679,=18.6429,=0.0392,=16.2060,=21.6170,=27.7719,=33.4547,=59.6542,=3.3620,=0.0012,=3.3185,=4.3754,=5.3354,=6.7479,=11.0368,=3.9651,=0.3895,=2.0003,=3.2546,=4.3047,=5.3148,=8.4259,=0.0717,=0.1905,=0.0792,=0.0449,=2124
="000995",全指公用,2011-08-02,=-0.0206,=2799.7100,=0.0840,=18.6566,=0.4683,=14.4124,=16.6771,=18.9016,=23.9608,=55.0107,=1.7794,=0.6319,=1.2839,=1.5403,=1.7276,=1.8686,=2.1268,=1.8300,=0.8112,=1.2094,=1.4214,=1.5277,=1.8066,=2.4023,=0.0217,=0.0896,=0.0244,=0.0268,=318
="931892",有色矿业,2013-07-15,=-0.0156,=3799.0900,=-0.0422,=18.6945,=0.1999,=13.1272,=18.6945,=31.6691,=57.4196,=131.9594,=3.3320,=0.8599,=1.7020,=2.1368,=2.5271,=3.1605,=5.3430,=1.2505,=0.8302,=0.6092,=0.7896,=0.9202,=1.2216,=2.0391,=0.0653,=0.1630,=0.0363,=0.0145,=191
="399395",国证有色,2012-10-29,=-0.0134,=9223.2000,=-0.0463,=18.7375,=0.2366,=12.7731,=17.8787,=29.1737,=56.1826,=326.9035,=3.1316,=0.8310,=1.7304,=2.0833,=2.5070,=3.0761,=4.8522,=1.2465,=0.8800,=0.6150,=0.7945,=0.9086,=1.1705,=1.9521,=0.0618,=0.1543,=0.0354,=0.0159,=662
="000942",内地消费,2009-10-28,=0.0023,=8607.5800,=-0.1580,=18.7726,=0.2164,=14.4412,=18.7088,=21.7472,=33.3379,=52.6356,=2.4873,=0.0004,=2.4816,=3.1410,=3.6911,=5.0424,=7.7211,=1.3968,=0.1331,=1.1096,=1.4982,=1.7720,=2.5493,=4.1228,=0.0371,=0.1426,=0.0493,=0.0362,=764
="000819",有色金属,2012-05-09,=-0.0140,=8931.1200,=-0.0440,=18.7836,=0.2461,=12.4710,=17.7541,=29.0748,=56.1161,=216.1722,=3.2183,=0.7815,=1.7791,=2.1409,=2.6247,=3.2494,=4.9698,=1.2635,=0.7778,=0.6317,=0.8246,=0.9661,=1.2813,=1.9863,=0.0625,=0.1569,=0.0361,=0.0162,=1977
="930708",中证有色,2015-07-13,=-0.0153,=2920.9000,=-0.0529,=18.8403,=0.2279,=13.9228,=18.4062,=30.7017,=58.6780,=425.7934,=3.0169,=0.6983,=1.7134,=2.0956,=2.5631,=3.1544,=4.7639,=1.1114,=0.7197,=0.6123,=0.7796,=0.8963,=1.1989,=1.7984,=0.0592,=0.1479,=0.0346,=0.0155,=516
="932152",港股通成长策略,2025-04-30,=-0.0060,=1116.0700,=-0.1575,=18.8777,=0.4542,=16.5252,=18.2343,=19.1596,=21.2226,=22.5567,=2.4633,=0.1209,=2.1900,=2.5492,=2.7266,=2.8347,=3.0449,=1.8902,=0.1099,=1.7556,=1.9428,=2.1088,=2.2186,=2.3595,,=0.1305,,=0.0200,=8
="000126",消费50,2011-12-09,=-0.0052,=6635.4600,=-0.2019,=19.0425,=0.0870,=15.1608,=20.3024,=22.8714,=32.8709,=57.2206,=2.5273,=0.0223,=2.2360,=3.0006,=3.4009,=4.8666,=7.3797,=1.4781,=0.3256,=0.9155,=1.2462,=1.8265,=2.6426,=3.8011,=0.0406,=0.1407,=0.0455,=0.0352,=83
="000931",中证可选,2009-07-03,=-0.0163,=5353.7400,=-0.1385,=19.2704,=0.3285,=12.9961,=17.9588,=20.2090,=26.0964,=47.1695,=2.0723,=0.1434,=1.6991,=2.1408,=2.5006,=2.8197,=3.7874,=0.9809,=0.2069,=0.7260,=0.9756,=1.1199,=1.2835,=1.9265,=0.0252,=0.1143,=0.0305,=0.0272,=840
="931663",SHS消费龙头,2015-03-13,=0.0023,=1719,=-0.1540,=19.2827,=0.1288,=14.4278,=20.2779,=26.7236,=37.0770,=57.5191,=2.6944,=0,=2.6944,=3.4028,=4.3131,=6.1339,=13.5979,=1.8169,=0.1693,=1.3592,=1.8727,=2.3928,=3.4165,=7.5123,,=0.1411,,=0.0306,=219
="399997",中证白酒,2015-01-21,=0.0111,=6607.6400,=-0.2460,=19.3594,=0.1101,=16.2418,=20.8489,=29.7028,=37.9971,=71.4432,=3.7595,=0.0008,=3.7096,=5.2046,=7.2690,=9.8068,=17.8607,=6.7650,=0.0639,=5.9830,=7.2927,=9.8375,=13.6521,=24.8964,=0.0833,=0.2121,=0.1013,=0.0452,=7681
="H30199",电力指数,2013-07-15,=-0.0262,=3182.2000,=0.1275,=19.3627,=0.5589,=14.1448,=16.7486,=18.9585,=25.0122,=78.5133,=1.8209,=0.7494,=1.2472,=1.5161,=1.7163,=1.8424,=2.0960,=1.9492,=0.8648,=1.1507,=1.4427,=1.5880,=1.7854,=2.2389,=0.0213,=0.0878,=0.0244,=0.0258,=703
="000910",300工业,2007-07-02,=-0.0203,=2438.0500,=-0.0360,=19.4014,=0.5647,=12.1074,=14.2223,=18.6708,=21.7507,=26.7473,=1.6242,=0.3561,=1.2960,=1.5013,=1.7775,=2.0927,=2.8598,=0.7815,=0.7189,=0.4726,=0.5803,=0.7011,=0.8047,=1.0995,=0.0196,=0.0738,=0.0177,=0.0219,=15
="399987",中证酒,2014-12-10,=0.0152,=3957.5300,=-0.2081,=19.4666,=0.0965,=16.5000,=21.2273,=30.5259,=38.5048,=71.4257,=3.6294,=0.0012,=3.5751,=4.9090,=6.4707,=8.9992,=15.9495,=6.0094,=0.0849,=5.0607,=6.4799,=8.3127,=11.8299,=21.4371,=0.0789,=0.2043,=0.0944,=0.0441,=2753
="000036",上证消费,2009-01-09,=0.0088,=9309.9000,=-0.1420,=19.5283,=0.0049,=18.1662,=23.2911,=31.6699,=40.5919,=69.3963,=4.1657,=0.0800,=3.6247,=5.2254,=6.5393,=9.2057,=14.9810,=4.2287,=0.2432,=1.8043,=3.8317,=4.8721,=7.3411,=10.9001,=0.0773,=0.2393,=0.0858,=0.0393,=2315
="931067",绩优策略,2018-02-14,=-0.0180,=8330.2400,=0.0952,=19.6093,=0.5951,=10.5807,=14.6837,=18.5924,=26.9649,=44.0015,=5.3028,=0.5753,=3.5566,=4.2859,=5.0168,=7.5298,=11.8571,=3.1827,=0.6503,=2.1909,=2.5253,=2.8631,=4.9843,=8.6201,=0.0562,=0.2359,=0.0578,=0.0200,=25
="931897",绿色电力,2012-12-21,=-0.0262,=1224.7200,=0.1311,=19.6559,=0.5684,=12.4356,=15.9507,=18.5258,=23.5753,=3316.8719,=1.8843,=0.9559,=1.0802,=1.3464,=1.6466,=1.7846,=2.0565,=2.0072,=0.8998,=0.8910,=1.1301,=1.2733,=1.7049,=2.6891,=0.0214,=0.0880,=0.0237,=0.0257,=158
="932420",智选船舶产业,2025-05-28,=-0.0218,=1447.5500,=0.0016,=19.7445,=0.8063,=12.9248,=14.0725,=16.2707,=19.6866,=21.8048,=1.3441,=0.6482,=1.1414,=1.2400,=1.2860,=1.4060,=1.5726,=0.9849,=0.6482,=0.8043,=0.8755,=0.9372,=1.0348,=1.1519,=0.0198,=0.0735,,=0.0259,=10
="931142",东证竞争,2019-03-20,=-0.0078,=1976.5500,=0.0622,=19.7682,=0.9183,=9.8569,=11.9257,=13.9971,=15.9242,=27.8877,=2.9541,=0.8521,=1.5408,=1.7302,=2.0669,=2.5821,=4.6703,=2.9800,=0.9246,=0.9384,=1.2685,=1.6572,=2.2413,=3.1903,=0.0415,=0.1629,=0.0397,=0.0237,=212
="930939",500质量,2018-11-21,=-0.0171,=22935.2400,=0.0804,=19.7802,=0.8393,=10.4098,=13.9483,=15.9354,=19.1345,=27.8330,=2.2940,=0.6260,=1.6614,=2.0649,=2.2285,=2.4972,=3.9191,=1.8999,=0.8622,=0.9583,=1.1966,=1.4418,=1.7933,=2.9319,=0.0308,=0.1144,=0.0291,=0.0192,=457
="000807",食品饮料,2012-02-17,=0.0126,=15378.9300,=-0.1589,=19.8469,=0.0573,=16.7498,=21.9789,=30.4181,=37.6314,=67.1514,=3.6045,=0.0012,=3.5555,=4.7788,=6.2626,=8.2580,=14.6770,=4.0355,=0.0705,=3.5639,=4.5267,=5.6630,=7.6740,=12.7454,=0.0738,=0.1953,=0.0849,=0.0423,=4267
="HSAIT",恒生人工智能主题指数,2023-09-01,=-0.0077,=3660.8200,=-0.1410,=19.8939,=0.5110,=13.3665,=18.0598,=19.8453,=21.5319,=24.5500,=1.9831,=0.4536,=1.4634,=1.7515,=2.0640,=2.4864,=2.8773,=1.8038,=0.5214,=1.2708,=1.4964,=1.7008,=2.2823,=2.6741,,=0.1059,,=0.0211,=64
="000912",300消费,2007-07-02,=0.0122,=17428.3400,=-0.1599,=20.0792,=0.1068,=17.5697,=22.8036,=28.6926,=38.6920,=71.0374,=3.4056,=0.0016,=3.3672,=4.6667,=6.3986,=8.3233,=13.2137,=2.6238,=0.0515,=1.8902,=3.1975,=4.1911,=5.5033,=9.3193,=0.0602,=0.1878,=0.0812,=0.0431,=783
="000815",细分食品,2012-04-11,=0.0116,=15642.2100,=-0.1650,=20.1448,=0.0820,=16.6089,=22.0323,=30.6783,=37.4251,=68.5596,=3.5374,=0.0012,=3.4916,=4.7465,=6.1935,=8.2709,=14.7926,=4.4624,=0.0598,=3.9950,=4.9232,=6.1109,=8.3455,=14.4971,=0.0708,=0.1902,=0.0845,=0.0416,=763
="931637",港股通互联网,2021-01-11,=-0.0004,=751.0400,=-0.2593,=20.1715,=0.0540,=16.9805,=23.3111,=28.2579,=41.8013,=87.7368,=2.4637,=0.0075,=2.2686,=3.0675,=3.4183,=4.2454,=11.7021,=2.4313,=0.0105,=2.1470,=2.9492,=3.4017,=4.5186,=11.5370,,,,=0.0094,=263
="399438",绿色电力,2014-12-30,=-0.0222,=2209.6100,=0.1096,=20.3142,=0.6472,=13.5016,=16.4167,=19.0045,=22.0380,=41.2289,=1.8980,=0.7395,=1.2516,=1.5034,=1.7938,=1.9331,=2.3077,=2.3051,=0.9678,=1.1906,=1.4256,=1.8175,=2.0430,=3.6995,=0.0222,=0.0881,=0.0248,=0.0253,=204
="399372",大盘成长,2010-01-04,=-0.0146,=5565.3400,=0.0558,=20.3762,=0.5054,=13.0565,=17.0958,=20.3411,=25.3722,=45.9159,=2.9807,=0.4897,=1.9139,=2.5017,=3.0160,=5.3725,=9.5601,=1.9214,=0.2242,=1.2183,=1.8035,=2.6232,=3.4508,=6.6651,=0.0399,=0.1447,=0.0379,=0.0219,=315
="399396",国证食品,2012-10-29,=0.0114,=14639.2200,=-0.1620,=20.4206,=0.0474,=17.1702,=22.2043,=30.0923,=37.3108,=66.0937,=3.3971,=0.0012,=3.3543,=4.6006,=6.1023,=7.6300,=14.3214,=3.3947,=0.0029,=3.3405,=3.9721,=5.0525,=6.2477,=12.4529,=0.0671,=0.1761,=0.0767,=0.0408,=1606
="930938",500成长估值,2018-12-04,=-0.0181,=4864.9300,=0.0490,=20.4311,=0.8498,=9.4780,=13.0881,=16.7831,=19.7516,=30.3577,=2.1334,=0.5168,=1.4489,=1.8682,=2.1193,=2.2927,=3.6765,=1.3629,=0.7007,=0.6916,=0.9040,=1.1679,=1.5984,=2.2515,=0.0254,=0.1028,=0.0163,=0.0200,=71
="000929",中证材料,2009-07-03,=-0.0082,=4272.5400,=-0.0427,=20.4976,=0.5606,=9.9126,=14.1083,=19.5212,=25.2855,=714.1328,=2.3013,=0.8129,=1.3680,=1.6188,=1.8974,=2.2795,=3.1607,=1.1607,=0.7630,=0.6315,=0.7658,=0.8824,=1.1842,=1.5845,=0.0399,=0.1037,=0.0230,=0.0174,=524
="930782",500SNLV,2016-02-04,=-0.0095,=19303.7400,=0.0272,=20.5538,=0.5449,=13.0617,=17.6555,=20.0532,=25.2362,=33.4651,=1.6698,=0.7246,=1.0996,=1.3464,=1.4745,=1.8853,=2.6374,=1.3070,=0.7547,=0.5914,=0.8056,=0.8891,=1.4668,=2.0883,=0.0229,=0.0820,=0.0170,=0.0216,=1373
="399377",小盘价值,2010-01-04,=-0.0118,=7598.7500,=-0.0128,=20.6523,=0.8228,=9.8385,=13.2773,=15.1889,=19.9040,=34.2299,=1.2997,=0.6205,=0.8997,=1.0824,=1.2375,=1.8197,=2.1990,=0.7797,=0.5665,=0.4594,=0.5454,=0.7127,=1.2602,=1.8295,=0.0183,=0.0578,=0.0162,=0.0245,=624
="930641",中证中药,2015-05-19,=0.0076,=8324.9178,=-0.1251,=20.8239,=0.0387,=17.1921,=24.2519,=29.0548,=32.8246,=45.5431,=1.9346,=0.0008,=1.9198,=2.4939,=2.9714,=3.5535,=4.1073,=2.1004,=0.0008,=2.0844,=2.4509,=2.8362,=3.6632,=4.5776,=0.0326,=0.0928,=0.0347,=0.0385,=868
="000932",中证消费,2009-07-03,=0.0096,=12420.4600,=-0.1855,=20.8413,=0.1245,=18.2526,=23.3187,=29.2748,=38.6663,=67.7039,=3.2353,=0.0008,=3.1997,=4.2722,=5.3620,=7.0320,=11.1990,=2.4594,=0.0515,=1.9505,=2.9557,=3.5969,=4.6842,=7.7724,=0.0540,=0.1726,=0.0732,=0.0408,=12366
="000069",消费80,2010-05-28,=0.0031,=4069.6800,=-0.1709,=21.0944,=0.0981,=16.4356,=22.2809,=24.9027,=33.0497,=60.5019,=2.6787,=0.0136,=2.4642,=3.1936,=3.5464,=4.8097,=7.6372,=1.6225,=0.3063,=1.0743,=1.4786,=1.9152,=2.7436,=3.8795,=0.0378,=0.1324,=0.0420,=0.0282,=936
="931140",医药50,2019-03-20,=0.0108,=8970.4700,=-0.1274,=21.1188,=0.0011,=20.8651,=25.5770,=28.7856,=43.4432,=67.0844,=3.1423,=0.0017,=3.0998,=4.2500,=4.9827,=7.4418,=10.9696,=3.9893,=0.0326,=3.4950,=4.6248,=5.2000,=7.1682,=12.1248,=0.0393,=0.1515,=0.0402,=0.0213,=1197
="000990",全指消费,2011-08-02,=0.0099,=10437.2400,=-0.1801,=21.2920,=0.1356,=18.6483,=23.8091,=30.7742,=39.1217,=75.7240,=3.2100,=0.0008,=3.1747,=4.0950,=4.9942,=6.2867,=9.6579,=2.4828,=0.0701,=2.1472,=2.7715,=3.3214,=4.0947,=6.6514,=0.0524,=0.1676,=0.0712,=0.0398,=3842
="000989",全指可选,2011-08-02,=-0.0154,=4881.1700,=-0.1273,=21.2992,=0.2601,=14.8205,=20.3758,=24.4126,=30.9883,=46.1708,=2.1170,=0.1921,=1.6599,=2.1305,=2.5105,=2.8468,=3.3093,=0.9828,=0.1369,=0.8200,=1.0140,=1.1690,=1.4564,=1.7628,=0.0237,=0.1045,=0.0284,=0.0251,=1294
="930653",CS食品饮,2015-06-05,=0.0105,=12698.5044,=-0.1587,=21.3116,=0.0680,=17.6031,=22.9608,=31.2745,=38.3114,=65.8842,=3.2797,=0.0012,=3.2402,=4.4401,=5.7098,=7.1300,=12.9907,=3.2048,=0.0049,=3.0169,=3.8357,=4.7658,=5.8503,=11.4166,=0.0615,=0.1583,=0.0705,=0.0391,=894
="931000",大湾区,2017-07-19,=-0.0198,=1862.3500,=0.0529,=21.3148,=0.9694,=11.8370,=14.5132,=16.2130,=18.9306,=23.4463,=2.0434,=0.4682,=1.3750,=1.7629,=2.0695,=2.5530,=3.2666,=1.5942,=0.5461,=1.1015,=1.3321,=1.5605,=1.8727,=2.5221,=0.0236,=0.0809,=0.0227,=0.0221,=13
="931484",CS医药创新,2020-05-06,=0.0099,=1219.5100,=-0.1589,=21.4688,=0.0683,=18.2098,=24.1947,=27.5370,=46.9143,=86.1757,=3.6377,=0.0183,=3.3236,=4.5831,=5.4510,=11.4228,=17.5605,=4.7479,=0.0528,=3.7485,=5.5737,=6.5422,=11.3603,=20.8272,=0.0424,=0.1752,=0.0382,=0.0187,=393
="931481",SHS线上消费,2020-05-06,=-0.0025,=875.1400,=-0.2109,=21.5455,=0.0811,=17.8858,=23.7061,=30.1520,=46.9528,=121.3257,=2.5724,=0.0065,=2.4540,=3.1535,=3.5602,=5.5218,=9.8961,=2.6461,=0.1324,=2.0492,=2.8214,=3.3098,=4.3712,=7.8524,,=0.1066,,=0.0104,=63
="931442",SHS科技100,2020-04-21,=-0.0172,=9418.8400,=-0.1249,=21.5743,=0.6336,=11.6240,=15.0697,=19.5771,=24.9015,=40.7731,=2.6219,=0.5023,=1.5813,=1.9732,=2.6166,=4.1186,=6.9092,=1.5952,=0.3934,=1.0913,=1.4331,=1.7364,=2.5895,=5.0819,,=0.1199,,=0.0134,=26
="000963",中证下游,2010-04-16,=0.0002,=4952.1400,=-0.1328,=21.7710,=0.1175,=17.2626,=22.3439,=25.2878,=33.1012,=51.0836,=2.1524,=0.0008,=2.1426,=2.5904,=3.0763,=3.4358,=5.6334,=1.4227,=0.0453,=1.2209,=1.6158,=1.7724,=2.0795,=3.4797,=0.0267,=0.0958,=0.0301,=0.0302,=29
="HSIII",恒生互联网科技业指数,2020-07-20,=0.0001,=2312.6000,=-0.2125,=21.7735,=0.1666,=12.6629,=22.5318,=35.1416,=47.7321,=309808.9839,=2.4029,=0.1101,=1.7026,=2.5963,=4.2070,=6.1191,=8.5704,=1.8652,=0.1093,=1.1940,=2.0127,=2.4286,=3.5799,=5.1261,,=0.1194,,=0.0103,=2013
="930625",SHS互联网,2015-04-21,=-0.0104,=2325.1440,=-0.2341,=21.8707,=0.0241,=18.9097,=27.3540,=35.5621,=51.6520,=84.5605,=2.6537,=0.0024,=2.6129,=3.5009,=4.9750,=6.6722,=9.2961,=2.6246,=0.0028,=2.4953,=3.4793,=4.4007,=5.8864,=8.7946,,=0.1125,,=0.0097,=323
="000985",中证全指,2011-08-02,=-0.0130,=6173.6300,=0.0430,=22.1485,=0.9637,=12.6044,=15.9637,=17.6538,=20.2325,=23.7678,=1.8109,=0.5886,=1.2581,=1.5484,=1.7144,=1.9609,=2.1557,=1.6922,=0.8442,=1.0381,=1.2268,=1.3875,=1.6477,=1.8438,=0.0216,=0.0749,=0.0212,=0.0195,=662
="931027",港股通大消费,2017-11-06,=0.0006,=2675.3900,=-0.1426,=22.2742,=0.3305,=14.6383,=20.4420,=25.4634,=51.7679,=105.3721,=2.5189,=0.0585,=2.2514,=2.8712,=3.2487,=4.3503,=9.1499,=1.4891,=0.2535,=1.0973,=1.4407,=1.7692,=2.4962,=5.7985,,=0.1064,,=0.0226,=43
="000813",细分化工,2012-04-11,=0.0011,=3717.6600,=-0.0249,=22.2869,=0.5177,=11.4329,=16.5252,=21.9349,=28.4596,=42.1751,=2.4672,=0.4456,=1.6736,=2.0410,=2.6119,=3.1017,=4.9148,=1.4002,=0.4979,=0.8896,=1.1114,=1.4026,=1.9668,=3.1071,=0.0394,=0.0961,=0.0234,=0.0158,=953
="930903",中证A股,2016-10-18,=-0.0130,=4254.1600,=0.0423,=22.4085,=0.9568,=12.9620,=16.2406,=17.7377,=20.5205,=23.9680,=1.8164,=0.6186,=1.2607,=1.5526,=1.7066,=1.9468,=2.2108,=1.6946,=0.8723,=1.0406,=1.2305,=1.3760,=1.6337,=1.9264,=0.0216,=0.0748,=0.0212,=0.0194,=11
="931755",SEEE碳中和,2021-10-21,=-0.0155,=1985.3600,=-0.0546,=22.4405,=0.6529,=13.4966,=17.4417,=21.1806,=24.8086,=29.4214,=2.3078,=0.4576,=1.7561,=1.9632,=2.3843,=2.7491,=3.9105,=1.3138,=0.6077,=0.8856,=1.0349,=1.2212,=1.4438,=2.3046,=0.0267,=0.0916,=0.0211,=0.0184,=142
="399370",国证成长,2010-01-04,=-0.0163,=5448.0600,=0.0756,=22.6266,=0.6022,=14.0104,=18.8605,=21.5798,=25.7184,=39.9195,=3.0948,=0.5754,=1.9695,=2.5703,=2.9712,=4.0447,=6.0628,=1.9708,=0.3998,=1.2188,=1.6926,=2.0784,=2.8022,=3.4917,=0.0375,=0.1344,=0.0327,=0.0193,=112
="931166",医药健康100,2019-04-25,=0.0078,=3486.0500,=-0.1357,=22.7461,=0.2393,=17.5935,=22.2986,=26.0358,=36.3306,=58.5515,=2.9856,=0.0232,=2.7671,=3.3753,=4.2287,=5.9021,=8.5226,=3.6563,=0.4537,=2.1887,=3.0509,=3.7598,=4.4746,=6.8190,=0.0346,=0.1325,=0.0321,=0.0185,=399
="399990",煤炭等权,2015-01-21,=-0.0461,=3639.2100,=0.2669,=22.7658,=0.9068,=5.7123,=8.6087,=10.6441,=15.5128,=347.5369,=1.8202,=0.9773,=0.8179,=1.1188,=1.3622,=1.6022,=2.0135,=2.0678,=0.9955,=0.6732,=0.9175,=1.1215,=1.4595,=2.2100,=0.0229,=0.0912,=0.0239,=0.0295,=245
="399998",中证煤炭,2015-02-13,=-0.0391,=2511.6200,=0.2738,=22.7658,=0.9068,=5.7123,=8.6087,=10.6441,=15.5128,=347.5369,=1.8202,=0.9773,=0.8179,=1.1188,=1.3622,=1.6022,=2.0135,=2.0678,=0.9955,=0.6732,=0.9175,=1.1215,=1.4595,=2.2100,=0.0229,=0.0912,=0.0239,=0.0295,=2082
="HSSCITI",恒生港股通科技主题指数,2023-07-01,=-0.0176,=2531.8700,=-0.1313,=22.7839,=0.3333,=15.2810,=21.1596,=23.9366,=27.0050,=33.8690,=2.6642,=0.1444,=2.1914,=2.7330,=2.9550,=3.4184,=4.1810,=2.1980,=0.5514,=1.5305,=1.8406,=2.1223,=2.7573,=3.5648,,=0.1203,,=0.0086,=81
="HSSCT",恒生港股通中国科技指数,2020-02-01,=-0.0176,=6451.2300,=-0.1399,=22.8287,=0.2690,=15.0039,=22.0008,=24.9005,=33.1163,=55.7647,=2.6486,=0.2064,=1.8368,=2.6445,=3.0488,=4.7002,=8.0840,=2.1978,=0.4102,=1.1354,=1.8386,=2.3340,=3.2167,=6.0217,,=0.1201,,=0.0086,=94
="HSTECH",恒生科技指数,2020-07-01,=-0.0094,=4724.7900,=-0.1434,=22.8452,=0.3001,=14.7293,=21.7851,=26.5824,=42.1149,=73.7725,=2.5556,=0.3402,=1.7280,=2.3817,=2.8158,=3.7843,=8.3408,=1.6517,=0.1286,=1.2545,=1.7278,=2.0423,=3.1827,=6.6932,,=0.1207,,=0.0121,=7134
="HSSCNE",恒生港股通新经济指数,2018-01-08,=-0.0073,=3609.9900,=-0.1598,=22.9437,=0.3854,=15.8046,=20.7082,=24.1252,=28.5275,=53.5009,=2.6876,=0.4134,=1.7963,=2.2500,=2.8325,=3.4805,=6.9059,=1.8702,=0.3560,=1.4023,=1.7299,=2.0013,=2.5611,=5.3019,,=0.1262,,=0.0103,=206
="1000002",A股全指,1994-01-01,=-0.0130,=6173.6278,=0.0430,=23.0126,=0.9468,=12.9500,=16.6929,=18.4846,=21.3919,=25.0020,=1.8389,=0.5899,=1.2633,=1.5740,=1.7419,=2.0169,=2.1910,=1.7133,=0.8368,=1.0499,=1.2419,=1.3989,=1.6711,=1.9034,=0.0215,=0.0745,=0.0211,=0.0191,=7916
="931588",1000价值稳健,2020-11-09,=-0.0012,=33252.6500,=-0.0723,=23.0415,=0.9578,=12.8074,=16.6790,=18.5102,=20.5802,=25.6024,=1.2524,=0.1762,=1.0253,=1.2748,=1.4373,=1.5635,=1.9102,=0.6168,=0.4277,=0.4756,=0.5529,=0.6278,=0.6872,=0.8427,=0.0162,=0.0641,=0.0212,=0.0269,=106
="000930",中证工业,2009-07-03,=-0.0193,=3461.9900,=-0.0129,=23.2373,=0.7424,=13.1747,=16.3715,=20.2887,=24.0362,=30.4087,=1.8210,=0.4547,=1.3752,=1.5614,=1.8655,=2.1245,=2.6342,=0.8693,=0.7659,=0.5311,=0.6373,=0.7618,=0.8841,=1.0502,=0.0191,=0.0679,=0.0169,=0.0189,=323
="H30015",800汽车,2012-12-21,=-0.0249,=8222.2700,=-0.1829,=23.2840,=0.5260,=11.4503,=15.2840,=22.6889,=31.8612,=45.6288,=1.9426,=0.2634,=1.3220,=1.7482,=2.1801,=2.4572,=3.4622,=0.8286,=0.4419,=0.5106,=0.6736,=0.8553,=1.0480,=1.4573,=0.0155,=0.0922,=0.0213,=0.0160,=187
="000904",中证200,2007-01-15,=-0.0195,=5990.1600,=0.0602,=23.3740,=0.9749,=11.9474,=14.9318,=16.7782,=19.2650,=25.2311,=1.9543,=0.6719,=1.2748,=1.5010,=1.7461,=2.0647,=2.3407,=1.4122,=0.4658,=1.0540,=1.2917,=1.4308,=1.6943,=2.1135,=0.0231,=0.0739,=0.0238,=0.0217,=721
="931470",SHS云计算,2020-04-21,=-0.0110,=3960.5500,=0.0737,=23.5523,=0.3767,=13.2694,=19.9501,=25.1629,=31.3765,=62.1875,=3.5344,=0.2524,=2.5281,=3.4482,=3.9076,=5.8348,=9.6099,=3.8260,=0.1713,=2.7843,=3.8684,=4.4912,=6.4346,=10.5654,,=0.1294,,=0.0076,=38
="931573",HKC科技,2014-05-21,=-0.0129,=2852,=-0.1204,=23.5784,=0.1484,=18.3272,=24.2276,=28.5394,=39.9553,=82.7075,=2.9554,=0.2018,=2.3269,=2.9510,=3.3435,=4.2643,=10.6583,=1.8908,=0.1610,=1.5041,=1.9657,=2.3121,=3.3978,=8.3359,,=0.1200,,=0.0099,=288
="931752",工程机械主题,2021-09-27,=-0.0434,=2531.9000,=0.0044,=23.7784,=0.7412,=13.6456,=18.4550,=21.1594,=24.3857,=27.9581,=2.1317,=0.8063,=1.2593,=1.5729,=1.7137,=2.1220,=2.6511,=1.3111,=0.8134,=0.7133,=0.9138,=1.0146,=1.2932,=1.6462,=0.0241,=0.0958,=0.0272,=0.0208,=93
="000987",全指材料,2011-08-02,=-0.0084,=4913.0600,=-0.0195,=23.8177,=0.6422,=11.8534,=16.4330,=21.1329,=28.2533,=1313.4345,=2.3293,=0.6674,=1.3547,=1.6741,=2.0388,=2.5042,=3.3213,=1.1670,=0.6319,=0.6546,=0.8399,=1.0192,=1.3517,=1.7398,=0.0340,=0.0892,=0.0206,=0.0156,=389
="399365",国证粮食,2009-11-04,=-0.0020,=11616.0800,=-0.1426,=23.8992,=0.3405,=13.3311,=20.2221,=27.2835,=35.2364,=54.5886,=2.0886,=0.2086,=1.6393,=2.0688,=4.1048,=6.4747,=11.3501,=0.8407,=0.2279,=0.5961,=0.8022,=3.1476,=4.6104,=8.7065,=0.0232,=0.0838,=0.0244,=0.0191,=64
="399814",大农业,2014-07-22,=0.0016,=1033.2400,=-0.1383,=24.0919,=0.2370,=17.8693,=23.5206,=28.4351,=32.8241,=111.7688,=2.6532,=0.0190,=2.4368,=2.9357,=3.3259,=4.3740,=6.4483,=1.4684,=0.1496,=1.2031,=1.5078,=1.8389,=2.3352,=3.7145,=0.0257,=0.1209,=0.0380,=0.0281,=768
="931574",港股科技,2013-05-21,=-0.0083,=1540.0500,=-0.1228,=24.4764,=0.3188,=16.3025,=22.7634,=27.5074,=42.9658,=59.3282,=2.8287,=0.4129,=1.8790,=2.5076,=2.9598,=3.5924,=8.1693,=1.7286,=0.2431,=1.3201,=1.6680,=1.9771,=2.8597,=5.7490,,=0.1080,,=0.0103,=267
="987008",港股通科技,2021-03-08,,,=-0.1761,=24.6581,=0.2448,=16.3992,=24.1208,=27.3323,=34.0085,=63.8758,=2.6227,=0.0463,=2.3408,=2.9641,=3.4280,=3.9814,=8.4842,=2.1719,=0.0340,=1.9635,=2.6319,=2.9854,=3.8721,=8.7605,,=0.0980,,=0.0075,=82
="930794",中美互联网,2016-04-22,,,=-0.1623,=24.6652,=0.0227,=21.6222,=27.9993,=32.4687,=38.0931,=50.5410,=5.9028,=0.2454,=3.5920,=5.7048,=6.5716,=7.5414,=9.2259,=4.7154,=0.4351,=2.2940,=3.8795,=4.8577,=5.5740,=7.0802,,=0.2458,,=0.0028,=427
="399702",深证F120,2010-05-10,=-0.0143,=7386.9600,=-0.0249,=24.7915,=0.9596,=12.6034,=17.7484,=20.6617,=22.4717,=28.8861,=2.0512,=0.2650,=1.5963,=1.9896,=2.2131,=2.6272,=3.5867,=1.3108,=0.4815,=0.8721,=1.1406,=1.3257,=1.5883,=2.2308,=0.0250,=0.0726,=0.0233,=0.0234,=1429
="399617",深证消费,2011-06-15,=0.0098,=7106.0700,=-0.2309,=25.1552,=0.4134,=15.3450,=22.1455,=26.6168,=32.2918,=1768.1548,=2.2646,=0.0008,=2.2457,=3.3230,=4.2569,=5.7490,=9.2732,=1.3398,=0.0008,=1.3286,=1.8799,=2.4646,=3.6985,=6.3240,=0.0294,=0.1055,=0.0582,=0.0402,=368
="399374",中盘成长,2010-01-04,=-0.0198,=5087.5800,=0.1129,=25.2201,=0.6278,=12.0664,=16.7038,=22.9706,=27.5361,=33.1996,=3.3818,=0.6208,=1.8942,=2.4100,=3.1270,=3.6257,=4.3864,=2.3163,=0.6286,=0.9013,=1.6610,=2.2047,=2.4879,=3.0605,=0.0366,=0.1248,=0.0238,=0.0158,=202
="399701",深证F60,2010-05-10,=-0.0159,=7740.3200,=-0.0253,=25.6354,=0.9728,=12.1841,=16.9370,=19.7469,=22.0902,=29.1141,=1.9594,=0.1583,=1.6712,=2.0187,=2.1827,=2.5392,=3.7270,=1.2905,=0.3026,=1.0125,=1.2363,=1.3649,=1.5636,=2.4139,=0.0232,=0.0664,=0.0243,=0.0254,=1679
="399989",中证医疗,2014-10-31,=0.0013,=5779.3500,=-0.1451,=25.6357,=0.0610,=22.9032,=29.9328,=39.6347,=60.4296,=114.3753,=2.8732,=0.0012,=2.8553,=3.8206,=5.4880,=8.1687,=13.4814,=4.8263,=0.0445,=4.3528,=5.6454,=6.5707,=9.4594,=17.4163,=0.0284,=0.1137,=0.0290,=0.0153,=8461
="931008",汽车指数,2013-07-15,=-0.0198,=9478.8600,=-0.2086,=26.1509,=0.4963,=12.0130,=17.4495,=26.2747,=36.2485,=55.3660,=2.0033,=0.3164,=1.1809,=1.5409,=2.2196,=2.4577,=3.4286,=0.8513,=0.4222,=0.4315,=0.5523,=0.9120,=1.0534,=1.4087,=0.0152,=0.0829,=0.0208,=0.0158,=480
="000941",新能源,2009-10-28,=-0.0267,=2596.6000,=0.0089,=26.3027,=0.3627,=10.2578,=20.0248,=29.0571,=37.6508,=57.4660,=3.3422,=0.6892,=1.8262,=2.2548,=2.9562,=3.8432,=8.1424,=2.6584,=0.6999,=1.2704,=1.5650,=2.2652,=2.9597,=7.0320,=0.0322,=0.1201,=0.0313,=0.0151,=2465
="HSSI",恒生综合小型股指数,2001-10-03,=-0.0156,=1419.3000,=-0.0962,=26.4219,=0.8119,=7.3220,=11.0801,=16.3973,=26.2460,=83.7574,=1.0388,=0.5847,=0.5652,=0.7236,=0.9814,=1.1648,=1.4185,=0.6887,=0.4799,=0.3459,=0.4531,=0.6963,=0.9209,=1.2872,,,,=0.0267,=127
="000988",全指工业,2011-08-02,=-0.0196,=4116.3100,=-0.0029,=26.6553,=0.6373,=13.7285,=19.3778,=24.0584,=29.3612,=37.6625,=1.9702,=0.4547,=1.3866,=1.6512,=2.0221,=2.4483,=2.7728,=0.9326,=0.5585,=0.5551,=0.7455,=0.9045,=1.0719,=1.3765,=0.0185,=0.0650,=0.0170,=0.0169,=234
="HSBIO",恒生生物科技指数,2019-12-01,=0.0162,=12058.6500,=-0.1495,=26.7357,=0.0474,=20.8275,=30.7675,=62.1624,=139.4602,=62737.8398,=2.5792,=0.3950,=1.5084,=2.1463,=2.9095,=4.4448,=6.7821,=1.4447,=0.4386,=0.7434,=1.0915,=1.5345,=2.1465,=3.5303,,=0.1070,,=0.0128,=667
="HSSSHID",恒生沪深港创新药精选50指数,2020-03-01,=0.0206,=6587.9600,=-0.1213,=26.7634,=0.0605,=23.4861,=29.5164,=35.5843,=52.1276,=94.0285,=3.1229,=0.3495,=2.0729,=2.8094,=3.7279,=6.3886,=8.4497,=4.4520,=0.6209,=1.3432,=1.8887,=3.2340,=5.9705,=8.1459,,=0.1198,,=0.0110,=286
="000969",300非周,2010-05-28,=-0.0169,=5833.2300,=0.0954,=26.7712,=0.8157,=15.9839,=20.6104,=22.5300,=26.1028,=38.7203,=2.8007,=0.5313,=2.0789,=2.4920,=2.7777,=3.1883,=4.9189,=1.5447,=0.7960,=0.8921,=1.1518,=1.2833,=1.5533,=2.2463,=0.0251,=0.0964,=0.0261,=0.0199,=86
="931403",品牌工程,2020-01-14,=-0.0110,=2122.1200,=0.0749,=26.9773,=0.4048,=18.7149,=24.0272,=29.3260,=43.9028,=69.9724,=3.9914,=0.1846,=3.2380,=4.0113,=5.0481,=7.6931,=10.9810,=3.1373,=0.3247,=2.2604,=2.9249,=3.3792,=4.8065,=7.2001,=0.0453,=0.1433,=0.0461,=0.0218,=117
="931829",中证回购,2023-10-17,=-0.0114,=2427.4800,=0.0504,=27.0331,=0.5242,=16.8171,=21.7324,=25.9032,=34.6610,=40.4937,=2.2245,=0.9314,=1.3801,=1.5640,=1.7339,=1.9644,=2.3571,=0.9413,=0.1591,=0.7604,=0.9597,=1.0201,=1.1658,=1.4917,=0.0242,=0.0495,=0.0133,=0.0273,=40
="931747",中证储能,2021-10-15,=-0.0292,=7968.8300,=0.0004,=27.0706,=0.4503,=16.6670,=22.1506,=27.8217,=53.4727,=124.6415,=4.4289,=0.3932,=3.1109,=3.9345,=4.6743,=6.9928,=12.5394,=2.2592,=0.4926,=1.2712,=1.6991,=2.2738,=3.7717,=8.7019,=0.0355,=0.1665,=0.0400,=0.0134,=131
="980032",新能电池,2015-02-17,=-0.0225,=15389.0400,=-0.0226,=27.3274,=0.4059,=14.3994,=22.1773,=30.5172,=82.4244,=130.4039,=3.8959,=0.3599,=2.4545,=3.3364,=4.3130,=7.7278,=11.8091,=2.1025,=0.4352,=1.1163,=1.6802,=2.2542,=4.9350,=7.8642,=0.0362,=0.1357,=0.0304,=0.0121,=743
="000857",500医药,2013-11-06,=0.0025,=9148.1000,=-0.1080,=27.4522,=0.3866,=16.5096,=22.8937,=30.0172,=37.8717,=66.9361,=2.4893,=0.2176,=1.9620,=2.4653,=2.8448,=3.5316,=5.0991,=2.2899,=0.5849,=1.3156,=1.7598,=2.1310,=2.7850,=4.5555,=0.0260,=0.0879,=0.0247,=0.0197,=734
="931590",500成长创新,2020-11-09,=-0.0078,=28842.2700,=0.0620,=27.4863,=0.8223,=14.5054,=17.7621,=20.1167,=26.8520,=32.9124,=3.1794,=0.7500,=1.6442,=2.3222,=2.6426,=3.2724,=3.8320,=3.1958,=0.9285,=1.3106,=1.9755,=2.2756,=2.6777,=3.6034,=0.0292,=0.1277,=0.0317,=0.0134,=89
="399432",智能汽车,2014-12-30,=-0.0308,=6233.7000,=-0.0813,=27.4906,=0.5515,=12.3799,=17.8002,=23.6732,=66.1739,=131.3343,=3.7019,=0.5400,=1.4019,=2.1767,=3.4911,=6.5272,=11.4939,=2.1124,=0.5697,=0.5888,=0.9095,=1.8606,=4.6106,=8.8483,=0.0329,=0.1377,=0.0319,=0.0122,=17
="000037",上证医药,2009-01-09,=0.0115,=5560.6000,=-0.1222,=27.5133,=0.0631,=21.0843,=31.4727,=34.7391,=41.6974,=61.3894,=2.9130,=0.0218,=2.7278,=3.3430,=3.8805,=4.6066,=7.3155,=2.1098,=0.2795,=1.5724,=2.0207,=2.3551,=2.9053,=4.1395,=0.0281,=0.1036,=0.0282,=0.0139,=2066
="931526",企业核心竞争力50,2020-08-24,=-0.0238,=1294.6000,=-0.0125,=27.5989,=0.6277,=13.8510,=17.2701,=23.1158,=30.0204,=51.8267,=4.0932,=0.5057,=1.7937,=3.0899,=4.0820,=6.8000,=10.8733,=3.3530,=0.4387,=0.9066,=1.4996,=3.4348,=4.5529,=7.9459,=0.0371,=0.1485,=0.0461,=0.0144,=86
="000907",中证700,2007-01-15,=-0.0165,=6929.4800,=0.0705,=27.6806,=0.9670,=13.5964,=17.1394,=19.5530,=24.0457,=30.1680,=2.1550,=0.7453,=1.3201,=1.5883,=1.8281,=2.2155,=2.4753,=1.5284,=0.7135,=0.9663,=1.1767,=1.3274,=1.6118,=1.9854,=0.0223,=0.0692,=0.0213,=0.0177,=265
="399804",中证体育,2015-02-09,=-0.0073,=1694.6000,=-0.1456,=27.8874,=0.3735,=17.8349,=25.3379,=31.7216,=46.3435,=92.9525,=2.7360,=0.2061,=2.0588,=2.7283,=3.2149,=3.8296,=5.7602,=2.4028,=0.2692,=1.7235,=2.3146,=2.8682,=4.0984,=7.1775,=0.0257,=0.0922,=0.0231,=0.0246,=296
="980027",新能源电池,2015-02-16,=-0.0305,=3425.4600,=0.0139,=27.9332,=0.6837,=16.8641,=21.0089,=24.6766,=30.5895,=35.7610,=4.4070,=0.8011,=2.5249,=3.0230,=3.4532,=4.4062,=5.0238,=3.0543,=0.7514,=1.4888,=1.8950,=2.3966,=3.2533,=3.8612,=0.0376,=0.1513,=0.0348,=0.0148,=94
="HSHCI",恒生医疗保健指数,2015-08-17,=0.0144,=3070.1800,=-0.1615,=27.9743,=0.3950,=15.9973,=23.1445,=33.3779,=116.8549,=143059.6617,=2.4020,=0.3157,=1.4805,=2.2494,=2.6402,=3.4864,=7.0432,=1.5088,=0.6640,=0.8149,=1.0215,=1.2913,=1.8605,=3.5391,,=0.0981,,=0.0133,=1725
=".INX",标普500,1957-03-04,=-0.0026,=7386.6500,=0.0791,=27.9892,=0.7607,=15.6907,=21.8286,=24.0954,=28.6433,=42.9883,=5.5479,=0.9912,=2.4601,=3.2311,=3.9471,=4.7495,=5.7044,=3.5500,=0.9912,=1.5801,=2.0882,=2.3739,=3.0374,=3.6541,,,=0.0468,=0.0100,=9196
="931239",港股通汽车,2022-07-21,=-0.0215,=2153.7200,=-0.0686,=27.9984,=0.9235,=12.1049,=14.2579,=16.7396,=22.7641,=32.0714,=3.0405,=0.9248,=1.2076,=1.4335,=1.5700,=2.0860,=3.5989,=1.5205,=0.9142,=0.6024,=0.6834,=0.7517,=1.0472,=1.7776,,=0.1152,,=0.0141,=48
="932246",储能电池,2022-07-08,=-0.0256,=4816.2900,=0.0009,=28.0436,=0.6263,=13.3190,=20.1543,=26.5425,=33.3773,=40.1514,=4.3264,=0.7224,=2.3139,=2.6670,=3.2351,=4.4475,=5.1292,=2.9238,=0.6797,=1.3666,=1.6725,=2.2774,=3.3092,=3.7523,=0.0403,=0.1439,=0.0321,=0.0144,=67
="H11052",智能电车,2009-07-22,=-0.0326,=3998.6100,=-0.0579,=28.0510,=0.2576,=16.1153,=26.3648,=33.2995,=63.3646,=148.6443,=3.7794,=0.4703,=2.6129,=3.1950,=3.8897,=5.5107,=9.7804,=1.9170,=0.4176,=1.2507,=1.6563,=2.0384,=3.2736,=6.6252,=0.0316,=0.1293,=0.0281,=0.0110,=194
="931524",SHS科技龙头,2020-07-16,=-0.0191,=2831.2000,=0.0534,=28.0969,=0.6318,=18.9033,=23.4760,=26.6131,=35.7472,=59.9125,=3.5838,=0.4212,=2.7731,=3.2882,=3.6674,=5.1754,=9.0190,=2.6560,=0.5540,=1.6886,=2.2566,=2.5478,=4.2560,=7.2475,,=0.1133,,=0.0086,=219
="399417",新能源车,2014-09-24,=-0.0288,=3754.7300,=-0.0348,=28.1223,=0.4308,=14.2186,=20.9718,=30.3732,=56.8057,=106.6289,=3.8099,=0.5977,=1.6630,=2.3823,=3.4518,=4.6389,=9.6468,=2.1009,=0.6200,=0.6730,=1.0543,=1.8504,=2.5615,=6.6041,=0.0339,=0.1319,=0.0293,=0.0125,=2435
="1000008",沪深B股,1994-01-10,=-0.0201,=267.2500,=0.0529,=28.1251,=0.7547,=7.0835,=12.9417,=17.5155,=30.7740,=97.5837,=0.8002,=0.3120,=0.6594,=0.7810,=0.8504,=1.0599,=1.4976,=0.5418,=0.6348,=0.3777,=0.4474,=0.5017,=0.5911,=1.1545,,,=0.0134,=0.0387,=371
="930901",动漫游戏,2016-10-18,=-0.0156,=1593.2100,=-0.2474,=28.1431,=0.1430,=17.2478,=29.6111,=42.3528,=277.4682,=4647.5377,=2.9518,=0.5192,=1.7335,=2.2955,=2.8960,=4.0760,=7.9690,=4.6422,=0.3826,=2.8663,=4.2053,=5.0134,=6.8237,=10.0355,=0.0360,=0.1150,=0.0336,=0.0196,=832
="000933",中证医药,2009-07-03,=0.0101,=7013.7600,=-0.1331,=28.2961,=0.2370,=22.6651,=27.9022,=32.4430,=37.5717,=63.0472,=2.6441,=0.0095,=2.5059,=3.2023,=3.9938,=4.6474,=7.0232,=2.4366,=0.1484,=1.9281,=2.5149,=3.0240,=3.5850,=5.1631,=0.0282,=0.0926,=0.0299,=0.0184,=7159
="399806",环境治理,2014-07-21,=-0.0084,=1376.2100,=-0.0077,=28.5114,=0.4373,=17.0172,=24.4003,=29.3664,=36.4146,=50.8764,=1.7318,=0.4147,=1.1727,=1.6053,=1.7751,=2.6040,=4.4901,=1.8970,=0.2655,=1.3064,=1.8397,=2.0844,=3.1038,=5.9378,=0.0205,=0.0536,=0.0189,=0.0165,=847
="000991",全指医药,2011-08-02,=0.0103,=7572.1100,=-0.1315,=28.5963,=0.1492,=23.5983,=29.4820,=34.3230,=40.8436,=73.5923,=2.6272,=0.0016,=2.5957,=3.1911,=3.8017,=4.7164,=6.5650,=2.4193,=0.0767,=2.0200,=2.6603,=3.0265,=3.7470,=5.9103,=0.0278,=0.0907,=0.0276,=0.0180,=7952
="931230",汽车零部件,2013-07-15,=-0.0386,=1151.3800,=-0.1093,=28.7946,=0.6336,=18.5338,=23.7544,=26.6637,=30.5298,=34.9965,=2.9996,=0.7102,=1.8462,=2.2852,=2.6077,=3.1776,=3.7531,=1.9009,=0.7042,=1.1819,=1.4572,=1.6623,=2.0153,=2.3775,=0.0227,=0.1141,=0.0262,=0.0135,=44
="000978",医药100,2011-03-18,=0.0058,=9072.8400,=-0.1300,=28.9796,=0.2045,=23.7467,=28.9132,=33.9065,=37.7475,=66.4077,=2.6759,=0.0008,=2.6475,=3.2651,=4.2047,=5.0232,=7.8052,=2.5342,=0.1154,=2.0946,=2.6814,=3.1484,=3.6588,=5.9820,=0.0280,=0.0911,=0.0286,=0.0176,=4710
="000913",300医药,2007-07-02,=0.0157,=6997.9700,=-0.1477,=28.9887,=0.2185,=22.1588,=28.7765,=33.4072,=39.5137,=73.4129,=2.7784,=0.0012,=2.7345,=3.6407,=4.8062,=6.0065,=9.5028,=2.5644,=0.0330,=2.2757,=2.9132,=3.3671,=5.4150,=7.4989,=0.0300,=0.0967,=0.0342,=0.0173,=3376
="399698",优势成长,2017-06-15,=-0.0054,=48377.6400,=-0.0720,=29.0555,=0.6442,=14.2338,=18.1975,=22.9683,=35.6470,=66.5130,=1.9824,=0.5461,=1.2178,=1.5071,=1.9145,=2.3043,=2.9395,=2.7042,=0.8070,=0.6634,=1.0583,=1.7052,=2.6061,=4.7303,=0.0192,=0.0690,=0.0052,=0.0143,=41
="399976",CS新能车,2014-11-28,=-0.0248,=4341.7100,=-0.0278,=29.0978,=0.3203,=13.8890,=22.9016,=34.6214,=62.1175,=231.2544,=3.7454,=0.4378,=2.0896,=3.0970,=3.8917,=6.2213,=11.9870,=2.1501,=0.3759,=0.7703,=1.7976,=2.3153,=4.1916,=9.1824,=0.0343,=0.1248,=0.0265,=0.0111,=2015
="931719",CS电池,2013-07-15,=-0.0281,=4287.8000,=0.0084,=29.1223,=0.2473,=15.7007,=26.6847,=42.2452,=64.5808,=121.8822,=4.2470,=0.5948,=1.9771,=2.9292,=3.9524,=5.7588,=11.8941,=2.8401,=0.4481,=1.2782,=2.0990,=3.0309,=4.7407,=9.5565,=0.0377,=0.1370,=0.0297,=0.0133,=552
="399440",国证钢铁,2014-12-30,=-0.0085,=1262.0400,=-0.1505,=29.1559,=0.6880,=5.7530,=9.0864,=18.4279,=36.9826,=695.2734,=0.9849,=0.3759,=0.7172,=0.9159,=1.0512,=1.3592,=2.0509,=0.4962,=0.5705,=0.3277,=0.3893,=0.4571,=0.6241,=1.3827,=0.0058,=0.0382,=0.0096,=0.0244,=467
="930997",新能源车,2017-07-19,=-0.0238,=2939.8000,=-0.0322,=29.2324,=0.4279,=14.0460,=20.4292,=31.8814,=84.7627,=171.6022,=3.7525,=0.5104,=1.7502,=2.4193,=3.6696,=6.0951,=11.4567,=2.1551,=0.5030,=0.7652,=1.1963,=2.1508,=3.9283,=8.7389,=0.0346,=0.1243,=0.0266,=0.0111,=1969
="931250",港股通创新药,2012-07-20,=0.0163,=869.7300,=-0.1343,=29.6934,=0.0882,=21.4435,=32.5443,=36.4263,=45.0856,=63.0533,=2.9861,=0.6398,=1.5232,=1.8152,=2.3131,=3.8358,=4.5255,=5.0198,=0.6413,=1.4727,=1.7542,=2.2887,=6.5404,=7.7209,,=0.1071,,=0.0097,=114
="931787",港股创新药,2018-08-14,=0.0170,=1084.3400,=-0.1366,=29.6934,=0.2067,=20.8973,=29.3972,=44.7900,=80.1665,=400.8209,=2.9861,=0.5130,=1.5132,=2.2999,=2.9544,=4.1475,=5.7621,=5.0198,=0.8781,=0.8553,=1.2957,=2.0701,=3.1895,=7.7308,,=0.1071,,=0.0097,=731
="000808",医药生物,2012-02-17,=0.0109,=7181.7000,=-0.1334,=30.0805,=0.2993,=23.4705,=28.3997,=34.6761,=37.8852,=66.3352,=2.6828,=0.0012,=2.6521,=3.2716,=4.1881,=4.9177,=7.9299,=2.5188,=0.1200,=2.0659,=2.6696,=3.1021,=3.5475,=6.2098,=0.0273,=0.0877,=0.0275,=0.0172,=1417
="930746",港中小企,2015-08-26,=-0.0067,=2381.4800,=-0.1147,=30.1242,=0.9817,=7.8499,=11.1100,=14.1671,=17.9304,=36.0739,=0.9858,=0.4032,=0.6829,=0.8308,=1.0792,=1.2267,=1.6951,=0.6431,=0.3735,=0.3939,=0.5282,=0.6916,=0.8171,=1.1520,,=0.0299,,=0.0339,=208
="000936",中证电信,2009-07-03,=-0.0236,=14186.9000,=0.4272,=30.1624,=0.5820,=14.1836,=20.2178,=26.5947,=41.2993,=123.1725,=2.8230,=0.8331,=1.2149,=1.7612,=2.3286,=2.7780,=3.6232,=2.6927,=0.9975,=0.7463,=1.0146,=1.2529,=1.7912,=2.7955,=0.0215,=0.0913,=0.0219,=0.0212,=339
="399330",深证100,2006-01-24,=-0.0241,=6517.2600,=0.1203,=30.4083,=0.9052,=14.9910,=20.3720,=22.6594,=26.9178,=38.9547,=3.1006,=0.6612,=1.9919,=2.4968,=2.9389,=3.5438,=5.5535,=2.2282,=0.6488,=1.3434,=1.7250,=2.0974,=2.4344,=4.0791,=0.0278,=0.0897,=0.0269,=0.0173,=2330
="000009",上证380,2010-11-29,=-0.0117,=6978.4400,=0.0592,=30.7975,=0.9002,=11.6192,=14.6240,=18.0453,=25.1602,=39.7002,=2.2642,=0.7552,=1.2909,=1.6341,=1.9526,=2.3752,=2.8641,=1.4264,=0.7650,=0.7850,=0.9356,=1.0816,=1.5163,=1.8994,=0.0195,=0.0662,=0.0205,=0.0158,=866
="931579",东证优势成长,2020-11-09,=-0.0241,=9462.6300,=0.2398,=30.8546,=0.8211,=7.9327,=14.2131,=19.0757,=29.9205,=61.0103,=6.2401,=0.8640,=0.9149,=2.5907,=3.3911,=5.8146,=9.3390,=3.8613,=0.8766,=1.1828,=2.0487,=2.3509,=3.6181,=6.0793,=0.0548,=0.1983,=0.0468,=0.0105,=136
="930632",CS稀金属,2015-05-12,=-0.0106,=2987.6670,=0.1020,=30.8736,=0.3141,=10.0759,=24.6559,=42.7588,=102.5259,=902.9270,=4.0121,=0.6344,=1.7714,=2.4678,=3.4560,=4.4058,=7.1765,=2.8797,=0.7556,=1.0736,=1.5817,=2.0649,=2.9980,=4.1072,=0.0489,=0.1107,=0.0216,=0.0073,=359
="000814",细分医药,2012-04-11,=0.0166,=7293.1500,=-0.1262,=30.8842,=0.3961,=21.8871,=27.2039,=32.7947,=37.7198,=60.8250,=2.7943,=0.0688,=2.4219,=3.2255,=4.1227,=4.8855,=7.4081,=2.2380,=0.1739,=1.7858,=2.2914,=2.9134,=3.8285,=5.4819,=0.0283,=0.0890,=0.0304,=0.0169,=408
="399394",国证医药,2012-10-29,=0.0102,=7272.5800,=-0.1431,=30.9138,=0.3108,=22.8656,=29.2541,=34.2897,=39.8130,=65.8576,=2.8582,=0.0091,=2.7032,=3.4417,=4.5038,=5.4654,=8.6075,=2.5893,=0.1356,=1.9890,=2.7167,=3.1612,=4.7431,=6.5385,=0.0285,=0.0916,=0.0308,=0.0167,=1065
="399005",中小板指,2006-01-24,=-0.0202,=9008.4700,=0.0901,=30.9677,=0.5973,=16.1163,=23.0542,=28.5779,=34.0170,=44.0181,=3.1213,=0.3289,=2.0289,=2.7421,=3.4565,=4.3360,=5.3697,=2.1554,=0.3763,=1.3510,=1.8219,=2.3842,=3.3216,=4.1546,=0.0255,=0.0988,=0.0255,=0.0129,=3248
="931798",光伏龙头30,2009-06-16,=-0.0366,=2217.2400,=0.0653,=31.3750,=0.6752,=8.0886,=17.2411,=24.1379,=37.6614,=66.5518,=2.7568,=0.6241,=1.6869,=2.0192,=2.4044,=4.5878,=8.3847,=2.2361,=0.6814,=0.9999,=1.3294,=1.6711,=3.0761,=5.7040,=0.0172,=0.0745,=0.0196,=0.0114,=193
="000949",中证农业,2009-10-28,=0.0003,=4770.1300,=-0.1761,=31.4348,=0.6101,=14.4444,=21.2919,=29.1176,=36.7819,=1184.8568,=2.3285,=0.0577,=2.0719,=2.5478,=3.2798,=4.0480,=5.2895,=1.2251,=0.2115,=0.8980,=1.1771,=1.7321,=2.0301,=2.8101,=0.0068,=0.0985,=0.0327,=0.0218,=1047
="399315",巨潮中盘,2005-02-03,=-0.0152,=5161.7600,=0.0845,=31.4430,=0.8277,=14.3715,=18.4227,=22.9157,=29.8562,=46.2941,=2.5007,=0.7197,=1.5252,=1.8923,=2.1502,=2.5842,=2.9380,=1.8410,=0.9646,=0.8408,=1.2254,=1.4278,=1.6517,=2.0305,=0.0239,=0.0707,=0.0202,=0.0146,=20
="000841",800医药,2012-12-21,=0.0162,=7299.4100,=-0.1267,=31.4809,=0.4332,=21.4494,=28.0346,=32.2963,=37.6239,=58.1462,=2.8031,=0.0627,=2.4193,=3.1928,=3.8043,=4.3897,=6.5122,=3.7567,=0.6447,=1.7815,=2.8895,=3.4449,=4.3666,=6.1565,=0.0288,=0.0871,=0.0293,=0.0178,=590
="930791",CS医药TI,2016-03-22,=0.0080,=8005.9900,=-0.1354,=31.6631,=0.2716,=23.2364,=30.0855,=35.6908,=40.8654,=70.7414,=2.5118,=0.0033,=2.4395,=3.0537,=3.8893,=4.6090,=6.6660,=2.3417,=0.0585,=2.0598,=2.5838,=2.9941,=3.5454,=5.1130,=0.0251,=0.0784,=0.0255,=0.0172,=195
="1000005",上海非金融A股,1994-01-01,,,,=31.9154,=0.8850,=15.3520,=20.3290,=23.4558,=29.7649,=34.6296,=2.2450,=0.7799,=1.5456,=1.8178,=2.0401,=2.2581,=2.5831,=1.3719,=0.9654,=0.7548,=0.9329,=1.0746,=1.1984,=1.4787,=0.0209,=0.0661,=0.0198,=0.0183,=189
="399295",创价值,2019-01-23,=-0.0296,=5455.2300,=0.0109,=31.9434,=0.3712,=20.8863,=26.5770,=39.9586,=56.9684,=73.8741,=5.4690,=0.4138,=3.7254,=4.5960,=5.8339,=8.9982,=11.5385,=4.2395,=0.3292,=2.5684,=3.4750,=5.3810,=9.1566,=12.8251,=0.0387,=0.1758,=0.0398,=0.0140,=612
="H30463",沪港深500医药,2014-11-28,=0.0148,=6545.4300,=-0.1573,=31.9547,=0.2710,=23.3470,=30.9787,=35.4833,=42.6572,=94.1690,=3.0356,=0.0340,=2.7545,=3.5438,=4.4502,=5.5958,=10.0878,=2.8815,=0.2252,=1.9470,=2.8257,=3.3054,=4.1956,=9.3489,,=0.0979,,=0.0149,=34
="930719",CS精准医,2015-08-05,=0.0091,=2311.0300,=-0.1306,=32.1382,=0.0192,=29.3195,=38.0431,=52.3676,=67.0564,=102.1078,=3.8386,=0.0504,=3.4982,=4.5627,=6.0573,=9.0189,=14.5104,=5.7806,=0.0810,=5.1956,=6.1906,=7.4534,=10.6316,=18.8625,=0.0301,=0.1091,=0.0230,=0.0089,=340
="930614",环保50,2015-04-07,=-0.0133,=2284.1100,=-0.0053,=32.2521,=0.7284,=13.7595,=20.5125,=26.7813,=35.1194,=50.3864,=2.8567,=0.4831,=1.9059,=2.3842,=2.8802,=3.6683,=6.0727,=2.8485,=0.4724,=1.6847,=2.2438,=2.8992,=3.3746,=6.6309,=0.0222,=0.0831,=0.0199,=0.0173,=206
="000994",全指电信,2011-08-02,=-0.0246,=15841.2500,=0.4223,=32.5670,=0.4497,=17.6024,=21.7761,=34.4099,=52.5847,=109.2407,=3.0208,=0.7824,=1.3865,=1.8410,=2.5292,=3.0631,=3.7766,=2.8756,=0.9975,=0.9155,=1.2459,=1.5312,=1.8691,=2.9837,=0.0216,=0.0895,=0.0218,=0.0196,=228
="399008",中小300,2010-03-22,=-0.0201,=1761.3900,=0.0644,=32.6101,=0.6373,=17.8364,=25.4661,=30.4243,=35.5647,=45.5477,=2.8598,=0.3924,=1.7846,=2.4620,=2.9839,=3.8218,=4.7778,=1.9495,=0.3949,=1.1664,=1.6529,=2.0784,=2.8239,=3.8663,=0.0232,=0.0868,=0.0228,=0.0129,=506
="000977",内地低碳,2011-01-21,=-0.0151,=2067.8500,=-0.0080,=32.6326,=0.7214,=13.7595,=20.8967,=26.8139,=35.4182,=50.3864,=2.8672,=0.4946,=1.9264,=2.3844,=2.8718,=3.6471,=6.0727,=2.8625,=0.5185,=1.6847,=2.2202,=2.8380,=3.3944,=6.7765,=0.0220,=0.0823,=0.0200,=0.0172,=387
="931235",中证电信,2022-07-21,=-0.0192,=3253.7500,=0.1999,=33.2013,=0.9947,=15.5242,=18.6819,=21.3090,=25.9462,=34.5295,=3.1738,=0.9957,=0.8741,=1.6331,=1.9067,=2.2921,=3.2259,=2.9232,=0.9947,=0.6427,=1.3789,=1.7116,=2.1219,=3.0401,=0.0216,=0.0917,=0.0212,=0.0188,=60
="000812",细分机械,2012-04-11,=-0.0285,=7511.3600,=-0.0236,=33.2167,=0.5449,=14.1771,=22.0432,=31.9383,=40.3976,=51.3583,=2.9462,=0.6599,=1.6005,=2.1653,=2.5229,=3.4001,=5.3964,=1.9622,=0.6451,=1.1287,=1.4635,=1.7265,=2.2895,=3.5603,=0.0226,=0.0835,=0.0173,=0.0162,=197
="399007",深证300,2009-11-04,=-0.0212,=6274.8600,=0.1038,=33.4081,=0.9777,=15.3833,=21.4145,=25.0050,=28.8122,=36.0754,=2.9318,=0.5989,=1.8298,=2.3539,=2.8055,=3.2332,=4.4351,=2.1099,=0.5911,=1.2839,=1.6547,=2.0028,=2.4005,=3.3177,=0.0257,=0.0779,=0.0236,=0.0153,=585
="399376",小盘成长,2010-01-04,=-0.0180,=6993.8800,=0.1012,=33.4614,=0.8467,=14.4007,=20.2318,=25.6041,=32.5707,=60.1410,=3.2624,=0.8384,=1.6246,=2.0607,=2.3697,=3.1570,=4.0524,=1.8257,=0.7374,=0.7224,=1.0640,=1.2047,=1.9658,=3.4032,=0.0271,=0.1002,=0.0195,=0.0127,=285
="931487",SHS人工智能50,2020-05-06,=-0.0180,=2190.6800,=-0.0053,=33.5431,=0.6423,=18.6614,=25.5336,=31.6030,=37.2774,=66.0883,=4.6390,=0.4945,=3.0781,=4.0455,=4.6533,=6.4870,=10.5947,=4.9806,=0.4051,=3.3555,=4.4982,=5.1823,=6.8266,=9.5096,,=0.1427,,=0.0079,=74
="931733",绿色能源,2021-08-19,=-0.0160,=5080.2200,=-0.0289,=33.5513,=0.5624,=12.7308,=19.1138,=32.4707,=41.7406,=65.3510,=3.3440,=0.4169,=2.3311,=2.7857,=3.5198,=5.5427,=8.0150,=2.2885,=0.4875,=1.3651,=1.7567,=2.3161,=4.3927,=7.5185,=0.0248,=0.0932,=0.0189,=0.0147,=25
="930721",CS智汽车,2015-08-05,=-0.0369,=5144.6800,=-0.1104,=33.6527,=0.1708,=27.2408,=33.9696,=39.6163,=48.9375,=67.2850,=3.3953,=0.2321,=2.5208,=3.3047,=3.8199,=5.3834,=7.3638,=1.3170,=0.0330,=1.1981,=1.4969,=1.8506,=2.6409,=3.8976,=0.0150,=0.1014,=0.0176,=0.0070,=468
="399088",深创100,2020-02-18,=-0.0223,=5708.9500,=0.1310,=33.9779,=0.7214,=15.3025,=21.8523,=26.8179,=38.1852,=56.8187,=5.0438,=0.7248,=2.2889,=3.2871,=4.0428,=5.3696,=6.8856,=3.2581,=0.7062,=1.4223,=1.9746,=2.4433,=3.7436,=5.1281,=0.0356,=0.1522,=0.0358,=0.0123,=74
="931186",中证科技,2019-05-30,=-0.0250,=6957.7000,=0.0395,=33.9783,=0.3803,=19.1938,=30.3038,=36.1756,=47.2471,=73.9401,=4.6662,=0.5575,=2.6301,=3.5946,=4.5441,=6.3630,=8.1242,=2.6529,=0.4495,=1.4264,=2.0863,=2.7616,=4.5407,=6.0737,=0.0291,=0.1226,=0.0174,=0.0114,=953
="930965",HKC医药C,2017-06-23,=0.0150,=2760.4300,=-0.1482,=34.3140,=0.5254,=18.1989,=25.6878,=32.8777,=72.5561,=6384.2329,=2.1657,=0.3053,=1.4216,=1.9406,=2.7070,=3.7028,=6.9841,=1.2866,=0.4431,=0.7160,=1.0291,=1.3269,=1.7333,=3.7092,,=0.0645,,=0.0128,=156
="H11054",装备产业,2009-07-22,=-0.0250,=2943.3100,=0.0118,=34.5444,=0.6386,=15.6342,=24.4968,=31.7741,=38.5456,=58.0282,=3.0413,=0.7097,=1.6944,=2.1254,=2.6007,=3.3173,=5.1308,=2.1566,=0.6726,=1.2119,=1.4823,=1.8785,=2.3505,=3.6241,=0.0221,=0.0859,=0.0174,=0.0136,=40
="399326",成长40,2006-01-24,=-0.0253,=8389.0600,=0.3176,=34.5847,=0.8269,=11.4413,=22.5069,=27.7075,=32.3667,=67.8360,=7.7126,=0.9089,=2.3502,=3.7081,=4.7157,=6.4122,=10.3842,=4.6786,=0.9716,=1.6605,=2.3239,=3.0469,=3.9096,=5.1844,=0.0646,=0.2161,=0.0378,=0.0093,=273
="000827",中证环保,2012-09-25,=-0.0160,=1897.0400,=0.0180,=34.6264,=0.7844,=14.0379,=21.0113,=28.2545,=35.3970,=50.6551,=2.7808,=0.4827,=1.7878,=2.2200,=2.8107,=3.3836,=5.4589,=2.8669,=0.5725,=1.6068,=2.0649,=2.7367,=3.2515,=6.2202,=0.0211,=0.0761,=0.0181,=0.0159,=6250
="399850",深证50,2023-10-18,=-0.0226,=10203.0100,=0.1175,=34.8810,=0.9585,=16.5344,=19.9751,=23.2347,=26.9704,=36.7629,=3.9635,=0.9535,=2.5911,=2.9318,=3.2205,=3.6899,=4.1754,=2.2358,=0.9568,=1.3017,=1.4795,=1.6765,=2.0377,=2.3564,=0.0301,=0.0973,=0.0318,=0.0173,=80
="931187",科技100,2019-05-30,=-0.0251,=5020.2900,=0.0880,=34.9101,=0.8005,=18.1467,=22.1634,=25.9874,=34.8632,=49.5031,=3.5608,=0.5915,=2.3703,=2.7883,=3.3263,=4.2353,=5.4633,=2.1950,=0.5886,=1.2579,=1.6310,=2.0528,=2.6746,=4.1304,=0.0201,=0.0911,=0.0217,=0.0102,=850
="399001",深证成指,1995-01-23,=-0.0206,=14954.1000,=0.1057,=35.0699,=0.9847,=15.9054,=22.8547,=26.5149,=30.6980,=37.9696,=2.9215,=0.6187,=1.7472,=2.2797,=2.7214,=3.2679,=4.0402,=2.1002,=0.6216,=1.2229,=1.6063,=1.9124,=2.3972,=2.9683,=0.0249,=0.0747,=0.0225,=0.0143,=3692
="931456",中国教育,2020-04-21,=-0.0043,=969.1979,=-0.2000,=35.0915,=0,=35.0915,=56.4153,=94.9606,=-131.0391,=28609.2511,=2.6061,=0.3012,=1.5831,=2.4370,=2.9600,=3.9141,=9.7545,=2.5964,=0.1415,=1.7011,=2.7899,=3.3753,=4.8732,=11.2012,,=0.0593,,=0.0085,=169
="930648",CS智消费,2015-06-05,=-0.0303,=4100.2107,=0.1197,=35.0978,=0.8710,=15.4538,=22.2407,=24.9570,=31.5323,=51.6043,=4.1750,=0.8524,=2.1406,=2.8085,=3.2135,=3.9721,=5.4486,=1.8964,=0.8372,=0.8328,=1.2861,=1.4800,=1.8428,=2.9491,=0.0253,=0.1077,=0.0239,=0.0129,=26
="931946",畜牧养殖,2023-07-28,=0.0053,=603.1400,=-0.1987,=35.1029,=0.6966,=14.8058,=16.2309,=21.6290,=45.2411,=702.5962,=2.2714,=0.0038,=2.2527,=2.5782,=2.6866,=2.7917,=3.1405,=0.9538,=0.0496,=0.8870,=1.0422,=1.0968,=1.1384,=1.2139,=0.0043,=0.0943,=0.0400,=0.0324,=1
="399612",中创100,2011-02-28,=-0.0264,=3160.8300,=0.1450,=35.1122,=0.7296,=18.0203,=24.5371,=31.1505,=39.8478,=52.6199,=4.3735,=0.5989,=2.5576,=3.3599,=4.1937,=5.1140,=7.4671,=2.8892,=0.4534,=1.6155,=2.2648,=3.0479,=4.0076,=5.8630,=0.0320,=0.1210,=0.0297,=0.0115,=158
="399412",国证新能,2014-05-16,=-0.0172,=2938.3200,=-0.0075,=35.1264,=0.6999,=13.6858,=20.0843,=24.3924,=40.0619,=66.6027,=3.1499,=0.6488,=1.6349,=2.2652,=2.7181,=3.9698,=7.3016,=1.9495,=0.6661,=0.7993,=1.1788,=1.5282,=2.5873,=5.3757,=0.0217,=0.0862,=0.0211,=0.0130,=360
="000905",中证500,2007-01-15,=-0.0137,=8063.8600,=0.0801,=35.1937,=0.8718,=15.7028,=21.2812,=25.5698,=33.2826,=51.1137,=2.4461,=0.7972,=1.3824,=1.7164,=1.9211,=2.4596,=3.1031,=1.6893,=0.8219,=0.8118,=1.0305,=1.1726,=1.6082,=2.2608,=0.0210,=0.0620,=0.0169,=0.0130,=38054
="000982",500等权,2011-06-13,=-0.0130,=9407.8200,=0.0423,=35.1937,=0.8718,=15.7028,=21.2829,=25.5698,=33.2826,=51.1137,=2.4461,=0.7972,=1.3824,=1.7163,=1.9217,=2.4593,=3.1031,=1.6893,=0.8219,=0.8118,=1.0305,=1.1726,=1.6070,=2.2608,=0.0210,=0.0620,=0.0169,=0.0130,=32
="931406",5G 50,2020-02-20,=-0.0309,=3230.0900,=0.5175,=35.3846,=0.8246,=15.2657,=20.5791,=23.4119,=34.3173,=51.5506,=3.9156,=0.8357,=1.5292,=1.9606,=2.4285,=3.7991,=5.3757,=2.5728,=0.9948,=0.9155,=1.4019,=1.5801,=1.8898,=2.7076,=0.0252,=0.1023,=0.0236,=0.0157,=702
="000962",中证中游,2010-04-16,=-0.0237,=5770.8900,=0.2245,=35.4196,=0.9596,=12.7529,=17.3536,=20.1661,=27.2940,=38.0461,=3.3313,=0.9909,=1.5782,=1.9009,=2.2350,=2.5754,=3.5590,=1.6489,=0.9905,=0.6672,=0.8352,=0.9845,=1.1329,=1.7655,=0.0222,=0.0826,=0.0192,=0.0112,=16
="931746",储能产业,2015-06-11,=-0.0233,=3541.5900,=-0.0423,=35.6306,=0.5829,=12.7536,=19.4820,=32.9069,=42.6259,=70.6293,=3.2832,=0.4420,=2.2823,=2.7318,=3.3895,=5.1079,=8.8670,=2.0706,=0.5442,=1.1513,=1.4899,=2.0088,=3.1811,=6.6557,=0.0195,=0.0831,=0.0177,=0.0119,=156
="399996",智能家居,2014-09-17,=-0.0300,=5112.9700,=0.1122,=35.8721,=0.8817,=17.5405,=23.3761,=27.7593,=33.5920,=47.8369,=4.4305,=0.9398,=2.2523,=2.8549,=3.4660,=4.1044,=5.0256,=2.2639,=0.9064,=1.0942,=1.4673,=1.7631,=2.0719,=2.7965,=0.0273,=0.1118,=0.0260,=0.0140,=206
="931409",SHS创新药,2020-02-20,=0.0191,=1816.6200,=-0.1385,=35.9297,=0.2522,=24.9819,=34.4429,=39.5834,=59.6896,=94.9889,=3.5017,=0.3168,=2.3431,=3.2671,=4.1206,=6.4611,=8.9149,=5.2534,=0.6562,=2.2896,=3.1894,=4.0012,=6.5431,=8.2645,,=0.0994,,=0.0111,=308
="000171",新兴成指,2017-01-25,=-0.0215,=2401.9300,=0.3018,=36.0812,=0.8055,=15.0335,=20.2762,=24.6587,=35.5134,=63.8139,=4.8970,=0.6150,=2.6324,=3.2776,=4.3403,=6.3052,=10.8185,=4.2371,=0.7805,=1.3680,=2.1140,=2.7670,=4.3168,=8.5894,=0.0336,=0.1371,=0.0326,=0.0121,=204
="931591",1000成长创新,2020-11-09,=-0.0159,=34932.6200,=0.0673,=36.5138,=0.8433,=18.0900,=24.4536,=32.1378,=35.7484,=40.6167,=3.9604,=0.6763,=2.0923,=3.0018,=3.4017,=4.3610,=5.3788,=4.1331,=0.8751,=1.8413,=2.7349,=3.0979,=3.8443,=5.2879,=0.0271,=0.1062,=0.0239,=0.0112,=147
="399389",国证通信,2011-12-02,=-0.0318,=12471.8800,=0.4955,=36.8461,=0.4002,=15.1336,=21.7733,=47.8861,=65.1875,=153.7967,=3.2334,=0.8520,=1.3245,=1.8461,=2.4674,=3.0650,=3.9804,=3.0389,=0.9979,=0.9743,=1.4589,=1.6825,=1.8951,=3.1462,=0.0209,=0.0855,=0.0209,=0.0182,=51
="930712",CS物联网,2015-07-31,=-0.0309,=5023.1500,=0.2044,=37.2743,=0.7976,=21.9217,=27.4652,=32.4326,=37.3213,=50.1215,=5.0132,=0.8162,=2.7515,=3.4472,=4.0809,=4.9194,=7.1882,=2.6717,=0.8372,=1.2084,=1.7388,=2.0108,=2.4170,=3.5102,=0.0346,=0.1340,=0.0303,=0.0122,=164
="399971",中证传媒,2014-04-15,=-0.0186,=1257.5600,=-0.1458,=37.3668,=0.6200,=18.4593,=27.0874,=34.9277,=44.8257,=90.0483,=2.1322,=0.1995,=1.5359,=2.1326,=2.5754,=3.3200,=5.5544,=2.6548,=0.1991,=1.9674,=2.6588,=3.1976,=4.6850,=7.1445,=0.0163,=0.0602,=0.0206,=0.0197,=6310
="930598",稀土产业,2015-03-02,=-0.0171,=2946.9900,=0.0500,=37.8510,=0.4419,=21.1133,=29.2013,=39.7997,=71.5344,=279.2691,=3.2787,=0.8776,=1.4810,=1.9699,=2.3149,=3.0267,=4.3047,=1.5734,=0.7453,=0.6656,=0.9718,=1.1869,=1.6646,=2.2389,=0.0350,=0.0883,=0.0227,=0.0097,=733
="932069",港股通医疗主题,2022-07-21,=0.0123,=845.4600,=-0.1466,=37.9421,=0.8691,=20.9778,=25.7442,=30.1334,=34.7792,=51.0900,=2.0766,=0.5516,=1.4397,=1.6143,=1.9382,=2.6059,=3.0086,=1.1157,=0.5990,=0.6760,=0.7643,=0.9632,=1.4220,=1.6308,,=0.0571,,=0.0135,=16
="399364",消费100,2009-08-03,=-0.0199,=12863.5400,=0.1917,=38.1223,=0.8941,=15.8540,=22.4360,=26.5363,=33.8826,=49.3766,=4.7906,=0.8158,=2.6561,=3.2856,=3.7522,=4.6690,=7.3266,=2.4594,=0.7993,=1.3127,=1.6570,=1.9045,=2.4622,=4.2956,=0.0306,=0.1191,=0.0345,=0.0133,=312
="931994",电网设备主题,2022-10-11,=-0.0295,=3439.8500,=0.3634,=38.1289,=0.9212,=15.6741,=19.9672,=22.6948,=27.0256,=44.9431,=3.7117,=0.9403,=1.9713,=2.2896,=2.4483,=2.7737,=4.2080,=2.3607,=0.9347,=1.2895,=1.4769,=1.6056,=1.8072,=2.6890,=0.0214,=0.0975,=0.0200,=0.0099,=250
="H30597",新材料,2015-02-13,=-0.0081,=4806.7300,=0.1587,=38.6777,=0.6558,=14.0729,=21.7626,=33.2776,=44.6178,=77.0759,=4.0026,=0.6364,=2.1817,=2.8826,=3.6703,=5.2685,=8.9168,=2.6927,=0.4654,=1.2938,=2.0086,=2.7593,=3.7927,=7.1680,=0.0294,=0.0908,=0.0200,=0.0123,=312
="HSIDI",恒生创新药指数,2023-01-01,=0.0185,=2194.3200,=-0.1854,=38.9064,=0.1222,=21.3081,=46.0019,=55.2872,=107.2130,=157.2991,=3.0810,=0.6785,=1.7148,=2.1293,=2.6582,=3.9768,=5.1867,=2.7410,=0.6975,=1.5892,=1.8263,=2.2898,=3.4162,=4.4669,,=0.1014,,=0.0097,=234
="HSSCID",恒生港股通创新药指数,2023-07-01,=0.0204,=2591.1400,=-0.1808,=38.9064,=0.2028,=20.9262,=38.8698,=44.6628,=61.3073,=216.1774,=3.0810,=0.6625,=1.6870,=2.0101,=2.5584,=4.1115,=5.1867,=2.7410,=0.6542,=1.6002,=1.8729,=2.4126,=3.5624,=4.4669,,=0.1014,,=0.0097,=113
="399276",创科技,2020-10-26,=-0.0378,=9420.6600,=0.1624,=39.2448,=0.5452,=20.4624,=26.4459,=37.6444,=58.9550,=84.1667,=6.9570,=0.7003,=3.5855,=4.4229,=5.7791,=8.6423,=12.0896,=5.4128,=0.6762,=2.4145,=3.2715,=4.7118,=8.8876,=12.2359,=0.0430,=0.1724,=0.0380,=0.0106,=10
="1000011",A股非金融,1994-01-10,,,,=39.4716,=0.8615,=17.5718,=25.5269,=28.6067,=37.6473,=43.6945,=2.5819,=0.6649,=1.6561,=2.0403,=2.3293,=2.6944,=2.9749,=1.6298,=0.8702,=0.9476,=1.1421,=1.3066,=1.5706,=1.8156,=0.0205,=0.0612,=0.0189,=0.0152,=806
="931785",智选沪深港科技50,2025-06-27,=-0.0185,=2717.3000,=0.1394,=39.5329,=0.8417,=31.7791,=34.7572,=36.9399,=39.0466,=42.8488,=5.4234,=0.8542,=3.8679,=4.3304,=4.7762,=5.1962,=5.8702,=3.4742,=0.8708,=2.2695,=2.5764,=2.9570,=3.3247,=3.7657,,,,=0.0077,=9
="H30178",医疗保健,2013-07-15,=-0.0106,=11746.5700,=-0.1346,=39.5344,=0.3788,=19.5848,=32.8016,=45.3963,=65.9914,=123.2936,=2.5902,=0,=2.5902,=3.4142,=5.5971,=7.4864,=12.4381,=4.3235,=0,=4.3235,=5.4261,=6.4411,=8.1023,=14.2518,=0.0196,=0.0653,=0.0216,=0.0153,=554
="931718",高端造质量成长50,2021-08-25,=-0.0248,=3653.2600,=0.2642,=39.5559,=0.8816,=16.3078,=22.0458,=28.7581,=36.4923,=49.4696,=6.1385,=0.8513,=3.1255,=3.9061,=4.8157,=5.8186,=8.1954,=3.7656,=0.8168,=1.7207,=2.2396,=2.9356,=3.6611,=5.3327,=0.0328,=0.1450,=0.0326,=0.0090,=27
="399625",中创500,2011-08-15,=-0.0231,=2756.2500,=0.1312,=39.7851,=0.7469,=20.4615,=28.9847,=35.6913,=41.1429,=52.5750,=3.9153,=0.6401,=2.1192,=2.8827,=3.5472,=4.3430,=5.2667,=2.7898,=0.5651,=1.4713,=2.0764,=2.6286,=3.4552,=4.5526,=0.0265,=0.0951,=0.0239,=0.0105,=164
="931672",风电产业,2021-04-29,=-0.0343,=1896.8000,=0.0768,=39.9149,=0.9733,=16.8665,=21.0945,=24.2038,=29.2247,=45.5856,=2.1779,=0.6314,=1.3490,=1.6703,=1.9836,=2.5029,=3.5946,=2.6668,=0.7680,=1.4458,=1.8887,=2.1379,=2.7004,=3.3215,=0.0166,=0.0571,=0.0184,=0.0096,=61
="930771",CS新能源,2015-12-16,=-0.0189,=2811,=0.0442,=40.1895,=0.6436,=11.2377,=23.2180,=34.3416,=45.1133,=62.8342,=2.9153,=0.5193,=1.7615,=2.1620,=2.8698,=3.9112,=7.2156,=2.5180,=0.6103,=1.2791,=1.6702,=2.2059,=3.0997,=6.6822,=0.0221,=0.0668,=0.0165,=0.0119,=31
="399808",中证新能,2015-02-10,=-0.0178,=2798.4300,=-0.0059,=40.1895,=0.5643,=11.2377,=23.4990,=36.8470,=46.4406,=62.8342,=2.9153,=0.4938,=1.7615,=2.1712,=2.9348,=3.8504,=7.2277,=2.5180,=0.6096,=1.2791,=1.6778,=2.2581,=3.0254,=6.6822,=0.0221,=0.0668,=0.0165,=0.0119,=1295
="399363",云科技,2009-08-03,=-0.0207,=14095.9100,=0.5087,=40.2311,=0.3891,=25.0041,=36.0760,=41.7120,=49.3835,=74.9161,=4.5234,=0.4275,=3.0187,=3.9521,=4.6696,=5.5957,=10.4646,=3.0913,=0.5029,=1.6015,=2.2265,=3.0738,=3.7507,=4.5583,=0.0491,=0.1469,=0.0254,=0.0137,=285
="H30217",医疗器械,2013-07-15,=-0.0093,=8520.7100,=-0.1322,=40.2643,=0.5128,=17.1055,=29.5762,=39.4631,=57.5754,=82.8778,=2.5375,=0,=2.5375,=3.2741,=4.8514,=6.6162,=11.6091,=4.6542,=0.0272,=4.1030,=5.3683,=6.0851,=8.2841,=13.3528,=0.0184,=0.0626,=0.0209,=0.0157,=1320
="931688",中证算力,2022-07-21,=-0.0201,=4616.2700,=0.4687,=40.2791,=0.9813,=18.0036,=20.6922,=23.5299,=31.8968,=42.7477,=4.2800,=0.9920,=1.6529,=1.8942,=2.2550,=3.2915,=4.4465,=3.0149,=0.9813,=1.3731,=1.5863,=1.7981,=2.4365,=3.1997,=0.0245,=0.1011,=0.0224,=0.0146,=100
="987018",港股通创新药,2021-11-18,,,=-0.1871,=40.3031,=0.3339,=22.9379,=35.5903,=50.7875,=96.3226,=537.2167,=3.1391,=0.4790,=1.6768,=2.2891,=3.2088,=4.1734,=6.0885,=4.8128,=0.3679,=2.6005,=3.5316,=5.3163,=7.1026,=12.1954,,=0.0844,,=0.0092,=315
="931783",智能驾驶,2022-02-21,=-0.0317,=1393.3700,=-0.0717,=40.3468,=0.2107,=31.9944,=40.1550,=46.8379,=69.9394,=98.5983,=3.3261,=0.1906,=2.5981,=3.3342,=3.5727,=3.9701,=4.9384,=1.7906,=0.2739,=1.3276,=1.7247,=1.9381,=2.1252,=2.7953,=0.0149,=0.0928,=0.0256,=0.0087,=11
="931152",CS创新药,2019-04-22,=0.0175,=1633.0900,=-0.1378,=40.8370,=0.3574,=27.6044,=36.6490,=43.1661,=53.2135,=74.6844,=3.3757,=0.2186,=2.5551,=3.3400,=4.1930,=5.9531,=8.7449,=4.8921,=0.7097,=2.2436,=2.9115,=3.3970,=5.6097,=9.4897,=0.0271,=0.0786,=0.0224,=0.0119,=1872
="399101",中小综指,2005-12-01,=-0.0170,=15195.2800,=0.0447,=40.8799,=0.5128,=22.7937,=34.4929,=40.6773,=47.1764,=65.2068,=2.8228,=0.5132,=1.7151,=2.3689,=2.8054,=3.4476,=4.7418,=1.9313,=0.4411,=1.1654,=1.6542,=2.0180,=2.6073,=3.9938,=0.0208,=0.0674,=0.0195,=0.0116,=25
="1000012",中小板全指,2005-12-01,=-0.0170,=15195.2800,=0.0447,=41.0179,=0.4835,=22.6352,=35.3655,=41.3034,=48.8226,=73.8161,=2.8343,=0.5111,=1.7125,=2.3729,=2.8178,=3.4758,=4.7425,=1.9021,=0.4394,=1.1448,=1.6386,=2.0027,=2.6012,=3.9859,=0.0209,=0.0671,=0.0194,=0.0116,=566
="931447",科技先锋,2020-04-21,=-0.0169,=3251.9800,=0.0538,=41.9072,=0.6144,=19.0346,=27.1494,=36.6938,=47.6876,=82.3567,=4.8494,=0.6299,=2.7045,=3.4023,=4.2653,=6.7276,=10.6025,=2.5889,=0.5491,=1.4804,=1.9082,=2.4002,=3.7266,=7.0848,=0.0256,=0.0990,=0.0202,=0.0101,=18
="399667",创业成长,2013-01-07,=-0.0290,=7216.6700,=0.3058,=41.9514,=0.6480,=21.3636,=29.5830,=38.5912,=51.7989,=90.9628,=7.5268,=0.8071,=2.9224,=4.0916,=4.8759,=7.3703,=10.8589,=5.3011,=0.6191,=2.4713,=3.4035,=4.6758,=6.8825,=10.3001,=0.0481,=0.1635,=0.0355,=0.0084,=85
="980015",疫苗生科,2015-02-16,=0.0100,=5203.0500,=-0.1723,=43.2675,=0.5218,=24.1714,=31.1390,=42.4113,=53.6436,=80.8207,=3.1897,=0.0331,=2.9980,=3.5804,=4.1427,=6.8600,=11.0606,=5.6411,=0.2748,=4.5746,=5.4811,=6.3900,=9.4025,=15.0694,=0.0223,=0.0693,=0.0219,=0.0119,=73
="399285",物联网50,2020-02-18,=-0.0254,=8161.3200,=0.2920,=43.3640,=0.9117,=21.8675,=26.3810,=31.3793,=38.2378,=48.8450,=5.9705,=0.9545,=2.6765,=3.4074,=4.0026,=5.2749,=6.4883,=3.8902,=0.9917,=1.7407,=2.0170,=2.4135,=3.1015,=4.1014,=0.0353,=0.1364,=0.0304,=0.0105,=93
="930726",CS生医,2015-08-05,=0.0127,=2085.2300,=-0.1461,=43.6372,=0.4176,=24.4874,=31.9329,=48.6168,=62.2723,=107.1179,=3.6824,=0.0466,=3.1768,=4.4317,=6.8851,=8.5259,=14.2976,=6.5427,=0.1595,=4.8871,=6.8301,=9.9666,=12.5690,=19.9452,=0.0287,=0.0766,=0.0261,=0.0104,=835
="399293",创业大盘,2019-04-18,=-0.0309,=7879.1800,=0.2159,=44.1132,=0.5812,=20.6573,=29.4000,=41.1349,=54.3346,=71.9327,=6.9644,=0.6273,=3.4452,=4.7048,=6.2254,=9.2472,=13.4901,=5.6968,=0.5092,=2.8408,=3.9984,=5.6710,=9.9435,=14.8309,=0.0411,=0.1554,=0.0377,=0.0095,=180
="930651",CS计算机,2015-06-05,=-0.0129,=7380.5590,=-0.0482,=44.5073,=0.2036,=33.6687,=44.4372,=56.8276,=67.2741,=115.0591,=4.5227,=0.5528,=2.6283,=3.7942,=4.3711,=5.1241,=6.5144,=2.6725,=0.0618,=2.0877,=2.9123,=3.6349,=4.3126,=5.6880,=0.0244,=0.0892,=0.0073,=0.0101,=643
="399296",创成长,2019-01-23,=-0.0254,=8878.9300,=0.4247,=44.6146,=0.5258,=22.4911,=30.6872,=43.3239,=64.1262,=104.6935,=9.4382,=0.7480,=3.9463,=4.9269,=6.9384,=10.5938,=14.9802,=6.8238,=0.6635,=2.5417,=3.4550,=5.8139,=12.0416,=17.3385,=0.0584,=0.2040,=0.0396,=0.0075,=1061
="000998",中证TMT,2011-11-08,=-0.0257,=3719.4200,=0.2648,=45.0939,=0.8467,=18.9989,=27.6163,=34.6638,=43.6596,=58.6698,=4.6615,=0.9514,=1.9674,=2.4618,=3.2923,=3.9730,=5.2875,=3.2742,=0.9934,=1.2505,=1.8092,=2.1803,=2.6044,=3.4635,=0.0233,=0.0900,=0.0196,=0.0116,=554
="931159",创新100,2019-05-16,=-0.0193,=4137.5400,=0.2167,=45.5537,=0.7695,=24.8309,=32.2728,=36.1123,=46.3704,=59.7307,=5.5263,=0.8028,=2.9189,=3.6911,=4.3635,=5.5122,=7.4325,=4.3840,=0.7264,=2.3351,=3.1611,=3.7722,=4.8364,=6.6085,=0.0278,=0.1244,=0.0278,=0.0085,=228
="399673",创业板50,2014-06-18,=-0.0293,=4169.1100,=0.2297,=45.6738,=0.6204,=20.6075,=30.6784,=42.5462,=57.5297,=106.7499,=7.3485,=0.7931,=3.1473,=4.3234,=5.2431,=7.4504,=11.7288,=5.7955,=0.5936,=2.6907,=4.1383,=5.5004,=7.8085,=13.3154,=0.0447,=0.1569,=0.0355,=0.0084,=5498
="930986",金融科技,2017-06-22,=-0.0231,=2283.5700,=-0.2684,=45.6915,=0.2721,=32.2484,=42.9273,=55.7813,=81.7023,=257.1796,=4.1326,=0.2546,=2.5474,=4.0143,=4.7004,=5.8262,=7.7786,=5.8341,=0.6861,=2.9625,=3.8681,=4.7486,=7.0195,=9.8281,=0.0192,=0.0872,=0.0151,=0.0086,=252
="399006",创业板指,2010-06-01,=-0.0270,=3854.7900,=0.2034,=45.7048,=0.6026,=22.8885,=32.3387,=42.0387,=55.4747,=79.6826,=6.1994,=0.7519,=3.0035,=4.0151,=4.8508,=6.5189,=9.5804,=4.5628,=0.5062,=2.3312,=3.4103,=4.5416,=6.4430,=8.4805,=0.0369,=0.1330,=0.0313,=0.0090,=16533
="930743",中证生科,2015-08-26,=0.0101,=2762.4700,=-0.1611,=46.1876,=0.3928,=24.0733,=39.5208,=50.2103,=59.8284,=100.3520,=3.1112,=0.0128,=2.9526,=3.8825,=6.1698,=8.0612,=14.6705,=5.4844,=0.0458,=4.7455,=6.2868,=8.8648,=12.4379,=18.8359,=0.0226,=0.0618,=0.0204,=0.0108,=1218
="399803",工业4.0,2015-02-13,=-0.0285,=6609.7000,=0.2287,=46.2583,=0.7762,=19.7294,=27.9595,=36.1733,=47.7492,=61.8732,=5.3556,=0.7605,=2.6645,=3.4308,=4.3469,=5.6116,=8.0266,=2.5891,=0.5371,=1.5023,=2.0108,=2.5353,=3.2603,=4.8981,=0.0258,=0.1072,=0.0218,=0.0086,=486
="930662",CS现代农,2015-07-13,=0.0026,=861.8127,=-0.1953,=46.7482,=0.7110,=13.0417,=20.4903,=28.4105,=61.6415,=301.1137,=2.0715,=0.0254,=1.8555,=2.5268,=2.8404,=3.1451,=4.3308,=0.9027,=0.0241,=0.8273,=1.0212,=1.1711,=1.5555,=2.1026,=-0.0091,=0.0850,=0.0345,=0.0258,=49
="930599",中证高装,2015-03-02,=-0.0256,=10466.6000,=0.2418,=47.1434,=0.8359,=19.5438,=27.7467,=34.6674,=45.5287,=65.7817,=4.5197,=0.9864,=1.8509,=2.5592,=3.1109,=3.6722,=4.8579,=2.5536,=0.8842,=1.2322,=1.6106,=1.9495,=2.4244,=2.8921,=0.0227,=0.0865,=0.0192,=0.0085,=115
="399441",生物医药,2015-01-20,=0.0150,=1805.1600,=-0.1588,=47.6085,=0.4942,=21.8350,=32.3563,=47.7700,=64.8488,=119.0737,=2.7858,=0.0705,=2.3073,=3.3967,=6.3584,=7.8152,=13.6606,=5.3807,=0.1443,=3.6424,=5.8933,=9.5207,=14.0528,=21.5399,=0.0194,=0.0565,=0.0192,=0.0127,=1677
="399316",巨潮小盘,2005-02-03,=-0.0140,=6543.9900,=0.0883,=48.0836,=0.9106,=17.4883,=24.6121,=29.2593,=38.1916,=58.4724,=2.3778,=0.7650,=1.3049,=1.7086,=1.9645,=2.4499,=3.2926,=1.5170,=0.7341,=0.7478,=1.0120,=1.2297,=1.6791,=2.5759,=0.0167,=0.0444,=0.0142,=0.0114,=22
="1000003",深圳A股,1994-01-01,=-0.0198,=2688.4600,=0.0622,=48.4729,=0.8368,=20.1337,=32.6807,=37.4322,=46.7672,=60.3260,=2.9376,=0.6257,=1.7026,=2.2996,=2.6857,=3.2393,=3.9166,=2.1338,=0.6162,=1.2021,=1.6469,=1.9199,=2.3918,=3.2018,=0.0203,=0.0553,=0.0180,=0.0118,=1822
="399959",军工指数,2011-08-30,=-0.0165,=1615.8100,=-0.1100,=48.7250,=0.1319,=34.5950,=50.7918,=60.8737,=73.4996,=167.2472,=2.8716,=0.2707,=2.0269,=2.6530,=3.2652,=4.0402,=5.9912,=2.6038,=0.1339,=2.1044,=2.7094,=3.3252,=3.8912,=5.2606,=0.0143,=0.0591,=0.0108,=0.0077,=4
="399624",中创400,2011-08-15,=-0.0187,=2855.6900,=0.1107,=49.6691,=0.8170,=22.4097,=32.9060,=40.4876,=48.7081,=82.4491,=3.3850,=0.7795,=1.6720,=2.4135,=2.8494,=3.4203,=5.3458,=2.6533,=0.7671,=1.2865,=1.8978,=2.2295,=2.7033,=4.6386,=0.0199,=0.0651,=0.0174,=0.0089,=230
="930820",CS高端制,2016-05-11,=-0.0225,=10191.1100,=0.2037,=49.8576,=0.9580,=21.5994,=28.9923,=36.5692,=42.6462,=53.9836,=4.4067,=0.9250,=2.0597,=2.7148,=3.1888,=3.8648,=4.9567,=2.8451,=0.9720,=1.1980,=1.7166,=2.0514,=2.4700,=3.0730,=0.0220,=0.0816,=0.0186,=0.0083,=311
="000958",创业成长,2010-03-24,=-0.0287,=2050.7700,=0.2794,=50.4571,=0.9930,=11.9506,=17.5032,=24.3300,=30.6865,=54.4971,=9.8812,=0.9946,=2.6815,=3.7899,=5.1687,=6.3577,=10.6234,=6.1574,=0.9930,=1.2937,=1.9105,=2.5447,=3.9741,=6.6505,=0.0493,=0.2198,=0.0640,=0.0059,=667
="399970",移动互联,2014-05-05,=-0.0312,=5144.5600,=0.1532,=52.5514,=0.8784,=21.2604,=32.0602,=40.2098,=49.4710,=64.0807,=5.4883,=0.7679,=2.3944,=3.2977,=4.0681,=5.6677,=7.9573,=2.9701,=0.7007,=1.5790,=2.0679,=2.5539,=3.2865,=4.6665,=0.0246,=0.0808,=0.0175,=0.0072,=469
="930821",中证VR,2016-05-11,=-0.0461,=3636.7200,=0.1389,=52.7656,=0.7404,=17.6816,=31.5593,=43.0762,=55.7485,=175.0572,=3.6120,=0.7329,=1.7358,=2.3304,=2.8621,=4.0740,=5.0269,=2.1263,=0.5975,=1.1117,=1.4741,=1.9074,=2.8865,=3.7313,=0.0113,=0.0443,=0.0138,=0.0074,=146
="399610",TMT50,2010-11-08,=-0.0368,=12730.9600,=0.3286,=52.8297,=0.9390,=21.0331,=30.1605,=38.0629,=46.3609,=64.7172,=6.9596,=0.9959,=2.4071,=3.2240,=4.0368,=5.1325,=7.4554,=3.8555,=0.8578,=1.5843,=2.0120,=2.7294,=3.7057,=4.9386,=0.0296,=0.1080,=0.0206,=0.0067,=519
="000852",中证1000,2014-10-17,=-0.0144,=8198.7200,=0.0794,=53.4165,=0.8809,=18.9344,=30.9274,=37.8121,=48.0889,=81.8025,=2.7300,=0.7069,=1.4880,=2.1060,=2.4400,=2.9389,=4.2563,=1.8750,=0.7613,=0.9250,=1.3827,=1.5870,=1.9569,=3.5402,=0.0158,=0.0499,=0.0155,=0.0096,=7327
="899050",北证50,2022-11-21,=-0.0316,=1295.6000,=-0.1005,=53.7431,=0.6205,=15.5447,=18.3379,=31.0560,=63.5749,=91.3357,=4.5568,=0.6624,=2.0170,=2.4276,=2.9457,=4.9782,=5.6723,=3.8633,=0.6461,=1.3969,=1.6958,=2.0633,=4.2614,=5.1557,=0.0174,=0.0675,=-0.0021,=0.0080,=743
="931165",新兴科技100,2019-04-25,=-0.0219,=10245.2900,=0.2039,=56.0695,=0.9942,=17.0055,=23.2465,=29.2965,=39.3519,=59.4658,=10.8192,=0.9942,=3.5721,=4.3334,=5.3255,=7.5396,=11.4254,=10.0707,=0.9942,=3.0368,=3.6486,=4.8166,=6.2907,=10.6807,=0.0515,=0.1919,=0.0378,=0.0062,=519
="H30535",互联网,2015-01-12,=-0.0243,=6354.5700,=0.3105,=56.3290,=0.9361,=14.4753,=20.8189,=35.3302,=47.8242,=65.8357,=7.2897,=0.9955,=1.7453,=2.4401,=3.2130,=4.0191,=7.7383,=4.4614,=0.9930,=1.1519,=1.6628,=1.9697,=2.8262,=4.7456,=0.0359,=0.1165,=0.0168,=0.0062,=23
="931087",科技龙头,2019-03-20,=-0.0202,=7192.8800,=0.3684,=56.7908,=0.9360,=22.2848,=33.6114,=40.3712,=51.2642,=64.5538,=7.5996,=0.9646,=2.8190,=4.2140,=5.2717,=6.4723,=8.4597,=5.8871,=0.9703,=2.0316,=3.3073,=3.9490,=4.8969,=6.4338,=0.0321,=0.1080,=0.0209,=0.0052,=2083
="930606",中证钢铁,2015-03-31,=-0.0094,=976.3200,=-0.1619,=57.0271,=0.7568,=5.9346,=9.2015,=19.0694,=91.2121,=77593.1899,=0.9691,=0.3153,=0.7076,=0.9198,=1.0618,=1.3536,=2.0450,=0.4591,=0.5025,=0.2931,=0.3819,=0.4578,=0.6240,=1.2948,=0.0020,=0.0221,=0.0071,=0.0239,=764
="399994",信息安全,2015-03-12,=-0.0126,=1603.0700,=-0.1207,=57.6713,=0.3479,=35.0629,=52.8202,=67.0223,=85.7906,=183.5630,=3.3450,=0.1929,=2.3256,=3.3611,=3.8824,=4.5747,=6.2767,=2.5080,=0.0322,=2.1829,=2.8914,=3.2631,=3.8380,=5.1182,=0.0078,=0.0539,=0.0040,=0.0124,=87
="980030",消费电子,2015-02-17,=-0.0398,=9873.7500,=0.3589,=58.0092,=0.9789,=18.6467,=31.5570,=38.7557,=47.1681,=62.6236,=4.8694,=0.9262,=2.0026,=2.5929,=2.9793,=4.1525,=5.7500,=2.4652,=0.8524,=1.1413,=1.3968,=1.5707,=2.3144,=3.4515,=0.0190,=0.0648,=0.0154,=0.0060,=379
="931696",科技50策略,2021-07-12,=-0.0194,=27477.7500,=0.3641,=58.1129,=0.9891,=23.0047,=27.7540,=33.6160,=42.9526,=61.7165,=9.2011,=0.9790,=3.0567,=3.9061,=4.4260,=7.0057,=9.7885,=5.0084,=0.9513,=1.9010,=2.3608,=2.6574,=4.0887,=6.7093,=0.0396,=0.1271,=0.0285,=0.0054,=12
="930707",中证畜牧,2015-07-13,=0.0038,=1792.3966,=-0.1880,=60.1731,=0.7156,=11.3375,=17.7937,=26.9050,=113.3570,=237.1331,=2.0886,=0.0008,=2.0778,=2.6878,=3.3132,=4.2745,=5.8838,=0.8640,=0.0091,=0.8185,=1.0420,=1.4355,=2.0957,=2.9452,=-0.0138,=0.0829,=0.0347,=0.0266,=1193
="000915",300信息,2007-07-02,=-0.0289,=4213.9800,=0.2964,=60.5233,=0.9819,=20.6178,=34.5626,=39.6449,=47.6885,=68.0661,=7.1402,=0.9934,=2.7398,=3.5399,=4.3445,=5.3529,=7.7095,=3.4709,=0.5808,=1.6744,=2.1697,=3.2164,=4.1003,=4.9963,=0.0247,=0.0971,=0.0166,=0.0064,=18
="931380",科技50,2019-11-25,=-0.0244,=4139.3300,=0.3101,=61.6719,=0.9306,=22.4426,=31.1774,=45.6926,=56.5811,=71.9143,=7.0937,=0.7563,=2.7627,=3.8643,=5.3448,=7.3675,=9.9144,=5.7854,=0.8409,=2.1802,=3.0576,=4.0739,=5.5949,=7.7525,=0.0253,=0.0951,=0.0118,=0.0064,=947
="931079",5G通信,2019-04-25,=-0.0360,=3069.4000,=0.5921,=62.4009,=0.9942,=21.0709,=27.5543,=33.3972,=43.8063,=103.6981,=8.8790,=0.9959,=2.3623,=3.0356,=3.6034,=5.2341,=9.4703,=3.5776,=0.9959,=1.1916,=1.4867,=1.8659,=2.3195,=3.8274,=0.0389,=0.1398,=0.0276,=0.0053,=2266
="931643",科创创业50,2021-06-01,=-0.0227,=2668.5800,=0.3378,=62.7222,=0.8570,=22.6109,=28.4281,=39.8526,=57.3287,=92.9106,=8.2056,=0.8570,=3.3216,=4.1717,=5.1539,=7.0524,=12.1685,=7.4396,=0.8168,=2.7030,=3.3952,=4.5965,=6.9931,=14.6821,=0.0368,=0.1190,=0.0246,=0.0064,=1956
="931461",电子50,2009-07-22,=-0.0277,=8048.3800,=0.3653,=63.0975,=0.9839,=20.3357,=30.2775,=36.3337,=47.7948,=68.5957,=7.2727,=0.9951,=2.5323,=3.1789,=3.6815,=5.2370,=7.8706,=3.5579,=0.9097,=1.1588,=1.7975,=2.0586,=3.0510,=4.5428,=0.0239,=0.0884,=0.0169,=0.0058,=437
="930850",智能制造,2016-07-20,=-0.0270,=6083.4700,=0.2708,=63.1694,=0.9818,=23.4329,=32.5876,=41.3652,=49.9684,=69.7346,=6.2282,=0.9887,=2.5370,=3.5060,=4.1263,=5.0432,=6.8495,=3.6040,=0.8159,=1.5919,=2.3501,=2.7688,=3.5323,=5.3954,=0.0208,=0.0857,=0.0160,=0.0063,=361
="930713",CS人工智,2015-07-31,=-0.0215,=6538.5100,=0.2379,=63.5012,=0.8211,=24.8131,=43.8200,=53.2816,=62.6744,=90.1869,=8.5184,=0.9926,=2.8384,=3.9100,=4.7030,=5.4132,=9.1508,=5.9523,=0.9913,=2.3148,=3.1674,=3.7880,=4.3096,=6.3979,=0.0330,=0.1245,=0.0172,=0.0051,=1032
="980022",机器人产业,2015-02-25,=-0.0373,=2702.5900,=0.0184,=63.5614,=0.8474,=13.7974,=16.6281,=20.1258,=42.2661,=93.9438,=5.1491,=0.8764,=2.5198,=3.0537,=3.5917,=4.7512,=6.2730,=4.2814,=0.8403,=1.0172,=1.2341,=1.4233,=3.6334,=5.9220,=0.0186,=0.0892,=0.0245,=0.0052,=296
="930875",空天军工,2016-08-17,=-0.0186,=2194.5400,=-0.0930,=63.6845,=0.5979,=27.3832,=45.4265,=55.4208,=73.2691,=98.7933,=3.5031,=0.4225,=2.4052,=3.1527,=3.6167,=4.9443,=7.9650,=3.0998,=0.3326,=2.1274,=2.8899,=3.7057,=4.5347,=7.7673,=0.0090,=0.0567,=0.0104,=0.0069,=104
="931494",消费电子,2020-06-12,=-0.0380,=6953.2000,=0.3670,=63.7215,=0.9779,=20.2625,=31.6154,=38.4349,=50.9084,=69.6359,=6.6278,=0.9910,=2.1307,=2.8118,=3.4773,=5.0307,=7.2195,=3.1920,=0.9910,=1.3000,=1.6459,=1.9462,=2.5918,=3.4883,=0.0228,=0.0807,=0.0166,=0.0057,=223
="930652",CS电子,2015-06-05,=-0.0248,=13095.6751,=0.3350,=64.0352,=0.9740,=21.2056,=33.8173,=43.2208,=51.6093,=71.5815,=6.9944,=0.9946,=2.2039,=3.1461,=3.6464,=4.7578,=7.6031,=3.7325,=0.9872,=1.4014,=2.0216,=2.2945,=3.0369,=4.1010,=0.0249,=0.0838,=0.0162,=0.0055,=474
="399303",国证2000,2014-03-28,=-0.0163,=10657.7000,=0.0705,=64.4347,=0.9077,=23.3937,=36.3012,=42.0208,=53.5565,=96.7185,=2.9158,=0.8277,=1.4941,=2.0787,=2.2977,=2.7687,=4.2124,=2.2009,=0.8199,=1.0643,=1.3926,=1.5532,=2.1216,=3.4322,=0.0140,=0.0453,=0.0143,=0.0086,=712
="399291",创精选88,2019-11-06,=-0.0170,=5328.4300,=0.1663,=65.0607,=0.7954,=32.8940,=42.1334,=54.3107,=65.3084,=106.4385,=4.2801,=0.8662,=1.8895,=2.8568,=3.4030,=3.9397,=4.9331,=4.7326,=0.9095,=1.9655,=2.6212,=3.0971,=4.2943,=5.5728,=0.0173,=0.0556,=0.0131,=0.0069,=40
="399973",中证国防,2014-04-15,=-0.0181,=1674.5300,=-0.0997,=66.2964,=0.7045,=28.8580,=43.6048,=54.2136,=72.9113,=114.4667,=3.4227,=0.4167,=2.3880,=3.0104,=3.5791,=4.9227,=7.7047,=3.1723,=0.3693,=1.9566,=2.7338,=3.8956,=4.5657,=7.1179,=0.0086,=0.0535,=0.0095,=0.0067,=633
="931160",通信设备,2013-07-15,=-0.0358,=24620.5300,=0.5925,=66.4734,=0.8965,=19.3231,=27.7990,=36.6969,=53.2964,=91.1971,=10.4243,=0.9979,=2.1520,=2.8712,=3.4261,=3.9737,=11.1425,=3.7473,=0.9975,=0.9706,=1.2833,=1.5072,=2.4410,=4.0096,=0.0428,=0.1280,=0.0276,=0.0055,=1255
="399368",国证军工,2009-11-04,=-0.0093,=7666.8300,=-0.1004,=66.6672,=0.5655,=38.1822,=54.2867,=63.7417,=78.3589,=107.0849,=3.2013,=0.5944,=2.0244,=2.5859,=3.0405,=3.5658,=4.3940,=3.0750,=0.4386,=1.8459,=2.5701,=3.1937,=3.6960,=4.8014,=0.0129,=0.0477,=0.0081,=0.0060,=12
="931066",军工龙头,2018-02-05,=-0.0183,=2891.6000,=-0.1630,=66.9875,=0.8683,=29.1719,=34.9281,=42.7514,=52.1574,=100.5281,=3.1142,=0.1748,=2.2914,=3.1485,=3.6910,=4.6227,=6.9932,=2.8446,=0.2144,=2.1745,=2.8222,=3.4511,=4.1887,=5.8746,=0.0067,=0.0495,=0.0098,=0.0073,=1066
="000935",中证信息,2009-07-03,=-0.0257,=8233.3100,=0.2828,=67.1053,=0.9695,=22.3783,=36.3294,=44.9610,=54.4475,=77.7561,=6.8316,=0.9942,=2.5910,=3.3282,=4.0443,=4.7544,=7.3946,=3.9426,=0.9217,=1.7187,=2.2023,=2.7270,=3.5206,=4.5057,=0.0237,=0.0833,=0.0137,=0.0056,=1119
="931845",生猪产业,2012-04-11,=0.0071,=1037.4800,=-0.2101,=67.4636,=0.7733,=12.7881,=21.1629,=29.0112,=101.0404,=705.7713,=2.3523,=0.0008,=2.3345,=2.8983,=3.4955,=4.1514,=5.7536,=0.8840,=0.0041,=0.8594,=1.0409,=1.6493,=2.1723,=2.8287,=-0.0154,=0.0788,=0.0361,=0.0299,=164
="931009",建筑材料,2013-07-15,=-0.0132,=5523.1100,=-0.1204,=67.9096,=0.9789,=8.0662,=10.3916,=14.5565,=24.8350,=95.7816,=0.8917,=0.0302,=0.7557,=1.0168,=1.5135,=1.9967,=2.4800,=0.9876,=0.2244,=0.6904,=0.9634,=1.1633,=1.5178,=2.1670,=-0.0025,=0.0109,=-0.0006,=0.0266,=741
="399967",中证军工,2013-12-26,=-0.0115,=12444.2700,=-0.1118,=68.1404,=0.5742,=41.8350,=54.9002,=65.1622,=98.0949,=170.1674,=3.4400,=0.6649,=2.0425,=2.6005,=3.1809,=3.8673,=4.8699,=3.1645,=0.5223,=2.0545,=2.7207,=3.1218,=4.0228,=5.8225,=0.0129,=0.0501,=0.0096,=0.0056,=5939
="980080",成长100,2012-12-28,,,=0.4382,=68.5069,=0.9634,=39.4731,=44.7287,=49.2882,=57.3814,=70.7350,=7.7197,=0.9922,=3.0437,=3.6126,=5.3717,=6.5754,=7.9511,=4.8676,=0.9582,=2.0191,=2.3993,=2.9172,=4.1504,=5.0259,=0.0481,=0.1452,=0.0254,=0.0036,=183
="931071",人工智能,2018-11-21,=-0.0222,=2887.7400,=0.2747,=68.8270,=0.9647,=30.9003,=39.6912,=48.4049,=56.5630,=74.4524,=10.7400,=0.9928,=2.9559,=3.8955,=4.7317,=5.8903,=11.5305,=8.7184,=0.9906,=2.2000,=2.7963,=3.1893,=4.0660,=9.3591,=0.0409,=0.1450,=0.0239,=0.0052,=1335
="000993",全指信息,2011-08-02,=-0.0249,=10936.3500,=0.2886,=70.3668,=0.8483,=27.3163,=42.0292,=52.3604,=67.6866,=96.2351,=6.8055,=0.9938,=2.5265,=3.2907,=4.0171,=4.7036,=7.3820,=4.0475,=0.9068,=1.8009,=2.3376,=2.8253,=3.4663,=5.4447,=0.0221,=0.0751,=0.0134,=0.0053,=4082
="930910",农牧渔,2016-12-12,=0.0028,=7998.7700,=-0.1979,=70.4176,=0.7367,=13.2246,=20.8538,=29.6195,=97.6120,=30031.8592,=2.0774,=0.0004,=2.0709,=2.4994,=2.9728,=3.6474,=4.9084,=0.9329,=0.0144,=0.8679,=1.0781,=1.4869,=2.0561,=2.7290,=-0.0088,=0.0664,=0.0304,=0.0234,=12
="931866",中证机床,2022-05-09,=-0.0251,=2680.1900,=0.4946,=71.4464,=0.9824,=28.6086,=36.8366,=40.4068,=52.8301,=75.6656,=7.4077,=0.9969,=2.8302,=3.7435,=4.2828,=5.0273,=7.6064,=6.0264,=0.9948,=2.4023,=3.1536,=3.4193,=4.1394,=6.1880,=0.0321,=0.1022,=0.0244,=0.0052,=155
="931582",数字经济,2020-11-09,=-0.0166,=1745.2900,=0.1821,=71.4550,=0.9054,=35.0365,=43.8539,=50.1385,=65.7383,=83.2725,=7.4430,=0.9283,=3.4564,=4.8948,=5.6530,=6.5774,=9.8458,=6.5573,=0.6866,=2.4970,=3.8836,=5.8344,=7.6113,=11.8341,=0.0236,=0.0954,=0.0158,=0.0043,=182
="H30590",机器人,2015-02-10,=-0.0406,=2119.6000,=0.1108,=71.9180,=0.9246,=24.1742,=42.0198,=50.8759,=63.1256,=89.9138,=4.9019,=0.9155,=2.1765,=2.8831,=3.6958,=4.3959,=6.0751,=4.7579,=0.9196,=1.6011,=2.4247,=3.4044,=4.3048,=5.6179,=0.0149,=0.0720,=0.0144,=0.0056,=874
="399993",CSWD生科,2015-05-08,=0.0053,=2161.2700,=-0.1707,=71.9339,=0.7683,=31.0960,=44.1993,=56.6720,=73.5075,=122.8633,=3.0815,=0.0552,=2.5928,=3.6570,=6.1602,=7.6052,=15.2283,=6.1398,=0.1204,=4.8204,=6.7349,=9.3422,=14.2929,=21.1379,=0.0163,=0.0356,=0.0147,=0.0114,=68
="931480",线上消费,2020-05-06,=-0.0166,=711.5500,=-0.1540,=72.7851,=0.5765,=33.5813,=47.6884,=66.7896,=96.8036,=132.5169,=2.9858,=0.4235,=1.9483,=2.5070,=3.1001,=3.7024,=5.0305,=3.0827,=0.8437,=1.1811,=1.5047,=1.8180,=2.8675,=4.8094,=0.0131,=0.0458,=0.0190,=0.0103,=75
="1000007",创业板全指,2010-05-01,=-0.0249,=4430.2700,=0.1326,=73.4420,=0.6595,=33.8134,=48.2400,=61.0232,=100.0107,=334.2333,=4.8346,=0.7341,=2.3083,=3.3593,=4.0482,=5.2406,=6.6514,=4.2237,=0.5342,=2.1439,=3.2922,=4.1201,=5.5818,=8.9790,=0.0212,=0.0638,=0.0178,=0.0073,=1921
="932088",全指航空,2023-03-23,=-0.0165,=742.2300,=-0.1546,=73.7877,=0.6551,=36.9197,=48.7510,=66.6785,=88.6057,=116.5746,=3.4079,=0.5315,=2.3948,=3.0267,=3.3816,=3.8893,=4.9751,=3.1020,=0.2703,=2.2988,=2.9022,=3.5812,=4.0654,=4.9356,=0.0077,=0.0470,=0.0092,=0.0066,=38
="931469",云计算50,2020-06-12,=-0.0110,=4157.6700,=0.1225,=74.3627,=0.6582,=43.1726,=58.3627,=68.4194,=81.9930,=130.8911,=10.1684,=0.9924,=3.0031,=3.8710,=5.0911,=6.1205,=10.8634,=5.8253,=0.9924,=2.2186,=2.8508,=3.4794,=4.2247,=6.2441,=0.0385,=0.1212,=0.0175,=0.0026,=61
="H30318",科技传媒通信150,2014-04-15,=-0.0214,=4494.6700,=0.4618,=74.4997,=0.9959,=19.8534,=28.8631,=38.1374,=49.8112,=78.8621,=9.9257,=0.9959,=2.0037,=2.4801,=3.5091,=4.3076,=10.4871,=5.4002,=0.9959,=1.2409,=1.8640,=2.3024,=2.7659,=5.7164,=0.0368,=0.1091,=0.0211,=0.0040,=39
="930851",云计算,2016-07-20,=-0.0167,=6424.5100,=-0.0090,=81.9148,=0.6526,=37.0632,=52.8614,=67.4895,=96.4471,=313.0672,=8.8304,=0.9935,=2.7148,=3.6039,=4.2868,=5.3740,=9.4756,=5.7509,=0.9926,=1.6839,=2.4250,=3.1137,=3.7290,=6.1877,=0.0301,=0.0896,=0.0112,=0.0025,=459
="399019",创业200,2023-11-15,=-0.0210,=4770.2500,=0.0493,=83.0461,=0.4568,=45.1604,=59.4083,=85.4479,=110.7664,=137.0675,=4.1774,=0.9518,=1.8905,=2.4376,=3.1918,=3.8721,=4.4299,=3.7233,=0.8937,=1.7802,=2.2925,=2.8217,=3.3913,=3.9712,=0.0165,=0.0404,=0.0111,=0.0061,=84
="970070",创业板人工智能,2024-07-11,=-0.0317,=8244.6600,=0.3905,=89.1093,=0.6580,=48.3861,=71.2816,=80.7956,=94.5489,=119.1606,=12.7609,=0.9805,=3.3467,=5.0203,=6.0551,=9.5882,=13.8181,=10.6245,=0.9719,=3.4016,=4.9358,=5.9763,=8.9089,=11.5141,=0.0381,=0.1206,=0.0167,=0.0033,=223
="932038",央企科技引领,2022-11-16,=-0.0113,=1823.9200,=0.2187,=91.0804,=0.9629,=31.0707,=37.7028,=44.7813,=75.3634,=100.6860,=6.2231,=0.9745,=2.7684,=3.4482,=3.9624,=4.8343,=6.8336,=6.2701,=0.9687,=2.3932,=3.1314,=3.8917,=5.2845,=6.9314,=0.0105,=0.0636,=0.0096,=0.0049,=35
="CN5082",国证航天,2015-02-16,,,=-0.1805,=91.2007,=0.7389,=44.4252,=58.7080,=73.0296,=113.0568,=173.9279,=3.6721,=0.5519,=2.1924,=2.8248,=3.3443,=4.3699,=5.7727,=3.5862,=0.6104,=1.9232,=2.5659,=3.3658,=4.1058,=6.0090,=0.0055,=0.0382,=0.0066,=0.0054,=18
="000683",科创生物,2022-05-09,=0.0020,=908.5300,=-0.1528,=91.2977,=0.0917,=31.4909,=160.1204,=1987.7789,=-210.8163,=97054.3385,=5.3656,=0.4718,=4.0903,=4.8772,=5.4128,=6.3165,=7.9611,=8.5125,=0.0565,=7.6079,=9.2280,=10.3405,=11.4612,=14.1963,=0.0094,=0.0457,=0.0035,=0.0035,=53
="931144",通信技术,2019-05-30,=-0.0383,=4393.0100,=0.8869,=91.3995,=0.9806,=22.8153,=30.3904,=36.4545,=50.1420,=113.1406,=12.7048,=0.9977,=2.5671,=3.1049,=3.6694,=4.7221,=13.3691,=7.9781,=0.9977,=1.6428,=2.1010,=2.4726,=3.3727,=8.4002,=0.0432,=0.1354,=0.0299,=0.0025,=247
="931521",高装细分50,2020-07-08,=-0.0192,=2822.4700,=-0.1514,=92.1910,=0.7914,=33.8051,=48.4434,=56.8542,=95.9067,=160.3029,=3.8974,=0.4081,=2.5146,=3.4306,=4.1408,=5.0055,=6.8876,=3.9813,=0.2229,=2.7226,=3.8911,=4.4221,=5.0877,=6.7300,=0.0050,=0.0438,=0.0069,=0.0054,=78
="930790",CS娱乐TI,2016-03-22,=-0.0101,=1185.6800,=-0.1660,=92.2321,=0.9111,=17.3299,=32.7501,=48.9254,=79.7979,=245.3480,=2.3280,=0.3463,=1.6576,=2.1340,=2.5547,=3.1189,=3.8872,=2.5887,=0.1025,=2.2057,=2.7930,=3.2417,=4.0374,=5.0752,=0.0124,=0.0200,=0.0156,=0.0163,=16
="000858",500信息,2013-11-06,=-0.0184,=13217.5300,=0.2542,=92.3652,=0.8401,=25.3805,=43.9766,=64.2459,=89.0200,=209.3531,=6.1618,=0.9922,=2.1626,=2.9041,=3.3886,=3.9447,=6.7548,=5.9894,=0.9913,=1.1229,=1.9074,=2.6874,=3.6034,=6.5901,=0.0212,=0.0505,=0.0070,=0.0034,=350
="932438",科创创业机器人,2025-05-16,=-0.0466,=1844.8500,=0.1415,=93.9501,=0.8571,=67.6486,=76.9264,=83.3224,=91.8224,=103.3521,=6.0697,=0.6873,=4.9598,=5.2841,=5.6560,=6.1892,=6.8835,=6.1650,=0.5676,=5.2672,=5.7420,=6.0591,=6.6238,=7.4199,=0.0153,=0.0666,,=0.0036,=55
="931247",中证信创,2012-12-21,=-0.0077,=1464.0300,=0.0002,=96.3332,=0.1350,=66.5979,=101.4539,=204.0201,=276.3312,=369.3964,=6.3338,=0.8917,=2.7947,=3.4785,=4.6710,=5.8336,=7.4810,=5.0823,=0.8739,=2.8203,=3.4067,=4.1062,=4.8346,=6.0696,=0.0271,=0.0400,=0.0016,=0.0036,=96
="930633",中证旅游,2015-05-08,=0.0139,=2398.6969,=-0.2775,=99.7831,=0.4250,=15.8968,=21.8127,=1950.4152,=-51.0196,=11171.4579,=1.9246,=0.0664,=1.6473,=2.1753,=2.3675,=2.8097,=3.6934,=1.0868,=0.0037,=1.0607,=1.3337,=1.6097,=2.5762,=3.7607,=0.0208,=-0.0128,=-0.0016,=0.0096,=605
="930902",中证数据,2016-10-18,=-0.0106,=2909.6600,=-0.0876,=100.0552,=0.6853,=37.6891,=57.1353,=78.3154,=122.2503,=366.0842,=4.0038,=0.5098,=2.4001,=3.4196,=3.9863,=4.6835,=5.5171,=2.6560,=0.0974,=2.0473,=2.8850,=3.3859,=4.1671,=7.0542,=0.0025,=0.0339,=0.0011,=0.0041,=242
="930601",中证软件,2015-03-10,=-0.0280,=5106.4000,=-0.1879,=100.4666,=0.7148,=29.3378,=51.8564,=79.5610,=128.9417,=302.4908,=4.5318,=0.4270,=2.7207,=3.9641,=4.6753,=5.7232,=7.7476,=4.6490,=0.4035,=2.8007,=4.0731,=4.9596,=6.0922,=9.8975,=0.0078,=0.0385,=-0.0029,=0.0068,=389
="H30202",软件指数,2013-07-15,=-0.0259,=12079.1100,=-0.1988,=106.1699,=0.6031,=45.1036,=65.7516,=91.5241,=155.6957,=372.5263,=4.5231,=0.2016,=2.9348,=4.5157,=5.4344,=6.6183,=8.8705,=6.1001,=0.3038,=3.9010,=5.4106,=6.8761,=8.0808,=13.5560,=0.0053,=0.0344,=-0.0039,=0.0069,=318
="CN5075",国证信创,2015-02-16,,,=0.2678,=106.2712,=0.6761,=39.3034,=49.7251,=76.2330,=124.0857,=152.0158,=8.1858,=0.9618,=3.0386,=3.5499,=5.1542,=7.1392,=9.3745,=6.1309,=0.9551,=2.8415,=3.6682,=4.3797,=5.3975,=7.0749,=0.0268,=0.0598,=0.0136,=0.0026,=28
="932456",科创创业AI,2025-05-14,=-0.0239,=3800.8300,=0.3064,=107.9252,=0.1217,=95.3901,=110.7747,=117.5976,=140.3144,=192.3777,=13.6907,=0.9430,=6.1464,=7.4591,=10.3055,=11.3236,=14.7499,=17.0633,=0.9430,=9.0747,=11.1991,=14.5564,=15.6715,=18.3647,=0.0437,=0.0985,,=0.0017,=44
="950161",科创新药,2024-08-23,=0.0120,=1039.3500,=-0.1538,=115.7668,=0.0046,=113.6689,=-619.2435,=-144.6041,=-89.9599,=1578.9342,=7.3178,=0.2679,=4.9324,=6.6008,=8.8917,=10.4689,=12.9042,=9.3577,=0.0785,=8.4204,=10.2043,=12.5156,=14.4202,=17.6998,=0.0059,=0.0403,=-0.0091,=0.0016,=21
="980076",通用航空,2012-12-28,=-0.0135,=3054.1400,=-0.1769,=123.8282,=0.7507,=69.9916,=80.1254,=100.9403,=129.0622,=158.1149,=3.5537,=0.5434,=2.7445,=3.2081,=3.5189,=4.1308,=5.1513,=4.1926,=0.3585,=3.4358,=4.0782,=4.3002,=4.9585,=6.3273,=0.0066,=0.0297,=0.0083,=0.0047,=57
="H30007",芯片产业,2012-12-20,=-0.0087,=4398.5900,=0.3890,=126.4158,=0.9163,=24.2382,=40.3144,=68.7999,=111.0444,=186.5687,=9.4271,=0.9815,=1.9412,=3.6288,=4.4726,=7.1108,=11.2654,=13.5412,=0.9934,=1.5871,=3.6673,=6.4633,=8.1526,=15.5355,=0.0230,=0.0446,=0.0109,=0.0013,=519
="000698",科创100,2023-08-07,=-0.0124,=1890.8600,=0.2969,=129.4549,=0.1837,=60.6995,=130.8322,=216.4364,=255.1518,=337.2511,=7.0150,=0.9810,=2.7397,=3.5899,=4.1655,=5.6939,=7.3691,=8.4966,=0.8309,=4.0312,=5.0872,=6.1432,=8.3575,=10.0837,=0.0093,=0.0369,=0.0028,=0.0028,=539
="H30184",半导体,2013-07-15,=-0.0049,=13228.1100,=0.4375,=131.9683,=0.9695,=33.2056,=51.7038,=76.8895,=105.5413,=154.8888,=9.3351,=0.9621,=2.5082,=3.4193,=4.7906,=7.3346,=12.2763,=14.0236,=0.9955,=1.3963,=2.6456,=6.8888,=9.2335,=15.6416,=0.0203,=0.0527,=0.0094,=0.0014,=3316
="990001",中华半导体芯片,2019-03-18,=-0.0089,=16712.2800,=0.3825,=134.6621,=0.9475,=33.1780,=61.2261,=84.4963,=114.4649,=160.7761,=9.1201,=0.9624,=3.1429,=4.2582,=5.3015,=7.3692,=10.9977,=13.6144,=0.9914,=3.3238,=6.0767,=7.0977,=9.1744,=15.6060,=0.0177,=0.0410,=0.0101,=0.0013,=1375
="932087",集成电路,2023-03-29,=-0.0147,=1541.3800,=0.3610,=134.9494,=0.5692,=46.1239,=98.8475,=131.4341,=150.5586,=195.7770,=8.8282,=0.9754,=3.1405,=3.8779,=5.1118,=6.8718,=10.1351,=13.8553,=0.9677,=5.8347,=7.5578,=8.9429,=11.4939,=15.9312,=0.0203,=0.0481,=0.0079,=0.0014,=38
="950180",科创AI,2024-07-25,=-0.0301,=2487.3100,=0.1068,=141.3849,=0.5088,=66.2784,=98.1113,=140.6634,=168.4484,=271.3436,=11.9409,=0.8894,=3.9039,=5.9292,=8.9389,=11.2409,=13.9313,=16.0707,=0.7854,=6.3298,=9.3390,=13.3255,=16.2684,=18.8013,=0.0274,=0.0670,=0.0163,=0.0024,=212
="000690",科创成长,2022-11-04,=-0.0185,=2585.6700,=0.3791,=146.6963,=0.7552,=26.4295,=44.1036,=81.9618,=157.0208,=288.8500,=15.0312,=0.9816,=3.7827,=4.8407,=5.4711,=11.5536,=16.1376,=15.4082,=0.8667,=2.7510,=3.9813,=5.0739,=14.0104,=19.2028,=0.0188,=0.1043,=0.0143,=0.0021,=129
="931743",半导体材料设备,2012-12-21,=0.0245,=8670,=0.6838,=146.7112,=0.9959,=30.1973,=39.4305,=59.3560,=80.7742,=151.1816,=11.2736,=0.9973,=2.5588,=3.3643,=4.2175,=6.4985,=11.5574,=16.5197,=0.9959,=2.5903,=3.1487,=3.8090,=10.1776,=17.0230,=0.0198,=0.0706,=0.0130,=0.0013,=234
="932000",中证2000,2023-08-11,=-0.0179,=3368.0300,=0.0514,=148.1921,=0.7126,=44.0427,=58.0011,=83.7611,=154.6962,=228.3990,=2.9959,=0.8886,=1.5089,=1.9631,=2.3345,=2.8529,=3.3036,=2.4074,=0.8827,=1.1809,=1.5430,=1.8187,=2.3218,=2.6726,=0.0098,=0.0154,=0.0097,=0.0068,=1155
="000682",科创信息,2021-08-16,=-0.0089,=2674.9500,=0.3416,=149.2835,=0.9117,=41.6131,=59.5668,=92.2048,=130.6803,=187.1367,=10.0464,=0.9860,=3.3247,=4.3437,=5.3346,=6.4634,=11.3309,=14.3543,=0.9843,=5.5790,=7.2873,=8.8518,=11.2694,=16.2319,=0.0200,=0.0432,=0.0072,=0.0018,=101
="000688",科创50,2020-07-23,=-0.0065,=1652.2200,=0.2291,=156.4095,=0.9017,=35.5957,=42.5028,=70.4507,=109.1201,=196.9562,=7.3337,=0.8827,=2.9443,=4.1723,=4.8400,=6.7271,=9.0182,=8.4395,=0.7514,=3.1319,=4.5522,=5.5208,=9.0582,=13.2586,=0.0135,=0.0347,=0.0045,=0.0027,=7877
="399020",创业小盘,2023-11-15,=-0.0252,=1883.6400,=0.0596,=168.2821,=0.5661,=48.5170,=81.0836,=149.9489,=213.5199,=256.8495,=3.9199,=0.8694,=1.8521,=2.4369,=3.2041,=3.7640,=4.3734,=3.7668,=0.7919,=1.9895,=2.5661,=3.1744,=3.7797,=4.2999,=0.0115,=0.0199,=0.0104,=0.0056,=12
="950162",科创芯片设计,2024-07-26,=-0.0025,=2520.5700,=0.3549,=174.3810,=0.0288,=161.6128,=227.1604,=268.5892,=386.6002,=687.1301,=14.3836,=0.9512,=4.2582,=7.5720,=8.8238,=12.6739,=16.7714,=21.2513,=0.8293,=8.7765,=14.4329,=16.5126,=20.9453,=24.8034,=0.0309,=0.0713,=0.0107,=0.0015,=51
="931865",中证半导,2019-03-20,=0.0161,=7684.9500,=0.5529,=179.0929,=0.9907,=32.8138,=44.7023,=72.7667,=113.6226,=198.4690,=12.1937,=0.9917,=3.3892,=4.1389,=5.1184,=7.0320,=13.4762,=20.1735,=0.9907,=6.4190,=7.6856,=8.6491,=12.8345,=22.3560,=0.0168,=0.0580,=0.0153,=0.0009,=200
="000689",科创材料,2022-08-15,=0.0069,=1650.6600,=0.3615,=185.5417,=0.9935,=38.7753,=45.2378,=78.7283,=145.8623,=199.6324,=5.9884,=1,=1.9307,=2.6018,=3.1839,=4.4175,=5.9884,=7.3046,=1,=2.1963,=3.1245,=4.0167,=5.2595,=7.3046,=0.0126,=0.0258,=0.0058,=0.0028,=33
="000680",科创综指,2025-01-20,=-0.0078,=2014.2000,=0.2306,=188.9437,=0.2162,=115.7401,=183.5449,=212.3190,=233.3795,=278.5830,=6.4750,=0.9339,=3.4337,=3.9371,=5.1177,=5.7376,=7.1640,=8.3873,=0.9309,=4.7291,=5.4480,=6.9849,=7.8503,=9.3145,=0.0091,=0.0262,=0.0033,=0.0029,=201
="000685",科创芯片,2022-06-13,=-0.0009,=3890.1000,=0.4885,=190.8165,=0.9060,=42.1555,=66.8027,=116.6382,=175.8796,=235.0390,=10.8825,=0.9897,=3.1235,=4.0550,=5.0505,=6.6016,=12.1390,=20.4691,=0.9866,=7.4796,=10.0359,=12.1481,=14.6756,=22.8613,=0.0152,=0.0415,=0.0074,=0.0009,=466
="1000014",科创板全指,2019-07-22,,,,=191.0238,=0.8447,=34.6058,=58.3504,=76.7365,=128.2895,=267.8356,=6.4463,=0.8082,=2.4875,=3.7783,=4.8385,=6.4030,=9.5957,=8.3906,=0.7008,=3.3799,=5.1821,=6.4599,=9.7758,=14.1086,=0.0091,=0.0255,=0.0035,=0.0029,=1289
="980017",国证芯片,2015-02-17,=-0.0130,=17521.2800,=0.3811,=197.5116,=0.9909,=30.3742,=55.5610,=78.8931,=105.8906,=227.4136,=8.9947,=0.9666,=3.1638,=4.0850,=5.6825,=7.3840,=10.4020,=13.8583,=0.9909,=3.6283,=5.7723,=6.6357,=7.9413,=15.9563,=0.0146,=0.0397,=0.0130,=0.0011,=2591
="950125",科创半导体材料设备,2024-07-26,=0.0195,=3714.8700,=0.7292,=201.1296,=0.9845,=70.4245,=115.8325,=127.2639,=158.2631,=222.4797,=8.8665,=0.9845,=2.8469,=4.7470,=5.2653,=6.5991,=9.7859,=18.6438,=0.9845,=7.2923,=10.8503,=12.7540,=14.5464,=20.6229,=0.0075,=0.0371,=0.0094,=0.0006,=113
="000699",科创200,2024-08-20,=-0.0162,=1674.8000,=0.2691,=211.2758,=0.3249,=128.9087,=180.9087,=259.4587,=313.1780,=388.1174,=5.0891,=0.9147,=1.9770,=3.0092,=3.4515,=4.5923,=5.6033,=7.4775,=0.8249,=3.3605,=5.0788,=5.9271,=7.2898,=8.3761,=0.0066,=0.0165,=0.0029,=0.0036,=135
="931594",卫星产业,2020-12-22,=-0.0321,=1048.3800,=-0.0714,=219.9486,=0.7693,=44.5603,=95.6714,=128.9972,=230.3409,=428.4930,=5.8679,=0.9304,=2.3588,=3.0492,=3.4992,=3.9790,=7.6413,=8.5419,=0.9244,=3.4655,=4.5289,=5.1408,=6.0375,=11.4514,=0.0019,=0.0317,=0.0057,=0.0027,=168
="980018",卫星通信,2015-02-17,=-0.0300,=5064.3900,=-0.0524,=331.8572,=0.9318,=23.6003,=28.9134,=39.3405,=56.4913,=1063.4314,=5.6450,=0.9401,=1.7225,=2.0534,=2.5555,=4.2384,=7.7241,=5.5101,=0.9356,=1.5054,=1.8035,=2.2917,=3.0933,=7.7238,=0.0054,=0.0181,=0.0298,=0.0024,=118
="H30182",计算机,2013-07-15,=-0.0190,=6336.1900,=-0.1730,=458.0190,=0.8577,=33.2527,=55.1730,=100.7851,=274.9076,=65313.4473,=3.9560,=0.4086,=2.4295,=3.5786,=4.0926,=4.6440,=5.8765,=3.8647,=0.3182,=2.3635,=3.5785,=4.1486,=4.7480,=7.6223,=-0.0024,=0.0033,=-0.0042,=0.0051,=50
="930781",中证影视,2016-02-04,=-0.0051,=1423.3800,=-0.1582,=666.3138,=0.6134,=16.7066,=43.1495,=198.0529,=-60.8596,=6083.5065,=1.9610,=0.1228,=1.4352,=2.0540,=2.3904,=3.4173,=6.3013,=4.1520,=0.4592,=2.7079,=3.4931,=4.3449,=5.5178,=10.5203,=0.0049,=0.0185,=0.0219,=0.0099,=179
="931992",疫苗生物,2013-07-15,=0.0033,=1024.1600,=-0.1516,=1245.9129,=0.9751,=26.1322,=60.9601,=87.4190,=121.7828,=1550.1847,=2.2717,=0.0021,=2.2475,=2.6960,=3.0462,=3.6583,=5.0256,=4.2720,=0.1027,=3.7134,=4.6905,=5.1752,=5.5686,=6.4257,=0.0112,=0.0013,=0.0085,=0.0123,=28
="931151",光伏产业,2019-04-22,=-0.0145,=2973.8400,=0.0406,=1596.8804,=0.8965,=9.5087,=20.4016,=37.9655,=68.3449,=2491.4939,=2.6128,=0.4905,=1.5562,=1.9235,=2.6418,=4.4987,=6.9801,=1.9564,=0.5419,=0.8897,=1.2433,=1.7969,=3.2402,=5.9137,=0.0016,=0.0012,=0.0005,=0.0081,=2714
="950333",智选创新价值,2024-09-25,=-0.0025,=2689.6500,=0.1835,=-373.2954,=0.7585,=62.6254,=107.3884,=-3630.1580,=-254.6276,=5158.8110,=3.3233,=0.9659,=1.6564,=2.1422,=2.3866,=2.8934,=3.5439,=3.2229,=0.9585,=1.6015,=2.1270,=2.5002,=3.0145,=3.4429,=-0.0002,=-0.0164,=-0.0030,=0.0045,=12
="1000009",深圳B股,1994-01-10,=-0.0044,=1123.7300,=-0.1115,=-140.7909,=0.9913,=6.5509,=10.0230,=16.1534,=22.5732,=61.4680,=0.7366,=0.5021,=0.5585,=0.6590,=0.7358,=0.9724,=1.4530,=0.4662,=0.4485,=0.3544,=0.4194,=0.4865,=0.6886,=1.0969,,=0.0028,=0.0115,=0.0339,=203
="931025",港股通地产,2017-11-06,=0.0010,=1711.5100,=0.0765,=-54.6906,=0.7332,=1.3998,=5.4470,=8.2744,=-2.9458,=7833.8201,=0.4854,=0.4822,=0.0757,=0.2097,=0.5029,=0.8781,=1.4256,=0.8926,=0.8216,=0.0508,=0.1429,=0.5394,=0.8759,=1.5776,,=-0.0074,,=0.0368,=11
="000692",科创新能,2023-04-03,=-0.0102,=1158.1500,=0.0004,=-52.6431,=0.6935,=13.9124,=18.7556,=109.5798,=-44.6842,=279.8956,=2.5087,=0.6299,=1.4486,=1.7828,=2.1975,=2.7957,=4.0229,=1.6858,=0.6442,=0.8667,=1.1535,=1.4308,=1.9070,=2.6157,=-0.0018,=-0.0642,=-0.0138,=0.0037,=34
="399393",国证地产,2012-08-20,=-0.0016,=2591.1600,=-0.1696,=-5.5426,=0.9996,=6.3321,=8.5850,=15.6638,=55.5983,=115902.4187,=0.7811,=0.1179,=0.5768,=0.8454,=1.1018,=1.7894,=2.5183,=0.5809,=0.3895,=0.3699,=0.5176,=0.6583,=1.2185,=1.7471,=-0.0014,=-0.0767,=0.0012,=0.0102,=1429
="931775",房地产,2013-07-15,=-0.0008,=2525.7900,=-0.1531,=-5.1048,=0.9992,=7.0141,=8.9821,=18.2170,=-213.4473,=1490.8370,=0.8402,=0.1966,=0.5750,=0.8414,=1.0874,=1.7478,=2.4742,=0.6478,=0.4472,=0.3617,=0.5329,=0.6875,=1.2673,=1.8650,=-0.0040,=-0.1024,=-0.0027,=0.0070,=926
="000816",细分地产,2012-04-11,=0.0012,=2329.4900,=-0.1534,=-4.7454,=0.9992,=6.1299,=8.3282,=15.7473,=199.2563,=2488.2259,=0.8106,=0.1917,=0.5599,=0.8167,=1.0715,=1.8111,=2.5676,=0.5782,=0.4328,=0.3390,=0.4956,=0.6301,=1.1827,=1.7076,=-0.0038,=-0.1018,=-0.0024,=0.0053,=7
="399965",800地产,2012-12-21,=0.0018,=2052.7500,=-0.2224,=-3.5536,=0.9996,=5.5394,=8.0041,=14.1293,=34.1376,=59.7245,=0.5869,=0.0124,=0.5234,=0.7188,=1.0260,=1.7717,=2.5596,=0.3767,=0.0849,=0.2881,=0.4112,=0.5571,=1.1416,=1.6493,=-0.0020,=-0.0854,=0.0007,=0.0088,=201
="399983",地产等权,2013-11-22,=-0.0018,=1528.8000,=-0.2496,=-2.3712,=1,=5.0058,=7.3313,=10.5626,=17.1008,=75.5023,=0.4862,=0.0062,=0.4408,=0.5978,=1.0995,=1.8718,=2.8135,=0.3017,=0.0754,=0.2209,=0.3557,=0.5056,=1.0496,=1.5710,=-0.0053,=-0.0924,=-0.0025,=0.0045,=1007
=".NDX",纳斯达克100指数,1969-12-31,,,,,,,,,,,,,,,,,,,,,,,,,,,=0.0751,,=4381

数据来源于：理杏仁网站(lixinger.com)