指数代码,指数名称,发布时间,涨跌幅,收盘点位,今年以来涨跌幅,PE-TTM(当前值),PE-TTM(分位点%),PE-TTM(最小值),PE-TTM(20%分位点值),PE-TTM(50%分位点值),PE-TTM(80%分位点值),PE-TTM(最大正值),PB(当前值),PB(分位点%),PB(最小值),PB(20%分位点值),PB(50%分位点值),PB(80%分位点值),PB(最大正值),PS-TTM(当前值),PS-TTM(分位点%),PS-TTM(最小值),PS-TTM(20%分位点值),PS-TTM(50%分位点值),PS-TTM(80%分位点值),PS-TTM(最大正值),股息率(当前值),股息率(分位点%),股息率(最小值),股息率(20%分位点值),股息率(50%分位点值),股息率(80%分位点值),股息率(最大正值),净资产收益率(ROE)(2026Q1),净资产收益率(ROE)(2025Q4),净资产收益率(ROE)(2025Q1),关注度
="950125",科创半导体材料设备,2024-07-26,=-0.0072,=4317.8500,=1.0099,=194.1421,=0.8748,=70.4245,=117.4338,=133.0887,=168.4644,=348.7588,=11.4225,=0.9125,=2.8469,=4.7934,=5.5269,=7.0477,=17.6268,=25.5104,=0.9145,=7.2923,=10.9937,=13.0008,=15.7408,=37.4011,=0.0009,=0.4235,=0.0006,=0.0008,=0.0013,=0.0016,=0.0028,=0.0075,=0.0371,=0.0094,=152
="931743",半导体材料设备,2012-12-21,=-0.0080,=9738.6200,=0.8913,=143.3397,=0.9297,=30.1973,=40.0333,=61.3644,=90.0931,=224.0742,=11.2757,=0.9373,=2.5588,=3.4348,=4.3153,=7.1507,=17.1334,=17.9538,=0.9463,=2.5903,=3.1786,=3.8572,=11.2166,=25.3851,=0.0012,=0.0563,=0.0009,=0.0020,=0.0028,=0.0045,=0.0073,=0.0198,=0.0706,=0.0130,=296
="931865",中证半导,2019-03-20,=-0.0174,=8331.0700,=0.6834,=159.7626,=0.9245,=32.8138,=45.7278,=73.9055,=129.7774,=255.0466,=10.4690,=0.9255,=3.3892,=4.1525,=5.2977,=8.5474,=15.8034,=19.7099,=0.9373,=6.4190,=7.7153,=8.8237,=15.2767,=28.9040,=0.0009,=0.1167,=0.0006,=0.0011,=0.0021,=0.0024,=0.0032,=0.0168,=0.0580,=0.0153,=218
="931144",通信技术,2019-05-30,=-0.0447,=3631.0100,=0.5596,=66.7242,=0.9191,=22.8153,=30.4745,=37.1313,=52.3577,=113.1406,=10.7115,=0.9596,=2.5671,=3.1132,=3.7450,=4.8293,=15.3977,=6.4410,=0.9550,=1.6428,=2.1083,=2.5063,=3.4220,=9.4991,=0.0032,=0.0490,=0.0021,=0.0043,=0.0064,=0.0100,=0.0166,=0.0432,=0.1354,=0.0299,=258
="000685",科创芯片,2022-06-13,=-0.0326,=3813.5100,=0.4592,=188.8505,=0.8529,=42.1555,=70.8736,=119.4091,=181.3925,=335.4323,=10.1951,=0.9275,=3.1235,=4.0945,=5.1888,=7.7414,=15.4697,=20.9657,=0.9441,=7.4796,=10.0843,=12.3270,=15.8858,=31.9311,=0.0009,=0.0696,=0.0005,=0.0010,=0.0015,=0.0021,=0.0026,=0.0152,=0.0415,=0.0074,=515
="H30184",半导体,2013-07-15,=-0.0319,=12738.1900,=0.3842,=107.5246,=0.7942,=33.2056,=51.7042,=79.0198,=107.9511,=186.6477,=8.3496,=0.8825,=2.5082,=3.4337,=4.8972,=7.4897,=12.7528,=13.2907,=0.9682,=1.3963,=2.6456,=7.0412,=9.5673,=20.0377,=0.0014,=0.0689,=0.0010,=0.0017,=0.0024,=0.0034,=0.0070,=0.0203,=0.0527,=0.0094,=3401
="932066",半导体行业精选,2023-11-10,=-0.0310,=5539.8600,=0.3638,=85.5120,=0.5407,=50.1901,=65.3857,=83.7295,=99.8792,=142.8699,=8.1534,=0.7467,=3.1655,=4.1541,=6.7710,=8.4332,=12.2533,=12.6370,=0.8044,=6.6489,=8.4103,=10.8602,=12.6126,=18.4956,=0.0017,=0.2489,=0.0012,=0.0016,=0.0022,=0.0028,=0.0034,=0.0207,=0.0794,=0.0157,=6
="990001",中华半导体芯片,2019-03-18,=-0.0339,=15974.1800,=0.3214,=107.7854,=0.7091,=33.1780,=61.6060,=86.2457,=116.8936,=187.5449,=8.1672,=0.8626,=3.1429,=4.2876,=5.3574,=7.5082,=12.4905,=12.9289,=0.9596,=3.3238,=6.0972,=7.1298,=9.5787,=19.5120,=0.0012,=0.0438,=0.0008,=0.0016,=0.0021,=0.0028,=0.0056,=0.0177,=0.0410,=0.0101,=1386
="931079",5G通信,2019-04-25,=-0.0450,=2546.8500,=0.3211,=46.4792,=0.8442,=21.0709,=27.7329,=33.6903,=44.6890,=103.6981,=7.3753,=0.9544,=2.3623,=3.0512,=3.6344,=5.3558,=10.5199,=2.8728,=0.9466,=1.1916,=1.4919,=1.8868,=2.3715,=4.2354,=0.0054,=0.1794,=0.0036,=0.0056,=0.0082,=0.0121,=0.0152,=0.0389,=0.1398,=0.0276,=2286
="H30007",芯片产业,2012-12-20,=-0.0337,=4165.4500,=0.3154,=95.6333,=0.7241,=24.2382,=40.3144,=71.6672,=113.4115,=186.5687,=8.2747,=0.9130,=1.9412,=3.6288,=4.5508,=7.2956,=12.9184,=12.6932,=0.9695,=1.5871,=3.6984,=6.5615,=8.3766,=19.5328,=0.0012,=0.0384,=0.0008,=0.0017,=0.0023,=0.0046,=0.0105,=0.0230,=0.0446,=0.0109,=546
="H30318",科技传媒通信150,2014-04-15,=-0.0365,=4015.3800,=0.3059,=56.7535,=0.8833,=19.8534,=28.8631,=38.1291,=50.0679,=90.7292,=9.0764,=0.9707,=2.0037,=2.4801,=3.5037,=4.4216,=13.0479,=4.6857,=0.9592,=1.2409,=1.8640,=2.3034,=2.8468,=6.8164,=0.0040,=0.0186,=0.0031,=0.0058,=0.0072,=0.0165,=0.0244,=0.0368,=0.1091,=0.0211,=49
="980017",国证芯片,2015-02-17,=-0.0363,=16438.0500,=0.2957,=104.7198,=0.7672,=30.3742,=55.8843,=81.5576,=109.2544,=227.4136,=8.7436,=0.9253,=3.1638,=4.1038,=5.7891,=7.5285,=13.5798,=13.8273,=0.9612,=3.6283,=5.7952,=6.6949,=8.1815,=20.9165,=0.0012,=0.0435,=0.0008,=0.0016,=0.0020,=0.0027,=0.0044,=0.0146,=0.0397,=0.0130,=2621
="000682",科创信息,2021-08-16,=-0.0321,=2572.5400,=0.2903,=153.0055,=0.8955,=41.6131,=61.4635,=93.4470,=136.1923,=255.5918,=9.3501,=0.9365,=3.3247,=4.3590,=5.4033,=7.1366,=13.8809,=14.6215,=0.9490,=5.5790,=7.3277,=8.9247,=11.5317,=21.7670,=0.0015,=0.0393,=0.0011,=0.0020,=0.0030,=0.0038,=0.0070,=0.0200,=0.0432,=0.0072,=106
="000698",科创100,2023-08-07,=-0.0309,=1854.8600,=0.2723,=105.8960,=0.0881,=60.6995,=128.1891,=211.6741,=252.2879,=337.2511,=6.7766,=0.9119,=2.7397,=3.6221,=4.2162,=6.0088,=8.5061,=7.2158,=0.6572,=4.0312,=5.1188,=6.3751,=8.4091,=10.0837,=0.0031,=0.1477,=0.0025,=0.0033,=0.0053,=0.0064,=0.0089,=0.0093,=0.0369,=0.0028,=586
="931406",5G 50,2020-02-20,=-0.0436,=2689.5200,=0.2635,=31.0081,=0.6823,=15.2657,=20.6145,=24.0743,=34.6385,=51.5506,=3.4699,=0.6557,=1.5292,=1.9707,=2.5725,=3.8293,=5.3757,=2.2916,=0.9513,=0.9155,=1.4065,=1.5872,=1.9227,=2.9469,=0.0163,=0.4133,=0.0042,=0.0067,=0.0205,=0.0276,=0.0387,=0.0252,=0.1023,=0.0236,=706
="931160",通信设备,2013-07-15,=-0.0442,=19532.4400,=0.2634,=47.3465,=0.6973,=19.3231,=27.7990,=36.6958,=54.9602,=91.1971,=8.5664,=0.9695,=2.1520,=2.8712,=3.4260,=3.9732,=12.1269,=2.8841,=0.9476,=0.9706,=1.2833,=1.5072,=2.4398,=4.3558,=0.0058,=0.2569,=0.0028,=0.0052,=0.0077,=0.0150,=0.0221,=0.0428,=0.1280,=0.0276,=1308
="000690",科创成长,2022-11-04,=-0.0429,=2366.4700,=0.2622,=98.5207,=0.5586,=26.4295,=46.3146,=83.5808,=154.6490,=288.8500,=12.1434,=0.7852,=3.7827,=4.8585,=5.6177,=12.3588,=18.2315,=12.7721,=0.7082,=2.7510,=4.0147,=7.0173,=14.5466,=20.0971,=0.0016,=0.0933,=0.0011,=0.0021,=0.0034,=0.0053,=0.0127,=0.0188,=0.1043,=0.0143,=150
="931688",中证算力,2022-07-21,=-0.0434,=3966.1900,=0.2619,=35.1849,=0.8874,=18.0036,=20.8195,=24.0697,=32.6230,=44.9092,=3.7414,=0.8936,=1.6529,=1.9027,=2.2861,=3.3803,=4.7747,=2.6251,=0.8824,=1.3731,=1.5953,=1.8217,=2.5074,=3.3716,=0.0153,=0.0763,=0.0131,=0.0190,=0.0261,=0.0299,=0.0338,=0.0245,=0.1011,=0.0224,=110
="399990",煤炭等权,2015-01-21,=0.0290,=3606.6400,=0.2556,=21.9091,=0.9262,=5.7123,=8.6087,=10.6436,=15.4144,=175.3527,=1.8191,=0.9765,=0.8179,=1.1204,=1.3760,=1.6145,=2.0135,=1.9872,=0.9913,=0.6732,=0.9175,=1.1213,=1.4627,=2.2100,=0.0303,=0.0652,=0.0074,=0.0368,=0.0548,=0.0638,=0.1003,=0.0229,=0.0912,=0.0239,=242
="399363",云科技,2009-08-03,=-0.0469,=11719.9500,=0.2544,=34.1703,=0.1291,=25.0041,=36.0365,=41.5385,=48.7735,=74.9161,=3.9638,=0.2078,=3.0187,=3.9515,=4.6432,=5.5540,=10.4646,=2.7189,=0.4161,=1.6015,=2.2265,=3.0441,=3.7046,=4.3638,=0.0142,=0.9786,=0.0046,=0.0055,=0.0070,=0.0104,=0.0160,=0.0491,=0.1469,=0.0254,=287
="399998",中证煤炭,2015-02-13,=0.0238,=2472.3100,=0.2539,=21.9091,=0.9262,=5.7123,=8.6087,=10.6436,=15.4144,=175.3527,=1.8191,=0.9765,=0.8179,=1.1204,=1.3760,=1.6145,=2.0135,=1.9872,=0.9913,=0.6732,=0.9175,=1.1213,=1.4627,=2.2100,=0.0303,=0.0652,=0.0074,=0.0368,=0.0548,=0.0638,=0.1003,=0.0229,=0.0912,=0.0239,=2128
="980080",成长100,2012-12-28,,,=0.2515,=50.7657,=0.5310,=39.4731,=45.2660,=50.0961,=63.2756,=82.4653,=6.4861,=0.7080,=3.0437,=3.6676,=5.7403,=6.9121,=9.2690,=4.1610,=0.7218,=2.0191,=2.4155,=3.0980,=4.5120,=5.8594,=0.0043,=0.1471,=0.0030,=0.0049,=0.0057,=0.0069,=0.0087,=0.0481,=0.1452,=0.0254,=268
="931696",科技50策略,2021-07-12,=-0.0359,=25016.9400,=0.2419,=45.9898,=0.7836,=23.0047,=27.9681,=34.0288,=47.6149,=71.4621,=7.9163,=0.9027,=3.0567,=3.9272,=4.4972,=7.1601,=11.2899,=4.3918,=0.8182,=1.9010,=2.3691,=2.6956,=4.2769,=6.7093,=0.0055,=0.0611,=0.0042,=0.0063,=0.0097,=0.0121,=0.0167,=0.0396,=0.1271,=0.0285,=14
="931087",科技龙头,2019-03-20,=-0.0365,=6518.0200,=0.2400,=49.1487,=0.7144,=22.2848,=33.6952,=40.7619,=52.4621,=78.0359,=7.8287,=0.9517,=2.8190,=4.2304,=5.3222,=6.5461,=11.1808,=6.9039,=0.9739,=2.0316,=3.3119,=4.0024,=5.0056,=9.7717,=0.0057,=0.3039,=0.0037,=0.0053,=0.0064,=0.0086,=0.0172,=0.0321,=0.1080,=0.0209,=2096
="931461",电子50,2009-07-22,=-0.0345,=7281.3200,=0.2351,=49.0964,=0.8021,=20.3357,=30.2775,=36.3459,=48.9696,=76.5790,=6.5461,=0.9633,=2.5323,=3.1789,=3.6985,=5.3266,=9.2899,=3.1539,=0.7996,=1.1588,=1.7975,=2.0663,=3.1546,=4.5428,=0.0058,=0.0816,=0.0046,=0.0067,=0.0091,=0.0111,=0.0147,=0.0239,=0.0884,=0.0169,=445
="930652",CS电子,2015-06-05,=-0.0327,=12095.7700,=0.2331,=55.4176,=0.8367,=21.2056,=33.8173,=43.2207,=52.8545,=86.1406,=6.5952,=0.9703,=2.2039,=3.1461,=3.6489,=4.8143,=9.3375,=3.5510,=0.9460,=1.4014,=2.0216,=2.3039,=3.0815,=5.0793,=0.0051,=0.0206,=0.0040,=0.0063,=0.0077,=0.0104,=0.0141,=0.0249,=0.0838,=0.0162,=491
="000858",500信息,2013-11-06,=-0.0271,=12982.1800,=0.2318,=100.2203,=0.8977,=25.3805,=43.9766,=64.2121,=90.6334,=209.3531,=6.1466,=0.9732,=2.1626,=2.9041,=3.3886,=3.9443,=8.5146,=6.6222,=0.9814,=1.1229,=1.9074,=2.6868,=3.6616,=9.1355,=0.0030,=0.0161,=0.0022,=0.0045,=0.0059,=0.0072,=0.0110,=0.0212,=0.0505,=0.0070,=353
="931248",油气资源,2023-06-12,=-0.0136,=1117.5800,=0.2231,=14.7241,=0.8936,=8.9017,=10.2499,=11.3697,=13.2638,=19.0700,=1.4186,=0.8677,=1.0292,=1.1531,=1.2265,=1.3660,=1.8318,=0.7733,=0.9014,=0.4486,=0.5170,=0.5947,=0.6833,=0.9774,=0.0344,=0.0843,=0.0285,=0.0392,=0.0458,=0.0497,=0.0548,=0.0301,=0.0906,=0.0280,=54
="931271",通信设备主题,2012-12-21,=-0.0456,=4411.8900,=0.2224,=70.7596,=0.7653,=25.8971,=33.2154,=36.4284,=79.5048,=113.3155,=10.1843,=0.8996,=2.2261,=2.9060,=3.6113,=8.1587,=14.2344,=6.5380,=0.8806,=1.5689,=2.0587,=2.5918,=5.6408,=9.3619,=0.0036,=0.1275,=0.0022,=0.0044,=0.0081,=0.0099,=0.0129,=0.0351,=0.1175,=0.0256,=14
="399296",创成长,2019-01-23,=-0.0412,=7610.2800,=0.2211,=37.3202,=0.3177,=22.4911,=30.9769,=43.4119,=63.8635,=104.6935,=8.2563,=0.6349,=3.9463,=4.9540,=7.0941,=10.6591,=14.9802,=5.2279,=0.4113,=2.5417,=3.4782,=5.8262,=11.9029,=17.3385,=0.0079,=0.6692,=0.0016,=0.0028,=0.0062,=0.0105,=0.0200,=0.0584,=0.2040,=0.0396,=1083
="000936",中证电信,2009-07-03,=-0.0391,=12117.7000,=0.2190,=28.6890,=0.5678,=14.1836,=20.2178,=26.5906,=41.2993,=123.1725,=2.6892,=0.7138,=1.2149,=1.7612,=2.3409,=2.7951,=3.6232,=2.6143,=0.9732,=0.7463,=1.0338,=1.2727,=1.8325,=3.0800,=0.0214,=0.5918,=0.0019,=0.0063,=0.0096,=0.0319,=0.0507,=0.0215,=0.0913,=0.0219,=342
="399389",国证通信,2011-12-02,=-0.0345,=10160.7800,=0.2184,=31.0583,=0.3893,=15.1336,=21.7733,=46.3969,=65.1875,=153.7967,=2.7982,=0.6981,=1.3245,=1.8461,=2.4671,=3.0363,=3.8815,=2.6799,=0.9715,=0.9743,=1.4589,=1.6822,=1.8999,=3.2843,=0.0202,=0.6231,=0.0026,=0.0049,=0.0071,=0.0294,=0.0420,=0.0209,=0.0855,=0.0209,=59
="931380",科技50,2019-11-25,=-0.0306,=3837.5000,=0.2146,=43.1007,=0.4138,=22.4426,=31.3167,=46.3343,=56.4930,=71.9143,=5.6526,=0.5410,=2.7627,=3.8801,=5.5091,=7.3397,=9.9144,=4.9422,=0.6155,=2.1802,=3.0748,=4.1825,=5.6491,=7.7525,=0.0093,=0.7372,=0.0035,=0.0051,=0.0076,=0.0104,=0.0163,=0.0253,=0.0951,=0.0118,=950
="931866",中证机床,2022-05-09,=-0.0304,=2177.7400,=0.2144,=53.8799,=0.7706,=28.6086,=36.9474,=40.8671,=56.8792,=85.2007,=6.3247,=0.9167,=2.8302,=3.7651,=4.3443,=5.2243,=9.1263,=4.8736,=0.8529,=2.4023,=3.1611,=3.4431,=4.4155,=7.3925,=0.0067,=0.2392,=0.0043,=0.0066,=0.0077,=0.0097,=0.0146,=0.0321,=0.1022,=0.0244,=166
="970070",创业板人工智能,2024-07-11,=-0.0461,=7180.5700,=0.2110,=55.4781,=0.0467,=48.3861,=70.8939,=80.7956,=93.7680,=119.1606,=10.7475,=0.8268,=3.3467,=5.1423,=6.5690,=10.2039,=15.2749,=8.4502,=0.6712,=3.4016,=4.9950,=6.2609,=9.2808,=12.0918,=0.0040,=0.3735,=0.0027,=0.0035,=0.0051,=0.0065,=0.0096,=0.0381,=0.1206,=0.0167,=242
="931579",东证优势成长,2020-11-09,=-0.0181,=9231.9800,=0.2096,=27.1471,=0.7110,=7.9327,=14.3152,=19.2673,=30.5212,=61.0103,=5.7273,=0.7601,=0.9149,=2.6175,=3.4533,=5.9320,=9.3390,=4.1265,=0.8811,=1.1828,=2.0627,=2.4104,=3.6793,=6.0793,=0.0124,=0.3972,=0.0040,=0.0071,=0.0151,=0.0286,=0.0527,=0.0548,=0.1983,=0.0468,=152
="000689",科创材料,2022-08-15,=-0.0209,=1464.5100,=0.2080,=179.7416,=0.9405,=38.7753,=45.5038,=86.9203,=151.5426,=281.6880,=5.6837,=0.9436,=1.9307,=2.6314,=3.3526,=4.5168,=8.5314,=6.8716,=0.9262,=2.1963,=3.1431,=4.0594,=5.6365,=10.7722,=0.0028,=0.0472,=0.0019,=0.0045,=0.0064,=0.0079,=0.0117,=0.0126,=0.0258,=0.0058,=48
="950162",科创芯片设计,2024-07-26,=-0.0475,=2246.7200,=0.2077,=151.1623,=0,=151.1623,=221.6315,=263.4909,=380.8688,=687.1301,=12.8503,=0.7435,=4.2582,=7.8151,=9.6654,=13.2741,=20.2102,=20.2035,=0.6720,=8.7765,=14.4986,=17.8469,=21.7146,=32.5243,=0.0016,=0.5626,=0.0010,=0.0012,=0.0015,=0.0018,=0.0029,=0.0309,=0.0713,=0.0107,=68
="000998",中证TMT,2011-11-08,=-0.0295,=3540.4600,=0.2040,=39.3544,=0.6359,=18.9989,=27.6163,=34.6442,=43.3733,=58.6698,=4.3321,=0.8742,=1.9674,=2.4618,=3.2922,=4.0199,=5.6742,=3.0603,=0.9584,=1.2505,=1.8092,=2.1803,=2.6456,=3.9991,=0.0115,=0.5798,=0.0048,=0.0067,=0.0092,=0.0185,=0.0284,=0.0233,=0.0900,=0.0196,=565
="932087",集成电路,2023-03-29,=-0.0443,=1357.7200,=0.1988,=101.5840,=0.2012,=46.1239,=100.9834,=132.3381,=152.1375,=195.7770,=7.3674,=0.8145,=3.1405,=3.9438,=5.1920,=7.2484,=11.4486,=11.9476,=0.7867,=5.8347,=7.6589,=9.1182,=12.0558,=18.6728,=0.0016,=0.3661,=0.0010,=0.0014,=0.0018,=0.0022,=0.0029,=0.0203,=0.0481,=0.0079,=54
="399610",TMT50,2010-11-08,=-0.0338,=11483.5500,=0.1985,=42.1101,=0.6392,=21.0331,=30.1605,=38.0622,=46.3878,=64.7172,=6.3860,=0.9633,=2.4071,=3.2240,=4.0363,=5.2011,=8.4969,=3.3935,=0.6936,=1.5843,=2.0120,=2.7280,=3.6854,=4.6782,=0.0073,=0.3839,=0.0046,=0.0061,=0.0080,=0.0121,=0.0161,=0.0296,=0.1080,=0.0206,=525
="931165",新兴科技100,2019-04-25,=-0.0262,=10169.6300,=0.1950,=43.9320,=0.8735,=17.0055,=23.4438,=29.7213,=40.2041,=67.3989,=9.5917,=0.9595,=3.5721,=4.3435,=5.5041,=7.6441,=13.6689,=8.7339,=0.9528,=3.0368,=3.6594,=4.8651,=6.4490,=12.4159,=0.0067,=0.1952,=0.0047,=0.0067,=0.0091,=0.0149,=0.0264,=0.0515,=0.1919,=0.0378,=520
="000994",全指电信,2011-08-02,=-0.0391,=13302.2100,=0.1943,=29.1486,=0.4016,=17.6024,=21.7761,=33.7004,=52.5075,=109.2407,=2.7525,=0.6351,=1.3865,=1.8410,=2.5290,=3.0282,=3.7766,=2.6190,=0.9670,=0.9155,=1.2459,=1.5483,=1.9017,=3.1271,=0.0209,=0.6173,=0.0022,=0.0055,=0.0083,=0.0296,=0.0398,=0.0216,=0.0895,=0.0218,=233
="000688",科创50,2020-07-23,=-0.0310,=1602.3400,=0.1920,=160.7167,=0.8889,=35.5957,=42.6474,=71.8171,=138.0356,=263.7183,=7.3798,=0.8550,=2.9443,=4.2408,=4.9025,=6.8446,=10.5365,=9.5519,=0.7832,=3.1319,=4.5936,=5.6210,=9.7488,=13.6380,=0.0022,=0.0318,=0.0016,=0.0030,=0.0045,=0.0071,=0.0110,=0.0135,=0.0347,=0.0045,=8253
="HSHK35",恒生香港35,2003-01-20,=-0.0109,=3402.3800,=0.1920,=15.0981,=0.5754,=9.7413,=12.2188,=14.4524,=17.6563,=47.6465,=1.3486,=0.9976,=0.7649,=0.9601,=1.1016,=1.2374,=1.3663,=3.5375,=0.9508,=2.1814,=2.5966,=2.9083,=3.1969,=3.7366,=0.0358,=0.2629,=0.0206,=0.0332,=0.0389,=0.0462,=0.0628,,,,=115
="980030",消费电子,2015-02-17,=-0.0343,=8656.7900,=0.1915,=43.6149,=0.6493,=18.6467,=31.8277,=39.2190,=47.8701,=65.6114,=4.4680,=0.8428,=2.0026,=2.6000,=3.0246,=4.2780,=6.3059,=2.2471,=0.7536,=1.1413,=1.4005,=1.5852,=2.3779,=3.4515,=0.0066,=0.2007,=0.0040,=0.0066,=0.0082,=0.0110,=0.0143,=0.0190,=0.0648,=0.0154,=390
="000993",全指信息,2011-08-02,=-0.0321,=10108.0500,=0.1910,=58.5350,=0.6454,=27.3163,=42.0292,=52.3360,=68.2638,=96.2351,=6.4154,=0.9703,=2.5265,=3.2907,=4.0167,=4.7003,=8.9424,=3.8117,=0.8953,=1.8009,=2.3376,=2.8251,=3.4660,=5.3826,=0.0051,=0.1493,=0.0039,=0.0053,=0.0064,=0.0084,=0.0117,=0.0221,=0.0751,=0.0134,=4100
="000935",中证信息,2009-07-03,=-0.0313,=7637.0500,=0.1899,=57.2367,=0.8404,=22.3783,=36.3294,=44.9593,=55.3511,=87.4284,=6.4076,=0.9699,=2.5910,=3.3282,=4.0442,=4.8559,=8.9117,=3.7218,=0.8685,=1.7187,=2.2023,=2.7264,=3.5199,=5.2392,=0.0053,=0.0689,=0.0042,=0.0059,=0.0072,=0.0094,=0.0127,=0.0237,=0.0833,=0.0137,=1125
="000928",中证能源,2009-07-03,=0.0057,=3495.5700,=0.1862,=15.2499,=0.6672,=6.9612,=9.7906,=13.1469,=19.1732,=68.9647,=1.4835,=0.9596,=0.7281,=0.9359,=1.1558,=1.3039,=1.8006,=0.8945,=0.9736,=0.3162,=0.4106,=0.5298,=0.7118,=1.0383,=0.0357,=0.1534,=0.0106,=0.0366,=0.0464,=0.0557,=0.0717,=0.0289,=0.0960,=0.0282,=1295
="CN5075",国证信创,2015-02-16,,,=0.1851,=79.9696,=0.5199,=39.3034,=50.0603,=78.5394,=124.3348,=152.0158,=7.4004,=0.7936,=3.0386,=3.5803,=5.2670,=7.4366,=10.9595,=5.9880,=0.8685,=2.8415,=3.7114,=4.4418,=5.6102,=8.6847,=0.0026,=0.1147,=0.0018,=0.0030,=0.0057,=0.0078,=0.0108,=0.0268,=0.0598,=0.0136,=32
="H30198",油气产业,2013-07-15,=-0.0144,=2493.5700,=0.1838,=15.0951,=0.5237,=7.8064,=10.8922,=14.2132,=25.3696,=104.2111,=1.5222,=0.9765,=0.6580,=0.8183,=1.1515,=1.2674,=1.8532,=0.8043,=0.9761,=0.2505,=0.3229,=0.4838,=0.5951,=0.9554,=0.0316,=0.1583,=0.0103,=0.0347,=0.0426,=0.0469,=0.0704,=0.0307,=0.0868,=0.0269,=122
="000986",全指能源,2011-08-02,=0.0067,=2757.9000,=0.1815,=15.7939,=0.6614,=6.8032,=9.9968,=13.3499,=19.0535,=75.0146,=1.4843,=0.9596,=0.7554,=0.9688,=1.1783,=1.3197,=1.7977,=0.9089,=0.9736,=0.3323,=0.4459,=0.5657,=0.7317,=1.0524,=0.0347,=0.1979,=0.0098,=0.0347,=0.0439,=0.0544,=0.0769,=0.0281,=0.0918,=0.0274,=610
="931494",消费电子,2020-06-12,=-0.0381,=6001.8200,=0.1800,=49.9500,=0.7483,=20.2625,=32.1185,=38.7336,=52.4459,=77.9188,=5.6085,=0.9228,=2.1307,=2.8229,=3.5384,=5.1157,=7.9404,=2.6949,=0.8462,=1.3000,=1.6502,=1.9946,=2.6198,=3.9249,=0.0054,=0.1618,=0.0040,=0.0058,=0.0082,=0.0109,=0.0138,=0.0228,=0.0807,=0.0166,=231
="000171",新兴成指,2017-01-25,=-0.0378,=2175.2200,=0.1789,=32.3074,=0.7148,=15.0335,=20.3812,=24.9142,=36.2009,=63.8139,=4.9538,=0.6103,=2.6324,=3.2933,=4.3684,=6.2845,=10.8185,=4.3264,=0.7854,=1.3680,=2.1208,=2.7988,=4.4570,=8.5894,=0.0123,=0.4843,=0.0042,=0.0073,=0.0126,=0.0195,=0.0271,=0.0336,=0.1371,=0.0326,=208
="930850",智能制造,2016-07-20,=-0.0306,=5641.0600,=0.1784,=51.9643,=0.8433,=23.4329,=32.7224,=41.8071,=50.3507,=78.5602,=5.6938,=0.9367,=2.5370,=3.5207,=4.1707,=5.0918,=7.7199,=3.3367,=0.7223,=1.5919,=2.3563,=2.7930,=3.5814,=5.3954,=0.0062,=0.1894,=0.0050,=0.0062,=0.0077,=0.0101,=0.0146,=0.0208,=0.0857,=0.0160,=366
="930792",HK银行,2016-04-22,=-0.0051,=5166.7300,=0.1730,=7.1891,=0.8903,=3.2659,=4.4606,=5.8966,=6.8432,=9.5632,=0.6930,=0.6608,=0.3905,=0.4962,=0.6240,=0.8015,=1.0771,=2.6983,=0.9744,=1.0519,=1.5163,=1.8837,=2.4444,=3.1066,=0.0444,=0.0604,=0.0355,=0.0498,=0.0562,=0.0743,=0.1045,,=0.0901,,=759
="000915",300信息,2007-07-02,=-0.0332,=3812.4700,=0.1728,=49.0861,=0.8219,=20.6178,=34.5626,=39.8259,=48.2704,=75.5831,=6.5147,=0.9493,=2.7398,=3.5399,=4.3483,=5.5545,=9.0762,=3.1822,=0.4920,=1.6744,=2.1697,=3.2087,=4.0617,=4.9963,=0.0062,=0.2161,=0.0049,=0.0061,=0.0077,=0.0100,=0.0144,=0.0247,=0.0971,=0.0166,=21
="399285",物联网50,2020-02-18,=-0.0282,=7399.5300,=0.1714,=37.5453,=0.7403,=21.8675,=26.4564,=31.8469,=38.8529,=48.9860,=5.4867,=0.8402,=2.6765,=3.4156,=4.0526,=5.3434,=6.9158,=3.4670,=0.9201,=1.7407,=2.0236,=2.4663,=3.1437,=4.3982,=0.0122,=0.5193,=0.0076,=0.0096,=0.0121,=0.0148,=0.0214,=0.0353,=0.1364,=0.0304,=94
="931159",创新100,2019-05-16,=-0.0252,=3950.2400,=0.1616,=37.1295,=0.5379,=24.8309,=32.3471,=36.3522,=46.3210,=59.7307,=5.3116,=0.7225,=2.9189,=3.6994,=4.3955,=5.5683,=7.4325,=4.4349,=0.7174,=2.3351,=3.1737,=3.8136,=4.8706,=6.6085,=0.0099,=0.6234,=0.0044,=0.0062,=0.0089,=0.0126,=0.0177,=0.0278,=0.1244,=0.0278,=234
=".NDX",纳斯达克100指数,1969-12-31,,,=0.1608,,,,,,,,,,,,,,,,,,,,,,,,,,,,,,,=0.0751,=4698
="000680",科创综指,2025-01-20,=-0.0310,=1896.1600,=0.1585,=152.9101,=0.1688,=115.7401,=175.1260,=209.2972,=231.6439,=278.5830,=6.1846,=0.8078,=3.4337,=3.9791,=5.2628,=6.0746,=8.0513,=8.1250,=0.7766,=4.7291,=5.5124,=7.2135,=8.1666,=10.6066,=0.0029,=0.1818,=0.0023,=0.0031,=0.0037,=0.0050,=0.0065,=0.0091,=0.0262,=0.0033,=239
="HSSSHID",恒生沪深港创新药精选50指数,2020-03-01,=-0.0379,=8679.6900,=0.1577,=34.1278,=0.4262,=23.4861,=29.5625,=35.4809,=51.5558,=94.0285,=4.2001,=0.6378,=2.0729,=2.8199,=3.7578,=6.3304,=8.4497,=6.0848,=0.8232,=1.3432,=1.9004,=3.7144,=6.0002,=8.1459,=0.0082,=0.4098,=0.0033,=0.0050,=0.0088,=0.0120,=0.0157,,=0.1198,,=294
="399667",创业成长,2013-01-07,=-0.0309,=6394.3000,=0.1570,=33.6233,=0.3043,=21.3636,=29.5830,=38.3831,=51.7989,=90.9628,=6.5461,=0.7402,=2.9224,=4.0916,=4.8759,=7.5404,=10.8589,=5.1407,=0.6054,=2.4713,=3.4035,=4.6724,=6.6834,=10.3001,=0.0094,=0.7839,=0.0027,=0.0042,=0.0064,=0.0096,=0.0182,=0.0481,=0.1635,=0.0355,=101
="931643",科创创业50,2021-06-01,=-0.0371,=2306.6200,=0.1563,=54.2210,=0.6903,=22.6109,=28.7890,=40.3688,=59.8991,=92.9106,=7.3345,=0.7896,=3.3216,=4.2124,=5.2143,=7.5385,=12.1685,=6.7647,=0.7321,=2.7030,=3.4214,=4.6590,=7.4418,=14.6821,=0.0065,=0.4271,=0.0024,=0.0040,=0.0074,=0.0115,=0.0174,=0.0368,=0.1190,=0.0246,=2032
="950333",智选创新价值,2024-09-25,=-0.0209,=2627.2000,=0.1560,=410.6743,=0.3074,=62.6254,=109.5365,=-9852.0433,=-358.0017,=5158.8110,=4.0503,=0.9026,=1.6564,=2.1657,=2.6017,=3.0851,=5.3226,=5.1134,=0.9026,=1.6015,=2.1363,=2.7278,=3.1081,=6.7566,=0.0027,=0.1017,=0.0019,=0.0055,=0.0068,=0.0103,=0.0136,=-0.0002,=-0.0164,=-0.0030,=18
="HSSCHKC",恒生港股通香港公司指数,2017-11-20,=-0.0098,=3587.5900,=0.1544,=14.2574,=0.4847,=9.9660,=12.2531,=14.3899,=17.9613,=45.2058,=1.3760,=0.9935,=0.8018,=0.9565,=1.1012,=1.2520,=1.4044,=3.4384,=0.9935,=1.7566,=2.0795,=2.3949,=2.7902,=3.5613,=0.0353,=0.2491,=0.0202,=0.0341,=0.0389,=0.0465,=0.0626,,,,=14
="000958",创业成长,2010-03-24,=-0.0349,=1848.4900,=0.1532,=41.4334,=0.9625,=11.9506,=17.5032,=24.3293,=30.6864,=61.3903,=10.4689,=0.9802,=2.6815,=3.7899,=5.1668,=6.3896,=14.5711,=5.7214,=0.9674,=1.2937,=1.9105,=2.5442,=3.9715,=7.7463,=0.0059,=0.1159,=0.0040,=0.0066,=0.0090,=0.0140,=0.0209,=0.0493,=0.2198,=0.0640,=674
="399326",成长40,2006-01-24,=-0.0329,=7337.3800,=0.1524,=28.3767,=0.5452,=11.4413,=22.5069,=27.7029,=33.2868,=67.8360,=5.9373,=0.7249,=2.3502,=3.7081,=4.7246,=6.5226,=10.3842,=3.5182,=0.6408,=1.6605,=2.3239,=3.0559,=3.9346,=5.1844,=0.0107,=0.6441,=0.0046,=0.0073,=0.0096,=0.0135,=0.0218,=0.0646,=0.2161,=0.0378,=275
="931250",港股通创新药,2012-07-20,=-0.0294,=1148.2800,=0.1430,=37.4790,=0.5542,=21.4435,=32.6102,=36.6526,=44.1805,=63.0533,=3.7521,=0.7556,=1.5232,=1.8428,=2.3575,=3.8358,=4.5255,=6.2070,=0.7236,=1.4727,=1.7735,=2.3635,=6.5265,=7.7209,=0.0080,=0.2861,=0.0059,=0.0076,=0.0134,=0.0163,=0.0196,,=0.1071,,=135
="000699",科创200,2024-08-20,=-0.0233,=1505.6700,=0.1409,=141.8060,=0.0741,=128.9087,=174.1376,=233.1441,=309.7822,=388.1174,=4.2809,=0.6502,=1.9770,=3.0365,=3.9702,=4.8690,=5.6874,=6.3516,=0.5514,=3.3605,=5.1354,=6.1713,=7.4791,=8.4376,=0.0048,=0.4547,=0.0033,=0.0040,=0.0050,=0.0067,=0.0100,=0.0066,=0.0165,=0.0029,=153
="931718",高端造质量成长50,2021-08-25,=-0.0344,=3279.1800,=0.1347,=36.3573,=0.7568,=16.3078,=22.1431,=29.0216,=37.0015,=49.4696,=6.4304,=0.8486,=3.1255,=3.9467,=4.8724,=6.0527,=8.5001,=4.3569,=0.8685,=1.7207,=2.2538,=3.0145,=3.8411,=5.6653,=0.0097,=0.4012,=0.0046,=0.0067,=0.0109,=0.0150,=0.0205,=0.0328,=0.1450,=0.0326,=31
="987016",港股通红利低波,2021-11-18,,,=0.1345,=7.8410,=0.9922,=3.4544,=4.3156,=5.0320,=6.9109,=8.0054,=0.7486,=0.9974,=0.4152,=0.4892,=0.5420,=0.6693,=0.7549,=1.1534,=0.8595,=0.5827,=0.6615,=0.8042,=1.1142,=1.3012,=0.0514,=0.0328,=0.0488,=0.0587,=0.0809,=0.0923,=0.1160,,=0.0893,,=176
="931787",港股创新药,2018-08-14,=-0.0290,=1423.7300,=0.1336,=37.4790,=0.4188,=20.8973,=29.6096,=43.3389,=79.1360,=400.8209,=3.7521,=0.6975,=1.5132,=2.3086,=2.9819,=4.1206,=5.7621,=6.2070,=0.9005,=0.8553,=1.3293,=2.0941,=3.3836,=7.7308,=0.0080,=0.3312,=0.0045,=0.0069,=0.0103,=0.0136,=0.0202,,=0.1071,,=800
="H30535",互联网,2015-01-12,=-0.0382,=5496.5000,=0.1335,=44.3939,=0.7072,=14.4753,=21.1484,=36.4411,=48.9065,=67.6316,=6.7134,=0.9682,=1.7453,=2.4476,=3.2851,=4.1049,=9.0569,=3.8846,=0.9538,=1.1519,=1.6628,=2.0123,=2.8971,=5.2637,=0.0071,=0.1695,=0.0048,=0.0074,=0.0108,=0.0121,=0.0190,=0.0359,=0.1165,=0.0168,=29
="932038",央企科技引领,2022-11-16,=-0.0287,=1695.9200,=0.1332,=71.3647,=0.7407,=31.0707,=37.9485,=45.3012,=77.6835,=100.6860,=5.0046,=0.8042,=2.7684,=3.4958,=3.9951,=4.9823,=6.8336,=5.5375,=0.8096,=2.3932,=3.1688,=3.9501,=5.4753,=7.0751,=0.0060,=0.1882,=0.0042,=0.0062,=0.0084,=0.0108,=0.0151,=0.0105,=0.0636,=0.0096,=43
="931071",人工智能,2018-11-21,=-0.0445,=2563.8900,=0.1317,=52.5627,=0.6302,=30.9003,=39.8478,=48.8146,=57.4406,=77.4016,=8.3229,=0.9109,=2.9559,=3.9097,=4.7612,=5.9621,=11.5305,=4.9780,=0.8980,=2.2000,=2.8087,=3.2235,=4.1319,=9.3591,=0.0063,=0.5019,=0.0041,=0.0054,=0.0063,=0.0086,=0.0135,=0.0409,=0.1450,=0.0239,=1374
="HSSCHKY",恒生港股通高股息率指数,2019-11-01,=-0.0018,=2795.9100,=0.1284,=7.8409,=0.9267,=3.8979,=4.9535,=5.9543,=7.2834,=8.4533,=0.7174,=0.8861,=0.4277,=0.5182,=0.5816,=0.6875,=0.8197,=1.2407,=0.9207,=0.5333,=0.6989,=0.8869,=1.1324,=1.3442,=0.0496,=0.0131,=0.0482,=0.0561,=0.0667,=0.0839,=0.1067,,=0.0894,,=505
="399374",中盘成长,2010-01-04,=-0.0144,=5144.4900,=0.1253,=28.4740,=0.8854,=12.0664,=16.7038,=22.9694,=27.5771,=34.9289,=3.9639,=0.9357,=1.8942,=2.4100,=3.1265,=3.6319,=4.6865,=2.5869,=0.8573,=0.9013,=1.6610,=2.2043,=2.4826,=3.0491,=0.0124,=0.3761,=0.0084,=0.0109,=0.0145,=0.0210,=0.0349,=0.0366,=0.1248,=0.0238,=204
="000151",上国红利,2012-07-20,=0.0137,=1715.2100,=0.1228,=8.9860,=0.9876,=4.5075,=5.3657,=6.9876,=7.9317,=10.0345,=0.7940,=0.6111,=0.5268,=0.6189,=0.7506,=0.9635,=1.3272,=1.1037,=0.5439,=0.6026,=0.8953,=1.0750,=1.3028,=1.6854,=0.0409,=0.0272,=0.0346,=0.0444,=0.0513,=0.0650,=0.0754,=0.0218,=0.0803,=0.0258,=236
=".INX",标普500,1957-03-04,=0.0043,=7674.3700,=0.1211,=26.4329,=0.6435,=15.6907,=21.8580,=24.2672,=28.6925,=42.9883,=5.5804,=0.9729,=2.4601,=3.2564,=3.9968,=4.8329,=5.7725,=3.5992,=0.9789,=1.5801,=2.1081,=2.4132,=3.0602,=3.6930,=0.0102,=0.0271,=0.0097,=0.0121,=0.0159,=0.0192,=0.0253,,,=0.0468,=9579
="931785",智选沪深港科技50,2025-06-27,=-0.0273,=2670.9300,=0.1199,=42.3842,=0.8185,=31.7791,=35.3367,=37.4135,=41.5066,=55.2390,=4.9366,=0.5582,=3.8679,=4.4079,=4.8421,=5.4505,=6.1942,=3.2854,=0.6575,=2.2695,=2.6292,=3.0338,=3.5064,=4.0650,=0.0057,=0.1610,=0.0046,=0.0071,=0.0077,=0.0090,=0.0100,,,,=12
="399439",国证油气,2014-12-30,=-0.0110,=2153.5800,=0.1183,=14.6234,=0.5097,=7.2448,=10.6844,=14.1543,=28.6708,=98.7831,=1.4253,=0.9538,=0.6716,=0.7849,=1.1551,=1.2712,=1.8382,=0.7707,=0.9687,=0.2370,=0.3183,=0.5042,=0.6029,=0.9735,=0.0348,=0.1918,=0.0101,=0.0350,=0.0425,=0.0469,=0.0731,=0.0300,=0.0921,=0.0283,=107
="000908",300能源,2007-07-02,=0.0036,=2641.1700,=0.1173,=14.6657,=0.6334,=6.9395,=9.4585,=13.0370,=19.4863,=62.7889,=1.5048,=0.9645,=0.7125,=0.8868,=1.1377,=1.2904,=1.8071,=0.8968,=0.9765,=0.3053,=0.3856,=0.5108,=0.6969,=1.0302,=0.0374,=0.1637,=0.0113,=0.0382,=0.0494,=0.0598,=0.0754,=0.0302,=0.1004,=0.0297,=272
="H11140",香港红利,2009-07-23,=0.0022,=4075.3300,=0.1161,=7.7335,=0.8030,=3.0693,=4.4494,=5.9820,=7.7114,=13.9623,=0.7257,=0.6465,=0.3833,=0.5103,=0.6294,=0.8661,=1.1652,=1.2176,=0.7219,=0.5431,=0.7455,=0.9723,=1.3256,=2.1349,=0.0506,=0.1103,=0.0382,=0.0556,=0.0633,=0.0876,=0.1281,,=0.0912,,=52
="1000008",沪深B股,1994-01-10,=0.0072,=282.8000,=0.1142,=28.9193,=0.7794,=7.0835,=12.9417,=17.5058,=30.7740,=97.5837,=0.8223,=0.4235,=0.6594,=0.7810,=0.8416,=1.0150,=1.4976,=0.5436,=0.6557,=0.3777,=0.4474,=0.5016,=0.5825,=1.1545,=0.0385,=0.6058,=0.0157,=0.0281,=0.0359,=0.0437,=0.1455,,,=0.0134,=371
="932456",科创创业AI,2025-05-14,=-0.0474,=3237.5000,=0.1128,=75.8513,=0,=75.8513,=108.7926,=116.3331,=130.5185,=192.3777,=11.6032,=0.6984,=6.1464,=7.9686,=10.5824,=13.1312,=17.0303,=11.9443,=0.2000,=9.0747,=11.9443,=14.5964,=15.8040,=18.3647,=0.0025,=0.8317,=0.0016,=0.0018,=0.0019,=0.0024,=0.0030,=0.0437,=0.0985,,=81
="931994",电网设备主题,2022-10-11,=-0.0181,=2803.0800,=0.1110,=31.7888,=0.8500,=15.6741,=20.2245,=23.0839,=29.3442,=44.9431,=3.0377,=0.8468,=1.9713,=2.2957,=2.4686,=2.8507,=4.2080,=2.0491,=0.8532,=1.2895,=1.4794,=1.6157,=1.8534,=2.7882,=0.0120,=0.2904,=0.0088,=0.0111,=0.0134,=0.0164,=0.0189,=0.0214,=0.0975,=0.0200,=309
="932069",港股通医疗主题,2022-07-21,=-0.0352,=1099.6700,=0.1100,=38.7791,=0.8338,=20.9778,=26.3637,=30.8043,=37.1902,=51.0900,=2.5706,=0.7659,=1.4397,=1.6278,=2.0392,=2.6032,=3.0086,=1.4385,=0.8338,=0.6760,=0.7759,=0.9951,=1.4224,=1.6308,=0.0115,=0.3807,=0.0073,=0.0087,=0.0128,=0.0158,=0.0250,,=0.0571,,=24
="930758",凤凰50,2018-11-21,=-0.0075,=8826.9600,=0.1081,=14.3850,=0.5789,=8.6050,=10.8289,=13.6081,=15.7289,=22.7753,=1.9535,=0.7220,=1.0496,=1.4451,=1.6748,=2.0739,=3.0708,=2.2467,=0.9144,=0.3622,=0.7535,=1.3263,=1.9129,=3.4064,=0.0316,=0.8485,=0.0097,=0.0229,=0.0282,=0.0307,=0.0478,=0.0281,=0.1135,=0.0262,=71
="000066",上证商品,2010-04-30,=0.0026,=3906.3800,=0.1075,=15.7974,=0.5868,=7.9120,=11.1675,=15.0085,=22.6621,=53.3084,=1.8288,=0.9678,=0.9403,=1.2112,=1.3408,=1.5069,=2.2405,=1.0256,=0.9678,=0.4082,=0.5256,=0.6498,=0.7822,=1.2223,=0.0306,=0.2833,=0.0093,=0.0292,=0.0357,=0.0466,=0.0603,=0.0347,=0.1091,=0.0303,=87
="930599",中证高装,2015-03-02,=-0.0315,=9326.7000,=0.1066,=42.0678,=0.7328,=19.5438,=27.7467,=34.6585,=45.2204,=65.7817,=4.3362,=0.9538,=1.8509,=2.5592,=3.1126,=3.7558,=5.5770,=2.4318,=0.8091,=1.2322,=1.6106,=1.9489,=2.4247,=3.1551,=0.0087,=0.4412,=0.0049,=0.0067,=0.0092,=0.0120,=0.0171,=0.0227,=0.0865,=0.0192,=122
="931582",数字经济,2020-11-09,=-0.0313,=1633.6000,=0.1065,=56.6283,=0.6434,=35.0365,=44.0169,=50.4845,=66.8382,=88.8203,=6.9173,=0.8406,=3.4564,=4.9276,=5.6961,=6.7102,=9.8458,=6.4962,=0.6512,=2.4970,=3.9565,=5.8866,=7.6652,=11.8341,=0.0047,=0.1886,=0.0032,=0.0047,=0.0057,=0.0066,=0.0087,=0.0236,=0.0954,=0.0158,=191
="931238",SSH黄金股票,2017-10-17,=0.0067,=3599.8200,=0.1063,=17.3373,=0.1419,=13.5435,=18.3140,=23.2937,=35.6098,=92.1543,=3.8405,=0.9523,=1.4294,=1.8192,=2.0220,=2.3765,=6.0579,=1.2389,=0.9536,=0.3659,=0.4666,=0.5542,=0.6735,=1.9529,=0.0203,=0.7639,=0.0052,=0.0086,=0.0127,=0.0209,=0.0325,,=0.1869,,=362
="399991",一带一路,2015-02-16,=-0.0161,=3278.3000,=0.1060,=17.6712,=0.7052,=9.4567,=11.6727,=14.1012,=19.2553,=34.5905,=1.6257,=0.9584,=1.0035,=1.1547,=1.2474,=1.4534,=1.7874,=0.6953,=0.9295,=0.3598,=0.4252,=0.4777,=0.6190,=0.7793,=0.0232,=0.2837,=0.0109,=0.0217,=0.0280,=0.0340,=0.0441,=0.0240,=0.0795,=0.0217,=585
="000962",中证中游,2010-04-16,=-0.0287,=5205.1000,=0.1044,=32.5467,=0.8734,=12.7529,=17.3536,=20.1642,=27.2879,=43.3218,=3.2608,=0.9691,=1.5782,=1.9009,=2.2509,=2.6128,=4.0998,=1.5974,=0.9678,=0.6672,=0.8352,=0.9908,=1.1432,=2.0187,=0.0111,=0.2239,=0.0081,=0.0108,=0.0151,=0.0183,=0.0221,=0.0222,=0.0826,=0.0192,=17
="399803",工业4.0,2015-02-13,=-0.0253,=5937.7700,=0.1038,=38.0826,=0.5328,=19.7294,=27.9595,=36.1500,=46.8528,=61.8732,=4.7881,=0.6029,=2.6645,=3.4308,=4.3466,=5.6549,=8.0266,=2.2182,=0.3649,=1.5023,=2.0108,=2.5158,=3.2191,=4.4565,=0.0087,=0.4948,=0.0032,=0.0062,=0.0088,=0.0123,=0.0202,=0.0258,=0.1072,=0.0218,=489
="000015",红利指数,2005-01-04,=0.0150,=3349.9500,=0.1028,=9.0107,=0.9777,=4.6646,=5.5108,=7.0875,=8.1074,=10.4439,=0.8653,=0.6470,=0.5525,=0.6398,=0.7654,=1.0138,=1.3875,=1.5118,=0.9707,=0.7277,=0.8913,=1.1477,=1.3530,=1.6890,=0.0391,=0.0586,=0.0330,=0.0427,=0.0514,=0.0644,=0.0757,=0.0233,=0.0885,=0.0212,=14276
="930719",CS精准医,2015-08-05,=-0.0507,=2926.1300,=0.1007,=39.4708,=0.2406,=29.3195,=37.9356,=51.8800,=66.8132,=102.1078,=4.8257,=0.2965,=3.4982,=4.5550,=5.9789,=8.9422,=14.5104,=7.1990,=0.4647,=5.1956,=6.1922,=7.4184,=10.5848,=18.8625,=0.0074,=0.5845,=0.0022,=0.0041,=0.0068,=0.0105,=0.0164,=0.0301,=0.1091,=0.0230,=346
="931025",港股通地产,2017-11-06,=-0.0090,=1747.3500,=0.0991,=-81.7134,=0.6607,=1.3998,=5.5059,=8.3708,=-3.1673,=7833.8201,=0.4999,=0.5082,=0.0757,=0.2147,=0.4905,=0.8748,=1.4256,=0.9112,=0.8489,=0.0508,=0.1445,=0.5485,=0.8790,=1.5776,=0.0367,=0.3519,=0,=0.0290,=0.0424,=0.0689,=0.2175,,=-0.0074,,=13
="HSBIO",恒生生物科技指数,2019-12-01,=-0.0276,=15578.4300,=0.0987,=32.6370,=0.2917,=20.8275,=30.6832,=54.9357,=137.0311,=62737.8398,=3.2785,=0.5954,=1.5084,=2.1615,=2.9288,=4.3655,=6.7821,=1.8409,=0.6848,=0.7434,=1.0993,=1.5413,=2.1295,=3.5303,=0.0103,=0.5682,=0.0037,=0.0061,=0.0096,=0.0133,=0.0198,,=0.1070,,=689
="931409",SHS创新药,2020-02-20,=-0.0364,=2312.2400,=0.0965,=43.4948,=0.6288,=24.9819,=34.6624,=39.7826,=58.8075,=94.9889,=4.5543,=0.6069,=2.3431,=3.2933,=4.1501,=6.3225,=8.9149,=6.6920,=0.8214,=2.2896,=3.2105,=4.0864,=6.5929,=8.2645,=0.0087,=0.5395,=0.0036,=0.0052,=0.0084,=0.0113,=0.0166,,=0.0994,,=323
="930939",500质量,2018-11-21,=-0.0163,=23267.3100,=0.0961,=19.2818,=0.7895,=10.4098,=14.0200,=16.1500,=19.4815,=27.8330,=2.2454,=0.5173,=1.6614,=2.0720,=2.2359,=2.4792,=3.9191,=2.0303,=0.9128,=0.9583,=1.1991,=1.4620,=1.8331,=2.9319,=0.0175,=0.3232,=0.0117,=0.0164,=0.0196,=0.0252,=0.0319,=0.0308,=0.1144,=0.0291,=467
="930914",港股通高股息,2016-11-25,=-0.0028,=5388.5900,=0.0958,=8.3427,=0.8742,=3.4280,=4.4360,=5.9788,=7.8685,=11.1979,=0.7911,=0.7483,=0.3979,=0.5038,=0.6264,=0.8509,=1.1764,=1.2945,=0.8333,=0.5144,=0.7096,=0.9257,=1.2607,=2.2126,=0.0485,=0.0517,=0.0387,=0.0547,=0.0657,=0.0863,=0.1194,,=0.0918,,=766
="930820",CS高端制,2016-05-11,=-0.0300,=9272.1900,=0.0952,=44.2475,=0.8115,=21.5994,=28.9923,=36.5742,=43.7577,=58.8118,=4.1562,=0.8751,=2.0597,=2.7148,=3.1883,=3.9174,=5.2414,=2.6485,=0.8738,=1.1980,=1.7166,=2.0514,=2.4973,=3.3599,=0.0086,=0.2812,=0.0055,=0.0081,=0.0098,=0.0124,=0.0171,=0.0220,=0.0816,=0.0186,=318
="399970",移动互联,2014-05-05,=-0.0270,=4884.6600,=0.0949,=43.2338,=0.6330,=21.2604,=32.0602,=40.2094,=49.3636,=64.0807,=4.8918,=0.6841,=2.3944,=3.2977,=4.0649,=5.7108,=7.9573,=2.6758,=0.5736,=1.5790,=2.0679,=2.5539,=3.2520,=4.6665,=0.0073,=0.3757,=0.0043,=0.0058,=0.0082,=0.0107,=0.0143,=0.0246,=0.0808,=0.0175,=472
="931235",中证电信,2022-07-21,=-0.0170,=2956.2600,=0.0902,=30.0579,=0.9113,=15.5242,=18.7804,=21.5959,=26.5949,=36.3009,=2.8172,=0.9244,=0.8741,=1.6415,=1.9445,=2.3754,=3.4857,=2.6546,=0.9294,=0.6427,=1.4049,=1.7298,=2.1941,=3.2153,=0.0203,=0.1331,=0.0135,=0.0242,=0.0301,=0.0336,=0.0573,=0.0216,=0.0917,=0.0212,=63
="930713",CS人工智,2015-07-31,=-0.0443,=5753.1900,=0.0892,=49.9921,=0.3596,=24.8131,=43.8200,=53.2610,=62.4032,=90.1869,=7.6184,=0.9579,=2.8384,=3.9100,=4.7027,=5.4124,=10.4087,=4.5417,=0.8709,=2.3148,=3.1674,=3.7880,=4.3096,=6.3979,=0.0066,=0.6132,=0.0041,=0.0051,=0.0061,=0.0078,=0.0120,=0.0330,=0.1245,=0.0172,=1080
="932596",港股通红利低波,2016-02-04,=-0.0005,=4215.5900,=0.0868,=8.1404,=0.6476,=7.1792,=7.7816,=8.0124,=8.2576,=8.5745,=0.7517,=0.7269,=0.6528,=0.6957,=0.7295,=0.7561,=0.7956,=1.3989,=0.9692,=1.2161,=1.2839,=1.3321,=1.3652,=1.4305,=0.0477,=0.0176,=0.0473,=0.0492,=0.0524,=0.0547,=0.0579,,=0.0894,,=102
="H30597",新材料,2015-02-13,=-0.0173,=4508.2400,=0.0867,=34.5001,=0.5390,=14.0729,=21.7626,=33.2772,=43.7758,=70.6085,=3.7513,=0.5414,=2.1817,=2.8826,=3.6702,=5.2685,=8.9168,=2.5384,=0.4008,=1.2938,=2.0086,=2.7353,=3.7927,=7.1680,=0.0128,=0.6342,=0.0037,=0.0059,=0.0107,=0.0146,=0.0237,=0.0294,=0.0908,=0.0200,=322
="H30106",H300金融服务,2013-05-21,=-0.0038,=1642.1900,=0.0852,=7.1146,=0.5547,=4.0175,=5.3642,=7.0021,=7.7688,=11.1922,=0.7718,=0.5758,=0.4470,=0.5777,=0.7401,=0.9076,=1.2489,=2.0214,=0.8824,=0.8557,=1.1816,=1.4768,=1.9196,=2.3593,=0.0436,=0.2174,=0.0288,=0.0433,=0.0472,=0.0664,=0.0918,,=0.1014,,=24
="000805",A股资源,2012-01-06,=0.0004,=7692.2700,=0.0849,=16.4675,=0.5791,=7.9265,=11.4609,=15.5702,=23.4044,=73.5792,=1.9598,=0.9691,=0.9200,=1.1959,=1.3696,=1.5288,=2.3735,=1.0812,=0.9678,=0.3865,=0.5298,=0.6350,=0.7865,=1.2754,=0.0287,=0.2428,=0.0090,=0.0281,=0.0342,=0.0454,=0.0580,=0.0371,=0.1115,=0.0305,=13
="931186",中证科技,2019-05-30,=-0.0231,=7252.8200,=0.0835,=34.0582,=0.3741,=19.1938,=30.4465,=36.2904,=46.5002,=73.9401,=4.6279,=0.5268,=2.6301,=3.6246,=4.5765,=6.3372,=8.1242,=2.8176,=0.5085,=1.4264,=2.0964,=2.7963,=4.5262,=6.0737,=0.0113,=0.7295,=0.0037,=0.0054,=0.0085,=0.0128,=0.0201,=0.0291,=0.1226,=0.0174,=962
="HSMCHYI",恒生中国内地企业高股息率指数,2019-09-01,=-0.0037,=3011.6700,=0.0823,=7.5618,=0.9471,=3.7550,=5.0567,=5.8609,=6.8872,=7.9027,=0.7612,=0.8901,=0.4590,=0.5796,=0.6426,=0.7408,=0.8175,=1.1427,=0.9302,=0.5101,=0.6891,=0.8025,=0.9303,=1.2126,=0.0489,=0.0140,=0.0478,=0.0535,=0.0619,=0.0791,=0.1052,,=0.0995,,=285
="932153",港股通价值策略,2025-04-30,=-0.0065,=1136.0600,=0.0812,=9.7243,=0.2346,=8.1696,=9.5880,=10.0724,=10.3658,=10.9237,=0.8310,=0.2778,=0.7012,=0.8177,=0.8744,=0.8998,=0.9365,=1.0013,=0.3302,=0.8168,=0.9643,=1.0238,=1.0622,=1.1126,=0.0427,=0.4938,=0.0397,=0.0413,=0.0427,=0.0446,=0.0538,,=0.0812,,=16
="399364",消费100,2009-08-03,=-0.0315,=11665.8700,=0.0807,=35.6139,=0.8162,=15.8540,=22.7077,=26.8871,=35.0479,=49.3766,=4.9453,=0.8042,=2.6561,=3.2996,=3.7777,=4.8557,=7.3266,=2.4542,=0.7782,=1.3127,=1.6759,=1.9211,=2.5443,=4.2956,=0.0123,=0.2585,=0.0070,=0.0116,=0.0159,=0.0191,=0.0241,=0.0306,=0.1191,=0.0345,=318
="930965",HKC医药C,2017-06-23,=-0.0281,=3501.5400,=0.0804,=40.4413,=0.5516,=18.1989,=25.7879,=33.4773,=71.9620,=6384.2329,=2.6879,=0.4960,=1.4216,=1.9500,=2.6918,=3.6855,=6.9841,=1.5682,=0.7356,=0.7160,=1.0324,=1.3343,=1.7180,=3.7092,=0.0106,=0.4372,=0.0038,=0.0079,=0.0109,=0.0142,=0.0248,,=0.0645,,=162
="HSCSOE",恒生中国央企指数,2023-01-01,=-0.0059,=3882.5700,=0.0800,=8.2062,=0.9195,=4.9972,=5.5808,=6.2587,=7.7934,=8.5526,=0.7851,=0.8949,=0.5264,=0.5944,=0.6385,=0.7625,=0.8375,=0.9710,=0.9049,=0.5404,=0.5970,=0.6790,=0.9133,=1.0234,=0.0462,=0.0235,=0.0450,=0.0516,=0.0680,=0.0772,=0.0871,,=0.0956,,=118
="930712",CS物联网,2015-07-31,=-0.0284,=4487.7900,=0.0760,=31.4783,=0.4581,=21.9217,=27.4652,=32.4206,=37.2125,=50.1215,=4.7305,=0.7513,=2.7515,=3.4472,=4.0807,=4.9792,=7.1882,=2.4756,=0.7897,=1.2084,=1.7388,=2.0107,=2.5506,=3.5102,=0.0138,=0.7847,=0.0070,=0.0089,=0.0113,=0.0139,=0.0190,=0.0346,=0.1340,=0.0303,=168
="000068",上证资源,2010-05-28,=0.0005,=4327.9500,=0.0748,=16.0329,=0.5715,=7.8012,=11.1450,=15.0988,=22.6188,=73.1997,=1.8521,=0.9720,=0.8674,=1.1479,=1.3175,=1.4927,=2.2515,=1.0207,=0.9670,=0.3742,=0.5012,=0.6088,=0.7765,=1.2220,=0.0302,=0.2082,=0.0094,=0.0299,=0.0360,=0.0471,=0.0635,=0.0351,=0.1097,=0.0307,=313
="930967",港股通信息C,2017-06-23,=-0.0395,=4957.6500,=0.0738,=59.4176,=0.9638,=9.7009,=25.9160,=35.1070,=45.6111,=82.6684,=3.7825,=0.4987,=1.0827,=1.5123,=3.7953,=5.9158,=9.2789,=1.6151,=0.4854,=0.3926,=0.6357,=1.7597,=4.3815,=6.3504,=0.0042,=0.0958,=0.0029,=0.0047,=0.0058,=0.0110,=0.0212,,=0.0915,,=16
="HSSCHYS",恒生港股通红利优选指数,2023-06-01,=-0.0050,=4980.5800,=0.0724,=8.0342,=0.8365,=4.2457,=4.7553,=5.8664,=7.8973,=9.0746,=0.7516,=0.8541,=0.4429,=0.5020,=0.5916,=0.7380,=0.8283,=1.2317,=0.9950,=0.6036,=0.6785,=0.8861,=1.0613,=1.2508,=0.0568,=0.1044,=0.0497,=0.0605,=0.0712,=0.0877,=0.0947,,=0.0899,,=90
="399006",创业板指,2010-06-01,=-0.0321,=3431.8900,=0.0714,=39.5150,=0.3806,=22.8885,=32.3387,=41.9998,=55.2938,=79.6826,=5.8620,=0.7060,=3.0035,=4.0151,=4.8501,=6.5359,=9.5804,=4.2051,=0.3880,=2.3312,=3.4103,=4.5124,=6.1325,=8.4805,=0.0092,=0.7666,=0.0032,=0.0049,=0.0065,=0.0098,=0.0180,=0.0369,=0.1330,=0.0313,=16820
="399276",创科技,2020-10-26,=-0.0279,=8672.9800,=0.0702,=34.2834,=0.4094,=20.4624,=26.5158,=37.8411,=56.8410,=84.1667,=6.4524,=0.6486,=3.5855,=4.4435,=5.8575,=8.4427,=12.0896,=5.0133,=0.5341,=2.4145,=3.3706,=4.8560,=8.5173,=12.2359,=0.0113,=0.6370,=0.0023,=0.0035,=0.0089,=0.0161,=0.0221,=0.0430,=0.1724,=0.0380,=12
="931155",300质量成长,2019-04-22,=-0.0135,=10782.2500,=0.0662,=12.9046,=0.3863,=7.3805,=10.8149,=13.5802,=15.2289,=31.0699,=1.9939,=0.3476,=1.1055,=1.6664,=2.2421,=2.8064,=5.3844,=3.0657,=0.9130,=1.3218,=1.7764,=2.1902,=2.6413,=3.8395,=0.0254,=0.5115,=0.0092,=0.0212,=0.0253,=0.0312,=0.0464,=0.0331,=0.1462,=0.0366,=80
="930716",CS物流,2015-07-31,=0.0018,=1250.4100,=0.0649,=17.2196,=0.4421,=6.6312,=13.0083,=18.2362,=33.5224,=505.8138,=1.3101,=0.2318,=1.1511,=1.2954,=1.9607,=2.5438,=3.8580,=0.4931,=0.6730,=0.2137,=0.3289,=0.4559,=0.6486,=1.0427,=0.0315,=0.6858,=0.0055,=0.0092,=0.0125,=0.0374,=0.0692,=0.0197,=0.0542,=0.0209,=248
="931468",红利质量,2020-05-21,=-0.0068,=33541.5400,=0.0645,=16.7272,=0.3298,=12.5562,=16.1212,=18.6311,=21.8312,=36.4689,=2.9415,=0.2475,=2.1523,=2.8529,=3.7300,=4.7003,=8.5636,=3.4764,=0.6577,=1.9811,=2.3506,=2.9814,=3.9445,=5.8829,=0.0298,=0.5648,=0.0102,=0.0191,=0.0289,=0.0333,=0.0407,=0.0381,=0.1637,=0.0476,=1199
="931142",东证竞争,2019-03-20,=-0.0122,=1979.3300,=0.0637,=18.6101,=0.8891,=9.8569,=11.9438,=14.0662,=16.2193,=27.8877,=2.9401,=0.8286,=1.5408,=1.7332,=2.0749,=2.6403,=4.6703,=2.8476,=0.8735,=0.9384,=1.2778,=1.7355,=2.3362,=3.1903,=0.0242,=0.3550,=0.0120,=0.0223,=0.0262,=0.0329,=0.0399,=0.0415,=0.1629,=0.0397,=219
="931403",品牌工程,2020-01-14,=-0.0165,=2100.0900,=0.0637,=25.6354,=0.3036,=18.7149,=24.0687,=28.9913,=43.5410,=69.9724,=3.9467,=0.1537,=3.2380,=4.0173,=4.8986,=7.6626,=10.9810,=3.0601,=0.2836,=2.2604,=2.9340,=3.3526,=4.7739,=7.2001,=0.0223,=0.8151,=0.0056,=0.0085,=0.0154,=0.0221,=0.0278,=0.0453,=0.1433,=0.0461,=125
="399673",创业板50,2014-06-18,=-0.0332,=3604.8600,=0.0633,=34.0740,=0.2932,=20.6075,=30.6784,=42.0544,=57.2675,=106.7499,=6.4784,=0.6990,=3.1473,=4.3234,=5.2416,=7.5532,=11.7288,=4.9109,=0.3332,=2.6907,=4.1383,=5.4789,=7.7414,=13.3154,=0.0094,=0.8000,=0.0021,=0.0036,=0.0050,=0.0094,=0.0190,=0.0447,=0.1569,=0.0355,=5618
="399293",创业大盘,2019-04-18,=-0.0336,=6879.5800,=0.0616,=35.5171,=0.3261,=20.6573,=29.6245,=41.1432,=54.0458,=71.9327,=6.6378,=0.5696,=3.4452,=4.7371,=6.2752,=9.1652,=13.4901,=4.7321,=0.3232,=2.8408,=4.0392,=5.6614,=9.8577,=14.8309,=0.0097,=0.6670,=0.0029,=0.0046,=0.0073,=0.0120,=0.0196,=0.0411,=0.1554,=0.0377,=182
="399291",创精选88,2019-11-06,=-0.0208,=4845.9200,=0.0607,=47.9913,=0.3270,=32.8940,=42.3158,=54.1496,=65.0516,=106.4385,=3.1625,=0.3331,=1.8895,=2.8606,=3.4028,=3.9157,=4.9331,=3.4449,=0.6595,=1.9655,=2.6304,=3.1251,=4.2806,=5.5728,=0.0098,=0.8267,=0.0042,=0.0052,=0.0072,=0.0094,=0.0134,=0.0173,=0.0556,=0.0131,=40
="931187",科技100,2019-05-30,=-0.0252,=4885.9700,=0.0589,=30.1323,=0.6931,=18.1467,=22.2129,=26.2888,=35.0164,=49.5031,=3.8623,=0.6879,=2.3703,=2.7945,=3.3632,=4.2482,=5.4633,=2.6394,=0.7625,=1.2579,=1.6398,=2.0779,=2.7181,=4.1304,=0.0124,=0.5644,=0.0052,=0.0083,=0.0119,=0.0140,=0.0184,=0.0201,=0.0911,=0.0217,=859
="HSCCI",恒生香港中资企业指数,1997-06-16,=-0.0104,=4247.6300,=0.0578,=9.1592,=0.5677,=4.8859,=6.8728,=8.7681,=11.4129,=16.1208,=0.8470,=0.4665,=0.5567,=0.7305,=0.8605,=1.1504,=1.3660,=0.9685,=0.4823,=0.5555,=0.7802,=0.9778,=1.3438,=1.5178,=0.0542,=0.5201,=0.0276,=0.0363,=0.0535,=0.0664,=0.1028,,=0.0951,,=36
="000150",380红利,2012-07-20,=0.0171,=12208.4200,=0.0563,=15.3074,=0.7740,=5.2545,=8.5513,=12.0903,=15.9510,=19.8070,=1.0746,=0.3212,=0.6172,=0.8678,=1.3414,=1.6417,=2.2090,=0.5001,=0.4742,=0.2775,=0.3623,=0.5304,=1.4907,=2.3204,=0.0425,=0.4371,=0.0247,=0.0353,=0.0447,=0.0581,=0.0734,=0.0206,=0.0377,=0.0185,=44
="931067",绩优策略,2018-02-14,=-0.0250,=7990.5500,=0.0505,=18.2548,=0.4513,=10.5807,=14.8029,=18.7246,=26.7668,=44.0015,=5.1239,=0.5225,=3.5566,=4.2968,=5.0481,=7.3943,=11.8571,=2.9459,=0.5414,=2.1909,=2.5309,=2.8868,=4.8267,=8.6201,=0.0208,=0.4891,=0.0082,=0.0136,=0.0213,=0.0296,=0.0455,=0.0562,=0.2359,=0.0578,=28
="H11146",港股通内地金融,2010-06-02,=-0.0005,=1153.5200,=0.0480,=6.1471,=0.5385,=3.2759,=4.5177,=6.0399,=6.7500,=9.2347,=0.6349,=0.4457,=0.3797,=0.4938,=0.6584,=0.8749,=1.1859,=1.5995,=0.7985,=0.6692,=0.9478,=1.3187,=1.6008,=2.1885,=0.0465,=0.3471,=0.0302,=0.0445,=0.0500,=0.0726,=0.0994,,=0.0970,,=47
="000961",中证上游,2010-04-16,=-0.0014,=5297.3900,=0.0462,=16.6324,=0.5876,=8.3063,=11.4863,=15.6470,=22.8999,=72.6914,=1.9471,=0.9649,=0.9003,=1.1960,=1.3708,=1.5396,=2.4036,=1.0659,=0.9612,=0.3813,=0.5134,=0.6292,=0.7875,=1.2905,=0.0287,=0.2330,=0.0092,=0.0283,=0.0343,=0.0447,=0.0576,=0.0373,=0.1119,=0.0305,=50
="931590",500成长创新,2020-11-09,=-0.0233,=28411.5100,=0.0462,=37.4016,=0.9667,=14.5054,=17.8157,=20.3882,=27.7398,=46.8480,=4.3739,=0.9674,=1.6442,=2.3265,=2.6661,=3.3181,=5.3919,=4.5116,=0.9674,=1.3106,=1.9865,=2.2861,=2.7492,=5.5640,=0.0092,=0.0333,=0.0074,=0.0127,=0.0170,=0.0210,=0.0252,=0.0292,=0.1277,=0.0317,=89
="931722",国新港股通央企红利,2023-09-13,=0.0052,=1378.1000,=0.0458,=9.8735,=0.8686,=5.5040,=6.7267,=7.8224,=9.5298,=10.8173,=0.8877,=0.7400,=0.6213,=0.7414,=0.8291,=0.9073,=1.0298,=0.6093,=0.7981,=0.3100,=0.3845,=0.4852,=0.6095,=0.6918,=0.0511,=0.0650,=0.0469,=0.0568,=0.0615,=0.0685,=0.0823,,=0.0875,,=376
="399012",创业300,2013-01-07,=-0.0295,=4711.3000,=0.0442,=43.1887,=0.3641,=26.6250,=38.0630,=47.3935,=64.5897,=93.5585,=5.0034,=0.6825,=2.5798,=3.6214,=4.3426,=5.6090,=7.5462,=3.9061,=0.3905,=2.2146,=3.3208,=4.2288,=5.8952,=7.7885,=0.0090,=0.7905,=0.0035,=0.0045,=0.0061,=0.0091,=0.0164,=0.0308,=0.1020,=0.0249,=3
="950580",上证580,2025-06-16,=-0.0178,=2047.7000,=0.0441,=53.6456,=0.0412,=50.4504,=60.2445,=67.6535,=71.4103,=79.6458,=2.3062,=0.3368,=1.8567,=2.2385,=2.3488,=2.6172,=2.8840,=1.7366,=0.1993,=1.5076,=1.7366,=1.8970,=1.9799,=2.1496,=0.0098,=0.7629,=0.0076,=0.0085,=0.0094,=0.0100,=0.0116,=0.0127,=0.0354,,=10
="399612",中创100,2011-02-28,=-0.0272,=2881.1800,=0.0437,=31.2918,=0.5118,=18.0203,=24.5371,=31.1472,=39.8478,=52.6199,=4.2759,=0.5542,=2.5576,=3.3599,=4.1932,=5.0805,=7.4671,=2.7903,=0.4037,=1.6155,=2.2648,=3.0082,=3.8813,=5.8630,=0.0115,=0.6742,=0.0050,=0.0075,=0.0098,=0.0137,=0.0203,=0.0320,=0.1210,=0.0297,=158
="399376",小盘成长,2010-01-04,=-0.0153,=6618.0800,=0.0420,=30.3128,=0.7113,=14.4007,=20.2318,=25.5978,=32.3545,=60.1410,=3.2693,=0.8454,=1.6246,=2.0607,=2.3694,=3.1492,=3.9108,=1.8957,=0.7781,=0.7224,=1.0640,=1.2045,=1.9394,=3.3081,=0.0134,=0.5287,=0.0062,=0.0107,=0.0132,=0.0171,=0.0246,=0.0271,=0.1002,=0.0195,=288
="000944",内地资源,2009-10-28,=0.0005,=5522.0800,=0.0405,=16.7700,=0.6035,=8.0950,=11.4362,=15.5470,=22.7777,=66.3491,=1.9512,=0.9670,=0.8945,=1.1840,=1.3598,=1.5298,=2.3924,=1.0673,=0.9629,=0.3754,=0.5050,=0.6228,=0.7823,=1.2835,=0.0286,=0.2036,=0.0090,=0.0286,=0.0349,=0.0457,=0.0579,=0.0374,=0.1109,=0.0304,=11
="000092",资源50,2011-05-10,=-0.0042,=5079.2500,=0.0405,=15.8807,=0.6066,=7.9483,=11.3499,=14.8873,=22.0751,=52.0101,=1.9086,=0.9678,=0.9579,=1.2635,=1.4025,=1.5487,=2.3324,=1.0502,=0.9649,=0.4148,=0.5541,=0.6758,=0.7987,=1.2646,=0.0299,=0.2862,=0.0094,=0.0286,=0.0354,=0.0449,=0.0578,=0.0363,=0.1132,=0.0314,=39
="000009",上证380,2010-11-29,=-0.0135,=6852.0300,=0.0401,=29.2963,=0.8874,=11.6192,=14.6240,=18.0435,=25.1263,=39.7002,=2.2120,=0.7435,=1.2909,=1.6341,=1.9524,=2.3500,=2.7906,=1.4154,=0.7662,=0.7850,=0.9356,=1.0814,=1.4897,=1.8994,=0.0158,=0.2334,=0.0086,=0.0153,=0.0183,=0.0251,=0.0358,=0.0195,=0.0662,=0.0205,=866
="399088",深创100,2020-02-18,=-0.0232,=5248.4200,=0.0398,=33.6536,=0.6931,=15.3025,=22.0470,=27.3054,=38.6305,=56.8187,=4.8990,=0.6804,=2.2889,=3.3051,=4.1102,=5.3830,=6.8856,=3.2655,=0.6858,=1.4223,=1.9833,=2.5256,=3.7501,=5.1281,=0.0102,=0.2956,=0.0058,=0.0088,=0.0129,=0.0163,=0.0258,=0.0356,=0.1522,=0.0358,=74
="930938",500成长估值,2018-12-04,=-0.0159,=4820.6400,=0.0395,=22.1671,=0.8986,=9.4780,=13.1218,=16.8677,=20.0187,=30.3577,=2.5345,=0.9125,=1.4489,=1.8737,=2.1301,=2.3113,=3.6765,=2.1347,=0.9415,=0.6916,=0.9075,=1.1795,=1.6283,=2.5224,=0.0160,=0.2421,=0.0092,=0.0156,=0.0187,=0.0218,=0.0299,=0.0254,=0.1028,=0.0163,=74
="931469",云计算50,2020-06-12,=-0.0379,=3849.3000,=0.0393,=57.4881,=0.1557,=43.1726,=58.4605,=68.7136,=81.7233,=130.8911,=8.8068,=0.9375,=3.0031,=3.8873,=5.1299,=6.3723,=11.7205,=4.8233,=0.9108,=2.2186,=2.8815,=3.5401,=4.3146,=6.4913,=0.0032,=0.1490,=0.0021,=0.0033,=0.0042,=0.0056,=0.0085,=0.0385,=0.1212,=0.0175,=66
="HSHCI",恒生医疗保健指数,2015-08-17,=-0.0276,=3790.9900,=0.0354,=30.8104,=0.4222,=15.9973,=23.3778,=33.4256,=116.8549,=143059.6617,=2.7754,=0.5567,=1.4805,=2.2594,=2.6658,=3.4864,=7.0432,=1.7492,=0.7574,=0.8149,=1.0324,=1.3167,=1.8605,=3.5391,=0.0118,=0.5490,=0.0038,=0.0082,=0.0113,=0.0148,=0.0248,,=0.0980,,=1745
="399315",巨潮中盘,2005-02-03,=-0.0196,=4921.8400,=0.0341,=39.2046,=0.9138,=14.3715,=18.4227,=22.9154,=29.8424,=49.3940,=2.5734,=0.7909,=1.5252,=1.8923,=2.1501,=2.5825,=3.0245,=1.9867,=0.9810,=0.8408,=1.2254,=1.4278,=1.6511,=2.3572,=0.0128,=0.3262,=0.0082,=0.0119,=0.0158,=0.0221,=0.0288,=0.0239,=0.0707,=0.0202,=21
="000905",中证500,2007-01-15,=-0.0175,=7717.0900,=0.0337,=34.7795,=0.8660,=15.7028,=21.2812,=25.5686,=33.2821,=48.6069,=2.4261,=0.7992,=1.3824,=1.7164,=1.9211,=2.4306,=3.0099,=1.6824,=0.8252,=0.8118,=1.0305,=1.1724,=1.6058,=2.2566,=0.0131,=0.3505,=0.0064,=0.0116,=0.0141,=0.0185,=0.0237,=0.0210,=0.0620,=0.0169,=38416
="932039",央企股东回报,2022-11-16,=0.0029,=1638.6700,=0.0327,=13.1469,=0.9387,=8.0198,=9.7261,=11.0586,=12.0794,=13.8005,=1.2616,=0.9298,=0.8847,=1.0154,=1.1154,=1.1811,=1.4098,=0.8201,=0.9331,=0.3642,=0.4268,=0.5328,=0.6859,=0.8821,=0.0403,=0.0680,=0.0383,=0.0419,=0.0447,=0.0473,=0.0553,=0.0235,=0.0905,=0.0215,=135
="399330",深证100,2006-01-24,=-0.0225,=5998.4100,=0.0311,=27.2000,=0.7864,=14.9910,=20.3737,=22.8342,=27.7261,=38.9547,=3.0624,=0.6120,=1.9919,=2.4968,=2.9487,=3.5438,=5.5535,=2.1222,=0.5225,=1.3434,=1.7250,=2.1026,=2.4349,=4.0791,=0.0175,=0.7039,=0.0077,=0.0126,=0.0154,=0.0194,=0.0273,=0.0278,=0.0897,=0.0269,=2338
="399370",国证成长,2010-01-04,=-0.0200,=5222.7200,=0.0311,=23.4857,=0.6610,=14.0104,=18.9925,=21.7897,=25.9317,=39.9195,=3.9002,=0.7711,=1.9695,=2.5703,=2.9924,=4.1074,=6.0628,=2.2201,=0.5687,=1.2188,=1.6926,=2.0775,=2.7683,=3.4917,=0.0152,=0.4536,=0.0080,=0.0118,=0.0157,=0.0227,=0.0304,=0.0375,=0.1344,=0.0327,=119
="399850",深证50,2023-10-18,=-0.0244,=9400.1200,=0.0296,=25.7767,=0.6590,=16.5344,=20.1162,=23.7046,=27.0449,=36.7629,=3.9619,=0.8792,=2.5911,=2.9384,=3.2695,=3.7548,=4.4773,=2.1699,=0.8624,=1.3017,=1.4883,=1.6940,=2.0691,=2.4833,=0.0180,=0.1774,=0.0162,=0.0183,=0.0208,=0.0232,=0.0271,=0.0301,=0.0973,=0.0318,=80
="931132",诚通央企红利,2023-05-04,=0,=1670.5000,=0.0294,=14.1776,=0.9315,=9.0905,=10.6398,=11.9859,=13.1289,=15.2313,=1.3394,=0.9128,=0.9482,=1.0951,=1.1850,=1.2489,=1.5338,=0.7988,=0.9141,=0.3626,=0.4256,=0.5677,=0.7047,=0.8835,=0.0393,=0.0847,=0.0374,=0.0406,=0.0439,=0.0456,=0.0498,=0.0249,=0.0916,=0.0215,=42
="000824",国企红利,2012-07-20,=0.0125,=2182.5300,=0.0290,=9.1697,=0.9732,=4.8847,=5.9406,=7.3385,=8.5173,=10.7823,=0.8859,=0.6326,=0.5610,=0.6880,=0.8233,=1.0562,=1.4469,=1.3185,=0.8829,=0.5370,=0.7016,=0.9865,=1.2673,=1.6834,=0.0410,=0.1555,=0.0328,=0.0418,=0.0481,=0.0583,=0.0694,=0.0232,=0.0892,=0.0226,=966
="399625",中创500,2011-08-15,=-0.0240,=2506.7200,=0.0288,=35.4529,=0.4866,=20.4615,=28.9847,=35.6727,=40.7270,=52.5750,=3.6506,=0.5485,=2.1192,=2.8827,=3.5454,=4.2897,=5.2507,=2.6085,=0.4940,=1.4713,=2.0764,=2.6190,=3.4186,=4.2696,=0.0109,=0.6936,=0.0057,=0.0072,=0.0093,=0.0124,=0.0196,=0.0265,=0.0951,=0.0239,=165
="931892",有色矿业,2013-07-15,=0.0030,=4075.1300,=0.0274,=19.4439,=0.2355,=13.1272,=18.5704,=30.6037,=55.7989,=131.9594,=3.7386,=0.9472,=1.7020,=2.1368,=2.5495,=3.2029,=5.3430,=1.4021,=0.9282,=0.6092,=0.7896,=0.9201,=1.2393,=2.0391,=0.0149,=0.7336,=0.0026,=0.0056,=0.0093,=0.0169,=0.0229,=0.0653,=0.1630,=0.0363,=196
="1000007",创业板全指,2010-05-01,=-0.0255,=4018.4600,=0.0273,=60.3906,=0.4858,=33.8134,=48.2400,=60.9810,=100.0107,=334.2333,=4.3708,=0.6099,=2.3083,=3.3593,=4.0479,=5.1442,=6.2717,=3.8000,=0.4120,=2.1439,=3.2922,=4.0801,=5.5173,=8.2419,=0.0080,=0.7913,=0.0033,=0.0046,=0.0061,=0.0081,=0.0148,=0.0212,=0.0638,=0.0178,=1935
="HSSCSOY",恒生港股通中国央企红利指数,2023-06-01,=-0.0006,=4130.0400,=0.0272,=7.0542,=0.8365,=4.1647,=4.6599,=5.7240,=6.9681,=7.8218,=0.6494,=0.6704,=0.4381,=0.4974,=0.5965,=0.6834,=0.7455,=1.0918,=0.9912,=0.5323,=0.5989,=0.7552,=0.9628,=1.1223,=0.0503,=0.0264,=0.0487,=0.0564,=0.0678,=0.0861,=0.0936,,=0.0921,,=271
="930846",300SNLV,2016-06-24,=-0.0034,=6794.3600,=0.0272,=10.9497,=0.8511,=7.7900,=9.2103,=10.1561,=10.7745,=12.6275,=1.0457,=0.2515,=0.8340,=1.0342,=1.0900,=1.2156,=1.5027,=1.2961,=0.7315,=0.7711,=0.9528,=1.1619,=1.3326,=1.6864,=0.0379,=0.6256,=0.0239,=0.0320,=0.0361,=0.0404,=0.0486,=0.0237,=0.0917,=0.0233,=151
="000922",中证红利,2008-05-26,=0.0133,=5653.4000,=0.0271,=8.6627,=0.8144,=5.1762,=6.0245,=7.6566,=8.6151,=11.2156,=0.8534,=0.5237,=0.5911,=0.7110,=0.8424,=1.1061,=1.4999,=1.2856,=0.8928,=0.6332,=0.7726,=1.0440,=1.2368,=1.7101,=0.0409,=0.1988,=0.0309,=0.0410,=0.0471,=0.0596,=0.0693,=0.0233,=0.0895,=0.0228,=20470
="930632",CS稀金属,2015-05-12,=-0.0024,=2784.3200,=0.0270,=27.3654,=0.2623,=10.0759,=24.6559,=41.2626,=85.4202,=902.9270,=3.8463,=0.5926,=1.7714,=2.4678,=3.4499,=4.3834,=7.1765,=2.6341,=0.6821,=1.0736,=1.5817,=2.0627,=2.9650,=4.1072,=0.0084,=0.5662,=0.0021,=0.0041,=0.0074,=0.0138,=0.0241,=0.0489,=0.1107,=0.0216,=395
="000918",300成长,2008-01-21,=-0.0232,=5218.1400,=0.0256,=17.1947,=0.5794,=11.6107,=14.4705,=16.8116,=20.6304,=29.9826,=2.6160,=0.4297,=1.8759,=2.3193,=2.7999,=4.3091,=6.1771,=2.6169,=0.7918,=1.1680,=1.5324,=1.7817,=2.6337,=3.9548,=0.0184,=0.4998,=0.0081,=0.0139,=0.0184,=0.0238,=0.0310,=0.0348,=0.1486,=0.0340,=801
="931381",中证长三角,2019-11-25,=-0.0019,=2075.0100,=0.0251,=13.7684,=0.7555,=9.1117,=10.6806,=12.0639,=14.0326,=16.1441,=1.3964,=0.6094,=0.9630,=1.1540,=1.3162,=1.5474,=1.8124,=1.6803,=0.8509,=0.8724,=1.0738,=1.2592,=1.5835,=1.9541,=0.0256,=0.2194,=0.0209,=0.0254,=0.0283,=0.0322,=0.0422,=0.0256,=0.0961,=0.0259,=12
="930726",CS生医,2015-08-05,=-0.0347,=2501.3900,=0.0243,=55.6697,=0.7047,=24.4874,=31.9329,=48.5520,=61.4685,=107.1179,=4.6130,=0.2548,=3.1768,=4.4038,=6.7490,=8.5259,=14.2976,=8.1503,=0.3670,=4.8871,=6.8186,=9.6238,=12.5690,=19.9452,=0.0084,=0.5930,=0.0026,=0.0039,=0.0059,=0.0114,=0.0204,=0.0287,=0.0766,=0.0261,=845
="932457",港股通现金流,2025-02-28,=-0.0065,=2012.6700,=0.0230,=12.4165,=0.9946,=7.5325,=9.0370,=10.3710,=11.6076,=12.5288,=1.2548,=0.7174,=1.0440,=1.1368,=1.1969,=1.3032,=1.5343,=0.6541,=0.1223,=0.5752,=0.8630,=0.9542,=1.1840,=1.4545,=0.0404,=0.0054,=0.0402,=0.0429,=0.0489,=0.0621,=0.0701,,=0.0990,,=43
="399007",深证300,2009-11-04,=-0.0224,=5814.1700,=0.0228,=30.6590,=0.9031,=15.3833,=21.4145,=25.0043,=28.9361,=36.7371,=2.9524,=0.6144,=1.8298,=2.3539,=2.8048,=3.2301,=4.4351,=2.0701,=0.5559,=1.2839,=1.6547,=2.0025,=2.3813,=3.3177,=0.0153,=0.6647,=0.0081,=0.0118,=0.0139,=0.0174,=0.0252,=0.0257,=0.0779,=0.0236,=583
="931052",国信价值,2017-12-08,=-0.0022,=3529.9100,=0.0227,=9.7928,=0.8883,=5.3831,=6.6072,=7.4661,=8.8997,=11.0091,=1.2973,=0.8816,=0.7343,=0.9133,=1.0348,=1.1870,=1.5208,=1.7576,=0.9512,=0.6105,=0.9504,=1.2428,=1.4795,=2.0196,=0.0402,=0.3082,=0.0262,=0.0384,=0.0440,=0.0530,=0.0692,=0.0310,=0.1267,=0.0326,=593
="399005",中小板指,2006-01-24,=-0.0182,=8448.6400,=0.0224,=29.5736,=0.5315,=16.1163,=23.0542,=28.5542,=33.7242,=44.0181,=3.0168,=0.2821,=2.0289,=2.7421,=3.4147,=4.3134,=5.3697,=2.0628,=0.3303,=1.3510,=1.8219,=2.3308,=3.2859,=4.1546,=0.0128,=0.6293,=0.0068,=0.0090,=0.0111,=0.0163,=0.0219,=0.0255,=0.0988,=0.0255,=3256
="HSHDYI",恒生高股息率指数,2012-12-10,=-0.0047,=1303.6800,=0.0221,=7.7272,=0.7773,=3.6777,=4.8612,=6.6082,=7.8218,=10.6953,=0.7205,=0.6034,=0.4041,=0.5046,=0.6464,=0.9023,=1.1746,=1.1272,=0.5774,=0.5013,=0.7008,=1.0616,=1.4948,=1.9871,=0.0520,=0.1837,=0.0423,=0.0527,=0.0604,=0.0808,=0.1102,,=0.0903,,=922
="399996",智能家居,2014-09-17,=-0.0270,=4698.2100,=0.0220,=32.0339,=0.7109,=17.5405,=23.3761,=27.7580,=33.7975,=47.8369,=4.2015,=0.8495,=2.2523,=2.8549,=3.4652,=4.1087,=5.3919,=2.1155,=0.8082,=1.0942,=1.4673,=1.7629,=2.1050,=2.7965,=0.0141,=0.4928,=0.0087,=0.0108,=0.0142,=0.0175,=0.0235,=0.0273,=0.1118,=0.0260,=211
="931233",港股通央企红利,2017-06-28,=0.0002,=1190.0100,=0.0207,=7.5215,=0.8254,=3.6988,=4.9749,=6.4030,=7.4444,=14.0775,=0.7044,=0.6426,=0.3929,=0.5241,=0.6470,=0.8581,=1.8161,=1.0136,=0.5833,=0.4645,=0.6262,=0.9507,=1.3873,=1.7583,=0.0496,=0.1110,=0.0394,=0.0519,=0.0570,=0.0795,=0.1038,,=0.0906,,=488
="931644",800红利,2024-03-15,=0.0138,=2604.8300,=0.0206,=9.0886,=0.8446,=6.4729,=7.3797,=8.4269,=9.0505,=9.4757,=0.8869,=0.6824,=0.7001,=0.7735,=0.8596,=0.9052,=0.9431,=1.2744,=0.7551,=0.8423,=0.9287,=1.1551,=1.2906,=1.3602,=0.0419,=0.0101,=0.0416,=0.0431,=0.0466,=0.0575,=0.0662,=0.0236,=0.0906,=0.0231,=34
="H11059",工业有色,2009-07-22,=0.0034,=4061.7900,=0.0201,=17.8107,=0.2975,=10.0577,=14.6402,=27.3663,=53.0890,=131.1130,=3.5304,=0.9121,=1.4392,=2.0004,=2.4242,=3.2014,=4.9901,=1.3169,=0.9326,=0.5048,=0.7403,=0.8644,=1.1569,=1.8706,=0.0189,=0.7631,=0.0035,=0.0056,=0.0104,=0.0204,=0.0285,=0.0664,=0.1735,=0.0401,=143
="399001",深证成指,1995-01-23,=-0.0213,=13794.2900,=0.0199,=32.1119,=0.8734,=15.9054,=22.8547,=26.5146,=30.7074,=38.7817,=2.8435,=0.5781,=1.7472,=2.2797,=2.7209,=3.2273,=4.0402,=2.0159,=0.5748,=1.2229,=1.6063,=1.9123,=2.3702,=2.9683,=0.0149,=0.6697,=0.0084,=0.0109,=0.0136,=0.0166,=0.0245,=0.0249,=0.0747,=0.0225,=3741
="000969",300非周,2010-05-28,=-0.0219,=5429.4300,=0.0196,=25.3303,=0.7447,=15.9839,=20.6623,=22.7239,=26.6038,=38.7203,=2.7445,=0.4276,=2.0789,=2.5003,=2.7929,=3.1883,=4.9189,=1.4919,=0.7254,=0.8921,=1.1579,=1.2955,=1.5787,=2.2463,=0.0199,=0.7047,=0.0089,=0.0140,=0.0170,=0.0211,=0.0277,=0.0251,=0.0964,=0.0261,=89
="931476",ESG 120策略,2020-04-30,=-0.0121,=1421.0500,=0.0193,=11.8066,=0.7903,=7.8289,=9.6435,=10.6462,=11.8297,=13.2171,=1.3502,=0.7511,=1.0061,=1.1778,=1.2583,=1.3644,=1.7130,=1.6032,=0.9771,=0.7906,=1.0603,=1.1598,=1.3968,=1.6292,=0.0322,=0.3259,=0.0251,=0.0296,=0.0350,=0.0387,=0.0488,=0.0265,=0.1050,=0.0271,=53
="399316",巨潮小盘,2005-02-03,=-0.0157,=6123.7900,=0.0185,=36.3234,=0.7464,=17.4883,=24.6121,=29.2581,=37.8221,=56.1825,=2.1373,=0.6713,=1.3049,=1.7086,=1.9640,=2.4129,=3.1503,=1.3460,=0.6338,=0.7478,=1.0120,=1.2294,=1.6039,=2.5314,=0.0146,=0.6631,=0.0061,=0.0103,=0.0128,=0.0162,=0.0214,=0.0167,=0.0444,=0.0142,=23
="931447",科技先锋,2020-04-21,=-0.0312,=3141.8900,=0.0181,=39.3645,=0.5540,=19.0346,=27.4877,=37.2718,=47.9113,=82.3567,=5.0970,=0.6541,=2.7045,=3.4375,=4.4349,=6.7014,=10.6025,=2.7211,=0.6047,=1.4804,=1.9224,=2.4938,=3.6964,=7.0848,=0.0093,=0.4473,=0.0033,=0.0055,=0.0097,=0.0135,=0.0196,=0.0256,=0.0990,=0.0202,=24
="000822",500红利,2012-07-20,=0.0120,=10353.7000,=0.0176,=14.2809,=0.7711,=7.4138,=9.6102,=11.2677,=15.2588,=26.4578,=1.1711,=0.4243,=0.8670,=1.0202,=1.2263,=1.4675,=2.2508,=0.5746,=0.5146,=0.2906,=0.3999,=0.5640,=1.0924,=1.8159,=0.0401,=0.4252,=0.0164,=0.0296,=0.0411,=0.0491,=0.0638,=0.0233,=0.0658,=0.0188,=39
="399375",中盘价值,2010-01-04,=-0.0082,=6037.7400,=0.0175,=15.6038,=0.7596,=9.0528,=10.9370,=12.3141,=16.4913,=33.1718,=1.4778,=0.7563,=1.0236,=1.1932,=1.3322,=1.5324,=1.9880,=1.2246,=0.9802,=0.5167,=0.6432,=0.7489,=0.9806,=1.3254,=0.0288,=0.4082,=0.0137,=0.0243,=0.0309,=0.0368,=0.0505,=0.0258,=0.0785,=0.0211,=189
="000979",大宗商品,2011-08-22,=0.0017,=6898.4600,=0.0168,=17.5835,=0.5889,=9.9333,=12.8903,=16.3478,=22.3483,=55.6298,=1.9106,=0.9616,=1.1381,=1.3703,=1.4917,=1.6360,=2.3336,=1.0365,=0.9641,=0.4909,=0.5833,=0.6997,=0.8404,=1.2291,=0.0272,=0.3155,=0.0088,=0.0253,=0.0307,=0.0396,=0.0489,=0.0335,=0.1029,=0.0285,=713
="H30463",沪港深500医药,2014-11-28,=-0.0273,=7893.1700,=0.0162,=33.3255,=0.3684,=23.3470,=31.0222,=35.5816,=42.6572,=94.1690,=3.5952,=0.2281,=2.7545,=3.5141,=4.4156,=5.5958,=10.0878,=3.4835,=0.5984,=1.9470,=2.8257,=3.2973,=4.0606,=9.3489,=0.0124,=0.8079,=0.0038,=0.0069,=0.0089,=0.0124,=0.0194,,=0.0979,,=42
="000907",中证700,2007-01-15,=-0.0170,=6577.3900,=0.0161,=26.0414,=0.8895,=13.5964,=17.1394,=19.5530,=24.0532,=30.1680,=2.0162,=0.6181,=1.3201,=1.5883,=1.8281,=2.1959,=2.4753,=1.4361,=0.6128,=0.9663,=1.1767,=1.3274,=1.5833,=1.9854,=0.0182,=0.5534,=0.0115,=0.0140,=0.0175,=0.0227,=0.0321,=0.0223,=0.0692,=0.0213,=268
="980081",价值100,2012-12-28,,,=0.0155,=10.3260,=0.8240,=7.7317,=8.3717,=9.0762,=10.1434,=11.5920,=1.1094,=0.7873,=0.8413,=0.8866,=1.0201,=1.1153,=1.3448,=1.2243,=0.9927,=0.7580,=0.8104,=0.9793,=1.1362,=1.2392,=0.0462,=0.3227,=0.0420,=0.0452,=0.0490,=0.0545,=0.0599,=0.0275,=0.0995,=0.0251,=527
="H30270",红利价值,2013-12-19,=0.0208,=9677.7800,=0.0153,=7.9860,=0.7721,=4.4543,=5.4501,=6.7928,=8.6056,=13.0955,=0.8187,=0.6466,=0.5256,=0.6497,=0.7646,=1.2275,=1.7317,=1.6257,=0.9919,=0.5854,=0.8144,=1.0058,=1.3076,=1.6637,=0.0406,=0.1630,=0.0269,=0.0419,=0.0502,=0.0629,=0.0726,=0.0235,=0.0936,=0.0240,=219
="000821",300红利,2012-07-20,=0.0150,=6771.0600,=0.0148,=8.9273,=0.9204,=4.9998,=6.1944,=7.5603,=8.5130,=10.9286,=0.8808,=0.5456,=0.5725,=0.7140,=0.8620,=1.0770,=1.4919,=1.4198,=0.9241,=0.6098,=0.7993,=1.0658,=1.3283,=1.6963,=0.0420,=0.1823,=0.0319,=0.0424,=0.0473,=0.0563,=0.0673,=0.0235,=0.0916,=0.0239,=1007
="399395",国证有色,2012-10-29,=0.0009,=9801.1700,=0.0135,=19.4902,=0.2977,=12.7731,=17.8511,=27.6960,=54.3087,=315.7327,=3.5102,=0.9340,=1.7304,=2.0833,=2.5062,=3.0957,=4.8522,=1.3898,=0.9546,=0.6150,=0.7945,=0.9084,=1.1736,=1.9521,=0.0165,=0.7518,=0.0031,=0.0057,=0.0103,=0.0178,=0.0242,=0.0618,=0.1543,=0.0354,=671
="950161",科创新药,2024-08-23,=-0.0533,=1244.5900,=0.0133,=140.7639,=0.0660,=113.6689,=372.3062,=-155.1045,=-91.9825,=1578.9342,=9.1281,=0.5258,=4.9324,=6.9111,=9.0190,=10.3567,=12.9042,=11.7998,=0.3876,=8.4204,=10.2222,=12.3665,=14.1713,=17.6998,=0.0013,=0.5072,=0.0009,=0.0011,=0.0013,=0.0018,=0.0023,=0.0059,=0.0403,=-0.0091,=51
="H30199",电力指数,2013-07-15,=0.0092,=2859.2200,=0.0131,=17.8348,=0.3551,=14.1448,=16.9262,=18.9726,=25.0122,=78.5133,=1.7051,=0.4631,=1.2472,=1.5161,=1.7166,=1.8429,=2.0960,=1.7762,=0.7847,=1.1507,=1.4427,=1.5879,=1.7825,=2.2389,=0.0276,=0.6816,=0.0166,=0.0223,=0.0267,=0.0284,=0.0333,=0.0213,=0.0878,=0.0244,=763
="930782",500SNLV,2016-02-04,=-0.0056,=19025.7600,=0.0124,=20.1329,=0.5126,=13.0617,=17.6555,=20.0399,=23.6096,=33.4651,=1.6383,=0.7113,=1.0996,=1.3464,=1.4745,=1.7874,=2.5974,=1.2575,=0.7254,=0.5914,=0.8056,=0.8890,=1.3852,=2.0883,=0.0234,=0.8602,=0.0090,=0.0139,=0.0203,=0.0228,=0.0271,=0.0229,=0.0820,=0.0170,=1377
="399974",国企改革,2014-08-07,=-0.0091,=1921.5200,=0.0120,=15.7638,=0.7192,=8.5408,=11.0130,=13.4099,=16.6759,=23.5243,=1.4465,=0.4495,=1.0768,=1.3337,=1.4683,=1.8256,=2.8970,=1.1113,=0.6594,=0.6803,=0.8927,=1.0015,=1.2484,=2.2060,=0.0288,=0.4322,=0.0148,=0.0236,=0.0300,=0.0332,=0.0410,=0.0239,=0.0809,=0.0242,=377
="399993",CSWD生科,2015-05-08,=-0.0462,=2637.5200,=0.0120,=85.7061,=0.9505,=31.0960,=44.1993,=56.6512,=74.4862,=122.8633,=3.8813,=0.2775,=2.5928,=3.6121,=5.9731,=7.5793,=15.2283,=7.6355,=0.3629,=4.8204,=6.7135,=8.9149,=14.0889,=21.1379,=0.0091,=0.6849,=0.0023,=0.0039,=0.0064,=0.0104,=0.0144,=0.0163,=0.0356,=0.0147,=68
="931897",绿色电力,2012-12-21,=0.0090,=1095.7000,=0.0120,=17.7832,=0.4004,=12.4356,=16.3172,=18.6145,=23.5753,=3316.8719,=1.7281,=0.6569,=1.0802,=1.3464,=1.6508,=1.7879,=2.0565,=1.8284,=0.8375,=0.8910,=1.1301,=1.2733,=1.7280,=2.6891,=0.0275,=0.8334,=0.0111,=0.0186,=0.0233,=0.0271,=0.0335,=0.0214,=0.0880,=0.0237,=185
="930648",CS智消费,2015-06-05,=-0.0269,=3704.5700,=0.0117,=31.6643,=0.7814,=15.4538,=22.2568,=25.1816,=32.5135,=51.6043,=3.8857,=0.7633,=2.1406,=2.8085,=3.2135,=4.0473,=5.4486,=1.7458,=0.7237,=0.8328,=1.2867,=1.5039,=1.8632,=2.9491,=0.0135,=0.2664,=0.0074,=0.0121,=0.0152,=0.0173,=0.0216,=0.0253,=0.1077,=0.0239,=31
="000841",800医药,2012-12-21,=-0.0387,=8454.7300,=0.0115,=36.0247,=0.7386,=21.4494,=28.0346,=32.2227,=37.6596,=58.1462,=3.4695,=0.3497,=2.4193,=3.1867,=3.7625,=4.3578,=6.5122,=4.3689,=0.8091,=1.7815,=2.8895,=3.4449,=4.3451,=6.1565,=0.0155,=0.8767,=0.0064,=0.0083,=0.0102,=0.0139,=0.0210,=0.0288,=0.0871,=0.0293,=590
="931152",CS创新药,2019-04-22,=-0.0474,=1915.2300,=0.0111,=47.7738,=0.6524,=27.6044,=36.8130,=43.3892,=52.8021,=74.6844,=4.0923,=0.4711,=2.5551,=3.3458,=4.1856,=5.9323,=8.7449,=5.8136,=0.8214,=2.2436,=2.9208,=3.4483,=5.7263,=9.4897,=0.0100,=0.7428,=0.0040,=0.0058,=0.0086,=0.0104,=0.0150,=0.0271,=0.0786,=0.0224,=1971
="000825",央企红利,2012-07-20,=0.0096,=3487.8700,=0.0100,=9.5488,=0.9893,=4.7369,=6.0940,=7.3072,=8.5098,=10.5687,=0.9200,=0.6812,=0.5507,=0.6915,=0.8553,=0.9957,=1.3929,=1.2643,=0.8887,=0.6009,=0.8548,=1.0785,=1.2231,=1.7357,=0.0403,=0.0837,=0.0330,=0.0423,=0.0473,=0.0555,=0.0713,=0.0224,=0.0902,=0.0228,=389
="987018",港股通创新药,2021-11-18,,,=0.0081,=40.7577,=0.3373,=22.9379,=36.0502,=49.3747,=94.4339,=537.2167,=3.5920,=0.6361,=1.6768,=2.3257,=3.2579,=4.1294,=6.0885,=5.3141,=0.4889,=2.6005,=3.5789,=5.3388,=7.0465,=12.1954,=0.0086,=0.6447,=0.0023,=0.0056,=0.0073,=0.0142,=0.0182,,=0.0844,,=333
="399441",生物医药,2015-01-20,=-0.0526,=2163.2300,=0.0081,=55.3115,=0.7184,=21.8350,=32.3563,=47.7085,=63.0450,=119.0737,=3.5097,=0.2280,=2.3073,=3.3267,=6.2568,=7.7564,=13.6606,=6.6195,=0.2907,=3.6424,=5.8657,=9.1226,=13.6968,=21.5399,=0.0104,=0.7711,=0.0024,=0.0041,=0.0064,=0.0108,=0.0164,=0.0194,=0.0565,=0.0192,=1693
="930931",港股通50,2017-01-16,=-0.0200,=3907.5400,=0.0075,=9.9194,=0.5245,=6.5385,=8.7153,=9.8195,=11.3595,=15.8907,=1.1004,=0.5194,=0.7428,=0.9473,=1.0953,=1.1790,=1.6058,=1.8079,=0.6572,=1.1204,=1.4720,=1.7114,=1.9119,=2.6369,=0.0339,=0.2924,=0.0233,=0.0327,=0.0370,=0.0437,=0.0589,,=0.0979,,=296
="000046",上证中小,2009-07-03,=-0.0106,=5167.0300,=0.0075,=16.7389,=0.6219,=10.5504,=12.1058,=15.2214,=18.0587,=22.4992,=1.4709,=0.4870,=1.0626,=1.2077,=1.4766,=1.7545,=2.0905,=1.3370,=0.7588,=0.8596,=1.0256,=1.1229,=1.3907,=1.6429,=0.0234,=0.5802,=0.0151,=0.0188,=0.0226,=0.0299,=0.0371,=0.0219,=0.0784,=0.0213,=348
="930821",中证VR,2016-05-11,=-0.0288,=3216.2100,=0.0072,=44.8107,=0.5398,=17.6816,=32.1543,=43.3042,=55.8152,=175.0572,=3.3309,=0.6656,=1.7358,=2.3500,=2.8964,=4.0773,=5.0269,=1.8978,=0.4850,=1.1117,=1.4800,=1.9223,=2.8818,=3.7313,=0.0082,=0.3031,=0.0056,=0.0075,=0.0091,=0.0117,=0.0177,=0.0113,=0.0443,=0.0138,=151
="931168",绿色价值100,2019-06-27,=-0.0074,=1498.0400,=0.0072,=12.3660,=0.6880,=8.4906,=9.9910,=11.3608,=12.8102,=14.6050,=1.3478,=0.6713,=1.0223,=1.1895,=1.2841,=1.4030,=1.6052,=1.5599,=0.9171,=0.9649,=1.1316,=1.2536,=1.3681,=1.6482,=0.0304,=0.3051,=0.0243,=0.0292,=0.0315,=0.0356,=0.0439,=0.0274,=0.1011,=0.0242,=13
="000056",上证国企,2010-01-04,=0.0035,=1255.4900,=0.0065,=10.2310,=0.6598,=7.2538,=8.8792,=9.7353,=10.7955,=13.3187,=1.1467,=0.6107,=0.8518,=1.0314,=1.1194,=1.2120,=1.5455,=1.7983,=0.9992,=0.7909,=0.9986,=1.1175,=1.2450,=1.8201,=0.0358,=0.5237,=0.0242,=0.0312,=0.0352,=0.0430,=0.0568,=0.0264,=0.1060,=0.0271,=206
="000037",上证医药,2009-01-09,=-0.0328,=6375.9000,=0.0065,=32.6255,=0.3291,=21.0843,=31.3993,=34.4585,=41.6974,=61.3894,=3.5100,=0.2973,=2.7278,=3.3338,=3.8493,=4.6066,=7.3155,=2.4974,=0.6454,=1.5724,=2.0207,=2.3509,=2.8136,=4.1395,=0.0120,=0.8495,=0.0048,=0.0075,=0.0099,=0.0117,=0.0146,=0.0281,=0.1036,=0.0282,=2073
="000859",国企一带一路,2019-05-16,=-0.0036,=1833.3000,=0.0065,=10.4008,=0.1716,=9.4709,=10.5113,=12.4734,=14.4748,=21.0714,=1.0269,=0.0889,=0.9283,=1.1380,=1.4303,=1.7719,=2.1877,=1.1791,=0.9989,=0.4715,=0.5661,=0.7433,=0.8491,=1.1924,=0.0345,=0.6642,=0.0208,=0.0254,=0.0319,=0.0368,=0.0454,=0.0234,=0.0898,=0.0201,=274
="000814",细分医药,2012-04-11,=-0.0376,=8396.0300,=0.0059,=36.0788,=0.7443,=21.8871,=27.2039,=32.7462,=37.7401,=60.8250,=3.3096,=0.2441,=2.4219,=3.2072,=4.0896,=4.8855,=7.4081,=2.7915,=0.4462,=1.7858,=2.2898,=2.8921,=3.5130,=5.4819,=0.0149,=0.8590,=0.0055,=0.0075,=0.0097,=0.0139,=0.0215,=0.0283,=0.0890,=0.0304,=412
="931470",SHS云计算,2020-04-21,=-0.0430,=3706,=0.0047,=18.5150,=0.1271,=13.2694,=20.1779,=24.9841,=31.1565,=62.1875,=3.2076,=0.0698,=2.5281,=3.4248,=3.8652,=5.3382,=9.6099,=2.5054,=0,=2.5054,=3.8282,=4.4476,=6.3476,=10.5654,=0.0084,=0.8069,=0.0018,=0.0032,=0.0060,=0.0083,=0.0114,,=0.1294,,=56
="000819",有色金属,2012-05-09,=0.0034,=9385.8700,=0.0046,=19.4587,=0.2887,=12.4710,=17.7448,=27.7569,=53.1185,=193.6727,=3.6426,=0.9130,=1.7791,=2.1409,=2.6245,=3.2764,=4.9698,=1.4231,=0.9274,=0.6317,=0.8246,=0.9660,=1.2827,=1.9863,=0.0167,=0.7443,=0.0033,=0.0059,=0.0107,=0.0185,=0.0249,=0.0625,=0.1569,=0.0361,=2044
="399624",中创400,2011-08-15,=-0.0201,=2582.2800,=0.0044,=45.7897,=0.7551,=22.4097,=32.9060,=40.4838,=48.0499,=82.4491,=2.9245,=0.5414,=1.6720,=2.4135,=2.8469,=3.3952,=4.9674,=2.3487,=0.5765,=1.2865,=1.8978,=2.2294,=2.6797,=4.3124,=0.0100,=0.5979,=0.0036,=0.0073,=0.0096,=0.0111,=0.0184,=0.0199,=0.0651,=0.0174,=228
="000982",500等权,2011-06-13,=-0.0128,=9063.3100,=0.0041,=34.7795,=0.8660,=15.7028,=21.2829,=25.5686,=33.2821,=48.6069,=2.4261,=0.7992,=1.3824,=1.7163,=1.9213,=2.4306,=3.0099,=1.6824,=0.8252,=0.8118,=1.0305,=1.1724,=1.6050,=2.2566,=0.0131,=0.3348,=0.0064,=0.0119,=0.0143,=0.0184,=0.0237,=0.0210,=0.0620,=0.0169,=33
="399438",绿色电力,2014-12-30,=0.0089,=1999.0800,=0.0039,=19.5312,=0.5678,=13.5016,=16.8841,=19.1063,=22.0380,=41.2289,=1.8316,=0.5678,=1.2516,=1.5034,=1.8037,=1.9344,=2.3077,=2.1274,=0.8891,=1.1906,=1.4256,=1.8236,=2.0532,=3.6995,=0.0258,=0.4136,=0.0163,=0.0221,=0.0267,=0.0294,=0.0348,=0.0222,=0.0881,=0.0248,=218
="931591",1000成长创新,2020-11-09,=-0.0141,=32837.4000,=0.0032,=29.2564,=0.3246,=18.0900,=24.5324,=32.0830,=35.7381,=40.6167,=3.2940,=0.4306,=2.0923,=3.0097,=3.4070,=4.3529,=5.3788,=3.1519,=0.5132,=1.8413,=2.7484,=3.1153,=3.8298,=5.2879,=0.0127,=0.6655,=0.0063,=0.0087,=0.0110,=0.0139,=0.0216,=0.0271,=0.1062,=0.0239,=151
="930708",中证有色,2015-07-13,=0.0022,=3088.6000,=0.0014,=19.4097,=0.2614,=13.9228,=18.3787,=29.5053,=56.9613,=410.8504,=3.3853,=0.8903,=1.7134,=2.0956,=2.5624,=3.1670,=4.7639,=1.2220,=0.8367,=0.6123,=0.7796,=0.8961,=1.1924,=1.7984,=0.0161,=0.7616,=0.0032,=0.0057,=0.0100,=0.0168,=0.0233,=0.0592,=0.1479,=0.0346,=538
="H11057",石化产业,2009-07-22,=-0.0130,=1366.3800,=0.0003,=15.0791,=0.6300,=9.0713,=12.0009,=13.9843,=19.2030,=46.6548,=1.5766,=0.9458,=0.9085,=1.1929,=1.3437,=1.4473,=1.9948,=0.8323,=0.9253,=0.4002,=0.4807,=0.6133,=0.7556,=1.0264,=0.0311,=0.2514,=0.0099,=0.0304,=0.0364,=0.0407,=0.0471,=0.0331,=0.0946,=0.0281,=76
="000987",全指材料,2011-08-02,=-0.0069,=5009.3100,=-0.0003,=22.1414,=0.5691,=11.8534,=16.4330,=21.1218,=27.6176,=626.0818,=2.4919,=0.7901,=1.3547,=1.6741,=2.0387,=2.5017,=3.3213,=1.2369,=0.7159,=0.6546,=0.8399,=1.0190,=1.3351,=1.7398,=0.0166,=0.4557,=0.0046,=0.0121,=0.0172,=0.0209,=0.0269,=0.0340,=0.0892,=0.0206,=394
="000917",300公用,2007-07-02,=0.0079,=2459.4900,=-0.0006,=17.4157,=0.4012,=13.3250,=16.4562,=17.8577,=20.5953,=34.2477,=1.9142,=0.4186,=1.4019,=1.7135,=1.9744,=2.1718,=2.6347,=1.8490,=0.5662,=1.3139,=1.6332,=1.8147,=1.9940,=3.2322,=0.0312,=0.6746,=0.0191,=0.0239,=0.0299,=0.0325,=0.0390,=0.0223,=0.0974,=0.0266,=39
="000510",中证A500,2024-09-23,=-0.0153,=5637.9600,=-0.0009,=16.8147,=0.6207,=12.2476,=14.4956,=16.3927,=17.3925,=18.3286,=1.6763,=0.5948,=1.2883,=1.4962,=1.6518,=1.7172,=1.7791,=1.4690,=0.6659,=1.0081,=1.2200,=1.4126,=1.5098,=1.5740,=0.0242,=0.1789,=0.0227,=0.0244,=0.0262,=0.0322,=0.0380,=0.0241,=0.0887,=0.0240,=2564
="HSISC",恒指港股通指数,2024-03-01,=-0.0188,=3493.1800,=-0.0011,=11.6522,=0.6787,=7.5992,=8.6732,=10.6245,=11.9120,=12.8475,=1.2479,=0.7545,=0.8411,=0.9230,=1.1467,=1.2571,=1.3442,=1.5578,=0.6326,=0.9830,=1.1425,=1.4493,=1.6103,=1.7320,=0.0333,=0.0890,=0.0322,=0.0341,=0.0381,=0.0500,=0.0595,,=0.1037,,=52
="000906",中证800,2007-01-15,=-0.0135,=5102.1900,=-0.0014,=16.0932,=0.8351,=10.7808,=12.9023,=14.0908,=15.9969,=18.9686,=1.5885,=0.5666,=1.1816,=1.3959,=1.5516,=1.7176,=1.9628,=1.5636,=0.9192,=1.0117,=1.1472,=1.2950,=1.4893,=1.6796,=0.0242,=0.4441,=0.0180,=0.0211,=0.0248,=0.0289,=0.0389,=0.0241,=0.0890,=0.0237,=2706
="000904",中证200,2007-01-15,=-0.0166,=5637.3600,=-0.0022,=21.4317,=0.9118,=11.9474,=14.9318,=16.7919,=19.4563,=25.2311,=1.7614,=0.5167,=1.2748,=1.5010,=1.7441,=2.0647,=2.3407,=1.2761,=0.1790,=1.0540,=1.2887,=1.4178,=1.6929,=2.1135,=0.0227,=0.6235,=0.0136,=0.0162,=0.0206,=0.0259,=0.0372,=0.0231,=0.0739,=0.0238,=723
="000811",细分有色,2012-04-11,=0.0028,=11339.3400,=-0.0031,=19.0910,=0.2635,=13.5118,=17.9652,=29.3199,=56.1385,=305.9562,=3.4760,=0.9130,=1.7438,=2.0869,=2.5621,=3.1700,=4.8073,=1.3527,=0.9361,=0.6338,=0.7856,=0.9037,=1.1916,=1.9173,=0.0165,=0.7649,=0.0033,=0.0057,=0.0103,=0.0172,=0.0234,=0.0611,=0.1531,=0.0352,=202
="932366",300现金流,2024-11-12,=0.0008,=3331.2900,=-0.0031,=14.4235,=0.6582,=12.5879,=13.4414,=14.0541,=14.9116,=16.2670,=1.6986,=0.2356,=1.4920,=1.6854,=1.8205,=1.8935,=1.9885,=1.3200,=0.3788,=1.0861,=1.2258,=1.3895,=1.4393,=1.5124,=0.0363,=0.0716,=0.0324,=0.0380,=0.0400,=0.0411,=0.0453,=0.0285,=0.1163,=0.0355,=188
="000857",500医药,2013-11-06,=-0.0364,=10220.0500,=-0.0035,=33.2108,=0.6355,=16.5096,=22.8937,=29.9353,=37.2814,=66.9361,=2.9255,=0.5489,=1.9620,=2.4653,=2.8380,=3.4877,=5.0991,=2.7155,=0.7806,=1.3156,=1.7598,=2.1307,=2.7526,=4.5555,=0.0159,=0.7361,=0.0055,=0.0091,=0.0133,=0.0172,=0.0234,=0.0260,=0.0879,=0.0247,=737
="931039",银行AH,2017-12-06,=0.0085,=12737.4900,=-0.0036,=6.1144,=0.8844,=3.2016,=4.0977,=5.2557,=5.9074,=7.9938,=0.5787,=0.5497,=0.3790,=0.4590,=0.5650,=0.7105,=1.0569,=2.2959,=0.9088,=1.0856,=1.4355,=1.7568,=2.1631,=2.9053,=0.0470,=0.1061,=0.0324,=0.0491,=0.0544,=0.0737,=0.0997,,=0.0881,,=109
="931397",A股通50,2020-02-20,=-0.0103,=2257.9100,=-0.0037,=13.5313,=0.5766,=8.9450,=10.5959,=13.0030,=21.4084,=29.8209,=1.7351,=0.4899,=1.1048,=1.2796,=1.7533,=3.5587,=4.6955,=2.2675,=0.6753,=1.0496,=1.2900,=1.8924,=2.8428,=3.9597,=0.0279,=0.4994,=0.0113,=0.0157,=0.0279,=0.0366,=0.0493,=0.0296,=0.1069,=0.0278,=11
="399372",大盘成长,2010-01-04,=-0.0233,=5249.3300,=-0.0041,=21.0822,=0.5893,=14.2162,=17.3998,=20.4493,=25.3722,=45.9159,=4.0710,=0.6936,=1.9139,=2.5129,=3.0691,=5.3725,=9.5601,=2.2079,=0.3348,=1.2183,=1.8035,=2.5980,=3.4508,=6.6651,=0.0166,=0.4738,=0.0069,=0.0115,=0.0170,=0.0231,=0.0308,=0.0399,=0.1447,=0.0379,=319
="HSI",恒生指数,1989-03-09,=-0.0189,=25517.3300,=-0.0044,=11.8145,=0.7118,=6.9462,=9.2273,=10.3752,=12.2520,=16.9606,=1.2530,=0.7582,=0.7519,=0.9738,=1.1319,=1.2677,=1.5570,=1.5126,=0.5845,=0.8141,=1.1480,=1.4419,=1.6549,=2.0895,=0.0329,=0.1937,=0.0204,=0.0330,=0.0368,=0.0444,=0.0596,,=0.1032,,=13629
="1000015",港股全指,2000-01-01,=-0.0189,=25517.3300,=-0.0044,=13.2024,=0.7302,=7.5917,=10.2569,=11.4444,=13.6002,=19.1348,=1.1297,=0.6583,=0.6574,=0.8625,=1.0723,=1.1863,=1.5123,=1.2122,=0.6855,=0.6196,=0.8644,=1.1070,=1.2707,=1.5791,=0.0317,=0.3478,=0.0205,=0.0300,=0.0332,=0.0422,=0.0574,,,,=308
="000860",结构调整,2018-03-26,=-0.0107,=1218.6200,=-0.0046,=16.0824,=0.7723,=9.5233,=12.4789,=14.0045,=16.3061,=20.6443,=1.4731,=0.8541,=1.1018,=1.2891,=1.3727,=1.4569,=1.6430,=0.9203,=0.9726,=0.4658,=0.5891,=0.6791,=0.7960,=0.9608,=0.0315,=0.5000,=0.0220,=0.0262,=0.0315,=0.0369,=0.0499,=0.0222,=0.0831,=0.0231,=151
="000937",中证公用,2009-07-03,=0.0075,=2482.4800,=-0.0047,=17.0031,=0.2986,=13.4460,=16.6002,=18.6434,=21.1313,=46.5328,=1.6965,=0.3192,=1.3423,=1.6286,=1.7684,=1.9633,=2.2557,=1.6312,=0.5955,=1.2657,=1.4810,=1.5857,=1.7756,=3.2521,=0.0298,=0.8656,=0.0192,=0.0235,=0.0276,=0.0292,=0.0348,=0.0215,=0.0905,=0.0250,=341
="399311",国证1000,2005-02-03,=-0.0138,=4932.5100,=-0.0051,=16.8297,=0.7975,=11.0854,=13.3222,=14.6208,=16.8469,=19.8966,=1.6292,=0.5645,=1.1918,=1.4217,=1.5927,=1.7963,=2.0383,=1.5747,=0.8944,=1.0112,=1.1700,=1.3059,=1.5310,=1.7074,=0.0234,=0.4499,=0.0172,=0.0199,=0.0239,=0.0282,=0.0380,=0.0236,=0.0857,=0.0233,=144
="930050",中证A50,2024-01-02,=-0.0069,=1778.1400,=-0.0053,=16.7639,=0.2973,=13.9812,=16.0279,=17.3764,=18.1045,=19.9330,=2.1603,=0.6635,=1.7817,=1.9718,=2.0950,=2.2047,=2.3759,=1.6940,=0.9421,=1.0165,=1.1289,=1.3724,=1.5783,=1.7441,=0.0283,=0.1549,=0.0260,=0.0286,=0.0297,=0.0308,=0.0348,=0.0291,=0.1115,=0.0275,=1036
="000995",全指公用,2011-08-02,=0.0079,=2568.2200,=-0.0057,=17.4669,=0.2899,=14.4124,=16.7502,=18.9182,=23.9608,=55.0107,=1.7024,=0.4330,=1.2839,=1.5403,=1.7255,=1.8673,=2.1268,=1.7182,=0.7649,=1.2094,=1.4214,=1.5276,=1.7696,=2.4023,=0.0283,=0.8305,=0.0172,=0.0230,=0.0259,=0.0281,=0.0321,=0.0217,=0.0896,=0.0244,=329
="932305",智选高股息,2024-09-30,=0.0057,=11086.9400,=-0.0065,=9.4756,=0.8039,=7.0143,=7.5166,=8.3864,=9.4661,=10.9391,=1.0810,=0.7625,=0.8750,=0.9265,=1.0527,=1.0857,=1.1675,=0.5188,=0.0697,=0.4805,=0.7213,=0.7695,=1.2701,=1.3342,=0.0597,=0.2484,=0.0457,=0.0595,=0.0634,=0.0684,=0.0723,=0.0253,=0.1000,=0.0324,=362
="931524",SHS科技龙头,2020-07-16,=-0.0423,=2668.8100,=-0.0070,=25.3930,=0.3752,=18.9033,=23.5207,=26.7998,=34.7765,=59.9125,=3.6309,=0.4485,=2.7731,=3.3000,=3.6898,=5.1251,=9.0190,=2.4179,=0.3597,=1.6886,=2.2617,=2.5703,=4.2037,=7.2475,=0.0086,=0.5100,=0.0027,=0.0048,=0.0085,=0.0100,=0.0124,,=0.1133,,=230
="930839",港股通高息精选,2016-06-08,=0.0042,=3421.5400,=-0.0078,=10.1677,=0.5733,=4.9918,=7.1350,=9.3511,=13.1002,=31.7979,=1.3805,=0.7507,=0.7294,=0.9293,=1.0783,=1.5790,=4.8768,=1.1879,=0.4710,=0.3418,=0.5599,=1.2272,=1.8481,=6.3245,=0.0511,=0.5278,=0.0089,=0.0375,=0.0496,=0.0677,=0.1118,,=0.1433,,=390
="931268",持续发展,2019-11-15,=-0.0113,=2194.9200,=-0.0081,=15.2910,=0.3238,=14.1354,=15.0880,=15.7309,=16.2538,=17.1877,=2.1118,=0.4730,=1.7338,=1.8363,=2.1373,=2.2414,=2.3440,=1.9262,=0.8476,=1.5998,=1.7268,=1.7978,=1.8403,=2.0502,=0.0282,=0.1429,=0.0268,=0.0287,=0.0305,=0.0316,=0.0326,=0.0313,=0.1256,=0.0323,=24
="931848",800红利低波,2024-05-21,=0.0099,=3136.9900,=-0.0090,=9.1190,=0.5582,=7.4155,=8.2749,=9.0438,=9.4557,=9.7854,=0.8910,=0.3236,=0.7315,=0.8577,=0.9162,=0.9679,=1.0024,=1.6754,=0.9909,=1.1714,=1.2402,=1.3542,=1.3958,=1.7233,=0.0408,=0.1182,=0.0399,=0.0412,=0.0435,=0.0517,=0.0594,=0.0237,=0.0929,=0.0230,=159
="932255",A500红利增长,2025-04-09,=0.0091,=3008.8600,=-0.0094,=10.8012,=0.4269,=9.2509,=10.4211,=10.9030,=11.7197,=12.2754,=1.2590,=0.3701,=1.0684,=1.2213,=1.2829,=1.3606,=1.4369,=1.7342,=0.4090,=1.3292,=1.6749,=1.7507,=1.9549,=2.0549,=0.0336,=0.1134,=0.0327,=0.0340,=0.0354,=0.0373,=0.0393,=0.0280,=0.1066,,=43
="931829",中证回购,2023-10-17,=-0.0148,=2288.7800,=-0.0096,=21.8945,=0.1962,=16.8171,=21.9426,=25.1846,=34.0432,=40.4937,=2.1677,=0.8947,=1.3801,=1.5745,=1.7481,=2.0252,=2.3571,=0.8501,=0.1270,=0.7604,=0.9268,=1.0087,=1.1460,=1.4917,=0.0282,=0.9913,=0.0146,=0.0164,=0.0208,=0.0245,=0.0286,=0.0242,=0.0495,=0.0133,=40
="000903",中证A100,2006-05-29,=-0.0149,=4442.4700,=-0.0098,=17.3407,=0.9390,=9.4390,=11.2541,=12.6317,=14.6152,=18.7565,=1.8967,=0.9616,=1.1800,=1.3859,=1.5262,=1.6838,=1.9716,=1.6310,=0.9802,=0.9660,=1.1007,=1.2212,=1.3837,=1.7127,=0.0263,=0.1880,=0.0221,=0.0264,=0.0291,=0.0329,=0.0397,=0.0253,=0.0942,=0.0251,=3094
="399989",中证医疗,2014-10-31,=-0.0291,=6692.5900,=-0.0100,=30.6970,=0.2594,=22.9032,=29.6672,=37.8304,=59.7393,=114.3753,=3.4888,=0.1340,=2.8553,=3.6756,=5.4416,=8.1687,=13.4814,=5.5920,=0.1984,=4.3528,=5.5977,=6.5261,=9.4594,=17.4163,=0.0128,=0.6845,=0.0025,=0.0042,=0.0058,=0.0145,=0.0225,=0.0284,=0.1137,=0.0290,=8588
="930723",沪港深F100,2015-08-05,=0.0047,=5039.8700,=-0.0102,=9.9279,=0.7004,=5.4557,=7.5706,=9.0709,=10.1730,=13.1279,=1.0343,=0.5904,=0.6469,=0.8476,=1.0077,=1.1160,=1.4626,=1.3079,=0.8271,=0.6039,=0.8632,=1.0802,=1.2935,=1.6654,=0.0368,=0.3026,=0.0281,=0.0354,=0.0393,=0.0500,=0.0650,,=0.0918,,=151
="399008",中小300,2010-03-22,=-0.0174,=1637.7400,=-0.0103,=30.2513,=0.4882,=17.8364,=25.4661,=30.3788,=34.9994,=44.1418,=2.7441,=0.3097,=1.7846,=2.4620,=2.9667,=3.7714,=4.4999,=1.8569,=0.3212,=1.1664,=1.6529,=2.0441,=2.7783,=3.6888,=0.0130,=0.6829,=0.0063,=0.0086,=0.0115,=0.0151,=0.0216,=0.0232,=0.0868,=0.0228,=508
="HSAHP",恒生沪深港通AH股溢价指数,2007-07-09,=0.0101,=122.1800,=-0.0104,=10.9696,=0.9166,=5.5550,=7.1430,=8.3699,=9.7907,=12.3156,=1.1008,=0.8410,=0.6208,=0.7734,=0.9225,=1.0845,=1.3863,=1.2626,=0.9237,=0.5653,=0.7668,=0.9030,=1.0908,=1.3750,=0.0324,=0.0771,=0.0268,=0.0346,=0.0398,=0.0520,=0.0665,,=0.0958,,=349
="931130",红利成长低波,2018-12-04,=0.0124,=23462.0500,=-0.0107,=8.0231,=0.5577,=4.4465,=5.5933,=7.7942,=8.7028,=11.5512,=0.8076,=0.3472,=0.5279,=0.6262,=0.8960,=1.0259,=1.5803,=2.7374,=0.9973,=0.3109,=0.8159,=1.3268,=1.9603,=2.8088,=0.0386,=0.3082,=0.0246,=0.0323,=0.0423,=0.0532,=0.0639,=0.0231,=0.0934,=0.0229,=154
="000842",800等权,2012-12-21,=-0.0109,=6986.3200,=-0.0113,=16.0932,=0.8351,=10.7808,=12.9023,=14.0908,=15.9969,=18.9686,=1.5885,=0.5666,=1.1816,=1.3959,=1.5516,=1.7176,=1.9628,=1.5636,=0.9192,=1.0117,=1.1472,=1.2950,=1.4893,=1.6796,=0.0242,=0.4441,=0.0180,=0.0211,=0.0248,=0.0289,=0.0389,=0.0241,=0.0890,=0.0237,=162
="930992",沪港深红利低波,2017-06-28,=0.0023,=5495.6900,=-0.0129,=8.0891,=0.9043,=4.0130,=5.2183,=5.9663,=7.8503,=8.5109,=0.7649,=0.9421,=0.4277,=0.5392,=0.5948,=0.7357,=0.7950,=1.2006,=0.8341,=0.4496,=0.6023,=0.8924,=1.1869,=1.3912,=0.0482,=0.0026,=0.0476,=0.0537,=0.0713,=0.0766,=0.0949,,=0.0878,,=55
="000913",300医药,2007-07-02,=-0.0272,=8102.4300,=-0.0131,=31.1938,=0.3386,=22.1588,=28.7651,=33.3189,=39.5137,=73.4129,=3.3344,=0.0854,=2.7345,=3.5633,=4.7674,=6.0065,=9.5028,=2.7815,=0.1216,=2.2757,=2.8907,=3.3246,=5.2961,=7.4989,=0.0165,=0.8742,=0.0040,=0.0072,=0.0090,=0.0154,=0.0221,=0.0300,=0.0967,=0.0342,=3413
="000861",央企创新,2019-05-16,=-0.0052,=2532.3600,=-0.0132,=15.7965,=0.8545,=10.3360,=12.0574,=13.4547,=15.2807,=18.8086,=1.4256,=0.8935,=1.0351,=1.1889,=1.3001,=1.3899,=1.5975,=0.8241,=0.9366,=0.4544,=0.5199,=0.5852,=0.7386,=0.8999,=0.0308,=0.4247,=0.0234,=0.0271,=0.0332,=0.0375,=0.0493,=0.0222,=0.0826,=0.0232,=270
="1000003",深圳A股,1994-01-01,=-0.0167,=2497.1800,=-0.0133,=42.7146,=0.7274,=20.1337,=32.6807,=37.4310,=46.5713,=60.3260,=2.7511,=0.5419,=1.7026,=2.2996,=2.6829,=3.2049,=3.7901,=1.9801,=0.5419,=1.2021,=1.6469,=1.9175,=2.3633,=3.1788,=0.0127,=0.6755,=0.0070,=0.0092,=0.0117,=0.0136,=0.0208,=0.0203,=0.0553,=0.0180,=1836
="930743",中证生科,2015-08-26,=-0.0418,=3248.8500,=-0.0134,=56.8301,=0.7365,=24.0733,=39.5208,=50.0745,=59.8614,=100.3520,=3.9039,=0.2202,=2.9526,=3.8413,=6.1157,=8.0612,=14.6705,=6.7857,=0.3184,=4.7455,=6.2659,=8.4387,=12.3903,=18.8359,=0.0090,=0.6668,=0.0025,=0.0045,=0.0061,=0.0106,=0.0169,=0.0226,=0.0618,=0.0204,=1229
="000929",中证材料,2009-07-03,=-0.0064,=4402.9900,=-0.0135,=20.7229,=0.5794,=9.9126,=14.1083,=19.5201,=24.6543,=529.0539,=2.4591,=0.8887,=1.3680,=1.6188,=1.9046,=2.3162,=3.1607,=1.2170,=0.8219,=0.6315,=0.7658,=0.8823,=1.1991,=1.5845,=0.0179,=0.4379,=0.0058,=0.0135,=0.0200,=0.0239,=0.0294,=0.0399,=0.1037,=0.0230,=527
="000852",中证1000,2014-10-17,=-0.0145,=7491.4900,=-0.0137,=43.2895,=0.7064,=18.9344,=30.9274,=37.8109,=47.6802,=78.9405,=2.3979,=0.4668,=1.4880,=2.1060,=2.4312,=2.8932,=4.0689,=1.6877,=0.6016,=0.9250,=1.3827,=1.5862,=1.9124,=3.4406,=0.0111,=0.5876,=0.0038,=0.0082,=0.0106,=0.0125,=0.0194,=0.0158,=0.0499,=0.0155,=7516
="000044",上证中盘,2009-07-03,=-0.0056,=4498.5000,=-0.0142,=12.8743,=0.5460,=8.6509,=10.4793,=12.5300,=14.6389,=18.7575,=1.2109,=0.3852,=0.9210,=1.0900,=1.2685,=1.6503,=1.9734,=1.2206,=0.4375,=0.9382,=1.1499,=1.2423,=1.4238,=1.7773,=0.0295,=0.6416,=0.0180,=0.0223,=0.0270,=0.0338,=0.0421,=0.0229,=0.0859,=0.0223,=100
="000300",沪深300,2005-04-08,=-0.0121,=4563.1300,=-0.0144,=14.0513,=0.7584,=10.0799,=11.6919,=12.7146,=14.1765,=17.6279,=1.4528,=0.4577,=1.1457,=1.3350,=1.4678,=1.6202,=1.9228,=1.5344,=0.8759,=1.0330,=1.1718,=1.3145,=1.4684,=1.7482,=0.0272,=0.4837,=0.0199,=0.0236,=0.0274,=0.0317,=0.0422,=0.0246,=0.0934,=0.0249,=49383
="931373",股息龙头,2019-11-15,=0.0069,=2743.2600,=-0.0147,=10.0559,=0.8484,=5.4295,=6.9025,=8.4279,=9.6538,=11.4004,=1.2008,=0.9476,=0.6697,=0.8565,=1.0181,=1.1341,=1.2586,=1.8640,=0.9933,=0.5706,=0.8176,=0.9963,=1.4124,=1.9212,=0.0386,=0.1145,=0.0347,=0.0397,=0.0463,=0.0543,=0.0682,=0.0258,=0.1004,=0.0264,=329
="399310",国证A50,2005-09-05,=-0.0109,=7886.3400,=-0.0163,=16.3194,=0.7852,=8.8433,=10.6010,=13.6242,=16.6592,=22.6576,=1.9835,=0.7282,=1.1237,=1.3155,=1.6807,=2.0439,=2.9417,=1.4641,=0.7381,=0.9633,=1.1381,=1.2486,=1.5146,=2.2769,=0.0245,=0.2429,=0.0160,=0.0240,=0.0294,=0.0317,=0.0370,=0.0272,=0.1076,=0.0263,=292
="1000002",A股全指,1994-01-01,=-0.0142,=5818.5117,=-0.0170,=21.7974,=0.8289,=12.9500,=16.6929,=18.4845,=21.5602,=25.0020,=1.7990,=0.5608,=1.2633,=1.5740,=1.7419,=2.0055,=2.1910,=1.6530,=0.7810,=1.0499,=1.2419,=1.3988,=1.6699,=1.9034,=0.0196,=0.4346,=0.0142,=0.0166,=0.0205,=0.0235,=0.0329,=0.0215,=0.0745,=0.0211,=7969
="000985",中证全指,2011-08-02,=-0.0142,=5818.5100,=-0.0170,=20.8522,=0.8355,=12.6044,=15.9637,=17.6530,=20.4663,=23.7678,=1.7603,=0.5489,=1.2581,=1.5484,=1.7142,=1.9472,=2.1557,=1.6188,=0.7641,=1.0381,=1.2268,=1.3874,=1.6429,=1.8438,=0.0202,=0.4487,=0.0148,=0.0174,=0.0207,=0.0240,=0.0333,=0.0216,=0.0749,=0.0212,=741
="932037",央企现代能源,2022-11-16,=0.0043,=1434.0500,=-0.0172,=15.7385,=0.9103,=10.8583,=12.0342,=12.9190,=14.4230,=18.2611,=1.5840,=0.8228,=1.1507,=1.3432,=1.4242,=1.5733,=1.8914,=0.9432,=0.9026,=0.4850,=0.6222,=0.7563,=0.8497,=1.0835,=0.0326,=0.0853,=0.0297,=0.0356,=0.0404,=0.0430,=0.0461,=0.0273,=0.0952,=0.0272,=39
="930903",中证A股,2016-10-18,=-0.0142,=4010.2500,=-0.0175,=20.8014,=0.8223,=12.9620,=16.2679,=17.8196,=20.6555,=23.9680,=1.7629,=0.5605,=1.2607,=1.5549,=1.7143,=1.9440,=2.2108,=1.6224,=0.7771,=1.0406,=1.2332,=1.3820,=1.6407,=1.9264,=0.0201,=0.4531,=0.0139,=0.0174,=0.0206,=0.0237,=0.0332,=0.0216,=0.0748,=0.0212,=20
="931140",医药50,2019-03-20,=-0.0284,=10089.5400,=-0.0186,=26.4175,=0.3111,=20.8651,=25.5351,=28.6015,=42.5005,=67.0844,=3.9697,=0.1143,=3.0998,=4.2163,=4.9492,=7.3883,=10.9696,=4.7104,=0.2634,=3.4950,=4.6162,=5.1257,=7.0838,=12.1248,=0.0163,=0.7371,=0.0046,=0.0077,=0.0108,=0.0173,=0.0237,=0.0393,=0.1515,=0.0402,=1219
="399348",深证价值,2009-11-04,=-0.0089,=6397.7200,=-0.0191,=16.8509,=0.7278,=9.9756,=12.8084,=14.9077,=17.4446,=21.4453,=1.7194,=0.4994,=1.2527,=1.4911,=1.7200,=2.0715,=2.9268,=1.2774,=0.6268,=0.8306,=1.0363,=1.1851,=1.4826,=2.1193,=0.0289,=0.6862,=0.0153,=0.0218,=0.0267,=0.0308,=0.0407,=0.0245,=0.0871,=0.0201,=293
="931167",先进制造100,2019-04-25,=-0.0031,=7588.3300,=-0.0198,=16.5078,=0.7627,=10.3762,=13.0341,=14.2950,=16.9414,=20.9116,=2.7769,=0.8442,=1.6383,=2.0294,=2.2653,=2.6208,=3.3727,=1.9220,=0.9089,=0.9031,=1.2368,=1.4449,=1.6727,=2.1795,=0.0310,=0.8948,=0.0136,=0.0208,=0.0256,=0.0294,=0.0362,=0.0404,=0.1483,=0.0310,=344
="H50040",上红低波,2014-03-21,=0.0113,=10803.2800,=-0.0203,=8.4681,=0.7827,=4.6938,=5.9512,=7.1303,=9.6645,=14.3118,=0.8602,=0.5971,=0.5647,=0.6911,=0.8311,=1.3609,=1.8756,=1.6546,=0.9922,=0.6380,=0.8684,=1.2015,=1.4113,=1.6905,=0.0411,=0.2421,=0.0230,=0.0391,=0.0465,=0.0588,=0.0718,=0.0234,=0.0936,=0.0244,=375
="931802",中证龙头,2010-02-09,=-0.0131,=1804.1100,=-0.0217,=13.3820,=0.6854,=9.1945,=11.4192,=12.4364,=14.0025,=18.2393,=2.0341,=0.9336,=1.2921,=1.4764,=1.6739,=1.9013,=2.6625,=2.7340,=0.9802,=0.9048,=1.0858,=1.3725,=2.0156,=2.8954,=0.0283,=0.4272,=0.0165,=0.0261,=0.0292,=0.0352,=0.0446,=0.0324,=0.1325,=0.0308,=98
="1000004",上海A股,1994-01-01,=-0.0059,=3882.0100,=-0.0219,=16.9718,=0.9047,=10.8441,=12.9364,=14.2924,=16.2256,=18.4959,=1.4972,=0.5658,=1.1181,=1.3162,=1.4437,=1.5941,=1.8457,=1.5047,=0.9340,=0.9734,=1.0889,=1.2356,=1.4076,=1.6065,=0.0237,=0.3814,=0.0184,=0.0214,=0.0254,=0.0296,=0.0389,=0.0219,=0.0804,=0.0221,=4924
="000001",上证指数,1991-07-15,=-0.0059,=3882.0100,=-0.0219,=16.3022,=0.8565,=10.8403,=12.7209,=13.8332,=15.9783,=17.9144,=1.4614,=0.5353,=1.1148,=1.3021,=1.4401,=1.5637,=1.8463,=1.4652,=0.8990,=0.9369,=1.0774,=1.2153,=1.4116,=1.5771,=0.0244,=0.4194,=0.0185,=0.0223,=0.0252,=0.0297,=0.0391,=0.0219,=0.0804,=0.0221,=1547
="399303",国证2000,2014-03-28,=-0.0151,=9738.0300,=-0.0219,=49.5906,=0.7456,=23.3937,=36.3012,=42.0166,=52.5076,=91.3621,=2.4445,=0.6305,=1.4941,=2.0787,=2.2964,=2.6959,=4.0650,=1.8585,=0.7221,=1.0643,=1.3926,=1.5530,=2.0838,=3.4322,=0.0104,=0.5047,=0.0040,=0.0087,=0.0104,=0.0118,=0.0187,=0.0140,=0.0453,=0.0143,=727
="000808",医药生物,2012-02-17,=-0.0322,=8099.7600,=-0.0226,=34.3165,=0.4825,=23.4705,=28.3997,=34.5699,=37.8852,=66.3352,=3.1056,=0.1089,=2.6521,=3.2437,=4.1384,=4.9177,=7.9299,=2.8890,=0.3633,=2.0659,=2.6650,=3.0946,=3.5475,=6.2098,=0.0150,=0.8449,=0.0050,=0.0071,=0.0096,=0.0146,=0.0209,=0.0273,=0.0877,=0.0275,=1425
="931395",沪港深300,2020-01-14,=-0.0144,=1684.8200,=-0.0228,=11.9124,=0.6415,=8.3275,=10.0360,=10.9053,=12.5340,=16.6490,=1.2748,=0.5925,=0.9663,=1.1054,=1.2255,=1.3683,=1.7241,=1.5561,=0.7558,=0.9881,=1.1747,=1.3337,=1.5879,=1.8801,=0.0306,=0.2932,=0.0218,=0.0273,=0.0331,=0.0392,=0.0499,,=0.0964,,=509
="H30269",红利低波,2013-12-19,=0.0108,=10975.8000,=-0.0235,=8.4886,=0.7827,=4.5638,=5.5488,=6.9328,=9.4786,=14.4342,=0.8718,=0.6371,=0.5386,=0.6570,=0.7994,=1.3872,=1.9670,=1.6455,=0.9942,=0.6111,=0.8850,=1.0973,=1.4166,=1.6809,=0.0418,=0.2276,=0.0246,=0.0406,=0.0503,=0.0605,=0.0732,=0.0236,=0.0946,=0.0236,=4783
="1000012",中小板全指,2005-12-01,=-0.0145,=14185.7400,=-0.0247,=37.2611,=0.3287,=22.6352,=35.3655,=41.0404,=47.5490,=73.8161,=2.6506,=0.3761,=1.7125,=2.3729,=2.7977,=3.4244,=4.5009,=1.7668,=0.2854,=1.1448,=1.6386,=1.9671,=2.5224,=3.8481,=0.0121,=0.6767,=0.0054,=0.0082,=0.0108,=0.0134,=0.0200,=0.0209,=0.0671,=0.0194,=568
="399101",中小综指,2005-12-01,=-0.0145,=14185.7400,=-0.0247,=37.1169,=0.3798,=22.7937,=34.4929,=40.4379,=45.9753,=65.2068,=2.6397,=0.3765,=1.7151,=2.3689,=2.7852,=3.3973,=4.4988,=1.7919,=0.2924,=1.1654,=1.6542,=1.9937,=2.5395,=3.8809,=0.0121,=0.6887,=0.0054,=0.0083,=0.0108,=0.0134,=0.0200,=0.0208,=0.0674,=0.0195,=26
="000991",全指医药,2011-08-02,=-0.0324,=8500.7500,=-0.0249,=32.3907,=0.3843,=23.5983,=29.4135,=33.9599,=39.4855,=73.5923,=2.9991,=0.0792,=2.5957,=3.1725,=3.7499,=4.5668,=6.5650,=2.8166,=0.3518,=2.0200,=2.6563,=2.9951,=3.6948,=5.9103,=0.0160,=0.8994,=0.0055,=0.0073,=0.0097,=0.0148,=0.0212,=0.0278,=0.0907,=0.0276,=7985
="399377",小盘价值,2010-01-04,=-0.0036,=7501.4700,=-0.0254,=16.8247,=0.6632,=9.8385,=13.2773,=15.1881,=19.3384,=34.2299,=1.3122,=0.6595,=0.8997,=1.0824,=1.2374,=1.5265,=2.1990,=0.7404,=0.5453,=0.4594,=0.5454,=0.7121,=1.1402,=1.8295,=0.0290,=0.6892,=0.0113,=0.0198,=0.0259,=0.0310,=0.0386,=0.0183,=0.0578,=0.0162,=625
="HSHYLV",恒生港股通高股息低波动指数,2017-05-08,=-0.0067,=4351.9700,=-0.0260,=7.7939,=0.8695,=3.5572,=4.6606,=6.0160,=7.3112,=9.5068,=0.7007,=0.6898,=0.3828,=0.4862,=0.5877,=0.8099,=1.1073,=0.9356,=0.5833,=0.4386,=0.6593,=0.8517,=1.4065,=2.0623,=0.0512,=0.1449,=0.0385,=0.0530,=0.0640,=0.0817,=0.1103,,=0.0873,,=1560
="399986",中证银行,2013-07-15,=0.0133,=7403.8600,=-0.0262,=7.1652,=0.8722,=4.1183,=5.2599,=6.3165,=6.8749,=9.0846,=0.6883,=0.4511,=0.4848,=0.5836,=0.7119,=0.8901,=1.2416,=2.6906,=0.9159,=1.4134,=1.7842,=2.1812,=2.5352,=3.3016,=0.0405,=0.1658,=0.0285,=0.0411,=0.0458,=0.0572,=0.0756,=0.0226,=0.0881,=0.0236,=9672
="399394",国证医药,2012-10-29,=-0.0314,=8251.4400,=-0.0277,=34.6030,=0.5344,=22.8656,=29.2541,=34.0457,=38.7830,=65.8576,=3.2526,=0.1188,=2.7032,=3.3914,=4.4502,=5.3531,=8.6075,=2.9166,=0.3447,=1.9890,=2.7092,=3.1224,=4.5897,=6.5385,=0.0151,=0.8536,=0.0047,=0.0073,=0.0093,=0.0144,=0.0225,=0.0285,=0.0916,=0.0308,=1068
="930629",CSSW健康,2015-05-08,=-0.0316,=5566.5400,=-0.0279,=12.9400,=0.0111,=12.1031,=17.4226,=21.4772,=38.5299,=49.9253,=1.9740,=0.0887,=1.7351,=2.1467,=3.0291,=4.5796,=6.2998,=1.6124,=0.2784,=1.2755,=1.5525,=1.8765,=4.7309,=7.2978,=0.0230,=0.9266,=0.0055,=0.0077,=0.0159,=0.0212,=0.0272,=0.0270,=0.1388,=0.0324,=280
="930740",300红利LV,2018-12-04,=0.0103,=6969.0900,=-0.0279,=9.0369,=0.8734,=5.4153,=6.8374,=7.5541,=8.7614,=9.6903,=0.8752,=0.5556,=0.6159,=0.7740,=0.8572,=0.9448,=1.0604,=1.5756,=0.8627,=0.6725,=0.8585,=1.0824,=1.5175,=1.9253,=0.0424,=0.2292,=0.0370,=0.0419,=0.0452,=0.0510,=0.0622,=0.0239,=0.0932,=0.0223,=642
="000933",中证医药,2009-07-03,=-0.0303,=7863.5900,=-0.0281,=32.1333,=0.4899,=22.6651,=27.9022,=32.2675,=36.4482,=63.0472,=3.1242,=0.1781,=2.5059,=3.1752,=3.9675,=4.6056,=7.0232,=2.7493,=0.3476,=1.9281,=2.5100,=2.9958,=3.5115,=5.1631,=0.0162,=0.8656,=0.0055,=0.0078,=0.0098,=0.0154,=0.0226,=0.0282,=0.0926,=0.0299,=7207
="HSLI",恒生综合大型股指数,2001-10-03,=-0.0222,=2339.8800,=-0.0282,=10.9073,=0.5843,=6.9327,=9.1517,=10.5846,=11.7587,=17.6478,=1.1099,=0.4766,=0.7133,=0.9439,=1.1167,=1.2416,=1.6032,=1.5157,=0.6302,=0.8297,=1.1852,=1.4395,=1.6322,=2.0023,=0.0343,=0.3791,=0.0207,=0.0314,=0.0355,=0.0440,=0.0582,,,,=102
="399314",巨潮大盘,2005-02-03,=-0.0108,=4970.5600,=-0.0289,=13.1314,=0.7118,=9.6620,=11.1381,=12.0835,=13.4972,=17.5384,=1.4066,=0.4664,=1.0976,=1.2830,=1.4155,=1.5848,=1.9279,=1.5367,=0.8680,=0.9932,=1.1678,=1.3135,=1.4748,=1.8124,=0.0283,=0.4693,=0.0201,=0.0248,=0.0286,=0.0328,=0.0435,=0.0244,=0.0938,=0.0251,=17
="931166",医药健康100,2019-04-25,=-0.0330,=3915.3200,=-0.0293,=25.9929,=0.5000,=17.5935,=22.4279,=25.9929,=35.7562,=58.5515,=3.5535,=0.3031,=2.7671,=3.3753,=4.1683,=5.8423,=8.5226,=4.6470,=0.8408,=2.1887,=3.0605,=3.7965,=4.5089,=6.8190,=0.0158,=0.6845,=0.0059,=0.0080,=0.0121,=0.0179,=0.0263,=0.0346,=0.1325,=0.0321,=402
="000028",180成长,2009-01-09,=-0.0160,=3795.8200,=-0.0300,=14.0292,=0.4367,=9.5268,=12.3188,=14.6720,=18.2344,=25.1474,=2.0718,=0.3072,=1.5063,=1.8657,=2.6890,=3.1694,=5.1089,=2.5615,=0.9802,=1.1581,=1.4638,=1.6353,=1.8917,=2.7082,=0.0238,=0.6334,=0.0090,=0.0178,=0.0225,=0.0253,=0.0375,=0.0333,=0.1358,=0.0227,=195
="399701",深证F60,2010-05-10,=-0.0032,=7701.1100,=-0.0302,=22.2288,=0.7946,=12.1841,=17.0099,=19.9407,=22.2628,=29.1141,=2.0709,=0.3047,=1.6712,=2.0189,=2.1793,=2.5392,=3.7270,=1.3601,=0.4953,=1.0125,=1.2363,=1.3623,=1.5636,=2.4139,=0.0256,=0.8647,=0.0118,=0.0177,=0.0206,=0.0249,=0.0310,=0.0232,=0.0664,=0.0243,=1679
="000971",等权90,2010-12-02,=-0.0100,=3254.4300,=-0.0312,=13.4653,=0.7407,=8.9747,=10.9596,=11.9532,=13.7750,=19.4330,=1.5529,=0.6591,=1.1544,=1.3322,=1.4623,=1.6219,=2.2329,=1.8027,=0.9757,=1.0052,=1.1518,=1.2707,=1.5547,=1.9075,=0.0272,=0.3207,=0.0181,=0.0255,=0.0290,=0.0330,=0.0448,=0.0259,=0.1045,=0.0271,=10
="399550",央视50,2012-06-06,=-0.0003,=7839.1600,=-0.0312,=9.9810,=0.7245,=6.8960,=8.3114,=9.3588,=10.1648,=13.0561,=1.0191,=0.2392,=0.8649,=1.0116,=1.2282,=1.4261,=1.8564,=2.0874,=0.8313,=1.3448,=1.6641,=1.8345,=2.0661,=2.5217,=0.0392,=0.5695,=0.0268,=0.0326,=0.0377,=0.0446,=0.0593,=0.0237,=0.0945,=0.0248,=2278
="932422",A500红利低波,2025-04-09,=0.0079,=3000.6100,=-0.0330,=9.9712,=0.4060,=9.0426,=9.7757,=10.0250,=10.2222,=10.5846,=0.9707,=0.1284,=0.8811,=1.0009,=1.0375,=1.0551,=1.0978,=1.3710,=0.4836,=1.2431,=1.2970,=1.3953,=1.4663,=1.5336,=0.0421,=0.5612,=0.0388,=0.0403,=0.0416,=0.0432,=0.0466,=0.0241,=0.0948,,=387
="399702",深证F120,2010-05-10,=-0.0061,=7324.3800,=-0.0332,=24.8176,=0.9390,=12.6034,=17.7484,=20.7848,=22.6550,=28.8861,=2.2450,=0.5464,=1.5963,=1.9896,=2.2160,=2.6272,=3.5867,=1.4263,=0.6247,=0.8721,=1.1406,=1.3246,=1.5883,=2.2308,=0.0215,=0.7076,=0.0114,=0.0165,=0.0194,=0.0232,=0.0299,=0.0250,=0.0726,=0.0233,=1429
="HSLMI",恒生综合大中型股指数,2015-06-08,=-0.0211,=3986.4000,=-0.0335,=11.5628,=0.6599,=7.0073,=9.3073,=10.6710,=12.3479,=17.7261,=1.1329,=0.5827,=0.6929,=0.9060,=1.1005,=1.2279,=1.5417,=1.3432,=0.7542,=0.6858,=0.9753,=1.1827,=1.3720,=1.6465,=0.0334,=0.4019,=0.0214,=0.0309,=0.0346,=0.0437,=0.0602,,,,=88
="931446",东证红利低波,2020-04-21,=0.0117,=3326.3200,=-0.0338,=8.4680,=0.7843,=5.1478,=6.1911,=7.2025,=8.5307,=11.0216,=0.8272,=0.7297,=0.5884,=0.6981,=0.7675,=0.8691,=1.2481,=1.5138,=0.9394,=0.5909,=0.7577,=0.8970,=1.3405,=1.5979,=0.0413,=0.1738,=0.0325,=0.0416,=0.0484,=0.0563,=0.0651,=0.0224,=0.0895,=0.0240,=902
="H30455",沪港深500,2014-11-28,=-0.0158,=2565.8500,=-0.0344,=12.7631,=0.7215,=8.5690,=10.3715,=11.5537,=13.2242,=16.8903,=1.3364,=0.5994,=0.9675,=1.1610,=1.2955,=1.4056,=1.7307,=1.5490,=0.8392,=0.9518,=1.1783,=1.3300,=1.5198,=1.7787,=0.0295,=0.3801,=0.0214,=0.0275,=0.0306,=0.0375,=0.0485,,=0.0953,,=525
="931082",A500现金流,2025-07-16,=0.0007,=4378,=-0.0344,=14.6360,=0.6320,=11.3087,=12.3586,=14.0641,=14.9563,=16.5522,=1.6752,=0.2082,=1.4812,=1.6685,=1.8364,=1.9486,=2.0613,=1.3536,=0.3123,=1.2039,=1.3153,=1.3996,=1.5533,=1.6378,=0.0335,=0.0892,=0.0310,=0.0346,=0.0374,=0.0427,=0.0482,=0.0315,=0.1166,,=132
="399371",国证价值,2010-01-04,=0.0045,=6954.5400,=-0.0345,=9.9356,=0.7233,=6.4728,=7.8356,=9.0963,=10.3273,=13.0475,=0.9917,=0.4693,=0.7249,=0.8967,=1.0031,=1.2201,=1.5675,=1.1205,=0.8289,=0.5764,=0.7536,=0.8692,=1.0946,=1.3812,=0.0380,=0.3794,=0.0249,=0.0340,=0.0395,=0.0477,=0.0565,=0.0233,=0.0892,=0.0237,=152
="HSCAIT",恒生A股行业龙头指数,2009-09-21,=0.0027,=5559.7700,=-0.0351,=12.3904,=0.8876,=8.2192,=9.8003,=10.5445,=11.8763,=14.1027,=1.3293,=0.7195,=1.0288,=1.1884,=1.2676,=1.3563,=1.6997,=1.3378,=0.9271,=0.8424,=0.9741,=1.0587,=1.2219,=1.4109,=0.0338,=0.4127,=0.0260,=0.0318,=0.0347,=0.0405,=0.0503,=0.0256,=0.1023,=0.0256,=494
="000813",细分化工,2012-04-11,=-0.0169,=3677.4900,=-0.0355,=20.1566,=0.4285,=11.4329,=16.5252,=21.8281,=27.5064,=42.1751,=2.5247,=0.4734,=1.6736,=2.0410,=2.5801,=3.0887,=4.9148,=1.4300,=0.5233,=0.8896,=1.1114,=1.3997,=1.9443,=3.1071,=0.0172,=0.5419,=0.0059,=0.0108,=0.0166,=0.0201,=0.0259,=0.0394,=0.0961,=0.0234,=996
="H30089",红利潜力,2013-07-02,=0.0101,=9589.1300,=-0.0359,=16.1587,=0.3221,=12.7702,=15.7141,=16.8561,=20.6074,=29.7267,=2.7627,=0.6944,=1.5457,=2.0187,=2.5105,=2.9135,=4.3960,=2.1779,=0.7955,=0.7611,=0.9584,=1.7763,=2.1853,=2.8465,=0.0351,=0.6610,=0.0172,=0.0258,=0.0318,=0.0373,=0.0456,=0.0404,=0.1605,=0.0444,=552
="000010",上证180,2002-07-01,=-0.0085,=9654.8700,=-0.0360,=11.9207,=0.7200,=8.4900,=9.9408,=11.0400,=12.1444,=14.6942,=1.2289,=0.4235,=0.9930,=1.1498,=1.2561,=1.3646,=1.6698,=1.4106,=0.9039,=0.8990,=1.0652,=1.1942,=1.3133,=1.4916,=0.0308,=0.4606,=0.0224,=0.0272,=0.0313,=0.0373,=0.0465,=0.0240,=0.0943,=0.0246,=2508
="000955",中证国企,2010-02-09,=-0.0033,=1537.0200,=-0.0367,=14.8700,=0.7819,=10.0979,=11.7062,=12.7317,=14.9583,=16.8119,=1.2578,=0.4260,=1.0210,=1.1826,=1.2858,=1.4131,=1.7591,=1.2818,=0.7955,=0.7969,=0.9757,=1.0895,=1.2828,=1.4527,=0.0273,=0.4957,=0.0195,=0.0242,=0.0273,=0.0324,=0.0414,=0.0213,=0.0765,=0.0217,=44
="930949",价值回报,2017-02-24,=0.0034,=13139.2700,=-0.0369,=13.4214,=0.8821,=5.5354,=8.1695,=10.0383,=12.4802,=17.5400,=2.2313,=0.8231,=1.2865,=1.4782,=1.7523,=2.1819,=3.1701,=1.4644,=0.9736,=0.5488,=0.7127,=0.8786,=1.2790,=1.7276,=0.0359,=0.5180,=0.0155,=0.0258,=0.0352,=0.0485,=0.0681,=0.0290,=0.1096,=0.0305,=30
="931157",SHS红利成长LV,2019-04-25,=0.0032,=7177.9700,=-0.0371,=7.9131,=0.6703,=4.1261,=5.6162,=7.0039,=8.3136,=11.5318,=0.7896,=0.4601,=0.5154,=0.6285,=0.8042,=0.9186,=1.5888,=1.7166,=0.9973,=0.5018,=0.7142,=1.0436,=1.4266,=1.7619,=0.0452,=0.3066,=0.0259,=0.0420,=0.0481,=0.0556,=0.0761,,=0.0964,,=358
="930791",CS医药TI,2016-03-22,=-0.0333,=8916.3700,=-0.0371,=35.4349,=0.5002,=23.2364,=30.0855,=35.4304,=40.2486,=70.7414,=2.8728,=0.0998,=2.4395,=3.0209,=3.8304,=4.5754,=6.6660,=2.6369,=0.2482,=2.0598,=2.5748,=2.9523,=3.5154,=5.1130,=0.0154,=0.8874,=0.0054,=0.0072,=0.0098,=0.0144,=0.0204,=0.0251,=0.0784,=0.0255,=199
="HSIDI",恒生创新药指数,2023-01-01,=-0.0231,=2592.9100,=-0.0374,=39.0188,=0.1208,=21.3081,=44.7681,=53.4197,=105.7766,=157.2991,=3.2938,=0.6902,=1.7148,=2.1469,=2.7073,=3.8817,=5.1867,=2.9664,=0.6935,=1.5892,=1.8474,=2.3591,=3.3814,=4.4669,=0.0092,=0.2975,=0.0053,=0.0081,=0.0122,=0.0143,=0.0173,,=0.1014,,=253
="000043",超大盘,2009-04-23,=-0.0057,=2518.3800,=-0.0376,=11.3203,=0.5761,=7.5271,=9.4626,=10.9287,=12.8938,=17.2195,=1.3442,=0.4536,=0.9803,=1.2132,=1.3552,=1.5050,=1.9858,=2.2035,=0.9571,=0.7153,=0.8686,=1.2650,=1.5315,=2.3305,=0.0320,=0.4532,=0.0191,=0.0242,=0.0326,=0.0406,=0.0547,=0.0268,=0.1053,=0.0277,=167
="932420",智选船舶产业,2025-05-28,=-0.0056,=1390.4100,=-0.0379,=19.9757,=0.8426,=12.9248,=14.1893,=16.8597,=19.7267,=21.8048,=1.4412,=0.8557,=1.1414,=1.2433,=1.3036,=1.4212,=1.5726,=1.0356,=0.8066,=0.8043,=0.8847,=0.9497,=1.0348,=1.1519,=0.0248,=0.1836,=0.0219,=0.0250,=0.0295,=0.0317,=0.0350,=0.0198,=0.0735,,=20
="932315",中证红利质量,2024-07-08,=0.0037,=4340.5400,=-0.0385,=15.9271,=0.5977,=12.3916,=13.8446,=15.6443,=16.5804,=18.7206,=3.0403,=0.5145,=2.1812,=2.4240,=3.0285,=3.9558,=4.4900,=3.7203,=0.9884,=2.0136,=2.2195,=3.0341,=3.2272,=3.7823,=0.0361,=0.0967,=0.0312,=0.0369,=0.0389,=0.0420,=0.0443,=0.0482,=0.1829,=0.0412,=576
="HSSCID",恒生港股通创新药指数,2023-07-01,=-0.0200,=3040.1200,=-0.0388,=39.0188,=0.1971,=20.9262,=39.0586,=44.3633,=60.9089,=216.1774,=3.2938,=0.6667,=1.6870,=2.0373,=2.6159,=4.0566,=5.1867,=2.9664,=0.6485,=1.6002,=1.8952,=2.4674,=3.5316,=4.4669,=0.0092,=0.3307,=0.0053,=0.0076,=0.0122,=0.0151,=0.0187,,=0.1014,,=125
="399313",巨潮100,2005-02-03,=-0.0107,=5228.9600,=-0.0400,=12.3361,=0.7732,=8.9278,=10.3882,=11.1399,=12.4332,=16.6101,=1.3593,=0.5608,=1.0718,=1.2426,=1.3393,=1.4929,=1.8501,=1.6953,=0.9810,=0.9844,=1.1492,=1.2729,=1.4582,=1.7644,=0.0290,=0.3348,=0.0217,=0.0274,=0.0303,=0.0349,=0.0452,=0.0250,=0.0999,=0.0255,=210
="931069",中金300,2018-02-14,=0.0053,=4803.4000,=-0.0402,=9.9299,=0.6775,=5.9518,=7.5946,=9.3113,=10.4715,=13.6164,=1.0579,=0.4920,=0.7377,=0.9247,=1.0639,=1.3508,=1.8328,=1.3370,=0.8063,=0.6656,=0.8733,=1.1173,=1.3304,=1.7542,=0.0378,=0.4668,=0.0253,=0.0318,=0.0386,=0.0472,=0.0560,=0.0231,=0.0958,=0.0284,=104
="931587",500价值稳健,2020-11-09,=-0.0024,=21046.3800,=-0.0410,=16.9219,=0.9297,=9.7530,=12.2202,=14.2431,=15.6377,=19.8926,=1.3593,=0.8493,=0.8925,=1.0580,=1.1624,=1.3241,=1.5437,=0.8090,=0.9797,=0.3384,=0.4612,=0.5134,=0.5910,=0.8392,=0.0334,=0.4848,=0.0250,=0.0298,=0.0336,=0.0360,=0.0456,=0.0221,=0.0672,=0.0198,=80
="931000",大湾区,2017-07-19,=-0.0140,=1696.3200,=-0.0410,=18.8603,=0.7746,=11.8370,=14.5748,=16.2512,=19.1307,=23.4463,=2.0451,=0.4608,=1.3750,=1.7709,=2.0734,=2.5457,=3.2666,=1.5157,=0.4423,=1.1015,=1.3364,=1.5629,=1.8692,=2.5221,=0.0218,=0.4916,=0.0138,=0.0173,=0.0220,=0.0260,=0.0341,=0.0236,=0.0809,=0.0227,=16
="931586",300价值稳健,2020-11-09,=-0.0001,=7315.7200,=-0.0415,=11.5325,=0.6214,=8.1741,=9.7129,=11.1692,=12.7134,=15.0111,=1.2828,=0.3587,=0.9699,=1.1954,=1.3220,=1.5112,=1.6570,=1.2926,=0.8085,=0.7359,=0.8663,=0.9888,=1.2590,=1.5639,=0.0359,=0.3730,=0.0248,=0.0321,=0.0371,=0.0406,=0.0470,=0.0264,=0.1070,=0.0304,=43
="950090",50AH优选,2015-12-10,=-0.0094,=5916.7000,=-0.0432,=9.7862,=0.7740,=6.3188,=7.9171,=8.7071,=9.8648,=13.5010,=1.0617,=0.6007,=0.7914,=0.9506,=1.0315,=1.1230,=1.5403,=1.3849,=0.9612,=0.6574,=0.8491,=0.9565,=1.0771,=1.4553,=0.0362,=0.3002,=0.0256,=0.0346,=0.0397,=0.0476,=0.0655,,=0.1007,,=1998
="930955",红利低波100,2017-05-26,=0.0075,=11268.2600,=-0.0444,=9.0452,=0.8445,=5.0805,=6.0801,=7.4515,=8.6696,=11.5013,=0.8918,=0.6508,=0.5792,=0.6673,=0.8311,=0.9856,=1.3722,=1.5263,=0.9617,=0.5888,=0.7806,=0.9934,=1.3757,=1.7525,=0.0430,=0.1973,=0.0270,=0.0431,=0.0470,=0.0560,=0.0683,=0.0234,=0.0928,=0.0257,=2418
="000919",300价值,2008-01-21,=0.0075,=5073.6900,=-0.0460,=9.1021,=0.7303,=5.9577,=7.3283,=8.4453,=9.2438,=12.2376,=0.9177,=0.4462,=0.6917,=0.8489,=0.9335,=1.1324,=1.5388,=1.1345,=0.8680,=0.6314,=0.7861,=0.9060,=1.1099,=1.3421,=0.0393,=0.3559,=0.0265,=0.0366,=0.0407,=0.0490,=0.0609,=0.0228,=0.0921,=0.0242,=4340
="000042",上证央企,2009-03-30,=0.0042,=1726.6200,=-0.0468,=10.3426,=0.8751,=6.3284,=7.8863,=9.2276,=10.0850,=12.9577,=1.0212,=0.6359,=0.7230,=0.8871,=0.9826,=1.1124,=1.4812,=1.3477,=0.9951,=0.6569,=0.8569,=0.9790,=1.1521,=1.3891,=0.0355,=0.2153,=0.0261,=0.0350,=0.0381,=0.0469,=0.0583,=0.0224,=0.0920,=0.0234,=391
="000909",300材料,2007-07-02,=-0.0041,=3905.5100,=-0.0472,=17.6294,=0.4557,=10.2722,=14.5958,=18.1549,=24.3819,=1339.3279,=2.6108,=0.8330,=1.4655,=1.7360,=2.0136,=2.4970,=3.8763,=1.2724,=0.8499,=0.6983,=0.8432,=0.9914,=1.2381,=1.9427,=0.0198,=0.4668,=0.0057,=0.0142,=0.0204,=0.0243,=0.0291,=0.0473,=0.1225,=0.0288,=20
="980092",自由现金流,2012-12-28,=0.0008,=5131.2400,=-0.0476,=13.8584,=0.7088,=11.1075,=12.2403,=12.9478,=14.3607,=16.4362,=1.4488,=0.1263,=1.2604,=1.4850,=1.5761,=1.6544,=1.8134,=0.9122,=0.3512,=0.7577,=0.8657,=0.9374,=0.9776,=1.0805,=0.0346,=0.2141,=0.0287,=0.0342,=0.0369,=0.0388,=0.0437,=0.0285,=0.1047,=0.0263,=1589
="931526",企业核心竞争力50,2020-08-24,=-0.0169,=1247.3900,=-0.0485,=14.0231,=0.0076,=13.8510,=17.0556,=22.5855,=29.8053,=51.8267,=1.7149,=0.0096,=1.6745,=2.7875,=4.0354,=6.7502,=10.8733,=2.0272,=0.3391,=0.9066,=1.5220,=3.4160,=4.4941,=7.9459,=0.0274,=0.8281,=0.0072,=0.0118,=0.0173,=0.0241,=0.0352,=0.0371,=0.1485,=0.0461,=101
="HSCESI",恒生中国企业精明指数,2015-06-08,=-0.0186,=12217.8300,=-0.0488,=9.9894,=0.7841,=6.0524,=7.9769,=8.6986,=10.0620,=15.8114,=1.0357,=0.5745,=0.6924,=0.9054,=1.0115,=1.1579,=1.7191,=1.3781,=0.7450,=0.8066,=1.0049,=1.0985,=1.4384,=2.0876,=0.0339,=0.2404,=0.0200,=0.0332,=0.0382,=0.0443,=0.0600,,=0.1052,,=93
="932000",中证2000,2023-08-11,=-0.0150,=3045.1400,=-0.0494,=112.0847,=0.5804,=44.0427,=58.4127,=88.7179,=153.6919,=228.3990,=2.5122,=0.6335,=1.5089,=1.9853,=2.3543,=2.8543,=3.3036,=2.0749,=0.6526,=1.1809,=1.5622,=1.8787,=2.3259,=2.6726,=0.0083,=0.3338,=0.0062,=0.0077,=0.0091,=0.0113,=0.0155,=0.0098,=0.0154,=0.0097,=1230
="930957",港股通中国100,2017-06-23,=-0.0210,=3598.8000,=-0.0494,=10.3333,=0.7125,=5.4625,=7.6104,=8.9716,=10.7926,=13.3106,=1.1235,=0.6170,=0.6571,=0.8660,=1.0743,=1.1986,=1.5222,=1.3956,=0.8220,=0.6789,=0.9660,=1.1322,=1.3749,=1.6609,=0.0338,=0.2721,=0.0251,=0.0331,=0.0368,=0.0501,=0.0691,,=0.1031,,=20
="000021",180治理,2008-09-10,=0.0039,=1034.2900,=-0.0495,=10.9151,=0.8812,=6.3364,=8.4357,=9.7468,=10.6128,=13.6109,=1.1326,=0.6161,=0.7542,=0.9755,=1.0947,=1.2160,=1.5847,=1.4466,=0.9649,=0.6625,=0.8519,=0.9540,=1.1521,=1.4979,=0.0371,=0.5357,=0.0241,=0.0329,=0.0366,=0.0448,=0.0548,=0.0243,=0.0995,=0.0258,=168
="HSCEI",恒生中国企业指数,1994-08-08,=-0.0189,=8471.3600,=-0.0496,=10.0290,=0.7884,=6.0524,=7.9817,=8.7070,=10.0985,=15.8114,=1.0383,=0.5763,=0.6924,=0.9052,=1.0128,=1.1595,=1.7191,=1.3821,=0.7473,=0.8066,=1.0056,=1.0987,=1.4423,=2.0876,=0.0338,=0.2377,=0.0200,=0.0331,=0.0381,=0.0444,=0.0600,,=0.1052,,=4770
="399019",创业200,2023-11-15,=-0.0199,=4317.4400,=-0.0503,=66.8696,=0.3058,=45.1604,=60.2464,=83.2575,=109.9845,=137.0675,=3.2115,=0.4908,=1.8905,=2.4884,=3.2281,=3.8733,=4.5553,=3.0737,=0.6131,=1.7802,=2.3411,=2.8839,=3.4152,=4.2060,=0.0081,=0.6009,=0.0055,=0.0065,=0.0078,=0.0089,=0.0120,=0.0165,=0.0404,=0.0111,=86
="H30356",800价值,2014-06-09,=0.0059,=6306.3600,=-0.0512,=9.6573,=0.6948,=6.4024,=7.7145,=9.0657,=9.9393,=13.4784,=0.9611,=0.4656,=0.7030,=0.8643,=0.9834,=1.1647,=1.6287,=1.0809,=0.7968,=0.5868,=0.7416,=0.8859,=1.0824,=1.3738,=0.0384,=0.4797,=0.0239,=0.0337,=0.0386,=0.0475,=0.0589,=0.0232,=0.0908,=0.0237,=34
="932438",科创创业机器人,2025-05-16,=-0.0352,=1530.9800,=-0.0527,=91.3207,=0.6752,=67.6486,=77.6549,=84.7845,=95.8710,=120.6496,=4.9987,=0.0322,=4.8391,=5.2491,=5.6384,=6.1826,=6.8835,=5.3333,=0.0161,=5.1403,=5.7197,=6.0323,=6.6152,=7.4199,=0.0040,=0.6109,=0.0030,=0.0036,=0.0039,=0.0043,=0.0049,=0.0153,=0.0666,,=67
="000016",上证50,2004-01-02,=-0.0044,=2870.8000,=-0.0529,=11.2840,=0.7175,=8.3126,=9.6664,=10.5296,=11.5646,=15.1108,=1.2429,=0.5179,=1.0245,=1.1706,=1.2394,=1.3330,=1.6482,=1.6005,=0.9695,=0.8665,=1.0182,=1.1378,=1.2970,=1.6553,=0.0318,=0.3468,=0.0240,=0.0291,=0.0334,=0.0397,=0.0497,=0.0249,=0.1007,=0.0262,=23631
="399698",优势成长,2017-06-15,=-0.0143,=49347.5700,=-0.0534,=26.3323,=0.6453,=14.2338,=18.2714,=23.2619,=35.4585,=66.5130,=1.4440,=0.1294,=1.2178,=1.4861,=1.9006,=2.2937,=2.9395,=2.3180,=0.7577,=0.6634,=1.0679,=1.7232,=2.5816,=4.7303,=0.0265,=0.9310,=0.0069,=0.0108,=0.0160,=0.0212,=0.0303,=0.0192,=0.0690,=0.0052,=42
="932368",800现金流,2024-12-11,=-0.0010,=4840.4000,=-0.0535,=14.4157,=0.8107,=9.9108,=10.8405,=11.9229,=14.3831,=15.6891,=1.9700,=0.9684,=1.4048,=1.5416,=1.7240,=1.8952,=2.0110,=1.6573,=0.9830,=1.0036,=1.1079,=1.3296,=1.4442,=1.6811,=0.0341,=0.0534,=0.0311,=0.0353,=0.0419,=0.0468,=0.0553,=0.0283,=0.1177,=0.0451,=245
="930851",云计算,2016-07-20,=-0.0314,=6129.0500,=-0.0546,=62.6389,=0.4021,=37.0632,=53.1089,=68.3915,=96.0413,=313.0672,=7.6555,=0.9529,=2.7148,=3.6094,=4.3183,=5.4787,=9.9453,=4.8989,=0.9308,=1.6839,=2.4310,=3.1334,=3.8077,=6.4649,=0.0033,=0.3019,=0.0021,=0.0031,=0.0037,=0.0050,=0.0080,=0.0301,=0.0896,=0.0112,=483
="000945",内地运输,2009-10-28,=0.0060,=1396.8800,=-0.0547,=16.7579,=0.2643,=13.9394,=16.4433,=19.2521,=27.8199,=72.7429,=1.3460,=0.0829,=1.2245,=1.4025,=1.5542,=1.7724,=2.4452,=0.7725,=0.4198,=0.5140,=0.6447,=0.8943,=1.3567,=1.9188,=0.0296,=0.6705,=0.0105,=0.0141,=0.0179,=0.0327,=0.0436,=0.0219,=0.0581,=0.0167,=83
="931375",300质量低波,2019-11-25,=0.0023,=16020.2700,=-0.0553,=10.3897,=0.4199,=6.4946,=8.1699,=10.9890,=13.5327,=22.0532,=1.3895,=0.4505,=0.8054,=1.0886,=1.5217,=2.0505,=3.3245,=2.6753,=0.9927,=1.0044,=1.3373,=1.6862,=2.1044,=2.7563,=0.0316,=0.2818,=0.0151,=0.0279,=0.0349,=0.0402,=0.0521,=0.0279,=0.1211,=0.0298,=115
="000683",科创生物,2022-05-09,=-0.0451,=1012.7300,=-0.0557,=113.1880,=0.1351,=31.4909,=147.8090,=1752.2235,=-214.6765,=97054.3385,=6.3041,=0.7768,=4.0903,=4.9122,=5.4606,=6.4014,=7.9611,=9.8699,=0.3669,=7.6079,=9.2303,=10.3123,=11.4365,=14.1963,=0.0028,=0.1264,=0.0025,=0.0030,=0.0046,=0.0061,=0.0086,=0.0094,=0.0457,=0.0035,=70
="930598",稀土产业,2015-03-02,=-0.0066,=2650.4300,=-0.0557,=32.6035,=0.3476,=21.1133,=29.2013,=39.2937,=68.3924,=243.9233,=2.9953,=0.7831,=1.4810,=1.9699,=2.3148,=3.0438,=4.3047,=1.3958,=0.6536,=0.6656,=0.9718,=1.1868,=1.6433,=2.1537,=0.0109,=0.9480,=0.0025,=0.0048,=0.0068,=0.0094,=0.0135,=0.0350,=0.0883,=0.0227,=753
="932367",500现金流,2024-11-12,=0.0001,=3453.8400,=-0.0562,=19.3493,=0.8661,=12.7635,=14.1253,=17.0329,=18.9077,=20.8865,=1.5430,=0.0878,=1.4139,=1.6301,=1.7422,=1.9759,=2.3672,=0.9254,=0.0947,=0.8544,=1.0020,=1.2263,=1.2833,=1.4394,=0.0308,=0.3880,=0.0247,=0.0290,=0.0316,=0.0367,=0.0403,=0.0308,=0.1139,=0.0305,=128
="399398",绩效指数,2012-11-19,=-0.0023,=10000.3700,=-0.0563,=17.6980,=0.3934,=9.4274,=11.8744,=18.3600,=21.6274,=36.1591,=3.3161,=0.3872,=1.3709,=1.7892,=3.5798,=4.3854,=6.4752,=3.2304,=0.7245,=1.5825,=2.2371,=2.9162,=3.4328,=5.0073,=0.0365,=0.7328,=0.0140,=0.0234,=0.0323,=0.0374,=0.0430,=0.0495,=0.1771,=0.0433,=23
="399373",大盘价值,2010-01-04,=0.0118,=8088.1600,=-0.0566,=8.8329,=0.6581,=5.4746,=6.8623,=8.3403,=9.1146,=11.9914,=0.9053,=0.4532,=0.6410,=0.8033,=0.9358,=1.1378,=1.5001,=1.1865,=0.8911,=0.5920,=0.7817,=0.9283,=1.1467,=1.4541,=0.0409,=0.3790,=0.0275,=0.0368,=0.0428,=0.0526,=0.0641,=0.0236,=0.0939,=0.0248,=336
="H30171",运输指数,2013-07-15,=0.0055,=1525.4500,=-0.0567,=16.9058,=0.3039,=14.1889,=16.3565,=17.9556,=25.3479,=51.4445,=1.2961,=0.0760,=1.1914,=1.3507,=1.5006,=1.6850,=2.3737,=0.6854,=0.3948,=0.5217,=0.6290,=0.8203,=1.1893,=1.9196,=0.0285,=0.6769,=0.0111,=0.0149,=0.0201,=0.0303,=0.0375,=0.0207,=0.0585,=0.0181,=94
="HSCGSI",恒生消费指数,2015-08-17,=-0.0030,=2433.0600,=-0.0575,=14.8985,=0.0260,=13.5420,=17.7653,=20.3482,=46.9799,=191.0166,=2.5235,=0.4453,=1.6557,=2.1660,=2.5823,=3.0646,=4.3429,=1.3557,=0.2974,=0.9965,=1.2686,=1.5540,=1.8502,=2.9413,=0.0441,=0.9764,=0.0097,=0.0178,=0.0253,=0.0323,=0.0488,,=0.1743,,=880
="950180",科创AI,2024-07-25,=-0.0456,=2116.3600,=-0.0583,=147.7118,=0.5317,=66.2784,=99.7226,=144.5099,=184.5353,=271.3436,=12.2310,=0.8413,=3.9039,=6.0484,=9.7271,=11.9280,=18.6594,=18.8187,=0.9028,=6.3298,=9.5452,=14.4095,=17.0600,=29.3547,=0.0018,=0.0972,=0.0012,=0.0023,=0.0028,=0.0049,=0.0077,=0.0274,=0.0670,=0.0163,=224
="931484",CS医药创新,2020-05-06,=-0.0259,=1363.3600,=-0.0597,=24.5674,=0.2261,=18.2098,=24.1427,=27.4014,=43.7429,=86.1757,=4.2802,=0.1111,=3.3236,=4.5224,=5.3664,=11.2617,=17.5605,=5.3818,=0.1765,=3.7485,=5.4911,=6.3620,=11.2664,=20.8272,=0.0157,=0.6843,=0.0021,=0.0045,=0.0134,=0.0166,=0.0269,=0.0424,=0.1752,=0.0382,=404
="932431",300质量,2025-03-18,=0,=1919.2600,=-0.0621,=10.8350,=0.9915,=9.4685,=9.9952,=10.1584,=10.3969,=11.0156,=1.1674,=0.9631,=1.0616,=1.1026,=1.1297,=1.1484,=1.1879,=2.3006,=0.9659,=2.0194,=2.1516,=2.2046,=2.2550,=2.3386,=0.0335,=0.0028,=0.0331,=0.0357,=0.0374,=0.0392,=0.0487,=0.0253,=0.1012,=0.0271,=17
="399020",创业小盘,2023-11-15,=-0.0189,=1664.4000,=-0.0638,=104.2873,=0.2932,=48.5170,=82.4996,=143.2732,=211.6923,=256.8495,=3.3265,=0.5565,=1.8521,=2.4670,=3.2262,=3.7860,=4.3734,=3.2985,=0.5551,=1.9895,=2.5829,=3.2011,=3.7891,=4.2999,=0.0063,=0.2545,=0.0050,=0.0061,=0.0068,=0.0082,=0.0109,=0.0115,=0.0199,=0.0104,=13
="HSMI",恒生综合中型股指数,2001-10-03,=-0.0148,=4664.5600,=-0.0638,=14.4323,=0.7521,=7.1837,=9.6369,=11.3159,=14.7543,=19.0737,=1.2160,=0.7765,=0.6229,=0.7817,=1.0105,=1.2298,=1.5312,=0.9758,=0.9232,=0.4186,=0.5568,=0.6725,=0.8225,=1.0938,=0.0304,=0.3795,=0.0208,=0.0280,=0.0329,=0.0427,=0.0675,,,,=162
="931992",疫苗生物,2013-07-15,=-0.0519,=1129.8000,=-0.0641,=11391.8599,=0.9990,=26.1322,=64.9899,=88.6396,=166.6716,=55588.3979,=3.0145,=0.4724,=2.2475,=2.7019,=3.0444,=3.6228,=5.0256,=5.4504,=0.7008,=3.7134,=4.7076,=5.1934,=5.5910,=6.4257,=0.0101,=0.7156,=0.0060,=0.0068,=0.0088,=0.0105,=0.0125,=0.0112,=0.0013,=0.0085,=34
="000029",180价值,2009-01-09,=0.0137,=4165.1500,=-0.0647,=8.3154,=0.7229,=5.6894,=6.9075,=7.8729,=8.5069,=10.8138,=0.8374,=0.3810,=0.6666,=0.8014,=0.8567,=1.0634,=1.4433,=1.1283,=0.9134,=0.6198,=0.7825,=0.9447,=1.0738,=1.4032,=0.0393,=0.1909,=0.0290,=0.0396,=0.0429,=0.0522,=0.0634,=0.0228,=0.0896,=0.0243,=559
="931247",中证信创,2012-12-21,=-0.0295,=1367.4900,=-0.0657,=63.7749,=0,=63.7749,=99.8953,=193.3157,=272.1230,=369.3964,=5.5149,=0.6953,=2.7947,=3.5293,=4.7312,=6.0414,=7.8335,=4.3958,=0.5723,=2.8203,=3.4286,=4.1780,=4.9561,=6.1894,=0.0037,=0.2616,=0.0029,=0.0036,=0.0042,=0.0052,=0.0076,=0.0271,=0.0400,=0.0016,=105
="000901",小康指数,2010-04-02,=0.0044,=5916.1700,=-0.0674,=10.7913,=0.4421,=8.5492,=9.9918,=10.9137,=12.5401,=15.5671,=1.0365,=0.0804,=0.9488,=1.0794,=1.2119,=1.4159,=1.7818,=1.0309,=0.6854,=0.7500,=0.8929,=0.9782,=1.0556,=1.2662,=0.0341,=0.6812,=0.0175,=0.0252,=0.0296,=0.0364,=0.0436,=0.0231,=0.0878,=0.0238,=258
="000978",医药100,2011-03-18,=-0.0335,=9721.9000,=-0.0677,=32.8680,=0.4441,=23.7467,=28.9111,=33.6728,=37.6608,=66.4077,=3.0797,=0.0944,=2.6475,=3.2354,=4.1695,=5.0232,=7.8052,=2.8821,=0.3485,=2.0946,=2.6763,=3.1163,=3.6588,=5.9820,=0.0157,=0.8713,=0.0050,=0.0071,=0.0094,=0.0148,=0.0209,=0.0280,=0.0911,=0.0286,=4725
="931027",港股通大消费,2017-11-06,=-0.0256,=2908.1100,=-0.0680,=19.9779,=0.1678,=14.6383,=20.4665,=25.1108,=51.4707,=105.3721,=2.7445,=0.1471,=2.2514,=2.8429,=3.2305,=4.3184,=9.1499,=1.4079,=0.1614,=1.0973,=1.4415,=1.7544,=2.4784,=5.7985,=0.0211,=0.7036,=0.0056,=0.0113,=0.0178,=0.0230,=0.0323,,=0.1064,,=50
="000925",基本面50,2009-02-26,=0.0109,=4303.0800,=-0.0683,=9.7687,=0.6816,=6.2635,=7.9688,=9.1776,=10.0957,=12.7955,=1.0264,=0.4590,=0.7306,=0.9013,=1.0458,=1.1921,=1.5728,=1.0814,=0.7476,=0.6037,=0.7864,=0.9667,=1.1049,=1.4866,=0.0368,=0.4272,=0.0256,=0.0338,=0.0376,=0.0468,=0.0563,=0.0227,=0.0882,=0.0241,=4562
="932365",中证现金流,2024-12-11,=-0.0002,=4899.1900,=-0.0700,=14.2885,=0.7403,=10.1873,=10.9876,=12.2182,=14.5799,=15.8261,=1.6543,=0.1942,=1.4661,=1.6570,=1.7620,=1.8787,=2.0150,=0.9065,=0.0752,=0.8463,=1.1409,=1.3737,=1.5086,=1.6205,=0.0360,=0.2039,=0.0305,=0.0359,=0.0415,=0.0471,=0.0550,=0.0286,=0.1155,=0.0394,=732
="HSML25",恒生中国(香港上市)30指数,2003-01-20,=-0.0256,=8798.3100,=-0.0702,=9.6655,=0.6327,=5.7712,=7.9406,=9.1227,=10.2891,=13.0207,=1.0564,=0.4271,=0.7256,=0.9442,=1.0796,=1.2097,=1.5098,=1.7383,=0.7964,=0.9123,=1.1615,=1.4540,=1.7427,=2.4187,=0.0346,=0.3364,=0.0247,=0.0321,=0.0368,=0.0450,=0.0643,,=0.1051,,=269
="931645",1000红利,2024-03-15,=0.0048,=2304.6600,=-0.0715,=15.6442,=0.8851,=11.2896,=12.4755,=13.8703,=15.2249,=18.1886,=1.1316,=0.2297,=0.9871,=1.1288,=1.1889,=1.2426,=1.3469,=0.7224,=0.3345,=0.5734,=0.6778,=0.7513,=0.8117,=0.8871,=0.0346,=0.3311,=0.0305,=0.0338,=0.0362,=0.0408,=0.0471,=0.0179,=0.0646,=0.0199,=26
="000063",上证周期,2010-02-03,=0.0091,=3759.0100,=-0.0736,=8.9287,=0.6338,=5.4761,=7.1362,=8.5953,=9.4385,=12.4946,=0.9455,=0.4804,=0.6668,=0.8368,=0.9528,=1.1038,=1.4831,=1.5456,=0.9064,=0.8113,=1.0636,=1.2494,=1.4559,=1.7571,=0.0368,=0.2899,=0.0252,=0.0351,=0.0386,=0.0518,=0.0626,=0.0245,=0.0975,=0.0256,=210
="930651",CS计算机,2015-06-05,=-0.0257,=7181.9000,=-0.0738,=39.0657,=0.0478,=33.6687,=44.1730,=56.1210,=66.8037,=115.0591,=4.5059,=0.5485,=2.6283,=3.7942,=4.3706,=5.0883,=6.5144,=2.7572,=0.1089,=2.0877,=2.9054,=3.5794,=4.2697,=5.5248,=0.0110,=0.9509,=0.0028,=0.0059,=0.0071,=0.0091,=0.0156,=0.0244,=0.0892,=0.0073,=667
="000968",300周期,2010-05-28,=0.0084,=4212.1900,=-0.0740,=9.5409,=0.6301,=6.1174,=7.8172,=9.1332,=10.2853,=13.3562,=0.9688,=0.4384,=0.7021,=0.8484,=0.9957,=1.1666,=1.5550,=1.5822,=0.9014,=0.8459,=1.0834,=1.2644,=1.5069,=1.8297,=0.0351,=0.3996,=0.0230,=0.0321,=0.0360,=0.0470,=0.0569,=0.0243,=0.0922,=0.0244,=103
="930709",香港证券,2015-07-13,=-0.0048,=1307.9000,=-0.0741,=9.5022,=0.1243,=6.3679,=10.2175,=12.8144,=14.8908,=24.4010,=0.9570,=0.4984,=0.5308,=0.7585,=0.9574,=1.1999,=1.6136,=3.7520,=0.6738,=1.7834,=2.5966,=3.1589,=4.1603,=5.9903,=0.0383,=0.7675,=0.0202,=0.0265,=0.0337,=0.0402,=0.0726,,=0.0828,,=521
="931588",1000价值稳健,2020-11-09,=-0.0028,=33176.6800,=-0.0744,=18.4167,=0.4841,=12.8074,=16.7538,=18.5108,=20.5365,=25.6024,=1.3384,=0.3210,=1.0253,=1.2793,=1.4282,=1.5586,=1.9102,=0.7702,=0.9442,=0.4756,=0.5555,=0.6294,=0.7071,=0.8427,=0.0272,=0.7000,=0.0168,=0.0207,=0.0251,=0.0290,=0.0392,=0.0162,=0.0641,=0.0212,=109
="931024",港股通非银,2017-11-06,=0.0003,=3959.2000,=-0.0779,=6.8778,=0.0014,=6.7549,=8.4625,=10.9451,=13.3087,=22.4310,=1.0079,=0.4302,=0.6237,=0.8529,=1.0413,=1.2206,=1.7592,=1.2062,=0.7750,=0.5870,=0.8773,=1.0196,=1.2310,=2.2002,=0.0410,=0.7907,=0.0165,=0.0269,=0.0346,=0.0413,=0.0611,,=0.1344,,=217
="1000009",深圳B股,1994-01-10,=0.0009,=1165.6500,=-0.0783,=-110.4570,=1,=6.5509,=10.0230,=16.2449,=23.5984,=61.4680,=0.7537,=0.5485,=0.5585,=0.6590,=0.7320,=0.9171,=1.4530,=0.4636,=0.4404,=0.3544,=0.4194,=0.4770,=0.6170,=1.0969,=0.0339,=0.3493,=0.0205,=0.0268,=0.0369,=0.0449,=0.0610,,=0.0028,=0.0115,=203
="980015",疫苗生科,2015-02-16,=-0.0485,=5791.6200,=-0.0786,=50.4578,=0.7116,=24.1714,=31.2604,=43.1274,=53.5557,=80.8207,=3.8048,=0.3326,=2.9980,=3.5802,=4.0920,=6.3815,=11.0606,=6.6481,=0.5522,=4.5746,=5.4948,=6.4499,=8.7600,=15.0694,=0.0102,=0.5471,=0.0026,=0.0055,=0.0099,=0.0133,=0.0175,=0.0223,=0.0693,=0.0219,=74
="930838",CS高股息,2016-06-08,=-0.0063,=6649.1200,=-0.0790,=17.9247,=0.5134,=10.7704,=14.2530,=17.7886,=22.5023,=29.5345,=3.4605,=0.7922,=1.8272,=2.3324,=2.8242,=3.4933,=5.4603,=3.3025,=0.6635,=1.6703,=2.0490,=2.5039,=3.7457,=5.1335,=0.0277,=0.5530,=0.0136,=0.0201,=0.0266,=0.0363,=0.0519,=0.0550,=0.1877,=0.0570,=175
="399295",创价值,2019-01-23,=-0.0184,=4969.1500,=-0.0791,=33.3771,=0.3988,=20.8863,=26.9889,=39.7076,=56.4808,=73.8741,=6.5192,=0.5985,=3.7254,=4.6122,=5.8929,=8.9881,=11.5385,=4.8750,=0.4499,=2.5684,=3.4997,=5.3728,=9.1025,=12.8251,=0.0119,=0.6654,=0.0033,=0.0050,=0.0074,=0.0150,=0.0218,=0.0387,=0.1758,=0.0398,=611
="000052",50基本,2012-01-09,=0.0109,=2780.9800,=-0.0803,=11.2840,=0.7175,=8.3126,=9.6677,=10.5323,=11.5646,=15.1108,=1.2429,=0.5188,=1.0245,=1.1706,=1.2393,=1.3328,=1.6471,=1.6005,=0.9695,=0.8665,=1.0185,=1.1378,=1.2970,=1.6553,=0.0318,=0.4153,=0.0238,=0.0291,=0.0329,=0.0398,=0.0497,=0.0249,=0.1007,=0.0262,=28
="000988",全指工业,2011-08-02,=-0.0106,=3791.9000,=-0.0815,=24.2583,=0.5089,=13.7285,=19.3778,=24.0551,=28.9497,=37.6625,=1.9054,=0.4157,=1.3866,=1.6512,=2.0049,=2.3935,=2.7728,=0.8910,=0.4829,=0.5551,=0.7455,=0.8993,=1.0540,=1.3765,=0.0175,=0.7270,=0.0076,=0.0095,=0.0141,=0.0193,=0.0256,=0.0185,=0.0650,=0.0170,=238
="000930",中证工业,2009-07-03,=-0.0098,=3221.4700,=-0.0815,=21.7355,=0.6173,=13.1747,=16.3715,=20.2819,=23.8572,=30.4087,=1.7911,=0.4276,=1.3752,=1.5614,=1.8518,=2.1187,=2.6342,=0.8436,=0.7047,=0.5311,=0.6373,=0.7618,=0.8868,=1.0502,=0.0192,=0.7414,=0.0090,=0.0114,=0.0160,=0.0203,=0.0262,=0.0191,=0.0679,=0.0169,=325
="399806",环境治理,2014-07-21,=-0.0035,=1272.5900,=-0.0824,=26.0461,=0.2915,=17.0172,=24.3835,=29.0853,=35.3511,=50.8764,=1.6575,=0.2915,=1.1727,=1.6033,=1.7657,=2.1909,=4.4901,=1.7919,=0.1666,=1.3064,=1.8321,=2.0691,=2.6238,=5.9378,=0.0172,=0.8940,=0.0037,=0.0084,=0.0106,=0.0155,=0.0215,=0.0205,=0.0536,=0.0189,=853
="000910",300工业,2007-07-02,=-0.0077,=2316.0800,=-0.0842,=18.9629,=0.5303,=12.1074,=14.2223,=18.6689,=21.7478,=26.7473,=1.6262,=0.3645,=1.2960,=1.5013,=1.7584,=2.0927,=2.8598,=0.7585,=0.6219,=0.4726,=0.5803,=0.7117,=0.8049,=1.0995,=0.0215,=0.7485,=0.0079,=0.0123,=0.0179,=0.0223,=0.0295,=0.0196,=0.0738,=0.0177,=17
="H30590",机器人,2015-02-10,=-0.0273,=1747.0500,=-0.0844,=52.8130,=0.5538,=24.1742,=42.0198,=50.8648,=63.2897,=89.9138,=4.3175,=0.7584,=2.1765,=2.8831,=3.6950,=4.4486,=6.0751,=4.2024,=0.7769,=1.6011,=2.4247,=3.4042,=4.2982,=5.4887,=0.0080,=0.8054,=0.0045,=0.0055,=0.0069,=0.0079,=0.0128,=0.0149,=0.0720,=0.0144,=945
="H30192",食品,2013-07-15,=-0.0078,=5179.6600,=-0.0858,=26.5379,=0.0751,=20.6226,=29.8234,=33.1961,=39.1175,=57.5971,=2.6033,=0.0414,=2.3545,=2.9497,=4.5262,=5.7744,=10.5214,=1.4936,=0.0589,=1.2567,=1.6378,=2.3276,=2.8892,=4.8526,=0.0285,=0.9697,=0.0092,=0.0145,=0.0192,=0.0242,=0.0308,=0.0337,=0.0826,=0.0319,=22
="399324",深证红利,2006-01-24,=-0.0027,=8365.1600,=-0.0859,=18.6799,=0.8738,=11.7065,=14.6036,=15.8339,=17.9295,=23.4132,=2.8880,=0.8961,=1.2884,=1.9036,=2.2228,=2.5292,=3.7254,=1.9032,=0.7019,=1.1033,=1.3622,=1.7517,=1.9654,=2.8578,=0.0327,=0.7493,=0.0151,=0.0225,=0.0278,=0.0353,=0.0452,=0.0424,=0.1345,=0.0450,=5230
="H11054",装备产业,2009-07-22,=-0.0159,=2656.8800,=-0.0867,=30.8836,=0.4609,=15.6342,=24.7249,=31.9419,=38.3792,=58.0282,=2.8357,=0.6022,=1.6944,=2.1312,=2.6255,=3.3067,=5.1308,=1.9670,=0.5728,=1.2119,=1.4901,=1.8899,=2.3422,=3.6241,=0.0144,=0.7921,=0.0051,=0.0080,=0.0115,=0.0145,=0.0207,=0.0221,=0.0859,=0.0174,=48
="000048",责任指数,2009-08-05,=0.0016,=1347.5800,=-0.0867,=11.9291,=0.8074,=7.8628,=9.5548,=10.5483,=11.8830,=14.1982,=1.3269,=0.5852,=0.9056,=1.1404,=1.2956,=1.4393,=1.7866,=1.1741,=0.9942,=0.5718,=0.6942,=0.8010,=0.9330,=1.1907,=0.0377,=0.6272,=0.0223,=0.0283,=0.0319,=0.0399,=0.0469,=0.0224,=0.0991,=0.0247,=133
="HSMSI",恒生综合中小型股指数,2015-06-08,=-0.0144,=2695.6300,=-0.0875,=15.8451,=0.8192,=7.2058,=10.0582,=12.4551,=15.6984,=18.8438,=1.1429,=0.7135,=0.6157,=0.7686,=1.0042,=1.2090,=1.4952,=0.8684,=0.8371,=0.4020,=0.5319,=0.6807,=0.8472,=1.0389,=0.0301,=0.3941,=0.0199,=0.0271,=0.0325,=0.0412,=0.0630,,,,=161
="000827",中证环保,2012-09-25,=-0.0057,=1697.1800,=-0.0892,=30.3000,=0.5839,=14.0379,=21.0113,=28.2441,=35.5499,=50.6551,=2.6248,=0.4252,=1.7878,=2.2200,=2.7853,=3.3836,=5.4589,=2.6376,=0.4693,=1.6068,=2.0649,=2.7157,=3.2326,=6.2202,=0.0174,=0.6775,=0.0061,=0.0097,=0.0149,=0.0192,=0.0249,=0.0211,=0.0761,=0.0181,=6273
="000806",消费服务,2012-02-10,=-0.0111,=7670.7700,=-0.0893,=10.0438,=0.1885,=9.0076,=10.0637,=10.8064,=11.8704,=17.0971,=1.0781,=0.0619,=1.0009,=1.1890,=1.3456,=1.5460,=2.0145,=2.2495,=0.6631,=1.6526,=1.9528,=2.1367,=2.3803,=3.0032,=0.0354,=0.7967,=0.0198,=0.0244,=0.0295,=0.0354,=0.0497,=0.0246,=0.1002,=0.0266,=427
="931752",工程机械主题,2021-09-27,=-0.0183,=2294.5600,=-0.0898,=21.3395,=0.5025,=13.6456,=18.5245,=21.3202,=24.3346,=27.9581,=1.9766,=0.6902,=1.2593,=1.5775,=1.7282,=2.1216,=2.6511,=1.1866,=0.7104,=0.7133,=0.9172,=1.0224,=1.2904,=1.6462,=0.0230,=0.8704,=0.0151,=0.0190,=0.0207,=0.0222,=0.0284,=0.0241,=0.0958,=0.0272,=111
="000018",180金融,2007-12-10,=0.0144,=5404.3200,=-0.0902,=7.3879,=0.4470,=5.2016,=6.4287,=7.5006,=8.3012,=10.8609,=0.7740,=0.3361,=0.5902,=0.6965,=0.8559,=1.0619,=1.4199,=2.2255,=0.8128,=1.2355,=1.5824,=1.9629,=2.2142,=2.8772,=0.0385,=0.4334,=0.0246,=0.0353,=0.0392,=0.0493,=0.0636,=0.0229,=0.0959,=0.0245,=779
="399266",创新能源,2022-09-29,=-0.0083,=3223.1300,=-0.0903,=26.3782,=0.4199,=16.2861,=20.9516,=27.2781,=33.1429,=48.5339,=4.1342,=0.5196,=2.6837,=3.2209,=4.0035,=4.9444,=6.9087,=2.8321,=0.6098,=1.5028,=1.9530,=2.5948,=3.4808,=4.6740,=0.0149,=0.6532,=0.0024,=0.0067,=0.0124,=0.0167,=0.0211,=0.0402,=0.1508,=0.0347,=5
="000818",细分金融,2012-04-11,=0.0128,=6714.4600,=-0.0906,=7.5174,=0.4462,=5.2356,=6.4974,=7.6869,=8.4810,=10.9951,=0.7852,=0.3282,=0.5930,=0.7010,=0.8724,=1.0833,=1.4303,=2.2837,=0.8190,=1.2689,=1.6354,=2.0039,=2.2652,=2.9111,=0.0378,=0.5122,=0.0239,=0.0331,=0.0375,=0.0471,=0.0625,=0.0231,=0.0956,=0.0246,=11
="399995",基建工程,2015-03-12,=-0.0010,=3546.7900,=-0.0921,=9.7756,=0.7419,=5.8673,=7.3439,=8.2792,=10.5366,=18.8590,=0.6355,=0.0103,=0.5815,=0.7200,=0.8891,=1.2732,=2.1834,=0.1791,=0.2045,=0.1368,=0.1784,=0.2025,=0.3245,=0.5478,=0.0285,=0.7843,=0.0106,=0.0191,=0.0247,=0.0289,=0.0415,=0.0129,=0.0543,=0.0158,=2695
="000934",中证金融,2009-07-03,=0.0113,=5678.6900,=-0.0942,=8.1027,=0.5035,=5.7083,=6.8944,=8.0973,=8.8714,=11.5527,=0.7885,=0.3076,=0.6117,=0.7181,=0.8895,=1.1349,=1.5017,=2.1471,=0.8441,=1.1467,=1.4503,=1.8023,=2.0978,=2.6696,=0.0365,=0.4845,=0.0232,=0.0331,=0.0366,=0.0445,=0.0593,=0.0220,=0.0873,=0.0231,=1160
="H30095",医药红利,2013-07-02,=-0.0199,=14001.8100,=-0.0943,=16.9182,=0.1472,=14.6474,=17.2228,=19.6426,=27.0110,=34.8020,=1.6578,=0.0393,=1.4797,=1.7778,=2.4294,=3.0979,=4.2060,=0.9478,=0.1536,=0.7612,=0.9872,=1.5064,=1.9959,=2.8268,=0.0379,=0.9945,=0.0116,=0.0175,=0.0225,=0.0305,=0.0398,=0.0293,=0.1019,=0.0311,=101
="000914",300金融,2007-07-02,=0.0122,=6077.0400,=-0.0954,=7.8262,=0.4924,=5.2769,=6.6022,=7.8403,=8.6017,=11.3863,=0.7795,=0.3142,=0.5962,=0.7048,=0.8784,=1.1226,=1.4919,=2.1434,=0.8408,=1.1210,=1.4310,=1.8122,=2.1075,=2.7052,=0.0375,=0.4899,=0.0235,=0.0340,=0.0376,=0.0467,=0.0618,=0.0223,=0.0897,=0.0236,=347
="000992",全指金融,2011-08-02,=0.0109,=5416.0800,=-0.0955,=8.2522,=0.4932,=5.9310,=7.1022,=8.2746,=9.0288,=11.6339,=0.7883,=0.3023,=0.6188,=0.7234,=0.8929,=1.1446,=1.5107,=2.1398,=0.8421,=1.1568,=1.4432,=1.8064,=2.0924,=2.6668,=0.0362,=0.5093,=0.0229,=0.0327,=0.0361,=0.0437,=0.0581,=0.0217,=0.0846,=0.0227,=2713
="932369",1000现金流,2024-11-12,=-0.0059,=3333.1300,=-0.0961,=17.9601,=0.3141,=16.0705,=17.6904,=18.4204,=19.3366,=21.4836,=1.5225,=0.1501,=1.4251,=1.5347,=1.6413,=1.7524,=1.8728,=0.8957,=0.2194,=0.8034,=0.8904,=1.0072,=1.0628,=1.3230,=0.0266,=0.3349,=0.0230,=0.0261,=0.0272,=0.0286,=0.0311,=0.0245,=0.0821,=0.0237,=61
="000977",内地低碳,2011-01-21,=-0.0054,=1882.4700,=-0.0969,=28.6439,=0.5996,=13.7595,=20.8967,=26.8104,=35.4182,=50.3864,=2.7153,=0.4107,=1.9264,=2.3844,=2.8700,=3.6471,=6.0727,=2.7180,=0.4606,=1.6847,=2.2202,=2.8172,=3.3634,=6.7765,=0.0185,=0.7538,=0.0061,=0.0100,=0.0158,=0.0194,=0.0258,=0.0220,=0.0823,=0.0200,=396
="931755",SEEE碳中和,2021-10-21,=-0.0073,=1884.7100,=-0.1025,=22.8444,=0.6476,=13.4966,=17.5202,=21.4200,=24.8294,=29.4214,=2.3119,=0.4473,=1.7561,=1.9707,=2.3746,=2.7124,=3.9105,=1.4484,=0.7733,=0.8856,=1.0413,=1.2345,=1.4715,=2.3046,=0.0186,=0.5492,=0.0102,=0.0151,=0.0180,=0.0219,=0.0256,=0.0267,=0.0916,=0.0211,=145
="930771",CS新能源,2015-12-16,=-0.0085,=2412.5300,=-0.1038,=33.1244,=0.4422,=11.2377,=23.3289,=34.4883,=44.9661,=62.8342,=2.5840,=0.4028,=1.7615,=2.1641,=2.8551,=3.8896,=7.2156,=2.1872,=0.4842,=1.2791,=1.6721,=2.2221,=3.0795,=6.6822,=0.0137,=0.7504,=0.0028,=0.0058,=0.0094,=0.0155,=0.0247,=0.0221,=0.0668,=0.0165,=36
="931672",风电产业,2021-04-29,=-0.0178,=1577.7800,=-0.1043,=32.3042,=0.8689,=16.8665,=21.1648,=24.3187,=29.7990,=45.5856,=1.8142,=0.3832,=1.3490,=1.6850,=1.9804,=2.4522,=3.5946,=2.1968,=0.5144,=1.4458,=1.8954,=2.1679,=2.6976,=3.3215,=0.0122,=0.5648,=0.0064,=0.0084,=0.0116,=0.0154,=0.0206,=0.0166,=0.0571,=0.0184,=65
="399807",高铁产业,2015-01-20,=0.0059,=1110.1700,=-0.1063,=12.0359,=0.3472,=9.4881,=11.2215,=12.7643,=15.0079,=24.3532,=0.7613,=0.0103,=0.7241,=0.9142,=1.0234,=1.4397,=2.3973,=0.3871,=0.2689,=0.3063,=0.3760,=0.4200,=0.4646,=0.6435,=0.0304,=0.9361,=0.0090,=0.0146,=0.0237,=0.0279,=0.0348,=0.0121,=0.0541,=0.0137,=597
="399814",大农业,2014-07-22,=-0.0027,=1069.2200,=-0.1083,=27.4313,=0.4689,=17.8693,=23.4731,=28.0244,=32.4938,=111.7688,=2.7689,=0.0767,=2.4368,=2.9129,=3.2571,=4.3740,=6.4483,=1.5313,=0.2433,=1.2031,=1.4984,=1.8067,=2.3352,=3.7145,=0.0248,=0.9249,=0.0100,=0.0141,=0.0172,=0.0230,=0.0287,=0.0257,=0.1209,=0.0380,=779
="931733",绿色能源,2021-08-19,=-0.0055,=4657.0500,=-0.1098,=29.6452,=0.4155,=12.7308,=19.2912,=32.3581,=41.2610,=65.3510,=3.1195,=0.3768,=2.3311,=2.7958,=3.4929,=5.3969,=8.0150,=2.0803,=0.3990,=1.3651,=1.7983,=2.2841,=4.1971,=7.5185,=0.0161,=0.5721,=0.0043,=0.0070,=0.0150,=0.0213,=0.0259,=0.0248,=0.0932,=0.0189,=31
="931798",光伏龙头30,2009-06-16,=-0.0084,=1849.7400,=-0.1113,=26.6965,=0.5563,=8.0886,=17.2411,=24.1376,=37.6614,=66.5518,=2.1829,=0.3645,=1.6869,=2.0262,=2.4217,=4.5878,=8.3847,=2.2748,=0.6685,=0.9999,=1.3476,=1.7192,=3.0761,=5.7040,=0.0118,=0.5452,=0.0027,=0.0059,=0.0111,=0.0206,=0.0351,=0.0172,=0.0745,=0.0196,=203
="980028",龙头家电,2015-02-16,=-0.0053,=11179.8300,=-0.1119,=14.1056,=0.3212,=11.8600,=13.7103,=14.5600,=18.3956,=31.1013,=2.4907,=0.0452,=2.2513,=2.6415,=2.8888,=3.6437,=5.1202,=1.2544,=0.3356,=0.9787,=1.2041,=1.3248,=1.4715,=2.2318,=0.0453,=0.9749,=0.0174,=0.0268,=0.0333,=0.0400,=0.0472,=0.0430,=0.1789,=0.0477,=189
="931573",HKC科技,2014-05-21,=-0.0374,=2879.4700,=-0.1120,=22.4664,=0.0701,=18.3272,=24.2660,=28.2063,=39.5596,=82.7075,=2.9742,=0.2051,=2.3269,=2.9646,=3.3268,=4.1942,=10.6583,=1.7430,=0.0708,=1.5041,=1.9688,=2.2897,=3.3417,=8.3359,=0.0097,=0.9493,=0.0015,=0.0040,=0.0065,=0.0088,=0.0111,,=0.1200,,=307
="980032",新能电池,2015-02-17,=-0.0078,=13975.3300,=-0.1124,=24.3775,=0.2652,=14.3994,=22.4660,=30.1173,=80.1269,=130.4039,=3.5843,=0.2949,=2.4545,=3.3555,=4.2410,=7.6280,=11.8091,=1.9250,=0.3413,=1.1163,=1.6939,=2.2326,=4.8585,=7.8642,=0.0132,=0.7261,=0.0011,=0.0019,=0.0084,=0.0155,=0.0224,=0.0362,=0.1357,=0.0304,=757
="000812",细分机械,2012-04-11,=-0.0152,=6826.6600,=-0.1126,=27.7467,=0.4058,=14.1771,=22.0432,=31.4624,=39.9082,=51.3583,=2.9153,=0.6260,=1.6005,=2.1653,=2.5309,=3.4006,=5.3964,=1.9579,=0.6227,=1.1287,=1.4635,=1.7337,=2.2906,=3.5603,=0.0167,=0.7988,=0.0047,=0.0079,=0.0118,=0.0168,=0.0237,=0.0226,=0.0835,=0.0173,=207
="930614",环保50,2015-04-07,=-0.0064,=2035.1700,=-0.1137,=28.6439,=0.6136,=13.7595,=20.5125,=26.8035,=35.1194,=50.3864,=2.7153,=0.4054,=1.9059,=2.3842,=2.8846,=3.6683,=6.0727,=2.7180,=0.4474,=1.6847,=2.2438,=2.8716,=3.3746,=6.6309,=0.0185,=0.6837,=0.0061,=0.0100,=0.0160,=0.0201,=0.0258,=0.0222,=0.0831,=0.0199,=210
="H30217",医疗器械,2013-07-15,=-0.0184,=8701.1100,=-0.1138,=41.3757,=0.5501,=17.1055,=29.5762,=39.4425,=56.4120,=80.6195,=2.6690,=0.0181,=2.4731,=3.2138,=4.7357,=6.5700,=11.6091,=4.8045,=0.0532,=4.1030,=5.3324,=6.0194,=8.1128,=13.3528,=0.0152,=0.7604,=0.0035,=0.0052,=0.0076,=0.0156,=0.0236,=0.0184,=0.0626,=0.0209,=1349
="931454",港股通消费,2020-03-06,=-0.0025,=1363.2200,=-0.1146,=14.8004,=0.0339,=13.3496,=20.3733,=26.8984,=36.1998,=64.7193,=2.5012,=0.0345,=2.2532,=3.1431,=3.6294,=5.0863,=8.9519,=1.3296,=0.0307,=1.1976,=1.9087,=2.3724,=3.5514,=6.6047,=0.0449,=0.9617,=0.0043,=0.0072,=0.0119,=0.0152,=0.0498,,=0.1670,,=409
="000963",中证下游,2010-04-16,=-0.0076,=5047.1400,=-0.1162,=22.4648,=0.2367,=17.2626,=22.2745,=25.2384,=33.1012,=51.0836,=2.2308,=0.0173,=2.0766,=2.5679,=3.0586,=3.4358,=5.6334,=1.4843,=0.0800,=1.2209,=1.6063,=1.7570,=2.0795,=3.4797,=0.0289,=0.9604,=0.0087,=0.0135,=0.0161,=0.0264,=0.0315,=0.0267,=0.0958,=0.0301,=32
="000941",新能源,2009-10-28,=-0.0094,=2272.6900,=-0.1170,=22.4985,=0.2816,=10.2578,=20.0248,=28.6387,=37.3127,=57.4660,=2.9510,=0.4965,=1.8262,=2.2548,=2.9547,=3.8432,=8.1424,=2.4923,=0.6404,=1.2704,=1.5650,=2.2651,=2.9648,=7.0320,=0.0169,=0.7711,=0.0031,=0.0063,=0.0104,=0.0183,=0.0268,=0.0322,=0.1201,=0.0313,=2479
="980027",新能源电池,2015-02-16,=-0.0102,=2977.9900,=-0.1185,=24.8955,=0.4781,=16.8641,=21.1686,=25.0681,=30.4612,=35.7610,=4.0474,=0.6327,=2.5249,=3.0406,=3.4899,=4.4216,=5.0827,=2.7003,=0.6585,=1.4888,=1.9132,=2.4174,=3.2432,=3.8612,=0.0168,=0.6057,=0.0052,=0.0081,=0.0153,=0.0185,=0.0213,=0.0376,=0.1513,=0.0348,=115
="H30178",医疗保健,2013-07-15,=-0.0183,=11963.3400,=-0.1187,=40.7033,=0.4235,=19.5848,=32.8016,=44.8623,=64.8272,=123.2936,=2.7185,=0.0161,=2.5190,=3.3486,=5.5047,=7.2989,=12.4381,=4.4758,=0.0173,=4.1521,=5.3631,=6.1816,=8.1023,=14.2518,=0.0147,=0.7835,=0.0029,=0.0041,=0.0061,=0.0149,=0.0219,=0.0196,=0.0653,=0.0216,=563
="930641",中证中药,2015-05-19,=-0.0163,=8383.8100,=-0.1189,=21.8948,=0.0771,=17.1921,=23.9680,=28.7079,=32.8246,=45.5431,=1.9844,=0.0136,=1.8142,=2.4589,=2.9145,=3.5052,=4.0837,=2.1388,=0.0120,=1.9582,=2.4319,=2.8009,=3.4580,=4.5776,=0.0390,=0.9930,=0.0073,=0.0128,=0.0164,=0.0259,=0.0421,=0.0326,=0.0928,=0.0347,=916
="931442",SHS科技100,2020-04-21,=-0.0225,=9481.0500,=-0.1191,=18.1982,=0.3938,=11.6240,=15.1210,=19.3909,=24.4951,=40.7731,=2.5930,=0.4785,=1.5813,=1.9769,=2.6365,=4.0025,=6.9092,=1.7360,=0.4872,=1.0913,=1.4380,=1.7600,=2.5326,=5.0819,=0.0155,=0.5882,=0.0042,=0.0090,=0.0137,=0.0221,=0.0322,,=0.1199,,=32
="931574",港股科技,2013-05-21,=-0.0374,=1544.7700,=-0.1201,=22.6023,=0.1807,=16.3025,=22.8970,=26.9360,=42.7281,=59.3282,=2.7660,=0.3629,=1.8790,=2.5309,=2.9443,=3.5717,=8.1693,=1.5392,=0.0986,=1.3201,=1.6747,=1.9664,=2.8172,=5.7490,=0.0106,=0.9022,=0.0011,=0.0030,=0.0071,=0.0100,=0.0126,,=0.1080,,=276
="930902",中证数据,2016-10-18,=-0.0261,=2804.8400,=-0.1204,=98.8007,=0.6621,=37.6891,=57.3385,=79.0243,=121.2772,=366.0842,=3.9706,=0.4808,=2.4001,=3.4297,=4.0021,=4.6652,=5.5171,=2.6920,=0.1086,=2.0473,=2.8781,=3.3636,=4.1528,=7.0542,=0.0042,=0.7439,=0.0020,=0.0030,=0.0036,=0.0047,=0.0091,=0.0025,=0.0339,=0.0011,=252
="930697",家用电器,2015-07-07,=-0.0104,=11245.2800,=-0.1208,=16.0269,=0.3105,=12.0193,=15.4243,=16.9868,=19.8234,=32.1495,=2.4852,=0.0829,=2.2889,=2.6572,=3.2102,=3.9701,=5.2226,=1.2283,=0.3056,=0.9879,=1.1843,=1.2965,=1.6199,=2.3694,=0.0397,=0.9856,=0.0137,=0.0223,=0.0266,=0.0336,=0.0418,=0.0370,=0.1413,=0.0419,=1747
="931412",证券公司30,2020-02-20,=0.0036,=1427.2200,=-0.1223,=12.4261,=0,=12.4261,=15.9563,=18.4944,=22.5367,=36.9291,=1.2520,=0.1700,=1.0327,=1.2662,=1.4408,=1.6963,=2.4365,=5.0660,=0.2099,=3.9462,=5.0392,=5.5695,=6.6960,=9.6353,=0.0244,=0.9766,=0.0091,=0.0147,=0.0169,=0.0213,=0.0256,=0.0228,=0.0861,=0.0218,=37
="932152",港股通成长策略,2025-04-30,=-0.0262,=1160.9900,=-0.1236,=17.0268,=0.0123,=16.5252,=18.0406,=18.7043,=21.0319,=22.5567,=2.2689,=0.0679,=2.1900,=2.3325,=2.6959,=2.8151,=3.0449,=1.6238,=0,=1.6238,=1.8283,=2.0509,=2.2096,=2.3595,=0.0213,=0.8889,=0.0152,=0.0180,=0.0193,=0.0209,=0.0248,,=0.1305,,=13
="399412",国证新能,2014-05-16,=-0.0086,=2593.8900,=-0.1238,=30.7789,=0.6008,=13.6858,=20.0843,=24.9953,=40.0619,=66.6027,=2.7964,=0.5361,=1.6349,=2.2652,=2.7229,=3.9698,=7.3016,=1.8107,=0.6099,=0.7993,=1.1878,=1.5697,=2.5873,=5.3757,=0.0141,=0.4520,=0.0032,=0.0058,=0.0152,=0.0184,=0.0274,=0.0217,=0.0862,=0.0211,=364
="931139",CS消费50,2019-03-20,=0.0089,=13972.4300,=-0.1242,=17.1961,=0.1498,=14.9525,=17.9682,=23.7732,=30.0254,=47.8630,=3.2522,=0.0333,=2.8552,=3.9855,=5.3069,=7.0296,=12.5456,=2.1157,=0.0189,=1.9104,=2.5686,=3.1123,=4.4479,=9.1270,=0.0430,=0.9628,=0.0083,=0.0161,=0.0216,=0.0362,=0.0484,=0.0528,=0.1922,=0.0638,=2239
="931747",中证储能,2021-10-15,=-0.0068,=6973.8300,=-0.1245,=24.5184,=0.3155,=16.6670,=22.2781,=27.4792,=52.4063,=124.6415,=3.9861,=0.2170,=3.1109,=3.9551,=4.6128,=6.8933,=12.5394,=2.0762,=0.4051,=1.2712,=1.7272,=2.2519,=3.7222,=8.7019,=0.0148,=0.7153,=0.0008,=0.0019,=0.0122,=0.0159,=0.0191,=0.0355,=0.1665,=0.0400,=143
="931487",SHS人工智能50,2020-05-06,=-0.0478,=1925.0700,=-0.1259,=29.6897,=0.3881,=18.6614,=25.6982,=31.8149,=37.0293,=66.0883,=4.7845,=0.5373,=3.0781,=4.0591,=4.6772,=6.3197,=10.5947,=5.4311,=0.5680,=3.3555,=4.5138,=5.2140,=6.7835,=9.5096,=0.0061,=0.5743,=0.0019,=0.0035,=0.0058,=0.0075,=0.0094,,=0.1427,,=84
="950096",上海国企,2016-05-11,=0.0032,=1321.0300,=-0.1269,=12.9600,=0.5786,=8.9055,=11.0343,=12.5701,=15.1974,=16.5992,=1.0448,=0.3786,=0.7269,=0.8713,=1.1193,=1.4389,=1.9662,=1.1288,=0.7757,=0.5842,=0.6832,=0.8501,=1.1430,=1.2890,=0.0236,=0.3530,=0.0177,=0.0207,=0.0257,=0.0281,=0.0334,=0.0189,=0.0761,=0.0213,=174
="987008",港股通科技,2021-03-08,,,=-0.1279,=20.8510,=0.0564,=16.3992,=24.0235,=27.0462,=33.6798,=63.8758,=2.5701,=0.0393,=2.3408,=2.9172,=3.3984,=3.9443,=8.4842,=1.8145,=0,=1.8145,=2.5644,=2.9693,=3.8290,=8.7605,=0.0074,=0.8144,=0.0015,=0.0033,=0.0059,=0.0073,=0.0093,,=0.0980,,=94
="931371",品牌消费100,2019-11-25,=0.0045,=5744.3400,=-0.1280,=17.4334,=0.2179,=14.6106,=17.2777,=21.7752,=30.5844,=41.6881,=3.1492,=0.0330,=2.8278,=3.6788,=4.4583,=6.5034,=9.5576,=2.0957,=0.1868,=1.7483,=2.1044,=2.6316,=3.8591,=5.3339,=0.0435,=0.9737,=0.0095,=0.0157,=0.0229,=0.0371,=0.0479,=0.0505,=0.1847,=0.0654,=9
="000069",消费80,2010-05-28,=-0.0122,=4279.6500,=-0.1282,=22.6286,=0.2565,=16.4356,=22.3036,=24.9042,=33.0497,=60.5019,=2.9559,=0.0891,=2.4642,=3.1938,=3.5466,=4.8097,=7.6372,=1.7924,=0.4128,=1.0743,=1.5166,=1.9152,=2.7436,=3.8795,=0.0272,=0.9769,=0.0078,=0.0117,=0.0183,=0.0234,=0.0296,=0.0378,=0.1324,=0.0420,=944
="931239",港股通汽车,2022-07-21,=-0.0212,=2013.7400,=-0.1292,=26.8823,=0.8789,=12.1049,=14.3699,=17.1986,=25.8371,=32.0714,=2.8423,=0.8752,=1.2076,=1.4395,=1.6046,=2.7070,=3.5989,=1.4237,=0.8208,=0.6024,=0.6872,=0.7618,=1.3916,=1.7776,=0.0135,=0.1780,=0.0091,=0.0148,=0.0202,=0.0227,=0.0338,,=0.1152,,=53
="399975",证券公司,2013-07-15,=0.0036,=742.2200,=-0.1295,=13.4667,=0,=13.4667,=18.7096,=21.4877,=26.4841,=46.0250,=1.2644,=0.1390,=1.0494,=1.2996,=1.5394,=1.8481,=2.4199,=5.3251,=0.1406,=4.0997,=5.4671,=6.3253,=7.4089,=10.0865,=0.0227,=0.9427,=0.0082,=0.0129,=0.0150,=0.0201,=0.0244,=0.0211,=0.0810,=0.0201,=9895
="HSSCNE",恒生港股通新经济指数,2018-01-08,=-0.0380,=3739.4400,=-0.1297,=23.9011,=0.4915,=15.8046,=20.8018,=23.9839,=28.3544,=53.5009,=2.6725,=0.4016,=1.7963,=2.2574,=2.8218,=3.4616,=6.9059,=1.8868,=0.3743,=1.4023,=1.7314,=1.9913,=2.5474,=5.3019,=0.0109,=0.5226,=0.0041,=0.0086,=0.0108,=0.0166,=0.0252,,=0.1278,,=205
="931021",家电龙头,2017-10-17,=-0.0097,=15719.3800,=-0.1299,=14.9926,=0.3655,=11.3343,=14.2734,=15.7113,=19.2436,=31.7589,=2.5487,=0.1393,=2.3641,=2.6285,=3.0385,=3.8956,=5.4650,=1.2244,=0.4705,=0.8457,=1.1185,=1.2343,=1.4798,=2.4102,=0.0421,=0.9865,=0.0135,=0.0213,=0.0286,=0.0359,=0.0436,=0.0396,=0.1676,=0.0453,=39
="931719",CS电池,2013-07-15,=-0.0111,=3695.2700,=-0.1309,=24.6401,=0.1377,=15.7007,=26.2602,=38.6728,=63.4733,=121.8822,=3.7348,=0.4462,=1.9771,=2.9292,=3.9099,=5.7588,=11.8941,=2.4996,=0.3794,=1.2782,=2.0990,=2.9804,=4.5593,=9.5565,=0.0152,=0.8536,=0.0012,=0.0035,=0.0068,=0.0124,=0.0220,=0.0377,=0.1370,=0.0297,=576
="399417",新能源车,2014-09-24,=-0.0095,=3380.6400,=-0.1309,=25.0239,=0.3773,=14.2186,=20.9718,=29.8855,=55.4460,=106.6289,=3.4207,=0.4874,=1.6630,=2.3823,=3.4464,=4.4651,=9.6468,=1.8735,=0.5175,=0.6730,=1.0543,=1.8500,=2.4379,=6.6041,=0.0135,=0.5736,=0.0016,=0.0053,=0.0123,=0.0183,=0.0316,=0.0339,=0.1319,=0.0293,=2442
="931151",光伏产业,2019-04-22,=-0.0117,=2483,=-0.1312,=-669.3599,=0.8928,=9.5087,=20.7311,=38.4272,=83.8547,=2491.4939,=2.0440,=0.3049,=1.5562,=1.9288,=2.5999,=4.4629,=6.9801,=1.8096,=0.4969,=0.8897,=1.2501,=1.8204,=3.1695,=5.9137,=0.0087,=0.4840,=0.0030,=0.0055,=0.0090,=0.0197,=0.0300,=0.0016,=0.0012,=0.0005,=2748
="932246",储能电池,2022-07-08,=-0.0087,=4180.1600,=-0.1313,=24.2404,=0.2964,=13.3190,=21.4002,=26.4387,=33.1408,=40.1514,=3.8021,=0.6270,=2.3139,=2.6931,=3.2856,=4.4493,=5.1292,=2.5319,=0.5977,=1.3666,=1.7015,=2.3058,=3.2821,=3.7523,=0.0164,=0.4967,=0.0111,=0.0132,=0.0165,=0.0200,=0.0231,=0.0403,=0.1439,=0.0321,=76
="399437",证券龙头,2014-12-30,=0.0031,=5914.0700,=-0.1318,=12.7153,=0,=12.7153,=17.3597,=19.9992,=25.0411,=43.0253,=1.2714,=0.1443,=1.0547,=1.2949,=1.5213,=1.8030,=2.3633,=5.1739,=0.1463,=3.9970,=5.3436,=6.2016,=7.2524,=9.5068,=0.0239,=0.9658,=0.0092,=0.0139,=0.0161,=0.0209,=0.0262,=0.0223,=0.0851,=0.0215,=720
="399808",中证新能,2015-02-10,=-0.0107,=2437.5600,=-0.1341,=33.1244,=0.4231,=11.2377,=23.4990,=35.6439,=45.6756,=62.8342,=2.5840,=0.3880,=1.7615,=2.1712,=2.9006,=3.8504,=7.2277,=2.1872,=0.4685,=1.2791,=1.6778,=2.2430,=3.0254,=6.6822,=0.0137,=0.7600,=0.0029,=0.0058,=0.0092,=0.0152,=0.0247,=0.0221,=0.0668,=0.0165,=1322
="931402",证券先锋,2020-01-14,=0.0037,=1805.0600,=-0.1344,=13.3639,=0,=13.3639,=17.2534,=20.7138,=25.7122,=41.4692,=1.2671,=0.1499,=1.0487,=1.2872,=1.4519,=1.7447,=2.4715,=5.3158,=0.1986,=4.0917,=5.3161,=5.8991,=7.0478,=10.0278,=0.0230,=0.9656,=0.0081,=0.0134,=0.0150,=0.0203,=0.0246,=0.0214,=0.0819,=0.0203,=97
="930608",中证基建,2015-03-31,=-0.0002,=7332.6800,=-0.1359,=10.0792,=0.4210,=6.6667,=8.6208,=10.4303,=13.2619,=25.2863,=0.7031,=0.0103,=0.6550,=0.8072,=1.0938,=1.4103,=2.2134,=0.2128,=0.1518,=0.1701,=0.2190,=0.3324,=0.4605,=0.7101,=0.0304,=0.9014,=0.0095,=0.0177,=0.0214,=0.0291,=0.0388,=0.0141,=0.0583,=0.0170,=663
="399976",CS新能车,2014-11-28,=-0.0074,=3848.7800,=-0.1382,=25.4238,=0.2412,=13.8890,=22.9016,=34.0923,=62.1175,=231.2544,=3.3325,=0.2652,=2.0896,=3.0970,=3.8388,=6.2213,=11.9870,=1.8944,=0.2524,=0.7703,=1.7976,=2.2940,=4.1916,=9.1824,=0.0123,=0.7707,=0.0014,=0.0031,=0.0075,=0.0134,=0.0276,=0.0343,=0.1248,=0.0265,=2029
="930746",港中小企,2015-08-26,=-0.0120,=2318.0100,=-0.1383,=19.5801,=0.8623,=7.8499,=11.1083,=14.2675,=18.3039,=36.0739,=0.9509,=0.3936,=0.6829,=0.8307,=1.0716,=1.2269,=1.6951,=0.6837,=0.5024,=0.3939,=0.5280,=0.6824,=0.8172,=1.1520,=0.0372,=0.5724,=0.0210,=0.0272,=0.0336,=0.0436,=0.0585,,=0.0299,,=212
="931663",SHS消费龙头,2015-03-13,=-0.0083,=1749.4700,=-0.1390,=15.9879,=0.0176,=14.4278,=20.0282,=26.5715,=37.1075,=57.5191,=2.8891,=0.0187,=2.5314,=3.4028,=4.3132,=6.1379,=13.5979,=1.5576,=0.0574,=1.3592,=1.8794,=2.3931,=3.4214,=7.5123,=0.0300,=0.9344,=0.0069,=0.0133,=0.0170,=0.0254,=0.0421,,=0.1411,,=232
="399994",信息安全,2015-03-12,=-0.0213,=1569.5700,=-0.1391,=54.3789,=0.2458,=35.0629,=52.9088,=67.0359,=85.7906,=183.5630,=3.3722,=0.2054,=2.3256,=3.3600,=3.8570,=4.4672,=6.2767,=2.5160,=0.0363,=2.1829,=2.8561,=3.2348,=3.8075,=5.1182,=0.0137,=0.9645,=0.0023,=0.0036,=0.0058,=0.0096,=0.0172,=0.0078,=0.0539,=0.0040,=93
="399365",国证粮食,2009-11-04,=0.0122,=11646.5900,=-0.1403,=22.8727,=0.3216,=13.3311,=20.2221,=26.8514,=35.2364,=54.5886,=2.0847,=0.2181,=1.6393,=2.0561,=4.0855,=6.4747,=11.3501,=0.8415,=0.2396,=0.5961,=0.8004,=3.1249,=4.6104,=8.7065,=0.0192,=0.7047,=0.0080,=0.0130,=0.0163,=0.0211,=0.0308,=0.0232,=0.0838,=0.0244,=83
="930794",中美互联网,2016-04-22,,,=-0.1419,=18.8053,=0,=18.8053,=27.9001,=32.4687,=38.0931,=50.5410,=5.0640,=0.1091,=3.5920,=5.5900,=6.5716,=7.5414,=9.2259,=4.3041,=0.2903,=2.2940,=3.8795,=4.8597,=5.5740,=7.0802,=0.0027,=0.6306,=0.0004,=0.0006,=0.0017,=0.0033,=0.0053,,=0.2458,,=435
="000949",中证农业,2009-10-28,=-0.0001,=4965.3800,=-0.1424,=45.5854,=0.8557,=14.4444,=21.2919,=29.1169,=36.8588,=1184.8568,=2.4577,=0.1687,=2.0719,=2.4998,=3.2594,=4.0480,=5.2895,=1.3142,=0.2532,=0.8980,=1.1771,=1.7149,=2.0301,=2.8101,=0.0167,=0.5452,=0.0077,=0.0144,=0.0165,=0.0190,=0.0257,=0.0068,=0.0985,=0.0327,=1069
="930997",新能源车,2017-07-19,=-0.0076,=2599.8700,=-0.1441,=25.5477,=0.3137,=14.0460,=20.4824,=31.5296,=71.5249,=171.6022,=3.3380,=0.4264,=1.7502,=2.4289,=3.6369,=6.0168,=11.4567,=1.9010,=0.4047,=0.7652,=1.2127,=2.1374,=3.8899,=8.7389,=0.0123,=0.5971,=0.0014,=0.0031,=0.0109,=0.0182,=0.0289,=0.0346,=0.1243,=0.0266,=1984
="000036",上证消费,2009-01-09,=0.0041,=9285.4400,=-0.1443,=19.8636,=0.0264,=17.8817,=22.6689,=31.6716,=40.5919,=69.3963,=4.4411,=0.0981,=3.7240,=5.2318,=6.5399,=9.2057,=14.9810,=4.2328,=0.2338,=1.9092,=4.0335,=4.8722,=7.3411,=10.9001,=0.0391,=0.9860,=0.0071,=0.0114,=0.0157,=0.0307,=0.0429,=0.0773,=0.2393,=0.0858,=2330
="000692",科创新能,2023-04-03,=-0.0083,=988.8700,=-0.1458,=-59.7279,=0.6448,=13.9124,=18.9229,=145.8845,=-45.0552,=279.8956,=2.3293,=0.5365,=1.4486,=1.8080,=2.2266,=2.7957,=4.0229,=1.5007,=0.5535,=0.8667,=1.1658,=1.4503,=1.9035,=2.6157,=0.0045,=0.0888,=0.0030,=0.0054,=0.0162,=0.0205,=0.0318,=-0.0018,=-0.0642,=-0.0138,=44
="399966",800证保,2012-12-21,=0.0087,=5626.8900,=-0.1491,=9.0561,=0.0004,=8.9920,=13.5344,=15.9952,=19.7375,=27.1945,=1.2444,=0.1262,=1.0619,=1.2980,=1.5886,=2.0352,=2.4366,=1.7426,=0.4676,=1.1634,=1.5249,=1.7807,=2.0457,=2.5211,=0.0289,=0.9480,=0.0122,=0.0160,=0.0213,=0.0243,=0.0329,=0.0247,=0.1256,=0.0286,=185
="H30588",中证证保,2015-02-02,=0.0086,=955.3900,=-0.1492,=9.0591,=0.0004,=8.9968,=13.5070,=16.0880,=19.5891,=27.6808,=1.2430,=0.1237,=1.0752,=1.2980,=1.5948,=2.0328,=2.4238,=1.7450,=0.4742,=1.1673,=1.5178,=1.7713,=2.0128,=2.5500,=0.0289,=0.9501,=0.0121,=0.0160,=0.0213,=0.0241,=0.0328,=0.0246,=0.1254,=0.0286,=483
="931456",中国教育,2020-04-21,=-0.0099,=1029.4640,=-0.1502,=28.7707,=0,=28.7707,=54.8767,=92.2608,=-136.7794,=28609.2511,=2.6675,=0.3467,=1.5831,=2.4466,=2.9347,=3.7825,=9.7545,=2.6144,=0.1545,=1.7011,=2.7377,=3.3481,=4.6728,=11.2012,=0.0083,=0.5415,=0.0035,=0.0059,=0.0082,=0.0098,=0.0209,,=0.0593,,=179
="000912",300消费,2007-07-02,=0.0156,=17610.4300,=-0.1511,=21.0982,=0.1621,=17.5697,=22.3259,=28.6958,=38.6920,=71.0374,=3.6653,=0.0334,=3.2494,=4.6699,=6.3986,=8.3233,=13.2137,=2.8821,=0.0697,=1.9809,=3.1977,=4.1912,=5.5033,=9.3193,=0.0420,=0.9790,=0.0078,=0.0128,=0.0188,=0.0291,=0.0471,=0.0602,=0.1878,=0.0812,=789
="931068",消费龙头,2018-11-21,=0.0073,=10748,=-0.1517,=17.3233,=0.1297,=15.0591,=18.1914,=22.8038,=29.8883,=44.3922,=3.2169,=0.0271,=2.8729,=4.1086,=4.6920,=6.5486,=10.3805,=2.0187,=0.0526,=1.8019,=2.5260,=3.2492,=4.0792,=7.0508,=0.0403,=0.9660,=0.0085,=0.0161,=0.0211,=0.0332,=0.0451,=0.0518,=0.2083,=0.0600,=2401
="931783",智能驾驶,2022-02-21,=-0.0151,=1271.9900,=-0.1525,=35.6436,=0.0301,=31.9944,=39.7662,=46.3238,=68.2046,=98.5983,=2.9616,=0.0456,=2.5981,=3.3048,=3.5582,=3.9484,=4.9384,=1.6018,=0.1113,=1.3276,=1.7141,=1.9254,=2.1185,=2.7953,=0.0097,=0.9973,=0.0048,=0.0063,=0.0071,=0.0082,=0.0101,=0.0149,=0.0928,=0.0256,=21
="931479",证券保险,2020-05-06,=0.0098,=899.8600,=-0.1532,=8.4333,=0.0007,=8.3667,=11.6635,=13.3254,=15.4680,=21.1012,=1.2203,=0.2004,=1.0296,=1.2199,=1.3697,=1.5582,=2.2844,=1.5947,=0.6149,=1.0318,=1.2779,=1.4682,=1.7808,=2.2879,=0.0308,=0.9093,=0.0162,=0.0225,=0.0251,=0.0289,=0.0357,=0.0256,=0.1317,=0.0302,=57
="931697",消费50策略,2021-07-12,=-0.0018,=7194.4000,=-0.1544,=19.2633,=0.3352,=16.4104,=18.4763,=20.7747,=31.2085,=38.9422,=2.9709,=0.0435,=2.6840,=3.5037,=3.8558,=5.1933,=7.0736,=1.6005,=0.0540,=1.4635,=1.7460,=1.9180,=2.8418,=3.5305,=0.0363,=0.9589,=0.0120,=0.0157,=0.0243,=0.0318,=0.0403,=0.0408,=0.1608,=0.0542,=64
="399804",中证体育,2015-02-09,=-0.0161,=1671.6800,=-0.1572,=23.7888,=0.1142,=17.8349,=25.1706,=30.7717,=43.3091,=84.6918,=2.8008,=0.2623,=2.0588,=2.7255,=3.1799,=3.7614,=5.5714,=2.4165,=0.2907,=1.7235,=2.3137,=2.8313,=3.9354,=7.1775,=0.0210,=0.8388,=0.0037,=0.0073,=0.0123,=0.0204,=0.0296,=0.0257,=0.0922,=0.0231,=306
="931746",储能产业,2015-06-11,=-0.0098,=3112.2400,=-0.1584,=28.1595,=0.3656,=12.7536,=19.7639,=32.0993,=41.3705,=70.6293,=3.1306,=0.3893,=2.2823,=2.7424,=3.3754,=4.9907,=8.8670,=2.0317,=0.4956,=1.1513,=1.5016,=2.0352,=3.1330,=6.6557,=0.0138,=0.6028,=0.0020,=0.0044,=0.0128,=0.0169,=0.0220,=0.0195,=0.0831,=0.0177,=162
="000911",300可选,2007-07-02,=0.0047,=5561.9700,=-0.1593,=17.9459,=0.4553,=11.4175,=16.2611,=18.2610,=24.5366,=45.8432,=1.9281,=0.0190,=1.7502,=2.2646,=2.5369,=3.0218,=4.4626,=0.8733,=0.0821,=0.7162,=0.9496,=1.0955,=1.3297,=2.0518,=0.0292,=0.9518,=0.0117,=0.0177,=0.0226,=0.0264,=0.0325,=0.0241,=0.1159,=0.0309,=34
="HSSI",恒生综合小型股指数,2001-10-03,=-0.0128,=1316.6000,=-0.1616,=23.9397,=0.7330,=7.3220,=11.0801,=16.3973,=26.2521,=83.7574,=0.9465,=0.4380,=0.5652,=0.7236,=0.9708,=1.1648,=1.4185,=0.6292,=0.3868,=0.3459,=0.4531,=0.6889,=0.9204,=1.2872,=0.0292,=0.4535,=0.0167,=0.0231,=0.0303,=0.0353,=0.0478,,,,=126
="H11052",智能电车,2009-07-22,=-0.0095,=3556.9300,=-0.1620,=25.2560,=0.1765,=16.1153,=26.1412,=32.7875,=63.3646,=148.6443,=3.4051,=0.2854,=2.6129,=3.1950,=3.8829,=5.5107,=9.7804,=1.7270,=0.2742,=1.2507,=1.6563,=2.0380,=3.2736,=6.6252,=0.0121,=0.8441,=0.0021,=0.0035,=0.0091,=0.0112,=0.0189,=0.0316,=0.1293,=0.0281,=199
="H30035",300非银,2012-12-21,=0.0120,=9340.7200,=-0.1625,=8.5437,=0.0004,=8.4740,=12.7218,=15.1659,=19.3628,=26.3489,=1.2350,=0.1262,=1.0544,=1.2966,=1.6035,=2.0434,=2.4387,=1.6039,=0.4194,=1.0410,=1.4185,=1.6985,=1.9729,=2.3917,=0.0302,=0.9439,=0.0124,=0.0164,=0.0222,=0.0259,=0.0352,=0.0253,=0.1294,=0.0297,=1258
="930910",农牧渔,2016-12-12,=0.0016,=8348.6700,=-0.1628,=1454.8506,=0.8099,=13.2246,=20.9166,=30.0332,=95.5289,=30031.8592,=2.2344,=0.0341,=1.9495,=2.4818,=2.9349,=3.6328,=4.9084,=0.9936,=0.0708,=0.8679,=1.0647,=1.4717,=2.0515,=2.7290,=0.0166,=0.7570,=0.0042,=0.0098,=0.0137,=0.0176,=0.0261,=-0.0088,=0.0664,=0.0304,=22
="399812",养老产业,2014-06-06,=-0.0191,=5300.5300,=-0.1628,=10.5907,=0.0012,=10.3086,=17.5756,=20.2945,=25.3954,=31.4367,=1.7312,=0.0223,=1.5864,=2.0335,=2.7926,=3.2414,=4.2954,=1.3990,=0.1089,=1.2170,=1.4508,=1.6758,=1.8719,=2.5548,=0.0278,=0.9777,=0.0096,=0.0131,=0.0172,=0.0244,=0.0306,=0.0294,=0.1459,=0.0345,=6277
="932450",香港现金流,2025-02-28,=-0.0066,=1682.7800,=-0.1631,=11.4711,=0.9158,=6.6300,=8.1867,=9.9755,=10.6700,=12.5131,=1.1616,=0.5462,=0.7408,=0.8604,=1.1406,=1.2702,=1.5038,=0.5733,=0.4592,=0.4577,=0.5247,=0.8642,=1.0283,=1.2561,=0.0380,=0.0027,=0.0367,=0.0427,=0.0529,=0.0597,=0.0728,,=0.0828,,=12
="930662",CS现代农,2015-07-13,=0.0034,=895.4200,=-0.1639,=136.4045,=0.8994,=13.0417,=20.6593,=28.7511,=61.3427,=301.1137,=2.2625,=0.0916,=1.8555,=2.5035,=2.8292,=3.1374,=4.3308,=0.9926,=0.1434,=0.8273,=1.0164,=1.1582,=1.5476,=2.1026,=0.0179,=0.8489,=0.0046,=0.0099,=0.0129,=0.0167,=0.0291,=-0.0091,=0.0850,=0.0345,=58
="HSSCITI",恒生港股通科技主题指数,2023-07-01,=-0.0426,=2434.7800,=-0.1646,=23.6033,=0.4773,=15.2810,=21.2066,=23.7642,=26.9063,=33.8690,=2.5503,=0.0947,=2.1914,=2.6952,=2.9173,=3.3986,=4.1810,=2.1199,=0.4825,=1.5305,=1.8500,=2.1362,=2.7110,=3.5648,=0.0097,=0.9209,=0.0061,=0.0075,=0.0084,=0.0091,=0.0106,,=0.1204,,=87
="931404",SHS品牌消费50,2020-02-20,=-0.0042,=2254.6600,=-0.1651,=16.2795,=0.0328,=15.2551,=18.2024,=21.4388,=29.9823,=52.1290,=3.7996,=0.0371,=3.2381,=4.5434,=5.2309,=7.2308,=13.2899,=3.2381,=0.2503,=2.1582,=3.1783,=4.0169,=6.3402,=12.0094,=0.0261,=0.7965,=0.0048,=0.0095,=0.0174,=0.0262,=0.0383,,=0.2165,,=141
="930653",CS食品饮,2015-06-05,=0.0005,=12593.6100,=-0.1656,=21.2935,=0.0796,=17.6031,=22.6888,=31.2780,=38.3114,=65.8842,=3.4166,=0.0181,=3.1030,=4.4090,=5.7100,=7.1300,=12.9907,=3.1727,=0.0140,=2.9247,=3.8082,=4.7671,=5.8503,=11.4166,=0.0393,=0.9880,=0.0078,=0.0127,=0.0179,=0.0309,=0.0425,=0.0615,=0.1583,=0.0705,=915
="000942",内地消费,2009-10-28,=0.0046,=8529.0300,=-0.1657,=19.6541,=0.3113,=14.4412,=18.7371,=21.7495,=33.3379,=52.6356,=2.6043,=0.0194,=2.3718,=3.1171,=3.6914,=5.0424,=7.7211,=1.4108,=0.1377,=1.1096,=1.4982,=1.7720,=2.5493,=4.1228,=0.0348,=0.9786,=0.0093,=0.0147,=0.0214,=0.0284,=0.0381,=0.0371,=0.1426,=0.0493,=772
="399959",军工指数,2011-08-30,=-0.0047,=1512.8400,=-0.1667,=43.9978,=0.0944,=34.5950,=50.2687,=60.1454,=71.8273,=156.6364,=2.7300,=0.2312,=2.0269,=2.6519,=3.2427,=4.0017,=5.9912,=2.4428,=0.0552,=2.1044,=2.6723,=3.2815,=3.8633,=5.2606,=0.0073,=0.8636,=0.0021,=0.0029,=0.0039,=0.0067,=0.0095,=0.0143,=0.0591,=0.0108,=21
="HSTECH",恒生科技指数,2020-07-01,=-0.0361,=4594.0400,=-0.1671,=24.2370,=0.4262,=14.7293,=21.8200,=25.8281,=41.9210,=73.7725,=2.4501,=0.2425,=1.7280,=2.3917,=2.7725,=3.7420,=8.3408,=1.5823,=0.0675,=1.2545,=1.7056,=2.0219,=3.1380,=6.6932,=0.0122,=0.9526,=0.0010,=0.0021,=0.0060,=0.0109,=0.0135,,=0.1207,,=7417
="399396",国证食品,2012-10-29,=0.0035,=14532.6200,=-0.1681,=20.4963,=0.0660,=17.1702,=21.8823,=30.0929,=37.3108,=66.0937,=3.5948,=0.0190,=3.2471,=4.5790,=6.1028,=7.6300,=14.3214,=3.4034,=0.0148,=3.1290,=3.9691,=5.0529,=6.2477,=12.4529,=0.0407,=0.9876,=0.0078,=0.0130,=0.0187,=0.0317,=0.0441,=0.0671,=0.1761,=0.0767,=1620
="930707",中证畜牧,2015-07-13,=-0.0031,=1833.5600,=-0.1693,=-483.1245,=0.8161,=11.3375,=17.7937,=26.8852,=114.1105,=237.1331,=2.2881,=0.0223,=1.9910,=2.6632,=3.2698,=4.1729,=5.8838,=0.9385,=0.0701,=0.8185,=1.0257,=1.4147,=2.0486,=2.9452,=0.0179,=0.7229,=0.0033,=0.0096,=0.0142,=0.0214,=0.0303,=-0.0138,=0.0829,=0.0347,=1232
="931946",畜牧养殖,2023-07-28,=-0.0020,=625.1500,=-0.1695,=63.8329,=0.8576,=14.8058,=16.4847,=24.7857,=42.7258,=702.5962,=2.4468,=0.1302,=2.1724,=2.5506,=2.6715,=2.7848,=3.1405,=1.0137,=0.1615,=0.8870,=1.0242,=1.0911,=1.1349,=1.2139,=0.0261,=0.4219,=0.0155,=0.0200,=0.0270,=0.0304,=0.0347,=0.0043,=0.0943,=0.0400,=15
="000807",食品饮料,2012-02-17,=0.0050,=15172.1200,=-0.1702,=19.8748,=0.0718,=16.7498,=21.3734,=30.4186,=37.6314,=67.1514,=3.8042,=0.0190,=3.4269,=4.7770,=6.2643,=8.2580,=14.6770,=4.3757,=0.1373,=3.6682,=4.5312,=5.6636,=7.6740,=12.7454,=0.0429,=0.9893,=0.0077,=0.0131,=0.0185,=0.0326,=0.0463,=0.0738,=0.1953,=0.0849,=4306
="931845",生猪产业,2012-04-11,=-0.0041,=1089.7600,=-0.1703,=-485.3822,=0.8784,=12.7881,=21.1629,=29.0076,=102.1539,=705.7713,=2.5852,=0.0313,=2.2394,=2.8710,=3.4442,=4.0839,=5.7536,=0.9574,=0.0598,=0.8323,=1.0277,=1.6191,=2.1471,=2.8287,=0.0202,=0.7802,=0.0091,=0.0130,=0.0172,=0.0209,=0.0316,=-0.0154,=0.0788,=0.0361,=164
="000815",细分食品,2012-04-11,=0.0039,=15511.7900,=-0.1720,=20.1750,=0.0969,=16.6089,=21.3902,=30.6741,=37.4251,=68.5596,=3.7394,=0.0190,=3.3595,=4.7296,=6.1938,=8.2709,=14.7926,=4.4373,=0.0507,=4.0083,=4.9234,=6.1115,=8.3455,=14.4971,=0.0416,=0.9880,=0.0072,=0.0123,=0.0164,=0.0321,=0.0452,=0.0708,=0.1902,=0.0845,=786
="HSSCT",恒生港股通中国科技指数,2020-02-01,=-0.0442,=6205.3800,=-0.1727,=23.7093,=0.3787,=15.0039,=21.9636,=24.7504,=31.9416,=55.7647,=2.5399,=0.1207,=1.8368,=2.6347,=3.0145,=4.6242,=8.0840,=2.1233,=0.3676,=1.1354,=1.8441,=2.3187,=3.1894,=6.0217,=0.0096,=0.9196,=0.0020,=0.0040,=0.0070,=0.0089,=0.0108,,=0.1201,,=101
="000990",全指消费,2011-08-02,=0.0041,=10492.4900,=-0.1758,=22.8282,=0.1934,=18.6483,=23.1122,=30.4492,=39.1217,=75.7240,=3.3978,=0.0190,=3.0373,=4.0640,=4.9947,=6.2867,=9.6579,=2.5034,=0.0656,=2.2209,=2.7731,=3.3220,=4.0947,=6.6514,=0.0382,=0.9777,=0.0082,=0.0125,=0.0158,=0.0289,=0.0432,=0.0524,=0.1676,=0.0712,=3861
="399809",保险主题,2015-02-13,=0.0199,=2198.0700,=-0.1761,=7.5010,=0.3567,=5.4537,=6.8114,=10.1972,=15.0245,=22.8725,=0.8222,=0.3534,=0.6352,=0.7647,=1.2141,=1.4858,=1.9794,=2.1866,=0.9390,=0.5239,=0.8688,=1.0970,=1.7770,=2.3772,=0.0382,=0.6330,=0.0120,=0.0209,=0.0304,=0.0488,=0.0686,=0.0227,=0.1015,=0.0246,=1517
="399286",区块链50,2019-12-24,=-0.0052,=3298.0700,=-0.1769,=16.6342,=0.0923,=13.8844,=17.7263,=20.7453,=28.4842,=40.1853,=1.8925,=0.2198,=1.4262,=1.8673,=2.1129,=2.7230,=3.6332,=1.7621,=0.4043,=1.3177,=1.5927,=1.8348,=2.0895,=2.8188,=0.0257,=0.9257,=0.0072,=0.0097,=0.0147,=0.0234,=0.0319,=0.0273,=0.0903,=0.0252,=158
="000989",全指可选,2011-08-02,=-0.0020,=4601.9100,=-0.1773,=21.0982,=0.2635,=14.8205,=20.3628,=24.2004,=30.9883,=46.1708,=2.1091,=0.1951,=1.6599,=2.1154,=2.4902,=2.8285,=3.2250,=0.9648,=0.1167,=0.8200,=1.0017,=1.1569,=1.4430,=1.7628,=0.0255,=0.9612,=0.0123,=0.0153,=0.0185,=0.0234,=0.0287,=0.0237,=0.1045,=0.0284,=1310
="000931",中证可选,2009-07-03,=-0.0039,=5068.8700,=-0.1843,=18.9838,=0.3035,=12.9961,=17.9577,=20.0980,=26.0964,=47.1695,=2.0134,=0.1014,=1.6991,=2.1094,=2.4845,=2.7966,=3.7874,=0.9264,=0.1538,=0.7260,=0.9608,=1.1113,=1.2792,=1.9265,=0.0275,=0.9612,=0.0120,=0.0178,=0.0209,=0.0248,=0.0298,=0.0252,=0.1143,=0.0305,=842
="399432",智能汽车,2014-12-30,=-0.0066,=5528.9700,=-0.1851,=24.5257,=0.4948,=12.3799,=17.8904,=24.8906,=66.1739,=131.3343,=3.3598,=0.4445,=1.4019,=2.1767,=3.5046,=6.5272,=11.4939,=1.9197,=0.5101,=0.5888,=0.9103,=1.8985,=4.6106,=8.8483,=0.0133,=0.5023,=0.0016,=0.0032,=0.0133,=0.0241,=0.0377,=0.0329,=0.1377,=0.0319,=22
="000932",中证消费,2009-07-03,=0.0034,=12418.7600,=-0.1856,=21.6191,=0.1645,=18.2526,=22.6040,=29.2776,=38.6663,=67.7039,=3.4434,=0.0186,=3.0877,=4.2746,=5.3624,=7.0320,=11.1990,=2.6860,=0.0561,=2.0221,=2.9575,=3.5969,=4.6842,=7.7724,=0.0399,=0.9790,=0.0082,=0.0130,=0.0175,=0.0293,=0.0448,=0.0540,=0.1726,=0.0732,=12508
="931357",优选消费50,2019-11-15,=-0.0051,=2438.7700,=-0.1872,=17.5640,=0.0263,=16.0077,=20.3175,=24.6617,=32.8757,=53.0529,=2.7784,=0.0123,=2.5395,=3.6533,=4.3155,=7.1319,=11.6208,=1.7373,=0.0111,=1.5982,=2.2818,=2.6865,=5.1815,=8.8232,=0.0261,=0.9831,=0.0058,=0.0100,=0.0146,=0.0201,=0.0287,,=0.1689,,=398
="980022",机器人产业,2015-02-25,=-0.0301,=2156.4900,=-0.1874,=51.6440,=0.7956,=13.7974,=16.6959,=20.4983,=53.7384,=93.9438,=4.3374,=0.6542,=2.5198,=3.0617,=3.6698,=4.8067,=6.2730,=3.6255,=0.7751,=1.0172,=1.2358,=1.4370,=3.9518,=5.9220,=0.0062,=0.2031,=0.0039,=0.0060,=0.0201,=0.0295,=0.0381,=0.0186,=0.0892,=0.0245,=349
="H30094",消费红利,2013-07-02,=0.0033,=30175.5000,=-0.1876,=18.7734,=0.0635,=16.2060,=20.4763,=27.7746,=33.4547,=59.6542,=3.5328,=0.0186,=3.1510,=4.3764,=5.3356,=6.7479,=11.0368,=3.9466,=0.3748,=2.0635,=3.3388,=4.3055,=5.3148,=8.4259,=0.0451,=0.9885,=0.0123,=0.0178,=0.0223,=0.0350,=0.0491,=0.0717,=0.1905,=0.0792,=2178
="399393",国证地产,2012-08-20,=-0.0099,=2529.5000,=-0.1893,=-5.6998,=0.9835,=6.3321,=8.5850,=15.6526,=-1409.2898,=115902.4187,=0.7605,=0.1080,=0.5768,=0.8320,=1.0575,=1.6371,=2.5183,=0.5468,=0.3361,=0.3699,=0.5163,=0.6389,=1.0541,=1.7471,=0.0109,=0.0577,=0.0083,=0.0182,=0.0259,=0.0342,=0.0478,=-0.0014,=-0.0767,=0.0012,=1435
="399440",国证钢铁,2014-12-30,=0.0099,=1200.0500,=-0.1922,=28.1200,=0.6994,=5.7530,=9.0864,=18.4249,=36.1186,=695.2734,=0.9505,=0.3196,=0.7172,=0.9156,=1.0361,=1.3269,=2.0509,=0.4779,=0.5588,=0.3277,=0.3893,=0.4568,=0.6062,=1.3827,=0.0261,=0.4474,=0.0018,=0.0182,=0.0272,=0.0419,=0.0569,=0.0058,=0.0382,=0.0096,=471
="399973",中证国防,2014-04-15,=-0.0127,=1500.8000,=-0.1931,=58.8394,=0.5831,=28.8580,=43.6048,=54.2028,=71.5435,=106.5452,=3.2382,=0.2994,=2.3880,=3.0104,=3.5598,=4.7911,=7.7047,=2.9815,=0.3097,=1.9566,=2.7338,=3.8349,=4.5362,=7.1179,=0.0063,=0.7757,=0.0024,=0.0035,=0.0046,=0.0064,=0.0100,=0.0086,=0.0535,=0.0095,=647
="930875",空天军工,2016-08-17,=-0.0148,=1944.7900,=-0.1962,=64.5164,=0.5996,=27.3832,=45.5599,=55.8055,=73.3754,=98.7933,=3.5816,=0.4756,=2.4052,=3.1586,=3.6272,=4.9320,=7.9650,=3.2632,=0.4047,=2.1274,=2.8944,=3.6738,=4.5093,=7.7673,=0.0057,=0.7036,=0.0022,=0.0032,=0.0041,=0.0068,=0.0106,=0.0090,=0.0567,=0.0104,=110
="931009",建筑材料,2013-07-15,=-0.0026,=5010.7900,=-0.2020,=61.5325,=0.9593,=8.0662,=10.4142,=14.8729,=29.3730,=95.7816,=0.8263,=0.0161,=0.7557,=1.0086,=1.4947,=1.9899,=2.4800,=0.9156,=0.1534,=0.6904,=0.9491,=1.1569,=1.5138,=2.1670,=0.0244,=0.3587,=0.0085,=0.0228,=0.0262,=0.0309,=0.0487,=-0.0025,=0.0109,=-0.0006,=756
="399368",国证军工,2009-11-04,=-0.0123,=6782.7200,=-0.2041,=59.7280,=0.3913,=38.1822,=54.2867,=63.2337,=77.4330,=107.0849,=2.9140,=0.4058,=2.0244,=2.5859,=3.0250,=3.5372,=4.3940,=2.8283,=0.3625,=1.8459,=2.5701,=3.1796,=3.6960,=4.8014,=0.0059,=0.8561,=0.0025,=0.0033,=0.0045,=0.0056,=0.0080,=0.0129,=0.0477,=0.0081,=18
="399971",中证传媒,2014-04-15,=-0.0172,=1171.3300,=-0.2043,=31.3173,=0.3295,=18.4593,=27.0874,=34.6378,=44.0036,=90.0483,=2.1532,=0.2190,=1.5359,=2.1284,=2.5459,=3.2175,=5.2010,=2.5205,=0.1291,=1.9674,=2.6329,=3.1603,=4.4434,=6.6801,=0.0189,=0.7348,=0.0038,=0.0091,=0.0129,=0.0206,=0.0294,=0.0163,=0.0602,=0.0206,=6349
="931480",线上消费,2020-05-06,=-0.0169,=668.7200,=-0.2049,=47.8628,=0.2007,=33.5813,=47.8602,=65.1518,=96.1402,=132.5169,=2.8214,=0.3549,=1.9483,=2.5235,=3.0797,=3.6888,=5.0305,=2.8436,=0.7706,=1.1811,=1.5074,=1.8344,=2.9394,=4.8094,=0.0111,=0.9183,=0.0051,=0.0066,=0.0085,=0.0099,=0.0133,=0.0131,=0.0458,=0.0190,=79
="930606",中证钢铁,2015-03-31,=0.0089,=924.4200,=-0.2065,=55.4923,=0.7641,=5.9346,=9.2015,=19.0117,=60.1273,=77593.1899,=0.9617,=0.3151,=0.7076,=0.9197,=1.0474,=1.3344,=2.0450,=0.4572,=0.5118,=0.2931,=0.3819,=0.4522,=0.6016,=1.2948,=0.0246,=0.4392,=0.0018,=0.0167,=0.0255,=0.0409,=0.0542,=0.0020,=0.0221,=0.0071,=780
="931775",房地产,2013-07-15,=-0.0138,=2361.1700,=-0.2083,=-4.4286,=0.9876,=7.0141,=8.9821,=18.2040,=-32.8967,=1490.8370,=0.7488,=0.1130,=0.5750,=0.8247,=1.0339,=1.5722,=2.4442,=0.5519,=0.2792,=0.3617,=0.5322,=0.6678,=1.1177,=1.7893,=0.0064,=0.0132,=0.0058,=0.0146,=0.0234,=0.0325,=0.0448,=-0.0040,=-0.1024,=-0.0027,=942
="399617",深证消费,2011-06-15,=-0.0007,=7293.5700,=-0.2106,=31.1992,=0.7691,=15.3450,=22.1455,=26.3803,=32.2918,=1768.1548,=2.3806,=0.0140,=2.1129,=3.2662,=4.2054,=5.7490,=9.2732,=1.3742,=0.0132,=1.2428,=1.8527,=2.4385,=3.6985,=6.3240,=0.0361,=0.9320,=0.0100,=0.0137,=0.0185,=0.0262,=0.0433,=0.0294,=0.1055,=0.0582,=370
="399967",中证军工,2013-12-26,=-0.0138,=11047.0400,=-0.2116,=60.2049,=0.3885,=41.8350,=54.9002,=64.5659,=96.4913,=162.6003,=3.1898,=0.5093,=2.0425,=2.6005,=3.1758,=3.7869,=4.8699,=2.9636,=0.3410,=2.0545,=2.7207,=3.1045,=4.0092,=5.8225,=0.0056,=0.8478,=0.0021,=0.0030,=0.0039,=0.0054,=0.0081,=0.0129,=0.0501,=0.0096,=5988
="000816",细分地产,2012-04-11,=-0.0140,=2153.6400,=-0.2173,=-3.9149,=0.9930,=6.1299,=8.3282,=15.7334,=-52.7613,=2488.2259,=0.6969,=0.0816,=0.5599,=0.8020,=1.0367,=1.6481,=2.5676,=0.4822,=0.1621,=0.3390,=0.4917,=0.6051,=1.0292,=1.7076,=0.0054,=0.0247,=0.0044,=0.0174,=0.0275,=0.0358,=0.0516,=-0.0038,=-0.1018,=-0.0024,=10
="930721",CS智汽车,2015-08-05,=-0.0156,=4497.8100,=-0.2223,=32.2538,=0.0948,=27.2408,=33.8347,=39.3755,=48.8063,=67.2850,=3.1033,=0.1114,=2.5208,=3.2876,=3.8031,=5.3422,=7.3638,=1.1945,=0.0004,=1.1887,=1.4847,=1.8319,=2.6290,=3.8976,=0.0075,=0.5756,=0.0040,=0.0056,=0.0071,=0.0093,=0.0155,=0.0150,=0.1014,=0.0176,=491
="980018",卫星通信,2015-02-17,=-0.0289,=4140.5400,=-0.2253,=188.9507,=0.8970,=23.6003,=29.0393,=41.0012,=60.7492,=1063.4314,=5.4195,=0.9068,=1.7225,=2.0648,=2.5922,=4.3205,=7.7241,=6.9473,=0.9704,=1.5054,=1.8104,=2.3126,=3.1470,=9.8783,=0.0021,=0.0352,=0.0013,=0.0038,=0.0125,=0.0171,=0.0231,=0.0054,=0.0181,=0.0298,=137
="399699",金融科技,2017-06-09,=-0.0145,=3463.2300,=-0.2256,=13.2573,=0,=13.2573,=16.6333,=19.2656,=44.3037,=111.6316,=1.7248,=0.1571,=1.2665,=1.7883,=2.2673,=3.3944,=4.4660,=1.3861,=0.2080,=1.0709,=1.3789,=1.6153,=1.9071,=3.0519,=0.0243,=0.8424,=0.0041,=0.0063,=0.0188,=0.0235,=0.0329,=0.0209,=0.1027,=0.0223,=332
="930790",CS娱乐TI,2016-03-22,=-0.0153,=1095.8000,=-0.2293,=69.3386,=0.6635,=17.3299,=32.7877,=50.1040,=79.4185,=245.3480,=2.2335,=0.2680,=1.6576,=2.1420,=2.5299,=3.1109,=3.8872,=2.4628,=0.0488,=2.2057,=2.7455,=3.2125,=4.0246,=5.0752,=0.0161,=0.8647,=0.0039,=0.0093,=0.0124,=0.0152,=0.0240,=0.0124,=0.0200,=0.0156,=22
="399965",800地产,2012-12-21,=-0.0147,=2034.4800,=-0.2293,=-3.0049,=0.9860,=5.5394,=8.0041,=14.1293,=53.3254,=59.7245,=0.5281,=0.0148,=0.4663,=0.6976,=0.9783,=1.6064,=2.5596,=0.3223,=0.0198,=0.2856,=0.4079,=0.5082,=0.9983,=1.6493,=0.0068,=0.0066,=0.0064,=0.0179,=0.0280,=0.0369,=0.0562,=-0.0020,=-0.0854,=0.0007,=207
="932088",全指航空,2023-03-23,=-0.0098,=673.0300,=-0.2334,=69.8370,=0.5911,=36.9197,=49.4694,=67.3046,=87.9807,=116.5746,=3.2445,=0.3341,=2.3948,=3.0456,=3.3821,=3.8469,=4.9751,=3.0132,=0.2413,=2.2988,=2.9084,=3.5548,=4.0328,=4.9356,=0.0054,=0.3148,=0.0041,=0.0052,=0.0061,=0.0069,=0.0090,=0.0077,=0.0470,=0.0092,=55
="399987",中证酒,2014-12-10,=0.0065,=3825.4700,=-0.2346,=19.4393,=0.1064,=16.5000,=20.7622,=30.5274,=38.5048,=71.4257,=3.8549,=0.0190,=3.3943,=4.9102,=6.4715,=8.9992,=15.9495,=5.9927,=0.0730,=5.0607,=6.4801,=8.3135,=11.8299,=21.4371,=0.0444,=0.9885,=0.0067,=0.0114,=0.0162,=0.0324,=0.0485,=0.0789,=0.2043,=0.0944,=2787
="931066",军工龙头,2018-02-05,=-0.0090,=2641.9200,=-0.2352,=56.2886,=0.8214,=29.1719,=35.0436,=43.1025,=53.9677,=100.5281,=3.0184,=0.1236,=2.2914,=3.1347,=3.6617,=4.6036,=6.9932,=2.7346,=0.1651,=2.1745,=2.8045,=3.4379,=4.1817,=5.8746,=0.0061,=0.1105,=0.0050,=0.0064,=0.0077,=0.0092,=0.0116,=0.0067,=0.0495,=0.0098,=1079
="000126",消费50,2011-12-09,=0.0036,=6350.7600,=-0.2362,=19.2140,=0.1068,=15.1608,=20.2893,=22.8715,=32.8709,=57.2206,=2.5613,=0.0359,=2.2360,=3.0009,=3.4010,=4.8666,=7.3797,=1.4120,=0.2829,=0.9155,=1.2810,=1.8266,=2.6426,=3.8011,=0.0358,=0.9893,=0.0091,=0.0134,=0.0211,=0.0278,=0.0382,=0.0406,=0.1407,=0.0455,=92
="930601",中证软件,2015-03-10,=-0.0229,=4778.1200,=-0.2401,=96.2171,=0.6763,=29.3378,=51.8564,=79.5511,=128.9417,=302.4908,=4.6417,=0.4874,=2.7207,=3.9641,=4.6659,=5.6416,=7.7270,=5.5082,=0.6474,=2.8007,=4.0731,=4.9558,=6.0401,=8.6565,=0.0068,=0.9414,=0.0026,=0.0036,=0.0044,=0.0053,=0.0101,=0.0078,=0.0385,=-0.0029,=412
="931230",汽车零部件,2013-07-15,=-0.0110,=978.3600,=-0.2432,=25.3080,=0.3482,=18.5338,=23.9079,=26.6298,=30.4067,=34.9965,=2.6849,=0.5487,=1.8462,=2.2959,=2.6269,=3.1593,=3.7531,=1.6926,=0.5348,=1.1819,=1.4650,=1.6768,=2.0001,=2.3775,=0.0155,=0.7187,=0.0115,=0.0128,=0.0142,=0.0159,=0.0198,=0.0227,=0.1141,=0.0262,=55
="930625",SHS互联网,2015-04-21,=-0.0295,=2294.9900,=-0.2440,=18.4618,=0,=18.4618,=26.8750,=34.9552,=50.0025,=84.5605,=2.5242,=0.0051,=2.3016,=3.4493,=4.9002,=6.6326,=9.2961,=2.0487,=0,=2.0487,=3.4278,=4.2908,=5.7910,=8.7946,=0.0098,=0.9814,=0.0016,=0.0028,=0.0036,=0.0070,=0.0110,,=0.1125,,=338
="H30015",800汽车,2012-12-21,=-0.0019,=7594.8700,=-0.2452,=23.1994,=0.5171,=11.4503,=15.3626,=22.8573,=31.8612,=45.6288,=1.8537,=0.2367,=1.3220,=1.7478,=2.1706,=2.4572,=3.4622,=0.7833,=0.3819,=0.5106,=0.6736,=0.8485,=1.0480,=1.4573,=0.0164,=0.4705,=0.0097,=0.0134,=0.0168,=0.0286,=0.0411,=0.0155,=0.0922,=0.0213,=196
="HSIII",恒生互联网科技业指数,2020-07-20,=-0.0415,=2202,=-0.2501,=22.8229,=0.2332,=12.6629,=22.1953,=34.7637,=47.7321,=309808.9839,=2.2599,=0.0601,=1.7026,=2.5477,=3.7534,=6.1191,=8.5704,=1.7555,=0.0658,=1.1940,=1.9846,=2.4226,=3.5799,=5.1261,=0.0105,=0.8655,=0.0015,=0.0029,=0.0054,=0.0098,=0.0133,,=0.1194,,=2048
="H30202",软件指数,2013-07-15,=-0.0213,=11250.7000,=-0.2538,=94.7880,=0.5241,=45.1036,=65.7516,=91.4775,=155.6957,=372.5263,=4.2915,=0.1509,=2.9348,=4.4805,=5.3598,=6.5802,=8.8705,=5.7204,=0.2425,=3.9010,=5.4106,=6.8176,=7.9882,=12.1555,=0.0071,=0.9427,=0.0022,=0.0033,=0.0045,=0.0055,=0.0102,=0.0053,=0.0344,=-0.0039,=333
="931521",高装细分50,2020-07-08,=-0.0144,=2478.9700,=-0.2547,=84.7896,=0.7464,=33.8051,=48.5815,=59.1666,=96.0991,=160.3029,=3.5304,=0.2471,=2.5146,=3.4386,=4.0946,=4.9862,=6.8876,=3.6587,=0.1623,=2.7226,=3.8043,=4.3969,=5.0674,=6.7300,=0.0049,=0.3159,=0.0025,=0.0042,=0.0055,=0.0065,=0.0091,=0.0050,=0.0438,=0.0069,=83
="H30182",计算机,2013-07-15,=-0.0224,=5709.9100,=-0.2548,=338.1165,=0.7921,=33.2527,=55.4288,=103.9108,=365.7375,=65313.4473,=3.6857,=0.2565,=2.4295,=3.5853,=4.0737,=4.6276,=5.8765,=3.5987,=0.2057,=2.3635,=3.5895,=4.1334,=4.7340,=7.6223,=0.0054,=0.8314,=0.0028,=0.0040,=0.0045,=0.0053,=0.0091,=-0.0024,=0.0033,=-0.0042,=59
="930796",全球中国互联网,2016-04-22,=-0.0315,=1617.2739,=-0.2582,=15.4854,=0.0015,=15.1718,=20.8169,=39.0124,=53.7740,=115.7107,=2.2144,=0.0180,=1.8023,=2.6342,=3.9996,=6.9134,=9.6202,=1.6464,=0.0031,=1.5064,=2.2609,=3.7114,=6.3499,=9.5215,=0.0105,=0.9712,=0.0008,=0.0013,=0.0019,=0.0078,=0.0121,,=0.1307,,=51
="399997",中证白酒,2015-01-21,=0.0067,=6496.2800,=-0.2587,=19.5810,=0.1377,=16.2418,=20.3810,=29.7049,=37.9971,=71.4432,=4.0496,=0.0202,=3.5435,=5.2056,=7.2708,=9.8068,=17.8607,=6.8252,=0.0895,=5.9830,=7.2855,=9.8399,=13.6521,=24.8964,=0.0452,=0.9876,=0.0066,=0.0115,=0.0169,=0.0330,=0.0495,=0.0833,=0.2121,=0.1013,=7776
="931481",SHS线上消费,2020-05-06,=-0.0295,=820.4800,=-0.2602,=17.5326,=0,=17.5326,=23.3921,=29.6740,=46.5796,=121.3257,=2.4340,=0.0069,=2.2334,=3.1079,=3.5346,=4.7598,=9.8961,=1.9349,=0,=1.9349,=2.7392,=3.2787,=4.3221,=7.8524,=0.0107,=0.9636,=0.0020,=0.0033,=0.0056,=0.0086,=0.0119,,=0.1066,,=70
="930901",动漫游戏,2016-10-18,=-0.0071,=1560.6200,=-0.2628,=24.2692,=0.0748,=17.2478,=29.2965,=41.8534,=253.8393,=4647.5377,=2.9579,=0.5155,=1.7335,=2.3025,=2.9130,=4.0517,=7.9690,=3.8327,=0.1291,=2.8663,=4.1536,=4.9706,=6.7985,=10.0355,=0.0170,=0.8885,=0.0031,=0.0055,=0.0088,=0.0150,=0.0282,=0.0360,=0.1150,=0.0336,=886
="930781",中证影视,2016-02-04,=-0.0146,=1244.3000,=-0.2641,=-14174.1517,=0.6392,=16.7066,=43.1495,=212.4885,=-60.8596,=6083.5065,=1.6887,=0.0351,=1.4352,=2.0247,=2.3594,=3.3185,=5.6043,=3.6530,=0.2866,=2.7079,=3.4931,=4.2533,=5.4083,=9.3088,=0.0132,=0.9604,=0.0020,=0.0038,=0.0065,=0.0099,=0.0161,=0.0049,=0.0185,=0.0219,=187
="930604",中国互联网30,2015-03-23,=-0.0324,=7346.4015,=-0.2656,=14.9739,=0.0019,=14.4178,=19.7848,=41.3979,=59.1243,=131.9396,=2.1121,=0.0135,=1.7582,=2.5761,=4.0042,=7.0824,=10.3841,=1.5502,=0.0023,=1.4482,=2.1639,=3.8783,=6.4486,=9.5870,=0.0104,=0.9789,=0.0007,=0.0013,=0.0017,=0.0077,=0.0121,,,,=657
="H30533",中国互联网50,2014-12-29,=-0.0430,=6871.5292,=-0.2669,=14.9659,=0.0019,=14.4020,=20.0437,=41.2107,=57.0310,=137.0698,=2.0867,=0.0138,=1.7082,=2.5205,=3.9260,=6.7227,=9.7098,=1.5483,=0.0027,=1.4305,=2.1573,=3.8295,=6.4332,=9.1092,=0.0107,=0.9413,=0.0007,=0.0013,=0.0019,=0.0080,=0.0125,,,,=6874
="899050",北证50,2022-11-21,=-0.0202,=1053.6200,=-0.2685,=40.0659,=0.5049,=15.5447,=18.6553,=37.5185,=63.0367,=91.3357,=3.6610,=0.5269,=2.0170,=2.4401,=3.3680,=4.9536,=5.6723,=3.0439,=0.5181,=1.3969,=1.7298,=2.7769,=4.2407,=5.1557,=0.0099,=0.4501,=0.0062,=0.0076,=0.0114,=0.0146,=0.0185,=0.0174,=0.0675,=-0.0021,=790
="H11136",中国互联网,2011-09-20,=-0.0219,=3896.6147,=-0.2691,=14.7483,=0.0004,=14.4387,=19.6935,=42.3565,=57.1791,=137.0698,=2.0734,=0.0134,=1.7247,=2.5271,=3.9460,=6.7410,=9.7098,=1.5571,=0.0019,=1.5020,=2.2225,=4.0342,=6.5160,=9.1092,=0.0115,=0.9463,=0.0007,=0.0013,=0.0019,=0.0086,=0.0132,,,,=3384
="931594",卫星产业,2020-12-22,=-0.0277,=824.8000,=-0.2694,=153.0564,=0.6536,=44.5603,=96.3844,=131.4053,=230.5226,=428.4930,=4.7446,=0.8726,=2.3588,=3.0590,=3.5320,=4.0951,=7.6413,=6.6082,=0.8217,=3.4655,=4.5442,=5.1727,=6.2830,=11.4514,=0.0034,=0.6048,=0.0023,=0.0027,=0.0032,=0.0052,=0.0086,=0.0019,=0.0317,=0.0057,=198
="399805",互联金融,2015-02-10,=-0.0029,=2786.2400,=-0.2761,=8.6047,=0.0759,=7.5943,=9.5782,=11.3424,=13.1553,=16.5816,=0.9530,=0.1159,=0.7644,=1.0307,=1.3842,=1.7135,=2.0317,=1.7009,=0.6730,=1.1667,=1.4082,=1.6145,=1.7935,=2.2636,=0.0354,=0.8685,=0.0145,=0.0186,=0.0237,=0.0339,=0.0507,=0.0238,=0.0940,=0.0248,=339
="931646",SHS新消费,2021-04-07,=-0.0330,=1372.3600,=-0.2763,=17.3340,=0.0029,=17.0652,=22.6067,=25.9297,=30.5854,=45.1728,=2.5126,=0.0103,=2.2638,=3.1225,=3.5862,=4.1496,=7.2085,=2.0065,=0,=2.0065,=3.1754,=3.7042,=4.2094,=7.0452,=0.0108,=0.9772,=0.0024,=0.0045,=0.0066,=0.0085,=0.0121,,=0.1302,,=11
="CN5082",国证航天,2015-02-16,,,=-0.2833,=84.4876,=0.6893,=44.4252,=58.7037,=72.9861,=110.0400,=173.9279,=3.4310,=0.5204,=2.1924,=2.8239,=3.3393,=4.2972,=5.7391,=3.3875,=0.5179,=1.9232,=2.5629,=3.3514,=4.0362,=6.0090,=0.0045,=0.7520,=0.0021,=0.0030,=0.0038,=0.0049,=0.0082,=0.0055,=0.0382,=0.0066,=34
="931637",港股通互联网,2021-01-11,=-0.0367,=721.0600,=-0.2889,=16.8663,=0,=16.8663,=22.8806,=27.8308,=41.1686,=87.7368,=2.3858,=0.0130,=2.0886,=2.9958,=3.3974,=4.1711,=11.7021,=1.9105,=0,=1.9105,=2.8627,=3.3796,=4.2812,=11.5370,=0.0105,=0.9906,=0.0011,=0.0026,=0.0050,=0.0077,=0.0111,,,,=298
="980076",通用航空,2012-12-28,=-0.0097,=2627.6300,=-0.2919,=86.2564,=0.2152,=69.9916,=81.3041,=100.4975,=126.6842,=158.1149,=3.3098,=0.2885,=2.7445,=3.2264,=3.5232,=4.0713,=5.1513,=3.9496,=0.1149,=3.4358,=4.0638,=4.2977,=4.9028,=6.3273,=0.0051,=0.4768,=0.0037,=0.0042,=0.0051,=0.0060,=0.0073,=0.0066,=0.0297,=0.0083,=71
="930986",金融科技,2017-06-22,=-0.0106,=2210.0900,=-0.2919,=42.7326,=0.1899,=32.2484,=43.1586,=54.8885,=81.0068,=257.1796,=4.0621,=0.2154,=2.5474,=4.0248,=4.6702,=5.8095,=7.7786,=5.6064,=0.6562,=2.9625,=3.8794,=4.7790,=6.9863,=9.8281,=0.0087,=0.9300,=0.0040,=0.0051,=0.0059,=0.0073,=0.0120,=0.0192,=0.0872,=0.0151,=270
="399983",地产等权,2013-11-22,=-0.0212,=1442.5300,=-0.2919,=-1.8510,=0.9893,=5.0058,=7.3313,=10.5555,=37.4646,=75.5023,=0.4039,=0.0111,=0.3690,=0.5888,=1.0647,=1.7744,=2.8135,=0.2379,=0.0153,=0.2174,=0.3501,=0.4638,=0.9115,=1.5710,=0.0054,=0.0247,=0.0037,=0.0218,=0.0322,=0.0412,=0.0629,=-0.0053,=-0.0924,=-0.0025,=1010
="HSAIT",恒生人工智能主题指数,2023-09-01,=-0.0565,=3000.6000,=-0.2960,=-65.9709,=0.9740,=13.3665,=18.1405,=19.9522,=21.9521,=33.1012,=7.3604,=0.9685,=1.4634,=1.7637,=2.0917,=2.5174,=9.7315,=11.4809,=0.9699,=1.2708,=1.5080,=1.8323,=2.3169,=13.8516,=0.0009,=0.0260,=0.0008,=0.0171,=0.0193,=0.0214,=0.0235,,=0.1059,,=64
="931008",汽车指数,2013-07-15,=-0.0083,=8362.6400,=-0.3018,=25.9548,=0.4924,=12.0130,=17.5346,=26.0666,=36.0661,=55.3660,=1.9259,=0.2871,=1.1809,=1.5487,=2.2121,=2.4504,=3.4286,=0.8040,=0.3895,=0.4315,=0.5554,=0.9021,=1.0498,=1.4087,=0.0158,=0.4334,=0.0059,=0.0122,=0.0163,=0.0274,=0.0426,=0.0152,=0.0829,=0.0208,=495
="931855",通用航空,2025-04-02,=-0.0147,=889.1600,=-0.3115,=83.2302,=0.0295,=76.1514,=96.6736,=104.2835,=115.2073,=148.2866,=3.4151,=0.0147,=3.2007,=3.8413,=4.1027,=4.5751,=5.9420,=4.1760,=0.0383,=4.0348,=5.2749,=6.1993,=6.8722,=8.0546,=0.0054,=0.3894,=0.0042,=0.0050,=0.0058,=0.0062,=0.0073,=0.0068,=0.0445,,=12
="930633",中证旅游,2015-05-08,=-0.0015,=2249.8500,=-0.3223,=65.0129,=0.3790,=15.8968,=21.9722,=1951.1042,=-51.0196,=11171.4579,=1.9362,=0.0734,=1.6473,=2.1461,=2.3517,=2.8097,=3.6934,=1.0279,=0.0029,=1.0072,=1.3114,=1.6021,=2.5762,=3.7607,=0.0097,=0.8355,=0.0014,=0.0038,=0.0081,=0.0095,=0.0147,=0.0208,=-0.0128,=-0.0016,=630
="932584",智选港股通红利低波,2026-06-11,=-0.0078,=1755.0900,,=6.3473,=0.9400,=5.4952,=5.7598,=6.0897,=6.2094,=6.4396,=0.6478,=0.9200,=0.5613,=0.5883,=0.6224,=0.6347,=0.6578,=0.9725,=0.9200,=0.8443,=0.8849,=0.9350,=0.9533,=0.9893,=0.0539,=0.0800,=0.0530,=0.0549,=0.0560,=0.0591,=0.0621,,,,=17
="1000005",上海非金融A股,1994-01-01,,,,=30.7333,=0.8235,=15.3520,=20.3290,=23.4523,=29.7863,=34.6296,=2.2250,=0.7369,=1.5456,=1.8178,=2.0436,=2.2641,=2.5831,=1.3435,=0.9431,=0.7548,=0.9329,=1.0758,=1.2121,=1.4804,=0.0186,=0.4103,=0.0107,=0.0149,=0.0197,=0.0236,=0.0293,=0.0209,=0.0661,=0.0198,=189
="1000010",上海B股,1994-01-10,,,,=11.9198,=0.1282,=6.8464,=12.5962,=18.5424,=37.2537,=68.1787,=0.9166,=0.2289,=0.7158,=0.9066,=1.0070,=1.2235,=1.7346,=0.6755,=0.6755,=0.3163,=0.4060,=0.5564,=0.7270,=1.2119,=0.0437,=0.8120,=0.0085,=0.0243,=0.0347,=0.0434,=0.2559,,,=0.0164,=131
="1000011",A股非金融,1994-01-10,,,,=36.5393,=0.7707,=17.5718,=25.5269,=28.6060,=37.4887,=43.6945,=2.4942,=0.6165,=1.6561,=2.0403,=2.3286,=2.6843,=2.9749,=1.5582,=0.7765,=0.9476,=1.1421,=1.3066,=1.5703,=1.8156,=0.0158,=0.4746,=0.0087,=0.0121,=0.0160,=0.0192,=0.0256,=0.0205,=0.0612,=0.0189,=809
="1000014",科创板全指,2019-07-22,,,,=167.3218,=0.8140,=34.6058,=58.7425,=77.7514,=133.9768,=267.8356,=6.2601,=0.7506,=2.4875,=3.8123,=4.9458,=6.4876,=9.5957,=8.3344,=0.6733,=3.3799,=5.2145,=6.6596,=9.8451,=14.1086,=0.0028,=0.1744,=0,=0.0031,=0.0043,=0.0064,=0.0098,=0.0091,=0.0255,=0.0035,=1302

数据来源于：理杏仁网站(lixinger.com)