指数代码,指数名称,发布时间,涨跌幅,收盘点位,今年以来涨跌幅,PE-TTM(当前值),PE-TTM(分位点%),PE-TTM(最小值),PE-TTM(20%分位点值),PE-TTM(50%分位点值),PE-TTM(80%分位点值),PE-TTM(最大正值),PB(当前值),PB(分位点%),PB(最小值),PB(20%分位点值),PB(50%分位点值),PB(80%分位点值),PB(最大正值),PS-TTM(当前值),PS-TTM(分位点%),PS-TTM(最小值),PS-TTM(20%分位点值),PS-TTM(50%分位点值),PS-TTM(80%分位点值),PS-TTM(最大正值),股息率(当前值),股息率(分位点%),股息率(最小值),股息率(20%分位点值),股息率(50%分位点值),股息率(80%分位点值),股息率(最大正值),净资产收益率(ROE)(2026Q1),净资产收益率(ROE)(2025Q4),净资产收益率(ROE)(2025Q1),关注度
="931039",银行AH,2017-12-06,=0.0001,=11629.0700,=-0.0903,=5.5194,=0.6129,=3.2016,=4.0770,=5.2214,=5.9045,=7.9938,=0.5209,=0.3330,=0.3790,=0.4572,=0.5660,=0.7128,=1.0569,=2.0716,=0.7695,=1.0856,=1.4324,=1.7491,=2.1410,=2.9053,=0.0529,=0.4162,=0.0324,=0.0492,=0.0547,=0.0739,=0.0997,,=0.0881,,=99
="932584",智选港股通红利低波,2026-06-11,=0.0109,=1665.2800,,=5.6356,=0.0909,=5.6119,=5.6739,=5.9106,=6.1973,=6.2685,=0.5756,=0.0909,=0.5732,=0.5795,=0.6037,=0.6330,=0.6403,=0.8658,=0.0909,=0.8622,=0.8717,=0.9081,=0.9521,=0.9631,=0.0605,=0.9091,=0.0544,=0.0550,=0.0577,=0.0601,=0.0608,,,,=6
="H11146",港股通内地金融,2010-06-02,=0.0069,=1054.0500,=-0.0424,=5.7144,=0.4367,=3.2759,=4.5177,=6.0271,=6.7500,=9.2347,=0.5802,=0.3491,=0.3797,=0.4938,=0.6654,=0.8765,=1.1859,=1.4802,=0.6918,=0.6692,=0.9478,=1.3046,=1.5984,=2.1885,=0.0505,=0.5008,=0.0302,=0.0445,=0.0503,=0.0726,=0.0994,,=0.0970,,=40
="HSSCSOY",恒生港股通中国央企红利指数,2023-06-01,=0.0032,=3780.6000,=-0.0597,=6.3077,=0.6402,=4.1647,=4.6419,=5.6725,=6.9733,=7.8218,=0.5852,=0.4749,=0.4381,=0.4947,=0.5925,=0.6864,=0.7455,=0.9889,=0.9061,=0.5323,=0.5963,=0.7442,=0.9404,=1.0875,=0.0564,=0.1693,=0.0487,=0.0570,=0.0703,=0.0865,=0.0936,,=0.0921,,=247
="930792",HK银行,2016-04-22,=-0.0037,=4639.0500,=0.0532,=6.3979,=0.6734,=3.2659,=4.4606,=5.8772,=6.7902,=9.5632,=0.6233,=0.4951,=0.3905,=0.4962,=0.6243,=0.8015,=1.0771,=2.4364,=0.8107,=1.0519,=1.5163,=1.8678,=2.4024,=3.1066,=0.0493,=0.1663,=0.0355,=0.0502,=0.0564,=0.0743,=0.1045,,=0.0901,,=751
="H30106",H300金融服务,2013-05-21,=0.0063,=1502.4900,=-0.0071,=6.5693,=0.4205,=4.0175,=5.3642,=6.9740,=7.7688,=11.1922,=0.7045,=0.4177,=0.4470,=0.5777,=0.7420,=0.9083,=1.2489,=1.8775,=0.7895,=0.8557,=1.1816,=1.4675,=1.8898,=2.3593,=0.0473,=0.5000,=0.0288,=0.0433,=0.0473,=0.0664,=0.0918,,=0.1014,,=20
="399986",中证银行,2013-07-15,=0.0043,=6794.9200,=-0.1063,=6.6060,=0.6676,=4.1183,=5.2599,=6.2914,=6.8536,=9.0846,=0.6296,=0.2664,=0.4848,=0.5836,=0.7171,=0.8984,=1.2416,=2.4798,=0.7872,=1.4134,=1.7842,=2.1501,=2.5119,=3.3016,=0.0446,=0.4148,=0.0285,=0.0411,=0.0461,=0.0572,=0.0756,=0.0226,=0.0881,=0.0236,=9580
="931233",港股通央企红利,2017-06-28,=-0.0012,=1078,=-0.0753,=6.7176,=0.5719,=3.6988,=4.9618,=6.3540,=7.4456,=14.0775,=0.6319,=0.4703,=0.3929,=0.5225,=0.6452,=0.8599,=1.8161,=0.9121,=0.4659,=0.4645,=0.6229,=0.9482,=1.3896,=1.7583,=0.0557,=0.4286,=0.0394,=0.0519,=0.0571,=0.0798,=0.1038,,=0.0906,,=456
="HSMCHYI",恒生中国内地企业高股息率指数,2019-09-01,=0.0018,=2700.5700,=-0.0295,=6.8226,=0.8024,=3.7550,=5.0505,=5.8283,=6.7968,=7.9027,=0.6843,=0.6982,=0.4590,=0.5787,=0.6406,=0.7396,=0.8175,=1.0378,=0.8482,=0.5101,=0.6884,=0.7985,=0.9144,=1.2126,=0.0548,=0.2494,=0.0478,=0.0537,=0.0622,=0.0792,=0.1052,,=0.0995,,=281
="H11140",香港红利,2009-07-23,=0.0032,=3601.7500,=-0.0136,=6.8543,=0.6510,=3.0693,=4.4494,=5.9820,=7.9173,=13.9623,=0.6470,=0.5160,=0.3833,=0.5103,=0.6294,=0.8661,=1.1652,=1.0904,=0.5898,=0.5431,=0.7455,=0.9723,=1.3867,=2.1349,=0.0574,=0.2217,=0.0382,=0.0561,=0.0636,=0.0876,=0.1281,,=0.0912,,=46
="987016",港股通红利低波,2021-11-18,,,=-0.0137,=6.9076,=0.8214,=3.4544,=4.3030,=4.9476,=6.8250,=8.0054,=0.6622,=0.7973,=0.4152,=0.4880,=0.5396,=0.6627,=0.7529,=1.0245,=0.7634,=0.5827,=0.6601,=0.7955,=1.1099,=1.3012,=0.0582,=0.1482,=0.0488,=0.0594,=0.0821,=0.0926,=0.1160,,=0.0893,,=162
="HSHYLV",恒生港股通高股息低波动指数,2017-05-08,=-0.0203,=3961.3600,=-0.1134,=7.0200,=0.7612,=3.5572,=4.6525,=5.9942,=7.2248,=9.5068,=0.6322,=0.5730,=0.3828,=0.4856,=0.5818,=0.8148,=1.1073,=0.8464,=0.4953,=0.4386,=0.6561,=0.8498,=1.4136,=2.0623,=0.0575,=0.3422,=0.0385,=0.0531,=0.0643,=0.0819,=0.1103,,,,=1522
="399809",保险主题,2015-02-13,=0.0222,=2052.3700,=-0.2307,=7.0326,=0.2470,=5.4537,=6.8114,=10.4309,=15.0245,=22.8725,=0.7544,=0.1584,=0.6352,=0.7654,=1.2252,=1.4858,=1.9794,=2.0483,=0.8825,=0.5239,=0.8688,=1.0970,=1.7083,=2.3772,=0.0412,=0.7080,=0.0120,=0.0209,=0.0295,=0.0488,=0.0686,=0.0227,=0.1015,=0.0246,=1493
="HSHDYI",恒生高股息率指数,2012-12-10,=0.0028,=1190.6500,=-0.0665,=7.0377,=0.6024,=3.6777,=4.8612,=6.6079,=7.8179,=10.6953,=0.6460,=0.4972,=0.4041,=0.5046,=0.6479,=0.9078,=1.1746,=1.0226,=0.4394,=0.5013,=0.7008,=1.0646,=1.5005,=1.9871,=0.0579,=0.3923,=0.0423,=0.0526,=0.0604,=0.0808,=0.1102,,,,=915
="000018",180金融,2007-12-10,=0.0134,=5122.2800,=-0.1377,=7.0473,=0.3196,=5.2016,=6.4287,=7.4973,=8.3012,=10.8609,=0.7210,=0.2367,=0.5902,=0.6965,=0.8700,=1.0696,=1.4199,=2.1168,=0.7212,=1.2355,=1.5824,=1.9533,=2.2073,=2.8772,=0.0413,=0.6082,=0.0246,=0.0353,=0.0392,=0.0493,=0.0636,=0.0229,=0.0959,=0.0245,=776
="931024",港股通非银,2017-11-06,=0.0164,=3702.2000,=-0.1377,=7.0802,=0.0028,=6.7549,=8.5717,=11.0575,=13.3357,=22.4310,=0.9634,=0.3469,=0.6237,=0.8490,=1.0452,=1.2221,=1.7592,=1.1862,=0.7624,=0.5870,=0.8758,=1.0151,=1.2289,=2.2002,=0.0413,=0.7991,=0.0165,=0.0266,=0.0345,=0.0414,=0.0611,,=0.1344,,=192
="000818",细分金融,2012-04-11,=0.0122,=6411.6300,=-0.1317,=7.2033,=0.3200,=5.2356,=6.4974,=7.6851,=8.4810,=10.9951,=0.7349,=0.2441,=0.5930,=0.7010,=0.8857,=1.0928,=1.4303,=2.1809,=0.7270,=1.2689,=1.6354,=1.9906,=2.2623,=2.9111,=0.0402,=0.6557,=0.0239,=0.0331,=0.0375,=0.0471,=0.0625,=0.0231,=0.0956,=0.0246,=7
="HSSCHKY",恒生港股通高股息率指数,2019-11-01,=0.0026,=2450.6000,=-0.0109,=7.2120,=0.7955,=3.8979,=4.9498,=5.9062,=7.2399,=8.4533,=0.6436,=0.6954,=0.4277,=0.5173,=0.5791,=0.6846,=0.8197,=1.1223,=0.7967,=0.5333,=0.6974,=0.8784,=1.1238,=1.3442,=0.0558,=0.1636,=0.0482,=0.0565,=0.0673,=0.0840,=0.1067,,,,=495
="H30270",红利价值,2013-12-19,=0.0071,=8986.1500,=-0.0573,=7.2618,=0.6539,=4.4543,=5.4380,=6.7689,=8.7041,=13.0955,=0.7317,=0.4056,=0.5256,=0.6490,=0.7632,=1.2437,=1.7317,=1.4717,=0.9388,=0.5854,=0.8133,=1.0004,=1.2986,=1.6637,=0.0457,=0.4199,=0.0269,=0.0419,=0.0506,=0.0631,=0.0726,=0.0235,=0.0936,=0.0240,=196
="930914",港股通高股息,2016-11-25,=0.0005,=4710.7600,=-0.0421,=7.3421,=0.7183,=3.4280,=4.4216,=5.9324,=7.8272,=11.1979,=0.7074,=0.5981,=0.3979,=0.5024,=0.6171,=0.8521,=1.1764,=1.1633,=0.7382,=0.5144,=0.7046,=0.9233,=1.2571,=2.2126,=0.0548,=0.1914,=0.0387,=0.0550,=0.0659,=0.0866,=0.1194,,=0.0918,,=719
="932596",港股通红利低波,2016-02-04,=0,=3829.6900,=-0.0127,=7.3443,=0.0053,=7.3416,=7.8067,=8.0353,=8.2721,=8.5745,=0.6778,=0.1117,=0.6528,=0.6976,=0.7294,=0.7575,=0.7956,=1.2675,=0.1277,=1.2161,=1.2816,=1.3267,=1.3602,=1.4099,=0.0534,=0.6223,=0.0473,=0.0494,=0.0527,=0.0550,=0.0579,,=0.0894,,=95
="HSSCHYS",恒生港股通红利优选指数,2023-06-01,=0.0020,=4589.7000,=-0.0118,=7.3504,=0.6812,=4.2457,=4.7365,=5.8019,=7.8672,=9.0746,=0.6879,=0.6587,=0.4429,=0.4993,=0.5848,=0.7380,=0.8283,=1.1253,=0.9630,=0.6036,=0.6749,=0.8780,=1.0389,=1.2314,=0.0632,=0.3241,=0.0497,=0.0609,=0.0726,=0.0879,=0.0947,,,,=86
="931157",SHS红利成长LV,2019-04-25,=0.0089,=6830.1300,=-0.0837,=7.3601,=0.5782,=4.1261,=5.5957,=6.9303,=8.3335,=11.5318,=0.7251,=0.3133,=0.5154,=0.6264,=0.8072,=0.9238,=1.5888,=1.5818,=0.9526,=0.5018,=0.7114,=1.0394,=1.4146,=1.6968,=0.0495,=0.5787,=0.0259,=0.0418,=0.0482,=0.0558,=0.0761,,=0.0964,,=340
="930992",沪港深红利低波,2017-06-28,=0.0041,=5126.4300,=-0.0792,=7.4204,=0.7552,=4.0130,=5.1769,=5.9046,=7.7673,=8.5109,=0.6932,=0.7352,=0.4277,=0.5377,=0.5912,=0.7261,=0.7950,=1.0977,=0.7143,=0.4496,=0.6007,=0.8612,=1.1848,=1.3912,=0.0535,=0.1674,=0.0478,=0.0542,=0.0717,=0.0767,=0.0949,,=0.0878,,=50
="931130",红利成长低波,2018-12-04,=0.0057,=21718.5600,=-0.0842,=7.4479,=0.4329,=4.4465,=5.5796,=7.8096,=8.7175,=11.5512,=0.7426,=0.3286,=0.5279,=0.6249,=0.8998,=1.0297,=1.5803,=2.5432,=0.9771,=0.3109,=0.8147,=1.3205,=1.9215,=2.6815,=0.0423,=0.4918,=0.0246,=0.0322,=0.0424,=0.0533,=0.0639,=0.0231,=0.0934,=0.0229,=146
="000914",300金融,2007-07-02,=0.0120,=5803.1400,=-0.1362,=7.5047,=0.3633,=5.2769,=6.6022,=7.8391,=8.6017,=11.3863,=0.7297,=0.2330,=0.5962,=0.7048,=0.9067,=1.1326,=1.4919,=2.0451,=0.7559,=1.1210,=1.4310,=1.8122,=2.0952,=2.7052,=0.0399,=0.6181,=0.0235,=0.0340,=0.0376,=0.0467,=0.0618,=0.0223,=0.0897,=0.0236,=343
="HSCSOE",恒生中国央企指数,2023-01-01,=0.0099,=3640.0800,=0.0126,=7.5627,=0.7520,=4.9972,=5.5521,=6.1845,=7.7538,=8.5526,=0.7252,=0.7135,=0.5264,=0.5927,=0.6342,=0.7572,=0.8375,=0.8988,=0.8164,=0.5404,=0.5947,=0.6690,=0.8689,=1.0234,=0.0505,=0.1310,=0.0450,=0.0523,=0.0702,=0.0775,=0.0871,,=0.0956,,=115
="000029",180价值,2009-01-09,=0.0110,=3868.4200,=-0.1313,=7.6463,=0.4243,=5.6894,=6.9075,=7.8822,=8.5069,=10.8138,=0.7549,=0.0841,=0.6666,=0.8030,=0.8596,=1.0653,=1.4433,=1.0323,=0.7039,=0.6198,=0.7825,=0.9447,=1.0703,=1.4032,=0.0436,=0.5402,=0.0290,=0.0389,=0.0429,=0.0522,=0.0634,=0.0228,=0.0896,=0.0243,=557
="H50040",上红低波,2014-03-21,=0.0088,=10156.8900,=-0.0789,=7.6877,=0.6656,=4.6938,=5.9512,=7.0974,=9.6645,=14.3118,=0.7705,=0.3443,=0.5647,=0.6911,=0.8335,=1.3609,=1.8756,=1.4979,=0.9085,=0.6380,=0.8684,=1.2015,=1.4031,=1.6845,=0.0462,=0.4891,=0.0230,=0.0391,=0.0465,=0.0588,=0.0718,=0.0234,=0.0936,=0.0244,=363
="H30269",红利低波,2013-12-19,=0.0052,=10204.6100,=-0.0921,=7.6970,=0.6784,=4.5638,=5.5488,=6.8878,=9.4786,=14.4342,=0.7806,=0.4392,=0.5386,=0.6570,=0.8005,=1.3872,=1.9670,=1.4876,=0.8816,=0.6111,=0.8850,=1.0973,=1.4162,=1.6703,=0.0470,=0.4557,=0.0246,=0.0406,=0.0503,=0.0605,=0.0732,=0.0236,=0.0946,=0.0236,=4452
="000934",中证金融,2009-07-03,=0.0106,=5445.3000,=-0.1314,=7.7913,=0.3794,=5.7083,=6.8944,=8.0941,=8.8714,=11.5527,=0.7400,=0.2293,=0.6117,=0.7181,=0.9125,=1.1479,=1.5017,=2.0534,=0.7707,=1.1467,=1.4503,=1.8023,=2.0831,=2.6696,=0.0388,=0.6165,=0.0232,=0.0331,=0.0366,=0.0445,=0.0593,=0.0220,=0.0873,=0.0231,=1151
="000922",中证红利,2008-05-26,=0.0069,=5120.7100,=-0.0696,=7.8477,=0.5728,=5.1762,=6.0245,=7.6566,=8.6158,=11.2156,=0.7593,=0.3196,=0.5911,=0.7110,=0.8499,=1.1086,=1.4999,=1.1604,=0.7155,=0.6332,=0.7726,=1.0440,=1.2311,=1.7101,=0.0461,=0.4598,=0.0309,=0.0399,=0.0471,=0.0596,=0.0693,=0.0233,=0.0895,=0.0228,=20158
="000992",全指金融,2011-08-02,=0.0094,=5211.8200,=-0.1296,=7.9517,=0.3835,=5.9310,=7.1022,=8.2740,=9.0288,=11.6339,=0.7415,=0.2268,=0.6188,=0.7234,=0.9209,=1.1603,=1.5107,=2.0494,=0.7658,=1.1568,=1.4432,=1.8064,=2.0800,=2.6668,=0.0384,=0.6223,=0.0229,=0.0327,=0.0359,=0.0437,=0.0581,=0.0217,=0.0846,=0.0227,=2701
="931446",东证红利低波,2020-04-21,=0.0073,=3144.4200,=-0.0867,=7.9689,=0.6621,=5.1478,=6.1795,=7.1532,=8.5361,=11.0216,=0.7660,=0.5027,=0.5884,=0.6956,=0.7652,=0.8713,=1.2481,=1.4218,=0.9104,=0.5909,=0.7551,=0.8898,=1.3273,=1.5979,=0.0447,=0.3434,=0.0325,=0.0416,=0.0486,=0.0565,=0.0651,=0.0224,=0.0895,=0.0240,=855
="000015",红利指数,2005-01-04,=0.0101,=2924.2700,=-0.0373,=8.0063,=0.7852,=4.6646,=5.5108,=7.0875,=8.0537,=10.4439,=0.7626,=0.4862,=0.5525,=0.6398,=0.7657,=1.0179,=1.3875,=1.3475,=0.8087,=0.7277,=0.8913,=1.1388,=1.3408,=1.6890,=0.0446,=0.2887,=0.0330,=0.0426,=0.0514,=0.0644,=0.0757,=0.0233,=0.0885,=0.0212,=14212
="000151",上国红利,2012-07-20,=0.0099,=1476.4400,=-0.0335,=8.0283,=0.8330,=4.5075,=5.3657,=6.9551,=7.7792,=10.0345,=0.7046,=0.3414,=0.5268,=0.6189,=0.7525,=0.9661,=1.3272,=0.9921,=0.3068,=0.6026,=0.8953,=1.0814,=1.3107,=1.6854,=0.0466,=0.3377,=0.0346,=0.0446,=0.0513,=0.0650,=0.0754,=0.0218,=0.0803,=0.0258,=224
="399373",大盘价值,2010-01-04,=0.0075,=7421.5400,=-0.1344,=8.0319,=0.3720,=5.4746,=6.8623,=8.3492,=9.1146,=11.9914,=0.8143,=0.2301,=0.6410,=0.8033,=0.9428,=1.1408,=1.5001,=1.0788,=0.7105,=0.5920,=0.7817,=0.9283,=1.1432,=1.4541,=0.0457,=0.6408,=0.0275,=0.0366,=0.0427,=0.0526,=0.0641,=0.0236,=0.0939,=0.0248,=331
="000821",300红利,2012-07-20,=0.0059,=6106.4000,=-0.0848,=8.0467,=0.6734,=4.9998,=6.1944,=7.5603,=8.4656,=10.9286,=0.7850,=0.3060,=0.5725,=0.7140,=0.8666,=1.0796,=1.4919,=1.2788,=0.7584,=0.6098,=0.7993,=1.0656,=1.3215,=1.6963,=0.0473,=0.5019,=0.0319,=0.0421,=0.0473,=0.0563,=0.0673,=0.0235,=0.0916,=0.0239,=1000
="HSCCI",恒生香港中资企业指数,1997-06-16,=0.0049,=3767.5400,=-0.0618,=8.1273,=0.4110,=4.8859,=6.8728,=8.8363,=11.6724,=16.1208,=0.7692,=0.2967,=0.5567,=0.7305,=0.8659,=1.1664,=1.3660,=0.8744,=0.3289,=0.5555,=0.7802,=0.9853,=1.3582,=1.5178,=0.0616,=0.7317,=0.0276,=0.0360,=0.0529,=0.0664,=0.1028,,=0.0951,,=34
="000824",国企红利,2012-07-20,=0.0057,=1988,=-0.0628,=8.2235,=0.7579,=4.8847,=5.9406,=7.3385,=8.4421,=10.7823,=0.7894,=0.4252,=0.5610,=0.6880,=0.8254,=1.0592,=1.4469,=1.1857,=0.7208,=0.5370,=0.7016,=0.9865,=1.2552,=1.6834,=0.0461,=0.4338,=0.0328,=0.0418,=0.0481,=0.0583,=0.0694,=0.0232,=0.0892,=0.0226,=944
="931644",800红利,2024-03-15,=0.0062,=2402.5600,=-0.0586,=8.2303,=0.4783,=6.4729,=7.3401,=8.3693,=9.0511,=9.4757,=0.7940,=0.2880,=0.7001,=0.7714,=0.8597,=0.9070,=0.9431,=1.1526,=0.5236,=0.8423,=0.9266,=1.1407,=1.2941,=1.3602,=0.0470,=0.4873,=0.0416,=0.0431,=0.0472,=0.0579,=0.0662,=0.0236,=0.0906,=0.0231,=31
="000063",上证周期,2010-02-03,=0.0137,=3490.6600,=-0.1397,=8.2634,=0.4012,=5.4761,=7.1362,=8.6065,=9.4385,=12.4946,=0.8544,=0.2487,=0.6668,=0.8368,=0.9584,=1.1068,=1.4831,=1.4235,=0.7761,=0.8113,=1.0636,=1.2494,=1.4477,=1.7571,=0.0400,=0.5802,=0.0252,=0.0350,=0.0386,=0.0518,=0.0626,=0.0245,=0.0975,=0.0256,=205
="930955",红利低波100,2017-05-26,=0.0136,=10753.1700,=-0.0880,=8.3266,=0.7429,=5.0805,=6.0736,=7.4284,=8.6131,=11.5013,=0.8207,=0.4812,=0.5792,=0.6662,=0.8278,=0.9895,=1.3722,=1.4094,=0.8404,=0.5888,=0.7785,=0.9909,=1.3606,=1.7525,=0.0475,=0.5220,=0.0270,=0.0430,=0.0471,=0.0561,=0.0683,=0.0234,=0.0928,=0.0257,=2245
="930740",300红利LV,2018-12-04,=0.0098,=6584.6800,=-0.0815,=8.3384,=0.7434,=5.4153,=6.8319,=7.5263,=8.6941,=9.6903,=0.8050,=0.3171,=0.6159,=0.7730,=0.8570,=0.9457,=1.0604,=1.4582,=0.7806,=0.6725,=0.8571,=1.0789,=1.5016,=1.9253,=0.0466,=0.5797,=0.0370,=0.0418,=0.0452,=0.0513,=0.0622,=0.0239,=0.0932,=0.0223,=624
="000919",300价值,2008-01-21,=0.0090,=4813.8700,=-0.0949,=8.4354,=0.4948,=5.9577,=7.3283,=8.4463,=9.2438,=12.2376,=0.8385,=0.1806,=0.6917,=0.8495,=0.9380,=1.1480,=1.5388,=1.0484,=0.7118,=0.6314,=0.7861,=0.9060,=1.1066,=1.3421,=0.0431,=0.6346,=0.0265,=0.0360,=0.0407,=0.0490,=0.0609,=0.0228,=0.0921,=0.0242,=4326
="931848",800红利低波,2024-05-21,=0.0117,=2981.6300,=-0.0581,=8.4648,=0.2549,=7.4155,=8.2309,=9.0797,=9.4737,=9.7854,=0.8223,=0.0843,=0.7315,=0.8585,=0.9193,=0.9701,=1.0024,=1.5560,=0.9843,=1.1714,=1.2345,=1.3491,=1.3837,=1.6456,=0.0444,=0.5647,=0.0399,=0.0412,=0.0437,=0.0519,=0.0594,=0.0237,=0.0929,=0.0230,=151
="000825",央企红利,2012-07-20,=0.0042,=3121.1700,=-0.0962,=8.5315,=0.8198,=4.7369,=6.0940,=7.3072,=8.4280,=10.5687,=0.8185,=0.4676,=0.5507,=0.6915,=0.8574,=0.9983,=1.3929,=1.1352,=0.6260,=0.6009,=0.8548,=1.0679,=1.2189,=1.7357,=0.0450,=0.3711,=0.0330,=0.0421,=0.0473,=0.0555,=0.0713,=0.0224,=0.0902,=0.0228,=356
="HSML25",恒生中国(香港上市)30指数,2003-01-20,=0.0177,=7880.6400,=-0.1672,=8.6207,=0.4020,=5.7712,=7.9406,=9.0795,=10.2891,=13.0207,=0.9392,=0.1911,=0.7256,=0.9443,=1.0795,=1.2097,=1.5098,=1.5600,=0.6280,=0.9123,=1.1575,=1.4266,=1.7362,=2.4187,=0.0385,=0.6077,=0.0247,=0.0321,=0.0369,=0.0450,=0.0643,,=0.1051,,=269
="399805",互联金融,2015-02-10,=-0.0139,=2766.6500,=-0.2812,=8.7620,=0.0957,=7.5943,=9.7087,=11.3995,=13.1628,=16.5816,=0.9134,=0.0907,=0.7644,=1.0414,=1.4070,=1.7214,=2.0317,=1.6846,=0.6359,=1.1667,=1.4082,=1.6145,=1.7935,=2.2636,=0.0373,=0.9192,=0.0145,=0.0183,=0.0234,=0.0334,=0.0507,=0.0238,=0.0940,=0.0248,=328
="932305",智选高股息,2024-09-30,=0.0133,=10833.9100,=-0.0292,=8.8703,=0.6229,=7.0143,=7.4936,=8.3527,=9.4503,=10.9391,=0.9936,=0.3508,=0.8750,=0.9238,=1.0514,=1.0843,=1.1675,=0.4895,=0.0024,=0.4878,=0.7259,=0.7788,=1.2735,=1.3342,=0.0639,=0.4797,=0.0457,=0.0594,=0.0643,=0.0686,=0.0723,=0.0253,=0.1000,=0.0324,=330
="931722",国新港股通央企红利,2023-09-13,=0.0020,=1251.9200,=-0.0500,=8.9406,=0.7471,=5.5040,=6.7027,=7.7073,=9.4620,=10.8173,=0.8116,=0.4649,=0.6213,=0.7355,=0.8254,=0.9092,=1.0298,=0.5569,=0.6374,=0.3100,=0.3816,=0.4720,=0.6109,=0.6918,=0.0568,=0.1696,=0.0469,=0.0572,=0.0618,=0.0689,=0.0823,,=0.0875,,=358
="000968",300周期,2010-05-28,=0.0097,=3997.5800,=-0.1212,=8.9803,=0.4540,=6.1174,=7.8172,=9.1484,=10.2896,=13.3562,=0.8901,=0.2581,=0.7021,=0.8484,=1.0020,=1.1784,=1.5550,=1.4794,=0.7864,=0.8459,=1.0834,=1.2644,=1.4960,=1.8297,=0.0376,=0.6239,=0.0230,=0.0317,=0.0359,=0.0470,=0.0569,=0.0243,=0.0922,=0.0244,=99
="HSCESI",恒生中国企业精明指数,2015-06-08,=0.0195,=10969.5100,=-0.1460,=9.0007,=0.6200,=6.0524,=7.9238,=8.6664,=10.0571,=15.8114,=0.9384,=0.2954,=0.6924,=0.8985,=1.0078,=1.1579,=1.7191,=1.2629,=0.6959,=0.8066,=1.0009,=1.0917,=1.4384,=2.0876,=0.0377,=0.4500,=0.0200,=0.0332,=0.0385,=0.0445,=0.0600,,=0.1052,,=93
="HSCEI",恒生中国企业指数,1994-08-08,=0.0194,=7605.3400,=-0.1468,=9.0311,=0.6258,=6.0524,=7.9375,=8.6771,=10.0793,=15.8114,=0.9411,=0.3013,=0.6924,=0.8985,=1.0090,=1.1595,=1.7191,=1.2662,=0.6967,=0.8066,=1.0013,=1.0918,=1.4423,=2.0876,=0.0375,=0.4389,=0.0200,=0.0331,=0.0384,=0.0445,=0.0600,,=0.1052,,=4754
="H30356",800价值,2014-06-09,=0.0086,=6041.0400,=-0.0911,=9.0512,=0.4998,=6.4024,=7.6980,=9.0512,=9.9484,=13.4784,=0.8874,=0.2436,=0.7030,=0.8631,=0.9864,=1.1704,=1.6287,=1.0091,=0.7334,=0.5868,=0.7393,=0.8836,=1.0829,=1.3738,=0.0416,=0.6648,=0.0239,=0.0336,=0.0386,=0.0475,=0.0589,=0.0232,=0.0908,=0.0237,=33
="931479",证券保险,2020-05-06,=0.0198,=916.9500,=-0.1371,=9.0578,=0.0268,=8.4973,=11.8002,=13.4557,=15.5132,=21.1012,=1.2180,=0.2011,=1.0296,=1.2170,=1.3753,=1.5647,=2.2844,=1.6514,=0.6615,=1.0318,=1.2727,=1.4609,=1.7894,=2.2879,=0.0296,=0.8492,=0.0162,=0.0225,=0.0250,=0.0288,=0.0357,=0.0256,=0.1317,=0.0302,=39
="000925",基本面50,2009-02-26,=0.0096,=4004.4600,=-0.1329,=9.1452,=0.5043,=6.2635,=7.9688,=9.1329,=10.0957,=12.7955,=0.9436,=0.2763,=0.7306,=0.9013,=1.0536,=1.1921,=1.5728,=1.0082,=0.5979,=0.6037,=0.7864,=0.9667,=1.1046,=1.4866,=0.0401,=0.6487,=0.0256,=0.0338,=0.0374,=0.0468,=0.0563,=0.0227,=0.0882,=0.0241,=4556
="H30035",300非银,2012-12-21,=0.0216,=9378.8100,=-0.1591,=9.1615,=0.0132,=8.6966,=12.8898,=15.1693,=19.3628,=26.3489,=1.2306,=0.1221,=1.0544,=1.3079,=1.6201,=2.0481,=2.4387,=1.6579,=0.4652,=1.0410,=1.4185,=1.7138,=1.9729,=2.3917,=0.0290,=0.9064,=0.0124,=0.0164,=0.0221,=0.0255,=0.0352,=0.0253,=0.1294,=0.0297,=1216
="980081",价值100,2012-12-28,,,=-0.0599,=9.1694,=0.5610,=7.7317,=8.3470,=8.7101,=10.0799,=11.5920,=0.9901,=0.5041,=0.8413,=0.8850,=0.9630,=1.1280,=1.3448,=1.0938,=0.8130,=0.7580,=0.8069,=0.9427,=1.0808,=1.2118,=0.0520,=0.6911,=0.0420,=0.0451,=0.0495,=0.0550,=0.0599,=0.0275,=0.0995,=0.0251,=430
="932422",A500红利低波,2025-04-09,=0.0151,=2843.0100,=-0.0838,=9.1932,=0.0068,=9.0950,=9.8234,=10.0690,=10.2293,=10.5846,=0.8958,=0.0068,=0.8847,=1.0164,=1.0408,=1.0562,=1.0978,=1.2703,=0.0712,=1.2431,=1.2970,=1.4141,=1.4708,=1.5336,=0.0458,=0.9932,=0.0388,=0.0403,=0.0411,=0.0429,=0.0463,=0.0241,=0.0948,,=346
="930723",沪港深F100,2015-08-05,=0.0071,=4600.9400,=-0.0964,=9.2576,=0.5687,=5.4557,=7.5706,=9.0498,=10.1686,=13.1279,=0.9463,=0.4009,=0.6469,=0.8476,=1.0099,=1.1160,=1.4626,=1.2324,=0.7080,=0.6039,=0.8632,=1.0802,=1.2889,=1.6654,=0.0402,=0.5831,=0.0281,=0.0354,=0.0393,=0.0500,=0.0650,,=0.0918,,=150
="932153",港股通价值策略,2025-04-30,=0.0057,=1049.9500,=-0.0008,=9.2695,=0.1193,=8.1696,=9.6857,=10.1103,=10.3967,=10.9237,=0.7765,=0.1018,=0.7012,=0.8313,=0.8802,=0.9018,=0.9365,=0.9417,=0.1368,=0.8168,=0.9725,=1.0316,=1.0639,=1.1126,=0.0457,=0.8561,=0.0397,=0.0412,=0.0425,=0.0445,=0.0538,,=0.0812,,=13
="930931",港股通50,2017-01-16,=0.0132,=3521.1500,=-0.0921,=9.2755,=0.3567,=6.5385,=8.7071,=9.8039,=11.3733,=15.8907,=0.9937,=0.2802,=0.7428,=0.9463,=1.0960,=1.1813,=1.6058,=1.7217,=0.5196,=1.1204,=1.4694,=1.7074,=1.9125,=2.6369,=0.0375,=0.5193,=0.0233,=0.0326,=0.0372,=0.0438,=0.0589,,=0.0979,,=291
="931052",国信价值,2017-12-08,=0.0134,=3376.2000,=-0.0218,=9.3384,=0.8581,=5.3831,=6.5983,=7.4328,=8.8144,=11.0091,=1.1942,=0.8219,=0.7343,=0.9124,=1.0316,=1.1667,=1.5208,=1.6577,=0.9011,=0.6105,=0.9415,=1.2315,=1.4606,=2.0196,=0.0440,=0.4952,=0.0262,=0.0383,=0.0441,=0.0532,=0.0692,=0.0310,=0.1267,=0.0326,=577
="931373",股息龙头,2019-11-15,=0.0126,=2550.4900,=-0.0839,=9.3570,=0.7222,=5.4295,=6.8898,=8.3494,=9.5615,=11.4004,=1.0913,=0.6729,=0.6697,=0.8496,=1.0113,=1.1268,=1.2586,=1.7320,=0.9950,=0.5706,=0.8138,=0.9882,=1.3923,=1.8523,=0.0424,=0.3814,=0.0347,=0.0398,=0.0467,=0.0545,=0.0682,=0.0258,=0.1004,=0.0264,=328
="399371",国证价值,2010-01-04,=0.0068,=6688.1500,=-0.0715,=9.3637,=0.5732,=6.4728,=7.8356,=9.0963,=10.4280,=13.0475,=0.9212,=0.2969,=0.7249,=0.8967,=1.0064,=1.2365,=1.5675,=1.0520,=0.7390,=0.5764,=0.7536,=0.8692,=1.0981,=1.3812,=0.0409,=0.6091,=0.0249,=0.0324,=0.0394,=0.0477,=0.0565,=0.0233,=0.0892,=0.0237,=142
="931069",中金300,2018-02-14,=0.0102,=4534.4300,=-0.0939,=9.3684,=0.5200,=5.9518,=7.5670,=9.2943,=10.4975,=13.6164,=0.9777,=0.3240,=0.7377,=0.9221,=1.0836,=1.3545,=1.8328,=1.2557,=0.7348,=0.6656,=0.8682,=1.1156,=1.3285,=1.7542,=0.0407,=0.6074,=0.0253,=0.0318,=0.0385,=0.0473,=0.0560,=0.0231,=0.0958,=0.0284,=95
="930839",港股通高息精选,2016-06-08,=0.0141,=3064.3300,=-0.1114,=9.4118,=0.5077,=4.9918,=7.1349,=9.3576,=13.2482,=31.7979,=1.2348,=0.7043,=0.7294,=0.9291,=1.0766,=1.5793,=4.8768,=1.0590,=0.4017,=0.3418,=0.5598,=1.2410,=1.9031,=6.3245,=0.0572,=0.6531,=0.0089,=0.0373,=0.0488,=0.0677,=0.1118,,=0.1433,,=378
="000056",上证国企,2010-01-04,=0.0180,=1217.7100,=-0.0238,=9.5444,=0.4388,=7.2538,=8.8792,=9.7352,=10.7955,=13.3187,=1.0545,=0.3031,=0.8518,=1.0314,=1.1218,=1.2162,=1.5455,=1.6719,=0.9398,=0.7909,=0.9986,=1.1137,=1.2382,=1.7805,=0.0387,=0.6825,=0.0242,=0.0312,=0.0346,=0.0430,=0.0568,=0.0264,=0.1060,=0.0271,=200
="000042",上证央企,2009-03-30,=0.0103,=1673.9300,=-0.0759,=9.5999,=0.6367,=6.3284,=7.8863,=9.1948,=10.0583,=12.9577,=0.9415,=0.3687,=0.7230,=0.8871,=0.9842,=1.1137,=1.4812,=1.2553,=0.9274,=0.6569,=0.8569,=0.9790,=1.1404,=1.3891,=0.0383,=0.5126,=0.0261,=0.0349,=0.0381,=0.0469,=0.0583,=0.0224,=0.0920,=0.0234,=387
="000806",消费服务,2012-02-10,=0.0290,=7614.7000,=-0.0960,=9.6862,=0.0759,=9.0076,=10.0441,=10.8064,=11.8704,=17.0971,=1.0223,=0.0049,=1.0009,=1.1951,=1.3534,=1.5460,=2.0145,=2.1572,=0.5472,=1.6526,=1.9496,=2.1277,=2.3803,=3.0032,=0.0374,=0.8961,=0.0198,=0.0244,=0.0295,=0.0352,=0.0497,=0.0246,=0.1002,=0.0266,=422
="930957",港股通中国100,2017-06-23,=0.0188,=3228.4800,=-0.1472,=9.7157,=0.6413,=5.4625,=7.6006,=8.9250,=10.8086,=13.3106,=1.0338,=0.4117,=0.6571,=0.8633,=1.0722,=1.2003,=1.5222,=1.3371,=0.7613,=0.6789,=0.9643,=1.1274,=1.3660,=1.6609,=0.0367,=0.4876,=0.0251,=0.0330,=0.0369,=0.0503,=0.0691,,=0.1031,,=16
="000859",国企一带一路,2019-05-16,=0.0022,=1846.1800,=0.0136,=9.7353,=0.0081,=9.4709,=10.6037,=12.5292,=14.5054,=21.0714,=0.9442,=0.0006,=0.9391,=1.1606,=1.4372,=1.7778,=2.1877,=1.0987,=0.9380,=0.4715,=0.5625,=0.7407,=0.8298,=1.1782,=0.0370,=0.8100,=0.0208,=0.0253,=0.0317,=0.0368,=0.0454,=0.0234,=0.0898,=0.0201,=264
="399966",800证保,2012-12-21,=0.0169,=5755.5500,=-0.1296,=9.7456,=0.0165,=9.1408,=13.6685,=15.9952,=19.7375,=27.1945,=1.2463,=0.1258,=1.0619,=1.3067,=1.6025,=2.0408,=2.4366,=1.8118,=0.5320,=1.1634,=1.5249,=1.7816,=2.0457,=2.5211,=0.0277,=0.9109,=0.0122,=0.0160,=0.0213,=0.0241,=0.0329,=0.0247,=0.1256,=0.0286,=177
="H30588",中证证保,2015-02-02,=0.0168,=977.3900,=-0.1296,=9.7512,=0.0165,=9.1443,=13.6261,=16.0880,=19.5891,=27.6808,=1.2452,=0.1237,=1.0752,=1.3075,=1.6120,=2.0366,=2.4238,=1.8149,=0.5575,=1.1673,=1.5178,=1.7681,=2.0128,=2.5500,=0.0277,=0.9146,=0.0121,=0.0160,=0.0213,=0.0239,=0.0328,=0.0246,=0.1254,=0.0286,=472
="399550",央视50,2012-06-06,=0.0212,=8663.6400,=0.0707,=9.7848,=0.6742,=6.8960,=8.2912,=9.3232,=10.1597,=13.0561,=0.9745,=0.0990,=0.8649,=1.0141,=1.2377,=1.4261,=1.8564,=2.0327,=0.7682,=1.3448,=1.6592,=1.8196,=2.0549,=2.5217,=0.0406,=0.6482,=0.0268,=0.0326,=0.0377,=0.0446,=0.0593,=0.0237,=0.0945,=0.0248,=2274
="950090",50AH优选,2015-12-10,=0.0266,=6180.0800,=-0.0006,=9.8392,=0.8002,=6.3188,=7.9134,=8.6713,=9.8392,=13.5010,=1.0452,=0.5535,=0.7914,=0.9498,=1.0285,=1.1233,=1.5403,=1.3811,=0.9680,=0.6574,=0.8483,=0.9522,=1.0662,=1.4553,=0.0365,=0.3227,=0.0256,=0.0345,=0.0398,=0.0478,=0.0655,,=0.1007,,=1997
="931375",300质量低波,2019-11-25,=0.0201,=15155.5400,=-0.1063,=9.9834,=0.3885,=6.4946,=8.1625,=11.3484,=13.5511,=22.0532,=1.3088,=0.4073,=0.8054,=1.0821,=1.5511,=2.0697,=3.3245,=2.5596,=0.9956,=1.0044,=1.3275,=1.6732,=2.0958,=2.6532,=0.0332,=0.3396,=0.0151,=0.0278,=0.0351,=0.0404,=0.0521,=0.0279,=0.1211,=0.0298,=112
="HSLI",恒生综合大型股指数,2001-10-03,=0.0160,=2110.6800,=-0.1234,=10.0782,=0.4159,=6.9327,=9.1358,=10.5318,=11.7587,=17.6478,=1.0168,=0.2886,=0.7133,=0.9439,=1.1160,=1.2416,=1.6032,=1.4030,=0.4577,=0.8297,=1.1852,=1.4302,=1.6322,=2.0023,=0.0375,=0.6159,=0.0207,=0.0314,=0.0356,=0.0440,=0.0582,,,,=101
="000021",180治理,2008-09-10,=0.0188,=992.9200,=-0.0876,=10.1470,=0.6643,=6.3364,=8.4357,=9.7208,=10.5909,=13.6109,=1.0381,=0.2981,=0.7542,=0.9755,=1.0962,=1.2187,=1.5847,=1.3428,=0.9480,=0.6625,=0.8519,=0.9540,=1.1467,=1.4979,=0.0401,=0.6911,=0.0241,=0.0329,=0.0363,=0.0448,=0.0548,=0.0243,=0.0995,=0.0258,=165
="932431",300质量,2025-03-18,=0.0161,=1898.2800,=-0.0724,=10.2017,=0.6090,=9.4685,=9.9805,=10.1404,=10.3277,=10.6524,=1.0913,=0.1186,=1.0616,=1.1026,=1.1286,=1.1440,=1.1853,=2.1699,=0.3494,=2.0194,=2.1476,=2.2003,=2.2414,=2.3259,=0.0356,=0.1090,=0.0341,=0.0361,=0.0378,=0.0393,=0.0487,=0.0253,=0.1012,=0.0271,=15
="930709",香港证券,2015-07-13,=0.0182,=1273.4400,=-0.0984,=10.2079,=0.1958,=6.3679,=10.2439,=12.8144,=14.8908,=24.4010,=0.9388,=0.4525,=0.5308,=0.7585,=0.9615,=1.2358,=1.6136,=3.9241,=0.7384,=1.7834,=2.5966,=3.1589,=4.1603,=5.9903,=0.0352,=0.5822,=0.0202,=0.0265,=0.0337,=0.0404,=0.0726,,=0.0828,,=509
="930608",中证基建,2015-03-31,=0.0114,=7489.3700,=-0.1175,=10.2185,=0.4470,=6.6667,=8.6208,=10.4848,=13.9352,=25.2863,=0.7044,=0.0074,=0.6550,=0.8130,=1.1033,=1.4585,=2.2134,=0.2160,=0.1674,=0.1701,=0.2206,=0.3357,=0.4804,=0.7101,=0.0298,=0.8606,=0.0095,=0.0169,=0.0213,=0.0289,=0.0388,=0.0141,=0.0583,=0.0170,=654
="000901",小康指数,2010-04-02,=0.0107,=5640.5500,=-0.1108,=10.2194,=0.2705,=8.5492,=9.9918,=10.9629,=12.5401,=15.5671,=0.9637,=0.0004,=0.9541,=1.0847,=1.2357,=1.4333,=1.7818,=0.9708,=0.4953,=0.7500,=0.8926,=0.9732,=1.0556,=1.2662,=0.0366,=0.8144,=0.0175,=0.0252,=0.0294,=0.0363,=0.0436,=0.0231,=0.0878,=0.0238,=252
="399995",基建工程,2015-03-12,=0.0113,=3749.2100,=-0.0403,=10.3116,=0.7699,=5.8673,=7.3439,=8.2792,=10.8338,=18.8590,=0.6612,=0.0165,=0.5815,=0.7244,=0.8977,=1.3191,=2.1834,=0.1887,=0.3249,=0.1368,=0.1788,=0.2040,=0.3374,=0.5478,=0.0268,=0.6882,=0.0106,=0.0186,=0.0244,=0.0289,=0.0415,=0.0129,=0.0543,=0.0158,=2691
="930846",300SNLV,2016-06-24,=0.0184,=6787.4600,=0.0261,=10.3701,=0.6062,=7.7900,=9.2103,=10.0948,=10.7395,=12.6275,=0.9836,=0.0907,=0.8340,=1.0357,=1.0946,=1.2259,=1.5027,=1.2308,=0.6210,=0.7711,=0.9528,=1.1619,=1.3326,=1.6864,=0.0401,=0.7781,=0.0239,=0.0320,=0.0359,=0.0404,=0.0486,=0.0237,=0.0917,=0.0233,=151
="HSAHP",恒生沪深港通AH股溢价指数,2007-07-09,=0.0036,=122.8700,=-0.0048,=10.4680,=0.8739,=5.5550,=7.1430,=8.3547,=9.6899,=12.3156,=1.0274,=0.7240,=0.6208,=0.7734,=0.9225,=1.0810,=1.3863,=1.1944,=0.9011,=0.5653,=0.7668,=0.9030,=1.0818,=1.3750,=0.0340,=0.1605,=0.0268,=0.0350,=0.0398,=0.0520,=0.0665,,=0.0958,,=348
="932255",A500红利增长,2025-04-09,=0.0190,=2790.9900,=-0.0812,=10.5537,=0.3153,=9.2509,=10.3881,=11.0153,=11.7879,=12.2754,=1.2000,=0.1661,=1.0684,=1.2307,=1.3002,=1.3646,=1.4369,=1.6788,=0.2034,=1.3292,=1.6784,=1.7864,=1.9640,=2.0549,=0.0346,=0.2644,=0.0327,=0.0341,=0.0357,=0.0374,=0.0393,=0.0280,=0.1066,,=37
="932450",香港现金流,2025-02-28,=0.0073,=1512.5800,=-0.2477,=10.5674,=0.8323,=6.6300,=8.1217,=9.8550,=10.4841,=12.5131,=1.0299,=0.3720,=0.7408,=0.8563,=1.1615,=1.2854,=1.5038,=0.5011,=0.0640,=0.4577,=0.5251,=0.8982,=1.0473,=1.2561,=0.0434,=0.1646,=0.0367,=0.0438,=0.0546,=0.0602,=0.0728,,=0.0828,,=11
="399812",养老产业,2014-06-06,=0.0384,=5003.0300,=-0.2098,=10.7175,=0.0025,=10.3086,=17.9430,=20.3997,=25.3954,=31.4367,=1.6587,=0.0074,=1.5864,=2.0541,=2.8106,=3.2414,=4.2954,=1.3684,=0.0656,=1.2170,=1.4585,=1.6758,=1.8719,=2.5548,=0.0289,=0.9885,=0.0096,=0.0129,=0.0169,=0.0242,=0.0306,=0.0294,=0.1459,=0.0345,=6239
="932457",港股通现金流,2025-02-28,=0.0010,=1805.9100,=-0.0821,=10.8176,=0.6524,=7.5325,=8.9328,=10.2314,=11.4640,=12.3320,=1.0924,=0.0579,=1.0440,=1.1447,=1.1976,=1.3265,=1.5343,=0.5815,=0,=0.5815,=0.9005,=0.9613,=1.2155,=1.4545,=0.0458,=0.2866,=0.0405,=0.0436,=0.0502,=0.0632,=0.0701,,=0.0990,,=41
="HSISC",恒指港股通指数,2024-03-01,=0.0138,=3137.0800,=-0.1029,=10.8255,=0.5563,=7.5992,=8.6392,=10.3052,=11.9120,=12.8475,=1.1466,=0.5299,=0.8411,=0.9190,=1.1353,=1.2569,=1.3442,=1.4498,=0.5317,=0.9830,=1.1395,=1.4132,=1.6141,=1.7320,=0.0362,=0.3996,=0.0322,=0.0343,=0.0399,=0.0501,=0.0595,,=0.1037,,=52
="HSI",恒生指数,1989-03-09,=0.0157,=23026.6800,=-0.1016,=10.9871,=0.6160,=6.9462,=9.2273,=10.3315,=12.2459,=16.9606,=1.1548,=0.5786,=0.7519,=0.9729,=1.1267,=1.2666,=1.5570,=1.4103,=0.4638,=0.8141,=1.1480,=1.4366,=1.6549,=2.0895,=0.0356,=0.3660,=0.0204,=0.0330,=0.0369,=0.0444,=0.0596,,,,=13512
="HSLMI",恒生综合大中型股指数,2015-06-08,=0.0168,=3641.3700,=-0.1172,=10.9914,=0.5720,=7.0073,=9.3072,=10.5891,=12.3479,=17.7261,=1.0592,=0.4000,=0.6929,=0.9060,=1.0971,=1.2279,=1.5417,=1.2687,=0.6557,=0.6858,=0.9753,=1.1759,=1.3720,=1.6465,=0.0355,=0.5504,=0.0214,=0.0309,=0.0347,=0.0437,=0.0602,,,,=88
="000043",超大盘,2009-04-23,=0.0231,=2533.0300,=-0.0320,=11.1770,=0.5538,=7.5271,=9.4626,=10.9287,=13.3313,=17.2195,=1.2973,=0.3097,=0.9803,=1.2132,=1.3545,=1.5050,=1.9858,=2.1547,=0.9513,=0.6897,=0.8604,=1.2509,=1.5211,=2.3305,=0.0326,=0.5014,=0.0191,=0.0239,=0.0326,=0.0406,=0.0547,=0.0268,=0.1053,=0.0277,=164
="931586",300价值稳健,2020-11-09,=0.0152,=7133.8900,=-0.0654,=11.2242,=0.5348,=8.1741,=9.6745,=11.1250,=12.7312,=15.0111,=1.2275,=0.2549,=0.9699,=1.1932,=1.3280,=1.5157,=1.6570,=1.2522,=0.8168,=0.7359,=0.8641,=0.9844,=1.0917,=1.5639,=0.0383,=0.5963,=0.0248,=0.0320,=0.0371,=0.0407,=0.0470,=0.0264,=0.1070,=0.0304,=44
="000016",上证50,2004-01-02,=0.0289,=2991.0800,=-0.0132,=11.2832,=0.7303,=8.3126,=9.6453,=10.4684,=11.5466,=15.1108,=1.2142,=0.3678,=1.0245,=1.1695,=1.2377,=1.3330,=1.6482,=1.5854,=0.9695,=0.8665,=1.0179,=1.1292,=1.2837,=1.6440,=0.0322,=0.3823,=0.0240,=0.0291,=0.0334,=0.0397,=0.0497,=0.0249,=0.1007,=0.0262,=23518
="000052",50基本,2012-01-09,=0.0152,=2580.7500,=-0.1465,=11.2832,=0.7303,=8.3126,=9.6468,=10.4749,=11.5466,=15.1108,=1.2142,=0.3707,=1.0245,=1.1695,=1.2377,=1.3328,=1.6471,=1.5854,=0.9695,=0.8665,=1.0183,=1.1295,=1.2837,=1.6440,=0.0322,=0.4449,=0.0238,=0.0291,=0.0329,=0.0398,=0.0497,=0.0249,=0.1007,=0.0262,=26
="000048",责任指数,2009-08-05,=0.0107,=1275.2100,=-0.1358,=11.4210,=0.7480,=7.8628,=9.5548,=10.5463,=11.7962,=14.1982,=1.2323,=0.3773,=0.9056,=1.1404,=1.2971,=1.4408,=1.7866,=1.1057,=0.9967,=0.5718,=0.6942,=0.8010,=0.9233,=1.1795,=0.0403,=0.8305,=0.0223,=0.0279,=0.0312,=0.0398,=0.0469,=0.0224,=0.0991,=0.0247,=129
="HSCAIT",恒生A股行业龙头指数,2009-09-21,=0.0159,=5233.1900,=-0.0917,=11.6041,=0.7673,=8.2192,=9.7981,=10.4823,=11.8187,=14.1027,=1.2306,=0.3769,=1.0288,=1.1853,=1.2646,=1.3563,=1.6997,=1.2560,=0.8645,=0.8424,=0.9741,=1.0515,=1.2158,=1.4109,=0.0366,=0.6524,=0.0260,=0.0318,=0.0347,=0.0405,=0.0503,=0.0256,=0.1023,=0.0256,=493
="932039",央企股东回报,2022-11-16,=-0.0037,=1536.5100,=-0.0317,=11.6405,=0.6779,=8.0198,=9.6669,=10.9713,=11.9720,=13.8005,=1.1163,=0.5228,=0.8847,=1.0069,=1.1065,=1.1744,=1.4098,=0.7311,=0.8530,=0.3642,=0.4251,=0.5276,=0.6684,=0.8821,=0.0452,=0.5449,=0.0383,=0.0421,=0.0449,=0.0476,=0.0553,=0.0235,=0.0905,=0.0215,=132
="931476",ESG 120策略,2020-04-30,=0.0140,=1510.7900,=0.0836,=11.6735,=0.7586,=7.8289,=9.6330,=10.6116,=11.7953,=13.2171,=1.3080,=0.6472,=1.0061,=1.1761,=1.2538,=1.3657,=1.7130,=1.5714,=0.9416,=0.7906,=1.0591,=1.1502,=1.3444,=1.6288,=0.0331,=0.3903,=0.0251,=0.0295,=0.0359,=0.0387,=0.0488,=0.0265,=0.1050,=0.0271,=51
="1000010",上海B股,1994-01-10,,,,=11.7178,=0.0924,=6.8464,=12.9075,=19.0663,=37.2537,=68.1787,=0.8928,=0.1633,=0.7158,=0.9097,=1.0136,=1.2443,=1.7346,=0.6649,=0.6491,=0.3163,=0.4060,=0.5564,=0.7363,=1.2119,=0.0444,=0.8462,=0.0085,=0.0238,=0.0344,=0.0431,=0.2559,,,=0.0164,=130
="931395",沪港深300,2020-01-14,=0.0132,=1732.7500,=0.0050,=11.7942,=0.6346,=8.3275,=10.0274,=10.8583,=12.5508,=16.6490,=1.2298,=0.5187,=0.9663,=1.1030,=1.2192,=1.3695,=1.7241,=1.5397,=0.7523,=0.9881,=1.1727,=1.3213,=1.5845,=1.8801,=0.0317,=0.4139,=0.0218,=0.0272,=0.0333,=0.0393,=0.0499,,=0.0964,,=506
="399807",高铁产业,2015-01-20,=0.0093,=1079.4600,=-0.1311,=11.8898,=0.3291,=9.4881,=11.2215,=12.8208,=15.5447,=24.3532,=0.7378,=0.0004,=0.7295,=0.9187,=1.0316,=1.4802,=2.3973,=0.3802,=0.2285,=0.3063,=0.3760,=0.4226,=0.4753,=0.6435,=0.0318,=0.9571,=0.0090,=0.0146,=0.0235,=0.0277,=0.0348,=0.0121,=0.0541,=0.0137,=589
="000010",上证180,2002-07-01,=0.0209,=10258.5900,=0.0242,=11.9563,=0.7452,=8.4900,=9.9408,=11.0004,=12.1321,=14.6942,=1.2069,=0.3691,=0.9930,=1.1498,=1.2655,=1.3646,=1.6698,=1.4067,=0.9109,=0.8990,=1.0652,=1.1840,=1.3066,=1.4916,=0.0313,=0.5047,=0.0224,=0.0272,=0.0312,=0.0373,=0.0465,=0.0240,=0.0943,=0.0246,=2497
="930949",价值回报,2017-02-24,=0.0141,=12531.3900,=-0.0814,=12.0346,=0.7830,=5.5354,=8.1166,=10.0115,=12.3247,=17.5400,=1.9234,=0.6476,=1.2865,=1.4749,=1.7436,=2.1694,=3.1701,=1.2910,=0.8236,=0.5488,=0.7119,=0.8729,=1.2666,=1.7276,=0.0400,=0.6277,=0.0155,=0.0258,=0.0348,=0.0486,=0.0681,=0.0290,=0.1096,=0.0305,=29
="000908",300能源,2007-07-02,=-0.0033,=2257.5800,=-0.0450,=12.1570,=0.4548,=6.9395,=9.4585,=13.1583,=21.8563,=62.7889,=1.2385,=0.7093,=0.7125,=0.8868,=1.1264,=1.2840,=1.8071,=0.7484,=0.9093,=0.3053,=0.3856,=0.5108,=0.6932,=1.0302,=0.0447,=0.3649,=0.0113,=0.0379,=0.0494,=0.0598,=0.0754,=0.0302,=0.1004,=0.0297,=268
="980092",自由现金流,2012-12-28,=0.0070,=4704.9700,=-0.1267,=12.2361,=0.2131,=11.1075,=12.2044,=12.9048,=14.4607,=16.4362,=1.2720,=0.0023,=1.2670,=1.5025,=1.5873,=1.6669,=1.8134,=0.8059,=0.1077,=0.7577,=0.8726,=0.9455,=0.9806,=1.0805,=0.0401,=0.9321,=0.0287,=0.0333,=0.0370,=0.0388,=0.0437,=0.0285,=0.1047,=0.0263,=1453
="931132",诚通央企红利,2023-05-04,=0.0018,=1525.8200,=-0.0597,=12.2524,=0.5911,=9.0905,=10.5886,=11.9152,=12.9721,=15.2313,=1.1642,=0.3919,=0.9482,=1.0909,=1.1829,=1.2363,=1.5338,=0.6984,=0.8349,=0.3626,=0.4249,=0.4819,=0.6201,=0.8835,=0.0455,=0.7746,=0.0374,=0.0407,=0.0440,=0.0457,=0.0498,=0.0249,=0.0916,=0.0215,=36
="399439",国证油气,2014-12-30,=-0.0158,=1956.3600,=0.0159,=12.3767,=0.4161,=7.2448,=10.6844,=14.9217,=29.6941,=98.7831,=1.1983,=0.6099,=0.6716,=0.7849,=1.1450,=1.2649,=1.8382,=0.6542,=0.9052,=0.2370,=0.3183,=0.5042,=0.5988,=0.9735,=0.0409,=0.4107,=0.0101,=0.0339,=0.0425,=0.0469,=0.0731,=0.0300,=0.0921,=0.0283,=100
="931248",油气资源,2023-06-12,=-0.0159,=1021.7600,=0.1182,=12.4401,=0.7209,=8.9017,=10.1862,=11.2329,=13.0763,=19.0700,=1.1891,=0.3899,=1.0292,=1.1499,=1.2156,=1.3552,=1.8318,=0.6537,=0.7606,=0.4486,=0.5088,=0.5907,=0.6692,=0.9774,=0.0406,=0.2503,=0.0285,=0.0398,=0.0463,=0.0499,=0.0548,=0.0301,=0.0906,=0.0280,=47
="931168",绿色价值100,2019-06-27,=0.0158,=1571.4600,=0.0566,=12.5098,=0.7295,=8.4906,=9.9773,=11.3346,=12.8463,=14.6050,=1.3264,=0.6146,=1.0223,=1.1890,=1.2805,=1.4053,=1.6052,=1.5489,=0.9222,=0.9649,=1.1296,=1.2495,=1.3540,=1.6482,=0.0308,=0.3707,=0.0243,=0.0291,=0.0316,=0.0357,=0.0439,=0.0274,=0.1011,=0.0242,=10
="399313",巨潮100,2005-02-03,=0.0160,=5580.1400,=0.0244,=12.5641,=0.8313,=8.9278,=10.3588,=11.0975,=12.3757,=16.6101,=1.3550,=0.5608,=1.0718,=1.2425,=1.3358,=1.4929,=1.8501,=1.7186,=0.9967,=0.9844,=1.1492,=1.2657,=1.4393,=1.7644,=0.0290,=0.3303,=0.0217,=0.0274,=0.0305,=0.0349,=0.0452,=0.0250,=0.0999,=0.0255,=208
="000928",中证能源,2009-07-03,=-0.0001,=2990.3400,=0.0148,=12.7311,=0.4689,=6.9612,=9.7906,=13.1550,=21.2640,=68.9647,=1.2259,=0.6540,=0.7281,=0.9359,=1.1512,=1.2993,=1.8006,=0.7495,=0.8779,=0.3162,=0.4106,=0.5298,=0.7038,=1.0383,=0.0425,=0.3472,=0.0106,=0.0363,=0.0464,=0.0557,=0.0717,=0.0289,=0.0960,=0.0282,=1287
="930629",CSSW健康,2015-05-08,=0.0545,=5158.8600,=-0.0991,=12.7919,=0.0082,=12.1031,=17.8560,=21.7757,=38.7900,=49.9253,=1.8530,=0.0256,=1.7351,=2.1685,=3.0693,=4.6084,=6.2998,=1.5452,=0.1852,=1.2755,=1.5528,=1.9148,=4.7309,=7.2978,=0.0244,=0.9786,=0.0055,=0.0076,=0.0154,=0.0208,=0.0272,=0.0270,=0.1388,=0.0324,=271
="H30455",沪港深500,2014-11-28,=0.0124,=2600.3800,=-0.0214,=12.8185,=0.7416,=8.5690,=10.3715,=11.4524,=13.2201,=16.8903,=1.3053,=0.5358,=0.9675,=1.1610,=1.2908,=1.4056,=1.7307,=1.5486,=0.8507,=0.9518,=1.1783,=1.3188,=1.5073,=1.7787,=0.0302,=0.4587,=0.0214,=0.0275,=0.0307,=0.0375,=0.0485,,=0.0953,,=524
="1000015",港股全指,2000-01-01,=0.0157,=23026.6800,=-0.1016,=12.8965,=0.6764,=7.5917,=10.2569,=11.3590,=13.5931,=19.1348,=1.0829,=0.5427,=0.6574,=0.8625,=1.0668,=1.1863,=1.5123,=1.1691,=0.5931,=0.6196,=0.8644,=1.1022,=1.2707,=1.5791,=0.0329,=0.4496,=0.0205,=0.0300,=0.0334,=0.0422,=0.0574,,,,=305
="932366",300现金流,2024-11-12,=0.0078,=3013.4300,=-0.0982,=12.9405,=0.0051,=12.5879,=13.4430,=14.0194,=14.9648,=16.2670,=1.5096,=0.0025,=1.4981,=1.7121,=1.8298,=1.8976,=1.9885,=1.1708,=0.0916,=1.0861,=1.2283,=1.3988,=1.4415,=1.5124,=0.0404,=0.5725,=0.0324,=0.0382,=0.0401,=0.0411,=0.0453,=0.0285,=0.1163,=0.0355,=177
="000044",上证中盘,2009-07-03,=0.0088,=4791.4900,=0.0500,=12.9529,=0.5497,=8.6509,=10.4793,=12.5317,=14.6389,=18.7575,=1.1975,=0.3518,=0.9210,=1.0900,=1.2805,=1.6557,=1.9734,=1.2282,=0.4499,=0.9382,=1.1499,=1.2489,=1.4304,=1.7773,=0.0301,=0.7014,=0.0180,=0.0223,=0.0265,=0.0338,=0.0421,=0.0229,=0.0859,=0.0223,=96
="932368",800现金流,2024-12-11,=0.0102,=4516.7100,=-0.1168,=13.0968,=0.6962,=9.9108,=10.8254,=11.7026,=14.1994,=15.6891,=1.7340,=0.5565,=1.4048,=1.5325,=1.6829,=1.8674,=2.0110,=1.4781,=0.9274,=1.0036,=1.1020,=1.3174,=1.4083,=1.6222,=0.0381,=0.2930,=0.0311,=0.0359,=0.0423,=0.0478,=0.0553,=0.0283,=0.1177,=0.0451,=238
="000986",全指能源,2011-08-02,=0.0006,=2362.2700,=0.0120,=13.2915,=0.4924,=6.8032,=9.9968,=13.3563,=21.4106,=75.0146,=1.2324,=0.6433,=0.7554,=0.9688,=1.1748,=1.3157,=1.7977,=0.7647,=0.8779,=0.3323,=0.4459,=0.5657,=0.7226,=1.0524,=0.0410,=0.3724,=0.0098,=0.0342,=0.0439,=0.0544,=0.0769,=0.0281,=0.0918,=0.0274,=604
="399314",巨潮大盘,2005-02-03,=0.0131,=5311.0700,=0.0376,=13.3626,=0.7649,=9.6620,=11.1372,=12.0493,=13.4926,=17.5384,=1.4041,=0.4553,=1.0976,=1.2830,=1.4176,=1.5848,=1.9279,=1.5551,=0.9179,=0.9932,=1.1678,=1.3086,=1.4626,=1.8124,=0.0284,=0.4862,=0.0201,=0.0248,=0.0285,=0.0328,=0.0435,=0.0244,=0.0938,=0.0251,=16
="931082",A500现金流,2025-07-16,=0.0081,=4055.8500,=-0.1055,=13.4334,=0.3886,=11.3087,=12.2779,=13.9178,=14.9749,=16.5522,=1.4941,=0.0044,=1.4848,=1.7226,=1.8759,=1.9611,=2.0613,=1.2144,=0.0044,=1.2068,=1.3423,=1.4611,=1.5649,=1.6378,=0.0372,=0.3799,=0.0310,=0.0355,=0.0385,=0.0433,=0.0482,=0.0315,=0.1166,,=126
="980028",龙头家电,2015-02-16,=0.0105,=11172.5400,=-0.1124,=13.5355,=0.1622,=11.8600,=13.7092,=14.6153,=18.5628,=31.1013,=2.3609,=0.0058,=2.2513,=2.6617,=2.9068,=3.6637,=5.1202,=1.2058,=0.2117,=0.9787,=1.2022,=1.3296,=1.4778,=2.2318,=0.0470,=0.9981,=0.0174,=0.0264,=0.0332,=0.0396,=0.0472,=0.0430,=0.1789,=0.0477,=178
="H30198",油气产业,2013-07-15,=-0.0148,=2320.6600,=0.1017,=13.5432,=0.4724,=7.8064,=10.8642,=14.1469,=25.4459,=104.2111,=1.3245,=0.8832,=0.6580,=0.8170,=1.1474,=1.2553,=1.8532,=0.7044,=0.9479,=0.2505,=0.3211,=0.4783,=0.5905,=0.9554,=0.0354,=0.2023,=0.0103,=0.0353,=0.0428,=0.0470,=0.0704,=0.0307,=0.0868,=0.0269,=112
="931802",中证龙头,2010-02-09,=0.0130,=1911.7400,=0.0367,=13.6400,=0.7348,=9.1945,=11.3570,=12.3911,=14.0015,=18.2393,=2.0240,=0.9406,=1.2921,=1.4648,=1.6636,=1.8834,=2.6625,=2.7820,=0.9967,=0.9048,=1.0778,=1.3427,=1.9935,=2.8954,=0.0280,=0.3790,=0.0165,=0.0261,=0.0294,=0.0352,=0.0446,=0.0324,=0.1325,=0.0308,=96
="931155",300质量成长,2019-04-22,=0.0131,=11726.6800,=0.1596,=13.7344,=0.5221,=7.3805,=10.8001,=13.6211,=15.2815,=31.0699,=2.0438,=0.3871,=1.1055,=1.6643,=2.2636,=2.8181,=5.3844,=3.2172,=0.9552,=1.3218,=1.7730,=2.1678,=2.6104,=3.8395,=0.0242,=0.4176,=0.0092,=0.0210,=0.0254,=0.0313,=0.0464,=0.0331,=0.1462,=0.0366,=79
="000150",380红利,2012-07-20,=0.0073,=10994.1800,=-0.0488,=13.7976,=0.7002,=5.2545,=8.5513,=12.0903,=16.3610,=19.8070,=0.9593,=0.2511,=0.6172,=0.8678,=1.3550,=1.6709,=2.2592,=0.4538,=0.4371,=0.2775,=0.3623,=0.5421,=1.5607,=2.3204,=0.0486,=0.5926,=0.0247,=0.0340,=0.0443,=0.0581,=0.0734,=0.0206,=0.0377,=0.0185,=43
="931454",港股通消费,2020-03-06,=0.0181,=1288.7900,=-0.1629,=13.8070,=0.0026,=13.4946,=20.6166,=27.3438,=36.9323,=64.7193,=2.3288,=0.0026,=2.2762,=3.1874,=3.6445,=5.1166,=8.9519,=1.2366,=0.0026,=1.2086,=1.9485,=2.3866,=3.5835,=6.6047,=0.0483,=0.9974,=0.0043,=0.0072,=0.0118,=0.0150,=0.0494,,=0.1670,,=373
="931238",SSH黄金股票,2017-10-17,=0.0145,=2552.3100,=-0.2156,=13.8785,=0.0004,=13.6773,=18.5035,=23.5623,=35.7034,=92.1543,=2.8531,=0.8854,=1.4294,=1.8165,=2.0171,=2.3510,=6.0579,=0.9124,=0.8984,=0.3659,=0.4655,=0.5509,=0.6661,=1.9529,=0.0233,=0.9224,=0.0052,=0.0085,=0.0126,=0.0207,=0.0325,,=0.1869,,=331
="000822",500红利,2012-07-20,=0.0084,=9782.4300,=-0.0386,=13.9024,=0.7398,=7.4138,=9.6102,=11.2677,=16.6427,=26.4578,=1.1277,=0.3757,=0.8670,=1.0202,=1.2353,=1.5758,=2.2876,=0.5613,=0.4878,=0.2906,=0.3999,=0.5778,=1.1463,=1.8159,=0.0418,=0.5476,=0.0164,=0.0266,=0.0410,=0.0491,=0.0638,=0.0233,=0.0658,=0.0188,=38
="H11057",石化产业,2009-07-22,=0.0068,=1371.7800,=0.0043,=13.9135,=0.4941,=9.0713,=11.9944,=13.9439,=19.4272,=46.6548,=1.4114,=0.7360,=0.9085,=1.1901,=1.3423,=1.4432,=1.9948,=0.7491,=0.7916,=0.4002,=0.4800,=0.6104,=0.7521,=1.0264,=0.0340,=0.3778,=0.0099,=0.0303,=0.0365,=0.0408,=0.0471,=0.0331,=0.0946,=0.0281,=68
="932365",中证现金流,2024-12-11,=0.0121,=4643.8600,=-0.1184,=13.9670,=0.7419,=10.1873,=10.9329,=12.0012,=14.4118,=15.8261,=1.5591,=0.0511,=1.4661,=1.6689,=1.7785,=1.8844,=2.0150,=0.8577,=0.0027,=0.8463,=1.1869,=1.4028,=1.5140,=1.6205,=0.0385,=0.3199,=0.0305,=0.0357,=0.0421,=0.0474,=0.0550,=0.0286,=0.1155,=0.0394,=677
="HSCGSI",恒生消费指数,2015-08-17,=0.0163,=2290.4000,=-0.1127,=14.0251,=0.0020,=13.7314,=17.9315,=20.3604,=46.9799,=191.0166,=2.3659,=0.3524,=1.6557,=2.1496,=2.5823,=3.0646,=4.3429,=1.2695,=0.2138,=0.9965,=1.2583,=1.5542,=1.8502,=2.9413,=0.0474,=0.9984,=0.0097,=0.0178,=0.0253,=0.0319,=0.0484,,=0.1724,,=833
="000971",等权90,2010-12-02,=0.0150,=3450.8300,=0.0273,=14.0350,=0.8491,=8.9747,=10.9064,=11.8603,=13.7251,=19.4330,=1.5831,=0.7387,=1.1544,=1.3277,=1.4436,=1.6219,=2.2329,=1.8607,=0.9967,=1.0052,=1.1477,=1.2631,=1.5389,=1.9075,=0.0265,=0.2436,=0.0181,=0.0255,=0.0292,=0.0330,=0.0448,=0.0259,=0.1045,=0.0271,=9
="932037",央企现代能源,2022-11-16,=0.0057,=1426.0500,=-0.0226,=14.2316,=0.8078,=10.8583,=11.9970,=12.8532,=14.1983,=18.2611,=1.4188,=0.4966,=1.1507,=1.3390,=1.4196,=1.5692,=1.8914,=0.8598,=0.8535,=0.4850,=0.6192,=0.7532,=0.8293,=1.0835,=0.0358,=0.1819,=0.0297,=0.0361,=0.0406,=0.0431,=0.0461,=0.0273,=0.0952,=0.0272,=34
="931526",企业核心竞争力50,2020-08-24,=0.0078,=1341.9500,=0.0236,=14.3375,=0.0085,=13.8510,=17.2196,=23.0270,=29.9503,=51.8267,=1.7193,=0.0007,=1.7075,=3.0653,=4.0714,=6.7898,=10.8733,=2.0627,=0.3437,=0.9066,=1.5086,=3.4312,=4.5440,=7.9459,=0.0270,=0.8296,=0.0072,=0.0118,=0.0171,=0.0231,=0.0352,=0.0371,=0.1485,=0.0461,=86
="931412",证券公司30,2020-02-20,=0.0156,=1521.5300,=-0.0643,=14.4543,=0.0765,=12.7557,=16.2439,=18.5712,=22.6842,=36.9291,=1.3308,=0.3197,=1.0327,=1.2657,=1.4443,=1.7019,=2.4365,=5.7757,=0.5869,=3.9462,=5.0285,=5.5544,=6.7144,=9.6353,=0.0210,=0.8048,=0.0091,=0.0147,=0.0168,=0.0207,=0.0256,=0.0228,=0.0861,=0.0218,=22
="000300",沪深300,2005-04-08,=0.0121,=4926.9200,=0.0641,=14.4878,=0.8878,=10.0799,=11.6919,=12.6373,=14.1338,=17.6279,=1.4660,=0.4887,=1.1457,=1.3350,=1.4695,=1.6202,=1.9228,=1.5694,=0.9394,=1.0330,=1.1718,=1.3067,=1.4572,=1.7482,=0.0269,=0.4697,=0.0199,=0.0236,=0.0274,=0.0317,=0.0422,=0.0246,=0.0934,=0.0249,=48846
="000066",上证商品,2010-04-30,=0.0050,=3874.5400,=0.0985,=14.4965,=0.4557,=7.9120,=11.1675,=15.0682,=23.2063,=53.3084,=1.6227,=0.9105,=0.9403,=1.2112,=1.3368,=1.4961,=2.2405,=0.9227,=0.9485,=0.4082,=0.5256,=0.6498,=0.7759,=1.2223,=0.0330,=0.3753,=0.0093,=0.0288,=0.0357,=0.0466,=0.0603,=0.0347,=0.1091,=0.0303,=77
="000068",上证资源,2010-05-28,=0.0041,=4177.8900,=0.0376,=14.4970,=0.4433,=7.8012,=11.1450,=15.1876,=24.2823,=73.1997,=1.6269,=0.9167,=0.8674,=1.1479,=1.3108,=1.4813,=2.2515,=0.9108,=0.9439,=0.3742,=0.5012,=0.6088,=0.7696,=1.2220,=0.0327,=0.3212,=0.0094,=0.0294,=0.0360,=0.0471,=0.0635,=0.0351,=0.1097,=0.0307,=306
="HSSCHKC",恒生港股通香港公司指数,2017-11-20,=0.0083,=3193.2400,=0.0275,=14.4973,=0.5224,=9.9660,=12.2211,=14.3204,=18.1050,=45.2058,=1.2395,=0.7931,=0.8018,=0.9541,=1.0986,=1.2437,=1.4001,=3.1998,=0.9967,=1.7566,=2.0732,=2.3907,=2.7489,=3.2588,=0.0382,=0.4587,=0.0202,=0.0340,=0.0391,=0.0467,=0.0626,,,,=14
="931397",A股通50,2020-02-20,=0.0115,=2405.9800,=0.0616,=14.5211,=0.6169,=8.9450,=10.5724,=12.8998,=21.5457,=29.8209,=1.8068,=0.5370,=1.1048,=1.2779,=1.7282,=3.5730,=4.6955,=2.4152,=0.7396,=1.0496,=1.2850,=1.8833,=2.8997,=3.9597,=0.0270,=0.4390,=0.0113,=0.0156,=0.0281,=0.0369,=0.0493,=0.0296,=0.1069,=0.0278,=8
="950096",上海国企,2016-05-11,=0.0210,=1328.4600,=-0.1220,=14.5913,=0.7089,=8.9055,=11.0343,=12.5701,=15.1972,=16.5992,=1.1047,=0.4652,=0.7269,=0.8713,=1.1293,=1.4947,=2.0186,=1.2142,=0.9695,=0.5842,=0.6832,=0.8501,=1.1365,=1.2890,=0.0213,=0.2235,=0.0177,=0.0207,=0.0257,=0.0281,=0.0334,=0.0189,=0.0761,=0.0213,=169
="930758",凤凰50,2018-11-21,=0.0185,=8916.9000,=0.1194,=14.6609,=0.6285,=8.6050,=10.8110,=13.5052,=15.7462,=22.7753,=1.9667,=0.7425,=1.0496,=1.4339,=1.6624,=2.0837,=3.0708,=2.2732,=0.9326,=0.3622,=0.7525,=1.3145,=1.8950,=3.4064,=0.0294,=0.6382,=0.0097,=0.0228,=0.0281,=0.0307,=0.0478,=0.0281,=0.1135,=0.0262,=65
="399437",证券龙头,2014-12-30,=0.0191,=6328.5100,=-0.0709,=14.6910,=0.0627,=12.9130,=17.3597,=19.9992,=25.0411,=43.0253,=1.3410,=0.2630,=1.0547,=1.2956,=1.5338,=1.8239,=2.3633,=5.8512,=0.4262,=3.9970,=5.3279,=6.2016,=7.2524,=9.5068,=0.0207,=0.7910,=0.0092,=0.0139,=0.0161,=0.0210,=0.0262,=0.0223,=0.0851,=0.0215,=705
="931381",中证长三角,2019-11-25,=0.0177,=2085.7500,=0.0304,=14.6967,=0.9411,=9.1117,=10.6601,=12.0259,=13.9497,=16.1441,=1.4461,=0.6992,=0.9630,=1.1508,=1.3066,=1.5502,=1.8124,=1.7630,=0.9117,=0.8724,=1.0707,=1.2492,=1.5568,=1.9541,=0.0250,=0.1779,=0.0209,=0.0253,=0.0285,=0.0322,=0.0422,=0.0256,=0.0961,=0.0259,=7
="931021",家电龙头,2017-10-17,=0.0079,=16056.8800,=-0.1112,=14.7510,=0.3038,=11.3343,=14.2465,=15.7794,=19.3457,=31.7589,=2.4712,=0.0592,=2.3641,=2.6402,=3.0510,=3.9039,=5.4650,=1.2072,=0.4165,=0.8457,=1.1175,=1.2348,=1.4862,=2.4102,=0.0427,=0.9957,=0.0135,=0.0212,=0.0284,=0.0354,=0.0436,=0.0396,=0.1676,=0.0453,=27
="932315",中证红利质量,2024-07-08,=0.0076,=4094.4200,=-0.0930,=14.7718,=0.3522,=12.3916,=13.5909,=15.6397,=16.6143,=18.7206,=2.7976,=0.3732,=2.1812,=2.3637,=3.0525,=3.9896,=4.4900,=3.4311,=0.9790,=2.0136,=2.1770,=2.9957,=3.1921,=3.6638,=0.0392,=0.5304,=0.0312,=0.0371,=0.0390,=0.0422,=0.0443,=0.0482,=0.1829,=0.0412,=521
="000092",资源50,2011-05-10,=0.0025,=5086.8000,=0.0420,=14.8071,=0.4887,=7.9483,=11.3499,=14.9143,=22.7815,=52.0101,=1.7220,=0.9390,=0.9579,=1.2631,=1.3961,=1.5367,=2.3324,=0.9606,=0.9518,=0.4148,=0.5541,=0.6758,=0.7890,=1.2646,=0.0316,=0.3666,=0.0094,=0.0284,=0.0354,=0.0449,=0.0578,=0.0363,=0.1132,=0.0314,=36
="000028",180成长,2009-01-09,=0.0366,=4251.3000,=0.0864,=14.8079,=0.5171,=9.5268,=12.1617,=14.5613,=18.2344,=25.1474,=2.1188,=0.3315,=1.5063,=1.8462,=2.6890,=3.1694,=5.1089,=2.6720,=0.9992,=1.1581,=1.4592,=1.6226,=1.8768,=2.7082,=0.0224,=0.4965,=0.0090,=0.0178,=0.0225,=0.0254,=0.0375,=0.0333,=0.1358,=0.0227,=193
="000955",中证国企,2010-02-09,=0.0103,=1590.7000,=-0.0030,=14.8449,=0.7790,=10.0979,=11.7062,=12.7317,=14.9539,=16.8119,=1.2370,=0.3765,=1.0210,=1.1826,=1.2922,=1.4468,=1.7591,=1.2719,=0.7847,=0.7969,=0.9757,=1.0895,=1.2808,=1.4527,=0.0276,=0.5303,=0.0195,=0.0241,=0.0271,=0.0324,=0.0414,=0.0213,=0.0765,=0.0217,=40
="H30533",中国互联网50,2014-12-29,=0.0300,=6200.1382,=-0.3386,=14.8808,=0.0008,=14.4034,=20.3366,=41.6705,=57.1746,=137.0698,=1.9358,=0.0058,=1.7082,=2.5484,=4.6645,=6.7227,=9.7098,=1.6463,=0.0058,=1.4305,=2.1784,=4.3421,=6.4332,=9.1092,=0.0119,=0.9988,=0.0007,=0.0013,=0.0019,=0.0078,=0.0123,,,,=6803
="399699",金融科技,2017-06-09,=-0.0025,=3368.4400,=-0.2468,=14.8984,=0.0183,=14.0983,=16.7362,=19.3665,=44.5987,=111.6316,=1.6973,=0.1412,=1.2665,=1.7973,=2.2817,=3.4010,=4.4660,=1.3933,=0.2205,=1.0709,=1.3767,=1.6243,=1.9150,=3.0519,=0.0252,=0.8863,=0.0041,=0.0062,=0.0186,=0.0231,=0.0329,=0.0209,=0.1027,=0.0223,=325
="930604",中国互联网30,2015-03-23,=0.0313,=6695.3864,=-0.3307,=14.9017,=0.0008,=14.4193,=20.1259,=42.2916,=59.2813,=131.9396,=1.9585,=0.0046,=1.7582,=2.5987,=4.7530,=7.0824,=10.3841,=1.6496,=0.0054,=1.4482,=2.1889,=4.1398,=6.4486,=9.5870,=0.0115,=0.9992,=0.0007,=0.0013,=0.0017,=0.0076,=0.0119,,,,=641
="H11136",中国互联网,2011-09-20,=0.0283,=3640.8846,=-0.3171,=14.9282,=0.0015,=14.4387,=19.9966,=42.7367,=57.4994,=137.0698,=1.9399,=0.0050,=1.7247,=2.5532,=4.6652,=6.7410,=9.7098,=1.6930,=0.0046,=1.5020,=2.2480,=4.3440,=6.5160,=9.1092,=0.0126,=0.9992,=0.0007,=0.0013,=0.0019,=0.0084,=0.0130,,,,=3354
="000805",A股资源,2012-01-06,=0.0051,=7448.1500,=0.0505,=15.0875,=0.4563,=7.9265,=11.4609,=15.6368,=24.1554,=73.5792,=1.7459,=0.9468,=0.9200,=1.1959,=1.3636,=1.5166,=2.3735,=0.9760,=0.9518,=0.3865,=0.5298,=0.6350,=0.7762,=1.2754,=0.0307,=0.3520,=0.0090,=0.0279,=0.0342,=0.0454,=0.0580,=0.0371,=0.1115,=0.0305,=5
="HSMI",恒生综合中型股指数,2001-10-03,=0.0210,=4569.2700,=-0.0829,=15.1492,=0.8650,=7.1837,=9.6369,=11.3101,=14.7081,=19.0737,=1.2126,=0.7764,=0.6229,=0.7817,=1.0105,=1.2288,=1.5312,=0.9834,=0.9362,=0.4186,=0.5568,=0.6725,=0.8141,=1.0938,=0.0293,=0.3236,=0.0208,=0.0280,=0.0329,=0.0427,=0.0675,,,,=162
="931139",CS消费50,2019-03-20,=0.0199,=12961.4300,=-0.1876,=15.2547,=0.0017,=14.9525,=18.1565,=24.0233,=30.1964,=47.8630,=3.0002,=0.0085,=2.8552,=4.0305,=5.3376,=7.0708,=12.5456,=1.9490,=0.0017,=1.9104,=2.5996,=3.1710,=4.4674,=9.1270,=0.0474,=0.9983,=0.0083,=0.0159,=0.0207,=0.0358,=0.0484,=0.0528,=0.1922,=0.0638,=2202
="931068",消费龙头,2018-11-21,=0.0148,=10105.7400,=-0.2024,=15.3074,=0.0016,=15.0591,=18.3184,=22.9325,=30.0688,=44.3922,=2.9946,=0.0038,=2.8729,=4.1357,=4.7316,=6.5906,=10.3805,=1.8733,=0.0049,=1.8019,=2.6429,=3.2701,=4.1011,=7.0508,=0.0444,=0.9984,=0.0085,=0.0160,=0.0208,=0.0328,=0.0451,=0.0518,=0.2083,=0.0600,=2369
="000961",中证上游,2010-04-16,=0.0055,=5051.8700,=-0.0022,=15.3495,=0.4676,=8.3063,=11.4863,=15.6869,=24.3507,=72.6914,=1.7500,=0.9464,=0.9003,=1.1960,=1.3638,=1.5267,=2.4036,=0.9717,=0.9509,=0.3813,=0.5134,=0.6292,=0.7757,=1.2905,=0.0305,=0.3328,=0.0092,=0.0281,=0.0343,=0.0447,=0.0576,=0.0373,=0.1119,=0.0305,=45
="000861",央企创新,2019-05-16,=0.0077,=2659.3900,=0.0363,=15.3641,=0.8233,=10.3360,=12.0206,=13.4105,=15.0710,=18.8086,=1.3903,=0.8175,=1.0351,=1.1866,=1.2977,=1.3866,=1.5975,=0.8084,=0.9357,=0.4544,=0.5193,=0.5837,=0.7334,=0.8999,=0.0316,=0.4409,=0.0234,=0.0271,=0.0334,=0.0377,=0.0493,=0.0222,=0.0826,=0.0232,=263
="HSHK35",恒生香港35,2003-01-20,=0.0085,=3001.1000,=0.0514,=15.3847,=0.6130,=9.7413,=12.1446,=14.3059,=17.5924,=47.6465,=1.2034,=0.7415,=0.7649,=0.9601,=1.0976,=1.2314,=1.3547,=3.2641,=0.8752,=2.1814,=2.5942,=2.8893,=3.1810,=3.7366,=0.0391,=0.4996,=0.0206,=0.0332,=0.0391,=0.0462,=0.0628,,,,=115
="931402",证券先锋,2020-01-14,=0.0137,=1895.6300,=-0.0910,=15.3896,=0.0641,=13.6795,=17.6249,=20.7858,=25.8589,=41.4692,=1.3378,=0.3024,=1.0487,=1.2862,=1.4640,=1.7493,=2.4715,=5.9962,=0.5413,=4.0917,=5.3123,=5.9011,=7.0702,=10.0278,=0.0200,=0.8065,=0.0081,=0.0132,=0.0150,=0.0191,=0.0246,=0.0214,=0.0819,=0.0203,=92
="399975",证券公司,2013-07-15,=0.0137,=784.4000,=-0.0800,=15.4762,=0.0536,=13.0756,=18.7096,=21.4877,=26.4841,=46.0250,=1.3337,=0.2507,=1.0494,=1.3006,=1.5568,=1.8654,=2.4199,=5.9956,=0.4144,=4.0997,=5.4325,=6.3253,=7.4089,=10.0865,=0.0198,=0.7893,=0.0082,=0.0129,=0.0150,=0.0203,=0.0252,=0.0211,=0.0810,=0.0201,=9812
="931645",1000红利,2024-03-15,=0.0040,=2209.0800,=-0.1100,=15.5095,=0.9094,=11.2896,=12.4177,=13.6681,=14.8259,=18.1886,=1.1066,=0.1286,=0.9871,=1.1305,=1.1942,=1.2443,=1.3469,=0.7069,=0.2717,=0.5734,=0.6711,=0.7573,=0.8168,=0.8871,=0.0355,=0.3931,=0.0305,=0.0338,=0.0365,=0.0411,=0.0471,=0.0179,=0.0646,=0.0199,=24
="000944",内地资源,2009-10-28,=0.0061,=5306.1900,=-0.0002,=15.5856,=0.4996,=8.0950,=11.4362,=15.5925,=23.4637,=66.3491,=1.7632,=0.9472,=0.8945,=1.1840,=1.3556,=1.5192,=2.3924,=0.9787,=0.9518,=0.3754,=0.5050,=0.6228,=0.7725,=1.2835,=0.0302,=0.2877,=0.0090,=0.0284,=0.0349,=0.0457,=0.0579,=0.0374,=0.1109,=0.0304,=5
="000860",结构调整,2018-03-26,=0.0077,=1305.6200,=0.0665,=15.5890,=0.6988,=9.5233,=12.4523,=13.9447,=16.3752,=20.6443,=1.4278,=0.7198,=1.1018,=1.2874,=1.3710,=1.4553,=1.6430,=0.8997,=0.9585,=0.4658,=0.5868,=0.6770,=0.7908,=0.9608,=0.0324,=0.5175,=0.0220,=0.0262,=0.0313,=0.0369,=0.0499,=0.0222,=0.0831,=0.0231,=144
="931404",SHS品牌消费50,2020-02-20,=0.0153,=2176.2800,=-0.1941,=15.6130,=0.0056,=15.2551,=18.3759,=21.5606,=30.2800,=52.1290,=3.6951,=0.0249,=3.2381,=4.5822,=5.2743,=7.2796,=13.2899,=3.1522,=0.1762,=2.1582,=3.1751,=4.0740,=6.4049,=12.0094,=0.0272,=0.8082,=0.0048,=0.0094,=0.0170,=0.0251,=0.0383,,=0.2165,,=133
="930796",全球中国互联网,2016-04-22,=0.0274,=1490.6930,=-0.3163,=15.6375,=0.0031,=15.1732,=21.2029,=39.5402,=53.8907,=115.7107,=2.0746,=0.0058,=1.8023,=2.6623,=4.6329,=6.9373,=9.6202,=1.7659,=0.0058,=1.5064,=2.2868,=3.8342,=6.4798,=9.5215,=0.0116,=0.9996,=0.0008,=0.0013,=0.0018,=0.0077,=0.0120,,=0.1307,,=39
="931663",SHS消费龙头,2015-03-13,=0.0170,=1601.9300,=-0.2117,=15.6471,=0.0094,=14.4278,=20.2045,=26.7311,=37.1075,=57.5191,=2.6139,=0.0016,=2.5341,=3.4028,=4.3132,=6.1379,=13.5979,=1.6538,=0.1167,=1.3592,=1.8727,=2.3931,=3.4214,=7.5123,=0.0334,=0.9547,=0.0069,=0.0133,=0.0169,=0.0251,=0.0421,,=0.1411,,=219
="H30089",红利潜力,2013-07-02,=0.0186,=8804.2000,=-0.1148,=15.7921,=0.2227,=12.7702,=15.7216,=16.9225,=20.7352,=29.7267,=2.6051,=0.5889,=1.5108,=1.9967,=2.4941,=2.9135,=4.3960,=2.0856,=0.7810,=0.7611,=0.9518,=1.7543,=2.1695,=2.8465,=0.0372,=0.7951,=0.0172,=0.0255,=0.0315,=0.0372,=0.0456,=0.0404,=0.1605,=0.0444,=549
="931371",品牌消费100,2019-11-25,=0.0226,=5447.9500,=-0.1730,=15.7985,=0.0175,=14.6106,=17.4411,=22.4463,=30.6238,=41.6881,=2.9383,=0.0088,=2.8278,=3.7070,=4.6611,=6.5553,=9.5576,=1.9708,=0.0726,=1.7483,=2.1115,=2.6776,=3.8767,=5.3339,=0.0470,=0.9981,=0.0095,=0.0156,=0.0224,=0.0368,=0.0479,=0.0505,=0.1847,=0.0654,=5
="930697",家用电器,2015-07-07,=0.0073,=11516.8800,=-0.0995,=15.8186,=0.2701,=12.0193,=15.4243,=17.0997,=19.8234,=32.1495,=2.4294,=0.0379,=2.2889,=2.6696,=3.2770,=3.9701,=5.2226,=1.2169,=0.2705,=0.9879,=1.1843,=1.3022,=1.6199,=2.3694,=0.0400,=0.9930,=0.0137,=0.0223,=0.0264,=0.0330,=0.0418,=0.0370,=0.1413,=0.0419,=1733
="930716",CS物流,2015-07-31,=-0.0123,=1146.9400,=-0.0232,=16.0083,=0.3856,=6.6312,=13.0083,=18.7901,=34.0572,=505.8138,=1.1860,=0.0107,=1.1511,=1.3022,=1.9784,=2.6588,=3.8580,=0.4512,=0.4652,=0.2137,=0.3289,=0.4563,=0.7344,=1.0555,=0.0342,=0.7204,=0.0055,=0.0088,=0.0122,=0.0374,=0.0692,=0.0197,=0.0542,=0.0209,=243
="399974",国企改革,2014-08-07,=0.0163,=2042.4200,=0.0757,=16.0164,=0.7303,=8.5408,=11.0130,=13.4099,=16.9346,=23.5243,=1.4204,=0.3715,=1.0768,=1.3337,=1.4773,=1.8365,=2.8970,=1.1074,=0.6664,=0.6803,=0.8927,=0.9951,=1.2484,=2.2060,=0.0286,=0.4280,=0.0148,=0.0230,=0.0300,=0.0332,=0.0410,=0.0239,=0.0809,=0.0242,=371
="H30095",医药红利,2013-07-02,=0.0458,=13756.8700,=-0.1102,=16.0393,=0.0391,=14.6474,=17.2613,=19.7384,=27.1621,=34.8020,=1.6416,=0.0282,=1.4797,=1.7953,=2.4462,=3.1377,=4.2060,=0.9368,=0.1394,=0.7612,=0.9889,=1.5148,=2.0051,=2.8268,=0.0381,=0.9957,=0.0116,=0.0174,=0.0225,=0.0299,=0.0398,=0.0293,=0.1019,=0.0311,=91
="000945",内地运输,2009-10-28,=-0.0045,=1324.6600,=-0.1036,=16.0791,=0.1410,=13.9394,=16.4738,=19.4202,=27.8199,=72.7429,=1.2629,=0.0041,=1.2245,=1.4069,=1.5630,=1.7788,=2.4452,=0.7354,=0.3328,=0.5140,=0.6447,=0.9115,=1.3967,=1.9188,=0.0308,=0.7006,=0.0105,=0.0141,=0.0176,=0.0327,=0.0436,=0.0219,=0.0581,=0.0167,=77
="H30171",运输指数,2013-07-15,=-0.0055,=1448.8700,=-0.1041,=16.1680,=0.1767,=14.1889,=16.3742,=18.0400,=25.4414,=51.4445,=1.2133,=0.0013,=1.1989,=1.3541,=1.5036,=1.6888,=2.3737,=0.6502,=0.2649,=0.5217,=0.6280,=0.8544,=1.1952,=1.9196,=0.0298,=0.7629,=0.0111,=0.0148,=0.0199,=0.0304,=0.0375,=0.0207,=0.0585,=0.0181,=87
="931268",持续发展,2019-11-15,=0.0232,=2351.2000,=0.0626,=16.2359,=0.7636,=14.1354,=15.0521,=15.5047,=16.2585,=17.1877,=2.1755,=0.6073,=1.7338,=1.8310,=1.9275,=2.2543,=2.3440,=1.9965,=0.9818,=1.5998,=1.7202,=1.7918,=1.8227,=2.0502,=0.0275,=0.0182,=0.0268,=0.0296,=0.0308,=0.0317,=0.0326,=0.0313,=0.1256,=0.0323,=17
="931357",优选消费50,2019-11-15,=0.0126,=2238.6500,=-0.2539,=16.2966,=0.0006,=16.0089,=20.4484,=25.1852,=33.0265,=53.0529,=2.6034,=0.0024,=2.5397,=3.6839,=4.3798,=7.1670,=11.6208,=1.6271,=0.0006,=1.5984,=2.3100,=2.7284,=5.2039,=8.8232,=0.0282,=0.9994,=0.0058,=0.0100,=0.0139,=0.0199,=0.0287,,=0.1689,,=391
="931587",500价值稳健,2020-11-09,=0.0153,=20333.6900,=-0.0734,=16.4711,=0.9201,=9.7530,=12.1965,=14.1812,=15.5305,=19.8926,=1.3146,=0.8134,=0.8925,=1.0549,=1.1546,=1.3009,=1.5437,=0.7871,=0.9940,=0.3384,=0.4598,=0.5118,=0.5818,=0.8345,=0.0360,=0.8015,=0.0250,=0.0297,=0.0335,=0.0360,=0.0456,=0.0221,=0.0672,=0.0198,=80
="000979",大宗商品,2011-08-22,=0.0026,=6964.7100,=0.0265,=16.4739,=0.5064,=9.9333,=12.8903,=16.3873,=23.0127,=55.6298,=1.7559,=0.9192,=1.1381,=1.3699,=1.4848,=1.6262,=2.3336,=0.9632,=0.9493,=0.4909,=0.5833,=0.6997,=0.8282,=1.2291,=0.0287,=0.4099,=0.0088,=0.0252,=0.0307,=0.0396,=0.0489,=0.0335,=0.1029,=0.0285,=700
="000911",300可选,2007-07-02,=0.0080,=5265.5500,=-0.2041,=16.5174,=0.2297,=11.4175,=16.2611,=18.2503,=24.5366,=45.8432,=1.8008,=0.0012,=1.7502,=2.2857,=2.5506,=3.0218,=4.4626,=0.8248,=0.0412,=0.7162,=0.9610,=1.1016,=1.3297,=2.0518,=0.0309,=0.9897,=0.0117,=0.0177,=0.0226,=0.0261,=0.0325,=0.0241,=0.1159,=0.0309,=29
="399286",区块链50,2019-12-24,=0.0004,=3305.5600,=-0.1750,=16.5942,=0.0883,=13.8844,=17.9320,=20.8207,=28.6851,=40.1853,=1.8795,=0.2121,=1.4262,=1.8596,=2.1205,=2.7588,=3.6332,=1.7368,=0.3689,=1.3177,=1.5895,=1.8484,=2.0939,=2.8188,=0.0259,=0.9403,=0.0072,=0.0097,=0.0145,=0.0229,=0.0319,=0.0273,=0.0903,=0.0252,=155
="931468",红利质量,2020-05-21,=0.0224,=32689,=0.0375,=16.6086,=0.3130,=12.5562,=16.0656,=18.8135,=21.9978,=36.4689,=2.7864,=0.1697,=2.1523,=2.8579,=3.7717,=4.7134,=8.5636,=3.3660,=0.6281,=1.9811,=2.3473,=2.9369,=3.9571,=5.8829,=0.0303,=0.6153,=0.0102,=0.0190,=0.0286,=0.0338,=0.0407,=0.0381,=0.1637,=0.0476,=1152
="HSMSI",恒生综合中小型股指数,2015-06-08,=0.0176,=2656.5800,=-0.1007,=16.6460,=0.8992,=7.2058,=10.0582,=12.4546,=15.4868,=18.8438,=1.1476,=0.7248,=0.6157,=0.7686,=1.0041,=1.2090,=1.4952,=0.8778,=0.8549,=0.4020,=0.5319,=0.6807,=0.8400,=1.0389,=0.0291,=0.3622,=0.0199,=0.0271,=0.0325,=0.0412,=0.0630,,,,=160
="399348",深证价值,2009-11-04,=-0.0006,=6397.2400,=-0.0192,=16.6645,=0.6977,=9.9756,=12.8084,=14.9077,=17.5039,=21.4453,=1.7050,=0.4784,=1.2527,=1.4911,=1.7215,=2.1177,=2.9268,=1.2708,=0.6107,=0.8306,=1.0363,=1.1851,=1.5760,=2.1193,=0.0293,=0.7134,=0.0153,=0.0217,=0.0264,=0.0308,=0.0407,=0.0245,=0.0871,=0.0201,=293
="399398",绩效指数,2012-11-19,=0.0202,=9590.3300,=-0.0949,=16.7707,=0.3563,=9.4274,=11.7679,=18.3600,=21.6274,=36.1591,=3.0893,=0.3175,=1.3589,=1.7703,=3.5798,=4.3854,=6.4752,=3.0716,=0.6553,=1.5230,=2.2187,=2.8883,=3.4328,=5.0073,=0.0388,=0.8784,=0.0140,=0.0234,=0.0323,=0.0373,=0.0430,=0.0495,=0.1771,=0.0433,=22
="930050",中证A50,2024-01-02,=0.0172,=1819.8500,=0.0181,=16.8289,=0.3205,=13.9812,=15.9547,=17.4465,=18.1432,=19.9330,=2.1227,=0.5876,=1.7817,=1.9673,=2.0867,=2.2027,=2.3759,=1.6754,=0.9866,=1.0165,=1.1258,=1.3656,=1.5520,=1.7408,=0.0285,=0.1569,=0.0260,=0.0288,=0.0297,=0.0309,=0.0348,=0.0291,=0.1115,=0.0275,=987
="399375",中盘价值,2010-01-04,=0.0038,=6349.9500,=0.0701,=16.9397,=0.8169,=9.0528,=10.9370,=12.3141,=16.7360,=33.1718,=1.5538,=0.8037,=1.0236,=1.1932,=1.3322,=1.5476,=1.9880,=1.3013,=0.9979,=0.5167,=0.6432,=0.7489,=0.9806,=1.3254,=0.0268,=0.2808,=0.0137,=0.0234,=0.0309,=0.0368,=0.0505,=0.0258,=0.0785,=0.0211,=187
="000937",中证公用,2009-07-03,=0.0025,=2506.1000,=0.0048,=16.9882,=0.3072,=13.4460,=16.5526,=18.6434,=21.1313,=46.5328,=1.6671,=0.2553,=1.3423,=1.6286,=1.7746,=1.9633,=2.2557,=1.6563,=0.6499,=1.2657,=1.4810,=1.5857,=1.7981,=3.2521,=0.0299,=0.8606,=0.0192,=0.0235,=0.0276,=0.0293,=0.0348,=0.0215,=0.0905,=0.0250,=335
="000917",300公用,2007-07-02,=0.0084,=2409.5800,=-0.0209,=17.0289,=0.3080,=13.3250,=16.2776,=17.8503,=20.5953,=34.2477,=1.8202,=0.3608,=1.4019,=1.7054,=1.9720,=2.1718,=2.6347,=1.8475,=0.5604,=1.3139,=1.6332,=1.8147,=1.9943,=3.2322,=0.0321,=0.7575,=0.0191,=0.0239,=0.0299,=0.0328,=0.0390,=0.0223,=0.0974,=0.0266,=35
="399310",国证A50,2005-09-05,=0.0141,=8244.2600,=0.0283,=17.0524,=0.8458,=8.8433,=10.5195,=13.5203,=16.2678,=22.6576,=2.0264,=0.7913,=1.1237,=1.2978,=1.6642,=2.0383,=2.9417,=1.5138,=0.8070,=0.9633,=1.1354,=1.2413,=1.5075,=2.2769,=0.0242,=0.2099,=0.0160,=0.0240,=0.0295,=0.0318,=0.0370,=0.0272,=0.1076,=0.0263,=290
="000001",上证指数,1991-07-15,=0.0116,=4073.9000,=0.0265,=17.0575,=0.9658,=10.8403,=12.7209,=13.8332,=15.8757,=17.9144,=1.4966,=0.6136,=1.1148,=1.3021,=1.4416,=1.5732,=1.8463,=1.5171,=0.9625,=0.9369,=1.0774,=1.2153,=1.3960,=1.5771,=0.0238,=0.3852,=0.0185,=0.0222,=0.0252,=0.0297,=0.0391,=0.0219,=0.0804,=0.0221,=1447
="000842",800等权,2012-12-21,=0.0129,=7378.4900,=0.0442,=17.0594,=0.9670,=10.7808,=12.9023,=14.0908,=15.9309,=18.9686,=1.6452,=0.6454,=1.1816,=1.3959,=1.5516,=1.7186,=1.9628,=1.6394,=0.9934,=1.0117,=1.1472,=1.2950,=1.4814,=1.6796,=0.0233,=0.3996,=0.0180,=0.0211,=0.0248,=0.0289,=0.0389,=0.0241,=0.0890,=0.0237,=160
="000906",中证800,2007-01-15,=0.0125,=5596.7100,=0.0954,=17.0594,=0.9670,=10.7808,=12.9023,=14.0908,=15.9309,=18.9686,=1.6452,=0.6454,=1.1816,=1.3959,=1.5516,=1.7186,=1.9628,=1.6394,=0.9934,=1.0117,=1.1472,=1.2950,=1.4814,=1.6796,=0.0233,=0.3996,=0.0180,=0.0211,=0.0248,=0.0289,=0.0389,=0.0241,=0.0890,=0.0237,=2679
="399377",小盘价值,2010-01-04,=0.0089,=7457.4000,=-0.0312,=17.0845,=0.6793,=9.8385,=13.2773,=15.1881,=19.8333,=34.2299,=1.2807,=0.5866,=0.8997,=1.0824,=1.2374,=1.7092,=2.1990,=0.7295,=0.5202,=0.4594,=0.5454,=0.7123,=1.2255,=1.8295,=0.0289,=0.6917,=0.0113,=0.0188,=0.0256,=0.0310,=0.0386,=0.0183,=0.0578,=0.0162,=624
="931697",消费50策略,2021-07-12,=0.0128,=6916.5400,=-0.1870,=17.1863,=0.0142,=16.4104,=18.5509,=20.9258,=31.3536,=38.9422,=2.7650,=0.0108,=2.6840,=3.5371,=3.8860,=5.2044,=7.0736,=1.4984,=0.0067,=1.4635,=1.7738,=1.9301,=2.8631,=3.5305,=0.0396,=0.9992,=0.0120,=0.0156,=0.0237,=0.0312,=0.0403,=0.0408,=0.1608,=0.0542,=61
="931167",先进制造100,2019-04-25,=0.0125,=7589.0100,=-0.0197,=17.2718,=0.8354,=10.3762,=13.0055,=14.2225,=16.8405,=20.9116,=2.8921,=0.8740,=1.6383,=2.0263,=2.2575,=2.5806,=3.3727,=2.0124,=0.9419,=0.9031,=1.2332,=1.4372,=1.6554,=2.1795,=0.0301,=0.8498,=0.0136,=0.0207,=0.0255,=0.0289,=0.0362,=0.0404,=0.1483,=0.0310,=342
="932369",1000现金流,2024-11-12,=0.0126,=3122.6600,=-0.1532,=17.2877,=0.0865,=16.0705,=17.7137,=18.4765,=19.3894,=21.4836,=1.4459,=0.0076,=1.4251,=1.5495,=1.6563,=1.7589,=1.8728,=0.8534,=0.0840,=0.8034,=0.9001,=1.0176,=1.0662,=1.3230,=0.0285,=0.7684,=0.0230,=0.0260,=0.0271,=0.0287,=0.0311,=0.0245,=0.0821,=0.0237,=60
="H30094",消费红利,2013-07-02,=0.0219,=28677.9100,=-0.2279,=17.3303,=0.0041,=16.2060,=20.9454,=27.7746,=33.4547,=59.6542,=3.2617,=0.0025,=3.1510,=4.3764,=5.3356,=6.7479,=11.0368,=3.6860,=0.3315,=2.0635,=3.2789,=4.3055,=5.3148,=8.4259,=0.0482,=0.9996,=0.0123,=0.0178,=0.0221,=0.0332,=0.0491,=0.0717,=0.1905,=0.0792,=2137
="930838",CS高股息,2016-06-08,=0.0128,=6658.9400,=-0.0776,=17.3951,=0.4668,=10.7704,=14.2530,=17.8796,=22.5023,=29.5345,=3.2846,=0.7682,=1.8272,=2.3324,=2.8242,=3.4700,=5.4603,=3.1108,=0.5930,=1.6703,=2.0490,=2.4909,=3.7457,=5.1335,=0.0270,=0.5287,=0.0136,=0.0201,=0.0262,=0.0363,=0.0519,=0.0550,=0.1877,=0.0570,=172
="931442",SHS科技100,2020-04-21,=0.0122,=9268.0600,=-0.1389,=17.4673,=0.3591,=11.6240,=15.0825,=19.5504,=24.8350,=40.7731,=2.5293,=0.4709,=1.5813,=1.9737,=2.6142,=4.0948,=6.9092,=1.7172,=0.4907,=1.0913,=1.4343,=1.7368,=2.5664,=5.0819,=0.0163,=0.6128,=0.0042,=0.0087,=0.0135,=0.0222,=0.0322,,=0.1199,,=28
="932152",港股通成长策略,2025-04-30,=0.0240,=1055.6900,=-0.2031,=17.5296,=0.0772,=16.5252,=18.2060,=19.0696,=21.1853,=22.5567,=2.2549,=0.0281,=2.1900,=2.5178,=2.7170,=2.8303,=3.0449,=1.6905,=0.0035,=1.6559,=1.9251,=2.1011,=2.2175,=2.3595,=0.0208,=0.8211,=0.0152,=0.0171,=0.0192,=0.0204,=0.0248,,=0.1305,,=9
="000995",全指公用,2011-08-02,=0.0021,=2594.4600,=0.0045,=17.5365,=0.3064,=14.4124,=16.7102,=18.9182,=23.9608,=55.0107,=1.6817,=0.3831,=1.2839,=1.5403,=1.7296,=1.8686,=2.1268,=1.7467,=0.7798,=1.2094,=1.4214,=1.5276,=1.8008,=2.4023,=0.0282,=0.8103,=0.0172,=0.0230,=0.0259,=0.0281,=0.0321,=0.0217,=0.0896,=0.0244,=320
="931637",港股通互联网,2021-01-11,=0.0365,=654.5400,=-0.3545,=17.5431,=0.0052,=16.9805,=23.1873,=28.1483,=41.6311,=87.7368,=2.1481,=0.0007,=2.0886,=3.0461,=3.4154,=4.2382,=11.7021,=2.1169,=0.0007,=2.0583,=2.9293,=3.3965,=4.4766,=11.5370,=0.0108,=0.9993,=0.0011,=0.0025,=0.0049,=0.0075,=0.0111,,,,=268
="000046",上证中小,2009-07-03,=0.0112,=5671.8600,=0.1059,=17.7209,=0.7530,=10.5504,=12.1058,=15.2214,=18.2834,=22.4992,=1.5240,=0.5786,=1.0626,=1.2077,=1.4811,=1.8046,=2.0905,=1.4069,=0.8000,=0.8596,=1.0256,=1.1229,=1.4069,=1.6429,=0.0227,=0.5282,=0.0151,=0.0185,=0.0224,=0.0299,=0.0371,=0.0219,=0.0784,=0.0213,=344
="000510",中证A500,2024-09-23,=0.0122,=6222.3600,=0.1027,=17.8257,=0.9458,=12.2476,=14.4629,=15.5134,=17.3414,=18.3286,=1.7354,=0.8656,=1.2883,=1.4916,=1.5900,=1.7132,=1.7791,=1.5343,=0.9434,=1.0081,=1.2176,=1.3232,=1.5069,=1.5740,=0.0232,=0.0354,=0.0227,=0.0248,=0.0269,=0.0323,=0.0380,=0.0241,=0.0887,=0.0240,=2295
="000942",内地消费,2009-10-28,=0.0156,=8112.2100,=-0.2064,=17.8331,=0.0738,=14.4412,=18.7212,=21.7495,=33.3379,=52.6356,=2.4392,=0.0016,=2.3718,=3.1410,=3.6914,=5.0424,=7.7211,=1.3329,=0.0656,=1.1096,=1.4982,=1.7720,=2.5493,=4.1228,=0.0374,=0.9996,=0.0093,=0.0147,=0.0214,=0.0277,=0.0381,=0.0371,=0.1426,=0.0493,=765
="000903",中证A100,2006-05-29,=0.0175,=4796.1000,=0.0690,=17.8940,=0.9819,=9.4390,=11.1837,=12.5211,=14.2431,=18.7565,=1.9265,=0.9934,=1.1800,=1.3808,=1.5173,=1.6705,=1.9700,=1.6655,=0.9967,=0.9660,=1.1007,=1.2155,=1.3748,=1.7127,=0.0258,=0.1237,=0.0221,=0.0266,=0.0292,=0.0329,=0.0397,=0.0253,=0.0942,=0.0251,=3085
="931588",1000价值稳健,2020-11-09,=0.0089,=31437.5400,=-0.1229,=17.9162,=0.4097,=12.8074,=16.7378,=18.5158,=20.5802,=25.6024,=1.2877,=0.2246,=1.0253,=1.2748,=1.4356,=1.5629,=1.9102,=0.7411,=0.8851,=0.4756,=0.5534,=0.6280,=0.6905,=0.8427,=0.0287,=0.7799,=0.0168,=0.0206,=0.0250,=0.0292,=0.0392,=0.0162,=0.0641,=0.0212,=109
="H30199",电力指数,2013-07-15,=0.0026,=2916.3400,=0.0333,=17.9182,=0.3748,=14.1448,=16.8176,=18.9726,=25.0122,=78.5133,=1.6926,=0.4330,=1.2472,=1.5161,=1.7175,=1.8429,=2.0960,=1.8123,=0.8120,=1.1507,=1.4427,=1.5879,=1.7846,=2.2389,=0.0275,=0.6425,=0.0166,=0.0223,=0.0267,=0.0285,=0.0338,=0.0213,=0.0878,=0.0244,=708
="000126",消费50,2011-12-09,=0.0200,=6203.3100,=-0.2539,=17.9204,=0.0437,=15.1608,=20.3033,=22.8715,=32.8709,=57.2206,=2.4316,=0.0140,=2.2360,=3.0009,=3.4010,=4.8666,=7.3797,=1.3476,=0.2540,=0.9155,=1.2524,=1.8266,=2.6426,=3.8011,=0.0374,=0.9996,=0.0091,=0.0134,=0.0210,=0.0274,=0.0382,=0.0406,=0.1407,=0.0455,=85
="931897",绿色电力,2012-12-21,=0.0018,=1121.7800,=0.0360,=17.9286,=0.4363,=12.4356,=16.0641,=18.6065,=23.5753,=3316.8719,=1.7172,=0.6371,=1.0802,=1.3464,=1.6501,=1.7860,=2.0565,=1.8682,=0.8664,=0.8910,=1.1301,=1.2733,=1.7086,=2.6891,=0.0273,=0.8128,=0.0111,=0.0186,=0.0233,=0.0271,=0.0344,=0.0214,=0.0880,=0.0237,=160
="1000004",上海A股,1994-01-01,=0.0116,=4073.9000,=0.0265,=17.9440,=0.9827,=10.8441,=12.9364,=14.2903,=16.1318,=18.4959,=1.5473,=0.6598,=1.1181,=1.3162,=1.4437,=1.5985,=1.8457,=1.5747,=0.9893,=0.9734,=1.0889,=1.2356,=1.3919,=1.6065,=0.0228,=0.3192,=0.0184,=0.0214,=0.0254,=0.0296,=0.0389,=0.0219,=0.0804,=0.0221,=4919
="000931",中证可选,2009-07-03,=0.0088,=5007.3100,=-0.1942,=17.9685,=0.2012,=12.9961,=17.9577,=20.1914,=26.0964,=47.1695,=1.9297,=0.0511,=1.6991,=2.1292,=2.4978,=2.8197,=3.7874,=0.8956,=0.0915,=0.7260,=0.9727,=1.1182,=1.2835,=1.9265,=0.0286,=0.9889,=0.0120,=0.0178,=0.0207,=0.0246,=0.0298,=0.0252,=0.1143,=0.0305,=838
="399311",国证1000,2005-02-03,=0.0116,=5450.9100,=0.0995,=17.9841,=0.9658,=11.0854,=13.3222,=14.6208,=16.7777,=19.8966,=1.6997,=0.6503,=1.1918,=1.4217,=1.5927,=1.8011,=2.0383,=1.6624,=0.9930,=1.0112,=1.1700,=1.3059,=1.5234,=1.7074,=0.0223,=0.3930,=0.0172,=0.0199,=0.0239,=0.0282,=0.0380,=0.0236,=0.0857,=0.0233,=142
="399987",中证酒,2014-12-10,=0.0190,=3637.0400,=-0.2723,=18.0253,=0.0099,=16.5000,=21.1145,=30.5274,=38.5048,=71.4257,=3.5597,=0.0029,=3.3943,=4.9102,=6.4715,=8.9992,=15.9495,=5.5793,=0.0404,=5.0607,=6.4801,=8.3135,=11.8299,=21.4371,=0.0475,=0.9996,=0.0067,=0.0114,=0.0162,=0.0303,=0.0485,=0.0789,=0.2043,=0.0944,=2759
="399997",中证白酒,2015-01-21,=0.0157,=6156.5200,=-0.2974,=18.0499,=0.0268,=16.2418,=20.6858,=29.7049,=37.9971,=71.4432,=3.7332,=0.0037,=3.5435,=5.2056,=7.2708,=9.8068,=17.8607,=6.3255,=0.0041,=5.9830,=7.2937,=9.8399,=13.6521,=24.8964,=0.0485,=0.9996,=0.0066,=0.0115,=0.0169,=0.0309,=0.0494,=0.0833,=0.2121,=0.1013,=7697
="H11059",工业有色,2009-07-22,=0.0143,=4064.8100,=0.0208,=18.1010,=0.3009,=10.0577,=14.5714,=28.0170,=53.2568,=131.1130,=3.3810,=0.8741,=1.4392,=1.9965,=2.4040,=3.1707,=4.9901,=1.2704,=0.9188,=0.5048,=0.7385,=0.8595,=1.1428,=1.8706,=0.0169,=0.7160,=0.0035,=0.0055,=0.0103,=0.0206,=0.0285,=0.0664,=0.1735,=0.0401,=133
="931646",SHS新消费,2021-04-07,=0.0279,=1252.0100,=-0.3398,=18.1506,=0.0098,=17.0652,=22.8283,=26.1238,=30.7338,=45.1728,=2.3251,=0.0008,=2.2641,=3.1806,=3.6002,=4.1683,=7.2085,=2.3331,=0.0008,=2.2719,=3.2193,=3.7265,=4.2309,=7.0452,=0.0117,=0.9992,=0.0024,=0.0044,=0.0065,=0.0084,=0.0121,,=0.1302,,=2
="000036",上证消费,2009-01-09,=0.0279,=8777.2300,=-0.1911,=18.3342,=0.0021,=17.8817,=23.1831,=31.6716,=40.5919,=69.3963,=4.1544,=0.0767,=3.7240,=5.2318,=6.5399,=9.2057,=14.9810,=3.9405,=0.2033,=1.9068,=3.8716,=4.8722,=7.3411,=10.9001,=0.0418,=0.9996,=0.0071,=0.0114,=0.0156,=0.0292,=0.0429,=0.0773,=0.2393,=0.0858,=2315
="000912",300消费,2007-07-02,=0.0243,=16484.5000,=-0.2054,=18.4560,=0.0309,=17.5697,=22.8316,=28.6958,=38.6920,=71.0374,=3.3923,=0.0037,=3.2494,=4.6699,=6.3986,=8.3233,=13.2137,=2.6775,=0.0495,=1.9809,=3.1977,=4.1912,=5.5033,=9.3193,=0.0460,=0.9988,=0.0078,=0.0128,=0.0188,=0.0272,=0.0471,=0.0602,=0.1878,=0.0812,=783
="399991",一带一路,2015-02-16,=-0.0091,=3533.3100,=0.1920,=18.5556,=0.7588,=9.4567,=11.6727,=14.1012,=19.6278,=34.5905,=1.6643,=0.9847,=1.0035,=1.1547,=1.2474,=1.4344,=1.7874,=0.7194,=0.9761,=0.3598,=0.4252,=0.4777,=0.6083,=0.7793,=0.0216,=0.2103,=0.0109,=0.0214,=0.0280,=0.0340,=0.0441,=0.0240,=0.0795,=0.0217,=579
="000909",300材料,2007-07-02,=0.0105,=3791.3100,=-0.0751,=18.5731,=0.5249,=10.2722,=14.5958,=18.2430,=25.3344,=46384.3131,=2.5628,=0.8309,=1.4655,=1.7253,=1.9932,=2.4659,=3.8763,=1.2553,=0.8318,=0.6983,=0.8432,=0.9768,=1.2329,=1.9427,=0.0180,=0.3889,=0.0057,=0.0136,=0.0204,=0.0243,=0.0291,=0.0473,=0.1225,=0.0288,=17
="399324",深证红利,2006-01-24,=0.0026,=8193.5800,=-0.1046,=18.5865,=0.8722,=11.7065,=14.4981,=15.7763,=17.7634,=23.4132,=2.9291,=0.9204,=1.2884,=1.9036,=2.1953,=2.5110,=3.7254,=1.9228,=0.7419,=1.1033,=1.3622,=1.7447,=1.9654,=2.8578,=0.0330,=0.7715,=0.0151,=0.0225,=0.0278,=0.0353,=0.0452,=0.0424,=0.1345,=0.0450,=5217
="932367",500现金流,2024-11-12,=0.0162,=3258.8600,=-0.1095,=18.6131,=0.8117,=12.7635,=14.0464,=16.7651,=18.5265,=20.8865,=1.4418,=0.0025,=1.4139,=1.6604,=1.7562,=1.9869,=2.3672,=0.8708,=0.0025,=0.8544,=1.0949,=1.2371,=1.2852,=1.4394,=0.0330,=0.6107,=0.0247,=0.0285,=0.0317,=0.0368,=0.0403,=0.0308,=0.1139,=0.0305,=122
="000807",食品饮料,2012-02-17,=0.0189,=14580.2600,=-0.2025,=18.6145,=0.0095,=16.7498,=21.7806,=30.4186,=37.6314,=67.1514,=3.5508,=0.0029,=3.4269,=4.7795,=6.2643,=8.2580,=14.6770,=4.1228,=0.0878,=3.6682,=4.5270,=5.6636,=7.6740,=12.7454,=0.0453,=0.9996,=0.0077,=0.0131,=0.0184,=0.0305,=0.0463,=0.0738,=0.1953,=0.0849,=4270
="000815",细分食品,2012-04-11,=0.0201,=14800.8600,=-0.2099,=18.8892,=0.0128,=16.6089,=21.8865,=30.6801,=37.4251,=68.5596,=3.4708,=0.0029,=3.3595,=4.7476,=6.1938,=8.2709,=14.7926,=4.1717,=0.0041,=4.0083,=4.9234,=6.1115,=8.3455,=14.4971,=0.0442,=0.9996,=0.0072,=0.0123,=0.0164,=0.0299,=0.0452,=0.0708,=0.1902,=0.0845,=769
="000811",细分有色,2012-04-11,=0.0186,=10666.6400,=-0.0622,=19.0018,=0.2499,=13.5118,=17.9724,=29.9022,=57.5260,=312.9068,=3.2626,=0.8503,=1.7438,=2.0869,=2.5621,=3.1536,=4.8073,=1.2821,=0.8981,=0.6338,=0.7856,=0.9037,=1.1879,=1.9173,=0.0153,=0.7435,=0.0033,=0.0055,=0.0101,=0.0171,=0.0234,=0.0611,=0.1531,=0.0352,=191
="000932",中证消费,2009-07-03,=0.0287,=11779.9200,=-0.2275,=19.0167,=0.0276,=18.2526,=23.2247,=29.2776,=38.6663,=67.7039,=3.1989,=0.0025,=3.0877,=4.2746,=5.3624,=7.0320,=11.1990,=2.5079,=0.0495,=2.0221,=2.9575,=3.5969,=4.6842,=7.7724,=0.0437,=0.9988,=0.0082,=0.0130,=0.0173,=0.0273,=0.0448,=0.0540,=0.1726,=0.0732,=12385
="931481",SHS线上消费,2020-05-06,=0.0236,=806.6400,=-0.2727,=19.0185,=0.0077,=17.8858,=23.6137,=29.9643,=46.9068,=121.3257,=2.2923,=0.0006,=2.2334,=3.1429,=3.5566,=4.9969,=9.8961,=2.3507,=0.0483,=2.0492,=2.8006,=3.3042,=4.3474,=7.8524,=0.0116,=0.9994,=0.0020,=0.0032,=0.0055,=0.0085,=0.0119,,=0.1066,,=62
="399990",煤炭等权,2015-01-21,=0.0127,=3074.2100,=0.0702,=19.0749,=0.8672,=5.7123,=8.6087,=10.6436,=15.4144,=347.5369,=1.5209,=0.7039,=0.8179,=1.1204,=1.3658,=1.6059,=2.0135,=1.7041,=0.9274,=0.6732,=0.9175,=1.1213,=1.4627,=2.2100,=0.0351,=0.1427,=0.0074,=0.0368,=0.0548,=0.0638,=0.1003,=0.0229,=0.0912,=0.0239,=242
="399998",中证煤炭,2015-02-13,=0.0143,=2093.7100,=0.0619,=19.0749,=0.8672,=5.7123,=8.6087,=10.6436,=15.4144,=347.5369,=1.5209,=0.7039,=0.8179,=1.1204,=1.3658,=1.6059,=2.0135,=1.7041,=0.9274,=0.6732,=0.9175,=1.1213,=1.4627,=2.2100,=0.0351,=0.1427,=0.0074,=0.0368,=0.0548,=0.0638,=0.1003,=0.0229,=0.0912,=0.0239,=2091
="HSIII",恒生互联网科技业指数,2020-07-20,=0.0400,=2041.4400,=-0.3048,=19.1813,=0.0711,=12.6629,=22.4424,=35.1429,=47.7321,=309808.9839,=2.1169,=0.0337,=1.7026,=2.5806,=4.1782,=6.1191,=8.5704,=1.6432,=0.0366,=1.1940,=2.0050,=2.4286,=3.5799,=5.1261,=0.0117,=0.9545,=0.0015,=0.0029,=0.0054,=0.0096,=0.0133,,=0.1194,,=2017
="000918",300成长,2008-01-21,=0.0187,=6003.7000,=0.1800,=19.1944,=0.7604,=11.6107,=14.3541,=16.7261,=20.6304,=29.9826,=2.8430,=0.5196,=1.8759,=2.2981,=2.7956,=4.3091,=6.1771,=2.8810,=0.8845,=1.1680,=1.5324,=1.7739,=2.5963,=3.9548,=0.0166,=0.3645,=0.0081,=0.0139,=0.0187,=0.0238,=0.0310,=0.0348,=0.1486,=0.0340,=796
="932420",智选船舶产业,2025-05-28,=0.0004,=1363.6700,=-0.0564,=19.2144,=0.7132,=12.9248,=14.0888,=16.3853,=19.8481,=21.8048,=1.3901,=0.7321,=1.1414,=1.2408,=1.2881,=1.4191,=1.5726,=1.0107,=0.7094,=0.8043,=0.8768,=0.9394,=1.0433,=1.1519,=0.0255,=0.2528,=0.0219,=0.0248,=0.0306,=0.0320,=0.0350,=0.0198,=0.0735,,=11
="399396",国证食品,2012-10-29,=0.0209,=13871.5100,=-0.2060,=19.2656,=0.0120,=17.1702,=22.0966,=30.0929,=37.3108,=66.0937,=3.3490,=0.0025,=3.2471,=4.6010,=6.1028,=7.6300,=14.3214,=3.2005,=0.0004,=3.1290,=3.9723,=5.0529,=6.2477,=12.4529,=0.0432,=0.9996,=0.0078,=0.0130,=0.0185,=0.0296,=0.0441,=0.0671,=0.1761,=0.0767,=1607
="930625",SHS互联网,2015-04-21,=0.0215,=2150.8100,=-0.2915,=19.3602,=0.0024,=18.9014,=27.1669,=35.4535,=51.1855,=84.5605,=2.3577,=0.0004,=2.3018,=3.4868,=4.9628,=6.6722,=9.2961,=2.3602,=0.0004,=2.3043,=3.4673,=4.3553,=5.8685,=8.7946,=0.0107,=0.9996,=0.0016,=0.0028,=0.0035,=0.0067,=0.0110,,=0.1125,,=323
="931892",有色矿业,2013-07-15,=0.0156,=3917.1400,=-0.0124,=19.5028,=0.2272,=13.1272,=18.6945,=31.3312,=56.9451,=131.9594,=3.5335,=0.9134,=1.7020,=2.1368,=2.5323,=3.1690,=5.3430,=1.3423,=0.8998,=0.6092,=0.7896,=0.9201,=1.2278,=2.0391,=0.0138,=0.7254,=0.0026,=0.0055,=0.0092,=0.0169,=0.0229,=0.0653,=0.1630,=0.0363,=190
="930746",港中小企,2015-08-26,=0.0118,=2164.3300,=-0.1954,=19.5369,=0.8741,=7.8499,=11.1083,=14.2007,=18.0121,=36.0739,=0.8963,=0.3030,=0.6829,=0.8307,=1.0793,=1.2269,=1.6951,=0.6461,=0.3810,=0.3939,=0.5280,=0.6928,=0.8172,=1.1520,=0.0391,=0.6580,=0.0210,=0.0261,=0.0331,=0.0436,=0.0585,,=0.0299,,=209
="399438",绿色电力,2014-12-30,=0.0019,=2052.8400,=0.0309,=19.5527,=0.5814,=13.5016,=16.5510,=19.0347,=22.0380,=41.2289,=1.8069,=0.5225,=1.2516,=1.5034,=1.7962,=1.9341,=2.3077,=2.1635,=0.9315,=1.1906,=1.4256,=1.8232,=2.0461,=3.6995,=0.0259,=0.4091,=0.0163,=0.0221,=0.0268,=0.0296,=0.0365,=0.0222,=0.0881,=0.0248,=205
="930708",中证有色,2015-07-13,=0.0178,=2976.8400,=-0.0348,=19.5727,=0.2573,=13.9228,=18.4062,=30.3806,=58.2707,=425.7934,=3.2137,=0.8285,=1.7134,=2.0956,=2.5624,=3.1619,=4.7639,=1.1733,=0.7678,=0.6123,=0.7796,=0.8961,=1.2011,=1.7984,=0.0147,=0.7353,=0.0031,=0.0055,=0.0099,=0.0167,=0.0233,=0.0592,=0.1479,=0.0346,=521
="000819",有色金属,2012-05-09,=0.0138,=8996.4000,=-0.0370,=19.7673,=0.2965,=12.4710,=17.7541,=28.6290,=55.3608,=216.1722,=3.4754,=0.8808,=1.7791,=2.1409,=2.6245,=3.2598,=4.9698,=1.3707,=0.8969,=0.6317,=0.8246,=0.9660,=1.2839,=1.9863,=0.0153,=0.7287,=0.0033,=0.0057,=0.0106,=0.0185,=0.0249,=0.0625,=0.1569,=0.0361,=1988
="000910",300工业,2007-07-02,=0.0090,=2402.5300,=-0.0500,=19.8582,=0.6049,=12.1074,=14.2223,=18.6704,=21.7507,=26.7473,=1.6647,=0.3885,=1.2960,=1.5013,=1.7773,=2.0927,=2.8598,=0.7829,=0.7204,=0.4726,=0.5803,=0.7026,=0.8049,=1.0995,=0.0207,=0.7163,=0.0079,=0.0123,=0.0177,=0.0223,=0.0295,=0.0196,=0.0738,=0.0177,=15
="399395",国证有色,2012-10-29,=0.0127,=9416.4200,=-0.0263,=19.9009,=0.3043,=12.7731,=17.8787,=28.8938,=55.8187,=326.9035,=3.3847,=0.9105,=1.7304,=2.0833,=2.5062,=3.0866,=4.8522,=1.3491,=0.9456,=0.6150,=0.7945,=0.9084,=1.1707,=1.9521,=0.0149,=0.7295,=0.0031,=0.0054,=0.0100,=0.0177,=0.0242,=0.0618,=0.1543,=0.0354,=664
="930641",中证中药,2015-05-19,=0.0487,=8080.6000,=-0.1507,=19.9294,=0.0346,=17.1921,=24.2049,=29.0483,=32.8246,=45.5431,=1.9005,=0.0021,=1.8142,=2.4869,=2.9604,=3.5359,=4.1073,=2.0514,=0.0021,=1.9582,=2.4450,=2.8273,=3.6528,=4.5776,=0.0402,=0.9979,=0.0073,=0.0115,=0.0162,=0.0242,=0.0421,=0.0326,=0.0928,=0.0347,=875
="931067",绩优策略,2018-02-14,=0.0086,=8633.4900,=0.1350,=19.9973,=0.6202,=10.5807,=14.7239,=18.6226,=26.9285,=44.0015,=5.5096,=0.6222,=3.5566,=4.2875,=5.0223,=7.4877,=11.8571,=3.2457,=0.6578,=2.1909,=2.5258,=2.8686,=4.9760,=8.6201,=0.0196,=0.4607,=0.0082,=0.0133,=0.0217,=0.0297,=0.0455,=0.0562,=0.2359,=0.0578,=25
="930653",CS食品饮,2015-06-05,=0.0191,=12041.7500,=-0.2022,=20.0203,=0.0144,=17.6031,=22.8854,=31.2780,=38.3114,=65.8842,=3.1849,=0.0025,=3.1030,=4.4404,=5.7100,=7.1300,=12.9907,=2.9878,=0.0004,=2.9247,=3.8362,=4.7671,=5.8503,=11.4166,=0.0416,=0.9996,=0.0078,=0.0127,=0.0177,=0.0289,=0.0425,=0.0615,=0.1583,=0.0705,=894
="000990",全指消费,2011-08-02,=0.0282,=9909.9600,=-0.2216,=20.0986,=0.0874,=18.6483,=23.6232,=30.7747,=39.1217,=75.7240,=3.1451,=0.0025,=3.0373,=4.0955,=4.9947,=6.2867,=9.6579,=2.3294,=0.0305,=2.2209,=2.7731,=3.3220,=4.0947,=6.6514,=0.0421,=0.9988,=0.0082,=0.0125,=0.0156,=0.0270,=0.0432,=0.0524,=0.1676,=0.0712,=3843
="931142",东证竞争,2019-03-20,=0.0118,=2066.6300,=0.1106,=20.3109,=0.9189,=9.8569,=11.9348,=14.0163,=15.9909,=27.8877,=3.0749,=0.8775,=1.5408,=1.7309,=2.0686,=2.5927,=4.6703,=3.0618,=0.9490,=0.9384,=1.2715,=1.6733,=2.2489,=3.1903,=0.0230,=0.2615,=0.0120,=0.0222,=0.0263,=0.0329,=0.0399,=0.0415,=0.1629,=0.0397,=213
="000989",全指可选,2011-08-02,=0.0049,=4560.1800,=-0.1847,=20.3335,=0.1967,=14.8205,=20.3628,=24.3452,=30.9883,=46.1708,=2.0553,=0.1588,=1.6599,=2.1241,=2.5074,=2.8420,=3.3093,=0.9480,=0.0965,=0.8200,=1.0116,=1.1660,=1.4544,=1.7628,=0.0261,=0.9798,=0.0123,=0.0151,=0.0183,=0.0232,=0.0287,=0.0237,=0.1045,=0.0284,=1297
="931027",港股通大消费,2017-11-06,=0.0343,=2501.8800,=-0.1982,=20.3588,=0.1967,=14.6383,=20.4223,=25.3996,=51.6796,=105.3721,=2.3943,=0.0131,=2.2514,=2.8617,=3.2449,=4.3413,=9.1499,=1.4169,=0.1751,=1.0973,=1.4389,=1.7661,=2.4942,=5.7985,=0.0240,=0.8413,=0.0056,=0.0113,=0.0176,=0.0230,=0.0323,,=0.1064,,=44
="HSSCT",恒生港股通中国科技指数,2020-02-01,=0.0300,=6035.0900,=-0.1954,=20.7595,=0.1078,=15.0039,=21.9715,=24.8488,=32.8881,=55.7647,=2.4106,=0.0679,=1.8368,=2.6404,=3.0421,=4.6945,=8.0840,=1.9984,=0.3088,=1.1354,=1.8401,=2.3276,=3.2108,=6.0217,=0.0094,=0.8947,=0.0020,=0.0039,=0.0070,=0.0088,=0.0108,,=0.1202,,=95
="HSSCITI",恒生港股通科技主题指数,2023-07-01,=0.0296,=2357.2400,=-0.1912,=20.8057,=0.1858,=15.2810,=21.1382,=23.8979,=27.0004,=33.8690,=2.4349,=0.0533,=2.1914,=2.7225,=2.9436,=3.4179,=4.1810,=2.0069,=0.4235,=1.5305,=1.8430,=2.1169,=2.7422,=3.5648,=0.0095,=0.9030,=0.0061,=0.0074,=0.0084,=0.0090,=0.0106,,=0.1205,,=83
="930939",500质量,2018-11-21,=0.0242,=24524.1800,=0.1553,=20.8842,=0.9142,=10.4098,=13.9732,=16.0097,=19.2120,=27.8330,=2.4066,=0.7458,=1.6614,=2.0658,=2.2297,=2.4953,=3.9191,=2.1880,=0.9299,=0.9583,=1.1973,=1.4483,=1.7992,=2.9319,=0.0165,=0.2075,=0.0117,=0.0164,=0.0198,=0.0253,=0.0319,=0.0308,=0.1144,=0.0291,=461
="000963",中证下游,2010-04-16,=0.0248,=4874.2600,=-0.1465,=20.8964,=0.0812,=17.2626,=22.3131,=25.2899,=33.1012,=51.0836,=2.1332,=0.0021,=2.0767,=2.5822,=3.0753,=3.4358,=5.6334,=1.4154,=0.0441,=1.2209,=1.6130,=1.7713,=2.0795,=3.4797,=0.0308,=0.9967,=0.0087,=0.0135,=0.0159,=0.0258,=0.0315,=0.0267,=0.0958,=0.0301,=27
="HSSCNE",恒生港股通新经济指数,2018-01-08,=0.0312,=3361.7300,=-0.2176,=20.9967,=0.2144,=15.8046,=20.7100,=24.0908,=28.5153,=53.5009,=2.4707,=0.2916,=1.7963,=2.2523,=2.8287,=3.4784,=6.9059,=1.7184,=0.1842,=1.4023,=1.7291,=1.9963,=2.5564,=5.3019,=0.0113,=0.5549,=0.0041,=0.0086,=0.0108,=0.0166,=0.0252,,=0.1277,,=204
="930782",500SNLV,2016-02-04,=0.0167,=19868.7300,=0.0573,=21.0662,=0.5852,=13.0617,=17.6555,=20.0525,=24.9232,=33.4651,=1.7070,=0.7476,=1.0996,=1.3464,=1.4745,=1.8706,=2.6374,=1.3225,=0.7600,=0.5914,=0.8056,=0.8890,=1.4402,=2.0883,=0.0228,=0.8107,=0.0090,=0.0126,=0.0201,=0.0227,=0.0271,=0.0229,=0.0820,=0.0170,=1376
="000069",消费80,2010-05-28,=0.0419,=4101.5200,=-0.1645,=21.2191,=0.1027,=16.4356,=22.2822,=24.9042,=33.0497,=60.5019,=2.8145,=0.0351,=2.4642,=3.1938,=3.5466,=4.8097,=7.6372,=1.7135,=0.3794,=1.0743,=1.4900,=1.9152,=2.7436,=3.8795,=0.0284,=0.9926,=0.0078,=0.0117,=0.0182,=0.0232,=0.0296,=0.0378,=0.1324,=0.0420,=938
="H30015",800汽车,2012-12-21,=0.0089,=7495.9300,=-0.2550,=21.2694,=0.4689,=11.4503,=15.3388,=22.7425,=31.8612,=45.6288,=1.7696,=0.2087,=1.3220,=1.7478,=2.1804,=2.4572,=3.4622,=0.7524,=0.3241,=0.5106,=0.6736,=0.8554,=1.0480,=1.4573,=0.0178,=0.5530,=0.0097,=0.0134,=0.0169,=0.0287,=0.0411,=0.0155,=0.0922,=0.0213,=188
="HSTECH",恒生科技指数,2020-07-01,=0.0323,=4393.0100,=-0.2036,=21.6016,=0.1838,=14.7293,=21.7851,=26.3497,=42.0474,=73.7725,=2.4121,=0.2181,=1.7280,=2.3839,=2.8066,=3.7797,=8.3408,=1.5567,=0.0583,=1.2545,=1.7202,=2.0380,=3.1805,=6.6932,=0.0128,=0.9883,=0.0010,=0.0021,=0.0059,=0.0107,=0.0135,,=0.1209,,=7190
="931470",SHS云计算,2020-04-21,=0.0003,=3802.8000,=0.0309,=21.7536,=0.2460,=13.2694,=20.0405,=25.1204,=31.3132,=62.1875,=3.2647,=0.0895,=2.5281,=3.4400,=3.8935,=5.7947,=9.6099,=3.4224,=0.0498,=2.7843,=3.8612,=4.4807,=6.4269,=10.5654,=0.0082,=0.7834,=0.0018,=0.0030,=0.0059,=0.0084,=0.0114,,=0.1294,,=41
="987008",港股通科技,2021-03-08,,,=-0.2683,=22.0189,=0.0857,=16.3992,=24.0661,=27.2528,=33.9675,=63.8758,=2.4175,=0.0061,=2.3408,=2.9553,=3.4240,=3.9802,=8.4842,=1.9964,=0.0046,=1.9339,=2.6204,=2.9829,=3.8667,=8.7605,=0.0082,=0.9357,=0.0015,=0.0033,=0.0059,=0.0073,=0.0093,,=0.0980,,=84
="931752",工程机械主题,2021-09-27,=-0.0060,=2374.7200,=-0.0580,=22.2610,=0.6228,=13.6456,=18.4616,=21.1908,=24.3815,=27.9581,=2.0177,=0.7195,=1.2593,=1.5739,=1.7157,=2.1249,=2.6511,=1.2330,=0.7744,=0.7133,=0.9144,=1.0163,=1.2999,=1.6462,=0.0221,=0.7744,=0.0151,=0.0190,=0.0206,=0.0222,=0.0284,=0.0241,=0.0958,=0.0272,=94
="931000",大湾区,2017-07-19,=-0.0028,=1968.0200,=0.1126,=22.2862,=0.9848,=11.8370,=14.5178,=16.2296,=18.9931,=23.4463,=2.2642,=0.5878,=1.3750,=1.7651,=2.0712,=2.5507,=3.2666,=1.7185,=0.6542,=1.1015,=1.3333,=1.5615,=1.8721,=2.5221,=0.0203,=0.4541,=0.0138,=0.0173,=0.0221,=0.0262,=0.0341,=0.0236,=0.0809,=0.0227,=12
="399701",深证F60,2010-05-10,=0.0055,=7612.5000,=-0.0414,=22.4898,=0.8309,=12.1841,=16.9921,=19.7932,=22.1320,=29.1141,=2.0873,=0.3324,=1.6712,=2.0189,=2.1831,=2.5392,=3.7270,=1.3722,=0.5146,=1.0125,=1.2363,=1.3649,=1.5636,=2.4139,=0.0254,=0.8557,=0.0118,=0.0177,=0.0206,=0.0246,=0.0310,=0.0232,=0.0664,=0.0243,=1677
="930903",中证A股,2016-10-18,=0.0066,=4440.3600,=0.0879,=22.6576,=0.9727,=12.9620,=16.2525,=17.7524,=20.5480,=23.9680,=1.8616,=0.6535,=1.2607,=1.5527,=1.7081,=1.9464,=2.2108,=1.7298,=0.9007,=1.0406,=1.2307,=1.3771,=1.6375,=1.9264,=0.0190,=0.3738,=0.0139,=0.0174,=0.0206,=0.0238,=0.0332,=0.0216,=0.0748,=0.0212,=14
="000985",中证全指,2011-08-02,=0.0066,=6443.3000,=0.0886,=22.6627,=0.9786,=12.6044,=15.9637,=17.6530,=20.2864,=23.7678,=1.8622,=0.6482,=1.2581,=1.5484,=1.7142,=1.9597,=2.1557,=1.7320,=0.9019,=1.0381,=1.2268,=1.3874,=1.6496,=1.8438,=0.0190,=0.3823,=0.0148,=0.0173,=0.0207,=0.0240,=0.0333,=0.0216,=0.0749,=0.0212,=682
="931829",中证回购,2023-10-17,=0.0045,=2360.0200,=0.0212,=22.8244,=0.2588,=16.8171,=21.8645,=25.6759,=34.4871,=40.4937,=2.1426,=0.9051,=1.3801,=1.5675,=1.7367,=1.9719,=2.3571,=0.8427,=0.0796,=0.7604,=0.9556,=1.0167,=1.1600,=1.4917,=0.0272,=0.9786,=0.0146,=0.0163,=0.0206,=0.0227,=0.0283,=0.0242,=0.0495,=0.0133,=39
="399365",国证粮食,2009-11-04,=0.0059,=10851.9900,=-0.1990,=22.9297,=0.3175,=13.3311,=20.2221,=27.2248,=35.2364,=54.5886,=2.0576,=0.1971,=1.6393,=2.0679,=4.1062,=6.4747,=11.3501,=0.8226,=0.2194,=0.5961,=0.8022,=3.1477,=4.6104,=8.7065,=0.0195,=0.7295,=0.0080,=0.0130,=0.0163,=0.0211,=0.0308,=0.0232,=0.0838,=0.0244,=68
="000929",中证材料,2009-07-03,=0.0050,=4482.5100,=0.0043,=23.1033,=0.7245,=9.9126,=14.1083,=19.5201,=25.1380,=714.1328,=2.5527,=0.9241,=1.3680,=1.6188,=1.9042,=2.2895,=3.1607,=1.2707,=0.8977,=0.6315,=0.7658,=0.8823,=1.1890,=1.5845,=0.0154,=0.3039,=0.0058,=0.0130,=0.0200,=0.0239,=0.0294,=0.0399,=0.1037,=0.0230,=524
="399372",大盘成长,2010-01-04,=0.0139,=5841.9000,=0.1083,=23.1897,=0.7604,=13.5205,=17.1632,=20.3731,=25.3722,=45.9159,=4.4040,=0.7596,=1.9139,=2.5052,=3.0294,=5.3725,=9.5601,=2.4333,=0.4120,=1.2183,=1.8035,=2.6240,=3.4508,=6.6651,=0.0156,=0.3468,=0.0069,=0.0115,=0.0173,=0.0233,=0.0308,=0.0399,=0.1447,=0.0379,=318
="930794",中美互联网,2016-04-22,,,=-0.2320,=23.2867,=0.0084,=21.6222,=27.9993,=32.4687,=38.0931,=50.5410,=5.5667,=0.1870,=3.5920,=5.7077,=6.5716,=7.5414,=9.2259,=4.4202,=0.3249,=2.2940,=3.8795,=4.8577,=5.5740,=7.0802,=0.0029,=0.6847,=0.0004,=0.0006,=0.0017,=0.0033,=0.0053,,=0.2458,,=425
="000904",中证200,2007-01-15,=0.0091,=6431.1900,=0.1383,=23.3773,=0.9715,=11.9474,=14.9318,=16.7919,=19.2896,=25.2311,=1.8652,=0.5761,=1.2748,=1.5010,=1.7454,=2.0647,=2.3407,=1.3623,=0.3740,=1.0540,=1.2917,=1.4282,=1.6943,=2.1135,=0.0212,=0.5658,=0.0136,=0.0162,=0.0202,=0.0259,=0.0372,=0.0231,=0.0739,=0.0238,=720
="399814",大农业,2014-07-22,=0.0231,=1023.2500,=-0.1466,=23.4868,=0.2000,=17.8693,=23.4868,=28.3190,=32.7683,=111.7688,=2.6321,=0.0148,=2.4368,=2.9271,=3.3025,=4.3740,=6.4483,=1.4468,=0.1266,=1.2031,=1.5022,=1.8305,=2.3352,=3.7145,=0.0280,=0.9942,=0.0100,=0.0140,=0.0171,=0.0226,=0.0287,=0.0257,=0.1209,=0.0380,=768
="1000002",A股全指,1994-01-01,=0.0066,=6443.3005,=0.0886,=23.7997,=0.9765,=12.9500,=16.6929,=18.4845,=21.4285,=25.0020,=1.9113,=0.6536,=1.2633,=1.5740,=1.7419,=2.0167,=2.1910,=1.7755,=0.9344,=1.0499,=1.2419,=1.3988,=1.6768,=1.9034,=0.0184,=0.3662,=0.0142,=0.0165,=0.0205,=0.0235,=0.0329,=0.0215,=0.0745,=0.0211,=7927
="HSAIT",恒生人工智能主题指数,2023-09-01,=0.0553,=3599.6700,=-0.1554,=23.9115,=0.9913,=13.3665,=18.0695,=19.8681,=21.5734,=24.7122,=2.2425,=0.6136,=1.4634,=1.7534,=2.0654,=2.4832,=2.8773,=2.0237,=0.6339,=1.2708,=1.4977,=1.7298,=2.2761,=2.6741,=0.0187,=0.3965,=0.0144,=0.0174,=0.0195,=0.0215,=0.0235,,=0.1059,,=65
="000930",中证工业,2009-07-03,=0.0073,=3476.8600,=-0.0087,=23.9526,=0.7909,=13.1747,=16.3715,=20.2819,=24.1353,=30.4087,=1.9066,=0.5390,=1.3752,=1.5614,=1.8650,=2.1245,=2.6342,=0.9044,=0.8342,=0.5311,=0.6373,=0.7618,=0.8861,=1.0502,=0.0179,=0.6961,=0.0090,=0.0114,=0.0158,=0.0203,=0.0262,=0.0191,=0.0679,=0.0169,=322
="931484",CS医药创新,2020-05-06,=0.0632,=1294.0800,=-0.1075,=23.9564,=0.1993,=18.2098,=23.9691,=27.4828,=46.1746,=86.1757,=4.1802,=0.0913,=3.3236,=4.5682,=5.4344,=11.3805,=17.5605,=5.2100,=0.1262,=3.7485,=5.5410,=6.5081,=11.3578,=20.8272,=0.0162,=0.7584,=0.0021,=0.0044,=0.0123,=0.0167,=0.0269,=0.0424,=0.1752,=0.0382,=395
="399698",优势成长,2017-06-15,=-0.0032,=45633.5000,=-0.1246,=24.0110,=0.5481,=14.2338,=18.2119,=23.0381,=35.6001,=66.5130,=1.3287,=0.0274,=1.2178,=1.5021,=1.9125,=2.3022,=2.9395,=2.1416,=0.6767,=0.6634,=1.0593,=1.7080,=2.6050,=4.7303,=0.0291,=0.9891,=0.0069,=0.0108,=0.0157,=0.0210,=0.0303,=0.0192,=0.0690,=0.0052,=39
="399617",深证消费,2011-06-15,=0.0326,=6813.4300,=-0.2626,=24.0419,=0.3390,=15.3450,=22.1455,=26.5786,=32.2918,=1768.1548,=2.1779,=0.0021,=2.1129,=3.3075,=4.2570,=5.7490,=9.2732,=1.2805,=0.0021,=1.2428,=1.8753,=2.4647,=3.6985,=6.3240,=0.0421,=0.9979,=0.0100,=0.0137,=0.0183,=0.0254,=0.0433,=0.0294,=0.1055,=0.0582,=370
="931574",港股科技,2013-05-21,=0.0351,=1438.8500,=-0.1804,=24.0624,=0.2807,=16.3025,=22.7788,=27.3250,=42.8841,=59.3282,=2.7533,=0.3637,=1.8790,=2.5109,=2.9524,=3.5893,=8.1693,=1.6826,=0.2094,=1.3201,=1.6685,=1.9740,=2.8561,=5.7490,=0.0106,=0.9009,=0.0011,=0.0030,=0.0065,=0.0099,=0.0126,,=0.1080,,=267
="930901",动漫游戏,2016-10-18,=0.0207,=1595.2100,=-0.2465,=24.3334,=0.0722,=17.2478,=29.5217,=42.1635,=266.1545,=4647.5377,=3.0232,=0.5353,=1.7335,=2.2960,=2.8999,=4.0712,=7.9690,=3.9223,=0.1410,=2.8663,=4.1963,=5.0042,=6.8165,=10.0355,=0.0161,=0.8564,=0.0031,=0.0055,=0.0087,=0.0146,=0.0282,=0.0360,=0.1150,=0.0336,=839
="000813",细分化工,2012-04-11,=0.0027,=3980.6000,=0.0440,=24.3711,=0.6891,=11.4329,=16.5252,=21.9345,=28.2137,=42.1751,=2.7421,=0.5612,=1.6736,=2.0410,=2.6102,=3.1017,=4.9148,=1.5489,=0.5757,=0.8896,=1.1114,=1.4025,=1.9668,=3.1071,=0.0145,=0.3918,=0.0059,=0.0104,=0.0165,=0.0201,=0.0259,=0.0394,=0.0961,=0.0234,=962
="931008",汽车指数,2013-07-15,=0.0085,=8515.0300,=-0.2891,=24.4800,=0.4117,=12.0130,=17.4681,=26.2739,=36.1901,=55.3660,=1.8751,=0.2791,=1.1809,=1.5447,=2.2163,=2.4557,=3.4286,=0.7893,=0.3789,=0.4315,=0.5527,=0.9112,=1.0526,=1.4087,=0.0166,=0.5433,=0.0059,=0.0121,=0.0163,=0.0275,=0.0426,=0.0152,=0.0829,=0.0208,=479
="931573",HKC科技,2014-05-21,=0.0295,=2686.5300,=-0.1715,=24.5513,=0.2272,=18.3272,=24.2261,=28.4714,=39.8393,=82.7075,=2.9867,=0.2154,=2.3269,=2.9510,=3.3374,=4.2586,=10.6583,=1.9704,=0.2059,=1.5041,=1.9654,=2.3064,=3.3933,=8.3359,=0.0095,=0.9287,=0.0015,=0.0039,=0.0064,=0.0086,=0.0111,,=0.1200,,=291
="HSSI",恒生综合小型股指数,2001-10-03,=0.0064,=1324.6900,=-0.1565,=24.6550,=0.7553,=7.3220,=11.0801,=16.3954,=26.2521,=83.7574,=0.9695,=0.4846,=0.5652,=0.7236,=0.9813,=1.1648,=1.4185,=0.6428,=0.3923,=0.3459,=0.4531,=0.6951,=0.9209,=1.2872,=0.0287,=0.4317,=0.0167,=0.0231,=0.0303,=0.0353,=0.0478,,,,=126
="931166",医药健康100,2019-04-25,=0.0621,=3735.4300,=-0.0739,=24.8714,=0.4597,=17.5935,=22.3388,=25.9915,=36.0892,=58.5515,=3.4223,=0.2330,=2.7671,=3.3672,=4.2096,=5.8890,=8.5226,=4.4582,=0.7975,=2.1887,=3.0534,=3.7654,=4.4704,=6.8190,=0.0164,=0.7204,=0.0059,=0.0079,=0.0120,=0.0180,=0.0263,=0.0346,=0.1325,=0.0321,=398
="931755",SEEE碳中和,2021-10-21,=0.0114,=2013.3500,=-0.0413,=24.9190,=0.8015,=13.4966,=17.4708,=21.2253,=24.8572,=29.4214,=2.4290,=0.5501,=1.7561,=1.9656,=2.3863,=2.7313,=3.9105,=1.5512,=0.8415,=0.8856,=1.0372,=1.2254,=1.4489,=2.3046,=0.0167,=0.3716,=0.0102,=0.0150,=0.0181,=0.0220,=0.0256,=0.0267,=0.0916,=0.0211,=140
="000987",全指材料,2011-08-02,=0.0027,=5178.6900,=0.0335,=24.9886,=0.6788,=11.8534,=16.4330,=21.1218,=28.1237,=1313.4345,=2.6233,=0.9052,=1.3547,=1.6741,=2.0387,=2.5084,=3.3213,=1.3093,=0.7584,=0.6546,=0.8399,=1.0190,=1.3482,=1.7398,=0.0143,=0.3827,=0.0046,=0.0117,=0.0172,=0.0209,=0.0269,=0.0340,=0.0892,=0.0206,=390
="399804",中证体育,2015-02-09,=0.0092,=1697.3100,=-0.1443,=25.0387,=0.1868,=17.8349,=25.2703,=31.5204,=45.6182,=92.9525,=2.8246,=0.2751,=2.0588,=2.7278,=3.2041,=3.8104,=5.7602,=2.4298,=0.2928,=1.7235,=2.3146,=2.8617,=4.0922,=7.1775,=0.0211,=0.8515,=0.0037,=0.0065,=0.0121,=0.0202,=0.0296,=0.0257,=0.0922,=0.0231,=296
="931140",医药50,2019-03-20,=0.0663,=9597.6300,=-0.0664,=25.2160,=0.1781,=20.8651,=25.5146,=28.7644,=43.0804,=67.0844,=3.8226,=0.0703,=3.0998,=4.2419,=4.9752,=7.4210,=10.9696,=4.5192,=0.1566,=3.4950,=4.6140,=5.1761,=7.1313,=12.1248,=0.0168,=0.7725,=0.0046,=0.0076,=0.0107,=0.0174,=0.0237,=0.0393,=0.1515,=0.0402,=1192
="930938",500成长估值,2018-12-04,=0.0194,=5094.2100,=0.0985,=26.1177,=0.9578,=9.4780,=13.0945,=16.8099,=19.8240,=30.3577,=2.8770,=0.9314,=1.4489,=1.8694,=2.1210,=2.2955,=3.6765,=2.4574,=0.9984,=0.6916,=0.9051,=1.1699,=1.6029,=2.5063,=0.0132,=0.1048,=0.0092,=0.0158,=0.0187,=0.0218,=0.0299,=0.0254,=0.1028,=0.0163,=71
="399370",国证成长,2010-01-04,=0.0146,=5886.3100,=0.1621,=26.4853,=0.8181,=14.0104,=18.9922,=21.6181,=25.8379,=39.9195,=4.3215,=0.8276,=1.9695,=2.5703,=2.9790,=4.0791,=6.0628,=2.4886,=0.6577,=1.2188,=1.6926,=2.0775,=2.8022,=3.4917,=0.0139,=0.3324,=0.0080,=0.0118,=0.0158,=0.0227,=0.0304,=0.0375,=0.1344,=0.0327,=115
="399432",智能汽车,2014-12-30,=0.0096,=5977.1200,=-0.1191,=26.6114,=0.5237,=12.3799,=17.8444,=23.8811,=66.1739,=131.3343,=3.6038,=0.5237,=1.4019,=2.1767,=3.4993,=6.5272,=11.4939,=2.0549,=0.5559,=0.5888,=0.9103,=1.8694,=4.6106,=8.8483,=0.0125,=0.4726,=0.0016,=0.0032,=0.0141,=0.0241,=0.0377,=0.0329,=0.1377,=0.0319,=17
="931239",港股通汽车,2022-07-21,=0.0039,=1878.0800,=-0.1878,=26.6117,=0.8571,=12.1049,=14.2937,=16.8066,=22.9642,=32.0714,=2.8518,=0.8987,=1.2076,=1.4374,=1.5744,=2.1096,=3.5989,=1.4297,=0.8403,=0.6024,=0.6839,=0.7542,=1.0548,=1.7776,=0.0125,=0.0883,=0.0091,=0.0160,=0.0208,=0.0228,=0.0338,,=0.1152,,=48
="000941",新能源,2009-10-28,=0.0142,=2694.0200,=0.0467,=26.6219,=0.3761,=10.2578,=20.0248,=28.9561,=37.5577,=57.4660,=3.4311,=0.7241,=1.8262,=2.2548,=2.9561,=3.8432,=8.1424,=2.9424,=0.7913,=1.2704,=1.5650,=2.2651,=2.9645,=7.0320,=0.0144,=0.7089,=0.0031,=0.0063,=0.0098,=0.0183,=0.0268,=0.0322,=0.1201,=0.0313,=2463
="399702",深证F120,2010-05-10,=0.0061,=7315.2500,=-0.0344,=26.7032,=0.9831,=12.6034,=17.7484,=20.6900,=22.4964,=28.8861,=2.3615,=0.6841,=1.5963,=1.9896,=2.2160,=2.6272,=3.5867,=1.5027,=0.6936,=0.8721,=1.1406,=1.3246,=1.5883,=2.2308,=0.0205,=0.6487,=0.0114,=0.0165,=0.0194,=0.0232,=0.0299,=0.0250,=0.0726,=0.0233,=1426
="399440",国证钢铁,2014-12-30,=0.0076,=1181.1100,=-0.2049,=26.7734,=0.6759,=5.7530,=9.0864,=18.4249,=36.6217,=695.2734,=0.9255,=0.2400,=0.7172,=0.9159,=1.0481,=1.3592,=2.0509,=0.4651,=0.5274,=0.3277,=0.3893,=0.4570,=0.6211,=1.3827,=0.0267,=0.4800,=0.0018,=0.0172,=0.0272,=0.0419,=0.0569,=0.0058,=0.0382,=0.0096,=467
="931747",中证储能,2021-10-15,=0.0283,=8073.2400,=0.0135,=27.0450,=0.4472,=16.6670,=22.1605,=27.7989,=52.9842,=124.6415,=4.4217,=0.3880,=3.1109,=3.9391,=4.6467,=6.9651,=12.5394,=2.2552,=0.4882,=1.2712,=1.7070,=2.2759,=3.7558,=8.7019,=0.0134,=0.5556,=0.0008,=0.0018,=0.0117,=0.0160,=0.0191,=0.0355,=0.1665,=0.0400,=131
="000988",全指工业,2011-08-02,=0.0048,=4160.7000,=0.0079,=27.3138,=0.6771,=13.7285,=19.3778,=24.0551,=29.2786,=37.6625,=2.0591,=0.5361,=1.3866,=1.6512,=2.0198,=2.4474,=2.7728,=0.9713,=0.6379,=0.5551,=0.7455,=0.9042,=1.0679,=1.3765,=0.0161,=0.6882,=0.0076,=0.0094,=0.0139,=0.0193,=0.0256,=0.0185,=0.0650,=0.0170,=234
="399806",环境治理,2014-07-21,=-0.0008,=1343.7000,=-0.0312,=27.3159,=0.3612,=17.0172,=24.4003,=29.2718,=36.1621,=50.8764,=1.7344,=0.4190,=1.1727,=1.6053,=1.7743,=2.3815,=4.4901,=1.9134,=0.2833,=1.3064,=1.8397,=2.0798,=2.8033,=5.9378,=0.0159,=0.8392,=0.0037,=0.0080,=0.0104,=0.0151,=0.0215,=0.0205,=0.0536,=0.0189,=846
=".INX",标普500,1957-03-04,=-0.0005,=7354.0200,=0.0743,=27.4016,=0.7195,=15.6907,=21.8433,=24.1187,=28.6380,=42.9883,=5.5041,=0.9765,=2.4601,=3.2358,=3.9511,=4.7580,=5.7044,=3.5148,=0.9789,=1.5801,=2.0940,=2.3827,=3.0421,=3.6541,=0.0101,=0.0175,=0.0098,=0.0125,=0.0161,=0.0193,=0.0253,,,=0.0468,=9271
="931230",汽车零部件,2013-07-15,=-0.0041,=1080.0300,=-0.1645,=27.5693,=0.5575,=18.5338,=23.7798,=26.7709,=30.4746,=34.9965,=2.9184,=0.6608,=1.8462,=2.2872,=2.6125,=3.1761,=3.7531,=1.8527,=0.6667,=1.1819,=1.4605,=1.6657,=2.0153,=2.3775,=0.0141,=0.4867,=0.0115,=0.0126,=0.0142,=0.0159,=0.0198,=0.0227,=0.1141,=0.0262,=44
="399417",新能源车,2014-09-24,=0.0130,=3775.7400,=-0.0294,=27.9975,=0.4297,=14.2186,=20.9718,=30.2793,=56.7693,=106.6289,=3.8294,=0.6041,=1.6630,=2.3823,=3.4503,=4.5882,=9.6468,=2.0984,=0.6198,=0.6730,=1.0543,=1.8500,=2.5540,=6.6041,=0.0125,=0.5270,=0.0016,=0.0053,=0.0121,=0.0183,=0.0316,=0.0339,=0.1319,=0.0293,=2436
="980032",新能电池,2015-02-17,=0.0090,=15750.4600,=0.0003,=28.0098,=0.4239,=14.3994,=22.2397,=30.4644,=82.3800,=130.4039,=4.0350,=0.3888,=2.4545,=3.3416,=4.2889,=7.7210,=11.8091,=2.1685,=0.4433,=1.1163,=1.6840,=2.2542,=4.9286,=7.8642,=0.0118,=0.6358,=0.0011,=0.0018,=0.0080,=0.0156,=0.0224,=0.0362,=0.1357,=0.0304,=742
="H11052",智能电车,2009-07-22,=0.0128,=3972.2400,=-0.0641,=28.1299,=0.2619,=16.1153,=26.3648,=33.1707,=63.3646,=148.6443,=3.7887,=0.4722,=2.6129,=3.1950,=3.9009,=5.5107,=9.7804,=1.9172,=0.4165,=1.2507,=1.6563,=2.0384,=3.2736,=6.6252,=0.0109,=0.7637,=0.0021,=0.0035,=0.0091,=0.0111,=0.0189,=0.0316,=0.1293,=0.0281,=192
="399989",中证医疗,2014-10-31,=0.0514,=6127.3800,=-0.0936,=28.1303,=0.1221,=22.9032,=29.8685,=39.4028,=60.3570,=114.3753,=3.1630,=0.0285,=2.8553,=3.7957,=5.4765,=8.1687,=13.4814,=5.1436,=0.0874,=4.3528,=5.6300,=6.5616,=9.4594,=17.4163,=0.0139,=0.7600,=0.0025,=0.0041,=0.0055,=0.0145,=0.0225,=0.0284,=0.1137,=0.0290,=8480
="000969",300非周,2010-05-28,=0.0130,=6212.3100,=0.1666,=28.2634,=0.8639,=15.9839,=20.6623,=22.5725,=26.3114,=38.7203,=3.0173,=0.7394,=2.0789,=2.4986,=2.7817,=3.1883,=4.9189,=1.6490,=0.8433,=0.8921,=1.1535,=1.2862,=1.5634,=2.2463,=0.0185,=0.6313,=0.0089,=0.0140,=0.0170,=0.0211,=0.0277,=0.0251,=0.0964,=0.0261,=85
="399850",深证50,2023-10-18,=0.0014,=10497.2000,=0.1497,=28.2738,=0.9055,=16.5344,=20.0122,=23.2634,=27.0273,=36.7629,=4.3482,=0.9919,=2.5911,=2.9346,=3.2314,=3.6971,=4.4773,=2.3866,=0.9870,=1.3017,=1.4810,=1.6797,=2.0418,=2.4833,=0.0168,=0.0456,=0.0162,=0.0189,=0.0210,=0.0233,=0.0271,=0.0301,=0.0973,=0.0318,=81
="399976",CS新能车,2014-11-28,=0.0124,=4267.8800,=-0.0444,=28.6398,=0.3080,=13.8890,=22.9016,=34.5121,=62.1175,=231.2544,=3.6603,=0.4157,=2.0896,=3.0970,=3.8859,=6.2213,=11.9870,=2.0904,=0.3320,=0.7703,=1.7976,=2.3103,=4.1916,=9.1824,=0.0112,=0.7184,=0.0014,=0.0031,=0.0074,=0.0134,=0.0276,=0.0343,=0.1248,=0.0265,=2014
="930997",新能源车,2017-07-19,=0.0121,=2886.6200,=-0.0497,=28.8087,=0.4131,=14.0460,=20.4465,=31.8097,=82.5238,=171.6022,=3.6673,=0.4975,=1.7502,=2.4238,=3.6809,=6.0813,=11.4567,=2.0987,=0.4749,=0.7652,=1.1969,=2.1526,=3.9170,=8.7389,=0.0112,=0.5237,=0.0014,=0.0031,=0.0108,=0.0183,=0.0289,=0.0346,=0.1243,=0.0266,=1969
="1000008",沪深B股,1994-01-10,=0.0033,=269,=0.0598,=28.8411,=0.7810,=7.0835,=12.9417,=17.5058,=30.7740,=97.5837,=0.8188,=0.3996,=0.6594,=0.7810,=0.8478,=1.0500,=1.4976,=0.5475,=0.6602,=0.3777,=0.4474,=0.5016,=0.5891,=1.1545,=0.0381,=0.5905,=0.0157,=0.0277,=0.0356,=0.0437,=0.1455,,,=0.0134,=371
="931403",品牌工程,2020-01-14,=0.0323,=2343.5900,=0.1870,=28.9270,=0.4856,=18.7149,=24.0295,=29.2982,=43.8882,=69.9724,=4.3679,=0.4119,=3.2380,=4.0121,=5.0013,=7.6844,=10.9810,=3.3992,=0.5125,=2.2604,=2.9262,=3.3760,=4.8017,=7.2001,=0.0202,=0.6573,=0.0056,=0.0085,=0.0145,=0.0222,=0.0278,=0.0453,=0.1433,=0.0461,=117
="HSBIO",恒生生物科技指数,2019-12-01,=0.0666,=12867.4800,=-0.0925,=29.0996,=0.1317,=20.8275,=30.6497,=61.0164,=138.9950,=62737.8398,=2.7899,=0.4657,=1.5084,=2.1493,=2.8953,=4.4242,=6.7821,=1.5618,=0.5356,=0.7434,=1.0950,=1.5272,=2.1394,=3.5303,=0.0118,=0.7124,=0.0037,=0.0061,=0.0095,=0.0134,=0.0198,,=0.1063,,=670
="932246",储能电池,2022-07-08,=0.0210,=4949.2600,=0.0285,=29.1399,=0.6603,=13.3190,=20.2396,=26.7548,=33.3195,=40.1514,=4.5335,=0.8467,=2.3139,=2.6800,=3.2495,=4.4616,=5.1292,=3.0253,=0.6760,=1.3666,=1.6741,=2.2838,=3.3036,=3.7523,=0.0138,=0.3014,=0.0111,=0.0132,=0.0167,=0.0202,=0.0231,=0.0403,=0.1439,=0.0321,=71
="980027",新能源电池,2015-02-16,=0.0106,=3561.0600,=0.0540,=29.2846,=0.6970,=16.8641,=21.0324,=24.9010,=30.5865,=35.7610,=4.8278,=0.9579,=2.5249,=3.0259,=3.4661,=4.4234,=5.0827,=3.1653,=0.7527,=1.4888,=1.8975,=2.4010,=3.2533,=3.8612,=0.0142,=0.4497,=0.0052,=0.0081,=0.0149,=0.0186,=0.0213,=0.0376,=0.1513,=0.0348,=100
="000907",中证700,2007-01-15,=0.0114,=7511.1600,=0.1604,=29.4588,=0.9955,=13.5964,=17.1394,=19.5530,=24.0532,=30.1680,=2.2063,=0.7946,=1.3201,=1.5883,=1.8281,=2.2164,=2.4753,=1.5826,=0.7831,=0.9663,=1.1767,=1.3274,=1.6072,=1.9854,=0.0165,=0.4115,=0.0115,=0.0138,=0.0174,=0.0227,=0.0321,=0.0223,=0.0692,=0.0213,=265
="HSHCI",恒生医疗保健指数,2015-08-17,=0.0645,=3218.2200,=-0.1211,=29.6693,=0.4211,=15.9973,=23.1944,=33.3964,=116.8549,=143059.6617,=2.5363,=0.4451,=1.4805,=2.2593,=2.6402,=3.4864,=7.0432,=1.5925,=0.7028,=0.8149,=1.0240,=1.3008,=1.8605,=3.5391,=0.0126,=0.6171,=0.0038,=0.0082,=0.0114,=0.0148,=0.0248,,=0.0976,,=1729
="931719",CS电池,2013-07-15,=0.0150,=4381.6100,=0.0305,=29.9006,=0.2627,=15.7007,=26.6847,=40.8023,=64.2856,=121.8822,=4.4307,=0.6408,=1.9771,=2.9292,=3.9521,=5.7588,=11.8941,=2.9826,=0.4854,=1.2782,=2.0990,=3.0297,=4.7070,=9.5565,=0.0128,=0.8330,=0.0012,=0.0035,=0.0065,=0.0122,=0.0220,=0.0377,=0.1370,=0.0297,=551
="000949",中证农业,2009-10-28,=0.0269,=4612.4300,=-0.2033,=30.3865,=0.5699,=14.4444,=21.2919,=29.1169,=36.7819,=1184.8568,=2.2791,=0.0445,=2.0719,=2.5329,=3.2801,=4.0480,=5.2895,=1.2161,=0.2099,=0.8980,=1.1771,=1.7275,=2.0301,=2.8101,=0.0222,=0.9311,=0.0077,=0.0144,=0.0164,=0.0188,=0.0257,=0.0068,=0.0985,=0.0327,=1046
="000857",500医药,2013-11-06,=0.0684,=9645.7700,=-0.0595,=30.3876,=0.5299,=16.5096,=22.8937,=29.9353,=37.7459,=66.9361,=2.7746,=0.4437,=1.9620,=2.4653,=2.8386,=3.5164,=5.0991,=2.5686,=0.7060,=1.3156,=1.7598,=2.1307,=2.7758,=4.5555,=0.0169,=0.7893,=0.0055,=0.0091,=0.0131,=0.0172,=0.0234,=0.0260,=0.0879,=0.0247,=733
="931524",SHS科技龙头,2020-07-16,=0.0074,=2935.5600,=0.0922,=30.5992,=0.7665,=18.9033,=23.4895,=26.6722,=35.5156,=59.9125,=3.9472,=0.6727,=2.7731,=3.2899,=3.6695,=5.1444,=9.0190,=3.0128,=0.6880,=1.6886,=2.2571,=2.5511,=4.2440,=7.2475,=0.0079,=0.3613,=0.0027,=0.0048,=0.0086,=0.0100,=0.0124,,=0.1133,,=224
="000933",中证医药,2009-07-03,=0.0640,=7464.3500,=-0.0774,=30.6079,=0.4045,=22.6651,=27.9022,=32.3563,=37.5717,=63.0472,=2.9977,=0.1134,=2.5059,=3.1900,=3.9856,=4.6474,=7.0232,=2.6342,=0.2866,=1.9281,=2.5100,=3.0184,=3.5641,=5.1631,=0.0169,=0.8924,=0.0055,=0.0078,=0.0096,=0.0152,=0.0226,=0.0282,=0.0926,=0.0299,=7160
="399330",深证100,2006-01-24,=0.0008,=6756.5200,=0.1614,=30.7533,=0.9258,=14.9910,=20.3737,=22.7037,=27.0830,=38.9547,=3.3757,=0.7819,=1.9919,=2.4968,=2.9427,=3.5438,=5.5535,=2.3434,=0.7538,=1.3434,=1.7250,=2.1026,=2.4349,=4.0791,=0.0160,=0.5695,=0.0077,=0.0126,=0.0154,=0.0194,=0.0273,=0.0278,=0.0897,=0.0269,=2328
="000913",300医药,2007-07-02,=0.0626,=7654.3900,=-0.0677,=30.8118,=0.3151,=22.1588,=28.7651,=33.4081,=39.5137,=73.4129,=3.2350,=0.0491,=2.7345,=3.6138,=4.8052,=6.0065,=9.5028,=2.6970,=0.0775,=2.2757,=2.9065,=3.3550,=5.4005,=7.4989,=0.0169,=0.9093,=0.0040,=0.0072,=0.0089,=0.0152,=0.0221,=0.0300,=0.0967,=0.0342,=3380
="000991",全指医药,2011-08-02,=0.0628,=8097.3900,=-0.0712,=30.9621,=0.3126,=23.5983,=29.4135,=34.2256,=40.5767,=73.5923,=2.8919,=0.0441,=2.5957,=3.1846,=3.7929,=4.7153,=6.5650,=2.7106,=0.2602,=2.0200,=2.6563,=3.0165,=3.7366,=5.9103,=0.0165,=0.9241,=0.0055,=0.0071,=0.0095,=0.0145,=0.0212,=0.0278,=0.0907,=0.0276,=7949
="HSSSHID",恒生沪深港创新药精选50指数,2020-03-01,=0.0752,=7542.7700,=0.0061,=31.1185,=0.2731,=23.4861,=29.4589,=35.5306,=51.8890,=94.0285,=3.6251,=0.4631,=2.0729,=2.8107,=3.7097,=6.3818,=8.4497,=5.1512,=0.6850,=1.3432,=1.8894,=3.3519,=5.9623,=8.1459,=0.0095,=0.5756,=0.0033,=0.0049,=0.0088,=0.0120,=0.0157,,=0.1192,,=286
="000037",上证医药,2009-01-09,=0.0720,=6065.7900,=-0.0424,=31.1692,=0.1864,=21.0843,=31.4047,=34.7303,=41.6974,=61.3894,=3.3684,=0.2243,=2.7278,=3.3358,=3.8739,=4.6066,=7.3155,=2.4035,=0.5542,=1.5724,=2.0207,=2.3509,=2.8847,=4.1395,=0.0124,=0.9113,=0.0048,=0.0075,=0.0098,=0.0116,=0.0146,=0.0281,=0.1036,=0.0282,=2066
="000978",医药100,2011-03-18,=0.0630,=9382.0200,=-0.1003,=31.4125,=0.3480,=23.7467,=28.9111,=33.8501,=37.7475,=66.4077,=2.9689,=0.0454,=2.6475,=3.2578,=4.1958,=5.0232,=7.8052,=2.7731,=0.2664,=2.0946,=2.6763,=3.1479,=3.6588,=5.9820,=0.0162,=0.9122,=0.0050,=0.0071,=0.0093,=0.0147,=0.0209,=0.0280,=0.0911,=0.0286,=4712
="931746",储能产业,2015-06-11,=0.0205,=3495.6900,=-0.0547,=31.4795,=0.4727,=12.7536,=19.5008,=32.8458,=42.4966,=70.6293,=3.4389,=0.5219,=2.2823,=2.7340,=3.3947,=5.0519,=8.8670,=2.2311,=0.6448,=1.1513,=1.4916,=2.0162,=3.1578,=6.6557,=0.0123,=0.4499,=0.0020,=0.0044,=0.0127,=0.0170,=0.0220,=0.0195,=0.0831,=0.0177,=158
="399266",创新能源,2022-09-29,=0.0104,=3864.1300,=0.0906,=31.5593,=0.6556,=16.2861,=20.6923,=27.2718,=33.2001,=48.5339,=4.9827,=0.8062,=2.6837,=3.2096,=3.8662,=4.9627,=6.9087,=3.3719,=0.7043,=1.5028,=1.9405,=2.5674,=3.4886,=4.6740,=0.0126,=0.5504,=0.0024,=0.0067,=0.0123,=0.0168,=0.0211,=0.0402,=0.1508,=0.0347,=0
="000936",中证电信,2009-07-03,=-0.0188,=14460.5800,=0.4547,=31.5905,=0.6070,=14.1836,=20.2178,=26.5906,=41.2993,=123.1725,=3.0183,=0.9175,=1.2149,=1.7612,=2.3356,=2.7828,=3.6232,=2.8744,=0.9963,=0.7463,=1.0174,=1.2555,=1.7977,=3.0800,=0.0199,=0.5827,=0.0019,=0.0063,=0.0093,=0.0319,=0.0507,=0.0215,=0.0913,=0.0219,=336
="000812",细分机械,2012-04-11,=0.0046,=7521.7000,=-0.0222,=31.8871,=0.4994,=14.1771,=22.0432,=31.9265,=40.2869,=51.3583,=3.2343,=0.7513,=1.6005,=2.1653,=2.5255,=3.4006,=5.3964,=2.2034,=0.7439,=1.1287,=1.4635,=1.7282,=2.2906,=3.5603,=0.0150,=0.7056,=0.0047,=0.0079,=0.0115,=0.0167,=0.0237,=0.0226,=0.0835,=0.0173,=197
="399005",中小板指,2006-01-24,=-0.0047,=9417.8800,=0.1396,=32.1638,=0.6656,=16.1163,=23.0542,=28.5542,=33.9484,=44.0181,=3.3103,=0.4190,=2.0289,=2.7421,=3.4450,=4.3360,=5.3697,=2.2614,=0.4470,=1.3510,=1.8219,=2.3725,=3.3186,=4.1546,=0.0122,=0.6033,=0.0068,=0.0089,=0.0110,=0.0163,=0.0219,=0.0255,=0.0988,=0.0255,=3247
="000994",全指电信,2011-08-02,=-0.0185,=16243.9900,=0.4584,=32.5335,=0.4495,=17.6024,=21.7761,=34.2543,=52.5847,=109.2407,=3.1274,=0.8272,=1.3865,=1.8410,=2.5290,=3.0623,=3.7766,=2.9180,=0.9951,=0.9155,=1.2459,=1.5344,=1.8761,=3.1271,=0.0191,=0.6103,=0.0022,=0.0055,=0.0081,=0.0296,=0.0398,=0.0216,=0.0895,=0.0218,=228
="930614",环保50,2015-04-07,=0.0106,=2279.6800,=-0.0073,=32.6457,=0.7311,=13.7595,=20.5125,=26.8035,=35.1194,=50.3864,=2.9357,=0.5551,=1.9059,=2.3842,=2.8857,=3.6683,=6.0727,=3.0130,=0.6148,=1.6847,=2.2438,=2.8967,=3.3746,=6.6309,=0.0167,=0.5827,=0.0061,=0.0100,=0.0159,=0.0201,=0.0258,=0.0222,=0.0831,=0.0199,=205
="000977",内地低碳,2011-01-21,=0.0134,=2069.7200,=-0.0071,=32.6457,=0.7184,=13.7595,=20.8967,=26.8104,=35.4182,=50.3864,=2.9357,=0.5546,=1.9264,=2.3844,=2.8763,=3.6471,=6.0727,=3.0130,=0.6416,=1.6847,=2.2202,=2.8369,=3.3944,=6.7765,=0.0167,=0.6070,=0.0061,=0.0100,=0.0157,=0.0194,=0.0258,=0.0220,=0.0823,=0.0200,=386
="000808",医药生物,2012-02-17,=0.0657,=7688.5600,=-0.0722,=32.7358,=0.4008,=23.4705,=28.3997,=34.6536,=37.8852,=66.3352,=2.9639,=0.0540,=2.6521,=3.2627,=4.1749,=4.9177,=7.9299,=2.7563,=0.2656,=2.0659,=2.6650,=3.1021,=3.5475,=6.2098,=0.0157,=0.8924,=0.0050,=0.0071,=0.0094,=0.0144,=0.0209,=0.0273,=0.0877,=0.0275,=1415
="930721",CS智汽车,2015-08-05,=-0.0006,=5210.1900,=-0.0991,=32.7486,=0.1116,=27.2408,=33.9563,=39.5507,=48.8882,=67.2850,=3.3090,=0.2013,=2.5208,=3.3066,=3.8184,=5.3749,=7.3638,=1.2811,=0.0178,=1.1981,=1.4935,=1.8456,=2.6391,=3.8976,=0.0071,=0.5200,=0.0040,=0.0056,=0.0070,=0.0093,=0.0155,=0.0150,=0.1014,=0.0176,=471
="H30463",沪港深500医药,2014-11-28,=0.0623,=7026.3200,=-0.0954,=32.7819,=0.3348,=23.3470,=31.0222,=35.4878,=42.6572,=94.1690,=3.3377,=0.1328,=2.7545,=3.5232,=4.4428,=5.5958,=10.0878,=3.2358,=0.4672,=1.9470,=2.8257,=3.2978,=4.1552,=9.3489,=0.0134,=0.8569,=0.0038,=0.0069,=0.0087,=0.0122,=0.0194,,=0.0979,,=34
="399394",国证医药,2012-10-29,=0.0663,=7828.5700,=-0.0776,=32.8537,=0.4256,=22.8656,=29.2541,=34.1866,=39.8130,=65.8576,=3.1197,=0.0614,=2.7032,=3.4198,=4.4881,=5.4654,=8.6075,=2.7943,=0.2594,=1.9890,=2.7092,=3.1522,=4.7081,=6.5385,=0.0157,=0.8849,=0.0047,=0.0072,=0.0092,=0.0141,=0.0225,=0.0285,=0.0916,=0.0308,=1064
="000009",上证380,2010-11-29,=0.0192,=7502.6800,=0.1388,=32.9551,=0.9369,=11.6192,=14.6240,=18.0435,=25.1263,=39.7002,=2.4145,=0.8235,=1.2909,=1.6341,=1.9524,=2.3726,=2.8641,=1.5585,=0.8214,=0.7850,=0.9356,=1.0814,=1.5154,=1.8994,=0.0144,=0.1814,=0.0086,=0.0150,=0.0183,=0.0251,=0.0358,=0.0195,=0.0662,=0.0205,=865
="399971",中证传媒,2014-04-15,=0.0092,=1195.9400,=-0.1876,=33.0135,=0.4025,=18.4593,=27.0874,=34.8703,=44.6015,=90.0483,=2.1725,=0.2285,=1.5359,=2.1311,=2.5682,=3.2896,=5.5544,=2.5608,=0.1485,=1.9674,=2.6503,=3.1870,=4.6169,=7.1445,=0.0188,=0.7348,=0.0038,=0.0090,=0.0121,=0.0206,=0.0294,=0.0163,=0.0602,=0.0206,=6312
="931798",光伏龙头30,2009-06-16,=0.0090,=2302.1200,=0.1061,=33.2022,=0.6957,=8.0886,=17.2411,=24.1376,=37.6614,=66.5518,=2.7239,=0.6148,=1.6869,=2.0246,=2.4148,=4.5878,=8.3847,=2.8890,=0.7744,=0.9999,=1.3373,=1.6874,=3.0761,=5.7040,=0.0095,=0.4652,=0.0027,=0.0059,=0.0109,=0.0206,=0.0351,=0.0172,=0.0745,=0.0196,=196
="931733",绿色能源,2021-08-19,=0.0143,=5071.5200,=-0.0306,=33.2514,=0.5328,=12.7308,=19.1861,=32.5652,=41.6226,=65.3510,=3.3443,=0.4152,=2.3311,=2.7893,=3.5131,=5.4974,=8.0150,=2.2608,=0.4706,=1.3651,=1.7691,=2.3165,=4.3680,=7.5185,=0.0147,=0.4876,=0.0043,=0.0068,=0.0148,=0.0214,=0.0259,=0.0248,=0.0932,=0.0189,=25
="399008",中小300,2010-03-22,=-0.0048,=1825.7500,=0.1033,=33.3981,=0.6812,=17.8364,=25.4661,=30.4241,=35.4212,=45.5477,=3.0207,=0.5229,=1.7846,=2.4620,=2.9824,=3.8089,=4.7778,=2.0422,=0.4837,=1.1664,=1.6529,=2.0713,=2.8111,=3.8663,=0.0122,=0.6037,=0.0063,=0.0084,=0.0114,=0.0151,=0.0216,=0.0232,=0.0868,=0.0228,=506
="1000005",上海非金融A股,1994-01-01,,,,=33.6608,=0.9773,=15.3520,=20.3290,=23.4523,=29.7863,=34.6296,=2.3829,=0.9278,=1.5456,=1.8178,=2.0428,=2.2601,=2.5831,=1.4509,=0.9942,=0.7548,=0.9329,=1.0758,=1.2004,=1.4804,=0.0173,=0.3600,=0.0107,=0.0146,=0.0197,=0.0236,=0.0293,=0.0209,=0.0661,=0.0198,=189
="930791",CS医药TI,2016-03-22,=0.0605,=8502.0400,=-0.0818,=33.7364,=0.3905,=23.2364,=30.0855,=35.5776,=40.8654,=70.7414,=2.7627,=0.0495,=2.4395,=3.0431,=3.8774,=4.6090,=6.6660,=2.5325,=0.1629,=2.0598,=2.5771,=2.9849,=3.5454,=5.1130,=0.0160,=0.9200,=0.0054,=0.0070,=0.0096,=0.0141,=0.0204,=0.0251,=0.0784,=0.0255,=193
="931235",中证电信,2022-07-21,=-0.0160,=3211.8900,=0.1845,=33.7437,=0.9884,=15.5242,=18.6904,=21.4252,=26.0807,=36.3009,=3.2435,=0.9905,=0.8741,=1.6339,=1.9113,=2.3184,=3.4857,=2.9888,=0.9884,=0.6427,=1.3831,=1.7157,=2.1482,=3.2153,=0.0185,=0.0903,=0.0135,=0.0249,=0.0304,=0.0337,=0.0573,=0.0216,=0.0917,=0.0212,=61
="931456",中国教育,2020-04-21,=0.0157,=942.2582,=-0.2222,=33.9497,=0.0006,=33.1260,=56.0424,=94.4090,=-131.8042,=28609.2511,=2.5323,=0.2547,=1.5831,=2.4407,=2.9525,=3.8611,=9.7545,=2.5175,=0.1298,=1.7011,=2.7739,=3.3665,=4.8115,=11.2012,=0.0087,=0.6201,=0.0035,=0.0058,=0.0082,=0.0099,=0.0209,,=0.0593,,=170
="931946",畜牧养殖,2023-07-28,=0.0323,=586.0700,=-0.2214,=34.0830,=0.6884,=14.8058,=16.2652,=24.3873,=44.3745,=702.5962,=2.2442,=0.0112,=2.1724,=2.5721,=2.6826,=2.7900,=3.1405,=0.9353,=0.0336,=0.8870,=1.0361,=1.0953,=1.1373,=1.2139,=0.0332,=0.9254,=0.0155,=0.0197,=0.0267,=0.0300,=0.0347,=0.0043,=0.0943,=0.0400,=4
="931579",东证优势成长,2020-11-09,=-0.0034,=10641.7100,=0.3943,=34.1993,=0.8952,=7.9327,=14.2328,=19.1297,=30.2702,=61.0103,=6.8934,=0.9077,=0.9149,=2.5962,=3.4048,=5.8523,=9.3390,=5.0194,=0.9678,=1.1828,=2.0518,=2.3594,=3.6305,=6.0793,=0.0096,=0.2381,=0.0040,=0.0070,=0.0155,=0.0288,=0.0527,=0.0548,=0.1983,=0.0468,=140
="399374",中盘成长,2010-01-04,=0.0121,=5874.5800,=0.2850,=34.4064,=0.9992,=12.0664,=16.7038,=22.9694,=27.5755,=34.8693,=4.6173,=0.9996,=1.8942,=2.4100,=3.1265,=3.6315,=4.6658,=3.0035,=0.9959,=0.9013,=1.6610,=2.2043,=2.4841,=3.0605,=0.0108,=0.1831,=0.0084,=0.0109,=0.0145,=0.0210,=0.0349,=0.0366,=0.1248,=0.0238,=202
="399376",小盘成长,2010-01-04,=0.0211,=7681.2900,=0.2094,=34.5574,=0.8833,=14.4007,=20.2318,=25.5978,=32.5568,=60.1410,=3.7250,=0.9658,=1.6246,=2.0607,=2.3694,=3.1566,=4.0524,=2.1698,=0.8421,=0.7224,=1.0640,=1.2045,=1.9641,=3.4032,=0.0119,=0.3241,=0.0062,=0.0105,=0.0131,=0.0171,=0.0246,=0.0271,=0.1002,=0.0195,=287
="000841",800医药,2012-12-21,=0.0733,=8052.5300,=-0.0366,=34.5787,=0.6676,=21.4494,=28.0346,=32.2227,=37.6239,=58.1462,=3.3548,=0.2816,=2.4193,=3.1867,=3.7959,=4.3897,=6.5122,=4.2199,=0.7616,=1.7815,=2.8895,=3.4449,=4.3547,=6.1565,=0.0161,=0.8936,=0.0064,=0.0083,=0.0101,=0.0135,=0.0210,=0.0288,=0.0871,=0.0293,=587
="000814",细分医药,2012-04-11,=0.0699,=8036.0400,=-0.0372,=34.8059,=0.6895,=21.8871,=27.2039,=32.7462,=37.7198,=60.8250,=3.1992,=0.1930,=2.4219,=3.2077,=4.1174,=4.8855,=7.4081,=2.6961,=0.3971,=1.7858,=2.2898,=2.9065,=3.7766,=5.4819,=0.0153,=0.8751,=0.0055,=0.0075,=0.0096,=0.0136,=0.0215,=0.0283,=0.0890,=0.0304,=408
="000827",中证环保,2012-09-25,=0.0109,=1903.4900,=0.0215,=34.8447,=0.7852,=14.0379,=21.0113,=28.2441,=35.5499,=50.6551,=2.8751,=0.5435,=1.7878,=2.2200,=2.8140,=3.3836,=5.4589,=2.9598,=0.6515,=1.6068,=2.0649,=2.7366,=3.2515,=6.2202,=0.0155,=0.5584,=0.0061,=0.0097,=0.0147,=0.0192,=0.0249,=0.0211,=0.0761,=0.0181,=6250
="399412",国证新能,2014-05-16,=0.0113,=2957.7000,=-0.0010,=34.8609,=0.6911,=13.6858,=20.0843,=24.4990,=40.0619,=66.6027,=3.1039,=0.6388,=1.6349,=2.2652,=2.7219,=3.9698,=7.3016,=2.0266,=0.6948,=0.7993,=1.1875,=1.5389,=2.5873,=5.3757,=0.0126,=0.3596,=0.0032,=0.0058,=0.0154,=0.0184,=0.0274,=0.0217,=0.0862,=0.0211,=361
="931250",港股通创新药,2012-07-20,=0.0699,=944.5400,=-0.0598,=35.0465,=0.4156,=21.4435,=32.4554,=36.3295,=44.9455,=63.0533,=3.3362,=0.6769,=1.5232,=1.8217,=2.3216,=3.8343,=4.5255,=5.6274,=0.6799,=1.4727,=1.7545,=2.3094,=6.5388,=7.7209,=0.0086,=0.3157,=0.0059,=0.0076,=0.0137,=0.0163,=0.0196,,=0.1071,,=117
="931787",港股创新药,2018-08-14,=0.0700,=1175.1600,=-0.0643,=35.0465,=0.3614,=20.8973,=29.4859,=44.4313,=79.9168,=400.8209,=3.3362,=0.6153,=1.5132,=2.3018,=2.9598,=4.1439,=5.7621,=5.6274,=0.8889,=0.8553,=1.3046,=2.0736,=3.2678,=7.7308,=0.0086,=0.3589,=0.0045,=0.0069,=0.0104,=0.0136,=0.0202,,=0.1071,,=747
="931591",1000成长创新,2020-11-09,=0.0035,=36515.5400,=0.1156,=35.0892,=0.7436,=18.0900,=24.4578,=32.1736,=35.7660,=40.6167,=3.8650,=0.6498,=2.0923,=3.0025,=3.4140,=4.3586,=5.3788,=3.7481,=0.7634,=1.8413,=2.7371,=3.1087,=3.8446,=5.2879,=0.0110,=0.5084,=0.0063,=0.0086,=0.0109,=0.0139,=0.0216,=0.0271,=0.1062,=0.0239,=149
="930632",CS稀金属,2015-05-12,=0.0097,=3280.7600,=0.2101,=35.2374,=0.3720,=10.0759,=24.6559,=42.5414,=90.6384,=902.9270,=4.5746,=0.8338,=1.7714,=2.4678,=3.4522,=4.4085,=7.1765,=3.2809,=0.9237,=1.0736,=1.5817,=2.0627,=2.9946,=4.1072,=0.0064,=0.4334,=0.0021,=0.0038,=0.0072,=0.0138,=0.0241,=0.0489,=0.1107,=0.0216,=369
="931487",SHS人工智能50,2020-05-06,=0.0253,=2334.7300,=0.0601,=35.3729,=0.7531,=18.6614,=25.5576,=31.6666,=37.2291,=66.0883,=5.6394,=0.7473,=3.0781,=4.0482,=4.6567,=6.4493,=10.5947,=6.4008,=0.7331,=3.3555,=4.5061,=5.1846,=6.8192,=9.5096,=0.0052,=0.3659,=0.0019,=0.0035,=0.0059,=0.0075,=0.0094,,=0.1427,,=75
="399389",国证通信,2011-12-02,=-0.0274,=12960.6900,=0.5541,=35.3904,=0.3938,=15.1336,=21.7733,=47.5323,=65.1875,=153.7967,=3.2619,=0.8594,=1.3245,=1.8461,=2.4671,=3.0648,=3.9804,=3.0597,=0.9946,=0.9743,=1.4589,=1.6822,=1.8972,=3.2843,=0.0181,=0.6210,=0.0026,=0.0048,=0.0069,=0.0294,=0.0420,=0.0209,=0.0855,=0.0209,=52
="399007",深证300,2009-11-04,=0.0019,=6659.5000,=0.1715,=35.5479,=0.9955,=15.3833,=21.4145,=25.0043,=28.8728,=36.7371,=3.3271,=0.8285,=1.8298,=2.3539,=2.8048,=3.2367,=4.4351,=2.3358,=0.7551,=1.2839,=1.6547,=2.0025,=2.4013,=3.3177,=0.0136,=0.4581,=0.0081,=0.0118,=0.0139,=0.0174,=0.0252,=0.0257,=0.0779,=0.0236,=582
="H11054",装备产业,2009-07-22,=0.0042,=2956.7300,=0.0164,=35.6270,=0.6743,=15.6342,=24.5612,=31.8538,=38.5181,=58.0282,=3.1563,=0.7451,=1.6944,=2.1281,=2.6080,=3.3165,=5.1308,=2.2051,=0.7112,=1.2119,=1.4847,=1.8832,=2.3487,=3.6241,=0.0127,=0.6079,=0.0051,=0.0079,=0.0113,=0.0146,=0.0207,=0.0221,=0.0859,=0.0174,=41
="931187",科技100,2019-05-30,=0.0246,=5687.3700,=0.2326,=36.4006,=0.8432,=18.1467,=22.1668,=26.0628,=35.0480,=49.5031,=4.5045,=0.8858,=2.3703,=2.7894,=3.3334,=4.2454,=5.4633,=3.0442,=0.8607,=1.2579,=1.6315,=2.0590,=2.6844,=4.1304,=0.0105,=0.3456,=0.0052,=0.0083,=0.0119,=0.0140,=0.0184,=0.0201,=0.0911,=0.0217,=850
="399612",中创100,2011-02-28,=-0.0013,=3369.9500,=0.2208,=37.1327,=0.7765,=18.0203,=24.5371,=31.1472,=39.8478,=52.6199,=4.9510,=0.7839,=2.5576,=3.3599,=4.1932,=5.1155,=7.4671,=3.2092,=0.5460,=1.6155,=2.2648,=3.0465,=4.0076,=5.8630,=0.0101,=0.5575,=0.0050,=0.0075,=0.0097,=0.0137,=0.0203,=0.0320,=0.1210,=0.0297,=156
="399001",深证成指,1995-01-23,=0.0019,=15812.8700,=0.1692,=37.4283,=0.9967,=15.9054,=22.8547,=26.5146,=30.7074,=38.7817,=3.2088,=0.7744,=1.7472,=2.2797,=2.7209,=3.2712,=4.0402,=2.2838,=0.7266,=1.2229,=1.6063,=1.9123,=2.3871,=2.9683,=0.0132,=0.4487,=0.0084,=0.0108,=0.0135,=0.0166,=0.0245,=0.0249,=0.0747,=0.0225,=3703
="932069",港股通医疗主题,2022-07-21,=0.0600,=900.1400,=-0.0914,=37.5484,=0.8539,=20.9778,=25.9703,=30.3233,=35.0614,=51.0900,=2.1938,=0.6035,=1.4397,=1.6153,=1.9459,=2.6024,=3.0086,=1.2243,=0.6549,=0.6760,=0.7677,=0.9709,=1.4185,=1.6308,=0.0132,=0.5136,=0.0073,=0.0086,=0.0131,=0.0159,=0.0250,,=0.0571,,=18
="930719",CS精准医,2015-08-05,=0.0890,=2715.6000,=0.0215,=37.8081,=0.2004,=29.3195,=37.7585,=52.2172,=67.0348,=102.1078,=4.5556,=0.2036,=3.4982,=4.5426,=6.0438,=9.0123,=14.5104,=6.8448,=0.3893,=5.1956,=6.1894,=7.4440,=10.6299,=18.8625,=0.0076,=0.6280,=0.0022,=0.0041,=0.0067,=0.0105,=0.0164,=0.0301,=0.1091,=0.0230,=341
="931406",5G 50,2020-02-20,=-0.0064,=3557.2600,=0.6712,=37.9086,=0.8396,=15.2657,=20.5835,=23.5872,=34.6085,=51.5506,=4.2012,=0.8968,=1.5292,=1.9611,=2.4436,=3.8158,=5.3757,=2.7732,=0.9948,=0.9155,=1.4035,=1.5805,=1.8965,=2.9469,=0.0147,=0.3688,=0.0042,=0.0067,=0.0207,=0.0276,=0.0387,=0.0252,=0.1023,=0.0236,=702
="931672",风电产业,2021-04-29,=-0.0163,=1864.8500,=0.0586,=38.2228,=0.9520,=16.8665,=21.1061,=24.2232,=29.3020,=45.5856,=2.1560,=0.6125,=1.3490,=1.6788,=1.9886,=2.4976,=3.5946,=2.6342,=0.7326,=1.4458,=1.8899,=2.1460,=2.7038,=3.3215,=0.0101,=0.3531,=0.0064,=0.0084,=0.0116,=0.0154,=0.0206,=0.0166,=0.0571,=0.0184,=61
="931994",电网设备主题,2022-10-11,=-0.0117,=3503.8700,=0.3888,=38.6641,=0.9200,=15.6741,=19.9777,=22.7561,=27.6235,=44.9431,=3.7123,=0.9311,=1.9713,=2.2921,=2.4527,=2.7985,=4.2080,=2.5554,=0.9800,=1.2895,=1.4772,=1.6064,=1.8190,=2.7882,=0.0096,=0.0500,=0.0088,=0.0111,=0.0136,=0.0165,=0.0189,=0.0214,=0.0975,=0.0200,=260
="930648",CS智消费,2015-06-05,=0.0053,=4591.6100,=0.2539,=38.7416,=0.9282,=15.4538,=22.2568,=25.0199,=31.9496,=51.6043,=4.6233,=0.9315,=2.1406,=2.8085,=3.2135,=3.9940,=5.4486,=2.1163,=0.8854,=0.8328,=1.2867,=1.4841,=1.8516,=2.9491,=0.0116,=0.1621,=0.0074,=0.0122,=0.0153,=0.0173,=0.0216,=0.0253,=0.1077,=0.0239,=26
="H30178",医疗保健,2013-07-15,=0.0383,=11525.6800,=-0.1509,=39.2517,=0.3695,=19.5848,=32.8016,=45.3008,=65.9652,=123.2936,=2.6172,=0.0025,=2.5190,=3.4018,=5.5744,=7.4864,=12.4381,=4.3140,=0.0008,=4.1521,=5.4105,=6.3554,=8.1023,=14.2518,=0.0153,=0.8400,=0.0029,=0.0041,=0.0057,=0.0149,=0.0219,=0.0196,=0.0653,=0.0216,=553
="930598",稀土产业,2015-03-02,=-0.0144,=3052.0100,=0.0874,=39.2991,=0.4854,=21.1133,=29.2013,=39.7592,=70.9325,=279.2691,=3.4205,=0.9229,=1.4810,=1.9699,=2.3148,=3.0396,=4.3047,=1.6381,=0.7819,=0.6656,=0.9718,=1.1868,=1.6633,=2.2389,=0.0093,=0.8025,=0.0025,=0.0047,=0.0066,=0.0093,=0.0135,=0.0350,=0.0883,=0.0227,=739
="930965",HKC医药C,2017-06-23,=0.0657,=2924.3000,=-0.0977,=39.5497,=0.5576,=18.1989,=25.7205,=32.9639,=72.3443,=6384.2329,=2.4212,=0.3939,=1.4216,=1.9449,=2.7026,=3.7006,=6.9841,=1.4063,=0.5923,=0.7160,=1.0293,=1.3266,=1.7265,=3.7092,=0.0115,=0.5709,=0.0038,=0.0078,=0.0109,=0.0143,=0.0248,,=0.0645,,=156
="931186",中证科技,2019-05-30,=0.0164,=7465,=0.1152,=39.5641,=0.6503,=19.1938,=30.3326,=36.2541,=47.2251,=73.9401,=5.3300,=0.7092,=2.6301,=3.5950,=4.5506,=6.3543,=8.1242,=3.2109,=0.6148,=1.4264,=2.0882,=2.7676,=4.5352,=6.0737,=0.0098,=0.6206,=0.0037,=0.0053,=0.0085,=0.0129,=0.0201,=0.0291,=0.1226,=0.0174,=952
="H30217",医疗器械,2013-07-15,=0.0366,=8328.6300,=-0.1517,=39.6342,=0.5043,=17.1055,=29.5762,=39.4507,=57.2947,=82.8778,=2.5650,=0.0025,=2.4731,=3.2579,=4.8142,=6.6162,=11.6091,=4.6207,=0.0260,=4.1030,=5.3585,=6.0707,=8.2841,=13.3528,=0.0158,=0.8099,=0.0035,=0.0051,=0.0074,=0.0156,=0.0236,=0.0184,=0.0626,=0.0209,=1322
="930662",CS现代农,2015-07-13,=0.0308,=826.2800,=-0.2285,=40.4020,=0.6964,=13.0417,=20.5278,=28.5213,=61.5974,=301.1137,=2.0460,=0.0196,=1.8555,=2.5230,=2.8387,=3.1442,=4.3308,=0.9034,=0.0274,=0.8273,=1.0204,=1.1687,=1.5521,=2.1026,=0.0268,=0.9743,=0.0046,=0.0098,=0.0128,=0.0163,=0.0291,=-0.0091,=0.0850,=0.0345,=49
="399326",成长40,2006-01-24,=0.0085,=9847.0600,=0.5466,=40.4262,=0.8631,=11.4413,=22.5069,=27.7029,=32.5598,=67.8360,=8.0031,=0.9340,=2.3502,=3.7081,=4.7246,=6.4506,=10.3842,=4.6522,=0.9674,=1.6605,=2.3239,=3.0547,=3.9227,=5.1844,=0.0078,=0.2256,=0.0046,=0.0073,=0.0096,=0.0135,=0.0218,=0.0646,=0.2161,=0.0378,=275
="930771",CS新能源,2015-12-16,=0.0038,=2789.4200,=0.0362,=40.4551,=0.6503,=11.2377,=23.2417,=34.4203,=45.1010,=62.8342,=2.9970,=0.5501,=1.7615,=2.1627,=2.8795,=3.9071,=7.2156,=2.5883,=0.6411,=1.2791,=1.6708,=2.2109,=3.0958,=6.6822,=0.0115,=0.6659,=0.0028,=0.0057,=0.0092,=0.0156,=0.0247,=0.0221,=0.0668,=0.0165,=32
="399808",中证新能,2015-02-10,=0.0079,=2857.5600,=0.0151,=40.4551,=0.5744,=11.2377,=23.4990,=36.7531,=46.2317,=62.8342,=2.9970,=0.5340,=1.7615,=2.1712,=2.9336,=3.8504,=7.2277,=2.5883,=0.6544,=1.2791,=1.6778,=2.2576,=3.0254,=6.6822,=0.0115,=0.6804,=0.0029,=0.0058,=0.0088,=0.0152,=0.0247,=0.0221,=0.0668,=0.0165,=1305
="399088",深创100,2020-02-18,=0.0031,=6104.8300,=0.2094,=40.5789,=0.8235,=15.3025,=21.8970,=26.8638,=38.5188,=56.8187,=5.7331,=0.9295,=2.2889,=3.2886,=4.0560,=5.3806,=6.8856,=3.8272,=0.8269,=1.4223,=1.9766,=2.4554,=3.7532,=5.1281,=0.0084,=0.1580,=0.0058,=0.0087,=0.0130,=0.0164,=0.0258,=0.0356,=0.1522,=0.0358,=73
="HSIDI",恒生创新药指数,2023-01-01,=0.0772,=2300.8200,=-0.1459,=40.8848,=0.1404,=21.3081,=45.6270,=54.9504,=106.9974,=157.2991,=3.2043,=0.6994,=1.7148,=2.1306,=2.6756,=3.9566,=5.1867,=2.8468,=0.7123,=1.5892,=1.8303,=2.3053,=3.4132,=4.4669,=0.0093,=0.2737,=0.0053,=0.0079,=0.0124,=0.0144,=0.0173,,=0.1004,,=237
="HSSCID",恒生港股通创新药指数,2023-07-01,=0.0709,=2684.9700,=-0.1511,=40.8848,=0.3033,=20.9262,=38.7907,=44.3553,=61.2315,=216.1774,=3.2043,=0.6885,=1.6870,=2.0123,=2.5680,=4.1013,=5.1867,=2.8468,=0.6667,=1.6002,=1.8771,=2.4345,=3.5503,=4.4669,=0.0093,=0.2992,=0.0053,=0.0075,=0.0123,=0.0152,=0.0187,,=0.1004,,=113
="000905",中证500,2007-01-15,=0.0135,=8821.0900,=0.1816,=41.1714,=0.9196,=15.7028,=21.2812,=25.5686,=33.2821,=51.1137,=2.7577,=0.8994,=1.3824,=1.7164,=1.9211,=2.4571,=3.1031,=1.9226,=0.9167,=0.8118,=1.0305,=1.1724,=1.6058,=2.2608,=0.0114,=0.1971,=0.0064,=0.0114,=0.0141,=0.0185,=0.0237,=0.0210,=0.0620,=0.0169,=38119
="000982",500等权,2011-06-13,=0.0138,=9687.1900,=0.0732,=41.1714,=0.9196,=15.7028,=21.2829,=25.5686,=33.2821,=51.1137,=2.7577,=0.8994,=1.3824,=1.7163,=1.9213,=2.4571,=3.1031,=1.9226,=0.9167,=0.8118,=1.0305,=1.1724,=1.6050,=2.2608,=0.0114,=0.1843,=0.0064,=0.0117,=0.0143,=0.0184,=0.0237,=0.0210,=0.0620,=0.0169,=33
="1000011",A股非金融,1994-01-10,,,,=41.2787,=0.9472,=17.5718,=25.5269,=28.6060,=37.6937,=43.6945,=2.7238,=0.8264,=1.6561,=2.0403,=2.3286,=2.6978,=2.9749,=1.7134,=0.9480,=0.9476,=1.1421,=1.3066,=1.5726,=1.8156,=0.0144,=0.3814,=0.0087,=0.0120,=0.0160,=0.0192,=0.0256,=0.0205,=0.0612,=0.0189,=809
="399101",中小综指,2005-12-01,=-0.0061,=15498.6800,=0.0655,=41.4132,=0.5464,=22.7937,=34.4929,=40.6761,=46.8143,=65.2068,=2.8730,=0.5431,=1.7151,=2.3689,=2.8047,=3.4309,=4.7418,=1.9576,=0.4627,=1.1654,=1.6542,=2.0116,=2.5923,=3.9938,=0.0115,=0.6165,=0.0054,=0.0082,=0.0107,=0.0134,=0.0200,=0.0208,=0.0674,=0.0195,=25
="399996",智能家居,2014-09-17,=-0.0011,=5518.6100,=0.2004,=41.4311,=0.9579,=17.5405,=23.3761,=27.7580,=33.6797,=47.8369,=5.1615,=0.9992,=2.2523,=2.8549,=3.4652,=4.1096,=5.2863,=2.6683,=0.9959,=1.0942,=1.4673,=1.7629,=2.0770,=2.7965,=0.0118,=0.3530,=0.0087,=0.0107,=0.0141,=0.0175,=0.0235,=0.0273,=0.1118,=0.0260,=206
="931783",智能驾驶,2022-02-21,=-0.0117,=1380.7500,=-0.0801,=41.4814,=0.2831,=31.9944,=40.1550,=46.7241,=69.4612,=98.5983,=3.4291,=0.2936,=2.5981,=3.3342,=3.5698,=3.9674,=4.9384,=1.8703,=0.3939,=1.3276,=1.7252,=1.9350,=2.1230,=2.7953,=0.0084,=0.8589,=0.0048,=0.0063,=0.0071,=0.0081,=0.0097,=0.0149,=0.0928,=0.0256,=14
="1000012",中小板全指,2005-12-01,=-0.0061,=15498.6800,=0.0655,=41.5989,=0.5204,=22.6352,=35.3655,=41.2978,=48.4716,=73.8161,=2.8871,=0.5423,=1.7125,=2.3729,=2.8159,=3.4579,=4.7425,=1.9293,=0.4565,=1.1448,=1.6386,=1.9939,=2.5847,=3.9859,=0.0114,=0.6091,=0.0054,=0.0080,=0.0107,=0.0134,=0.0200,=0.0209,=0.0671,=0.0194,=566
="399316",巨潮小盘,2005-02-03,=0.0113,=6969.0100,=0.1590,=41.8620,=0.8487,=17.4883,=24.6121,=29.2581,=38.1914,=58.4724,=2.3722,=0.7654,=1.3049,=1.7086,=1.9640,=2.4372,=3.2926,=1.5012,=0.7303,=0.7478,=1.0120,=1.2294,=1.6599,=2.5740,=0.0130,=0.5406,=0.0061,=0.0101,=0.0127,=0.0162,=0.0214,=0.0167,=0.0444,=0.0142,=22
="000171",新兴成指,2017-01-25,=0.0108,=2786.8800,=0.5104,=41.8843,=0.8818,=15.0335,=20.2966,=24.7296,=35.9336,=63.8139,=6.3065,=0.8000,=2.6324,=3.2812,=4.3493,=6.3065,=10.8185,=5.4431,=0.9339,=1.3680,=2.1154,=2.7736,=4.3384,=8.5894,=0.0100,=0.3624,=0.0042,=0.0071,=0.0127,=0.0196,=0.0271,=0.0336,=0.1371,=0.0326,=205
="930712",CS物联网,2015-07-31,=0.0144,=5720.3600,=0.3716,=41.9852,=0.9423,=21.9217,=27.4652,=32.4305,=37.3514,=50.1215,=5.9272,=0.9303,=2.7515,=3.4472,=4.0807,=4.9397,=7.1882,=3.1091,=0.9720,=1.2084,=1.7388,=2.0107,=2.4340,=3.5102,=0.0108,=0.4276,=0.0070,=0.0089,=0.0112,=0.0139,=0.0190,=0.0346,=0.1340,=0.0303,=164
="000962",中证中游,2010-04-16,=0.0104,=6448.2600,=0.3682,=42.0006,=0.9988,=12.7529,=17.3536,=20.1642,=27.2879,=43.1452,=3.9727,=0.9988,=1.5782,=1.9009,=2.2429,=2.5880,=4.0761,=1.9571,=0.9988,=0.6672,=0.8352,=0.9874,=1.1354,=2.0105,=0.0093,=0.0503,=0.0081,=0.0106,=0.0151,=0.0183,=0.0221,=0.0222,=0.0826,=0.0192,=15
="399295",创价值,2019-01-23,=0.0160,=5794.4900,=0.0738,=42.2460,=0.5278,=20.8863,=26.6387,=40.0407,=56.8127,=73.8741,=8.1745,=0.7108,=3.7254,=4.6003,=5.8396,=8.9949,=11.5385,=6.0507,=0.6246,=2.5684,=3.4840,=5.3953,=9.1436,=12.8251,=0.0097,=0.6296,=0.0033,=0.0050,=0.0071,=0.0151,=0.0218,=0.0387,=0.1758,=0.0398,=611
="931409",SHS创新药,2020-02-20,=0.0728,=2037.7000,=-0.0337,=42.4749,=0.6164,=24.9819,=34.5277,=39.5628,=59.3366,=94.9889,=4.1479,=0.5106,=2.3431,=3.2753,=4.1094,=6.4264,=8.9149,=6.1797,=0.7435,=2.2896,=3.1929,=4.0227,=6.5342,=8.2645,=0.0092,=0.5996,=0.0036,=0.0052,=0.0084,=0.0114,=0.0166,,=0.0994,,=308
="987018",港股通创新药,2021-11-18,,,=-0.1932,=42.5767,=0.3871,=22.9379,=35.6454,=50.5830,=95.8861,=537.2167,=3.4797,=0.6236,=1.6768,=2.3041,=3.2271,=4.1583,=6.0885,=5.1627,=0.4641,=2.6005,=3.5344,=5.2930,=7.0966,=12.1954,=0.0087,=0.6422,=0.0023,=0.0055,=0.0071,=0.0143,=0.0182,,=0.0844,,=318
="931688",中证算力,2022-07-21,=0.0033,=5126.7300,=0.6311,=42.6419,=0.9908,=18.0036,=20.7426,=23.6680,=32.0921,=44.9091,=4.5365,=0.9921,=1.6529,=1.8964,=2.2647,=3.3131,=4.7747,=3.2013,=0.9921,=1.3731,=1.5906,=1.8046,=2.4517,=3.3716,=0.0138,=0.0092,=0.0131,=0.0193,=0.0263,=0.0300,=0.0338,=0.0245,=0.1011,=0.0224,=104
="399625",中创500,2011-08-15,=0.0003,=2940.2500,=0.2067,=42.6772,=0.8627,=20.4615,=28.9847,=35.6912,=41.1112,=52.5750,=4.2641,=0.7744,=2.1192,=2.8827,=3.5469,=4.3319,=5.2667,=3.0391,=0.6532,=1.4713,=2.0764,=2.6286,=3.4467,=4.5526,=0.0095,=0.5414,=0.0057,=0.0071,=0.0093,=0.0124,=0.0196,=0.0265,=0.0951,=0.0239,=164
="399276",创科技,2020-10-26,=0.0134,=10379.9200,=0.2808,=43.5637,=0.6590,=20.4624,=26.4604,=37.8095,=58.6839,=84.1667,=8.0301,=0.7746,=3.5855,=4.4252,=5.7886,=8.6259,=12.0896,=6.1895,=0.7157,=2.4145,=3.2904,=4.7238,=8.8519,=12.2359,=0.0093,=0.5239,=0.0023,=0.0035,=0.0083,=0.0162,=0.0221,=0.0430,=0.1724,=0.0380,=11
="H30597",新材料,2015-02-13,=0.0278,=5659.6800,=0.3643,=44.1585,=0.7951,=14.0729,=21.7626,=33.2772,=44.3454,=77.0759,=4.6032,=0.7678,=2.1817,=2.8826,=3.6702,=5.2685,=8.9168,=3.1183,=0.6548,=1.2938,=2.0086,=2.7587,=3.7927,=7.1680,=0.0106,=0.5113,=0.0037,=0.0058,=0.0101,=0.0146,=0.0237,=0.0294,=0.0908,=0.0200,=314
="399364",消费100,2009-08-03,=0.0112,=14611.2000,=0.3536,=44.3866,=0.9868,=15.8540,=22.4817,=26.6081,=34.1741,=49.3766,=6.0185,=0.9580,=2.6561,=3.2957,=3.7590,=4.7123,=7.3266,=3.0190,=0.8660,=1.3127,=1.6597,=1.9075,=2.4782,=4.2956,=0.0107,=0.1385,=0.0070,=0.0116,=0.0161,=0.0191,=0.0241,=0.0306,=0.1191,=0.0345,=312
="399959",军工指数,2011-08-30,=-0.0036,=1600.4100,=-0.1185,=45.4523,=0.0977,=34.5950,=50.6862,=60.7525,=73.2153,=167.2472,=2.8393,=0.2572,=2.0269,=2.6530,=3.2597,=4.0357,=5.9912,=2.5182,=0.0787,=2.1044,=2.6991,=3.3145,=3.8912,=5.2606,=0.0070,=0.8446,=0.0021,=0.0029,=0.0038,=0.0065,=0.0095,=0.0143,=0.0591,=0.0108,=6
="399363",云科技,2009-08-03,=0.0091,=16534.9200,=0.7697,=45.4807,=0.6672,=25.0041,=36.0760,=41.7088,=49.1760,=74.9161,=5.1226,=0.7006,=3.0187,=3.9521,=4.6682,=5.5556,=10.4646,=3.5099,=0.6792,=1.6015,=2.2265,=3.0703,=3.7338,=4.5396,=0.0121,=0.9200,=0.0046,=0.0054,=0.0069,=0.0102,=0.0159,=0.0491,=0.1469,=0.0254,=285
="931590",500成长创新,2020-11-09,=0.0156,=31860.3400,=0.1732,=45.6544,=0.9993,=14.5054,=17.7706,=20.2052,=26.9897,=46.1699,=5.2551,=0.9993,=1.6442,=2.3227,=2.6481,=3.2773,=5.3016,=5.4222,=0.9993,=1.3106,=1.9757,=2.2785,=2.6856,=5.4834,=0.0076,=0.0007,=0.0075,=0.0130,=0.0172,=0.0211,=0.0252,=0.0292,=0.1277,=0.0317,=90
="399667",创业成长,2013-01-07,=0.0092,=8138.0700,=0.4725,=46.2001,=0.7563,=21.3636,=29.5830,=38.5910,=51.7989,=90.9628,=8.5587,=0.8788,=2.9224,=4.0916,=4.8759,=7.4522,=10.8589,=6.6866,=0.7847,=2.4713,=3.4035,=4.6724,=6.8412,=10.3001,=0.0073,=0.6161,=0.0027,=0.0042,=0.0062,=0.0096,=0.0182,=0.0481,=0.1635,=0.0355,=89
="399293",创业大盘,2019-04-18,=-0.0019,=8461.5100,=0.3057,=46.3884,=0.6475,=20.6573,=29.4683,=41.2600,=54.3271,=71.9327,=8.3513,=0.7314,=3.4452,=4.7115,=6.2421,=9.2340,=13.4901,=5.9063,=0.5718,=2.8408,=4.0045,=5.6740,=9.9239,=14.8309,=0.0078,=0.5965,=0.0029,=0.0046,=0.0072,=0.0121,=0.0196,=0.0411,=0.1554,=0.0377,=180
="399673",创业板50,2014-06-18,=0.0017,=4496.2300,=0.3262,=46.7787,=0.6458,=20.6075,=30.6784,=42.5432,=57.2898,=106.7499,=8.4734,=0.8441,=3.1473,=4.3234,=5.2416,=7.5009,=11.7288,=6.3270,=0.7010,=2.6907,=4.1383,=5.4999,=7.7442,=13.3154,=0.0074,=0.7134,=0.0021,=0.0036,=0.0049,=0.0094,=0.0190,=0.0447,=0.1569,=0.0355,=5522
="931152",CS创新药,2019-04-22,=0.0814,=1839.8900,=-0.0287,=46.8565,=0.6416,=27.6044,=36.6706,=43.1339,=53.1833,=74.6844,=3.9661,=0.4342,=2.5551,=3.3407,=4.1838,=5.9508,=8.7449,=5.6326,=0.8030,=2.2436,=2.9141,=3.4055,=5.6096,=9.4897,=0.0102,=0.7731,=0.0040,=0.0058,=0.0085,=0.0105,=0.0150,=0.0271,=0.0786,=0.0224,=1889
="931159",创新100,2019-05-16,=0.0346,=4807.1200,=0.4135,=46.8845,=0.8192,=24.8309,=32.2849,=36.1711,=46.3704,=59.7307,=6.4829,=0.9200,=2.9189,=3.6914,=4.3729,=5.5421,=7.4325,=5.3828,=0.9085,=2.3351,=3.1623,=3.7866,=4.8594,=6.6085,=0.0081,=0.3795,=0.0044,=0.0062,=0.0088,=0.0127,=0.0177,=0.0278,=0.1244,=0.0278,=229
="399285",物联网50,2020-02-18,=0.0017,=8846.3400,=0.4005,=46.9210,=0.9815,=21.8675,=26.4039,=31.4788,=38.3152,=48.9860,=6.6363,=0.9986,=2.6765,=3.4083,=4.0126,=5.3024,=6.7285,=4.2128,=0.9959,=1.7407,=2.0180,=2.4216,=3.1122,=4.3982,=0.0097,=0.2182,=0.0076,=0.0096,=0.0122,=0.0148,=0.0214,=0.0353,=0.1364,=0.0304,=93
="931718",高端造质量成长50,2021-08-25,=0.0163,=4105.3300,=0.4206,=47.2849,=0.9932,=16.3078,=22.0683,=28.8167,=36.6366,=49.4696,=8.2348,=0.9983,=3.1255,=3.9278,=4.8224,=5.9182,=8.4351,=5.5004,=0.9983,=1.7207,=2.2443,=2.9457,=3.7244,=5.6342,=0.0077,=0.2926,=0.0046,=0.0066,=0.0110,=0.0151,=0.0205,=0.0328,=0.1450,=0.0326,=28
="930986",金融科技,2017-06-22,=-0.0123,=2254.7700,=-0.2776,=47.5096,=0.3346,=32.2484,=43.0001,=55.6949,=81.5721,=257.1796,=4.2922,=0.3254,=2.5474,=4.0196,=4.6917,=5.8206,=7.7786,=5.9072,=0.6883,=2.9625,=3.8731,=4.7544,=7.0090,=9.8281,=0.0083,=0.9100,=0.0040,=0.0051,=0.0059,=0.0072,=0.0120,=0.0192,=0.0872,=0.0151,=257
="399315",巨潮中盘,2005-02-03,=0.0085,=5748.0100,=0.2077,=48.3909,=0.9988,=14.3715,=18.4227,=22.9154,=29.8424,=49.3930,=2.9682,=0.9988,=1.5252,=1.8923,=2.1501,=2.5864,=3.0244,=2.3094,=0.9988,=0.8408,=1.2254,=1.4278,=1.6511,=2.3572,=0.0109,=0.1715,=0.0082,=0.0115,=0.0158,=0.0221,=0.0288,=0.0239,=0.0707,=0.0202,=20
="980015",疫苗生科,2015-02-16,=0.0674,=5440.6200,=-0.1345,=48.4593,=0.6851,=24.1714,=31.1730,=42.6286,=53.6220,=80.8207,=3.6321,=0.2463,=2.9980,=3.5718,=4.1314,=6.7832,=11.0606,=6.3357,=0.4963,=4.5746,=5.4840,=6.3671,=9.2973,=15.0694,=0.0105,=0.5694,=0.0026,=0.0052,=0.0099,=0.0133,=0.0175,=0.0223,=0.0693,=0.0219,=72
="930651",CS计算机,2015-06-05,=0.0111,=7891.1900,=0.0177,=48.7359,=0.3229,=33.6687,=44.3942,=56.6138,=67.2310,=115.0591,=5.0152,=0.7501,=2.6283,=3.7942,=4.3706,=5.1154,=6.5144,=3.0486,=0.2870,=2.0877,=2.9117,=3.6265,=4.3012,=5.6880,=0.0093,=0.8487,=0.0027,=0.0059,=0.0070,=0.0090,=0.0156,=0.0244,=0.0892,=0.0073,=649
="899050",北证50,2022-11-21,=-0.0327,=1225.4800,=-0.1492,=48.8167,=0.5522,=15.5447,=18.4004,=31.7350,=63.4198,=91.3357,=4.2685,=0.5832,=2.0170,=2.4290,=2.9684,=4.9764,=5.6723,=3.6206,=0.5832,=1.3969,=1.7061,=2.0875,=4.2595,=5.1557,=0.0086,=0.3754,=0.0062,=0.0075,=0.0117,=0.0147,=0.0185,=0.0174,=0.0675,=-0.0021,=756
="931447",科技先锋,2020-04-21,=0.0160,=3684.6400,=0.1940,=50.1036,=0.8251,=19.0346,=27.2948,=36.9087,=47.8903,=82.3567,=6.1651,=0.7230,=2.7045,=3.4073,=4.2967,=6.7219,=10.6025,=3.3425,=0.7096,=1.4804,=1.9112,=2.4122,=3.7157,=7.0848,=0.0080,=0.3211,=0.0033,=0.0054,=0.0098,=0.0136,=0.0196,=0.0256,=0.0990,=0.0202,=19
="1000003",深圳A股,1994-01-01,=-0.0012,=2782.8000,=0.0995,=50.2410,=0.9039,=20.1337,=32.6807,=37.4310,=46.9703,=60.3260,=3.0741,=0.6907,=1.7026,=2.2996,=2.6855,=3.2345,=3.9166,=2.2228,=0.6759,=1.2021,=1.6469,=1.9189,=2.3846,=3.2018,=0.0113,=0.4342,=0.0070,=0.0090,=0.0117,=0.0136,=0.0208,=0.0203,=0.0553,=0.0180,=1822
="000998",中证TMT,2011-11-08,=0.0144,=4255.9100,=0.4473,=51.4352,=0.9777,=18.9989,=27.6163,=34.6442,=43.6660,=58.6698,=5.4815,=0.9992,=1.9674,=2.4618,=3.2922,=3.9879,=5.6466,=3.8633,=0.9996,=1.2505,=1.8092,=2.1803,=2.6150,=3.9821,=0.0097,=0.5348,=0.0048,=0.0067,=0.0089,=0.0185,=0.0284,=0.0233,=0.0900,=0.0196,=556
="000852",中证1000,2014-10-17,=-0.0004,=8597.8900,=0.1320,=51.4701,=0.8647,=18.9344,=30.9274,=37.8109,=48.0591,=81.8025,=2.7362,=0.7118,=1.4880,=2.1060,=2.4394,=2.9283,=4.2563,=1.9400,=0.7967,=0.9250,=1.3827,=1.5867,=1.9477,=3.5402,=0.0096,=0.3724,=0.0038,=0.0080,=0.0106,=0.0125,=0.0194,=0.0158,=0.0499,=0.0155,=7356
="399803",工业4.0,2015-02-13,=0.0074,=7471.0900,=0.3889,=51.5222,=0.8713,=19.7294,=27.9595,=36.1500,=47.6449,=61.8732,=5.9841,=0.8396,=2.6645,=3.4308,=4.3466,=5.6316,=8.0266,=2.8848,=0.6186,=1.5023,=2.0108,=2.5353,=3.2518,=4.8981,=0.0077,=0.4309,=0.0032,=0.0061,=0.0087,=0.0123,=0.0202,=0.0258,=0.1072,=0.0218,=484
="930606",中证钢铁,2015-03-31,=0.0049,=905.5800,=-0.2226,=51.8770,=0.7361,=5.9346,=9.2015,=19.0117,=66.9677,=77593.1899,=0.9319,=0.2330,=0.7076,=0.9198,=1.0587,=1.3536,=2.0450,=0.4427,=0.4672,=0.2931,=0.3819,=0.4571,=0.6166,=1.2948,=0.0253,=0.4854,=0.0018,=0.0161,=0.0255,=0.0409,=0.0542,=0.0020,=0.0221,=0.0071,=768
="931480",线上消费,2020-05-06,=0.0129,=684.6900,=-0.1860,=52.4883,=0.3517,=33.5813,=47.7454,=66.6705,=96.6183,=132.5169,=2.8930,=0.3872,=1.9483,=2.5092,=3.0958,=3.7000,=5.0305,=2.9198,=0.8081,=1.1811,=1.5057,=1.8204,=2.8866,=4.8094,=0.0101,=0.8530,=0.0051,=0.0066,=0.0084,=0.0097,=0.0133,=0.0131,=0.0458,=0.0190,=73
="399006",创业板指,2010-06-01,=0.0054,=4216.7000,=0.3164,=53.2064,=0.7431,=22.8885,=32.3387,=42.0386,=55.4747,=79.6826,=7.3839,=0.8495,=3.0035,=4.0151,=4.8501,=6.5568,=9.5804,=5.2538,=0.6495,=2.3312,=3.4103,=4.5405,=6.4116,=8.4805,=0.0074,=0.6577,=0.0032,=0.0048,=0.0063,=0.0098,=0.0180,=0.0369,=0.1330,=0.0313,=16579
="399441",生物医药,2015-01-20,=0.0798,=2011.4800,=-0.0627,=53.3608,=0.6689,=21.8350,=32.3563,=47.7085,=64.4857,=119.0737,=3.2510,=0.1728,=2.3073,=3.3468,=6.3406,=7.8152,=13.6606,=6.2410,=0.2412,=3.6424,=5.8657,=9.4802,=14.0114,=21.5399,=0.0109,=0.8103,=0.0024,=0.0040,=0.0063,=0.0108,=0.0164,=0.0194,=0.0565,=0.0192,=1675
="931785",智选沪深港科技50,2025-06-27,=0.0224,=3141.9200,=0.3174,=54.1412,=1,=31.7791,=34.9237,=37.0513,=39.4915,=54.1412,=6.0612,=1,=3.8679,=4.3417,=4.7925,=5.3769,=6.0612,=3.9837,=1,=2.2695,=2.6002,=2.9622,=3.4429,=3.9837,=0.0047,=0,=0.0047,=0.0074,=0.0081,=0.0091,=0.0100,,,,=10
="930726",CS生医,2015-08-05,=0.0762,=2345.4900,=-0.0396,=54.6780,=0.6738,=24.4874,=31.9329,=48.5520,=62.2723,=107.1179,=4.4332,=0.2058,=3.1768,=4.4100,=6.8687,=8.5259,=14.2976,=7.8573,=0.3241,=4.8871,=6.8186,=9.9250,=12.5690,=19.9452,=0.0086,=0.6144,=0.0026,=0.0038,=0.0058,=0.0114,=0.0204,=0.0287,=0.0766,=0.0261,=835
="399296",创成长,2019-01-23,=-0.0054,=10110.8500,=0.6223,=54.7185,=0.6935,=22.4911,=30.8724,=43.5086,=64.0612,=104.6935,=11.6658,=0.8498,=3.9463,=4.9280,=6.9571,=10.6903,=14.9802,=7.2708,=0.6824,=2.5417,=3.4605,=5.8413,=11.9499,=17.3385,=0.0058,=0.4744,=0.0016,=0.0027,=0.0060,=0.0106,=0.0200,=0.0584,=0.2040,=0.0396,=1072
="930743",中证生科,2015-08-26,=0.0718,=3048.5900,=-0.0742,=55.0028,=0.6973,=24.0733,=39.5208,=50.0745,=59.8284,=100.3520,=3.7241,=0.1608,=2.9526,=3.8654,=6.1560,=8.0612,=14.6705,=6.4972,=0.2561,=4.7455,=6.2659,=8.7580,=12.4379,=18.8359,=0.0092,=0.6837,=0.0025,=0.0045,=0.0060,=0.0106,=0.0169,=0.0226,=0.0618,=0.0204,=1221
="399291",创精选88,2019-11-06,=0.0038,=5554.4600,=0.2158,=55.4131,=0.5446,=32.8940,=42.1602,=54.3670,=65.3084,=106.4385,=3.7010,=0.7141,=1.8895,=2.8586,=3.4054,=3.9397,=4.9331,=4.0390,=0.7236,=1.9655,=2.6249,=3.1036,=4.2943,=5.5728,=0.0084,=0.7109,=0.0042,=0.0051,=0.0072,=0.0092,=0.0134,=0.0173,=0.0556,=0.0131,=39
="930599",中证高装,2015-03-02,=0.0090,=11790.3600,=0.3989,=55.6227,=0.9324,=19.5438,=27.7467,=34.6585,=45.5330,=65.7817,=5.3941,=0.9988,=1.8509,=2.5592,=3.1126,=3.6890,=5.5512,=3.0538,=0.9988,=1.2322,=1.6106,=1.9489,=2.4252,=3.1444,=0.0071,=0.2862,=0.0049,=0.0067,=0.0092,=0.0120,=0.0171,=0.0227,=0.0865,=0.0192,=117
="399624",中创400,2011-08-15,=0.0025,=3042.7400,=0.1835,=56.3824,=0.9200,=22.4097,=32.9060,=40.4838,=48.7013,=82.4491,=3.4784,=0.8243,=1.6720,=2.4135,=2.8490,=3.4152,=5.3458,=2.7977,=0.8462,=1.2865,=1.8978,=2.2295,=2.7022,=4.6386,=0.0086,=0.3687,=0.0036,=0.0072,=0.0095,=0.0111,=0.0184,=0.0199,=0.0651,=0.0174,=229
="399012",创业300,2013-01-07,=0.0035,=5719.9900,=0.2678,=57.0477,=0.6742,=26.6250,=38.0630,=47.6422,=65.0766,=93.5585,=6.1932,=0.8771,=2.5798,=3.6214,=4.3426,=5.6846,=7.5462,=4.8118,=0.6569,=2.2146,=3.3208,=4.2732,=6.0485,=8.5632,=0.0073,=0.6779,=0.0033,=0.0045,=0.0060,=0.0090,=0.0164,=0.0308,=0.1020,=0.0249,=2
="930820",CS高端制,2016-05-11,=0.0126,=11460.2300,=0.3536,=57.0648,=0.9992,=21.5994,=28.9923,=36.5742,=42.8907,=58.3246,=5.0828,=0.9992,=2.0597,=2.7148,=3.1883,=3.8729,=5.1915,=3.2601,=0.9992,=1.1980,=1.7166,=2.0514,=2.4782,=3.3321,=0.0071,=0.1155,=0.0055,=0.0082,=0.0098,=0.0124,=0.0171,=0.0220,=0.0816,=0.0186,=310
="931380",科技50,2019-11-25,=0.0335,=4920.5800,=0.5574,=57.1482,=0.8202,=22.4426,=31.2139,=45.9836,=56.6455,=71.9143,=7.3275,=0.7914,=2.7627,=3.8698,=5.4045,=7.3648,=9.9144,=6.3712,=0.9405,=2.1802,=3.0581,=4.0877,=5.6270,=7.7525,=0.0073,=0.4511,=0.0035,=0.0050,=0.0076,=0.0104,=0.0163,=0.0253,=0.0951,=0.0118,=946
="399610",TMT50,2010-11-08,=-0.0011,=14507.6900,=0.5141,=57.4173,=0.9819,=21.0331,=30.1605,=38.0622,=46.4590,=64.7172,=8.1080,=0.9979,=2.4071,=3.2240,=4.0363,=5.1468,=8.4969,=4.3025,=0.9555,=1.5843,=2.0120,=2.7280,=3.7049,=4.9386,=0.0055,=0.0685,=0.0046,=0.0061,=0.0080,=0.0121,=0.0161,=0.0296,=0.1080,=0.0206,=521
="930821",中证VR,2016-05-11,=-0.0191,=4018.4300,=0.2585,=57.5581,=0.8207,=17.6816,=31.7819,=43.1497,=55.9117,=175.0572,=4.1106,=0.8175,=1.7358,=2.3315,=2.8670,=4.0815,=5.0269,=2.3435,=0.6776,=1.1117,=1.4752,=1.9114,=2.8849,=3.7313,=0.0065,=0.0756,=0.0056,=0.0075,=0.0091,=0.0117,=0.0177,=0.0113,=0.0443,=0.0138,=146
="399303",国证2000,2014-03-28,=-0.0024,=11062.3300,=0.1111,=57.6479,=0.8359,=23.3937,=36.3012,=42.0166,=53.4533,=96.7185,=2.7696,=0.8012,=1.4941,=2.0787,=2.2975,=2.7662,=4.2105,=2.1173,=0.7992,=1.0643,=1.3926,=1.5530,=2.1203,=3.4322,=0.0092,=0.2920,=0.0040,=0.0085,=0.0104,=0.0118,=0.0187,=0.0140,=0.0453,=0.0143,=719
="000958",创业成长,2010-03-24,=-0.0095,=2267.4500,=0.4146,=57.6915,=0.9971,=11.9506,=17.5032,=24.3293,=30.6864,=61.3899,=13.6942,=0.9971,=2.6815,=3.7899,=5.1668,=6.3626,=14.5711,=7.2796,=0.9971,=1.2937,=1.9105,=2.5442,=3.9715,=7.7463,=0.0045,=0.0169,=0.0040,=0.0067,=0.0090,=0.0140,=0.0209,=0.0493,=0.2198,=0.0640,=666
="399970",移动互联,2014-05-05,=0.0093,=5794.6900,=0.2989,=58.3538,=0.9781,=21.2604,=32.0602,=40.2094,=49.4546,=64.0807,=6.0127,=0.8590,=2.3944,=3.2977,=4.0649,=5.6920,=7.9573,=3.3630,=0.8161,=1.5790,=2.0679,=2.5539,=3.2919,=4.6665,=0.0065,=0.3027,=0.0043,=0.0057,=0.0082,=0.0107,=0.0143,=0.0246,=0.0808,=0.0175,=469
="399994",信息安全,2015-03-12,=-0.0018,=1586.4900,=-0.1298,=58.6297,=0.3649,=35.0629,=52.8789,=67.0359,=85.7906,=183.5630,=3.4084,=0.2280,=2.3256,=3.3603,=3.8757,=4.5456,=6.2767,=2.5516,=0.0462,=2.1829,=2.8839,=3.2584,=3.8339,=5.1182,=0.0122,=0.9443,=0.0023,=0.0036,=0.0057,=0.0094,=0.0172,=0.0078,=0.0539,=0.0040,=87
="931066",军工龙头,2018-02-05,=0.0035,=2913.7700,=-0.1566,=59.2985,=0.8583,=29.1719,=34.9604,=42.8362,=52.4372,=100.5281,=3.2228,=0.2402,=2.2914,=3.1491,=3.6874,=4.6176,=6.9932,=2.8755,=0.2352,=2.1745,=2.8230,=3.4470,=4.1882,=5.8746,=0.0057,=0.0344,=0.0050,=0.0064,=0.0077,=0.0093,=0.0116,=0.0067,=0.0495,=0.0098,=1068
="930707",中证畜牧,2015-07-13,=0.0315,=1724.8000,=-0.2186,=60.1806,=0.7138,=11.3375,=17.7937,=26.8852,=113.3570,=237.1331,=2.0971,=0.0045,=1.9910,=2.6837,=3.3037,=4.2427,=5.8838,=0.8672,=0.0128,=0.8185,=1.0383,=1.4306,=2.0938,=2.9452,=0.0271,=0.9476,=0.0033,=0.0094,=0.0142,=0.0208,=0.0303,=-0.0138,=0.0829,=0.0347,=1201
="980022",机器人产业,2015-02-25,=-0.0002,=2494.0600,=-0.0602,=61.1463,=0.8313,=13.7974,=16.6346,=20.2585,=43.7307,=93.9438,=4.9721,=0.8409,=2.5198,=3.0561,=3.6035,=4.7840,=6.2730,=4.1995,=0.8262,=1.0172,=1.2345,=1.4268,=3.7431,=5.9220,=0.0053,=0.1770,=0.0039,=0.0083,=0.0207,=0.0296,=0.0381,=0.0186,=0.0892,=0.0245,=309
="980030",消费电子,2015-02-17,=0.0048,=12035.9400,=0.6565,=62.9452,=0.9985,=18.6467,=31.5932,=38.8790,=47.4582,=64.7560,=6.0506,=0.9985,=2.0026,=2.5933,=2.9984,=4.1934,=6.2247,=3.0070,=0.9634,=1.1413,=1.3968,=1.5739,=2.3416,=3.4515,=0.0050,=0.0455,=0.0040,=0.0067,=0.0083,=0.0111,=0.0143,=0.0190,=0.0648,=0.0154,=384
="H30535",互联网,2015-01-12,=-0.0103,=6774.9500,=0.3972,=63.0370,=0.9967,=14.4753,=20.9033,=35.6534,=48.1953,=67.6313,=8.4488,=0.9975,=1.7453,=2.4475,=3.2362,=4.0336,=9.0568,=4.9061,=0.9975,=1.1519,=1.6628,=1.9770,=2.8468,=5.2637,=0.0052,=0.0037,=0.0048,=0.0075,=0.0109,=0.0121,=0.0190,=0.0359,=0.1165,=0.0168,=26
="H30590",机器人,2015-02-10,=-0.0061,=2046.4100,=0.0724,=63.7186,=0.8177,=24.1742,=42.0198,=50.8648,=63.2553,=89.9138,=5.0307,=0.9249,=2.1765,=2.8831,=3.6950,=4.4056,=6.0751,=4.9649,=0.9546,=1.6011,=2.4247,=3.4042,=4.3037,=5.6179,=0.0063,=0.3946,=0.0045,=0.0055,=0.0069,=0.0079,=0.0128,=0.0149,=0.0720,=0.0144,=888
="950580",上证580,2025-06-16,=0.0029,=2403.8600,=0.2257,=64.2222,=0.2151,=53.7890,=63.5702,=68.3621,=71.7353,=79.6458,=2.6592,=0.8526,=1.8567,=2.2496,=2.3469,=2.6350,=2.8840,=2.0192,=0.8685,=1.5076,=1.7753,=1.9076,=1.9860,=2.1496,=0.0085,=0.2390,=0.0076,=0.0084,=0.0094,=0.0098,=0.0116,=0.0127,=0.0354,,=0
="931009",建筑材料,2013-07-15,=0.0071,=5316.4600,=-0.1533,=64.4558,=0.9736,=8.0662,=10.4007,=14.6537,=25.0262,=95.7816,=0.8492,=0.0128,=0.7557,=1.0155,=1.5096,=1.9936,=2.4800,=0.9374,=0.1730,=0.6904,=0.9624,=1.1625,=1.5175,=2.1670,=0.0280,=0.6398,=0.0085,=0.0227,=0.0260,=0.0309,=0.0487,=-0.0025,=0.0109,=-0.0006,=743
="931165",新兴科技100,2019-04-25,=0.0148,=11436.5500,=0.3439,=65.0109,=0.9994,=17.0055,=23.2761,=29.4780,=39.5116,=66.2620,=13.1825,=0.9994,=3.5721,=4.3364,=5.3663,=7.5669,=13.4356,=11.9760,=0.9994,=3.0368,=3.6494,=4.8399,=6.3135,=12.2064,=0.0049,=0.0006,=0.0048,=0.0070,=0.0093,=0.0150,=0.0264,=0.0515,=0.1919,=0.0378,=520
="399368",国证军工,2009-11-04,=0.0032,=7671.1900,=-0.0999,=65.1307,=0.5336,=38.1822,=54.2867,=63.7416,=78.3589,=107.0849,=3.2010,=0.5951,=2.0244,=2.5859,=3.0404,=3.5626,=4.3940,=3.0913,=0.4408,=1.8459,=2.5701,=3.1965,=3.6960,=4.8014,=0.0053,=0.7559,=0.0025,=0.0032,=0.0044,=0.0056,=0.0080,=0.0129,=0.0477,=0.0081,=12
="399973",中证国防,2014-04-15,=-0.0085,=1707.3800,=-0.0820,=66.2402,=0.7043,=28.8580,=43.6048,=54.2028,=72.5556,=114.4667,=3.6020,=0.5196,=2.3880,=3.0104,=3.5777,=4.9227,=7.7047,=3.2740,=0.3909,=1.9566,=2.7338,=3.8811,=4.5657,=7.1179,=0.0055,=0.6359,=0.0024,=0.0035,=0.0046,=0.0064,=0.0100,=0.0086,=0.0535,=0.0095,=632
="931845",生猪产业,2012-04-11,=0.0309,=1033.3900,=-0.2133,=66.6422,=0.7670,=12.7881,=21.1629,=29.0076,=101.0404,=705.7713,=2.3707,=0.0054,=2.2394,=2.8924,=3.4783,=4.1514,=5.7536,=0.8811,=0.0066,=0.8323,=1.0381,=1.6428,=2.1659,=2.8287,=0.0296,=0.9740,=0.0091,=0.0128,=0.0170,=0.0204,=0.0316,=-0.0154,=0.0788,=0.0361,=163
="930910",农牧渔,2016-12-12,=0.0304,=7671.7200,=-0.2307,=67.4994,=0.7177,=13.2246,=20.8685,=29.6923,=97.0403,=30031.8592,=2.0253,=0.0017,=1.9495,=2.4941,=2.9628,=3.6432,=4.9084,=0.9055,=0.0056,=0.8679,=1.0733,=1.4825,=2.0555,=2.7290,=0.0241,=0.9731,=0.0042,=0.0096,=0.0136,=0.0171,=0.0261,=-0.0088,=0.0664,=0.0304,=14
="931079",5G通信,2019-04-25,=-0.0134,=3406.4600,=0.7670,=67.7556,=0.9942,=21.0709,=27.5867,=33.5153,=44.0112,=103.6981,=9.7187,=0.9960,=2.3623,=3.0363,=3.6068,=5.2487,=10.5199,=3.9091,=0.9960,=1.1916,=1.4877,=1.8736,=2.3259,=4.2354,=0.0049,=0.1226,=0.0036,=0.0056,=0.0084,=0.0121,=0.0152,=0.0389,=0.1398,=0.0276,=2274
="399967",中证军工,2013-12-26,=-0.0042,=12569.3200,=-0.1029,=68.1098,=0.5740,=41.8350,=54.9002,=65.1587,=97.5202,=170.1674,=3.5561,=0.7126,=2.0425,=2.6005,=3.1809,=3.8492,=4.8699,=3.2890,=0.5629,=2.0545,=2.7207,=3.1217,=4.0228,=5.8225,=0.0049,=0.6767,=0.0021,=0.0030,=0.0039,=0.0054,=0.0081,=0.0129,=0.0501,=0.0096,=5941
="931696",科技50策略,2021-07-12,=0.0040,=32249.2900,=0.6010,=68.7849,=0.9992,=23.0047,=27.7868,=33.7554,=43.5437,=71.1142,=10.8651,=0.9983,=3.0567,=3.9130,=4.4487,=7.0499,=11.2281,=6.1530,=0.9817,=1.9010,=2.3620,=2.6613,=4.1409,=6.7093,=0.0043,=0.0008,=0.0042,=0.0066,=0.0098,=0.0123,=0.0167,=0.0396,=0.1271,=0.0285,=13
="930633",中证旅游,2015-05-08,=0.0007,=2246.8100,=-0.3232,=69.0094,=0.4008,=15.8968,=21.8545,=1951.1042,=-51.0196,=11171.4579,=1.9836,=0.0833,=1.6473,=2.1687,=2.3651,=2.8097,=3.6934,=1.0561,=0,=1.0561,=1.3262,=1.6097,=2.5762,=3.7607,=0.0093,=0.7843,=0.0014,=0.0038,=0.0080,=0.0094,=0.0147,=0.0208,=-0.0128,=-0.0016,=609
="931160",通信设备,2013-07-15,=-0.0254,=25898.9100,=0.6752,=69.5018,=0.9043,=19.3231,=27.7990,=36.6958,=54.0815,=91.1971,=11.0610,=0.9959,=2.1520,=2.8712,=3.4260,=3.9732,=12.1269,=3.9685,=0.9959,=0.9706,=1.2833,=1.5072,=2.4398,=4.3558,=0.0052,=0.2153,=0.0028,=0.0049,=0.0077,=0.0150,=0.0221,=0.0428,=0.1280,=0.0276,=1262
="930713",CS人工智,2015-07-31,=0.0148,=7265.2900,=0.3755,=70.2675,=0.9307,=24.8131,=43.8200,=53.2725,=62.6651,=90.1869,=9.8726,=0.9984,=2.8384,=3.9100,=4.7027,=5.4124,=10.2930,=5.8478,=0.9885,=2.3148,=3.1674,=3.7880,=4.3096,=6.3979,=0.0047,=0.1151,=0.0040,=0.0050,=0.0061,=0.0078,=0.0120,=0.0330,=0.1245,=0.0172,=1041
="000915",300信息,2007-07-02,=0.0224,=5117.7200,=0.5744,=72.6327,=0.9996,=20.6178,=34.5626,=39.7258,=47.7891,=74.3043,=8.7212,=0.9992,=2.7398,=3.5399,=4.3483,=5.3726,=8.9219,=4.3190,=0.9142,=1.6744,=2.1697,=3.2147,=4.0934,=4.9963,=0.0052,=0.0033,=0.0049,=0.0061,=0.0077,=0.0100,=0.0144,=0.0247,=0.0971,=0.0166,=19
="931071",人工智能,2018-11-21,=0.0092,=3238.7700,=0.4296,=73.3407,=0.9923,=30.9003,=39.7287,=48.4616,=56.7012,=76.7769,=10.7977,=0.9907,=2.9559,=3.9000,=4.7369,=5.9059,=11.5305,=6.4480,=0.9331,=2.2000,=2.7982,=3.1946,=4.0763,=9.3591,=0.0045,=0.0033,=0.0041,=0.0054,=0.0064,=0.0086,=0.0135,=0.0409,=0.1450,=0.0239,=1336
="930790",CS娱乐TI,2016-03-22,=0.0066,=1119.0900,=-0.2129,=73.6152,=0.7260,=17.3299,=32.7515,=49.1900,=79.7979,=245.3480,=2.2557,=0.2896,=1.6576,=2.1350,=2.5489,=3.1164,=3.8872,=2.4876,=0.0514,=2.2057,=2.7860,=3.2355,=4.0331,=5.0752,=0.0160,=0.8654,=0.0039,=0.0093,=0.0124,=0.0151,=0.0240,=0.0124,=0.0200,=0.0156,=15
="931461",电子50,2009-07-22,=0.0219,=9978.1700,=0.6926,=73.6611,=0.9996,=20.3357,=30.2775,=36.3459,=47.9460,=75.2477,=8.9353,=0.9996,=2.5323,=3.1789,=3.6910,=5.2627,=9.1278,=4.3478,=0.9946,=1.1588,=1.7975,=2.0609,=3.0920,=4.5428,=0.0048,=0.0041,=0.0046,=0.0068,=0.0091,=0.0111,=0.0147,=0.0239,=0.0884,=0.0169,=438
="930875",空天军工,2016-08-17,=-0.0047,=2232.9600,=-0.0771,=73.6660,=0.8030,=27.3832,=45.4754,=55.4976,=73.3858,=98.7933,=4.0339,=0.6268,=2.4052,=3.1548,=3.6213,=4.9432,=7.9650,=3.6259,=0.4860,=2.1274,=2.8908,=3.7046,=4.5317,=7.7673,=0.0049,=0.5944,=0.0022,=0.0032,=0.0040,=0.0069,=0.0106,=0.0090,=0.0567,=0.0104,=103
="931494",消费电子,2020-06-12,=0.0165,=8393.7900,=0.6503,=74.6721,=0.9993,=20.2625,=31.7840,=38.4806,=51.1580,=77.5260,=7.6090,=0.9979,=2.1307,=2.8130,=3.4965,=5.0476,=7.8989,=3.7613,=0.9993,=1.3000,=1.6471,=1.9517,=2.5966,=3.9051,=0.0049,=0.0492,=0.0040,=0.0059,=0.0084,=0.0109,=0.0138,=0.0228,=0.0807,=0.0166,=223
="930850",智能制造,2016-07-20,=0.0237,=7347.0100,=0.5348,=75.3387,=0.9996,=23.4329,=32.6196,=41.4649,=50.0478,=76.5113,=7.3805,=0.9996,=2.5370,=3.5083,=4.1342,=5.0499,=7.4912,=4.4844,=0.8708,=1.5919,=2.3509,=2.7723,=3.5502,=5.3954,=0.0052,=0.0048,=0.0050,=0.0062,=0.0078,=0.0101,=0.0146,=0.0208,=0.0857,=0.0160,=361
="931087",科技龙头,2019-03-20,=0.0251,=8863.5600,=0.6863,=76.1971,=0.9994,=22.2848,=33.6175,=40.4303,=51.6272,=77.2951,=10.9158,=0.9994,=2.8190,=4.2178,=5.2819,=6.4906,=11.0710,=9.5415,=0.9994,=2.0316,=3.3092,=3.9604,=4.9192,=9.6790,=0.0040,=0.0164,=0.0037,=0.0054,=0.0065,=0.0086,=0.0172,=0.0321,=0.1080,=0.0209,=2086
="932088",全指航空,2023-03-23,=-0.0040,=746.8800,=-0.1493,=76.2699,=0.6527,=36.9197,=48.9828,=66.9166,=88.3074,=116.5746,=3.5123,=0.6071,=2.3948,=3.0330,=3.3869,=3.8728,=4.9751,=3.1976,=0.3029,=2.2988,=2.9063,=3.5716,=4.0574,=4.9356,=0.0050,=0.1534,=0.0041,=0.0052,=0.0061,=0.0070,=0.0090,=0.0077,=0.0470,=0.0092,=39
="980080",成长100,2012-12-28,,,=0.6364,=77.4372,=0.9823,=39.4731,=44.7923,=49.5161,=62.5213,=82.4653,=8.7139,=0.9823,=3.0437,=3.6169,=5.5259,=6.7347,=9.2690,=5.5021,=0.9823,=2.0191,=2.4002,=2.9455,=4.4091,=5.8594,=0.0032,=0.0177,=0.0030,=0.0051,=0.0059,=0.0069,=0.0087,=0.0481,=0.1452,=0.0254,=199
="931643",科创创业50,2021-06-01,=0.0219,=3070.2500,=0.5391,=78.2133,=0.9496,=22.6109,=28.5283,=39.9656,=57.6587,=92.9106,=9.9523,=0.9455,=3.3216,=4.1782,=5.1649,=7.0796,=12.1685,=9.1405,=0.8755,=2.7030,=3.4034,=4.6064,=7.0791,=14.6821,=0.0049,=0.3458,=0.0024,=0.0039,=0.0075,=0.0115,=0.0174,=0.0368,=0.1190,=0.0246,=1975
="931469",云计算50,2020-06-12,=-0.0078,=4095.2100,=0.1057,=78.3802,=0.7389,=43.1726,=58.4043,=68.5326,=82.0307,=130.8911,=10.7154,=0.9925,=3.0031,=3.8798,=5.1033,=6.1781,=11.7205,=5.9342,=0.9904,=2.2186,=2.8681,=3.4962,=4.2353,=6.4913,=0.0023,=0.0062,=0.0021,=0.0033,=0.0043,=0.0056,=0.0085,=0.0385,=0.1212,=0.0175,=61
="1000007",创业板全指,2010-05-01,=-0.0017,=4712.7300,=0.2048,=78.9363,=0.7245,=33.8134,=48.2400,=61.0186,=100.0107,=334.2333,=5.2466,=0.8033,=2.3083,=3.3593,=4.0479,=5.2260,=6.6514,=4.5802,=0.6231,=2.1439,=3.2922,=4.1198,=5.5716,=8.9790,=0.0066,=0.6165,=0.0032,=0.0045,=0.0060,=0.0081,=0.0148,=0.0212,=0.0638,=0.0178,=1922
="931866",中证机床,2022-05-09,=-0.0090,=2938.6800,=0.6388,=79.0208,=0.9918,=28.6086,=36.8662,=40.5196,=53.8785,=85.2007,=8.4869,=0.9918,=2.8302,=3.7497,=4.3039,=5.0641,=9.1263,=6.8563,=0.9918,=2.4023,=3.1558,=3.4251,=4.2062,=7.3925,=0.0046,=0.0082,=0.0043,=0.0067,=0.0078,=0.0098,=0.0146,=0.0321,=0.1022,=0.0244,=154
="930967",港股通信息C,2017-06-23,=0.0154,=5727.3500,=0.2405,=79.3174,=0.9973,=9.7009,=25.7988,=34.8936,=44.7814,=82.6594,=5.1496,=0.6683,=1.0827,=1.5058,=3.7619,=5.9361,=9.2789,=2.2388,=0.5002,=0.3926,=0.6316,=2.2322,=4.4092,=6.3504,=0.0035,=0.0216,=0.0029,=0.0047,=0.0058,=0.0110,=0.0212,,=0.0915,,=4
="399019",创业200,2023-11-15,=-0.0039,=5005.8500,=0.1011,=79.5097,=0.4072,=45.1604,=59.6740,=85.2738,=110.5283,=137.0675,=3.7973,=0.7394,=1.8905,=2.4441,=3.2101,=3.8841,=4.5553,=3.6201,=0.8420,=1.7802,=2.2981,=2.8395,=3.4126,=4.2060,=0.0069,=0.3322,=0.0055,=0.0065,=0.0078,=0.0090,=0.0120,=0.0165,=0.0404,=0.0111,=85
="399993",CSWD生科,2015-05-08,=0.0771,=2363.9600,=-0.0930,=82.0109,=0.9303,=31.0960,=44.1993,=56.6512,=73.5892,=122.8633,=3.5077,=0.1649,=2.5928,=3.6304,=6.1282,=7.6052,=15.2283,=6.9660,=0.2400,=4.8204,=6.7135,=9.2086,=14.2378,=21.1379,=0.0100,=0.7571,=0.0023,=0.0039,=0.0062,=0.0104,=0.0144,=0.0163,=0.0356,=0.0147,=66
="930652",CS电子,2015-06-05,=0.0247,=16413.9000,=0.6733,=82.7065,=0.9996,=21.2056,=33.8173,=43.2207,=51.8044,=83.5288,=8.9648,=0.9996,=2.2039,=3.1461,=3.6477,=4.7703,=9.0540,=4.8768,=0.9996,=1.4014,=2.0216,=2.2988,=3.0425,=4.9253,=0.0041,=0.0004,=0.0041,=0.0063,=0.0077,=0.0104,=0.0141,=0.0249,=0.0838,=0.0162,=479
="000935",中证信息,2009-07-03,=0.0252,=10158.8300,=0.5828,=83.9875,=0.9996,=22.3783,=36.3294,=44.9593,=54.5920,=84.7732,=8.5605,=0.9996,=2.5910,=3.3282,=4.0442,=4.7752,=8.6401,=5.0330,=0.9996,=1.7187,=2.2023,=2.7264,=3.5199,=5.0801,=0.0044,=0.0004,=0.0043,=0.0059,=0.0072,=0.0094,=0.0127,=0.0237,=0.0833,=0.0137,=1121
="930851",云计算,2016-07-20,=0.0020,=6334.6800,=-0.0229,=84.2061,=0.6756,=37.0632,=52.9390,=67.6396,=96.4201,=313.0672,=9.1555,=0.9944,=2.7148,=3.6050,=4.2962,=5.4017,=9.9453,=5.9496,=0.9940,=1.6839,=2.4264,=3.1197,=3.7391,=6.4649,=0.0025,=0.0225,=0.0021,=0.0031,=0.0037,=0.0050,=0.0080,=0.0301,=0.0896,=0.0112,=461
="000993",全指信息,2011-08-02,=0.0232,=13545.2600,=0.5960,=86.1369,=0.9839,=27.3163,=42.0292,=52.3360,=67.8933,=96.2351,=8.5987,=0.9996,=2.5265,=3.2907,=4.0167,=4.7003,=8.6943,=5.1760,=0.9893,=1.8009,=2.3376,=2.8251,=3.4660,=5.4447,=0.0042,=0.0676,=0.0039,=0.0053,=0.0064,=0.0084,=0.0117,=0.0221,=0.0751,=0.0134,=4082
="931582",数字经济,2020-11-09,=0.0401,=2206.4200,=0.4944,=86.1629,=1,=35.0365,=43.9349,=50.2039,=66.1143,=86.1629,=9.5449,=0.9971,=3.4564,=4.9021,=5.6617,=6.5956,=9.8458,=8.7557,=0.9355,=2.4970,=3.8988,=5.8471,=7.6448,=11.8341,=0.0033,=0,=0.0033,=0.0048,=0.0057,=0.0067,=0.0087,=0.0236,=0.0954,=0.0158,=184
="H30318",科技传媒通信150,2014-04-15,=0.0149,=5463.4600,=0.7769,=87.2974,=0.9996,=19.8534,=28.8631,=38.1291,=49.9301,=89.6004,=12.5534,=0.9996,=2.0037,=2.4801,=3.5037,=4.3300,=12.8763,=6.5586,=0.9996,=1.2409,=1.8640,=2.3034,=2.7795,=6.7316,=0.0032,=0.0004,=0.0031,=0.0058,=0.0072,=0.0165,=0.0244,=0.0368,=0.1091,=0.0211,=44
="CN5082",国证航天,2015-02-16,,,=-0.1967,=89.3246,=0.7297,=44.4252,=58.7037,=72.9861,=113.1160,=173.9279,=3.7010,=0.5616,=2.1924,=2.8239,=3.3432,=4.3505,=5.7727,=3.5750,=0.6020,=1.9232,=2.5629,=3.3657,=4.1065,=6.0090,=0.0042,=0.6996,=0.0021,=0.0030,=0.0038,=0.0049,=0.0082,=0.0055,=0.0382,=0.0066,=18
="970070",创业板人工智能,2024-07-11,=-0.0136,=8916.4500,=0.5038,=90.3202,=0.6878,=48.3861,=71.6465,=81.1310,=94.5489,=119.1606,=14.2356,=0.9852,=3.3467,=5.0562,=6.1228,=9.6895,=15.2747,=11.2678,=0.9810,=3.4016,=4.9454,=6.0175,=9.0364,=12.0917,=0.0029,=0.0148,=0.0027,=0.0037,=0.0053,=0.0066,=0.0096,=0.0381,=0.1206,=0.0167,=228
="932038",央企科技引领,2022-11-16,=0.0004,=2098.1000,=0.4019,=93.8284,=0.9817,=31.0707,=37.7320,=44.8520,=76.5907,=100.6860,=6.1477,=0.9645,=2.7684,=3.4682,=3.9704,=4.8557,=6.8336,=6.7761,=0.9954,=2.3932,=3.1441,=3.9093,=5.3393,=7.0151,=0.0044,=0,=0.0044,=0.0064,=0.0085,=0.0109,=0.0151,=0.0105,=0.0636,=0.0096,=36
="931521",高装细分50,2020-07-08,=-0.0032,=2866.2600,=-0.1383,=95.4013,=0.7925,=33.8051,=48.4806,=57.8198,=96.4299,=160.3029,=4.0015,=0.4425,=2.5146,=3.4316,=4.1276,=4.9955,=6.8876,=4.0793,=0.2612,=2.7226,=3.8977,=4.4176,=5.0858,=6.7300,=0.0042,=0.2112,=0.0025,=0.0042,=0.0055,=0.0065,=0.0091,=0.0050,=0.0438,=0.0069,=78
="931144",通信技术,2019-05-30,=-0.0187,=4833.5500,=1.0761,=96.0197,=0.9790,=22.8153,=30.3935,=36.7536,=50.6524,=113.1406,=14.1720,=0.9959,=2.5671,=3.1050,=3.6768,=4.7357,=15.3976,=8.7305,=0.9959,=1.6428,=2.1032,=2.4780,=3.3863,=9.4990,=0.0023,=0.0041,=0.0021,=0.0044,=0.0066,=0.0102,=0.0166,=0.0432,=0.1354,=0.0299,=250
="H30202",软件指数,2013-07-15,=-0.0002,=11330.5100,=-0.2485,=100.6425,=0.5633,=45.1036,=65.7516,=91.4775,=155.6957,=372.5263,=4.3195,=0.1571,=2.9348,=4.5129,=5.4205,=6.6117,=8.8705,=5.8390,=0.2565,=3.9010,=5.4106,=6.8650,=8.0483,=13.5560,=0.0072,=0.9530,=0.0022,=0.0033,=0.0044,=0.0054,=0.0102,=0.0053,=0.0344,=-0.0039,=317
="930601",中证软件,2015-03-10,=0.0041,=4859.8400,=-0.2271,=102.9980,=0.7188,=29.3378,=51.8564,=79.5511,=128.9417,=302.4908,=4.7232,=0.5204,=2.7207,=3.9641,=4.6703,=5.7014,=7.7476,=5.6866,=0.6981,=2.8007,=4.0731,=4.9558,=6.0759,=9.8975,=0.0068,=0.9447,=0.0025,=0.0035,=0.0044,=0.0053,=0.0101,=0.0078,=0.0385,=-0.0029,=390
="980076",通用航空,2012-12-28,=-0.0105,=2968.8300,=-0.1999,=103.6344,=0.5908,=69.9916,=80.3460,=101.2455,=128.2649,=158.1149,=3.7916,=0.6883,=2.7445,=3.2119,=3.5275,=4.1189,=5.1513,=4.5595,=0.6748,=3.4358,=4.0822,=4.3087,=4.9480,=6.3273,=0.0043,=0.2331,=0.0037,=0.0042,=0.0052,=0.0061,=0.0073,=0.0066,=0.0297,=0.0083,=56
="931271",通信设备主题,2012-12-21,=-0.0245,=5496.0200,=0.5228,=104.3801,=0.9885,=25.8971,=33.0019,=36.1202,=68.3370,=113.3146,=13.1207,=0.9885,=2.2261,=2.8951,=3.5567,=6.9236,=14.2343,=8.6237,=0.9885,=1.5689,=2.0547,=2.5398,=4.8338,=9.3618,=0.0024,=0.0115,=0.0022,=0.0054,=0.0083,=0.0100,=0.0129,=0.0351,=0.1175,=0.0256,=3
="930902",中证数据,2016-10-18,=0.0007,=2879.5200,=-0.0970,=104.9109,=0.7073,=37.6891,=57.1934,=78.4715,=122.1480,=366.0842,=4.1090,=0.5641,=2.4001,=3.4215,=3.9901,=4.6800,=5.5171,=2.7928,=0.1504,=2.0473,=2.8814,=3.3808,=4.1636,=7.0542,=0.0039,=0.6665,=0.0020,=0.0030,=0.0035,=0.0047,=0.0091,=0.0025,=0.0339,=0.0011,=243
="932438",科创创业机器人,2025-05-16,=0.0026,=1818.1200,=0.1250,=107.4698,=0.9705,=67.6486,=77.0032,=83.6406,=92.6425,=116.3341,=5.9151,=0.6162,=4.9598,=5.2874,=5.6775,=6.2004,=6.8835,=6.2918,=0.5904,=5.2672,=5.7546,=6.0748,=6.6238,=7.4199,=0.0034,=0.0590,=0.0031,=0.0036,=0.0039,=0.0044,=0.0049,=0.0153,=0.0666,,=59
="931247",中证信创,2012-12-21,=0.0186,=1576.9400,=0.0774,=113.3000,=0.3011,=66.5979,=101.2563,=202.0164,=274.9413,=369.3964,=7.6147,=0.9987,=2.7947,=3.4850,=4.6917,=5.8855,=7.6207,=6.0166,=0.9962,=2.8203,=3.4083,=4.1172,=4.8505,=6.0696,=0.0029,=0.0088,=0.0029,=0.0036,=0.0042,=0.0053,=0.0076,=0.0271,=0.0400,=0.0016,=98
="000683",科创生物,2022-05-09,=0.0846,=987.6100,=-0.0791,=114.9723,=0.1404,=31.4909,=157.3409,=1953.2679,=-211.3566,=97054.3385,=6.2236,=0.7819,=4.0903,=4.8855,=5.4226,=6.3072,=7.9611,=9.7907,=0.3546,=7.6079,=9.2071,=10.3221,=11.4565,=14.1963,=0.0027,=0.0797,=0.0025,=0.0031,=0.0046,=0.0061,=0.0086,=0.0094,=0.0457,=0.0035,=55
="932456",科创创业AI,2025-05-14,=0.0215,=4348.8300,=0.4947,=122.3838,=0.6400,=95.3901,=110.7747,=117.6966,=139.6397,=192.3777,=16.1501,=0.9855,=6.1464,=7.4914,=10.4159,=11.6124,=16.7845,=16.7080,=0.9091,=9.0747,=11.2434,=14.6835,=15.8435,=18.3647,=0.0017,=0.0836,=0.0016,=0.0017,=0.0019,=0.0025,=0.0030,=0.0437,=0.0985,,=49
="399020",创业小盘,2023-11-15,=-0.0151,=1952.2100,=0.0981,=125.3281,=0.3623,=48.5170,=81.2273,=149.2618,=213.2044,=256.8495,=3.8991,=0.8449,=1.8521,=2.4411,=3.2067,=3.7914,=4.3734,=3.8938,=0.8497,=1.9895,=2.5707,=3.1843,=3.7983,=4.2999,=0.0053,=0.0411,=0.0050,=0.0062,=0.0069,=0.0084,=0.0109,=0.0115,=0.0199,=0.0104,=11
="932000",中证2000,2023-08-11,=-0.0093,=3415.0100,=0.0661,=128.8041,=0.6037,=44.0427,=58.1591,=84.7515,=154.3771,=228.3990,=2.8152,=0.7421,=1.5089,=1.9732,=2.3395,=2.8570,=3.3036,=2.3304,=0.8040,=1.1809,=1.5506,=1.8275,=2.3280,=2.6726,=0.0074,=0.1427,=0.0062,=0.0077,=0.0092,=0.0114,=0.0155,=0.0098,=0.0154,=0.0097,=1173
="CN5075",国证信创,2015-02-16,,,=0.5742,=134.5444,=0.9169,=39.3034,=49.8163,=76.7019,=124.1440,=152.0158,=10.5656,=1,=3.0386,=3.5535,=5.1608,=7.2172,=10.5656,=8.3829,=1,=2.8415,=3.6743,=4.3874,=5.4376,=8.3829,=0.0019,=0,=0.0019,=0.0031,=0.0059,=0.0081,=0.0108,=0.0268,=0.0598,=0.0136,=29
="000698",科创100,2023-08-07,=0.0309,=2260.2800,=0.5503,=139.2013,=0.2865,=60.6995,=130.6816,=214.8818,=254.3557,=337.2511,=8.1826,=1,=2.7397,=3.6012,=4.1769,=5.7750,=8.1826,=8.9404,=0.9054,=4.0312,=5.0942,=6.2022,=8.4035,=10.0837,=0.0026,=0,=0.0026,=0.0034,=0.0055,=0.0064,=0.0089,=0.0093,=0.0369,=0.0028,=558
="000858",500信息,2013-11-06,=0.0317,=16922.5100,=0.6057,=140.6477,=0.9814,=25.3805,=43.9766,=64.2121,=89.2562,=209.3531,=8.1725,=1,=2.1626,=2.9041,=3.3886,=3.9443,=8.1725,=8.7684,=1,=1.1229,=1.9074,=2.6868,=3.6166,=8.7684,=0.0023,=0,=0.0023,=0.0045,=0.0059,=0.0072,=0.0110,=0.0212,=0.0505,=0.0070,=350
="950161",科创新药,2024-08-23,=0.1064,=1222.4300,=-0.0048,=148.4540,=0.0742,=113.6689,=-665.8792,=-147.0123,=-90.6301,=1578.9342,=9.0198,=0.5303,=4.9324,=6.6596,=8.8441,=10.4405,=12.9042,=11.6837,=0.3865,=8.4204,=10.1068,=12.3682,=14.3908,=17.6998,=0.0013,=0.3933,=0.0009,=0.0011,=0.0014,=0.0018,=0.0023,=0.0059,=0.0403,=-0.0091,=27
="000690",科创成长,2022-11-04,=0.0095,=3276.3600,=0.7475,=156.4186,=0.8005,=26.4295,=44.3501,=82.4612,=156.4186,=288.8500,=17.4236,=0.9989,=3.7827,=4.8413,=5.4953,=11.7283,=17.5818,=19.1964,=0.9977,=2.7510,=3.9939,=5.1916,=14.1839,=19.3746,=0.0012,=0.0011,=0.0012,=0.0021,=0.0034,=0.0056,=0.0127,=0.0188,=0.1043,=0.0143,=137
="H30007",芯片产业,2012-12-20,=0.0543,=6104.1300,=0.9276,=174.1117,=0.9992,=24.2382,=40.3144,=69.8670,=111.6248,=186.5687,=12.5130,=1,=1.9412,=3.6288,=4.5037,=7.1558,=12.5130,=18.9223,=1,=1.5871,=3.6851,=6.4886,=8.2073,=18.9223,=0.0009,=0,=0.0009,=0.0017,=0.0024,=0.0046,=0.0105,=0.0230,=0.0446,=0.0109,=528
="980017",国证芯片,2015-02-17,=0.0507,=24226.2400,=0.9096,=175.8398,=0.9831,=30.3742,=55.6194,=79.3438,=106.4628,=227.4136,=13.1386,=1,=3.1638,=4.0870,=5.7023,=7.4178,=13.1386,=20.2408,=1,=3.6283,=5.7863,=6.6439,=7.9800,=20.2408,=0.0008,=0,=0.0008,=0.0016,=0.0021,=0.0027,=0.0044,=0.0146,=0.0397,=0.0130,=2596
="932087",集成电路,2023-03-29,=0.0347,=2044.5800,=0.8053,=177.6416,=0.9809,=46.1239,=99.2747,=131.8525,=150.9688,=195.7770,=10.9848,=1,=3.1405,=3.8898,=5.1428,=6.9631,=10.9848,=17.9185,=1,=5.8347,=7.5676,=8.9973,=11.6772,=17.9185,=0.0011,=0,=0.0011,=0.0014,=0.0018,=0.0022,=0.0029,=0.0203,=0.0481,=0.0079,=44
="H30184",半导体,2013-07-15,=0.0508,=18270.5700,=0.9854,=180.3270,=1,=33.2056,=51.7038,=77.2220,=106.0152,=180.3270,=12.3196,=1,=2.5082,=3.4224,=4.8139,=7.3913,=12.3196,=19.3592,=1,=1.3963,=2.6456,=6.9326,=9.3213,=19.3592,=0.0010,=0,=0.0010,=0.0018,=0.0025,=0.0036,=0.0070,=0.0203,=0.0527,=0.0094,=3332
="990001",中华半导体芯片,2019-03-18,=0.0518,=23099.3700,=0.9109,=181.3647,=1,=33.1780,=61.2684,=84.9786,=114.9650,=181.3647,=12.0774,=1,=3.1429,=4.2711,=5.3162,=7.3983,=12.0774,=18.8690,=1,=3.3238,=6.0827,=7.1069,=9.2731,=18.8690,=0.0009,=0,=0.0009,=0.0016,=0.0021,=0.0028,=0.0056,=0.0177,=0.0410,=0.0101,=1380
="000699",科创200,2024-08-20,=0.0161,=1894.2100,=0.4353,=190.8843,=0.2668,=128.9087,=180.9521,=250.4642,=311.0017,=388.1174,=5.3904,=0.9753,=1.9770,=3.0177,=3.6333,=4.8238,=5.6033,=7.9955,=0.9238,=3.3605,=5.0847,=6.0219,=7.4517,=8.3761,=0.0038,=0.1166,=0.0033,=0.0040,=0.0053,=0.0068,=0.0100,=0.0066,=0.0165,=0.0029,=142
="931743",半导体材料设备,2012-12-21,=0.0816,=12806.8800,=1.4872,=216.3219,=1,=30.1973,=39.4468,=60.2522,=82.3288,=216.3219,=16.5618,=1,=2.5588,=3.3798,=4.2394,=6.6397,=16.5618,=24.5069,=1,=2.5903,=3.1507,=3.8248,=10.3403,=24.5069,=0.0009,=0,=0.0009,=0.0022,=0.0029,=0.0045,=0.0073,=0.0198,=0.0706,=0.0130,=249
="000680",科创综指,2025-01-20,=0.0312,=2416.6700,=0.4766,=217.1070,=0.6029,=115.7401,=187.3751,=211.5015,=232.9861,=278.5830,=7.7340,=1,=3.4337,=3.9432,=5.1659,=5.8074,=7.7340,=10.1883,=1,=4.7291,=5.4550,=7.0646,=7.9261,=10.1883,=0.0024,=0,=0.0024,=0.0033,=0.0038,=0.0051,=0.0065,=0.0091,=0.0262,=0.0033,=208
="931594",卫星产业,2020-12-22,=-0.0040,=1053.4400,=-0.0669,=237.9672,=0.8193,=44.5603,=95.8475,=129.7185,=231.6903,=428.4930,=6.5977,=0.9783,=2.3588,=3.0508,=3.5109,=4.0037,=7.6413,=9.3355,=0.9490,=3.4655,=4.5323,=5.1454,=6.0768,=11.4514,=0.0024,=0.0247,=0.0023,=0.0027,=0.0032,=0.0052,=0.0086,=0.0019,=0.0317,=0.0057,=171
="950180",科创AI,2024-07-25,=0.0394,=2872.7200,=0.2783,=240.8895,=0.9892,=66.2784,=98.6205,=141.3849,=172.7676,=271.3436,=17.7115,=1,=3.9039,=5.9793,=9.0387,=11.4255,=17.7115,=27.8649,=1,=6.3298,=9.3810,=13.4488,=16.4828,=27.8649,=0.0012,=0,=0.0012,=0.0024,=0.0029,=0.0050,=0.0077,=0.0274,=0.0670,=0.0163,=212
="000682",科创信息,2021-08-16,=0.0448,=3486.1900,=0.7485,=242.4874,=1,=41.6131,=59.9278,=92.5798,=131.6926,=242.4874,=13.1555,=1,=3.3247,=4.3463,=5.3591,=6.5027,=13.1555,=20.6510,=1,=5.5790,=7.2949,=8.8703,=11.3675,=20.6510,=0.0011,=0,=0.0011,=0.0021,=0.0030,=0.0039,=0.0070,=0.0200,=0.0432,=0.0072,=103
="931865",中证半导,2019-03-20,=0.0685,=10974.8600,=1.2176,=243.7070,=1,=32.8138,=44.8819,=72.9459,=123.4228,=243.7070,=15.0920,=1,=3.3892,=4.1402,=5.1735,=7.9885,=15.0920,=27.6189,=1,=6.4190,=7.6917,=8.6874,=14.3279,=27.6189,=0.0007,=0,=0.0007,=0.0013,=0.0021,=0.0025,=0.0032,=0.0168,=0.0580,=0.0153,=204
="1000014",科创板全指,2019-07-22,,,,=244.1388,=0.9738,=34.6058,=58.3906,=76.9190,=129.6234,=267.8356,=8.1089,=0.9893,=2.4875,=3.7874,=4.8726,=6.4369,=9.5957,=10.8947,=0.9155,=3.3799,=5.1895,=6.4821,=9.8209,=14.1086,=0.0022,=0.0994,=0,=0.0032,=0.0044,=0.0065,=0.0098,=0.0091,=0.0255,=0.0035,=1291
="000688",科创50,2020-07-23,=0.0461,=2126.0100,=0.5816,=249.1077,=1,=35.5957,=42.5415,=70.7760,=110.4172,=249.1077,=9.9466,=1,=2.9443,=4.2022,=4.8510,=6.7516,=9.9466,=12.8824,=0.9951,=3.1319,=4.5600,=5.5493,=9.3377,=13.2586,=0.0017,=0,=0.0017,=0.0030,=0.0045,=0.0072,=0.0110,=0.0135,=0.0347,=0.0045,=7949
="000689",科创材料,2022-08-15,=0.0337,=2025.9100,=0.6711,=270.4073,=1,=38.7753,=45.2768,=80.2035,=147.1909,=270.4073,=8.1885,=1,=1.9307,=2.6133,=3.1934,=4.4350,=8.1885,=10.3408,=1,=2.1963,=3.1270,=4.0301,=5.4610,=10.3408,=0.0020,=0,=0.0020,=0.0045,=0.0064,=0.0079,=0.0117,=0.0126,=0.0258,=0.0058,=38
="950162",科创芯片设计,2024-07-26,=0.0304,=3269.1000,=0.7572,=275.9132,=0.5227,=161.6128,=227.8770,=267.8840,=386.2508,=687.1301,=19.1325,=1,=4.2582,=7.6469,=8.9025,=12.8099,=19.1325,=30.7881,=1,=8.7765,=14.4551,=16.8085,=21.2067,=30.7881,=0.0010,=0,=0.0010,=0.0012,=0.0015,=0.0018,=0.0029,=0.0309,=0.0713,=0.0107,=55
="000685",科创芯片,2022-06-13,=0.0489,=5268.0200,=1.0158,=318.3057,=1,=42.1555,=68.4772,=117.1897,=177.6317,=318.3057,=14.6767,=1,=3.1235,=4.0595,=5.0689,=7.3651,=14.6767,=30.3008,=1,=7.4796,=10.0391,=12.1737,=15.0540,=30.3008,=0.0006,=0,=0.0006,=0.0011,=0.0015,=0.0021,=0.0026,=0.0152,=0.0415,=0.0074,=479
="950125",科创半导体材料设备,2024-07-26,=0.0943,=5639.6600,=1.6252,=339.0496,=1,=70.4245,=116.4754,=128.0716,=160.8773,=339.0496,=17.1595,=1,=2.8469,=4.7595,=5.2893,=6.6969,=17.1595,=36.3598,=1,=7.2923,=10.8969,=12.8277,=14.8885,=36.3598,=0.0007,=0.0259,=0.0006,=0.0008,=0.0014,=0.0016,=0.0028,=0.0075,=0.0371,=0.0094,=118
="980018",卫星通信,2015-02-17,=-0.0082,=5225.5600,=-0.0223,=370.8895,=0.9412,=23.6003,=28.9516,=40.2434,=57.6007,=1063.4314,=7.1290,=0.9956,=1.7225,=2.0570,=2.5685,=4.2522,=7.7241,=9.2543,=0.9981,=1.5054,=1.8038,=2.2964,=3.1064,=9.4921,=0.0014,=0.0019,=0.0014,=0.0039,=0.0128,=0.0171,=0.0231,=0.0054,=0.0181,=0.0298,=120
="H30182",计算机,2013-07-15,=-0.0038,=5922.9100,=-0.2270,=389.8919,=0.8324,=33.2527,=55.2143,=101.3460,=280.6415,=65313.4473,=3.8444,=0.3322,=2.4295,=3.5808,=4.0913,=4.6404,=5.8765,=3.7691,=0.2727,=2.3635,=3.5840,=4.1448,=4.7442,=7.6223,=0.0052,=0.7955,=0.0028,=0.0040,=0.0045,=0.0053,=0.0091,=-0.0024,=0.0033,=-0.0042,=51
="930781",中证影视,2016-02-04,=0.0109,=1282.8800,=-0.2412,=572.7134,=0.6082,=16.7066,=43.1495,=199.6141,=-60.8596,=6083.5065,=1.7246,=0.0388,=1.4352,=2.0493,=2.3810,=3.3975,=6.3013,=3.7568,=0.3278,=2.7079,=3.4931,=4.3250,=5.4953,=10.5203,=0.0116,=0.8957,=0.0019,=0.0037,=0.0063,=0.0098,=0.0161,=0.0049,=0.0185,=0.0219,=178
="950333",智选创新价值,2024-09-25,=0.0256,=3025.7300,=0.3314,=1312.4883,=0.4242,=62.6254,=108.0228,=-3656.5629,=-265.7412,=5158.8110,=4.9337,=0.9953,=1.6564,=2.1453,=2.4256,=2.9637,=4.9687,=6.2660,=0.9976,=1.6015,=2.1297,=2.5475,=3.0281,=6.3126,=0.0021,=0.0024,=0.0021,=0.0059,=0.0070,=0.0103,=0.0136,=-0.0002,=-0.0164,=-0.0030,=14
="931992",疫苗生物,2013-07-15,=0.0736,=1086.5600,=-0.0999,=5353.4842,=1,=26.1322,=61.4113,=87.7722,=128.9480,=5353.4842,=2.9905,=0.4672,=2.2475,=2.6960,=3.0339,=3.6446,=5.0256,=5.3873,=0.6711,=3.7134,=4.6905,=5.1701,=5.5666,=6.4257,=0.0100,=0.6906,=0.0060,=0.0068,=0.0085,=0.0105,=0.0125,=0.0112,=0.0013,=0.0085,=28
="931151",光伏产业,2019-04-22,=0.0092,=3003.0200,=0.0508,=-517.1175,=0.9098,=9.5087,=20.5629,=38.1080,=69.1683,=2491.4939,=2.4799,=0.4589,=1.5562,=1.9238,=2.6345,=4.4898,=6.9801,=2.2113,=0.6117,=0.8897,=1.2454,=1.8073,=3.2352,=5.9137,=0.0070,=0.3739,=0.0030,=0.0055,=0.0093,=0.0198,=0.0300,=0.0016,=0.0012,=0.0005,=2716
="1000009",深圳B股,1994-01-10,=0.0034,=1116.6300,=-0.1171,=-121.9276,=0.9963,=6.5509,=10.0230,=16.1774,=22.9789,=61.4680,=0.7652,=0.5625,=0.5585,=0.6590,=0.7344,=0.9395,=1.4530,=0.4763,=0.4829,=0.3544,=0.4194,=0.4838,=0.6430,=1.0969,=0.0328,=0.3184,=0.0205,=0.0266,=0.0369,=0.0449,=0.0610,,=0.0028,=0.0115,=203
="000692",科创新能,2023-04-03,=0.0158,=1208.0600,=0.0436,=-60.0990,=0.6675,=13.9124,=18.8049,=117.4588,=-44.7048,=279.8956,=2.7762,=0.7801,=1.4486,=1.7883,=2.2110,=2.8039,=4.0229,=1.8407,=0.7199,=0.8667,=1.1539,=1.4377,=1.9078,=2.6157,=0.0036,=0.0409,=0.0030,=0.0058,=0.0166,=0.0206,=0.0318,=-0.0018,=-0.0642,=-0.0138,=35
="931025",港股通地产,2017-11-06,=0.0086,=1539.6700,=-0.0316,=-48.3273,=0.7357,=1.3998,=5.4761,=8.2930,=-2.9836,=7833.8201,=0.4345,=0.3972,=0.0757,=0.2100,=0.5006,=0.8768,=1.4256,=0.8055,=0.7127,=0.0508,=0.1430,=0.5424,=0.8766,=1.5776,=0.0408,=0.4273,=0,=0.0289,=0.0426,=0.0693,=0.2175,,=-0.0074,,=11
="399393",国证地产,2012-08-20,=0.0020,=2386.9800,=-0.2350,=-5.2318,=0.9996,=6.3321,=8.5850,=15.6526,=61.5505,=115902.4187,=0.7036,=0.0693,=0.5768,=0.8437,=1.0898,=1.7570,=2.5183,=0.5085,=0.1649,=0.3699,=0.5175,=0.6538,=1.1742,=1.7471,=0.0118,=0.0932,=0.0083,=0.0183,=0.0259,=0.0342,=0.0478,=-0.0014,=-0.0767,=0.0012,=1429
="931775",房地产,2013-07-15,=-0.0073,=2353.2600,=-0.2110,=-4.2623,=1,=7.0141,=8.9821,=18.2040,=-87.4030,=1490.8370,=0.7255,=0.0771,=0.5750,=0.8393,=1.0706,=1.7123,=2.4742,=0.5367,=0.2128,=0.3617,=0.5329,=0.6835,=1.2290,=1.8650,=0.0066,=0.0115,=0.0058,=0.0148,=0.0234,=0.0325,=0.0448,=-0.0040,=-0.1024,=-0.0027,=932
="000816",细分地产,2012-04-11,=-0.0085,=2184.3000,=-0.2061,=-3.8986,=1,=6.1299,=8.3282,=15.7334,=433.4572,=2488.2259,=0.6921,=0.0709,=0.5599,=0.8135,=1.0614,=1.7663,=2.5676,=0.4792,=0.1456,=0.3390,=0.4952,=0.6250,=1.1490,=1.7076,=0.0054,=0.0181,=0.0044,=0.0176,=0.0275,=0.0358,=0.0516,=-0.0038,=-0.1018,=-0.0024,=7
="399965",800地产,2012-12-21,=0.0033,=1849.4500,=-0.2994,=-2.6749,=0.9996,=5.5394,=8.0041,=14.1293,=35.6168,=59.7245,=0.4730,=0.0004,=0.4715,=0.7131,=1.0089,=1.7420,=2.5596,=0.2899,=0.0012,=0.2881,=0.4108,=0.5437,=1.0983,=1.6493,=0.0076,=0.0074,=0.0068,=0.0180,=0.0280,=0.0369,=0.0562,=-0.0020,=-0.0854,=0.0007,=199
="399983",地产等权,2013-11-22,=0.0005,=1362.9300,=-0.3310,=-1.7292,=1,=5.0058,=7.3313,=10.5555,=17.3802,=75.5023,=0.3769,=0,=0.3769,=0.5965,=1.0884,=1.8565,=2.8135,=0.2222,=0.0008,=0.2209,=0.3542,=0.4906,=1.0145,=1.5710,=0.0058,=0.0190,=0.0037,=0.0220,=0.0322,=0.0412,=0.0629,=-0.0053,=-0.0924,=-0.0025,=1009
=".NDX",纳斯达克100指数,1969-12-31,,,,,,,,,,,,,,,,,,,,,,,,,,,,,,,,,,=0.0751,=4444

数据来源于：理杏仁网站(lixinger.com)