指数代码,指数名称,发布时间,涨跌幅,收盘点位,今年以来涨跌幅,PE-TTM(当前值),PE-TTM(分位点%),PE-TTM(最小值),PE-TTM(20%分位点值),PE-TTM(50%分位点值),PE-TTM(80%分位点值),PE-TTM(最大正值),PB(当前值),PB(分位点%),PB(最小值),PB(20%分位点值),PB(50%分位点值),PB(80%分位点值),PB(最大正值),PS-TTM(当前值),PS-TTM(分位点%),PS-TTM(最小值),PS-TTM(20%分位点值),PS-TTM(50%分位点值),PS-TTM(80%分位点值),PS-TTM(最大正值),股息率(当前值),股息率(分位点%),股息率(最小值),股息率(20%分位点值),股息率(50%分位点值),股息率(80%分位点值),股息率(最大正值),净资产收益率(ROE)(2026Q2),净资产收益率(ROE)(2025Q4),净资产收益率(ROE)(2025Q2),关注度
="931024",港股通非银,2017-11-06,=0.0028,=3952.5500,=-0.0794,=5.6645,=0.0032,=5.5654,=8.4131,=10.8683,=13.2858,=22.4310,=0.9796,=0.3699,=0.6237,=0.8538,=1.0381,=1.2203,=1.7592,=1.1096,=0.6516,=0.5870,=0.8781,=1.0213,=1.2306,=2.2002,=0.0437,=0.8799,=0.0165,=0.0270,=0.0347,=0.0415,=0.0611,,=0.1345,=0.0629,=219
="H11146",港股通内地金融,2010-06-02,=-0.0013,=1186.7200,=0.0782,=5.8826,=0.4743,=3.2759,=4.5177,=6.0183,=6.7387,=9.2347,=0.6391,=0.4605,=0.3797,=0.4938,=0.6562,=0.8675,=1.1859,=1.5586,=0.7414,=0.6692,=0.9478,=1.3188,=1.6010,=2.1885,=0.0477,=0.4220,=0.0302,=0.0445,=0.0500,=0.0726,=0.0994,,=0.0970,=0.0476,=51
="932584",智选港股通红利低波,2026-06-11,=-0.0091,=1696.3800,,=5.9758,=0.3239,=5.4952,=5.8714,=6.0636,=6.1973,=6.4396,=0.6317,=0.5634,=0.5613,=0.5997,=0.6288,=0.6413,=0.6578,=0.9447,=0.5352,=0.8443,=0.9021,=0.9439,=0.9607,=0.9893,=0.0571,=0.7042,=0.0530,=0.0550,=0.0562,=0.0581,=0.0621,,,,=20
="931039",银行AH,2017-12-06,=-0.0026,=12931.3200,=0.0115,=6.2562,=0.9169,=3.2016,=4.1043,=5.2680,=5.9157,=7.9938,=0.5871,=0.5714,=0.3790,=0.4599,=0.5660,=0.7101,=1.0569,=2.3209,=0.9205,=1.0856,=1.4370,=1.7610,=2.1802,=2.9053,=0.0484,=0.1604,=0.0324,=0.0491,=0.0544,=0.0735,=0.0997,=0.0438,=0.0881,=0.0451,=112
="H30106",H300金融服务,2013-05-21,=-0.0033,=1669.8600,=0.1035,=6.7794,=0.4528,=4.0175,=5.3642,=6.9700,=7.7406,=11.1922,=0.7722,=0.5788,=0.4470,=0.5777,=0.7402,=0.9052,=1.2489,=1.9592,=0.8277,=0.8557,=1.1816,=1.4771,=1.9278,=2.3593,=0.0449,=0.3413,=0.0288,=0.0433,=0.0472,=0.0664,=0.0918,,=0.1014,=0.0500,=26
="HSMCHYI",恒生港股通中国内地企业红利指数,2019-09-01,=-0.0056,=2927.3700,=0.0520,=6.9930,=0.8080,=3.7550,=5.0593,=5.8759,=6.9529,=7.9027,=0.7597,=0.8793,=0.4590,=0.5808,=0.6440,=0.7439,=0.8175,=1.1192,=0.9023,=0.5101,=0.6898,=0.8042,=0.9439,=1.2126,=0.0511,=0.1017,=0.0474,=0.0532,=0.0616,=0.0790,=0.1052,,=0.0995,=0.0500,=288
="931479",证券保险,2020-05-06,=0.0048,=903.1500,=-0.1501,=6.9954,=0.0045,=6.7976,=11.5701,=13.2858,=15.4243,=21.1012,=1.2135,=0.1964,=1.0296,=1.2180,=1.3651,=1.5564,=2.2844,=1.4759,=0.5074,=1.0318,=1.2792,=1.4710,=1.7769,=2.2879,=0.0323,=0.9549,=0.0162,=0.0225,=0.0252,=0.0291,=0.0357,=0.0884,=0.1317,=0.0613,=64
="HSSCSOY",恒生港股通中国央企红利指数,2023-06-01,=-0.0067,=4111.4200,=0.0226,=7.0165,=0.8125,=4.1647,=4.6790,=5.7591,=6.9953,=7.8218,=0.6484,=0.6642,=0.4381,=0.4982,=0.6007,=0.6818,=0.7455,=1.0975,=0.9853,=0.5323,=0.5997,=0.7625,=0.9732,=1.1223,=0.0516,=0.0760,=0.0487,=0.0554,=0.0674,=0.0860,=0.0936,=0.0453,=0.0921,=0.0475,=276
="H30035",300非银,2012-12-21,=0.0052,=9331.6200,=-0.1633,=7.0860,=0.0029,=6.8873,=12.6079,=15.1019,=19.3203,=26.3489,=1.2269,=0.1244,=1.0544,=1.2901,=1.5938,=2.0351,=2.4387,=1.4851,=0.2678,=1.0410,=1.4185,=1.6871,=1.9685,=2.3917,=0.0319,=0.9790,=0.0124,=0.0164,=0.0222,=0.0261,=0.0352,=0.0873,=0.1294,=0.0605,=1275
="000018",180金融,2007-12-10,=0.0018,=5442.1400,=-0.0839,=7.1602,=0.3453,=5.2016,=6.4287,=7.4929,=8.3012,=10.8609,=0.7798,=0.3646,=0.5902,=0.6965,=0.8517,=1.0563,=1.4199,=2.1775,=0.7585,=1.2355,=1.5824,=1.9642,=2.2159,=2.8772,=0.0395,=0.5208,=0.0246,=0.0353,=0.0392,=0.0493,=0.0636,=0.0529,=0.0959,=0.0477,=780
="399809",保险主题,2015-02-13,=0.0068,=2246.1200,=-0.1581,=7.2085,=0.2901,=5.4537,=6.8114,=10.0865,=15.0245,=22.8725,=0.8332,=0.3667,=0.6352,=0.7647,=1.1889,=1.4858,=1.9794,=2.1374,=0.9077,=0.5239,=0.8688,=1.0978,=1.8728,=2.3772,=0.0388,=0.6382,=0.0120,=0.0209,=0.0310,=0.0488,=0.0686,=0.0540,=0.1015,=0.0485,=1527
="000818",细分金融,2012-04-11,=0.0016,=6759.8400,=-0.0845,=7.2823,=0.3416,=5.2356,=6.4974,=7.6617,=8.4810,=10.9951,=0.7909,=0.3473,=0.5930,=0.7010,=0.8679,=1.0786,=1.4303,=2.2337,=0.7618,=1.2689,=1.6354,=2.0043,=2.2666,=2.9111,=0.0388,=0.5583,=0.0239,=0.0331,=0.0376,=0.0471,=0.0625,=0.0528,=0.0956,=0.0477,=12
="931233",港股通央企红利,2017-06-28,=-0.0091,=1185.3500,=0.0167,=7.3000,=0.7389,=3.6988,=4.9854,=6.4221,=7.4439,=14.0775,=0.6958,=0.6162,=0.3929,=0.5248,=0.6486,=0.8542,=1.8161,=0.9994,=0.5599,=0.4645,=0.6272,=0.9551,=1.3859,=1.7583,=0.0522,=0.2281,=0.0394,=0.0518,=0.0569,=0.0793,=0.1038,=0.0452,=0.0906,=0.0470,=501
="930792",HK银行,2016-04-22,=-0.0076,=5357.2500,=0.2163,=7.3167,=0.9107,=3.2659,=4.4645,=5.8967,=6.8734,=9.5632,=0.7022,=0.6756,=0.3905,=0.4964,=0.6240,=0.7970,=1.0771,=2.7165,=0.9748,=1.0519,=1.5167,=1.8842,=2.4532,=3.1066,=0.0450,=0.0706,=0.0355,=0.0496,=0.0562,=0.0743,=0.1045,,=0.0901,=0.0459,=772
="399986",中证银行,2013-07-15,=-0.0010,=7493,=-0.0145,=7.3169,=0.9242,=4.1183,=5.2599,=6.3353,=6.9043,=9.0846,=0.6961,=0.4681,=0.4848,=0.5836,=0.7087,=0.8868,=1.2416,=2.7166,=0.9254,=1.4134,=1.7842,=2.1912,=2.5458,=3.3016,=0.0412,=0.2081,=0.0285,=0.0411,=0.0458,=0.0572,=0.0756,=0.0449,=0.0881,=0.0451,=9707
="H11153",内地国有,2010-07-30,=-0.0048,=922.4600,=0.0783,=7.4393,=0.6179,=3.8321,=5.3228,=6.8435,=8.1164,=10.6098,=0.7968,=0.6009,=0.4563,=0.5948,=0.7182,=0.8998,=1.1585,=1.2227,=0.9003,=0.5182,=0.7364,=0.9227,=1.1630,=1.3703,=0.0487,=0.3610,=0.0367,=0.0455,=0.0528,=0.0741,=0.1043,=0.0540,=0.0985,=0.0498,=2
="H11140",香港红利,2009-07-23,=-0.0055,=4035.1300,=0.1051,=7.4398,=0.7650,=3.0693,=4.4554,=5.9842,=7.6500,=13.9623,=0.7111,=0.6114,=0.3833,=0.5103,=0.6296,=0.8632,=1.1652,=1.1812,=0.6840,=0.5431,=0.7464,=0.9724,=1.2876,=2.1349,=0.0536,=0.1637,=0.0382,=0.0553,=0.0632,=0.0876,=0.1281,=0.0477,=0.0912,=0.0482,=58
="987016",港股通红利低波,2021-11-18,,,=0.0876,=7.4456,=0.8789,=3.4544,=4.3205,=5.0554,=6.9547,=8.0054,=0.7254,=0.9644,=0.4152,=0.4894,=0.5432,=0.6766,=0.7549,=1.1061,=0.7756,=0.5827,=0.6625,=0.8096,=1.1196,=1.3012,=0.0550,=0.1050,=0.0488,=0.0584,=0.0804,=0.0922,=0.1160,=0.0478,=0.0893,=0.0462,=191
="HSCSOE",恒生中国央企指数,2023-01-01,=-0.0037,=3854.3600,=0.0722,=7.5029,=0.6951,=4.9972,=5.5925,=6.2873,=7.7925,=8.5526,=0.7625,=0.7869,=0.5264,=0.5951,=0.6427,=0.7662,=0.8375,=0.9298,=0.8098,=0.5404,=0.5989,=0.6839,=0.9243,=1.0234,=0.0497,=0.1574,=0.0450,=0.0510,=0.0675,=0.0772,=0.0871,=0.0533,=0.0956,=0.0480,=122
="HSHDYI",恒生高股息率指数,2012-12-10,=-0.0068,=1236.1600,=-0.0308,=7.5129,=0.7319,=3.6777,=4.8612,=6.6084,=7.7930,=10.6953,=0.7042,=0.5654,=0.4041,=0.5046,=0.6466,=0.8954,=1.1746,=1.0967,=0.5443,=0.5013,=0.7008,=1.0618,=1.4833,=1.9871,=0.0546,=0.2665,=0.0423,=0.0528,=0.0604,=0.0808,=0.1102,,=0.0902,=0.0467,=923
="399966",800证保,2012-12-21,=0.0043,=5645.8300,=-0.1462,=7.5387,=0.0029,=7.3261,=13.4348,=15.9417,=19.7375,=27.1945,=1.2400,=0.1265,=1.0619,=1.2937,=1.5823,=2.0315,=2.4366,=1.6142,=0.3300,=1.1634,=1.5249,=1.7722,=2.0457,=2.5211,=0.0304,=0.9778,=0.0122,=0.0160,=0.0213,=0.0245,=0.0329,=0.0846,=0.1256,=0.0585,=188
="H30588",中证证保,2015-02-02,=0.0043,=958.5800,=-0.1464,=7.5444,=0.0029,=7.3318,=13.4460,=16.0351,=19.5891,=27.6808,=1.2387,=0.1244,=1.0752,=1.2932,=1.5865,=2.0250,=2.4238,=1.6165,=0.3572,=1.1673,=1.5178,=1.7655,=2.0128,=2.5500,=0.0304,=0.9823,=0.0121,=0.0160,=0.0213,=0.0243,=0.0328,=0.0845,=0.1254,=0.0584,=486
="000914",300金融,2007-07-02,=0.0017,=6128.8600,=-0.0877,=7.5815,=0.3980,=5.2769,=6.6022,=7.8255,=8.6017,=11.3863,=0.7860,=0.3379,=0.5962,=0.7048,=0.8729,=1.1172,=1.4919,=2.1105,=0.8006,=1.1210,=1.4310,=1.8124,=2.1104,=2.7052,=0.0385,=0.5517,=0.0235,=0.0340,=0.0378,=0.0467,=0.0618,=0.0510,=0.0897,=0.0461,=349
="HSSCHKY",恒生港股通高股息率指数,2019-11-01,=-0.0049,=2675.2000,=0.0797,=7.6167,=0.8810,=3.8979,=4.9593,=5.9803,=7.3123,=8.4533,=0.7142,=0.8769,=0.4277,=0.5188,=0.5833,=0.6905,=0.8197,=1.2129,=0.8746,=0.5333,=0.7008,=0.8912,=1.1393,=1.3442,=0.0526,=0.0830,=0.0482,=0.0560,=0.0660,=0.0838,=0.1067,,=0.0891,=0.0459,=512
="HSSCHYS",恒生港股通红利优选指数,2023-06-01,=-0.0065,=4697.0800,=0.0114,=7.7322,=0.7610,=4.2457,=4.7680,=5.9119,=7.8672,=9.0746,=0.7262,=0.7145,=0.4429,=0.5021,=0.5972,=0.7380,=0.8283,=1.1916,=0.9449,=0.6036,=0.6822,=0.8929,=1.0741,=1.2508,=0.0581,=0.1471,=0.0497,=0.0600,=0.0704,=0.0876,=0.0947,,=0.0897,=0.0466,=91
="000934",中证金融,2009-07-03,=0.0015,=5733.3900,=-0.0855,=7.8293,=0.3906,=5.7083,=6.8944,=8.0787,=8.8714,=11.5527,=0.7951,=0.3280,=0.6117,=0.7181,=0.8830,=1.1277,=1.5017,=2.1211,=0.8204,=1.1467,=1.4503,=1.8025,=2.1043,=2.6696,=0.0375,=0.5546,=0.0232,=0.0331,=0.0367,=0.0445,=0.0593,=0.0504,=0.0873,=0.0451,=1162
="931157",SHS红利成长LV,2019-04-25,=0.0001,=7196.9300,=-0.0345,=7.8309,=0.6457,=4.1261,=5.6289,=7.0180,=8.3085,=11.5318,=0.7833,=0.4353,=0.5154,=0.6307,=0.8016,=0.9165,=1.5888,=1.6954,=0.9851,=0.5018,=0.7152,=1.0472,=1.4339,=1.7619,=0.0472,=0.4369,=0.0259,=0.0421,=0.0481,=0.0555,=0.0761,=0.0487,=0.0964,=0.0513,=365
="930992",沪港深红利低波,2017-06-28,=-0.0012,=5366.5700,=-0.0361,=7.9135,=0.8034,=4.0130,=5.2296,=6.0127,=7.8993,=8.5109,=0.7497,=0.8612,=0.4277,=0.5397,=0.5981,=0.7389,=0.7950,=1.1837,=0.7819,=0.4496,=0.6029,=0.8985,=1.1906,=1.3912,=0.0510,=0.0871,=0.0476,=0.0533,=0.0712,=0.0765,=0.0949,=0.0480,=0.0878,=0.0455,=60
="932596",港股通红利低波,2016-02-04,=-0.0044,=4198.3900,=0.0824,=7.9505,=0.3871,=7.1792,=7.7993,=8.0176,=8.2404,=8.5745,=0.7425,=0.5847,=0.6528,=0.6979,=0.7332,=0.7553,=0.7956,=1.3683,=0.7984,=1.2161,=1.2867,=1.3388,=1.3683,=1.4305,=0.0500,=0.3589,=0.0473,=0.0492,=0.0522,=0.0546,=0.0579,=0.0463,=0.0894,,=111
="H30270",红利价值,2013-12-19,=-0.0003,=9555.8300,=0.0025,=7.9676,=0.7644,=4.4543,=5.4550,=6.8021,=8.5569,=13.0955,=0.8186,=0.6442,=0.5256,=0.6500,=0.7656,=1.2258,=1.7317,=1.6333,=0.9894,=0.5854,=0.8154,=1.0098,=1.3126,=1.6668,=0.0422,=0.2217,=0.0269,=0.0418,=0.0499,=0.0628,=0.0726,=0.0497,=0.0936,=0.0466,=228
="000992",全指金融,2011-08-02,=0.0018,=5475.2500,=-0.0857,=7.9725,=0.3960,=5.9310,=7.1022,=8.2495,=9.0288,=11.6339,=0.7953,=0.3272,=0.6188,=0.7234,=0.8873,=1.1365,=1.5107,=2.1182,=0.8179,=1.1568,=1.4432,=1.8067,=2.0992,=2.6668,=0.0371,=0.5645,=0.0229,=0.0327,=0.0362,=0.0437,=0.0581,=0.0497,=0.0846,=0.0444,=2717
="000029",180价值,2009-01-09,=0.0005,=4183.4800,=-0.0606,=8.0004,=0.5616,=5.6894,=6.9075,=7.8742,=8.4988,=10.8138,=0.8369,=0.3799,=0.6666,=0.8014,=0.8550,=1.0605,=1.4433,=1.1257,=0.9065,=0.6198,=0.7825,=0.9448,=1.0764,=1.4032,=0.0406,=0.2583,=0.0290,=0.0398,=0.0429,=0.0522,=0.0634,=0.0509,=0.0896,=0.0469,=559
="930914",港股通高股息,2016-11-25,=-0.0088,=5123.2100,=0.0418,=8.0488,=0.8216,=3.4280,=4.4420,=5.9988,=7.9319,=11.1979,=0.7755,=0.7208,=0.3979,=0.5045,=0.6334,=0.8500,=1.1764,=1.2593,=0.7922,=0.5144,=0.7099,=0.9285,=1.2640,=2.2126,=0.0514,=0.1330,=0.0387,=0.0544,=0.0655,=0.0862,=0.1194,=0.0472,=0.0918,=0.0489,=800
="931130",红利成长低波,2018-12-04,=-0.0014,=23652.1600,=-0.0027,=8.1409,=0.6101,=4.4465,=5.6074,=7.8255,=8.6986,=11.5512,=0.8153,=0.3524,=0.5279,=0.6273,=0.8946,=1.0232,=1.5803,=2.7562,=0.9942,=0.3109,=0.8163,=1.3299,=2.0208,=2.8088,=0.0394,=0.3428,=0.0246,=0.0323,=0.0422,=0.0532,=0.0639,=0.0468,=0.0934,=0.0427,=158
="HSCCI",恒生香港中资企业指数,1997-06-16,=-0.0071,=4029.9700,=0.0036,=8.3659,=0.4594,=4.8859,=6.8728,=8.7248,=11.3002,=15.9665,=0.7811,=0.3229,=0.5567,=0.7305,=0.8576,=1.1430,=1.3660,=0.9000,=0.3741,=0.5555,=0.7802,=0.9733,=1.3359,=1.5178,=0.0598,=0.6872,=0.0276,=0.0365,=0.0538,=0.0664,=0.1028,=0.0537,=0.0951,=0.0536,=35
="HSHYLV",恒生港股通高股息低波动指数,2017-05-08,=-0.0090,=4248.7500,=-0.0491,=8.3950,=0.9438,=3.5572,=4.6664,=6.0316,=7.4228,=9.5068,=0.7742,=0.7843,=0.3828,=0.4866,=0.5905,=0.8076,=1.1073,=0.6576,=0.1967,=0.4386,=0.6610,=0.8522,=1.4020,=2.0623,=0.0584,=0.3973,=0.0385,=0.0531,=0.0638,=0.0814,=0.1103,,=0.0873,=0.0484,=1584
="000063",上证周期,2010-02-03,=0.0011,=3715.3900,=-0.0843,=8.4462,=0.4545,=5.4761,=7.1362,=8.5732,=9.4385,=12.4946,=0.9387,=0.4668,=0.6668,=0.8368,=0.9504,=1.1009,=1.4831,=1.5071,=0.8368,=0.8113,=1.0636,=1.2496,=1.4630,=1.7571,=0.0381,=0.4499,=0.0252,=0.0353,=0.0386,=0.0518,=0.0626,=0.0561,=0.0975,=0.0493,=213
="H30269",红利低波,2013-12-19,=0.0003,=10897.7200,=-0.0305,=8.4495,=0.7689,=4.5638,=5.5488,=6.9409,=9.4786,=14.4342,=0.8694,=0.6362,=0.5386,=0.6570,=0.7995,=1.3872,=1.9670,=1.6489,=0.9909,=0.6111,=0.8850,=1.0980,=1.4175,=1.6855,=0.0432,=0.2950,=0.0246,=0.0406,=0.0503,=0.0605,=0.0732,=0.0505,=0.0946,=0.0469,=4932
="H50040",上红低波,2014-03-21,=-0.0003,=10780.3900,=-0.0224,=8.4529,=0.7742,=4.6938,=5.9512,=7.1752,=9.6645,=14.3118,=0.8599,=0.5995,=0.5647,=0.6911,=0.8311,=1.3609,=1.8756,=1.6606,=0.9897,=0.6380,=0.8684,=1.2019,=1.4164,=1.6953,=0.0426,=0.3325,=0.0230,=0.0391,=0.0464,=0.0588,=0.0718,=0.0498,=0.0936,=0.0482,=380
="399373",大盘价值,2010-01-04,=0.0023,=8056.4600,=-0.0603,=8.4839,=0.5398,=5.4746,=6.8623,=8.3409,=9.1146,=11.9914,=0.9001,=0.4409,=0.6410,=0.8033,=0.9323,=1.1357,=1.5001,=1.1761,=0.8681,=0.5920,=0.7817,=0.9285,=1.1499,=1.4541,=0.0422,=0.4475,=0.0275,=0.0377,=0.0428,=0.0526,=0.0641,=0.0525,=0.0939,=0.0498,=339
="931446",东证红利低波,2020-04-21,=0.0001,=3335.5200,=-0.0311,=8.5450,=0.8037,=5.1478,=6.1982,=7.2366,=8.5384,=11.0216,=0.8292,=0.7282,=0.5884,=0.6985,=0.7692,=0.8681,=1.2481,=1.5327,=0.9540,=0.5909,=0.7584,=0.9022,=1.3452,=1.5979,=0.0418,=0.2219,=0.0325,=0.0416,=0.0483,=0.0562,=0.0651,=0.0477,=0.0895,=0.0473,=931
="000922",中证红利,2008-05-26,=0.0001,=5527.9700,=0.0044,=8.5946,=0.7927,=5.1762,=6.0245,=7.6580,=8.6151,=11.2156,=0.8497,=0.5175,=0.5911,=0.7110,=0.8424,=1.1012,=1.4999,=1.2816,=0.8805,=0.6332,=0.7726,=1.0442,=1.2416,=1.7101,=0.0422,=0.2377,=0.0309,=0.0413,=0.0471,=0.0596,=0.0693,=0.0487,=0.0895,=0.0440,=20645
="399805",互联金融,2015-02-10,=0.0045,=2879.1500,=-0.2520,=8.6624,=0.0898,=7.5943,=9.4792,=11.2976,=13.1553,=16.5816,=0.9584,=0.1253,=0.7644,=1.0261,=1.3747,=1.7086,=2.0317,=1.7137,=0.6980,=1.1667,=1.4082,=1.6147,=1.7935,=2.2636,=0.0354,=0.8653,=0.0145,=0.0187,=0.0238,=0.0340,=0.0507,=0.0550,=0.0940,=0.0508,=340
="930839",港股通高息精选,2016-06-08,=-0.0054,=3251.0500,=-0.0572,=8.6665,=0.3701,=4.9918,=7.1350,=9.3150,=13.0113,=31.7979,=1.2978,=0.7285,=0.7294,=0.9293,=1.0784,=1.5790,=4.8768,=1.0812,=0.4152,=0.3418,=0.5599,=1.2160,=1.8281,=6.3245,=0.0572,=0.6506,=0.0089,=0.0375,=0.0501,=0.0677,=0.1118,,=0.1444,=0.0781,=402
="399812",养老产业,2014-06-06,=0.0026,=5321.6700,=-0.1595,=8.6921,=0.0033,=8.4559,=17.3118,=20.2296,=25.2556,=31.4367,=1.7042,=0.0161,=1.5864,=2.0189,=2.7731,=3.2414,=4.2954,=1.3201,=0.0305,=1.2170,=1.4435,=1.6755,=1.8719,=2.5548,=0.0292,=0.9864,=0.0096,=0.0132,=0.0174,=0.0245,=0.0306,=0.0998,=0.1459,=0.0698,=6297
="930709",香港证券,2015-07-13,=0.0073,=1294.4400,=-0.0836,=8.7273,=0.0788,=6.3679,=10.1512,=12.7658,=14.8674,=24.4010,=0.9319,=0.4430,=0.5308,=0.7588,=0.9554,=1.1844,=1.5872,=3.3790,=0.5794,=1.7834,=2.5970,=3.1590,=4.1506,=5.9903,=0.0400,=0.7948,=0.0202,=0.0265,=0.0337,=0.0403,=0.0726,=0.0572,=0.0828,=0.0419,=527
="000919",300价值,2008-01-21,=0.0008,=5067.8300,=-0.0471,=8.7339,=0.6279,=5.9577,=7.3283,=8.4456,=9.2359,=12.2376,=0.9128,=0.4260,=0.6917,=0.8489,=0.9310,=1.1227,=1.5388,=1.1280,=0.8488,=0.6314,=0.7861,=0.9060,=1.1128,=1.3421,=0.0405,=0.4775,=0.0265,=0.0370,=0.0407,=0.0490,=0.0609,=0.0515,=0.0921,=0.0477,=4353
="000821",300红利,2012-07-20,=0.0006,=6674.3400,=0.0003,=8.8439,=0.8855,=4.9998,=6.1944,=7.5620,=8.5614,=10.9286,=0.8753,=0.5340,=0.5725,=0.7140,=0.8621,=1.0734,=1.4919,=1.4122,=0.9032,=0.6098,=0.7993,=1.0660,=1.3351,=1.6963,=0.0432,=0.2575,=0.0319,=0.0425,=0.0473,=0.0563,=0.0673,=0.0492,=0.0916,=0.0473,=1014
="930955",红利低波100,2017-05-26,=0,=11185.3100,=-0.0514,=8.8832,=0.8222,=5.0805,=6.0843,=7.4736,=8.6973,=11.5013,=0.8448,=0.5309,=0.5792,=0.6675,=0.8335,=0.9832,=1.3722,=1.4483,=0.8645,=0.5888,=0.7810,=0.9966,=1.3815,=1.7525,=0.0447,=0.3239,=0.0270,=0.0431,=0.0469,=0.0559,=0.0683,=0.0466,=0.0928,=0.0503,=2494
="000015",红利指数,2005-01-04,=-0.0009,=3290.3400,=0.0832,=8.8890,=0.9617,=4.6646,=5.5108,=7.0887,=8.1316,=10.4439,=0.8628,=0.6485,=0.5525,=0.6398,=0.7654,=1.0114,=1.3875,=1.4934,=0.9489,=0.7277,=0.8913,=1.1540,=1.3588,=1.6890,=0.0408,=0.1343,=0.0330,=0.0427,=0.0514,=0.0644,=0.0757,=0.0478,=0.0885,=0.0409,=14315
="000151",上国红利,2012-07-20,=0.0010,=1674.3400,=0.0960,=8.8992,=0.9765,=4.5075,=5.3657,=7.0146,=7.9872,=10.0345,=0.7910,=0.6065,=0.5268,=0.6189,=0.7509,=0.9617,=1.3272,=1.0918,=0.5299,=0.6026,=0.8953,=1.0751,=1.2976,=1.6854,=0.0425,=0.0997,=0.0346,=0.0443,=0.0513,=0.0650,=0.0754,=0.0453,=0.0803,=0.0499,=246
="931644",800红利,2024-03-15,=-0.0010,=2552.1800,=-0.0000,=9.0011,=0.7259,=6.4729,=7.4156,=8.4745,=9.0598,=9.4757,=0.8799,=0.6476,=0.7001,=0.7759,=0.8606,=0.9038,=0.9431,=1.2699,=0.7210,=0.8423,=0.9332,=1.1610,=1.2895,=1.3602,=0.0432,=0.2447,=0.0416,=0.0430,=0.0464,=0.0574,=0.0662,=0.0486,=0.0906,=0.0470,=36
="000968",300周期,2010-05-28,=0.0005,=4162.9800,=-0.0848,=9.0459,=0.4767,=6.1174,=7.8172,=9.1225,=10.2298,=13.3562,=0.9595,=0.4285,=0.7021,=0.8484,=0.9937,=1.1598,=1.5550,=1.5397,=0.8327,=0.8459,=1.0834,=1.2650,=1.5131,=1.8297,=0.0367,=0.5715,=0.0230,=0.0323,=0.0360,=0.0470,=0.0569,=0.0541,=0.0922,=0.0475,=104
="000824",国企红利,2012-07-20,=0.0008,=2155.3200,=0.0161,=9.0914,=0.9543,=4.8847,=5.9406,=7.3386,=8.5589,=10.7823,=0.8815,=0.6230,=0.5610,=0.6880,=0.8236,=1.0527,=1.4469,=1.3149,=0.8727,=0.5370,=0.7016,=0.9867,=1.2729,=1.6834,=0.0422,=0.2200,=0.0328,=0.0419,=0.0481,=0.0583,=0.0694,=0.0481,=0.0892,=0.0457,=972
="HSML25",恒生中国(香港上市)30指数,2003-01-20,=0.0075,=8702.4300,=-0.0803,=9.1187,=0.5024,=5.7712,=7.9406,=9.1055,=10.2891,=13.0207,=1.0530,=0.4232,=0.7256,=0.9442,=1.0772,=1.2097,=1.5098,=1.6567,=0.7169,=0.9123,=1.1615,=1.4625,=1.7434,=2.4187,=0.0364,=0.4618,=0.0247,=0.0321,=0.0368,=0.0450,=0.0643,=0.0573,=0.1051,=0.0524,=271
="932153",港股通价值策略,2025-04-30,=-0.0060,=1121.6900,=0.0675,=9.1359,=0.1043,=8.1696,=9.4456,=10.0480,=10.3558,=10.9237,=0.8071,=0.1768,=0.7012,=0.8162,=0.8707,=0.8982,=0.9365,=0.9546,=0.1797,=0.8168,=0.9621,=1.0196,=1.0611,=1.1126,=0.0439,=0.7188,=0.0397,=0.0414,=0.0429,=0.0445,=0.0538,,=0.0817,=0.0427,=16
="930740",300红利LV,2018-12-04,=-0.0007,=6935.7900,=-0.0325,=9.1503,=0.8943,=5.4153,=6.8556,=7.5588,=8.7952,=9.6903,=0.8757,=0.5552,=0.6159,=0.7748,=0.8594,=0.9446,=1.0604,=1.6018,=0.8901,=0.6725,=0.8604,=1.0846,=1.5234,=1.9253,=0.0427,=0.2625,=0.0370,=0.0419,=0.0451,=0.0509,=0.0622,=0.0462,=0.0932,=0.0455,=657
="931722",国新港股通央企红利,2023-09-13,=-0.0052,=1335.2300,=0.0132,=9.1632,=0.7218,=5.5040,=6.7508,=7.8871,=9.5334,=10.8173,=0.8452,=0.5511,=0.6213,=0.7436,=0.8321,=0.9069,=1.0298,=0.5822,=0.6909,=0.3100,=0.3863,=0.4937,=0.6083,=0.6918,=0.0560,=0.1801,=0.0469,=0.0565,=0.0613,=0.0682,=0.0823,=0.0500,=0.0875,=0.0488,=384
="931848",800红利低波,2024-05-21,=0.0002,=3123.1900,=-0.0133,=9.1952,=0.5954,=7.4155,=8.3223,=9.0718,=9.4486,=9.7854,=0.8870,=0.3152,=0.7315,=0.8585,=0.9136,=0.9673,=1.0024,=1.6934,=0.9720,=1.1714,=1.2434,=1.3582,=1.4051,=1.7274,=0.0412,=0.2154,=0.0399,=0.0411,=0.0433,=0.0516,=0.0594,=0.0462,=0.0929,=0.0480,=164
="000925",基本面50,2009-02-26,=0.0020,=4261.2200,=-0.0773,=9.2460,=0.5196,=6.2635,=7.9688,=9.1933,=10.0957,=12.7955,=1.0053,=0.4067,=0.7306,=0.9013,=1.0401,=1.1921,=1.5728,=1.0624,=0.6799,=0.6037,=0.7864,=0.9668,=1.1049,=1.4866,=0.0385,=0.5455,=0.0256,=0.0338,=0.0376,=0.0468,=0.0563,=0.0530,=0.0882,=0.0468,=4569
="H30356",800价值,2014-06-09,=-0.0005,=6280.6200,=-0.0550,=9.2669,=0.5728,=6.4024,=7.7194,=9.0784,=9.9315,=13.4784,=0.9534,=0.4484,=0.7030,=0.8646,=0.9815,=1.1607,=1.6287,=1.0726,=0.7771,=0.5868,=0.7418,=0.8888,=1.0833,=1.3738,=0.0396,=0.5656,=0.0239,=0.0337,=0.0387,=0.0474,=0.0589,=0.0510,=0.0908,=0.0471,=37
="950090",50AH优选,2015-12-10,=0.0017,=5925.7300,=-0.0418,=9.2716,=0.6396,=6.3188,=7.9172,=8.7098,=9.8650,=13.5010,=1.0497,=0.5546,=0.7914,=0.9506,=1.0339,=1.1228,=1.5403,=1.3582,=0.9288,=0.6574,=0.8491,=0.9592,=1.0890,=1.4553,=0.0381,=0.4231,=0.0256,=0.0346,=0.0397,=0.0476,=0.0655,=0.0564,=0.1007,=0.0530,=2005
="HSCESI",恒生中国企业精明指数,2015-06-08,=0.0028,=12059.3200,=-0.0611,=9.3603,=0.6767,=6.0524,=7.9817,=8.7166,=10.0620,=15.8114,=1.0117,=0.4957,=0.6924,=0.9063,=1.0130,=1.1579,=1.7191,=1.3356,=0.7123,=0.8066,=1.0062,=1.1021,=1.4384,=2.0876,=0.0359,=0.3395,=0.0200,=0.0332,=0.0380,=0.0443,=0.0600,=0.0555,=0.1052,=0.0534,=93
="HSCEI",恒生中国企业指数,1994-08-08,=0.0028,=8362.6000,=-0.0618,=9.3962,=0.6810,=6.0524,=7.9850,=8.7282,=10.0931,=15.8114,=1.0149,=0.5024,=0.6924,=0.9062,=1.0145,=1.1595,=1.7191,=1.3397,=0.7120,=0.8066,=1.0068,=1.1021,=1.4420,=2.0876,=0.0357,=0.3316,=0.0200,=0.0331,=0.0380,=0.0443,=0.0600,=0.0555,=0.1052,=0.0534,=4778
="931375",300质量低波,2019-11-25,=0.0012,=15580.8700,=-0.0812,=9.4231,=0.3464,=6.4946,=8.1787,=10.8729,=13.5270,=22.0532,=1.3351,=0.4146,=0.8054,=1.0893,=1.5049,=2.0474,=3.3245,=2.4987,=0.9596,=1.0044,=1.3422,=1.6898,=2.1112,=2.7563,=0.0343,=0.4496,=0.0151,=0.0279,=0.0348,=0.0402,=0.0521,=0.0704,=0.1211,=0.0580,=117
="000825",央企红利,2012-07-20,=-0.0055,=3499.9200,=0.0135,=9.4460,=0.9707,=4.7369,=6.0940,=7.3096,=8.5477,=10.5687,=0.9191,=0.6799,=0.5507,=0.6915,=0.8555,=0.9914,=1.3929,=1.2689,=0.8896,=0.6009,=0.8548,=1.0865,=1.2260,=1.7357,=0.0411,=0.1244,=0.0330,=0.0422,=0.0473,=0.0555,=0.0713,=0.0474,=0.0902,=0.0455,=408
="931373",股息龙头,2019-11-15,=0.0016,=2701.5800,=-0.0296,=9.4646,=0.7426,=5.4295,=6.9275,=8.4778,=9.6551,=11.4004,=1.1877,=0.9194,=0.6697,=0.8586,=1.0203,=1.1410,=1.2586,=1.8028,=0.9711,=0.5706,=0.8183,=1.0023,=1.4231,=1.9212,=0.0399,=0.2201,=0.0347,=0.0397,=0.0461,=0.0541,=0.0682,=0.0602,=0.1004,=0.0502,=330
="930723",沪港深F100,2015-08-05,=0.0020,=5043.5300,=-0.0095,=9.5039,=0.6080,=5.4557,=7.5729,=9.0720,=10.1716,=13.1279,=1.0117,=0.5123,=0.6469,=0.8477,=1.0072,=1.1152,=1.4626,=1.2945,=0.7955,=0.6039,=0.8635,=1.0804,=1.2980,=1.6654,=0.0386,=0.4480,=0.0281,=0.0354,=0.0393,=0.0500,=0.0650,=0.0533,=0.0926,=0.0486,=151
="399371",国证价值,2010-01-04,=0.0001,=6918.3600,=-0.0396,=9.5644,=0.6185,=6.4728,=7.8356,=9.0971,=10.2719,=13.0475,=0.9833,=0.4516,=0.7249,=0.8967,=1.0003,=1.2129,=1.5675,=1.1121,=0.8220,=0.5764,=0.7536,=0.8693,=1.0955,=1.3812,=0.0391,=0.4722,=0.0249,=0.0347,=0.0395,=0.0477,=0.0565,=0.0518,=0.0892,=0.0483,=153
="931052",国信价值,2017-12-08,=-0.0007,=3476.9500,=0.0074,=9.5708,=0.8645,=5.3831,=6.6122,=7.4809,=8.9614,=11.0091,=1.2862,=0.8594,=0.7343,=0.9141,=1.0357,=1.1938,=1.5208,=1.7196,=0.9011,=0.6105,=0.9583,=1.2501,=1.4874,=2.0196,=0.0417,=0.3690,=0.0262,=0.0385,=0.0439,=0.0529,=0.0692,=0.0673,=0.1267,=0.0662,=614
="930931",港股通50,2017-01-16,=0.0011,=3852.2800,=-0.0067,=9.5742,=0.4294,=6.5385,=8.7205,=9.8086,=11.3473,=15.8907,=1.0703,=0.4185,=0.7428,=0.9482,=1.0948,=1.1780,=1.6058,=1.8152,=0.6615,=1.1204,=1.4735,=1.7161,=1.9106,=2.6369,=0.0357,=0.4284,=0.0233,=0.0327,=0.0370,=0.0436,=0.0589,=0.0564,=0.0997,=0.0507,=296
="932305",智选高股息,2024-09-30,=0.0010,=10934.7700,=-0.0202,=9.6543,=0.8396,=7.0143,=7.5291,=8.4359,=9.5475,=10.9391,=1.0324,=0.3563,=0.8750,=0.9287,=1.0535,=1.0850,=1.1675,=0.5151,=0.0604,=0.4805,=0.7141,=0.7655,=1.2627,=1.3342,=0.0631,=0.5042,=0.0457,=0.0595,=0.0630,=0.0683,=0.0723,=0.0498,=0.1000,=0.0567,=375
="000056",上证国企,2010-01-04,=-0.0014,=1241.8000,=-0.0044,=9.6930,=0.4887,=7.2538,=8.8792,=9.7287,=10.7955,=13.3187,=1.1329,=0.5534,=0.8518,=1.0314,=1.1195,=1.2089,=1.5455,=1.7564,=0.9790,=0.7909,=0.9986,=1.1199,=1.2486,=1.8201,=0.0374,=0.5909,=0.0242,=0.0312,=0.0354,=0.0430,=0.0568,=0.0592,=0.1060,=0.0559,=207
="931069",中金300,2018-02-14,=0.0011,=4757.8000,=-0.0493,=9.7503,=0.6079,=5.9518,=7.6029,=9.3307,=10.4629,=13.6164,=1.0460,=0.4645,=0.7377,=0.9272,=1.0623,=1.3497,=1.8328,=1.3251,=0.7828,=0.6656,=0.8746,=1.1186,=1.3350,=1.7542,=0.0395,=0.5642,=0.0253,=0.0318,=0.0386,=0.0471,=0.0560,=0.0549,=0.0958,=0.0488,=104
="000806",消费服务,2012-02-10,=0.0024,=7737.4800,=-0.0814,=9.7752,=0.0890,=9.0076,=10.0660,=10.8055,=11.8704,=17.0971,=1.0813,=0.0733,=1.0009,=1.1854,=1.3419,=1.5460,=2.0145,=2.2232,=0.6226,=1.6526,=1.9529,=2.1419,=2.3803,=3.0032,=0.0359,=0.8253,=0.0198,=0.0244,=0.0295,=0.0356,=0.0497,=0.0554,=0.1002,=0.0519,=429
="930957",港股通中国100,2017-06-23,=0.0028,=3556,=-0.0607,=9.7764,=0.6372,=5.4625,=7.6158,=9.0366,=10.7848,=13.3106,=1.0808,=0.5151,=0.6571,=0.8673,=1.0756,=1.1980,=1.5222,=1.3701,=0.7904,=0.6789,=0.9672,=1.1338,=1.3794,=1.6609,=0.0361,=0.4578,=0.0251,=0.0331,=0.0367,=0.0501,=0.0691,,=0.1032,=0.0524,=21
="000042",上证央企,2009-03-30,=-0.0020,=1738.4400,=-0.0403,=9.8267,=0.6893,=6.3284,=7.8863,=9.2285,=10.0892,=12.9577,=1.0188,=0.6308,=0.7230,=0.8871,=0.9828,=1.1047,=1.4812,=1.3345,=0.9835,=0.6569,=0.8569,=0.9790,=1.1602,=1.3891,=0.0363,=0.2802,=0.0261,=0.0353,=0.0381,=0.0469,=0.0583,=0.0513,=0.0920,=0.0463,=392
="932422",A500红利低波,2025-04-09,=-0.0025,=2992.1500,=-0.0357,=10.0866,=0.5618,=9.0426,=9.7925,=10.0405,=10.2226,=10.5846,=0.9681,=0.1264,=0.8811,=0.9872,=1.0358,=1.0545,=1.0978,=1.3924,=0.4831,=1.2431,=1.2992,=1.3970,=1.4611,=1.5336,=0.0419,=0.5478,=0.0388,=0.0404,=0.0416,=0.0431,=0.0466,=0.0468,=0.0948,=0.0455,=414
="399550",央视50,2012-06-06,=0.0052,=7880.3500,=-0.0261,=10.1016,=0.7689,=6.8960,=8.3241,=9.3813,=10.1711,=13.0561,=1.0258,=0.2666,=0.8649,=1.0116,=1.2232,=1.4261,=1.8564,=2.0936,=0.8377,=1.3448,=1.6645,=1.8457,=2.0726,=2.5217,=0.0392,=0.5698,=0.0268,=0.0326,=0.0378,=0.0446,=0.0593,=0.0497,=0.0945,=0.0500,=2278
="980081",价值100,2012-12-28,,,=-0.0061,=10.1056,=0.7512,=7.7317,=8.3862,=9.2177,=10.2760,=11.5920,=1.0753,=0.6233,=0.8413,=0.8871,=1.0315,=1.1121,=1.3448,=1.2002,=0.9093,=0.7580,=0.8118,=1.0058,=1.1578,=1.2392,=0.0474,=0.4419,=0.0420,=0.0453,=0.0484,=0.0538,=0.0599,=0.0556,=0.0995,=0.0565,=572
="000859",国企一带一路,2019-05-16,=-0.0067,=1823.1300,=0.0009,=10.2149,=0.1091,=9.4709,=10.4708,=12.4256,=14.4637,=21.0714,=1.0221,=0.0800,=0.9283,=1.1295,=1.4268,=1.7689,=2.1877,=1.1802,=0.9910,=0.4715,=0.5671,=0.7444,=0.8993,=1.2029,=0.0360,=0.7644,=0.0208,=0.0254,=0.0320,=0.0368,=0.0454,=0.0493,=0.0898,=0.0436,=276
="932431",300质量,2025-03-18,=-0.0009,=1868.2300,=-0.0871,=10.4268,=0.7882,=9.4685,=10.0087,=10.1850,=10.4356,=11.0156,=1.1385,=0.6300,=1.0616,=1.1050,=1.1307,=1.1493,=1.1879,=2.2244,=0.5925,=2.0194,=2.1545,=2.2091,=2.2563,=2.3386,=0.0350,=0.1743,=0.0331,=0.0352,=0.0372,=0.0390,=0.0487,=0.0534,=0.1012,=0.0518,=18
="932255",A500红利增长,2025-04-09,=0.0018,=2953.4400,=-0.0277,=10.5669,=0.3174,=9.2509,=10.4314,=10.8598,=11.7043,=12.2754,=1.2426,=0.2612,=1.0684,=1.2266,=1.2756,=1.3558,=1.4369,=1.7009,=0.2949,=1.3292,=1.6788,=1.7440,=1.9509,=2.0549,=0.0345,=0.3146,=0.0327,=0.0339,=0.0353,=0.0372,=0.0393,=0.0594,=0.1066,=0.0575,=46
="000901",小康指数,2010-04-02,=-0.0005,=5884.6700,=-0.0724,=10.5753,=0.3655,=8.5492,=9.9918,=10.8966,=12.4436,=15.5671,=1.0249,=0.0515,=0.9488,=1.0761,=1.2008,=1.4063,=1.7818,=1.0282,=0.6646,=0.7500,=0.8929,=0.9817,=1.0556,=1.2662,=0.0353,=0.7647,=0.0175,=0.0252,=0.0298,=0.0364,=0.0436,=0.0502,=0.0878,=0.0483,=259
="HSLI",恒生综合大型股指数,2001-10-03,=0.0030,=2310.2800,=-0.0405,=10.5837,=0.5028,=6.9327,=9.1517,=10.5785,=11.7587,=17.6478,=1.1326,=0.5483,=0.7133,=0.9439,=1.1183,=1.2416,=1.6032,=1.5013,=0.6032,=0.8297,=1.1852,=1.4404,=1.6322,=2.0023,=0.0352,=0.4545,=0.0207,=0.0314,=0.0355,=0.0440,=0.0582,,=0.1004,=0.0513,=102
="930629",CSSW健康,2015-05-08,=0.0022,=5690.0500,=-0.0063,=10.6167,=0.0058,=10.2049,=17.2877,=21.3795,=38.2916,=49.9253,=1.9683,=0.0919,=1.7351,=2.1330,=3.0149,=4.5721,=6.2998,=1.5449,=0.1895,=1.2755,=1.5481,=1.8645,=4.7309,=7.2978,=0.0240,=0.9637,=0.0061,=0.0078,=0.0162,=0.0214,=0.0272,=0.0965,=0.1388,=0.0667,=282
="930608",中证基建,2015-03-31,=-0.0051,=7185.6900,=-0.1533,=10.6567,=0.5525,=6.6667,=8.6208,=10.4280,=12.9428,=25.2863,=0.6804,=0.0054,=0.6550,=0.8042,=1.0869,=1.3908,=2.2134,=0.2138,=0.1582,=0.1701,=0.2187,=0.3308,=0.4504,=0.7101,=0.0285,=0.7491,=0.0095,=0.0180,=0.0216,=0.0291,=0.0388,=0.0277,=0.0583,=0.0357,=665
="399995",基建工程,2015-03-12,=-0.0051,=3543.3400,=-0.0930,=10.7071,=0.8105,=5.8673,=7.3439,=8.2803,=10.5337,=18.8590,=0.6284,=0.0087,=0.5815,=0.7176,=0.8851,=1.2520,=2.1834,=0.1840,=0.2785,=0.1368,=0.1784,=0.2018,=0.3204,=0.5478,=0.0282,=0.7618,=0.0106,=0.0196,=0.0247,=0.0289,=0.0415,=0.0250,=0.0543,=0.0331,=2700
="000021",180治理,2008-09-10,=0.0016,=1028.7100,=-0.0547,=10.7549,=0.8344,=6.3364,=8.4357,=9.7646,=10.6378,=13.6109,=1.1208,=0.5855,=0.7542,=0.9755,=1.0948,=1.2124,=1.5847,=1.4366,=0.9506,=0.6625,=0.8519,=0.9541,=1.1554,=1.4979,=0.0380,=0.5913,=0.0241,=0.0330,=0.0367,=0.0448,=0.0548,=0.0515,=0.0995,=0.0515,=169
="931586",300价值稳健,2020-11-09,=0.0016,=7171.2700,=-0.0605,=10.7963,=0.3703,=8.1741,=9.7199,=11.1820,=12.7067,=15.0111,=1.2217,=0.2412,=0.9699,=1.1967,=1.3192,=1.5103,=1.6570,=1.3285,=0.8282,=0.7359,=0.8668,=0.9906,=1.2913,=1.5639,=0.0373,=0.5210,=0.0248,=0.0322,=0.0371,=0.0406,=0.0470,=0.0557,=0.1070,=0.0599,=44
="000016",上证50,2004-01-02,=0.0043,=2899.0400,=-0.0436,=10.8015,=0.5863,=8.3126,=9.6664,=10.5667,=11.5646,=15.1108,=1.2439,=0.5183,=1.0245,=1.1706,=1.2404,=1.3330,=1.6482,=1.5840,=0.9485,=0.8665,=1.0182,=1.1426,=1.3053,=1.6553,=0.0326,=0.4265,=0.0240,=0.0291,=0.0333,=0.0397,=0.0497,=0.0576,=0.1007,=0.0530,=23686
="000052",50基本,2012-01-09,=0.0019,=2767.9800,=-0.0846,=10.8015,=0.5863,=8.3126,=9.6677,=10.5683,=11.5646,=15.1108,=1.2439,=0.5196,=1.0245,=1.1706,=1.2403,=1.3328,=1.6471,=1.5840,=0.9485,=0.8665,=1.0185,=1.1427,=1.3053,=1.6553,=0.0326,=0.4821,=0.0238,=0.0291,=0.0329,=0.0398,=0.0497,=0.0576,=0.1007,=0.0530,=28
="HSAHP",恒生沪深港通AH股溢价指数,2007-07-09,=0.0044,=124.5400,=0.0087,=10.8853,=0.8960,=5.5550,=7.1430,=8.3701,=9.8594,=12.3156,=1.1483,=0.9036,=0.6208,=0.7734,=0.9226,=1.0865,=1.3863,=1.2723,=0.9269,=0.5653,=0.7668,=0.9030,=1.0956,=1.3750,=0.0319,=0.0545,=0.0268,=0.0344,=0.0398,=0.0520,=0.0665,=0.0527,=0.0958,=0.0629,=349
="HSISC",恒指港股通指数,2024-03-01,=0.0015,=3429.6000,=-0.0193,=10.8933,=0.5350,=7.5992,=8.7032,=10.7510,=11.8854,=12.8475,=1.2139,=0.5908,=0.8411,=0.9250,=1.1614,=1.2548,=1.3442,=1.4949,=0.5541,=0.9830,=1.1454,=1.4619,=1.6078,=1.7320,=0.0351,=0.3615,=0.0322,=0.0341,=0.0376,=0.0499,=0.0595,,=0.1034,=0.0526,=52
="930846",300SNLV,2016-06-24,=0.0023,=6710.6500,=0.0145,=10.9243,=0.8410,=7.7900,=9.2103,=10.1831,=10.7928,=12.6275,=1.0383,=0.2200,=0.8340,=1.0341,=1.0886,=1.2099,=1.5027,=1.2997,=0.7347,=0.7711,=0.9528,=1.1620,=1.3326,=1.6864,=0.0381,=0.6403,=0.0239,=0.0320,=0.0362,=0.0404,=0.0486,=0.0462,=0.0917,=0.0457,=151
="HSLMI",恒生综合大中型股指数,2015-06-08,=0.0018,=3929.5800,=-0.0473,=10.9270,=0.5512,=7.0073,=9.3073,=10.6749,=12.3479,=17.7261,=1.1056,=0.5162,=0.6929,=0.9060,=1.1008,=1.2279,=1.5417,=1.2990,=0.6807,=0.6858,=0.9753,=1.1828,=1.3720,=1.6465,=0.0348,=0.5244,=0.0214,=0.0309,=0.0346,=0.0437,=0.0602,,,=0.0481,=88
="932450",香港现金流,2025-02-28,=-0.0104,=1602.1500,=-0.2032,=10.9727,=0.8021,=6.6300,=8.2209,=10.0470,=10.9222,=12.5131,=1.0820,=0.3728,=0.7408,=0.8621,=1.1355,=1.2697,=1.5038,=0.5427,=0.3470,=0.4577,=0.5251,=0.8142,=1.0060,=1.2561,=0.0466,=0.4242,=0.0367,=0.0428,=0.0509,=0.0595,=0.0728,=0.0719,=0.0849,=0.1131,=13
="HSI",恒生指数,1989-03-09,=0.0018,=25087.7500,=-0.0212,=11.0183,=0.6058,=6.9462,=9.2277,=10.3754,=12.2508,=16.9606,=1.2083,=0.6725,=0.7519,=0.9738,=1.1335,=1.2676,=1.5570,=1.4398,=0.5008,=0.8141,=1.1481,=1.4396,=1.6542,=2.0895,=0.0348,=0.3312,=0.0204,=0.0330,=0.0368,=0.0444,=0.0596,,=0.1029,=0.0528,=13678
="000043",超大盘,2009-04-23,=0.0027,=2537.9000,=-0.0301,=11.1405,=0.5525,=7.5271,=9.4626,=10.9299,=12.7802,=17.2195,=1.3303,=0.4038,=0.9803,=1.2132,=1.3551,=1.5050,=1.9858,=2.1629,=0.9353,=0.7153,=0.8731,=1.2848,=1.5373,=2.3305,=0.0330,=0.5245,=0.0191,=0.0244,=0.0327,=0.0406,=0.0547,=0.0574,=0.1053,=0.0539,=168
="931476",ESG 120策略,2020-04-30,=0.0017,=1408.3300,=0.0101,=11.2630,=0.6437,=7.8289,=9.6490,=10.6672,=11.8212,=13.2171,=1.3284,=0.6869,=1.0061,=1.1790,=1.2596,=1.3630,=1.7130,=1.5721,=0.9149,=0.7906,=1.0608,=1.1673,=1.4226,=1.6292,=0.0332,=0.4130,=0.0251,=0.0296,=0.0348,=0.0386,=0.0488,=0.0596,=0.1050,=0.0532,=53
="1000010",上海B股,1994-01-10,,,,=11.3085,=0.0808,=6.8464,=12.4532,=17.8025,=37.2537,=68.1787,=0.9230,=0.2476,=0.7158,=0.9058,=1.0033,=1.2149,=1.6956,=0.6840,=0.7058,=0.3163,=0.4060,=0.5565,=0.7245,=1.2119,=0.0564,=0.9926,=0.0085,=0.0245,=0.0349,=0.0436,=0.2559,,=0.0654,=0.0290,=133
="931412",证券公司30,2020-02-20,=0.0027,=1424.0800,=-0.1242,=11.3689,=0.0044,=11.0895,=15.8299,=18.4745,=22.4848,=36.9291,=1.2424,=0.1560,=1.0327,=1.2646,=1.4386,=1.6908,=2.4365,=4.6932,=0.1029,=3.9462,=5.0225,=5.5559,=6.6772,=9.6353,=0.0253,=0.9925,=0.0091,=0.0148,=0.0169,=0.0216,=0.0259,=0.0564,=0.0861,=0.0429,=41
="931395",沪港深300,2020-01-14,=0.0025,=1674.7600,=-0.0287,=11.4471,=0.5739,=8.3275,=10.0438,=10.9355,=12.5300,=16.6490,=1.2527,=0.5473,=0.9663,=1.1073,=1.2291,=1.3670,=1.7241,=1.5395,=0.7317,=0.9881,=1.1757,=1.3412,=1.5866,=1.8801,=0.0319,=0.4433,=0.0218,=0.0275,=0.0329,=0.0392,=0.0499,=0.0551,=0.0972,=0.0503,=513
="000010",上证180,2002-07-01,=0.0012,=9714.1800,=-0.0301,=11.5161,=0.6288,=8.4900,=9.9408,=11.0450,=12.1444,=14.6942,=1.2246,=0.4153,=0.9930,=1.1498,=1.2523,=1.3646,=1.6698,=1.4023,=0.8871,=0.8990,=1.0652,=1.1991,=1.3171,=1.4916,=0.0317,=0.5431,=0.0224,=0.0272,=0.0313,=0.0373,=0.0465,=0.0532,=0.0943,=0.0490,=2511
="931155",300质量成长,2019-04-22,=0.0002,=10637.6000,=0.0519,=11.5336,=0.3019,=7.3805,=10.8243,=13.5412,=15.2125,=31.0699,=1.9304,=0.3230,=1.1055,=1.6676,=2.2343,=2.7988,=5.3844,=2.8619,=0.8907,=1.3218,=1.7785,=2.1987,=2.6638,=3.8395,=0.0273,=0.6465,=0.0092,=0.0212,=0.0254,=0.0311,=0.0464,=0.0883,=0.1462,=0.0662,=79
="399437",证券龙头,2014-12-30,=0.0027,=5916.1900,=-0.1315,=11.6983,=0.0029,=11.3970,=17.3040,=19.9524,=25.0353,=43.0253,=1.2643,=0.1347,=1.0547,=1.2926,=1.5136,=1.7915,=2.3633,=4.8089,=0.0700,=3.9970,=5.3300,=6.1753,=7.2498,=9.5068,=0.0247,=0.9782,=0.0092,=0.0139,=0.0161,=0.0209,=0.0262,=0.0556,=0.0851,=0.0421,=726
="399313",巨潮100,2005-02-03,=0.0036,=5191.5400,=-0.0469,=11.8392,=0.6473,=8.9278,=10.3882,=11.1629,=12.4332,=16.6101,=1.3455,=0.5142,=1.0718,=1.2426,=1.3415,=1.4929,=1.8501,=1.6682,=0.9724,=0.9844,=1.1492,=1.2754,=1.4665,=1.7644,=0.0299,=0.4520,=0.0217,=0.0274,=0.0303,=0.0349,=0.0452,=0.0570,=0.0999,=0.0492,=211
="000048",责任指数,2009-08-05,=0.0009,=1340.6500,=-0.0914,=11.8609,=0.7903,=7.8628,=9.5548,=10.5490,=11.9202,=14.1982,=1.3118,=0.5488,=0.9056,=1.1404,=1.2957,=1.4365,=1.7866,=1.1692,=0.9843,=0.5718,=0.6942,=0.8011,=0.9402,=1.1998,=0.0380,=0.6440,=0.0223,=0.0285,=0.0322,=0.0399,=0.0469,=0.0571,=0.0991,=0.0518,=134
="931589",300成长创新,2020-11-09,=0.0042,=8956.6900,=-0.0048,=11.8628,=0.2069,=10.6098,=11.8460,=13.6616,=15.5359,=20.1796,=1.7183,=0.2889,=1.3380,=1.6024,=1.8782,=2.2035,=2.7280,=2.6729,=0.8731,=1.9217,=2.1791,=2.3021,=2.5722,=3.8579,=0.0284,=0.5512,=0.0176,=0.0235,=0.0279,=0.0318,=0.0434,=0.0696,=0.1244,=0.0574,=1
="931168",绿色价值100,2019-06-27,=0.0002,=1479.1800,=-0.0055,=11.9708,=0.6251,=8.4906,=9.9946,=11.3803,=12.7980,=14.6050,=1.3219,=0.5961,=1.0223,=1.1898,=1.2862,=1.4018,=1.6052,=1.5328,=0.8760,=0.9649,=1.1324,=1.2552,=1.3781,=1.6482,=0.0316,=0.5091,=0.0243,=0.0293,=0.0315,=0.0356,=0.0439,=0.0558,=0.1011,=0.0439,=13
="932457",港股通现金流,2025-02-28,=-0.0062,=1932.2900,=-0.0178,=11.9914,=0.9332,=7.5325,=9.0847,=10.5192,=11.6708,=12.5288,=1.2161,=0.5707,=1.0440,=1.1431,=1.1988,=1.2934,=1.5343,=0.6385,=0.1105,=0.5752,=0.8366,=0.9498,=1.1749,=1.4545,=0.0431,=0.2391,=0.0402,=0.0428,=0.0485,=0.0619,=0.0701,=0.0607,=0.1033,=0.0695,=46
="931802",中证龙头,2010-02-09,=0.0039,=1769.2500,=-0.0406,=12.1427,=0.3873,=9.1945,=11.4192,=12.4396,=14.0025,=18.2393,=1.9638,=0.8636,=1.2921,=1.4791,=1.6778,=1.9074,=2.6625,=2.5777,=0.9506,=0.9048,=1.0909,=1.3928,=2.0261,=2.8954,=0.0296,=0.5245,=0.0165,=0.0261,=0.0293,=0.0352,=0.0446,=0.0820,=0.1325,=0.0640,=100
="H30455",沪港深500,2014-11-28,=0.0023,=2544.4200,=-0.0424,=12.1907,=0.6248,=8.5690,=10.3715,=11.5538,=13.2242,=16.8903,=1.3056,=0.5205,=0.9675,=1.1610,=1.2976,=1.4056,=1.7307,=1.5230,=0.7982,=0.9518,=1.1783,=1.3318,=1.5244,=1.7787,=0.0309,=0.5324,=0.0214,=0.0275,=0.0306,=0.0375,=0.0485,=0.0548,=0.0960,=0.0497,=528
="HSCAIT",恒生A股行业龙头指数,2009-09-21,=0.0034,=5447.5200,=-0.0545,=12.2358,=0.8457,=8.2192,=9.8048,=10.5647,=11.9306,=14.1027,=1.3439,=0.7593,=1.0288,=1.1896,=1.2694,=1.3566,=1.6997,=1.3608,=0.9593,=0.8424,=0.9751,=1.0601,=1.2271,=1.4109,=0.0343,=0.4428,=0.0260,=0.0318,=0.0347,=0.0405,=0.0503,=0.0541,=0.1023,=0.0521,=495
="1000015",港股全指,2000-01-01,=0.0018,=25087.7500,=-0.0212,=12.2447,=0.5955,=7.5917,=10.2569,=11.4481,=13.6002,=19.1348,=1.0813,=0.5248,=0.6574,=0.8625,=1.0721,=1.1863,=1.5123,=1.1605,=0.5719,=0.6196,=0.8644,=1.1076,=1.2707,=1.5791,=0.0337,=0.5297,=0.0205,=0.0300,=0.0332,=0.0422,=0.0574,,,,=307
="931402",证券先锋,2020-01-14,=0.0026,=1812.5900,=-0.1308,=12.2532,=0.0043,=11.9356,=17.1077,=20.6607,=25.6381,=41.4692,=1.2645,=0.1504,=1.0487,=1.2854,=1.4480,=1.7428,=2.4715,=4.9488,=0.1073,=4.0917,=5.3082,=5.8851,=7.0389,=10.0278,=0.0237,=0.9852,=0.0081,=0.0135,=0.0151,=0.0204,=0.0246,=0.0539,=0.0819,=0.0405,=97
="932365",中证现金流,2024-12-11,=-0.0014,=4708.3900,=-0.1062,=12.2841,=0.4896,=10.1873,=11.0216,=12.3513,=14.5544,=15.8261,=1.5397,=0.0462,=1.4661,=1.6441,=1.7554,=1.8759,=2.0150,=1.2353,=0.3741,=0.8463,=1.1130,=1.3664,=1.5010,=1.6205,=0.0387,=0.3972,=0.0305,=0.0360,=0.0412,=0.0469,=0.0550,=0.0684,=0.1155,=0.0697,=747
="399807",高铁产业,2015-01-20,=-0.0029,=1102.1500,=-0.1128,=12.2863,=0.3836,=9.4881,=11.2215,=12.7328,=14.6644,=24.3532,=0.7463,=0.0087,=0.7241,=0.9121,=1.0194,=1.4158,=2.3973,=0.3910,=0.3074,=0.3063,=0.3760,=0.4187,=0.4619,=0.6435,=0.0287,=0.8467,=0.0090,=0.0147,=0.0238,=0.0281,=0.0348,=0.0257,=0.0541,=0.0293,=598
="399975",证券公司,2013-07-15,=0.0026,=744.2400,=-0.1271,=12.3506,=0.0029,=12.0295,=18.5623,=21.4855,=26.4841,=46.0250,=1.2624,=0.1389,=1.0494,=1.2947,=1.5330,=1.8383,=2.4199,=4.9603,=0.0742,=4.0997,=5.4448,=6.3036,=7.4089,=10.0865,=0.0235,=0.9864,=0.0082,=0.0129,=0.0150,=0.0201,=0.0244,=0.0534,=0.0810,=0.0402,=9934
="000028",180成长,2009-01-09,=0.0043,=3833.2200,=-0.0204,=12.5545,=0.2192,=9.5268,=12.3845,=14.6714,=18.2344,=25.1474,=2.0441,=0.2950,=1.5063,=1.8758,=2.6889,=3.1694,=5.1089,=2.4440,=0.9740,=1.1581,=1.4654,=1.6411,=1.8990,=2.7082,=0.0253,=0.7965,=0.0090,=0.0178,=0.0225,=0.0254,=0.0375,=0.0884,=0.1358,=0.0573,=195
="932039",央企股东回报,2022-11-16,=-0.0079,=1663.1200,=0.0481,=12.6013,=0.8638,=8.0198,=9.7423,=11.1176,=12.1368,=13.8005,=1.2420,=0.8802,=0.8847,=1.0173,=1.1203,=1.1927,=1.4098,=0.8131,=0.9020,=0.3642,=0.4271,=0.5346,=0.7311,=0.8821,=0.0417,=0.1961,=0.0383,=0.0417,=0.0447,=0.0472,=0.0553,=0.0509,=0.0905,=0.0450,=138
="399314",巨潮大盘,2005-02-03,=0.0021,=4941.6400,=-0.0345,=12.6142,=0.6283,=9.6620,=11.1381,=12.1091,=13.4972,=17.5384,=1.3893,=0.4186,=1.0976,=1.2830,=1.4134,=1.5848,=1.9279,=1.5149,=0.8340,=0.9932,=1.1678,=1.3165,=1.4888,=1.8124,=0.0292,=0.5571,=0.0201,=0.0248,=0.0287,=0.0328,=0.0435,=0.0547,=0.0938,=0.0494,=17
="000044",上证中盘,2009-07-03,=-0.0018,=4501.0200,=-0.0137,=12.6239,=0.5138,=8.6509,=10.4793,=12.5300,=14.6389,=18.7575,=1.2000,=0.3646,=0.9210,=1.0900,=1.2639,=1.6463,=1.9734,=1.2171,=0.4269,=0.9382,=1.1499,=1.2398,=1.4181,=1.7773,=0.0306,=0.7136,=0.0180,=0.0223,=0.0271,=0.0338,=0.0421,=0.0478,=0.0859,=0.0435,=102
="930949",价值回报,2017-02-24,=0.0025,=13097.9900,=-0.0399,=12.6499,=0.8136,=5.5354,=8.1806,=10.0475,=12.5446,=17.5400,=2.1258,=0.7642,=1.2865,=1.4803,=1.7552,=2.1861,=3.1701,=1.4116,=0.9476,=0.5488,=0.7137,=0.8806,=1.2872,=1.7276,=0.0387,=0.5898,=0.0155,=0.0259,=0.0353,=0.0484,=0.0681,=0.0960,=0.1096,=0.0576,=31
="HSMI",恒生综合中型股指数,2001-10-03,=-0.0057,=4553.3700,=-0.0861,=12.6539,=0.6202,=7.1837,=9.6369,=11.3173,=14.7398,=19.0737,=1.0049,=0.4898,=0.6229,=0.7817,=1.0095,=1.2298,=1.5312,=0.8289,=0.8054,=0.4186,=0.5568,=0.6725,=0.8260,=1.0938,=0.0334,=0.5183,=0.0208,=0.0280,=0.0330,=0.0427,=0.0675,,,=0.0385,=162
="931397",A股通50,2020-02-20,=0.0040,=2190.3500,=-0.0335,=12.6792,=0.4541,=8.9450,=10.6036,=13.0102,=21.3494,=29.8209,=1.5811,=0.3923,=1.1048,=1.2806,=1.7472,=3.5480,=4.6955,=2.2454,=0.6708,=1.0496,=1.3000,=1.9017,=2.8270,=3.9597,=0.0298,=0.5928,=0.0113,=0.0158,=0.0280,=0.0366,=0.0493,=0.0628,=0.1069,=0.0556,=11
="000971",等权90,2010-12-02,=0.0034,=3243.1800,=-0.0346,=12.7691,=0.6536,=8.9747,=10.9632,=11.9973,=13.7745,=19.4330,=1.5309,=0.5956,=1.1544,=1.3330,=1.4697,=1.6216,=2.2329,=1.7633,=0.9448,=1.0052,=1.1529,=1.2738,=1.5690,=1.9075,=0.0281,=0.4032,=0.0181,=0.0255,=0.0289,=0.0330,=0.0448,=0.0599,=0.1045,=0.0545,=11
="000908",300能源,2007-07-02,=0.0001,=2545.1500,=0.0767,=12.9926,=0.4981,=6.9395,=9.4585,=13.0266,=19.0619,=62.7889,=1.4591,=0.9341,=0.7125,=0.8868,=1.1432,=1.2961,=1.8071,=0.8532,=0.9510,=0.3053,=0.3856,=0.5121,=0.6988,=1.0302,=0.0409,=0.2756,=0.0113,=0.0383,=0.0493,=0.0598,=0.0754,=0.0635,=0.1004,=0.0549,=275
="980092",自由现金流,2012-12-28,=-0.0028,=5059.7000,=-0.0609,=13.0008,=0.5061,=11.1075,=12.2767,=12.9817,=14.2912,=16.4362,=1.4108,=0.0717,=1.2604,=1.4712,=1.5700,=1.6510,=1.8134,=0.8937,=0.2766,=0.7577,=0.8715,=0.9331,=0.9765,=1.0805,=0.0376,=0.6189,=0.0287,=0.0345,=0.0369,=0.0387,=0.0437,=0.0613,=0.1047,=0.0581,=1650
="987024",港股通消费,2022-04-11,,,=-0.1887,=13.0276,=0,=13.0276,=18.1361,=20.3429,=25.4382,=30.8345,=2.2823,=0.1181,=1.9226,=2.3815,=2.6241,=3.0293,=3.3866,=1.2049,=0.4277,=0.8361,=1.0597,=1.2415,=1.5509,=1.7600,=0.0491,=0.9991,=0.0146,=0.0191,=0.0227,=0.0348,=0.0495,,=0.1723,=0.0953,=1
="399439",国证油气,2014-12-30,=-0.0144,=2132.5200,=0.1074,=13.0930,=0.4536,=7.2448,=10.6844,=14.0394,=27.9932,=98.7831,=1.3809,=0.9201,=0.6716,=0.7849,=1.1610,=1.2746,=1.8382,=0.7452,=0.9506,=0.2370,=0.3183,=0.5045,=0.6054,=0.9735,=0.0381,=0.2930,=0.0101,=0.0353,=0.0425,=0.0469,=0.0731,=0.0623,=0.0921,=0.0521,=110
="931248",油气资源,2023-06-12,=-0.0205,=1139.3500,=0.2469,=13.1388,=0.7614,=8.9017,=10.2642,=11.4199,=13.3581,=19.0700,=1.3734,=0.8005,=1.0292,=1.1543,=1.2349,=1.3734,=1.8318,=0.7470,=0.8460,=0.4486,=0.5240,=0.5964,=0.6969,=0.9774,=0.0380,=0.1894,=0.0285,=0.0383,=0.0456,=0.0496,=0.0548,=0.0623,=0.0906,=0.0516,=60
="399699",金融科技,2017-06-09,=0.0076,=3512.8800,=-0.2145,=13.1403,=0.0031,=12.6869,=16.5660,=19.2136,=44.1883,=111.6316,=1.7481,=0.1731,=1.2665,=1.7818,=2.2608,=3.3874,=4.4660,=1.3815,=0.2043,=1.0709,=1.3771,=1.6110,=1.9034,=3.0519,=0.0243,=0.8385,=0.0041,=0.0063,=0.0189,=0.0236,=0.0329,=0.0666,=0.1027,=0.0535,=333
="950096",上海国企,2016-05-11,=0.0034,=1341.2100,=-0.1135,=13.1471,=0.6020,=8.9055,=11.0343,=12.5713,=15.1662,=16.5992,=1.0519,=0.3968,=0.7269,=0.8713,=1.1143,=1.4247,=1.9554,=1.1532,=0.8171,=0.5842,=0.6832,=0.8504,=1.1451,=1.2890,=0.0239,=0.3807,=0.0177,=0.0207,=0.0257,=0.0281,=0.0334,=0.0431,=0.0761,=0.0425,=175
="H11057",石化产业,2009-07-22,=-0.0038,=1314.9000,=-0.0374,=13.2247,=0.3816,=9.0713,=12.0124,=13.9675,=19.0694,=46.6548,=1.5058,=0.8845,=0.9085,=1.1949,=1.3450,=1.4508,=1.9948,=0.7915,=0.8693,=0.4002,=0.4811,=0.6149,=0.7573,=1.0264,=0.0350,=0.4239,=0.0099,=0.0304,=0.0362,=0.0407,=0.0471,=0.0699,=0.0946,=0.0528,=78
="931132",诚通央企红利,2023-05-04,=-0.0079,=1673.7900,=0.0315,=13.2426,=0.8022,=9.0905,=10.6646,=12.0197,=13.2364,=15.2313,=1.3106,=0.8337,=0.9482,=1.0964,=1.1869,=1.2879,=1.5338,=0.7834,=0.8677,=0.3626,=0.4259,=0.5707,=0.7503,=0.8835,=0.0417,=0.2816,=0.0374,=0.0405,=0.0439,=0.0456,=0.0498,=0.0542,=0.0916,=0.0450,=43
="931454",港股通消费,2020-03-06,=-0.0072,=1239.1700,=-0.1952,=13.2903,=0,=13.2903,=20.1597,=26.5962,=36.1086,=64.7193,=2.2677,=0.0006,=2.2532,=3.1262,=3.6249,=5.0446,=8.9519,=1.1799,=0,=1.1799,=1.8956,=2.3650,=3.5479,=6.6047,=0.0487,=0.9975,=0.0043,=0.0073,=0.0120,=0.0153,=0.0498,,=0.1720,=0.1251,=422
="H30198",油气产业,2013-07-15,=-0.0174,=2492.2000,=0.1831,=13.3626,=0.4556,=7.8064,=10.9072,=14.1488,=25.3168,=104.2111,=1.4699,=0.9484,=0.6580,=0.8192,=1.1538,=1.2730,=1.8532,=0.7744,=0.9543,=0.2505,=0.3237,=0.4852,=0.5977,=0.9554,=0.0353,=0.2179,=0.0103,=0.0345,=0.0426,=0.0469,=0.0704,=0.0677,=0.0868,=0.0494,=124
="931526",企业核心竞争力50,2020-08-24,=0.0021,=1221.4100,=-0.0683,=13.3697,=0.0034,=13.2061,=16.9669,=22.5015,=29.7758,=51.8267,=1.6695,=0.0034,=1.6489,=2.1753,=4.0256,=6.7390,=10.8733,=1.9596,=0.3302,=0.9066,=1.5376,=3.4054,=4.4716,=7.9459,=0.0288,=0.8556,=0.0072,=0.0119,=0.0173,=0.0270,=0.0352,=0.0636,=0.1485,=0.0775,=107
="HSCGSI",恒生消费指数,2015-08-17,=-0.0084,=2193.1500,=-0.1504,=13.4424,=0,=13.4424,=17.6878,=20.3457,=46.9799,=191.0166,=2.2961,=0.2851,=1.6557,=2.1787,=2.5823,=3.0646,=4.3429,=1.2045,=0.1080,=0.9965,=1.2718,=1.5539,=1.8502,=2.9413,=0.0478,=0.9980,=0.0097,=0.0178,=0.0253,=0.0325,=0.0488,,=0.1743,=0.0971,=905
="000300",沪深300,2005-04-08,=0.0011,=4544.5900,=-0.0184,=13.5008,=0.6691,=10.0799,=11.6919,=12.7191,=14.1765,=17.6279,=1.4350,=0.4236,=1.1457,=1.3350,=1.4651,=1.6202,=1.9228,=1.5145,=0.8377,=1.0330,=1.1718,=1.3205,=1.4747,=1.7482,=0.0282,=0.5554,=0.0199,=0.0236,=0.0276,=0.0317,=0.0422,=0.0540,=0.0934,=0.0492,=49618
="000928",中证能源,2009-07-03,=0,=3390.6300,=0.1506,=13.5270,=0.5431,=6.9612,=9.7906,=13.1496,=18.7782,=68.9647,=1.4384,=0.9209,=0.7281,=0.9359,=1.1588,=1.3087,=1.8006,=0.8524,=0.9489,=0.3162,=0.4106,=0.5305,=0.7130,=1.0383,=0.0389,=0.2608,=0.0106,=0.0367,=0.0464,=0.0557,=0.0717,=0.0607,=0.0960,=0.0525,=1296
="931381",中证长三角,2019-11-25,=-0.0006,=2083.4200,=0.0293,=13.6781,=0.7441,=9.1117,=10.6888,=12.0775,=14.0226,=16.1441,=1.3897,=0.5981,=0.9630,=1.1548,=1.3221,=1.5436,=1.8124,=1.6792,=0.8485,=0.8724,=1.0744,=1.2635,=1.6152,=1.9541,=0.0268,=0.3651,=0.0209,=0.0254,=0.0282,=0.0321,=0.0422,=0.0565,=0.0961,=0.0497,=13
="930758",凤凰50,2018-11-21,=-0.0044,=8658.7100,=0.0869,=13.7892,=0.5152,=8.6050,=10.8348,=13.6409,=15.7233,=22.7753,=1.8812,=0.6866,=1.0496,=1.4496,=1.6838,=2.0666,=3.0708,=2.1690,=0.8938,=0.3622,=0.7548,=1.3341,=1.9205,=3.4064,=0.0332,=0.8665,=0.0097,=0.0229,=0.0283,=0.0308,=0.0478,=0.0700,=0.1135,=0.0671,=76
="HSSCHKC",恒生港股通香港公司指数,2017-11-20,=-0.0067,=3465.3000,=0.1151,=13.8869,=0.4267,=9.9660,=12.2636,=14.3495,=17.9370,=45.2058,=1.3428,=0.9587,=0.8018,=0.9569,=1.1031,=1.2569,=1.4044,=3.3438,=0.9784,=1.7566,=2.0807,=2.4008,=2.8085,=3.5613,=0.0366,=0.3601,=0.0202,=0.0342,=0.0388,=0.0465,=0.0626,=0.0598,,=0.0392,=14
="000822",500红利,2012-07-20,=-0.0034,=10092.2300,=-0.0081,=13.9933,=0.7553,=7.4138,=9.6102,=11.2714,=15.0283,=26.4578,=1.1273,=0.3795,=0.8670,=1.0202,=1.2225,=1.4244,=2.2419,=0.5621,=0.4957,=0.2906,=0.3999,=0.5633,=1.0794,=1.8159,=0.0430,=0.6024,=0.0164,=0.0302,=0.0412,=0.0491,=0.0638,=0.0430,=0.0658,=0.0383,=40
="980028",龙头家电,2015-02-16,=0.0119,=11043,=-0.1227,=14.0120,=0.2873,=11.8600,=13.7157,=14.5465,=18.2752,=31.1013,=2.3831,=0.0087,=2.2513,=2.6282,=2.8816,=3.6376,=5.1202,=1.2222,=0.2526,=0.9787,=1.2048,=1.3222,=1.4695,=2.2318,=0.0450,=0.9678,=0.0174,=0.0271,=0.0334,=0.0402,=0.0472,=0.0907,=0.1789,=0.1044,=191
="000986",全指能源,2011-08-02,=0.0001,=2687.8300,=0.1515,=14.0174,=0.5744,=6.8032,=9.9968,=13.3530,=18.6462,=75.0146,=1.4409,=0.9271,=0.7554,=0.9688,=1.1803,=1.3243,=1.7977,=0.8674,=0.9497,=0.3323,=0.4459,=0.5658,=0.7318,=1.0524,=0.0378,=0.2621,=0.0098,=0.0350,=0.0439,=0.0544,=0.0769,=0.0593,=0.0918,=0.0507,=614
="932366",300现金流,2024-11-12,=0,=3216.4200,=-0.0375,=14.1177,=0.5044,=12.5879,=13.4593,=14.1127,=14.8867,=16.2670,=1.7901,=0.4515,=1.4920,=1.6835,=1.8134,=1.8916,=1.9885,=1.3355,=0.4097,=1.0861,=1.2276,=1.3849,=1.4382,=1.5124,=0.0389,=0.3877,=0.0324,=0.0376,=0.0399,=0.0411,=0.0453,=0.0672,=0.1163,=0.0747,=190
="000092",资源50,2011-05-10,=0.0015,=4918.4800,=0.0075,=14.1693,=0.4475,=7.9483,=11.3499,=14.8192,=21.5510,=51.7897,=1.8337,=0.9464,=0.9579,=1.2637,=1.4057,=1.5565,=2.3324,=0.9955,=0.9365,=0.4148,=0.5541,=0.6760,=0.8019,=1.2646,=0.0328,=0.4133,=0.0094,=0.0287,=0.0354,=0.0449,=0.0578,=0.0771,=0.1132,=0.0606,=42
="000066",上证商品,2010-04-30,=0.0005,=3761.4100,=0.0664,=14.1816,=0.4442,=7.9120,=11.1675,=14.9652,=22.3046,=53.0538,=1.7584,=0.9473,=0.9403,=1.2112,=1.3434,=1.5149,=2.2405,=0.9734,=0.9386,=0.4082,=0.5256,=0.6502,=0.7886,=1.2223,=0.0334,=0.3898,=0.0093,=0.0294,=0.0356,=0.0466,=0.0603,=0.0732,=0.1091,=0.0584,=92
="000068",上证资源,2010-05-28,=0.0032,=4189.2700,=0.0404,=14.3454,=0.4368,=7.8012,=11.1450,=15.0604,=21.8953,=73.1997,=1.7805,=0.9497,=0.8674,=1.1479,=1.3203,=1.5001,=2.2515,=0.9691,=0.9386,=0.3742,=0.5012,=0.6094,=0.7799,=1.2220,=0.0329,=0.3234,=0.0094,=0.0301,=0.0360,=0.0471,=0.0635,=0.0738,=0.1097,=0.0590,=315
="000955",中证国企,2010-02-09,=-0.0023,=1547.0500,=-0.0304,=14.3746,=0.6947,=10.0979,=11.7062,=12.7358,=14.9149,=16.8119,=1.2552,=0.4203,=1.0210,=1.1826,=1.2818,=1.4003,=1.7591,=1.2806,=0.7874,=0.7969,=0.9757,=1.0903,=1.2852,=1.4527,=0.0280,=0.5612,=0.0195,=0.0244,=0.0274,=0.0324,=0.0414,=0.0459,=0.0765,=0.0426,=44
="000805",A股资源,2012-01-06,=-0.0009,=7329.9400,=0.0338,=14.4362,=0.4185,=7.9265,=11.4623,=15.4891,=23.1980,=72.8892,=1.8642,=0.9423,=0.9200,=1.1960,=1.3723,=1.5376,=2.3735,=1.0146,=0.9374,=0.3865,=0.5301,=0.6351,=0.7910,=1.2754,=0.0317,=0.3933,=0.0090,=0.0282,=0.0342,=0.0454,=0.0580,=0.0782,=0.1115,=0.0593,=14
="931082",A500现金流,2025-07-16,=-0.0007,=4234.7000,=-0.0660,=14.5098,=0.6069,=11.3087,=12.4873,=14.1115,=14.9330,=16.5522,=2.0519,=0.9828,=1.4812,=1.6622,=1.8314,=1.9528,=2.0869,=1.6393,=0.9862,=1.2039,=1.3256,=1.3966,=1.5595,=1.6684,=0.0360,=0.3448,=0.0310,=0.0346,=0.0372,=0.0423,=0.0482,=0.0703,=0.1166,,=134
="000961",中证上游,2010-04-16,=0.0018,=5006.9200,=-0.0111,=14.5850,=0.4252,=8.3063,=11.4863,=15.5725,=22.5792,=72.2001,=1.8538,=0.9407,=0.9003,=1.1960,=1.3750,=1.5459,=2.4036,=1.0010,=0.9361,=0.3813,=0.5134,=0.6295,=0.7917,=1.2905,=0.0317,=0.3914,=0.0092,=0.0284,=0.0343,=0.0447,=0.0576,=0.0764,=0.1119,=0.0589,=51
="932037",央企现代能源,2022-11-16,=-0.0026,=1432.1600,=-0.0184,=14.6149,=0.8086,=10.8583,=12.0568,=12.9435,=14.5570,=18.2611,=1.5519,=0.7476,=1.1507,=1.3444,=1.4301,=1.5754,=1.8914,=0.9178,=0.8535,=0.4850,=0.6242,=0.7576,=0.8595,=1.0835,=0.0351,=0.1850,=0.0297,=0.0353,=0.0402,=0.0430,=0.0461,=0.0561,=0.0952,=0.0523,=40
="932368",800现金流,2024-12-11,=-0.0016,=4652.0400,=-0.0903,=14.6369,=0.8591,=9.9108,=10.8676,=12.5396,=14.4065,=15.6891,=1.8789,=0.7390,=1.4048,=1.5517,=1.7551,=1.9042,=2.0110,=1.5242,=0.8753,=1.0036,=1.1130,=1.3388,=1.4773,=1.6811,=0.0379,=0.3695,=0.0311,=0.0354,=0.0415,=0.0465,=0.0553,=0.0834,=0.1177,=0.0730,=250
="932315",中证红利质量,2024-07-08,=-0.0014,=4233.6100,=-0.0621,=14.6907,=0.3141,=12.3916,=13.9706,=15.5582,=16.5540,=18.7206,=2.8862,=0.3996,=2.1812,=2.4548,=3.0010,=3.9413,=4.4900,=3.5529,=0.9089,=2.0136,=2.2397,=3.0476,=3.2407,=3.7823,=0.0384,=0.4442,=0.0312,=0.0370,=0.0388,=0.0419,=0.0443,=0.1163,=0.1829,=0.0837,=613
="HSHK35",恒生香港35,2003-01-20,=-0.0070,=3306.7500,=0.1585,=14.7080,=0.5203,=9.7413,=12.2188,=14.5219,=17.6563,=47.6465,=1.3079,=0.9618,=0.7649,=0.9601,=1.1030,=1.2403,=1.3663,=3.4345,=0.9058,=2.1814,=2.5966,=2.9169,=3.2053,=3.7366,=0.0371,=0.3810,=0.0206,=0.0332,=0.0387,=0.0462,=0.0628,,=0.0735,=0.0380,=115
="000944",内地资源,2009-10-28,=0.0031,=5245.6500,=-0.0116,=14.7100,=0.4349,=8.0950,=11.4517,=15.4851,=22.5117,=64.7584,=1.8626,=0.9419,=0.8945,=1.1841,=1.3621,=1.5355,=2.3924,=1.0045,=0.9366,=0.3754,=0.5051,=0.6228,=0.7865,=1.2835,=0.0316,=0.3505,=0.0090,=0.0287,=0.0348,=0.0457,=0.0579,=0.0763,=0.1109,=0.0586,=14
="931268",持续发展,2019-11-15,=0.0041,=2146.8100,=-0.0298,=14.7392,=0.1548,=14.1354,=15.0308,=15.6138,=16.2421,=17.1877,=2.0378,=0.4613,=1.7338,=1.8380,=2.1118,=2.2384,=2.3440,=1.8675,=0.8125,=1.5998,=1.7329,=1.8016,=1.8598,=2.0502,=0.0294,=0.2976,=0.0268,=0.0286,=0.0304,=0.0315,=0.0326,=0.0727,=0.1256,=0.0669,=25
="000150",380红利,2012-07-20,=-0.0019,=11890.2300,=0.0287,=14.7483,=0.7454,=5.2545,=8.5513,=12.0935,=15.7428,=19.8070,=1.0344,=0.3090,=0.6172,=0.8678,=1.3341,=1.6250,=2.2090,=0.4900,=0.4648,=0.2775,=0.3623,=0.5239,=1.4611,=2.3204,=0.0459,=0.5328,=0.0247,=0.0358,=0.0449,=0.0581,=0.0734,=0.0386,=0.0377,=0.0287,=45
="931238",SSH黄金股票,2017-10-17,=-0.0135,=3160.7700,=-0.0286,=14.7539,=0.0061,=13.5435,=18.2441,=23.1445,=35.5102,=92.1543,=3.3484,=0.9010,=1.4294,=1.8197,=2.0278,=2.3938,=6.0579,=1.0900,=0.9076,=0.3659,=0.4674,=0.5554,=0.6792,=1.9529,=0.0225,=0.8950,=0.0052,=0.0086,=0.0127,=0.0210,=0.0325,=0.1363,=0.1921,=0.0952,=376
="931021",家电龙头,2017-10-17,=0.0090,=15539.7300,=-0.1398,=14.7547,=0.2971,=11.3343,=14.2877,=15.6717,=19.1881,=31.7589,=2.4396,=0.0304,=2.3641,=2.6184,=3.0351,=3.8848,=5.4650,=1.1948,=0.3753,=0.8457,=1.1197,=1.2338,=1.4770,=2.4102,=0.0415,=0.9687,=0.0135,=0.0213,=0.0287,=0.0362,=0.0436,=0.0887,=0.1676,=0.0980,=42
="HSMSI",恒生综合中小型股指数,2015-06-08,=-0.0066,=2642.3400,=-0.1055,=14.8547,=0.7262,=7.2058,=10.0582,=12.4555,=15.6233,=18.8438,=1.0193,=0.5305,=0.6157,=0.7686,=1.0039,=1.2090,=1.4952,=0.7786,=0.6698,=0.4020,=0.5319,=0.6807,=0.8476,=1.0389,=0.0318,=0.4712,=0.0199,=0.0271,=0.0325,=0.0412,=0.0630,,,=0.0371,=161
="H30089",红利潜力,2013-07-02,=0.0078,=9114.0200,=-0.0837,=15.1468,=0.1137,=12.7702,=15.6971,=16.8194,=20.5249,=29.7267,=2.6198,=0.5781,=1.5457,=2.0328,=2.5224,=2.9135,=4.3960,=2.0450,=0.7445,=0.7611,=0.9610,=1.7911,=2.1854,=2.8465,=0.0369,=0.7656,=0.0172,=0.0262,=0.0320,=0.0373,=0.0456,=0.0866,=0.1605,=0.0844,=553
="000909",300材料,2007-07-02,=-0.0004,=3659.3700,=-0.1072,=15.1521,=0.2518,=10.2722,=14.5958,=18.0750,=24.0219,=352.6524,=2.4114,=0.7458,=1.4655,=1.7442,=2.0252,=2.5074,=3.8763,=1.1709,=0.7009,=0.6983,=0.8432,=0.9976,=1.2391,=1.9427,=0.0223,=0.6226,=0.0057,=0.0144,=0.0206,=0.0243,=0.0291,=0.1028,=0.1225,=0.0605,=21
="931167",先进制造100,2019-04-25,=0.0044,=7246.2800,=-0.0640,=15.1636,=0.6215,=10.3762,=13.0413,=14.3371,=16.9189,=20.9116,=2.6634,=0.8121,=1.6383,=2.0348,=2.2683,=2.6373,=3.3727,=1.8905,=0.8922,=0.9031,=1.2411,=1.4470,=1.6812,=2.1795,=0.0286,=0.7521,=0.0136,=0.0208,=0.0257,=0.0296,=0.0362,=0.0863,=0.1483,=0.0844,=343
="399375",中盘价值,2010-01-04,=-0.0023,=6038.0300,=0.0176,=15.3255,=0.7581,=9.0528,=10.9370,=12.3151,=16.3621,=33.1718,=1.4618,=0.7491,=1.0236,=1.1932,=1.3323,=1.5248,=1.9880,=1.2272,=0.9753,=0.5167,=0.6432,=0.7492,=0.9808,=1.3254,=0.0295,=0.4512,=0.0137,=0.0245,=0.0309,=0.0368,=0.0505,=0.0532,=0.0785,=0.0471,=190
="399974",国企改革,2014-08-07,=-0.0014,=1937.0500,=0.0202,=15.3423,=0.6988,=8.5408,=11.0130,=13.4104,=16.5650,=23.5243,=1.4379,=0.4252,=1.0768,=1.3337,=1.4638,=1.8220,=2.8970,=1.1117,=0.6543,=0.6803,=0.8927,=1.0071,=1.2484,=2.2060,=0.0299,=0.4961,=0.0148,=0.0239,=0.0300,=0.0332,=0.0410,=0.0492,=0.0809,=0.0464,=379
="000861",央企创新,2019-05-16,=-0.0040,=2564.2600,=-0.0008,=15.4793,=0.8097,=10.3360,=12.0664,=13.4783,=15.3780,=18.8086,=1.4220,=0.8791,=1.0351,=1.1895,=1.3019,=1.3924,=1.5975,=0.8314,=0.9418,=0.4544,=0.5207,=0.5866,=0.7409,=0.8999,=0.0318,=0.4589,=0.0234,=0.0272,=0.0331,=0.0375,=0.0493,=0.0468,=0.0826,=0.0470,=270
="000842",800等权,2012-12-21,=-0.0008,=7010.6300,=-0.0079,=15.4938,=0.6823,=10.7808,=12.9023,=14.0921,=16.0030,=18.9686,=1.5741,=0.5414,=1.1816,=1.3959,=1.5514,=1.7176,=1.9628,=1.5487,=0.9044,=1.0117,=1.1472,=1.2953,=1.4952,=1.6796,=0.0250,=0.5122,=0.0180,=0.0211,=0.0248,=0.0289,=0.0389,=0.0526,=0.0890,=0.0475,=162
="000906",中证800,2007-01-15,=0,=5107.1700,=-0.0004,=15.4938,=0.6823,=10.7808,=12.9023,=14.0921,=16.0030,=18.9686,=1.5741,=0.5414,=1.1816,=1.3959,=1.5514,=1.7176,=1.9628,=1.5487,=0.9044,=1.0117,=1.1472,=1.2953,=1.4952,=1.6796,=0.0250,=0.5122,=0.0180,=0.0211,=0.0248,=0.0289,=0.0389,=0.0526,=0.0890,=0.0475,=2728
="000860",结构调整,2018-03-26,=-0.0022,=1237.1500,=0.0105,=15.5329,=0.6728,=9.5233,=12.4965,=14.0463,=16.2841,=20.6443,=1.4664,=0.8289,=1.1018,=1.2905,=1.3734,=1.4585,=1.6430,=0.9221,=0.9699,=0.4658,=0.5896,=0.6802,=0.7972,=0.9608,=0.0326,=0.5298,=0.0220,=0.0263,=0.0317,=0.0369,=0.0499,=0.0482,=0.0831,=0.0473,=152
="H11059",工业有色,2009-07-22,=0.0058,=3853.8400,=-0.0321,=15.5671,=0.2403,=10.0577,=14.6652,=26.9722,=52.9763,=131.1130,=3.2225,=0.8046,=1.4392,=2.0015,=2.4326,=3.2140,=4.9901,=1.2033,=0.8414,=0.5048,=0.7406,=0.8675,=1.1626,=1.8706,=0.0212,=0.8308,=0.0035,=0.0056,=0.0104,=0.0205,=0.0285,=0.1369,=0.1735,=0.0880,=150
="931645",1000红利,2024-03-15,=-0.0010,=2282.6500,=-0.0803,=15.5991,=0.8499,=11.2896,=12.4939,=14.0336,=15.3520,=18.1886,=1.1065,=0.1321,=0.9871,=1.1264,=1.1861,=1.2417,=1.3469,=0.7151,=0.2920,=0.5734,=0.6826,=0.7479,=0.8102,=0.8871,=0.0360,=0.4959,=0.0305,=0.0339,=0.0360,=0.0406,=0.0471,=0.0386,=0.0646,=0.0399,=26
="000918",300成长,2008-01-21,=0.0020,=5207.1000,=0.0234,=15.6364,=0.3457,=11.6107,=14.5211,=16.8159,=20.6304,=29.9826,=2.5573,=0.3824,=1.8759,=2.3294,=2.7983,=4.3091,=6.1771,=2.5066,=0.7544,=1.1680,=1.5324,=1.7870,=2.6338,=3.9548,=0.0196,=0.5991,=0.0081,=0.0139,=0.0184,=0.0238,=0.0310,=0.0861,=0.1486,=0.0701,=810
="000979",大宗商品,2011-08-22,=-0.0019,=6676.5900,=-0.0159,=15.6436,=0.4466,=9.9333,=12.8903,=16.3194,=22.0327,=55.0956,=1.8313,=0.9341,=1.1381,=1.3728,=1.4956,=1.6411,=2.3336,=0.9806,=0.9361,=0.4909,=0.5833,=0.6999,=0.8447,=1.2291,=0.0296,=0.4359,=0.0088,=0.0254,=0.0307,=0.0396,=0.0489,=0.0699,=0.1029,=0.0554,=715
="931404",SHS品牌消费50,2020-02-20,=0.0068,=2128.7200,=-0.2117,=15.8016,=0.0180,=15.2551,=18.1375,=21.3989,=29.6789,=52.1290,=3.6929,=0.0288,=3.2381,=4.5249,=5.2197,=7.2198,=13.2899,=3.1336,=0.1632,=2.1582,=3.1742,=4.0033,=6.3259,=12.0094,=0.0268,=0.8050,=0.0048,=0.0095,=0.0178,=0.0264,=0.0383,=0.1177,=0.2165,=0.1149,=145
="931468",红利质量,2020-05-21,=0.0012,=32800.0600,=0.0410,=15.8759,=0.1799,=12.5562,=16.0656,=18.6039,=21.7810,=36.4689,=2.8581,=0.2052,=2.1523,=2.8529,=3.7211,=4.6895,=8.5636,=3.3607,=0.6071,=1.9811,=2.3537,=2.9985,=3.9399,=5.8829,=0.0318,=0.7344,=0.0102,=0.0191,=0.0291,=0.0331,=0.0407,=0.1049,=0.1637,=0.0873,=1233
="930050",中证A50,2024-01-02,=0.0016,=1726.4100,=-0.0342,=15.9264,=0.1848,=13.9812,=15.9978,=17.3181,=18.0908,=19.9330,=2.0854,=0.4621,=1.7817,=1.9737,=2.0961,=2.2027,=2.3759,=1.6295,=0.8894,=1.0165,=1.1313,=1.3767,=1.5901,=1.7441,=0.0296,=0.4697,=0.0260,=0.0286,=0.0296,=0.0308,=0.0348,=0.0668,=0.1115,=0.0600,=1058
="399286",区块链50,2019-12-24,=0.0054,=3320.9500,=-0.1712,=15.9293,=0.0605,=13.8844,=17.6395,=20.6922,=28.4199,=40.1853,=1.8515,=0.1938,=1.4262,=1.8616,=2.1092,=2.7205,=3.6332,=1.7246,=0.3386,=1.3177,=1.5942,=1.8290,=2.0851,=2.8188,=0.0272,=0.9597,=0.0072,=0.0097,=0.0148,=0.0235,=0.0319,=0.0587,=0.0903,=0.0516,=158
="000001",上证指数,1991-07-15,=0.0006,=3952.1300,=-0.0042,=15.9372,=0.7903,=10.8403,=12.7209,=13.8351,=15.9982,=17.9144,=1.4693,=0.5645,=1.1148,=1.3021,=1.4401,=1.5600,=1.8463,=1.4751,=0.9081,=0.9369,=1.0774,=1.2157,=1.4170,=1.5771,=0.0248,=0.4594,=0.0185,=0.0223,=0.0252,=0.0297,=0.0391,=0.0481,=0.0805,=0.0440,=1591
="399310",国证A50,2005-09-05,=0.0028,=7688.7900,=-0.0410,=15.9395,=0.7503,=8.8433,=10.6344,=13.6665,=16.6592,=22.6576,=1.9267,=0.6922,=1.1237,=1.3217,=1.6896,=2.0439,=2.9417,=1.4376,=0.7083,=0.9633,=1.1384,=1.2545,=1.5146,=2.2769,=0.0253,=0.3066,=0.0160,=0.0240,=0.0293,=0.0316,=0.0370,=0.0597,=0.1076,=0.0555,=292
="000510",中证A500,2024-09-23,=0.0007,=5630.4600,=-0.0022,=15.9910,=0.4722,=12.2476,=14.5116,=16.2829,=17.3709,=18.3286,=1.6545,=0.5072,=1.2883,=1.5003,=1.6532,=1.7162,=1.7791,=1.4505,=0.6041,=1.0081,=1.2217,=1.4217,=1.5078,=1.5740,=0.0248,=0.3052,=0.0227,=0.0244,=0.0261,=0.0321,=0.0380,=0.0544,=0.0887,=0.0481,=2681
="930697",家用电器,2015-07-07,=0.0092,=11240.7400,=-0.1211,=16.0048,=0.3066,=12.0193,=15.4243,=16.8850,=19.8234,=32.1495,=2.4110,=0.0326,=2.2889,=2.6501,=3.1672,=3.9701,=5.2226,=1.2122,=0.2633,=0.9879,=1.1843,=1.2934,=1.6199,=2.3694,=0.0388,=0.9571,=0.0137,=0.0223,=0.0268,=0.0339,=0.0418,=0.0808,=0.1413,=0.0905,=1754
="000811",细分有色,2012-04-11,=0.0021,=10478.1700,=-0.0788,=16.1167,=0.1446,=13.5118,=17.7963,=28.9179,=55.2290,=288.4141,=3.1277,=0.7754,=1.7438,=2.0869,=2.5625,=3.1861,=4.8073,=1.2156,=0.8150,=0.6338,=0.7856,=0.9040,=1.1982,=1.9173,=0.0188,=0.8624,=0.0033,=0.0058,=0.0104,=0.0173,=0.0234,=0.1284,=0.1531,=0.0756,=205
="930716",CS物流,2015-07-31,=-0.0194,=1254.0400,=0.0680,=16.1727,=0.3968,=6.6312,=13.0083,=17.9904,=33.2080,=505.8138,=1.2869,=0.1801,=1.1511,=1.2935,=1.9555,=2.5166,=3.8580,=0.4864,=0.6613,=0.2137,=0.3289,=0.4559,=0.6199,=1.0427,=0.0299,=0.6510,=0.0055,=0.0093,=0.0126,=0.0374,=0.0692,=0.0443,=0.0542,=0.0395,=248
="399311",国证1000,2005-02-03,=0.0003,=4945.0500,=-0.0026,=16.2068,=0.6650,=11.0854,=13.3222,=14.6230,=16.8402,=19.8966,=1.6157,=0.5476,=1.1918,=1.4217,=1.5921,=1.7937,=2.0383,=1.5611,=0.8661,=1.0112,=1.1700,=1.3063,=1.5349,=1.7074,=0.0240,=0.5109,=0.0172,=0.0200,=0.0239,=0.0282,=0.0380,=0.0522,=0.0857,=0.0465,=144
="932152",港股通成长策略,2025-04-30,=0.0027,=1141.1300,=-0.1386,=16.2507,=0.0435,=15.5329,=17.8281,=18.6216,=20.9229,=22.5567,=2.2763,=0.1420,=2.1315,=2.3040,=2.6683,=2.8080,=3.0449,=1.6309,=0.0435,=1.5635,=1.7715,=2.0193,=2.2061,=2.3595,=0.0215,=0.8551,=0.0152,=0.0181,=0.0195,=0.0210,=0.0248,,=0.1344,=0.0741,=13
="399348",深证价值,2009-11-04,=-0.0002,=6280.2200,=-0.0371,=16.3095,=0.6584,=9.9756,=12.8084,=14.9162,=17.3456,=21.4453,=1.6761,=0.4400,=1.2527,=1.4911,=1.7160,=2.0379,=2.9268,=1.2504,=0.5888,=0.8306,=1.0363,=1.1856,=1.4407,=2.1193,=0.0297,=0.7355,=0.0153,=0.0218,=0.0269,=0.0308,=0.0407,=0.0526,=0.0871,=0.0499,=293
="931371",品牌消费100,2019-11-25,=0.0042,=5615.4400,=-0.1476,=16.3643,=0.0687,=14.6106,=17.2613,=21.5690,=30.5398,=41.6881,=3.0397,=0.0247,=2.8278,=3.6580,=4.3826,=6.4898,=9.5576,=1.9695,=0.0717,=1.7483,=2.1014,=2.6192,=3.8514,=5.3339,=0.0423,=0.9548,=0.0095,=0.0157,=0.0236,=0.0372,=0.0479,=0.0936,=0.1847,=0.1123,=9
="930708",中证有色,2015-07-13,=0.0014,=2862.7900,=-0.0718,=16.3737,=0.1368,=13.9228,=18.2216,=29.0856,=56.5067,=383.5678,=3.0538,=0.7173,=1.7134,=2.0956,=2.5633,=3.1773,=4.7639,=1.0998,=0.7141,=0.6123,=0.7796,=0.8963,=1.1904,=1.7984,=0.0182,=0.8603,=0.0032,=0.0057,=0.0102,=0.0169,=0.0233,=0.1246,=0.1479,=0.0736,=545
="931892",有色矿业,2013-07-15,=0.0014,=3750.9100,=-0.0543,=16.4051,=0.1520,=13.1272,=18.3286,=30.1224,=55.4710,=131.9594,=3.3496,=0.8389,=1.7020,=2.1368,=2.5676,=3.2260,=5.3430,=1.2599,=0.8113,=0.6092,=0.7896,=0.9203,=1.2477,=2.0391,=0.0172,=0.8133,=0.0026,=0.0057,=0.0094,=0.0169,=0.0229,=0.1337,=0.1630,=0.0795,=204
="399398",绩效指数,2012-11-19,=0.0025,=9731.4400,=-0.0816,=16.4259,=0.3057,=9.4274,=11.9136,=18.3580,=21.6274,=36.1591,=3.1141,=0.3057,=1.3709,=1.7979,=3.5796,=4.3854,=6.4752,=3.0130,=0.5703,=1.5825,=2.2491,=2.9343,=3.4328,=5.0073,=0.0391,=0.8809,=0.0140,=0.0234,=0.0323,=0.0375,=0.0430,=0.1029,=0.1771,=0.0957,=23
="000046",上证中小,2009-07-03,=-0.0017,=5229.6800,=0.0197,=16.4848,=0.5954,=10.5504,=12.1058,=15.2242,=17.9514,=22.4992,=1.4681,=0.4837,=1.0626,=1.2077,=1.4736,=1.7296,=2.0905,=1.3473,=0.7684,=0.8596,=1.0256,=1.1230,=1.3841,=1.6429,=0.0240,=0.6185,=0.0151,=0.0189,=0.0227,=0.0299,=0.0371,=0.0463,=0.0784,=0.0418,=348
="399377",小盘价值,2010-01-04,=-0.0040,=7376.5500,=-0.0417,=16.4981,=0.6404,=9.8385,=13.2802,=15.1897,=19.0327,=34.2299,=1.2792,=0.5898,=0.8997,=1.0826,=1.2375,=1.4777,=2.1990,=0.7283,=0.5231,=0.4594,=0.5455,=0.7123,=1.1138,=1.8295,=0.0298,=0.7212,=0.0113,=0.0202,=0.0260,=0.0310,=0.0386,=0.0432,=0.0578,=0.0343,=627
="399395",国证有色,2012-10-29,=0.0029,=9101.9500,=-0.0588,=16.5037,=0.1669,=12.7731,=17.6226,=27.1173,=53.3825,=289.3033,=3.1709,=0.8261,=1.7304,=2.0833,=2.5074,=3.1096,=4.8522,=1.2544,=0.8636,=0.6150,=0.7945,=0.9087,=1.1779,=1.9521,=0.0185,=0.8274,=0.0031,=0.0057,=0.0105,=0.0179,=0.0242,=0.1286,=0.1543,=0.0763,=674
="000819",有色金属,2012-05-09,=0.0022,=8694.2200,=-0.0694,=16.5276,=0.1652,=12.4710,=17.6559,=27.3878,=52.3096,=187.3535,=3.2886,=0.8002,=1.7791,=2.1409,=2.6249,=3.2886,=4.9698,=1.2813,=0.7956,=0.6317,=0.8246,=0.9662,=1.2850,=1.9863,=0.0189,=0.8150,=0.0033,=0.0060,=0.0108,=0.0186,=0.0249,=0.1310,=0.1569,=0.0773,=2064
="1000004",上海A股,1994-01-01,=0.0006,=3952.1300,=-0.0042,=16.5734,=0.8550,=10.8441,=12.9364,=14.2986,=16.2695,=18.4959,=1.5049,=0.5826,=1.1181,=1.3162,=1.4444,=1.5915,=1.8457,=1.5147,=0.9386,=0.9734,=1.0889,=1.2357,=1.4134,=1.6065,=0.0241,=0.4112,=0.0184,=0.0214,=0.0253,=0.0296,=0.0389,=0.0478,=0.0804,=0.0440,=4929
="000903",中证A100,2006-05-29,=0.0023,=4375.0100,=-0.0248,=16.6758,=0.9188,=9.4390,=11.2592,=12.6709,=14.6612,=18.7565,=1.8483,=0.9184,=1.1800,=1.3874,=1.5312,=1.6918,=1.9716,=1.5947,=0.9728,=0.9660,=1.1007,=1.2255,=1.3922,=1.7127,=0.0272,=0.2596,=0.0221,=0.0264,=0.0291,=0.0329,=0.0397,=0.0568,=0.0942,=0.0527,=3100
="931587",500价值稳健,2020-11-09,=-0.0013,=20901.3800,=-0.0476,=16.7593,=0.9079,=9.7530,=12.2312,=14.3064,=15.7274,=19.8926,=1.3086,=0.7787,=0.8925,=1.0599,=1.1655,=1.3293,=1.5437,=0.8059,=0.9665,=0.3384,=0.4619,=0.5144,=0.5934,=0.8392,=0.0351,=0.7024,=0.0250,=0.0298,=0.0337,=0.0359,=0.0456,=0.0470,=0.0672,=0.0460,=81
="931067",绩优策略,2018-02-14,=0.0003,=7818.1700,=0.0278,=16.9053,=0.3245,=10.5807,=14.8888,=18.6443,=26.6728,=44.0015,=5.3659,=0.5906,=3.5566,=4.3020,=5.0473,=7.2615,=11.8571,=3.0951,=0.6222,=2.1909,=2.5317,=2.8860,=4.7752,=8.6201,=0.0183,=0.4022,=0.0082,=0.0137,=0.0214,=0.0296,=0.0455,=0.1696,=0.2359,=0.1093,=28
="399324",深证红利,2006-01-24,=0.0056,=7870.9200,=-0.1399,=16.9873,=0.7145,=11.7065,=14.6181,=15.8697,=17.9505,=23.4132,=2.6341,=0.8529,=1.2884,=1.9036,=2.2405,=2.5398,=3.7254,=1.7338,=0.4656,=1.1033,=1.3622,=1.7551,=1.9654,=2.8578,=0.0355,=0.8006,=0.0151,=0.0225,=0.0278,=0.0355,=0.0452,=0.0824,=0.1345,=0.0767,=5237
="931357",优选消费50,2019-11-15,=0.0053,=2306.3000,=-0.2314,=17.0501,=0.0115,=16.0077,=20.1995,=24.4254,=32.8408,=53.0529,=2.6502,=0.0098,=2.5395,=3.6402,=4.3010,=7.1167,=11.6208,=1.6587,=0.0092,=1.5982,=2.2655,=2.6742,=5.1669,=8.8232,=0.0271,=0.9890,=0.0058,=0.0101,=0.0149,=0.0202,=0.0287,=0.0808,=0.1689,=0.0954,=404
="931068",消费龙头,2018-11-21,=0.0039,=10461.2700,=-0.1743,=17.1866,=0.1151,=15.0591,=18.1310,=22.7042,=29.7687,=44.3922,=3.0784,=0.0142,=2.8729,=4.0789,=4.6781,=6.5369,=10.3805,=1.9474,=0.0237,=1.8019,=2.4559,=3.2303,=4.0730,=7.0508,=0.0408,=0.9695,=0.0085,=0.0161,=0.0213,=0.0337,=0.0451,=0.0920,=0.2083,=0.1127,=2411
="H30095",医药红利,2013-07-02,=0.0052,=14302.5800,=-0.0749,=17.2074,=0.2018,=14.6474,=17.2014,=19.6135,=26.9683,=34.8020,=1.6579,=0.0457,=1.4797,=1.7723,=2.4234,=3.0897,=4.2060,=0.9532,=0.1675,=0.7612,=0.9826,=1.5019,=1.9870,=2.8268,=0.0385,=0.9920,=0.0116,=0.0175,=0.0226,=0.0309,=0.0398,=0.0562,=0.1019,=0.0623,=103
="H30533",中国互联网50,2014-12-29,=0.0190,=6722.7031,=-0.2828,=17.2317,=0.0733,=14.4020,=19.8961,=40.9016,=56.7038,=137.0698,=2.0420,=0.0169,=1.7082,=2.5089,=3.7730,=6.7209,=9.7098,=1.7499,=0.0173,=1.4305,=2.1435,=3.6674,=6.4327,=9.1092,=0.0108,=0.9424,=0.0007,=0.0013,=0.0020,=0.0080,=0.0125,,=0.1395,=0.0810,=6905
="930604",中国互联网30,2015-03-23,=0.0095,=7016.7010,=-0.2986,=17.2661,=0.0822,=14.4178,=19.5401,=40.5687,=58.8981,=131.9396,=2.0665,=0.0146,=1.7582,=2.5624,=3.8327,=7.0580,=10.3841,=1.7547,=0.0173,=1.4482,=2.1519,=3.6926,=6.4004,=9.5870,=0.0105,=0.9773,=0.0007,=0.0013,=0.0017,=0.0078,=0.0121,,=0.1381,=0.0817,=660
="399991",一带一路,2015-02-16,=-0.0077,=3303.3100,=0.1144,=17.3994,=0.6959,=9.4567,=11.6727,=14.1037,=19.0578,=34.5905,=1.6460,=0.9703,=1.0035,=1.1547,=1.2476,=1.4638,=1.7874,=0.7084,=0.9559,=0.3598,=0.4252,=0.4778,=0.6245,=0.7793,=0.0232,=0.2785,=0.0109,=0.0219,=0.0280,=0.0340,=0.0441,=0.0495,=0.0795,=0.0442,=587
="932369",1000现金流,2024-11-12,=-0.0048,=3325.0400,=-0.0983,=17.4392,=0.1366,=16.0705,=17.6670,=18.3480,=19.2740,=21.4836,=1.5009,=0.0969,=1.4251,=1.5318,=1.6345,=1.7477,=1.8728,=1.1705,=0.8678,=0.8034,=0.8924,=1.0037,=1.0636,=1.3230,=0.0273,=0.5595,=0.0230,=0.0262,=0.0271,=0.0285,=0.0311,=0.0501,=0.0821,=0.0540,=61
="000813",细分化工,2012-04-11,=-0.0068,=3551.1300,=-0.0686,=17.4793,=0.2662,=11.4329,=16.5252,=21.6200,=27.2175,=42.1751,=2.3995,=0.4211,=1.6736,=2.0410,=2.5611,=3.0864,=4.9148,=1.3463,=0.4549,=0.8896,=1.1114,=1.3960,=1.9265,=3.1071,=0.0199,=0.7841,=0.0059,=0.0109,=0.0167,=0.0201,=0.0259,=0.0921,=0.0961,=0.0475,=1010
="931139",CS消费50,2019-03-20,=0.0044,=13613.7300,=-0.1467,=17.5582,=0.1793,=14.9525,=17.8848,=23.6756,=29.9507,=47.8630,=3.1355,=0.0236,=2.8552,=3.9489,=5.2907,=7.0091,=12.5456,=2.0505,=0.0115,=1.9104,=2.5542,=3.0441,=4.4417,=9.1270,=0.0435,=0.9682,=0.0083,=0.0161,=0.0220,=0.0364,=0.0484,=0.0914,=0.1922,=0.1116,=2241
="930838",CS高股息,2016-06-08,=0.0004,=6631.7900,=-0.0814,=17.6048,=0.4899,=10.7704,=14.2530,=17.7373,=22.3858,=29.5345,=3.3944,=0.7775,=1.8272,=2.3324,=2.8270,=3.4934,=5.4603,=3.2176,=0.6193,=1.6703,=2.0490,=2.5098,=3.7457,=5.1335,=0.0281,=0.5707,=0.0136,=0.0201,=0.0268,=0.0363,=0.0519,=0.1093,=0.1877,=0.1009,=176
="930796",全球中国互联网,2016-04-22,=0.0101,=1558.5756,=-0.2852,=17.7107,=0.0595,=15.1718,=20.7283,=38.7248,=53.2111,=115.7107,=2.1734,=0.0177,=1.8023,=2.6169,=3.8579,=6.8501,=9.6202,=1.8635,=0.0192,=1.5064,=2.2545,=3.5819,=6.2627,=9.5215,=0.0107,=0.9793,=0.0008,=0.0013,=0.0019,=0.0079,=0.0121,,=0.1370,=0.0775,=52
="H30171",运输指数,2013-07-15,=-0.0122,=1524.9800,=-0.0570,=17.7154,=0.4700,=14.1889,=16.3742,=17.9176,=25.3116,=51.4445,=1.2877,=0.0681,=1.1914,=1.3477,=1.4977,=1.6829,=2.3737,=0.6763,=0.3464,=0.5217,=0.6293,=0.7863,=1.1882,=1.9196,=0.0279,=0.6502,=0.0111,=0.0149,=0.0201,=0.0303,=0.0375,=0.0372,=0.0585,=0.0371,=97
="930746",港中小企,2015-08-26,=-0.0111,=2231.4200,=-0.1705,=17.7215,=0.7674,=7.8499,=11.1100,=14.2710,=18.3638,=36.0739,=0.8933,=0.2996,=0.6829,=0.8308,=1.0622,=1.2267,=1.6951,=0.6493,=0.3942,=0.3939,=0.5282,=0.6797,=0.8159,=1.1520,=0.0402,=0.6873,=0.0210,=0.0275,=0.0339,=0.0436,=0.0585,,=0.0313,=0.0295,=214
="000945",内地运输,2009-10-28,=-0.0125,=1385.7800,=-0.0622,=17.7962,=0.3894,=13.9394,=16.4433,=19.1728,=27.7727,=72.7429,=1.3330,=0.0705,=1.2245,=1.4000,=1.5503,=1.7700,=2.4452,=0.7614,=0.4005,=0.5140,=0.6447,=0.8834,=1.3418,=1.9188,=0.0289,=0.6489,=0.0105,=0.0141,=0.0181,=0.0327,=0.0436,=0.0368,=0.0581,=0.0349,=84
="000937",中证公用,2009-07-03,=-0.0038,=2491.1600,=-0.0012,=17.8715,=0.3968,=13.4460,=16.6068,=18.6426,=21.1313,=46.5328,=1.6846,=0.2921,=1.3423,=1.6286,=1.7653,=1.9617,=2.2557,=1.6485,=0.6378,=1.2657,=1.4810,=1.5857,=1.7650,=3.2521,=0.0294,=0.8212,=0.0192,=0.0235,=0.0276,=0.0292,=0.0348,=0.0413,=0.0905,=0.0507,=345
="399433",国证交运,2014-12-30,=-0.0121,=1571.9200,=-0.0910,=17.8728,=0.3935,=14.0225,=16.4631,=18.8267,=26.1984,=63.9683,=1.3050,=0.0762,=1.1928,=1.3523,=1.5467,=1.7523,=2.2412,=0.6308,=0.1331,=0.5137,=0.6591,=1.0521,=1.2835,=1.7564,=0.0276,=0.6613,=0.0110,=0.0143,=0.0196,=0.0311,=0.0399,=0.0367,=0.0594,=0.0371,=2
="931142",东证竞争,2019-03-20,=-0.0020,=1975.0300,=0.0614,=17.8965,=0.8454,=9.8569,=11.9640,=14.1167,=16.5012,=27.8877,=2.8532,=0.8185,=1.5408,=1.7340,=2.0785,=2.6829,=4.6703,=2.7697,=0.8640,=0.9384,=1.2803,=1.7590,=2.3685,=3.1903,=0.0253,=0.4561,=0.0120,=0.0223,=0.0261,=0.0328,=0.0399,=0.0832,=0.1629,=0.0829,=219
="000911",300可选,2007-07-02,=0.0099,=5371.1500,=-0.1881,=18.0765,=0.4681,=11.4175,=16.2611,=18.2925,=24.5366,=45.8432,=1.8423,=0.0049,=1.7502,=2.2541,=2.5310,=3.0218,=4.4626,=0.8452,=0.0523,=0.7162,=0.9426,=1.0925,=1.3297,=2.0518,=0.0293,=0.9547,=0.0117,=0.0177,=0.0226,=0.0266,=0.0325,=0.0477,=0.1159,=0.0659,=35
="000929",中证材料,2009-07-03,=-0.0012,=4173.8300,=-0.0648,=18.1348,=0.4446,=9.9126,=14.1083,=19.4284,=24.5029,=270.6468,=2.3107,=0.7895,=1.3680,=1.6188,=1.9047,=2.3283,=3.1607,=1.1372,=0.7244,=0.6315,=0.7658,=0.8824,=1.2011,=1.5845,=0.0198,=0.4858,=0.0058,=0.0137,=0.0200,=0.0239,=0.0294,=0.0842,=0.1037,=0.0523,=529
="000995",全指公用,2011-08-02,=-0.0045,=2568.7200,=-0.0055,=18.1494,=0.3832,=14.4124,=16.7502,=18.9141,=23.9608,=55.0107,=1.6825,=0.3861,=1.2839,=1.5403,=1.7233,=1.8630,=2.1268,=1.7259,=0.7689,=1.2094,=1.4214,=1.5277,=1.7572,=2.4023,=0.0281,=0.7985,=0.0172,=0.0230,=0.0259,=0.0281,=0.0321,=0.0415,=0.0896,=0.0496,=332
="931442",SHS科技100,2020-04-21,=0.0071,=9594.3200,=-0.1086,=18.3236,=0.4065,=11.6240,=15.1386,=19.3237,=24.4301,=40.7731,=2.6046,=0.4895,=1.5813,=1.9788,=2.6244,=3.9413,=6.9092,=1.7359,=0.4889,=1.0913,=1.4406,=1.7486,=2.5257,=5.0819,=0.0156,=0.5879,=0.0042,=0.0092,=0.0138,=0.0221,=0.0322,=0.0674,=0.1222,=0.0731,=34
="000910",300工业,2007-07-02,=-0.0010,=2143.7000,=-0.1524,=18.4060,=0.4677,=12.1074,=14.2223,=18.6571,=21.6237,=26.7473,=1.5108,=0.2200,=1.2960,=1.5010,=1.7525,=2.0927,=2.8598,=0.7186,=0.5056,=0.4726,=0.5803,=0.7154,=0.8049,=1.0995,=0.0228,=0.8389,=0.0079,=0.0123,=0.0180,=0.0224,=0.0295,=0.0376,=0.0738,=0.0375,=18
="399372",大盘成长,2010-01-04,=0.0021,=5190.7500,=-0.0152,=18.5326,=0.2670,=14.2162,=17.4711,=20.4582,=25.3722,=45.9159,=3.9139,=0.6613,=1.9139,=2.5166,=3.0805,=5.3725,=9.5601,=2.1108,=0.3218,=1.2183,=1.8035,=2.5703,=3.4508,=6.6651,=0.0177,=0.5439,=0.0069,=0.0115,=0.0170,=0.0231,=0.0308,=0.1071,=0.1447,=0.0749,=321
="932420",智选船舶产业,2025-05-28,=-0.0167,=1536.7400,=0.0633,=18.5372,=0.6196,=12.9248,=14.2543,=17.3350,=19.7414,=21.8048,=1.4796,=0.9479,=1.1414,=1.2463,=1.3355,=1.4312,=1.5726,=1.0468,=0.8344,=0.8043,=0.8864,=0.9694,=1.0375,=1.1519,=0.0254,=0.2699,=0.0219,=0.0250,=0.0287,=0.0317,=0.0350,=0.0462,=0.0735,=0.0406,=21
="000917",300公用,2007-07-02,=-0.0031,=2478.9400,=0.0073,=18.6224,=0.6333,=13.3250,=16.5360,=17.8763,=20.5953,=34.2477,=1.9169,=0.4145,=1.4019,=1.7154,=1.9741,=2.1718,=2.6347,=1.9015,=0.6621,=1.3139,=1.6332,=1.8148,=1.9940,=3.2322,=0.0303,=0.5665,=0.0191,=0.0239,=0.0299,=0.0323,=0.0390,=0.0426,=0.0974,=0.0539,=40
="931897",绿色电力,2012-12-21,=-0.0049,=1099.0600,=0.0151,=18.6974,=0.4994,=12.4356,=16.4136,=18.7029,=23.5753,=3316.8719,=1.7093,=0.6049,=1.0802,=1.3464,=1.6511,=1.7879,=2.0565,=1.8408,=0.8397,=0.8910,=1.1301,=1.2734,=1.7407,=2.6891,=0.0273,=0.8294,=0.0111,=0.0186,=0.0233,=0.0270,=0.0335,=0.0408,=0.0880,=0.0488,=188
="H30199",电力指数,2013-07-15,=-0.0049,=2866.0800,=0.0155,=18.7130,=0.4635,=14.1448,=16.9717,=18.9885,=25.0122,=78.5133,=1.6899,=0.4240,=1.2472,=1.5161,=1.7144,=1.8402,=2.0960,=1.7898,=0.8088,=1.1507,=1.4427,=1.5881,=1.7828,=2.2389,=0.0277,=0.6955,=0.0166,=0.0223,=0.0267,=0.0283,=0.0333,=0.0402,=0.0878,=0.0494,=782
="931663",SHS消费龙头,2015-03-13,=0.0018,=1679.0900,=-0.1737,=18.7615,=0.1175,=14.4278,=19.9144,=26.3601,=37.1075,=57.5191,=2.7846,=0.0152,=2.5314,=3.4028,=4.3132,=6.1379,=13.5979,=1.7583,=0.1401,=1.3592,=1.8794,=2.3931,=3.4214,=7.5123,=0.0302,=0.9336,=0.0069,=0.0133,=0.0171,=0.0255,=0.0421,=0.0729,=0.1487,=0.0929,=233
="931588",1000价值稳健,2020-11-09,=-0.0009,=33496.6600,=-0.0655,=18.7848,=0.5282,=12.8074,=16.7815,=18.5739,=20.5106,=25.6024,=1.3287,=0.2948,=1.0253,=1.2809,=1.4248,=1.5561,=1.9102,=0.7540,=0.8908,=0.4756,=0.5569,=0.6302,=0.7168,=0.8427,=0.0268,=0.6709,=0.0168,=0.0207,=0.0252,=0.0289,=0.0392,=0.0408,=0.0641,=0.0406,=109
="930939",500质量,2018-11-21,=-0.0022,=23561.3100,=0.1099,=18.8525,=0.7624,=10.4098,=14.0369,=16.3213,=19.4191,=27.8330,=2.2374,=0.5058,=1.6614,=2.0745,=2.2356,=2.4740,=3.9191,=2.0259,=0.9090,=0.9583,=1.2034,=1.4693,=1.8649,=2.9319,=0.0183,=0.3628,=0.0117,=0.0164,=0.0196,=0.0252,=0.0319,=0.0639,=0.1144,=0.0638,=472
="931000",大湾区,2017-07-19,=0.0002,=1737.1600,=-0.0179,=18.9042,=0.7771,=11.8370,=14.5927,=16.2778,=19.1294,=23.4463,=2.0606,=0.4825,=1.3750,=1.7724,=2.0709,=2.5429,=3.2666,=1.5339,=0.4664,=1.1015,=1.3367,=1.5612,=1.8678,=2.5221,=0.0222,=0.5094,=0.0138,=0.0174,=0.0221,=0.0260,=0.0341,=0.0568,=0.0809,=0.0483,=17
="931697",消费50策略,2021-07-12,=0.0017,=6988.9600,=-0.1785,=18.9418,=0.2789,=16.4104,=18.4833,=20.7107,=31.1562,=38.9422,=3.1011,=0.0769,=2.6840,=3.4876,=3.8435,=5.1753,=7.0736,=1.7317,=0.1949,=1.4635,=1.7367,=1.9128,=2.8381,=3.5305,=0.0359,=0.9485,=0.0120,=0.0158,=0.0247,=0.0321,=0.0403,=0.0733,=0.1608,=0.0948,=65
="000931",中证可选,2009-07-03,=0.0036,=4951.7700,=-0.2031,=19.1056,=0.3288,=12.9961,=17.9577,=20.0382,=26.0964,=47.1695,=1.9360,=0.0569,=1.6991,=2.0988,=2.4778,=2.7914,=3.7874,=0.8981,=0.0989,=0.7260,=0.9526,=1.1089,=1.2780,=1.9265,=0.0280,=0.9778,=0.0120,=0.0178,=0.0209,=0.0249,=0.0298,=0.0506,=0.1143,=0.0639,=844
="H30094",消费红利,2013-07-02,=0.0004,=30931.5800,=-0.1672,=19.2064,=0.1108,=16.2060,=20.3262,=27.7711,=33.4547,=59.6542,=3.4379,=0.0157,=3.1510,=4.3750,=5.3351,=6.7479,=11.0368,=3.9116,=0.3576,=2.0635,=3.3573,=4.3046,=5.3148,=8.4259,=0.0456,=0.9881,=0.0123,=0.0178,=0.0223,=0.0355,=0.0491,=0.1060,=0.1905,=0.1131,=2190
="399990",煤炭等权,2015-01-21,=0.0110,=3648.6500,=0.2702,=19.3153,=0.8752,=5.7123,=8.6087,=10.6443,=15.5378,=144.9606,=1.8310,=0.9769,=0.8179,=1.1204,=1.3795,=1.6235,=2.0135,=1.8510,=0.9510,=0.6732,=0.9175,=1.1221,=1.4635,=2.2100,=0.0315,=0.0824,=0.0074,=0.0368,=0.0547,=0.0638,=0.1003,=0.0521,=0.0912,=0.0456,=242
="399998",中证煤炭,2015-02-13,=0.0073,=2441.0500,=0.2380,=19.3153,=0.8752,=5.7123,=8.6087,=10.6443,=15.5378,=144.9606,=1.8310,=0.9769,=0.8179,=1.1204,=1.3795,=1.6235,=2.0135,=1.8510,=0.9510,=0.6732,=0.9175,=1.1221,=1.4635,=2.2100,=0.0315,=0.0824,=0.0074,=0.0368,=0.0547,=0.0638,=0.1003,=0.0521,=0.0912,=0.0456,=2139
="399987",中证酒,2014-12-10,=-0.0007,=3743.7500,=-0.2509,=19.4642,=0.1108,=16.5000,=20.6234,=30.5247,=38.5048,=71.4257,=3.7365,=0.0152,=3.3943,=4.9083,=6.4706,=8.9992,=15.9495,=5.9683,=0.0630,=5.0607,=6.4796,=8.3115,=11.8299,=21.4371,=0.0461,=0.9913,=0.0067,=0.0114,=0.0162,=0.0336,=0.0485,=0.1202,=0.2043,=0.1302,=2798
="399997",中证白酒,2015-01-21,=-0.0005,=6251.2600,=-0.2866,=19.5217,=0.1310,=16.2418,=20.3042,=29.7024,=37.9971,=71.4432,=3.9189,=0.0161,=3.5435,=5.2032,=7.2669,=9.8068,=17.8607,=6.7809,=0.0705,=5.9830,=7.2852,=9.8354,=13.6521,=24.8964,=0.0470,=0.9918,=0.0066,=0.0115,=0.0169,=0.0343,=0.0495,=0.1224,=0.2121,=0.1334,=7801
="000987",全指材料,2011-08-02,=-0.0014,=4778.8300,=-0.0463,=19.5569,=0.4297,=11.8534,=16.4330,=20.9524,=27.3742,=362.4529,=2.3545,=0.6811,=1.3547,=1.6741,=2.0388,=2.4959,=3.3213,=1.1618,=0.6296,=0.6546,=0.8399,=1.0193,=1.3287,=1.7398,=0.0182,=0.5406,=0.0046,=0.0122,=0.0173,=0.0209,=0.0269,=0.0806,=0.0892,=0.0459,=395
="000126",消费50,2011-12-09,=0.0008,=6298.0600,=-0.2425,=19.6842,=0.1471,=15.1608,=20.2920,=22.8626,=32.8709,=57.2206,=2.4808,=0.0264,=2.2360,=2.9999,=3.4007,=4.8666,=7.3797,=1.3794,=0.2559,=0.9155,=1.2957,=1.8264,=2.6426,=3.8011,=0.0363,=0.9905,=0.0091,=0.0134,=0.0211,=0.0280,=0.0382,=0.0674,=0.1407,=0.0845,=96
="930782",500SNLV,2016-02-04,=0.0013,=18806.5800,=0.0008,=19.8026,=0.4780,=13.0617,=17.6555,=20.0127,=23.1583,=33.4651,=1.6024,=0.6972,=1.0996,=1.3464,=1.4745,=1.7678,=2.5944,=1.2207,=0.7009,=0.5914,=0.8056,=0.8892,=1.3687,=2.0883,=0.0249,=0.9642,=0.0090,=0.0141,=0.0204,=0.0229,=0.0271,=0.0435,=0.0820,=0.0412,=1378
="000036",上证消费,2009-01-09,=0.0036,=9158.4900,=-0.1560,=19.8930,=0.0301,=17.8817,=22.5609,=31.6672,=40.5919,=69.3963,=4.2837,=0.0803,=3.7240,=5.2250,=6.5384,=9.2057,=14.9810,=4.1498,=0.2089,=1.9092,=4.0920,=4.8718,=7.3411,=10.9001,=0.0398,=0.9885,=0.0071,=0.0114,=0.0159,=0.0310,=0.0429,=0.1234,=0.2393,=0.1442,=2337
="932367",500现金流,2024-11-12,=-0.0056,=3393.3700,=-0.0727,=20.0228,=0.9471,=12.7635,=14.1441,=17.1379,=19.2247,=20.8865,=1.5279,=0.0749,=1.4139,=1.6015,=1.7302,=1.9686,=2.3672,=1.0509,=0.2533,=0.8544,=0.9762,=1.2186,=1.2828,=1.4394,=0.0317,=0.4934,=0.0247,=0.0291,=0.0317,=0.0366,=0.0403,=0.0474,=0.1139,=0.0553,=128
="000807",食品饮料,2012-02-17,=0.0031,=14944.8600,=-0.1826,=20.0572,=0.0964,=16.7498,=21.2041,=30.4153,=37.6314,=67.1514,=3.6858,=0.0152,=3.4269,=4.7744,=6.2605,=8.2580,=14.6770,=4.3106,=0.1075,=3.6682,=4.5292,=5.6629,=7.6740,=12.7454,=0.0433,=0.9881,=0.0077,=0.0131,=0.0185,=0.0335,=0.0463,=0.1117,=0.1953,=0.1219,=4319
="000942",内地消费,2009-10-28,=0.0043,=8317.1900,=-0.1864,=20.0955,=0.3597,=14.4412,=18.7602,=21.7434,=33.3379,=52.6356,=2.5149,=0.0124,=2.3718,=3.1149,=3.6909,=5.0424,=7.7211,=1.3735,=0.1014,=1.1096,=1.4981,=1.7718,=2.5493,=4.1228,=0.0350,=0.9815,=0.0093,=0.0147,=0.0214,=0.0288,=0.0381,=0.0635,=0.1426,=0.0853,=775
="930794",中美互联网,2016-04-22,,,=-0.1692,=20.2009,=0.0154,=19.0341,=27.7943,=32.4687,=38.0931,=50.5410,=5.3016,=0.1528,=3.5920,=5.5537,=6.5716,=7.5414,=9.2259,=4.7241,=0.4386,=2.2940,=3.8795,=4.8577,=5.5740,=7.0802,=0.0026,=0.5960,=0.0004,=0.0006,=0.0017,=0.0032,=0.0053,=0.1918,=0.2425,=0.1282,=441
="399438",绿色电力,2014-12-30,=-0.0052,=2020.6800,=0.0148,=20.2798,=0.6345,=13.5016,=17.0054,=19.1580,=22.0380,=41.2289,=1.8213,=0.5389,=1.2516,=1.5034,=1.8044,=1.9344,=2.3077,=2.1337,=0.8875,=1.1906,=1.4256,=1.8240,=2.0581,=3.6995,=0.0260,=0.4372,=0.0163,=0.0221,=0.0266,=0.0293,=0.0348,=0.0410,=0.0881,=0.0494,=222
="930903",中证A股,2016-10-18,=0.0003,=4083.8900,=0.0006,=20.3367,=0.7638,=12.9620,=16.2736,=17.8407,=20.6520,=23.9680,=1.7717,=0.5720,=1.2607,=1.5562,=1.7196,=1.9428,=2.2108,=1.6305,=0.7845,=1.0406,=1.2347,=1.3845,=1.6405,=1.9264,=0.0203,=0.4782,=0.0139,=0.0174,=0.0205,=0.0237,=0.0332,=0.0473,=0.0748,=0.0423,=24
="931752",工程机械主题,2021-09-27,=-0.0041,=2206.5700,=-0.1247,=20.3464,=0.3904,=13.6456,=18.5481,=21.3077,=24.3161,=27.9581,=1.8653,=0.6419,=1.2593,=1.5789,=1.7334,=2.1182,=2.6511,=1.1184,=0.6460,=0.7133,=0.9182,=1.0258,=1.2846,=1.6462,=0.0220,=0.7502,=0.0151,=0.0190,=0.0208,=0.0222,=0.0284,=0.0525,=0.0958,=0.0571,=111
="000815",细分食品,2012-04-11,=0.0034,=15336.1100,=-0.1813,=20.3573,=0.1183,=16.6089,=21.2449,=30.6642,=37.4251,=68.5596,=3.6386,=0.0165,=3.3595,=4.7264,=6.1934,=8.2709,=14.7926,=4.3803,=0.0354,=4.0083,=4.9232,=6.1102,=8.3455,=14.4971,=0.0424,=0.9893,=0.0072,=0.0123,=0.0164,=0.0328,=0.0452,=0.1102,=0.1902,=0.1204,=789
="932246",储能电池,2022-07-08,=0.0035,=3808.6800,=-0.2085,=20.3916,=0.1890,=13.3190,=20.9723,=26.2662,=33.0922,=40.1514,=3.2089,=0.4283,=2.3139,=2.6982,=3.2943,=4.4393,=5.1292,=2.1044,=0.2992,=1.3666,=1.7116,=2.2990,=3.2716,=3.7523,=0.0194,=0.7559,=0.0111,=0.0133,=0.0165,=0.0200,=0.0231,=0.0850,=0.1439,=0.0684,=77
="000985",中证全指,2011-08-02,=0.0003,=5923.5000,=0.0007,=20.3925,=0.8014,=12.6044,=15.9637,=17.6544,=20.3828,=23.7678,=1.7678,=0.5628,=1.2581,=1.5484,=1.7145,=1.9401,=2.1557,=1.6258,=0.7779,=1.0381,=1.2268,=1.3876,=1.6383,=1.8438,=0.0204,=0.4631,=0.0148,=0.0175,=0.0207,=0.0240,=0.0333,=0.0472,=0.0749,=0.0423,=773
="000941",新能源,2009-10-28,=-0.0028,=2071.1500,=-0.1953,=20.4124,=0.2208,=10.2578,=20.0248,=28.4941,=37.2229,=57.4660,=2.6054,=0.3651,=1.8262,=2.2548,=2.9441,=3.8432,=8.1424,=2.2148,=0.4730,=1.2704,=1.5650,=2.2614,=2.9648,=7.0320,=0.0189,=0.8129,=0.0031,=0.0063,=0.0105,=0.0186,=0.0268,=0.0648,=0.1201,=0.0662,=2483
="H11136",中国互联网,2011-09-20,=0.0085,=3741.7555,=-0.2981,=20.5683,=0.2539,=14.4387,=19.6496,=42.0121,=56.8733,=137.0698,=2.2034,=0.0403,=1.7247,=2.5136,=3.7936,=6.7403,=9.7098,=1.7669,=0.0130,=1.5020,=2.2099,=3.8780,=6.5160,=9.1092,=0.0107,=0.9129,=0.0007,=0.0013,=0.0020,=0.0087,=0.0132,,=0.1373,=0.0798,=3388
="980032",新能电池,2015-02-17,=0.0049,=12888.0900,=-0.1815,=20.6409,=0.1420,=14.3994,=22.1691,=29.9059,=79.3225,=130.4039,=3.1188,=0.1492,=2.4545,=3.3332,=4.2325,=7.6047,=11.8091,=1.6715,=0.1899,=1.1163,=1.6875,=2.2276,=4.8448,=7.8642,=0.0151,=0.7780,=0.0011,=0.0019,=0.0085,=0.0155,=0.0224,=0.0784,=0.1357,=0.0605,=761
="399701",深证F60,2010-05-10,=0.0041,=7510.5700,=-0.0542,=20.6676,=0.5657,=12.1841,=17.0099,=19.9922,=22.2665,=29.1141,=1.9468,=0.1475,=1.6712,=2.0147,=2.1790,=2.5392,=3.7270,=1.2826,=0.2843,=1.0125,=1.2363,=1.3593,=1.5636,=2.4139,=0.0272,=0.9448,=0.0118,=0.0177,=0.0206,=0.0250,=0.0310,=0.0535,=0.0664,=0.0457,=1680
="930938",500成长估值,2018-12-04,=-0.0003,=4771.8500,=0.0289,=20.6718,=0.8344,=9.4780,=13.1561,=16.9193,=20.1503,=30.3577,=2.4778,=0.8997,=1.4489,=1.8747,=2.1346,=2.3262,=3.6765,=2.0319,=0.9061,=0.6916,=0.9092,=1.1841,=1.6404,=2.5224,=0.0169,=0.3349,=0.0092,=0.0156,=0.0186,=0.0217,=0.0299,=0.0696,=0.1028,=0.0631,=75
="399396",国证食品,2012-10-29,=0.0033,=14300.8800,=-0.1814,=20.7069,=0.0964,=17.1702,=21.8020,=30.0908,=37.3108,=66.0937,=3.4951,=0.0161,=3.2471,=4.5782,=6.0987,=7.6300,=14.3214,=3.3545,=0.0115,=3.1290,=3.9685,=5.0504,=6.2477,=12.4529,=0.0409,=0.9872,=0.0078,=0.0130,=0.0187,=0.0323,=0.0441,=0.1036,=0.1761,=0.1101,=1622
="931747",中证储能,2021-10-15,=0.0085,=6223.9000,=-0.2187,=20.7298,=0.0906,=16.6670,=22.1582,=27.3683,=51.9687,=124.6415,=3.3444,=0.0095,=3.1109,=3.9253,=4.5863,=6.8552,=12.5394,=1.7798,=0.2097,=1.2712,=1.7464,=2.2323,=3.6656,=8.7019,=0.0172,=0.8896,=0.0008,=0.0019,=0.0123,=0.0160,=0.0191,=0.0792,=0.1665,=0.0804,=145
="000904",中证200,2007-01-15,=-0.0013,=5662.3300,=0.0022,=20.8563,=0.8842,=11.9474,=14.9318,=16.7946,=19.5281,=25.2311,=1.7409,=0.4973,=1.2748,=1.5010,=1.7425,=2.0647,=2.3407,=1.2712,=0.1718,=1.0540,=1.2846,=1.4148,=1.6929,=2.1135,=0.0234,=0.6382,=0.0136,=0.0162,=0.0207,=0.0259,=0.0372,=0.0465,=0.0739,=0.0482,=722
="399432",智能汽车,2014-12-30,=0.0080,=5201.8600,=-0.2333,=21.0429,=0.3791,=12.3799,=17.9592,=24.8348,=66.1739,=131.3343,=2.9352,=0.3725,=1.4019,=2.1767,=3.5041,=6.5272,=11.4939,=1.6919,=0.4277,=0.5888,=0.9103,=1.8985,=4.6106,=8.8483,=0.0151,=0.5628,=0.0016,=0.0032,=0.0133,=0.0240,=0.0377,=0.0724,=0.1377,=0.0637,=24
="931719",CS电池,2013-07-15,=0.0012,=3385.5400,=-0.2038,=21.0608,=0.0795,=15.7007,=26.0914,=38.1328,=63.2129,=121.8822,=3.1938,=0.3185,=1.9771,=2.9292,=3.8788,=5.7588,=11.8941,=2.1110,=0.2089,=1.2782,=2.0985,=2.9643,=4.4542,=9.5565,=0.0176,=0.9197,=0.0012,=0.0035,=0.0069,=0.0126,=0.0220,=0.0816,=0.1370,=0.0637,=585
="931755",SEEE碳中和,2021-10-21,=0.0006,=1770.3300,=-0.1570,=21.0807,=0.4590,=13.4966,=17.5565,=21.4425,=24.7726,=29.4214,=2.1370,=0.3831,=1.7561,=1.9738,=2.3649,=2.7110,=3.9105,=1.3532,=0.6316,=0.8856,=1.0439,=1.2451,=1.4669,=2.3046,=0.0202,=0.6350,=0.0102,=0.0151,=0.0181,=0.0219,=0.0256,=0.0517,=0.0916,=0.0470,=146
="399370",国证成长,2010-01-04,=-0.0003,=5192.4100,=0.0251,=21.1345,=0.4240,=14.0104,=18.9925,=21.7840,=25.9317,=39.9195,=3.7803,=0.7581,=1.9695,=2.5703,=3.0136,=4.1074,=6.0628,=2.1409,=0.5418,=1.2188,=1.6926,=2.0775,=2.7568,=3.4917,=0.0159,=0.5315,=0.0080,=0.0118,=0.0157,=0.0227,=0.0304,=0.0943,=0.1344,=0.0689,=119
="399976",CS新能车,2014-11-28,=0.0064,=3560.6400,=-0.2027,=21.2046,=0.1665,=13.8890,=22.5630,=33.9034,=62.1175,=231.2544,=2.9034,=0.1298,=2.0896,=3.0753,=3.8124,=6.2213,=11.9870,=1.6488,=0.1471,=0.7703,=1.7898,=2.2861,=4.1916,=9.1824,=0.0140,=0.8142,=0.0014,=0.0031,=0.0075,=0.0136,=0.0276,=0.0742,=0.1248,=0.0561,=2043
="980027",新能源电池,2015-02-16,=-0.0003,=2797.3400,=-0.1720,=21.2182,=0.2058,=16.8641,=21.1750,=24.9353,=30.3991,=35.7610,=3.4208,=0.4316,=2.5249,=3.0537,=3.4964,=4.4093,=5.0827,=2.2718,=0.3789,=1.4888,=1.9164,=2.4172,=3.2393,=3.8612,=0.0194,=0.8858,=0.0052,=0.0082,=0.0155,=0.0185,=0.0213,=0.0839,=0.1513,=0.0747,=117
="1000002",A股全指,1994-01-01,=0.0003,=5923.4963,=0.0007,=21.2636,=0.7738,=12.9500,=16.6929,=18.4859,=21.5206,=25.0020,=1.8071,=0.5756,=1.2633,=1.5740,=1.7422,=1.9983,=2.1910,=1.6606,=0.7952,=1.0499,=1.2419,=1.3991,=1.6653,=1.9034,=0.0199,=0.4388,=0.0142,=0.0167,=0.0205,=0.0235,=0.0329,=0.0469,=0.0745,=0.0420,=7993
="930997",新能源车,2017-07-19,=0.0058,=2405.8100,=-0.2080,=21.2774,=0.2439,=14.0460,=20.5090,=31.3524,=66.7658,=171.6022,=2.9073,=0.3058,=1.7502,=2.4377,=3.6173,=5.9918,=11.4567,=1.6544,=0.3170,=0.7652,=1.2142,=2.1292,=3.8377,=8.7389,=0.0140,=0.6628,=0.0014,=0.0031,=0.0110,=0.0182,=0.0289,=0.0745,=0.1243,=0.0560,=1991
="399417",新能源车,2014-09-24,=0.0048,=3110.0100,=-0.2005,=21.2833,=0.2192,=14.2186,=20.9625,=29.6297,=55.4460,=106.6289,=3.0050,=0.3960,=1.6630,=2.3823,=3.4311,=4.4066,=9.6468,=1.6425,=0.4211,=0.6730,=1.0543,=1.8409,=2.4231,=6.6041,=0.0154,=0.6386,=0.0016,=0.0053,=0.0124,=0.0183,=0.0316,=0.0730,=0.1319,=0.0609,=2444
="000989",全指可选,2011-08-02,=0.0034,=4529.6900,=-0.1902,=21.3048,=0.2798,=14.8205,=20.3628,=24.0768,=30.9883,=46.1708,=2.0438,=0.1566,=1.6599,=2.1074,=2.4809,=2.8215,=3.2250,=0.9456,=0.0977,=0.8200,=0.9977,=1.1523,=1.4378,=1.7628,=0.0258,=0.9712,=0.0123,=0.0153,=0.0186,=0.0235,=0.0287,=0.0481,=0.1045,=0.0593,=1315
="931637",港股通互联网,2021-01-11,=0.0077,=699.1200,=-0.3105,=21.3404,=0.1223,=16.9805,=22.7057,=27.6707,=40.8858,=87.7368,=2.2588,=0.0071,=2.0886,=2.9318,=3.3896,=4.1296,=11.7021,=2.3517,=0.0235,=2.0583,=2.8319,=3.3637,=4.1877,=11.5370,=0.0101,=0.9566,=0.0011,=0.0026,=0.0050,=0.0078,=0.0111,,=0.1267,=0.0732,=304
="000930",中证工业,2009-07-03,=-0.0033,=3053.5300,=-0.1294,=21.3574,=0.5884,=13.1747,=16.3715,=20.2899,=23.7132,=30.4087,=1.6963,=0.3564,=1.3752,=1.5614,=1.8451,=2.1187,=2.6342,=0.8103,=0.6477,=0.5311,=0.6373,=0.7618,=0.8868,=1.0502,=0.0200,=0.7824,=0.0090,=0.0114,=0.0161,=0.0203,=0.0262,=0.0386,=0.0679,=0.0368,=327
="931646",SHS新消费,2021-04-07,=0.0096,=1356.6200,=-0.2846,=21.4239,=0.1367,=17.0652,=22.4563,=25.8299,=30.4788,=45.1728,=2.5353,=0.0239,=2.2638,=3.0903,=3.5795,=4.1397,=7.2085,=2.5215,=0.0224,=2.2716,=3.1389,=3.6975,=4.1935,=7.0452,=0.0108,=0.9711,=0.0024,=0.0045,=0.0066,=0.0085,=0.0121,=0.0608,=0.1302,=0.0748,=15
="931829",中证回购,2023-10-17,=0.0016,=2424.2700,=0.0490,=21.5540,=0.1807,=16.8171,=21.7646,=24.8473,=33.9457,=40.4937,=1.8974,=0.6527,=1.3801,=1.5789,=1.7563,=2.0600,=2.3571,=0.9660,=0.2997,=0.7604,=0.9018,=1.0060,=1.1374,=1.4917,=0.0323,=0.9958,=0.0146,=0.0165,=0.0209,=0.0255,=0.0324,=0.0600,=0.0495,=0.0317,=41
="930653",CS食品饮,2015-06-05,=0.0035,=12536.5400,=-0.1694,=21.6707,=0.1174,=17.6031,=22.6067,=31.2737,=38.3114,=65.8842,=3.3444,=0.0157,=3.1030,=4.3899,=5.7097,=7.1300,=12.9907,=3.1465,=0.0157,=2.9247,=3.7996,=4.7618,=5.8503,=11.4166,=0.0393,=0.9843,=0.0078,=0.0127,=0.0179,=0.0314,=0.0425,=0.0947,=0.1583,=0.1010,=917
="930641",中证中药,2015-05-19,=-0.0015,=8378.7100,=-0.1194,=21.8355,=0.0750,=17.1921,=23.8795,=28.4589,=32.8246,=45.5431,=1.9721,=0.0152,=1.8142,=2.4502,=2.8962,=3.4822,=4.0837,=2.1622,=0.0198,=1.9582,=2.4247,=2.7843,=3.3425,=4.5776,=0.0377,=0.9819,=0.0073,=0.0130,=0.0165,=0.0263,=0.0421,=0.0568,=0.0928,=0.0645,=925
="H11052",智能电车,2009-07-22,=0.0095,=3336.7000,=-0.2138,=22.0344,=0.0911,=16.1153,=25.8876,=32.6552,=63.3646,=148.6443,=3.0463,=0.1356,=2.6129,=3.1750,=3.8827,=5.5107,=9.7804,=1.5417,=0.1207,=1.2507,=1.6502,=2.0374,=3.2736,=6.6252,=0.0136,=0.8892,=0.0021,=0.0035,=0.0091,=0.0114,=0.0189,=0.0695,=0.1293,=0.0622,=202
="931239",港股通汽车,2022-07-21,=-0.0091,=1803.8100,=-0.2199,=22.0427,=0.6964,=12.1049,=14.4157,=17.7298,=25.8371,=32.0714,=2.4242,=0.7771,=1.2076,=1.4410,=1.6440,=2.7070,=3.5989,=1.2042,=0.7771,=0.6024,=0.6888,=0.7785,=1.3867,=1.7776,=0.0167,=0.3205,=0.0091,=0.0148,=0.0201,=0.0227,=0.0338,,=0.1153,=0.0447,=54
="399804",中证体育,2015-02-09,=0.0111,=1714.8200,=-0.1354,=22.1518,=0.0651,=17.8349,=25.0278,=30.2787,=42.8529,=84.6918,=2.8511,=0.3041,=2.0588,=2.7255,=3.1636,=3.7486,=5.5714,=2.4548,=0.3181,=1.7235,=2.3137,=2.8175,=3.8861,=7.1775,=0.0231,=0.9411,=0.0037,=0.0075,=0.0124,=0.0205,=0.0296,=0.0759,=0.0922,=0.0536,=308
="000912",300消费,2007-07-02,=0.0008,=17255.4800,=-0.1682,=22.1638,=0.1990,=17.5697,=22.1701,=28.6893,=38.6920,=71.0374,=3.5854,=0.0185,=3.2494,=4.6631,=6.3981,=8.3233,=13.2137,=2.8406,=0.0515,=1.9809,=3.1967,=4.1908,=5.5033,=9.3193,=0.0418,=0.9765,=0.0078,=0.0128,=0.0189,=0.0300,=0.0471,=0.0878,=0.1878,=0.1192,=792
="930625",SHS互联网,2015-04-21,=0.0098,=2270.3600,=-0.2521,=22.4797,=0.0554,=18.8995,=26.7336,=34.7809,=49.2819,=84.5605,=2.5366,=0.0119,=2.3016,=3.4304,=4.8612,=6.5993,=9.2961,=2.5215,=0.0127,=2.3041,=3.4036,=4.2679,=5.7712,=8.7946,=0.0098,=0.9775,=0.0016,=0.0028,=0.0037,=0.0071,=0.0110,=0.0575,=0.1241,=0.0701,=343
="930632",CS稀金属,2015-05-12,=-0.0003,=2579.9200,=-0.0484,=22.4838,=0.1809,=10.0759,=24.2693,=40.6797,=83.9697,=902.9270,=3.4868,=0.5101,=1.7714,=2.4678,=3.4465,=4.3834,=7.1765,=2.3393,=0.6106,=1.0736,=1.5817,=2.0655,=2.9429,=4.1072,=0.0092,=0.6003,=0.0021,=0.0042,=0.0075,=0.0138,=0.0241,=0.1020,=0.1107,=0.0458,=399
="931481",SHS线上消费,2020-05-06,=0.0135,=826.5600,=-0.2547,=22.5488,=0.1679,=17.8858,=23.2553,=29.5130,=46.2843,=121.3257,=2.4741,=0.0204,=2.2334,=3.0892,=3.5250,=4.7186,=9.8961,=2.5082,=0.1004,=2.0492,=2.7159,=3.2706,=4.2961,=7.8524,=0.0106,=0.9529,=0.0020,=0.0033,=0.0057,=0.0087,=0.0119,=0.0560,=0.1208,=0.0704,=71
="000069",消费80,2010-05-28,=-0.0009,=4285.7700,=-0.1269,=22.6759,=0.2612,=16.4356,=22.3410,=24.9025,=33.0497,=60.5019,=2.8910,=0.0552,=2.4642,=3.1928,=3.5456,=4.8097,=7.6372,=1.7658,=0.4009,=1.0743,=1.5320,=1.9150,=2.7436,=3.8795,=0.0275,=0.9769,=0.0078,=0.0117,=0.0184,=0.0236,=0.0296,=0.0691,=0.1324,=0.0790,=947
="000932",中证消费,2009-07-03,=0.0001,=12322.4800,=-0.1919,=22.7561,=0.2068,=18.2526,=22.5765,=29.2746,=38.6663,=67.7039,=3.3741,=0.0169,=3.0877,=4.2703,=5.3608,=7.0320,=11.1990,=2.6544,=0.0433,=2.0221,=2.9555,=3.5964,=4.6842,=7.7724,=0.0400,=0.9782,=0.0082,=0.0130,=0.0175,=0.0301,=0.0448,=0.0815,=0.1726,=0.1107,=12562
="399365",国证粮食,2009-11-04,=-0.0067,=12311.2400,=-0.0913,=22.8064,=0.3206,=13.3311,=20.2221,=26.7032,=35.2364,=54.5886,=2.0217,=0.1796,=1.6393,=2.0504,=4.0837,=6.4747,=11.3501,=0.8159,=0.2225,=0.5961,=0.8004,=3.1238,=4.6104,=8.7065,=0.0200,=0.7371,=0.0080,=0.0130,=0.0163,=0.0211,=0.0308,=0.0476,=0.0838,=0.0471,=92
="931027",港股通大消费,2017-11-06,=-0.0029,=2752.4800,=-0.1179,=22.8511,=0.3740,=14.6383,=20.4917,=24.9517,=51.4102,=105.3721,=2.6086,=0.0995,=2.2514,=2.8330,=3.2234,=4.2885,=9.1499,=1.5230,=0.2968,=1.0973,=1.4431,=1.7436,=2.4729,=5.7985,=0.0219,=0.7388,=0.0056,=0.0114,=0.0179,=0.0229,=0.0323,,=0.1235,=0.0736,=51
="000963",中证下游,2010-04-16,=0.0032,=5024.5600,=-0.1202,=22.9929,=0.3206,=17.2626,=22.2745,=25.1848,=33.1012,=51.0836,=2.2035,=0.0161,=2.0766,=2.5620,=3.0470,=3.4358,=5.6334,=1.4615,=0.0696,=1.2209,=1.6029,=1.7519,=2.0795,=3.4797,=0.0290,=0.9625,=0.0087,=0.0135,=0.0162,=0.0265,=0.0315,=0.0518,=0.0958,=0.0598,=32
="931166",医药健康100,2019-04-25,=0.0014,=3939.5400,=-0.0233,=23.0224,=0.2774,=17.5935,=22.4177,=25.8672,=35.5807,=58.5515,=3.3848,=0.2101,=2.7671,=3.3748,=4.1466,=5.8146,=8.5226,=3.9415,=0.5370,=2.1887,=3.0671,=3.8067,=4.5238,=6.8190,=0.0185,=0.8394,=0.0059,=0.0080,=0.0121,=0.0180,=0.0263,=0.0791,=0.1325,=0.0724,=402
="399702",深证F120,2010-05-10,=0.0023,=7163.6300,=-0.0544,=23.2684,=0.8739,=12.6034,=17.7484,=20.7934,=22.7166,=28.8861,=2.1406,=0.3589,=1.5963,=1.9896,=2.2116,=2.6272,=3.5867,=1.3598,=0.5529,=0.8721,=1.1406,=1.3251,=1.5883,=2.2308,=0.0225,=0.7540,=0.0114,=0.0165,=0.0194,=0.0232,=0.0299,=0.0541,=0.0726,=0.0466,=1428
="399266",创新能源,2022-09-29,=0.0053,=3009.2400,=-0.1507,=23.3521,=0.2790,=16.2861,=21.0013,=27.2107,=33.1090,=48.5339,=3.5792,=0.3402,=2.6837,=3.2417,=3.9469,=4.9212,=6.9087,=2.4291,=0.3651,=1.5028,=1.9593,=2.5923,=3.4773,=4.6740,=0.0169,=0.8143,=0.0024,=0.0068,=0.0125,=0.0167,=0.0211,=0.0806,=0.1508,=0.0745,=8
="930901",动漫游戏,2016-10-18,=0.0049,=1599.1000,=-0.2446,=23.3550,=0.0609,=17.2478,=29.0868,=41.6103,=250.4074,=4647.5377,=3.0048,=0.5313,=1.7335,=2.3131,=2.9226,=4.0457,=7.9690,=3.8078,=0.1255,=2.8663,=4.1174,=4.9523,=6.7912,=10.0355,=0.0196,=0.9395,=0.0031,=0.0055,=0.0088,=0.0151,=0.0282,=0.0811,=0.1150,=0.0771,=897
="931470",SHS云计算,2020-04-21,=0.0162,=3839.9800,=0.0410,=23.6396,=0.4047,=13.2694,=20.2616,=24.9046,=31.0449,=62.1875,=3.3405,=0.1556,=2.5281,=3.3953,=3.8549,=5.2422,=9.6099,=3.3982,=0.0597,=2.7843,=3.8029,=4.4271,=6.3106,=10.5654,=0.0080,=0.7577,=0.0018,=0.0032,=0.0061,=0.0084,=0.0114,=0.0703,=0.1406,=0.0708,=57
="HSTECH",恒生科技指数,2020-07-01,=0.0034,=4438.2100,=-0.1954,=23.7619,=0.3953,=14.7293,=21.8490,=25.5625,=41.8247,=73.7725,=2.4104,=0.2148,=1.7280,=2.3857,=2.7595,=3.7038,=8.3408,=1.5575,=0.0639,=1.2545,=1.6975,=2.0116,=3.1017,=6.6932,=0.0121,=0.9361,=0.0010,=0.0021,=0.0061,=0.0110,=0.0135,,=0.1207,=0.0688,=7506
="H30015",800汽车,2012-12-21,=0.0005,=7431.0400,=-0.2615,=23.7819,=0.5451,=11.4503,=15.4311,=23.0101,=31.8612,=45.6288,=1.7880,=0.2159,=1.3220,=1.7478,=2.1644,=2.4572,=3.4622,=0.7587,=0.3412,=0.5106,=0.6736,=0.8466,=1.0480,=1.4573,=0.0166,=0.4911,=0.0097,=0.0134,=0.0167,=0.0284,=0.0411,=0.0306,=0.0922,=0.0460,=197
="931484",CS医药创新,2020-05-06,=-0.0023,=1368.6500,=-0.0560,=23.8222,=0.1986,=18.2098,=23.8360,=27.3412,=43.2513,=86.1757,=4.3015,=0.1270,=3.3236,=4.4971,=5.3465,=11.2185,=17.5605,=5.3694,=0.1786,=3.7485,=5.4279,=6.3336,=11.2007,=20.8272,=0.0157,=0.6776,=0.0021,=0.0045,=0.0137,=0.0166,=0.0269,=0.0982,=0.1752,=0.0927,=412
="000988",全指工业,2011-08-02,=-0.0037,=3643.4200,=-0.1174,=24.0773,=0.5019,=13.7285,=19.3778,=24.0250,=28.8690,=37.6625,=1.8232,=0.3820,=1.3866,=1.6512,=1.9986,=2.3792,=2.7728,=0.8633,=0.4475,=0.5551,=0.7455,=0.8964,=1.0486,=1.3765,=0.0181,=0.7462,=0.0076,=0.0095,=0.0142,=0.0193,=0.0256,=0.0383,=0.0650,=0.0365,=241
="HSIII",恒生互联网科技业指数,2020-07-20,=0.0083,=2118.3100,=-0.2786,=24.2602,=0.2989,=12.6629,=22.1514,=34.5590,=47.7321,=309808.9839,=2.3650,=0.1072,=1.7026,=2.5345,=3.6243,=6.1191,=8.5704,=1.8434,=0.1182,=1.1940,=1.9756,=2.3959,=3.5799,=5.1261,=0.0100,=0.8042,=0.0015,=0.0029,=0.0054,=0.0099,=0.0133,,=0.1196,=0.0690,=2057
="000990",全指消费,2011-08-02,=0.0005,=10425.6400,=-0.1810,=24.4098,=0.2402,=18.6483,=23.1095,=30.4358,=39.1217,=75.7240,=3.3382,=0.0169,=3.0373,=4.0628,=4.9934,=6.2867,=9.6579,=2.4786,=0.0527,=2.2209,=2.7714,=3.3206,=4.0947,=6.6514,=0.0382,=0.9736,=0.0082,=0.0125,=0.0158,=0.0297,=0.0432,=0.0754,=0.1676,=0.1071,=3870
="399850",深证50,2023-10-18,=0.0011,=9183.7000,=0.0059,=24.5467,=0.5941,=16.5344,=20.2095,=23.8415,=27.0378,=36.7629,=3.7245,=0.7600,=2.5911,=2.9423,=3.2915,=3.7638,=4.4773,=2.0675,=0.7837,=1.3017,=1.4892,=1.7005,=2.0796,=2.4833,=0.0189,=0.2667,=0.0162,=0.0183,=0.0207,=0.0232,=0.0271,=0.0725,=0.0973,=0.0609,=80
="000812",细分机械,2012-04-11,=-0.0004,=6301.8800,=-0.1808,=24.5639,=0.2991,=14.1771,=22.0432,=31.1262,=39.6369,=51.3583,=2.6135,=0.5538,=1.6005,=2.1653,=2.5363,=3.4006,=5.3964,=1.7441,=0.5064,=1.1287,=1.4635,=1.7376,=2.2906,=3.5603,=0.0186,=0.8723,=0.0047,=0.0079,=0.0121,=0.0170,=0.0237,=0.0567,=0.0835,=0.0406,=208
="987008",港股通科技,2021-03-08,,,=-0.1844,=24.8142,=0.2822,=16.3992,=24.0235,=27.0014,=33.5414,=63.8758,=2.5460,=0.0380,=2.3408,=2.8992,=3.3922,=3.9226,=8.4842,=2.1118,=0.0380,=1.9337,=2.5407,=2.9633,=3.8051,=8.7605,=0.0073,=0.7953,=0.0015,=0.0033,=0.0060,=0.0074,=0.0093,=0.0483,=0.1100,=0.0644,=98
="1000008",沪深B股,1994-01-10,=0.0058,=299.3200,=0.1793,=24.9938,=0.6947,=7.0835,=12.9417,=17.5164,=30.7740,=97.5837,=0.8227,=0.4310,=0.6594,=0.7810,=0.8391,=1.0036,=1.4816,=0.5476,=0.6803,=0.3777,=0.4474,=0.5017,=0.5790,=1.1545,=0.0447,=0.8298,=0.0157,=0.0283,=0.0362,=0.0439,=0.1455,,=0.0269,=0.0232,=373
="931574",港股科技,2013-05-21,=0.0050,=1513.6400,=-0.1378,=25.0249,=0.3688,=16.3025,=22.9259,=26.8065,=42.5728,=59.3282,=2.6294,=0.2836,=1.8790,=2.5324,=2.9366,=3.5642,=8.1693,=1.6115,=0.1612,=1.3201,=1.6641,=1.9617,=2.7905,=5.7490,=0.0110,=0.9128,=0.0011,=0.0031,=0.0072,=0.0100,=0.0126,,=0.1179,=0.0629,=278
="931403",品牌工程,2020-01-14,=0.0044,=2044.3500,=0.0355,=25.0912,=0.2756,=18.7149,=24.0943,=28.8492,=43.3362,=69.9724,=3.8086,=0.0986,=3.2380,=4.0042,=4.8693,=7.6570,=10.9810,=2.9629,=0.2269,=2.2604,=2.9340,=3.3317,=4.7651,=7.2001,=0.0225,=0.8286,=0.0056,=0.0085,=0.0156,=0.0222,=0.0278,=0.0855,=0.1433,=0.0828,=125
="931746",储能产业,2015-06-11,=0.0071,=2806.2600,=-0.2411,=25.1200,=0.3270,=12.7536,=19.8694,=31.4796,=41.0643,=70.6293,=2.7205,=0.1881,=2.2823,=2.7406,=3.3604,=4.9836,=8.8670,=1.7909,=0.4185,=1.1513,=1.5069,=2.0240,=3.1140,=6.6557,=0.0154,=0.7110,=0.0020,=0.0044,=0.0129,=0.0167,=0.0220,=0.0527,=0.0831,=0.0351,=164
="000907",中证700,2007-01-15,=-0.0020,=6640.4800,=0.0259,=25.2918,=0.8710,=13.5964,=17.1394,=19.5540,=24.0589,=30.1680,=2.0061,=0.6148,=1.3201,=1.5883,=1.8281,=2.1890,=2.4753,=1.4361,=0.6176,=0.9663,=1.1767,=1.3274,=1.5764,=1.9854,=0.0187,=0.5740,=0.0115,=0.0140,=0.0176,=0.0227,=0.0321,=0.0457,=0.0692,=0.0443,=268
="931573",HKC科技,2014-05-21,=0.0041,=2851.8300,=-0.1205,=25.3316,=0.2965,=18.3272,=24.3259,=27.9839,=39.1853,=82.7075,=2.8190,=0.1401,=2.3269,=2.9421,=3.3134,=4.1356,=10.6583,=1.8675,=0.1465,=1.5041,=1.9537,=2.2796,=3.2960,=8.3359,=0.0100,=0.9648,=0.0015,=0.0040,=0.0066,=0.0088,=0.0111,,=0.1298,=0.0639,=312
="000969",300非周,2010-05-28,=0.0014,=5427.7700,=0.0193,=25.3499,=0.7421,=15.9839,=20.6623,=22.8368,=26.6038,=38.7203,=2.7090,=0.3778,=2.0789,=2.5003,=2.7926,=3.1883,=4.9189,=1.4913,=0.7206,=0.8921,=1.1604,=1.2981,=1.5787,=2.2463,=0.0201,=0.7173,=0.0089,=0.0140,=0.0170,=0.0211,=0.0277,=0.0536,=0.0964,=0.0534,=90
="931579",东证优势成长,2020-11-09,=-0.0059,=9192.9800,=0.2045,=25.4564,=0.6417,=7.9327,=14.3474,=19.3309,=30.2758,=61.0103,=5.5545,=0.7223,=0.9149,=2.6241,=3.4636,=5.9182,=9.3390,=3.9751,=0.8619,=1.1828,=2.0647,=2.4303,=3.7087,=6.0793,=0.0134,=0.4208,=0.0040,=0.0072,=0.0147,=0.0284,=0.0527,=0.1274,=0.1983,=0.0660,=160
="931140",医药50,2019-03-20,=-0.0031,=10147.7600,=-0.0129,=25.4867,=0.2007,=20.8651,=25.4853,=28.5136,=42.3320,=67.0844,=3.9686,=0.1217,=3.0998,=4.1962,=4.9321,=7.3642,=10.9696,=4.6952,=0.2610,=3.4950,=4.6135,=5.0962,=7.0302,=12.1248,=0.0169,=0.7703,=0.0046,=0.0078,=0.0109,=0.0174,=0.0237,=0.0849,=0.1515,=0.0835,=1230
="HSSCNE",恒生港股通新经济指数,2018-01-08,=0.0070,=3673.4800,=-0.1451,=25.6129,=0.6471,=15.8046,=20.8283,=24.0013,=28.3000,=53.5009,=3.0222,=0.6284,=1.7963,=2.2598,=2.8192,=3.4561,=6.9059,=2.2445,=0.6200,=1.4023,=1.7335,=1.9906,=2.5437,=5.3019,=0.0109,=0.5240,=0.0041,=0.0086,=0.0108,=0.0166,=0.0252,,=0.1278,=0.0726,=205
="399326",成长40,2006-01-24,=-0.0018,=7279.6100,=0.1433,=25.6279,=0.3717,=11.4413,=22.5069,=27.5839,=33.2868,=67.8360,=5.5282,=0.6741,=2.3502,=3.7081,=4.7255,=6.5226,=10.3842,=3.0739,=0.5043,=1.6605,=2.3239,=3.0646,=3.9346,=5.1844,=0.0133,=0.7882,=0.0046,=0.0073,=0.0096,=0.0135,=0.0218,=0.1406,=0.2161,=0.0931,=275
="399330",深证100,2006-01-24,=0.0006,=5858.4700,=0.0070,=25.7211,=0.7375,=14.9910,=20.3737,=22.8887,=27.7261,=38.9547,=2.9393,=0.4862,=1.9919,=2.4968,=2.9489,=3.5438,=5.5535,=2.0515,=0.4347,=1.3434,=1.7250,=2.0973,=2.4349,=4.0791,=0.0181,=0.7276,=0.0077,=0.0126,=0.0154,=0.0194,=0.0273,=0.0628,=0.0897,=0.0527,=2351
="931230",汽车零部件,2013-07-15,=-0.0041,=982.3900,=-0.2401,=25.9694,=0.4263,=18.5338,=23.9659,=26.5937,=30.3620,=34.9965,=2.6460,=0.5142,=1.8462,=2.3035,=2.6333,=3.1492,=3.7531,=1.6723,=0.4885,=1.1819,=1.4732,=1.6771,=1.9966,=2.3775,=0.0154,=0.7050,=0.0115,=0.0128,=0.0143,=0.0158,=0.0198,=0.0479,=0.1141,=0.0560,=56
="931733",绿色能源,2021-08-19,=0.0048,=4259.7600,=-0.1858,=25.9780,=0.3712,=12.7308,=19.3297,=32.0252,=41.1880,=65.3510,=2.7726,=0.1848,=2.3311,=2.7926,=3.4780,=5.2979,=8.0150,=1.8683,=0.2358,=1.3651,=1.8073,=2.2644,=4.1584,=7.5185,=0.0179,=0.6702,=0.0043,=0.0070,=0.0151,=0.0213,=0.0259,=0.0551,=0.0932,=0.0408,=32
="931008",汽车指数,2013-07-15,=0.0124,=8240.1800,=-0.3120,=26.0449,=0.4958,=12.0130,=17.5703,=26.0831,=36.0481,=55.3660,=1.8709,=0.2751,=1.1809,=1.5505,=2.2068,=2.4480,=3.4286,=0.7827,=0.3700,=0.4315,=0.5562,=0.8981,=1.0488,=1.4087,=0.0166,=0.5547,=0.0059,=0.0123,=0.0163,=0.0274,=0.0426,=0.0306,=0.0829,=0.0424,=496
=".INX",标普500,1957-03-04,=0.0149,=7764.7000,=0.1343,=26.2215,=0.6252,=15.6907,=21.8435,=24.4123,=28.6972,=42.9883,=5.6439,=0.9861,=2.4601,=3.2670,=4.0208,=4.8887,=5.7725,=3.6281,=0.9873,=1.5801,=2.1152,=2.4306,=3.0672,=3.6930,=0.0104,=0.0609,=0.0097,=0.0119,=0.0158,=0.0191,=0.0253,,,=0.0949,=9730
="399806",环境治理,2014-07-21,=-0.0012,=1289.9600,=-0.0699,=26.3617,=0.3086,=17.0172,=24.3835,=29.0281,=35.1385,=49.3304,=1.6494,=0.2839,=1.1727,=1.6033,=1.7613,=2.1635,=4.4901,=1.7807,=0.1644,=1.3064,=1.8224,=2.0637,=2.5818,=5.7591,=0.0178,=0.9188,=0.0037,=0.0085,=0.0106,=0.0156,=0.0215,=0.0362,=0.0536,=0.0352,=854
="399362",民企100,2009-08-03,=0.0026,=8314.8500,=-0.0354,=26.6257,=0.5385,=15.8430,=22.6664,=26.2940,=36.3976,=54.2084,=4.3224,=0.6374,=2.1154,=3.1739,=3.8149,=5.3562,=8.7539,=2.2667,=0.4969,=1.3703,=1.8199,=2.2692,=2.8493,=4.9008,=0.0145,=0.6807,=0.0056,=0.0076,=0.0127,=0.0163,=0.0204,=0.0889,=0.1624,=0.0829,=2
="930614",环保50,2015-04-07,=-0.0006,=1927.1000,=-0.1608,=26.6760,=0.4916,=13.7595,=20.5125,=26.7586,=35.1194,=50.3864,=2.4608,=0.2822,=1.9059,=2.3842,=2.8773,=3.6683,=6.0727,=2.4946,=0.3737,=1.6847,=2.2438,=2.8608,=3.3746,=6.6309,=0.0203,=0.8154,=0.0061,=0.0100,=0.0161,=0.0201,=0.0258,=0.0463,=0.0831,=0.0419,=211
="000977",内地低碳,2011-01-21,=0.0017,=1743.1300,=-0.1638,=26.6760,=0.4944,=13.7595,=20.8967,=26.7712,=35.4182,=50.3864,=2.4608,=0.2839,=1.9264,=2.3844,=2.8648,=3.6471,=6.0727,=2.4946,=0.3852,=1.6847,=2.2202,=2.8044,=3.3634,=6.7765,=0.0203,=0.8447,=0.0061,=0.0100,=0.0159,=0.0195,=0.0258,=0.0463,=0.0823,=0.0416,=396
="399374",中盘成长,2010-01-04,=-0.0048,=5165.5400,=0.1299,=26.7288,=0.7281,=12.0664,=16.7038,=22.9723,=27.5057,=34.9289,=3.8919,=0.9230,=1.8942,=2.4100,=3.1271,=3.6325,=4.6865,=2.5301,=0.8335,=0.9013,=1.6610,=2.2047,=2.4802,=3.0491,=0.0126,=0.3820,=0.0084,=0.0109,=0.0145,=0.0210,=0.0349,=0.0845,=0.1248,=0.0613,=205
="HSSI",恒生综合小型股指数,2001-10-03,=-0.0096,=1309.0900,=-0.1664,=26.8691,=0.8400,=7.3220,=11.0801,=16.3992,=26.2514,=83.7574,=1.0582,=0.6239,=0.5652,=0.7236,=0.9694,=1.1648,=1.4185,=0.6735,=0.4728,=0.3459,=0.4531,=0.6851,=0.9141,=1.2872,=0.0275,=0.3712,=0.0167,=0.0232,=0.0304,=0.0353,=0.0478,,,=0.0326,=126
="399698",优势成长,2017-06-15,=0.0090,=51923.2500,=-0.0040,=27.2125,=0.6500,=14.2338,=18.2952,=23.3667,=35.3986,=66.5130,=1.4675,=0.1770,=1.2178,=1.4808,=1.8918,=2.2842,=2.9395,=2.3746,=0.7662,=0.6634,=1.0722,=1.7316,=2.5603,=4.7303,=0.0279,=0.9454,=0.0069,=0.0108,=0.0160,=0.0213,=0.0303,=0.0360,=0.0690,=0.0308,=42
="HSSCITI",恒生港股通科技主题指数,2023-07-01,=0.0082,=2444.1900,=-0.1614,=27.5701,=0.8699,=15.2810,=21.4389,=23.7706,=26.8856,=33.8690,=2.7742,=0.3056,=2.1914,=2.6741,=2.9056,=3.3887,=4.1810,=2.3747,=0.6528,=1.5305,=1.8537,=2.1363,=2.6972,=3.5648,=0.0087,=0.5960,=0.0061,=0.0075,=0.0085,=0.0091,=0.0106,,=0.1204,=0.0697,=88
="HSSCT",恒生港股通中国科技指数,2020-02-01,=0.0053,=6168.5800,=-0.1776,=27.6498,=0.7245,=15.0039,=21.9821,=24.7267,=31.6376,=55.7647,=2.7721,=0.3604,=1.8368,=2.6288,=2.9998,=4.6027,=8.0840,=2.3918,=0.5602,=1.1354,=1.8461,=2.3144,=3.1780,=6.0217,=0.0087,=0.7532,=0.0020,=0.0040,=0.0071,=0.0089,=0.0108,,=0.1201,=0.0695,=101
="399005",中小板指,2006-01-24,=-0.0017,=8444.6500,=0.0219,=27.6864,=0.4734,=16.1163,=23.0542,=28.4132,=33.6406,=44.0181,=2.9616,=0.2649,=2.0289,=2.7421,=3.3959,=4.2979,=5.3697,=2.0336,=0.3226,=1.3510,=1.8219,=2.3127,=3.2729,=4.1546,=0.0134,=0.6778,=0.0068,=0.0090,=0.0112,=0.0163,=0.0219,=0.0582,=0.0988,=0.0526,=3257
="399440",国证钢铁,2014-12-30,=-0.0093,=1159.9000,=-0.2192,=27.7234,=0.6943,=5.7530,=9.0864,=18.4305,=35.9256,=695.2734,=0.9190,=0.2155,=0.7172,=0.9155,=1.0306,=1.3118,=2.0509,=0.4615,=0.5163,=0.3277,=0.3893,=0.4569,=0.6019,=1.3827,=0.0272,=0.5014,=0.0018,=0.0185,=0.0272,=0.0419,=0.0569,=0.0158,=0.0382,=0.0214,=472
="931187",科技100,2019-05-30,=0.0049,=4932.9500,=0.0691,=27.8049,=0.5791,=18.1467,=22.2450,=26.3905,=34.8698,=49.5031,=3.6447,=0.6016,=2.3703,=2.7982,=3.3865,=4.2433,=5.4633,=2.4876,=0.6685,=1.2579,=1.6419,=2.0834,=2.7128,=4.1304,=0.0134,=0.7074,=0.0052,=0.0083,=0.0119,=0.0140,=0.0184,=0.0693,=0.0911,=0.0562,=862
="399412",国证新能,2014-05-16,=0.0070,=2396.8900,=-0.1904,=27.9510,=0.5464,=13.6858,=20.0843,=25.9063,=40.0619,=66.6027,=2.5295,=0.3436,=1.6349,=2.2652,=2.7192,=3.9698,=7.3016,=1.6467,=0.5208,=0.7993,=1.1878,=1.5908,=2.5873,=5.3757,=0.0155,=0.5290,=0.0032,=0.0058,=0.0151,=0.0184,=0.0274,=0.0454,=0.0862,=0.0441,=365
="930598",稀土产业,2015-03-02,=-0.0018,=2558.5300,=-0.0884,=28.0471,=0.1586,=21.1133,=29.0310,=39.0289,=67.7591,=235.0768,=2.7988,=0.6930,=1.4810,=1.9699,=2.3151,=3.0438,=4.3047,=1.3286,=0.6378,=0.6656,=0.9718,=1.1871,=1.6319,=2.1457,=0.0133,=0.9963,=0.0025,=0.0048,=0.0069,=0.0095,=0.0136,=0.0742,=0.0883,=0.0460,=755
="H30192",食品,2013-07-15,=0.0072,=5279.9000,=-0.0681,=28.2464,=0.1564,=20.6226,=29.5868,=33.1602,=39.0869,=57.5971,=2.6134,=0.0499,=2.3545,=2.9373,=4.5177,=5.7707,=10.5214,=1.5160,=0.0808,=1.2567,=1.6333,=2.3223,=2.8882,=4.8526,=0.0253,=0.8668,=0.0092,=0.0146,=0.0193,=0.0243,=0.0308,=0.0542,=0.0826,=0.0545,=40
="931495",工业互联,2020-07-08,=0.0103,=3623.6000,=0.1075,=28.4312,=0.1406,=23.1262,=29.4871,=38.1504,=53.3405,=70.8207,=4.3951,=0.3528,=2.9026,=3.8845,=4.7346,=6.3536,=7.9366,=1.9543,=0.2752,=1.4018,=1.8314,=2.2715,=3.6880,=4.6375,=0.0127,=0.7454,=0.0034,=0.0047,=0.0082,=0.0135,=0.0182,=0.0803,=0.1349,=0.0622,=0
="000827",中证环保,2012-09-25,=-0.0007,=1597.1700,=-0.1429,=28.4436,=0.5093,=14.0379,=21.0113,=28.2574,=35.5499,=50.6551,=2.4055,=0.3511,=1.7878,=2.2200,=2.7751,=3.3836,=5.4589,=2.4351,=0.4133,=1.6068,=2.0649,=2.7017,=3.2326,=6.2202,=0.0188,=0.7697,=0.0061,=0.0097,=0.0150,=0.0192,=0.0249,=0.0444,=0.0761,=0.0386,=6283
="399008",中小300,2010-03-22,=-0.0013,=1652.6400,=-0.0013,=28.6739,=0.3836,=17.8364,=25.4661,=30.2873,=34.8083,=43.8495,=2.7235,=0.2983,=1.7846,=2.4620,=2.9562,=3.7581,=4.4307,=1.8495,=0.3169,=1.1664,=1.6529,=2.0356,=2.7608,=3.6888,=0.0133,=0.7141,=0.0063,=0.0086,=0.0116,=0.0151,=0.0216,=0.0536,=0.0868,=0.0468,=508
="H11054",装备产业,2009-07-22,=-0.0047,=2521.5000,=-0.1332,=28.7136,=0.4124,=15.6342,=24.8025,=31.8757,=38.3256,=58.0282,=2.6285,=0.4987,=1.6944,=2.1324,=2.6330,=3.3031,=5.1308,=1.8147,=0.4446,=1.2119,=1.4917,=1.8890,=2.3366,=3.6241,=0.0155,=0.8439,=0.0051,=0.0080,=0.0116,=0.0147,=0.0207,=0.0495,=0.0859,=0.0412,=49
="931456",中国教育,2020-04-21,=0.0059,=1063.3671,=-0.1222,=28.8183,=0.0060,=27.9628,=54.2165,=90.6376,=-140.2412,=28609.2511,=2.7177,=0.3854,=1.5831,=2.4517,=2.9237,=3.7604,=9.7545,=2.6288,=0.1646,=1.7011,=2.7010,=3.3293,=4.6341,=11.2012,=0.0088,=0.6537,=0.0035,=0.0060,=0.0082,=0.0098,=0.0209,,=0.0751,=0.0433,=180
="000857",500医药,2013-11-06,=0.0013,=10294.5500,=0.0037,=28.8238,=0.4648,=16.5096,=22.8937,=29.7604,=37.0986,=66.9361,=2.8826,=0.5340,=1.9620,=2.4653,=2.8339,=3.4723,=5.0991,=2.6857,=0.7684,=1.3156,=1.7598,=2.1314,=2.7399,=4.5555,=0.0163,=0.7515,=0.0055,=0.0092,=0.0133,=0.0172,=0.0234,=0.0621,=0.0879,=0.0528,=737
="399007",深证300,2009-11-04,=-0.0003,=5763.0700,=0.0138,=29.1061,=0.8117,=15.3833,=21.4145,=25.0072,=28.9016,=36.7371,=2.8792,=0.5542,=1.8298,=2.3539,=2.8048,=3.2279,=4.4351,=2.0169,=0.5138,=1.2839,=1.6547,=2.0001,=2.3669,=3.3177,=0.0158,=0.7033,=0.0081,=0.0118,=0.0140,=0.0174,=0.0252,=0.0578,=0.0779,=0.0468,=582
="000936",中证电信,2009-07-03,=-0.0030,=12831.8800,=0.2909,=29.2092,=0.5871,=14.1836,=20.2178,=26.5971,=41.2993,=123.1725,=2.7958,=0.8006,=1.2149,=1.7612,=2.3427,=2.7956,=3.6232,=2.6917,=0.9852,=0.7463,=1.0389,=1.2788,=1.8535,=3.0800,=0.0209,=0.5756,=0.0019,=0.0063,=0.0098,=0.0319,=0.0507,=0.0572,=0.0913,=0.0557,=345
="000009",上证380,2010-11-29,=-0.0017,=6928.2900,=0.0516,=29.3018,=0.8933,=11.6192,=14.6240,=18.0512,=25.1664,=39.7002,=2.2079,=0.7462,=1.2909,=1.6341,=1.9527,=2.3341,=2.7777,=1.4343,=0.7783,=0.7850,=0.9356,=1.0818,=1.4771,=1.8994,=0.0160,=0.2489,=0.0086,=0.0154,=0.0183,=0.0251,=0.0358,=0.0419,=0.0662,=0.0414,=866
="399376",小盘成长,2010-01-04,=-0.0025,=6621.7600,=0.0426,=29.3268,=0.6934,=14.4007,=20.2318,=25.6057,=32.2135,=60.1410,=3.2112,=0.8290,=1.6246,=2.0607,=2.3698,=3.1422,=3.8828,=1.8553,=0.7581,=0.7224,=1.0640,=1.2047,=1.9227,=3.3081,=0.0134,=0.5220,=0.0062,=0.0108,=0.0132,=0.0171,=0.0246,=0.0613,=0.1002,=0.0502,=290
="399612",中创100,2011-02-28,=-0.0008,=2851.2100,=0.0329,=29.6476,=0.4137,=18.0203,=24.5371,=31.0188,=39.8478,=52.6199,=4.1122,=0.4429,=2.5576,=3.3599,=4.1853,=5.0805,=7.4671,=2.6926,=0.3387,=1.6155,=2.2648,=2.9803,=3.8377,=5.8630,=0.0120,=0.7079,=0.0050,=0.0075,=0.0099,=0.0137,=0.0203,=0.0768,=0.1210,=0.0621,=158
="931487",SHS人工智能50,2020-05-06,=0.0178,=2052.2500,=-0.0682,=29.6509,=0.3905,=18.6614,=25.7754,=31.7603,=36.9676,=66.0883,=4.9042,=0.5693,=3.0781,=4.0646,=4.6803,=6.1913,=10.5947,=5.6691,=0.6306,=3.3555,=4.5169,=5.2238,=6.7644,=9.5096,=0.0058,=0.5012,=0.0019,=0.0035,=0.0058,=0.0075,=0.0094,,=0.1427,=0.0771,=85
="931798",光伏龙头30,2009-06-16,=-0.0036,=1763.4300,=-0.1527,=29.6524,=0.6560,=8.0886,=17.2411,=24.1594,=37.2332,=66.5518,=2.0564,=0.2299,=1.6869,=2.0280,=2.4208,=4.5878,=8.3847,=2.2194,=0.6551,=0.9999,=1.3542,=1.7295,=3.0761,=5.7040,=0.0118,=0.5410,=0.0027,=0.0059,=0.0112,=0.0206,=0.0351,=0.0348,=0.0745,=0.0451,=204
="931524",SHS科技龙头,2020-07-16,=0.0065,=2733.2600,=0.0169,=29.6979,=0.7347,=18.9033,=23.5438,=26.9100,=34.0689,=59.9125,=3.6768,=0.4981,=2.7731,=3.3021,=3.6802,=5.1104,=9.0190,=2.7947,=0.6087,=1.6886,=2.2638,=2.5858,=4.1818,=7.2475,=0.0084,=0.4629,=0.0027,=0.0048,=0.0086,=0.0100,=0.0124,=0.0645,=0.1239,=0.0664,=232
="000994",全指电信,2011-08-02,=-0.0021,=14220.2500,=0.2767,=29.7136,=0.4170,=17.6024,=21.7761,=33.4378,=52.5075,=109.2407,=2.8719,=0.7149,=1.3865,=1.8410,=2.5294,=3.0109,=3.7766,=2.7057,=0.9765,=0.9155,=1.2459,=1.5559,=1.9113,=3.1271,=0.0202,=0.6036,=0.0022,=0.0055,=0.0085,=0.0296,=0.0398,=0.0579,=0.0895,=0.0556,=235
="930771",CS新能源,2015-12-16,=-0.0048,=2314.2600,=-0.1403,=29.8195,=0.3407,=11.2377,=23.3847,=34.3839,=44.8410,=62.8342,=2.3396,=0.3229,=1.7615,=2.1663,=2.8384,=3.8800,=7.2156,=1.9746,=0.3865,=1.2791,=1.6734,=2.2147,=3.0556,=6.6822,=0.0150,=0.7866,=0.0028,=0.0058,=0.0095,=0.0154,=0.0247,=0.0456,=0.0668,=0.0343,=36
="399808",中证新能,2015-02-10,=-0.0014,=2264.2300,=-0.1957,=29.8195,=0.3309,=11.2377,=23.4990,=35.2345,=45.3735,=62.8342,=2.3396,=0.3136,=1.7615,=2.1712,=2.8824,=3.8504,=7.2277,=1.9746,=0.3651,=1.2791,=1.6778,=2.2317,=3.0254,=6.6822,=0.0150,=0.7932,=0.0029,=0.0058,=0.0093,=0.0152,=0.0247,=0.0456,=0.0668,=0.0343,=1331
="H30597",新材料,2015-02-13,=-0.0015,=4398.4500,=0.0603,=29.9095,=0.4351,=14.0729,=21.7626,=33.0769,=43.3879,=70.6085,=3.4524,=0.3881,=2.1817,=2.8826,=3.6611,=5.2685,=8.9168,=2.2902,=0.3140,=1.2938,=2.0086,=2.7198,=3.7927,=7.1680,=0.0146,=0.7985,=0.0037,=0.0060,=0.0109,=0.0146,=0.0237,=0.0670,=0.0908,=0.0430,=324
="399814",大农业,2014-07-22,=-0.0005,=1050.9800,=-0.1235,=30.0621,=0.6044,=17.8693,=23.4731,=28.0244,=32.4891,=111.7688,=2.7243,=0.0552,=2.4368,=2.9067,=3.2391,=4.3740,=6.4483,=1.5076,=0.2143,=1.2031,=1.4977,=1.7951,=2.3352,=3.7145,=0.0236,=0.8438,=0.0100,=0.0141,=0.0173,=0.0231,=0.0287,=0.0403,=0.1209,=0.0736,=780
="HSCAUPG",恒生A股电网设备指数,2022-02-01,=-0.0079,=12044.2700,=0.1032,=30.0906,=0.6782,=14.0500,=20.4316,=26.6936,=32.6553,=44.2989,=3.1946,=0.8542,=1.1430,=1.3781,=1.4832,=3.0694,=4.3665,=1.8654,=0.7404,=0.4613,=0.5511,=0.6138,=2.0528,=2.8319,=0.0121,=0.2524,=0.0077,=0.0108,=0.0196,=0.0219,=0.0302,=0.0508,=0.1023,=0.0654,=0
="399001",深证成指,1995-01-23,=-0.0005,=13723.7400,=0.0147,=30.3759,=0.7899,=15.9054,=22.8547,=26.5174,=30.5546,=38.7817,=2.7841,=0.5451,=1.7472,=2.2797,=2.7209,=3.2135,=4.0402,=1.9674,=0.5410,=1.2229,=1.6063,=1.9126,=2.3622,=2.9683,=0.0153,=0.7124,=0.0084,=0.0110,=0.0137,=0.0166,=0.0245,=0.0547,=0.0747,=0.0445,=3762
="1000005",上海非金融A股,1994-01-01,,,,=30.5887,=0.8245,=15.3520,=20.3290,=23.4663,=29.7932,=34.6296,=2.2410,=0.7553,=1.5456,=1.8178,=2.0437,=2.2643,=2.5831,=1.3596,=0.9452,=0.7548,=0.9329,=1.0759,=1.2177,=1.4804,=0.0188,=0.4170,=0.0107,=0.0150,=0.0197,=0.0236,=0.0293,=0.0433,=0.0661,=0.0407,=189
="000933",中证医药,2009-07-03,=-0.0015,=7942.9600,=-0.0183,=30.7865,=0.4190,=22.6651,=27.9022,=32.1608,=36.2585,=63.0472,=3.1138,=0.1801,=2.5059,=3.1592,=3.9536,=4.6027,=7.0232,=2.7518,=0.3535,=1.9281,=2.5100,=2.9878,=3.4757,=5.1631,=0.0162,=0.8558,=0.0055,=0.0079,=0.0098,=0.0156,=0.0226,=0.0647,=0.0926,=0.0614,=7224
="931235",中证电信,2022-07-21,=-0.0043,=3045.2900,=0.1231,=30.8186,=0.9299,=15.5242,=18.8614,=21.7192,=26.9988,=36.3009,=2.9506,=0.9477,=0.8741,=1.6458,=1.9559,=2.3980,=3.4857,=2.7475,=0.9477,=0.6427,=1.4239,=1.7355,=2.2245,=3.2153,=0.0195,=0.1135,=0.0135,=0.0238,=0.0300,=0.0335,=0.0573,=0.0568,=0.0917,=0.0560,=66
="000037",上证医药,2009-01-09,=-0.0005,=6432.4400,=0.0154,=30.8237,=0.1706,=21.0843,=31.2809,=34.3348,=41.6974,=61.3894,=3.4875,=0.2938,=2.7278,=3.3323,=3.8369,=4.6066,=7.3155,=2.4927,=0.6448,=1.5724,=2.0207,=2.3509,=2.7888,=4.1395,=0.0121,=0.8694,=0.0048,=0.0076,=0.0100,=0.0117,=0.0146,=0.0648,=0.1036,=0.0607,=2076
="399989",中证医疗,2014-10-31,=-0.0001,=6868.7100,=0.0161,=30.9712,=0.2802,=22.9032,=29.6486,=37.3766,=59.4897,=114.3753,=3.6002,=0.1801,=2.8553,=3.6523,=5.4203,=8.1687,=13.4814,=5.7231,=0.2447,=4.3528,=5.5778,=6.5075,=9.4594,=17.4163,=0.0124,=0.6708,=0.0025,=0.0042,=0.0059,=0.0145,=0.0225,=0.0644,=0.1137,=0.0640,=8626
="931994",电网设备主题,2022-10-11,=-0.0071,=2842.6900,=0.1267,=31.0758,=0.8325,=15.6741,=20.2799,=23.2778,=30.1602,=44.9431,=3.0287,=0.8439,=1.9713,=2.2971,=2.4782,=2.9061,=4.2080,=2.0374,=0.8502,=1.2895,=1.4812,=1.6204,=1.8799,=2.7882,=0.0119,=0.2810,=0.0088,=0.0111,=0.0133,=0.0164,=0.0189,=0.0513,=0.0975,=0.0508,=317
="930648",CS智消费,2015-06-05,=0.0064,=3820.9700,=0.0434,=31.1946,=0.7713,=15.4538,=22.2568,=25.2693,=32.5135,=51.6043,=3.8957,=0.7623,=2.1406,=2.8085,=3.2137,=4.0473,=5.4486,=1.7767,=0.7396,=0.8328,=1.2867,=1.5153,=1.8632,=2.9491,=0.0136,=0.2752,=0.0074,=0.0121,=0.0152,=0.0173,=0.0216,=0.0606,=0.1077,=0.0539,=32
="000171",新兴成指,2017-01-25,=-0.0008,=2215.9600,=0.2010,=31.2011,=0.6829,=15.0335,=20.4154,=24.9942,=36.1302,=63.8139,=4.8816,=0.6006,=2.6324,=3.3023,=4.3744,=6.2615,=10.8185,=4.2398,=0.7639,=1.3680,=2.1241,=2.8123,=4.4495,=8.5894,=0.0126,=0.5038,=0.0042,=0.0073,=0.0126,=0.0194,=0.0271,=0.0954,=0.1371,=0.0669,=208
="000991",全指医药,2011-08-02,=-0.0014,=8633.2600,=-0.0097,=31.2418,=0.3342,=23.5983,=29.4135,=33.8288,=39.1616,=73.5923,=2.9986,=0.0853,=2.5957,=3.1655,=3.7323,=4.5100,=6.5650,=2.8269,=0.3659,=2.0200,=2.6563,=2.9864,=3.6761,=5.9103,=0.0161,=0.8958,=0.0056,=0.0073,=0.0097,=0.0149,=0.0212,=0.0608,=0.0907,=0.0575,=8008
="399088",深创100,2020-02-18,=0.0015,=5136.4900,=0.0176,=31.6271,=0.6277,=15.3025,=22.0977,=27.4382,=38.4570,=56.8187,=4.6557,=0.6152,=2.2889,=3.3306,=4.1283,=5.3756,=6.8856,=3.1179,=0.6500,=1.4223,=1.9890,=2.5519,=3.7425,=5.1281,=0.0107,=0.3033,=0.0058,=0.0088,=0.0129,=0.0163,=0.0258,=0.0800,=0.1522,=0.0791,=74
="000978",医药100,2011-03-18,=0.0011,=9807.6400,=-0.0595,=31.6359,=0.3700,=23.7467,=28.9111,=33.5734,=37.6406,=66.4077,=3.0790,=0.1005,=2.6475,=3.2223,=4.1526,=5.0232,=7.8052,=2.8912,=0.3593,=2.0946,=2.6763,=3.1042,=3.6588,=5.9820,=0.0157,=0.8673,=0.0050,=0.0072,=0.0095,=0.0150,=0.0209,=0.0617,=0.0911,=0.0594,=4730
="930712",CS物联网,2015-07-31,=0.0094,=4641.7900,=0.1130,=31.7615,=0.4792,=21.9217,=27.4652,=32.2180,=37.0688,=50.1215,=4.7299,=0.7499,=2.7515,=3.4472,=4.0810,=4.9792,=7.1882,=2.4892,=0.7907,=1.2084,=1.7388,=2.0114,=2.5506,=3.5102,=0.0130,=0.7070,=0.0070,=0.0089,=0.0114,=0.0139,=0.0190,=0.0871,=0.1340,=0.0721,=169
="931406",5G 50,2020-02-20,=-0.0044,=2889.2800,=0.3574,=31.7751,=0.7102,=15.2657,=20.6460,=24.2697,=34.6117,=51.5506,=3.6053,=0.7089,=1.5292,=1.9738,=2.6197,=3.8166,=5.3757,=2.3846,=0.9619,=0.9155,=1.4127,=1.5900,=1.9472,=2.9469,=0.0161,=0.4016,=0.0042,=0.0068,=0.0204,=0.0275,=0.0387,=0.0653,=0.1023,=0.0580,=708
="399971",中证传媒,2014-04-15,=0.0150,=1227.8400,=-0.1660,=31.8371,=0.3581,=18.4593,=27.0874,=34.5635,=43.6893,=90.0483,=2.2546,=0.3082,=1.5359,=2.1284,=2.5394,=3.1877,=5.0469,=2.6460,=0.2147,=1.9674,=2.6194,=3.1412,=4.3837,=6.4818,=0.0193,=0.7487,=0.0038,=0.0092,=0.0132,=0.0206,=0.0294,=0.0458,=0.0602,=0.0413,=6363
="HSHCI",恒生医疗保健指数,2015-08-17,=-0.0056,=3925.9000,=0.0722,=31.8386,=0.4480,=15.9973,=23.4386,=33.4048,=116.8549,=143059.6617,=2.9165,=0.6068,=1.4805,=2.2594,=2.6825,=3.4864,=7.0432,=1.8649,=0.8014,=0.8149,=1.0324,=1.3235,=1.8634,=3.5391,=0.0116,=0.5390,=0.0038,=0.0082,=0.0113,=0.0147,=0.0248,,=0.0980,=0.0541,=1756
="399996",智能家居,2014-09-17,=0.0134,=5021.0600,=0.0922,=31.8429,=0.7083,=17.5405,=23.3761,=27.7637,=33.7543,=47.8369,=4.2678,=0.8677,=2.2523,=2.8549,=3.4666,=4.1154,=5.3919,=2.1729,=0.8327,=1.0942,=1.4673,=1.7632,=2.1112,=2.7965,=0.0141,=0.4878,=0.0087,=0.0108,=0.0142,=0.0175,=0.0235,=0.0682,=0.1118,=0.0573,=212
="931186",中证科技,2019-05-30,=0.0054,=7364.2400,=0.1002,=31.9690,=0.2763,=19.1938,=30.4834,=36.1749,=46.2087,=73.9401,=4.3567,=0.4412,=2.6301,=3.6292,=4.5687,=6.3263,=8.1242,=2.6533,=0.4373,=1.4264,=2.1017,=2.7897,=4.5043,=6.0737,=0.0119,=0.7490,=0.0037,=0.0054,=0.0086,=0.0128,=0.0201,=0.0662,=0.1226,=0.0581,=961
="000962",中证中游,2010-04-16,=-0.0016,=5258.9500,=0.1159,=31.9844,=0.8702,=12.7529,=17.3536,=20.1671,=27.3195,=43.3218,=3.2445,=0.9650,=1.5782,=1.9009,=2.2584,=2.6250,=4.0998,=1.6151,=0.9674,=0.6672,=0.8352,=0.9937,=1.1478,=2.0187,=0.0114,=0.2419,=0.0081,=0.0109,=0.0151,=0.0183,=0.0221,=0.0511,=0.0826,=0.0418,=16
="399295",创价值,2019-01-23,=0.0020,=4768.6300,=-0.1163,=32.0045,=0.3642,=20.8863,=27.0835,=39.2867,=56.4268,=73.8741,=6.1690,=0.5524,=3.7254,=4.6185,=5.9069,=8.9708,=11.5385,=4.3261,=0.3502,=2.5684,=3.5056,=5.3340,=9.0856,=12.8251,=0.0128,=0.7111,=0.0033,=0.0050,=0.0076,=0.0150,=0.0218,=0.0987,=0.1758,=0.0858,=614
="399389",国证通信,2011-12-02,=-0.0071,=11003.6700,=0.3194,=32.0049,=0.4046,=15.1336,=21.7733,=45.7913,=65.1875,=153.7967,=2.9410,=0.7664,=1.3245,=1.8461,=2.4678,=3.0168,=3.8815,=2.7911,=0.9778,=0.9743,=1.4589,=1.6828,=1.9026,=3.2843,=0.0192,=0.6082,=0.0026,=0.0050,=0.0071,=0.0294,=0.0420,=0.0553,=0.0855,=0.0549,=64
="930721",CS智汽车,2015-08-05,=0.0074,=4633.6400,=-0.1988,=32.0774,=0.0908,=27.2408,=33.7132,=39.2947,=48.7326,=67.2850,=3.0652,=0.1037,=2.5208,=3.2691,=3.7971,=5.3328,=7.3638,=1.1985,=0.0075,=1.1414,=1.4762,=1.8284,=2.6187,=3.8976,=0.0078,=0.5937,=0.0040,=0.0056,=0.0071,=0.0093,=0.0155,=0.0349,=0.1014,=0.0429,=493
="399276",创科技,2020-10-26,=-0.0020,=8644.5900,=0.0667,=32.1608,=0.3812,=20.4624,=26.5345,=37.6105,=56.1660,=84.1667,=5.9255,=0.5168,=3.5855,=4.4473,=5.8673,=8.3907,=12.0896,=4.7565,=0.4932,=2.4145,=3.3937,=4.8248,=8.3366,=12.2359,=0.0117,=0.6802,=0.0023,=0.0035,=0.0092,=0.0160,=0.0221,=0.1025,=0.1724,=0.0811,=12
="399673",创业板50,2014-06-18,=0.0005,=3540.2700,=0.0443,=32.5240,=0.2765,=20.6075,=30.6784,=41.8563,=57.2675,=106.7499,=6.1234,=0.6386,=3.1473,=4.3234,=5.2442,=7.5532,=11.7288,=4.6434,=0.2921,=2.6907,=4.1383,=5.4643,=7.7414,=13.3154,=0.0096,=0.8051,=0.0021,=0.0036,=0.0050,=0.0095,=0.0190,=0.1086,=0.1569,=0.0793,=5664
="HSSSHID",恒生沪深港创新药精选50指数,2020-03-01,=-0.0033,=9028.0300,=0.2042,=32.5566,=0.3564,=23.4861,=29.6632,=35.3959,=51.3697,=94.0285,=4.3166,=0.6592,=2.0729,=2.8237,=3.7705,=6.3006,=8.4497,=6.1896,=0.8483,=1.3432,=1.9044,=3.7703,=6.0043,=8.1459,=0.0085,=0.4642,=0.0033,=0.0050,=0.0087,=0.0120,=0.0157,=0.0807,=0.1198,=0.0708,=295
="000913",300医药,2007-07-02,=-0.0035,=8253.1500,=0.0052,=32.8475,=0.4635,=22.1588,=28.7651,=33.2519,=39.5137,=73.4129,=3.3623,=0.1080,=2.7345,=3.5341,=4.7467,=6.0065,=9.5028,=2.8158,=0.1500,=2.2757,=2.8820,=3.3084,=5.2362,=7.4989,=0.0161,=0.8455,=0.0040,=0.0072,=0.0090,=0.0156,=0.0221,=0.0674,=0.0967,=0.0687,=3434
="000808",医药生物,2012-02-17,=-0.0011,=8211.9500,=-0.0090,=32.9649,=0.4256,=23.4705,=28.3997,=34.4950,=37.8852,=66.3352,=3.1027,=0.1133,=2.6521,=3.2259,=4.1123,=4.9177,=7.9299,=2.8991,=0.3758,=2.0659,=2.6650,=3.0887,=3.5475,=6.2098,=0.0151,=0.8422,=0.0050,=0.0071,=0.0097,=0.0147,=0.0209,=0.0607,=0.0877,=0.0576,=1424
="399667",创业成长,2013-01-07,=-0.0011,=6430.6300,=0.1636,=33.0455,=0.2946,=21.3636,=29.5830,=38.2457,=51.7989,=90.9628,=6.6717,=0.7507,=2.9224,=4.0916,=4.8762,=7.5404,=10.8589,=5.1088,=0.6073,=2.4713,=3.4035,=4.6759,=6.5873,=10.3001,=0.0090,=0.7532,=0.0027,=0.0042,=0.0064,=0.0096,=0.0182,=0.1116,=0.1635,=0.0819,=103
="931591",1000成长创新,2020-11-09,=0.0016,=33951.7500,=0.0373,=33.1226,=0.6045,=18.0900,=24.5874,=32.0465,=35.7218,=40.6167,=3.4916,=0.5512,=2.0923,=3.0155,=3.3995,=4.3482,=5.3788,=3.6584,=0.7230,=1.8413,=2.7522,=3.1277,=3.8241,=5.2879,=0.0105,=0.4025,=0.0063,=0.0087,=0.0110,=0.0139,=0.0216,=0.0658,=0.1062,=0.0605,=152
="399394",国证医药,2012-10-29,=-0.0024,=8365.2900,=-0.0143,=33.1468,=0.4512,=22.8656,=29.2541,=33.9503,=38.4609,=65.8576,=3.2468,=0.1211,=2.7032,=3.3772,=4.4348,=5.2837,=8.6075,=2.9195,=0.3523,=1.9890,=2.7092,=3.1159,=4.5487,=6.5385,=0.0152,=0.8533,=0.0047,=0.0073,=0.0094,=0.0145,=0.0225,=0.0629,=0.0916,=0.0604,=1068
="931590",500成长创新,2020-11-09,=0.0040,=28663.8200,=0.0555,=33.3482,=0.9550,=14.5054,=17.8404,=20.4865,=27.9978,=46.8480,=3.9951,=0.9543,=1.6442,=2.3279,=2.6738,=3.3327,=5.3919,=4.1442,=0.9536,=1.3106,=1.9889,=2.2904,=2.8266,=5.5640,=0.0091,=0.0321,=0.0074,=0.0126,=0.0168,=0.0210,=0.0252,=0.0744,=0.1277,=0.0650,=89
="HSBIO",恒生生物科技指数,2019-12-01,=-0.0050,=16367.5300,=0.1544,=33.4338,=0.3298,=20.8275,=30.7129,=51.3691,=135.9310,=62737.8398,=3.4249,=0.6458,=1.5084,=2.1710,=2.9788,=4.2963,=6.7821,=1.9204,=0.7126,=0.7434,=1.1062,=1.5484,=2.1219,=3.5303,=0.0098,=0.5194,=0.0037,=0.0061,=0.0097,=0.0132,=0.0198,,=0.1070,=0.0655,=694
="000905",中证500,2007-01-15,=-0.0027,=7828.9400,=0.0487,=33.4721,=0.8129,=15.7028,=21.2812,=25.5754,=33.1762,=48.6069,=2.4318,=0.8055,=1.3824,=1.7164,=1.9212,=2.4154,=2.9849,=1.6876,=0.8319,=0.8118,=1.0305,=1.1726,=1.6099,=2.2566,=0.0133,=0.3717,=0.0064,=0.0117,=0.0141,=0.0185,=0.0237,=0.0444,=0.0620,=0.0377,=38557
="000982",500等权,2011-06-13,=-0.0011,=9129.1100,=0.0114,=33.4721,=0.8129,=15.7028,=21.2829,=25.5754,=33.1762,=48.6069,=2.4318,=0.8055,=1.3824,=1.7163,=1.9217,=2.4154,=2.9849,=1.6876,=0.8319,=0.8118,=1.0305,=1.1726,=1.6099,=2.2566,=0.0133,=0.3469,=0.0064,=0.0119,=0.0143,=0.0184,=0.0237,=0.0444,=0.0620,=0.0377,=33
="399293",创业大盘,2019-04-18,=-0.0003,=6849.4300,=0.0570,=33.8097,=0.3205,=20.6573,=29.6614,=41.0730,=53.9364,=71.9327,=6.2807,=0.5028,=3.4452,=4.7513,=6.2722,=9.1395,=13.4901,=4.4821,=0.3182,=2.8408,=4.0544,=5.6512,=9.8002,=14.8309,=0.0099,=0.6801,=0.0029,=0.0046,=0.0073,=0.0117,=0.0196,=0.1045,=0.1554,=0.0782,=182
="399625",中创500,2011-08-15,=-0.0005,=2526.3300,=0.0368,=33.9763,=0.4273,=20.4615,=28.9847,=35.5069,=40.5300,=52.5750,=3.5927,=0.5258,=2.1192,=2.8827,=3.5397,=4.2671,=5.2507,=2.5675,=0.4747,=1.4713,=2.0764,=2.6054,=3.4054,=4.2320,=0.0111,=0.7075,=0.0057,=0.0072,=0.0094,=0.0124,=0.0196,=0.0609,=0.0951,=0.0504,=165
="H30463",沪港深500医药,2014-11-28,=-0.0041,=8045.9300,=0.0359,=34.0089,=0.4184,=23.3470,=31.0222,=35.5633,=42.6572,=94.1690,=3.6232,=0.2458,=2.7545,=3.5087,=4.4035,=5.5958,=10.0878,=3.5200,=0.6175,=1.9470,=2.8257,=3.2976,=4.0255,=9.3489,=0.0124,=0.7957,=0.0038,=0.0069,=0.0089,=0.0124,=0.0194,=0.0704,=0.0989,=0.0669,=42
="HSIDI",恒生创新药指数,2023-01-01,=-0.0092,=2638.5600,=-0.0205,=34.2665,=0.1158,=21.3081,=43.8867,=52.6442,=104.9117,=157.2991,=3.3423,=0.7071,=1.7148,=2.1499,=2.7305,=3.8470,=5.1867,=2.9745,=0.7005,=1.5892,=1.8552,=2.3868,=3.3681,=4.4669,=0.0093,=0.3016,=0.0053,=0.0082,=0.0119,=0.0143,=0.0173,=0.0694,=0.1014,=0.0704,=255
="HSSCID",恒生港股通创新药指数,2023-07-01,=-0.0079,=3122.1600,=-0.0129,=34.2665,=0.1389,=20.9262,=38.1416,=44.0538,=60.6686,=216.1774,=3.3423,=0.6818,=1.6870,=2.0472,=2.6341,=4.0305,=5.1867,=2.9745,=0.6591,=1.6002,=1.9127,=2.4859,=3.4982,=4.4669,=0.0093,=0.3333,=0.0053,=0.0078,=0.0121,=0.0150,=0.0187,=0.0694,=0.1014,=0.0690,=127
="000841",800医药,2012-12-21,=-0.0025,=8618.8500,=0.0311,=34.3131,=0.6555,=21.4494,=28.0346,=32.2227,=37.5808,=58.1462,=3.4891,=0.3646,=2.4193,=3.1867,=3.7527,=4.3436,=6.5122,=4.4208,=0.8302,=1.7815,=2.8895,=3.4469,=4.3311,=6.1565,=0.0154,=0.8649,=0.0064,=0.0084,=0.0102,=0.0141,=0.0210,=0.0669,=0.0871,=0.0593,=590
="399363",云科技,2009-08-03,=0.0013,=12619.7000,=0.3507,=34.3644,=0.1413,=25.0041,=35.8944,=41.4290,=48.6459,=74.9161,=4.1368,=0.2736,=3.0187,=3.9514,=4.6307,=5.5540,=10.4646,=2.8182,=0.4528,=1.6015,=2.2265,=2.9990,=3.6931,=4.3638,=0.0141,=0.9683,=0.0046,=0.0055,=0.0071,=0.0105,=0.0160,=0.0735,=0.1037,=0.0278,=289
="930791",CS医药TI,2016-03-22,=0.0008,=9116.8200,=-0.0154,=34.4161,=0.4524,=23.2364,=30.0855,=35.2832,=40.0219,=70.7414,=2.8937,=0.1195,=2.4395,=3.0117,=3.8063,=4.5615,=6.6660,=2.6698,=0.2814,=2.0598,=2.5724,=2.9320,=3.4991,=5.1130,=0.0153,=0.8702,=0.0054,=0.0072,=0.0098,=0.0145,=0.0204,=0.0543,=0.0784,=0.0518,=200
="000814",细分医药,2012-04-11,=-0.0033,=8568.5000,=0.0265,=34.9172,=0.7042,=21.8871,=27.2039,=32.7541,=37.4652,=60.8250,=3.3238,=0.2575,=2.4219,=3.2060,=4.0713,=4.8855,=7.4081,=2.8084,=0.4615,=1.7858,=2.2898,=2.8815,=3.4673,=5.4819,=0.0144,=0.8121,=0.0055,=0.0075,=0.0098,=0.0142,=0.0215,=0.0622,=0.0890,=0.0611,=413
="931159",创新100,2019-05-16,=0.0061,=3927.6700,=0.1549,=35.1616,=0.4259,=24.8309,=32.3796,=36.2632,=46.2735,=59.7307,=5.1122,=0.6749,=2.9189,=3.7074,=4.4093,=5.5631,=7.4325,=4.2948,=0.6833,=2.3351,=3.1811,=3.8327,=4.8687,=6.6085,=0.0101,=0.6295,=0.0044,=0.0062,=0.0089,=0.0126,=0.0177,=0.0789,=0.1244,=0.0662,=236
="399316",巨潮小盘,2005-02-03,=-0.0024,=6222.1600,=0.0348,=35.4976,=0.7359,=17.4883,=24.6121,=29.2730,=37.5269,=56.1825,=2.1410,=0.6799,=1.3049,=1.7086,=1.9649,=2.3938,=3.1340,=1.3559,=0.6494,=0.7478,=1.0120,=1.2298,=1.5827,=2.5314,=0.0147,=0.6712,=0.0061,=0.0105,=0.0129,=0.0162,=0.0214,=0.0385,=0.0444,=0.0300,=23
="399101",中小综指,2005-12-01,=-0.0011,=14519.1900,=-0.0018,=35.6442,=0.2740,=22.7937,=34.4929,=40.2759,=45.4823,=65.2068,=2.6497,=0.3898,=1.7151,=2.3689,=2.7703,=3.3845,=4.4934,=1.8058,=0.3053,=1.1654,=1.6542,=1.9787,=2.5036,=3.8809,=0.0122,=0.7033,=0.0054,=0.0084,=0.0108,=0.0134,=0.0200,=0.0463,=0.0674,=0.0395,=28
="1000012",中小板全指,2005-12-01,=-0.0011,=14519.1900,=-0.0018,=35.6719,=0.2130,=22.6352,=35.3113,=40.8715,=47.0280,=73.8161,=2.6550,=0.3828,=1.7125,=2.3729,=2.7881,=3.4096,=4.4792,=1.7771,=0.2991,=1.1448,=1.6386,=1.9547,=2.4927,=3.8481,=0.0122,=0.6959,=0.0054,=0.0083,=0.0109,=0.0134,=0.0200,=0.0465,=0.0671,=0.0392,=568
="399296",创成长,2019-01-23,=-0.0017,=7808.9100,=0.2530,=35.7027,=0.3012,=22.4911,=31.0716,=43.1828,=63.6630,=104.6935,=8.0319,=0.6272,=3.9463,=4.9679,=7.1298,=10.6103,=14.9802,=5.0094,=0.3852,=2.5417,=3.4877,=5.8045,=11.8255,=17.3385,=0.0086,=0.7332,=0.0016,=0.0028,=0.0063,=0.0105,=0.0200,=0.1410,=0.2040,=0.0851,=1087
="987018",港股通创新药,2021-11-18,,,=0.0179,=35.7143,=0.2044,=22.9379,=35.6151,=48.8270,=93.7964,=537.2167,=3.5757,=0.6333,=1.6768,=2.3321,=3.2738,=4.1194,=6.0885,=5.2698,=0.4828,=2.6005,=3.5951,=5.3236,=7.0418,=12.1954,=0.0089,=0.6602,=0.0023,=0.0056,=0.0073,=0.0141,=0.0182,,=0.0844,=0.0690,=340
="931672",风电产业,2021-04-29,=-0.0157,=1611.8100,=-0.0850,=35.7438,=0.9237,=16.8665,=21.2248,=24.3739,=30.0105,=45.5856,=1.8422,=0.4099,=1.3490,=1.6878,=1.9683,=2.4450,=3.5946,=2.2383,=0.5336,=1.4458,=1.8973,=2.1752,=2.6930,=3.3215,=0.0118,=0.5198,=0.0064,=0.0084,=0.0116,=0.0153,=0.0206,=0.0309,=0.0571,=0.0343,=67
="931718",高端造质量成长50,2021-08-25,=0.0028,=3299.0600,=0.1416,=35.8784,=0.7293,=16.3078,=22.2401,=29.1112,=36.9808,=49.4696,=6.2321,=0.8252,=3.1255,=3.9511,=4.9071,=6.0890,=8.5001,=4.2654,=0.8553,=1.7207,=2.2608,=3.0517,=3.8837,=5.6653,=0.0096,=0.3927,=0.0046,=0.0067,=0.0108,=0.0147,=0.0205,=0.0895,=0.1450,=0.0725,=30
="931250",港股通创新药,2012-07-20,=-0.0053,=1213.3300,=0.2077,=36.0093,=0.4710,=21.4435,=32.6738,=36.4040,=43.9167,=63.0533,=3.9042,=0.8408,=1.5232,=1.8495,=2.3848,=3.8353,=4.5255,=6.3523,=0.7449,=1.4727,=1.7815,=2.4049,=6.5166,=7.7209,=0.0079,=0.2767,=0.0059,=0.0076,=0.0131,=0.0162,=0.0196,=0.0728,=0.1071,=0.0564,=142
="931787",港股创新药,2018-08-14,=-0.0054,=1503.7300,=0.1973,=36.0093,=0.3836,=20.8973,=29.7229,=42.7649,=78.4806,=400.8209,=3.9042,=0.7477,=1.5132,=2.3111,=3.0016,=4.1149,=5.7621,=6.3523,=0.9064,=0.8553,=1.3380,=2.1077,=3.4613,=7.7308,=0.0079,=0.3268,=0.0045,=0.0069,=0.0102,=0.0135,=0.0202,=0.0728,=0.1071,=0.0561,=810
="399364",消费100,2009-08-03,=0.0010,=12130.0200,=0.1237,=36.0209,=0.8258,=15.8540,=22.8347,=27.0078,=35.2305,=49.3766,=5.0190,=0.8101,=2.6561,=3.3159,=3.7872,=4.9357,=7.3266,=2.5007,=0.7875,=1.3127,=1.6864,=1.9281,=2.5396,=4.2956,=0.0120,=0.2397,=0.0070,=0.0116,=0.0159,=0.0191,=0.0241,=0.0714,=0.1191,=0.0654,=318
="1000011",A股非金融,1994-01-10,,,,=36.1105,=0.7668,=17.5718,=25.5269,=28.6103,=37.3045,=43.6945,=2.5082,=0.6321,=1.6561,=2.0403,=2.3294,=2.6805,=2.9749,=1.5709,=0.8092,=0.9476,=1.1421,=1.3068,=1.5673,=1.8156,=0.0158,=0.4751,=0.0087,=0.0121,=0.0160,=0.0192,=0.0256,=0.0432,=0.0612,=0.0384,=811
="931688",中证算力,2022-07-21,=-0.0006,=4302.8200,=0.3690,=36.2481,=0.8988,=18.0036,=20.8604,=24.1418,=32.8134,=44.9092,=3.9561,=0.9183,=1.6529,=1.9047,=2.2978,=3.4031,=4.7747,=2.7487,=0.9085,=1.3731,=1.5974,=1.8285,=2.5281,=3.3716,=0.0151,=0.0683,=0.0131,=0.0189,=0.0260,=0.0299,=0.0338,=0.0631,=0.1011,=0.0578,=113
="930719",CS精准医,2015-08-05,=0.0046,=3063.4800,=0.1524,=36.9711,=0.1763,=29.3195,=37.6311,=51.5311,=66.7171,=102.1078,=4.9293,=0.3230,=3.4982,=4.5606,=5.9484,=8.9248,=14.5104,=7.2303,=0.4754,=5.1956,=6.1979,=7.3729,=10.5514,=18.8625,=0.0071,=0.5410,=0.0022,=0.0041,=0.0068,=0.0105,=0.0164,=0.0753,=0.1091,=0.0540,=345
="399285",物联网50,2020-02-18,=0.0040,=7601.1100,=0.2033,=36.9844,=0.7295,=21.8675,=26.5276,=31.9693,=38.8097,=48.9860,=5.4933,=0.8444,=2.6765,=3.4223,=4.0710,=5.3540,=6.9158,=3.5009,=0.9278,=1.7407,=2.0287,=2.4841,=3.1606,=4.3982,=0.0119,=0.4682,=0.0076,=0.0096,=0.0121,=0.0147,=0.0214,=0.0846,=0.1364,=0.0709,=95
="930651",CS计算机,2015-06-05,=0.0131,=7328.5600,=-0.0549,=37.0268,=0.0194,=33.6687,=43.9773,=55.8728,=66.6099,=115.0591,=4.5067,=0.5534,=2.6283,=3.7942,=4.3676,=5.0663,=6.5144,=2.7294,=0.0960,=2.0877,=2.8935,=3.5546,=4.2590,=5.5248,=0.0110,=0.9448,=0.0028,=0.0059,=0.0071,=0.0091,=0.0156,=0.0668,=0.0892,=0.0313,=666
="399315",巨潮中盘,2005-02-03,=-0.0022,=4982.7400,=0.0469,=37.2761,=0.9180,=14.3715,=18.4227,=22.9163,=29.8766,=49.3940,=2.5688,=0.7927,=1.5252,=1.8923,=2.1507,=2.5761,=3.0245,=1.9826,=0.9782,=0.8408,=1.2254,=1.4280,=1.6519,=2.3572,=0.0133,=0.3564,=0.0082,=0.0120,=0.0158,=0.0221,=0.0288,=0.0480,=0.0707,=0.0424,=21
="399803",工业4.0,2015-02-13,=0.0003,=5947.3200,=0.1056,=37.3483,=0.5225,=19.7294,=27.9595,=36.1151,=46.4069,=61.8732,=4.7773,=0.5970,=2.6645,=3.4308,=4.3469,=5.6549,=8.0266,=2.2026,=0.3609,=1.5023,=2.0108,=2.4947,=3.2045,=4.4565,=0.0101,=0.5682,=0.0032,=0.0063,=0.0089,=0.0123,=0.0202,=0.0655,=0.1072,=0.0509,=490
="H30217",医疗器械,2013-07-15,=0.0070,=8846.9400,=-0.0989,=37.7338,=0.4450,=17.1055,=29.5762,=39.2263,=55.9822,=80.6195,=2.6754,=0.0260,=2.4731,=3.1908,=4.6993,=6.5700,=11.6091,=4.7684,=0.0523,=4.1030,=5.3131,=6.0042,=7.9214,=13.3528,=0.0149,=0.7347,=0.0035,=0.0052,=0.0078,=0.0156,=0.0236,=0.0474,=0.0626,=0.0416,=1354
="930965",HKC医药C,2017-06-23,=-0.0052,=3641.6200,=0.1237,=37.9973,=0.5453,=18.1989,=25.8664,=33.8871,=71.7955,=6384.2329,=2.7179,=0.5139,=1.4216,=1.9526,=2.6895,=3.6803,=6.9841,=1.6016,=0.7549,=0.7160,=1.0355,=1.3368,=1.7098,=3.7092,=0.0105,=0.4302,=0.0038,=0.0079,=0.0109,=0.0142,=0.0248,,=0.0655,=0.0482,=163
="931447",科技先锋,2020-04-21,=0.0038,=3145.9100,=0.0194,=38.1154,=0.5279,=19.0346,=27.5447,=37.4781,=47.8696,=82.3567,=5.0464,=0.6485,=2.7045,=3.4645,=4.4879,=6.6837,=10.6025,=2.6685,=0.5734,=1.4804,=1.9235,=2.5207,=3.6849,=7.0848,=0.0099,=0.5427,=0.0033,=0.0055,=0.0097,=0.0135,=0.0196,=0.0639,=0.0990,=0.0443,=25
="H30178",医疗保健,2013-07-15,=0.0061,=12131.0300,=-0.1063,=38.4085,=0.3490,=19.5848,=32.8016,=44.5599,=64.7113,=123.2936,=2.7183,=0.0218,=2.5190,=3.3245,=5.4410,=7.2582,=12.4381,=4.4473,=0.0185,=4.1521,=5.3427,=6.1232,=8.1023,=14.2518,=0.0145,=0.7643,=0.0029,=0.0041,=0.0065,=0.0149,=0.0219,=0.0469,=0.0653,=0.0428,=565
="932069",港股通医疗主题,2022-07-21,=-0.0055,=1154.9600,=0.1658,=38.6527,=0.8302,=20.9778,=26.4717,=31.0679,=37.3903,=51.0900,=2.6253,=0.8272,=1.4397,=1.6361,=2.0679,=2.6032,=3.0086,=1.4770,=0.8917,=0.6760,=0.7813,=1.0128,=1.4247,=1.6308,=0.0115,=0.3704,=0.0073,=0.0087,=0.0125,=0.0158,=0.0250,,=0.0584,=0.0495,=25
="399006",创业板指,2010-06-01,=0.0001,=3399.9300,=0.0614,=38.6734,=0.3469,=22.8885,=32.3387,=41.8696,=55.2938,=79.6826,=5.6465,=0.6766,=3.0035,=4.0151,=4.8509,=6.5359,=9.5804,=4.0322,=0.3461,=2.3312,=3.4103,=4.4884,=5.9703,=8.4805,=0.0093,=0.7664,=0.0032,=0.0049,=0.0065,=0.0098,=0.0180,=0.0875,=0.1330,=0.0661,=16932
="000998",中证TMT,2011-11-08,=0.0033,=3677.0100,=0.2504,=38.7030,=0.6226,=18.9989,=27.6163,=34.6676,=43.1599,=58.6698,=4.4582,=0.9023,=1.9674,=2.4618,=3.2924,=4.0656,=5.6742,=3.1320,=0.9633,=1.2505,=1.8092,=2.1806,=2.6655,=3.9991,=0.0115,=0.5715,=0.0048,=0.0068,=0.0094,=0.0185,=0.0284,=0.0650,=0.0900,=0.0493,=568
="931783",智能驾驶,2022-02-21,=0.0100,=1326.5600,=-0.1162,=38.8794,=0.1701,=31.9944,=39.5912,=46.1687,=67.6534,=98.5983,=3.0693,=0.1038,=2.5981,=3.2746,=3.5502,=3.9415,=4.9384,=1.6773,=0.1791,=1.3276,=1.6989,=1.9195,=2.1144,=2.7953,=0.0093,=0.9606,=0.0048,=0.0063,=0.0072,=0.0083,=0.0101,=0.0356,=0.0928,=0.0446,=22
="399610",TMT50,2010-11-08,=-0.0012,=11924.9900,=0.2445,=39.3127,=0.5600,=21.0331,=30.1605,=38.0229,=46.2373,=64.7172,=6.2979,=0.9571,=2.4071,=3.2240,=4.0371,=5.2588,=8.4969,=3.3598,=0.6939,=1.5843,=2.0120,=2.7305,=3.6650,=4.6782,=0.0073,=0.3852,=0.0046,=0.0062,=0.0080,=0.0121,=0.0161,=0.0881,=0.1080,=0.0497,=524
="399617",深证消费,2011-06-15,=-0.0030,=7241.2100,=-0.2163,=39.8777,=0.8451,=15.3450,=22.1455,=26.4908,=32.5463,=1768.1548,=2.3871,=0.0169,=2.1129,=3.2439,=4.2032,=5.7490,=9.2732,=1.3714,=0.0144,=1.2428,=1.8401,=2.4294,=3.6985,=6.3240,=0.0347,=0.8888,=0.0100,=0.0137,=0.0186,=0.0266,=0.0433,=0.0310,=0.1055,=0.0741,=371
="980030",消费电子,2015-02-17,=0.0058,=8982.7700,=0.2363,=40.4680,=0.5360,=18.6467,=31.9267,=39.2097,=47.8169,=65.6114,=4.3573,=0.8116,=2.0026,=2.6011,=3.0550,=4.2884,=6.3059,=2.2590,=0.7602,=1.1413,=1.4028,=1.5900,=2.3710,=3.4515,=0.0068,=0.2305,=0.0040,=0.0066,=0.0082,=0.0110,=0.0143,=0.0529,=0.0648,=0.0332,=390
="000958",创业成长,2010-03-24,=-0.0088,=1910.3600,=0.1918,=40.8069,=0.9592,=11.9506,=17.5032,=24.3359,=30.6936,=61.3903,=10.1219,=0.9745,=2.6815,=3.7899,=5.1716,=6.4580,=14.5711,=5.7201,=0.9666,=1.2937,=1.9105,=2.5452,=3.9752,=7.7463,=0.0058,=0.1100,=0.0040,=0.0066,=0.0089,=0.0140,=0.0209,=0.1560,=0.2198,=0.1117,=674
="930599",中证高装,2015-03-02,=0.0003,=9447.4400,=0.1209,=40.9271,=0.7211,=19.5438,=27.7467,=34.6700,=44.9131,=65.7817,=4.3087,=0.9468,=1.8509,=2.5592,=3.1132,=3.7910,=5.5770,=2.4273,=0.8101,=1.2322,=1.6106,=1.9498,=2.4205,=3.1551,=0.0090,=0.4578,=0.0049,=0.0067,=0.0092,=0.0120,=0.0171,=0.0557,=0.0865,=0.0428,=125
="931165",新兴科技100,2019-04-25,=0.0047,=10508.6100,=0.2349,=41.0003,=0.8205,=17.0055,=23.5179,=29.9376,=40.3767,=67.3989,=9.2231,=0.9461,=3.5721,=4.3464,=5.5609,=7.7079,=13.6689,=6.5878,=0.8071,=3.0368,=3.6638,=4.8781,=6.5378,=12.4159,=0.0064,=0.1684,=0.0047,=0.0067,=0.0090,=0.0149,=0.0264,=0.1525,=0.1919,=0.0958,=525
="931380",科技50,2019-11-25,=0.0053,=3891.2400,=0.2316,=41.4295,=0.3983,=22.4426,=31.3619,=46.0013,=56.4250,=71.9143,=5.6361,=0.5341,=2.7627,=3.8853,=5.5174,=7.3345,=9.9144,=4.8631,=0.6017,=2.1802,=3.0814,=4.2419,=5.6393,=7.7525,=0.0094,=0.7357,=0.0035,=0.0051,=0.0076,=0.0104,=0.0163,=0.0675,=0.0951,=0.0452,=950
="1000003",深圳A股,1994-01-01,=-0.0001,=2538.6400,=0.0030,=41.5651,=0.7169,=20.1337,=32.6807,=37.4329,=46.1164,=60.3260,=2.7603,=0.5538,=1.7026,=2.2996,=2.6820,=3.1953,=3.7757,=1.9806,=0.5480,=1.2021,=1.6469,=1.9175,=2.3541,=3.1788,=0.0126,=0.6667,=0.0070,=0.0092,=0.0118,=0.0136,=0.0208,=0.0438,=0.0553,=0.0353,=1841
="931409",SHS创新药,2020-02-20,=-0.0037,=2396.0800,=0.1362,=41.8497,=0.5921,=24.9819,=34.7248,=39.8267,=58.7066,=94.9889,=4.6565,=0.6275,=2.3431,=3.2968,=4.1787,=6.2599,=8.9149,=6.7785,=0.8434,=2.2896,=3.2191,=4.1516,=6.6010,=8.2645,=0.0083,=0.4823,=0.0036,=0.0052,=0.0084,=0.0113,=0.0166,=0.0772,=0.0994,=0.0625,=329
="399970",移动互联,2014-05-05,=0.0049,=5040.6500,=0.1299,=42.7577,=0.6160,=21.2604,=32.0602,=40.2173,=49.0404,=64.0807,=5.0157,=0.7009,=2.3944,=3.2977,=4.0684,=5.7108,=7.9573,=2.7125,=0.6036,=1.5790,=2.0679,=2.5540,=3.2165,=4.6665,=0.0080,=0.4574,=0.0043,=0.0058,=0.0083,=0.0107,=0.0143,=0.0619,=0.0808,=0.0398,=475
="931785",智选沪深港科技50,2025-06-27,=0.0015,=2769.5200,=0.1613,=42.8736,=0.8435,=31.7791,=35.5172,=37.7675,=41.7128,=55.2390,=5.5696,=0.8626,=3.8679,=4.4332,=4.8776,=5.4416,=6.1942,=3.7653,=0.9489,=2.2695,=2.6400,=3.0508,=3.5238,=4.0650,=0.0050,=0.0543,=0.0046,=0.0057,=0.0076,=0.0089,=0.0100,=0.0654,=0.1262,=0.0578,=12
="399012",创业300,2013-01-07,=0.0009,=4725.5500,=0.0474,=42.9251,=0.3597,=26.6250,=38.0630,=47.0997,=64.5540,=93.5585,=4.9171,=0.6617,=2.5798,=3.6214,=4.3434,=5.5532,=7.5462,=3.8136,=0.3646,=2.2146,=3.3208,=4.1911,=5.8172,=7.6467,=0.0090,=0.7824,=0.0035,=0.0046,=0.0062,=0.0091,=0.0164,=0.0695,=0.1020,=0.0535,=3
="930986",金融科技,2017-06-22,=0.0046,=2259.6600,=-0.2760,=42.9895,=0.1983,=32.2484,=43.0686,=54.5202,=80.8403,=257.1796,=4.0908,=0.2299,=2.5474,=4.0234,=4.6600,=5.8051,=7.7786,=5.6732,=0.6634,=2.9625,=3.8917,=4.7844,=6.9822,=9.8281,=0.0088,=0.9369,=0.0040,=0.0051,=0.0060,=0.0074,=0.0120,=0.0454,=0.0872,=0.0355,=275
="930820",CS高端制,2016-05-11,=-0.0010,=9443.1900,=0.1154,=43.0047,=0.7816,=21.5994,=28.9923,=36.5779,=43.8020,=58.8118,=4.1492,=0.8727,=2.0597,=2.7148,=3.1889,=3.9305,=5.2414,=2.6528,=0.8739,=1.1980,=1.7166,=2.0514,=2.5111,=3.3599,=0.0088,=0.3169,=0.0055,=0.0081,=0.0098,=0.0124,=0.0171,=0.0535,=0.0816,=0.0422,=321
="H30535",互联网,2015-01-12,=0.0023,=5827.2500,=0.2017,=43.9116,=0.6939,=14.4753,=21.3401,=37.0756,=48.9065,=67.6316,=6.9758,=0.9724,=1.7453,=2.4495,=3.3047,=4.1606,=9.0569,=4.0004,=0.9633,=1.1519,=1.6628,=2.0313,=2.9186,=5.2637,=0.0070,=0.1434,=0.0048,=0.0073,=0.0108,=0.0121,=0.0190,=0.0990,=0.1165,=0.0500,=30
="931152",CS创新药,2019-04-22,=-0.0030,=1951.6700,=0.0304,=44.3873,=0.5472,=27.6044,=36.9355,=43.3830,=52.6788,=74.6844,=4.1294,=0.4883,=2.5551,=3.3529,=4.1649,=5.9207,=8.7449,=5.8522,=0.8274,=2.2436,=2.9221,=3.4742,=5.7380,=9.4897,=0.0103,=0.7808,=0.0040,=0.0058,=0.0087,=0.0105,=0.0150,=0.0637,=0.0786,=0.0515,=1994
="000852",中证1000,2014-10-17,=-0.0009,=7759.0300,=0.0216,=44.4593,=0.7211,=18.9344,=30.9274,=37.8145,=47.4854,=78.9405,=2.4485,=0.5192,=1.4880,=2.1060,=2.4261,=2.8739,=4.0010,=1.7376,=0.6733,=0.9250,=1.3827,=1.5867,=1.9002,=3.4406,=0.0107,=0.5027,=0.0038,=0.0082,=0.0107,=0.0125,=0.0194,=0.0343,=0.0499,=0.0313,=7583
="399959",军工指数,2011-08-30,=-0.0099,=1619.2800,=-0.1081,=44.5094,=0.1079,=34.5950,=49.9349,=59.8653,=71.5654,=127.0416,=2.8888,=0.2970,=2.0269,=2.6526,=3.2338,=3.9762,=5.9912,=2.5461,=0.1186,=2.1044,=2.6610,=3.2469,=3.8520,=5.2606,=0.0093,=0.9926,=0.0021,=0.0030,=0.0039,=0.0068,=0.0097,=0.0332,=0.0591,=0.0294,=24
="399624",中创400,2011-08-15,=0.0002,=2659.4600,=0.0344,=44.5364,=0.7268,=22.4097,=32.9060,=40.4883,=47.6323,=82.4491,=2.9812,=0.5694,=1.6720,=2.4135,=2.8470,=3.3796,=4.9126,=2.3875,=0.6069,=1.2865,=1.8978,=2.2295,=2.6684,=4.3124,=0.0097,=0.5039,=0.0036,=0.0074,=0.0096,=0.0111,=0.0184,=0.0421,=0.0651,=0.0371,=229
="930821",中证VR,2016-05-11,=0.0044,=3344.7000,=0.0475,=44.6282,=0.5347,=17.6816,=32.2153,=43.3326,=55.7045,=175.0572,=3.3633,=0.6761,=1.7358,=2.3530,=2.9105,=4.0710,=5.0269,=1.9184,=0.5005,=1.1117,=1.4833,=1.9179,=2.8787,=3.7313,=0.0080,=0.2801,=0.0056,=0.0075,=0.0091,=0.0116,=0.0177,=0.0309,=0.0443,=0.0282,=152
="931696",科技50策略,2021-07-12,=0.0001,=26550,=0.3180,=44.6930,=0.7793,=23.0047,=28.0171,=34.2514,=47.2715,=71.4621,=8.3837,=0.9264,=3.0567,=3.9352,=4.5246,=7.2094,=11.2899,=4.2078,=0.7769,=1.9010,=2.3725,=2.7098,=4.3088,=6.7093,=0.0056,=0.0926,=0.0042,=0.0063,=0.0097,=0.0121,=0.0167,=0.1061,=0.1271,=0.0618,=15
="980015",疫苗生科,2015-02-16,=0.0018,=5815.0400,=-0.0749,=44.7599,=0.5510,=24.1714,=31.3141,=43.1748,=53.4852,=80.8207,=3.8200,=0.3498,=2.9980,=3.5858,=4.0823,=6.3178,=11.0606,=6.6493,=0.5560,=4.5746,=5.5015,=6.4591,=8.6862,=15.0694,=0.0098,=0.4668,=0.0026,=0.0056,=0.0100,=0.0133,=0.0175,=0.0589,=0.0693,=0.0466,=74
="931480",线上消费,2020-05-06,=0.0137,=701.9800,=-0.1654,=45.8298,=0.1302,=33.5813,=47.6237,=64.3689,=95.8104,=132.5169,=2.9583,=0.4223,=1.9483,=2.5315,=3.0693,=3.6792,=5.0305,=2.9834,=0.8124,=1.1811,=1.5079,=1.8457,=2.9496,=4.8094,=0.0118,=0.9613,=0.0051,=0.0066,=0.0085,=0.0099,=0.0133,=0.0419,=0.0458,=0.0308,=80
="899050",北证50,2022-11-21,=-0.0108,=1046.8000,=-0.2733,=45.8603,=0.5494,=15.5447,=18.7434,=40.8922,=62.7738,=91.3357,=4.2806,=0.6009,=2.0170,=2.4435,=3.5176,=4.9435,=5.6723,=3.4990,=0.5858,=1.3969,=1.7363,=2.9476,=4.2351,=5.1557,=0.0075,=0.1878,=0.0062,=0.0076,=0.0110,=0.0146,=0.0185,=0.0473,=0.0857,=-0.0010,=802
="931461",电子50,2009-07-22,=0.0043,=7629.1900,=0.2941,=47.4112,=0.7689,=20.3357,=30.2775,=36.3560,=49.0359,=76.5790,=6.6405,=0.9637,=2.5323,=3.1789,=3.7185,=5.3554,=9.2899,=3.2309,=0.8113,=1.1588,=1.7975,=2.0697,=3.1777,=4.5428,=0.0062,=0.1368,=0.0046,=0.0066,=0.0091,=0.0111,=0.0147,=0.0739,=0.0884,=0.0404,=445
="931079",5G通信,2019-04-25,=-0.0036,=2742.7800,=0.4227,=48.1546,=0.8738,=21.0709,=27.7595,=33.9137,=44.8809,=103.6981,=7.6998,=0.9616,=2.3623,=3.0536,=3.6691,=5.4251,=10.5199,=3.0200,=0.9561,=1.1916,=1.4952,=1.8973,=2.3872,=4.2354,=0.0060,=0.2446,=0.0036,=0.0056,=0.0081,=0.0121,=0.0152,=0.0942,=0.1398,=0.0637,=2296
="931087",科技龙头,2019-03-20,=0.0033,=6845.8100,=0.3024,=48.1609,=0.6924,=22.2848,=33.7371,=40.9007,=52.3590,=78.0359,=8.0409,=0.9633,=2.8190,=4.2381,=5.3418,=6.5823,=11.1808,=7.0315,=0.9737,=2.0316,=3.3125,=4.0122,=5.0376,=9.7717,=0.0055,=0.2346,=0.0037,=0.0053,=0.0064,=0.0086,=0.0172,=0.1100,=0.1080,=0.0526,=2102
="000915",300信息,2007-07-02,=0.0057,=3987.7400,=0.2268,=48.5603,=0.8063,=20.6178,=34.5626,=39.8330,=48.3495,=75.5831,=6.6250,=0.9563,=2.7398,=3.5399,=4.3502,=5.6235,=9.0762,=3.2605,=0.5146,=1.6744,=2.1697,=3.1897,=4.0451,=4.9963,=0.0066,=0.2781,=0.0049,=0.0061,=0.0076,=0.0100,=0.0144,=0.0690,=0.0971,=0.0383,=23
="931160",通信设备,2013-07-15,=-0.0077,=21318.6300,=0.3789,=49.3664,=0.7520,=19.3231,=27.7990,=36.6977,=54.9602,=91.1971,=9.1518,=0.9773,=2.1520,=2.8712,=3.4267,=3.9748,=12.1269,=3.0930,=0.9683,=0.9706,=1.2833,=1.5072,=2.4413,=4.3558,=0.0065,=0.3502,=0.0028,=0.0054,=0.0077,=0.0150,=0.0221,=0.1127,=0.1280,=0.0660,=1329
="931071",人工智能,2018-11-21,=0.0084,=2731.2300,=0.2056,=49.3686,=0.5207,=30.9003,=39.9039,=48.8486,=57.3519,=77.4016,=8.0980,=0.8970,=2.9559,=3.9252,=4.7802,=6.0060,=11.5305,=4.8497,=0.8869,=2.2000,=2.8119,=3.2347,=4.1717,=9.3591,=0.0063,=0.4878,=0.0041,=0.0054,=0.0063,=0.0086,=0.0135,=0.0993,=0.1450,=0.0648,=1385
="930850",智能制造,2016-07-20,=0.0004,=5804.6100,=0.2126,=49.7646,=0.7698,=23.4329,=32.7521,=41.9157,=50.3620,=78.5602,=5.7995,=0.9449,=2.5370,=3.5241,=4.1862,=5.1141,=7.7199,=3.3892,=0.7487,=1.5919,=2.3591,=2.8030,=3.5734,=5.3954,=0.0067,=0.3279,=0.0050,=0.0062,=0.0077,=0.0101,=0.0146,=0.0625,=0.0857,=0.0387,=367
="930726",CS生医,2015-08-05,=-0.0007,=2545.6200,=0.0424,=49.7676,=0.5381,=24.4874,=31.9329,=48.4602,=60.8212,=107.1179,=4.6378,=0.2658,=3.1768,=4.4004,=6.6694,=8.5259,=14.2976,=8.1039,=0.3675,=4.8871,=6.8186,=9.5525,=12.5690,=19.9452,=0.0079,=0.5624,=0.0026,=0.0040,=0.0059,=0.0114,=0.0204,=0.0696,=0.0766,=0.0565,=847
="931494",消费电子,2020-06-12,=0.0073,=6408.4000,=0.2599,=50.3274,=0.7577,=20.2625,=32.3605,=38.8901,=52.0867,=77.9188,=5.9160,=0.9521,=2.1307,=2.8248,=3.5707,=5.1522,=7.9404,=2.8010,=0.8963,=1.3000,=1.6522,=2.0119,=2.6370,=3.9249,=0.0061,=0.2337,=0.0040,=0.0058,=0.0082,=0.0109,=0.0138,=0.0590,=0.0807,=0.0373,=236
="930713",CS人工智,2015-07-31,=0.0159,=6210.2700,=0.1757,=50.4055,=0.3844,=24.8131,=43.8200,=53.1866,=62.1654,=90.1869,=8.0379,=0.9687,=2.8384,=3.9100,=4.7032,=5.4173,=10.4087,=4.7619,=0.8978,=2.3148,=3.1674,=3.7883,=4.3180,=6.3979,=0.0061,=0.5047,=0.0041,=0.0051,=0.0061,=0.0078,=0.0120,=0.0894,=0.1245,=0.0501,=1096
="399441",生物医药,2015-01-20,=-0.0049,=2227.9600,=0.0382,=50.5553,=0.5991,=21.8350,=32.3563,=47.6972,=61.8304,=119.0737,=3.6386,=0.2518,=2.3073,=3.3267,=6.1925,=7.6202,=13.6606,=6.7765,=0.3243,=3.6424,=5.8657,=8.9642,=13.5097,=21.5399,=0.0095,=0.7285,=0.0024,=0.0041,=0.0064,=0.0108,=0.0164,=0.0514,=0.0565,=0.0395,=1698
="399994",信息安全,2015-03-12,=0.0191,=1643.2900,=-0.0986,=50.6408,=0.1446,=35.0629,=52.8016,=67.0060,=85.7906,=183.5630,=3.4528,=0.2645,=2.3256,=3.3538,=3.8472,=4.4445,=6.2767,=2.4821,=0.0313,=2.1829,=2.8452,=3.2247,=3.8075,=5.1182,=0.0135,=0.9567,=0.0023,=0.0036,=0.0059,=0.0098,=0.0172,=0.0356,=0.0539,=0.0210,=96
="980022",机器人产业,2015-02-25,=0.0001,=2189.7600,=-0.1748,=50.7665,=0.7897,=13.7974,=16.7048,=20.6291,=53.0808,=93.9438,=4.1123,=0.5935,=2.5198,=3.0642,=3.6942,=4.7989,=6.2730,=3.5330,=0.7645,=1.0172,=1.2366,=1.4432,=3.9347,=5.9220,=0.0061,=0.2066,=0.0039,=0.0060,=0.0199,=0.0295,=0.0381,=0.0442,=0.0892,=0.0357,=359
="931866",中证机床,2022-05-09,=-0.0102,=2199.5400,=0.2266,=50.7923,=0.7445,=28.6086,=37.0285,=40.9858,=56.5281,=85.2007,=6.1138,=0.8828,=2.8302,=3.7723,=4.3693,=5.3105,=9.1263,=4.7367,=0.8386,=2.4023,=3.1646,=3.4524,=4.4949,=7.3925,=0.0067,=0.2373,=0.0043,=0.0066,=0.0077,=0.0096,=0.0146,=0.0788,=0.1022,=0.0544,=171
="399291",创精选88,2019-11-06,=0.0039,=5035.6800,=0.1022,=50.7999,=0.4026,=32.8940,=42.3850,=54.0206,=64.8635,=106.4385,=3.2873,=0.4202,=1.8895,=2.8645,=3.3991,=3.9081,=4.9331,=3.5447,=0.6833,=1.9655,=2.6386,=3.1341,=4.2725,=5.5728,=0.0093,=0.7868,=0.0042,=0.0052,=0.0072,=0.0095,=0.0134,=0.0357,=0.0556,=0.0303,=42
="931643",科创创业50,2021-06-01,=0.0018,=2326.9300,=0.1665,=51.6243,=0.6543,=22.6109,=28.9676,=40.5283,=59.6859,=92.9106,=7.9437,=0.8248,=3.3216,=4.2448,=5.2381,=7.5556,=12.1685,=7.3880,=0.7969,=2.7030,=3.4652,=4.6820,=7.4269,=14.6821,=0.0059,=0.3705,=0.0024,=0.0040,=0.0073,=0.0114,=0.0174,=0.0834,=0.1190,=0.0543,=2060
="930743",中证生科,2015-08-26,=-0.0009,=3330.8400,=0.0115,=52.1575,=0.5913,=24.0733,=39.5208,=49.9807,=59.8819,=100.3520,=3.9567,=0.2386,=2.9526,=3.8277,=6.1032,=8.0612,=14.6705,=6.8127,=0.3292,=4.7455,=6.2659,=8.3386,=12.3605,=18.8359,=0.0084,=0.6057,=0.0025,=0.0045,=0.0062,=0.0106,=0.0169,=0.0545,=0.0618,=0.0444,=1234
="399303",国证2000,2014-03-28,=0,=10207.8600,=0.0253,=52.6940,=0.8092,=23.3937,=36.3012,=42.0277,=52.2944,=91.3621,=2.5360,=0.6947,=1.4941,=2.0787,=2.2964,=2.6795,=4.0650,=1.9346,=0.7524,=1.0643,=1.3926,=1.5534,=2.0633,=3.4322,=0.0099,=0.3453,=0.0040,=0.0087,=0.0104,=0.0118,=0.0187,=0.0302,=0.0453,=0.0286,=730
="H30590",机器人,2015-02-10,=0.0003,=1750.3900,=-0.0827,=52.7730,=0.5550,=24.1742,=42.0198,=50.8777,=63.2897,=89.9138,=4.2241,=0.7239,=2.1765,=2.8831,=3.6968,=4.4486,=6.0751,=4.0973,=0.7618,=1.6011,=2.4247,=3.4045,=4.2725,=5.4887,=0.0080,=0.8022,=0.0045,=0.0056,=0.0069,=0.0080,=0.0128,=0.0463,=0.0720,=0.0364,=963
="930652",CS电子,2015-06-05,=0.0030,=12669.2000,=0.2916,=53.3462,=0.8051,=21.2056,=33.8173,=43.2272,=53.1223,=86.1406,=6.6820,=0.9695,=2.2039,=3.1461,=3.6627,=4.8549,=9.3375,=3.6451,=0.9580,=1.4014,=2.0216,=2.3126,=3.0951,=5.0793,=0.0054,=0.0391,=0.0040,=0.0063,=0.0077,=0.0104,=0.0141,=0.0673,=0.0838,=0.0386,=490
="931247",中证信创,2012-12-21,=0.0184,=1415.8300,=-0.0327,=53.4474,=0.0163,=49.4746,=98.5061,=189.1786,=270.5623,=369.3964,=5.6480,=0.7179,=2.7947,=3.5581,=4.7583,=6.0129,=7.8335,=4.4396,=0.5862,=2.8203,=3.4405,=4.2030,=4.9220,=6.1894,=0.0038,=0.2984,=0.0029,=0.0036,=0.0042,=0.0051,=0.0076,=0.0724,=0.0400,=0.0033,=105
="931582",数字经济,2020-11-09,=0.0105,=1694.3000,=0.1476,=54.1053,=0.5968,=35.0365,=44.0504,=50.6439,=66.7681,=88.8203,=7.1357,=0.8597,=3.4564,=4.9413,=5.7120,=6.7582,=9.8458,=6.4532,=0.6410,=2.4970,=4.0402,=5.9228,=7.6525,=11.8341,=0.0046,=0.1592,=0.0032,=0.0047,=0.0057,=0.0066,=0.0087,=0.0766,=0.0954,=0.0433,=192
="931469",云计算50,2020-06-12,=0.0150,=4029.7500,=0.0880,=55.0394,=0.0997,=43.1726,=58.2768,=68.5302,=81.6601,=130.8911,=9.0524,=0.9449,=3.0031,=3.9024,=5.1510,=6.5060,=11.7205,=4.8690,=0.9186,=2.2186,=2.9015,=3.5538,=4.3466,=6.4913,=0.0030,=0.0873,=0.0021,=0.0033,=0.0042,=0.0056,=0.0085,=0.0988,=0.1212,=0.0461,=71
="970070",创业板人工智能,2024-07-11,=0.0062,=7735.0800,=0.3045,=55.3345,=0.0804,=48.3861,=69.3004,=80.2398,=93.4414,=119.1606,=11.3686,=0.8598,=3.3467,=5.1803,=7.4342,=10.4971,=15.2749,=8.8184,=0.7327,=3.4016,=5.0465,=6.9492,=9.2248,=12.0918,=0.0038,=0.2841,=0.0027,=0.0036,=0.0047,=0.0065,=0.0096,=0.1387,=0.1206,=0.0470,=248
="H30318",科技传媒通信150,2014-04-15,=0.0010,=4286.7800,=0.3942,=55.6006,=0.8747,=19.8534,=28.8631,=38.1497,=50.3692,=90.7292,=9.1953,=0.9703,=2.0037,=2.4801,=3.5091,=4.4600,=13.0479,=4.8537,=0.9703,=1.2409,=1.8640,=2.3043,=2.8790,=6.8164,=0.0043,=0.0293,=0.0031,=0.0058,=0.0072,=0.0165,=0.0244,=0.1033,=0.1091,=0.0497,=50
="000935",中证信息,2009-07-03,=0.0036,=8003.7100,=0.2471,=55.9897,=0.8088,=22.3783,=36.3294,=44.9661,=55.4857,=87.4284,=6.5261,=0.9695,=2.5910,=3.3282,=4.0455,=4.9042,=8.9117,=3.8163,=0.9011,=1.7187,=2.2023,=2.7279,=3.5210,=5.2392,=0.0056,=0.1220,=0.0042,=0.0059,=0.0072,=0.0094,=0.0127,=0.0609,=0.0833,=0.0345,=1128
="000993",全指信息,2011-08-02,=0.0038,=10592.6800,=0.2481,=56.0927,=0.6057,=27.3163,=42.0292,=52.3654,=68.2638,=96.2351,=6.5138,=0.9695,=2.5265,=3.2907,=4.0177,=4.7054,=8.9424,=3.9073,=0.9118,=1.8009,=2.3376,=2.8258,=3.4670,=5.3826,=0.0054,=0.2489,=0.0039,=0.0053,=0.0064,=0.0084,=0.0117,=0.0622,=0.0751,=0.0332,=4109
="950580",上证580,2025-06-16,=-0.0025,=2147.2000,=0.0949,=56.4451,=0.1506,=50.4504,=57.4620,=67.0357,=71.2918,=79.6458,=2.3914,=0.5801,=1.8567,=2.2462,=2.3466,=2.6045,=2.8840,=1.8036,=0.3205,=1.5076,=1.7367,=1.8906,=1.9759,=2.1496,=0.0093,=0.4071,=0.0076,=0.0085,=0.0094,=0.0099,=0.0116,=0.0272,=0.0354,=0.0231,=11
="930967",港股通信息C,2017-06-23,=-0.0023,=5239.3900,=0.1348,=56.6256,=0.9527,=9.7009,=25.9468,=35.2421,=45.9331,=82.6684,=3.5757,=0.4871,=1.0827,=1.5144,=3.7742,=5.9047,=9.2789,=1.6250,=0.4888,=0.3926,=0.6367,=1.7032,=4.3700,=6.3504,=0.0043,=0.1374,=0.0029,=0.0046,=0.0058,=0.0110,=0.0212,,=0.0910,=0.0436,=21
="930606",中证钢铁,2015-03-31,=-0.0099,=894.3700,=-0.2323,=58.3128,=0.7866,=5.9346,=9.2015,=19.1330,=59.5156,=77593.1899,=0.9319,=0.2365,=0.7076,=0.9197,=1.0434,=1.3205,=2.0450,=0.4415,=0.4681,=0.2931,=0.3819,=0.4515,=0.5953,=1.2948,=0.0257,=0.5060,=0.0018,=0.0169,=0.0255,=0.0409,=0.0542,=0.0104,=0.0221,=0.0166,=782
="399368",国证军工,2009-11-04,=-0.0057,=7264.6300,=-0.1476,=59.4761,=0.3832,=38.1822,=54.2867,=62.9385,=76.5976,=107.0849,=3.0597,=0.5253,=2.0244,=2.5859,=3.0198,=3.5173,=4.3940,=2.9336,=0.4112,=1.8459,=2.5701,=3.1689,=3.6960,=4.8014,=0.0074,=0.9839,=0.0025,=0.0033,=0.0045,=0.0057,=0.0080,=0.0306,=0.0477,=0.0253,=19
="930851",云计算,2016-07-20,=0.0193,=6344.5800,=-0.0214,=59.7719,=0.3418,=37.0632,=53.2687,=67.9197,=95.9776,=313.0672,=7.8899,=0.9571,=2.7148,=3.6149,=4.3312,=5.5124,=9.9453,=4.9331,=0.9352,=1.6839,=2.4353,=3.1475,=3.8309,=6.4649,=0.0031,=0.2125,=0.0021,=0.0031,=0.0037,=0.0050,=0.0080,=0.0797,=0.0896,=0.0341,=487
="399967",中证军工,2013-12-26,=-0.0069,=11813.9500,=-0.1568,=61.2275,=0.4232,=41.8350,=54.9002,=64.1386,=95.6904,=139.5543,=3.3439,=0.6238,=2.0425,=2.6005,=3.1762,=3.7665,=4.8699,=3.0605,=0.4607,=2.0545,=2.7207,=3.0960,=4.0092,=5.8225,=0.0068,=0.9584,=0.0021,=0.0031,=0.0040,=0.0054,=0.0081,=0.0315,=0.0501,=0.0263,=6010
="931066",军工龙头,2018-02-05,=-0.0088,=2821,=-0.1834,=61.2700,=0.8648,=29.1719,=35.1120,=43.1951,=55.0665,=100.5281,=3.1675,=0.2265,=2.2914,=3.1333,=3.6483,=4.5787,=6.9932,=2.9597,=0.3072,=2.1745,=2.8092,=3.4252,=4.1759,=5.8746,=0.0062,=0.1667,=0.0050,=0.0063,=0.0076,=0.0092,=0.0116,=0.0221,=0.0495,=0.0253,=1081
="1000007",创业板全指,2010-05-01,=0.0020,=4090.9200,=0.0459,=61.4300,=0.5196,=33.8134,=48.2400,=60.7899,=100.0107,=334.2333,=4.4078,=0.6333,=2.3083,=3.3593,=4.0485,=5.0973,=6.2717,=3.7948,=0.4162,=2.1439,=3.2922,=4.0547,=5.4979,=8.1455,=0.0078,=0.7544,=0.0036,=0.0046,=0.0061,=0.0081,=0.0148,=0.0479,=0.0638,=0.0377,=1948
="980080",成长100,2012-12-28,,,=0.3014,=63.4644,=0.7917,=39.4731,=45.5161,=50.7157,=63.9716,=83.5146,=6.9055,=0.8026,=3.0437,=3.7007,=5.7811,=6.9001,=9.2690,=3.7600,=0.7018,=2.0191,=2.4241,=3.2045,=4.4595,=5.8594,=0.0036,=0.0833,=0.0025,=0.0046,=0.0056,=0.0069,=0.0087,=0.1077,=0.1452,=0.0594,=294
="399973",中证国防,2014-04-15,=-0.0072,=1610.6300,=-0.1340,=65.8733,=0.7206,=28.8580,=43.6048,=54.2157,=71.2124,=99.6638,=3.4010,=0.4244,=2.3880,=3.0104,=3.5404,=4.7796,=7.7047,=3.1800,=0.3923,=1.9566,=2.7338,=3.7796,=4.5351,=7.1179,=0.0062,=0.7651,=0.0024,=0.0036,=0.0047,=0.0064,=0.0100,=0.0233,=0.0535,=0.0273,=647
="931144",通信技术,2019-05-30,=-0.0075,=3998.7400,=0.7176,=66.1474,=0.9156,=22.8153,=30.6505,=37.4761,=53.2190,=113.1406,=11.1855,=0.9662,=2.5671,=3.1157,=3.7570,=4.8756,=15.3977,=6.7633,=0.9612,=1.6428,=2.1101,=2.5150,=3.4411,=9.4991,=0.0030,=0.0377,=0.0021,=0.0043,=0.0064,=0.0099,=0.0166,=0.1157,=0.1354,=0.0739,=263
="000690",科创成长,2022-11-04,=-0.0085,=2522.9900,=0.3457,=70.0969,=0.3234,=26.4295,=47.5357,=82.7683,=153.7281,=288.8500,=12.5876,=0.8123,=3.7827,=4.8827,=6.6036,=12.3337,=18.2315,=11.9358,=0.6861,=2.7510,=4.0255,=8.6624,=14.5124,=20.0971,=0.0016,=0.1166,=0.0011,=0.0020,=0.0033,=0.0053,=0.0127,=0.1346,=0.1043,=0.0615,=155
="930875",空天军工,2016-08-17,=-0.0059,=2060.1200,=-0.1485,=70.2966,=0.7277,=27.3832,=45.7105,=55.9737,=73.2974,=98.7933,=3.7323,=0.5417,=2.4052,=3.1627,=3.6333,=4.9247,=7.9650,=3.4213,=0.4402,=2.1274,=2.8966,=3.6391,=4.4990,=7.7673,=0.0058,=0.7075,=0.0022,=0.0032,=0.0042,=0.0068,=0.0106,=0.0232,=0.0567,=0.0284,=113
="399019",创业200,2023-11-15,=0.0038,=4529.6200,=-0.0037,=70.5456,=0.3644,=45.1604,=60.6072,=82.0408,=109.5628,=137.0675,=3.3678,=0.5867,=1.8905,=2.4978,=3.2404,=3.8621,=4.5553,=3.1965,=0.6741,=1.7802,=2.3543,=2.9096,=3.4065,=4.2060,=0.0077,=0.4267,=0.0055,=0.0065,=0.0078,=0.0089,=0.0120,=0.0313,=0.0404,=0.0268,=88
="932038",央企科技引领,2022-11-16,=-0.0018,=1771.7300,=0.1838,=70.9168,=0.7390,=31.0707,=38.0485,=45.4943,=77.5296,=100.6860,=5.2792,=0.8535,=2.7684,=3.5049,=4.0048,=5.0964,=6.8336,=5.7106,=0.8428,=2.3932,=3.1741,=3.9737,=5.5663,=7.0751,=0.0058,=0.1647,=0.0042,=0.0060,=0.0084,=0.0106,=0.0151,=0.0352,=0.0636,=0.0271,=45
="000949",中证农业,2009-10-28,=-0.0058,=5063.3100,=-0.1255,=71.5279,=0.9065,=14.4444,=21.2919,=29.1179,=37.7478,=1184.8568,=2.4821,=0.1908,=2.0719,=2.4949,=3.2559,=4.0480,=5.2895,=1.3211,=0.2612,=0.8980,=1.1771,=1.7068,=2.0301,=2.8101,=0.0162,=0.4639,=0.0077,=0.0144,=0.0164,=0.0190,=0.0257,=0.0027,=0.0985,=0.0674,=1070
="CN5075",国证信创,2015-02-16,,,=0.1775,=71.6175,=0.4089,=39.3034,=50.1192,=77.8011,=124.0857,=152.0158,=7.7435,=0.8563,=3.0386,=3.6132,=5.3481,=7.4790,=10.9595,=5.9801,=0.8622,=2.8415,=3.7248,=4.4901,=5.7160,=8.6847,=0.0026,=0.1215,=0.0018,=0.0029,=0.0056,=0.0077,=0.0108,=0.0739,=0.0598,=0.0281,=34
="930790",CS娱乐TI,2016-03-22,=0.0119,=1157.9400,=-0.1856,=72.2988,=0.7017,=17.3299,=32.7991,=50.6044,=79.2548,=245.3480,=2.3679,=0.3933,=1.6576,=2.1428,=2.5189,=3.1088,=3.8872,=2.5855,=0.1188,=2.2057,=2.7354,=3.2065,=4.0157,=5.0752,=0.0160,=0.8536,=0.0039,=0.0094,=0.0125,=0.0153,=0.0240,=0.0302,=0.0200,=0.0287,=23
="931271",通信设备主题,2012-12-21,=-0.0110,=4778.0300,=0.3239,=72.9325,=0.7744,=25.8971,=33.3198,=36.6291,=78.9072,=113.3155,=10.7966,=0.9261,=2.2261,=2.9136,=3.6410,=8.3447,=14.2344,=6.9190,=0.9011,=1.5689,=2.0623,=2.6143,=5.7840,=9.3619,=0.0034,=0.1135,=0.0022,=0.0043,=0.0080,=0.0098,=0.0129,=0.0994,=0.1175,=0.0626,=16
="932456",科创创业AI,2025-05-14,=0.0227,=3573.4500,=0.2282,=76.1591,=0.0625,=69.4448,=105.8096,=115.9188,=129.5927,=192.3777,=12.4400,=0.7798,=6.1464,=8.6215,=10.6472,=12.8700,=17.0303,=12.6224,=0.2679,=9.0747,=11.7383,=14.4227,=15.7538,=18.3647,=0.0023,=0.7381,=0.0016,=0.0018,=0.0020,=0.0025,=0.0030,=0.1046,=0.0985,=0.0422,=82
="932066",半导体行业精选,2023-11-10,=0.0116,=5745.6300,=0.4145,=76.9805,=0.3635,=50.1901,=65.6095,=83.0267,=99.2786,=142.8699,=8.3640,=0.7845,=3.1655,=4.1876,=6.8778,=8.4263,=12.2533,=12.5148,=0.7859,=6.6489,=8.4339,=11.0360,=12.5983,=18.4956,=0.0017,=0.2514,=0.0012,=0.0017,=0.0022,=0.0028,=0.0034,=0.0665,=0.0794,=0.0376,=8
="000683",科创生物,2022-05-09,=0.0069,=1026.9000,=-0.0425,=78.6818,=0.0995,=31.4909,=125.7603,=1370.9510,=-215.7912,=97054.3385,=6.7824,=0.8920,=4.0903,=4.9187,=5.4785,=6.3991,=7.9611,=10.0223,=0.4207,=7.6079,=9.2254,=10.2862,=11.4182,=14.1963,=0.0027,=0.0714,=0.0025,=0.0029,=0.0046,=0.0061,=0.0086,=0.0499,=0.0457,=0.0143,=71
="932088",全指航空,2023-03-23,=-0.0091,=716.6700,=-0.1837,=79.6975,=0.6859,=36.9197,=49.5198,=67.4796,=87.7354,=116.5746,=3.4077,=0.5318,=2.3948,=3.0660,=3.3834,=3.8389,=4.9751,=3.2439,=0.3565,=2.2988,=2.9197,=3.5449,=4.0266,=4.9356,=0.0052,=0.2318,=0.0041,=0.0052,=0.0060,=0.0069,=0.0090,=0.0184,=0.0470,=0.0240,=58
="932438",科创创业机器人,2025-05-16,=0.0053,=1538.3300,=-0.0481,=82.0437,=0.3765,=67.6486,=77.7771,=84.6905,=94.7770,=120.6496,=4.8090,=0.0271,=4.5797,=5.1783,=5.6017,=6.1733,=6.8835,=5.1046,=0.0271,=4.8611,=5.6594,=5.9915,=6.6071,=7.4199,=0.0038,=0.4699,=0.0030,=0.0036,=0.0039,=0.0043,=0.0049,=0.0383,=0.0666,=0.0401,=69
="930902",中证数据,2016-10-18,=0.0203,=2892.7800,=-0.0929,=85.0907,=0.5660,=37.6891,=57.3782,=79.3624,=121.1026,=366.0842,=4.0618,=0.5304,=2.4001,=3.4331,=4.0014,=4.6592,=5.5171,=2.6490,=0.0981,=2.0473,=2.8679,=3.3530,=4.1433,=7.0542,=0.0042,=0.7371,=0.0020,=0.0030,=0.0036,=0.0047,=0.0091,=0.0218,=0.0339,=0.0109,=253
="932087",集成电路,2023-03-29,=0.0177,=1458.8000,=0.2881,=85.6345,=0.1395,=46.1239,=97.7238,=131.7177,=151.5764,=195.7770,=7.7029,=0.8582,=3.1405,=3.9536,=5.2133,=7.3405,=11.4486,=12.1244,=0.8061,=5.8347,=7.6863,=9.1954,=12.0507,=18.6728,=0.0016,=0.3818,=0.0010,=0.0014,=0.0017,=0.0022,=0.0029,=0.0589,=0.0481,=0.0198,=60
="H30007",芯片产业,2012-12-20,=0.0088,=4320.9100,=0.3645,=86.0615,=0.6333,=24.2382,=40.3144,=72.7893,=113.4115,=186.5687,=8.4814,=0.9271,=1.9412,=3.6288,=4.5873,=7.3739,=12.9184,=12.6327,=0.9679,=1.5871,=3.7369,=6.5944,=8.4670,=19.5328,=0.0013,=0.0461,=0.0008,=0.0017,=0.0023,=0.0046,=0.0105,=0.0667,=0.0446,=0.0267,=549
="950161",科创新药,2024-08-23,=0.0032,=1274.3300,=0.0375,=86.9183,=0.0336,=73.3994,=185.2527,=-219.4413,=-93.3886,=1578.9342,=9.2329,=0.5652,=4.9324,=6.9350,=8.9396,=10.2776,=12.9042,=11.2802,=0.3300,=8.4204,=10.2321,=12.2712,=14.1360,=17.6998,=0.0013,=0.4071,=0.0009,=0.0011,=0.0013,=0.0017,=0.0023,=0.0680,=0.0403,=-0.0069,=56
="399993",CSWD生科,2015-05-08,=0.0079,=2736.0100,=0.0498,=89.1955,=0.9633,=31.0960,=44.1993,=56.6752,=74.8435,=122.8633,=4.0431,=0.3210,=2.5928,=3.6121,=5.8538,=7.5793,=15.2283,=7.8935,=0.4091,=4.8204,=6.7135,=8.8114,=13.9859,=21.1379,=0.0082,=0.6403,=0.0023,=0.0040,=0.0064,=0.0104,=0.0144,=0.0398,=0.0356,=0.0329,=69
="931521",高装细分50,2020-07-08,=-0.0036,=2600.9400,=-0.2180,=90.4480,=0.7780,=33.8051,=48.6253,=60.0562,=95.7718,=160.3029,=3.7120,=0.3712,=2.5146,=3.4422,=4.0825,=4.9733,=6.8876,=3.8535,=0.2113,=2.7226,=3.8037,=4.3821,=5.0602,=6.7300,=0.0051,=0.3433,=0.0025,=0.0042,=0.0054,=0.0065,=0.0091,=0.0165,=0.0438,=0.0215,=85
="980017",国证芯片,2015-02-17,=0.0065,=17159.6800,=0.3526,=90.4897,=0.5825,=30.3742,=55.9932,=82.3235,=108.8988,=227.4136,=9.1873,=0.9489,=3.1638,=4.1115,=5.8655,=7.5982,=13.5798,=13.6642,=0.9582,=3.6283,=5.8012,=6.7133,=8.2627,=20.9165,=0.0012,=0.0645,=0.0008,=0.0016,=0.0020,=0.0027,=0.0044,=0.0673,=0.0397,=0.0271,=2634
="000698",科创100,2023-08-07,=0.0016,=1904.5700,=0.3064,=91.4783,=0.0922,=60.6995,=122.7346,=209.7172,=251.6390,=337.2511,=6.4372,=0.8617,=2.7397,=3.6423,=4.2395,=6.0808,=8.5061,=7.0379,=0.6430,=4.0312,=5.1483,=6.5041,=8.3860,=10.0837,=0.0032,=0.1765,=0.0025,=0.0032,=0.0052,=0.0064,=0.0089,=0.0429,=0.0369,=0.0143,=602
="000858",500信息,2013-11-06,=-0.0009,=13663.6800,=0.2965,=91.8022,=0.8129,=25.3805,=43.9766,=64.2576,=90.9817,=209.3531,=6.2869,=0.9773,=2.1626,=2.9041,=3.3886,=3.9462,=8.5146,=6.7503,=0.9823,=1.1229,=1.9074,=2.6879,=3.6935,=9.1355,=0.0031,=0.0251,=0.0022,=0.0044,=0.0059,=0.0072,=0.0110,=0.0403,=0.0505,=0.0256,=355
="H30184",半导体,2013-07-15,=0.0070,=13256.1000,=0.4405,=92.7962,=0.6201,=33.2056,=52.5218,=79.5818,=107.9511,=186.6477,=8.4950,=0.8908,=2.5082,=3.4794,=4.9501,=7.5498,=12.7528,=13.1943,=0.9666,=1.3963,=2.6456,=7.1086,=9.7524,=20.0377,=0.0015,=0.0841,=0.0010,=0.0017,=0.0024,=0.0033,=0.0070,=0.0588,=0.0527,=0.0230,=3426
="990001",中华半导体芯片,2019-03-18,=0.0087,=16638.5600,=0.3764,=95.3579,=0.6243,=33.1780,=61.7179,=87.0083,=116.7688,=187.5449,=8.3887,=0.8855,=3.1429,=4.2969,=5.3849,=7.5469,=12.4905,=12.8766,=0.9578,=3.3238,=6.1025,=7.1510,=9.6923,=19.5120,=0.0013,=0.0581,=0.0008,=0.0016,=0.0020,=0.0028,=0.0056,=0.0564,=0.0410,=0.0254,=1394
="931855",通用航空,2025-04-02,=-0.0012,=930.5200,=-0.2794,=98.4485,=0.2556,=76.1514,=96.6905,=103.8201,=114.1113,=148.2866,=3.5344,=0.1000,=3.2007,=3.7336,=4.0805,=4.5582,=5.9420,=4.4149,=0.1083,=4.0348,=4.7618,=6.1337,=6.8323,=8.0546,=0.0054,=0.3833,=0.0042,=0.0050,=0.0057,=0.0062,=0.0073,=0.0177,=0.0445,=0.0255,=15
="CN5082",国证航天,2015-02-16,,,=-0.2382,=98.6624,=0.7802,=44.4252,=58.7080,=73.0479,=107.8301,=173.9279,=3.6070,=0.5578,=2.1924,=2.8248,=3.3409,=4.2675,=5.7391,=3.6536,=0.6534,=1.9232,=2.5659,=3.3528,=4.0167,=6.0090,=0.0043,=0.7118,=0.0021,=0.0030,=0.0038,=0.0049,=0.0082,=0.0144,=0.0382,=0.0205,=37
="930601",中证软件,2015-03-10,=0.0150,=4897.7400,=-0.2211,=99.4970,=0.6893,=29.3378,=51.8564,=79.9502,=128.9417,=302.4908,=4.7589,=0.5422,=2.7207,=3.9641,=4.6595,=5.6164,=7.7270,=5.6197,=0.6827,=2.8007,=4.0731,=4.9566,=6.0191,=8.4042,=0.0067,=0.9324,=0.0026,=0.0037,=0.0044,=0.0054,=0.0101,=0.0141,=0.0385,=0.0050,=419
="980076",通用航空,2012-12-28,=0.0002,=2746.9700,=-0.2597,=102.8140,=0.5791,=69.9916,=82.2500,=100.9413,=126.1683,=158.1149,=3.4785,=0.4465,=2.7445,=3.2322,=3.5136,=4.0326,=5.1513,=4.0919,=0.2512,=3.4358,=4.0582,=4.2834,=4.8788,=6.3273,=0.0050,=0.4512,=0.0037,=0.0042,=0.0051,=0.0060,=0.0073,=0.0178,=0.0297,=0.0208,=74
="H30202",软件指数,2013-07-15,=0.0165,=11609.7900,=-0.2299,=106.1976,=0.6012,=45.1036,=65.7516,=91.9980,=155.6957,=372.5263,=4.4320,=0.1965,=2.9348,=4.4508,=5.3351,=6.5609,=8.8705,=5.9419,=0.2872,=3.9010,=5.4106,=6.7879,=7.9641,=11.6592,=0.0069,=0.9287,=0.0022,=0.0034,=0.0045,=0.0055,=0.0102,=0.0110,=0.0344,=0.0032,=335
="399020",创业小盘,2023-11-15,=0.0010,=1785.1400,=0.0042,=113.0892,=0.3449,=48.5170,=83.1711,=140.1790,=211.2144,=256.8495,=3.5485,=0.6566,=1.8521,=2.4795,=3.2634,=3.7664,=4.3734,=3.4546,=0.6421,=1.9895,=2.6106,=3.2190,=3.7804,=4.2999,=0.0055,=0.0606,=0.0050,=0.0060,=0.0067,=0.0082,=0.0109,=0.0232,=0.0199,=0.0201,=14
="399264",创业软件,2022-09-29,=0.0228,=1216.1000,=-0.1527,=113.1736,=0.5021,=48.3210,=78.6520,=113.0191,=278.5993,=16009.0015,=4.9638,=0.5643,=2.7943,=4.0810,=4.8568,=5.6689,=7.3283,=6.2574,=0.6162,=3.8240,=5.0367,=6.0189,=6.9960,=9.8071,=0.0060,=0.8589,=0.0034,=0.0040,=0.0045,=0.0054,=0.0083,=0.0195,=0.0137,=0.0031,=0
="950162",科创芯片设计,2024-07-26,=0.0227,=2451.9000,=0.3179,=124.4401,=0.0267,=109.6960,=216.8951,=260.7712,=379.7514,=687.1301,=13.1866,=0.7939,=4.2582,=7.9271,=10.7855,=13.2671,=20.2102,=20.3238,=0.6870,=8.7765,=14.5143,=18.1532,=21.6192,=32.5243,=0.0015,=0.5248,=0.0010,=0.0012,=0.0015,=0.0018,=0.0029,=0.0858,=0.0713,=0.0289,=71
="932000",中证2000,2023-08-11,=0.0007,=3258.6700,=0.0173,=124.6722,=0.6185,=44.0427,=58.5605,=90.5851,=152.9843,=228.3990,=2.6749,=0.7007,=1.5089,=1.9968,=2.3669,=2.8503,=3.3036,=2.2013,=0.7086,=1.1809,=1.5674,=1.8944,=2.3241,=2.6726,=0.0077,=0.1775,=0.0062,=0.0077,=0.0090,=0.0113,=0.0155,=0.0201,=0.0154,=0.0194,=1255
="000682",科创信息,2021-08-16,=0.0048,=2701.6400,=0.3550,=132.7026,=0.7798,=41.6131,=63.2753,=94.2231,=136.2481,=255.5918,=10.0513,=0.9499,=3.3247,=4.3669,=5.4222,=7.4637,=13.8809,=15.2682,=0.9589,=5.5790,=7.3376,=8.9640,=11.6489,=21.7670,=0.0015,=0.0370,=0.0011,=0.0020,=0.0028,=0.0038,=0.0070,=0.0461,=0.0432,=0.0205,=108
="931743",半导体材料设备,2012-12-21,=-0.0138,=9611.7500,=0.8667,=135.2877,=0.9103,=30.1973,=40.7191,=62.1136,=94.7888,=224.0742,=10.7854,=0.9153,=2.5588,=3.4621,=4.3547,=7.4440,=17.1334,=17.1428,=0.9340,=2.5903,=3.1948,=3.8809,=11.7505,=25.3851,=0.0013,=0.0685,=0.0009,=0.0019,=0.0028,=0.0045,=0.0073,=0.0498,=0.0706,=0.0390,=311
="000688",科创50,2020-07-23,=0.0046,=1665.0400,=0.2387,=136.9152,=0.7889,=35.5957,=42.7326,=72.5625,=138.6649,=263.7183,=7.9742,=0.9459,=2.9443,=4.2553,=4.9315,=6.8935,=10.5365,=10.0970,=0.8370,=3.1319,=4.6097,=5.6409,=9.7634,=13.6380,=0.0021,=0.0267,=0.0016,=0.0030,=0.0045,=0.0071,=0.0110,=0.0354,=0.0347,=0.0153,=8358
="000680",科创综指,2025-01-20,=0.0030,=1962.8400,=0.1993,=141.2084,=0.1626,=115.7401,=144.3820,=207.9110,=230.7555,=278.5830,=6.3194,=0.8227,=3.4337,=3.9870,=5.3031,=6.1880,=8.0513,=8.2396,=0.8153,=4.7291,=5.5227,=7.2564,=8.1798,=10.6066,=0.0028,=0.1478,=0.0023,=0.0029,=0.0036,=0.0050,=0.0065,=0.0286,=0.0261,=0.0124,=249
="950180",科创AI,2024-07-25,=0.0298,=2321.3000,=0.0329,=146.5636,=0.5276,=66.2784,=101.6326,=144.1219,=182.9197,=271.3436,=13.2872,=0.8990,=3.9039,=6.1699,=9.9871,=12.0880,=18.6594,=20.3935,=0.9105,=6.3298,=9.6676,=14.5654,=17.2807,=29.3547,=0.0016,=0.0857,=0.0012,=0.0022,=0.0028,=0.0048,=0.0077,=0.0639,=0.0670,=0.0285,=230
="931865",中证半导,2019-03-20,=-0.0072,=8409.3400,=0.6992,=149.3571,=0.8915,=32.8138,=46.7400,=74.5643,=132.9303,=255.0466,=10.9973,=0.9280,=3.3892,=4.1559,=5.3505,=8.7125,=15.8034,=19.4534,=0.9289,=6.4190,=7.7212,=8.8768,=15.5362,=28.9040,=0.0009,=0.0970,=0.0006,=0.0010,=0.0020,=0.0024,=0.0032,=0.0432,=0.0580,=0.0301,=227
="1000014",科创板全指,2019-07-22,,,,=153.6490,=0.8139,=34.6058,=58.8968,=78.0965,=140.2808,=267.8356,=6.4061,=0.7817,=2.4875,=3.8220,=5.0100,=6.4834,=9.5957,=8.4648,=0.6984,=3.3799,=5.2295,=6.7328,=9.8209,=14.1086,=0.0027,=0.1597,=0,=0.0030,=0.0042,=0.0064,=0.0098,=0.0283,=0.0254,=0.0131,=1305
="000689",科创材料,2022-08-15,=-0.0123,=1468.4900,=0.2113,=155.6753,=0.8223,=38.7753,=45.6458,=93.2303,=153.3475,=281.6880,=6.4456,=0.9749,=1.9307,=2.6615,=3.4617,=4.5534,=8.5314,=7.8648,=0.9729,=2.1963,=3.1493,=4.0723,=5.7541,=10.7722,=0.0024,=0.0241,=0.0019,=0.0044,=0.0063,=0.0078,=0.0117,=0.0260,=0.0258,=0.0159,=49
="000685",科创芯片,2022-06-13,=0.0042,=4003.2600,=0.5318,=160.9171,=0.6321,=42.1555,=72.0202,=120.4239,=181.2372,=335.4323,=10.7532,=0.9404,=3.1235,=4.1113,=5.2587,=7.9107,=15.4697,=21.4373,=0.9491,=7.4796,=10.1354,=12.3748,=16.2562,=31.9311,=0.0008,=0.0500,=0.0005,=0.0010,=0.0015,=0.0021,=0.0026,=0.0456,=0.0415,=0.0173,=524
="931992",疫苗生物,2013-07-15,=0.0116,=1151.0800,=-0.0465,=169.2918,=0.8033,=26.1322,=67.5853,=89.1916,=168.2750,=55588.3979,=3.0300,=0.4966,=2.2475,=2.7079,=3.0321,=3.6111,=5.0256,=5.3835,=0.6548,=3.7134,=4.7394,=5.1944,=5.5812,=6.4257,=0.0090,=0.4976,=0.0060,=0.0068,=0.0091,=0.0105,=0.0125,=0.0325,=0.0013,=0.0187,=35
="931594",卫星产业,2020-12-22,=-0.0014,=868.5900,=-0.2306,=179.7886,=0.7204,=44.5603,=96.6846,=132.2810,=229.9491,=428.4930,=5.0282,=0.8946,=2.3588,=3.0603,=3.5529,=4.2119,=7.6413,=7.1094,=0.8724,=3.4655,=4.5498,=5.1922,=6.4927,=11.4514,=0.0032,=0.5355,=0.0023,=0.0027,=0.0032,=0.0051,=0.0086,=0.0156,=0.0317,=0.0195,=208
="950125",科创半导体材料设备,2024-07-26,=-0.0141,=4284.4700,=0.9944,=184.7574,=0.8550,=70.4245,=117.5178,=136.5939,=172.9554,=348.7588,=11.0088,=0.8969,=2.8469,=4.8056,=5.7011,=7.2756,=17.6268,=24.7766,=0.9008,=7.2923,=11.0319,=13.1256,=16.1756,=37.4011,=0.0010,=0.4332,=0.0006,=0.0008,=0.0011,=0.0016,=0.0028,=0.0401,=0.0371,=0.0180,=157
="000699",科创200,2024-08-20,=0.0047,=1599.2700,=0.2118,=186.5995,=0.3176,=128.9087,=169.0276,=227.6800,=307.8639,=388.1174,=4.4067,=0.7337,=1.9770,=3.0484,=4.0550,=4.8075,=5.6874,=6.1454,=0.5030,=3.3605,=5.1446,=6.1315,=7.3853,=8.4376,=0.0041,=0.1992,=0.0033,=0.0041,=0.0048,=0.0067,=0.0100,=0.0171,=0.0165,=0.0098,=155
="980018",卫星通信,2015-02-17,=-0.0016,=4368.7500,=-0.1826,=222.8433,=0.8983,=23.6003,=29.0690,=41.2023,=75.2089,=1063.4314,=5.6122,=0.9172,=1.7225,=2.0672,=2.6162,=4.3394,=7.7241,=7.3140,=0.9756,=1.5054,=1.8108,=2.3233,=3.1675,=9.8783,=0.0020,=0.0323,=0.0013,=0.0037,=0.0123,=0.0171,=0.0231,=0.0165,=0.0181,=0.0589,=139
="931946",畜牧养殖,2023-07-28,=-0.0062,=642.3900,=-0.1466,=303.5714,=0.9280,=14.8058,=16.7883,=24.9066,=47.5183,=702.5962,=2.5316,=0.1859,=2.1724,=2.5399,=2.6631,=2.7785,=3.1405,=1.0423,=0.2781,=0.8870,=1.0258,=1.0877,=1.1333,=1.2139,=0.0230,=0.3065,=0.0155,=0.0202,=0.0268,=0.0303,=0.0347,=-0.0138,=0.0943,=0.0752,=17
="931009",建筑材料,2013-07-15,=-0.0102,=5007.3800,=-0.2025,=330.6915,=0.9956,=8.0662,=10.4280,=14.9357,=30.2957,=342.2875,=0.8260,=0.0186,=0.7557,=1.0055,=1.4867,=1.9872,=2.4800,=0.9430,=0.1936,=0.6904,=0.9470,=1.1541,=1.5100,=2.1670,=0.0231,=0.2313,=0.0085,=0.0227,=0.0260,=0.0309,=0.0487,=0.0007,=0.0109,=0.0129,=760
="950333",智选创新价值,2024-09-25,=0.0055,=2672.5900,=0.1760,=341.0686,=0.3230,=62.6254,=109.7655,=1578.6267,=-370.5503,=5158.8110,=4.2370,=0.9213,=1.6564,=2.1806,=2.6274,=3.1993,=5.3226,=5.1523,=0.8986,=1.6015,=2.1407,=2.7711,=3.1803,=6.7566,=0.0027,=0.1139,=0.0019,=0.0047,=0.0068,=0.0103,=0.0136,=0.0142,=-0.0164,=0.0020,=19
="H30182",计算机,2013-07-15,=0.0166,=5972.5700,=-0.2205,=420.6921,=0.8456,=33.2527,=55.4842,=106.9140,=373.0417,=65313.4473,=3.8559,=0.3503,=2.4295,=3.5872,=4.0700,=4.6217,=5.8765,=3.7686,=0.2809,=2.3635,=3.5898,=4.1249,=4.7277,=7.6223,=0.0051,=0.7521,=0.0028,=0.0040,=0.0045,=0.0053,=0.0091,=0.0002,=0.0033,=-0.0020,=63
="930781",中证影视,2016-02-04,=0.0126,=1387.3500,=-0.1795,=-3109.0665,=0.6337,=16.7066,=43.1495,=215.2427,=-60.8596,=8055.0919,=1.9194,=0.1290,=1.4352,=2.0136,=2.3469,=3.2943,=5.5600,=4.1732,=0.4932,=2.7079,=3.4931,=4.2098,=5.3757,=8.7187,=0.0116,=0.8719,=0.0021,=0.0038,=0.0066,=0.0100,=0.0161,=0.0049,=0.0185,=0.0250,=189
="930633",中证旅游,2015-05-08,=-0.0072,=2252.2700,=-0.3216,=-346.7249,=0.6209,=15.8968,=22.0002,=1980.8469,=-51.0196,=11171.4579,=2.0277,=0.1183,=1.6473,=2.1340,=2.3436,=2.8097,=3.6934,=1.0012,=0.0021,=0.9784,=1.3022,=1.5970,=2.5762,=3.7607,=0.0096,=0.8245,=0.0014,=0.0038,=0.0081,=0.0095,=0.0147,=-0.0078,=-0.0128,=0.0008,=638
="1000009",深圳B股,1994-01-10,=-0.0031,=1168.4800,=-0.0761,=-312.2969,=0.9600,=6.5509,=10.0230,=16.2501,=23.7759,=61.4680,=0.7497,=0.5468,=0.5585,=0.6590,=0.7303,=0.9106,=1.4530,=0.4646,=0.4569,=0.3544,=0.4194,=0.4739,=0.6100,=1.0969,=0.0343,=0.3638,=0.0205,=0.0271,=0.0369,=0.0449,=0.0610,=0.0192,=0.0018,=0.0195,=205
="930662",CS现代农,2015-07-13,=-0.0047,=921.6300,=-0.1395,=-168.7787,=0.9228,=13.0417,=20.7276,=28.8659,=61.9517,=301.1137,=2.3865,=0.1167,=1.8555,=2.5003,=2.8256,=3.1330,=4.3308,=1.0384,=0.2643,=0.8273,=1.0167,=1.1547,=1.5438,=2.1026,=0.0167,=0.8010,=0.0046,=0.0099,=0.0129,=0.0167,=0.0291,=-0.0338,=0.0850,=0.0684,=59
="931151",光伏产业,2019-04-22,=-0.0039,=2405.1900,=-0.1584,=-148.1681,=0.9645,=9.5087,=21.7870,=38.6882,=101.2260,=2491.4939,=1.9797,=0.2647,=1.5562,=1.9288,=2.5712,=4.4542,=6.9801,=1.7941,=0.4911,=0.8897,=1.2546,=1.8096,=3.1586,=5.9137,=0.0086,=0.4795,=0.0030,=0.0056,=0.0089,=0.0197,=0.0300,=0.0009,=0.0012,=0.0032,=2753
="930910",农牧渔,2016-12-12,=-0.0046,=8829.7500,=-0.1145,=-87.3031,=0.8817,=13.2246,=20.9512,=30.1704,=125.2557,=30031.8592,=2.3951,=0.1322,=1.9495,=2.4752,=2.9183,=3.6300,=4.9084,=1.0557,=0.1867,=0.8679,=1.0626,=1.4642,=2.0488,=2.7290,=0.0152,=0.6662,=0.0042,=0.0098,=0.0137,=0.0176,=0.0261,=-0.0335,=0.0664,=0.0588,=23
="HSAIT",恒生人工智能主题指数,2023-09-01,=-0.0106,=2930.4500,=-0.3124,=-66.7492,=0.9547,=13.3665,=18.1660,=20.0446,=22.2114,=33.1012,=5.7966,=0.9507,=1.4634,=1.7671,=2.1063,=2.5368,=9.7315,=13.3675,=0.9827,=1.2708,=1.5092,=1.8729,=2.3451,=14.0083,=0.0006,=0.0053,=0.0005,=0.0169,=0.0191,=0.0214,=0.0235,=0.0726,=0.1059,=0.0635,=66
="931025",港股通地产,2017-11-06,=-0.0041,=1590.4100,=0.0003,=-64.7895,=0.6989,=1.3998,=5.5326,=8.3958,=-3.3161,=7833.8201,=0.4481,=0.4024,=0.0757,=0.2150,=0.4887,=0.8741,=1.4256,=0.8737,=0.7867,=0.0508,=0.1446,=0.5520,=0.8821,=1.5776,=0.0403,=0.4275,=0,=0.0291,=0.0424,=0.0686,=0.2175,,=-0.0074,=0.0061,=13
="930707",中证畜牧,2015-07-13,=-0.0070,=1870.8900,=-0.1524,=-59.7372,=0.8859,=11.3375,=17.7937,=27.2784,=120.0221,=237.1331,=2.4183,=0.0643,=1.9910,=2.6494,=3.2507,=4.1060,=5.8838,=0.9801,=0.1269,=0.8185,=1.0216,=1.4074,=2.0215,=2.9452,=0.0168,=0.6654,=0.0033,=0.0096,=0.0143,=0.0214,=0.0303,=-0.0462,=0.0829,=0.0714,=1241
="931845",生猪产业,2012-04-11,=-0.0070,=1126.1000,=-0.1427,=-56.5094,=0.9007,=12.7881,=21.1629,=29.0575,=109.3925,=705.7713,=2.7102,=0.0964,=2.2394,=2.8569,=3.4302,=4.0692,=5.7536,=0.9945,=0.1347,=0.8323,=1.0242,=1.6050,=2.1385,=2.8287,=0.0160,=0.4458,=0.0091,=0.0130,=0.0171,=0.0209,=0.0316,=-0.0526,=0.0788,=0.0736,=164
="000692",科创新能,2023-04-03,=-0.0011,=935.5400,=-0.1919,=-53.3122,=0.6750,=13.9124,=19.1421,=147.3694,=-45.1732,=279.8956,=2.2052,=0.4864,=1.4486,=1.8151,=2.2200,=2.7862,=4.0229,=1.4062,=0.4567,=0.8667,=1.1715,=1.4449,=1.8974,=2.6157,=0.0048,=0.1234,=0.0030,=0.0053,=0.0160,=0.0204,=0.0318,=-0.0092,=-0.0642,=-0.0211,=45
="399393",国证地产,2012-08-20,=0.0058,=2700.6700,=-0.1345,=-5.8031,=0.9712,=6.3321,=8.5850,=15.6801,=-219.9530,=115902.4187,=0.8133,=0.1912,=0.5768,=0.8250,=1.0423,=1.6017,=2.5183,=0.6151,=0.4763,=0.3699,=0.5163,=0.6315,=1.0266,=1.7471,=0.0109,=0.0544,=0.0083,=0.0181,=0.0259,=0.0342,=0.0478,=-0.0060,=-0.0767,=-0.0018,=1439
="931775",房地产,2013-07-15,=0.0080,=2562.6300,=-0.1408,=-4.6910,=0.9712,=7.0141,=8.9821,=18.2272,=-26.9769,=1490.8370,=0.8179,=0.2002,=0.5750,=0.8177,=1.0251,=1.5349,=2.4442,=0.6342,=0.4611,=0.3617,=0.5322,=0.6630,=1.0827,=1.7893,=0.0057,=0,=0.0057,=0.0146,=0.0234,=0.0325,=0.0448,=-0.0127,=-0.1024,=-0.0085,=945
="000816",细分地产,2012-04-11,=0.0103,=2339.7100,=-0.1497,=-4.2363,=0.9716,=6.1299,=8.3282,=15.7647,=-34.6786,=2488.2259,=0.7648,=0.1796,=0.5599,=0.7940,=1.0239,=1.5905,=2.5676,=0.5566,=0.4199,=0.3390,=0.4917,=0.5985,=1.0001,=1.7076,=0.0048,=0.0054,=0.0044,=0.0173,=0.0275,=0.0358,=0.0516,=-0.0120,=-0.1018,=-0.0072,=11
="399965",800地产,2012-12-21,=0.0016,=2195.9700,=-0.1681,=-3.1997,=0.9720,=5.5394,=8.0041,=14.1301,=-351.8669,=59.7245,=0.5712,=0.0338,=0.4663,=0.6925,=0.9670,=1.5841,=2.5596,=0.3655,=0.0923,=0.2856,=0.4057,=0.4994,=0.9704,=1.6493,=0.0064,=0.0004,=0.0063,=0.0178,=0.0280,=0.0369,=0.0562,=-0.0071,=-0.0854,=0.0004,=209
="399983",地产等权,2013-11-22,=0.0120,=1629.0400,=-0.2004,=-1.9632,=0.9716,=5.0058,=7.3313,=10.5749,=50.8218,=75.5023,=0.4546,=0.0309,=0.3690,=0.5849,=1.0555,=1.7455,=2.8135,=0.2752,=0.0544,=0.2174,=0.3484,=0.4531,=0.8976,=1.5710,=0.0049,=0.0152,=0.0037,=0.0216,=0.0322,=0.0412,=0.0629,=-0.0146,=-0.0924,=-0.0024,=1011
=".NDX",纳斯达克100指数,1969-12-31,,,=0.2072,,,,,,,,,,,,,,,,,,,,,,,,,,,,,,,=0.1486,=4826

数据来源于：理杏仁网站(lixinger.com)