指数代码,指数名称,发布时间,涨跌幅,收盘点位,今年以来涨跌幅,PE-TTM(当前值),PE-TTM(分位点%),PE-TTM(最小值),PE-TTM(20%分位点值),PE-TTM(50%分位点值),PE-TTM(80%分位点值),PE-TTM(最大正值),PB(当前值),PB(分位点%),PB(最小值),PB(20%分位点值),PB(50%分位点值),PB(80%分位点值),PB(最大正值),PS-TTM(当前值),PS-TTM(分位点%),PS-TTM(最小值),PS-TTM(20%分位点值),PS-TTM(50%分位点值),PS-TTM(80%分位点值),PS-TTM(最大正值),净资产收益率(ROE)(2026Q1),净资产收益率(ROE)(2025Q4),净资产收益率(ROE)(2025Q1),股息率,关注度
="931039",银行AH,2017-12-06,=-0.0003,=12149.8685,=-0.0496,=5.8081,=0.7515,=3.2016,=4.0741,=5.1962,=5.9045,=7.9938,=0.5474,=0.4059,=0.3790,=0.4566,=0.5667,=0.7138,=1.0569,=2.1800,=0.8178,=1.0856,=1.4316,=1.7449,=2.1329,=2.9053,,=0.0881,,=0.0502,=95
="H11146",港股通内地金融,2010-06-02,=0.0029,=1123.1173,=0.0204,=6.0614,=0.5136,=3.2759,=4.5181,=6.0006,=6.7473,=9.2347,=0.6151,=0.3937,=0.3797,=0.4941,=0.6731,=0.8760,=1.1859,=1.5657,=0.7671,=0.6692,=0.9479,=1.2869,=1.5978,=2.1885,,=0.0970,,=0.0477,=39
="930792",HK银行,2016-04-22,=0.0090,=4831.2920,=0.0969,=6.6885,=0.7813,=3.2659,=4.4645,=5.8335,=6.7741,=9.5632,=0.6509,=0.5606,=0.3905,=0.4964,=0.6260,=0.8010,=1.0771,=2.5444,=0.8832,=1.0519,=1.5167,=1.8463,=2.3812,=3.1066,,=0.0901,,=0.0473,=750
="399986",中证银行,2013-07-15,=0.0001,=7007.5900,=-0.0783,=6.7597,=0.7624,=4.1183,=5.2599,=6.2743,=6.8477,=9.0846,=0.6429,=0.3007,=0.4848,=0.5836,=0.7204,=0.8984,=1.2416,=2.5375,=0.8210,=1.4134,=1.7842,=2.1326,=2.4876,=3.3016,=0.0226,=0.0881,=0.0236,=0.0436,=9544
="H30106",H300金融服务,2013-05-21,=0.0075,=1609.4034,=0.0635,=6.9167,=0.4889,=4.0175,=5.3653,=6.9643,=7.7687,=11.1922,=0.7418,=0.4909,=0.4470,=0.5779,=0.7462,=0.9081,=1.2489,=1.9770,=0.8582,=0.8557,=1.1817,=1.4607,=1.8787,=2.3593,,=0.1014,,=0.0449,=18
="000018",180金融,2007-12-10,=0.0042,=5176.2200,=-0.1286,=7.1574,=0.3552,=5.2016,=6.4287,=7.4973,=8.3012,=10.8609,=0.7280,=0.2434,=0.5902,=0.6965,=0.8767,=1.0696,=1.4199,=2.1492,=0.7591,=1.2355,=1.5824,=1.9424,=2.2066,=2.8772,=0.0229,=0.0959,=0.0245,=0.0406,=771
="399809",保险主题,2015-02-13,=0.0078,=2172.6300,=-0.1856,=7.1861,=0.2706,=5.4537,=6.8114,=10.5858,=15.0245,=22.8725,=0.7695,=0.2112,=0.6352,=0.7666,=1.2256,=1.4858,=1.9794,=2.0930,=0.9080,=0.5239,=0.8688,=1.0963,=1.4376,=2.3772,=0.0227,=0.1015,=0.0246,=0.0403,=1487
="000818",细分金融,2012-04-11,,,=-0.1295,=7.2594,=0.3333,=5.2356,=6.4974,=7.6854,=8.4810,=10.9951,=0.7384,=0.2442,=0.5930,=0.7010,=0.8943,=1.0928,=1.4303,=2.1988,=0.7521,=1.2689,=1.6354,=1.9818,=2.2602,=2.9111,=0.0231,=0.0956,=0.0246,=0.0399,=6
="931233",港股通央企红利,2017-06-28,=0.0017,=1217.0867,=0.0440,=7.4074,=0.7832,=3.6988,=4.9516,=6.3251,=7.4515,=14.0775,=0.6968,=0.6161,=0.3929,=0.5221,=0.6448,=0.8640,=1.8161,=1.0057,=0.5660,=0.4645,=0.6207,=0.9456,=1.3913,=1.7583,,=0.0906,,=0.0505,=446
="HSSCSOY",恒生港股通中国央企红利指数,2023-06-01,=0.0048,=4356.1700,=0.0834,=7.4614,=0.9358,=4.1647,=4.6248,=5.6410,=6.9421,=7.8218,=0.6972,=0.8497,=0.4381,=0.4941,=0.5873,=0.6846,=0.7455,=0.9915,=0.9303,=0.5323,=0.5933,=0.7380,=0.9245,=1.0366,,=0.0921,,=0.0506,=235
="HSMCHYI",恒生中国内地企业高股息率指数,2019-09-01,=0.0012,=2967.9400,=0.0666,=7.5391,=0.9457,=3.7550,=5.0449,=5.8083,=6.7288,=7.9027,=0.7551,=0.8605,=0.4590,=0.5781,=0.6394,=0.7373,=0.8175,=1.1471,=0.9402,=0.5101,=0.6878,=0.7959,=0.9090,=1.2126,,,,=0.0497,=276
="987016",港股通红利低波,2021-11-18,,,=0.1175,=7.5428,=0.9352,=3.4544,=4.2969,=4.9072,=6.7325,=8.0054,=0.6969,=0.9033,=0.4152,=0.4850,=0.5382,=0.6517,=0.7529,=1.2285,=0.9252,=0.5827,=0.6592,=0.7907,=1.0927,=1.3012,,=0.0893,,=0.0512,=144
="000914",300金融,2007-07-02,=0.0047,=5869.4800,=-0.1263,=7.6056,=0.4064,=5.2769,=6.6022,=7.8376,=8.6017,=11.3863,=0.7361,=0.2397,=0.5962,=0.7048,=0.9161,=1.1328,=1.4919,=2.0720,=0.7875,=1.1210,=1.4310,=1.8121,=2.0875,=2.7052,=0.0223,=0.0897,=0.0236,=0.0394,=342
="H11140",香港红利,2009-07-23,=0.0008,=4056.1120,=0.1109,=7.6285,=0.7652,=3.0693,=4.4554,=5.9845,=8.1934,=13.9623,=0.7201,=0.6117,=0.3833,=0.5103,=0.6299,=0.8659,=1.1652,=1.2136,=0.6919,=0.5431,=0.7464,=0.9728,=1.5161,=2.1349,,=0.0912,,=0.0516,=42
="931024",港股通非银,2017-11-06,=0.0005,=4086.6149,=-0.0482,=7.6416,=0.0318,=6.7549,=8.6515,=11.2384,=13.3704,=22.4310,=1.0400,=0.4843,=0.6237,=0.8470,=1.0489,=1.2241,=1.7592,=1.2796,=0.8338,=0.5870,=0.8751,=1.0117,=1.2219,=2.2002,,=0.1344,,=0.0384,=189
="H30270",红利价值,2013-12-19,=-0.0015,=9526.6061,=-0.0006,=7.7269,=0.7231,=4.4543,=5.4286,=6.7513,=8.7312,=13.0955,=0.7750,=0.5301,=0.5256,=0.6486,=0.7624,=1.2496,=1.7317,=1.5660,=0.9658,=0.5854,=0.8112,=0.9971,=1.2947,=1.6637,=0.0235,=0.0936,=0.0240,=0.0430,=192
="HSHYLV",恒生港股通高股息低波动指数,2017-05-08,=-0.0066,=4603.1700,=0.0302,=7.7890,=0.8663,=3.5572,=4.6390,=5.9807,=7.1873,=9.5068,=0.7014,=0.6837,=0.3828,=0.4850,=0.5789,=0.8159,=1.1073,=0.9391,=0.5792,=0.4386,=0.6537,=0.8459,=1.4164,=2.0623,,,,=0.0518,=1494
="000934",中证金融,2009-07-03,=0.0047,=5516.0300,=-0.1201,=7.8990,=0.4175,=5.7083,=6.8944,=8.0859,=8.8714,=11.5527,=0.7470,=0.2356,=0.6117,=0.7181,=0.9222,=1.1488,=1.5017,=2.0821,=0.8049,=1.1467,=1.4503,=1.8022,=2.0749,=2.6696,=0.0220,=0.0873,=0.0231,=0.0383,=1151
="HSHDYI",恒生高股息率指数,2012-12-10,=-0.0049,=1357.6300,=0.0644,=7.9486,=0.8250,=3.6777,=4.8617,=6.6099,=7.8054,=10.6953,=0.7299,=0.5972,=0.4041,=0.5047,=0.6486,=0.9071,=1.1746,=1.1579,=0.6021,=0.5013,=0.7009,=1.0665,=1.4996,=1.9871,,,,=0.0514,=909
="931157",SHS红利成长LV,2019-04-25,=-0.0004,=7261.9162,=-0.0258,=7.9606,=0.6741,=4.1261,=5.5833,=6.9055,=8.3411,=11.5318,=0.7967,=0.4654,=0.5154,=0.6253,=0.8092,=0.9271,=1.5888,=1.5574,=0.9375,=0.5018,=0.7110,=1.0359,=1.4038,=1.6439,,=0.0964,,=0.0477,=325
="932596",港股通红利低波,2016-02-04,=0.0023,=4290.3700,=0.1061,=7.9741,=0.3415,=7.4451,=7.8406,=8.0831,=8.2919,=8.5745,=0.7479,=0.5915,=0.6528,=0.6961,=0.7228,=0.7602,=0.7956,=1.3322,=0.5000,=1.2161,=1.2814,=1.3322,=1.3627,=1.4099,,=0.0894,,=0.0488,=86
="930914",港股通高股息,2016-11-25,=-0.0005,=5303.5545,=0.0785,=8.0057,=0.8220,=3.4280,=4.4185,=5.9058,=7.7987,=11.1979,=0.7714,=0.7167,=0.3979,=0.5021,=0.6147,=0.8531,=1.1764,=1.2685,=0.8096,=0.5144,=0.7033,=0.9218,=1.2549,=2.2126,,=0.0918,,=0.0502,=699
="930992",沪港深红利低波,2017-06-28,,,=0.0183,=8.0544,=0.8995,=4.0130,=5.1452,=5.8697,=7.6973,=8.5109,=0.7508,=0.8893,=0.4277,=0.5368,=0.5899,=0.7212,=0.7950,=1.1915,=0.8121,=0.4496,=0.5999,=0.8448,=1.1840,=1.3912,,=0.0878,,=0.0493,=44
="HSSCHKY",恒生港股通高股息率指数,2019-11-01,=-0.0031,=2781.3400,=0.1225,=8.0562,=0.9622,=3.8979,=4.9485,=5.8686,=7.1769,=8.4533,=0.7189,=0.8866,=0.4277,=0.5169,=0.5769,=0.6820,=0.8197,=1.2536,=0.9380,=0.5333,=0.6964,=0.8732,=1.1181,=1.3442,,,,=0.0499,=490
="000992",全指金融,2011-08-02,=0.0046,=5297.7500,=-0.1153,=8.1391,=0.4534,=5.9310,=7.1022,=8.2725,=9.0288,=11.6339,=0.7509,=0.2335,=0.6188,=0.7234,=0.9314,=1.1610,=1.5107,=2.0710,=0.7958,=1.1568,=1.4432,=1.8063,=2.0754,=2.6668,=0.0217,=0.0846,=0.0227,=0.0377,=2701
="000029",180价值,2009-01-09,=0.0018,=4030.0400,=-0.0950,=8.1546,=0.6427,=5.6894,=6.9075,=7.8866,=8.5069,=10.8138,=0.7806,=0.1167,=0.6666,=0.8048,=0.8621,=1.0653,=1.4433,=1.0595,=0.7768,=0.6198,=0.7825,=0.9447,=1.0677,=1.4032,=0.0228,=0.0896,=0.0243,=0.0417,=556
="H30269",红利低波,2013-12-19,=-0.0015,=10959.3604,=-0.0250,=8.2051,=0.7257,=4.5638,=5.5488,=6.8658,=9.4786,=14.4342,=0.8262,=0.5326,=0.5386,=0.6570,=0.8015,=1.3872,=1.9670,=1.5858,=0.9658,=0.6111,=0.8850,=1.0969,=1.4157,=1.6703,=0.0236,=0.0946,=0.0236,=0.0441,=4223
="H50040",上红低波,2014-03-21,=0.0020,=10954.2375,=-0.0066,=8.2095,=0.7384,=4.6938,=5.9512,=7.0753,=9.6645,=14.3118,=0.8175,=0.4447,=0.5647,=0.6911,=0.8359,=1.3609,=1.8756,=1.5995,=0.9633,=0.6380,=0.8684,=1.2011,=1.3991,=1.6845,=0.0234,=0.0936,=0.0244,=0.0433,=354
="HSCSOE",恒生中国央企指数,2023-01-01,=0.0084,=3980.2300,=0.1072,=8.2454,=0.9278,=4.9972,=5.5383,=6.1154,=7.6820,=8.5526,=0.7930,=0.9146,=0.5264,=0.5920,=0.6318,=0.7537,=0.8375,=0.9868,=0.9374,=0.5404,=0.5937,=0.6655,=0.8581,=1.0234,,=0.0956,,=0.0463,=111
="931446",东证红利低波,2020-04-21,=0.0014,=3358.7050,=-0.0244,=8.3014,=0.7357,=5.1478,=6.1727,=7.1161,=8.5375,=11.0216,=0.7844,=0.5654,=0.5884,=0.6951,=0.7638,=0.8731,=1.2481,=1.5048,=0.9395,=0.5909,=0.7532,=0.8858,=1.3169,=1.5979,=0.0224,=0.0895,=0.0240,=0.0430,=835
="000151",上国红利,2012-07-20,=0.0163,=1589.9300,=0.0407,=8.3635,=0.9332,=4.5075,=5.3657,=6.9381,=7.6987,=10.0345,=0.7301,=0.4344,=0.5268,=0.6189,=0.7539,=0.9661,=1.3272,=1.0335,=0.4084,=0.6026,=0.8953,=1.0862,=1.3107,=1.6854,=0.0218,=0.0803,=0.0258,=0.0447,=215
="000922",中证红利,2008-05-26,=0.0049,=5572.2261,=0.0124,=8.3951,=0.7554,=5.1762,=6.0245,=7.6564,=8.6145,=11.2156,=0.8077,=0.4043,=0.5911,=0.7110,=0.8545,=1.1086,=1.4999,=1.2413,=0.8218,=0.6332,=0.7726,=1.0438,=1.2253,=1.7101,=0.0233,=0.0895,=0.0228,=0.0431,=20019
="931130",红利成长低波,2018-12-04,,,=-0.0332,=8.4087,=0.6914,=4.4465,=5.5763,=7.7995,=8.7298,=11.5512,=0.8312,=0.3352,=0.5279,=0.6239,=0.9010,=1.0310,=1.5803,=1.8546,=0.7611,=0.3109,=0.8133,=1.3178,=1.9167,=2.5957,=0.0231,=0.0934,=0.0229,=0.0434,=145
="000821",300红利,2012-07-20,=0.0003,=6494.6617,=-0.0266,=8.5115,=0.8156,=4.9998,=6.1944,=7.5598,=8.4349,=10.9286,=0.8245,=0.3502,=0.5725,=0.7140,=0.8719,=1.0796,=1.4919,=1.3812,=0.8866,=0.6098,=0.7993,=1.0649,=1.3174,=1.6963,=0.0235,=0.0916,=0.0239,=0.0441,=992
="000015",红利指数,2005-01-04,=0.0101,=3173.2000,=0.0446,=8.5717,=0.9154,=4.6646,=5.5108,=7.0874,=8.0264,=10.4439,=0.8121,=0.5755,=0.5525,=0.6398,=0.7658,=1.0179,=1.3875,=1.4426,=0.9125,=0.7277,=0.8913,=1.1323,=1.3301,=1.6890,=0.0233,=0.0885,=0.0212,=0.0416,=14172
="HSSCHYS",恒生港股通红利优选指数,2023-06-01,=0.0068,=5236.9000,=0.1276,=8.6141,=0.9303,=4.2457,=4.7157,=5.7711,=7.6559,=9.0746,=0.7730,=0.9016,=0.4429,=0.4983,=0.5813,=0.7364,=0.8283,=1.0932,=0.9208,=0.6036,=0.6735,=0.8739,=1.0328,=1.1508,,,,=0.0519,=84
="000063",上证周期,2010-02-03,=0.0036,=3620.5400,=-0.1077,=8.6298,=0.5153,=5.4761,=7.1362,=8.5857,=9.4385,=12.4946,=0.8817,=0.3078,=0.6668,=0.8368,=0.9623,=1.1068,=1.4831,=1.5349,=0.8989,=0.8113,=1.0636,=1.2493,=1.4406,=1.7571,=0.0245,=0.0975,=0.0256,=0.0384,=207
="931479",证券保险,2020-05-06,=0.0102,=885.8962,=-0.1664,=8.7543,=0.0020,=8.6811,=11.8981,=13.5022,=15.5366,=21.1012,=1.1680,=0.1444,=1.0296,=1.2289,=1.3809,=1.5719,=2.2844,=1.5922,=0.6294,=1.0318,=1.2719,=1.4542,=1.7902,=2.2879,=0.0256,=0.1317,=0.0302,=0.0306,=30
="000824",国企红利,2012-07-20,=0.0088,=2149.3887,=0.0133,=8.7916,=0.8886,=4.8847,=5.9406,=7.3384,=8.3989,=10.7823,=0.8363,=0.5120,=0.5610,=0.6880,=0.8276,=1.0592,=1.4469,=1.2794,=0.8321,=0.5370,=0.7016,=0.9865,=1.2489,=1.6834,=0.0232,=0.0892,=0.0226,=0.0427,=939
="931644",800红利,2024-03-15,,,=0.0095,=8.8273,=0.6477,=6.4729,=7.3133,=8.2338,=9.0597,=9.4757,=0.8501,=0.4167,=0.7001,=0.7705,=0.8600,=0.9078,=0.9431,=1.2909,=0.8030,=0.8423,=0.9257,=1.1230,=1.2896,=1.3602,=0.0236,=0.0906,=0.0231,=0.0439,=30
="930955",红利低波100,2017-05-26,=0.0031,=11668.5930,=-0.0104,=8.8547,=0.8340,=5.0805,=6.0676,=7.4083,=8.6001,=11.5013,=0.8644,=0.5860,=0.5792,=0.6659,=0.8262,=0.9910,=1.3722,=1.3366,=0.7946,=0.5888,=0.7771,=0.9889,=1.3536,=1.7525,=0.0234,=0.0928,=0.0257,=0.0455,=2114
="399373",大盘价值,2010-01-04,=0.0012,=7918.3800,=-0.0764,=8.8577,=0.6749,=5.4746,=6.8623,=8.3522,=9.1146,=11.9914,=0.8838,=0.3853,=0.6410,=0.8033,=0.9459,=1.1408,=1.5001,=1.1312,=0.7809,=0.5920,=0.7817,=0.9281,=1.1419,=1.4541,=0.0236,=0.0939,=0.0248,=0.0431,=326
="930740",300红利LV,2018-12-04,=-0.0041,=7013.8150,=-0.0217,=8.8915,=0.8451,=5.4153,=6.8254,=7.5122,=8.6405,=9.6903,=0.8853,=0.5852,=0.6159,=0.7712,=0.8566,=0.9463,=1.0604,=1.3551,=0.7052,=0.6725,=0.8555,=1.0765,=1.5030,=1.9253,=0.0239,=0.0932,=0.0223,=0.0434,=617
="000919",300价值,2008-01-21,=0.0021,=4983.9945,=-0.0629,=8.9132,=0.6877,=5.9577,=7.3283,=8.4461,=9.2438,=12.2376,=0.8754,=0.2785,=0.6917,=0.8497,=0.9407,=1.1480,=1.5388,=1.0900,=0.7669,=0.6314,=0.7861,=0.9060,=1.1062,=1.3421,=0.0228,=0.0921,=0.0242,=0.0408,=4316
="H30035",300非银,2012-12-21,=0.0098,=9217.2181,=-0.1735,=8.9681,=0.0004,=8.8992,=13.0028,=15.1699,=19.3628,=26.3489,=1.1878,=0.0809,=1.0544,=1.3160,=1.6295,=2.0481,=2.4387,=1.6247,=0.4323,=1.0410,=1.4185,=1.7216,=1.9729,=2.3917,=0.0253,=0.1294,=0.0297,=0.0298,=1201
="000825",央企红利,2012-07-20,=0.0008,=3459.2769,=0.0017,=9.1337,=0.9365,=4.7369,=6.0940,=7.3069,=8.3691,=10.5687,=0.8718,=0.5264,=0.5507,=0.6915,=0.8600,=0.9983,=1.3929,=1.2153,=0.7970,=0.6009,=0.8548,=1.0621,=1.2164,=1.7357,=0.0224,=0.0902,=0.0228,=0.0421,=336
="931848",800红利低波,2024-05-21,=0.0044,=3190.9066,=0.0081,=9.2252,=0.5988,=7.4155,=8.2048,=9.0719,=9.4817,=9.7854,=0.9107,=0.4053,=0.7315,=0.8593,=0.9203,=0.9706,=1.0024,=1.3402,=0.4691,=1.1714,=1.2323,=1.3479,=1.3826,=1.5428,=0.0237,=0.0929,=0.0230,=0.0427,=143
="000968",300周期,2010-05-28,,,=-0.0897,=9.3392,=0.5495,=6.1174,=7.8172,=9.1551,=10.2896,=13.3562,=0.9180,=0.3148,=0.7021,=0.8484,=1.0063,=1.1784,=1.5550,=1.5429,=0.8589,=0.8459,=1.0834,=1.2643,=1.4855,=1.8297,=0.0243,=0.0922,=0.0244,=0.0362,=98
="399966",800证保,2012-12-21,=0.0096,=5574.4800,=-0.1570,=9.4761,=0.0012,=9.3992,=13.7103,=15.9954,=19.7375,=27.1945,=1.1998,=0.0891,=1.0619,=1.3148,=1.6120,=2.0408,=2.4366,=1.7616,=0.4802,=1.1634,=1.5249,=1.7825,=2.0457,=2.5211,=0.0247,=0.1256,=0.0286,=0.0285,=173
="H30588",中证证保,2015-02-02,=0.0096,=946.7027,=-0.1569,=9.4811,=0.0012,=9.4040,=13.6588,=16.0886,=19.5891,=27.6808,=1.1986,=0.0817,=1.0752,=1.3156,=1.6197,=2.0366,=2.4238,=1.7646,=0.4996,=1.1673,=1.5178,=1.7651,=2.0128,=2.5500,=0.0246,=0.1254,=0.0286,=0.0285,=467
="HSCCI",恒生香港中资企业指数,1997-06-16,=0.0010,=4438.3000,=0.1053,=9.5592,=0.6354,=4.8859,=6.8732,=8.8788,=11.8999,=16.1208,=0.9047,=0.5814,=0.5567,=0.7305,=0.8674,=1.1734,=1.3660,=1.0285,=0.5790,=0.5555,=0.7807,=0.9884,=1.3586,=1.5178,,=0.0951,,=0.0523,=32
="HSML25",恒生中国(香港上市)30指数,2003-01-20,=0.0092,=8949.6300,=-0.0542,=9.5631,=0.6184,=5.7712,=7.9303,=9.0483,=10.2875,=13.0207,=1.0507,=0.4162,=0.7256,=0.9433,=1.0793,=1.2096,=1.5098,=1.6990,=0.7743,=0.9123,=1.1504,=1.4135,=1.7361,=2.4187,,=0.1047,,=0.0342,=268
="399805",互联金融,2015-02-10,=0.0050,=3234.2600,=-0.1597,=9.5753,=0.1729,=7.5943,=9.7735,=11.4561,=13.1628,=16.5816,=0.9703,=0.1110,=0.7644,=1.0471,=1.4221,=1.7274,=2.0317,=1.7918,=0.8012,=1.1667,=1.4082,=1.6143,=1.7899,=2.2175,=0.0238,=0.0940,=0.0248,=0.0342,=327
="932305",智选高股息,2024-09-30,=0.0044,=12079.4348,=0.0824,=9.5970,=0.8582,=7.0143,=7.4806,=8.3337,=9.3781,=10.9391,=1.0547,=0.5418,=0.8750,=0.9230,=1.0516,=1.0858,=1.1675,=0.5296,=0.0025,=0.5285,=0.7290,=0.7902,=1.2761,=1.3342,=0.0253,=0.1000,=0.0324,=0.0591,=299
="H30356",800价值,2014-06-09,=0.0035,=6319.7725,=-0.0491,=9.6431,=0.6876,=6.4024,=7.6945,=9.0440,=9.9543,=13.4784,=0.9380,=0.3861,=0.7030,=0.8626,=0.9884,=1.1724,=1.6287,=1.0708,=0.7854,=0.5868,=0.7379,=0.8824,=1.0831,=1.3738,=0.0232,=0.0908,=0.0237,=0.0387,=33
="932422",A500红利低波,2025-04-09,=-0.0020,=2999.9863,=-0.0332,=9.7022,=0.0295,=9.5190,=9.8757,=10.0923,=10.2421,=10.5846,=0.9804,=0,=0.9804,=1.0272,=1.0429,=1.0570,=1.0978,=1.2606,=0.0148,=1.2431,=1.3051,=1.4283,=1.4729,=1.5336,=0.0241,=0.0948,,=0.0427,=310
="930723",沪港深F100,2015-08-05,=-0.0010,=4989.8105,=-0.0201,=9.8566,=0.6894,=5.4557,=7.5706,=9.0212,=10.1686,=13.1279,=0.9704,=0.4270,=0.6469,=0.8476,=1.0097,=1.1160,=1.4626,=1.2760,=0.7784,=0.6039,=0.8632,=1.0785,=1.2881,=1.6654,,=0.0918,,=0.0387,=150
="HSCESI",恒生中国企业精明指数,2015-06-08,=0,=12330.2300,=-0.0400,=9.8676,=0.7758,=6.0524,=7.8966,=8.6439,=10.0563,=15.8114,=1.0398,=0.5927,=0.6924,=0.8944,=1.0054,=1.1579,=1.7191,=1.3867,=0.7596,=0.8034,=0.9980,=1.0878,=1.4384,=2.0876,,=0.1048,,=0.0342,=92
="HSCEI",恒生中国企业指数,1994-08-08,=0.0089,=8550.8700,=-0.0407,=9.9031,=0.7792,=6.0524,=7.9016,=8.6528,=10.0777,=15.8114,=1.0431,=0.5958,=0.6924,=0.8941,=1.0062,=1.1595,=1.7191,=1.3907,=0.7609,=0.7912,=0.9981,=1.0879,=1.4420,=2.0876,,=0.1048,,=0.0341,=4751
="931069",中金300,2018-02-14,=0.0024,=4762.7791,=-0.0483,=9.9093,=0.6717,=5.9518,=7.5441,=9.2852,=10.5012,=13.6164,=1.0252,=0.4038,=0.7377,=0.9213,=1.0929,=1.3551,=1.8328,=1.3282,=0.8001,=0.6656,=0.8650,=1.1140,=1.3282,=1.7542,=0.0231,=0.0958,=0.0284,=0.0385,=91
="000925",基本面50,2009-02-26,=0.0021,=4232.6226,=-0.0835,=9.9169,=0.7405,=6.2635,=7.9688,=9.1002,=10.0926,=12.7955,=0.9566,=0.3098,=0.7306,=0.9013,=1.0568,=1.1921,=1.5728,=1.0563,=0.6811,=0.6037,=0.7864,=0.9667,=1.1046,=1.4866,=0.0227,=0.0882,=0.0241,=0.0387,=4548
="000042",上证央企,2009-03-30,=0.0117,=1749.9800,=-0.0339,=9.9507,=0.7566,=6.3284,=7.8863,=9.1701,=10.0542,=12.9577,=0.9674,=0.4377,=0.7230,=0.8871,=0.9874,=1.1137,=1.4812,=1.2887,=0.9559,=0.6569,=0.8569,=0.9776,=1.1355,=1.3891,=0.0224,=0.0920,=0.0234,=0.0367,=385
="932431",300质量,2025-03-18,=-0.0035,=1950.1630,=-0.0470,=9.9888,=0.2222,=9.4685,=9.9795,=10.1430,=10.3206,=10.6435,=1.0694,=0,=1.0694,=1.1098,=1.1300,=1.1454,=1.1853,=2.1261,=0.1076,=2.0194,=2.1546,=2.2027,=2.2448,=2.3259,=0.0253,=0.1012,=0.0271,=0.0367,=9
="931375",300质量低波,2019-11-25,=0.0023,=16239.9512,=-0.0423,=10.0127,=0.3912,=6.4946,=8.1552,=11.4081,=13.5676,=22.0532,=1.2549,=0.3950,=0.8054,=1.0802,=1.5606,=2.0739,=3.3245,=1.7499,=0.5776,=1.0044,=1.3239,=1.6677,=2.0934,=2.5370,=0.0279,=0.1211,=0.0298,=0.0322,=111
="399550",央视50,2012-06-06,=0.0054,=8542.4200,=0.0557,=10.0145,=0.7500,=6.8960,=8.2790,=9.2958,=10.1522,=13.0561,=0.9904,=0.1349,=0.8649,=1.0155,=1.2379,=1.4261,=1.8564,=2.0804,=0.8321,=1.3448,=1.6559,=1.8097,=2.0475,=2.5217,=0.0237,=0.0945,=0.0248,=0.0396,=2271
="950090",50AH优选,2015-12-10,=0.0066,=6202.4184,=0.0030,=10.1067,=0.8670,=6.3188,=7.9111,=8.6478,=9.8234,=13.5010,=1.0573,=0.5851,=0.7914,=0.9494,=1.0279,=1.1240,=1.5403,=1.3668,=0.9584,=0.6574,=0.8480,=0.9510,=1.0605,=1.4553,,=0.1007,,=0.0360,=1997
="000056",上证国企,2010-01-04,=0.0052,=1220.0800,=-0.0219,=10.1271,=0.6370,=7.2538,=8.8792,=9.7163,=10.7955,=13.3187,=1.1164,=0.4790,=0.8518,=1.0314,=1.1226,=1.2162,=1.5455,=1.6485,=0.9385,=0.7909,=0.9986,=1.1111,=1.2329,=1.7805,=0.0264,=0.1060,=0.0271,=0.0372,=198
="930709",香港证券,2015-07-13,=-0.0118,=1268.4542,=-0.1020,=10.1469,=0.1882,=6.3679,=10.2437,=12.8133,=14.8886,=24.4010,=0.9332,=0.4381,=0.5308,=0.7588,=0.9663,=1.2555,=1.6136,=3.9007,=0.7379,=1.7834,=2.5970,=3.1591,=4.1596,=5.9903,,=0.0828,,=0.0354,=506
="000859",国企一带一路,2019-05-16,=0.0020,=1946.7619,=0.0688,=10.1550,=0.0752,=9.4709,=10.6703,=12.5410,=14.5153,=21.0714,=0.9763,=0,=0.9763,=1.1847,=1.4436,=1.7802,=2.1877,=1.1067,=0.9548,=0.4715,=0.5602,=0.7381,=0.8262,=1.1782,=0.0234,=0.0898,=0.0201,=0.0358,=263
="932153",港股通价值策略,2025-04-30,=0.0089,=1136.4436,=0.0815,=10.1667,=0.5326,=8.1696,=9.7312,=10.1389,=10.4029,=10.9237,=0.8800,=0.4598,=0.7012,=0.8395,=0.8824,=0.9027,=0.9365,=1.0428,=0.5402,=0.8168,=0.9725,=1.0348,=1.0649,=1.1126,,=0.0812,,=0.0409,=9
="000806",消费服务,2012-02-10,=0.0087,=7917.5585,=-0.0600,=10.1923,=0.2702,=8.9489,=10.0295,=10.8070,=11.8704,=17.0971,=1.0722,=0.0375,=1.0009,=1.1986,=1.3534,=1.5460,=2.0145,=2.1576,=0.5520,=1.6526,=1.9465,=2.1216,=2.3803,=3.0032,=0.0246,=0.1002,=0.0266,=0.0364,=422
="931373",股息龙头,2019-11-15,,,=-0.0456,=10.2389,=0.8707,=5.4295,=6.8817,=8.2847,=9.5333,=11.4004,=1.0944,=0.6952,=0.6697,=0.8475,=1.0099,=1.1268,=1.2586,=1.4985,=0.9043,=0.5706,=0.8130,=0.9851,=1.3795,=1.6262,=0.0258,=0.1004,=0.0264,=0.0406,=326
="399371",国证价值,2010-01-04,=0.0034,=7076.5000,=-0.0176,=10.2748,=0.7781,=6.4728,=7.8356,=9.0962,=10.4280,=13.0475,=0.9834,=0.4344,=0.7249,=0.8967,=1.0099,=1.2365,=1.5675,=1.0677,=0.7595,=0.5764,=0.7536,=0.8692,=1.0978,=1.3812,=0.0233,=0.0892,=0.0237,=0.0386,=133
="000021",180治理,2008-09-10,=0.0028,=1033.8300,=-0.0500,=10.3113,=0.7149,=6.3364,=8.4357,=9.7077,=10.5850,=13.6109,=1.0799,=0.4150,=0.7542,=0.9755,=1.0983,=1.2187,=1.5847,=1.4138,=0.9575,=0.6625,=0.8519,=0.9540,=1.1426,=1.4979,=0.0243,=0.0995,=0.0258,=0.0379,=164
="931722",国新港股通央企红利,2023-09-13,=0.0015,=1449.5454,=0.1000,=10.3218,=0.9182,=5.5040,=6.6780,=7.6503,=9.3989,=10.8173,=0.9370,=0.8773,=0.6213,=0.7276,=0.8207,=0.9081,=1.0298,=0.6430,=0.8985,=0.3100,=0.3811,=0.4691,=0.6074,=0.6918,,=0.0875,,=0.0492,=347
="930931",港股通50,2017-01-16,=0.0092,=3915.3703,=0.0095,=10.4295,=0.6031,=6.5385,=8.6980,=9.7931,=11.3872,=15.8907,=1.0881,=0.4703,=0.7428,=0.9452,=1.0981,=1.1831,=1.6058,=1.8863,=0.7746,=1.1204,=1.4683,=1.7046,=1.9142,=2.6369,,=0.0979,,=0.0341,=291
="930846",300SNLV,2016-06-24,,,=0.0341,=10.4526,=0.6532,=7.7900,=9.2043,=10.0795,=10.7440,=12.6275,=1.0255,=0.1534,=0.8340,=1.0374,=1.0957,=1.2278,=1.5027,=1.4766,=0.9023,=0.7711,=0.9521,=1.1578,=1.3264,=1.6864,=0.0237,=0.0917,=0.0233,=0.0389,=149
="000048",责任指数,2009-08-05,=0.0005,=1341.8500,=-0.0906,=10.4769,=0.4798,=7.8628,=9.5548,=10.5400,=11.7735,=14.1982,=1.1112,=0.1374,=0.9056,=1.1424,=1.2999,=1.4408,=1.7866,=0.9256,=0.8119,=0.5718,=0.6942,=0.7990,=0.9203,=1.0691,=0.0224,=0.0991,=0.0247,=0.0395,=127
="399995",基建工程,2015-03-12,=0.0060,=3908.9900,=0.0006,=10.5366,=0.7752,=5.8673,=7.3439,=8.2791,=11.2567,=18.8590,=0.6716,=0.0260,=0.5815,=0.7279,=0.9004,=1.3742,=2.1834,=0.1923,=0.3610,=0.1368,=0.1788,=0.2046,=0.3464,=0.5478,=0.0129,=0.0543,=0.0158,=0.0261,=2691
="930957",港股通中国100,2017-06-23,=0.0065,=3626.6345,=-0.0420,=10.5625,=0.7518,=5.4625,=7.5941,=8.9124,=10.8193,=13.3106,=1.1259,=0.6173,=0.6571,=0.8615,=1.0712,=1.2009,=1.5222,=1.4481,=0.8632,=0.6789,=0.9632,=1.1251,=1.3593,=1.6609,,=0.1015,,=0.0338,=14
="931052",国信价值,2017-12-08,=-0.0044,=3619.5687,=0.0487,=10.7059,=0.9873,=5.3831,=6.5941,=7.4044,=8.7420,=10.9755,=1.3546,=0.9292,=0.7343,=0.9119,=1.0296,=1.1552,=1.5208,=1.7460,=0.9478,=0.6105,=0.9399,=1.2248,=1.4513,=2.0196,=0.0310,=0.1267,=0.0326,=0.0380,=558
="930608",中证基建,2015-03-31,=0.0076,=8018.9163,=-0.0551,=10.7806,=0.5466,=6.6667,=8.6208,=10.5101,=14.4676,=25.2863,=0.7361,=0.0243,=0.6550,=0.8174,=1.1103,=1.4957,=2.2134,=0.2251,=0.2116,=0.1701,=0.2221,=0.3380,=0.4870,=0.7101,=0.0141,=0.0583,=0.0170,=0.0281,=652
="HSLI",恒生综合大型股指数,2001-10-03,=0.0080,=2351.1900,=-0.0235,=10.8162,=0.5729,=6.9327,=9.1051,=10.4837,=11.7507,=17.6478,=1.1000,=0.4592,=0.7133,=0.9431,=1.1159,=1.2415,=1.6032,=1.5249,=0.6476,=0.8297,=1.1856,=1.4228,=1.6322,=2.0023,,,,=0.0346,=100
="980081",价值100,2012-12-28,,,=0.0319,=10.8828,=0.8696,=7.7317,=8.3221,=8.5975,=9.8621,=11.5920,=1.1832,=0.8435,=0.8413,=0.8845,=0.9204,=1.1092,=1.3448,=1.1196,=0.8696,=0.7580,=0.8049,=0.8702,=1.0412,=1.2118,=0.0275,=0.0995,=0.0251,=0.0454,=349
="930839",港股通高息精选,2016-06-08,=-0.0011,=3517.5526,=0.0200,=10.9017,=0.6441,=4.9918,=7.1250,=9.3447,=13.2500,=31.7979,=1.4316,=0.7591,=0.7294,=0.9281,=1.0728,=1.5794,=4.8768,=1.2283,=0.4794,=0.3418,=0.5598,=1.2487,=1.9157,=6.3245,,=0.1433,,=0.0493,=369
="000901",小康指数,2010-04-02,=0.0011,=6080.1200,=-0.0415,=10.9171,=0.4777,=8.5492,=9.9918,=10.9877,=12.5401,=15.5671,=1.0106,=0.0128,=0.9844,=1.0871,=1.2461,=1.4333,=1.7818,=1.0342,=0.7087,=0.7500,=0.8904,=0.9678,=1.0556,=1.2662,=0.0231,=0.0878,=0.0238,=0.0342,=250
="HSAHP",恒生沪深港通AH股溢价指数,2007-07-09,=0.0040,=118.7800,=-0.0379,=10.9796,=0.9276,=5.5550,=7.1430,=8.3285,=9.6520,=12.3156,=1.0716,=0.7912,=0.6208,=0.7734,=0.9225,=1.0804,=1.3863,=1.2528,=0.9237,=0.5653,=0.7668,=0.9027,=1.0737,=1.3750,,=0.0958,,=0.0324,=347
="399812",养老产业,2014-06-06,=-0.0009,=5433.5500,=-0.1418,=11.1220,=0.0004,=11.1124,=18.0975,=20.4928,=25.3954,=31.4367,=1.6507,=0.0004,=1.6488,=2.0681,=2.8115,=3.2414,=4.2954,=1.3778,=0.0705,=1.2170,=1.4653,=1.6759,=1.8719,=2.5548,=0.0294,=0.1459,=0.0345,=0.0284,=6222
="000016",上证50,2004-01-02,=0.0155,=2968.7000,=-0.0206,=11.3621,=0.7508,=8.3126,=9.6211,=10.4366,=11.5466,=15.1108,=1.1993,=0.2979,=1.0245,=1.1655,=1.2377,=1.3330,=1.6482,=1.5387,=0.9356,=0.8665,=1.0160,=1.1248,=1.2753,=1.6440,=0.0249,=0.1007,=0.0262,=0.0323,=23445
="000052",50基本,2012-01-09,=0.0023,=2715.5500,=-0.1019,=11.3621,=0.7508,=8.3126,=9.6241,=10.4374,=11.5466,=15.1108,=1.1993,=0.2991,=1.0245,=1.1655,=1.2377,=1.3328,=1.6471,=1.5387,=0.9356,=0.8665,=1.0160,=1.1248,=1.2753,=1.6440,=0.0249,=0.1007,=0.0262,=0.0323,=25
="932457",港股通现金流,2025-02-28,,,=0.0485,=11.4092,=0.7763,=7.5325,=8.8808,=10.1117,=11.4406,=12.3320,=1.1343,=0.1414,=1.0440,=1.1494,=1.2065,=1.3366,=1.5343,=0.9339,=0.2763,=0.7966,=0.9120,=0.9654,=1.2227,=1.4545,,=0.0990,,=0.0429,=38
="932450",香港现金流,2025-02-28,,,=-0.0848,=11.4139,=0.9507,=6.6300,=8.0795,=9.8134,=10.3651,=12.1695,=0.7924,=0.0033,=0.7918,=0.8605,=1.1859,=1.2884,=1.5038,=0.4894,=0.0033,=0.4891,=0.5292,=0.9099,=1.0532,=1.2561,,=0.0828,,=0.0438,=9
="HSLMI",恒生综合大中型股指数,2015-06-08,=0.0087,=4031.9600,=-0.0225,=11.6280,=0.6829,=7.0073,=9.2866,=10.5327,=12.3431,=17.7261,=1.1312,=0.5863,=0.6929,=0.9062,=1.0941,=1.2279,=1.5417,=1.3598,=0.7844,=0.6858,=0.9754,=1.1702,=1.3709,=1.6465,,,,=0.0332,=87
="932255",A500红利增长,2025-04-09,,,=-0.0090,=11.6386,=0.7122,=9.2509,=10.3477,=10.9180,=11.8429,=12.2754,=1.3088,=0.5720,=1.0684,=1.2317,=1.2997,=1.3715,=1.4369,=1.9153,=0.6494,=1.3292,=1.6730,=1.7845,=1.9675,=2.0549,=0.0280,=0.1066,,=0.0339,=32
="000043",超大盘,2009-04-23,=0.0175,=2623.1600,=0.0025,=11.6766,=0.6246,=7.5271,=9.4626,=10.9275,=13.3459,=17.2195,=1.3166,=0.3618,=0.9803,=1.2132,=1.3548,=1.5050,=1.9858,=2.1843,=0.9629,=0.6740,=0.8551,=1.2345,=1.5148,=2.3305,=0.0268,=0.1053,=0.0277,=0.0328,=161
="HSISC",恒指港股通指数,2024-03-01,=0.0088,=3496.4500,=-0.0001,=11.7334,=0.7096,=7.5992,=8.6124,=10.0990,=11.9274,=12.8475,=1.2495,=0.7684,=0.8411,=0.9156,=1.1272,=1.2575,=1.3442,=1.5987,=0.7390,=0.9830,=1.1376,=1.3956,=1.6148,=1.7320,,,,=0.0332,=49
="HSI",恒生指数,1989-03-09,=0.0086,=25606.0300,=-0.0010,=11.9000,=0.7385,=6.9462,=9.2221,=10.2776,=12.2365,=16.9606,=1.2577,=0.7776,=0.7519,=0.9710,=1.1226,=1.2658,=1.5570,=1.5533,=0.6490,=0.8141,=1.1481,=1.4300,=1.6542,=2.0895,,,,=0.0328,=13465
="931476",ESG 120策略,2020-04-30,=0.0147,=1500.6491,=0.0763,=11.9183,=0.8412,=7.8289,=9.6300,=10.5896,=11.7811,=13.2171,=1.3066,=0.6435,=1.0061,=1.1756,=1.2500,=1.3669,=1.7130,=1.5777,=0.9611,=0.7906,=1.0585,=1.1462,=1.3351,=1.6137,=0.0265,=0.1050,=0.0271,=0.0314,=47
="000010",上证180,2002-07-01,=0.0150,=10306.5500,=0.0290,=12.1304,=0.8020,=8.4900,=9.9408,=10.9733,=12.1220,=14.6942,=1.2115,=0.3762,=0.9930,=1.1498,=1.2655,=1.3646,=1.6698,=1.4336,=0.9476,=0.8990,=1.0652,=1.1800,=1.3025,=1.4916,=0.0240,=0.0943,=0.0246,=0.0309,=2494
="1000010",上海B股,1994-01-10,,,,=12.1889,=0.1489,=6.8464,=13.0811,=19.2772,=37.2537,=68.1787,=0.9076,=0.1881,=0.7158,=0.9130,=1.0168,=1.2503,=1.7346,=0.6917,=0.6918,=0.3163,=0.4060,=0.5564,=0.7428,=1.2119,,,=0.0164,=0.0427,=128
="399313",巨潮100,2005-02-03,=0.0165,=5520.1600,=0.0134,=12.3469,=0.7962,=8.9278,=10.3357,=11.0716,=12.3595,=16.6101,=1.2941,=0.3436,=1.0718,=1.2391,=1.3353,=1.4929,=1.8501,=1.5856,=0.9546,=0.9844,=1.1479,=1.2619,=1.4296,=1.6915,=0.0250,=0.0999,=0.0255,=0.0297,=208
="931395",沪港深300,2020-01-14,=0.0125,=1774.4084,=0.0291,=12.3878,=0.7486,=8.3275,=10.0194,=10.8360,=12.5588,=16.6490,=1.2678,=0.5781,=0.9663,=1.1020,=1.2157,=1.3716,=1.7241,=1.5956,=0.8202,=0.9881,=1.1716,=1.3169,=1.5815,=1.8801,,=0.0964,,=0.0307,=502
="HSCAIT",恒生A股行业龙头指数,2009-09-21,=0.0066,=5576.3600,=-0.0322,=12.4100,=0.9011,=8.2192,=9.7761,=10.4527,=11.7812,=14.1027,=1.3044,=0.6485,=1.0288,=1.1836,=1.2623,=1.3564,=1.6997,=1.3432,=0.9415,=0.8424,=0.9729,=1.0493,=1.2096,=1.4109,=0.0256,=0.1023,=0.0256,=0.0342,=493
="931586",300价值稳健,2020-11-09,=0.0016,=7386.5219,=-0.0323,=12.5483,=0.7614,=8.1741,=9.6632,=11.1007,=12.7424,=15.0111,=1.4183,=0.6622,=0.9699,=1.1914,=1.3277,=1.5199,=1.6570,=1.4196,=0.8486,=0.7359,=0.8633,=0.9822,=1.0847,=1.5639,=0.0264,=0.1070,=0.0304,=0.0363,=41
="932039",央企股东回报,2022-11-16,=0.0046,=1673.8633,=0.0548,=12.8743,=0.9328,=8.0198,=9.6526,=10.9131,=11.9222,=13.8005,=1.2195,=0.8715,=0.8847,=1.0024,=1.1026,=1.1716,=1.4098,=0.8086,=0.9316,=0.3642,=0.4240,=0.5256,=0.6642,=0.8821,=0.0235,=0.0905,=0.0215,=0.0409,=128
="399807",高铁产业,2015-01-20,=-0.0066,=1179.1200,=-0.0508,=12.9278,=0.5297,=9.4881,=11.2215,=12.8399,=15.7712,=24.3532,=0.7987,=0.0004,=0.7927,=0.9214,=1.0366,=1.5313,=2.3973,=0.4134,=0.4344,=0.3063,=0.3761,=0.4237,=0.4819,=0.6435,=0.0121,=0.0541,=0.0137,=0.0293,=590
="930629",CSSW健康,2015-05-08,=0,=5455.1990,=-0.0473,=13.0302,=0.0017,=12.7079,=18.2109,=21.9361,=38.8610,=49.9253,=1.8403,=0.0091,=1.7767,=2.1798,=3.0916,=4.6323,=6.2998,=1.6199,=0.2698,=1.2755,=1.5585,=1.9377,=4.7309,=7.2978,=0.0270,=0.1388,=0.0324,=0.0235,=269
="931468",红利质量,2020-05-21,=-0.0023,=34226.9805,=0.0863,=13.1384,=0.0007,=13.0933,=16.1307,=18.9169,=22.0966,=36.4689,=2.2245,=0,=2.2245,=2.8813,=3.7883,=4.7312,=8.5636,=2.2192,=0.1223,=1.9811,=2.3511,=2.9388,=3.9645,=5.8829,=0.0381,=0.1637,=0.0476,=0.0312,=1119
="931412",证券公司30,2020-02-20,=0.0098,=1403.3213,=-0.1370,=13.2261,=0.0046,=12.7557,=16.3802,=18.6074,=22.7585,=36.9291,=1.2109,=0.1061,=1.0327,=1.2689,=1.4491,=1.7024,=2.4365,=5.3165,=0.3590,=3.9462,=5.0225,=5.5644,=6.7296,=9.6353,=0.0228,=0.0861,=0.0218,=0.0229,=21
="000044",上证中盘,2009-07-03,=0.0132,=4812.4000,=0.0546,=13.2852,=0.5945,=8.6509,=10.4793,=12.5309,=14.6389,=18.7575,=1.2276,=0.3993,=0.9210,=1.0900,=1.2868,=1.6557,=1.9734,=1.3180,=0.6394,=0.9382,=1.1499,=1.2496,=1.4304,=1.7773,=0.0229,=0.0859,=0.0223,=0.0291,=93
="1000015",港股全指,2000-01-01,=0.0086,=25606.0300,=-0.0010,=13.2874,=0.7568,=7.5917,=10.2520,=11.2999,=13.5875,=19.1348,=1.1185,=0.6403,=0.6574,=0.8645,=1.0623,=1.1862,=1.5123,=1.2196,=0.7077,=0.6196,=0.8646,=1.0934,=1.2706,=1.5791,,,,=0.0319,=304
="931168",绿色价值100,2019-06-27,,,=0.0219,=13.3030,=0.8984,=8.4906,=9.9712,=11.3162,=12.7949,=14.6050,=1.4651,=0.9008,=1.0223,=1.1877,=1.2787,=1.4025,=1.6052,=1.5754,=0.9504,=0.9649,=1.1293,=1.2470,=1.3482,=1.6482,=0.0274,=0.1011,=0.0242,=0.0300,=10
="H30455",沪港深500,2014-11-28,=0.0088,=2699.5168,=0.0159,=13.3299,=0.8281,=8.5690,=10.3715,=11.4090,=13.1992,=16.8903,=1.3508,=0.6535,=0.9675,=1.1600,=1.2871,=1.4056,=1.7307,=1.6104,=0.9293,=0.9518,=1.1783,=1.3136,=1.5001,=1.7787,,=0.0953,,=0.0291,=524
="930949",价值回报,2017-02-24,,,=-0.0013,=13.5151,=0.8952,=5.5354,=8.0839,=9.9958,=12.1793,=17.5400,=2.1117,=0.7633,=1.2865,=1.4734,=1.7380,=2.1729,=3.1701,=1.4498,=0.9724,=0.5488,=0.7115,=0.8698,=1.2549,=1.7276,=0.0290,=0.1096,=0.0305,=0.0356,=30
="931397",A股通50,2020-02-20,,,=0.0487,=13.5519,=0.5963,=8.9450,=10.5551,=12.8364,=21.6847,=29.8209,=1.6556,=0.4650,=1.1048,=1.2766,=1.7338,=3.5883,=4.6955,=1.9798,=0.6029,=1.0496,=1.2825,=1.8758,=2.9169,=3.9597,=0.0296,=0.1069,=0.0278,=0.0283,=8
="399437",证券龙头,2014-12-30,=0.0085,=5888.5800,=-0.1355,=13.5989,=0.0157,=12.1434,=17.3662,=20.0004,=25.0411,=43.0253,=1.2322,=0.0878,=1.0547,=1.3003,=1.5414,=1.8364,=2.3633,=5.4163,=0.2470,=3.9970,=5.3085,=6.2024,=7.2524,=9.5068,=0.0223,=0.0851,=0.0215,=0.0224,=694
="399314",巨潮大盘,2005-02-03,=0.0163,=5325.2700,=0.0404,=13.8088,=0.8767,=9.6620,=11.1121,=12.0289,=13.4625,=17.5384,=1.3880,=0.4179,=1.0976,=1.2830,=1.4166,=1.5848,=1.9279,=1.5557,=0.9245,=0.9932,=1.1678,=1.3047,=1.4575,=1.8124,=0.0244,=0.0938,=0.0251,=0.0283,=16
="000028",180成长,2009-01-09,=0.0174,=4092,=0.0457,=13.8283,=0.4323,=9.5268,=12.0568,=14.4844,=18.2344,=25.1474,=1.8611,=0.2178,=1.5063,=1.8419,=2.6890,=3.1694,=5.1089,=1.9697,=0.8882,=1.1581,=1.4568,=1.6170,=1.8579,=2.3971,=0.0333,=0.1358,=0.0227,=0.0246,=193
="931155",300质量成长,2019-04-22,,,=0.1061,=13.8478,=0.5451,=7.3805,=10.7801,=13.5903,=15.3090,=31.0699,=2.0329,=0.3780,=1.1055,=1.6626,=2.2707,=2.8365,=5.3844,=2.5418,=0.7653,=1.3218,=1.7710,=2.1588,=2.6070,=3.8395,=0.0331,=0.1462,=0.0366,=0.0219,=78
="931132",诚通央企红利,2023-05-04,=-0.0008,=1729.5464,=0.0658,=13.9106,=0.9242,=9.0905,=10.5613,=11.8766,=12.8486,=15.2313,=1.3029,=0.8647,=0.9482,=1.0872,=1.1825,=1.2259,=1.5338,=0.7929,=0.9134,=0.3626,=0.4243,=0.4747,=0.6112,=0.8835,=0.0249,=0.0916,=0.0215,=0.0401,=33
="000971",等权90,2010-12-02,=0.0184,=3527.2825,=0.0500,=13.9984,=0.8495,=8.9747,=10.8710,=11.8300,=13.6808,=19.4330,=1.5382,=0.6433,=1.1544,=1.3240,=1.4364,=1.6219,=2.2329,=1.7808,=0.9864,=1.0052,=1.1449,=1.2577,=1.5275,=1.8600,=0.0259,=0.1045,=0.0271,=0.0271,=9
="000908",300能源,2007-07-02,=-0.0067,=2529.7644,=0.0702,=14.1276,=0.5648,=6.9395,=9.4585,=13.2304,=22.4051,=62.7889,=1.4028,=0.9084,=0.7125,=0.8868,=1.1226,=1.2808,=1.8071,=0.8656,=0.9752,=0.3053,=0.3856,=0.5101,=0.6896,=1.0302,=0.0302,=0.1004,=0.0297,=0.0384,=268
="931802",中证龙头,2010-02-09,=0.0107,=1931.1198,=0.0472,=14.2087,=0.8453,=9.1945,=11.3107,=12.3699,=13.9854,=18.2393,=1.9235,=0.8457,=1.2788,=1.4596,=1.6564,=1.8756,=2.6625,=2.0612,=0.8626,=0.9048,=1.0734,=1.3335,=1.9815,=2.7195,=0.0324,=0.1325,=0.0308,=0.0292,=96
="931082",A500现金流,2025-07-16,,,=0.0027,=14.2550,=0.5610,=11.3087,=12.2098,=13.7744,=15.0377,=16.5522,=1.6397,=0,=1.6397,=1.7904,=1.8920,=1.9666,=2.0613,=1.2853,=0.0098,=1.2740,=1.3639,=1.4912,=1.5674,=1.6378,=0.0315,=0.1166,,=0.0388,=114
="931402",证券先锋,2020-01-14,=0.0096,=1785.0835,=-0.1440,=14.3135,=0.0046,=13.6795,=17.9330,=20.8483,=25.9112,=41.4692,=1.2355,=0.1034,=1.0487,=1.2886,=1.4688,=1.7522,=2.4715,=5.5769,=0.3234,=4.0917,=5.3101,=5.9071,=7.0913,=10.0278,=0.0214,=0.0819,=0.0203,=0.0215,=92
="931381",中证长三角,2019-11-25,=0.0078,=2081.5274,=0.0283,=14.3707,=0.8938,=9.1117,=10.6499,=11.9825,=13.8866,=16.1441,=1.3983,=0.6234,=0.9630,=1.1487,=1.3020,=1.5519,=1.8124,=1.9192,=0.9949,=0.8724,=1.0693,=1.2434,=1.5339,=1.9541,=0.0256,=0.0961,=0.0259,=0.0259,=7
="932368",800现金流,2024-12-11,=-0.0063,=5082.8389,=-0.0061,=14.3831,=0.8218,=9.9108,=10.8011,=11.6087,=13.9708,=15.6891,=1.5232,=0.1724,=1.4048,=1.5454,=1.6844,=1.8774,=2.0110,=1.2276,=0.3736,=1.0036,=1.0982,=1.3178,=1.3996,=1.5226,=0.0283,=0.1177,=0.0451,=0.0376,=224
="399975",证券公司,2013-07-15,=0.0095,=735.2900,=-0.1376,=14.4142,=0.0260,=12.2179,=18.7170,=21.4891,=26.4841,=46.0250,=1.2335,=0.0895,=1.0494,=1.3042,=1.5648,=1.8796,=2.4199,=5.5841,=0.2649,=4.0997,=5.4130,=6.3260,=7.4089,=10.0865,=0.0211,=0.0810,=0.0201,=0.0213,=9746
="932366",300现金流,2024-11-12,=-0.0049,=3388.2984,=0.0139,=14.4258,=0.6423,=12.5879,=13.4430,=14.0194,=14.9740,=16.2670,=1.5646,=0,=1.5646,=1.7517,=1.8395,=1.9008,=1.9885,=1.1797,=0.0813,=1.0861,=1.2371,=1.4038,=1.4442,=1.5124,=0.0285,=0.1163,=0.0355,=0.0397,=159
="932365",中证现金流,2024-12-11,=-0.0062,=5207.0447,=-0.0115,=14.4260,=0.8161,=10.1873,=10.9067,=11.8287,=14.2127,=15.8261,=1.5206,=0,=1.5206,=1.6886,=1.7930,=1.8878,=2.0150,=1.0974,=0.0029,=1.0912,=1.2060,=1.4145,=1.5182,=1.6205,=0.0286,=0.1155,=0.0394,=0.0376,=640
="980092",自由现金流,2012-12-28,=-0.0063,=5432.0900,=0.0083,=14.5161,=0.7990,=11.1075,=12.1436,=12.8626,=14.5161,=16.4362,=1.4933,=0.1166,=1.4157,=1.5103,=1.5940,=1.6722,=1.8134,=0.9227,=0.3325,=0.7577,=0.8746,=0.9493,=0.9830,=1.0805,=0.0285,=0.1047,=0.0263,=0.0324,=1339
="950096",上海国企,2016-05-11,=0.0114,=1425.5796,=-0.0578,=14.5810,=0.7075,=8.9055,=11.0343,=12.5691,=15.1972,=16.5992,=1.0786,=0.4233,=0.7269,=0.8713,=1.1360,=1.5200,=2.0186,=1.1975,=0.9443,=0.5842,=0.6832,=0.8499,=1.1311,=1.2890,=0.0189,=0.0761,=0.0213,=0.0215,=169
="932315",中证红利质量,2024-07-08,=-0.0074,=4360.1096,=-0.0341,=14.5996,=0.3223,=12.3916,=13.4970,=15.7035,=16.6330,=18.7206,=2.5056,=0.2605,=2.1812,=2.3581,=3.4555,=4.0059,=4.4900,=2.8055,=0.3444,=2.0136,=2.1672,=3.0105,=3.1881,=3.5388,=0.0482,=0.1829,=0.0412,=0.0387,=486
="000300",沪深300,2005-04-08,=0.0158,=4921.6000,=0.0630,=14.6381,=0.9175,=10.0799,=11.6870,=12.6081,=14.1054,=17.6279,=1.4605,=0.4777,=1.1457,=1.3350,=1.4689,=1.6202,=1.9228,=1.5840,=0.9658,=1.0330,=1.1718,=1.3042,=1.4520,=1.7482,=0.0246,=0.0934,=0.0249,=0.0269,=48545
="399439",国证油气,2014-12-30,=-0.0174,=2230.4300,=0.1582,=14.6776,=0.4868,=7.2448,=10.6844,=15.3805,=30.0067,=98.7831,=1.3893,=0.9381,=0.6716,=0.7849,=1.1409,=1.2605,=1.8382,=0.7729,=0.9719,=0.2370,=0.3183,=0.5041,=0.5959,=0.9735,=0.0300,=0.0921,=0.0283,=0.0346,=95
="931248",油气资源,2023-06-12,=-0.0188,=1148.6552,=0.2571,=14.6979,=0.8911,=8.9017,=10.1518,=11.1776,=12.9509,=19.0700,=1.3803,=0.8359,=1.0292,=1.1489,=1.2101,=1.3501,=1.8318,=0.7706,=0.8982,=0.4486,=0.5075,=0.5886,=0.6623,=0.9774,=0.0301,=0.0906,=0.0280,=0.0345,=41
="000822",500红利,2012-07-20,,,=0.0393,=14.7606,=0.7632,=7.4138,=9.6102,=11.2653,=17.4418,=26.4578,=1.2201,=0.4649,=0.8670,=1.0202,=1.2402,=1.7711,=2.2876,=0.6754,=0.5751,=0.2906,=0.3999,=0.5821,=1.2357,=1.8159,=0.0233,=0.0658,=0.0188,=0.0367,=36
="931454",港股通消费,2020-03-06,=-0.0081,=1390.0408,=-0.0972,=14.8090,=0,=14.8090,=20.7980,=27.7775,=37.2578,=64.7193,=2.4668,=0,=2.4668,=3.2154,=3.6549,=5.1411,=8.9519,=1.3375,=0,=1.3375,=1.9642,=2.3939,=3.6070,=6.6047,,=0.1670,,=0.0462,=351
="000928",中证能源,2009-07-03,=0.0037,=3342.7400,=0.1344,=14.8324,=0.6167,=6.9612,=9.7906,=13.1590,=21.9950,=68.9647,=1.4119,=0.9200,=0.7281,=0.9359,=1.1469,=1.2962,=1.8006,=0.8775,=0.9752,=0.3162,=0.4106,=0.5298,=0.6999,=1.0383,=0.0289,=0.0960,=0.0282,=0.0364,=1284
="HSCGSI",恒生消费指数,2015-08-17,=-0.0052,=2426.7300,=-0.0599,=14.9776,=0.0081,=14.2396,=17.9838,=20.3501,=46.8247,=191.0166,=2.4843,=0.4174,=1.6557,=2.1351,=2.5821,=3.0631,=4.3429,=1.3585,=0.3053,=0.9965,=1.2473,=1.5539,=1.8501,=2.9413,,,,=0.0450,=812
="930758",凤凰50,2018-11-21,=0.0077,=8733.7272,=0.0964,=14.9865,=0.6813,=8.6050,=10.7999,=13.4528,=15.7616,=22.7753,=1.7304,=0.5581,=1.0496,=1.4300,=1.6521,=2.0863,=3.0708,=2.0606,=0.8971,=0.3622,=0.7516,=1.3111,=1.8840,=3.4064,=0.0281,=0.1135,=0.0262,=0.0298,=62
="980028",龙头家电,2015-02-16,=-0.0070,=12556.1600,=-0.0025,=15.2112,=0.6196,=11.8600,=13.7097,=14.6104,=18.7411,=31.1013,=2.5670,=0.0941,=2.3382,=2.6698,=2.9164,=3.6912,=5.1202,=1.3953,=0.7046,=0.9787,=1.2014,=1.3289,=1.4869,=2.2318,=0.0430,=0.1789,=0.0477,=0.0422,=180
="HSMI",恒生综合中型股指数,2001-10-03,=0.0129,=4896.5300,=-0.0172,=15.2895,=0.8847,=7.1837,=9.6380,=11.2472,=14.6353,=19.0737,=1.2437,=0.8396,=0.6229,=0.7817,=1.0104,=1.2254,=1.5312,=1.0108,=0.9671,=0.4186,=0.5569,=0.6722,=0.8060,=1.0938,,,,=0.0285,=160
="H11057",石化产业,2009-07-22,=-0.0194,=1381.6268,=0.0115,=15.3180,=0.6406,=9.0713,=11.9883,=13.9209,=19.4685,=46.6548,=1.5377,=0.9254,=0.9085,=1.1887,=1.3412,=1.4394,=1.9948,=0.8303,=0.9258,=0.4002,=0.4796,=0.6095,=0.7494,=1.0264,=0.0331,=0.0946,=0.0281,=0.0309,=62
="H30198",油气产业,2013-07-15,=-0.0143,=2541.8721,=0.2067,=15.3478,=0.5222,=7.8064,=10.8387,=14.0645,=25.5376,=104.2111,=1.4120,=0.9487,=0.6580,=0.8158,=1.1429,=1.2507,=1.8532,=0.7634,=0.9693,=0.2505,=0.3193,=0.4748,=0.5886,=0.9554,=0.0307,=0.0868,=0.0269,=0.0326,=105
="000955",中证国企,2010-02-09,,,=0.0125,=15.3965,=0.8820,=10.0979,=11.7062,=12.7301,=14.8875,=16.8119,=1.2752,=0.4493,=1.0210,=1.1826,=1.2945,=1.4508,=1.7591,=1.3172,=0.8705,=0.7969,=0.9757,=1.0889,=1.2756,=1.4527,=0.0213,=0.0765,=0.0217,=0.0266,=39
="931021",家电龙头,2017-10-17,=0.0021,=17570.8966,=-0.0274,=15.5298,=0.4615,=11.3343,=14.2158,=15.8472,=19.3923,=31.7589,=2.4564,=0.0340,=2.3685,=2.6515,=3.0584,=3.9092,=5.4650,=1.2649,=0.5998,=0.8457,=1.1159,=1.2346,=1.4881,=2.4102,=0.0396,=0.1676,=0.0453,=0.0406,=24
="000986",全指能源,2011-08-02,=0.0040,=2652.7700,=0.1364,=15.5626,=0.6333,=6.8032,=9.9968,=13.3595,=22.0275,=75.0146,=1.4163,=0.9224,=0.7554,=0.9688,=1.1711,=1.3124,=1.7977,=0.8907,=0.9752,=0.3323,=0.4459,=0.5656,=0.7168,=1.0524,=0.0281,=0.0918,=0.0274,=0.0351,=599
="399324",深证红利,2006-01-24,=0.0019,=8825.9900,=-0.0355,=15.9377,=0.5474,=11.7065,=14.4262,=15.7518,=17.7170,=23.4132,=2.2523,=0.5400,=1.2884,=1.9036,=2.1821,=2.5075,=3.7254,=1.8743,=0.6712,=1.1033,=1.3622,=1.7384,=1.9640,=2.8578,=0.0424,=0.1345,=0.0450,=0.0418,=5214
="000066",上证商品,2010-04-30,=0.0058,=3982.9300,=0.1292,=15.9382,=0.5776,=7.9120,=11.1675,=15.0766,=23.4063,=53.3084,=1.7448,=0.9616,=0.9403,=1.2104,=1.3335,=1.4907,=2.2405,=1.0069,=0.9674,=0.4082,=0.5256,=0.6495,=0.7703,=1.2223,=0.0347,=0.1091,=0.0303,=0.0301,=73
="000092",资源50,2011-05-10,=-0.0011,=5177.8800,=0.0607,=15.9508,=0.5936,=7.9483,=11.3499,=14.9150,=23.1472,=52.0101,=1.8139,=0.9620,=0.9579,=1.2545,=1.3920,=1.5276,=2.3324,=1.0406,=0.9670,=0.4148,=0.5541,=0.6757,=0.7833,=1.2646,=0.0363,=0.1132,=0.0314,=0.0295,=35
="931404",SHS品牌消费50,2020-02-20,=-0.0026,=2328.9198,=-0.1376,=15.9517,=0.0070,=15.2551,=18.4562,=21.6394,=30.4548,=52.1290,=3.3164,=0,=3.3164,=4.6009,=5.2993,=7.2981,=13.2899,=2.8791,=0.0777,=2.1582,=3.1837,=4.1170,=6.4260,=12.0094,,=0.2165,,=0.0310,=131
="000068",上证资源,2010-05-28,=0.0058,=4370.3500,=0.0854,=15.9646,=0.5458,=7.8012,=11.1450,=15.2115,=25.8891,=73.1997,=1.7527,=0.9625,=0.8674,=1.1479,=1.3051,=1.4731,=2.2515,=1.0061,=0.9678,=0.3742,=0.5012,=0.6082,=0.7636,=1.2220,=0.0351,=0.1097,=0.0307,=0.0299,=301
="HSSCHKC",恒生港股通香港公司指数,2017-11-20,=0.0088,=3467.6500,=0.1158,=16.0705,=0.6804,=9.9660,=12.2164,=14.2691,=18.2050,=45.2058,=1.2828,=0.8810,=0.8018,=0.9523,=1.0966,=1.2403,=1.4001,=2.8505,=0.8481,=1.7566,=2.0722,=2.3873,=2.7404,=3.2431,,,,=0.0352,=14
="932037",央企现代能源,2022-11-16,=0.0076,=1589.8627,=0.0896,=16.0719,=0.9271,=10.8583,=11.9754,=12.8133,=14.0991,=18.2611,=1.5826,=0.8247,=1.1507,=1.3344,=1.4162,=1.5628,=1.8914,=0.9649,=0.9329,=0.4850,=0.6165,=0.7485,=0.8147,=1.0835,=0.0273,=0.0952,=0.0272,=0.0319,=34
="H11136",中国互联网,2011-09-20,=-0.0094,=4087.9592,=-0.2331,=16.1550,=0.0161,=14.7773,=20.1369,=42.7367,=57.4994,=137.0698,=2.2394,=0.0249,=1.7247,=2.5647,=4.7239,=6.7410,=9.7098,=1.9449,=0.0219,=1.5020,=2.2634,=4.3991,=6.5160,=9.1092,,,,=0.0110,=3345
="000860",结构调整,2018-03-26,=0.0182,=1344.4200,=0.0981,=16.1717,=0.7801,=9.5233,=12.4378,=13.9078,=16.3823,=20.6443,=1.4398,=0.7533,=1.1018,=1.2863,=1.3703,=1.4553,=1.6430,=0.9250,=0.9843,=0.4658,=0.5854,=0.6756,=0.7561,=0.9608,=0.0222,=0.0831,=0.0231,=0.0310,=142
="H30533",中国互联网50,2014-12-29,=-0.0040,=7341.6973,=-0.2168,=16.1928,=0.0096,=14.9049,=20.4856,=41.6948,=57.1746,=137.0698,=2.2613,=0.0384,=1.7082,=2.5680,=4.7235,=6.7227,=9.7098,=1.9096,=0.0284,=1.4305,=2.1900,=4.3990,=6.4332,=9.1092,,,,=0.0103,=6764
="399974",国企改革,2014-08-07,=0.0151,=2015.3000,=0.0614,=16.4168,=0.7545,=8.5408,=11.0130,=13.4094,=17.0078,=23.5243,=1.4424,=0.4216,=1.0768,=1.3337,=1.4834,=1.8365,=2.8970,=1.1350,=0.7005,=0.6803,=0.8884,=0.9904,=1.2484,=2.2060,=0.0239,=0.0809,=0.0242,=0.0279,=371
="HSHK35",恒生香港35,2003-01-20,=0.0081,=3254.0700,=0.1400,=16.5305,=0.7040,=9.7413,=12.0967,=14.2326,=17.5905,=47.6465,=1.2930,=0.9606,=0.7649,=0.9586,=1.0938,=1.2291,=1.3547,=3.5108,=0.9464,=2.1814,=2.5830,=2.8760,=3.1719,=3.7366,,,,=0.0364,=115
="000861",央企创新,2019-05-16,=0.0099,=2795.4533,=0.0893,=16.5698,=0.9277,=10.3360,=12.0102,=13.3733,=14.9678,=18.8086,=1.4781,=0.9636,=1.0351,=1.1860,=1.2957,=1.3846,=1.5975,=0.8720,=0.9853,=0.4544,=0.5191,=0.5823,=0.7265,=0.8999,=0.0222,=0.0826,=0.0232,=0.0294,=265
="000805",A股资源,2012-01-06,=0.0094,=8056.9034,=0.1363,=16.6124,=0.5695,=7.9265,=11.4609,=15.6444,=25.2709,=73.5792,=1.8763,=0.9637,=0.9200,=1.1951,=1.3614,=1.5088,=2.3735,=1.0606,=0.9682,=0.3865,=0.5298,=0.6349,=0.7690,=1.2754,=0.0371,=0.1115,=0.0305,=0.0279,=4
="930604",中国互联网30,2015-03-23,=-0.0068,=7865.7947,=-0.2136,=16.6177,=0.0204,=14.9187,=20.3479,=42.2916,=59.2813,=131.9396,=2.2985,=0.0288,=1.7582,=2.6209,=4.8400,=7.0824,=10.3841,=1.9130,=0.0323,=1.4482,=2.2058,=4.1990,=6.4486,=9.5870,,,,=0.0099,=626
="H30095",医药红利,2013-07-02,,,=-0.0611,=16.6491,=0.0983,=14.6474,=17.2869,=19.7971,=27.2055,=34.8020,=1.6621,=0.0342,=1.4797,=1.8104,=2.4514,=3.1491,=4.2060,=0.9724,=0.1685,=0.7612,=0.9992,=1.5196,=2.0168,=2.8268,=0.0293,=0.1019,=0.0311,=0.0368,=87
="000961",中证上游,2010-04-16,=0.0086,=5454.3378,=0.0772,=16.7553,=0.5776,=8.3063,=11.4863,=15.6949,=25.5389,=72.6914,=1.9026,=0.9637,=0.9003,=1.1956,=1.3604,=1.5194,=2.4036,=1.0739,=0.9682,=0.3813,=0.5134,=0.6291,=0.7705,=1.2905,=0.0373,=0.1119,=0.0305,=0.0277,=42
="399699",金融科技,2017-06-09,=0.0098,=3911.6000,=-0.1254,=16.7761,=0.1975,=14.0983,=16.8122,=19.4228,=44.6686,=111.6316,=1.8587,=0.2262,=1.2665,=1.8139,=2.2896,=3.4082,=4.4660,=1.5686,=0.4321,=1.0709,=1.3740,=1.6281,=1.9165,=3.0519,=0.0209,=0.1027,=0.0223,=0.0224,=322
="000944",内地资源,2009-10-28,=0.0077,=5692.9821,=0.0727,=16.7846,=0.5864,=8.0950,=11.4362,=15.5974,=24.4162,=66.3491,=1.8928,=0.9637,=0.8945,=1.1837,=1.3528,=1.5125,=2.3924,=1.0676,=0.9682,=0.3754,=0.5050,=0.6224,=0.7670,=1.2835,=0.0374,=0.1109,=0.0304,=0.0278,=2
="399375",中盘价值,2010-01-04,=-0.0009,=6469.7800,=0.0903,=16.7939,=0.7987,=9.0528,=10.9370,=12.3134,=16.8024,=33.1718,=1.5008,=0.7636,=1.0236,=1.1932,=1.3322,=1.5594,=1.9880,=1.0246,=0.8478,=0.5167,=0.6432,=0.7489,=0.9808,=1.2353,=0.0258,=0.0785,=0.0211,=0.0280,=186
="931068",消费龙头,2018-11-21,=-0.0039,=11088.3965,=-0.1248,=16.7977,=0.0517,=15.6061,=18.3795,=23.0484,=30.1458,=44.3922,=3.1276,=0,=3.1276,=4.1587,=4.7438,=6.6172,=10.3805,=2.0902,=0.0616,=1.8019,=2.6790,=3.2810,=4.1156,=7.0508,=0.0518,=0.2083,=0.0600,=0.0412,=2346
="931268",持续发展,2019-11-15,=0.0093,=2310.9126,=0.0444,=16.8082,=0.9522,=14.1354,=14.8477,=15.4517,=16.2075,=17.1877,=2.1943,=0.6414,=1.7338,=1.8252,=1.9085,=2.2604,=2.3440,=1.8188,=0.8048,=1.5998,=1.7167,=1.7892,=1.8180,=1.8598,=0.0313,=0.1256,=0.0323,=0.0287,=18
="H30089",红利潜力,2013-07-02,=-0.0006,=9377.3879,=-0.0572,=16.9722,=0.5033,=12.7702,=15.7291,=16.9556,=20.7352,=29.7267,=2.7078,=0.6762,=1.4501,=1.9855,=2.4796,=2.9135,=4.3960,=2.2414,=0.8560,=0.7611,=0.9481,=1.7442,=2.1568,=2.8465,=0.0404,=0.1605,=0.0444,=0.0346,=550
="000842",800等权,2012-12-21,,,=0.0789,=17.0145,=0.9678,=10.7808,=12.9023,=14.0877,=15.9053,=18.9686,=1.6244,=0.6114,=1.1816,=1.3959,=1.5509,=1.7186,=1.9628,=1.6318,=0.9959,=1.0117,=1.1472,=1.2948,=1.4743,=1.6631,=0.0241,=0.0890,=0.0237,=0.0235,=160
="000906",中证800,2007-01-15,=0.0155,=5573.4900,=0.0909,=17.0145,=0.9678,=10.7808,=12.9023,=14.0877,=15.9053,=18.9686,=1.6244,=0.6114,=1.1816,=1.3959,=1.5509,=1.7186,=1.9628,=1.6318,=0.9959,=1.0117,=1.1472,=1.2948,=1.4743,=1.6631,=0.0241,=0.0890,=0.0237,=0.0235,=2656
="931139",CS消费50,2019-03-20,=-0.0025,=13973.3845,=-0.1242,=17.0196,=0.1075,=15.4419,=18.3095,=24.1120,=30.2400,=47.8630,=3.0184,=0,=3.0184,=4.0490,=5.3553,=7.0876,=12.5456,=2.1996,=0,=2.1996,=2.6200,=3.1932,=4.4727,=9.1270,=0.0528,=0.1922,=0.0638,=0.0451,=2196
="930697",家用电器,2015-07-07,=0.0003,=12584.6267,=-0.0160,=17.0864,=0.4988,=12.0193,=15.4103,=17.1008,=19.8234,=32.1495,=2.5050,=0.0743,=2.2889,=2.6788,=3.2792,=3.9701,=5.2226,=1.3151,=0.5173,=0.9879,=1.1843,=1.3061,=1.6199,=2.3694,=0.0370,=0.1413,=0.0419,=0.0371,=1730
="930796",全球中国互联网,2016-04-22,=-0.0050,=1730.3438,=-0.2063,=17.1878,=0.0173,=15.2629,=21.3749,=39.8461,=53.8907,=115.7107,=2.3719,=0.0441,=1.8023,=2.6780,=4.7127,=6.9373,=9.6202,=2.0230,=0.0430,=1.5064,=2.2980,=3.8905,=6.4798,=9.5215,,=0.1307,,=0.0102,=36
="931238",SSH黄金股票,2017-10-17,=0.0094,=3140.9580,=-0.0347,=17.2184,=0.1131,=15.0142,=18.6439,=23.6597,=35.8816,=92.1543,=3.4742,=0.9211,=1.4294,=1.8151,=2.0137,=2.3295,=6.0579,=1.1156,=0.9288,=0.3659,=0.4652,=0.5493,=0.6561,=1.9529,,=0.1869,,=0.0187,=317
="HSMSI",恒生综合中小型股指数,2015-06-08,=0.0121,=2919.2900,=-0.0118,=17.3246,=0.9302,=7.2058,=10.0591,=12.3989,=15.3963,=18.8438,=1.2125,=0.8100,=0.6157,=0.7686,=1.0046,=1.2061,=1.4952,=0.9287,=0.9220,=0.4020,=0.5319,=0.6808,=0.8355,=1.0389,,,,=0.0275,=160
="931357",优选消费50,2019-11-15,=-0.0032,=2502.3547,=-0.1660,=17.3353,=0,=17.3353,=20.5729,=25.4507,=33.0921,=53.0529,=2.8298,=0,=2.8298,=3.7145,=4.4012,=7.1851,=11.6208,=1.7967,=0,=1.7967,=2.3270,=2.7461,=5.2127,=8.8232,,=0.1689,,=0.0256,=388
="000150",380红利,2012-07-20,=0.0129,=11920.6200,=0.0314,=17.3719,=0.8663,=5.2545,=8.5513,=12.0878,=16.4649,=19.8070,=1.1784,=0.3469,=0.6172,=0.8678,=1.3680,=1.6921,=2.2592,=0.5209,=0.4625,=0.2775,=0.3623,=0.5469,=1.7073,=2.3204,=0.0206,=0.0377,=0.0185,=0.0399,=42
="000945",内地运输,2009-10-28,=0.0055,=1450.0006,=-0.0188,=17.3802,=0.3251,=13.9394,=16.4788,=19.5516,=27.8199,=72.7429,=1.3147,=0.0342,=1.2463,=1.4098,=1.5684,=1.7788,=2.4452,=0.7814,=0.4055,=0.5140,=0.6447,=0.9275,=1.4244,=1.9188,=0.0219,=0.0581,=0.0167,=0.0291,=76
="399348",深证价值,2009-11-04,=0.0060,=6633.0900,=0.0170,=17.4443,=0.7867,=9.9756,=12.8084,=14.9031,=17.5867,=21.4453,=1.6790,=0.4369,=1.2527,=1.4911,=1.7272,=2.1177,=2.9268,=1.2833,=0.6287,=0.8306,=1.0363,=1.1847,=1.6210,=2.1193,=0.0245,=0.0871,=0.0201,=0.0271,=294
="399310",国证A50,2005-09-05,=0.0141,=8404.5800,=0.0483,=17.4827,=0.8899,=8.8433,=10.4704,=13.4523,=16.1336,=22.6576,=1.9846,=0.7517,=1.1237,=1.2902,=1.6538,=2.0351,=2.9417,=1.5025,=0.7966,=0.9633,=1.1317,=1.2367,=1.5041,=2.2769,=0.0272,=0.1076,=0.0263,=0.0239,=287
="931645",1000红利,2024-03-15,,,=-0.0061,=17.5013,=0.9697,=11.2896,=12.4002,=13.5326,=14.7223,=18.1886,=1.2087,=0.5890,=0.9871,=1.1304,=1.1969,=1.2460,=1.3469,=0.7893,=0.6402,=0.5734,=0.6662,=0.7574,=0.8185,=0.8871,=0.0179,=0.0646,=0.0199,=0.0317,=22
="931587",500价值稳健,2020-11-09,=0.0060,=22125.9664,=0.0082,=17.5801,=0.9688,=9.7530,=12.1780,=14.0998,=15.4964,=19.8926,=1.3402,=0.8427,=0.8925,=1.0542,=1.1513,=1.2880,=1.5437,=0.6453,=0.9384,=0.3384,=0.4573,=0.5106,=0.5792,=0.7126,=0.0221,=0.0672,=0.0198,=0.0340,=77
="399398",绩效指数,2012-11-19,=0.0010,=10664.7300,=0.0064,=17.6076,=0.3960,=9.4274,=11.6983,=18.3602,=21.6274,=36.1591,=2.9470,=0.3065,=1.2915,=1.7620,=3.5800,=4.3854,=6.4752,=3.0836,=0.6691,=1.5230,=2.2019,=2.8669,=3.4328,=5.0073,=0.0495,=0.1771,=0.0433,=0.0381,=22
="000001",上证指数,1991-07-15,=0.0096,=4152.5700,=0.0463,=17.6137,=0.9963,=10.8403,=12.7209,=13.8269,=15.8174,=17.9144,=1.5180,=0.6675,=1.1148,=1.3021,=1.4416,=1.5732,=1.8463,=1.5507,=0.9950,=0.9369,=1.0774,=1.2153,=1.3874,=1.5771,=0.0219,=0.0804,=0.0221,=0.0232,=1389
="930716",CS物流,2015-07-31,=-0.0021,=1276.5105,=0.0871,=17.6393,=0.4431,=6.6312,=13.0083,=19.1267,=34.4824,=505.8138,=1.2908,=0.1621,=1.1511,=1.3073,=1.9898,=2.7627,=3.8580,=0.4664,=0.5681,=0.2137,=0.3289,=0.4569,=0.7612,=1.0555,=0.0197,=0.0542,=0.0209,=0.0310,=244
="931371",品牌消费100,2019-11-25,,,=-0.1001,=17.6568,=0.2103,=14.6106,=17.5527,=22.6578,=30.6824,=41.6881,=2.9832,=0,=2.9832,=3.7246,=4.7812,=6.5683,=9.5576,=1.9615,=0.0584,=1.7483,=2.1270,=2.7506,=3.8841,=5.3339,=0.0505,=0.1847,=0.0654,=0.0421,=4
="399286",区块链50,2019-12-24,=0.0036,=3598.7600,=-0.1018,=17.7613,=0.1683,=13.8844,=18.0656,=20.8784,=28.7691,=40.1853,=1.8791,=0.2031,=1.4262,=1.8742,=2.1274,=2.7686,=3.6332,=1.7863,=0.4249,=1.3177,=1.5864,=1.8527,=2.0958,=2.8188,=0.0273,=0.0903,=0.0252,=0.0256,=154
="H30171",运输指数,2013-07-15,=0.0048,=1604.8288,=-0.0077,=17.8032,=0.4686,=14.1889,=16.3612,=18.0684,=25.5040,=51.4445,=1.3161,=0.0728,=1.1989,=1.3562,=1.5061,=1.6916,=2.3737,=0.6747,=0.3339,=0.5217,=0.6274,=0.8617,=1.1982,=1.9196,=0.0207,=0.0585,=0.0181,=0.0276,=83
="000046",上证中小,2009-07-03,=0.0155,=5644,=0.1005,=17.8130,=0.7587,=10.5504,=12.1058,=15.2187,=18.3956,=22.4992,=1.5236,=0.5714,=1.0626,=1.2077,=1.4819,=1.8262,=2.0905,=1.4403,=0.8296,=0.8596,=1.0256,=1.1228,=1.4115,=1.6429,=0.0219,=0.0784,=0.0213,=0.0227,=343
="000979",大宗商品,2011-08-22,=0.0037,=7322.2700,=0.0792,=17.8522,=0.5903,=9.9333,=12.8903,=16.3823,=23.5323,=55.6298,=1.8590,=0.9583,=1.1381,=1.3653,=1.4814,=1.6194,=2.3336,=1.0290,=0.9658,=0.4909,=0.5833,=0.6996,=0.8225,=1.2291,=0.0335,=0.1029,=0.0285,=0.0267,=699
="000918",300成长,2008-01-21,=0.0203,=5831.5999,=0.1462,=17.8982,=0.7030,=11.5047,=14.2368,=16.6682,=20.6304,=29.9826,=2.5704,=0.4163,=1.8718,=2.2875,=2.7896,=4.3091,=6.1771,=2.7068,=0.8469,=1.1680,=1.5324,=1.7713,=2.5726,=3.9548,=0.0348,=0.1486,=0.0340,=0.0198,=787
="000510",中证A500,2024-09-23,=0.0157,=6211.1000,=0.1007,=17.9428,=0.9775,=12.2476,=14.4422,=15.3349,=17.1227,=18.3286,=1.7213,=0.8300,=1.2883,=1.4899,=1.5702,=1.7106,=1.7791,=1.5400,=0.9825,=1.0081,=1.2157,=1.3038,=1.4809,=1.5731,=0.0241,=0.0887,=0.0240,=0.0233,=2166
="1000004",上海A股,1994-01-01,=0.0096,=4152.5700,=0.0463,=18.0139,=0.9880,=10.8441,=12.9364,=14.2397,=16.0864,=18.4959,=1.5425,=0.6514,=1.1181,=1.3162,=1.4435,=1.5985,=1.8457,=1.5788,=0.9950,=0.9734,=1.0889,=1.2350,=1.3823,=1.6065,=0.0219,=0.0804,=0.0221,=0.0228,=4920
="399311",国证1000,2005-02-03,=0.0159,=5432.2200,=0.0957,=18.0495,=0.9724,=11.0854,=13.3222,=14.6206,=16.7390,=19.8966,=1.6680,=0.6060,=1.1918,=1.4217,=1.5925,=1.8011,=2.0383,=1.6358,=0.9868,=1.0112,=1.1700,=1.3057,=1.5191,=1.7074,=0.0236,=0.0857,=0.0233,=0.0225,=138
="000917",300公用,2007-07-02,=0.0070,=2484.5682,=0.0096,=18.0660,=0.5483,=13.3250,=16.1495,=17.8106,=20.5953,=34.2477,=1.9218,=0.4385,=1.4019,=1.6950,=1.9692,=2.1718,=2.6347,=1.9600,=0.7673,=1.3139,=1.6332,=1.8147,=1.9913,=3.2322,=0.0223,=0.0974,=0.0266,=0.0303,=35
="931167",先进制造100,2019-04-25,=0.0036,=8100.8563,=0.0464,=18.2193,=0.8944,=10.3762,=12.9826,=14.2028,=16.6431,=20.9116,=3.0631,=0.9172,=1.6383,=2.0220,=2.2519,=2.5638,=3.3727,=2.0820,=0.9697,=0.9031,=1.2311,=1.4347,=1.6464,=2.1795,=0.0404,=0.1483,=0.0310,=0.0285,=340
="932367",500现金流,2024-11-12,=0.0032,=3730.3302,=0.0194,=18.2981,=0.7778,=12.7635,=13.9598,=16.5276,=18.4664,=20.8865,=1.8962,=0.7263,=1.5076,=1.6631,=1.7549,=1.9970,=2.3672,=1.2226,=0.4038,=0.8955,=1.0970,=1.2433,=1.2881,=1.4394,=0.0308,=0.1139,=0.0305,=0.0327,=115
="930838",CS高股息,2016-06-08,=-0.0035,=7360.8968,=0.0196,=18.2989,=0.5180,=10.7704,=14.2492,=17.9163,=22.5331,=29.5345,=3.3735,=0.7884,=1.8272,=2.3318,=2.8136,=3.4711,=5.4603,=3.2724,=0.6605,=1.6703,=2.0481,=2.4809,=3.7470,=5.1335,=0.0550,=0.1877,=0.0570,=0.0257,=170
="000903",中证A100,2006-05-29,=0.0166,=4850.7200,=0.0812,=18.3941,=0.9963,=9.4390,=11.1418,=12.4655,=14.0625,=18.7565,=1.8645,=0.9550,=1.1800,=1.3760,=1.5112,=1.6644,=1.9625,=1.4877,=0.9707,=0.9660,=1.1007,=1.2116,=1.3687,=1.6207,=0.0253,=0.0942,=0.0251,=0.0256,=3073
="000937",中证公用,2009-07-03,=0.0179,=2748.1869,=0.1019,=18.4400,=0.4678,=13.4460,=16.5100,=18.6278,=21.1313,=46.5328,=1.8031,=0.5507,=1.3423,=1.6286,=1.7716,=1.9633,=2.2557,=1.8323,=0.8094,=1.2657,=1.4810,=1.5856,=1.8035,=3.2521,=0.0215,=0.0905,=0.0250,=0.0271,=333
="930050",中证A50,2024-01-02,=0.0138,=1869.9859,=0.0461,=18.4631,=0.9357,=13.9812,=15.9190,=17.4331,=18.1252,=19.9330,=2.1789,=0.7426,=1.7817,=1.9636,=2.0799,=2.2060,=2.3759,=1.6150,=0.9739,=1.0165,=1.1249,=1.3602,=1.5378,=1.6491,=0.0291,=0.1115,=0.0275,=0.0265,=969
="000911",300可选,2007-07-02,=-0.0010,=5918.5423,=-0.1054,=18.8053,=0.5743,=11.4175,=16.2115,=18.2373,=24.5366,=45.8432,=2.0489,=0.0297,=1.8544,=2.2942,=2.5508,=3.0218,=4.4626,=0.9681,=0.2017,=0.7162,=0.9670,=1.1016,=1.3297,=2.0518,=0.0241,=0.1159,=0.0309,=0.0276,=30
="000909",300材料,2007-07-02,=-0.0011,=4048.7350,=-0.0122,=18.8276,=0.5330,=10.2722,=14.5958,=18.2651,=25.6347,=46384.3131,=2.5047,=0.8201,=1.4655,=1.7168,=1.9843,=2.4567,=3.8763,=1.2460,=0.8243,=0.6983,=0.8432,=0.9658,=1.2300,=1.9427,=0.0473,=0.1225,=0.0288,=0.0176,=17
="399991",一带一路,2015-02-16,=0.0168,=3616.0500,=0.2199,=18.9413,=0.7653,=9.4567,=11.6727,=14.0998,=19.9694,=34.5905,=1.6502,=0.9843,=1.0035,=1.1547,=1.2474,=1.4240,=1.7680,=0.7241,=0.9884,=0.3598,=0.4252,=0.4777,=0.6031,=0.7518,=0.0240,=0.0795,=0.0217,=0.0216,=579
="000995",全指公用,2011-08-02,=0.0203,=2884.2890,=0.1167,=18.9938,=0.5128,=14.4124,=16.6564,=18.8799,=23.9608,=55.0107,=1.8112,=0.6807,=1.2839,=1.5403,=1.7264,=1.8679,=2.1268,=1.8631,=0.8214,=1.2094,=1.4214,=1.5276,=1.8022,=2.4023,=0.0217,=0.0896,=0.0244,=0.0263,=313
="931697",消费50策略,2021-07-12,=-0.0054,=7685.6280,=-0.0966,=19.1036,=0.2812,=16.4104,=18.6003,=21.0360,=31.3764,=38.9422,=2.8132,=0.0008,=2.8120,=3.5547,=3.9008,=5.2288,=7.0736,=1.5285,=0.0008,=1.5277,=1.7849,=1.9344,=2.8674,=3.5305,=0.0408,=0.1608,=0.0542,=0.0355,=60
="H30094",消费红利,2013-07-02,=-0.0038,=32816.4576,=-0.1165,=19.2483,=0.0883,=16.2060,=21.8500,=27.7773,=33.4547,=59.6542,=3.4320,=0.0012,=3.3932,=4.3774,=5.3357,=6.7479,=11.0368,=4.0939,=0.4117,=1.9360,=3.2447,=4.3062,=5.3148,=8.4259,=0.0717,=0.1905,=0.0792,=0.0434,=2109
="H11059",工业有色,2009-07-22,=0.0083,=4304.6135,=0.0811,=19.2868,=0.3379,=10.0577,=14.5389,=28.3577,=53.3169,=131.1130,=3.5148,=0.9171,=1.4392,=1.9933,=2.3935,=3.1534,=4.9901,=1.3091,=0.9381,=0.5048,=0.7375,=0.8569,=1.1331,=1.8706,=0.0664,=0.1735,=0.0401,=0.0161,=121
="932369",1000现金流,2024-11-12,,,=-0.0496,=19.3445,=0.7724,=16.0705,=17.7134,=18.4948,=19.5052,=21.4836,=1.5648,=0.1816,=1.4419,=1.5778,=1.6660,=1.7617,=1.8728,=0.8954,=0.1409,=0.8034,=0.9298,=1.0223,=1.0700,=1.3230,=0.0245,=0.0821,=0.0237,=0.0270,=58
="931663",SHS消费龙头,2015-03-13,=-0.0017,=1781.9836,=-0.1230,=19.3497,=0.1299,=14.4278,=20.3688,=26.7236,=37.0770,=57.5191,=2.8259,=0.0008,=2.7700,=3.4028,=4.3131,=6.1339,=13.5979,=1.9056,=0.2216,=1.3592,=1.8700,=2.3928,=3.4165,=7.5123,,=0.1411,,=0.0292,=215
="931637",港股通互联网,2021-01-11,=0.0031,=792.2139,=-0.2187,=19.5345,=0.0401,=16.9805,=23.4614,=28.3426,=41.8395,=87.7368,=2.5311,=0.0061,=2.2686,=3.0778,=3.4219,=4.2520,=11.7021,=2.4921,=0.0144,=2.1470,=2.9675,=3.4081,=4.5412,=11.5370,,,,=0.0092,=253
="000942",内地消费,2009-10-28,=-0.0002,=8962.1173,=-0.1233,=19.5779,=0.3065,=14.4412,=18.6783,=21.7517,=33.3379,=52.6356,=2.5757,=0.0012,=2.5374,=3.1423,=3.6918,=5.0424,=7.7211,=1.4567,=0.1696,=1.1096,=1.4986,=1.7720,=2.5493,=4.1228,=0.0371,=0.1426,=0.0493,=0.0347,=763
="H30199",电力指数,2013-07-15,=0.0253,=3304.9623,=0.1710,=19.7497,=0.6031,=14.1448,=16.6826,=18.9363,=25.0122,=78.5133,=1.8560,=0.8337,=1.2472,=1.5161,=1.7144,=1.8403,=2.0960,=1.9882,=0.9022,=1.1507,=1.4427,=1.5878,=1.7845,=2.2389,=0.0213,=0.0878,=0.0244,=0.0253,=670
="932152",港股通成长策略,2025-04-30,=0.0091,=1199.6582,=-0.0944,=19.8270,=0.5862,=16.5252,=18.2297,=19.0836,=21.2563,=22.5567,=2.6325,=0.3027,=2.1900,=2.5492,=2.7367,=2.8486,=3.0449,=2.0185,=0.3448,=1.7556,=1.9428,=2.1161,=2.2250,=2.3595,,=0.1305,,=0.0188,=7
="HSAIT",恒生人工智能主题指数,2023-09-01,=0.0196,=3788.9100,=-0.1110,=19.8667,=0.5007,=13.3665,=18.0264,=19.8666,=21.5605,=24.5500,=2.0328,=0.4813,=1.4634,=1.7488,=2.0720,=2.4884,=2.8773,=1.8567,=0.5352,=1.2708,=1.4951,=1.6759,=2.2870,=2.6741,,=0.1040,,=0.0206,=63
="000126",消费50,2011-12-09,=-0.0002,=7085.4900,=-0.1478,=19.9468,=0.1609,=15.1608,=20.3046,=22.8716,=32.8709,=57.2206,=2.6224,=0.0380,=2.2360,=3.0016,=3.4010,=4.8666,=7.3797,=1.5483,=0.3606,=0.9155,=1.2410,=1.8267,=2.6426,=3.8011,=0.0406,=0.1407,=0.0455,=0.0336,=79
="931897",绿色电力,2012-12-21,=0.0254,=1267.1858,=0.1703,=19.9479,=0.5800,=12.4356,=15.8111,=18.4480,=23.5753,=3316.8719,=1.9108,=0.9794,=1.0802,=1.3464,=1.6423,=1.7823,=2.0177,=2.0370,=0.9080,=0.8910,=1.1301,=1.2732,=1.7000,=2.6891,=0.0214,=0.0880,=0.0237,=0.0253,=148
="399997",中证白酒,2015-01-21,=0.0129,=7033.8500,=-0.1973,=19.9633,=0.1477,=16.2418,=20.9813,=29.7070,=37.9971,=71.4432,=3.8663,=0.0017,=3.7422,=5.2076,=7.2725,=9.8068,=17.8607,=6.9761,=0.1200,=5.9830,=7.2937,=9.8423,=13.6521,=24.8964,=0.0833,=0.2121,=0.1013,=0.0439,=7669
="399987",中证酒,2014-12-10,=0.0102,=4174.5500,=-0.1647,=20.0390,=0.1262,=16.5000,=21.4605,=30.5289,=38.5048,=71.4257,=3.7249,=0.0037,=3.4910,=4.9105,=6.4724,=8.9992,=15.9495,=6.1861,=0.1213,=5.0388,=6.4801,=8.3143,=11.8299,=21.4371,=0.0789,=0.2043,=0.0944,=0.0428,=2747
="000036",上证消费,2009-01-09,=-0.0003,=9724.7400,=-0.1038,=20.0718,=0.0103,=18.1662,=23.5071,=31.6733,=40.5919,=69.3963,=4.2186,=0.0891,=3.4894,=5.2321,=6.5406,=9.2057,=14.9810,=4.3464,=0.2702,=1.7238,=3.7920,=4.8722,=7.3411,=10.9001,=0.0773,=0.2393,=0.0858,=0.0382,=2305
="931142",东证竞争,2019-03-20,=0.0119,=2052.3103,=0.1029,=20.3275,=0.9275,=9.8569,=11.9117,=13.9719,=15.8506,=27.8877,=3.0270,=0.8700,=1.5408,=1.7299,=2.0635,=2.5548,=4.6703,=3.0643,=0.9580,=0.9384,=1.2683,=1.6505,=2.2321,=3.1903,=0.0415,=0.1629,=0.0397,=0.0231,=212
="000811",细分有色,2012-04-11,=0.0058,=11836.5839,=0.0407,=20.3287,=0.3094,=13.5118,=17.9724,=30.5230,=58.2908,=312.9068,=3.3491,=0.8841,=1.7438,=2.0869,=2.5606,=3.1318,=4.8073,=1.3251,=0.9290,=0.6338,=0.7856,=0.9037,=1.1826,=1.9173,=0.0611,=0.1531,=0.0352,=0.0144,=184
="931067",绩优策略,2018-02-14,=0.0200,=8607.9951,=0.1317,=20.3923,=0.6517,=10.5807,=14.6642,=18.5502,=27.0258,=44.0015,=5.4601,=0.6167,=3.5566,=4.2822,=5.0094,=7.5897,=11.8571,=3.3098,=0.6772,=2.1909,=2.5237,=2.8604,=5.0641,=8.6201,=0.0562,=0.2359,=0.0578,=0.0192,=24
="000931",中证可选,2009-07-03,=0.0014,=5711.3292,=-0.0809,=20.4291,=0.5446,=12.9961,=17.9588,=20.2090,=26.0964,=47.1695,=2.1847,=0.2199,=1.6991,=2.1475,=2.5030,=2.8197,=3.7874,=1.0399,=0.2809,=0.7260,=0.9756,=1.1219,=1.2835,=1.9265,=0.0252,=0.1143,=0.0305,=0.0256,=841
="000807",食品饮料,2012-02-17,=0.0055,=16119.8650,=-0.1183,=20.5394,=0.1118,=16.7498,=22.1886,=30.4191,=37.6314,=67.1514,=3.6875,=0.0004,=3.6786,=4.7796,=6.2660,=8.2580,=14.6770,=4.1763,=0.1040,=3.4188,=4.5275,=5.6643,=7.6740,=12.7454,=0.0738,=0.1953,=0.0849,=0.0409,=4260
="399395",国证有色,2012-10-29,=0.0044,=10187.1200,=0.0534,=20.5955,=0.3177,=12.7731,=17.8787,=29.5591,=56.6756,=326.9035,=3.4340,=0.9257,=1.7304,=2.0833,=2.5055,=3.0705,=4.8522,=1.3701,=0.9571,=0.6150,=0.7945,=0.9083,=1.1689,=1.9521,=0.0618,=0.1543,=0.0354,=0.0144,=660
="932420",智选船舶产业,2025-05-28,=-0.0028,=1618.0191,=0.1196,=20.6059,=0.9170,=12.9248,=13.9720,=16.0888,=19.3140,=21.8048,=1.4012,=0.7635,=1.1414,=1.2349,=1.2821,=1.4111,=1.5726,=1.0278,=0.7593,=0.8043,=0.8695,=0.9324,=1.0418,=1.1519,=0.0198,=0.0735,,=0.0248,=10
="399438",绿色电力,2014-12-30,=0.0229,=2321.1900,=0.1657,=20.6116,=0.6803,=13.5016,=16.3035,=18.9892,=22.0380,=41.2289,=1.9321,=0.8028,=1.2516,=1.5034,=1.7919,=1.9309,=2.3077,=2.3388,=0.9748,=1.1906,=1.4256,=1.8171,=2.0401,=3.6995,=0.0222,=0.0881,=0.0248,=0.0250,=197
="930939",500质量,2018-11-21,=0.0137,=24124.8288,=0.1365,=20.6635,=0.9026,=10.4098,=13.9226,=15.8854,=19.0827,=27.8330,=2.3936,=0.7391,=1.6614,=2.0646,=2.2273,=2.4991,=3.9191,=1.9848,=0.9229,=0.9583,=1.1937,=1.4391,=1.7897,=2.9319,=0.0308,=0.1144,=0.0291,=0.0184,=457
="931892",有色矿业,2013-07-15,=0.0062,=4199.1762,=0.0587,=20.6689,=0.2904,=13.1272,=18.8191,=31.9432,=57.8465,=131.9594,=3.6506,=0.9422,=1.7020,=2.1356,=2.5190,=3.1519,=5.3430,=1.3825,=0.9266,=0.6092,=0.7896,=0.9200,=1.2152,=2.0391,=0.0653,=0.1630,=0.0363,=0.0131,=186
="000819",有色金属,2012-05-09,=0.0046,=9829.5100,=0.0521,=20.6903,=0.3259,=12.4710,=17.7541,=29.3822,=56.5869,=723.5976,=3.5101,=0.8948,=1.7791,=2.1409,=2.6244,=3.2437,=4.9698,=1.3917,=0.9167,=0.6317,=0.8246,=0.9660,=1.2764,=1.9863,=0.0625,=0.1569,=0.0361,=0.0147,=1955
="000815",细分食品,2012-04-11,=0.0061,=16380.3507,=-0.1256,=20.8316,=0.1320,=16.6089,=22.2429,=30.6819,=37.4251,=68.5596,=3.6165,=0.0004,=3.6076,=4.7477,=6.1940,=8.2709,=14.7926,=4.6146,=0.0990,=3.7606,=4.9239,=6.1122,=8.3455,=14.4971,=0.0708,=0.1902,=0.0845,=0.0402,=759
="000912",300消费,2007-07-02,=0.0003,=18066.8009,=-0.1291,=20.8317,=0.1349,=17.5697,=22.8325,=28.6990,=38.6920,=71.0374,=3.4958,=0.0033,=3.3949,=4.6734,=6.3987,=8.3233,=13.2137,=2.7221,=0.0553,=1.8902,=3.1993,=4.1913,=5.5033,=9.3193,=0.0602,=0.1878,=0.0812,=0.0415,=782
="HSTECH",恒生科技指数,2020-07-01,=0.0211,=4869.5700,=-0.1172,=20.8610,=0.1192,=14.7293,=21.7998,=27.1915,=42.1559,=73.7725,=2.4747,=0.2671,=1.7280,=2.3777,=2.8245,=3.7932,=8.3408,=1.6208,=0.0927,=1.2545,=1.7384,=2.0472,=3.2061,=6.6932,,=0.1184,,=0.0124,=7067
="000910",300工业,2007-07-02,=-0.0033,=2642.8739,=0.0450,=20.9128,=0.7153,=12.1074,=14.2223,=18.6700,=21.7507,=26.7473,=1.7555,=0.4728,=1.2960,=1.5013,=1.7779,=2.0927,=2.8598,=0.8424,=0.9076,=0.4726,=0.5803,=0.6994,=0.8039,=1.0995,=0.0196,=0.0738,=0.0177,=0.0203,=15
="931481",SHS线上消费,2020-05-06,=-0.0021,=935.3329,=-0.1567,=20.9981,=0.0556,=17.8858,=23.8260,=30.2816,=47.1935,=121.3257,=2.6310,=0.0124,=2.4540,=3.1627,=3.5672,=5.5852,=9.8961,=2.7131,=0.1602,=2.0492,=2.8361,=3.3165,=4.3980,=7.8524,,=0.1066,,=0.0102,=63
="930708",中证有色,2015-07-13,=0.0054,=3253.9424,=0.0550,=21.0223,=0.3177,=13.9228,=18.4062,=30.9873,=58.8768,=425.7934,=3.3322,=0.8800,=1.7134,=2.0956,=2.5617,=3.1492,=4.7639,=1.2401,=0.8577,=0.6123,=0.7796,=0.8959,=1.1969,=1.7984,=0.0592,=0.1479,=0.0346,=0.0139,=513
="399396",国证食品,2012-10-29,=0.0044,=15320.4800,=-0.1230,=21.1231,=0.1085,=17.1702,=22.2788,=30.0935,=37.3108,=66.0937,=3.4738,=0.0004,=3.4677,=4.6017,=6.1033,=7.6300,=14.3214,=3.5115,=0.0058,=3.3405,=3.9740,=5.0532,=6.2477,=12.4529,=0.0671,=0.1761,=0.0767,=0.0394,=1608
="399990",煤炭等权,2015-01-21,=0.0399,=3431.6400,=0.1947,=21.1876,=0.8998,=5.7123,=8.6087,=10.6431,=15.3834,=3433.4450,=1.6928,=0.9039,=0.8179,=1.1185,=1.3592,=1.5977,=2.0135,=1.9245,=0.9856,=0.6732,=0.9175,=1.1212,=1.4578,=2.0936,=0.0229,=0.0912,=0.0239,=0.0317,=243
="399998",中证煤炭,2015-02-13,=0.0329,=2341.7800,=0.1877,=21.1876,=0.8998,=5.7123,=8.6087,=10.6431,=15.3834,=3433.4450,=1.6928,=0.9039,=0.8179,=1.1185,=1.3592,=1.5977,=2.0135,=1.9245,=0.9856,=0.6732,=0.9175,=1.1212,=1.4578,=2.0936,=0.0229,=0.0912,=0.0239,=0.0317,=2074
="931442",SHS科技100,2020-04-21,=0.0031,=9826.9118,=-0.0870,=21.2569,=0.6178,=11.6240,=15.0563,=19.5411,=24.9558,=40.7731,=2.6835,=0.5185,=1.5813,=1.9722,=2.6059,=4.1353,=6.9092,=1.6395,=0.4322,=1.0913,=1.4326,=1.7415,=2.6006,=5.0819,,=0.1199,,=0.0131,=26
="HSIII",恒生互联网科技业指数,2020-07-20,=0.0134,=2422.9500,=-0.1749,=21.2779,=0.1478,=12.6629,=22.6575,=35.1393,=47.7236,=309808.9839,=2.4787,=0.1429,=1.7026,=2.6125,=4.2378,=6.1155,=8.5704,=1.9163,=0.1340,=1.1940,=2.0203,=2.4286,=3.5794,=5.1261,,=0.1194,,=0.0101,=2005
="930641",中证中药,2015-05-19,=-0.0029,=8529.8323,=-0.1035,=21.3224,=0.0429,=17.1921,=24.2952,=29.0597,=32.8246,=45.5431,=1.9706,=0.0004,=1.9696,=2.5031,=2.9880,=3.5576,=4.1073,=2.1507,=0.0012,=2.1155,=2.4559,=2.8488,=3.6632,=4.5776,=0.0326,=0.0928,=0.0347,=0.0376,=859
="399372",大盘成长,2010-01-04,=0.0169,=5854.1800,=0.1106,=21.4735,=0.6407,=13.0565,=17.0236,=20.3080,=25.3722,=45.9159,=3.1388,=0.5644,=1.9139,=2.4999,=3.0098,=5.3725,=9.5601,=2.0249,=0.2698,=1.2183,=1.8035,=2.6248,=3.4508,=6.6651,=0.0399,=0.1447,=0.0379,=0.0208,=313
="930625",SHS互联网,2015-04-21,=0.0036,=2535.8315,=-0.1647,=21.6612,=0.0199,=18.9097,=27.4560,=35.6074,=51.7630,=84.5605,=2.7713,=0.0052,=2.6129,=3.5120,=4.9844,=6.6795,=9.2961,=2.7377,=0.0068,=2.4953,=3.4969,=4.4182,=5.8993,=8.7946,,=0.1125,,=0.0093,=320
="000932",中证消费,2009-07-03,=0.0009,=13104.6400,=-0.1406,=21.6697,=0.1411,=18.2526,=23.6397,=29.2804,=38.6663,=67.7039,=3.3260,=0,=3.3260,=4.2772,=5.3629,=7.0320,=11.1990,=2.5571,=0.0553,=1.9505,=2.9576,=3.5970,=4.6842,=7.7724,=0.0540,=0.1726,=0.0732,=0.0392,=12332
="930782",500SNLV,2016-02-04,=0.0132,=20438.4413,=0.0876,=21.6939,=0.6580,=13.0617,=17.6555,=20.0518,=25.3362,=34.2656,=1.7590,=0.7632,=1.0996,=1.3464,=1.4745,=1.9011,=2.6374,=1.3795,=0.7727,=0.5914,=0.8056,=0.8890,=1.4879,=2.0883,=0.0229,=0.0820,=0.0170,=0.0205,=1371
="399377",小盘价值,2010-01-04,=0.0154,=8068.6600,=0.0482,=21.7302,=0.8511,=9.8385,=13.2773,=15.1860,=19.8819,=34.2299,=1.3621,=0.7052,=0.8997,=1.0824,=1.2373,=1.8338,=2.1990,=0.8204,=0.6392,=0.4594,=0.5454,=0.7119,=1.2778,=1.8295,=0.0183,=0.0578,=0.0162,=0.0233,=625
="930938",500成长估值,2018-12-04,=0.0124,=5208.7594,=0.1232,=22.0602,=0.9183,=9.4780,=13.0802,=16.7654,=19.6152,=30.3577,=2.2841,=0.7871,=1.4489,=1.8679,=2.1170,=2.2927,=3.6765,=1.4716,=0.7554,=0.6916,=0.9038,=1.1666,=1.6010,=2.2515,=0.0254,=0.1028,=0.0163,=0.0186,=70
="HSSCT",恒生港股通中国科技指数,2020-02-01,=0.0299,=6636.4300,=-0.1153,=22.0923,=0.2099,=15.0039,=22.0008,=24.9537,=33.2551,=55.7647,=2.7079,=0.2608,=1.8368,=2.6443,=3.0540,=4.7109,=8.0840,=2.2592,=0.4417,=1.1354,=1.8376,=2.3392,=3.2191,=6.0217,,=0.1166,,=0.0084,=89
="HSSCITI",恒生港股通科技主题指数,2023-07-01,=0.0265,=2599.7700,=-0.1080,=22.0930,=0.2542,=15.2810,=21.1382,=23.9540,=27.0209,=33.8690,=2.7277,=0.1836,=2.1914,=2.7386,=2.9622,=3.4246,=4.1810,=2.2620,=0.5749,=1.5305,=1.8377,=2.1045,=2.7822,=3.5648,,,,=0.0085,=76
="930653",CS食品饮,2015-06-05,=0.0040,=13354.0323,=-0.1152,=22.0984,=0.1242,=17.6031,=23.1172,=31.2814,=38.3114,=65.8842,=3.3612,=0.0004,=3.3570,=4.4410,=5.7103,=7.1300,=12.9907,=3.3231,=0.0107,=3.0169,=3.8365,=4.7683,=5.8503,=11.4166,=0.0615,=0.1583,=0.0705,=0.0377,=892
="000929",中证材料,2009-07-03,=0.0009,=4641.3257,=0.0399,=22.1024,=0.6687,=9.9126,=14.1083,=19.5190,=25.4091,=1406.2094,=2.4706,=0.9047,=1.3680,=1.6188,=1.8961,=2.2752,=3.1607,=1.2516,=0.8824,=0.6315,=0.7658,=0.8823,=1.1804,=1.5845,=0.0399,=0.1037,=0.0230,=0.0161,=523
="931000",大湾区,2017-07-19,=0.0152,=1970.6799,=0.1141,=22.1302,=0.9874,=11.8370,=14.5083,=16.1984,=18.8893,=23.4463,=2.1058,=0.5352,=1.3750,=1.7618,=2.0692,=2.5532,=3.2666,=1.6552,=0.6005,=1.1015,=1.3314,=1.5579,=1.8732,=2.5221,=0.0236,=0.0809,=0.0227,=0.0213,=13
="000990",全指消费,2011-08-02,=0.0008,=10982.8987,=-0.1373,=22.1844,=0.1518,=18.6483,=23.9791,=30.8298,=39.1217,=75.7240,=3.3074,=0,=3.3074,=4.0970,=4.9952,=6.2867,=9.6579,=2.5869,=0.0965,=2.0430,=2.7732,=3.3225,=4.0947,=6.6514,=0.0524,=0.1676,=0.0712,=0.0381,=3840
="000069",消费80,2010-05-28,=-0.0048,=4329.6200,=-0.1180,=22.2611,=0.1927,=16.4356,=22.2880,=24.9057,=33.0497,=60.5019,=2.7974,=0.0293,=2.4642,=3.1953,=3.5468,=4.8097,=7.6372,=1.7123,=0.3787,=1.0743,=1.4725,=1.9152,=2.7436,=3.8795,=0.0378,=0.1324,=0.0420,=0.0267,=931
="931140",医药50,2019-03-20,=-0.0051,=9516.7067,=-0.0743,=22.3370,=0.0012,=22.2180,=25.6233,=28.8371,=43.4897,=67.0844,=3.2305,=0,=3.2305,=4.2599,=4.9889,=7.4715,=10.9696,=4.2194,=0.0661,=3.4950,=4.6332,=5.2139,=7.1732,=12.1248,=0.0393,=0.1515,=0.0402,=0.0202,=1188
="931027",港股通大消费,2017-11-06,=0.0003,=2847.5233,=-0.0874,=22.4234,=0.3414,=14.6383,=20.4223,=25.5588,=51.8424,=105.3721,=2.6768,=0.1097,=2.2514,=2.8781,=3.2530,=4.3778,=9.1499,=1.5843,=0.3405,=1.0973,=1.4397,=1.7774,=2.5057,=5.7985,,=0.1064,,=0.0213,=43
="HSSCNE",恒生港股通新经济指数,2018-01-08,=0.0140,=3798.7400,=-0.1159,=22.4393,=0.3290,=15.8046,=20.6717,=24.1383,=28.5501,=53.5009,=2.7765,=0.4624,=1.7963,=2.2460,=2.8367,=3.4831,=6.9059,=1.9379,=0.4372,=1.4023,=1.7279,=2.0084,=2.5640,=5.3019,,=0.1233,,=0.0100,=206
="931484",CS医药创新,2020-05-06,=-0.0100,=1291.3723,=-0.1093,=22.7102,=0.1255,=18.2098,=24.3039,=27.5638,=47.7021,=86.1757,=3.7215,=0.0184,=3.3236,=4.5921,=5.4678,=11.4947,=17.5605,=5.0224,=0.0812,=3.7485,=5.5929,=6.5855,=11.3628,=20.8272,=0.0424,=0.1752,=0.0382,=0.0177,=386
="000989",全指可选,2011-08-02,=0.0007,=5222.9400,=-0.0662,=22.8388,=0.3816,=14.8205,=20.3758,=24.4505,=30.9883,=46.1708,=2.2561,=0.2628,=1.6599,=2.1306,=2.5140,=2.8497,=3.3093,=1.0538,=0.2475,=0.8200,=1.0153,=1.1722,=1.4564,=1.7628,=0.0237,=0.1045,=0.0284,=0.0234,=1293
="000963",中证下游,2010-04-16,,,=-0.0824,=22.8556,=0.2772,=17.2626,=22.3467,=25.2920,=33.1012,=51.0836,=2.2361,=0.0037,=2.1972,=2.5971,=3.0766,=3.4358,=5.6334,=1.4936,=0.0681,=1.2209,=1.6185,=1.7737,=2.0795,=3.4797,=0.0267,=0.0958,=0.0301,=0.0288,=28
="000985",中证全指,2011-08-02,=0.0124,=6559.8390,=0.1082,=23.2318,=0.9967,=12.6044,=15.9637,=17.6523,=20.1845,=23.7678,=1.8927,=0.6980,=1.2581,=1.5484,=1.7139,=1.9631,=2.1557,=1.7749,=0.9633,=1.0381,=1.2268,=1.3873,=1.6453,=1.8438,=0.0216,=0.0749,=0.0212,=0.0186,=644
="000813",细分化工,2012-04-11,=-0.0266,=3923.1983,=0.0290,=23.4257,=0.6151,=11.4329,=16.5252,=21.9341,=28.6062,=42.1751,=2.5693,=0.4835,=1.6736,=2.0410,=2.6222,=3.1017,=4.9148,=1.4717,=0.5309,=0.8896,=1.1114,=1.4038,=1.9668,=3.1071,=0.0394,=0.0961,=0.0234,=0.0150,=942
="931573",HKC科技,2014-05-21,=0.0189,=2984.3827,=-0.0796,=23.4483,=0.1407,=18.3272,=24.2660,=28.6119,=40.1598,=82.7075,=3.0672,=0.2500,=2.3269,=2.9476,=3.3474,=4.2819,=10.6583,=1.9662,=0.1976,=1.5041,=1.9694,=2.3141,=3.4121,=8.3359,,=0.1200,,=0.0095,=282
="930903",中证A股,2016-10-18,=0.0123,=4519.3706,=0.1073,=23.5075,=0.9965,=12.9620,=16.2358,=17.7306,=20.4934,=23.9680,=1.8979,=0.7200,=1.2607,=1.5522,=1.7043,=1.9481,=2.2108,=1.7775,=0.9641,=1.0406,=1.2302,=1.3736,=1.6300,=1.9264,=0.0216,=0.0748,=0.0212,=0.0185,=8
="931470",SHS云计算,2020-04-21,=0.0251,=4143.6604,=0.1233,=23.7590,=0.3874,=13.2694,=19.8895,=25.1828,=31.3805,=62.1875,=3.5574,=0.2700,=2.5281,=3.4409,=3.9180,=5.8701,=9.6099,=3.8552,=0.1849,=2.7843,=3.8742,=4.5004,=6.4918,=10.5654,,=0.1294,,=0.0075,=33
="931755",SEEE碳中和,2021-10-21,=-0.0024,=2124.1908,=0.0115,=23.8294,=0.7142,=13.4966,=17.4164,=21.1636,=24.8294,=29.4214,=2.4414,=0.5661,=1.7561,=1.9622,=2.3823,=2.7521,=3.9105,=1.3952,=0.7281,=0.8856,=1.0342,=1.2185,=1.4455,=2.3046,=0.0267,=0.0916,=0.0211,=0.0174,=142
="987008",港股通科技,2021-03-08,,,=-0.1274,=24.0147,=0.1902,=16.3992,=24.1314,=27.4039,=34.0468,=63.8758,=2.7248,=0.0756,=2.3408,=2.9779,=3.4312,=3.9937,=8.4842,=2.2506,=0.0522,=1.9635,=2.6430,=2.9920,=3.8756,=8.7605,,=0.0980,,=0.0072,=80
="399370",国证成长,2010-01-04,=0.0153,=5817.1500,=0.1485,=24.1388,=0.7327,=14.0104,=18.8190,=21.5330,=25.7184,=39.9195,=3.2889,=0.6795,=1.9695,=2.5703,=2.9651,=4.0447,=6.0628,=2.1025,=0.5153,=1.2188,=1.6926,=2.0819,=2.8022,=3.4917,=0.0375,=0.1344,=0.0327,=0.0181,=110
="1000002",A股全指,1994-01-01,=0.0124,=6559.8390,=0.1082,=24.1515,=0.9880,=12.9500,=16.6929,=18.4845,=21.3479,=25.0020,=1.9227,=0.6691,=1.2633,=1.5740,=1.7418,=2.0169,=2.1910,=1.7978,=0.9583,=1.0499,=1.2419,=1.3986,=1.6681,=1.9034,=0.0215,=0.0745,=0.0211,=0.0182,=7887
="931166",医药健康100,2019-04-25,=-0.0066,=3737.3669,=-0.0734,=24.4182,=0.4306,=17.5935,=22.2856,=26.0889,=36.4533,=58.5515,=3.1402,=0.0758,=2.7671,=3.3812,=4.2514,=5.9137,=8.5226,=3.9251,=0.5478,=2.1887,=3.0459,=3.7598,=4.4774,=6.8190,=0.0346,=0.1325,=0.0321,=0.0172,=399
="931588",1000价值稳健,2020-11-09,=0.0002,=35320.2316,=-0.0146,=24.4193,=0.9894,=12.8074,=16.6722,=18.4581,=20.5233,=25.6024,=1.3186,=0.2675,=1.0253,=1.2748,=1.4394,=1.5637,=1.9102,=0.6537,=0.6953,=0.4756,=0.5520,=0.6275,=0.6883,=0.8427,=0.0162,=0.0641,=0.0212,=0.0254,=105
="000904",中证200,2007-01-15,=0.0138,=6418.1473,=0.1360,=24.6405,=0.9909,=11.9474,=14.9318,=16.7651,=19.2609,=28.5236,=2.0494,=0.7636,=1.2748,=1.5010,=1.7447,=2.0660,=2.3407,=1.4888,=0.5656,=1.0540,=1.2917,=1.4313,=1.6943,=2.1135,=0.0231,=0.0739,=0.0238,=0.0207,=721
="931574",港股科技,2013-05-21,=0.0168,=1609.2772,=-0.0834,=24.6965,=0.3403,=16.3025,=22.7338,=27.5817,=42.9870,=59.3282,=2.9377,=0.4809,=1.8790,=2.5026,=2.9630,=3.6019,=8.1693,=1.7980,=0.2932,=1.3201,=1.6641,=1.9790,=2.8644,=5.7490,,=0.1080,,=0.0100,=266
="000930",中证工业,2009-07-03,=0.0014,=3782.2120,=0.0784,=25.3011,=0.8816,=13.1747,=16.3715,=20.2752,=23.9867,=30.4087,=1.9842,=0.6176,=1.3752,=1.5614,=1.8663,=2.1245,=2.6342,=0.9465,=0.9076,=0.5311,=0.6373,=0.7617,=0.8829,=1.0502,=0.0191,=0.0679,=0.0169,=0.0173,=323
="H30015",800汽车,2012-12-21,=-0.0005,=9075.6990,=-0.0980,=25.4116,=0.6394,=11.4503,=15.2662,=22.6379,=31.8612,=45.6288,=2.1126,=0.3969,=1.3220,=1.7482,=2.1820,=2.4572,=3.4622,=0.9043,=0.5681,=0.5106,=0.6736,=0.8551,=1.0480,=1.4573,=0.0155,=0.0922,=0.0213,=0.0147,=188
="000987",全指材料,2011-08-02,=0.0012,=5322.4900,=0.0622,=25.5465,=0.6927,=11.8534,=16.4330,=21.1108,=28.4590,=1313.4345,=2.4860,=0.7809,=1.3547,=1.6741,=2.0387,=2.5042,=3.3213,=1.2517,=0.7133,=0.6546,=0.8399,=1.0187,=1.3556,=1.7398,=0.0340,=0.0892,=0.0206,=0.0146,=387
="399365",国证粮食,2009-11-04,=-0.0156,=12480.7500,=-0.0788,=25.5962,=0.4175,=13.3311,=20.2221,=27.2939,=35.2364,=54.5886,=2.2208,=0.2479,=1.6393,=2.0688,=4.1076,=6.4747,=11.3501,=0.9004,=0.2690,=0.5961,=0.8022,=3.1479,=4.6104,=8.7065,=0.0232,=0.0838,=0.0244,=0.0178,=64
="399814",大农业,2014-07-22,=-0.0097,=1108.5200,=-0.0755,=25.8259,=0.3321,=17.8693,=23.5206,=28.5784,=32.9002,=111.7688,=2.7980,=0.0792,=2.4368,=2.9382,=3.3277,=4.3740,=6.4483,=1.5741,=0.2558,=1.2031,=1.5092,=1.8437,=2.3352,=3.7145,=0.0257,=0.1209,=0.0380,=0.0262,=768
="931752",工程机械主题,2021-09-27,=0.0079,=2769.1615,=0.0985,=25.9228,=0.9511,=13.6456,=18.4472,=21.1336,=24.3346,=27.9581,=2.3158,=0.9502,=1.2593,=1.5727,=1.7080,=2.1131,=2.6511,=1.4293,=0.9448,=0.7133,=0.9137,=1.0122,=1.2652,=1.6462,=0.0241,=0.0958,=0.0272,=0.0191,=91
="930794",中美互联网,2016-04-22,=-0.0040,=4835.1400,=-0.1131,=26.0590,=0.0771,=21.6222,=27.9974,=32.4589,=38.0931,=50.5410,=6.2861,=0.3680,=3.5920,=5.7048,=6.5708,=7.5414,=9.2259,=5.0286,=0.5756,=2.2940,=3.8795,=4.8487,=5.5740,=7.0802,,=0.2458,,=0.0026,=422
="399702",深证F120,2010-05-10,=0.0055,=7733.1800,=0.0208,=26.1525,=0.9794,=12.6034,=17.7484,=20.6456,=22.4493,=28.8861,=2.1598,=0.3907,=1.5963,=1.9870,=2.2133,=2.6272,=3.5867,=1.3827,=0.5866,=0.8721,=1.1406,=1.3247,=1.5883,=2.2308,=0.0250,=0.0726,=0.0233,=0.0222,=1428
="399701",深证F60,2010-05-10,=0.0066,=7964.7400,=0.0030,=26.6745,=0.9851,=12.1841,=16.9268,=19.7105,=22.0353,=29.1141,=2.0359,=0.2240,=1.6712,=2.0166,=2.1834,=2.5392,=3.7270,=1.3428,=0.4521,=1.0125,=1.2363,=1.3650,=1.5636,=2.4139,=0.0232,=0.0664,=0.0243,=0.0244,=1678
="399617",深证消费,2011-06-15,=0.0031,=7635.5000,=-0.1736,=26.9410,=0.5318,=15.3450,=22.1455,=26.6168,=32.2918,=1768.1548,=2.4092,=0.0004,=2.4050,=3.3465,=4.2571,=5.7490,=9.2732,=1.4349,=0.0004,=1.4323,=1.8872,=2.4647,=3.6985,=6.3240,=0.0294,=0.1055,=0.0582,=0.0375,=368
="399374",中盘成长,2010-01-04,=0.0132,=5500.1100,=0.2031,=27.2000,=0.7727,=12.0664,=16.7038,=22.9681,=27.5418,=33.1996,=3.6048,=0.7809,=1.8942,=2.4100,=3.1260,=3.6257,=4.3864,=2.4981,=0.8024,=0.9013,=1.6610,=2.2040,=2.4932,=3.0605,=0.0366,=0.1248,=0.0238,=0.0147,=201
="931829",中证回购,2023-10-17,,,=0.1169,=27.8999,=0.5676,=16.8171,=21.6839,=25.6371,=35.0425,=40.4937,=2.2860,=0.9762,=1.3801,=1.5597,=1.7306,=1.9545,=2.3571,=0.9715,=0.2401,=0.7604,=0.9633,=1.0244,=1.1686,=1.4917,=0.0242,=0.0495,=0.0133,=0.0265,=38
="931524",SHS科技龙头,2020-07-16,=0.0174,=2939.4255,=0.0936,=28.0850,=0.6315,=18.9033,=23.4657,=26.5718,=35.7769,=59.9125,=3.6941,=0.5186,=2.7731,=3.2878,=3.6683,=5.1798,=9.0190,=2.7596,=0.6051,=1.6886,=2.2557,=2.5426,=4.2645,=7.2475,,=0.1133,,=0.0084,=218
="000969",300非周,2010-05-28,=0.0210,=6103.1533,=0.1461,=28.0852,=0.8601,=15.9839,=20.5836,=22.5119,=25.7974,=38.7203,=2.9134,=0.6535,=2.0789,=2.4838,=2.7746,=3.1883,=4.9189,=1.6205,=0.8329,=0.8921,=1.1502,=1.2813,=1.5425,=2.2463,=0.0251,=0.0964,=0.0261,=0.0190,=86
="399989",中证医疗,2014-10-31,=0.0031,=6407.2000,=-0.0522,=28.1792,=0.1147,=22.9032,=30.0393,=40.1209,=60.5785,=114.3753,=3.0956,=0.0107,=2.8697,=3.8593,=5.5030,=8.1687,=13.4814,=5.3051,=0.1040,=4.3528,=5.6723,=6.5815,=9.4594,=17.4163,=0.0284,=0.1137,=0.0290,=0.0140,=8428
="1000008",沪深B股,1994-01-10,=0.0092,=281.7700,=0.1101,=28.1851,=0.7591,=7.0835,=12.9417,=17.4961,=30.7740,=97.5837,=0.7953,=0.2772,=0.6594,=0.7810,=0.8523,=1.0703,=1.4976,=0.5421,=0.6349,=0.3777,=0.4474,=0.5016,=0.5942,=1.1545,,,=0.0134,=0.0387,=371
=".INX",标普500,1957-03-04,=0.0037,=7473.4700,=0.0917,=28.3709,=0.7820,=15.6907,=21.8433,=24.0396,=28.6112,=42.9883,=5.5961,=0.9984,=2.4601,=3.2245,=3.9385,=4.7381,=5.6265,=3.6004,=0.9996,=1.5801,=2.0833,=2.3682,=3.0307,=3.6244,,,=0.0468,=0.0098,=9089
="931403",品牌工程,2020-01-14,=0.0215,=2219.7914,=0.1243,=28.5073,=0.4593,=18.7149,=23.9673,=29.4923,=44.1038,=69.9724,=4.1880,=0.3325,=3.2380,=4.0099,=5.0761,=7.7217,=10.9810,=3.3152,=0.4723,=2.2604,=2.9213,=3.3843,=4.8138,=7.2001,=0.0453,=0.1433,=0.0461,=0.0206,=116
="HSBIO",恒生生物科技指数,2019-12-01,=0.0006,=13632.0700,=-0.0385,=28.6464,=0.1023,=20.8275,=30.8969,=62.8378,=139.5234,=62737.8398,=2.8644,=0.4821,=1.5084,=2.1456,=2.9168,=4.4567,=6.7821,=1.6074,=0.5574,=0.7434,=1.0903,=1.5352,=2.1566,=3.5303,,=0.1070,,=0.0115,=662
="HSSI",恒生综合小型股指数,2001-10-03,=0.0098,=1577.6200,=0.0046,=28.6971,=0.8819,=7.3220,=11.0812,=16.4113,=26.1671,=83.7574,=1.1281,=0.7284,=0.5652,=0.7237,=0.9816,=1.1647,=1.4185,=0.7480,=0.5859,=0.3459,=0.4532,=0.6975,=0.9205,=1.2872,,,,=0.0247,=126
="000941",新能源,2009-10-28,=-0.0096,=2934.5750,=0.1402,=28.7020,=0.4823,=10.2578,=20.0248,=29.1909,=37.6508,=57.4660,=3.6324,=0.7669,=1.8262,=2.2548,=2.9507,=3.8432,=8.1424,=2.9009,=0.7797,=1.2704,=1.5650,=2.2639,=2.9597,=7.0320,=0.0322,=0.1201,=0.0313,=0.0138,=2454
="931526",企业核心竞争力50,2020-08-24,=0.0095,=1367.1646,=0.0429,=28.9993,=0.7281,=13.8510,=17.2580,=22.9599,=30.1179,=51.8267,=4.2224,=0.5799,=1.7937,=3.0818,=4.0688,=6.8325,=10.8733,=3.5231,=0.5763,=0.9066,=1.4968,=3.4326,=4.5557,=7.9459,=0.0371,=0.1485,=0.0461,=0.0137,=86
="000988",全指工业,2011-08-02,=0.0016,=4506.2107,=0.0916,=29.0025,=0.7789,=13.7285,=19.3778,=24.0517,=29.4361,=37.6625,=2.1440,=0.6353,=1.3866,=1.6512,=2.0223,=2.4483,=2.7728,=1.0148,=0.7158,=0.5551,=0.7455,=0.9038,=1.0748,=1.3765,=0.0185,=0.0650,=0.0170,=0.0155,=234
="931008",汽车指数,2013-07-15,=-0.0033,=10610.5999,=-0.1141,=29.0419,=0.6183,=12.0130,=17.4375,=26.1871,=36.2767,=55.3660,=2.2203,=0.4991,=1.1809,=1.5368,=2.2203,=2.4592,=3.4286,=0.9454,=0.5437,=0.4315,=0.5510,=0.9137,=1.0544,=1.4087,=0.0152,=0.0829,=0.0208,=0.0142,=478
="931747",中证储能,2021-10-15,,,=0.1502,=29.2909,=0.5875,=16.6670,=22.1395,=27.7748,=53.7203,=124.6415,=4.7852,=0.5289,=3.1109,=3.9333,=4.6551,=7.0051,=12.5394,=2.4445,=0.6331,=1.2712,=1.6956,=2.2672,=3.7892,=8.7019,=0.0355,=0.1665,=0.0400,=0.0123,=126
="HSSSHID",恒生沪深港创新药精选50指数,2020-03-01,=-0.0084,=7195.1800,=-0.0403,=29.3407,=0.1834,=23.4861,=29.6756,=35.7094,=52.3575,=94.0285,=3.4081,=0.4105,=2.0729,=2.8062,=3.7397,=6.4191,=8.4497,=4.9034,=0.6656,=1.3432,=1.8814,=3.1992,=5.9778,=8.1459,,=0.1198,,=0.0100,=281
="980032",新能电池,2015-02-17,=-0.0175,=16864.6900,=0.0711,=29.3465,=0.4498,=14.3994,=22.1308,=30.6379,=83.3596,=130.4039,=4.1726,=0.4483,=2.4545,=3.3188,=4.3173,=7.7497,=11.8091,=2.2578,=0.5038,=1.1163,=1.6782,=2.2545,=4.9488,=7.8642,=0.0362,=0.1357,=0.0304,=0.0113,=734
="931239",港股通汽车,2022-07-21,=0.0207,=2318.0718,=0.0024,=29.3804,=0.9638,=12.1049,=14.2245,=16.6032,=22.4389,=31.4216,=3.2620,=0.9504,=1.2076,=1.4292,=1.5657,=2.0775,=3.5989,=1.6315,=0.9544,=0.6024,=0.6821,=0.7497,=1.0363,=1.7776,,=0.1152,,=0.0131,=48
="000907",中证700,2007-01-15,=0.0143,=7453.2006,=0.1514,=29.4624,=0.9934,=13.5964,=17.1394,=19.5530,=24.0391,=35.6383,=2.2833,=0.8626,=1.3201,=1.5883,=1.8280,=2.2169,=2.5821,=1.6267,=0.8106,=0.9663,=1.1767,=1.3273,=1.6154,=1.9854,=0.0223,=0.0692,=0.0213,=0.0166,=265
="000936",中证电信,2009-07-03,=0.0314,=13746.1142,=0.3829,=29.6390,=0.5759,=14.1836,=20.2178,=26.5865,=41.2993,=123.1725,=2.7127,=0.7517,=1.2149,=1.7612,=2.3223,=2.7749,=3.6232,=2.6460,=0.9979,=0.7463,=1.0127,=1.2472,=1.7881,=2.6848,=0.0215,=0.0913,=0.0219,=0.0217,=332
="000037",上证医药,2009-01-09,=-0.0089,=5958.7800,=-0.0593,=29.6675,=0.1007,=21.0843,=31.5098,=34.7490,=41.6974,=61.3894,=3.0994,=0.0891,=2.7278,=3.3506,=3.8885,=4.6066,=7.3155,=2.2750,=0.4150,=1.5724,=2.0207,=2.3591,=2.9190,=4.1395,=0.0281,=0.1036,=0.0282,=0.0129,=2060
="931590",500成长创新,2020-11-09,=0.0134,=31060.7299,=0.1437,=29.6852,=0.9453,=14.5054,=17.7437,=20.0818,=26.7012,=32.9124,=3.4043,=0.8997,=1.6442,=2.3219,=2.6361,=3.2712,=3.8320,=3.4514,=0.9901,=1.3106,=1.9734,=2.2724,=2.6681,=3.6034,=0.0292,=0.1277,=0.0317,=0.0124,=89
="399432",智能汽车,2014-12-30,=-0.0074,=6982.6200,=0.0291,=29.8822,=0.6040,=12.3799,=17.7714,=23.4399,=66.1739,=131.3343,=4.0141,=0.5990,=1.4019,=2.1767,=3.4803,=6.5272,=11.4939,=2.2962,=0.6386,=0.5888,=0.9062,=1.8550,=4.6106,=8.8483,=0.0329,=0.1377,=0.0319,=0.0112,=17
="000857",500医药,2013-11-06,=-0.0012,=9941.3100,=-0.0307,=29.9812,=0.4942,=16.5096,=22.8937,=30.0632,=37.9887,=66.9361,=2.6886,=0.3556,=1.9620,=2.4653,=2.8556,=3.5389,=5.0991,=2.5008,=0.6716,=1.3156,=1.7598,=2.1305,=2.7935,=4.5555,=0.0260,=0.0879,=0.0247,=0.0181,=732
="000933",中证医药,2009-07-03,=-0.0056,=7486.8200,=-0.0746,=30.3087,=0.3738,=22.6651,=27.9022,=32.4983,=37.5717,=63.0472,=2.7891,=0.0235,=2.5059,=3.2188,=3.9975,=4.6474,=7.0232,=2.6099,=0.2673,=1.9281,=2.5173,=3.0343,=3.6041,=5.1631,=0.0282,=0.0926,=0.0299,=0.0172,=7147
="399698",优势成长,2017-06-15,=-0.0072,=52045.7300,=-0.0016,=30.4270,=0.6704,=14.2338,=18.1895,=22.9126,=35.6714,=66.5130,=2.1073,=0.6662,=1.2178,=1.5063,=1.9099,=2.3045,=2.9395,=2.8318,=0.8465,=0.6634,=1.0561,=1.6987,=2.5788,=4.7303,=0.0192,=0.0690,=0.0052,=0.0136,=38
="399804",中证体育,2015-02-09,=-0.0206,=1845.8200,=-0.0694,=30.4342,=0.4682,=17.8349,=25.3379,=31.9171,=47.7222,=92.9525,=2.9505,=0.3366,=2.0588,=2.7283,=3.2241,=3.8410,=5.7602,=2.6223,=0.3610,=1.7235,=2.3146,=2.8757,=4.1280,=7.1775,=0.0257,=0.0922,=0.0231,=0.0225,=297
="399417",新能源车,2014-09-24,=-0.0092,=4116.8700,=0.0583,=30.4595,=0.5004,=14.2186,=20.9718,=30.4525,=56.8057,=106.6289,=4.1077,=0.6844,=1.6630,=2.3823,=3.4489,=4.7051,=9.6468,=2.2755,=0.6902,=0.6730,=1.0543,=1.8497,=2.5741,=6.6041,=0.0339,=0.1319,=0.0293,=0.0115,=2432
="000913",300医药,2007-07-02,=-0.0094,=7380.4700,=-0.1011,=30.5774,=0.3053,=22.1588,=28.7885,=33.4090,=39.5137,=73.4129,=2.8757,=0,=2.8757,=3.6729,=4.8073,=6.0065,=9.5028,=2.7049,=0.0730,=2.2757,=2.9191,=3.3766,=5.4278,=7.4989,=0.0300,=0.0967,=0.0342,=0.0164,=3368
="932246",储能电池,2022-07-08,,,=0.1771,=30.6338,=0.6927,=13.3190,=20.0981,=26.4472,=33.4338,=40.1514,=4.7098,=0.9364,=2.3139,=2.6636,=3.2227,=4.4324,=5.1292,=3.1939,=0.7145,=1.3666,=1.6585,=2.2666,=3.3125,=3.7523,=0.0403,=0.1439,=0.0321,=0.0132,=63
="000991",全指医药,2011-08-02,=-0.0054,=8087.4700,=-0.0723,=30.6595,=0.2809,=23.5983,=29.5064,=34.4031,=41.0792,=73.5923,=2.7769,=0.0103,=2.5957,=3.1964,=3.8159,=4.7164,=6.5650,=2.5939,=0.1444,=2.0200,=2.6646,=3.0334,=3.7556,=5.9103,=0.0278,=0.0907,=0.0276,=0.0168,=7945
="930901",动漫游戏,2016-10-18,=-0.0251,=1737.7033,=-0.1791,=30.6962,=0.2476,=17.2478,=29.6500,=42.4246,=278.2732,=4647.5377,=3.1523,=0.5562,=1.7335,=2.2934,=2.8916,=4.0848,=7.9690,=5.0634,=0.5094,=2.8663,=4.2040,=5.0203,=6.8295,=10.0355,=0.0360,=0.1150,=0.0336,=0.0179,=827
="H11052",智能电车,2009-07-22,=-0.0030,=4476.6900,=0.0547,=30.9068,=0.3651,=16.1153,=26.3648,=33.3657,=63.3646,=148.6443,=4.1491,=0.5998,=2.6129,=3.1950,=3.8744,=5.5107,=9.7804,=2.1121,=0.5697,=1.2507,=1.6563,=2.0364,=3.2736,=6.6252,=0.0316,=0.1293,=0.0281,=0.0100,=195
="399806",环境治理,2014-07-21,=0.0059,=1480.9000,=0.0678,=30.9717,=0.5953,=17.0172,=24.4003,=29.3747,=36.7630,=50.8764,=1.8732,=0.5895,=1.1727,=1.6053,=1.7758,=2.7328,=4.4901,=2.0607,=0.4604,=1.3064,=1.8397,=2.0876,=3.2742,=5.9378,=0.0205,=0.0536,=0.0189,=0.0152,=848
="HSHCI",恒生医疗保健指数,2015-08-17,=0.0013,=3448.6100,=-0.0581,=31.0102,=0.4401,=15.9973,=23.0624,=33.3531,=116.7583,=143059.6617,=2.6833,=0.5205,=1.4805,=2.2483,=2.6391,=3.4857,=7.0432,=1.6840,=0.7381,=0.8149,=1.0180,=1.2843,=1.8603,=3.5391,,=0.0981,,=0.0120,=1720
="000978",医药100,2011-03-18,=-0.0010,=9810.9089,=-0.0592,=31.0839,=0.3230,=23.7467,=28.9537,=33.9825,=37.7475,=66.4077,=2.8278,=0.0087,=2.6819,=3.2745,=4.2087,=5.0232,=7.8052,=2.7182,=0.2191,=2.0946,=2.6888,=3.1485,=3.6588,=5.9820,=0.0280,=0.0911,=0.0286,=0.0164,=4707
="980027",新能源电池,2015-02-16,=-0.0034,=3908.3000,=0.1568,=31.1278,=0.8708,=16.8641,=20.9365,=24.6231,=30.5798,=35.7610,=4.7989,=0.9677,=2.5249,=3.0127,=3.4437,=4.3983,=5.0238,=3.3115,=0.8329,=1.4888,=1.8922,=2.3882,=3.2459,=3.8612,=0.0376,=0.1513,=0.0348,=0.0136,=91
="399440",国证钢铁,2014-12-30,=-0.0019,=1366.1300,=-0.0804,=31.2940,=0.7021,=5.7530,=9.0864,=18.4219,=37.1619,=695.2734,=1.0539,=0.4996,=0.7172,=0.9159,=1.0544,=1.3592,=2.0509,=0.5326,=0.6262,=0.3277,=0.3893,=0.4569,=0.6266,=1.3827,=0.0058,=0.0382,=0.0096,=0.0227,=467
="399976",CS新能车,2014-11-28,=-0.0181,=4815.2900,=0.0782,=31.4695,=0.3775,=13.8890,=22.9016,=34.7371,=62.1175,=231.2544,=4.0358,=0.5565,=2.0896,=3.0970,=3.8946,=6.2213,=11.9870,=2.3253,=0.5074,=0.7703,=1.7976,=2.3199,=4.1916,=9.1824,=0.0343,=0.1248,=0.0265,=0.0102,=2011
="930997",新能源车,2017-07-19,=-0.0176,=3267.1284,=0.0756,=31.6481,=0.4914,=14.0460,=20.4221,=32.0056,=85.5237,=171.6022,=4.0492,=0.6042,=1.7502,=2.4136,=3.6497,=6.1022,=11.4567,=2.3332,=0.5725,=0.7652,=1.1948,=2.1474,=3.9399,=8.7389,=0.0346,=0.1243,=0.0266,=0.0102,=1969
="399330",深证100,2006-01-24,=0.0193,=6744.7200,=0.1594,=31.7447,=0.9757,=14.9910,=20.3243,=22.6193,=26.6612,=38.9547,=3.2258,=0.7372,=1.9919,=2.4968,=2.9326,=3.5438,=5.5535,=2.3261,=0.7455,=1.3434,=1.7250,=2.0924,=2.4344,=4.0791,=0.0278,=0.0897,=0.0269,=0.0166,=2324
="930746",港中小企,2015-08-26,=0.0046,=2545.0223,=-0.0539,=31.7883,=0.9870,=7.8499,=11.1100,=14.1137,=17.7246,=36.0739,=1.0458,=0.4588,=0.6829,=0.8308,=1.0791,=1.2267,=1.6951,=0.6823,=0.4836,=0.3939,=0.5282,=0.6934,=0.8171,=1.1520,,=0.0299,,=0.0320,=207
="931719",CS电池,2013-07-15,=-0.0249,=4822.6640,=0.1342,=31.8375,=0.2842,=15.7007,=26.6847,=42.9308,=64.6630,=121.8822,=4.6210,=0.6935,=1.9771,=2.9292,=3.9518,=5.7588,=11.8941,=3.1049,=0.5326,=1.2782,=2.0990,=3.0341,=4.7407,=9.5565,=0.0377,=0.1370,=0.0297,=0.0121,=548
="931579",东证优势成长,2020-11-09,=0.0157,=10113.9416,=0.3251,=31.9381,=0.8688,=7.9327,=14.2010,=19.0446,=29.6022,=61.0103,=6.3888,=0.8852,=0.9149,=2.5861,=3.3770,=5.7755,=9.3390,=3.9969,=0.9023,=1.1828,=2.0475,=2.3384,=3.6051,=6.0793,=0.0548,=0.1983,=0.0468,=0.0101,=125
="000994",全指电信,2011-08-02,=0.0309,=15408.0264,=0.3834,=32.0541,=0.4389,=17.6024,=21.7761,=34.6895,=52.5847,=109.2407,=2.9088,=0.7141,=1.3865,=1.8410,=2.5289,=3.0695,=3.7766,=2.8303,=0.9979,=0.9155,=1.2459,=1.5293,=1.8611,=2.8779,=0.0216,=0.0895,=0.0218,=0.0200,=225
="931487",SHS人工智能50,2020-05-06,=0.0268,=2390.9808,=0.0856,=32.2437,=0.5467,=18.6614,=25.4657,=31.5756,=37.3286,=66.0883,=4.7652,=0.5454,=3.0781,=4.0428,=4.6533,=6.5022,=10.5947,=5.1339,=0.4722,=3.3555,=4.4926,=5.1846,=6.8405,=9.5096,,=0.1427,,=0.0077,=71
="000808",医药生物,2012-02-17,=-0.0046,=7684.2437,=-0.0727,=32.3172,=0.3692,=23.4705,=28.3997,=34.7031,=37.8852,=66.3352,=2.8437,=0.0124,=2.6545,=3.2827,=4.1937,=4.9177,=7.9299,=2.7061,=0.2244,=2.0659,=2.6750,=3.1022,=3.5475,=6.2098,=0.0273,=0.0877,=0.0275,=0.0160,=1415
="931230",汽车零部件,2013-07-15,=-0.0042,=1293.0732,=0.0003,=32.3845,=0.9235,=18.5338,=23.7088,=26.5962,=30.5196,=34.9965,=3.3519,=0.8945,=1.8462,=2.2834,=2.6040,=3.1769,=3.7531,=2.1379,=0.9037,=1.1819,=1.4553,=1.6592,=2.0128,=2.3775,=0.0227,=0.1141,=0.0262,=0.0120,=44
="931235",中证电信,2022-07-21,=0.0206,=3275.0104,=0.2078,=32.5059,=0.9946,=15.5242,=18.6599,=21.2538,=25.8608,=32.8478,=3.0346,=0.9957,=0.8741,=1.6323,=1.8991,=2.2151,=3.0657,=2.8620,=0.9946,=0.6427,=1.3697,=1.7075,=2.0386,=2.8921,=0.0216,=0.0917,=0.0212,=0.0193,=58
="000814",细分医药,2012-04-11,=-0.0126,=7682.6200,=-0.0796,=32.8111,=0.4983,=21.8871,=27.2039,=32.8252,=37.7198,=60.8250,=2.9199,=0.1192,=2.4219,=3.2364,=4.1351,=4.8855,=7.4081,=2.3776,=0.2310,=1.7858,=2.2980,=2.9199,=3.8482,=5.4819,=0.0283,=0.0890,=0.0304,=0.0159,=408
="000009",上证380,2010-11-29,=0.0125,=7458.9400,=0.1322,=32.9015,=0.9262,=11.6192,=14.6240,=18.0417,=25.1199,=40.6416,=2.4074,=0.8102,=1.2909,=1.6341,=1.9522,=2.3804,=2.8641,=1.5239,=0.7999,=0.7850,=0.9356,=1.0813,=1.5239,=1.8994,=0.0195,=0.0662,=0.0205,=0.0148,=864
="930632",CS稀金属,2015-05-12,=0.0088,=3197.6965,=0.1795,=32.9745,=0.3370,=10.0759,=24.6559,=42.9250,=105.0215,=902.9270,=4.2363,=0.7203,=1.7714,=2.4678,=3.4483,=4.4154,=7.1765,=3.0756,=0.8304,=1.0736,=1.5817,=2.0604,=3.0027,=4.1072,=0.0489,=0.1107,=0.0216,=0.0068,=351
="399394",国证医药,2012-10-29,=-0.0050,=7777.2800,=-0.0836,=33.1556,=0.4348,=22.8656,=29.2541,=34.3754,=39.8130,=65.8576,=3.0232,=0.0219,=2.7032,=3.4647,=4.5093,=5.4654,=8.6075,=2.7771,=0.2401,=1.9890,=2.7236,=3.1688,=4.7608,=6.5385,=0.0285,=0.0916,=0.0308,=0.0156,=1065
="399005",中小板指,2006-01-24,=0.0163,=9731.8100,=0.1776,=33.2245,=0.7356,=16.1163,=23.0542,=28.5304,=34.0254,=44.0181,=3.3343,=0.4274,=2.0289,=2.7421,=3.4651,=4.3360,=5.3697,=2.3125,=0.4670,=1.3510,=1.8219,=2.4034,=3.3230,=4.1546,=0.0255,=0.0988,=0.0255,=0.0121,=3246
="931250",港股通创新药,2012-07-20,=-0.0008,=989.5542,=-0.0150,=33.3450,=0.2648,=21.4435,=32.6738,=36.5982,=45.3709,=63.0533,=3.3794,=0.6773,=1.5232,=1.8094,=2.3003,=3.8517,=4.5255,=5.6789,=0.6773,=1.4727,=1.7488,=2.2744,=6.5557,=7.7209,,=0.1071,,=0.0086,=109
="931787",港股创新药,2018-08-14,=-0.0007,=1234.9321,=-0.0167,=33.3450,=0.3178,=20.8973,=29.3773,=45.1959,=80.3812,=400.8209,=3.3794,=0.6188,=1.5132,=2.2985,=2.9462,=4.1527,=5.7621,=5.6789,=0.8896,=0.8553,=1.2843,=2.0613,=3.1352,=7.7308,,=0.1071,,=0.0086,=728
="000841",800医药,2012-12-21,=-0.0115,=7730.2295,=-0.0752,=33.5958,=0.5796,=21.4494,=28.0346,=32.3158,=37.6239,=58.1462,=2.9467,=0.1316,=2.4193,=3.2028,=3.8150,=4.3897,=6.5122,=4.0090,=0.7191,=1.7815,=2.8895,=3.4449,=4.3840,=6.1565,=0.0288,=0.0871,=0.0293,=0.0167,=590
="399315",巨潮中盘,2005-02-03,=0.0145,=5568.6400,=0.1700,=33.7349,=0.8729,=14.3715,=18.4227,=22.9152,=29.8266,=46.2941,=2.6760,=0.8932,=1.5252,=1.8923,=2.1500,=2.5832,=2.9380,=1.9792,=0.9967,=0.8408,=1.2254,=1.4277,=1.6500,=2.0305,=0.0239,=0.0707,=0.0202,=0.0136,=19
="1000005",上海非金融A股,1994-01-01,,,,=33.7890,=0.9864,=15.3520,=20.3290,=23.4487,=29.7221,=34.6296,=2.3645,=0.9171,=1.5456,=1.8178,=2.0362,=2.2543,=2.5831,=1.4518,=0.9975,=0.7548,=0.9329,=1.0738,=1.1969,=1.4787,=0.0209,=0.0661,=0.0198,=0.0173,=189
="399295",创价值,2019-01-23,=0.0079,=5908.9300,=0.0950,=33.9183,=0.4211,=20.8863,=26.5613,=40.1351,=57.0288,=73.8741,=5.7574,=0.4808,=3.7254,=4.5953,=5.8344,=9.0017,=11.5385,=4.5016,=0.4154,=2.5684,=3.4645,=5.4016,=9.1712,=12.8251,=0.0387,=0.1758,=0.0398,=0.0132,=611
="000949",中证农业,2009-10-28,=-0.0073,=5163.8088,=-0.1081,=34.1501,=0.7211,=14.4444,=21.2919,=29.1161,=36.7819,=1184.8568,=2.5078,=0.1799,=2.0719,=2.5656,=3.2822,=4.0480,=5.2895,=1.3310,=0.2393,=0.8980,=1.1771,=1.7381,=2.0301,=2.8101,=0.0068,=0.0985,=0.0327,=0.0201,=1043
="930791",CS医药TI,2016-03-22,=-0.0055,=8613.9873,=-0.0697,=34.1704,=0.4130,=23.2364,=30.0855,=35.7534,=40.8654,=70.7414,=2.6755,=0.0165,=2.4395,=3.0693,=3.9100,=4.6090,=6.6660,=2.5272,=0.1498,=2.0598,=2.5896,=3.0020,=3.5454,=5.1130,=0.0251,=0.0784,=0.0255,=0.0160,=194
="930614",环保50,2015-04-07,=-0.0067,=2512.4603,=0.0941,=34.3049,=0.7818,=13.7595,=20.5125,=26.7762,=35.1194,=50.3864,=3.0328,=0.6374,=1.9059,=2.3842,=2.8749,=3.6683,=6.0727,=3.0297,=0.6300,=1.6847,=2.2438,=2.8993,=3.3765,=6.6309,=0.0222,=0.0831,=0.0199,=0.0162,=207
="H30463",沪港深500医药,2014-11-28,=-0.0064,=7094.5560,=-0.0866,=34.4117,=0.4419,=23.3470,=30.9439,=35.4878,=42.6572,=94.1690,=3.2439,=0.0850,=2.7545,=3.5583,=4.4612,=5.5958,=10.0878,=3.1197,=0.3802,=1.9470,=2.8257,=3.3141,=4.2224,=9.3489,,=0.0979,,=0.0137,=33
="000977",内地低碳,2011-01-21,=-0.0053,=2238.1154,=0.0737,=34.7073,=0.7888,=13.7595,=20.8967,=26.8070,=35.4176,=50.3864,=3.0436,=0.6489,=1.9264,=2.3844,=2.8679,=3.6471,=6.0727,=3.0445,=0.6691,=1.6847,=2.2202,=2.8358,=3.3944,=6.7765,=0.0220,=0.0823,=0.0200,=0.0162,=387
="399008",中小300,2010-03-22,=0.0123,=1911.1400,=0.1549,=35.1510,=0.7809,=17.8364,=25.4661,=30.4240,=35.6390,=45.5477,=3.0652,=0.5338,=1.7846,=2.4620,=2.9909,=3.8310,=4.7778,=2.1014,=0.5091,=1.1664,=1.6529,=2.0841,=2.8296,=3.8663,=0.0232,=0.0868,=0.0228,=0.0120,=506
="931406",5G 50,2020-02-20,=0.0442,=3205.9547,=0.5062,=35.1949,=0.8265,=15.2657,=20.5715,=23.2995,=34.1509,=51.5506,=3.8137,=0.8100,=1.5292,=1.9572,=2.4060,=3.7777,=5.3757,=2.5590,=1,=0.9155,=1.4004,=1.5792,=1.8809,=2.5590,=0.0252,=0.1023,=0.0236,=0.0158,=700
="399007",深证300,2009-11-04,=0.0166,=6621.6800,=0.1649,=35.3554,=0.9971,=15.3833,=21.4145,=25.0036,=28.7704,=36.0754,=3.0933,=0.7145,=1.8298,=2.3539,=2.8042,=3.2332,=4.4351,=2.2329,=0.6663,=1.2839,=1.6547,=2.0022,=2.4005,=3.3177,=0.0257,=0.0779,=0.0236,=0.0145,=584
="930719",CS精准医,2015-08-05,=-0.0086,=2596.9150,=-0.0231,=35.3841,=0.1031,=29.3195,=38.1920,=52.4789,=67.1604,=102.1078,=4.1459,=0.0893,=3.4982,=4.5718,=6.0902,=9.0347,=14.5104,=6.3644,=0.2459,=5.1956,=6.1979,=7.4646,=10.6414,=18.8625,=0.0301,=0.1091,=0.0230,=0.0081,=337
="399326",成长40,2006-01-24,=0.0273,=8716.8400,=0.3691,=35.5955,=0.8445,=11.4413,=22.5069,=27.6983,=32.2548,=67.8360,=7.8973,=0.9274,=2.3502,=3.7081,=4.7126,=6.3741,=10.3842,=4.8154,=0.9868,=1.6605,=2.3239,=3.0418,=3.8986,=5.1844,=0.0646,=0.2161,=0.0378,=0.0091,=273
="931798",光伏龙头30,2009-06-16,=0.0103,=2537.1348,=0.2190,=35.7405,=0.7533,=8.0886,=17.2411,=24.1372,=37.6614,=66.5518,=3.1254,=0.6815,=1.6869,=2.0167,=2.3943,=4.5878,=8.3847,=2.5473,=0.7290,=0.9999,=1.3260,=1.6639,=3.0761,=5.7040,=0.0172,=0.0745,=0.0196,=0.0100,=193
="399389",国证通信,2011-12-02,=0.0295,=12155.5200,=0.4575,=35.9130,=0.3952,=15.1336,=21.7733,=48.1265,=65.1875,=153.7967,=3.0803,=0.8073,=1.3245,=1.8461,=2.4668,=3.0653,=3.9804,=2.9620,=0.9983,=0.9743,=1.4589,=1.6820,=1.8890,=2.9859,=0.0209,=0.0855,=0.0209,=0.0187,=45
="399088",深创100,2020-02-18,=0.0196,=6038.8700,=0.1964,=35.9289,=0.7448,=15.3025,=21.8331,=26.6925,=38.3367,=56.8187,=5.3026,=0.7705,=2.2889,=3.2826,=4.0331,=5.3712,=6.8856,=3.4452,=0.7357,=1.4223,=1.9691,=2.4219,=3.7458,=5.1281,=0.0356,=0.1522,=0.0358,=0.0116,=74
="399850",深证50,2023-10-18,=0.0222,=10401.1100,=0.1392,=35.9343,=0.9915,=16.5344,=19.8940,=23.1935,=26.8137,=36.5873,=4.0718,=0.9949,=2.5911,=2.9260,=3.2078,=3.6781,=4.1185,=2.3033,=0.9949,=1.3017,=1.4762,=1.6721,=2.0329,=2.3386,=0.0301,=0.0973,=0.0318,=0.0168,=77
="931733",绿色能源,2021-08-19,=-0.0047,=5549.8862,=0.0608,=36.0351,=0.6388,=12.7308,=19.0969,=32.3873,=41.9886,=65.3510,=3.5871,=0.5300,=2.3311,=2.7831,=3.5163,=5.5806,=8.0150,=2.4579,=0.5936,=1.3651,=1.7455,=2.3092,=4.3980,=7.5185,=0.0248,=0.0932,=0.0189,=0.0137,=24
="000812",细分机械,2012-04-11,=-0.0040,=8335.1471,=0.0835,=36.4387,=0.6531,=14.1771,=22.0432,=31.9377,=40.3976,=51.3583,=3.2256,=0.7504,=1.6005,=2.1653,=2.5199,=3.4001,=5.3964,=2.1526,=0.7100,=1.1287,=1.4635,=1.7238,=2.2895,=3.5603,=0.0226,=0.0835,=0.0173,=0.0147,=194
="000827",中证环保,2012-09-25,=-0.0043,=2069.1600,=0.1104,=37.0177,=0.8259,=14.0379,=21.0113,=28.2338,=35.2385,=50.6551,=2.9668,=0.6696,=1.7878,=2.2200,=2.8038,=3.3836,=5.4589,=3.0649,=0.7228,=1.6068,=2.0649,=2.7366,=3.2515,=6.2202,=0.0211,=0.0761,=0.0181,=0.0149,=6245
="931186",中证科技,2019-05-30,=0.0239,=7580.4907,=0.1325,=37.0196,=0.5319,=19.1938,=30.2351,=36.2182,=47.3800,=73.9401,=5.0591,=0.6773,=2.6301,=3.5885,=4.5384,=6.3670,=8.1242,=2.8904,=0.5455,=1.4264,=2.0795,=2.7539,=4.5499,=6.0737,=0.0291,=0.1226,=0.0174,=0.0104,=954
="399612",中创100,2011-02-28,=0.0217,=3311.1000,=0.1995,=37.0328,=0.7805,=18.0203,=24.5371,=31.1439,=39.8478,=52.6199,=4.5942,=0.7059,=2.5576,=3.3599,=4.1927,=5.1140,=7.4671,=3.0473,=0.4967,=1.6155,=2.2648,=3.0592,=4.0076,=5.8630,=0.0320,=0.1210,=0.0297,=0.0109,=157
="399376",小盘成长,2010-01-04,=0.0129,=7727.9600,=0.2167,=37.1074,=0.9200,=14.4007,=20.2318,=25.5915,=32.5439,=60.1410,=3.5596,=0.9501,=1.6246,=2.0607,=2.3691,=3.1554,=4.0524,=1.9932,=0.8040,=0.7224,=1.0640,=1.2043,=1.9754,=3.4032,=0.0271,=0.1002,=0.0195,=0.0115,=283
="399001",深证成指,1995-01-23,=0.0166,=15856.6100,=0.1724,=37.3019,=0.9988,=15.9054,=22.8547,=26.5144,=30.6182,=37.9696,=3.0880,=0.7005,=1.7472,=2.2797,=2.7203,=3.2679,=4.0402,=2.2272,=0.6745,=1.2229,=1.6063,=1.9122,=2.3992,=2.9683,=0.0249,=0.0747,=0.0225,=0.0135,=3680
="399412",国证新能,2014-05-16,=-0.0080,=3159.3000,=0.0671,=37.6370,=0.7347,=13.6858,=20.0843,=24.2816,=40.0619,=66.6027,=3.3629,=0.7116,=1.6349,=2.2652,=2.7128,=3.9698,=7.3016,=2.0888,=0.7368,=0.7993,=1.1702,=1.5204,=2.5873,=5.3757,=0.0217,=0.0862,=0.0211,=0.0121,=360
="930721",CS智汽车,2015-08-05,=0.0117,=5821.2190,=0.0066,=37.7203,=0.4111,=27.2408,=33.9564,=39.6536,=48.9763,=67.2850,=3.7935,=0.4765,=2.5208,=3.3016,=3.8275,=5.3849,=7.3638,=1.4762,=0.1685,=1.1981,=1.5018,=1.8541,=2.6504,=3.8976,=0.0150,=0.1014,=0.0176,=0.0062,=466
="000962",中证中游,2010-04-16,,,=0.2606,=37.8356,=0.9996,=12.7529,=17.3536,=20.1623,=27.2668,=38.0461,=3.5459,=1,=1.5782,=1.9009,=2.2309,=2.5676,=3.5459,=1.7614,=1,=0.6672,=0.8352,=0.9828,=1.1303,=1.7614,=0.0222,=0.0826,=0.0192,=0.0105,=15
="000905",中证500,2007-01-15,=0.0148,=8703.8900,=0.1659,=37.8743,=0.8993,=15.7028,=21.2812,=25.5675,=33.2781,=51.1137,=2.6230,=0.8560,=1.3824,=1.7164,=1.9210,=2.4596,=3.1031,=1.8180,=0.8700,=0.8118,=1.0305,=1.1721,=1.6050,=2.2608,=0.0210,=0.0620,=0.0169,=0.0121,=37960
="000982",500等权,2011-06-13,=0.0130,=10140.7500,=0.1235,=37.8743,=0.8993,=15.7028,=21.2829,=25.5675,=33.2781,=51.1137,=2.6230,=0.8560,=1.3824,=1.7163,=1.9208,=2.4593,=3.1031,=1.8180,=0.8705,=0.8118,=1.0305,=1.1721,=1.6046,=2.2608,=0.0210,=0.0620,=0.0169,=0.0121,=31
="H11054",装备产业,2009-07-22,=0.0025,=3253.5848,=0.1184,=37.9136,=0.7705,=15.6342,=24.4625,=31.7341,=38.5584,=58.0282,=3.3257,=0.8030,=1.6944,=2.1241,=2.5961,=3.3178,=5.1308,=2.3669,=0.8069,=1.2119,=1.4811,=1.8735,=2.3494,=3.6241,=0.0221,=0.0859,=0.0174,=0.0124,=40
="000171",新兴成指,2017-01-25,=0.0396,=2513.3837,=0.3622,=37.9533,=0.8532,=15.0335,=20.2513,=24.6251,=35.2039,=63.8139,=5.0441,=0.6404,=2.6324,=3.2722,=4.3329,=6.3158,=10.8185,=4.4569,=0.8147,=1.3680,=2.1108,=2.7625,=4.3088,=8.5894,=0.0336,=0.1371,=0.0326,=0.0115,=200
="930965",HKC医药C,2017-06-23,=-0.0005,=3095.1372,=-0.0450,=38.0594,=0.5486,=18.1989,=25.6726,=32.7898,=72.8911,=6384.2329,=2.4207,=0.3869,=1.4216,=1.9399,=2.7116,=3.7043,=6.9841,=1.4380,=0.6189,=0.7160,=1.0288,=1.3267,=1.7367,=3.7092,,=0.0645,,=0.0114,=154
="930648",CS智消费,2015-06-05,=0.0362,=4463.8893,=0.2190,=38.1491,=0.9249,=15.4538,=22.2195,=24.9103,=31.0958,=51.6043,=4.5180,=0.9196,=2.1406,=2.8085,=3.2130,=3.9568,=5.4486,=2.0613,=0.8775,=0.8328,=1.2851,=1.4746,=1.8349,=2.9491,=0.0253,=0.1077,=0.0239,=0.0118,=26
="931187",科技100,2019-05-30,=0.0207,=5435.2132,=0.1779,=38.1988,=0.8936,=18.1467,=22.1499,=25.9180,=34.6783,=49.5031,=3.8676,=0.7074,=2.3703,=2.7818,=3.3192,=4.2422,=5.4633,=2.4018,=0.6649,=1.2579,=1.6305,=2.0490,=2.6792,=4.1304,=0.0201,=0.0911,=0.0217,=0.0093,=848
="931746",储能产业,2015-06-11,=-0.0037,=3916.9248,=0.0592,=38.4949,=0.7458,=12.7536,=19.4222,=32.5558,=42.8763,=70.6293,=3.5413,=0.5568,=2.2823,=2.7295,=3.3867,=5.1515,=8.8670,=2.2371,=0.6536,=1.1513,=1.4825,=1.9954,=3.2074,=6.6557,=0.0195,=0.0831,=0.0177,=0.0110,=154
="931456",中国教育,2020-04-21,=-0.0017,=1058.7200,=-0.1260,=38.6507,=0.0019,=37.9129,=56.8667,=95.2546,=-130.4810,=28609.2511,=2.8717,=0.4448,=1.5831,=2.4358,=2.9653,=3.9783,=9.7545,=2.8621,=0.2164,=1.7011,=2.8077,=3.3820,=4.8973,=11.2012,,=0.0593,,=0.0077,=168
="399996",智能家居,2014-09-17,=0.0182,=5610.0800,=0.2203,=38.8961,=0.9257,=17.5405,=23.3761,=27.7566,=33.4918,=47.8369,=4.7847,=0.9905,=2.2523,=2.8549,=3.4643,=4.0967,=5.0256,=2.4548,=0.9802,=1.0942,=1.4673,=1.7628,=2.0620,=2.7965,=0.0273,=0.1118,=0.0260,=0.0129,=206
="931591",1000成长创新,2020-11-09,=0.0100,=38323.7714,=0.1709,=38.9891,=0.9888,=18.0900,=24.4183,=32.0705,=35.7066,=40.6167,=4.1975,=0.7345,=2.0923,=3.0009,=3.3919,=4.3678,=5.3788,=4.4133,=0.9292,=1.8413,=2.7344,=3.0882,=3.8251,=5.2879,=0.0271,=0.1062,=0.0239,=0.0105,=148
="931409",SHS创新药,2020-02-20,=-0.0083,=1992.2835,=-0.0552,=39.2133,=0.4652,=24.9819,=34.4324,=39.6476,=59.8953,=94.9889,=3.8042,=0.4121,=2.3431,=3.2612,=4.1343,=6.4992,=8.9149,=5.7673,=0.6966,=2.2896,=3.1848,=3.9913,=6.5466,=8.2645,,=0.0994,,=0.0101,=309
="930712",CS物联网,2015-07-31,=0.0380,=5473.2841,=0.3123,=39.6497,=0.8804,=21.9217,=27.4652,=32.4284,=37.2325,=50.1215,=5.3145,=0.8424,=2.7515,=3.4472,=4.0806,=4.8832,=7.1882,=2.8420,=0.8985,=1.2084,=1.7388,=2.0106,=2.4064,=3.5102,=0.0346,=0.1340,=0.0303,=0.0114,=162
="930598",稀土产业,2015-03-02,=0.0050,=3091.4184,=0.1014,=40.1568,=0.5045,=21.1133,=29.2013,=39.9021,=72.1986,=288.7421,=3.4694,=0.9377,=1.4810,=1.9699,=2.3147,=3.0233,=4.3047,=1.6692,=0.7979,=0.6656,=0.9718,=1.1867,=1.6716,=2.2389,=0.0350,=0.0883,=0.0227,=0.0091,=730
="399364",消费100,2009-08-03,=0.0369,=13415.4400,=0.2428,=40.1621,=0.9584,=15.8540,=22.3805,=26.4827,=33.6846,=49.3766,=5.0046,=0.8297,=2.6561,=3.2828,=3.7473,=4.6278,=7.3266,=2.5910,=0.8243,=1.3127,=1.6554,=1.9018,=2.4463,=4.2956,=0.0306,=0.1191,=0.0345,=0.0126,=307
="931994",电网设备主题,2022-10-11,=0.0103,=3588.4582,=0.4223,=40.4531,=0.9795,=15.6741,=19.9121,=22.6169,=26.8693,=44.9431,=3.9161,=0.9852,=1.9713,=2.2883,=2.4445,=2.7527,=4.2080,=2.5046,=0.9840,=1.2895,=1.4749,=1.6040,=1.7997,=2.6890,=0.0214,=0.0975,=0.0200,=0.0093,=233
="399971",中证传媒,2014-04-15,=-0.0088,=1378.9300,=-0.0633,=40.6925,=0.7125,=18.4593,=27.0874,=34.9138,=44.9855,=90.0483,=2.3125,=0.3123,=1.5359,=2.1332,=2.5827,=3.3355,=5.5544,=2.8911,=0.3395,=1.9674,=2.6592,=3.2066,=4.7097,=7.1445,=0.0163,=0.0602,=0.0206,=0.0181,=6307
="H30597",新材料,2015-02-13,=0.0045,=5098.7004,=0.2291,=40.8622,=0.7087,=14.0729,=21.7626,=33.2768,=44.7904,=105.5581,=4.2026,=0.7021,=2.1817,=2.8826,=3.6677,=5.2685,=8.9168,=2.8448,=0.5437,=1.2938,=2.0086,=2.7603,=3.7927,=7.1680,=0.0294,=0.0908,=0.0200,=0.0116,=310
="931688",中证算力,2022-07-21,,,=0.4580,=41.1164,=0.9986,=18.0036,=20.6533,=23.4723,=31.6656,=41.1399,=4.2758,=0.9986,=1.6529,=1.8930,=2.2470,=3.2759,=4.2771,=3.0776,=0.9986,=1.3731,=1.5851,=1.7949,=2.4262,=3.0793,=0.0245,=0.1011,=0.0224,=0.0143,=97
="399276",创科技,2020-10-26,=0.0212,=10137.7300,=0.2509,=41.2404,=0.5881,=20.4624,=26.4351,=37.4847,=59.5905,=84.1667,=7.2590,=0.7447,=3.5855,=4.4117,=5.7733,=8.7039,=12.0896,=5.6880,=0.7044,=2.4145,=3.2599,=4.6762,=8.9357,=12.2359,=0.0430,=0.1724,=0.0380,=0.0101,=9
="931785",智选沪深港科技50,2025-06-27,=0.0285,=2888.8362,=0.2113,=41.7164,=1,=31.7791,=34.6668,=36.8261,=38.6346,=41.7164,=5.8135,=1,=3.8679,=4.3200,=4.7492,=5.0784,=5.8135,=3.7222,=1,=2.2695,=2.5703,=2.9239,=3.1899,=3.7222,,,,=0.0071,=8
="931718",高端造质量成长50,2021-08-25,=0.0357,=3796.8362,=0.3139,=41.8311,=0.9118,=16.3078,=22.0206,=28.7020,=36.4091,=49.4696,=6.4384,=0.8865,=3.1255,=3.9032,=4.8024,=5.7074,=8.1954,=3.9822,=0.8699,=1.7207,=2.2361,=2.9086,=3.6308,=5.3327,=0.0328,=0.1450,=0.0326,=0.0085,=27
="932069",港股通医疗主题,2022-07-21,=0.0032,=934.0709,=-0.0572,=41.8869,=0.9299,=20.9778,=25.5863,=29.9761,=34.0102,=51.0900,=2.3168,=0.6461,=1.4397,=1.6080,=1.9293,=2.6066,=3.0086,=1.2446,=0.6544,=0.6760,=0.7620,=0.9560,=1.4224,=1.6308,,=0.0571,,=0.0121,=16
="1000011",A股非金融,1994-01-10,,,,=42.0692,=0.9794,=17.5718,=25.5269,=28.6053,=37.5738,=43.6945,=2.7380,=0.8474,=1.6561,=2.0403,=2.3279,=2.6935,=2.9749,=1.7365,=0.9678,=0.9476,=1.1421,=1.3066,=1.5701,=1.8156,=0.0205,=0.0612,=0.0189,=0.0142,=805
="399625",中创500,2011-08-15,=0.0181,=2940.0200,=0.2066,=42.7804,=0.8597,=20.4615,=28.9847,=35.6912,=41.1662,=52.5750,=4.1487,=0.7236,=2.1192,=2.8827,=3.5466,=4.3598,=5.2667,=2.9721,=0.6196,=1.4713,=2.0764,=2.6286,=3.4613,=4.5526,=0.0265,=0.0951,=0.0239,=0.0098,=164
="399667",创业成长,2013-01-07,=0.0275,=7476.7900,=0.3528,=43.5481,=0.7054,=21.3636,=29.5830,=38.5909,=51.7989,=90.9628,=7.7832,=0.8259,=2.9224,=4.0916,=4.8758,=7.3034,=10.8589,=5.5029,=0.6498,=2.4713,=3.4035,=4.6690,=6.9060,=10.3001,=0.0481,=0.1635,=0.0355,=0.0081,=78
="930771",CS新能源,2015-12-16,,,=0.1763,=43.8216,=0.7654,=11.2377,=23.2129,=34.2853,=45.1798,=62.8342,=3.1700,=0.6496,=1.7615,=2.1613,=2.8626,=3.9176,=7.2156,=2.7455,=0.7152,=1.2791,=1.6684,=2.1978,=3.1325,=6.6822,=0.0221,=0.0668,=0.0165,=0.0109,=31
="399808",中证新能,2015-02-10,=-0.0061,=3117.1300,=0.1073,=43.8216,=0.7116,=11.2377,=23.4990,=36.6592,=46.5019,=62.8342,=3.1700,=0.6493,=1.7615,=2.1712,=2.9351,=3.8504,=7.2277,=2.7455,=0.7302,=1.2791,=1.6778,=2.2570,=3.0254,=6.6822,=0.0221,=0.0668,=0.0165,=0.0109,=1288
="931672",风电产业,2021-04-29,=0.0122,=2173.4565,=0.2338,=43.8537,=0.9959,=16.8665,=21.0827,=24.1769,=29.0937,=45.5856,=2.4033,=0.7665,=1.3490,=1.6682,=1.9795,=2.5057,=3.5946,=2.9299,=0.9224,=1.4458,=1.8881,=2.1337,=2.6920,=3.3215,=0.0166,=0.0571,=0.0184,=0.0087,=60
="HSIDI",恒生创新药指数,2023-01-01,=-0.0006,=2548.9400,=-0.0537,=43.8867,=0.1504,=21.3081,=46.2983,=55.7624,=107.4961,=157.2991,=3.5219,=0.7497,=1.7148,=2.1204,=2.6470,=3.9883,=5.1867,=3.1323,=0.7377,=1.5892,=1.8199,=2.2735,=3.4224,=4.4669,,=0.1014,,=0.0085,=227
="HSSCID",恒生港股通创新药指数,2023-07-01,=0.0005,=2971.3100,=-0.0606,=43.8867,=0.4590,=20.9262,=38.8698,=44.9728,=61.4751,=216.1774,=3.5219,=0.7090,=1.6870,=2.0011,=2.5533,=4.1135,=5.1867,=3.1323,=0.7020,=1.6002,=1.8688,=2.4005,=3.5667,=4.4669,,=0.1014,,=0.0085,=108
="H30178",医疗保健,2013-07-15,=0.0050,=13144.7308,=-0.0316,=44.0796,=0.4526,=19.5848,=32.8016,=45.5936,=66.1828,=123.2936,=2.8476,=0.0111,=2.6575,=3.4389,=5.6180,=7.4864,=12.4381,=4.8206,=0.0264,=4.3601,=5.4350,=6.5063,=8.1023,=14.2518,=0.0196,=0.0653,=0.0216,=0.0138,=552
="931152",CS创新药,2019-04-22,=-0.0115,=1753.7475,=-0.0741,=44.1038,=0.5416,=27.6044,=36.5590,=43.2506,=53.2521,=74.6844,=3.5840,=0.3081,=2.5551,=3.3380,=4.2147,=5.9657,=8.7449,=5.2834,=0.7531,=2.2436,=2.9083,=3.3895,=5.6311,=9.4897,=0.0271,=0.0786,=0.0224,=0.0110,=1844
="399101",中小综指,2005-12-01,=0.0100,=16409.0900,=0.1281,=44.2393,=0.7261,=22.7937,=34.4929,=40.6764,=47.5895,=65.2068,=3.0367,=0.6081,=1.7151,=2.3689,=2.8048,=3.4551,=4.7418,=2.0886,=0.5578,=1.1654,=1.6542,=2.0234,=2.6148,=3.9938,=0.0208,=0.0674,=0.0195,=0.0108,=25
="1000012",中小板全指,2005-12-01,=0.0100,=16409.0900,=0.1281,=44.3734,=0.6753,=22.6352,=35.3655,=41.3106,=49.1906,=73.8161,=3.0497,=0.6048,=1.7125,=2.3729,=2.8163,=3.4832,=4.7425,=2.0577,=0.5470,=1.1448,=1.6386,=2.0077,=2.6077,=3.9859,=0.0209,=0.0671,=0.0194,=0.0107,=564
="H30217",医疗器械,2013-07-15,=0.0051,=9488.2180,=-0.0336,=44.7222,=0.6324,=17.1055,=29.5762,=39.4512,=57.9482,=82.8778,=2.7750,=0.0140,=2.5693,=3.2910,=4.8692,=6.6389,=11.6091,=5.1695,=0.1106,=4.1030,=5.3746,=6.0971,=8.2841,=13.3528,=0.0184,=0.0626,=0.0209,=0.0142,=1314
="399285",物联网50,2020-02-18,=0.0383,=8522.7300,=0.3492,=44.7800,=0.9506,=21.8675,=26.3710,=31.2760,=38.0600,=48.8450,=6.1233,=0.9750,=2.6765,=3.4056,=3.9920,=5.2510,=6.4883,=4.0172,=1,=1.7407,=2.0158,=2.4062,=3.0912,=4.0172,=0.0353,=0.1364,=0.0304,=0.0102,=93
="987018",港股通创新药,2021-11-18,=0.0007,=1781.2230,=-0.0489,=45.4614,=0.4090,=22.9379,=35.5870,=50.9658,=97.1715,=537.2167,=3.5926,=0.6507,=1.6768,=2.2804,=3.1997,=4.1751,=6.0885,=5.5052,=0.5466,=2.6005,=3.5150,=5.3218,=7.1062,=12.1954,,=0.0844,,=0.0080,=311
="931447",科技先锋,2020-04-21,=0.0308,=3561.3149,=0.1541,=45.7819,=0.7585,=19.0346,=27.1063,=36.5947,=47.7974,=82.3567,=5.2688,=0.6920,=2.7045,=3.3985,=4.2536,=6.7355,=10.6025,=2.8282,=0.6649,=1.4804,=1.9076,=2.3883,=3.7416,=7.0848,=0.0256,=0.0990,=0.0202,=0.0093,=18
="399296",创成长,2019-01-23,=0.0401,=9003.0500,=0.4446,=45.9163,=0.5620,=22.4911,=30.6522,=43.1362,=64.1412,=104.6935,=9.7076,=0.7672,=3.9463,=4.9211,=6.9073,=10.6438,=14.9802,=7.0229,=0.6764,=2.5417,=3.4526,=5.8048,=12.0489,=17.3385,=0.0584,=0.2040,=0.0396,=0.0073,=1049
="399293",创业大盘,2019-04-18,=0.0270,=8096.9500,=0.2495,=45.9792,=0.6395,=20.6573,=29.3674,=41.0933,=54.3922,=71.9327,=7.2195,=0.6681,=3.4452,=4.6955,=6.2176,=9.2717,=13.4901,=5.9378,=0.5782,=2.8408,=3.9925,=5.6642,=9.9566,=14.8309,=0.0411,=0.1554,=0.0377,=0.0091,=179
="931783",智能驾驶,2022-02-21,,,=0.0563,=46.7343,=0.4913,=31.9944,=40.1180,=46.9636,=70.5982,=98.5983,=3.8347,=0.7422,=2.5981,=3.3330,=3.5763,=3.9721,=4.9384,=2.0741,=0.7287,=1.3276,=1.7207,=1.9385,=2.1283,=2.7953,=0.0149,=0.0928,=0.0256,=0.0076,=9
="980015",疫苗生科,2015-02-16,=-0.0020,=5803.2100,=-0.0768,=47.2053,=0.6436,=24.1714,=31.1170,=42.2985,=53.8233,=80.8207,=3.4169,=0.1056,=2.9980,=3.5887,=4.1572,=6.9367,=11.0606,=6.1545,=0.4521,=4.5746,=5.4707,=6.4385,=9.5077,=15.0694,=0.0223,=0.0693,=0.0219,=0.0109,=74
="000998",中证TMT,2011-11-08,=0.0381,=3968.8807,=0.3497,=47.3643,=0.9191,=18.9989,=27.6163,=34.6247,=43.5205,=58.6698,=4.8174,=0.9732,=1.9674,=2.4618,=3.2920,=3.9550,=5.2875,=3.4390,=1,=1.2505,=1.8092,=2.1774,=2.5963,=3.4390,=0.0233,=0.0900,=0.0196,=0.0110,=554
="930726",CS生医,2015-08-05,=-0.0090,=2262.5036,=-0.0736,=47.5780,=0.4670,=24.4874,=31.9329,=48.8171,=62.2723,=107.1179,=3.9241,=0.1077,=3.1768,=4.4535,=6.9082,=8.5259,=14.2976,=7.1336,=0.2195,=4.8871,=6.8831,=10.0159,=12.5690,=19.9452,=0.0287,=0.0766,=0.0261,=0.0095,=833
="399673",创业板50,2014-06-18,=0.0220,=4312.2600,=0.2720,=47.6400,=0.6572,=20.6075,=30.6784,=42.5402,=57.6316,=106.7499,=7.6363,=0.8189,=3.1473,=4.3234,=5.2400,=7.3730,=11.7288,=6.0450,=0.6419,=2.6907,=4.1383,=5.4995,=7.9450,=13.3154,=0.0447,=0.1569,=0.0355,=0.0081,=5459
="399006",创业板指,2010-06-01,=0.0210,=4021.1600,=0.2554,=48.1836,=0.6444,=22.8885,=32.3387,=42.0385,=55.4747,=79.6826,=6.4912,=0.7999,=3.0035,=4.0151,=4.8494,=6.4912,=9.5804,=4.8103,=0.5598,=2.3312,=3.4103,=4.5416,=6.4696,=8.4805,=0.0369,=0.1330,=0.0313,=0.0085,=16446
="399803",工业4.0,2015-02-13,=0.0234,=7049.8000,=0.3106,=48.7587,=0.8185,=19.7294,=27.9595,=36.1266,=47.7873,=62.0492,=5.6178,=0.8012,=2.6645,=3.4308,=4.3423,=5.6094,=8.0266,=2.7290,=0.5693,=1.5023,=2.0108,=2.5352,=3.2728,=4.8981,=0.0258,=0.1072,=0.0218,=0.0082,=485
="980080",成长100,2012-12-28,,,=0.3390,=49.0782,=0.4987,=39.4731,=44.6388,=49.0806,=55.8216,=70.5336,=7.4306,=1,=3.0437,=3.5970,=4.9253,=6.3723,=7.4306,=3.5893,=0.8167,=2.0191,=2.3949,=2.8964,=3.5140,=4.9708,=0.0481,=0.1452,=0.0254,=0.0066,=167
="931159",创新100,2019-05-16,=0.0354,=4441.0563,=0.3059,=49.1477,=0.9207,=24.8309,=32.2586,=36.0438,=46.3180,=59.7307,=5.9081,=0.8872,=2.9189,=3.6881,=4.3531,=5.4830,=7.4325,=4.7298,=0.7850,=2.3351,=3.1557,=3.7630,=4.8389,=6.6085,=0.0278,=0.1244,=0.0278,=0.0079,=227
="930743",中证生科,2015-08-26,=-0.0065,=3018.8087,=-0.0832,=50.4445,=0.5045,=24.0733,=39.5208,=50.2807,=59.8284,=100.3520,=3.3394,=0.0355,=2.9526,=3.8962,=6.1806,=8.0612,=14.6705,=5.9899,=0.1250,=4.7455,=6.3040,=8.9440,=12.4379,=18.8359,=0.0226,=0.0618,=0.0204,=0.0099,=1219
="930599",中证高装,2015-03-02,=0.0308,=11120.0427,=0.3193,=50.5808,=0.8894,=19.5438,=27.7467,=34.6497,=45.3237,=65.7817,=4.8303,=1,=1.8509,=2.5592,=3.1097,=3.6581,=4.8303,=2.7397,=0.9913,=1.2322,=1.6106,=1.9483,=2.4217,=2.8921,=0.0227,=0.0865,=0.0192,=0.0079,=114
="930662",CS现代农,2015-07-13,=-0.0040,=932.9328,=-0.1289,=50.9681,=0.7188,=13.0417,=20.4661,=28.3376,=61.7371,=301.1137,=2.2347,=0.0643,=1.8555,=2.5296,=2.8433,=3.1465,=4.3308,=0.9842,=0.1078,=0.8273,=1.0226,=1.1725,=1.5582,=2.1026,=-0.0091,=0.0850,=0.0345,=0.0236,=49
="930651",CS计算机,2015-06-05,=0.0146,=8506.3700,=0.0970,=51.0226,=0.3762,=33.6687,=44.4513,=57.0150,=67.2741,=115.0591,=5.1399,=0.8028,=2.6283,=3.7942,=4.3700,=5.1311,=6.5144,=3.0637,=0.2842,=2.0877,=2.9181,=3.6501,=4.3241,=5.6880,=0.0244,=0.0892,=0.0073,=0.0088,=642
="399441",生物医药,2015-01-20,=-0.0072,=1985.3400,=-0.0748,=51.9737,=0.6221,=21.8350,=32.3563,=47.8186,=65.0320,=119.0737,=2.9894,=0.1192,=2.3073,=3.4262,=6.3730,=7.8152,=13.6606,=5.8740,=0.1922,=3.6424,=5.9214,=9.5680,=14.0901,=21.5399,=0.0194,=0.0565,=0.0192,=0.0116,=1672
="399316",巨潮小盘,2005-02-03,=0.0164,=7065.1900,=0.1750,=52.0155,=0.9670,=17.4883,=24.6121,=29.2569,=38.1824,=58.4724,=2.5356,=0.8280,=1.3049,=1.7086,=1.9634,=2.4504,=3.2926,=1.6185,=0.7781,=0.7478,=1.0120,=1.2291,=1.7296,=2.5759,=0.0167,=0.0444,=0.0142,=0.0107,=22
="1000003",深圳A股,1994-01-01,=0.0094,=2889.5500,=0.1417,=52.0369,=0.9422,=20.1337,=32.6807,=37.4298,=46.6384,=60.3260,=3.1402,=0.7257,=1.7026,=2.2996,=2.6854,=3.2433,=3.9166,=2.2906,=0.7145,=1.2021,=1.6469,=1.9179,=2.3993,=3.2018,=0.0203,=0.0553,=0.0180,=0.0110,=1820
="930986",金融科技,2017-06-22,=0.0094,=2646.7909,=-0.1520,=52.8323,=0.4492,=32.2484,=42.9200,=55.8721,=81.7911,=257.1796,=4.7542,=0.5222,=2.5474,=4.0104,=4.7079,=5.8287,=7.7786,=6.7459,=0.7611,=2.9625,=3.8675,=4.7421,=7.0245,=9.8281,=0.0192,=0.0872,=0.0151,=0.0075,=252
="930820",CS高端制,2016-05-11,=0.0273,=10838.2213,=0.2801,=53.2434,=0.9967,=21.5994,=28.9923,=36.5499,=42.5167,=53.9836,=4.6773,=0.9856,=2.0597,=2.7148,=3.1874,=3.8547,=4.9567,=3.0383,=0.9983,=1.1980,=1.7166,=2.0514,=2.4625,=3.0730,=0.0220,=0.0816,=0.0186,=0.0077,=310
="000958",创业成长,2010-03-24,,,=0.3287,=53.2808,=1,=11.9506,=17.5032,=24.3285,=30.6857,=53.2808,=10.3119,=1,=2.6815,=3.7899,=5.1648,=6.3306,=10.3119,=6.5020,=1,=1.2937,=1.9105,=2.5436,=3.9697,=6.5020,=0.0493,=0.2198,=0.0640,=0.0055,=667
="399959",军工指数,2011-08-30,=0.0047,=1797.9100,=-0.0097,=54.3088,=0.3089,=34.5950,=50.8774,=61.0496,=73.9773,=167.2472,=3.1854,=0.4313,=2.0269,=2.6530,=3.2680,=4.0402,=5.9912,=2.9022,=0.3258,=2.1044,=2.7149,=3.3299,=3.8912,=5.2606,=0.0143,=0.0591,=0.0108,=0.0069,=2
="399610",TMT50,2010-11-08,=0.0373,=13226.6300,=0.3804,=54.7411,=0.9678,=21.0331,=30.1605,=38.0615,=46.3047,=64.7172,=7.1601,=1,=2.4071,=3.2240,=4.0358,=5.1130,=7.1601,=3.9950,=0.9084,=1.5843,=2.0120,=2.7265,=3.7045,=4.9386,=0.0296,=0.1080,=0.0206,=0.0065,=513
="399624",中创400,2011-08-15,=0.0129,=3119.7600,=0.2134,=55.3357,=0.8956,=22.4097,=32.9060,=40.4801,=48.6722,=82.4491,=3.6336,=0.8445,=1.6720,=2.4135,=2.8485,=3.4203,=5.3458,=2.8686,=0.8540,=1.2865,=1.8978,=2.2294,=2.7033,=4.6386,=0.0199,=0.0651,=0.0174,=0.0082,=230
="399970",移动互联,2014-05-05,=0.0316,=5511.1900,=0.2354,=56.0635,=0.9554,=21.2604,=32.0602,=40.2090,=49.4536,=64.0807,=5.8287,=0.8284,=2.3944,=3.2977,=4.0617,=5.6446,=7.9573,=3.1686,=0.7636,=1.5790,=2.0679,=2.5538,=3.2961,=4.6665,=0.0246,=0.0808,=0.0175,=0.0068,=468
="000852",中证1000,2014-10-17,=0.0123,=8799.3100,=0.1585,=56.6084,=0.9018,=18.9344,=30.9274,=37.8096,=48.0585,=81.8025,=2.8758,=0.7669,=1.4880,=2.1060,=2.4388,=2.9481,=4.2563,=1.9870,=0.8082,=0.9250,=1.3827,=1.5864,=1.9700,=3.5402,=0.0158,=0.0499,=0.0155,=0.0091,=7284
="930821",中证VR,2016-05-11,=0.0212,=3921.3828,=0.2281,=57.2260,=0.8163,=17.6816,=31.4938,=42.9920,=55.6510,=175.0572,=3.9047,=0.7689,=1.7358,=2.3267,=2.8579,=4.0778,=5.0269,=2.3060,=0.6668,=1.1117,=1.4734,=1.9013,=2.8883,=3.7313,=0.0113,=0.0443,=0.0138,=0.0068,=146
="H30535",互联网,2015-01-12,=0.0298,=6460.6596,=0.3323,=57.4020,=0.9592,=14.4753,=20.8049,=35.1862,=47.4343,=65.8357,=7.3786,=0.9996,=1.7453,=2.4398,=3.2012,=4.0038,=7.4414,=4.5464,=0.9992,=1.1519,=1.6628,=1.9669,=2.8074,=4.6349,=0.0359,=0.1165,=0.0168,=0.0061,=21
="931165",新兴科技100,2019-04-25,=0.0294,=10707.4255,=0.2582,=58.3939,=1,=17.0055,=23.2394,=29.1366,=39.0018,=58.3939,=11.0865,=1,=3.5721,=4.3329,=5.2912,=7.4892,=11.0865,=10.4881,=1,=3.0368,=3.6469,=4.7865,=6.2621,=10.4881,=0.0515,=0.1919,=0.0378,=0.0060,=519
="931087",科技龙头,2019-03-20,=0.0496,=7451.8201,=0.4177,=60.1510,=0.9804,=22.2848,=33.5847,=40.2885,=51.0646,=64.5538,=7.9634,=0.9885,=2.8190,=4.2015,=5.2572,=6.4516,=8.4597,=6.2354,=0.9948,=2.0316,=3.3069,=3.9456,=4.8789,=6.4338,=0.0321,=0.1080,=0.0209,=0.0049,=2082
="930606",中证钢铁,2015-03-31,=-0.0022,=1053.3888,=-0.0958,=61.0161,=0.7772,=5.9346,=9.2015,=18.9540,=122.7688,=77593.1899,=1.0340,=0.4443,=0.7076,=0.9198,=1.0659,=1.3569,=2.0450,=0.4912,=0.5850,=0.2931,=0.3819,=0.4577,=0.6278,=1.2948,=0.0020,=0.0221,=0.0071,=0.0224,=763
="931696",科技50策略,2021-07-12,=0.0406,=28939.3940,=0.4366,=61.1308,=1,=23.0047,=27.7181,=33.4856,=42.1005,=61.1308,=9.5896,=0.9966,=3.0567,=3.8995,=4.4132,=6.9599,=9.7885,=5.2685,=0.9686,=1.9010,=2.3587,=2.6522,=4.0458,=6.7093,=0.0396,=0.1271,=0.0285,=0.0051,=10
="931079",5G通信,2019-04-25,=0.0461,=3062.8620,=0.5888,=62.1179,=0.9982,=21.0709,=27.5517,=33.2929,=43.6852,=103.6981,=8.7734,=1,=2.3623,=3.0350,=3.5989,=5.2127,=8.7734,=3.5614,=1,=1.1916,=1.4855,=1.8610,=2.3111,=3.5614,=0.0389,=0.1398,=0.0276,=0.0053,=2263
="980030",消费电子,2015-02-17,=0.0339,=10601.6800,=0.4591,=62.6236,=1,=18.6467,=31.5121,=38.4885,=47.0023,=62.6236,=5.2371,=0.9871,=2.0026,=2.5908,=2.9707,=4.1335,=5.7500,=2.6613,=0.9058,=1.1413,=1.3962,=1.5690,=2.2863,=3.4515,=0.0190,=0.0648,=0.0154,=0.0056,=377
="931160",通信设备,2013-07-15,=0.0385,=23621.4624,=0.5279,=64.0863,=0.8899,=19.3231,=27.7990,=36.6948,=52.8194,=91.1971,=10.0097,=1,=2.1520,=2.8712,=3.4260,=3.9713,=10.0097,=3.6127,=1,=0.9706,=1.2833,=1.5071,=2.4372,=3.6127,=0.0428,=0.1280,=0.0276,=0.0057,=1233
="000915",300信息,2007-07-02,=0.0510,=4571.8296,=0.4064,=65.6600,=0.9971,=20.6178,=34.5626,=39.5647,=47.5445,=68.0661,=7.7008,=1,=2.7398,=3.5399,=4.3347,=5.3395,=7.7008,=3.7655,=0.6774,=1.6744,=2.1697,=3.2129,=4.1018,=4.9963,=0.0247,=0.0971,=0.0166,=0.0059,=18
="930707",中证畜牧,2015-07-13,=-0.0055,=1947.8186,=-0.1176,=65.7101,=0.7512,=11.3375,=17.7937,=26.8655,=113.3570,=237.1331,=2.2577,=0,=2.2577,=2.6962,=3.3213,=4.2745,=5.8838,=0.9435,=0.0528,=0.8185,=1.0458,=1.4403,=2.0957,=2.9452,=-0.0138,=0.0829,=0.0347,=0.0244,=1184
="931380",科技50,2019-11-25,=0.0496,=4368.9397,=0.3828,=66.0405,=0.9758,=22.4426,=31.1232,=45.5444,=56.4125,=71.9143,=7.5222,=0.8372,=2.7627,=3.8548,=5.2981,=7.3557,=9.9144,=6.1953,=0.9186,=2.1802,=3.0460,=4.0384,=5.5637,=7.7525,=0.0253,=0.0951,=0.0118,=0.0060,=946
="399994",信息安全,2015-03-12,=0.0152,=1891.1000,=0.0373,=66.9028,=0.4975,=35.0629,=52.7648,=67.0495,=85.7906,=183.5630,=3.8474,=0.4658,=2.3256,=3.3624,=3.8868,=4.5966,=6.2767,=2.9094,=0.2133,=2.1829,=2.8974,=3.2703,=3.8380,=5.1182,=0.0078,=0.0539,=0.0040,=0.0107,=88
="931643",科创创业50,2021-06-01,=0.0471,=2811.7438,=0.4095,=67.1190,=0.8963,=22.6109,=28.3967,=39.7976,=57.1104,=92.9106,=8.7393,=0.8797,=3.3216,=4.1618,=5.1458,=6.9964,=12.1685,=7.9611,=0.8448,=2.7030,=3.3853,=4.5780,=6.9318,=14.6821,=0.0368,=0.1190,=0.0246,=0.0060,=1933
="399363",云科技,2009-08-03,=0.0521,=14593.8200,=0.5619,=67.8884,=0.9938,=25.0041,=36.0760,=41.7430,=49.5252,=74.9161,=10.7412,=1,=3.0187,=3.9521,=4.6833,=5.6323,=10.7412,=4.4014,=0.9884,=1.6015,=2.2265,=3.0787,=3.7601,=4.5583,=0.0491,=0.1469,=0.0254,=0.0053,=282
="930713",CS人工智,2015-07-31,=0.0401,=7082.6449,=0.3409,=67.9956,=0.8993,=24.8131,=43.8200,=53.2634,=62.6319,=90.1869,=9.0728,=1,=2.8384,=3.9100,=4.7025,=5.4107,=9.0728,=6.3736,=1,=2.3148,=3.1674,=3.7879,=4.3005,=6.3736,=0.0330,=0.1245,=0.0172,=0.0048,=1016
="931461",电子50,2009-07-22,=0.0568,=8766.2432,=0.4870,=68.5957,=1,=20.3357,=30.2775,=36.2956,=47.5821,=68.5957,=7.8638,=1,=2.5323,=3.1789,=3.6766,=5.2107,=7.8638,=3.8679,=0.9633,=1.1588,=1.7970,=2.0566,=3.0288,=4.5428,=0.0239,=0.0884,=0.0169,=0.0054,=436
="931494",消费电子,2020-06-12,=0.0549,=7541.5012,=0.4827,=68.9774,=1,=20.2625,=31.4863,=38.3903,=50.7324,=68.9774,=7.1413,=1,=2.1307,=2.8087,=3.4641,=5.0109,=7.1413,=3.4553,=1,=1.3000,=1.6441,=1.9384,=2.5854,=3.4553,=0.0228,=0.0807,=0.0166,=0.0053,=220
="899050",北证50,2022-11-21,=-0.0079,=1316.7400,=-0.0859,=69.4765,=0.8453,=15.5447,=18.2597,=30.5036,=67.0826,=91.3357,=4.4087,=0.6387,=2.0170,=2.4237,=2.9173,=4.9782,=5.6644,=3.5036,=0.5915,=1.3969,=1.6931,=2.0468,=4.1373,=5.1557,=0.0174,=0.0675,=-0.0021,=0.0075,=729
="930850",智能制造,2016-07-20,=0.0505,=6702.4470,=0.4001,=69.7346,=1,=23.4329,=32.5104,=41.2832,=49.9020,=69.7346,=6.8495,=1,=2.5370,=3.5011,=4.1199,=5.0380,=6.8495,=3.9785,=0.8411,=1.5919,=2.3437,=2.7635,=3.5140,=5.3954,=0.0208,=0.0857,=0.0160,=0.0057,=359
="930652",CS电子,2015-06-05,=0.0512,=14339.5130,=0.4619,=69.9908,=0.9992,=21.2056,=33.8173,=43.2205,=51.3973,=71.5815,=7.6031,=1,=2.2039,=3.1461,=3.6450,=4.7453,=7.6031,=4.0796,=0.9996,=1.4014,=2.0216,=2.2910,=3.0249,=4.1010,=0.0249,=0.0838,=0.0162,=0.0051,=474
="980022",机器人产业,2015-02-25,=0.0022,=2897.5000,=0.0918,=70.6810,=0.8975,=13.7974,=16.6127,=20.0138,=41.4298,=93.9438,=5.6913,=0.9695,=2.5198,=3.0453,=3.5763,=4.7303,=6.2730,=4.7610,=0.9215,=1.0172,=1.2335,=1.4200,=3.4251,=5.9220,=0.0186,=0.0892,=0.0245,=0.0046,=280
="399303",国证2000,2014-03-28,=0.0074,=11565.2500,=0.1617,=71.3468,=0.9369,=23.3937,=36.3012,=42.0125,=53.4514,=96.7185,=3.1130,=0.8717,=1.4941,=2.0787,=2.2973,=2.7662,=4.2124,=2.3616,=0.8556,=1.0643,=1.3926,=1.5528,=2.1203,=3.4322,=0.0140,=0.0453,=0.0143,=0.0080,=708
="931866",中证机床,2022-05-09,=0.0166,=2768.3857,=0.5438,=71.8493,=0.9874,=28.6086,=36.8106,=40.3127,=50.7095,=75.6656,=7.3804,=1,=2.8302,=3.7387,=4.2554,=4.9922,=7.3804,=6.0604,=1,=2.4023,=3.1504,=3.4134,=4.0837,=6.0604,=0.0321,=0.1022,=0.0244,=0.0052,=151
="930875",空天军工,2016-08-17,=0.0193,=2500.2412,=0.0334,=72.1183,=0.7704,=27.3832,=45.4242,=55.3099,=73.3042,=98.7933,=3.9424,=0.6098,=2.4052,=3.1510,=3.6143,=4.9481,=7.9650,=3.5103,=0.4583,=2.1274,=2.8875,=3.7196,=4.5368,=7.7673,=0.0090,=0.0567,=0.0104,=0.0061,=105
="931071",人工智能,2018-11-21,=0.0422,=3078.9406,=0.3591,=72.6253,=0.9944,=30.9003,=39.6613,=48.3373,=56.3320,=74.4524,=11.2924,=1,=2.9559,=3.8942,=4.7234,=5.8711,=11.2924,=9.1995,=1,=2.2000,=2.7950,=3.1849,=4.0514,=9.1995,=0.0409,=0.1450,=0.0239,=0.0049,=1324
="000935",中证信息,2009-07-03,=0.0467,=8971.0400,=0.3978,=72.9490,=0.9934,=22.3783,=36.3294,=44.9193,=54.2169,=77.7561,=7.3838,=1,=2.5910,=3.3282,=4.0442,=4.7385,=7.3838,=4.2859,=0.9847,=1.7187,=2.2023,=2.7258,=3.5198,=4.5057,=0.0237,=0.0833,=0.0137,=0.0051,=1116
="931845",生猪产业,2012-04-11,,,=-0.1381,=73.5161,=0.7875,=12.7881,=21.1629,=29.0040,=101.0404,=705.7713,=2.5385,=0.0012,=2.5125,=2.9022,=3.5045,=4.1514,=5.7536,=0.9633,=0.0450,=0.8594,=1.0428,=1.6553,=2.1723,=2.8287,=-0.0154,=0.0788,=0.0361,=0.0274,=163
="931009",建筑材料,2013-07-15,=0.0029,=6042.3912,=-0.0377,=74.0056,=0.9926,=8.0662,=10.3819,=14.4048,=24.6727,=95.7816,=0.9689,=0.1133,=0.7557,=1.0185,=1.5163,=2.0001,=2.4800,=1.0763,=0.3467,=0.6904,=0.9624,=1.1645,=1.5182,=2.1670,=-0.0025,=0.0109,=-0.0006,=0.0244,=737
="399368",国证军工,2009-11-04,=0.0155,=8641.1400,=0.0139,=74.7541,=0.7521,=38.1822,=54.2867,=63.7415,=78.3589,=107.0849,=3.5773,=0.8061,=2.0244,=2.5859,=3.0404,=3.5697,=4.3940,=3.4480,=0.6493,=1.8459,=2.5701,=3.1903,=3.6960,=4.8014,=0.0129,=0.0477,=0.0081,=0.0054,=12
="399973",中证国防,2014-04-15,=0.0176,=1909.7700,=0.0268,=75.2019,=0.8222,=28.8580,=43.6048,=54.1920,=73.3269,=114.4667,=3.8612,=0.5751,=2.3880,=3.0104,=3.5804,=4.9227,=7.7047,=3.5984,=0.4282,=1.9566,=2.7338,=3.8980,=4.5657,=7.1179,=0.0086,=0.0535,=0.0095,=0.0059,=632
="931469",云计算50,2020-06-12,=0.0252,=4468.4128,=0.2064,=75.2145,=0.6845,=43.1726,=58.3315,=68.3496,=82.0618,=130.8911,=10.2228,=0.9993,=3.0031,=3.8654,=5.0715,=6.0963,=10.3438,=5.8920,=0.9986,=2.2186,=2.8428,=3.4724,=4.1966,=5.9760,=0.0385,=0.1212,=0.0175,=0.0026,=59
="931066",军工龙头,2018-02-05,=0.0121,=3295.5082,=-0.0460,=76.0565,=0.9223,=29.1719,=34.9073,=42.7060,=51.9363,=100.5281,=3.5133,=0.4014,=2.2914,=3.1485,=3.7027,=4.6259,=6.9932,=3.2297,=0.4014,=2.1745,=2.8212,=3.4620,=4.1948,=5.8746,=0.0067,=0.0495,=0.0098,=0.0065,=1066
="399291",创精选88,2019-11-06,=0.0230,=5628.0300,=0.2319,=76.2266,=0.8953,=32.8940,=42.0686,=54.1999,=65.2501,=106.4385,=4.4078,=0.8960,=1.8895,=2.8537,=3.4006,=3.9126,=4.9331,=4.8572,=0.9403,=1.9655,=2.6199,=3.0889,=4.2776,=5.5728,=0.0173,=0.0556,=0.0131,=0.0066,=40
="399967",中证军工,2013-12-26,=0.0139,=14075.7900,=0.0046,=76.7065,=0.7215,=41.8350,=54.9002,=65.1551,=98.3407,=218.2738,=3.8590,=0.7958,=2.0425,=2.6005,=3.1809,=3.8771,=4.8699,=3.5623,=0.6308,=2.0545,=2.7193,=3.1164,=4.0228,=5.8225,=0.0129,=0.0501,=0.0096,=0.0050,=5929
="000993",全指信息,2011-08-02,=0.0486,=11956.2300,=0.4088,=76.7453,=0.9336,=27.3163,=42.0292,=52.3115,=67.4525,=96.2351,=7.3820,=1,=2.5265,=3.2907,=4.0164,=4.6995,=7.3820,=4.4144,=0.9237,=1.8009,=2.3376,=2.8248,=3.4645,=5.4447,=0.0221,=0.0751,=0.0134,=0.0048,=4079
="930910",农牧渔,2016-12-12,=-0.0058,=8699.4857,=-0.1276,=76.8113,=0.7594,=13.2246,=20.8474,=29.3469,=98.1940,=30031.8592,=2.2425,=0.0136,=2.1027,=2.5012,=2.9817,=3.6542,=4.9084,=1.0176,=0.0995,=0.8679,=1.0813,=1.4909,=2.0579,=2.7290,=-0.0088,=0.0664,=0.0304,=0.0214,=8
="H30590",机器人,2015-02-10,=0.0036,=2274.9181,=0.1922,=77.7575,=0.9658,=24.1742,=42.0198,=50.8536,=63.0244,=89.9138,=5.2478,=0.9546,=2.1765,=2.8831,=3.6941,=4.3775,=6.0751,=5.1442,=0.9761,=1.6011,=2.4247,=3.4041,=4.3031,=5.6179,=0.0149,=0.0720,=0.0144,=0.0052,=857
="H30318",科技传媒通信150,2014-04-15,=0.0521,=4704.1441,=0.5300,=78.0320,=1,=19.8534,=28.8631,=38.1209,=49.7797,=78.0320,=10.3251,=1,=2.0037,=2.4801,=3.4984,=4.2871,=10.3251,=5.6563,=1,=1.2409,=1.8640,=2.2986,=2.7564,=5.6563,=0.0368,=0.1091,=0.0211,=0.0038,=38
="1000007",创业板全指,2010-05-01,=0.0132,=4740.0600,=0.2118,=78.8507,=0.7273,=33.8134,=48.2400,=61.0139,=100.0107,=334.2333,=5.1546,=0.7809,=2.3083,=3.3593,=4.0475,=5.2582,=6.6514,=4.5348,=0.6085,=2.1439,=3.2922,=4.1196,=5.5955,=8.9790,=0.0212,=0.0638,=0.0178,=0.0068,=1920
="399993",CSWD生科,2015-05-08,=-0.0049,=2423.2100,=-0.0702,=80.5173,=0.9208,=31.0960,=44.1993,=56.6305,=73.3030,=122.8633,=3.3857,=0.1341,=2.5928,=3.6714,=6.1968,=7.6052,=15.2283,=6.8724,=0.2178,=4.8204,=6.7589,=9.4098,=14.3572,=21.1379,=0.0163,=0.0356,=0.0147,=0.0102,=67
="931480",线上消费,2020-05-06,=-0.0022,=790.5874,=-0.0601,=80.7748,=0.6548,=33.5813,=47.6368,=66.4074,=96.8384,=132.5169,=3.2898,=0.5853,=1.9483,=2.5009,=3.0997,=3.7030,=5.0305,=3.4211,=0.9120,=1.1811,=1.5022,=1.8094,=2.8438,=4.8094,=0.0131,=0.0458,=0.0190,=0.0093,=75
="931582",数字经济,2020-11-09,=0.0535,=1978.0189,=0.3397,=81.5780,=0.9993,=35.0365,=43.8125,=50.0727,=65.3392,=83.2725,=8.4566,=0.9761,=3.4564,=4.8842,=5.6456,=6.5392,=9.8458,=7.4863,=0.7882,=2.4970,=3.8556,=5.8187,=7.6298,=11.8341,=0.0236,=0.0954,=0.0158,=0.0037,=181
="930851",云计算,2016-07-20,=0.0186,=7152.6370,=0.1033,=83.6724,=0.6718,=37.0632,=52.7831,=67.3835,=96.5432,=313.0672,=8.9771,=0.9996,=2.7148,=3.6026,=4.2801,=5.3606,=9.1233,=5.8743,=0.9991,=1.6839,=2.4211,=3.1109,=3.7212,=5.9819,=0.0301,=0.0896,=0.0112,=0.0025,=453
="932088",全指航空,2023-03-23,=0.0016,=847.6810,=-0.0345,=83.8288,=0.7059,=36.9197,=48.5938,=66.4526,=88.6506,=116.5746,=3.8446,=0.7817,=2.3948,=3.0230,=3.3731,=3.8924,=4.9751,=3.5241,=0.4209,=2.2988,=2.8996,=3.5914,=4.0730,=4.9356,=0.0077,=0.0470,=0.0092,=0.0058,=34
="931144",通信技术,2019-05-30,=0.0380,=4284.1577,=0.8402,=88.2932,=0.9829,=22.8153,=30.3366,=36.3405,=49.8900,=113.1406,=12.1962,=1,=2.5671,=3.1027,=3.6624,=4.7088,=12.1962,=7.7070,=1,=1.6428,=2.0951,=2.4687,=3.3508,=7.7070,=0.0432,=0.1354,=0.0299,=0.0026,=243
="970070",创业板人工智能,2024-07-11,=0.0365,=8403.7700,=0.4173,=95.1198,=0.8133,=48.3861,=70.9456,=80.3815,=94.5737,=119.1606,=12.8296,=0.9978,=3.3467,=5.0101,=5.9792,=9.4342,=12.8902,=10.6834,=0.9978,=3.4016,=4.9181,=5.9505,=8.7112,=10.7512,=0.0381,=0.1206,=0.0167,=0.0032,=209
="930790",CS娱乐TI,2016-03-22,=-0.0105,=1282.1231,=-0.0982,=98.9218,=0.9221,=17.3299,=32.7355,=48.8061,=79.3984,=245.3480,=2.4864,=0.4577,=1.6576,=2.1328,=2.5568,=3.1238,=3.8872,=2.7764,=0.1879,=2.2057,=2.8008,=3.2450,=4.0400,=5.0752,=0.0124,=0.0200,=0.0156,=0.0152,=14
="932438",科创创业机器人,2025-05-16,,,=0.1608,=99.9733,=0.9676,=67.6486,=76.8282,=83.0071,=91.6372,=103.3521,=6.3757,=0.9028,=4.9598,=5.2630,=5.6287,=6.1892,=6.8835,=6.5603,=0.7247,=5.2672,=5.7359,=6.0572,=6.6481,=7.4199,=0.0153,=0.0666,,=0.0034,=51
="932038",央企科技引领,2022-11-16,=0.0367,=1991.6579,=0.3308,=100.6860,=1,=31.0707,=37.6604,=44.6332,=72.4323,=100.6860,=6.8336,=1,=2.7684,=3.4421,=3.9543,=4.7910,=6.8336,=6.9314,=1,=2.3932,=3.1200,=3.8848,=5.2064,=6.9314,=0.0105,=0.0636,=0.0096,=0.0045,=35
="000858",500信息,2013-11-06,=0.0375,=14540,=0.3797,=100.9221,=0.9212,=25.3805,=43.9766,=64.1783,=88.4381,=209.3531,=6.6957,=1,=2.1626,=2.9041,=3.3886,=3.9436,=6.6957,=6.5442,=1,=1.1229,=1.9074,=2.6861,=3.5875,=6.5442,=0.0212,=0.0505,=0.0070,=0.0031,=349
="399019",创业200,2023-11-15,=0.0139,=5189.7200,=0.1415,=101.6905,=0.6288,=45.1604,=59.2585,=85.8187,=110.8984,=137.0675,=4.4157,=0.9983,=1.8905,=2.4263,=3.1766,=3.8407,=4.4299,=3.9204,=0.9881,=1.7802,=2.2902,=2.8049,=3.3668,=3.9712,=0.0165,=0.0404,=0.0111,=0.0058,=84
="000683",科创生物,2022-05-09,=-0.0081,=1031.2800,=-0.0384,=103.3316,=0.0949,=31.4909,=162.0840,=2016.7408,=-209.9494,=97054.3385,=6.0348,=0.7469,=4.0903,=4.8764,=5.4070,=6.3309,=7.9611,=9.6346,=0.2918,=7.6079,=9.2370,=10.3610,=11.4659,=14.1963,=0.0094,=0.0457,=0.0035,=0.0031,=51
="930633",中证旅游,2015-05-08,=0.0131,=2505.4155,=-0.2454,=103.7869,=0.4311,=15.8968,=21.7600,=1951.7932,=-51.0196,=11171.4579,=2.1017,=0.1378,=1.6473,=2.1805,=2.3709,=2.8097,=3.6934,=1.1304,=0.0091,=1.0607,=1.3395,=1.6098,=2.5762,=3.7607,=0.0208,=-0.0128,=-0.0016,=0.0092,=601
="931521",高装细分50,2020-07-08,=0.0143,=3230.1147,=-0.0289,=104.7076,=0.8070,=33.8051,=48.4023,=56.2799,=92.8841,=160.3029,=4.4028,=0.6094,=2.5146,=3.4297,=4.1496,=5.0129,=6.8876,=4.5218,=0.5350,=2.7226,=3.8821,=4.4344,=5.0968,=6.7300,=0.0050,=0.0438,=0.0069,=0.0047,=78
="931247",中证信创,2012-12-21,=0.0209,=1642.4542,=0.1221,=109.5971,=0.2652,=66.5979,=102.2214,=206.2137,=276.8669,=369.3964,=7.1388,=0.9845,=2.7947,=3.4731,=4.6607,=5.7568,=7.4810,=5.7820,=0.9897,=2.8203,=3.3976,=4.0904,=4.8098,=6.0696,=0.0271,=0.0400,=0.0016,=0.0031,=93
="CN5082",国证航天,2015-02-16,,,=-0.0921,=111.6079,=0.7881,=44.4252,=58.7037,=72.9426,=113.2289,=173.9279,=4.1191,=0.7255,=2.1924,=2.8239,=3.3420,=4.3768,=5.7727,=4.0185,=0.7778,=1.9232,=2.5629,=3.3652,=4.1058,=6.0090,=0.0055,=0.0382,=0.0066,=0.0048,=11
="932456",科创创业AI,2025-05-14,=0.0377,=4185.5092,=0.4386,=113.7650,=0.2869,=95.3901,=111.2656,=117.9367,=143.8340,=192.3777,=14.4415,=1,=6.1464,=7.0727,=10.2378,=11.1243,=14.4415,=17.9866,=1,=9.0747,=10.6110,=14.4482,=15.5034,=17.9866,=0.0437,=0.0985,,=0.0017,=37
="930601",中证软件,2015-03-10,=0.0151,=5848.0570,=-0.0699,=115.4209,=0.7669,=29.3378,=51.8564,=79.4669,=128.9417,=302.4908,=5.1782,=0.6440,=2.7207,=3.9641,=4.6754,=5.7407,=7.7476,=5.3410,=0.5994,=2.8007,=4.0731,=4.9659,=6.1123,=9.8975,=0.0078,=0.0385,=-0.0029,=0.0060,=384
="930902",中证数据,2016-10-18,=0.0091,=3397.9792,=0.0656,=117.0259,=0.7777,=37.6891,=57.1261,=78.1259,=122.2710,=366.0842,=4.6562,=0.7901,=2.4001,=3.4170,=3.9830,=4.6862,=5.5171,=3.1065,=0.3378,=2.0473,=2.8880,=3.3901,=4.1691,=7.0542,=0.0025,=0.0339,=0.0011,=0.0035,=241
="H30202",软件指数,2013-07-15,=0.0135,=13850.2306,=-0.0813,=122.0641,=0.6840,=45.1036,=65.7516,=91.1965,=155.6957,=372.5263,=5.1683,=0.4035,=2.9348,=4.5157,=5.4410,=6.6344,=8.8705,=7.0133,=0.5293,=3.9010,=5.4106,=6.8880,=8.1026,=13.5560,=0.0053,=0.0344,=-0.0039,=0.0060,=313
="CN5075",国证信创,2015-02-16,,,=0.3645,=122.6335,=0.7847,=39.3034,=49.6765,=75.7558,=124.1579,=152.0158,=9.3745,=1,=3.0386,=3.5448,=5.1340,=7.0859,=9.3745,=7.0749,=1,=2.8415,=3.6650,=4.3699,=5.3609,=7.0749,=0.0268,=0.0598,=0.0136,=0.0023,=28
="950161",科创新药,2024-08-23,=-0.0194,=1186.6028,=-0.0340,=131.6515,=0,=131.6515,=-609.7451,=-141.3149,=-89.0993,=1578.9342,=8.2775,=0.3420,=4.9324,=6.5803,=8.9580,=10.4871,=12.9042,=10.6417,=0.2470,=8.4204,=10.2321,=12.6183,=14.4744,=17.6998,=0.0059,=0.0403,=-0.0091,=0.0014,=13
="000698",科创100,2023-08-07,=0.0320,=1995.0900,=0.3684,=136.1926,=0.2463,=60.6995,=132.0437,=216.9080,=255.8310,=337.2511,=7.3459,=1,=2.7397,=3.5868,=4.1517,=5.6311,=7.3459,=8.9388,=0.9036,=4.0312,=5.0839,=6.1103,=8.2593,=10.0837,=0.0093,=0.0369,=0.0028,=0.0027,=529
="980076",通用航空,2012-12-28,=0.0078,=3463.0900,=-0.0667,=141.5313,=0.9362,=69.9916,=79.8173,=100.4701,=127.8258,=158.1149,=4.0509,=0.7565,=2.7445,=3.2064,=3.5095,=4.1344,=5.1513,=4.7920,=0.7362,=3.4358,=4.0692,=4.2995,=5.0217,=6.3273,=0.0066,=0.0297,=0.0083,=0.0041,=56
="H30007",芯片产业,2012-12-20,=0.0680,=5016.3968,=0.5841,=145.0341,=0.9806,=24.2382,=40.3144,=68.0417,=110.3578,=186.5687,=10.7864,=0.9992,=1.9412,=3.6288,=4.4678,=7.0758,=11.2654,=15.5355,=1,=1.5871,=3.6518,=6.4368,=8.0994,=15.5355,=0.0230,=0.0446,=0.0109,=0.0011,=510
="H30184",半导体,2013-07-15,=0.0711,=14788.4920,=0.6070,=147.1945,=0.9971,=33.2056,=51.6897,=76.6176,=104.8230,=154.8888,=10.3883,=0.9856,=2.5082,=3.4148,=4.7599,=7.3074,=12.2763,=15.6416,=1,=1.3963,=2.6456,=6.8751,=9.1489,=15.6416,=0.0203,=0.0527,=0.0094,=0.0012,=3300
="931743",半导体材料设备,2012-12-21,=0.0555,=9089.0593,=0.7651,=151.1816,=1,=30.1973,=39.4009,=58.9060,=78.7536,=151.1816,=11.5574,=1,=2.5588,=3.3532,=4.2013,=6.3907,=11.5574,=17.0230,=1,=2.5903,=3.1457,=3.7985,=9.9230,=17.0230,=0.0198,=0.0706,=0.0130,=0.0013,=227
="990001",中华半导体芯片,2019-03-18,=0.0695,=19033.1340,=0.5745,=154.3611,=0.9960,=33.1780,=61.1932,=84.0599,=113.9350,=160.7761,=10.4338,=0.9977,=3.1429,=4.2519,=5.2954,=7.3512,=10.9977,=15.6060,=1,=3.3238,=6.0736,=7.0808,=9.0865,=15.6060,=0.0177,=0.0410,=0.0101,=0.0011,=1374
="932087",集成电路,2023-03-29,=0.0748,=1768.1779,=0.5612,=155.1690,=0.8502,=46.1239,=98.5568,=131.2105,=150.5746,=195.7770,=10.1351,=1,=3.1405,=3.8616,=5.0700,=6.8057,=10.1351,=15.9312,=1,=5.8347,=7.5491,=8.9079,=11.4048,=15.9312,=0.0203,=0.0481,=0.0079,=0.0012,=36
="000690",科创成长,2022-11-04,=0.0512,=2711.3300,=0.4461,=158.1818,=0.8030,=26.4295,=43.6616,=81.4301,=157.0208,=288.8500,=16.1000,=1,=3.7827,=4.8388,=5.4351,=11.2973,=16.1000,=16.6146,=0.9138,=2.7510,=3.9762,=5.0409,=13.6107,=19.2028,=0.0188,=0.1043,=0.0143,=0.0020,=120
="932000",中证2000,2023-08-11,=0.0028,=3674.8203,=0.1472,=161.3764,=0.8970,=44.0427,=57.8470,=82.9369,=154.6822,=228.3990,=3.2472,=0.9910,=1.5089,=1.9579,=2.3236,=2.8348,=3.3036,=2.6216,=0.9910,=1.1809,=1.5402,=1.8154,=2.3134,=2.6726,=0.0098,=0.0154,=0.0097,=0.0063,=1137
="950180",科创AI,2024-07-25,=0.0260,=2935.8799,=0.3064,=165.4087,=0.7523,=66.2784,=97.4838,=140.0041,=169.6836,=271.3436,=13.9313,=1,=3.9039,=5.9181,=8.7587,=11.1378,=13.9313,=18.8013,=1,=6.3298,=9.2904,=13.2656,=16.0404,=18.8013,=0.0274,=0.0670,=0.0163,=0.0021,=206
="000682",科创信息,2021-08-16,=0.0678,=3019.5800,=0.5145,=168.8112,=0.9841,=41.6131,=59.3305,=92.0791,=129.8095,=187.1367,=11.3309,=1,=3.3247,=4.3381,=5.3200,=6.4384,=11.3309,=16.2319,=1,=5.5790,=7.2852,=8.8327,=11.1443,=16.2319,=0.0200,=0.0432,=0.0072,=0.0016,=98
="000688",科创50,2020-07-23,=0.0588,=1896.0400,=0.4105,=179.8654,=0.9830,=35.5957,=42.4753,=70.2552,=108.2276,=196.9562,=8.4174,=0.9950,=2.9443,=4.1396,=4.8264,=6.7142,=9.0182,=9.7052,=0.8222,=3.1319,=4.5211,=5.4954,=9.0582,=13.2586,=0.0135,=0.0347,=0.0045,=0.0023,=7782
="000689",科创材料,2022-08-15,=0.0208,=1653.6600,=0.3640,=180.9365,=0.9912,=38.7753,=45.1141,=77.8309,=144.1311,=199.6324,=5.8177,=0.9989,=1.9307,=2.5953,=3.1646,=4.4099,=5.8296,=7.1233,=0.9989,=2.1963,=3.1202,=4.0086,=5.0153,=7.1569,=0.0126,=0.0258,=0.0058,=0.0028,=30
="399020",创业小盘,2023-11-15,=0.0039,=2107.1600,=0.1853,=195.5544,=0.6727,=48.5170,=80.8505,=148.8986,=215.1149,=256.8495,=4.3524,=0.9951,=1.8521,=2.4360,=3.1907,=3.7466,=4.3734,=4.2074,=0.9786,=1.9895,=2.5566,=3.1456,=3.7547,=4.2999,=0.0115,=0.0199,=0.0104,=0.0050,=11
="931865",中证半导,2019-03-20,=0.0678,=8424.2793,=0.7023,=198.4690,=1,=32.8138,=44.1198,=72.3887,=108.0900,=198.4690,=13.4762,=1,=3.3892,=4.1360,=5.0762,=6.6249,=13.4762,=22.3560,=1,=6.4190,=7.6750,=8.6204,=12.0517,=22.3560,=0.0168,=0.0580,=0.0153,=0.0008,=192
="950162",科创芯片设计,2024-07-26,=0.0460,=2961.1566,=0.5917,=203.5282,=0.0911,=161.6128,=232.6652,=276.7625,=386.8313,=687.1301,=16.7714,=1,=4.2582,=7.5673,=8.7541,=12.5056,=16.7714,=24.8034,=1,=8.7765,=14.3854,=16.4686,=20.5901,=24.8034,=0.0309,=0.0713,=0.0107,=0.0013,=41
="000680",科创综指,2025-01-20,=0.0352,=2223.6900,=0.3586,=209.8297,=0.4393,=115.7401,=147.0596,=213.0287,=234.3067,=278.5830,=7.1640,=1,=3.4337,=3.9314,=5.0754,=5.6552,=7.1640,=9.3145,=1,=4.7291,=5.4295,=6.9614,=7.7428,=9.3145,=0.0091,=0.0262,=0.0033,=0.0026,=192
="1000014",科创板全指,2019-07-22,,,,=211.3358,=0.9118,=34.6058,=58.2111,=76.3549,=126.7046,=267.8356,=7.1056,=0.9312,=2.4875,=3.7726,=4.7921,=6.3819,=9.5957,=9.2816,=0.7717,=3.3799,=5.1699,=6.4257,=9.8012,=14.1086,=0.0091,=0.0255,=0.0035,=0.0026,=1288
="000685",科创芯片,2022-06-13,=0.0708,=4361.3400,=0.6688,=213.1171,=0.9812,=42.1555,=64.9030,=116.3710,=174.5785,=235.0390,=12.1390,=1,=3.1235,=4.0383,=5.0128,=6.3809,=12.1390,=22.8613,=1,=7.4796,=10.0157,=12.1032,=14.4370,=22.8613,=0.0152,=0.0415,=0.0074,=0.0008,=450
="950125",科创半导体材料设备,2024-07-26,=0.0575,=3890.6447,=0.8110,=222.4797,=1,=70.4245,=115.5191,=126.8096,=156.7072,=222.4797,=9.7859,=1,=2.8469,=4.7435,=5.2287,=6.4936,=9.7859,=20.6229,=1,=7.2923,=10.8261,=12.7206,=14.4502,=20.6229,=0.0075,=0.0371,=0.0094,=0.0006,=105
="980017",国证芯片,2015-02-17,=0.0741,=20000.7000,=0.5765,=227.4136,=1,=30.3742,=55.4895,=78.4750,=105.2898,=227.4136,=10.3354,=0.9994,=3.1638,=4.0789,=5.6580,=7.3540,=10.4020,=15.9563,=1,=3.6283,=5.7652,=6.6267,=7.9261,=15.9563,=0.0146,=0.0397,=0.0130,=0.0010,=2583
="000699",科创200,2024-08-20,=0.0145,=1860.2600,=0.4096,=233.8466,=0.4265,=128.9087,=179.7925,=266.4918,=314.4792,=388.1174,=5.6033,=1,=1.9770,=3.0005,=3.4135,=4.4517,=5.6033,=8.2763,=0.9882,=3.3605,=5.0744,=5.8708,=7.0257,=8.3761,=0.0066,=0.0165,=0.0029,=0.0033,=130
="931594",卫星产业,2020-12-22,=0.0225,=1188.6133,=0.0528,=251.7302,=0.8420,=44.5603,=95.5122,=128.5034,=229.7853,=428.4930,=6.6864,=0.9855,=2.3588,=3.0471,=3.4949,=3.9632,=7.6413,=9.7762,=0.9740,=3.4655,=4.5262,=5.1346,=5.9982,=11.4514,=0.0019,=0.0317,=0.0057,=0.0023,=164
="980018",卫星通信,2015-02-17,=0.0157,=5889.2400,=0.1019,=510.1813,=0.9480,=23.6003,=28.8963,=38.5159,=55.8591,=1063.4314,=6.4648,=0.9775,=1.7225,=2.0503,=2.5508,=4.2258,=7.7241,=6.2874,=0.9698,=1.5054,=1.8021,=2.2860,=3.0755,=7.7238,=0.0054,=0.0181,=0.0298,=0.0021,=113
="H30182",计算机,2013-07-15,=0.0083,=7167.9424,=-0.0645,=519.9892,=0.8846,=33.2527,=55.0616,=100.5992,=269.8464,=65313.4473,=4.4738,=0.7139,=2.4295,=3.5767,=4.0923,=4.6450,=5.8765,=4.3876,=0.6235,=2.3635,=3.5773,=4.1506,=4.7490,=7.6223,=-0.0024,=0.0033,=-0.0042,=0.0045,=49
="930781",中证影视,2016-02-04,=0.0053,=1538.9490,=-0.0898,=723.7108,=0.6184,=16.7066,=43.1495,=195.8607,=-60.8596,=6083.5065,=2.1181,=0.2512,=1.4352,=2.0571,=2.4003,=3.4339,=8.0265,=4.5097,=0.5507,=2.7079,=3.4931,=4.3471,=5.5450,=12.7528,=0.0049,=0.0185,=0.0219,=0.0091,=178
="931992",疫苗生物,2013-07-15,=-0.0040,=1149.8514,=-0.0475,=1390.6673,=0.9853,=26.1322,=60.5163,=87.1518,=117.3870,=1550.1847,=2.5127,=0.0609,=2.3857,=2.7053,=3.0541,=3.6719,=5.0256,=4.7684,=0.2174,=3.7134,=4.7128,=5.1807,=5.5720,=6.4257,=0.0112,=0.0013,=0.0085,=0.0111,=28
="931151",光伏产业,2019-04-22,=0.0105,=3343.0344,=0.1697,=1797.1385,=0.9091,=9.5087,=20.3877,=37.8410,=67.9297,=2491.4939,=2.9297,=0.5679,=1.5562,=1.9230,=2.6361,=4.5047,=6.9801,=2.2018,=0.6098,=0.8897,=1.2406,=1.7893,=3.2588,=5.9137,=0.0016,=0.0012,=0.0005,=0.0072,=2704
="950333",智选创新价值,2024-09-25,=0.0230,=2927.9555,=0.2884,=-395.6981,=0.7412,=62.6254,=107.1355,=-3729.7786,=-235.9175,=5158.8110,=3.5119,=1,=1.6564,=2.1407,=2.3669,=2.8382,=3.5119,=3.4163,=1,=1.6015,=2.1251,=2.4599,=2.9870,=3.4163,=-0.0002,=-0.0164,=-0.0030,=0.0043,=10
="1000009",深圳B股,1994-01-10,=-0.0048,=1134.8300,=-0.1027,=-136.3401,=0.9946,=6.5509,=10.0230,=16.1160,=22.2528,=61.4680,=0.7131,=0.4385,=0.5585,=0.6590,=0.7366,=0.9891,=1.4530,=0.4514,=0.3519,=0.3544,=0.4194,=0.4879,=0.6988,=1.0969,,=0.0028,=0.0115,=0.0350,=203
="000692",科创新能,2023-04-03,=-0.0155,=1335.3900,=0.1535,=-60.6501,=0.6755,=13.9124,=18.7399,=54.4842,=-44.6313,=279.8956,=2.8882,=0.8351,=1.4486,=1.7747,=2.1912,=2.7957,=4.0229,=1.9422,=0.8338,=0.8667,=1.1513,=1.4190,=1.9078,=2.6157,=-0.0018,=-0.0642,=-0.0138,=0.0032,=34
="931025",港股通地产,2017-11-06,=-0.0050,=1858.9500,=0.1692,=-58.6192,=0.7239,=1.3998,=5.4450,=8.2527,=-2.9118,=7833.8201,=0.5269,=0.5222,=0.0757,=0.2074,=0.5029,=0.8790,=1.4256,=0.9677,=0.8965,=0.0508,=0.1420,=0.5381,=0.8701,=1.5776,,=-0.0074,,=0.0339,=11
="399393",国证地产,2012-08-20,=0.0100,=2865.6600,=-0.0816,=-6.0844,=0.9992,=6.3321,=8.5850,=15.6415,=52.9817,=115902.4187,=0.8574,=0.2112,=0.5768,=0.8473,=1.1128,=1.8106,=2.5183,=0.6377,=0.4719,=0.3699,=0.5176,=0.6655,=1.2340,=1.7471,=-0.0014,=-0.0767,=0.0012,=0.0093,=1428
="931775",房地产,2013-07-15,=0.0071,=2761.6530,=-0.0740,=-5.5340,=0.9938,=7.0141,=8.9821,=18.1910,=-501.5706,=1490.8370,=0.9108,=0.2958,=0.5750,=0.8420,=1.0960,=1.7742,=2.4742,=0.7023,=0.5037,=0.3617,=0.5329,=0.6954,=1.2959,=1.8650,=-0.0040,=-0.1024,=-0.0027,=0.0064,=917
="000816",细分地产,2012-04-11,,,=-0.0782,=-5.1651,=0.9905,=6.1299,=8.3282,=15.7195,=192.1917,=2488.2259,=0.8823,=0.3012,=0.5599,=0.8178,=1.0794,=1.8413,=2.5676,=0.6293,=0.4946,=0.3390,=0.4956,=0.6362,=1.2052,=1.8946,=-0.0038,=-0.1018,=-0.0024,=0.0049,=6
="399965",800地产,2012-12-21,=0.0130,=2249.5300,=-0.1478,=-3.8676,=0.9992,=5.5394,=8.0041,=14.1292,=32.7333,=59.7245,=0.6388,=0.0697,=0.5234,=0.7271,=1.0399,=1.7986,=2.5596,=0.4100,=0.1852,=0.2881,=0.4128,=0.5662,=1.1553,=1.8469,=-0.0020,=-0.0854,=0.0007,=0.0081,=201
="399983",地产等权,2013-11-22,=0.0130,=1678.4200,=-0.1762,=-2.5987,=0.9975,=5.0058,=7.3313,=10.5485,=16.9026,=75.5023,=0.5328,=0.0413,=0.4408,=0.6010,=1.1106,=1.8828,=2.8135,=0.3307,=0.1176,=0.2209,=0.3568,=0.5123,=1.0603,=1.7953,=-0.0053,=-0.0924,=-0.0025,=0.0041,=1008
=".NDX",纳斯达克100指数,1969-12-31,,,,,,,,,,,,,,,,,,,,,,,,,,,=0.0751,,=4299

数据来源于：理杏仁网站(lixinger.com)