指数代码,指数名称,发布时间,涨跌幅,收盘点位,今年以来涨跌幅,PE-TTM(当前值),PE-TTM(分位点%),PE-TTM(最小值),PE-TTM(20%分位点值),PE-TTM(50%分位点值),PE-TTM(80%分位点值),PE-TTM(最大正值),PB(当前值),PB(分位点%),PB(最小值),PB(20%分位点值),PB(50%分位点值),PB(80%分位点值),PB(最大正值),PS-TTM(当前值),PS-TTM(分位点%),PS-TTM(最小值),PS-TTM(20%分位点值),PS-TTM(50%分位点值),PS-TTM(80%分位点值),PS-TTM(最大正值),股息率(当前值),股息率(分位点%),股息率(最小值),股息率(20%分位点值),股息率(50%分位点值),股息率(80%分位点值),股息率(最大正值),净资产收益率(ROE)(2026Q1),净资产收益率(ROE)(2025Q4),净资产收益率(ROE)(2025Q1),关注度
="931039",银行AH,2017-12-06,=-0.0235,=12028.6161,=-0.0604,=5.7469,=0.7184,=3.2016,=4.0769,=5.2134,=5.9046,=7.9938,=0.5424,=0.3821,=0.3790,=0.4571,=0.5661,=0.7129,=1.0569,=2.1571,=0.8055,=1.0856,=1.4324,=1.7474,=2.1400,=2.9053,=0.0508,=0.3386,=0.0324,=0.0492,=0.0547,=0.0739,=0.0997,,=0.0881,,=99
="H11146",港股通内地金融,2010-06-02,=-0.0291,=1097.5855,=-0.0071,=5.9536,=0.4878,=3.2759,=4.5181,=6.0205,=6.7473,=9.2347,=0.6045,=0.3857,=0.3797,=0.4941,=0.6674,=0.8760,=1.1859,=1.5421,=0.7435,=0.6692,=0.9479,=1.3012,=1.5982,=2.1885,=0.0484,=0.4526,=0.0302,=0.0445,=0.0505,=0.0726,=0.0994,,=0.0970,,=40
="HSSCSOY",恒生港股通中国央企红利指数,2023-06-01,=-0.0293,=3979.6800,=-0.0102,=6.6075,=0.6840,=4.1647,=4.6400,=5.6557,=6.9753,=7.8218,=0.6130,=0.5560,=0.4381,=0.4947,=0.5925,=0.6871,=0.7455,=1.0359,=0.9880,=0.5323,=0.5960,=0.7424,=0.9372,=1.0875,=0.0539,=0.0933,=0.0487,=0.0572,=0.0705,=0.0865,=0.0936,,=0.0921,,=246
="930792",HK银行,2016-04-22,=-0.0123,=4832.0141,=0.0932,=6.6616,=0.7679,=3.2659,=4.4645,=5.8593,=6.7890,=9.5632,=0.6490,=0.5568,=0.3905,=0.4964,=0.6259,=0.8010,=1.0771,=2.5368,=0.8705,=1.0519,=1.5167,=1.8589,=2.3959,=3.1066,=0.0474,=0.1094,=0.0355,=0.0502,=0.0565,=0.0743,=0.1045,,=0.0901,,=754
="399986",中证银行,2013-07-15,=-0.0260,=6939.8500,=-0.0872,=6.6747,=0.7087,=4.1183,=5.2599,=6.2851,=6.8529,=9.0846,=0.6360,=0.2822,=0.4848,=0.5836,=0.7184,=0.8984,=1.2416,=2.5056,=0.7989,=1.4134,=1.7842,=2.1452,=2.5080,=3.3016,=0.0441,=0.3865,=0.0285,=0.0411,=0.0462,=0.0572,=0.0756,=0.0226,=0.0881,=0.0236,=9567
="H30106",H300金融服务,2013-05-21,=-0.0197,=1552.6285,=0.0217,=6.8135,=0.4611,=4.0175,=5.3653,=6.9710,=7.7687,=11.1922,=0.7307,=0.4684,=0.4470,=0.5779,=0.7430,=0.9081,=1.2489,=1.9473,=0.8351,=0.8557,=1.1817,=1.4663,=1.8877,=2.3593,=0.0456,=0.3918,=0.0288,=0.0433,=0.0473,=0.0664,=0.0918,,=0.1014,,=21
="000018",180金融,2007-12-10,=-0.0340,=5111.6500,=-0.1395,=7.0181,=0.3164,=5.2016,=6.4287,=7.4973,=8.3012,=10.8609,=0.7177,=0.2307,=0.5902,=0.6965,=0.8717,=1.0696,=1.4199,=2.1080,=0.7157,=1.2355,=1.5824,=1.9501,=2.2073,=2.8772,=0.0414,=0.6148,=0.0246,=0.0353,=0.0392,=0.0493,=0.0636,=0.0229,=0.0959,=0.0245,=777
="931233",港股通央企红利,2017-06-28,=-0.0272,=1132.4343,=-0.0313,=7.0394,=0.6596,=3.6988,=4.9580,=6.3406,=7.4458,=14.0775,=0.6622,=0.5438,=0.3929,=0.5224,=0.6452,=0.8603,=1.8161,=0.9558,=0.5081,=0.4645,=0.6222,=0.9483,=1.3904,=1.7583,=0.0531,=0.2699,=0.0394,=0.0519,=0.0572,=0.0799,=0.1038,,=0.0906,,=452
="399809",保险主题,2015-02-13,=-0.0574,=2044.3000,=-0.2337,=7.0434,=0.2493,=5.4537,=6.8114,=10.4833,=15.0245,=22.8725,=0.7555,=0.1607,=0.6352,=0.7657,=1.2248,=1.4858,=1.9794,=2.0515,=0.8855,=0.5239,=0.8688,=1.0978,=1.6764,=2.3772,=0.0412,=0.7079,=0.0120,=0.0209,=0.0294,=0.0488,=0.0686,=0.0227,=0.1015,=0.0246,=1494
="HSMCHYI",恒生中国内地企业高股息率指数,2019-09-01,=-0.0275,=2828.1400,=0.0163,=7.1335,=0.8530,=3.7550,=5.0477,=5.8258,=6.7800,=7.9027,=0.7155,=0.7533,=0.4590,=0.5786,=0.6402,=0.7401,=0.8175,=1.0851,=0.8793,=0.5101,=0.6883,=0.7977,=0.9132,=1.2126,=0.0524,=0.1320,=0.0478,=0.0538,=0.0623,=0.0792,=0.1052,,=0.0994,,=281
="000818",细分金融,2012-04-11,,,=-0.1080,=7.1627,=0.3164,=5.2356,=6.4974,=7.6839,=8.4810,=10.9951,=0.7304,=0.2353,=0.5930,=0.7010,=0.8885,=1.0928,=1.4303,=2.1686,=0.7153,=1.2689,=1.6354,=1.9873,=2.2623,=2.9111,=0.0405,=0.6671,=0.0239,=0.0331,=0.0375,=0.0471,=0.0625,=0.0231,=0.0956,=0.0246,=7
="H11140",香港红利,2009-07-23,=-0.0245,=3770.9106,=0.0286,=7.1681,=0.7112,=3.0693,=4.4554,=5.9843,=8.0098,=13.9623,=0.6767,=0.5358,=0.3833,=0.5103,=0.6298,=0.8659,=1.1652,=1.1404,=0.6355,=0.5431,=0.7464,=0.9726,=1.4650,=2.1349,=0.0549,=0.1681,=0.0382,=0.0562,=0.0637,=0.0876,=0.1281,,=0.0912,,=46
="987016",港股通红利低波,2021-11-18,,,=0.0589,=7.2276,=0.8842,=3.4544,=4.3025,=4.9362,=6.8017,=8.0054,=0.6929,=0.8824,=0.4152,=0.4879,=0.5392,=0.6616,=0.7529,=1.0719,=0.7756,=0.5827,=0.6600,=0.7947,=1.1099,=1.3012,=0.0556,=0.0844,=0.0488,=0.0596,=0.0823,=0.0927,=0.1160,,=0.0893,,=156
="931024",港股通非银,2017-11-06,=-0.0399,=3822.3796,=-0.1130,=7.2635,=0.0066,=6.7549,=8.5969,=11.0768,=13.3392,=22.4310,=0.9883,=0.3894,=0.6237,=0.8489,=1.0465,=1.2229,=1.7592,=1.2169,=0.7914,=0.5870,=0.8754,=1.0145,=1.2288,=2.2002,=0.0403,=0.7726,=0.0165,=0.0265,=0.0345,=0.0414,=0.0611,,=0.1344,,=194
="HSHYLV",恒生港股通高股息低波动指数,2017-05-08,=-0.0242,=4258.9800,=-0.0468,=7.3386,=0.8082,=3.5572,=4.6455,=5.9927,=7.2248,=9.5068,=0.6609,=0.5995,=0.3828,=0.4851,=0.5814,=0.8151,=1.1073,=0.8848,=0.5372,=0.4386,=0.6557,=0.8498,=1.4147,=2.0623,=0.0550,=0.2421,=0.0385,=0.0531,=0.0644,=0.0819,=0.1103,,,,=1517
="HSHDYI",恒生高股息率指数,2012-12-10,=-0.0219,=1237.9500,=-0.0294,=7.3506,=0.7031,=3.6777,=4.8612,=6.6084,=7.8179,=10.6953,=0.6747,=0.5288,=0.4041,=0.5046,=0.6483,=0.9078,=1.1746,=1.0681,=0.5041,=0.5013,=0.7008,=1.0661,=1.5005,=1.9871,=0.0554,=0.2977,=0.0423,=0.0526,=0.0604,=0.0808,=0.1102,,,,=913
="H30270",红利价值,2013-12-19,=-0.0304,=9161.6390,=-0.0389,=7.4312,=0.6752,=4.4543,=5.4322,=6.7650,=8.7114,=13.0955,=0.7473,=0.4580,=0.5256,=0.6488,=0.7639,=1.2450,=1.7317,=1.5061,=0.9460,=0.5854,=0.8117,=0.9996,=1.2974,=1.6637,=0.0447,=0.3879,=0.0269,=0.0419,=0.0507,=0.0632,=0.0726,=0.0235,=0.0936,=0.0240,=194
="000914",300金融,2007-07-02,=-0.0329,=5769.4400,=-0.1412,=7.4658,=0.3531,=5.2769,=6.6022,=7.8389,=8.6017,=11.3863,=0.7255,=0.2266,=0.5962,=0.7048,=0.9090,=1.1328,=1.4919,=2.0344,=0.7429,=1.1210,=1.4310,=1.8124,=2.0939,=2.7052,=0.0401,=0.6288,=0.0235,=0.0340,=0.0376,=0.0467,=0.0618,=0.0223,=0.0897,=0.0236,=344
="931130",红利成长低波,2018-12-04,,,=-0.0400,=7.4804,=0.4441,=4.4465,=5.5781,=7.8239,=8.7186,=11.5512,=0.7457,=0.3291,=0.5279,=0.6246,=0.9000,=1.0301,=1.5803,=2.5543,=0.9863,=0.3109,=0.8140,=1.3203,=1.9180,=2.6815,=0.0421,=0.4803,=0.0246,=0.0322,=0.0424,=0.0533,=0.0639,=0.0231,=0.0934,=0.0229,=147
="HSSCHKY",恒生港股通高股息率指数,2019-11-01,=-0.0233,=2544.8100,=0.0271,=7.5257,=0.8848,=3.8979,=4.9492,=5.8989,=7.2294,=8.4533,=0.6716,=0.7745,=0.4277,=0.5172,=0.5786,=0.6850,=0.8197,=1.1711,=0.8585,=0.5333,=0.6968,=0.8763,=1.1231,=1.3442,=0.0534,=0.0815,=0.0482,=0.0565,=0.0673,=0.0840,=0.1067,,,,=494
="931157",SHS红利成长LV,2019-04-25,=-0.0211,=6950.5811,=-0.0688,=7.5572,=0.6055,=4.1261,=5.5951,=6.9158,=8.3347,=11.5318,=0.7444,=0.3464,=0.5154,=0.6262,=0.8076,=0.9238,=1.5888,=1.6242,=0.9917,=0.5018,=0.7114,=1.0390,=1.4117,=1.6968,=0.0483,=0.5133,=0.0259,=0.0417,=0.0482,=0.0558,=0.0761,,=0.0964,,=336
="930914",港股通高股息,2016-11-25,=-0.0253,=4957.5032,=0.0056,=7.6477,=0.7694,=3.4280,=4.4208,=5.9266,=7.8302,=11.1979,=0.7369,=0.6671,=0.3979,=0.5024,=0.6161,=0.8525,=1.1764,=1.2117,=0.7631,=0.5144,=0.7043,=0.9229,=1.2585,=2.2126,=0.0526,=0.1355,=0.0387,=0.0551,=0.0659,=0.0866,=0.1194,,=0.0918,,=707
="932596",港股通红利低波,2016-02-04,,,=0.0526,=7.6485,=0.0989,=7.4451,=7.8265,=8.0512,=8.2767,=8.5745,=0.7058,=0.2527,=0.6528,=0.6979,=0.7315,=0.7595,=0.7956,=1.3200,=0.4066,=1.2161,=1.2848,=1.3282,=1.3627,=1.4099,=0.0513,=0.2967,=0.0473,=0.0493,=0.0527,=0.0551,=0.0579,,=0.0894,,=90
="930992",沪港深红利低波,2017-06-28,,,=-0.0281,=7.6847,=0.7850,=4.0130,=5.1749,=5.8922,=7.7691,=8.5109,=0.7172,=0.7823,=0.4277,=0.5370,=0.5909,=0.7277,=0.7950,=1.1367,=0.7392,=0.4496,=0.6005,=0.8579,=1.1856,=1.3912,=0.0517,=0.0595,=0.0478,=0.0542,=0.0717,=0.0768,=0.0949,,=0.0878,,=48
="HSSCHYS",恒生港股通红利优选指数,2023-06-01,=-0.0229,=4818.3600,=0.0375,=7.7197,=0.7893,=4.2457,=4.7359,=5.7958,=7.8973,=9.0746,=0.7224,=0.7293,=0.4429,=0.4987,=0.5836,=0.7380,=0.8283,=1.1818,=0.9893,=0.6036,=0.6746,=0.8774,=1.0367,=1.2312,=0.0601,=0.1613,=0.0497,=0.0610,=0.0729,=0.0879,=0.0947,,,,=85
="000934",中证金融,2009-07-03,=-0.0323,=5401.2600,=-0.1384,=7.7442,=0.3700,=5.7083,=6.8944,=8.0903,=8.8714,=11.5527,=0.7351,=0.2254,=0.6117,=0.7181,=0.9147,=1.1488,=1.5017,=2.0410,=0.7557,=1.1467,=1.4503,=1.8025,=2.0817,=2.6696,=0.0391,=0.6259,=0.0232,=0.0331,=0.0366,=0.0445,=0.0593,=0.0220,=0.0873,=0.0231,=1151
="000029",180价值,2009-01-09,=-0.0314,=3921,=-0.1195,=7.7812,=0.4660,=5.6894,=6.9075,=7.8870,=8.5069,=10.8138,=0.7664,=0.1001,=0.6666,=0.8034,=0.8603,=1.0653,=1.4433,=1.0506,=0.7491,=0.6198,=0.7825,=0.9448,=1.0702,=1.4032,=0.0428,=0.4944,=0.0290,=0.0388,=0.0429,=0.0522,=0.0634,=0.0228,=0.0896,=0.0243,=558
="HSCSOE",恒生中国央企指数,2023-01-01,=-0.0267,=3726.9500,=0.0367,=7.7925,=0.8198,=4.9972,=5.5519,=6.1658,=7.7509,=8.5526,=0.7473,=0.7680,=0.5264,=0.5924,=0.6336,=0.7574,=0.8375,=0.9261,=0.8433,=0.5404,=0.5946,=0.6682,=0.8660,=1.0234,=0.0490,=0.0919,=0.0450,=0.0524,=0.0704,=0.0775,=0.0871,,=0.0956,,=114
="H50040",上红低波,2014-03-21,=-0.0319,=10380.0859,=-0.0587,=7.8852,=0.6906,=4.6938,=5.9512,=7.0906,=9.6645,=14.3118,=0.7887,=0.3630,=0.5647,=0.6911,=0.8346,=1.3609,=1.8756,=1.5363,=0.9283,=0.6380,=0.8684,=1.2019,=1.4018,=1.6845,=0.0451,=0.4396,=0.0230,=0.0391,=0.0466,=0.0588,=0.0718,=0.0234,=0.0936,=0.0244,=361
="H30269",红利低波,2013-12-19,=-0.0258,=10492.7036,=-0.0665,=7.8892,=0.7000,=4.5638,=5.5488,=6.8835,=9.4786,=14.4342,=0.7977,=0.4858,=0.5386,=0.6570,=0.8016,=1.3872,=1.9670,=1.5247,=0.9213,=0.6111,=0.8850,=1.0980,=1.4166,=1.6703,=0.0458,=0.4083,=0.0246,=0.0406,=0.0503,=0.0605,=0.0732,=0.0236,=0.0946,=0.0236,=4376
="000992",全指金融,2011-08-02,=-0.0315,=5179.4300,=-0.1351,=7.9117,=0.3749,=5.9310,=7.1022,=8.2734,=9.0288,=11.6339,=0.7373,=0.2208,=0.6188,=0.7234,=0.9234,=1.1610,=1.5107,=2.0391,=0.7548,=1.1568,=1.4432,=1.8067,=2.0796,=2.6668,=0.0386,=0.6316,=0.0229,=0.0327,=0.0359,=0.0437,=0.0581,=0.0217,=0.0846,=0.0227,=2700
="931446",东证红利低波,2020-04-21,=-0.0249,=3196.2609,=-0.0716,=8.0346,=0.6690,=5.1478,=6.1772,=7.1440,=8.5363,=11.0216,=0.7710,=0.5247,=0.5884,=0.6956,=0.7651,=0.8718,=1.2481,=1.4335,=0.9141,=0.5909,=0.7548,=0.8890,=1.3253,=1.5979,=0.0443,=0.3235,=0.0325,=0.0415,=0.0486,=0.0565,=0.0651,=0.0224,=0.0895,=0.0240,=849
="000922",中证红利,2008-05-26,=-0.0216,=5316.6517,=-0.0340,=8.0561,=0.6386,=5.1762,=6.0245,=7.6580,=8.6158,=11.2156,=0.7776,=0.3663,=0.5911,=0.7110,=0.8511,=1.1086,=1.4999,=1.1912,=0.7474,=0.6332,=0.7726,=1.0442,=1.2311,=1.7101,=0.0449,=0.3997,=0.0309,=0.0399,=0.0471,=0.0596,=0.0693,=0.0233,=0.0895,=0.0228,=20103
="000151",上国红利,2012-07-20,=-0.0218,=1550.7000,=0.0151,=8.1704,=0.8747,=4.5075,=5.3657,=6.9511,=7.7702,=10.0345,=0.7156,=0.3836,=0.5268,=0.6189,=0.7532,=0.9661,=1.3272,=1.0096,=0.3498,=0.6026,=0.8953,=1.0830,=1.3107,=1.6854,=0.0458,=0.2802,=0.0346,=0.0446,=0.0513,=0.0650,=0.0754,=0.0218,=0.0803,=0.0258,=221
="399373",大盘价值,2010-01-04,=-0.0282,=7578.6700,=-0.1161,=8.2130,=0.4487,=5.4746,=6.8623,=8.3620,=9.1146,=11.9914,=0.8303,=0.2567,=0.6410,=0.8033,=0.9436,=1.1408,=1.5001,=1.1032,=0.7293,=0.5920,=0.7817,=0.9285,=1.1432,=1.4541,=0.0447,=0.5834,=0.0275,=0.0366,=0.0427,=0.0526,=0.0641,=0.0236,=0.0939,=0.0248,=328
="000015",红利指数,2005-01-04,=-0.0236,=3051.0900,=0.0044,=8.2328,=0.8434,=4.6646,=5.5108,=7.0887,=8.0494,=10.4439,=0.7818,=0.5348,=0.5525,=0.6398,=0.7661,=1.0179,=1.3875,=1.3856,=0.8508,=0.7277,=0.8913,=1.1376,=1.3387,=1.6890,=0.0433,=0.2357,=0.0330,=0.0425,=0.0514,=0.0644,=0.0757,=0.0233,=0.0885,=0.0212,=14196
="000821",300红利,2012-07-20,=-0.0220,=6293.7314,=-0.0567,=8.2715,=0.7421,=4.9998,=6.1944,=7.5620,=8.4656,=10.9286,=0.8043,=0.3243,=0.5725,=0.7140,=0.8682,=1.0796,=1.4919,=1.3145,=0.7878,=0.6098,=0.7993,=1.0658,=1.3209,=1.6963,=0.0460,=0.4483,=0.0319,=0.0420,=0.0472,=0.0563,=0.0673,=0.0235,=0.0916,=0.0239,=999
="000063",上证周期,2010-02-03,=-0.0270,=3560.9800,=-0.1224,=8.4219,=0.4400,=5.4761,=7.1362,=8.6043,=9.4385,=12.4946,=0.8684,=0.2798,=0.6668,=0.8368,=0.9601,=1.1068,=1.4831,=1.4508,=0.8080,=0.8113,=1.0636,=1.2496,=1.4463,=1.7571,=0.0393,=0.5422,=0.0252,=0.0350,=0.0385,=0.0518,=0.0626,=0.0245,=0.0975,=0.0256,=206
="930740",300红利LV,2018-12-04,=-0.0226,=6718.1747,=-0.0629,=8.4466,=0.7629,=5.4153,=6.8275,=7.5232,=8.6970,=9.6903,=0.8130,=0.3390,=0.6159,=0.7722,=0.8572,=0.9459,=1.0604,=1.4772,=0.7985,=0.6725,=0.8568,=1.0786,=1.5030,=1.9253,=0.0460,=0.5537,=0.0370,=0.0418,=0.0452,=0.0513,=0.0622,=0.0239,=0.0932,=0.0223,=620
="000824",国企红利,2012-07-20,=-0.0225,=2065.2007,=-0.0264,=8.4624,=0.8051,=4.8847,=5.9406,=7.3386,=8.4390,=10.7823,=0.8103,=0.4693,=0.5610,=0.6880,=0.8277,=1.0592,=1.4469,=1.2201,=0.7676,=0.5370,=0.7016,=0.9867,=1.2552,=1.6834,=0.0448,=0.3811,=0.0328,=0.0418,=0.0481,=0.0583,=0.0694,=0.0232,=0.0892,=0.0226,=942
="930955",红利低波100,2017-05-26,=-0.0203,=11046.6632,=-0.0632,=8.4634,=0.7649,=5.0805,=6.0718,=7.4256,=8.6138,=11.5013,=0.8314,=0.5057,=0.5792,=0.6662,=0.8279,=0.9895,=1.3722,=1.4326,=0.8668,=0.5888,=0.7784,=0.9907,=1.3590,=1.7525,=0.0467,=0.4725,=0.0270,=0.0430,=0.0471,=0.0562,=0.0683,=0.0234,=0.0928,=0.0257,=2197
="931644",800红利,2024-03-15,,,=-0.0023,=8.4647,=0.5311,=6.4729,=7.3375,=8.3693,=9.0523,=9.4757,=0.8139,=0.3223,=0.7001,=0.7714,=0.8600,=0.9072,=0.9431,=1.1854,=0.5513,=0.8423,=0.9262,=1.1365,=1.2954,=1.3602,=0.0457,=0.4103,=0.0416,=0.0431,=0.0473,=0.0579,=0.0662,=0.0236,=0.0906,=0.0231,=31
="000919",300价值,2008-01-21,=-0.0277,=4832.9084,=-0.0913,=8.5559,=0.5567,=5.9577,=7.3283,=8.4486,=9.2438,=12.2376,=0.8480,=0.1924,=0.6917,=0.8497,=0.9390,=1.1480,=1.5388,=1.0634,=0.7248,=0.6314,=0.7861,=0.9060,=1.1066,=1.3421,=0.0425,=0.6123,=0.0265,=0.0360,=0.0406,=0.0490,=0.0609,=0.0228,=0.0921,=0.0242,=4324
="931848",800红利低波,2024-05-21,=-0.0238,=3046.8648,=-0.0374,=8.5657,=0.2718,=7.4155,=8.2245,=9.0833,=9.4751,=9.7854,=0.8298,=0.0873,=0.7315,=0.8614,=0.9203,=0.9701,=1.0024,=1.5746,=0.9940,=1.1714,=1.2343,=1.3487,=1.3826,=1.6456,=0.0439,=0.5119,=0.0399,=0.0412,=0.0437,=0.0519,=0.0594,=0.0237,=0.0929,=0.0230,=149
="HSCCI",恒生香港中资企业指数,1997-06-16,=-0.0389,=4009.5900,=-0.0015,=8.5853,=0.4720,=4.8859,=6.8728,=8.8763,=11.7234,=16.1208,=0.8125,=0.3777,=0.5567,=0.7305,=0.8668,=1.1675,=1.3660,=0.9237,=0.3989,=0.5555,=0.7802,=0.9873,=1.3582,=1.5178,=0.0583,=0.6584,=0.0276,=0.0359,=0.0529,=0.0664,=0.1028,,=0.0951,,=33
="931479",证券保险,2020-05-06,=-0.0409,=872.7726,=-0.1787,=8.6256,=0.0034,=8.4973,=11.8158,=13.4660,=15.5169,=21.1012,=1.1573,=0.1285,=1.0296,=1.2180,=1.3758,=1.5649,=2.2844,=1.5726,=0.6178,=1.0318,=1.2725,=1.4599,=1.7897,=2.2879,=0.0310,=0.9172,=0.0162,=0.0225,=0.0250,=0.0288,=0.0357,=0.0256,=0.1317,=0.0302,=36
="H30035",300非银,2012-12-21,=-0.0425,=9011.9815,=-0.1919,=8.7570,=0.0016,=8.6966,=12.9066,=15.1675,=19.3628,=26.3489,=1.1736,=0.0742,=1.0544,=1.3112,=1.6229,=2.0481,=2.4387,=1.5847,=0.3997,=1.0410,=1.4185,=1.7151,=1.9729,=2.3917,=0.0304,=0.9481,=0.0124,=0.0164,=0.0221,=0.0255,=0.0352,=0.0253,=0.1294,=0.0297,=1210
="000825",央企红利,2012-07-20,=-0.0243,=3232.9350,=-0.0638,=8.7604,=0.8710,=4.7369,=6.0940,=7.3096,=8.4005,=10.5687,=0.8386,=0.4837,=0.5507,=0.6915,=0.8598,=0.9983,=1.3929,=1.1657,=0.6984,=0.6009,=0.8548,=1.0656,=1.2189,=1.7357,=0.0438,=0.2810,=0.0330,=0.0421,=0.0473,=0.0555,=0.0713,=0.0224,=0.0902,=0.0228,=351
="399805",互联金融,2015-02-10,=-0.0165,=2868.0400,=-0.2548,=8.7872,=0.0977,=7.5943,=9.7293,=11.4201,=13.1628,=16.5816,=0.9159,=0.0902,=0.7644,=1.0445,=1.4116,=1.7248,=2.0317,=1.6894,=0.6477,=1.1667,=1.4082,=1.6147,=1.7935,=2.2636,=0.0372,=0.9184,=0.0145,=0.0183,=0.0234,=0.0333,=0.0507,=0.0238,=0.0940,=0.0248,=328
="HSML25",恒生中国(香港上市)30指数,2003-01-20,=-0.0200,=8324.6200,=-0.1203,=9.0495,=0.4927,=5.7712,=7.9406,=9.0740,=10.2891,=13.0207,=0.9859,=0.2632,=0.7256,=0.9442,=1.0794,=1.2097,=1.5098,=1.6375,=0.7116,=0.9123,=1.1560,=1.4206,=1.7362,=2.4187,=0.0367,=0.4813,=0.0247,=0.0321,=0.0369,=0.0450,=0.0643,,=0.1051,,=270
="932305",智选高股息,2024-09-30,=-0.0204,=11164.2933,=0.0004,=9.0519,=0.6392,=7.0143,=7.4931,=8.3473,=9.4563,=10.9391,=1.0005,=0.3511,=0.8750,=0.9238,=1.0519,=1.0850,=1.1675,=0.4996,=0,=0.4996,=0.7268,=0.7805,=1.2744,=1.3342,=0.0626,=0.4262,=0.0457,=0.0594,=0.0644,=0.0686,=0.0723,=0.0253,=0.1000,=0.0324,=321
="000968",300周期,2010-05-28,,,=-0.0838,=9.1348,=0.4948,=6.1174,=7.8172,=9.1553,=10.2896,=13.3562,=0.9030,=0.2732,=0.7021,=0.8484,=1.0033,=1.1784,=1.5550,=1.5049,=0.8101,=0.8459,=1.0834,=1.2650,=1.4946,=1.8297,=0.0369,=0.5995,=0.0230,=0.0317,=0.0359,=0.0470,=0.0569,=0.0243,=0.0922,=0.0244,=99
="H30356",800价值,2014-06-09,=-0.0262,=6080.1606,=-0.0852,=9.1938,=0.5564,=6.4024,=7.6968,=9.0497,=9.9527,=13.4784,=0.8987,=0.2747,=0.7030,=0.8630,=0.9870,=1.1710,=1.6287,=1.0249,=0.7453,=0.5868,=0.7389,=0.8833,=1.0833,=1.3738,=0.0410,=0.6343,=0.0239,=0.0336,=0.0385,=0.0475,=0.0589,=0.0232,=0.0908,=0.0237,=32
="399966",800证保,2012-12-21,=-0.0380,=5476.1900,=-0.1719,=9.2868,=0.0025,=9.1408,=13.6790,=15.9948,=19.7375,=27.1945,=1.1851,=0.0762,=1.0619,=1.3088,=1.6071,=2.0408,=2.4366,=1.7265,=0.4565,=1.1634,=1.5249,=1.7815,=2.0457,=2.5211,=0.0291,=0.9547,=0.0122,=0.0160,=0.0213,=0.0240,=0.0329,=0.0247,=0.1256,=0.0286,=173
="H30588",中证证保,2015-02-02,=-0.0380,=929.8654,=-0.1719,=9.2913,=0.0025,=9.1443,=13.6398,=16.0870,=19.5891,=27.6808,=1.1840,=0.0676,=1.0752,=1.3083,=1.6137,=2.0366,=2.4238,=1.7293,=0.4578,=1.1673,=1.5178,=1.7655,=2.0128,=2.5500,=0.0291,=0.9559,=0.0121,=0.0160,=0.0213,=0.0238,=0.0328,=0.0246,=0.1254,=0.0286,=470
="932422",A500红利低波,2025-04-09,=-0.0209,=2881.2908,=-0.0715,=9.3028,=0,=9.3028,=9.8548,=10.0782,=10.2329,=10.5846,=0.9028,=0,=0.9028,=1.0178,=1.0415,=1.0563,=1.0978,=1.2854,=0.1246,=1.2431,=1.2995,=1.4201,=1.4711,=1.5336,=0.0453,=0.9965,=0.0388,=0.0403,=0.0411,=0.0428,=0.0455,=0.0241,=0.0948,,=335
="931722",国新港股通央企红利,2023-09-13,=-0.0290,=1302.5655,=-0.0144,=9.3397,=0.7773,=5.5040,=6.7014,=7.6904,=9.4636,=10.8173,=0.8479,=0.5855,=0.6213,=0.7319,=0.8254,=0.9096,=1.0298,=0.5818,=0.7271,=0.3100,=0.3816,=0.4718,=0.6111,=0.6918,=0.0544,=0.0900,=0.0469,=0.0573,=0.0620,=0.0690,=0.0823,,=0.0875,,=356
="000925",基本面50,2009-02-26,=-0.0265,=4094.9680,=-0.1133,=9.3489,=0.5703,=6.2635,=7.9688,=9.1195,=10.0957,=12.7955,=0.9599,=0.3185,=0.7306,=0.9013,=1.0545,=1.1921,=1.5728,=1.0307,=0.6395,=0.6037,=0.7864,=0.9668,=1.1046,=1.4866,=0.0393,=0.5958,=0.0256,=0.0338,=0.0374,=0.0468,=0.0563,=0.0227,=0.0882,=0.0241,=4556
="HSCESI",恒生中国企业精明指数,2015-06-08,=-0.0206,=11499.9000,=-0.1047,=9.4169,=0.7021,=6.0524,=7.9180,=8.6590,=10.0571,=15.8114,=0.9822,=0.4232,=0.6924,=0.8975,=1.0076,=1.1579,=1.7191,=1.3223,=0.7254,=0.8066,=0.9998,=1.0906,=1.4384,=2.0876,=0.0360,=0.3303,=0.0200,=0.0332,=0.0385,=0.0446,=0.0600,,=0.1052,,=93
="931052",国信价值,2017-12-08,=-0.0145,=3445.4691,=-0.0017,=9.4481,=0.8645,=5.3831,=6.5976,=7.4260,=8.7997,=11.0091,=1.2035,=0.8291,=0.7343,=0.9124,=1.0313,=1.1625,=1.5208,=1.6772,=0.9051,=0.6105,=0.9414,=1.2299,=1.4562,=2.0196,=0.0435,=0.4487,=0.0262,=0.0382,=0.0441,=0.0532,=0.0692,=0.0310,=0.1267,=0.0326,=571
="HSCEI",恒生中国企业指数,1994-08-08,=-0.0206,=7976.0400,=-0.1052,=9.4571,=0.7067,=6.0524,=7.9193,=8.6723,=10.0791,=15.8114,=0.9859,=0.4317,=0.6924,=0.8969,=1.0088,=1.1595,=1.7191,=1.3268,=0.7246,=0.8066,=1.0007,=1.0903,=1.4420,=2.0876,=0.0358,=0.3210,=0.0200,=0.0331,=0.0385,=0.0446,=0.0600,,=0.1052,,=4752
="399371",国证价值,2010-01-04,=-0.0224,=6769.2500,=-0.0603,=9.5110,=0.5999,=6.4728,=7.8356,=9.0971,=10.4280,=13.0475,=0.9329,=0.3420,=0.7249,=0.8967,=1.0075,=1.2365,=1.5675,=1.0685,=0.7581,=0.5764,=0.7536,=0.8693,=1.0981,=1.3812,=0.0402,=0.5583,=0.0249,=0.0321,=0.0394,=0.0477,=0.0565,=0.0233,=0.0892,=0.0237,=138
="931373",股息龙头,2019-11-15,,,=-0.0511,=9.5722,=0.8026,=5.4295,=6.8884,=8.3453,=9.5574,=11.4004,=1.1085,=0.7481,=0.6697,=0.8494,=1.0111,=1.1268,=1.2586,=1.7718,=0.9981,=0.5706,=0.8136,=0.9869,=1.3886,=1.8523,=0.0414,=0.3208,=0.0347,=0.0398,=0.0468,=0.0546,=0.0682,=0.0258,=0.1004,=0.0264,=326
="930723",沪港深F100,2015-08-05,=-0.0233,=4751.5805,=-0.0684,=9.5853,=0.6291,=5.4557,=7.5729,=9.0426,=10.1685,=13.1279,=0.9777,=0.4409,=0.6469,=0.8477,=1.0097,=1.1158,=1.4626,=1.2753,=0.7734,=0.6039,=0.8635,=1.0804,=1.2886,=1.6654,=0.0389,=0.4636,=0.0281,=0.0354,=0.0393,=0.0500,=0.0650,,=0.0918,,=151
="932153",港股通价值策略,2025-04-30,=-0.0173,=1085.6576,=0.0291,=9.5873,=0.1685,=8.1696,=9.7534,=10.1258,=10.3980,=10.9237,=0.8031,=0.1254,=0.7012,=0.8395,=0.8808,=0.9018,=0.9365,=0.9740,=0.1935,=0.8168,=0.9830,=1.0329,=1.0640,=1.1126,=0.0442,=0.7993,=0.0397,=0.0412,=0.0425,=0.0442,=0.0538,,=0.0812,,=10
="931069",中金300,2018-02-14,=-0.0205,=4610.2380,=-0.0788,=9.5939,=0.5617,=5.9518,=7.5667,=9.2926,=10.4984,=13.6164,=0.9983,=0.3586,=0.7377,=0.9221,=1.0860,=1.3546,=1.8328,=1.2860,=0.7578,=0.6656,=0.8675,=1.1154,=1.3293,=1.7542,=0.0397,=0.5775,=0.0253,=0.0318,=0.0385,=0.0473,=0.0560,=0.0231,=0.0958,=0.0284,=94
="980081",价值100,2012-12-28,,,=-0.0009,=9.6196,=0.7080,=7.7317,=8.3453,=8.6846,=10.0809,=11.5920,=1.0336,=0.5565,=0.8413,=0.8848,=0.9384,=1.1302,=1.3448,=1.1475,=0.8733,=0.7580,=0.8061,=0.9382,=1.0650,=1.2118,=0.0495,=0.5124,=0.0420,=0.0451,=0.0492,=0.0551,=0.0599,=0.0275,=0.0995,=0.0251,=409
="000806",消费服务,2012-02-10,=0.0008,=7470.1606,=-0.1132,=9.6774,=0.0750,=9.0076,=10.0440,=10.8055,=11.8704,=17.0971,=1.0197,=0.0033,=1.0009,=1.1958,=1.3534,=1.5460,=2.0145,=2.1552,=0.5468,=1.6526,=1.9482,=2.1255,=2.3803,=3.0032,=0.0374,=0.8974,=0.0198,=0.0244,=0.0295,=0.0352,=0.0497,=0.0246,=0.1002,=0.0266,=422
="000056",上证国企,2010-01-04,=-0.0188,=1219.0900,=-0.0226,=9.6807,=0.4833,=7.2538,=8.8792,=9.7325,=10.7955,=13.3187,=1.0654,=0.3420,=0.8518,=1.0314,=1.1225,=1.2162,=1.5455,=1.6958,=0.9543,=0.7909,=0.9986,=1.1126,=1.2376,=1.7805,=0.0382,=0.6522,=0.0242,=0.0312,=0.0345,=0.0430,=0.0568,=0.0264,=0.1060,=0.0271,=201
="930931",港股通50,2017-01-16,=-0.0159,=3671.2811,=-0.0588,=9.6907,=0.4679,=6.5385,=8.7032,=9.8086,=11.3737,=15.8907,=1.0382,=0.3498,=0.7428,=0.9458,=1.0967,=1.1817,=1.6058,=1.7987,=0.6506,=1.1204,=1.4690,=1.7064,=1.9127,=2.6369,=0.0359,=0.4294,=0.0233,=0.0326,=0.0372,=0.0438,=0.0589,,=0.0979,,=293
="000042",上证央企,2009-03-30,=-0.0194,=1687.4100,=-0.0684,=9.7240,=0.6704,=6.3284,=7.8863,=9.1868,=10.0583,=12.9577,=0.9531,=0.4038,=0.7230,=0.8871,=0.9847,=1.1137,=1.4812,=1.2716,=0.9398,=0.6569,=0.8569,=0.9788,=1.1388,=1.3891,=0.0378,=0.4668,=0.0261,=0.0349,=0.0381,=0.0469,=0.0583,=0.0224,=0.0920,=0.0234,=385
="399550",央视50,2012-06-06,=-0.0052,=8340.7200,=0.0308,=9.7307,=0.6646,=6.8960,=8.2874,=9.3132,=10.1597,=13.0561,=0.9654,=0.0824,=0.8649,=1.0144,=1.2375,=1.4261,=1.8564,=2.0214,=0.7536,=1.3448,=1.6584,=1.8161,=2.0548,=2.5217,=0.0408,=0.6568,=0.0268,=0.0326,=0.0377,=0.0446,=0.0593,=0.0237,=0.0945,=0.0248,=2274
="930839",港股通高息精选,2016-06-08,=-0.0233,=3169.8099,=-0.0851,=9.7999,=0.5430,=4.9918,=7.1350,=9.3694,=13.2462,=31.7979,=1.2857,=0.7431,=0.7294,=0.9293,=1.0756,=1.5790,=4.8768,=1.1027,=0.4188,=0.3418,=0.5599,=1.2447,=1.9083,=6.3245,=0.0549,=0.6088,=0.0089,=0.0375,=0.0487,=0.0677,=0.1118,,=0.1433,,=376
="931375",300质量低波,2019-11-25,=-0.0229,=15231.3838,=-0.1018,=9.9244,=0.3868,=6.4946,=8.1621,=11.3724,=13.5540,=22.0532,=1.2967,=0.4038,=0.8054,=1.0810,=1.5536,=2.0724,=3.3245,=2.5444,=0.9981,=1.0044,=1.3268,=1.6714,=2.0934,=2.6532,=0.0334,=0.3535,=0.0151,=0.0278,=0.0351,=0.0404,=0.0521,=0.0279,=0.1211,=0.0298,=111
="000859",国企一带一路,2019-05-16,=-0.0169,=1876.1881,=0.0300,=9.9480,=0.0424,=9.4709,=10.6177,=12.5327,=14.5080,=21.0714,=0.9621,=0,=0.9621,=1.1627,=1.4381,=1.7781,=2.1877,=1.1227,=0.9669,=0.4715,=0.5620,=0.7402,=0.8289,=1.1782,=0.0362,=0.7738,=0.0208,=0.0253,=0.0317,=0.0368,=0.0454,=0.0234,=0.0898,=0.0201,=265
="950090",50AH优选,2015-12-10,=-0.0023,=6097.7179,=-0.0158,=9.9513,=0.8298,=6.3188,=7.9118,=8.6634,=9.8372,=13.5010,=1.0555,=0.5801,=0.7914,=0.9498,=1.0282,=1.1234,=1.5403,=1.3965,=0.9799,=0.6574,=0.8482,=0.9520,=1.0634,=1.4553,=0.0361,=0.2881,=0.0256,=0.0345,=0.0398,=0.0478,=0.0655,,=0.1007,,=1998
="930957",港股通中国100,2017-06-23,=-0.0191,=3377.8889,=-0.1132,=10.1227,=0.6931,=5.4625,=7.5992,=8.9229,=10.8175,=13.3106,=1.0771,=0.5106,=0.6571,=0.8629,=1.0727,=1.2003,=1.5222,=1.3931,=0.8279,=0.6789,=0.9638,=1.1267,=1.3649,=1.6609,=0.0352,=0.3795,=0.0251,=0.0330,=0.0370,=0.0503,=0.0691,,=0.1031,,=15
="930709",香港证券,2015-07-13,=-0.0280,=1283.6687,=-0.0965,=10.2581,=0.2013,=6.3679,=10.2424,=12.8134,=14.8886,=24.4010,=0.9434,=0.4623,=0.5308,=0.7588,=0.9624,=1.2400,=1.6136,=3.9434,=0.7463,=1.7834,=2.5970,=3.1590,=4.1596,=5.9903,=0.0350,=0.5728,=0.0202,=0.0265,=0.0337,=0.0405,=0.0726,,=0.0828,,=507
="932431",300质量,2025-03-18,=-0.0156,=1884.5285,=-0.0791,=10.2907,=0.7647,=9.4685,=9.9795,=10.1381,=10.3206,=10.6524,=1.0985,=0.1634,=1.0616,=1.1037,=1.1293,=1.1442,=1.1853,=2.1888,=0.4281,=2.0194,=2.1476,=2.2003,=2.2414,=2.3259,=0.0353,=0.0752,=0.0341,=0.0362,=0.0378,=0.0393,=0.0487,=0.0253,=0.1012,=0.0271,=13
="930846",300SNLV,2016-06-24,,,=0.0147,=10.3931,=0.6158,=7.7900,=9.2097,=10.0852,=10.7395,=12.6275,=0.9824,=0.0875,=0.8340,=1.0367,=1.0949,=1.2259,=1.5027,=1.2336,=0.6319,=0.7711,=0.9528,=1.1616,=1.3326,=1.6864,=0.0400,=0.7709,=0.0239,=0.0320,=0.0359,=0.0404,=0.0486,=0.0237,=0.0917,=0.0233,=149
="000021",180治理,2008-09-10,=-0.0182,=1009.0800,=-0.0727,=10.3954,=0.7342,=6.3364,=8.4357,=9.7174,=10.5909,=13.6109,=1.0594,=0.3482,=0.7542,=0.9755,=1.0971,=1.2187,=1.5847,=1.3756,=0.9501,=0.6625,=0.8519,=0.9541,=1.1456,=1.4979,=0.0392,=0.6510,=0.0241,=0.0329,=0.0363,=0.0448,=0.0548,=0.0243,=0.0995,=0.0258,=166
="399812",养老产业,2014-06-06,=-0.0112,=5012.9200,=-0.2082,=10.4282,=0,=10.4282,=17.9719,=20.4274,=25.3954,=31.4367,=1.6136,=0.0021,=1.5864,=2.0583,=2.8103,=3.2414,=4.2954,=1.3315,=0.0354,=1.2170,=1.4600,=1.6755,=1.8719,=2.5548,=0.0297,=0.9934,=0.0096,=0.0128,=0.0169,=0.0241,=0.0306,=0.0294,=0.1459,=0.0345,=6235
="000901",小康指数,2010-04-02,=-0.0203,=5816.5400,=-0.0831,=10.4785,=0.3325,=8.5492,=9.9918,=10.9701,=12.5401,=15.5671,=0.9864,=0.0004,=0.9844,=1.0853,=1.2379,=1.4333,=1.7818,=0.9954,=0.5496,=0.7500,=0.8913,=0.9726,=1.0556,=1.2662,=0.0357,=0.7874,=0.0175,=0.0252,=0.0293,=0.0363,=0.0436,=0.0231,=0.0878,=0.0238,=251
="HSLI",恒生综合大型股指数,2001-10-03,=-0.0143,=2199.7600,=-0.0864,=10.5075,=0.4963,=6.9327,=9.1269,=10.5314,=11.7587,=17.6478,=1.0605,=0.3522,=0.7133,=0.9439,=1.1160,=1.2416,=1.6032,=1.4635,=0.5540,=0.8297,=1.1852,=1.4291,=1.6322,=2.0023,=0.0359,=0.5244,=0.0207,=0.0314,=0.0356,=0.0440,=0.0582,,,,=101
="399995",基建工程,2015-03-12,=-0.0186,=3814.4700,=-0.0235,=10.5337,=0.7800,=5.8673,=7.3439,=8.2803,=11.0030,=18.8590,=0.6753,=0.0412,=0.5815,=0.7248,=0.8987,=1.3298,=2.1834,=0.1927,=0.3712,=0.1368,=0.1788,=0.2043,=0.3398,=0.5478,=0.0263,=0.6498,=0.0106,=0.0185,=0.0244,=0.0289,=0.0415,=0.0129,=0.0543,=0.0158,=2691
="930608",中证基建,2015-03-31,=-0.0185,=7725.9679,=-0.0896,=10.5941,=0.5192,=6.6667,=8.6208,=10.4997,=14.1021,=25.2863,=0.7302,=0.0185,=0.6550,=0.8144,=1.1055,=1.4688,=2.2134,=0.2240,=0.2122,=0.1701,=0.2209,=0.3361,=0.4823,=0.7101,=0.0287,=0.7783,=0.0095,=0.0167,=0.0212,=0.0289,=0.0388,=0.0141,=0.0583,=0.0170,=654
="HSAHP",恒生沪深港通AH股溢价指数,2007-07-09,=0.0003,=119.7600,=-0.0300,=10.6147,=0.8910,=5.5550,=7.1430,=8.3423,=9.6835,=12.3156,=1.0386,=0.7448,=0.6208,=0.7734,=0.9226,=1.0810,=1.3863,=1.2115,=0.9075,=0.5653,=0.7668,=0.9030,=1.0793,=1.3750,=0.0335,=0.1403,=0.0268,=0.0350,=0.0398,=0.0520,=0.0665,,=0.0958,,=348
="932255",A500红利增长,2025-04-09,,,=-0.0330,=10.8598,=0.4464,=9.2509,=10.3807,=11.0241,=11.7907,=12.2754,=1.2266,=0.1834,=1.0684,=1.2362,=1.3011,=1.3650,=1.4369,=1.7275,=0.3599,=1.3292,=1.6784,=1.7955,=1.9654,=2.0549,=0.0336,=0.1246,=0.0327,=0.0343,=0.0358,=0.0374,=0.0393,=0.0280,=0.1066,,=36
="000043",超大盘,2009-04-23,=0.0009,=2531.0900,=-0.0327,=11.2093,=0.5558,=7.5271,=9.4626,=10.9299,=13.3313,=17.2195,=1.2959,=0.3098,=0.9803,=1.2132,=1.3542,=1.5050,=1.9858,=2.1610,=0.9559,=0.6740,=0.8585,=1.2436,=1.5191,=2.3305,=0.0325,=0.4969,=0.0191,=0.0239,=0.0326,=0.0406,=0.0547,=0.0268,=0.1053,=0.0277,=164
="000016",上证50,2004-01-02,=-0.0019,=2928.7500,=-0.0338,=11.2230,=0.7194,=8.3126,=9.6379,=10.4641,=11.5466,=15.1108,=1.2043,=0.3173,=1.0245,=1.1685,=1.2377,=1.3330,=1.6482,=1.5769,=0.9670,=0.8665,=1.0170,=1.1274,=1.2812,=1.6440,=0.0323,=0.4001,=0.0240,=0.0291,=0.0334,=0.0397,=0.0497,=0.0249,=0.1007,=0.0262,=23497
="000052",50基本,2012-01-09,=-0.0275,=2620.1800,=-0.1334,=11.2230,=0.7194,=8.3126,=9.6390,=10.4657,=11.5466,=15.1108,=1.2043,=0.3181,=1.0245,=1.1685,=1.2376,=1.3328,=1.6471,=1.5769,=0.9670,=0.8665,=1.0173,=1.1276,=1.2812,=1.6440,=0.0323,=0.4623,=0.0238,=0.0291,=0.0329,=0.0398,=0.0497,=0.0249,=0.1007,=0.0262,=26
="HSISC",恒指港股通指数,2024-03-01,=-0.0162,=3263.9700,=-0.0666,=11.2470,=0.6050,=7.5992,=8.6262,=10.2279,=11.9249,=12.8475,=1.1913,=0.5890,=0.8411,=0.9175,=1.1348,=1.2575,=1.3442,=1.5062,=0.5907,=0.9830,=1.1386,=1.4076,=1.6144,=1.7320,=0.0348,=0.2794,=0.0322,=0.0343,=0.0401,=0.0502,=0.0595,,=0.1037,,=50
="931586",300价值稳健,2020-11-09,=-0.0178,=7131.4907,=-0.0657,=11.3761,=0.5960,=8.1741,=9.6739,=11.1201,=12.7331,=15.0111,=1.2394,=0.2701,=0.9699,=1.1923,=1.3296,=1.5161,=1.6570,=1.2691,=0.8197,=0.7359,=0.8639,=0.9837,=1.0887,=1.5639,=0.0378,=0.5622,=0.0248,=0.0320,=0.0371,=0.0407,=0.0470,=0.0264,=0.1070,=0.0304,=43
="HSI",恒生指数,1989-03-09,=-0.0159,=23924.8100,=-0.0666,=11.4037,=0.6603,=6.9462,=9.2277,=10.3088,=12.2410,=16.9606,=1.1991,=0.6790,=0.7519,=0.9723,=1.1258,=1.2661,=1.5570,=1.4646,=0.5391,=0.8141,=1.1481,=1.4353,=1.6542,=2.0895,=0.0343,=0.2750,=0.0204,=0.0331,=0.0370,=0.0444,=0.0596,,,,=13493
="HSLMI",恒生综合大中型股指数,2015-06-08,=-0.0143,=3791.8900,=-0.0807,=11.4337,=0.6507,=7.0073,=9.3021,=10.5740,=12.3479,=17.7261,=1.1022,=0.5171,=0.6929,=0.9060,=1.0970,=1.2279,=1.5417,=1.3202,=0.7295,=0.6858,=0.9753,=1.1743,=1.3720,=1.6465,=0.0341,=0.4399,=0.0214,=0.0309,=0.0347,=0.0437,=0.0602,,,,=88
="000048",责任指数,2009-08-05,=-0.0188,=1315,=-0.1088,=11.7971,=0.8010,=7.8628,=9.5548,=10.5345,=11.7939,=14.1982,=1.2696,=0.4388,=0.9056,=1.1404,=1.2980,=1.4408,=1.7866,=1.1421,=0.9988,=0.5718,=0.6942,=0.8010,=0.9225,=1.1795,=0.0390,=0.7235,=0.0223,=0.0278,=0.0311,=0.0398,=0.0469,=0.0224,=0.0991,=0.0247,=129
="932457",港股通现金流,2025-02-28,,,=0.0066,=11.8038,=0.9224,=7.5325,=8.9046,=10.2003,=11.5085,=12.3320,=1.1920,=0.4565,=1.0440,=1.1458,=1.2001,=1.3290,=1.5343,=0.6345,=0,=0.6345,=0.9071,=0.9626,=1.2191,=1.4545,=0.0418,=0.0373,=0.0405,=0.0435,=0.0502,=0.0633,=0.0701,,=0.0990,,=42
="931476",ESG 120策略,2020-04-30,=0.0021,=1519.2533,=0.0897,=11.8459,=0.8148,=7.8289,=9.6328,=10.6081,=11.7937,=13.2171,=1.3220,=0.6835,=1.0061,=1.1758,=1.2531,=1.3663,=1.7130,=1.5946,=0.9852,=0.7906,=1.0591,=1.1492,=1.3408,=1.6288,=0.0326,=0.3562,=0.0251,=0.0295,=0.0360,=0.0387,=0.0488,=0.0265,=0.1050,=0.0271,=52
="HSCAIT",恒生A股行业龙头指数,2009-09-21,=-0.0117,=5331.1900,=-0.0747,=11.8872,=0.8152,=8.2192,=9.7854,=10.4761,=11.8144,=14.1027,=1.2555,=0.4683,=1.0288,=1.1847,=1.2644,=1.3563,=1.6997,=1.2866,=0.8905,=0.8424,=0.9738,=1.0506,=1.2139,=1.4109,=0.0357,=0.6074,=0.0260,=0.0318,=0.0347,=0.0405,=0.0503,=0.0256,=0.1023,=0.0256,=494
="932450",香港现金流,2025-02-28,,,=-0.1604,=11.9081,=0.9658,=6.6300,=8.1185,=9.8438,=10.4751,=12.5131,=1.1605,=0.4814,=0.7408,=0.8547,=1.1725,=1.2879,=1.5038,=0.5647,=0.3789,=0.4577,=0.5253,=0.9028,=1.0482,=1.2561,=0.0385,=0.0062,=0.0367,=0.0445,=0.0549,=0.0602,=0.0728,,=0.0828,,=10
="1000010",上海B股,1994-01-10,,,,=11.9725,=0.1240,=6.8464,=12.9550,=19.1348,=37.2537,=68.1787,=0.9119,=0.2027,=0.7158,=0.9108,=1.0148,=1.2471,=1.7346,=0.6794,=0.6712,=0.3163,=0.4060,=0.5565,=0.7386,=1.2119,=0.0434,=0.8166,=0.0085,=0.0237,=0.0344,=0.0431,=0.2559,,,=0.0164,=129
="000010",上证180,2002-07-01,=-0.0013,=10108.7000,=0.0093,=12.0087,=0.7631,=8.4900,=9.9408,=10.9923,=12.1305,=14.6942,=1.2096,=0.3745,=0.9930,=1.1498,=1.2654,=1.3646,=1.6698,=1.4129,=0.9225,=0.8990,=1.0652,=1.1830,=1.3059,=1.4916,=0.0311,=0.4957,=0.0224,=0.0272,=0.0312,=0.0373,=0.0465,=0.0240,=0.0943,=0.0246,=2497
="931395",沪港深300,2020-01-14,=-0.0018,=1753.8265,=0.0156,=12.0658,=0.6677,=8.3275,=10.0253,=10.8512,=12.5522,=16.6490,=1.2563,=0.5600,=0.9663,=1.1029,=1.2187,=1.3699,=1.7241,=1.5746,=0.7871,=0.9881,=1.1726,=1.3196,=1.5845,=1.8801,=0.0310,=0.3311,=0.0218,=0.0272,=0.0334,=0.0393,=0.0499,,=0.0964,,=503
="930629",CSSW健康,2015-05-08,=0.0074,=4989.7010,=-0.1286,=12.1031,=0,=12.1031,=17.9456,=21.8224,=38.8443,=49.9253,=1.7517,=0.0008,=1.7351,=2.1705,=3.0754,=4.6084,=6.2998,=1.4620,=0.0803,=1.2755,=1.5547,=1.9195,=4.7309,=7.2978,=0.0257,=0.9938,=0.0055,=0.0076,=0.0153,=0.0208,=0.0272,=0.0270,=0.1388,=0.0324,=271
="932039",央企股东回报,2022-11-16,=-0.0233,=1568.8931,=-0.0113,=12.1098,=0.8378,=8.0198,=9.6657,=10.9555,=11.9652,=13.8005,=1.1546,=0.6804,=0.8847,=1.0054,=1.1054,=1.1746,=1.4098,=0.7606,=0.8590,=0.3642,=0.4250,=0.5272,=0.6670,=0.8821,=0.0435,=0.3525,=0.0383,=0.0421,=0.0449,=0.0476,=0.0553,=0.0235,=0.0905,=0.0215,=132
="399807",高铁产业,2015-01-20,=-0.0149,=1122.9400,=-0.0961,=12.2766,=0.3659,=9.4881,=11.2215,=12.8283,=15.6349,=24.3532,=0.7612,=0,=0.7612,=0.9193,=1.0330,=1.4916,=2.3973,=0.3926,=0.3033,=0.3063,=0.3761,=0.4231,=0.4771,=0.6435,=0.0308,=0.9510,=0.0090,=0.0146,=0.0235,=0.0277,=0.0348,=0.0121,=0.0541,=0.0137,=590
="930949",价值回报,2017-02-24,,,=-0.0468,=12.6087,=0.8222,=5.5354,=8.1077,=10.0045,=12.3218,=17.5400,=1.9862,=0.6962,=1.2865,=1.4743,=1.7425,=2.1696,=3.1701,=1.3526,=0.9213,=0.5488,=0.7117,=0.8722,=1.2640,=1.7276,=0.0382,=0.5652,=0.0155,=0.0258,=0.0348,=0.0486,=0.0681,=0.0290,=0.1096,=0.0305,=29
="1000015",港股全指,2000-01-01,=-0.0159,=23924.8100,=-0.0666,=12.6129,=0.6385,=7.5917,=10.2564,=11.3492,=13.5907,=19.1348,=1.0590,=0.4846,=0.6574,=0.8625,=1.0658,=1.1863,=1.5123,=1.1538,=0.5727,=0.6196,=0.8644,=1.1009,=1.2707,=1.5791,=0.0337,=0.5175,=0.0205,=0.0300,=0.0334,=0.0422,=0.0574,,,,=305
="931168",绿色价值100,2019-06-27,,,=0.0509,=12.6143,=0.7605,=8.4906,=9.9759,=11.3309,=12.8463,=14.6050,=1.3306,=0.6257,=1.0223,=1.1889,=1.2802,=1.4053,=1.6052,=1.5618,=0.9332,=0.9649,=1.1295,=1.2487,=1.3534,=1.6482,=0.0305,=0.3318,=0.0243,=0.0291,=0.0316,=0.0357,=0.0439,=0.0274,=0.1011,=0.0242,=10
="399313",巨潮100,2005-02-03,=0.0039,=5583.6900,=0.0251,=12.6512,=0.8467,=8.9278,=10.3467,=11.0896,=12.3658,=16.6101,=1.3600,=0.5768,=1.0718,=1.2413,=1.3354,=1.4929,=1.8501,=1.7305,=0.9988,=0.9844,=1.1492,=1.2645,=1.4377,=1.7585,=0.0288,=0.3169,=0.0217,=0.0274,=0.0305,=0.0349,=0.0452,=0.0250,=0.0999,=0.0255,=209
="931132",诚通央企红利,2023-05-04,=-0.0189,=1592.6888,=-0.0185,=12.8913,=0.7834,=9.0905,=10.5779,=11.9016,=12.9846,=15.2313,=1.2165,=0.7490,=0.9482,=1.0897,=1.1829,=1.2367,=1.5338,=0.7348,=0.8402,=0.3626,=0.4245,=0.4797,=0.6182,=0.8835,=0.0432,=0.3672,=0.0374,=0.0406,=0.0440,=0.0457,=0.0498,=0.0249,=0.0916,=0.0215,=35
="000908",300能源,2007-07-02,=-0.0130,=2413.0988,=0.0208,=13.0501,=0.4944,=6.9395,=9.4585,=13.2349,=22.0258,=62.7889,=1.3119,=0.8381,=0.7125,=0.8868,=1.1255,=1.2839,=1.8071,=0.8034,=0.9617,=0.3053,=0.3856,=0.5121,=0.6923,=1.0302,=0.0416,=0.3020,=0.0113,=0.0378,=0.0493,=0.0598,=0.0754,=0.0302,=0.1004,=0.0297,=268
="H30455",沪港深500,2014-11-28,=-0.0039,=2637.5672,=-0.0097,=13.0766,=0.7722,=8.5690,=10.3719,=11.4431,=13.2159,=16.8903,=1.3296,=0.5906,=0.9675,=1.1611,=1.2892,=1.4055,=1.7307,=1.5791,=0.8839,=0.9518,=1.1784,=1.3178,=1.5047,=1.7787,=0.0296,=0.3774,=0.0214,=0.0275,=0.0307,=0.0375,=0.0485,,=0.0953,,=526
="980092",自由现金流,2012-12-28,=-0.0127,=4970.1400,=-0.0775,=13.0982,=0.5582,=11.1075,=12.2044,=12.9159,=14.4887,=16.4362,=1.3551,=0,=1.3551,=1.5034,=1.5900,=1.6691,=1.8134,=0.8627,=0.1663,=0.7577,=0.8746,=0.9461,=0.9809,=1.0805,=0.0375,=0.6010,=0.0287,=0.0332,=0.0369,=0.0388,=0.0437,=0.0285,=0.1047,=0.0263,=1421
="000044",上证中盘,2009-07-03,=-0.0085,=4760.9400,=0.0433,=13.1722,=0.5777,=8.6509,=10.4793,=12.5327,=14.6389,=18.7575,=1.2162,=0.3815,=0.9210,=1.0900,=1.2827,=1.6557,=1.9734,=1.2489,=0.4981,=0.9382,=1.1499,=1.2497,=1.4304,=1.7773,=0.0296,=0.6683,=0.0180,=0.0223,=0.0265,=0.0338,=0.0421,=0.0229,=0.0859,=0.0223,=96
="399439",国证油气,2014-12-30,=-0.0067,=2086.5700,=0.0835,=13.3144,=0.4574,=7.2448,=10.6844,=15.0537,=29.8672,=98.7831,=1.2728,=0.8183,=0.6716,=0.7849,=1.1437,=1.2648,=1.8382,=0.7037,=0.9526,=0.2370,=0.3183,=0.5045,=0.5980,=0.9735,=0.0380,=0.2954,=0.0101,=0.0332,=0.0425,=0.0469,=0.0731,=0.0300,=0.0921,=0.0283,=98
="931248",油气资源,2023-06-12,=-0.0072,=1073.1491,=0.1744,=13.3795,=0.8414,=8.9017,=10.1763,=11.2212,=13.0531,=19.0700,=1.2625,=0.5917,=1.0292,=1.1498,=1.2156,=1.3606,=1.8318,=0.7031,=0.8566,=0.4486,=0.5087,=0.5897,=0.6685,=0.9774,=0.0377,=0.1338,=0.0285,=0.0398,=0.0463,=0.0499,=0.0548,=0.0301,=0.0906,=0.0280,=44
="931412",证券公司30,2020-02-20,=-0.0293,=1417.2270,=-0.1284,=13.4291,=0.0202,=12.7557,=16.2853,=18.5836,=22.6909,=36.9291,=1.2313,=0.1354,=1.0327,=1.2649,=1.4454,=1.7022,=2.4365,=5.3661,=0.3900,=3.9462,=5.0276,=5.5499,=6.7187,=9.6353,=0.0226,=0.8776,=0.0091,=0.0147,=0.0168,=0.0205,=0.0256,=0.0228,=0.0861,=0.0218,=21
="399314",巨潮大盘,2005-02-03,=0.0015,=5338.1100,=0.0429,=13.5385,=0.8187,=9.6620,=11.1276,=12.0436,=13.4880,=17.5384,=1.4187,=0.5039,=1.0976,=1.2830,=1.4173,=1.5848,=1.9279,=1.5756,=0.9473,=0.9932,=1.1678,=1.3074,=1.4610,=1.8124,=0.0281,=0.4586,=0.0201,=0.0248,=0.0286,=0.0328,=0.0435,=0.0244,=0.0938,=0.0251,=16
="932366",300现金流,2024-11-12,=-0.0169,=3157.2258,=-0.0552,=13.6314,=0.3023,=12.5879,=13.4661,=14.0470,=14.9697,=16.2670,=1.5824,=0.0388,=1.5304,=1.7310,=1.8324,=1.8990,=1.9885,=1.2333,=0.2145,=1.0861,=1.2313,=1.4001,=1.4424,=1.5124,=0.0384,=0.2610,=0.0324,=0.0382,=0.0402,=0.0411,=0.0453,=0.0285,=0.1163,=0.0355,=167
="000928",中证能源,2009-07-03,=-0.0158,=3196.3900,=0.0847,=13.6630,=0.5472,=6.9612,=9.7906,=13.1612,=21.5597,=68.9647,=1.2995,=0.8010,=0.7281,=0.9359,=1.1500,=1.2993,=1.8006,=0.8043,=0.9534,=0.3162,=0.4106,=0.5305,=0.7024,=1.0383,=0.0396,=0.2847,=0.0106,=0.0363,=0.0464,=0.0557,=0.0717,=0.0289,=0.0960,=0.0282,=1288
="980028",龙头家电,2015-02-16,=-0.0072,=11373.1200,=-0.0965,=13.6995,=0.1957,=11.8600,=13.7129,=14.6254,=18.6139,=31.1013,=2.2883,=0,=2.2883,=2.6628,=2.9077,=3.6684,=5.1202,=1.2204,=0.2500,=0.9787,=1.2022,=1.3302,=1.4787,=2.2318,=0.0464,=0.9994,=0.0174,=0.0263,=0.0331,=0.0396,=0.0468,=0.0430,=0.1789,=0.0477,=178
="399437",证券龙头,2014-12-30,=-0.0318,=5900.2200,=-0.1338,=13.7174,=0.0181,=12.5581,=17.3586,=19.9972,=25.0353,=43.0253,=1.2471,=0.1091,=1.0547,=1.2957,=1.5362,=1.8262,=2.3633,=5.4634,=0.2743,=3.9970,=5.3190,=6.1998,=7.2498,=9.5068,=0.0222,=0.8328,=0.0092,=0.0139,=0.0161,=0.0211,=0.0272,=0.0223,=0.0851,=0.0215,=704
="931155",300质量成长,2019-04-22,,,=0.1626,=13.8092,=0.5383,=7.3805,=10.7958,=13.6139,=15.2905,=31.0699,=2.0444,=0.3879,=1.1055,=1.6639,=2.2663,=2.8194,=5.3844,=3.2348,=0.9585,=1.3218,=1.7729,=2.1660,=2.6070,=3.8395,=0.0240,=0.4063,=0.0092,=0.0210,=0.0254,=0.0313,=0.0464,=0.0331,=0.1462,=0.0366,=78
="931802",中证龙头,2010-02-09,=0.0018,=1952.9999,=0.0591,=13.8599,=0.7726,=9.1945,=11.3341,=12.3835,=14.0005,=18.2393,=2.0427,=0.9543,=1.2921,=1.4639,=1.6622,=1.8823,=2.6625,=2.8268,=0.9988,=0.9048,=1.0767,=1.3405,=1.9904,=2.8699,=0.0275,=0.3284,=0.0165,=0.0261,=0.0294,=0.0352,=0.0446,=0.0324,=0.1325,=0.0308,=96
="932368",800现金流,2024-12-11,=-0.0122,=4714.9101,=-0.0780,=13.8624,=0.7514,=9.9108,=10.8103,=11.6760,=14.2231,=15.6891,=1.8342,=0.7158,=1.4048,=1.5317,=1.6784,=1.8729,=2.0110,=1.5645,=0.9918,=1.0036,=1.1013,=1.3166,=1.4021,=1.6222,=0.0360,=0.2049,=0.0311,=0.0359,=0.0423,=0.0478,=0.0553,=0.0283,=0.1177,=0.0451,=228
="950096",上海国企,2016-05-11,=-0.0151,=1330.5282,=-0.1206,=13.9033,=0.6461,=8.9055,=11.0343,=12.5713,=15.1972,=16.5992,=1.0496,=0.3852,=0.7269,=0.8713,=1.1314,=1.4995,=2.0186,=1.1569,=0.8418,=0.5842,=0.6832,=0.8504,=1.1352,=1.2890,=0.0223,=0.2546,=0.0177,=0.0207,=0.0257,=0.0281,=0.0334,=0.0189,=0.0761,=0.0213,=170
="931454",港股通消费,2020-03-06,=-0.0232,=1315.8780,=-0.1494,=14.0498,=0,=14.0498,=20.6792,=27.4344,=36.9481,=64.7193,=2.3698,=0,=2.3698,=3.1941,=3.6468,=5.1216,=8.9519,=1.2583,=0,=1.2583,=1.9516,=2.3900,=3.5906,=6.6047,=0.0473,=0.9994,=0.0043,=0.0072,=0.0118,=0.0150,=0.0473,,=0.1670,,=365
="931082",A500现金流,2025-07-16,,,=-0.0554,=14.0854,=0.5247,=11.3087,=12.2626,=13.9780,=14.9921,=16.5522,=1.5626,=0,=1.5626,=1.7572,=1.8850,=1.9612,=2.0613,=1.2733,=0.0224,=1.2602,=1.3543,=1.4672,=1.5661,=1.6378,=0.0355,=0.2018,=0.0310,=0.0355,=0.0389,=0.0434,=0.0482,=0.0315,=0.1166,,=121
="000971",等权90,2010-12-02,=-0.0015,=3459.1913,=0.0297,=14.0950,=0.8596,=8.9747,=10.8966,=11.8506,=13.7034,=19.4330,=1.5841,=0.7442,=1.1544,=1.3267,=1.4412,=1.6216,=2.2329,=1.8686,=0.9988,=1.0052,=1.1470,=1.2621,=1.5345,=1.8836,=0.0264,=0.2372,=0.0181,=0.0255,=0.0292,=0.0330,=0.0448,=0.0259,=0.1045,=0.0271,=9
="HSCGSI",恒生消费指数,2015-08-17,=-0.0222,=2322.8900,=-0.1002,=14.2122,=0,=14.2122,=17.9365,=20.3507,=46.9799,=191.0166,=2.3974,=0.3680,=1.6557,=2.1434,=2.5823,=3.0646,=4.3429,=1.2865,=0.2352,=0.9965,=1.2564,=1.5539,=1.8502,=2.9413,=0.0465,=1,=0.0097,=0.0178,=0.0253,=0.0319,=0.0465,,,,=825
="H30198",油气产业,2013-07-15,=-0.0125,=2397.2949,=0.1381,=14.2214,=0.5024,=7.8064,=10.8616,=14.1469,=25.4768,=104.2111,=1.3750,=0.9273,=0.6580,=0.8167,=1.1471,=1.2548,=1.8532,=0.7397,=0.9613,=0.2505,=0.3207,=0.4776,=0.5899,=0.9554,=0.0337,=0.1789,=0.0103,=0.0354,=0.0428,=0.0470,=0.0704,=0.0307,=0.0868,=0.0269,=108
="000986",全指能源,2011-08-02,=-0.0169,=2524.9700,=0.0817,=14.2596,=0.5764,=6.8032,=9.9968,=13.3710,=21.5638,=75.0146,=1.3066,=0.7820,=0.7554,=0.9688,=1.1737,=1.3157,=1.7977,=0.8204,=0.9403,=0.3323,=0.4459,=0.5658,=0.7214,=1.0524,=0.0382,=0.2884,=0.0098,=0.0341,=0.0439,=0.0544,=0.0769,=0.0281,=0.0918,=0.0274,=602
="930758",凤凰50,2018-11-21,=-0.0157,=8645.5002,=0.0853,=14.3213,=0.5837,=8.6050,=10.8109,=13.4948,=15.7470,=22.7753,=1.9182,=0.7199,=1.0496,=1.4338,=1.6584,=2.0837,=3.0708,=2.2205,=0.9324,=0.3622,=0.7520,=1.3140,=1.8915,=3.4064,=0.0301,=0.7401,=0.0097,=0.0228,=0.0281,=0.0307,=0.0478,=0.0281,=0.1135,=0.0262,=63
="H11057",石化产业,2009-07-22,=-0.0239,=1338.6594,=-0.0200,=14.3737,=0.5577,=9.0713,=11.9911,=13.9413,=19.4496,=46.6548,=1.4412,=0.7963,=0.9085,=1.1893,=1.3421,=1.4432,=1.9948,=0.7739,=0.8659,=0.4002,=0.4798,=0.6101,=0.7517,=1.0264,=0.0329,=0.3435,=0.0099,=0.0303,=0.0365,=0.0408,=0.0471,=0.0331,=0.0946,=0.0281,=66
="931381",中证长三角,2019-11-25,=-0.0135,=2055.9902,=0.0157,=14.3967,=0.8962,=9.1117,=10.6593,=12.0216,=13.9201,=16.1441,=1.4127,=0.6428,=0.9630,=1.1503,=1.3060,=1.5504,=1.8124,=1.7270,=0.8925,=0.8724,=1.0704,=1.2466,=1.5500,=1.9541,=0.0255,=0.2107,=0.0209,=0.0254,=0.0285,=0.0322,=0.0422,=0.0256,=0.0961,=0.0259,=7
="931402",证券先锋,2020-01-14,=-0.0299,=1784.0799,=-0.1445,=14.3980,=0.0154,=13.6795,=17.6653,=20.8025,=25.8671,=41.4692,=1.2469,=0.1235,=1.0487,=1.2860,=1.4659,=1.7499,=2.4715,=5.6098,=0.3421,=4.0917,=5.3121,=5.8994,=7.0763,=10.0278,=0.0214,=0.8650,=0.0081,=0.0132,=0.0150,=0.0186,=0.0246,=0.0214,=0.0819,=0.0203,=93
="932365",中证现金流,2024-12-11,=-0.0090,=4824.5195,=-0.0841,=14.4201,=0.8060,=10.1873,=10.9300,=11.9542,=14.4118,=15.8261,=1.6060,=0.0984,=1.4661,=1.6754,=1.7808,=1.8860,=2.0150,=0.8855,=0,=0.8855,=1.1895,=1.4057,=1.5156,=1.6205,=0.0373,=0.2596,=0.0305,=0.0357,=0.0422,=0.0475,=0.0550,=0.0286,=0.1155,=0.0394,=663
="000822",500红利,2012-07-20,,,=0.0250,=14.4359,=0.7557,=7.4138,=9.6102,=11.2714,=16.9607,=26.4578,=1.1640,=0.3997,=0.8670,=1.0202,=1.2361,=1.6125,=2.2876,=0.5829,=0.5010,=0.2906,=0.3999,=0.5824,=1.2160,=1.8159,=0.0402,=0.4545,=0.0164,=0.0261,=0.0409,=0.0491,=0.0638,=0.0233,=0.0658,=0.0188,=39
="931526",企业核心竞争力50,2020-08-24,=0.0002,=1340.8077,=0.0228,=14.4554,=0.0085,=13.8510,=17.2580,=23.1006,=29.9651,=51.8267,=1.7241,=0,=1.7241,=3.0818,=4.0811,=6.7903,=10.8733,=2.0796,=0.3445,=0.9066,=1.5011,=3.4326,=4.5463,=7.9459,=0.0269,=0.8295,=0.0072,=0.0118,=0.0171,=0.0226,=0.0352,=0.0371,=0.1485,=0.0461,=86
="399975",证券公司,2013-07-15,=-0.0296,=735.8700,=-0.1370,=14.4893,=0.0280,=12.6926,=18.6762,=21.4855,=26.4841,=46.0250,=1.2440,=0.1104,=1.0494,=1.3006,=1.5595,=1.8721,=2.4199,=5.6132,=0.2752,=4.0997,=5.4237,=6.3233,=7.4089,=10.0865,=0.0212,=0.8335,=0.0082,=0.0129,=0.0150,=0.0203,=0.0258,=0.0211,=0.0810,=0.0201,=9798
="000150",380红利,2012-07-20,=-0.0230,=11599.5300,=0.0036,=14.6014,=0.7285,=5.2545,=8.5513,=12.0935,=16.4610,=19.8070,=1.0116,=0.2843,=0.6172,=0.8678,=1.3582,=1.6797,=2.2592,=0.4803,=0.4504,=0.2775,=0.3623,=0.5439,=1.6638,=2.3204,=0.0460,=0.5443,=0.0247,=0.0337,=0.0442,=0.0581,=0.0734,=0.0206,=0.0377,=0.0185,=43
="000300",沪深300,2005-04-08,=0.0021,=4941.6000,=0.0673,=14.6372,=0.9135,=10.0799,=11.6919,=12.6305,=14.1293,=17.6279,=1.4772,=0.5262,=1.1457,=1.3350,=1.4691,=1.6202,=1.9228,=1.5855,=0.9683,=1.0330,=1.1718,=1.3059,=1.4553,=1.7482,=0.0267,=0.4483,=0.0199,=0.0236,=0.0274,=0.0317,=0.0422,=0.0246,=0.0934,=0.0249,=48760
="000028",180成长,2009-01-09,=0.0096,=4081.3500,=0.0430,=14.6555,=0.5076,=9.5268,=12.1273,=14.4995,=18.2344,=25.1474,=2.0842,=0.3263,=1.5063,=1.8427,=2.6889,=3.1694,=5.1089,=2.6445,=0.9992,=1.1581,=1.4578,=1.6200,=1.8735,=2.6604,=0.0227,=0.5196,=0.0090,=0.0178,=0.0225,=0.0254,=0.0375,=0.0333,=0.1358,=0.0227,=193
="931397",A股通50,2020-02-20,,,=0.0647,=14.6816,=0.6265,=8.9450,=10.5655,=12.8911,=21.5649,=29.8209,=1.8129,=0.5391,=1.1048,=1.2776,=1.7266,=3.5788,=4.6955,=2.4419,=0.7529,=1.0496,=1.2847,=1.8809,=2.9120,=3.9597,=0.0267,=0.4179,=0.0113,=0.0155,=0.0281,=0.0369,=0.0493,=0.0296,=0.1069,=0.0278,=8
="HSSCHKC",恒生港股通香港公司指数,2017-11-20,=-0.0097,=3227.1100,=0.0384,=14.7664,=0.5557,=9.9660,=12.2172,=14.3031,=18.1144,=45.2058,=1.2625,=0.8328,=0.8018,=0.9538,=1.0983,=1.2426,=1.4001,=3.2592,=1,=1.7566,=2.0729,=2.3897,=2.7451,=3.2592,=0.0375,=0.4249,=0.0202,=0.0340,=0.0391,=0.0467,=0.0626,,,,=15
="000955",中证国企,2010-02-09,,,=0.0132,=14.9990,=0.8129,=10.0979,=11.7062,=12.7358,=14.9355,=16.8119,=1.2467,=0.3927,=1.0210,=1.1826,=1.2928,=1.4479,=1.7591,=1.2851,=0.8092,=0.7969,=0.9757,=1.0903,=1.2800,=1.4527,=0.0273,=0.5138,=0.0195,=0.0241,=0.0271,=0.0324,=0.0414,=0.0213,=0.0765,=0.0217,=40
="932037",央企现代能源,2022-11-16,=-0.0222,=1482.8970,=0.0163,=15.0289,=0.8871,=10.8583,=11.9805,=12.8384,=14.1805,=18.2611,=1.4847,=0.6244,=1.1507,=1.3387,=1.4196,=1.5696,=1.8914,=0.9079,=0.8917,=0.4850,=0.6176,=0.7513,=0.8256,=1.0835,=0.0339,=0.0968,=0.0297,=0.0363,=0.0406,=0.0431,=0.0461,=0.0273,=0.0952,=0.0272,=34
="931021",家电龙头,2017-10-17,=-0.0067,=16547.5727,=-0.0840,=15.0626,=0.3835,=11.3343,=14.2302,=15.7962,=19.3525,=31.7589,=2.4238,=0.0180,=2.3685,=2.6438,=3.0534,=3.9071,=5.4650,=1.2327,=0.4941,=0.8457,=1.1169,=1.2353,=1.4872,=2.4102,=0.0418,=0.9886,=0.0135,=0.0212,=0.0284,=0.0353,=0.0436,=0.0396,=0.1676,=0.0453,=23
="399699",金融科技,2017-06-09,=-0.0107,=3484.7600,=-0.2208,=15.1414,=0.0326,=14.0983,=16.7451,=19.3847,=44.6028,=111.6316,=1.7240,=0.1563,=1.2665,=1.7975,=2.2847,=3.4011,=4.4660,=1.4161,=0.2497,=1.0709,=1.3766,=1.6256,=1.9151,=3.0519,=0.0248,=0.8713,=0.0041,=0.0062,=0.0186,=0.0230,=0.0329,=0.0209,=0.1027,=0.0223,=324
="932315",中证红利质量,2024-07-08,=-0.0169,=4105.7368,=-0.0905,=15.3330,=0.4374,=12.3916,=13.5496,=15.6595,=16.6188,=18.7206,=2.8495,=0.3949,=2.1812,=2.3633,=3.0713,=3.9926,=4.4900,=3.5615,=0.9936,=2.0136,=2.1704,=2.9829,=3.1909,=3.6638,=0.0377,=0.2760,=0.0312,=0.0371,=0.0390,=0.0422,=0.0443,=0.0482,=0.1829,=0.0412,=512
="931139",CS消费50,2019-03-20,=-0.0201,=12960.6053,=-0.1877,=15.3366,=0,=15.3366,=18.1741,=24.0605,=30.2039,=47.8630,=2.8856,=0,=2.8856,=4.0379,=5.3398,=7.0843,=12.5456,=1.9595,=0,=1.9595,=2.6070,=3.1781,=4.4679,=9.1270,=0.0471,=1,=0.0083,=0.0159,=0.0206,=0.0357,=0.0471,=0.0528,=0.1922,=0.0638,=2203
="000066",上证商品,2010-04-30,=-0.0070,=4041.6200,=0.1459,=15.4352,=0.5348,=7.9120,=11.1675,=15.0805,=23.2938,=53.3084,=1.7067,=0.9526,=0.9403,=1.2109,=1.3361,=1.4945,=2.2405,=0.9825,=0.9576,=0.4082,=0.5256,=0.6502,=0.7749,=1.2223,=0.0309,=0.3123,=0.0093,=0.0287,=0.0356,=0.0466,=0.0603,=0.0347,=0.1091,=0.0303,=77
="000068",上证资源,2010-05-28,=-0.0083,=4401.0600,=0.0930,=15.5194,=0.5171,=7.8012,=11.1450,=15.2174,=24.7722,=73.1997,=1.7201,=0.9555,=0.8674,=1.1479,=1.3095,=1.4802,=2.2515,=0.9750,=0.9571,=0.3742,=0.5012,=0.6094,=0.7680,=1.2220,=0.0306,=0.2365,=0.0094,=0.0292,=0.0360,=0.0471,=0.0635,=0.0351,=0.1097,=0.0307,=306
="931068",消费龙头,2018-11-21,=-0.0169,=10256.1827,=-0.1905,=15.5436,=0,=15.5436,=18.3358,=22.9607,=30.0720,=44.3922,=2.9194,=0,=2.9194,=4.1435,=4.7366,=6.5982,=10.3805,=1.9022,=0.0044,=1.8019,=2.6618,=3.2731,=4.1034,=7.0508,=0.0437,=1,=0.0085,=0.0160,=0.0208,=0.0327,=0.0437,=0.0518,=0.2083,=0.0600,=2361
="000092",资源50,2011-05-10,=-0.0101,=5237.7900,=0.0729,=15.6188,=0.5707,=7.9483,=11.3499,=14.9186,=22.9512,=52.0101,=1.7948,=0.9563,=0.9579,=1.2609,=1.3952,=1.5330,=2.3324,=1.0132,=0.9571,=0.4148,=0.5541,=0.6760,=0.7868,=1.2646,=0.0299,=0.3070,=0.0094,=0.0284,=0.0354,=0.0449,=0.0578,=0.0363,=0.1132,=0.0314,=35
="HSHK35",恒生香港35,2003-01-20,=-0.0089,=3024.1800,=0.0595,=15.6504,=0.6332,=9.7413,=12.1241,=14.2737,=17.5924,=47.6465,=1.2242,=0.7859,=0.7649,=0.9590,=1.0971,=1.2314,=1.3547,=3.3204,=0.8920,=2.1814,=2.5910,=2.8834,=3.1794,=3.7366,=0.0385,=0.4610,=0.0206,=0.0332,=0.0392,=0.0463,=0.0628,,,,=116
="HSMI",恒生综合中型股指数,2001-10-03,=-0.0144,=4737.0100,=-0.0492,=15.6522,=0.9175,=7.1837,=9.6369,=11.2808,=14.6917,=19.0737,=1.2529,=0.8546,=0.6229,=0.7817,=1.0105,=1.2280,=1.5312,=1.0160,=0.9675,=0.4186,=0.5568,=0.6725,=0.8117,=1.0938,=0.0283,=0.2348,=0.0208,=0.0280,=0.0329,=0.0427,=0.0675,,,,=163
="000861",央企创新,2019-05-16,=-0.0098,=2718.5207,=0.0593,=15.7430,=0.8523,=10.3360,=12.0188,=13.4001,=15.0381,=18.8086,=1.4225,=0.8994,=1.0351,=1.1865,=1.2974,=1.3861,=1.5975,=0.8283,=0.9500,=0.4544,=0.5192,=0.5829,=0.7315,=0.8999,=0.0310,=0.4343,=0.0234,=0.0271,=0.0334,=0.0377,=0.0493,=0.0222,=0.0826,=0.0232,=264
="H30095",医药红利,2013-07-02,,,=-0.1175,=15.7570,=0.0187,=14.6474,=17.2651,=19.7456,=27.1728,=34.8020,=1.6082,=0.0131,=1.4797,=1.7976,=2.4474,=3.1468,=4.2060,=0.9203,=0.1036,=0.7612,=0.9906,=1.5158,=2.0137,=2.8268,=0.0388,=1,=0.0116,=0.0174,=0.0225,=0.0298,=0.0388,=0.0293,=0.1019,=0.0311,=91
="H11136",中国互联网,2011-09-20,=-0.0170,=3804.5299,=-0.2902,=15.7997,=0.0096,=14.7773,=20.0588,=42.7349,=57.4315,=137.0698,=2.0574,=0.0073,=1.7247,=2.5578,=4.6819,=6.7403,=9.7098,=1.7976,=0.0073,=1.5020,=2.2525,=4.3551,=6.5159,=9.1092,=0.0119,=0.9808,=0.0007,=0.0013,=0.0019,=0.0083,=0.0125,,,,=3346
="H30533",中国互联网50,2014-12-29,=-0.0181,=6650.2855,=-0.2968,=15.8048,=0.0042,=14.9049,=20.3645,=41.6619,=57.1746,=137.0698,=2.0601,=0.0081,=1.7082,=2.5557,=4.6811,=6.7227,=9.7098,=1.7538,=0.0084,=1.4305,=2.1814,=4.3530,=6.4332,=9.1092,=0.0112,=0.9766,=0.0007,=0.0013,=0.0019,=0.0078,=0.0119,,,,=6781
="930604",中国互联网30,2015-03-23,=-0.0199,=7108.7063,=-0.2937,=15.8270,=0.0046,=14.9187,=20.1860,=42.2838,=59.2298,=131.9396,=2.0842,=0.0069,=1.7582,=2.6050,=4.7815,=7.0787,=10.3841,=1.7574,=0.0081,=1.4482,=2.1952,=4.1608,=6.4466,=9.5870,=0.0108,=0.9985,=0.0007,=0.0013,=0.0017,=0.0076,=0.0110,,,,=633
="H30089",红利潜力,2013-07-02,=-0.0216,=8818.7453,=-0.1134,=15.8928,=0.2497,=12.7702,=15.7291,=16.9425,=20.7352,=29.7267,=2.5719,=0.5694,=1.4752,=1.9950,=2.4907,=2.9135,=4.3960,=2.0989,=0.7866,=0.7611,=0.9506,=1.7510,=2.1695,=2.8465,=0.0369,=0.7775,=0.0172,=0.0255,=0.0315,=0.0372,=0.0456,=0.0404,=0.1605,=0.0444,=549
="000860",结构调整,2018-03-26,=-0.0009,=1306.6500,=0.0673,=15.8995,=0.7410,=9.5233,=12.4471,=13.9284,=16.3767,=20.6443,=1.4532,=0.7901,=1.1018,=1.2870,=1.3709,=1.4553,=1.6430,=0.9176,=0.9780,=0.4658,=0.5867,=0.6767,=0.7895,=0.9608,=0.0318,=0.5105,=0.0220,=0.0262,=0.0312,=0.0369,=0.0499,=0.0222,=0.0831,=0.0231,=144
="931404",SHS品牌消费50,2020-02-20,=-0.0164,=2215.3729,=-0.1815,=15.9572,=0.0113,=15.2551,=18.3979,=21.5842,=30.3548,=52.1290,=3.6677,=0.0213,=3.2381,=4.5858,=5.2782,=7.2813,=13.2899,=3.2206,=0.2394,=2.1582,=3.1777,=4.0836,=6.4094,=12.0094,=0.0266,=0.8075,=0.0048,=0.0094,=0.0169,=0.0246,=0.0383,,=0.2165,,=134
="931371",品牌消费100,2019-11-25,,,=-0.1506,=15.9968,=0.0308,=14.6106,=17.4711,=22.4716,=30.6756,=41.6881,=2.8690,=0,=2.8690,=3.7106,=4.6786,=6.5572,=9.5576,=1.9956,=0.0760,=1.7483,=2.1154,=2.6897,=3.8789,=5.3339,=0.0464,=1,=0.0095,=0.0156,=0.0223,=0.0368,=0.0464,=0.0505,=0.1847,=0.0654,=5
="399974",国企改革,2014-08-07,=-0.0086,=2003.8100,=0.0554,=16.0269,=0.7293,=8.5408,=11.0130,=13.4104,=16.9590,=23.5243,=1.4124,=0.3490,=1.0768,=1.3337,=1.4795,=1.8365,=2.8970,=1.1081,=0.6687,=0.6803,=0.8921,=0.9939,=1.2484,=2.2060,=0.0285,=0.4289,=0.0148,=0.0229,=0.0300,=0.0332,=0.0410,=0.0239,=0.0809,=0.0242,=372
="931238",SSH黄金股票,2017-10-17,=-0.0274,=2918.5997,=-0.1046,=16.0731,=0.0384,=14.7834,=18.5394,=23.5926,=35.7572,=92.1543,=3.2705,=0.9128,=1.4294,=1.8160,=2.0170,=2.3479,=6.0579,=1.0559,=0.9146,=0.3659,=0.4653,=0.5504,=0.6647,=1.9529,=0.0200,=0.7604,=0.0052,=0.0085,=0.0126,=0.0207,=0.0325,,=0.1869,,=325
="930697",家用电器,2015-07-07,=-0.0071,=11860.3741,=-0.0727,=16.1931,=0.3325,=12.0193,=15.4243,=17.0933,=19.8234,=32.1495,=2.3992,=0.0251,=2.2889,=2.6712,=3.2787,=3.9701,=5.2226,=1.2457,=0.3440,=0.9879,=1.1843,=1.3043,=1.6199,=2.3694,=0.0390,=0.9827,=0.0137,=0.0223,=0.0264,=0.0329,=0.0418,=0.0370,=0.1413,=0.0419,=1729
="000805",A股资源,2012-01-06,=-0.0031,=7996.5755,=0.1278,=16.1951,=0.5416,=7.9265,=11.4623,=15.6468,=24.3541,=73.5792,=1.8517,=0.9568,=0.9200,=1.1960,=1.3628,=1.5123,=2.3735,=1.0476,=0.9605,=0.3865,=0.5301,=0.6351,=0.7737,=1.2754,=0.0286,=0.2578,=0.0090,=0.0279,=0.0342,=0.0454,=0.0580,=0.0371,=0.1115,=0.0305,=4
="931663",SHS消费龙头,2015-03-13,=-0.0211,=1638.4819,=-0.1961,=16.2387,=0.0172,=14.4278,=20.2444,=26.7160,=37.0770,=57.5191,=2.6550,=0,=2.6550,=3.4003,=4.3130,=6.1339,=13.5979,=1.7165,=0.1439,=1.3592,=1.8725,=2.3925,=3.4165,=7.5123,=0.0322,=0.9520,=0.0069,=0.0133,=0.0169,=0.0251,=0.0421,,=0.1411,,=220
="931645",1000红利,2024-03-15,,,=-0.0620,=16.2405,=0.9359,=11.2896,=12.4167,=13.6442,=14.8064,=18.1886,=1.1558,=0.3077,=0.9871,=1.1309,=1.1953,=1.2448,=1.3469,=0.7403,=0.3956,=0.5734,=0.6703,=0.7580,=0.8178,=0.8871,=0.0339,=0.2179,=0.0305,=0.0338,=0.0365,=0.0411,=0.0471,=0.0179,=0.0646,=0.0199,=23
="931268",持续发展,2019-11-15,=0.0017,=2321.4008,=0.0491,=16.2454,=0.7881,=14.1354,=15.0326,=15.4932,=16.2582,=17.1877,=2.1619,=0.5799,=1.7338,=1.8308,=1.9233,=2.2546,=2.3440,=1.9976,=0.9926,=1.5998,=1.7191,=1.7904,=1.8197,=2.0077,=0.0275,=0.0074,=0.0274,=0.0298,=0.0308,=0.0317,=0.0326,=0.0313,=0.1256,=0.0323,=17
="000945",内地运输,2009-10-28,=-0.0215,=1341.4543,=-0.0922,=16.2797,=0.1619,=13.9394,=16.4751,=19.4501,=27.8199,=72.7429,=1.2717,=0.0074,=1.2245,=1.4076,=1.5652,=1.7788,=2.4452,=0.7446,=0.3436,=0.5140,=0.6447,=0.9175,=1.4034,=1.9188,=0.0305,=0.6951,=0.0105,=0.0141,=0.0176,=0.0327,=0.0436,=0.0219,=0.0581,=0.0167,=76
="930716",CS物流,2015-07-31,=-0.0167,=1178.5639,=0.0037,=16.3676,=0.3910,=6.6312,=13.0083,=18.9129,=34.3290,=505.8138,=1.2020,=0.0218,=1.1511,=1.3032,=1.9813,=2.6880,=3.8580,=0.4613,=0.5381,=0.2137,=0.3289,=0.4564,=0.7460,=1.0555,=0.0335,=0.7194,=0.0055,=0.0087,=0.0122,=0.0374,=0.0692,=0.0197,=0.0542,=0.0209,=243
="000961",中证上游,2010-04-16,=-0.0068,=5399.8708,=0.0665,=16.4262,=0.5567,=8.3063,=11.4863,=15.7047,=24.6159,=72.6914,=1.8502,=0.9555,=0.9003,=1.1960,=1.3626,=1.5253,=2.4036,=1.0399,=0.9571,=0.3813,=0.5134,=0.6295,=0.7748,=1.2905,=0.0285,=0.2283,=0.0092,=0.0281,=0.0343,=0.0447,=0.0576,=0.0373,=0.1119,=0.0305,=44
="399286",区块链50,2019-12-24,=-0.0095,=3312.9600,=-0.1732,=16.4380,=0.0809,=13.8844,=17.9844,=20.8318,=28.7056,=40.1853,=1.8217,=0.1772,=1.4262,=1.8599,=2.1211,=2.7595,=3.6332,=1.7204,=0.3448,=1.3177,=1.5880,=1.8496,=2.0945,=2.8188,=0.0261,=0.9490,=0.0072,=0.0097,=0.0145,=0.0228,=0.0319,=0.0273,=0.0903,=0.0252,=154
="930796",全球中国互联网,2016-04-22,=-0.0181,=1561.0054,=-0.2880,=16.4407,=0.0065,=15.2629,=21.2503,=39.6162,=53.8907,=115.7107,=2.1853,=0.0092,=1.8023,=2.6670,=4.6602,=6.9373,=9.6202,=1.8624,=0.0096,=1.5064,=2.2899,=3.8500,=6.4798,=9.5215,=0.0110,=0.9977,=0.0008,=0.0013,=0.0018,=0.0076,=0.0112,,=0.1307,,=36
="H30171",运输指数,2013-07-15,=-0.0200,=1477.7240,=-0.0863,=16.4500,=0.2116,=14.1889,=16.3742,=18.0467,=25.4585,=51.4445,=1.2278,=0.0035,=1.1989,=1.3546,=1.5043,=1.6903,=2.3737,=0.6616,=0.2978,=0.5217,=0.6279,=0.8565,=1.1972,=1.9196,=0.0293,=0.7310,=0.0111,=0.0148,=0.0199,=0.0304,=0.0375,=0.0207,=0.0585,=0.0181,=86
="000944",内地资源,2009-10-28,=-0.0079,=5638.9161,=0.0625,=16.6073,=0.5811,=8.0950,=11.4517,=15.6037,=23.7514,=66.3491,=1.8566,=0.9559,=0.8945,=1.1841,=1.3552,=1.5172,=2.3924,=1.0429,=0.9580,=0.3754,=0.5051,=0.6228,=0.7708,=1.2835,=0.0283,=0.2010,=0.0090,=0.0283,=0.0348,=0.0457,=0.0579,=0.0374,=0.1109,=0.0304,=3
="399375",中盘价值,2010-01-04,=-0.0129,=6261.6400,=0.0552,=16.7025,=0.7981,=9.0528,=10.9370,=12.3151,=16.7383,=33.1718,=1.5274,=0.7841,=1.0236,=1.1932,=1.3323,=1.5482,=1.9880,=1.2831,=0.9988,=0.5167,=0.6432,=0.7492,=0.9808,=1.3032,=0.0271,=0.3053,=0.0137,=0.0231,=0.0309,=0.0368,=0.0505,=0.0258,=0.0785,=0.0211,=186
="931587",500价值稳健,2020-11-09,=-0.0192,=20778.3472,=-0.0532,=16.7101,=0.9363,=9.7530,=12.1918,=14.1567,=15.5223,=19.8926,=1.3270,=0.8246,=0.8925,=1.0545,=1.1540,=1.2974,=1.5437,=0.7986,=0.9978,=0.3384,=0.4597,=0.5114,=0.5810,=0.8345,=0.0355,=0.7639,=0.0250,=0.0297,=0.0334,=0.0360,=0.0456,=0.0221,=0.0672,=0.0198,=80
="931468",红利质量,2020-05-21,=-0.0044,=32322.3631,=0.0258,=16.8480,=0.3388,=12.5562,=16.0653,=18.8386,=22.0123,=36.4689,=2.8220,=0.1772,=2.1523,=2.8597,=3.7770,=4.7200,=8.5636,=3.4145,=0.6402,=1.9811,=2.3471,=2.9259,=3.9572,=5.8829,=0.0299,=0.5743,=0.0102,=0.0190,=0.0286,=0.0338,=0.0407,=0.0381,=0.1637,=0.0476,=1143
="399348",深证价值,2009-11-04,=-0.0103,=6437.1100,=-0.0130,=16.9107,=0.7268,=9.9756,=12.8084,=14.9162,=17.5374,=21.4453,=1.7176,=0.4916,=1.2527,=1.4911,=1.7227,=2.1177,=2.9268,=1.2896,=0.6452,=0.8306,=1.0363,=1.1856,=1.6175,=2.1193,=0.0289,=0.6906,=0.0153,=0.0217,=0.0264,=0.0308,=0.0407,=0.0245,=0.0871,=0.0201,=293
="931357",优选消费50,2019-11-15,=-0.0200,=2327.5669,=-0.2259,=16.9336,=0,=16.9336,=20.4636,=25.2266,=33.0706,=53.0529,=2.6641,=0,=2.6641,=3.6915,=4.3880,=7.1803,=11.6208,=1.6910,=0,=1.6910,=2.3151,=2.7330,=5.2055,=8.8232,=0.0272,=1,=0.0058,=0.0099,=0.0139,=0.0198,=0.0272,,=0.1689,,=389
="930050",中证A50,2024-01-02,=-0.0024,=1844.3470,=0.0318,=17.1111,=0.4047,=13.9812,=15.9500,=17.4634,=18.1446,=19.9330,=2.1411,=0.6358,=1.7817,=1.9663,=2.0845,=2.2029,=2.3759,=1.7035,=0.9949,=1.0165,=1.1257,=1.3646,=1.5493,=1.7314,=0.0280,=0.1029,=0.0260,=0.0288,=0.0298,=0.0309,=0.0348,=0.0291,=0.1115,=0.0275,=982
="000001",上证指数,1991-07-15,=-0.0043,=4090.4800,=0.0306,=17.1141,=0.9728,=10.8403,=12.7209,=13.8351,=15.8619,=17.9144,=1.4983,=0.6156,=1.1148,=1.3021,=1.4420,=1.5732,=1.8463,=1.5222,=0.9687,=0.9369,=1.0774,=1.2157,=1.3923,=1.5771,=0.0237,=0.3782,=0.0185,=0.0222,=0.0252,=0.0297,=0.0391,=0.0219,=0.0804,=0.0221,=1430
="000842",800等权,2012-12-21,,,=0.0571,=17.1257,=0.9736,=10.7808,=12.9023,=14.0908,=15.9286,=18.9686,=1.6472,=0.6510,=1.1816,=1.3959,=1.5518,=1.7186,=1.9628,=1.6458,=0.9967,=1.0117,=1.1472,=1.2953,=1.4790,=1.6631,=0.0233,=0.3988,=0.0180,=0.0211,=0.0248,=0.0289,=0.0389,=0.0241,=0.0890,=0.0237,=160
="000906",中证800,2007-01-15,=0.0030,=5582.0900,=0.0926,=17.1257,=0.9736,=10.7808,=12.9023,=14.0908,=15.9286,=18.9686,=1.6472,=0.6510,=1.1816,=1.3959,=1.5518,=1.7186,=1.9628,=1.6458,=0.9967,=1.0117,=1.1472,=1.2953,=1.4790,=1.6631,=0.0233,=0.3988,=0.0180,=0.0211,=0.0248,=0.0289,=0.0389,=0.0241,=0.0890,=0.0237,=2675
="399398",绩效指数,2012-11-19,=-0.0130,=9704.9200,=-0.0841,=17.1798,=0.3811,=9.4274,=11.7316,=18.3580,=21.6274,=36.1591,=3.1018,=0.3230,=1.3281,=1.7674,=3.5796,=4.3854,=6.4752,=3.1465,=0.6902,=1.5230,=2.2123,=2.8819,=3.4328,=5.0073,=0.0379,=0.8315,=0.0140,=0.0234,=0.0323,=0.0372,=0.0430,=0.0495,=0.1771,=0.0433,=22
="HSMSI",恒生综合中小型股指数,2015-06-08,=-0.0161,=2756.9500,=-0.0667,=17.2291,=0.9228,=7.2058,=10.0582,=12.4420,=15.4642,=18.8438,=1.1878,=0.7734,=0.6157,=0.7686,=1.0042,=1.2090,=1.4952,=0.9085,=0.8895,=0.4020,=0.5319,=0.6807,=0.8389,=1.0389,=0.0281,=0.3038,=0.0199,=0.0271,=0.0325,=0.0412,=0.0630,,,,=161
="399377",小盘价值,2010-01-04,=-0.0168,=7606.6900,=-0.0118,=17.3160,=0.6890,=9.8385,=13.2802,=15.1897,=19.8708,=34.2299,=1.2928,=0.6083,=0.8997,=1.0826,=1.2375,=1.8080,=2.1990,=0.7394,=0.5338,=0.4594,=0.5455,=0.7131,=1.2486,=1.8295,=0.0285,=0.6833,=0.0113,=0.0185,=0.0256,=0.0310,=0.0386,=0.0183,=0.0578,=0.0162,=624
="931167",先进制造100,2019-04-25,=-0.0151,=7647.5686,=-0.0121,=17.3458,=0.8435,=10.3762,=12.9967,=14.2193,=16.7851,=20.9116,=2.8551,=0.8684,=1.6383,=2.0240,=2.2562,=2.5765,=3.3727,=2.0210,=0.9463,=0.9031,=1.2325,=1.4366,=1.6535,=2.1795,=0.0300,=0.8453,=0.0136,=0.0207,=0.0255,=0.0289,=0.0362,=0.0404,=0.1483,=0.0310,=340
="399310",国证A50,2005-09-05,=0.0063,=8356.3100,=0.0423,=17.3556,=0.8706,=8.8433,=10.5016,=13.4986,=16.2161,=22.6576,=2.0471,=0.8084,=1.1237,=1.2938,=1.6610,=2.0366,=2.9417,=1.5407,=0.8294,=0.9633,=1.1342,=1.2398,=1.5061,=2.2769,=0.0238,=0.1867,=0.0160,=0.0240,=0.0296,=0.0318,=0.0370,=0.0272,=0.1076,=0.0263,=288
="000979",大宗商品,2011-08-22,=-0.0083,=7203.6227,=0.0618,=17.3587,=0.5616,=9.9333,=12.8903,=16.4082,=23.1388,=55.6298,=1.8310,=0.9497,=1.1381,=1.3677,=1.4839,=1.6243,=2.3336,=1.0149,=0.9588,=0.4909,=0.5833,=0.6999,=0.8270,=1.2291,=0.0273,=0.3399,=0.0088,=0.0252,=0.0307,=0.0396,=0.0489,=0.0335,=0.1029,=0.0285,=699
="000911",300可选,2007-07-02,=-0.0069,=5450.2990,=-0.1761,=17.3596,=0.3679,=11.4175,=16.2471,=18.2487,=24.5366,=45.8432,=1.8585,=0.0008,=1.8544,=2.2883,=2.5504,=3.0218,=4.4626,=0.8668,=0.0672,=0.7162,=0.9618,=1.1014,=1.3297,=2.0518,=0.0293,=0.9650,=0.0117,=0.0177,=0.0226,=0.0261,=0.0325,=0.0241,=0.1159,=0.0309,=29
="000917",300公用,2007-07-02,=-0.0204,=2441.0258,=-0.0081,=17.4203,=0.4104,=13.3250,=16.2382,=17.8488,=20.5953,=34.2477,=1.8531,=0.3881,=1.4019,=1.7016,=1.9708,=2.1718,=2.6347,=1.8899,=0.6362,=1.3139,=1.6332,=1.8148,=1.9943,=3.2322,=0.0314,=0.6844,=0.0191,=0.0239,=0.0299,=0.0328,=0.0390,=0.0223,=0.0974,=0.0266,=35
="931697",消费50策略,2021-07-12,=-0.0095,=7075.9715,=-0.1683,=17.6058,=0.0301,=16.4104,=18.5695,=20.9513,=31.3541,=38.9422,=2.7478,=0.0059,=2.7081,=3.5416,=3.8887,=5.2139,=7.0736,=1.5350,=0.0134,=1.4635,=1.7798,=1.9316,=2.8634,=3.5305,=0.0387,=1,=0.0120,=0.0156,=0.0237,=0.0312,=0.0387,=0.0408,=0.1608,=0.0542,=61
="1000004",上海A股,1994-01-01,=-0.0043,=4090.4800,=0.0306,=17.6695,=0.9757,=10.8441,=12.9364,=14.2754,=16.1163,=18.4959,=1.5209,=0.6053,=1.1181,=1.3162,=1.4444,=1.5985,=1.8457,=1.5490,=0.9691,=0.9734,=1.0889,=1.2357,=1.3894,=1.6065,=0.0232,=0.3465,=0.0184,=0.0214,=0.0253,=0.0296,=0.0389,=0.0219,=0.0804,=0.0221,=4917
="930838",CS高股息,2016-06-08,=-0.0057,=6863.2235,=-0.0493,=17.6962,=0.4837,=10.7704,=14.2530,=17.8902,=22.5023,=29.5345,=3.3017,=0.7738,=1.8272,=2.3324,=2.8217,=3.4700,=5.4603,=3.1646,=0.6069,=1.6703,=2.0490,=2.4876,=3.7457,=5.1335,=0.0266,=0.5130,=0.0136,=0.0201,=0.0261,=0.0363,=0.0519,=0.0550,=0.1877,=0.0570,=172
="H30094",消费红利,2013-07-02,=-0.0180,=29596.1310,=-0.2032,=17.7348,=0.0082,=16.2060,=21.1878,=27.7711,=33.4547,=59.6542,=3.2057,=0,=3.2057,=4.3750,=5.3351,=6.7479,=11.0368,=3.7720,=0.3511,=2.0289,=3.2659,=4.3046,=5.3148,=8.4259,=0.0471,=1,=0.0123,=0.0178,=0.0221,=0.0327,=0.0471,=0.0717,=0.1905,=0.0792,=2127
="000937",中证公用,2009-07-03,=-0.0324,=2617.2884,=0.0494,=17.7495,=0.3931,=13.4460,=16.5391,=18.6426,=21.1313,=46.5328,=1.7319,=0.3939,=1.3423,=1.6286,=1.7745,=1.9633,=2.2557,=1.7305,=0.7371,=1.2657,=1.4810,=1.5857,=1.8035,=3.2521,=0.0286,=0.6819,=0.0192,=0.0235,=0.0276,=0.0293,=0.0348,=0.0215,=0.0905,=0.0250,=334
="000046",上证中小,2009-07-03,=-0.0029,=5611.2000,=0.0941,=17.7697,=0.7590,=10.5504,=12.1058,=15.2242,=18.3205,=22.4992,=1.5258,=0.5814,=1.0626,=1.2077,=1.4816,=1.8152,=2.0905,=1.4108,=0.8018,=0.8596,=1.0256,=1.1230,=1.4091,=1.6429,=0.0227,=0.5233,=0.0151,=0.0185,=0.0223,=0.0299,=0.0371,=0.0219,=0.0784,=0.0213,=344
="932369",1000现金流,2024-11-12,,,=-0.1177,=17.8822,=0.2506,=16.0705,=17.7139,=18.4848,=19.4667,=21.4836,=1.4900,=0.0258,=1.4404,=1.5553,=1.6583,=1.7604,=1.8728,=0.8827,=0.1447,=0.8034,=0.9014,=1.0198,=1.0675,=1.3230,=0.0276,=0.6176,=0.0230,=0.0260,=0.0271,=0.0287,=0.0311,=0.0245,=0.0821,=0.0237,=59
="000510",中证A500,2024-09-23,=0.0051,=6219.7900,=0.1022,=17.9012,=0.9665,=12.2476,=14.4623,=15.4568,=17.2734,=18.3286,=1.7377,=0.8876,=1.2883,=1.4911,=1.5843,=1.7106,=1.7791,=1.5408,=0.9761,=1.0081,=1.2168,=1.3191,=1.4976,=1.5731,=0.0231,=0.0167,=0.0228,=0.0248,=0.0270,=0.0323,=0.0380,=0.0241,=0.0887,=0.0240,=2251
="000903",中证A100,2006-05-29,=0.0061,=4809.5100,=0.0720,=18.0420,=0.9856,=9.4390,=11.1777,=12.5056,=14.1959,=18.7565,=1.9317,=0.9959,=1.1800,=1.3795,=1.5153,=1.6694,=1.9625,=1.6793,=0.9992,=0.9660,=1.1007,=1.2146,=1.3731,=1.6914,=0.0256,=0.1034,=0.0221,=0.0267,=0.0293,=0.0329,=0.0397,=0.0253,=0.0942,=0.0251,=3083
="399311",国证1000,2005-02-03,=0.0027,=5434.2900,=0.0961,=18.0625,=0.9720,=11.0854,=13.3222,=14.6230,=16.7749,=19.8966,=1.7026,=0.6560,=1.1918,=1.4217,=1.5928,=1.8011,=2.0383,=1.6696,=0.9971,=1.0112,=1.1700,=1.3063,=1.5220,=1.7074,=0.0223,=0.3906,=0.0172,=0.0199,=0.0239,=0.0282,=0.0380,=0.0236,=0.0857,=0.0233,=140
="932152",港股通成长策略,2025-04-30,=-0.0137,=1101.1619,=-0.1742,=18.0913,=0.1613,=16.5252,=18.2312,=19.1268,=21.2025,=22.5567,=2.3271,=0.0932,=2.1900,=2.5271,=2.7236,=2.8342,=3.0449,=1.7446,=0,=1.7446,=1.9363,=2.1055,=2.2185,=2.3595,=0.0201,=0.7957,=0.0152,=0.0171,=0.0191,=0.0202,=0.0248,,=0.1305,,=8
="931442",SHS科技100,2020-04-21,=-0.0022,=9539.1250,=-0.1157,=18.1803,=0.3951,=11.6240,=15.0754,=19.5712,=24.8797,=40.7731,=2.6297,=0.5055,=1.5813,=1.9735,=2.6178,=4.1028,=6.9092,=1.7862,=0.5189,=1.0913,=1.4338,=1.7373,=2.5729,=5.0819,=0.0157,=0.5959,=0.0042,=0.0087,=0.0135,=0.0222,=0.0322,,=0.1199,,=27
="000995",全指公用,2011-08-02,=-0.0321,=2707.3723,=0.0482,=18.3142,=0.4162,=14.4124,=16.6855,=18.9141,=23.9608,=55.0107,=1.7472,=0.5513,=1.2839,=1.5403,=1.7286,=1.8686,=2.1268,=1.8241,=0.8084,=1.2094,=1.4214,=1.5277,=1.8070,=2.4023,=0.0270,=0.6634,=0.0172,=0.0230,=0.0259,=0.0281,=0.0321,=0.0217,=0.0896,=0.0244,=318
="000942",内地消费,2009-10-28,=-0.0131,=8290.8966,=-0.1890,=18.3305,=0.1417,=14.4412,=18.7135,=21.7434,=33.3379,=52.6356,=2.4487,=0,=2.4487,=3.1400,=3.6909,=5.0424,=7.7211,=1.3701,=0.1055,=1.1096,=1.4981,=1.7718,=2.5493,=4.1228,=0.0364,=1,=0.0093,=0.0147,=0.0214,=0.0277,=0.0364,=0.0371,=0.1426,=0.0493,=765
="000126",消费50,2011-12-09,=-0.0150,=6365.3800,=-0.2344,=18.4077,=0.0548,=15.1608,=20.2959,=22.8626,=32.8709,=57.2206,=2.4437,=0.0136,=2.2360,=2.9999,=3.4007,=4.8666,=7.3797,=1.3842,=0.2777,=0.9155,=1.2491,=1.8264,=2.6426,=3.8011,=0.0364,=1,=0.0091,=0.0134,=0.0211,=0.0274,=0.0364,=0.0406,=0.1407,=0.0455,=86
="399987",中证酒,2014-12-10,=-0.0256,=3736.0500,=-0.2525,=18.4218,=0.0288,=16.5000,=21.1661,=30.5247,=38.5048,=71.4257,=3.4595,=0,=3.4595,=4.9083,=6.4706,=8.9992,=15.9495,=5.7020,=0.0581,=5.0607,=6.4796,=8.3115,=11.8299,=21.4371,=0.0465,=1,=0.0067,=0.0114,=0.0162,=0.0301,=0.0465,=0.0789,=0.2043,=0.0944,=2754
="399997",中证白酒,2015-01-21,=-0.0219,=6335.4400,=-0.2770,=18.4503,=0.0466,=16.2418,=20.7673,=29.7024,=37.9971,=71.4432,=3.6068,=0,=3.6068,=5.2032,=7.2669,=9.8068,=17.8607,=6.4658,=0.0128,=5.9830,=7.2913,=9.8354,=13.6521,=24.8964,=0.0474,=1,=0.0066,=0.0115,=0.0169,=0.0307,=0.0474,=0.0833,=0.2121,=0.1013,=7680
="000912",300消费,2007-07-02,=-0.0222,=16570.5509,=-0.2012,=18.5660,=0.0367,=17.5697,=22.8006,=28.6893,=38.6920,=71.0374,=3.2876,=0,=3.2876,=4.6631,=6.3981,=8.3233,=13.2137,=2.6934,=0.0523,=1.9084,=3.1967,=4.1908,=5.5033,=9.3193,=0.0458,=1,=0.0078,=0.0128,=0.0189,=0.0269,=0.0458,=0.0602,=0.1878,=0.0812,=783
="000036",上证消费,2009-01-09,=-0.0216,=8894.0300,=-0.1804,=18.5911,=0.0021,=18.1662,=23.2534,=31.6672,=40.5919,=69.3963,=3.9858,=0.0507,=3.6516,=5.2250,=6.5384,=9.2057,=14.9810,=3.9957,=0.2110,=1.8201,=3.8498,=4.8718,=7.3411,=10.9001,=0.0413,=1,=0.0071,=0.0114,=0.0156,=0.0291,=0.0413,=0.0773,=0.2393,=0.0858,=2315
="931588",1000价值稳健,2020-11-09,=-0.0126,=32818.3595,=-0.0844,=18.6839,=0.5157,=12.8074,=16.6954,=18.5242,=20.5863,=25.6024,=1.3384,=0.3126,=1.0253,=1.2732,=1.4361,=1.5632,=1.9102,=0.7729,=0.9610,=0.4756,=0.5533,=0.6279,=0.6883,=0.8427,=0.0276,=0.7309,=0.0168,=0.0206,=0.0249,=0.0292,=0.0392,=0.0162,=0.0641,=0.0212,=108
="931897",绿色电力,2012-12-21,=-0.0370,=1182.2542,=0.0919,=18.7911,=0.5163,=12.4356,=16.0077,=18.5755,=23.5753,=3316.8719,=1.7901,=0.8133,=1.0802,=1.3464,=1.6483,=1.7857,=2.0565,=1.9580,=0.8855,=0.8910,=1.1301,=1.2734,=1.7063,=2.6891,=0.0260,=0.7058,=0.0111,=0.0186,=0.0233,=0.0271,=0.0350,=0.0214,=0.0880,=0.0237,=158
="H30199",电力指数,2013-07-15,=-0.0370,=3077.9840,=0.0906,=18.8138,=0.4763,=14.1448,=16.7593,=18.9680,=25.0122,=78.5133,=1.7680,=0.6288,=1.2472,=1.5161,=1.7173,=1.8429,=2.0960,=1.9029,=0.8434,=1.1507,=1.4427,=1.5881,=1.7859,=2.2389,=0.0262,=0.4438,=0.0166,=0.0223,=0.0267,=0.0285,=0.0343,=0.0213,=0.0878,=0.0244,=703
="000807",食品饮料,2012-02-17,=-0.0199,=14728.2430,=-0.1945,=18.8482,=0.0103,=16.7498,=21.8719,=30.4153,=37.6314,=67.1514,=3.4600,=0,=3.4600,=4.7781,=6.2605,=8.2580,=14.6770,=4.1746,=0.1018,=3.6216,=4.5256,=5.6629,=7.6740,=12.7454,=0.0448,=1,=0.0077,=0.0131,=0.0184,=0.0302,=0.0448,=0.0738,=0.1953,=0.0849,=4267
="931637",港股通互联网,2021-01-11,=-0.0212,=707.1292,=-0.3085,=18.9005,=0.0291,=16.9805,=23.2658,=28.2192,=41.7781,=87.7368,=2.3143,=0.0022,=2.2686,=3.0578,=3.4168,=4.2420,=11.7021,=2.2807,=0.0037,=2.1470,=2.9408,=3.4000,=4.4920,=11.5370,=0.0100,=0.9866,=0.0011,=0.0025,=0.0049,=0.0075,=0.0105,,,,=262
="000931",中证可选,2009-07-03,=-0.0052,=5264.5224,=-0.1528,=18.9960,=0.2921,=12.9961,=17.9588,=20.2039,=26.0964,=47.1695,=2.0108,=0.0927,=1.6991,=2.1358,=2.4993,=2.8197,=3.7874,=0.9468,=0.1698,=0.7260,=0.9741,=1.1189,=1.2835,=1.9265,=0.0270,=0.9510,=0.0120,=0.0178,=0.0207,=0.0246,=0.0298,=0.0252,=0.1143,=0.0305,=839
="399324",深证红利,2006-01-24,=-0.0098,=8408.8200,=-0.0811,=18.9970,=0.8953,=11.7065,=14.4768,=15.7635,=17.7304,=23.4132,=2.9539,=0.9271,=1.2884,=1.9036,=2.1903,=2.5082,=3.7254,=1.9652,=0.8002,=1.1033,=1.3622,=1.7418,=1.9652,=2.8578,=0.0322,=0.7487,=0.0151,=0.0225,=0.0278,=0.0353,=0.0452,=0.0424,=0.1345,=0.0450,=5218
="000815",细分食品,2012-04-11,=-0.0211,=14971.0165,=-0.2008,=19.1706,=0.0173,=16.6089,=21.9368,=30.6723,=37.4251,=68.5596,=3.3948,=0,=3.3948,=4.7448,=6.1934,=8.2709,=14.7926,=4.2338,=0.0119,=4.0083,=4.9232,=6.1102,=8.3455,=14.4971,=0.0436,=1,=0.0072,=0.0123,=0.0164,=0.0297,=0.0436,=0.0708,=0.1902,=0.0845,=764
="000918",300成长,2008-01-21,=0.0163,=6003.1026,=0.1799,=19.2087,=0.7631,=11.6107,=14.3116,=16.7105,=20.6304,=29.9826,=2.8277,=0.5155,=1.8759,=2.2945,=2.7899,=4.3091,=6.1771,=2.8831,=0.8863,=1.1680,=1.5324,=1.7723,=2.5862,=3.9548,=0.0167,=0.3684,=0.0081,=0.0139,=0.0187,=0.0238,=0.0310,=0.0348,=0.1486,=0.0340,=796
="000932",中证消费,2009-07-03,=-0.0230,=11832.4800,=-0.2240,=19.2174,=0.0396,=18.2526,=23.2675,=29.2746,=38.6663,=67.7039,=3.1330,=0,=3.1330,=4.2703,=5.3608,=7.0320,=11.1990,=2.5344,=0.0527,=1.9823,=2.9555,=3.5964,=4.6842,=7.7724,=0.0433,=1,=0.0082,=0.0130,=0.0173,=0.0269,=0.0433,=0.0540,=0.1726,=0.0732,=12367
="932367",500现金流,2024-11-12,=-0.0174,=3388.4585,=-0.0741,=19.2433,=0.8992,=12.7635,=14.0099,=16.7523,=18.4972,=20.8865,=1.4863,=0,=1.4863,=1.6628,=1.7589,=1.9912,=2.3672,=0.9002,=0.0052,=0.8955,=1.0969,=1.2378,=1.2872,=1.4394,=0.0319,=0.5220,=0.0247,=0.0284,=0.0316,=0.0369,=0.0403,=0.0308,=0.1139,=0.0305,=116
="000909",300材料,2007-07-02,=-0.0141,=3976.1218,=-0.0300,=19.4923,=0.5793,=10.2722,=14.5958,=18.2456,=25.4158,=46384.3131,=2.6698,=0.8438,=1.4655,=1.7221,=1.9903,=2.4624,=3.8763,=1.3174,=0.8747,=0.6983,=0.8432,=0.9742,=1.2318,=1.9427,=0.0171,=0.3391,=0.0057,=0.0135,=0.0204,=0.0243,=0.0291,=0.0473,=0.1225,=0.0288,=17
="399396",国证食品,2012-10-29,=-0.0205,=14026.1600,=-0.1971,=19.5348,=0.0148,=17.1702,=22.1252,=30.0908,=37.3108,=66.0937,=3.2827,=0,=3.2827,=4.5986,=6.0987,=7.6300,=14.3214,=3.2452,=0,=3.2452,=3.9714,=5.0504,=6.2477,=12.4529,=0.0426,=1,=0.0078,=0.0130,=0.0185,=0.0293,=0.0426,=0.0671,=0.1761,=0.0767,=1604
="399991",一带一路,2015-02-16,=0.0014,=3695.1100,=0.2466,=19.5712,=0.7952,=9.4567,=11.6727,=14.1037,=19.7364,=34.5905,=1.7404,=0.9984,=1.0035,=1.1547,=1.2476,=1.4319,=1.7680,=0.7588,=1,=0.3598,=0.4252,=0.4778,=0.6069,=0.7588,=0.0205,=0.1838,=0.0109,=0.0213,=0.0280,=0.0340,=0.0441,=0.0240,=0.0795,=0.0217,=579
="932420",智选船舶产业,2025-05-28,=-0.0115,=1465.2608,=0.0139,=19.7715,=0.7954,=12.9248,=14.0853,=16.3357,=19.8118,=21.8048,=1.4146,=0.8069,=1.1414,=1.2404,=1.2869,=1.4075,=1.5726,=1.0400,=0.7992,=0.8043,=0.8764,=0.9381,=1.0400,=1.1519,=0.0247,=0.1815,=0.0219,=0.0250,=0.0306,=0.0320,=0.0350,=0.0198,=0.0735,,=10
="930641",中证中药,2015-05-19,=-0.0073,=8039.3623,=-0.1551,=19.8690,=0.0326,=17.1921,=24.2262,=29.0528,=32.8246,=45.5431,=1.8892,=0,=1.8892,=2.4903,=2.9672,=3.5506,=4.1073,=2.0451,=0,=2.0451,=2.4466,=2.8308,=3.6632,=4.5776,=0.0403,=1,=0.0073,=0.0113,=0.0162,=0.0231,=0.0403,=0.0326,=0.0928,=0.0347,=869
="H11059",工业有色,2009-07-22,=0.0093,=4425.8668,=0.1115,=19.9212,=0.3631,=10.0577,=14.5692,=28.1129,=53.2844,=131.1130,=3.6839,=0.9482,=1.4392,=1.9952,=2.4026,=3.1688,=4.9901,=1.3982,=0.9634,=0.5048,=0.7377,=0.8587,=1.1395,=1.8706,=0.0154,=0.6900,=0.0035,=0.0055,=0.0103,=0.0206,=0.0285,=0.0664,=0.1735,=0.0401,=129
="399990",煤炭等权,2015-01-21,=-0.0341,=3255.5900,=0.1334,=20.0294,=0.8801,=5.7123,=8.6087,=10.6443,=15.5378,=347.5369,=1.5859,=0.7812,=0.8179,=1.1203,=1.3643,=1.6046,=2.0135,=1.7894,=0.9551,=0.6732,=0.9175,=1.1221,=1.4627,=2.2100,=0.0334,=0.1269,=0.0074,=0.0368,=0.0547,=0.0638,=0.1003,=0.0229,=0.0912,=0.0239,=242
="399998",中证煤炭,2015-02-13,=-0.0309,=2217.8900,=0.1249,=20.0294,=0.8801,=5.7123,=8.6087,=10.6443,=15.5378,=347.5369,=1.5859,=0.7812,=0.8179,=1.1203,=1.3643,=1.6046,=2.0135,=1.7894,=0.9551,=0.6732,=0.9175,=1.1221,=1.4627,=2.2100,=0.0334,=0.1269,=0.0074,=0.0368,=0.0547,=0.0638,=0.1003,=0.0229,=0.0912,=0.0239,=2085
="931481",SHS线上消费,2020-05-06,=-0.0028,=839.2123,=-0.2463,=20.2497,=0.0368,=17.8858,=23.6474,=30.0479,=46.9292,=121.3257,=2.4400,=0,=2.4400,=3.1473,=3.5580,=5.4854,=9.8961,=2.5023,=0.0834,=2.0492,=2.8068,=3.3062,=4.3617,=7.8524,=0.0109,=0.9819,=0.0020,=0.0032,=0.0055,=0.0085,=0.0115,,=0.1066,,=63
="000990",全指消费,2011-08-02,=-0.0218,=9952.3662,=-0.2182,=20.2753,=0.0935,=18.6483,=23.7622,=30.7741,=39.1217,=75.7240,=3.0814,=0,=3.0814,=4.0880,=4.9934,=6.2867,=9.6579,=2.3498,=0.0383,=2.1885,=2.7714,=3.3206,=4.0947,=6.6514,=0.0417,=1,=0.0082,=0.0125,=0.0156,=0.0265,=0.0417,=0.0524,=0.1676,=0.0712,=3837
="930653",CS食品饮,2015-06-05,=-0.0190,=12203.7092,=-0.1914,=20.3239,=0.0185,=17.6031,=22.8986,=31.2737,=38.3114,=65.8842,=3.1357,=0,=3.1357,=4.4393,=5.7097,=7.1300,=12.9907,=3.0331,=0.0004,=3.0169,=3.8353,=4.7618,=5.8503,=11.4166,=0.0410,=1,=0.0078,=0.0127,=0.0177,=0.0286,=0.0410,=0.0615,=0.1583,=0.0705,=893
="000910",300工业,2007-07-02,=-0.0147,=2466.1681,=-0.0249,=20.3799,=0.6506,=12.1074,=14.2223,=18.6727,=21.7507,=26.7473,=1.7061,=0.4265,=1.2960,=1.5013,=1.7773,=2.0927,=2.8598,=0.8035,=0.7919,=0.4726,=0.5803,=0.7016,=0.8049,=1.0995,=0.0204,=0.7054,=0.0079,=0.0123,=0.0177,=0.0223,=0.0295,=0.0196,=0.0738,=0.0177,=15
="399438",绿色电力,2014-12-30,=-0.0336,=2150.8000,=0.0801,=20.3840,=0.6510,=13.5016,=16.4588,=19.0176,=22.0380,=41.2289,=1.8757,=0.6902,=1.2516,=1.5034,=1.7945,=1.9341,=2.3077,=2.2555,=0.9584,=1.1906,=1.4256,=1.8203,=2.0447,=3.6995,=0.0248,=0.3317,=0.0163,=0.0221,=0.0269,=0.0297,=0.0370,=0.0222,=0.0881,=0.0248,=204
="931067",绩优策略,2018-02-14,=0.0121,=8856.7136,=0.1644,=20.5138,=0.6622,=10.5807,=14.6886,=18.6049,=26.9444,=44.0015,=5.5570,=0.6350,=3.5566,=4.2873,=5.0195,=7.5173,=11.8571,=3.3295,=0.6790,=2.1909,=2.5253,=2.8653,=4.9762,=8.6201,=0.0191,=0.4502,=0.0082,=0.0132,=0.0217,=0.0297,=0.0455,=0.0562,=0.2359,=0.0578,=25
="930625",SHS互联网,2015-04-21,=-0.0102,=2247.7438,=-0.2626,=20.5217,=0.0071,=18.9097,=27.2868,=35.4974,=51.5646,=84.5605,=2.4989,=0,=2.4989,=3.4902,=4.9697,=6.6722,=9.2961,=2.5017,=0.0004,=2.4953,=3.4757,=4.3703,=5.8814,=8.7946,=0.0101,=0.9949,=0.0016,=0.0028,=0.0035,=0.0067,=0.0104,,=0.1125,,=322
="HSIII",恒生互联网科技业指数,2020-07-20,=-0.0197,=2189.5900,=-0.2543,=20.5250,=0.1284,=12.6629,=22.4858,=35.1403,=47.7321,=309808.9839,=2.2652,=0.0573,=1.7026,=2.5855,=4.1956,=6.1191,=8.5704,=1.7583,=0.0613,=1.1940,=2.0098,=2.4286,=3.5799,=5.1261,=0.0109,=0.9078,=0.0015,=0.0029,=0.0054,=0.0096,=0.0133,,=0.1194,,=2014
="931142",东证竞争,2019-03-20,=-0.0030,=2058.7105,=0.1064,=20.6112,=0.9289,=9.8569,=11.9263,=14.0079,=15.9513,=27.8877,=3.0851,=0.8822,=1.5408,=1.7303,=2.0680,=2.5884,=4.6703,=3.1071,=0.9772,=0.9384,=1.2690,=1.6593,=2.2433,=3.1903,=0.0228,=0.2379,=0.0120,=0.0222,=0.0264,=0.0330,=0.0399,=0.0415,=0.1629,=0.0397,=212
="930746",港中小企,2015-08-26,=-0.0234,=2302.1296,=-0.1494,=20.6163,=0.8985,=7.8499,=11.1100,=14.1779,=17.9659,=36.0739,=0.9458,=0.3738,=0.6829,=0.8308,=1.0791,=1.2267,=1.6951,=0.6818,=0.4846,=0.3939,=0.5282,=0.6925,=0.8171,=1.1520,=0.0370,=0.5776,=0.0210,=0.0261,=0.0330,=0.0436,=0.0585,,=0.0299,,=208
="000069",消费80,2010-05-28,=-0.0016,=3992.5400,=-0.1867,=20.8416,=0.0836,=16.4356,=22.2797,=24.9025,=33.0497,=60.5019,=2.7174,=0.0177,=2.4642,=3.1928,=3.5456,=4.8097,=7.6372,=1.6830,=0.3453,=1.0743,=1.4833,=1.9150,=2.7436,=3.8795,=0.0290,=0.9975,=0.0078,=0.0117,=0.0182,=0.0231,=0.0296,=0.0378,=0.1324,=0.0420,=938
="000811",细分有色,2012-04-11,=-0.0036,=11670.5086,=0.0261,=20.8829,=0.3272,=13.5118,=17.9724,=29.9938,=57.8280,=312.9068,=3.5559,=0.9361,=1.7438,=2.0869,=2.5625,=3.1482,=4.8073,=1.4090,=0.9580,=0.6338,=0.7856,=0.9040,=1.1855,=1.9173,=0.0139,=0.7128,=0.0033,=0.0055,=0.0100,=0.0171,=0.0234,=0.0611,=0.1531,=0.0352,=189
="930939",500质量,2018-11-21,=-0.0034,=24390.8957,=0.1490,=20.9536,=0.9188,=10.4098,=13.9613,=15.9698,=19.1582,=27.8330,=2.4065,=0.7466,=1.6614,=2.0655,=2.2290,=2.4953,=3.9191,=2.1952,=0.9330,=0.9583,=1.1967,=1.4440,=1.7967,=2.9319,=0.0164,=0.2022,=0.0117,=0.0164,=0.0198,=0.0253,=0.0319,=0.0308,=0.1144,=0.0291,=460
="930782",500SNLV,2016-02-04,=-0.0076,=19905.9230,=0.0593,=20.9883,=0.5756,=13.0617,=17.6555,=20.0532,=25.0917,=33.4651,=1.6961,=0.7408,=1.0996,=1.3464,=1.4745,=1.8813,=2.6374,=1.3176,=0.7577,=0.5914,=0.8056,=0.8892,=1.4596,=2.0883,=0.0229,=0.8199,=0.0090,=0.0124,=0.0201,=0.0227,=0.0271,=0.0229,=0.0820,=0.0170,=1374
="931027",港股通大消费,2017-11-06,=-0.0129,=2564.8322,=-0.1838,=20.9955,=0.2354,=14.6383,=20.4600,=25.4448,=51.7670,=105.3721,=2.4692,=0.0353,=2.2514,=2.8677,=3.2475,=4.3468,=9.1499,=1.4612,=0.2180,=1.0973,=1.4415,=1.7679,=2.4949,=5.7985,=0.0232,=0.8107,=0.0056,=0.0113,=0.0176,=0.0229,=0.0323,,=0.1064,,=43
="000963",中证下游,2010-04-16,,,=-0.1432,=21.0440,=0.0828,=17.2626,=22.3294,=25.2866,=33.1012,=51.0836,=2.1284,=0,=2.1284,=2.5848,=3.0760,=3.4358,=5.6334,=1.4254,=0.0466,=1.2209,=1.6149,=1.7723,=2.0795,=3.4797,=0.0306,=0.9963,=0.0087,=0.0135,=0.0159,=0.0257,=0.0314,=0.0267,=0.0958,=0.0301,=29
="931892",有色矿业,2013-07-15,=-0.0003,=4252.4771,=0.0721,=21.3509,=0.3164,=13.1272,=18.6945,=31.5047,=57.1623,=131.9594,=3.8320,=0.9559,=1.7020,=2.1368,=2.5291,=3.1642,=5.3430,=1.4695,=0.9580,=0.6092,=0.7896,=0.9203,=1.2237,=2.0391,=0.0126,=0.7103,=0.0026,=0.0054,=0.0091,=0.0169,=0.0229,=0.0653,=0.1630,=0.0363,=190
="930708",中证有色,2015-07-13,=-0.0018,=3221.2543,=0.0444,=21.3593,=0.3296,=13.9228,=18.4062,=30.4635,=58.5290,=425.7934,=3.4793,=0.9201,=1.7134,=2.0956,=2.5633,=3.1571,=4.7639,=1.2804,=0.8970,=0.6123,=0.7796,=0.8963,=1.1997,=1.7984,=0.0135,=0.7132,=0.0031,=0.0054,=0.0098,=0.0167,=0.0233,=0.0592,=0.1479,=0.0346,=520
="000989",全指可选,2011-08-02,=-0.0044,=4798.8300,=-0.1420,=21.5271,=0.2752,=14.8205,=20.3758,=24.3791,=30.9883,=46.1708,=2.1503,=0.2105,=1.6599,=2.1285,=2.5091,=2.8457,=3.3093,=1.0037,=0.1842,=0.8200,=1.0126,=1.1673,=1.4558,=1.7628,=0.0247,=0.9283,=0.0123,=0.0151,=0.0183,=0.0232,=0.0287,=0.0237,=0.1045,=0.0284,=1295
="399395",国证有色,2012-10-29,=0.0022,=10227.9700,=0.0576,=21.7258,=0.3412,=12.7731,=17.8787,=29.0559,=56.0403,=326.9035,=3.6651,=0.9592,=1.7304,=2.0833,=2.5074,=3.0795,=4.8522,=1.4728,=0.9720,=0.6150,=0.7945,=0.9087,=1.1713,=1.9521,=0.0136,=0.7066,=0.0031,=0.0054,=0.0100,=0.0177,=0.0242,=0.0618,=0.1543,=0.0354,=662
="000819",有色金属,2012-05-09,=0.0014,=9888.0700,=0.0584,=21.7857,=0.3659,=12.4710,=17.7541,=28.7934,=56.0237,=216.1722,=3.7989,=0.9506,=1.7791,=2.1409,=2.6249,=3.2513,=4.9698,=1.5107,=0.9654,=0.6317,=0.8246,=0.9662,=1.2820,=1.9863,=0.0139,=0.6728,=0.0033,=0.0057,=0.0105,=0.0185,=0.0249,=0.0625,=0.1569,=0.0361,=1981
="HSSCT",恒生港股通中国科技指数,2020-02-01,=-0.0135,=6329.1000,=-0.1562,=21.8588,=0.1852,=15.0039,=22.0008,=24.8638,=32.9955,=55.7647,=2.5383,=0.1158,=1.8368,=2.6430,=3.0465,=4.6974,=8.0840,=2.1042,=0.3577,=1.1354,=1.8392,=2.3319,=3.2167,=6.0217,=0.0089,=0.8294,=0.0020,=0.0039,=0.0070,=0.0088,=0.0108,,=0.1202,,=93
="HSSCITI",恒生港股通科技主题指数,2023-07-01,=-0.0149,=2487.1500,=-0.1467,=21.8878,=0.2383,=15.2810,=21.1646,=23.9188,=27.0036,=33.8690,=2.5615,=0.0909,=2.1914,=2.7283,=2.9531,=3.4180,=4.1810,=2.1113,=0.4917,=1.5305,=1.8413,=2.1235,=2.7531,=3.5648,=0.0090,=0.8099,=0.0061,=0.0074,=0.0084,=0.0090,=0.0106,,=0.1205,,=81
="HSSCNE",恒生港股通新经济指数,2018-01-08,=-0.0116,=3499.2700,=-0.1856,=21.9395,=0.2886,=15.8046,=20.7100,=24.1145,=28.5179,=53.5009,=2.5817,=0.3516,=1.7963,=2.2519,=2.8308,=3.4795,=6.9059,=1.7956,=0.2756,=1.4023,=1.7304,=1.9995,=2.5598,=5.3019,=0.0108,=0.5094,=0.0041,=0.0086,=0.0108,=0.0167,=0.0252,,=0.1277,,=206
="931484",CS医药创新,2020-05-06,=0.0071,=1213.6145,=-0.1630,=22.0447,=0.1004,=18.2098,=24.1360,=27.5075,=46.6207,=86.1757,=3.8448,=0.0411,=3.3236,=4.5752,=5.4405,=11.3944,=17.5605,=4.7943,=0.0586,=3.7485,=5.5585,=6.5244,=11.3595,=20.8272,=0.0176,=0.8753,=0.0021,=0.0044,=0.0121,=0.0167,=0.0269,=0.0424,=0.1752,=0.0382,=392
="HSTECH",恒生科技指数,2020-07-01,=-0.0139,=4604.3500,=-0.1653,=22.6442,=0.2858,=14.7293,=21.7852,=26.4272,=42.1101,=73.7725,=2.5346,=0.3154,=1.7280,=2.3825,=2.8152,=3.7817,=8.3408,=1.6373,=0.1150,=1.2545,=1.7233,=2.0405,=3.1823,=6.6932,=0.0122,=0.9621,=0.0010,=0.0020,=0.0059,=0.0107,=0.0135,,=0.1209,,=7145
="931000",大湾区,2017-07-19,=0.0027,=1987.2162,=0.1235,=22.7403,=0.9958,=11.8370,=14.5159,=16.2255,=18.9585,=23.4463,=2.2966,=0.6080,=1.3750,=1.7646,=2.0700,=2.5508,=3.2666,=1.7535,=0.6865,=1.1015,=1.3326,=1.5612,=1.8725,=2.5221,=0.0199,=0.4337,=0.0138,=0.0173,=0.0221,=0.0262,=0.0341,=0.0236,=0.0809,=0.0227,=12
="399701",深证F60,2010-05-10,=-0.0137,=7644.0500,=-0.0374,=22.8579,=0.8611,=12.1841,=16.9629,=19.7672,=22.1137,=29.1141,=2.1061,=0.3741,=1.6712,=2.0189,=2.1822,=2.5392,=3.7270,=1.3947,=0.5554,=1.0125,=1.2363,=1.3654,=1.5636,=2.4139,=0.0250,=0.8265,=0.0118,=0.0177,=0.0206,=0.0246,=0.0310,=0.0232,=0.0664,=0.0243,=1677
="930903",中证A股,2016-10-18,=0.0034,=4478.5662,=0.0973,=22.9201,=0.9857,=12.9620,=16.2506,=17.7413,=20.5333,=23.9680,=1.8785,=0.6774,=1.2607,=1.5527,=1.7073,=1.9465,=2.2108,=1.7498,=0.9426,=1.0406,=1.2306,=1.3764,=1.6361,=1.9264,=0.0188,=0.3583,=0.0139,=0.0173,=0.0206,=0.0238,=0.0332,=0.0216,=0.0748,=0.0212,=11
="931166",医药健康100,2019-04-25,=0.0134,=3520.6722,=-0.1271,=22.9350,=0.2702,=17.5935,=22.3062,=26.0074,=36.2325,=58.5515,=3.1453,=0.0866,=2.7671,=3.3705,=4.2231,=5.9008,=8.5226,=4.1111,=0.6120,=2.1887,=3.0511,=3.7622,=4.4720,=6.8190,=0.0178,=0.7898,=0.0059,=0.0079,=0.0120,=0.0181,=0.0263,=0.0346,=0.1325,=0.0321,=399
="000985",中证全指,2011-08-02,=0.0034,=6499.3346,=0.0980,=22.9384,=0.9909,=12.6044,=15.9637,=17.6544,=20.2578,=23.7678,=1.8802,=0.6786,=1.2581,=1.5484,=1.7145,=1.9609,=2.1557,=1.7531,=0.9361,=1.0381,=1.2268,=1.3876,=1.6491,=1.8438,=0.0188,=0.3684,=0.0148,=0.0173,=0.0207,=0.0240,=0.0333,=0.0216,=0.0749,=0.0212,=671
="931140",医药50,2019-03-20,=0.0061,=8897.7030,=-0.1345,=22.9888,=0.0228,=20.8651,=25.5276,=28.7770,=43.4224,=67.0844,=3.4730,=0.0171,=3.0998,=4.2486,=4.9774,=7.4353,=10.9696,=4.1201,=0.0524,=3.4950,=4.6198,=5.1823,=7.1608,=12.1248,=0.0185,=0.8708,=0.0046,=0.0076,=0.0107,=0.0174,=0.0237,=0.0393,=0.1515,=0.0402,=1194
="987008",港股通科技,2021-03-08,,,=-0.2036,=23.0345,=0.1253,=16.3992,=24.0877,=27.2987,=33.9782,=63.8758,=2.5290,=0.0131,=2.3408,=2.9619,=3.4260,=3.9810,=8.4842,=2.0885,=0.0146,=1.9635,=2.6250,=2.9838,=3.8669,=8.7605,=0.0078,=0.9070,=0.0015,=0.0033,=0.0059,=0.0073,=0.0093,,=0.0980,,=83
="H30015",800汽车,2012-12-21,=-0.0018,=8050.9540,=-0.1999,=23.0656,=0.5155,=11.4503,=15.3053,=22.7332,=31.8612,=45.6288,=1.9190,=0.2559,=1.3220,=1.7482,=2.1800,=2.4572,=3.4622,=0.8159,=0.4190,=0.5106,=0.6736,=0.8552,=1.0480,=1.4573,=0.0164,=0.4660,=0.0097,=0.0134,=0.0169,=0.0288,=0.0411,=0.0155,=0.0922,=0.0213,=187
="399365",国证粮食,2009-11-04,=-0.0105,=11369.5200,=-0.1608,=23.2309,=0.3292,=13.3311,=20.2221,=27.2571,=35.2364,=54.5886,=2.0780,=0.2056,=1.6393,=2.0688,=4.1028,=6.4747,=11.3501,=0.8334,=0.2233,=0.5961,=0.8022,=3.1472,=4.6104,=8.7065,=0.0193,=0.7169,=0.0080,=0.0130,=0.0163,=0.0211,=0.0308,=0.0232,=0.0838,=0.0244,=66
="931829",中证回购,2023-10-17,,,=0.0575,=23.2564,=0.2937,=16.8171,=21.7589,=25.8722,=34.5761,=40.4937,=2.1196,=0.8980,=1.3801,=1.5652,=1.7356,=1.9680,=2.3571,=0.8587,=0.0974,=0.7604,=0.9573,=1.0191,=1.1651,=1.4917,=0.0267,=0.9505,=0.0146,=0.0163,=0.0205,=0.0225,=0.0283,=0.0242,=0.0495,=0.0133,=40
="399814",大农业,2014-07-22,=-0.0181,=1015.5100,=-0.1531,=23.3316,=0.1891,=17.8693,=23.5203,=28.3962,=32.8193,=111.7688,=2.6044,=0.0111,=2.4368,=2.9331,=3.3108,=4.3740,=6.4483,=1.4372,=0.1166,=1.2031,=1.5055,=1.8373,=2.3352,=3.7145,=0.0282,=0.9992,=0.0100,=0.0140,=0.0170,=0.0225,=0.0283,=0.0257,=0.1209,=0.0380,=768
="930901",动漫游戏,2016-10-18,=-0.0009,=1530.1487,=-0.2772,=23.3444,=0.0571,=17.2478,=29.5709,=42.2266,=274.8314,=4647.5377,=2.8991,=0.5009,=1.7335,=2.2960,=2.8965,=4.0716,=7.9690,=3.7629,=0.1184,=2.8663,=4.2040,=5.0075,=6.8195,=10.0355,=0.0168,=0.8803,=0.0031,=0.0055,=0.0087,=0.0146,=0.0282,=0.0360,=0.1150,=0.0336,=833
="931470",SHS云计算,2020-04-21,=0.0198,=4055.9467,=0.0967,=23.4543,=0.3714,=13.2694,=19.9903,=25.1490,=31.3568,=62.1875,=3.5197,=0.2470,=2.5281,=3.4482,=3.8989,=5.8311,=9.6099,=3.6879,=0.1167,=2.7843,=3.8646,=4.4894,=6.4336,=10.5654,=0.0076,=0.7081,=0.0018,=0.0030,=0.0059,=0.0084,=0.0114,,=0.1294,,=39
="000904",中证200,2007-01-15,=0.0010,=6371.4927,=0.1277,=23.5959,=0.9782,=11.9474,=14.9318,=16.7946,=19.2829,=25.2311,=1.8806,=0.5925,=1.2748,=1.5010,=1.7462,=2.0647,=2.3407,=1.3750,=0.4054,=1.0540,=1.2917,=1.4301,=1.6943,=2.1135,=0.0210,=0.5496,=0.0136,=0.0162,=0.0202,=0.0259,=0.0372,=0.0231,=0.0739,=0.0238,=720
="000813",细分化工,2012-04-11,=-0.0209,=3883.3199,=0.0185,=23.6446,=0.6391,=11.4329,=16.5252,=21.9357,=28.3321,=42.1751,=2.6549,=0.5138,=1.6736,=2.0410,=2.6110,=3.1017,=4.9148,=1.5027,=0.5534,=0.8896,=1.1114,=1.4032,=1.9668,=3.1071,=0.0150,=0.4149,=0.0059,=0.0103,=0.0165,=0.0201,=0.0259,=0.0394,=0.0961,=0.0234,=958
="399372",大盘成长,2010-01-04,=0.0164,=5965.5600,=0.1317,=23.6909,=0.7792,=13.1237,=17.1218,=20.3497,=25.3722,=45.9159,=4.4571,=0.7651,=1.9139,=2.5033,=3.0207,=5.3725,=9.5601,=2.4859,=0.4479,=1.2183,=1.8035,=2.6223,=3.4508,=6.6651,=0.0152,=0.3028,=0.0069,=0.0115,=0.0173,=0.0233,=0.0308,=0.0399,=0.1447,=0.0379,=315
="000929",中证材料,2009-07-03,=-0.0090,=4616.5594,=0.0344,=23.7123,=0.7342,=9.9126,=14.1083,=19.5220,=25.2100,=714.1328,=2.6052,=0.9407,=1.3680,=1.6188,=1.9016,=2.2836,=3.1607,=1.3042,=0.9213,=0.6315,=0.7658,=0.8824,=1.1854,=1.5845,=0.0150,=0.2802,=0.0058,=0.0130,=0.0200,=0.0239,=0.0294,=0.0399,=0.1037,=0.0230,=524
="1000002",A股全指,1994-01-01,=0.0034,=6499.3346,=0.0980,=23.7344,=0.9786,=12.9500,=16.6929,=18.4859,=21.4073,=25.0020,=1.9002,=0.6370,=1.2633,=1.5740,=1.7422,=2.0169,=2.1910,=1.7671,=0.9262,=1.0499,=1.2419,=1.3991,=1.6738,=1.9034,=0.0185,=0.3717,=0.0142,=0.0165,=0.0205,=0.0235,=0.0329,=0.0215,=0.0745,=0.0211,=7918
="399617",深证消费,2011-06-15,=-0.0239,=6769.6400,=-0.2673,=23.9843,=0.3321,=15.3450,=22.1455,=26.6021,=32.2918,=1768.1548,=2.1671,=0,=2.1671,=3.3180,=4.2557,=5.7490,=9.2732,=1.2774,=0,=1.2774,=1.8773,=2.4641,=3.6985,=6.3240,=0.0422,=1,=0.0100,=0.0137,=0.0183,=0.0253,=0.0422,=0.0294,=0.1055,=0.0582,=369
="931752",工程机械主题,2021-09-27,=-0.0052,=2565.3091,=0.0176,=24.1694,=0.7706,=13.6456,=18.4570,=21.1662,=24.3844,=27.9581,=2.1886,=0.8748,=1.2593,=1.5735,=1.7144,=2.1249,=2.6511,=1.3387,=0.8266,=0.7133,=0.9139,=1.0158,=1.2999,=1.6462,=0.0204,=0.4746,=0.0151,=0.0190,=0.0206,=0.0222,=0.0284,=0.0241,=0.0958,=0.0272,=91
="930794",中美互联网,2016-04-22,,,=-0.1836,=24.3776,=0.0188,=21.6222,=27.9978,=32.4638,=38.0931,=50.5410,=5.8280,=0.2284,=3.5920,=5.7048,=6.5712,=7.5414,=9.2259,=4.6295,=0.3954,=2.2940,=3.8795,=4.8572,=5.5740,=7.0802,=0.0028,=0.6434,=0.0004,=0.0006,=0.0017,=0.0034,=0.0053,,=0.2458,,=424
="399804",中证体育,2015-02-09,=0.0019,=1677.7500,=-0.1541,=24.5245,=0.1516,=17.8349,=25.2895,=31.6649,=46.0473,=92.9525,=2.7655,=0.2328,=2.0588,=2.7278,=3.2117,=3.8182,=5.7602,=2.3799,=0.2480,=1.7235,=2.3146,=2.8638,=4.0984,=7.1775,=0.0216,=0.8723,=0.0037,=0.0064,=0.0121,=0.0202,=0.0296,=0.0257,=0.0922,=0.0231,=296
="HSAIT",恒生人工智能主题指数,2023-09-01,=0.0075,=3624.9900,=-0.1494,=24.5411,=0.9985,=13.3665,=18.0667,=19.8104,=21.5319,=24.5500,=2.3015,=0.6394,=1.4634,=1.7531,=2.0622,=2.4852,=2.8773,=2.0770,=0.6540,=1.2708,=1.4973,=1.7130,=2.2792,=2.6741,=0.0182,=0.3416,=0.0144,=0.0174,=0.0195,=0.0215,=0.0235,,=0.1059,,=64
="000930",中证工业,2009-07-03,=-0.0094,=3570.4024,=0.0180,=24.6176,=0.8282,=13.1747,=16.3715,=20.2899,=24.0465,=30.4087,=1.9555,=0.5917,=1.3752,=1.5614,=1.8652,=2.1245,=2.6342,=0.9295,=0.8702,=0.5311,=0.6373,=0.7618,=0.8845,=1.0502,=0.0175,=0.6749,=0.0090,=0.0114,=0.0158,=0.0203,=0.0262,=0.0191,=0.0679,=0.0169,=322
="399698",优势成长,2017-06-15,=-0.0089,=47922.8500,=-0.0807,=24.7223,=0.5953,=14.2338,=18.2069,=23.0067,=35.6385,=66.5130,=1.3644,=0.0489,=1.2178,=1.5060,=1.9138,=2.3038,=2.9395,=2.2050,=0.7078,=0.6634,=1.0591,=1.7063,=2.6073,=4.7303,=0.0283,=0.9689,=0.0069,=0.0108,=0.0157,=0.0210,=0.0303,=0.0192,=0.0690,=0.0052,=41
="931574",港股科技,2013-05-21,=-0.0121,=1499.3171,=-0.1512,=25.0049,=0.3616,=16.3025,=22.7727,=27.4011,=42.8954,=59.3282,=2.8611,=0.4384,=1.8790,=2.5104,=2.9560,=3.5900,=8.1693,=1.7485,=0.2568,=1.3201,=1.6685,=1.9760,=2.8566,=5.7490,=0.0102,=0.8606,=0.0011,=0.0030,=0.0065,=0.0099,=0.0126,,=0.1080,,=267
="930938",500成长估值,2018-12-04,=-0.0063,=5050.8187,=0.0891,=25.4868,=0.9549,=9.4780,=13.0897,=16.7952,=19.7752,=30.3577,=2.7971,=0.9323,=1.4489,=1.8683,=2.1202,=2.2937,=3.6765,=2.3981,=0.9994,=0.6916,=0.9049,=1.1685,=1.6016,=2.4071,=0.0135,=0.1079,=0.0092,=0.0158,=0.0187,=0.0219,=0.0299,=0.0254,=0.1028,=0.0163,=71
="931755",SEEE碳中和,2021-10-21,=-0.0092,=2062.1201,=-0.0181,=25.5836,=0.8855,=13.4966,=17.4449,=21.2039,=24.8297,=29.4214,=2.4858,=0.6053,=1.7561,=1.9634,=2.3854,=2.7449,=3.9105,=1.5925,=0.8526,=0.8856,=1.0360,=1.2238,=1.4457,=2.3046,=0.0163,=0.3233,=0.0102,=0.0150,=0.0181,=0.0220,=0.0256,=0.0267,=0.0916,=0.0211,=142
="931573",HKC科技,2014-05-21,=-0.0114,=2790.6571,=-0.1442,=25.6283,=0.3124,=18.3272,=24.2261,=28.4991,=39.8603,=82.7075,=3.1178,=0.2851,=2.3269,=2.9510,=3.3398,=4.2623,=10.6583,=2.0569,=0.2629,=1.5041,=1.9654,=2.3086,=3.3965,=8.3359,=0.0091,=0.8878,=0.0015,=0.0039,=0.0064,=0.0086,=0.0111,,=0.1200,,=288
="HSSI",恒生综合小型股指数,2001-10-03,=-0.0219,=1379.5100,=-0.1216,=25.6605,=0.7734,=7.3220,=11.0801,=16.3992,=26.2521,=83.7574,=1.0089,=0.5394,=0.5652,=0.7236,=0.9814,=1.1648,=1.4185,=0.6688,=0.4350,=0.3459,=0.4531,=0.6959,=0.9209,=1.2872,=0.0275,=0.3932,=0.0167,=0.0231,=0.0303,=0.0353,=0.0478,,,,=127
="000987",全指材料,2011-08-02,=-0.0063,=5340.9100,=0.0659,=25.6929,=0.7050,=11.8534,=16.4330,=21.1336,=28.2157,=1313.4345,=2.6840,=0.9419,=1.3547,=1.6741,=2.0388,=2.5054,=3.3213,=1.3462,=0.7952,=0.6546,=0.8399,=1.0193,=1.3498,=1.7398,=0.0139,=0.3482,=0.0046,=0.0116,=0.0172,=0.0209,=0.0269,=0.0340,=0.0892,=0.0206,=390
="399989",中证医疗,2014-10-31,=0.0091,=5849.7000,=-0.1347,=26.3609,=0.0849,=22.9032,=29.9080,=39.5212,=60.4083,=114.3753,=2.9556,=0.0107,=2.8553,=3.8035,=5.4827,=8.1687,=13.4814,=4.8201,=0.0441,=4.3528,=5.6355,=6.5663,=9.4594,=17.4163,=0.0148,=0.8121,=0.0025,=0.0041,=0.0055,=0.0145,=0.0225,=0.0284,=0.1137,=0.0290,=8459
="399370",国证成长,2010-01-04,=0.0111,=5895.5900,=0.1639,=26.5797,=0.8220,=14.0104,=18.8967,=21.5956,=25.7327,=39.9195,=4.3069,=0.8286,=1.9695,=2.5703,=2.9736,=4.0588,=6.0628,=2.4975,=0.6613,=1.2188,=1.6926,=2.0778,=2.8022,=3.4917,=0.0139,=0.3288,=0.0080,=0.0118,=0.0158,=0.0227,=0.0304,=0.0375,=0.1344,=0.0327,=112
="931008",汽车指数,2013-07-15,=-0.0074,=9209.3710,=-0.2311,=26.8813,=0.5342,=12.0130,=17.4617,=26.2772,=36.1944,=55.3660,=2.0579,=0.3374,=1.1809,=1.5411,=2.2175,=2.4560,=3.4286,=0.8667,=0.4393,=0.4315,=0.5525,=0.9119,=1.0531,=1.4087,=0.0152,=0.3973,=0.0059,=0.0121,=0.0163,=0.0275,=0.0426,=0.0152,=0.0829,=0.0208,=478
="000941",新能源,2009-10-28,=-0.0107,=2728.4017,=0.0601,=26.9234,=0.3852,=10.2578,=20.0248,=29.0016,=37.6128,=57.4660,=3.4683,=0.7355,=1.8262,=2.2548,=2.9566,=3.8432,=8.1424,=2.9757,=0.8055,=1.2704,=1.5650,=2.2655,=2.9633,=7.0320,=0.0143,=0.7046,=0.0031,=0.0063,=0.0097,=0.0183,=0.0268,=0.0322,=0.1201,=0.0313,=2464
="HSBIO",恒生生物科技指数,2019-12-01,=0.0207,=12105.3900,=-0.1462,=27.1415,=0.0565,=20.8275,=30.7129,=61.6603,=139.0786,=62737.8398,=2.6022,=0.4022,=1.5084,=2.1471,=2.9017,=4.4302,=6.7821,=1.4567,=0.4451,=0.7434,=1.0938,=1.5322,=2.1455,=3.5303,=0.0126,=0.7616,=0.0037,=0.0060,=0.0095,=0.0134,=0.0198,,=0.1063,,=667
="399702",深证F120,2010-05-10,=-0.0121,=7368.6500,=-0.0273,=27.1979,=0.9913,=12.6034,=17.7484,=20.6746,=22.4821,=28.8861,=2.3908,=0.7087,=1.5963,=1.9896,=2.2143,=2.6272,=3.5867,=1.5306,=0.7165,=0.8721,=1.1406,=1.3251,=1.5883,=2.2308,=0.0201,=0.5950,=0.0114,=0.0165,=0.0194,=0.0232,=0.0299,=0.0250,=0.0726,=0.0233,=1427
="931747",中证储能,2021-10-15,,,=0.0411,=27.5969,=0.4881,=16.6670,=22.1574,=27.8205,=53.3473,=124.6415,=4.5120,=0.4295,=3.1109,=3.9357,=4.6541,=6.9857,=12.5394,=2.3012,=0.5192,=1.2712,=1.7006,=2.2749,=3.7629,=8.7019,=0.0131,=0.5458,=0.0008,=0.0018,=0.0081,=0.0160,=0.0191,=0.0355,=0.1665,=0.0400,=130
="HSSSHID",恒生沪深港创新药精选50指数,2020-03-01,=0.0283,=6722.0800,=-0.1034,=27.6020,=0.1035,=23.4861,=29.4736,=35.5447,=52.0217,=94.0285,=3.2127,=0.3676,=2.0729,=2.8098,=3.7229,=6.3872,=8.4497,=4.5685,=0.6455,=1.3432,=1.8892,=3.2490,=5.9660,=8.1459,=0.0107,=0.6518,=0.0033,=0.0049,=0.0088,=0.0120,=0.0157,,=0.1192,,=287
="931403",品牌工程,2020-01-14,=0.0089,=2234.1502,=0.1316,=27.7980,=0.4302,=18.7149,=24.0288,=29.3118,=43.8994,=69.9724,=4.1685,=0.3280,=3.2380,=4.0113,=5.0307,=7.6912,=10.9810,=3.2665,=0.4457,=2.2604,=2.9258,=3.3770,=4.8061,=7.2001,=0.0210,=0.6842,=0.0056,=0.0085,=0.0145,=0.0222,=0.0278,=0.0453,=0.1433,=0.0461,=117
=".INX",标普500,1957-03-04,=-0.0121,=7420.1000,=0.0839,=27.9807,=0.7588,=15.6907,=21.8286,=24.1039,=28.6433,=42.9883,=5.5696,=0.9928,=2.4601,=3.2330,=3.9497,=4.7524,=5.7044,=3.5553,=0.9908,=1.5801,=2.0921,=2.3778,=3.0406,=3.6541,=0.0100,=0.0096,=0.0098,=0.0126,=0.0161,=0.0193,=0.0253,,,=0.0468,=9218
="000988",全指工业,2011-08-02,=-0.0059,=4284.5390,=0.0379,=28.1310,=0.7173,=13.7285,=19.3778,=24.0655,=29.3392,=37.6625,=2.1162,=0.6040,=1.3866,=1.6512,=2.0215,=2.4483,=2.7728,=1.0004,=0.6877,=0.5551,=0.7455,=0.9046,=1.0704,=1.3765,=0.0157,=0.6786,=0.0076,=0.0094,=0.0139,=0.0193,=0.0256,=0.0185,=0.0650,=0.0170,=234
="HSHCI",恒生医疗保健指数,2015-08-17,=0.0168,=3061.9600,=-0.1637,=28.1325,=0.3976,=15.9973,=23.1644,=33.3594,=116.8549,=143059.6617,=2.4049,=0.3180,=1.4805,=2.2556,=2.6401,=3.4864,=7.0432,=1.5100,=0.6633,=0.8149,=1.0228,=1.2970,=1.8605,=3.5391,=0.0133,=0.6669,=0.0038,=0.0082,=0.0114,=0.0148,=0.0248,,=0.0976,,=1727
="399432",智能汽车,2014-12-30,=-0.0045,=6482.8900,=-0.0445,=28.1558,=0.5628,=12.3799,=17.8098,=23.7579,=66.1739,=131.3343,=3.8124,=0.5501,=1.4019,=2.1767,=3.4965,=6.5272,=11.4939,=2.1742,=0.5826,=0.5888,=0.9103,=1.8642,=4.6106,=8.8483,=0.0118,=0.4343,=0.0016,=0.0032,=0.0142,=0.0242,=0.0377,=0.0329,=0.1377,=0.0319,=17
="000857",500医药,2013-11-06,=0.0155,=9183.7500,=-0.1046,=28.2364,=0.4368,=16.5096,=22.8937,=29.9649,=37.8364,=66.9361,=2.5671,=0.2752,=1.9620,=2.4653,=2.8405,=3.5257,=5.0991,=2.3867,=0.6168,=1.3156,=1.7598,=2.1314,=2.7831,=4.5555,=0.0182,=0.8616,=0.0055,=0.0091,=0.0131,=0.0171,=0.0234,=0.0260,=0.0879,=0.0247,=733
="000933",中证医药,2009-07-03,=0.0101,=7012.1600,=-0.1333,=28.3890,=0.2443,=22.6651,=27.9022,=32.4119,=37.5717,=63.0472,=2.7742,=0.0260,=2.5059,=3.1944,=3.9915,=4.6474,=7.0232,=2.4432,=0.1533,=1.9281,=2.5112,=3.0217,=3.5754,=5.1631,=0.0182,=0.9365,=0.0055,=0.0078,=0.0096,=0.0151,=0.0226,=0.0282,=0.0926,=0.0299,=7158
="000969",300非周,2010-05-28,=0.0138,=6196.3453,=0.1636,=28.3998,=0.8694,=15.9839,=20.6473,=22.5485,=26.2228,=38.7203,=3.0240,=0.7454,=2.0789,=2.4937,=2.7794,=3.1883,=4.9189,=1.6570,=0.8500,=0.8921,=1.1528,=1.2851,=1.5571,=2.2463,=0.0184,=0.6296,=0.0089,=0.0140,=0.0170,=0.0211,=0.0277,=0.0251,=0.0964,=0.0261,=86
="000037",上证医药,2009-01-09,=0.0147,=5623.2500,=-0.1123,=28.4278,=0.0754,=21.0843,=31.4344,=34.7384,=41.6974,=61.3894,=3.0626,=0.0795,=2.7278,=3.3386,=3.8788,=4.6066,=7.3155,=2.1921,=0.3395,=1.5724,=2.0207,=2.3535,=2.8998,=4.1395,=0.0136,=0.9848,=0.0048,=0.0075,=0.0098,=0.0116,=0.0146,=0.0281,=0.1036,=0.0282,=2066
="931239",港股通汽车,2022-07-21,=-0.0220,=2088.8364,=-0.1005,=28.4384,=0.9254,=12.1049,=14.2665,=16.7886,=22.8621,=32.0714,=3.0475,=0.9202,=1.2076,=1.4361,=1.5707,=2.0969,=3.5989,=1.5278,=0.9110,=0.6024,=0.6837,=0.7525,=1.0509,=1.7776,=0.0117,=0.0759,=0.0091,=0.0161,=0.0208,=0.0228,=0.0338,,=0.1152,,=48
="1000008",沪深B股,1994-01-10,=0.0213,=274.1400,=0.0801,=28.5125,=0.7717,=7.0835,=12.9417,=17.5164,=30.7740,=97.5837,=0.8158,=0.3820,=0.6594,=0.7810,=0.8491,=1.0570,=1.4976,=0.5493,=0.6638,=0.3777,=0.4474,=0.5017,=0.5899,=1.1545,=0.0382,=0.5954,=0.0157,=0.0276,=0.0355,=0.0437,=0.1455,,,=0.0134,=370
="000913",300医药,2007-07-02,=0.0104,=7013.8000,=-0.1457,=28.5303,=0.1862,=22.1588,=28.7651,=33.4033,=39.5137,=73.4129,=2.9955,=0.0128,=2.7345,=3.6246,=4.8057,=6.0065,=9.5028,=2.4973,=0.0214,=2.2757,=2.9104,=3.3607,=5.4150,=7.4989,=0.0183,=0.9485,=0.0040,=0.0072,=0.0089,=0.0151,=0.0221,=0.0300,=0.0967,=0.0342,=3374
="399440",国证钢铁,2014-12-30,=-0.0032,=1265.6000,=-0.1481,=28.5850,=0.6840,=5.7530,=9.0864,=18.4305,=36.8845,=695.2734,=0.9820,=0.3721,=0.7172,=0.9159,=1.0497,=1.3592,=2.0509,=0.4966,=0.5711,=0.3277,=0.3893,=0.4571,=0.6229,=1.3827,=0.0250,=0.4005,=0.0018,=0.0169,=0.0272,=0.0419,=0.0569,=0.0058,=0.0382,=0.0096,=467
="399806",环境治理,2014-07-21,=-0.0075,=1396.3800,=0.0068,=28.5979,=0.4433,=17.0172,=24.4003,=29.3333,=36.3017,=50.8764,=1.8144,=0.5431,=1.1727,=1.6053,=1.7746,=2.5562,=4.4901,=2.0033,=0.4034,=1.3064,=1.8397,=2.0824,=3.0511,=5.9378,=0.0152,=0.8072,=0.0037,=0.0076,=0.0104,=0.0151,=0.0215,=0.0205,=0.0536,=0.0189,=847
="399850",深证50,2023-10-18,=0.0093,=10669.2000,=0.1686,=28.8176,=0.9194,=16.5344,=19.9883,=23.2402,=27.0003,=36.7629,=4.3857,=1,=2.5911,=2.9341,=3.2267,=3.6937,=4.3857,=2.4325,=1,=1.3017,=1.4803,=1.6774,=2.0400,=2.4325,=0.0165,=0.0099,=0.0164,=0.0190,=0.0210,=0.0233,=0.0271,=0.0301,=0.0973,=0.0318,=79
="000991",全指医药,2011-08-02,=0.0121,=7597.5000,=-0.1285,=28.9181,=0.1689,=23.5983,=29.4198,=34.2767,=40.8436,=73.5923,=2.6945,=0.0082,=2.5957,=3.1861,=3.7963,=4.7164,=6.5650,=2.5317,=0.1129,=2.0200,=2.6580,=3.0210,=3.7447,=5.9103,=0.0177,=0.9596,=0.0055,=0.0071,=0.0095,=0.0145,=0.0212,=0.0278,=0.0907,=0.0276,=7939
="399417",新能源车,2014-09-24,=-0.0041,=3974.5600,=0.0217,=29.1628,=0.4590,=14.2186,=20.9718,=30.3342,=56.7862,=106.6289,=3.9882,=0.6477,=1.6630,=2.3823,=3.4538,=4.6253,=9.6468,=2.1858,=0.6560,=0.6730,=1.0543,=1.8506,=2.5608,=6.6041,=0.0120,=0.4948,=0.0016,=0.0053,=0.0120,=0.0183,=0.0316,=0.0339,=0.1319,=0.0293,=2433
="980032",新能电池,2015-02-17,=-0.0026,=16596.1600,=0.0540,=29.2135,=0.4483,=14.3994,=22.2219,=30.4746,=82.3814,=130.4039,=4.2079,=0.4640,=2.4545,=3.3374,=4.2963,=7.7215,=11.8091,=2.2617,=0.5105,=1.1163,=1.6834,=2.2542,=4.9297,=7.8642,=0.0113,=0.6177,=0.0011,=0.0018,=0.0080,=0.0157,=0.0224,=0.0362,=0.1357,=0.0304,=744
="000978",医药100,2011-03-18,=0.0079,=9047.1915,=-0.1324,=29.2351,=0.2204,=23.7467,=28.9111,=33.8931,=37.7475,=66.4077,=2.7560,=0.0066,=2.6475,=3.2602,=4.2026,=5.0232,=7.8052,=2.5809,=0.1380,=2.0946,=2.6776,=3.1483,=3.6588,=5.9820,=0.0174,=0.9518,=0.0050,=0.0071,=0.0092,=0.0146,=0.0209,=0.0280,=0.0911,=0.0286,=4708
="H11052",智能电车,2009-07-22,=0.0030,=4153.1657,=-0.0215,=29.2607,=0.3020,=16.1153,=26.3648,=33.2513,=63.3646,=148.6443,=3.9406,=0.5117,=2.6129,=3.1950,=3.8940,=5.5107,=9.7804,=1.9943,=0.4681,=1.2507,=1.6563,=2.0380,=3.2736,=6.6252,=0.0105,=0.7025,=0.0021,=0.0035,=0.0091,=0.0111,=0.0189,=0.0316,=0.1293,=0.0281,=193
="000907",中证700,2007-01-15,=0.0032,=7412.5317,=0.1451,=29.3594,=0.9959,=13.5964,=17.1394,=19.5540,=24.0589,=30.1680,=2.1950,=0.7837,=1.3201,=1.5883,=1.8281,=2.2155,=2.4753,=1.5772,=0.7771,=0.9663,=1.1767,=1.3274,=1.6085,=1.9854,=0.0166,=0.4162,=0.0115,=0.0138,=0.0174,=0.0227,=0.0321,=0.0223,=0.0692,=0.0213,=265
="980027",新能源电池,2015-02-16,=-0.0042,=3682.7100,=0.0900,=29.6327,=0.7178,=16.8641,=21.0130,=24.7766,=30.5865,=35.7610,=4.8850,=0.9822,=2.5249,=3.0250,=3.4589,=4.4093,=5.0238,=3.2029,=0.7630,=1.4888,=1.8969,=2.3986,=3.2533,=3.8612,=0.0141,=0.4301,=0.0052,=0.0080,=0.0151,=0.0186,=0.0213,=0.0376,=0.1513,=0.0348,=95
="932246",储能电池,2022-07-08,,,=0.0756,=29.6991,=0.6761,=13.3190,=20.2013,=26.6915,=33.3488,=40.1514,=4.6196,=0.8908,=2.3139,=2.6787,=3.2431,=4.4519,=5.1292,=3.0833,=0.6884,=1.3666,=1.6734,=2.2789,=3.3039,=3.7523,=0.0136,=0.2641,=0.0111,=0.0132,=0.0168,=0.0202,=0.0231,=0.0403,=0.1439,=0.0321,=70
="931230",汽车零部件,2013-07-15,=0.0065,=1177.1160,=-0.0894,=30.0737,=0.7574,=18.5338,=23.7620,=26.6922,=30.5196,=34.9965,=3.1798,=0.8036,=1.8462,=2.2868,=2.6086,=3.1776,=3.7531,=2.0210,=0.8051,=1.1819,=1.4590,=1.6651,=2.0182,=2.3775,=0.0129,=0.2396,=0.0115,=0.0126,=0.0142,=0.0159,=0.0198,=0.0227,=0.1141,=0.0262,=44
="399976",CS新能车,2014-11-28,=-0.0087,=4579.8300,=0.0255,=30.1695,=0.3494,=13.8890,=22.9016,=34.5711,=62.1175,=231.2544,=3.8552,=0.4862,=2.0896,=3.0970,=3.8894,=6.2213,=11.9870,=2.2020,=0.4083,=0.7703,=1.7976,=2.3122,=4.1916,=9.1824,=0.0106,=0.6967,=0.0014,=0.0031,=0.0074,=0.0134,=0.0276,=0.0343,=0.1248,=0.0265,=2014
="930997",新能源车,2017-07-19,=-0.0092,=3099.4743,=0.0204,=30.3485,=0.4614,=14.0460,=20.4383,=31.8509,=84.3871,=171.6022,=3.8626,=0.5331,=1.7502,=2.4209,=3.6771,=6.0819,=11.4567,=2.2109,=0.5173,=0.7652,=1.1966,=2.1515,=3.9272,=8.7389,=0.0106,=0.4938,=0.0014,=0.0031,=0.0108,=0.0183,=0.0289,=0.0346,=0.1243,=0.0266,=1968
="000808",医药生物,2012-02-17,=0.0114,=7209.5287,=-0.1300,=30.3775,=0.3148,=23.4705,=28.3997,=34.6738,=37.8852,=66.3352,=2.7433,=0.0074,=2.6521,=3.2677,=4.1845,=4.9177,=7.9299,=2.5577,=0.1351,=2.0659,=2.6678,=3.1021,=3.5475,=6.2098,=0.0169,=0.9361,=0.0050,=0.0071,=0.0094,=0.0144,=0.0209,=0.0273,=0.0877,=0.0275,=1416
="399394",国证医药,2012-10-29,=0.0136,=7285.2500,=-0.1416,=30.3873,=0.2822,=22.8656,=29.2541,=34.2527,=39.8130,=65.8576,=2.8791,=0.0115,=2.7032,=3.4330,=4.4962,=5.4654,=8.6075,=2.5845,=0.1335,=1.9890,=2.7144,=3.1557,=4.7361,=6.5385,=0.0170,=0.9279,=0.0047,=0.0072,=0.0091,=0.0141,=0.0225,=0.0285,=0.0916,=0.0308,=1064
="H30463",沪港深500医药,2014-11-28,=0.0129,=6535.3267,=-0.1611,=30.5482,=0.1710,=23.3470,=30.9852,=35.4789,=42.6572,=94.1690,=3.1092,=0.0517,=2.7545,=3.5308,=4.4461,=5.5958,=10.0878,=3.0141,=0.3041,=1.9470,=2.8257,=3.3019,=4.1754,=9.3489,=0.0143,=0.8969,=0.0038,=0.0069,=0.0087,=0.0121,=0.0194,,=0.0979,,=34
="931719",CS电池,2013-07-15,=-0.0101,=4564.5677,=0.0735,=30.6404,=0.2736,=15.7007,=26.6847,=41.3033,=64.5393,=121.8822,=4.5399,=0.6687,=1.9771,=2.9292,=3.9528,=5.7588,=11.8941,=3.0564,=0.5142,=1.2782,=2.0990,=3.0305,=4.7305,=9.5565,=0.0125,=0.8204,=0.0012,=0.0035,=0.0064,=0.0122,=0.0220,=0.0377,=0.1370,=0.0297,=549
="000949",中证农业,2009-10-28,=-0.0191,=4646.8598,=-0.1974,=30.7674,=0.5814,=14.4444,=21.2919,=29.1179,=36.7819,=1184.8568,=2.2993,=0.0499,=2.0719,=2.5389,=3.2796,=4.0480,=5.2895,=1.2313,=0.2151,=0.8980,=1.1771,=1.7301,=2.0301,=2.8101,=0.0220,=0.9238,=0.0077,=0.0144,=0.0164,=0.0188,=0.0257,=0.0068,=0.0985,=0.0327,=1046
="000841",800医药,2012-12-21,=0.0178,=7336.9568,=-0.1222,=31.1794,=0.4075,=21.4494,=28.0346,=32.2490,=37.6239,=58.1462,=3.0202,=0.1574,=2.4193,=3.1899,=3.8020,=4.3897,=6.5122,=3.8051,=0.6597,=1.7815,=2.8895,=3.4469,=4.3622,=6.1565,=0.0178,=0.9407,=0.0064,=0.0083,=0.0100,=0.0135,=0.0210,=0.0288,=0.0871,=0.0293,=588
="000814",细分医药,2012-04-11,=0.0172,=7319.6200,=-0.1231,=31.4166,=0.4182,=21.8871,=27.2039,=32.7650,=37.7198,=60.8250,=2.8839,=0.1104,=2.4219,=3.2165,=4.1204,=4.8855,=7.4081,=2.4336,=0.2633,=1.7858,=2.2898,=2.9101,=3.8115,=5.4819,=0.0170,=0.9180,=0.0055,=0.0075,=0.0095,=0.0136,=0.0215,=0.0283,=0.0890,=0.0304,=408
="399330",深证100,2006-01-24,=0.0115,=6917.9500,=0.1892,=31.5032,=0.9658,=14.9910,=20.3737,=22.6781,=26.9692,=38.9547,=3.4364,=0.7895,=1.9919,=2.4968,=2.9407,=3.5438,=5.5535,=2.4006,=0.7895,=1.3434,=1.7250,=2.1004,=2.4344,=4.0791,=0.0157,=0.5398,=0.0077,=0.0126,=0.0154,=0.0194,=0.0273,=0.0278,=0.0897,=0.0269,=2326
="931524",SHS科技龙头,2020-07-16,=0.0164,=3009.7696,=0.1165,=31.6034,=0.7802,=18.9033,=23.4777,=26.6383,=35.7114,=59.9125,=4.0765,=0.7074,=2.7731,=3.2893,=3.6681,=5.1623,=9.0190,=3.1105,=0.7141,=1.6886,=2.2567,=2.5494,=4.2454,=7.2475,=0.0077,=0.3327,=0.0027,=0.0048,=0.0086,=0.0100,=0.0124,,=0.1133,,=219
="930791",CS医药TI,2016-03-22,=0.0112,=8046.8013,=-0.1310,=31.7680,=0.2756,=23.2364,=30.0855,=35.6747,=40.8654,=70.7414,=2.5946,=0.0132,=2.4395,=3.0504,=3.8829,=4.6090,=6.6660,=2.3847,=0.0787,=2.0598,=2.5789,=2.9905,=3.5454,=5.1130,=0.0170,=0.9555,=0.0054,=0.0070,=0.0096,=0.0140,=0.0204,=0.0251,=0.0784,=0.0255,=194
="931250",港股通创新药,2012-07-20,=0.0236,=877.7851,=-0.1327,=32.2120,=0.1822,=21.4435,=32.4578,=36.3861,=44.9653,=63.0533,=3.0664,=0.6459,=1.5232,=1.8212,=2.3197,=3.8353,=4.5255,=5.1723,=0.6459,=1.4727,=1.7544,=2.2950,=6.5397,=7.7209,=0.0094,=0.3437,=0.0059,=0.0076,=0.0138,=0.0164,=0.0196,,=0.1071,,=116
="931787",港股创新药,2018-08-14,=0.0234,=1093.6026,=-0.1356,=32.2120,=0.2775,=20.8973,=29.4433,=44.5760,=80.0156,=400.8209,=3.0664,=0.5428,=1.5132,=2.3012,=2.9568,=4.1474,=5.7621,=5.1723,=0.8790,=0.8553,=1.3008,=2.0718,=3.2285,=7.7308,=0.0094,=0.4182,=0.0045,=0.0069,=0.0104,=0.0136,=0.0202,,=0.1071,,=739
="000009",上证380,2010-11-29,=0.0016,=7376.3400,=0.1196,=32.3435,=0.9197,=11.6192,=14.6240,=18.0512,=25.1664,=39.7002,=2.3626,=0.7948,=1.2909,=1.6341,=1.9527,=2.3731,=2.8641,=1.5296,=0.8088,=0.7850,=0.9356,=1.0818,=1.5156,=1.8994,=0.0147,=0.1887,=0.0086,=0.0149,=0.0183,=0.0251,=0.0358,=0.0195,=0.0662,=0.0205,=866
="931746",储能产业,2015-06-11,=-0.0099,=3597.2915,=-0.0272,=32.4006,=0.4908,=12.7536,=19.4829,=32.9069,=42.5234,=70.6293,=3.5381,=0.5531,=2.2823,=2.7319,=3.3902,=5.0721,=8.8670,=2.2964,=0.6841,=1.1513,=1.4906,=2.0142,=3.1721,=6.6557,=0.0120,=0.4203,=0.0020,=0.0044,=0.0128,=0.0170,=0.0220,=0.0195,=0.0831,=0.0177,=156
="399005",中小板指,2006-01-24,=0.0073,=9560.6300,=0.1569,=32.6640,=0.6967,=16.1163,=23.0542,=28.5910,=34.0170,=44.0181,=3.3558,=0.4499,=2.0289,=2.7421,=3.4549,=4.3360,=5.3697,=2.2965,=0.4677,=1.3510,=1.8219,=2.3761,=3.3216,=4.1546,=0.0120,=0.5970,=0.0068,=0.0089,=0.0110,=0.0163,=0.0219,=0.0255,=0.0988,=0.0255,=3247
="000812",细分机械,2012-04-11,=-0.0054,=7789.9970,=0.0127,=32.8668,=0.5377,=14.1771,=22.0432,=31.9639,=40.3704,=51.3583,=3.3324,=0.7833,=1.6005,=2.1653,=2.5237,=3.4001,=5.3964,=2.2711,=0.7907,=1.1287,=1.4635,=1.7274,=2.2895,=3.5603,=0.0145,=0.6679,=0.0047,=0.0079,=0.0115,=0.0167,=0.0237,=0.0226,=0.0835,=0.0173,=198
="1000005",上海非金融A股,1994-01-01,,,,=33.0821,=0.9518,=15.3520,=20.3290,=23.4663,=29.7932,=34.6296,=2.3334,=0.8958,=1.5456,=1.8178,=2.0409,=2.2587,=2.5831,=1.4221,=0.9872,=0.7548,=0.9329,=1.0755,=1.1997,=1.4787,=0.0177,=0.3659,=0.0107,=0.0146,=0.0197,=0.0236,=0.0293,=0.0209,=0.0661,=0.0198,=189
="930719",CS精准医,2015-08-05,=0.0293,=2392.6802,=-0.0999,=33.1494,=0.0406,=29.3195,=37.9385,=52.3514,=67.0490,=102.1078,=3.9883,=0.0744,=3.4982,=4.5532,=6.0481,=9.0148,=14.5104,=6.0014,=0.1425,=5.1956,=6.1896,=7.4469,=10.6310,=18.8625,=0.0087,=0.7178,=0.0022,=0.0040,=0.0067,=0.0105,=0.0164,=0.0301,=0.1091,=0.0230,=339
="399374",中盘成长,2010-01-04,=0.0026,=5609.9700,=0.2271,=33.1626,=0.9992,=12.0664,=16.7038,=22.9723,=27.5443,=33.2122,=4.4328,=0.9996,=1.8942,=2.4100,=3.1271,=3.6275,=4.4395,=2.8949,=0.9650,=0.9013,=1.6610,=2.2047,=2.4861,=3.0605,=0.0112,=0.2728,=0.0084,=0.0109,=0.0145,=0.0210,=0.0349,=0.0366,=0.1248,=0.0238,=201
="931798",光伏龙头30,2009-06-16,=-0.0065,=2287.7626,=0.0992,=33.1973,=0.6930,=8.0886,=17.2411,=24.1594,=37.6614,=66.5518,=2.7235,=0.6156,=1.6869,=2.0201,=2.4093,=4.5878,=8.3847,=2.8886,=0.7750,=0.9999,=1.3334,=1.6777,=3.0761,=5.7040,=0.0095,=0.4677,=0.0027,=0.0059,=0.0109,=0.0206,=0.0351,=0.0172,=0.0745,=0.0196,=194
="930614",环保50,2015-04-07,=-0.0140,=2343.9583,=0.0207,=33.2128,=0.7548,=13.7595,=20.5125,=26.8230,=35.1194,=50.3864,=2.9803,=0.5880,=1.9059,=2.3842,=2.8841,=3.6683,=6.0727,=3.0653,=0.6572,=1.6847,=2.2438,=2.8988,=3.3746,=6.6309,=0.0164,=0.5645,=0.0061,=0.0100,=0.0159,=0.0201,=0.0258,=0.0222,=0.0831,=0.0199,=206
="000977",内地低碳,2011-01-21,=-0.0144,=2103.8261,=0.0093,=33.2128,=0.7503,=13.7595,=20.8967,=26.8335,=35.4182,=50.3864,=2.9803,=0.5921,=1.9264,=2.3844,=2.8744,=3.6471,=6.0727,=3.0653,=0.6869,=1.6847,=2.2202,=2.8388,=3.3944,=6.7765,=0.0164,=0.5851,=0.0061,=0.0100,=0.0157,=0.0194,=0.0258,=0.0220,=0.0823,=0.0200,=387
="000936",中证电信,2009-07-03,=0.0275,=15330.4285,=0.5422,=33.3536,=0.6498,=14.1836,=20.2178,=26.5971,=41.2993,=123.1725,=3.1840,=0.9749,=1.2149,=1.7612,=2.3335,=2.7795,=3.6232,=3.0348,=1,=0.7463,=1.0153,=1.2543,=1.7942,=3.0348,=0.0189,=0.5760,=0.0019,=0.0063,=0.0093,=0.0319,=0.0507,=0.0215,=0.0913,=0.0219,=335
="931946",畜牧养殖,2023-07-28,=-0.0198,=579.1336,=-0.2306,=33.6357,=0.6849,=14.8058,=16.2394,=24.2348,=44.9573,=702.5962,=2.2078,=0,=2.2078,=2.5749,=2.6838,=2.7902,=3.1405,=0.9230,=0.0151,=0.8870,=1.0394,=1.0962,=1.1381,=1.2139,=0.0337,=0.9679,=0.0155,=0.0197,=0.0267,=0.0300,=0.0347,=0.0043,=0.0943,=0.0400,=2
="399971",中证传媒,2014-04-15,=0.0058,=1225.1700,=-0.1678,=33.8762,=0.4368,=18.4593,=27.0874,=34.9013,=44.7066,=90.0483,=2.2236,=0.2653,=1.5359,=2.1311,=2.5717,=3.3003,=5.5544,=2.6277,=0.1858,=1.9674,=2.6527,=3.1906,=4.6563,=7.1445,=0.0183,=0.7124,=0.0038,=0.0089,=0.0119,=0.0206,=0.0294,=0.0163,=0.0602,=0.0206,=6308
="931733",绿色能源,2021-08-19,=-0.0128,=5200.1751,=-0.0060,=34.0846,=0.5844,=12.7308,=19.1328,=32.5102,=41.7126,=65.3510,=3.4209,=0.4413,=2.3311,=2.7876,=3.5140,=5.5353,=8.0150,=2.3175,=0.5004,=1.3651,=1.7639,=2.3175,=4.3840,=7.5185,=0.0143,=0.4336,=0.0043,=0.0068,=0.0148,=0.0215,=0.0259,=0.0248,=0.0932,=0.0189,=25
="399376",小盘成长,2010-01-04,=0.0027,=7648.9400,=0.2043,=34.1509,=0.8739,=14.4007,=20.2318,=25.6057,=32.5723,=60.1410,=3.6733,=0.9592,=1.6246,=2.0607,=2.3698,=3.1578,=4.0524,=2.1443,=0.8315,=0.7224,=1.0640,=1.2047,=1.9653,=3.4032,=0.0121,=0.3407,=0.0062,=0.0104,=0.0131,=0.0171,=0.0246,=0.0271,=0.1002,=0.0195,=285
="399008",中小300,2010-03-22,=0.0078,=1867.9200,=0.1288,=34.1518,=0.7433,=17.8364,=25.4661,=30.4261,=35.5101,=45.5477,=3.0838,=0.5447,=1.7846,=2.4620,=2.9832,=3.8172,=4.7778,=2.0883,=0.5089,=1.1664,=1.6529,=2.0736,=2.8189,=3.8663,=0.0120,=0.5694,=0.0063,=0.0084,=0.0114,=0.0151,=0.0216,=0.0232,=0.0868,=0.0228,=506
="000994",全指电信,2011-08-02,=0.0271,=17139.6754,=0.5388,=34.2533,=0.4977,=17.6024,=21.7761,=34.3142,=52.5847,=109.2407,=3.2896,=0.9098,=1.3865,=1.8410,=2.5294,=3.0653,=3.7766,=3.0723,=1,=0.9155,=1.2459,=1.5332,=1.8710,=3.0723,=0.0182,=0.5974,=0.0022,=0.0055,=0.0080,=0.0296,=0.0398,=0.0216,=0.0895,=0.0218,=227
="930721",CS智汽车,2015-08-05,=0.0120,=5396.1447,=-0.0669,=34.5122,=0.2397,=27.2408,=33.9622,=39.5942,=48.9371,=67.2850,=3.4869,=0.2913,=2.5208,=3.3066,=3.8186,=5.3823,=7.3638,=1.3500,=0.0516,=1.1981,=1.4949,=1.8488,=2.6398,=3.8976,=0.0068,=0.4411,=0.0040,=0.0056,=0.0070,=0.0093,=0.0155,=0.0150,=0.1014,=0.0176,=471
="931187",科技100,2019-05-30,=0.0114,=5405.8115,=0.1716,=34.6242,=0.7930,=18.1467,=22.1641,=25.9961,=34.8632,=49.5031,=4.2823,=0.8170,=2.3703,=2.7884,=3.3313,=4.2377,=5.4633,=2.8957,=0.8439,=1.2579,=1.6313,=2.0562,=2.6792,=4.1304,=0.0110,=0.4012,=0.0052,=0.0082,=0.0120,=0.0140,=0.0184,=0.0201,=0.0911,=0.0217,=851
="931579",东证优势成长,2020-11-09,=0.0100,=10601.9133,=0.3891,=34.7324,=0.9043,=7.9327,=14.2314,=19.1129,=30.0707,=61.0103,=6.9678,=0.9139,=0.9149,=2.5948,=3.3963,=5.8310,=9.3390,=5.0976,=0.9742,=1.1828,=2.0509,=2.3556,=3.6243,=6.0793,=0.0095,=0.2340,=0.0040,=0.0070,=0.0155,=0.0288,=0.0527,=0.0548,=0.1983,=0.0468,=136
="932069",港股通医疗主题,2022-07-21,=0.0132,=839.9017,=-0.1582,=35.1333,=0.8088,=20.9778,=25.7774,=30.2955,=34.9055,=51.0900,=2.0527,=0.5429,=1.4397,=1.6143,=1.9435,=2.6033,=3.0086,=1.1456,=0.6078,=0.6760,=0.7660,=0.9684,=1.4214,=1.6308,=0.0141,=0.5851,=0.0073,=0.0086,=0.0130,=0.0159,=0.0250,,=0.0571,,=16
="931591",1000成长创新,2020-11-09,=0.0073,=37116.5932,=0.1340,=35.3409,=0.7623,=18.0900,=24.4544,=32.1606,=35.7521,=40.6167,=3.8805,=0.6571,=2.0923,=3.0020,=3.4070,=4.3603,=5.3788,=3.7750,=0.7756,=1.8413,=2.7363,=3.1026,=3.8464,=5.2879,=0.0109,=0.4982,=0.0063,=0.0086,=0.0109,=0.0140,=0.0216,=0.0271,=0.1062,=0.0239,=148
="000827",中证环保,2012-09-25,=-0.0142,=1946.5400,=0.0446,=35.5497,=0.8006,=14.0379,=21.0113,=28.2574,=35.4716,=50.6551,=2.9276,=0.6053,=1.7878,=2.2200,=2.8118,=3.3836,=5.4589,=3.0197,=0.6939,=1.6068,=2.0649,=2.7368,=3.2515,=6.2202,=0.0152,=0.5402,=0.0061,=0.0097,=0.0147,=0.0192,=0.0249,=0.0211,=0.0761,=0.0181,=6249
="931456",中国教育,2020-04-21,=0.0017,=970.5904,=-0.1996,=35.7204,=0.0019,=35.1654,=56.2725,=94.6178,=-131.5093,=28609.2511,=2.6616,=0.3350,=1.5831,=2.4393,=2.9573,=3.8856,=9.7545,=2.6446,=0.1547,=1.7011,=2.7852,=3.3722,=4.8508,=11.2012,=0.0083,=0.5243,=0.0035,=0.0058,=0.0082,=0.0099,=0.0209,,=0.0593,,=170
="931235",中证电信,2022-07-21,=0.0055,=3331.2003,=0.2285,=35.7218,=1,=15.5242,=18.6833,=21.3376,=25.9687,=35.7218,=3.4301,=1,=0.8741,=1.6334,=1.9090,=2.3081,=3.4301,=3.1640,=1,=0.6427,=1.3800,=1.7146,=2.1336,=3.1640,=0.0175,=0.0793,=0.0135,=0.0250,=0.0304,=0.0337,=0.0573,=0.0216,=0.0917,=0.0212,=61
="399412",国证新能,2014-05-16,=-0.0092,=3032.0600,=0.0242,=35.7970,=0.7037,=13.6858,=20.0843,=24.4458,=40.0619,=66.6027,=3.1856,=0.6576,=1.6349,=2.2652,=2.7193,=3.9698,=7.3016,=2.0810,=0.7318,=0.7993,=1.1812,=1.5347,=2.5873,=5.3757,=0.0123,=0.3428,=0.0032,=0.0058,=0.0154,=0.0184,=0.0274,=0.0217,=0.0862,=0.0211,=360
="399007",深证300,2009-11-04,=0.0105,=6726.4100,=0.1833,=35.9164,=0.9992,=15.3833,=21.4145,=25.0072,=28.8469,=36.0754,=3.3452,=0.8319,=1.8298,=2.3539,=2.8055,=3.2341,=4.4351,=2.3600,=0.7750,=1.2839,=1.6547,=2.0033,=2.4005,=3.3177,=0.0135,=0.4495,=0.0081,=0.0118,=0.0139,=0.0174,=0.0252,=0.0257,=0.0779,=0.0236,=584
="930632",CS稀金属,2015-05-12,=0.0132,=3388.2163,=0.2498,=36.5112,=0.4005,=10.0759,=24.6559,=42.7074,=96.3816,=902.9270,=4.7367,=0.8611,=1.7714,=2.4678,=3.4570,=4.4059,=7.1765,=3.3995,=0.9518,=1.0736,=1.5817,=2.0655,=2.9980,=4.1072,=0.0062,=0.4087,=0.0021,=0.0038,=0.0071,=0.0138,=0.0241,=0.0489,=0.1107,=0.0216,=367
="931487",SHS人工智能50,2020-05-06,=0.0366,=2363.9446,=0.0710,=36.6269,=0.7876,=18.6614,=25.5461,=31.6116,=37.2374,=66.0883,=5.8413,=0.7740,=3.0781,=4.0476,=4.6541,=6.4565,=10.5947,=6.6264,=0.7689,=3.3555,=4.5001,=5.1834,=6.8207,=9.5096,=0.0052,=0.3660,=0.0019,=0.0035,=0.0059,=0.0075,=0.0094,,=0.1427,,=74
="H11054",装备产业,2009-07-22,=-0.0037,=3066.6632,=0.0542,=36.8165,=0.7288,=15.6342,=24.5228,=31.8080,=38.5317,=58.0282,=3.2563,=0.7758,=1.6944,=2.1260,=2.6051,=3.3167,=5.1308,=2.2787,=0.7701,=1.2119,=1.4834,=1.8811,=2.3494,=3.6241,=0.0125,=0.5786,=0.0051,=0.0079,=0.0113,=0.0146,=0.0207,=0.0221,=0.0859,=0.0174,=40
="930965",HKC医药C,2017-06-23,=0.0177,=2759.8704,=-0.1544,=37.1998,=0.5468,=18.1989,=25.7194,=32.9100,=72.3821,=6384.2329,=2.2773,=0.3469,=1.4216,=1.9437,=2.7053,=3.7020,=6.9841,=1.3227,=0.4957,=0.7160,=1.0291,=1.3266,=1.7267,=3.7092,=0.0122,=0.6622,=0.0038,=0.0078,=0.0109,=0.0143,=0.0248,,=0.0645,,=156
="399389",国证通信,2011-12-02,=0.0251,=13734.7900,=0.6469,=37.4475,=0.4054,=15.1336,=21.7733,=47.7809,=65.1875,=153.7967,=3.4480,=0.9131,=1.3245,=1.8461,=2.4678,=3.0653,=3.9804,=3.2375,=1,=0.9743,=1.4589,=1.6828,=1.8966,=3.2375,=0.0171,=0.6065,=0.0026,=0.0048,=0.0069,=0.0294,=0.0420,=0.0209,=0.0855,=0.0209,=49
="399612",中创100,2011-02-28,=0.0170,=3425.3200,=0.2408,=37.7482,=0.7837,=18.0203,=24.5371,=31.1559,=39.8478,=52.6199,=5.0255,=0.7923,=2.5576,=3.3599,=4.1937,=5.1140,=7.4671,=3.2624,=0.5612,=1.6155,=2.2648,=3.0471,=4.0076,=5.8630,=0.0100,=0.5529,=0.0050,=0.0075,=0.0097,=0.0137,=0.0203,=0.0320,=0.1210,=0.0297,=157
="931409",SHS创新药,2020-02-20,=0.0263,=1841.0384,=-0.1299,=37.8841,=0.3806,=24.9819,=34.4851,=39.5628,=59.6431,=94.9889,=3.6966,=0.3875,=2.3431,=3.2680,=4.1189,=6.4324,=8.9149,=5.5092,=0.6750,=2.2896,=3.1914,=4.0121,=6.5388,=8.2645,=0.0104,=0.6975,=0.0036,=0.0052,=0.0084,=0.0114,=0.0166,,=0.0994,,=307
="399001",深证成指,1995-01-23,=0.0094,=16030.7000,=0.1853,=37.9980,=1,=15.9054,=22.8547,=26.5174,=30.7171,=37.9980,=3.2435,=0.7940,=1.7472,=2.2797,=2.7215,=3.2679,=4.0402,=2.3186,=0.7429,=1.2229,=1.6063,=1.9126,=2.3945,=2.9683,=0.0130,=0.4347,=0.0084,=0.0108,=0.0135,=0.0166,=0.0245,=0.0249,=0.0747,=0.0225,=3696
="931186",中证科技,2019-05-30,=0.0090,=7451.9592,=0.1133,=38.6971,=0.5953,=19.1938,=30.3071,=36.2182,=47.2421,=73.9401,=5.2133,=0.6965,=2.6301,=3.5946,=4.5465,=6.3579,=8.1242,=3.1405,=0.6070,=1.4264,=2.0865,=2.7630,=4.5386,=6.0737,=0.0100,=0.6246,=0.0037,=0.0053,=0.0085,=0.0129,=0.0201,=0.0291,=0.1226,=0.0174,=952
="930648",CS智消费,2015-06-05,=0.0290,=4513.3446,=0.2325,=38.7644,=0.9312,=15.4538,=22.2568,=24.9894,=31.6650,=51.6043,=4.6438,=0.9390,=2.1406,=2.8085,=3.2137,=3.9861,=5.4486,=2.1176,=0.8875,=0.8328,=1.2867,=1.4812,=1.8489,=2.9491,=0.0116,=0.1595,=0.0074,=0.0122,=0.0154,=0.0173,=0.0216,=0.0253,=0.1077,=0.0239,=26
="HSIDI",恒生创新药指数,2023-01-01,=0.0217,=2206.9300,=-0.1807,=39.3909,=0.1260,=21.3081,=45.7820,=54.9814,=107.2094,=157.2991,=3.0872,=0.6796,=1.7148,=2.1299,=2.6655,=3.9695,=5.1867,=2.7428,=0.6973,=1.5892,=1.8271,=2.3011,=3.4152,=4.4669,=0.0097,=0.2956,=0.0053,=0.0079,=0.0125,=0.0144,=0.0173,,=0.1004,,=235
="HSSCID",恒生港股通创新药指数,2023-07-01,=0.0180,=2588.7700,=-0.1815,=39.3909,=0.2218,=20.9262,=38.7907,=44.4213,=61.2867,=216.1774,=3.0872,=0.6625,=1.6870,=2.0113,=2.5643,=4.1062,=5.1867,=2.7428,=0.6543,=1.6002,=1.8762,=2.4278,=3.5613,=4.4669,=0.0097,=0.3168,=0.0053,=0.0075,=0.0124,=0.0152,=0.0187,,=0.1004,,=112
="931672",风电产业,2021-04-29,=-0.0184,=1933.7171,=0.0977,=39.6137,=0.9654,=16.8665,=21.1003,=24.2133,=29.2571,=45.5856,=2.2316,=0.6661,=1.3490,=1.6776,=1.9861,=2.5022,=3.5946,=2.7301,=0.8158,=1.4458,=1.8897,=2.1428,=2.7026,=3.3215,=0.0098,=0.3315,=0.0064,=0.0084,=0.0116,=0.0154,=0.0206,=0.0166,=0.0571,=0.0184,=61
="931406",5G 50,2020-02-20,=0.0320,=3636.3248,=0.7083,=39.7012,=0.8950,=15.2657,=20.5810,=23.4204,=34.4321,=51.5506,=4.3961,=0.9420,=1.5292,=1.9607,=2.4377,=3.8108,=5.3757,=2.9044,=1,=0.9155,=1.4030,=1.5803,=1.8930,=2.9044,=0.0140,=0.3651,=0.0042,=0.0067,=0.0207,=0.0276,=0.0387,=0.0252,=0.1023,=0.0236,=702
="H30178",医疗保健,2013-07-15,=-0.0015,=11776.2640,=-0.1325,=40.0674,=0.3964,=19.5848,=32.8016,=45.3679,=65.9914,=123.2936,=2.6646,=0.0025,=2.5902,=3.4089,=5.5871,=7.4864,=12.4381,=4.4036,=0.0021,=4.3235,=5.4180,=6.4009,=8.1023,=14.2518,=0.0150,=0.8146,=0.0029,=0.0041,=0.0057,=0.0148,=0.0219,=0.0196,=0.0653,=0.0216,=553
="399326",成长40,2006-01-24,=0.0127,=9394.2000,=0.4754,=40.2402,=0.8640,=11.4413,=22.5069,=27.7103,=32.4968,=67.8360,=7.9661,=0.9312,=2.3502,=3.7081,=4.7222,=6.4333,=10.3842,=4.6308,=0.9646,=1.6605,=2.3239,=3.0488,=3.9156,=5.1844,=0.0078,=0.2262,=0.0046,=0.0073,=0.0096,=0.0135,=0.0218,=0.0646,=0.2161,=0.0378,=274
="931994",电网设备主题,2022-10-11,=0.0042,=3659.8526,=0.4506,=40.3297,=0.9754,=15.6741,=19.9769,=22.7361,=27.3290,=44.9431,=3.8581,=0.9698,=1.9713,=2.2917,=2.4513,=2.7813,=4.2080,=2.6654,=0.9966,=1.2895,=1.4772,=1.6061,=1.8128,=2.6890,=0.0092,=0.0123,=0.0088,=0.0111,=0.0136,=0.0165,=0.0189,=0.0214,=0.0975,=0.0200,=251
="930662",CS现代农,2015-07-13,=-0.0202,=829.4516,=-0.2255,=40.3565,=0.6956,=13.0417,=20.5042,=28.4594,=61.6044,=301.1137,=2.0345,=0.0144,=1.8555,=2.5261,=2.8399,=3.1447,=4.3308,=0.9024,=0.0245,=0.8273,=1.0209,=1.1700,=1.5535,=2.1026,=0.0268,=0.9764,=0.0046,=0.0098,=0.0128,=0.0162,=0.0291,=-0.0091,=0.0850,=0.0345,=49
="000905",中证500,2007-01-15,=0.0053,=8673.0900,=0.1617,=40.4595,=0.9168,=15.7028,=21.2812,=25.5754,=33.3023,=51.1137,=2.7024,=0.8834,=1.3824,=1.7164,=1.9212,=2.4596,=3.1031,=1.8894,=0.9118,=0.8118,=1.0305,=1.1726,=1.6099,=2.2608,=0.0116,=0.2134,=0.0064,=0.0114,=0.0141,=0.0185,=0.0237,=0.0210,=0.0620,=0.0169,=38064
="000982",500等权,2011-06-13,=-0.0035,=9757.6000,=0.0810,=40.4595,=0.9168,=15.7028,=21.2829,=25.5754,=33.3023,=51.1137,=2.7024,=0.8834,=1.3824,=1.7163,=1.9217,=2.4593,=3.1031,=1.8894,=0.9118,=0.8118,=1.0305,=1.1726,=1.6099,=2.2608,=0.0116,=0.1974,=0.0064,=0.0116,=0.0143,=0.0184,=0.0237,=0.0210,=0.0620,=0.0169,=32
="H30217",医疗器械,2013-07-15,=-0.0039,=8514.9183,=-0.1327,=40.5260,=0.5175,=17.1055,=29.5762,=39.4654,=57.4704,=82.8778,=2.6150,=0.0041,=2.5375,=3.2639,=4.8376,=6.6162,=11.6091,=4.7247,=0.0334,=4.1030,=5.3634,=6.0779,=8.2841,=13.3528,=0.0154,=0.7948,=0.0035,=0.0051,=0.0073,=0.0155,=0.0236,=0.0184,=0.0626,=0.0209,=1320
="987018",港股通创新药,2021-11-18,,,=-0.1830,=41.0012,=0.3571,=22.9379,=35.6244,=50.6980,=96.1547,=537.2167,=3.3509,=0.5672,=1.6768,=2.3041,=3.2170,=4.1675,=6.0885,=4.9717,=0.4078,=2.6005,=3.5340,=5.3042,=7.0985,=12.1954,=0.0090,=0.6563,=0.0023,=0.0055,=0.0071,=0.0143,=0.0182,,=0.0844,,=314
="399996",智能家居,2014-09-17,=0.0123,=5537.6700,=0.2046,=41.1007,=0.9539,=17.5405,=23.3761,=27.7637,=33.6435,=47.8369,=5.1483,=1,=2.2523,=2.8549,=3.4666,=4.1071,=5.1483,=2.6470,=0.9963,=1.0942,=1.4673,=1.7632,=2.0740,=2.7965,=0.0119,=0.3614,=0.0087,=0.0107,=0.0141,=0.0175,=0.0235,=0.0273,=0.1118,=0.0260,=206
="000171",新兴成指,2017-01-25,=0.0297,=2716.5592,=0.4723,=41.1488,=0.8771,=15.0335,=20.2827,=24.6794,=35.6898,=63.8139,=6.1848,=0.7867,=2.6324,=3.2811,=4.3445,=6.3040,=10.8185,=5.3475,=0.9294,=1.3680,=2.1149,=2.7698,=4.3253,=8.5894,=0.0102,=0.3717,=0.0042,=0.0071,=0.0127,=0.0196,=0.0271,=0.0336,=0.1371,=0.0326,=205
="1000011",A股非金融,1994-01-10,,,,=41.3127,=0.9530,=17.5718,=25.5269,=28.6103,=37.7801,=43.6945,=2.7093,=0.8154,=1.6561,=2.0403,=2.3294,=2.6953,=2.9749,=1.7059,=0.9444,=0.9476,=1.1421,=1.3068,=1.5717,=1.8156,=0.0145,=0.3861,=0.0087,=0.0120,=0.0159,=0.0192,=0.0256,=0.0205,=0.0612,=0.0189,=807
="930771",CS新能源,2015-12-16,,,=0.0942,=41.3226,=0.6895,=11.2377,=23.2275,=34.3698,=45.1056,=62.8342,=3.0595,=0.5817,=1.7615,=2.1621,=2.8714,=3.9097,=7.2156,=2.6438,=0.6651,=1.2791,=1.6704,=2.2094,=3.0975,=6.6822,=0.0113,=0.6507,=0.0028,=0.0057,=0.0092,=0.0156,=0.0247,=0.0221,=0.0668,=0.0165,=31
="399808",中证新能,2015-02-10,=-0.0124,=2938.9500,=0.0440,=41.3226,=0.6028,=11.2377,=23.4990,=36.8474,=46.3915,=62.8342,=3.0595,=0.5678,=1.7615,=2.1712,=2.9345,=3.8504,=7.2277,=2.6438,=0.6840,=1.2791,=1.6778,=2.2588,=3.0254,=6.6822,=0.0113,=0.6613,=0.0029,=0.0058,=0.0087,=0.0152,=0.0247,=0.0221,=0.0668,=0.0165,=1298
="931152",CS创新药,2019-04-22,=0.0261,=1658.2265,=-0.1246,=41.3409,=0.3908,=27.6044,=36.6633,=43.1339,=53.2116,=74.6844,=3.4935,=0.2744,=2.5551,=3.3401,=4.1884,=5.9508,=8.7449,=4.9695,=0.7239,=2.2436,=2.9116,=3.4014,=5.6096,=9.4897,=0.0115,=0.8663,=0.0040,=0.0058,=0.0085,=0.0105,=0.0150,=0.0271,=0.0786,=0.0224,=1875
="930712",CS物联网,2015-07-31,=0.0267,=5552.2991,=0.3313,=41.4139,=0.9378,=21.9217,=27.4652,=32.4360,=37.3415,=50.1215,=5.6919,=0.8966,=2.7515,=3.4472,=4.0810,=4.9348,=7.1882,=3.0668,=0.9654,=1.2084,=1.7388,=2.0114,=2.4284,=3.5102,=0.0109,=0.4471,=0.0070,=0.0089,=0.0112,=0.0139,=0.0190,=0.0346,=0.1340,=0.0303,=165
="399088",深创100,2020-02-18,=0.0154,=6225.8800,=0.2334,=41.4656,=0.8434,=15.3025,=21.8631,=26.8362,=38.3367,=56.8187,=5.8561,=0.9485,=2.2889,=3.2871,=4.0470,=5.3712,=6.8856,=3.9109,=0.8496,=1.4223,=1.9759,=2.4474,=3.7458,=5.1281,=0.0083,=0.1312,=0.0058,=0.0088,=0.0130,=0.0164,=0.0258,=0.0356,=0.1522,=0.0358,=74
="000962",中证中游,2010-04-16,,,=0.3236,=41.4807,=1,=12.7529,=17.3536,=20.1671,=27.3195,=41.4807,=3.9356,=1,=1.5782,=1.9009,=2.2412,=2.5818,=3.9356,=1.9329,=1,=0.6672,=0.8352,=0.9861,=1.1340,=1.9329,=0.0095,=0.0630,=0.0081,=0.0106,=0.0151,=0.0183,=0.0221,=0.0222,=0.0826,=0.0192,=16
="930598",稀土产业,2015-03-02,=0.0313,=3283.0228,=0.1697,=41.9502,=0.5340,=21.1133,=29.2013,=39.7914,=71.2180,=279.2691,=3.6499,=0.9683,=1.4810,=1.9699,=2.3151,=3.0350,=4.3047,=1.7486,=0.8508,=0.6656,=0.9718,=1.1871,=1.6644,=2.2389,=0.0087,=0.7326,=0.0025,=0.0047,=0.0065,=0.0093,=0.0135,=0.0350,=0.0883,=0.0227,=736
="H30597",新材料,2015-02-13,=-0.0048,=5263.9969,=0.2689,=41.9599,=0.7412,=14.0729,=21.7626,=33.2801,=44.4992,=77.0759,=4.3780,=0.7400,=2.1817,=2.8826,=3.6704,=5.2685,=8.9168,=2.9630,=0.5987,=1.2938,=2.0086,=2.7591,=3.7927,=7.1680,=0.0112,=0.5361,=0.0037,=0.0057,=0.0100,=0.0146,=0.0237,=0.0294,=0.0908,=0.0200,=315
="399316",巨潮小盘,2005-02-03,=0.0042,=7016.8100,=0.1670,=42.1950,=0.8541,=17.4883,=24.6121,=29.2730,=38.1967,=58.4724,=2.3849,=0.7689,=1.3049,=1.7086,=1.9649,=2.4435,=3.2926,=1.5132,=0.7351,=0.7478,=1.0120,=1.2298,=1.6726,=2.5759,=0.0129,=0.5262,=0.0061,=0.0100,=0.0127,=0.0162,=0.0214,=0.0167,=0.0444,=0.0142,=22
="399101",中小综指,2005-12-01,=0.0045,=15927.8100,=0.0950,=42.6939,=0.6539,=22.7937,=34.4929,=40.6773,=47.0779,=65.2068,=2.9556,=0.5810,=1.7151,=2.3689,=2.8051,=3.4407,=4.7418,=2.0170,=0.5019,=1.1654,=1.6542,=2.0146,=2.5983,=3.9938,=0.0111,=0.5834,=0.0054,=0.0080,=0.0106,=0.0134,=0.0200,=0.0208,=0.0674,=0.0195,=25
="1000012",中小板全指,2005-12-01,=0.0045,=15927.8100,=0.0950,=42.8561,=0.6082,=22.6352,=35.3655,=41.3018,=48.6792,=73.8161,=2.9691,=0.5773,=1.7125,=2.3729,=2.8170,=3.4703,=4.7425,=1.9874,=0.4957,=1.1448,=1.6386,=1.9962,=2.5926,=3.9859,=0.0111,=0.5571,=0.0054,=0.0080,=0.0107,=0.0134,=0.0200,=0.0209,=0.0671,=0.0194,=566
="931783",智能驾驶,2022-02-21,,,=-0.0066,=43.1771,=0.3600,=31.9944,=40.1446,=46.7316,=69.6167,=98.5983,=3.5685,=0.4952,=2.5981,=3.3333,=3.5704,=3.9700,=4.9384,=1.9467,=0.5229,=1.3276,=1.7250,=1.9362,=2.1237,=2.7953,=0.0081,=0.8048,=0.0048,=0.0063,=0.0071,=0.0080,=0.0097,=0.0149,=0.0928,=0.0256,=11
="399295",创价值,2019-01-23,=0.0109,=5821.8400,=0.0789,=43.2551,=0.5368,=20.8863,=26.5770,=39.9658,=56.8809,=73.8741,=8.3568,=0.7188,=3.7254,=4.5991,=5.8344,=8.9963,=11.5385,=6.1952,=0.6579,=2.5684,=3.4815,=5.3885,=9.1523,=12.8251,=0.0097,=0.6300,=0.0033,=0.0050,=0.0071,=0.0152,=0.0218,=0.0387,=0.1758,=0.0398,=610
="399625",中创500,2011-08-15,=0.0136,=2985.0900,=0.2251,=43.3642,=0.8834,=20.4615,=28.9847,=35.6923,=41.1304,=52.5750,=4.3271,=0.7965,=2.1192,=2.8827,=3.5485,=4.3376,=5.2667,=3.0881,=0.6712,=1.4713,=2.0764,=2.6287,=3.4519,=4.5526,=0.0095,=0.5352,=0.0057,=0.0071,=0.0092,=0.0124,=0.0196,=0.0265,=0.0951,=0.0239,=164
="399364",消费100,2009-08-03,=0.0302,=14233.5200,=0.3186,=43.6033,=0.9852,=15.8540,=22.4602,=26.5562,=34.0314,=49.3766,=5.9235,=0.9436,=2.6561,=3.2883,=3.7559,=4.6976,=7.3266,=2.9658,=0.8513,=1.3127,=1.6573,=1.9064,=2.4697,=4.2956,=0.0109,=0.1512,=0.0070,=0.0117,=0.0162,=0.0191,=0.0241,=0.0306,=0.1191,=0.0345,=311
="931590",500成长创新,2020-11-09,=0.0085,=31309.6620,=0.1529,=43.7069,=1,=14.5054,=17.7673,=20.1793,=26.8878,=43.7069,=5.0104,=1,=1.6442,=2.3222,=2.6435,=3.2741,=5.0104,=5.1909,=1,=1.3106,=1.9756,=2.2764,=2.6820,=5.1909,=0.0079,=0,=0.0079,=0.0130,=0.0172,=0.0211,=0.0252,=0.0292,=0.1277,=0.0317,=91
="980015",疫苗生科,2015-02-16,=0.0151,=5193.6200,=-0.1738,=43.7376,=0.5270,=24.1714,=31.1392,=42.4823,=53.6238,=80.8207,=3.2721,=0.0622,=2.9980,=3.5743,=4.1381,=6.8221,=11.0606,=5.7184,=0.3043,=4.5746,=5.4821,=6.3793,=9.3506,=15.0694,=0.0117,=0.6477,=0.0026,=0.0052,=0.0099,=0.0134,=0.0175,=0.0223,=0.0693,=0.0219,=73
="931688",中证算力,2022-07-21,,,=0.5882,=44.2567,=1,=18.0036,=20.7120,=23.6004,=32.0210,=44.2567,=4.7046,=1,=1.6529,=1.8953,=2.2601,=3.2952,=4.7046,=3.3226,=1,=1.3731,=1.5892,=1.7998,=2.4417,=3.3226,=0.0133,=0,=0.0133,=0.0193,=0.0263,=0.0300,=0.0338,=0.0245,=0.1011,=0.0224,=101
="399276",创科技,2020-10-26,=0.0123,=10383.2200,=0.2812,=44.4432,=0.6777,=20.4624,=26.4483,=37.6579,=58.7450,=84.1667,=8.1883,=0.7826,=3.5855,=4.4251,=5.7825,=8.6278,=12.0896,=6.3145,=0.7226,=2.4145,=3.2881,=4.7190,=8.8752,=12.2359,=0.0091,=0.5210,=0.0023,=0.0035,=0.0082,=0.0162,=0.0221,=0.0430,=0.1724,=0.0380,=10
="931159",创新100,2019-05-16,=0.0201,=4545.8072,=0.3367,=45.0276,=0.7599,=24.8309,=32.2759,=36.1376,=46.3573,=59.7307,=6.2222,=0.9058,=2.9189,=3.6914,=4.3672,=5.5231,=7.4325,=5.1696,=0.8651,=2.3351,=3.1618,=3.7791,=4.8389,=6.6085,=0.0084,=0.4395,=0.0044,=0.0062,=0.0089,=0.0127,=0.0177,=0.0278,=0.1244,=0.0278,=228
="399363",云科技,2009-08-03,=0.0464,=16117.6900,=0.7250,=46.0268,=0.6885,=25.0041,=36.0760,=41.7097,=49.2599,=74.9161,=5.1806,=0.7149,=3.0187,=3.9521,=4.6687,=5.5777,=10.4646,=3.5520,=0.6934,=1.6015,=2.2265,=3.0717,=3.7424,=4.5583,=0.0119,=0.9147,=0.0046,=0.0054,=0.0068,=0.0101,=0.0159,=0.0491,=0.1469,=0.0254,=284
="399667",创业成长,2013-01-07,=0.0194,=8033.6000,=0.4536,=46.3881,=0.7553,=21.3636,=29.5830,=38.5913,=51.7989,=90.9628,=8.6083,=0.8826,=2.9224,=4.0916,=4.8762,=7.3941,=10.8589,=6.7138,=0.7849,=2.4713,=3.4035,=4.6759,=6.8671,=10.3001,=0.0075,=0.6292,=0.0027,=0.0042,=0.0062,=0.0096,=0.0182,=0.0481,=0.1635,=0.0355,=86
="399441",生物医药,2015-01-20,=0.0220,=1830.2800,=-0.1471,=46.9295,=0.4784,=21.8350,=32.3563,=47.7226,=64.7489,=119.0737,=2.8529,=0.0944,=2.3073,=3.3573,=6.3519,=7.8152,=13.6606,=5.4888,=0.1529,=3.6424,=5.8796,=9.5041,=14.0402,=21.5399,=0.0124,=0.8817,=0.0024,=0.0040,=0.0063,=0.0107,=0.0164,=0.0194,=0.0565,=0.0192,=1678
="931718",高端造质量成长50,2021-08-25,=0.0302,=4061.7347,=0.4055,=47.1237,=0.9940,=16.3078,=22.0585,=28.7760,=36.5551,=49.4696,=8.2051,=1,=3.1255,=3.9231,=4.8204,=5.8576,=8.2051,=5.4817,=1,=1.7207,=2.2424,=2.9398,=3.6977,=5.4817,=0.0078,=0.2992,=0.0046,=0.0066,=0.0110,=0.0151,=0.0205,=0.0328,=0.1450,=0.0326,=28
="399315",巨潮中盘,2005-02-03,=0.0041,=5586.6100,=0.1738,=47.2137,=1,=14.3715,=18.4227,=22.9163,=29.8766,=47.2137,=2.8898,=0.9934,=1.5252,=1.8923,=2.1507,=2.5856,=2.9380,=2.2532,=1,=0.8408,=1.2254,=1.4280,=1.6519,=2.2532,=0.0111,=0.1883,=0.0082,=0.0114,=0.0158,=0.0221,=0.0288,=0.0239,=0.0707,=0.0202,=20
="399293",创业大盘,2019-04-18,=0.0205,=8643.8700,=0.3339,=47.4593,=0.6792,=20.6573,=29.4461,=41.2031,=54.3276,=71.9327,=8.5439,=0.7463,=3.4452,=4.7054,=6.2355,=9.2469,=13.4901,=6.0426,=0.5921,=2.8408,=4.0012,=5.6716,=9.9293,=14.8309,=0.0078,=0.5968,=0.0029,=0.0046,=0.0072,=0.0123,=0.0196,=0.0411,=0.1554,=0.0377,=178
="399673",创业板50,2014-06-18,=0.0216,=4575.5600,=0.3496,=47.4755,=0.6576,=20.6075,=30.6784,=42.5524,=57.4877,=106.7499,=8.5993,=0.8533,=3.1473,=4.3234,=5.2442,=7.4799,=11.7288,=6.4213,=0.7145,=2.6907,=4.1383,=5.5005,=7.7877,=13.3154,=0.0074,=0.7178,=0.0021,=0.0036,=0.0049,=0.0094,=0.0190,=0.0447,=0.1569,=0.0355,=5503
="930986",金融科技,2017-06-22,=-0.0144,=2340.0461,=-0.2503,=47.4863,=0.3346,=32.2484,=42.9443,=55.7278,=81.6969,=257.1796,=4.2773,=0.3194,=2.5474,=4.0143,=4.6947,=5.8259,=7.7786,=5.9043,=0.6893,=2.9625,=3.8715,=4.7512,=7.0181,=9.8281,=0.0083,=0.9106,=0.0040,=0.0051,=0.0059,=0.0072,=0.0120,=0.0192,=0.0872,=0.0151,=253
="399959",军工指数,2011-08-30,=0.0049,=1689.8900,=-0.0692,=47.9543,=0.1153,=34.5950,=50.7664,=60.8176,=73.3939,=167.2472,=2.9892,=0.3225,=2.0269,=2.6531,=3.2620,=4.0400,=5.9912,=2.6568,=0.1701,=2.1044,=2.7047,=3.3213,=3.8909,=5.2606,=0.0078,=0.9230,=0.0021,=0.0029,=0.0038,=0.0065,=0.0095,=0.0143,=0.0591,=0.0108,=4
="399285",物联网50,2020-02-18,=0.0285,=8946.0200,=0.4162,=48.0554,=0.9959,=21.8675,=26.3815,=31.4411,=38.2904,=48.8450,=6.5990,=1,=2.6765,=3.4074,=4.0081,=5.2861,=6.5990,=4.3146,=1,=1.7407,=2.0175,=2.4168,=3.1054,=4.3146,=0.0095,=0.1820,=0.0076,=0.0096,=0.0122,=0.0149,=0.0214,=0.0353,=0.1364,=0.0304,=93
="930651",CS计算机,2015-06-05,=0.0136,=7790.3152,=0.0047,=48.3852,=0.3136,=33.6687,=44.3942,=56.7636,=67.2730,=115.0591,=4.9738,=0.7289,=2.6283,=3.7942,=4.3725,=5.1179,=6.5144,=3.0267,=0.2781,=2.0877,=2.9117,=3.6311,=4.3113,=5.6880,=0.0094,=0.8558,=0.0027,=0.0058,=0.0069,=0.0090,=0.0156,=0.0244,=0.0892,=0.0073,=649
="930726",CS生医,2015-08-05,=0.0202,=2120.8934,=-0.1315,=48.5027,=0.4981,=24.4874,=31.9329,=48.5601,=62.2723,=107.1179,=3.9253,=0.1141,=3.1768,=4.4198,=6.8841,=8.5259,=14.2976,=6.9699,=0.2105,=4.8871,=6.8186,=9.9503,=12.5690,=19.9452,=0.0097,=0.7227,=0.0026,=0.0038,=0.0058,=0.0114,=0.0204,=0.0287,=0.0766,=0.0261,=834
="930743",中证生科,2015-08-26,=0.0169,=2803.8334,=-0.1485,=49.2908,=0.4751,=24.0733,=39.5208,=50.0969,=59.8284,=100.3520,=3.3316,=0.0408,=2.9526,=3.8707,=6.1646,=8.0612,=14.6705,=5.8224,=0.0927,=4.7455,=6.2777,=8.8222,=12.4379,=18.8359,=0.0103,=0.7697,=0.0025,=0.0045,=0.0059,=0.0106,=0.0169,=0.0226,=0.0618,=0.0204,=1219
="931447",科技先锋,2020-04-21,=0.0347,=3608.4281,=0.1693,=49.7022,=0.8190,=19.0346,=27.2130,=36.8395,=47.7388,=82.3567,=6.2176,=0.7265,=2.7045,=3.4037,=4.2886,=6.7235,=10.6025,=3.3158,=0.7105,=1.4804,=1.9089,=2.4057,=3.7261,=7.0848,=0.0081,=0.3237,=0.0033,=0.0054,=0.0098,=0.0136,=0.0196,=0.0256,=0.0990,=0.0202,=18
="000998",中证TMT,2011-11-08,=0.0216,=4087.6149,=0.3901,=50.5403,=0.9699,=18.9989,=27.6163,=34.6676,=43.6794,=58.6698,=5.4339,=1,=1.9674,=2.4618,=3.2924,=3.9793,=5.4339,=3.7961,=1,=1.2505,=1.8092,=2.1806,=2.6106,=3.7961,=0.0099,=0.5426,=0.0048,=0.0067,=0.0089,=0.0185,=0.0284,=0.0233,=0.0900,=0.0196,=554
="899050",北证50,2022-11-21,=-0.0118,=1265.1600,=-0.1217,=50.8754,=0.5676,=15.5447,=18.3510,=31.5671,=63.4717,=91.3357,=4.4434,=0.6289,=2.0170,=2.4279,=2.9571,=4.9781,=5.6723,=3.7733,=0.6173,=1.3969,=1.6997,=2.0747,=4.2608,=5.1557,=0.0083,=0.3179,=0.0062,=0.0075,=0.0117,=0.0147,=0.0185,=0.0174,=0.0675,=-0.0021,=749
="399803",工业4.0,2015-02-13,=0.0229,=7229.1500,=0.3439,=50.9872,=0.8607,=19.7294,=27.9595,=36.1911,=47.6855,=61.8732,=5.9190,=0.8319,=2.6645,=3.4308,=4.3469,=5.6178,=8.0266,=2.8548,=0.6102,=1.5023,=2.0108,=2.5356,=3.2553,=4.8981,=0.0078,=0.4372,=0.0032,=0.0060,=0.0087,=0.0123,=0.0202,=0.0258,=0.1072,=0.0218,=485
="1000003",深圳A股,1994-01-01,=0.0053,=2853.3700,=0.1274,=51.3229,=0.9304,=20.1337,=32.6807,=37.4329,=46.9083,=60.3260,=3.1184,=0.7182,=1.7026,=2.2996,=2.6861,=3.2366,=3.9166,=2.2592,=0.6988,=1.2021,=1.6469,=1.9201,=2.3887,=3.2018,=0.0112,=0.4190,=0.0070,=0.0090,=0.0117,=0.0136,=0.0208,=0.0203,=0.0553,=0.0180,=1819
="931785",智选沪深港科技50,2025-06-27,=0.0239,=3023.9133,=0.2675,=51.3632,=1,=31.7791,=34.9006,=36.9713,=39.3068,=51.3632,=5.8512,=0.9878,=3.8679,=4.3311,=4.7841,=5.3302,=5.8688,=3.7806,=1,=2.2695,=2.5838,=2.9607,=3.3765,=3.7806,=0.0050,=0,=0.0050,=0.0074,=0.0081,=0.0091,=0.0100,,,,=9
="000852",中证1000,2014-10-17,=0.0076,=8771.0200,=0.1548,=52.6866,=0.8760,=18.9344,=30.9274,=37.8145,=48.1368,=81.8025,=2.7949,=0.7429,=1.4880,=2.1060,=2.4402,=2.9339,=4.2563,=1.9858,=0.8138,=0.9250,=1.3827,=1.5870,=1.9545,=3.5402,=0.0094,=0.3581,=0.0038,=0.0079,=0.0106,=0.0125,=0.0194,=0.0158,=0.0499,=0.0155,=7332
="399006",创业板指,2010-06-01,=0.0205,=4252.3900,=0.3276,=53.5393,=0.7515,=22.8885,=32.3387,=42.0401,=55.4747,=79.6826,=7.4313,=0.8562,=3.0035,=4.0151,=4.8509,=6.5359,=9.5804,=5.2867,=0.6580,=2.3312,=3.4103,=4.5414,=6.4313,=8.4805,=0.0075,=0.6679,=0.0032,=0.0047,=0.0063,=0.0098,=0.0180,=0.0369,=0.1330,=0.0313,=16545
="931480",线上消费,2020-05-06,=0.0135,=698.5400,=-0.1695,=53.5746,=0.3774,=33.5813,=47.7321,=66.7892,=96.6961,=132.5169,=2.9526,=0.4097,=1.9483,=2.5090,=3.0992,=3.7019,=5.0305,=2.9802,=0.8208,=1.1811,=1.5052,=1.8201,=2.8751,=4.8094,=0.0099,=0.8288,=0.0051,=0.0066,=0.0084,=0.0097,=0.0133,=0.0131,=0.0458,=0.0190,=74
="931380",科技50,2019-11-25,=0.0259,=4624.4945,=0.4636,=54.1165,=0.6937,=22.4426,=31.2057,=45.8994,=56.6265,=71.9143,=7.0990,=0.7579,=2.7627,=3.8652,=5.3630,=7.3648,=9.9144,=6.0332,=0.8868,=2.1802,=3.0579,=4.0812,=5.6062,=7.7525,=0.0077,=0.5308,=0.0035,=0.0050,=0.0076,=0.0104,=0.0163,=0.0253,=0.0951,=0.0118,=946
="930599",中证高装,2015-03-02,=0.0246,=11626.8721,=0.3795,=55.0169,=0.9304,=19.5438,=27.7467,=34.6700,=45.5645,=65.7817,=5.3683,=1,=1.8509,=2.5592,=3.1132,=3.6807,=5.3683,=3.0206,=1,=1.2322,=1.6106,=1.9498,=2.4252,=3.0206,=0.0073,=0.3033,=0.0049,=0.0067,=0.0092,=0.0120,=0.0171,=0.0227,=0.0865,=0.0192,=115
="930606",中证钢铁,2015-03-31,=-0.0022,=968.6945,=-0.1685,=55.2777,=0.7437,=5.9346,=9.2015,=19.1330,=70.9200,=77593.1899,=0.9882,=0.3572,=0.7076,=0.9198,=1.0600,=1.3536,=2.0450,=0.4717,=0.5307,=0.2931,=0.3819,=0.4580,=0.6202,=1.2948,=0.0237,=0.3964,=0.0018,=0.0160,=0.0255,=0.0409,=0.0542,=0.0020,=0.0221,=0.0071,=766
="399296",创成长,2019-01-23,=0.0247,=10140.8800,=0.6271,=55.5426,=0.6992,=22.4911,=30.8153,=43.4119,=64.1049,=104.6935,=11.8719,=0.8627,=3.9463,=4.9277,=6.9441,=10.6438,=14.9802,=7.3803,=0.6858,=2.5417,=3.4556,=5.8230,=12.0336,=17.3385,=0.0057,=0.4626,=0.0016,=0.0027,=0.0061,=0.0106,=0.0200,=0.0584,=0.2040,=0.0396,=1064
="930820",CS高端制,2016-05-11,=0.0217,=11271.7651,=0.3313,=56.2472,=1,=21.5994,=28.9923,=36.5779,=42.8065,=56.2472,=5.0304,=1,=2.0597,=2.7148,=3.1889,=3.8682,=5.0304,=3.2134,=1,=1.1980,=1.7166,=2.0514,=2.4731,=3.2134,=0.0073,=0.1314,=0.0055,=0.0082,=0.0099,=0.0124,=0.0171,=0.0220,=0.0816,=0.0186,=311
="399624",中创400,2011-08-15,=0.0093,=3091.1500,=0.2023,=57.2464,=0.9258,=22.4097,=32.9060,=40.4883,=48.7257,=82.4491,=3.5280,=0.8340,=1.6720,=2.4135,=2.8501,=3.4193,=5.3458,=2.8406,=0.8550,=1.2865,=1.8978,=2.2296,=2.7027,=4.6386,=0.0085,=0.3457,=0.0036,=0.0071,=0.0095,=0.0111,=0.0184,=0.0199,=0.0651,=0.0174,=230
="399970",移动互联,2014-05-05,=0.0193,=5634.3800,=0.2630,=57.5923,=0.9728,=21.2604,=32.0602,=40.2173,=49.4895,=64.0807,=6.0527,=0.8620,=2.3944,=3.2977,=4.0684,=5.6807,=7.9573,=3.3191,=0.8113,=1.5790,=2.0679,=2.5540,=3.2869,=4.6665,=0.0065,=0.3131,=0.0043,=0.0056,=0.0082,=0.0107,=0.0143,=0.0246,=0.0808,=0.0175,=469
="399610",TMT50,2010-11-08,=0.0250,=14295.7900,=0.4919,=57.7251,=0.9856,=21.0331,=30.1605,=38.0640,=46.4156,=64.7172,=8.1515,=1,=2.4071,=3.2240,=4.0371,=5.1390,=8.1515,=4.3256,=0.9588,=1.5843,=2.0120,=2.7305,=3.7078,=4.9386,=0.0055,=0.0564,=0.0046,=0.0061,=0.0080,=0.0121,=0.0161,=0.0296,=0.1080,=0.0206,=518
="399291",创精选88,2019-11-06,=0.0131,=5818.3000,=0.2735,=57.8164,=0.6413,=32.8940,=42.1595,=54.3386,=65.3194,=106.4385,=3.8515,=0.7784,=1.8895,=2.8570,=3.4041,=3.9410,=4.9331,=4.2142,=0.7759,=1.9655,=2.6218,=3.1014,=4.2959,=5.5728,=0.0082,=0.6978,=0.0042,=0.0051,=0.0071,=0.0092,=0.0134,=0.0173,=0.0556,=0.0131,=40
="930821",中证VR,2016-05-11,=0.0212,=4034.4578,=0.2635,=58.8952,=0.8311,=17.6816,=31.7441,=43.1002,=55.7859,=175.0572,=4.2058,=0.8602,=1.7358,=2.3313,=2.8651,=4.0757,=5.0269,=2.3979,=0.6847,=1.1117,=1.4748,=1.9093,=2.8854,=3.7313,=0.0064,=0.0579,=0.0056,=0.0075,=0.0092,=0.0117,=0.0177,=0.0113,=0.0443,=0.0138,=146
="930707",中证畜牧,2015-07-13,=-0.0200,=1714.8485,=-0.2231,=58.9120,=0.7083,=11.3375,=17.7937,=26.9244,=113.3570,=237.1331,=2.0438,=0,=2.0438,=2.6858,=3.3071,=4.2642,=5.8838,=0.8489,=0.0041,=0.8185,=1.0394,=1.4325,=2.0957,=2.9452,=0.0277,=0.9604,=0.0033,=0.0094,=0.0141,=0.0207,=0.0303,=-0.0138,=0.0829,=0.0347,=1195
="399303",国证2000,2014-03-28,=0.0073,=11336.7700,=0.1387,=59.1655,=0.8508,=23.3937,=36.3012,=42.0277,=53.6904,=96.7185,=2.8369,=0.8154,=1.4941,=2.0787,=2.2978,=2.7687,=4.2124,=2.1731,=0.8158,=1.0643,=1.3926,=1.5534,=2.1216,=3.4322,=0.0090,=0.2505,=0.0040,=0.0084,=0.0104,=0.0118,=0.0187,=0.0140,=0.0453,=0.0143,=713
="000958",创业成长,2010-03-24,,,=0.4227,=59.9361,=1,=11.9506,=17.5032,=24.3359,=30.6936,=59.9361,=14.2246,=1,=2.6815,=3.7899,=5.1716,=6.3626,=14.2246,=7.5628,=1,=1.2937,=1.9105,=2.5452,=3.9752,=7.5628,=0.0046,=0.0177,=0.0040,=0.0067,=0.0089,=0.0140,=0.0209,=0.0493,=0.2198,=0.0640,=666
="399994",信息安全,2015-03-12,=0.0125,=1658.7800,=-0.0901,=60.0738,=0.3877,=35.0629,=52.8789,=67.0060,=85.7906,=183.5630,=3.4903,=0.2806,=2.3256,=3.3603,=3.8798,=4.5615,=6.2767,=2.6145,=0.0655,=2.1829,=2.8873,=3.2614,=3.8380,=5.1182,=0.0119,=0.9403,=0.0023,=0.0036,=0.0057,=0.0094,=0.0172,=0.0078,=0.0539,=0.0040,=87
="980030",消费电子,2015-02-17,=0.0281,=11394.0600,=0.5682,=60.9616,=0.9918,=18.6467,=31.5731,=38.7874,=47.2397,=62.6236,=5.8757,=1,=2.0026,=2.5929,=2.9854,=4.1732,=5.8757,=2.9122,=0.9580,=1.1413,=1.3968,=1.5725,=2.3285,=3.4515,=0.0051,=0.0480,=0.0040,=0.0067,=0.0083,=0.0111,=0.0143,=0.0190,=0.0648,=0.0154,=380
="931066",军工龙头,2018-02-05,=0.0043,=2998.2206,=-0.1321,=61.1186,=0.8643,=29.1719,=34.9356,=42.8032,=52.2925,=100.5281,=3.3150,=0.2986,=2.2914,=3.1485,=3.6900,=4.6182,=6.9932,=2.9637,=0.2937,=2.1745,=2.8227,=3.4494,=4.1883,=5.8746,=0.0068,=0.3045,=0.0050,=0.0064,=0.0077,=0.0093,=0.0116,=0.0067,=0.0495,=0.0098,=1066
="931165",新兴科技100,2019-04-25,=0.0149,=11174.5881,=0.3131,=63.2611,=1,=17.0055,=23.2518,=29.3622,=39.4540,=63.2611,=12.8211,=1,=3.5721,=4.3345,=5.3312,=7.5639,=12.8211,=11.6536,=1,=3.0368,=3.6492,=4.8214,=6.3059,=11.6536,=0.0050,=0,=0.0050,=0.0070,=0.0093,=0.0150,=0.0264,=0.0515,=0.1919,=0.0378,=520
="931845",生猪产业,2012-04-11,,,=-0.2167,=64.2087,=0.7515,=12.7881,=21.1629,=29.0152,=101.0404,=705.7713,=2.2730,=0,=2.2730,=2.8952,=3.4870,=4.1514,=5.7536,=0.8489,=0,=0.8489,=1.0395,=1.6465,=2.1713,=2.8287,=0.0307,=0.9946,=0.0091,=0.0128,=0.0169,=0.0203,=0.0316,=-0.0154,=0.0788,=0.0361,=164
="H30535",互联网,2015-01-12,=0.0250,=6894.5495,=0.4218,=64.6474,=0.9996,=14.4753,=20.8597,=35.4182,=48.0314,=65.8357,=8.6572,=1,=1.7453,=2.4419,=3.2259,=4.0270,=8.6572,=5.0314,=1,=1.1519,=1.6628,=1.9721,=2.8362,=5.0314,=0.0050,=0.0004,=0.0050,=0.0075,=0.0109,=0.0121,=0.0190,=0.0359,=0.1165,=0.0168,=23
="931009",建筑材料,2013-07-15,=-0.0305,=5454.9909,=-0.1313,=66.6656,=0.9758,=8.0662,=10.3970,=14.6050,=24.9121,=95.7816,=0.8783,=0.0215,=0.7557,=1.0159,=1.5130,=1.9963,=2.4800,=0.9696,=0.2064,=0.6904,=0.9653,=1.1627,=1.5175,=2.1670,=0.0271,=0.5767,=0.0085,=0.0227,=0.0259,=0.0310,=0.0487,=-0.0025,=0.0109,=-0.0006,=743
="980022",机器人产业,2015-02-25,=0.0295,=2746.8000,=0.0351,=66.7615,=0.8647,=13.7974,=16.6284,=20.2068,=42.7843,=93.9438,=5.4467,=0.9237,=2.5198,=3.0549,=3.5970,=4.7724,=6.2730,=4.5851,=0.8897,=1.0172,=1.2341,=1.4248,=3.6781,=5.9220,=0.0049,=0.1238,=0.0039,=0.0085,=0.0208,=0.0296,=0.0381,=0.0186,=0.0892,=0.0245,=299
="931696",科技50策略,2021-07-12,=0.0337,=31200.4206,=0.5489,=66.8225,=1,=23.0047,=27.7626,=33.6802,=43.4059,=66.8225,=10.8367,=1,=3.0567,=3.9089,=4.4385,=7.0272,=10.8367,=5.9775,=0.9799,=1.9010,=2.3610,=2.6593,=4.1033,=6.7093,=0.0045,=0,=0.0045,=0.0066,=0.0099,=0.0123,=0.0167,=0.0396,=0.1271,=0.0285,=13
="399368",国证军工,2009-11-04,=-0.0066,=7940.2100,=-0.0683,=67.4417,=0.5789,=38.1822,=54.2867,=63.7419,=78.3589,=107.0849,=3.3092,=0.6609,=2.0244,=2.5859,=3.0411,=3.5658,=4.3940,=3.2010,=0.5052,=1.8459,=2.5701,=3.1951,=3.6960,=4.8014,=0.0058,=0.8513,=0.0025,=0.0032,=0.0043,=0.0056,=0.0080,=0.0129,=0.0477,=0.0081,=12
="930910",农牧渔,2016-12-12,=-0.0178,=7727.7062,=-0.2250,=67.8547,=0.7200,=13.2246,=20.8627,=29.6458,=97.1538,=30031.8592,=2.0280,=0,=2.0280,=2.4975,=2.9645,=3.6474,=4.9084,=0.9102,=0.0065,=0.8679,=1.0756,=1.4850,=2.0557,=2.7290,=0.0240,=0.9717,=0.0042,=0.0096,=0.0136,=0.0170,=0.0261,=-0.0088,=0.0664,=0.0304,=12
="H30590",机器人,2015-02-10,=0.0234,=2198.4304,=0.1521,=68.6272,=0.8920,=24.1742,=42.0198,=50.8777,=63.1918,=89.9138,=5.4245,=0.9650,=2.1765,=2.8831,=3.6968,=4.4016,=6.0751,=5.3474,=0.9905,=1.6011,=2.4247,=3.4045,=4.3061,=5.6179,=0.0058,=0.3070,=0.0045,=0.0054,=0.0069,=0.0079,=0.0128,=0.0149,=0.0720,=0.0144,=882
="399973",中证国防,2014-04-15,=0.0061,=1788.6900,=-0.0383,=69.2888,=0.7379,=28.8580,=43.6048,=54.2157,=72.7742,=114.4667,=3.7592,=0.5674,=2.3880,=3.0104,=3.5784,=4.9227,=7.7047,=3.4247,=0.4145,=1.9566,=2.7338,=3.8910,=4.5657,=7.1179,=0.0062,=0.7676,=0.0024,=0.0034,=0.0045,=0.0064,=0.0100,=0.0086,=0.0535,=0.0095,=632
="000915",300信息,2007-07-02,=0.0357,=4849.9624,=0.4920,=69.9529,=1,=20.6178,=34.5626,=39.6797,=47.7297,=69.9529,=8.6177,=1,=2.7398,=3.5399,=4.3468,=5.3648,=8.6177,=4.1597,=0.8348,=1.6744,=2.1697,=3.2201,=4.0969,=4.9963,=0.0054,=0.0099,=0.0049,=0.0061,=0.0076,=0.0100,=0.0144,=0.0247,=0.0971,=0.0166,=18
="930633",中证旅游,2015-05-08,=-0.0224,=2318.1981,=-0.3017,=70.2916,=0.4042,=15.8968,=21.8458,=1948.3301,=-51.0196,=11171.4579,=2.0189,=0.0948,=1.6473,=2.1735,=2.3653,=2.8097,=3.6934,=1.0758,=0.0021,=1.0607,=1.3297,=1.6090,=2.5762,=3.7607,=0.0091,=0.7585,=0.0014,=0.0038,=0.0080,=0.0094,=0.0147,=0.0208,=-0.0128,=-0.0016,=606
="931461",电子50,2009-07-22,=0.0369,=9337.3964,=0.5839,=70.3485,=1,=20.3357,=30.2775,=36.3560,=47.9036,=70.3485,=8.7565,=1,=2.5323,=3.1789,=3.6881,=5.2568,=8.7565,=4.1523,=0.9897,=1.1588,=1.7975,=2.0591,=3.0704,=4.5428,=0.0050,=0.0091,=0.0046,=0.0068,=0.0091,=0.0111,=0.0147,=0.0239,=0.0884,=0.0169,=437
="399967",中证军工,2013-12-26,=0.0012,=13134.7300,=-0.0626,=71.0466,=0.6275,=41.8350,=54.9002,=65.1796,=97.8827,=170.1674,=3.7036,=0.7577,=2.0425,=2.6005,=3.1811,=3.8580,=4.8699,=3.4308,=0.6024,=2.0545,=2.7207,=3.1230,=4.0228,=5.8225,=0.0053,=0.7853,=0.0021,=0.0030,=0.0039,=0.0053,=0.0081,=0.0129,=0.0501,=0.0096,=5937
="930713",CS人工智,2015-07-31,=0.0476,=7261.2798,=0.3747,=71.6117,=0.9551,=24.8131,=43.8200,=53.2886,=62.6714,=90.1869,=10.0699,=1,=2.8384,=3.9100,=4.7032,=5.4142,=10.0699,=5.9597,=0.9913,=2.3148,=3.1674,=3.7883,=4.3128,=6.3979,=0.0049,=0.1504,=0.0040,=0.0050,=0.0061,=0.0078,=0.0120,=0.0330,=0.1245,=0.0172,=1033
="931079",5G通信,2019-04-25,=0.0408,=3523.6369,=0.8278,=71.8469,=0.9983,=21.0709,=27.5623,=33.4539,=43.9929,=103.6981,=10.2956,=1,=2.3623,=3.0357,=3.6052,=5.2459,=10.2956,=4.1451,=1,=1.1916,=1.4875,=1.8716,=2.3238,=4.1451,=0.0046,=0.1022,=0.0036,=0.0056,=0.0084,=0.0121,=0.0152,=0.0389,=0.1398,=0.0276,=2270
="930850",智能制造,2016-07-20,=0.0314,=6886.3745,=0.4385,=71.8704,=1,=23.4329,=32.6120,=41.3862,=50.0061,=71.8704,=7.2557,=1,=2.5370,=3.5080,=4.1313,=5.0468,=7.2557,=4.2780,=0.8497,=1.5919,=2.3506,=2.7704,=3.5455,=5.3954,=0.0055,=0.0325,=0.0050,=0.0062,=0.0078,=0.0101,=0.0146,=0.0208,=0.0857,=0.0160,=361
="931087",科技龙头,2019-03-20,=0.0306,=8213.8844,=0.5627,=71.9612,=1,=22.2848,=33.6165,=40.3829,=51.5060,=71.9612,=10.3035,=1,=2.8190,=4.2151,=5.2765,=6.4839,=10.3035,=9.0111,=1,=2.0316,=3.3075,=3.9542,=4.9133,=9.0111,=0.0043,=0.0262,=0.0037,=0.0054,=0.0065,=0.0086,=0.0172,=0.0321,=0.1080,=0.0209,=2082
="931494",消费电子,2020-06-12,=0.0429,=8104.5721,=0.5934,=73.4720,=1,=20.2625,=31.6837,=38.4542,=51.0795,=73.4720,=7.7261,=1,=2.1307,=2.8130,=3.4819,=5.0363,=7.7261,=3.7009,=1,=1.3000,=1.6468,=1.9491,=2.5940,=3.7009,=0.0049,=0.0707,=0.0040,=0.0059,=0.0084,=0.0110,=0.0138,=0.0228,=0.0807,=0.0166,=222
="399993",CSWD生科,2015-05-08,=0.0166,=2187.2700,=-0.1608,=73.6625,=0.8047,=31.0960,=44.1993,=56.6752,=73.5322,=122.8633,=3.1476,=0.0738,=2.5928,=3.6495,=6.1540,=7.6052,=15.2283,=6.2569,=0.1397,=4.8204,=6.7244,=9.2896,=14.2706,=21.1379,=0.0112,=0.8756,=0.0023,=0.0039,=0.0061,=0.0104,=0.0144,=0.0163,=0.0356,=0.0147,=67
="931160",通信设备,2013-07-15,=0.0369,=27527.4425,=0.7805,=74.3877,=0.9250,=19.3231,=27.7990,=36.6977,=53.6799,=91.1971,=11.8240,=1,=2.1520,=2.8712,=3.4267,=3.9748,=11.8240,=4.2475,=1,=0.9706,=1.2833,=1.5072,=2.4413,=4.2475,=0.0049,=0.2002,=0.0028,=0.0049,=0.0077,=0.0150,=0.0221,=0.0428,=0.1280,=0.0276,=1254
="931071",人工智能,2018-11-21,=0.0523,=3224.2224,=0.4232,=74.9273,=1,=30.9003,=39.6951,=48.4320,=56.6855,=74.9273,=11.0248,=0.9961,=2.9559,=3.8958,=4.7353,=5.8998,=11.5305,=6.5875,=0.9351,=2.2000,=2.7965,=3.1918,=4.0715,=9.3591,=0.0046,=0.0083,=0.0041,=0.0054,=0.0064,=0.0086,=0.0135,=0.0409,=0.1450,=0.0239,=1331
="930790",CS娱乐TI,2016-03-22,=0.0018,=1148.7682,=-0.1920,=75.9202,=0.7563,=17.3299,=32.7513,=49.1100,=79.8982,=245.3480,=2.3231,=0.3432,=1.6576,=2.1349,=2.5525,=3.1170,=3.8872,=2.5655,=0.0869,=2.2057,=2.7896,=3.2387,=4.0347,=5.0752,=0.0155,=0.8362,=0.0039,=0.0093,=0.0124,=0.0150,=0.0240,=0.0124,=0.0200,=0.0156,=15
="931643",科创创业50,2021-06-01,=0.0334,=2992.2703,=0.5000,=76.0540,=0.9485,=22.6109,=28.4759,=39.9153,=57.5699,=92.9106,=9.9607,=0.9485,=3.3216,=4.1759,=5.1610,=7.0599,=12.1685,=8.8882,=0.8675,=2.7030,=3.4021,=4.6030,=7.0128,=14.6821,=0.0051,=0.3549,=0.0024,=0.0039,=0.0075,=0.0116,=0.0174,=0.0368,=0.1190,=0.0246,=1958
="930875",空天军工,2016-08-17,=0.0061,=2317.3274,=-0.0422,=76.4366,=0.8701,=27.3832,=45.4506,=55.4546,=73.3042,=98.7933,=4.1749,=0.6462,=2.4052,=3.1531,=3.6184,=4.9435,=7.9650,=3.7623,=0.5175,=2.1274,=2.8904,=3.7068,=4.5330,=7.7673,=0.0057,=0.6990,=0.0022,=0.0032,=0.0040,=0.0069,=0.0106,=0.0090,=0.0567,=0.0104,=104
="930652",CS电子,2015-06-05,=0.0335,=15161.6636,=0.5457,=77.6345,=1,=21.2056,=33.8173,=43.2272,=51.7445,=77.6345,=8.5893,=1,=2.2039,=3.1461,=3.6478,=4.7615,=8.5893,=4.5777,=1,=1.4014,=2.0216,=2.2958,=3.0394,=4.5777,=0.0044,=0,=0.0044,=0.0063,=0.0077,=0.0104,=0.0141,=0.0249,=0.0838,=0.0162,=477
="931582",数字经济,2020-11-09,=0.0357,=1994.6116,=0.3510,=78.4832,=0.9904,=35.0365,=43.9338,=50.1617,=65.9123,=83.2725,=9.0289,=0.9875,=3.4564,=4.8994,=5.6582,=6.5875,=9.8458,=7.9753,=0.8801,=2.4970,=3.8987,=5.8397,=7.6120,=11.8341,=0.0037,=0,=0.0037,=0.0048,=0.0057,=0.0067,=0.0087,=0.0236,=0.0954,=0.0158,=183
="932088",全指航空,2023-03-23,=0.0049,=773.3064,=-0.1192,=79.0374,=0.6692,=36.9197,=48.9682,=66.8803,=88.3159,=116.5746,=3.6311,=0.6692,=2.3948,=3.0315,=3.3835,=3.8769,=4.9751,=3.3137,=0.3461,=2.2988,=2.9049,=3.5756,=4.0590,=4.9356,=0.0061,=0.4968,=0.0041,=0.0052,=0.0061,=0.0070,=0.0090,=0.0077,=0.0470,=0.0092,=38
="000935",中证信息,2009-07-03,=0.0325,=9463.7200,=0.4745,=79.1881,=1,=22.3783,=36.3294,=44.9661,=54.5100,=79.1881,=8.2267,=1,=2.5910,=3.3282,=4.0455,=4.7614,=8.2267,=4.7454,=1,=1.7187,=2.2023,=2.7279,=3.5210,=4.7454,=0.0046,=0,=0.0046,=0.0059,=0.0072,=0.0094,=0.0127,=0.0237,=0.0833,=0.0137,=1119
="1000007",创业板全指,2010-05-01,=0.0149,=4845.1700,=0.2387,=80.3095,=0.7421,=33.8134,=48.2400,=61.0242,=100.0107,=334.2333,=5.2962,=0.8142,=2.3083,=3.3593,=4.0485,=5.2260,=6.6514,=4.6187,=0.6300,=2.1439,=3.2922,=4.1202,=5.5790,=8.9790,=0.0066,=0.6201,=0.0032,=0.0045,=0.0060,=0.0081,=0.0148,=0.0212,=0.0638,=0.0178,=1921
="980080",成长100,2012-12-28,,,=0.6296,=80.5323,=1,=39.4731,=44.7843,=49.3656,=58.3171,=80.5323,=9.0517,=1,=3.0437,=3.6149,=5.4724,=6.6606,=9.0517,=5.7220,=1,=2.0191,=2.3995,=2.9286,=4.3288,=5.7220,=0.0031,=0,=0.0031,=0.0052,=0.0059,=0.0069,=0.0087,=0.0481,=0.1452,=0.0254,=191
="000993",全指信息,2011-08-02,=0.0325,=12610.7700,=0.4859,=81.3424,=0.9662,=27.3163,=42.0292,=52.3654,=67.7852,=96.2351,=8.2670,=1,=2.5265,=3.2907,=4.0177,=4.7054,=8.2670,=4.8879,=0.9699,=1.8009,=2.3376,=2.8258,=3.4670,=5.4447,=0.0044,=0.0845,=0.0039,=0.0053,=0.0064,=0.0084,=0.0117,=0.0221,=0.0751,=0.0134,=4076
="399019",创业200,2023-11-15,=0.0114,=5184.8300,=0.1405,=82.3285,=0.4572,=45.1604,=59.6452,=85.3360,=110.6212,=137.0675,=3.9262,=0.8372,=1.8905,=2.4439,=3.1979,=3.8752,=4.5553,=3.7484,=0.9063,=1.7802,=2.2963,=2.8261,=3.4056,=4.2060,=0.0067,=0.2977,=0.0056,=0.0064,=0.0078,=0.0090,=0.0120,=0.0165,=0.0404,=0.0111,=83
="931866",中证机床,2022-05-09,=0.0351,=3062.6047,=0.7079,=83.3431,=1,=28.6086,=36.8432,=40.4251,=53.2859,=83.3431,=8.9237,=1,=2.8302,=3.7447,=4.2902,=5.0529,=8.9237,=7.2313,=1,=2.4023,=3.1542,=3.4233,=4.1620,=7.2313,=0.0044,=0,=0.0044,=0.0067,=0.0078,=0.0098,=0.0146,=0.0321,=0.1022,=0.0244,=155
="H30318",科技传媒通信150,2014-04-15,=0.0361,=5212.0760,=0.6952,=84.5593,=1,=19.8534,=28.8631,=38.1497,=49.8718,=84.5593,=12.1609,=1,=2.0037,=2.4801,=3.5091,=4.3180,=12.1609,=6.3529,=1,=1.2409,=1.8640,=2.3043,=2.7760,=6.3529,=0.0033,=0,=0.0033,=0.0058,=0.0072,=0.0165,=0.0244,=0.0368,=0.1091,=0.0211,=41
="931469",云计算50,2020-06-12,=0.0298,=4376.4332,=0.1816,=84.9169,=0.8312,=43.1726,=58.3765,=68.4673,=81.9930,=130.8911,=11.6082,=1,=3.0031,=3.8761,=5.1014,=6.1491,=11.6082,=6.4291,=1,=2.2186,=2.8542,=3.4886,=4.2293,=6.4291,=0.0021,=0,=0.0021,=0.0033,=0.0043,=0.0056,=0.0085,=0.0385,=0.1212,=0.0175,=61
="932038",央企科技引领,2022-11-16,=0.0243,=2045.5334,=0.3668,=89.3173,=0.9482,=31.0707,=37.7248,=44.7840,=75.9738,=100.6860,=6.1488,=0.9689,=2.7684,=3.4609,=3.9672,=4.8436,=6.8336,=6.4503,=0.9827,=2.3932,=3.1421,=3.8998,=5.3151,=6.9314,=0.0050,=0.0311,=0.0045,=0.0065,=0.0085,=0.0110,=0.0151,=0.0105,=0.0636,=0.0096,=36
="930851",云计算,2016-07-20,=0.0237,=6692.7604,=0.0324,=90.3427,=0.7362,=37.0632,=52.8822,=67.5351,=96.4450,=313.0672,=9.8194,=1,=2.7148,=3.6045,=4.2906,=5.3837,=9.8194,=6.3832,=1,=1.6839,=2.4257,=3.1184,=3.7338,=6.3832,=0.0023,=0.0074,=0.0021,=0.0031,=0.0037,=0.0050,=0.0080,=0.0301,=0.0896,=0.0112,=460
="CN5082",国证航天,2015-02-16,,,=-0.1603,=94.0535,=0.7452,=44.4252,=58.7080,=73.0479,=113.0568,=173.9279,=3.8862,=0.6303,=2.1924,=2.8248,=3.3453,=4.3604,=5.7727,=3.7642,=0.6719,=1.9232,=2.5659,=3.3664,=4.1058,=6.0090,=0.0051,=0.8316,=0.0021,=0.0030,=0.0037,=0.0049,=0.0082,=0.0055,=0.0382,=0.0066,=19
="970070",创业板人工智能,2024-07-11,=0.0361,=9228.6500,=0.5564,=94.8037,=0.8098,=48.3861,=71.5990,=80.8994,=94.3790,=119.1606,=14.9393,=1,=3.3467,=5.0486,=6.0665,=9.6489,=14.9393,=11.8272,=1,=3.4016,=4.9428,=5.9967,=8.9687,=11.8272,=0.0028,=0,=0.0028,=0.0037,=0.0053,=0.0066,=0.0096,=0.0381,=0.1206,=0.0167,=223
="931521",高装细分50,2020-07-08,=0.0057,=2960.8178,=-0.1098,=98.3697,=0.8036,=33.8051,=48.4801,=57.2603,=96.4299,=160.3029,=4.1155,=0.4955,=2.5146,=3.4313,=4.1354,=5.0013,=6.8876,=4.2063,=0.3381,=2.7226,=3.8971,=4.4209,=5.0877,=6.7300,=0.0050,=0.3103,=0.0025,=0.0042,=0.0055,=0.0065,=0.0091,=0.0050,=0.0438,=0.0069,=78
="931144",通信技术,2019-05-30,=0.0349,=5058.8346,=1.1729,=101.7716,=0.9871,=22.8153,=30.3925,=36.6207,=50.3798,=113.1406,=14.9996,=1,=2.5671,=3.1050,=3.6708,=4.7320,=14.9996,=9.2535,=1,=1.6428,=2.1012,=2.4763,=3.3799,=9.2535,=0.0022,=0,=0.0022,=0.0044,=0.0066,=0.0102,=0.0166,=0.0432,=0.1354,=0.0299,=247
="000683",科创生物,2022-05-09,=0.0130,=925.2900,=-0.1372,=103.8431,=0.1122,=31.4909,=159.3100,=1963.8025,=-211.0848,=97054.3385,=5.6087,=0.5902,=4.0903,=4.8850,=5.4144,=6.3086,=7.9611,=8.8348,=0.1222,=7.6079,=9.2215,=10.3252,=11.4603,=14.1963,=0.0030,=0.1934,=0.0025,=0.0031,=0.0047,=0.0061,=0.0086,=0.0094,=0.0457,=0.0035,=54
="931247",中证信创,2012-12-21,=0.0164,=1549.7277,=0.0588,=105.5948,=0.2478,=66.5979,=101.2227,=202.9020,=275.5903,=369.3964,=7.0863,=0.9810,=2.7947,=3.4796,=4.6804,=5.8639,=7.4810,=5.6074,=0.9697,=2.8203,=3.4076,=4.1096,=4.8437,=6.0696,=0.0031,=0.0392,=0.0029,=0.0037,=0.0042,=0.0053,=0.0076,=0.0271,=0.0400,=0.0016,=97
="H30202",软件指数,2013-07-15,=0.0082,=12138.7941,=-0.1949,=106.6557,=0.6057,=45.1036,=65.7516,=91.5392,=155.6957,=372.5263,=4.5759,=0.2180,=2.9348,=4.5143,=5.4312,=6.6183,=8.8705,=6.1879,=0.3255,=3.9010,=5.4106,=6.8710,=8.0740,=13.5560,=0.0068,=0.9378,=0.0022,=0.0033,=0.0044,=0.0054,=0.0102,=0.0053,=0.0344,=-0.0039,=318
="930601",中证软件,2015-03-10,=0.0091,=5141.5800,=-0.1823,=108.1717,=0.7495,=29.3378,=51.8564,=79.5825,=128.9417,=302.4908,=4.9566,=0.5946,=2.7207,=3.9641,=4.6717,=5.7165,=7.7476,=5.9723,=0.7689,=2.8007,=4.0731,=4.9566,=6.0863,=9.8975,=0.0065,=0.9316,=0.0025,=0.0035,=0.0044,=0.0053,=0.0101,=0.0078,=0.0385,=-0.0029,=390
="980076",通用航空,2012-12-28,=-0.0035,=3174.0500,=-0.1446,=108.9898,=0.6694,=69.9916,=80.3327,=101.0379,=128.3235,=158.1149,=3.9840,=0.7466,=2.7445,=3.2113,=3.5228,=4.1256,=5.1513,=4.7952,=0.7466,=3.4358,=4.0820,=4.3053,=4.9524,=6.3273,=0.0041,=0.1295,=0.0037,=0.0042,=0.0053,=0.0062,=0.0073,=0.0066,=0.0297,=0.0083,=56
="930902",中证数据,2016-10-18,=0.0192,=3011.0982,=-0.0558,=109.6705,=0.7411,=37.6891,=57.1435,=78.4478,=122.1647,=366.0842,=4.2938,=0.6418,=2.4001,=3.4209,=3.9867,=4.6806,=5.5171,=2.9195,=0.2172,=2.0473,=2.8819,=3.3841,=4.1646,=7.0542,=0.0038,=0.5984,=0.0020,=0.0030,=0.0035,=0.0047,=0.0091,=0.0025,=0.0339,=0.0011,=243
="932438",科创创业机器人,2025-05-16,,,=0.1736,=116.3341,=1,=67.6486,=76.9793,=83.3770,=92.1387,=116.3341,=6.4420,=0.9321,=4.9598,=5.2857,=5.6694,=6.2004,=6.8835,=6.8107,=0.8943,=5.2672,=5.7437,=6.0648,=6.6238,=7.4199,=0.0031,=0,=0.0031,=0.0036,=0.0039,=0.0044,=0.0049,=0.0153,=0.0666,,=55
="CN5075",国证信创,2015-02-16,,,=0.3949,=120.0733,=0.7747,=39.3034,=49.7885,=76.4429,=123.8646,=152.0158,=9.9008,=1,=3.0386,=3.5512,=5.1564,=7.1624,=9.9008,=7.4812,=1,=2.8415,=3.6728,=4.3840,=5.4216,=7.4812,=0.0021,=0,=0.0021,=0.0031,=0.0059,=0.0081,=0.0108,=0.0268,=0.0598,=0.0136,=28
="932456",科创创业AI,2025-05-14,=0.0542,=4273.6535,=0.4689,=124.2496,=0.6617,=95.3901,=110.6797,=117.4287,=139.6661,=192.3777,=16.4217,=1,=6.1464,=7.4692,=10.3328,=11.4814,=16.4217,=16.9627,=0.9368,=9.0747,=11.2116,=14.6296,=15.7443,=18.3647,=0.0019,=0.4461,=0.0016,=0.0017,=0.0019,=0.0025,=0.0030,=0.0437,=0.0985,,=45
="000858",500信息,2013-11-06,=0.0250,=15149.2200,=0.4375,=125.2711,=0.9757,=25.3805,=43.9766,=64.2576,=89.1124,=209.3531,=7.3034,=1,=2.1626,=2.9041,=3.3886,=3.9462,=7.3034,=7.8098,=1,=1.1229,=1.9074,=2.6879,=3.6081,=7.8098,=0.0026,=0,=0.0026,=0.0044,=0.0059,=0.0072,=0.0110,=0.0212,=0.0505,=0.0070,=350
="950161",科创新药,2024-08-23,=0.0329,=1075.3815,=-0.1245,=128.0549,=0.0319,=113.6689,=-649.1272,=-145.6276,=-90.0277,=1578.9342,=7.7817,=0.2961,=4.9324,=6.6394,=8.8539,=10.4597,=12.9042,=10.0596,=0.1959,=8.4204,=10.0742,=12.4474,=14.4002,=17.6998,=0.0015,=0.6128,=0.0009,=0.0011,=0.0014,=0.0018,=0.0023,=0.0059,=0.0403,=-0.0091,=21
="000698",科创100,2023-08-07,=0.0235,=2157.0100,=0.4795,=131.5185,=0.2095,=60.6995,=130.5945,=215.7380,=254.8226,=337.2511,=7.7377,=1,=2.7397,=3.5900,=4.1703,=5.7379,=7.7377,=8.4469,=0.8165,=4.0312,=5.0887,=6.1595,=8.3784,=10.0837,=0.0027,=0.0043,=0.0027,=0.0034,=0.0055,=0.0064,=0.0089,=0.0093,=0.0369,=0.0028,=545
="399020",创业小盘,2023-11-15,=0.0082,=2052.6900,=0.1546,=132.2004,=0.4105,=48.5170,=81.0899,=149.7668,=213.2149,=256.8495,=4.1091,=0.9569,=1.8521,=2.4401,=3.2059,=3.7727,=4.3734,=4.1073,=0.9281,=1.9895,=2.5699,=3.1760,=3.7812,=4.2999,=0.0051,=0.0096,=0.0050,=0.0062,=0.0069,=0.0084,=0.0109,=0.0115,=0.0199,=0.0104,=11
="932000",中证2000,2023-08-11,=0.0039,=3561.7105,=0.1119,=134.2864,=0.6323,=44.0427,=58.1008,=84.1114,=154.6668,=228.3990,=2.9311,=0.8663,=1.5089,=1.9697,=2.3369,=2.8550,=3.3036,=2.4295,=0.8895,=1.1809,=1.5484,=1.8233,=2.3247,=2.6726,=0.0071,=0.0858,=0.0062,=0.0077,=0.0092,=0.0115,=0.0155,=0.0098,=0.0154,=0.0097,=1163
="H30007",芯片产业,2012-12-20,=0.0419,=5187.6166,=0.6382,=149.2683,=0.9881,=24.2382,=40.3144,=69.3185,=111.4897,=186.5687,=11.2808,=1,=1.9412,=3.6288,=4.4841,=7.1435,=11.2808,=16.2223,=1,=1.5871,=3.6735,=6.4805,=8.1831,=16.2223,=0.0010,=0,=0.0010,=0.0017,=0.0024,=0.0046,=0.0105,=0.0230,=0.0446,=0.0109,=522
="000690",科创成长,2022-11-04,=0.0405,=3094.2200,=0.6504,=150.3532,=0.7740,=26.4295,=44.2101,=82.1734,=155.9738,=288.8500,=16.7430,=1,=3.7827,=4.8410,=5.4862,=11.6407,=16.7430,=18.4520,=0.9852,=2.7510,=3.9928,=5.0977,=14.1076,=19.2028,=0.0012,=0,=0.0012,=0.0021,=0.0034,=0.0056,=0.0127,=0.0188,=0.1043,=0.0143,=132
="980017",国证芯片,2015-02-17,=0.0449,=20721.2800,=0.6333,=152.6430,=0.9795,=30.3742,=55.6095,=79.1944,=106.2256,=227.4136,=12.1756,=1,=3.1638,=4.0865,=5.6940,=7.4000,=12.1756,=17.5706,=1,=3.6283,=5.7861,=6.6377,=7.9528,=17.5706,=0.0009,=0,=0.0009,=0.0016,=0.0021,=0.0027,=0.0044,=0.0146,=0.0397,=0.0130,=2590
="H30184",半导体,2013-07-15,=0.0387,=15643.1558,=0.6999,=155.6070,=1,=33.2056,=51.7038,=77.0183,=105.8162,=155.6070,=11.1176,=0.9955,=2.5082,=3.4224,=4.8006,=7.3621,=12.2763,=16.7053,=1,=1.3963,=2.6456,=6.9049,=9.2882,=16.7053,=0.0012,=0,=0.0012,=0.0018,=0.0025,=0.0036,=0.0070,=0.0203,=0.0527,=0.0094,=3319
="990001",中华半导体芯片,2019-03-18,=0.0432,=19765.0740,=0.6350,=156.2995,=0.9977,=33.1780,=61.2505,=84.6861,=114.8542,=160.7761,=10.9371,=0.9994,=3.1429,=4.2592,=5.3094,=7.3757,=10.9977,=16.2612,=1,=3.3238,=6.0823,=7.1028,=9.2374,=16.2612,=0.0010,=0,=0.0010,=0.0016,=0.0021,=0.0028,=0.0056,=0.0177,=0.0410,=0.0101,=1376
="932087",集成电路,2023-03-29,=0.0481,=1818.1402,=0.6054,=158.4452,=0.8960,=46.1239,=99.1473,=131.6836,=150.5746,=195.7770,=10.3334,=1,=3.1405,=3.8826,=5.1269,=6.9114,=10.3334,=15.9822,=1,=5.8347,=7.5623,=8.9644,=11.5741,=15.9822,=0.0012,=0.0013,=0.0012,=0.0014,=0.0018,=0.0022,=0.0029,=0.0203,=0.0481,=0.0079,=38
="931743",半导体材料设备,2012-12-21,=0.0161,=10211.0357,=0.9830,=174.1674,=1,=30.1973,=39.4415,=59.9880,=81.6344,=174.1674,=13.4447,=1,=2.5588,=3.3769,=4.2259,=6.5920,=13.4447,=19.7312,=1,=2.5903,=3.1490,=3.8198,=10.2860,=19.7312,=0.0011,=0,=0.0011,=0.0022,=0.0030,=0.0045,=0.0073,=0.0198,=0.0706,=0.0130,=240
="000699",科创200,2024-08-20,=0.0229,=1884.4600,=0.4279,=190.0727,=0.2591,=128.9087,=180.9087,=251.3438,=311.5416,=388.1174,=5.3576,=0.9705,=1.9770,=3.0135,=3.5847,=4.6614,=5.6033,=7.9615,=0.9068,=3.3605,=5.0827,=5.9511,=7.3619,=8.3761,=0.0038,=0.1205,=0.0033,=0.0042,=0.0053,=0.0068,=0.0100,=0.0066,=0.0165,=0.0029,=135
="000680",科创综指,2025-01-20,=0.0329,=2297.9300,=0.4040,=203.7158,=0.3687,=115.7401,=186.4019,=211.7564,=233.2418,=278.5830,=7.3893,=1,=3.4337,=3.9426,=5.1302,=5.7819,=7.3893,=9.5599,=1,=4.7291,=5.4482,=7.0320,=7.8905,=9.5599,=0.0025,=0,=0.0025,=0.0033,=0.0038,=0.0051,=0.0065,=0.0091,=0.0262,=0.0033,=202
="931865",中证半导,2019-03-20,=0.0345,=9120.0882,=0.8429,=209.8390,=1,=32.8138,=44.7645,=72.8518,=120.8289,=209.8390,=14.3401,=1,=3.3892,=4.1391,=5.1427,=7.9328,=14.3401,=23.7807,=1,=6.4190,=7.6873,=8.6803,=14.0883,=23.7807,=0.0008,=0,=0.0008,=0.0013,=0.0021,=0.0025,=0.0032,=0.0168,=0.0580,=0.0153,=199
="1000014",科创板全指,2019-07-22,,,,=217.6111,=0.9277,=34.6058,=58.3680,=76.8269,=128.8987,=267.8356,=7.3574,=0.9576,=2.4875,=3.7859,=4.8554,=6.4225,=9.5957,=9.5594,=0.7843,=3.3799,=5.1838,=6.4652,=9.7743,=14.1086,=0.0025,=0.1326,=0,=0.0032,=0.0044,=0.0065,=0.0098,=0.0091,=0.0255,=0.0035,=1289
="000682",科创信息,2021-08-16,=0.0418,=3121.4500,=0.5656,=218.2325,=1,=41.6131,=59.7034,=92.4375,=131.0261,=218.2325,=12.5748,=1,=3.3247,=4.3450,=5.3395,=6.4855,=12.5748,=18.5854,=1,=5.5790,=7.2920,=8.8595,=11.3294,=18.5854,=0.0013,=0,=0.0013,=0.0021,=0.0030,=0.0039,=0.0070,=0.0200,=0.0432,=0.0072,=100
="000688",科创50,2020-07-23,=0.0384,=1911.5100,=0.4220,=225.4413,=1,=35.5957,=42.5148,=70.7378,=109.5407,=225.4413,=9.4302,=1,=2.9443,=4.1901,=4.8447,=6.7389,=9.4302,=11.6585,=0.9406,=3.1319,=4.5546,=5.5442,=9.1702,=13.2586,=0.0019,=0,=0.0019,=0.0030,=0.0045,=0.0072,=0.0110,=0.0135,=0.0347,=0.0045,=7900
="950180",科创AI,2024-07-25,=0.0443,=2756.0083,=0.2264,=232.9385,=0.9825,=66.2784,=98.5401,=140.9549,=169.6836,=271.3436,=17.1804,=1,=3.9039,=5.9775,=8.9990,=11.3594,=17.1804,=26.9452,=1,=6.3298,=9.3734,=13.3650,=16.4151,=26.9452,=0.0013,=0,=0.0013,=0.0024,=0.0029,=0.0050,=0.0077,=0.0274,=0.0670,=0.0163,=211
="931594",卫星产业,2020-12-22,=0.0126,=1085.2988,=-0.0387,=234.6854,=0.8110,=44.5603,=95.8138,=129.3398,=230.3409,=428.4930,=6.4957,=0.9669,=2.3588,=3.0499,=3.5072,=3.9854,=7.6413,=9.2068,=0.9458,=3.4655,=4.5322,=5.1425,=6.0488,=11.4514,=0.0025,=0.0346,=0.0023,=0.0027,=0.0032,=0.0052,=0.0086,=0.0019,=0.0317,=0.0057,=166
="000689",科创材料,2022-08-15,=0.0202,=1933.8900,=0.5952,=253.3989,=1,=38.7753,=45.2727,=79.0827,=146.1385,=253.3989,=7.6598,=1,=1.9307,=2.6052,=3.1880,=4.4249,=7.6598,=9.6904,=1,=2.1963,=3.1266,=4.0215,=5.3724,=9.6904,=0.0021,=0,=0.0021,=0.0045,=0.0065,=0.0079,=0.0117,=0.0126,=0.0258,=0.0058,=34
="950162",科创芯片设计,2024-07-26,=0.0425,=2973.3024,=0.5982,=259.2618,=0.4486,=161.6128,=226.9073,=268.0798,=386.5454,=687.1301,=17.9481,=1,=4.2582,=7.5770,=8.8477,=12.7421,=17.9481,=28.9301,=1,=8.7765,=14.4417,=16.6308,=21.0749,=28.9301,=0.0011,=0.0131,=0.0011,=0.0012,=0.0015,=0.0018,=0.0029,=0.0309,=0.0713,=0.0107,=50
="950125",科创半导体材料设备,2024-07-26,=0.0165,=4458.8460,=1.0755,=276.2070,=1,=70.4245,=116.3225,=127.5879,=160.0938,=276.2070,=13.9553,=1,=2.8469,=4.7477,=5.2836,=6.6520,=13.9553,=29.6206,=1,=7.2923,=10.8915,=12.8037,=14.6811,=29.6206,=0.0008,=0.1269,=0.0006,=0.0008,=0.0014,=0.0016,=0.0028,=0.0075,=0.0371,=0.0094,=114
="000685",科创芯片,2022-06-13,=0.0432,=4613.8600,=0.7655,=281.7627,=1,=42.1555,=68.0747,=117.0050,=177.0187,=281.7627,=13.8899,=1,=3.1235,=4.0593,=5.0602,=7.1351,=13.8899,=26.8221,=1,=7.4796,=10.0369,=12.1563,=14.7864,=26.8221,=0.0006,=0,=0.0006,=0.0011,=0.0015,=0.0021,=0.0026,=0.0152,=0.0415,=0.0074,=473
="980018",卫星通信,2015-02-17,=0.0169,=5362.7200,=0.0034,=380.4435,=0.9454,=23.6003,=28.9412,=39.9241,=57.0889,=1063.4314,=7.2938,=0.9975,=1.7225,=2.0534,=2.5621,=4.2436,=7.7241,=9.4927,=1,=1.5054,=1.8035,=2.2949,=3.1052,=9.4927,=0.0014,=0,=0.0014,=0.0039,=0.0128,=0.0171,=0.0231,=0.0054,=0.0181,=0.0298,=117
="H30182",计算机,2013-07-15,=0.0082,=6365.9450,=-0.1692,=414.9823,=0.8433,=33.2527,=55.1898,=101.0213,=277.9083,=65313.4473,=4.0882,=0.4985,=2.4295,=3.5788,=4.0913,=4.6426,=5.8765,=4.0116,=0.4023,=2.3635,=3.5821,=4.1470,=4.7460,=7.6223,=0.0049,=0.7070,=0.0028,=0.0040,=0.0045,=0.0053,=0.0091,=-0.0024,=0.0033,=-0.0042,=50
="930781",中证影视,2016-02-04,=-0.0071,=1340.2067,=-0.2073,=600.9612,=0.6106,=16.7066,=43.1495,=198.7800,=-60.8596,=6083.5065,=1.8073,=0.0577,=1.4352,=2.0516,=2.3876,=3.4123,=6.3013,=3.9421,=0.3923,=2.7079,=3.4931,=4.3386,=5.5124,=10.5203,=0.0111,=0.8855,=0.0019,=0.0037,=0.0063,=0.0097,=0.0161,=0.0049,=0.0185,=0.0219,=179
="950333",智选创新价值,2024-09-25,=0.0089,=2954.3207,=0.3000,=1202.5840,=0.4183,=62.6254,=107.9315,=-3643.4467,=-258.4138,=5158.8110,=4.8292,=1,=1.6564,=2.1448,=2.4086,=2.9431,=4.8292,=5.7413,=1,=1.6015,=2.1278,=2.5138,=3.0187,=5.7413,=0.0023,=0,=0.0023,=0.0059,=0.0070,=0.0103,=0.0136,=-0.0002,=-0.0164,=-0.0030,=13
="931992",疫苗生物,2013-07-15,=0.0120,=1039.8954,=-0.1386,=4929.8456,=0.9990,=26.1322,=61.2278,=87.6988,=125.9700,=4934.3200,=2.7517,=0.2567,=2.2475,=2.6956,=3.0424,=3.6457,=5.0256,=4.9610,=0.3330,=3.7134,=4.6864,=5.1732,=5.5679,=6.4257,=0.0109,=0.8691,=0.0060,=0.0068,=0.0085,=0.0105,=0.0125,=0.0112,=0.0013,=0.0085,=28
="931151",光伏产业,2019-04-22,=-0.0124,=3021.4463,=0.0572,=-522.9263,=0.9118,=9.5087,=20.5511,=38.0420,=68.7745,=2491.4939,=2.5077,=0.4674,=1.5562,=1.9235,=2.6376,=4.4969,=6.9801,=2.2362,=0.6144,=0.8897,=1.2434,=1.8017,=3.2395,=5.9137,=0.0070,=0.3729,=0.0030,=0.0055,=0.0094,=0.0199,=0.0300,=0.0016,=0.0012,=0.0005,=2714
="1000009",深圳B股,1994-01-10,=-0.0075,=1134.3000,=-0.1031,=-141.9854,=0.9881,=6.5509,=10.0230,=16.1609,=22.7328,=61.4680,=0.7464,=0.5245,=0.5585,=0.6590,=0.7356,=0.9510,=1.4530,=0.4701,=0.4631,=0.3544,=0.4194,=0.4858,=0.6741,=1.0969,=0.0336,=0.3506,=0.0205,=0.0266,=0.0369,=0.0449,=0.0610,,=0.0028,=0.0115,=203
="000692",科创新能,2023-04-03,=0.0019,=1265.2700,=0.0930,=-62.5648,=0.6546,=13.9124,=18.7723,=114.7546,=-44.7002,=279.8956,=2.8885,=0.8376,=1.4486,=1.7863,=2.2024,=2.7992,=4.0229,=1.9162,=0.8119,=0.8667,=1.1537,=1.4344,=1.9078,=2.6157,=0.0035,=0.0271,=0.0030,=0.0058,=0.0166,=0.0207,=0.0318,=-0.0018,=-0.0642,=-0.0138,=34
="931025",港股通地产,2017-11-06,,,=0.0428,=-50.2911,=0.7354,=1.3998,=5.4475,=8.2770,=-2.9479,=7833.8201,=0.4521,=0.4084,=0.0757,=0.2098,=0.5024,=0.8778,=1.4256,=0.8383,=0.7555,=0.0508,=0.1430,=0.5413,=0.8770,=1.5776,=0.0392,=0.3965,=0,=0.0289,=0.0427,=0.0693,=0.2175,,=-0.0074,,=11
="399393",国证地产,2012-08-20,=-0.0217,=2512.6300,=-0.1947,=-5.5426,=0.9988,=6.3321,=8.5850,=15.6801,=59.2610,=115902.4187,=0.7452,=0.0828,=0.5768,=0.8448,=1.0956,=1.7733,=2.5183,=0.5387,=0.2917,=0.3699,=0.5176,=0.6563,=1.2024,=1.7471,=0.0112,=0.0659,=0.0083,=0.0183,=0.0259,=0.0342,=0.0478,=-0.0014,=-0.0767,=0.0012,=1429
="931775",房地产,2013-07-15,=-0.0097,=2482.0968,=-0.1678,=-4.5176,=1,=7.0141,=8.9821,=18.2272,=-93.4681,=1490.8370,=0.7688,=0.1281,=0.5750,=0.8405,=1.0812,=1.7368,=2.4742,=0.5689,=0.3329,=0.3617,=0.5329,=0.6847,=1.2577,=1.8650,=0.0062,=0.0054,=0.0058,=0.0148,=0.0234,=0.0325,=0.0448,=-0.0040,=-0.1024,=-0.0027,=930
="000816",细分地产,2012-04-11,,,=-0.1545,=-4.1463,=1,=6.1299,=8.3282,=15.7647,=211.7511,=2488.2259,=0.7359,=0.1117,=0.5599,=0.8154,=1.0667,=1.7944,=2.5676,=0.5096,=0.2505,=0.3390,=0.4956,=0.6275,=1.1715,=1.7076,=0.0051,=0.0111,=0.0044,=0.0176,=0.0275,=0.0358,=0.0516,=-0.0038,=-0.1018,=-0.0024,=7
="399965",800地产,2012-12-21,=-0.0184,=1962.1200,=-0.2567,=-2.8419,=1,=5.5394,=8.0041,=14.1301,=34.8830,=59.7245,=0.5023,=0,=0.5023,=0.7174,=1.0191,=1.7574,=2.5596,=0.3079,=0.0045,=0.2881,=0.4109,=0.5493,=1.1267,=1.6493,=0.0072,=0.0029,=0.0068,=0.0180,=0.0280,=0.0369,=0.0562,=-0.0020,=-0.0854,=0.0007,=200
="399983",地产等权,2013-11-22,=-0.0258,=1431.1500,=-0.2975,=-1.8343,=1,=5.0058,=7.3313,=10.5749,=17.2386,=75.5023,=0.3998,=0,=0.3998,=0.5970,=1.0969,=1.8677,=2.8135,=0.2358,=0.0037,=0.2209,=0.3547,=0.4981,=1.0434,=1.5710,=0.0055,=0.0165,=0.0037,=0.0220,=0.0322,=0.0412,=0.0629,=-0.0053,=-0.0924,=-0.0025,=1007
=".NDX",纳斯达克100指数,1969-12-31,,,,,,,,,,,,,,,,,,,,,,,,,,,,,,,,,,=0.0751,=4403

数据来源于：理杏仁网站(lixinger.com)