指数代码,指数名称,发布时间,涨跌幅,收盘点位,今年以来涨跌幅,PE-TTM(当前值),PE-TTM(分位点%),PE-TTM(最小值),PE-TTM(20%分位点值),PE-TTM(50%分位点值),PE-TTM(80%分位点值),PE-TTM(最大正值),PB(当前值),PB(分位点%),PB(最小值),PB(20%分位点值),PB(50%分位点值),PB(80%分位点值),PB(最大正值),PS-TTM(当前值),PS-TTM(分位点%),PS-TTM(最小值),PS-TTM(20%分位点值),PS-TTM(50%分位点值),PS-TTM(80%分位点值),PS-TTM(最大正值),净资产收益率(ROE)(2026Q1),净资产收益率(ROE)(2025Q4),净资产收益率(ROE)(2025Q1),股息率,关注度
="931039",银行AH,2017-12-06,=-0.0020,=12485.8900,=-0.0233,=5.9119,=0.8078,=3.2016,=4.0674,=5.1862,=5.9014,=7.9938,=0.5571,=0.4450,=0.3790,=0.4563,=0.5675,=0.7145,=1.0569,=2.2190,=0.8435,=1.0856,=1.4299,=1.7413,=2.1149,=2.9053,,=0.0881,,=0.0494,=89
="H11146",港股通内地金融,2010-06-02,=0.0124,=1150.5300,=0.0453,=6.1947,=0.5630,=3.2759,=4.5177,=5.9629,=6.7500,=9.2347,=0.6286,=0.4102,=0.3797,=0.4938,=0.6754,=0.8765,=1.1859,=1.6001,=0.8054,=0.6692,=0.9478,=1.2794,=1.5963,=2.1885,,=0.0970,,=0.0467,=36
="399986",中证银行,2013-07-15,=-0.0086,=7206.0500,=-0.0522,=6.8677,=0.8090,=4.1183,=5.2599,=6.2619,=6.8452,=9.0846,=0.6502,=0.3160,=0.4848,=0.5836,=0.7220,=0.8984,=1.2416,=2.5780,=0.8531,=1.4134,=1.7842,=2.1245,=2.4704,=3.3016,=0.0226,=0.0881,=0.0236,=0.0429,=9521
="930792",HK银行,2016-04-22,=0.0199,=4829.9300,=0.0966,=6.8723,=0.8197,=3.2659,=4.4645,=5.8133,=6.7741,=9.5632,=0.6567,=0.5745,=0.3905,=0.4964,=0.6253,=0.8010,=1.0771,=2.5578,=0.8981,=1.0519,=1.5167,=1.8388,=2.3667,=3.1066,,=0.0901,,=0.0471,=748
="H30106",H300金融服务,2013-05-21,=0.0167,=1628.8700,=0.0764,=7.1433,=0.5675,=4.0175,=5.3642,=6.9514,=7.7688,=11.1922,=0.7553,=0.5172,=0.4470,=0.5777,=0.7466,=0.9083,=1.2489,=2.0063,=0.8788,=0.8557,=1.1816,=1.4573,=1.8681,=2.3593,,=0.1014,,=0.0443,=17
="000018",180金融,2007-12-10,=-0.0031,=5388.7000,=-0.0929,=7.3501,=0.4356,=5.2016,=6.4287,=7.4973,=8.3012,=10.8609,=0.7445,=0.2533,=0.5902,=0.6965,=0.8809,=1.0696,=1.4199,=2.2066,=0.8012,=1.2355,=1.5824,=1.9352,=2.2047,=2.8772,=0.0229,=0.0959,=0.0245,=0.0396,=768
="399809",保险主题,2015-02-13,=-0.0022,=2347.2700,=-0.1202,=7.3730,=0.3115,=5.4537,=6.8114,=10.6333,=15.0245,=22.8725,=0.7849,=0.2475,=0.6352,=0.7667,=1.2256,=1.4858,=1.9794,=2.1475,=0.9266,=0.5239,=0.8688,=1.0963,=1.4076,=2.3772,=0.0227,=0.1015,=0.0246,=0.0393,=1477
="000818",细分金融,2012-04-11,=-0.0019,=6742.2200,=-0.0869,=7.4766,=0.4319,=5.2356,=6.4974,=7.6854,=8.4810,=10.9951,=0.7575,=0.2537,=0.5930,=0.7010,=0.8984,=1.0928,=1.4303,=2.2641,=0.8053,=1.2689,=1.6354,=1.9744,=2.2575,=2.9111,=0.0231,=0.0956,=0.0246,=0.0388,=6
="931233",港股通央企红利,2017-06-28,=0.0091,=1251.3300,=0.0733,=7.5462,=0.8306,=3.6988,=4.9460,=6.3168,=7.4439,=14.0775,=0.7099,=0.6467,=0.3929,=0.5218,=0.6443,=0.8652,=1.8161,=1.0246,=0.5898,=0.4645,=0.6197,=0.9426,=1.3926,=1.7583,,=0.0906,,=0.0496,=437
="HSSCSOY",恒生港股通中国央企红利指数,2023-06-01,=0.0139,=4462.2600,=0.1098,=7.6075,=0.9875,=4.1647,=4.6136,=5.6283,=6.9106,=7.8218,=0.7108,=0.9528,=0.4381,=0.4934,=0.5855,=0.6811,=0.7455,=1.0109,=0.9806,=0.5323,=0.5929,=0.7358,=0.9206,=1.0366,,=0.0921,,=0.0496,=229
="HSMCHYI",恒生中国内地企业高股息率指数,2019-09-01,=0.0122,=3027.8200,=0.0881,=7.7228,=0.9836,=3.7550,=5.0443,=5.8045,=6.6722,=7.9027,=0.7733,=0.9288,=0.4590,=0.5779,=0.6388,=0.7341,=0.8175,=1.1752,=0.9751,=0.5101,=0.6874,=0.7950,=0.9038,=1.2126,,,,=0.0485,=277
="987016",港股通红利低波,2021-11-18,,,=0.1471,=7.7349,=0.9825,=3.4544,=4.2935,=4.8857,=6.6219,=8.0054,=0.7147,=0.9677,=0.4152,=0.4847,=0.5373,=0.6411,=0.7529,=1.2600,=0.9834,=0.5827,=0.6589,=0.7894,=1.0790,=1.3012,,=0.0893,,=0.0499,=133
="H11140",香港红利,2009-07-23,=0.0068,=4165.0800,=0.1407,=7.8206,=0.7804,=3.0693,=4.4554,=5.9842,=8.2969,=13.9623,=0.7383,=0.6434,=0.3833,=0.5103,=0.6296,=0.8659,=1.1652,=1.2443,=0.7249,=0.5431,=0.7464,=0.9724,=1.5311,=2.1349,,=0.0912,,=0.0503,=33
="000914",300金融,2007-07-02,=-0.0012,=6135.7000,=-0.0867,=7.8391,=0.5008,=5.2769,=6.6022,=7.8365,=8.6017,=11.3863,=0.7558,=0.2479,=0.5962,=0.7048,=0.9207,=1.1328,=1.4919,=2.1352,=0.8412,=1.1210,=1.4310,=1.8121,=2.0831,=2.7052,=0.0223,=0.0897,=0.0236,=0.0383,=339
="931024",港股通非银,2017-11-06,=0.0107,=4248.7800,=-0.0104,=7.9459,=0.0774,=6.7549,=8.6848,=11.3069,=13.3763,=22.4310,=1.0815,=0.5396,=0.6237,=0.8465,=1.0483,=1.2256,=1.7592,=1.3306,=0.8649,=0.5870,=0.8745,=1.0101,=1.2128,=2.2002,,=0.1344,,=0.0369,=186
="HSHYLV",恒生港股通高股息低波动指数,2017-05-08,=0.0105,=4751.3000,=0.0634,=7.9601,=0.8967,=3.5572,=4.6369,=5.9693,=7.1767,=9.5068,=0.7169,=0.7154,=0.3828,=0.4847,=0.5780,=0.8165,=1.1073,=0.9598,=0.5959,=0.4386,=0.6528,=0.8450,=1.4182,=2.0623,,,,=0.0507,=1477
="H30270",红利价值,2013-12-19,=-0.0046,=9845.9100,=0.0329,=8.0287,=0.7736,=4.4543,=5.4266,=6.7431,=8.7393,=13.0955,=0.8017,=0.5984,=0.5256,=0.6483,=0.7618,=1.2545,=1.7317,=1.6271,=0.9929,=0.5854,=0.8106,=0.9959,=1.2814,=1.6637,=0.0235,=0.0936,=0.0240,=0.0413,=182
="000934",中证金融,2009-07-03,=0.0006,=5768.3100,=-0.0799,=8.1519,=0.5252,=5.7083,=6.8944,=8.0842,=8.8714,=11.5527,=0.7681,=0.2483,=0.6117,=0.7181,=0.9265,=1.1488,=1.5017,=2.1484,=0.8515,=1.1467,=1.4503,=1.8022,=2.0711,=2.6696,=0.0220,=0.0873,=0.0231,=0.0371,=1150
="931157",SHS红利成长LV,2019-04-25,=0.0030,=7556.1800,=0.0137,=8.1835,=0.7510,=4.1261,=5.5810,=6.8936,=8.3483,=11.5318,=0.8187,=0.5346,=0.5154,=0.6251,=0.8093,=0.9283,=1.5888,=1.6014,=0.9798,=0.5018,=0.7089,=1.0320,=1.3935,=1.6439,,=0.0964,,=0.0464,=316
="HSHDYI",恒生高股息率指数,2012-12-10,=0.0106,=1408,=0.1039,=8.1867,=0.8639,=3.6777,=4.8612,=6.6082,=7.7843,=10.6953,=0.7518,=0.6339,=0.4041,=0.5046,=0.6482,=0.9078,=1.1746,=1.1927,=0.6550,=0.5013,=0.7008,=1.0658,=1.5005,=1.9871,,,,=0.0499,=910
="932596",港股通红利低波,2016-02-04,=0.0153,=4387.1400,=0.1310,=8.2389,=0.6776,=7.4451,=7.8245,=8.1137,=8.3001,=8.5745,=0.7621,=0.8224,=0.6528,=0.6944,=0.7208,=0.7608,=0.7956,=1.3533,=0.7039,=1.2161,=1.2776,=1.3269,=1.3648,=1.4099,,=0.0894,,=0.0480,=84
="HSSCHKY",恒生港股通高股息率指数,2019-11-01,=0.0123,=2847.3800,=0.1492,=8.2482,=0.9944,=3.8979,=4.9466,=5.8490,=7.1557,=8.4533,=0.7360,=0.9295,=0.4277,=0.5166,=0.5759,=0.6786,=0.8197,=1.2835,=0.9732,=0.5333,=0.6962,=0.8715,=1.1155,=1.3442,,,,=0.0488,=483
="930914",港股通高股息,2016-11-25,=0.0075,=5407.3500,=0.0996,=8.2790,=0.8667,=3.4280,=4.4163,=5.8918,=7.7796,=11.1979,=0.7852,=0.7368,=0.3979,=0.5017,=0.6131,=0.8533,=1.1764,=1.2866,=0.8237,=0.5144,=0.7027,=0.9211,=1.2487,=2.2126,,=0.0918,,=0.0495,=687
="930992",沪港深红利低波,2017-06-28,=0.0040,=5817.4000,=0.0449,=8.3147,=0.9783,=4.0130,=5.1288,=5.8421,=7.6254,=8.5109,=0.7666,=0.9501,=0.4277,=0.5367,=0.5893,=0.7133,=0.7950,=1.2141,=0.8569,=0.4496,=0.5988,=0.8283,=1.1781,=1.3912,,=0.0878,,=0.0484,=36
="000992",全指金融,2011-08-02,=0.0013,=5535.6700,=-0.0756,=8.3981,=0.5520,=5.9310,=7.1022,=8.2549,=9.0288,=11.6339,=0.7720,=0.2479,=0.6188,=0.7234,=0.9356,=1.1610,=1.5107,=2.1365,=0.8457,=1.1568,=1.4432,=1.8063,=2.0714,=2.6668,=0.0217,=0.0846,=0.0227,=0.0365,=2700
="HSCSOE",恒生中国央企指数,2023-01-01,=0.0136,=4032.8600,=0.1218,=8.4241,=0.9878,=4.9972,=5.5356,=6.0918,=7.6327,=8.5526,=0.8098,=0.9695,=0.5264,=0.5918,=0.6300,=0.7493,=0.8375,=1.0077,=0.9878,=0.5404,=0.5931,=0.6623,=0.8509,=1.0234,,=0.0956,,=0.0453,=109
="H30269",红利低波,2013-12-19,=-0.0049,=11266.7000,=0.0024,=8.4728,=0.7822,=4.5638,=5.5488,=6.8417,=9.4786,=14.4342,=0.8496,=0.5644,=0.5386,=0.6570,=0.8015,=1.3872,=1.9670,=1.6375,=0.9938,=0.6111,=0.8850,=1.0969,=1.4131,=1.6703,=0.0236,=0.0946,=0.0236,=0.0427,=4077
="H50040",上红低波,2014-03-21,=-0.0057,=11186.5300,=0.0145,=8.4757,=0.7851,=4.6938,=5.9512,=7.0519,=9.6645,=14.3118,=0.8405,=0.5099,=0.5647,=0.6911,=0.8375,=1.3609,=1.8756,=1.6514,=0.9917,=0.6380,=0.8684,=1.2011,=1.3973,=1.6845,=0.0234,=0.0936,=0.0244,=0.0419,=351
="931446",东证红利低波,2020-04-21,=-0.0016,=3454.5300,=0.0034,=8.4884,=0.7825,=5.1478,=6.1672,=7.0946,=8.5414,=11.0216,=0.7992,=0.6063,=0.5884,=0.6948,=0.7625,=0.8734,=1.2481,=1.5387,=0.9712,=0.5909,=0.7523,=0.8839,=1.3113,=1.5979,=0.0224,=0.0895,=0.0240,=0.0421,=810
="000029",180价值,2009-01-09,=-0.0031,=4217.1300,=-0.0530,=8.5035,=0.7987,=5.6894,=6.9075,=7.8830,=8.5069,=10.8138,=0.8113,=0.2162,=0.6666,=0.8069,=0.8633,=1.0653,=1.4433,=1.1048,=0.8866,=0.6198,=0.7825,=0.9447,=1.0669,=1.4032,=0.0228,=0.0896,=0.0243,=0.0400,=554
="931130",红利成长低波,2018-12-04,=-0.0068,=23789.9200,=0.0032,=8.6004,=0.7638,=4.4465,=5.5718,=7.7742,=8.7348,=11.5512,=0.8463,=0.3460,=0.5279,=0.6234,=0.9021,=1.0336,=1.5803,=1.8969,=0.7883,=0.3109,=0.8126,=1.3173,=1.9188,=2.5957,=0.0231,=0.0934,=0.0229,=0.0424,=142
="000151",上国红利,2012-07-20,=0.0035,=1668.4600,=0.0922,=8.6811,=0.9674,=4.5075,=5.3657,=6.9277,=7.6599,=10.0345,=0.7531,=0.4917,=0.5268,=0.6189,=0.7554,=0.9661,=1.3272,=1.0727,=0.4732,=0.6026,=0.8953,=1.0919,=1.3107,=1.6854,=0.0218,=0.0803,=0.0258,=0.0431,=206
="000922",中证红利,2008-05-26,=0.0029,=5881.8400,=0.0687,=8.7457,=0.8358,=5.1762,=6.0245,=7.6564,=8.6142,=11.2156,=0.8380,=0.4645,=0.5911,=0.7110,=0.8570,=1.1086,=1.4999,=1.2932,=0.9064,=0.6332,=0.7726,=1.0438,=1.2200,=1.7101,=0.0233,=0.0895,=0.0228,=0.0414,=19937
="000821",300红利,2012-07-20,=-0.0046,=6787.5600,=0.0173,=8.8336,=0.8911,=4.9998,=6.1944,=7.5598,=8.4120,=10.9286,=0.8527,=0.4472,=0.5725,=0.7140,=0.8743,=1.0796,=1.4919,=1.4334,=0.9439,=0.6098,=0.7993,=1.0622,=1.3145,=1.6963,=0.0235,=0.0916,=0.0239,=0.0425,=987
="HSSCHYS",恒生港股通红利优选指数,2023-06-01,=0.0148,=5308.4700,=0.1430,=8.8635,=0.9861,=4.2457,=4.7116,=5.7601,=7.6121,=9.0746,=0.7957,=0.9611,=0.4429,=0.4977,=0.5784,=0.7336,=0.8283,=1.1252,=0.9806,=0.6036,=0.6726,=0.8717,=1.0178,=1.1508,,,,=0.0504,=85
="000015",红利指数,2005-01-04,=-0.0003,=3333.9400,=0.0976,=8.9012,=0.9719,=4.6646,=5.5108,=7.0874,=8.0067,=10.4439,=0.8393,=0.6035,=0.5525,=0.6398,=0.7658,=1.0179,=1.3875,=1.4981,=0.9629,=0.7277,=0.8913,=1.1296,=1.3271,=1.6890,=0.0233,=0.0885,=0.0212,=0.0401,=14137
="000063",上证周期,2010-02-03,=0.0042,=3820.3700,=-0.0584,=9.0275,=0.6675,=5.4761,=7.1362,=8.5708,=9.4385,=12.4946,=0.9190,=0.3973,=0.6668,=0.8368,=0.9631,=1.1068,=1.4831,=1.6057,=0.9493,=0.8113,=1.0636,=1.2493,=1.4334,=1.7571,=0.0245,=0.0975,=0.0256,=0.0367,=206
="000824",国企红利,2012-07-20,=0.0019,=2244.8200,=0.0583,=9.1000,=0.9633,=4.8847,=5.9406,=7.3384,=8.3771,=10.7823,=0.8623,=0.5454,=0.5610,=0.6880,=0.8276,=1.0592,=1.4469,=1.3243,=0.8915,=0.5370,=0.7016,=0.9865,=1.2409,=1.6834,=0.0232,=0.0892,=0.0226,=0.0413,=935
="931644",800红利,2024-03-15,=0.0021,=2711.2400,=0.0623,=9.1505,=0.8874,=6.4729,=7.3009,=8.1969,=9.0671,=9.4757,=0.8781,=0.6155,=0.7001,=0.7685,=0.8597,=0.9081,=0.9431,=1.3381,=0.9767,=0.8423,=0.9228,=1.1143,=1.2844,=1.3602,=0.0236,=0.0906,=0.0231,=0.0424,=30
="930955",红利低波100,2017-05-26,=-0.0008,=11953.2400,=0.0137,=9.1554,=0.8584,=5.0805,=6.0616,=7.4035,=8.5633,=11.5013,=0.8860,=0.6384,=0.5792,=0.6657,=0.8251,=0.9912,=1.3722,=1.3777,=0.8173,=0.5888,=0.7769,=0.9871,=1.3453,=1.7525,=0.0234,=0.0928,=0.0257,=0.0442,=2055
="399373",大盘价值,2010-01-04,=-0.0025,=8287.6900,=-0.0334,=9.2153,=0.8284,=5.4746,=6.8623,=8.3393,=9.1146,=11.9914,=0.9165,=0.4356,=0.6410,=0.8033,=0.9478,=1.1408,=1.5001,=1.1769,=0.8791,=0.5920,=0.7817,=0.9281,=1.1404,=1.4541,=0.0236,=0.0939,=0.0248,=0.0414,=326
="930740",300红利LV,2018-12-04,=-0.0072,=7276.5700,=0.0150,=9.2192,=0.9226,=5.4153,=6.8225,=7.5054,=8.6116,=9.6903,=0.9147,=0.6930,=0.6159,=0.7703,=0.8560,=0.9464,=1.0604,=1.4051,=0.7521,=0.6725,=0.8550,=1.0760,=1.5084,=1.9253,=0.0239,=0.0932,=0.0223,=0.0418,=606
="000919",300价值,2008-01-21,=0.0013,=5183.4100,=-0.0254,=9.2685,=0.8078,=5.9577,=7.3283,=8.4424,=9.2438,=12.2376,=0.9075,=0.3725,=0.6917,=0.8497,=0.9420,=1.1480,=1.5388,=1.1335,=0.8672,=0.6314,=0.7861,=0.9060,=1.1054,=1.3421,=0.0228,=0.0921,=0.0242,=0.0393,=4310
="931479",证券保险,2020-05-06,=0.0091,=940.8500,=-0.1146,=9.3316,=0.0241,=8.7385,=11.9432,=13.5214,=15.5457,=21.1012,=1.2453,=0.2261,=1.0296,=1.2304,=1.3823,=1.5751,=2.2844,=1.6962,=0.7058,=1.0318,=1.2711,=1.4518,=1.7916,=2.2879,=0.0256,=0.1317,=0.0302,=0.0287,=24
="000825",央企红利,2012-07-20,=0.0005,=3560.7900,=0.0311,=9.4373,=0.9761,=4.7369,=6.0940,=7.3069,=8.3447,=10.5687,=0.8970,=0.5817,=0.5507,=0.6915,=0.8600,=0.9983,=1.3929,=1.2557,=0.8791,=0.6009,=0.8548,=1.0593,=1.2139,=1.7357,=0.0224,=0.0902,=0.0228,=0.0407,=321
="931848",800红利低波,2024-05-21,=-0.0025,=3271.6700,=0.0336,=9.5462,=0.8520,=7.4155,=8.1976,=9.0548,=9.4823,=9.7854,=0.9393,=0.5729,=0.7315,=0.8592,=0.9191,=0.9708,=1.0024,=1.3868,=0.8288,=1.1714,=1.2311,=1.3468,=1.3830,=1.5428,=0.0237,=0.0929,=0.0230,=0.0413,=142
="H30035",300非银,2012-12-21,=0.0070,=9824.8400,=-0.1191,=9.5771,=0.0132,=9.0295,=13.0469,=15.1699,=19.3628,=26.3489,=1.2687,=0.1386,=1.0544,=1.3192,=1.6344,=2.0481,=2.4387,=1.7339,=0.5153,=1.0410,=1.4185,=1.7205,=1.9729,=2.3917,=0.0253,=0.1294,=0.0297,=0.0279,=1192
="HSCCI",恒生香港中资企业指数,1997-06-16,=0.0184,=4487.3700,=0.1175,=9.6185,=0.6424,=4.8859,=6.8728,=8.8773,=11.9884,=16.1208,=0.9084,=0.5863,=0.5567,=0.7305,=0.8673,=1.1738,=1.3660,=1.0329,=0.5839,=0.5555,=0.7802,=0.9883,=1.3591,=1.5178,,=0.0951,,=0.0521,=32
="931069",中金300,2018-02-14,=0.0058,=4974.8100,=-0.0059,=9.7777,=0.6333,=5.9518,=7.5281,=9.2800,=10.5037,=13.6164,=0.9714,=0.3084,=0.7377,=0.9211,=1.0968,=1.3562,=1.8328,=1.4047,=0.8617,=0.6656,=0.8627,=1.1129,=1.3250,=1.7542,=0.0231,=0.0958,=0.0284,=0.0388,=89
="000968",300周期,2010-05-28,=0.0069,=4393.7200,=-0.0341,=9.7944,=0.6881,=6.1174,=7.8172,=9.1551,=10.2896,=13.3562,=0.9596,=0.3973,=0.7021,=0.8484,=1.0099,=1.1784,=1.5550,=1.6180,=0.9493,=0.8459,=1.0834,=1.2643,=1.4774,=1.8297,=0.0243,=0.0922,=0.0244,=0.0346,=98
="HSML25",恒生中国(香港上市)30指数,2003-01-20,=0.0076,=9224.9900,=-0.0251,=9.9632,=0.7172,=5.7712,=7.9090,=9.0190,=10.2891,=13.0207,=1.0860,=0.5209,=0.7256,=0.9405,=1.0783,=1.2097,=1.5098,=1.7612,=0.8261,=0.9123,=1.1476,=1.4096,=1.7314,=2.4187,,=0.1031,,=0.0337,=265
="H30356",800价值,2014-06-09,=0.0044,=6585.3000,=-0.0092,=10.0236,=0.8164,=6.4024,=7.6919,=9.0339,=9.9604,=13.4784,=0.9722,=0.4625,=0.7030,=0.8621,=0.9896,=1.1736,=1.6287,=1.1130,=0.8517,=0.5868,=0.7376,=0.8817,=1.0818,=1.3738,=0.0232,=0.0908,=0.0237,=0.0373,=31
="399966",800证保,2012-12-21,=0.0102,=5889.0300,=-0.1095,=10.0646,=0.0136,=9.4219,=13.7103,=15.9954,=19.7375,=27.1945,=1.2745,=0.1361,=1.0619,=1.3226,=1.6183,=2.0408,=2.4366,=1.8699,=0.5969,=1.1634,=1.5249,=1.7805,=2.0457,=2.5211,=0.0247,=0.1256,=0.0286,=0.0269,=169
="H30588",中证证保,2015-02-02,=0.0102,=1000.2800,=-0.1092,=10.0706,=0.0136,=9.4285,=13.6588,=16.0886,=19.5891,=27.6808,=1.2734,=0.1333,=1.0752,=1.3238,=1.6278,=2.0366,=2.4238,=1.8732,=0.6163,=1.1673,=1.5178,=1.7617,=2.0128,=2.5500,=0.0246,=0.1254,=0.0286,=0.0269,=466
="932422",A500红利低波,2025-04-09,=-0.0048,=3122.4400,=0.0062,=10.1367,=0.5581,=9.5190,=9.8902,=10.1121,=10.2538,=10.5846,=1.0197,=0.1124,=0.9943,=1.0299,=1.0442,=1.0579,=1.0978,=1.3171,=0.2364,=1.2431,=1.3106,=1.4358,=1.4743,=1.5336,=0.0241,=0.0948,,=0.0409,=294
="399805",互联金融,2015-02-10,=0.0199,=3383.4600,=-0.1209,=10.1400,=0.2525,=7.5943,=9.7864,=11.4720,=13.1628,=16.5816,=1.0274,=0.1646,=0.7644,=1.0521,=1.4281,=1.7274,=2.0317,=1.8974,=0.9064,=1.1667,=1.4082,=1.6143,=1.7852,=2.2175,=0.0238,=0.0940,=0.0248,=0.0323,=328
="399550",央视50,2012-06-06,=0.0082,=8425.4300,=0.0412,=10.1515,=0.7995,=6.8960,=8.2711,=9.2804,=10.1519,=13.0561,=0.9995,=0.1551,=0.8649,=1.0169,=1.2379,=1.4261,=1.8564,=2.1088,=0.8767,=1.3448,=1.6532,=1.8070,=2.0448,=2.5217,=0.0237,=0.0945,=0.0248,=0.0391,=2267
="000042",上证央企,2009-03-30,=-0.0001,=1769.1500,=-0.0233,=10.1696,=0.8370,=6.3284,=7.8863,=9.1533,=10.0503,=12.9577,=0.9850,=0.4893,=0.7230,=0.8871,=0.9892,=1.1137,=1.4812,=1.3172,=0.9827,=0.6569,=0.8569,=0.9755,=1.1324,=1.3891,=0.0224,=0.0920,=0.0234,=0.0359,=382
="HSCESI",恒生中国企业精明指数,2015-06-08,=0.0080,=12692.0500,=-0.0119,=10.2484,=0.8233,=6.0524,=7.8851,=8.6267,=10.0422,=15.8114,=1.0752,=0.6607,=0.6924,=0.8927,=1.0030,=1.1579,=1.7191,=1.4384,=0.8015,=0.7846,=0.9961,=1.0857,=1.4382,=2.0876,,=0.1034,,=0.0336,=91
="HSCEI",恒生中国企业指数,1994-08-08,=0.0080,=8800.7500,=-0.0127,=10.2806,=0.8230,=6.0524,=7.8879,=8.6380,=10.0601,=15.8114,=1.0781,=0.6634,=0.6924,=0.8926,=1.0045,=1.1595,=1.7191,=1.4422,=0.8018,=0.7849,=0.9960,=1.0856,=1.4400,=2.0876,,=0.1034,,=0.0335,=4742
="930723",沪港深F100,2015-08-05,=0.0021,=5158.2500,=0.0130,=10.3052,=0.8409,=5.4557,=7.5706,=9.0058,=10.1685,=13.1279,=1.0025,=0.4820,=0.6469,=0.8476,=1.0097,=1.1160,=1.4626,=1.3205,=0.8631,=0.6039,=0.8632,=1.0761,=1.2856,=1.6654,,=0.0918,,=0.0377,=151
="950090",50AH优选,2015-12-10,=0.0191,=6343.4800,=0.0258,=10.3480,=0.9093,=6.3188,=7.9050,=8.6390,=9.7993,=13.5010,=1.0829,=0.6768,=0.7914,=0.9489,=1.0274,=1.1242,=1.5403,=1.4007,=0.9854,=0.6574,=0.8469,=0.9495,=1.0584,=1.4553,,=0.1007,,=0.0351,=1996
="000925",基本面50,2009-02-26,=-0.0010,=4397.8900,=-0.0477,=10.3888,=0.8767,=6.2635,=7.9688,=9.0843,=10.0826,=12.7955,=0.9948,=0.3725,=0.7306,=0.9013,=1.0568,=1.1921,=1.5728,=1.1032,=0.7979,=0.6037,=0.7864,=0.9667,=1.1046,=1.4866,=0.0227,=0.0882,=0.0241,=0.0371,=4543
="932431",300质量,2025-03-18,=0.0055,=2052.2200,=0.0028,=10.4704,=0.9273,=9.4685,=9.9711,=10.1413,=10.3277,=10.6435,=1.1149,=0.2073,=1.0727,=1.1140,=1.1313,=1.1459,=1.1853,=2.2287,=0.6582,=2.0194,=2.1546,=2.2065,=2.2464,=2.3259,=0.0253,=0.1012,=0.0271,=0.0350,=5
="932153",港股通价值策略,2025-04-30,=0.0165,=1154.1800,=0.0984,=10.5035,=0.8635,=8.1696,=9.6857,=10.1284,=10.4016,=10.9237,=0.9014,=0.7751,=0.7012,=0.8334,=0.8821,=0.9032,=0.9365,=1.0674,=0.8353,=0.8168,=0.9706,=1.0319,=1.0644,=1.1126,,=0.0812,,=0.0401,=8
="000056",上证国企,2010-01-04,=0.0047,=1261.4900,=0.0113,=10.5268,=0.7467,=7.2538,=8.8792,=9.7001,=10.7955,=13.3187,=1.1560,=0.6345,=0.8518,=1.0314,=1.1219,=1.2162,=1.5455,=1.7136,=0.9711,=0.7909,=0.9986,=1.1089,=1.2305,=1.7805,=0.0264,=0.1060,=0.0271,=0.0358,=198
="931375",300质量低波,2019-11-25,=0.0212,=17414.9000,=0.0269,=10.5520,=0.4272,=6.4946,=8.1498,=11.4552,=13.5713,=22.0532,=1.3158,=0.4022,=0.8054,=1.0795,=1.5646,=2.0798,=3.3245,=1.8442,=0.6421,=1.0044,=1.3231,=1.6640,=2.0955,=2.5370,=0.0279,=0.1211,=0.0298,=0.0305,=111
="000806",消费服务,2012-02-10,=0.0041,=8259.1500,=-0.0195,=10.6159,=0.4282,=8.8952,=10.0187,=10.8070,=11.8704,=17.0971,=1.1067,=0.0722,=1.0009,=1.2002,=1.3534,=1.5460,=2.0145,=2.2416,=0.6634,=1.6526,=1.9447,=2.1164,=2.3803,=3.0032,=0.0246,=0.1002,=0.0266,=0.0351,=418
="000859",国企一带一路,2019-05-16,=0.0106,=2032.1600,=0.1157,=10.6407,=0.1895,=9.4709,=10.7019,=12.5577,=14.5277,=21.0714,=1.0145,=0.0261,=0.9854,=1.2030,=1.4448,=1.7809,=2.1877,=1.1559,=0.9882,=0.4715,=0.5596,=0.7373,=0.8232,=1.1782,=0.0234,=0.0898,=0.0201,=0.0343,=258
="930709",香港证券,2015-07-13,=0.0079,=1338.7600,=-0.0522,=10.6480,=0.2367,=6.3679,=10.2046,=12.8139,=14.8886,=24.4010,=0.9793,=0.5290,=0.5308,=0.7588,=0.9672,=1.2605,=1.6136,=4.0933,=0.7779,=1.7834,=2.5970,=3.1590,=4.1596,=5.9903,,=0.0828,,=0.0337,=502
="931722",国新港股通央企红利,2023-09-13,=0.0033,=1495.4100,=0.1348,=10.6539,=0.9784,=5.5040,=6.6541,=7.6239,=9.0128,=10.8173,=0.9672,=0.9275,=0.6213,=0.7239,=0.8187,=0.9052,=1.0298,=0.6637,=0.9630,=0.3100,=0.3808,=0.4677,=0.5930,=0.6918,,=0.0875,,=0.0477,=341
="399371",国证价值,2010-01-04,=0.0060,=7406.0800,=0.0282,=10.6637,=0.8317,=6.4728,=7.8356,=9.0962,=10.4122,=13.0475,=1.0172,=0.5116,=0.7249,=0.8967,=1.0117,=1.2365,=1.5675,=1.1081,=0.8102,=0.5764,=0.7536,=0.8692,=1.0969,=1.3812,=0.0233,=0.0892,=0.0237,=0.0372,=126
="931373",股息龙头,2019-11-15,=0.0010,=2776.1000,=-0.0029,=10.6692,=0.9393,=5.4295,=6.8643,=8.2749,=9.5243,=11.4004,=1.1273,=0.8000,=0.6697,=0.8461,=1.0074,=1.1273,=1.2586,=1.5554,=0.9470,=0.5706,=0.8112,=0.9826,=1.3731,=1.6262,=0.0258,=0.1004,=0.0264,=0.0391,=324
="000021",180治理,2008-09-10,=0.0049,=1068.8700,=-0.0178,=10.6951,=0.8395,=6.3364,=8.4357,=9.6984,=10.5719,=13.6109,=1.1158,=0.5528,=0.7542,=0.9755,=1.0987,=1.2187,=1.5847,=1.4664,=0.9872,=0.6625,=0.8519,=0.9540,=1.1414,=1.4979,=0.0243,=0.0995,=0.0258,=0.0365,=163
="930846",300SNLV,2016-06-24,=0.0060,=6872.1500,=0.0389,=10.7047,=0.7834,=7.7900,=9.1998,=10.0762,=10.7443,=12.6275,=1.0422,=0.2145,=0.8340,=1.0387,=1.0964,=1.2284,=1.5027,=1.5083,=0.9398,=0.7711,=0.9507,=1.1566,=1.3242,=1.6864,=0.0237,=0.0917,=0.0233,=0.0381,=149
="399995",基建工程,2015-03-12,=0.0088,=4006.4200,=0.0256,=10.8267,=0.7871,=5.8673,=7.3439,=8.2791,=11.4490,=18.8590,=0.6898,=0.0738,=0.5815,=0.7298,=0.9039,=1.4056,=2.1834,=0.1976,=0.4154,=0.1368,=0.1788,=0.2052,=0.3490,=0.5478,=0.0129,=0.0543,=0.0158,=0.0254,=2691
="931052",国信价值,2017-12-08,=0.0113,=3770.4400,=0.0924,=10.8952,=0.9975,=5.3831,=6.5903,=7.3987,=8.7142,=10.9755,=1.3749,=0.9518,=0.7343,=0.9114,=1.0284,=1.1511,=1.5208,=1.7769,=0.9715,=0.6105,=0.9384,=1.2226,=1.4456,=2.0196,=0.0310,=0.1267,=0.0326,=0.0373,=550
="930931",港股通50,2017-01-16,=0.0150,=3981.0200,=0.0265,=10.9385,=0.6931,=6.5385,=8.6963,=9.7776,=11.3917,=15.8907,=1.1195,=0.5967,=0.7428,=0.9450,=1.0975,=1.1839,=1.6058,=1.9414,=0.8280,=1.1204,=1.4671,=1.7016,=1.9127,=2.6369,,=0.0979,,=0.0338,=290
="932305",智选高股息,2024-09-30,=0.0069,=12433.6300,=0.1141,=10.9391,=1,=7.0143,=7.4774,=8.3201,=9.3145,=10.9391,=1.0752,=0.6990,=0.8750,=0.9221,=1.0501,=1.0866,=1.1675,=0.8616,=0.6178,=0.7106,=0.7300,=0.7927,=1.2768,=1.3342,=0.0253,=0.1000,=0.0324,=0.0457,=279
="000048",责任指数,2009-08-05,=0.0016,=1408.5100,=-0.0455,=10.9645,=0.6518,=7.8628,=9.5548,=10.5473,=11.7735,=14.1982,=1.1618,=0.2463,=0.9056,=1.1438,=1.3023,=1.4408,=1.7866,=0.9687,=0.8824,=0.5718,=0.6942,=0.7974,=0.9187,=1.0691,=0.0224,=0.0991,=0.0247,=0.0378,=125
="930957",港股通中国100,2017-06-23,=0.0073,=3751.5000,=-0.0090,=10.9687,=0.8359,=5.4625,=7.5934,=8.9033,=10.8086,=13.3106,=1.1615,=0.7029,=0.6571,=0.8612,=1.0699,=1.2018,=1.5222,=1.4975,=0.9059,=0.6789,=0.9629,=1.1233,=1.3549,=1.6609,,=0.1015,,=0.0331,=12
="930608",中证基建,2015-03-31,=0.0076,=8294.4200,=-0.0226,=11.2123,=0.6295,=6.6667,=8.6208,=10.5101,=14.6819,=25.2863,=0.7653,=0.0751,=0.6550,=0.8203,=1.1135,=1.5168,=2.2134,=0.2341,=0.2611,=0.1701,=0.2221,=0.3393,=0.4902,=0.7101,=0.0141,=0.0583,=0.0170,=0.0270,=647
="HSLI",恒生综合大型股指数,2001-10-03,=0.0117,=2413.5500,=0.0024,=11.3203,=0.7038,=6.9327,=9.0871,=10.4383,=11.7587,=17.6478,=1.1369,=0.5672,=0.7133,=0.9405,=1.1150,=1.2416,=1.6032,=1.5785,=0.7298,=0.8297,=1.1852,=1.4210,=1.6322,=2.0023,,,,=0.0338,=99
="000901",小康指数,2010-04-02,=0.0042,=6348.8000,=0.0008,=11.3356,=0.6097,=8.5492,=9.9918,=11.0003,=12.5401,=15.5671,=1.0492,=0.0842,=0.9844,=1.0884,=1.2499,=1.4333,=1.7818,=1.0737,=0.8923,=0.7500,=0.8885,=0.9657,=1.0549,=1.2662,=0.0231,=0.0878,=0.0238,=0.0329,=248
="930839",港股通高息精选,2016-06-08,=0.0051,=3664.0600,=0.0625,=11.4089,=0.6841,=4.9918,=7.1043,=9.3360,=13.2838,=31.7979,=1.4995,=0.7743,=0.7294,=0.9271,=1.0718,=1.5815,=4.8768,=1.2865,=0.5346,=0.3418,=0.5590,=1.2486,=1.9160,=6.3245,,=0.1433,,=0.0470,=364
="980081",价值100,2012-12-28,,,=0.0821,=11.4224,=0.9880,=7.7317,=8.3162,=8.5841,=9.6996,=11.5920,=1.2407,=0.9036,=0.8413,=0.8835,=0.9172,=1.1002,=1.3448,=1.1751,=0.9548,=0.7580,=0.8042,=0.8640,=1.0361,=1.2118,=0.0275,=0.0995,=0.0251,=0.0433,=318
="HSAHP",恒生沪深港通AH股溢价指数,2007-07-09,=-0.0034,=119.0600,=-0.0356,=11.4522,=0.9885,=5.5550,=7.1430,=8.3133,=9.6205,=12.3156,=1.1138,=0.8569,=0.6208,=0.7734,=0.9214,=1.0761,=1.3863,=1.3062,=0.9565,=0.5653,=0.7668,=0.9009,=1.0668,=1.3750,,=0.0958,,=0.0311,=346
="000016",上证50,2004-01-02,=0.0137,=3026.4400,=-0.0015,=11.6596,=0.8337,=8.3126,=9.6090,=10.4151,=11.5379,=15.1108,=1.2250,=0.4208,=1.0245,=1.1630,=1.2377,=1.3330,=1.6482,=1.5791,=0.9691,=0.8665,=1.0134,=1.1211,=1.2686,=1.6440,=0.0249,=0.1007,=0.0262,=0.0315,=23401
="000052",50基本,2012-01-09,=-0.0025,=2844.9500,=-0.0591,=11.6596,=0.8337,=8.3126,=9.6140,=10.4151,=11.5379,=15.1108,=1.2250,=0.4224,=1.0245,=1.1630,=1.2377,=1.3328,=1.6471,=1.5791,=0.9691,=0.8665,=1.0139,=1.1214,=1.2686,=1.6440,=0.0249,=0.1007,=0.0262,=0.0315,=25
="932457",港股通现金流,2025-02-28,=0.0112,=2125.3000,=0.0803,=11.6851,=0.8935,=7.5325,=8.8686,=10.0491,=11.4199,=12.3320,=1.1610,=0.2337,=1.0440,=1.1525,=1.2154,=1.3382,=1.5343,=0.9601,=0.4296,=0.7966,=0.9088,=0.9695,=1.2297,=1.4545,,=0.0990,,=0.0418,=35
="932450",香港现金流,2025-02-28,=0.0141,=1986.3200,=-0.0121,=11.9451,=0.9966,=6.6300,=8.0725,=9.7777,=10.2930,=11.9451,=0.8286,=0.0103,=0.8184,=0.8644,=1.2047,=1.2921,=1.5038,=0.5177,=0.0584,=0.5032,=0.5322,=0.9136,=1.0539,=1.2561,,=0.0828,,=0.0421,=8
="932255",A500红利增长,2025-04-09,=0.0019,=3148.3600,=0.0365,=12.0247,=0.9535,=9.2509,=10.3361,=10.8647,=11.7907,=12.2754,=1.3330,=0.6705,=1.0684,=1.2241,=1.2924,=1.3730,=1.4369,=1.9675,=0.7907,=1.3292,=1.6711,=1.7634,=1.9695,=2.0549,=0.0280,=0.1066,,=0.0331,=28
="000043",超大盘,2009-04-23,=0.0123,=2709.1700,=0.0353,=12.0772,=0.6968,=7.5271,=9.4626,=10.9275,=13.3459,=17.2195,=1.3511,=0.4876,=0.9803,=1.2132,=1.3548,=1.5050,=1.9858,=2.2596,=0.9934,=0.6740,=0.8514,=1.2271,=1.5106,=2.3305,=0.0268,=0.1053,=0.0277,=0.0317,=161
="399812",养老产业,2014-06-06,=-0.0029,=5819.6000,=-0.0808,=12.0839,=0.0120,=11.2701,=18.2202,=20.5161,=25.3954,=31.4367,=1.7917,=0.0363,=1.7125,=2.0738,=2.8115,=3.2414,=4.2954,=1.4970,=0.2389,=1.2170,=1.4670,=1.6759,=1.8719,=2.5548,=0.0294,=0.1459,=0.0345,=0.0262,=6205
="HSLMI",恒生综合大中型股指数,2015-06-08,=0.0118,=4147.7900,=0.0056,=12.1239,=0.7623,=7.0073,=9.2713,=10.5032,=12.3479,=17.7261,=1.1673,=0.6558,=0.6929,=0.9060,=1.0930,=1.2279,=1.5417,=1.4043,=0.8468,=0.6858,=0.9753,=1.1679,=1.3694,=1.6465,,,,=0.0324,=87
="931476",ESG 120策略,2020-04-30,=0.0155,=1479.3400,=0.0611,=12.2080,=0.9120,=7.8289,=9.6216,=10.5832,=11.7506,=13.2171,=1.3293,=0.7036,=1.0061,=1.1751,=1.2480,=1.3678,=1.7130,=1.6124,=1,=0.7906,=1.0581,=1.1438,=1.3312,=1.6124,=0.0265,=0.1050,=0.0271,=0.0307,=46
="HSISC",恒指港股通指数,2024-03-01,=0.0123,=3580.6700,=0.0239,=12.2903,=0.9211,=7.5992,=8.5932,=10.0339,=11.9120,=12.8475,=1.2858,=0.9248,=0.8411,=0.9130,=1.1198,=1.2551,=1.3442,=1.6447,=0.9023,=0.9830,=1.1355,=1.3782,=1.6139,=1.7320,,,,=0.0327,=47
="000010",上证180,2002-07-01,=0.0172,=10324.3600,=0.0308,=12.3390,=0.8564,=8.4900,=9.9408,=10.9601,=12.1001,=14.6942,=1.2287,=0.4092,=0.9930,=1.1498,=1.2655,=1.3646,=1.6698,=1.4582,=0.9810,=0.8990,=1.0652,=1.1763,=1.2992,=1.4916,=0.0240,=0.0943,=0.0246,=0.0304,=2489
="HSI",恒生指数,1989-03-09,=0.0122,=26213.7800,=0.0228,=12.4210,=0.8246,=6.9462,=9.2102,=10.2630,=12.2199,=16.9606,=1.2938,=0.8795,=0.7519,=0.9695,=1.1210,=1.2649,=1.5570,=1.5991,=0.7399,=0.8141,=1.1480,=1.4255,=1.6549,=2.0895,,,,=0.0323,=13436
="1000010",上海B股,1994-01-10,,,,=12.5427,=0.1671,=6.8464,=13.1720,=19.4268,=37.2537,=68.1787,=0.9309,=0.2306,=0.7158,=0.9138,=1.0186,=1.2547,=1.7346,=0.7117,=0.7294,=0.3163,=0.4060,=0.5564,=0.7442,=1.2119,,,=0.0164,=0.0414,=126
="399313",巨潮100,2005-02-03,=0.0095,=5536.2100,=0.0164,=12.5643,=0.8358,=8.9278,=10.3199,=11.0614,=12.3473,=16.6101,=1.3089,=0.3952,=1.0718,=1.2373,=1.3353,=1.4929,=1.8501,=1.6102,=0.9806,=0.9844,=1.1456,=1.2606,=1.4258,=1.6915,=0.0250,=0.0999,=0.0255,=0.0292,=207
="931395",沪港深300,2020-01-14,=0.0125,=1768.3300,=0.0256,=12.7164,=0.8331,=8.3275,=10.0184,=10.8250,=12.5522,=16.6490,=1.2884,=0.6248,=0.9663,=1.1018,=1.2130,=1.3722,=1.7241,=1.6250,=0.8821,=0.9881,=1.1701,=1.3145,=1.5750,=1.8801,,=0.0964,,=0.0303,=500
="HSCAIT",恒生A股行业龙头指数,2009-09-21,=0.0063,=5847.4800,=0.0149,=12.8602,=0.9687,=8.2192,=9.7515,=10.4448,=11.7391,=14.1027,=1.3405,=0.7515,=1.0288,=1.1810,=1.2607,=1.3564,=1.6997,=1.3878,=0.9934,=0.8424,=0.9715,=1.0473,=1.2077,=1.4109,=0.0256,=0.1023,=0.0260,=0.0332,=492
="930949",价值回报,2017-02-24,=0.0081,=14347.9400,=0.0517,=13.0100,=0.8673,=5.5354,=8.0621,=9.9856,=12.1161,=17.5400,=1.4867,=0.2130,=1.2865,=1.4737,=1.7361,=2.1729,=3.1701,=0.7659,=0.3260,=0.5488,=0.7110,=0.8685,=1.2516,=1.7276,=0.0290,=0.1096,=0.0305,=0.0392,=28
="931586",300价值稳健,2020-11-09,=0.0050,=7736.5900,=0.0136,=13.2847,=0.9187,=8.1741,=9.6465,=11.0924,=12.7205,=15.0111,=1.4886,=0.7568,=0.9699,=1.1910,=1.3253,=1.5203,=1.6570,=1.4969,=0.9428,=0.7359,=0.8626,=0.9806,=1.0823,=1.5639,=0.0264,=0.1070,=0.0304,=0.0344,=40
="000044",上证中盘,2009-07-03,=0.0145,=4750.5000,=0.0410,=13.3603,=0.6073,=8.6509,=10.4793,=12.5309,=14.6389,=18.7575,=1.2335,=0.4064,=0.9210,=1.0900,=1.2918,=1.6557,=1.9734,=1.3252,=0.6531,=0.9382,=1.1499,=1.2496,=1.4304,=1.7773,=0.0229,=0.0859,=0.0223,=0.0289,=90
="399807",高铁产业,2015-01-20,=0.0027,=1201.0100,=-0.0332,=13.5036,=0.6778,=9.4881,=11.2215,=12.8418,=15.9310,=24.3532,=0.8125,=0.0004,=0.8105,=0.9227,=1.0413,=1.5567,=2.3973,=0.4209,=0.4781,=0.3063,=0.3761,=0.4246,=0.4819,=0.6435,=0.0121,=0.0541,=0.0137,=0.0288,=589
="932039",央企股东回报,2022-11-16,=0.0079,=1712.0700,=0.0789,=13.5313,=0.9890,=8.0198,=9.6403,=10.8799,=11.9005,=13.8005,=1.2806,=0.9390,=0.8847,=1.0007,=1.0987,=1.1697,=1.4098,=0.8499,=0.9805,=0.3642,=0.4239,=0.5237,=0.6629,=0.8821,=0.0235,=0.0905,=0.0215,=0.0389,=122
="931168",绿色价值100,2019-06-27,=0.0111,=1525.1600,=0.0255,=13.6603,=0.9518,=8.4906,=9.9680,=11.3081,=12.7646,=14.6050,=1.4992,=0.9343,=1.0223,=1.1876,=1.2775,=1.3987,=1.6052,=1.6175,=0.9861,=0.9649,=1.1285,=1.2463,=1.3459,=1.6482,=0.0274,=0.1011,=0.0242,=0.0292,=9
="H30455",沪港深500,2014-11-28,=0.0134,=2719.2100,=0.0233,=13.6749,=0.9028,=8.5690,=10.3513,=11.3685,=13.1851,=16.8903,=1.3710,=0.7084,=0.9675,=1.1578,=1.2847,=1.4056,=1.7307,=1.6380,=0.9585,=0.9518,=1.1780,=1.3104,=1.4960,=1.7787,,=0.0953,,=0.0288,=524
="931397",A股通50,2020-02-20,=0.0174,=2378.5400,=0.0495,=13.6819,=0.6021,=8.9450,=10.5488,=12.8182,=21.6913,=29.8209,=1.6518,=0.4624,=1.1048,=1.2748,=1.7506,=3.5952,=4.6955,=1.9914,=0.6121,=1.0496,=1.2803,=1.8730,=2.9346,=3.9597,=0.0296,=0.1069,=0.0278,=0.0281,=6
="931155",300质量成长,2019-04-22,=0.0166,=10986.0600,=0.0864,=13.7625,=0.5311,=7.3805,=10.7761,=13.5860,=15.3698,=31.0699,=2.0173,=0.3644,=1.1055,=1.6605,=2.2744,=2.8385,=5.3844,=2.5262,=0.7541,=1.3218,=1.7696,=2.1546,=2.6078,=3.8395,=0.0331,=0.1462,=0.0366,=0.0221,=75
="931412",证券公司30,2020-02-20,=0.0134,=1460.3200,=-0.1019,=13.7680,=0.0159,=12.7557,=16.4814,=18.6318,=22.7772,=36.9291,=1.2608,=0.1801,=1.0327,=1.2724,=1.4534,=1.7071,=2.4365,=5.5177,=0.4744,=3.9462,=5.0172,=5.5722,=6.7365,=9.6353,=0.0228,=0.0861,=0.0218,=0.0220,=15
="1000015",港股全指,2000-01-01,=0.0122,=26213.7800,=0.0228,=13.8324,=0.8208,=7.5917,=10.2468,=11.2842,=13.5672,=19.1348,=1.1545,=0.7192,=0.6574,=0.8625,=1.0604,=1.1863,=1.5123,=1.2591,=0.7765,=0.6196,=0.8644,=1.0905,=1.2706,=1.5791,,,,=0.0310,=301
="399314",巨潮大盘,2005-02-03,=0.0135,=5291.5200,=0.0338,=14.0136,=0.8985,=9.6620,=11.0993,=12.0133,=13.4455,=17.5384,=1.4012,=0.4497,=1.0976,=1.2830,=1.4166,=1.5848,=1.9279,=1.5758,=0.9501,=0.9932,=1.1663,=1.3025,=1.4541,=1.8124,=0.0244,=0.0938,=0.0251,=0.0279,=16
="930629",CSSW健康,2015-05-08,=0.0029,=5751.7800,=0.0045,=14.1077,=0.0342,=12.7079,=18.3848,=21.9852,=38.8610,=49.9253,=1.9854,=0.0743,=1.7767,=2.1900,=3.1069,=4.6323,=6.2998,=1.7487,=0.3610,=1.2755,=1.5585,=1.9486,=4.7309,=7.2978,=0.0270,=0.1388,=0.0324,=0.0218,=266
="000028",180成长,2009-01-09,=0.0252,=4112.8700,=0.0510,=14.1178,=0.4649,=9.5268,=11.9662,=14.4844,=18.2344,=25.1474,=1.8974,=0.2488,=1.5063,=1.8386,=2.6890,=3.1694,=5.1089,=2.0110,=0.9150,=1.1581,=1.4532,=1.6146,=1.8506,=2.3971,=0.0333,=0.1358,=0.0227,=0.0241,=191
="000971",等权90,2010-12-02,=0.0151,=3485.5600,=0.0376,=14.1683,=0.8693,=8.9747,=10.8500,=11.8121,=13.6585,=19.4330,=1.5444,=0.6594,=1.1544,=1.3219,=1.4317,=1.6219,=2.2329,=1.7976,=0.9955,=1.0052,=1.1423,=1.2548,=1.5213,=1.8600,=0.0259,=0.1045,=0.0271,=0.0268,=8
="399437",证券龙头,2014-12-30,=0.0132,=6134.2800,=-0.0995,=14.2237,=0.0392,=12.0320,=17.3662,=20.0004,=25.0411,=43.0253,=1.2890,=0.1736,=1.0547,=1.3028,=1.5474,=1.8448,=2.3633,=5.6480,=0.3769,=3.9970,=5.2819,=6.2024,=7.2524,=9.5068,=0.0223,=0.0851,=0.0215,=0.0214,=683
="950096",上海国企,2016-05-11,=0.0092,=1439.5000,=-0.0486,=14.2386,=0.6866,=8.9055,=11.0335,=12.5679,=15.1974,=16.5992,=1.0527,=0.3836,=0.7269,=0.8708,=1.1413,=1.5363,=2.0186,=1.1678,=0.8737,=0.5842,=0.6831,=0.8499,=1.1268,=1.2890,=0.0189,=0.0761,=0.0213,=0.0221,=168
="931381",中证长三角,2019-11-25,=0.0069,=2087.4500,=0.0313,=14.3006,=0.8852,=9.1117,=10.6465,=11.9580,=13.8374,=16.1441,=1.3875,=0.6049,=0.9630,=1.1480,=1.3006,=1.5526,=1.8124,=1.9089,=0.9968,=0.8724,=1.0691,=1.2370,=1.5259,=1.9239,=0.0256,=0.0961,=0.0259,=0.0260,=5
="931468",红利质量,2020-05-21,=0.0081,=35240.9200,=0.1184,=14.3713,=0.0631,=13.0933,=16.1869,=18.9373,=22.1329,=36.4689,=2.4210,=0.0548,=2.3034,=2.8987,=3.8016,=4.7351,=8.5636,=2.4275,=0.2337,=1.9811,=2.3551,=2.9458,=3.9679,=5.8829,=0.0381,=0.1637,=0.0476,=0.0285,=1082
="931132",诚通央企红利,2023-05-04,=0.0075,=1776.8700,=0.0950,=14.6602,=0.9587,=9.0905,=10.5513,=11.8335,=12.7552,=15.2313,=1.3724,=0.9284,=0.9482,=1.0859,=1.1811,=1.2215,=1.5338,=0.8356,=0.9683,=0.3626,=0.4236,=0.4724,=0.6075,=0.8835,=0.0249,=0.0916,=0.0215,=0.0381,=25
="000300",沪深300,2005-04-08,=0.0145,=4877.0900,=0.0534,=14.8194,=0.9344,=10.0799,=11.6772,=12.5887,=14.0952,=17.6279,=1.4709,=0.5107,=1.1457,=1.3350,=1.4684,=1.6202,=1.9228,=1.6008,=0.9810,=1.0330,=1.1718,=1.3007,=1.4502,=1.7482,=0.0246,=0.0934,=0.0249,=0.0266,=48330
="931802",中证龙头,2010-02-09,=0.0127,=1950.5000,=0.0577,=14.8308,=0.9035,=9.1945,=11.2812,=12.3503,=13.9595,=18.2393,=1.9856,=0.9134,=1.2711,=1.4547,=1.6528,=1.8701,=2.6625,=2.1427,=0.8932,=0.9048,=1.0718,=1.3277,=1.9706,=2.7195,=0.0324,=0.1325,=0.0308,=0.0282,=95
="931402",证券先锋,2020-01-14,=0.0141,=1867.0800,=-0.1047,=14.9469,=0.0171,=13.6795,=18.1281,=20.8627,=25.9190,=41.4692,=1.2904,=0.1988,=1.0487,=1.2913,=1.4718,=1.7526,=2.4715,=5.8077,=0.4423,=4.0917,=5.3078,=5.9145,=7.0930,=10.0278,=0.0214,=0.0819,=0.0203,=0.0206,=90
="399975",证券公司,2013-07-15,=0.0140,=767.7000,=-0.0996,=15.0534,=0.0388,=12.1047,=18.7170,=21.4891,=26.4841,=46.0250,=1.2884,=0.1696,=1.0494,=1.3075,=1.5684,=1.8800,=2.4199,=5.8160,=0.3560,=4.0997,=5.4003,=6.3260,=7.4089,=10.0865,=0.0211,=0.0810,=0.0201,=0.0204,=9715
="980028",龙头家电,2015-02-16,=0.0113,=12472.6500,=-0.0092,=15.1920,=0.6203,=11.8600,=13.6998,=14.6001,=18.7885,=31.1013,=2.5554,=0.0784,=2.3382,=2.6738,=2.9248,=3.7058,=5.1202,=1.3935,=0.7060,=0.9787,=1.2011,=1.3276,=1.5020,=2.2318,=0.0430,=0.1789,=0.0477,=0.0422,=182
="932366",300现金流,2024-11-12,=-0.0025,=3574.6200,=0.0697,=15.2840,=0.9298,=12.5879,=13.4411,=13.9952,=14.9666,=16.2670,=1.6549,=0,=1.6549,=1.7607,=1.8451,=1.9024,=1.9885,=1.2498,=0.2022,=1.0861,=1.2453,=1.4067,=1.4451,=1.5124,=0.0285,=0.1163,=0.0355,=0.0375,=155
="931082",A500现金流,2025-07-16,=-0.0033,=4830.5200,=0.0654,=15.3444,=0.8802,=11.3087,=12.1774,=13.5838,=15.0620,=16.5522,=1.7572,=0.0729,=1.6736,=1.8014,=1.8994,=1.9766,=2.0613,=1.3835,=0.2552,=1.2740,=1.3692,=1.5094,=1.5702,=1.6378,=0.0315,=0.1166,,=0.0361,=104
="931021",家电龙头,2017-10-17,=0.0057,=17362.8400,=-0.0389,=15.4643,=0.4576,=11.3343,=14.2056,=15.8650,=19.4372,=31.7589,=2.4448,=0.0275,=2.3685,=2.6576,=3.0609,=3.9115,=5.4650,=1.2596,=0.5872,=0.8457,=1.1149,=1.2333,=1.4900,=2.4102,=0.0396,=0.1676,=0.0453,=0.0408,=21
="000822",500红利,2012-07-20,=0.0094,=11265.3300,=0.1072,=15.4662,=0.7752,=7.4138,=9.6102,=11.2653,=17.7772,=26.4578,=1.2707,=0.5549,=0.8670,=1.0202,=1.2419,=1.7969,=2.2876,=0.7077,=0.5908,=0.2906,=0.3999,=0.5821,=1.2467,=1.8159,=0.0233,=0.0658,=0.0188,=0.0350,=36
="932368",800现金流,2024-12-11,=-0.0019,=5451.7000,=0.0661,=15.5058,=0.9881,=9.9108,=10.7830,=11.5714,=13.3304,=15.6891,=1.6345,=0.3433,=1.4048,=1.5422,=1.6889,=1.8810,=2.0110,=1.3234,=0.5075,=1.0036,=1.0963,=1.3222,=1.4035,=1.5226,=0.0283,=0.1177,=0.0451,=0.0349,=220
="931454",港股通消费,2020-03-06,=0.0026,=1467.7600,=-0.0467,=15.5128,=0.0033,=15.2126,=20.8613,=27.8985,=37.3195,=64.7193,=2.5914,=0.0007,=2.5785,=3.2362,=3.6635,=5.1588,=8.9519,=1.4080,=0.0020,=1.3999,=1.9847,=2.3989,=3.6282,=6.6047,,=0.1670,,=0.0443,=325
="000908",300能源,2007-07-02,=-0.0138,=2769.4300,=0.1716,=15.5486,=0.6415,=6.9395,=9.4585,=13.2304,=22.7305,=62.7889,=1.5439,=0.9761,=0.7125,=0.8868,=1.1198,=1.2783,=1.8071,=0.9526,=0.9889,=0.3053,=0.3856,=0.5101,=0.6878,=1.0302,=0.0302,=0.1004,=0.0297,=0.0349,=266
="932365",中证现金流,2024-12-11,=-0.0018,=5596.2100,=0.0623,=15.5798,=0.9821,=10.1873,=10.8874,=11.7424,=13.5972,=15.8261,=1.6346,=0.0478,=1.5559,=1.7002,=1.8019,=1.8915,=2.0150,=1.1851,=0.1045,=1.0912,=1.2319,=1.4215,=1.5195,=1.6205,=0.0286,=0.1155,=0.0394,=0.0348,=614
="HSCGSI",恒生消费指数,2015-08-17,=0.0054,=2540.6200,=-0.0158,=15.5965,=0.0252,=14.2396,=17.9925,=20.3555,=46.9799,=191.0166,=2.5975,=0.5124,=1.6557,=2.1319,=2.5807,=3.0646,=4.3429,=1.4226,=0.3767,=0.9965,=1.2439,=1.5540,=1.8502,=2.9413,,,,=0.0433,=805
="930758",凤凰50,2018-11-21,=0.0123,=8984.0400,=0.1278,=15.6580,=0.7788,=8.6050,=10.7984,=13.4029,=15.7716,=22.7753,=1.7851,=0.6142,=1.0496,=1.4257,=1.6455,=2.0897,=3.0708,=2.1530,=0.9207,=0.3622,=0.7510,=1.3078,=1.8794,=3.4064,=0.0281,=0.1135,=0.0262,=0.0286,=60
="932315",中证红利质量,2024-07-08,=0.0040,=4640.1600,=0.0279,=15.6583,=0.4682,=12.3916,=13.4742,=15.7501,=16.6556,=18.7206,=2.6766,=0.2750,=2.1812,=2.3543,=3.5575,=4.0220,=4.4900,=3.0089,=0.4841,=2.0136,=2.1637,=3.0214,=3.1910,=3.5388,=0.0482,=0.1829,=0.0412,=0.0361,=469
="HSMI",恒生综合中型股指数,2001-10-03,=0.0126,=5097.7100,=0.0232,=15.6916,=0.9269,=7.1837,=9.6369,=11.2228,=14.6074,=19.0737,=1.2764,=0.8931,=0.6229,=0.7817,=1.0100,=1.2207,=1.5312,=1.0376,=0.9862,=0.4186,=0.5568,=0.6717,=0.8048,=1.0938,,,,=0.0278,=157
="980092",自由现金流,2012-12-28,=0.0046,=5857.4600,=0.0872,=15.7092,=0.9590,=11.1075,=12.1237,=12.7992,=14.2758,=16.4362,=1.6117,=0.5590,=1.4157,=1.5100,=1.5965,=1.6749,=1.8134,=0.9986,=0.9026,=0.7577,=0.8732,=0.9486,=0.9844,=1.0805,=0.0285,=0.1047,=0.0263,=0.0299,=1266
="000955",中证国企,2010-02-09,=0.0122,=1654.6900,=0.0371,=15.8107,=0.9447,=10.0979,=11.7062,=12.7301,=14.8656,=16.8119,=1.2962,=0.5033,=1.0210,=1.1826,=1.2956,=1.4508,=1.7591,=1.3421,=0.9158,=0.7969,=0.9757,=1.0889,=1.2723,=1.4527,=0.0213,=0.0765,=0.0217,=0.0261,=40
="399439",国证油气,2014-12-30,=0.0007,=2400.5000,=0.2465,=16.0820,=0.5157,=7.2448,=10.6844,=15.4436,=30.1568,=98.7831,=1.5222,=0.9818,=0.6716,=0.7849,=1.1390,=1.2596,=1.8382,=0.8468,=0.9864,=0.2370,=0.3183,=0.5041,=0.5944,=0.9735,=0.0300,=0.0921,=0.0283,=0.0315,=95
="931248",油气资源,2023-06-12,=0.0080,=1241.4600,=0.3586,=16.1813,=0.9366,=8.9017,=10.1412,=11.1347,=12.8013,=19.0700,=1.5168,=0.9352,=1.0292,=1.1478,=1.2071,=1.3418,=1.8318,=0.8487,=0.9496,=0.4486,=0.5073,=0.5880,=0.6518,=0.9774,=0.0301,=0.0906,=0.0280,=0.0313,=39
="000928",中证能源,2009-07-03,=-0.0023,=3652.5600,=0.2395,=16.3024,=0.6976,=6.9612,=9.7906,=13.1590,=22.3021,=68.9647,=1.5518,=0.9806,=0.7281,=0.9359,=1.1434,=1.2944,=1.8006,=0.9645,=0.9909,=0.3162,=0.4106,=0.5298,=0.6987,=1.0383,=0.0289,=0.0960,=0.0282,=0.0331,=1283
="000860",结构调整,2018-03-26,=0.0154,=1322.1200,=0.0799,=16.4427,=0.8041,=9.5233,=12.4185,=13.8984,=16.4053,=20.6443,=1.4625,=0.8280,=1.1018,=1.2856,=1.3699,=1.4551,=1.6430,=0.9405,=0.9939,=0.4658,=0.5849,=0.6749,=0.7453,=0.9608,=0.0222,=0.0831,=0.0231,=0.0305,=141
="000861",央企创新,2019-05-16,=0.0101,=2813.9000,=0.0965,=16.7455,=0.9485,=10.3360,=12.0038,=13.3567,=14.9223,=18.8086,=1.4925,=0.9799,=1.0351,=1.1859,=1.2948,=1.3817,=1.5975,=0.8813,=0.9935,=0.4544,=0.5190,=0.5818,=0.7216,=0.8999,=0.0222,=0.0826,=0.0232,=0.0291,=266
="H30198",油气产业,2013-07-15,=0.0080,=2765.2400,=0.3128,=16.9463,=0.5993,=7.8064,=10.8126,=13.9235,=25.5720,=104.2111,=1.5563,=0.9806,=0.6580,=0.8155,=1.1419,=1.2487,=1.8532,=0.8431,=0.9872,=0.2505,=0.3191,=0.4736,=0.5870,=0.9554,=0.0307,=0.0868,=0.0269,=0.0295,=104
="932037",央企现代能源,2022-11-16,=0.0125,=1627.0400,=0.1151,=16.9861,=0.9570,=10.8583,=11.9697,=12.7950,=14.0184,=18.2611,=1.6718,=0.9259,=1.1507,=1.3318,=1.4147,=1.5544,=1.8914,=1.0198,=0.9689,=0.4850,=0.6160,=0.7462,=0.8111,=1.0835,=0.0273,=0.0952,=0.0272,=0.0302,=32
="399974",国企改革,2014-08-07,=0.0139,=2012.6800,=0.0601,=17.0138,=0.7950,=8.5408,=11.0130,=13.4094,=17.0459,=23.5243,=1.4792,=0.4872,=1.0768,=1.3337,=1.4866,=1.8365,=2.8970,=1.1665,=0.7232,=0.6803,=0.8831,=0.9883,=1.2484,=2.2060,=0.0239,=0.0809,=0.0242,=0.0272,=369
="931268",持续发展,2019-11-15,=0.0110,=2310.8400,=0.0443,=17.0845,=1,=14.1354,=14.8083,=15.4105,=16.1446,=17.0845,=2.2106,=0.6765,=1.7338,=1.8247,=1.8972,=2.2614,=2.3440,=1.8384,=0.9496,=1.5998,=1.7163,=1.7861,=1.8120,=1.8565,=0.0313,=0.1256,=0.0323,=0.0284,=16
="000986",全指能源,2011-08-02,=-0.0044,=2899.5100,=0.2421,=17.1253,=0.7054,=6.8032,=9.9968,=13.3595,=22.4116,=75.0146,=1.5564,=0.9839,=0.7554,=0.9688,=1.1682,=1.3096,=1.7977,=0.9803,=0.9909,=0.3323,=0.4459,=0.5656,=0.7146,=1.0524,=0.0281,=0.0918,=0.0274,=0.0319,=599
="000842",800等权,2012-12-21,=0.0196,=7715.4000,=0.0918,=17.1344,=0.9773,=10.7808,=12.9023,=14.0664,=15.8901,=18.9686,=1.6273,=0.6180,=1.1816,=1.3959,=1.5484,=1.7186,=1.9628,=1.6402,=0.9988,=1.0117,=1.1472,=1.2948,=1.4715,=1.6574,=0.0241,=0.0890,=0.0237,=0.0234,=158
="000906",中证800,2007-01-15,=0.0186,=5516.2700,=0.0797,=17.1344,=0.9773,=10.7808,=12.9023,=14.0664,=15.8901,=18.9686,=1.6273,=0.6180,=1.1816,=1.3959,=1.5484,=1.7186,=1.9628,=1.6402,=0.9988,=1.0117,=1.1472,=1.2948,=1.4715,=1.6574,=0.0241,=0.0890,=0.0237,=0.0234,=2647
="H11057",石化产业,2009-07-22,=0.0023,=1579.3000,=0.1562,=17.1881,=0.7127,=9.0713,=11.9864,=13.8979,=19.5793,=46.6548,=1.7245,=0.9784,=0.9085,=1.1883,=1.3401,=1.4369,=1.9948,=0.9316,=0.9907,=0.4002,=0.4791,=0.6089,=0.7478,=1.0264,=0.0331,=0.0946,=0.0281,=0.0275,=56
="399375",中盘价值,2010-01-04,=0.0185,=6780.8700,=0.1427,=17.3669,=0.8251,=9.0528,=10.9370,=12.3134,=16.8275,=33.1718,=1.5446,=0.7875,=1.0236,=1.1932,=1.3322,=1.5743,=1.9880,=1.0596,=0.8923,=0.5167,=0.6432,=0.7489,=0.9808,=1.2353,=0.0258,=0.0785,=0.0211,=0.0271,=186
="000068",上证资源,2010-05-28,=0.0223,=4690.4100,=0.1649,=17.3682,=0.6287,=7.8012,=11.1450,=15.2115,=26.4695,=73.1997,=1.9059,=0.9748,=0.8674,=1.1479,=1.3028,=1.4696,=2.2515,=1.0946,=0.9889,=0.3742,=0.5012,=0.6082,=0.7614,=1.2220,=0.0351,=0.1097,=0.0307,=0.0275,=303
="H30533",中国互联网50,2014-12-29,=0.0025,=7681.1476,=-0.1806,=17.3930,=0.0576,=14.9049,=20.5603,=41.7404,=57.5268,=137.0698,=2.3825,=0.0879,=1.7082,=2.5775,=4.7580,=6.7227,=9.7098,=2.0302,=0.0810,=1.4305,=2.1990,=4.4286,=6.4332,=9.1092,,,,=0.0110,=6735
="H11136",中国互联网,2011-09-20,=0.0016,=4330.5160,=-0.1877,=17.4049,=0.0875,=14.7773,=20.2590,=42.8371,=57.6437,=137.0698,=2.3631,=0.0733,=1.7247,=2.5761,=4.7658,=6.7410,=9.7098,=2.0733,=0.0717,=1.5020,=2.2737,=4.4348,=6.5160,=9.1092,,,,=0.0117,=3325
="000066",上证商品,2010-04-30,=0.0238,=4265.0600,=0.2092,=17.4339,=0.6399,=7.9120,=11.1675,=15.0766,=23.5206,=53.3084,=1.9067,=0.9748,=0.9403,=1.2051,=1.3315,=1.4869,=2.2405,=1.1014,=0.9901,=0.4082,=0.5256,=0.6495,=0.7674,=1.2223,=0.0347,=0.1091,=0.0303,=0.0275,=73
="000092",资源50,2011-05-10,=0.0189,=5626.4100,=0.1525,=17.4456,=0.6423,=7.9483,=11.3499,=14.9150,=23.2594,=52.0101,=1.9822,=0.9748,=0.9579,=1.2471,=1.3896,=1.5235,=2.3324,=1.1381,=0.9897,=0.4148,=0.5541,=0.6738,=0.7811,=1.2646,=0.0363,=0.1132,=0.0314,=0.0270,=34
="000945",内地运输,2009-10-28,=0.0094,=1469.4000,=-0.0057,=17.5330,=0.3391,=13.9394,=16.4788,=19.6140,=27.8199,=72.7429,=1.3234,=0.0359,=1.2463,=1.4112,=1.5715,=1.7789,=2.4452,=0.7883,=0.4113,=0.5140,=0.6447,=0.9374,=1.4514,=1.9188,=0.0219,=0.0581,=0.0167,=0.0288,=73
="H30095",医药红利,2013-07-02,=0.0004,=15287.3900,=-0.0112,=17.5866,=0.2590,=14.6474,=17.2991,=19.8141,=27.2322,=34.8020,=1.7493,=0.1412,=1.4797,=1.8169,=2.4564,=3.1573,=4.2060,=1.0271,=0.2255,=0.7612,=1.0044,=1.5225,=2.0255,=2.8268,=0.0293,=0.1019,=0.0311,=0.0348,=84
="931404",SHS品牌消费50,2020-02-20,=-0.0053,=2473.0500,=-0.0842,=17.6020,=0.0822,=15.2551,=18.4934,=21.6726,=30.5688,=52.1290,=3.5059,=0,=3.5059,=4.6097,=5.3121,=7.3296,=13.2899,=3.0963,=0.1243,=2.1582,=3.1901,=4.1412,=6.4315,=12.0094,,=0.2165,,=0.0292,=125
="HSSCHKC",恒生港股通香港公司指数,2017-11-20,=0.0222,=3509.3500,=0.1293,=17.6753,=0.7799,=9.9660,=12.2073,=14.2425,=18.2470,=45.2058,=1.3163,=0.9563,=0.8018,=0.9518,=1.0951,=1.2389,=1.4001,=2.8910,=0.8775,=1.7566,=2.0708,=2.3854,=2.7351,=3.2431,,,,=0.0348,=14
="000001",上证指数,1991-07-15,=0.0117,=4160.1700,=0.0482,=17.6918,=1,=10.8403,=12.7209,=13.8135,=15.7922,=17.6918,=1.5153,=0.6617,=1.1148,=1.3021,=1.4416,=1.5732,=1.8463,=1.5521,=0.9992,=0.9369,=1.0774,=1.2153,=1.3819,=1.5609,=0.0219,=0.0804,=0.0221,=0.0232,=1354
="399324",深证红利,2006-01-24,=0.0060,=9385.7300,=0.0256,=17.7304,=0.8012,=11.7065,=14.3830,=15.7273,=17.7170,=23.4132,=2.3799,=0.6399,=1.2884,=1.9036,=2.1750,=2.5075,=3.7254,=2.0177,=0.8573,=1.1033,=1.3622,=1.7361,=1.9623,=2.8578,=0.0424,=0.1345,=0.0450,=0.0392,=5208
="000046",上证中小,2009-07-03,=0.0185,=5547.6600,=0.0817,=17.7408,=0.7483,=10.5504,=12.1058,=15.2187,=18.4563,=22.4992,=1.5142,=0.5545,=1.0626,=1.2077,=1.4819,=1.8262,=2.0905,=1.4331,=0.8255,=0.8596,=1.0256,=1.1228,=1.4093,=1.6429,=0.0219,=0.0784,=0.0213,=0.0228,=343
="399310",国证A50,2005-09-05,=0.0162,=8462,=0.0555,=17.7661,=0.9208,=8.8433,=10.4500,=13.4126,=16.0780,=22.6576,=2.0045,=0.7752,=1.1237,=1.2864,=1.6467,=2.0348,=2.9417,=1.5268,=0.8234,=0.9633,=1.1306,=1.2338,=1.5022,=2.2769,=0.0272,=0.1076,=0.0263,=0.0235,=286
="399699",金融科技,2017-06-09,=0.0268,=4095.2600,=-0.0843,=17.8284,=0.3447,=14.0983,=16.8181,=19.4470,=44.7142,=111.6316,=1.9741,=0.3125,=1.2665,=1.8120,=2.2930,=3.4161,=4.4660,=1.6670,=0.5359,=1.0709,=1.3719,=1.6306,=1.9180,=3.0519,=0.0209,=0.1027,=0.0223,=0.0211,=320
="931068",消费龙头,2018-11-21,=-0.0038,=11738.1400,=-0.0735,=17.8477,=0.1308,=15.6061,=18.4106,=23.0802,=30.2089,=44.3922,=3.3070,=0,=3.3070,=4.1694,=4.7512,=6.6250,=10.3805,=2.2209,=0.0809,=1.8019,=2.6932,=3.2871,=4.1194,=7.0508,=0.0518,=0.2083,=0.0600,=0.0387,=2316
="000918",300成长,2008-01-21,=0.0199,=5643.3200,=0.1091,=17.8528,=0.7009,=11.4995,=14.1903,=16.6180,=20.6304,=29.9826,=2.5415,=0.4014,=1.8709,=2.2859,=2.7896,=4.3091,=6.1771,=2.6861,=0.8461,=1.1680,=1.5324,=1.7713,=2.5499,=3.9548,=0.0348,=0.1486,=0.0340,=0.0200,=784
="930604",中国互联网30,2015-03-23,=0.0031,=8190.9983,=-0.1812,=17.8627,=0.0876,=14.9187,=20.5181,=42.5018,=59.4422,=131.9396,=2.4217,=0.0784,=1.7582,=2.6270,=4.8657,=7.0824,=10.3841,=2.0338,=0.0880,=1.4482,=2.2146,=4.2182,=6.4486,=9.5870,,,,=0.0107,=617
="HSMSI",恒生综合中小型股指数,2015-06-08,=0.0086,=3054.7400,=0.0341,=17.8850,=0.9602,=7.2058,=10.0582,=12.3747,=15.3316,=18.8438,=1.2523,=0.8854,=0.6157,=0.7686,=1.0042,=1.2026,=1.4952,=0.9597,=0.9683,=0.4020,=0.5319,=0.6807,=0.8345,=1.0389,,,,=0.0267,=159
="931645",1000红利,2024-03-15,=0.0063,=2579.0900,=0.0391,=18.0128,=1,=11.2896,=12.3919,=13.4743,=14.6811,=18.0128,=1.2377,=0.7456,=0.9871,=1.1295,=1.1950,=1.2471,=1.3469,=0.8124,=0.7845,=0.5734,=0.6591,=0.7543,=0.8186,=0.8871,=0.0179,=0.0646,=0.0199,=0.0308,=21
="1000004",上海A股,1994-01-01,=0.0117,=4160.1700,=0.0482,=18.0450,=0.9930,=10.8441,=12.9364,=14.1990,=16.0593,=18.4959,=1.5407,=0.6518,=1.1181,=1.3162,=1.4435,=1.5985,=1.8457,=1.5813,=0.9988,=0.9734,=1.0889,=1.2316,=1.3796,=1.5895,=0.0219,=0.0804,=0.0221,=0.0227,=4916
="000937",中证公用,2009-07-03,=0.0141,=2689.5200,=0.0783,=18.0577,=0.4295,=13.4460,=16.4660,=18.6188,=21.1313,=46.5328,=1.7657,=0.4934,=1.3423,=1.6286,=1.7685,=1.9633,=2.2557,=1.7943,=0.7946,=1.2657,=1.4810,=1.5856,=1.8045,=3.2521,=0.0215,=0.0905,=0.0250,=0.0277,=330
="399311",国证1000,2005-02-03,=0.0193,=5371.2900,=0.0834,=18.1399,=0.9794,=11.0854,=13.3222,=14.6206,=16.7149,=19.8966,=1.6677,=0.6077,=1.1918,=1.4217,=1.5925,=1.8011,=2.0383,=1.6408,=0.9913,=1.0112,=1.1700,=1.3057,=1.5175,=1.7074,=0.0236,=0.0857,=0.0233,=0.0225,=137
="399348",深证价值,2009-11-04,=0.0125,=6900.9200,=0.0581,=18.1507,=0.8449,=9.9756,=12.8084,=14.9031,=17.5387,=21.4453,=1.7429,=0.5210,=1.2527,=1.4911,=1.7301,=2.1177,=2.9268,=1.3352,=0.7063,=0.8306,=1.0363,=1.1847,=1.6210,=2.1193,=0.0245,=0.0871,=0.0201,=0.0260,=294
="000961",中证上游,2010-04-16,=0.0305,=5871.8200,=0.1597,=18.1837,=0.6370,=8.3063,=11.4863,=15.6949,=25.9099,=72.6914,=2.0622,=0.9769,=0.9003,=1.1912,=1.3588,=1.5159,=2.4036,=1.1655,=0.9917,=0.3813,=0.5134,=0.6291,=0.7665,=1.2905,=0.0373,=0.1119,=0.0305,=0.0255,=41
="000510",中证A500,2024-09-23,=0.0192,=6135.8600,=0.0874,=18.2163,=1,=12.2476,=14.4327,=15.1479,=16.9586,=18.2163,=1.7290,=0.8630,=1.2883,=1.4875,=1.5578,=1.7047,=1.7791,=1.5536,=1,=1.0081,=1.2134,=1.2918,=1.4720,=1.5536,=0.0241,=0.0887,=0.0240,=0.0231,=2093
="000917",300公用,2007-07-02,=0.0010,=2508.3800,=0.0192,=18.2566,=0.5854,=13.3250,=16.0456,=17.7849,=20.5953,=34.2477,=1.9421,=0.4682,=1.4019,=1.6908,=1.9678,=2.1718,=2.6347,=1.9807,=0.7937,=1.3139,=1.6332,=1.8147,=1.9887,=3.2322,=0.0223,=0.0974,=0.0266,=0.0299,=35
="H30171",运输指数,2013-07-15,=0.0115,=1611.9100,=-0.0033,=18.2610,=0.5190,=14.1889,=16.3520,=18.0797,=25.5369,=51.4445,=1.3182,=0.0750,=1.1989,=1.3571,=1.5075,=1.6948,=2.3737,=0.6759,=0.3341,=0.5217,=0.6268,=0.8640,=1.1991,=1.9196,=0.0207,=0.0585,=0.0181,=0.0275,=79
="931587",500价值稳健,2020-11-09,=0.0068,=22967.4700,=0.0466,=18.3769,=0.9785,=9.7530,=12.1759,=14.0475,=15.4680,=19.8926,=1.3990,=0.9048,=0.8925,=1.0539,=1.1496,=1.2823,=1.5437,=0.6746,=0.9747,=0.3384,=0.4563,=0.5101,=0.5760,=0.7126,=0.0221,=0.0672,=0.0198,=0.0325,=76
="HSHK35",恒生香港35,2003-01-20,=0.0235,=3278.5600,=0.1486,=18.3999,=0.8379,=9.7413,=12.0645,=14.2030,=17.5943,=47.6465,=1.3244,=0.9850,=0.7649,=0.9577,=1.0924,=1.2267,=1.3547,=3.5507,=0.9610,=2.1814,=2.5757,=2.8747,=3.1685,=3.7366,,,,=0.0361,=114
="H30089",红利潜力,2013-07-02,=0.0017,=9973.1400,=0.0027,=18.4300,=0.6357,=12.7702,=15.7291,=16.9553,=20.7352,=29.7267,=2.8848,=0.7797,=1.4410,=1.9740,=2.4680,=2.9135,=4.3960,=2.4057,=0.9724,=0.7611,=0.9463,=1.7356,=2.1185,=2.8465,=0.0404,=0.1605,=0.0444,=0.0324,=548
="931142",东证竞争,2019-03-20,=0.0108,=2033.1100,=0.0926,=18.4600,=0.9235,=9.8569,=11.9052,=13.9572,=15.7309,=27.8877,=3.1152,=0.8922,=1.5408,=1.7292,=2.0605,=2.5361,=4.6703,=3.0921,=0.9733,=0.9384,=1.2659,=1.6443,=2.2213,=3.1903,=0.0415,=0.1629,=0.0397,=0.0227,=212
="930796",全球中国互联网,2016-04-22,=0.0054,=1806.2143,=-0.1716,=18.4906,=0.0606,=15.2629,=21.4842,=39.8997,=54.0432,=115.7107,=2.5020,=0.0982,=1.8023,=2.6900,=4.7562,=6.9373,=9.6202,=2.1538,=0.0955,=1.5064,=2.3020,=3.9357,=6.4952,=9.5215,,=0.1307,,=0.0108,=32
="930716",CS物流,2015-07-31,=0.0160,=1285.8400,=0.0951,=18.5444,=0.4806,=6.6312,=13.0083,=19.2570,=34.6174,=505.8138,=1.3024,=0.1885,=1.1511,=1.3090,=1.9961,=2.8164,=3.8580,=0.4708,=0.5912,=0.2137,=0.3289,=0.4569,=0.7659,=1.0555,=0.0197,=0.0542,=0.0209,=0.0306,=241
="000995",全指公用,2011-08-02,=0.0156,=2818.9800,=0.0914,=18.5578,=0.4608,=14.4124,=16.6149,=18.8524,=23.9608,=55.0107,=1.7689,=0.6254,=1.2839,=1.5403,=1.7245,=1.8678,=2.1268,=1.8203,=0.8078,=1.2094,=1.4214,=1.5276,=1.8022,=2.4023,=0.0217,=0.0896,=0.0244,=0.0269,=309
="000150",380红利,2012-07-20,=0.0105,=12803.3200,=0.1077,=18.5647,=0.9493,=5.2545,=8.5513,=12.0878,=16.4649,=19.8070,=1.2502,=0.4031,=0.6172,=0.8678,=1.3759,=1.7060,=2.2592,=0.5567,=0.5107,=0.2775,=0.3623,=0.5503,=1.7248,=2.3204,=0.0206,=0.0377,=0.0185,=0.0373,=43
="399286",区块链50,2019-12-24,=0.0173,=3803.8100,=-0.0506,=18.6102,=0.2614,=13.8844,=18.0698,=20.9302,=28.7905,=40.1853,=1.9651,=0.2653,=1.4262,=1.8732,=2.1287,=2.7733,=3.6332,=1.8717,=0.5143,=1.3177,=1.5851,=1.8529,=2.0965,=2.8188,=0.0273,=0.0903,=0.0252,=0.0244,=154
="000903",中证A100,2006-05-29,=0.0192,=4828.2900,=0.0762,=18.6759,=1,=9.4390,=11.1164,=12.4369,=13.9994,=18.6759,=1.8855,=0.9728,=1.1800,=1.3738,=1.5087,=1.6604,=1.9625,=1.5106,=0.9810,=0.9660,=1.1007,=1.2088,=1.3662,=1.6207,=0.0253,=0.0942,=0.0251,=0.0252,=3066
="930050",中证A50,2024-01-02,=0.0099,=1874.8200,=0.0488,=18.7316,=0.9858,=13.9812,=15.8815,=17.3854,=18.0889,=19.9330,=2.2093,=0.8149,=1.7817,=1.9624,=2.0766,=2.2049,=2.3759,=1.6387,=0.9982,=1.0165,=1.1236,=1.3582,=1.5329,=1.6427,=0.0291,=0.1115,=0.0275,=0.0261,=955
="931139",CS消费50,2019-03-20,=-0.0096,=14901.0200,=-0.0660,=18.8750,=0.2433,=15.4419,=18.4007,=24.1556,=30.3017,=47.8630,=3.2131,=0,=3.2131,=4.0563,=5.3612,=7.0988,=12.5456,=2.3726,=0.0452,=2.2079,=2.6328,=3.2039,=4.4762,=9.1270,=0.0528,=0.1922,=0.0638,=0.0422,=2193
="399398",绩效指数,2012-11-19,=0.0072,=10956.8800,=0.0340,=18.9047,=0.5602,=9.4274,=11.6614,=18.3459,=21.6274,=36.1591,=3.0840,=0.3193,=1.2747,=1.7575,=3.5800,=4.3854,=6.4752,=3.2738,=0.7459,=1.5230,=2.1931,=2.8592,=3.4328,=5.0073,=0.0495,=0.1771,=0.0433,=0.0361,=22
="399991",一带一路,2015-02-16,=0.0260,=3569.9800,=0.2044,=18.9785,=0.7644,=9.4567,=11.6727,=14.0998,=20.2566,=34.5905,=1.6526,=0.9889,=1.0035,=1.1547,=1.2474,=1.4192,=1.7680,=0.7255,=0.9950,=0.3598,=0.4252,=0.4777,=0.5990,=0.7492,=0.0240,=0.0795,=0.0217,=0.0215,=577
="930838",CS高股息,2016-06-08,=0.0080,=7564.9200,=0.0479,=19.0280,=0.5691,=10.7704,=14.2364,=17.8878,=22.5752,=29.5345,=3.4613,=0.7989,=1.8272,=2.3281,=2.8109,=3.4700,=5.4603,=3.4028,=0.7052,=1.6703,=2.0428,=2.4780,=3.7507,=5.1335,=0.0550,=0.1877,=0.0570,=0.0247,=170
="931357",优选消费50,2019-11-15,=-0.0111,=2660.3800,=-0.1134,=19.0308,=0.0758,=17.3402,=20.6394,=25.5205,=33.1381,=53.0529,=2.9827,=0,=2.9827,=3.7242,=4.4132,=7.2004,=11.6208,=1.9475,=0,=1.9475,=2.3345,=2.7644,=5.2230,=8.8232,,=0.1689,,=0.0245,=385
="931167",先进制造100,2019-04-25,=0.0128,=8252.1700,=0.0660,=19.0730,=0.9248,=10.3762,=12.9631,=14.1880,=16.5758,=20.9116,=3.1901,=0.9636,=1.6383,=2.0217,=2.2499,=2.5537,=3.3727,=2.1795,=1,=0.9031,=1.2300,=1.4336,=1.6414,=2.1795,=0.0404,=0.1483,=0.0310,=0.0272,=339
="930697",家用电器,2015-07-07,=0.0089,=12541.5900,=-0.0194,=19.1672,=0.7550,=12.0193,=15.3867,=17.0357,=19.8234,=32.1495,=2.5487,=0.0924,=2.2889,=2.6845,=3.2792,=3.9701,=5.2226,=1.3125,=0.5182,=0.9879,=1.1843,=1.3039,=1.6199,=2.3694,=0.0370,=0.1413,=0.0419,=0.0370,=1722
="931238",SSH黄金股票,2017-10-17,=0.0464,=3559.2600,=0.0938,=19.2059,=0.2362,=15.0142,=18.6718,=23.7235,=35.9613,=92.1543,=3.8572,=0.9538,=1.4294,=1.8140,=2.0115,=2.3168,=6.0579,=1.2397,=0.9551,=0.3659,=0.4648,=0.5481,=0.6515,=1.9529,,=0.1869,,=0.0169,=307
="H30199",电力指数,2013-07-15,=0.0216,=3200.1700,=0.1339,=19.2133,=0.5499,=14.1448,=16.6171,=18.9132,=25.0122,=78.5133,=1.8045,=0.7269,=1.2472,=1.5161,=1.7133,=1.8395,=2.0960,=1.9342,=0.8663,=1.1507,=1.4427,=1.5878,=1.7845,=2.2389,=0.0213,=0.0878,=0.0244,=0.0260,=651
="931897",绿色电力,2012-12-21,=0.0237,=1223.0200,=0.1295,=19.3387,=0.5619,=12.4356,=15.7106,=18.3861,=23.5753,=3316.8719,=1.8512,=0.9361,=1.0802,=1.3464,=1.6375,=1.7794,=2.0177,=1.9748,=0.9002,=0.8910,=1.1301,=1.2732,=1.6963,=2.6891,=0.0214,=0.0880,=0.0237,=0.0261,=135
="931371",品牌消费100,2019-11-25,=-0.0053,=6318.1000,=-0.0410,=19.3409,=0.3581,=14.6106,=17.5322,=22.8579,=30.7531,=41.6881,=3.1512,=0,=3.1512,=3.7310,=4.8425,=6.5776,=9.5576,=2.0947,=0.1589,=1.7483,=2.1367,=2.8068,=3.8874,=5.3339,=0.0505,=0.1847,=0.0654,=0.0397,=2
="932367",500现金流,2024-11-12,=0.0105,=3982.7800,=0.0884,=19.3912,=0.9129,=12.7635,=13.9362,=16.3121,=18.3792,=20.8865,=1.9919,=0.7865,=1.5076,=1.6619,=1.7488,=2.0109,=2.3672,=1.2957,=0.8483,=0.8955,=1.0961,=1.2432,=1.2884,=1.4394,=0.0308,=0.1139,=0.0305,=0.0309,=112
="000911",300可选,2007-07-02,=-0.0054,=6081.8200,=-0.0807,=19.4993,=0.6469,=11.4175,=16.1749,=18.2064,=24.5366,=45.8432,=2.1178,=0.0454,=1.8544,=2.2982,=2.5508,=3.0218,=4.4626,=1.0038,=0.2595,=0.7162,=0.9680,=1.1016,=1.3297,=2.0518,=0.0241,=0.1159,=0.0309,=0.0266,=30
="000979",大宗商品,2011-08-22,=0.0234,=8003.4300,=0.1796,=19.6265,=0.6774,=9.9333,=12.8903,=16.3823,=23.7282,=55.6298,=2.0402,=0.9785,=1.1381,=1.3628,=1.4797,=1.6162,=2.3336,=1.1313,=0.9922,=0.4909,=0.5833,=0.6996,=0.8198,=1.2291,=0.0335,=0.1029,=0.0285,=0.0243,=696
="931067",绩优策略,2018-02-14,=0.0123,=8365.6900,=0.0998,=19.9942,=0.6263,=10.5807,=14.6361,=18.4988,=27.0388,=44.0015,=4.3398,=0.2289,=3.5566,=4.2810,=5.0072,=7.6376,=11.8571,=2.9826,=0.5860,=2.1909,=2.5230,=2.8581,=5.0992,=8.6201,=0.0562,=0.2359,=0.0578,=0.0224,=24
="930939",500质量,2018-11-21,=0.0263,=23581.5400,=0.1109,=20.0135,=0.8653,=10.4098,=13.9206,=15.8554,=18.9169,=27.8330,=2.3066,=0.6530,=1.6614,=2.0637,=2.2263,=2.5025,=3.9191,=1.9223,=0.8830,=0.9583,=1.1929,=1.4295,=1.7811,=2.9319,=0.0308,=0.1144,=0.0291,=0.0190,=454
="399438",绿色电力,2014-12-30,=0.0222,=2267.5900,=0.1388,=20.1506,=0.6452,=13.5016,=16.2096,=18.9606,=22.0380,=41.2289,=1.8879,=0.7261,=1.2516,=1.5034,=1.7903,=1.9294,=2.3077,=2.2865,=0.9757,=1.1906,=1.4256,=1.8138,=2.0381,=3.6995,=0.0222,=0.0881,=0.0248,=0.0255,=194
="932369",1000现金流,2024-11-12,=0.0031,=3699.3000,=0.0032,=20.2085,=0.8820,=16.0705,=17.6926,=18.4442,=19.3675,=21.4836,=1.6279,=0.3343,=1.4419,=1.5778,=1.6704,=1.7630,=1.8728,=0.9354,=0.1966,=0.8034,=0.9393,=1.0268,=1.0708,=1.3230,=0.0245,=0.0821,=0.0237,=0.0259,=57
="H11059",工业有色,2009-07-22,=0.0440,=4517.0200,=0.1344,=20.4182,=0.3738,=10.0577,=14.5220,=28.5456,=53.4711,=131.1130,=3.6963,=0.9528,=1.4392,=1.9930,=2.3866,=3.1407,=4.9901,=1.3859,=0.9634,=0.5048,=0.7364,=0.8556,=1.1289,=1.8706,=0.0664,=0.1735,=0.0401,=0.0152,=119
="932152",港股通成长策略,2025-04-30,=0.0072,=1256.5500,=-0.0515,=20.8746,=0.7430,=16.5252,=18.1988,=18.8870,=21.2580,=22.5567,=2.7315,=0.4779,=2.1900,=2.5427,=2.7376,=2.8584,=3.0449,=2.1008,=0.4458,=1.7556,=1.9389,=2.1266,=2.2294,=2.3595,,=0.1305,,=0.0186,=5
="931697",消费50策略,2021-07-12,=-0.0004,=8108.2700,=-0.0470,=20.9220,=0.4828,=16.4104,=18.5905,=21.1917,=31.3807,=38.9422,=2.9807,=0,=2.9807,=3.5694,=3.9108,=5.2345,=7.0736,=1.6309,=0.0430,=1.5361,=1.7895,=1.9385,=2.8710,=3.5305,=0.0408,=0.1608,=0.0542,=0.0335,=60
="000931",中证可选,2009-07-03,=0.0005,=5784.5100,=-0.0691,=20.9302,=0.6110,=12.9961,=17.9588,=20.1838,=26.0964,=47.1695,=2.2277,=0.2426,=1.6991,=2.1475,=2.5071,=2.8197,=3.7874,=1.0654,=0.3366,=0.7260,=0.9756,=1.1221,=1.2835,=1.9265,=0.0252,=0.1143,=0.0305,=0.0250,=842
="000909",300材料,2007-07-02,=0.0263,=4521.0600,=0.1030,=21.0203,=0.6531,=10.2722,=14.5958,=18.2651,=25.7652,=46384.3131,=2.7893,=0.8659,=1.4655,=1.7112,=1.9789,=2.4473,=3.8763,=1.3911,=0.9080,=0.6983,=0.8432,=0.9627,=1.2278,=1.9427,=0.0473,=0.1225,=0.0288,=0.0158,=17
="000126",消费50,2011-12-09,=-0.0022,=7380.2100,=-0.1123,=21.0704,=0.2752,=15.1608,=20.2799,=22.8716,=32.8709,=57.2206,=2.7549,=0.1143,=2.2360,=3.0016,=3.4010,=4.8666,=7.3797,=1.6355,=0.4039,=0.9155,=1.2380,=1.8267,=2.6426,=3.8011,=0.0406,=0.1407,=0.0455,=0.0318,=77
="HSAIT",恒生人工智能主题指数,2023-09-01,=0.0105,=3842,=-0.0985,=21.0871,=0.7191,=13.3665,=18.0197,=19.7990,=21.5726,=24.5500,=2.0947,=0.5282,=1.4634,=1.7475,=2.0686,=2.4909,=2.8773,=1.9152,=0.5817,=1.2708,=1.4930,=1.6703,=2.2901,=2.6741,,,,=0.0211,=62
="000942",内地消费,2009-10-28,=-0.0076,=9452.1800,=-0.0754,=21.3376,=0.4641,=14.4412,=18.6394,=21.7517,=33.3379,=52.6356,=2.7212,=0.0132,=2.5374,=3.1423,=3.6918,=5.0424,=7.7211,=1.5500,=0.2492,=1.1096,=1.4968,=1.7720,=2.5493,=4.1228,=0.0371,=0.1426,=0.0493,=0.0328,=762
="931663",SHS消费龙头,2015-03-13,=-0.0010,=1853.6500,=-0.0878,=21.4168,=0.2513,=14.4278,=20.4092,=26.7236,=37.0770,=57.5191,=3.0011,=0.0261,=2.7700,=3.4028,=4.3131,=6.1339,=13.5979,=2.0219,=0.2821,=1.3592,=1.8632,=2.3928,=3.4165,=7.5123,,=0.1411,,=0.0294,=211
="000036",上证消费,2009-01-09,=-0.0001,=10374.4300,=-0.0439,=21.4561,=0.0936,=18.1662,=23.6639,=31.6733,=40.5919,=69.3963,=4.4964,=0.1114,=3.4894,=5.2321,=6.5406,=9.2057,=14.9810,=4.6462,=0.3659,=1.7146,=3.7255,=4.8722,=7.3411,=10.9001,=0.0773,=0.2393,=0.0858,=0.0358,=2295
="932420",智选船舶产业,2025-05-28,=0.0116,=1750.8300,=0.2114,=21.4930,=1,=12.9248,=13.8700,=15.9982,=18.7978,=21.4930,=1.4603,=0.9298,=1.1414,=1.2296,=1.2803,=1.3932,=1.5726,=1.0721,=0.8947,=0.8043,=0.8620,=0.9294,=1.0224,=1.1519,=0.0198,=0.0735,,=0.0238,=7
="930938",500成长估值,2018-12-04,=0.0193,=5115.0400,=0.1029,=21.5319,=0.9093,=9.4780,=13.0601,=16.7491,=19.5558,=30.3577,=2.2195,=0.6775,=1.4489,=1.8672,=2.1143,=2.2940,=3.6765,=1.4363,=0.7525,=0.6916,=0.9019,=1.1627,=1.6022,=2.2515,=0.0254,=0.1028,=0.0163,=0.0190,=69
="931000",大湾区,2017-07-19,=0.0181,=1891.3700,=0.0693,=21.5520,=0.9826,=11.8370,=14.4981,=16.1827,=18.8416,=23.4463,=2.0487,=0.4775,=1.3750,=1.7607,=2.0684,=2.5544,=3.2666,=1.6120,=0.5727,=1.1015,=1.3306,=1.5540,=1.8754,=2.5221,=0.0236,=0.0809,=0.0227,=0.0218,=12
="000910",300工业,2007-07-02,=0.0288,=2770.0200,=0.0953,=21.8466,=0.8057,=12.1074,=14.2223,=18.6700,=21.7240,=26.7473,=1.8297,=0.5619,=1.2960,=1.5013,=1.7766,=2.0927,=2.8598,=0.8800,=0.9455,=0.4726,=0.5803,=0.6973,=0.8030,=1.0995,=0.0196,=0.0738,=0.0177,=0.0195,=15
="930782",500SNLV,2016-02-04,=0.0165,=20356.0300,=0.0832,=21.8672,=0.6691,=13.0617,=17.6555,=20.0518,=25.5593,=34.2656,=1.7660,=0.7620,=1.0996,=1.3464,=1.4745,=1.9192,=2.6374,=1.3905,=0.7739,=0.5914,=0.8056,=0.8890,=1.5201,=2.0883,=0.0229,=0.0820,=0.0170,=0.0203,=1368
="H30094",消费红利,2013-07-02,=-0.0024,=35627.2000,=-0.0408,=22.0829,=0.2083,=16.2060,=21.8804,=27.7773,=33.4547,=59.6542,=3.6830,=0.0140,=3.3932,=4.3774,=5.3357,=6.7479,=11.0368,=4.5157,=0.6101,=1.9360,=3.2245,=4.2964,=5.3148,=8.4259,=0.0717,=0.1905,=0.0792,=0.0404,=2088
="000811",细分有色,2012-04-11,=0.0386,=12918.0900,=0.1357,=22.1001,=0.3325,=13.5118,=17.9724,=30.8575,=58.6554,=312.9068,=3.6279,=0.9517,=1.7438,=2.0869,=2.5513,=3.1189,=4.8073,=1.4405,=0.9699,=0.6338,=0.7856,=0.9037,=1.1792,=1.9173,=0.0611,=0.1531,=0.0352,=0.0133,=176
="931637",港股通互联网,2021-01-11,=0.0028,=846.1300,=-0.1656,=22.1027,=0.1069,=16.9805,=23.6400,=28.3992,=41.9726,=87.7368,=2.7005,=0.0313,=2.2686,=3.0888,=3.4261,=4.2669,=11.7021,=2.6749,=0.0634,=2.1470,=2.9762,=3.4141,=4.5469,=11.5370,,,,=0.0103,=248
="399372",大盘成长,2010-01-04,=0.0181,=5744.2600,=0.0898,=22.1844,=0.6927,=13.0472,=16.8894,=20.2767,=25.3722,=45.9159,=3.2026,=0.6002,=1.9139,=2.4969,=2.9825,=5.3725,=9.5601,=2.0738,=0.2929,=1.2183,=1.8035,=2.6248,=3.4508,=6.6651,=0.0399,=0.1447,=0.0379,=0.0204,=310
="399395",国证有色,2012-10-29,=0.0409,=11066.1700,=0.1443,=22.2321,=0.3387,=12.7731,=17.8787,=29.9844,=57.2890,=326.9035,=3.6869,=0.9641,=1.7304,=2.0833,=2.5055,=3.0651,=4.8522,=1.4790,=0.9748,=0.6150,=0.7945,=0.9083,=1.1655,=1.9521,=0.0618,=0.1543,=0.0354,=0.0134,=659
="HSTECH",恒生科技指数,2020-07-01,=0.0080,=4969.2000,=-0.0991,=22.2498,=0.2440,=14.7293,=21.8364,=27.4159,=42.2049,=73.7725,=2.5836,=0.3615,=1.7280,=2.3758,=2.8349,=3.8175,=8.3408,=1.6993,=0.1596,=1.2545,=1.7451,=2.0571,=3.2159,=6.6932,,,,=0.0128,=6972
="399377",小盘价值,2010-01-04,=0.0155,=8426.9700,=0.0948,=22.3068,=0.8598,=9.8385,=13.2773,=15.1860,=19.8819,=34.2299,=1.3954,=0.7274,=0.8997,=1.0824,=1.2373,=1.8492,=2.1990,=0.8418,=0.6652,=0.4594,=0.5454,=0.7119,=1.2975,=1.8295,=0.0183,=0.0578,=0.0162,=0.0227,=625
="931442",SHS科技100,2020-04-21,=0.0031,=10010.6400,=-0.0699,=22.3124,=0.6708,=11.6240,=15.0498,=19.4756,=25.0131,=40.7731,=2.7511,=0.5314,=1.5813,=1.9711,=2.5998,=4.1377,=6.9092,=1.6953,=0.4712,=1.0913,=1.4313,=1.7542,=2.6076,=5.0819,,=0.1199,,=0.0127,=25
="000819",有色金属,2012-05-09,=0.0386,=10685.0600,=0.1437,=22.3695,=0.3771,=12.4710,=17.7541,=29.7256,=57.2152,=723.5976,=3.7806,=0.9509,=1.7791,=2.1409,=2.6212,=3.2344,=4.9698,=1.5047,=0.9666,=0.6317,=0.8246,=0.9660,=1.2728,=1.9863,=0.0625,=0.1569,=0.0361,=0.0136,=1941
="931892",有色矿业,2013-07-15,=0.0425,=4605.6500,=0.1612,=22.5009,=0.3263,=13.1272,=18.8191,=32.0676,=58.3507,=131.9594,=3.9632,=0.9699,=1.7020,=2.1320,=2.5077,=3.1445,=5.3430,=1.5051,=0.9711,=0.6092,=0.7896,=0.9200,=1.2108,=2.0391,=0.0653,=0.1630,=0.0363,=0.0120,=178
="930641",中证中药,2015-05-19,=-0.0039,=9014.4200,=-0.0526,=22.5968,=0.0726,=17.1921,=24.3396,=29.0597,=32.8246,=45.5431,=2.0811,=0,=2.0811,=2.5123,=2.9977,=3.5646,=4.1073,=2.2792,=0.0330,=2.1155,=2.4598,=2.8559,=3.6632,=4.5776,=0.0326,=0.0928,=0.0347,=0.0355,=845
="930708",中证有色,2015-07-13,=0.0391,=3553.6300,=0.1522,=22.8448,=0.3408,=13.9228,=18.4062,=31.2561,=59.3827,=425.7934,=3.6088,=0.9501,=1.7134,=2.0956,=2.5584,=3.1390,=4.7639,=1.3477,=0.9427,=0.6123,=0.7796,=0.8959,=1.1922,=1.7984,=0.0592,=0.1479,=0.0346,=0.0128,=511
="399990",煤炭等权,2015-01-21,=0.0086,=3663.1900,=0.2753,=22.9659,=0.9018,=5.7123,=8.6087,=10.6431,=15.3834,=3433.4450,=1.8348,=0.9847,=0.8179,=1.1166,=1.3563,=1.5916,=2.0135,=2.0860,=0.9992,=0.6732,=0.9175,=1.1212,=1.4509,=2.0936,=0.0229,=0.0912,=0.0239,=0.0292,=242
="399998",中证煤炭,2015-02-13,=0.0041,=2543.7700,=0.2901,=22.9659,=0.9018,=5.7123,=8.6087,=10.6431,=15.3834,=3433.4450,=1.8348,=0.9847,=0.8179,=1.1166,=1.3563,=1.5916,=2.0135,=2.0860,=0.9992,=0.6732,=0.9175,=1.1212,=1.4509,=2.0936,=0.0229,=0.0912,=0.0239,=0.0292,=2065
="HSIII",恒生互联网科技业指数,2020-07-20,=0.0055,=2503.9700,=-0.1473,=23.2059,=0.2223,=12.6629,=22.6890,=35.1416,=47.7321,=309808.9839,=2.6143,=0.1991,=1.7026,=2.6163,=4.2503,=6.1191,=8.5704,=2.0357,=0.2121,=1.1940,=2.0223,=2.4286,=3.5799,=5.1261,,,,=0.0113,=1995
="399987",中证酒,2014-12-10,=-0.0152,=4445.3400,=-0.1105,=23.2604,=0.2207,=16.5000,=21.6292,=30.5289,=38.5048,=71.4257,=3.9906,=0.0153,=3.4910,=4.9105,=6.4724,=8.9992,=15.9495,=6.9412,=0.3222,=4.9417,=6.4747,=8.3143,=11.8299,=21.4371,=0.0789,=0.2043,=0.0944,=0.0400,=2744
="000807",食品饮料,2012-02-17,=-0.0092,=17158.5000,=-0.0615,=23.3226,=0.2149,=16.7498,=22.4060,=30.4191,=37.6314,=67.1514,=3.9333,=0.0033,=3.8463,=4.7796,=6.2660,=8.2580,=14.6770,=4.5672,=0.2244,=3.3980,=4.5270,=5.6643,=7.6740,=12.7454,=0.0738,=0.1953,=0.0849,=0.0382,=4246
="000989",全指可选,2011-08-02,=0.0014,=5263.4300,=-0.0590,=23.3408,=0.4092,=14.8205,=20.3758,=24.5350,=30.9883,=46.1708,=2.2800,=0.2752,=1.6599,=2.1306,=2.5200,=2.8534,=3.3093,=1.0739,=0.2880,=0.8200,=1.0153,=1.1766,=1.4564,=1.7628,=0.0237,=0.1045,=0.0284,=0.0229,=1291
="399997",中证白酒,2015-01-21,=-0.0160,=7517.7100,=-0.1421,=23.3606,=0.2583,=16.2418,=20.9099,=29.7070,=37.9971,=71.4432,=4.1485,=0.0120,=3.7169,=5.2076,=7.2725,=9.8068,=17.8607,=7.9223,=0.3036,=5.9830,=7.2860,=9.8423,=13.6521,=24.8964,=0.0833,=0.2121,=0.1013,=0.0409,=7643
="000815",细分食品,2012-04-11,=-0.0095,=17393.2800,=-0.0715,=23.6606,=0.2215,=16.6089,=22.4193,=30.6819,=37.4251,=68.5596,=3.8515,=0.0037,=3.7572,=4.7477,=6.1940,=8.2709,=14.7926,=5.0533,=0.2694,=3.7363,=4.9232,=6.1122,=8.3455,=14.4971,=0.0708,=0.1902,=0.0845,=0.0377,=756
="000985",中证全指,2011-08-02,=0.0194,=6465.6000,=0.0923,=23.6683,=1,=12.6044,=15.9637,=17.6523,=20.1350,=23.6683,=1.8839,=0.6815,=1.2581,=1.5484,=1.7139,=1.9631,=2.1557,=1.7696,=0.9616,=1.0381,=1.2268,=1.3873,=1.6405,=1.8438,=0.0216,=0.0749,=0.0212,=0.0186,=632
="930903",中证A股,2016-10-18,=0.0194,=4456.9800,=0.0920,=23.6960,=1,=21.5774,=22.0622,=22.7901,=23.1259,=23.6960,=1.8862,=0.9600,=1.7653,=1.8037,=1.8592,=1.8738,=1.8941,=1.7705,=1,=1.6368,=1.6717,=1.7321,=1.7452,=1.7705,=0.0216,=0.0748,=0.0212,=0.0186,=7
="000069",消费80,2010-05-28,=-0.0020,=4558.5200,=-0.0714,=23.7163,=0.3709,=16.4356,=22.2674,=24.9057,=33.0497,=60.5019,=2.9536,=0.0846,=2.4642,=3.1953,=3.5468,=4.8097,=7.6372,=1.8147,=0.4303,=1.0743,=1.4621,=1.9152,=2.7436,=3.8795,=0.0378,=0.1324,=0.0420,=0.0252,=931
="931481",SHS线上消费,2020-05-06,=0.0154,=997.8200,=-0.1003,=23.9199,=0.2012,=17.8858,=23.9144,=30.3513,=47.4499,=121.3257,=2.8109,=0.0468,=2.4540,=3.1730,=3.5731,=5.6384,=9.8961,=2.9219,=0.2322,=2.0492,=2.8399,=3.3265,=4.4071,=7.8524,,=0.1066,,=0.0113,=60
="399396",国证食品,2012-10-29,=-0.0078,=16348.4900,=-0.0642,=24.0018,=0.2277,=17.1702,=22.3769,=30.0935,=37.3108,=66.0937,=3.7128,=0,=3.7128,=4.6017,=6.1033,=7.6300,=14.3214,=3.8300,=0.0945,=3.3405,=3.9740,=5.0532,=6.2477,=12.4529,=0.0671,=0.1761,=0.0767,=0.0368,=1608
="000912",300消费,2007-07-02,=-0.0105,=19549.1600,=-0.0577,=24.0097,=0.2653,=17.5697,=22.8316,=28.6990,=38.6920,=71.0374,=3.7804,=0.0437,=3.3949,=4.6734,=6.3987,=8.3233,=13.2137,=2.9927,=0.1064,=1.8902,=3.1993,=4.1913,=5.5033,=9.3193,=0.0602,=0.1878,=0.0812,=0.0383,=778
="931140",医药50,2019-03-20,=-0.0026,=10210.7000,=-0.0068,=24.0761,=0.0550,=22.2180,=25.6623,=28.8843,=43.5988,=67.0844,=3.4669,=0,=3.4669,=4.2693,=4.9971,=7.5059,=10.9696,=4.5479,=0.1547,=3.4950,=4.6393,=5.2245,=7.1844,=12.1248,=0.0393,=0.1515,=0.0402,=0.0187,=1173
="1000002",A股全指,1994-01-01,=0.0194,=6465.5983,=0.0923,=24.1224,=0.9905,=12.9500,=16.6929,=18.4845,=21.2997,=25.0020,=1.9112,=0.6514,=1.2633,=1.5740,=1.7418,=2.0169,=2.1910,=1.7925,=0.9604,=1.0499,=1.2419,=1.3986,=1.6640,=1.9034,=0.0215,=0.0745,=0.0211,=0.0183,=7874
="000929",中证材料,2009-07-03,=0.0295,=5087.2300,=0.1398,=24.2008,=0.7517,=9.9126,=14.1083,=19.5190,=25.6738,=1406.2094,=2.6945,=0.9616,=1.3680,=1.6188,=1.8889,=2.2695,=3.1607,=1.3704,=0.9686,=0.6315,=0.7658,=0.8823,=1.1777,=1.5845,=0.0399,=0.1037,=0.0230,=0.0147,=524
="000963",中证下游,2010-04-16,=0.0027,=5533.2000,=-0.0311,=24.3209,=0.3952,=17.2626,=22.3416,=25.2920,=33.1012,=51.0836,=2.3389,=0.0132,=2.1972,=2.6061,=3.0766,=3.4358,=5.6334,=1.5676,=0.1155,=1.2209,=1.6211,=1.7737,=2.0795,=3.4797,=0.0267,=0.0958,=0.0301,=0.0275,=28
="930625",SHS互联网,2015-04-21,=0.0181,=2700.7300,=-0.1104,=24.3571,=0.0751,=18.9097,=27.5665,=35.6703,=51.7864,=84.5605,=2.9524,=0.0244,=2.6129,=3.5182,=4.9957,=6.6850,=9.2961,=2.9343,=0.0331,=2.4953,=3.5065,=4.4327,=5.9049,=8.7946,,=0.1125,,=0.0101,=317
="399370",国证成长,2010-01-04,=0.0206,=5691.9100,=0.1237,=24.4431,=0.7496,=14.0104,=18.6938,=21.4920,=25.7184,=39.9195,=3.2945,=0.6844,=1.9695,=2.5703,=2.9562,=4.0447,=6.0628,=2.1156,=0.5173,=1.2188,=1.6926,=2.0819,=2.8022,=3.4917,=0.0375,=0.1344,=0.0327,=0.0180,=105
="HSSCITI",恒生港股通科技主题指数,2023-07-01,=0.0136,=2637.0200,=-0.0952,=24.4825,=0.5560,=15.2810,=21.0446,=23.9639,=27.0570,=33.8690,=2.8503,=0.3592,=2.1914,=2.7381,=2.9680,=3.4293,=4.1810,=2.3685,=0.6135,=1.5305,=1.8350,=2.0924,=2.7872,=3.5648,,,,=0.0099,=75
="HSSCT",恒生港股通中国科技指数,2020-02-01,=0.0147,=6681.1600,=-0.1093,=24.5277,=0.4549,=15.0039,=21.9896,=24.9703,=33.6099,=55.7647,=2.8320,=0.3816,=1.8368,=2.6430,=3.0643,=4.7190,=8.0840,=2.3678,=0.5217,=1.1354,=1.8332,=2.3392,=3.2219,=6.0217,,,,=0.0098,=90
="931027",港股通大消费,2017-11-06,=0.0010,=2996.9400,=-0.0395,=24.6372,=0.4628,=14.6383,=20.3902,=25.6260,=51.8542,=105.3721,=2.8717,=0.1939,=2.2514,=2.8791,=3.2569,=4.3987,=9.1499,=1.6887,=0.4121,=1.0973,=1.4383,=1.7812,=2.5118,=5.7985,,=0.1064,,=0.0216,=42
="HSSCNE",恒生港股通新经济指数,2018-01-08,=0.0060,=3927.1700,=-0.0860,=24.7909,=0.5612,=15.8046,=20.6452,=24.1410,=28.5917,=53.5009,=2.9279,=0.5642,=1.7963,=2.2445,=2.8347,=3.4850,=6.9059,=2.0463,=0.5178,=1.4023,=1.7269,=2.0096,=2.5656,=5.3019,,,,=0.0107,=206
="000904",中证200,2007-01-15,=0.0245,=6304.1700,=0.1158,=24.8043,=0.9897,=11.9474,=14.9318,=16.7651,=19.2609,=28.5236,=2.0589,=0.7797,=1.2748,=1.5010,=1.7447,=2.0668,=2.3407,=1.4983,=0.5747,=1.0540,=1.2917,=1.4313,=1.6943,=2.1135,=0.0231,=0.0739,=0.0238,=0.0205,=720
="000932",中证消费,2009-07-03,=-0.0060,=14272.1200,=-0.0640,=24.8295,=0.2219,=18.2526,=23.9080,=29.2804,=38.6663,=67.7039,=3.5975,=0.0107,=3.4495,=4.2772,=5.3629,=7.0320,=11.1990,=2.8040,=0.1122,=1.9505,=2.9576,=3.5970,=4.6842,=7.7724,=0.0540,=0.1726,=0.0732,=0.0362,=12299
="931484",CS医药创新,2020-05-06,=-0.0067,=1419.6500,=-0.0209,=24.9234,=0.2326,=18.2098,=24.3989,=27.5950,=48.1171,=86.1757,=4.0703,=0.0530,=3.3236,=4.6092,=5.5065,=11.5153,=17.5605,=5.5119,=0.1741,=3.7485,=5.6116,=6.6141,=11.3733,=20.8272,=0.0424,=0.1752,=0.0382,=0.0161,=380
="931573",HKC科技,2014-05-21,=0.0057,=3074.8400,=-0.0517,=25.1813,=0.2598,=18.3272,=24.3259,=28.7414,=40.2969,=82.7075,=3.1803,=0.3437,=2.3269,=2.9421,=3.3569,=4.3020,=10.6583,=2.0396,=0.2402,=1.5041,=1.9737,=2.3184,=3.4279,=8.3359,,=0.1200,,=0.0101,=277
="931588",1000价值稳健,2020-11-09,=0.0091,=37013.5600,=0.0326,=25.3565,=1,=12.8074,=16.6674,=18.4264,=20.4507,=25.3565,=1.3647,=0.3438,=1.0253,=1.2730,=1.4405,=1.5643,=1.9102,=0.6788,=0.7728,=0.4756,=0.5519,=0.6267,=0.6900,=0.8427,=0.0162,=0.0641,=0.0212,=0.0244,=104
="000990",全指消费,2011-08-02,=-0.0072,=11922.1000,=-0.0635,=25.3614,=0.2203,=18.6483,=24.2277,=30.8363,=39.1217,=75.7240,=3.5748,=0.0111,=3.3612,=4.0970,=4.9952,=6.2867,=9.6579,=2.8331,=0.2302,=2.0384,=2.7687,=3.3225,=4.0947,=6.6514,=0.0524,=0.1676,=0.0712,=0.0353,=3832
="931755",SEEE碳中和,2021-10-21,=0.0221,=2259,=0.0757,=25.3726,=0.8643,=13.4966,=17.3980,=21.1212,=24.8086,=29.4214,=2.5928,=0.7182,=1.7561,=1.9607,=2.3724,=2.7567,=3.9105,=1.4855,=0.8275,=0.8856,=1.0325,=1.2171,=1.4438,=2.3046,=0.0267,=0.0916,=0.0211,=0.0163,=141
="930653",CS食品饮,2015-06-05,=-0.0052,=14226.5500,=-0.0574,=25.3787,=0.2351,=17.6031,=23.1717,=31.2814,=38.3114,=65.8842,=3.5823,=0,=3.5823,=4.4410,=5.7103,=7.1300,=12.9907,=3.5757,=0.0635,=3.0169,=3.8365,=4.7683,=5.8503,=11.4166,=0.0615,=0.1583,=0.0705,=0.0352,=891
="931470",SHS云计算,2020-04-21,=0.0276,=4008.8000,=0.0868,=25.6582,=0.5432,=13.2694,=19.8660,=25.1871,=31.4561,=62.1875,=3.5994,=0.2991,=2.5281,=3.4396,=3.9246,=5.9277,=9.6099,=3.9336,=0.2264,=2.7843,=3.8767,=4.5067,=6.5002,=10.5654,,=0.1294,,=0.0092,=32
="931574",港股科技,2013-05-21,=0.0072,=1649.5100,=-0.0604,=26.0332,=0.4272,=16.3025,=22.7130,=27.7462,=43.0173,=59.3282,=3.0375,=0.5472,=1.8790,=2.4961,=2.9612,=3.6215,=8.1693,=1.8649,=0.3525,=1.3201,=1.6599,=1.9821,=2.8702,=5.7490,,=0.1080,,=0.0105,=264
="000930",中证工业,2009-07-03,=0.0265,=3903.8100,=0.1130,=26.1029,=0.9146,=13.1747,=16.3715,=20.2752,=23.8872,=30.4087,=2.0426,=0.6906,=1.3752,=1.5614,=1.8663,=2.1245,=2.6342,=0.9765,=0.9719,=0.5311,=0.6373,=0.7617,=0.8808,=1.0502,=0.0191,=0.0679,=0.0169,=0.0168,=324
="H30015",800汽车,2012-12-21,=0.0033,=9268.4900,=-0.0789,=26.3795,=0.6786,=11.4503,=15.2101,=22.5143,=31.8612,=45.6288,=2.1742,=0.4889,=1.3220,=1.7482,=2.1815,=2.4572,=3.4622,=0.9387,=0.6101,=0.5106,=0.6736,=0.8524,=1.0480,=1.4573,=0.0155,=0.0922,=0.0213,=0.0141,=185
="930794",中美互联网,2016-04-22,,,=-0.0909,=26.3945,=0.1098,=21.6222,=27.9993,=32.4687,=38.0931,=50.5410,=6.3649,=0.4009,=3.5920,=5.6984,=6.5716,=7.5414,=9.2259,=5.1225,=0.6286,=2.2940,=3.8795,=4.8391,=5.5740,=7.0802,,=0.2458,,=0.0027,=419
="931752",工程机械主题,2021-09-27,=0.0354,=2821.6200,=0.1193,=26.5046,=0.9802,=13.6456,=18.4162,=21.0892,=24.2905,=27.9581,=2.3652,=0.9631,=1.2593,=1.5710,=1.7054,=2.1053,=2.6511,=1.4614,=0.9640,=0.7133,=0.9132,=1.0101,=1.2365,=1.6462,=0.0241,=0.0958,=0.0272,=0.0186,=87
="931166",医药健康100,2019-04-25,=0.0016,=3996.1600,=-0.0093,=26.5085,=0.5291,=17.5935,=22.2638,=26.0941,=36.5135,=58.5515,=3.3613,=0.1834,=2.7671,=3.3892,=4.2656,=5.9566,=8.5226,=4.2143,=0.6549,=2.1887,=3.0422,=3.7444,=4.4798,=6.8190,=0.0346,=0.1325,=0.0321,=0.0161,=394
="399374",中盘成长,2010-01-04,=0.0257,=5435.7800,=0.1890,=26.7080,=0.7252,=12.0664,=16.7038,=22.9681,=27.5418,=33.1996,=3.5119,=0.7112,=1.8942,=2.4100,=3.1260,=3.6250,=4.3864,=2.4529,=0.7715,=0.9013,=1.6610,=2.2040,=2.5026,=3.0605,=0.0366,=0.1248,=0.0238,=0.0150,=201
="000813",细分化工,2012-04-11,=0.0158,=4482.0100,=0.1755,=26.9023,=0.7496,=11.4329,=16.5252,=21.9341,=28.7798,=42.1751,=2.9439,=0.6972,=1.6736,=2.0410,=2.6102,=3.1017,=4.9148,=1.6902,=0.6267,=0.8896,=1.1114,=1.4038,=1.9668,=3.1071,=0.0394,=0.0961,=0.0234,=0.0131,=932
="987008",港股通科技,2021-03-08,,,=-0.1021,=26.9235,=0.4543,=16.3992,=24.1314,=27.4495,=34.2104,=63.8758,=2.8795,=0.1299,=2.3408,=2.9925,=3.4422,=4.0254,=8.4842,=2.3820,=0.0764,=1.9635,=2.6485,=2.9965,=3.8809,=8.7605,,=0.0980,,=0.0084,=78
="000987",全指材料,2011-08-02,=0.0298,=5762.1600,=0.1500,=27.5023,=0.7653,=11.8534,=16.4330,=21.1108,=28.6366,=1313.4345,=2.6665,=0.9348,=1.3547,=1.6741,=2.0387,=2.5017,=3.3213,=1.3475,=0.7900,=0.6546,=0.8399,=1.0187,=1.3561,=1.7398,=0.0340,=0.0892,=0.0206,=0.0135,=387
="000936",中证电信,2009-07-03,=0.0204,=12413.4200,=0.2488,=27.6359,=0.5400,=14.1836,=20.2178,=26.5865,=41.2993,=123.1725,=2.5285,=0.6440,=1.2149,=1.7612,=2.3174,=2.7749,=3.6232,=2.4671,=0.9975,=0.7463,=1.0089,=1.2424,=1.7796,=2.5534,=0.0215,=0.0913,=0.0219,=0.0232,=331
="000969",300非周,2010-05-28,=0.0183,=5869.6200,=0.1023,=27.6714,=0.8469,=15.9839,=20.5429,=22.4866,=25.7274,=38.7203,=2.8420,=0.6007,=2.0789,=2.4731,=2.7710,=3.1883,=4.9189,=1.5855,=0.8210,=0.8921,=1.1479,=1.2783,=1.5341,=2.2463,=0.0251,=0.0964,=0.0261,=0.0194,=86
="399702",深证F120,2010-05-10,=0.0178,=8094.0100,=0.0684,=27.8947,=0.9983,=12.6034,=17.7484,=20.6053,=22.3980,=28.8861,=2.2528,=0.5631,=1.5963,=1.9857,=2.2116,=2.6272,=3.5867,=1.4495,=0.6407,=0.8721,=1.1406,=1.3216,=1.5883,=2.2308,=0.0250,=0.0726,=0.0233,=0.0212,=1424
="931829",中证回购,2023-10-17,=0.0181,=2514.7500,=0.0881,=28.1689,=0.6006,=16.8171,=21.5105,=25.5051,=35.1372,=40.4937,=2.2993,=0.9984,=1.3801,=1.5581,=1.7272,=1.9348,=2.3056,=0.9789,=0.2890,=0.7604,=0.9621,=1.0299,=1.1772,=1.4917,=0.0242,=0.0495,=0.0133,=0.0262,=37
=".INX",标普500,1957-03-04,=0.0081,=7259.2200,=0.0604,=28.3532,=0.7854,=15.6907,=21.8286,=24.0012,=28.5765,=42.9883,=5.4774,=0.9837,=2.4601,=3.2164,=3.9244,=4.7270,=5.6128,=3.5249,=0.9960,=1.5801,=2.0802,=2.3565,=3.0262,=3.5478,,,=0.0468,=0.0101,=8948
="1000008",沪深B股,1994-01-10,=0.0168,=286.0700,=0.1271,=28.4975,=0.7727,=7.0835,=12.9417,=17.4961,=30.7740,=97.5837,=0.8026,=0.3152,=0.6594,=0.7810,=0.8548,=1.0815,=1.4976,=0.5478,=0.6493,=0.3777,=0.4474,=0.5016,=0.5970,=1.1545,,,=0.0134,=0.0382,=370
="931403",品牌工程,2020-01-14,=0.0166,=2120.7400,=0.0742,=28.5260,=0.4573,=18.7149,=23.9514,=29.7046,=44.3759,=69.9724,=4.0941,=0.2664,=3.2380,=4.0083,=5.1235,=7.7377,=10.9810,=3.2671,=0.4416,=2.2604,=2.9186,=3.3969,=4.8199,=7.2001,=0.0453,=0.1433,=0.0461,=0.0210,=115
="931524",SHS科技龙头,2020-07-16,=0.0172,=2763.0200,=0.0280,=28.5787,=0.6746,=18.9033,=23.4466,=26.5289,=35.9432,=59.9125,=3.6024,=0.4413,=2.7731,=3.2870,=3.6683,=5.2114,=9.0190,=2.6984,=0.5784,=1.6886,=2.2547,=2.5370,=4.2759,=7.2475,,=0.1133,,=0.0096,=218
="931526",企业核心竞争力50,2020-08-24,=0.0170,=1352.4100,=0.0316,=28.6614,=0.6993,=13.8510,=17.2358,=22.7391,=30.1715,=51.8267,=4.1194,=0.5251,=1.7937,=3.0721,=4.0571,=6.8730,=10.8733,=3.4821,=0.5410,=0.9066,=1.4920,=3.4259,=4.5655,=7.9459,=0.0371,=0.1485,=0.0461,=0.0139,=83
="399814",大农业,2014-07-22,=0.0059,=1239.6500,=0.0339,=28.8094,=0.5050,=17.8693,=23.5206,=28.6956,=33.0231,=111.7688,=3.1008,=0.3230,=2.4368,=2.9393,=3.3285,=4.3740,=6.4483,=1.7559,=0.4303,=1.2031,=1.5092,=1.8479,=2.3352,=3.7145,=0.0257,=0.1209,=0.0380,=0.0235,=765
="399701",深证F60,2010-05-10,=0.0148,=8337.0300,=0.0499,=29.0294,=0.9996,=12.1841,=16.9116,=19.6796,=21.9812,=29.1141,=2.1497,=0.4406,=1.6712,=2.0102,=2.1834,=2.5392,=3.7270,=1.4250,=0.6060,=1.0125,=1.2363,=1.3633,=1.5636,=2.4139,=0.0232,=0.0664,=0.0243,=0.0231,=1675
="399365",国证粮食,2009-11-04,=0.0006,=14122.6700,=0.0424,=29.0869,=0.5825,=13.3311,=20.2221,=27.2700,=35.2364,=54.5886,=2.5093,=0.3040,=1.6393,=2.0688,=4.1076,=6.4747,=11.3501,=1.0232,=0.3383,=0.5961,=0.8022,=3.1479,=4.6104,=8.7065,=0.0232,=0.0838,=0.0244,=0.0157,=65
="931590",500成长创新,2020-11-09,=0.0209,=30335.4900,=0.1170,=29.3871,=0.9286,=14.5054,=17.7397,=20.0374,=26.4587,=32.9124,=3.3254,=0.8457,=1.6442,=2.3195,=2.6313,=3.2536,=3.8320,=3.3855,=0.9831,=1.3106,=1.9705,=2.2702,=2.6578,=3.6034,=0.0292,=0.1277,=0.0317,=0.0127,=87
="000907",中证700,2007-01-15,=0.0267,=7338.3700,=0.1337,=29.4131,=0.9905,=13.5964,=17.1394,=19.5530,=24.0391,=35.6383,=2.2718,=0.8527,=1.3201,=1.5883,=1.8280,=2.2169,=2.5821,=1.6220,=0.8036,=0.9663,=1.1767,=1.3273,=1.6173,=1.9854,=0.0223,=0.0692,=0.0213,=0.0167,=264
="000988",全指工业,2011-08-02,=0.0267,=4588.9000,=0.1116,=29.6016,=0.8061,=13.7285,=19.3778,=24.0517,=29.4926,=37.6625,=2.1735,=0.6617,=1.3866,=1.6512,=2.0223,=2.4483,=2.7728,=1.0309,=0.7343,=0.5551,=0.7455,=0.9038,=1.0754,=1.3765,=0.0185,=0.0650,=0.0170,=0.0153,=236
="399989",中证医疗,2014-10-31,=0,=6687.1100,=-0.0108,=29.6486,=0.1757,=22.9032,=30.1362,=40.3658,=60.6164,=114.3753,=3.2539,=0.0413,=2.8697,=3.8828,=5.5154,=8.1687,=13.4814,=5.5818,=0.1708,=4.3528,=5.6899,=6.6000,=9.4594,=17.4163,=0.0284,=0.1137,=0.0290,=0.0133,=8390
="931239",港股通汽车,2022-07-21,=-0.0061,=2450.5700,=0.0597,=29.7651,=0.9796,=12.1049,=14.2169,=16.5189,=22.2491,=31.4216,=3.3337,=0.9728,=1.2076,=1.4272,=1.5640,=2.0662,=3.5989,=1.6715,=0.9755,=0.6024,=0.6803,=0.7479,=1.0283,=1.7776,,=0.1152,,=0.0129,=47
="931579",东证优势成长,2020-11-09,=0.0269,=9493.9100,=0.2439,=29.7661,=0.8117,=7.9327,=14.1971,=19.0061,=29.2410,=61.0103,=5.9368,=0.8343,=0.9149,=2.5842,=3.3682,=5.7344,=9.3390,=3.7251,=0.8660,=1.1828,=2.0447,=2.3307,=3.5939,=6.0793,=0.0548,=0.1983,=0.0468,=0.0108,=123
="931008",汽车指数,2013-07-15,=0.0064,=11343.0400,=-0.0530,=29.8958,=0.6392,=12.0130,=17.4237,=26.0831,=36.2860,=55.3660,=2.2694,=0.5655,=1.1809,=1.5355,=2.2203,=2.4595,=3.4286,=0.9732,=0.6146,=0.4315,=0.5506,=0.9117,=1.0547,=1.4087,=0.0152,=0.0829,=0.0208,=0.0138,=476
="HSSI",恒生综合小型股指数,2001-10-03,=-0.0031,=1676.2700,=0.0674,=30.1277,=0.8915,=7.3220,=11.0801,=16.3973,=26.0543,=83.7574,=1.1871,=0.8488,=0.5652,=0.7236,=0.9814,=1.1640,=1.4185,=0.7878,=0.6298,=0.3459,=0.4531,=0.6971,=0.9209,=1.2872,,,,=0.0235,=124
="931235",中证电信,2022-07-21,=0.0170,=3071.2800,=0.1326,=30.2319,=0.9825,=15.5242,=18.6369,=21.1994,=25.6595,=31.8301,=2.7914,=0.9945,=0.8741,=1.6293,=1.8801,=2.1829,=2.8822,=2.6314,=0.9945,=0.6427,=1.3326,=1.7016,=1.9967,=2.7294,=0.0216,=0.0917,=0.0212,=0.0210,=57
="000994",全指电信,2011-08-02,=0.0209,=13943.2700,=0.2519,=30.3533,=0.4068,=17.6024,=21.7761,=35.0193,=52.5847,=109.2407,=2.7254,=0.6167,=1.3865,=1.8410,=2.5289,=3.0695,=3.7766,=2.6518,=0.9975,=0.9155,=1.2459,=1.5232,=1.8542,=2.7562,=0.0216,=0.0895,=0.0218,=0.0214,=225
="399698",优势成长,2017-06-15,=0.0153,=53517.7900,=0.0266,=30.4215,=0.6730,=14.2338,=18.1810,=22.8629,=35.7134,=66.5130,=2.0960,=0.6596,=1.2178,=1.5039,=1.9074,=2.3063,=2.9395,=2.8313,=0.8502,=0.6634,=1.0538,=1.6886,=2.5277,=4.7303,=0.0192,=0.0690,=0.0052,=0.0136,=39
="000941",新能源,2009-10-28,=0.0336,=3037.7800,=0.1803,=30.4488,=0.5355,=10.2578,=20.0248,=29.2853,=37.6508,=57.4660,=3.8420,=0.7991,=1.8262,=2.2548,=2.9438,=3.8432,=8.1424,=3.0775,=0.8317,=1.2704,=1.5650,=2.2527,=2.9489,=7.0320,=0.0322,=0.1201,=0.0313,=0.0130,=2452
="931230",汽车零部件,2013-07-15,=0.0200,=1213.8500,=-0.0610,=30.4527,=0.8112,=18.5338,=23.6619,=26.5377,=30.4067,=34.9965,=3.1235,=0.7894,=1.8462,=2.2736,=2.5986,=3.1467,=3.7531,=2.0104,=0.8112,=1.1819,=1.4508,=1.6567,=1.9965,=2.3775,=0.0227,=0.1141,=0.0262,=0.0128,=42
="HSBIO",恒生生物科技指数,2019-12-01,=-0.0016,=14633.5400,=0.0321,=31.2791,=0.2113,=20.8275,=31.0223,=63.6483,=140.2789,=62737.8398,=3.0693,=0.5225,=1.5084,=2.1385,=2.9168,=4.4703,=6.7821,=1.7217,=0.6180,=0.7434,=1.0874,=1.5272,=2.1597,=3.5303,,=0.1057,,=0.0092,=662
="399330",深证100,2006-01-24,=0.0153,=6525.7500,=0.1218,=31.8017,=0.9773,=14.9910,=20.2041,=22.5845,=26.3571,=38.9547,=3.1633,=0.7125,=1.9919,=2.4968,=2.9278,=3.5438,=5.5535,=2.2938,=0.7302,=1.3434,=1.7250,=2.0876,=2.4344,=4.0791,=0.0278,=0.0897,=0.0269,=0.0169,=2317
="931747",中证储能,2021-10-15,=0.0278,=9136.7600,=0.1470,=31.8955,=0.6645,=16.6670,=22.1126,=27.6139,=54.2364,=124.6415,=5.0781,=0.6145,=3.1109,=3.9253,=4.6376,=7.0247,=12.5394,=2.5977,=0.6852,=1.2712,=1.6938,=2.2532,=3.8256,=8.7019,=0.0355,=0.1665,=0.0400,=0.0116,=125
="931406",5G 50,2020-02-20,=0.0250,=2680.5100,=0.2593,=31.9644,=0.7432,=15.2657,=20.5591,=23.1916,=34.2044,=51.5506,=3.3354,=0.6713,=1.5292,=1.9547,=2.3855,=3.7855,=5.3757,=2.2485,=0.9933,=0.9155,=1.3988,=1.5772,=1.8718,=2.3624,=0.0252,=0.1023,=0.0236,=0.0179,=699
="000037",上证医药,2009-01-09,=0.0007,=6286.7400,=-0.0076,=32.0671,=0.2550,=21.0843,=31.5437,=34.7490,=41.6974,=61.3894,=3.2887,=0.1625,=2.7278,=3.3579,=3.8957,=4.6066,=7.3155,=2.4125,=0.5487,=1.5724,=2.0207,=2.3639,=2.9395,=4.1395,=0.0281,=0.1036,=0.0282,=0.0122,=2053
="399432",智能汽车,2014-12-30,=0.0269,=7294.6800,=0.0751,=32.0732,=0.6667,=12.3799,=17.7105,=23.2834,=66.1739,=131.3343,=4.2943,=0.6559,=1.4019,=2.1767,=3.4594,=6.5272,=11.4939,=2.4645,=0.6840,=0.5888,=0.9014,=1.8438,=4.6106,=8.8483,=0.0329,=0.1377,=0.0319,=0.0105,=17
="HSSSHID",恒生沪深港创新药精选50指数,2020-03-01,=-0.0041,=7706.2300,=0.0279,=32.2635,=0.3231,=23.4861,=29.7608,=35.8473,=52.3912,=94.0285,=3.6561,=0.4613,=2.0729,=2.8042,=3.7540,=6.4232,=8.4497,=5.2777,=0.6929,=1.3432,=1.8775,=3.1733,=5.9847,=8.1459,,=0.1198,,=0.0094,=279
="980032",新能电池,2015-02-17,=0.0318,=18678.2200,=0.1863,=32.5276,=0.6147,=14.3994,=22.0748,=30.6808,=83.4573,=130.4039,=4.6181,=0.5564,=2.4545,=3.3111,=4.3210,=7.7697,=11.8091,=2.5026,=0.5840,=1.1163,=1.6741,=2.2448,=4.9614,=7.8642,=0.0362,=0.1357,=0.0304,=0.0102,=727
="000857",500医药,2013-11-06,=0.0036,=10455.8100,=0.0195,=32.5564,=0.5949,=16.5096,=22.8937,=30.0692,=38.1171,=66.9361,=2.8317,=0.4810,=1.9620,=2.4653,=2.8643,=3.5576,=5.0991,=2.6391,=0.7219,=1.3156,=1.7598,=2.1305,=2.8146,=4.5555,=0.0260,=0.0879,=0.0247,=0.0172,=730
="000009",上证380,2010-11-29,=0.0207,=7350.5400,=0.1157,=32.6568,=0.9175,=11.6192,=14.6240,=18.0417,=25.1199,=40.6416,=2.3731,=0.7941,=1.2909,=1.6341,=1.9522,=2.3848,=2.8641,=1.5063,=0.7892,=0.7850,=0.9356,=1.0813,=1.5356,=1.8994,=0.0195,=0.0662,=0.0205,=0.0149,=861
="931487",SHS人工智能50,2020-05-06,=0.0204,=2243.3400,=0.0186,=32.7467,=0.5764,=18.6614,=25.4386,=31.5437,=37.3391,=66.0883,=4.5810,=0.4769,=3.0781,=4.0385,=4.6401,=6.5447,=10.5947,=5.0439,=0.4381,=3.3555,=4.4863,=5.1901,=6.8450,=9.5096,,=0.1427,,=0.0080,=70
="980027",新能源电池,2015-02-16,=0.0306,=3877.5700,=0.1477,=32.7799,=0.9828,=16.8641,=20.8872,=24.5113,=30.3875,=35.7610,=5.0217,=1,=2.5249,=3.0097,=3.4368,=4.3740,=5.0217,=3.4873,=0.9285,=1.4888,=1.8888,=2.3836,=3.2328,=3.8612,=0.0376,=0.1513,=0.0348,=0.0129,=81
="399005",中小板指,2006-01-24,=0.0174,=9568.5400,=0.1579,=32.7903,=0.7038,=16.1163,=23.0542,=28.5304,=34.0254,=44.0181,=3.2709,=0.3890,=2.0289,=2.7421,=3.4763,=4.3360,=5.3697,=2.2822,=0.4505,=1.3510,=1.8219,=2.4266,=3.3230,=4.1546,=0.0255,=0.0988,=0.0255,=0.0122,=3244
="399389",国证通信,2011-12-02,=0.0260,=10786.4400,=0.2934,=32.8194,=0.3899,=15.1336,=21.7733,=48.4555,=65.1875,=153.7967,=2.8125,=0.7042,=1.3245,=1.8461,=2.4668,=3.0735,=3.9804,=2.7068,=0.9992,=0.9743,=1.4589,=1.6820,=1.8838,=2.7698,=0.0209,=0.0855,=0.0209,=0.0205,=37
="000933",中证医药,2009-07-03,=-0.0009,=8008.6800,=-0.0101,=32.9411,=0.5408,=22.6651,=27.9022,=32.5474,=37.5717,=63.0472,=2.9885,=0.0974,=2.5059,=3.2266,=4.0048,=4.6474,=7.0232,=2.8008,=0.3531,=1.9281,=2.5173,=3.0410,=3.6289,=5.1631,=0.0282,=0.0926,=0.0299,=0.0160,=7140
="399417",新能源车,2014-09-24,=0.0300,=4425.3100,=0.1376,=32.9893,=0.5833,=14.2186,=20.9718,=30.4833,=56.8057,=106.6289,=4.4275,=0.7640,=1.6630,=2.3823,=3.4489,=4.7209,=9.6468,=2.4645,=0.7789,=0.6730,=1.0543,=1.8497,=2.5741,=6.6041,=0.0339,=0.1319,=0.0293,=0.0107,=2432
="000991",全指医药,2011-08-02,=-0.0008,=8623.0400,=-0.0109,=33.1975,=0.4150,=23.5983,=29.5064,=34.5304,=41.0792,=73.5923,=2.9687,=0.0512,=2.5957,=3.2084,=3.8374,=4.7164,=6.5650,=2.7784,=0.2991,=2.0200,=2.6681,=3.0409,=3.7659,=5.9103,=0.0278,=0.0907,=0.0276,=0.0157,=7936
="000913",300医药,2007-07-02,=-0.0039,=7981.8500,=-0.0278,=33.2468,=0.4860,=22.1588,=28.7885,=33.3995,=39.5137,=73.4129,=3.1230,=0.0132,=2.9174,=3.7002,=4.8073,=6.0065,=9.5028,=2.9410,=0.2141,=2.2757,=2.9221,=3.3886,=5.4291,=7.4989,=0.0300,=0.0967,=0.0342,=0.0151,=3360
="399315",巨潮中盘,2005-02-03,=0.0282,=5520.4600,=0.1599,=33.4819,=0.8688,=14.3715,=18.4227,=22.9152,=29.8266,=46.2941,=2.6457,=0.8709,=1.5252,=1.8923,=2.1500,=2.5767,=2.9380,=1.9644,=0.9971,=0.8408,=1.2254,=1.4277,=1.6500,=2.0060,=0.0239,=0.0707,=0.0202,=0.0137,=19
="931798",光伏龙头30,2009-06-16,=0.0274,=2403.0900,=0.1546,=33.5290,=0.7050,=8.0886,=17.2411,=24.1372,=37.6614,=66.5518,=2.9153,=0.6601,=1.6869,=2.0126,=2.3822,=4.5878,=8.3847,=2.3896,=0.7137,=0.9999,=1.3229,=1.6567,=3.0761,=5.7040,=0.0172,=0.0745,=0.0196,=0.0106,=190
="1000005",上海非金融A股,1994-01-01,,,,=33.5859,=0.9806,=15.3520,=20.3290,=23.4487,=29.5564,=34.6296,=2.3461,=0.9092,=1.5456,=1.8178,=2.0322,=2.2508,=2.5831,=1.4425,=0.9992,=0.7548,=0.9329,=1.0719,=1.1940,=1.4561,=0.0209,=0.0661,=0.0198,=0.0174,=189
="930746",港中小企,2015-08-26,=0.0048,=2674.9400,=-0.0056,=33.6710,=0.9927,=7.8499,=11.1100,=14.0838,=17.6893,=36.0739,=1.1049,=0.5416,=0.6829,=0.8308,=1.0774,=1.2267,=1.6951,=0.7225,=0.5546,=0.3939,=0.5282,=0.6929,=0.8171,=1.1520,,=0.0299,,=0.0298,=207
="399295",创价值,2019-01-23,=0.0264,=5797.8900,=0.0744,=33.7439,=0.4157,=20.8863,=26.4006,=40.3696,=57.0972,=73.8741,=5.7010,=0.4645,=3.7254,=4.5924,=5.8582,=9.0112,=11.5385,=4.4784,=0.4083,=2.5684,=3.4564,=5.4167,=9.2076,=12.8251,=0.0387,=0.1758,=0.0398,=0.0133,=608
="000978",医药100,2011-03-18,=0.0005,=10364.0400,=-0.0062,=33.7456,=0.4814,=23.7467,=28.9537,=34.0604,=37.7475,=66.4077,=3.0289,=0.0549,=2.6819,=3.2832,=4.2119,=5.0232,=7.8052,=2.9171,=0.3457,=2.0946,=2.6888,=3.1485,=3.6588,=5.9820,=0.0280,=0.0911,=0.0286,=0.0153,=4700
="399804",中证体育,2015-02-09,=0.0083,=2024.7300,=0.0208,=33.8205,=0.5396,=17.8349,=25.3379,=31.9482,=48.6361,=92.9525,=3.2385,=0.5058,=2.0588,=2.7283,=3.2284,=3.8616,=5.7602,=2.9141,=0.5206,=1.7235,=2.3146,=2.8807,=4.1843,=7.1775,=0.0257,=0.0922,=0.0231,=0.0203,=296
="HSHCI",恒生医疗保健指数,2015-08-17,=-0.0014,=3713.6500,=0.0142,=33.9174,=0.5152,=15.9973,=23.0358,=33.2902,=116.8549,=143059.6617,=2.8929,=0.6022,=1.4805,=2.2461,=2.6295,=3.4864,=7.0432,=1.8157,=0.7855,=0.8149,=1.0157,=1.2804,=1.8605,=3.5391,,,,=0.0101,=1716
="399326",成长40,2006-01-24,=0.0260,=8110.2000,=0.2738,=34.1136,=0.8304,=11.4413,=22.5069,=27.6983,=32.0610,=67.8360,=7.5252,=0.9039,=2.3502,=3.7081,=4.6877,=6.3267,=10.3842,=4.6149,=0.9719,=1.6605,=2.3239,=3.0335,=3.8874,=5.1844,=0.0646,=0.2161,=0.0378,=0.0095,=272
="931719",CS电池,2013-07-15,=0.0407,=5049.6600,=0.1876,=34.2133,=0.3585,=15.7007,=26.6847,=43.3760,=64.6630,=121.8822,=4.9460,=0.7269,=1.9771,=2.9292,=3.9518,=5.7588,=11.8941,=3.3366,=0.6077,=1.2782,=2.0990,=3.0341,=4.7407,=9.5565,=0.0377,=0.1370,=0.0297,=0.0113,=539
="932246",储能电池,2022-07-08,=0.0333,=5818.6100,=0.2092,=34.2751,=0.8901,=13.3190,=20.0157,=26.3809,=33.4714,=40.1514,=5.1273,=1,=2.3139,=2.6589,=3.2120,=4.4018,=5.1273,=3.4769,=0.9423,=1.3666,=1.6510,=2.2582,=3.3057,=3.7523,=0.0403,=0.1439,=0.0321,=0.0121,=60
="930901",动漫游戏,2016-10-18,=0.0147,=1934.6000,=-0.0861,=34.3214,=0.3453,=17.2478,=29.6374,=42.6071,=280.7889,=4647.5377,=3.4855,=0.6508,=1.7335,=2.2909,=2.8855,=4.0905,=7.9690,=5.6614,=0.6193,=2.8663,=4.1991,=5.0099,=6.8436,=10.0355,=0.0360,=0.1150,=0.0336,=0.0161,=826
="H11052",智能电车,2009-07-22,=0.0236,=4662.7900,=0.0986,=34.4096,=0.5462,=16.1153,=26.3648,=33.4433,=63.3646,=148.6443,=4.3439,=0.6687,=2.6129,=3.1950,=3.8504,=5.5107,=9.7804,=2.2364,=0.6555,=1.2507,=1.6563,=2.0291,=3.2736,=6.6252,=0.0316,=0.1293,=0.0281,=0.0094,=194
="399088",深创100,2020-02-18,=0.0224,=5669.8500,=0.1232,=34.4270,=0.7333,=15.3025,=21.8133,=26.5945,=38.4570,=56.8187,=5.0566,=0.7382,=2.2889,=3.2681,=4.0193,=5.3756,=6.8856,=3.3012,=0.7242,=1.4223,=1.9625,=2.4156,=3.7521,=5.1281,=0.0356,=0.1522,=0.0358,=0.0121,=74
="399976",CS新能车,2014-11-28,=0.0326,=5252.2900,=0.1761,=34.6179,=0.4901,=13.8890,=22.9016,=34.9270,=62.1175,=231.2544,=4.4308,=0.6568,=2.0896,=3.0970,=3.8946,=6.2213,=11.9870,=2.5580,=0.6246,=0.7703,=1.7976,=2.3199,=4.1916,=9.1824,=0.0343,=0.1248,=0.0265,=0.0093,=2013
="000171",新兴成指,2017-01-25,=0.0273,=2221.6900,=0.2041,=34.6902,=0.7949,=15.0335,=20.2481,=24.5384,=34.9680,=63.8139,=4.5941,=0.5916,=2.6324,=3.2700,=4.3222,=6.3208,=10.8185,=4.0737,=0.7602,=1.3680,=2.1097,=2.7523,=4.3022,=8.5894,=0.0336,=0.1371,=0.0326,=0.0126,=197
="399008",中小300,2010-03-22,=0.0200,=1884.1300,=0.1386,=34.7946,=0.7628,=17.8364,=25.4661,=30.4240,=35.7370,=45.5477,=3.0164,=0.5144,=1.7846,=2.4620,=2.9909,=3.8461,=4.7778,=2.0801,=0.4950,=1.1664,=1.6529,=2.0862,=2.8421,=3.8663,=0.0232,=0.0868,=0.0228,=0.0121,=505
="930997",新能源车,2017-07-19,=0.0326,=3573.8200,=0.1766,=34.8664,=0.5910,=14.0460,=20.4098,=31.9301,=88.1012,=171.6022,=4.4520,=0.6825,=1.7502,=2.4117,=3.6258,=6.1272,=11.4567,=2.5704,=0.6571,=0.7652,=1.1922,=2.1395,=3.9564,=8.7389,=0.0346,=0.1243,=0.0266,=0.0093,=1968
="000808",医药生物,2012-02-17,=-0.0002,=8197.6200,=-0.0108,=35.0653,=0.5408,=23.4705,=28.3997,=34.6800,=37.8852,=66.3352,=3.0422,=0.0648,=2.6545,=3.2940,=4.1971,=4.9177,=7.9299,=2.9003,=0.3577,=2.0659,=2.6750,=3.1022,=3.5475,=6.2098,=0.0273,=0.0877,=0.0275,=0.0150,=1411
="399996",智能家居,2014-09-17,=0.0247,=5126.5400,=0.1152,=35.2564,=0.8767,=17.5405,=23.3761,=27.7566,=33.3870,=47.8369,=4.3127,=0.9101,=2.2523,=2.8549,=3.4643,=4.0875,=5.0256,=2.2257,=0.8977,=1.0942,=1.4673,=1.7628,=2.0541,=2.7965,=0.0273,=0.1118,=0.0260,=0.0142,=206
="399440",国证钢铁,2014-12-30,=0.0148,=1537.0500,=0.0347,=35.3791,=0.7496,=5.7530,=9.0864,=18.4219,=37.5006,=695.2734,=1.1915,=0.6440,=0.7172,=0.9159,=1.0545,=1.3592,=2.0509,=0.6042,=0.7653,=0.3277,=0.3893,=0.4569,=0.6344,=1.3827,=0.0058,=0.0382,=0.0096,=0.0198,=465
="399007",深证300,2009-11-04,=0.0222,=6460.5000,=0.1365,=35.3853,=0.9988,=15.3833,=21.4145,=25.0036,=28.6922,=36.0346,=3.0448,=0.6745,=1.8298,=2.3539,=2.8042,=3.2332,=4.4351,=2.2082,=0.6465,=1.2839,=1.6547,=2.0022,=2.4005,=3.3177,=0.0257,=0.0779,=0.0236,=0.0146,=581
="000962",中证中游,2010-04-16,=0.0309,=5633.3900,=0.1953,=35.4075,=0.9678,=12.7529,=17.3536,=20.1623,=27.2668,=38.0461,=3.3066,=1,=1.5782,=1.9009,=2.2252,=2.5630,=3.3066,=1.6485,=1,=0.6672,=0.8352,=0.9804,=1.1274,=1.6485,=0.0222,=0.0826,=0.0192,=0.0112,=15
="399806",环境治理,2014-07-21,=0.0161,=1524.9400,=0.0995,=35.4493,=0.7735,=17.0172,=24.4003,=29.3747,=37.2358,=50.8764,=1.9726,=0.6733,=1.1727,=1.6053,=1.7758,=2.7905,=4.4901,=2.1825,=0.6200,=1.3064,=1.8397,=2.0894,=3.3987,=5.9378,=0.0205,=0.0536,=0.0189,=0.0144,=846
="931186",中证科技,2019-05-30,=0.0272,=7139.3800,=0.0666,=35.7686,=0.4795,=19.1938,=30.1945,=36.2318,=47.4296,=73.9401,=4.8573,=0.6349,=2.6301,=3.5821,=4.5226,=6.3689,=8.1242,=2.7927,=0.5140,=1.4264,=2.0771,=2.7454,=4.5577,=6.0737,=0.0291,=0.1226,=0.0174,=0.0108,=953
="930712",CS物联网,2015-07-31,=0.0245,=4860.7400,=0.1655,=35.7771,=0.7129,=21.9217,=27.4652,=32.4284,=37.1341,=50.1215,=4.7659,=0.7748,=2.7515,=3.4472,=4.0806,=4.8563,=7.1882,=2.5644,=0.8317,=1.2084,=1.7388,=2.0106,=2.3942,=3.5102,=0.0346,=0.1340,=0.0303,=0.0127,=162
="399376",小盘成长,2010-01-04,=0.0226,=7405.3000,=0.1659,=35.7897,=0.8886,=14.4007,=20.2318,=25.5915,=32.5439,=60.1410,=3.4201,=0.9018,=1.6246,=2.0607,=2.3691,=3.1554,=4.0524,=1.9224,=0.7805,=0.7224,=1.0640,=1.2043,=1.9940,=3.4032,=0.0271,=0.1002,=0.0195,=0.0119,=282
="930632",CS稀金属,2015-05-12,=0.0367,=3531.1700,=0.3025,=35.7967,=0.3733,=10.0759,=24.6559,=43.2478,=108.5966,=902.9270,=4.5853,=0.8387,=1.7714,=2.4678,=3.4483,=4.4059,=7.1765,=3.3389,=0.9406,=1.0736,=1.5817,=2.0604,=2.9973,=4.1072,=0.0489,=0.1107,=0.0216,=0.0063,=343
="930648",CS智消费,2015-06-05,=0.0230,=4057.5600,=0.1081,=35.8455,=0.9010,=15.4538,=22.1488,=24.8326,=30.7781,=51.6043,=4.0792,=0.8358,=2.1406,=2.8085,=3.2039,=3.9242,=5.4486,=1.8791,=0.8375,=0.8328,=1.2814,=1.4689,=1.8250,=2.9491,=0.0253,=0.1077,=0.0239,=0.0129,=25
="399394",国证医药,2012-10-29,=0.0013,=8292.5800,=-0.0229,=36.0519,=0.5941,=22.8656,=29.2541,=34.4244,=39.8130,=65.8576,=3.2378,=0.0908,=2.7032,=3.4807,=4.5128,=5.4654,=8.6075,=2.9793,=0.3729,=1.9890,=2.7236,=3.1801,=4.7608,=6.5385,=0.0285,=0.0916,=0.0308,=0.0146,=1063
="399612",中创100,2011-02-28,=0.0186,=3157.0600,=0.1437,=36.0787,=0.7665,=18.0203,=24.5371,=31.1439,=39.8478,=52.6199,=4.4489,=0.6382,=2.5576,=3.3599,=4.1927,=5.1140,=7.4671,=2.9688,=0.4752,=1.6155,=2.2648,=3.0886,=4.0076,=5.8630,=0.0320,=0.1210,=0.0297,=0.0112,=157
="000814",细分医药,2012-04-11,=-0.0035,=8336.1600,=-0.0013,=36.2687,=0.7459,=21.8871,=27.2039,=32.8310,=37.7198,=60.8250,=3.1622,=0.1625,=2.4219,=3.2466,=4.1476,=4.8855,=7.4081,=2.5796,=0.3205,=1.7858,=2.2980,=2.9269,=3.8845,=5.4819,=0.0283,=0.0890,=0.0304,=0.0147,=406
="931250",港股通创新药,2012-07-20,=-0.0006,=1060.9000,=0.0560,=36.2766,=0.4682,=21.4435,=32.6153,=36.7461,=45.5037,=63.0533,=3.6087,=0.6977,=1.5232,=1.8075,=2.2923,=3.8555,=4.5255,=6.0819,=0.6961,=1.4727,=1.7425,=2.2604,=6.5598,=7.7209,,=0.1071,,=0.0081,=104
="931787",港股创新药,2018-08-14,=-0.0001,=1326.0900,=0.0559,=36.2766,=0.3784,=20.8973,=29.3641,=45.3374,=81.2147,=400.8209,=3.6087,=0.6627,=1.5132,=2.2971,=2.9384,=4.1540,=5.7621,=6.0819,=0.8992,=0.8553,=1.2801,=2.0501,=3.0998,=7.7308,,=0.1071,,=0.0081,=720
="930614",环保50,2015-04-07,=0.0241,=2633.1400,=0.1467,=36.2820,=0.8474,=13.7595,=20.5125,=26.7762,=35.0264,=50.3864,=3.2021,=0.7409,=1.9059,=2.3842,=2.8683,=3.6683,=6.0727,=3.2044,=0.7356,=1.6847,=2.2438,=2.8993,=3.3765,=6.6309,=0.0222,=0.0831,=0.0199,=0.0154,=206
="931187",科技100,2019-05-30,=0.0219,=5104.5300,=0.1063,=36.5340,=0.8565,=18.1467,=22.1420,=25.8056,=34.3989,=49.5031,=3.6448,=0.6278,=2.3703,=2.7795,=3.3069,=4.2454,=5.4633,=2.2774,=0.6260,=1.2579,=1.6294,=2.0413,=2.6812,=4.1304,=0.0201,=0.0911,=0.0217,=0.0098,=844
="399850",深证50,2023-10-18,=0.0100,=9940.0200,=0.0887,=36.5873,=1,=16.5344,=19.8090,=23.1146,=26.6560,=36.5873,=3.9966,=0.9965,=2.5911,=2.9216,=3.1960,=3.6583,=4.0276,=2.2810,=1,=1.3017,=1.4703,=1.6669,=2.0236,=2.2810,=0.0301,=0.0973,=0.0318,=0.0170,=75
="000977",内地低碳,2011-01-21,=0.0247,=2335.6500,=0.1205,=36.7139,=0.8424,=13.7595,=20.8967,=26.8070,=35.2698,=50.3864,=3.2141,=0.7467,=1.9264,=2.3844,=2.8629,=3.6471,=6.0727,=3.2205,=0.7566,=1.6847,=2.2202,=2.8358,=3.3944,=6.7765,=0.0220,=0.0823,=0.0200,=0.0153,=386
="399617",深证消费,2011-06-15,=-0.0096,=8486.2300,=-0.0815,=36.7496,=0.8465,=15.3450,=22.1338,=26.5553,=32.2918,=1768.1548,=2.6653,=0.0008,=2.6494,=3.3691,=4.2571,=5.7490,=9.2732,=1.6188,=0.0231,=1.4888,=1.8959,=2.4647,=3.6985,=6.3240,=0.0294,=0.1055,=0.0582,=0.0339,=368
="H30463",沪港深500医药,2014-11-28,=-0.0020,=7645.6300,=-0.0157,=36.7913,=0.5767,=23.3470,=30.8978,=35.4513,=42.6572,=94.1690,=3.4446,=0.1609,=2.7545,=3.5741,=4.4738,=5.5958,=10.0878,=3.3168,=0.4980,=1.9470,=2.8257,=3.3204,=4.2660,=9.3489,,=0.0979,,=0.0121,=31
="931591",1000成长创新,2020-11-09,=0.0127,=36420.1300,=0.1127,=37.0346,=0.8803,=18.0900,=24.4121,=32.0427,=35.6430,=40.6167,=3.9015,=0.6755,=2.0923,=2.9989,=3.3755,=4.3717,=5.3788,=4.1950,=0.9044,=1.8413,=2.7342,=3.0765,=3.7960,=5.2879,=0.0271,=0.1062,=0.0239,=0.0110,=147
="000841",800医药,2012-12-21,=-0.0029,=8356.8300,=-0.0002,=37.0635,=0.7822,=21.4494,=28.0346,=32.3158,=37.6093,=58.1462,=3.1842,=0.1865,=2.4193,=3.2108,=3.8228,=4.3897,=6.5122,=4.3451,=0.7838,=1.7815,=2.8895,=3.4449,=4.3994,=6.1565,=0.0288,=0.0871,=0.0293,=0.0155,=589
="930791",CS医药TI,2016-03-22,=0.0012,=9174.1000,=-0.0092,=37.1284,=0.6143,=23.2364,=30.0855,=35.7825,=40.8654,=70.7414,=2.8543,=0.0681,=2.4395,=3.0836,=3.9162,=4.6090,=6.6660,=2.6658,=0.2479,=2.0598,=2.5917,=3.0080,=3.5454,=5.1130,=0.0251,=0.0784,=0.0255,=0.0149,=193
="399001",深证成指,1995-01-23,=0.0233,=15459.6200,=0.1430,=37.1704,=1,=15.9054,=22.8547,=26.5144,=30.5189,=37.1704,=3.0305,=0.6716,=1.7472,=2.2797,=2.7203,=3.2679,=4.0402,=2.1959,=0.6580,=1.2229,=1.6063,=1.9122,=2.4002,=2.9683,=0.0249,=0.0747,=0.0225,=0.0137,=3665
="000905",中证500,2007-01-15,=0.0286,=8588.4400,=0.1504,=37.4795,=0.8919,=15.7028,=21.2812,=25.5675,=33.2781,=51.1137,=2.5810,=0.8399,=1.3824,=1.7164,=1.9210,=2.4596,=3.1031,=1.7934,=0.8606,=0.8118,=1.0305,=1.1721,=1.6050,=2.2608,=0.0210,=0.0620,=0.0169,=0.0123,=37826
="000982",500等权,2011-06-13,=0.0228,=10098.2100,=0.1187,=37.4795,=0.8919,=15.7028,=21.2829,=25.5675,=33.2781,=51.1137,=2.5810,=0.8399,=1.3824,=1.7163,=1.9208,=2.4593,=3.1031,=1.7934,=0.8606,=0.8118,=1.0305,=1.1721,=1.6046,=2.2608,=0.0210,=0.0620,=0.0169,=0.0123,=29
="399364",消费100,2009-08-03,=0.0202,=12144.9500,=0.1251,=37.7538,=0.8895,=15.8540,=22.3215,=26.4352,=33.4289,=49.3766,=4.5812,=0.7946,=2.6561,=3.2777,=3.7390,=4.5996,=7.3266,=2.3930,=0.7938,=1.3127,=1.6502,=1.8973,=2.4262,=4.2956,=0.0306,=0.1191,=0.0345,=0.0137,=307
="931688",中证算力,2022-07-21,=0.0419,=4247.3300,=0.3513,=38.0580,=0.9986,=18.0036,=20.6381,=23.3351,=31.4959,=38.1571,=3.9212,=1,=1.6529,=1.8913,=2.2287,=3.2416,=3.9212,=2.8214,=0.9986,=1.3731,=1.5815,=1.7912,=2.3968,=2.8332,=0.0245,=0.1011,=0.0224,=0.0156,=94
="931718",高端造质量成长50,2021-08-25,=0.0265,=3392.7100,=0.1740,=38.3942,=0.8781,=16.3078,=21.9478,=28.6421,=36.2439,=49.4696,=5.8570,=0.8207,=3.1255,=3.9019,=4.7858,=5.6787,=8.1954,=3.6562,=0.8154,=1.7207,=2.2286,=2.8969,=3.5918,=5.3327,=0.0328,=0.1450,=0.0326,=0.0093,=25
="000812",细分机械,2012-04-11,=0.0322,=8681.3100,=0.1285,=38.4574,=0.7219,=14.1771,=22.0432,=31.9377,=40.3976,=51.3583,=3.3891,=0.7974,=1.6005,=2.1653,=2.5143,=3.4001,=5.3964,=2.2718,=0.7917,=1.1287,=1.4635,=1.7223,=2.2895,=3.5603,=0.0226,=0.0835,=0.0173,=0.0140,=196
="000827",中证环保,2012-09-25,=0.0265,=2141.5200,=0.1492,=38.8354,=0.8960,=14.0379,=21.0113,=28.2338,=34.8739,=50.6551,=3.1060,=0.7471,=1.7878,=2.2200,=2.7958,=3.3836,=5.4589,=3.2154,=0.7917,=1.6068,=2.0649,=2.7366,=3.2515,=6.2202,=0.0211,=0.0761,=0.0181,=0.0142,=6240
="931733",绿色能源,2021-08-19,=0.0235,=5954.0700,=0.1381,=38.8883,=0.6813,=12.7308,=18.9911,=32.1635,=42.0412,=65.3510,=3.8593,=0.6400,=2.3311,=2.7808,=3.5105,=5.5938,=8.0150,=2.6525,=0.6576,=1.3651,=1.7403,=2.3000,=4.5167,=7.5185,=0.0248,=0.0932,=0.0189,=0.0127,=23
="931994",电网设备主题,2022-10-11,=0.0411,=3443.9500,=0.3650,=39.0230,=0.9594,=15.6741,=19.8958,=22.5713,=26.1971,=44.9431,=3.7666,=0.9745,=1.9713,=2.2859,=2.4396,=2.7170,=4.2080,=2.4160,=0.9757,=1.2895,=1.4748,=1.6002,=1.7925,=2.6890,=0.0214,=0.0975,=0.0200,=0.0097,=215
="930719",CS精准医,2015-08-05,=0.0025,=2784.0600,=0.0473,=39.1228,=0.2168,=29.3195,=38.2847,=52.5688,=67.2223,=102.1078,=4.4588,=0.1612,=3.4982,=4.5894,=6.1079,=9.0435,=14.5104,=6.8703,=0.3877,=5.1956,=6.1929,=7.4916,=10.6486,=18.8625,=0.0301,=0.1091,=0.0230,=0.0076,=333
="H11054",装备产业,2009-07-22,=0.0300,=3328.5800,=0.1442,=39.3207,=0.8310,=15.6342,=24.4077,=31.6919,=38.5317,=58.0282,=3.4425,=0.8477,=1.6944,=2.1194,=2.5907,=3.3087,=5.1308,=2.4548,=0.8557,=1.2119,=1.4795,=1.8688,=2.3422,=3.6241,=0.0221,=0.0859,=0.0174,=0.0119,=38
="000949",中证农业,2009-10-28,=0.0045,=5899.8400,=0.0190,=39.3249,=0.8210,=14.4444,=21.2919,=29.1161,=36.6370,=1184.8568,=2.8797,=0.3053,=2.0719,=2.5768,=3.2881,=4.0480,=5.2895,=1.5326,=0.3597,=0.8980,=1.1771,=1.7436,=2.0301,=2.8101,=0.0068,=0.0985,=0.0327,=0.0174,=1043
="399276",创科技,2020-10-26,=0.0281,=9259.1900,=0.1425,=39.6048,=0.5618,=20.4624,=26.3997,=37.3893,=59.6377,=84.1667,=6.9322,=0.7099,=3.5855,=4.4011,=5.7656,=8.7456,=12.0896,=5.4624,=0.6953,=2.4145,=3.2570,=4.6602,=8.9415,=12.2359,=0.0430,=0.1724,=0.0380,=0.0105,=9
="399285",物联网50,2020-02-18,=0.0221,=7532.7900,=0.1925,=39.6788,=0.8667,=21.8675,=26.3556,=31.2190,=37.8815,=48.8450,=5.3879,=0.8632,=2.6765,=3.4028,=3.9829,=5.2217,=6.4883,=3.5596,=0.9860,=1.7407,=2.0142,=2.3963,=3.0858,=3.6796,=0.0353,=0.1364,=0.0304,=0.0115,=93
="399412",国证新能,2014-05-16,=0.0275,=3339.2700,=0.1279,=40.1111,=0.8007,=13.6858,=20.0843,=24.1656,=40.0619,=66.6027,=3.5687,=0.7686,=1.6349,=2.2652,=2.7072,=3.9698,=7.3016,=2.2261,=0.7719,=0.7993,=1.1654,=1.5088,=2.5873,=5.3757,=0.0217,=0.0862,=0.0211,=0.0114,=360
="931785",智选沪深港科技50,2025-06-27,=0.0441,=2698.2500,=0.1314,=40.5903,=0.9721,=31.7791,=34.4584,=36.7285,=38.1024,=40.9430,=5.6144,=1,=3.8679,=4.2852,=4.7035,=4.9671,=5.6144,=3.5964,=1,=2.2695,=2.5559,=2.8714,=3.1289,=3.5964,,,,=0.0074,=7
="931456",中国教育,2020-04-21,=0.0069,=1126.8290,=-0.0699,=40.8374,=0.0127,=39.3657,=57.2190,=96.1225,=-129.5240,=28609.2511,=2.9991,=0.5274,=1.5831,=2.4344,=2.9690,=4.1093,=9.7545,=3.0130,=0.2665,=1.7011,=2.8054,=3.3919,=4.9369,=11.2012,,=0.0593,,=0.0073,=166
="399667",创业成长,2013-01-07,=0.0278,=6778.1800,=0.2264,=41.2365,=0.6229,=21.3636,=29.5830,=38.5909,=51.7989,=90.9628,=7.3469,=0.8069,=2.9224,=4.0916,=4.8758,=7.2134,=10.8589,=5.2108,=0.6101,=2.4713,=3.4035,=4.6690,=6.9675,=10.3001,=0.0481,=0.1635,=0.0355,=0.0085,=76
="399625",中创500,2011-08-15,=0.0242,=2814.2200,=0.1550,=41.4503,=0.8098,=20.4615,=28.9847,=35.6912,=41.1666,=52.5750,=3.9996,=0.6687,=2.1192,=2.8827,=3.5466,=4.3814,=5.2667,=2.8797,=0.5936,=1.4713,=2.0764,=2.6286,=3.4690,=4.5526,=0.0265,=0.0951,=0.0239,=0.0101,=164
="931746",储能产业,2015-06-11,=0.0221,=4003.6700,=0.0827,=41.5072,=0.7861,=12.7536,=19.3367,=32.2704,=43.0653,=70.6293,=3.7316,=0.6183,=2.2823,=2.7187,=3.3798,=5.1837,=8.8670,=2.3581,=0.6880,=1.1513,=1.4701,=1.9870,=3.2545,=6.6557,=0.0195,=0.0831,=0.0177,=0.0104,=153
="930965",HKC医药C,2017-06-23,=-0.0011,=3324.8700,=0.0259,=41.6846,=0.5653,=18.1989,=25.6507,=32.6684,=73.1040,=6384.2329,=2.5969,=0.4501,=1.4216,=1.9378,=2.7247,=3.7070,=6.9841,=1.5425,=0.7149,=0.7160,=1.0258,=1.3246,=1.7428,=3.7092,,=0.0645,,=0.0096,=155
="930598",稀土产业,2015-03-02,=0.0308,=3238.1300,=0.1537,=41.7868,=0.5219,=21.1133,=29.2013,=39.9373,=72.7660,=288.7421,=3.6007,=0.9625,=1.4810,=1.9699,=2.3147,=3.0121,=4.3047,=1.7370,=0.8346,=0.6656,=0.9718,=1.1867,=1.6752,=2.2389,=0.0350,=0.0883,=0.0227,=0.0088,=722
="1000011",A股非金融,1994-01-10,,,,=41.8555,=0.9748,=17.5718,=25.5269,=28.6053,=37.4277,=43.6945,=2.7071,=0.8193,=1.6561,=2.0403,=2.3279,=2.6877,=2.9749,=1.7211,=0.9604,=0.9476,=1.1421,=1.3066,=1.5672,=1.8156,=0.0205,=0.0612,=0.0189,=0.0144,=803
="930721",CS智汽车,2015-08-05,=0.0155,=5593.5900,=-0.0328,=41.9397,=0.5873,=27.2408,=33.9410,=39.6928,=49.0442,=67.2850,=3.6323,=0.3789,=2.5208,=3.2982,=3.8299,=5.3880,=7.3638,=1.4449,=0.1204,=1.1981,=1.5051,=1.8569,=2.6607,=3.8976,=0.0150,=0.1014,=0.0176,=0.0063,=466
="H30597",新材料,2015-02-13,=0.0316,=5026.8300,=0.2118,=42.2967,=0.7401,=14.0729,=21.7626,=33.2768,=45.0048,=105.5581,=4.3361,=0.7294,=2.1817,=2.8826,=3.6607,=5.2685,=8.9168,=2.9447,=0.5862,=1.2938,=2.0086,=2.7583,=3.7927,=7.1680,=0.0294,=0.0908,=0.0200,=0.0113,=306
="000998",中证TMT,2011-11-08,=0.0338,=3506.5700,=0.1925,=42.7268,=0.7781,=18.9989,=27.6163,=34.6247,=43.3733,=58.6698,=4.2167,=0.8696,=1.9674,=2.4618,=3.2920,=3.9368,=5.2875,=3.0277,=0.9847,=1.2505,=1.8092,=2.1742,=2.5825,=3.3133,=0.0233,=0.0900,=0.0196,=0.0125,=552
="399296",创成长,2019-01-23,=0.0215,=7811.8100,=0.2534,=42.7783,=0.4906,=22.4911,=30.5236,=43.0433,=64.4414,=104.6935,=9.0072,=0.7195,=3.9463,=4.9191,=6.8497,=10.6853,=14.9802,=6.5429,=0.6457,=2.5417,=3.4510,=5.7926,=12.0722,=17.3385,=0.0584,=0.2040,=0.0396,=0.0078,=1036
="399803",工业4.0,2015-02-13,=0.0276,=6158.0600,=0.1448,=42.9147,=0.6762,=19.7294,=27.9595,=36.1266,=48.1343,=62.0492,=4.9024,=0.6634,=2.6645,=3.4308,=4.3245,=5.6053,=8.0266,=2.4020,=0.4381,=1.5023,=2.0108,=2.5362,=3.2838,=4.8981,=0.0258,=0.1072,=0.0218,=0.0093,=484
="931672",风电产业,2021-04-29,=0.0308,=2159.1900,=0.2257,=42.9600,=1,=16.8665,=21.0564,=24.0916,=28.8744,=42.9600,=2.3538,=0.7434,=1.3490,=1.6652,=1.9704,=2.5082,=3.5946,=2.8702,=0.9026,=1.4458,=1.8868,=2.1285,=2.6833,=3.3215,=0.0166,=0.0571,=0.0184,=0.0089,=57
="931783",智能驾驶,2022-02-21,=0.0180,=1481.6300,=-0.0129,=43.3160,=0.3582,=31.9944,=40.0833,=47.0381,=70.7899,=98.5983,=3.5337,=0.4475,=2.5981,=3.3324,=3.5702,=3.9754,=4.9384,=1.9224,=0.4799,=1.3276,=1.7201,=1.9360,=2.1285,=2.7953,=0.0149,=0.0928,=0.0256,=0.0081,=8
="931409",SHS创新药,2020-02-20,=-0.0009,=2144.5266,=0.0169,=43.5403,=0.6354,=24.9819,=34.2973,=39.6390,=60.7417,=94.9889,=4.0955,=0.4888,=2.3431,=3.2597,=4.1500,=6.5072,=8.9149,=6.2361,=0.7502,=2.2896,=3.1794,=3.9722,=6.5523,=8.2645,,=0.0994,,=0.0094,=302
="931447",科技先锋,2020-04-21,=0.0347,=3416.1900,=0.1070,=43.7087,=0.6913,=19.0346,=27.0287,=36.3569,=47.8903,=82.3567,=5.0035,=0.6687,=2.7045,=3.3918,=4.2359,=6.7520,=10.6025,=2.7009,=0.6174,=1.4804,=1.9072,=2.3728,=3.7446,=7.0848,=0.0256,=0.0990,=0.0202,=0.0097,=17
="399293",创业大盘,2019-04-18,=0.0227,=7429.8500,=0.1465,=43.7514,=0.5773,=20.6573,=29.3408,=41.0092,=54.4484,=71.9327,=6.8373,=0.6211,=3.4452,=4.6944,=6.2135,=9.2807,=13.4901,=5.6501,=0.4946,=2.8408,=3.9830,=5.6602,=9.9704,=14.8309,=0.0411,=0.1554,=0.0377,=0.0096,=180
="399971",中证传媒,2014-04-15,=0.0277,=1496.7400,=0.0167,=43.9205,=0.7673,=18.4593,=27.0874,=34.9138,=45.2791,=90.0483,=2.4891,=0.4212,=1.5359,=2.1332,=2.5908,=3.3620,=5.5544,=3.1204,=0.4530,=1.9674,=2.6592,=3.2230,=4.7243,=7.1445,=0.0163,=0.0602,=0.0206,=0.0168,=6300
="980080",成长100,2012-12-28,,,=0.2501,=44.1487,=0.1704,=39.4731,=44.5315,=49.1866,=56.0078,=70.5336,=6.6757,=0.8715,=3.0437,=3.5912,=4.8083,=6.2532,=7.4042,=3.2288,=0.6480,=2.0191,=2.3916,=2.8538,=3.5140,=4.9708,=0.0481,=0.1452,=0.0254,=0.0074,=149
="399101",中小综指,2005-12-01,=0.0176,=16250.0500,=0.1172,=44.1753,=0.7203,=22.7937,=34.4929,=40.6764,=48.0949,=65.2068,=3.0164,=0.5994,=1.7151,=2.3689,=2.8048,=3.4680,=4.7418,=2.0856,=0.5524,=1.1654,=1.6542,=2.0234,=2.6386,=3.9938,=0.0208,=0.0674,=0.0195,=0.0108,=25
="1000012",中小板全指,2005-12-01,=0.0176,=16250.0500,=0.1172,=44.3554,=0.6716,=22.6352,=35.3655,=41.3106,=49.5614,=73.8161,=3.0317,=0.5982,=1.7125,=2.3729,=2.8163,=3.5019,=4.7425,=2.0569,=0.5437,=1.1448,=1.6386,=2.0078,=2.6340,=3.9859,=0.0209,=0.0671,=0.0194,=0.0107,=563
="399673",创业板50,2014-06-18,=0.0296,=4023.9600,=0.1869,=45.1132,=0.6048,=20.6075,=30.6784,=42.5402,=57.8990,=106.7499,=7.2073,=0.7888,=3.1473,=4.3234,=5.2400,=7.3410,=11.7288,=5.7244,=0.5788,=2.6907,=4.1383,=5.4995,=8.0933,=13.3154,=0.0447,=0.1569,=0.0355,=0.0085,=5427
="931159",创新100,2019-05-16,=0.0288,=3994.3700,=0.1746,=45.5044,=0.7780,=24.8309,=32.2499,=35.9783,=46.1120,=59.7307,=5.4172,=0.7857,=2.9189,=3.6867,=4.3444,=5.4626,=7.4325,=4.3792,=0.7348,=2.3351,=3.1527,=3.7474,=4.8414,=6.6085,=0.0278,=0.1244,=0.0278,=0.0085,=225
="399006",创业板指,2010-06-01,=0.0275,=3778.1600,=0.1795,=45.8806,=0.6048,=22.8885,=32.3387,=42.0385,=55.4747,=79.6826,=6.1604,=0.7537,=3.0035,=4.0151,=4.8494,=6.4843,=9.5804,=4.5804,=0.5103,=2.3312,=3.4103,=4.5416,=6.5179,=8.4805,=0.0369,=0.1330,=0.0313,=0.0090,=16333
="932069",港股通医疗主题,2022-07-21,=-0.0066,=997.2400,=0.0066,=46.1185,=0.9642,=20.9778,=25.5146,=29.6908,=33.7425,=51.0900,=2.4780,=0.6934,=1.4397,=1.6054,=1.9117,=2.6105,=3.0086,=1.3307,=0.6831,=0.6760,=0.7588,=0.9459,=1.4242,=1.6308,,=0.0571,,=0.0099,=15
="H30178",医疗保健,2013-07-15,=0.0057,=13525.6400,=-0.0036,=46.2631,=0.5202,=19.5848,=32.8016,=45.6749,=66.6438,=123.2936,=2.9192,=0.0198,=2.6575,=3.4579,=5.6396,=7.4864,=12.4381,=4.9990,=0.0553,=4.3601,=5.4507,=6.5098,=8.1023,=14.2518,=0.0196,=0.0653,=0.0216,=0.0132,=550
="H30217",医疗器械,2013-07-15,=0.0041,=9684.7000,=-0.0136,=46.5687,=0.6724,=17.1055,=29.5762,=39.4512,=58.2064,=82.8778,=2.8136,=0.0210,=2.5693,=3.3039,=4.9036,=6.6389,=11.6091,=5.3073,=0.1580,=4.1030,=5.3820,=6.1234,=8.2841,=13.3528,=0.0184,=0.0626,=0.0209,=0.0138,=1305
="000958",创业成长,2010-03-24,=0.0187,=1936.8400,=0.2084,=46.8039,=1,=11.9506,=17.5032,=24.3285,=30.6857,=46.8039,=8.9497,=0.9955,=2.6815,=3.7899,=5.1648,=6.3052,=9.3409,=5.7116,=0.9872,=1.2937,=1.9105,=2.5436,=3.9697,=6.0955,=0.0493,=0.2198,=0.0640,=0.0063,=665
="930771",CS新能源,2015-12-16,=0.0282,=3278.6100,=0.2179,=46.9073,=0.8251,=11.2377,=23.1970,=34.2365,=45.1133,=62.8342,=3.3854,=0.7242,=1.7615,=2.1609,=2.8527,=3.9194,=7.2156,=2.9389,=0.7742,=1.2791,=1.6670,=2.1886,=3.1484,=6.6822,=0.0221,=0.0668,=0.0165,=0.0102,=31
="399808",中证新能,2015-02-10,=0.0295,=3323.7300,=0.1807,=46.9073,=0.8123,=11.2377,=23.4990,=36.6592,=46.4992,=62.8342,=3.3854,=0.7327,=1.7615,=2.1712,=2.9351,=3.8504,=7.2277,=2.9389,=0.7896,=1.2791,=1.6778,=2.2504,=3.0254,=6.6822,=0.0221,=0.0668,=0.0165,=0.0102,=1277
="399610",TMT50,2010-11-08,=0.0224,=11606.3200,=0.2113,=47.5327,=0.8606,=21.0331,=30.1605,=38.0615,=46.2373,=64.7172,=6.1659,=0.9831,=2.4071,=3.2240,=4.0358,=5.0908,=6.7747,=3.4689,=0.7096,=1.5843,=2.0120,=2.7265,=3.7082,=4.9386,=0.0296,=0.1080,=0.0206,=0.0074,=513
="930599",中证高装,2015-03-02,=0.0321,=10165.9200,=0.2061,=47.7146,=0.8573,=19.5438,=27.7467,=34.6497,=45.1058,=65.7817,=4.4442,=0.9934,=1.8509,=2.5592,=3.0984,=3.6400,=4.7910,=2.5381,=0.8861,=1.2322,=1.6106,=1.9483,=2.4158,=2.8921,=0.0227,=0.0865,=0.0192,=0.0086,=110
="HSIDI",恒生创新药指数,2023-01-01,=0.0009,=2769.0900,=0.0280,=49.0514,=0.3236,=21.3081,=46.3898,=56.1427,=107.8151,=157.2991,=3.8069,=0.7705,=1.7148,=2.1170,=2.6388,=4.0031,=5.1867,=3.3845,=0.7863,=1.5892,=1.8196,=2.2644,=3.4418,=4.4669,,=0.1014,,=0.0079,=223
="HSSCID",恒生港股通创新药指数,2023-07-01,=0.0028,=3238.4300,=0.0239,=49.0514,=0.5905,=20.9262,=38.2642,=44.9547,=61.8079,=216.1774,=3.8069,=0.7342,=1.6870,=1.9947,=2.5408,=4.1170,=5.1867,=3.3845,=0.7514,=1.6002,=1.8593,=2.3912,=3.5809,=4.4669,,=0.1014,,=0.0079,=104
="931152",CS创新药,2019-04-22,=0.0007,=1902.1200,=0.0042,=49.2784,=0.6919,=27.6044,=36.5465,=43.1210,=53.3928,=74.6844,=3.8832,=0.3967,=2.5551,=3.3374,=4.2260,=5.9691,=8.7449,=5.7479,=0.8163,=2.2436,=2.9077,=3.3793,=5.6097,=9.4897,=0.0271,=0.0786,=0.0224,=0.0102,=1829
="931165",新兴科技100,2019-04-25,=0.0158,=9614.8100,=0.1298,=49.7365,=0.9865,=17.0055,=23.1526,=28.9606,=38.8786,=52.7007,=9.3003,=0.9965,=3.5721,=4.3312,=5.2600,=7.4632,=9.5839,=8.9332,=0.9971,=3.0368,=3.6458,=4.7701,=6.2359,=9.1981,=0.0515,=0.1919,=0.0378,=0.0070,=516
="930820",CS高端制,2016-05-11,=0.0284,=10006.4200,=0.1819,=50.4326,=0.9769,=21.5994,=28.9779,=36.5151,=42.2221,=53.9836,=4.3378,=0.9277,=2.0597,=2.7143,=3.1830,=3.8453,=4.9567,=2.8329,=0.9798,=1.1980,=1.7160,=2.0512,=2.4535,=3.0730,=0.0220,=0.0816,=0.0186,=0.0083,=309
="987018",港股通创新药,2021-11-18,,,=0.0267,=50.7856,=0.4895,=22.9379,=35.4745,=51.3834,=98.3888,=537.2167,=3.8691,=0.6999,=1.6768,=2.2719,=3.1810,=4.1988,=6.0885,=5.9489,=0.6240,=2.6005,=3.4986,=5.3042,=7.1208,=12.1954,,=0.0844,,=0.0075,=302
="399316",巨潮小盘,2005-02-03,=0.0251,=6873.0100,=0.1431,=51.1168,=0.9633,=17.4883,=24.6121,=29.2569,=38.1824,=58.4724,=2.4736,=0.8065,=1.3049,=1.7086,=1.9634,=2.4504,=3.2926,=1.5814,=0.7657,=0.7478,=1.0120,=1.2291,=1.7600,=2.5759,=0.0167,=0.0444,=0.0142,=0.0109,=22
="1000003",深圳A股,1994-01-01,=0.0224,=2838.5500,=0.1215,=51.9793,=0.9431,=20.1337,=32.6807,=37.4298,=46.5552,=60.3260,=3.0942,=0.6943,=1.7026,=2.2996,=2.6854,=3.2536,=3.9166,=2.2660,=0.6980,=1.2021,=1.6469,=1.9179,=2.4125,=3.2018,=0.0203,=0.0553,=0.0180,=0.0112,=1816
="931087",科技龙头,2019-03-20,=0.0324,=6386.4800,=0.2150,=52.0677,=0.8256,=22.2848,=33.5522,=40.1659,=50.8078,=64.5538,=6.8434,=0.9038,=2.8190,=4.1969,=5.2469,=6.4395,=8.4597,=5.4012,=0.9340,=2.0316,=3.3060,=3.9313,=4.8621,=6.4338,=0.0321,=0.1080,=0.0209,=0.0057,=2077
="930651",CS计算机,2015-06-05,=0.0480,=8737.1900,=0.1268,=52.3142,=0.4002,=33.6687,=44.4513,=57.1590,=67.2741,=115.0591,=5.2008,=0.8317,=2.6283,=3.7942,=4.3700,=5.1329,=6.5144,=3.1413,=0.3106,=2.0877,=2.9181,=3.6656,=4.3347,=5.6880,=0.0244,=0.0892,=0.0073,=0.0086,=642
="980015",疫苗生科,2015-02-16,=0.0067,=6124.7400,=-0.0256,=52.3711,=0.7559,=24.1714,=31.1014,=41.8829,=53.8923,=80.8207,=3.6746,=0.2487,=2.9980,=3.5913,=4.1673,=6.9669,=11.0606,=6.6397,=0.5403,=4.5746,=5.4694,=6.4437,=9.5490,=15.0694,=0.0223,=0.0693,=0.0219,=0.0102,=74
="931079",5G通信,2019-04-25,=0.0247,=2575.4200,=0.3359,=52.5684,=0.9835,=21.0709,=27.4911,=33.2048,=43.6095,=103.6981,=7.4028,=0.9953,=2.3623,=3.0322,=3.5879,=5.1831,=7.9876,=3.0139,=0.9947,=1.1916,=1.4850,=1.8542,=2.3050,=3.3079,=0.0389,=0.1398,=0.0276,=0.0063,=2251
="980030",消费电子,2015-02-17,=0.0286,=8900.5400,=0.2250,=52.7968,=0.9447,=18.6467,=31.4491,=38.3653,=46.8018,=62.1614,=4.4024,=0.8718,=2.0026,=2.5899,=2.9596,=4.1038,=5.7500,=2.2437,=0.7943,=1.1413,=1.3950,=1.5678,=2.2667,=3.4515,=0.0190,=0.0648,=0.0154,=0.0066,=373
="399970",移动互联,2014-05-05,=0.0281,=5003.9200,=0.1217,=52.8451,=0.8890,=21.2604,=32.0602,=40.2090,=49.4536,=64.0807,=5.0926,=0.7393,=2.3944,=3.2977,=4.0617,=5.6437,=7.9573,=2.8015,=0.6506,=1.5790,=2.0679,=2.5538,=3.3111,=4.6665,=0.0246,=0.0808,=0.0175,=0.0076,=468
="H30535",互联网,2015-01-12,=0.0359,=6016.0400,=0.2406,=52.9070,=0.9002,=14.4753,=20.7149,=34.8404,=47.2233,=65.8357,=6.7277,=0.9979,=1.7453,=2.4356,=3.1783,=3.9867,=6.9951,=4.1904,=0.9975,=1.1519,=1.6628,=1.9587,=2.7954,=4.3493,=0.0359,=0.1165,=0.0168,=0.0066,=20
="930726",CS生医,2015-08-05,=0.0054,=2419.9300,=-0.0091,=53.0265,=0.6073,=24.4874,=31.9329,=48.8536,=62.2723,=107.1179,=4.2090,=0.1493,=3.1768,=4.4689,=6.9275,=8.5259,=14.2976,=7.6863,=0.2851,=4.8871,=6.8831,=10.0716,=12.5690,=19.9452,=0.0287,=0.0766,=0.0261,=0.0089,=833
="399624",中创400,2011-08-15,=0.0321,=3012.1300,=0.1716,=53.1840,=0.8577,=22.4097,=32.9060,=40.4801,=48.6722,=82.4491,=3.4790,=0.8189,=1.6720,=2.4135,=2.8485,=3.4203,=5.3458,=2.7571,=0.8313,=1.2865,=1.8978,=2.2294,=2.7033,=4.6386,=0.0199,=0.0651,=0.0174,=0.0086,=228
="931696",科技50策略,2021-07-12,=0.0377,=25181.4300,=0.2501,=53.3559,=0.9288,=23.0047,=27.6543,=33.4209,=41.7340,=58.4490,=8.2666,=0.9743,=3.0567,=3.8945,=4.3905,=6.9317,=9.7885,=4.5712,=0.9039,=1.9010,=2.3583,=2.6453,=3.9776,=6.7093,=0.0396,=0.1271,=0.0285,=0.0059,=7
="930986",金融科技,2017-06-22,=0.0332,=2737.2800,=-0.1230,=54.8722,=0.4840,=32.2484,=42.8395,=55.9883,=81.8283,=257.1796,=4.9073,=0.5751,=2.5474,=4.0074,=4.6989,=5.8352,=7.7786,=6.9895,=0.7954,=2.9625,=3.8663,=4.7331,=7.0195,=9.8281,=0.0192,=0.0872,=0.0151,=0.0072,=251
="000852",中证1000,2014-10-17,=0.0230,=8574.5600,=0.1289,=55.6652,=0.8919,=18.9344,=30.9274,=37.8096,=48.0585,=81.8025,=2.7805,=0.7314,=1.4880,=2.1060,=2.4388,=2.9552,=4.2563,=1.9312,=0.7888,=0.9250,=1.3827,=1.5864,=1.9735,=3.5402,=0.0158,=0.0499,=0.0155,=0.0093,=7232
="930743",中证生科,2015-08-26,=0.0021,=3241.6100,=-0.0156,=56.2789,=0.7339,=24.0733,=39.5208,=50.2505,=59.8284,=100.3520,=3.5878,=0.1011,=2.9526,=3.9210,=6.2043,=8.0612,=14.6705,=6.4631,=0.2347,=4.7455,=6.3192,=8.9875,=12.4379,=18.8359,=0.0226,=0.0618,=0.0204,=0.0093,=1217
="399441",生物医药,2015-01-20,=-0.0031,=2136.5200,=-0.0044,=56.3836,=0.7244,=21.8350,=32.3563,=47.8186,=65.0815,=119.0737,=3.2423,=0.1568,=2.3073,=3.4737,=6.3920,=7.8152,=13.6606,=6.3724,=0.2376,=3.6424,=5.9229,=9.6218,=14.0917,=21.5399,=0.0194,=0.0565,=0.0192,=0.0107,=1662
="000915",300信息,2007-07-02,=0.0415,=3901.6300,=0.2003,=56.4921,=0.9604,=20.6178,=34.5626,=39.5184,=47.3581,=68.0661,=6.5732,=0.9847,=2.7398,=3.5399,=4.3247,=5.3070,=7.3159,=3.2410,=0.5033,=1.6744,=2.1697,=3.2129,=4.1033,=4.9963,=0.0247,=0.0971,=0.0166,=0.0069,=17
="930662",CS现代农,2015-07-13,=0.0011,=1048.7800,=-0.0207,=57.6918,=0.7592,=13.0417,=20.3322,=28.2449,=61.8057,=301.1137,=2.5261,=0.1886,=1.8555,=2.5326,=2.8455,=3.1485,=4.3308,=1.1141,=0.4325,=0.8273,=1.0227,=1.1758,=1.5601,=2.1026,=-0.0091,=0.0850,=0.0345,=0.0209,=49
="931380",科技50,2019-11-25,=0.0418,=3819.5600,=0.2089,=58.4857,=0.8736,=22.4426,=31.0962,=45.4987,=56.2093,=71.9143,=6.5978,=0.7441,=2.7627,=3.8519,=5.2755,=7.3591,=9.9144,=5.4905,=0.7922,=2.1802,=3.0434,=4.0263,=5.5203,=7.7525,=0.0253,=0.0951,=0.0118,=0.0068,=942
="399363",云科技,2009-08-03,=0.0504,=12525.2900,=0.3406,=60.0332,=0.9505,=25.0041,=36.0760,=41.7430,=49.3835,=74.9161,=9.4108,=0.9996,=3.0187,=3.9521,=4.6833,=5.6258,=9.4216,=3.8921,=0.8618,=1.6015,=2.2265,=3.0787,=3.7601,=4.5583,=0.0491,=0.1469,=0.0254,=0.0059,=282
="930850",智能制造,2016-07-20,=0.0339,=5726.7600,=0.1963,=60.1318,=0.9719,=23.4329,=32.5002,=41.1297,=49.8219,=68.6157,=5.8567,=0.9816,=2.5370,=3.5003,=4.1120,=5.0255,=6.4315,=3.4324,=0.7840,=1.5919,=2.3421,=2.7593,=3.4940,=5.3954,=0.0208,=0.0857,=0.0160,=0.0067,=356
="931643",科创创业50,2021-06-01,=0.0372,=2444.4800,=0.2254,=60.6561,=0.8557,=22.6109,=28.3471,=39.7196,=56.6884,=92.9106,=7.8648,=0.8599,=3.3216,=4.1422,=5.1264,=6.9199,=12.1685,=7.2005,=0.8255,=2.7030,=3.3686,=4.5616,=6.8983,=14.6821,=0.0368,=0.1190,=0.0246,=0.0066,=1909
="930821",中证VR,2016-05-11,=0.0206,=3552.1700,=0.1125,=61.0130,=0.8419,=17.6816,=31.4586,=42.9256,=55.4881,=175.0572,=3.4168,=0.7077,=1.7358,=2.3260,=2.8538,=4.0805,=5.0269,=2.0485,=0.5755,=1.1117,=1.4723,=1.8951,=2.8896,=3.7313,=0.0113,=0.0443,=0.0138,=0.0076,=145
="930713",CS人工智,2015-07-31,=0.0370,=6388.2700,=0.2094,=61.1534,=0.7537,=24.8131,=43.8200,=53.2634,=62.4953,=90.1869,=8.0484,=0.9996,=2.8384,=3.9100,=4.7025,=5.4107,=8.0620,=5.7322,=1,=2.3148,=3.1674,=3.7879,=4.2858,=5.7322,=0.0330,=0.1245,=0.0172,=0.0053,=1004
="931461",电子50,2009-07-22,=0.0404,=7308.4800,=0.2397,=61.2039,=0.9794,=20.3357,=30.2775,=36.2485,=47.2869,=68.3511,=6.5024,=0.9922,=2.5323,=3.1789,=3.6704,=5.1952,=6.9973,=3.2516,=0.8490,=1.1588,=1.7886,=2.0537,=3.0115,=4.5428,=0.0239,=0.0884,=0.0169,=0.0063,=431
="931160",通信设备,2013-07-15,=0.0231,=20373.4800,=0.3178,=61.9199,=0.8828,=19.3231,=27.7990,=36.6948,=52.4788,=91.1971,=8.3821,=0.9967,=2.1520,=2.8712,=3.4260,=3.9659,=9.0241,=3.1157,=0.9963,=0.9706,=1.2833,=1.5071,=2.4372,=3.4546,=0.0428,=0.1280,=0.0276,=0.0066,=1213
="931494",消费电子,2020-06-12,=0.0390,=6218.3800,=0.2226,=62.0885,=0.9796,=20.2625,=31.4073,=38.3383,=50.5242,=68.9438,=5.8536,=0.9937,=2.1307,=2.8074,=3.4398,=4.9891,=6.1125,=2.8736,=0.9691,=1.3000,=1.6395,=1.9305,=2.5749,=3.1624,=0.0228,=0.0807,=0.0166,=0.0063,=217
="931866",中证机床,2022-05-09,=0.0269,=2355.9200,=0.3138,=62.3999,=0.9258,=28.6086,=36.7973,=40.2502,=49.1479,=75.6656,=6.3796,=0.9841,=2.8302,=3.7343,=4.2235,=4.9272,=6.7594,=5.2633,=0.9576,=2.4023,=3.1493,=3.4066,=4.0214,=5.8940,=0.0321,=0.1022,=0.0244,=0.0060,=147
="930652",CS电子,2015-06-05,=0.0414,=12130.8300,=0.2367,=62.4707,=0.9674,=21.2056,=33.8173,=43.2205,=51.1783,=71.5815,=6.3802,=1,=2.2039,=3.1461,=3.6364,=4.7296,=6.3802,=3.4687,=0.9616,=1.4014,=2.0207,=2.2851,=3.0072,=4.1010,=0.0249,=0.0838,=0.0162,=0.0059,=470
="000935",中证信息,2009-07-03,=0.0428,=7730.1500,=0.2044,=63.0450,=0.9460,=22.3783,=36.3294,=44.8260,=53.9320,=77.7561,=6.3400,=1,=2.5910,=3.3282,=4.0442,=4.7130,=6.3400,=3.7040,=0.8667,=1.7187,=2.2023,=2.7258,=3.5198,=4.5057,=0.0237,=0.0833,=0.0137,=0.0059,=1114
="980022",机器人产业,2015-02-25,=0.0247,=2565.4600,=-0.0333,=63.6341,=0.8586,=13.7974,=16.6047,=19.9559,=38.5845,=93.9438,=5.1041,=0.8802,=2.5198,=3.0448,=3.5628,=4.7051,=6.2730,=4.2863,=0.8521,=1.0172,=1.2330,=1.4167,=3.3291,=5.9220,=0.0186,=0.0892,=0.0245,=0.0052,=270
="931071",人工智能,2018-11-21,=0.0387,=2775.0300,=0.2249,=64.3558,=0.9283,=30.9003,=39.5971,=48.2238,=56.1517,=74.4524,=9.8217,=0.9983,=2.9559,=3.8927,=4.7124,=5.8499,=9.9426,=8.1520,=0.9905,=2.2000,=2.7931,=3.1813,=4.0392,=8.5037,=0.0409,=0.1450,=0.0239,=0.0056,=1313
="H30318",科技传媒通信150,2014-04-15,=0.0379,=4000.2700,=0.3010,=66.7255,=0.9682,=19.8534,=28.8631,=38.1209,=49.6550,=72.9416,=8.7940,=1,=2.0037,=2.4801,=3.4984,=4.2656,=8.7940,=4.8372,=0.9983,=1.2409,=1.8640,=2.2914,=2.7466,=4.9199,=0.0368,=0.1091,=0.0211,=0.0044,=36
="931469",云计算50,2020-06-12,=0.0397,=4338.2900,=0.1713,=67.8278,=0.4846,=43.1726,=58.2960,=68.1747,=82.1985,=130.8911,=9.1856,=0.9951,=3.0031,=3.8648,=5.0562,=6.0638,=9.7447,=5.3133,=0.9951,=2.2186,=2.8352,=3.4654,=4.1587,=5.5929,=0.0385,=0.1212,=0.0175,=0.0028,=57
="H30590",机器人,2015-02-10,=0.0237,=1982.7000,=0.0390,=68.1111,=0.8977,=24.1742,=42.0198,=50.8536,=62.8370,=89.9138,=4.5744,=0.8634,=2.1765,=2.8831,=3.6941,=4.3506,=6.0751,=4.5005,=0.8531,=1.6011,=2.4247,=3.4041,=4.3031,=5.6179,=0.0149,=0.0720,=0.0144,=0.0059,=843
="930606",中证钢铁,2015-03-31,=0.0131,=1171.5800,=0.0057,=68.1914,=0.7875,=5.9346,=9.2015,=18.9540,=149.4877,=77593.1899,=1.1593,=0.6101,=0.7076,=0.9198,=1.0668,=1.3569,=2.0450,=0.5527,=0.7096,=0.2931,=0.3819,=0.4577,=0.6321,=1.2948,=0.0020,=0.0221,=0.0071,=0.0197,=760
="000993",全指信息,2011-08-02,=0.0406,=10274.3400,=0.2106,=69.0246,=0.8358,=27.3163,=42.0292,=52.3115,=67.2070,=96.2351,=6.2791,=1,=2.5265,=3.2907,=4.0164,=4.6911,=6.2791,=3.7964,=0.8923,=1.8009,=2.3376,=2.8248,=3.4645,=5.4447,=0.0221,=0.0751,=0.0134,=0.0056,=4070
="399303",国证2000,2014-03-28,=0.0233,=11246.1700,=0.1296,=69.1534,=0.9212,=23.3937,=36.3012,=42.0125,=53.4514,=96.7185,=3.0092,=0.8465,=1.4941,=2.0787,=2.2973,=2.7662,=4.2124,=2.2898,=0.8474,=1.0643,=1.3926,=1.5528,=2.1203,=3.4322,=0.0140,=0.0453,=0.0143,=0.0082,=704
="399994",信息安全,2015-03-12,=0.0346,=1928.6100,=0.0579,=70.3759,=0.5693,=35.0629,=52.6490,=66.8460,=85.7906,=183.5630,=3.9097,=0.5153,=2.3256,=3.3624,=3.8900,=4.6208,=6.2767,=3.0176,=0.2867,=2.1829,=2.8992,=3.2799,=3.8380,=5.1182,=0.0078,=0.0539,=0.0040,=0.0103,=84
="931582",数字经济,2020-11-09,=0.0504,=1744.4300,=0.1815,=72.2555,=0.9307,=35.0365,=43.8001,=49.9702,=64.9725,=83.2725,=7.4170,=0.9405,=3.4564,=4.8762,=5.6381,=6.5191,=9.8458,=6.6380,=0.7101,=2.4970,=3.6033,=5.8088,=7.6367,=11.8341,=0.0236,=0.0954,=0.0158,=0.0042,=180
="399291",创精选88,2019-11-06,=0.0331,=5392.8700,=0.1804,=72.6721,=0.8692,=32.8940,=42.0274,=54.0803,=64.6242,=106.4385,=4.1942,=0.8556,=1.8895,=2.8523,=3.3972,=3.8748,=4.9331,=4.6307,=0.9028,=1.9655,=2.6175,=3.0797,=4.2621,=5.5728,=0.0173,=0.0556,=0.0131,=0.0069,=40
="899050",北证50,2022-11-21,=0.0250,=1363.2900,=-0.0536,=73.2391,=0.9041,=15.5447,=18.2102,=30.0514,=66.1349,=91.3357,=4.6131,=0.7014,=2.0170,=2.4194,=2.9008,=4.9841,=5.6644,=3.6933,=0.6355,=1.3969,=1.6848,=2.0302,=4.1486,=5.1557,=0.0174,=0.0675,=-0.0021,=0.0071,=722
="931144",通信技术,2019-05-30,=0.0287,=3599.2300,=0.5460,=74.0285,=0.9756,=22.8153,=30.3190,=36.1195,=49.5892,=113.1406,=10.1681,=0.9958,=2.5671,=3.1024,=3.6503,=4.6812,=10.8751,=6.4619,=0.9958,=1.6428,=2.0925,=2.4586,=3.3343,=7.0002,=0.0432,=0.1354,=0.0299,=0.0031,=236
="930707",中证畜牧,2015-07-13,=0.0018,=2160.6300,=-0.0212,=74.1124,=0.7801,=11.3375,=17.7937,=26.8655,=113.3570,=237.1331,=2.5427,=0.0883,=2.3043,=2.7016,=3.3315,=4.2745,=5.8838,=1.0641,=0.2257,=0.8185,=1.0475,=1.4501,=2.0957,=2.9452,=-0.0138,=0.0829,=0.0347,=0.0216,=1168
="930875",空天军工,2016-08-17,=0.0270,=2527.8700,=0.0448,=74.7713,=0.8279,=27.3832,=45.3910,=55.2457,=73.2538,=98.7933,=4.0880,=0.6343,=2.4052,=3.1493,=3.6074,=4.9601,=7.9650,=3.6594,=0.4886,=2.1274,=2.8867,=3.7286,=4.5441,=7.7673,=0.0090,=0.0567,=0.0104,=0.0058,=101
="1000007",创业板全指,2010-05-01,=0.0288,=4525.7900,=0.1571,=75.4542,=0.6910,=33.8134,=48.2400,=61.0139,=100.0107,=334.2333,=4.9195,=0.7438,=2.3083,=3.3593,=4.0475,=5.2788,=6.6514,=4.3398,=0.5664,=2.1439,=3.2922,=4.1196,=5.6182,=8.9790,=0.0212,=0.0638,=0.0178,=0.0071,=1911
="399973",中证国防,2014-04-15,=0.0273,=1936.9000,=0.0414,=78.0082,=0.8412,=28.8580,=43.6048,=54.1920,=73.3269,=114.4667,=4.0054,=0.5912,=2.3880,=3.0104,=3.5804,=4.9227,=7.7047,=3.7519,=0.4641,=1.9566,=2.7338,=3.8980,=4.5657,=7.1179,=0.0086,=0.0535,=0.0095,=0.0056,=630
="399368",国证军工,2009-11-04,=0.0216,=8940.7600,=0.0491,=78.4955,=0.8045,=38.1822,=54.2867,=63.7415,=78.2169,=107.0849,=3.7525,=0.8969,=2.0244,=2.5859,=3.0404,=3.5632,=4.3940,=3.6205,=0.7595,=1.8459,=2.5701,=3.1832,=3.6943,=4.8014,=0.0129,=0.0477,=0.0081,=0.0051,=12
="931066",军工龙头,2018-02-05,=0.0235,=3469.0600,=0.0042,=80.6624,=0.9624,=29.1719,=34.8358,=42.6044,=51.4425,=100.5281,=3.7213,=0.5083,=2.2914,=3.1471,=3.7056,=4.6282,=6.9932,=3.4253,=0.4782,=2.1745,=2.8185,=3.4664,=4.1976,=5.8746,=0.0067,=0.0495,=0.0098,=0.0061,=1062
="930851",云计算,2016-07-20,=0.0410,=7171.5700,=0.1062,=81.2794,=0.6519,=37.0632,=52.6313,=67.1390,=96.6636,=313.0672,=8.2067,=0.9965,=2.7148,=3.6013,=4.2750,=5.3397,=8.6312,=5.3566,=0.9952,=1.6839,=2.4175,=3.1077,=3.7027,=5.5808,=0.0301,=0.0896,=0.0112,=0.0027,=446
="399967",中证军工,2013-12-26,=0.0219,=14615.2300,=0.0431,=81.9186,=0.7376,=41.8350,=54.9002,=65.1551,=98.9058,=218.2738,=4.0178,=0.8639,=2.0425,=2.6005,=3.1809,=3.8580,=4.8699,=3.7477,=0.6935,=2.0545,=2.7130,=3.1054,=4.0228,=5.8225,=0.0129,=0.0501,=0.0096,=0.0047,=5923
="970070",创业板人工智能,2024-07-11,=0.0347,=7664.5800,=0.2926,=84.3538,=0.6270,=48.3861,=70.6345,=80.1103,=94.5737,=119.1606,=11.3573,=0.9863,=3.3467,=4.9843,=5.9235,=9.2411,=12.0030,=9.4742,=0.9565,=3.4016,=4.8866,=5.8836,=8.5500,=10.6729,=0.0381,=0.1206,=0.0167,=0.0037,=199
="932438",科创创业机器人,2025-05-16,=0.0254,=1621.3600,=0.0032,=86.7445,=0.7222,=67.6486,=76.5864,=82.2941,=88.7719,=103.3521,=5.5253,=0.4359,=4.9598,=5.2491,=5.5868,=6.1765,=6.8835,=5.6922,=0.1752,=5.2672,=5.7289,=6.0408,=6.6603,=7.4199,=0.0153,=0.0666,,=0.0039,=45
="000858",500信息,2013-11-06,=0.0456,=12793.5600,=0.2139,=88.2558,=0.8012,=25.3805,=43.9766,=64.1783,=88.0062,=209.3531,=5.8306,=0.9979,=2.1626,=2.9041,=3.3886,=3.9436,=5.9859,=5.7143,=0.9942,=1.1229,=1.9074,=2.6782,=3.5629,=5.9923,=0.0212,=0.0505,=0.0070,=0.0036,=350
="931480",线上消费,2020-05-06,=0.0297,=842.8600,=0.0021,=88.9523,=0.7254,=33.5813,=47.6237,=65.9596,=96.8865,=132.5169,=3.5015,=0.6855,=1.9483,=2.4997,=3.0941,=3.7056,=5.0305,=3.6546,=0.9504,=1.1811,=1.5020,=1.8049,=2.8013,=4.8094,=0.0131,=0.0458,=0.0190,=0.0087,=74
="930910",农牧渔,2016-12-12,=0.0013,=9779.3000,=-0.0193,=89.2022,=0.7805,=13.2246,=20.8379,=28.9940,=100.0565,=30031.8592,=2.5263,=0.2274,=2.1027,=2.5035,=2.9862,=3.6551,=4.9084,=1.1508,=0.2997,=0.8679,=1.0822,=1.4995,=2.0603,=2.7290,=-0.0088,=0.0664,=0.0304,=0.0190,=3
="932088",全指航空,2023-03-23,=0.0226,=897.9600,=0.0228,=90.7076,=0.8511,=36.9197,=48.2686,=66.2920,=88.5359,=116.5746,=4.0854,=0.9016,=2.3948,=3.0182,=3.3615,=3.8673,=4.9751,=3.7589,=0.6516,=2.2988,=2.8952,=3.5879,=4.0736,=4.9356,=0.0077,=0.0470,=0.0092,=0.0055,=31
="932038",央企科技引领,2022-11-16,=0.0366,=1799.9800,=0.2027,=93.0892,=1,=31.0707,=37.6138,=44.4222,=67.8581,=93.0892,=6.2503,=1,=2.7684,=3.4238,=3.9473,=4.7381,=6.2503,=6.4185,=1,=2.3932,=3.1072,=3.8761,=5.0261,=6.4185,=0.0105,=0.0636,=0.0096,=0.0048,=34
="931845",生猪产业,2012-04-11,=0.0047,=1265.1600,=-0.0368,=93.6359,=0.7995,=12.7881,=21.1629,=29.0040,=101.0404,=705.7713,=2.8506,=0.1555,=2.5125,=2.9065,=3.5167,=4.1514,=5.7536,=1.0807,=0.2512,=0.8594,=1.0456,=1.6618,=2.1723,=2.8287,=-0.0154,=0.0788,=0.0361,=0.0241,=159
="399993",CSWD生科,2015-05-08,=0.0043,=2564.1500,=-0.0161,=94.2133,=0.9814,=31.0960,=44.1993,=56.6305,=73.0091,=122.8633,=3.5504,=0.1642,=2.5928,=3.6880,=6.2403,=7.6052,=15.2283,=7.3129,=0.2863,=4.8204,=6.7589,=9.4800,=14.4380,=21.1379,=0.0163,=0.0356,=0.0147,=0.0096,=66
="931009",建筑材料,2013-07-15,=0.0146,=6264.2400,=-0.0024,=95.1566,=1,=8.0662,=10.3775,=14.3599,=24.4978,=95.1566,=1.0122,=0.1816,=0.7557,=1.0194,=1.5216,=2.0013,=2.4800,=1.1235,=0.4229,=0.6904,=0.9615,=1.1654,=1.5187,=2.1670,=-0.0025,=0.0109,=-0.0006,=0.0234,=735
="399019",创业200,2023-11-15,=0.0360,=5061.9900,=0.1134,=98.0056,=0.5997,=45.1604,=58.9420,=85.3238,=111.3556,=137.0675,=4.2437,=1,=1.8905,=2.4216,=3.1589,=3.8156,=4.2437,=3.7783,=0.9428,=1.7802,=2.2828,=2.7836,=3.3320,=3.9712,=0.0165,=0.0404,=0.0111,=0.0060,=82
="932456",科创创业AI,2025-05-14,=0.0493,=3728.7500,=0.2816,=105.6980,=0.0714,=95.3901,=112.3913,=118.8984,=145.0934,=192.3777,=12.6122,=1,=6.1464,=7.0631,=10.1802,=10.9570,=12.6122,=15.6337,=0.8655,=9.0747,=10.5944,=14.2889,=15.2867,=16.4937,=0.0437,=0.0985,,=0.0019,=24
="CN5075",国证信创,2015-02-16,,,=0.1983,=108.7823,=0.7088,=39.3034,=49.6386,=75.4923,=124.4479,=152.0158,=8.2832,=1,=3.0386,=3.5406,=5.0986,=7.0079,=8.2832,=6.2833,=1,=2.8415,=3.6561,=4.3582,=5.2972,=6.2833,=0.0268,=0.0598,=0.0136,=0.0025,=28
="931521",高装细分50,2020-07-08,=0.0299,=3332.5700,=0.0019,=109.9213,=0.8166,=33.8051,=48.2871,=55.6866,=87.8669,=160.3029,=4.6179,=0.6922,=2.5146,=3.4257,=4.1324,=5.0161,=6.8876,=4.7471,=0.6616,=2.7226,=3.8783,=4.4220,=5.0999,=6.7300,=0.0050,=0.0438,=0.0069,=0.0045,=74
="931247",中证信创,2012-12-21,=0.0708,=1653.6600,=0.1298,=110.8023,=0.2618,=66.5979,=101.8410,=207.0704,=277.1633,=369.3964,=7.1739,=0.9934,=2.7947,=3.4687,=4.6463,=5.7047,=7.3251,=5.8422,=0.9987,=2.8203,=3.3938,=4.0693,=4.7818,=5.8463,=0.0271,=0.0400,=0.0016,=0.0031,=92
="930633",中证旅游,2015-05-08,=-0.0143,=2675.0300,=-0.1943,=112.4663,=0.4340,=15.8968,=21.6959,=1951.7932,=-51.0196,=11171.4579,=2.1928,=0.2096,=1.6473,=2.1837,=2.3769,=2.8097,=3.6934,=1.1807,=0.0124,=1.0607,=1.3437,=1.6105,=2.5762,=3.7607,=0.0208,=-0.0128,=-0.0016,=0.0088,=597
="930790",CS娱乐TI,2016-03-22,=0.0156,=1391.2900,=-0.0214,=112.5681,=0.9548,=17.3299,=32.6908,=48.6131,=78.7449,=245.3480,=2.6955,=0.5883,=1.6576,=2.1323,=2.5556,=3.1241,=3.8872,=3.0193,=0.3094,=2.2057,=2.8007,=3.2500,=4.0403,=5.0752,=0.0124,=0.0200,=0.0156,=0.0139,=13
="931743",半导体材料设备,2012-12-21,=0.0227,=6904.1800,=0.3408,=113.7006,=1,=30.1973,=39.2486,=58.5446,=77.2454,=113.7006,=8.6849,=1,=2.5588,=3.3342,=4.1808,=6.1941,=8.6849,=12.8027,=0.9801,=2.5903,=3.1352,=3.7719,=9.7330,=13.6589,=0.0198,=0.0706,=0.0130,=0.0017,=214
="930601",中证软件,2015-03-10,=0.0390,=6137,=-0.0240,=121.3607,=0.7826,=29.3378,=51.8564,=79.0767,=128.9417,=302.4908,=5.4202,=0.7092,=2.7207,=3.9641,=4.6754,=5.7627,=7.7476,=5.6158,=0.6663,=2.8007,=4.0731,=4.9659,=6.1349,=9.8975,=0.0078,=0.0385,=-0.0029,=0.0057,=383
="H30184",半导体,2013-07-15,=0.0548,=12078.4900,=0.3126,=121.4047,=0.9385,=33.2056,=51.3928,=76.1637,=104.4904,=154.8888,=8.5222,=0.9229,=2.5082,=3.4034,=4.7348,=7.2704,=12.2763,=12.9199,=0.9950,=1.3963,=2.6357,=6.8475,=9.0692,=13.8397,=0.0203,=0.0527,=0.0094,=0.0015,=3284
="000683",科创生物,2022-05-09,=0.0086,=1065.1000,=-0.0068,=124.1933,=0.1210,=31.4909,=164.7189,=2035.4961,=-209.2984,=97054.3385,=6.3324,=0.8035,=4.0903,=4.8619,=5.3953,=6.3165,=7.9611,=10.1959,=0.4478,=7.6079,=9.2308,=10.3713,=11.4775,=14.1963,=0.0094,=0.0457,=0.0035,=0.0030,=49
="H30202",软件指数,2013-07-15,=0.0401,=14391.1500,=-0.0455,=127.2132,=0.7013,=45.1036,=65.7516,=90.2688,=155.6957,=372.5263,=5.3564,=0.4691,=2.9348,=4.5157,=5.4511,=6.6344,=8.8705,=7.3092,=0.6027,=3.9010,=5.4106,=6.8880,=8.1385,=13.5560,=0.0053,=0.0344,=-0.0039,=0.0058,=309
="000698",科创100,2023-08-07,=0.0274,=1813.3800,=0.2438,=132.0189,=0.1936,=60.6995,=132.5351,=217.4930,=256.8795,=337.2511,=6.6874,=0.9939,=2.7397,=3.5790,=4.1401,=5.5787,=6.7990,=8.1758,=0.8094,=4.0312,=5.0734,=6.0705,=8.1387,=10.0837,=0.0093,=0.0369,=0.0028,=0.0030,=514
="932087",集成电路,2023-03-29,=0.0671,=1486.0600,=0.3121,=132.2397,=0.5281,=46.1239,=97.9722,=130.9013,=150.6401,=195.7770,=8.5806,=1,=3.1405,=3.8456,=5.0528,=6.7263,=8.5806,=13.6315,=0.9893,=5.8347,=7.5454,=8.8437,=11.2773,=14.0981,=0.0203,=0.0481,=0.0079,=0.0014,=33
="000690",科创成长,2022-11-04,=0.0280,=2373.6500,=0.2660,=141.8561,=0.7550,=26.4295,=43.4254,=80.9363,=157.6396,=288.8500,=14.1934,=0.9775,=3.7827,=4.8231,=5.4141,=10.9617,=15.0742,=14.9444,=0.8722,=2.7510,=3.9582,=5.0063,=13.3554,=19.2028,=0.0188,=0.1043,=0.0143,=0.0022,=118
="000682",科创信息,2021-08-16,=0.0581,=2602.0600,=0.3051,=145.8371,=0.9124,=41.6131,=59.0852,=91.4576,=128.9590,=187.1367,=9.7150,=1,=3.3247,=4.3272,=5.2871,=6.3913,=9.7150,=14.0475,=0.9982,=5.5790,=7.2801,=8.7936,=11.0832,=14.0764,=0.0200,=0.0432,=0.0072,=0.0018,=98
="H30007",芯片产业,2012-12-20,=0.0623,=4107.2700,=0.2970,=145.8472,=0.9818,=24.2382,=40.3144,=67.1931,=108.9167,=186.5687,=8.7112,=0.9711,=1.9412,=3.6288,=4.4525,=7.0176,=11.2654,=12.5403,=1,=1.5871,=3.6344,=6.4185,=8.0527,=12.5403,=0.0230,=0.0446,=0.0109,=0.0013,=504
="950180",科创AI,2024-07-25,=0.0482,=2682.8200,=0.1938,=147.2036,=0.6066,=66.2784,=97.3409,=139.0436,=171.5566,=271.3436,=12.3120,=0.9883,=3.9039,=5.8861,=8.6554,=11.0327,=12.7815,=16.7320,=0.8923,=6.3298,=9.2593,=13.1172,=15.8641,=18.3701,=0.0274,=0.0670,=0.0163,=0.0023,=196
="930902",中证数据,2016-10-18,=0.0492,=3542.6000,=0.1109,=150.7152,=0.8438,=37.6891,=57.0798,=77.9993,=122.2465,=366.0842,=4.8833,=0.8792,=2.4001,=3.4137,=3.9797,=4.6775,=5.5171,=3.2472,=0.4243,=2.0473,=2.8874,=3.3956,=4.1707,=7.0542,=0.0025,=0.0339,=0.0011,=0.0033,=239
="980076",通用航空,2012-12-28,=0.0258,=3711.8700,=0.0003,=151.7129,=0.9970,=69.9916,=79.5804,=99.9769,=123.3091,=152.8681,=4.3317,=0.8524,=2.7445,=3.1976,=3.4966,=4.1165,=5.1513,=5.1367,=0.8404,=3.4358,=4.0636,=4.2873,=4.9528,=6.3273,=0.0066,=0.0297,=0.0083,=0.0038,=53
="990001",中华半导体芯片,2019-03-18,=0.0579,=15588.5000,=0.2895,=158.5184,=0.9994,=33.1780,=61.1595,=83.7601,=113.3449,=160.7761,=8.4583,=0.9329,=3.1429,=4.2497,=5.2740,=7.3339,=10.9977,=12.6262,=0.9988,=3.3238,=6.0598,=7.0729,=8.9811,=12.8553,=0.0177,=0.0410,=0.0101,=0.0013,=1366
="000688",科创50,2020-07-23,=0.0547,=1656.9500,=0.2327,=158.6019,=0.9221,=35.5957,=42.4561,=70.1184,=106.9060,=196.9562,=7.3911,=0.9021,=2.9443,=4.1240,=4.8200,=6.6886,=9.0182,=8.5732,=0.7848,=3.1319,=4.5008,=5.4722,=8.8745,=13.2586,=0.0135,=0.0347,=0.0045,=0.0026,=7683
="000689",科创材料,2022-08-15,=0.0365,=1483.4900,=0.2237,=158.8194,=0.9176,=38.7753,=45.0664,=76.8547,=140.0648,=199.6324,=5.1010,=0.9855,=1.9307,=2.5616,=3.1483,=4.3739,=5.8296,=6.2526,=0.9220,=2.1963,=3.1165,=3.9881,=4.8322,=7.1569,=0.0126,=0.0258,=0.0058,=0.0032,=29
="931865",中证半导,2019-03-20,=0.0352,=6592.5700,=0.3321,=162.9883,=1,=32.8138,=43.9376,=72.2008,=106.0955,=162.9883,=11.0149,=1,=3.3892,=4.1309,=5.0410,=6.4981,=11.0149,=18.4562,=0.9989,=6.4190,=7.6711,=8.5831,=11.8025,=18.6199,=0.0168,=0.0580,=0.0153,=0.0010,=183
="950125",科创半导体材料设备,2024-07-26,=0.0179,=2870.0600,=0.3360,=168.1592,=0.9366,=70.4245,=114.4154,=126.1123,=154.5500,=184.6174,=7.3683,=0.9953,=2.8469,=4.6990,=5.2117,=6.4298,=7.4583,=15.7315,=0.9390,=7.2923,=10.8009,=12.6449,=14.3110,=16.5622,=0.0075,=0.0371,=0.0094,=0.0008,=98
="000685",科创芯片,2022-06-13,=0.0592,=3655.0400,=0.3986,=179.1896,=0.8452,=42.1555,=64.4283,=115.7435,=173.5744,=235.0390,=10.1272,=1,=3.1235,=4.0336,=4.9810,=6.1695,=10.1272,=19.2800,=0.9979,=7.4796,=9.9771,=12.0596,=14.1496,=19.5619,=0.0152,=0.0415,=0.0074,=0.0010,=433
="950161",科创新药,2024-08-23,=0.0108,=1273.3300,=0.0367,=181.8534,=0.0098,=177.9867,=-597.5987,=-138.9990,=-88.0051,=1578.9342,=8.9753,=0.4951,=4.9324,=6.5370,=9.0314,=10.5021,=12.9042,=11.6241,=0.3309,=8.4204,=10.2222,=12.6809,=14.5557,=17.6998,=0.0059,=0.0403,=-0.0091,=0.0013,=8
="950162",科创芯片设计,2024-07-26,=0.0671,=2647.3100,=0.4230,=185.7184,=0.0258,=161.6128,=238.6321,=287.6781,=387.6449,=687.1301,=15.1674,=1,=4.2582,=7.5077,=8.6765,=12.3737,=15.1674,=22.7503,=0.9742,=8.7765,=14.3329,=16.3876,=20.2813,=23.6998,=0.0309,=0.0713,=0.0107,=0.0014,=34
="399020",创业小盘,2023-11-15,=0.0282,=2013.2500,=0.1325,=186.5968,=0.6185,=48.5170,=80.7198,=146.3635,=215.5289,=256.8495,=4.1348,=0.9950,=1.8521,=2.4275,=3.1717,=3.7247,=4.1938,=4.0155,=0.9193,=1.9895,=2.5476,=3.1281,=3.7404,=4.2999,=0.0115,=0.0199,=0.0104,=0.0053,=11
="980017",国证芯片,2015-02-17,=0.0628,=16211.9900,=0.2779,=188.0680,=1,=30.3742,=55.4535,=78.2649,=104.1270,=188.0680,=8.5199,=0.9550,=3.1638,=4.0768,=5.6175,=7.3227,=10.4020,=13.2364,=1,=3.6283,=5.7639,=6.6129,=7.8843,=13.2364,=0.0146,=0.0397,=0.0130,=0.0012,=2572
="1000014",科创板全指,2019-07-22,,,,=194.5343,=0.8618,=34.6058,=58.1295,=76.1346,=125.5254,=267.8356,=6.3674,=0.8022,=2.4875,=3.7722,=4.7534,=6.3304,=9.5957,=8.3515,=0.7054,=3.3799,=5.1564,=6.4088,=9.8084,=14.1086,=0.0091,=0.0255,=0.0035,=0.0029,=1277
="000680",科创综指,2025-01-20,=0.0375,=2023.6600,=0.2364,=194.8816,=0.2468,=115.7401,=145.9977,=213.9580,=235.7061,=278.5830,=6.4569,=1,=3.4337,=3.9217,=5.0542,=5.5925,=6.4569,=8.4360,=1,=4.7291,=5.4262,=6.9004,=7.6724,=8.4360,=0.0091,=0.0262,=0.0033,=0.0029,=179
="932000",中证2000,2023-08-11,=0.0203,=3583.9300,=0.1188,=221.7677,=1,=44.0427,=57.6416,=82.1196,=153.6919,=221.7677,=3.1614,=0.9985,=1.5089,=1.9534,=2.3139,=2.8238,=3.1796,=2.5354,=0.9909,=1.1809,=1.5351,=1.8076,=2.3041,=2.5788,=0.0098,=0.0154,=0.0097,=0.0064,=1115
="931594",卫星产业,2020-12-22,=0.0359,=1237.9500,=0.0965,=245.7605,=0.8381,=44.5603,=95.2839,=127.3884,=226.4155,=428.4930,=6.5889,=0.9830,=2.3588,=3.0434,=3.4834,=3.9403,=7.6413,=9.7118,=0.9746,=3.4655,=4.5257,=5.1324,=5.9482,=11.4514,=0.0019,=0.0317,=0.0057,=0.0024,=160
="000699",科创200,2024-08-20,=0.0233,=1684.3100,=0.2763,=252.1472,=0.4694,=128.9087,=179.5779,=269.4984,=317.7392,=388.1174,=5.0808,=0.9609,=1.9770,=2.9959,=3.3808,=4.3939,=5.2782,=7.4904,=0.8729,=3.3605,=5.0728,=5.8056,=6.9343,=8.3761,=0.0066,=0.0165,=0.0029,=0.0036,=127
="980018",卫星通信,2015-02-17,=0.0383,=6072.6800,=0.1362,=519.6740,=0.9527,=23.6003,=28.8711,=38.0079,=54.9403,=1063.4314,=6.5784,=0.9883,=1.7225,=2.0492,=2.5421,=4.2128,=7.7241,=6.4044,=0.9806,=1.5054,=1.8008,=2.2836,=3.0628,=7.7238,=0.0054,=0.0181,=0.0298,=0.0020,=108
="H30182",计算机,2013-07-15,=0.0348,=7447,=-0.0281,=1164.3533,=0.9011,=33.2527,=54.9783,=99.9170,=266.4430,=65313.4473,=4.6512,=0.8049,=2.4295,=3.5759,=4.0857,=4.6426,=5.8765,=4.5786,=0.7304,=2.3635,=3.5731,=4.1450,=4.7560,=7.6223,=-0.0024,=0.0033,=-0.0042,=0.0043,=46
="931992",疫苗生物,2013-07-15,=0.0090,=1213.2500,=0.0050,=1491.3185,=1,=26.1322,=60.1961,=86.7574,=113.9578,=1491.3185,=2.6917,=0.1789,=2.3857,=2.7114,=3.0593,=3.6761,=5.0256,=5.1135,=0.4185,=3.7134,=4.7039,=5.1864,=5.5760,=6.4257,=0.0112,=0.0013,=0.0085,=0.0103,=27
="931151",光伏产业,2019-04-22,=0.0220,=3230.7400,=0.1304,=1723.8986,=0.9096,=9.5087,=20.3351,=37.7876,=66.8580,=2491.4939,=2.8001,=0.5428,=1.5562,=1.9227,=2.6239,=4.5063,=6.9801,=2.1120,=0.5915,=0.8897,=1.2391,=1.7746,=3.2670,=5.9137,=0.0016,=0.0012,=0.0005,=0.0075,=2702
="930781",中证影视,2016-02-04,=0.0201,=1614.8800,=-0.0449,=2258.9719,=0.6382,=16.7066,=43.1495,=194.0737,=-60.8596,=6083.5065,=2.2481,=0.3667,=1.4352,=2.0571,=2.4087,=3.4469,=8.0265,=4.7764,=0.6271,=2.7079,=3.4931,=4.3471,=5.5907,=12.7528,=0.0049,=0.0185,=0.0219,=0.0086,=177
="950333",智选创新价值,2024-09-25,=0.0136,=2688.5300,=0.1830,=-354.0130,=0.7662,=62.6254,=106.7303,=-3824.2230,=-234.9929,=5158.8110,=3.1828,=0.9974,=1.6564,=2.1377,=2.3434,=2.8155,=3.1993,=3.1044,=0.9558,=1.6015,=2.1229,=2.4202,=2.9604,=3.2383,=-0.0002,=-0.0164,=-0.0030,=0.0047,=10
="1000009",深圳B股,1994-01-10,=-0.0042,=1177.3200,=-0.0691,=-135.5143,=0.9996,=6.5509,=10.0230,=16.0835,=21.8790,=61.4680,=0.7088,=0.4183,=0.5585,=0.6590,=0.7387,=0.9995,=1.4530,=0.4487,=0.3354,=0.3544,=0.4194,=0.4893,=0.7053,=1.0969,,=0.0028,=0.0115,=0.0352,=202
="931025",港股通地产,2017-11-06,=0.0395,=1948.5900,=0.2256,=-61.4559,=0.7213,=1.3998,=5.4271,=8.2466,=-2.6874,=7833.8201,=0.5524,=0.5370,=0.0757,=0.2073,=0.4975,=0.8802,=1.4256,=1.0145,=0.9052,=0.0508,=0.1417,=0.5364,=0.8667,=1.5776,,=-0.0074,,=0.0323,=12
="000692",科创新能,2023-04-03,=0.0253,=1376.6100,=0.1892,=-53.9233,=0.6846,=13.9124,=18.6961,=48.3521,=-44.5522,=279.8956,=2.9981,=0.8779,=1.4486,=1.7719,=2.1787,=2.7727,=4.0229,=2.0239,=0.8980,=0.8667,=1.1469,=1.4059,=1.8974,=2.6157,=-0.0018,=-0.0642,=-0.0138,=0.0031,=33
="399393",国证地产,2012-08-20,=0.0268,=3063.2000,=-0.0183,=-6.5173,=0.9988,=6.3321,=8.5850,=15.6415,=51.1450,=115902.4187,=0.9184,=0.3032,=0.5768,=0.8475,=1.1330,=1.8372,=2.5183,=0.6831,=0.5054,=0.3699,=0.5176,=0.6694,=1.2557,=1.7471,=-0.0014,=-0.0767,=0.0012,=0.0086,=1425
="931775",房地产,2013-07-15,=0.0203,=2922.3600,=-0.0202,=-5.2562,=1,=7.0141,=8.9821,=18.1910,=-554.5496,=1490.8370,=0.9899,=0.4311,=0.5750,=0.8420,=1.1111,=1.8094,=2.4742,=0.7454,=0.5194,=0.3617,=0.5329,=0.6972,=1.3266,=1.8650,=-0.0040,=-0.1024,=-0.0027,=0.0060,=914
="000816",细分地产,2012-04-11,=0.0234,=2701.9900,=-0.0180,=-4.8703,=0.9988,=6.1299,=8.3282,=15.7195,=179.7444,=2488.2259,=0.9595,=0.4204,=0.5599,=0.8178,=1.0987,=1.8658,=2.5676,=0.6670,=0.5111,=0.3390,=0.4956,=0.6381,=1.2347,=1.8946,=-0.0038,=-0.1018,=-0.0024,=0.0046,=6
="399965",800地产,2012-12-21,=0.0253,=2513.9500,=-0.0477,=-4.2880,=0.9930,=5.5394,=8.0041,=14.1292,=22.8867,=59.7245,=0.7082,=0.1815,=0.5234,=0.7347,=1.0564,=1.8398,=2.5596,=0.4546,=0.3465,=0.2881,=0.4131,=0.5784,=1.1980,=1.8469,=-0.0020,=-0.0854,=0.0007,=0.0073,=198
="399983",地产等权,2013-11-22,=0.0229,=1824.9600,=-0.1042,=-2.8159,=0.9913,=5.0058,=7.3313,=10.5485,=16.6515,=75.5023,=0.5773,=0.1399,=0.4408,=0.6039,=1.1447,=1.9055,=2.8135,=0.3583,=0.2034,=0.2209,=0.3577,=0.5313,=1.0720,=1.7953,=-0.0053,=-0.0924,=-0.0025,=0.0038,=1008
=".NDX",纳斯达克100指数,1969-12-31,,,,,,,,,,,,,,,,,,,,,,,,,,,=0.0751,,=4187

数据来源于：理杏仁网站(lixinger.com)