指数代码,指数名称,发布时间,涨跌幅,收盘点位,今年以来涨跌幅,PE-TTM(当前值),PE-TTM(分位点%),PE-TTM(最小值),PE-TTM(20%分位点值),PE-TTM(50%分位点值),PE-TTM(80%分位点值),PE-TTM(最大正值),PB(当前值),PB(分位点%),PB(最小值),PB(20%分位点值),PB(50%分位点值),PB(80%分位点值),PB(最大正值),PS-TTM(当前值),PS-TTM(分位点%),PS-TTM(最小值),PS-TTM(20%分位点值),PS-TTM(50%分位点值),PS-TTM(80%分位点值),PS-TTM(最大正值),股息率(当前值),股息率(分位点%),股息率(最小值),股息率(20%分位点值),股息率(50%分位点值),股息率(80%分位点值),股息率(最大正值),净资产收益率(ROE)(2026Q1),净资产收益率(ROE)(2025Q4),净资产收益率(ROE)(2025Q1),关注度
="931039",银行AH,2017-12-06,=0.0038,=12452.3794,=-0.0262,=5.9801,=0.8421,=3.2016,=4.0872,=5.2368,=5.9017,=7.9938,=0.5660,=0.5048,=0.3790,=0.4581,=0.5650,=0.7119,=1.0569,=2.2446,=0.8654,=1.0856,=1.4348,=1.7521,=2.1440,=2.9053,=0.0488,=0.1757,=0.0324,=0.0492,=0.0546,=0.0738,=0.0997,,=0.0881,,=103
="H11146",港股通内地金融,2010-06-02,=0.0095,=1138.7811,=0.0349,=6.1686,=0.5499,=3.2759,=4.5177,=6.0293,=6.7500,=9.2347,=0.6263,=0.4234,=0.3797,=0.4938,=0.6624,=0.8765,=1.1859,=1.5978,=0.7985,=0.6692,=0.9478,=1.3158,=1.5984,=2.1885,=0.0467,=0.3524,=0.0302,=0.0445,=0.0501,=0.0726,=0.0994,,=0.0970,,=41
="932584",智选港股通红利低波,2026-06-11,,,,=6.1986,=0.9333,=5.4952,=5.6520,=5.8849,=6.1204,=6.2685,=0.6331,=0.9333,=0.5613,=0.5773,=0.6011,=0.6252,=0.6403,=0.9523,=0.9333,=0.8443,=0.8683,=0.9041,=0.9403,=0.9631,=0.0550,=0.1000,=0.0544,=0.0557,=0.0579,=0.0600,=0.0621,,,,=13
="HSSCSOY",恒生港股通中国央企红利指数,2023-06-01,=0.0032,=4087.3800,=0.0166,=6.8725,=0.7613,=4.1647,=4.6532,=5.6990,=6.9421,=7.8218,=0.6376,=0.6323,=0.4381,=0.4967,=0.5936,=0.6844,=0.7455,=1.0774,=0.9961,=0.5323,=0.5972,=0.7481,=0.9461,=1.0875,=0.0518,=0.0568,=0.0487,=0.0569,=0.0690,=0.0864,=0.0936,,=0.0921,,=260
="399986",中证银行,2013-07-15,=0.0001,=7214.3200,=-0.0511,=7.0011,=0.8346,=4.1183,=5.2599,=6.3039,=6.8563,=9.0846,=0.6726,=0.4037,=0.4848,=0.5836,=0.7144,=0.8942,=1.2416,=2.6281,=0.8812,=1.4134,=1.7842,=2.1663,=2.5214,=3.3016,=0.0421,=0.2429,=0.0285,=0.0411,=0.0459,=0.0572,=0.0756,=0.0226,=0.0881,=0.0236,=9625
="930792",HK银行,2016-04-22,=0.0132,=5101.3295,=0.1583,=7.0103,=0.8513,=3.2659,=4.4606,=5.8963,=6.7958,=9.5632,=0.6829,=0.6348,=0.3905,=0.4962,=0.6240,=0.8015,=1.0771,=2.6696,=0.9683,=1.0519,=1.5163,=1.8793,=2.4167,=3.1066,=0.0450,=0.0629,=0.0355,=0.0500,=0.0563,=0.0743,=0.1045,,=0.0901,,=753
="H30106",H300金融服务,2013-05-21,=0.0082,=1635.2347,=0.0814,=7.1422,=0.5673,=4.0175,=5.3642,=6.9808,=7.7688,=11.1922,=0.7652,=0.5523,=0.4470,=0.5777,=0.7401,=0.9083,=1.2489,=2.0396,=0.9071,=0.8557,=1.1816,=1.4748,=1.8988,=2.3593,=0.0435,=0.2133,=0.0288,=0.0433,=0.0472,=0.0664,=0.0918,,=0.1014,,=19
="931233",港股通央企红利,2017-06-28,=0.0028,=1159.6156,=-0.0059,=7.3037,=0.7468,=3.6988,=4.9656,=6.3755,=7.4434,=14.0775,=0.6870,=0.5991,=0.3929,=0.5230,=0.6452,=0.8592,=1.8161,=0.9916,=0.5534,=0.4645,=0.6246,=0.9473,=1.3888,=1.7583,=0.0512,=0.1667,=0.0394,=0.0519,=0.0570,=0.0797,=0.1038,,=0.0906,,=470
="HSMCHYI",恒生中国内地企业高股息率指数,2019-09-01,=0.0052,=2939.6600,=0.0564,=7.4108,=0.9147,=3.7550,=5.0519,=5.8376,=6.8357,=7.9027,=0.7434,=0.8117,=0.4590,=0.5795,=0.6416,=0.7392,=0.8175,=1.1276,=0.9123,=0.5101,=0.6885,=0.7993,=0.9222,=1.2126,=0.0504,=0.0571,=0.0478,=0.0536,=0.0620,=0.0791,=0.1052,,=0.0995,,=281
="000018",180金融,2007-12-10,=-0.0020,=5377.1200,=-0.0948,=7.4389,=0.4734,=5.2016,=6.4287,=7.4973,=8.3012,=10.8609,=0.7673,=0.3101,=0.5902,=0.6965,=0.8634,=1.0660,=1.4199,=2.2344,=0.8214,=1.2355,=1.5824,=1.9602,=2.2086,=2.8772,=0.0391,=0.4887,=0.0246,=0.0353,=0.0392,=0.0493,=0.0636,=0.0229,=0.0959,=0.0245,=776
="H11140",香港红利,2009-07-23,=0.0039,=3918.6553,=0.0721,=7.4752,=0.7637,=3.0693,=4.4494,=5.9820,=7.7845,=13.9623,=0.7056,=0.5914,=0.3833,=0.5103,=0.6294,=0.8661,=1.1652,=1.1892,=0.6867,=0.5431,=0.7455,=0.9723,=1.3459,=2.1349,=0.0526,=0.1325,=0.0382,=0.0559,=0.0634,=0.0876,=0.1281,,=0.0912,,=48
="931024",港股通非银,2017-11-06,=-0.0004,=3979.6081,=-0.0716,=7.4911,=0.0326,=6.7549,=8.5379,=11.0187,=13.3223,=22.4310,=1.0193,=0.4532,=0.6237,=0.8517,=1.0430,=1.2217,=1.7592,=1.2551,=0.8181,=0.5870,=0.8768,=1.0170,=1.2301,=2.2002,=0.0390,=0.7208,=0.0165,=0.0268,=0.0346,=0.0413,=0.0611,,=0.1344,,=203
="399809",保险主题,2015-02-13,=-0.0072,=2218.3900,=-0.1685,=7.5054,=0.3513,=5.4537,=6.8114,=10.3465,=15.0245,=22.8725,=0.8126,=0.3307,=0.6352,=0.7647,=1.2204,=1.4858,=1.9794,=2.1860,=0.9410,=0.5239,=0.8688,=1.0970,=1.7540,=2.3772,=0.0386,=0.6441,=0.0120,=0.0209,=0.0299,=0.0488,=0.0686,=0.0227,=0.1015,=0.0246,=1508
="987016",港股通红利低波,2021-11-18,,,=0.0823,=7.5678,=0.9395,=3.4544,=4.3071,=4.9736,=6.8517,=8.0054,=0.7254,=0.9877,=0.4152,=0.4883,=0.5411,=0.6665,=0.7529,=1.1227,=0.8202,=0.5827,=0.6608,=0.7987,=1.1086,=1.3012,=0.0530,=0.0491,=0.0488,=0.0589,=0.0815,=0.0924,=0.1160,,=0.0893,,=166
="000818",细分金融,2012-04-11,,,=-0.0929,=7.5814,=0.4709,=5.2356,=6.4974,=7.6851,=8.4810,=10.9951,=0.7798,=0.3068,=0.5930,=0.7010,=0.8795,=1.0883,=1.4303,=2.2954,=0.8297,=1.2689,=1.6354,=1.9995,=2.2637,=2.9111,=0.0382,=0.5328,=0.0239,=0.0331,=0.0375,=0.0471,=0.0625,=0.0231,=0.0956,=0.0246,=7
="HSHYLV",恒生港股通高股息低波动指数,2017-05-08,=0.0020,=4288.8100,=-0.0401,=7.6146,=0.8420,=3.5572,=4.6529,=6.0056,=7.2422,=9.5068,=0.6861,=0.6545,=0.3828,=0.4857,=0.5847,=0.8126,=1.1073,=0.9188,=0.5599,=0.4386,=0.6581,=0.8500,=1.4126,=2.0623,=0.0529,=0.1923,=0.0385,=0.0531,=0.0642,=0.0818,=0.1103,,=0.0803,,=1539
="HSHDYI",恒生高股息率指数,2012-12-10,=0.0044,=1278.4200,=0.0023,=7.6819,=0.7699,=3.6777,=4.8612,=6.6079,=7.8179,=10.6953,=0.7052,=0.5614,=0.4041,=0.5046,=0.6463,=0.9078,=1.1746,=1.1167,=0.5573,=0.5013,=0.7008,=1.0613,=1.5005,=1.9871,=0.0530,=0.2118,=0.0423,=0.0526,=0.0604,=0.0808,=0.1102,,=0.0903,,=920
="HSSCHKY",恒生港股通高股息率指数,2019-11-01,=0.0041,=2677.6100,=0.0807,=7.8516,=0.9312,=3.8979,=4.9503,=5.9310,=7.2553,=8.4533,=0.7007,=0.8413,=0.4277,=0.5177,=0.5809,=0.6850,=0.8197,=1.2221,=0.8986,=0.5333,=0.6981,=0.8836,=1.1276,=1.3442,=0.0512,=0.0302,=0.0482,=0.0563,=0.0670,=0.0839,=0.1067,,=0.0895,,=500
="H30270",红利价值,2013-12-19,=-0.0008,=9248.3954,=-0.0298,=7.8585,=0.7477,=4.4543,=5.4429,=6.7745,=8.6493,=13.0955,=0.7983,=0.6001,=0.5256,=0.6493,=0.7630,=1.2374,=1.7317,=1.5926,=0.9716,=0.5854,=0.8135,=1.0021,=1.3035,=1.6637,=0.0422,=0.2213,=0.0269,=0.0419,=0.0504,=0.0630,=0.0726,=0.0235,=0.0936,=0.0240,=204
="931130",红利成长低波,2018-12-04,,,=-0.0333,=7.8734,=0.5173,=4.4465,=5.5886,=7.7942,=8.7058,=11.5512,=0.7923,=0.3423,=0.5279,=0.6257,=0.8971,=1.0278,=1.5803,=2.6885,=0.9995,=0.3109,=0.8148,=1.3226,=1.9400,=2.6981,=0.0400,=0.3666,=0.0246,=0.0322,=0.0424,=0.0532,=0.0639,=0.0231,=0.0934,=0.0229,=151
="000914",300金融,2007-07-02,=-0.0005,=6056.6000,=-0.0984,=7.8972,=0.5237,=5.2769,=6.6022,=7.8440,=8.6017,=11.3863,=0.7741,=0.2961,=0.5962,=0.7048,=0.8879,=1.1285,=1.4919,=2.1520,=0.8482,=1.1210,=1.4310,=1.8122,=2.0995,=2.7052,=0.0379,=0.5184,=0.0235,=0.0340,=0.0376,=0.0467,=0.0618,=0.0223,=0.0897,=0.0236,=343
="931157",SHS红利成长LV,2019-04-25,=0.0075,=7166.6696,=-0.0389,=7.9075,=0.6699,=4.1261,=5.6091,=6.9619,=8.3273,=11.5318,=0.7818,=0.4352,=0.5154,=0.6278,=0.8053,=0.9218,=1.5888,=1.7000,=1,=0.5018,=0.7132,=1.0418,=1.4224,=1.7000,=0.0462,=0.3578,=0.0259,=0.0419,=0.0482,=0.0557,=0.0761,,=0.0964,,=347
="HSSCHYS",恒生港股通红利优选指数,2023-06-01,=0.0041,=4904.1200,=0.0559,=7.9393,=0.8090,=4.2457,=4.7480,=5.8294,=7.8399,=9.0746,=0.7431,=0.8271,=0.4429,=0.5004,=0.5869,=0.7377,=0.8283,=1.2164,=0.9923,=0.6036,=0.6771,=0.8818,=1.0497,=1.2314,=0.0583,=0.1265,=0.0497,=0.0609,=0.0717,=0.0878,=0.0947,,=0.0899,,=86
="932596",港股通红利低波,2016-02-04,,,=0.0609,=8.0096,=0.5072,=7.1792,=7.7164,=8.0026,=8.2576,=8.5745,=0.7391,=0.6087,=0.6528,=0.6938,=0.7223,=0.7566,=0.7956,=1.3823,=0.9662,=1.2161,=1.2786,=1.3257,=1.3602,=1.4099,=0.0490,=0.1401,=0.0473,=0.0494,=0.0526,=0.0548,=0.0579,,=0.0894,,=98
="HSCSOE",恒生中国央企指数,2023-01-01,=0.0029,=3783.5900,=0.0525,=8.0303,=0.8741,=4.9972,=5.5680,=6.2241,=7.7590,=8.5526,=0.7701,=0.8387,=0.5264,=0.5934,=0.6360,=0.7574,=0.8375,=0.9544,=0.8799,=0.5404,=0.5952,=0.6727,=0.8877,=1.0234,=0.0476,=0.0549,=0.0450,=0.0519,=0.0693,=0.0773,=0.0871,,=0.0949,,=118
="930914",港股通高股息,2016-11-25,=0.0040,=5194.0223,=0.0560,=8.0356,=0.8290,=3.4280,=4.4277,=5.9569,=7.8302,=11.1979,=0.7743,=0.7244,=0.3979,=0.5034,=0.6222,=0.8515,=1.1764,=1.2732,=0.8168,=0.5144,=0.7076,=0.9245,=1.2560,=2.2126,=0.0500,=0.0845,=0.0387,=0.0548,=0.0657,=0.0865,=0.1194,,=0.0918,,=736
="930992",沪港深红利低波,2017-06-28,,,=-0.0212,=8.0480,=0.8972,=4.0130,=5.1868,=5.9378,=7.7729,=8.5109,=0.7531,=0.8981,=0.4277,=0.5385,=0.5934,=0.7279,=0.7950,=1.1906,=0.8150,=0.4496,=0.6019,=0.8820,=1.1840,=1.3912,=0.0493,=0.0223,=0.0478,=0.0539,=0.0715,=0.0767,=0.0949,,=0.0878,,=52
="000934",中证金融,2009-07-03,=0,=5657.3900,=-0.0976,=8.1776,=0.5332,=5.7083,=6.8944,=8.0984,=8.8714,=11.5527,=0.7829,=0.2887,=0.6117,=0.7181,=0.8953,=1.1421,=1.5017,=2.1552,=0.8524,=1.1467,=1.4503,=1.8023,=2.0887,=2.6696,=0.0370,=0.5303,=0.0232,=0.0331,=0.0366,=0.0445,=0.0593,=0.0220,=0.0873,=0.0231,=1152
="000029",180价值,2009-01-09,=-0.0028,=4115.7100,=-0.0758,=8.2597,=0.6854,=5.6894,=6.9075,=7.8729,=8.5069,=10.8138,=0.8229,=0.2854,=0.6666,=0.8014,=0.8578,=1.0653,=1.4433,=1.1152,=0.9027,=0.6198,=0.7825,=0.9447,=1.0713,=1.4032,=0.0403,=0.2433,=0.0290,=0.0394,=0.0429,=0.0522,=0.0634,=0.0228,=0.0896,=0.0243,=557
="H50040",上红低波,2014-03-21,=0.0047,=10713.7571,=-0.0284,=8.3212,=0.7534,=4.6938,=5.9512,=7.1141,=9.6645,=14.3118,=0.8407,=0.5332,=0.5647,=0.6911,=0.8315,=1.3609,=1.8756,=1.6213,=0.9703,=0.6380,=0.8684,=1.2015,=1.4077,=1.6845,=0.0427,=0.3303,=0.0230,=0.0391,=0.0465,=0.0588,=0.0718,=0.0234,=0.0936,=0.0244,=368
="000992",全指金融,2011-08-02,=0.0007,=5395.9100,=-0.0989,=8.3309,=0.5237,=5.9310,=7.1022,=8.2783,=9.0288,=11.6339,=0.7830,=0.2849,=0.6188,=0.7234,=0.9022,=1.1524,=1.5107,=2.1471,=0.8520,=1.1568,=1.4432,=1.8064,=2.0838,=2.6668,=0.0366,=0.5513,=0.0229,=0.0327,=0.0360,=0.0437,=0.0581,=0.0217,=0.0846,=0.0227,=2703
="H30269",红利低波,2013-12-19,=0.0040,=10818.9326,=-0.0375,=8.3364,=0.7452,=4.5638,=5.5488,=6.9175,=9.4786,=14.4342,=0.8521,=0.5930,=0.5386,=0.6570,=0.7994,=1.3872,=1.9670,=1.6112,=0.9715,=0.6111,=0.8850,=1.0973,=1.4166,=1.6703,=0.0434,=0.2936,=0.0246,=0.0406,=0.0503,=0.0605,=0.0732,=0.0236,=0.0946,=0.0236,=4609
="931446",东证红利低波,2020-04-21,=0.0024,=3315.4400,=-0.0370,=8.4430,=0.7733,=5.1478,=6.1884,=7.1695,=8.5270,=11.0216,=0.8179,=0.6923,=0.5884,=0.6974,=0.7662,=0.8702,=1.2481,=1.5063,=0.9325,=0.5909,=0.7568,=0.8929,=1.3334,=1.5979,=0.0421,=0.2422,=0.0325,=0.0416,=0.0485,=0.0564,=0.0651,=0.0224,=0.0895,=0.0240,=873
="000922",中证红利,2008-05-26,=0.0055,=5433.9958,=-0.0127,=8.5247,=0.7740,=5.1762,=6.0245,=7.6566,=8.6158,=11.2156,=0.8319,=0.4726,=0.5911,=0.7110,=0.8446,=1.1086,=1.4999,=1.2605,=0.8462,=0.6332,=0.7726,=1.0440,=1.2334,=1.7101,=0.0424,=0.2544,=0.0309,=0.0405,=0.0471,=0.0596,=0.0693,=0.0233,=0.0895,=0.0228,=20312
="399373",大盘价值,2010-01-04,=-0.0030,=7973.6800,=-0.0700,=8.7071,=0.5946,=5.4746,=6.8623,=8.3403,=9.1146,=11.9914,=0.8901,=0.4132,=0.6410,=0.8033,=0.9399,=1.1408,=1.5001,=1.1695,=0.8627,=0.5920,=0.7817,=0.9283,=1.1440,=1.4541,=0.0422,=0.4544,=0.0275,=0.0366,=0.0428,=0.0526,=0.0641,=0.0236,=0.0939,=0.0248,=331
="000151",上国红利,2012-07-20,=0.0053,=1603.4600,=0.0496,=8.7106,=0.9666,=4.5075,=5.3657,=6.9689,=7.8461,=10.0345,=0.7695,=0.5542,=0.5268,=0.6189,=0.7506,=0.9661,=1.3272,=1.0764,=0.4994,=0.6026,=0.8953,=1.0767,=1.3085,=1.6854,=0.0430,=0.1155,=0.0346,=0.0445,=0.0513,=0.0650,=0.0754,=0.0218,=0.0803,=0.0258,=225
="000015",红利指数,2005-01-04,=0.0038,=3152.4500,=0.0378,=8.7332,=0.9427,=4.6646,=5.5108,=7.0875,=8.0807,=10.4439,=0.8383,=0.6239,=0.5525,=0.6398,=0.7654,=1.0179,=1.3875,=1.4698,=0.9336,=0.7277,=0.8913,=1.1426,=1.3458,=1.6890,=0.0408,=0.1369,=0.0330,=0.0427,=0.0514,=0.0644,=0.0757,=0.0233,=0.0885,=0.0212,=14243
="000821",300红利,2012-07-20,=-0.0004,=6595.7249,=-0.0115,=8.7480,=0.8639,=4.9998,=6.1944,=7.5603,=8.4732,=10.9286,=0.8602,=0.4895,=0.5725,=0.7140,=0.8635,=1.0796,=1.4919,=1.3903,=0.8899,=0.6098,=0.7993,=1.0658,=1.3252,=1.6963,=0.0435,=0.2849,=0.0319,=0.0423,=0.0473,=0.0563,=0.0673,=0.0235,=0.0916,=0.0239,=1001
="HSCCI",恒生香港中资企业指数,1997-06-16,=0.0016,=4125.7800,=0.0275,=8.8036,=0.5033,=4.8859,=6.8728,=8.7740,=11.5406,=16.1208,=0.8332,=0.4329,=0.5567,=0.7305,=0.8630,=1.1578,=1.3660,=0.9472,=0.4362,=0.5555,=0.7802,=0.9823,=1.3518,=1.5178,=0.0568,=0.6073,=0.0276,=0.0362,=0.0532,=0.0664,=0.1028,,=0.0950,,=35
="930740",300红利LV,2018-12-04,=-0.0013,=6990.8800,=-0.0249,=8.8615,=0.8337,=5.4153,=6.8356,=7.5422,=8.7028,=9.6903,=0.8633,=0.5205,=0.6159,=0.7737,=0.8564,=0.9455,=1.0604,=1.5497,=0.8380,=0.6725,=0.8577,=1.0804,=1.5084,=1.9253,=0.0439,=0.3618,=0.0370,=0.0418,=0.0452,=0.0512,=0.0622,=0.0239,=0.0932,=0.0223,=630
="000063",上证周期,2010-02-03,=0.0013,=3663.9400,=-0.0970,=8.8713,=0.6074,=5.4761,=7.1362,=8.5953,=9.4385,=12.4946,=0.9254,=0.4305,=0.6668,=0.8368,=0.9558,=1.1065,=1.4831,=1.5282,=0.8825,=0.8113,=1.0636,=1.2494,=1.4490,=1.7571,=0.0375,=0.3711,=0.0252,=0.0350,=0.0386,=0.0518,=0.0626,=0.0245,=0.0975,=0.0256,=205
="930955",红利低波100,2017-05-26,=0.0040,=11383.1282,=-0.0346,=8.8797,=0.8315,=5.0805,=6.0769,=7.4360,=8.6218,=11.5013,=0.8814,=0.6355,=0.5792,=0.6669,=0.8287,=0.9870,=1.3722,=1.5030,=0.9321,=0.5888,=0.7796,=0.9918,=1.3693,=1.7525,=0.0445,=0.3088,=0.0270,=0.0431,=0.0471,=0.0561,=0.0683,=0.0234,=0.0928,=0.0257,=2321
="931644",800红利,2024-03-15,,,=-0.0128,=8.9058,=0.6783,=6.4729,=7.3615,=8.3891,=9.0454,=9.4757,=0.8662,=0.5944,=0.7001,=0.7723,=0.8574,=0.9065,=0.9431,=1.2472,=0.6329,=0.8423,=0.9277,=1.1477,=1.2928,=1.3602,=0.0434,=0.2413,=0.0416,=0.0431,=0.0470,=0.0578,=0.0662,=0.0236,=0.0906,=0.0231,=32
="000824",国企红利,2012-07-20,=0.0068,=2120.9687,=-0.0001,=8.9151,=0.9241,=4.8847,=5.9406,=7.3385,=8.4652,=10.7823,=0.8633,=0.5691,=0.5610,=0.6880,=0.8233,=1.0592,=1.4469,=1.2854,=0.8346,=0.5370,=0.7016,=0.9865,=1.2564,=1.6834,=0.0425,=0.2416,=0.0328,=0.0418,=0.0481,=0.0583,=0.0694,=0.0232,=0.0892,=0.0226,=953
="931848",800红利低波,2024-05-21,=0.0039,=3161.2429,=-0.0013,=8.9902,=0.4811,=7.4155,=8.2481,=9.0469,=9.4637,=9.7854,=0.8809,=0.2887,=0.7315,=0.8568,=0.9173,=0.9687,=1.0024,=1.6532,=0.9981,=1.1714,=1.2366,=1.3520,=1.3893,=1.6630,=0.0418,=0.3000,=0.0399,=0.0412,=0.0437,=0.0518,=0.0594,=0.0237,=0.0929,=0.0230,=153
="399805",互联金融,2015-02-10,=0.0225,=2670.9700,=-0.3060,=9.0288,=0.1320,=7.5943,=9.6572,=11.3760,=13.1628,=16.5816,=0.9418,=0.1076,=0.7644,=1.0357,=1.3945,=1.7181,=2.0317,=1.7359,=0.7373,=1.1667,=1.4082,=1.6145,=1.7935,=2.2636,=0.0362,=0.8915,=0.0145,=0.0185,=0.0236,=0.0336,=0.0507,=0.0238,=0.0940,=0.0248,=330
="000919",300价值,2008-01-21,=0.0002,=5042.3308,=-0.0519,=9.0367,=0.7080,=5.9577,=7.3283,=8.4453,=9.2438,=12.2376,=0.9056,=0.3893,=0.6917,=0.8489,=0.9352,=1.1419,=1.5388,=1.1231,=0.8458,=0.6314,=0.7861,=0.9060,=1.1075,=1.3421,=0.0403,=0.4581,=0.0265,=0.0362,=0.0407,=0.0490,=0.0609,=0.0228,=0.0921,=0.0242,=4335
="000825",央企红利,2012-07-20,=0.0028,=3371.6326,=-0.0237,=9.2725,=0.9513,=4.7369,=6.0940,=7.3072,=8.4635,=10.5687,=0.8972,=0.6037,=0.5507,=0.6915,=0.8553,=0.9983,=1.3929,=1.2338,=0.8305,=0.6009,=0.8548,=1.0725,=1.2201,=1.7357,=0.0414,=0.1559,=0.0330,=0.0423,=0.0473,=0.0555,=0.0713,=0.0224,=0.0902,=0.0228,=371
="931479",证券保险,2020-05-06,=-0.0001,=928.7482,=-0.1260,=9.3507,=0.0529,=8.4973,=11.7454,=13.3918,=15.4972,=21.1012,=1.2681,=0.2903,=1.0296,=1.2181,=1.3714,=1.5621,=2.2844,=1.7048,=0.7136,=1.0318,=1.2763,=1.4638,=1.7850,=2.2879,=0.0286,=0.7864,=0.0162,=0.0225,=0.0251,=0.0289,=0.0357,=0.0256,=0.1317,=0.0302,=48
="932305",智选高股息,2024-09-30,=0.0075,=11204.7032,=0.0040,=9.4515,=0.8018,=7.0143,=7.5055,=8.3677,=9.4503,=10.9391,=1.0790,=0.7563,=0.8750,=0.9251,=1.0511,=1.0832,=1.1675,=0.5216,=0.0592,=0.4805,=0.7242,=0.7736,=1.2718,=1.3342,=0.0600,=0.2916,=0.0457,=0.0595,=0.0639,=0.0685,=0.0723,=0.0253,=0.1000,=0.0324,=345
="H30035",300非银,2012-12-21,=-0.0013,=9585.0123,=-0.1406,=9.4733,=0.0285,=8.6966,=12.8103,=15.1693,=19.3628,=26.3489,=1.2831,=0.1736,=1.0544,=1.3029,=1.6126,=2.0456,=2.4387,=1.7143,=0.5064,=1.0410,=1.4185,=1.7063,=1.9729,=2.3917,=0.0281,=0.8705,=0.0124,=0.0164,=0.0221,=0.0257,=0.0352,=0.0253,=0.1294,=0.0297,=1232
="000968",300周期,2010-05-28,,,=-0.0976,=9.4986,=0.6120,=6.1174,=7.8172,=9.1332,=10.2896,=13.3562,=0.9494,=0.4066,=0.7021,=0.8484,=0.9989,=1.1731,=1.5550,=1.5648,=0.8804,=0.8459,=1.0834,=1.2644,=1.4998,=1.8297,=0.0357,=0.4668,=0.0230,=0.0319,=0.0360,=0.0470,=0.0569,=0.0243,=0.0922,=0.0244,=100
="HSML25",恒生中国(香港上市)30指数,2003-01-20,=0.0129,=8708.8000,=-0.0797,=9.5055,=0.6012,=5.7712,=7.9406,=9.0972,=10.2891,=13.0207,=1.0414,=0.3854,=0.7256,=0.9442,=1.0795,=1.2097,=1.5098,=1.7281,=0.7935,=0.9123,=1.1608,=1.4405,=1.7362,=2.4187,=0.0352,=0.3805,=0.0247,=0.0321,=0.0369,=0.0450,=0.0643,,=0.1044,,=270
="931722",国新港股通央企红利,2023-09-13,=-0.0035,=1321.2942,=0.0011,=9.5517,=0.8208,=5.5040,=6.7107,=7.7765,=9.4695,=10.8173,=0.8671,=0.6686,=0.6213,=0.7385,=0.8257,=0.9084,=1.0298,=0.5950,=0.7724,=0.3100,=0.3830,=0.4775,=0.6096,=0.6918,=0.0532,=0.0811,=0.0469,=0.0570,=0.0617,=0.0687,=0.0823,,=0.0875,,=368
="H30356",800价值,2014-06-09,=0.0019,=6279.6504,=-0.0552,=9.6138,=0.6789,=6.4024,=7.7047,=9.0571,=9.9426,=13.4784,=0.9507,=0.4430,=0.7030,=0.8638,=0.9851,=1.1666,=1.6287,=1.0718,=0.7826,=0.5868,=0.7405,=0.8848,=1.0824,=1.3738,=0.0392,=0.5402,=0.0239,=0.0336,=0.0386,=0.0475,=0.0589,=0.0232,=0.0908,=0.0237,=32
="000925",基本面50,2009-02-26,=-0.0006,=4266.9929,=-0.0761,=9.7822,=0.6891,=6.2635,=7.9688,=9.1570,=10.0957,=12.7955,=1.0172,=0.4264,=0.7306,=0.9013,=1.0496,=1.1921,=1.5728,=1.0785,=0.7423,=0.6037,=0.7864,=0.9667,=1.1046,=1.4866,=0.0377,=0.5146,=0.0256,=0.0338,=0.0376,=0.0468,=0.0563,=0.0227,=0.0882,=0.0241,=4558
="HSCESI",恒生中国企业精明指数,2015-06-08,=0.0113,=12062.9800,=-0.0608,=9.7990,=0.7588,=6.0524,=7.9535,=8.6836,=10.0571,=15.8114,=1.0225,=0.5421,=0.6924,=0.9016,=1.0086,=1.1579,=1.7191,=1.3751,=0.7493,=0.8066,=1.0033,=1.0955,=1.4384,=2.0876,=0.0348,=0.2776,=0.0200,=0.0332,=0.0383,=0.0444,=0.0600,,=0.1053,,=93
="932422",A500红利低波,2025-04-09,=0.0005,=3030.6444,=-0.0233,=9.8092,=0.2222,=9.0426,=9.7860,=10.0418,=10.2243,=10.5846,=0.9637,=0.0825,=0.8811,=1.0076,=1.0395,=1.0557,=1.0978,=1.3554,=0.4571,=1.2431,=1.2955,=1.4043,=1.4672,=1.5336,=0.0429,=0.7619,=0.0388,=0.0403,=0.0414,=0.0433,=0.0466,=0.0241,=0.0948,,=365
="932153",港股通价值策略,2025-04-30,=0.0070,=1119.0320,=0.0643,=9.8241,=0.2829,=8.1696,=9.5242,=10.0939,=10.3755,=10.9237,=0.8232,=0.2336,=0.7012,=0.8172,=0.8770,=0.9010,=0.9365,=0.9985,=0.2928,=0.8168,=0.9596,=1.0279,=1.0628,=1.1126,=0.0431,=0.5921,=0.0397,=0.0413,=0.0427,=0.0450,=0.0538,,=0.0812,,=14
="HSCEI",恒生中国企业指数,1994-08-08,=0.0114,=8365.3800,=-0.0615,=9.8380,=0.7626,=6.0524,=7.9576,=8.6872,=10.0793,=15.8114,=1.0252,=0.5436,=0.6924,=0.9022,=1.0099,=1.1595,=1.7191,=1.3794,=0.7504,=0.8066,=1.0035,=1.0955,=1.4423,=2.0876,=0.0346,=0.2765,=0.0200,=0.0331,=0.0383,=0.0444,=0.0600,,=0.1053,,=4764
="931052",国信价值,2017-12-08,=0.0130,=3459.4721,=0.0023,=9.8391,=0.8996,=5.3831,=6.5998,=7.4483,=8.8649,=11.0091,=1.2803,=0.8614,=0.7343,=0.9130,=1.0333,=1.1762,=1.5208,=1.7480,=0.9422,=0.6105,=0.9459,=1.2370,=1.4706,=2.0196,=0.0420,=0.3690,=0.0262,=0.0383,=0.0440,=0.0532,=0.0692,=0.0310,=0.1267,=0.0326,=587
="399995",基建工程,2015-03-12,=0.0184,=3543.4100,=-0.0929,=9.8795,=0.7480,=5.8673,=7.3439,=8.2792,=10.7437,=18.8590,=0.6393,=0.0103,=0.5815,=0.7225,=0.8943,=1.2979,=2.1834,=0.1808,=0.2148,=0.1368,=0.1784,=0.2031,=0.3330,=0.5478,=0.0280,=0.7501,=0.0106,=0.0188,=0.0245,=0.0289,=0.0415,=0.0129,=0.0543,=0.0158,=2692
="931069",中金300,2018-02-14,=0.0049,=4723.3573,=-0.0562,=9.8850,=0.6675,=5.9518,=7.5814,=9.2999,=10.4846,=13.6164,=1.0408,=0.4572,=0.7377,=0.9236,=1.0756,=1.3525,=1.8328,=1.3254,=0.7936,=0.6656,=0.8713,=1.1165,=1.3282,=1.7542,=0.0388,=0.5120,=0.0253,=0.0318,=0.0386,=0.0472,=0.0560,=0.0231,=0.0958,=0.0284,=99
="399371",国证价值,2010-01-04,=0.0035,=6899.7800,=-0.0421,=9.8975,=0.7093,=6.4728,=7.8356,=9.0963,=10.4001,=13.0475,=0.9820,=0.4437,=0.7249,=0.8967,=1.0050,=1.2282,=1.5675,=1.1119,=0.8169,=0.5764,=0.7536,=0.8692,=1.0946,=1.3812,=0.0387,=0.4449,=0.0249,=0.0331,=0.0395,=0.0477,=0.0565,=0.0233,=0.0892,=0.0237,=145
="930723",沪港深F100,2015-08-05,=0.0022,=4973.0685,=-0.0236,=9.9420,=0.7127,=5.4557,=7.5706,=9.0610,=10.1686,=13.1279,=1.0214,=0.5414,=0.6469,=0.8476,=1.0077,=1.1160,=1.4626,=1.3226,=0.8666,=0.6039,=0.8632,=1.0802,=1.2895,=1.6654,=0.0375,=0.3576,=0.0281,=0.0354,=0.0393,=0.0500,=0.0650,,=0.0918,,=150
="980081",价值100,2012-12-28,,,=0.0123,=9.9893,=0.7866,=7.7317,=8.3631,=8.8131,=10.0457,=11.5920,=1.0867,=0.7224,=0.8413,=0.8860,=1.0118,=1.1166,=1.3448,=1.1916,=0.9743,=0.7580,=0.8094,=0.9556,=1.1153,=1.2118,=0.0477,=0.4087,=0.0420,=0.0452,=0.0495,=0.0549,=0.0599,=0.0275,=0.0995,=0.0251,=467
="399966",800证保,2012-12-21,=0.0001,=5793.5500,=-0.1239,=10.0076,=0.0293,=9.1408,=13.6021,=15.9952,=19.7375,=27.1945,=1.2903,=0.1786,=1.0619,=1.3036,=1.5961,=2.0378,=2.4366,=1.8604,=0.5831,=1.1634,=1.5249,=1.7816,=2.0457,=2.5211,=0.0270,=0.8821,=0.0122,=0.0160,=0.0213,=0.0242,=0.0329,=0.0247,=0.1256,=0.0286,=178
="H30588",中证证保,2015-02-02,=0.0001,=983.6280,=-0.1241,=10.0109,=0.0293,=9.1443,=13.5661,=16.0880,=19.5891,=27.6808,=1.2888,=0.1761,=1.0752,=1.3029,=1.6035,=2.0352,=2.4238,=1.8632,=0.6000,=1.1673,=1.5178,=1.7687,=2.0128,=2.5500,=0.0270,=0.8841,=0.0121,=0.0160,=0.0213,=0.0240,=0.0328,=0.0246,=0.1254,=0.0286,=474
="930839",港股通高息精选,2016-06-08,=-0.0059,=3267.6966,=-0.0538,=10.0507,=0.5613,=4.9918,=7.1349,=9.3495,=13.1949,=31.7979,=1.3195,=0.7474,=0.7294,=0.9291,=1.0782,=1.5793,=4.8768,=1.1318,=0.4358,=0.3418,=0.5598,=1.2347,=1.8895,=6.3245,=0.0535,=0.5772,=0.0089,=0.0373,=0.0492,=0.0677,=0.1118,,=0.1433,,=381
="950090",50AH优选,2015-12-10,=-0.0002,=6049.4061,=-0.0210,=10.0560,=0.8566,=6.3188,=7.9165,=8.6841,=9.8429,=13.5010,=1.0713,=0.6397,=0.7914,=0.9503,=1.0291,=1.1230,=1.5403,=1.4112,=0.9881,=0.6574,=0.8489,=0.9537,=1.0724,=1.4553,=0.0359,=0.2768,=0.0256,=0.0346,=0.0398,=0.0477,=0.0655,,=0.1007,,=1998
="931373",股息龙头,2019-11-15,,,=-0.0341,=10.0772,=0.8539,=5.4295,=6.8996,=8.3902,=9.5821,=11.4004,=1.1856,=0.9279,=0.6697,=0.8518,=1.0141,=1.1279,=1.2586,=1.8653,=0.9988,=0.5706,=0.8160,=0.9913,=1.4032,=1.8742,=0.0396,=0.1837,=0.0347,=0.0398,=0.0466,=0.0543,=0.0682,=0.0258,=0.1004,=0.0264,=329
="399550",央视50,2012-06-06,=0.0004,=8032.2700,=-0.0073,=10.0843,=0.7703,=6.8960,=8.2989,=9.3417,=10.1624,=13.0561,=1.0150,=0.2120,=0.8649,=1.0125,=1.2339,=1.4261,=1.8564,=2.0960,=0.8520,=1.3448,=1.6621,=1.8255,=2.0576,=2.5217,=0.0394,=0.5860,=0.0268,=0.0326,=0.0377,=0.0446,=0.0593,=0.0237,=0.0945,=0.0248,=2274
="000056",上证国企,2010-01-04,=0.0043,=1240.0400,=-0.0059,=10.0973,=0.6247,=7.2538,=8.8792,=9.7315,=10.7955,=13.3187,=1.1270,=0.5229,=0.8518,=1.0314,=1.1196,=1.2145,=1.5455,=1.7687,=0.9988,=0.7909,=0.9986,=1.1162,=1.2420,=1.7805,=0.0367,=0.5563,=0.0242,=0.0312,=0.0349,=0.0430,=0.0568,=0.0264,=0.1060,=0.0271,=199
="000806",消费服务,2012-02-10,=0.0069,=7727.1718,=-0.0827,=10.1477,=0.2445,=9.0076,=10.0488,=10.8064,=11.8704,=17.0971,=1.0802,=0.0623,=1.0009,=1.1921,=1.3497,=1.5460,=2.0145,=2.2600,=0.6821,=1.6526,=1.9513,=2.1318,=2.3803,=3.0032,=0.0357,=0.8177,=0.0198,=0.0244,=0.0295,=0.0353,=0.0497,=0.0246,=0.1002,=0.0266,=423
="930931",港股通50,2017-01-16,=0.0110,=3880.6446,=0.0010,=10.1622,=0.5742,=6.5385,=8.7104,=9.8036,=11.3686,=15.8907,=1.0887,=0.4804,=0.7428,=0.9467,=1.0948,=1.1795,=1.6058,=1.8862,=0.7779,=1.1204,=1.4712,=1.7094,=1.9095,=2.6369,=0.0344,=0.3255,=0.0233,=0.0326,=0.0371,=0.0437,=0.0589,,=0.0979,,=294
="000042",上证央企,2009-03-30,=-0.0011,=1736.2100,=-0.0415,=10.2479,=0.8557,=6.3284,=7.8863,=9.2174,=10.0709,=12.9577,=1.0146,=0.6054,=0.7230,=0.8871,=0.9826,=1.1137,=1.4812,=1.3401,=0.9946,=0.6569,=0.8569,=0.9790,=1.1456,=1.3891,=0.0358,=0.2392,=0.0261,=0.0349,=0.0381,=0.0469,=0.0583,=0.0224,=0.0920,=0.0234,=387
="000859",国企一带一路,2019-05-16,=0.0127,=1787.9638,=-0.0184,=10.2537,=0.1203,=9.4709,=10.5530,=12.5128,=14.4855,=21.0714,=1.0044,=0.0424,=0.9283,=1.1482,=1.4343,=1.7731,=2.1877,=1.1572,=0.9880,=0.4715,=0.5655,=0.7420,=0.8341,=1.1782,=0.0353,=0.7234,=0.0208,=0.0254,=0.0318,=0.0368,=0.0454,=0.0234,=0.0898,=0.0201,=267
="930608",中证基建,2015-03-31,=0.0090,=7474.1194,=-0.1193,=10.3371,=0.4751,=6.6667,=8.6208,=10.4528,=13.5854,=25.2863,=0.7201,=0.0206,=0.6550,=0.8097,=1.0979,=1.4311,=2.2134,=0.2185,=0.1901,=0.1701,=0.2198,=0.3342,=0.4713,=0.7101,=0.0294,=0.8346,=0.0095,=0.0173,=0.0213,=0.0290,=0.0388,=0.0141,=0.0583,=0.0170,=657
="930957",港股通中国100,2017-06-23,=0.0106,=3538.9038,=-0.0647,=10.4031,=0.7295,=5.4625,=7.6037,=8.9430,=10.7978,=13.3106,=1.1081,=0.5842,=0.6571,=0.8643,=1.0721,=1.1989,=1.5222,=1.4314,=0.8547,=0.6789,=0.9646,=1.1299,=1.3681,=1.6609,=0.0344,=0.3177,=0.0251,=0.0330,=0.0369,=0.0501,=0.0691,,=0.1031,,=17
="931375",300质量低波,2019-11-25,=0.0070,=15895.1687,=-0.0627,=10.4585,=0.4313,=6.4946,=8.1683,=11.1578,=13.5414,=22.0532,=1.3846,=0.4449,=0.8054,=1.0857,=1.5322,=2.0602,=3.3245,=2.6708,=0.9975,=1.0044,=1.3353,=1.6786,=2.0995,=2.7068,=0.0321,=0.2939,=0.0151,=0.0279,=0.0350,=0.0403,=0.0521,=0.0279,=0.1211,=0.0298,=112
="930709",香港证券,2015-07-13,=0.0011,=1319.4703,=-0.0616,=10.5477,=0.2295,=6.3679,=10.2245,=12.8144,=14.8908,=24.4010,=0.9700,=0.5227,=0.5308,=0.7585,=0.9585,=1.2185,=1.6136,=4.0548,=0.7660,=1.7834,=2.5966,=3.1589,=4.1603,=5.9903,=0.0341,=0.5221,=0.0202,=0.0265,=0.0337,=0.0403,=0.0726,,=0.0828,,=513
="000901",小康指数,2010-04-02,=0.0011,=5886.5600,=-0.0721,=10.6942,=0.3992,=8.5492,=9.9918,=10.9337,=12.5401,=15.5671,=1.0190,=0.0379,=0.9488,=1.0822,=1.2279,=1.4283,=1.7818,=1.0159,=0.6173,=0.7500,=0.8929,=0.9749,=1.0556,=1.2662,=0.0349,=0.7456,=0.0175,=0.0252,=0.0295,=0.0364,=0.0436,=0.0231,=0.0878,=0.0238,=253
="932431",300质量,2025-03-18,=0.0081,=1930.1089,=-0.0568,=10.7527,=0.9970,=9.4685,=9.9870,=10.1471,=10.3474,=10.7600,=1.1595,=0.9458,=1.0616,=1.1020,=1.1267,=1.1444,=1.1853,=2.2828,=0.9367,=2.0194,=2.1493,=2.2022,=2.2428,=2.3259,=0.0339,=0.0060,=0.0338,=0.0359,=0.0376,=0.0393,=0.0487,=0.0253,=0.1012,=0.0271,=15
="000021",180治理,2008-09-10,=0,=1029.1100,=-0.0543,=10.8096,=0.8664,=6.3364,=8.4357,=9.7329,=10.5969,=13.6109,=1.1160,=0.5678,=0.7542,=0.9755,=1.0947,=1.2185,=1.5847,=1.4304,=0.9563,=0.6625,=0.8519,=0.9540,=1.1493,=1.4979,=0.0378,=0.5856,=0.0241,=0.0329,=0.0365,=0.0448,=0.0548,=0.0243,=0.0995,=0.0258,=164
="HSLI",恒生综合大型股指数,2001-10-03,=0.0105,=2314.9100,=-0.0386,=10.8789,=0.5858,=6.9327,=9.1517,=10.5556,=11.7587,=17.6478,=1.0975,=0.4496,=0.7133,=0.9439,=1.1160,=1.2416,=1.6032,=1.5143,=0.6341,=0.8297,=1.1852,=1.4338,=1.6322,=2.0023,=0.0349,=0.4187,=0.0207,=0.0314,=0.0356,=0.0440,=0.0582,,,,=102
="930846",300SNLV,2016-06-24,,,=0.0450,=10.8792,=0.8412,=7.7900,=9.2103,=10.1214,=10.7459,=12.6275,=1.0426,=0.2342,=0.8340,=1.0346,=1.0918,=1.2208,=1.5027,=1.2919,=0.7254,=0.7711,=0.9528,=1.1619,=1.3326,=1.6864,=0.0382,=0.6602,=0.0239,=0.0320,=0.0360,=0.0404,=0.0486,=0.0237,=0.0917,=0.0233,=151
="932255",A500红利增长,2025-04-09,,,=-0.0224,=10.9109,=0.5079,=9.2509,=10.4146,=10.8997,=11.7517,=12.2754,=1.2500,=0.2857,=1.0684,=1.2113,=1.2905,=1.3635,=1.4369,=1.7357,=0.4222,=1.3292,=1.6710,=1.7633,=1.9576,=2.0549,=0.0338,=0.1397,=0.0327,=0.0341,=0.0356,=0.0373,=0.0393,=0.0280,=0.1066,,=40
="HSAHP",恒生沪深港通AH股溢价指数,2007-07-09,=-0.0011,=122.8500,=-0.0049,=11.0038,=0.9288,=5.5550,=7.1430,=8.3686,=9.7349,=12.3156,=1.0887,=0.8153,=0.6208,=0.7734,=0.9225,=1.0815,=1.3863,=1.2558,=0.9217,=0.5653,=0.7668,=0.9030,=1.0863,=1.3750,=0.0325,=0.0846,=0.0268,=0.0349,=0.0398,=0.0520,=0.0665,,=0.0661,,=348
="932450",香港现金流,2025-02-28,,,=-0.2030,=11.4356,=0.9368,=6.6300,=8.1548,=9.8944,=10.5738,=12.5131,=1.1145,=0.4483,=0.7408,=0.8590,=1.1421,=1.2808,=1.5038,=0.5423,=0.3649,=0.4577,=0.5232,=0.8833,=1.0358,=1.2561,=0.0401,=0.0259,=0.0367,=0.0434,=0.0540,=0.0600,=0.0728,,=0.0828,,=11
="399812",养老产业,2014-06-06,=0.0196,=5247.7500,=-0.1711,=11.5053,=0.0186,=10.3086,=17.7924,=20.3560,=25.3954,=31.4367,=1.8020,=0.0619,=1.5864,=2.0437,=2.8047,=3.2414,=4.2954,=1.4690,=0.2202,=1.2170,=1.4541,=1.6758,=1.8719,=2.5548,=0.0270,=0.9641,=0.0096,=0.0130,=0.0170,=0.0243,=0.0306,=0.0294,=0.1459,=0.0345,=6253
="HSLMI",恒生综合大中型股指数,2015-06-08,=0.0098,=3934.5900,=-0.0461,=11.5958,=0.6744,=7.0073,=9.3073,=10.6282,=12.3479,=17.7261,=1.1209,=0.5650,=0.6929,=0.9060,=1.0981,=1.2279,=1.5417,=1.3401,=0.7541,=0.6858,=0.9753,=1.1793,=1.3720,=1.6465,=0.0336,=0.4093,=0.0214,=0.0309,=0.0347,=0.0437,=0.0602,,,,=88
="HSISC",恒指港股通指数,2024-03-01,=0.0102,=3447.6300,=-0.0141,=11.6318,=0.6951,=7.5992,=8.6593,=10.4831,=11.8957,=12.8475,=1.2336,=0.6917,=0.8411,=0.9198,=1.1388,=1.2548,=1.3442,=1.5573,=0.6508,=0.9830,=1.1405,=1.4360,=1.6137,=1.7320,=0.0337,=0.1244,=0.0322,=0.0343,=0.0386,=0.0501,=0.0595,,=0.1045,,=52
="1000010",上海B股,1994-01-10,,,,=11.6324,=0.0907,=6.8464,=12.7709,=18.8709,=37.2537,=68.1787,=0.8948,=0.1703,=0.7158,=0.9070,=1.0100,=1.2386,=1.7346,=0.6601,=0.6425,=0.3163,=0.4060,=0.5564,=0.7308,=1.2119,=0.0447,=0.8586,=0.0085,=0.0241,=0.0346,=0.0433,=0.2559,,,=0.0164,=130
="932457",港股通现金流,2025-02-28,,,=-0.0163,=11.6529,=0.8678,=7.5325,=8.9793,=10.2919,=11.4791,=12.3320,=1.1792,=0.4253,=1.0440,=1.1352,=1.1929,=1.3208,=1.5343,=0.6282,=0.0690,=0.5752,=0.8861,=0.9582,=1.2080,=1.4545,=0.0423,=0.1034,=0.0405,=0.0435,=0.0496,=0.0628,=0.0701,,=0.0990,,=41
="000016",上证50,2004-01-02,=-0.0020,=2950.4300,=-0.0266,=11.6822,=0.8375,=8.3126,=9.6549,=10.5019,=11.5525,=15.1108,=1.2674,=0.6169,=1.0245,=1.1706,=1.2381,=1.3330,=1.6482,=1.6414,=0.9979,=0.8665,=1.0182,=1.1327,=1.2908,=1.6539,=0.0313,=0.2944,=0.0240,=0.0291,=0.0334,=0.0397,=0.0497,=0.0249,=0.1007,=0.0262,=23573
="000052",50基本,2012-01-09,=-0.0051,=2760.7500,=-0.0870,=11.6822,=0.8375,=8.3126,=9.6609,=10.5049,=11.5525,=15.1108,=1.2674,=0.6194,=1.0245,=1.1706,=1.2381,=1.3328,=1.6471,=1.6414,=0.9979,=0.8665,=1.0185,=1.1327,=1.2908,=1.6539,=0.0313,=0.3542,=0.0238,=0.0291,=0.0329,=0.0398,=0.0497,=0.0249,=0.1007,=0.0262,=27
="931586",300价值稳健,2020-11-09,=0.0064,=7430.0645,=-0.0266,=11.7116,=0.6592,=8.1741,=9.6936,=11.1464,=12.7216,=15.0111,=1.2887,=0.3791,=0.9699,=1.1938,=1.3244,=1.5142,=1.6570,=1.3074,=0.8238,=0.7359,=0.8654,=0.9862,=1.1007,=1.5639,=0.0367,=0.4513,=0.0248,=0.0321,=0.0372,=0.0407,=0.0470,=0.0264,=0.1070,=0.0304,=43
="000043",超大盘,2009-04-23,=0.0021,=2575.2500,=-0.0158,=11.7737,=0.6528,=7.5271,=9.4626,=10.9287,=13.1095,=17.2195,=1.3716,=0.5567,=0.9803,=1.2132,=1.3551,=1.5050,=1.9858,=2.2698,=0.9934,=0.6987,=0.8643,=1.2578,=1.5262,=2.3305,=0.0313,=0.3975,=0.0191,=0.0240,=0.0326,=0.0406,=0.0547,=0.0268,=0.1053,=0.0277,=164
="HSI",恒生指数,1989-03-09,=0.0098,=25207.1800,=-0.0165,=11.7900,=0.7150,=6.9462,=9.2273,=10.3634,=12.2459,=16.9606,=1.2407,=0.7313,=0.7519,=0.9738,=1.1293,=1.2666,=1.5570,=1.5131,=0.5920,=0.8141,=1.1480,=1.4397,=1.6549,=2.0895,=0.0333,=0.2097,=0.0204,=0.0330,=0.0368,=0.0444,=0.0596,,,,=13575
="931476",ESG 120策略,2020-04-30,=0.0103,=1464.2785,=0.0503,=11.9938,=0.8604,=7.8289,=9.6389,=10.6262,=11.8028,=13.2171,=1.3567,=0.7796,=1.0061,=1.1770,=1.2562,=1.3651,=1.7130,=1.6140,=0.9980,=0.7906,=1.0596,=1.1555,=1.3617,=1.6288,=0.0323,=0.3342,=0.0251,=0.0296,=0.0355,=0.0387,=0.0488,=0.0265,=0.1050,=0.0271,=52
="000048",责任指数,2009-08-05,=0.0022,=1329.8700,=-0.0987,=12.0276,=0.8297,=7.8628,=9.5548,=10.5483,=11.8226,=14.1982,=1.3148,=0.5538,=0.9056,=1.1404,=1.2956,=1.4408,=1.7866,=1.1644,=0.9979,=0.5718,=0.6942,=0.8010,=0.9267,=1.1795,=0.0387,=0.6911,=0.0223,=0.0281,=0.0314,=0.0399,=0.0469,=0.0224,=0.0991,=0.0247,=129
="000010",上证180,2002-07-01,=0.0037,=9832.0900,=-0.0183,=12.1673,=0.8099,=8.4900,=9.9408,=11.0207,=12.1402,=14.6942,=1.2387,=0.4433,=0.9930,=1.1498,=1.2607,=1.3646,=1.6698,=1.4315,=0.9406,=0.8990,=1.0652,=1.1896,=1.3086,=1.4916,=0.0309,=0.4680,=0.0224,=0.0272,=0.0313,=0.0373,=0.0465,=0.0240,=0.0943,=0.0246,=2499
="399807",高铁产业,2015-01-20,=0.0025,=1108.1200,=-0.1080,=12.1991,=0.3621,=9.4881,=11.2215,=12.7943,=15.3073,=24.3532,=0.7587,=0.0091,=0.7241,=0.9159,=1.0283,=1.4643,=2.3973,=0.3901,=0.2936,=0.3063,=0.3760,=0.4213,=0.4689,=0.6435,=0.0310,=0.9419,=0.0090,=0.0146,=0.0236,=0.0278,=0.0348,=0.0121,=0.0541,=0.0137,=592
="931395",沪港深300,2020-01-14,=0.0100,=1724.4394,=0.0002,=12.2298,=0.6972,=8.3275,=10.0307,=10.8883,=12.5406,=16.6490,=1.2815,=0.6148,=0.9663,=1.1052,=1.2227,=1.3686,=1.7241,=1.5962,=0.8231,=0.9881,=1.1739,=1.3274,=1.5847,=1.8801,=0.0307,=0.3004,=0.0218,=0.0273,=0.0332,=0.0393,=0.0499,,=0.0964,,=508
="HSCAIT",恒生A股行业龙头指数,2009-09-21,=0.0047,=5558.7400,=-0.0352,=12.3837,=0.8880,=8.2192,=9.8003,=10.5111,=11.8358,=14.1027,=1.3238,=0.7080,=1.0288,=1.1873,=1.2656,=1.3563,=1.6997,=1.3410,=0.9362,=0.8424,=0.9741,=1.0557,=1.2188,=1.4109,=0.0345,=0.4650,=0.0260,=0.0318,=0.0347,=0.0405,=0.0503,=0.0256,=0.1026,=0.0257,=494
="931168",绿色价值100,2019-06-27,,,=0.0132,=12.7167,=0.7798,=8.4906,=9.9812,=11.3470,=12.8229,=14.6050,=1.3550,=0.6989,=1.0223,=1.1893,=1.2824,=1.4046,=1.6052,=1.5754,=0.9464,=0.9649,=1.1304,=1.2524,=1.3605,=1.6482,=0.0305,=0.3279,=0.0243,=0.0292,=0.0316,=0.0357,=0.0439,=0.0274,=0.1011,=0.0242,=11
="932039",央企股东回报,2022-11-16,=0.0087,=1582.0544,=-0.0030,=12.7181,=0.9133,=8.0198,=9.7009,=11.0060,=11.9955,=13.8005,=1.2339,=0.8928,=0.8847,=1.0121,=1.1109,=1.1763,=1.4098,=0.7999,=0.9054,=0.3642,=0.4261,=0.5304,=0.6747,=0.8821,=0.0414,=0.1471,=0.0383,=0.0421,=0.0448,=0.0475,=0.0553,=0.0235,=0.0905,=0.0215,=133
="399313",巨潮100,2005-02-03,=0.0083,=5431.8400,=-0.0028,=12.7543,=0.8635,=8.9278,=10.3730,=11.1208,=12.3974,=16.6101,=1.3877,=0.6355,=1.0718,=1.2426,=1.3374,=1.4929,=1.8501,=1.7445,=0.9979,=0.9844,=1.1492,=1.2696,=1.4529,=1.7644,=0.0287,=0.3064,=0.0217,=0.0274,=0.0304,=0.0349,=0.0452,=0.0250,=0.0999,=0.0255,=208
="000044",上证中盘,2009-07-03,=0.0090,=4515.2500,=-0.0106,=12.8856,=0.5456,=8.6509,=10.4793,=12.5300,=14.6389,=18.7575,=1.2022,=0.3662,=0.9210,=1.0900,=1.2741,=1.6534,=1.9734,=1.2218,=0.4404,=0.9382,=1.1499,=1.2456,=1.4283,=1.7773,=0.0303,=0.7014,=0.0180,=0.0223,=0.0268,=0.0338,=0.0421,=0.0229,=0.0859,=0.0223,=96
="H30455",沪港深500,2014-11-28,=0.0110,=2602.5807,=-0.0205,=13.1107,=0.7744,=8.5690,=10.3715,=11.5099,=13.2201,=16.8903,=1.3420,=0.6239,=0.9675,=1.1610,=1.2940,=1.4056,=1.7307,=1.5836,=0.8917,=0.9518,=1.1783,=1.3244,=1.5121,=1.7787,=0.0296,=0.3777,=0.0214,=0.0275,=0.0306,=0.0375,=0.0485,,=0.0953,,=523
="930949",价值回报,2017-02-24,,,=-0.0683,=13.1446,=0.8719,=5.5354,=8.1363,=10.0279,=12.3701,=17.5400,=2.1322,=0.7814,=1.2865,=1.4765,=1.7482,=2.1684,=3.1701,=1.4101,=0.9620,=0.5488,=0.7124,=0.8751,=1.2732,=1.7276,=0.0375,=0.5496,=0.0155,=0.0258,=0.0349,=0.0485,=0.0681,=0.0290,=0.1096,=0.0305,=29
="1000015",港股全指,2000-01-01,=0.0098,=25207.1800,=-0.0165,=13.2726,=0.7516,=7.5917,=10.2569,=11.4125,=13.5931,=19.1348,=1.1197,=0.6390,=0.6574,=0.8625,=1.0706,=1.1863,=1.5123,=1.2086,=0.6821,=0.6196,=0.8644,=1.1064,=1.2707,=1.5791,=0.0318,=0.3496,=0.0205,=0.0300,=0.0333,=0.0422,=0.0574,,,,=306
="980092",自由现金流,2012-12-28,=0.0051,=5043.1900,=-0.0639,=13.3579,=0.6309,=11.1075,=12.2157,=12.8817,=14.4051,=16.4362,=1.4020,=0.0582,=1.2604,=1.4933,=1.5825,=1.6626,=1.8134,=0.8798,=0.2550,=0.7577,=0.8627,=0.9428,=0.9803,=1.0805,=0.0368,=0.4586,=0.0287,=0.0338,=0.0371,=0.0389,=0.0437,=0.0285,=0.1047,=0.0263,=1515
="931155",300质量成长,2019-04-22,,,=0.0677,=13.4159,=0.4696,=7.3805,=10.8073,=13.5926,=15.2428,=31.0699,=2.0222,=0.3702,=1.1055,=1.6655,=2.2500,=2.8129,=5.3844,=3.1291,=0.9353,=1.3218,=1.7745,=2.1763,=2.6247,=3.8395,=0.0252,=0.4815,=0.0092,=0.0211,=0.0254,=0.0313,=0.0464,=0.0331,=0.1462,=0.0366,=79
="399314",巨潮大盘,2005-02-03,=0.0101,=5126.7300,=0.0016,=13.4722,=0.7922,=9.6620,=11.1381,=12.0654,=13.4972,=17.5384,=1.4281,=0.5311,=1.0976,=1.2830,=1.4163,=1.5848,=1.9279,=1.5682,=0.9348,=0.9932,=1.1678,=1.3115,=1.4686,=1.8124,=0.0283,=0.4689,=0.0201,=0.0248,=0.0286,=0.0328,=0.0435,=0.0244,=0.0938,=0.0251,=16
="931132",诚通央企红利,2023-05-04,=0.0048,=1606.7090,=-0.0099,=13.5786,=0.8851,=9.0905,=10.6036,=11.9498,=13.0202,=15.2313,=1.3031,=0.8544,=0.9482,=1.0924,=1.1839,=1.2394,=1.5338,=0.7740,=0.8825,=0.3626,=0.4251,=0.4864,=0.6282,=0.8835,=0.0411,=0.2248,=0.0374,=0.0408,=0.0440,=0.0457,=0.0498,=0.0249,=0.0916,=0.0215,=36
="930629",CSSW健康,2015-05-08,=0.0286,=5405.6595,=-0.0560,=13.6915,=0.0334,=12.1031,=17.6292,=21.6785,=38.6734,=49.9253,=2.0055,=0.1056,=1.7351,=2.1577,=3.0527,=4.5899,=6.2998,=1.6538,=0.3089,=1.2755,=1.5525,=1.8972,=4.7309,=7.2978,=0.0228,=0.9105,=0.0055,=0.0076,=0.0155,=0.0210,=0.0272,=0.0270,=0.1388,=0.0324,=273
="931802",中证龙头,2010-02-09,=0.0120,=1879.5329,=0.0192,=13.8568,=0.7691,=9.1945,=11.4050,=12.4124,=14.0025,=18.2393,=2.0771,=0.9633,=1.2921,=1.4707,=1.6681,=1.8914,=2.6625,=2.8198,=0.9959,=0.9048,=1.0824,=1.3567,=2.0058,=2.8954,=0.0278,=0.3608,=0.0165,=0.0261,=0.0293,=0.0352,=0.0446,=0.0324,=0.1325,=0.0308,=95
="000822",500红利,2012-07-20,,,=-0.0248,=13.8827,=0.7435,=7.4138,=9.6102,=11.2677,=15.6552,=26.4578,=1.1407,=0.3901,=0.8670,=1.0202,=1.2313,=1.5245,=2.2771,=0.5605,=0.4907,=0.2906,=0.3999,=0.5648,=1.1177,=1.8159,=0.0417,=0.5402,=0.0164,=0.0275,=0.0411,=0.0491,=0.0638,=0.0233,=0.0658,=0.0188,=38
="980028",龙头家电,2015-02-16,=0.0141,=11015.6800,=-0.1249,=13.8845,=0.2522,=11.8600,=13.6998,=14.5949,=18.4769,=31.1013,=2.4288,=0.0172,=2.2513,=2.6513,=2.8990,=3.6518,=5.1202,=1.2369,=0.2954,=0.9787,=1.2033,=1.3272,=1.4746,=2.2318,=0.0458,=0.9860,=0.0174,=0.0266,=0.0332,=0.0398,=0.0472,=0.0430,=0.1789,=0.0477,=183
="000971",等权90,2010-12-02,=0.0083,=3355.3339,=-0.0012,=14.0628,=0.8516,=8.9747,=10.9438,=11.8891,=13.7594,=19.4330,=1.5992,=0.7659,=1.1544,=1.3305,=1.4553,=1.6219,=2.2329,=1.8644,=0.9938,=1.0052,=1.1498,=1.2656,=1.5460,=1.9075,=0.0266,=0.2564,=0.0181,=0.0255,=0.0291,=0.0330,=0.0448,=0.0259,=0.1045,=0.0271,=9
="399439",国证油气,2014-12-30,=0.0083,=2062.3800,=0.0709,=14.0645,=0.4936,=7.2448,=10.6844,=14.5364,=29.1881,=98.7831,=1.3732,=0.9258,=0.6716,=0.7849,=1.1495,=1.2665,=1.8382,=0.7434,=0.9629,=0.2370,=0.3183,=0.5042,=0.6003,=0.9735,=0.0359,=0.2202,=0.0101,=0.0348,=0.0425,=0.0469,=0.0731,=0.0300,=0.0921,=0.0283,=103
="000908",300能源,2007-07-02,=0.0047,=2547.7335,=0.0778,=14.0692,=0.5703,=6.9395,=9.4585,=13.0370,=21.1723,=62.7889,=1.4504,=0.9353,=0.7125,=0.8868,=1.1315,=1.2864,=1.8071,=0.8662,=0.9691,=0.3053,=0.3856,=0.5108,=0.6954,=1.0302,=0.0386,=0.2272,=0.0113,=0.0381,=0.0494,=0.0598,=0.0754,=0.0302,=0.1004,=0.0297,=269
="931412",证券公司30,2020-02-20,=0.0021,=1487.2729,=-0.0853,=14.0706,=0.0544,=12.7557,=16.0606,=18.5484,=22.6521,=36.9291,=1.3015,=0.2727,=1.0327,=1.2662,=1.4426,=1.6985,=2.4365,=5.6224,=0.5269,=3.9462,=5.0315,=5.5695,=6.7059,=9.6353,=0.0215,=0.8150,=0.0091,=0.0147,=0.0168,=0.0210,=0.0256,=0.0228,=0.0861,=0.0218,=26
="931381",中证长三角,2019-11-25,=0.0046,=2063.3061,=0.0193,=14.1151,=0.8212,=9.1117,=10.6760,=12.0442,=14.0072,=16.1441,=1.4051,=0.6256,=0.9630,=1.1525,=1.3127,=1.5491,=1.8124,=1.6960,=0.8663,=0.8724,=1.0732,=1.2556,=1.5677,=1.9541,=0.0262,=0.2896,=0.0209,=0.0253,=0.0283,=0.0322,=0.0422,=0.0256,=0.0961,=0.0259,=8
="932366",300现金流,2024-11-12,=0.0024,=3249.9244,=-0.0275,=14.1204,=0.5448,=12.5879,=13.4104,=14.0096,=14.9514,=16.2670,=1.6600,=0.1356,=1.4920,=1.6850,=1.8257,=1.8952,=1.9885,=1.2797,=0.3341,=1.0861,=1.2245,=1.3958,=1.4404,=1.5124,=0.0376,=0.1404,=0.0324,=0.0382,=0.0401,=0.0411,=0.0453,=0.0285,=0.1163,=0.0355,=180
="931248",油气资源,2023-06-12,=0.0060,=1047.7267,=0.1466,=14.1739,=0.8762,=8.9017,=10.2055,=11.3009,=13.1530,=19.0700,=1.3652,=0.8123,=1.0292,=1.1525,=1.2183,=1.3606,=1.8318,=0.7448,=0.8775,=0.4486,=0.5130,=0.5936,=0.6738,=0.9774,=0.0356,=0.1092,=0.0285,=0.0396,=0.0460,=0.0498,=0.0548,=0.0301,=0.0906,=0.0280,=48
="932368",800现金流,2024-12-11,=0.0065,=4779.4845,=-0.0654,=14.2163,=0.8010,=9.9108,=10.8335,=11.7922,=14.2163,=15.6891,=1.9210,=0.9184,=1.4048,=1.5366,=1.6968,=1.8737,=2.0110,=1.6108,=0.9923,=1.0036,=1.1046,=1.3227,=1.4289,=1.6504,=0.0354,=0.1633,=0.0311,=0.0358,=0.0421,=0.0473,=0.0553,=0.0283,=0.1177,=0.0451,=243
="931397",A股通50,2020-02-20,,,=0.0140,=14.3190,=0.6135,=8.9450,=10.5917,=12.9339,=21.4323,=29.8209,=1.7906,=0.5359,=1.1048,=1.2784,=1.7498,=3.5707,=4.6955,=2.3781,=0.7314,=1.0496,=1.2875,=1.8869,=2.8682,=3.9597,=0.0275,=0.4788,=0.0113,=0.0157,=0.0280,=0.0367,=0.0493,=0.0296,=0.1069,=0.0278,=8
="931526",企业核心竞争力50,2020-08-24,=0.0162,=1282.9371,=-0.0214,=14.3433,=0.0202,=13.8510,=17.1137,=22.6844,=29.8816,=51.8267,=1.7410,=0.0167,=1.6745,=3.0249,=4.0551,=6.7792,=10.8733,=2.0601,=0.3501,=0.9066,=1.5149,=3.4233,=4.5393,=7.9459,=0.0270,=0.8194,=0.0072,=0.0118,=0.0172,=0.0236,=0.0352,=0.0371,=0.1485,=0.0461,=88
="950096",上海国企,2016-05-11,=0.0061,=1328.2509,=-0.1221,=14.3607,=0.6821,=8.9055,=11.0343,=12.5701,=15.1974,=16.5992,=1.1006,=0.4639,=0.7269,=0.8713,=1.1230,=1.4747,=2.0186,=1.1950,=0.9332,=0.5842,=0.6832,=0.8501,=1.1417,=1.2890,=0.0217,=0.2441,=0.0177,=0.0207,=0.0257,=0.0281,=0.0334,=0.0189,=0.0761,=0.0213,=169
="399437",证券龙头,2014-12-30,=0.0039,=6175.4800,=-0.0934,=14.4027,=0.0379,=12.9130,=17.3597,=19.9992,=25.0411,=43.0253,=1.3206,=0.2420,=1.0547,=1.2956,=1.5266,=1.8134,=2.3633,=5.7364,=0.3928,=3.9970,=5.3396,=6.2016,=7.2524,=9.5068,=0.0211,=0.8112,=0.0092,=0.0139,=0.0161,=0.0209,=0.0262,=0.0223,=0.0851,=0.0215,=706
="000300",沪深300,2005-04-08,=0.0115,=4702.4300,=0.0157,=14.4552,=0.8788,=10.0799,=11.6919,=12.6764,=14.1549,=17.6279,=1.4756,=0.5233,=1.1457,=1.3350,=1.4689,=1.6202,=1.9228,=1.5663,=0.9299,=1.0330,=1.1718,=1.3099,=1.4623,=1.7482,=0.0271,=0.4775,=0.0199,=0.0236,=0.0274,=0.0317,=0.0422,=0.0246,=0.0934,=0.0249,=49105
="931082",A500现金流,2025-07-16,,,=-0.0577,=14.5044,=0.6386,=11.3087,=12.3246,=13.9120,=14.9613,=16.5522,=1.6353,=0.1325,=1.4812,=1.6980,=1.8575,=1.9532,=2.0613,=1.3153,=0.2169,=1.2039,=1.3066,=1.4230,=1.5613,=1.6378,=0.0346,=0.1486,=0.0310,=0.0353,=0.0379,=0.0428,=0.0482,=0.0315,=0.1166,,=130
="931454",港股通消费,2020-03-06,=0.0124,=1357.7113,=-0.1181,=14.5107,=0.0146,=13.3496,=20.4745,=27.0460,=36.5924,=64.7193,=2.4492,=0.0172,=2.2532,=3.1658,=3.6344,=5.0930,=8.9519,=1.3018,=0.0140,=1.1976,=1.9203,=2.3788,=3.5737,=6.6047,=0.0458,=0.9778,=0.0043,=0.0072,=0.0119,=0.0151,=0.0498,,=0.1670,,=384
="932365",中证现金流,2024-12-11,=0.0090,=4841.3670,=-0.0809,=14.5353,=0.8138,=10.1873,=10.9649,=12.0801,=14.4201,=15.8261,=1.6425,=0.1760,=1.4661,=1.6515,=1.7700,=1.8819,=2.0150,=0.8926,=0.0536,=0.8463,=1.1664,=1.3875,=1.5116,=1.6205,=0.0373,=0.2653,=0.0305,=0.0359,=0.0418,=0.0472,=0.0550,=0.0286,=0.1155,=0.0394,=703
="930758",凤凰50,2018-11-21,=0.0157,=8829.8956,=0.1084,=14.5652,=0.6120,=8.6050,=10.8213,=13.5426,=15.7368,=22.7753,=1.9833,=0.7534,=1.0496,=1.4403,=1.6685,=2.0777,=3.0708,=2.2780,=0.9312,=0.3622,=0.7529,=1.3174,=1.9032,=3.4064,=0.0306,=0.7990,=0.0097,=0.0229,=0.0282,=0.0306,=0.0478,=0.0281,=0.1135,=0.0262,=67
="000928",中证能源,2009-07-03,=0.0047,=3319.7600,=0.1266,=14.6216,=0.6148,=6.9612,=9.7906,=13.1469,=20.5626,=68.9647,=1.4248,=0.9216,=0.7281,=0.9359,=1.1537,=1.3008,=1.8006,=0.8608,=0.9658,=0.3162,=0.4106,=0.5298,=0.7067,=1.0383,=0.0370,=0.2202,=0.0106,=0.0365,=0.0464,=0.0557,=0.0717,=0.0289,=0.0960,=0.0282,=1288
="HSCGSI",恒生消费指数,2015-08-17,=0.0122,=2395.9800,=-0.0718,=14.6428,=0.0126,=13.5420,=17.8340,=20.3604,=46.9799,=191.0166,=2.4707,=0.4004,=1.6557,=2.1576,=2.5823,=3.0646,=4.3429,=1.3286,=0.2724,=0.9965,=1.2619,=1.5542,=1.8502,=2.9413,=0.0450,=0.9886,=0.0097,=0.0178,=0.0253,=0.0321,=0.0488,,=0.1746,,=857
="000150",380红利,2012-07-20,=0.0086,=11692.2400,=0.0116,=14.6963,=0.7410,=5.2545,=8.5513,=12.0903,=16.1217,=19.8070,=1.0338,=0.3072,=0.6172,=0.8678,=1.3488,=1.6533,=2.2575,=0.4834,=0.4602,=0.2775,=0.3623,=0.5367,=1.5237,=2.3204,=0.0452,=0.5212,=0.0247,=0.0347,=0.0446,=0.0581,=0.0734,=0.0206,=0.0377,=0.0185,=43
="000028",180成长,2009-01-09,=0.0023,=3946.6500,=0.0086,=14.7117,=0.5035,=9.5268,=12.2306,=14.6390,=18.2344,=25.1474,=2.1341,=0.3332,=1.5063,=1.8536,=2.6890,=3.1694,=5.1089,=2.6547,=0.9938,=1.1581,=1.4617,=1.6293,=1.8839,=2.7082,=0.0229,=0.5534,=0.0090,=0.0178,=0.0225,=0.0253,=0.0375,=0.0333,=0.1358,=0.0227,=193
="HSMI",恒生综合中型股指数,2001-10-03,=0.0060,=4541.3700,=-0.0885,=14.8242,=0.8159,=7.1837,=9.6369,=11.3145,=14.7381,=19.0737,=1.2062,=0.7703,=0.6229,=0.7817,=1.0105,=1.2288,=1.5312,=0.9708,=0.9232,=0.4186,=0.5568,=0.6725,=0.8179,=1.0938,=0.0295,=0.3439,=0.0208,=0.0280,=0.0329,=0.0427,=0.0675,,,,=162
="931021",家电龙头,2017-10-17,=0.0182,=15666.6692,=-0.1328,=14.8749,=0.3315,=11.3343,=14.2674,=15.7402,=19.2878,=31.7589,=2.4986,=0.0881,=2.3641,=2.6336,=3.0451,=3.9003,=5.4650,=1.2174,=0.4491,=0.8457,=1.1179,=1.2337,=1.4831,=2.4102,=0.0423,=0.9892,=0.0135,=0.0213,=0.0285,=0.0357,=0.0436,=0.0396,=0.1676,=0.0453,=31
="000955",中证国企,2010-02-09,,,=-0.0537,=14.9013,=0.7922,=10.0979,=11.7062,=12.7317,=14.9541,=16.8119,=1.2516,=0.4091,=1.0210,=1.1826,=1.2890,=1.4272,=1.7591,=1.2779,=0.7942,=0.7969,=0.9757,=1.0895,=1.2814,=1.4527,=0.0275,=0.5216,=0.0195,=0.0241,=0.0273,=0.0324,=0.0414,=0.0213,=0.0765,=0.0217,=40
="H30198",油气产业,2013-07-15,=0.0089,=2361.2462,=0.1210,=14.9165,=0.5209,=7.8064,=10.8788,=14.1346,=25.4018,=104.2111,=1.4696,=0.9625,=0.6580,=0.8180,=1.1499,=1.2593,=1.8532,=0.7758,=0.9694,=0.2505,=0.3220,=0.4820,=0.5924,=0.9554,=0.0321,=0.1610,=0.0103,=0.0351,=0.0427,=0.0469,=0.0704,=0.0307,=0.0868,=0.0269,=113
="H11057",石化产业,2009-07-22,=0.0145,=1330.3739,=-0.0260,=15.0452,=0.6294,=9.0713,=11.9980,=13.9552,=19.3128,=46.6548,=1.5356,=0.9217,=0.9085,=1.1915,=1.3431,=1.4440,=1.9948,=0.8101,=0.9040,=0.4002,=0.4803,=0.6116,=0.7533,=1.0264,=0.0314,=0.2721,=0.0099,=0.0304,=0.0364,=0.0407,=0.0471,=0.0331,=0.0946,=0.0281,=69
="931402",证券先锋,2020-01-14,=0.0040,=1878.0643,=-0.0994,=15.0487,=0.0417,=13.6795,=17.4502,=20.7385,=25.8033,=41.4692,=1.3144,=0.2619,=1.0487,=1.2872,=1.4582,=1.7474,=2.4715,=5.8634,=0.4763,=4.0917,=5.3154,=5.9058,=7.0645,=10.0278,=0.0204,=0.8140,=0.0081,=0.0133,=0.0150,=0.0200,=0.0246,=0.0214,=0.0819,=0.0203,=93
="399975",证券公司,2013-07-15,=0.0037,=770.8800,=-0.0959,=15.1410,=0.0330,=13.0756,=18.7096,=21.4877,=26.4841,=46.0250,=1.3109,=0.2202,=1.0494,=1.3006,=1.5484,=1.8578,=2.4199,=5.8657,=0.3658,=4.0997,=5.4503,=6.3253,=7.4089,=10.0865,=0.0203,=0.8054,=0.0082,=0.0129,=0.0150,=0.0201,=0.0252,=0.0211,=0.0810,=0.0201,=9851
="000986",全指能源,2011-08-02,=0.0027,=2609.0400,=0.1177,=15.1971,=0.6351,=6.8032,=9.9968,=13.3499,=20.8232,=75.0146,=1.4253,=0.9233,=0.7554,=0.9688,=1.1772,=1.3169,=1.7977,=0.8743,=0.9658,=0.3323,=0.4459,=0.5657,=0.7285,=1.0524,=0.0359,=0.2322,=0.0098,=0.0344,=0.0439,=0.0544,=0.0769,=0.0281,=0.0918,=0.0274,=605
="932037",央企现代能源,2022-11-16,=0.0031,=1436.0116,=-0.0158,=15.4457,=0.8926,=10.8583,=12.0229,=12.8895,=14.3349,=18.2611,=1.5627,=0.7919,=1.1507,=1.3419,=1.4214,=1.5692,=1.8914,=0.9331,=0.9004,=0.4850,=0.6218,=0.7547,=0.8373,=1.0835,=0.0330,=0.0872,=0.0297,=0.0359,=0.0404,=0.0431,=0.0461,=0.0273,=0.0952,=0.0272,=35
="000066",上证商品,2010-04-30,=0.0189,=3633.3500,=0.0301,=15.5144,=0.5513,=7.9120,=11.1675,=15.0085,=23.0047,=53.3084,=1.7552,=0.9592,=0.9403,=1.2112,=1.3391,=1.5002,=2.2405,=0.9875,=0.9563,=0.4082,=0.5256,=0.6498,=0.7793,=1.2223,=0.0313,=0.3175,=0.0093,=0.0290,=0.0357,=0.0466,=0.0603,=0.0347,=0.1091,=0.0303,=79
="932315",中证红利质量,2024-07-08,=0.0106,=4209.8759,=-0.0674,=15.5231,=0.4909,=12.3916,=13.6548,=15.5575,=16.5840,=18.7206,=2.9761,=0.4889,=2.1812,=2.3781,=3.0067,=3.9690,=4.4900,=3.6138,=0.9839,=2.0136,=2.1872,=3.0249,=3.2107,=3.6802,=0.0374,=0.2274,=0.0312,=0.0371,=0.0390,=0.0421,=0.0443,=0.0482,=0.1829,=0.0412,=545
="399699",金融科技,2017-06-09,=0.0172,=3477.5900,=-0.2224,=15.5456,=0.0686,=14.0983,=16.6874,=19.3234,=44.3664,=111.6316,=1.7717,=0.1854,=1.2665,=1.7899,=2.2750,=3.3980,=4.4660,=1.4539,=0.3062,=1.0709,=1.3771,=1.6200,=1.9107,=3.0519,=0.0242,=0.8383,=0.0041,=0.0062,=0.0187,=0.0233,=0.0329,=0.0209,=0.1027,=0.0223,=327
="000068",上证资源,2010-05-28,=0.0175,=4045.5200,=0.0047,=15.6049,=0.5324,=7.8012,=11.1450,=15.0988,=23.2857,=73.1997,=1.7701,=0.9612,=0.8674,=1.1479,=1.3136,=1.4853,=2.2515,=0.9804,=0.9563,=0.3742,=0.5012,=0.6088,=0.7735,=1.2220,=0.0310,=0.2379,=0.0094,=0.0298,=0.0360,=0.0471,=0.0635,=0.0351,=0.1097,=0.0307,=306
="931645",1000红利,2024-03-15,,,=-0.0959,=15.6080,=0.9073,=11.2896,=12.4364,=13.7401,=14.9636,=18.1886,=1.1214,=0.1766,=0.9871,=1.1264,=1.1913,=1.2438,=1.3469,=0.7114,=0.2920,=0.5734,=0.6762,=0.7535,=0.8126,=0.8871,=0.0352,=0.3811,=0.0305,=0.0338,=0.0364,=0.0410,=0.0471,=0.0179,=0.0646,=0.0199,=25
="000092",资源50,2011-05-10,=0.0162,=4834.9400,=-0.0096,=15.6437,=0.5839,=7.9483,=11.3499,=14.8873,=22.4208,=52.0101,=1.8388,=0.9604,=0.9579,=1.2635,=1.3986,=1.5421,=2.3324,=1.0148,=0.9559,=0.4148,=0.5541,=0.6758,=0.7938,=1.2646,=0.0304,=0.3188,=0.0094,=0.0285,=0.0354,=0.0449,=0.0578,=0.0363,=0.1132,=0.0314,=35
="000861",央企创新,2019-05-16,=0.0101,=2582.2632,=0.0062,=15.7164,=0.8477,=10.3360,=12.0485,=13.4304,=15.1940,=18.8086,=1.4378,=0.9261,=1.0351,=1.1878,=1.2990,=1.3880,=1.5975,=0.8281,=0.9467,=0.4544,=0.5198,=0.5844,=0.7359,=0.8999,=0.0309,=0.4307,=0.0234,=0.0271,=0.0333,=0.0376,=0.0493,=0.0222,=0.0826,=0.0232,=266
="930697",家用电器,2015-07-07,=0.0188,=11178.8859,=-0.1260,=15.8042,=0.2693,=12.0193,=15.4243,=17.0279,=19.8234,=32.1495,=2.4334,=0.0404,=2.2889,=2.6637,=3.2603,=3.9701,=5.2226,=1.2158,=0.2697,=0.9879,=1.1843,=1.2991,=1.6199,=2.3694,=0.0400,=0.9918,=0.0137,=0.0223,=0.0265,=0.0333,=0.0418,=0.0370,=0.1413,=0.0419,=1734
="HSSCHKC",恒生港股通香港公司指数,2017-11-20,=0.0075,=3446.2100,=0.1089,=15.8634,=0.6695,=9.9660,=12.2303,=14.3718,=18.0361,=45.2058,=1.3563,=0.9850,=0.8018,=0.9557,=1.0998,=1.2472,=1.4001,=3.5013,=1,=1.7566,=2.0764,=2.3936,=2.7634,=3.5013,=0.0349,=0.2252,=0.0202,=0.0340,=0.0390,=0.0466,=0.0626,,,,=14
="000860",结构调整,2018-03-26,=0.0110,=1241.9500,=0.0144,=15.9521,=0.7512,=9.5233,=12.4665,=13.9791,=16.3366,=20.6443,=1.4789,=0.8778,=1.1018,=1.2882,=1.3720,=1.4556,=1.6430,=0.9218,=0.9797,=0.4658,=0.5874,=0.6782,=0.7935,=0.9608,=0.0317,=0.5064,=0.0220,=0.0262,=0.0314,=0.0369,=0.0499,=0.0222,=0.0831,=0.0231,=146
="000805",A股资源,2012-01-06,=0.0215,=7082.7422,=-0.0011,=15.9865,=0.5396,=7.9265,=11.4609,=15.5702,=23.6496,=73.5792,=1.8671,=0.9563,=0.9200,=1.1959,=1.3662,=1.5217,=2.3735,=1.0341,=0.9563,=0.3865,=0.5298,=0.6350,=0.7811,=1.2754,=0.0296,=0.2910,=0.0090,=0.0279,=0.0342,=0.0454,=0.0580,=0.0371,=0.1115,=0.0305,=6
="931238",SSH黄金股票,2017-10-17,=0.0211,=2895.6554,=-0.1089,=16.0101,=0.0433,=13.5435,=18.3996,=23.4288,=35.6286,=92.1543,=3.3121,=0.9134,=1.4294,=1.8173,=2.0199,=2.3688,=6.0579,=1.0545,=0.9138,=0.3659,=0.4659,=0.5526,=0.6710,=1.9529,=0.0232,=0.9147,=0.0052,=0.0085,=0.0127,=0.0208,=0.0325,,=0.1869,,=339
="000961",中证上游,2010-04-16,=0.0177,=4941.2711,=-0.0241,=16.1223,=0.5460,=8.3063,=11.4863,=15.6470,=23.3701,=72.6914,=1.8568,=0.9542,=0.9003,=1.1960,=1.3678,=1.5326,=2.4036,=1.0207,=0.9542,=0.3813,=0.5134,=0.6292,=0.7818,=1.2905,=0.0296,=0.2788,=0.0092,=0.0282,=0.0343,=0.0447,=0.0576,=0.0373,=0.1119,=0.0305,=44
="931268",持续发展,2019-11-15,=0.0087,=2280.8185,=0.0308,=16.1968,=0.7356,=14.1354,=15.0691,=15.6411,=16.2582,=17.1877,=2.1862,=0.6441,=1.7338,=1.8351,=2.0612,=2.2474,=2.3440,=1.9924,=0.9525,=1.5998,=1.7227,=1.7959,=1.8273,=2.0502,=0.0278,=0.0542,=0.0268,=0.0290,=0.0306,=0.0316,=0.0326,=0.0313,=0.1256,=0.0323,=19
="399974",国企改革,2014-08-07,=0.0110,=1971.4600,=0.0383,=16.2264,=0.7501,=8.5408,=11.0130,=13.4099,=16.8117,=23.5243,=1.4588,=0.4738,=1.0768,=1.3337,=1.4718,=1.8314,=2.8970,=1.1232,=0.6829,=0.6803,=0.8927,=0.9988,=1.2484,=2.2060,=0.0285,=0.4194,=0.0148,=0.0232,=0.0300,=0.0332,=0.0410,=0.0239,=0.0809,=0.0242,=372
="000944",内地资源,2009-10-28,=0.0176,=5130.5278,=-0.0333,=16.2446,=0.5651,=8.0950,=11.4362,=15.5470,=23.0320,=66.3491,=1.8570,=0.9547,=0.8945,=1.1840,=1.3574,=1.5235,=2.3924,=1.0201,=0.9542,=0.3754,=0.5050,=0.6228,=0.7766,=1.2835,=0.0295,=0.2514,=0.0090,=0.0285,=0.0349,=0.0457,=0.0579,=0.0374,=0.1109,=0.0304,=6
="931068",消费龙头,2018-11-21,=0.0024,=10719.7727,=-0.1539,=16.2774,=0.0306,=15.0591,=18.2440,=22.8581,=30.0147,=44.3922,=3.2043,=0.0242,=2.8729,=4.1222,=4.7173,=6.5690,=10.3805,=1.9920,=0.0382,=1.8019,=2.5769,=3.2593,=4.0937,=7.0508,=0.0417,=0.9817,=0.0085,=0.0161,=0.0210,=0.0329,=0.0451,=0.0518,=0.2083,=0.0600,=2381
="931404",SHS品牌消费50,2020-02-20,=0.0121,=2275.6628,=-0.1573,=16.3049,=0.0344,=15.2551,=18.2646,=21.5025,=30.0519,=52.1290,=3.8635,=0.0474,=3.2381,=4.5632,=5.2489,=7.2511,=13.2899,=3.2911,=0.2860,=2.1582,=3.1755,=4.0476,=6.3883,=12.0094,=0.0261,=0.7970,=0.0048,=0.0094,=0.0172,=0.0262,=0.0383,,=0.2165,,=134
="HSMSI",恒生综合中小型股指数,2015-06-08,=0.0070,=2629.5300,=-0.1099,=16.3131,=0.8780,=7.2058,=10.0582,=12.4546,=15.6050,=18.8438,=1.1395,=0.7118,=0.6157,=0.7686,=1.0041,=1.2090,=1.4952,=0.8668,=0.8402,=0.4020,=0.5319,=0.6807,=0.8431,=1.0389,=0.0293,=0.3622,=0.0199,=0.0271,=0.0325,=0.0412,=0.0630,,,,=161
="H11136",中国互联网,2011-09-20,=0.0135,=3983.0647,=-0.2532,=16.3160,=0.0284,=14.4387,=19.8392,=42.6125,=57.4994,=137.0698,=2.1210,=0.0161,=1.7247,=2.5419,=4.2168,=6.7410,=9.7098,=1.8504,=0.0161,=1.5020,=2.2339,=4.2502,=6.5160,=9.1092,=0.0117,=0.9632,=0.0007,=0.0013,=0.0019,=0.0085,=0.0132,,,,=3362
="399375",中盘价值,2010-01-04,=0.0121,=6088.6300,=0.0261,=16.3600,=0.7847,=9.0528,=10.9370,=12.3141,=16.6149,=33.1718,=1.5152,=0.7786,=1.0236,=1.1932,=1.3322,=1.5398,=1.9880,=1.2567,=0.9897,=0.5167,=0.6432,=0.7489,=0.9806,=1.3254,=0.0279,=0.3575,=0.0137,=0.0238,=0.0309,=0.0368,=0.0505,=0.0258,=0.0785,=0.0211,=187
="931139",CS消费50,2019-03-20,=0.0028,=13935.7536,=-0.1265,=16.4018,=0.0454,=14.9525,=18.0713,=23.8998,=30.0605,=47.8630,=3.2372,=0.0297,=2.8552,=4.0052,=5.3224,=7.0543,=12.5456,=2.0956,=0.0140,=1.9104,=2.5818,=3.1521,=4.4602,=9.1270,=0.0440,=0.9759,=0.0083,=0.0160,=0.0211,=0.0360,=0.0484,=0.0528,=0.1922,=0.0638,=2215
="H30533",中国互联网50,2014-12-29,=0.0174,=6936.5902,=-0.2598,=16.4474,=0.0238,=14.4020,=20.1791,=41.4985,=57.1746,=137.0698,=2.1404,=0.0207,=1.7082,=2.5342,=4.1768,=6.7227,=9.7098,=1.8196,=0.0188,=1.4305,=2.1669,=4.1199,=6.4332,=9.1092,=0.0109,=0.9520,=0.0007,=0.0013,=0.0019,=0.0079,=0.0125,,,,=6836
="930604",中国互联网30,2015-03-23,=0.0187,=7513.2960,=-0.2489,=16.4798,=0.0273,=14.4178,=19.9266,=42.1008,=59.2813,=131.9396,=2.1662,=0.0161,=1.7582,=2.5875,=4.4866,=7.0824,=10.3841,=1.8243,=0.0211,=1.4482,=2.1778,=4.0642,=6.4486,=9.5870,=0.0106,=0.9869,=0.0007,=0.0013,=0.0017,=0.0077,=0.0121,,,,=647
="000001",上证指数,1991-07-15,=0.0115,=3858.2500,=-0.0279,=16.4925,=0.8948,=10.8403,=12.7209,=13.8332,=15.9261,=17.9144,=1.4573,=0.5241,=1.1148,=1.3021,=1.4401,=1.5685,=1.8463,=1.4679,=0.9072,=0.9369,=1.0774,=1.2153,=1.4053,=1.5771,=0.0246,=0.4503,=0.0185,=0.0222,=0.0252,=0.0297,=0.0391,=0.0219,=0.0804,=0.0221,=1495
="930716",CS物流,2015-07-31,=0.0117,=1180.8830,=0.0057,=16.5679,=0.4066,=6.6312,=13.0083,=18.4379,=33.7792,=505.8138,=1.2404,=0.0697,=1.1511,=1.2978,=1.9697,=2.5841,=3.8580,=0.4682,=0.5971,=0.2137,=0.3289,=0.4559,=0.7049,=1.0555,=0.0329,=0.7089,=0.0055,=0.0090,=0.0123,=0.0374,=0.0692,=0.0197,=0.0542,=0.0209,=241
="000842",800等权,2012-12-21,,,=-0.0252,=16.5741,=0.9171,=10.7808,=12.9023,=14.0908,=15.9739,=18.9686,=1.6122,=0.5938,=1.1816,=1.3959,=1.5516,=1.7186,=1.9628,=1.5934,=0.9513,=1.0117,=1.1472,=1.2950,=1.4857,=1.6796,=0.0241,=0.4400,=0.0180,=0.0211,=0.0248,=0.0289,=0.0389,=0.0241,=0.0890,=0.0237,=160
="000906",中证800,2007-01-15,=0.0150,=5216.2800,=0.0210,=16.5741,=0.9171,=10.7808,=12.9023,=14.0908,=15.9739,=18.9686,=1.6122,=0.5938,=1.1816,=1.3959,=1.5516,=1.7186,=1.9628,=1.5934,=0.9513,=1.0117,=1.1472,=1.2950,=1.4857,=1.6796,=0.0241,=0.4400,=0.0180,=0.0211,=0.0248,=0.0289,=0.0389,=0.0241,=0.0890,=0.0237,=2685
="H30089",红利潜力,2013-07-02,=0.0035,=9386.5945,=-0.0563,=16.6087,=0.4416,=12.7702,=15.7141,=16.8861,=20.7162,=29.7267,=2.7588,=0.7010,=1.5457,=2.0094,=2.5018,=2.9135,=4.3960,=2.1936,=0.8128,=0.7611,=0.9547,=1.7635,=2.1743,=2.8465,=0.0353,=0.6759,=0.0172,=0.0255,=0.0317,=0.0373,=0.0456,=0.0404,=0.1605,=0.0444,=548
="000945",内地运输,2009-10-28,=0.0093,=1373.1316,=-0.0708,=16.6280,=0.2425,=13.9394,=16.4494,=19.3531,=27.8199,=72.7429,=1.3190,=0.0536,=1.2245,=1.4047,=1.5595,=1.7760,=2.4452,=0.7605,=0.3938,=0.5140,=0.6447,=0.9029,=1.3783,=1.9188,=0.0298,=0.6779,=0.0105,=0.0141,=0.0178,=0.0327,=0.0436,=0.0219,=0.0581,=0.0167,=77
="931371",品牌消费100,2019-11-25,,,=-0.1334,=16.6894,=0.0927,=14.6106,=17.3348,=22.1250,=30.6041,=41.6881,=3.1381,=0.0303,=2.8278,=3.6927,=4.5893,=6.5393,=9.5576,=2.0820,=0.1681,=1.7483,=2.1057,=2.6426,=3.8637,=5.3339,=0.0445,=0.9852,=0.0095,=0.0156,=0.0227,=0.0369,=0.0479,=0.0505,=0.1847,=0.0654,=6
="H30171",运输指数,2013-07-15,=0.0103,=1496.6267,=-0.0746,=16.7104,=0.2561,=14.1889,=16.3475,=17.9969,=25.4259,=51.4445,=1.2679,=0.0405,=1.1914,=1.3522,=1.5023,=1.6858,=2.3737,=0.6730,=0.3405,=0.5217,=0.6284,=0.8455,=1.1914,=1.9196,=0.0288,=0.6935,=0.0111,=0.0149,=0.0200,=0.0304,=0.0375,=0.0207,=0.0585,=0.0181,=90
="399286",区块链50,2019-12-24,=0.0206,=3261.8400,=-0.1859,=16.7198,=0.0991,=13.8844,=17.8463,=20.7769,=28.5457,=40.1853,=1.8950,=0.2226,=1.4262,=1.8616,=2.1167,=2.7417,=3.6332,=1.7499,=0.3862,=1.3177,=1.5911,=1.8415,=2.0901,=2.8188,=0.0257,=0.9304,=0.0072,=0.0097,=0.0146,=0.0231,=0.0319,=0.0273,=0.0903,=0.0252,=155
="HSHK35",恒生香港35,2003-01-20,=0.0075,=3245.1100,=0.1369,=16.8619,=0.7398,=9.7413,=12.1748,=14.3911,=17.5924,=47.6465,=1.3190,=0.9829,=0.7649,=0.9601,=1.0995,=1.2335,=1.3547,=3.5775,=0.9695,=2.1814,=2.5966,=2.9009,=3.1907,=3.7366,=0.0357,=0.2549,=0.0206,=0.0332,=0.0390,=0.0462,=0.0628,,,,=115
="000046",上证中小,2009-07-03,=0.0161,=5143.8000,=0.0030,=16.8736,=0.6404,=10.5504,=12.1058,=15.2214,=18.1519,=22.4992,=1.4641,=0.4705,=1.0626,=1.2077,=1.4791,=1.7750,=2.0905,=1.3397,=0.7575,=0.8596,=1.0256,=1.1229,=1.3972,=1.6429,=0.0239,=0.6144,=0.0151,=0.0187,=0.0225,=0.0299,=0.0371,=0.0219,=0.0784,=0.0213,=344
="931468",红利质量,2020-05-21,=0.0157,=32715.9945,=0.0383,=16.8773,=0.3496,=12.5562,=16.0843,=18.6959,=21.8777,=36.4689,=2.8936,=0.2255,=2.1523,=2.8504,=3.7549,=4.7069,=8.5636,=3.4300,=0.6484,=1.9811,=2.3491,=2.9521,=3.9504,=5.8829,=0.0302,=0.6044,=0.0102,=0.0190,=0.0288,=0.0335,=0.0407,=0.0381,=0.1637,=0.0476,=1171
="931167",先进制造100,2019-04-25,=0.0163,=7748.4182,=0.0009,=16.9182,=0.8015,=10.3762,=13.0275,=14.2692,=16.8931,=20.9116,=2.8222,=0.8595,=1.6383,=2.0288,=2.2621,=2.5965,=3.3727,=1.9773,=0.9329,=0.9031,=1.2347,=1.4404,=1.6649,=2.1795,=0.0306,=0.8732,=0.0136,=0.0208,=0.0256,=0.0291,=0.0362,=0.0404,=0.1483,=0.0310,=344
="399348",深证价值,2009-11-04,=0.0141,=6463.3300,=-0.0090,=16.9331,=0.7398,=9.9756,=12.8084,=14.9077,=17.4978,=21.4453,=1.7463,=0.5464,=1.2527,=1.4911,=1.7202,=2.0963,=2.9268,=1.2946,=0.6652,=0.8306,=1.0363,=1.1851,=1.5180,=2.1193,=0.0290,=0.6932,=0.0153,=0.0217,=0.0266,=0.0308,=0.0407,=0.0245,=0.0871,=0.0201,=291
="H30095",医药红利,2013-07-02,,,=-0.0901,=16.9855,=0.1541,=14.6474,=17.2423,=19.6882,=27.1090,=34.8020,=1.7568,=0.1713,=1.4797,=1.7828,=2.4369,=3.1050,=4.2060,=0.9920,=0.2058,=0.7612,=0.9877,=1.5105,=2.0023,=2.8268,=0.0360,=0.9608,=0.0116,=0.0174,=0.0225,=0.0302,=0.0398,=0.0293,=0.1019,=0.0311,=93
="931587",500价值稳健,2020-11-09,=0.0162,=21152.0435,=-0.0362,=17.0028,=0.9485,=9.7530,=12.2140,=14.2234,=15.5678,=19.8926,=1.3698,=0.8721,=0.8925,=1.0571,=1.1584,=1.3120,=1.5437,=0.8128,=0.9956,=0.3384,=0.4605,=0.5125,=0.5866,=0.8345,=0.0350,=0.6882,=0.0250,=0.0297,=0.0336,=0.0360,=0.0456,=0.0221,=0.0672,=0.0198,=79
="000979",大宗商品,2011-08-22,=0.0192,=6567.0093,=-0.0321,=17.0383,=0.5534,=9.9333,=12.8903,=16.3478,=22.6800,=55.6298,=1.8337,=0.9493,=1.1381,=1.3703,=1.4887,=1.6308,=2.3336,=0.9962,=0.9546,=0.4909,=0.5833,=0.6997,=0.8322,=1.2291,=0.0282,=0.3872,=0.0088,=0.0253,=0.0307,=0.0396,=0.0489,=0.0335,=0.1029,=0.0285,=703
="930796",全球中国互联网,2016-04-22,=0.0188,=1646.6768,=-0.2446,=17.1002,=0.0226,=15.1718,=20.9729,=39.3252,=53.8907,=115.7107,=2.2692,=0.0261,=1.8023,=2.6481,=4.2404,=6.9373,=9.6202,=1.9313,=0.0219,=1.5064,=2.2723,=3.7677,=6.4304,=9.5215,=0.0107,=0.9858,=0.0008,=0.0013,=0.0019,=0.0078,=0.0121,,=0.1307,,=45
="399310",国证A50,2005-09-05,=0.0117,=8179.6100,=0.0203,=17.1541,=0.8495,=8.8433,=10.5644,=13.5744,=16.5021,=22.6576,=2.0474,=0.8062,=1.1237,=1.3077,=1.6747,=2.0398,=2.9417,=1.5257,=0.8165,=0.9633,=1.1376,=1.2440,=1.5105,=2.2769,=0.0243,=0.2190,=0.0160,=0.0240,=0.0295,=0.0317,=0.0370,=0.0272,=0.1076,=0.0263,=291
="931663",SHS消费龙头,2015-03-13,=0.0137,=1744.8336,=-0.1411,=17.1718,=0.0332,=14.4278,=20.1006,=26.6507,=37.1075,=57.5191,=2.8742,=0.0172,=2.5314,=3.4028,=4.3132,=6.1379,=13.5979,=1.8163,=0.1663,=1.3592,=1.8727,=2.3931,=3.4214,=7.5123,=0.0305,=0.9391,=0.0069,=0.0133,=0.0169,=0.0252,=0.0421,,=0.1411,,=222
="000937",中证公用,2009-07-03,=0.0003,=2540.6440,=0.0187,=17.1751,=0.3328,=13.4460,=16.5832,=18.6434,=21.1313,=46.5328,=1.7338,=0.4021,=1.3423,=1.6286,=1.7730,=1.9633,=2.2557,=1.6745,=0.6825,=1.2657,=1.4810,=1.5857,=1.7838,=3.2521,=0.0295,=0.8346,=0.0192,=0.0235,=0.0276,=0.0293,=0.0348,=0.0215,=0.0905,=0.0250,=335
="1000004",上海A股,1994-01-01,=0.0115,=3858.2500,=-0.0279,=17.2167,=0.9311,=10.8441,=12.9364,=14.2924,=16.1786,=18.4959,=1.4967,=0.5616,=1.1181,=1.3162,=1.4437,=1.5966,=1.8457,=1.5110,=0.9427,=0.9734,=1.0889,=1.2356,=1.4006,=1.6065,=0.0239,=0.4004,=0.0184,=0.0214,=0.0254,=0.0296,=0.0389,=0.0219,=0.0804,=0.0221,=4923
="399377",小盘价值,2010-01-04,=0.0149,=7442.0900,=-0.0332,=17.2501,=0.6933,=9.8385,=13.2773,=15.1881,=19.6342,=34.2299,=1.3045,=0.6422,=0.8997,=1.0824,=1.2374,=1.5601,=2.1990,=0.7366,=0.5367,=0.4594,=0.5454,=0.7121,=1.1810,=1.8295,=0.0288,=0.6838,=0.0113,=0.0194,=0.0257,=0.0310,=0.0386,=0.0183,=0.0578,=0.0162,=623
="399311",国证1000,2005-02-03,=0.0163,=5020.6300,=0.0127,=17.3108,=0.8907,=11.0854,=13.3222,=14.6208,=16.8040,=19.8966,=1.6498,=0.5872,=1.1918,=1.4217,=1.5927,=1.7986,=2.0383,=1.6008,=0.9410,=1.0112,=1.1700,=1.3059,=1.5267,=1.7074,=0.0233,=0.4470,=0.0172,=0.0199,=0.0239,=0.0282,=0.0380,=0.0236,=0.0857,=0.0233,=142
="930050",中证A50,2024-01-02,=0.0101,=1820.4096,=0.0184,=17.3719,=0.4895,=13.9812,=15.9892,=17.4021,=18.1230,=19.9330,=2.2103,=0.8255,=1.7817,=1.9691,=2.0913,=2.2029,=2.3759,=1.7304,=0.9919,=1.0165,=1.1283,=1.3674,=1.5695,=1.7441,=0.0278,=0.0953,=0.0260,=0.0287,=0.0297,=0.0308,=0.0348,=0.0291,=0.1115,=0.0275,=1011
="000510",中证A500,2024-09-23,=0.0153,=5790.9200,=0.0262,=17.4148,=0.8198,=12.2476,=14.4859,=16.1967,=17.3880,=18.3286,=1.7094,=0.7680,=1.2883,=1.4942,=1.6342,=1.7175,=1.7791,=1.5000,=0.7703,=1.0081,=1.2187,=1.3858,=1.5100,=1.5740,=0.0239,=0.1284,=0.0227,=0.0246,=0.0264,=0.0323,=0.0380,=0.0241,=0.0887,=0.0240,=2409
="000917",300公用,2007-07-02,=-0.0108,=2501.7230,=0.0165,=17.4813,=0.4247,=13.3250,=16.3737,=17.8538,=20.5953,=34.2477,=1.9387,=0.4507,=1.4019,=1.7092,=1.9733,=2.1718,=2.6347,=1.8966,=0.6495,=1.3139,=1.6332,=1.8147,=1.9943,=3.2322,=0.0313,=0.6763,=0.0191,=0.0239,=0.0299,=0.0326,=0.0390,=0.0223,=0.0974,=0.0266,=36
="399398",绩效指数,2012-11-19,=0.0179,=9942.8800,=-0.0617,=17.5215,=0.3868,=9.4274,=11.8273,=18.3600,=21.6274,=36.1591,=3.2889,=0.3860,=1.3709,=1.7809,=3.5798,=4.3854,=6.4752,=3.1964,=0.7076,=1.5728,=2.2270,=2.9049,=3.4328,=5.0073,=0.0371,=0.7839,=0.0140,=0.0234,=0.0323,=0.0374,=0.0430,=0.0495,=0.1771,=0.0433,=22
="000911",300可选,2007-07-02,=0.0042,=5579.0037,=-0.1567,=17.6192,=0.4087,=11.4175,=16.2611,=18.2503,=24.5366,=45.8432,=1.9286,=0.0169,=1.7502,=2.2749,=2.5441,=3.0218,=4.4626,=0.8798,=0.0854,=0.7162,=0.9538,=1.0986,=1.3297,=2.0518,=0.0289,=0.9468,=0.0117,=0.0177,=0.0226,=0.0263,=0.0325,=0.0241,=0.1159,=0.0309,=30
="931357",优选消费50,2019-11-15,=0.0121,=2475.0784,=-0.1745,=17.6410,=0.0278,=16.0077,=20.3821,=24.9507,=32.9780,=53.0529,=2.8288,=0.0201,=2.5395,=3.6645,=4.3493,=7.1459,=11.6208,=1.7616,=0.0142,=1.5982,=2.2912,=2.7091,=5.1914,=8.8232,=0.0261,=0.9864,=0.0058,=0.0100,=0.0143,=0.0200,=0.0287,,=0.1689,,=391
="932152",港股通成长策略,2025-04-30,=0.0115,=1138.4059,=-0.1397,=17.6689,=0.1217,=16.5252,=18.0412,=18.8388,=21.0955,=22.5567,=2.2772,=0.0921,=2.1900,=2.4464,=2.7106,=2.8243,=3.0449,=1.7055,=0.0461,=1.6549,=1.8959,=2.0899,=2.2146,=2.3595,=0.0207,=0.7928,=0.0152,=0.0174,=0.0192,=0.0208,=0.0248,,=0.1305,,=10
="000995",全指公用,2011-08-02,=0.0010,=2621.4040,=0.0149,=17.7207,=0.3278,=14.4124,=16.7452,=18.9182,=23.9608,=55.0107,=1.7421,=0.5414,=1.2839,=1.5403,=1.7266,=1.8686,=2.1268,=1.7650,=0.7922,=1.2094,=1.4214,=1.5276,=1.7843,=2.4023,=0.0279,=0.7823,=0.0172,=0.0230,=0.0259,=0.0281,=0.0321,=0.0217,=0.0896,=0.0244,=322
="932369",1000现金流,2024-11-12,,,=-0.1288,=17.7324,=0.2300,=16.0705,=17.6670,=18.4043,=19.3675,=21.4836,=1.4942,=0.0726,=1.4251,=1.5352,=1.6484,=1.7546,=1.8728,=0.8753,=0.1622,=0.8034,=0.8880,=1.0123,=1.0641,=1.3230,=0.0278,=0.6247,=0.0230,=0.0261,=0.0272,=0.0287,=0.0311,=0.0245,=0.0821,=0.0237,=59
="930838",CS高股息,2016-06-08,=0.0214,=6556.7823,=-0.0917,=17.7540,=0.4965,=10.7704,=14.2530,=17.7910,=22.5023,=29.5345,=3.3562,=0.7831,=1.8272,=2.3324,=2.8242,=3.4700,=5.4603,=3.1749,=0.6107,=1.6703,=2.0490,=2.4954,=3.7457,=5.1335,=0.0283,=0.5781,=0.0136,=0.0201,=0.0265,=0.0363,=0.0519,=0.0550,=0.1877,=0.0570,=172
="H11059",工业有色,2009-07-22,=0.0231,=3812.7155,=-0.0425,=17.9855,=0.3022,=10.0577,=14.6128,=27.6076,=53.1573,=131.1130,=3.3590,=0.8670,=1.4392,=1.9980,=2.4145,=3.1816,=4.9901,=1.2623,=0.9113,=0.5048,=0.7395,=0.8611,=1.1495,=1.8706,=0.0187,=0.7598,=0.0035,=0.0055,=0.0104,=0.0205,=0.0285,=0.0664,=0.1735,=0.0401,=136
="000903",中证A100,2006-05-29,=0.0099,=4639.9000,=0.0342,=18.0501,=0.9839,=9.4390,=11.2215,=12.5757,=14.4476,=18.7565,=1.9566,=0.9971,=1.1800,=1.3833,=1.5210,=1.6780,=1.9716,=1.6820,=0.9971,=0.9660,=1.1007,=1.2190,=1.3795,=1.7127,=0.0257,=0.1175,=0.0221,=0.0265,=0.0292,=0.0329,=0.0397,=0.0253,=0.0942,=0.0251,=3088
="000909",300材料,2007-07-02,=0.0167,=3690.9612,=-0.0995,=18.0945,=0.4920,=10.2722,=14.5958,=18.1864,=24.9295,=46384.3131,=2.5074,=0.8128,=1.4655,=1.7293,=2.0066,=2.4733,=3.8763,=1.2229,=0.7777,=0.6983,=0.8432,=0.9842,=1.2340,=1.9427,=0.0196,=0.4619,=0.0057,=0.0139,=0.0204,=0.0243,=0.0291,=0.0473,=0.1225,=0.0288,=17
="931897",绿色电力,2012-12-21,=0.0028,=1131.3504,=0.0449,=18.1330,=0.4573,=12.4356,=16.2010,=18.6145,=23.5753,=3316.8719,=1.7785,=0.7814,=1.0802,=1.3464,=1.6508,=1.7862,=2.0565,=1.8895,=0.8668,=0.8910,=1.1301,=1.2733,=1.7228,=2.6891,=0.0270,=0.7876,=0.0111,=0.0186,=0.0233,=0.0271,=0.0336,=0.0214,=0.0880,=0.0237,=175
="399991",一带一路,2015-02-16,=0.0182,=3285.4300,=0.1084,=18.1534,=0.7443,=9.4567,=11.6727,=14.1012,=19.4320,=34.5905,=1.6406,=0.9703,=1.0035,=1.1547,=1.2474,=1.4443,=1.7874,=0.7039,=0.9485,=0.3598,=0.4252,=0.4777,=0.6125,=0.7793,=0.0225,=0.2606,=0.0109,=0.0216,=0.0280,=0.0340,=0.0441,=0.0240,=0.0795,=0.0217,=580
="H30199",电力指数,2013-07-15,=0.0045,=2951.6976,=0.0459,=18.1535,=0.4082,=14.1448,=16.8859,=18.9726,=25.0122,=78.5133,=1.7558,=0.5946,=1.2472,=1.5161,=1.7172,=1.8429,=2.0960,=1.8361,=0.8268,=1.1507,=1.4427,=1.5879,=1.7831,=2.2389,=0.0271,=0.5753,=0.0166,=0.0223,=0.0267,=0.0284,=0.0333,=0.0213,=0.0878,=0.0244,=733
="931697",消费50策略,2021-07-12,=0.0166,=7088.3789,=-0.1668,=18.2635,=0.1507,=16.4104,=18.4790,=20.8317,=31.3232,=38.9422,=2.9606,=0.0393,=2.6840,=3.5166,=3.8673,=5.2020,=7.0736,=1.5923,=0.0434,=1.4635,=1.7603,=1.9251,=2.8491,=3.5305,=0.0373,=0.9812,=0.0120,=0.0156,=0.0241,=0.0315,=0.0403,=0.0408,=0.1608,=0.0542,=62
="000918",300成长,2008-01-21,=0.0163,=5496.6931,=0.0803,=18.2708,=0.7167,=11.6107,=14.4136,=16.7673,=20.6304,=29.9826,=2.7312,=0.4771,=1.8759,=2.3073,=2.7999,=4.3091,=6.1771,=2.7384,=0.8412,=1.1680,=1.5324,=1.7794,=2.6185,=3.9548,=0.0177,=0.4243,=0.0081,=0.0139,=0.0186,=0.0238,=0.0310,=0.0348,=0.1486,=0.0340,=795
="931442",SHS科技100,2020-04-21,=0.0100,=9609.5925,=-0.1070,=18.3206,=0.4057,=11.6240,=15.1011,=19.4578,=24.6289,=40.7731,=2.6604,=0.5161,=1.5813,=1.9756,=2.6226,=4.0654,=6.9092,=1.8049,=0.5312,=1.0913,=1.4368,=1.7473,=2.5441,=5.0819,=0.0157,=0.5950,=0.0042,=0.0087,=0.0136,=0.0221,=0.0322,,=0.1199,,=27
="931588",1000价值稳健,2020-11-09,=0.0198,=32655.4301,=-0.0889,=18.3861,=0.4875,=12.8074,=16.7467,=18.4777,=20.5488,=25.6024,=1.3296,=0.3007,=1.0253,=1.2773,=1.4312,=1.5599,=1.9102,=0.7606,=0.9316,=0.4756,=0.5544,=0.6288,=0.6970,=0.8427,=0.0280,=0.7346,=0.0168,=0.0206,=0.0250,=0.0291,=0.0392,=0.0162,=0.0641,=0.0212,=107
="H30094",消费红利,2013-07-02,=0.0121,=29398.3998,=-0.2085,=18.4377,=0.0412,=16.2060,=20.6309,=27.7746,=33.4547,=59.6542,=3.5473,=0.0186,=3.1510,=4.3764,=5.3356,=6.7479,=11.0368,=3.9215,=0.3753,=2.0635,=3.3091,=4.3055,=5.3148,=8.4259,=0.0453,=0.9901,=0.0123,=0.0178,=0.0222,=0.0342,=0.0491,=0.0717,=0.1905,=0.0792,=2153
="399324",深证红利,2006-01-24,=0.0170,=8427.0500,=-0.0791,=18.5412,=0.8680,=11.7065,=14.5617,=15.8009,=17.8350,=23.4132,=2.9281,=0.9163,=1.2884,=1.9036,=2.2094,=2.5198,=3.7254,=1.9275,=0.7460,=1.1033,=1.3622,=1.7475,=1.9654,=2.8578,=0.0329,=0.7637,=0.0151,=0.0225,=0.0278,=0.0353,=0.0452,=0.0424,=0.1345,=0.0450,=5220
="000811",细分有色,2012-04-11,=0.0201,=10315.2865,=-0.0931,=18.6734,=0.2445,=13.5118,=17.9652,=29.6698,=56.7069,=305.9562,=3.2205,=0.8326,=1.7438,=2.0869,=2.5621,=3.1537,=4.8073,=1.2599,=0.8779,=0.6338,=0.7856,=0.9037,=1.1868,=1.9173,=0.0169,=0.7876,=0.0033,=0.0056,=0.0102,=0.0172,=0.0234,=0.0611,=0.1531,=0.0352,=193
="000931",中证可选,2009-07-03,=0.0135,=5098.8590,=-0.1795,=18.6918,=0.2627,=12.9961,=17.9577,=20.1457,=26.0964,=47.1695,=2.0157,=0.1023,=1.6991,=2.1188,=2.4915,=2.8057,=3.7874,=0.9317,=0.1600,=0.7260,=0.9677,=1.1140,=1.2818,=1.9265,=0.0274,=0.9584,=0.0120,=0.0178,=0.0208,=0.0247,=0.0298,=0.0252,=0.1143,=0.0305,=839
="932420",智选船舶产业,2025-05-28,=0.0160,=1360.8444,=-0.0584,=18.7332,=0.6737,=12.9248,=14.1328,=16.5390,=19.7715,=21.8048,=1.3713,=0.6877,=1.1414,=1.2422,=1.2944,=1.4075,=1.5726,=0.9896,=0.6246,=0.8043,=0.8817,=0.9432,=1.0351,=1.1519,=0.0260,=0.3018,=0.0219,=0.0251,=0.0304,=0.0319,=0.0350,=0.0198,=0.0735,,=14
="000126",消费50,2011-12-09,=0.0070,=6387.1100,=-0.2318,=18.7901,=0.0767,=15.1608,=20.3024,=22.8715,=32.8709,=57.2206,=2.5643,=0.0355,=2.2360,=3.0009,=3.4010,=4.8666,=7.3797,=1.4130,=0.2911,=0.9155,=1.2683,=1.8266,=2.6426,=3.8011,=0.0357,=0.9905,=0.0091,=0.0134,=0.0210,=0.0276,=0.0382,=0.0406,=0.1407,=0.0455,=83
="000942",内地消费,2009-10-28,=0.0045,=8547.9976,=-0.1638,=18.9112,=0.2338,=14.4412,=18.7219,=21.7495,=33.3379,=52.6356,=2.6102,=0.0194,=2.3718,=3.1325,=3.6914,=5.0424,=7.7211,=1.4135,=0.1447,=1.1096,=1.4982,=1.7720,=2.5493,=4.1228,=0.0352,=0.9868,=0.0093,=0.0147,=0.0214,=0.0280,=0.0381,=0.0371,=0.1426,=0.0493,=764
="931892",有色矿业,2013-07-15,=0.0222,=3689.1909,=-0.0699,=18.9806,=0.2120,=13.1272,=18.5704,=30.9815,=56.2399,=131.9594,=3.4553,=0.8841,=1.7020,=2.1368,=2.5382,=3.1833,=5.3430,=1.3064,=0.8697,=0.6092,=0.7896,=0.9201,=1.2311,=2.0391,=0.0157,=0.7559,=0.0026,=0.0056,=0.0093,=0.0169,=0.0229,=0.0653,=0.1630,=0.0363,=189
="930708",中证有色,2015-07-13,=0.0216,=2804.6580,=-0.0906,=19.0062,=0.2408,=13.9228,=18.3787,=29.9702,=57.6653,=410.8504,=3.1336,=0.7880,=1.7134,=2.0956,=2.5624,=3.1544,=4.7639,=1.1394,=0.7497,=0.6123,=0.7796,=0.8961,=1.1950,=1.7984,=0.0165,=0.7852,=0.0032,=0.0056,=0.0100,=0.0168,=0.0233,=0.0592,=0.1479,=0.0346,=524
="399395",国证有色,2012-10-29,=0.0228,=8920.2800,=-0.0776,=19.1580,=0.2726,=12.7731,=17.8511,=28.3383,=55.1945,=315.7327,=3.2601,=0.8730,=1.7304,=2.0833,=2.5062,=3.0874,=4.8522,=1.2988,=0.9146,=0.6150,=0.7945,=0.9084,=1.1709,=1.9521,=0.0168,=0.7633,=0.0031,=0.0056,=0.0101,=0.0178,=0.0242,=0.0618,=0.1543,=0.0354,=663
="000819",有色金属,2012-05-09,=0.0225,=8560.8100,=-0.0837,=19.1866,=0.2726,=12.4710,=17.7448,=28.2135,=54.0212,=198.7499,=3.3901,=0.8503,=1.7791,=2.1409,=2.6245,=3.2622,=4.9698,=1.3304,=0.8577,=0.6317,=0.8246,=0.9660,=1.2827,=1.9863,=0.0170,=0.7546,=0.0033,=0.0059,=0.0106,=0.0185,=0.0249,=0.0625,=0.1569,=0.0361,=2008
="399987",中证酒,2014-12-10,=0.0072,=3830.8300,=-0.2335,=19.2120,=0.0915,=16.5000,=20.8978,=30.5274,=38.5048,=71.4257,=3.8967,=0.0194,=3.3943,=4.9102,=6.4715,=8.9992,=15.9495,=5.9466,=0.0746,=5.0607,=6.4801,=8.3135,=11.8299,=21.4371,=0.0446,=0.9901,=0.0067,=0.0114,=0.0162,=0.0314,=0.0485,=0.0789,=0.2043,=0.0944,=2766
="399997",中证白酒,2015-01-21,=0.0086,=6472.2800,=-0.2614,=19.2651,=0.1167,=16.2418,=20.5067,=29.7049,=37.9971,=71.4432,=4.0808,=0.0198,=3.5435,=5.2056,=7.2708,=9.8068,=17.8607,=6.7514,=0.0639,=5.9830,=7.2855,=9.8399,=13.6521,=24.8964,=0.0454,=0.9897,=0.0066,=0.0115,=0.0169,=0.0321,=0.0495,=0.0833,=0.2121,=0.1013,=7733
="000910",300工业,2007-07-02,=0.0196,=2350.2415,=-0.0707,=19.3032,=0.5604,=12.1074,=14.2223,=18.6689,=21.7507,=26.7473,=1.6387,=0.3740,=1.2960,=1.5013,=1.7685,=2.0927,=2.8598,=0.7678,=0.6643,=0.4726,=0.5803,=0.7069,=0.8049,=1.0995,=0.0214,=0.7414,=0.0079,=0.0123,=0.0178,=0.0223,=0.0295,=0.0196,=0.0738,=0.0177,=14
="931067",绩优策略,2018-02-14,=0.0203,=8179.1242,=0.0753,=19.3275,=0.5638,=10.5807,=14.7669,=18.6691,=26.8294,=44.0015,=5.3045,=0.5702,=3.5566,=4.2907,=5.0350,=7.4456,=11.8571,=3.1260,=0.6279,=2.1909,=2.5294,=2.8805,=4.8696,=8.6201,=0.0207,=0.4856,=0.0082,=0.0135,=0.0215,=0.0297,=0.0455,=0.0562,=0.2359,=0.0578,=26
="931637",港股通互联网,2021-01-11,=0.0248,=738.9764,=-0.2711,=19.3440,=0.0484,=16.9805,=23.0642,=27.9608,=41.2964,=87.7368,=2.4518,=0.0249,=2.0886,=3.0244,=3.4056,=4.1831,=11.7021,=2.4569,=0.0322,=2.0583,=2.9087,=3.3907,=4.3511,=11.5370,=0.0107,=0.9956,=0.0011,=0.0025,=0.0050,=0.0076,=0.0111,,,,=280
="930794",中美互联网,2016-04-22,,,=-0.1881,=19.5018,=0.0004,=19.4826,=27.9993,=32.4687,=38.0931,=50.5410,=5.1096,=0.1114,=3.5920,=5.6984,=6.5716,=7.5414,=9.2259,=4.3772,=0.3076,=2.2940,=3.8795,=4.8591,=5.5740,=7.0802,=0.0029,=0.6912,=0.0004,=0.0006,=0.0017,=0.0033,=0.0053,,=0.2458,,=425
="932367",500现金流,2024-11-12,=0.0147,=3411.7570,=-0.0677,=19.5084,=0.9201,=12.7635,=14.0884,=16.9311,=18.7234,=20.8865,=1.5304,=0.0726,=1.4139,=1.6477,=1.7480,=1.9793,=2.3672,=0.9126,=0.0678,=0.8544,=1.0763,=1.2313,=1.2844,=1.4394,=0.0316,=0.4770,=0.0247,=0.0287,=0.0318,=0.0368,=0.0403,=0.0308,=0.1139,=0.0305,=124
="000036",上证消费,2009-01-09,=0.0046,=9226.2500,=-0.1497,=19.5263,=0.0148,=17.8817,=22.9032,=31.6716,=40.5919,=69.3963,=4.4679,=0.1072,=3.7240,=5.2318,=6.5399,=9.2057,=14.9810,=4.1967,=0.2334,=1.9092,=3.9565,=4.8722,=7.3411,=10.9001,=0.0393,=0.9889,=0.0071,=0.0114,=0.0157,=0.0303,=0.0429,=0.0773,=0.2393,=0.0858,=2319
="930939",500质量,2018-11-21,=0.0202,=23042.0531,=0.0855,=19.6037,=0.8157,=10.4098,=13.9929,=16.0740,=19.3571,=27.8330,=2.2763,=0.5922,=1.6614,=2.0695,=2.2327,=2.4885,=3.9191,=2.0543,=0.9215,=0.9583,=1.1979,=1.4542,=1.8067,=2.9319,=0.0175,=0.3219,=0.0117,=0.0164,=0.0197,=0.0253,=0.0319,=0.0308,=0.1144,=0.0291,=462
="931142",东证竞争,2019-03-20,=0.0148,=1975.2611,=0.0615,=19.6107,=0.9047,=9.8569,=11.9401,=14.0410,=16.1037,=27.8877,=3.0054,=0.8514,=1.5408,=1.7321,=2.0717,=2.6222,=4.6703,=2.9537,=0.9041,=0.9384,=1.2737,=1.7072,=2.2694,=3.1903,=0.0242,=0.3494,=0.0120,=0.0222,=0.0263,=0.0329,=0.0399,=0.0415,=0.1629,=0.0397,=215
="000807",食品饮料,2012-02-17,=0.0014,=15101.3289,=-0.1740,=19.6210,=0.0458,=16.7498,=21.5396,=30.4186,=37.6314,=67.1514,=3.8199,=0.0190,=3.4269,=4.7781,=6.2643,=8.2580,=14.6770,=4.3457,=0.1336,=3.6682,=4.5270,=5.6636,=7.6740,=12.7454,=0.0430,=0.9901,=0.0077,=0.0131,=0.0185,=0.0315,=0.0463,=0.0738,=0.1953,=0.0849,=4285
="000912",300消费,2007-07-02,=-0.0028,=17654.7989,=-0.1490,=19.7683,=0.1093,=17.5697,=22.6491,=28.6958,=38.6920,=71.0374,=3.7001,=0.0351,=3.2494,=4.6699,=6.3986,=8.3233,=13.2137,=2.8678,=0.0701,=1.9809,=3.1977,=4.1912,=5.5033,=9.3193,=0.0430,=0.9885,=0.0078,=0.0128,=0.0188,=0.0285,=0.0471,=0.0602,=0.1878,=0.0812,=783
="399438",绿色电力,2014-12-30,=0.0055,=2060.6600,=0.0348,=19.8058,=0.6016,=13.5016,=16.7467,=19.0737,=22.0380,=41.2289,=1.8799,=0.6957,=1.2516,=1.5034,=1.7982,=1.9344,=2.3077,=2.1915,=0.9439,=1.1906,=1.4256,=1.8236,=2.0486,=3.6995,=0.0255,=0.3934,=0.0163,=0.0221,=0.0268,=0.0295,=0.0348,=0.0222,=0.0881,=0.0248,=212
="000815",细分食品,2012-04-11,=0.0004,=15400.9198,=-0.1779,=19.9539,=0.0763,=16.6089,=21.5249,=30.6741,=37.4251,=68.5596,=3.7493,=0.0190,=3.3595,=4.7307,=6.1938,=8.2709,=14.7926,=4.4068,=0.0462,=4.0083,=4.9234,=6.1115,=8.3455,=14.4971,=0.0419,=0.9893,=0.0072,=0.0123,=0.0164,=0.0310,=0.0452,=0.0708,=0.1902,=0.0845,=774
="931646",SHS新消费,2021-04-07,=0.0305,=1398.0702,=-0.2625,=20.0815,=0.0663,=17.0652,=22.7229,=26.0353,=30.6711,=45.1728,=2.5754,=0.0149,=2.2638,=3.1503,=3.5947,=4.1537,=7.2085,=2.5811,=0.0156,=2.2716,=3.2004,=3.7169,=4.2131,=7.0452,=0.0107,=0.9717,=0.0024,=0.0044,=0.0065,=0.0084,=0.0121,,=0.1302,,=4
="930746",港中小企,2015-08-26,=0.0086,=2269.8349,=-0.1560,=20.1487,=0.8924,=7.8499,=11.1083,=14.2433,=18.1496,=36.0739,=0.9269,=0.3615,=0.6829,=0.8307,=1.0765,=1.2269,=1.6951,=0.6681,=0.4594,=0.3939,=0.5280,=0.6854,=0.8172,=1.1520,=0.0378,=0.6037,=0.0210,=0.0266,=0.0333,=0.0436,=0.0585,,=0.0299,,=209
="000932",中证消费,2009-07-03,=0.0049,=12472.0500,=-0.1821,=20.2335,=0.1101,=18.2526,=22.8982,=29.2776,=38.6663,=67.7039,=3.4639,=0.0190,=3.0877,=4.2746,=5.3624,=7.0320,=11.1990,=2.6684,=0.0594,=2.0221,=2.9575,=3.5969,=4.6842,=7.7724,=0.0411,=0.9893,=0.0082,=0.0130,=0.0174,=0.0285,=0.0448,=0.0540,=0.1726,=0.0732,=12448
="930782",500SNLV,2016-02-04,=0.0169,=19176.3549,=0.0204,=20.2698,=0.5245,=13.0617,=17.6555,=20.0428,=24.3579,=33.4651,=1.6559,=0.7221,=1.0996,=1.3464,=1.4745,=1.8252,=2.6374,=1.2728,=0.7377,=0.5914,=0.8056,=0.8890,=1.4057,=2.0883,=0.0236,=0.8866,=0.0090,=0.0133,=0.0202,=0.0228,=0.0271,=0.0229,=0.0820,=0.0170,=1375
="399396",国证食品,2012-10-29,=0.0013,=14432.2300,=-0.1739,=20.3873,=0.0557,=17.1702,=21.9883,=30.0929,=37.3108,=66.0937,=3.6091,=0.0190,=3.2471,=4.5896,=6.1028,=7.6300,=14.3214,=3.3868,=0.0111,=3.1290,=3.9691,=5.0529,=6.2477,=12.4529,=0.0408,=0.9893,=0.0078,=0.0130,=0.0186,=0.0305,=0.0441,=0.0671,=0.1761,=0.0767,=1612
="931000",大湾区,2017-07-19,=0.0236,=1739.8428,=-0.0164,=20.6089,=0.9338,=11.8370,=14.5547,=16.2416,=19.0761,=23.4463,=2.1074,=0.5322,=1.3750,=1.7676,=2.0734,=2.5485,=3.2666,=1.5892,=0.5349,=1.1015,=1.3348,=1.5629,=1.8710,=2.5221,=0.0220,=0.4957,=0.0138,=0.0173,=0.0221,=0.0261,=0.0341,=0.0236,=0.0809,=0.0227,=12
="931481",SHS线上消费,2020-05-06,=0.0259,=833.6506,=-0.2486,=20.6643,=0.0572,=17.8858,=23.5028,=29.8146,=46.8211,=121.3257,=2.4916,=0.0121,=2.2334,=3.1304,=3.5473,=4.8596,=9.8961,=2.5536,=0.1049,=2.0492,=2.7620,=3.2956,=4.3301,=7.8524,=0.0108,=0.9708,=0.0020,=0.0032,=0.0056,=0.0086,=0.0119,,=0.1066,,=64
="000989",全指可选,2011-08-02,=0.0154,=4586.4400,=-0.1800,=20.6733,=0.2231,=14.8205,=20.3628,=24.2592,=30.9883,=46.1708,=2.0990,=0.1876,=1.6599,=2.1164,=2.4988,=2.8344,=3.2491,=0.9639,=0.1130,=0.8200,=1.0071,=1.1606,=1.4484,=1.7628,=0.0256,=0.9658,=0.0123,=0.0152,=0.0184,=0.0234,=0.0287,=0.0237,=0.1045,=0.0284,=1299
="399990",煤炭等权,2015-01-21,=0.0109,=3258.1400,=0.1343,=20.9070,=0.9056,=5.7123,=8.6087,=10.6436,=15.4144,=347.5369,=1.7070,=0.9130,=0.8179,=1.1204,=1.3709,=1.6080,=2.0135,=1.8678,=0.9658,=0.6732,=0.9175,=1.1213,=1.4627,=2.2100,=0.0322,=0.1002,=0.0074,=0.0368,=0.0548,=0.0638,=0.1003,=0.0229,=0.0912,=0.0239,=241
="399998",中证煤炭,2015-02-13,=0.0051,=2247.2500,=0.1397,=20.9070,=0.9056,=5.7123,=8.6087,=10.6436,=15.4144,=347.5369,=1.7070,=0.9130,=0.8179,=1.1204,=1.3709,=1.6080,=2.0135,=1.8678,=0.9658,=0.6732,=0.9175,=1.1213,=1.4627,=2.2100,=0.0322,=0.1002,=0.0074,=0.0368,=0.0548,=0.0638,=0.1003,=0.0229,=0.0912,=0.0239,=2104
="930653",CS食品饮,2015-06-05,=0.0056,=12394.9932,=-0.1788,=21.0508,=0.0548,=17.6031,=22.7476,=31.2780,=38.3114,=65.8842,=3.4049,=0.0165,=3.1030,=4.4203,=5.7100,=7.1300,=12.9907,=3.1416,=0.0124,=2.9247,=3.8249,=4.7671,=5.8503,=11.4166,=0.0396,=0.9901,=0.0078,=0.0127,=0.0178,=0.0298,=0.0425,=0.0615,=0.1583,=0.0705,=900
="HSIII",恒生互联网科技业指数,2020-07-20,=0.0226,=2274.2700,=-0.2255,=21.1690,=0.1541,=12.6629,=22.2923,=35.0372,=47.7321,=309808.9839,=2.3362,=0.0833,=1.7026,=2.5624,=4.0965,=6.1191,=8.5704,=1.8134,=0.0854,=1.1940,=1.9934,=2.4286,=3.5799,=5.1261,=0.0106,=0.8760,=0.0015,=0.0029,=0.0054,=0.0097,=0.0133,,=0.1223,,=2035
="000985",中证全指,2011-08-02,=0.0212,=5807.7998,=-0.0188,=21.2440,=0.8796,=12.6044,=15.9637,=17.6530,=20.3818,=23.7678,=1.7595,=0.5452,=1.2581,=1.5484,=1.7142,=1.9533,=2.1557,=1.6250,=0.7691,=1.0381,=1.2268,=1.3874,=1.6477,=1.8438,=0.0203,=0.4647,=0.0148,=0.0174,=0.0207,=0.0240,=0.0333,=0.0216,=0.0749,=0.0212,=706
="930625",SHS互联网,2015-04-21,=0.0245,=2339.0141,=-0.2296,=21.2855,=0.0225,=18.8995,=27.0494,=35.2604,=50.7323,=84.5605,=2.5931,=0.0071,=2.3016,=3.4684,=4.9354,=6.6506,=9.2961,=2.5948,=0.0087,=2.3041,=3.4454,=4.3179,=5.8163,=8.7946,=0.0098,=0.9814,=0.0016,=0.0028,=0.0036,=0.0069,=0.0110,,=0.1125,,=329
="930903",中证A股,2016-10-18,=0.0212,=4001.7442,=-0.0195,=21.2941,=0.8641,=12.9620,=16.2633,=17.7892,=20.5985,=23.9680,=1.7610,=0.5602,=1.2607,=1.5536,=1.7106,=1.9458,=2.2108,=1.6274,=0.7855,=1.0406,=1.2323,=1.3796,=1.6388,=1.9264,=0.0203,=0.4729,=0.0139,=0.0174,=0.0206,=0.0237,=0.0332,=0.0216,=0.0748,=0.0212,=16
="000929",中证材料,2009-07-03,=0.0225,=4177.8380,=-0.0639,=21.3904,=0.6326,=9.9126,=14.1083,=19.5201,=24.8794,=667.1008,=2.3768,=0.8425,=1.3680,=1.6188,=1.9046,=2.3009,=3.1607,=1.1765,=0.7823,=0.6315,=0.7658,=0.8823,=1.1895,=1.5845,=0.0174,=0.4186,=0.0058,=0.0132,=0.0200,=0.0239,=0.0294,=0.0399,=0.1037,=0.0230,=525
="000990",全指消费,2011-08-02,=0.0032,=10489.0138,=-0.1761,=21.4100,=0.1485,=18.6483,=23.3649,=30.6208,=39.1217,=75.7240,=3.4055,=0.0190,=3.0373,=4.0716,=4.9947,=6.2867,=9.6579,=2.4814,=0.0668,=2.2209,=2.7731,=3.3220,=4.0947,=6.6514,=0.0395,=0.9880,=0.0082,=0.0125,=0.0157,=0.0281,=0.0432,=0.0524,=0.1676,=0.0712,=3845
="930641",中证中药,2015-05-19,=0.0252,=8831.4274,=-0.0718,=21.6699,=0.0623,=17.1921,=24.0845,=28.9433,=32.8246,=45.5431,=2.0973,=0.0219,=1.8142,=2.4738,=2.9341,=3.5235,=4.0837,=2.2314,=0.0289,=1.9582,=2.4386,=2.8163,=3.5745,=4.5776,=0.0370,=0.9839,=0.0073,=0.0118,=0.0163,=0.0248,=0.0421,=0.0326,=0.0928,=0.0347,=892
="HSSCITI",恒生港股通科技主题指数,2023-07-01,=0.0195,=2485.2800,=-0.1473,=21.7663,=0.2330,=15.2810,=21.1596,=23.8274,=26.9701,=33.8690,=2.6407,=0.1505,=2.1914,=2.7058,=2.9269,=3.4144,=4.1810,=2.2225,=0.5739,=1.5305,=1.8442,=2.1251,=2.7224,=3.5648,=0.0098,=0.9308,=0.0061,=0.0075,=0.0084,=0.0090,=0.0106,,=0.1200,,=85
="HSSCT",恒生港股通中国科技指数,2020-02-01,=0.0209,=6349.8600,=-0.1535,=21.8124,=0.1867,=15.0039,=21.9365,=24.7883,=32.3115,=55.7647,=2.6281,=0.1924,=1.8368,=2.6325,=3.0280,=4.6388,=8.0840,=2.2247,=0.4330,=1.1354,=1.8410,=2.3211,=3.2023,=6.0217,=0.0097,=0.9336,=0.0020,=0.0040,=0.0070,=0.0088,=0.0108,,=0.1156,,=100
="000963",中证下游,2010-04-16,,,=-0.1248,=21.8862,=0.1423,=17.2626,=22.2800,=25.2732,=33.1012,=51.0836,=2.2501,=0.0202,=2.0766,=2.5749,=3.0648,=3.4358,=5.6334,=1.4825,=0.0788,=1.2209,=1.6100,=1.7645,=2.0795,=3.4797,=0.0294,=0.9786,=0.0087,=0.0135,=0.0160,=0.0262,=0.0315,=0.0267,=0.0958,=0.0301,=28
="931752",工程机械主题,2021-09-27,=0.0082,=2370.9803,=-0.0595,=22.1116,=0.5985,=13.6456,=18.5052,=21.2368,=24.3532,=27.9581,=2.0283,=0.7252,=1.2593,=1.5758,=1.7200,=2.1231,=2.6511,=1.2247,=0.7637,=0.7133,=0.9154,=1.0196,=1.2947,=1.6462,=0.0222,=0.8022,=0.0151,=0.0190,=0.0207,=0.0222,=0.0284,=0.0241,=0.0958,=0.0272,=101
="000904",中证200,2007-01-15,=0.0171,=5758.0775,=0.0192,=22.1423,=0.9344,=11.9474,=14.9318,=16.7919,=19.3613,=25.2311,=1.7824,=0.5369,=1.2748,=1.5010,=1.7445,=2.0647,=2.3407,=1.2903,=0.1979,=1.0540,=1.2913,=1.4230,=1.6943,=2.1135,=0.0225,=0.6214,=0.0136,=0.0162,=0.0204,=0.0259,=0.0372,=0.0231,=0.0739,=0.0238,=720
="000069",消费80,2010-05-28,=0.0075,=4246.3600,=-0.1349,=22.2220,=0.1868,=16.4356,=22.2880,=24.9042,=33.0497,=60.5019,=2.9673,=0.1010,=2.4642,=3.1938,=3.5466,=4.8097,=7.6372,=1.7945,=0.4214,=1.0743,=1.5025,=1.9152,=2.7436,=3.8795,=0.0271,=0.9761,=0.0078,=0.0117,=0.0182,=0.0233,=0.0296,=0.0378,=0.1324,=0.0420,=939
="1000002",A股全指,1994-01-01,=0.0212,=5807.7998,=-0.0188,=22.2389,=0.8924,=12.9500,=16.6929,=18.4845,=21.5100,=25.0020,=1.7999,=0.5596,=1.2633,=1.5740,=1.7419,=2.0100,=2.1910,=1.6603,=0.7860,=1.0499,=1.2419,=1.3988,=1.6723,=1.9034,=0.0198,=0.4449,=0.0142,=0.0166,=0.0205,=0.0235,=0.0329,=0.0215,=0.0745,=0.0211,=7952
="399372",大盘成长,2010-01-04,=0.0186,=5533.0700,=0.0497,=22.3469,=0.6928,=14.0194,=17.3067,=20.4162,=25.3722,=45.9159,=4.2583,=0.7381,=1.9139,=2.5099,=3.0469,=5.3725,=9.5601,=2.3459,=0.3699,=1.2183,=1.8035,=2.6142,=3.4508,=6.6651,=0.0164,=0.4392,=0.0069,=0.0115,=0.0171,=0.0232,=0.0308,=0.0399,=0.1447,=0.0379,=317
="000813",细分化工,2012-04-11,=0.0225,=3609.1838,=-0.0534,=22.3674,=0.5282,=11.4329,=16.5252,=21.8675,=27.9132,=42.1751,=2.5331,=0.4763,=1.6736,=2.0410,=2.5959,=3.0938,=4.9148,=1.4215,=0.5155,=0.8896,=1.1114,=1.3997,=1.9571,=3.1071,=0.0159,=0.4701,=0.0059,=0.0107,=0.0165,=0.0201,=0.0259,=0.0394,=0.0961,=0.0234,=975
="HSSCNE",恒生港股通新经济指数,2018-01-08,=0.0142,=3711.2500,=-0.1363,=22.4592,=0.3346,=15.8046,=20.7578,=24.0433,=28.4174,=53.5009,=2.7221,=0.4377,=1.7963,=2.2555,=2.8221,=3.4713,=6.9059,=1.9332,=0.4363,=1.4023,=1.7305,=1.9913,=2.5530,=5.3019,=0.0110,=0.5347,=0.0041,=0.0086,=0.0108,=0.0166,=0.0252,,=0.1249,,=205
="H30015",800汽车,2012-12-21,=0.0142,=7682.4402,=-0.2365,=22.4701,=0.4829,=11.4503,=15.3626,=22.7755,=31.8612,=45.6288,=1.8765,=0.2458,=1.3220,=1.7478,=2.1754,=2.4572,=3.4622,=0.7948,=0.3959,=0.5106,=0.6736,=0.8525,=1.0480,=1.4573,=0.0168,=0.4973,=0.0097,=0.0134,=0.0168,=0.0286,=0.0411,=0.0155,=0.0922,=0.0213,=190
="000930",中证工业,2009-07-03,=0.0209,=3267.8716,=-0.0683,=22.5242,=0.6816,=13.1747,=16.3715,=20.2819,=24.0051,=30.4087,=1.8128,=0.4520,=1.3752,=1.5614,=1.8588,=2.1245,=2.6342,=0.8564,=0.7299,=0.5311,=0.6373,=0.7618,=0.8873,=1.0502,=0.0191,=0.7398,=0.0090,=0.0114,=0.0159,=0.0203,=0.0262,=0.0191,=0.0679,=0.0169,=322
="399701",深证F60,2010-05-10,=0.0126,=7742.6600,=-0.0250,=22.5395,=0.8318,=12.1841,=17.0099,=19.8858,=22.2299,=29.1141,=2.1140,=0.3856,=1.6712,=2.0189,=2.1831,=2.5392,=3.7270,=1.3873,=0.5472,=1.0125,=1.2363,=1.3634,=1.5636,=2.4139,=0.0253,=0.8342,=0.0118,=0.0177,=0.0206,=0.0247,=0.0310,=0.0232,=0.0664,=0.0243,=1679
="931829",中证回购,2023-10-17,,,=-0.0705,=22.5551,=0.2452,=16.8171,=22.1078,=25.4756,=34.3532,=40.4937,=2.1248,=0.8886,=1.3801,=1.5699,=1.7423,=1.9921,=2.3571,=0.8328,=0.0817,=0.7604,=0.9444,=1.0130,=1.1495,=1.4917,=0.0273,=0.9733,=0.0146,=0.0163,=0.0207,=0.0234,=0.0283,=0.0242,=0.0495,=0.0133,=38
="931470",SHS云计算,2020-04-21,=0.0186,=3932.1632,=0.0658,=22.5614,=0.2921,=13.2694,=20.1475,=25.0595,=31.2410,=62.1875,=3.3873,=0.1823,=2.5281,=3.4332,=3.8757,=5.7102,=9.6099,=3.5480,=0.0700,=2.7843,=3.8472,=4.4672,=6.3891,=10.5654,=0.0079,=0.7552,=0.0018,=0.0031,=0.0060,=0.0083,=0.0114,,=0.1294,,=46
="931027",港股通大消费,2017-11-06,=0.0091,=2818.9456,=-0.0956,=22.6265,=0.3648,=14.6383,=20.4420,=25.2769,=51.5307,=105.3721,=2.6602,=0.1210,=2.2514,=2.8532,=3.2413,=4.3294,=9.1499,=1.5755,=0.3453,=1.0973,=1.4398,=1.7625,=2.4859,=5.7985,=0.0215,=0.7217,=0.0056,=0.0113,=0.0177,=0.0230,=0.0323,,=0.1064,,=46
="HSTECH",恒生科技指数,2020-07-01,=0.0157,=4702.0500,=-0.1476,=22.7420,=0.2972,=14.7293,=21.7939,=26.0746,=42.0029,=73.7725,=2.5394,=0.3284,=1.7280,=2.3857,=2.7908,=3.7509,=8.3408,=1.6388,=0.1259,=1.2545,=1.7128,=2.0299,=3.1732,=6.6932,=0.0122,=0.9513,=0.0010,=0.0021,=0.0060,=0.0108,=0.0135,,=0.1208,,=7316
="000987",全指材料,2011-08-02,=0.0252,=4732.6900,=-0.0555,=22.7746,=0.6066,=11.8534,=16.4330,=21.1218,=27.7734,=1313.4345,=2.4003,=0.7043,=1.3547,=1.6741,=2.0387,=2.5038,=3.3213,=1.1933,=0.6652,=0.6546,=0.8399,=1.0190,=1.3422,=1.7398,=0.0163,=0.4433,=0.0046,=0.0119,=0.0172,=0.0209,=0.0269,=0.0340,=0.0892,=0.0206,=389
="930901",动漫游戏,2016-10-18,=0.0305,=1499.8101,=-0.2915,=22.8871,=0.0539,=17.2478,=29.4331,=42.0494,=257.2010,=4647.5377,=2.8443,=0.4709,=1.7335,=2.2988,=2.9062,=4.0586,=7.9690,=3.6892,=0.1146,=2.8663,=4.1699,=4.9878,=6.8089,=10.0355,=0.0177,=0.8993,=0.0031,=0.0055,=0.0088,=0.0148,=0.0282,=0.0360,=0.1150,=0.0336,=857
="399365",国证粮食,2009-11-04,=0.0168,=10837.4800,=-0.2001,=23.1836,=0.3361,=13.3311,=20.2221,=27.0332,=35.2364,=54.5886,=2.0874,=0.2173,=1.6393,=2.0561,=4.0886,=6.4747,=11.3501,=0.8317,=0.2301,=0.5961,=0.8004,=3.1379,=4.6104,=8.7065,=0.0193,=0.7126,=0.0080,=0.0130,=0.0163,=0.0211,=0.0308,=0.0232,=0.0838,=0.0244,=73
="930938",500成长估值,2018-12-04,=0.0186,=4822.3026,=0.0398,=23.3346,=0.9197,=9.4780,=13.1013,=16.8299,=19.9376,=30.3577,=2.5950,=0.9197,=1.4489,=1.8720,=2.1234,=2.3040,=3.6765,=2.1962,=0.9653,=0.6916,=0.9065,=1.1749,=1.6127,=2.5224,=0.0148,=0.1498,=0.0092,=0.0157,=0.0187,=0.0218,=0.0299,=0.0254,=0.1028,=0.0163,=71
="000941",新能源,2009-10-28,=0.0285,=2270.5575,=-0.1178,=23.4455,=0.2953,=10.2578,=20.0248,=28.7219,=37.4447,=57.4660,=3.0284,=0.5485,=1.8262,=2.2548,=2.9560,=3.8432,=8.1424,=2.5927,=0.6734,=1.2704,=1.5650,=2.2651,=2.9648,=7.0320,=0.0166,=0.7682,=0.0031,=0.0063,=0.0101,=0.0183,=0.0268,=0.0322,=0.1201,=0.0313,=2467
="931755",SEEE碳中和,2021-10-21,=0.0175,=1880.3226,=-0.1046,=23.6125,=0.6923,=13.4966,=17.4908,=21.3229,=24.8511,=29.4214,=2.3336,=0.4705,=1.7561,=1.9679,=2.3833,=2.7199,=3.9105,=1.4794,=0.8175,=0.8856,=1.0394,=1.2316,=1.4604,=2.3046,=0.0177,=0.4687,=0.0102,=0.0150,=0.0180,=0.0220,=0.0256,=0.0267,=0.0916,=0.0211,=139
="399804",中证体育,2015-02-09,=0.0317,=1593.8700,=-0.1964,=23.9079,=0.1192,=17.8349,=25.2020,=31.1942,=44.0603,=87.8807,=2.6971,=0.1864,=2.0588,=2.7266,=3.1934,=3.7808,=5.5714,=2.3201,=0.2041,=1.7235,=2.3142,=2.8474,=4.0063,=7.1775,=0.0225,=0.9233,=0.0037,=0.0070,=0.0122,=0.0204,=0.0296,=0.0257,=0.0922,=0.0231,=299
="987008",港股通科技,2021-03-08,,,=-0.1741,=24.0225,=0.1997,=16.3992,=24.0225,=27.1208,=33.8124,=63.8758,=2.6374,=0.0693,=2.3408,=2.9394,=3.4170,=3.9617,=8.4842,=2.1780,=0.0497,=1.9337,=2.5915,=2.9762,=3.8433,=8.7605,=0.0075,=0.8478,=0.0015,=0.0033,=0.0059,=0.0073,=0.0093,,=0.0980,,=91
="399698",优势成长,2017-06-15,=0.0357,=45179.4500,=-0.1333,=24.0498,=0.5477,=14.2338,=18.2442,=23.1214,=35.5211,=66.5130,=1.3466,=0.0375,=1.2178,=1.4942,=1.9066,=2.2998,=2.9395,=2.1450,=0.6733,=0.6634,=1.0636,=1.7144,=2.5977,=4.7303,=0.0290,=0.9864,=0.0069,=0.0108,=0.0158,=0.0211,=0.0303,=0.0192,=0.0690,=0.0052,=39
="399814",大农业,2014-07-22,=0.0111,=1052.0900,=-0.1225,=24.4273,=0.2643,=17.8693,=23.4731,=28.2115,=32.6026,=111.7688,=2.7449,=0.0602,=2.4368,=2.9214,=3.2724,=4.3740,=6.4483,=1.5047,=0.2087,=1.2031,=1.4984,=1.8192,=2.3352,=3.7145,=0.0269,=0.9707,=0.0100,=0.0140,=0.0171,=0.0228,=0.0287,=0.0257,=0.1209,=0.0380,=771
="399370",国证成长,2010-01-04,=0.0213,=5384.7400,=0.0631,=24.6154,=0.7431,=14.0104,=18.9925,=21.7061,=25.9317,=39.9195,=4.0357,=0.7880,=1.9695,=2.5703,=2.9837,=4.1015,=6.0628,=2.3147,=0.6021,=1.2188,=1.6926,=2.0775,=2.7854,=3.4917,=0.0152,=0.4474,=0.0080,=0.0118,=0.0158,=0.0227,=0.0304,=0.0375,=0.1344,=0.0327,=116
="HSSI",恒生综合小型股指数,2001-10-03,=0.0107,=1292.9700,=-0.1767,=24.6397,=0.7508,=7.3220,=11.0801,=16.3954,=26.2521,=83.7574,=0.9607,=0.4715,=0.5652,=0.7236,=0.9743,=1.1648,=1.4185,=0.6371,=0.3923,=0.3459,=0.4531,=0.6927,=0.9209,=1.2872,=0.0285,=0.4203,=0.0167,=0.0231,=0.0303,=0.0353,=0.0478,,,,=126
="931574",港股科技,2013-05-21,=0.0139,=1557.4791,=-0.1119,=24.6448,=0.3377,=16.3025,=22.8486,=27.2020,=42.8247,=59.3282,=2.8384,=0.4232,=1.8790,=2.5203,=2.9467,=3.5773,=8.1693,=1.7319,=0.2507,=1.3201,=1.6729,=1.9709,=2.8390,=5.7490,=0.0102,=0.8545,=0.0011,=0.0030,=0.0067,=0.0099,=0.0126,,=0.1080,,=270
="931484",CS医药创新,2020-05-06,=0.0128,=1346.1234,=-0.0716,=24.7257,=0.2377,=18.2098,=24.0413,=27.4298,=44.5849,=86.1757,=4.3300,=0.1245,=3.3236,=4.5289,=5.4091,=11.3130,=17.5605,=5.3773,=0.1748,=3.7485,=5.4963,=6.4694,=11.3142,=20.8272,=0.0157,=0.6921,=0.0021,=0.0044,=0.0131,=0.0167,=0.0269,=0.0424,=0.1752,=0.0382,=396
="931573",HKC科技,2014-05-21,=0.0146,=2876.2668,=-0.1118,=24.8063,=0.2458,=18.3272,=24.2497,=28.3526,=39.7624,=82.7075,=3.0378,=0.2393,=2.3269,=2.9577,=3.3324,=4.2454,=10.6583,=1.9992,=0.2277,=1.5041,=1.9684,=2.2964,=3.3828,=8.3359,=0.0092,=0.8957,=0.0015,=0.0039,=0.0064,=0.0087,=0.0111,,=0.1200,,=301
="931230",汽车零部件,2013-07-15,=0.0234,=967.1013,=-0.2519,=24.9931,=0.3095,=18.5338,=23.8024,=26.7377,=30.4286,=34.9965,=2.6559,=0.5430,=1.8462,=2.2908,=2.6192,=3.1687,=3.7531,=1.6796,=0.5229,=1.1819,=1.4643,=1.6691,=2.0115,=2.3775,=0.0155,=0.7421,=0.0115,=0.0127,=0.0142,=0.0159,=0.0198,=0.0227,=0.1141,=0.0262,=47
="000988",全指工业,2011-08-02,=0.0235,=3813.2000,=-0.0763,=25.1319,=0.5571,=13.7285,=19.3778,=24.0551,=29.1032,=37.6625,=1.9157,=0.4198,=1.3866,=1.6512,=2.0116,=2.4279,=2.7728,=0.8996,=0.4981,=0.5551,=0.7455,=0.9011,=1.0588,=1.3765,=0.0175,=0.7295,=0.0076,=0.0094,=0.0140,=0.0193,=0.0256,=0.0185,=0.0650,=0.0170,=234
="399432",智能汽车,2014-12-30,=0.0221,=5472.8700,=-0.1934,=25.1600,=0.5085,=12.3799,=17.8801,=24.3006,=66.1739,=131.3343,=3.3891,=0.4586,=1.4019,=2.1767,=3.5046,=6.5272,=11.4939,=1.9634,=0.5315,=0.5888,=0.9103,=1.8835,=4.6106,=8.8483,=0.0132,=0.4903,=0.0016,=0.0032,=0.0137,=0.0241,=0.0377,=0.0329,=0.1377,=0.0319,=19
="399806",环境治理,2014-07-21,=0.0170,=1225.7900,=-0.1162,=25.2394,=0.2470,=17.0172,=24.3835,=29.1763,=35.5947,=50.8764,=1.6217,=0.2346,=1.1727,=1.6033,=1.7698,=2.2806,=4.4901,=1.7680,=0.1551,=1.3064,=1.8358,=2.0749,=2.6871,=5.9378,=0.0174,=0.9010,=0.0037,=0.0083,=0.0105,=0.0153,=0.0215,=0.0205,=0.0536,=0.0189,=845
="931008",汽车指数,2013-07-15,=0.0153,=8622.7310,=-0.2801,=25.2923,=0.4675,=12.0130,=17.5083,=26.1509,=36.0997,=55.3660,=1.9452,=0.2960,=1.1809,=1.5465,=2.2144,=2.4539,=3.4286,=0.8155,=0.4021,=0.4315,=0.5546,=0.9066,=1.0509,=1.4087,=0.0161,=0.4585,=0.0059,=0.0122,=0.0163,=0.0275,=0.0426,=0.0152,=0.0829,=0.0208,=482
="931747",中证储能,2021-10-15,,,=-0.1407,=25.2949,=0.3596,=16.6670,=22.1902,=27.6070,=52.7907,=124.6415,=4.0595,=0.2639,=3.1109,=3.9490,=4.6222,=6.9153,=12.5394,=2.1324,=0.4392,=1.2712,=1.7093,=2.2670,=3.7309,=8.7019,=0.0145,=0.6574,=0.0008,=0.0019,=0.0120,=0.0159,=0.0191,=0.0355,=0.1665,=0.0400,=134
="932246",储能电池,2022-07-08,,,=-0.1647,=25.3857,=0.3872,=13.3190,=20.8444,=26.6915,=33.2131,=40.1514,=3.8866,=0.6448,=2.3139,=2.6866,=3.2676,=4.4573,=5.1292,=2.6446,=0.6481,=1.3666,=1.6841,=2.2959,=3.2870,=3.7523,=0.0161,=0.4461,=0.0111,=0.0132,=0.0166,=0.0201,=0.0231,=0.0403,=0.1439,=0.0321,=71
="980032",新能电池,2015-02-17,=0.0301,=13882.1900,=-0.1183,=25.4778,=0.3265,=14.3994,=22.4494,=30.3181,=81.8918,=130.4039,=3.6407,=0.3110,=2.4545,=3.3469,=4.2634,=7.6872,=11.8091,=1.9950,=0.3846,=1.1163,=1.6862,=2.2415,=4.8997,=7.8642,=0.0130,=0.7140,=0.0011,=0.0018,=0.0082,=0.0156,=0.0224,=0.0362,=0.1357,=0.0304,=749
="399417",新能源车,2014-09-24,=0.0297,=3381.3100,=-0.1308,=25.4922,=0.3827,=14.2186,=20.9718,=30.0469,=55.7751,=106.6289,=3.4730,=0.5076,=1.6630,=2.3823,=3.4487,=4.5439,=9.6468,=1.9300,=0.5526,=0.6730,=1.0543,=1.8500,=2.4878,=6.6041,=0.0137,=0.5827,=0.0016,=0.0053,=0.0122,=0.0183,=0.0316,=0.0339,=0.1319,=0.0293,=2439
="399617",深证消费,2011-06-15,=0.0095,=7320.3500,=-0.2077,=25.7505,=0.4540,=15.3450,=22.1455,=26.4200,=32.2918,=1768.1548,=2.3898,=0.0140,=2.1129,=3.2833,=4.2409,=5.7490,=9.2732,=1.3715,=0.0124,=1.2428,=1.8619,=2.4501,=3.6985,=6.3240,=0.0393,=0.9876,=0.0100,=0.0137,=0.0184,=0.0258,=0.0433,=0.0294,=0.1055,=0.0582,=370
="980027",新能源电池,2015-02-16,=0.0349,=3005.5200,=-0.1104,=25.7510,=0.5899,=16.8641,=21.0641,=25.0186,=30.5217,=35.7610,=4.1537,=0.6601,=2.5249,=3.0368,=3.4760,=4.4259,=5.0827,=2.7885,=0.7050,=1.4888,=1.9034,=2.4114,=3.2481,=3.8612,=0.0163,=0.5847,=0.0052,=0.0081,=0.0151,=0.0185,=0.0213,=0.0376,=0.1513,=0.0348,=111
="931166",医药健康100,2019-04-25,=0.0192,=3886.4077,=-0.0365,=25.8350,=0.4949,=17.5935,=22.3993,=25.9758,=35.9467,=58.5515,=3.5789,=0.3237,=2.7671,=3.3714,=4.1891,=5.8556,=8.5226,=4.6315,=0.8436,=2.1887,=3.0564,=3.7794,=4.4925,=6.8190,=0.0158,=0.6849,=0.0059,=0.0080,=0.0120,=0.0180,=0.0263,=0.0346,=0.1325,=0.0321,=400
="931719",CS电池,2013-07-15,=0.0315,=3667.5418,=-0.1374,=25.8942,=0.1794,=15.7007,=26.4907,=39.6967,=63.8094,=121.8822,=3.8012,=0.4586,=1.9771,=2.9292,=3.9353,=5.7588,=11.8941,=2.5931,=0.3988,=1.2782,=2.0990,=3.0062,=4.6389,=9.5565,=0.0149,=0.8524,=0.0012,=0.0035,=0.0066,=0.0123,=0.0220,=0.0377,=0.1370,=0.0297,=562
="931239",港股通汽车,2022-07-21,=0.0053,=1997.4843,=-0.1350,=25.9698,=0.8213,=12.1049,=14.3321,=16.9995,=23.3756,=32.0714,=2.8328,=0.8885,=1.2076,=1.4389,=1.5869,=2.1451,=3.5989,=1.4192,=0.8302,=0.6024,=0.6855,=0.7567,=1.0744,=1.7776,=0.0124,=0.0875,=0.0091,=0.0158,=0.0206,=0.0227,=0.0338,,=0.1152,,=50
="399702",深证F120,2010-05-10,=0.0135,=7394.0700,=-0.0240,=26.0714,=0.9678,=12.6034,=17.7484,=20.7437,=22.6038,=28.8861,=2.3290,=0.6569,=1.5963,=1.9896,=2.2160,=2.6272,=3.5867,=1.4781,=0.6647,=0.8721,=1.1406,=1.3246,=1.5883,=2.2308,=0.0209,=0.6784,=0.0114,=0.0165,=0.0194,=0.0232,=0.0299,=0.0250,=0.0726,=0.0233,=1428
="H11052",智能电车,2009-07-22,=0.0237,=3674.2899,=-0.1343,=26.2035,=0.1951,=16.1153,=26.3310,=32.8959,=63.3646,=148.6443,=3.5199,=0.3460,=2.6129,=3.1950,=3.8829,=5.5107,=9.7804,=1.8053,=0.3460,=1.2507,=1.6563,=2.0380,=3.2736,=6.6252,=0.0117,=0.8330,=0.0021,=0.0035,=0.0091,=0.0111,=0.0189,=0.0316,=0.1293,=0.0281,=191
="931140",医药50,2019-03-20,=0.0131,=10109.6312,=-0.0166,=26.3694,=0.3062,=20.8651,=25.5221,=28.7028,=42.6825,=67.0844,=4.0350,=0.1346,=3.0998,=4.2278,=4.9569,=7.3909,=10.9696,=4.7259,=0.2765,=3.4950,=4.6135,=5.1473,=7.1179,=12.1248,=0.0161,=0.7252,=0.0046,=0.0077,=0.0107,=0.0174,=0.0237,=0.0393,=0.1515,=0.0402,=1200
="399976",CS新能车,2014-11-28,=0.0258,=3793.9900,=-0.1505,=26.3899,=0.2445,=13.8890,=22.9016,=34.2908,=62.1175,=231.2544,=3.3681,=0.2775,=2.0896,=3.0970,=3.8653,=6.2213,=11.9870,=1.9489,=0.2837,=0.7703,=1.7976,=2.3007,=4.1916,=9.1824,=0.0122,=0.7621,=0.0014,=0.0031,=0.0075,=0.0134,=0.0276,=0.0343,=0.1248,=0.0265,=2018
="930997",新能源车,2017-07-19,=0.0267,=2563.1550,=-0.1562,=26.5490,=0.3303,=14.0460,=20.4694,=31.6504,=78.5038,=171.6022,=3.3754,=0.4367,=1.7502,=2.4265,=3.6681,=6.0634,=11.4567,=1.9574,=0.4331,=0.7652,=1.2058,=2.1477,=3.9007,=8.7389,=0.0122,=0.5884,=0.0014,=0.0031,=0.0108,=0.0182,=0.0289,=0.0346,=0.1243,=0.0266,=1977
="H30192",食品,2013-07-15,=0.0098,=4981.5882,=-0.1208,=26.6082,=0.0792,=20.6226,=29.9459,=33.2181,=39.1549,=57.5971,=2.5450,=0.0301,=2.3545,=2.9596,=4.5399,=5.7790,=10.5214,=1.4661,=0.0478,=1.2567,=1.6404,=2.3330,=2.8933,=4.8526,=0.0292,=0.9806,=0.0092,=0.0145,=0.0192,=0.0241,=0.0308,=0.0337,=0.0826,=0.0319,=12
="000969",300非周,2010-05-28,=0.0151,=5736.2347,=0.0772,=26.7840,=0.8045,=15.9839,=20.6623,=22.6420,=26.5704,=38.7203,=2.8870,=0.6272,=2.0789,=2.5003,=2.7874,=3.1883,=4.9189,=1.5676,=0.7955,=0.8921,=1.1558,=1.2903,=1.5780,=2.2463,=0.0195,=0.6936,=0.0089,=0.0140,=0.0170,=0.0211,=0.0277,=0.0251,=0.0964,=0.0261,=85
="931798",光伏龙头30,2009-06-16,=0.0213,=1852.8756,=-0.1098,=26.8565,=0.5538,=8.0886,=17.2411,=24.1376,=37.6614,=66.5518,=2.2220,=0.3893,=1.6869,=2.0256,=2.4217,=4.5878,=8.3847,=2.3369,=0.6870,=0.9999,=1.3418,=1.7063,=3.0761,=5.7040,=0.0119,=0.5534,=0.0027,=0.0059,=0.0110,=0.0206,=0.0351,=0.0172,=0.0745,=0.0196,=198
="399266",创新能源,2022-09-29,=0.0315,=3188.5600,=-0.1001,=26.9323,=0.4637,=16.2861,=20.8751,=27.3167,=33.1784,=48.5339,=4.1725,=0.5222,=2.6837,=3.2153,=3.9059,=4.9563,=6.9087,=2.8826,=0.6230,=1.5028,=1.9471,=2.5888,=3.4870,=4.6740,=0.0147,=0.6446,=0.0024,=0.0067,=0.0123,=0.0168,=0.0211,=0.0402,=0.1508,=0.0347,=2
=".INX",标普500,1957-03-04,=0.0005,=7411.9800,=0.0828,=27.0074,=0.6844,=15.6907,=21.8580,=24.1760,=28.6925,=42.9883,=5.5495,=0.9721,=2.4601,=3.2462,=3.9709,=4.7875,=5.7725,=3.5706,=0.9797,=1.5801,=2.1022,=2.3989,=3.0510,=3.6930,=0.0105,=0.0525,=0.0097,=0.0124,=0.0160,=0.0192,=0.0253,,,=0.0468,=9431
="399850",深证50,2023-10-18,=0.0248,=10001.3300,=0.0954,=27.0293,=0.7839,=16.5344,=20.0386,=23.4403,=27.0828,=36.7629,=4.1696,=0.9590,=2.5911,=2.9366,=3.2432,=3.7261,=4.4773,=2.2956,=0.9432,=1.3017,=1.4854,=1.6874,=2.0546,=2.4833,=0.0176,=0.1262,=0.0162,=0.0185,=0.0209,=0.0232,=0.0271,=0.0301,=0.0973,=0.0318,=80
="000907",中证700,2007-01-15,=0.0211,=6647.5236,=0.0269,=27.0397,=0.9398,=13.5964,=17.1394,=19.5530,=24.0532,=30.1680,=2.0414,=0.6338,=1.3201,=1.5883,=1.8281,=2.2040,=2.4753,=1.4527,=0.6280,=0.9663,=1.1767,=1.3274,=1.5937,=1.9854,=0.0181,=0.5485,=0.0115,=0.0139,=0.0174,=0.0227,=0.0321,=0.0223,=0.0692,=0.0213,=265
="399440",国证钢铁,2014-12-30,=0.0175,=1177.7100,=-0.2072,=27.2668,=0.6837,=5.7530,=9.0864,=18.4249,=36.4028,=695.2734,=0.9442,=0.3002,=0.7172,=0.9156,=1.0403,=1.3462,=2.0509,=0.4737,=0.5468,=0.3277,=0.3893,=0.4568,=0.6131,=1.3827,=0.0262,=0.4548,=0.0018,=0.0178,=0.0272,=0.0419,=0.0569,=0.0058,=0.0382,=0.0096,=468
="931403",品牌工程,2020-01-14,=0.0107,=2200.7709,=0.1147,=27.4904,=0.4143,=18.7149,=24.0605,=29.2180,=43.6481,=69.9724,=4.1710,=0.3270,=3.2380,=4.0165,=4.9398,=7.6697,=10.9810,=3.2357,=0.4137,=2.2604,=2.9296,=3.3650,=4.7897,=7.2001,=0.0212,=0.6996,=0.0056,=0.0085,=0.0147,=0.0221,=0.0278,=0.0453,=0.1433,=0.0461,=120
="1000008",沪深B股,1994-01-10,=0.0069,=276.1200,=0.0879,=28.0506,=0.7447,=7.0835,=12.9417,=17.5058,=30.7740,=97.5837,=0.8055,=0.3443,=0.6594,=0.7810,=0.8451,=1.0246,=1.4976,=0.5324,=0.6148,=0.3777,=0.4474,=0.5016,=0.5863,=1.1545,=0.0393,=0.6676,=0.0157,=0.0279,=0.0357,=0.0437,=0.1455,,,=0.0134,=371
="930632",CS稀金属,2015-05-12,=0.0267,=2610.5519,=-0.0371,=28.4632,=0.2866,=10.0759,=24.6559,=41.8667,=87.2361,=902.9270,=3.7108,=0.5485,=1.7714,=2.4678,=3.4499,=4.3907,=7.1765,=2.6501,=0.6866,=1.0736,=1.5817,=2.0627,=2.9781,=4.1072,=0.0079,=0.5357,=0.0021,=0.0040,=0.0072,=0.0138,=0.0241,=0.0489,=0.1107,=0.0216,=379
="399330",深证100,2006-01-24,=0.0253,=6286.7100,=0.0807,=28.7732,=0.8338,=14.9910,=20.3737,=22.7654,=27.5184,=38.9547,=3.1884,=0.7076,=1.9919,=2.4968,=2.9453,=3.5438,=5.5535,=2.2039,=0.6016,=1.3434,=1.7250,=2.1027,=2.4349,=4.0791,=0.0171,=0.6833,=0.0077,=0.0126,=0.0154,=0.0194,=0.0273,=0.0278,=0.0897,=0.0269,=2332
="931591",1000成长创新,2020-11-09,=0.0273,=31476.8221,=-0.0383,=29.0111,=0.3213,=18.0900,=24.5200,=32.1665,=35.7521,=40.6167,=3.2255,=0.3733,=2.0923,=3.0065,=3.4177,=4.3558,=5.3788,=3.1021,=0.4946,=1.8413,=2.7432,=3.1121,=3.8428,=5.2879,=0.0132,=0.7170,=0.0063,=0.0086,=0.0110,=0.0139,=0.0216,=0.0271,=0.1062,=0.0239,=147
="000812",细分机械,2012-04-11,=0.0218,=6966.2732,=-0.0944,=29.0755,=0.4351,=14.1771,=22.0432,=31.6872,=40.0419,=51.3583,=2.9817,=0.6647,=1.6005,=2.1653,=2.5277,=3.4006,=5.3964,=2.0306,=0.6482,=1.1287,=1.4635,=1.7311,=2.2906,=3.5603,=0.0165,=0.7930,=0.0047,=0.0079,=0.0116,=0.0167,=0.0237,=0.0226,=0.0835,=0.0173,=200
="399989",中证医疗,2014-10-31,=0.0232,=6370.6900,=-0.0576,=29.0970,=0.1592,=22.9032,=29.7026,=38.4065,=60.1440,=114.3753,=3.2864,=0.0709,=2.8553,=3.7203,=5.4618,=8.1687,=13.4814,=5.3204,=0.1233,=4.3528,=5.6111,=6.5432,=9.4594,=17.4163,=0.0134,=0.7266,=0.0025,=0.0041,=0.0056,=0.0145,=0.0225,=0.0284,=0.1137,=0.0290,=8534
="931746",储能产业,2015-06-11,=0.0236,=3155.6953,=-0.1466,=29.1937,=0.4034,=12.7536,=19.5929,=32.3811,=42.3432,=70.6293,=3.2042,=0.4141,=2.2823,=2.7403,=3.3842,=5.0112,=8.8670,=2.0992,=0.5698,=1.1513,=1.4964,=2.0242,=3.1427,=6.6557,=0.0134,=0.5805,=0.0020,=0.0044,=0.0128,=0.0169,=0.0220,=0.0195,=0.0831,=0.0177,=156
="000936",中证电信,2009-07-03,=0.0242,=12493.3421,=0.2568,=29.2665,=0.5748,=14.1836,=20.2178,=26.5906,=41.2993,=123.1725,=2.8031,=0.8082,=1.2149,=1.7612,=2.3409,=2.7924,=3.6232,=2.6629,=0.9843,=0.7463,=1.0254,=1.2652,=1.8165,=3.0800,=0.0216,=0.6004,=0.0019,=0.0063,=0.0095,=0.0319,=0.0507,=0.0215,=0.0913,=0.0219,=335
="931579",东证优势成长,2020-11-09,=0.0331,=8751.1166,=0.1466,=29.3891,=0.7726,=7.9327,=14.2865,=19.1889,=30.5481,=61.0103,=5.8569,=0.7921,=0.9149,=2.6101,=3.4240,=5.9182,=9.3390,=4.2921,=0.8946,=1.1828,=2.0565,=2.3879,=3.6581,=6.0793,=0.0118,=0.3791,=0.0040,=0.0071,=0.0153,=0.0286,=0.0527,=0.0548,=0.1983,=0.0468,=144
="000994",全指电信,2011-08-02,=0.0259,=13714.0402,=0.2313,=29.6801,=0.4041,=17.6024,=21.7761,=33.9453,=52.5847,=109.2407,=2.8599,=0.6928,=1.3865,=1.8410,=2.5290,=3.0450,=3.7766,=2.6621,=0.9765,=0.9155,=1.2459,=1.5380,=1.8877,=3.1271,=0.0211,=0.6243,=0.0022,=0.0055,=0.0081,=0.0296,=0.0398,=0.0216,=0.0895,=0.0218,=228
="399376",小盘成长,2010-01-04,=0.0270,=6452.8700,=0.0160,=29.7635,=0.6969,=14.4007,=20.2318,=25.5978,=32.4903,=60.1410,=3.2275,=0.8285,=1.6246,=2.0607,=2.3694,=3.1517,=3.9813,=1.8688,=0.7563,=0.7224,=1.0640,=1.2045,=1.9530,=3.3768,=0.0139,=0.5790,=0.0062,=0.0106,=0.0131,=0.0171,=0.0246,=0.0271,=0.1002,=0.0195,=287
="931524",SHS科技龙头,2020-07-16,=0.0211,=2826.9364,=0.0525,=30.0110,=0.7452,=18.9033,=23.4957,=26.7453,=35.2727,=59.9125,=3.8860,=0.6395,=2.7731,=3.2923,=3.6799,=5.1379,=9.0190,=2.9605,=0.6651,=1.6886,=2.2595,=2.5589,=4.2260,=7.2475,=0.0081,=0.4150,=0.0027,=0.0048,=0.0086,=0.0100,=0.0124,,=0.1133,,=225
="000009",上证380,2010-11-29,=0.0212,=6791.9700,=0.0309,=30.0221,=0.8981,=11.6192,=14.6240,=18.0435,=25.1263,=39.7002,=2.2197,=0.7427,=1.2909,=1.6341,=1.9524,=2.3615,=2.8508,=1.4203,=0.7662,=0.7850,=0.9356,=1.0814,=1.5058,=1.8994,=0.0158,=0.2388,=0.0086,=0.0152,=0.0183,=0.0251,=0.0358,=0.0195,=0.0662,=0.0205,=864
="930614",环保50,2015-04-07,=0.0170,=2022.2948,=-0.1193,=30.1484,=0.6854,=13.7595,=20.5125,=26.8035,=35.1194,=50.3864,=2.7671,=0.4214,=1.9059,=2.3842,=2.8863,=3.6683,=6.0727,=2.7978,=0.4660,=1.6847,=2.2438,=2.8843,=3.3746,=6.6309,=0.0180,=0.6569,=0.0061,=0.0100,=0.0159,=0.0201,=0.0258,=0.0222,=0.0831,=0.0199,=205
="000977",内地低碳,2011-01-21,=0.0162,=1886.2481,=-0.0951,=30.1484,=0.6371,=13.7595,=20.8967,=26.8104,=35.4182,=50.3864,=2.7671,=0.4247,=1.9264,=2.3844,=2.8746,=3.6471,=6.0727,=2.7978,=0.4849,=1.6847,=2.2202,=2.8295,=3.3926,=6.7765,=0.0180,=0.7101,=0.0061,=0.0100,=0.0158,=0.0194,=0.0258,=0.0220,=0.0823,=0.0200,=390
="399374",中盘成长,2010-01-04,=0.0250,=5184.8000,=0.1341,=30.4273,=0.9757,=12.0664,=16.7038,=22.9694,=27.5771,=34.9289,=4.1033,=0.9604,=1.8942,=2.4100,=3.1265,=3.6319,=4.6865,=2.6561,=0.8854,=0.9013,=1.6610,=2.2043,=2.4841,=3.0605,=0.0124,=0.3810,=0.0084,=0.0109,=0.0145,=0.0210,=0.0349,=0.0366,=0.1248,=0.0238,=202
="399005",中小板指,2006-01-24,=0.0279,=8795.5400,=0.0643,=30.4730,=0.5654,=16.1163,=23.0542,=28.5542,=33.8630,=44.0181,=3.1648,=0.3509,=2.0289,=2.7421,=3.4323,=4.3230,=5.3697,=2.1519,=0.3786,=1.3510,=1.8219,=2.3479,=3.2997,=4.1546,=0.0130,=0.6520,=0.0068,=0.0090,=0.0111,=0.0163,=0.0219,=0.0255,=0.0988,=0.0255,=3251
="931235",中证电信,2022-07-21,=0.0125,=2984.6568,=0.1007,=30.5125,=0.9311,=15.5242,=18.7211,=21.5177,=26.2653,=36.3009,=2.9350,=0.9486,=0.8741,=1.6358,=1.9304,=2.3505,=3.4857,=2.7026,=0.9444,=0.6427,=1.3928,=1.7208,=2.1785,=3.2153,=0.0204,=0.1307,=0.0135,=0.0246,=0.0302,=0.0336,=0.0573,=0.0216,=0.0917,=0.0212,=60
="931733",绿色能源,2021-08-19,=0.0189,=4627.4258,=-0.1155,=30.8848,=0.4560,=12.7308,=19.2033,=32.4813,=41.4240,=65.3510,=3.1499,=0.3915,=2.3311,=2.7918,=3.5001,=5.4366,=8.0150,=2.1258,=0.4233,=1.3651,=1.7805,=2.3039,=4.2429,=7.5185,=0.0158,=0.5474,=0.0043,=0.0069,=0.0149,=0.0214,=0.0259,=0.0248,=0.0932,=0.0189,=26
="399008",中小300,2010-03-22,=0.0299,=1674.7100,=0.0121,=31.0699,=0.5625,=17.8364,=25.4661,=30.4192,=35.1978,=44.1478,=2.8335,=0.3757,=1.7846,=2.4620,=2.9761,=3.7881,=4.6328,=1.9071,=0.3588,=1.1664,=1.6529,=2.0607,=2.7927,=3.7893,=0.0132,=0.7109,=0.0063,=0.0085,=0.0114,=0.0151,=0.0216,=0.0232,=0.0868,=0.0228,=506
="HSHCI",恒生医疗保健指数,2015-08-17,=-0.0019,=3495.1400,=-0.0454,=31.1851,=0.4382,=15.9973,=23.2804,=33.3964,=116.8549,=143059.6617,=2.6934,=0.5207,=1.4805,=2.2594,=2.6523,=3.4864,=7.0432,=1.6902,=0.7374,=0.8149,=1.0280,=1.3094,=1.8605,=3.5391,=0.0119,=0.5618,=0.0038,=0.0082,=0.0114,=0.0148,=0.0248,,=0.0991,,=1738
="1000005",上海非金融A股,1994-01-01,,,,=31.3104,=0.8449,=15.3520,=20.3290,=23.4523,=29.7863,=34.6296,=2.2345,=0.7526,=1.5456,=1.8178,=2.0436,=2.2626,=2.5831,=1.3500,=0.9497,=0.7548,=0.9329,=1.0758,=1.2076,=1.4804,=0.0188,=0.4219,=0.0107,=0.0148,=0.0197,=0.0236,=0.0293,=0.0209,=0.0661,=0.0198,=190
="399412",国证新能,2014-05-16,=0.0244,=2604.2600,=-0.1203,=31.4636,=0.6285,=13.6858,=20.0843,=24.6245,=40.0619,=66.6027,=2.8378,=0.5571,=1.6349,=2.2652,=2.7229,=3.9698,=7.3016,=1.8553,=0.6408,=0.7993,=1.1878,=1.5482,=2.5873,=5.3757,=0.0141,=0.4433,=0.0032,=0.0058,=0.0153,=0.0184,=0.0274,=0.0217,=0.0862,=0.0211,=362
="931994",电网设备主题,2022-10-11,=0.0314,=2787.3662,=0.1048,=31.4733,=0.8500,=15.6741,=20.0350,=22.8920,=28.6701,=44.9431,=3.0647,=0.8620,=1.9713,=2.2953,=2.4607,=2.8186,=4.2080,=2.0801,=0.8696,=1.2895,=1.4785,=1.6098,=1.8313,=2.7882,=0.0119,=0.2761,=0.0088,=0.0110,=0.0135,=0.0165,=0.0189,=0.0214,=0.0975,=0.0200,=283
="399389",国证通信,2011-12-02,=0.0276,=10157.5900,=0.2180,=31.4812,=0.3889,=15.1336,=21.7733,=46.9647,=65.1875,=153.7967,=2.9033,=0.7361,=1.3245,=1.8461,=2.4671,=3.0504,=3.8873,=2.7217,=0.9773,=0.9743,=1.4589,=1.6822,=1.8975,=3.2843,=0.0204,=0.6297,=0.0026,=0.0049,=0.0070,=0.0294,=0.0420,=0.0209,=0.0855,=0.0209,=54
="000949",中证农业,2009-10-28,=0.0149,=4889.0069,=-0.1556,=31.6096,=0.6256,=14.4444,=21.2919,=29.1169,=36.7819,=1184.8568,=2.4137,=0.1303,=2.0719,=2.5112,=3.2687,=4.0480,=5.2895,=1.2834,=0.2379,=0.8980,=1.1771,=1.7224,=2.0301,=2.8101,=0.0212,=0.8998,=0.0077,=0.0144,=0.0164,=0.0190,=0.0257,=0.0068,=0.0985,=0.0327,=1056
="000827",中证环保,2012-09-25,=0.0199,=1691.6600,=-0.0922,=31.6266,=0.6487,=14.0379,=21.0113,=28.2441,=35.5499,=50.6551,=2.6638,=0.4355,=1.7878,=2.2200,=2.8021,=3.3836,=5.4589,=2.7039,=0.4895,=1.6068,=2.0649,=2.7294,=3.2490,=6.2202,=0.0170,=0.6586,=0.0061,=0.0097,=0.0148,=0.0192,=0.0249,=0.0211,=0.0761,=0.0181,=6258
="399971",中证传媒,2014-04-15,=0.0323,=1129.7200,=-0.2326,=31.6372,=0.3419,=18.4593,=27.0874,=34.6894,=44.3275,=90.0483,=2.1089,=0.1942,=1.5359,=2.1292,=2.5548,=3.2415,=5.3792,=2.4541,=0.1113,=1.9674,=2.6399,=3.1726,=4.5569,=7.0261,=0.0202,=0.7876,=0.0038,=0.0090,=0.0126,=0.0206,=0.0294,=0.0163,=0.0602,=0.0206,=6328
="HSBIO",恒生生物科技指数,2019-12-01,=-0.0040,=14078.5500,=-0.0070,=31.6575,=0.2488,=20.8275,=30.6200,=58.8400,=138.1481,=62737.8398,=3.0351,=0.5232,=1.5084,=2.1556,=2.9078,=4.4109,=6.7821,=1.6991,=0.6137,=0.7434,=1.0974,=1.5378,=2.1325,=3.5303,=0.0108,=0.6064,=0.0037,=0.0061,=0.0095,=0.0133,=0.0198,,=0.0916,,=685
="000913",300医药,2007-07-02,=0.0061,=7930.1600,=-0.0341,=32.1101,=0.4070,=22.1588,=28.7651,=33.4033,=39.5137,=73.4129,=3.3956,=0.1155,=2.7345,=3.5808,=4.7882,=6.0065,=9.5028,=2.8106,=0.1377,=2.2757,=2.8961,=3.3418,=5.3453,=7.4989,=0.0162,=0.8581,=0.0040,=0.0072,=0.0090,=0.0153,=0.0221,=0.0300,=0.0967,=0.0342,=3395
="930721",CS智汽车,2015-08-05,=0.0204,=4648.2602,=-0.1962,=32.1108,=0.0803,=27.2408,=33.9066,=39.4885,=48.8541,=67.2850,=3.2483,=0.1792,=2.5208,=3.3031,=3.8097,=5.3537,=7.3638,=1.2561,=0.0117,=1.1981,=1.4890,=1.8374,=2.6326,=3.8976,=0.0073,=0.5456,=0.0040,=0.0056,=0.0070,=0.0093,=0.0155,=0.0150,=0.1014,=0.0176,=476
="000933",中证医药,2009-07-03,=0.0144,=7868.0700,=-0.0275,=32.2254,=0.4932,=22.6651,=27.9022,=32.3028,=36.9749,=63.0472,=3.1785,=0.1996,=2.5059,=3.1791,=3.9775,=4.6299,=7.0232,=2.7734,=0.3571,=1.9281,=2.5100,=3.0047,=3.5359,=5.1631,=0.0160,=0.8540,=0.0055,=0.0078,=0.0097,=0.0154,=0.0226,=0.0282,=0.0926,=0.0299,=7180
="000857",500医药,2013-11-06,=0.0229,=10291.3700,=0.0034,=32.3501,=0.6066,=16.5096,=22.8937,=29.9353,=37.5079,=66.9361,=2.9744,=0.5703,=1.9620,=2.4653,=2.8380,=3.5000,=5.0991,=2.7345,=0.7856,=1.3156,=1.7598,=2.1307,=2.7597,=4.5555,=0.0158,=0.7311,=0.0055,=0.0091,=0.0132,=0.0172,=0.0234,=0.0260,=0.0879,=0.0247,=733
="H11054",装备产业,2009-07-22,=0.0238,=2703.7855,=-0.0706,=32.3650,=0.5291,=15.6342,=24.6485,=31.9139,=38.4486,=58.0282,=2.8987,=0.6470,=1.6944,=2.1300,=2.6165,=3.3120,=5.1308,=2.0226,=0.5984,=1.2119,=1.4862,=1.8854,=2.3460,=3.6241,=0.0140,=0.7762,=0.0051,=0.0080,=0.0114,=0.0146,=0.0207,=0.0221,=0.0859,=0.0174,=42
="399007",深证300,2009-11-04,=0.0261,=6015.5000,=0.0582,=32.3883,=0.9542,=15.3833,=21.4145,=25.0043,=28.8859,=36.7371,=3.0567,=0.6742,=1.8298,=2.3539,=2.8048,=3.2347,=4.4351,=2.1382,=0.6074,=1.2839,=1.6547,=2.0025,=2.3914,=3.3177,=0.0150,=0.6260,=0.0081,=0.0118,=0.0139,=0.0174,=0.0252,=0.0257,=0.0779,=0.0236,=581
="000991",全指医药,2011-08-02,=0.0178,=8474.4100,=-0.0280,=32.5166,=0.3901,=23.5983,=29.4135,=34.0586,=39.8535,=73.5923,=3.0567,=0.1109,=2.5957,=3.1760,=3.7666,=4.6592,=6.5650,=2.8467,=0.3744,=2.0200,=2.6563,=3.0054,=3.7186,=5.9103,=0.0157,=0.8792,=0.0055,=0.0072,=0.0096,=0.0146,=0.0212,=0.0278,=0.0907,=0.0276,=7966
="000037",上证医药,2009-01-09,=0.0137,=6353.7600,=0.0030,=32.5885,=0.3225,=21.0843,=31.3993,=34.6058,=41.6974,=61.3894,=3.5544,=0.3151,=2.7278,=3.3338,=3.8610,=4.6066,=7.3155,=2.5129,=0.6590,=1.5724,=2.0207,=2.3509,=2.8622,=4.1395,=0.0118,=0.8305,=0.0048,=0.0075,=0.0098,=0.0117,=0.0146,=0.0281,=0.1036,=0.0282,=2069
="930598",稀土产业,2015-03-02,=0.0255,=2519.4466,=-0.1023,=32.9467,=0.3542,=21.1133,=29.2013,=39.5598,=69.3627,=273.6885,=2.8746,=0.7229,=1.4810,=1.9699,=2.3148,=3.0349,=4.3047,=1.3733,=0.6454,=0.6656,=0.9718,=1.1868,=1.6504,=2.1537,=0.0111,=0.9711,=0.0025,=0.0048,=0.0067,=0.0094,=0.0135,=0.0350,=0.0883,=0.0227,=743
="931187",科技100,2019-05-30,=0.0175,=5105.2219,=0.1064,=32.9853,=0.7488,=18.1467,=22.1751,=26.1962,=35.0632,=49.5031,=4.0969,=0.7621,=2.3703,=2.7915,=3.3495,=4.2614,=5.4633,=2.7913,=0.8243,=1.2579,=1.6349,=2.0710,=2.7091,=4.1304,=0.0117,=0.4758,=0.0052,=0.0083,=0.0119,=0.0140,=0.0184,=0.0201,=0.0911,=0.0217,=854
="000978",医药100,2011-03-18,=0.0241,=9945.4264,=-0.0463,=33.0385,=0.4557,=23.7467,=28.9111,=33.7196,=37.7145,=66.4077,=3.1430,=0.1307,=2.6475,=3.2450,=4.1835,=5.0232,=7.8052,=2.9167,=0.3641,=2.0946,=2.6763,=3.1351,=3.6588,=5.9820,=0.0154,=0.8532,=0.0050,=0.0071,=0.0093,=0.0148,=0.0209,=0.0280,=0.0911,=0.0286,=4717
="931672",风电产业,2021-04-29,=0.0315,=1634.5036,=-0.0721,=33.2839,=0.8952,=16.8665,=21.1364,=24.2641,=29.5452,=45.5856,=1.8935,=0.4429,=1.3490,=1.6818,=1.9877,=2.4822,=3.5946,=2.2939,=0.5469,=1.4458,=1.8903,=2.1571,=2.7011,=3.3215,=0.0116,=0.5035,=0.0064,=0.0084,=0.0115,=0.0154,=0.0206,=0.0166,=0.0571,=0.0184,=60
="931406",5G 50,2020-02-20,=0.0255,=2854.4010,=0.3410,=33.2855,=0.7481,=15.2657,=20.6063,=23.7396,=34.6479,=51.5506,=3.6908,=0.7449,=1.5292,=1.9664,=2.5311,=3.8436,=5.3757,=2.4350,=0.9699,=0.9155,=1.4055,=1.5848,=1.9130,=2.9469,=0.0168,=0.4212,=0.0042,=0.0067,=0.0206,=0.0276,=0.0387,=0.0252,=0.1023,=0.0236,=701
="399326",成长40,2006-01-24,=0.0366,=7667.7600,=0.2043,=33.4049,=0.8016,=11.4413,=22.5069,=27.7029,=33.2868,=67.8360,=6.4507,=0.7922,=2.3502,=3.7081,=4.7246,=6.5154,=10.3842,=3.8411,=0.7526,=1.6605,=2.3239,=3.0552,=3.9346,=5.1844,=0.0094,=0.4627,=0.0046,=0.0073,=0.0096,=0.0135,=0.0218,=0.0646,=0.2161,=0.0378,=275
="931456",中国教育,2020-04-21,=0.0170,=954.2288,=-0.2123,=33.5589,=0.0012,=32.9666,=55.4601,=93.3371,=-134.3220,=28609.2511,=2.5435,=0.2583,=1.5831,=2.4446,=2.9421,=3.8299,=9.7545,=2.5201,=0.1301,=1.7011,=2.7501,=3.3611,=4.7236,=11.2012,=0.0086,=0.6137,=0.0035,=0.0059,=0.0082,=0.0099,=0.0209,,=0.0593,,=170
="399612",中创100,2011-02-28,=0.0288,=3040.3400,=0.1014,=33.7334,=0.6491,=18.0203,=24.5371,=31.1472,=39.8478,=52.6199,=4.5220,=0.6693,=2.5576,=3.3599,=4.1932,=5.0805,=7.4671,=2.9321,=0.4693,=1.6155,=2.2648,=3.0358,=3.9219,=5.8630,=0.0112,=0.6437,=0.0050,=0.0075,=0.0098,=0.0137,=0.0203,=0.0320,=0.1210,=0.0297,=157
="399001",深证成指,1995-01-23,=0.0272,=14148.7300,=0.0461,=33.8006,=0.9443,=15.9054,=22.8547,=26.5146,=30.7074,=38.7817,=2.9220,=0.6214,=1.7472,=2.2797,=2.7209,=3.2450,=4.0402,=2.0719,=0.6033,=1.2229,=1.6063,=1.9123,=2.3784,=2.9683,=0.0146,=0.6326,=0.0084,=0.0108,=0.0136,=0.0166,=0.0245,=0.0249,=0.0747,=0.0225,=3721
="931487",SHS人工智能50,2020-05-06,=0.0182,=2155.5359,=-0.0211,=33.9289,=0.6629,=18.6614,=25.6412,=31.7678,=37.1059,=66.0883,=5.4125,=0.6927,=3.0781,=4.0531,=4.6694,=6.3740,=10.5947,=6.1386,=0.7016,=3.3555,=4.5092,=5.2014,=6.7910,=9.5096,=0.0054,=0.4159,=0.0019,=0.0035,=0.0058,=0.0075,=0.0094,,=0.1427,,=78
="000808",医药生物,2012-02-17,=0.0173,=8086.8914,=-0.0241,=34.5192,=0.4903,=23.4705,=28.3997,=34.6116,=37.8852,=66.3352,=3.1467,=0.1344,=2.6521,=3.2490,=4.1560,=4.9177,=7.9299,=2.9064,=0.3736,=2.0659,=2.6650,=3.0988,=3.5475,=6.2098,=0.0149,=0.8297,=0.0050,=0.0071,=0.0095,=0.0146,=0.0209,=0.0273,=0.0877,=0.0275,=1417
="399394",国证医药,2012-10-29,=0.0165,=8212.7900,=-0.0323,=34.5740,=0.5295,=22.8656,=29.2541,=34.0550,=39.3748,=65.8576,=3.3071,=0.1546,=2.7032,=3.4002,=4.4695,=5.4140,=8.6075,=2.9406,=0.3625,=1.9890,=2.7092,=3.1369,=4.6501,=6.5385,=0.0149,=0.8462,=0.0047,=0.0072,=0.0092,=0.0143,=0.0225,=0.0285,=0.0916,=0.0308,=1066
="930648",CS智消费,2015-06-05,=0.0161,=3941.1936,=0.0763,=34.6029,=0.8528,=15.4538,=22.2568,=25.0842,=32.2527,=51.6043,=4.1513,=0.8363,=2.1406,=2.8085,=3.2135,=4.0280,=5.4486,=1.8980,=0.8280,=0.8328,=1.2867,=1.4966,=1.8609,=2.9491,=0.0131,=0.2462,=0.0074,=0.0121,=0.0153,=0.0173,=0.0216,=0.0253,=0.1077,=0.0239,=27
="930771",CS新能源,2015-12-16,,,=-0.1390,=34.6996,=0.5082,=11.2377,=23.2800,=34.4874,=45.0054,=62.8342,=2.6197,=0.4210,=1.7615,=2.1630,=2.8706,=3.8997,=7.2156,=2.2546,=0.5160,=1.2791,=1.6714,=2.2178,=3.0843,=6.6822,=0.0135,=0.7444,=0.0028,=0.0058,=0.0093,=0.0155,=0.0247,=0.0221,=0.0668,=0.0165,=32
="399808",中证新能,2015-02-10,=0.0269,=2415.2200,=-0.1420,=34.6996,=0.4730,=11.2377,=23.4990,=36.3279,=45.8806,=62.8342,=2.6197,=0.4021,=1.7615,=2.1712,=2.9131,=3.8504,=7.2277,=2.2546,=0.5019,=1.2791,=1.6778,=2.2492,=3.0254,=6.6822,=0.0135,=0.7546,=0.0029,=0.0058,=0.0090,=0.0152,=0.0247,=0.0221,=0.0668,=0.0165,=1309
="HSSSHID",恒生沪深港创新药精选50指数,2020-03-01,=0.0032,=8053.4400,=0.0742,=34.9813,=0.4685,=23.4861,=29.5164,=35.4809,=51.7356,=94.0285,=4.0946,=0.6173,=2.0729,=2.8176,=3.7371,=6.3532,=8.4497,=5.9745,=0.7994,=1.3432,=1.8976,=3.5876,=5.9759,=8.1459,=0.0083,=0.4278,=0.0033,=0.0050,=0.0088,=0.0120,=0.0157,,=0.1122,,=290
="H30463",沪港深500医药,2014-11-28,=0.0025,=7558.5817,=-0.0261,=35.1730,=0.4806,=23.3470,=31.0222,=35.4983,=42.6572,=94.1690,=3.5974,=0.2273,=2.7545,=3.5141,=4.4288,=5.5958,=10.0878,=3.4708,=0.5941,=1.9470,=2.8257,=3.2973,=4.0922,=9.3489,=0.0125,=0.8126,=0.0038,=0.0069,=0.0088,=0.0123,=0.0194,,=0.0979,,=37
="930791",CS医药TI,2016-03-22,=0.0200,=8832.3022,=-0.0462,=35.1928,=0.4854,=23.2364,=30.0855,=35.4759,=40.6551,=70.7414,=2.8985,=0.1146,=2.4395,=3.0252,=3.8541,=4.5937,=6.6660,=2.6418,=0.2503,=2.0598,=2.5748,=2.9664,=3.5365,=5.1130,=0.0154,=0.8858,=0.0054,=0.0071,=0.0097,=0.0142,=0.0204,=0.0251,=0.0784,=0.0255,=194
="931946",畜牧养殖,2023-07-28,=0.0114,=618.9884,=-0.1777,=36.0015,=0.7032,=14.8058,=16.3061,=24.5572,=43.1980,=702.5962,=2.3971,=0.0845,=2.1724,=2.5606,=2.6768,=2.7866,=3.1405,=0.9941,=0.1079,=0.8870,=1.0304,=1.0922,=1.1366,=1.2139,=0.0313,=0.8597,=0.0155,=0.0198,=0.0269,=0.0302,=0.0347,=0.0043,=0.0943,=0.0400,=7
="399996",智能家居,2014-09-17,=0.0180,=4820.5000,=0.0486,=36.0152,=0.8738,=17.5405,=23.3761,=27.7580,=33.7325,=47.8369,=4.5121,=0.9489,=2.2523,=2.8549,=3.4652,=4.1096,=5.3919,=2.3310,=0.9249,=1.0942,=1.4673,=1.7629,=2.0933,=2.7965,=0.0138,=0.4664,=0.0087,=0.0107,=0.0141,=0.0175,=0.0235,=0.0273,=0.1118,=0.0260,=207
="399295",创价值,2019-01-23,=0.0258,=5112.1700,=-0.0526,=36.1161,=0.4351,=20.8863,=26.8232,=39.9170,=56.6331,=73.8741,=6.8557,=0.6298,=3.7254,=4.6073,=5.8725,=8.9903,=11.5385,=5.1268,=0.4697,=2.5684,=3.4958,=5.4016,=9.1356,=12.8251,=0.0112,=0.6491,=0.0033,=0.0050,=0.0072,=0.0151,=0.0218,=0.0387,=0.1758,=0.0398,=610
="000171",新兴成指,2017-01-25,=0.0247,=2328.1212,=0.2618,=36.1629,=0.7983,=15.0335,=20.3607,=24.8427,=36.2879,=63.8139,=5.4241,=0.6941,=2.6324,=3.2857,=4.3603,=6.3040,=10.8185,=4.6907,=0.8403,=1.3680,=2.1195,=2.7843,=4.4274,=8.5894,=0.0116,=0.4421,=0.0042,=0.0072,=0.0126,=0.0195,=0.0271,=0.0336,=0.1371,=0.0326,=204
="000841",800医药,2012-12-21,=0.0136,=8482.4479,=0.0148,=36.3394,=0.7476,=21.4494,=28.0346,=32.2227,=37.6331,=58.1462,=3.5516,=0.3810,=2.4193,=3.1867,=3.7738,=4.3800,=6.5122,=4.4348,=0.8231,=1.7815,=2.8895,=3.4449,=4.3455,=6.1565,=0.0153,=0.8693,=0.0064,=0.0083,=0.0101,=0.0137,=0.0210,=0.0288,=0.0871,=0.0293,=588
="000905",中证500,2007-01-15,=0.0249,=7720.6000,=0.0342,=36.4707,=0.8878,=15.7028,=21.2812,=25.5686,=33.2821,=49.4567,=2.4591,=0.8021,=1.3824,=1.7164,=1.9211,=2.4495,=3.0628,=1.7033,=0.8280,=0.8118,=1.0305,=1.1724,=1.6058,=2.2566,=0.0129,=0.3324,=0.0064,=0.0115,=0.0141,=0.0185,=0.0237,=0.0210,=0.0620,=0.0169,=38259
="000982",500等权,2011-06-13,=0.0221,=9048.8600,=0.0025,=36.4707,=0.8878,=15.7028,=21.2829,=25.5686,=33.2821,=49.4567,=2.4591,=0.8021,=1.3824,=1.7163,=1.9213,=2.4495,=3.0628,=1.7033,=0.8280,=0.8118,=1.0305,=1.1724,=1.6050,=2.2566,=0.0129,=0.3229,=0.0064,=0.0118,=0.0143,=0.0184,=0.0237,=0.0210,=0.0620,=0.0169,=32
="000962",中证中游,2010-04-16,,,=0.1545,=36.5292,=0.9711,=12.7529,=17.3536,=20.1642,=27.2879,=43.3218,=3.4852,=0.9864,=1.5782,=1.9009,=2.2461,=2.5998,=4.0998,=1.7125,=0.9852,=0.6672,=0.8352,=0.9898,=1.1394,=2.0187,=0.0107,=0.2045,=0.0081,=0.0106,=0.0151,=0.0183,=0.0221,=0.0222,=0.0826,=0.0192,=15
="000814",细分医药,2012-04-11,=0.0141,=8424.2700,=0.0093,=36.5438,=0.7526,=21.8871,=27.2039,=32.7462,=37.7216,=60.8250,=3.3862,=0.2742,=2.4219,=3.2072,=4.1047,=4.8855,=7.4081,=2.8307,=0.4627,=1.7858,=2.2898,=2.8943,=3.6287,=5.4819,=0.0146,=0.8396,=0.0055,=0.0075,=0.0096,=0.0137,=0.0215,=0.0283,=0.0890,=0.0304,=407
="930712",CS物联网,2015-07-31,=0.0152,=4901.4957,=0.1752,=36.6043,=0.7604,=21.9217,=27.4652,=32.4305,=37.3351,=50.1215,=5.1959,=0.8247,=2.7515,=3.4472,=4.0807,=4.9581,=7.1882,=2.7341,=0.8416,=1.2084,=1.7388,=2.0107,=2.4974,=3.5102,=0.0125,=0.6660,=0.0070,=0.0089,=0.0113,=0.0139,=0.0190,=0.0346,=0.1340,=0.0303,=163
="399088",深创100,2020-02-18,=0.0282,=5535.2200,=0.0966,=36.6392,=0.7449,=15.3025,=22.0043,=27.1514,=38.8804,=56.8187,=5.1709,=0.7287,=2.2889,=3.3015,=4.0773,=5.3921,=6.8856,=3.4865,=0.7301,=1.4223,=1.9816,=2.4931,=3.7536,=5.1281,=0.0094,=0.2713,=0.0058,=0.0087,=0.0130,=0.0163,=0.0258,=0.0356,=0.1522,=0.0358,=73
="931783",智能驾驶,2022-02-21,,,=-0.1813,=36.8187,=0.0520,=31.9944,=40.0411,=46.5192,=68.6480,=98.5983,=3.0306,=0.0641,=2.5981,=3.3287,=3.5642,=3.9569,=4.9384,=1.6600,=0.1431,=1.3276,=1.7244,=1.9314,=2.1218,=2.7953,=0.0094,=0.9926,=0.0048,=0.0063,=0.0071,=0.0081,=0.0097,=0.0149,=0.0928,=0.0256,=16
="H30597",新材料,2015-02-13,=0.0372,=4594.9622,=0.1076,=36.8922,=0.6115,=14.0729,=21.7626,=33.2772,=44.0535,=73.7630,=3.8618,=0.5967,=2.1817,=2.8826,=3.6702,=5.2685,=8.9168,=2.6459,=0.4437,=1.2938,=2.0086,=2.7516,=3.7927,=7.1680,=0.0126,=0.6202,=0.0037,=0.0058,=0.0105,=0.0146,=0.0237,=0.0294,=0.0908,=0.0200,=316
="931186",中证科技,2019-05-30,=0.0177,=7566.5688,=0.1304,=37.0139,=0.5276,=19.1938,=30.4121,=36.3142,=46.6500,=73.9401,=4.9916,=0.6550,=2.6301,=3.6095,=4.5632,=6.3450,=8.1242,=3.0398,=0.5801,=1.4264,=2.0933,=2.7855,=4.5320,=6.0737,=0.0105,=0.6446,=0.0037,=0.0053,=0.0085,=0.0128,=0.0201,=0.0291,=0.1226,=0.0174,=953
="399316",巨潮小盘,2005-02-03,=0.0278,=6024.5000,=0.0019,=37.1101,=0.7736,=17.4883,=24.6121,=29.2581,=38.0083,=56.3264,=2.1172,=0.6503,=1.3049,=1.7086,=1.9640,=2.4262,=3.1993,=1.3314,=0.6190,=0.7478,=1.0120,=1.2294,=1.6347,=2.5524,=0.0147,=0.6718,=0.0061,=0.0102,=0.0128,=0.0162,=0.0214,=0.0167,=0.0444,=0.0142,=22
="399625",中创500,2011-08-15,=0.0312,=2570.7800,=0.0551,=37.6045,=0.6029,=20.4615,=28.9847,=35.6912,=40.9682,=52.5750,=3.7826,=0.5876,=2.1192,=2.8827,=3.5469,=4.3117,=5.2507,=2.6922,=0.5229,=1.4713,=2.0764,=2.6281,=3.4304,=4.4106,=0.0109,=0.6870,=0.0057,=0.0072,=0.0093,=0.0124,=0.0196,=0.0265,=0.0951,=0.0239,=164
="931250",港股通创新药,2012-07-20,=-0.0039,=1033.9122,=0.0304,=37.6234,=0.5714,=21.4435,=32.4996,=36.4099,=44.5093,=63.0533,=3.5815,=0.7014,=1.5232,=1.8309,=2.3357,=3.8182,=4.5255,=6.0412,=0.7057,=1.4727,=1.7585,=2.3268,=6.5262,=7.7209,=0.0080,=0.2829,=0.0059,=0.0076,=0.0136,=0.0163,=0.0196,,=0.1071,,=122
="931787",港股创新药,2018-08-14,=-0.0037,=1286.0827,=0.0253,=37.6234,=0.4255,=20.8973,=29.5381,=43.8241,=79.4756,=400.8209,=3.5815,=0.6600,=1.5132,=2.3067,=2.9689,=4.1367,=5.7621,=6.0412,=0.8965,=0.8553,=1.3122,=2.0810,=3.3308,=7.7308,=0.0080,=0.3305,=0.0045,=0.0069,=0.0103,=0.0136,=0.0202,,=0.1071,,=778
="1000011",A股非金融,1994-01-10,,,,=37.6294,=0.8000,=17.5718,=25.5269,=28.6060,=37.6294,=43.6945,=2.5034,=0.6190,=1.6561,=2.0403,=2.3286,=2.6926,=2.9749,=1.5656,=0.7897,=0.9476,=1.1421,=1.3066,=1.5707,=1.8156,=0.0159,=0.4911,=0.0087,=0.0120,=0.0160,=0.0192,=0.0256,=0.0205,=0.0612,=0.0189,=810
="399276",创科技,2020-10-26,=0.0307,=8793.1000,=0.0850,=37.7573,=0.4941,=20.4624,=26.4949,=37.8929,=57.4379,=84.1667,=6.7979,=0.6757,=3.5855,=4.4354,=5.8221,=8.5179,=12.0896,=5.3117,=0.6441,=2.4145,=3.3545,=4.7685,=8.7506,=12.2359,=0.0107,=0.5824,=0.0023,=0.0035,=0.0084,=0.0162,=0.0221,=0.0430,=0.1724,=0.0380,=11
="399667",创业成长,2013-01-07,=0.0300,=6598.9300,=0.1940,=38.1826,=0.4796,=21.3636,=29.5830,=38.5603,=51.7989,=90.9628,=6.9708,=0.7662,=2.9224,=4.0916,=4.8759,=7.5404,=10.8589,=5.4817,=0.6511,=2.4713,=3.4035,=4.6724,=6.7835,=10.3001,=0.0089,=0.7542,=0.0027,=0.0042,=0.0063,=0.0096,=0.0182,=0.0481,=0.1635,=0.0355,=95
="399101",中小综指,2005-12-01,=0.0298,=14218.5400,=-0.0225,=38.3051,=0.4223,=22.7937,=34.4929,=40.5744,=46.3045,=65.2068,=2.6773,=0.4111,=1.7151,=2.3689,=2.7946,=3.4103,=4.6265,=1.8177,=0.3089,=1.1654,=1.6542,=2.0024,=2.5681,=3.9244,=0.0125,=0.7390,=0.0054,=0.0083,=0.0107,=0.0134,=0.0200,=0.0208,=0.0674,=0.0195,=25
="931688",中证算力,2022-07-21,,,=0.3620,=38.3696,=0.9320,=18.0036,=20.7590,=23.8763,=32.3234,=44.9092,=4.0833,=0.9358,=1.6529,=1.9006,=2.2737,=3.3534,=4.7747,=2.8806,=0.9345,=1.3731,=1.5925,=1.8123,=2.4868,=3.3716,=0.0153,=0.0655,=0.0131,=0.0192,=0.0262,=0.0299,=0.0338,=0.0245,=0.1011,=0.0224,=106
="1000012",中小板全指,2005-12-01,=0.0298,=14218.5400,=-0.0225,=38.5302,=0.4136,=22.6352,=35.3655,=41.1866,=48.0503,=73.8161,=2.6923,=0.4120,=1.7125,=2.3729,=2.8080,=3.4393,=4.6213,=1.7942,=0.3043,=1.1448,=1.6386,=1.9801,=2.5644,=3.9110,=0.0124,=0.7303,=0.0054,=0.0081,=0.0108,=0.0134,=0.0200,=0.0209,=0.0671,=0.0194,=567
="399673",创业板50,2014-06-18,=0.0320,=3822.4800,=0.1275,=38.7258,=0.3839,=20.6075,=30.6784,=42.3860,=57.2675,=106.7499,=6.9162,=0.7390,=3.1473,=4.3234,=5.2416,=7.5532,=11.7288,=5.2067,=0.3979,=2.6907,=4.1383,=5.4948,=7.7414,=13.3154,=0.0089,=0.7740,=0.0021,=0.0036,=0.0049,=0.0094,=0.0190,=0.0447,=0.1569,=0.0355,=5564
="399363",云科技,2009-08-03,=0.0153,=13015.4400,=0.3930,=38.8503,=0.3113,=25.0041,=36.0760,=41.6572,=48.9580,=74.9161,=4.3784,=0.3625,=3.0187,=3.9521,=4.6643,=5.5540,=10.4646,=2.9982,=0.4837,=1.6015,=2.2265,=3.0649,=3.7170,=4.3826,=0.0141,=0.9823,=0.0046,=0.0055,=0.0069,=0.0103,=0.0159,=0.0491,=0.1469,=0.0254,=284
="930719",CS精准医,2015-08-05,=0.0267,=2871.3175,=0.0801,=39.2464,=0.2342,=29.3195,=37.8426,=52.0382,=66.9558,=102.1078,=4.7460,=0.2703,=3.4982,=4.5459,=6.0100,=8.9801,=14.5104,=7.1052,=0.4490,=5.1956,=6.1901,=7.4160,=10.6122,=18.8625,=0.0073,=0.5781,=0.0022,=0.0041,=0.0068,=0.0105,=0.0164,=0.0301,=0.1091,=0.0230,=341
="399364",消费100,2009-08-03,=0.0169,=12616.4400,=0.1688,=39.3380,=0.9242,=15.8540,=22.5761,=26.7460,=34.5899,=49.3766,=5.3723,=0.8322,=2.6561,=3.2996,=3.7697,=4.7652,=7.3266,=2.6821,=0.8195,=1.3127,=1.6668,=1.9143,=2.5207,=4.2956,=0.0121,=0.2399,=0.0070,=0.0116,=0.0160,=0.0191,=0.0241,=0.0306,=0.1191,=0.0345,=314
="399293",创业大盘,2019-04-18,=0.0313,=7252.3100,=0.1191,=39.6791,=0.4325,=20.6573,=29.5490,=41.3738,=54.1377,=71.9327,=7.0486,=0.6342,=3.4452,=4.7274,=6.2608,=9.1919,=13.4901,=5.0328,=0.3432,=2.8408,=4.0162,=5.6710,=9.8870,=14.8309,=0.0092,=0.6377,=0.0029,=0.0046,=0.0072,=0.0121,=0.0196,=0.0411,=0.1554,=0.0377,=179
="H30178",医疗保健,2013-07-15,=0.0267,=11750.1318,=-0.1344,=40.0925,=0.4029,=19.5848,=32.8016,=45.0514,=65.5277,=123.2936,=2.6829,=0.0111,=2.5190,=3.3719,=5.5467,=7.3335,=12.4381,=4.4064,=0.0082,=4.1521,=5.3866,=6.2686,=8.1023,=14.2518,=0.0150,=0.8070,=0.0029,=0.0041,=0.0058,=0.0149,=0.0219,=0.0196,=0.0653,=0.0216,=555
="931590",500成长创新,2020-11-09,=0.0169,=28973.0419,=0.0668,=40.1795,=0.9809,=14.5054,=17.7896,=20.2654,=27.3521,=46.8480,=4.6496,=0.9809,=1.6442,=2.3242,=2.6608,=3.3024,=5.3919,=4.7720,=0.9809,=1.3106,=1.9790,=2.2828,=2.7108,=5.5640,=0.0087,=0.0191,=0.0074,=0.0129,=0.0171,=0.0210,=0.0252,=0.0292,=0.1277,=0.0317,=89
="H30217",医疗器械,2013-07-15,=0.0252,=8517.1346,=-0.1325,=40.5627,=0.5245,=17.1055,=29.5762,=39.4425,=56.9637,=81.2162,=2.6290,=0.0111,=2.4731,=3.2304,=4.7792,=6.5700,=11.6091,=4.7289,=0.0396,=4.1030,=5.3455,=6.0462,=8.1861,=13.3528,=0.0154,=0.7872,=0.0035,=0.0051,=0.0075,=0.0156,=0.0236,=0.0184,=0.0626,=0.0209,=1334
="932069",港股通医疗主题,2022-07-21,=0.0036,=964.9419,=-0.0260,=40.6940,=0.8988,=20.9778,=26.0768,=30.5165,=35.5462,=51.0900,=2.3776,=0.6745,=1.4397,=1.6217,=1.9786,=2.5976,=3.0086,=1.3269,=0.6916,=0.6760,=0.7735,=0.9816,=1.4160,=1.6308,=0.0121,=0.4128,=0.0073,=0.0087,=0.0130,=0.0158,=0.0250,,=0.0571,,=19
="931718",高端造质量成长50,2021-08-25,=0.0213,=3569.7740,=0.2353,=40.9462,=0.8797,=16.3078,=22.1082,=28.8860,=36.8855,=49.4696,=7.1141,=0.9184,=3.1255,=3.9328,=4.8487,=6.0093,=8.5001,=4.7763,=0.9563,=1.7207,=2.2487,=2.9756,=3.7751,=5.6653,=0.0089,=0.3701,=0.0046,=0.0066,=0.0110,=0.0151,=0.0205,=0.0328,=0.1450,=0.0326,=29
="931159",创新100,2019-05-16,=0.0167,=4215.3937,=0.2395,=41.4598,=0.6724,=24.8309,=32.3211,=36.2406,=46.3573,=59.7307,=5.7399,=0.8459,=2.9189,=3.6970,=4.3844,=5.5618,=7.4325,=4.7764,=0.7778,=2.3351,=3.1669,=3.7990,=4.8783,=6.6085,=0.0092,=0.5578,=0.0044,=0.0062,=0.0088,=0.0126,=0.0177,=0.0278,=0.1244,=0.0278,=229
="899050",北证50,2022-11-21,=0.0235,=1055.9200,=-0.2669,=41.8553,=0.5185,=15.5447,=18.5397,=32.6453,=63.1892,=91.3357,=3.6657,=0.5376,=2.0170,=2.4318,=3.0375,=4.9689,=5.6723,=3.1043,=0.5354,=1.3969,=1.7164,=2.1169,=4.2533,=5.1557,=0.0100,=0.4467,=0.0062,=0.0076,=0.0115,=0.0147,=0.0185,=0.0174,=0.0675,=-0.0021,=773
="930662",CS现代农,2015-07-13,=0.0109,=878.4381,=-0.1798,=42.0541,=0.7047,=13.0417,=20.5706,=28.6214,=61.4916,=301.1137,=2.2004,=0.0704,=1.8555,=2.5102,=2.8354,=3.1417,=4.3308,=0.9661,=0.1054,=0.8273,=1.0185,=1.1634,=1.5494,=2.1026,=0.0252,=0.9538,=0.0046,=0.0098,=0.0128,=0.0165,=0.0291,=-0.0091,=0.0850,=0.0345,=53
="399285",物联网50,2020-02-18,=0.0209,=7976.4800,=0.2628,=42.2442,=0.8691,=21.8675,=26.4266,=31.6682,=38.6226,=48.9860,=6.0087,=0.9399,=2.6765,=3.4143,=4.0298,=5.3229,=6.9158,=3.8268,=0.9683,=1.7407,=2.0213,=2.4356,=3.1312,=4.3982,=0.0109,=0.3394,=0.0076,=0.0096,=0.0121,=0.0148,=0.0214,=0.0353,=0.1364,=0.0304,=93
="930965",HKC医药C,2017-06-23,=-0.0015,=3190.2077,=-0.0149,=42.2763,=0.5785,=18.1989,=25.7532,=33.2638,=72.1504,=6384.2329,=2.5881,=0.4559,=1.4216,=1.9473,=2.6915,=3.6944,=6.9841,=1.5032,=0.6836,=0.7160,=1.0312,=1.3301,=1.7219,=3.7092,=0.0107,=0.4639,=0.0038,=0.0078,=0.0109,=0.0142,=0.0248,,=0.0645,,=158
="399315",巨潮中盘,2005-02-03,=0.0232,=4976.1600,=0.0456,=42.6521,=0.9258,=14.3715,=18.4227,=22.9154,=29.8424,=49.3940,=2.6319,=0.8470,=1.5252,=1.8923,=2.1501,=2.5856,=3.0245,=2.0355,=0.9893,=0.8408,=1.2254,=1.4278,=1.6511,=2.3572,=0.0124,=0.2606,=0.0082,=0.0116,=0.0158,=0.0221,=0.0288,=0.0239,=0.0707,=0.0202,=20
="399959",军工指数,2011-08-30,=0.0208,=1493.5800,=-0.1773,=43.1399,=0.0779,=34.5950,=50.4944,=60.4253,=72.5133,=156.6364,=2.7121,=0.2209,=2.0269,=2.6519,=3.2524,=4.0215,=5.9912,=2.3901,=0.0404,=2.1044,=2.6871,=3.2964,=3.8772,=5.2606,=0.0074,=0.8730,=0.0021,=0.0029,=0.0038,=0.0066,=0.0095,=0.0143,=0.0591,=0.0108,=9
="399296",创成长,2019-01-23,=0.0374,=8050.6500,=0.2918,=43.2850,=0.4923,=22.4911,=30.8886,=43.7779,=63.9125,=104.6935,=8.9353,=0.6898,=3.9463,=4.9388,=7.0355,=10.7063,=14.9802,=5.7131,=0.4664,=2.5417,=3.4675,=5.8517,=11.9147,=17.3385,=0.0073,=0.6144,=0.0016,=0.0027,=0.0061,=0.0106,=0.0200,=0.0584,=0.2040,=0.0396,=1078
="399803",工业4.0,2015-02-13,=0.0190,=6228.4900,=0.1579,=43.3560,=0.6948,=19.7294,=27.9595,=36.1500,=47.4003,=61.8732,=5.0868,=0.7023,=2.6645,=3.4308,=4.3466,=5.6549,=8.0266,=2.4550,=0.4656,=1.5023,=2.0108,=2.5296,=3.2338,=4.7574,=0.0093,=0.5390,=0.0032,=0.0061,=0.0087,=0.0123,=0.0202,=0.0258,=0.1072,=0.0218,=485
="000852",中证1000,2014-10-17,=0.0333,=7228.7800,=-0.0483,=43.5945,=0.7064,=18.9344,=30.9274,=37.8109,=47.9229,=79.6160,=2.3349,=0.4136,=1.4880,=2.1060,=2.4352,=2.9099,=4.1599,=1.6478,=0.5616,=0.9250,=1.3827,=1.5867,=1.9315,=3.4714,=0.0113,=0.6474,=0.0038,=0.0082,=0.0106,=0.0125,=0.0194,=0.0158,=0.0499,=0.0155,=7426
="HSIDI",恒生创新药指数,2023-01-01,=-0.0044,=2549.3500,=-0.0536,=43.9089,=0.1819,=21.3081,=44.9145,=54.1808,=106.0738,=157.2991,=3.4534,=0.7426,=1.7148,=2.1344,=2.6863,=3.9343,=5.1867,=3.0741,=0.7288,=1.5892,=1.8381,=2.3342,=3.3930,=4.4669,=0.0087,=0.2426,=0.0053,=0.0079,=0.0123,=0.0144,=0.0173,,=0.0896,,=246
="HSSCID",恒生港股通创新药指数,2023-07-01,=-0.0060,=2953.9900,=-0.0661,=43.9089,=0.4807,=20.9262,=38.9898,=44.1265,=61.0169,=216.1774,=3.4534,=0.7071,=1.6870,=2.0213,=2.5960,=4.0820,=5.1867,=3.0741,=0.6937,=1.6002,=1.8880,=2.4506,=3.5369,=4.4669,=0.0087,=0.2903,=0.0053,=0.0076,=0.0122,=0.0151,=0.0187,,=0.0902,,=118
="000998",中证TMT,2011-11-08,=0.0193,=3705.1303,=0.2600,=44.5970,=0.8305,=18.9989,=27.6163,=34.6442,=43.6265,=58.6698,=4.7677,=0.9559,=1.9674,=2.4618,=3.2922,=4.0002,=5.6742,=3.3592,=0.9864,=1.2505,=1.8092,=2.1803,=2.6316,=3.9991,=0.0112,=0.5806,=0.0048,=0.0067,=0.0091,=0.0185,=0.0284,=0.0233,=0.0900,=0.0196,=559
="399006",创业板指,2010-06-01,=0.0316,=3590.7900,=0.1210,=44.6343,=0.5963,=22.8885,=32.3387,=42.0386,=55.2938,=79.6826,=6.1755,=0.7480,=3.0035,=4.0151,=4.8501,=6.5359,=9.5804,=4.4212,=0.4652,=2.3312,=3.4103,=4.5340,=6.3506,=8.4805,=0.0088,=0.7468,=0.0032,=0.0048,=0.0064,=0.0098,=0.0180,=0.0369,=0.1330,=0.0313,=16688
="1000003",深圳A股,1994-01-01,=0.0293,=2490.1100,=-0.0161,=44.7585,=0.7588,=20.1337,=32.6807,=37.4310,=46.7672,=60.3260,=2.7626,=0.5464,=1.7026,=2.2996,=2.6852,=3.2178,=3.8682,=1.9913,=0.5460,=1.2021,=1.6469,=1.9189,=2.3735,=3.1873,=0.0127,=0.6837,=0.0070,=0.0091,=0.0117,=0.0136,=0.0208,=0.0203,=0.0553,=0.0180,=1830
="930986",金融科技,2017-06-22,=0.0258,=2128.7644,=-0.3180,=45.0200,=0.2477,=32.2484,=43.1417,=55.2882,=81.2377,=257.1796,=4.0741,=0.2228,=2.5474,=4.0230,=4.6777,=5.8123,=7.7786,=5.5976,=0.6594,=2.9625,=3.8758,=4.7660,=6.9988,=9.8281,=0.0088,=0.9393,=0.0040,=0.0051,=0.0059,=0.0073,=0.0120,=0.0192,=0.0872,=0.0151,=259
="931409",SHS创新药,2020-02-20,=0.0045,=2179.5239,=0.0344,=45.1942,=0.6827,=24.9819,=34.6298,=39.6484,=59.2166,=94.9889,=4.4275,=0.5738,=2.3431,=3.2795,=4.1319,=6.3447,=8.9149,=6.5729,=0.8026,=2.2896,=3.1969,=4.0489,=6.5518,=8.2645,=0.0087,=0.5381,=0.0036,=0.0052,=0.0084,=0.0114,=0.0166,,=0.0994,,=314
="931447",科技先锋,2020-04-21,=0.0223,=3407.0292,=0.1041,=45.4617,=0.7385,=19.0346,=27.3688,=37.1434,=48.0222,=82.3567,=5.6158,=0.6976,=2.7045,=3.4188,=4.3637,=6.7158,=10.6025,=3.0702,=0.6851,=1.4804,=1.9169,=2.4363,=3.7098,=7.0848,=0.0089,=0.4065,=0.0033,=0.0055,=0.0097,=0.0135,=0.0196,=0.0256,=0.0990,=0.0202,=19
="930651",CS计算机,2015-06-05,=0.0207,=7556.1150,=-0.0255,=45.6948,=0.2408,=33.6687,=44.3942,=56.4224,=66.9819,=115.0591,=4.7923,=0.6660,=2.6283,=3.7942,=4.3706,=5.1014,=6.5144,=2.9240,=0.2111,=2.0877,=2.9097,=3.6066,=4.2805,=5.5248,=0.0102,=0.9303,=0.0028,=0.0059,=0.0070,=0.0090,=0.0156,=0.0244,=0.0892,=0.0073,=658
="987018",港股通创新药,2021-11-18,,,=-0.0404,=46.1304,=0.4347,=22.9379,=35.8738,=49.6331,=95.6211,=537.2167,=3.7701,=0.6934,=1.6768,=2.3122,=3.2409,=4.1448,=6.0885,=5.5936,=0.5784,=2.6005,=3.5701,=5.3204,=7.0554,=12.1954,=0.0080,=0.5976,=0.0023,=0.0056,=0.0072,=0.0142,=0.0182,,=0.0844,,=326
="399291",创精选88,2019-11-06,=0.0373,=4724.2200,=0.0340,=47.1249,=0.3186,=32.8940,=42.2225,=54.3242,=65.2307,=106.4385,=3.1435,=0.3242,=1.8895,=2.8595,=3.4058,=3.9289,=4.9331,=3.4290,=0.6583,=1.9655,=2.6277,=3.1118,=4.2887,=5.5728,=0.0099,=0.8314,=0.0042,=0.0051,=0.0072,=0.0093,=0.0134,=0.0173,=0.0556,=0.0131,=39
="399624",中创400,2011-08-15,=0.0354,=2546.0800,=-0.0097,=47.3311,=0.7819,=22.4097,=32.9060,=40.4838,=48.4547,=82.4491,=2.9258,=0.5402,=1.6720,=2.4135,=2.8474,=3.4086,=5.1193,=2.3481,=0.5736,=1.2865,=1.8978,=2.2295,=2.6953,=4.4480,=0.0103,=0.6775,=0.0036,=0.0073,=0.0095,=0.0111,=0.0184,=0.0199,=0.0651,=0.0174,=228
="399012",创业300,2013-01-07,=0.0329,=4845.5700,=0.0740,=47.6572,=0.5019,=26.6250,=38.0630,=47.5792,=64.7716,=93.5585,=5.1783,=0.7122,=2.5798,=3.6214,=4.3426,=5.6548,=7.5462,=4.0479,=0.4371,=2.2146,=3.3208,=4.2595,=5.9858,=8.1007,=0.0087,=0.7732,=0.0034,=0.0045,=0.0061,=0.0090,=0.0164,=0.0308,=0.1020,=0.0249,=2
="930599",中证高装,2015-03-02,=0.0220,=10041.5889,=0.1914,=47.9024,=0.8499,=19.5438,=27.7467,=34.6585,=45.5330,=65.7817,=4.6795,=0.9839,=1.8509,=2.5592,=3.1126,=3.7213,=5.5770,=2.6502,=0.9505,=1.2322,=1.6106,=1.9489,=2.4252,=3.1551,=0.0083,=0.4128,=0.0049,=0.0067,=0.0092,=0.0120,=0.0171,=0.0227,=0.0865,=0.0192,=118
="000958",创业成长,2010-03-24,,,=0.1199,=48.1967,=0.9798,=11.9506,=17.5032,=24.3293,=30.6864,=61.3903,=11.4744,=0.9901,=2.6815,=3.7899,=5.1668,=6.3626,=14.5711,=6.0815,=0.9802,=1.2937,=1.9105,=2.5442,=3.9715,=7.7463,=0.0054,=0.0594,=0.0040,=0.0067,=0.0090,=0.0140,=0.0209,=0.0493,=0.2198,=0.0640,=665
="931785",智选沪深港科技50,2025-06-27,=0.0207,=2836.9731,=0.1899,=48.7256,=0.9118,=31.7791,=35.2054,=37.2034,=40.4434,=55.2390,=5.4804,=0.8051,=3.8679,=4.3856,=4.8191,=5.4763,=6.1942,=3.6039,=0.8529,=2.2695,=2.6185,=2.9953,=3.5042,=4.0650,=0.0053,=0.0993,=0.0046,=0.0073,=0.0079,=0.0091,=0.0100,,,,=10
="399303",国证2000,2014-03-28,=0.0340,=9306.2500,=-0.0652,=48.7876,=0.7320,=23.3937,=36.3012,=42.0166,=53.0417,=94.3111,=2.3576,=0.5670,=1.4941,=2.0787,=2.2964,=2.7259,=4.0650,=1.7958,=0.6990,=1.0643,=1.3926,=1.5530,=2.1039,=3.4322,=0.0108,=0.6334,=0.0040,=0.0086,=0.0104,=0.0118,=0.0187,=0.0140,=0.0453,=0.0143,=721
="931152",CS创新药,2019-04-22,=0.0219,=1936.4200,=0.0223,=48.9628,=0.6848,=27.6044,=36.7470,=43.2816,=52.9881,=74.6844,=4.1678,=0.4963,=2.5551,=3.3444,=4.1824,=5.9440,=8.7449,=5.8858,=0.8353,=2.2436,=2.9148,=3.4201,=5.6789,=9.4897,=0.0097,=0.6956,=0.0040,=0.0058,=0.0086,=0.0105,=0.0150,=0.0271,=0.0786,=0.0224,=1933
="931380",科技50,2019-11-25,=0.0181,=4184.8688,=0.3245,=49.0119,=0.5408,=22.4426,=31.2533,=46.3132,=56.6265,=71.9143,=6.3024,=0.6968,=2.7627,=3.8731,=5.4766,=7.3557,=9.9144,=5.4927,=0.7667,=2.1802,=3.0686,=4.1481,=5.6596,=7.7525,=0.0085,=0.6881,=0.0035,=0.0051,=0.0076,=0.0104,=0.0163,=0.0253,=0.0951,=0.0118,=945
="399610",TMT50,2010-11-08,=0.0292,=12228.0700,=0.2762,=49.0741,=0.8953,=21.0331,=30.1605,=38.0622,=46.4590,=64.7172,=7.0063,=0.9856,=2.4071,=3.2240,=4.0363,=5.1747,=8.4969,=3.7047,=0.8016,=1.5843,=2.0120,=2.7280,=3.6994,=4.8392,=0.0066,=0.2759,=0.0046,=0.0061,=0.0080,=0.0121,=0.0161,=0.0296,=0.1080,=0.0206,=522
="930820",CS高端制,2016-05-11,=0.0241,=9735.9549,=0.1499,=49.0935,=0.9328,=21.5994,=28.9923,=36.5742,=43.3511,=58.8118,=4.4029,=0.9126,=2.0597,=2.7148,=3.1883,=3.8954,=5.2414,=2.8213,=0.9551,=1.1980,=1.7166,=2.0514,=2.4892,=3.3599,=0.0083,=0.2247,=0.0055,=0.0081,=0.0098,=0.0124,=0.0171,=0.0220,=0.0816,=0.0186,=314
="930821",中证VR,2016-05-11,=0.0313,=3393.0820,=0.0626,=49.6745,=0.6639,=17.6816,=32.0831,=43.1956,=56.0139,=175.0572,=3.5608,=0.7187,=1.7358,=2.3441,=2.8845,=4.0815,=5.0269,=2.0225,=0.5495,=1.1117,=1.4764,=1.9191,=2.8831,=3.7313,=0.0077,=0.2278,=0.0056,=0.0074,=0.0091,=0.0117,=0.0177,=0.0113,=0.0443,=0.0138,=146
="931480",线上消费,2020-05-06,=0.0325,=645.3946,=-0.2327,=49.7272,=0.2570,=33.5813,=47.7941,=65.8496,=96.4089,=132.5169,=2.7539,=0.3225,=1.9483,=2.5158,=3.0862,=3.6950,=5.0305,=2.7662,=0.7596,=1.1811,=1.5070,=1.8283,=2.9086,=4.8094,=0.0114,=0.9351,=0.0051,=0.0066,=0.0085,=0.0098,=0.0133,=0.0131,=0.0458,=0.0190,=74
="980030",消费电子,2015-02-17,=0.0230,=9236.4400,=0.2712,=50.4700,=0.8632,=18.6467,=31.6937,=39.0110,=47.7359,=65.6114,=4.8643,=0.9066,=2.0026,=2.5959,=3.0128,=4.2497,=6.3059,=2.4125,=0.8184,=1.1413,=1.3986,=1.5799,=2.3710,=3.4515,=0.0062,=0.1125,=0.0040,=0.0067,=0.0083,=0.0111,=0.0143,=0.0190,=0.0648,=0.0154,=387
="980015",疫苗生科,2015-02-16,=0.0303,=5760.3400,=-0.0836,=50.5278,=0.7206,=24.1714,=31.2048,=42.7767,=53.5881,=80.8207,=3.7901,=0.3272,=2.9980,=3.5743,=4.1073,=6.4642,=11.0606,=6.6061,=0.5404,=4.5746,=5.4879,=6.3900,=8.8458,=15.0694,=0.0101,=0.5309,=0.0026,=0.0055,=0.0099,=0.0133,=0.0175,=0.0223,=0.0693,=0.0219,=72
="399970",移动互联,2014-05-05,=0.0251,=5122.8100,=0.1483,=51.4872,=0.8466,=21.2604,=32.0602,=40.2094,=49.4546,=64.0807,=5.3458,=0.7414,=2.3944,=3.2977,=4.0649,=5.7108,=7.9573,=2.9865,=0.7113,=1.5790,=2.0679,=2.5539,=3.2750,=4.6665,=0.0074,=0.3913,=0.0043,=0.0057,=0.0082,=0.0107,=0.0143,=0.0246,=0.0808,=0.0175,=467
="930606",中证钢铁,2015-03-31,=0.0179,=903.5585,=-0.2244,=52.9199,=0.7452,=5.9346,=9.2015,=19.0117,=62.1814,=77593.1899,=0.9523,=0.2928,=0.7076,=0.9197,=1.0541,=1.3449,=2.0450,=0.4516,=0.4969,=0.2931,=0.3819,=0.4533,=0.6067,=1.2948,=0.0248,=0.4511,=0.0018,=0.0164,=0.0255,=0.0409,=0.0542,=0.0020,=0.0221,=0.0071,=771
="980022",机器人产业,2015-02-25,=0.0367,=2165,=-0.1842,=53.1963,=0.8057,=13.7974,=16.6614,=20.3610,=45.8399,=93.9438,=4.3863,=0.6726,=2.5198,=3.0601,=3.6503,=4.8090,=6.2730,=3.6648,=0.7880,=1.0172,=1.2356,=1.4325,=3.9347,=5.9220,=0.0061,=0.1937,=0.0039,=0.0078,=0.0204,=0.0296,=0.0381,=0.0186,=0.0892,=0.0245,=327
="950580",上证580,2025-06-16,=0.0318,=1966.4065,=0.0027,=53.3687,=0.0148,=51.7872,=62.4743,=67.9452,=71.4997,=79.6458,=2.2239,=0.1882,=1.8567,=2.2411,=2.3493,=2.6350,=2.8840,=1.6815,=0.1181,=1.5076,=1.7558,=1.9059,=1.9890,=2.1496,=0.0102,=0.8561,=0.0076,=0.0085,=0.0094,=0.0099,=0.0116,=0.0127,=0.0354,,=3
="931165",新兴科技100,2019-04-25,=0.0257,=10449.1225,=0.2279,=53.3900,=0.9721,=17.0055,=23.4077,=29.6127,=39.9025,=67.3989,=10.8260,=0.9795,=3.5721,=4.3398,=5.4050,=7.6160,=13.6689,=9.8901,=0.9761,=3.0368,=3.6545,=4.8536,=6.3753,=12.4159,=0.0061,=0.1354,=0.0047,=0.0069,=0.0092,=0.0150,=0.0264,=0.0515,=0.1919,=0.0378,=519
="H30535",互联网,2015-01-12,=0.0263,=5740.7723,=0.1839,=53.4944,=0.8862,=14.4753,=21.0249,=36.1351,=48.5064,=67.6316,=7.2463,=0.9839,=1.7453,=2.4475,=3.2616,=4.0633,=9.0569,=4.2114,=0.9769,=1.1519,=1.6628,=1.9929,=2.8676,=5.2637,=0.0063,=0.0804,=0.0048,=0.0074,=0.0108,=0.0121,=0.0190,=0.0359,=0.1165,=0.0168,=25
="H30590",机器人,2015-02-10,=0.0251,=1771.2429,=-0.0718,=55.1737,=0.6115,=24.1742,=42.0198,=50.8648,=63.2897,=89.9138,=4.4140,=0.7955,=2.1765,=2.8831,=3.6950,=4.4271,=6.0751,=4.3099,=0.8033,=1.6011,=2.4247,=3.4042,=4.3026,=5.4887,=0.0072,=0.6272,=0.0045,=0.0055,=0.0069,=0.0079,=0.0128,=0.0149,=0.0720,=0.0144,=909
="399441",生物医药,2015-01-20,=0.0268,=2125.9600,=-0.0093,=55.2669,=0.7134,=21.8350,=32.3563,=47.7085,=64.0062,=119.0737,=3.3830,=0.2091,=2.3073,=3.3278,=6.3172,=7.8047,=13.6606,=6.4639,=0.2623,=3.6424,=5.8657,=9.3080,=13.8890,=21.5399,=0.0105,=0.7827,=0.0024,=0.0040,=0.0063,=0.0108,=0.0164,=0.0194,=0.0565,=0.0192,=1685
="931079",5G通信,2019-04-25,=0.0308,=2695.2059,=0.3980,=55.6763,=0.9670,=21.0709,=27.6062,=33.5812,=44.4813,=103.6981,=8.0020,=0.9733,=2.3623,=3.0425,=3.6217,=5.3014,=10.5199,=3.2122,=0.9710,=1.1916,=1.4898,=1.8784,=2.3466,=4.2354,=0.0059,=0.2344,=0.0036,=0.0056,=0.0083,=0.0121,=0.0152,=0.0389,=0.1398,=0.0276,=2279
="931066",军工龙头,2018-02-05,=0.0179,=2674.3144,=-0.2259,=55.9166,=0.8221,=29.1719,=35.0142,=42.9658,=53.1326,=100.5281,=3.0490,=0.1418,=2.2914,=3.1461,=3.6743,=4.6085,=6.9932,=2.7115,=0.1442,=2.1745,=2.8185,=3.4418,=4.1861,=5.8746,=0.0060,=0.0960,=0.0050,=0.0064,=0.0077,=0.0092,=0.0116,=0.0067,=0.0495,=0.0098,=1072
="931160",通信设备,2013-07-15,=0.0307,=20141.2563,=0.3028,=56.6578,=0.8165,=19.3231,=27.7990,=36.6958,=54.6170,=91.1971,=9.0378,=0.9790,=2.1520,=2.8712,=3.4260,=3.9732,=12.1269,=3.2352,=0.9757,=0.9706,=1.2833,=1.5072,=2.4398,=4.3558,=0.0064,=0.3435,=0.0028,=0.0051,=0.0077,=0.0150,=0.0221,=0.0428,=0.1280,=0.0276,=1277
="930743",中证生科,2015-08-26,=0.0188,=3152.0891,=-0.0428,=56.7633,=0.7398,=24.0733,=39.5208,=50.0745,=59.8284,=100.3520,=3.8536,=0.2012,=2.9526,=3.8475,=6.1382,=8.0612,=14.6705,=6.7051,=0.3064,=4.7455,=6.2659,=8.6505,=12.4329,=18.8359,=0.0089,=0.6660,=0.0025,=0.0045,=0.0060,=0.0106,=0.0169,=0.0226,=0.0618,=0.0204,=1224
="930726",CS生医,2015-08-05,=0.0154,=2448.0503,=0.0024,=56.8002,=0.7204,=24.4874,=31.9329,=48.5520,=61.8850,=107.1179,=4.6063,=0.2511,=3.1768,=4.4038,=6.8173,=8.5259,=14.2976,=8.1622,=0.3674,=4.8871,=6.8186,=9.7871,=12.5690,=19.9452,=0.0083,=0.5856,=0.0026,=0.0039,=0.0058,=0.0114,=0.0204,=0.0287,=0.0766,=0.0261,=837
="931696",科技50策略,2021-07-12,=0.0213,=26994.7733,=0.3401,=56.9914,=0.9534,=23.0047,=27.8321,=33.9168,=46.5872,=71.4621,=9.0156,=0.9477,=3.0567,=3.9182,=4.4672,=7.1108,=11.2899,=5.1243,=0.9379,=1.9010,=2.3666,=2.6767,=4.2159,=6.7093,=0.0053,=0.0343,=0.0042,=0.0064,=0.0098,=0.0121,=0.0167,=0.0396,=0.1271,=0.0285,=13
="399994",信息安全,2015-03-12,=0.0229,=1602.5300,=-0.1210,=57.6550,=0.3377,=35.0629,=52.8789,=67.0359,=85.7906,=183.5630,=3.5122,=0.2957,=2.3256,=3.3602,=3.8654,=4.4962,=6.2767,=2.6447,=0.0833,=2.1829,=2.8665,=3.2464,=3.8138,=5.1182,=0.0126,=0.9509,=0.0023,=0.0036,=0.0058,=0.0095,=0.0172,=0.0078,=0.0539,=0.0040,=87
="931866",中证机床,2022-05-09,=0.0334,=2195.0785,=0.2241,=59.8498,=0.8480,=28.6086,=36.9038,=40.6786,=56.0156,=85.2007,=6.4573,=0.9360,=2.8302,=3.7593,=4.3232,=5.1245,=9.1263,=5.2092,=0.9020,=2.4023,=3.1585,=3.4327,=4.3223,=7.3925,=0.0061,=0.1080,=0.0043,=0.0066,=0.0078,=0.0097,=0.0146,=0.0321,=0.1022,=0.0244,=160
="399973",中证国防,2014-04-15,=0.0242,=1507.8200,=-0.1893,=59.9346,=0.6078,=28.8580,=43.6048,=54.2028,=72.0710,=107.5808,=3.2688,=0.3179,=2.3880,=3.0104,=3.5702,=4.8527,=7.7047,=2.9624,=0.2948,=1.9566,=2.7338,=3.8513,=4.5424,=7.1179,=0.0060,=0.7369,=0.0024,=0.0035,=0.0046,=0.0064,=0.0100,=0.0086,=0.0535,=0.0095,=635
="399368",国证军工,2009-11-04,=0.0205,=6934.6100,=-0.1863,=60.1899,=0.4058,=38.1822,=54.2867,=63.5854,=78.0096,=107.0849,=2.9754,=0.4470,=2.0244,=2.5859,=3.0325,=3.5468,=4.3940,=2.8568,=0.3715,=1.8459,=2.5701,=3.1901,=3.6960,=4.8014,=0.0058,=0.8355,=0.0025,=0.0032,=0.0044,=0.0056,=0.0080,=0.0129,=0.0477,=0.0081,=15
="930967",港股通信息C,2017-06-23,=0.0163,=5034.9866,=0.0916,=60.1996,=0.9706,=9.7009,=25.8364,=34.9661,=45.2356,=82.6684,=3.9530,=0.5192,=1.0827,=1.5092,=3.7953,=5.9262,=9.2789,=1.7208,=0.4938,=0.3926,=0.6337,=2.0085,=4.3952,=6.3504,=0.0045,=0.1729,=0.0029,=0.0047,=0.0058,=0.0110,=0.0212,,=0.0915,,=10
="000915",300信息,2007-07-02,=0.0180,=4208.0949,=0.2945,=61.2750,=0.9748,=20.6178,=34.5626,=39.7745,=48.0285,=75.5831,=7.3913,=0.9864,=2.7398,=3.5399,=4.3483,=5.4270,=9.0762,=3.6691,=0.6437,=1.6744,=2.1697,=3.2147,=4.0792,=4.9963,=0.0062,=0.2210,=0.0049,=0.0061,=0.0077,=0.0100,=0.0144,=0.0247,=0.0971,=0.0166,=19
="931009",建筑材料,2013-07-15,=0.0148,=4932.7438,=-0.2144,=61.3117,=0.9666,=8.0662,=10.4038,=14.7992,=25.8581,=95.7816,=0.8133,=0.0126,=0.7557,=1.0121,=1.5016,=1.9926,=2.4800,=0.8917,=0.1169,=0.6904,=0.9562,=1.1604,=1.5167,=2.1670,=0.0294,=0.7162,=0.0085,=0.0227,=0.0261,=0.0309,=0.0487,=-0.0025,=0.0109,=-0.0006,=746
="931461",电子50,2009-07-22,=0.0179,=8087.6080,=0.3719,=61.4248,=0.9616,=20.3357,=30.2775,=36.3459,=48.4977,=76.5790,=7.4803,=0.9864,=2.5323,=3.1789,=3.6917,=5.3010,=9.2899,=3.6508,=0.9208,=1.1588,=1.7975,=2.0631,=3.1226,=4.5428,=0.0058,=0.0767,=0.0046,=0.0067,=0.0091,=0.0111,=0.0147,=0.0239,=0.0884,=0.0169,=440
="980080",成长100,2012-12-28,,,=0.2165,=61.6712,=0.7687,=39.4731,=45.0436,=49.7528,=64.0703,=82.4653,=6.9401,=0.8145,=3.0437,=3.6449,=5.6433,=6.8656,=9.2690,=4.3897,=0.7735,=2.0191,=2.4080,=3.0528,=4.5172,=5.8594,=0.0040,=0.1060,=0.0030,=0.0050,=0.0057,=0.0069,=0.0087,=0.0481,=0.1452,=0.0254,=230
="399967",中证军工,2013-12-26,=0.0253,=11188.1100,=-0.2015,=61.7018,=0.4272,=41.8350,=54.9002,=65.0172,=96.9839,=164.2289,=3.2402,=0.5373,=2.0425,=2.6005,=3.1766,=3.8159,=4.8699,=2.9795,=0.3592,=2.0545,=2.7207,=3.1166,=4.0092,=5.8225,=0.0054,=0.8157,=0.0021,=0.0030,=0.0039,=0.0054,=0.0081,=0.0129,=0.0501,=0.0096,=5966
="931087",科技龙头,2019-03-20,=0.0160,=7127.8199,=0.3560,=61.9243,=0.9776,=22.2848,=33.6364,=40.5793,=52.0795,=78.0359,=8.9092,=0.9860,=2.8190,=4.2279,=5.3061,=6.5204,=11.1808,=7.8139,=0.9860,=2.0316,=3.3112,=3.9778,=4.9608,=9.7717,=0.0051,=0.1610,=0.0037,=0.0054,=0.0064,=0.0086,=0.0172,=0.0321,=0.1080,=0.0209,=2090
="931494",消费电子,2020-06-12,=0.0194,=6609.7747,=0.2995,=62.0243,=0.9480,=20.2625,=31.9993,=38.5831,=51.6551,=77.9188,=6.3400,=0.9690,=2.1307,=2.8167,=3.5149,=5.0788,=7.9404,=3.1242,=0.9696,=1.3000,=1.6479,=1.9751,=2.6061,=3.9249,=0.0059,=0.2051,=0.0040,=0.0058,=0.0083,=0.0109,=0.0138,=0.0228,=0.0807,=0.0166,=226
="930850",智能制造,2016-07-20,=0.0158,=5986.5781,=0.2506,=62.7699,=0.9683,=23.4329,=32.6793,=41.5758,=50.1338,=78.5602,=6.2173,=0.9764,=2.5370,=3.5114,=4.1502,=5.0716,=7.7199,=3.7715,=0.8287,=1.5919,=2.3548,=2.7832,=3.5734,=5.3954,=0.0064,=0.2463,=0.0050,=0.0062,=0.0077,=0.0101,=0.0146,=0.0208,=0.0857,=0.0160,=362
="930707",中证畜牧,2015-07-13,=0.0128,=1810.7634,=-0.1797,=63.0664,=0.7282,=11.3375,=17.7937,=26.8852,=113.3570,=237.1331,=2.2501,=0.0136,=1.9910,=2.6750,=3.2909,=4.2106,=5.8838,=0.9242,=0.0524,=0.8185,=1.0306,=1.4204,=2.0764,=2.9452,=0.0255,=0.9237,=0.0033,=0.0095,=0.0142,=0.0211,=0.0303,=-0.0138,=0.0829,=0.0347,=1213
="930713",CS人工智,2015-07-31,=0.0139,=6617.9190,=0.2529,=63.2282,=0.8173,=24.8131,=43.8200,=53.2725,=62.6319,=90.1869,=8.9738,=0.9872,=2.8384,=3.9100,=4.7027,=5.4124,=10.4087,=5.3246,=0.9678,=2.3148,=3.1674,=3.7880,=4.3096,=6.3979,=0.0054,=0.3146,=0.0041,=0.0050,=0.0061,=0.0078,=0.0120,=0.0330,=0.1245,=0.0172,=1054
="1000007",创业板全指,2010-05-01,=0.0341,=4003.9100,=0.0236,=65.4280,=0.5563,=33.8134,=48.2400,=61.0186,=100.0107,=334.2333,=4.3964,=0.6173,=2.3083,=3.3593,=4.0479,=5.1935,=6.2717,=3.8366,=0.4202,=2.1439,=3.2922,=4.1054,=5.5470,=8.5247,=0.0079,=0.7835,=0.0033,=0.0046,=0.0060,=0.0081,=0.0148,=0.0212,=0.0638,=0.0178,=1924
="399019",创业200,2023-11-15,=0.0383,=4153.1900,=-0.0865,=65.6710,=0.2950,=45.1604,=59.9655,=83.7735,=110.4334,=137.0675,=3.1308,=0.4479,=1.8905,=2.4703,=3.2148,=3.8752,=4.5553,=3.0164,=0.6025,=1.7802,=2.3248,=2.8618,=3.4279,=4.2060,=0.0084,=0.6782,=0.0055,=0.0065,=0.0078,=0.0090,=0.0120,=0.0165,=0.0404,=0.0111,=85
="931071",人工智能,2018-11-21,=0.0165,=2914.6093,=0.2866,=65.6981,=0.9181,=30.9003,=39.7776,=48.5526,=57.1950,=77.4016,=9.7733,=0.9685,=2.9559,=3.9048,=4.7507,=5.9304,=11.5305,=5.8558,=0.9219,=2.2000,=2.8031,=3.2113,=4.1061,=9.3591,=0.0052,=0.1156,=0.0041,=0.0054,=0.0064,=0.0086,=0.0135,=0.0409,=0.1450,=0.0239,=1348
="931643",科创创业50,2021-06-01,=0.0205,=2564.1232,=0.2854,=65.8404,=0.8631,=22.6109,=28.6650,=40.2349,=58.6636,=92.9106,=8.3366,=0.8463,=3.3216,=4.1913,=5.1895,=7.2790,=12.1685,=7.6845,=0.8127,=2.7030,=3.4086,=4.6282,=7.4806,=14.6821,=0.0058,=0.3699,=0.0024,=0.0039,=0.0075,=0.0115,=0.0174,=0.0368,=0.1190,=0.0246,=1998
="930875",空天军工,2016-08-17,=0.0239,=1964.8452,=-0.1879,=66.2518,=0.6433,=27.3832,=45.5271,=55.6757,=73.5515,=98.7933,=3.6377,=0.5075,=2.4052,=3.1569,=3.6259,=4.9351,=7.9650,=3.2610,=0.4047,=2.1274,=2.8923,=3.6970,=4.5179,=7.7673,=0.0055,=0.6861,=0.0022,=0.0032,=0.0041,=0.0069,=0.0106,=0.0090,=0.0567,=0.0104,=103
="930633",中证旅游,2015-05-08,=0.0275,=2254.3499,=-0.3210,=68.4040,=0.3984,=15.8968,=21.9314,=1951.1042,=-51.0196,=11171.4579,=1.9789,=0.0882,=1.6473,=2.1572,=2.3568,=2.8097,=3.6934,=1.0469,=0.0058,=1.0072,=1.3190,=1.6058,=2.5762,=3.7607,=0.0094,=0.7901,=0.0014,=0.0038,=0.0081,=0.0094,=0.0147,=0.0208,=-0.0128,=-0.0016,=615
="930652",CS电子,2015-06-05,=0.0195,=13255.3578,=0.3513,=68.5856,=0.9852,=21.2056,=33.8173,=43.2207,=52.3004,=86.1406,=7.4618,=0.9880,=2.2039,=3.1461,=3.6477,=4.7927,=9.3375,=4.0688,=0.9880,=1.4014,=2.0216,=2.2988,=3.0605,=5.0793,=0.0051,=0.0157,=0.0040,=0.0063,=0.0077,=0.0104,=0.0141,=0.0249,=0.0838,=0.0162,=483
="930910",农牧渔,2016-12-12,=0.0139,=8068.6137,=-0.1909,=68.6645,=0.7188,=13.2246,=20.8869,=29.8934,=96.0925,=30031.8592,=2.1444,=0.0133,=1.9495,=2.4874,=2.9490,=3.6393,=4.9084,=0.9541,=0.0292,=0.8679,=1.0692,=1.4760,=2.0540,=2.7290,=0.0231,=0.9536,=0.0042,=0.0097,=0.0137,=0.0174,=0.0261,=-0.0088,=0.0664,=0.0304,=19
="000935",中证信息,2009-07-03,=0.0211,=8280.1800,=0.2901,=70.0825,=0.9753,=22.3783,=36.3294,=44.9593,=55.0541,=87.4284,=7.1792,=0.9876,=2.5910,=3.3282,=4.0442,=4.8173,=8.9117,=4.2252,=0.9769,=1.7187,=2.2023,=2.7264,=3.5199,=5.2392,=0.0053,=0.0713,=0.0042,=0.0059,=0.0072,=0.0094,=0.0127,=0.0237,=0.0833,=0.0137,=1121
="932088",全指航空,2023-03-23,=0.0232,=670.6105,=-0.2362,=70.2988,=0.6094,=36.9197,=49.1572,=67.1132,=88.1981,=116.5746,=3.2400,=0.3362,=2.3948,=3.0374,=3.3869,=3.8506,=4.9751,=2.9473,=0.2138,=2.2988,=2.9063,=3.5636,=4.0386,=4.9356,=0.0054,=0.2855,=0.0041,=0.0052,=0.0061,=0.0070,=0.0090,=0.0077,=0.0470,=0.0092,=46
="H30318",科技传媒通信150,2014-04-15,=0.0249,=4292.7129,=0.3961,=70.5338,=0.9682,=19.8534,=28.8631,=38.1291,=49.9301,=90.7292,=10.1456,=0.9876,=2.0037,=2.4801,=3.5037,=4.3620,=13.0479,=5.3014,=0.9827,=1.2409,=1.8640,=2.3034,=2.8035,=6.8164,=0.0040,=0.0165,=0.0031,=0.0058,=0.0072,=0.0165,=0.0244,=0.0368,=0.1091,=0.0211,=45
="930790",CS娱乐TI,2016-03-22,=0.0354,=1057.1876,=-0.2564,=70.7199,=0.6874,=17.3299,=32.7750,=49.5380,=79.4749,=245.3480,=2.1861,=0.2332,=1.6576,=2.1371,=2.5434,=3.1124,=3.8872,=2.3898,=0.0332,=2.2057,=2.7637,=3.2217,=4.0303,=5.0752,=0.0171,=0.8934,=0.0039,=0.0093,=0.0124,=0.0152,=0.0240,=0.0124,=0.0200,=0.0156,=17
="931845",生猪产业,2012-04-11,,,=-0.1967,=71.0493,=0.7798,=12.7881,=21.1629,=29.0076,=101.0404,=705.7713,=2.5284,=0.0148,=2.2394,=2.8819,=3.4616,=4.1193,=5.7536,=0.9393,=0.0371,=0.8323,=1.0340,=1.6319,=2.1565,=2.8287,=0.0278,=0.9241,=0.0091,=0.0130,=0.0171,=0.0206,=0.0316,=-0.0154,=0.0788,=0.0361,=162
="000993",全指信息,2011-08-02,=0.0215,=10945.3400,=0.2897,=71.3480,=0.8511,=27.3163,=42.0292,=52.3360,=68.1659,=96.2351,=7.1526,=0.9876,=2.5265,=3.2907,=4.0167,=4.7003,=8.9424,=4.3123,=0.9216,=1.8009,=2.3376,=2.8251,=3.4660,=5.3826,=0.0051,=0.1489,=0.0039,=0.0053,=0.0064,=0.0084,=0.0117,=0.0221,=0.0751,=0.0134,=4090
="931582",数字经济,2020-11-09,=0.0090,=1833.4004,=0.2418,=73.1278,=0.9162,=35.0365,=43.9782,=50.2927,=66.7274,=88.8203,=8.1404,=0.9545,=3.4564,=4.9140,=5.6851,=6.6586,=9.8458,=7.5071,=0.7776,=2.4970,=3.9440,=5.8682,=7.6879,=11.8341,=0.0041,=0.0549,=0.0032,=0.0048,=0.0057,=0.0067,=0.0087,=0.0236,=0.0954,=0.0158,=187
="931469",云计算50,2020-06-12,=0.0201,=4131.0956,=0.1153,=73.5228,=0.6264,=43.1726,=58.4230,=68.7136,=81.9061,=130.8911,=10.0905,=0.9737,=3.0031,=3.8843,=5.1117,=6.2441,=11.7205,=5.5788,=0.9649,=2.2186,=2.8703,=3.5162,=4.2813,=6.4913,=0.0024,=0.0189,=0.0021,=0.0033,=0.0043,=0.0056,=0.0085,=0.0385,=0.1212,=0.0175,=60
="970070",创业板人工智能,2024-07-11,=0.0288,=7309.7500,=0.2328,=76.9593,=0.3765,=48.3861,=71.9245,=81.3643,=94.0886,=119.1606,=12.1781,=0.9008,=3.3467,=5.1121,=6.3136,=9.9386,=15.2749,=9.6010,=0.8623,=3.4016,=4.9545,=6.1312,=9.2177,=12.0918,=0.0035,=0.1761,=0.0027,=0.0036,=0.0052,=0.0066,=0.0096,=0.0381,=0.1206,=0.0167,=232
="931144",通信技术,2019-05-30,=0.0418,=3736.6212,=0.6050,=77.6219,=0.9516,=22.8153,=30.4361,=36.9743,=51.5263,=113.1406,=11.4899,=0.9735,=2.5671,=3.1093,=3.7006,=4.7887,=15.3977,=7.0577,=0.9718,=1.6428,=2.1053,=2.4918,=3.4013,=9.4991,=0.0029,=0.0288,=0.0021,=0.0044,=0.0065,=0.0101,=0.0166,=0.0432,=0.1354,=0.0299,=251
="930851",云计算,2016-07-20,=0.0192,=6417.5445,=-0.0101,=79.1481,=0.6163,=37.0632,=53.0688,=67.9605,=96.3216,=313.0672,=8.6356,=0.9794,=2.7148,=3.6071,=4.3089,=5.4487,=9.9453,=5.5922,=0.9794,=1.6839,=2.4287,=3.1285,=3.7690,=6.4649,=0.0026,=0.0531,=0.0021,=0.0031,=0.0037,=0.0050,=0.0080,=0.0301,=0.0896,=0.0112,=468
="932038",央企科技引领,2022-11-16,=0.0246,=1798.1311,=0.2015,=79.6616,=0.8277,=31.0707,=37.8429,=45.0327,=77.6165,=100.6860,=5.3551,=0.8624,=2.7684,=3.4813,=3.9837,=4.9211,=6.8336,=5.9076,=0.8747,=2.3932,=3.1602,=3.9291,=5.4266,=7.0751,=0.0053,=0.0906,=0.0042,=0.0063,=0.0085,=0.0108,=0.0151,=0.0105,=0.0636,=0.0096,=38
="CN5082",国证航天,2015-02-16,,,=-0.3057,=83.2542,=0.6634,=44.4252,=58.7037,=72.9861,=111.9350,=173.9279,=3.4564,=0.5237,=2.1924,=2.8239,=3.3393,=4.3093,=5.7391,=3.3320,=0.4895,=1.9232,=2.5629,=3.3592,=4.0786,=6.0090,=0.0045,=0.7495,=0.0021,=0.0030,=0.0038,=0.0049,=0.0082,=0.0055,=0.0382,=0.0066,=26
="931855",通用航空,2025-04-02,=0.0252,=900.7647,=-0.3025,=84.7253,=0.0439,=76.1514,=98.7083,=105.0099,=115.7101,=148.2866,=3.4919,=0.0282,=3.2007,=3.8803,=4.1471,=4.5959,=5.9420,=4.1441,=0.0157,=4.0348,=5.4509,=6.2809,=6.8918,=8.0546,=0.0053,=0.3135,=0.0042,=0.0050,=0.0059,=0.0063,=0.0073,=0.0068,=0.0445,,=4
="931521",高装细分50,2020-07-08,=0.0224,=2506.1437,=-0.2465,=85.1342,=0.7551,=33.8051,=48.5193,=58.4566,=96.6347,=160.3029,=3.5788,=0.2904,=2.5146,=3.4356,=4.1108,=4.9921,=6.8876,=3.6403,=0.1522,=2.7226,=3.8813,=4.4095,=5.0717,=6.7300,=0.0047,=0.2963,=0.0025,=0.0042,=0.0055,=0.0065,=0.0091,=0.0050,=0.0438,=0.0069,=78
="399993",CSWD生科,2015-05-08,=0.0254,=2468.8800,=-0.0527,=85.7251,=0.9555,=31.0960,=44.1993,=56.6512,=73.9822,=122.8633,=3.6640,=0.2132,=2.5928,=3.6188,=6.0606,=7.5857,=15.2283,=7.2815,=0.2986,=4.8204,=6.7135,=9.0711,=14.1664,=21.1379,=0.0096,=0.7175,=0.0023,=0.0039,=0.0062,=0.0104,=0.0144,=0.0163,=0.0356,=0.0147,=65
="931271",通信设备主题,2012-12-21,=0.0264,=4532.4845,=0.2558,=87.1961,=0.9219,=25.8971,=33.1304,=36.2668,=74.8125,=113.3155,=10.9793,=0.9414,=2.2261,=2.9040,=3.5831,=7.6512,=14.2344,=7.2040,=0.9261,=1.5689,=2.0562,=2.5707,=5.2400,=9.3619,=0.0029,=0.0544,=0.0022,=0.0048,=0.0082,=0.0099,=0.0129,=0.0351,=0.1175,=0.0256,=8
="932438",科创创业机器人,2025-05-16,,,=-0.0763,=91.2989,=0.7079,=67.6486,=77.2565,=84.2021,=94.4414,=120.6496,=5.0787,=0.0687,=4.9386,=5.2774,=5.6748,=6.2007,=6.8835,=5.3948,=0.0137,=5.2460,=5.7394,=6.0736,=6.6238,=7.4199,=0.0040,=0.5464,=0.0030,=0.0035,=0.0039,=0.0044,=0.0049,=0.0153,=0.0666,,=64
="980076",通用航空,2012-12-28,=0.0281,=2634.1900,=-0.2901,=91.9652,=0.2648,=69.9916,=80.8740,=101.0689,=127.2549,=158.1149,=3.3762,=0.3496,=2.7445,=3.2178,=3.5291,=4.0968,=5.1513,=4.0461,=0.1748,=3.4358,=4.0782,=4.3087,=4.9310,=6.3273,=0.0048,=0.3599,=0.0037,=0.0042,=0.0052,=0.0061,=0.0073,=0.0066,=0.0297,=0.0083,=65
="931247",中证信创,2012-12-21,=0.0193,=1382.3907,=-0.0555,=94.8147,=0.1224,=66.5979,=101.0494,=199.2014,=273.7410,=369.3964,=6.3844,=0.8715,=2.7947,=3.5090,=4.7186,=5.9964,=7.8335,=5.0349,=0.8384,=2.8203,=3.4240,=4.1565,=4.9220,=6.1894,=0.0035,=0.1591,=0.0029,=0.0036,=0.0042,=0.0052,=0.0076,=0.0271,=0.0400,=0.0016,=98
="H30202",软件指数,2013-07-15,=0.0261,=11077.9343,=-0.2652,=98.3092,=0.5476,=45.1036,=65.7516,=91.4775,=155.6957,=372.5263,=4.2316,=0.1311,=2.9348,=4.4977,=5.3812,=6.5957,=8.8705,=5.7037,=0.2388,=3.9010,=5.4106,=6.8412,=8.0254,=12.8069,=0.0074,=0.9559,=0.0022,=0.0033,=0.0044,=0.0054,=0.0102,=0.0053,=0.0344,=-0.0039,=321
="399020",创业小盘,2023-11-15,=0.0381,=1566.8400,=-0.1186,=100.3659,=0.2883,=48.5170,=82.1871,=146.0978,=212.1545,=256.8495,=3.1482,=0.4479,=1.8521,=2.4559,=3.2182,=3.8033,=4.3734,=3.1394,=0.4709,=1.9895,=2.5744,=3.1928,=3.7995,=4.2999,=0.0066,=0.4233,=0.0050,=0.0062,=0.0068,=0.0083,=0.0109,=0.0115,=0.0199,=0.0104,=11
="930601",中证软件,2015-03-10,=0.0258,=4785.4896,=-0.2389,=101.3451,=0.7052,=29.3378,=51.8564,=79.5511,=128.9417,=302.4908,=4.6659,=0.4994,=2.7207,=3.9641,=4.6661,=5.6655,=7.7270,=5.5954,=0.6697,=2.8007,=4.0731,=4.9558,=6.0534,=9.3609,=0.0071,=0.9526,=0.0026,=0.0036,=0.0044,=0.0053,=0.0101,=0.0078,=0.0385,=-0.0029,=400
="930902",中证数据,2016-10-18,=0.0151,=2925.5664,=-0.0826,=105.2649,=0.7051,=37.6891,=57.2160,=78.8154,=121.6903,=366.0842,=4.1329,=0.5695,=2.4001,=3.4277,=3.9991,=4.6749,=5.5171,=2.8022,=0.1563,=2.0473,=2.8800,=3.3716,=4.1586,=7.0542,=0.0039,=0.6605,=0.0020,=0.0030,=0.0035,=0.0047,=0.0091,=0.0025,=0.0339,=0.0011,=245
="932456",科创创业AI,2025-05-14,=0.0168,=3694.4170,=0.2698,=105.8096,=0.0881,=95.3901,=110.5170,=117.2170,=137.5117,=192.3777,=14.0261,=0.8780,=6.1464,=7.5873,=10.5242,=12.4177,=17.0303,=14.4576,=0.4475,=9.0747,=11.3873,=14.7323,=15.8603,=18.3647,=0.0019,=0.4881,=0.0016,=0.0017,=0.0019,=0.0024,=0.0030,=0.0437,=0.0985,,=59
="932000",中证2000,2023-08-11,=0.0352,=2851.7202,=-0.1097,=108.0732,=0.5840,=44.0427,=58.2834,=86.2394,=154.2748,=228.3990,=2.3672,=0.5224,=1.5089,=1.9797,=2.3469,=2.8570,=3.3036,=1.9550,=0.5966,=1.1809,=1.5578,=1.8449,=2.3290,=2.6726,=0.0088,=0.3908,=0.0062,=0.0077,=0.0091,=0.0114,=0.0155,=0.0098,=0.0154,=0.0097,=1200
="000698",科创100,2023-08-07,=0.0330,=1806.2000,=0.2389,=113.3006,=0.1379,=60.6995,=129.8723,=213.5330,=253.4379,=337.2511,=6.7485,=0.9248,=2.7397,=3.6142,=4.1961,=5.8415,=8.5061,=7.3285,=0.6741,=4.0312,=5.1109,=6.3027,=8.4391,=10.0837,=0.0031,=0.1407,=0.0025,=0.0033,=0.0054,=0.0064,=0.0089,=0.0093,=0.0369,=0.0028,=564
="000858",500信息,2013-11-06,=0.0283,=13518.2200,=0.2827,=114.3048,=0.9641,=25.3805,=43.9766,=64.2121,=89.9571,=209.3531,=6.6645,=0.9893,=2.1626,=2.9041,=3.3886,=3.9443,=8.5146,=7.1361,=0.9901,=1.1229,=1.9074,=2.6868,=3.6238,=9.1355,=0.0029,=0.0099,=0.0022,=0.0045,=0.0059,=0.0072,=0.0110,=0.0212,=0.0505,=0.0070,=351
="CN5075",国证信创,2015-02-16,,,=0.2969,=114.7336,=0.7145,=39.3034,=49.9577,=77.7914,=124.8635,=152.0158,=8.9722,=0.9543,=3.0386,=3.5587,=5.2126,=7.3071,=10.9595,=7.1485,=0.9637,=2.8415,=3.6939,=4.4221,=5.5064,=8.6847,=0.0022,=0.0379,=0.0018,=0.0030,=0.0058,=0.0080,=0.0108,=0.0268,=0.0598,=0.0136,=28
="932066",半导体行业精选,2023-11-10,=0.0045,=6227.3001,=0.5331,=114.8080,=0.9466,=50.1901,=65.1978,=82.9178,=98.9325,=142.8699,=9.7847,=0.9267,=3.1655,=4.1393,=6.7117,=8.3465,=12.2533,=14.8628,=0.9496,=6.6489,=8.3935,=10.6840,=12.4462,=18.4956,=0.0015,=0.0718,=0.0012,=0.0017,=0.0023,=0.0028,=0.0034,=0.0207,=0.0794,=0.0157,=2
="000683",科创生物,2022-05-09,=0.0230,=1012.4300,=-0.0559,=118.7909,=0.1455,=31.4909,=153.9776,=1853.1030,=-211.9623,=97054.3385,=6.4371,=0.8125,=4.0903,=4.8932,=5.4412,=6.3581,=7.9611,=10.1297,=0.4482,=7.6079,=9.2254,=10.3123,=11.4494,=14.1963,=0.0027,=0.0547,=0.0025,=0.0030,=0.0046,=0.0061,=0.0086,=0.0094,=0.0457,=0.0035,=59
="000690",科创成长,2022-11-04,=0.0306,=2353.6600,=0.2554,=121.1995,=0.6608,=26.4295,=44.8760,=82.7710,=155.3648,=288.8500,=13.5060,=0.8836,=3.7827,=4.8506,=5.5582,=12.1966,=18.2315,=14.8741,=0.8137,=2.7510,=4.0042,=5.3328,=14.5522,=20.0971,=0.0015,=0.0643,=0.0011,=0.0021,=0.0034,=0.0054,=0.0127,=0.0188,=0.1043,=0.0143,=142
="H30007",芯片产业,2012-12-20,=0.0041,=4753.3572,=0.5011,=141.2324,=0.9621,=24.2382,=40.3144,=70.8722,=112.3327,=186.5687,=10.1006,=0.9843,=1.9412,=3.6288,=4.5075,=7.2209,=12.9184,=15.3490,=0.9901,=1.5871,=3.6851,=6.5343,=8.2921,=19.5328,=0.0011,=0.0095,=0.0008,=0.0017,=0.0023,=0.0046,=0.0105,=0.0230,=0.0446,=0.0109,=534
="932087",集成电路,2023-03-29,=-0.0042,=1544.3222,=0.3636,=142.5681,=0.6708,=46.1239,=100.2890,=132.6164,=152.7509,=195.7770,=8.8222,=0.9404,=3.1405,=3.8999,=5.1739,=7.1195,=11.4486,=14.3807,=0.9553,=5.8347,=7.6173,=9.0692,=11.9189,=18.6728,=0.0013,=0.1093,=0.0010,=0.0014,=0.0018,=0.0022,=0.0029,=0.0203,=0.0481,=0.0079,=49
="980017",国证芯片,2015-02-17,=0.0034,=18780.7300,=0.4804,=142.9928,=0.9477,=30.3742,=55.7198,=80.7288,=107.7653,=227.4136,=10.6137,=0.9851,=3.1638,=4.0940,=5.7437,=7.4702,=13.5798,=16.4598,=0.9863,=3.6283,=5.7898,=6.6657,=8.0566,=20.9165,=0.0010,=0.0143,=0.0008,=0.0016,=0.0021,=0.0027,=0.0044,=0.0146,=0.0397,=0.0130,=2609
="H30184",半导体,2013-07-15,=0.0079,=14157.4615,=0.5385,=144.9193,=0.9847,=33.2056,=51.7038,=78.1046,=107.0825,=186.6477,=9.8827,=0.9658,=2.5082,=3.4224,=4.8577,=7.4302,=12.7528,=15.5776,=0.9901,=1.3963,=2.6456,=6.9939,=9.4079,=20.0377,=0.0013,=0.0132,=0.0010,=0.0018,=0.0025,=0.0036,=0.0070,=0.0203,=0.0527,=0.0094,=3366
="000699",科创200,2024-08-20,=0.0345,=1429.9900,=0.0836,=145.5754,=0.0730,=128.9087,=179.5766,=239.8703,=310.3413,=388.1174,=4.1045,=0.5515,=1.9770,=3.0267,=3.8841,=4.8874,=5.6874,=6.0977,=0.4936,=3.3605,=5.1082,=6.1277,=7.5048,=8.4376,=0.0049,=0.4871,=0.0033,=0.0040,=0.0050,=0.0067,=0.0100,=0.0066,=0.0165,=0.0029,=145
="990001",中华半导体芯片,2019-03-18,=0.0040,=18225.6798,=0.5077,=148.8048,=0.9793,=33.1780,=61.4160,=85.7843,=115.9990,=187.5449,=9.8632,=0.9737,=3.1429,=4.2743,=5.3274,=7.4579,=12.4905,=15.4815,=0.9866,=3.3238,=6.0875,=7.1189,=9.4826,=19.5120,=0.0011,=0.0129,=0.0008,=0.0016,=0.0021,=0.0028,=0.0056,=0.0177,=0.0410,=0.0101,=1384
="950161",科创新药,2024-08-23,=0.0225,=1273.2262,=0.0366,=154.3118,=0.0882,=113.6689,=-718.1129,=-149.1738,=-91.4385,=1578.9342,=9.3788,=0.5785,=4.9324,=6.7285,=8.9546,=10.3990,=12.9042,=12.1666,=0.4688,=8.4204,=10.1898,=12.3602,=14.2182,=17.6998,=0.0012,=0.3849,=0.0009,=0.0011,=0.0014,=0.0018,=0.0023,=0.0059,=0.0403,=-0.0091,=39
="931743",半导体材料设备,2012-12-21,=0.0348,=10319.7463,=1.0042,=171.9277,=0.9751,=30.1973,=39.8122,=60.6447,=86.9178,=224.0742,=13.0211,=0.9738,=2.5588,=3.4150,=4.2799,=6.9101,=17.1334,=19.5652,=0.9751,=2.5903,=3.1554,=3.8383,=10.8901,=25.3851,=0.0011,=0.0262,=0.0009,=0.0021,=0.0029,=0.0045,=0.0073,=0.0198,=0.0706,=0.0130,=276
="931594",卫星产业,2020-12-22,=0.0305,=836.0815,=-0.2594,=176.1085,=0.7075,=44.5603,=96.0917,=130.4711,=231.7337,=428.4930,=4.9045,=0.8944,=2.3588,=3.0554,=3.5177,=4.0465,=7.6413,=6.9155,=0.8612,=3.4655,=4.5381,=5.1590,=6.2019,=11.4514,=0.0033,=0.5613,=0.0023,=0.0027,=0.0032,=0.0052,=0.0086,=0.0019,=0.0317,=0.0057,=180
="000680",科创综指,2025-01-20,=0.0249,=1989.3100,=0.2154,=183.7004,=0.1973,=115.7401,=186.4019,=210.4084,=232.8423,=278.5830,=6.6439,=0.8932,=3.4337,=3.9557,=5.2040,=5.9451,=8.0513,=8.8051,=0.9096,=4.7291,=5.4858,=7.1363,=8.0452,=10.6066,=0.0027,=0.0849,=0.0023,=0.0032,=0.0037,=0.0050,=0.0065,=0.0091,=0.0262,=0.0033,=222
="000689",科创材料,2022-08-15,=0.0503,=1464.8000,=0.2082,=184.0641,=0.9634,=38.7753,=45.3989,=81.4828,=149.0250,=281.6880,=5.8345,=0.9686,=1.9307,=2.6224,=3.2394,=4.4716,=8.5314,=7.2621,=0.9707,=2.1963,=3.1325,=4.0478,=5.5559,=10.7722,=0.0027,=0.0272,=0.0019,=0.0045,=0.0064,=0.0079,=0.0117,=0.0126,=0.0258,=0.0058,=42
="1000014",科创板全指,2019-07-22,,,,=201.7646,=0.8718,=34.6058,=58.5196,=77.3925,=131.5869,=267.8356,=6.7266,=0.8535,=2.4875,=3.7965,=4.8997,=6.4692,=9.5957,=9.0338,=0.7541,=3.3799,=5.2108,=6.5554,=9.8601,=14.1086,=0.0027,=0.1488,=0,=0.0031,=0.0044,=0.0064,=0.0098,=0.0091,=0.0255,=0.0035,=1296
="931865",中证半导,2019-03-20,=0.0249,=9283.4334,=0.8759,=205.0653,=0.9780,=32.8138,=45.2118,=73.4285,=126.9432,=255.0466,=12.6426,=0.9700,=3.3892,=4.1483,=5.2521,=8.2864,=15.8034,=23.3052,=0.9780,=6.4190,=7.6978,=8.7579,=14.9492,=28.9040,=0.0008,=0.0220,=0.0006,=0.0012,=0.0021,=0.0024,=0.0032,=0.0168,=0.0580,=0.0153,=212
="950180",科创AI,2024-07-25,=0.0144,=2394.4775,=0.0655,=206.2402,=0.9050,=66.2784,=99.0596,=143.7333,=180.3233,=271.3436,=15.2980,=0.9483,=3.9039,=6.0111,=9.4933,=11.7215,=18.6594,=23.9346,=0.9483,=6.3298,=9.4493,=14.0978,=16.7126,=29.3547,=0.0014,=0.0517,=0.0012,=0.0023,=0.0028,=0.0049,=0.0077,=0.0274,=0.0670,=0.0163,=215
="000682",科创信息,2021-08-16,=0.0130,=2896.3300,=0.4527,=206.4730,=0.9804,=41.6131,=60.7321,=93.0853,=133.4529,=255.5918,=11.1397,=0.9762,=3.3247,=4.3570,=5.3832,=6.5918,=13.8809,=17.5839,=0.9804,=5.5790,=7.3171,=8.9030,=11.4735,=21.7670,=0.0013,=0.0196,=0.0011,=0.0020,=0.0030,=0.0038,=0.0070,=0.0200,=0.0432,=0.0072,=102
="000688",科创50,2020-07-23,=0.0116,=1807.9500,=0.3450,=219.0015,=0.9842,=35.5957,=42.5970,=71.1411,=136.1112,=263.7183,=8.7118,=0.9815,=2.9443,=4.2146,=4.8810,=6.7858,=10.5365,=11.3255,=0.9114,=3.1319,=4.5626,=5.6002,=9.5909,=13.6380,=0.0019,=0.0158,=0.0016,=0.0030,=0.0045,=0.0071,=0.0110,=0.0135,=0.0347,=0.0045,=8095
="950162",科创芯片设计,2024-07-26,=0.0060,=2479.4938,=0.3328,=226.6307,=0.1967,=161.6128,=227.1604,=266.1856,=383.2486,=687.1301,=15.7449,=0.9255,=4.2582,=7.7124,=9.3276,=13.0383,=20.2102,=25.2889,=0.9482,=8.7765,=14.4736,=17.5524,=21.5115,=32.5243,=0.0012,=0.2319,=0.0010,=0.0012,=0.0015,=0.0018,=0.0029,=0.0309,=0.0713,=0.0107,=61
="950125",科创半导体材料设备,2024-07-26,=0.0421,=4520.5605,=1.1043,=260.5987,=0.9565,=70.4245,=117.2545,=130.5057,=165.9386,=348.7588,=13.0292,=0.9565,=2.8469,=4.7868,=5.3368,=6.8385,=17.6268,=28.2220,=0.9565,=7.2923,=10.9605,=12.8793,=15.2940,=37.4011,=0.0008,=0.2091,=0.0006,=0.0008,=0.0013,=0.0016,=0.0028,=0.0075,=0.0371,=0.0094,=135
="000685",科创芯片,2022-06-13,=0.0121,=4281.2600,=0.6382,=264.8522,=0.9770,=42.1555,=69.6587,=117.9838,=179.2488,=335.4323,=12.1842,=0.9750,=3.1235,=4.0699,=5.1378,=7.6199,=15.4697,=25.2922,=0.9770,=7.4796,=10.0556,=12.2501,=15.6223,=31.9311,=0.0007,=0.0230,=0.0005,=0.0011,=0.0015,=0.0021,=0.0026,=0.0152,=0.0415,=0.0074,=496
="980018",卫星通信,2015-02-17,=0.0367,=4108.9500,=-0.2312,=279.0732,=0.9101,=23.6003,=28.9931,=40.6491,=58.9394,=1063.4314,=5.5136,=0.9176,=1.7225,=2.0620,=2.5801,=4.2820,=7.7241,=7.1339,=0.9813,=1.5054,=1.8072,=2.3064,=3.1253,=9.8783,=0.0019,=0.0162,=0.0013,=0.0039,=0.0127,=0.0171,=0.0231,=0.0054,=0.0181,=0.0298,=129
="H30182",计算机,2013-07-15,=0.0288,=5618.0607,=-0.2668,=366.5307,=0.8067,=33.2527,=55.2970,=102.5237,=348.7937,=65313.4473,=3.6430,=0.2355,=2.4295,=3.5827,=4.0799,=4.6337,=5.8765,=3.5701,=0.1950,=2.3635,=3.5850,=4.1393,=4.7370,=7.6223,=0.0056,=0.8782,=0.0028,=0.0040,=0.0045,=0.0053,=0.0091,=-0.0024,=0.0033,=-0.0042,=54
="930781",中证影视,2016-02-04,=0.0325,=1238.7013,=-0.2674,=557.3201,=0.6004,=16.7066,=43.1495,=205.5968,=-60.8596,=6083.5065,=1.6871,=0.0346,=1.4352,=2.0408,=2.3683,=3.3520,=5.9092,=3.6558,=0.2887,=2.7079,=3.4931,=4.2833,=5.4487,=10.0748,=0.0132,=0.9551,=0.0019,=0.0037,=0.0064,=0.0098,=0.0161,=0.0049,=0.0185,=0.0219,=180
="950333",智选创新价值,2024-09-25,=0.0304,=2555.7311,=0.1246,=1020.3158,=0.3914,=62.6254,=108.7870,=-3846.1171,=-299.6383,=5158.8110,=4.3343,=0.9434,=1.6564,=2.1550,=2.5382,=3.0435,=5.3226,=5.4778,=0.9480,=1.6015,=2.1337,=2.6550,=3.0748,=6.7566,=0.0024,=0.0520,=0.0019,=0.0057,=0.0069,=0.0103,=0.0136,=-0.0002,=-0.0164,=-0.0030,=14
="931992",疫苗生物,2013-07-15,=0.0253,=1083.7053,=-0.1023,=5413.9524,=0.9849,=26.1322,=62.2191,=88.2582,=143.2254,=5800.2298,=3.0361,=0.4960,=2.2475,=2.7002,=3.0433,=3.6320,=5.0256,=5.4481,=0.7028,=3.7134,=4.6970,=5.1780,=5.5722,=6.4257,=0.0099,=0.6677,=0.0060,=0.0068,=0.0087,=0.0105,=0.0125,=0.0112,=0.0013,=0.0085,=28
="931151",光伏产业,2019-04-22,=0.0221,=2452.9538,=-0.1417,=-423.1469,=0.9188,=9.5087,=20.6142,=38.2303,=70.9330,=2491.4939,=2.0399,=0.3027,=1.5562,=1.9267,=2.6144,=4.4795,=6.9801,=1.8095,=0.4991,=0.8897,=1.2479,=1.8131,=3.2017,=5.9137,=0.0087,=0.4821,=0.0030,=0.0055,=0.0091,=0.0198,=0.0300,=0.0016,=0.0012,=0.0005,=2727
="1000009",深圳B股,1994-01-10,=0.0067,=1145.9800,=-0.0939,=-116.4523,=0.9946,=6.5509,=10.0230,=16.2361,=23.4392,=61.4680,=0.7406,=0.5216,=0.5585,=0.6590,=0.7320,=0.9305,=1.4530,=0.4550,=0.3744,=0.3544,=0.4194,=0.4796,=0.6302,=1.0969,=0.0345,=0.3786,=0.0205,=0.0266,=0.0369,=0.0449,=0.0610,,=0.0028,=0.0115,=203
="HSAIT",恒生人工智能主题指数,2023-09-01,=0.0106,=3093.4600,=-0.2742,=-60.7944,=0.9972,=13.3665,=18.1170,=19.9082,=21.7236,=33.1012,=9.6348,=0.9986,=1.4634,=1.7615,=2.0822,=2.5010,=9.7315,=13.6597,=0.9986,=1.2708,=1.4995,=1.7891,=2.2982,=13.7968,=0.0008,=0.0014,=0.0008,=0.0173,=0.0194,=0.0214,=0.0235,,=0.1060,,=64
="931025",港股通地产,2017-11-06,,,=0.0351,=-52.3985,=0.7281,=1.3998,=5.4801,=8.3217,=-3.0658,=7833.8201,=0.4711,=0.4586,=0.0757,=0.2134,=0.4940,=0.8753,=1.4256,=0.8734,=0.7968,=0.0508,=0.1437,=0.5447,=0.8766,=1.5776,=0.0376,=0.3695,=0,=0.0289,=0.0425,=0.0692,=0.2175,,=-0.0074,,=12
="000692",科创新能,2023-04-03,=0.0360,=932.5400,=-0.1944,=-48.5439,=0.7095,=13.9124,=18.8769,=140.7132,=-44.9524,=279.8956,=2.2197,=0.5012,=1.4486,=1.8041,=2.2188,=2.7999,=4.0229,=1.4637,=0.5249,=0.8667,=1.1587,=1.4436,=1.9070,=2.6157,=0.0045,=0.0773,=0.0030,=0.0057,=0.0164,=0.0205,=0.0318,=-0.0018,=-0.0642,=-0.0138,=37
="399393",国证地产,2012-08-20,=0.0197,=2398.9800,=-0.2312,=-5.2920,=0.9959,=6.3321,=8.5850,=15.6526,=115902.4187,=115902.4187,=0.7140,=0.0771,=0.5768,=0.8392,=1.0712,=1.7141,=2.5183,=0.5144,=0.1909,=0.3699,=0.5163,=0.6449,=1.1059,=1.7471,=0.0117,=0.0924,=0.0083,=0.0182,=0.0259,=0.0342,=0.0478,=-0.0014,=-0.0767,=0.0012,=1431
="931775",房地产,2013-07-15,=0.0209,=2274.3072,=-0.2374,=-4.1785,=0.9992,=7.0141,=8.9821,=18.2040,=-56.2902,=1490.8370,=0.7132,=0.0713,=0.5750,=0.8317,=1.0493,=1.6657,=2.4742,=0.5262,=0.1786,=0.3617,=0.5322,=0.6760,=1.1601,=1.8650,=0.0067,=0.0214,=0.0058,=0.0147,=0.0234,=0.0325,=0.0448,=-0.0040,=-0.1024,=-0.0027,=937
="000816",细分地产,2012-04-11,,,=-0.2538,=-3.7856,=0.9996,=6.1299,=8.3282,=15.7334,=-85.4606,=2488.2259,=0.6736,=0.0631,=0.5599,=0.8088,=1.0472,=1.7232,=2.5676,=0.4653,=0.1179,=0.3390,=0.4927,=0.6163,=1.0718,=1.7076,=0.0056,=0.0268,=0.0044,=0.0175,=0.0275,=0.0358,=0.0516,=-0.0038,=-0.1018,=-0.0024,=8
="399965",800地产,2012-12-21,=0.0150,=1953.3700,=-0.2600,=-2.8325,=0.9918,=5.5394,=8.0041,=14.1293,=40.2250,=59.7245,=0.5016,=0.0082,=0.4663,=0.7061,=0.9922,=1.6820,=2.5596,=0.3069,=0.0128,=0.2856,=0.4094,=0.5277,=1.0321,=1.6493,=0.0072,=0.0054,=0.0068,=0.0179,=0.0280,=0.0369,=0.0562,=-0.0020,=-0.0854,=0.0007,=202
="399983",地产等权,2013-11-22,=0.0151,=1426.4400,=-0.2998,=-1.8150,=0.9918,=5.0058,=7.3313,=10.5555,=33.1602,=75.5023,=0.3960,=0.0082,=0.3690,=0.5915,=1.0786,=1.8161,=2.8135,=0.2333,=0.0103,=0.2174,=0.3520,=0.4771,=0.9537,=1.5710,=0.0055,=0.0190,=0.0037,=0.0218,=0.0322,=0.0412,=0.0629,=-0.0053,=-0.0924,=-0.0025,=1009
=".NDX",纳斯达克100指数,1969-12-31,,,=0.1140,,,,,,,,,,,,,,,,,,,,,,,,,,,,,,,=0.0752,=4571

数据来源于：理杏仁网站(lixinger.com)