指数代码,指数名称,发布时间,涨跌幅,收盘点位,今年以来涨跌幅,PE-TTM(当前值),PE-TTM(分位点%),PE-TTM(最小值),PE-TTM(20%分位点值),PE-TTM(50%分位点值),PE-TTM(80%分位点值),PE-TTM(最大正值),PB(当前值),PB(分位点%),PB(最小值),PB(20%分位点值),PB(50%分位点值),PB(80%分位点值),PB(最大正值),PS-TTM(当前值),PS-TTM(分位点%),PS-TTM(最小值),PS-TTM(20%分位点值),PS-TTM(50%分位点值),PS-TTM(80%分位点值),PS-TTM(最大正值),股息率(当前值),股息率(分位点%),股息率(最小值),股息率(20%分位点值),股息率(50%分位点值),股息率(80%分位点值),股息率(最大正值),净资产收益率(ROE)(2026Q2),净资产收益率(ROE)(2025Q4),净资产收益率(ROE)(2025Q2),关注度
="950125",科创半导体材料设备,2024-07-26,=-0.0157,=3950.1600,=0.8387,=171.1019,=0.7977,=70.4245,=117.4508,=135.3705,=171.4152,=348.7588,=10.2030,=0.8872,=2.8469,=4.8039,=5.5951,=7.1484,=17.6268,=22.9453,=0.8872,=7.2923,=10.9960,=13.0657,=15.9180,=37.4011,=0.0011,=0.4786,=0.0006,=0.0008,=0.0013,=0.0016,=0.0028,=0.0401,=0.0371,=0.0180,=156
="931743",半导体材料设备,2012-12-21,=-0.0158,=9016.8200,=0.7511,=127.2693,=0.8966,=30.1973,=40.3452,=61.7391,=92.4160,=224.0742,=10.1431,=0.9029,=2.5588,=3.4568,=4.3443,=7.2653,=17.1334,=16.1268,=0.9180,=2.5903,=3.1891,=3.8727,=11.4590,=25.3851,=0.0013,=0.0870,=0.0009,=0.0020,=0.0028,=0.0045,=0.0073,=0.0498,=0.0706,=0.0390,=308
="931144",通信技术,2019-05-30,=-0.0074,=3777.6600,=0.6226,=62.7566,=0.8970,=22.8153,=30.5283,=37.2602,=52.8213,=113.1406,=10.6534,=0.9570,=2.5671,=3.1138,=3.7512,=4.8500,=15.3977,=6.4166,=0.9536,=1.6428,=2.1096,=2.5107,=3.4343,=9.4991,=0.0032,=0.0458,=0.0021,=0.0043,=0.0064,=0.0100,=0.0166,=0.1157,=0.1354,=0.0739,=261
="931865",中证半导,2019-03-20,=-0.0186,=7912.9800,=0.5989,=141.9350,=0.8594,=32.8138,=46.1432,=74.1903,=132.3259,=255.0466,=10.4495,=0.9176,=3.3892,=4.1537,=5.3134,=8.6377,=15.8034,=18.4867,=0.9166,=6.4190,=7.7170,=8.8411,=15.3820,=28.9040,=0.0010,=0.1484,=0.0006,=0.0010,=0.0020,=0.0024,=0.0032,=0.0432,=0.0580,=0.0301,=222
="000685",科创芯片,2022-06-13,=-0.0163,=3764.4100,=0.4404,=146.2548,=0.5577,=42.1555,=71.3843,=119.9990,=181.3574,=335.4323,=9.9873,=0.9156,=3.1235,=4.1011,=5.2230,=7.8463,=15.4697,=19.3830,=0.9146,=7.4796,=10.1020,=12.3530,=16.0600,=31.9311,=0.0009,=0.1552,=0.0005,=0.0010,=0.0015,=0.0021,=0.0026,=0.0456,=0.0415,=0.0173,=523
="931079",5G通信,2019-04-25,=-0.0070,=2647.5000,=0.3733,=46.8581,=0.8491,=21.0709,=27.7474,=33.8316,=44.7764,=103.6981,=7.4885,=0.9547,=2.3623,=3.0521,=3.6487,=5.3975,=10.5199,=2.9387,=0.9503,=1.1916,=1.4940,=1.8917,=2.3751,=4.2354,=0.0062,=0.2778,=0.0036,=0.0056,=0.0081,=0.0121,=0.0152,=0.0942,=0.1398,=0.0637,=2294
="H30184",半导体,2013-07-15,=-0.0146,=12454.9900,=0.3535,=87.2584,=0.5695,=33.2056,=51.9470,=79.4079,=107.9511,=186.6477,=8.0822,=0.8660,=2.5082,=3.4554,=4.9274,=7.5185,=12.7528,=12.4069,=0.9468,=1.3963,=2.6456,=7.0619,=9.6986,=20.0377,=0.0016,=0.1262,=0.0010,=0.0017,=0.0024,=0.0034,=0.0070,=0.0588,=0.0527,=0.0230,=3417
="932066",半导体行业精选,2023-11-10,=-0.0143,=5394.5900,=0.3281,=72.7311,=0.3003,=50.1901,=65.4730,=83.2986,=99.6683,=142.8699,=7.9477,=0.7012,=3.1655,=4.1687,=6.8244,=8.4332,=12.2533,=11.8239,=0.6618,=6.6489,=8.4255,=10.9746,=12.6126,=18.4956,=0.0018,=0.3149,=0.0012,=0.0017,=0.0022,=0.0028,=0.0034,=0.0665,=0.0794,=0.0376,=8
="H30318",科技传媒通信150,2014-04-15,=-0.0107,=4076.5300,=0.3258,=52.9370,=0.8404,=19.8534,=28.8631,=38.1291,=50.1292,=90.7292,=8.8037,=0.9662,=2.0037,=2.4801,=3.5037,=4.4328,=13.0479,=4.6212,=0.9513,=1.2409,=1.8640,=2.3034,=2.8581,=6.8164,=0.0046,=0.0421,=0.0031,=0.0058,=0.0072,=0.0165,=0.0244,=0.1033,=0.1091,=0.0497,=50
="931688",中证算力,2022-07-21,=-0.0123,=4117.2400,=0.3099,=35.3411,=0.8852,=18.0036,=20.8447,=24.0982,=32.7159,=44.9092,=3.8345,=0.9037,=1.6529,=1.9037,=2.2904,=3.3914,=4.7747,=2.6799,=0.8864,=1.3731,=1.5969,=1.8248,=2.5198,=3.3716,=0.0155,=0.0827,=0.0131,=0.0190,=0.0261,=0.0299,=0.0338,=0.0631,=0.1011,=0.0578,=111
="931160",通信设备,2013-07-15,=-0.0070,=20243.0500,=0.3093,=47.4872,=0.7060,=19.3231,=27.7990,=36.6958,=54.9602,=91.1971,=8.7866,=0.9711,=2.1520,=2.8712,=3.4260,=3.9732,=12.1269,=2.9753,=0.9625,=0.9706,=1.2833,=1.5072,=2.4398,=4.3558,=0.0068,=0.4029,=0.0028,=0.0053,=0.0077,=0.0150,=0.0221,=0.1127,=0.1280,=0.0660,=1320
="931406",5G 50,2020-02-20,=-0.0064,=2781.6100,=0.3068,=31.1233,=0.6882,=15.2657,=20.6215,=24.1544,=34.6304,=51.5506,=3.5154,=0.6637,=1.5292,=1.9719,=2.6004,=3.8170,=5.3757,=2.3357,=0.9541,=0.9155,=1.4089,=1.5885,=1.9376,=2.9469,=0.0164,=0.4148,=0.0042,=0.0068,=0.0204,=0.0276,=0.0387,=0.0653,=0.1023,=0.0580,=708
="399363",云科技,2009-08-03,=-0.0096,=12131.5600,=0.2984,=33.5820,=0.1105,=25.0041,=35.9406,=41.4714,=48.6769,=74.9161,=4.0240,=0.2338,=3.0187,=3.9514,=4.6350,=5.5540,=10.4646,=2.7541,=0.4289,=1.6015,=2.2265,=3.0152,=3.6971,=4.3638,=0.0144,=0.9810,=0.0046,=0.0055,=0.0070,=0.0104,=0.0160,=0.0735,=0.1037,=0.0278,=289
="990001",中华半导体芯片,2019-03-18,=-0.0142,=15685.7200,=0.2976,=89.8572,=0.5446,=33.1780,=61.6190,=86.6926,=116.8442,=187.5449,=8.0140,=0.8508,=3.1429,=4.2935,=5.3673,=7.5282,=12.4905,=12.1338,=0.9493,=3.3238,=6.1004,=7.1405,=9.6537,=19.5120,=0.0013,=0.0887,=0.0008,=0.0016,=0.0021,=0.0028,=0.0056,=0.0564,=0.0410,=0.0254,=1392
="H30007",芯片产业,2012-12-20,=-0.0139,=4077.9500,=0.2878,=81.0814,=0.5662,=24.2382,=40.3144,=72.2455,=113.4115,=186.5687,=8.1030,=0.8924,=1.9412,=3.6288,=4.5722,=7.3431,=12.9184,=11.9017,=0.9625,=1.5871,=3.7216,=6.5777,=8.4381,=19.5328,=0.0013,=0.0693,=0.0008,=0.0017,=0.0023,=0.0046,=0.0105,=0.0667,=0.0446,=0.0267,=549
="000682",科创信息,2021-08-16,=-0.0157,=2562.7500,=0.2854,=127.7584,=0.7316,=41.6131,=61.7349,=93.7745,=137.0627,=255.5918,=9.2951,=0.9279,=3.3247,=4.3633,=5.4103,=7.3506,=13.8809,=13.8489,=0.9229,=5.5790,=7.3298,=8.9504,=11.6037,=21.7670,=0.0016,=0.0530,=0.0011,=0.0020,=0.0029,=0.0038,=0.0070,=0.0461,=0.0432,=0.0205,=108
="980017",国证芯片,2015-02-17,=-0.0135,=16286.1100,=0.2837,=86.2731,=0.5374,=30.3742,=55.9621,=81.9395,=109.1194,=227.4136,=8.8151,=0.9270,=3.1638,=4.1087,=5.8268,=7.5671,=13.5798,=13.0275,=0.9498,=3.6283,=5.7981,=6.7037,=8.2249,=20.9165,=0.0013,=0.0841,=0.0008,=0.0016,=0.0020,=0.0027,=0.0044,=0.0673,=0.0397,=0.0271,=2629
="000690",科创成长,2022-11-04,=-0.0086,=2404.1000,=0.2823,=67.8459,=0.2894,=26.4295,=47.4362,=83.1675,=153.9364,=288.8500,=11.3779,=0.7428,=3.7827,=4.8802,=6.5229,=12.2950,=18.2315,=11.3844,=0.6774,=2.7510,=4.0195,=8.4950,=14.5251,=20.0971,=0.0017,=0.1200,=0.0011,=0.0020,=0.0033,=0.0053,=0.0127,=0.1346,=0.1043,=0.0615,=155
="931696",科技50策略,2021-07-12,=-0.0114,=25794.6700,=0.2805,=43.5222,=0.7695,=23.0047,=27.9828,=34.1461,=47.5293,=71.4621,=7.9289,=0.9003,=3.0567,=3.9327,=4.5158,=7.1946,=11.2899,=4.3725,=0.8118,=1.9010,=2.3701,=2.6988,=4.3032,=6.7093,=0.0061,=0.1738,=0.0042,=0.0063,=0.0097,=0.0121,=0.0167,=0.1061,=0.1271,=0.0618,=15
="399990",煤炭等权,2015-01-21,=0.0305,=3653.7600,=0.2720,=19.2566,=0.8722,=5.7123,=8.6087,=10.6436,=15.4144,=144.9606,=1.8254,=0.9761,=0.8179,=1.1204,=1.3780,=1.6189,=2.0135,=1.8454,=0.9509,=0.6732,=0.9175,=1.1213,=1.4627,=2.2100,=0.0316,=0.0858,=0.0074,=0.0368,=0.0548,=0.0638,=0.1003,=0.0521,=0.0912,=0.0456,=242
="931248",油气资源,2023-06-12,=0.0330,=1158.7800,=0.2681,=13.6247,=0.8261,=8.9017,=10.2586,=11.3866,=13.3494,=19.0700,=1.4059,=0.8529,=1.0292,=1.1532,=1.2290,=1.3716,=1.8318,=0.7746,=0.9015,=0.4486,=0.5201,=0.5957,=0.6911,=0.9774,=0.0367,=0.1560,=0.0285,=0.0387,=0.0457,=0.0496,=0.0548,=0.0623,=0.0906,=0.0516,=58
="931271",通信设备主题,2012-12-21,=-0.0059,=4557.1200,=0.2627,=69.4719,=0.7594,=25.8971,=33.3037,=36.4729,=79.1597,=113.3155,=10.2536,=0.8997,=2.2261,=2.9107,=3.6219,=8.2571,=14.2344,=6.5907,=0.8797,=1.5689,=2.0601,=2.6047,=5.7272,=9.3619,=0.0035,=0.1257,=0.0022,=0.0043,=0.0081,=0.0098,=0.0129,=0.0994,=0.1175,=0.0626,=16
="000936",中证电信,2009-07-03,=-0.0066,=12464.0200,=0.2539,=28.7117,=0.5715,=14.1836,=20.2178,=26.5906,=41.2993,=123.1725,=2.7290,=0.7419,=1.2149,=1.7612,=2.3409,=2.7951,=3.6232,=2.6459,=0.9765,=0.7463,=1.0372,=1.2774,=1.8423,=3.0800,=0.0213,=0.5856,=0.0019,=0.0063,=0.0097,=0.0319,=0.0507,=0.0572,=0.0913,=0.0557,=343
="980080",成长100,2012-12-28,,,=0.2537,=61.3263,=0.7511,=39.4731,=45.3470,=50.3552,=64.1375,=83.5146,=6.6939,=0.7422,=3.0437,=3.6763,=5.7636,=6.9001,=9.2690,=3.6333,=0.6839,=2.0191,=2.4217,=3.1632,=4.4723,=5.8594,=0.0038,=0.1099,=0.0025,=0.0048,=0.0056,=0.0069,=0.0087,=0.1077,=0.1452,=0.0594,=283
="399389",国证通信,2011-12-02,=-0.0047,=10455.3100,=0.2537,=31.1141,=0.3934,=15.1336,=21.7733,=45.9842,=65.1875,=153.7967,=2.8414,=0.7192,=1.3245,=1.8461,=2.4671,=3.0255,=3.8815,=2.7134,=0.9728,=0.9743,=1.4589,=1.6822,=1.8999,=3.2843,=0.0198,=0.6173,=0.0026,=0.0050,=0.0071,=0.0294,=0.0420,=0.0553,=0.0855,=0.0549,=63
="931087",科技龙头,2019-03-20,=-0.0092,=6586.4600,=0.2530,=46.3263,=0.6488,=22.2848,=33.7123,=40.7989,=52.4348,=78.0359,=7.7688,=0.9443,=2.8190,=4.2349,=5.3312,=6.5618,=11.1808,=6.7636,=0.9686,=2.0316,=3.3123,=4.0085,=5.0280,=9.7717,=0.0057,=0.2993,=0.0037,=0.0053,=0.0064,=0.0086,=0.0172,=0.1100,=0.1080,=0.0526,=2100
="000698",科创100,2023-08-07,=-0.0112,=1825.2900,=0.2520,=88.3782,=0.0734,=60.6995,=126.6612,=210.5218,=251.9517,=337.2511,=6.3632,=0.8465,=2.7397,=3.6365,=4.2249,=6.0545,=8.5061,=6.8257,=0.5968,=4.0312,=5.1281,=6.4300,=8.3979,=10.0837,=0.0031,=0.1736,=0.0025,=0.0033,=0.0053,=0.0064,=0.0089,=0.0429,=0.0369,=0.0143,=599
="970070",创业板人工智能,2024-07-11,=-0.0141,=7407.6300,=0.2493,=52.8562,=0.0495,=48.3861,=70.3316,=80.4649,=93.4816,=119.1606,=10.7996,=0.8324,=3.3467,=5.1582,=6.6613,=10.3504,=15.2749,=8.4234,=0.6724,=3.4016,=5.0274,=6.3768,=9.2707,=12.0918,=0.0040,=0.3505,=0.0027,=0.0035,=0.0050,=0.0065,=0.0096,=0.1387,=0.1206,=0.0470,=248
="399998",中证煤炭,2015-02-13,=0.0238,=2456.8300,=0.2460,=19.2566,=0.8722,=5.7123,=8.6087,=10.6436,=15.4144,=144.9606,=1.8254,=0.9761,=0.8179,=1.1204,=1.3780,=1.6189,=2.0135,=1.8454,=0.9509,=0.6732,=0.9175,=1.1213,=1.4627,=2.2100,=0.0316,=0.0858,=0.0074,=0.0368,=0.0548,=0.0638,=0.1003,=0.0521,=0.0912,=0.0456,=2136
="931461",电子50,2009-07-22,=-0.0146,=7340.5700,=0.2452,=45.9594,=0.7340,=20.3357,=30.2775,=36.3459,=49.0359,=76.5790,=6.4597,=0.9546,=2.5323,=3.1789,=3.7091,=5.3435,=9.2899,=3.1319,=0.7901,=1.1588,=1.7975,=2.0685,=3.1651,=4.5428,=0.0064,=0.1658,=0.0046,=0.0066,=0.0091,=0.0111,=0.0147,=0.0739,=0.0884,=0.0404,=445
="930652",CS电子,2015-06-05,=-0.0127,=12138.2000,=0.2374,=51.2696,=0.7720,=21.2056,=33.8173,=43.2207,=53.1100,=86.1406,=6.4633,=0.9658,=2.2039,=3.1461,=3.6532,=4.8303,=9.3375,=3.5032,=0.9328,=1.4014,=2.0216,=2.3075,=3.0888,=5.0793,=0.0056,=0.0619,=0.0040,=0.0063,=0.0077,=0.0104,=0.0141,=0.0673,=0.0838,=0.0386,=489
="000994",全指电信,2011-08-02,=-0.0053,=13734.4100,=0.2331,=29.1259,=0.4041,=17.6024,=21.7761,=33.5239,=52.5075,=109.2407,=2.7960,=0.6594,=1.3865,=1.8410,=2.5290,=3.0164,=3.7766,=2.6522,=0.9703,=0.9155,=1.2459,=1.5523,=1.9065,=3.1271,=0.0206,=0.6120,=0.0022,=0.0055,=0.0085,=0.0296,=0.0398,=0.0579,=0.0895,=0.0556,=236
="000858",500信息,2013-11-06,=-0.0076,=12947.5300,=0.2285,=86.0860,=0.7435,=25.3805,=43.9766,=64.2121,=90.8890,=209.3531,=5.9599,=0.9649,=2.1626,=2.9041,=3.3886,=3.9443,=8.5146,=6.3300,=0.9748,=1.1229,=1.9074,=2.6868,=3.6771,=9.1355,=0.0033,=0.0441,=0.0022,=0.0045,=0.0059,=0.0072,=0.0110,=0.0403,=0.0505,=0.0256,=355
="950162",科创芯片设计,2024-07-26,=-0.0149,=2282.8500,=0.2271,=115.9600,=0,=115.9600,=218.4393,=261.9802,=380.4992,=687.1301,=12.3276,=0.6595,=4.2582,=7.8618,=9.9491,=13.2756,=20.2102,=18.9388,=0.5778,=8.7765,=14.5074,=18.0878,=21.6820,=32.5243,=0.0016,=0.6440,=0.0010,=0.0012,=0.0015,=0.0018,=0.0029,=0.0858,=0.0713,=0.0289,=70
="931165",新兴科技100,2019-04-25,=-0.0094,=10406.9000,=0.2229,=40.5782,=0.8083,=17.0055,=23.4889,=29.8838,=40.2930,=67.3989,=9.2321,=0.9469,=3.5721,=4.3447,=5.5252,=7.6755,=13.6689,=8.5158,=0.9441,=3.0368,=3.6612,=4.8730,=6.5067,=12.4159,=0.0069,=0.2107,=0.0047,=0.0067,=0.0091,=0.0149,=0.0264,=0.1525,=0.1919,=0.0958,=524
="H30198",油气产业,2013-07-15,=0.0307,=2568.7500,=0.2195,=13.9476,=0.4902,=7.8064,=10.9053,=14.1909,=25.3510,=104.2111,=1.5151,=0.9737,=0.6580,=0.8187,=1.1524,=1.2711,=1.8532,=0.8083,=0.9775,=0.2505,=0.3234,=0.4846,=0.5967,=0.9554,=0.0338,=0.1907,=0.0103,=0.0346,=0.0426,=0.0469,=0.0704,=0.0677,=0.0868,=0.0494,=124
="000998",中证TMT,2011-11-08,=-0.0126,=3583.0800,=0.2185,=37.6990,=0.5864,=18.9989,=27.6163,=34.6442,=43.2592,=58.6698,=4.3303,=0.8705,=1.9674,=2.4618,=3.2922,=4.0449,=5.6742,=3.0508,=0.9542,=1.2505,=1.8092,=2.1803,=2.6574,=3.9991,=0.0118,=0.5856,=0.0048,=0.0068,=0.0093,=0.0185,=0.0284,=0.0650,=0.0900,=0.0493,=569
="931866",中证机床,2022-05-09,=-0.0025,=2182.6800,=0.2172,=50.7365,=0.7449,=28.6086,=37.0137,=40.9510,=56.6843,=85.2007,=6.1036,=0.8836,=2.8302,=3.7701,=4.3613,=5.2612,=9.1263,=4.7315,=0.8400,=2.4023,=3.1620,=3.4459,=4.4565,=7.3925,=0.0067,=0.2367,=0.0043,=0.0066,=0.0077,=0.0096,=0.0146,=0.0788,=0.1022,=0.0544,=169
="399296",创成长,2019-01-23,=-0.0107,=7571.2900,=0.2148,=34.3299,=0.2753,=22.4911,=31.0204,=43.2836,=63.6786,=104.6935,=7.6349,=0.5960,=3.9463,=4.9643,=7.1096,=10.6438,=14.9802,=4.8335,=0.3651,=2.5417,=3.4818,=5.8108,=11.8672,=17.3385,=0.0082,=0.7047,=0.0016,=0.0028,=0.0063,=0.0105,=0.0200,=0.1410,=0.2040,=0.0851,=1085
="932087",集成电路,2023-03-29,=-0.0134,=1371.5700,=0.2111,=80.4807,=0.1232,=46.1239,=99.1473,=132.0328,=151.9577,=195.7770,=7.3595,=0.8050,=3.1405,=3.9470,=5.2051,=7.3231,=11.4486,=11.3947,=0.7273,=5.8347,=7.6678,=9.1619,=12.0558,=18.6728,=0.0017,=0.4725,=0.0010,=0.0014,=0.0017,=0.0022,=0.0029,=0.0589,=0.0481,=0.0198,=60
="399610",TMT50,2010-11-08,=-0.0101,=11583.2300,=0.2089,=38.1453,=0.5064,=21.0331,=30.1605,=38.0326,=46.2701,=64.7172,=6.1119,=0.9435,=2.4071,=3.2240,=4.0363,=5.2319,=8.4969,=3.2600,=0.6610,=1.5843,=2.0120,=2.7280,=3.6738,=4.6782,=0.0076,=0.4252,=0.0046,=0.0061,=0.0080,=0.0121,=0.0161,=0.0881,=0.1080,=0.0497,=524
="930792",HK银行,2016-04-22,=-0.0055,=5324.4500,=0.2088,=7.2687,=0.9041,=3.2659,=4.4606,=5.8966,=6.8614,=9.5632,=0.6976,=0.6677,=0.3905,=0.4962,=0.6240,=0.7995,=1.0771,=2.6987,=0.9720,=1.0519,=1.5163,=1.8837,=2.4487,=3.1066,=0.0453,=0.0730,=0.0355,=0.0497,=0.0562,=0.0743,=0.1045,,=0.0901,=0.0459,=767
="931380",科技50,2019-11-25,=-0.0146,=3802.4700,=0.2035,=40.9335,=0.3922,=22.4426,=31.3554,=46.1112,=56.4877,=71.9143,=5.5614,=0.5082,=2.7627,=3.8819,=5.5154,=7.3369,=9.9144,=4.8048,=0.5914,=2.1802,=3.0804,=4.2200,=5.6439,=7.7525,=0.0095,=0.7450,=0.0035,=0.0051,=0.0076,=0.0104,=0.0163,=0.0675,=0.0951,=0.0452,=951
="931494",消费电子,2020-06-12,=-0.0122,=6120.1700,=0.2033,=48.7639,=0.7151,=20.2625,=32.2554,=38.8172,=52.2644,=77.9188,=5.7483,=0.9372,=2.1307,=2.8239,=3.5575,=5.1346,=7.9404,=2.7140,=0.8519,=1.3000,=1.6511,=2.0054,=2.6312,=3.9249,=0.0063,=0.2591,=0.0040,=0.0058,=0.0082,=0.0109,=0.0138,=0.0590,=0.0807,=0.0373,=235
="000993",全指信息,2011-08-02,=-0.0123,=10150.9600,=0.1961,=53.9091,=0.5443,=27.3163,=42.0292,=52.3360,=68.2638,=96.2351,=6.2927,=0.9654,=2.5265,=3.2907,=4.0167,=4.7003,=8.9424,=3.7552,=0.8874,=1.8009,=2.3376,=2.8251,=3.4660,=5.3826,=0.0057,=0.3489,=0.0039,=0.0053,=0.0064,=0.0084,=0.0117,=0.0622,=0.0751,=0.0332,=4107
="000935",中证信息,2009-07-03,=-0.0125,=7664.6700,=0.1942,=53.8082,=0.7621,=22.3783,=36.3294,=44.9593,=55.3834,=87.4284,=6.2957,=0.9641,=2.5910,=3.3282,=4.0442,=4.8838,=8.9117,=3.6676,=0.8454,=1.7187,=2.2023,=2.7264,=3.5199,=5.2392,=0.0059,=0.1868,=0.0042,=0.0059,=0.0072,=0.0094,=0.0127,=0.0609,=0.0833,=0.0345,=1127
="931579",东证优势成长,2020-11-09,=0.0043,=9092.1500,=0.1913,=25.3999,=0.6377,=7.9327,=14.3406,=19.3087,=30.3910,=61.0103,=5.5336,=0.7196,=0.9149,=2.6225,=3.4590,=5.9243,=9.3390,=3.9663,=0.8616,=1.1828,=2.0644,=2.4178,=3.6895,=6.0793,=0.0134,=0.4230,=0.0040,=0.0072,=0.0148,=0.0285,=0.0527,=0.1274,=0.1983,=0.0660,=157
="000688",科创50,2020-07-23,=-0.0152,=1591,=0.1836,=135.4648,=0.7821,=35.5957,=42.6959,=72.2859,=138.8374,=263.7183,=7.3412,=0.8473,=2.9443,=4.2507,=4.9163,=6.8692,=10.5365,=9.3437,=0.7734,=3.1319,=4.6071,=5.6303,=9.7532,=13.6380,=0.0023,=0.0410,=0.0016,=0.0030,=0.0045,=0.0071,=0.0110,=0.0354,=0.0347,=0.0153,=8319
="980030",消费电子,2015-02-17,=-0.0134,=8578.4100,=0.1807,=38.7805,=0.4788,=18.6467,=31.8558,=39.2363,=47.8239,=65.6114,=4.1741,=0.7685,=2.0026,=2.6008,=3.0378,=4.2835,=6.3059,=2.1648,=0.7347,=1.1413,=1.4012,=1.5870,=2.3732,=3.4515,=0.0070,=0.2976,=0.0040,=0.0066,=0.0082,=0.0110,=0.0143,=0.0529,=0.0648,=0.0332,=388
="000915",300信息,2007-07-02,=-0.0147,=3837.1900,=0.1804,=47.1121,=0.7551,=20.6178,=34.5626,=39.8259,=48.3468,=75.5831,=6.4332,=0.9394,=2.7398,=3.5399,=4.3483,=5.6029,=9.0762,=3.1633,=0.4878,=1.6744,=2.1697,=3.1980,=4.0512,=4.9963,=0.0068,=0.3398,=0.0049,=0.0061,=0.0077,=0.0100,=0.0144,=0.0690,=0.0971,=0.0383,=23
="000986",全指能源,2011-08-02,=0.0241,=2754.7600,=0.1801,=14.4478,=0.6012,=6.8032,=9.9968,=13.3499,=18.7522,=75.0146,=1.4701,=0.9501,=0.7554,=0.9688,=1.1792,=1.3222,=1.7977,=0.8940,=0.9666,=0.3323,=0.4459,=0.5657,=0.7317,=1.0524,=0.0366,=0.2454,=0.0098,=0.0349,=0.0439,=0.0544,=0.0769,=0.0593,=0.0918,=0.0507,=614
="930850",智能制造,2016-07-20,=-0.0149,=5639.6000,=0.1781,=48.6542,=0.7240,=23.4329,=32.7480,=41.8501,=50.3996,=78.5602,=5.6931,=0.9328,=2.5370,=3.5229,=4.1756,=5.1020,=7.7199,=3.3135,=0.7075,=1.5919,=2.3568,=2.8016,=3.5759,=5.3954,=0.0069,=0.3597,=0.0050,=0.0062,=0.0077,=0.0101,=0.0146,=0.0625,=0.0857,=0.0387,=366
="000928",中证能源,2009-07-03,=0.0221,=3464.6300,=0.1757,=13.9396,=0.5740,=6.9612,=9.7906,=13.1469,=18.8600,=68.9647,=1.4668,=0.9456,=0.7281,=0.9359,=1.1566,=1.3051,=1.8006,=0.8784,=0.9649,=0.3162,=0.4106,=0.5298,=0.7126,=1.0383,=0.0378,=0.2408,=0.0106,=0.0366,=0.0464,=0.0557,=0.0717,=0.0607,=0.0960,=0.0525,=1295
="931071",人工智能,2018-11-21,=-0.0141,=2662.2900,=0.1752,=49.6605,=0.5315,=30.9003,=39.8531,=48.8486,=57.3916,=77.4016,=8.3112,=0.9082,=2.9559,=3.9187,=4.7667,=5.9761,=11.5305,=4.9787,=0.8959,=2.2000,=2.8091,=3.2286,=4.1609,=9.3591,=0.0062,=0.4578,=0.0041,=0.0054,=0.0063,=0.0086,=0.0135,=0.0993,=0.1450,=0.0648,=1383
="HSHK35",恒生香港35,2003-01-20,=-0.0015,=3352.8000,=0.1746,=15.0487,=0.5705,=9.7413,=12.2188,=14.5013,=17.6563,=47.6465,=1.3417,=0.9927,=0.7649,=0.9601,=1.1026,=1.2394,=1.3663,=3.5194,=0.9403,=2.1814,=2.5966,=2.9130,=3.2014,=3.7366,=0.0362,=0.2897,=0.0206,=0.0332,=0.0388,=0.0462,=0.0628,,=0.0737,=0.0380,=115
="000171",新兴成指,2017-01-25,=-0.0097,=2166.4600,=0.1742,=30.7272,=0.6721,=15.0335,=20.4111,=24.9632,=36.1629,=63.8139,=4.8013,=0.5933,=2.6324,=3.2943,=4.3717,=6.2660,=10.8185,=4.1754,=0.7517,=1.3680,=2.1234,=2.8071,=4.4553,=8.5894,=0.0128,=0.5176,=0.0042,=0.0073,=0.0126,=0.0195,=0.0271,=0.0954,=0.1371,=0.0669,=208
="1000008",沪深B股,1994-01-10,=0.0077,=297.4800,=0.1720,=24.5769,=0.6816,=7.0835,=12.9417,=17.5058,=30.7740,=97.5837,=0.8095,=0.3612,=0.6594,=0.7810,=0.8402,=1.0099,=1.4944,=0.5388,=0.6351,=0.3777,=0.4474,=0.5016,=0.5812,=1.1545,=0.0455,=0.8619,=0.0157,=0.0282,=0.0360,=0.0438,=0.1455,,=0.0269,=0.0232,=372
="399285",物联网50,2020-02-18,=-0.0114,=7402.9800,=0.1720,=35.9718,=0.6874,=21.8675,=26.4981,=31.9079,=38.8431,=48.9860,=5.3509,=0.7997,=2.6765,=3.4188,=4.0634,=5.3509,=6.9158,=3.4051,=0.9009,=1.7407,=2.0254,=2.4749,=3.1522,=4.3982,=0.0123,=0.5294,=0.0076,=0.0096,=0.0121,=0.0147,=0.0214,=0.0846,=0.1364,=0.0709,=95
=".NDX",纳斯达克100指数,1969-12-31,,,=0.1701,,,,,,,,,,,,,,,,,,,,,,,,,,,,,,,=0.1486,=4776
="000958",创业成长,2010-03-24,=-0.0065,=1870.5800,=0.1670,=39.8205,=0.9518,=11.9506,=17.5032,=24.3293,=30.6864,=61.3903,=9.8527,=0.9711,=2.6815,=3.7899,=5.1668,=6.4321,=14.5711,=5.5818,=0.9621,=1.2937,=1.9105,=2.5442,=3.9715,=7.7463,=0.0060,=0.1245,=0.0040,=0.0066,=0.0090,=0.0140,=0.0209,=0.1560,=0.2198,=0.1117,=674
="H30535",互联网,2015-01-12,=-0.0111,=5658.3800,=0.1669,=42.4144,=0.6400,=14.4753,=21.2318,=36.7165,=48.9065,=67.6316,=6.7063,=0.9654,=1.7453,=2.4476,=3.2979,=4.1351,=9.0569,=3.8640,=0.9485,=1.1519,=1.6628,=2.0234,=2.9136,=5.2637,=0.0072,=0.1835,=0.0048,=0.0073,=0.0108,=0.0121,=0.0190,=0.0990,=0.1165,=0.0500,=30
="931250",港股通创新药,2012-07-20,=0.0115,=1168.2600,=0.1628,=34.5668,=0.3653,=21.4435,=32.6153,=36.4681,=43.9444,=63.0533,=3.7292,=0.7428,=1.5232,=1.8475,=2.3745,=3.8353,=4.5255,=6.0817,=0.6977,=1.4727,=1.7790,=2.3751,=6.5260,=7.7209,=0.0079,=0.2791,=0.0059,=0.0076,=0.0132,=0.0162,=0.0196,=0.0728,=0.1071,=0.0564,=142
="CN5075",国证信创,2015-02-16,,,=0.1612,=68.3888,=0.3368,=39.3034,=50.0725,=78.1848,=124.1579,=152.0158,=7.4545,=0.7970,=3.0386,=3.6043,=5.3104,=7.4790,=10.9595,=5.7105,=0.8030,=2.8415,=3.7193,=4.4686,=5.7047,=8.6847,=0.0028,=0.1353,=0.0018,=0.0029,=0.0057,=0.0078,=0.0108,=0.0739,=0.0598,=0.0281,=33
="932038",央企科技引领,2022-11-16,=-0.0008,=1734.3500,=0.1588,=69.6190,=0.7308,=31.0707,=37.9881,=45.4091,=77.6678,=100.6860,=5.1825,=0.8292,=2.7684,=3.5000,=3.9979,=5.0539,=6.8336,=5.6061,=0.8162,=2.3932,=3.1708,=3.9644,=5.5166,=7.0751,=0.0059,=0.1773,=0.0042,=0.0060,=0.0084,=0.0107,=0.0151,=0.0352,=0.0636,=0.0271,=44
="932456",科创创业AI,2025-05-14,=-0.0130,=3369.5900,=0.1582,=72.2456,=0.0092,=70.2329,=107.1058,=116.1550,=130.0024,=192.3777,=11.7798,=0.7147,=6.1464,=8.2304,=10.6120,=12.9991,=17.0303,=11.9738,=0.2178,=9.0747,=11.7383,=14.4576,=15.7857,=18.3647,=0.0025,=0.8006,=0.0016,=0.0018,=0.0019,=0.0025,=0.0030,=0.1046,=0.0985,=0.0422,=81
="000689",科创材料,2022-08-15,=-0.0030,=1403.7700,=0.1579,=155.3359,=0.8205,=38.7753,=45.5860,=90.3984,=152.8611,=281.6880,=5.3389,=0.9118,=1.9307,=2.6377,=3.4343,=4.5436,=8.5314,=6.1775,=0.8398,=2.1963,=3.1441,=4.0662,=5.7185,=10.7722,=0.0031,=0.0842,=0.0019,=0.0044,=0.0063,=0.0078,=0.0117,=0.0260,=0.0258,=0.0159,=49
="HSSSHID",恒生沪深港创新药精选50指数,2020-03-01,=0.0081,=8667.2200,=0.1561,=31.2183,=0.2744,=23.4861,=29.5844,=35.4523,=51.4392,=94.0285,=4.1362,=0.6245,=2.0729,=2.8213,=3.7661,=6.3213,=8.4497,=5.9358,=0.7795,=1.3432,=1.9040,=3.7473,=6.0043,=8.1459,=0.0086,=0.4858,=0.0033,=0.0050,=0.0087,=0.0120,=0.0157,=0.0807,=0.1198,=0.0708,=295
="931787",港股创新药,2018-08-14,=0.0114,=1448.9100,=0.1537,=34.5668,=0.3461,=20.8973,=29.6626,=42.9179,=78.8151,=400.8209,=3.7292,=0.6923,=1.5132,=2.3105,=2.9968,=4.1171,=5.7621,=6.0817,=0.8912,=0.8553,=1.3350,=2.1045,=3.4193,=7.7308,=0.0079,=0.3279,=0.0045,=0.0069,=0.0102,=0.0135,=0.0202,=0.0728,=0.1071,=0.0561,=810
="000680",科创综指,2025-01-20,=-0.0109,=1880.1000,=0.1487,=134.8756,=0.0960,=115.7401,=160.8155,=208.7777,=231.1210,=278.5830,=6.0824,=0.7828,=3.4337,=3.9860,=5.2867,=6.1828,=8.0513,=7.8813,=0.6919,=4.7291,=5.5154,=7.2328,=8.1798,=10.6066,=0.0030,=0.2071,=0.0023,=0.0029,=0.0037,=0.0050,=0.0065,=0.0286,=0.0261,=0.0124,=246
="931159",创新100,2019-05-16,=-0.0142,=3891.0400,=0.1442,=35.0596,=0.4204,=24.8309,=32.3588,=36.3503,=46.2978,=59.7307,=5.0855,=0.6691,=2.9189,=3.7043,=4.4032,=5.5671,=7.4325,=4.2823,=0.6787,=2.3351,=3.1761,=3.8259,=4.8700,=6.6085,=0.0101,=0.6370,=0.0044,=0.0062,=0.0089,=0.0126,=0.0177,=0.0789,=0.1244,=0.0662,=236
="399439",国证油气,2014-12-30,=0.0292,=2200.2000,=0.1425,=13.5695,=0.4800,=7.2448,=10.6844,=14.0898,=28.2394,=98.7831,=1.4132,=0.9472,=0.6716,=0.7849,=1.1577,=1.2728,=1.8382,=0.7723,=0.9682,=0.2370,=0.3183,=0.5042,=0.6032,=0.9735,=0.0368,=0.2466,=0.0101,=0.0352,=0.0425,=0.0469,=0.0731,=0.0623,=0.0921,=0.0521,=110
="000699",科创200,2024-08-20,=-0.0028,=1507.6700,=0.1424,=152.1594,=0.1268,=128.9087,=169.8576,=229.2152,=308.1579,=388.1174,=4.2465,=0.6237,=1.9770,=3.0394,=4.0084,=4.8484,=5.6874,=6.1140,=0.4849,=3.3605,=5.1399,=6.1706,=7.4162,=8.4376,=0.0046,=0.3924,=0.0033,=0.0041,=0.0049,=0.0067,=0.0100,=0.0171,=0.0165,=0.0098,=154
="399667",创业成长,2013-01-07,=-0.0104,=6303.0700,=0.1405,=31.8316,=0.2614,=21.3636,=29.5830,=38.3028,=51.7989,=90.9628,=6.1306,=0.6734,=2.9224,=4.0916,=4.8759,=7.5404,=10.8589,=4.8272,=0.5518,=2.4713,=3.4035,=4.6724,=6.6439,=10.3001,=0.0096,=0.7984,=0.0027,=0.0042,=0.0064,=0.0096,=0.0182,=0.1116,=0.1635,=0.0819,=105
="399326",成长40,2006-01-24,=-0.0002,=7255.3100,=0.1395,=25.6602,=0.3728,=11.4413,=22.5069,=27.6173,=33.2868,=67.8360,=5.6086,=0.6845,=2.3502,=3.7081,=4.7246,=6.5226,=10.3842,=3.3357,=0.5885,=1.6605,=2.3239,=3.0608,=3.9346,=5.1844,=0.0116,=0.7122,=0.0046,=0.0073,=0.0096,=0.0135,=0.0218,=0.1406,=0.2161,=0.0931,=274
="HSSCHKC",恒生港股通香港公司指数,2017-11-20,=-0.0027,=3535.0500,=0.1375,=14.2197,=0.4781,=9.9660,=12.2549,=14.3739,=17.9529,=45.2058,=1.3707,=0.9875,=0.8018,=0.9568,=1.1018,=1.2544,=1.4044,=3.4235,=0.9894,=1.7566,=2.0805,=2.3980,=2.7999,=3.5613,=0.0356,=0.2783,=0.0202,=0.0341,=0.0389,=0.0465,=0.0626,=0.0625,,=0.0392,=14
="931643",科创创业50,2021-06-01,=-0.0159,=2260.5400,=0.1332,=50.2906,=0.6438,=22.6109,=28.8580,=40.4360,=59.8185,=92.9106,=6.9837,=0.7523,=3.3216,=4.2325,=5.2285,=7.5271,=12.1685,=6.5183,=0.6984,=2.7030,=3.4428,=4.6693,=7.4330,=14.6821,=0.0067,=0.4398,=0.0024,=0.0040,=0.0074,=0.0115,=0.0174,=0.0834,=0.1190,=0.0543,=2054
="931785",智选沪深港科技50,2025-06-27,=-0.0111,=2694.9300,=0.1300,=39.7489,=0.6898,=31.7791,=35.4046,=37.6120,=41.7086,=55.2390,=4.8775,=0.5083,=3.8679,=4.4205,=4.8730,=5.4378,=6.1942,=3.2580,=0.6238,=2.2695,=2.6354,=3.0449,=3.4933,=4.0650,=0.0056,=0.1683,=0.0046,=0.0071,=0.0077,=0.0090,=0.0100,=0.0654,=0.1262,=0.0578,=12
=".INX",标普500,1957-03-04,=-0.0038,=7718.6000,=0.1275,=26.1528,=0.6232,=15.6907,=21.8580,=24.3452,=28.6925,=42.9883,=5.5897,=0.9737,=2.4601,=3.2613,=4.0042,=4.8622,=5.7725,=3.6002,=0.9777,=1.5801,=2.1112,=2.4215,=3.0644,=3.6930,=0.0103,=0.0458,=0.0097,=0.0120,=0.0158,=0.0192,=0.0253,,,=0.0949,=9671
="H11140",香港红利,2009-07-23,=0.0096,=4111.0400,=0.1259,=7.5271,=0.7767,=3.0693,=4.4494,=5.9820,=7.6896,=13.9623,=0.7194,=0.6352,=0.3833,=0.5103,=0.6294,=0.8646,=1.1652,=1.1951,=0.6972,=0.5431,=0.7455,=0.9723,=1.3111,=2.1349,=0.0530,=0.1475,=0.0382,=0.0554,=0.0633,=0.0876,=0.1281,=0.0477,=0.0912,=0.0482,=57
="930713",CS人工智,2015-07-31,=-0.0142,=5932.0300,=0.1231,=48.2855,=0.2969,=24.8131,=43.8200,=53.2244,=62.2708,=90.1869,=7.6726,=0.9567,=2.8384,=3.9100,=4.7027,=5.4124,=10.4087,=4.5616,=0.8693,=2.3148,=3.1674,=3.7880,=4.3102,=6.3979,=0.0064,=0.5728,=0.0041,=0.0051,=0.0061,=0.0078,=0.0120,=0.0894,=0.1245,=0.0501,=1093
="000151",上国红利,2012-07-20,=0.0170,=1709.9100,=0.1193,=8.8623,=0.9765,=4.5075,=5.3657,=7.0061,=7.9573,=10.0345,=0.7875,=0.5955,=0.5268,=0.6189,=0.7506,=0.9620,=1.3272,=1.0873,=0.5233,=0.6026,=0.8953,=1.0750,=1.2997,=1.6854,=0.0426,=0.1085,=0.0346,=0.0443,=0.0513,=0.0650,=0.0754,=0.0453,=0.0803,=0.0499,=243
="399991",一带一路,2015-02-16,=0.0067,=3316.6700,=0.1189,=17.3617,=0.6915,=9.4567,=11.6727,=14.1012,=19.1326,=34.5905,=1.6240,=0.9567,=1.0035,=1.1547,=1.2474,=1.4591,=1.7874,=0.7038,=0.9460,=0.3598,=0.4252,=0.4777,=0.6201,=0.7793,=0.0234,=0.2899,=0.0109,=0.0218,=0.0280,=0.0340,=0.0441,=0.0495,=0.0795,=0.0442,=586
="950333",智选创新价值,2024-09-25,=-0.0077,=2540.7400,=0.1180,=329.6199,=0.3023,=62.6254,=109.6962,=15418.9812,=-368.3581,=5158.8110,=4.0922,=0.8922,=1.6564,=2.1776,=2.6145,=3.1327,=5.3226,=4.9793,=0.8837,=1.6015,=2.1397,=2.7535,=3.1443,=6.7566,=0.0028,=0.1247,=0.0019,=0.0051,=0.0068,=0.0103,=0.0136,=0.0142,=-0.0164,=0.0020,=19
="931718",高端造质量成长50,2021-08-25,=-0.0119,=3225.1600,=0.1160,=35.3483,=0.6992,=16.3078,=22.2046,=29.0703,=36.9900,=49.4696,=6.1333,=0.8115,=3.1255,=3.9486,=4.8924,=6.0816,=8.5001,=4.2024,=0.8525,=1.7207,=2.2559,=3.0431,=3.8534,=5.6653,=0.0097,=0.4041,=0.0046,=0.0067,=0.0109,=0.0149,=0.0205,=0.0895,=0.1450,=0.0725,=31
="932069",港股通医疗主题,2022-07-21,=0.0183,=1105.2200,=0.1156,=37.2977,=0.7979,=20.9778,=26.4659,=30.9534,=37.3903,=51.0900,=2.5359,=0.7355,=1.4397,=1.6334,=2.0513,=2.6032,=3.0086,=1.4291,=0.8113,=0.6760,=0.7795,=1.0024,=1.4244,=1.6308,=0.0119,=0.3997,=0.0073,=0.0087,=0.0126,=0.0158,=0.0250,,=0.0584,=0.0495,=25
="399374",中盘成长,2010-01-04,=-0.0039,=5098.6200,=0.1153,=26.2962,=0.6895,=12.0664,=16.7038,=22.9694,=27.5418,=34.9289,=3.8390,=0.9072,=1.8942,=2.4100,=3.1265,=3.6319,=4.6865,=2.4891,=0.8029,=0.9013,=1.6610,=2.2043,=2.4825,=3.0491,=0.0128,=0.3897,=0.0084,=0.0109,=0.0145,=0.0210,=0.0349,=0.0845,=0.1248,=0.0613,=204
="399970",移动互联,2014-05-05,=-0.0117,=4959.6100,=0.1117,=42.1616,=0.5864,=21.2604,=32.0602,=40.2094,=49.1910,=64.0807,=4.9449,=0.6915,=2.3944,=3.2977,=4.0649,=5.7108,=7.9573,=2.6814,=0.5810,=1.5790,=2.0679,=2.5539,=3.2276,=4.6665,=0.0081,=0.4771,=0.0043,=0.0058,=0.0082,=0.0107,=0.0143,=0.0619,=0.0808,=0.0398,=475
="HSBIO",恒生生物科技指数,2019-12-01,=0.0101,=15754.1700,=0.1111,=31.9626,=0.2669,=20.8275,=30.6967,=52.9661,=136.5634,=62737.8398,=3.2482,=0.5861,=1.5084,=2.1662,=2.9618,=4.3232,=6.7821,=1.8362,=0.6821,=0.7434,=1.1031,=1.5446,=2.1281,=3.5303,=0.0103,=0.5585,=0.0037,=0.0061,=0.0096,=0.0133,=0.0198,,=0.1070,=0.0655,=691
="931235",中证电信,2022-07-21,=-0.0026,=3005.9600,=0.1085,=29.9916,=0.9073,=15.5242,=18.8315,=21.6966,=26.7930,=36.3009,=2.8526,=0.9232,=0.8741,=1.6435,=1.9493,=2.3880,=3.4857,=2.6738,=0.9312,=0.6427,=1.4176,=1.7332,=2.2039,=3.2153,=0.0200,=0.1306,=0.0135,=0.0240,=0.0301,=0.0335,=0.0573,=0.0568,=0.0917,=0.0560,=65
="H30106",H300金融服务,2013-05-21,=-0.0094,=1675.8000,=0.1074,=6.7705,=0.4509,=4.0175,=5.3642,=6.9910,=7.7564,=11.1922,=0.7712,=0.5754,=0.4470,=0.5777,=0.7401,=0.9065,=1.2489,=1.9566,=0.8268,=0.8557,=1.1816,=1.4768,=1.9234,=2.3593,=0.0450,=0.3479,=0.0288,=0.0433,=0.0472,=0.0664,=0.0918,,=0.1014,=0.0500,=25
="930939",500质量,2018-11-21,=-0.0012,=23499.6500,=0.1070,=18.8062,=0.7590,=10.4098,=14.0216,=16.2432,=19.4302,=27.8330,=2.2302,=0.4921,=1.6614,=2.0733,=2.2361,=2.4760,=3.9191,=2.0209,=0.9075,=0.9583,=1.2008,=1.4678,=1.8577,=2.9319,=0.0181,=0.3557,=0.0117,=0.0164,=0.0196,=0.0252,=0.0319,=0.0639,=0.1144,=0.0638,=469
="931582",数字经济,2020-11-09,=-0.0161,=1634.1600,=0.1068,=52.2512,=0.5572,=35.0365,=44.0371,=50.5810,=66.7941,=88.8203,=6.8789,=0.8305,=3.4564,=4.9376,=5.7086,=6.7485,=9.8458,=6.2320,=0.5869,=2.4970,=3.9844,=5.9009,=7.6575,=11.8341,=0.0048,=0.2126,=0.0032,=0.0047,=0.0057,=0.0066,=0.0087,=0.0766,=0.0954,=0.0433,=192
="HSSCHKY",恒生港股通高股息率指数,2019-11-01,=0.0053,=2740.7200,=0.1061,=7.6414,=0.8868,=3.8979,=4.9561,=5.9649,=7.3012,=8.4533,=0.7086,=0.8555,=0.4277,=0.5187,=0.5825,=0.6890,=0.8197,=1.2175,=0.8845,=0.5333,=0.7004,=0.8887,=1.1360,=1.3442,=0.0518,=0.0545,=0.0482,=0.0560,=0.0663,=0.0838,=0.1067,,=0.0893,=0.0459,=507
="000066",上证商品,2010-04-30,=0.0203,=3900.6400,=0.1059,=14.6893,=0.4726,=7.9120,=11.1675,=14.9897,=22.4999,=53.0538,=1.8046,=0.9600,=0.9403,=1.2112,=1.3423,=1.5119,=2.2405,=1.0083,=0.9579,=0.4082,=0.5256,=0.6498,=0.7860,=1.2223,=0.0322,=0.3402,=0.0093,=0.0293,=0.0357,=0.0466,=0.0603,=0.0732,=0.1091,=0.0584,=89
="000015",红利指数,2005-01-04,=0.0159,=3355.0800,=0.1045,=8.8654,=0.9600,=4.6646,=5.5108,=7.0875,=8.1074,=10.4439,=0.8585,=0.6437,=0.5525,=0.6398,=0.7654,=1.0124,=1.3875,=1.4894,=0.9476,=0.7277,=0.8913,=1.1508,=1.3566,=1.6890,=0.0409,=0.1398,=0.0330,=0.0427,=0.0514,=0.0644,=0.0757,=0.0478,=0.0885,=0.0409,=14297
="000908",300能源,2007-07-02,=0.0192,=2609.5500,=0.1039,=13.4021,=0.5204,=6.9395,=9.4585,=13.0370,=19.1357,=62.7889,=1.4878,=0.9526,=0.7125,=0.8868,=1.1410,=1.2941,=1.8071,=0.8800,=0.9678,=0.3053,=0.3856,=0.5108,=0.6974,=1.0302,=0.0397,=0.2565,=0.0113,=0.0382,=0.0494,=0.0598,=0.0754,=0.0635,=0.1004,=0.0549,=274
="931994",电网设备主题,2022-10-11,=-0.0062,=2781.5000,=0.1025,=30.5414,=0.8160,=15.6741,=20.2421,=23.1724,=29.8783,=44.9431,=2.9745,=0.8265,=1.9713,=2.2963,=2.4735,=2.8822,=4.2080,=2.0024,=0.8381,=1.2895,=1.4804,=1.6191,=1.8668,=2.7882,=0.0121,=0.3028,=0.0088,=0.0111,=0.0134,=0.0164,=0.0189,=0.0513,=0.0975,=0.0508,=314
="987016",港股通红利低波,2021-11-18,,,=0.1019,=7.5663,=0.9249,=3.4544,=4.3195,=5.0460,=6.9394,=8.0054,=0.7372,=0.9829,=0.4152,=0.4893,=0.5426,=0.6726,=0.7549,=1.1240,=0.8121,=0.5827,=0.6617,=0.8068,=1.1181,=1.3012,=0.0541,=0.0837,=0.0488,=0.0586,=0.0807,=0.0923,=0.1160,=0.0478,=0.0893,=0.0462,=184
="932596",港股通红利低波,2016-02-04,=0.0078,=4272.4000,=0.1015,=8.0390,=0.5252,=7.1792,=7.7980,=8.0191,=8.2482,=8.5745,=0.7508,=0.6933,=0.6528,=0.6976,=0.7314,=0.7557,=0.7956,=1.3836,=0.9076,=1.2161,=1.2862,=1.3364,=1.3670,=1.4305,=0.0495,=0.2605,=0.0473,=0.0491,=0.0523,=0.0546,=0.0579,=0.0463,=0.0894,,=107
="931409",SHS创新药,2020-02-20,=0.0078,=2318.3500,=0.0994,=40.3560,=0.5311,=24.9819,=34.7228,=39.8267,=58.7390,=94.9889,=4.4883,=0.5890,=2.3431,=3.2934,=4.1700,=6.2938,=8.9149,=6.5384,=0.7876,=2.2896,=3.2174,=4.1254,=6.6010,=8.2645,=0.0086,=0.5305,=0.0036,=0.0052,=0.0084,=0.0113,=0.0166,=0.0772,=0.0994,=0.0625,=327
="000962",中证中游,2010-04-16,=-0.0082,=5177.5700,=0.0986,=31.6004,=0.8614,=12.7529,=17.3536,=20.1642,=27.2879,=43.3218,=3.2047,=0.9633,=1.5782,=1.9009,=2.2541,=2.6195,=4.0998,=1.5957,=0.9649,=0.6672,=0.8352,=0.9920,=1.1446,=2.0187,=0.0116,=0.2594,=0.0081,=0.0108,=0.0151,=0.0183,=0.0221,=0.0511,=0.0826,=0.0418,=17
="399803",工业4.0,2015-02-13,=-0.0120,=5907.7500,=0.0982,=37.4586,=0.5221,=19.7294,=27.9595,=36.1500,=46.6280,=61.8732,=4.7572,=0.5889,=2.6645,=3.4308,=4.3466,=5.6549,=8.0266,=2.1959,=0.3526,=1.5023,=2.0108,=2.5017,=3.2069,=4.4565,=0.0101,=0.5674,=0.0032,=0.0062,=0.0089,=0.0123,=0.0202,=0.0655,=0.1072,=0.0509,=490
="930599",中证高装,2015-03-02,=-0.0101,=9250.5700,=0.0975,=40.2132,=0.7056,=19.5438,=27.7467,=34.6585,=45.0686,=65.7817,=4.2399,=0.9291,=1.8509,=2.5592,=3.1126,=3.7692,=5.5770,=2.3849,=0.7559,=1.2322,=1.6106,=1.9489,=2.4228,=3.1551,=0.0091,=0.4878,=0.0049,=0.0067,=0.0092,=0.0120,=0.0171,=0.0557,=0.0865,=0.0428,=124
="930758",凤凰50,2018-11-21,=-0.0045,=8740.3000,=0.0972,=13.9467,=0.5259,=8.6050,=10.8328,=13.6202,=15.7279,=22.7753,=1.8980,=0.6934,=1.0496,=1.4457,=1.6771,=2.0696,=3.0708,=2.1937,=0.9001,=0.3622,=0.7539,=1.3295,=1.9173,=3.4064,=0.0328,=0.8658,=0.0097,=0.0229,=0.0283,=0.0307,=0.0478,=0.0700,=0.1135,=0.0671,=75
="930967",港股通信息C,2017-06-23,=-0.0371,=5057.5300,=0.0954,=53.2800,=0.9279,=9.7009,=25.9364,=35.1783,=45.7638,=82.6684,=3.4219,=0.4747,=1.0827,=1.5134,=3.7830,=5.9062,=9.2789,=1.5479,=0.4734,=0.3926,=0.6364,=1.7217,=4.3709,=6.3504,=0.0045,=0.1851,=0.0029,=0.0047,=0.0058,=0.0110,=0.0212,,=0.0910,=0.0436,=19
="HSCSOE",恒生中国央企指数,2023-01-01,=0.0020,=3935.0900,=0.0946,=7.6339,=0.7392,=4.9972,=5.5900,=6.2666,=7.7965,=8.5526,=0.7758,=0.8519,=0.5264,=0.5950,=0.6400,=0.7656,=0.8375,=0.9460,=0.8486,=0.5404,=0.5982,=0.6812,=0.9211,=1.0234,=0.0488,=0.1160,=0.0450,=0.0513,=0.0677,=0.0772,=0.0871,=0.0533,=0.0956,=0.0480,=120
="399364",消费100,2009-08-03,=-0.0091,=11800.6700,=0.0932,=35.3090,=0.8034,=15.8540,=22.7824,=26.9236,=35.2169,=49.3766,=4.9184,=0.7997,=2.6561,=3.3069,=3.7833,=4.9212,=7.3266,=2.4513,=0.7749,=1.3127,=1.6834,=1.9241,=2.5443,=4.2956,=0.0123,=0.2597,=0.0070,=0.0116,=0.0159,=0.0191,=0.0241,=0.0714,=0.1191,=0.0654,=318
="930965",HKC医药C,2017-06-23,=0.0083,=3538.8100,=0.0919,=36.8893,=0.5325,=18.1989,=25.8133,=33.7833,=71.8816,=6384.2329,=2.6387,=0.4796,=1.4216,=1.9517,=2.6910,=3.6839,=6.9841,=1.5549,=0.7268,=0.7160,=1.0344,=1.3364,=1.7168,=3.7092,=0.0108,=0.4926,=0.0038,=0.0079,=0.0109,=0.0142,=0.0248,,=0.0655,=0.0482,=163
="930820",CS高端制,2016-05-11,=-0.0075,=9233.5900,=0.0906,=42.1786,=0.7637,=21.5994,=28.9923,=36.5742,=43.8020,=58.8118,=4.0743,=0.8548,=2.0597,=2.7148,=3.1883,=3.9253,=5.2414,=2.6018,=0.8544,=1.1980,=1.7166,=2.0514,=2.5052,=3.3599,=0.0090,=0.3406,=0.0055,=0.0081,=0.0098,=0.0124,=0.0171,=0.0535,=0.0816,=0.0422,=321
="932153",港股通价值策略,2025-04-30,=-0.0015,=1143.6200,=0.0884,=9.2225,=0.1134,=8.1696,=9.5114,=10.0530,=10.3608,=10.9237,=0.8215,=0.2299,=0.7012,=0.8181,=0.8732,=0.8987,=0.9365,=0.9842,=0.2478,=0.8168,=0.9676,=1.0223,=1.0617,=1.1126,=0.0443,=0.7761,=0.0397,=0.0413,=0.0428,=0.0446,=0.0538,,=0.0817,=0.0427,=16
="399291",创精选88,2019-11-06,=-0.0039,=4967.4000,=0.0873,=49.8856,=0.3775,=32.8940,=42.3398,=54.0732,=64.9364,=106.4385,=3.2269,=0.3670,=1.8895,=2.8624,=3.4006,=3.9111,=4.9331,=3.4809,=0.6710,=1.9655,=2.6374,=3.1273,=4.2769,=5.5728,=0.0095,=0.8015,=0.0042,=0.0052,=0.0072,=0.0094,=0.0134,=0.0357,=0.0556,=0.0303,=41
="930719",CS精准医,2015-08-05,=0.0144,=2886.8700,=0.0860,=35.6000,=0.1144,=29.3195,=37.7114,=51.7322,=66.7580,=102.1078,=4.7465,=0.2724,=3.4982,=4.5556,=5.9639,=8.9283,=14.5104,=6.9621,=0.4170,=5.1956,=6.1929,=7.4040,=10.5699,=18.8625,=0.0074,=0.5883,=0.0022,=0.0041,=0.0068,=0.0105,=0.0164,=0.0753,=0.1091,=0.0540,=345
="HSMCHYI",恒生中国内地企业高股息率指数,2019-09-01,=0.0020,=3021.0400,=0.0856,=7.1726,=0.8468,=3.7550,=5.0589,=5.8681,=6.9194,=7.9027,=0.7540,=0.8509,=0.4590,=0.5803,=0.6436,=0.7421,=0.8175,=1.1155,=0.8931,=0.5101,=0.6897,=0.8039,=0.9320,=1.2126,=0.0510,=0.0844,=0.0478,=0.0533,=0.0618,=0.0791,=0.1052,,=0.0995,=0.0500,=286
="930712",CS物联网,2015-07-31,=-0.0113,=4515.6200,=0.0827,=31.0697,=0.4412,=21.9217,=27.4652,=32.2998,=37.1148,=50.1215,=4.6440,=0.7159,=2.7515,=3.4472,=4.0807,=4.9792,=7.1882,=2.4350,=0.7814,=1.2084,=1.7388,=2.0107,=2.5506,=3.5102,=0.0133,=0.7402,=0.0070,=0.0089,=0.0113,=0.0139,=0.0190,=0.0871,=0.1340,=0.0721,=169
="930914",港股通高股息,2016-11-25,=0.0084,=5302.8800,=0.0783,=8.1644,=0.8445,=3.4280,=4.4404,=5.9893,=7.8952,=11.1979,=0.7866,=0.7424,=0.3979,=0.5040,=0.6312,=0.8506,=1.1764,=1.2774,=0.8167,=0.5144,=0.7098,=0.9270,=1.2630,=2.2126,=0.0507,=0.1087,=0.0387,=0.0546,=0.0656,=0.0862,=0.1194,=0.0472,=0.0918,=0.0489,=779
="931186",中证科技,2019-05-30,=-0.0119,=7215.4400,=0.0780,=31.9964,=0.2739,=19.1938,=30.4630,=36.2518,=46.2615,=73.9401,=4.3515,=0.4375,=2.6301,=3.6268,=4.5764,=6.3324,=8.1242,=2.6555,=0.4358,=1.4264,=2.0971,=2.7933,=4.5128,=6.0737,=0.0119,=0.7527,=0.0037,=0.0054,=0.0086,=0.0128,=0.0201,=0.0662,=0.1226,=0.0581,=961
="950580",上证580,2025-06-16,=0.0039,=2107.6600,=0.0747,=55.4212,=0.1060,=50.4504,=58.5976,=67.2693,=71.3338,=79.6458,=2.3494,=0.5166,=1.8567,=2.2411,=2.3471,=2.6131,=2.8840,=1.7709,=0.2483,=1.5076,=1.7428,=1.8948,=1.9765,=2.1496,=0.0094,=0.4735,=0.0076,=0.0085,=0.0094,=0.0099,=0.0116,=0.0272,=0.0354,=0.0231,=11
="H11146",港股通内地金融,2010-06-02,=-0.0097,=1181.9200,=0.0738,=5.8363,=0.4635,=3.2759,=4.5177,=6.0301,=6.7449,=9.2347,=0.6341,=0.4428,=0.3797,=0.4938,=0.6570,=0.8705,=1.1859,=1.5463,=0.7303,=0.6692,=0.9478,=1.3187,=1.6010,=2.1885,=0.0481,=0.4469,=0.0302,=0.0445,=0.0500,=0.0726,=0.0994,,=0.0970,=0.0476,=51
="931142",东证竞争,2019-03-20,=-0.0029,=1988.9800,=0.0689,=18.1567,=0.8682,=9.8569,=11.9518,=14.0885,=16.3345,=27.8877,=2.8919,=0.8219,=1.5408,=1.7336,=2.0759,=2.6547,=4.6703,=2.8100,=0.8682,=0.9384,=1.2798,=1.7462,=2.3506,=3.1903,=0.0249,=0.4234,=0.0120,=0.0223,=0.0262,=0.0328,=0.0399,=0.0832,=0.1629,=0.0829,=219
="000805",A股资源,2012-01-06,=0.0154,=7573.0100,=0.0681,=14.9416,=0.4460,=7.9265,=11.4609,=15.5539,=23.3148,=72.9241,=1.9123,=0.9571,=0.9200,=1.1959,=1.3708,=1.5332,=2.3735,=1.0501,=0.9534,=0.3865,=0.5298,=0.6350,=0.7896,=1.2754,=0.0306,=0.3397,=0.0090,=0.0281,=0.0342,=0.0454,=0.0580,=0.0782,=0.1115,=0.0593,=14
="000068",上证资源,2010-05-28,=0.0165,=4296.6000,=0.0671,=14.8108,=0.4730,=7.8012,=11.1450,=15.0813,=22.0794,=73.1997,=1.8214,=0.9621,=0.8674,=1.1479,=1.3196,=1.4974,=2.2515,=1.0006,=0.9555,=0.3742,=0.5012,=0.6088,=0.7784,=1.2220,=0.0319,=0.2763,=0.0094,=0.0300,=0.0360,=0.0471,=0.0635,=0.0738,=0.1097,=0.0590,=315
="931155",300质量成长,2019-04-22,=-0.0024,=10786.4500,=0.0666,=11.6494,=0.3086,=7.3805,=10.8191,=13.5611,=15.2186,=31.0699,=1.9491,=0.3309,=1.1055,=1.6673,=2.2365,=2.8018,=5.3844,=2.8906,=0.8951,=1.3218,=1.7774,=2.1964,=2.6571,=3.8395,=0.0270,=0.6323,=0.0092,=0.0212,=0.0254,=0.0312,=0.0464,=0.0883,=0.1462,=0.0662,=79
="930716",CS物流,2015-07-31,=0.0064,=1246.7700,=0.0618,=16.0995,=0.3913,=6.6312,=13.0083,=18.0988,=33.3730,=505.8138,=1.2782,=0.1534,=1.1511,=1.2944,=1.9576,=2.5283,=3.8580,=0.4842,=0.6511,=0.2137,=0.3289,=0.4559,=0.6330,=1.0427,=0.0300,=0.6557,=0.0055,=0.0093,=0.0126,=0.0374,=0.0692,=0.0443,=0.0542,=0.0395,=249
="931469",云计算50,2020-06-12,=-0.0131,=3929.7900,=0.0610,=53.0517,=0.0522,=43.1726,=58.3765,=68.6581,=81.6849,=130.8911,=8.7055,=0.9320,=3.0031,=3.8966,=5.1349,=6.4657,=11.7205,=4.6931,=0.8838,=2.2186,=2.8951,=3.5478,=4.3349,=6.4913,=0.0031,=0.1248,=0.0021,=0.0033,=0.0042,=0.0056,=0.0085,=0.0988,=0.1212,=0.0461,=70
="931468",红利质量,2020-05-21,=-0.0030,=33428.5800,=0.0609,=16.0883,=0.1993,=12.5562,=16.0981,=18.6180,=21.8018,=36.4689,=2.8889,=0.2235,=2.1523,=2.8531,=3.7241,=4.6964,=8.5636,=3.4056,=0.6281,=1.9811,=2.3533,=2.9886,=3.9423,=5.8829,=0.0312,=0.6993,=0.0102,=0.0191,=0.0290,=0.0332,=0.0407,=0.1049,=0.1637,=0.0873,=1217
="000150",380红利,2012-07-20,=0.0141,=12260.8500,=0.0608,=15.1915,=0.7720,=5.2545,=8.5513,=12.0903,=15.8620,=19.8070,=1.0632,=0.3221,=0.6172,=0.8678,=1.3388,=1.6332,=2.2090,=0.5047,=0.4792,=0.2775,=0.3623,=0.5261,=1.4719,=2.3204,=0.0445,=0.4911,=0.0247,=0.0356,=0.0448,=0.0581,=0.0734,=0.0386,=0.0377,=0.0287,=45
="HSCCI",恒生香港中资企业指数,1997-06-16,=0.0146,=4237.3400,=0.0552,=8.6983,=0.4945,=4.8859,=6.8728,=8.7387,=11.3461,=16.1208,=0.8121,=0.3881,=0.5567,=0.7305,=0.8591,=1.1469,=1.3660,=0.9357,=0.4242,=0.5555,=0.7802,=0.9756,=1.3399,=1.5178,=0.0575,=0.6262,=0.0276,=0.0365,=0.0537,=0.0664,=0.1028,=0.0537,=0.0951,=0.0536,=35
="399996",智能家居,2014-09-17,=-0.0126,=4844.4700,=0.0538,=31.2640,=0.6775,=17.5405,=23.3761,=27.7580,=33.7656,=47.8369,=4.1881,=0.8396,=2.2523,=2.8549,=3.4652,=4.1096,=5.3919,=2.1334,=0.8103,=1.0942,=1.4673,=1.7629,=2.1094,=2.7965,=0.0144,=0.5278,=0.0087,=0.0108,=0.0142,=0.0175,=0.0235,=0.0682,=0.1118,=0.0573,=212
="931238",SSH黄金股票,2017-10-17,=0.0081,=3427.4900,=0.0534,=16.0500,=0.0484,=13.5435,=18.2802,=23.1849,=35.5449,=92.1543,=3.6427,=0.9285,=1.4294,=1.8192,=2.0253,=2.3865,=6.0579,=1.1863,=0.9416,=0.3659,=0.4669,=0.5546,=0.6762,=1.9529,=0.0207,=0.7860,=0.0052,=0.0086,=0.0127,=0.0209,=0.0325,=0.1363,=0.1921,=0.0952,=371
="932039",央企股东回报,2022-11-16,=0.0113,=1671.3500,=0.0533,=12.7997,=0.8965,=8.0198,=9.7357,=11.0921,=12.1028,=13.8005,=1.2535,=0.9108,=0.8847,=1.0165,=1.1168,=1.1869,=1.4098,=0.8259,=0.9328,=0.3642,=0.4269,=0.5336,=0.6929,=0.8821,=0.0410,=0.1388,=0.0383,=0.0418,=0.0447,=0.0472,=0.0553,=0.0509,=0.0905,=0.0450,=136
="931829",中证回购,2023-10-17,=0.0060,=2433.2900,=0.0529,=22.5682,=0.2656,=16.8171,=21.9327,=25.0997,=34.0280,=40.4937,=2.1709,=0.8892,=1.3801,=1.5751,=1.7542,=2.0552,=2.3571,=0.8591,=0.1634,=0.7604,=0.9087,=1.0076,=1.1384,=1.4917,=0.0287,=0.9929,=0.0146,=0.0164,=0.0209,=0.0251,=0.0290,=0.0600,=0.0495,=0.0317,=40
="931722",国新港股通央企红利,2023-09-13,=0.0205,=1384.5600,=0.0507,=9.5232,=0.7943,=5.5040,=6.7383,=7.8429,=9.5349,=10.8173,=0.8784,=0.7084,=0.6213,=0.7433,=0.8301,=0.9072,=1.0298,=0.6051,=0.7916,=0.3100,=0.3849,=0.4897,=0.6087,=0.6918,=0.0539,=0.1117,=0.0469,=0.0566,=0.0613,=0.0684,=0.0823,=0.0500,=0.0875,=0.0488,=378
="H30597",新材料,2015-02-13,=-0.0037,=4355.9900,=0.0500,=30.4246,=0.4458,=14.0729,=21.7626,=33.1804,=43.5474,=70.6085,=3.5021,=0.4091,=2.1817,=2.8826,=3.6635,=5.2685,=8.9168,=2.3296,=0.3278,=1.2938,=2.0086,=2.7232,=3.7927,=7.1680,=0.0143,=0.7901,=0.0037,=0.0060,=0.0108,=0.0146,=0.0237,=0.0670,=0.0908,=0.0430,=323
="399006",创业板指,2010-06-01,=-0.0115,=3359.7200,=0.0489,=38.3952,=0.3344,=22.8885,=32.3387,=41.9376,=55.2938,=79.6826,=5.5938,=0.6602,=3.0035,=4.0151,=4.8501,=6.5359,=9.5804,=4.0032,=0.3336,=2.3312,=3.4103,=4.4970,=6.0124,=8.4805,=0.0094,=0.7757,=0.0032,=0.0049,=0.0065,=0.0098,=0.0180,=0.0875,=0.1330,=0.0661,=16879
="HSSCHYS",恒生港股通红利优选指数,2023-06-01,=0.0047,=4865.2000,=0.0476,=7.7797,=0.7730,=4.2457,=4.7622,=5.8860,=7.8973,=9.0746,=0.7307,=0.7333,=0.4429,=0.5021,=0.5937,=0.7380,=0.8283,=1.1989,=0.9578,=0.6036,=0.6814,=0.8884,=1.0688,=1.2508,=0.0578,=0.1315,=0.0497,=0.0601,=0.0708,=0.0877,=0.0947,,=0.0897,=0.0466,=89
="931025",港股通地产,2017-11-06,=0.0070,=1662.6200,=0.0458,=-69.0239,=0.6928,=1.3998,=5.5108,=8.3821,=-3.2046,=7833.8201,=0.4698,=0.4505,=0.0757,=0.2148,=0.4898,=0.8744,=1.4256,=0.9140,=0.8515,=0.0508,=0.1446,=0.5499,=0.8821,=1.5776,=0.0383,=0.3912,=0,=0.0290,=0.0424,=0.0687,=0.2175,,=-0.0074,=0.0061,=13
="HSSCSOY",恒生港股通中国央企红利指数,2023-06-01,=0.0091,=4199.6900,=0.0445,=6.9701,=0.7903,=4.1647,=4.6740,=5.7356,=6.9923,=7.8218,=0.6441,=0.6501,=0.4381,=0.4975,=0.5980,=0.6833,=0.7455,=1.0903,=0.9814,=0.5323,=0.5992,=0.7601,=0.9695,=1.1223,=0.0519,=0.0806,=0.0487,=0.0560,=0.0677,=0.0860,=0.0936,=0.0453,=0.0921,=0.0475,=273
="HSHCI",恒生医疗保健指数,2015-08-17,=0.0096,=3823.8400,=0.0443,=31.1953,=0.4315,=15.9973,=23.4060,=33.4256,=116.8549,=143059.6617,=2.8576,=0.5880,=1.4805,=2.2594,=2.6744,=3.4864,=7.0432,=1.8264,=0.7883,=0.8149,=1.0324,=1.3191,=1.8605,=3.5391,=0.0116,=0.5339,=0.0038,=0.0082,=0.0113,=0.0147,=0.0248,,=0.0980,=0.0541,=1750
="000009",上证380,2010-11-29,=0.0040,=6878.2000,=0.0440,=28.9587,=0.8845,=11.6192,=14.6240,=18.0435,=25.1263,=39.7002,=2.1827,=0.7307,=1.2909,=1.6341,=1.9524,=2.3429,=2.7777,=1.4175,=0.7691,=0.7850,=0.9356,=1.0814,=1.4831,=1.8994,=0.0162,=0.2726,=0.0086,=0.0154,=0.0183,=0.0251,=0.0358,=0.0419,=0.0662,=0.0414,=866
="399293",创业大盘,2019-04-18,=-0.0120,=6759.4200,=0.0431,=33.7611,=0.3166,=20.6573,=29.6473,=41.1011,=54.0023,=71.9327,=6.2537,=0.4897,=3.4452,=4.7446,=6.2782,=9.1534,=13.4901,=4.4756,=0.3138,=2.8408,=4.0428,=5.6556,=9.8198,=14.8309,=0.0099,=0.6874,=0.0029,=0.0046,=0.0073,=0.0118,=0.0196,=0.1045,=0.1554,=0.0782,=182
="931132",诚通央企红利,2023-05-04,=0.0122,=1691.6600,=0.0425,=13.5016,=0.8391,=9.0905,=10.6584,=12.0053,=13.1958,=15.2313,=1.3262,=0.8784,=0.9482,=1.0960,=1.1861,=1.2611,=1.5338,=0.7987,=0.9054,=0.3626,=0.4257,=0.5695,=0.7348,=0.8835,=0.0409,=0.2371,=0.0374,=0.0405,=0.0439,=0.0456,=0.0498,=0.0542,=0.0916,=0.0450,=42
="931590",500成长创新,2020-11-09,=-0.0060,=28310.7300,=0.0425,=33.6661,=0.9576,=14.5054,=17.8216,=20.4279,=27.9021,=46.8480,=4.2192,=0.9590,=1.6442,=2.3272,=2.6693,=3.3246,=5.3919,=4.2444,=0.9576,=1.3106,=1.9868,=2.2883,=2.7860,=5.5640,=0.0094,=0.0410,=0.0074,=0.0127,=0.0168,=0.0210,=0.0252,=0.0744,=0.1277,=0.0650,=89
="931187",科技100,2019-05-30,=-0.0108,=4810.0700,=0.0425,=27.7406,=0.5710,=18.1467,=22.2253,=26.3451,=34.9496,=49.5031,=3.6380,=0.5959,=2.3703,=2.7977,=3.3753,=4.2476,=5.4633,=2.4818,=0.6650,=1.2579,=1.6403,=2.0813,=2.7146,=4.1304,=0.0133,=0.6984,=0.0052,=0.0083,=0.0119,=0.0140,=0.0184,=0.0693,=0.0911,=0.0562,=860
="000092",资源50,2011-05-10,=0.0175,=5088.7600,=0.0424,=14.6838,=0.4812,=7.9483,=11.3499,=14.8678,=21.8145,=51.7897,=1.8825,=0.9600,=0.9579,=1.2635,=1.4042,=1.5534,=2.3324,=1.0316,=0.9530,=0.4148,=0.5541,=0.6758,=0.7999,=1.2646,=0.0317,=0.3616,=0.0094,=0.0286,=0.0354,=0.0449,=0.0578,=0.0771,=0.1132,=0.0606,=41
="000905",中证500,2007-01-15,=0.0015,=7770.7300,=0.0409,=33.1172,=0.7963,=15.7028,=21.2812,=25.5686,=33.2358,=48.6069,=2.4055,=0.7955,=1.3824,=1.7164,=1.9211,=2.4211,=2.9888,=1.6697,=0.8239,=0.8118,=1.0305,=1.1724,=1.6058,=2.2566,=0.0133,=0.3856,=0.0064,=0.0117,=0.0141,=0.0185,=0.0237,=0.0444,=0.0620,=0.0377,=38501
="931403",品牌工程,2020-01-14,=-0.0083,=2054.9300,=0.0408,=25.4052,=0.2891,=18.7149,=24.0859,=28.9194,=43.4595,=69.9724,=3.8532,=0.1073,=3.2380,=4.0099,=4.8926,=7.6583,=10.9810,=3.0011,=0.2543,=2.2604,=2.9347,=3.3448,=4.7662,=7.2001,=0.0222,=0.8058,=0.0056,=0.0085,=0.0155,=0.0221,=0.0278,=0.0855,=0.1433,=0.0828,=125
="932420",智选船舶产业,2025-05-28,=0.0081,=1502.6000,=0.0397,=18.2278,=0.6044,=12.9248,=14.2326,=17.2408,=19.7526,=21.8048,=1.4505,=0.9051,=1.1414,=1.2446,=1.3166,=1.4257,=1.5726,=1.0293,=0.7658,=0.8043,=0.8857,=0.9548,=1.0348,=1.1519,=0.0258,=0.3228,=0.0219,=0.0250,=0.0289,=0.0317,=0.0350,=0.0462,=0.0735,=0.0406,=21
="399276",创科技,2020-10-26,=-0.0142,=8425.2600,=0.0396,=32.1590,=0.3774,=20.4624,=26.5290,=37.7037,=56.5639,=84.1667,=5.9062,=0.5090,=3.5855,=4.4459,=5.8673,=8.4138,=12.0896,=4.7563,=0.4903,=2.4145,=3.3884,=4.8565,=8.3900,=12.2359,=0.0117,=0.6851,=0.0023,=0.0035,=0.0091,=0.0160,=0.0221,=0.1025,=0.1724,=0.0811,=12
="000824",国企红利,2012-07-20,=0.0135,=2200.8000,=0.0376,=9.1014,=0.9588,=4.8847,=5.9406,=7.3385,=8.5354,=10.7823,=0.8809,=0.6194,=0.5610,=0.6880,=0.8233,=1.0528,=1.4469,=1.3164,=0.8755,=0.5370,=0.7016,=0.9865,=1.2697,=1.6834,=0.0422,=0.2198,=0.0328,=0.0418,=0.0481,=0.0583,=0.0694,=0.0481,=0.0892,=0.0457,=969
="930938",500成长估值,2018-12-04,=-0.0016,=4810.5400,=0.0373,=20.7229,=0.8367,=9.4780,=13.1448,=16.8987,=20.0802,=30.3577,=2.4747,=0.8991,=1.4489,=1.8738,=2.1334,=2.3176,=3.6765,=2.0369,=0.9088,=0.6916,=0.9087,=1.1812,=1.6345,=2.5224,=0.0169,=0.3292,=0.0092,=0.0156,=0.0186,=0.0217,=0.0299,=0.0696,=0.1028,=0.0631,=75
="399673",创业板50,2014-06-18,=-0.0125,=3514.8000,=0.0367,=32.4697,=0.2705,=20.6075,=30.6784,=41.9700,=57.2675,=106.7499,=6.0968,=0.6355,=3.1473,=4.3234,=5.2416,=7.5532,=11.7288,=4.6356,=0.2862,=2.6907,=4.1383,=5.4704,=7.7414,=13.3154,=0.0096,=0.8091,=0.0021,=0.0036,=0.0050,=0.0095,=0.0190,=0.1086,=0.1569,=0.0793,=5650
="399315",巨潮中盘,2005-02-03,=-0.0017,=4930.4100,=0.0359,=36.7865,=0.9134,=14.3715,=18.4227,=22.9154,=29.8424,=49.3940,=2.5364,=0.7608,=1.5252,=1.8923,=2.1501,=2.5787,=3.0245,=1.9566,=0.9691,=0.8408,=1.2254,=1.4278,=1.6511,=2.3572,=0.0134,=0.3666,=0.0082,=0.0119,=0.0158,=0.0221,=0.0288,=0.0480,=0.0707,=0.0424,=21
="931233",港股通央企红利,2017-06-28,=0.0092,=1206.9900,=0.0353,=7.3559,=0.7646,=3.6988,=4.9826,=6.4121,=7.4456,=14.0775,=0.7011,=0.6328,=0.3929,=0.5242,=0.6479,=0.8566,=1.8161,=1.0070,=0.5737,=0.4645,=0.6267,=0.9535,=1.3868,=1.7583,=0.0518,=0.1985,=0.0394,=0.0519,=0.0569,=0.0794,=0.1038,=0.0452,=0.0906,=0.0470,=494
="931067",绩优策略,2018-02-14,=-0.0024,=7869.3600,=0.0346,=15.7087,=0.2476,=10.5807,=14.8536,=18.6692,=26.7142,=44.0015,=4.8734,=0.4355,=3.5566,=4.2993,=5.0454,=7.2947,=11.8571,=2.7601,=0.3940,=2.1909,=2.5316,=2.8849,=4.8028,=8.6201,=0.0217,=0.5125,=0.0082,=0.0136,=0.0214,=0.0296,=0.0455,=0.1696,=0.2359,=0.1093,=28
="399012",创业300,2013-01-07,=-0.0098,=4652.3400,=0.0312,=42.3857,=0.3340,=26.6250,=38.0630,=47.2425,=64.5540,=93.5585,=4.8476,=0.6375,=2.5798,=3.6214,=4.3426,=5.5726,=7.5462,=3.7657,=0.3468,=2.2146,=3.3208,=4.2023,=5.8548,=7.6467,=0.0091,=0.8000,=0.0035,=0.0046,=0.0061,=0.0091,=0.0164,=0.0695,=0.1020,=0.0535,=3
="399376",小盘成长,2010-01-04,=-0.0046,=6539.4300,=0.0296,=28.9719,=0.6816,=14.4007,=20.2318,=25.5978,=32.2779,=60.1410,=3.1688,=0.8107,=1.6246,=2.0607,=2.3694,=3.1480,=3.8828,=1.8328,=0.7439,=0.7224,=1.0640,=1.2045,=1.9295,=3.3081,=0.0136,=0.5468,=0.0062,=0.0108,=0.0132,=0.0171,=0.0246,=0.0613,=0.1002,=0.0502,=289
="931381",中证长三角,2019-11-25,=0.0022,=2082.1700,=0.0287,=13.5761,=0.7225,=9.1117,=10.6871,=12.0724,=14.0259,=16.1441,=1.3779,=0.5719,=0.9630,=1.1544,=1.3195,=1.5461,=1.8124,=1.6667,=0.8403,=0.8724,=1.0742,=1.2603,=1.6014,=1.9541,=0.0270,=0.3783,=0.0209,=0.0254,=0.0282,=0.0321,=0.0422,=0.0565,=0.0961,=0.0497,=13
="399375",中盘价值,2010-01-04,=0.0060,=6101.8700,=0.0283,=15.3478,=0.7563,=9.0528,=10.9370,=12.3141,=16.4155,=33.1718,=1.4640,=0.7489,=1.0236,=1.1932,=1.3322,=1.5274,=1.9880,=1.2290,=0.9769,=0.5167,=0.6432,=0.7489,=0.9806,=1.3254,=0.0294,=0.4421,=0.0137,=0.0244,=0.0309,=0.0368,=0.0505,=0.0532,=0.0785,=0.0471,=189
="399612",中创100,2011-02-28,=-0.0091,=2838.2700,=0.0282,=29.6745,=0.4124,=18.0203,=24.5371,=31.0972,=39.8478,=52.6199,=4.1100,=0.4388,=2.5576,=3.3599,=4.1893,=5.0805,=7.4671,=2.6950,=0.3390,=1.6155,=2.2648,=2.9880,=3.8541,=5.8630,=0.0119,=0.7101,=0.0050,=0.0075,=0.0098,=0.0137,=0.0203,=0.0768,=0.1210,=0.0621,=158
="1000007",创业板全指,2010-05-01,=-0.0077,=4020.5600,=0.0279,=60.3312,=0.4858,=33.8134,=48.2400,=60.8879,=100.0107,=334.2333,=4.3240,=0.5926,=2.3083,=3.3593,=4.0479,=5.1143,=6.2717,=3.7269,=0.3901,=2.1439,=3.2922,=4.0656,=5.5071,=8.1455,=0.0079,=0.7732,=0.0036,=0.0046,=0.0061,=0.0081,=0.0148,=0.0479,=0.0638,=0.0377,=1941
="000922",中证红利,2008-05-26,=0.0130,=5652.8000,=0.0270,=8.6047,=0.7963,=5.1762,=6.0245,=7.6566,=8.6128,=11.2156,=0.8485,=0.5138,=0.5911,=0.7110,=0.8424,=1.1018,=1.4999,=1.2831,=0.8870,=0.6332,=0.7726,=1.0440,=1.2402,=1.7101,=0.0421,=0.2375,=0.0309,=0.0412,=0.0471,=0.0596,=0.0693,=0.0487,=0.0895,=0.0440,=20567
="399625",中创500,2011-08-15,=-0.0056,=2502.2900,=0.0269,=33.7789,=0.4087,=20.4615,=28.9847,=35.5718,=40.6039,=52.5750,=3.5679,=0.5113,=2.1192,=2.8827,=3.5430,=4.2755,=5.2507,=2.5526,=0.4590,=1.4713,=2.0764,=2.6128,=3.4124,=4.2320,=0.0111,=0.7134,=0.0057,=0.0072,=0.0094,=0.0124,=0.0196,=0.0609,=0.0951,=0.0504,=165
="931052",国信价值,2017-12-08,=0.0052,=3542.3600,=0.0263,=9.5869,=0.8686,=5.3831,=6.6115,=7.4745,=8.9227,=11.0091,=1.2852,=0.8596,=0.7343,=0.9137,=1.0352,=1.1910,=1.5208,=1.7225,=0.9053,=0.6105,=0.9524,=1.2446,=1.4841,=2.0196,=0.0416,=0.3613,=0.0262,=0.0384,=0.0439,=0.0529,=0.0692,=0.0673,=0.1267,=0.0662,=605
="000961",中证上游,2010-04-16,=0.0175,=5194.7700,=0.0260,=15.0780,=0.4507,=8.3063,=11.4863,=15.6161,=22.7333,=72.2001,=1.8993,=0.9526,=0.9003,=1.1960,=1.3735,=1.5426,=2.4036,=1.0349,=0.9485,=0.3813,=0.5134,=0.6292,=0.7892,=1.2905,=0.0307,=0.3344,=0.0092,=0.0283,=0.0343,=0.0447,=0.0576,=0.0764,=0.1119,=0.0589,=51
="399316",巨潮小盘,2005-02-03,=0.0027,=6167.3000,=0.0257,=35.2607,=0.7262,=17.4883,=24.6121,=29.2581,=37.6301,=56.1825,=2.1241,=0.6606,=1.3049,=1.7086,=1.9640,=2.4047,=3.1340,=1.3468,=0.6367,=0.7478,=1.0120,=1.2294,=1.5898,=2.5314,=0.0148,=0.6788,=0.0061,=0.0104,=0.0128,=0.0162,=0.0214,=0.0385,=0.0444,=0.0300,=23
="H30199",电力指数,2013-07-15,=0.0070,=2893.0900,=0.0251,=18.8516,=0.4775,=14.1448,=16.9500,=18.9726,=25.0122,=78.5133,=1.7010,=0.4565,=1.2472,=1.5161,=1.7154,=1.8419,=2.0960,=1.8031,=0.8190,=1.1507,=1.4427,=1.5879,=1.7825,=2.2389,=0.0275,=0.6445,=0.0166,=0.0223,=0.0267,=0.0283,=0.0333,=0.0402,=0.0878,=0.0494,=776
="000825",央企红利,2012-07-20,=0.0110,=3539.3300,=0.0249,=9.4306,=0.9674,=4.7369,=6.0940,=7.3072,=8.5301,=10.5687,=0.9152,=0.6639,=0.5507,=0.6915,=0.8553,=0.9934,=1.3929,=1.2668,=0.8891,=0.6009,=0.8548,=1.0839,=1.2245,=1.7357,=0.0411,=0.1291,=0.0330,=0.0423,=0.0473,=0.0555,=0.0713,=0.0474,=0.0902,=0.0455,=399
="931897",绿色电力,2012-12-21,=0.0066,=1109.2500,=0.0245,=18.8303,=0.5167,=12.4356,=16.3678,=18.6620,=23.5753,=3316.8719,=1.7199,=0.6367,=1.0802,=1.3464,=1.6508,=1.7879,=2.0565,=1.8539,=0.8528,=0.8910,=1.1301,=1.2733,=1.7298,=2.6891,=0.0271,=0.8045,=0.0111,=0.0186,=0.0233,=0.0271,=0.0335,=0.0408,=0.0880,=0.0488,=188
="980081",价值100,2012-12-28,,,=0.0235,=10.3234,=0.8095,=7.7317,=8.3773,=9.1873,=10.2612,=11.5920,=1.0963,=0.7024,=0.8413,=0.8867,=1.0269,=1.1124,=1.3448,=1.2260,=0.9810,=0.7580,=0.8110,=0.9979,=1.1509,=1.2392,=0.0463,=0.3381,=0.0420,=0.0452,=0.0486,=0.0539,=0.0599,=0.0556,=0.0995,=0.0565,=553
="H30270",红利价值,2013-12-19,=0.0117,=9754.0300,=0.0233,=7.9550,=0.7630,=4.4543,=5.4544,=6.7961,=8.5969,=13.0955,=0.8149,=0.6393,=0.5256,=0.6499,=0.7650,=1.2259,=1.7317,=1.6307,=0.9907,=0.5854,=0.8149,=1.0079,=1.3104,=1.6668,=0.0422,=0.2264,=0.0269,=0.0418,=0.0500,=0.0628,=0.0726,=0.0497,=0.0936,=0.0466,=227
="930726",CS生医,2015-08-05,=0.0075,=2498.2800,=0.0230,=48.5891,=0.5027,=24.4874,=31.9329,=48.5432,=61.1178,=107.1179,=4.5280,=0.2346,=3.1768,=4.4038,=6.6989,=8.5259,=14.2976,=7.9120,=0.3328,=4.8871,=6.8186,=9.5784,=12.5690,=19.9452,=0.0081,=0.5736,=0.0026,=0.0040,=0.0059,=0.0114,=0.0204,=0.0696,=0.0766,=0.0565,=847
="399005",中小板指,2006-01-24,=-0.0032,=8453.4300,=0.0229,=27.7309,=0.4713,=16.1163,=23.0542,=28.4729,=33.6869,=44.0181,=2.9637,=0.2631,=2.0289,=2.7421,=3.4068,=4.3029,=5.3697,=2.0368,=0.3208,=1.3510,=1.8219,=2.3247,=3.2783,=4.1546,=0.0133,=0.6718,=0.0068,=0.0090,=0.0112,=0.0163,=0.0219,=0.0582,=0.0988,=0.0526,=3256
="930821",中证VR,2016-05-11,=-0.0107,=3265.4900,=0.0227,=43.7794,=0.5151,=17.6816,=32.1615,=43.3326,=55.7859,=175.0572,=3.2985,=0.6522,=1.7358,=2.3513,=2.9049,=4.0746,=5.0269,=1.8819,=0.4766,=1.1117,=1.4812,=1.9200,=2.8793,=3.7313,=0.0082,=0.3103,=0.0056,=0.0075,=0.0091,=0.0117,=0.0177,=0.0309,=0.0443,=0.0282,=152
="000944",内地资源,2009-10-28,=0.0171,=5427,=0.0226,=15.1782,=0.4687,=8.0950,=11.4362,=15.5313,=22.6717,=64.7584,=1.9045,=0.9551,=0.8945,=1.1840,=1.3607,=1.5344,=2.3924,=1.0365,=0.9489,=0.3754,=0.5050,=0.6228,=0.7845,=1.2835,=0.0306,=0.2980,=0.0090,=0.0287,=0.0349,=0.0457,=0.0579,=0.0763,=0.1109,=0.0586,=14
="000907",中证700,2007-01-15,=0.0003,=6616.7400,=0.0222,=25.2665,=0.8676,=13.5964,=17.1394,=19.5530,=24.0532,=30.1680,=2.0029,=0.6103,=1.3201,=1.5883,=1.8281,=2.1916,=2.4753,=1.4346,=0.6132,=0.9663,=1.1767,=1.3274,=1.5787,=1.9854,=0.0187,=0.5757,=0.0115,=0.0140,=0.0175,=0.0227,=0.0321,=0.0457,=0.0692,=0.0443,=268
="000979",大宗商品,2011-08-22,=0.0186,=6935.0700,=0.0222,=16.2075,=0.4849,=9.9333,=12.8903,=16.3379,=22.1600,=55.0956,=1.8826,=0.9534,=1.1381,=1.3703,=1.4936,=1.6385,=2.3336,=1.0160,=0.9505,=0.4909,=0.5833,=0.6997,=0.8424,=1.2291,=0.0286,=0.3992,=0.0088,=0.0253,=0.0307,=0.0396,=0.0489,=0.0699,=0.1029,=0.0554,=716
="399370",国证成长,2010-01-04,=-0.0059,=5175.6400,=0.0218,=21.1274,=0.4194,=14.0104,=18.9925,=21.7897,=25.9317,=39.9195,=3.7764,=0.7579,=1.9695,=2.5703,=3.0013,=4.1074,=6.0628,=2.1402,=0.5381,=1.2188,=1.6926,=2.0775,=2.7610,=3.4917,=0.0159,=0.5336,=0.0080,=0.0118,=0.0157,=0.0227,=0.0304,=0.0943,=0.1344,=0.0689,=119
="930648",CS智消费,2015-06-05,=-0.0116,=3740.9500,=0.0216,=30.7845,=0.7649,=15.4538,=22.2568,=25.2291,=32.5135,=51.6043,=3.8427,=0.7505,=2.1406,=2.8085,=3.2135,=4.0473,=5.4486,=1.7534,=0.7241,=0.8328,=1.2867,=1.5137,=1.8632,=2.9491,=0.0138,=0.2944,=0.0074,=0.0121,=0.0152,=0.0173,=0.0216,=0.0606,=0.1077,=0.0539,=32
="399974",国企改革,2014-08-07,=-0.0005,=1939.0700,=0.0213,=15.4411,=0.7060,=8.5408,=11.0130,=13.4099,=16.6256,=23.5243,=1.4409,=0.4334,=1.0768,=1.3337,=1.4668,=1.8242,=2.8970,=1.1175,=0.6676,=0.6803,=0.8927,=1.0030,=1.2484,=2.2060,=0.0298,=0.4837,=0.0148,=0.0237,=0.0300,=0.0332,=0.0410,=0.0492,=0.0809,=0.0464,=378
="H30463",沪港深500医药,2014-11-28,=0.0034,=7931.8800,=0.0212,=33.6616,=0.3945,=23.3470,=31.0222,=35.5659,=42.6572,=94.1690,=3.5830,=0.2253,=2.7545,=3.5141,=4.4087,=5.5958,=10.0878,=3.4853,=0.6016,=1.9470,=2.8257,=3.2973,=4.0397,=9.3489,=0.0125,=0.8119,=0.0038,=0.0069,=0.0089,=0.0124,=0.0194,=0.0704,=0.0989,=0.0669,=42
="000822",500红利,2012-07-20,=0.0120,=10383.6300,=0.0205,=14.3810,=0.7777,=7.4138,=9.6102,=11.2677,=15.0805,=26.4578,=1.1564,=0.4058,=0.8670,=1.0202,=1.2245,=1.4368,=2.2419,=0.5776,=0.5192,=0.2906,=0.3999,=0.5640,=1.0845,=1.8159,=0.0412,=0.5085,=0.0164,=0.0300,=0.0411,=0.0491,=0.0638,=0.0430,=0.0658,=0.0383,=40
="000918",300成长,2008-01-21,=-0.0060,=5190.1600,=0.0201,=15.6179,=0.3439,=11.6107,=14.4975,=16.8194,=20.6304,=29.9826,=2.5522,=0.3786,=1.8759,=2.3263,=2.7999,=4.3091,=6.1771,=2.5036,=0.7526,=1.1680,=1.5324,=1.7852,=2.6338,=3.9548,=0.0196,=0.6012,=0.0081,=0.0139,=0.0184,=0.0238,=0.0310,=0.0861,=0.1486,=0.0701,=807
="399624",中创400,2011-08-15,=-0.0012,=2620.6400,=0.0193,=43.7916,=0.6928,=22.4097,=32.9060,=40.4838,=47.7964,=82.4491,=2.9293,=0.5456,=1.6720,=2.4135,=2.8469,=3.3871,=4.9322,=2.3476,=0.5781,=1.2865,=1.8978,=2.2294,=2.6745,=4.3124,=0.0098,=0.5431,=0.0036,=0.0074,=0.0096,=0.0111,=0.0184,=0.0421,=0.0651,=0.0371,=229
="931644",800红利,2024-03-15,=0.0096,=2600.7600,=0.0190,=9.0339,=0.7745,=6.4729,=7.3930,=8.4555,=9.0524,=9.4757,=0.8806,=0.6567,=0.7001,=0.7753,=0.8601,=0.9041,=0.9431,=1.2745,=0.7496,=0.8423,=0.9302,=1.1566,=1.2906,=1.3602,=0.0430,=0.2056,=0.0416,=0.0430,=0.0465,=0.0575,=0.0662,=0.0486,=0.0906,=0.0470,=36
="H11057",石化产业,2009-07-22,=0.0249,=1390.8000,=0.0182,=13.8905,=0.4851,=9.0713,=12.0030,=13.9860,=19.1218,=46.6548,=1.5615,=0.9316,=0.9085,=1.1933,=1.3439,=1.4487,=1.9948,=0.8313,=0.9227,=0.4002,=0.4809,=0.6144,=0.7566,=1.0264,=0.0332,=0.3628,=0.0099,=0.0304,=0.0363,=0.0407,=0.0471,=0.0699,=0.0946,=0.0528,=77
="931591",1000成长创新,2020-11-09,=-0.0018,=33322.0800,=0.0181,=28.5261,=0.3093,=18.0900,=24.5425,=32.0465,=35.7257,=40.6167,=3.2295,=0.3736,=2.0923,=3.0143,=3.4001,=4.3495,=5.3788,=3.1277,=0.5014,=1.8413,=2.7498,=3.1234,=3.8271,=5.2879,=0.0127,=0.6638,=0.0063,=0.0087,=0.0110,=0.0139,=0.0216,=0.0658,=0.1062,=0.0605,=152
="931476",ESG 120策略,2020-04-30,=-0.0028,=1419.3300,=0.0180,=11.3036,=0.6537,=7.8289,=9.6471,=10.6552,=11.8247,=13.2171,=1.3298,=0.6926,=1.0061,=1.1778,=1.2590,=1.3636,=1.7130,=1.5778,=0.9300,=0.7906,=1.0605,=1.1618,=1.4087,=1.6292,=0.0331,=0.4047,=0.0251,=0.0296,=0.0349,=0.0386,=0.0488,=0.0596,=0.1050,=0.0532,=53
="000859",国企一带一路,2019-05-16,=0.0079,=1853.9400,=0.0178,=10.2210,=0.1103,=9.4709,=10.4836,=12.4514,=14.4689,=21.0714,=1.0207,=0.0748,=0.9283,=1.1321,=1.4283,=1.7696,=2.1877,=1.1809,=0.9961,=0.4715,=0.5664,=0.7438,=0.8907,=1.2029,=0.0360,=0.7648,=0.0208,=0.0254,=0.0319,=0.0368,=0.0454,=0.0493,=0.0898,=0.0436,=277
="399438",绿色电力,2014-12-30,=0.0064,=2025.8700,=0.0174,=20.3717,=0.6466,=13.5016,=16.9750,=19.1396,=22.0380,=41.2289,=1.8277,=0.5567,=1.2516,=1.5034,=1.8042,=1.9344,=2.3077,=2.1434,=0.9002,=1.1906,=1.4256,=1.8236,=2.0564,=3.6995,=0.0259,=0.4239,=0.0163,=0.0221,=0.0266,=0.0294,=0.0348,=0.0410,=0.0881,=0.0494,=224
="000969",300非周,2010-05-28,=-0.0074,=5413.0500,=0.0165,=25.4647,=0.7530,=15.9839,=20.6623,=22.7719,=26.6038,=38.7203,=2.7158,=0.3876,=2.0789,=2.5003,=2.7929,=3.1883,=4.9189,=1.4980,=0.7320,=0.8921,=1.1596,=1.2971,=1.5787,=2.2463,=0.0200,=0.7113,=0.0089,=0.0140,=0.0170,=0.0211,=0.0277,=0.0536,=0.0964,=0.0534,=90
="399088",深创100,2020-02-18,=-0.0110,=5129.1000,=0.0161,=31.7032,=0.6332,=15.3025,=22.0845,=27.3808,=38.5188,=56.8187,=4.6685,=0.6180,=2.2889,=3.3129,=4.1207,=5.3806,=6.8856,=3.1254,=0.6530,=1.4223,=1.9855,=2.5362,=3.7450,=5.1281,=0.0106,=0.3027,=0.0058,=0.0088,=0.0129,=0.0163,=0.0258,=0.0800,=0.1522,=0.0791,=74
="931470",SHS云计算,2020-04-21,=-0.0109,=3746.0800,=0.0156,=22.7603,=0.3119,=13.2694,=20.2432,=24.9512,=31.1278,=62.1875,=3.2151,=0.0736,=2.5281,=3.4049,=3.8586,=5.3143,=9.6099,=3.2726,=0.0371,=2.7843,=3.8192,=4.4400,=6.3349,=10.5654,=0.0083,=0.8007,=0.0018,=0.0032,=0.0061,=0.0083,=0.0114,=0.0703,=0.1406,=0.0708,=57
="000046",上证中小,2009-07-03,=0.0018,=5205.1300,=0.0149,=16.4487,=0.5893,=10.5504,=12.1058,=15.2214,=18.0064,=22.4992,=1.4643,=0.4742,=1.0626,=1.2077,=1.4751,=1.7409,=2.0905,=1.3443,=0.7649,=0.8596,=1.0256,=1.1229,=1.3876,=1.6429,=0.0241,=0.6252,=0.0151,=0.0189,=0.0227,=0.0299,=0.0371,=0.0463,=0.0784,=0.0418,=348
="931039",银行AH,2017-12-06,=0.0035,=12967.1500,=0.0143,=6.1909,=0.8989,=3.2016,=4.1003,=5.2595,=5.9117,=7.9938,=0.5808,=0.5537,=0.3790,=0.4592,=0.5654,=0.7102,=1.0569,=2.2967,=0.9070,=1.0856,=1.4359,=1.7585,=2.1719,=2.9053,=0.0489,=0.1850,=0.0324,=0.0491,=0.0544,=0.0736,=0.0997,=0.0438,=0.0881,=0.0451,=111
="000982",500等权,2011-06-13,=0.0044,=9154.9800,=0.0142,=33.1172,=0.7963,=15.7028,=21.2829,=25.5686,=33.2171,=48.6069,=2.4055,=0.7955,=1.3824,=1.7163,=1.9213,=2.4208,=2.9888,=1.6697,=0.8239,=0.8118,=1.0305,=1.1724,=1.6050,=2.2566,=0.0133,=0.3567,=0.0064,=0.0119,=0.0143,=0.0184,=0.0237,=0.0444,=0.0620,=0.0377,=33
="000821",300红利,2012-07-20,=0.0063,=6761.7800,=0.0134,=8.8668,=0.8940,=4.9998,=6.1944,=7.5603,=8.5512,=10.9286,=0.8750,=0.5320,=0.5725,=0.7140,=0.8620,=1.0741,=1.4919,=1.4159,=0.9126,=0.6098,=0.7993,=1.0658,=1.3323,=1.6963,=0.0431,=0.2487,=0.0319,=0.0425,=0.0473,=0.0563,=0.0673,=0.0492,=0.0916,=0.0473,=1013
="399007",深证300,2009-11-04,=-0.0058,=5759.4900,=0.0132,=29.1868,=0.8153,=15.3833,=21.4145,=25.0043,=28.9124,=36.7371,=2.8832,=0.5534,=1.8298,=2.3539,=2.8048,=3.2279,=4.4351,=2.0225,=0.5163,=1.2839,=1.6547,=2.0024,=2.3716,=3.3177,=0.0157,=0.7002,=0.0081,=0.0118,=0.0140,=0.0174,=0.0252,=0.0578,=0.0779,=0.0468,=582
="399001",深证成指,1995-01-23,=-0.0052,=13703.2100,=0.0132,=30.4221,=0.7885,=15.9054,=22.8547,=26.5146,=30.6340,=38.7817,=2.7851,=0.5431,=1.7472,=2.2797,=2.7209,=3.2197,=4.0402,=1.9704,=0.5406,=1.2229,=1.6063,=1.9123,=2.3650,=2.9683,=0.0152,=0.7093,=0.0084,=0.0109,=0.0136,=0.0166,=0.0245,=0.0547,=0.0747,=0.0445,=3751
="000056",上证国企,2010-01-04,=0.0034,=1263.7500,=0.0132,=9.7398,=0.5027,=7.2538,=8.8792,=9.7349,=10.7955,=13.3187,=1.1358,=0.5654,=0.8518,=1.0314,=1.1194,=1.2102,=1.5455,=1.7649,=0.9876,=0.7909,=0.9986,=1.1184,=1.2470,=1.8201,=0.0372,=0.5814,=0.0242,=0.0312,=0.0353,=0.0430,=0.0568,=0.0592,=0.1060,=0.0559,=207
="399441",生物医药,2015-01-20,=0.0201,=2173.4200,=0.0128,=48.7406,=0.5282,=21.8350,=32.3563,=47.7085,=62.4133,=119.0737,=3.5080,=0.2305,=2.3073,=3.3267,=6.2158,=7.6308,=13.6606,=6.5333,=0.2755,=3.6424,=5.8657,=9.0280,=13.5999,=21.5399,=0.0099,=0.7431,=0.0024,=0.0041,=0.0064,=0.0108,=0.0164,=0.0514,=0.0565,=0.0395,=1695
="930846",300SNLV,2016-06-24,=-0.0076,=6698.6600,=0.0127,=10.9374,=0.8441,=7.7900,=9.2103,=10.1696,=10.7826,=12.6275,=1.0383,=0.2181,=0.8340,=1.0342,=1.0891,=1.2118,=1.5027,=1.3012,=0.7394,=0.7711,=0.9528,=1.1619,=1.3326,=1.6864,=0.0381,=0.6363,=0.0239,=0.0320,=0.0361,=0.0404,=0.0486,=0.0462,=0.0917,=0.0457,=151
="930782",500SNLV,2016-02-04,=0.0027,=19019.7200,=0.0121,=20.0468,=0.5027,=13.0617,=17.6555,=20.0360,=23.2596,=33.4651,=1.6201,=0.7052,=1.0996,=1.3464,=1.4745,=1.7754,=2.5944,=1.2357,=0.7122,=0.5914,=0.8056,=0.8890,=1.3719,=2.0883,=0.0244,=0.9414,=0.0090,=0.0140,=0.0203,=0.0229,=0.0271,=0.0435,=0.0820,=0.0412,=1378
="399330",深证100,2006-01-24,=-0.0087,=5879.7800,=0.0107,=25.9508,=0.7551,=14.9910,=20.3737,=22.8774,=27.7261,=38.9547,=2.9613,=0.5175,=1.9919,=2.4968,=2.9487,=3.5438,=5.5535,=2.0698,=0.4590,=1.3434,=1.7250,=2.1005,=2.4349,=4.0791,=0.0179,=0.7245,=0.0077,=0.0126,=0.0154,=0.0194,=0.0273,=0.0628,=0.0897,=0.0527,=2344
="H11059",工业有色,2009-07-22,=0.0165,=4020.2900,=0.0097,=16.3695,=0.2757,=10.0577,=14.6640,=27.2348,=53.0484,=131.1130,=3.3821,=0.8675,=1.4392,=2.0011,=2.4295,=3.2119,=4.9901,=1.2653,=0.9065,=0.5048,=0.7403,=0.8670,=1.1605,=1.8706,=0.0202,=0.7940,=0.0035,=0.0056,=0.0104,=0.0205,=0.0285,=0.1369,=0.1735,=0.0880,=148
="399303",国证2000,2014-03-28,=0.0026,=10042.9100,=0.0087,=51.7868,=0.7810,=23.3937,=36.3012,=42.0166,=52.3497,=91.3621,=2.4916,=0.6606,=1.4941,=2.0787,=2.2964,=2.6876,=4.0650,=1.9013,=0.7373,=1.0643,=1.3926,=1.5530,=2.0713,=3.4322,=0.0100,=0.3814,=0.0040,=0.0087,=0.0104,=0.0118,=0.0187,=0.0302,=0.0453,=0.0286,=730
="000841",800医药,2012-12-21,=0.0075,=8431.6600,=0.0087,=33.5423,=0.5819,=21.4494,=28.0346,=32.2227,=37.6331,=58.1462,=3.4062,=0.3151,=2.4193,=3.1867,=3.7576,=4.3441,=6.5122,=4.3214,=0.7946,=1.7815,=2.8895,=3.4449,=4.3352,=6.1565,=0.0154,=0.8705,=0.0064,=0.0084,=0.0102,=0.0140,=0.0210,=0.0669,=0.0871,=0.0593,=590
="931130",红利成长低波,2018-12-04,=0.0079,=23919.4600,=0.0086,=8.0248,=0.5576,=4.4465,=5.6042,=7.8091,=8.7011,=11.5512,=0.8034,=0.3457,=0.5279,=0.6270,=0.8953,=1.0250,=1.5803,=2.7169,=0.9915,=0.3109,=0.8162,=1.3288,=2.0034,=2.8088,=0.0399,=0.3680,=0.0246,=0.0323,=0.0422,=0.0532,=0.0639,=0.0468,=0.0934,=0.0427,=156
="000852",中证1000,2014-10-17,=0.0027,=7659.6100,=0.0085,=43.8859,=0.7146,=18.9344,=30.9274,=37.8109,=47.5194,=78.9405,=2.4167,=0.4882,=1.4880,=2.1060,=2.4271,=2.8788,=4.0368,=1.7152,=0.6396,=0.9250,=1.3827,=1.5862,=1.9053,=3.4406,=0.0108,=0.5373,=0.0038,=0.0082,=0.0106,=0.0125,=0.0194,=0.0343,=0.0499,=0.0313,=7558
="000917",300公用,2007-07-02,=0.0017,=2481.7100,=0.0084,=18.6728,=0.6482,=13.3250,=16.4952,=17.8688,=20.5953,=34.2477,=1.9221,=0.4223,=1.4019,=1.7154,=1.9744,=2.1718,=2.6347,=1.9066,=0.6767,=1.3139,=1.6332,=1.8147,=1.9940,=3.2322,=0.0303,=0.5505,=0.0191,=0.0239,=0.0299,=0.0324,=0.0390,=0.0426,=0.0974,=0.0539,=40
="931152",CS创新药,2019-04-22,=0.0094,=1909.9800,=0.0084,=43.1909,=0.4894,=27.6044,=36.8607,=43.3907,=52.7440,=74.6844,=4.0136,=0.4420,=2.5551,=3.3511,=4.1789,=5.9239,=8.7449,=5.6945,=0.7924,=2.2436,=2.9213,=3.4575,=5.7380,=9.4897,=0.0102,=0.7807,=0.0040,=0.0058,=0.0087,=0.0104,=0.0150,=0.0637,=0.0786,=0.0515,=1987
="932457",港股通现金流,2025-02-28,=0.0008,=1983.7800,=0.0083,=11.9925,=0.9393,=7.5325,=9.0433,=10.4317,=11.6529,=12.5288,=1.2157,=0.5646,=1.0440,=1.1397,=1.1984,=1.2983,=1.5343,=0.6374,=0.0923,=0.5752,=0.8496,=0.9530,=1.1820,=1.4545,=0.0423,=0.1609,=0.0402,=0.0427,=0.0487,=0.0621,=0.0701,=0.0607,=0.1033,=0.0695,=45
="399850",深证50,2023-10-18,=-0.0099,=9196.3300,=0.0072,=24.7824,=0.6135,=16.5344,=20.1878,=23.7905,=27.0425,=36.7629,=3.7530,=0.7895,=2.5911,=2.9395,=3.2792,=3.7642,=4.4773,=2.0874,=0.8180,=1.3017,=1.4888,=1.6985,=2.0808,=2.4833,=0.0188,=0.2406,=0.0162,=0.0182,=0.0207,=0.0232,=0.0271,=0.0725,=0.0973,=0.0609,=80
="000937",中证公用,2009-07-03,=0.0055,=2511.8500,=0.0071,=17.9796,=0.4115,=13.4460,=16.6002,=18.6434,=21.1313,=46.5328,=1.6942,=0.3134,=1.3423,=1.6286,=1.7669,=1.9617,=2.2557,=1.6584,=0.6627,=1.2657,=1.4810,=1.5857,=1.7697,=3.2521,=0.0292,=0.7938,=0.0192,=0.0235,=0.0276,=0.0292,=0.0348,=0.0413,=0.0905,=0.0507,=343
="000814",细分医药,2012-04-11,=0.0073,=8395.5300,=0.0058,=34.2131,=0.6429,=21.8871,=27.2039,=32.7462,=37.5884,=60.8250,=3.2516,=0.2190,=2.4219,=3.2072,=4.0791,=4.8855,=7.4081,=2.7518,=0.4301,=1.7858,=2.2898,=2.8845,=3.4885,=5.4819,=0.0147,=0.8429,=0.0055,=0.0075,=0.0097,=0.0140,=0.0215,=0.0622,=0.0890,=0.0611,=413
="000995",全指公用,2011-08-02,=0.0055,=2596.6700,=0.0054,=18.3089,=0.4124,=14.4124,=16.7502,=18.9182,=23.9608,=55.0107,=1.6959,=0.4177,=1.2839,=1.5403,=1.7242,=1.8648,=2.1268,=1.7410,=0.7835,=1.2094,=1.4214,=1.5276,=1.7634,=2.4023,=0.0278,=0.7678,=0.0172,=0.0230,=0.0259,=0.0281,=0.0321,=0.0415,=0.0896,=0.0496,=332
="932305",智选高股息,2024-09-30,=0.0047,=11214.7100,=0.0049,=9.9240,=0.9000,=7.0143,=7.5258,=8.4083,=9.5069,=10.9391,=1.0603,=0.5745,=0.8750,=0.9277,=1.0535,=1.0853,=1.1675,=0.5295,=0.1234,=0.4805,=0.7181,=0.7673,=1.2655,=1.3342,=0.0614,=0.4170,=0.0457,=0.0595,=0.0633,=0.0684,=0.0723,=0.0498,=0.1000,=0.0567,=372
="000860",结构调整,2018-03-26,=0.0022,=1228.4300,=0.0034,=15.6346,=0.6931,=9.5233,=12.4833,=14.0322,=16.2940,=20.6443,=1.4682,=0.8334,=1.1018,=1.2902,=1.3730,=1.4579,=1.6430,=0.9282,=0.9825,=0.4658,=0.5895,=0.6799,=0.7965,=0.9608,=0.0324,=0.5246,=0.0220,=0.0262,=0.0315,=0.0369,=0.0499,=0.0482,=0.0831,=0.0473,=152
="000861",央企创新,2019-05-16,=0.0040,=2574.9300,=0.0034,=15.6805,=0.8385,=10.3360,=12.0612,=13.4632,=15.3403,=18.8086,=1.4321,=0.9088,=1.0351,=1.1891,=1.3009,=1.3916,=1.5975,=0.8422,=0.9584,=0.4544,=0.5206,=0.5862,=0.7400,=0.8999,=0.0314,=0.4474,=0.0234,=0.0272,=0.0331,=0.0375,=0.0493,=0.0468,=0.0826,=0.0470,=270
="000904",中证200,2007-01-15,=-0.0010,=5665.3400,=0.0028,=21.0097,=0.8953,=11.9474,=14.9318,=16.7919,=19.4845,=25.2311,=1.7523,=0.5089,=1.2748,=1.5010,=1.7441,=2.0647,=2.3407,=1.2805,=0.1872,=1.0540,=1.2861,=1.4159,=1.6929,=2.1135,=0.0233,=0.6359,=0.0136,=0.0162,=0.0207,=0.0259,=0.0372,=0.0465,=0.0739,=0.0482,=722
="931447",科技先锋,2020-04-21,=-0.0131,=3093.7600,=0.0026,=37.9086,=0.5158,=19.0346,=27.4980,=37.4781,=47.8903,=82.3567,=5.0115,=0.6398,=2.7045,=3.4600,=4.4608,=6.6893,=10.6025,=2.6540,=0.5597,=1.4804,=1.9226,=2.5064,=3.6941,=7.0848,=0.0100,=0.5578,=0.0033,=0.0055,=0.0097,=0.0135,=0.0196,=0.0639,=0.0990,=0.0443,=25
="930931",港股通50,2017-01-16,=-0.0045,=3888.1200,=0.0025,=9.6573,=0.4531,=6.5385,=8.7159,=9.8176,=11.3500,=15.8907,=1.0801,=0.4464,=0.7428,=0.9474,=1.0953,=1.1785,=1.6058,=1.8314,=0.6958,=1.1204,=1.4728,=1.7128,=1.9109,=2.6369,=0.0354,=0.4062,=0.0233,=0.0327,=0.0370,=0.0436,=0.0589,=0.0564,=0.0997,=0.0507,=296
="HSHDYI",恒生高股息率指数,2012-12-10,=0.0058,=1278.2900,=0.0022,=7.5719,=0.7448,=3.6777,=4.8612,=6.6082,=7.8103,=10.6953,=0.7097,=0.5758,=0.4041,=0.5046,=0.6464,=0.8984,=1.1746,=1.1053,=0.5494,=0.5013,=0.7008,=1.0616,=1.4893,=1.9871,=0.0541,=0.2536,=0.0423,=0.0528,=0.0604,=0.0808,=0.1102,,=0.0902,=0.0467,=922
="931168",绿色价值100,2019-06-27,=-0.0018,=1490.3700,=0.0021,=12.0582,=0.6390,=8.4906,=9.9920,=11.3738,=12.8007,=14.6050,=1.3253,=0.6018,=1.0223,=1.1898,=1.2847,=1.4021,=1.6052,=1.5440,=0.8953,=0.9649,=1.1320,=1.2545,=1.3723,=1.6482,=0.0314,=0.4834,=0.0243,=0.0293,=0.0315,=0.0356,=0.0439,=0.0558,=0.1011,=0.0439,=13
="399993",CSWD生科,2015-05-08,=0.0172,=2607,=0.0003,=84.7850,=0.9414,=31.0960,=44.1993,=56.6512,=74.6722,=122.8633,=3.8416,=0.2709,=2.5928,=3.6121,=5.8967,=7.5793,=15.2283,=7.5032,=0.3398,=4.8204,=6.7135,=8.8599,=14.0252,=21.1379,=0.0086,=0.6524,=0.0023,=0.0040,=0.0064,=0.0104,=0.0144,=0.0398,=0.0356,=0.0329,=69
="000906",中证800,2007-01-15,=-0.0022,=5108.2400,=-0.0002,=15.5142,=0.6862,=10.7808,=12.9023,=14.0908,=16.0030,=18.9686,=1.5730,=0.5353,=1.1816,=1.3959,=1.5516,=1.7176,=1.9628,=1.5508,=0.9064,=1.0117,=1.1472,=1.2950,=1.4920,=1.6796,=0.0249,=0.5101,=0.0180,=0.0211,=0.0248,=0.0289,=0.0389,=0.0526,=0.0890,=0.0475,=2721
="931848",800红利低波,2024-05-21,=0.0035,=3162.5700,=-0.0009,=9.1871,=0.5989,=7.4155,=8.3164,=9.0584,=9.4520,=9.7854,=0.8853,=0.3048,=0.7315,=0.8578,=0.9149,=0.9678,=1.0024,=1.6920,=0.9840,=1.1714,=1.2419,=1.3560,=1.3999,=1.7274,=0.0413,=0.2210,=0.0399,=0.0412,=0.0434,=0.0517,=0.0594,=0.0462,=0.0929,=0.0480,=162
="399008",中小300,2010-03-22,=-0.0011,=1653.0900,=-0.0010,=28.6743,=0.3810,=17.8364,=25.4661,=30.3299,=34.8777,=43.8495,=2.7213,=0.2928,=1.7846,=2.4620,=2.9612,=3.7602,=4.4583,=1.8495,=0.3142,=1.1664,=1.6529,=2.0397,=2.7662,=3.6888,=0.0133,=0.7105,=0.0063,=0.0086,=0.0116,=0.0151,=0.0216,=0.0536,=0.0868,=0.0468,=508
="1000003",深圳A股,1994-01-01,=-0.0014,=2526.9300,=-0.0016,=41.4223,=0.7109,=20.1337,=32.6807,=37.4310,=46.4037,=60.3260,=2.7483,=0.5414,=1.7026,=2.2996,=2.6829,=3.1989,=3.7757,=1.9738,=0.5398,=1.2021,=1.6469,=1.9175,=2.3590,=3.1788,=0.0127,=0.6722,=0.0070,=0.0092,=0.0118,=0.0136,=0.0208,=0.0438,=0.0553,=0.0353,=1839
="1000012",中小板全指,2005-12-01,=0.0021,=14518.2400,=-0.0019,=35.7633,=0.2157,=22.6352,=35.3583,=40.9573,=47.3370,=73.8161,=2.6598,=0.3839,=1.7125,=2.3729,=2.7925,=3.4158,=4.4792,=1.7817,=0.3006,=1.1448,=1.6386,=1.9594,=2.5015,=3.8481,=0.0121,=0.6849,=0.0054,=0.0082,=0.0109,=0.0134,=0.0200,=0.0465,=0.0671,=0.0392,=568
="399101",中小综指,2005-12-01,=0.0021,=14518.2400,=-0.0019,=35.7303,=0.2784,=22.7937,=34.4929,=40.3152,=45.6544,=65.2068,=2.6542,=0.3913,=1.7151,=2.3689,=2.7777,=3.3891,=4.4934,=1.8102,=0.3080,=1.1654,=1.6542,=1.9852,=2.5140,=3.8809,=0.0122,=0.6928,=0.0054,=0.0083,=0.0108,=0.0134,=0.0200,=0.0463,=0.0674,=0.0395,=26
="000510",中证A500,2024-09-23,=-0.0026,=5630.0400,=-0.0023,=16.0196,=0.4674,=12.2476,=14.5075,=16.3765,=17.3877,=18.3286,=1.6538,=0.4968,=1.2883,=1.4972,=1.6539,=1.7167,=1.7791,=1.4531,=0.6084,=1.0081,=1.2211,=1.4159,=1.5094,=1.5740,=0.0248,=0.3011,=0.0227,=0.0243,=0.0261,=0.0322,=0.0380,=0.0544,=0.0887,=0.0481,=2632
="000842",800等权,2012-12-21,=0.0025,=7050.1000,=-0.0023,=15.5142,=0.6862,=10.7808,=12.9023,=14.0908,=16.0030,=18.9686,=1.5730,=0.5353,=1.1816,=1.3959,=1.5516,=1.7176,=1.9628,=1.5508,=0.9064,=1.0117,=1.1472,=1.2950,=1.4920,=1.6796,=0.0249,=0.5101,=0.0180,=0.0211,=0.0248,=0.0289,=0.0389,=0.0526,=0.0890,=0.0475,=162
="987018",港股通创新药,2021-11-18,,,=-0.0023,=35.3025,=0.1824,=22.9379,=35.7968,=49.1115,=94.2128,=537.2167,=3.5344,=0.6175,=1.6768,=2.3303,=3.2614,=4.1287,=6.0885,=5.2090,=0.4623,=2.6005,=3.5888,=5.3329,=7.0448,=12.1954,=0.0085,=0.6412,=0.0023,=0.0056,=0.0073,=0.0141,=0.0182,,=0.0844,=0.0690,=336
="930723",沪港深F100,2015-08-05,=0.0033,=5078.4100,=-0.0027,=9.5851,=0.6205,=5.4557,=7.5706,=9.0709,=10.1730,=13.1279,=1.0192,=0.5342,=0.6469,=0.8476,=1.0077,=1.1154,=1.4626,=1.3060,=0.8180,=0.6039,=0.8632,=1.0802,=1.2965,=1.6654,=0.0383,=0.4288,=0.0281,=0.0354,=0.0393,=0.0500,=0.0650,=0.0533,=0.0926,=0.0486,=151
="000037",上证医药,2009-01-09,=0.0036,=6315.1900,=-0.0031,=30.1975,=0.1307,=21.0843,=31.3369,=34.3970,=41.6974,=61.3894,=3.4101,=0.2495,=2.7278,=3.3338,=3.8418,=4.6066,=7.3155,=2.4421,=0.5868,=1.5724,=2.0207,=2.3509,=2.7995,=4.1395,=0.0124,=0.9122,=0.0048,=0.0075,=0.0099,=0.0117,=0.0146,=0.0648,=0.1036,=0.0607,=2075
="399989",中证医疗,2014-10-31,=0.0136,=6738.8300,=-0.0031,=30.2209,=0.2363,=22.9032,=29.6672,=37.6736,=59.6426,=114.3753,=3.5109,=0.1468,=2.8553,=3.6652,=5.4286,=8.1687,=13.4814,=5.5844,=0.1992,=4.3528,=5.5876,=6.5201,=9.4594,=17.4163,=0.0127,=0.6796,=0.0025,=0.0042,=0.0058,=0.0145,=0.0225,=0.0644,=0.1137,=0.0640,=8605
="399311",国证1000,2005-02-03,=-0.0020,=4939.4400,=-0.0037,=16.2083,=0.6631,=11.0854,=13.3222,=14.6208,=16.8402,=19.8966,=1.6129,=0.5390,=1.1918,=1.4217,=1.5927,=1.7939,=2.0383,=1.5612,=0.8676,=1.0112,=1.1700,=1.3059,=1.5325,=1.7074,=0.0240,=0.5118,=0.0172,=0.0200,=0.0239,=0.0282,=0.0380,=0.0522,=0.0857,=0.0465,=143
="1000002",A股全指,1994-01-01,=0.0003,=5894.7378,=-0.0041,=21.1891,=0.7645,=12.9500,=16.6929,=18.4845,=21.5377,=25.0020,=1.7979,=0.5604,=1.2633,=1.5740,=1.7419,=2.0007,=2.1910,=1.6548,=0.7843,=1.0499,=1.2419,=1.3988,=1.6662,=1.9034,=0.0199,=0.4445,=0.0142,=0.0167,=0.0205,=0.0235,=0.0329,=0.0469,=0.0745,=0.0420,=7982
="000985",中证全指,2011-08-02,=0.0003,=5894.7400,=-0.0041,=20.3318,=0.7946,=12.6044,=15.9637,=17.6530,=20.4237,=23.7678,=1.7597,=0.5501,=1.2581,=1.5484,=1.7142,=1.9433,=2.1557,=1.6209,=0.7691,=1.0381,=1.2268,=1.3874,=1.6404,=1.8438,=0.0205,=0.4709,=0.0148,=0.0175,=0.0207,=0.0240,=0.0333,=0.0472,=0.0749,=0.0423,=756
="932255",A500红利增长,2025-04-09,=0.0013,=3024.8200,=-0.0042,=10.6338,=0.3353,=9.2509,=10.4267,=10.8870,=11.7099,=12.2754,=1.2439,=0.2630,=1.0684,=1.2241,=1.2793,=1.3589,=1.4369,=1.7117,=0.3295,=1.3292,=1.6780,=1.7472,=1.9528,=2.0549,=0.0343,=0.2803,=0.0327,=0.0339,=0.0354,=0.0372,=0.0393,=0.0594,=0.1066,=0.0575,=46
="932000",中证2000,2023-08-11,=0.0055,=3189.7600,=-0.0042,=122.0202,=0.6094,=44.0427,=58.4436,=89.5830,=153.2535,=228.3990,=2.6121,=0.6792,=1.5089,=1.9889,=2.3614,=2.8531,=3.3036,=2.1514,=0.6886,=1.1809,=1.5659,=1.8873,=2.3247,=2.6726,=0.0078,=0.2483,=0.0062,=0.0077,=0.0091,=0.0113,=0.0155,=0.0201,=0.0154,=0.0194,=1246
="930903",中证A股,2016-10-18,=0.0003,=4063.6800,=-0.0044,=20.2616,=0.7548,=12.9620,=16.2703,=17.8280,=20.6585,=23.9680,=1.7627,=0.5596,=1.2607,=1.5557,=1.7163,=1.9436,=2.2108,=1.6249,=0.7777,=1.0406,=1.2339,=1.3831,=1.6408,=1.9264,=0.0204,=0.4862,=0.0139,=0.0174,=0.0205,=0.0237,=0.0332,=0.0473,=0.0748,=0.0423,=23
="931892",有色矿业,2013-07-15,=0.0142,=3947.9700,=-0.0047,=17.3517,=0.1699,=13.1272,=18.4698,=30.4015,=55.6232,=131.9594,=3.5364,=0.9039,=1.7020,=2.1368,=2.5608,=3.2184,=5.3430,=1.3326,=0.8825,=0.6092,=0.7896,=0.9201,=1.2433,=2.0391,=0.0162,=0.7695,=0.0026,=0.0057,=0.0094,=0.0169,=0.0229,=0.1337,=0.1630,=0.0795,=203
="399365",国证粮食,2009-11-04,=0.0410,=13470.2200,=-0.0057,=24.7691,=0.4058,=13.3311,=20.2221,=26.7792,=35.2364,=54.5886,=2.1933,=0.2693,=1.6393,=2.0561,=4.0855,=6.4747,=11.3501,=0.8862,=0.2804,=0.5961,=0.8004,=3.1249,=4.6104,=8.7065,=0.0184,=0.6384,=0.0080,=0.0130,=0.0163,=0.0211,=0.0308,=0.0476,=0.0838,=0.0471,=88
="932366",300现金流,2024-11-12,=0.0050,=3322.3200,=-0.0058,=14.1568,=0.5248,=12.5879,=13.4430,=14.0832,=14.9054,=16.2670,=1.6772,=0.1667,=1.4920,=1.6840,=1.8184,=1.8928,=1.9885,=1.3107,=0.3559,=1.0861,=1.2270,=1.3873,=1.4387,=1.5124,=0.0364,=0.1036,=0.0324,=0.0376,=0.0399,=0.0411,=0.0453,=0.0672,=0.1163,=0.0747,=190
="H50040",上红低波,2014-03-21,=0.0101,=10959.0500,=-0.0062,=8.4420,=0.7715,=4.6938,=5.9512,=7.1530,=9.6645,=14.3118,=0.8563,=0.5876,=0.5647,=0.6911,=0.8311,=1.3609,=1.8756,=1.6585,=0.9913,=0.6380,=0.8684,=1.2015,=1.4145,=1.6953,=0.0426,=0.3348,=0.0230,=0.0391,=0.0465,=0.0588,=0.0718,=0.0498,=0.0936,=0.0482,=376
="HSAHP",恒生沪深港通AH股溢价指数,2007-07-09,=0.0027,=122.6700,=-0.0064,=10.9334,=0.9102,=5.5550,=7.1430,=8.3699,=9.8377,=12.3156,=1.1501,=0.9098,=0.6208,=0.7734,=0.9225,=1.0856,=1.3863,=1.2778,=0.9340,=0.5653,=0.7668,=0.9030,=1.0937,=1.3750,=0.0317,=0.0443,=0.0268,=0.0345,=0.0398,=0.0520,=0.0665,=0.0536,=0.0958,=0.0629,=349
="950161",科创新药,2024-08-23,=0.0034,=1219.9500,=-0.0068,=78.1898,=0,=78.1898,=252.4044,=-216.5736,=-92.6660,=1578.9342,=8.3918,=0.3548,=4.9324,=6.9187,=8.9591,=10.2865,=12.9042,=10.5504,=0.2319,=8.4204,=10.2321,=12.3201,=14.1647,=17.6998,=0.0014,=0.5464,=0.0009,=0.0011,=0.0013,=0.0018,=0.0023,=0.0680,=0.0403,=-0.0069,=56
="000857",500医药,2013-11-06,=0.0069,=10184.8700,=-0.0069,=28.4071,=0.4458,=16.5096,=22.8937,=29.8374,=37.1742,=66.9361,=2.8387,=0.5014,=1.9620,=2.4653,=2.8376,=3.4778,=5.0991,=2.6468,=0.7423,=1.3156,=1.7598,=2.1307,=2.7443,=4.5555,=0.0160,=0.7365,=0.0055,=0.0092,=0.0133,=0.0172,=0.0234,=0.0621,=0.0879,=0.0528,=737
="1000004",上海A股,1994-01-01,=0.0020,=3940.5500,=-0.0071,=16.5085,=0.8416,=10.8441,=12.9364,=14.2924,=16.2520,=18.4959,=1.4963,=0.5633,=1.1181,=1.3162,=1.4437,=1.5927,=1.8457,=1.5087,=0.9328,=0.9734,=1.0889,=1.2356,=1.4112,=1.6065,=0.0241,=0.4243,=0.0184,=0.0214,=0.0254,=0.0296,=0.0389,=0.0478,=0.0804,=0.0440,=4927
="000001",上证指数,1991-07-15,=0.0020,=3940.5500,=-0.0071,=15.8820,=0.7819,=10.8403,=12.7209,=13.8332,=15.9982,=17.9144,=1.4619,=0.5381,=1.1148,=1.3021,=1.4401,=1.5616,=1.8463,=1.4704,=0.9023,=0.9369,=1.0774,=1.2153,=1.4151,=1.5771,=0.0249,=0.4705,=0.0185,=0.0223,=0.0252,=0.0297,=0.0391,=0.0481,=0.0805,=0.0440,=1575
="000044",上证中盘,2009-07-03,=0.0016,=4530.3800,=-0.0072,=12.7181,=0.5249,=8.6509,=10.4793,=12.5300,=14.6389,=18.7575,=1.2081,=0.3777,=0.9210,=1.0900,=1.2659,=1.6467,=1.9734,=1.2262,=0.4581,=0.9382,=1.1499,=1.2409,=1.4205,=1.7773,=0.0303,=0.7035,=0.0180,=0.0223,=0.0271,=0.0338,=0.0421,=0.0478,=0.0859,=0.0435,=102
="000913",300医药,2007-07-02,=0.0048,=8140.7500,=-0.0085,=32.6467,=0.4396,=22.1588,=28.7651,=33.2760,=39.5137,=73.4129,=3.3354,=0.0887,=2.7345,=3.5412,=4.7556,=6.0065,=9.5028,=2.7986,=0.1340,=2.2757,=2.8863,=3.3122,=5.2697,=7.4989,=0.0162,=0.8553,=0.0040,=0.0072,=0.0090,=0.0155,=0.0221,=0.0674,=0.0967,=0.0687,=3429
="000987",全指材料,2011-08-02,=0.0153,=4966.4500,=-0.0088,=20.2682,=0.4561,=11.8534,=16.4330,=21.0400,=27.4728,=373.7750,=2.4316,=0.7369,=1.3547,=1.6741,=2.0387,=2.4980,=3.3213,=1.2041,=0.6816,=0.6546,=0.8399,=1.0190,=1.3313,=1.7398,=0.0175,=0.5200,=0.0046,=0.0121,=0.0172,=0.0209,=0.0269,=0.0806,=0.0892,=0.0459,=396
="932037",央企现代能源,2022-11-16,=0.0087,=1446.2100,=-0.0088,=14.9238,=0.8519,=10.8583,=12.0386,=12.9304,=14.4960,=18.2611,=1.5721,=0.7935,=1.1507,=1.3441,=1.4284,=1.5754,=1.8914,=0.9372,=0.8908,=0.4850,=0.6228,=0.7569,=0.8533,=1.0835,=0.0344,=0.1416,=0.0297,=0.0354,=0.0403,=0.0430,=0.0461,=0.0561,=0.0952,=0.0523,=40
="HSISC",恒指港股通指数,2024-03-01,=-0.0040,=3464.8800,=-0.0092,=10.9466,=0.5421,=7.5992,=8.6913,=10.6996,=11.8957,=12.8475,=1.2166,=0.5939,=0.8411,=0.9242,=1.1563,=1.2562,=1.3442,=1.5047,=0.5647,=0.9830,=1.1430,=1.4553,=1.6084,=1.7320,=0.0349,=0.3188,=0.0322,=0.0341,=0.0379,=0.0500,=0.0595,,=0.1037,=0.0526,=52
="H30269",红利低波,2013-12-19,=0.0098,=11127.2600,=-0.0100,=8.4502,=0.7715,=4.5638,=5.5488,=6.9328,=9.4786,=14.4342,=0.8670,=0.6301,=0.5386,=0.6570,=0.7994,=1.3872,=1.9670,=1.6491,=0.9934,=0.6111,=0.8850,=1.0973,=1.4166,=1.6855,=0.0432,=0.2928,=0.0246,=0.0406,=0.0503,=0.0605,=0.0732,=0.0505,=0.0946,=0.0469,=4867
="931524",SHS科技龙头,2020-07-16,=-0.0095,=2660.0300,=-0.0103,=28.8317,=0.6763,=18.9033,=23.5274,=26.8709,=34.2655,=59.9125,=3.5673,=0.3977,=2.7731,=3.3014,=3.6826,=5.1191,=9.0190,=2.7134,=0.5624,=1.6886,=2.2628,=2.5805,=4.1911,=7.2475,=0.0086,=0.5238,=0.0027,=0.0048,=0.0086,=0.0100,=0.0124,=0.0645,=0.1239,=0.0664,=232
="930839",港股通高息精选,2016-06-08,=0.0091,=3409.9900,=-0.0112,=9.0794,=0.4511,=4.9918,=7.1350,=9.3363,=13.0599,=31.7979,=1.3597,=0.7475,=0.7294,=0.9293,=1.0783,=1.5790,=4.8768,=1.1327,=0.4385,=0.3418,=0.5599,=1.2217,=1.8363,=6.3245,=0.0546,=0.5932,=0.0089,=0.0375,=0.0500,=0.0677,=0.1118,,=0.1444,=0.0781,=396
="399986",中证银行,2013-07-15,=0.0037,=7512.8900,=-0.0119,=7.2171,=0.8924,=4.1183,=5.2599,=6.3304,=6.8911,=9.0846,=0.6864,=0.4499,=0.4848,=0.5836,=0.7103,=0.8879,=1.2416,=2.6795,=0.9047,=1.4134,=1.7842,=2.1870,=2.5406,=3.3016,=0.0418,=0.2355,=0.0285,=0.0411,=0.0458,=0.0572,=0.0756,=0.0449,=0.0881,=0.0451,=9696
="HSI",恒生指数,1989-03-09,=-0.0038,=25317.1800,=-0.0122,=11.1718,=0.6264,=6.9462,=9.2273,=10.3752,=12.2520,=16.9606,=1.2280,=0.6992,=0.7519,=0.9738,=1.1330,=1.2677,=1.5570,=1.4632,=0.5303,=0.8141,=1.1480,=1.4419,=1.6549,=2.0895,=0.0343,=0.2890,=0.0204,=0.0330,=0.0368,=0.0444,=0.0596,,=0.1032,=0.0528,=13657
="1000015",港股全指,2000-01-01,=-0.0038,=25317.1800,=-0.0122,=12.4307,=0.6022,=7.5917,=10.2569,=11.4444,=13.6002,=19.1348,=1.1002,=0.5693,=0.6574,=0.8625,=1.0727,=1.1863,=1.5123,=1.1803,=0.6054,=0.6196,=0.8644,=1.1070,=1.2707,=1.5791,=0.0331,=0.4921,=0.0205,=0.0300,=0.0332,=0.0422,=0.0574,,,,=308
="399372",大盘成长,2010-01-04,=-0.0070,=5205.6700,=-0.0124,=18.6802,=0.2800,=14.2162,=17.4461,=20.4593,=25.3722,=45.9159,=3.9383,=0.6697,=1.9139,=2.5143,=3.0734,=5.3725,=9.5601,=2.1276,=0.3254,=1.2183,=1.8035,=2.5864,=3.4508,=6.6651,=0.0175,=0.5328,=0.0069,=0.0115,=0.0170,=0.0231,=0.0308,=0.1071,=0.1447,=0.0749,=320
="930992",沪港深红利低波,2017-06-28,=0.0074,=5496.7100,=-0.0127,=8.0220,=0.8704,=4.0130,=5.2274,=5.9863,=7.8878,=8.5109,=0.7603,=0.9191,=0.4277,=0.5392,=0.5970,=0.7374,=0.7950,=1.2003,=0.8313,=0.4496,=0.6025,=0.8949,=1.1898,=1.3912,=0.0503,=0.0704,=0.0476,=0.0535,=0.0713,=0.0765,=0.0949,=0.0480,=0.0878,=0.0455,=59
="399377",小盘价值,2010-01-04,=0.0089,=7598.8900,=-0.0128,=16.8703,=0.6698,=9.8385,=13.2773,=15.1881,=19.1052,=34.2299,=1.3059,=0.6467,=0.8997,=1.0824,=1.2374,=1.4989,=2.1990,=0.7447,=0.5499,=0.4594,=0.5454,=0.7121,=1.1233,=1.8295,=0.0290,=0.6843,=0.0113,=0.0200,=0.0259,=0.0310,=0.0386,=0.0432,=0.0578,=0.0343,=626
="930743",中证生科,2015-08-26,=0.0143,=3250.6600,=-0.0128,=50.7802,=0.5212,=24.0733,=39.5208,=50.0745,=59.8819,=100.3520,=3.8501,=0.2041,=2.9526,=3.8367,=6.1094,=8.0612,=14.6705,=6.6328,=0.2965,=4.7455,=6.2659,=8.3886,=12.3628,=18.8359,=0.0086,=0.6297,=0.0025,=0.0045,=0.0061,=0.0106,=0.0169,=0.0545,=0.0618,=0.0444,=1232
="399395",国证有色,2012-10-29,=0.0142,=9543,=-0.0132,=17.3511,=0.1905,=12.7731,=17.8078,=27.4469,=53.9149,=299.8448,=3.3286,=0.8833,=1.7304,=2.0833,=2.5062,=3.1014,=4.8522,=1.3188,=0.9208,=0.6150,=0.7945,=0.9084,=1.1756,=1.9521,=0.0176,=0.7922,=0.0031,=0.0057,=0.0104,=0.0178,=0.0242,=0.1286,=0.1543,=0.0763,=674
="000300",沪深300,2005-04-08,=-0.0036,=4558.7400,=-0.0154,=13.5628,=0.6796,=10.0799,=11.6919,=12.7174,=14.1765,=17.6279,=1.4383,=0.4256,=1.1457,=1.3350,=1.4663,=1.6202,=1.9228,=1.5214,=0.8503,=1.0330,=1.1718,=1.3185,=1.4712,=1.7482,=0.0280,=0.5414,=0.0199,=0.0236,=0.0275,=0.0317,=0.0422,=0.0540,=0.0934,=0.0492,=49523
="931140",医药50,2019-03-20,=0.0029,=10121.6700,=-0.0155,=25.2209,=0.1759,=20.8651,=25.5195,=28.5504,=42.3494,=67.0844,=3.9213,=0.0992,=3.0998,=4.2023,=4.9399,=7.3779,=10.9696,=4.6462,=0.2211,=3.4950,=4.6198,=5.1040,=7.0401,=12.1248,=0.0167,=0.7712,=0.0046,=0.0078,=0.0108,=0.0173,=0.0237,=0.0849,=0.1515,=0.0835,=1223
="930050",中证A50,2024-01-02,=-0.0043,=1758.0300,=-0.0165,=16.2501,=0.2231,=13.9812,=16.0402,=17.3584,=18.0918,=19.9330,=2.1130,=0.5215,=1.7817,=1.9722,=2.0987,=2.2034,=2.3759,=1.6626,=0.9123,=1.0165,=1.1296,=1.3740,=1.5855,=1.7441,=0.0290,=0.3015,=0.0260,=0.0285,=0.0296,=0.0308,=0.0348,=0.0668,=0.1115,=0.0600,=1050
="399698",优势成长,2017-06-15,=0.0034,=51224.1100,=-0.0174,=27.1229,=0.6475,=14.2338,=18.2774,=23.3136,=35.4173,=66.5130,=1.4612,=0.1627,=1.2178,=1.4848,=1.8960,=2.2898,=2.9395,=2.3668,=0.7638,=0.6634,=1.0703,=1.7286,=2.5734,=4.7303,=0.0280,=0.9519,=0.0069,=0.0108,=0.0160,=0.0213,=0.0303,=0.0360,=0.0690,=0.0308,=42
="931446",东证红利低波,2020-04-21,=0.0065,=3381.8800,=-0.0177,=8.5077,=0.7905,=5.1478,=6.1955,=7.2235,=8.5349,=11.0216,=0.8248,=0.7171,=0.5884,=0.6984,=0.7682,=0.8684,=1.2481,=1.5260,=0.9478,=0.5909,=0.7581,=0.8996,=1.3421,=1.5979,=0.0419,=0.2333,=0.0325,=0.0416,=0.0483,=0.0563,=0.0651,=0.0477,=0.0895,=0.0473,=915
="930949",价值回报,2017-02-24,=0.0033,=13395.8800,=-0.0180,=13.0641,=0.8555,=5.5354,=8.1777,=10.0446,=12.5287,=17.5400,=2.1918,=0.8028,=1.2865,=1.4791,=1.7532,=2.1861,=3.1701,=1.4578,=0.9668,=0.5488,=0.7134,=0.8801,=1.2829,=1.7276,=0.0375,=0.5531,=0.0155,=0.0259,=0.0352,=0.0485,=0.0681,=0.0960,=0.1096,=0.0576,=30
="931373",股息龙头,2019-11-15,=0.0006,=2733.7100,=-0.0181,=9.5119,=0.7610,=5.4295,=6.9184,=8.4458,=9.6574,=11.4004,=1.1884,=0.9226,=0.6697,=0.8581,=1.0193,=1.1379,=1.2586,=1.8118,=0.9764,=0.5706,=0.8180,=0.9984,=1.4198,=1.9212,=0.0397,=0.2033,=0.0347,=0.0397,=0.0462,=0.0542,=0.0682,=0.0602,=0.1004,=0.0502,=330
="931397",A股通50,2020-02-20,=-0.0086,=2225.2700,=-0.0181,=13.2850,=0.5449,=8.9450,=10.5986,=13.0220,=21.3574,=29.8209,=1.6943,=0.4720,=1.1048,=1.2803,=1.7506,=3.5543,=4.6955,=2.2223,=0.6612,=1.0496,=1.2932,=1.8983,=2.8384,=3.9597,=0.0290,=0.5594,=0.0113,=0.0158,=0.0280,=0.0366,=0.0493,=0.0628,=0.1069,=0.0556,=11
="000028",180成长,2009-01-09,=-0.0006,=3838.5300,=-0.0191,=12.5984,=0.2231,=9.5268,=12.3730,=14.6720,=18.2344,=25.1474,=2.0502,=0.2973,=1.5063,=1.8712,=2.6890,=3.1694,=5.1089,=2.4525,=0.9757,=1.1581,=1.4644,=1.6392,=1.8945,=2.7082,=0.0252,=0.7951,=0.0090,=0.0178,=0.0225,=0.0253,=0.0375,=0.0884,=0.1358,=0.0573,=195
="000903",中证A100,2006-05-29,=-0.0045,=4399.4600,=-0.0194,=16.8366,=0.9245,=9.4390,=11.2572,=12.6556,=14.6368,=18.7565,=1.8566,=0.9233,=1.1800,=1.3865,=1.5297,=1.6885,=1.9716,=1.6101,=0.9740,=0.9660,=1.1007,=1.2240,=1.3893,=1.7127,=0.0269,=0.2384,=0.0221,=0.0264,=0.0291,=0.0329,=0.0397,=0.0568,=0.0942,=0.0527,=3098
="000808",医药生物,2012-02-17,=0.0065,=8125.9000,=-0.0194,=32.5948,=0.3926,=23.4705,=28.3997,=34.5471,=37.8852,=66.3352,=3.0632,=0.0899,=2.6521,=3.2359,=4.1220,=4.9177,=7.9299,=2.8665,=0.3518,=2.0659,=2.6650,=3.0915,=3.5475,=6.2098,=0.0150,=0.8429,=0.0050,=0.0071,=0.0096,=0.0147,=0.0209,=0.0607,=0.0877,=0.0576,=1423
="930740",300红利LV,2018-12-04,=0.0013,=7019.4400,=-0.0209,=9.1419,=0.8964,=5.4153,=6.8477,=7.5564,=8.7765,=9.6903,=0.8739,=0.5454,=0.6159,=0.7748,=0.8585,=0.9447,=1.0604,=1.6003,=0.8922,=0.6725,=0.8594,=1.0830,=1.5211,=1.9253,=0.0428,=0.2645,=0.0370,=0.0419,=0.0451,=0.0510,=0.0622,=0.0462,=0.0932,=0.0455,=652
="931268",持续发展,2019-11-15,=-0.0057,=2166.4700,=-0.0209,=14.9492,=0.1564,=14.1354,=15.0721,=15.6730,=16.2446,=17.1877,=2.0623,=0.4540,=1.7338,=1.8368,=2.1280,=2.2397,=2.3440,=1.8941,=0.8160,=1.5998,=1.7307,=1.8003,=1.8493,=2.0502,=0.0290,=0.2669,=0.0268,=0.0286,=0.0304,=0.0315,=0.0326,=0.0727,=0.1256,=0.0669,=24
="000819",有色金属,2012-05-09,=0.0154,=9145.1500,=-0.0211,=17.4421,=0.1889,=12.4710,=17.7039,=27.5090,=52.6561,=191.3741,=3.4652,=0.8676,=1.7791,=2.1409,=2.6245,=3.2850,=4.9698,=1.3522,=0.8738,=0.6317,=0.8246,=0.9660,=1.2829,=1.9863,=0.0179,=0.7790,=0.0033,=0.0060,=0.0108,=0.0185,=0.0249,=0.1310,=0.1569,=0.0773,=2058
="000991",全指医药,2011-08-02,=0.0072,=8530.4000,=-0.0215,=30.9304,=0.3118,=23.5983,=29.4135,=33.8881,=39.3288,=73.5923,=2.9633,=0.0668,=2.5957,=3.1682,=3.7417,=4.5297,=6.5650,=2.7987,=0.3357,=2.0200,=2.6563,=2.9915,=3.6871,=5.9103,=0.0160,=0.8998,=0.0056,=0.0073,=0.0097,=0.0149,=0.0212,=0.0608,=0.0907,=0.0575,=7998
="000929",中证材料,2009-07-03,=0.0173,=4365.6500,=-0.0218,=18.9067,=0.4722,=9.9126,=14.1083,=19.4894,=24.5623,=277.7174,=2.3994,=0.8495,=1.3680,=1.6188,=1.9046,=2.3279,=3.1607,=1.1856,=0.7876,=0.6315,=0.7658,=0.8823,=1.2005,=1.5845,=0.0189,=0.4623,=0.0058,=0.0136,=0.0200,=0.0239,=0.0294,=0.0842,=0.1037,=0.0523,=528
="000813",细分化工,2012-04-11,=0.0188,=3728.5400,=-0.0221,=18.4145,=0.3361,=11.4329,=16.5252,=21.7253,=27.3198,=42.1751,=2.5129,=0.4718,=1.6736,=2.0410,=2.5693,=3.0876,=4.9148,=1.4184,=0.5159,=0.8896,=1.1114,=1.3990,=1.9315,=3.1071,=0.0186,=0.6771,=0.0059,=0.0109,=0.0166,=0.0201,=0.0259,=0.0921,=0.0961,=0.0475,=1004
="931157",SHS红利成长LV,2019-04-25,=0.0046,=7287.4900,=-0.0224,=7.8424,=0.6486,=4.1261,=5.6205,=7.0076,=8.3114,=11.5318,=0.7841,=0.4365,=0.5154,=0.6293,=0.8032,=0.9174,=1.5888,=1.6979,=0.9893,=0.5018,=0.7145,=1.0459,=1.4311,=1.7619,=0.0471,=0.4312,=0.0259,=0.0420,=0.0481,=0.0556,=0.0761,=0.0487,=0.0964,=0.0513,=361
="931000",大湾区,2017-07-19,=-0.0053,=1729.1600,=-0.0224,=18.9390,=0.7806,=11.8370,=14.5835,=16.2678,=19.1307,=23.4463,=2.0573,=0.4757,=1.3750,=1.7717,=2.0728,=2.5432,=3.2666,=1.5367,=0.4698,=1.1015,=1.3366,=1.5619,=1.8688,=2.5221,=0.0222,=0.5081,=0.0138,=0.0174,=0.0221,=0.0260,=0.0341,=0.0568,=0.0809,=0.0483,=17
="000955",中证国企,2010-02-09,=0.0049,=1559.7400,=-0.0224,=14.4278,=0.7002,=10.0979,=11.7062,=12.7317,=14.9343,=16.8119,=1.2583,=0.4276,=1.0210,=1.1826,=1.2843,=1.4037,=1.7591,=1.2858,=0.8029,=0.7969,=0.9757,=1.0895,=1.2851,=1.4527,=0.0279,=0.5555,=0.0195,=0.0243,=0.0274,=0.0324,=0.0414,=0.0459,=0.0765,=0.0426,=44
="399348",深证价值,2009-11-04,=-0.0022,=6372.5100,=-0.0229,=16.5726,=0.6878,=9.9756,=12.8084,=14.9077,=17.3818,=21.4453,=1.7001,=0.4734,=1.2527,=1.4911,=1.7189,=2.0578,=2.9268,=1.2705,=0.6120,=0.8306,=1.0363,=1.1851,=1.4541,=2.1193,=0.0292,=0.7002,=0.0153,=0.0218,=0.0269,=0.0308,=0.0407,=0.0526,=0.0871,=0.0499,=293
="932422",A500红利低波,2025-04-09,=0.0004,=3031.4000,=-0.0231,=10.1111,=0.6012,=9.0426,=9.7903,=10.0326,=10.2240,=10.5846,=0.9693,=0.1272,=0.8811,=0.9946,=1.0368,=1.0549,=1.0978,=1.3958,=0.5000,=1.2431,=1.2973,=1.3958,=1.4616,=1.5336,=0.0418,=0.5318,=0.0388,=0.0403,=0.0416,=0.0432,=0.0466,=0.0468,=0.0948,=0.0455,=398
="000043",超大盘,2009-04-23,=0.0024,=2553.5000,=-0.0241,=11.1871,=0.5579,=7.5271,=9.4626,=10.9287,=12.8362,=17.2195,=1.3288,=0.3988,=0.9803,=1.2132,=1.3552,=1.5050,=1.9858,=2.1720,=0.9398,=0.7153,=0.8713,=1.2766,=1.5354,=2.3305,=0.0329,=0.5167,=0.0191,=0.0244,=0.0327,=0.0406,=0.0547,=0.0574,=0.1053,=0.0539,=167
="399550",央视50,2012-06-06,=-0.0042,=7893.1500,=-0.0245,=10.0448,=0.7443,=6.8960,=8.3166,=9.3681,=10.1709,=13.0561,=1.0186,=0.2359,=0.8649,=1.0116,=1.2250,=1.4261,=1.8564,=2.0818,=0.8169,=1.3448,=1.6641,=1.8411,=2.0701,=2.5217,=0.0395,=0.5839,=0.0268,=0.0326,=0.0377,=0.0446,=0.0593,=0.0497,=0.0945,=0.0500,=2277
="931395",沪港深300,2020-01-14,=-0.0040,=1681.4000,=-0.0248,=11.5112,=0.5785,=8.3275,=10.0394,=10.9137,=12.5334,=16.6490,=1.2583,=0.5547,=0.9663,=1.1060,=1.2271,=1.3680,=1.7241,=1.5486,=0.7396,=0.9881,=1.1755,=1.3378,=1.5875,=1.8801,=0.0317,=0.4293,=0.0218,=0.0273,=0.0330,=0.0392,=0.0499,=0.0551,=0.0972,=0.0503,=511
="931587",500价值稳健,2020-11-09,=0.0045,=21394.7100,=-0.0251,=17.0700,=0.9389,=9.7530,=12.2274,=14.2697,=15.6810,=19.8926,=1.3630,=0.8483,=0.8925,=1.0587,=1.1635,=1.3293,=1.5437,=0.8236,=0.9878,=0.3384,=0.4615,=0.5139,=0.5922,=0.8392,=0.0334,=0.4795,=0.0250,=0.0298,=0.0336,=0.0360,=0.0456,=0.0470,=0.0672,=0.0460,=81
="399394",国证医药,2012-10-29,=0.0064,=8268.6900,=-0.0257,=32.8019,=0.4243,=22.8656,=29.2541,=34.0095,=38.6120,=65.8576,=3.2089,=0.0928,=2.7032,=3.3841,=4.4402,=5.3074,=8.6075,=2.8891,=0.3249,=1.9890,=2.7092,=3.1194,=4.5727,=6.5385,=0.0151,=0.8511,=0.0047,=0.0073,=0.0094,=0.0144,=0.0225,=0.0629,=0.0916,=0.0604,=1068
="399371",国证价值,2010-01-04,=0.0029,=7016.7600,=-0.0259,=9.6075,=0.6322,=6.4728,=7.8356,=9.0963,=10.2868,=13.0475,=0.9856,=0.4548,=0.7249,=0.8967,=1.0018,=1.2147,=1.5675,=1.1172,=0.8268,=0.5764,=0.7536,=0.8692,=1.0946,=1.3812,=0.0389,=0.4586,=0.0249,=0.0343,=0.0395,=0.0477,=0.0565,=0.0518,=0.0892,=0.0483,=153
="000933",中证医药,2009-07-03,=0.0050,=7878.8200,=-0.0262,=30.4751,=0.3963,=22.6651,=27.9022,=32.2244,=36.3461,=63.0472,=3.0782,=0.1621,=2.5059,=3.1667,=3.9573,=4.6027,=7.0232,=2.7240,=0.3328,=1.9281,=2.5100,=2.9910,=3.4875,=5.1631,=0.0161,=0.8573,=0.0055,=0.0078,=0.0098,=0.0155,=0.0226,=0.0647,=0.0926,=0.0614,=7217
="930708",中证有色,2015-07-13,=0.0144,=3002.7500,=-0.0264,=17.2674,=0.1720,=13.9228,=18.3251,=29.2621,=56.7218,=389.1241,=3.2157,=0.8247,=1.7134,=2.0956,=2.5624,=3.1754,=4.7639,=1.1598,=0.7662,=0.6123,=0.7796,=0.8961,=1.1908,=1.7984,=0.0173,=0.8264,=0.0032,=0.0057,=0.0101,=0.0168,=0.0233,=0.1246,=0.1479,=0.0736,=543
="930629",CSSW健康,2015-05-08,=0.0119,=5574.9400,=-0.0264,=10.5207,=0,=10.5207,=17.3509,=21.4207,=38.3831,=49.9253,=1.9387,=0.0726,=1.7351,=2.1399,=3.0214,=4.5721,=6.2998,=1.5232,=0.1377,=1.2755,=1.5501,=1.8721,=4.7309,=7.2978,=0.0240,=0.9703,=0.0057,=0.0078,=0.0161,=0.0213,=0.0272,=0.0965,=0.1388,=0.0667,=281
="000010",上证180,2002-07-01,=0.0005,=9750.7800,=-0.0265,=11.5548,=0.6371,=8.4900,=9.9408,=11.0428,=12.1444,=14.6942,=1.2258,=0.4169,=0.9930,=1.1498,=1.2549,=1.3646,=1.6698,=1.4070,=0.8948,=0.8990,=1.0652,=1.1974,=1.3146,=1.4916,=0.0316,=0.5357,=0.0224,=0.0272,=0.0313,=0.0373,=0.0465,=0.0532,=0.0943,=0.0490,=2511
="399310",国证A50,2005-09-05,=-0.0060,=7803.1700,=-0.0267,=16.1630,=0.7728,=8.8433,=10.6254,=13.6552,=16.6592,=22.6576,=1.9464,=0.7035,=1.1237,=1.3190,=1.6859,=2.0439,=2.9417,=1.4578,=0.7274,=0.9633,=1.1381,=1.2518,=1.5146,=2.2769,=0.0250,=0.2882,=0.0160,=0.0240,=0.0294,=0.0316,=0.0370,=0.0597,=0.1076,=0.0555,=292
="HSSCID",恒生港股通创新药指数,2023-07-01,=0.0026,=3078.4300,=-0.0267,=33.9418,=0.1176,=20.9262,=38.6883,=44.1156,=60.7499,=216.1774,=3.2345,=0.6535,=1.6870,=2.0407,=2.6258,=4.0416,=5.1867,=2.9051,=0.6355,=1.6002,=1.9012,=2.4749,=3.5124,=4.4669,=0.0092,=0.3338,=0.0053,=0.0077,=0.0121,=0.0150,=0.0187,=0.0694,=0.1014,=0.0690,=127
="931166",医药健康100,2019-04-25,=0.0056,=3924.8800,=-0.0269,=24.9361,=0.4522,=17.5935,=22.4344,=25.9626,=35.7104,=58.5515,=3.5080,=0.2666,=2.7671,=3.3761,=4.1525,=5.8325,=8.5226,=4.6110,=0.8284,=2.1887,=3.0666,=3.8063,=4.5269,=6.8190,=0.0163,=0.7172,=0.0059,=0.0080,=0.0121,=0.0179,=0.0263,=0.0791,=0.1325,=0.0724,=402
="950180",科创AI,2024-07-25,=-0.0138,=2185.5900,=-0.0275,=137.6097,=0.3961,=66.2784,=101.1838,=144.7029,=184.2209,=271.3436,=12.2836,=0.8311,=3.9039,=6.1448,=9.8516,=12.0376,=18.6594,=18.9223,=0.8854,=6.3298,=9.6249,=14.4817,=17.1622,=29.3547,=0.0017,=0.1126,=0.0012,=0.0023,=0.0028,=0.0048,=0.0077,=0.0639,=0.0670,=0.0285,=229
="930632",CS稀金属,2015-05-12,=0.0052,=2635.9300,=-0.0277,=23.0267,=0.1823,=10.0759,=24.5108,=40.9515,=84.7900,=902.9270,=3.5571,=0.5216,=1.7714,=2.4678,=3.4499,=4.3834,=7.1765,=2.3958,=0.6214,=1.0736,=1.5817,=2.0627,=2.9492,=4.1072,=0.0089,=0.5897,=0.0021,=0.0042,=0.0075,=0.0138,=0.0241,=0.1020,=0.1107,=0.0458,=398
="HSHYLV",恒生港股通高股息低波动指数,2017-05-08,=0.0100,=4340.7000,=-0.0285,=7.6738,=0.8450,=3.5572,=4.6655,=6.0245,=7.3685,=9.5068,=0.6961,=0.6761,=0.3828,=0.4864,=0.5886,=0.8082,=1.1073,=0.9313,=0.5753,=0.4386,=0.6610,=0.8526,=1.4029,=2.0623,=0.0536,=0.2119,=0.0385,=0.0530,=0.0639,=0.0816,=0.1103,,=0.0873,=0.0484,=1574
="000971",等权90,2010-12-02,=-0.0042,=3261.8400,=-0.0290,=12.7872,=0.6562,=8.9747,=10.9611,=11.9877,=13.7750,=19.4330,=1.5279,=0.5874,=1.1544,=1.3322,=1.4670,=1.6219,=2.2329,=1.7658,=0.9489,=1.0052,=1.1518,=1.2718,=1.5601,=1.9075,=0.0280,=0.3969,=0.0181,=0.0255,=0.0290,=0.0330,=0.0448,=0.0599,=0.1045,=0.0545,=10
="000811",细分有色,2012-04-11,=0.0159,=11040.6100,=-0.0293,=17.0395,=0.1753,=13.5118,=17.8911,=29.0886,=55.5384,=292.7885,=3.3016,=0.8553,=1.7438,=2.0869,=2.5621,=3.1819,=4.8073,=1.2852,=0.8940,=0.6338,=0.7856,=0.9037,=1.1946,=1.9173,=0.0178,=0.8351,=0.0033,=0.0058,=0.0103,=0.0172,=0.0234,=0.1284,=0.1531,=0.0756,=207
="399314",巨潮大盘,2005-02-03,=-0.0035,=4967.9500,=-0.0294,=12.6833,=0.6441,=9.6620,=11.1381,=12.0931,=13.4972,=17.5384,=1.3937,=0.4276,=1.0976,=1.2830,=1.4144,=1.5848,=1.9279,=1.5232,=0.8445,=0.9932,=1.1678,=1.3144,=1.4811,=1.8124,=0.0291,=0.5390,=0.0201,=0.0248,=0.0286,=0.0328,=0.0435,=0.0547,=0.0938,=0.0494,=17
="HSIDI",恒生创新药指数,2023-01-01,=0.0048,=2613.0500,=-0.0299,=33.9418,=0.0994,=21.3081,=44.0832,=52.9138,=105.2375,=157.2991,=3.2345,=0.6718,=1.7148,=2.1481,=2.7185,=3.8619,=5.1867,=2.9051,=0.6807,=1.5892,=1.8505,=2.3636,=3.3743,=4.4669,=0.0092,=0.2994,=0.0053,=0.0082,=0.0121,=0.0143,=0.0173,=0.0694,=0.1014,=0.0704,=254
="931069",中金300,2018-02-14,=0.0042,=4853.2000,=-0.0302,=9.8499,=0.6474,=5.9518,=7.5975,=9.3241,=10.4697,=13.6164,=1.0541,=0.4860,=0.7377,=0.9260,=1.0630,=1.3505,=1.8328,=1.3387,=0.8078,=0.6656,=0.8739,=1.1180,=1.3346,=1.7542,=0.0391,=0.5405,=0.0253,=0.0318,=0.0386,=0.0471,=0.0560,=0.0549,=0.0958,=0.0488,=104
="399020",创业小盘,2023-11-15,=-0.0021,=1723.9200,=-0.0303,=109.5832,=0.3133,=48.5170,=83.0300,=142.1764,=211.3857,=256.8495,=3.4126,=0.5944,=1.8521,=2.4777,=3.2459,=3.7727,=4.3734,=3.3245,=0.5710,=1.9895,=2.5929,=3.2050,=3.7812,=4.2999,=0.0057,=0.1054,=0.0050,=0.0061,=0.0068,=0.0082,=0.0109,=0.0232,=0.0199,=0.0201,=14
="399019",创业200,2023-11-15,=-0.0039,=4400.8200,=-0.0320,=68.3095,=0.3218,=45.1604,=60.3466,=82.4306,=109.7640,=137.0675,=3.2598,=0.5203,=1.8905,=2.4962,=3.2388,=3.8692,=4.5553,=3.0952,=0.6165,=1.7802,=2.3466,=2.8990,=3.4092,=4.2060,=0.0080,=0.5519,=0.0055,=0.0065,=0.0078,=0.0089,=0.0120,=0.0313,=0.0404,=0.0268,=87
="930791",CS医药TI,2016-03-22,=0.0089,=8949.3600,=-0.0335,=33.8489,=0.4008,=23.2364,=30.0855,=35.3223,=40.1599,=70.7414,=2.8412,=0.0812,=2.4395,=3.0161,=3.8157,=4.5634,=6.6660,=2.6258,=0.2425,=2.0598,=2.5748,=2.9443,=3.5054,=5.1130,=0.0154,=0.8825,=0.0054,=0.0072,=0.0098,=0.0145,=0.0204,=0.0543,=0.0784,=0.0518,=200
="931802",中证龙头,2010-02-09,=-0.0058,=1781.8100,=-0.0338,=12.2309,=0.4202,=9.1945,=11.4192,=12.4409,=14.0025,=18.2393,=1.9744,=0.8763,=1.2921,=1.4779,=1.6759,=1.9046,=2.6625,=2.5964,=0.9579,=0.9048,=1.0894,=1.3778,=2.0208,=2.8954,=0.0294,=0.5109,=0.0165,=0.0261,=0.0292,=0.0352,=0.0446,=0.0820,=0.1325,=0.0640,=99
="931167",先进制造100,2019-04-25,=-0.0108,=7475.4000,=-0.0344,=15.7467,=0.6842,=10.3762,=13.0363,=14.3125,=16.9289,=20.9116,=2.5947,=0.7854,=1.6383,=2.0343,=2.2669,=2.6336,=3.3727,=1.8180,=0.8720,=0.9031,=1.2389,=1.4461,=1.6787,=2.1795,=0.0316,=0.9285,=0.0136,=0.0208,=0.0257,=0.0295,=0.0362,=0.0863,=0.1483,=0.0844,=344
="HSLI",恒生综合大型股指数,2001-10-03,=-0.0050,=2325.0500,=-0.0344,=10.7267,=0.5392,=6.9327,=9.1517,=10.5817,=11.7587,=17.6478,=1.1459,=0.5790,=0.7133,=0.9439,=1.1168,=1.2416,=1.6032,=1.5351,=0.6546,=0.8297,=1.1852,=1.4403,=1.6322,=2.0023,=0.0347,=0.4128,=0.0207,=0.0314,=0.0355,=0.0440,=0.0582,,=0.1006,=0.0513,=102
="930955",红利低波100,2017-05-26,=0.0052,=11385.8100,=-0.0344,=9.1560,=0.8599,=5.0805,=6.0811,=7.4570,=8.6853,=11.5013,=0.8865,=0.6436,=0.5792,=0.6675,=0.8327,=0.9839,=1.3722,=1.5475,=0.9730,=0.5888,=0.7810,=0.9948,=1.3801,=1.7525,=0.0437,=0.2531,=0.0270,=0.0431,=0.0469,=0.0560,=0.0683,=0.0466,=0.0928,=0.0503,=2454
="950090",50AH优选,2015-12-10,=-0.0031,=5967.1600,=-0.0351,=9.3392,=0.6549,=6.3188,=7.9171,=8.7097,=9.8664,=13.5010,=1.0572,=0.5778,=0.7914,=0.9506,=1.0324,=1.1230,=1.5403,=1.3683,=0.9406,=0.6574,=0.8491,=0.9582,=1.0851,=1.4553,=0.0378,=0.4110,=0.0256,=0.0346,=0.0397,=0.0476,=0.0655,=0.0564,=0.1007,=0.0530,=2003
="HSCAIT",恒生A股行业龙头指数,2009-09-21,=-0.0036,=5557.4200,=-0.0355,=12.3632,=0.8756,=8.2192,=9.8003,=10.5568,=11.9067,=14.1027,=1.3531,=0.7891,=1.0288,=1.1884,=1.2687,=1.3563,=1.6997,=1.3749,=0.9843,=0.8424,=0.9747,=1.0594,=1.2239,=1.4109,=0.0339,=0.4147,=0.0260,=0.0318,=0.0347,=0.0405,=0.0503,=0.0541,=0.1023,=0.0521,=494
="931082",A500现金流,2025-07-16,=0.0046,=4368.7200,=-0.0365,=14.0599,=0.4929,=11.3087,=12.4177,=14.0673,=14.9457,=16.5522,=1.6466,=0.1571,=1.4812,=1.6624,=1.8296,=1.9451,=2.0613,=1.3421,=0.2786,=1.2039,=1.3224,=1.3852,=1.5527,=1.6378,=0.0348,=0.2393,=0.0310,=0.0345,=0.0373,=0.0425,=0.0482,=0.0703,=0.1166,,=134
="H30455",沪港深500,2014-11-28,=-0.0038,=2556.6200,=-0.0378,=12.2889,=0.6484,=8.5690,=10.3715,=11.5537,=13.2242,=16.8903,=1.3148,=0.5405,=0.9675,=1.1610,=1.2970,=1.4056,=1.7307,=1.5357,=0.8186,=0.9518,=1.1783,=1.3305,=1.5240,=1.7787,=0.0307,=0.5117,=0.0214,=0.0275,=0.0306,=0.0375,=0.0485,=0.0548,=0.0960,=0.0497,=527
="000042",上证央企,2009-03-30,=0.0008,=1742.5200,=-0.0380,=9.8126,=0.6858,=6.3284,=7.8863,=9.2276,=10.0892,=12.9577,=1.0150,=0.6128,=0.7230,=0.8871,=0.9826,=1.1061,=1.4812,=1.3326,=0.9847,=0.6569,=0.8569,=0.9790,=1.1569,=1.3891,=0.0364,=0.2878,=0.0261,=0.0351,=0.0381,=0.0469,=0.0583,=0.0513,=0.0920,=0.0463,=392
="932438",科创创业机器人,2025-05-16,=-0.0104,=1553.9200,=-0.0385,=83.0735,=0.3882,=67.6486,=77.7313,=84.7861,=95.0860,=120.6496,=4.8687,=0.0031,=4.8391,=5.2041,=5.6246,=6.1765,=6.8835,=5.1686,=0.0031,=5.1403,=5.6855,=5.9997,=6.6135,=7.4199,=0.0038,=0.4379,=0.0030,=0.0036,=0.0039,=0.0043,=0.0049,=0.0383,=0.0666,=0.0401,=67
="932315",中证红利质量,2024-07-08,=-0.0004,=4339.1100,=-0.0388,=15.1390,=0.3920,=12.3916,=13.9580,=15.6148,=16.5700,=18.7206,=2.9690,=0.4602,=2.1812,=2.4352,=3.0210,=3.9471,=4.4900,=3.6614,=0.9489,=2.0136,=2.2377,=3.0395,=3.2348,=3.7823,=0.0373,=0.2481,=0.0312,=0.0369,=0.0389,=0.0420,=0.0443,=0.1163,=0.1829,=0.0837,=600
="930851",云计算,2016-07-20,=-0.0130,=6231.4800,=-0.0388,=57.7493,=0.3039,=37.0632,=53.1481,=68.0950,=96.0277,=313.0672,=7.6094,=0.9493,=2.7148,=3.6113,=4.3293,=5.5003,=9.9453,=4.7662,=0.9087,=1.6839,=2.4321,=3.1400,=3.8216,=6.4649,=0.0032,=0.2790,=0.0021,=0.0031,=0.0037,=0.0050,=0.0080,=0.0797,=0.0896,=0.0341,=486
="399702",深证F120,2010-05-10,=-0.0008,=7281.1500,=-0.0389,=23.7583,=0.9072,=12.6034,=17.7484,=20.7903,=22.6932,=28.8861,=2.1822,=0.4334,=1.5963,=1.9896,=2.2143,=2.6272,=3.5867,=1.3885,=0.5959,=0.8721,=1.1406,=1.3246,=1.5883,=2.2308,=0.0220,=0.7315,=0.0114,=0.0165,=0.0194,=0.0232,=0.0299,=0.0541,=0.0726,=0.0466,=1429
="000919",300价值,2008-01-21,=0,=5110.6900,=-0.0391,=8.7600,=0.6355,=5.9577,=7.3283,=8.4453,=9.2360,=12.2376,=0.9133,=0.4280,=0.6917,=0.8489,=0.9321,=1.1269,=1.5388,=1.1313,=0.8586,=0.6314,=0.7861,=0.9060,=1.1113,=1.3421,=0.0404,=0.4685,=0.0265,=0.0369,=0.0407,=0.0490,=0.0609,=0.0515,=0.0921,=0.0477,=4346
="HSLMI",恒生综合大中型股指数,2015-06-08,=-0.0043,=3963.2900,=-0.0391,=11.0902,=0.5754,=7.0073,=9.3073,=10.6745,=12.3479,=17.7261,=1.1206,=0.5567,=0.6929,=0.9060,=1.1010,=1.2279,=1.5417,=1.3265,=0.7237,=0.6858,=0.9753,=1.1827,=1.3720,=1.6465,=0.0343,=0.4770,=0.0214,=0.0309,=0.0346,=0.0437,=0.0602,,,=0.0481,=88
="000021",180治理,2008-09-10,=0.0012,=1044.7000,=-0.0400,=10.8340,=0.8647,=6.3364,=8.4357,=9.7549,=10.6255,=13.6109,=1.1255,=0.5971,=0.7542,=0.9755,=1.0947,=1.2133,=1.5847,=1.4472,=0.9621,=0.6625,=0.8519,=0.9540,=1.1542,=1.4979,=0.0377,=0.5707,=0.0241,=0.0330,=0.0366,=0.0448,=0.0548,=0.0515,=0.0995,=0.0515,=169
="000016",上证50,2004-01-02,=-0.0010,=2908.8000,=-0.0404,=10.8043,=0.5880,=8.3126,=9.6664,=10.5520,=11.5646,=15.1108,=1.2397,=0.4965,=1.0245,=1.1706,=1.2403,=1.3330,=1.6482,=1.5844,=0.9501,=0.8665,=1.0182,=1.1393,=1.3016,=1.6553,=0.0326,=0.4260,=0.0240,=0.0291,=0.0334,=0.0397,=0.0497,=0.0576,=0.1007,=0.0530,=23661
="399701",深证F60,2010-05-10,=-0.0023,=7617.3600,=-0.0407,=21.2836,=0.6462,=12.1841,=17.0099,=19.9699,=22.2665,=29.1141,=2.0015,=0.1868,=1.6712,=2.0172,=2.1793,=2.5392,=3.7270,=1.3208,=0.3901,=1.0125,=1.2363,=1.3608,=1.5636,=2.4139,=0.0264,=0.9101,=0.0118,=0.0177,=0.0206,=0.0249,=0.0310,=0.0535,=0.0664,=0.0457,=1679
="931586",300价值稳健,2020-11-09,=-0.0048,=7306.6000,=-0.0427,=11.2712,=0.5431,=8.1741,=9.7166,=11.1843,=12.7111,=15.0111,=1.2659,=0.3136,=0.9699,=1.1957,=1.3200,=1.5107,=1.6570,=1.2790,=0.8001,=0.7359,=0.8664,=0.9899,=1.2790,=1.5639,=0.0369,=0.4725,=0.0248,=0.0321,=0.0371,=0.0406,=0.0470,=0.0557,=0.1070,=0.0599,=44
="980092",自由现金流,2012-12-28,=0.0075,=5155.0500,=-0.0432,=13.2688,=0.5753,=11.1075,=12.2556,=12.9779,=14.3379,=16.4362,=1.4339,=0.1025,=1.2604,=1.4780,=1.5735,=1.6519,=1.8134,=0.9121,=0.3556,=0.7577,=0.8692,=0.9342,=0.9767,=1.0805,=0.0367,=0.4623,=0.0287,=0.0345,=0.0369,=0.0388,=0.0437,=0.0613,=0.1047,=0.0581,=1629
="H30356",800价值,2014-06-09,=0.0017,=6359.5200,=-0.0432,=9.3245,=0.5926,=6.4024,=7.7152,=9.0743,=9.9365,=13.4784,=0.9570,=0.4567,=0.7030,=0.8644,=0.9823,=1.1641,=1.6287,=1.0793,=0.7884,=0.5868,=0.7418,=0.8879,=1.0831,=1.3738,=0.0393,=0.5493,=0.0239,=0.0337,=0.0387,=0.0474,=0.0589,=0.0510,=0.0908,=0.0471,=36
="399313",巨潮100,2005-02-03,=-0.0049,=5207.6100,=-0.0439,=11.8634,=0.6507,=8.9278,=10.3882,=11.1507,=12.4332,=16.6101,=1.3444,=0.5105,=1.0718,=1.2426,=1.3407,=1.4929,=1.8501,=1.6716,=0.9740,=0.9844,=1.1492,=1.2746,=1.4624,=1.7644,=0.0298,=0.4445,=0.0217,=0.0274,=0.0303,=0.0349,=0.0452,=0.0570,=0.0999,=0.0492,=211
="H30192",食品,2013-07-15,=0.0114,=5416.6000,=-0.0440,=28.9192,=0.1788,=20.6226,=29.6395,=33.1790,=39.1007,=57.5971,=2.6744,=0.0603,=2.3545,=2.9414,=4.5195,=5.7722,=10.5214,=1.5521,=0.1113,=1.2567,=1.6356,=2.3244,=2.8883,=4.8526,=0.0248,=0.8386,=0.0092,=0.0146,=0.0193,=0.0242,=0.0308,=0.0542,=0.0826,=0.0545,=37
="931588",1000价值稳健,2020-11-09,=0.0105,=34202.4300,=-0.0458,=18.9797,=0.5557,=12.8074,=16.7629,=18.5672,=20.5184,=25.6024,=1.3661,=0.3746,=1.0253,=1.2806,=1.4260,=1.5571,=1.9102,=0.7924,=0.9676,=0.4756,=0.5569,=0.6299,=0.7126,=0.8427,=0.0261,=0.6104,=0.0168,=0.0207,=0.0252,=0.0289,=0.0392,=0.0408,=0.0641,=0.0406,=109
="932367",500现金流,2024-11-12,=0.0075,=3488.8900,=-0.0466,=19.6302,=0.9032,=12.7635,=14.1405,=17.0998,=19.0790,=20.8865,=1.5400,=0.0923,=1.4139,=1.6147,=1.7351,=1.9745,=2.3672,=0.9316,=0.1149,=0.8544,=0.9837,=1.2224,=1.2831,=1.4394,=0.0326,=0.6014,=0.0247,=0.0290,=0.0316,=0.0367,=0.0403,=0.0474,=0.1139,=0.0553,=128
="399373",大盘价值,2010-01-04,=0,=8145.8300,=-0.0499,=8.5061,=0.5456,=5.4746,=6.8623,=8.3403,=9.1146,=11.9914,=0.9001,=0.4396,=0.6410,=0.8033,=0.9335,=1.1359,=1.5001,=1.1792,=0.8751,=0.5920,=0.7817,=0.9283,=1.1484,=1.4541,=0.0421,=0.4375,=0.0275,=0.0371,=0.0428,=0.0526,=0.0641,=0.0525,=0.0939,=0.0498,=338
="931645",1000红利,2024-03-15,=0.0143,=2355.9800,=-0.0508,=16.0853,=0.9237,=11.2896,=12.4850,=13.9491,=15.2861,=18.1886,=1.1400,=0.2852,=0.9871,=1.1290,=1.1875,=1.2420,=1.3469,=0.7374,=0.4279,=0.5734,=0.6824,=0.7494,=0.8107,=0.8871,=0.0349,=0.3731,=0.0305,=0.0339,=0.0361,=0.0407,=0.0471,=0.0386,=0.0646,=0.0399,=26
="H30171",运输指数,2013-07-15,=0.0025,=1530.9300,=-0.0534,=17.7668,=0.4779,=14.1889,=16.3702,=17.9274,=25.3239,=51.4445,=1.2891,=0.0675,=1.1914,=1.3490,=1.4989,=1.6840,=2.3737,=0.6783,=0.3581,=0.5217,=0.6292,=0.8050,=1.1885,=1.9196,=0.0278,=0.6470,=0.0111,=0.0149,=0.0201,=0.0303,=0.0375,=0.0372,=0.0585,=0.0371,=97
="000029",180价值,2009-01-09,=0.0029,=4213.6900,=-0.0538,=7.9932,=0.5559,=5.6894,=6.9075,=7.8729,=8.4988,=10.8138,=0.8342,=0.3592,=0.6666,=0.8014,=0.8557,=1.0613,=1.4433,=1.1247,=0.9072,=0.6198,=0.7825,=0.9447,=1.0749,=1.4032,=0.0407,=0.2635,=0.0290,=0.0397,=0.0429,=0.0522,=0.0634,=0.0509,=0.0896,=0.0469,=559
="399398",绩效指数,2012-11-19,=0.0003,=10021.8100,=-0.0542,=16.9004,=0.3509,=9.4274,=11.9032,=18.3600,=21.6274,=36.1591,=3.2002,=0.3410,=1.3709,=1.7956,=3.5798,=4.3854,=6.4752,=3.1000,=0.6544,=1.5825,=2.2434,=2.9264,=3.4328,=5.0073,=0.0379,=0.8239,=0.0140,=0.0234,=0.0323,=0.0374,=0.0430,=0.1029,=0.1771,=0.0957,=23
="000901",小康指数,2010-04-02,=0.0087,=5990.3000,=-0.0557,=10.6853,=0.3967,=8.5492,=9.9918,=10.9025,=12.4702,=15.5671,=1.0347,=0.0763,=0.9488,=1.0778,=1.2054,=1.4108,=1.7818,=1.0389,=0.7266,=0.7500,=0.8929,=0.9804,=1.0556,=1.2662,=0.0350,=0.7460,=0.0175,=0.0252,=0.0297,=0.0364,=0.0436,=0.0502,=0.0878,=0.0483,=259
="932368",800现金流,2024-12-11,=0.0028,=4827.4500,=-0.0560,=13.8634,=0.7069,=9.9108,=10.8593,=11.9978,=14.3766,=15.6891,=1.9343,=0.8983,=1.4048,=1.5482,=1.7457,=1.9026,=2.0110,=1.6386,=0.9527,=1.0036,=1.1106,=1.3360,=1.4647,=1.6811,=0.0363,=0.2671,=0.0311,=0.0354,=0.0417,=0.0466,=0.0553,=0.0834,=0.1177,=0.0730,=248
="930957",港股通中国100,2017-06-23,=-0.0026,=3573.5600,=-0.0560,=9.8783,=0.6510,=5.4625,=7.6157,=8.9874,=10.7864,=13.3106,=1.0921,=0.5398,=0.6571,=0.8667,=1.0755,=1.1983,=1.5222,=1.3843,=0.8062,=0.6789,=0.9668,=1.1332,=1.3795,=1.6609,=0.0358,=0.4303,=0.0251,=0.0331,=0.0368,=0.0501,=0.0691,,=0.1032,=0.0524,=22
="931484",CS医药创新,2020-05-06,=0.0030,=1368.2800,=-0.0563,=23.6250,=0.1843,=18.2098,=23.8990,=27.3639,=43.3958,=86.1757,=4.2595,=0.1077,=3.3236,=4.5103,=5.3517,=11.2251,=17.5605,=5.3249,=0.1564,=3.7485,=5.4703,=6.3414,=11.2410,=20.8272,=0.0158,=0.7047,=0.0021,=0.0045,=0.0134,=0.0166,=0.0269,=0.0982,=0.1752,=0.0927,=411
="000909",300材料,2007-07-02,=0.0189,=3864.2400,=-0.0573,=16.0261,=0.3427,=10.2722,=14.5958,=18.1081,=24.1765,=360.6223,=2.5395,=0.8148,=1.4655,=1.7400,=2.0204,=2.5047,=3.8763,=1.2384,=0.7979,=0.6983,=0.8432,=0.9935,=1.2391,=1.9427,=0.0211,=0.5365,=0.0057,=0.0143,=0.0205,=0.0243,=0.0291,=0.1028,=0.1225,=0.0605,=21
="HSCESI",恒生中国企业精明指数,2015-06-08,=-0.0039,=12108.3700,=-0.0573,=9.3705,=0.6793,=6.0524,=7.9796,=8.7101,=10.0620,=15.8114,=1.0148,=0.5097,=0.6924,=0.9063,=1.0128,=1.1579,=1.7191,=1.3399,=0.7149,=0.8066,=1.0057,=1.1003,=1.4384,=2.0876,=0.0358,=0.3333,=0.0200,=0.0332,=0.0381,=0.0443,=0.0600,,=0.1052,=0.0534,=93
="HSCEI",恒生中国企业指数,1994-08-08,=-0.0038,=8397.3200,=-0.0579,=9.4070,=0.6825,=6.0524,=7.9831,=8.7166,=10.0985,=15.8114,=1.0182,=0.5112,=0.6924,=0.9060,=1.0144,=1.1595,=1.7191,=1.3442,=0.7143,=0.8066,=1.0062,=1.1005,=1.4423,=2.0876,=0.0356,=0.3268,=0.0200,=0.0331,=0.0380,=0.0444,=0.0600,,=0.1052,=0.0534,=4775
="931247",中证信创,2012-12-21,=-0.0118,=1378.7000,=-0.0581,=51.3669,=0,=51.3669,=99.2281,=191.4354,=271.8682,=369.3964,=5.4190,=0.6733,=2.7947,=3.5496,=4.7472,=6.0183,=7.8335,=4.2668,=0.5224,=2.8203,=3.4336,=4.2022,=4.9382,=6.1894,=0.0040,=0.3679,=0.0029,=0.0036,=0.0042,=0.0052,=0.0076,=0.0724,=0.0400,=0.0033,=105
="399806",环境治理,2014-07-21,=0.0119,=1305.7900,=-0.0585,=26.6298,=0.3311,=17.0172,=24.3835,=29.0525,=35.2518,=50.0632,=1.6655,=0.3068,=1.1727,=1.6033,=1.7630,=2.1765,=4.4901,=1.7988,=0.1757,=1.3064,=1.8263,=2.0657,=2.5946,=5.8429,=0.0176,=0.9097,=0.0037,=0.0085,=0.0106,=0.0156,=0.0215,=0.0362,=0.0536,=0.0352,=854
="931375",300质量低波,2019-11-25,=-0.0026,=15961.2700,=-0.0588,=9.5648,=0.3570,=6.4946,=8.1739,=10.9334,=13.5284,=22.0532,=1.3547,=0.4232,=0.8054,=1.0888,=1.5104,=2.0480,=3.3245,=2.5362,=0.9642,=1.0044,=1.3383,=1.6881,=2.1077,=2.7563,=0.0338,=0.4026,=0.0151,=0.0279,=0.0349,=0.0402,=0.0521,=0.0704,=0.1211,=0.0580,=116
="930910",农牧渔,2016-12-12,=0.0132,=9376.2000,=-0.0597,=-92.5641,=0.8812,=13.2246,=20.9378,=30.0645,=98.1165,=30031.8592,=2.5379,=0.2707,=1.9495,=2.4802,=2.9289,=3.6313,=4.9084,=1.1193,=0.2843,=0.8679,=1.0634,=1.4674,=2.0513,=2.7290,=0.0143,=0.5859,=0.0042,=0.0098,=0.0137,=0.0176,=0.0261,=-0.0335,=0.0664,=0.0588,=23
="931526",企业核心竞争力50,2020-08-24,=-0.0093,=1232.4500,=-0.0599,=13.4765,=0,=13.4765,=17.0015,=22.5367,=29.7831,=51.8267,=1.6734,=0,=1.6734,=2.1907,=4.0283,=6.7444,=10.8733,=1.9752,=0.3304,=0.9066,=1.5301,=3.4114,=4.4844,=7.9459,=0.0286,=0.8560,=0.0072,=0.0119,=0.0173,=0.0267,=0.0352,=0.0636,=0.1485,=0.0775,=105
="H30089",红利潜力,2013-07-02,=-0.0087,=9312.9700,=-0.0637,=15.5123,=0.1645,=12.7702,=15.7096,=16.8375,=20.5740,=29.7267,=2.6701,=0.6148,=1.5457,=2.0236,=2.5156,=2.9135,=4.3960,=2.0943,=0.7674,=0.7611,=0.9598,=1.7858,=2.1854,=2.8465,=0.0360,=0.7023,=0.0172,=0.0261,=0.0319,=0.0373,=0.0456,=0.0866,=0.1605,=0.0844,=553
="930651",CS计算机,2015-06-05,=-0.0156,=7257.0600,=-0.0641,=36.5590,=0.0095,=33.6687,=44.1074,=55.9990,=66.6406,=115.0591,=4.4345,=0.5278,=2.6283,=3.7942,=4.3706,=5.0741,=6.5144,=2.6949,=0.0722,=2.0877,=2.8992,=3.5677,=4.2615,=5.5248,=0.0111,=0.9518,=0.0028,=0.0059,=0.0071,=0.0091,=0.0156,=0.0668,=0.0892,=0.0313,=665
="000945",内地运输,2009-10-28,=0.0008,=1382.5300,=-0.0644,=17.7519,=0.3847,=13.9394,=16.4433,=19.2103,=27.7832,=72.7429,=1.3266,=0.0610,=1.2245,=1.4014,=1.5517,=1.7702,=2.4452,=0.7595,=0.3938,=0.5140,=0.6447,=0.8866,=1.3503,=1.9188,=0.0289,=0.6520,=0.0105,=0.0141,=0.0180,=0.0327,=0.0436,=0.0368,=0.0581,=0.0349,=84
="000949",中证农业,2009-10-28,=0.0137,=5412.5700,=-0.0651,=76.3744,=0.9113,=14.4444,=21.2919,=29.1169,=37.2295,=1184.8568,=2.6489,=0.2631,=2.0719,=2.4997,=3.2563,=4.0480,=5.2895,=1.4106,=0.3138,=0.8980,=1.1771,=1.7110,=2.0301,=2.8101,=0.0152,=0.2998,=0.0077,=0.0144,=0.0164,=0.0190,=0.0257,=0.0027,=0.0985,=0.0674,=1071
="HSMI",恒生综合中型股指数,2001-10-03,=-0.0005,=4656.1000,=-0.0655,=12.9172,=0.6245,=7.1837,=9.6369,=11.3159,=14.7476,=19.0737,=1.0259,=0.5274,=0.6229,=0.7817,=1.0105,=1.2298,=1.5312,=0.8463,=0.8310,=0.4186,=0.5568,=0.6725,=0.8249,=1.0938,=0.0328,=0.4953,=0.0208,=0.0280,=0.0329,=0.0427,=0.0675,,,=0.0385,=162
="H30095",医药红利,2013-07-02,=0.0154,=14424.2800,=-0.0670,=17.2967,=0.2234,=14.6474,=17.2172,=19.6324,=26.9878,=34.8020,=1.6619,=0.0455,=1.4797,=1.7755,=2.4262,=3.0937,=4.2060,=0.9582,=0.1686,=0.7612,=0.9844,=1.5027,=1.9913,=2.8268,=0.0373,=0.9856,=0.0116,=0.0175,=0.0226,=0.0307,=0.0398,=0.0562,=0.1019,=0.0623,=102
="931024",港股通非银,2017-11-06,=-0.0179,=4004.3400,=-0.0674,=5.7209,=0,=5.7209,=8.4393,=10.8901,=13.2920,=22.4310,=0.9893,=0.3890,=0.6237,=0.8534,=1.0397,=1.2205,=1.7592,=1.1206,=0.6583,=0.5870,=0.8777,=1.0205,=1.2308,=2.2002,=0.0433,=0.8693,=0.0165,=0.0269,=0.0347,=0.0414,=0.0611,,=0.1345,=0.0629,=218
="000978",医药100,2011-03-18,=0.0072,=9725.2900,=-0.0674,=31.3044,=0.3447,=23.7467,=28.9111,=33.6117,=37.6419,=66.4077,=3.0423,=0.0775,=2.6475,=3.2302,=4.1589,=5.0232,=7.8052,=2.8609,=0.3336,=2.0946,=2.6763,=3.1096,=3.6588,=5.9820,=0.0157,=0.8693,=0.0050,=0.0071,=0.0095,=0.0149,=0.0209,=0.0617,=0.0911,=0.0594,=4730
="000925",基本面50,2009-02-26,=0.0021,=4306.7300,=-0.0675,=9.3268,=0.5447,=6.2635,=7.9688,=9.1850,=10.0957,=12.7955,=1.0111,=0.4136,=0.7306,=0.9013,=1.0427,=1.1921,=1.5728,=1.0717,=0.7089,=0.6037,=0.7864,=0.9667,=1.1049,=1.4866,=0.0382,=0.5320,=0.0256,=0.0338,=0.0376,=0.0468,=0.0563,=0.0530,=0.0882,=0.0468,=4567
="930838",CS高股息,2016-06-08,=0.0004,=6730.2900,=-0.0677,=17.8365,=0.5056,=10.7704,=14.2530,=17.7790,=22.4514,=29.5345,=3.4349,=0.7868,=1.8272,=2.3324,=2.8242,=3.4934,=5.4603,=3.2599,=0.6474,=1.6703,=2.0490,=2.5056,=3.7457,=5.1335,=0.0277,=0.5551,=0.0136,=0.0201,=0.0267,=0.0363,=0.0519,=0.1093,=0.1877,=0.1009,=175
="H30590",机器人,2015-02-10,=-0.0074,=1777.4800,=-0.0685,=53.6119,=0.5777,=24.1742,=42.0198,=50.8648,=63.2897,=89.9138,=4.2797,=0.7431,=2.1765,=2.8831,=3.6950,=4.4486,=6.0751,=4.1624,=0.7711,=1.6011,=2.4247,=3.4042,=4.2816,=5.4887,=0.0079,=0.7798,=0.0045,=0.0056,=0.0069,=0.0079,=0.0128,=0.0463,=0.0720,=0.0364,=954
="932365",中证现金流,2024-12-11,=0.0049,=4898.2700,=-0.0701,=14.3399,=0.7447,=10.1873,=11.0134,=12.3564,=14.5738,=15.8261,=1.6440,=0.1820,=1.4661,=1.6519,=1.7596,=1.8770,=2.0150,=0.9091,=0.0922,=0.8463,=1.1137,=1.3700,=1.5031,=1.6205,=0.0382,=0.3688,=0.0305,=0.0360,=0.0414,=0.0470,=0.0550,=0.0684,=0.1155,=0.0697,=741
="000063",上证周期,2010-02-03,=0.0039,=3770.0500,=-0.0708,=8.4632,=0.4581,=5.4761,=7.1362,=8.5842,=9.4385,=12.4946,=0.9382,=0.4643,=0.6668,=0.8368,=0.9515,=1.1020,=1.4831,=1.5101,=0.8421,=0.8113,=1.0636,=1.2494,=1.4589,=1.7571,=0.0381,=0.4404,=0.0252,=0.0353,=0.0386,=0.0518,=0.0626,=0.0561,=0.0975,=0.0493,=212
="000968",300周期,2010-05-28,=0.0044,=4225.6700,=-0.0711,=9.0880,=0.4874,=6.1174,=7.8172,=9.1300,=10.2659,=13.3562,=0.9617,=0.4297,=0.7021,=0.8484,=0.9946,=1.1629,=1.5550,=1.5468,=0.8466,=0.8459,=1.0834,=1.2644,=1.5105,=1.8297,=0.0365,=0.5567,=0.0230,=0.0322,=0.0360,=0.0470,=0.0569,=0.0541,=0.0922,=0.0475,=104
="932369",1000现金流,2024-11-12,=0.0105,=3422.6700,=-0.0718,=18.0597,=0.3604,=16.0705,=17.6965,=18.3950,=19.2812,=21.4836,=1.5444,=0.2500,=1.4251,=1.5335,=1.6364,=1.7482,=1.8728,=0.9156,=0.3108,=0.8034,=0.8921,=1.0018,=1.0616,=1.3230,=0.0265,=0.3131,=0.0230,=0.0261,=0.0271,=0.0286,=0.0311,=0.0501,=0.0821,=0.0540,=61
="000052",50基本,2012-01-09,=0.0024,=2805.9900,=-0.0720,=10.8043,=0.5880,=8.3126,=9.6677,=10.5520,=11.5646,=15.1108,=1.2397,=0.4977,=1.0245,=1.1706,=1.2402,=1.3328,=1.6471,=1.5844,=0.9501,=0.8665,=1.0185,=1.1395,=1.3016,=1.6553,=0.0326,=0.4841,=0.0238,=0.0291,=0.0329,=0.0398,=0.0497,=0.0576,=0.1007,=0.0530,=28
="931992",疫苗生物,2013-07-15,=0.0171,=1119.6300,=-0.0725,=167.3529,=0.7955,=26.1322,=67.3742,=89.0866,=168.2750,=55588.3979,=2.9355,=0.4002,=2.2475,=2.7053,=3.0404,=3.6134,=5.0256,=5.2546,=0.5511,=3.7134,=4.7131,=5.1972,=5.5860,=6.4257,=0.0092,=0.5141,=0.0060,=0.0068,=0.0090,=0.0105,=0.0125,=0.0325,=0.0013,=0.0187,=35
="931752",工程机械主题,2021-09-27,=0.0004,=2336.0800,=-0.0733,=21.3345,=0.5021,=13.6456,=18.5449,=21.3228,=24.3318,=27.9581,=1.9559,=0.6764,=1.2593,=1.5780,=1.7310,=2.1208,=2.6511,=1.1727,=0.6881,=0.7133,=0.9173,=1.0235,=1.2858,=1.6462,=0.0210,=0.5379,=0.0151,=0.0190,=0.0208,=0.0222,=0.0284,=0.0525,=0.0958,=0.0571,=111
="000048",责任指数,2009-08-05,=0.0016,=1366.4100,=-0.0740,=12.0335,=0.8206,=7.8628,=9.5548,=10.5483,=11.9057,=14.1982,=1.3276,=0.5876,=0.9056,=1.1404,=1.2956,=1.4368,=1.7866,=1.1863,=0.9963,=0.5718,=0.6942,=0.8010,=0.9365,=1.1998,=0.0374,=0.6144,=0.0223,=0.0284,=0.0321,=0.0399,=0.0469,=0.0571,=0.0991,=0.0518,=134
="932431",300质量,2025-03-18,=-0.0077,=1894.3700,=-0.0743,=10.4990,=0.8623,=9.4685,=10.0026,=10.1707,=10.4289,=11.0156,=1.1427,=0.7163,=1.0616,=1.1044,=1.1301,=1.1493,=1.1879,=2.2398,=0.7052,=2.0194,=2.1528,=2.2072,=2.2577,=2.3386,=0.0348,=0.1240,=0.0331,=0.0354,=0.0373,=0.0391,=0.0487,=0.0534,=0.1012,=0.0518,=18
="399814",大农业,2014-07-22,=0.0168,=1108.3000,=-0.0757,=31.5179,=0.7406,=17.8693,=23.4731,=28.0144,=32.4891,=111.7688,=2.8541,=0.1608,=2.4368,=2.9087,=3.2479,=4.3740,=6.4483,=1.5806,=0.2928,=1.2031,=1.4984,=1.7991,=2.3352,=3.7145,=0.0225,=0.7765,=0.0100,=0.0141,=0.0172,=0.0230,=0.0287,=0.0403,=0.1209,=0.0736,=780
="399995",基建工程,2015-03-12,=0.0105,=3610.8100,=-0.0757,=10.9191,=0.8227,=5.8673,=7.3439,=8.2792,=10.5270,=18.8590,=0.6407,=0.0177,=0.5815,=0.7186,=0.8869,=1.2621,=2.1834,=0.1876,=0.3328,=0.1368,=0.1784,=0.2022,=0.3220,=0.5478,=0.0276,=0.7196,=0.0106,=0.0195,=0.0247,=0.0289,=0.0415,=0.0250,=0.0543,=0.0331,=2698
="000683",科创生物,2022-05-09,=0.0018,=989.3800,=-0.0774,=75.4273,=0.0844,=31.4909,=134.5929,=1735.5116,=-214.9081,=97054.3385,=5.9178,=0.6948,=4.0903,=4.9171,=5.4668,=6.3809,=7.9611,=9.0569,=0.1573,=7.6079,=9.2255,=10.2988,=11.4315,=14.1963,=0.0028,=0.1735,=0.0025,=0.0029,=0.0046,=0.0061,=0.0086,=0.0499,=0.0457,=0.0143,=71
="000806",消费服务,2012-02-10,=-0.0026,=7769.7600,=-0.0776,=9.7378,=0.0763,=9.0076,=10.0703,=10.8064,=11.8704,=17.0971,=1.0756,=0.0577,=1.0009,=1.1869,=1.3434,=1.5460,=2.0145,=2.2147,=0.6107,=1.6526,=1.9528,=2.1396,=2.3803,=3.0032,=0.0360,=0.8351,=0.0198,=0.0244,=0.0295,=0.0355,=0.0497,=0.0554,=0.1002,=0.0519,=429
="000018",180金融,2007-12-10,=-0.0016,=5477.8700,=-0.0779,=7.0893,=0.3245,=5.2016,=6.4287,=7.4947,=8.3012,=10.8609,=0.7713,=0.3278,=0.5902,=0.6965,=0.8536,=1.0588,=1.4199,=2.1559,=0.7398,=1.2355,=1.5824,=1.9629,=2.2159,=2.8772,=0.0399,=0.5497,=0.0246,=0.0353,=0.0392,=0.0493,=0.0636,=0.0529,=0.0959,=0.0477,=780
="000818",细分金融,2012-04-11,=-0.0012,=6807.3200,=-0.0781,=7.2214,=0.3245,=5.2356,=6.4974,=7.6781,=8.4810,=10.9951,=0.7835,=0.3233,=0.5930,=0.7010,=0.8705,=1.0809,=1.4303,=2.2151,=0.7452,=1.2689,=1.6354,=2.0039,=2.2666,=2.9111,=0.0391,=0.5823,=0.0239,=0.0331,=0.0375,=0.0471,=0.0625,=0.0528,=0.0956,=0.0477,=12
="1000009",深圳B股,1994-01-10,=0.0015,=1165.9500,=-0.0781,=-301.9298,=0.9658,=6.5509,=10.0230,=16.2476,=23.6782,=61.4680,=0.7248,=0.4804,=0.5585,=0.6590,=0.7312,=0.9146,=1.4530,=0.4492,=0.3439,=0.3544,=0.4194,=0.4752,=0.6120,=1.0969,=0.0355,=0.4272,=0.0205,=0.0269,=0.0369,=0.0449,=0.0610,=0.0192,=0.0018,=0.0195,=205
="000992",全指金融,2011-08-02,=0,=5512.7600,=-0.0794,=7.9150,=0.3777,=5.9310,=7.1022,=8.2585,=9.0288,=11.6339,=0.7889,=0.3056,=0.6188,=0.7234,=0.8899,=1.1403,=1.5107,=2.1029,=0.8054,=1.1568,=1.4432,=1.8064,=2.0958,=2.6668,=0.0374,=0.5790,=0.0229,=0.0327,=0.0361,=0.0437,=0.0581,=0.0497,=0.0846,=0.0444,=2717
="000934",中证金融,2009-07-03,=-0.0006,=5771.2800,=-0.0794,=7.7693,=0.3740,=5.7083,=6.8944,=8.0848,=8.8714,=11.5527,=0.7883,=0.3080,=0.6117,=0.7181,=0.8869,=1.1301,=1.5017,=2.1048,=0.8041,=1.1467,=1.4503,=1.8023,=2.1023,=2.6696,=0.0378,=0.5728,=0.0232,=0.0331,=0.0367,=0.0445,=0.0593,=0.0504,=0.0873,=0.0451,=1161
="HSML25",恒生中国(香港上市)30指数,2003-01-20,=-0.0025,=8707.6800,=-0.0798,=9.1608,=0.5144,=5.7712,=7.9406,=9.1220,=10.2891,=13.0207,=1.0579,=0.4332,=0.7256,=0.9442,=1.0782,=1.2097,=1.5098,=1.6643,=0.7278,=0.9123,=1.1615,=1.4588,=1.7434,=2.4187,=0.0362,=0.4531,=0.0247,=0.0321,=0.0368,=0.0450,=0.0643,=0.0573,=0.1051,=0.0524,=271
="930709",香港证券,2015-07-13,=-0.0244,=1299.5000,=-0.0800,=8.7857,=0.0796,=6.3679,=10.1877,=12.7949,=14.8818,=24.4010,=0.9381,=0.4525,=0.5308,=0.7585,=0.9572,=1.1933,=1.6136,=3.4016,=0.5808,=1.7834,=2.5966,=3.1589,=4.1579,=5.9903,=0.0398,=0.7911,=0.0202,=0.0265,=0.0337,=0.0402,=0.0726,=0.0572,=0.0828,=0.0419,=526
="930662",CS现代农,2015-07-13,=0.0103,=983.0200,=-0.0821,=-179.1749,=0.9212,=13.0417,=20.7199,=28.7968,=61.7056,=301.1137,=2.5316,=0.2271,=1.8555,=2.5018,=2.8281,=3.1371,=4.3308,=1.1024,=0.4363,=0.8273,=1.0164,=1.1564,=1.5467,=2.1026,=0.0158,=0.7567,=0.0046,=0.0099,=0.0129,=0.0167,=0.0291,=-0.0338,=0.0850,=0.0684,=59
="000914",300金融,2007-07-02,=-0.0010,=6162.4700,=-0.0827,=7.5142,=0.3703,=5.2769,=6.6022,=7.8330,=8.6017,=11.3863,=0.7783,=0.3134,=0.5962,=0.7048,=0.8755,=1.1211,=1.4919,=2.0917,=0.7819,=1.1210,=1.4310,=1.8122,=2.1090,=2.7052,=0.0388,=0.5715,=0.0235,=0.0340,=0.0377,=0.0467,=0.0618,=0.0510,=0.0897,=0.0461,=349
="930598",稀土产业,2015-03-02,=-0.0015,=2573.5300,=-0.0831,=28.2967,=0.1670,=21.1133,=29.1285,=39.1495,=68.0439,=235.0768,=2.8237,=0.7056,=1.4810,=1.9699,=2.3148,=3.0438,=4.3047,=1.3404,=0.6408,=0.6656,=0.9718,=1.1868,=1.6367,=2.1457,=0.0132,=0.9971,=0.0025,=0.0048,=0.0069,=0.0095,=0.0135,=0.0742,=0.0883,=0.0460,=755
="980015",疫苗生科,2015-02-16,=0.0152,=5755.0200,=-0.0844,=43.8185,=0.5126,=24.1714,=31.2985,=43.2463,=53.4962,=80.8207,=3.7396,=0.3055,=2.9980,=3.5856,=4.0881,=6.3652,=11.0606,=6.5094,=0.5104,=4.5746,=5.4983,=6.4656,=8.7400,=15.0694,=0.0096,=0.4515,=0.0026,=0.0056,=0.0099,=0.0133,=0.0175,=0.0589,=0.0693,=0.0466,=75
="HSMSI",恒生综合中小型股指数,2015-06-08,=-0.0007,=2692.0800,=-0.0887,=15.0722,=0.7408,=7.2058,=10.0582,=12.4551,=15.6772,=18.8438,=1.0370,=0.5530,=0.6157,=0.7686,=1.0042,=1.2090,=1.4952,=0.7926,=0.6997,=0.4020,=0.5319,=0.6807,=0.8476,=1.0389,=0.0311,=0.4364,=0.0199,=0.0271,=0.0325,=0.0412,=0.0630,,,=0.0371,=161
="399807",高铁产业,2015-01-20,=0.0025,=1125.8900,=-0.0937,=12.5517,=0.4520,=9.4881,=11.2215,=12.7410,=14.7992,=24.3532,=0.7623,=0.0120,=0.7241,=0.9131,=1.0213,=1.4289,=2.3973,=0.3994,=0.3592,=0.3063,=0.3760,=0.4191,=0.4628,=0.6435,=0.0281,=0.8066,=0.0090,=0.0147,=0.0237,=0.0280,=0.0348,=0.0257,=0.0541,=0.0293,=599
="931845",生猪产业,2012-04-11,=-0.0007,=1189.9800,=-0.0940,=-59.0958,=0.9002,=12.7881,=21.1629,=29.0076,=107.9331,=705.7713,=2.8317,=0.1794,=2.2394,=2.8653,=3.4361,=4.0692,=5.7536,=1.0400,=0.2231,=0.8323,=1.0255,=1.6110,=2.1428,=2.8287,=0.0153,=0.3897,=0.0091,=0.0130,=0.0172,=0.0209,=0.0316,=-0.0526,=0.0788,=0.0736,=164
="399959",军工指数,2011-08-30,=0.0212,=1643.6600,=-0.0947,=45.0969,=0.1121,=34.5950,=50.1715,=59.9895,=71.6521,=127.0607,=2.9265,=0.3133,=2.0269,=2.6519,=3.2371,=3.9904,=5.9912,=2.5797,=0.1373,=2.1044,=2.6640,=3.2650,=3.8539,=5.2606,=0.0092,=0.9913,=0.0021,=0.0029,=0.0039,=0.0067,=0.0097,=0.0332,=0.0591,=0.0294,=24
="930707",中证畜牧,2015-07-13,=0.0041,=1992.2100,=-0.0975,=-62.7934,=0.8849,=11.3375,=17.7937,=27.0724,=117.2710,=237.1331,=2.5399,=0.1225,=1.9910,=2.6585,=3.2585,=4.1224,=5.8838,=1.0302,=0.2115,=0.8185,=1.0242,=1.4096,=2.0229,=2.9452,=0.0159,=0.6115,=0.0033,=0.0096,=0.0143,=0.0214,=0.0303,=-0.0462,=0.0829,=0.0714,=1237
="HSCGSI",恒生消费指数,2015-08-17,=-0.0022,=2328.3700,=-0.0980,=14.1225,=0.0049,=13.5420,=17.7142,=20.3482,=46.9799,=191.0166,=2.4134,=0.3572,=1.6557,=2.1737,=2.5823,=3.0646,=4.3429,=1.2674,=0.1938,=0.9965,=1.2719,=1.5540,=1.8502,=2.9413,=0.0456,=0.9919,=0.0097,=0.0178,=0.0253,=0.0324,=0.0488,,=0.1743,=0.0971,=895
="931027",港股通大消费,2017-11-06,=0.0001,=2810.8000,=-0.0992,=23.1077,=0.3853,=14.6383,=20.4764,=25.0031,=51.4252,=105.3721,=2.6375,=0.1073,=2.2514,=2.8391,=3.2285,=4.3033,=9.1499,=1.5401,=0.3133,=1.0973,=1.4425,=1.7486,=2.4736,=5.7985,=0.0216,=0.7294,=0.0056,=0.0114,=0.0178,=0.0229,=0.0323,,=0.1235,=0.0736,=51
="000988",全指工业,2011-08-02,=-0.0044,=3717.3800,=-0.0995,=24.5285,=0.5270,=13.7285,=19.3778,=24.0551,=28.9052,=37.6625,=1.8563,=0.3934,=1.3866,=1.6512,=2.0011,=2.3856,=2.7728,=0.8795,=0.4602,=0.5551,=0.7455,=0.8979,=1.0511,=1.3765,=0.0178,=0.7353,=0.0076,=0.0095,=0.0141,=0.0193,=0.0256,=0.0383,=0.0650,=0.0365,=242
="931946",畜牧养殖,2023-07-28,=0.0022,=677.4200,=-0.1000,=315.4955,=0.9438,=14.8058,=16.7133,=24.8775,=45.2458,=702.5962,=2.6291,=0.3918,=2.1724,=2.5481,=2.6656,=2.7818,=3.1405,=1.0832,=0.4702,=0.8870,=1.0253,=1.0898,=1.1342,=1.2139,=0.0222,=0.2419,=0.0155,=0.0201,=0.0269,=0.0304,=0.0347,=-0.0138,=0.0943,=0.0752,=16
="H30217",医疗器械,2013-07-15,=0.0040,=8830.1800,=-0.1006,=37.7135,=0.4400,=17.1055,=29.5762,=39.3123,=56.2306,=80.6195,=2.6725,=0.0210,=2.4731,=3.2033,=4.7178,=6.5700,=11.6091,=4.7659,=0.0482,=4.1030,=5.3197,=6.0129,=7.9537,=13.3528,=0.0149,=0.7390,=0.0035,=0.0052,=0.0077,=0.0156,=0.0236,=0.0474,=0.0626,=0.0416,=1352
="931456",中国教育,2020-04-21,=0.0033,=1089.2867,=-0.1008,=29.3872,=0.0078,=27.9628,=54.5925,=91.1767,=-138.3720,=28609.2511,=2.7668,=0.4118,=1.5831,=2.4497,=2.9289,=3.7694,=9.7545,=2.6831,=0.1842,=1.7011,=2.7181,=3.3374,=4.6422,=11.2012,=0.0086,=0.6137,=0.0035,=0.0060,=0.0082,=0.0098,=0.0209,,=0.0751,=0.0433,=180
="930641",中证中药,2015-05-19,=0.0111,=8552.8100,=-0.1011,=22.2705,=0.0915,=17.1921,=23.9210,=28.5748,=32.8246,=45.5431,=2.0058,=0.0173,=1.8142,=2.4534,=2.9048,=3.4876,=4.0837,=2.2053,=0.0285,=1.9582,=2.4280,=2.7897,=3.3792,=4.5776,=0.0370,=0.9757,=0.0073,=0.0129,=0.0164,=0.0262,=0.0421,=0.0568,=0.0928,=0.0645,=919
="931672",风电产业,2021-04-29,=0.0099,=1577.8100,=-0.1043,=34.9698,=0.9077,=16.8665,=21.2184,=24.3517,=29.9129,=45.5856,=1.7987,=0.3669,=1.3490,=1.6863,=1.9746,=2.4482,=3.5946,=2.1898,=0.5100,=1.4458,=1.8967,=2.1713,=2.6931,=3.3215,=0.0121,=0.5485,=0.0064,=0.0084,=0.0116,=0.0153,=0.0206,=0.0309,=0.0571,=0.0343,=66
="931487",SHS人工智能50,2020-05-06,=-0.0113,=1970.2800,=-0.1054,=28.5682,=0.3506,=18.6614,=25.7482,=31.7731,=36.9853,=66.0883,=4.7229,=0.5162,=3.0781,=4.0600,=4.6818,=6.2242,=10.5947,=5.4624,=0.5760,=3.3555,=4.5157,=5.2195,=6.7807,=9.5096,=0.0061,=0.5610,=0.0019,=0.0035,=0.0058,=0.0075,=0.0094,,=0.1427,=0.0771,=85
="950096",上海国企,2016-05-11,=0.0047,=1352.9100,=-0.1058,=13.0050,=0.5864,=8.9055,=11.0343,=12.5701,=15.1799,=16.5992,=1.0428,=0.3740,=0.7269,=0.8713,=1.1170,=1.4310,=1.9618,=1.1408,=0.7938,=0.5842,=0.6832,=0.8501,=1.1444,=1.2890,=0.0242,=0.4049,=0.0177,=0.0207,=0.0257,=0.0281,=0.0334,=0.0431,=0.0761,=0.0425,=175
="000930",中证工业,2009-07-03,=-0.0058,=3136.2300,=-0.1058,=21.8831,=0.6289,=13.1747,=16.3715,=20.2819,=23.7790,=30.4087,=1.7363,=0.3823,=1.3752,=1.5614,=1.8486,=2.1187,=2.6342,=0.8303,=0.6792,=0.5311,=0.6373,=0.7618,=0.8868,=1.0502,=0.0195,=0.7579,=0.0090,=0.0114,=0.0161,=0.0203,=0.0262,=0.0386,=0.0679,=0.0368,=326
="H30178",医疗保健,2013-07-15,=0.0053,=12125.0500,=-0.1068,=38.4954,=0.3460,=19.5848,=32.8016,=44.6491,=64.7113,=123.2936,=2.7229,=0.0198,=2.5190,=3.3324,=5.4708,=7.2582,=12.4381,=4.4574,=0.0165,=4.1521,=5.3507,=6.1378,=8.1023,=14.2518,=0.0145,=0.7641,=0.0029,=0.0041,=0.0063,=0.0149,=0.0219,=0.0469,=0.0653,=0.0428,=565
="930902",中证数据,2016-10-18,=-0.0142,=2844.3500,=-0.1080,=83.2409,=0.5459,=37.6891,=57.3558,=79.2314,=121.1137,=366.0842,=3.9646,=0.4753,=2.4001,=3.4312,=4.0038,=4.6631,=5.5171,=2.5914,=0.0728,=2.0473,=2.8736,=3.3600,=4.1497,=7.0542,=0.0043,=0.7522,=0.0020,=0.0030,=0.0036,=0.0047,=0.0091,=0.0218,=0.0339,=0.0109,=254
="000963",中证下游,2010-04-16,=-0.0026,=5093.7000,=-0.1081,=23.3436,=0.3522,=17.2626,=22.2745,=25.2170,=33.1012,=51.0836,=2.2300,=0.0173,=2.0766,=2.5649,=3.0523,=3.4358,=5.6334,=1.4838,=0.0800,=1.2209,=1.6042,=1.7543,=2.0795,=3.4797,=0.0285,=0.9497,=0.0087,=0.0135,=0.0161,=0.0265,=0.0315,=0.0518,=0.0958,=0.0598,=32
="930697",家用电器,2015-07-07,=-0.0081,=11395.6600,=-0.1090,=16.2790,=0.3695,=12.0193,=15.4243,=16.9222,=19.8234,=32.1495,=2.4524,=0.0557,=2.2889,=2.6532,=3.1872,=3.9701,=5.2226,=1.2329,=0.3229,=0.9879,=1.1843,=1.2952,=1.6199,=2.3694,=0.0382,=0.9419,=0.0137,=0.0223,=0.0267,=0.0338,=0.0418,=0.0808,=0.1413,=0.0905,=1754
="H11054",装备产业,2009-07-22,=-0.0056,=2590.6200,=-0.1095,=29.6596,=0.4350,=15.6342,=24.7577,=31.8903,=38.3437,=58.0282,=2.7126,=0.5421,=1.6944,=2.1319,=2.6327,=3.3045,=5.1308,=1.8745,=0.4851,=1.2119,=1.4904,=1.8899,=2.3374,=3.6241,=0.0150,=0.8169,=0.0051,=0.0080,=0.0115,=0.0146,=0.0207,=0.0495,=0.0859,=0.0412,=49
="980028",龙头家电,2015-02-16,=-0.0071,=11195.0300,=-0.1107,=14.3158,=0.4112,=11.8600,=13.7129,=14.5530,=18.3287,=31.1013,=2.4340,=0.0187,=2.2513,=2.6348,=2.8848,=3.6425,=5.1202,=1.2487,=0.3128,=0.9787,=1.2046,=1.3238,=1.4706,=2.2318,=0.0441,=0.9508,=0.0174,=0.0269,=0.0334,=0.0401,=0.0472,=0.0907,=0.1789,=0.1044,=190
="399324",深证红利,2006-01-24,=-0.0114,=8127.3900,=-0.1119,=17.6758,=0.7715,=11.7065,=14.6181,=15.8581,=17.9505,=23.4132,=2.7344,=0.8705,=1.2884,=1.9036,=2.2329,=2.5332,=3.7254,=1.8040,=0.5629,=1.1033,=1.3622,=1.7545,=1.9654,=2.8578,=0.0341,=0.7880,=0.0151,=0.0225,=0.0278,=0.0353,=0.0452,=0.0824,=0.1345,=0.0767,=5237
="399804",中证体育,2015-02-09,=0.0016,=1761.3400,=-0.1120,=23.7659,=0.1151,=17.8349,=25.0713,=30.4794,=43.0424,=84.6918,=2.9061,=0.3353,=2.0588,=2.7255,=3.1692,=3.7547,=5.5714,=2.5196,=0.3505,=1.7235,=2.3137,=2.8234,=3.8895,=7.1775,=0.0219,=0.8841,=0.0037,=0.0075,=0.0124,=0.0205,=0.0296,=0.0759,=0.0922,=0.0536,=308
="399295",创价值,2019-01-23,=-0.0126,=4789.9000,=-0.1124,=32.7497,=0.3862,=20.8863,=27.0287,=39.3941,=56.4620,=73.8741,=6.1940,=0.5549,=3.7254,=4.6165,=5.9020,=8.9834,=11.5385,=4.7015,=0.4327,=2.5684,=3.5020,=5.3487,=9.0915,=12.8251,=0.0123,=0.6777,=0.0033,=0.0050,=0.0075,=0.0150,=0.0218,=0.0987,=0.1758,=0.0858,=612
="931442",SHS科技100,2020-04-21,=-0.0133,=9553.3700,=-0.1124,=18.0660,=0.3837,=11.6240,=15.1292,=19.3666,=24.4661,=40.7731,=2.5659,=0.4678,=1.5813,=1.9776,=2.6293,=3.9782,=6.9092,=1.7120,=0.4722,=1.0913,=1.4396,=1.7544,=2.5276,=5.0819,=0.0157,=0.6021,=0.0042,=0.0091,=0.0138,=0.0221,=0.0322,=0.0674,=0.1222,=0.0731,=34
="931412",证券公司30,2020-02-20,=-0.0059,=1442.8200,=-0.1127,=11.5436,=0,=11.5436,=15.9028,=18.4832,=22.5226,=36.9291,=1.2608,=0.1896,=1.0327,=1.2669,=1.4397,=1.6934,=2.4365,=4.7654,=0.1124,=3.9462,=5.0315,=5.5639,=6.6937,=9.6353,=0.0248,=0.9925,=0.0091,=0.0148,=0.0169,=0.0215,=0.0256,=0.0564,=0.0861,=0.0429,=40
="399975",证券公司,2013-07-15,=-0.0052,=754.4500,=-0.1152,=12.5410,=0,=12.5410,=18.6154,=21.4877,=26.4841,=46.0250,=1.2809,=0.1711,=1.0494,=1.2981,=1.5360,=1.8426,=2.4199,=5.0367,=0.0784,=4.0997,=5.4566,=6.3118,=7.4089,=10.0865,=0.0230,=0.9621,=0.0082,=0.0129,=0.0150,=0.0201,=0.0244,=0.0534,=0.0810,=0.0402,=9914
="399437",证券龙头,2014-12-30,=-0.0049,=6005.7900,=-0.1183,=11.8735,=0,=11.8735,=17.3299,=19.9741,=25.0411,=43.0253,=1.2823,=0.1723,=1.0547,=1.2944,=1.5165,=1.7989,=2.3633,=4.8809,=0.0738,=3.9970,=5.3356,=6.1882,=7.2524,=9.5068,=0.0242,=0.9753,=0.0092,=0.0139,=0.0161,=0.0209,=0.0262,=0.0556,=0.0851,=0.0421,=723
="931139",CS消费50,2019-03-20,=-0.0067,=14055.2000,=-0.1190,=18.1999,=0.2249,=14.9525,=17.9590,=23.7373,=29.9762,=47.8630,=3.2465,=0.0353,=2.8552,=3.9650,=5.3009,=7.0190,=12.5456,=2.1254,=0.0232,=1.9104,=2.5620,=3.0712,=4.4447,=9.1270,=0.0420,=0.9498,=0.0083,=0.0161,=0.0218,=0.0362,=0.0484,=0.0914,=0.1922,=0.1116,=2242
="399994",信息安全,2015-03-12,=-0.0133,=1604.7700,=-0.1197,=50.0809,=0.1377,=35.0629,=52.8789,=67.0359,=85.7906,=183.5630,=3.3818,=0.2115,=2.3256,=3.3600,=3.8506,=4.4534,=6.2767,=2.4444,=0.0198,=2.1829,=2.8482,=3.2284,=3.8075,=5.1182,=0.0137,=0.9633,=0.0023,=0.0036,=0.0059,=0.0097,=0.0172,=0.0356,=0.0539,=0.0210,=95
="931402",证券先锋,2020-01-14,=-0.0039,=1835.1900,=-0.1199,=12.4389,=0,=12.4389,=17.1749,=20.6810,=25.6543,=41.4692,=1.2828,=0.1880,=1.0487,=1.2872,=1.4497,=1.7438,=2.4715,=5.0239,=0.1135,=4.0917,=5.3124,=5.8927,=7.0443,=10.0278,=0.0233,=0.9752,=0.0081,=0.0135,=0.0150,=0.0204,=0.0246,=0.0539,=0.0819,=0.0405,=97
="931371",品牌消费100,2019-11-25,=-0.0033,=5791.0700,=-0.1210,=18.0249,=0.2741,=14.6106,=17.2892,=21.6807,=30.5780,=41.6881,=3.1335,=0.0327,=2.8278,=3.6683,=4.4051,=6.4992,=9.5576,=2.1086,=0.2104,=1.7483,=2.1039,=2.6218,=3.8559,=5.3339,=0.0426,=0.9606,=0.0095,=0.0157,=0.0232,=0.0371,=0.0479,=0.0936,=0.1847,=0.1123,=9
="930608",中证基建,2015-03-31,=0.0100,=7449.2400,=-0.1222,=11.1078,=0.6400,=6.6667,=8.6208,=10.4273,=13.0705,=25.2863,=0.7092,=0.0177,=0.6550,=0.8053,=1.0903,=1.3984,=2.2134,=0.2228,=0.2276,=0.1701,=0.2189,=0.3313,=0.4563,=0.7101,=0.0274,=0.7080,=0.0095,=0.0180,=0.0215,=0.0291,=0.0388,=0.0277,=0.0583,=0.0357,=665
="000069",消费80,2010-05-28,=0.0010,=4308.7600,=-0.1222,=23.0197,=0.3052,=16.4356,=22.3362,=24.9042,=33.0497,=60.5019,=2.9328,=0.0792,=2.4642,=3.1938,=3.5466,=4.8097,=7.6372,=1.7926,=0.4095,=1.0743,=1.5248,=1.9152,=2.7436,=3.8795,=0.0271,=0.9728,=0.0078,=0.0117,=0.0184,=0.0235,=0.0296,=0.0691,=0.1324,=0.0790,=948
="000910",300工业,2007-07-02,=-0.0093,=2218.3000,=-0.1229,=18.9890,=0.5348,=12.1074,=14.2223,=18.6689,=21.6542,=26.7473,=1.5568,=0.2920,=1.2960,=1.5013,=1.7554,=2.0927,=2.8598,=0.7414,=0.5621,=0.4726,=0.5803,=0.7137,=0.8049,=1.0995,=0.0221,=0.7889,=0.0079,=0.0123,=0.0179,=0.0223,=0.0295,=0.0376,=0.0738,=0.0375,=18
="931021",家电龙头,2017-10-17,=-0.0099,=15843.1100,=-0.1230,=15.0844,=0.3928,=11.3343,=14.2804,=15.6950,=19.2061,=31.7589,=2.4941,=0.0832,=2.3641,=2.6231,=3.0359,=3.8931,=5.4650,=1.2215,=0.4575,=0.8457,=1.1193,=1.2346,=1.4790,=2.4102,=0.0406,=0.9492,=0.0135,=0.0213,=0.0286,=0.0361,=0.0436,=0.0887,=0.1676,=0.0980,=41
="000036",上证消费,2009-01-09,=0.0048,=9514.4900,=-0.1232,=20.6992,=0.0586,=17.8817,=22.6335,=31.6716,=40.5919,=69.3963,=4.4573,=0.0990,=3.7240,=5.2318,=6.5399,=9.2057,=14.9810,=4.3180,=0.2577,=1.9092,=4.0797,=4.8722,=7.3411,=10.9001,=0.0382,=0.9753,=0.0071,=0.0114,=0.0158,=0.0309,=0.0429,=0.1234,=0.2393,=0.1442,=2335
="931573",HKC科技,2014-05-21,=-0.0126,=2825.2600,=-0.1287,=25.2281,=0.2780,=18.3272,=24.3259,=28.0958,=39.4441,=82.7075,=2.8073,=0.1291,=2.3269,=2.9564,=3.3255,=4.1585,=10.6583,=1.8604,=0.1340,=1.5041,=1.9631,=2.2841,=3.3136,=8.3359,=0.0101,=0.9738,=0.0015,=0.0040,=0.0065,=0.0088,=0.0111,,=0.1298,=0.0639,=310
="931755",SEEE碳中和,2021-10-21,=0.0008,=1828.0200,=-0.1295,=21.7457,=0.5483,=13.4966,=17.5257,=21.4542,=24.7926,=29.4214,=2.1966,=0.4047,=1.7561,=1.9722,=2.3711,=2.7114,=3.9105,=1.3959,=0.6884,=0.8856,=1.0425,=1.2387,=1.4699,=2.3046,=0.0196,=0.5997,=0.0102,=0.0151,=0.0180,=0.0219,=0.0256,=0.0517,=0.0916,=0.0470,=146
="931783",智能驾驶,2022-02-21,=-0.0082,=1303.3500,=-0.1316,=38.0336,=0.1220,=31.9944,=39.6742,=46.2179,=67.7874,=98.5983,=3.0026,=0.0659,=2.5981,=3.2921,=3.5530,=3.9462,=4.9384,=1.6408,=0.1427,=1.3276,=1.7079,=1.9221,=2.1174,=2.7953,=0.0095,=0.9819,=0.0048,=0.0063,=0.0071,=0.0082,=0.0101,=0.0356,=0.0928,=0.0446,=22
="399971",中证传媒,2014-04-15,=0.0002,=1277.6000,=-0.1322,=33.0859,=0.4177,=18.4593,=27.0874,=34.6003,=43.8921,=90.0483,=2.3320,=0.3497,=1.5359,=2.1284,=2.5423,=3.2008,=5.0691,=2.7498,=0.2755,=1.9674,=2.6246,=3.1507,=4.3949,=6.5893,=0.0186,=0.7134,=0.0038,=0.0091,=0.0130,=0.0206,=0.0294,=0.0458,=0.0602,=0.0413,=6360
="399966",800证保,2012-12-21,=-0.0057,=5730.9600,=-0.1334,=7.6095,=0,=7.6095,=13.4762,=15.9693,=19.7375,=27.1945,=1.2469,=0.1295,=1.0619,=1.2966,=1.5844,=2.0328,=2.4366,=1.6294,=0.3546,=1.1634,=1.5249,=1.7748,=2.0457,=2.5211,=0.0301,=0.9748,=0.0122,=0.0160,=0.0213,=0.0244,=0.0329,=0.0846,=0.1256,=0.0585,=187
="H30588",中证证保,2015-02-02,=-0.0057,=973.0900,=-0.1334,=7.6155,=0,=7.6155,=13.4766,=16.0603,=19.5891,=27.6808,=1.2456,=0.1274,=1.0752,=1.2963,=1.5893,=2.0278,=2.4238,=1.6318,=0.3744,=1.1673,=1.5178,=1.7687,=2.0128,=2.5500,=0.0301,=0.9769,=0.0121,=0.0160,=0.0213,=0.0242,=0.0328,=0.0845,=0.1254,=0.0584,=485
="000827",中证环保,2012-09-25,=-0.0053,=1612.1900,=-0.1349,=29.1084,=0.5443,=14.0379,=21.0113,=28.2441,=35.5499,=50.6551,=2.4583,=0.3765,=1.7878,=2.2200,=2.7802,=3.3836,=5.4589,=2.4920,=0.4272,=1.6068,=2.0649,=2.7070,=3.2326,=6.2202,=0.0184,=0.7493,=0.0061,=0.0097,=0.0149,=0.0192,=0.0249,=0.0444,=0.0761,=0.0386,=6277
="932152",港股通成长策略,2025-04-30,=-0.0048,=1146.0900,=-0.1349,=15.9444,=0.0030,=15.9085,=17.9605,=18.6541,=20.9649,=22.5567,=2.1881,=0.0030,=2.1832,=2.3145,=2.6842,=2.8107,=3.0449,=1.6052,=0.0030,=1.6016,=1.8152,=2.0373,=2.2088,=2.3595,=0.0224,=0.9045,=0.0152,=0.0181,=0.0194,=0.0210,=0.0248,,=0.1344,=0.0741,=13
="399973",中证国防,2014-04-15,=0.0155,=1608.8100,=-0.1350,=66.2930,=0.7237,=28.8580,=43.6048,=54.2028,=71.3859,=99.6638,=3.4173,=0.4309,=2.3880,=3.0104,=3.5503,=4.7796,=7.7047,=3.2003,=0.3946,=1.9566,=2.7338,=3.8014,=4.5351,=7.1179,=0.0062,=0.7612,=0.0024,=0.0036,=0.0047,=0.0064,=0.0100,=0.0233,=0.0535,=0.0273,=648
="931480",线上消费,2020-05-06,=-0.0019,=725.9500,=-0.1369,=47.4266,=0.1895,=33.5813,=47.7454,=64.8612,=96.0260,=132.5169,=3.0412,=0.4718,=1.9483,=2.5257,=3.0738,=3.6809,=5.0305,=3.0874,=0.8456,=1.1811,=1.5076,=1.8390,=2.9450,=4.8094,=0.0114,=0.9364,=0.0051,=0.0066,=0.0085,=0.0099,=0.0133,=0.0419,=0.0458,=0.0308,=80
="931479",证券保险,2020-05-06,=-0.0054,=916.2600,=-0.1378,=7.0524,=0,=7.0524,=11.6179,=13.2974,=15.4418,=21.1012,=1.2184,=0.1983,=1.0296,=1.2203,=1.3676,=1.5576,=2.2844,=1.4879,=0.5237,=1.0318,=1.2784,=1.4722,=1.7790,=2.2879,=0.0321,=0.9488,=0.0162,=0.0225,=0.0251,=0.0290,=0.0357,=0.0884,=0.1317,=0.0613,=61
="000912",300消费,2007-07-02,=-0.0050,=17876.0500,=-0.1383,=23.0445,=0.2276,=17.5697,=22.2495,=28.6958,=38.6920,=71.0374,=3.7269,=0.0445,=3.2494,=4.6699,=6.3986,=8.3233,=13.2137,=2.9535,=0.0924,=1.9809,=3.1977,=4.1912,=5.5033,=9.3193,=0.0403,=0.9670,=0.0078,=0.0128,=0.0188,=0.0297,=0.0471,=0.0878,=0.1878,=0.1192,=791
="930771",CS新能源,2015-12-16,=-0.0004,=2313.4500,=-0.1406,=30.6283,=0.3724,=11.2377,=23.3493,=34.4541,=44.8841,=62.8342,=2.4002,=0.3460,=1.7615,=2.1648,=2.8442,=3.8874,=7.2156,=2.0282,=0.4171,=1.2791,=1.6725,=2.2181,=3.0605,=6.6822,=0.0146,=0.7699,=0.0028,=0.0058,=0.0095,=0.0154,=0.0247,=0.0456,=0.0668,=0.0343,=36
="H30094",消费红利,2013-07-02,=0.0152,=31885.5200,=-0.1415,=19.9691,=0.1682,=16.2060,=20.3808,=27.7746,=33.4547,=59.6542,=3.5744,=0.0252,=3.1510,=4.3764,=5.3356,=6.7479,=11.0368,=4.0669,=0.4021,=2.0635,=3.3518,=4.3055,=5.3148,=8.4259,=0.0438,=0.9753,=0.0123,=0.0178,=0.0223,=0.0353,=0.0491,=0.1060,=0.1905,=0.1131,=2185
="399812",养老产业,2014-06-06,=0.0028,=5435.1200,=-0.1415,=8.8038,=0.0008,=8.7777,=17.4357,=20.2607,=25.3267,=31.4367,=1.7155,=0.0157,=1.5864,=2.0303,=2.7797,=3.2414,=4.2954,=1.3371,=0.0433,=1.2170,=1.4485,=1.6758,=1.8719,=2.5548,=0.0288,=0.9860,=0.0096,=0.0132,=0.0173,=0.0244,=0.0306,=0.0998,=0.1459,=0.0698,=6285
="931574",港股科技,2013-05-21,=-0.0107,=1505.7800,=-0.1423,=24.9875,=0.3593,=16.3025,=22.9026,=26.8321,=42.6648,=59.3282,=2.6253,=0.2743,=1.8790,=2.5324,=2.9390,=3.5706,=8.1693,=1.6094,=0.1538,=1.3201,=1.6729,=1.9641,=2.7933,=5.7490,=0.0110,=0.9200,=0.0011,=0.0031,=0.0071,=0.0100,=0.0126,,=0.1179,=0.0629,=277
="930746",港中小企,2015-08-26,=0.0011,=2300.4100,=-0.1449,=18.3461,=0.7985,=7.8499,=11.1083,=14.2675,=18.3638,=36.0739,=0.9221,=0.3562,=0.6829,=0.8307,=1.0665,=1.2269,=1.6951,=0.6705,=0.4687,=0.3939,=0.5280,=0.6811,=0.8166,=1.1520,=0.0389,=0.6527,=0.0210,=0.0274,=0.0337,=0.0436,=0.0585,,=0.0313,=0.0295,=214
="931454",港股通消费,2020-03-06,=-0.0001,=1315.6500,=-0.1455,=14.0271,=0.0087,=13.3496,=20.2968,=26.7303,=36.1464,=64.7193,=2.3935,=0.0106,=2.2532,=3.1355,=3.6269,=5.0724,=8.9519,=1.2453,=0.0069,=1.1976,=1.9012,=2.3682,=3.5488,=6.6047,=0.0462,=0.9819,=0.0043,=0.0072,=0.0119,=0.0152,=0.0498,,=0.1720,=0.1251,=419
="399266",创新能源,2022-09-29,=-0.0144,=3024.5300,=-0.1464,=24.2854,=0.2998,=16.2861,=20.9676,=27.2498,=33.1297,=48.5339,=3.7143,=0.4078,=2.6837,=3.2261,=3.9577,=4.9342,=6.9087,=2.5262,=0.4371,=1.5028,=1.9551,=2.5959,=3.4783,=4.6740,=0.0162,=0.7579,=0.0024,=0.0067,=0.0124,=0.0167,=0.0211,=0.0806,=0.1508,=0.0745,=7
="930653",CS食品饮,2015-06-05,=0.0029,=12864.9700,=-0.1476,=22.3933,=0.1777,=17.6031,=22.6444,=31.2780,=38.3114,=65.8842,=3.4553,=0.0252,=3.1030,=4.3999,=5.7100,=7.1300,=12.9907,=3.2514,=0.0285,=2.9247,=3.8017,=4.7671,=5.8503,=11.4166,=0.0380,=0.9744,=0.0078,=0.0127,=0.0179,=0.0312,=0.0425,=0.0947,=0.1583,=0.1010,=916
="930875",空天军工,2016-08-17,=0.0133,=2061.2900,=-0.1480,=70.8583,=0.7413,=27.3832,=45.6836,=55.9030,=73.3105,=98.7933,=3.7557,=0.5490,=2.4052,=3.1613,=3.6302,=4.9253,=7.9650,=3.4486,=0.4493,=2.1274,=2.8961,=3.6566,=4.4995,=7.7673,=0.0058,=0.7041,=0.0022,=0.0032,=0.0041,=0.0068,=0.0106,=0.0232,=0.0567,=0.0284,=113
="399809",保险主题,2015-02-13,=-0.0041,=2272.7600,=-0.1481,=7.0860,=0.2577,=5.4537,=6.8114,=10.1208,=15.0245,=22.8725,=0.8182,=0.3493,=0.6352,=0.7647,=1.1979,=1.4858,=1.9794,=2.1010,=0.8874,=0.5239,=0.8688,=1.0970,=1.8028,=2.3772,=0.0394,=0.6614,=0.0120,=0.0209,=0.0307,=0.0488,=0.0686,=0.0540,=0.1015,=0.0485,=1522
="931068",消费龙头,2018-11-21,=-0.0074,=10780.8800,=-0.1491,=17.7999,=0.1654,=15.0591,=18.1563,=22.7280,=29.8384,=44.3922,=3.1847,=0.0248,=2.8729,=4.0933,=4.6859,=6.5460,=10.3805,=2.0169,=0.0529,=1.8019,=2.4957,=3.2420,=4.0742,=7.0508,=0.0394,=0.9582,=0.0085,=0.0161,=0.0212,=0.0335,=0.0451,=0.0920,=0.2083,=0.1127,=2407
="000977",内地低碳,2011-01-21,=-0.0071,=1773.2700,=-0.1493,=27.4962,=0.5274,=13.7595,=20.8967,=26.8104,=35.4182,=50.3864,=2.5329,=0.3315,=1.9264,=2.3844,=2.8677,=3.6471,=6.0727,=2.5713,=0.4103,=1.6847,=2.2202,=2.8115,=3.3634,=6.7765,=0.0197,=0.8124,=0.0061,=0.0100,=0.0159,=0.0194,=0.0258,=0.0463,=0.0823,=0.0416,=397
="399393",国证地产,2012-08-20,=0.0188,=2653.0100,=-0.1497,=-5.7280,=0.9781,=6.3321,=8.5850,=15.6526,=-1271.7703,=115902.4187,=0.8028,=0.1753,=0.5768,=0.8285,=1.0501,=1.6142,=2.5183,=0.6072,=0.4614,=0.3699,=0.5163,=0.6353,=1.0354,=1.7471,=0.0110,=0.0606,=0.0083,=0.0181,=0.0259,=0.0342,=0.0478,=-0.0060,=-0.0767,=-0.0018,=1437
="H30035",300非银,2012-12-21,=-0.0067,=9477.9200,=-0.1502,=7.1498,=0,=7.1498,=12.6380,=15.1277,=19.3219,=26.3489,=1.2328,=0.1241,=1.0544,=1.2928,=1.5984,=2.0372,=2.4387,=1.4984,=0.2821,=1.0410,=1.4185,=1.6922,=1.9694,=2.3917,=0.0315,=0.9711,=0.0124,=0.0164,=0.0222,=0.0260,=0.0352,=0.0873,=0.1294,=0.0605,=1268
="HSSCNE",恒生港股通新经济指数,2018-01-08,=-0.0099,=3650.6100,=-0.1504,=22.9607,=0.3906,=15.8046,=20.8149,=23.9837,=28.3452,=53.5009,=2.6042,=0.3635,=1.7963,=2.2587,=2.8173,=3.4591,=6.9059,=1.8464,=0.3293,=1.4023,=1.7315,=1.9902,=2.5447,=5.3019,=0.0109,=0.5204,=0.0041,=0.0086,=0.0108,=0.0166,=0.0252,,=0.1278,=0.0726,=205
="399368",国证军工,2009-11-04,=0.0119,=7238.2000,=-0.1507,=59.5922,=0.3872,=38.1822,=54.2867,=63.0541,=77.0304,=107.0849,=3.0635,=0.5258,=2.0244,=2.5859,=3.0202,=3.5256,=4.3940,=2.9393,=0.4132,=1.8459,=2.5701,=3.1716,=3.6960,=4.8014,=0.0074,=0.9852,=0.0025,=0.0033,=0.0045,=0.0056,=0.0080,=0.0306,=0.0477,=0.0253,=20
="931663",SHS消费龙头,2015-03-13,=-0.0071,=1725.1300,=-0.1510,=19.1168,=0.1409,=14.4278,=19.9664,=26.4799,=37.1075,=57.5191,=2.8361,=0.0160,=2.5314,=3.4028,=4.3132,=6.1379,=13.5979,=1.7914,=0.1464,=1.3592,=1.8794,=2.3931,=3.4214,=7.5123,=0.0296,=0.9278,=0.0069,=0.0133,=0.0170,=0.0255,=0.0421,=0.0729,=0.1487,=0.0929,=234
="931697",消费50策略,2021-07-12,=-0.0011,=7220.8200,=-0.1513,=19.7866,=0.4073,=16.4104,=18.4790,=20.7538,=31.2002,=38.9422,=2.9300,=0.0375,=2.6840,=3.4949,=3.8497,=5.1852,=7.0736,=1.5960,=0.0527,=1.4635,=1.7402,=1.9141,=2.8396,=3.5305,=0.0356,=0.9473,=0.0120,=0.0158,=0.0244,=0.0319,=0.0403,=0.0733,=0.1608,=0.0948,=65
="000990",全指消费,2011-08-02,=0.0001,=10795.3400,=-0.1520,=25.3836,=0.2569,=18.6483,=23.1095,=30.4428,=39.1217,=75.7240,=3.4702,=0.0276,=3.0373,=4.0640,=4.9947,=6.2867,=9.6579,=2.5775,=0.0899,=2.2209,=2.7731,=3.3220,=4.0947,=6.6514,=0.0367,=0.9649,=0.0082,=0.0125,=0.0158,=0.0293,=0.0432,=0.0754,=0.1676,=0.1071,=3868
="930614",环保50,2015-04-07,=-0.0037,=1947.2300,=-0.1520,=27.4962,=0.5377,=13.7595,=20.5125,=26.8035,=35.1194,=50.3864,=2.5329,=0.3299,=1.9059,=2.3842,=2.8819,=3.6683,=6.0727,=2.5713,=0.3979,=1.6847,=2.2438,=2.8664,=3.3746,=6.6309,=0.0197,=0.7806,=0.0061,=0.0100,=0.0160,=0.0201,=0.0258,=0.0463,=0.0831,=0.0419,=211
="000812",细分机械,2012-04-11,=-0.0119,=6510.9500,=-0.1536,=25.5651,=0.3258,=14.1771,=22.0432,=31.2266,=39.7498,=51.3583,=2.7176,=0.5856,=1.6005,=2.1653,=2.5325,=3.4006,=5.3964,=1.8152,=0.5534,=1.1287,=1.4635,=1.7360,=2.2906,=3.5603,=0.0179,=0.8470,=0.0047,=0.0079,=0.0120,=0.0169,=0.0237,=0.0567,=0.0835,=0.0406,=208
="399286",区块链50,2019-12-24,=-0.0036,=3390.4300,=-0.1538,=16.3204,=0.0701,=13.8844,=17.6710,=20.7204,=28.4534,=40.1853,=1.8913,=0.2171,=1.4262,=1.8695,=2.1109,=2.7220,=3.6332,=1.7670,=0.4108,=1.3177,=1.5935,=1.8320,=2.0878,=2.8188,=0.0265,=0.9545,=0.0072,=0.0097,=0.0148,=0.0234,=0.0319,=0.0587,=0.0903,=0.0516,=158
="931151",光伏产业,2019-04-22,=0.0006,=2413.6400,=-0.1555,=-148.0983,=0.9688,=9.5087,=20.8979,=38.5195,=98.3047,=2491.4939,=1.9753,=0.2567,=1.5562,=1.9292,=2.5889,=4.4562,=6.9801,=1.7933,=0.4883,=0.8897,=1.2516,=1.8197,=3.1595,=5.9137,=0.0086,=0.4810,=0.0030,=0.0055,=0.0089,=0.0197,=0.0300,=0.0009,=0.0012,=0.0032,=2751
="930790",CS娱乐TI,2016-03-22,=0.0032,=1199.6700,=-0.1562,=74.7473,=0.7384,=17.3299,=32.7911,=50.3768,=79.3892,=245.3480,=2.4401,=0.4440,=1.6576,=2.1427,=2.5268,=3.1105,=3.8872,=2.6730,=0.1709,=2.2057,=2.7394,=3.2109,=4.0210,=5.0752,=0.0154,=0.8159,=0.0039,=0.0094,=0.0125,=0.0153,=0.0240,=0.0302,=0.0200,=0.0287,=23
="399396",国证食品,2012-10-29,=0.0005,=14705.3100,=-0.1583,=21.4413,=0.1571,=17.1702,=21.8443,=30.0929,=37.3108,=66.0937,=3.6185,=0.0235,=3.2471,=4.5790,=6.1028,=7.6300,=14.3214,=3.4735,=0.0260,=3.1290,=3.9691,=5.0529,=6.2477,=12.4529,=0.0395,=0.9753,=0.0078,=0.0130,=0.0187,=0.0320,=0.0441,=0.1036,=0.1761,=0.1101,=1621
="399967",中证军工,2013-12-26,=0.0109,=11772.4700,=-0.1598,=61.2625,=0.4214,=41.8350,=54.9002,=64.2270,=96.0205,=139.5543,=3.3426,=0.6210,=2.0425,=2.6005,=3.1758,=3.7711,=4.8699,=3.0623,=0.4631,=2.0545,=2.7207,=3.0979,=4.0092,=5.8225,=0.0068,=0.9600,=0.0021,=0.0030,=0.0039,=0.0054,=0.0081,=0.0315,=0.0501,=0.0263,=6001
="930781",中证影视,2016-02-04,=0.0076,=1419.8800,=-0.1602,=-3167.8699,=0.6367,=16.7066,=43.1495,=213.8587,=-60.8596,=8055.0919,=1.9555,=0.1452,=1.4352,=2.0186,=2.3519,=3.3054,=5.5600,=4.2522,=0.5043,=2.7079,=3.4931,=4.2332,=5.3861,=8.8568,=0.0114,=0.8722,=0.0020,=0.0038,=0.0065,=0.0100,=0.0161,=0.0049,=0.0185,=0.0250,=189
="HSSI",恒生综合小型股指数,2001-10-03,=-0.0017,=1317.4000,=-0.1611,=26.5387,=0.8176,=7.3220,=11.0801,=16.3973,=26.2499,=83.7574,=1.0671,=0.6302,=0.5652,=0.7236,=0.9693,=1.1648,=1.4185,=0.6806,=0.4876,=0.3459,=0.4531,=0.6858,=0.9166,=1.2872,=0.0269,=0.3539,=0.0167,=0.0231,=0.0304,=0.0353,=0.0478,,,=0.0326,=126
="000932",中证消费,2009-07-03,=0,=12775.2300,=-0.1622,=23.6777,=0.2305,=18.2526,=22.5837,=29.2776,=38.6663,=67.7039,=3.5095,=0.0268,=3.0877,=4.2746,=5.3624,=7.0320,=11.1990,=2.7619,=0.0878,=2.0221,=2.9575,=3.5969,=4.6842,=7.7724,=0.0385,=0.9691,=0.0082,=0.0130,=0.0175,=0.0297,=0.0448,=0.0815,=0.1726,=0.1107,=12548
="931775",房地产,2013-07-15,=0.0212,=2498,=-0.1624,=-4.5894,=0.9761,=7.0141,=8.9821,=18.2040,=-27.8850,=1490.8370,=0.8002,=0.1835,=0.5750,=0.8216,=1.0297,=1.5432,=2.4442,=0.6205,=0.4384,=0.3617,=0.5322,=0.6654,=1.0918,=1.7893,=0.0058,=0,=0.0058,=0.0146,=0.0234,=0.0325,=0.0448,=-0.0127,=-0.1024,=-0.0085,=942
="000815",细分食品,2012-04-11,=-0.0011,=15681.6600,=-0.1629,=20.9910,=0.1715,=16.6089,=21.3020,=30.6741,=37.4251,=68.5596,=3.7519,=0.0231,=3.3595,=4.7296,=6.1938,=8.2709,=14.7926,=4.5167,=0.0734,=4.0083,=4.9234,=6.1115,=8.3455,=14.4971,=0.0412,=0.9794,=0.0072,=0.0123,=0.0164,=0.0326,=0.0452,=0.1102,=0.1902,=0.1204,=787
="000807",食品饮料,2012-02-17,=-0.0022,=15292.2000,=-0.1636,=20.7066,=0.1513,=16.7498,=21.2857,=30.4186,=37.6314,=67.1514,=3.8051,=0.0219,=3.4269,=4.7770,=6.2643,=8.2580,=14.6770,=4.4502,=0.1592,=3.6682,=4.5312,=5.6636,=7.6740,=12.7454,=0.0419,=0.9773,=0.0077,=0.0131,=0.0185,=0.0331,=0.0463,=0.1117,=0.1953,=0.1219,=4309
="980027",新能源电池,2015-02-16,=-0.0187,=2824.3500,=-0.1640,=22.3202,=0.2999,=16.8641,=21.1825,=24.9987,=30.4384,=35.7610,=3.5904,=0.5489,=2.5249,=3.0443,=3.4988,=4.4151,=5.0827,=2.3898,=0.4549,=1.4888,=1.9148,=2.4247,=3.2418,=3.8612,=0.0184,=0.7967,=0.0052,=0.0082,=0.0154,=0.0185,=0.0213,=0.0839,=0.1513,=0.0747,=116
="932450",香港现金流,2025-02-28,=0.0025,=1680.8100,=-0.1641,=11.3268,=0.8813,=6.6300,=8.2075,=10.0242,=10.8808,=12.5131,=1.1170,=0.4406,=0.7408,=0.8606,=1.1391,=1.2700,=1.5038,=0.5602,=0.4459,=0.4577,=0.5248,=0.8537,=1.0199,=1.2561,=0.0444,=0.3034,=0.0367,=0.0426,=0.0522,=0.0596,=0.0728,=0.0719,=0.0849,=0.1131,=12
="931798",光伏龙头30,2009-06-16,=-0.0043,=1736.3900,=-0.1657,=29.1926,=0.6388,=8.0886,=17.2411,=24.1376,=37.3690,=66.5518,=2.0192,=0.1893,=1.6869,=2.0278,=2.4217,=4.5878,=8.3847,=2.1849,=0.6515,=0.9999,=1.3519,=1.7242,=3.0761,=5.7040,=0.0120,=0.5571,=0.0027,=0.0059,=0.0112,=0.0206,=0.0351,=0.0348,=0.0745,=0.0451,=203
="000942",内地消费,2009-10-28,=-0.0063,=8528.5400,=-0.1657,=20.6687,=0.4235,=14.4412,=18.7545,=21.7495,=33.3379,=52.6356,=2.5848,=0.0181,=2.3718,=3.1171,=3.6914,=5.0424,=7.7211,=1.4126,=0.1361,=1.1096,=1.4982,=1.7720,=2.5493,=4.1228,=0.0341,=0.9691,=0.0093,=0.0147,=0.0214,=0.0286,=0.0381,=0.0635,=0.1426,=0.0853,=774
="930794",中美互联网,2016-04-22,,,=-0.1684,=19.3145,=0.0038,=19.0388,=27.8465,=32.4687,=38.0931,=50.5410,=5.0738,=0.1118,=3.5920,=5.5692,=6.5716,=7.5414,=9.2259,=4.5262,=0.3556,=2.2940,=3.8795,=4.8597,=5.5740,=7.0802,=0.0027,=0.6321,=0.0004,=0.0006,=0.0017,=0.0033,=0.0053,=0.1918,=0.2425,=0.1282,=438
="931733",绿色能源,2021-08-19,=-0.0061,=4344.4100,=-0.1696,=26.7508,=0.3815,=12.7308,=19.3114,=32.0885,=41.2017,=65.3510,=2.8506,=0.2190,=2.3311,=2.8007,=3.4855,=5.3060,=8.0150,=1.9239,=0.2786,=1.3651,=1.8010,=2.2753,=4.1664,=7.5185,=0.0174,=0.6413,=0.0043,=0.0070,=0.0150,=0.0213,=0.0259,=0.0551,=0.0932,=0.0408,=32
="980022",机器人产业,2015-02-25,=-0.0061,=2198.0800,=-0.1717,=51.1497,=0.7908,=13.7974,=16.6984,=20.5802,=53.2201,=93.9438,=4.1433,=0.5978,=2.5198,=3.0625,=3.6882,=4.8042,=6.2730,=3.5597,=0.7661,=1.0172,=1.2364,=1.4391,=3.9441,=5.9220,=0.0061,=0.2048,=0.0039,=0.0060,=0.0200,=0.0295,=0.0381,=0.0442,=0.0892,=0.0357,=355
="000911",300可选,2007-07-02,=-0.0078,=5472.8300,=-0.1727,=18.4033,=0.5146,=11.4175,=16.2611,=18.2919,=24.5366,=45.8432,=1.8751,=0.0070,=1.7502,=2.2570,=2.5342,=3.0218,=4.4626,=0.8605,=0.0664,=0.7162,=0.9453,=1.0940,=1.3297,=2.0518,=0.0288,=0.9353,=0.0117,=0.0177,=0.0226,=0.0265,=0.0325,=0.0477,=0.1159,=0.0659,=35
="HSSCITI",恒生港股通科技主题指数,2023-07-01,=-0.0171,=2410.6500,=-0.1729,=22.7532,=0.3529,=15.2810,=21.3863,=23.7583,=26.8856,=33.8690,=2.5099,=0.0831,=2.1914,=2.6811,=2.9126,=3.3931,=4.1810,=2.0938,=0.4616,=1.5305,=1.8511,=2.1349,=2.7040,=3.5648,=0.0097,=0.9271,=0.0061,=0.0075,=0.0084,=0.0091,=0.0106,,=0.1204,=0.0697,=88
="000816",细分地产,2012-04-11,=0.0203,=2273.5800,=-0.1737,=-4.1225,=0.9777,=6.1299,=8.3282,=15.7334,=-36.7348,=2488.2259,=0.7443,=0.1480,=0.5599,=0.7986,=1.0289,=1.6046,=2.5676,=0.5416,=0.3831,=0.3390,=0.4917,=0.6021,=1.0123,=1.7076,=0.0049,=0.0058,=0.0044,=0.0173,=0.0275,=0.0358,=0.0516,=-0.0120,=-0.1018,=-0.0072,=11
="980032",新能电池,2015-02-17,=-0.0093,=13006.5500,=-0.1740,=21.3201,=0.1625,=14.3994,=22.4494,=29.9834,=79.6361,=130.4039,=3.2198,=0.1610,=2.4545,=3.3497,=4.2363,=7.6133,=11.8091,=1.7265,=0.2171,=1.1163,=1.6965,=2.2315,=4.8560,=7.8642,=0.0146,=0.7556,=0.0011,=0.0019,=0.0085,=0.0155,=0.0224,=0.0784,=0.1357,=0.0605,=759
="000989",全指可选,2011-08-02,=-0.0048,=4618.9200,=-0.1742,=21.7248,=0.3085,=14.8205,=20.3628,=24.1403,=30.9883,=46.1708,=2.0825,=0.1781,=1.6599,=2.1119,=2.4860,=2.8255,=3.2250,=0.9642,=0.1163,=0.8200,=0.9992,=1.1546,=1.4397,=1.7628,=0.0253,=0.9522,=0.0123,=0.0153,=0.0185,=0.0235,=0.0287,=0.0481,=0.1045,=0.0593,=1314
="932088",全指航空,2023-03-23,=0.0200,=724.6400,=-0.1746,=81.1002,=0.6976,=36.9197,=49.4856,=67.3882,=87.8931,=116.5746,=3.4677,=0.5964,=2.3948,=3.0587,=3.3824,=3.8425,=4.9751,=3.3010,=0.3738,=2.2988,=2.9129,=3.5495,=4.0290,=4.9356,=0.0051,=0.1893,=0.0041,=0.0052,=0.0061,=0.0069,=0.0090,=0.0184,=0.0470,=0.0240,=57
="987008",港股通科技,2021-03-08,,,=-0.1757,=24.3250,=0.2334,=16.3992,=24.0661,=27.0242,=33.5886,=63.8758,=2.4955,=0.0169,=2.3408,=2.9065,=3.3941,=3.9273,=8.4842,=2.0702,=0.0155,=1.9337,=2.5521,=2.9677,=3.8117,=8.7605,=0.0075,=0.8454,=0.0015,=0.0033,=0.0060,=0.0073,=0.0093,=0.0483,=0.1100,=0.0644,=98
="931404",SHS品牌消费50,2020-02-20,=-0.0067,=2225.3000,=-0.1759,=15.9668,=0.0187,=15.2551,=18.1670,=21.4194,=29.7747,=52.1290,=3.7297,=0.0296,=3.2381,=4.5355,=5.2259,=7.2214,=13.2899,=3.1670,=0.1865,=2.1582,=3.1777,=4.0110,=6.3381,=12.0094,=0.0265,=0.8063,=0.0048,=0.0095,=0.0176,=0.0262,=0.0383,=0.1177,=0.2165,=0.1149,=142
="931009",建筑材料,2013-07-15,=0.0091,=5166.1400,=-0.1773,=342.2875,=1,=8.0662,=10.4173,=14.8965,=30.1449,=342.2875,=0.8549,=0.0325,=0.7557,=1.0066,=1.4912,=1.9882,=2.4800,=0.9761,=0.2323,=0.6904,=0.9491,=1.1551,=1.5109,=2.1670,=0.0223,=0.1753,=0.0085,=0.0227,=0.0261,=0.0309,=0.0487,=0.0007,=0.0109,=0.0129,=758
="931239",港股通汽车,2022-07-21,=-0.0082,=1899.3900,=-0.1786,=23.5397,=0.7732,=12.1049,=14.3887,=17.3931,=25.8862,=32.0714,=2.5699,=0.7829,=1.2076,=1.4396,=1.6238,=2.7135,=3.5989,=1.2788,=0.7829,=0.6024,=0.6881,=0.7682,=1.3916,=1.7776,=0.0157,=0.2280,=0.0091,=0.0146,=0.0202,=0.0227,=0.0338,,=0.1153,=0.0447,=54
="931066",军工龙头,2018-02-05,=0.0198,=2836.2800,=-0.1790,=61.9807,=0.8699,=29.1719,=35.0718,=43.1716,=54.6029,=100.5281,=3.2008,=0.2448,=2.2914,=3.1338,=3.6567,=4.5892,=6.9932,=2.9940,=0.3293,=2.1745,=2.8058,=3.4328,=4.1782,=5.8746,=0.0062,=0.1397,=0.0050,=0.0063,=0.0076,=0.0092,=0.0116,=0.0221,=0.0495,=0.0253,=1080
="399412",国证新能,2014-05-16,=-0.0107,=2418.7700,=-0.1830,=28.5785,=0.5612,=13.6858,=20.0843,=25.6999,=40.0619,=66.6027,=2.5843,=0.3814,=1.6349,=2.2652,=2.7201,=3.9698,=7.3016,=1.6837,=0.5439,=0.7993,=1.1878,=1.5813,=2.5873,=5.3757,=0.0151,=0.5006,=0.0032,=0.0058,=0.0151,=0.0184,=0.0274,=0.0454,=0.0862,=0.0441,=365
="HSSCT",恒生港股通中国科技指数,2020-02-01,=-0.0172,=6125.4500,=-0.1834,=22.8093,=0.2809,=15.0039,=21.9715,=24.7072,=31.7993,=55.7647,=2.5001,=0.0959,=1.8368,=2.6291,=3.0076,=4.6125,=8.0840,=2.0970,=0.3485,=1.1354,=1.8450,=2.3163,=3.1871,=6.0217,=0.0096,=0.9262,=0.0020,=0.0040,=0.0071,=0.0089,=0.0108,,=0.1201,=0.0695,=101
="399417",新能源车,2014-09-24,=-0.0118,=3174.5400,=-0.1839,=22.0102,=0.2713,=14.2186,=20.9718,=29.7316,=55.4460,=106.6289,=3.1067,=0.4087,=1.6630,=2.3823,=3.4368,=4.4316,=9.6468,=1.6986,=0.4301,=0.6730,=1.0543,=1.8454,=2.4260,=6.6041,=0.0149,=0.6227,=0.0016,=0.0053,=0.0124,=0.0183,=0.0316,=0.0730,=0.1319,=0.0609,=2444
="399617",深证消费,2011-06-15,=-0.0033,=7535.8000,=-0.1844,=41.5030,=0.8491,=15.3450,=22.1455,=26.4149,=32.3806,=1768.1548,=2.4829,=0.0309,=2.1129,=3.2545,=4.2045,=5.7490,=9.2732,=1.4273,=0.0272,=1.2428,=1.8439,=2.4319,=3.6985,=6.3240,=0.0333,=0.8639,=0.0100,=0.0137,=0.0185,=0.0264,=0.0433,=0.0310,=0.1055,=0.0741,=371
="399808",中证新能,2015-02-10,=-0.0052,=2293.7600,=-0.1852,=30.6283,=0.3604,=11.2377,=23.4990,=35.3755,=45.5148,=62.8342,=2.4002,=0.3348,=1.7615,=2.1712,=2.8899,=3.8504,=7.2277,=2.0282,=0.3926,=1.2791,=1.6778,=2.2358,=3.0254,=6.6822,=0.0146,=0.7773,=0.0029,=0.0058,=0.0092,=0.0152,=0.0247,=0.0456,=0.0668,=0.0343,=1325
="399976",CS新能车,2014-11-28,=-0.0078,=3631.9100,=-0.1868,=22.0510,=0.1827,=13.8890,=22.8214,=33.9462,=62.1175,=231.2544,=3.0182,=0.1753,=2.0896,=3.0895,=3.8273,=6.2213,=11.9870,=1.7146,=0.1612,=0.7703,=1.7948,=2.2888,=4.1916,=9.1824,=0.0135,=0.8008,=0.0014,=0.0031,=0.0075,=0.0134,=0.0276,=0.0742,=0.1248,=0.0561,=2037
="000931",中证可选,2009-07-03,=-0.0073,=5044.8200,=-0.1882,=19.4784,=0.3810,=12.9961,=17.9577,=20.0746,=26.0964,=47.1695,=1.9721,=0.0788,=1.6991,=2.1045,=2.4797,=2.7915,=3.7874,=0.9157,=0.1365,=0.7260,=0.9576,=1.1097,=1.2780,=1.9265,=0.0275,=0.9604,=0.0120,=0.0178,=0.0209,=0.0249,=0.0298,=0.0506,=0.1143,=0.0639,=844
="000941",新能源,2009-10-28,=-0.0119,=2088.1100,=-0.1887,=21.0938,=0.2495,=10.2578,=20.0248,=28.5719,=37.2605,=57.4660,=2.6884,=0.4016,=1.8262,=2.2548,=2.9503,=3.8432,=8.1424,=2.2887,=0.5146,=1.2704,=1.5650,=2.2651,=2.9648,=7.0320,=0.0183,=0.7992,=0.0031,=0.0063,=0.0105,=0.0183,=0.0268,=0.0648,=0.1201,=0.0662,=2481
="399440",国证钢铁,2014-12-30,=0.0172,=1202.3500,=-0.1906,=28.8524,=0.7080,=5.7530,=9.0864,=18.4249,=35.9935,=695.2734,=0.9513,=0.3225,=0.7172,=0.9156,=1.0335,=1.3181,=2.0509,=0.4803,=0.5654,=0.3277,=0.3893,=0.4568,=0.6039,=1.3827,=0.0262,=0.4536,=0.0018,=0.0184,=0.0272,=0.0419,=0.0569,=0.0158,=0.0382,=0.0214,=472
="930997",新能源车,2017-07-19,=-0.0074,=2455.2600,=-0.1917,=22.1373,=0.2644,=14.0460,=20.4874,=31.4113,=70.7437,=171.6022,=3.0237,=0.3306,=1.7502,=2.4324,=3.6226,=6.0019,=11.4567,=1.7212,=0.3284,=0.7652,=1.2139,=2.1310,=3.8749,=8.7389,=0.0135,=0.6432,=0.0014,=0.0031,=0.0109,=0.0182,=0.0289,=0.0745,=0.1243,=0.0560,=1991
="HSTECH",恒生科技指数,2020-07-01,=-0.0161,=4454.8500,=-0.1924,=23.2280,=0.3442,=14.7293,=21.8364,=25.6889,=41.8539,=73.7725,=2.3889,=0.1983,=1.7280,=2.3921,=2.7640,=3.7056,=8.3408,=1.5451,=0.0497,=1.2545,=1.7013,=2.0158,=3.1140,=6.6932,=0.0122,=0.9469,=0.0010,=0.0021,=0.0061,=0.0110,=0.0135,,=0.1207,=0.0688,=7465
="931719",CS电池,2013-07-15,=-0.0123,=3414.9700,=-0.1968,=21.9282,=0.0911,=15.7007,=26.1664,=38.4000,=63.2870,=121.8822,=3.3195,=0.3707,=1.9771,=2.9292,=3.8923,=5.7588,=11.8941,=2.1980,=0.2833,=1.2782,=2.0990,=2.9711,=4.4839,=9.5565,=0.0169,=0.8957,=0.0012,=0.0035,=0.0069,=0.0125,=0.0220,=0.0816,=0.1370,=0.0637,=582
="H11052",智能电车,2009-07-22,=-0.0106,=3395.4400,=-0.2000,=22.7096,=0.1151,=16.1153,=26.0216,=32.7344,=63.3646,=148.6443,=3.1387,=0.1773,=2.6129,=3.1883,=3.8829,=5.5107,=9.7804,=1.5889,=0.1575,=1.2507,=1.6548,=2.0380,=3.2736,=6.6252,=0.0132,=0.8718,=0.0021,=0.0035,=0.0091,=0.0113,=0.0189,=0.0695,=0.1293,=0.0622,=201
="930606",中证钢铁,2015-03-31,=0.0194,=930.4000,=-0.2013,=60.8093,=0.8058,=5.9346,=9.2015,=19.0117,=59.8198,=77593.1899,=0.9669,=0.3278,=0.7076,=0.9197,=1.0454,=1.3246,=2.0450,=0.4604,=0.5216,=0.2931,=0.3819,=0.4519,=0.5975,=1.2948,=0.0246,=0.4375,=0.0018,=0.0168,=0.0255,=0.0409,=0.0542,=0.0104,=0.0221,=0.0166,=779
="932246",储能电池,2022-07-08,=-0.0128,=3842.2500,=-0.2015,=21.3810,=0.1968,=13.3190,=21.5565,=26.3809,=33.1094,=40.1514,=3.3574,=0.5536,=2.3139,=2.6965,=3.2985,=4.4458,=5.1292,=2.2065,=0.3936,=1.3666,=1.7066,=2.3062,=3.2762,=3.7523,=0.0185,=0.6864,=0.0111,=0.0132,=0.0165,=0.0200,=0.0231,=0.0850,=0.1439,=0.0684,=76
="399699",金融科技,2017-06-09,=-0.0090,=3565.3700,=-0.2028,=13.3592,=0.0009,=13.2600,=16.6081,=19.2384,=44.2526,=111.6316,=1.7551,=0.1770,=1.2665,=1.7864,=2.2638,=3.3885,=4.4660,=1.4045,=0.2312,=1.0709,=1.3790,=1.6135,=1.9049,=3.0519,=0.0239,=0.8172,=0.0041,=0.0063,=0.0188,=0.0235,=0.0329,=0.0666,=0.1027,=0.0535,=333
="930901",动漫游戏,2016-10-18,=0.0027,=1685.2600,=-0.2039,=24.7492,=0.0936,=17.2478,=29.1778,=41.7364,=252.5809,=4647.5377,=3.1371,=0.5634,=1.7335,=2.3052,=2.9167,=4.0491,=7.9690,=4.0351,=0.1759,=2.8663,=4.1377,=4.9660,=6.7954,=10.0355,=0.0185,=0.9135,=0.0031,=0.0055,=0.0088,=0.0150,=0.0282,=0.0811,=0.1150,=0.0771,=892
="980018",卫星通信,2015-02-17,=-0.0045,=4251.2400,=-0.2046,=218.2640,=0.8964,=23.6003,=29.0476,=41.0683,=73.6892,=1063.4314,=5.4901,=0.9050,=1.7225,=2.0665,=2.6048,=4.3312,=7.7241,=7.1637,=0.9700,=1.5054,=1.8106,=2.3203,=3.1546,=9.8783,=0.0021,=0.0374,=0.0013,=0.0038,=0.0124,=0.0171,=0.0231,=0.0165,=0.0181,=0.0589,=140
="931357",优选消费50,2019-11-15,=-0.0074,=2379.4300,=-0.2070,=17.3619,=0.0157,=16.0077,=20.2504,=24.5357,=32.8582,=53.0529,=2.6966,=0.0070,=2.5395,=3.6467,=4.3101,=7.1229,=11.6208,=1.6888,=0.0064,=1.5982,=2.2725,=2.6807,=5.1728,=8.8232,=0.0266,=0.9890,=0.0058,=0.0101,=0.0148,=0.0201,=0.0287,=0.0808,=0.1689,=0.0954,=401
="931747",中证储能,2021-10-15,=-0.0137,=6305.2400,=-0.2084,=21.6765,=0.1401,=16.6670,=22.2324,=27.4016,=52.3610,=124.6415,=3.4902,=0.0270,=3.1109,=3.9391,=4.6040,=6.8696,=12.5394,=1.8611,=0.2585,=1.2712,=1.7345,=2.2394,=3.6982,=8.7019,=0.0164,=0.8407,=0.0008,=0.0019,=0.0123,=0.0159,=0.0191,=0.0792,=0.1665,=0.0804,=144
="000692",科创新能,2023-04-03,=-0.0028,=916.0200,=-0.2087,=-46.3187,=0.7635,=13.9124,=19.0491,=147.0715,=-45.1547,=279.8956,=2.1777,=0.4550,=1.4486,=1.8109,=2.2272,=2.7892,=4.0229,=1.3912,=0.4382,=0.8667,=1.1701,=1.4497,=1.8989,=2.6157,=0.0049,=0.1273,=0.0030,=0.0054,=0.0161,=0.0205,=0.0318,=-0.0092,=-0.0642,=-0.0211,=45
="930721",CS智汽车,2015-08-05,=-0.0032,=4571.1400,=-0.2096,=31.8358,=0.0708,=27.2408,=33.7451,=39.3204,=48.7649,=67.2850,=3.0310,=0.0846,=2.5208,=3.2765,=3.8000,=5.3346,=7.3638,=1.1861,=0.0004,=1.1825,=1.4813,=1.8300,=2.6228,=3.8976,=0.0078,=0.5999,=0.0040,=0.0056,=0.0071,=0.0093,=0.0155,=0.0349,=0.1014,=0.0429,=492
="399965",800地产,2012-12-21,=0.0122,=2083.6300,=-0.2107,=-3.0396,=0.9806,=5.5394,=8.0041,=14.1293,=55.9051,=59.7245,=0.5426,=0.0260,=0.4663,=0.6950,=0.9736,=1.5959,=2.5596,=0.3472,=0.0507,=0.2856,=0.4071,=0.5028,=0.9771,=1.6493,=0.0067,=0.0041,=0.0064,=0.0179,=0.0280,=0.0369,=0.0562,=-0.0071,=-0.0854,=0.0004,=207
="931521",高装细分50,2020-07-08,=0.0167,=2621.6900,=-0.2118,=91.6425,=0.7843,=33.8051,=48.6140,=59.7837,=95.9534,=160.3029,=3.7573,=0.3932,=2.5146,=3.4395,=4.0875,=4.9847,=6.8876,=3.9043,=0.2243,=2.7226,=3.8037,=4.3903,=5.0634,=6.7300,=0.0050,=0.3293,=0.0025,=0.0042,=0.0055,=0.0065,=0.0091,=0.0165,=0.0438,=0.0215,=84
="399432",智能汽车,2014-12-30,=-0.0116,=5290.5600,=-0.2203,=21.8886,=0.4095,=12.3799,=17.9246,=24.8906,=66.1739,=131.3343,=3.0524,=0.3938,=1.4019,=2.1767,=3.5046,=6.5272,=11.4939,=1.7599,=0.4384,=0.5888,=0.9103,=1.8988,=4.6106,=8.8483,=0.0145,=0.5377,=0.0016,=0.0032,=0.0133,=0.0241,=0.0377,=0.0724,=0.1377,=0.0637,=23
="000126",消费50,2011-12-09,=-0.0014,=6463.3900,=-0.2226,=20.3615,=0.2058,=15.1608,=20.3033,=22.8715,=32.8709,=57.2206,=2.5652,=0.0404,=2.2360,=3.0009,=3.4010,=4.8666,=7.3797,=1.4269,=0.2940,=0.9155,=1.2904,=1.8266,=2.6426,=3.8011,=0.0351,=0.9794,=0.0091,=0.0134,=0.0211,=0.0279,=0.0382,=0.0674,=0.1407,=0.0845,=96
="399987",中证酒,2014-12-10,=-0.0024,=3884.3200,=-0.2228,=20.2611,=0.1678,=16.5000,=20.7121,=30.5274,=38.5048,=71.4257,=3.8895,=0.0252,=3.3943,=4.9102,=6.4715,=8.9992,=15.9495,=6.2127,=0.1225,=5.0607,=6.4801,=8.3135,=11.8299,=21.4371,=0.0443,=0.9835,=0.0067,=0.0114,=0.0162,=0.0331,=0.0485,=0.1202,=0.2043,=0.1302,=2797
="930601",中证软件,2015-03-10,=-0.0095,=4868.1400,=-0.2258,=98.8261,=0.6874,=29.3378,=51.8564,=79.6202,=128.9417,=302.4908,=4.7195,=0.5229,=2.7207,=3.9641,=4.6659,=5.6273,=7.7270,=5.5818,=0.6680,=2.8007,=4.0731,=4.9558,=6.0289,=8.4600,=0.0068,=0.9394,=0.0026,=0.0037,=0.0044,=0.0054,=0.0101,=0.0141,=0.0385,=0.0050,=416
="H30182",计算机,2013-07-15,=-0.0047,=5925.6000,=-0.2266,=426.0549,=0.8475,=33.2527,=55.4813,=106.1068,=369.3961,=65313.4473,=3.8101,=0.3212,=2.4295,=3.5856,=4.0722,=4.6257,=5.8765,=3.7343,=0.2617,=2.3635,=3.5912,=4.1296,=4.7329,=7.6223,=0.0052,=0.7715,=0.0028,=0.0040,=0.0045,=0.0053,=0.0091,=0.0002,=0.0033,=-0.0020,=62
="931746",储能产业,2015-06-11,=-0.0102,=2855.8800,=-0.2277,=26.0608,=0.3281,=12.7536,=19.8124,=31.7689,=41.2454,=70.6293,=2.8189,=0.2428,=2.2823,=2.7493,=3.3685,=4.9904,=8.8670,=1.8579,=0.4317,=1.1513,=1.5033,=2.0315,=3.1264,=6.6557,=0.0148,=0.6867,=0.0020,=0.0044,=0.0128,=0.0168,=0.0220,=0.0527,=0.0831,=0.0351,=163
="931230",汽车零部件,2013-07-15,=-0.0073,=995.0500,=-0.2303,=26.4013,=0.4678,=18.5338,=23.9347,=26.6284,=30.4008,=34.9965,=2.6874,=0.5446,=1.8462,=2.3018,=2.6349,=3.1533,=3.7531,=1.7001,=0.5432,=1.1819,=1.4665,=1.6780,=1.9994,=2.3775,=0.0152,=0.6447,=0.0115,=0.0128,=0.0143,=0.0158,=0.0198,=0.0479,=0.1141,=0.0560,=56
="H30202",软件指数,2013-07-15,=-0.0080,=11594.4400,=-0.2310,=105.7747,=0.5988,=45.1036,=65.7516,=91.4775,=155.6957,=372.5263,=4.4075,=0.1876,=2.9348,=4.4668,=5.3438,=6.5609,=8.8705,=5.9182,=0.2792,=3.9010,=5.4106,=6.8065,=7.9829,=11.9682,=0.0069,=0.9344,=0.0022,=0.0033,=0.0045,=0.0055,=0.0102,=0.0110,=0.0344,=0.0032,=334
="931481",SHS线上消费,2020-05-06,=-0.0033,=849.6100,=-0.2340,=22.1667,=0.1465,=17.8858,=23.3336,=29.6026,=46.5269,=121.3257,=2.4304,=0.0081,=2.2334,=3.0958,=3.5282,=4.7465,=9.8961,=2.4660,=0.0773,=2.0492,=2.7291,=3.2734,=4.3101,=7.8524,=0.0108,=0.9707,=0.0020,=0.0033,=0.0057,=0.0087,=0.0119,=0.0560,=0.1208,=0.0704,=71
="399805",互联金融,2015-02-10,=-0.0004,=2939.8700,=-0.2362,=8.7756,=0.1014,=7.5943,=9.5172,=11.3166,=13.1553,=16.5816,=0.9660,=0.1307,=0.7644,=1.0295,=1.3784,=1.7104,=2.0317,=1.7361,=0.7332,=1.1667,=1.4082,=1.6145,=1.7935,=2.2636,=0.0350,=0.8532,=0.0145,=0.0187,=0.0238,=0.0340,=0.0507,=0.0550,=0.0940,=0.0508,=340
="930625",SHS互联网,2015-04-21,=-0.0090,=2312.6300,=-0.2382,=22.1821,=0.0431,=18.8995,=26.8175,=34.8563,=49.6043,=84.5605,=2.5004,=0.0055,=2.3016,=3.4422,=4.8825,=6.6165,=9.2961,=2.4881,=0.0040,=2.3041,=3.4190,=4.2764,=5.7779,=8.7946,=0.0100,=0.9858,=0.0016,=0.0028,=0.0036,=0.0070,=0.0110,=0.0575,=0.1241,=0.0701,=342
="931594",卫星产业,2020-12-22,=0.0041,=851.6800,=-0.2456,=173.3610,=0.6946,=44.5603,=96.4968,=131.8648,=230.1700,=428.4930,=4.8472,=0.8765,=2.3588,=3.0593,=3.5476,=4.1324,=7.6413,=6.8552,=0.8462,=3.4655,=4.5456,=5.1789,=6.3765,=11.4514,=0.0034,=0.6022,=0.0023,=0.0027,=0.0032,=0.0051,=0.0086,=0.0156,=0.0317,=0.0195,=205
="899050",北证50,2022-11-21,=-0.0097,=1086.2500,=-0.2459,=41.5145,=0.5119,=15.5447,=18.6821,=40.3761,=62.9068,=91.3357,=3.7301,=0.5390,=2.0170,=2.4420,=3.4213,=4.9486,=5.6723,=3.0307,=0.5130,=1.3969,=1.7325,=2.8962,=4.2369,=5.1557,=0.0091,=0.4046,=0.0062,=0.0076,=0.0112,=0.0146,=0.0185,=0.0473,=0.0857,=-0.0010,=797
="399997",中证白酒,2015-01-21,=-0.0034,=6602.0700,=-0.2466,=20.4185,=0.2062,=16.2418,=20.3279,=29.7049,=37.9971,=71.4432,=4.0990,=0.0264,=3.5435,=5.2056,=7.2708,=9.8068,=17.8607,=7.0925,=0.1555,=5.9830,=7.2855,=9.8399,=13.6521,=24.8964,=0.0449,=0.9810,=0.0066,=0.0115,=0.0169,=0.0337,=0.0495,=0.1224,=0.2121,=0.1334,=7787
="980076",通用航空,2012-12-28,=0.0133,=2786.1900,=-0.2492,=103.7135,=0.6262,=69.9916,=81.7648,=100.7605,=126.2304,=158.1149,=3.5020,=0.4762,=2.7445,=3.2284,=3.5190,=4.0509,=5.1513,=4.1277,=0.2952,=3.4358,=4.0633,=4.2893,=4.8907,=6.3273,=0.0050,=0.4238,=0.0037,=0.0042,=0.0051,=0.0060,=0.0073,=0.0178,=0.0297,=0.0208,=74
="CN5082",国证航天,2015-02-16,,,=-0.2499,=100.6345,=0.7845,=44.4252,=58.7037,=72.9861,=108.5135,=173.9279,=3.6791,=0.5719,=2.1924,=2.8239,=3.3393,=4.2772,=5.7391,=3.7267,=0.6774,=1.9232,=2.5629,=3.3514,=4.0247,=6.0090,=0.0042,=0.6943,=0.0021,=0.0030,=0.0038,=0.0049,=0.0082,=0.0144,=0.0382,=0.0205,=36
="H30015",800汽车,2012-12-21,=-0.0045,=7542.3600,=-0.2504,=24.0946,=0.5608,=11.4503,=15.3886,=22.9126,=31.8612,=45.6288,=1.8103,=0.2198,=1.3220,=1.7478,=2.1670,=2.4572,=3.4622,=0.7687,=0.3592,=0.5106,=0.6736,=0.8470,=1.0480,=1.4573,=0.0164,=0.4738,=0.0097,=0.0134,=0.0167,=0.0285,=0.0411,=0.0306,=0.0922,=0.0460,=197
="930986",金融科技,2017-06-22,=-0.0050,=2325.4400,=-0.2550,=43.9288,=0.2166,=32.2484,=43.1802,=54.6797,=80.9757,=257.1796,=4.1798,=0.2747,=2.5474,=4.0284,=4.6650,=5.8071,=7.7786,=5.7971,=0.6740,=2.9625,=3.8879,=4.7815,=6.9836,=9.8281,=0.0087,=0.9232,=0.0040,=0.0051,=0.0060,=0.0074,=0.0120,=0.0454,=0.0872,=0.0355,=273
="HSIII",恒生互联网科技业指数,2020-07-20,=-0.0100,=2150.1600,=-0.2678,=24.0884,=0.2897,=12.6629,=22.1514,=34.6932,=47.7321,=309808.9839,=2.3483,=0.0931,=1.7026,=2.5403,=3.6818,=6.1191,=8.5704,=1.8303,=0.1024,=1.1940,=1.9795,=2.4108,=3.5799,=5.1261,=0.0101,=0.8163,=0.0015,=0.0029,=0.0054,=0.0099,=0.0133,,=0.1196,=0.0690,=2054
="931646",SHS新消费,2021-04-07,=-0.0057,=1382.2500,=-0.2711,=21.1156,=0.1136,=17.0652,=22.5219,=25.8855,=30.5235,=45.1728,=2.4964,=0.0102,=2.2638,=3.1098,=3.5816,=4.1457,=7.2085,=2.4851,=0.0102,=2.2716,=3.1557,=3.7008,=4.1993,=7.0452,=0.0110,=0.9883,=0.0024,=0.0045,=0.0066,=0.0085,=0.0121,=0.0608,=0.1302,=0.0748,=16
="399983",地产等权,2013-11-22,=0.0162,=1481.8600,=-0.2726,=-1.8084,=0.9901,=5.0058,=7.3313,=10.5555,=47.0723,=75.5023,=0.4188,=0.0227,=0.3690,=0.5866,=1.0597,=1.7550,=2.8135,=0.2535,=0.0318,=0.2174,=0.3494,=0.4560,=0.9036,=1.5710,=0.0053,=0.0239,=0.0037,=0.0217,=0.0322,=0.0412,=0.0629,=-0.0146,=-0.0924,=-0.0024,=1011
="931855",通用航空,2025-04-02,=0.0157,=938.9200,=-0.2729,=99.7129,=0.2800,=76.1514,=96.4643,=103.9818,=114.6535,=148.2866,=3.5797,=0.1343,=3.2007,=3.8159,=4.0926,=4.5645,=5.9420,=4.4716,=0.1200,=4.0348,=4.8064,=6.1600,=6.8448,=8.0546,=0.0053,=0.3114,=0.0042,=0.0050,=0.0058,=0.0062,=0.0073,=0.0177,=0.0445,=0.0255,=15
="930796",全球中国互联网,2016-04-22,=-0.0051,=1578.3978,=-0.2761,=17.3697,=0.0384,=15.1718,=20.7709,=38.8631,=53.5902,=115.7107,=2.1557,=0.0123,=1.8023,=2.6264,=3.9037,=6.8770,=9.6202,=1.8508,=0.0134,=1.5064,=2.2568,=3.6205,=6.2984,=9.5215,=0.0108,=0.9870,=0.0008,=0.0013,=0.0019,=0.0079,=0.0121,,=0.1370,=0.0775,=52
="930633",中证旅游,2015-05-08,=0.0036,=2371.7900,=-0.2856,=-358.9423,=0.6140,=15.8968,=22.0002,=1958.2061,=-51.0196,=11171.4579,=2.0957,=0.1649,=1.6473,=2.1416,=2.3477,=2.8097,=3.6934,=1.0365,=0.0087,=1.0072,=1.3064,=1.5995,=2.5762,=3.7607,=0.0093,=0.7740,=0.0014,=0.0038,=0.0081,=0.0095,=0.0147,=-0.0078,=-0.0128,=0.0008,=636
="H30533",中国互联网50,2014-12-29,=-0.0043,=6692.9053,=-0.2860,=16.8502,=0.0422,=14.4020,=19.9814,=41.0893,=56.9008,=137.0698,=2.0211,=0.0107,=1.7082,=2.5148,=3.8311,=6.7227,=9.7098,=1.7338,=0.0119,=1.4305,=2.1473,=3.7275,=6.4332,=9.1092,=0.0109,=0.9501,=0.0007,=0.0013,=0.0019,=0.0080,=0.0125,,=0.1395,=0.0810,=6890
="H11136",中国互联网,2011-09-20,=-0.0090,=3795.4610,=-0.2881,=20.1827,=0.2282,=14.4387,=19.6914,=42.1868,=57.0149,=137.0698,=2.1921,=0.0341,=1.7247,=2.5189,=3.8508,=6.7410,=9.7098,=1.7597,=0.0088,=1.5020,=2.2156,=3.9362,=6.5160,=9.1092,=0.0107,=0.9171,=0.0007,=0.0013,=0.0019,=0.0087,=0.0132,,=0.1373,=0.0798,=3386
="930604",中国互联网30,2015-03-23,=-0.0050,=7107.6804,=-0.2895,=16.8797,=0.0484,=14.4178,=19.6922,=40.9031,=59.0002,=131.9396,=2.0451,=0.0096,=1.7582,=2.5678,=3.8922,=7.0765,=10.3841,=1.7385,=0.0123,=1.4482,=2.1573,=3.7491,=6.4346,=9.5870,=0.0106,=0.9854,=0.0007,=0.0013,=0.0017,=0.0078,=0.0121,,=0.1381,=0.0817,=660
="HSAIT",恒生人工智能主题指数,2023-09-01,=-0.0281,=3002.1900,=-0.2956,=-67.1866,=0.9622,=13.3665,=18.1586,=20.0091,=22.1136,=33.1012,=5.8632,=0.9541,=1.4634,=1.7658,=2.0989,=2.5287,=9.7315,=13.4669,=0.9892,=1.2708,=1.5082,=1.8528,=2.3356,=14.0202,=0.0006,=0.0013,=0.0005,=0.0170,=0.0192,=0.0214,=0.0235,=0.0726,=0.1059,=0.0635,=65
="931637",港股通互联网,2021-01-11,=-0.0076,=709.4300,=-0.3004,=20.2319,=0.0788,=16.9805,=22.7633,=27.7400,=41.0892,=87.7368,=2.3384,=0.0122,=2.0886,=2.9614,=3.3940,=4.1332,=11.7021,=2.3348,=0.0150,=2.0583,=2.8429,=3.3700,=4.2231,=11.5370,=0.0106,=0.9928,=0.0011,=0.0026,=0.0050,=0.0077,=0.0111,,=0.1267,=0.0732,=303
="931008",汽车指数,2013-07-15,=0.0016,=8336.5200,=-0.3040,=26.3095,=0.5096,=12.0130,=17.5557,=26.1411,=36.0648,=55.3660,=1.8890,=0.2741,=1.1809,=1.5495,=2.2093,=2.4496,=3.4286,=0.7907,=0.3725,=0.4315,=0.5558,=0.8995,=1.0493,=1.4087,=0.0164,=0.5305,=0.0059,=0.0123,=0.0163,=0.0274,=0.0426,=0.0306,=0.0829,=0.0424,=496
="932584",智选港股通红利低波,2026-06-11,=0.0032,=1761.2300,,=6.0269,=0.3279,=5.4952,=5.8097,=6.0902,=6.2094,=6.4396,=0.6371,=0.6721,=0.5613,=0.5934,=0.6269,=0.6430,=0.6578,=0.9527,=0.6557,=0.8443,=0.8926,=0.9421,=0.9628,=0.9893,=0.0564,=0.6557,=0.0530,=0.0546,=0.0559,=0.0584,=0.0621,,,,=18
="1000005",上海非金融A股,1994-01-01,,,,=30.5219,=0.8202,=15.3520,=20.3290,=23.4523,=29.7863,=34.6296,=2.2303,=0.7423,=1.5456,=1.8178,=2.0436,=2.2643,=2.5831,=1.3566,=0.9439,=0.7548,=0.9329,=1.0758,=1.2142,=1.4804,=0.0188,=0.4243,=0.0107,=0.0150,=0.0197,=0.0236,=0.0293,=0.0433,=0.0661,=0.0407,=189
="1000010",上海B股,1994-01-10,,,,=11.3462,=0.0792,=6.8464,=12.5202,=18.2477,=37.2537,=68.1787,=0.9260,=0.2495,=0.7158,=0.9058,=1.0049,=1.2197,=1.7307,=0.6863,=0.7118,=0.3163,=0.4060,=0.5564,=0.7258,=1.2119,=0.0562,=0.9955,=0.0085,=0.0245,=0.0348,=0.0435,=0.2559,,=0.0654,=0.0290,=133
="1000011",A股非金融,1994-01-10,,,,=36.0133,=0.7612,=17.5718,=25.5269,=28.6060,=37.3775,=43.6945,=2.4964,=0.6198,=1.6561,=2.0403,=2.3286,=2.6821,=2.9749,=1.5666,=0.7971,=0.9476,=1.1421,=1.3066,=1.5684,=1.8156,=0.0158,=0.4841,=0.0087,=0.0121,=0.0160,=0.0192,=0.0256,=0.0432,=0.0612,=0.0384,=810
="1000014",科创板全指,2019-07-22,,,,=146.7594,=0.8094,=34.6058,=58.7909,=77.9502,=138.0441,=267.8356,=6.1558,=0.7314,=2.4875,=3.8168,=4.9777,=6.4854,=9.5957,=8.0854,=0.6308,=3.3799,=5.2221,=6.6882,=9.8265,=14.1086,=0.0029,=0.1843,=0,=0.0030,=0.0043,=0.0064,=0.0098,=0.0283,=0.0254,=0.0131,=1305

数据来源于：理杏仁网站(lixinger.com)