指数代码,指数名称,发布时间,涨跌幅,收盘点位,今年以来涨跌幅,PE-TTM(当前值),PE-TTM(分位点%),PE-TTM(最小值),PE-TTM(20%分位点值),PE-TTM(50%分位点值),PE-TTM(80%分位点值),PE-TTM(最大正值),PB(当前值),PB(分位点%),PB(最小值),PB(20%分位点值),PB(50%分位点值),PB(80%分位点值),PB(最大正值),PS-TTM(当前值),PS-TTM(分位点%),PS-TTM(最小值),PS-TTM(20%分位点值),PS-TTM(50%分位点值),PS-TTM(80%分位点值),PS-TTM(最大正值),股息率(当前值),股息率(分位点%),股息率(最小值),股息率(20%分位点值),股息率(50%分位点值),股息率(80%分位点值),股息率(最大正值),净资产收益率(ROE)(2026Q1),净资产收益率(ROE)(2025Q4),净资产收益率(ROE)(2025Q1),关注度
="950125",科创半导体材料设备,2024-07-26,=0.0081,=4381.9447,=1.0397,=239.0439,=0.9316,=70.4245,=117.4082,=132.2206,=167.8069,=348.7588,=12.5170,=0.9437,=2.8469,=4.7886,=5.4288,=7.0117,=17.6268,=27.1142,=0.9477,=7.2923,=10.9751,=12.9666,=15.6707,=37.4011,=0.0009,=0.2777,=0.0006,=0.0008,=0.0013,=0.0016,=0.0028,=0.0075,=0.0371,=0.0094,=143
="931743",半导体材料设备,2012-12-21,=0.0074,=9983.0117,=0.9388,=161.9479,=0.9639,=30.1973,=39.8789,=61.1153,=89.2829,=224.0742,=12.2621,=0.9613,=2.5588,=3.4295,=4.3098,=7.0506,=17.1334,=18.8669,=0.9665,=2.5903,=3.1703,=3.8552,=11.1755,=25.3851,=0.0012,=0.0335,=0.0009,=0.0020,=0.0029,=0.0045,=0.0073,=0.0198,=0.0706,=0.0130,=289
="931865",中证半导,2019-03-20,=0.0024,=8727.9692,=0.7636,=182.2388,=0.9556,=32.8138,=45.7023,=73.8123,=129.0641,=255.0466,=11.5970,=0.9477,=3.3892,=4.1499,=5.2904,=8.5013,=15.8034,=21.4891,=0.9625,=6.4190,=7.7047,=8.7949,=15.1706,=28.9040,=0.0009,=0.0385,=0.0006,=0.0011,=0.0021,=0.0024,=0.0032,=0.0168,=0.0580,=0.0153,=219
="931144",通信技术,2019-05-30,=0.0299,=3886.7860,=0.6695,=79.3569,=0.9543,=22.8153,=30.4694,=37.1109,=52.0547,=113.1406,=11.8227,=0.9777,=2.5671,=3.1131,=3.7343,=4.8128,=15.3977,=7.2201,=0.9737,=1.6428,=2.1082,=2.5010,=3.4187,=9.4991,=0.0028,=0.0274,=0.0021,=0.0043,=0.0065,=0.0100,=0.0166,=0.0432,=0.1354,=0.0299,=257
="000685",科创芯片,2022-06-13,=0.0043,=4071.2900,=0.5578,=234.3882,=0.9615,=42.1555,=70.3641,=119.1255,=181.0139,=335.4323,=11.3202,=0.9606,=3.1235,=4.0895,=5.1776,=7.6910,=15.4697,=23.3328,=0.9655,=7.4796,=10.0758,=12.3013,=15.8294,=31.9311,=0.0007,=0.0325,=0.0005,=0.0011,=0.0015,=0.0021,=0.0026,=0.0152,=0.0415,=0.0074,=507
="H30184",半导体,2013-07-15,=0.0073,=13582.2663,=0.4760,=133.8030,=0.9592,=33.2056,=51.7038,=78.6503,=107.7511,=186.6477,=9.2971,=0.9460,=2.5082,=3.4337,=4.8814,=7.4763,=12.7528,=14.6878,=0.9848,=1.3963,=2.6456,=7.0245,=9.5055,=20.0377,=0.0013,=0.0247,=0.0010,=0.0017,=0.0024,=0.0035,=0.0070,=0.0203,=0.0527,=0.0094,=3393
="932066",半导体行业精选,2023-11-10,=0.0086,=5919.3027,=0.4573,=106.9153,=0.8759,=50.1901,=65.3279,=83.3886,=99.8752,=142.8699,=9.1769,=0.8939,=3.1655,=4.1490,=6.7562,=8.4156,=12.2533,=13.9843,=0.9118,=6.6489,=8.4035,=10.8107,=12.5803,=18.4956,=0.0016,=0.1390,=0.0012,=0.0017,=0.0022,=0.0028,=0.0034,=0.0207,=0.0794,=0.0157,=6
="990001",中华半导体芯片,2019-03-18,=0.0042,=17181.7555,=0.4213,=134.8322,=0.9261,=33.1780,=61.5415,=86.0876,=116.8442,=187.5449,=9.1536,=0.9455,=3.1429,=4.2841,=5.3498,=7.4918,=12.4905,=14.3699,=0.9767,=3.3238,=6.0957,=7.1262,=9.5588,=19.5120,=0.0011,=0.0200,=0.0008,=0.0016,=0.0021,=0.0028,=0.0056,=0.0177,=0.0410,=0.0101,=1384
="931079",5G通信,2019-04-25,=0.0247,=2727.0428,=0.4146,=54.2074,=0.9560,=21.0709,=27.6767,=33.6230,=44.6600,=103.6981,=8.1517,=0.9746,=2.3623,=3.0445,=3.6310,=5.3326,=10.5199,=3.1345,=0.9650,=1.1916,=1.4912,=1.8817,=2.3649,=4.2354,=0.0050,=0.1304,=0.0036,=0.0056,=0.0082,=0.0121,=0.0152,=0.0389,=0.1398,=0.0276,=2284
="H30007",芯片产业,2012-12-20,=0.0051,=4478.6779,=0.4143,=116.2791,=0.8286,=24.2382,=40.3144,=71.4784,=113.3316,=186.5687,=9.2998,=0.9617,=1.9412,=3.6288,=4.5353,=7.2747,=12.9184,=14.0542,=0.9810,=1.5871,=3.6957,=6.5585,=8.3637,=19.5328,=0.0011,=0.0148,=0.0008,=0.0017,=0.0023,=0.0046,=0.0105,=0.0230,=0.0446,=0.0109,=541
="H30318",科技传媒通信150,2014-04-15,=0.0159,=4305.3392,=0.4003,=66.6055,=0.9419,=19.8534,=28.8631,=38.1497,=50.1002,=90.7292,=10.0911,=0.9852,=2.0037,=2.4801,=3.5091,=4.3987,=13.0479,=5.1272,=0.9769,=1.2409,=1.8640,=2.3043,=2.8317,=6.8164,=0.0036,=0.0082,=0.0031,=0.0058,=0.0072,=0.0165,=0.0244,=0.0368,=0.1091,=0.0211,=49
="980017",国证芯片,2015-02-17,=0.0085,=17700.8200,=0.3953,=130.1911,=0.8914,=30.3742,=55.8379,=81.2884,=109.0284,=227.4136,=9.8594,=0.9735,=3.1638,=4.1025,=5.7796,=7.5076,=13.5798,=15.3156,=0.9782,=3.6283,=5.7944,=6.6783,=8.1427,=20.9165,=0.0010,=0.0224,=0.0008,=0.0016,=0.0020,=0.0027,=0.0044,=0.0146,=0.0397,=0.0130,=2618
="000682",科创信息,2021-08-16,=0.0016,=2762.4900,=0.3855,=184.2120,=0.9672,=41.6131,=61.4143,=93.3947,=135.4453,=255.5918,=10.3995,=0.9639,=3.3247,=4.3580,=5.3969,=6.6864,=13.8809,=16.2717,=0.9697,=5.5790,=7.3236,=8.9170,=11.5241,=21.7670,=0.0014,=0.0235,=0.0011,=0.0020,=0.0030,=0.0038,=0.0070,=0.0200,=0.0432,=0.0072,=106
="399363",云科技,2009-08-03,=0.0184,=12787.2100,=0.3686,=37.9582,=0.2756,=25.0041,=36.0533,=41.5864,=48.8137,=74.9161,=4.3246,=0.3416,=3.0187,=3.9515,=4.6503,=5.5540,=10.4646,=2.9416,=0.4722,=1.6015,=2.2265,=3.0509,=3.7085,=4.3826,=0.0135,=0.9683,=0.0046,=0.0055,=0.0070,=0.0104,=0.0160,=0.0491,=0.1469,=0.0254,=287
="931406",5G 50,2020-02-20,=0.0213,=2904.9162,=0.3647,=34.0411,=0.7789,=15.2657,=20.6095,=23.9543,=34.6385,=51.5506,=3.7439,=0.7681,=1.5292,=1.9707,=2.5706,=3.8319,=5.3757,=2.4538,=0.9714,=0.9155,=1.4065,=1.5862,=1.9202,=2.9469,=0.0157,=0.3825,=0.0042,=0.0067,=0.0205,=0.0276,=0.0387,=0.0252,=0.1023,=0.0236,=705
="931160",通信设备,2013-07-15,=0.0346,=20777.0363,=0.3439,=54.6807,=0.7989,=19.3231,=27.7990,=36.6977,=54.8121,=91.1971,=9.3453,=0.9802,=2.1520,=2.8712,=3.4267,=3.9748,=12.1269,=3.1329,=0.9716,=0.9706,=1.2833,=1.5072,=2.4413,=4.3558,=0.0051,=0.1932,=0.0028,=0.0052,=0.0077,=0.0150,=0.0221,=0.0428,=0.1280,=0.0276,=1294
="931688",中证算力,2022-07-21,,,=0.3431,=38.1197,=0.9306,=18.0036,=20.8143,=23.9673,=32.5308,=44.9092,=4.0345,=0.9306,=1.6529,=1.9019,=2.2815,=3.3756,=4.7747,=2.8200,=0.9256,=1.3731,=1.5946,=1.8184,=2.5011,=3.3716,=0.0146,=0.0467,=0.0131,=0.0191,=0.0261,=0.0299,=0.0338,=0.0245,=0.1011,=0.0224,=110
="931087",科技龙头,2019-03-20,=0.0097,=7038.7294,=0.3391,=58.5156,=0.9444,=22.2848,=33.6763,=40.7200,=52.3714,=78.0359,=8.7499,=0.9833,=2.8190,=4.2301,=5.3164,=6.5392,=11.1808,=7.6806,=0.9833,=2.0316,=3.3117,=3.9963,=4.9923,=9.7717,=0.0051,=0.1653,=0.0037,=0.0053,=0.0064,=0.0086,=0.0172,=0.0321,=0.1080,=0.0209,=2100
="931696",科技50策略,2021-07-12,=0.0116,=26887.7021,=0.3348,=52.8395,=0.8787,=23.0047,=27.8555,=34.0231,=47.3099,=71.4621,=8.8107,=0.9410,=3.0567,=3.9252,=4.4886,=7.1507,=11.2899,=4.8345,=0.8981,=1.9010,=2.3681,=2.6859,=4.2704,=6.7093,=0.0049,=0.0178,=0.0042,=0.0064,=0.0097,=0.0121,=0.0167,=0.0396,=0.1271,=0.0285,=14
="931461",电子50,2009-07-22,=0.0069,=7859.2336,=0.3332,=55.8718,=0.8958,=20.3357,=30.2775,=36.3560,=48.8414,=76.5790,=7.2407,=0.9802,=2.5323,=3.1789,=3.6997,=5.3230,=9.2899,=3.4418,=0.8628,=1.1588,=1.7975,=2.0656,=3.1449,=4.5428,=0.0053,=0.0338,=0.0046,=0.0067,=0.0091,=0.0111,=0.0147,=0.0239,=0.0884,=0.0169,=444
="000698",科创100,2023-08-07,=0.0159,=1936.1900,=0.3280,=120.4486,=0.1667,=60.6995,=128.4406,=212.1707,=253.0685,=337.2511,=7.1809,=0.9645,=2.7397,=3.6206,=4.2081,=5.9133,=8.5061,=7.8096,=0.7158,=4.0312,=5.1123,=6.3574,=8.4112,=10.0837,=0.0029,=0.0902,=0.0025,=0.0033,=0.0053,=0.0064,=0.0089,=0.0093,=0.0369,=0.0028,=582
="930652",CS电子,2015-06-05,=0.0053,=12959.0699,=0.3211,=62.8383,=0.9481,=21.2056,=33.8173,=43.2272,=52.7339,=86.1406,=7.2406,=0.9843,=2.2039,=3.1461,=3.6495,=4.8059,=9.3375,=3.8554,=0.9794,=1.4014,=2.0216,=2.3039,=3.0745,=5.0793,=0.0047,=0.0087,=0.0040,=0.0063,=0.0077,=0.0104,=0.0141,=0.0249,=0.0838,=0.0162,=489
="950162",科创芯片设计,2024-07-26,=0.0115,=2450.3139,=0.3171,=200.6832,=0.1066,=161.6128,=223.6362,=264.2147,=382.7765,=687.1301,=14.6959,=0.8853,=4.2582,=7.7205,=9.5402,=13.1693,=20.2102,=23.3647,=0.8974,=8.7765,=14.4791,=17.7494,=21.7027,=32.5243,=0.0013,=0.3038,=0.0010,=0.0012,=0.0015,=0.0018,=0.0029,=0.0309,=0.0713,=0.0107,=67
="000690",科创成长,2022-11-04,=0.0224,=2458.3000,=0.3112,=114.9202,=0.6103,=26.4295,=45.7238,=83.2673,=154.6523,=288.8500,=13.2296,=0.8679,=3.7827,=4.8550,=5.6096,=12.2787,=18.2315,=14.5320,=0.8002,=2.7510,=4.0057,=6.7392,=14.5320,=20.0971,=0.0015,=0.0710,=0.0011,=0.0021,=0.0034,=0.0053,=0.0127,=0.0188,=0.1043,=0.0143,=148
="399296",创成长,2019-01-23,=0.0201,=8162.5500,=0.3097,=42.5227,=0.4629,=22.4911,=30.9696,=43.4394,=63.8807,=104.6935,=9.0930,=0.7074,=3.9463,=4.9422,=7.0827,=10.6903,=14.9802,=5.7953,=0.4907,=2.5417,=3.4732,=5.8317,=11.9065,=17.3385,=0.0072,=0.5988,=0.0016,=0.0027,=0.0061,=0.0105,=0.0200,=0.0584,=0.2040,=0.0396,=1081
="932087",集成电路,2023-03-29,=0.0084,=1480.5720,=0.3073,=131.9542,=0.4884,=46.1239,=100.8882,=132.3704,=152.1449,=195.7770,=8.3053,=0.9231,=3.1405,=3.9134,=5.1834,=7.1968,=11.4486,=13.4974,=0.9145,=5.8347,=7.6568,=9.0892,=12.0311,=18.6728,=0.0014,=0.1868,=0.0010,=0.0014,=0.0018,=0.0022,=0.0029,=0.0203,=0.0481,=0.0079,=54
="931866",中证机床,2022-05-09,=0.0151,=2340.2731,=0.3051,=64.2074,=0.8856,=28.6086,=36.9438,=40.7966,=56.5281,=85.2007,=6.9274,=0.9546,=2.8302,=3.7646,=4.3364,=5.1935,=9.1263,=5.5885,=0.9379,=2.4023,=3.1609,=3.4405,=4.3932,=7.3925,=0.0057,=0.0621,=0.0043,=0.0066,=0.0077,=0.0097,=0.0146,=0.0321,=0.1022,=0.0244,=164
="000936",中证电信,2009-07-03,=0.0284,=12955.8434,=0.3034,=30.6390,=0.5995,=14.1836,=20.2178,=26.5971,=41.2993,=123.1725,=2.8418,=0.8393,=1.2149,=1.7612,=2.3427,=2.7945,=3.6232,=2.7542,=0.9901,=0.7463,=1.0301,=1.2692,=1.8285,=3.0800,=0.0210,=0.5863,=0.0019,=0.0063,=0.0096,=0.0319,=0.0507,=0.0215,=0.0913,=0.0219,=339
="970070",创业板人工智能,2024-07-11,=0.0295,=7719.8500,=0.3019,=69.3004,=0.1614,=48.3861,=71.4282,=80.8994,=93.9003,=119.1606,=12.1618,=0.9016,=3.3467,=5.1391,=6.4779,=10.1687,=15.2749,=9.5871,=0.8622,=3.4016,=4.9884,=6.2285,=9.2707,=12.0918,=0.0034,=0.1476,=0.0027,=0.0035,=0.0052,=0.0066,=0.0096,=0.0381,=0.1206,=0.0167,=238
="931380",科技50,2019-11-25,=0.0014,=4110.2607,=0.3009,=47.6254,=0.5184,=22.4426,=31.3146,=46.3456,=56.5545,=71.9143,=6.1747,=0.6699,=2.7627,=3.8781,=5.4940,=7.3416,=9.9144,=5.3621,=0.7264,=2.1802,=3.0708,=4.1687,=5.6542,=7.7525,=0.0087,=0.7000,=0.0035,=0.0051,=0.0076,=0.0104,=0.0163,=0.0253,=0.0951,=0.0118,=951
="931271",通信设备主题,2012-12-21,=0.0289,=4694.0031,=0.3006,=87.7882,=0.9261,=25.8971,=33.1891,=36.3873,=79.1455,=113.3155,=11.1974,=0.9508,=2.2261,=2.9049,=3.6022,=8.0668,=14.2344,=7.2922,=0.9302,=1.5689,=2.0567,=2.5868,=5.5686,=9.3619,=0.0029,=0.0438,=0.0022,=0.0045,=0.0082,=0.0099,=0.0129,=0.0351,=0.1175,=0.0256,=12
="000858",500信息,2013-11-06,=0.0046,=13606.2400,=0.2911,=111.8273,=0.9580,=25.3805,=43.9766,=64.2576,=90.4924,=209.3531,=6.5499,=0.9856,=2.1626,=2.9041,=3.3886,=3.9462,=8.5146,=7.0695,=0.9872,=1.1229,=1.9074,=2.6879,=3.6512,=9.1355,=0.0029,=0.0128,=0.0022,=0.0044,=0.0059,=0.0072,=0.0110,=0.0212,=0.0505,=0.0070,=353
="000998",中证TMT,2011-11-08,=0.0096,=3781.5465,=0.2860,=43.4954,=0.8010,=18.9989,=27.6163,=34.6676,=43.4862,=58.6698,=4.6925,=0.9419,=1.9674,=2.4618,=3.2924,=4.0158,=5.6742,=3.2924,=0.9827,=1.2505,=1.8092,=2.1806,=2.6414,=3.9991,=0.0110,=0.5670,=0.0048,=0.0067,=0.0092,=0.0185,=0.0284,=0.0233,=0.0900,=0.0196,=567
="000689",科创材料,2022-08-15,=0.0258,=1556.7200,=0.2841,=193.0841,=0.9680,=38.7753,=45.4828,=85.5990,=150.3363,=281.6880,=6.1585,=0.9732,=1.9307,=2.6306,=3.3154,=4.5055,=8.5314,=7.6540,=0.9742,=2.1963,=3.1413,=4.0530,=5.6263,=10.7722,=0.0026,=0.0258,=0.0019,=0.0045,=0.0064,=0.0079,=0.0117,=0.0126,=0.0258,=0.0058,=47
="399389",国证通信,2011-12-02,=0.0340,=10699.6900,=0.2830,=32.9914,=0.3988,=15.1336,=21.7733,=46.6096,=65.1875,=153.7967,=2.9400,=0.7561,=1.3245,=1.8461,=2.4678,=3.0407,=3.8873,=2.8126,=0.9798,=0.9743,=1.4589,=1.6828,=1.9005,=3.2843,=0.0198,=0.6222,=0.0026,=0.0049,=0.0070,=0.0294,=0.0420,=0.0209,=0.0855,=0.0209,=58
="000688",科创50,2020-07-23,=0,=1717.6800,=0.2778,=186.3652,=0.9646,=35.5957,=42.6339,=71.5022,=137.8300,=263.7183,=8.1593,=0.9626,=2.9443,=4.2335,=4.8956,=6.8189,=10.5365,=10.5473,=0.8755,=3.1319,=4.5892,=5.6171,=9.7052,=13.6380,=0.0020,=0.0204,=0.0016,=0.0030,=0.0045,=0.0071,=0.0110,=0.0135,=0.0347,=0.0045,=8217
="000994",全指电信,2011-08-02,=0.0327,=14222.1271,=0.2769,=31.1346,=0.4265,=17.6024,=21.7761,=33.7550,=52.5847,=109.2407,=2.9104,=0.7235,=1.3865,=1.8410,=2.5294,=3.0339,=3.7766,=2.7604,=0.9802,=0.9155,=1.2459,=1.5432,=1.8983,=3.1271,=0.0204,=0.6160,=0.0022,=0.0055,=0.0083,=0.0296,=0.0398,=0.0216,=0.0895,=0.0218,=231
="399610",TMT50,2010-11-08,=0.0108,=12222.4100,=0.2756,=47.0136,=0.8208,=21.0331,=30.1605,=38.0640,=46.4422,=64.7172,=6.9114,=0.9839,=2.4071,=3.2240,=4.0371,=5.1858,=8.4969,=3.6698,=0.7915,=1.5843,=2.0120,=2.7305,=3.6881,=4.8392,=0.0066,=0.2761,=0.0046,=0.0061,=0.0080,=0.0121,=0.0161,=0.0296,=0.1080,=0.0206,=525
="000993",全指信息,2011-08-02,=0.0061,=10816.6100,=0.2745,=66.3749,=0.7581,=27.3163,=42.0292,=52.3654,=68.2593,=96.2351,=7.0201,=0.9843,=2.5265,=3.2907,=4.0177,=4.7054,=8.9424,=4.1349,=0.9131,=1.8009,=2.3376,=2.8258,=3.4670,=5.3826,=0.0048,=0.0898,=0.0039,=0.0053,=0.0064,=0.0084,=0.0117,=0.0221,=0.0751,=0.0134,=4099
="931494",消费电子,2020-06-12,=0.0106,=6476.9067,=0.2734,=58.0758,=0.8971,=20.2625,=32.0897,=38.6998,=52.1505,=77.9188,=6.2355,=0.9646,=2.1307,=2.8224,=3.5253,=5.1074,=7.9404,=2.9566,=0.9479,=1.3000,=1.6492,=1.9865,=2.6166,=3.9249,=0.0051,=0.1197,=0.0040,=0.0058,=0.0083,=0.0109,=0.0138,=0.0228,=0.0807,=0.0166,=231
="000935",中证信息,2009-07-03,=0.0053,=8171.6900,=0.2732,=64.8737,=0.9341,=22.3783,=36.3294,=44.9661,=55.1951,=87.4284,=7.0163,=0.9839,=2.5910,=3.3282,=4.0455,=4.8507,=8.9117,=4.0375,=0.9456,=1.7187,=2.2023,=2.7279,=3.5210,=5.2392,=0.0050,=0.0095,=0.0042,=0.0059,=0.0072,=0.0094,=0.0127,=0.0237,=0.0833,=0.0137,=1126
="980030",消费电子,2015-02-17,=0.0097,=9247.8900,=0.2728,=50.4845,=0.8632,=18.6467,=31.7933,=39.1371,=47.8489,=65.6114,=4.8643,=0.9054,=2.0026,=2.5992,=3.0222,=4.2700,=6.3059,=2.4169,=0.8195,=1.1413,=1.3999,=1.5835,=2.3771,=3.4515,=0.0062,=0.1092,=0.0040,=0.0066,=0.0082,=0.0110,=0.0143,=0.0190,=0.0648,=0.0154,=390
="000915",300信息,2007-07-02,=0.0057,=4117.4738,=0.2667,=56.0150,=0.9271,=20.6178,=34.5626,=39.8330,=48.2251,=75.5831,=7.2096,=0.9810,=2.7398,=3.5399,=4.3492,=5.5068,=9.0762,=3.4760,=0.5859,=1.6744,=2.1697,=3.2119,=4.0679,=4.9963,=0.0057,=0.0783,=0.0049,=0.0061,=0.0076,=0.0100,=0.0144,=0.0247,=0.0971,=0.0166,=21
="980080",成长100,2012-12-28,,,=0.2584,=59.0792,=0.7506,=39.4731,=45.2129,=49.9931,=63.7154,=82.4653,=7.0560,=0.8648,=3.0437,=3.6604,=5.7085,=6.9075,=9.2690,=4.5120,=0.8019,=2.0191,=2.4150,=3.0827,=4.5036,=5.8594,=0.0039,=0.0979,=0.0030,=0.0049,=0.0057,=0.0069,=0.0087,=0.0481,=0.1452,=0.0254,=259
="931165",新兴科技100,2019-04-25,=0.0071,=10696.4883,=0.2569,=51.1999,=0.9628,=17.0055,=23.4243,=29.7048,=40.1557,=67.3989,=10.6679,=0.9769,=3.5721,=4.3420,=5.4847,=7.6341,=13.6689,=9.7601,=0.9735,=3.0368,=3.6581,=4.8616,=6.4312,=12.4159,=0.0061,=0.1343,=0.0047,=0.0067,=0.0091,=0.0150,=0.0264,=0.0515,=0.1919,=0.0378,=520
="000171",新兴成指,2017-01-25,=0.0113,=2313.9464,=0.2541,=35.9974,=0.7960,=15.0335,=20.3702,=24.8895,=36.1698,=63.8139,=5.3633,=0.6835,=2.6324,=3.2903,=4.3666,=6.2869,=10.8185,=4.7076,=0.8426,=1.3680,=2.1206,=2.7944,=4.4495,=8.5894,=0.0115,=0.4373,=0.0042,=0.0072,=0.0126,=0.0195,=0.0271,=0.0336,=0.1371,=0.0326,=208
="930850",智能制造,2016-07-20,=0.0103,=6002.4015,=0.2539,=58.2348,=0.9323,=23.4329,=32.6918,=41.7015,=50.2714,=78.5602,=6.1737,=0.9745,=2.5370,=3.5168,=4.1675,=5.0881,=7.7199,=3.5997,=0.8037,=1.5919,=2.3563,=2.7905,=3.5808,=5.3954,=0.0057,=0.0677,=0.0050,=0.0062,=0.0077,=0.0101,=0.0146,=0.0208,=0.0857,=0.0160,=366
="931071",人工智能,2018-11-21,=0.0130,=2830.1507,=0.2493,=61.5327,=0.8611,=30.9003,=39.8352,=48.7540,=57.3707,=77.4016,=9.2358,=0.9499,=2.9559,=3.9086,=4.7589,=5.9531,=11.5305,=5.5404,=0.9187,=2.2000,=2.8049,=3.2183,=4.1243,=9.3591,=0.0054,=0.2073,=0.0041,=0.0054,=0.0063,=0.0086,=0.0135,=0.0409,=0.1450,=0.0239,=1367
="931643",科创创业50,2021-06-01,=0.0100,=2483.5486,=0.2450,=60.9862,=0.8155,=22.6109,=28.7775,=40.3436,=59.8907,=92.9106,=8.0466,=0.8282,=3.3216,=4.2053,=5.2113,=7.4747,=12.1685,=7.3757,=0.7933,=2.7030,=3.4213,=4.6500,=7.4396,=14.6821,=0.0060,=0.3808,=0.0024,=0.0040,=0.0074,=0.0115,=0.0174,=0.0368,=0.1190,=0.0246,=2019
="CN5075",国证信创,2015-02-16,,,=0.2437,=97.3383,=0.5725,=39.3034,=50.0196,=78.2854,=124.4479,=152.0158,=8.4115,=0.9244,=3.0386,=3.5737,=5.2522,=7.3969,=10.9595,=6.6862,=0.9367,=2.8415,=3.7009,=4.4368,=5.5805,=8.6847,=0.0023,=0.0556,=0.0018,=0.0030,=0.0057,=0.0079,=0.0108,=0.0268,=0.0598,=0.0136,=30
="932456",科创创业AI,2025-05-14,=0.0154,=3605.6954,=0.2393,=98.2502,=0.0324,=91.0567,=109.0751,=116.5068,=134.4663,=192.3777,=13.2213,=0.8091,=6.1464,=7.6483,=10.5742,=13.0121,=17.0303,=13.6037,=0.3042,=9.0747,=11.4832,=14.6576,=15.8216,=18.3647,=0.0020,=0.6278,=0.0016,=0.0017,=0.0019,=0.0024,=0.0030,=0.0437,=0.0985,,=74
="399285",物联网50,2020-02-18,=0.0112,=7827.1700,=0.2391,=41.0914,=0.8563,=21.8675,=26.4474,=31.7516,=38.8389,=48.9860,=5.8570,=0.9238,=2.6765,=3.4150,=4.0480,=5.3340,=6.9158,=3.7248,=0.9646,=1.7407,=2.0224,=2.4595,=3.1393,=4.3982,=0.0112,=0.3496,=0.0076,=0.0096,=0.0121,=0.0148,=0.0214,=0.0353,=0.1364,=0.0304,=94
="000680",科创综指,2025-01-20,=0.0079,=2020.4500,=0.2345,=176.5596,=0.2005,=115.7401,=176.5596,=209.8296,=231.6636,=278.5830,=6.6681,=0.8945,=3.4337,=3.9741,=5.2477,=5.9976,=8.0513,=8.8184,=0.9077,=4.7291,=5.5066,=7.1828,=8.1477,=10.6066,=0.0027,=0.0686,=0.0023,=0.0032,=0.0037,=0.0050,=0.0065,=0.0091,=0.0262,=0.0033,=237
="931159",创新100,2019-05-16,=0.0021,=4190.3497,=0.2322,=40.9028,=0.6563,=24.8309,=32.3418,=36.3134,=46.3280,=59.7307,=5.7043,=0.8398,=2.9189,=3.6989,=4.3893,=5.5674,=7.4325,=4.7320,=0.7722,=2.3351,=3.1735,=3.8109,=4.8727,=6.6085,=0.0093,=0.5676,=0.0044,=0.0062,=0.0089,=0.0126,=0.0177,=0.0278,=0.1244,=0.0278,=234
="399667",创业成长,2013-01-07,=0.0150,=6778.4400,=0.2265,=37.6170,=0.4545,=21.3636,=29.5830,=38.4504,=51.7989,=90.9628,=7.0579,=0.7701,=2.9224,=4.0916,=4.8762,=7.5404,=10.8589,=5.5353,=0.6617,=2.4713,=3.4035,=4.6759,=6.7312,=10.3001,=0.0088,=0.7371,=0.0027,=0.0042,=0.0063,=0.0096,=0.0182,=0.0481,=0.1635,=0.0355,=99
="H30535",互联网,2015-01-12,=0.0219,=5931.5702,=0.2232,=51.4335,=0.8513,=14.4753,=21.1193,=36.3300,=48.8796,=67.6316,=7.3356,=0.9852,=1.7453,=2.4476,=3.2798,=4.0898,=9.0569,=4.2628,=0.9778,=1.1519,=1.6628,=2.0066,=2.8878,=5.2637,=0.0061,=0.0651,=0.0048,=0.0074,=0.0108,=0.0121,=0.0190,=0.0359,=0.1165,=0.0168,=29
="399326",成长40,2006-01-24,=0.0140,=7740.8300,=0.2158,=31.2635,=0.7219,=11.4413,=22.5069,=27.7103,=33.2868,=67.8360,=6.3569,=0.7796,=2.3502,=3.7081,=4.7255,=6.5154,=10.3842,=3.7804,=0.7227,=1.6605,=2.3239,=3.0575,=3.9346,=5.1844,=0.0100,=0.5583,=0.0046,=0.0073,=0.0096,=0.0135,=0.0218,=0.0646,=0.2161,=0.0378,=275
="931579",东证优势成长,2020-11-09,=0.0143,=9243.9626,=0.2112,=29.8655,=0.7848,=7.9327,=14.3005,=19.2452,=30.4916,=61.0103,=6.0139,=0.8142,=0.9149,=2.6159,=3.4479,=5.9243,=9.3390,=4.3831,=0.8985,=1.1828,=2.0615,=2.3979,=3.6717,=6.0793,=0.0116,=0.3753,=0.0040,=0.0071,=0.0152,=0.0286,=0.0527,=0.0548,=0.1983,=0.0468,=151
="399998",中证煤炭,2015-02-13,=0.0173,=2380.9900,=0.2076,=21.5542,=0.9184,=5.7123,=8.6087,=10.6443,=15.5378,=324.9063,=1.7605,=0.9534,=0.8179,=1.1204,=1.3747,=1.6116,=2.0135,=1.9256,=0.9798,=0.6732,=0.9175,=1.1221,=1.4635,=2.2100,=0.0312,=0.0820,=0.0074,=0.0368,=0.0547,=0.0638,=0.1003,=0.0229,=0.0912,=0.0239,=2119
="932038",央企科技引领,2022-11-16,=0.0099,=1806.8311,=0.2073,=79.1395,=0.8249,=31.0707,=37.8751,=45.2049,=77.6798,=100.6860,=5.3201,=0.8601,=2.7684,=3.4902,=3.9908,=4.9573,=6.8336,=5.8689,=0.8711,=2.3932,=3.1668,=3.9427,=5.4522,=7.0751,=0.0054,=0.0947,=0.0042,=0.0062,=0.0084,=0.0108,=0.0151,=0.0105,=0.0636,=0.0096,=43
="931718",高端造质量成长50,2021-08-25,=0.0047,=3487.6766,=0.2069,=39.7895,=0.8637,=16.3078,=22.1325,=28.9691,=36.9808,=49.4696,=6.9634,=0.8903,=3.1255,=3.9426,=4.8646,=6.0410,=8.5001,=4.6683,=0.9277,=1.7207,=2.2521,=3.0023,=3.8275,=5.6653,=0.0092,=0.3815,=0.0046,=0.0066,=0.0109,=0.0150,=0.0205,=0.0328,=0.1450,=0.0326,=30
="931582",数字经济,2020-11-09,=0.0040,=1778.1520,=0.2044,=66.0510,=0.7813,=35.0365,=44.0060,=50.3946,=66.7978,=88.8203,=7.7520,=0.9285,=3.4564,=4.9270,=5.6900,=6.6879,=9.8458,=7.1672,=0.7298,=2.4970,=3.9556,=5.8840,=7.6683,=11.8341,=0.0042,=0.0822,=0.0032,=0.0047,=0.0057,=0.0066,=0.0087,=0.0236,=0.0954,=0.0158,=191
="399990",煤炭等权,2015-01-21,=0.0107,=3455.7000,=0.2031,=21.5542,=0.9184,=5.7123,=8.6087,=10.6443,=15.5378,=324.9063,=1.7605,=0.9534,=0.8179,=1.1204,=1.3747,=1.6116,=2.0135,=1.9256,=0.9798,=0.6732,=0.9175,=1.1221,=1.4635,=2.2100,=0.0312,=0.0820,=0.0074,=0.0368,=0.0547,=0.0638,=0.1003,=0.0229,=0.0912,=0.0239,=242
="950333",智选创新价值,2024-09-25,=0.0112,=2729.4609,=0.2010,=568.1681,=0.3772,=62.6254,=109.3572,=-8436.2257,=-357.9818,=5158.8110,=4.3447,=0.9452,=1.6564,=2.1641,=2.5977,=3.0706,=5.3226,=5.4985,=0.9496,=1.6015,=2.1357,=2.7089,=3.0921,=6.7566,=0.0024,=0.0504,=0.0019,=0.0056,=0.0069,=0.0103,=0.0136,=-0.0002,=-0.0164,=-0.0030,=16
="930713",CS人工智,2015-07-31,=0.0090,=6341.0618,=0.2005,=59.4611,=0.7042,=24.8131,=43.8200,=53.2886,=62.4953,=90.1869,=8.5023,=0.9778,=2.8384,=3.9100,=4.7032,=5.4142,=10.4087,=5.0543,=0.9473,=2.3148,=3.1674,=3.7883,=4.3128,=6.3979,=0.0057,=0.3964,=0.0041,=0.0050,=0.0061,=0.0078,=0.0120,=0.0330,=0.1245,=0.0172,=1073
=".NDX",纳斯达克100指数,1969-12-31,,,=0.1915,,,,,,,,,,,,,,,,,,,,,,,,,,,,,,,=0.0751,=4653
="000699",科创200,2024-08-20,=0.0161,=1571.5900,=0.1909,=159.5269,=0.1354,=128.9087,=175.8422,=234.0393,=309.9925,=388.1174,=4.5059,=0.7625,=1.9770,=3.0282,=3.9379,=4.8727,=5.6874,=6.6973,=0.6542,=3.3605,=5.1296,=6.1455,=7.4817,=8.4376,=0.0045,=0.3292,=0.0033,=0.0040,=0.0050,=0.0067,=0.0100,=0.0066,=0.0165,=0.0029,=152
="930719",CS精准医,2015-08-05,=-0.0081,=3158.0619,=0.1880,=41.7383,=0.2906,=29.3195,=37.8642,=51.9470,=66.8232,=102.1078,=5.1532,=0.3511,=3.4982,=4.5540,=5.9823,=8.9457,=14.5104,=7.6439,=0.5372,=5.1956,=6.1907,=7.4083,=10.5930,=18.8625,=0.0069,=0.5117,=0.0022,=0.0041,=0.0068,=0.0105,=0.0164,=0.0301,=0.1091,=0.0230,=346
="000958",创业成长,2010-03-24,,,=0.1837,=46.4490,=0.9749,=11.9506,=17.5032,=24.3359,=30.6936,=61.3903,=11.4697,=0.9897,=2.6815,=3.7899,=5.1716,=6.4002,=14.5711,=6.1392,=0.9819,=1.2937,=1.9105,=2.5452,=3.9752,=7.7463,=0.0053,=0.0527,=0.0040,=0.0066,=0.0089,=0.0140,=0.0209,=0.0493,=0.2198,=0.0640,=670
="931785",智选沪深港科技50,2025-06-27,=0.0005,=2819.6440,=0.1824,=46.8039,=0.8741,=31.7791,=35.2923,=37.3108,=40.8786,=55.2390,=5.3068,=0.7098,=3.8679,=4.3960,=4.8322,=5.4533,=6.1942,=3.4849,=0.7832,=2.2695,=2.6228,=3.0261,=3.5042,=4.0650,=0.0055,=0.1224,=0.0046,=0.0072,=0.0078,=0.0090,=0.0100,,,,=12
="931248",油气资源,2023-06-12,=0.0066,=1078.2324,=0.1800,=14.2320,=0.8706,=8.9017,=10.2382,=11.3578,=13.2256,=19.0700,=1.3705,=0.8131,=1.0292,=1.1530,=1.2255,=1.3650,=1.8318,=0.7479,=0.8719,=0.4486,=0.5166,=0.5943,=0.6808,=0.9774,=0.0354,=0.1137,=0.0285,=0.0393,=0.0459,=0.0497,=0.0548,=0.0301,=0.0906,=0.0280,=54
="399970",移动互联,2014-05-05,=0.0049,=5238.9400,=0.1744,=50.0682,=0.8125,=21.2604,=32.0602,=40.2173,=49.4338,=64.0807,=5.3597,=0.7421,=2.3944,=3.2977,=4.0684,=5.7108,=7.9573,=2.9104,=0.6815,=1.5790,=2.0679,=2.5540,=3.2668,=4.6665,=0.0068,=0.3276,=0.0043,=0.0058,=0.0082,=0.0107,=0.0143,=0.0246,=0.0808,=0.0175,=472
="HSSSHID",恒生沪深港创新药精选50指数,2020-03-01,=-0.0192,=8797.2300,=0.1734,=36.5550,=0.5404,=23.4861,=29.5545,=35.4747,=51.5916,=94.0285,=4.4033,=0.6701,=2.0729,=2.8197,=3.7536,=6.3385,=8.4497,=6.3502,=0.8654,=1.3432,=1.8989,=3.6873,=5.9847,=8.1459,=0.0079,=0.3641,=0.0033,=0.0050,=0.0088,=0.0120,=0.0157,,=0.1192,,=293
="930599",中证高装,2015-03-02,=0.0077,=9868.5133,=0.1708,=46.1193,=0.8158,=19.5438,=27.7467,=34.6700,=45.3515,=65.7817,=4.6429,=0.9815,=1.8509,=2.5592,=3.1132,=3.7416,=5.5770,=2.5951,=0.9147,=1.2322,=1.6106,=1.9498,=2.4252,=3.1551,=0.0081,=0.3918,=0.0049,=0.0067,=0.0092,=0.0120,=0.0171,=0.0227,=0.0865,=0.0192,=122
="399803",工业4.0,2015-02-13,=0.0063,=6293.4400,=0.1699,=41.8287,=0.6481,=19.7294,=27.9595,=36.1911,=46.9573,=61.8732,=5.1480,=0.7116,=2.6645,=3.4308,=4.3469,=5.6549,=8.0266,=2.3736,=0.4314,=1.5023,=2.0108,=2.5212,=3.2253,=4.7574,=0.0080,=0.4388,=0.0032,=0.0062,=0.0088,=0.0123,=0.0202,=0.0258,=0.1072,=0.0218,=489
="930820",CS高端制,2016-05-11,=0.0067,=9784.8705,=0.1557,=48.1293,=0.9114,=21.5994,=28.9923,=36.5779,=43.5945,=58.8118,=4.4409,=0.9192,=2.0597,=2.7148,=3.1889,=3.9124,=5.2414,=2.8192,=0.9534,=1.1980,=1.7166,=2.0514,=2.4956,=3.3599,=0.0081,=0.1937,=0.0055,=0.0081,=0.0098,=0.0124,=0.0171,=0.0220,=0.0816,=0.0186,=318
="000962",中证中游,2010-04-16,,,=0.1544,=35.4547,=0.9543,=12.7529,=17.3536,=20.1671,=27.3195,=43.3218,=3.4659,=0.9843,=1.5782,=1.9009,=2.2517,=2.6096,=4.0998,=1.6897,=0.9815,=0.6672,=0.8352,=0.9908,=1.1422,=2.0187,=0.0106,=0.1953,=0.0081,=0.0107,=0.0151,=0.0183,=0.0221,=0.0222,=0.0826,=0.0192,=17
="931994",电网设备主题,2022-10-11,=0.0121,=2899.6744,=0.1493,=32.4940,=0.8672,=15.6741,=20.2237,=23.0043,=29.0398,=44.9431,=3.1660,=0.8715,=1.9713,=2.2956,=2.4656,=2.8413,=4.2080,=2.1432,=0.8758,=1.2895,=1.4794,=1.6124,=1.8433,=2.7882,=0.0115,=0.2452,=0.0088,=0.0111,=0.0134,=0.0165,=0.0189,=0.0214,=0.0975,=0.0200,=301
="931186",中证科技,2019-05-30,=0.0010,=7690.7073,=0.1490,=36.1309,=0.4897,=19.1938,=30.4442,=36.2917,=46.5892,=73.9401,=4.9036,=0.6331,=2.6301,=3.6182,=4.5727,=6.3372,=8.1242,=2.9741,=0.5594,=1.4264,=2.0958,=2.7932,=4.5287,=6.0737,=0.0107,=0.6623,=0.0037,=0.0054,=0.0085,=0.0128,=0.0201,=0.0291,=0.1226,=0.0174,=963
="000928",中证能源,2009-07-03,=0.0158,=3383.4000,=0.1482,=14.7294,=0.6259,=6.9612,=9.7906,=13.1496,=19.4471,=68.9647,=1.4345,=0.9250,=0.7281,=0.9359,=1.1559,=1.3031,=1.8006,=0.8668,=0.9642,=0.3162,=0.4106,=0.5305,=0.7105,=1.0383,=0.0368,=0.2101,=0.0106,=0.0365,=0.0464,=0.0557,=0.0717,=0.0289,=0.0960,=0.0282,=1296
="399364",消费100,2009-08-03,=0.0069,=12381.2000,=0.1470,=37.7996,=0.8661,=15.8540,=22.6543,=26.8403,=34.7702,=49.3766,=5.2937,=0.8295,=2.6561,=3.3004,=3.7755,=4.8139,=7.3266,=2.6128,=0.8138,=1.3127,=1.6726,=1.9186,=2.5324,=4.2956,=0.0119,=0.2319,=0.0070,=0.0116,=0.0160,=0.0191,=0.0241,=0.0306,=0.1191,=0.0345,=317
="H30198",油气产业,2013-07-15,=0.0066,=2414.4234,=0.1462,=14.7989,=0.5152,=7.8064,=10.8867,=14.1768,=25.3829,=104.2111,=1.4762,=0.9619,=0.6580,=0.8182,=1.1510,=1.2659,=1.8532,=0.7800,=0.9683,=0.2505,=0.3227,=0.4833,=0.5944,=0.9554,=0.0327,=0.1724,=0.0103,=0.0349,=0.0426,=0.0469,=0.0704,=0.0307,=0.0868,=0.0269,=120
="931469",云计算50,2020-06-12,=0.0214,=4245.0862,=0.1461,=71.4254,=0.5705,=43.1726,=58.4572,=68.7136,=81.7747,=130.8911,=9.8225,=0.9646,=3.0031,=3.8862,=5.1272,=6.3564,=11.7205,=5.4218,=0.9593,=2.2186,=2.8749,=3.5353,=4.3076,=6.4913,=0.0025,=0.0234,=0.0021,=0.0033,=0.0043,=0.0056,=0.0085,=0.0385,=0.1212,=0.0175,=65
="HSHK35",恒生香港35,2003-01-20,=-0.0115,=3266.7900,=0.1445,=15.8386,=0.6334,=9.7413,=12.2286,=14.4391,=17.6560,=47.6465,=1.3379,=0.9911,=0.7649,=0.9602,=1.1009,=1.2362,=1.3756,=3.4865,=0.9330,=2.1814,=2.5967,=2.9057,=3.1948,=3.7366,=0.0362,=0.2923,=0.0206,=0.0332,=0.0389,=0.0462,=0.0628,,,,=115
="000986",全指能源,2011-08-02,=0.0133,=2671.1300,=0.1443,=15.3298,=0.6407,=6.8032,=9.9968,=13.3530,=19.3340,=75.0146,=1.4374,=0.9312,=0.7554,=0.9688,=1.1784,=1.3188,=1.7977,=0.8817,=0.9646,=0.3323,=0.4459,=0.5658,=0.7310,=1.0524,=0.0357,=0.2233,=0.0098,=0.0346,=0.0439,=0.0544,=0.0769,=0.0281,=0.0918,=0.0274,=608
="399374",中盘成长,2010-01-04,=0.0088,=5228.9500,=0.1438,=30.3292,=0.9732,=12.0664,=16.7038,=22.9723,=27.5784,=34.9289,=4.1179,=0.9604,=1.8942,=2.4100,=3.1271,=3.6325,=4.6865,=2.6800,=0.8941,=0.9013,=1.6610,=2.2047,=2.4841,=3.0605,=0.0120,=0.3581,=0.0084,=0.0109,=0.0145,=0.0210,=0.0349,=0.0366,=0.1248,=0.0238,=204
="930712",CS物联网,2015-07-31,=0.0098,=4762.0932,=0.1418,=35.3696,=0.6819,=21.9217,=27.4652,=32.4360,=37.2575,=50.1215,=5.0353,=0.8113,=2.7515,=3.4472,=4.0810,=4.9737,=7.1882,=2.6432,=0.8204,=1.2084,=1.7388,=2.0114,=2.5303,=3.5102,=0.0129,=0.7025,=0.0070,=0.0089,=0.0113,=0.0139,=0.0190,=0.0346,=0.1340,=0.0303,=168
="H30597",新材料,2015-02-13,=0.0085,=4730.4222,=0.1403,=36.7556,=0.6086,=14.0729,=21.7626,=33.2801,=43.9338,=72.0660,=3.9222,=0.6189,=2.1817,=2.8826,=3.6704,=5.2685,=8.9168,=2.6801,=0.4644,=1.2938,=2.0086,=2.7381,=3.7927,=7.1680,=0.0126,=0.6213,=0.0037,=0.0059,=0.0106,=0.0146,=0.0237,=0.0294,=0.0908,=0.0200,=322
=".INX",标普500,1957-03-04,=0.0065,=7798.9900,=0.1393,=26.9573,=0.6811,=15.6907,=21.8435,=24.2127,=28.6972,=42.9883,=5.6567,=0.9877,=2.4601,=3.2544,=3.9877,=4.8190,=5.7725,=3.6663,=0.9972,=1.5801,=2.1065,=2.4083,=3.0597,=3.6930,=0.0097,=0.0008,=0.0097,=0.0122,=0.0159,=0.0192,=0.0253,,,=0.0468,=9531
="930967",港股通信息C,2017-06-23,=-0.0100,=5248.4031,=0.1389,=65.8224,=0.9765,=9.7009,=25.8858,=35.0928,=45.4333,=82.6684,=3.9360,=0.5190,=1.0827,=1.5112,=3.7845,=5.9175,=9.2789,=1.6740,=0.4916,=0.3926,=0.6348,=1.8289,=4.3826,=6.3504,=0.0046,=0.1838,=0.0029,=0.0047,=0.0058,=0.0110,=0.0212,,=0.0915,,=14
="931235",中证电信,2022-07-21,=0.0223,=3087.1929,=0.1385,=31.9387,=0.9594,=15.5242,=18.7594,=21.5834,=26.4782,=36.3009,=2.9701,=0.9533,=0.8741,=1.6383,=1.9390,=2.3669,=3.4857,=2.7912,=0.9523,=0.6427,=1.4004,=1.7275,=2.1861,=3.2153,=0.0199,=0.1247,=0.0135,=0.0243,=0.0302,=0.0336,=0.0573,=0.0216,=0.0917,=0.0212,=63
="930792",HK银行,2016-04-22,=-0.0099,=5008.1491,=0.1368,=6.9307,=0.8243,=3.2659,=4.4645,=5.8968,=6.8346,=9.5632,=0.6733,=0.6222,=0.3905,=0.4964,=0.6241,=0.8010,=1.0771,=2.6013,=0.9278,=1.0519,=1.5167,=1.8847,=2.4365,=3.1066,=0.0461,=0.0827,=0.0355,=0.0499,=0.0562,=0.0743,=0.1045,,=0.0901,,=758
="399006",创业板指,2010-06-01,=0.0112,=3626.3000,=0.1321,=44.5504,=0.5991,=22.8885,=32.3387,=42.0257,=55.2938,=79.6826,=6.3223,=0.7746,=3.0035,=4.0151,=4.8509,=6.5359,=9.5804,=4.5216,=0.5010,=2.3312,=3.4103,=4.5168,=6.2213,=8.4805,=0.0086,=0.7338,=0.0032,=0.0049,=0.0064,=0.0098,=0.0180,=0.0369,=0.1330,=0.0313,=16788
="930939",500质量,2018-11-21,=0.0020,=23893.4710,=0.1256,=20.1028,=0.8480,=10.4098,=14.0165,=16.1291,=19.4191,=27.8330,=2.3502,=0.7040,=1.6614,=2.0713,=2.2353,=2.4810,=3.9191,=2.1123,=0.9216,=0.9583,=1.1990,=1.4602,=1.8206,=2.9319,=0.0170,=0.2699,=0.0117,=0.0164,=0.0197,=0.0252,=0.0319,=0.0308,=0.1144,=0.0291,=465
="399276",创科技,2020-10-26,=0.0072,=9109.3000,=0.1240,=38.2881,=0.5226,=20.4624,=26.5128,=37.8589,=57.2285,=84.1667,=6.9205,=0.6863,=3.5855,=4.4394,=5.8518,=8.4599,=12.0896,=5.3895,=0.6638,=2.4145,=3.3617,=4.8347,=8.5350,=12.2359,=0.0106,=0.5670,=0.0023,=0.0035,=0.0087,=0.0162,=0.0221,=0.0430,=0.1724,=0.0380,=12
="399673",创业板50,2014-06-18,=0.0123,=3807.9700,=0.1232,=37.9434,=0.3638,=20.6075,=30.6784,=42.2221,=57.2675,=106.7499,=6.9730,=0.7437,=3.1473,=4.3234,=5.2442,=7.5532,=11.7288,=5.2361,=0.4116,=2.6907,=4.1383,=5.4822,=7.7414,=13.3154,=0.0088,=0.7664,=0.0021,=0.0036,=0.0050,=0.0094,=0.0190,=0.0447,=0.1569,=0.0355,=5603
="399293",创业大盘,2019-04-18,=0.0121,=7272.4400,=0.1222,=40.2429,=0.4583,=20.6573,=29.6014,=41.2031,=54.0493,=71.9327,=7.1691,=0.6544,=3.4452,=4.7333,=6.2701,=9.1707,=13.4901,=5.1043,=0.3565,=2.8408,=4.0278,=5.6633,=9.8669,=14.8309,=0.0090,=0.6279,=0.0029,=0.0046,=0.0073,=0.0120,=0.0196,=0.0411,=0.1554,=0.0377,=181
="399291",创精选88,2019-11-06,=0.0071,=5116.5300,=0.1199,=50.7277,=0.3920,=32.8940,=42.2663,=54.1999,=65.1137,=106.4385,=3.3743,=0.4712,=1.8895,=2.8601,=3.4030,=3.9168,=4.9331,=3.6867,=0.6873,=1.9655,=2.6299,=3.1227,=4.2820,=5.5728,=0.0092,=0.7938,=0.0042,=0.0052,=0.0072,=0.0093,=0.0134,=0.0173,=0.0556,=0.0131,=40
="399991",一带一路,2015-02-16,=0.0097,=3317.1700,=0.1191,=18.0754,=0.7392,=9.4567,=11.6727,=14.1037,=19.3397,=34.5905,=1.6379,=0.9658,=1.0035,=1.1547,=1.2476,=1.4509,=1.7874,=0.7007,=0.9423,=0.3598,=0.4252,=0.4778,=0.6155,=0.7793,=0.0226,=0.2600,=0.0109,=0.0217,=0.0280,=0.0340,=0.0441,=0.0240,=0.0795,=0.0217,=584
="931187",科技100,2019-05-30,=0.0025,=5147.3135,=0.1155,=32.6741,=0.7451,=18.1467,=22.2008,=26.2338,=35.0324,=49.5031,=4.0999,=0.7611,=2.3703,=2.7943,=3.3601,=4.2541,=5.4633,=2.7858,=0.8211,=1.2579,=1.6370,=2.0735,=2.7173,=4.1304,=0.0117,=0.4829,=0.0052,=0.0083,=0.0119,=0.0140,=0.0184,=0.0201,=0.0911,=0.0217,=859
="931409",SHS创新药,2020-02-20,=-0.0202,=2352.1779,=0.1152,=46.7800,=0.7140,=24.9819,=34.6477,=39.7636,=58.8375,=94.9889,=4.7648,=0.6415,=2.3431,=3.2904,=4.1437,=6.3335,=8.9149,=6.9828,=0.8902,=2.2896,=3.2095,=4.0772,=6.5729,=8.2645,=0.0082,=0.4622,=0.0036,=0.0052,=0.0084,=0.0114,=0.0166,,=0.0994,,=322
="930758",凤凰50,2018-11-21,=-0.0035,=8875.1391,=0.1141,=14.5508,=0.6064,=8.6050,=10.8267,=13.5873,=15.7291,=22.7753,=1.9764,=0.7461,=1.0496,=1.4418,=1.6727,=2.0741,=3.0708,=2.2690,=0.9227,=0.3622,=0.7534,=1.3233,=1.9102,=3.4064,=0.0306,=0.7995,=0.0097,=0.0229,=0.0282,=0.0306,=0.0478,=0.0281,=0.1135,=0.0262,=70
="HSSCHKC",恒生港股通香港公司指数,2017-11-20,=-0.0114,=3453.1600,=0.1112,=14.9223,=0.5749,=9.9660,=12.2514,=14.4019,=17.9739,=45.2058,=1.3681,=0.9870,=0.8018,=0.9565,=1.1010,=1.2503,=1.4091,=3.3974,=0.9916,=1.7566,=2.0790,=2.3944,=2.7810,=3.5613,=0.0356,=0.2721,=0.0202,=0.0341,=0.0390,=0.0466,=0.0626,,,,=14
="1000008",沪深B股,1994-01-10,=-0.0006,=282.0200,=0.1111,=28.8783,=0.7800,=7.0835,=12.9417,=17.5164,=30.7740,=97.5837,=0.8300,=0.4569,=0.6594,=0.7810,=0.8430,=1.0183,=1.4976,=0.5476,=0.6712,=0.3777,=0.4474,=0.5017,=0.5844,=1.1545,=0.0382,=0.5838,=0.0157,=0.0280,=0.0358,=0.0437,=0.1455,,,=0.0134,=371
="931250",港股通创新药,2012-07-20,=-0.0240,=1113.9674,=0.1082,=40.4914,=0.7017,=21.4435,=32.5482,=36.5509,=44.2602,=63.0533,=3.8261,=0.7983,=1.5232,=1.8401,=2.3511,=3.8293,=4.5255,=6.3527,=0.7451,=1.4727,=1.7715,=2.3501,=6.5251,=7.7209,=0.0077,=0.2311,=0.0059,=0.0076,=0.0134,=0.0163,=0.0196,,=0.1071,,=133
="931403",品牌工程,2020-01-14,=-0.0026,=2182.3097,=0.1053,=27.1813,=0.4069,=18.7149,=24.0649,=29.0422,=43.5677,=69.9724,=4.1550,=0.3154,=3.2380,=4.0182,=4.9121,=7.6636,=10.9810,=3.2048,=0.3843,=2.2604,=2.9320,=3.3551,=4.7782,=7.2001,=0.0214,=0.7191,=0.0056,=0.0085,=0.0152,=0.0221,=0.0278,=0.0453,=0.1433,=0.0461,=125
="399012",创业300,2013-01-07,=0.0109,=4976.8500,=0.1031,=48.2730,=0.5220,=26.6250,=38.0630,=47.4903,=64.7157,=93.5585,=5.3713,=0.7602,=2.5798,=3.6214,=4.3434,=5.6227,=7.5462,=4.1912,=0.4899,=2.2146,=3.3208,=4.2374,=5.9351,=8.1007,=0.0084,=0.7544,=0.0034,=0.0045,=0.0061,=0.0091,=0.0164,=0.0308,=0.1020,=0.0249,=3
="931787",港股创新药,2018-08-14,=-0.0243,=1383.0074,=0.1006,=40.4914,=0.4747,=20.8973,=29.6012,=43.3998,=79.1363,=400.8209,=3.8261,=0.7210,=1.5132,=2.3085,=2.9773,=4.1300,=5.7621,=6.3527,=0.9086,=0.8553,=1.3242,=2.0876,=3.3723,=7.7308,=0.0077,=0.3108,=0.0045,=0.0069,=0.0103,=0.0136,=0.0202,,=0.1071,,=796
="950161",科创新药,2024-08-23,=-0.0055,=1348.6205,=0.0979,=161.2844,=0.1253,=113.6689,=1578.9342,=-151.7679,=-91.7706,=1578.9342,=9.8742,=0.7203,=4.9324,=6.7914,=8.9850,=10.3797,=12.9042,=12.8037,=0.5908,=8.4204,=10.2068,=12.3516,=14.1812,=17.6998,=0.0012,=0.3403,=0.0009,=0.0011,=0.0013,=0.0018,=0.0023,=0.0059,=0.0403,=-0.0091,=48
="399612",中创100,2011-02-28,=0.0069,=3016.9400,=0.0929,=33.2443,=0.6337,=18.0203,=24.5371,=31.1559,=39.8478,=52.6199,=4.5200,=0.6716,=2.5576,=3.3599,=4.1937,=5.0805,=7.4671,=2.9299,=0.4734,=1.6155,=2.2648,=3.0144,=3.8945,=5.8630,=0.0112,=0.6362,=0.0050,=0.0075,=0.0098,=0.0137,=0.0203,=0.0320,=0.1210,=0.0297,=158
="931590",500成长创新,2020-11-09,=0.0060,=29680.6618,=0.0929,=40.2616,=0.9774,=14.5054,=17.8070,=20.3598,=27.6315,=46.8480,=4.6844,=0.9789,=1.6442,=2.3265,=2.6647,=3.3104,=5.3919,=4.8106,=0.9789,=1.3106,=1.9852,=2.2850,=2.7295,=5.5640,=0.0085,=0.0218,=0.0074,=0.0128,=0.0170,=0.0210,=0.0252,=0.0292,=0.1277,=0.0317,=89
="931152",CS创新药,2019-04-22,=-0.0130,=2067.2064,=0.0914,=51.0107,=0.7594,=27.6044,=36.7922,=43.3739,=52.8667,=74.6844,=4.4296,=0.5538,=2.5551,=3.3458,=4.1824,=5.9327,=8.7449,=6.2309,=0.8930,=2.2436,=2.9197,=3.4414,=5.7148,=9.4897,=0.0092,=0.5927,=0.0040,=0.0058,=0.0086,=0.0104,=0.0150,=0.0271,=0.0786,=0.0224,=1964
="399439",国证油气,2014-12-30,=0.0090,=2101.0100,=0.0910,=14.1056,=0.4973,=7.2448,=10.6844,=14.1792,=28.8599,=98.7831,=1.3775,=0.9267,=0.6716,=0.7849,=1.1526,=1.2699,=1.8382,=0.7459,=0.9604,=0.2370,=0.3183,=0.5045,=0.6024,=0.9735,=0.0358,=0.2176,=0.0101,=0.0349,=0.0425,=0.0469,=0.0731,=0.0300,=0.0921,=0.0283,=106
="399088",深创100,2020-02-18,=0.0048,=5495.5200,=0.0887,=36.5246,=0.7426,=15.3025,=22.0375,=27.2637,=38.7384,=56.8187,=5.1906,=0.7346,=2.2889,=3.3044,=4.0999,=5.3838,=6.8856,=3.4783,=0.7299,=1.4223,=1.9825,=2.5147,=3.7521,=5.1281,=0.0095,=0.2714,=0.0058,=0.0087,=0.0129,=0.0163,=0.0258,=0.0356,=0.1522,=0.0358,=74
="931470",SHS云计算,2020-04-21,=0.0134,=4013.1168,=0.0878,=22.5056,=0.2846,=13.2694,=20.1989,=25.0105,=31.1974,=62.1875,=3.3740,=0.1726,=2.5281,=3.4295,=3.8673,=5.3774,=9.6099,=3.5260,=0.0657,=2.7843,=3.8342,=4.4512,=6.3689,=10.5654,=0.0079,=0.7480,=0.0018,=0.0031,=0.0060,=0.0083,=0.0114,,=0.1294,,=54
="000908",300能源,2007-07-02,=0.0138,=2565.2311,=0.0852,=14.1269,=0.5797,=6.9395,=9.4585,=13.0445,=19.7329,=62.7889,=1.4556,=0.9398,=0.7125,=0.8868,=1.1358,=1.2895,=1.8071,=0.8693,=0.9674,=0.3053,=0.3856,=0.5121,=0.6964,=1.0302,=0.0385,=0.2180,=0.0113,=0.0381,=0.0493,=0.0598,=0.0754,=0.0302,=0.1004,=0.0297,=272
="931155",300质量成长,2019-04-22,,,=0.0848,=13.3084,=0.4513,=7.3805,=10.8146,=13.5844,=15.2337,=31.0699,=2.0225,=0.3724,=1.1055,=1.6664,=2.2431,=2.8068,=5.3844,=3.1188,=0.9290,=1.3218,=1.7759,=2.1862,=2.6385,=3.8395,=0.0253,=0.4868,=0.0092,=0.0212,=0.0253,=0.0312,=0.0464,=0.0331,=0.1462,=0.0366,=80
="950580",上证580,2025-06-16,=0.0117,=2123.6760,=0.0829,=57.4425,=0.1263,=50.4504,=60.8986,=67.8191,=71.4303,=79.6458,=2.3934,=0.5544,=1.8567,=2.2239,=2.3488,=2.6208,=2.8840,=1.8070,=0.2702,=1.5076,=1.7325,=1.8992,=1.9804,=2.1496,=0.0094,=0.5193,=0.0076,=0.0085,=0.0094,=0.0100,=0.0116,=0.0127,=0.0354,,=9
="000151",上国红利,2012-07-20,=0.0125,=1652.8300,=0.0819,=8.6265,=0.9539,=4.5075,=5.3657,=6.9818,=7.9139,=10.0345,=0.7637,=0.5402,=0.5268,=0.6189,=0.7509,=0.9654,=1.3272,=1.0670,=0.4845,=0.6026,=0.8953,=1.0753,=1.3055,=1.6854,=0.0433,=0.1343,=0.0346,=0.0444,=0.0513,=0.0650,=0.0754,=0.0218,=0.0803,=0.0258,=234
="931067",绩优策略,2018-02-14,=0.0062,=8226.3622,=0.0815,=19.1897,=0.5493,=10.5807,=14.7919,=18.7099,=26.7686,=44.0015,=5.3597,=0.5843,=3.5566,=4.2935,=5.0451,=7.4070,=11.8571,=3.0750,=0.6105,=2.1909,=2.5304,=2.8847,=4.8312,=8.6201,=0.0202,=0.4750,=0.0082,=0.0136,=0.0214,=0.0297,=0.0455,=0.0562,=0.2359,=0.0578,=28
="399441",生物医药,2015-01-20,=-0.0110,=2320.7100,=0.0814,=58.3292,=0.7676,=21.8350,=32.3563,=47.7184,=63.5527,=119.0737,=3.7524,=0.2621,=2.3073,=3.3267,=6.2748,=7.7825,=13.6606,=7.0655,=0.3490,=3.6424,=5.8657,=9.1738,=13.7450,=21.5399,=0.0097,=0.7437,=0.0024,=0.0041,=0.0063,=0.0108,=0.0164,=0.0194,=0.0565,=0.0192,=1692
="931447",科技先锋,2020-04-21,=-0.0010,=3335.7136,=0.0810,=43.2077,=0.6482,=19.0346,=27.3938,=37.2440,=47.9739,=82.3567,=5.4910,=0.6945,=2.7045,=3.4287,=4.4115,=6.7087,=10.6025,=2.9279,=0.6651,=1.4804,=1.9190,=2.4862,=3.7081,=7.0848,=0.0086,=0.3819,=0.0033,=0.0055,=0.0097,=0.0135,=0.0196,=0.0256,=0.0990,=0.0202,=24
="931468",红利质量,2020-05-21,=-0.0015,=34036.0721,=0.0802,=17.0284,=0.3675,=12.5562,=16.1105,=18.6588,=21.8417,=36.4689,=2.9453,=0.2479,=2.1523,=2.8527,=3.7331,=4.7017,=8.5636,=3.4908,=0.6642,=1.9811,=2.3500,=2.9801,=3.9484,=5.8829,=0.0298,=0.5598,=0.0102,=0.0191,=0.0289,=0.0333,=0.0407,=0.0381,=0.1637,=0.0476,=1188
="399625",中创500,2011-08-15,=0.0068,=2631.1400,=0.0798,=37.8571,=0.6279,=20.4615,=28.9847,=35.6864,=40.7920,=52.5750,=3.8673,=0.6283,=2.1192,=2.8827,=3.5469,=4.2996,=5.2507,=2.7545,=0.5579,=1.4713,=2.0764,=2.6219,=3.4224,=4.4106,=0.0106,=0.6415,=0.0057,=0.0072,=0.0093,=0.0124,=0.0196,=0.0265,=0.0951,=0.0239,=165
="000066",上证商品,2010-04-30,=0.0125,=3808.5800,=0.0798,=15.6427,=0.5678,=7.9120,=11.1675,=15.0158,=22.8551,=53.3084,=1.7827,=0.9613,=0.9403,=1.2112,=1.3401,=1.5058,=2.2405,=1.0022,=0.9588,=0.4082,=0.5256,=0.6502,=0.7815,=1.2223,=0.0309,=0.2979,=0.0093,=0.0291,=0.0356,=0.0466,=0.0603,=0.0347,=0.1091,=0.0303,=85
="1000007",创业板全指,2010-05-01,=0.0105,=4223.3000,=0.0797,=67.3909,=0.5970,=33.8134,=48.2400,=61.0186,=100.0107,=334.2333,=4.6448,=0.7157,=2.3083,=3.3593,=4.0485,=5.1625,=6.2717,=4.0474,=0.4870,=2.1439,=3.2922,=4.0894,=5.5289,=8.5247,=0.0075,=0.7417,=0.0033,=0.0046,=0.0061,=0.0081,=0.0148,=0.0212,=0.0638,=0.0178,=1933
="932069",港股通医疗主题,2022-07-21,=-0.0192,=1069.6004,=0.0787,=42.1447,=0.9314,=20.9778,=26.3068,=30.7414,=36.5829,=51.0900,=2.5785,=0.7774,=1.4397,=1.6263,=2.0250,=2.6013,=3.0086,=1.4369,=0.8369,=0.6760,=0.7758,=0.9883,=1.4185,=1.6308,=0.0114,=0.3689,=0.0073,=0.0087,=0.0128,=0.0158,=0.0250,,=0.0571,,=23
="000841",800医药,2012-12-21,=-0.0147,=9011.4889,=0.0781,=37.6112,=0.7969,=21.4494,=28.0346,=32.2309,=37.6503,=58.1462,=3.7389,=0.4817,=2.4193,=3.1867,=3.7686,=4.3678,=6.5122,=4.6438,=0.8822,=1.7815,=2.8895,=3.4469,=4.3456,=6.1565,=0.0146,=0.8274,=0.0064,=0.0083,=0.0101,=0.0138,=0.0210,=0.0288,=0.0871,=0.0293,=590
="931142",东证竞争,2019-03-20,=0.0022,=2003.2650,=0.0766,=19.4885,=0.9004,=9.8569,=11.9404,=14.0516,=16.1837,=27.8877,=3.0416,=0.8631,=1.5408,=1.7326,=2.0741,=2.6308,=4.6703,=2.9351,=0.8987,=0.9384,=1.2764,=1.7318,=2.3250,=3.1903,=0.0236,=0.2994,=0.0120,=0.0222,=0.0262,=0.0329,=0.0399,=0.0415,=0.1629,=0.0397,=218
="000814",细分医药,2012-04-11,=-0.0143,=8969.4900,=0.0746,=37.8887,=0.8039,=21.8871,=27.2039,=32.7541,=37.8093,=60.8250,=3.5608,=0.3486,=2.4219,=3.2072,=4.0973,=4.8855,=7.4081,=2.9758,=0.5665,=1.7858,=2.2898,=2.8928,=3.5419,=5.4819,=0.0140,=0.8047,=0.0055,=0.0075,=0.0097,=0.0139,=0.0215,=0.0283,=0.0890,=0.0304,=412
="399315",巨潮中盘,2005-02-03,=0.0071,=5112.8400,=0.0743,=43.0954,=0.9386,=14.3715,=18.4227,=22.9163,=29.8766,=49.3940,=2.6972,=0.9122,=1.5252,=1.8923,=2.1507,=2.5842,=3.0245,=2.0856,=0.9893,=0.8408,=1.2254,=1.4280,=1.6519,=2.3572,=0.0120,=0.2159,=0.0082,=0.0118,=0.0158,=0.0221,=0.0288,=0.0239,=0.0707,=0.0202,=21
="930726",CS生医,2015-08-05,=-0.0140,=2622.7607,=0.0740,=58.3303,=0.7466,=24.4874,=31.9329,=48.5601,=61.6337,=107.1179,=4.8933,=0.3123,=3.1768,=4.4038,=6.7775,=8.5259,=14.2976,=8.5670,=0.4157,=4.8871,=6.8186,=9.6611,=12.5690,=19.9452,=0.0079,=0.5715,=0.0026,=0.0039,=0.0059,=0.0114,=0.0204,=0.0287,=0.0766,=0.0261,=844
="987016",港股通红利低波,2021-11-18,,,=0.0740,=7.4425,=0.8969,=3.4544,=4.3134,=5.0105,=6.8932,=8.0054,=0.7119,=0.9480,=0.4152,=0.4892,=0.5419,=0.6691,=0.7549,=1.1027,=0.7834,=0.5827,=0.6614,=0.8015,=1.1116,=1.3012,=0.0540,=0.0711,=0.0488,=0.0588,=0.0811,=0.0924,=0.1160,,=0.0893,,=172
="399996",智能家居,2014-09-17,=0.0066,=4934.9400,=0.0735,=34.8655,=0.8414,=17.5405,=23.3761,=27.7637,=33.7981,=47.8369,=4.4851,=0.9423,=2.2523,=2.8549,=3.4666,=4.1096,=5.3919,=2.2565,=0.8888,=1.0942,=1.4673,=1.7632,=2.1033,=2.7965,=0.0132,=0.4273,=0.0087,=0.0108,=0.0142,=0.0175,=0.0235,=0.0273,=0.1118,=0.0260,=211
="399850",深证50,2023-10-18,=0.0001,=9800.3000,=0.0734,=26.6004,=0.7222,=16.5344,=20.1122,=23.6482,=27.0517,=36.7629,=4.1236,=0.9444,=2.5911,=2.9377,=3.2618,=3.7471,=4.4773,=2.2583,=0.9182,=1.3017,=1.4878,=1.6931,=2.0657,=2.4833,=0.0179,=0.1605,=0.0162,=0.0184,=0.0208,=0.0232,=0.0271,=0.0301,=0.0973,=0.0318,=80
="HSSCHKY",恒生港股通高股息率指数,2019-11-01,=0.0015,=2654.9900,=0.0715,=7.6206,=0.8917,=3.8979,=4.9513,=5.9398,=7.2763,=8.4533,=0.6864,=0.7971,=0.4277,=0.5178,=0.5814,=0.6869,=0.8197,=1.1986,=0.8695,=0.5333,=0.6989,=0.8861,=1.1308,=1.3442,=0.0522,=0.0563,=0.0482,=0.0562,=0.0668,=0.0839,=0.1067,,=0.0894,,=504
="399993",CSWD生科,2015-05-08,=-0.0059,=2789.4900,=0.0703,=90.7229,=0.9724,=31.0960,=44.1993,=56.6752,=74.2970,=122.8633,=4.1072,=0.3197,=2.5928,=3.6121,=5.9990,=7.5835,=15.2283,=8.0663,=0.4219,=4.8204,=6.7135,=8.9444,=14.1304,=21.1379,=0.0087,=0.6588,=0.0023,=0.0039,=0.0063,=0.0104,=0.0144,=0.0163,=0.0356,=0.0147,=68
="000905",中证500,2007-01-15,=0.0028,=7990.3300,=0.0703,=36.9197,=0.8958,=15.7028,=21.2812,=25.5754,=33.3023,=49.4567,=2.5306,=0.8298,=1.3824,=1.7164,=1.9212,=2.4416,=3.0628,=1.7514,=0.8570,=0.8118,=1.0305,=1.1726,=1.6099,=2.2566,=0.0127,=0.3053,=0.0064,=0.0116,=0.0141,=0.0185,=0.0237,=0.0210,=0.0620,=0.0169,=38365
="000918",300成长,2008-01-21,=0.0031,=5435.9879,=0.0684,=17.9359,=0.6918,=11.6107,=14.4586,=16.8000,=20.6304,=29.9826,=2.7108,=0.4677,=1.8759,=2.3171,=2.7983,=4.3091,=6.1771,=2.7056,=0.8323,=1.1680,=1.5324,=1.7816,=2.6277,=3.9548,=0.0179,=0.4429,=0.0081,=0.0139,=0.0185,=0.0238,=0.0310,=0.0348,=0.1486,=0.0340,=799
="930938",500成长估值,2018-12-04,=0.0005,=4954.0151,=0.0682,=23.4605,=0.9192,=9.4780,=13.1105,=16.8520,=20.0106,=30.3577,=2.6637,=0.9214,=1.4489,=1.8724,=2.1289,=2.3086,=3.6765,=2.2500,=0.9860,=0.6916,=0.9073,=1.1783,=1.6215,=2.5224,=0.0152,=0.1702,=0.0092,=0.0156,=0.0187,=0.0218,=0.0299,=0.0254,=0.1028,=0.0163,=74
="931025",港股通地产,2017-11-06,,,=0.0681,=-62.6902,=0.7007,=1.3998,=5.4921,=8.3473,=-3.1602,=7833.8201,=0.4719,=0.4621,=0.0757,=0.2145,=0.4905,=0.8750,=1.4256,=0.8753,=0.7953,=0.0508,=0.1439,=0.5478,=0.8781,=1.5776,=0.0383,=0.3864,=0,=0.0290,=0.0424,=0.0689,=0.2175,,=-0.0074,,=13
="930648",CS智消费,2015-06-05,=0.0047,=3907.1405,=0.0670,=33.5486,=0.8212,=15.4538,=22.2568,=25.1457,=32.4718,=51.6043,=4.1181,=0.8232,=2.1406,=2.8085,=3.2137,=4.0429,=5.4486,=1.8466,=0.7862,=0.8328,=1.2867,=1.5003,=1.8631,=2.9491,=0.0127,=0.2279,=0.0074,=0.0121,=0.0152,=0.0173,=0.0216,=0.0253,=0.1077,=0.0239,=31
="HSBIO",恒生生物科技指数,2019-12-01,=-0.0240,=15126.1700,=0.0668,=34.6285,=0.3497,=20.8275,=30.6561,=56.3329,=137.9585,=62737.8398,=3.2957,=0.6030,=1.5084,=2.1601,=2.9184,=4.3723,=6.7821,=1.8408,=0.6867,=0.7434,=1.0992,=1.5406,=2.1302,=3.5303,=0.0102,=0.5527,=0.0037,=0.0061,=0.0096,=0.0133,=0.0198,,=0.1063,,=689
="399330",深证100,2006-01-24,=0.0030,=6205.4000,=0.0667,=28.2847,=0.8162,=14.9910,=20.3737,=22.8184,=27.6440,=38.9547,=3.1774,=0.6992,=1.9919,=2.4968,=2.9489,=3.5438,=5.5535,=2.1901,=0.5888,=1.3434,=1.7250,=2.1027,=2.4349,=4.0791,=0.0172,=0.6848,=0.0077,=0.0126,=0.0154,=0.0194,=0.0273,=0.0278,=0.0897,=0.0269,=2335
="000969",300非周,2010-05-28,=0.0021,=5678.6482,=0.0664,=26.4236,=0.7927,=15.9839,=20.6623,=22.6880,=26.5883,=38.7203,=2.8771,=0.6139,=2.0789,=2.5003,=2.7911,=3.1883,=4.9189,=1.5564,=0.7886,=0.8921,=1.1579,=1.2938,=1.5780,=2.2463,=0.0194,=0.6840,=0.0089,=0.0140,=0.0170,=0.0211,=0.0277,=0.0251,=0.0964,=0.0261,=89
="399005",中小板指,2006-01-24,=0.0026,=8799.0700,=0.0648,=30.3656,=0.5628,=16.1163,=23.0542,=28.5910,=33.7813,=44.0181,=3.1602,=0.3535,=2.0289,=2.7421,=3.4239,=4.3194,=5.3697,=2.1491,=0.3811,=1.3510,=1.8219,=2.3398,=3.2919,=4.1546,=0.0130,=0.6477,=0.0068,=0.0090,=0.0111,=0.0163,=0.0219,=0.0255,=0.0988,=0.0255,=3254
="399007",深证300,2009-11-04,=0.0047,=6052.3800,=0.0647,=32.2259,=0.9506,=15.3833,=21.4145,=25.0072,=28.9419,=36.7371,=3.0922,=0.7149,=1.8298,=2.3539,=2.8055,=3.2347,=4.4351,=2.1596,=0.6251,=1.2839,=1.6547,=2.0033,=2.3849,=3.3177,=0.0149,=0.6139,=0.0081,=0.0118,=0.0139,=0.0174,=0.0252,=0.0257,=0.0779,=0.0236,=583
="930821",中证VR,2016-05-11,=0.0064,=3398.9912,=0.0645,=49.3468,=0.6591,=17.6816,=32.1462,=43.2393,=55.8672,=175.0572,=3.5368,=0.7132,=1.7358,=2.3495,=2.8947,=4.0778,=5.0269,=2.0109,=0.5441,=1.1117,=1.4779,=1.9206,=2.8821,=3.7313,=0.0077,=0.2328,=0.0056,=0.0075,=0.0091,=0.0117,=0.0177,=0.0113,=0.0443,=0.0138,=151
="000805",A股资源,2012-01-06,=0.0173,=7546.9577,=0.0644,=16.3299,=0.5655,=7.9265,=11.4623,=15.5907,=23.4675,=73.5792,=1.9152,=0.9629,=0.9200,=1.1960,=1.3683,=1.5261,=2.3735,=1.0600,=0.9613,=0.3865,=0.5301,=0.6351,=0.7846,=1.2754,=0.0288,=0.2516,=0.0090,=0.0280,=0.0342,=0.0454,=0.0580,=0.0371,=0.1115,=0.0305,=12
="399370",国证成长,2010-01-04,=0.0044,=5389.6500,=0.0641,=24.4097,=0.7318,=14.0104,=18.9925,=21.7499,=25.9317,=39.9195,=4.0612,=0.7903,=1.9695,=2.5703,=2.9942,=4.1032,=6.0628,=2.3014,=0.5999,=1.2188,=1.6926,=2.0778,=2.7744,=3.4917,=0.0150,=0.4289,=0.0080,=0.0118,=0.0157,=0.0227,=0.0304,=0.0375,=0.1344,=0.0327,=118
="399376",小盘成长,2010-01-04,=0.0061,=6756.8700,=0.0638,=30.9668,=0.7281,=14.4007,=20.2318,=25.6057,=32.4101,=60.1410,=3.3799,=0.8888,=1.6246,=2.0607,=2.3698,=3.1496,=3.9813,=1.9519,=0.8030,=0.7224,=1.0640,=1.2047,=1.9468,=3.3768,=0.0133,=0.5179,=0.0062,=0.0107,=0.0131,=0.0171,=0.0246,=0.0271,=0.1002,=0.0195,=288
="000009",上证380,2010-11-29,=-0.0018,=7000.6500,=0.0626,=30.4846,=0.9032,=11.6192,=14.6240,=18.0512,=25.1664,=39.7002,=2.2774,=0.7656,=1.2909,=1.6341,=1.9527,=2.3549,=2.8508,=1.4539,=0.7783,=0.7850,=0.9356,=1.0818,=1.4952,=1.8994,=0.0154,=0.2110,=0.0086,=0.0153,=0.0183,=0.0251,=0.0358,=0.0195,=0.0662,=0.0205,=866
="HSMCHYI",恒生中国内地企业高股息率指数,2019-09-01,=-0.0031,=2956.7400,=0.0625,=7.3195,=0.8844,=3.7550,=5.0534,=5.8568,=6.8792,=7.9027,=0.7317,=0.7764,=0.4590,=0.5796,=0.6423,=0.7401,=0.8175,=1.1071,=0.8920,=0.5101,=0.6888,=0.8022,=0.9294,=1.2126,=0.0513,=0.0858,=0.0478,=0.0535,=0.0619,=0.0791,=0.1052,,=0.0995,,=285
="000037",上证医药,2009-01-09,=-0.0135,=6729.7200,=0.0624,=33.7567,=0.4425,=21.0843,=31.3993,=34.4752,=41.6974,=61.3894,=3.7342,=0.4318,=2.7278,=3.3338,=3.8535,=4.6066,=7.3155,=2.6393,=0.7569,=1.5724,=2.0207,=2.3514,=2.8326,=4.1395,=0.0113,=0.7309,=0.0048,=0.0075,=0.0099,=0.0117,=0.0146,=0.0281,=0.1036,=0.0282,=2075
="399001",深证成指,1995-01-23,=0.0045,=14354.3100,=0.0613,=33.9117,=0.9473,=15.9054,=22.8547,=26.5174,=30.7171,=38.7817,=2.9760,=0.6461,=1.7472,=2.2797,=2.7215,=3.2321,=4.0402,=2.1075,=0.6308,=1.2229,=1.6063,=1.9126,=2.3737,=2.9683,=0.0145,=0.6044,=0.0084,=0.0109,=0.0136,=0.0166,=0.0245,=0.0249,=0.0747,=0.0225,=3739
="H11140",香港红利,2009-07-23,=0.0004,=3867.5026,=0.0595,=7.3433,=0.7513,=3.0693,=4.4554,=5.9843,=7.7332,=13.9623,=0.6920,=0.5687,=0.3833,=0.5103,=0.6298,=0.8659,=1.1652,=1.1667,=0.6683,=0.5431,=0.7464,=0.9726,=1.3326,=2.1349,=0.0536,=0.1539,=0.0382,=0.0557,=0.0632,=0.0876,=0.1281,,=0.0912,,=53
="399624",中创400,2011-08-15,=0.0066,=2719.5800,=0.0578,=49.3844,=0.8212,=22.4097,=32.9060,=40.4883,=48.2208,=82.4491,=3.1115,=0.6160,=1.6720,=2.4135,=2.8470,=3.3988,=5.1193,=2.5025,=0.6831,=1.2865,=1.8978,=2.2295,=2.6870,=4.4480,=0.0097,=0.5216,=0.0036,=0.0073,=0.0096,=0.0111,=0.0184,=0.0199,=0.0651,=0.0174,=229
="932153",港股通价值策略,2025-04-30,=-0.0073,=1110.9746,=0.0575,=9.6761,=0.2201,=8.1696,=9.5755,=10.0797,=10.3675,=10.9237,=0.8150,=0.1918,=0.7012,=0.8177,=0.8753,=0.8999,=0.9365,=0.9841,=0.2484,=0.8168,=0.9637,=1.0258,=1.0623,=1.1126,=0.0437,=0.7233,=0.0397,=0.0413,=0.0427,=0.0448,=0.0538,,=0.0812,,=16
="000015",红利指数,2005-01-04,=0.0061,=3206.9800,=0.0558,=8.6278,=0.9168,=4.6646,=5.5108,=7.0887,=8.1161,=10.4439,=0.8291,=0.6135,=0.5525,=0.6398,=0.7654,=1.0163,=1.3875,=1.4525,=0.9098,=0.7277,=0.8913,=1.1462,=1.3526,=1.6890,=0.0413,=0.1537,=0.0330,=0.0427,=0.0514,=0.0644,=0.0757,=0.0233,=0.0885,=0.0212,=14262
="950180",科创AI,2024-07-25,=0.0020,=2368.5003,=0.0539,=179.2143,=0.7771,=66.2784,=99.6820,=144.1523,=185.2285,=271.3436,=14.0485,=0.9217,=3.9039,=6.0425,=9.6725,=11.8466,=18.6594,=21.7448,=0.9177,=6.3298,=9.4820,=14.3152,=16.8812,=29.3547,=0.0016,=0.0743,=0.0012,=0.0023,=0.0028,=0.0049,=0.0077,=0.0274,=0.0670,=0.0163,=221
="930965",HKC医药C,2017-06-23,=-0.0218,=3412.6105,=0.0525,=45.0788,=0.6089,=18.1989,=25.7808,=33.4252,=71.9856,=6384.2329,=2.7434,=0.5208,=1.4216,=1.9490,=2.6907,=3.6879,=6.9841,=1.5907,=0.7494,=0.7160,=1.0322,=1.3335,=1.7194,=3.7092,=0.0103,=0.4084,=0.0038,=0.0079,=0.0109,=0.0142,=0.0248,,=0.0645,,=162
="000907",中证700,2007-01-15,=0.0034,=6811.0018,=0.0522,=27.4351,=0.9522,=13.5964,=17.1394,=19.5540,=24.0589,=30.1680,=2.0869,=0.6869,=1.3201,=1.5883,=1.8281,=2.1981,=2.4753,=1.4855,=0.6621,=0.9663,=1.1767,=1.3274,=1.5878,=1.9854,=0.0177,=0.5233,=0.0115,=0.0139,=0.0175,=0.0227,=0.0321,=0.0223,=0.0692,=0.0213,=268
="000857",500医药,2013-11-06,=-0.0109,=10787.3400,=0.0518,=33.8561,=0.6741,=16.5096,=22.8937,=29.9356,=37.3680,=66.9361,=3.1113,=0.6308,=1.9620,=2.4653,=2.8383,=3.4937,=5.0991,=2.8641,=0.8418,=1.3156,=1.7598,=2.1314,=2.7564,=4.5555,=0.0151,=0.6770,=0.0055,=0.0091,=0.0132,=0.0172,=0.0234,=0.0260,=0.0879,=0.0247,=738
="399316",巨潮小盘,2005-02-03,=0.0032,=6324.1000,=0.0518,=38.0919,=0.8039,=17.4883,=24.6121,=29.2730,=37.9202,=56.3264,=2.2154,=0.7206,=1.3049,=1.7086,=1.9649,=2.4175,=3.1993,=1.3915,=0.6728,=0.7478,=1.0120,=1.2298,=1.6164,=2.5524,=0.0143,=0.6432,=0.0061,=0.0103,=0.0128,=0.0162,=0.0214,=0.0167,=0.0444,=0.0142,=23
="000068",上证资源,2010-05-28,=0.0145,=4224.2400,=0.0491,=15.8208,=0.5517,=7.8012,=11.1450,=15.1051,=22.9158,=73.1997,=1.8023,=0.9625,=0.8674,=1.1479,=1.3163,=1.4900,=2.2515,=0.9968,=0.9604,=0.3742,=0.5012,=0.6094,=0.7758,=1.2220,=0.0304,=0.2159,=0.0094,=0.0298,=0.0360,=0.0471,=0.0635,=0.0351,=0.1097,=0.0307,=313
="932596",港股通红利低波,2016-02-04,,,=0.0484,=7.8844,=0.3167,=7.1792,=7.7788,=8.0114,=8.2602,=8.5745,=0.7280,=0.4932,=0.6528,=0.6952,=0.7286,=0.7564,=0.7956,=1.3536,=0.7195,=1.2161,=1.2816,=1.3293,=1.3642,=1.4305,=0.0499,=0.2941,=0.0473,=0.0493,=0.0525,=0.0548,=0.0579,,=0.0894,,=102
="930632",CS稀金属,2015-05-12,=0.0230,=2838.9550,=0.0472,=30.5806,=0.3201,=10.0759,=24.6559,=41.4671,=86.2620,=902.9270,=3.9963,=0.6378,=1.7714,=2.4678,=3.4537,=4.3891,=7.1765,=2.8473,=0.7561,=1.0736,=1.5817,=2.0655,=2.9679,=4.1072,=0.0074,=0.5014,=0.0021,=0.0040,=0.0074,=0.0138,=0.0241,=0.0489,=0.1107,=0.0216,=390
="H30106",H300金融服务,2013-05-21,=-0.0130,=1584.6737,=0.0469,=7.0110,=0.5036,=4.0175,=5.3653,=7.0024,=7.7687,=11.1922,=0.7492,=0.5215,=0.4470,=0.5779,=0.7403,=0.9081,=1.2489,=1.9795,=0.8505,=0.8557,=1.1817,=1.4773,=1.9116,=2.3593,=0.0448,=0.3246,=0.0288,=0.0433,=0.0472,=0.0664,=0.0918,,=0.1014,,=24
="HSSCHYS",恒生港股通红利优选指数,2023-06-01,=0.0029,=4853.2300,=0.0450,=7.7017,=0.7744,=4.2457,=4.7538,=5.8498,=7.8672,=9.0746,=0.7280,=0.7402,=0.4429,=0.5018,=0.5908,=0.7380,=0.8283,=1.1919,=0.9708,=0.6036,=0.6784,=0.8850,=1.0560,=1.2508,=0.0595,=0.1648,=0.0497,=0.0605,=0.0713,=0.0877,=0.0947,,=0.0899,,=89
="930914",港股通高股息,2016-11-25,=0.0018,=5127.0749,=0.0424,=7.9824,=0.8162,=3.4280,=4.4340,=5.9700,=7.8559,=11.1979,=0.7650,=0.7072,=0.3979,=0.5038,=0.6248,=0.8511,=1.1764,=1.2489,=0.7891,=0.5144,=0.7092,=0.9254,=1.2590,=2.2126,=0.0509,=0.1111,=0.0387,=0.0547,=0.0657,=0.0864,=0.1194,,=0.0918,,=753
="931524",SHS科技龙头,2020-07-16,=-0.0015,=2799.7884,=0.0418,=29.7454,=0.7365,=18.9033,=23.5132,=26.7941,=34.9893,=59.9125,=3.8468,=0.6265,=2.7731,=3.2930,=3.6878,=5.1318,=9.0190,=2.9036,=0.6454,=1.6886,=2.2602,=2.5673,=4.2169,=7.2475,=0.0081,=0.4209,=0.0027,=0.0048,=0.0086,=0.0100,=0.0124,,=0.1133,,=230
="HSCSOE",恒生中国央企指数,2023-01-01,=0.0039,=3745.1800,=0.0418,=7.9103,=0.8288,=4.9972,=5.5743,=6.2549,=7.7816,=8.5526,=0.7576,=0.7883,=0.5264,=0.5943,=0.6379,=0.7603,=0.8375,=0.9397,=0.8491,=0.5404,=0.5962,=0.6759,=0.9062,=1.0234,=0.0483,=0.0811,=0.0450,=0.0516,=0.0681,=0.0772,=0.0871,,=0.0956,,=118
="930846",300SNLV,2016-06-24,,,=0.0411,=10.7946,=0.8125,=7.7900,=9.2103,=10.1415,=10.7675,=12.6275,=1.0335,=0.1961,=0.8340,=1.0342,=1.0906,=1.2188,=1.5027,=1.2819,=0.7025,=0.7711,=0.9528,=1.1620,=1.3326,=1.6864,=0.0385,=0.6881,=0.0239,=0.0320,=0.0361,=0.0404,=0.0486,=0.0237,=0.0917,=0.0233,=151
="930743",中证生科,2015-08-26,=-0.0115,=3424.6789,=0.0400,=59.2720,=0.7899,=24.0733,=39.5208,=50.0969,=59.8447,=100.3520,=4.1448,=0.2773,=2.9526,=3.8413,=6.1239,=8.0612,=14.6705,=7.1534,=0.3774,=4.7455,=6.2659,=8.4744,=12.4149,=18.8359,=0.0084,=0.6205,=0.0025,=0.0045,=0.0061,=0.0106,=0.0169,=0.0226,=0.0618,=0.0204,=1228
="931476",ESG 120策略,2020-04-30,=-0.0003,=1447.2101,=0.0380,=11.8726,=0.8164,=7.8289,=9.6412,=10.6390,=11.8193,=13.2171,=1.3451,=0.7377,=1.0061,=1.1777,=1.2575,=1.3644,=1.7130,=1.6005,=0.9770,=0.7906,=1.0603,=1.1585,=1.3818,=1.6292,=0.0326,=0.3554,=0.0251,=0.0296,=0.0351,=0.0387,=0.0488,=0.0265,=0.1050,=0.0271,=53
="399372",大盘成长,2010-01-04,=0.0023,=5462.6400,=0.0363,=21.8730,=0.6580,=14.2162,=17.3835,=20.4407,=25.3722,=45.9159,=4.2499,=0.7338,=1.9139,=2.5129,=3.0662,=5.3725,=9.5601,=2.2941,=0.3585,=1.2183,=1.8035,=2.6017,=3.4508,=6.6651,=0.0163,=0.4326,=0.0069,=0.0115,=0.0171,=0.0232,=0.0308,=0.0399,=0.1447,=0.0379,=319
="399375",中盘价值,2010-01-04,=-0.0013,=6140.2200,=0.0348,=16.1347,=0.7771,=9.0528,=10.9370,=12.3151,=16.5542,=33.1718,=1.5130,=0.7787,=1.0236,=1.1932,=1.3323,=1.5352,=1.9880,=1.2496,=0.9860,=0.5167,=0.6432,=0.7492,=0.9808,=1.3254,=0.0278,=0.3494,=0.0137,=0.0240,=0.0309,=0.0368,=0.0505,=0.0258,=0.0785,=0.0211,=189
="399974",国企改革,2014-08-07,=-0.0005,=1964.3900,=0.0346,=16.1620,=0.7470,=8.5408,=11.0130,=13.4104,=16.7391,=23.5243,=1.4565,=0.4726,=1.0768,=1.3337,=1.4694,=1.8272,=2.8970,=1.1187,=0.6749,=0.6803,=0.8927,=1.0006,=1.2484,=2.2060,=0.0286,=0.4227,=0.0148,=0.0235,=0.0300,=0.0332,=0.0410,=0.0239,=0.0809,=0.0242,=377
="930782",500SNLV,2016-02-04,=-0.0020,=19430.0783,=0.0339,=20.3703,=0.5336,=13.0617,=17.6555,=20.0428,=23.7970,=33.4651,=1.6774,=0.7367,=1.0996,=1.3464,=1.4745,=1.7953,=2.6374,=1.2833,=0.7491,=0.5914,=0.8056,=0.8892,=1.3908,=2.0883,=0.0234,=0.8574,=0.0090,=0.0138,=0.0203,=0.0228,=0.0271,=0.0229,=0.0820,=0.0170,=1377
="930851",云计算,2016-07-20,=0.0163,=6703.0363,=0.0339,=77.5367,=0.6037,=37.0632,=53.1043,=68.3242,=96.1989,=313.0672,=8.4764,=0.9762,=2.7148,=3.6077,=4.3169,=5.4700,=9.9453,=5.4844,=0.9753,=1.6839,=2.4309,=3.1314,=3.7941,=6.4649,=0.0027,=0.0592,=0.0021,=0.0031,=0.0037,=0.0050,=0.0080,=0.0301,=0.0896,=0.0112,=479
="000913",300医药,2007-07-02,=-0.0158,=8487.1400,=0.0337,=32.7197,=0.4454,=22.1588,=28.7651,=33.3660,=39.5137,=73.4129,=3.5335,=0.1891,=2.7345,=3.5687,=4.7767,=6.0065,=9.5028,=2.9181,=0.2204,=2.2757,=2.8917,=3.3335,=5.3109,=7.4989,=0.0157,=0.8224,=0.0040,=0.0072,=0.0090,=0.0154,=0.0221,=0.0300,=0.0967,=0.0342,=3410
="000982",500等权,2011-06-13,=-0.0016,=9328.5700,=0.0335,=36.9197,=0.8958,=15.7028,=21.2829,=25.5754,=33.3023,=49.4567,=2.5306,=0.8298,=1.3824,=1.7163,=1.9217,=2.4416,=3.0628,=1.7514,=0.8570,=0.8118,=1.0305,=1.1726,=1.6099,=2.2566,=0.0127,=0.2954,=0.0064,=0.0118,=0.0143,=0.0184,=0.0237,=0.0210,=0.0620,=0.0169,=33
="000904",中证200,2007-01-15,=0.0040,=5838.2449,=0.0334,=22.4403,=0.9427,=11.9474,=14.9318,=16.7946,=19.4239,=25.2311,=1.8118,=0.5579,=1.2748,=1.5010,=1.7443,=2.0647,=2.3407,=1.3127,=0.2464,=1.0540,=1.2902,=1.4192,=1.6943,=2.1135,=0.0221,=0.5983,=0.0136,=0.0162,=0.0205,=0.0259,=0.0372,=0.0231,=0.0739,=0.0238,=723
="930629",CSSW健康,2015-05-08,=-0.0034,=5903.4516,=0.0310,=13.8628,=0.0461,=12.1031,=17.4970,=21.5435,=38.5781,=49.9253,=2.0382,=0.1314,=1.7351,=2.1495,=3.0373,=4.5851,=6.2998,=1.6776,=0.3243,=1.2755,=1.5525,=1.8845,=4.7309,=7.2978,=0.0225,=0.8904,=0.0055,=0.0077,=0.0158,=0.0211,=0.0272,=0.0270,=0.1388,=0.0324,=280
="000808",医药生物,2012-02-17,=-0.0132,=8541.0157,=0.0307,=35.8133,=0.6180,=23.4705,=28.3997,=34.5770,=37.8852,=66.3352,=3.2935,=0.2262,=2.6521,=3.2445,=4.1438,=4.9177,=7.9299,=3.0428,=0.4532,=2.0659,=2.6650,=3.0954,=3.5475,=6.2098,=0.0142,=0.7796,=0.0050,=0.0071,=0.0096,=0.0146,=0.0209,=0.0273,=0.0877,=0.0275,=1425
="000991",全指医药,2011-08-02,=-0.0130,=8977.5700,=0.0298,=33.7150,=0.4829,=23.5983,=29.4135,=33.9853,=39.5617,=73.5923,=3.1912,=0.2171,=2.5957,=3.1737,=3.7566,=4.6050,=6.5650,=2.9739,=0.4833,=2.0200,=2.6563,=2.9968,=3.7048,=5.9103,=0.0151,=0.8261,=0.0055,=0.0072,=0.0096,=0.0147,=0.0212,=0.0278,=0.0907,=0.0276,=7983
="399008",中小300,2010-03-22,=0.0018,=1703.3800,=0.0294,=31.1191,=0.5698,=17.8364,=25.4661,=30.3950,=35.0819,=44.1478,=2.8676,=0.4071,=1.7846,=2.4620,=2.9684,=3.7775,=4.6328,=1.9326,=0.3848,=1.1664,=1.6529,=2.0513,=2.7844,=3.7893,=0.0131,=0.6877,=0.0063,=0.0085,=0.0115,=0.0151,=0.0216,=0.0232,=0.0868,=0.0228,=508
="931140",医药50,2019-03-20,=-0.0114,=10581.6813,=0.0293,=27.4200,=0.4090,=20.8651,=25.5276,=28.6542,=42.6141,=67.0844,=4.2233,=0.2026,=3.0998,=4.2186,=4.9507,=7.3892,=10.9696,=4.9437,=0.4285,=3.4950,=4.6140,=5.1303,=7.0996,=12.1248,=0.0154,=0.6884,=0.0046,=0.0077,=0.0108,=0.0173,=0.0237,=0.0393,=0.1515,=0.0402,=1211
="HSCCI",恒生香港中资企业指数,1997-06-16,=0.0106,=4132.6900,=0.0292,=8.8151,=0.5067,=4.8859,=6.8732,=8.7694,=11.4648,=16.1208,=0.8296,=0.4247,=0.5567,=0.7305,=0.8618,=1.1536,=1.3660,=0.9465,=0.4365,=0.5555,=0.7807,=0.9796,=1.3473,=1.5178,=0.0568,=0.6025,=0.0276,=0.0363,=0.0534,=0.0663,=0.1028,,=0.0951,,=36
="H30199",电力指数,2013-07-15,=-0.0196,=2903.1945,=0.0287,=17.8158,=0.3539,=14.1448,=16.9157,=18.9680,=25.0122,=78.5133,=1.7321,=0.5389,=1.2472,=1.5161,=1.7173,=1.8429,=2.0960,=1.8040,=0.8138,=1.1507,=1.4427,=1.5881,=1.7844,=2.2389,=0.0278,=0.7099,=0.0166,=0.0223,=0.0267,=0.0284,=0.0333,=0.0213,=0.0878,=0.0244,=752
="931166",医药健康100,2019-04-25,=-0.0082,=4146.8713,=0.0281,=27.2841,=0.5897,=17.5935,=22.4166,=25.9758,=35.7799,=58.5515,=3.7968,=0.4063,=2.7671,=3.3748,=4.1789,=5.8473,=8.5226,=4.9126,=0.8742,=2.1887,=3.0598,=3.7881,=4.5060,=6.8190,=0.0150,=0.6027,=0.0059,=0.0080,=0.0121,=0.0180,=0.0263,=0.0346,=0.1325,=0.0321,=402
="000510",中证A500,2024-09-23,=0.0019,=5801.1700,=0.0281,=17.3187,=0.7664,=12.2476,=14.4943,=16.3733,=17.3880,=18.3286,=1.7058,=0.7424,=1.2883,=1.4960,=1.6500,=1.7170,=1.7791,=1.4967,=0.7533,=1.0081,=1.2192,=1.4073,=1.5095,=1.5740,=0.0239,=0.1376,=0.0227,=0.0245,=0.0262,=0.0322,=0.0380,=0.0241,=0.0887,=0.0240,=2529
="399989",中证医疗,2014-10-31,=-0.0109,=6949.4700,=0.0280,=31.4233,=0.2938,=22.9032,=29.6672,=38.0091,=59.8421,=114.3753,=3.6047,=0.1710,=2.8553,=3.6878,=5.4489,=8.1687,=13.4814,=5.7967,=0.2563,=4.3528,=5.5992,=6.5322,=9.4594,=17.4163,=0.0123,=0.6782,=0.0025,=0.0042,=0.0057,=0.0145,=0.0225,=0.0284,=0.1137,=0.0290,=8572
="H30463",沪港深500医药,2014-11-28,=-0.0189,=7983.0314,=0.0278,=35.9729,=0.5304,=23.3470,=31.0222,=35.5607,=42.6572,=94.1690,=3.7506,=0.2796,=2.7545,=3.5141,=4.4198,=5.5958,=10.0878,=3.6161,=0.6390,=1.9470,=2.8257,=3.2978,=4.0686,=9.3489,=0.0120,=0.7757,=0.0038,=0.0069,=0.0089,=0.0124,=0.0194,,=0.0979,,=43
="931897",绿色电力,2012-12-21,=-0.0188,=1112.3249,=0.0273,=17.7771,=0.4005,=12.4356,=16.2794,=18.6109,=23.5753,=3316.8719,=1.7524,=0.7141,=1.0802,=1.3464,=1.6511,=1.7879,=2.0565,=1.8541,=0.8550,=0.8910,=1.1301,=1.2734,=1.7301,=2.6891,=0.0276,=0.8368,=0.0111,=0.0186,=0.0233,=0.0271,=0.0335,=0.0214,=0.0880,=0.0237,=179
="000092",资源50,2011-05-10,=0.0111,=5004.8500,=0.0252,=15.7711,=0.5974,=7.9483,=11.3499,=14.8900,=22.2211,=52.0101,=1.8671,=0.9617,=0.9579,=1.2635,=1.4013,=1.5465,=2.3324,=1.0297,=0.9567,=0.4148,=0.5541,=0.6760,=0.7966,=1.2646,=0.0301,=0.2991,=0.0094,=0.0286,=0.0354,=0.0449,=0.0578,=0.0363,=0.1132,=0.0314,=39
="000046",上证中小,2009-07-03,=0.0025,=5256.7100,=0.0250,=17.0504,=0.6658,=10.5504,=12.1058,=15.2242,=18.0912,=22.4992,=1.4882,=0.5200,=1.0626,=1.2077,=1.4775,=1.7627,=2.0905,=1.3545,=0.7672,=0.8596,=1.0256,=1.1230,=1.3929,=1.6429,=0.0234,=0.5744,=0.0151,=0.0188,=0.0225,=0.0299,=0.0371,=0.0219,=0.0784,=0.0213,=348
="399394",国证医药,2012-10-29,=-0.0138,=8697.9900,=0.0249,=35.7527,=0.5995,=22.8656,=29.2541,=34.0511,=39.0314,=65.8576,=3.4544,=0.2196,=2.7032,=3.3926,=4.4592,=5.3889,=8.6075,=3.0727,=0.4627,=1.9890,=2.7092,=3.1293,=4.6156,=6.5385,=0.0143,=0.7989,=0.0047,=0.0072,=0.0093,=0.0143,=0.0225,=0.0285,=0.0916,=0.0308,=1070
="000906",中证800,2007-01-15,=0.0011,=5234.9400,=0.0246,=16.5238,=0.9052,=10.7808,=12.9023,=14.0921,=15.9877,=18.9686,=1.6152,=0.6028,=1.1816,=1.3959,=1.5518,=1.7186,=1.9628,=1.5918,=0.9468,=1.0117,=1.1472,=1.2953,=1.4884,=1.6796,=0.0240,=0.4326,=0.0180,=0.0211,=0.0248,=0.0289,=0.0389,=0.0241,=0.0890,=0.0237,=2698
="931381",中证长三角,2019-11-25,=-0.0012,=2073.6929,=0.0245,=14.2779,=0.8644,=9.1117,=10.6797,=12.0590,=14.0302,=16.1441,=1.4263,=0.6724,=0.9630,=1.1530,=1.3152,=1.5479,=1.8124,=1.7187,=0.8730,=0.8724,=1.0737,=1.2580,=1.5792,=1.9541,=0.0258,=0.2460,=0.0209,=0.0254,=0.0283,=0.0322,=0.0422,=0.0256,=0.0961,=0.0259,=12
="930716",CS物流,2015-07-31,=-0.0033,=1202.0600,=0.0237,=16.7637,=0.4157,=6.6312,=13.0083,=18.2790,=33.6504,=505.8138,=1.2608,=0.1009,=1.1511,=1.2963,=1.9631,=2.5548,=3.8580,=0.4737,=0.6180,=0.2137,=0.3289,=0.4559,=0.6818,=1.0555,=0.0326,=0.7050,=0.0055,=0.0091,=0.0124,=0.0374,=0.0692,=0.0197,=0.0542,=0.0209,=246
="931591",1000成长创新,2020-11-09,=0.0052,=33500.3579,=0.0235,=30.7317,=0.3953,=18.0900,=24.5249,=32.1237,=35.7435,=40.6167,=3.4249,=0.5075,=2.0923,=3.0093,=3.4080,=4.3539,=5.3788,=3.2907,=0.5611,=1.8413,=2.7476,=3.1128,=3.8337,=5.2879,=0.0123,=0.6326,=0.0063,=0.0086,=0.0110,=0.0139,=0.0216,=0.0271,=0.1062,=0.0239,=151
="1000003",深圳A股,1994-01-01,=0.0033,=2590.2100,=0.0234,=45.7076,=0.7820,=20.1337,=32.6807,=37.4329,=46.6302,=60.3260,=2.8753,=0.6152,=1.7026,=2.2996,=2.6842,=3.2086,=3.8682,=2.0697,=0.5995,=1.2021,=1.6469,=1.9189,=2.3666,=3.1873,=0.0123,=0.6082,=0.0070,=0.0091,=0.0117,=0.0136,=0.0208,=0.0203,=0.0553,=0.0180,=1835
="932438",科创创业机器人,2025-05-16,,,=0.0232,=97.6175,=0.8393,=67.6486,=77.5712,=84.7182,=95.4827,=120.6496,=5.4335,=0.3311,=4.8391,=5.2714,=5.6424,=6.1892,=6.8835,=5.7644,=0.2361,=5.1403,=5.7358,=6.0406,=6.6162,=7.4199,=0.0037,=0.3672,=0.0030,=0.0036,=0.0039,=0.0043,=0.0049,=0.0153,=0.0666,,=68
="000150",380红利,2012-07-20,=0.0025,=11825.3900,=0.0231,=14.8362,=0.7511,=5.2545,=8.5513,=12.0935,=15.9908,=19.8070,=1.0488,=0.3144,=0.6172,=0.8678,=1.3437,=1.6435,=2.2575,=0.4880,=0.4631,=0.2775,=0.3623,=0.5320,=1.5060,=2.3204,=0.0448,=0.5031,=0.0247,=0.0351,=0.0447,=0.0581,=0.0734,=0.0206,=0.0377,=0.0185,=44
="000852",中证1000,2014-10-17,=0.0070,=7769.8200,=0.0230,=45.9862,=0.7342,=18.9344,=30.9274,=37.8145,=47.7501,=79.6160,=2.4970,=0.5410,=1.4880,=2.1060,=2.4320,=2.8984,=4.1599,=1.7622,=0.6939,=0.9250,=1.3827,=1.5867,=1.9204,=3.4714,=0.0106,=0.5068,=0.0038,=0.0082,=0.0106,=0.0125,=0.0194,=0.0158,=0.0499,=0.0155,=7494
="399311",国证1000,2005-02-03,=0.0018,=5065.9600,=0.0218,=17.3181,=0.8900,=11.0854,=13.3222,=14.6230,=16.8326,=19.8966,=1.6593,=0.6024,=1.1918,=1.4217,=1.5928,=1.7981,=2.0383,=1.6058,=0.9468,=1.0112,=1.1700,=1.3063,=1.5309,=1.7074,=0.0231,=0.4330,=0.0172,=0.0199,=0.0239,=0.0282,=0.0380,=0.0236,=0.0857,=0.0233,=143
="000933",中证医药,2009-07-03,=-0.0131,=8263.0700,=0.0213,=33.2586,=0.5966,=22.6651,=27.9022,=32.2706,=36.5338,=63.0472,=3.3162,=0.2637,=2.5059,=3.1762,=3.9708,=4.6203,=7.0232,=2.8918,=0.4207,=1.9281,=2.5100,=2.9979,=3.5230,=5.1631,=0.0154,=0.8022,=0.0055,=0.0078,=0.0098,=0.0154,=0.0226,=0.0282,=0.0926,=0.0299,=7199
="000961",中证上游,2010-04-16,=0.0152,=5167.4185,=0.0206,=16.4897,=0.5756,=8.3063,=11.4863,=15.6492,=23.1487,=72.6914,=1.9009,=0.9588,=0.9003,=1.1960,=1.3695,=1.5365,=2.4036,=1.0438,=0.9559,=0.3813,=0.5134,=0.6295,=0.7858,=1.2905,=0.0289,=0.2447,=0.0092,=0.0282,=0.0343,=0.0447,=0.0576,=0.0373,=0.1119,=0.0305,=50
="930791",CS医药TI,2016-03-22,=-0.0106,=9446.5840,=0.0202,=36.8715,=0.6131,=23.2364,=30.0855,=35.4360,=40.3632,=70.7414,=3.0607,=0.2196,=2.4395,=3.0223,=3.8397,=4.5832,=6.6660,=2.7887,=0.3885,=2.0598,=2.5748,=2.9567,=3.5236,=5.1130,=0.0146,=0.8191,=0.0054,=0.0072,=0.0097,=0.0143,=0.0204,=0.0251,=0.0784,=0.0255,=199
="399438",绿色电力,2014-12-30,=-0.0192,=2029.3000,=0.0191,=19.4520,=0.5604,=13.5016,=16.8181,=19.0958,=22.0380,=41.2289,=1.8536,=0.6238,=1.2516,=1.5034,=1.8018,=1.9344,=2.3077,=2.1553,=0.9164,=1.1906,=1.4256,=1.8240,=2.0526,=3.6995,=0.0261,=0.4442,=0.0163,=0.0221,=0.0267,=0.0294,=0.0348,=0.0222,=0.0881,=0.0248,=219
="931052",国信价值,2017-12-08,=-0.0031,=3513.2714,=0.0179,=9.7300,=0.8875,=5.3831,=6.6037,=7.4634,=8.8917,=11.0091,=1.2709,=0.8495,=0.7343,=0.9133,=1.0346,=1.1851,=1.5208,=1.7330,=0.9202,=0.6105,=0.9474,=1.2409,=1.4758,=2.0196,=0.0422,=0.3794,=0.0262,=0.0384,=0.0440,=0.0530,=0.0692,=0.0310,=0.1267,=0.0326,=592
="931397",A股通50,2020-02-20,,,=0.0178,=14.0691,=0.6017,=8.9450,=10.5949,=12.9931,=21.4260,=29.8209,=1.7673,=0.5184,=1.1048,=1.2796,=1.7536,=3.5597,=4.6955,=2.3240,=0.7008,=1.0496,=1.2889,=1.8914,=2.8482,=3.9597,=0.0276,=0.4790,=0.0113,=0.0157,=0.0279,=0.0366,=0.0493,=0.0296,=0.1069,=0.0278,=11
="H11059",工业有色,2009-07-22,=0.0157,=4047.1360,=0.0164,=18.5685,=0.3235,=10.0577,=14.6239,=27.5350,=53.1487,=131.1130,=3.5218,=0.9123,=1.4392,=1.9997,=2.4202,=3.2001,=4.9901,=1.3188,=0.9341,=0.5048,=0.7399,=0.8631,=1.1540,=1.8706,=0.0179,=0.7334,=0.0035,=0.0056,=0.0104,=0.0205,=0.0285,=0.0664,=0.1735,=0.0401,=141
="931168",绿色价值100,2019-06-27,,,=0.0163,=12.6237,=0.7551,=8.4906,=9.9909,=11.3580,=12.8134,=14.6050,=1.3474,=0.6707,=1.0223,=1.1894,=1.2836,=1.4032,=1.6052,=1.5641,=0.9237,=0.9649,=1.1315,=1.2531,=1.3655,=1.6482,=0.0307,=0.3692,=0.0243,=0.0292,=0.0315,=0.0356,=0.0439,=0.0274,=0.1011,=0.0242,=13
="399303",国证2000,2014-03-28,=0.0079,=10115.4700,=0.0160,=52.2108,=0.7895,=23.3937,=36.3012,=42.0277,=52.7670,=94.3111,=2.5507,=0.6926,=1.4941,=2.0787,=2.2964,=2.7006,=4.0650,=1.9425,=0.7482,=1.0643,=1.3926,=1.5534,=2.0914,=3.4322,=0.0100,=0.3910,=0.0040,=0.0086,=0.0104,=0.0118,=0.0187,=0.0140,=0.0453,=0.0143,=727
="931268",持续发展,2019-11-15,=-0.0032,=2246.8996,=0.0154,=16.0827,=0.6278,=14.1354,=15.0805,=15.7558,=16.2539,=17.1877,=2.1729,=0.5890,=1.7338,=1.8357,=2.1390,=2.2421,=2.3440,=1.9833,=0.9126,=1.5998,=1.7253,=1.7968,=1.8374,=2.0502,=0.0280,=0.0841,=0.0268,=0.0287,=0.0305,=0.0316,=0.0326,=0.0313,=0.1256,=0.0323,=24
="000944",内地资源,2009-10-28,=0.0145,=5387.9754,=0.0152,=16.6616,=0.5984,=8.0950,=11.4517,=15.5527,=22.8665,=66.3491,=1.9071,=0.9613,=0.8945,=1.1841,=1.3588,=1.5274,=2.3924,=1.0465,=0.9572,=0.3754,=0.5051,=0.6228,=0.7809,=1.2835,=0.0288,=0.2109,=0.0090,=0.0285,=0.0348,=0.0457,=0.0579,=0.0374,=0.1109,=0.0304,=11
="000842",800等权,2012-12-21,,,=0.0150,=16.5238,=0.9052,=10.7808,=12.9023,=14.0921,=15.9877,=18.9686,=1.6152,=0.6028,=1.1816,=1.3959,=1.5518,=1.7186,=1.9628,=1.5918,=0.9468,=1.0117,=1.1472,=1.2953,=1.4884,=1.6796,=0.0240,=0.4326,=0.0180,=0.0211,=0.0248,=0.0289,=0.0389,=0.0241,=0.0890,=0.0237,=162
="000903",中证A100,2006-05-29,=0,=4551.6500,=0.0145,=17.8128,=0.9720,=9.4390,=11.2442,=12.6105,=14.5643,=18.7565,=1.9291,=0.9856,=1.1800,=1.3859,=1.5241,=1.6813,=1.9716,=1.6607,=0.9885,=0.9660,=1.1007,=1.2201,=1.3827,=1.7127,=0.0261,=0.1628,=0.0221,=0.0264,=0.0291,=0.0329,=0.0397,=0.0253,=0.0942,=0.0251,=3092
="000860",结构调整,2018-03-26,=0.0031,=1241.4500,=0.0140,=16.0250,=0.7608,=9.5233,=12.4781,=13.9988,=16.3065,=20.6443,=1.4778,=0.8728,=1.1018,=1.2889,=1.3726,=1.4564,=1.6430,=0.9233,=0.9789,=0.4658,=0.5889,=0.6786,=0.7949,=0.9608,=0.0317,=0.5054,=0.0220,=0.0262,=0.0315,=0.0369,=0.0499,=0.0222,=0.0831,=0.0231,=151
="980081",价值100,2012-12-28,,,=0.0140,=10.1501,=0.8114,=7.7317,=8.3701,=9.0104,=10.1078,=11.5920,=1.0969,=0.7320,=0.8413,=0.8866,=1.0180,=1.1166,=1.3448,=1.2067,=0.9801,=0.7580,=0.8101,=0.9700,=1.1278,=1.2392,=0.0472,=0.3896,=0.0420,=0.0452,=0.0491,=0.0545,=0.0599,=0.0275,=0.0995,=0.0251,=507
="HSHCI",恒生医疗保健指数,2015-08-17,=-0.0205,=3712.1700,=0.0138,=33.0648,=0.4896,=15.9973,=23.3600,=33.4047,=116.7583,=143059.6617,=2.8418,=0.5859,=1.4805,=2.2601,=2.6619,=3.4857,=7.0432,=1.7798,=0.7702,=0.8149,=1.0321,=1.3126,=1.8603,=3.5391,=0.0115,=0.5144,=0.0038,=0.0082,=0.0114,=0.0148,=0.0248,,=0.0975,,=1744
="1000002",A股全指,1994-01-01,=0.0030,=5991.0190,=0.0121,=22.6229,=0.9225,=12.9500,=16.6929,=18.4859,=21.5377,=25.0020,=1.8426,=0.6007,=1.2633,=1.5740,=1.7422,=2.0074,=2.1910,=1.6955,=0.8249,=1.0499,=1.2419,=1.3991,=1.6710,=1.9034,=0.0193,=0.4137,=0.0142,=0.0166,=0.0205,=0.0235,=0.0329,=0.0215,=0.0745,=0.0211,=7966
="000985",中证全指,2011-08-02,=0.0030,=5991.0190,=0.0121,=21.6140,=0.9279,=12.6044,=15.9637,=17.6544,=20.4728,=23.7678,=1.8013,=0.5843,=1.2581,=1.5484,=1.7145,=1.9497,=2.1557,=1.6593,=0.8162,=1.0381,=1.2268,=1.3876,=1.6456,=1.8438,=0.0199,=0.4310,=0.0148,=0.0174,=0.0207,=0.0240,=0.0333,=0.0216,=0.0749,=0.0212,=734
="930903",中证A股,2016-10-18,=0.0030,=4129.2077,=0.0117,=21.6728,=0.9017,=12.9620,=16.2652,=17.8148,=20.6275,=23.9680,=1.8035,=0.6017,=1.2607,=1.5549,=1.7139,=1.9440,=2.2108,=1.6626,=0.8368,=1.0406,=1.2331,=1.3815,=1.6404,=1.9264,=0.0198,=0.4239,=0.0139,=0.0174,=0.0206,=0.0237,=0.0332,=0.0216,=0.0748,=0.0212,=20
="1000012",中小板全指,2005-12-01,=0.0010,=14693.9800,=0.0102,=39.2292,=0.4384,=22.6352,=35.3655,=41.1020,=47.6970,=73.8161,=2.7701,=0.4767,=1.7125,=2.3729,=2.8025,=3.4310,=4.6213,=1.8478,=0.3844,=1.1448,=1.6386,=1.9703,=2.5441,=3.9110,=0.0121,=0.6724,=0.0054,=0.0082,=0.0108,=0.0134,=0.0200,=0.0209,=0.0671,=0.0194,=568
="399101",中小综指,2005-12-01,=0.0010,=14693.9800,=0.0102,=39.0245,=0.4508,=22.7937,=34.4929,=40.4873,=46.1379,=65.2068,=2.7554,=0.4763,=1.7151,=2.3689,=2.7874,=3.4025,=4.6265,=1.8724,=0.3914,=1.1654,=1.6542,=1.9962,=2.5544,=3.9244,=0.0121,=0.6827,=0.0054,=0.0083,=0.0108,=0.0134,=0.0200,=0.0208,=0.0674,=0.0195,=26
="932039",央企股东回报,2022-11-16,=0.0019,=1600.9096,=0.0089,=12.8410,=0.9181,=8.0198,=9.7163,=11.0334,=12.0461,=13.8005,=1.2383,=0.8934,=0.8847,=1.0127,=1.1139,=1.1797,=1.4098,=0.8049,=0.9080,=0.3642,=0.4268,=0.5326,=0.6841,=0.8821,=0.0413,=0.1437,=0.0383,=0.0420,=0.0448,=0.0473,=0.0553,=0.0235,=0.0905,=0.0215,=135
="000300",沪深300,2005-04-08,=0.0004,=4665.8800,=0.0078,=14.3195,=0.8438,=10.0799,=11.6919,=12.7157,=14.1709,=17.6279,=1.4673,=0.4965,=1.1457,=1.3350,=1.4683,=1.6202,=1.9228,=1.5524,=0.9081,=1.0330,=1.1718,=1.3130,=1.4667,=1.7482,=0.0272,=0.4808,=0.0199,=0.0236,=0.0274,=0.0317,=0.0422,=0.0246,=0.0934,=0.0249,=49296
="930050",中证A50,2024-01-02,=-0.0023,=1800.6544,=0.0073,=17.2877,=0.4676,=13.9812,=16.0139,=17.3823,=18.1099,=19.9330,=2.1884,=0.7488,=1.7817,=1.9718,=2.0942,=2.2048,=2.3759,=1.7193,=0.9763,=1.0165,=1.1288,=1.3703,=1.5750,=1.7441,=0.0281,=0.1232,=0.0260,=0.0286,=0.0297,=0.0308,=0.0348,=0.0291,=0.1115,=0.0275,=1031
="931829",中证回购,2023-10-17,,,=0.0069,=21.6638,=0.1820,=16.8171,=22.0338,=25.2781,=34.1928,=40.4937,=2.1555,=0.8879,=1.3801,=1.5738,=1.7467,=2.0137,=2.3571,=0.8458,=0.1063,=0.7604,=0.9295,=1.0099,=1.1474,=1.4917,=0.0286,=1,=0.0146,=0.0164,=0.0207,=0.0242,=0.0286,=0.0242,=0.0495,=0.0133,=40
="931132",诚通央企红利,2023-05-04,=-0.0021,=1631.5817,=0.0054,=13.7604,=0.9009,=9.0905,=10.6303,=11.9709,=13.0977,=15.2313,=1.3112,=0.8570,=0.9482,=1.0932,=1.1846,=1.2460,=1.5338,=0.7812,=0.8871,=0.3626,=0.4255,=0.5660,=0.6951,=0.8835,=0.0408,=0.2120,=0.0374,=0.0407,=0.0440,=0.0456,=0.0498,=0.0249,=0.0916,=0.0215,=42
="930651",CS计算机,2015-06-05,=0.0097,=7796.3455,=0.0054,=42.5753,=0.1442,=33.6687,=44.2839,=56.2275,=66.9030,=115.0591,=4.8935,=0.7062,=2.6283,=3.7942,=4.3725,=5.0926,=6.5144,=2.9925,=0.2653,=2.0877,=2.9079,=3.5911,=4.2738,=5.5248,=0.0099,=0.9069,=0.0028,=0.0059,=0.0071,=0.0091,=0.0156,=0.0244,=0.0892,=0.0073,=665
="000937",中证公用,2009-07-03,=-0.0130,=2506.7693,=0.0051,=16.9325,=0.2851,=13.4460,=16.6002,=18.6426,=21.1313,=46.5328,=1.7170,=0.3626,=1.3423,=1.6286,=1.7699,=1.9633,=2.2557,=1.6508,=0.6395,=1.2657,=1.4810,=1.5857,=1.7797,=3.2521,=0.0300,=0.8768,=0.0192,=0.0235,=0.0276,=0.0292,=0.0348,=0.0215,=0.0905,=0.0250,=341
="000995",全指公用,2011-08-02,=-0.0128,=2595.3390,=0.0048,=17.4375,=0.2864,=14.4124,=16.7502,=18.9141,=23.9608,=55.0107,=1.7231,=0.4883,=1.2839,=1.5403,=1.7266,=1.8684,=2.1268,=1.7396,=0.7775,=1.2094,=1.4214,=1.5277,=1.7778,=2.4023,=0.0284,=0.8488,=0.0172,=0.0230,=0.0259,=0.0281,=0.0321,=0.0217,=0.0896,=0.0244,=328
="000028",180成长,2009-01-09,=-0.0013,=3930.9800,=0.0046,=14.4707,=0.4837,=9.5268,=12.2716,=14.6650,=18.2344,=25.1474,=2.1146,=0.3234,=1.5063,=1.8593,=2.6889,=3.1694,=5.1089,=2.6195,=0.9856,=1.1581,=1.4636,=1.6328,=1.8901,=2.7082,=0.0233,=0.5888,=0.0090,=0.0178,=0.0225,=0.0253,=0.0375,=0.0333,=0.1358,=0.0227,=195
="H11146",港股通内地金融,2010-06-02,=-0.0105,=1104.6544,=0.0037,=5.9912,=0.4862,=3.2759,=4.5181,=6.0414,=6.7473,=9.2347,=0.6083,=0.3999,=0.3797,=0.4941,=0.6601,=0.8760,=1.1859,=1.5517,=0.7431,=0.6692,=0.9479,=1.3189,=1.6002,=2.1885,=0.0481,=0.4425,=0.0302,=0.0445,=0.0500,=0.0726,=0.0994,,=0.0970,,=47
="399310",国证A50,2005-09-05,=-0.0044,=8045,=0.0035,=16.8390,=0.8179,=8.8433,=10.5888,=13.6071,=16.6058,=22.6576,=2.0287,=0.7845,=1.1237,=1.3133,=1.6779,=2.0423,=2.9417,=1.4987,=0.7763,=0.9633,=1.1381,=1.2470,=1.5138,=2.2769,=0.0243,=0.2217,=0.0160,=0.0240,=0.0294,=0.0317,=0.0370,=0.0272,=0.1076,=0.0263,=292
="000824",国企红利,2012-07-20,=0.0009,=2127.3767,=0.0030,=8.8459,=0.9015,=4.8847,=5.9406,=7.3386,=8.5001,=10.7823,=0.8553,=0.5571,=0.5610,=0.6880,=0.8236,=1.0592,=1.4469,=1.2749,=0.8150,=0.5370,=0.7016,=0.9867,=1.2640,=1.6834,=0.0429,=0.2575,=0.0328,=0.0418,=0.0481,=0.0583,=0.0694,=0.0232,=0.0892,=0.0226,=965
="000861",央企创新,2019-05-16,=-0.0002,=2573.5436,=0.0028,=15.7842,=0.8563,=10.3360,=12.0565,=13.4517,=15.2406,=18.8086,=1.4346,=0.9176,=1.0351,=1.1883,=1.2998,=1.3896,=1.5975,=0.8287,=0.9483,=0.4544,=0.5199,=0.5850,=0.7379,=0.8999,=0.0309,=0.4301,=0.0234,=0.0271,=0.0332,=0.0376,=0.0493,=0.0222,=0.0826,=0.0232,=270
="399019",创业200,2023-11-15,=0.0098,=4556.2300,=0.0022,=70.8452,=0.3457,=45.1604,=60.1191,=83.3217,=110.0366,=137.0675,=3.4135,=0.5895,=1.8905,=2.4864,=3.2179,=3.8734,=4.5553,=3.2779,=0.7222,=1.7802,=2.3379,=2.8806,=3.4164,=4.2060,=0.0077,=0.4568,=0.0055,=0.0065,=0.0078,=0.0089,=0.0120,=0.0165,=0.0404,=0.0111,=85
="931247",中证信创,2012-12-21,=0.0088,=1466.1071,=0.0017,=72.1331,=0.0060,=66.5979,=100.3025,=195.2911,=272.9287,=369.3964,=6.2066,=0.8291,=2.7947,=3.5275,=4.7252,=6.0283,=7.8335,=4.9040,=0.7942,=2.8203,=3.4281,=4.1733,=4.9558,=6.1894,=0.0035,=0.1661,=0.0029,=0.0036,=0.0042,=0.0052,=0.0076,=0.0271,=0.0400,=0.0016,=104
="000979",大宗商品,2011-08-22,=0.0068,=6793.2566,=0.0013,=17.2947,=0.5735,=9.9333,=12.8903,=16.3488,=22.5032,=55.6298,=1.8717,=0.9555,=1.1381,=1.3703,=1.4903,=1.6354,=2.3336,=1.0168,=0.9563,=0.4909,=0.5833,=0.6999,=0.8371,=1.2291,=0.0277,=0.3511,=0.0088,=0.0253,=0.0307,=0.0396,=0.0489,=0.0335,=0.1029,=0.0285,=713
="932457",港股通现金流,2025-02-28,,,=-0.0003,=11.7793,=0.8978,=7.5325,=8.9854,=10.3602,=11.5826,=12.3320,=1.2336,=0.6602,=1.0440,=1.1354,=1.1950,=1.3148,=1.5343,=0.6575,=0.1133,=0.5752,=0.8744,=0.9558,=1.1894,=1.4545,=0.0409,=0.0110,=0.0403,=0.0430,=0.0491,=0.0625,=0.0701,,=0.0990,,=42
="000056",上证国企,2010-01-04,=-0.0013,=1246.1000,=-0.0010,=10.0656,=0.6119,=7.2538,=8.8792,=9.7363,=10.7955,=13.3187,=1.1227,=0.5113,=0.8518,=1.0314,=1.1195,=1.2135,=1.5455,=1.7622,=0.9926,=0.7909,=0.9986,=1.1169,=1.2444,=1.8201,=0.0369,=0.5624,=0.0242,=0.0312,=0.0351,=0.0430,=0.0568,=0.0264,=0.1060,=0.0271,=206
="HSAHP",恒生沪深港通AH股溢价指数,2007-07-09,=0.0031,=123.2700,=-0.0015,=10.8717,=0.9012,=5.5550,=7.1430,=8.3701,=9.7694,=12.3156,=1.0778,=0.7894,=0.6208,=0.7734,=0.9226,=1.0835,=1.3863,=1.2415,=0.9087,=0.5653,=0.7668,=0.9030,=1.0900,=1.3750,=0.0329,=0.1177,=0.0268,=0.0347,=0.0398,=0.0520,=0.0665,,=0.0958,,=349
="987018",港股通创新药,2021-11-18,,,=-0.0016,=49.0739,=0.4923,=22.9379,=35.9778,=49.5985,=94.8068,=537.2167,=3.7684,=0.6902,=1.6768,=2.3133,=3.2516,=4.1354,=6.0885,=5.5793,=0.5740,=2.6005,=3.5755,=5.3344,=7.0483,=12.1954,=0.0080,=0.5895,=0.0023,=0.0056,=0.0073,=0.0142,=0.0182,,=0.0844,,=331
="931802",中证龙头,2010-02-09,=-0.0004,=1839.8853,=-0.0023,=13.6592,=0.7272,=9.1945,=11.4192,=12.4265,=14.0025,=18.2393,=2.0554,=0.9534,=1.2921,=1.4746,=1.6713,=1.8974,=2.6625,=2.7824,=0.9876,=0.9048,=1.0840,=1.3672,=2.0132,=2.8954,=0.0282,=0.4129,=0.0165,=0.0261,=0.0292,=0.0352,=0.0446,=0.0324,=0.1325,=0.0308,=98
="000917",300公用,2007-07-02,=-0.0073,=2453.7904,=-0.0029,=17.0466,=0.3028,=13.3250,=16.4235,=17.8561,=20.5953,=34.2477,=1.9083,=0.4141,=1.4019,=1.7123,=1.9741,=2.1718,=2.6347,=1.8494,=0.5653,=1.3139,=1.6332,=1.8148,=1.9943,=3.2322,=0.0321,=0.7660,=0.0191,=0.0239,=0.0299,=0.0325,=0.0390,=0.0223,=0.0974,=0.0266,=39
="000683",科创生物,2022-05-09,=-0.0064,=1068.7800,=-0.0034,=123.6032,=0.1696,=31.4909,=149.8219,=1762.2969,=-213.8802,=97054.3385,=6.6947,=0.8642,=4.0903,=4.9064,=5.4584,=6.3681,=7.9611,=10.5857,=0.6012,=7.6079,=9.2280,=10.3107,=11.4394,=14.1963,=0.0025,=0.0231,=0.0025,=0.0030,=0.0046,=0.0061,=0.0086,=0.0094,=0.0457,=0.0035,=69
="000044",上证中盘,2009-07-03,=0.0023,=4547.0800,=-0.0036,=12.9383,=0.5571,=8.6509,=10.4793,=12.5317,=14.6389,=18.7575,=1.2125,=0.3877,=0.9210,=1.0900,=1.2705,=1.6519,=1.9734,=1.2244,=0.4516,=0.9382,=1.1499,=1.2440,=1.4261,=1.7773,=0.0298,=0.6712,=0.0180,=0.0223,=0.0269,=0.0338,=0.0421,=0.0229,=0.0859,=0.0223,=100
="000859",国企一带一路,2019-05-16,=-0.0008,=1813.9349,=-0.0041,=10.1648,=0.0926,=9.4709,=10.5191,=12.4846,=14.4775,=21.0714,=0.9970,=0.0358,=0.9283,=1.1424,=1.4321,=1.7719,=2.1877,=1.1472,=0.9716,=0.4715,=0.5658,=0.7430,=0.8392,=1.1924,=0.0356,=0.7483,=0.0208,=0.0254,=0.0319,=0.0368,=0.0454,=0.0234,=0.0898,=0.0201,=273
="931722",国新港股通央企红利,2023-09-13,=0.0062,=1311.3989,=-0.0044,=9.4605,=0.7838,=5.5040,=6.7164,=7.8178,=9.4970,=10.8173,=0.8565,=0.6137,=0.6213,=0.7395,=0.8277,=0.9081,=1.0298,=0.5889,=0.7462,=0.3100,=0.3835,=0.4820,=0.6096,=0.6918,=0.0539,=0.1004,=0.0469,=0.0568,=0.0615,=0.0685,=0.0823,,=0.0875,,=376
="000922",中证红利,2008-05-26,=0.0026,=5478.3945,=-0.0046,=8.3976,=0.7474,=5.1762,=6.0245,=7.6580,=8.6235,=11.2156,=0.8209,=0.4466,=0.5911,=0.7110,=0.8431,=1.1080,=1.4999,=1.2429,=0.8129,=0.6332,=0.7726,=1.0442,=1.2361,=1.7101,=0.0430,=0.2736,=0.0309,=0.0408,=0.0471,=0.0596,=0.0693,=0.0233,=0.0895,=0.0228,=20422
="931892",有色矿业,2013-07-15,=0.0133,=3946.5317,=-0.0050,=19.8937,=0.2637,=13.1272,=18.5704,=30.7374,=55.9055,=131.9594,=3.6600,=0.9365,=1.7020,=2.1368,=2.5468,=3.1971,=5.3430,=1.3767,=0.9168,=0.6092,=0.7896,=0.9203,=1.2379,=2.0391,=0.0149,=0.7351,=0.0026,=0.0056,=0.0093,=0.0169,=0.0229,=0.0653,=0.1630,=0.0363,=194
="000822",500红利,2012-07-20,,,=-0.0069,=14.0766,=0.7577,=7.4138,=9.6102,=11.2714,=15.3238,=26.4578,=1.1613,=0.4100,=0.8670,=1.0202,=1.2288,=1.4915,=2.2771,=0.5694,=0.5064,=0.2906,=0.3999,=0.5641,=1.1015,=1.8159,=0.0411,=0.5019,=0.0164,=0.0284,=0.0411,=0.0491,=0.0638,=0.0233,=0.0658,=0.0188,=39
="931000",大湾区,2017-07-19,=0.0002,=1756.4395,=-0.0070,=20.3722,=0.9160,=11.8370,=14.5727,=16.2485,=19.1257,=23.4463,=2.1301,=0.5474,=1.3750,=1.7706,=2.0738,=2.5463,=3.2666,=1.5822,=0.5256,=1.1015,=1.3354,=1.5630,=1.8695,=2.5221,=0.0213,=0.4734,=0.0138,=0.0173,=0.0221,=0.0260,=0.0341,=0.0236,=0.0809,=0.0227,=16
="000971",等权90,2010-12-02,=-0.0016,=3335.0315,=-0.0072,=13.7643,=0.7970,=8.9747,=10.9529,=11.9289,=13.7725,=19.4330,=1.5707,=0.7088,=1.1544,=1.3322,=1.4600,=1.6216,=2.2329,=1.8291,=0.9835,=1.0052,=1.1518,=1.2687,=1.5501,=1.9075,=0.0271,=0.3077,=0.0181,=0.0255,=0.0290,=0.0330,=0.0448,=0.0259,=0.1045,=0.0271,=10
="000987",全指材料,2011-08-02,=0.0096,=4973.5900,=-0.0074,=23.1317,=0.6234,=11.8534,=16.4330,=21.1336,=27.6805,=1017.4011,=2.5044,=0.8014,=1.3547,=1.6741,=2.0388,=2.5038,=3.3213,=1.2458,=0.7231,=0.6546,=0.8399,=1.0193,=1.3374,=1.7398,=0.0161,=0.4281,=0.0046,=0.0120,=0.0172,=0.0209,=0.0269,=0.0340,=0.0892,=0.0206,=393
="HSHDYI",恒生高股息率指数,2012-12-10,=0.0021,=1266.0100,=-0.0074,=7.4712,=0.7211,=3.6777,=4.8617,=6.6099,=7.8186,=10.6953,=0.6886,=0.5436,=0.4041,=0.5047,=0.6467,=0.9070,=1.1746,=1.0903,=0.5384,=0.5013,=0.7009,=1.0619,=1.4993,=1.9871,=0.0542,=0.2570,=0.0423,=0.0527,=0.0604,=0.0808,=0.1102,,=0.0903,,=921
="930931",港股通50,2017-01-16,=-0.0099,=3848.1908,=-0.0077,=10.0444,=0.5504,=6.5385,=8.7149,=9.8150,=11.3612,=15.8907,=1.0803,=0.4492,=0.7428,=0.9473,=1.0953,=1.1791,=1.6058,=1.8605,=0.7483,=1.1204,=1.4717,=1.7108,=1.9125,=2.6369,=0.0348,=0.3575,=0.0233,=0.0327,=0.0371,=0.0437,=0.0589,,=0.0979,,=296
="HSSCSOY",恒生港股通中国央企红利指数,2023-06-01,=0.0013,=3985.2400,=-0.0088,=6.7352,=0.7009,=4.1647,=4.6575,=5.7095,=6.9532,=7.8218,=0.6238,=0.5792,=0.4381,=0.4972,=0.5957,=0.6834,=0.7455,=1.0548,=0.9708,=0.5323,=0.5989,=0.7527,=0.9571,=1.1223,=0.0529,=0.0875,=0.0487,=0.0565,=0.0683,=0.0863,=0.0936,,=0.0921,,=270
="H11057",石化产业,2009-07-22,=0.0002,=1353.6302,=-0.0090,=14.8508,=0.6128,=9.0713,=12,=13.9718,=19.2820,=46.6548,=1.5415,=0.9238,=0.9085,=1.1927,=1.3435,=1.4467,=1.9948,=0.8141,=0.9046,=0.4002,=0.4807,=0.6129,=0.7552,=1.0264,=0.0318,=0.3119,=0.0099,=0.0304,=0.0364,=0.0407,=0.0471,=0.0331,=0.0946,=0.0281,=74
="399314",巨潮大盘,2005-02-03,=-0.0009,=5071.7700,=-0.0091,=13.3087,=0.7425,=9.6620,=11.1381,=12.0765,=13.4972,=17.5384,=1.4159,=0.4994,=1.0976,=1.2830,=1.4159,=1.5848,=1.9279,=1.5496,=0.8970,=0.9932,=1.1678,=1.3130,=1.4723,=1.8124,=0.0284,=0.4854,=0.0201,=0.0248,=0.0286,=0.0328,=0.0435,=0.0244,=0.0938,=0.0251,=17
="932305",智选高股息,2024-09-30,=-0.0109,=11047.9047,=-0.0100,=9.2369,=0.6821,=7.0143,=7.5147,=8.3800,=9.4661,=10.9391,=1.0631,=0.6004,=0.8750,=0.9265,=1.0525,=1.0857,=1.1675,=0.5097,=0.0397,=0.4805,=0.7216,=0.7698,=1.2713,=1.3342,=0.0609,=0.3753,=0.0457,=0.0594,=0.0636,=0.0684,=0.0723,=0.0253,=0.1000,=0.0324,=361
="931395",沪港深300,2020-01-14,=-0.0035,=1706.1121,=-0.0104,=12.0777,=0.6655,=8.3275,=10.0332,=10.8990,=12.5345,=16.6490,=1.2714,=0.5838,=0.9663,=1.1054,=1.2247,=1.3685,=1.7241,=1.5753,=0.7820,=0.9881,=1.1744,=1.3328,=1.5875,=1.8801,=0.0310,=0.3315,=0.0218,=0.0273,=0.0331,=0.0392,=0.0499,,=0.0964,,=510
="1000004",上海A股,1994-01-01,=0.0001,=3927.1800,=-0.0105,=17.3898,=0.9456,=10.8441,=12.9364,=14.2986,=16.2164,=18.4959,=1.5169,=0.5995,=1.1181,=1.3162,=1.4444,=1.5956,=1.8457,=1.5271,=0.9534,=0.9734,=1.0889,=1.2357,=1.4055,=1.6065,=0.0235,=0.3646,=0.0184,=0.0214,=0.0253,=0.0296,=0.0389,=0.0219,=0.0804,=0.0221,=4923
="000001",上证指数,1991-07-15,=0.0001,=3927.1800,=-0.0105,=16.6702,=0.9275,=10.8403,=12.7209,=13.8351,=15.9682,=17.9144,=1.4779,=0.5715,=1.1148,=1.3021,=1.4409,=1.5652,=1.8463,=1.4844,=0.9209,=0.9369,=1.0774,=1.2157,=1.4096,=1.5771,=0.0242,=0.4071,=0.0185,=0.0222,=0.0252,=0.0297,=0.0391,=0.0219,=0.0804,=0.0221,=1536
="000978",医药100,2011-03-18,=-0.0107,=10312.7103,=-0.0111,=34.1621,=0.5299,=23.7467,=28.9111,=33.6861,=37.7140,=66.4077,=3.2763,=0.2233,=2.6475,=3.2378,=4.1749,=5.0232,=7.8052,=3.0412,=0.4396,=2.0946,=2.6763,=3.1231,=3.6588,=5.9820,=0.0148,=0.8002,=0.0050,=0.0071,=0.0094,=0.0148,=0.0209,=0.0280,=0.0911,=0.0286,=4724
="399348",深证价值,2009-11-04,=-0.0070,=6449.5800,=-0.0111,=16.6330,=0.6934,=9.9756,=12.8084,=14.9162,=17.4895,=21.4453,=1.7406,=0.5352,=1.2527,=1.4911,=1.7204,=2.0776,=2.9268,=1.2861,=0.6432,=0.8306,=1.0363,=1.1856,=1.5018,=2.1193,=0.0295,=0.7215,=0.0153,=0.0217,=0.0267,=0.0308,=0.0407,=0.0245,=0.0871,=0.0201,=292
="931167",先进制造100,2019-04-25,=-0.0070,=7652.3949,=-0.0115,=16.7763,=0.7861,=10.3762,=13.0287,=14.2853,=16.9480,=20.9116,=2.8092,=0.8516,=1.6383,=2.0291,=2.2643,=2.6147,=3.3727,=1.9581,=0.9221,=0.9031,=1.2357,=1.4426,=1.6715,=2.1795,=0.0305,=0.8595,=0.0136,=0.0208,=0.0256,=0.0293,=0.0362,=0.0404,=0.1483,=0.0310,=344
="931526",企业核心竞争力50,2020-08-24,=-0.0016,=1294.7523,=-0.0124,=14.2827,=0.0228,=13.8510,=17.0680,=22.5996,=29.8095,=51.8267,=1.7404,=0.0221,=1.6745,=2.9112,=4.0405,=6.7572,=10.8733,=2.0558,=0.3515,=0.9066,=1.5219,=3.4168,=4.5048,=7.9459,=0.0270,=0.8156,=0.0072,=0.0118,=0.0172,=0.0239,=0.0352,=0.0371,=0.1485,=0.0461,=100
="931644",800红利,2024-03-15,,,=-0.0125,=8.8408,=0.6416,=6.4729,=7.3740,=8.4223,=9.0470,=9.4757,=0.8584,=0.4966,=0.7001,=0.7731,=0.8588,=0.9054,=0.9431,=1.2374,=0.6058,=0.8423,=0.9284,=1.1526,=1.2909,=1.3602,=0.0438,=0.2833,=0.0416,=0.0431,=0.0468,=0.0575,=0.0662,=0.0236,=0.0906,=0.0231,=34
="399395",国证有色,2012-10-29,=0.0134,=9548.5200,=-0.0127,=20.0342,=0.3185,=12.7731,=17.8511,=27.9653,=54.7508,=315.7327,=3.4610,=0.9230,=1.7304,=2.0833,=2.5074,=3.0957,=4.8522,=1.3752,=0.9510,=0.6150,=0.7945,=0.9087,=1.1736,=1.9521,=0.0158,=0.7375,=0.0031,=0.0056,=0.0103,=0.0178,=0.0242,=0.0618,=0.1543,=0.0354,=668
="932037",央企现代能源,2022-11-16,=-0.0023,=1439.1304,=-0.0137,=15.3860,=0.8811,=10.8583,=12.0321,=12.9133,=14.4077,=18.2611,=1.5581,=0.7764,=1.1507,=1.3431,=1.4226,=1.5700,=1.8914,=0.9299,=0.8877,=0.4850,=0.6220,=0.7559,=0.8478,=1.0835,=0.0332,=0.1035,=0.0297,=0.0357,=0.0404,=0.0430,=0.0461,=0.0273,=0.0952,=0.0272,=39
="399550",央视50,2012-06-06,=-0.0040,=7965.1700,=-0.0156,=9.9839,=0.7285,=6.8960,=8.3092,=9.3520,=10.1648,=13.0561,=1.0050,=0.1879,=0.8649,=1.0117,=1.2314,=1.4261,=1.8564,=2.0752,=0.8150,=1.3448,=1.6641,=1.8314,=2.0644,=2.5217,=0.0398,=0.6139,=0.0268,=0.0326,=0.0377,=0.0446,=0.0593,=0.0237,=0.0945,=0.0248,=2275
="H30590",机器人,2015-02-10,=0.0036,=1877.7281,=-0.0160,=58.4867,=0.6831,=24.1742,=42.0198,=50.8777,=63.2897,=89.9138,=4.6814,=0.8719,=2.1765,=2.8831,=3.6968,=4.4422,=6.0751,=4.5670,=0.8797,=1.6011,=2.4247,=3.4045,=4.3024,=5.4887,=0.0068,=0.4829,=0.0045,=0.0055,=0.0069,=0.0079,=0.0128,=0.0149,=0.0720,=0.0144,=938
="931484",CS医药创新,2020-05-06,=-0.0101,=1426.5763,=-0.0161,=25.9490,=0.3386,=18.2098,=24.1360,=27.4137,=43.9524,=86.1757,=4.5659,=0.2133,=3.3236,=4.5232,=5.3852,=11.2731,=17.5605,=5.6684,=0.2539,=3.7485,=5.4911,=6.3783,=11.2904,=20.8272,=0.0149,=0.5978,=0.0021,=0.0045,=0.0133,=0.0166,=0.0269,=0.0424,=0.1752,=0.0382,=402
="930598",稀土产业,2015-03-02,=0.0251,=2761.3052,=-0.0162,=35.6741,=0.4067,=21.1133,=29.2013,=39.3733,=68.5194,=273.6885,=3.1388,=0.8298,=1.4810,=1.9699,=2.3151,=3.0431,=4.3047,=1.4876,=0.6893,=0.6656,=0.9718,=1.1871,=1.6449,=2.1537,=0.0103,=0.8978,=0.0025,=0.0048,=0.0068,=0.0094,=0.0135,=0.0350,=0.0883,=0.0227,=751
="000010",上证180,2002-07-01,=-0.0004,=9849.5400,=-0.0166,=12.0459,=0.7651,=8.4900,=9.9408,=11.0319,=12.1428,=14.6942,=1.2294,=0.4227,=0.9930,=1.1498,=1.2579,=1.3646,=1.6698,=1.4158,=0.9143,=0.8990,=1.0652,=1.1927,=1.3123,=1.4916,=0.0310,=0.4788,=0.0224,=0.0272,=0.0313,=0.0373,=0.0465,=0.0240,=0.0943,=0.0246,=2507
="932000",中证2000,2023-08-11,=0.0078,=3149.1391,=-0.0169,=117.5192,=0.5962,=44.0427,=58.3974,=87.9683,=153.8451,=228.3990,=2.6089,=0.6745,=1.5089,=1.9843,=2.3510,=2.8550,=3.3036,=2.1510,=0.6841,=1.1809,=1.5611,=1.8747,=2.3266,=2.6726,=0.0080,=0.2953,=0.0062,=0.0077,=0.0091,=0.0114,=0.0155,=0.0098,=0.0154,=0.0097,=1225
="HSISC",恒指港股通指数,2024-03-01,=-0.0102,=3437.6900,=-0.0169,=11.5785,=0.6606,=7.5992,=8.6728,=10.6027,=11.9216,=12.8475,=1.2337,=0.6772,=0.8411,=0.9217,=1.1446,=1.2575,=1.3442,=1.5460,=0.6106,=0.9830,=1.1421,=1.4439,=1.6104,=1.7320,=0.0340,=0.1780,=0.0322,=0.0342,=0.0382,=0.0501,=0.0595,,=0.1037,,=52
="932366",300现金流,2024-11-12,=0.0016,=3284.6236,=-0.0171,=14.4035,=0.6581,=12.5879,=13.4301,=14.0220,=14.9303,=16.2670,=1.6809,=0.1803,=1.4920,=1.6850,=1.8212,=1.8947,=1.9885,=1.3038,=0.3583,=1.0861,=1.2250,=1.3905,=1.4395,=1.5124,=0.0371,=0.1288,=0.0324,=0.0380,=0.0400,=0.0411,=0.0453,=0.0285,=0.1163,=0.0355,=184
="931848",800红利低波,2024-05-21,=-0.0051,=3106.8405,=-0.0185,=8.9211,=0.4485,=7.4155,=8.2593,=9.0438,=9.4587,=9.7854,=0.8727,=0.2629,=0.7315,=0.8575,=0.9170,=0.9682,=1.0024,=1.6391,=0.9706,=1.1714,=1.2392,=1.3537,=1.3939,=1.7233,=0.0422,=0.3566,=0.0399,=0.0412,=0.0436,=0.0518,=0.0594,=0.0237,=0.0929,=0.0230,=159
="HSI",恒生指数,1989-03-09,=-0.0110,=25116.8500,=-0.0200,=11.7251,=0.6970,=6.9462,=9.2277,=10.3768,=12.2508,=16.9606,=1.2399,=0.7247,=0.7519,=0.9738,=1.1313,=1.2676,=1.5570,=1.5013,=0.5726,=0.8141,=1.1481,=1.4420,=1.6542,=2.0895,=0.0336,=0.2322,=0.0204,=0.0330,=0.0368,=0.0444,=0.0596,,=0.1032,,=13617
="1000015",港股全指,2000-01-01,=-0.0110,=25116.8500,=-0.0200,=13.1735,=0.7268,=7.5917,=10.2572,=11.4505,=13.5956,=19.1348,=1.1209,=0.6387,=0.6574,=0.8645,=1.0727,=1.1862,=1.5123,=1.2051,=0.6683,=0.6196,=0.8646,=1.1077,=1.2706,=1.5791,=0.0320,=0.3784,=0.0205,=0.0300,=0.0332,=0.0422,=0.0574,,,,=308
="399020",创业小盘,2023-11-15,=0.0128,=1741.5800,=-0.0204,=109.9976,=0.3078,=48.5170,=82.2958,=143.4892,=211.9429,=256.8495,=3.4892,=0.6201,=1.8521,=2.4595,=3.2222,=3.7912,=4.3734,=3.4748,=0.6351,=1.9895,=2.5807,=3.1950,=3.7894,=4.2999,=0.0060,=0.1742,=0.0050,=0.0061,=0.0068,=0.0083,=0.0109,=0.0115,=0.0199,=0.0104,=13
="399377",小盘价值,2010-01-04,=-0.0079,=7530,=-0.0217,=17.1508,=0.6886,=9.8385,=13.2802,=15.1897,=19.4658,=34.2299,=1.3255,=0.6800,=0.8997,=1.0826,=1.2375,=1.5356,=2.1990,=0.7461,=0.5482,=0.4594,=0.5455,=0.7123,=1.1552,=1.8295,=0.0291,=0.6911,=0.0113,=0.0197,=0.0258,=0.0310,=0.0386,=0.0183,=0.0578,=0.0162,=625
="399313",巨潮100,2005-02-03,=-0.0016,=5325.4900,=-0.0223,=12.4974,=0.8105,=8.9278,=10.3882,=11.1357,=12.4220,=16.6101,=1.3652,=0.5797,=1.0718,=1.2426,=1.3393,=1.4929,=1.8501,=1.7072,=0.9852,=0.9844,=1.1492,=1.2714,=1.4555,=1.7644,=0.0291,=0.3457,=0.0217,=0.0274,=0.0303,=0.0349,=0.0452,=0.0250,=0.0999,=0.0255,=210
="000821",300红利,2012-07-20,=-0.0007,=6520.3318,=-0.0228,=8.6773,=0.8385,=4.9998,=6.1944,=7.5620,=8.5006,=10.9286,=0.8515,=0.4627,=0.5725,=0.7140,=0.8623,=1.0787,=1.4919,=1.3783,=0.8710,=0.6098,=0.7993,=1.0660,=1.3275,=1.6963,=0.0440,=0.3098,=0.0319,=0.0424,=0.0473,=0.0563,=0.0673,=0.0235,=0.0916,=0.0239,=1005
="000043",超大盘,2009-04-23,=-0.0056,=2556.3900,=-0.0230,=11.5296,=0.6119,=7.5271,=9.4626,=10.9299,=12.9346,=17.2195,=1.3447,=0.4545,=0.9803,=1.2132,=1.3555,=1.5050,=1.9858,=2.2241,=0.9699,=0.7153,=0.8671,=1.2622,=1.5294,=2.3305,=0.0319,=0.4466,=0.0191,=0.0241,=0.0326,=0.0406,=0.0547,=0.0268,=0.1053,=0.0277,=167
="000955",中证国企,2010-02-09,,,=-0.0235,=14.9851,=0.8055,=10.0979,=11.7062,=12.7358,=14.9668,=16.8119,=1.2599,=0.4314,=1.0210,=1.1826,=1.2868,=1.4189,=1.7591,=1.2849,=0.8039,=0.7969,=0.9757,=1.0903,=1.2828,=1.4527,=0.0274,=0.5089,=0.0195,=0.0242,=0.0273,=0.0324,=0.0414,=0.0213,=0.0765,=0.0217,=44
="399698",优势成长,2017-06-15,=0.0066,=50860.7400,=-0.0243,=26.1813,=0.6448,=14.2338,=18.2554,=23.1973,=35.5124,=66.5130,=1.4597,=0.1563,=1.2178,=1.4880,=1.9018,=2.2979,=2.9395,=2.3374,=0.7616,=0.6634,=1.0644,=1.7220,=2.5958,=4.7303,=0.0268,=0.9349,=0.0069,=0.0108,=0.0159,=0.0212,=0.0303,=0.0192,=0.0690,=0.0052,=41
="000819",有色金属,2012-05-09,=0.0127,=9114.2700,=-0.0244,=19.8593,=0.3123,=12.4710,=17.7448,=27.8563,=53.4283,=197.1149,=3.5721,=0.9023,=1.7791,=2.1409,=2.6249,=3.2725,=4.9698,=1.4003,=0.9176,=0.6317,=0.8246,=0.9662,=1.2830,=1.9863,=0.0162,=0.7367,=0.0033,=0.0059,=0.0107,=0.0185,=0.0249,=0.0625,=0.1569,=0.0361,=2036
="931233",港股通央企红利,2017-06-28,=0.0005,=1136.9757,=-0.0245,=7.1696,=0.7080,=3.6988,=4.9746,=6.3967,=7.4434,=14.0775,=0.6737,=0.5638,=0.3929,=0.5239,=0.6462,=0.8590,=1.8161,=0.9730,=0.5313,=0.4645,=0.6252,=0.9486,=1.3880,=1.7583,=0.0522,=0.2230,=0.0394,=0.0519,=0.0570,=0.0795,=0.1038,,=0.0906,,=483
="H30455",沪港深500,2014-11-28,=-0.0039,=2590.0078,=-0.0252,=12.9858,=0.7497,=8.5690,=10.3719,=11.5542,=13.2223,=16.8903,=1.3371,=0.6032,=0.9675,=1.1611,=1.2953,=1.4055,=1.7307,=1.5699,=0.8650,=0.9518,=1.1784,=1.3289,=1.5165,=1.7787,=0.0297,=0.4062,=0.0214,=0.0275,=0.0306,=0.0375,=0.0485,,=0.0953,,=525
="000825",央企红利,2012-07-20,=-0.0019,=3365.6544,=-0.0254,=9.2030,=0.9386,=4.7369,=6.0940,=7.3096,=8.4944,=10.5687,=0.8885,=0.5826,=0.5507,=0.6915,=0.8555,=0.9977,=1.3929,=1.2232,=0.8035,=0.6009,=0.8548,=1.0767,=1.2220,=1.7357,=0.0418,=0.1776,=0.0330,=0.0422,=0.0473,=0.0555,=0.0713,=0.0224,=0.0902,=0.0228,=387
="932420",智选船舶产业,2025-05-28,=0.0050,=1408.4294,=-0.0255,=19.0948,=0.6890,=12.9248,=14.1879,=16.6207,=19.7190,=21.8048,=1.4008,=0.7391,=1.1414,=1.2433,=1.3002,=1.4111,=1.5726,=1.0086,=0.6823,=0.8043,=0.8839,=0.9471,=1.0325,=1.1519,=0.0255,=0.2742,=0.0219,=0.0251,=0.0300,=0.0319,=0.0350,=0.0198,=0.0735,,=20
="000929",中证材料,2009-07-03,=0.0085,=4349.2624,=-0.0255,=21.6000,=0.6527,=9.9126,=14.1083,=19.5220,=24.7949,=609.7360,=2.4577,=0.8888,=1.3680,=1.6188,=1.9047,=2.3121,=3.1607,=1.2165,=0.8232,=0.6315,=0.7658,=0.8824,=1.1968,=1.5845,=0.0174,=0.4137,=0.0058,=0.0133,=0.0200,=0.0239,=0.0294,=0.0399,=0.1037,=0.0230,=528
="932255",A500红利增长,2025-04-09,,,=-0.0259,=10.8456,=0.4559,=9.2509,=10.4171,=10.8997,=11.7408,=12.2754,=1.2429,=0.2614,=1.0684,=1.2197,=1.2843,=1.3618,=1.4369,=1.7251,=0.3769,=1.3292,=1.6730,=1.7530,=1.9556,=2.0549,=0.0340,=0.2006,=0.0327,=0.0340,=0.0354,=0.0373,=0.0393,=0.0280,=0.1066,,=43
="399702",深证F120,2010-05-10,=-0.0077,=7364.9300,=-0.0278,=25.4089,=0.9518,=12.6034,=17.7484,=20.7799,=22.6301,=28.8861,=2.3011,=0.6193,=1.5963,=1.9896,=2.2160,=2.6272,=3.5867,=1.4557,=0.6440,=0.8721,=1.1406,=1.3251,=1.5883,=2.2308,=0.0214,=0.7066,=0.0114,=0.0165,=0.0194,=0.0232,=0.0299,=0.0250,=0.0726,=0.0233,=1430
="930708",中证有色,2015-07-13,=0.0121,=2997.7465,=-0.0280,=19.7992,=0.2769,=13.9228,=18.3787,=29.5870,=57.3116,=410.8504,=3.3133,=0.8698,=1.7134,=2.0956,=2.5633,=3.1625,=4.7639,=1.2018,=0.8101,=0.6123,=0.7796,=0.8963,=1.1937,=1.7984,=0.0156,=0.7487,=0.0032,=0.0056,=0.0100,=0.0168,=0.0233,=0.0592,=0.1479,=0.0346,=534
="931992",疫苗生物,2013-07-15,=-0.0029,=1171.5550,=-0.0295,=6514.0928,=0.9960,=26.1322,=64.6203,=88.4600,=148.6570,=7094.3245,=3.2512,=0.6436,=2.2475,=2.7017,=3.0424,=3.6238,=5.0256,=5.8414,=0.9287,=3.7134,=4.7075,=5.1903,=5.5812,=6.4257,=0.0094,=0.5376,=0.0060,=0.0068,=0.0087,=0.0105,=0.0125,=0.0112,=0.0013,=0.0085,=32
="931238",SSH黄金股票,2017-10-17,=0.0095,=3157.0403,=-0.0301,=16.9499,=0.1094,=13.5435,=18.3470,=23.3214,=35.6139,=92.1543,=3.5237,=0.9236,=1.4294,=1.8185,=2.0209,=2.3752,=6.0579,=1.1206,=0.9293,=0.3659,=0.4664,=0.5534,=0.6720,=1.9529,=0.0218,=0.8577,=0.0052,=0.0085,=0.0127,=0.0209,=0.0325,,=0.1869,,=354
="930992",沪港深红利低波,2017-06-28,,,=-0.0304,=7.9217,=0.8217,=4.0130,=5.2160,=5.9516,=7.8384,=8.5109,=0.7425,=0.8402,=0.4277,=0.5390,=0.5945,=0.7326,=0.7950,=1.1682,=0.7617,=0.4496,=0.6022,=0.8915,=1.1857,=1.3912,=0.0502,=0.0600,=0.0476,=0.0537,=0.0714,=0.0766,=0.0949,,=0.0878,,=55
="000813",细分化工,2012-04-11,=0.0003,=3696.7243,=-0.0304,=21.3199,=0.4796,=11.4329,=16.5252,=21.8606,=27.5924,=42.1751,=2.5566,=0.4874,=1.6736,=2.0410,=2.5866,=3.0935,=4.9148,=1.4417,=0.5299,=0.8896,=1.1114,=1.3997,=1.9471,=3.1071,=0.0173,=0.5480,=0.0059,=0.0108,=0.0165,=0.0201,=0.0259,=0.0394,=0.0961,=0.0234,=990
="980015",疫苗生科,2015-02-16,=-0.0107,=6090.0100,=-0.0312,=52.7359,=0.7686,=24.1714,=31.2307,=43.0321,=53.5557,=80.8207,=4.0553,=0.4745,=2.9980,=3.5763,=4.0931,=6.4049,=11.0606,=7.0136,=0.6215,=4.5746,=5.4928,=6.4379,=8.7768,=15.0694,=0.0096,=0.4410,=0.0026,=0.0055,=0.0100,=0.0133,=0.0175,=0.0223,=0.0693,=0.0219,=74
="H30270",红利价值,2013-12-19,=-0.0039,=9235.3136,=-0.0312,=7.7369,=0.7219,=4.4543,=5.4471,=6.7893,=8.6123,=13.0955,=0.7861,=0.5657,=0.5256,=0.6495,=0.7643,=1.2324,=1.7317,=1.5679,=0.9559,=0.5854,=0.8137,=1.0045,=1.3073,=1.6637,=0.0429,=0.2657,=0.0269,=0.0419,=0.0502,=0.0629,=0.0726,=0.0235,=0.0936,=0.0240,=217
="931373",股息龙头,2019-11-15,,,=-0.0333,=9.9670,=0.8405,=5.4295,=6.9023,=8.4216,=9.6124,=11.4004,=1.1761,=0.9016,=0.6697,=0.8561,=1.0160,=1.1313,=1.2586,=1.8328,=0.9878,=0.5706,=0.8163,=0.9937,=1.4082,=1.9212,=0.0396,=0.1840,=0.0347,=0.0398,=0.0463,=0.0543,=0.0682,=0.0258,=0.1004,=0.0264,=329
="950090",50AH优选,2015-12-10,=-0.0048,=5977.2417,=-0.0334,=9.8909,=0.8126,=6.3188,=7.9172,=8.6982,=9.8576,=13.5010,=1.0551,=0.5765,=0.7914,=0.9506,=1.0299,=1.1228,=1.5403,=1.3886,=0.9672,=0.6574,=0.8491,=0.9551,=1.0759,=1.4553,=0.0365,=0.3304,=0.0256,=0.0346,=0.0397,=0.0476,=0.0655,,=0.1007,,=1999
="399701",深证F60,2010-05-10,=-0.0094,=7675.1800,=-0.0335,=21.9453,=0.7668,=12.1841,=17.0099,=19.9188,=22.2568,=29.1141,=2.0860,=0.3304,=1.6712,=2.0189,=2.1822,=2.5392,=3.7270,=1.3635,=0.4998,=1.0125,=1.2363,=1.3635,=1.5636,=2.4139,=0.0260,=0.8892,=0.0118,=0.0177,=0.0206,=0.0248,=0.0310,=0.0232,=0.0664,=0.0243,=1680
="931587",500价值稳健,2020-11-09,=-0.0117,=21210.5347,=-0.0335,=16.9515,=0.9352,=9.7530,=12.2182,=14.2375,=15.6080,=19.8926,=1.3752,=0.8683,=0.8925,=1.0578,=1.1598,=1.3204,=1.5437,=0.8144,=0.9884,=0.3384,=0.4612,=0.5131,=0.5891,=0.8392,=0.0347,=0.6536,=0.0250,=0.0297,=0.0336,=0.0360,=0.0456,=0.0221,=0.0672,=0.0198,=80
="930949",价值回报,2017-02-24,,,=-0.0340,=13.4547,=0.8866,=5.5354,=8.1635,=10.0340,=12.4470,=17.5400,=2.2031,=0.8110,=1.2865,=1.4782,=1.7518,=2.1747,=3.1701,=1.4465,=0.9674,=0.5488,=0.7126,=0.8771,=1.2769,=1.7276,=0.0364,=0.5267,=0.0155,=0.0258,=0.0351,=0.0485,=0.0681,=0.0290,=0.1096,=0.0305,=29
="931672",风电产业,2021-04-29,=-0.0050,=1701.4369,=-0.0341,=34.0062,=0.8956,=16.8665,=21.1603,=24.2990,=29.6783,=45.5856,=1.9440,=0.4669,=1.3490,=1.6829,=1.9817,=2.4563,=3.5946,=2.3515,=0.5643,=1.4458,=1.8949,=2.1660,=2.6988,=3.3215,=0.0116,=0.5058,=0.0064,=0.0084,=0.0116,=0.0154,=0.0206,=0.0166,=0.0571,=0.0184,=64
="000811",细分有色,2012-04-11,=0.0116,=10984.5913,=-0.0342,=19.4094,=0.2798,=13.5118,=17.9652,=29.4689,=56.4125,=305.9562,=3.3989,=0.8912,=1.7438,=2.0869,=2.5625,=3.1654,=4.8073,=1.3262,=0.9234,=0.6338,=0.7856,=0.9040,=1.1905,=1.9173,=0.0161,=0.7495,=0.0033,=0.0057,=0.0102,=0.0172,=0.0234,=0.0611,=0.1531,=0.0352,=200
="932315",中证红利质量,2024-07-08,=-0.0003,=4352.3319,=-0.0358,=16.0244,=0.6321,=12.3916,=13.7867,=15.6272,=16.5811,=18.7206,=3.0786,=0.5323,=2.1812,=2.4156,=3.0277,=3.9577,=4.4900,=3.7319,=0.9922,=2.0136,=2.2102,=3.0329,=3.2205,=3.7823,=0.0363,=0.1115,=0.0312,=0.0370,=0.0389,=0.0420,=0.0443,=0.0482,=0.1829,=0.0412,=567
="930902",中证数据,2016-10-18,=0.0141,=3073.1720,=-0.0363,=110.5903,=0.7479,=37.6891,=57.3310,=78.9192,=121.3717,=366.0842,=4.3651,=0.6809,=2.4001,=3.4295,=4.0007,=4.6656,=5.5171,=2.9570,=0.2504,=2.0473,=2.8790,=3.3655,=4.1534,=7.0542,=0.0037,=0.5846,=0.0020,=0.0030,=0.0036,=0.0047,=0.0091,=0.0025,=0.0339,=0.0011,=251
="931130",红利成长低波,2018-12-04,,,=-0.0370,=7.7273,=0.4930,=4.4465,=5.5919,=7.7906,=8.7039,=11.5512,=0.7782,=0.3398,=0.5279,=0.6260,=0.8965,=1.0266,=1.5803,=2.6386,=0.9920,=0.3109,=0.8157,=1.3243,=1.9496,=2.8088,=0.0408,=0.4035,=0.0246,=0.0323,=0.0423,=0.0532,=0.0639,=0.0231,=0.0934,=0.0229,=154
="930723",沪港深F100,2015-08-05,=-0.0051,=4901.3916,=-0.0373,=9.8931,=0.6920,=5.4557,=7.5729,=9.0730,=10.1716,=13.1279,=1.0144,=0.5172,=0.6469,=0.8477,=1.0078,=1.1158,=1.4626,=1.3056,=0.8233,=0.6039,=0.8635,=1.0804,=1.2925,=1.6654,=0.0378,=0.3917,=0.0281,=0.0354,=0.0393,=0.0500,=0.0650,,=0.0918,,=151
="HSCAIT",恒生A股行业龙头指数,2009-09-21,=-0.0049,=5544.3700,=-0.0377,=12.2959,=0.8671,=8.2192,=9.8003,=10.5345,=11.8662,=14.1027,=1.3155,=0.6794,=1.0288,=1.1884,=1.2669,=1.3563,=1.6997,=1.3280,=0.9148,=0.8424,=0.9741,=1.0582,=1.2206,=1.4109,=0.0345,=0.4700,=0.0260,=0.0318,=0.0347,=0.0405,=0.0503,=0.0256,=0.1023,=0.0256,=494
="000016",上证50,2004-01-02,=-0.0041,=2916.1300,=-0.0379,=11.4412,=0.7614,=8.3126,=9.6664,=10.5180,=11.5645,=15.1108,=1.2428,=0.5196,=1.0245,=1.1706,=1.2389,=1.3330,=1.6482,=1.6085,=0.9773,=0.8665,=1.0182,=1.1353,=1.2949,=1.6553,=0.0319,=0.3605,=0.0240,=0.0291,=0.0333,=0.0397,=0.0497,=0.0249,=0.1007,=0.0262,=23622
="931586",300价值稳健,2020-11-09,=-0.0042,=7339.1788,=-0.0385,=11.6382,=0.6469,=8.1741,=9.7080,=11.1627,=12.7134,=15.0111,=1.2816,=0.3553,=0.9699,=1.1947,=1.3224,=1.5117,=1.6570,=1.2935,=0.8113,=0.7359,=0.8663,=0.9880,=1.2519,=1.5639,=0.0366,=0.4439,=0.0248,=0.0321,=0.0371,=0.0406,=0.0470,=0.0264,=0.1070,=0.0304,=43
="932422",A500红利低波,2025-04-09,=-0.0055,=2983.2926,=-0.0386,=9.7925,=0.2128,=9.0426,=9.7757,=10.0330,=10.2226,=10.5846,=0.9584,=0.0821,=0.8811,=1.0037,=1.0379,=1.0552,=1.0978,=1.3508,=0.4468,=1.2431,=1.2961,=1.3993,=1.4666,=1.5336,=0.0431,=0.7842,=0.0388,=0.0403,=0.0416,=0.0432,=0.0466,=0.0241,=0.0948,,=382
="931039",银行AH,2017-12-06,=-0.0054,=12277.8694,=-0.0397,=5.8563,=0.7672,=3.2016,=4.0963,=5.2539,=5.9056,=7.9938,=0.5545,=0.4397,=0.3790,=0.4590,=0.5648,=0.7109,=1.0569,=2.1981,=0.8217,=1.0856,=1.4350,=1.7548,=2.1573,=2.9053,=0.0498,=0.2674,=0.0324,=0.0492,=0.0545,=0.0737,=0.0997,,=0.0881,,=107
="HSLI",恒生综合大型股指数,2001-10-03,=-0.0110,=2311.8800,=-0.0399,=10.7665,=0.5526,=6.9327,=9.1537,=10.5781,=11.7507,=17.6478,=1.0920,=0.4304,=0.7133,=0.9439,=1.1165,=1.2415,=1.6032,=1.4967,=0.5989,=0.8297,=1.1856,=1.4379,=1.6322,=2.0023,=0.0352,=0.4495,=0.0207,=0.0314,=0.0356,=0.0440,=0.0582,,,,=102
="H30095",医药红利,2013-07-02,,,=-0.0399,=17.0479,=0.1626,=14.6474,=17.2228,=19.6475,=27.0336,=34.8020,=1.7587,=0.1746,=1.4797,=1.7791,=2.4305,=3.1007,=4.2060,=0.9938,=0.2084,=0.7612,=0.9877,=1.5080,=2.0013,=2.8268,=0.0362,=0.9623,=0.0116,=0.0175,=0.0225,=0.0305,=0.0398,=0.0293,=0.1019,=0.0311,=100
="931082",A500现金流,2025-07-16,,,=-0.0411,=14.6638,=0.6502,=11.3087,=12.3506,=14.0006,=14.9574,=16.5522,=1.6685,=0.2015,=1.4812,=1.6685,=1.8391,=1.9490,=2.0613,=1.3394,=0.2586,=1.2039,=1.3124,=1.4050,=1.5559,=1.6378,=0.0340,=0.1331,=0.0310,=0.0347,=0.0375,=0.0427,=0.0482,=0.0315,=0.1166,,=131
="HSIDI",恒生创新药指数,2023-01-01,=-0.0198,=2579.8000,=-0.0423,=46.4164,=0.2489,=21.3081,=44.9145,=53.6639,=105.8964,=157.2991,=3.4478,=0.7376,=1.7148,=2.1427,=2.6998,=3.8881,=5.1867,=3.0718,=0.7252,=1.5892,=1.8463,=2.3518,=3.3851,=4.4669,=0.0086,=0.2387,=0.0053,=0.0080,=0.0122,=0.0143,=0.0173,,=0.1004,,=251
="930740",300红利LV,2018-12-04,=-0.0045,=6863.6252,=-0.0426,=8.8291,=0.8210,=5.4153,=6.8372,=7.5499,=8.7558,=9.6903,=0.8583,=0.5032,=0.6159,=0.7740,=0.8570,=0.9451,=1.0604,=1.5424,=0.8274,=0.6725,=0.8582,=1.0819,=1.5162,=1.9253,=0.0441,=0.3907,=0.0370,=0.0419,=0.0452,=0.0511,=0.0622,=0.0239,=0.0932,=0.0223,=637
="HSLMI",恒生综合大中型股指数,2015-06-08,=-0.0103,=3942.8400,=-0.0441,=11.4922,=0.6508,=7.0073,=9.3102,=10.6560,=12.3431,=17.7261,=1.1188,=0.5566,=0.6929,=0.9062,=1.0995,=1.2279,=1.5417,=1.3307,=0.7353,=0.6858,=0.9754,=1.1827,=1.3712,=1.6465,=0.0339,=0.4344,=0.0214,=0.0309,=0.0346,=0.0437,=0.0602,,,,=88
="H50040",上红低波,2014-03-21,=-0.0053,=10538.4208,=-0.0443,=8.2369,=0.7326,=4.6938,=5.9512,=7.1256,=9.6645,=14.3118,=0.8297,=0.4924,=0.5647,=0.6911,=0.8311,=1.3609,=1.8756,=1.6034,=0.9551,=0.6380,=0.8684,=1.2019,=1.4105,=1.6905,=0.0432,=0.3704,=0.0230,=0.0391,=0.0464,=0.0588,=0.0718,=0.0234,=0.0936,=0.0244,=375
="931157",SHS红利成长LV,2019-04-25,=-0.0045,=7115.1130,=-0.0454,=7.6860,=0.6249,=4.1261,=5.6146,=6.9927,=8.3144,=11.5318,=0.7664,=0.3865,=0.5154,=0.6283,=0.8048,=0.9192,=1.5888,=1.6678,=0.9897,=0.5018,=0.7140,=1.0433,=1.4257,=1.7619,=0.0471,=0.4286,=0.0259,=0.0420,=0.0481,=0.0556,=0.0761,,=0.0964,,=354
="399371",国证价值,2010-01-04,=-0.0056,=6875.8700,=-0.0455,=9.8034,=0.6885,=6.4728,=7.8356,=9.0971,=10.3630,=13.0475,=0.9741,=0.4335,=0.7249,=0.8967,=1.0040,=1.2234,=1.5675,=1.1021,=0.8088,=0.5764,=0.7536,=0.8693,=1.0955,=1.3812,=0.0391,=0.4714,=0.0249,=0.0338,=0.0395,=0.0477,=0.0565,=0.0233,=0.0892,=0.0237,=148
="930955",红利低波100,2017-05-26,=-0.0051,=11245.2390,=-0.0463,=8.8292,=0.8227,=5.0805,=6.0796,=7.4499,=8.6521,=11.5013,=0.8742,=0.6123,=0.5792,=0.6673,=0.8306,=0.9857,=1.3722,=1.4928,=0.9147,=0.5888,=0.7798,=0.9929,=1.3724,=1.7525,=0.0449,=0.3310,=0.0270,=0.0431,=0.0470,=0.0560,=0.0683,=0.0234,=0.0928,=0.0257,=2392
="930839",港股通高息精选,2016-06-08,=0.0012,=3286.3587,=-0.0467,=9.8584,=0.5533,=4.9918,=7.1350,=9.3552,=13.1470,=31.7979,=1.3249,=0.7432,=0.7294,=0.9293,=1.0784,=1.5790,=4.8768,=1.1403,=0.4398,=0.3418,=0.5599,=1.2301,=1.8653,=6.3245,=0.0531,=0.5659,=0.0089,=0.0375,=0.0495,=0.0677,=0.1118,,=0.1433,,=386
="399398",绩效指数,2012-11-19,=-0.0058,=10096.9100,=-0.0471,=17.6613,=0.3910,=9.4274,=11.8494,=18.3580,=21.6274,=36.1591,=3.3369,=0.4013,=1.3709,=1.7868,=3.5796,=4.3854,=6.4752,=3.2305,=0.7268,=1.5825,=2.2315,=2.9133,=3.4328,=5.0073,=0.0367,=0.7474,=0.0140,=0.0234,=0.0323,=0.0374,=0.0430,=0.0495,=0.1771,=0.0433,=23
="HSSCID",恒生港股通创新药指数,2023-07-01,=-0.0220,=3009.4600,=-0.0485,=46.4164,=0.5569,=20.9262,=39.0586,=44.3490,=60.9124,=216.1774,=3.4478,=0.7033,=1.6870,=2.0340,=2.6095,=4.0577,=5.1867,=3.0718,=0.6902,=1.6002,=1.8951,=2.4619,=3.5357,=4.4669,=0.0086,=0.2889,=0.0053,=0.0076,=0.0122,=0.0151,=0.0187,,=0.1004,,=123
="H30089",红利潜力,2013-07-02,=-0.0090,=9462.6859,=-0.0486,=16.6994,=0.4644,=12.7702,=15.7141,=16.8688,=20.6741,=29.7267,=2.7926,=0.7161,=1.5457,=2.0163,=2.5080,=2.9135,=4.3960,=2.2091,=0.8195,=0.7611,=0.9566,=1.7700,=2.1817,=2.8465,=0.0351,=0.6675,=0.0172,=0.0256,=0.0318,=0.0373,=0.0456,=0.0404,=0.1605,=0.0444,=551
="399295",创价值,2019-01-23,=0.0047,=5131.0200,=-0.0491,=36.0671,=0.4383,=20.8863,=26.9004,=39.7725,=56.5616,=73.8741,=6.8900,=0.6343,=3.7254,=4.6083,=5.8881,=8.9895,=11.5385,=5.1210,=0.4727,=2.5684,=3.4984,=5.3810,=9.1283,=12.8251,=0.0113,=0.6447,=0.0033,=0.0050,=0.0074,=0.0151,=0.0218,=0.0387,=0.1758,=0.0398,=610
="HSHYLV",恒生港股通高股息低波动指数,2017-05-08,=0.0042,=4239.8400,=-0.0511,=7.4531,=0.8163,=3.5572,=4.6564,=6.0151,=7.2830,=9.5068,=0.6736,=0.6207,=0.3828,=0.4861,=0.5872,=0.8105,=1.1073,=0.9029,=0.5486,=0.4386,=0.6590,=0.8514,=1.4072,=2.0623,=0.0537,=0.2126,=0.0385,=0.0531,=0.0640,=0.0817,=0.1103,,=0.0873,,=1556
="H30269",红利低波,2013-12-19,=-0.0037,=10655.5947,=-0.0520,=8.2536,=0.7264,=4.5638,=5.5488,=6.9335,=9.4786,=14.4342,=0.8410,=0.5678,=0.5386,=0.6570,=0.7995,=1.3872,=1.9670,=1.5936,=0.9588,=0.6111,=0.8850,=1.0980,=1.4175,=1.6809,=0.0439,=0.3222,=0.0246,=0.0406,=0.0503,=0.0605,=0.0732,=0.0236,=0.0946,=0.0236,=4726
="000021",180治理,2008-09-10,=-0.0037,=1030.4000,=-0.0531,=10.7986,=0.8587,=6.3364,=8.4357,=9.7410,=10.6087,=13.6109,=1.1133,=0.5657,=0.7542,=0.9755,=1.0948,=1.2179,=1.5847,=1.4280,=0.9522,=0.6625,=0.8519,=0.9541,=1.1513,=1.4979,=0.0379,=0.5880,=0.0241,=0.0329,=0.0366,=0.0448,=0.0548,=0.0243,=0.0995,=0.0258,=168
="931446",东证红利低波,2020-04-21,=-0.0063,=3258.5447,=-0.0535,=8.3120,=0.7293,=5.1478,=6.1901,=7.1794,=8.5333,=11.0216,=0.8039,=0.6237,=0.5884,=0.6978,=0.7674,=0.8700,=1.2481,=1.4817,=0.9098,=0.5909,=0.7577,=0.8958,=1.3393,=1.5979,=0.0429,=0.2888,=0.0325,=0.0416,=0.0484,=0.0563,=0.0651,=0.0224,=0.0895,=0.0240,=895
="H11054",装备产业,2009-07-22,=0.0005,=2753.3314,=-0.0535,=32.7122,=0.5490,=15.6342,=24.6690,=31.9492,=38.4029,=58.0282,=2.9630,=0.6761,=1.6944,=2.1309,=2.6212,=3.3092,=5.1308,=2.0555,=0.6115,=1.2119,=1.4891,=1.8892,=2.3431,=3.6241,=0.0138,=0.7591,=0.0051,=0.0080,=0.0115,=0.0145,=0.0207,=0.0221,=0.0859,=0.0174,=48
="931487",SHS人工智能50,2020-05-06,=0.0040,=2082.5553,=-0.0541,=31.9277,=0.5110,=18.6614,=25.6959,=31.8273,=37.0329,=66.0883,=5.0905,=0.6174,=3.0781,=4.0574,=4.6760,=6.3477,=10.5947,=5.7472,=0.6444,=3.3555,=4.5133,=5.2121,=6.7885,=9.5096,=0.0057,=0.4644,=0.0019,=0.0035,=0.0058,=0.0075,=0.0094,,=0.1427,,=83
="980092",自由现金流,2012-12-28,=-0.0024,=5093.9300,=-0.0545,=13.5924,=0.6529,=11.1075,=12.2361,=12.9293,=14.3773,=16.4362,=1.4371,=0.1063,=1.2604,=1.4875,=1.5783,=1.6567,=1.8134,=0.8983,=0.3015,=0.7577,=0.8639,=0.9400,=0.9782,=1.0805,=0.0361,=0.3623,=0.0287,=0.0342,=0.0369,=0.0389,=0.0437,=0.0285,=0.1047,=0.0263,=1566
="000806",消费服务,2012-02-10,=-0.0080,=7962.9837,=-0.0547,=10.1216,=0.2295,=9.0076,=10.0591,=10.8055,=11.8704,=17.0971,=1.0752,=0.0564,=1.0009,=1.1897,=1.3469,=1.5460,=2.0145,=2.2530,=0.6700,=1.6526,=1.9528,=2.1354,=2.3803,=3.0032,=0.0359,=0.8269,=0.0198,=0.0244,=0.0295,=0.0354,=0.0497,=0.0246,=0.1002,=0.0266,=427
="930838",CS高股息,2016-06-08,=-0.0001,=6822.2294,=-0.0550,=18.7050,=0.5579,=10.7704,=14.2530,=17.7910,=22.5023,=29.5345,=3.5483,=0.8084,=1.8272,=2.3324,=2.8270,=3.4817,=5.4603,=3.3541,=0.6869,=1.6703,=2.0490,=2.5035,=3.7457,=5.1335,=0.0268,=0.5093,=0.0136,=0.0201,=0.0266,=0.0363,=0.0519,=0.0550,=0.1877,=0.0570,=175
="000042",上证央企,2009-03-30,=-0.0031,=1709.4100,=-0.0563,=10.1124,=0.8138,=6.3284,=7.8863,=9.2285,=10.0815,=12.9577,=0.9992,=0.5616,=0.7230,=0.8871,=0.9828,=1.1137,=1.4812,=1.3209,=0.9790,=0.6569,=0.8569,=0.9790,=1.1498,=1.3891,=0.0364,=0.2888,=0.0261,=0.0349,=0.0381,=0.0469,=0.0583,=0.0224,=0.0920,=0.0234,=391
="931069",中金300,2018-02-14,=-0.0040,=4719.1474,=-0.0570,=9.8421,=0.6493,=5.9518,=7.5868,=9.3082,=10.4778,=13.6164,=1.0375,=0.4424,=0.7377,=0.9243,=1.0670,=1.3515,=1.8328,=1.3168,=0.7800,=0.6656,=0.8729,=1.1171,=1.3297,=1.7542,=0.0387,=0.5114,=0.0253,=0.0318,=0.0386,=0.0472,=0.0560,=0.0231,=0.0958,=0.0284,=103
="932367",500现金流,2024-11-12,=-0.0067,=3447.4518,=-0.0579,=19.2754,=0.8642,=12.7635,=14.0916,=16.9972,=18.8607,=20.8865,=1.5533,=0.0913,=1.4139,=1.6357,=1.7435,=1.9782,=2.3672,=0.9254,=0.0913,=0.8544,=1.0082,=1.2280,=1.2838,=1.4394,=0.0312,=0.4403,=0.0247,=0.0288,=0.0316,=0.0367,=0.0403,=0.0308,=0.1139,=0.0305,=128
="000988",全指工业,2011-08-02,=-0.0008,=3886.7024,=-0.0585,=25.3142,=0.5707,=13.7285,=19.3778,=24.0655,=28.9826,=37.6625,=1.9548,=0.4479,=1.3866,=1.6512,=2.0078,=2.4018,=2.7728,=0.9144,=0.5328,=0.5551,=0.7455,=0.9002,=1.0562,=1.3765,=0.0172,=0.7219,=0.0076,=0.0094,=0.0141,=0.0193,=0.0256,=0.0185,=0.0650,=0.0170,=237
="932431",300质量,2025-03-18,=-0.0031,=1925.8153,=-0.0589,=10.6374,=0.9509,=9.4685,=9.9936,=10.1549,=10.3827,=11.0156,=1.1492,=0.8266,=1.0616,=1.1026,=1.1294,=1.1463,=1.1879,=2.2601,=0.8468,=2.0194,=2.1496,=2.2030,=2.2502,=2.3386,=0.0343,=0.0462,=0.0331,=0.0358,=0.0375,=0.0392,=0.0487,=0.0253,=0.1012,=0.0271,=17
="931375",300质量低波,2019-11-25,=-0.0063,=15945.6968,=-0.0597,=10.3701,=0.4172,=6.4946,=8.1689,=11.0220,=13.5342,=22.0532,=1.3766,=0.4344,=0.8054,=1.0878,=1.5268,=2.0538,=3.3245,=2.6502,=0.9877,=1.0044,=1.3370,=1.6850,=2.1016,=2.7563,=0.0324,=0.3074,=0.0151,=0.0279,=0.0350,=0.0402,=0.0521,=0.0279,=0.1211,=0.0298,=115
="932368",800现金流,2024-12-11,=-0.0041,=4807.4090,=-0.0599,=14.3646,=0.8054,=9.9108,=10.8386,=11.8858,=14.3319,=15.6891,=1.9540,=0.9655,=1.4048,=1.5414,=1.7208,=1.8918,=2.0110,=1.6382,=0.9803,=1.0036,=1.1061,=1.3262,=1.4420,=1.6811,=0.0348,=0.1084,=0.0311,=0.0355,=0.0419,=0.0468,=0.0553,=0.0283,=0.1177,=0.0451,=246
="931588",1000价值稳健,2020-11-09,=-0.0075,=33686.5144,=-0.0602,=18.8861,=0.5415,=12.8074,=16.7520,=18.5096,=20.5382,=25.6024,=1.3661,=0.3675,=1.0253,=1.2791,=1.4294,=1.5587,=1.9102,=0.7814,=0.9571,=0.4756,=0.5552,=0.6292,=0.7050,=0.8427,=0.0268,=0.6761,=0.0168,=0.0207,=0.0251,=0.0290,=0.0392,=0.0162,=0.0641,=0.0212,=109
="399986",中证银行,2013-07-15,=-0.0058,=7140.8900,=-0.0608,=6.8738,=0.8022,=4.1183,=5.2599,=6.3131,=6.8686,=9.0846,=0.6607,=0.3655,=0.4848,=0.5836,=0.7129,=0.8918,=1.2416,=2.5803,=0.8459,=1.4134,=1.7842,=2.1771,=2.5321,=3.3016,=0.0429,=0.2963,=0.0285,=0.0411,=0.0458,=0.0572,=0.0756,=0.0226,=0.0881,=0.0236,=9662
="000930",中证工业,2009-07-03,=-0.0018,=3293.1091,=-0.0611,=22.6097,=0.6930,=13.1747,=16.3715,=20.2899,=23.9243,=30.4087,=1.8340,=0.4747,=1.3752,=1.5614,=1.8532,=2.1245,=2.6342,=0.8622,=0.7429,=0.5311,=0.6373,=0.7618,=0.8873,=1.0502,=0.0189,=0.7305,=0.0090,=0.0114,=0.0160,=0.0203,=0.0262,=0.0191,=0.0679,=0.0169,=325
="399266",创新能源,2022-09-29,=0.0044,=3325.4300,=-0.0614,=27.4670,=0.5219,=16.2861,=20.9199,=27.2863,=33.1517,=48.5339,=4.2909,=0.5486,=2.6837,=3.2171,=3.9547,=4.9531,=6.9087,=2.9405,=0.6350,=1.5028,=1.9488,=2.5930,=3.4860,=4.6740,=0.0145,=0.6233,=0.0024,=0.0067,=0.0124,=0.0167,=0.0211,=0.0402,=0.1508,=0.0347,=4
="931752",工程机械主题,2021-09-27,=-0.0053,=2364.1067,=-0.0622,=22.2279,=0.6058,=13.6456,=18.5191,=21.3074,=24.3470,=27.9581,=2.0521,=0.7445,=1.2593,=1.5767,=1.7240,=2.1220,=2.6511,=1.2311,=0.7614,=0.7133,=0.9163,=1.0214,=1.2932,=1.6462,=0.0222,=0.7919,=0.0151,=0.0190,=0.0207,=0.0222,=0.0284,=0.0241,=0.0958,=0.0272,=108
="HSCESI",恒生中国企业精明指数,2015-06-08,=-0.0101,=12029.9300,=-0.0634,=9.7480,=0.7424,=6.0524,=7.9648,=8.6954,=10.0619,=15.8114,=1.0143,=0.5144,=0.6924,=0.9043,=1.0103,=1.1579,=1.7191,=1.3604,=0.7317,=0.8066,=1.0042,=1.0979,=1.4384,=2.0876,=0.0350,=0.2932,=0.0200,=0.0332,=0.0382,=0.0443,=0.0600,,=0.1052,,=93
="930957",港股通中国100,2017-06-23,=-0.0094,=3543.7246,=-0.0634,=10.3659,=0.7188,=5.4625,=7.6083,=8.9689,=10.7938,=13.3106,=1.1014,=0.5633,=0.6571,=0.8657,=1.0736,=1.1986,=1.5222,=1.4189,=0.8419,=0.6789,=0.9660,=1.1313,=1.3722,=1.6609,=0.0347,=0.3459,=0.0251,=0.0331,=0.0368,=0.0501,=0.0691,,=0.1031,,=20
="399806",环境治理,2014-07-21,=0.0009,=1298.6800,=-0.0636,=26.5409,=0.3173,=17.0172,=24.3835,=29.1157,=35.4116,=50.8764,=1.7032,=0.3688,=1.1727,=1.6033,=1.7674,=2.2188,=4.4901,=1.8588,=0.2344,=1.3064,=1.8348,=2.0702,=2.6510,=5.9378,=0.0165,=0.8611,=0.0037,=0.0084,=0.0105,=0.0154,=0.0215,=0.0205,=0.0536,=0.0189,=852
="HSCEI",恒生中国企业指数,1994-08-08,=-0.0102,=8340.8300,=-0.0643,=9.7850,=0.7450,=6.0524,=7.9745,=8.7001,=10.0868,=15.8114,=1.0167,=0.5153,=0.6924,=0.9045,=1.0120,=1.1595,=1.7191,=1.3642,=0.7316,=0.8066,=1.0047,=1.0981,=1.4420,=2.0876,=0.0349,=0.2908,=0.0200,=0.0331,=0.0382,=0.0443,=0.0600,,=0.1052,,=4768
="H30356",800价值,2014-06-09,=-0.0073,=6212.5248,=-0.0653,=9.5109,=0.6504,=6.4024,=7.7114,=9.0637,=9.9398,=13.4784,=0.9409,=0.4031,=0.7030,=0.8640,=0.9839,=1.1657,=1.6287,=1.0603,=0.7706,=0.5868,=0.7410,=0.8856,=1.0826,=1.3738,=0.0396,=0.5653,=0.0239,=0.0336,=0.0386,=0.0475,=0.0589,=0.0232,=0.0908,=0.0237,=34
="HSCGSI",恒生消费指数,2015-08-17,=-0.0033,=2412.2000,=-0.0656,=14.7189,=0.0146,=13.5420,=17.7880,=20.3501,=46.8247,=191.0166,=2.5009,=0.4194,=1.6557,=2.1644,=2.5823,=3.0631,=4.3429,=1.3395,=0.2801,=0.9965,=1.2670,=1.5539,=1.8501,=2.9413,=0.0446,=0.9862,=0.0097,=0.0179,=0.0253,=0.0322,=0.0488,,=0.1743,,=870
="000919",300价值,2008-01-21,=-0.0070,=4969.2682,=-0.0657,=8.9288,=0.6799,=5.9577,=7.3283,=8.4456,=9.2458,=12.2376,=0.8942,=0.3387,=0.6917,=0.8489,=0.9341,=1.1341,=1.5388,=1.1088,=0.7985,=0.6314,=0.7861,=0.9060,=1.1092,=1.3421,=0.0408,=0.5060,=0.0265,=0.0364,=0.0407,=0.0490,=0.0609,=0.0228,=0.0921,=0.0242,=4339
="HSMI",恒生综合中型股指数,2001-10-03,=-0.0061,=4641.6400,=-0.0684,=14.7129,=0.7913,=7.1837,=9.6380,=11.3188,=14.7482,=19.0737,=1.2157,=0.7779,=0.6229,=0.7817,=1.0105,=1.2292,=1.5312,=0.9783,=0.9269,=0.4186,=0.5569,=0.6726,=0.8208,=1.0938,=0.0299,=0.3605,=0.0208,=0.0280,=0.0329,=0.0427,=0.0675,,,,=162
="000909",300材料,2007-07-02,=0.0094,=3815.6020,=-0.0691,=18.3961,=0.5225,=10.2722,=14.5958,=18.1746,=24.6717,=46384.3131,=2.5819,=0.8302,=1.4655,=1.7325,=2.0111,=2.4865,=3.8763,=1.2598,=0.8356,=0.6983,=0.8432,=0.9894,=1.2365,=1.9427,=0.0192,=0.4433,=0.0057,=0.0141,=0.0204,=0.0243,=0.0291,=0.0473,=0.1225,=0.0288,=20
="000827",中证环保,2012-09-25,=-0.0005,=1734.4500,=-0.0692,=31.6321,=0.6518,=14.0379,=21.0113,=28.2574,=35.5499,=50.6551,=2.6949,=0.4516,=1.7878,=2.2200,=2.7898,=3.3836,=5.4589,=2.7278,=0.5023,=1.6068,=2.0649,=2.7227,=3.2490,=6.2202,=0.0170,=0.6531,=0.0061,=0.0097,=0.0148,=0.0192,=0.0249,=0.0211,=0.0761,=0.0181,=6272
="930641",中证中药,2015-05-19,=-0.0112,=8851.0935,=-0.0698,=21.6246,=0.0618,=17.1921,=23.9854,=28.7606,=32.8246,=45.5431,=2.1011,=0.0231,=1.8142,=2.4660,=2.9217,=3.5121,=4.0837,=2.2264,=0.0276,=1.9582,=2.4348,=2.8084,=3.5082,=4.5776,=0.0372,=0.9839,=0.0073,=0.0126,=0.0164,=0.0252,=0.0421,=0.0326,=0.0928,=0.0347,=909
="1000009",深圳B股,1994-01-10,=-0.0016,=1175.6900,=-0.0704,=-117.8118,=0.9901,=6.5509,=10.0230,=16.2476,=23.5745,=61.4680,=0.7613,=0.5641,=0.5585,=0.6590,=0.7322,=0.9218,=1.4530,=0.4665,=0.4652,=0.3544,=0.4194,=0.4777,=0.6210,=1.0969,=0.0336,=0.3379,=0.0205,=0.0266,=0.0369,=0.0449,=0.0610,,=0.0028,=0.0115,=203
="931645",1000红利,2024-03-15,,,=-0.0706,=15.8952,=0.9096,=11.2896,=12.4609,=13.8275,=15.1776,=18.1886,=1.1354,=0.2440,=0.9871,=1.1288,=1.1897,=1.2426,=1.3469,=0.7191,=0.3140,=0.5734,=0.6766,=0.7520,=0.8121,=0.8871,=0.0344,=0.3089,=0.0305,=0.0338,=0.0363,=0.0408,=0.0471,=0.0179,=0.0646,=0.0199,=26
="932365",中证现金流,2024-12-11,=-0.0057,=4890.1238,=-0.0717,=14.4968,=0.7882,=10.1873,=10.9823,=12.1785,=14.5738,=15.8261,=1.6700,=0.2414,=1.4661,=1.6570,=1.7638,=1.8790,=2.0150,=0.9072,=0.0739,=0.8463,=1.1500,=1.3752,=1.5100,=1.6205,=0.0364,=0.2389,=0.0305,=0.0359,=0.0416,=0.0472,=0.0550,=0.0286,=0.1155,=0.0394,=726
="000910",300工业,2007-07-02,=-0.0039,=2344.9371,=-0.0728,=19.2453,=0.5542,=12.1074,=14.2223,=18.6694,=21.7507,=26.7473,=1.6433,=0.3787,=1.2960,=1.5013,=1.7614,=2.0927,=2.8598,=0.7655,=0.6510,=0.4726,=0.5803,=0.7100,=0.8049,=1.0995,=0.0213,=0.7392,=0.0079,=0.0123,=0.0178,=0.0223,=0.0295,=0.0196,=0.0738,=0.0177,=17
="931027",港股通大消费,2017-11-06,=-0.0168,=2891.4499,=-0.0732,=23.2643,=0.3994,=14.6383,=20.4665,=25.1456,=51.5126,=105.3721,=2.7616,=0.1549,=2.2514,=2.8483,=3.2354,=4.3193,=9.1499,=1.6326,=0.3796,=1.0973,=1.4415,=1.7563,=2.4791,=5.7985,=0.0208,=0.6907,=0.0056,=0.0113,=0.0177,=0.0230,=0.0323,,=0.1064,,=50
="932369",1000现金流,2024-11-12,,,=-0.0755,=18.4903,=0.5293,=16.0705,=17.6796,=18.4257,=19.3445,=21.4836,=1.5572,=0.2576,=1.4251,=1.5352,=1.6426,=1.7535,=1.8728,=0.9110,=0.2740,=0.8034,=0.8888,=1.0090,=1.0635,=1.3230,=0.0263,=0.2389,=0.0230,=0.0261,=0.0272,=0.0286,=0.0311,=0.0245,=0.0821,=0.0237,=61
="399994",信息安全,2015-03-12,=0.0140,=1684.5600,=-0.0760,=58.4998,=0.3548,=35.0629,=52.9088,=67.0060,=85.7906,=183.5630,=3.5744,=0.3296,=2.3256,=3.3600,=3.8617,=4.4732,=6.2767,=2.6899,=0.1096,=2.1829,=2.8586,=3.2394,=3.8138,=5.1182,=0.0124,=0.9419,=0.0023,=0.0036,=0.0058,=0.0096,=0.0172,=0.0078,=0.0539,=0.0040,=93
="H30192",食品,2013-07-15,=-0.0052,=5234.5079,=-0.0762,=27.5360,=0.1176,=20.6226,=29.8720,=33.2025,=39.1318,=57.5971,=2.6234,=0.0470,=2.3545,=2.9535,=4.5289,=5.7751,=10.5214,=1.5106,=0.0710,=1.2567,=1.6385,=2.3301,=2.8901,=4.8526,=0.0283,=0.9662,=0.0092,=0.0145,=0.0192,=0.0241,=0.0308,=0.0337,=0.0826,=0.0319,=21
="000901",小康指数,2010-04-02,=-0.0024,=5860.1500,=-0.0762,=10.7133,=0.4042,=8.5492,=9.9918,=10.9195,=12.5401,=15.5671,=1.0220,=0.0412,=0.9488,=1.0799,=1.2166,=1.4222,=1.7818,=1.0184,=0.6193,=0.7500,=0.8929,=0.9771,=1.0556,=1.2662,=0.0349,=0.7454,=0.0175,=0.0252,=0.0295,=0.0364,=0.0436,=0.0231,=0.0878,=0.0238,=258
="930771",CS新能源,2015-12-16,,,=-0.0773,=35.0658,=0.5185,=11.2377,=23.3181,=34.5044,=44.9818,=62.8342,=2.6805,=0.4429,=1.7615,=2.1640,=2.8626,=3.8912,=7.2156,=2.3010,=0.5403,=1.2791,=1.6719,=2.2221,=3.0803,=6.6822,=0.0133,=0.7356,=0.0028,=0.0058,=0.0094,=0.0155,=0.0247,=0.0221,=0.0668,=0.0165,=35
="399995",基建工程,2015-03-12,=-0.0002,=3603.4800,=-0.0776,=9.8901,=0.7495,=5.8673,=7.3439,=8.2803,=10.6052,=18.8590,=0.6430,=0.0157,=0.5815,=0.7213,=0.8911,=1.2821,=2.1834,=0.1812,=0.2221,=0.1368,=0.1784,=0.2028,=0.3299,=0.5478,=0.0281,=0.7536,=0.0106,=0.0190,=0.0246,=0.0289,=0.0415,=0.0129,=0.0543,=0.0158,=2695
="399324",深证红利,2006-01-24,=-0.0050,=8433.3500,=-0.0784,=18.4005,=0.8496,=11.7065,=14.6000,=15.8254,=17.9138,=23.4132,=2.9274,=0.9126,=1.2884,=1.9036,=2.2182,=2.5257,=3.7254,=1.9190,=0.7285,=1.1033,=1.3622,=1.7506,=1.9654,=2.8578,=0.0330,=0.7668,=0.0151,=0.0225,=0.0278,=0.0353,=0.0452,=0.0424,=0.1345,=0.0450,=5227
="H30171",运输指数,2013-07-15,=-0.0070,=1489.3013,=-0.0791,=16.6175,=0.2413,=14.1889,=16.3520,=17.9633,=25.3935,=51.4445,=1.2649,=0.0377,=1.1914,=1.3511,=1.5015,=1.6855,=2.3737,=0.6677,=0.3192,=0.5217,=0.6287,=0.8337,=1.1900,=1.9196,=0.0291,=0.7112,=0.0111,=0.0149,=0.0201,=0.0304,=0.0375,=0.0207,=0.0585,=0.0181,=93
="000977",内地低碳,2011-01-21,=-0.0020,=1918.4855,=-0.0796,=29.9358,=0.6300,=13.7595,=20.8967,=26.8335,=35.4182,=50.3864,=2.7849,=0.4339,=1.9264,=2.3844,=2.8736,=3.6471,=6.0727,=2.8054,=0.4907,=1.6847,=2.2202,=2.8223,=3.3926,=6.7765,=0.0181,=0.7194,=0.0061,=0.0100,=0.0158,=0.0194,=0.0258,=0.0220,=0.0823,=0.0200,=395
="000945",内地运输,2009-10-28,=-0.0067,=1358.1671,=-0.0809,=16.4169,=0.1924,=13.9394,=16.4433,=19.2847,=27.8199,=72.7429,=1.3098,=0.0478,=1.2245,=1.4033,=1.5560,=1.7739,=2.4452,=0.7508,=0.3651,=0.5140,=0.6447,=0.8953,=1.3658,=1.9188,=0.0302,=0.6856,=0.0105,=0.0141,=0.0178,=0.0327,=0.0436,=0.0219,=0.0581,=0.0167,=82
="931442",SHS科技100,2020-04-21,=-0.0074,=9881.4161,=-0.0815,=18.7241,=0.4340,=11.6240,=15.1122,=19.4092,=24.5165,=40.7731,=2.6838,=0.5210,=1.5813,=1.9768,=2.6294,=4.0331,=6.9092,=1.8013,=0.5222,=1.0913,=1.4378,=1.7557,=2.5351,=5.0819,=0.0154,=0.5835,=0.0042,=0.0090,=0.0136,=0.0221,=0.0322,,=0.1199,,=32
="399373",大盘价值,2010-01-04,=-0.0067,=7872.9800,=-0.0817,=8.6069,=0.5661,=5.4746,=6.8623,=8.3409,=9.1146,=11.9914,=0.8790,=0.3782,=0.6410,=0.8033,=0.9374,=1.1406,=1.5001,=1.1551,=0.8220,=0.5920,=0.7817,=0.9285,=1.1455,=1.4541,=0.0427,=0.4953,=0.0275,=0.0366,=0.0428,=0.0526,=0.0641,=0.0236,=0.0939,=0.0248,=334
="000963",中证下游,2010-04-16,,,=-0.0818,=22.4982,=0.2419,=17.2626,=22.2745,=25.2683,=33.1012,=51.0836,=2.2998,=0.0309,=2.0766,=2.5692,=3.0599,=3.4358,=5.6334,=1.5204,=0.1034,=1.2209,=1.6075,=1.7581,=2.0795,=3.4797,=0.0288,=0.9596,=0.0087,=0.0135,=0.0160,=0.0263,=0.0315,=0.0267,=0.0958,=0.0301,=32
="HSML25",恒生中国(香港上市)30指数,2003-01-20,=-0.0073,=8676.9200,=-0.0830,=9.4054,=0.5729,=5.7712,=7.9426,=9.1140,=10.2875,=13.0207,=1.0295,=0.3423,=0.7256,=0.9443,=1.0796,=1.2096,=1.5098,=1.7075,=0.7694,=0.9123,=1.1617,=1.4508,=1.7398,=2.4187,=0.0355,=0.4089,=0.0247,=0.0321,=0.0368,=0.0450,=0.0643,,=0.1051,,=270
="000812",细分机械,2012-04-11,=-0.0030,=7038.8415,=-0.0850,=29.3195,=0.4438,=14.1771,=22.0432,=31.5213,=39.9881,=51.3583,=3.0309,=0.6823,=1.6005,=2.1653,=2.5312,=3.4006,=5.3964,=2.0473,=0.6522,=1.1287,=1.4635,=1.7333,=2.2906,=3.5603,=0.0161,=0.7693,=0.0047,=0.0079,=0.0117,=0.0168,=0.0237,=0.0226,=0.0835,=0.0173,=206
="930709",香港证券,2015-07-13,=-0.0138,=1289.1461,=-0.0880,=10.3788,=0.2143,=6.3679,=10.2387,=12.8134,=14.8886,=24.4010,=0.9545,=0.4903,=0.5308,=0.7588,=0.9580,=1.2046,=1.6136,=3.9898,=0.7455,=1.7834,=2.5970,=3.1590,=4.1596,=5.9903,=0.0346,=0.5630,=0.0202,=0.0265,=0.0337,=0.0402,=0.0726,,=0.0828,,=520
="980032",新能电池,2015-02-17,=0.0055,=14354.7000,=-0.0883,=25.7762,=0.3435,=14.3994,=22.4627,=30.1270,=80.6096,=130.4039,=3.7145,=0.3421,=2.4545,=3.3522,=4.2472,=7.6315,=11.8091,=2.0183,=0.4068,=1.1163,=1.6902,=2.2355,=4.8615,=7.8642,=0.0129,=0.7031,=0.0011,=0.0018,=0.0084,=0.0155,=0.0224,=0.0362,=0.1357,=0.0304,=757
="H30178",医疗保健,2013-07-15,=-0.0040,=12372.1626,=-0.0886,=41.9975,=0.4380,=19.5848,=32.8016,=44.9188,=65.2829,=123.2936,=2.8060,=0.0297,=2.5190,=3.3570,=5.5203,=7.3335,=12.4381,=4.6194,=0.0326,=4.1521,=5.3692,=6.2184,=8.1023,=14.2518,=0.0142,=0.7540,=0.0029,=0.0041,=0.0059,=0.0149,=0.0219,=0.0196,=0.0653,=0.0216,=561
="HSMSI",恒生综合中小型股指数,2015-06-08,=-0.0045,=2687,=-0.0904,=16.1615,=0.8571,=7.2058,=10.0591,=12.4574,=15.6646,=18.8438,=1.1460,=0.7186,=0.6157,=0.7686,=1.0046,=1.2089,=1.4952,=0.8719,=0.8429,=0.4020,=0.5319,=0.6808,=0.8454,=1.0389,=0.0296,=0.3711,=0.0199,=0.0271,=0.0324,=0.0412,=0.0630,,,,=161
="H30217",医疗器械,2013-07-15,=-0.0050,=8929.5291,=-0.0905,=42.3757,=0.5814,=17.1055,=29.5762,=39.4507,=56.6089,=81.2162,=2.7402,=0.0297,=2.4731,=3.2159,=4.7533,=6.5700,=11.6091,=4.9440,=0.0766,=4.1030,=5.3386,=6.0288,=8.1517,=13.3528,=0.0147,=0.7351,=0.0035,=0.0052,=0.0076,=0.0156,=0.0236,=0.0184,=0.0626,=0.0209,=1344
="000925",基本面50,2009-02-26,=-0.0063,=4199.8314,=-0.0906,=9.6440,=0.6436,=6.2635,=7.9688,=9.1723,=10.0957,=12.7955,=1.0061,=0.4059,=0.7306,=0.9013,=1.0475,=1.1921,=1.5728,=1.0613,=0.6782,=0.6037,=0.7864,=0.9668,=1.1049,=1.4866,=0.0379,=0.5229,=0.0256,=0.0338,=0.0376,=0.0468,=0.0563,=0.0227,=0.0882,=0.0241,=4564
="931798",光伏龙头30,2009-06-16,=0.0028,=1891.6493,=-0.0911,=27.2341,=0.5674,=8.0886,=17.2411,=24.1594,=37.6614,=66.5518,=2.2532,=0.4021,=1.6869,=2.0262,=2.4208,=4.5878,=8.3847,=2.3697,=0.6914,=0.9999,=1.3466,=1.7140,=3.0761,=5.7040,=0.0117,=0.5414,=0.0027,=0.0059,=0.0110,=0.0206,=0.0351,=0.0172,=0.0745,=0.0196,=203
="000029",180价值,2009-01-09,=-0.0064,=4037.7800,=-0.0933,=8.1057,=0.6152,=5.6894,=6.9075,=7.8742,=8.5073,=10.8138,=0.8084,=0.2254,=0.6666,=0.8014,=0.8569,=1.0646,=1.4433,=1.0944,=0.8611,=0.6198,=0.7825,=0.9448,=1.0732,=1.4032,=0.0411,=0.3115,=0.0290,=0.0395,=0.0429,=0.0522,=0.0634,=0.0228,=0.0896,=0.0243,=559
="931755",SEEE碳中和,2021-10-21,=-0.0012,=1903.8742,=-0.0934,=23.4461,=0.6767,=13.4966,=17.4999,=21.4002,=24.8297,=29.4214,=2.3463,=0.4753,=1.7561,=1.9682,=2.3789,=2.7141,=3.9105,=1.4809,=0.8092,=0.8856,=1.0405,=1.2340,=1.4715,=2.3046,=0.0181,=0.5115,=0.0102,=0.0150,=0.0180,=0.0220,=0.0256,=0.0267,=0.0916,=0.0211,=144
="000941",新能源,2009-10-28,=0.0021,=2333.0422,=-0.0935,=23.5649,=0.3020,=10.2578,=20.0248,=28.6781,=37.3394,=57.4660,=3.0588,=0.5690,=1.8262,=2.2548,=2.9560,=3.8432,=8.1424,=2.6058,=0.6774,=1.2704,=1.5650,=2.2655,=2.9648,=7.0320,=0.0166,=0.7643,=0.0031,=0.0063,=0.0103,=0.0183,=0.0268,=0.0322,=0.1201,=0.0313,=2476
="000968",300周期,2010-05-28,,,=-0.0941,=9.3956,=0.5810,=6.1174,=7.8172,=9.1346,=10.2896,=13.3562,=0.9402,=0.3824,=0.7021,=0.8484,=0.9968,=1.1691,=1.5550,=1.5478,=0.8554,=0.8459,=1.0834,=1.2650,=1.5056,=1.8297,=0.0361,=0.5122,=0.0230,=0.0320,=0.0360,=0.0470,=0.0569,=0.0243,=0.0922,=0.0244,=103
="930614",环保50,2015-04-07,=-0.0002,=2078.8650,=-0.0947,=29.9358,=0.6745,=13.7595,=20.5125,=26.8230,=35.1194,=50.3864,=2.7849,=0.4318,=1.9059,=2.3842,=2.8859,=3.6683,=6.0727,=2.8054,=0.4693,=1.6847,=2.2438,=2.8764,=3.3746,=6.6309,=0.0181,=0.6605,=0.0061,=0.0100,=0.0160,=0.0201,=0.0258,=0.0222,=0.0831,=0.0199,=210
="980027",新能源电池,2015-02-16,=-0.0013,=3057.8700,=-0.0949,=25.7314,=0.5922,=16.8641,=21.1431,=25.0241,=30.5049,=35.7610,=4.1843,=0.6688,=2.5249,=3.0392,=3.4849,=4.4234,=5.0827,=2.7862,=0.7039,=1.4888,=1.9118,=2.4154,=3.2452,=3.8612,=0.0164,=0.5805,=0.0052,=0.0081,=0.0152,=0.0185,=0.0213,=0.0376,=0.1513,=0.0348,=115
="931733",绿色能源,2021-08-19,=0.0004,=4730.2642,=-0.0958,=30.8101,=0.4507,=12.7308,=19.2258,=32.3994,=41.3440,=65.3510,=3.1919,=0.4076,=2.3311,=2.7926,=3.4948,=5.4026,=8.0150,=2.1404,=0.4308,=1.3651,=1.7849,=2.2894,=4.2198,=7.5185,=0.0159,=0.5510,=0.0043,=0.0069,=0.0149,=0.0213,=0.0259,=0.0248,=0.0932,=0.0189,=31
="000069",消费80,2010-05-28,=-0.0108,=4428.2800,=-0.0979,=22.8048,=0.2810,=16.4356,=22.3036,=24.9025,=33.0497,=60.5019,=3.0819,=0.1599,=2.4642,=3.1928,=3.5456,=4.8097,=7.6372,=1.8485,=0.4425,=1.0743,=1.5116,=1.9150,=2.7436,=3.8795,=0.0264,=0.9625,=0.0078,=0.0117,=0.0182,=0.0234,=0.0296,=0.0378,=0.1324,=0.0420,=945
="931573",HKC科技,2014-05-21,=-0.0137,=2921.9023,=-0.0980,=25.2946,=0.2907,=18.3272,=24.2878,=28.2411,=39.6256,=82.7075,=3.0575,=0.2527,=2.3269,=2.9604,=3.3288,=4.2041,=10.6583,=1.9975,=0.2240,=1.5041,=1.9689,=2.2929,=3.3519,=8.3359,=0.0096,=0.9469,=0.0015,=0.0040,=0.0065,=0.0087,=0.0111,,=0.1200,,=307
="000048",责任指数,2009-08-05,=-0.0028,=1330.8400,=-0.0981,=12.1233,=0.8389,=7.8628,=9.5548,=10.5490,=11.8673,=14.1982,=1.3169,=0.5608,=0.9056,=1.1404,=1.2957,=1.4403,=1.7866,=1.1714,=0.9946,=0.5718,=0.6942,=0.8011,=0.9305,=1.1907,=0.0384,=0.6733,=0.0223,=0.0282,=0.0317,=0.0399,=0.0469,=0.0224,=0.0991,=0.0247,=133
="000052",50基本,2012-01-09,=-0.0067,=2724.2600,=-0.0990,=11.4412,=0.7614,=8.3126,=9.6677,=10.5186,=11.5645,=15.1108,=1.2428,=0.5204,=1.0245,=1.1706,=1.2388,=1.3328,=1.6471,=1.6085,=0.9773,=0.8665,=1.0185,=1.1353,=1.2949,=1.6553,=0.0319,=0.4310,=0.0238,=0.0291,=0.0328,=0.0398,=0.0497,=0.0249,=0.1007,=0.0262,=28
="931719",CS电池,2013-07-15,=0.0034,=3819.3940,=-0.1017,=26.3300,=0.2002,=15.7007,=26.3177,=39.0753,=63.6004,=121.8822,=3.8900,=0.4924,=1.9771,=2.9292,=3.9141,=5.7588,=11.8941,=2.6368,=0.4219,=1.2782,=2.0990,=2.9848,=4.6002,=9.5565,=0.0147,=0.8455,=0.0012,=0.0035,=0.0067,=0.0124,=0.0220,=0.0377,=0.1370,=0.0297,=573
="931747",中证储能,2021-10-15,,,=-0.1027,=25.0554,=0.3428,=16.6670,=22.2324,=27.5562,=52.6852,=124.6415,=4.0645,=0.2703,=3.1109,=3.9503,=4.6158,=6.9017,=12.5394,=2.1123,=0.4329,=1.2712,=1.7165,=2.2533,=3.7264,=8.7019,=0.0147,=0.6846,=0.0008,=0.0019,=0.0121,=0.0159,=0.0191,=0.0355,=0.1665,=0.0400,=139
="000818",细分金融,2012-04-11,,,=-0.1033,=7.3976,=0.3873,=5.2356,=6.4974,=7.6887,=8.4810,=10.9951,=0.7616,=0.2748,=0.5930,=0.7010,=0.8748,=1.0849,=1.4303,=2.2395,=0.7717,=1.2689,=1.6354,=2.0043,=2.2649,=2.9111,=0.0392,=0.5871,=0.0239,=0.0331,=0.0375,=0.0471,=0.0625,=0.0231,=0.0956,=0.0246,=10
="000063",上证周期,2010-02-03,=-0.0030,=3637.6900,=-0.1035,=8.7397,=0.5496,=5.4761,=7.1362,=8.5973,=9.4385,=12.4946,=0.9125,=0.4075,=0.6668,=0.8368,=0.9544,=1.1063,=1.4831,=1.5055,=0.8438,=0.8113,=1.0636,=1.2496,=1.4539,=1.7571,=0.0380,=0.4388,=0.0252,=0.0350,=0.0386,=0.0518,=0.0626,=0.0245,=0.0975,=0.0256,=210
="399412",国证新能,2014-05-16,=0.0028,=2652.1100,=-0.1042,=31.3248,=0.6222,=13.6858,=20.0843,=24.9376,=40.0619,=66.6027,=2.8603,=0.5694,=1.6349,=2.2652,=2.7236,=3.9698,=7.3016,=1.8613,=0.6395,=0.7993,=1.1878,=1.5611,=2.5873,=5.3757,=0.0139,=0.4339,=0.0032,=0.0058,=0.0152,=0.0184,=0.0274,=0.0217,=0.0862,=0.0211,=364
="980028",龙头家电,2015-02-16,=-0.0078,=11265.7200,=-0.1050,=13.9871,=0.2853,=11.8600,=13.7097,=14.5676,=18.4034,=31.1013,=2.4531,=0.0283,=2.2513,=2.6440,=2.8926,=3.6476,=5.1202,=1.2462,=0.3111,=0.9787,=1.2040,=1.3255,=1.4727,=2.2318,=0.0455,=0.9817,=0.0174,=0.0268,=0.0333,=0.0399,=0.0472,=0.0430,=0.1789,=0.0477,=188
="399417",新能源车,2014-09-24,=0.0028,=3480.0100,=-0.1054,=25.7781,=0.3877,=14.2186,=20.9718,=29.9781,=55.7751,=106.6289,=3.5361,=0.5344,=1.6630,=2.3823,=3.4487,=4.4910,=9.6468,=1.9500,=0.5690,=0.6730,=1.0543,=1.8506,=2.4484,=6.6041,=0.0133,=0.5600,=0.0016,=0.0053,=0.0122,=0.0183,=0.0316,=0.0339,=0.1319,=0.0293,=2442
="931574",港股科技,2013-05-21,=-0.0171,=1568.9929,=-0.1055,=24.9825,=0.3623,=16.3025,=22.8970,=27.0177,=42.7304,=59.3282,=2.8455,=0.4283,=1.8790,=2.5273,=2.9463,=3.5723,=8.1693,=1.7271,=0.2439,=1.3201,=1.6760,=1.9682,=2.8345,=5.7490,=0.0106,=0.9018,=0.0011,=0.0030,=0.0070,=0.0100,=0.0126,,=0.1080,,=275
="932246",储能电池,2022-07-08,,,=-0.1058,=25.6602,=0.4178,=13.3190,=21.1069,=26.4876,=33.1439,=40.1514,=3.9593,=0.6563,=2.3139,=2.6931,=3.2756,=4.4515,=5.1292,=2.6738,=0.6546,=1.3666,=1.6977,=2.3014,=3.2835,=3.7523,=0.0160,=0.4342,=0.0111,=0.0132,=0.0165,=0.0200,=0.0231,=0.0403,=0.1439,=0.0321,=76
="930697",家用电器,2015-07-07,=-0.0032,=11436.0033,=-0.1058,=16.0336,=0.3103,=12.0193,=15.4243,=16.9990,=19.8234,=32.1495,=2.4777,=0.0758,=2.2889,=2.6586,=3.2288,=3.9701,=5.2226,=1.2336,=0.3226,=0.9879,=1.1843,=1.2974,=1.6199,=2.3694,=0.0394,=0.9790,=0.0137,=0.0223,=0.0266,=0.0334,=0.0418,=0.0370,=0.1413,=0.0419,=1745
="931412",证券公司30,2020-02-20,=-0.0138,=1453.7936,=-0.1059,=13.8340,=0.0374,=12.7557,=15.9831,=18.5047,=22.5782,=36.9291,=1.2843,=0.2379,=1.0327,=1.2677,=1.4413,=1.6964,=2.4365,=5.5191,=0.4727,=3.9462,=5.0390,=5.5720,=6.6976,=9.6353,=0.0218,=0.8204,=0.0091,=0.0147,=0.0169,=0.0213,=0.0256,=0.0228,=0.0861,=0.0218,=35
="931151",光伏产业,2019-04-22,=0.0006,=2554.5965,=-0.1061,=-691.8576,=0.8913,=9.5087,=20.6885,=38.3092,=73.6946,=2491.4939,=2.1095,=0.3549,=1.5562,=1.9287,=2.6061,=4.4661,=6.9801,=1.8740,=0.5217,=0.8897,=1.2493,=1.8176,=3.1699,=5.9137,=0.0084,=0.4654,=0.0030,=0.0055,=0.0090,=0.0197,=0.0300,=0.0016,=0.0012,=0.0005,=2742
="399807",高铁产业,2015-01-20,=-0.0045,=1110.1000,=-0.1064,=12.1392,=0.3543,=9.4881,=11.2215,=12.7702,=15.1185,=24.3532,=0.7640,=0.0107,=0.7241,=0.9151,=1.0252,=1.4501,=2.3973,=0.3881,=0.2765,=0.3063,=0.3760,=0.4204,=0.4656,=0.6435,=0.0304,=0.9365,=0.0090,=0.0146,=0.0237,=0.0279,=0.0348,=0.0121,=0.0541,=0.0137,=597
="399808",中证新能,2015-02-10,=0.0037,=2512.5000,=-0.1075,=35.0658,=0.4841,=11.2377,=23.4990,=35.8226,=45.7245,=62.8342,=2.6805,=0.4265,=1.7615,=2.1712,=2.9037,=3.8504,=7.2277,=2.3010,=0.5253,=1.2791,=1.6778,=2.2470,=3.0254,=6.6822,=0.0133,=0.7462,=0.0029,=0.0058,=0.0091,=0.0152,=0.0247,=0.0221,=0.0668,=0.0165,=1320
="931371",品牌消费100,2019-11-25,,,=-0.1083,=16.9919,=0.1520,=14.6106,=17.2892,=21.8386,=30.5975,=41.6881,=3.2139,=0.0392,=2.8278,=3.6813,=4.4902,=6.5380,=9.5576,=2.1207,=0.2163,=1.7483,=2.1059,=2.6334,=3.8607,=5.3339,=0.0438,=0.9798,=0.0095,=0.0157,=0.0229,=0.0370,=0.0479,=0.0505,=0.1847,=0.0654,=9
="931024",港股通非银,2017-11-06,=-0.0158,=3816.3947,=-0.1114,=7.1973,=0.0079,=6.7549,=8.4833,=10.9807,=13.3094,=22.4310,=0.9790,=0.3699,=0.6237,=0.8526,=1.0415,=1.2206,=1.7592,=1.2057,=0.7758,=0.5870,=0.8772,=1.0192,=1.2313,=2.2002,=0.0405,=0.7762,=0.0165,=0.0269,=0.0346,=0.0413,=0.0611,,=0.1344,,=213
="000934",中证金融,2009-07-03,=-0.0102,=5568.6500,=-0.1117,=8.0013,=0.4565,=5.7083,=6.8944,=8.1015,=8.8714,=11.5527,=0.7671,=0.2653,=0.6117,=0.7181,=0.8906,=1.1388,=1.5017,=2.1085,=0.8142,=1.1467,=1.4503,=1.8025,=2.0956,=2.6696,=0.0378,=0.5740,=0.0232,=0.0331,=0.0366,=0.0445,=0.0593,=0.0220,=0.0873,=0.0231,=1158
="000992",全指金融,2011-08-02,=-0.0100,=5318.5100,=-0.1118,=8.1580,=0.4483,=5.9310,=7.1022,=8.2811,=9.0288,=11.6339,=0.7675,=0.2621,=0.6188,=0.7234,=0.8964,=1.1483,=1.5107,=2.1023,=0.8121,=1.1568,=1.4432,=1.8067,=2.0888,=2.6668,=0.0374,=0.5814,=0.0229,=0.0327,=0.0360,=0.0437,=0.0581,=0.0217,=0.0846,=0.0227,=2709
="399804",中证体育,2015-02-09,=0.0064,=1761.2300,=-0.1120,=26.3066,=0.2913,=17.8349,=25.1784,=30.9434,=43.6446,=86.1148,=2.9786,=0.3824,=2.0588,=2.7255,=3.1852,=3.7688,=5.5714,=2.5443,=0.3564,=1.7235,=2.3137,=2.8365,=3.9756,=7.1775,=0.0199,=0.7664,=0.0037,=0.0071,=0.0123,=0.0204,=0.0296,=0.0257,=0.0922,=0.0231,=305
="399975",证券公司,2013-07-15,=-0.0137,=756.2500,=-0.1130,=14.9283,=0.0210,=13.7968,=18.6762,=21.4855,=26.4841,=46.0250,=1.2970,=0.1953,=1.0494,=1.3005,=1.5429,=1.8515,=2.4199,=5.7750,=0.3247,=4.0997,=5.4655,=6.3233,=7.4089,=10.0865,=0.0204,=0.8195,=0.0082,=0.0129,=0.0150,=0.0201,=0.0244,=0.0211,=0.0810,=0.0201,=9889
="931783",智能驾驶,2022-02-21,,,=-0.1134,=37.5907,=0.0835,=31.9944,=39.8660,=46.3652,=68.2900,=98.5983,=3.1414,=0.1229,=2.5981,=3.3146,=3.5587,=3.9486,=4.9384,=1.7045,=0.1853,=1.3276,=1.7162,=1.9273,=2.1186,=2.7953,=0.0092,=0.9734,=0.0048,=0.0063,=0.0071,=0.0082,=0.0101,=0.0149,=0.0928,=0.0256,=20
="399814",大农业,2014-07-22,=-0.0083,=1062.5300,=-0.1138,=24.2858,=0.2559,=17.8693,=23.4731,=28.0817,=32.5044,=111.7688,=2.7568,=0.0643,=2.4368,=2.9173,=3.2622,=4.3740,=6.4483,=1.5141,=0.2213,=1.2031,=1.4984,=1.8086,=2.3352,=3.7145,=0.0271,=0.9761,=0.0100,=0.0141,=0.0172,=0.0229,=0.0287,=0.0257,=0.1209,=0.0380,=777
="399437",证券龙头,2014-12-30,=-0.0138,=6035.2500,=-0.1140,=14.1811,=0.0239,=12.9130,=17.3586,=19.9972,=25.0353,=43.0253,=1.3051,=0.2171,=1.0547,=1.2957,=1.5229,=1.8074,=2.3633,=5.6390,=0.3546,=3.9970,=5.3466,=6.1998,=7.2498,=9.5068,=0.0213,=0.8204,=0.0092,=0.0139,=0.0161,=0.0209,=0.0262,=0.0223,=0.0851,=0.0215,=714
="000018",180金融,2007-12-10,=-0.0098,=5256.0500,=-0.1152,=7.2512,=0.3807,=5.2016,=6.4287,=7.5006,=8.3012,=10.8609,=0.7486,=0.2752,=0.5902,=0.6965,=0.8586,=1.0628,=1.4199,=2.1778,=0.7660,=1.2355,=1.5824,=1.9624,=2.2133,=2.8772,=0.0401,=0.5637,=0.0246,=0.0353,=0.0392,=0.0493,=0.0636,=0.0229,=0.0959,=0.0245,=779
="000914",300金融,2007-07-02,=-0.0102,=5938.6000,=-0.1160,=7.7112,=0.4413,=5.2769,=6.6022,=7.8462,=8.6017,=11.3863,=0.7566,=0.2666,=0.5962,=0.7048,=0.8830,=1.1248,=1.4919,=2.1011,=0.7960,=1.1210,=1.4310,=1.8124,=2.1038,=2.7052,=0.0389,=0.5744,=0.0235,=0.0340,=0.0376,=0.0467,=0.0618,=0.0223,=0.0897,=0.0236,=348
="931021",家电龙头,2017-10-17,=-0.0047,=15966.4716,=-0.1162,=14.9980,=0.3680,=11.3343,=14.2731,=15.7163,=19.2716,=31.7589,=2.5316,=0.1211,=2.3641,=2.6299,=3.0419,=3.8979,=5.4650,=1.2279,=0.4811,=0.8457,=1.1183,=1.2345,=1.4809,=2.4102,=0.0419,=0.9846,=0.0135,=0.0213,=0.0286,=0.0358,=0.0436,=0.0396,=0.1676,=0.0453,=38
="950096",上海国企,2016-05-11,=-0.0056,=1337.0283,=-0.1163,=13.8791,=0.6382,=8.9055,=11.0343,=12.5713,=15.1974,=16.5992,=1.0697,=0.4194,=0.7269,=0.8713,=1.1209,=1.4533,=2.0186,=1.1572,=0.8269,=0.5842,=0.6832,=0.8504,=1.1449,=1.2890,=0.0224,=0.2773,=0.0177,=0.0207,=0.0257,=0.0281,=0.0334,=0.0189,=0.0761,=0.0213,=174
="399976",CS新能车,2014-11-28,=0.0048,=3940.9700,=-0.1176,=26.6809,=0.2505,=13.8890,=22.9016,=34.1437,=62.1175,=231.2544,=3.4276,=0.3053,=2.0896,=3.0970,=3.8466,=6.2213,=11.9870,=1.9695,=0.2921,=0.7703,=1.7976,=2.2961,=4.1916,=9.1824,=0.0121,=0.7565,=0.0014,=0.0031,=0.0075,=0.0134,=0.0276,=0.0343,=0.1248,=0.0265,=2027
="931402",证券先锋,2020-01-14,=-0.0136,=1839.2357,=-0.1180,=14.8306,=0.0282,=13.6795,=17.2700,=20.7261,=25.7515,=41.4692,=1.2999,=0.2276,=1.0487,=1.2877,=1.4543,=1.7449,=2.4715,=5.7700,=0.4232,=4.0917,=5.3161,=5.8995,=7.0499,=10.0278,=0.0206,=0.8257,=0.0081,=0.0134,=0.0150,=0.0202,=0.0246,=0.0214,=0.0819,=0.0203,=97
="980022",机器人产业,2015-02-25,=0.0016,=2338.1800,=-0.1189,=56.4934,=0.8061,=13.7974,=16.6836,=20.4575,=52.9508,=93.9438,=4.6925,=0.7705,=2.5198,=3.0610,=3.6623,=4.8067,=6.2730,=3.9167,=0.7974,=1.0172,=1.2358,=1.4357,=3.9496,=5.9220,=0.0057,=0.1932,=0.0039,=0.0061,=0.0201,=0.0295,=0.0381,=0.0186,=0.0892,=0.0245,=341
="931454",港股通消费,2020-03-06,=-0.0016,=1351.0756,=-0.1217,=14.5965,=0.0195,=13.3496,=20.4052,=26.9161,=36.2213,=64.7193,=2.4806,=0.0271,=2.2532,=3.1493,=3.6300,=5.0905,=8.9519,=1.3109,=0.0183,=1.1976,=1.9133,=2.3732,=3.5538,=6.6047,=0.0454,=0.9717,=0.0043,=0.0072,=0.0119,=0.0152,=0.0498,,=0.1670,,=403
="HSSCNE",恒生港股通新经济指数,2018-01-08,=-0.0145,=3768.4900,=-0.1229,=22.9084,=0.3848,=15.8046,=20.7992,=24.0082,=28.3549,=53.5009,=2.7421,=0.4495,=1.7963,=2.2574,=2.8227,=3.4633,=6.9059,=1.9318,=0.4315,=1.4023,=1.7311,=1.9949,=2.5492,=5.3019,=0.0109,=0.5217,=0.0041,=0.0086,=0.0108,=0.0166,=0.0252,,=0.1277,,=205
="930997",新能源车,2017-07-19,=0.0047,=2663.1016,=-0.1232,=26.8289,=0.3382,=14.0460,=20.4823,=31.6090,=71.7924,=171.6022,=3.4343,=0.4530,=1.7502,=2.4287,=3.6497,=6.0409,=11.4567,=1.9773,=0.4385,=0.7652,=1.2085,=2.1402,=3.8919,=8.7389,=0.0121,=0.5833,=0.0014,=0.0031,=0.0109,=0.0182,=0.0289,=0.0346,=0.1243,=0.0266,=1984
="931139",CS消费50,2019-03-20,=-0.0131,=13978.5795,=-0.1238,=16.6105,=0.0757,=14.9525,=18.0041,=23.7946,=30.0518,=47.8630,=3.2931,=0.0339,=2.8552,=3.9901,=5.3103,=7.0319,=12.5456,=2.1225,=0.0173,=1.9104,=2.5724,=3.1255,=4.4594,=9.1270,=0.0436,=0.9722,=0.0083,=0.0160,=0.0214,=0.0361,=0.0484,=0.0528,=0.1922,=0.0638,=2235
="000036",上证消费,2009-01-09,=-0.0113,=9477.8600,=-0.1266,=20.1342,=0.0301,=17.8817,=22.7126,=31.6672,=40.5919,=69.3963,=4.6770,=0.1290,=3.7240,=5.2250,=6.5384,=9.2057,=14.9810,=4.3295,=0.2621,=1.9092,=3.9951,=4.8718,=7.3411,=10.9001,=0.0383,=0.9815,=0.0071,=0.0114,=0.0157,=0.0306,=0.0429,=0.0773,=0.2393,=0.0858,=2328
="930608",中证基建,2015-03-31,=-0.0035,=7405.5531,=-0.1274,=10.1365,=0.4297,=6.6667,=8.6208,=10.4419,=13.4640,=25.2863,=0.7084,=0.0136,=0.6550,=0.8079,=1.0953,=1.4148,=2.2134,=0.2143,=0.1595,=0.1701,=0.2195,=0.3329,=0.4647,=0.7101,=0.0301,=0.8838,=0.0095,=0.0175,=0.0214,=0.0291,=0.0388,=0.0141,=0.0583,=0.0170,=662
="HSSCITI",恒生港股通科技主题指数,2023-07-01,=-0.0134,=2536.9600,=-0.1296,=22.3197,=0.2889,=15.2810,=21.1832,=23.7955,=26.9159,=33.8690,=2.6637,=0.1686,=2.1914,=2.7033,=2.9212,=3.4033,=4.1810,=2.2105,=0.5608,=1.5305,=1.8492,=2.1339,=2.7170,=3.5648,=0.0096,=0.9124,=0.0061,=0.0075,=0.0084,=0.0091,=0.0106,,=0.1205,,=86
="932152",港股通成长策略,2025-04-30,=-0.0110,=1150.7030,=-0.1314,=17.9426,=0.1604,=16.5252,=18.0530,=18.7416,=21.0420,=22.5567,=2.3145,=0.1572,=2.1900,=2.3435,=2.6970,=2.8177,=3.0449,=1.7068,=0.0535,=1.6549,=1.8686,=2.0665,=2.2107,=2.3595,=0.0209,=0.8082,=0.0152,=0.0179,=0.0193,=0.0208,=0.0248,,=0.1305,,=13
="H11052",智能电车,2009-07-22,=0.0013,=3680.2350,=-0.1329,=26.0474,=0.1941,=16.1153,=26.2156,=32.8130,=63.3646,=148.6443,=3.5290,=0.3552,=2.6129,=3.1950,=3.8827,=5.5107,=9.7804,=1.7961,=0.3407,=1.2507,=1.6563,=2.0374,=3.2736,=6.6252,=0.0118,=0.8348,=0.0021,=0.0035,=0.0091,=0.0112,=0.0189,=0.0316,=0.1293,=0.0281,=198
="000912",300消费,2007-07-02,=-0.0140,=17983.7628,=-0.1331,=20.0968,=0.1207,=17.5697,=22.4064,=28.6893,=38.6920,=71.0374,=3.7942,=0.0527,=3.2494,=4.6631,=6.3981,=8.3233,=13.2137,=2.9164,=0.0787,=1.9809,=3.1967,=4.1908,=5.5033,=9.3193,=0.0424,=0.9848,=0.0078,=0.0128,=0.0189,=0.0289,=0.0471,=0.0602,=0.1878,=0.0812,=789
="931456",中国教育,2020-04-21,=-0.0079,=1047.4127,=-0.1355,=29.7817,=0.0012,=29.1627,=54.9849,=92.7931,=-135.9872,=28609.2511,=2.7491,=0.3978,=1.5831,=2.4465,=2.9371,=3.7907,=9.7545,=2.6974,=0.1861,=1.7011,=2.7387,=3.3503,=4.6794,=11.2012,=0.0080,=0.4383,=0.0035,=0.0059,=0.0082,=0.0099,=0.0209,,=0.0593,,=180
="399971",中证传媒,2014-04-15,=0.0004,=1268.1600,=-0.1386,=34.7468,=0.5039,=18.4593,=27.0874,=34.6718,=44.1814,=90.0483,=2.3288,=0.3403,=1.5359,=2.1284,=2.5485,=3.2263,=5.3792,=2.7098,=0.2464,=1.9674,=2.6355,=3.1639,=4.4714,=7.0261,=0.0183,=0.6996,=0.0038,=0.0091,=0.0128,=0.0206,=0.0294,=0.0163,=0.0602,=0.0206,=6345
="399812",养老产业,2014-06-06,=-0.0140,=5453.7800,=-0.1386,=11.2694,=0.0152,=10.3086,=17.6756,=20.3222,=25.3954,=31.4367,=1.7685,=0.0441,=1.5864,=2.0376,=2.7974,=3.2414,=4.2954,=1.4388,=0.1817,=1.2170,=1.4538,=1.6755,=1.8719,=2.5548,=0.0275,=0.9749,=0.0096,=0.0131,=0.0171,=0.0244,=0.0306,=0.0294,=0.1459,=0.0345,=6273
="930794",中美互联网,2016-04-22,,,=-0.1386,=19.3888,=0.0004,=19.2963,=27.9437,=32.4589,=38.0931,=50.5410,=5.1693,=0.1213,=3.5920,=5.6528,=6.5708,=7.5414,=9.2259,=4.6125,=0.3830,=2.2940,=3.8795,=4.8596,=5.5740,=7.0802,=0.0027,=0.6209,=0.0004,=0.0006,=0.0017,=0.0033,=0.0053,,=0.2458,,=434
="931746",储能产业,2015-06-11,=-0.0043,=3184.6542,=-0.1388,=28.9905,=0.3931,=12.7536,=19.7162,=32.1369,=41.7230,=70.6293,=3.2036,=0.4161,=2.2823,=2.7406,=3.3787,=5.0003,=8.8670,=2.0846,=0.5433,=1.1513,=1.4998,=2.0350,=3.1364,=6.6557,=0.0136,=0.5910,=0.0020,=0.0044,=0.0128,=0.0169,=0.0220,=0.0195,=0.0831,=0.0177,=161
="000692",科创新能,2023-04-03,=0.0132,=995.6600,=-0.1399,=-59.5604,=0.6458,=13.9124,=18.9103,=145.3083,=-45.0516,=279.8956,=2.3584,=0.5539,=1.4486,=1.8063,=2.2203,=2.7973,=4.0229,=1.5596,=0.6005,=0.8667,=1.1617,=1.4473,=1.9042,=2.6157,=0.0043,=0.0674,=0.0030,=0.0056,=0.0163,=0.0205,=0.0318,=-0.0018,=-0.0642,=-0.0138,=42
="931663",SHS消费龙头,2015-03-13,=-0.0111,=1747.2940,=-0.1401,=17.4997,=0.0413,=14.4278,=20.0511,=26.6275,=37.0770,=57.5191,=2.9409,=0.0218,=2.5314,=3.4003,=4.3130,=6.1339,=13.5979,=1.8493,=0.1782,=1.3592,=1.8787,=2.3925,=3.4165,=7.5123,=0.0300,=0.9356,=0.0069,=0.0133,=0.0170,=0.0253,=0.0421,,=0.1411,,=232
="HSSCT",恒生港股通中国科技指数,2020-02-01,=-0.0121,=6445.6900,=-0.1407,=22.3842,=0.2435,=15.0039,=21.9483,=24.7541,=32.0448,=55.7647,=2.6517,=0.2199,=1.8368,=2.6364,=3.0202,=4.6281,=8.0840,=2.2137,=0.4248,=1.1354,=1.8424,=2.3211,=3.1901,=6.0217,=0.0095,=0.9161,=0.0020,=0.0040,=0.0070,=0.0089,=0.0108,,=0.1202,,=100
="931239",港股通汽车,2022-07-21,=-0.0045,=1985.3161,=-0.1407,=25.8528,=0.8057,=12.1049,=14.3490,=17.1471,=25.3746,=32.0714,=2.8248,=0.8730,=1.2076,=1.4393,=1.5987,=2.6622,=3.5989,=1.4160,=0.8169,=0.6024,=0.6868,=0.7595,=1.3744,=1.7776,=0.0136,=0.1768,=0.0091,=0.0151,=0.0203,=0.0227,=0.0338,,=0.1152,,=53
="399959",军工指数,2011-08-30,=0.0076,=1559.3100,=-0.1411,=44.6264,=0.1030,=34.5950,=50.3457,=60.1831,=72.0997,=156.6364,=2.8053,=0.2570,=2.0269,=2.6526,=3.2447,=4.0101,=5.9912,=2.4722,=0.0643,=2.1044,=2.6766,=3.2864,=3.8719,=5.2606,=0.0072,=0.8460,=0.0021,=0.0029,=0.0038,=0.0067,=0.0095,=0.0143,=0.0591,=0.0108,=21
="931480",线上消费,2020-05-06,=0.0052,=721.2199,=-0.1425,=54.6472,=0.4094,=33.5813,=47.8602,=65.4970,=96.1794,=132.5169,=3.0540,=0.4797,=1.9483,=2.5223,=3.0846,=3.6891,=5.0305,=3.0675,=0.8379,=1.1811,=1.5074,=1.8333,=2.9387,=4.8094,=0.0103,=0.8524,=0.0051,=0.0066,=0.0085,=0.0099,=0.0133,=0.0131,=0.0458,=0.0190,=79
="930653",CS食品饮,2015-06-05,=-0.0111,=12930.8093,=-0.1433,=21.8696,=0.1298,=17.6031,=22.6996,=31.2737,=38.3114,=65.8842,=3.5626,=0.0247,=3.1030,=4.4131,=5.7097,=7.1300,=12.9907,=3.2621,=0.0239,=2.9247,=3.8148,=4.7618,=5.8503,=11.4166,=0.0383,=0.9827,=0.0078,=0.0127,=0.0178,=0.0307,=0.0425,=0.0615,=0.1583,=0.0705,=913
="399286",区块链50,2019-12-24,=-0.0040,=3431.6500,=-0.1435,=17.1596,=0.1417,=13.8844,=17.7871,=20.7543,=28.4916,=40.1853,=1.9506,=0.2784,=1.4262,=1.8656,=2.1141,=2.7259,=3.6332,=1.7960,=0.4500,=1.3177,=1.5924,=1.8396,=2.0898,=2.8188,=0.0251,=0.8975,=0.0072,=0.0097,=0.0147,=0.0232,=0.0319,=0.0273,=0.0903,=0.0252,=158
="000807",食品饮料,2012-02-17,=-0.0120,=15627.1381,=-0.1453,=20.3555,=0.1158,=16.7498,=21.4244,=30.4153,=37.6314,=67.1514,=3.9997,=0.0268,=3.4269,=4.7753,=6.2605,=8.2580,=14.6770,=4.5081,=0.1871,=3.6682,=4.5292,=5.6629,=7.6740,=12.7454,=0.0417,=0.9827,=0.0077,=0.0131,=0.0185,=0.0324,=0.0463,=0.0738,=0.1953,=0.0849,=4302
="987008",港股通科技,2021-03-08,,,=-0.1456,=23.9469,=0.1894,=16.3992,=24.0327,=27.0623,=33.7335,=63.8758,=2.6371,=0.0686,=2.3408,=2.9288,=3.4013,=3.9471,=8.4842,=2.1796,=0.0507,=1.9337,=2.5715,=2.9715,=3.8310,=8.7605,=0.0075,=0.8337,=0.0015,=0.0033,=0.0059,=0.0073,=0.0093,,=0.0980,,=93
="931404",SHS品牌消费50,2020-02-20,=-0.0052,=2305.6113,=-0.1457,=16.3601,=0.0372,=15.2551,=18.2165,=21.4445,=29.9909,=52.1290,=3.8723,=0.0476,=3.2381,=4.5496,=5.2332,=7.2341,=13.2899,=3.2787,=0.2768,=2.1582,=3.1777,=4.0287,=6.3451,=12.0094,=0.0261,=0.7982,=0.0048,=0.0094,=0.0173,=0.0261,=0.0383,,=0.2165,,=141
="399396",国证食品,2012-10-29,=-0.0117,=14918.5400,=-0.1461,=21.0711,=0.1220,=17.1702,=21.9368,=30.0908,=37.3108,=66.0937,=3.7617,=0.0264,=3.2471,=4.5823,=6.0987,=7.6300,=14.3214,=3.4998,=0.0206,=3.1290,=3.9685,=5.0504,=6.2477,=12.4529,=0.0396,=0.9819,=0.0078,=0.0130,=0.0186,=0.0315,=0.0441,=0.0671,=0.1761,=0.0767,=1618
="930875",空天军工,2016-08-17,=0.0076,=2065.7017,=-0.1462,=69.3331,=0.7114,=27.3832,=45.5426,=55.7527,=73.3843,=98.7933,=3.8067,=0.5619,=2.4052,=3.1586,=3.6266,=4.9334,=7.9650,=3.4127,=0.4355,=2.1274,=2.8934,=3.6865,=4.5101,=7.7673,=0.0052,=0.6394,=0.0022,=0.0032,=0.0041,=0.0069,=0.0106,=0.0090,=0.0567,=0.0104,=110
="HSTECH",恒生科技指数,2020-07-01,=-0.0177,=4707.6200,=-0.1465,=23.0772,=0.3327,=14.7293,=21.8001,=25.8742,=41.9375,=73.7725,=2.5425,=0.3307,=1.7280,=2.3914,=2.7760,=3.7444,=8.3408,=1.6324,=0.1127,=1.2545,=1.7086,=2.0239,=3.1420,=6.6932,=0.0121,=0.9450,=0.0010,=0.0021,=0.0060,=0.0109,=0.0135,,=0.1209,,=7384
="399966",800证保,2012-12-21,=-0.0148,=5640.2100,=-0.1471,=9.6634,=0.0132,=9.1408,=13.5562,=15.9948,=19.7375,=27.1945,=1.2514,=0.1310,=1.0619,=1.2994,=1.5912,=2.0376,=2.4366,=1.7961,=0.5150,=1.1634,=1.5249,=1.7817,=2.0457,=2.5211,=0.0279,=0.9172,=0.0122,=0.0160,=0.0213,=0.0242,=0.0329,=0.0247,=0.1256,=0.0286,=185
="930746",港中小企,2015-08-26,=-0.0025,=2294.0580,=-0.1471,=19.7669,=0.8738,=7.8499,=11.1100,=14.2745,=18.2363,=36.0739,=0.9345,=0.3726,=0.6829,=0.8308,=1.0737,=1.2267,=1.6951,=0.6713,=0.4700,=0.3939,=0.5282,=0.6833,=0.8171,=1.1520,=0.0377,=0.6015,=0.0210,=0.0270,=0.0334,=0.0436,=0.0585,,=0.0299,,=212
="H30588",中证证保,2015-02-02,=-0.0148,=957.7038,=-0.1471,=9.6676,=0.0132,=9.1443,=13.5373,=16.0870,=19.5891,=27.6808,=1.2501,=0.1290,=1.0752,=1.2996,=1.5973,=2.0352,=2.4238,=1.7989,=0.5299,=1.1673,=1.5178,=1.7729,=2.0128,=2.5500,=0.0279,=0.9201,=0.0121,=0.0160,=0.0213,=0.0241,=0.0328,=0.0246,=0.1254,=0.0286,=482
="931697",消费50策略,2021-07-12,=-0.0061,=7254.0147,=-0.1474,=18.4617,=0.1943,=16.4104,=18.4790,=20.7979,=31.2676,=38.9422,=3.0116,=0.0502,=2.6840,=3.5085,=3.8602,=5.1935,=7.0736,=1.6094,=0.0583,=1.4635,=1.7503,=1.9204,=2.8438,=3.5305,=0.0369,=0.9725,=0.0120,=0.0157,=0.0242,=0.0317,=0.0403,=0.0408,=0.1608,=0.0542,=64
="399973",中证国防,2014-04-15,=0.0071,=1584.8000,=-0.1479,=62.4692,=0.6630,=28.8580,=43.6048,=54.2157,=71.7367,=107.5808,=3.4159,=0.4236,=2.3880,=3.0104,=3.5637,=4.8171,=7.7047,=3.0960,=0.3564,=1.9566,=2.7338,=3.8410,=4.5418,=7.1179,=0.0058,=0.6733,=0.0024,=0.0035,=0.0046,=0.0064,=0.0100,=0.0086,=0.0535,=0.0095,=644
="000815",细分食品,2012-04-11,=-0.0124,=15950.0570,=-0.1486,=20.7362,=0.1422,=16.6089,=21.4166,=30.6642,=37.4251,=68.5596,=3.9322,=0.0268,=3.3595,=4.7288,=6.1934,=8.2709,=14.7926,=4.5797,=0.0869,=4.0083,=4.9232,=6.1102,=8.3455,=14.4971,=0.0405,=0.9815,=0.0072,=0.0123,=0.0164,=0.0318,=0.0452,=0.0708,=0.1902,=0.0845,=782
="931068",消费龙头,2018-11-21,=-0.0116,=10787.1895,=-0.1486,=16.5043,=0.0507,=15.0591,=18.2074,=22.8164,=29.9266,=44.3922,=3.2623,=0.0288,=2.8729,=4.1111,=4.6976,=6.5501,=10.3805,=2.0203,=0.0501,=1.8019,=2.5367,=3.2521,=4.0817,=7.0508,=0.0411,=0.9771,=0.0085,=0.0161,=0.0210,=0.0330,=0.0451,=0.0518,=0.2083,=0.0600,=2402
="980018",卫星通信,2015-02-17,=0.0082,=4533.1000,=-0.1518,=278.1453,=0.9059,=23.6003,=29.0351,=40.9001,=60.0480,=1063.4314,=6.0120,=0.9387,=1.7225,=2.0644,=2.5869,=4.3150,=7.7241,=7.7131,=0.9833,=1.5054,=1.8096,=2.3105,=3.1451,=9.8783,=0.0017,=0.0161,=0.0013,=0.0038,=0.0126,=0.0171,=0.0231,=0.0054,=0.0181,=0.0298,=132
="000949",中证农业,2009-10-28,=-0.0134,=4904.4739,=-0.1529,=30.8564,=0.5888,=14.4444,=21.2919,=29.1179,=36.7819,=1184.8568,=2.4113,=0.1269,=2.0719,=2.5027,=3.2639,=4.0480,=5.2895,=1.2864,=0.2394,=0.8980,=1.1771,=1.7170,=2.0301,=2.8101,=0.0211,=0.8978,=0.0077,=0.0144,=0.0165,=0.0190,=0.0257,=0.0068,=0.0985,=0.0327,=1064
="931479",证券保险,2020-05-06,=-0.0154,=899.1454,=-0.1539,=8.9936,=0.0229,=8.4973,=11.6859,=13.3525,=15.4734,=21.1012,=1.2247,=0.2025,=1.0296,=1.2228,=1.3705,=1.5588,=2.2844,=1.6397,=0.6402,=1.0318,=1.2778,=1.4667,=1.7810,=2.2879,=0.0298,=0.8650,=0.0162,=0.0225,=0.0251,=0.0289,=0.0357,=0.0256,=0.1317,=0.0302,=55
="931845",生猪产业,2012-04-11,,,=-0.1569,=71.0530,=0.7759,=12.7881,=21.1629,=29.0152,=101.0404,=705.7713,=2.5339,=0.0177,=2.2394,=2.8747,=3.4527,=4.0928,=5.7536,=0.9411,=0.0400,=0.8323,=1.0294,=1.6230,=2.1520,=2.8287,=0.0277,=0.9213,=0.0091,=0.0130,=0.0172,=0.0209,=0.0316,=-0.0154,=0.0788,=0.0361,=164
="000942",内地消费,2009-10-28,=-0.0105,=8608.5234,=-0.1579,=19.0304,=0.2443,=14.4412,=18.7371,=21.7434,=33.3379,=52.6356,=2.6440,=0.0231,=2.3718,=3.1277,=3.6909,=5.0424,=7.7211,=1.4229,=0.1483,=1.1096,=1.4981,=1.7718,=2.5493,=4.1228,=0.0350,=0.9856,=0.0093,=0.0147,=0.0214,=0.0283,=0.0381,=0.0371,=0.1426,=0.0493,=771
="HSSI",恒生综合小型股指数,2001-10-03,=0.0010,=1320.2300,=-0.1593,=24.3043,=0.7414,=7.3220,=11.0812,=16.4113,=26.2514,=83.7574,=0.9589,=0.4657,=0.5652,=0.7237,=0.9723,=1.1647,=1.4185,=0.6363,=0.3906,=0.3459,=0.4532,=0.6897,=0.9205,=1.2872,=0.0287,=0.4320,=0.0167,=0.0231,=0.0303,=0.0353,=0.0478,,,,=126
="000990",全指消费,2011-08-02,=-0.0147,=10672.9501,=-0.1616,=21.9243,=0.1632,=18.6483,=23.2107,=30.5084,=39.1217,=75.7240,=3.5122,=0.0268,=3.0373,=4.0651,=4.9934,=6.2867,=9.6579,=2.5416,=0.0820,=2.2209,=2.7714,=3.3206,=4.0947,=6.6514,=0.0387,=0.9831,=0.0082,=0.0125,=0.0157,=0.0286,=0.0432,=0.0524,=0.1676,=0.0712,=3858
="399432",智能汽车,2014-12-30,=-0.0011,=5685.9400,=-0.1620,=25.3642,=0.5060,=12.3799,=17.8904,=24.8122,=66.1739,=131.3343,=3.4529,=0.4747,=1.4019,=2.1767,=3.5041,=6.5272,=11.4939,=1.9810,=0.5344,=0.5888,=0.9103,=1.8928,=4.6106,=8.8483,=0.0131,=0.4924,=0.0016,=0.0032,=0.0133,=0.0241,=0.0377,=0.0329,=0.1377,=0.0319,=22
="930707",中证畜牧,2015-07-13,=-0.0151,=1848.9055,=-0.1624,=63.2755,=0.7281,=11.3375,=17.7937,=26.9244,=113.3570,=237.1331,=2.2658,=0.0181,=1.9910,=2.6660,=3.2783,=4.1906,=5.8838,=0.9304,=0.0585,=0.8185,=1.0272,=1.4172,=2.0639,=2.9452,=0.0253,=0.9188,=0.0033,=0.0095,=0.0142,=0.0214,=0.0303,=-0.0138,=0.0829,=0.0347,=1229
="399368",国证军工,2009-11-04,=0.0038,=7131.3900,=-0.1632,=61.8151,=0.4536,=38.1822,=54.2867,=63.3725,=77.8066,=107.0849,=3.0587,=0.5167,=2.0244,=2.5859,=3.0287,=3.5411,=4.3940,=2.9356,=0.4042,=1.8459,=2.5701,=3.1850,=3.6960,=4.8014,=0.0056,=0.8006,=0.0025,=0.0032,=0.0044,=0.0056,=0.0080,=0.0129,=0.0477,=0.0081,=18
="000911",300可选,2007-07-02,=-0.0085,=5524.5089,=-0.1649,=17.3529,=0.3634,=11.4175,=16.2611,=18.2567,=24.5366,=45.8432,=1.9110,=0.0136,=1.7502,=2.2693,=2.5382,=3.0218,=4.4626,=0.8671,=0.0738,=0.7162,=0.9505,=1.0964,=1.3297,=2.0518,=0.0293,=0.9584,=0.0117,=0.0177,=0.0226,=0.0264,=0.0325,=0.0241,=0.1159,=0.0309,=34
="931946",畜牧养殖,2023-07-28,=-0.0153,=628.3588,=-0.1652,=36.3819,=0.6947,=14.8058,=16.4446,=24.7628,=42.6331,=702.5962,=2.4242,=0.1070,=2.1724,=2.5540,=2.6725,=2.7853,=3.1405,=1.0052,=0.1281,=0.8870,=1.0263,=1.0915,=1.1358,=1.2139,=0.0309,=0.8491,=0.0155,=0.0200,=0.0270,=0.0304,=0.0347,=0.0043,=0.0943,=0.0400,=12
="399967",中证军工,2013-12-26,=0.0043,=11659.7500,=-0.1678,=63.8037,=0.4771,=41.8350,=54.9002,=64.7569,=96.7094,=164.2289,=3.3640,=0.6275,=2.0425,=2.6005,=3.1762,=3.8043,=4.8699,=3.0965,=0.4911,=2.0545,=2.7207,=3.1064,=4.0092,=5.8225,=0.0052,=0.7623,=0.0021,=0.0030,=0.0039,=0.0054,=0.0081,=0.0129,=0.0501,=0.0096,=5985
="H30035",300非银,2012-12-21,=-0.0158,=9267.8635,=-0.1690,=9.1061,=0.0103,=8.6966,=12.7417,=15.1675,=19.3628,=26.3489,=1.2383,=0.1253,=1.0544,=1.2985,=1.6058,=2.0455,=2.4387,=1.6472,=0.4598,=1.0410,=1.4185,=1.7030,=1.9729,=2.3917,=0.0292,=0.9102,=0.0124,=0.0164,=0.0221,=0.0259,=0.0352,=0.0253,=0.1294,=0.0297,=1249
="000932",中证消费,2009-07-03,=-0.0145,=12658.5300,=-0.1699,=20.6777,=0.1302,=18.2526,=22.6854,=29.2746,=38.6663,=67.7039,=3.5663,=0.0247,=3.0877,=4.2703,=5.3608,=7.0320,=11.1990,=2.7273,=0.0688,=2.0221,=2.9555,=3.5964,=4.6842,=7.7724,=0.0404,=0.9843,=0.0082,=0.0130,=0.0175,=0.0289,=0.0448,=0.0540,=0.1726,=0.0732,=12499
="000989",全指可选,2011-08-02,=-0.0076,=4640.4600,=-0.1704,=20.8189,=0.2386,=14.8205,=20.3628,=24.2210,=30.9883,=46.1708,=2.1231,=0.2052,=1.6599,=2.1164,=2.4935,=2.8304,=3.2491,=0.9708,=0.1286,=0.8200,=1.0036,=1.1581,=1.4461,=1.7628,=0.0254,=0.9555,=0.0123,=0.0152,=0.0185,=0.0234,=0.0287,=0.0237,=0.1045,=0.0284,=1309
="930790",CS娱乐TI,2016-03-22,=-0.0023,=1175.3131,=-0.1733,=76.5428,=0.7665,=17.3299,=32.7876,=50.0591,=79.4260,=245.3480,=2.3946,=0.4120,=1.6576,=2.1411,=2.5347,=3.1111,=3.8872,=2.6180,=0.1339,=2.2057,=2.7487,=3.2176,=4.0257,=5.0752,=0.0156,=0.8313,=0.0039,=0.0093,=0.0124,=0.0152,=0.0240,=0.0124,=0.0200,=0.0156,=22
="930662",CS现代农,2015-07-13,=-0.0171,=885.1744,=-0.1735,=42.1140,=0.7021,=13.0417,=20.6420,=28.7208,=61.3315,=301.1137,=2.2085,=0.0755,=1.8555,=2.5052,=2.8320,=3.1376,=4.3308,=0.9695,=0.1086,=0.8273,=1.0170,=1.1597,=1.5477,=2.1026,=0.0251,=0.9515,=0.0046,=0.0099,=0.0129,=0.0166,=0.0291,=-0.0091,=0.0850,=0.0345,=57
="399393",国证地产,2012-08-20,=-0.0056,=2577.9000,=-0.1738,=-5.7813,=0.9815,=6.3321,=8.5850,=15.6801,=-1698.1393,=115902.4187,=0.7752,=0.1257,=0.5768,=0.8341,=1.0633,=1.6757,=2.5183,=0.5573,=0.3725,=0.3699,=0.5163,=0.6410,=1.0780,=1.7471,=0.0107,=0.0437,=0.0083,=0.0181,=0.0259,=0.0342,=0.0478,=-0.0014,=-0.0767,=0.0012,=1434
="930910",农牧渔,2016-12-12,=-0.0160,=8236.0152,=-0.1741,=69.6545,=0.7252,=13.2246,=20.9086,=29.9933,=95.4262,=30031.8592,=2.1843,=0.0214,=1.9495,=2.4826,=2.9374,=3.6348,=4.9084,=0.9717,=0.0449,=0.8679,=1.0655,=1.4726,=2.0532,=2.7290,=0.0226,=0.9432,=0.0042,=0.0098,=0.0137,=0.0176,=0.0261,=-0.0088,=0.0664,=0.0304,=22
="H30094",消费红利,2013-07-02,=-0.0105,=30627.7174,=-0.1754,=19.0501,=0.0911,=16.2060,=20.4990,=27.7711,=33.4547,=59.6542,=3.7009,=0.0284,=3.1510,=4.3750,=5.3351,=6.7479,=11.0368,=4.0494,=0.4005,=2.0635,=3.3274,=4.3046,=5.3148,=8.4259,=0.0439,=0.9819,=0.0123,=0.0178,=0.0223,=0.0347,=0.0491,=0.0717,=0.1905,=0.0792,=2170
="000931",中证可选,2009-07-03,=-0.0078,=5113.9395,=-0.1770,=18.5950,=0.2550,=12.9961,=17.9577,=20.1115,=26.0964,=47.1695,=2.0159,=0.1026,=1.6991,=2.1119,=2.4879,=2.7992,=3.7874,=0.9270,=0.1545,=0.7260,=0.9629,=1.1124,=1.2812,=1.9265,=0.0274,=0.9604,=0.0120,=0.0178,=0.0208,=0.0248,=0.0298,=0.0252,=0.1143,=0.0305,=843
="930601",中证软件,2015-03-10,=0.0012,=5157.2476,=-0.1798,=109.2092,=0.7478,=29.3378,=51.8564,=79.5825,=128.9417,=302.4908,=5.0253,=0.6283,=2.7207,=3.9641,=4.6661,=5.6474,=7.7270,=6.0256,=0.7915,=2.8007,=4.0731,=4.9566,=6.0513,=9.3609,=0.0066,=0.9291,=0.0026,=0.0036,=0.0044,=0.0053,=0.0101,=0.0078,=0.0385,=-0.0029,=410
="930721",CS智汽车,2015-08-05,=-0.0012,=4734.1346,=-0.1814,=31.3332,=0.0471,=27.2408,=33.8563,=39.3913,=48.8154,=67.2850,=3.2001,=0.1596,=2.5208,=3.2921,=3.8053,=5.3424,=7.3638,=1.2295,=0.0031,=1.1981,=1.4860,=1.8337,=2.6296,=3.8976,=0.0074,=0.5700,=0.0040,=0.0056,=0.0071,=0.0093,=0.0155,=0.0150,=0.1014,=0.0176,=489
="931775",房地产,2013-07-15,=-0.0095,=2432.6606,=-0.1844,=-4.5307,=0.9843,=7.0141,=8.9821,=18.2272,=-33.4812,=1490.8370,=0.7700,=0.1467,=0.5750,=0.8267,=1.0399,=1.6232,=2.4742,=0.5669,=0.3403,=0.3617,=0.5322,=0.6697,=1.1370,=1.8650,=0.0062,=0.0070,=0.0058,=0.0146,=0.0234,=0.0325,=0.0448,=-0.0040,=-0.1024,=-0.0027,=941
="000816",细分地产,2012-04-11,,,=-0.1853,=-4.0451,=0.9856,=6.1299,=8.3282,=15.7647,=-53.5439,=2488.2259,=0.7200,=0.1080,=0.5599,=0.8048,=1.0421,=1.6797,=2.5676,=0.4972,=0.2217,=0.3390,=0.4920,=0.6085,=1.0498,=1.7076,=0.0052,=0.0144,=0.0044,=0.0174,=0.0275,=0.0358,=0.0516,=-0.0038,=-0.1018,=-0.0024,=9
="399365",国证粮食,2009-11-04,=-0.0105,=10998.7800,=-0.1882,=22.4762,=0.3008,=13.3311,=20.2221,=26.9215,=35.2364,=54.5886,=2.0646,=0.2044,=1.6393,=2.0561,=4.0855,=6.4747,=11.3501,=0.8264,=0.2274,=0.5961,=0.8004,=3.1305,=4.6104,=8.7065,=0.0195,=0.7268,=0.0080,=0.0130,=0.0163,=0.0211,=0.0308,=0.0232,=0.0838,=0.0244,=78
="931357",优选消费50,2019-11-15,=-0.0102,=2432.1952,=-0.1887,=17.4269,=0.0188,=16.0077,=20.3285,=24.7265,=32.9213,=53.0529,=2.8017,=0.0164,=2.5395,=3.6563,=4.3177,=7.1342,=11.6208,=1.7421,=0.0117,=1.5982,=2.2846,=2.6955,=5.1862,=8.8232,=0.0264,=0.9894,=0.0058,=0.0100,=0.0145,=0.0200,=0.0287,,=0.1689,,=398
="399699",金融科技,2017-06-09,=-0.0071,=3617.3100,=-0.1912,=15.7818,=0.1002,=14.0983,=16.6640,=19.2858,=44.3307,=111.6316,=1.7990,=0.2077,=1.2665,=1.7899,=2.2694,=3.3952,=4.4660,=1.4760,=0.3242,=1.0709,=1.3786,=1.6159,=1.9086,=3.0519,=0.0239,=0.8185,=0.0041,=0.0063,=0.0188,=0.0234,=0.0329,=0.0209,=0.1027,=0.0223,=332
="932450",香港现金流,2025-02-28,,,=-0.1940,=10.9013,=0.8425,=6.6300,=8.1670,=9.9525,=10.6594,=12.5131,=1.1031,=0.4227,=0.7408,=0.8599,=1.1413,=1.2729,=1.5038,=0.5419,=0.3481,=0.4577,=0.5237,=0.8718,=1.0302,=1.2561,=0.0398,=0.0497,=0.0367,=0.0429,=0.0530,=0.0599,=0.0728,,=0.0828,,=12
="931009",建筑材料,2013-07-15,=-0.0081,=5054.4596,=-0.1950,=63.5000,=0.9686,=8.0662,=10.4084,=14.8426,=29.2428,=95.7816,=0.8321,=0.0179,=0.7557,=1.0096,=1.4955,=1.9910,=2.4800,=0.9134,=0.1475,=0.6904,=0.9519,=1.1582,=1.5152,=2.1670,=0.0287,=0.6771,=0.0085,=0.0228,=0.0262,=0.0309,=0.0487,=-0.0025,=0.0109,=-0.0006,=752
="H30182",计算机,2013-07-15,=0.0020,=6166.4397,=-0.1952,=404.5479,=0.8353,=33.2527,=55.3515,=103.2483,=364.0057,=65313.4473,=3.9917,=0.4373,=2.4295,=3.5842,=4.0760,=4.6283,=5.8765,=3.9105,=0.3453,=2.3635,=3.5853,=4.1351,=4.7349,=7.6223,=0.0052,=0.7655,=0.0028,=0.0040,=0.0045,=0.0053,=0.0091,=-0.0024,=0.0033,=-0.0042,=58
="932088",全指航空,2023-03-23,=0.0083,=705.3210,=-0.1966,=72.8769,=0.6416,=36.9197,=49.4024,=67.2631,=87.9877,=116.5746,=3.3921,=0.5128,=2.3948,=3.0411,=3.3829,=3.8487,=4.9751,=3.0864,=0.2722,=2.2988,=2.9072,=3.5559,=4.0331,=4.9356,=0.0052,=0.2017,=0.0041,=0.0052,=0.0061,=0.0070,=0.0090,=0.0077,=0.0470,=0.0092,=53
="399440",国证钢铁,2014-12-30,=0.0063,=1190.1200,=-0.1989,=27.3488,=0.6852,=5.7530,=9.0864,=18.4305,=36.2940,=695.2734,=0.9473,=0.3090,=0.7172,=0.9156,=1.0376,=1.3348,=2.0509,=0.4748,=0.5501,=0.3277,=0.3893,=0.4569,=0.6087,=1.3827,=0.0261,=0.4471,=0.0018,=0.0180,=0.0272,=0.0419,=0.0569,=0.0058,=0.0382,=0.0096,=471
="H30202",软件指数,2013-07-15,=0.0016,=12076.9643,=-0.1990,=107.6027,=0.6164,=45.1036,=65.7516,=91.5392,=155.6957,=372.5263,=4.6294,=0.2443,=2.9348,=4.4919,=5.3720,=6.5931,=8.8705,=6.2389,=0.3473,=3.9010,=5.4106,=6.8273,=8.0070,=12.8069,=0.0068,=0.9324,=0.0022,=0.0033,=0.0045,=0.0054,=0.0102,=0.0053,=0.0344,=-0.0039,=328
="399987",中证酒,2014-12-10,=-0.0172,=4003.3600,=-0.1990,=19.9477,=0.1422,=16.5000,=20.8004,=30.5247,=38.5048,=71.4257,=4.0964,=0.0309,=3.3943,=4.9083,=6.4706,=8.9992,=15.9495,=6.1753,=0.1137,=5.0607,=6.4796,=8.3115,=11.8299,=21.4371,=0.0429,=0.9810,=0.0067,=0.0114,=0.0162,=0.0323,=0.0485,=0.0789,=0.2043,=0.0944,=2783
="931066",军工龙头,2018-02-05,=0.0073,=2763.3972,=-0.2001,=57.6007,=0.8432,=29.1719,=35.0351,=43.0471,=53.8679,=100.5281,=3.1408,=0.2023,=2.2914,=3.1354,=3.6665,=4.6038,=6.9932,=2.7932,=0.1955,=2.1745,=2.8092,=3.4391,=4.1829,=5.8746,=0.0058,=0.0620,=0.0050,=0.0064,=0.0077,=0.0092,=0.0116,=0.0067,=0.0495,=0.0098,=1077
="399617",深证消费,2011-06-15,=-0.0186,=7385.3400,=-0.2007,=25.9748,=0.4677,=15.3450,=22.1455,=26.3923,=32.2918,=1768.1548,=2.4062,=0.0152,=2.1129,=3.2699,=4.2158,=5.7490,=9.2732,=1.3825,=0.0128,=1.2428,=1.8553,=2.4448,=3.6985,=6.3240,=0.0389,=0.9872,=0.0100,=0.0137,=0.0185,=0.0261,=0.0433,=0.0294,=0.1055,=0.0582,=370
="931594",卫星产业,2020-12-22,=0.0110,=901.1038,=-0.2018,=179.8436,=0.7171,=44.5603,=96.3765,=130.9149,=231.5412,=428.4930,=5.2425,=0.9013,=2.3588,=3.0587,=3.5277,=4.0847,=7.6413,=7.3318,=0.8918,=3.4655,=4.5430,=5.1674,=6.2606,=11.4514,=0.0031,=0.4393,=0.0023,=0.0027,=0.0032,=0.0052,=0.0086,=0.0019,=0.0317,=0.0057,=191
="399965",800地产,2012-12-21,=-0.0138,=2096.7300,=-0.2057,=-3.0963,=0.9831,=5.5394,=8.0041,=14.1301,=43.7220,=59.7245,=0.5441,=0.0206,=0.4663,=0.6997,=0.9833,=1.6404,=2.5596,=0.3321,=0.0272,=0.2856,=0.4085,=0.5160,=1.0047,=1.6493,=0.0066,=0.0008,=0.0064,=0.0178,=0.0280,=0.0369,=0.0562,=-0.0020,=-0.0854,=0.0007,=206
="930901",动漫游戏,2016-10-18,=0.0195,=1680.9238,=-0.2060,=25.3039,=0.1001,=17.2478,=29.3200,=41.8931,=253.9458,=4647.5377,=3.1751,=0.5737,=1.7335,=2.3006,=2.9102,=4.0522,=7.9690,=4.1154,=0.1897,=2.8663,=4.1582,=4.9767,=6.8026,=10.0355,=0.0158,=0.8413,=0.0031,=0.0055,=0.0088,=0.0149,=0.0282,=0.0360,=0.1150,=0.0336,=880
="930625",SHS互联网,2015-04-21,=-0.0020,=2408.6879,=-0.2063,=21.5234,=0.0296,=18.8995,=26.9343,=35.0378,=50.3950,=84.5605,=2.6189,=0.0103,=2.3016,=3.4608,=4.9116,=6.6506,=9.2961,=2.6188,=0.0126,=2.3041,=3.4306,=4.2961,=5.7966,=8.7946,=0.0096,=0.9739,=0.0016,=0.0028,=0.0036,=0.0070,=0.0110,,=0.1125,,=337
="931481",SHS线上消费,2020-05-06,=-0.0063,=879.3250,=-0.2071,=21.0579,=0.0744,=17.8858,=23.4197,=29.6986,=46.6919,=121.3257,=2.5343,=0.0189,=2.2334,=3.1169,=3.5371,=4.8459,=9.8961,=2.5948,=0.1185,=2.0492,=2.7485,=3.2818,=4.3265,=7.8524,=0.0105,=0.9584,=0.0020,=0.0032,=0.0056,=0.0086,=0.0119,,=0.1066,,=70
="931521",高装细分50,2020-07-08,=0.0071,=2632.1955,=-0.2086,=88.1948,=0.7751,=33.8051,=48.5718,=59.0138,=96.2126,=160.3029,=3.7385,=0.3806,=2.5146,=3.4382,=4.0988,=4.9862,=6.8876,=3.8037,=0.1972,=2.7226,=3.8176,=4.3978,=5.0675,=6.7300,=0.0045,=0.2766,=0.0025,=0.0042,=0.0055,=0.0065,=0.0091,=0.0050,=0.0438,=0.0069,=83
="399809",保险主题,2015-02-13,=-0.0160,=2110.6300,=-0.2089,=7.2910,=0.3160,=5.4537,=6.8114,=10.2545,=15.0245,=22.8725,=0.7899,=0.2765,=0.6352,=0.7647,=1.2169,=1.4858,=1.9794,=2.1236,=0.9032,=0.5239,=0.8688,=1.0978,=1.7710,=2.3772,=0.0398,=0.6745,=0.0120,=0.0209,=0.0303,=0.0488,=0.0686,=0.0227,=0.1015,=0.0246,=1517
="931230",汽车零部件,2013-07-15,=-0.0014,=1017.5759,=-0.2128,=26.2489,=0.4522,=18.5338,=23.8231,=26.6403,=30.4266,=34.9965,=2.8018,=0.6011,=1.8462,=2.2934,=2.6262,=3.1636,=3.7531,=1.7656,=0.5983,=1.1819,=1.4646,=1.6740,=2.0105,=2.3775,=0.0148,=0.5899,=0.0115,=0.0128,=0.0142,=0.0159,=0.0198,=0.0227,=0.1141,=0.0262,=54
="930606",中证钢铁,2015-03-31,=0.0062,=915.3455,=-0.2143,=53.1261,=0.7458,=5.9346,=9.2015,=19.1330,=61.1152,=77593.1899,=0.9566,=0.3008,=0.7076,=0.9197,=1.0494,=1.3394,=2.0450,=0.4533,=0.5010,=0.2931,=0.3819,=0.4528,=0.6035,=1.2948,=0.0246,=0.4417,=0.0018,=0.0165,=0.0255,=0.0409,=0.0542,=0.0020,=0.0221,=0.0071,=779
="930781",中证影视,2016-02-04,=-0.0181,=1325.5375,=-0.2160,=498.7956,=0.5937,=16.7066,=43.1495,=211.0756,=-60.8596,=6083.5065,=1.7933,=0.0647,=1.4352,=2.0294,=2.3614,=3.3286,=5.7998,=3.8847,=0.3840,=2.7079,=3.4931,=4.2641,=5.4324,=10.0748,=0.0124,=0.9114,=0.0019,=0.0037,=0.0065,=0.0099,=0.0161,=0.0049,=0.0185,=0.0219,=186
="399997",中证白酒,2015-01-21,=-0.0192,=6804.4600,=-0.2235,=20.0359,=0.1702,=16.2418,=20.4152,=29.7024,=37.9971,=71.4432,=4.3038,=0.0268,=3.5435,=5.2032,=7.2669,=9.8068,=17.8607,=7.0215,=0.1372,=5.9830,=7.2852,=9.8354,=13.6521,=24.8964,=0.0437,=0.9794,=0.0066,=0.0115,=0.0169,=0.0328,=0.0495,=0.0833,=0.2121,=0.1013,=7769
="000126",消费50,2011-12-09,=-0.0068,=6453.5700,=-0.2238,=19.0934,=0.0989,=15.1608,=20.2908,=22.8626,=32.8709,=57.2206,=2.6334,=0.0519,=2.2360,=2.9999,=3.4007,=4.8666,=7.3797,=1.4358,=0.3016,=0.9155,=1.2772,=1.8264,=2.6426,=3.8011,=0.0352,=0.9868,=0.0091,=0.0134,=0.0211,=0.0278,=0.0382,=0.0406,=0.1407,=0.0455,=91
="HSIII",恒生互联网科技业指数,2020-07-20,=-0.0198,=2264.0800,=-0.2290,=20.9935,=0.1482,=12.6629,=22.2266,=34.8711,=47.7236,=309808.9839,=2.3235,=0.0792,=1.7026,=2.5511,=3.8078,=6.1155,=8.5704,=1.8059,=0.0796,=1.1940,=1.9893,=2.4263,=3.5794,=5.1261,=0.0106,=0.8713,=0.0015,=0.0029,=0.0054,=0.0097,=0.0133,,=0.1194,,=2043
="H30015",800汽车,2012-12-21,=-0.0078,=7688.9956,=-0.2358,=22.1558,=0.4672,=11.4503,=15.3626,=22.8350,=31.8612,=45.6288,=1.8640,=0.2402,=1.3220,=1.7478,=2.1721,=2.4572,=3.4622,=0.7842,=0.3820,=0.5106,=0.6736,=0.8495,=1.0480,=1.4573,=0.0164,=0.4701,=0.0097,=0.0134,=0.0168,=0.0286,=0.0411,=0.0155,=0.0922,=0.0213,=195
="899050",北证50,2022-11-21,=-0.0094,=1087.5200,=-0.2450,=41.2436,=0.5094,=15.5447,=18.6492,=35.4197,=63.0732,=91.3357,=3.7746,=0.5503,=2.0170,=2.4396,=3.2390,=4.9544,=5.6723,=3.1375,=0.5326,=1.3969,=1.7279,=2.6211,=4.2416,=5.1557,=0.0097,=0.4376,=0.0062,=0.0076,=0.0114,=0.0147,=0.0185,=0.0174,=0.0675,=-0.0021,=789
="HSAIT",恒生人工智能主题指数,2023-09-01,=-0.0146,=3214.6900,=-0.2457,=-60.3632,=0.9834,=13.3665,=18.1399,=19.9352,=21.8657,=33.1012,=9.2358,=0.9917,=1.4634,=1.7627,=2.0906,=2.5165,=9.7315,=13.4847,=0.9931,=1.2708,=1.5068,=1.8188,=2.3143,=13.7968,=0.0008,=0.0055,=0.0008,=0.0172,=0.0193,=0.0214,=0.0235,,=0.1059,,=64
="930796",全球中国互联网,2016-04-22,=-0.0211,=1642.3995,=-0.2464,=17.0188,=0.0215,=15.1718,=20.8802,=39.0812,=53.8796,=115.7107,=2.2640,=0.0249,=1.8023,=2.6379,=4.0730,=6.9331,=9.6202,=1.9313,=0.0222,=1.5064,=2.2644,=3.7408,=6.3714,=9.5215,=0.0107,=0.9824,=0.0008,=0.0013,=0.0019,=0.0078,=0.0121,,=0.1307,,=51
="980076",通用航空,2012-12-28,=0.0031,=2779.6000,=-0.2509,=95.8377,=0.3797,=69.9916,=81.2726,=100.8507,=126.7891,=158.1149,=3.5429,=0.5236,=2.7445,=3.2236,=3.5253,=4.0746,=5.1513,=4.2465,=0.4194,=3.4358,=4.0700,=4.2995,=4.9139,=6.3273,=0.0046,=0.3077,=0.0037,=0.0042,=0.0052,=0.0060,=0.0073,=0.0066,=0.0297,=0.0083,=69
="H11136",中国互联网,2011-09-20,=-0.0225,=3984.6066,=-0.2525,=16.2942,=0.0280,=14.4387,=19.7389,=42.4331,=57.4263,=137.0698,=2.1215,=0.0165,=1.7247,=2.5323,=3.9974,=6.7403,=9.7098,=1.8548,=0.0172,=1.5020,=2.2255,=4.1060,=6.5159,=9.1092,=0.0116,=0.9529,=0.0007,=0.0013,=0.0019,=0.0086,=0.0132,,,,=3382
="H30533",中国互联网50,2014-12-29,=-0.0189,=6987.3476,=-0.2547,=16.3066,=0.0196,=14.4020,=20.1049,=41.3187,=57.1569,=137.0698,=2.1251,=0.0176,=1.7082,=2.5280,=3.9989,=6.7209,=9.7098,=1.8107,=0.0176,=1.4305,=2.1599,=3.9022,=6.4327,=9.1092,=0.0109,=0.9498,=0.0007,=0.0013,=0.0019,=0.0079,=0.0125,,,,=6865
="931646",SHS新消费,2021-04-07,=-0.0087,=1412.8176,=-0.2548,=20.2015,=0.0737,=17.0652,=22.6668,=26.0002,=30.6018,=45.1728,=2.5853,=0.0177,=2.2638,=3.1282,=3.5877,=4.1496,=7.2085,=2.5890,=0.0184,=2.2716,=3.1845,=3.7078,=4.2104,=7.0452,=0.0105,=0.9653,=0.0024,=0.0044,=0.0066,=0.0085,=0.0121,,=0.1302,,=11
="CN5082",国证航天,2015-02-16,,,=-0.2561,=86.1964,=0.7085,=44.4252,=58.7080,=73.0479,=110.7795,=173.9279,=3.6077,=0.5517,=2.1924,=2.8248,=3.3409,=4.3006,=5.7391,=3.4858,=0.5669,=1.9232,=2.5659,=3.3567,=4.0412,=6.0090,=0.0043,=0.7147,=0.0021,=0.0030,=0.0038,=0.0049,=0.0082,=0.0055,=0.0382,=0.0066,=31
="930604",中国互联网30,2015-03-23,=-0.0253,=7426.7005,=-0.2572,=16.3390,=0.0215,=14.4178,=19.8096,=41.7528,=59.2116,=131.9396,=2.1506,=0.0154,=1.7582,=2.5800,=4.0727,=7.0787,=10.3841,=1.8155,=0.0188,=1.4482,=2.1678,=3.9329,=6.4466,=9.5870,=0.0105,=0.9858,=0.0007,=0.0013,=0.0017,=0.0077,=0.0121,,,,=657
="931855",通用航空,2025-04-02,=0.0052,=952.7223,=-0.2622,=87.9718,=0.1021,=76.1514,=97.5659,=104.5570,=115.3579,=148.2866,=3.6492,=0.1231,=3.2007,=3.8558,=4.1198,=4.5763,=5.9420,=4.3313,=0.0601,=4.0348,=5.3538,=6.2373,=6.8806,=8.0546,=0.0051,=0.2492,=0.0042,=0.0050,=0.0058,=0.0062,=0.0073,=0.0068,=0.0445,,=9
="399805",互联金融,2015-02-10,=-0.0110,=2836.4100,=-0.2631,=9.0691,=0.1376,=7.5943,=9.6158,=11.3568,=13.1628,=16.5816,=0.9461,=0.1092,=0.7644,=1.0316,=1.3880,=1.7148,=2.0317,=1.7430,=0.7429,=1.1667,=1.4082,=1.6147,=1.7942,=2.2636,=0.0361,=0.8871,=0.0145,=0.0186,=0.0237,=0.0338,=0.0507,=0.0238,=0.0940,=0.0248,=337
="399983",地产等权,2013-11-22,=-0.0143,=1498.4900,=-0.2645,=-1.9276,=0.9835,=5.0058,=7.3313,=10.5749,=36.2405,=75.5023,=0.4206,=0.0165,=0.3690,=0.5900,=1.0699,=1.7870,=2.8135,=0.2478,=0.0218,=0.2174,=0.3507,=0.4683,=0.9257,=1.5710,=0.0052,=0.0165,=0.0037,=0.0218,=0.0322,=0.0412,=0.0629,=-0.0053,=-0.0924,=-0.0025,=1010
="930986",金融科技,2017-06-22,=-0.0103,=2291.5132,=-0.2658,=47.9452,=0.3506,=32.2484,=43.1451,=54.9655,=81.0469,=257.1796,=4.3101,=0.3393,=2.5474,=4.0234,=4.6717,=5.8098,=7.7786,=5.9139,=0.6872,=2.9625,=3.8782,=4.7751,=6.9937,=9.8281,=0.0084,=0.9082,=0.0040,=0.0051,=0.0059,=0.0073,=0.0120,=0.0192,=0.0872,=0.0151,=266
="931637",港股通互联网,2021-01-11,=-0.0124,=740.1525,=-0.2698,=19.3455,=0.0486,=16.9805,=22.9360,=27.8602,=41.1741,=87.7368,=2.4476,=0.0232,=2.0886,=3.0035,=3.3983,=4.1733,=11.7021,=2.4504,=0.0305,=2.0583,=2.8762,=3.3828,=4.2827,=11.5370,=0.0106,=0.9935,=0.0011,=0.0026,=0.0050,=0.0077,=0.0111,,,,=296
="931008",汽车指数,2013-07-15,=-0.0121,=8559.8605,=-0.2854,=25.3335,=0.4677,=12.0130,=17.5226,=26.0785,=36.0753,=55.3660,=1.9653,=0.3036,=1.1809,=1.5480,=2.2126,=2.4514,=3.4286,=0.8176,=0.4022,=0.4315,=0.5552,=0.9031,=1.0506,=1.4087,=0.0156,=0.4152,=0.0059,=0.0122,=0.0163,=0.0274,=0.0426,=0.0152,=0.0829,=0.0208,=493
="930633",中证旅游,2015-05-08,=-0.0107,=2279.9705,=-0.3133,=68.1879,=0.3927,=15.8968,=21.9621,=1948.3301,=-51.0196,=11171.4579,=1.9679,=0.0857,=1.6473,=2.1502,=2.3532,=2.8097,=3.6934,=1.0402,=0.0054,=1.0072,=1.3135,=1.6031,=2.5762,=3.7607,=0.0094,=0.7952,=0.0014,=0.0038,=0.0081,=0.0094,=0.0147,=0.0208,=-0.0128,=-0.0016,=626
="932584",智选港股通红利低波,2026-06-11,,,,=6.0640,=0.5227,=5.4952,=5.6979,=6.0632,=6.1889,=6.4396,=0.6198,=0.5227,=0.5613,=0.5820,=0.6193,=0.6324,=0.6578,=0.9310,=0.5000,=0.8443,=0.8754,=0.9310,=0.9508,=0.9893,=0.0562,=0.4773,=0.0530,=0.0551,=0.0562,=0.0593,=0.0621,,,,=17
="1000005",上海非金融A股,1994-01-01,,,,=31.8749,=0.8772,=15.3520,=20.3290,=23.4663,=29.8124,=34.6296,=2.2919,=0.8405,=1.5456,=1.8178,=2.0437,=2.2639,=2.5831,=1.3815,=0.9567,=0.7548,=0.9329,=1.0759,=1.2111,=1.4804,=0.0182,=0.3861,=0.0107,=0.0149,=0.0197,=0.0236,=0.0293,=0.0209,=0.0661,=0.0198,=190
="1000010",上海B股,1994-01-10,,,,=12.0030,=0.1434,=6.8464,=12.6971,=18.6272,=37.2537,=68.1787,=0.9243,=0.2419,=0.7158,=0.9066,=1.0085,=1.2292,=1.7346,=0.6811,=0.6893,=0.3163,=0.4060,=0.5565,=0.7281,=1.2119,=0.0433,=0.7981,=0.0085,=0.0242,=0.0346,=0.0434,=0.2559,,,=0.0164,=131
="1000011",A股非金融,1994-01-10,,,,=38.3910,=0.8286,=17.5718,=25.5269,=28.6103,=37.5686,=43.6945,=2.5855,=0.6774,=1.6561,=2.0403,=2.3294,=2.6876,=2.9749,=1.6137,=0.8628,=0.9476,=1.1421,=1.3068,=1.5704,=1.8156,=0.0153,=0.4293,=0.0087,=0.0121,=0.0160,=0.0192,=0.0256,=0.0205,=0.0612,=0.0189,=810
="1000014",科创板全指,2019-07-22,,,,=193.2793,=0.8343,=34.6058,=58.7046,=77.6993,=133.4113,=267.8356,=6.7562,=0.8594,=2.4875,=3.8059,=4.9224,=6.4834,=9.5957,=9.0537,=0.7550,=3.3799,=5.2144,=6.6078,=9.8489,=14.1086,=0.0026,=0.1453,=0,=0.0031,=0.0044,=0.0064,=0.0098,=0.0091,=0.0255,=0.0035,=1301

数据来源于：理杏仁网站(lixinger.com)