指数代码,指数名称,发布时间,涨跌幅,收盘点位,今年以来涨跌幅,PE-TTM(当前值),PE-TTM(分位点%),PE-TTM(最小值),PE-TTM(20%分位点值),PE-TTM(50%分位点值),PE-TTM(80%分位点值),PE-TTM(最大正值),PB(当前值),PB(分位点%),PB(最小值),PB(20%分位点值),PB(50%分位点值),PB(80%分位点值),PB(最大正值),PS-TTM(当前值),PS-TTM(分位点%),PS-TTM(最小值),PS-TTM(20%分位点值),PS-TTM(50%分位点值),PS-TTM(80%分位点值),PS-TTM(最大正值),股息率(当前值),股息率(分位点%),股息率(最小值),股息率(20%分位点值),股息率(50%分位点值),股息率(80%分位点值),股息率(最大正值),净资产收益率(ROE)(2026Q1),净资产收益率(ROE)(2025Q4),净资产收益率(ROE)(2025Q1),关注度
="950125",科创半导体材料设备,2024-07-26,=0.0339,=4337.1464,=1.0189,=249.5222,=0.9492,=70.4245,=117.3661,=131.5847,=167.1107,=348.7588,=12.4949,=0.9451,=2.8469,=4.7878,=5.3905,=6.9805,=17.6268,=27.0225,=0.9492,=7.2923,=10.9606,=12.9447,=15.5368,=37.4011,=0.0009,=0.2947,=0.0006,=0.0008,=0.0013,=0.0016,=0.0028,=0.0075,=0.0371,=0.0094,=140
="931743",半导体材料设备,2012-12-21,=0.0282,=9920.7419,=0.9267,=166.3754,=0.9689,=30.1973,=39.8765,=60.8638,=89.0255,=224.0742,=12.4644,=0.9676,=2.5588,=3.4273,=4.3034,=6.9756,=17.1334,=18.8526,=0.9689,=2.5903,=3.1610,=3.8442,=11.0450,=25.3851,=0.0012,=0.0324,=0.0009,=0.0021,=0.0029,=0.0045,=0.0073,=0.0198,=0.0706,=0.0130,=282
="931865",中证半导,2019-03-20,=0.0246,=8814.0536,=0.7810,=194.4564,=0.9722,=32.8138,=45.6766,=73.7218,=127.9095,=255.0466,=11.9246,=0.9574,=3.3892,=4.1492,=5.2565,=8.4210,=15.8034,=22.0404,=0.9732,=6.4190,=7.7039,=8.7786,=15.1167,=28.9040,=0.0009,=0.0317,=0.0006,=0.0011,=0.0021,=0.0024,=0.0032,=0.0168,=0.0580,=0.0153,=215
="931144",通信技术,2019-05-30,=0.0255,=3700.2852,=0.5894,=75.8572,=0.9467,=22.8153,=30.4640,=37.0450,=51.8474,=113.1406,=11.2826,=0.9708,=2.5671,=3.1120,=3.7128,=4.7989,=15.3977,=6.8998,=0.9691,=1.6428,=2.1074,=2.4957,=3.4137,=9.4991,=0.0030,=0.0327,=0.0021,=0.0043,=0.0065,=0.0100,=0.0166,=0.0432,=0.1354,=0.0299,=254
="000685",科创芯片,2022-06-13,=0.0320,=4094.0900,=0.5666,=249.6962,=0.9703,=42.1555,=70.0534,=118.6944,=180.1814,=335.4323,=11.5327,=0.9663,=3.1235,=4.0884,=5.1633,=7.6565,=15.4697,=23.8927,=0.9703,=7.4796,=10.0697,=12.2812,=15.7735,=31.9311,=0.0007,=0.0297,=0.0005,=0.0011,=0.0015,=0.0021,=0.0026,=0.0152,=0.0415,=0.0074,=502
="H30184",半导体,2013-07-15,=0.0341,=13683.7685,=0.4870,=138.9695,=0.9749,=33.2056,=51.7038,=78.4010,=107.6779,=186.6477,=9.4583,=0.9555,=2.5082,=3.4316,=4.8773,=7.4684,=12.7528,=14.9258,=0.9864,=1.3963,=2.6456,=7.0108,=9.4682,=20.0377,=0.0013,=0.0218,=0.0010,=0.0018,=0.0024,=0.0036,=0.0070,=0.0203,=0.0527,=0.0094,=3384
="932066",半导体行业精选,2023-11-10,=0.0322,=5950.7855,=0.4650,=108.7752,=0.9036,=50.1901,=65.2489,=83.2986,=99.1169,=142.8699,=9.2366,=0.9021,=3.1655,=4.1445,=6.7495,=8.3766,=12.2533,=14.0850,=0.9217,=6.6489,=8.4006,=10.7698,=12.5288,=18.4956,=0.0016,=0.1340,=0.0012,=0.0017,=0.0023,=0.0028,=0.0034,=0.0207,=0.0794,=0.0157,=4
="990001",中华半导体芯片,2019-03-18,=0.0327,=17436.0356,=0.4424,=141.2645,=0.9588,=33.1780,=61.4543,=86.0073,=116.6704,=187.5449,=9.3363,=0.9548,=3.1429,=4.2830,=5.3427,=7.4812,=12.4905,=14.6970,=0.9822,=3.3238,=6.0903,=7.1250,=9.5298,=19.5120,=0.0011,=0.0173,=0.0008,=0.0016,=0.0021,=0.0028,=0.0056,=0.0177,=0.0410,=0.0101,=1383
="H30007",芯片产业,2012-12-20,=0.0323,=4535.9271,=0.4324,=133.8233,=0.9374,=24.2382,=40.3144,=71.2090,=113.0272,=186.5687,=9.5428,=0.9720,=1.9412,=3.6288,=4.5303,=7.2547,=12.9184,=14.5438,=0.9856,=1.5871,=3.6950,=6.5538,=8.3412,=19.5328,=0.0011,=0.0132,=0.0008,=0.0017,=0.0023,=0.0046,=0.0105,=0.0230,=0.0446,=0.0109,=538
="980017",国证芯片,2015-02-17,=0.0314,=17868.0900,=0.4084,=135.5162,=0.9142,=30.3742,=55.7523,=81.0413,=108.0005,=227.4136,=10.0210,=0.9769,=3.1638,=4.0981,=5.7666,=7.5005,=13.5798,=15.5992,=0.9811,=3.6283,=5.7908,=6.6702,=8.1049,=20.9165,=0.0010,=0.0201,=0.0008,=0.0016,=0.0021,=0.0027,=0.0044,=0.0146,=0.0397,=0.0130,=2614
="000682",科创信息,2021-08-16,=0.0283,=2797.7200,=0.4032,=196.5603,=0.9747,=41.6131,=61.2413,=93.3002,=134.7187,=255.5918,=10.6477,=0.9705,=3.3247,=4.3580,=5.3913,=6.6700,=13.8809,=16.7595,=0.9747,=5.5790,=7.3222,=8.9110,=11.5103,=21.7670,=0.0014,=0.0253,=0.0011,=0.0020,=0.0030,=0.0038,=0.0070,=0.0200,=0.0432,=0.0072,=104
="H30318",科技传媒通信150,2014-04-15,=0.0304,=4259.9924,=0.3855,=70.2727,=0.9679,=19.8534,=28.8631,=38.1497,=50.0679,=90.7292,=10.1730,=0.9876,=2.0037,=2.4801,=3.5091,=4.3810,=13.0479,=5.2835,=0.9823,=1.2409,=1.8640,=2.3043,=2.8293,=6.8164,=0.0040,=0.0173,=0.0031,=0.0058,=0.0072,=0.0165,=0.0244,=0.0368,=0.1091,=0.0211,=47
="931079",5G通信,2019-04-25,=0.0278,=2651.8013,=0.3755,=55.7480,=0.9672,=21.0709,=27.6527,=33.6163,=44.5590,=103.6981,=8.1326,=0.9740,=2.3623,=3.0440,=3.6306,=5.3202,=10.5199,=3.2163,=0.9711,=1.1916,=1.4909,=1.8810,=2.3582,=4.2354,=0.0059,=0.2326,=0.0036,=0.0056,=0.0082,=0.0121,=0.0152,=0.0389,=0.1398,=0.0276,=2281
="399363",云科技,2009-08-03,=0.0241,=12678.4200,=0.3569,=38.8021,=0.3127,=25.0041,=36.0533,=41.6146,=48.8793,=74.9161,=4.3960,=0.3745,=3.0187,=3.9515,=4.6545,=5.5540,=10.4646,=2.9945,=0.4862,=1.6015,=2.2265,=3.0561,=3.7113,=4.3826,=0.0142,=0.9790,=0.0046,=0.0055,=0.0070,=0.0103,=0.0160,=0.0491,=0.1469,=0.0254,=285
="931461",电子50,2009-07-22,=0.0326,=7944.2308,=0.3476,=60.7801,=0.9547,=20.3357,=30.2775,=36.3560,=48.6562,=76.5790,=7.4487,=0.9856,=2.5323,=3.1789,=3.6963,=5.3134,=9.2899,=3.6125,=0.9143,=1.1588,=1.7975,=2.0648,=3.1368,=4.5428,=0.0058,=0.0865,=0.0046,=0.0067,=0.0091,=0.0111,=0.0147,=0.0239,=0.0884,=0.0169,=442
="950162",科创芯片设计,2024-07-26,=0.0362,=2494.7941,=0.3410,=221.5296,=0.1768,=161.6128,=225.0491,=264.4963,=382.7813,=687.1301,=15.4278,=0.9187,=4.2582,=7.7165,=9.4177,=13.0779,=20.2102,=24.7419,=0.9411,=8.7765,=14.4745,=17.7271,=21.6027,=32.5243,=0.0013,=0.2500,=0.0010,=0.0012,=0.0015,=0.0018,=0.0029,=0.0309,=0.0713,=0.0107,=64
="931696",科技50策略,2021-07-12,=0.0290,=26902.4264,=0.3355,=55.8861,=0.9351,=23.0047,=27.8431,=33.9567,=46.9462,=71.4621,=8.9454,=0.9448,=3.0567,=3.9233,=4.4727,=7.1279,=11.2899,=5.0469,=0.9334,=1.9010,=2.3670,=2.6829,=4.2644,=6.7093,=0.0054,=0.0446,=0.0042,=0.0064,=0.0097,=0.0121,=0.0167,=0.0396,=0.1271,=0.0285,=13
="931087",科技龙头,2019-03-20,=0.0268,=7019.6641,=0.3355,=61.2527,=0.9738,=22.2848,=33.6375,=40.6561,=52.2610,=78.0359,=8.8087,=0.9849,=2.8190,=4.2285,=5.3136,=6.5323,=11.1808,=7.7291,=0.9849,=2.0316,=3.3114,=3.9858,=4.9855,=9.7717,=0.0051,=0.1652,=0.0037,=0.0053,=0.0064,=0.0086,=0.0172,=0.0321,=0.1080,=0.0209,=2097
="931406",5G 50,2020-02-20,=0.0264,=2840.3938,=0.3344,=33.6103,=0.7572,=15.2657,=20.6085,=23.9001,=34.6415,=51.5506,=3.7450,=0.7680,=1.5292,=1.9706,=2.5525,=3.8322,=5.3757,=2.4588,=0.9720,=0.9155,=1.4060,=1.5856,=1.9179,=2.9469,=0.0166,=0.4162,=0.0042,=0.0067,=0.0205,=0.0276,=0.0387,=0.0252,=0.1023,=0.0236,=703
="930652",CS电子,2015-06-05,=0.0322,=13050.2813,=0.3304,=67.7924,=0.9806,=21.2056,=33.8173,=43.2272,=52.5902,=86.1406,=7.4118,=0.9868,=2.2039,=3.1461,=3.6489,=4.7996,=9.3375,=4.0218,=0.9864,=1.4014,=2.0216,=2.3031,=3.0697,=5.0793,=0.0051,=0.0181,=0.0040,=0.0063,=0.0077,=0.0104,=0.0141,=0.0249,=0.0838,=0.0162,=487
="931688",中证算力,2022-07-21,,,=0.3262,=37.9271,=0.9277,=18.0036,=20.8114,=23.9194,=32.4830,=44.9092,=4.0624,=0.9353,=1.6529,=1.9018,=2.2760,=3.3654,=4.7747,=2.8487,=0.9315,=1.3731,=1.5931,=1.8154,=2.4973,=3.3716,=0.0155,=0.0685,=0.0131,=0.0191,=0.0261,=0.0299,=0.0338,=0.0245,=0.1011,=0.0224,=109
="932087",集成电路,2023-03-29,=0.0380,=1501.6566,=0.3259,=136.6507,=0.5786,=46.1239,=100.6652,=132.3721,=152.2237,=195.7770,=8.4630,=0.9287,=3.1405,=3.9133,=5.1803,=7.1763,=11.4486,=13.7885,=0.9287,=5.8347,=7.6261,=9.0810,=11.9929,=18.6728,=0.0014,=0.1548,=0.0010,=0.0014,=0.0018,=0.0022,=0.0029,=0.0203,=0.0481,=0.0079,=50
="931380",科技50,2019-11-25,=0.0256,=4144.6652,=0.3118,=48.2964,=0.5298,=22.4426,=31.2969,=46.2875,=56.5620,=71.9143,=6.2194,=0.6843,=2.7627,=3.8780,=5.4909,=7.3432,=9.9144,=5.4125,=0.7465,=2.1802,=3.0698,=4.1588,=5.6552,=7.7525,=0.0086,=0.6960,=0.0035,=0.0051,=0.0076,=0.0104,=0.0163,=0.0253,=0.0951,=0.0118,=948
="931866",中证机床,2022-05-09,=0.0307,=2333.2583,=0.3012,=64.4079,=0.8890,=28.6086,=36.9426,=40.7524,=56.3887,=85.2007,=6.9491,=0.9584,=2.8302,=3.7627,=4.3318,=5.1740,=9.1263,=5.6059,=0.9405,=2.4023,=3.1595,=3.4364,=4.3734,=7.3925,=0.0057,=0.0575,=0.0043,=0.0066,=0.0077,=0.0097,=0.0146,=0.0321,=0.1022,=0.0244,=162
="000698",科创100,2023-08-07,=0.0457,=1891.8000,=0.2976,=119.0468,=0.1596,=60.6995,=128.8248,=212.6619,=253.1822,=337.2511,=7.1270,=0.9601,=2.7397,=3.6180,=4.2045,=5.9029,=8.5061,=7.7311,=0.7098,=4.0312,=5.1110,=6.3372,=8.4193,=10.0837,=0.0030,=0.1045,=0.0025,=0.0033,=0.0053,=0.0064,=0.0089,=0.0093,=0.0369,=0.0028,=574
="000688",科创50,2020-07-23,=0.0251,=1744.0200,=0.2974,=199.5545,=0.9768,=35.5957,=42.6241,=71.3798,=137.3349,=263.7183,=8.3526,=0.9741,=2.9443,=4.2293,=4.8850,=6.7991,=10.5365,=10.8255,=0.8976,=3.1319,=4.5777,=5.6112,=9.6425,=13.6380,=0.0020,=0.0191,=0.0016,=0.0030,=0.0045,=0.0071,=0.0110,=0.0135,=0.0347,=0.0045,=8178
="000690",科创成长,2022-11-04,=0.0553,=2411.8600,=0.2864,=121.1647,=0.6630,=26.4295,=45.0418,=83.1675,=155.1521,=288.8500,=13.5724,=0.8902,=3.7827,=4.8518,=5.5865,=12.2206,=18.2315,=14.9246,=0.8200,=2.7510,=4.0052,=6.6131,=14.5466,=20.0971,=0.0015,=0.0593,=0.0011,=0.0021,=0.0034,=0.0053,=0.0127,=0.0188,=0.1043,=0.0143,=145
="931160",通信设备,2013-07-15,=0.0109,=19878.6119,=0.2858,=56.4862,=0.8150,=19.3231,=27.7990,=36.6977,=54.6977,=91.1971,=9.2454,=0.9802,=2.1520,=2.8712,=3.4267,=3.9748,=12.1269,=3.2276,=0.9745,=0.9706,=1.2833,=1.5072,=2.4413,=4.3558,=0.0064,=0.3428,=0.0028,=0.0051,=0.0077,=0.0150,=0.0221,=0.0428,=0.1280,=0.0276,=1287
="000858",500信息,2013-11-06,=0.0267,=13546.6400,=0.2854,=113.6856,=0.9621,=25.3805,=43.9766,=64.2576,=90.2069,=209.3531,=6.6013,=0.9876,=2.1626,=2.9041,=3.3886,=3.9462,=8.5146,=7.1013,=0.9893,=1.1229,=1.9074,=2.6879,=3.6446,=9.1355,=0.0029,=0.0107,=0.0022,=0.0044,=0.0059,=0.0072,=0.0110,=0.0212,=0.0505,=0.0070,=351
="931494",消费电子,2020-06-12,=0.0338,=6528.8254,=0.2836,=61.6876,=0.9470,=20.2625,=32.0786,=38.6523,=52.0368,=77.9188,=6.3681,=0.9698,=2.1307,=2.8222,=3.5187,=5.0955,=7.9404,=3.1072,=0.9678,=1.3000,=1.6488,=1.9817,=2.6143,=3.9249,=0.0059,=0.2126,=0.0040,=0.0058,=0.0083,=0.0109,=0.0138,=0.0228,=0.0807,=0.0166,=228
="000993",全指信息,2011-08-02,=0.0297,=10890.2300,=0.2832,=71.1772,=0.8492,=27.3163,=42.0292,=52.3654,=68.2430,=96.2351,=7.1654,=0.9876,=2.5265,=3.2907,=4.0177,=4.7054,=8.9424,=4.3024,=0.9234,=1.8009,=2.3376,=2.8258,=3.4670,=5.3826,=0.0051,=0.1508,=0.0039,=0.0053,=0.0064,=0.0084,=0.0117,=0.0221,=0.0751,=0.0134,=4092
="000935",中证信息,2009-07-03,=0.0287,=8227.9700,=0.2820,=69.7840,=0.9724,=22.3783,=36.3294,=44.9661,=55.1263,=87.4284,=7.1819,=0.9876,=2.5910,=3.3282,=4.0455,=4.8430,=8.9117,=4.2076,=0.9757,=1.7187,=2.2023,=2.7279,=3.5210,=5.2392,=0.0053,=0.0754,=0.0042,=0.0059,=0.0072,=0.0094,=0.0127,=0.0237,=0.0833,=0.0137,=1124
="000915",300信息,2007-07-02,=0.0296,=4166.3503,=0.2817,=61.0239,=0.9740,=20.6178,=34.5626,=39.8259,=48.1761,=75.5831,=7.4247,=0.9872,=2.7398,=3.5399,=4.3492,=5.4906,=9.0762,=3.6541,=0.6432,=1.6744,=2.1697,=3.2119,=4.0713,=4.9963,=0.0062,=0.2221,=0.0049,=0.0061,=0.0076,=0.0100,=0.0144,=0.0247,=0.0971,=0.0166,=19
="000689",科创材料,2022-08-15,=0.0429,=1552.7200,=0.2808,=194.6611,=0.9741,=38.7753,=45.4261,=83.2869,=149.8111,=281.6880,=6.1797,=0.9751,=1.9307,=2.6274,=3.2664,=4.4927,=8.5314,=7.6802,=0.9761,=2.1963,=3.1384,=4.0509,=5.6120,=10.7722,=0.0026,=0.0239,=0.0019,=0.0045,=0.0064,=0.0079,=0.0117,=0.0126,=0.0258,=0.0058,=44
="000998",中证TMT,2011-11-08,=0.0189,=3763.2719,=0.2798,=44.2554,=0.8228,=18.9989,=27.6163,=34.6676,=43.5035,=58.6698,=4.7444,=0.9514,=1.9674,=2.4618,=3.2924,=4.0103,=5.6742,=3.3335,=0.9852,=1.2505,=1.8092,=2.1806,=2.6393,=3.9991,=0.0113,=0.5785,=0.0048,=0.0067,=0.0091,=0.0185,=0.0284,=0.0233,=0.0900,=0.0196,=564
="980030",消费电子,2015-02-17,=0.0324,=9232.3900,=0.2707,=50.6000,=0.8671,=18.6467,=31.7697,=39.1293,=47.7675,=65.6114,=4.8763,=0.9109,=2.0026,=2.5988,=3.0204,=4.2610,=6.3059,=2.4186,=0.8203,=1.1413,=1.3998,=1.5824,=2.3684,=3.4515,=0.0062,=0.1088,=0.0040,=0.0067,=0.0082,=0.0110,=0.0143,=0.0190,=0.0648,=0.0154,=388
="399296",创成长,2019-01-23,=0.0187,=7916.1200,=0.2702,=43.0948,=0.4904,=22.4911,=30.9325,=43.5602,=63.9027,=104.6935,=8.8611,=0.6831,=3.9463,=4.9420,=7.0693,=10.7060,=14.9802,=5.6880,=0.4652,=2.5417,=3.4728,=5.8433,=11.9096,=17.3385,=0.0074,=0.6185,=0.0016,=0.0027,=0.0061,=0.0105,=0.0200,=0.0584,=0.2040,=0.0396,=1081
="399610",TMT50,2010-11-08,=0.0204,=12135.5600,=0.2665,=48.2903,=0.8723,=21.0331,=30.1605,=38.0640,=46.4425,=64.7172,=6.8875,=0.9827,=2.4071,=3.2240,=4.0371,=5.1835,=8.4969,=3.6455,=0.7808,=1.5843,=2.0120,=2.7305,=3.6930,=4.8392,=0.0067,=0.2897,=0.0046,=0.0061,=0.0080,=0.0121,=0.0161,=0.0296,=0.1080,=0.0206,=524
="930850",智能制造,2016-07-20,=0.0259,=6031.5960,=0.2600,=61.5725,=0.9595,=23.4329,=32.6916,=41.6569,=50.1824,=78.5602,=6.2915,=0.9812,=2.5370,=3.5157,=4.1648,=5.0861,=7.7199,=3.8006,=0.8306,=1.5919,=2.3560,=2.7889,=3.5734,=5.3954,=0.0063,=0.2385,=0.0050,=0.0062,=0.0077,=0.0101,=0.0146,=0.0208,=0.0857,=0.0160,=364
="932456",科创创业AI,2025-05-14,=0.0126,=3653.6918,=0.2558,=101.3213,=0.0493,=91.0567,=109.7288,=116.8285,=135.1183,=192.3777,=13.4858,=0.8355,=6.1464,=7.6308,=10.5682,=12.8437,=17.0303,=13.8721,=0.3454,=9.0747,=11.4569,=14.6848,=15.8357,=18.3647,=0.0020,=0.6053,=0.0016,=0.0017,=0.0019,=0.0024,=0.0030,=0.0437,=0.0985,,=67
="970070",创业板人工智能,2024-07-11,=0.0077,=7442.3300,=0.2551,=75.2097,=0.3280,=48.3861,=71.7177,=81.1218,=93.9970,=119.1606,=11.9144,=0.8926,=3.3467,=5.1282,=6.3891,=10.0472,=15.2749,=9.3840,=0.8290,=3.4016,=4.9639,=6.2133,=9.2248,=12.0918,=0.0035,=0.1968,=0.0027,=0.0036,=0.0052,=0.0066,=0.0096,=0.0381,=0.1206,=0.0167,=236
="000936",中证电信,2009-07-03,=0.0059,=12445.0072,=0.2520,=29.0521,=0.5740,=14.1836,=20.2178,=26.5971,=41.2993,=123.1725,=2.7853,=0.7927,=1.2149,=1.7612,=2.3427,=2.7932,=3.6232,=2.6439,=0.9810,=0.7463,=1.0282,=1.2671,=1.8257,=3.0800,=0.0217,=0.6028,=0.0019,=0.0063,=0.0096,=0.0319,=0.0507,=0.0215,=0.0913,=0.0219,=336
="931165",新兴科技100,2019-04-25,=0.0212,=10642.7442,=0.2506,=53.1401,=0.9711,=17.0055,=23.4097,=29.6641,=40.1119,=67.3989,=10.7422,=0.9774,=3.5721,=4.3409,=5.4725,=7.6271,=13.6689,=9.8418,=0.9745,=3.0368,=3.6554,=4.8592,=6.4165,=12.4159,=0.0061,=0.1375,=0.0047,=0.0068,=0.0092,=0.0150,=0.0264,=0.0515,=0.1919,=0.0378,=519
="931071",人工智能,2018-11-21,=0.0109,=2828.9655,=0.2488,=62.7426,=0.8790,=30.9003,=39.7800,=48.6375,=57.3039,=77.4016,=9.3482,=0.9552,=2.9559,=3.9059,=4.7567,=5.9480,=11.5305,=5.5966,=0.9206,=2.2000,=2.8037,=3.2150,=4.1165,=9.3591,=0.0054,=0.1971,=0.0041,=0.0054,=0.0063,=0.0086,=0.0135,=0.0409,=0.1450,=0.0239,=1359
="000171",新兴成指,2017-01-25,=0.0238,=2295.0953,=0.2439,=36.0303,=0.7965,=15.0335,=20.3634,=24.8697,=36.2009,=63.8139,=5.4127,=0.6940,=2.6324,=3.2897,=4.3645,=6.2947,=10.8185,=4.6821,=0.8405,=1.3680,=2.1204,=2.7923,=4.4375,=8.5894,=0.0116,=0.4421,=0.0042,=0.0072,=0.0126,=0.0195,=0.0271,=0.0336,=0.1371,=0.0326,=206
="931159",创新100,2019-05-16,=0.0191,=4227.2611,=0.2430,=41.5374,=0.6758,=24.8309,=32.3322,=36.2632,=46.3297,=59.7307,=5.7599,=0.8524,=2.9189,=3.6987,=4.3877,=5.5623,=7.4325,=4.7845,=0.7801,=2.3351,=3.1714,=3.8061,=4.8751,=6.6085,=0.0092,=0.5533,=0.0044,=0.0062,=0.0089,=0.0126,=0.0177,=0.0278,=0.1244,=0.0278,=231
="931643",科创创业50,2021-06-01,=0.0187,=2471.6262,=0.2390,=63.2691,=0.8426,=22.6109,=28.7602,=40.3085,=59.5532,=92.9106,=8.0252,=0.8275,=3.3216,=4.1946,=5.2088,=7.4114,=12.1685,=7.3844,=0.7933,=2.7030,=3.4167,=4.6444,=7.4418,=14.6821,=0.0060,=0.3863,=0.0024,=0.0040,=0.0074,=0.0115,=0.0174,=0.0368,=0.1190,=0.0246,=2012
="CN5075",国证信创,2015-02-16,,,=0.2367,=109.7344,=0.6719,=39.3034,=50.0155,=78.0108,=124.6256,=152.0158,=8.6061,=0.9409,=3.0386,=3.5724,=5.2509,=7.3437,=10.9595,=6.8370,=0.9518,=2.8415,=3.6990,=4.4321,=5.5475,=8.6847,=0.0023,=0.0498,=0.0018,=0.0030,=0.0057,=0.0079,=0.0108,=0.0268,=0.0598,=0.0136,=28
="399285",物联网50,2020-02-18,=0.0071,=7800.5400,=0.2349,=40.8700,=0.8518,=21.8675,=26.4337,=31.7172,=38.7258,=48.9860,=5.8249,=0.9168,=2.6765,=3.4149,=4.0413,=5.3292,=6.9158,=3.7023,=0.9631,=1.7407,=2.0220,=2.4520,=3.1362,=4.3982,=0.0112,=0.3568,=0.0076,=0.0096,=0.0121,=0.0148,=0.0214,=0.0353,=0.1364,=0.0304,=93
="931271",通信设备主题,2012-12-21,=0.0116,=4453.4638,=0.2339,=84.1126,=0.8774,=25.8971,=33.1664,=36.3503,=77.9806,=113.3155,=10.6632,=0.9298,=2.2261,=2.9049,=3.5954,=8.0223,=14.2344,=6.9567,=0.9132,=1.5689,=2.0567,=2.5798,=5.5444,=9.3619,=0.0030,=0.0744,=0.0022,=0.0045,=0.0082,=0.0099,=0.0129,=0.0351,=0.1175,=0.0256,=10
="000680",科创综指,2025-01-20,=0.0335,=2019.4400,=0.2338,=181.3752,=0.2112,=115.7401,=178.6727,=210.2372,=231.8344,=278.5830,=6.6958,=0.9011,=3.4337,=3.9718,=5.2376,=5.9770,=8.0513,=8.8623,=0.9171,=4.7291,=5.5033,=7.1497,=8.1251,=10.6066,=0.0027,=0.0802,=0.0023,=0.0032,=0.0037,=0.0050,=0.0065,=0.0091,=0.0262,=0.0033,=232
="980080",成长100,2012-12-28,,,=0.2287,=62.7980,=0.7807,=39.4731,=45.1049,=49.9089,=63.8626,=82.4653,=7.0193,=0.8514,=3.0437,=3.6543,=5.6811,=6.8570,=9.2690,=4.4723,=0.7925,=2.0191,=2.4135,=3.0720,=4.5036,=5.8594,=0.0039,=0.1014,=0.0030,=0.0050,=0.0057,=0.0069,=0.0087,=0.0481,=0.1452,=0.0254,=249
="931582",数字经济,2020-11-09,=0.0189,=1806.5271,=0.2236,=71.5691,=0.8888,=35.0365,=44.0012,=50.3369,=66.7978,=88.8203,=7.9495,=0.9448,=3.4564,=4.9263,=5.6873,=6.6859,=9.8458,=7.3471,=0.7597,=2.4970,=3.9453,=5.8755,=7.6769,=11.8341,=0.0042,=0.0660,=0.0032,=0.0048,=0.0057,=0.0066,=0.0087,=0.0236,=0.0954,=0.0158,=189
="000994",全指电信,2011-08-02,=0.0066,=13614.3425,=0.2223,=29.5065,=0.4042,=17.6024,=21.7761,=33.8279,=52.5847,=109.2407,=2.8469,=0.6877,=1.3865,=1.8410,=2.5294,=3.0393,=3.7766,=2.6475,=0.9736,=0.9155,=1.2459,=1.5412,=1.8945,=3.1271,=0.0212,=0.6226,=0.0022,=0.0055,=0.0083,=0.0296,=0.0398,=0.0216,=0.0895,=0.0218,=228
="931579",东证优势成长,2020-11-09,=0.0306,=9313.9000,=0.2203,=30.0614,=0.7905,=7.9327,=14.2955,=19.2075,=30.5212,=61.0103,=6.0114,=0.8142,=0.9149,=2.6158,=3.4390,=5.9096,=9.3390,=4.3994,=0.9010,=1.1828,=2.0613,=2.3917,=3.6615,=6.0793,=0.0116,=0.3745,=0.0040,=0.0071,=0.0152,=0.0286,=0.0527,=0.0548,=0.1983,=0.0468,=145
="399389",国证通信,2011-12-02,=0.0145,=10173.3900,=0.2199,=31.1042,=0.3881,=15.1336,=21.7733,=46.7317,=65.1875,=153.7967,=2.8720,=0.7235,=1.3245,=1.8461,=2.4678,=3.0441,=3.8873,=2.6899,=0.9753,=0.9743,=1.4589,=1.6828,=1.8999,=3.2843,=0.0206,=0.6288,=0.0026,=0.0049,=0.0070,=0.0294,=0.0420,=0.0209,=0.0855,=0.0209,=55
="930713",CS人工智,2015-07-31,=0.0092,=6418.8699,=0.2152,=60.9083,=0.7412,=24.8131,=43.8200,=53.2886,=62.5640,=90.1869,=8.6498,=0.9819,=2.8384,=3.9100,=4.7032,=5.4142,=10.4087,=5.1293,=0.9559,=2.3148,=3.1674,=3.7883,=4.3128,=6.3979,=0.0056,=0.3758,=0.0041,=0.0050,=0.0061,=0.0078,=0.0120,=0.0330,=0.1245,=0.0172,=1064
="932038",央企科技引领,2022-11-16,=0.0255,=1811.1923,=0.2102,=78.5284,=0.8184,=31.0707,=37.8665,=45.1382,=77.5296,=100.6860,=5.2790,=0.8549,=2.7684,=3.4891,=3.9892,=4.9423,=6.8336,=5.8236,=0.8649,=2.3932,=3.1629,=3.9394,=5.4365,=7.0751,=0.0054,=0.1008,=0.0042,=0.0063,=0.0084,=0.0108,=0.0151,=0.0105,=0.0636,=0.0096,=40
="399326",成长40,2006-01-24,=0.0192,=7681.4900,=0.2064,=32.9238,=0.7960,=11.4413,=22.5069,=27.7103,=33.2868,=67.8360,=6.3348,=0.7775,=2.3502,=3.7081,=4.7255,=6.5154,=10.3842,=3.7857,=0.7268,=1.6605,=2.3239,=3.0575,=3.9346,=5.1844,=0.0096,=0.4916,=0.0046,=0.0073,=0.0096,=0.0135,=0.0218,=0.0646,=0.2161,=0.0378,=274
="931718",高端造质量成长50,2021-08-25,=0.0212,=3474.3634,=0.2023,=40.0121,=0.8681,=16.3078,=22.1257,=28.9497,=36.9414,=49.4696,=6.9721,=0.8932,=3.1255,=3.9400,=4.8560,=6.0259,=8.5001,=4.6797,=0.9307,=1.7207,=2.2521,=2.9825,=3.8082,=5.6653,=0.0092,=0.3815,=0.0046,=0.0066,=0.0110,=0.0150,=0.0205,=0.0328,=0.1450,=0.0326,=29
="399667",创业成长,2013-01-07,=0.0199,=6634.6300,=0.2005,=37.9695,=0.4693,=21.3636,=29.5830,=38.4842,=51.7989,=90.9628,=6.9131,=0.7643,=2.9224,=4.0916,=4.8762,=7.5404,=10.8589,=5.4511,=0.6494,=2.4713,=3.4035,=4.6759,=6.7475,=10.3001,=0.0090,=0.7577,=0.0027,=0.0042,=0.0063,=0.0096,=0.0182,=0.0481,=0.1635,=0.0355,=97
="H30535",互联网,2015-01-12,=0.0096,=5802.6929,=0.1967,=53.0533,=0.8785,=14.4753,=21.0804,=36.2317,=48.7111,=67.6316,=7.2068,=0.9827,=1.7453,=2.4476,=3.2759,=4.0766,=9.0569,=4.1784,=0.9749,=1.1519,=1.6628,=1.9988,=2.8814,=5.2637,=0.0063,=0.0869,=0.0048,=0.0074,=0.0108,=0.0121,=0.0190,=0.0359,=0.1165,=0.0168,=27
="931785",智选沪深港科技50,2025-06-27,=0.0239,=2851.4756,=0.1956,=48.0467,=0.9004,=31.7791,=35.2860,=37.2879,=40.7617,=55.2390,=5.4140,=0.7687,=3.8679,=4.3944,=4.8230,=5.4673,=6.1942,=3.5546,=0.8185,=2.2695,=2.6221,=3.0184,=3.4933,=4.0650,=0.0054,=0.1032,=0.0046,=0.0072,=0.0078,=0.0090,=0.0100,,,,=11
="931248",油气资源,2023-06-12,=0.0050,=1087.1033,=0.1897,=14.1762,=0.8711,=8.9017,=10.2186,=11.3513,=13.2003,=19.0700,=1.3659,=0.8092,=1.0292,=1.1530,=1.2238,=1.3637,=1.8318,=0.7451,=0.8724,=0.4486,=0.5165,=0.5940,=0.6764,=0.9774,=0.0355,=0.1145,=0.0285,=0.0394,=0.0459,=0.0497,=0.0548,=0.0301,=0.0906,=0.0280,=52
="399990",煤炭等权,2015-01-21,=-0.0101,=3403.3200,=0.1848,=21.1622,=0.9122,=5.7123,=8.6087,=10.6443,=15.5378,=347.5369,=1.7283,=0.9312,=0.8179,=1.1204,=1.3735,=1.6105,=2.0135,=1.8906,=0.9707,=0.6732,=0.9175,=1.1221,=1.4635,=2.2100,=0.0318,=0.0931,=0.0074,=0.0368,=0.0547,=0.0638,=0.1003,=0.0229,=0.0912,=0.0239,=241
="399803",工业4.0,2015-02-13,=0.0189,=6367.5900,=0.1837,=44.6370,=0.7425,=19.7294,=27.9595,=36.1911,=47.1873,=61.8732,=5.2947,=0.7429,=2.6645,=3.4308,=4.3469,=5.6549,=8.0266,=2.5274,=0.5023,=1.5023,=2.0108,=2.5253,=3.2276,=4.7574,=0.0091,=0.5233,=0.0032,=0.0062,=0.0088,=0.0123,=0.0202,=0.0258,=0.1072,=0.0218,=486
="399998",中证煤炭,2015-02-13,=-0.0035,=2331.6700,=0.1826,=21.1622,=0.9122,=5.7123,=8.6087,=10.6443,=15.5378,=347.5369,=1.7283,=0.9312,=0.8179,=1.1204,=1.3735,=1.6105,=2.0135,=1.8906,=0.9707,=0.6732,=0.9175,=1.1221,=1.4635,=2.2100,=0.0318,=0.0931,=0.0074,=0.0368,=0.0547,=0.0638,=0.1003,=0.0229,=0.0912,=0.0239,=2112
="399970",移动互联,2014-05-05,=0.0140,=5251.1600,=0.1771,=51.7344,=0.8562,=21.2604,=32.0602,=40.2173,=49.4338,=64.0807,=5.4088,=0.7482,=2.3944,=3.2977,=4.0684,=5.7108,=7.9573,=3.0008,=0.7223,=1.5790,=2.0679,=2.5540,=3.2715,=4.6665,=0.0074,=0.3852,=0.0043,=0.0058,=0.0082,=0.0107,=0.0143,=0.0246,=0.0808,=0.0175,=470
="950333",智选创新价值,2024-09-25,=0.0319,=2669.0619,=0.1745,=623.9880,=0.3792,=62.6254,=108.8993,=-5390.2438,=-354.1384,=5158.8110,=4.2632,=0.9401,=1.6564,=2.1602,=2.5719,=3.0545,=5.3226,=5.3930,=0.9424,=1.6015,=2.1355,=2.6817,=3.0878,=6.7566,=0.0024,=0.0554,=0.0019,=0.0057,=0.0069,=0.0103,=0.0136,=-0.0002,=-0.0164,=-0.0030,=14
="HSSSHID",恒生沪深港创新药精选50指数,2020-03-01,=0.0689,=8785.7600,=0.1719,=37.0874,=0.5537,=23.4861,=29.5445,=35.4668,=51.6247,=94.0285,=4.4456,=0.6746,=2.0729,=2.8193,=3.7495,=6.3404,=8.4497,=6.4083,=0.8711,=1.3432,=1.8982,=3.6335,=5.9778,=8.1459,=0.0078,=0.3573,=0.0033,=0.0050,=0.0088,=0.0120,=0.0157,,=0.1192,,=292
="930599",中证高装,2015-03-02,=0.0183,=9848.2367,=0.1684,=47.3376,=0.8410,=19.5438,=27.7467,=34.6700,=45.3515,=65.7817,=4.6582,=0.9827,=1.8509,=2.5592,=3.1132,=3.7305,=5.5770,=2.6271,=0.9365,=1.2322,=1.6106,=1.9498,=2.4252,=3.1551,=0.0084,=0.4141,=0.0049,=0.0067,=0.0092,=0.0120,=0.0171,=0.0227,=0.0865,=0.0192,=120
="000699",科创200,2024-08-20,=0.0460,=1535.5100,=0.1635,=155.8427,=0.1137,=128.9087,=177.0836,=234.1974,=310.0842,=388.1174,=4.4032,=0.7284,=1.9770,=3.0276,=3.8974,=4.8805,=5.6874,=6.5406,=0.6147,=3.3605,=5.1229,=6.1135,=7.4904,=8.4376,=0.0046,=0.3916,=0.0033,=0.0040,=0.0050,=0.0067,=0.0100,=0.0066,=0.0165,=0.0029,=149
=".NDX",纳斯达克100指数,1969-12-31,,,=0.1633,,,,,,,,,,,,,,,,,,,,,,,,,,,,,,,=0.0751,=4622
="H30198",油气产业,2013-07-15,=0.0063,=2439.8280,=0.1583,=15.0803,=0.5236,=7.8064,=10.8817,=14.1547,=25.3994,=104.2111,=1.4861,=0.9696,=0.6580,=0.8181,=1.1509,=1.2643,=1.8532,=0.7845,=0.9708,=0.2505,=0.3224,=0.4827,=0.5940,=0.9554,=0.0318,=0.1578,=0.0103,=0.0349,=0.0427,=0.0469,=0.0704,=0.0307,=0.0868,=0.0269,=117
="930719",CS精准医,2015-08-05,=0.0808,=3070.7928,=0.1552,=41.4876,=0.2890,=29.3195,=37.8584,=51.9969,=66.9428,=102.1078,=5.1223,=0.3434,=3.4982,=4.5532,=5.9889,=8.9676,=14.5104,=7.5980,=0.5294,=5.1956,=6.1906,=7.4044,=10.5991,=18.8625,=0.0069,=0.5169,=0.0022,=0.0041,=0.0068,=0.0105,=0.0164,=0.0301,=0.1091,=0.0230,=343
="HSHK35",恒生香港35,2003-01-20,=0.0116,=3292.2300,=0.1534,=18.5703,=0.8356,=9.7413,=12.1884,=14.4192,=17.6647,=47.6465,=1.3258,=0.9838,=0.7649,=0.9602,=1.1000,=1.2355,=1.3547,=3.5891,=0.9716,=2.1814,=2.5967,=2.9041,=3.1942,=3.7366,=0.0359,=0.2631,=0.0206,=0.0332,=0.0389,=0.0462,=0.0628,,,,=115
="930820",CS高端制,2016-05-11,=0.0230,=9732.7060,=0.1495,=48.9784,=0.9300,=21.5994,=28.9923,=36.5779,=43.5188,=58.8118,=4.4426,=0.9205,=2.0597,=2.7148,=3.1889,=3.9070,=5.2414,=2.8394,=0.9596,=1.1980,=1.7166,=2.0514,=2.4939,=3.3599,=0.0083,=0.2188,=0.0055,=0.0081,=0.0098,=0.0124,=0.0171,=0.0220,=0.0816,=0.0186,=316
="000958",创业成长,2010-03-24,,,=0.1485,=48.1304,=0.9794,=11.9506,=17.5032,=24.3359,=30.6936,=61.3903,=11.3946,=0.9889,=2.6815,=3.7899,=5.1716,=6.3764,=14.5711,=6.0780,=0.9798,=1.2937,=1.9105,=2.5452,=3.9752,=7.7463,=0.0054,=0.0626,=0.0040,=0.0066,=0.0089,=0.0140,=0.0209,=0.0493,=0.2198,=0.0640,=669
="930712",CS物联网,2015-07-31,=0.0146,=4781.6299,=0.1465,=35.4693,=0.6864,=21.9217,=27.4652,=32.4360,=37.2921,=50.1215,=5.0434,=0.8121,=2.7515,=3.4472,=4.0810,=4.9661,=7.1882,=2.6497,=0.8220,=1.2084,=1.7388,=2.0114,=2.5181,=3.5102,=0.0129,=0.7017,=0.0070,=0.0089,=0.0113,=0.0139,=0.0190,=0.0346,=0.1340,=0.0303,=165
="399364",消费100,2009-08-03,=0.0184,=12361.8000,=0.1452,=38.8581,=0.9131,=15.8540,=22.6279,=26.7893,=34.6624,=49.3766,=5.3386,=0.8315,=2.6561,=3.3004,=3.7739,=4.7906,=7.3266,=2.6559,=0.8184,=1.3127,=1.6709,=1.9175,=2.5282,=4.2956,=0.0123,=0.2537,=0.0070,=0.0116,=0.0160,=0.0191,=0.0241,=0.0306,=0.1191,=0.0345,=315
="399374",中盘成长,2010-01-04,=0.0198,=5235.2000,=0.1452,=30.4988,=0.9782,=12.0664,=16.7038,=22.9723,=27.5784,=34.9289,=4.1395,=0.9650,=1.8942,=2.4100,=3.1271,=3.6325,=4.6865,=2.6909,=0.8970,=0.9013,=1.6610,=2.2047,=2.4841,=3.0605,=0.0122,=0.3712,=0.0084,=0.0109,=0.0145,=0.0210,=0.0349,=0.0366,=0.1248,=0.0238,=202
="H30597",新材料,2015-02-13,=0.0206,=4743.3875,=0.1434,=37.4130,=0.6271,=14.0729,=21.7626,=33.2801,=43.9851,=72.0660,=3.9164,=0.6164,=2.1817,=2.8826,=3.6704,=5.2685,=8.9168,=2.6832,=0.4656,=1.2938,=2.0086,=2.7419,=3.7927,=7.1680,=0.0124,=0.6044,=0.0037,=0.0059,=0.0106,=0.0146,=0.0237,=0.0294,=0.0908,=0.0200,=319
="000962",中证中游,2010-04-16,,,=0.1416,=36.2975,=0.9666,=12.7529,=17.3536,=20.1671,=27.3195,=43.3218,=3.4809,=0.9860,=1.5782,=1.9009,=2.2496,=2.6054,=4.0998,=1.7053,=0.9843,=0.6672,=0.8352,=0.9905,=1.1413,=2.0187,=0.0108,=0.2052,=0.0081,=0.0107,=0.0151,=0.0183,=0.0221,=0.0222,=0.0826,=0.0192,=17
="931186",中证科技,2019-05-30,=0.0194,=7630.5257,=0.1400,=36.6588,=0.5152,=19.1938,=30.4358,=36.2943,=46.6104,=73.9401,=4.9502,=0.6476,=2.6301,=3.6164,=4.5687,=6.3383,=8.1242,=3.0112,=0.5754,=1.4264,=2.0951,=2.7917,=4.5306,=6.0737,=0.0106,=0.6470,=0.0037,=0.0053,=0.0085,=0.0128,=0.0201,=0.0291,=0.1226,=0.0174,=958
="930792",HK银行,2016-04-22,=-0.0059,=5016.0214,=0.1394,=7.0198,=0.8482,=3.2659,=4.4645,=5.8968,=6.8206,=9.5632,=0.6696,=0.6169,=0.3905,=0.4964,=0.6241,=0.8010,=1.0771,=2.6154,=0.9371,=1.0519,=1.5167,=1.8847,=2.4275,=3.1066,=0.0460,=0.0766,=0.0355,=0.0499,=0.0562,=0.0743,=0.1045,,=0.0901,,=758
="931994",电网设备主题,2022-10-11,=0.0137,=2871.7204,=0.1382,=32.3119,=0.8676,=15.6741,=20.0506,=22.9747,=28.9573,=44.9431,=3.1472,=0.8708,=1.9713,=2.2955,=2.4624,=2.8303,=4.2080,=2.1304,=0.8751,=1.2895,=1.4790,=1.6116,=1.8408,=2.7882,=0.0116,=0.2508,=0.0088,=0.0110,=0.0134,=0.0165,=0.0189,=0.0214,=0.0975,=0.0200,=294
="930939",500质量,2018-11-21,=0.0220,=24038.0489,=0.1324,=20.2674,=0.8615,=10.4098,=14.0090,=16.1148,=19.3909,=27.8330,=2.3640,=0.7193,=1.6614,=2.0713,=2.2340,=2.4839,=3.9191,=2.1271,=0.9251,=0.9583,=1.1987,=1.4577,=1.8146,=2.9319,=0.0169,=0.2503,=0.0117,=0.0164,=0.0197,=0.0252,=0.0319,=0.0308,=0.1144,=0.0291,=463
="399991",一带一路,2015-02-16,=0.0135,=3355.0200,=0.1319,=18.2339,=0.7515,=9.4567,=11.6727,=14.1037,=19.3644,=34.5905,=1.6509,=0.9769,=1.0035,=1.1547,=1.2476,=1.4487,=1.7874,=0.7070,=0.9555,=0.3598,=0.4252,=0.4778,=0.6145,=0.7793,=0.0224,=0.2526,=0.0109,=0.0216,=0.0280,=0.0340,=0.0441,=0.0240,=0.0795,=0.0217,=582
="000928",中证能源,2009-07-03,=0.0022,=3334.6600,=0.1316,=14.5602,=0.6106,=6.9612,=9.7906,=13.1496,=19.6240,=68.9647,=1.4188,=0.9155,=0.7281,=0.9359,=1.1552,=1.3021,=1.8006,=0.8572,=0.9625,=0.3162,=0.4106,=0.5305,=0.7088,=1.0383,=0.0372,=0.2237,=0.0106,=0.0365,=0.0464,=0.0557,=0.0717,=0.0289,=0.0960,=0.0282,=1293
="000986",全指能源,2011-08-02,=0.0018,=2639.0400,=0.1306,=15.1606,=0.6354,=6.8032,=9.9968,=13.3530,=19.5845,=75.0146,=1.4223,=0.9184,=0.7554,=0.9688,=1.1779,=1.3182,=1.7977,=0.8724,=0.9633,=0.3323,=0.4459,=0.5658,=0.7301,=1.0524,=0.0360,=0.2336,=0.0098,=0.0346,=0.0439,=0.0544,=0.0769,=0.0281,=0.0918,=0.0274,=605
=".INX",标普500,1957-03-04,=-0.0018,=7709.9600,=0.1263,=26.6843,=0.6644,=15.6907,=21.8435,=24.2043,=28.6972,=42.9883,=5.6107,=0.9813,=2.4601,=3.2516,=3.9797,=4.8080,=5.7725,=3.6386,=0.9920,=1.5801,=2.1053,=2.4039,=3.0560,=3.6930,=0.0098,=0.0084,=0.0097,=0.0123,=0.0160,=0.0192,=0.0253,,,=0.0468,=9486
="931469",云计算50,2020-06-12,=-0.0030,=4165.4149,=0.1246,=69.4584,=0.5228,=43.1726,=58.4303,=68.7047,=81.8506,=130.8911,=9.5551,=0.9611,=3.0031,=3.8849,=5.1211,=6.3318,=11.7205,=5.2773,=0.9551,=2.2186,=2.8707,=3.5297,=4.2915,=6.4913,=0.0026,=0.0308,=0.0021,=0.0033,=0.0043,=0.0056,=0.0085,=0.0385,=0.1212,=0.0175,=62
="399291",创精选88,2019-11-06,=0.0202,=5132.5400,=0.1234,=50.8781,=0.3944,=32.8940,=42.2414,=54.2384,=65.1198,=106.4385,=3.3901,=0.4826,=1.8895,=2.8597,=3.4035,=3.9227,=4.9331,=3.6957,=0.6882,=1.9655,=2.6295,=3.1215,=4.2846,=5.5728,=0.0092,=0.7888,=0.0042,=0.0051,=0.0072,=0.0093,=0.0134,=0.0173,=0.0556,=0.0131,=39
="HSSCHKC",恒生港股通香港公司指数,2017-11-20,=0.0103,=3490.0200,=0.1230,=17.2588,=0.7436,=9.9660,=12.2426,=14.3841,=17.9905,=45.2058,=1.3595,=0.9851,=0.8018,=0.9559,=1.1009,=1.2491,=1.4001,=3.5034,=0.9972,=1.7566,=2.0780,=2.3940,=2.7740,=3.5652,=0.0352,=0.2396,=0.0202,=0.0341,=0.0390,=0.0466,=0.0626,,,,=14
="931187",科技100,2019-05-30,=0.0264,=5159.1961,=0.1181,=32.8196,=0.7479,=18.1467,=22.1973,=26.2279,=35.0480,=49.5031,=4.1071,=0.7639,=2.3703,=2.7940,=3.3572,=4.2550,=5.4633,=2.7976,=0.8264,=1.2579,=1.6355,=2.0732,=2.7113,=4.1304,=0.0117,=0.4739,=0.0052,=0.0083,=0.0119,=0.0140,=0.0184,=0.0201,=0.0911,=0.0217,=857
="930758",凤凰50,2018-11-21,=0.0031,=8905.8680,=0.1180,=14.6723,=0.6310,=8.6050,=10.8259,=13.5722,=15.7335,=22.7753,=1.9925,=0.7583,=1.0496,=1.4416,=1.6709,=2.0745,=3.0708,=2.2940,=0.9332,=0.3622,=0.7533,=1.3208,=1.9073,=3.4064,=0.0304,=0.7706,=0.0097,=0.0229,=0.0282,=0.0307,=0.0478,=0.0281,=0.1135,=0.0262,=68
="931409",SHS创新药,2020-02-20,=0.0646,=2351.5556,=0.1156,=47.3173,=0.7272,=24.9819,=34.6427,=39.7406,=59.0589,=94.9889,=4.7861,=0.6453,=2.3431,=3.2864,=4.1392,=6.3351,=8.9149,=7.0107,=0.8960,=2.2896,=3.2050,=4.0707,=6.5557,=8.2645,=0.0082,=0.4606,=0.0036,=0.0052,=0.0084,=0.0114,=0.0166,,=0.0994,,=318
="931250",港股通创新药,2012-07-20,=0.0626,=1117.6146,=0.1133,=39.7015,=0.6925,=21.4435,=32.5443,=36.4681,=44.3197,=63.0533,=3.8816,=0.8350,=1.5232,=1.8371,=2.3459,=3.8178,=4.5255,=6.4576,=0.7786,=1.4727,=1.7699,=2.3404,=6.5251,=7.7209,=0.0076,=0.2130,=0.0059,=0.0076,=0.0135,=0.0163,=0.0196,,=0.1071,,=127
="399006",创业板指,2010-06-01,=0.0135,=3563.1200,=0.1124,=45.0222,=0.6012,=22.8885,=32.3387,=42.0257,=55.2938,=79.6826,=6.2173,=0.7590,=3.0035,=4.0151,=4.8509,=6.5359,=9.5804,=4.4596,=0.4813,=2.3312,=3.4103,=4.5248,=6.3095,=8.4805,=0.0087,=0.7425,=0.0032,=0.0048,=0.0064,=0.0098,=0.0180,=0.0369,=0.1330,=0.0313,=16754
="930967",港股通信息C,2017-06-23,=0.0298,=5127.8962,=0.1108,=59.1917,=0.9658,=9.7009,=25.8604,=35.0658,=45.3282,=82.6684,=3.8989,=0.5144,=1.0827,=1.5109,=3.7775,=5.9212,=9.2789,=1.6976,=0.4936,=0.3926,=0.6346,=1.8719,=4.3833,=6.3504,=0.0046,=0.1873,=0.0029,=0.0047,=0.0058,=0.0110,=0.0212,,=0.0915,,=11
="1000008",沪深B股,1994-01-10,=0.0017,=281.1300,=0.1076,=28.7801,=0.7775,=7.0835,=12.9417,=17.5164,=30.7740,=97.5837,=0.8263,=0.4413,=0.6594,=0.7810,=0.8438,=1.0206,=1.4976,=0.5459,=0.6630,=0.3777,=0.4474,=0.5017,=0.5850,=1.1545,=0.0383,=0.5909,=0.0157,=0.0279,=0.0358,=0.0437,=0.1455,,,=0.0134,=371
="399276",创科技,2020-10-26,=0.0181,=8969.7200,=0.1068,=37.5316,=0.4887,=20.4624,=26.5099,=37.8500,=57.3768,=84.1667,=6.7331,=0.6742,=3.5855,=4.4385,=5.8340,=8.4803,=12.0896,=5.2799,=0.6384,=2.4145,=3.3584,=4.7926,=8.5715,=12.2359,=0.0108,=0.5844,=0.0023,=0.0035,=0.0085,=0.0162,=0.0221,=0.0430,=0.1724,=0.0380,=11
="931787",港股创新药,2018-08-14,=0.0615,=1387.0747,=0.1053,=39.7015,=0.4684,=20.8973,=29.6000,=43.4756,=79.2063,=400.8209,=3.8816,=0.7397,=1.5132,=2.3074,=2.9706,=4.1306,=5.7621,=6.4576,=0.9179,=0.8553,=1.3217,=2.0854,=3.3521,=7.7308,=0.0076,=0.3046,=0.0045,=0.0069,=0.0103,=0.0136,=0.0202,,=0.1071,,=786
="931235",中证电信,2022-07-21,=-0.0027,=2994.7531,=0.1044,=30.0606,=0.9195,=15.5242,=18.7490,=21.5636,=26.4198,=36.3009,=2.8959,=0.9450,=0.8741,=1.6381,=1.9367,=2.3606,=3.4857,=2.6638,=0.9388,=0.6427,=1.3969,=1.7262,=2.1832,=3.2153,=0.0207,=0.1356,=0.0135,=0.0245,=0.0302,=0.0336,=0.0573,=0.0216,=0.0917,=0.0212,=61
="000066",上证商品,2010-04-30,=0.0198,=3894.4300,=0.1041,=15.9525,=0.5966,=7.9120,=11.1675,=15.0158,=22.9217,=53.3084,=1.8100,=0.9666,=0.9403,=1.2112,=1.3396,=1.5039,=2.2405,=1.0178,=0.9670,=0.4082,=0.5256,=0.6502,=0.7807,=1.2223,=0.0304,=0.2761,=0.0093,=0.0290,=0.0356,=0.0466,=0.0603,=0.0347,=0.1091,=0.0303,=82
="931403",品牌工程,2020-01-14,=0.0106,=2176.9387,=0.1026,=27.0616,=0.4038,=18.7149,=24.0649,=29.1225,=43.5683,=69.9724,=4.1270,=0.2975,=3.2380,=4.0175,=4.9314,=7.6646,=10.9810,=3.1906,=0.3755,=2.2604,=2.9300,=3.3569,=4.7885,=7.2001,=0.0215,=0.7302,=0.0056,=0.0085,=0.0149,=0.0221,=0.0278,=0.0453,=0.1433,=0.0461,=122
="399673",创业板50,2014-06-18,=0.0092,=3737.0800,=0.1023,=38.4589,=0.3778,=20.6075,=30.6784,=42.2738,=57.2675,=106.7499,=6.8499,=0.7351,=3.1473,=4.3234,=5.2442,=7.5532,=11.7288,=5.1708,=0.3943,=2.6907,=4.1383,=5.4872,=7.7414,=13.3154,=0.0090,=0.7738,=0.0021,=0.0036,=0.0049,=0.0094,=0.0190,=0.0447,=0.1569,=0.0355,=5589
="399293",创业大盘,2019-04-18,=0.0108,=7133.5500,=0.1008,=39.4535,=0.4273,=20.6573,=29.5912,=41.2574,=54.0958,=71.9327,=6.9897,=0.6246,=3.4452,=4.7307,=6.2653,=9.1791,=13.4901,=5.0042,=0.3403,=2.8408,=4.0202,=5.6690,=9.8698,=14.8309,=0.0092,=0.6373,=0.0029,=0.0046,=0.0073,=0.0121,=0.0196,=0.0411,=0.1554,=0.0377,=179
="931590",500成长创新,2020-11-09,=0.0234,=29799.7681,=0.0973,=40.6819,=0.9817,=14.5054,=17.8054,=20.3300,=27.5675,=46.8480,=4.7287,=0.9825,=1.6442,=2.3246,=2.6628,=3.3055,=5.3919,=4.8508,=0.9817,=1.3106,=1.9849,=2.2844,=2.7230,=5.5640,=0.0085,=0.0183,=0.0074,=0.0128,=0.0171,=0.0210,=0.0252,=0.0292,=0.1277,=0.0317,=89
="950180",科创AI,2024-07-25,=0.0179,=2446.7789,=0.0888,=200.8613,=0.8844,=66.2784,=99.5856,=144.0563,=184.2992,=271.3436,=14.9448,=0.9412,=3.9039,=6.0284,=9.6425,=11.7748,=18.6594,=23.3339,=0.9412,=6.3298,=9.4728,=14.2306,=16.8347,=29.3547,=0.0015,=0.0588,=0.0012,=0.0023,=0.0028,=0.0049,=0.0077,=0.0274,=0.0670,=0.0163,=218
="399439",国证油气,2014-12-30,=0.0044,=2095.9200,=0.0884,=14.0494,=0.4932,=7.2448,=10.6844,=14.2659,=28.9974,=98.7831,=1.3726,=0.9230,=0.6716,=0.7849,=1.1513,=1.2678,=1.8382,=0.7430,=0.9604,=0.2370,=0.3183,=0.5045,=0.6012,=0.9735,=0.0359,=0.2196,=0.0101,=0.0349,=0.0425,=0.0469,=0.0731,=0.0300,=0.0921,=0.0283,=104
="931447",科技先锋,2020-04-21,=0.0189,=3357.8177,=0.0881,=44.5491,=0.7132,=19.0346,=27.3906,=37.2050,=47.9906,=82.3567,=5.5556,=0.6981,=2.7045,=3.4245,=4.3850,=6.7088,=10.6025,=3.0201,=0.6791,=1.4804,=1.9173,=2.4728,=3.7096,=7.0848,=0.0091,=0.4158,=0.0033,=0.0055,=0.0097,=0.0135,=0.0196,=0.0256,=0.0990,=0.0202,=21
="000805",A股资源,2012-01-06,=0.0278,=7704.4576,=0.0866,=16.5319,=0.5799,=7.9265,=11.4623,=15.5907,=23.5181,=73.5792,=1.9379,=0.9679,=0.9200,=1.1960,=1.3671,=1.5247,=2.3735,=1.0734,=0.9675,=0.3865,=0.5301,=0.6351,=0.7831,=1.2754,=0.0285,=0.2327,=0.0090,=0.0280,=0.0342,=0.0454,=0.0580,=0.0371,=0.1115,=0.0305,=9
="931468",红利质量,2020-05-21,=0.0142,=34236.9624,=0.0866,=17.0904,=0.3767,=12.5562,=16.1007,=18.6795,=21.8726,=36.4689,=2.9392,=0.2473,=2.1523,=2.8514,=3.7439,=4.7017,=8.5636,=3.4834,=0.6625,=1.9811,=2.3494,=2.9729,=3.9489,=5.8829,=0.0298,=0.5531,=0.0102,=0.0191,=0.0288,=0.0333,=0.0407,=0.0381,=0.1637,=0.0476,=1181
="931470",SHS云计算,2020-04-21,=-0.0042,=4005.9401,=0.0860,=23.4700,=0.3814,=13.2694,=20.1779,=25.0385,=31.2236,=62.1875,=3.5245,=0.2616,=2.5281,=3.4296,=3.8718,=5.6348,=9.6099,=3.6898,=0.1330,=2.7843,=3.8392,=4.4540,=6.3816,=10.5654,=0.0076,=0.6957,=0.0018,=0.0031,=0.0060,=0.0083,=0.0114,,=0.1294,,=50
="399612",中创100,2011-02-28,=0.0138,=2995.4900,=0.0851,=33.5586,=0.6444,=18.0203,=24.5371,=31.1559,=39.8478,=52.6199,=4.5056,=0.6630,=2.5576,=3.3599,=4.1937,=5.0805,=7.4671,=2.9213,=0.4689,=1.6155,=2.2648,=3.0244,=3.9021,=5.8630,=0.0112,=0.6448,=0.0050,=0.0075,=0.0098,=0.0137,=0.0203,=0.0320,=0.1210,=0.0297,=157
="399012",创业300,2013-01-07,=0.0150,=4895.3700,=0.0850,=48.6804,=0.5340,=26.6250,=38.0630,=47.4929,=64.7559,=93.5585,=5.2865,=0.7408,=2.5798,=3.6214,=4.3434,=5.6439,=7.5462,=4.1367,=0.4722,=2.2146,=3.3208,=4.2468,=5.9547,=8.1007,=0.0085,=0.7623,=0.0034,=0.0045,=0.0061,=0.0091,=0.0164,=0.0308,=0.1020,=0.0249,=2
="931155",300质量成长,2019-04-22,,,=0.0843,=13.5128,=0.4847,=7.3805,=10.8106,=13.5860,=15.2379,=31.0699,=2.0394,=0.3944,=1.1055,=1.6662,=2.2476,=2.8089,=5.3844,=3.1517,=0.9418,=1.3218,=1.7755,=2.1844,=2.6353,=3.8395,=0.0250,=0.4633,=0.0092,=0.0212,=0.0254,=0.0312,=0.0464,=0.0331,=0.1462,=0.0366,=79
="399088",深创100,2020-02-18,=0.0113,=5472.9500,=0.0842,=36.3448,=0.7404,=15.3025,=22.0361,=27.2255,=38.8446,=56.8187,=5.1442,=0.7223,=2.2889,=3.3041,=4.0930,=5.3854,=6.8856,=3.4585,=0.7277,=1.4223,=1.9824,=2.5061,=3.7526,=5.1281,=0.0095,=0.2730,=0.0058,=0.0087,=0.0130,=0.0163,=0.0258,=0.0356,=0.1522,=0.0358,=73
="931152",CS创新药,2019-04-22,=0.0676,=2049.4241,=0.0820,=50.9947,=0.7610,=27.6044,=36.7841,=43.3300,=52.9378,=74.6844,=4.4369,=0.5565,=2.5551,=3.3454,=4.1810,=5.9406,=8.7449,=6.2290,=0.8949,=2.2436,=2.9192,=3.4364,=5.6909,=9.4897,=0.0092,=0.5927,=0.0040,=0.0058,=0.0086,=0.0104,=0.0150,=0.0271,=0.0786,=0.0224,=1949
="931067",绩优策略,2018-02-14,=0.0118,=8211.3564,=0.0795,=19.5796,=0.5935,=10.5807,=14.7778,=18.6701,=26.7833,=44.0015,=5.4275,=0.6071,=3.5566,=4.2912,=5.0384,=7.4258,=11.8571,=3.1703,=0.6451,=2.1909,=2.5296,=2.8836,=4.8385,=8.6201,=0.0205,=0.4815,=0.0082,=0.0135,=0.0214,=0.0297,=0.0455,=0.0562,=0.2359,=0.0578,=26
="000151",上国红利,2012-07-20,=0.0003,=1648.1600,=0.0789,=8.6163,=0.9534,=4.5075,=5.3657,=6.9763,=7.8917,=10.0345,=0.7628,=0.5369,=0.5268,=0.6189,=0.7509,=0.9661,=1.3272,=1.0658,=0.4796,=0.6026,=0.8953,=1.0762,=1.3069,=1.6854,=0.0434,=0.1364,=0.0346,=0.0445,=0.0513,=0.0650,=0.0754,=0.0218,=0.0803,=0.0258,=229
="932069",港股通医疗主题,2022-07-21,=0.0599,=1067.7381,=0.0788,=42.9070,=0.9493,=20.9778,=26.2915,=30.6833,=35.9340,=51.0900,=2.5854,=0.7880,=1.4397,=1.6256,=2.0150,=2.5960,=3.0086,=1.4388,=0.8449,=0.6760,=0.7745,=0.9853,=1.4159,=1.6308,=0.0114,=0.3641,=0.0073,=0.0087,=0.0128,=0.0158,=0.0250,,=0.0571,,=20
="000068",上证资源,2010-05-28,=0.0260,=4342.1700,=0.0784,=16.0486,=0.5690,=7.8012,=11.1450,=15.1051,=23.0874,=73.1997,=1.8261,=0.9691,=0.8674,=1.1479,=1.3154,=1.4887,=2.2515,=1.0108,=0.9654,=0.3742,=0.5012,=0.6094,=0.7749,=1.2220,=0.0300,=0.2077,=0.0094,=0.0298,=0.0360,=0.0471,=0.0635,=0.0351,=0.1097,=0.0307,=310
="931142",东证竞争,2019-03-20,=0.0099,=2004.0943,=0.0770,=19.8663,=0.9113,=9.8569,=11.9403,=14.0494,=16.1471,=27.8877,=3.0647,=0.8756,=1.5408,=1.7321,=2.0735,=2.6265,=4.6703,=2.9960,=0.9230,=0.9384,=1.2756,=1.7267,=2.3044,=3.1903,=0.0238,=0.3164,=0.0120,=0.0222,=0.0262,=0.0329,=0.0399,=0.0415,=0.1629,=0.0397,=216
="987016",港股通红利低波,2021-11-18,,,=0.0765,=7.4370,=0.8964,=3.4544,=4.3130,=5.0060,=6.8692,=8.0054,=0.7129,=0.9556,=0.4152,=0.4892,=0.5416,=0.6675,=0.7549,=1.1034,=0.7876,=0.5827,=0.6610,=0.8006,=1.1116,=1.3012,=0.0540,=0.0679,=0.0488,=0.0588,=0.0812,=0.0924,=0.1160,,=0.0893,,=170
="000841",800医药,2012-12-21,=0.0556,=8994.8319,=0.0761,=37.7824,=0.8084,=21.4494,=28.0346,=32.2309,=37.6335,=58.1462,=3.7559,=0.4928,=2.4193,=3.1867,=3.7703,=4.3732,=6.5122,=4.6649,=0.8871,=1.7815,=2.8895,=3.4469,=4.3456,=6.1565,=0.0146,=0.8257,=0.0064,=0.0083,=0.0101,=0.0138,=0.0210,=0.0288,=0.0871,=0.0293,=590
="399315",巨潮中盘,2005-02-03,=0.0221,=5120.5400,=0.0759,=43.2798,=0.9423,=14.3715,=18.4227,=22.9163,=29.8766,=49.3940,=2.7039,=0.9164,=1.5252,=1.8923,=2.1507,=2.5842,=3.0245,=2.0905,=0.9905,=0.8408,=1.2254,=1.4280,=1.6519,=2.3572,=0.0121,=0.2200,=0.0082,=0.0117,=0.0158,=0.0221,=0.0288,=0.0239,=0.0707,=0.0202,=20
="930821",中证VR,2016-05-11,=0.0216,=3434.3065,=0.0755,=49.8690,=0.6685,=17.6816,=32.1263,=43.2182,=55.8937,=175.0572,=3.5777,=0.7222,=1.7358,=2.3472,=2.8926,=4.0793,=5.0269,=2.0304,=0.5565,=1.1117,=1.4778,=1.9195,=2.8822,=3.7313,=0.0077,=0.2250,=0.0056,=0.0075,=0.0091,=0.0117,=0.0177,=0.0113,=0.0443,=0.0138,=148
="930938",500成长估值,2018-12-04,=0.0147,=4987.7028,=0.0755,=24.0594,=0.9228,=9.4780,=13.1096,=16.8411,=19.9858,=30.3577,=2.6800,=0.9233,=1.4489,=1.8723,=2.1262,=2.3070,=3.6765,=2.2688,=0.9892,=0.6916,=0.9067,=1.1771,=1.6190,=2.5224,=0.0144,=0.1382,=0.0092,=0.0157,=0.0187,=0.0218,=0.0299,=0.0254,=0.1028,=0.0163,=72
="399850",深证50,2023-10-18,=0.0072,=9805.6700,=0.0740,=26.6281,=0.7294,=16.5344,=20.0895,=23.5683,=27.0738,=36.7629,=4.1163,=0.9456,=2.5911,=2.9368,=3.2560,=3.7367,=4.4773,=2.2615,=0.9238,=1.3017,=1.4871,=1.6920,=2.0610,=2.4833,=0.0179,=0.1555,=0.0162,=0.0184,=0.0208,=0.0232,=0.0271,=0.0301,=0.0973,=0.0318,=79
="930648",CS智消费,2015-06-05,=0.0209,=3932.3128,=0.0739,=34.5826,=0.8525,=15.4538,=22.2568,=25.1022,=32.4139,=51.6043,=4.1813,=0.8422,=2.1406,=2.8085,=3.2137,=4.0351,=5.4486,=1.8970,=0.8265,=0.8328,=1.2867,=1.4989,=1.8613,=2.9491,=0.0132,=0.2472,=0.0074,=0.0121,=0.0153,=0.0173,=0.0216,=0.0253,=0.1077,=0.0239,=29
="399625",中创500,2011-08-15,=0.0175,=2614.6300,=0.0731,=38.0323,=0.6382,=20.4615,=28.9847,=35.6864,=40.8914,=52.5750,=3.8509,=0.6197,=2.1192,=2.8827,=3.5469,=4.3034,=5.2507,=2.7430,=0.5496,=1.4713,=2.0764,=2.6219,=3.4237,=4.4106,=0.0107,=0.6514,=0.0057,=0.0072,=0.0093,=0.0124,=0.0196,=0.0265,=0.0951,=0.0239,=164
="399996",智能家居,2014-09-17,=0.0153,=4930.1900,=0.0724,=36.0361,=0.8739,=17.5405,=23.3761,=27.7637,=33.7656,=47.8369,=4.5482,=0.9551,=2.2523,=2.8549,=3.4666,=4.1096,=5.3919,=2.3326,=0.9250,=1.0942,=1.4673,=1.7632,=2.0987,=2.7965,=0.0138,=0.4627,=0.0087,=0.0107,=0.0142,=0.0175,=0.0235,=0.0273,=0.1118,=0.0260,=209
="000814",细分医药,2012-04-11,=0.0547,=8949.8500,=0.0722,=38.0264,=0.8117,=21.8871,=27.2039,=32.7541,=37.7401,=60.8250,=3.5786,=0.3531,=2.4219,=3.2072,=4.0995,=4.8855,=7.4081,=2.9866,=0.5727,=1.7858,=2.2898,=2.8928,=3.5704,=5.4819,=0.0139,=0.8030,=0.0055,=0.0075,=0.0096,=0.0138,=0.0215,=0.0283,=0.0890,=0.0304,=410
="399005",中小板指,2006-01-24,=0.0183,=8855.0400,=0.0715,=30.6346,=0.5793,=16.1163,=23.0542,=28.5910,=33.8193,=44.0181,=3.1930,=0.3646,=2.0289,=2.7421,=3.4263,=4.3203,=5.3697,=2.1686,=0.3873,=1.3510,=1.8219,=2.3431,=3.2959,=4.1546,=0.0129,=0.6386,=0.0068,=0.0090,=0.0111,=0.0163,=0.0219,=0.0255,=0.0988,=0.0255,=3252
="000918",300成长,2008-01-21,=0.0154,=5449.3180,=0.0710,=18.1903,=0.7128,=11.6107,=14.4483,=16.7842,=20.6304,=29.9826,=2.7303,=0.4771,=1.8759,=2.3158,=2.7983,=4.3091,=6.1771,=2.7280,=0.8389,=1.1680,=1.5324,=1.7811,=2.6226,=3.9548,=0.0178,=0.4310,=0.0081,=0.0139,=0.0185,=0.0238,=0.0310,=0.0348,=0.1486,=0.0340,=797
="000908",300能源,2007-07-02,=0.0046,=2530.9774,=0.0707,=13.9618,=0.5624,=6.9395,=9.4585,=13.0445,=19.9459,=62.7889,=1.4393,=0.9234,=0.7125,=0.8868,=1.1349,=1.2878,=1.8071,=0.8595,=0.9633,=0.3053,=0.3856,=0.5121,=0.6962,=1.0302,=0.0389,=0.2349,=0.0113,=0.0381,=0.0493,=0.0598,=0.0754,=0.0302,=0.1004,=0.0297,=269
="HSBIO",恒生生物科技指数,2019-12-01,=0.0573,=15155.7600,=0.0689,=33.5623,=0.3258,=20.8275,=30.6497,=56.6444,=137.9682,=62737.8398,=3.3036,=0.6079,=1.5084,=2.1584,=2.9127,=4.3777,=6.7821,=1.8419,=0.6881,=0.7434,=1.0985,=1.5399,=2.1307,=3.5303,=0.0102,=0.5520,=0.0037,=0.0061,=0.0096,=0.0133,=0.0198,,=0.1063,,=689
="000905",中证500,2007-01-15,=0.0193,=7980.1200,=0.0689,=37.3283,=0.9011,=15.7028,=21.2812,=25.5754,=33.3023,=49.4567,=2.5378,=0.8340,=1.3824,=1.7164,=1.9212,=2.4416,=3.0628,=1.7565,=0.8583,=0.8118,=1.0305,=1.1726,=1.6099,=2.2566,=0.0125,=0.2847,=0.0064,=0.0116,=0.0141,=0.0185,=0.0237,=0.0210,=0.0620,=0.0169,=38325
="950161",科创新药,2024-08-23,=0.0840,=1311.3048,=0.0676,=160.2751,=0.1224,=113.6689,=-743.8592,=-149.7589,=-91.7360,=1578.9342,=9.8124,=0.7068,=4.9324,=6.7795,=8.9570,=10.3810,=12.9042,=12.7368,=0.5738,=8.4204,=10.2050,=12.3217,=14.1918,=17.6998,=0.0012,=0.3481,=0.0009,=0.0011,=0.0014,=0.0018,=0.0023,=0.0059,=0.0403,=-0.0091,=44
="000969",300非周,2010-05-28,=0.0119,=5680.2086,=0.0667,=26.7230,=0.8030,=15.9839,=20.6623,=22.6671,=26.5860,=38.7203,=2.8956,=0.6329,=2.0789,=2.5003,=2.7895,=3.1883,=4.9189,=1.5656,=0.7944,=0.8921,=1.1570,=1.2935,=1.5780,=2.2463,=0.0196,=0.6922,=0.0089,=0.0140,=0.0170,=0.0211,=0.0277,=0.0251,=0.0964,=0.0261,=87
="HSSCHKY",恒生港股通高股息率指数,2019-11-01,=-0.0012,=2642.8400,=0.0666,=7.7132,=0.9088,=3.8979,=4.9510,=5.9364,=7.2714,=8.4533,=0.6883,=0.8073,=0.4277,=0.5178,=0.5811,=0.6865,=0.8197,=1.2006,=0.8745,=0.5333,=0.6988,=0.8853,=1.1294,=1.3442,=0.0521,=0.0534,=0.0482,=0.0563,=0.0669,=0.0839,=0.1067,,=0.0894,,=504
="H30106",H300金融服务,2013-05-21,=-0.0011,=1612.1586,=0.0654,=7.1554,=0.5677,=4.0175,=5.3653,=6.9954,=7.7687,=11.1922,=0.7530,=0.5304,=0.4470,=0.5779,=0.7403,=0.9081,=1.2489,=2.0071,=0.8716,=0.8557,=1.1817,=1.4773,=1.9066,=2.3593,=0.0442,=0.2707,=0.0288,=0.0433,=0.0472,=0.0664,=0.0918,,=0.1014,,=21
="399370",国证成长,2010-01-04,=0.0149,=5395.8600,=0.0653,=24.8098,=0.7544,=14.0104,=18.9925,=21.7269,=25.9317,=39.9195,=4.0992,=0.7985,=1.9695,=2.5703,=2.9894,=4.1015,=6.0628,=2.3393,=0.6180,=1.2188,=1.6926,=2.0778,=2.7794,=3.4917,=0.0151,=0.4363,=0.0080,=0.0118,=0.0158,=0.0227,=0.0304,=0.0375,=0.1344,=0.0327,=117
="H11059",工业有色,2009-07-22,=0.0367,=4241.3258,=0.0652,=19.6416,=0.3611,=10.0577,=14.6203,=27.5610,=53.1505,=131.1130,=3.7081,=0.9524,=1.4392,=1.9989,=2.4188,=3.1974,=4.9901,=1.3948,=0.9623,=0.5048,=0.7396,=0.8627,=1.1528,=1.8706,=0.0169,=0.7075,=0.0035,=0.0056,=0.0104,=0.0205,=0.0285,=0.0664,=0.1735,=0.0401,=138
="930726",CS生医,2015-08-05,=0.0594,=2601.1827,=0.0651,=58.5435,=0.7487,=24.4874,=31.9329,=48.5601,=61.7762,=107.1179,=4.9020,=0.3131,=3.1768,=4.4038,=6.7871,=8.5259,=14.2976,=8.5859,=0.4166,=4.8871,=6.8186,=9.7159,=12.5690,=19.9452,=0.0079,=0.5711,=0.0026,=0.0039,=0.0058,=0.0114,=0.0204,=0.0287,=0.0766,=0.0261,=840
="950580",上证580,2025-06-16,=0.0242,=2085.2197,=0.0633,=56.3621,=0.0893,=50.4504,=61.5321,=67.8962,=71.4750,=79.6458,=2.3566,=0.5357,=1.8567,=2.2207,=2.3466,=2.6251,=2.8840,=1.7799,=0.2536,=1.5076,=1.7324,=1.9019,=1.9858,=2.1496,=0.0097,=0.7036,=0.0076,=0.0085,=0.0094,=0.0100,=0.0116,=0.0127,=0.0354,,=7
="399330",深证100,2006-01-24,=0.0082,=6182.1500,=0.0627,=28.6344,=0.8311,=14.9910,=20.3737,=22.7848,=27.6236,=38.9547,=3.1796,=0.7025,=1.9919,=2.4968,=2.9484,=3.5438,=5.5535,=2.1933,=0.5921,=1.3434,=1.7250,=2.1027,=2.4349,=4.0791,=0.0172,=0.6852,=0.0077,=0.0126,=0.0154,=0.0194,=0.0273,=0.0278,=0.0897,=0.0269,=2334
="399441",生物医药,2015-01-20,=0.0642,=2278.4000,=0.0617,=57.2990,=0.7590,=21.8350,=32.3563,=47.7184,=63.7691,=119.0737,=3.6861,=0.2497,=2.3073,=3.3267,=6.2861,=7.7918,=13.6606,=6.9407,=0.3346,=3.6424,=5.8657,=9.2077,=13.8034,=21.5399,=0.0099,=0.7487,=0.0024,=0.0040,=0.0063,=0.0108,=0.0164,=0.0194,=0.0565,=0.0192,=1685
="399007",深证300,2009-11-04,=0.0133,=6033.1200,=0.0613,=32.6530,=0.9584,=15.3833,=21.4145,=25.0072,=28.9409,=36.7371,=3.0914,=0.7132,=1.8298,=2.3539,=2.8055,=3.2347,=4.4351,=2.1607,=0.6251,=1.2839,=1.6547,=2.0033,=2.3887,=3.3177,=0.0148,=0.5962,=0.0081,=0.0118,=0.0139,=0.0174,=0.0252,=0.0257,=0.0779,=0.0236,=582
="932153",港股通价值策略,2025-04-30,=0.0017,=1114.7611,=0.0609,=9.8670,=0.2843,=8.1696,=9.5526,=10.0850,=10.3699,=10.9237,=0.8179,=0.2077,=0.7012,=0.8177,=0.8759,=0.9000,=0.9365,=0.9920,=0.2716,=0.8168,=0.9621,=1.0267,=1.0624,=1.1126,=0.0434,=0.6741,=0.0397,=0.0413,=0.0427,=0.0449,=0.0538,,=0.0812,,=14
="000009",上证380,2010-11-29,=0.0155,=6986.1900,=0.0604,=30.6179,=0.9048,=11.6192,=14.6240,=18.0512,=25.1664,=39.7002,=2.2831,=0.7676,=1.2909,=1.6341,=1.9527,=2.3592,=2.8508,=1.4573,=0.7787,=0.7850,=0.9356,=1.0818,=1.5028,=1.8994,=0.0154,=0.2093,=0.0086,=0.0152,=0.0183,=0.0251,=0.0358,=0.0195,=0.0662,=0.0205,=864
="930632",CS稀金属,2015-05-12,=0.0331,=2872.2721,=0.0595,=31.2115,=0.3259,=10.0759,=24.6559,=41.5901,=86.5645,=902.9270,=4.0772,=0.6683,=1.7714,=2.4678,=3.4537,=4.3907,=7.1765,=2.9040,=0.7734,=1.0736,=1.5817,=2.0655,=2.9720,=4.1072,=0.0072,=0.4969,=0.0021,=0.0040,=0.0073,=0.0138,=0.0241,=0.0489,=0.1107,=0.0216,=386
="H11140",香港红利,2009-07-23,=0.0009,=3867.6879,=0.0593,=7.3387,=0.7501,=3.0693,=4.4554,=5.9843,=7.7563,=13.9623,=0.6928,=0.5699,=0.3833,=0.5103,=0.6298,=0.8659,=1.1652,=1.1675,=0.6687,=0.5431,=0.7464,=0.9726,=1.3409,=2.1349,=0.0536,=0.1515,=0.0382,=0.0557,=0.0632,=0.0876,=0.1281,,=0.0912,,=49
="930965",HKC医药C,2017-06-23,=0.0551,=3430.9868,=0.0593,=44.2586,=0.5981,=18.1989,=25.7743,=33.4002,=72.0697,=6384.2329,=2.7849,=0.5380,=1.4216,=1.9477,=2.6891,=3.6889,=6.9841,=1.6130,=0.7620,=0.7160,=1.0321,=1.3327,=1.7201,=3.7092,=0.0102,=0.3915,=0.0038,=0.0078,=0.0109,=0.0142,=0.0248,,=0.0645,,=159
="1000007",创业板全指,2010-05-01,=0.0168,=4140.5700,=0.0586,=67.8895,=0.6016,=33.8134,=48.2400,=61.0186,=100.0107,=334.2333,=4.5681,=0.6922,=2.3083,=3.3593,=4.0485,=5.1766,=6.2717,=3.9881,=0.4664,=2.1439,=3.2922,=4.0961,=5.5366,=8.5247,=0.0076,=0.7524,=0.0033,=0.0046,=0.0061,=0.0081,=0.0148,=0.0212,=0.0638,=0.0178,=1931
="399001",深证成指,1995-01-23,=0.0142,=14311.0100,=0.0581,=34.3033,=0.9613,=15.9054,=22.8547,=26.5174,=30.7171,=38.7817,=2.9743,=0.6448,=1.7472,=2.2797,=2.7215,=3.2357,=4.0402,=2.1079,=0.6304,=1.2229,=1.6063,=1.9126,=2.3770,=2.9683,=0.0144,=0.5913,=0.0084,=0.0109,=0.0136,=0.0166,=0.0245,=0.0249,=0.0747,=0.0225,=3731
="000092",资源50,2011-05-10,=0.0246,=5163.6300,=0.0577,=16.1081,=0.6263,=7.9483,=11.3499,=14.8900,=22.3528,=52.0101,=1.8987,=0.9683,=0.9579,=1.2635,=1.4004,=1.5440,=2.3324,=1.0474,=0.9662,=0.4148,=0.5541,=0.6760,=0.7956,=1.2646,=0.0295,=0.2612,=0.0094,=0.0285,=0.0354,=0.0449,=0.0578,=0.0363,=0.1132,=0.0314,=36
="000037",上证医药,2009-01-09,=0.0486,=6694.6900,=0.0568,=33.8465,=0.4499,=21.0843,=31.3993,=34.5255,=41.6974,=61.3894,=3.7501,=0.4413,=2.7278,=3.3338,=3.8558,=4.6066,=7.3155,=2.6462,=0.7594,=1.5724,=2.0207,=2.3514,=2.8505,=4.1395,=0.0113,=0.7272,=0.0048,=0.0075,=0.0099,=0.0117,=0.0146,=0.0281,=0.1036,=0.0282,=2073
="399376",小盘成长,2010-01-04,=0.0182,=6706.6900,=0.0559,=31.0374,=0.7305,=14.4007,=20.2318,=25.6057,=32.4281,=60.1410,=3.3742,=0.8850,=1.6246,=2.0607,=2.3698,=3.1496,=3.9813,=1.9502,=0.8014,=0.7224,=1.0640,=1.2047,=1.9468,=3.3768,=0.0133,=0.5249,=0.0062,=0.0107,=0.0131,=0.0171,=0.0246,=0.0271,=0.1002,=0.0195,=287
="931524",SHS科技龙头,2020-07-16,=0.0158,=2835.7785,=0.0550,=30.6713,=0.7676,=18.9033,=23.5092,=26.7793,=35.2605,=59.9125,=3.9737,=0.6828,=2.7731,=3.2924,=3.6826,=5.1346,=9.0190,=3.0248,=0.6906,=1.6886,=2.2595,=2.5624,=4.2218,=7.2475,=0.0080,=0.3727,=0.0027,=0.0048,=0.0086,=0.0100,=0.0124,,=0.1133,,=227
="000907",中证700,2007-01-15,=0.0185,=6823.4994,=0.0541,=27.6288,=0.9559,=13.5964,=17.1394,=19.5540,=24.0589,=30.1680,=2.0956,=0.6930,=1.3201,=1.5883,=1.8281,=2.1993,=2.4753,=1.4879,=0.6646,=0.9663,=1.1767,=1.3274,=1.5915,=1.9854,=0.0176,=0.5175,=0.0115,=0.0139,=0.0175,=0.0227,=0.0321,=0.0223,=0.0692,=0.0213,=266
="HSMCHYI",恒生中国内地企业高股息率指数,2019-09-01,=-0.0013,=2931.4300,=0.0534,=7.3208,=0.8864,=3.7550,=5.0528,=5.8494,=6.8612,=7.9027,=0.7343,=0.7840,=0.4590,=0.5795,=0.6420,=0.7402,=0.8175,=1.1139,=0.9005,=0.5101,=0.6887,=0.8017,=0.9259,=1.2126,=0.0511,=0.0796,=0.0478,=0.0536,=0.0620,=0.0791,=0.1052,,=0.0995,,=284
="000015",红利指数,2005-01-04,=-0.0008,=3197.7100,=0.0527,=8.5620,=0.9023,=4.6646,=5.5108,=7.0887,=8.1020,=10.4439,=0.8227,=0.6003,=0.5525,=0.6398,=0.7654,=1.0179,=1.3875,=1.4414,=0.9007,=0.7277,=0.8913,=1.1449,=1.3499,=1.6890,=0.0416,=0.1644,=0.0330,=0.0427,=0.0514,=0.0644,=0.0757,=0.0233,=0.0885,=0.0212,=14254
="000961",中证上游,2010-04-16,=0.0257,=5328.1367,=0.0523,=16.7024,=0.5904,=8.3063,=11.4863,=15.6492,=23.2301,=72.6914,=1.9239,=0.9629,=0.9003,=1.1960,=1.3690,=1.5353,=2.4036,=1.0572,=0.9604,=0.3813,=0.5134,=0.6295,=0.7854,=1.2905,=0.0286,=0.2208,=0.0092,=0.0282,=0.0343,=0.0447,=0.0576,=0.0373,=0.1119,=0.0305,=47
="399624",中创400,2011-08-15,=0.0213,=2704.0600,=0.0518,=49.0435,=0.8117,=22.4097,=32.9060,=40.4883,=48.2208,=82.4491,=3.0938,=0.6098,=1.6720,=2.4135,=2.8470,=3.4011,=5.1193,=2.4873,=0.6737,=1.2865,=1.8978,=2.2295,=2.6919,=4.4480,=0.0098,=0.5282,=0.0036,=0.0073,=0.0095,=0.0111,=0.0184,=0.0199,=0.0651,=0.0174,=228
="932596",港股通红利低波,2016-02-04,,,=0.0510,=7.9971,=0.4583,=7.1792,=7.7753,=8.0231,=8.2718,=8.5745,=0.7255,=0.4954,=0.6528,=0.6944,=0.7258,=0.7566,=0.7956,=1.3566,=0.7407,=1.2161,=1.2815,=1.3269,=1.3645,=1.4305,=0.0499,=0.2824,=0.0473,=0.0493,=0.0525,=0.0548,=0.0579,,=0.0894,,=98
="399375",中盘价值,2010-01-04,=0.0126,=6227.3800,=0.0495,=16.3881,=0.7903,=9.0528,=10.9370,=12.3151,=16.5837,=33.1718,=1.5365,=0.8006,=1.0236,=1.1932,=1.3323,=1.5359,=1.9880,=1.2699,=0.9901,=0.5167,=0.6432,=0.7492,=0.9808,=1.3254,=0.0276,=0.3350,=0.0137,=0.0240,=0.0309,=0.0368,=0.0505,=0.0258,=0.0785,=0.0211,=187
="000944",内地资源,2009-10-28,=0.0274,=5561.4187,=0.0479,=16.8967,=0.6096,=8.0950,=11.4517,=15.5527,=22.9286,=66.3491,=1.9318,=0.9646,=0.8945,=1.1841,=1.3583,=1.5256,=2.3924,=1.0609,=0.9621,=0.3754,=0.5051,=0.6228,=0.7782,=1.2835,=0.0284,=0.1932,=0.0090,=0.0285,=0.0348,=0.0457,=0.0579,=0.0374,=0.1109,=0.0304,=8
="HSSCHYS",恒生港股通红利优选指数,2023-06-01,=-0.0029,=4865.5600,=0.0476,=7.8111,=0.7908,=4.2457,=4.7536,=5.8393,=7.8810,=9.0746,=0.7313,=0.7513,=0.4429,=0.5014,=0.5882,=0.7380,=0.8283,=1.1970,=0.9758,=0.6036,=0.6781,=0.8838,=1.0520,=1.2508,=0.0594,=0.1620,=0.0497,=0.0607,=0.0715,=0.0878,=0.0947,,=0.0899,,=87
="399316",巨潮小盘,2005-02-03,=0.0170,=6288.4400,=0.0458,=38.5424,=0.8121,=17.4883,=24.6121,=29.2730,=37.9202,=56.3264,=2.2129,=0.7186,=1.3049,=1.7086,=1.9649,=2.4212,=3.1993,=1.3898,=0.6704,=0.7478,=1.0120,=1.2298,=1.6239,=2.5524,=0.0141,=0.6271,=0.0061,=0.0103,=0.0128,=0.0162,=0.0214,=0.0167,=0.0444,=0.0142,=22
="931025",港股通地产,2017-11-06,,,=0.0457,=-52.1393,=0.7297,=1.3998,=5.4919,=8.3414,=-3.1412,=7833.8201,=0.4692,=0.4505,=0.0757,=0.2143,=0.4918,=0.8751,=1.4256,=0.8705,=0.7910,=0.0508,=0.1438,=0.5467,=0.8776,=1.5776,=0.0382,=0.3840,=0,=0.0290,=0.0425,=0.0690,=0.2175,,=-0.0074,,=13
="930846",300SNLV,2016-06-24,,,=0.0449,=10.7855,=0.8101,=7.7900,=9.2103,=10.1303,=10.7658,=12.6275,=1.0346,=0.2007,=0.8340,=1.0344,=1.0911,=1.2193,=1.5027,=1.2807,=0.7017,=0.7711,=0.9528,=1.1620,=1.3326,=1.6864,=0.0386,=0.6910,=0.0239,=0.0320,=0.0360,=0.0404,=0.0486,=0.0237,=0.0917,=0.0233,=151
="399974",国企改革,2014-08-07,=0.0118,=1983.5800,=0.0447,=16.3360,=0.7639,=8.5408,=11.0130,=13.4104,=16.7842,=23.5243,=1.4713,=0.5023,=1.0768,=1.3337,=1.4701,=1.8289,=2.8970,=1.1306,=0.6906,=0.6803,=0.8927,=0.9998,=1.2484,=2.2060,=0.0283,=0.4059,=0.0148,=0.0234,=0.0300,=0.0332,=0.0410,=0.0239,=0.0809,=0.0242,=375
="931476",ESG 120策略,2020-04-30,=0.0093,=1455.8980,=0.0442,=11.8914,=0.8263,=7.8289,=9.6402,=10.6309,=11.8155,=13.2171,=1.3468,=0.7441,=1.0061,=1.1773,=1.2570,=1.3645,=1.7130,=1.6006,=0.9803,=0.7906,=1.0602,=1.1575,=1.3744,=1.6292,=0.0326,=0.3546,=0.0251,=0.0296,=0.0353,=0.0387,=0.0488,=0.0265,=0.1050,=0.0271,=52
="931892",有色矿业,2013-07-15,=0.0358,=4133.3366,=0.0421,=20.9965,=0.3222,=13.1272,=18.5704,=30.9051,=56.0214,=131.9594,=3.8458,=0.9576,=1.7020,=2.1368,=2.5443,=3.1905,=5.3430,=1.4528,=0.9526,=0.6092,=0.7896,=0.9203,=1.2366,=2.0391,=0.0141,=0.7186,=0.0026,=0.0056,=0.0093,=0.0169,=0.0229,=0.0653,=0.1630,=0.0363,=191
="HSCSOE",恒生中国央企指数,2023-01-01,=0.0015,=3745.1000,=0.0418,=7.9144,=0.8324,=4.9972,=5.5727,=6.2430,=7.7676,=8.5526,=0.7590,=0.7950,=0.5264,=0.5942,=0.6372,=0.7594,=0.8375,=0.9406,=0.8539,=0.5404,=0.5958,=0.6745,=0.9003,=1.0234,=0.0483,=0.0759,=0.0450,=0.0517,=0.0684,=0.0773,=0.0871,,=0.0956,,=118
="000913",300医药,2007-07-02,=0.0462,=8540.9000,=0.0403,=33.0936,=0.4751,=22.1588,=28.7651,=33.3877,=39.5137,=73.4129,=3.5711,=0.2007,=2.7345,=3.5704,=4.7809,=6.0065,=9.5028,=2.9481,=0.2452,=2.2757,=2.8917,=3.3356,=5.3282,=7.4989,=0.0156,=0.8146,=0.0040,=0.0072,=0.0090,=0.0154,=0.0221,=0.0300,=0.0967,=0.0342,=3404
="930782",500SNLV,2016-02-04,=0.0040,=19548.5993,=0.0402,=20.5421,=0.5525,=13.0617,=17.6555,=20.0428,=23.9150,=33.4651,=1.6870,=0.7433,=1.0996,=1.3464,=1.4745,=1.8050,=2.6374,=1.2928,=0.7561,=0.5914,=0.8056,=0.8892,=1.3934,=2.0883,=0.0232,=0.8410,=0.0090,=0.0136,=0.0202,=0.0228,=0.0271,=0.0229,=0.0820,=0.0170,=1375
="930914",港股通高股息,2016-11-25,=-0.0009,=5116.1826,=0.0400,=8.0510,=0.8284,=3.4280,=4.4324,=5.9660,=7.8405,=11.1979,=0.7607,=0.7020,=0.3979,=0.5036,=0.6240,=0.8511,=1.1764,=1.2509,=0.7932,=0.5144,=0.7086,=0.9251,=1.2595,=2.2126,=0.0509,=0.1097,=0.0387,=0.0548,=0.0657,=0.0864,=0.1194,,=0.0918,,=748
="399372",大盘成长,2010-01-04,=0.0123,=5480.5600,=0.0397,=22.3684,=0.6947,=14.2162,=17.3355,=20.4274,=25.3722,=45.9159,=4.3071,=0.7445,=1.9139,=2.5118,=3.0578,=5.3725,=9.5601,=2.3510,=0.3762,=1.2183,=1.8035,=2.6064,=3.4508,=6.6651,=0.0164,=0.4425,=0.0069,=0.0115,=0.0171,=0.0232,=0.0308,=0.0399,=0.1447,=0.0379,=317
="000904",中证200,2007-01-15,=0.0177,=5868.0858,=0.0386,=22.5471,=0.9452,=11.9474,=14.9318,=16.7946,=19.4084,=25.2311,=1.8205,=0.5632,=1.2748,=1.5010,=1.7443,=2.0647,=2.3407,=1.3136,=0.2476,=1.0540,=1.2902,=1.4206,=1.6943,=2.1135,=0.0221,=0.5991,=0.0136,=0.0162,=0.0205,=0.0259,=0.0372,=0.0231,=0.0739,=0.0238,=721
="000857",500医药,2013-11-06,=0.0494,=10651.9600,=0.0386,=33.8017,=0.6704,=16.5096,=22.8937,=29.9356,=37.4359,=66.9361,=3.1131,=0.6316,=1.9620,=2.4653,=2.8383,=3.4960,=5.0991,=2.8594,=0.8397,=1.3156,=1.7598,=2.1314,=2.7564,=4.5555,=0.0151,=0.6799,=0.0055,=0.0091,=0.0132,=0.0172,=0.0234,=0.0260,=0.0879,=0.0247,=735
="H30199",电力指数,2013-07-15,=-0.0027,=2931.1316,=0.0386,=17.9648,=0.3770,=14.1448,=16.9117,=18.9680,=25.0122,=78.5133,=1.7461,=0.5678,=1.2472,=1.5161,=1.7173,=1.8429,=2.0960,=1.8187,=0.8187,=1.1507,=1.4427,=1.5881,=1.7844,=2.2389,=0.0276,=0.6671,=0.0166,=0.0223,=0.0267,=0.0284,=0.0333,=0.0213,=0.0878,=0.0244,=747
="H30463",沪港深500医药,2014-11-28,=0.0498,=8051.3626,=0.0368,=36.6857,=0.5687,=23.3470,=31.0222,=35.5200,=42.6572,=94.1690,=3.7988,=0.2934,=2.7545,=3.5141,=4.4232,=5.5958,=10.0878,=3.6559,=0.6552,=1.9470,=2.8257,=3.2978,=4.0797,=9.3489,=0.0119,=0.7670,=0.0038,=0.0069,=0.0088,=0.0124,=0.0194,,=0.0979,,=38
="931897",绿色电力,2012-12-21,=-0.0032,=1121.8004,=0.0361,=17.9213,=0.4265,=12.4356,=16.2522,=18.6109,=23.5753,=3316.8719,=1.7666,=0.7495,=1.0802,=1.3464,=1.6511,=1.7879,=2.0565,=1.8691,=0.8591,=0.8910,=1.1301,=1.2734,=1.7270,=2.6891,=0.0274,=0.8261,=0.0111,=0.0186,=0.0233,=0.0271,=0.0335,=0.0214,=0.0880,=0.0237,=176
="000982",500等权,2011-06-13,=0.0123,=9351.6900,=0.0360,=37.3283,=0.9011,=15.7028,=21.2829,=25.5754,=33.3023,=49.4567,=2.5378,=0.8340,=1.3824,=1.7163,=1.9217,=2.4416,=3.0628,=1.7565,=0.8583,=0.8118,=1.0305,=1.1726,=1.6099,=2.2566,=0.0125,=0.2748,=0.0064,=0.0118,=0.0143,=0.0184,=0.0237,=0.0210,=0.0620,=0.0169,=32
="930716",CS物流,2015-07-31,=-0.0018,=1215.7077,=0.0353,=17.0280,=0.4260,=6.6312,=13.0083,=18.3120,=33.7040,=505.8138,=1.2760,=0.1446,=1.1511,=1.2970,=1.9652,=2.5623,=3.8580,=0.4812,=0.6378,=0.2137,=0.3289,=0.4559,=0.6890,=1.0555,=0.0321,=0.6992,=0.0055,=0.0091,=0.0124,=0.0374,=0.0692,=0.0197,=0.0542,=0.0209,=243
="000510",中证A500,2024-09-23,=0.0136,=5831.3600,=0.0334,=17.4380,=0.8322,=12.2476,=14.4930,=16.3133,=17.3877,=18.3286,=1.7161,=0.7925,=1.2883,=1.4958,=1.6482,=1.7170,=1.7791,=1.5043,=0.7815,=1.0081,=1.2191,=1.4039,=1.5095,=1.5740,=0.0238,=0.1192,=0.0227,=0.0246,=0.0263,=0.0322,=0.0380,=0.0241,=0.0887,=0.0240,=2485
="931140",医药50,2019-03-20,=0.0450,=10616.0995,=0.0326,=27.6312,=0.4235,=20.8651,=25.5253,=28.6861,=42.6776,=67.0844,=4.2652,=0.2266,=3.0998,=4.2155,=4.9535,=7.3907,=10.9696,=4.9780,=0.4548,=3.4950,=4.6136,=5.1364,=7.1092,=12.1248,=0.0153,=0.6842,=0.0046,=0.0077,=0.0108,=0.0174,=0.0237,=0.0393,=0.1515,=0.0402,=1208
="399008",中小300,2010-03-22,=0.0166,=1707.8200,=0.0321,=31.2649,=0.5818,=17.8364,=25.4661,=30.3950,=35.1195,=44.1478,=2.8851,=0.4215,=1.7846,=2.4620,=2.9711,=3.7837,=4.6328,=1.9428,=0.3943,=1.1664,=1.6529,=2.0568,=2.7878,=3.7893,=0.0130,=0.6790,=0.0063,=0.0085,=0.0115,=0.0151,=0.0216,=0.0232,=0.0868,=0.0228,=506
="932438",科创创业机器人,2025-05-16,,,=0.0320,=99.8652,=0.8867,=67.6486,=77.5593,=84.5680,=94.6636,=120.6496,=5.5586,=0.4233,=4.8391,=5.2630,=5.6571,=6.1893,=6.8835,=5.8972,=0.3600,=5.1403,=5.7289,=6.0571,=6.6182,=7.4199,=0.0036,=0.2867,=0.0030,=0.0035,=0.0039,=0.0044,=0.0049,=0.0153,=0.0666,,=68
="399993",CSWD生科,2015-05-08,=0.0688,=2686.7700,=0.0309,=88.4882,=0.9642,=31.0960,=44.1993,=56.6752,=74.1892,=122.8633,=4.0078,=0.3041,=2.5928,=3.6121,=6.0171,=7.5854,=15.2283,=7.8681,=0.3972,=4.8204,=6.7135,=9.0063,=14.1511,=21.1379,=0.0089,=0.6761,=0.0023,=0.0039,=0.0063,=0.0104,=0.0144,=0.0163,=0.0356,=0.0147,=66
="399395",国证有色,2012-10-29,=0.0334,=9955.5700,=0.0294,=21.0073,=0.3445,=12.7731,=17.8511,=28.0485,=55.0448,=315.7327,=3.6157,=0.9526,=1.7304,=2.0833,=2.5074,=3.0919,=4.8522,=1.4418,=0.9650,=0.6150,=0.7945,=0.9087,=1.1730,=1.9521,=0.0151,=0.7235,=0.0031,=0.0056,=0.0102,=0.0178,=0.0242,=0.0618,=0.1543,=0.0354,=664
="399438",绿色电力,2014-12-30,=-0.0032,=2048.7000,=0.0288,=19.5974,=0.5785,=13.5016,=16.7851,=19.0898,=22.0380,=41.2289,=1.8670,=0.6613,=1.2516,=1.5034,=1.8006,=1.9344,=2.3077,=2.1708,=0.9304,=1.1906,=1.4256,=1.8240,=2.0505,=3.6995,=0.0260,=0.4211,=0.0163,=0.0221,=0.0267,=0.0294,=0.0348,=0.0222,=0.0881,=0.0248,=215
="000906",中证800,2007-01-15,=0.0120,=5256.3600,=0.0288,=16.6403,=0.9254,=10.7808,=12.9023,=14.0921,=15.9802,=18.9686,=1.6228,=0.6123,=1.1816,=1.3959,=1.5518,=1.7186,=1.9628,=1.6011,=0.9551,=1.0117,=1.1472,=1.2953,=1.4874,=1.6796,=0.0240,=0.4289,=0.0180,=0.0211,=0.0248,=0.0289,=0.0389,=0.0241,=0.0890,=0.0237,=2693
="000046",上证中小,2009-07-03,=0.0128,=5274.4400,=0.0284,=17.1280,=0.6745,=10.5504,=12.1058,=15.2242,=18.1127,=22.4992,=1.4941,=0.5311,=1.0626,=1.2077,=1.4775,=1.7660,=2.0905,=1.3623,=0.7726,=0.8596,=1.0256,=1.1230,=1.3942,=1.6429,=0.0235,=0.5855,=0.0151,=0.0187,=0.0225,=0.0299,=0.0371,=0.0219,=0.0784,=0.0213,=346
="931052",国信价值,2017-12-08,=0.0009,=3549.0674,=0.0283,=9.7961,=0.8915,=5.3831,=6.6032,=7.4607,=8.8896,=11.0091,=1.2781,=0.8572,=0.7343,=0.9131,=1.0343,=1.1800,=1.5208,=1.7424,=0.9338,=0.6105,=0.9473,=1.2381,=1.4731,=2.0196,=0.0420,=0.3727,=0.0262,=0.0384,=0.0440,=0.0531,=0.0692,=0.0310,=0.1267,=0.0326,=589
="000991",全指医药,2011-08-02,=0.0472,=8957.3800,=0.0274,=33.8255,=0.4891,=23.5983,=29.4135,=34.0165,=39.6791,=73.5923,=3.2066,=0.2250,=2.5957,=3.1737,=3.7617,=4.6372,=6.5650,=2.9818,=0.4878,=2.0200,=2.6563,=2.9984,=3.7127,=5.9103,=0.0150,=0.8220,=0.0055,=0.0072,=0.0096,=0.0147,=0.0212,=0.0278,=0.0907,=0.0276,=7973
="000987",全指材料,2011-08-02,=0.0263,=5147.8700,=0.0274,=24.4418,=0.6654,=11.8534,=16.4330,=21.1336,=27.6970,=1313.4345,=2.6000,=0.8855,=1.3547,=1.6741,=2.0388,=2.5042,=3.3213,=1.2931,=0.7544,=0.6546,=0.8399,=1.0193,=1.3390,=1.7398,=0.0151,=0.4021,=0.0046,=0.0119,=0.0172,=0.0209,=0.0269,=0.0340,=0.0892,=0.0206,=390
="000808",医药生物,2012-02-17,=0.0470,=8513.4121,=0.0273,=35.8935,=0.6251,=23.4705,=28.3997,=34.5770,=37.8852,=66.3352,=3.3052,=0.2320,=2.6521,=3.2445,=4.1468,=4.9177,=7.9299,=3.0478,=0.4569,=2.0659,=2.6650,=3.0961,=3.5475,=6.2098,=0.0142,=0.7771,=0.0050,=0.0071,=0.0095,=0.0146,=0.0209,=0.0273,=0.0877,=0.0275,=1421
="HSCCI",恒生香港中资企业指数,1997-06-16,=-0.0003,=4121.0100,=0.0263,=8.7510,=0.4982,=4.8859,=6.8732,=8.7718,=11.5004,=16.1208,=0.8282,=0.4198,=0.5567,=0.7305,=0.8621,=1.1554,=1.3660,=0.9415,=0.4271,=0.5555,=0.7807,=0.9808,=1.3494,=1.5178,=0.0572,=0.6184,=0.0276,=0.0362,=0.0533,=0.0663,=0.1028,,=0.0951,,=35
="000028",180成长,2009-01-09,=0.0241,=4014.5100,=0.0259,=14.7118,=0.5039,=9.5268,=12.2571,=14.6390,=18.2344,=25.1474,=2.1441,=0.3370,=1.5063,=1.8562,=2.6889,=3.1694,=5.1089,=2.6575,=0.9946,=1.1581,=1.4629,=1.6314,=1.8875,=2.7082,=0.0230,=0.5600,=0.0090,=0.0178,=0.0225,=0.0253,=0.0375,=0.0333,=0.1358,=0.0227,=193
="930851",云计算,2016-07-20,=-0.0034,=6649.6500,=0.0257,=75.8335,=0.5883,=37.0632,=53.1009,=68.2294,=96.2800,=313.0672,=8.2914,=0.9727,=2.7148,=3.6074,=4.3151,=5.4616,=9.9453,=5.3649,=0.9706,=1.6839,=2.4307,=3.1304,=3.7858,=6.4649,=0.0027,=0.0661,=0.0021,=0.0031,=0.0037,=0.0050,=0.0080,=0.0301,=0.0896,=0.0112,=474
="399311",国证1000,2005-02-03,=0.0133,=5083.3000,=0.0253,=17.4329,=0.9126,=11.0854,=13.3222,=14.6230,=16.8187,=19.8966,=1.6663,=0.6119,=1.1918,=1.4217,=1.5928,=1.7986,=2.0383,=1.6142,=0.9588,=1.0112,=1.1700,=1.3063,=1.5300,=1.7074,=0.0231,=0.4289,=0.0172,=0.0199,=0.0239,=0.0282,=0.0380,=0.0236,=0.0857,=0.0233,=142
="000979",大宗商品,2011-08-22,=0.0155,=6952.9806,=0.0248,=17.6789,=0.5946,=9.9333,=12.8903,=16.3488,=22.5757,=55.6298,=1.9040,=0.9621,=1.1381,=1.3703,=1.4893,=1.6343,=2.3336,=1.0342,=0.9650,=0.4909,=0.5833,=0.6999,=0.8349,=1.2291,=0.0272,=0.3230,=0.0088,=0.0253,=0.0307,=0.0396,=0.0489,=0.0335,=0.1029,=0.0285,=709
="000860",结构调整,2018-03-26,=0.0113,=1253.6300,=0.0240,=15.9363,=0.7489,=9.5233,=12.4744,=13.9907,=16.3133,=20.6443,=1.4794,=0.8789,=1.1018,=1.2886,=1.3723,=1.4561,=1.6430,=0.9211,=0.9783,=0.4658,=0.5885,=0.6784,=0.7944,=0.9608,=0.0318,=0.5052,=0.0220,=0.0262,=0.0315,=0.0369,=0.0499,=0.0222,=0.0831,=0.0231,=149
="000819",有色金属,2012-05-09,=0.0342,=9566.5100,=0.0240,=21.0603,=0.3568,=12.4710,=17.7448,=27.9470,=53.7021,=198.7499,=3.7625,=0.9444,=1.7791,=2.1409,=2.6249,=3.2682,=4.9698,=1.4781,=0.9559,=0.6317,=0.8246,=0.9662,=1.2830,=1.9863,=0.0153,=0.7186,=0.0033,=0.0059,=0.0107,=0.0185,=0.0249,=0.0625,=0.1569,=0.0361,=2021
="980081",价值100,2012-12-28,,,=0.0239,=10.0072,=0.7714,=7.7317,=8.3685,=8.9428,=10.0809,=11.5920,=1.0910,=0.7211,=0.8413,=0.8862,=1.0175,=1.1200,=1.3448,=1.1938,=0.9573,=0.7580,=0.8101,=0.9630,=1.1226,=1.2392,=0.0477,=0.4196,=0.0420,=0.0452,=0.0492,=0.0547,=0.0599,=0.0275,=0.0995,=0.0251,=490
="930743",中证生科,2015-08-26,=0.0605,=3370.1012,=0.0235,=59.0428,=0.7882,=24.0733,=39.5208,=50.0969,=59.8284,=100.3520,=4.1314,=0.2732,=2.9526,=3.8413,=6.1289,=8.0612,=14.6705,=7.1264,=0.3704,=4.7455,=6.2659,=8.4960,=12.4261,=18.8359,=0.0084,=0.6205,=0.0025,=0.0045,=0.0060,=0.0106,=0.0169,=0.0226,=0.0618,=0.0204,=1227
="399394",国证医药,2012-10-29,=0.0488,=8685.6400,=0.0234,=35.8983,=0.6082,=22.8656,=29.2541,=34.0511,=39.1524,=65.8576,=3.4744,=0.2233,=2.7032,=3.3926,=4.4623,=5.3960,=8.6075,=3.0832,=0.4685,=1.9890,=2.7092,=3.1304,=4.6203,=6.5385,=0.0143,=0.7965,=0.0047,=0.0072,=0.0093,=0.0143,=0.0225,=0.0285,=0.0916,=0.0308,=1067
="000903",中证A100,2006-05-29,=0.0092,=4587.5000,=0.0225,=17.9126,=0.9786,=9.4390,=11.2337,=12.5985,=14.5137,=18.7565,=1.9438,=0.9946,=1.1800,=1.3844,=1.5229,=1.6796,=1.9716,=1.6701,=0.9930,=0.9660,=1.1007,=1.2197,=1.3821,=1.7127,=0.0259,=0.1380,=0.0221,=0.0265,=0.0292,=0.0329,=0.0397,=0.0253,=0.0942,=0.0251,=3089
="931381",中证长三角,2019-11-25,=0.0038,=2068.1914,=0.0218,=14.2889,=0.8689,=9.1117,=10.6785,=12.0548,=14.0211,=16.1441,=1.4271,=0.6769,=0.9630,=1.1530,=1.3147,=1.5485,=1.8124,=1.7192,=0.8769,=0.8724,=1.0736,=1.2574,=1.5748,=1.9541,=0.0258,=0.2437,=0.0209,=0.0254,=0.0283,=0.0322,=0.0422,=0.0256,=0.0961,=0.0259,=10
="931268",持续发展,2019-11-15,=0.0066,=2260.6715,=0.0217,=16.1716,=0.7105,=14.1354,=15.0776,=15.7015,=16.2539,=17.1877,=2.1894,=0.6579,=1.7338,=1.8353,=2.1364,=2.2444,=2.3440,=1.9905,=0.9474,=1.5998,=1.7248,=1.7966,=1.8327,=2.0502,=0.0279,=0.0625,=0.0268,=0.0289,=0.0306,=0.0316,=0.0326,=0.0313,=0.1256,=0.0323,=21
="H11146",港股通内地金融,2010-06-02,=-0.0066,=1123.8779,=0.0212,=6.0627,=0.5061,=3.2759,=4.5181,=6.0393,=6.7473,=9.2347,=0.6156,=0.4084,=0.3797,=0.4941,=0.6609,=0.8760,=1.1859,=1.5704,=0.7646,=0.6692,=0.9479,=1.3189,=1.6002,=2.1885,=0.0475,=0.4068,=0.0302,=0.0445,=0.0500,=0.0726,=0.0994,,=0.0970,,=44
="000150",380红利,2012-07-20,=-0.0078,=11800.6100,=0.0210,=14.7997,=0.7462,=5.2545,=8.5513,=12.0935,=16.0890,=19.8070,=1.0462,=0.3127,=0.6172,=0.8678,=1.3464,=1.6458,=2.2575,=0.4868,=0.4615,=0.2775,=0.3623,=0.5336,=1.5126,=2.3204,=0.0449,=0.5060,=0.0247,=0.0349,=0.0446,=0.0581,=0.0734,=0.0206,=0.0377,=0.0185,=43
="000933",中证医药,2009-07-03,=0.0448,=8256.8900,=0.0205,=33.4296,=0.6131,=22.6651,=27.9022,=32.2706,=36.6604,=63.0472,=3.3357,=0.2695,=2.5059,=3.1762,=3.9748,=4.6268,=7.0232,=2.9049,=0.4252,=1.9281,=2.5100,=3.0005,=3.5297,=5.1631,=0.0154,=0.7977,=0.0055,=0.0078,=0.0097,=0.0154,=0.0226,=0.0282,=0.0926,=0.0299,=7192
="H11057",石化产业,2009-07-22,=0.0118,=1393.6326,=0.0203,=15.2574,=0.6428,=9.0713,=11.9980,=13.9668,=19.2869,=46.6548,=1.5600,=0.9352,=0.9085,=1.1919,=1.3435,=1.4449,=1.9948,=0.8230,=0.9185,=0.4002,=0.4805,=0.6123,=0.7549,=1.0264,=0.0308,=0.2324,=0.0099,=0.0304,=0.0364,=0.0407,=0.0471,=0.0331,=0.0946,=0.0281,=71
="931238",SSH黄金股票,2017-10-17,=0.0301,=3314.5559,=0.0194,=18.0223,=0.1739,=13.5435,=18.3518,=23.3817,=35.6218,=92.1543,=3.7274,=0.9445,=1.4294,=1.8176,=2.0205,=2.3726,=6.0579,=1.1863,=0.9454,=0.3659,=0.4659,=0.5532,=0.6715,=1.9529,=0.0206,=0.7826,=0.0052,=0.0085,=0.0127,=0.0209,=0.0325,,=0.1869,,=347
="HSHCI",恒生医疗保健指数,2015-08-17,=0.0519,=3730.3700,=0.0188,=32.7350,=0.4848,=15.9973,=23.3267,=33.3531,=116.7583,=143059.6617,=2.8808,=0.5981,=1.4805,=2.2601,=2.6564,=3.4857,=7.0432,=1.8025,=0.7803,=0.8149,=1.0300,=1.3122,=1.8603,=3.5391,=0.0113,=0.4945,=0.0038,=0.0082,=0.0114,=0.0148,=0.0248,,=0.0975,,=1743
="399310",国证A50,2005-09-05,=0.0064,=8164.4700,=0.0184,=17.1941,=0.8537,=8.8433,=10.5806,=13.5945,=16.5652,=22.6576,=2.0576,=0.8142,=1.1237,=1.3108,=1.6760,=2.0410,=2.9417,=1.5304,=0.8216,=0.9633,=1.1379,=1.2460,=1.5131,=2.2769,=0.0242,=0.2138,=0.0160,=0.0240,=0.0294,=0.0317,=0.0370,=0.0272,=0.1076,=0.0263,=291
="931168",绿色价值100,2019-06-27,,,=0.0173,=12.6861,=0.7735,=8.4906,=9.9901,=11.3510,=12.8197,=14.6050,=1.3532,=0.6900,=1.0223,=1.1894,=1.2829,=1.4036,=1.6052,=1.5716,=0.9368,=0.9649,=1.1315,=1.2529,=1.3637,=1.6482,=0.0306,=0.3401,=0.0243,=0.0292,=0.0315,=0.0356,=0.0439,=0.0274,=0.1011,=0.0242,=13
="1000003",深圳A股,1994-01-01,=0.0140,=2574.6500,=0.0173,=46.0053,=0.7849,=20.1337,=32.6807,=37.4329,=46.6599,=60.3260,=2.8596,=0.6065,=1.7026,=2.2996,=2.6842,=3.2135,=3.8682,=2.0608,=0.5929,=1.2021,=1.6469,=1.9189,=2.3701,=3.1873,=0.0123,=0.6049,=0.0070,=0.0091,=0.0117,=0.0136,=0.0208,=0.0203,=0.0553,=0.0180,=1832
="931397",A股通50,2020-02-20,,,=0.0166,=14.2319,=0.6125,=8.9450,=10.5947,=12.9807,=21.4312,=29.8209,=1.7822,=0.5315,=1.1048,=1.2792,=1.7522,=3.5676,=4.6955,=2.3644,=0.7291,=1.0496,=1.2881,=1.8904,=2.8612,=3.9597,=0.0277,=0.4818,=0.0113,=0.0157,=0.0280,=0.0367,=0.0493,=0.0296,=0.1069,=0.0278,=10
="931591",1000成长创新,2020-11-09,=0.0172,=33272.7371,=0.0165,=30.5794,=0.3802,=18.0900,=24.5224,=32.1406,=35.7458,=40.6167,=3.4038,=0.4986,=2.0923,=3.0089,=3.4070,=4.3554,=5.3788,=3.2730,=0.5567,=1.8413,=2.7453,=3.1112,=3.8353,=5.2879,=0.0126,=0.6593,=0.0063,=0.0086,=0.0110,=0.0139,=0.0216,=0.0271,=0.1062,=0.0239,=149
="931166",医药健康100,2019-04-25,=0.0471,=4097.7623,=0.0159,=27.1752,=0.5880,=17.5935,=22.4042,=25.9626,=35.7897,=58.5515,=3.7944,=0.4063,=2.7671,=3.3720,=4.1846,=5.8520,=8.5226,=4.8923,=0.8755,=2.1887,=3.0579,=3.7853,=4.5015,=6.8190,=0.0150,=0.6055,=0.0059,=0.0080,=0.0121,=0.0180,=0.0263,=0.0346,=0.1325,=0.0321,=400
="931132",诚通央企红利,2023-05-04,=-0.0005,=1648.5225,=0.0159,=13.6099,=0.8775,=9.0905,=10.6086,=11.9652,=13.0633,=15.2313,=1.3087,=0.8561,=0.9482,=1.0928,=1.1845,=1.2443,=1.5338,=0.7759,=0.8775,=0.3626,=0.4253,=0.5634,=0.6354,=0.8835,=0.0410,=0.2273,=0.0374,=0.0407,=0.0440,=0.0457,=0.0498,=0.0249,=0.0916,=0.0215,=39
="930050",中证A50,2024-01-02,=0.0073,=1815.2067,=0.0155,=17.3064,=0.4729,=13.9812,=16.0023,=17.3854,=18.1101,=19.9330,=2.2049,=0.8025,=1.7817,=1.9701,=2.0929,=2.2036,=2.3759,=1.7253,=0.9857,=1.0165,=1.1287,=1.3687,=1.5743,=1.7441,=0.0280,=0.1083,=0.0260,=0.0287,=0.0297,=0.0308,=0.0348,=0.0291,=0.1115,=0.0275,=1024
="930708",中证有色,2015-07-13,=0.0343,=3129.6997,=0.0148,=20.8314,=0.3300,=13.9228,=18.3787,=29.8087,=57.4445,=410.8504,=3.4738,=0.9168,=1.7134,=2.0956,=2.5633,=3.1574,=4.7639,=1.2643,=0.8834,=0.6123,=0.7796,=0.8963,=1.1941,=1.7984,=0.0148,=0.7281,=0.0032,=0.0056,=0.0100,=0.0168,=0.0233,=0.0592,=0.1479,=0.0346,=529
="000929",中证材料,2009-07-03,=0.0240,=4528.6227,=0.0147,=23.0324,=0.7322,=9.9126,=14.1083,=19.5220,=24.8376,=609.7360,=2.5684,=0.9300,=1.3680,=1.6188,=1.9047,=2.3097,=3.1607,=1.2711,=0.8974,=0.6315,=0.7658,=0.8824,=1.1916,=1.5845,=0.0161,=0.3230,=0.0058,=0.0133,=0.0200,=0.0239,=0.0294,=0.0399,=0.1037,=0.0230,=525
="930931",港股通50,2017-01-16,=0.0022,=3934.0477,=0.0144,=10.3913,=0.6013,=6.5385,=8.7117,=9.8113,=11.3657,=15.8907,=1.0989,=0.5113,=0.7428,=0.9472,=1.0953,=1.1792,=1.6058,=1.9033,=0.7941,=1.1204,=1.4715,=1.7100,=1.9125,=2.6369,=0.0341,=0.3043,=0.0233,=0.0327,=0.0371,=0.0437,=0.0589,,=0.0979,,=295
="000861",央企创新,2019-05-16,=0.0058,=2603.2498,=0.0144,=15.6440,=0.8416,=10.3360,=12.0543,=13.4453,=15.2321,=18.8086,=1.4325,=0.9157,=1.0351,=1.1880,=1.2995,=1.3886,=1.5975,=0.8243,=0.9413,=0.4544,=0.5199,=0.5848,=0.7371,=0.8999,=0.0311,=0.4359,=0.0234,=0.0271,=0.0332,=0.0376,=0.0493,=0.0222,=0.0826,=0.0232,=268
="000300",沪深300,2005-04-08,=0.0093,=4694.4400,=0.0139,=14.4187,=0.8706,=10.0799,=11.6919,=12.6939,=14.1680,=17.6279,=1.4750,=0.5237,=1.1457,=1.3350,=1.4683,=1.6202,=1.9228,=1.5626,=0.9250,=1.0330,=1.1718,=1.3116,=1.4650,=1.7482,=0.0272,=0.4796,=0.0199,=0.0236,=0.0274,=0.0317,=0.0422,=0.0246,=0.0934,=0.0249,=49225
="932039",央企股东回报,2022-11-16,=0.0028,=1608.8236,=0.0139,=12.7181,=0.9063,=8.0198,=9.7146,=11.0249,=12.0288,=13.8005,=1.2363,=0.8928,=0.8847,=1.0125,=1.1122,=1.1784,=1.4098,=0.8000,=0.8995,=0.3642,=0.4264,=0.5316,=0.6819,=0.8821,=0.0415,=0.1546,=0.0383,=0.0420,=0.0448,=0.0473,=0.0553,=0.0235,=0.0905,=0.0215,=135
="000811",细分有色,2012-04-11,=0.0331,=11527.6095,=0.0135,=20.4831,=0.3325,=13.5118,=17.9652,=29.5259,=56.5600,=305.9562,=3.5733,=0.9386,=1.7438,=2.0869,=2.5625,=3.1605,=4.8073,=1.3994,=0.9543,=0.6338,=0.7856,=0.9040,=1.1896,=1.9173,=0.0152,=0.7285,=0.0033,=0.0056,=0.0102,=0.0172,=0.0234,=0.0611,=0.1531,=0.0352,=197
="399989",中证医疗,2014-10-31,=0.0459,=6849.5000,=0.0132,=31.0175,=0.2748,=22.9032,=29.6672,=38.0593,=59.9778,=114.3753,=3.5654,=0.1595,=2.8553,=3.6940,=5.4539,=8.1687,=13.4814,=5.7208,=0.2349,=4.3528,=5.5992,=6.5364,=9.4594,=17.4163,=0.0125,=0.6811,=0.0025,=0.0042,=0.0057,=0.0145,=0.0225,=0.0284,=0.1137,=0.0290,=8555
="000852",中证1000,2014-10-17,=0.0198,=7679.5300,=0.0111,=45.5398,=0.7223,=18.9344,=30.9274,=37.8145,=47.7994,=79.6160,=2.4736,=0.5241,=1.4880,=2.1060,=2.4320,=2.9044,=4.1599,=1.7458,=0.6716,=0.9250,=1.3827,=1.5867,=1.9229,=3.4714,=0.0107,=0.5274,=0.0038,=0.0082,=0.0106,=0.0125,=0.0194,=0.0158,=0.0499,=0.0155,=7470
="930791",CS医药TI,2016-03-22,=0.0479,=9358.9380,=0.0107,=36.7400,=0.5995,=23.2364,=30.0855,=35.4360,=40.5157,=70.7414,=3.0518,=0.2151,=2.4395,=3.0223,=3.8453,=4.5924,=6.6660,=2.7773,=0.3799,=2.0598,=2.5748,=2.9611,=3.5293,=5.1130,=0.0146,=0.8253,=0.0054,=0.0071,=0.0097,=0.0143,=0.0204,=0.0251,=0.0784,=0.0255,=196
="000859",国企一带一路,2019-05-16,=0.0056,=1840.8857,=0.0107,=10.1780,=0.0991,=9.4709,=10.5342,=12.4912,=14.4776,=21.0714,=0.9978,=0.0370,=0.9283,=1.1449,=1.4325,=1.7725,=2.1877,=1.1487,=0.9755,=0.4715,=0.5658,=0.7427,=0.8364,=1.1924,=0.0355,=0.7459,=0.0208,=0.0254,=0.0318,=0.0368,=0.0454,=0.0234,=0.0898,=0.0201,=271
="1000012",中小板全指,2005-12-01,=0.0146,=14694.4800,=0.0102,=39.2228,=0.4368,=22.6352,=35.3655,=41.1512,=47.8786,=73.8161,=2.7734,=0.4775,=1.7125,=2.3729,=2.8044,=3.4358,=4.6213,=1.8486,=0.3848,=1.1448,=1.6386,=1.9720,=2.5556,=3.9110,=0.0120,=0.6683,=0.0054,=0.0082,=0.0108,=0.0134,=0.0200,=0.0209,=0.0671,=0.0194,=567
="399101",中小综指,2005-12-01,=0.0146,=14694.4800,=0.0102,=39.0059,=0.4499,=22.7937,=34.4929,=40.5317,=46.2278,=65.2068,=2.7577,=0.4771,=1.7151,=2.3689,=2.7897,=3.4068,=4.6265,=1.8725,=0.3914,=1.1654,=1.6542,=1.9971,=2.5586,=3.9244,=0.0121,=0.6815,=0.0054,=0.0083,=0.0108,=0.0134,=0.0200,=0.0208,=0.0674,=0.0195,=25
="1000002",A股全指,1994-01-01,=0.0139,=5978.3032,=0.0100,=22.6855,=0.9258,=12.9500,=16.6929,=18.4859,=21.5221,=25.0020,=1.8426,=0.5999,=1.2633,=1.5740,=1.7422,=2.0082,=2.1910,=1.6973,=0.8257,=1.0499,=1.2419,=1.3991,=1.6710,=1.9034,=0.0193,=0.4182,=0.0142,=0.0166,=0.0205,=0.0235,=0.0329,=0.0215,=0.0745,=0.0211,=7963
="000985",中证全指,2011-08-02,=0.0139,=5978.3032,=0.0100,=21.6690,=0.9370,=12.6044,=15.9637,=17.6544,=20.4488,=23.7678,=1.8013,=0.5830,=1.2581,=1.5484,=1.7145,=1.9514,=2.1557,=1.6610,=0.8179,=1.0381,=1.2268,=1.3876,=1.6456,=1.8438,=0.0199,=0.4355,=0.0148,=0.0174,=0.0207,=0.0240,=0.0333,=0.0216,=0.0749,=0.0212,=724
="930903",中证A股,2016-10-18,=0.0139,=4120.4614,=0.0095,=21.7285,=0.9084,=12.9620,=16.2642,=17.8084,=20.6211,=23.9680,=1.8034,=0.6021,=1.2607,=1.5547,=1.7127,=1.9446,=2.2108,=1.6642,=0.8394,=1.0406,=1.2331,=1.3812,=1.6393,=1.9264,=0.0199,=0.4274,=0.0139,=0.0174,=0.0206,=0.0237,=0.0332,=0.0216,=0.0748,=0.0212,=19
="000995",全指公用,2011-08-02,=-0.0045,=2606.9259,=0.0093,=17.5630,=0.3020,=14.4124,=16.7502,=18.9141,=23.9608,=55.0107,=1.7347,=0.5200,=1.2839,=1.5403,=1.7267,=1.8686,=2.1268,=1.7508,=0.7857,=1.2094,=1.4214,=1.5277,=1.7830,=2.4023,=0.0283,=0.8290,=0.0172,=0.0230,=0.0259,=0.0281,=0.0321,=0.0217,=0.0896,=0.0244,=325
="000044",上证中盘,2009-07-03,=0.0076,=4605.3000,=0.0092,=13.0174,=0.5711,=8.6509,=10.4793,=12.5317,=14.6389,=18.7575,=1.2198,=0.4001,=0.9210,=1.0900,=1.2723,=1.6533,=1.9734,=1.2351,=0.4763,=0.9382,=1.1499,=1.2448,=1.4283,=1.7773,=0.0300,=0.6869,=0.0180,=0.0223,=0.0268,=0.0338,=0.0421,=0.0229,=0.0859,=0.0223,=98
="000937",中证公用,2009-07-03,=-0.0048,=2515.3905,=0.0085,=16.9900,=0.2995,=13.4460,=16.5939,=18.6426,=21.1313,=46.5328,=1.7229,=0.3766,=1.3423,=1.6286,=1.7710,=1.9633,=2.2557,=1.6564,=0.6531,=1.2657,=1.4810,=1.5857,=1.7805,=3.2521,=0.0299,=0.8681,=0.0192,=0.0235,=0.0276,=0.0292,=0.0348,=0.0215,=0.0905,=0.0250,=337
="931247",中证信创,2012-12-21,=-0.0019,=1475.9396,=0.0084,=96.1104,=0.1441,=66.5979,=100.5099,=196.9682,=273.5970,=369.3964,=6.4716,=0.8935,=2.7947,=3.5235,=4.7231,=6.0129,=7.8335,=5.1037,=0.8523,=2.8203,=3.4271,=4.1699,=4.9382,=6.1894,=0.0035,=0.1332,=0.0029,=0.0036,=0.0042,=0.0052,=0.0076,=0.0271,=0.0400,=0.0016,=101
="000056",上证国企,2010-01-04,=0.0080,=1257.4200,=0.0081,=10.0485,=0.6090,=7.2538,=8.8792,=9.7363,=10.7955,=13.3187,=1.1235,=0.5138,=0.8518,=1.0314,=1.1195,=1.2145,=1.5455,=1.7605,=0.9938,=0.7909,=0.9986,=1.1167,=1.2439,=1.8201,=0.0369,=0.5645,=0.0242,=0.0312,=0.0350,=0.0430,=0.0568,=0.0264,=0.1060,=0.0271,=203
="000842",800等权,2012-12-21,,,=0.0077,=16.6403,=0.9254,=10.7808,=12.9023,=14.0921,=15.9802,=18.9686,=1.6228,=0.6123,=1.1816,=1.3959,=1.5518,=1.7186,=1.9628,=1.6011,=0.9551,=1.0117,=1.1472,=1.2953,=1.4874,=1.6796,=0.0240,=0.4289,=0.0180,=0.0211,=0.0248,=0.0289,=0.0389,=0.0241,=0.0890,=0.0237,=160
="931167",先进制造100,2019-04-25,=-0.0063,=7799.5329,=0.0075,=16.8840,=0.7957,=10.3762,=13.0282,=14.2833,=16.9480,=20.9116,=2.8209,=0.8551,=1.6383,=2.0290,=2.2630,=2.6094,=3.3727,=1.9731,=0.9270,=0.9031,=1.2356,=1.4414,=1.6701,=2.1795,=0.0307,=0.8778,=0.0136,=0.0208,=0.0256,=0.0292,=0.0362,=0.0404,=0.1483,=0.0310,=343
="000824",国企红利,2012-07-20,=-0.0044,=2135.2136,=0.0067,=8.7771,=0.8739,=4.8847,=5.9406,=7.3386,=8.4884,=10.7823,=0.8511,=0.5472,=0.5610,=0.6880,=0.8236,=1.0592,=1.4469,=1.2663,=0.8039,=0.5370,=0.7016,=0.9867,=1.2605,=1.6834,=0.0431,=0.2752,=0.0328,=0.0418,=0.0481,=0.0583,=0.0694,=0.0232,=0.0892,=0.0226,=959
="930651",CS计算机,2015-06-05,=0.0021,=7804.2509,=0.0065,=47.3430,=0.2859,=33.6687,=44.3408,=56.3198,=66.9709,=115.0591,=4.9726,=0.7351,=2.6283,=3.7942,=4.3725,=5.0940,=6.5144,=3.0324,=0.2901,=2.0877,=2.9079,=3.6000,=4.2758,=5.5248,=0.0099,=0.9052,=0.0028,=0.0059,=0.0070,=0.0090,=0.0156,=0.0244,=0.0892,=0.0073,=662
="932305",智选高股息,2024-09-30,=-0.0050,=11215.1427,=0.0049,=9.3388,=0.7433,=7.0143,=7.5133,=8.3737,=9.4729,=10.9391,=1.0749,=0.6964,=0.8750,=0.9262,=1.0519,=1.0857,=1.1675,=0.5154,=0.0513,=0.4805,=0.7226,=0.7713,=1.2713,=1.3342,=0.0607,=0.3527,=0.0457,=0.0594,=0.0637,=0.0684,=0.0723,=0.0253,=0.1000,=0.0324,=350
="000043",超大盘,2009-04-23,=0.0165,=2623.3600,=0.0026,=11.6912,=0.6419,=7.5271,=9.4626,=10.9299,=13.0007,=17.2195,=1.3630,=0.5299,=0.9803,=1.2132,=1.3555,=1.5050,=1.9858,=2.2546,=0.9872,=0.7033,=0.8668,=1.2604,=1.5281,=2.3305,=0.0315,=0.4170,=0.0191,=0.0241,=0.0326,=0.0406,=0.0547,=0.0268,=0.1053,=0.0277,=164
="931802",中证龙头,2010-02-09,=0.0045,=1848.5026,=0.0024,=13.7570,=0.7536,=9.1945,=11.4170,=12.4194,=14.0025,=18.2393,=2.0662,=0.9596,=1.2921,=1.4731,=1.6706,=1.8954,=2.6625,=2.7995,=0.9934,=0.9048,=1.0831,=1.3611,=2.0116,=2.8954,=0.0280,=0.3890,=0.0165,=0.0261,=0.0292,=0.0352,=0.0446,=0.0324,=0.1325,=0.0308,=96
="H30590",机器人,2015-02-10,=0.0117,=1912.5235,=0.0023,=59.5222,=0.6992,=24.1742,=42.0198,=50.8777,=63.2897,=89.9138,=4.7643,=0.8900,=2.1765,=2.8831,=3.6968,=4.4362,=6.0751,=4.6479,=0.8970,=1.6011,=2.4247,=3.4045,=4.3024,=5.4887,=0.0067,=0.4578,=0.0045,=0.0055,=0.0069,=0.0079,=0.0128,=0.0149,=0.0720,=0.0144,=926
="932457",港股通现金流,2025-02-28,,,=0.0022,=11.8999,=0.9496,=7.5325,=8.9830,=10.3377,=11.5755,=12.3320,=1.2047,=0.5574,=1.0440,=1.1353,=1.1942,=1.3174,=1.5343,=0.6423,=0.0952,=0.5752,=0.8777,=0.9565,=1.1920,=1.4545,=0.0415,=0.0224,=0.0405,=0.0432,=0.0494,=0.0626,=0.0701,,=0.0990,,=41
="399348",深证价值,2009-11-04,=0.0039,=6534.9700,=0.0020,=17.0148,=0.7520,=9.9756,=12.8084,=14.9162,=17.4978,=21.4453,=1.7650,=0.5764,=1.2527,=1.4911,=1.7204,=2.0830,=2.9268,=1.3057,=0.6934,=0.8306,=1.0363,=1.1856,=1.5051,=2.1193,=0.0287,=0.6658,=0.0153,=0.0217,=0.0266,=0.0308,=0.0407,=0.0245,=0.0871,=0.0201,=291
="399303",国证2000,2014-03-28,=0.0191,=9971.3000,=0.0016,=51.5588,=0.7684,=23.3937,=36.3012,=42.0277,=52.8604,=94.3111,=2.5182,=0.6724,=1.4941,=2.0787,=2.2964,=2.7083,=4.0650,=1.9182,=0.7359,=1.0643,=1.3926,=1.5534,=2.0960,=3.4322,=0.0102,=0.4281,=0.0040,=0.0086,=0.0104,=0.0118,=0.0187,=0.0140,=0.0453,=0.0143,=724
="HSISC",恒指港股通指数,2024-03-01,=0.0057,=3502.2700,=0.0015,=11.9448,=0.8070,=7.5992,=8.6637,=10.5559,=11.9249,=12.8475,=1.2501,=0.7752,=0.8411,=0.9201,=1.1433,=1.2571,=1.3442,=1.5780,=0.6812,=0.9830,=1.1412,=1.4398,=1.6119,=1.7320,=0.0335,=0.1023,=0.0322,=0.0343,=0.0383,=0.0501,=0.0595,,=0.1037,,=52
="HSI",恒生指数,1989-03-09,=0.0054,=25668.0300,=0.0015,=12.1189,=0.7812,=6.9462,=9.2277,=10.3728,=12.2516,=16.9606,=1.2591,=0.7788,=0.7519,=0.9738,=1.1310,=1.2670,=1.5570,=1.5352,=0.6173,=0.8141,=1.1481,=1.4420,=1.6542,=2.0895,=0.0330,=0.1985,=0.0204,=0.0330,=0.0368,=0.0444,=0.0596,,=0.1032,,=13596
="1000015",港股全指,2000-01-01,=0.0054,=25668.0300,=0.0015,=13.5789,=0.7966,=7.5917,=10.2572,=11.4298,=13.5956,=19.1348,=1.1362,=0.6764,=0.6574,=0.8645,=1.0719,=1.1862,=1.5123,=1.2262,=0.7162,=0.6196,=0.8646,=1.1077,=1.2706,=1.5791,=0.0315,=0.3264,=0.0205,=0.0300,=0.0333,=0.0422,=0.0574,,,,=308
="000822",500红利,2012-07-20,,,=0.0012,=14.0641,=0.7557,=7.4138,=9.6102,=11.2714,=15.3574,=26.4578,=1.1590,=0.4075,=0.8670,=1.0202,=1.2297,=1.5034,=2.2771,=0.5678,=0.5031,=0.2906,=0.3999,=0.5641,=1.1061,=1.8159,=0.0412,=0.5097,=0.0164,=0.0281,=0.0411,=0.0491,=0.0638,=0.0233,=0.0658,=0.0188,=38
="931395",沪港深300,2020-01-14,=0.0070,=1726.0326,=0.0011,=12.2963,=0.7139,=8.3275,=10.0328,=10.8978,=12.5374,=16.6490,=1.2836,=0.6223,=0.9663,=1.1053,=1.2240,=1.3685,=1.7241,=1.5966,=0.8217,=0.9881,=1.1744,=1.3311,=1.5866,=1.8801,=0.0307,=0.3024,=0.0218,=0.0273,=0.0331,=0.0392,=0.0499,,=0.0964,,=509
="000971",等权90,2010-12-02,=0.0115,=3361.5014,=0.0007,=13.8635,=0.8184,=8.9747,=10.9507,=11.9234,=13.7672,=19.4330,=1.5780,=0.7241,=1.1544,=1.3318,=1.4573,=1.6216,=2.2329,=1.8385,=0.9885,=1.0052,=1.1511,=1.2673,=1.5482,=1.9075,=0.0270,=0.2949,=0.0181,=0.0255,=0.0290,=0.0330,=0.0448,=0.0259,=0.1045,=0.0271,=9
="000922",中证红利,2008-05-26,=-0.0013,=5506.7530,=0.0005,=8.3796,=0.7429,=5.1762,=6.0245,=7.6580,=8.6240,=11.2156,=0.8189,=0.4384,=0.5911,=0.7110,=0.8441,=1.1086,=1.4999,=1.2398,=0.8084,=0.6332,=0.7726,=1.0442,=1.2355,=1.7101,=0.0431,=0.2794,=0.0309,=0.0406,=0.0471,=0.0596,=0.0693,=0.0233,=0.0895,=0.0228,=20380
="000813",细分化工,2012-04-11,=0.0117,=3810.3129,=-0.0006,=23.4857,=0.6386,=11.4329,=16.5252,=21.8846,=27.7155,=42.1751,=2.6768,=0.5299,=1.6736,=2.0410,=2.5907,=3.0938,=4.9148,=1.5038,=0.5628,=0.8896,=1.1114,=1.3997,=1.9512,=3.1071,=0.0150,=0.4096,=0.0059,=0.0108,=0.0165,=0.0201,=0.0259,=0.0394,=0.0961,=0.0234,=985
="HSSCSOY",恒生港股通中国央企红利指数,2023-06-01,=-0.0046,=4017.0800,=-0.0009,=6.7406,=0.7054,=4.1647,=4.6557,=5.7055,=6.9668,=7.8218,=0.6254,=0.5842,=0.4381,=0.4969,=0.5954,=0.6837,=0.7455,=1.0567,=0.9758,=0.5323,=0.5987,=0.7492,=0.9522,=1.1223,=0.0528,=0.0829,=0.0487,=0.0567,=0.0685,=0.0863,=0.0936,,=0.0921,,=267
="931000",大湾区,2017-07-19,=0.0215,=1766.2845,=-0.0014,=21.0391,=0.9500,=11.8370,=14.5680,=16.2477,=19.1061,=23.4463,=2.1593,=0.5610,=1.3750,=1.7683,=2.0731,=2.5477,=3.2666,=1.6223,=0.5760,=1.1015,=1.3353,=1.5627,=1.8703,=2.5221,=0.0216,=0.4786,=0.0138,=0.0173,=0.0221,=0.0260,=0.0341,=0.0236,=0.0809,=0.0227,=14
="000010",上证180,2002-07-01,=0.0134,=9999.6400,=-0.0016,=12.1411,=0.7985,=8.4900,=9.9408,=11.0261,=12.1428,=14.6942,=1.2390,=0.4462,=0.9930,=1.1498,=1.2585,=1.3646,=1.6698,=1.4291,=0.9357,=0.8990,=1.0652,=1.1909,=1.3113,=1.4916,=0.0309,=0.4755,=0.0224,=0.0272,=0.0313,=0.0373,=0.0465,=0.0240,=0.0943,=0.0246,=2505
="930629",CSSW健康,2015-05-08,=0.0432,=5715.6723,=-0.0018,=14.0491,=0.0569,=12.1031,=17.5277,=21.6044,=38.6306,=49.9253,=2.0662,=0.1500,=1.7351,=2.1500,=3.0445,=4.5891,=6.2998,=1.6999,=0.3383,=1.2755,=1.5525,=1.8893,=4.7309,=7.2978,=0.0222,=0.8702,=0.0055,=0.0077,=0.0157,=0.0211,=0.0272,=0.0270,=0.1388,=0.0324,=277
="932037",央企现代能源,2022-11-16,=0.0053,=1456.1077,=-0.0020,=15.3916,=0.8859,=10.8583,=12.0306,=12.9074,=14.4005,=18.2611,=1.5580,=0.7785,=1.1507,=1.3431,=1.4221,=1.5696,=1.8914,=0.9302,=0.8926,=0.4850,=0.6219,=0.7555,=0.8454,=1.0835,=0.0332,=0.0986,=0.0297,=0.0357,=0.0404,=0.0430,=0.0461,=0.0273,=0.0952,=0.0272,=37
="399314",巨潮大盘,2005-02-03,=0.0084,=5107.8700,=-0.0021,=13.4085,=0.7701,=9.6620,=11.1381,=12.0724,=13.4972,=17.5384,=1.4241,=0.5233,=1.0976,=1.2830,=1.4161,=1.5848,=1.9279,=1.5612,=0.9234,=0.9932,=1.1678,=1.3126,=1.4705,=1.8124,=0.0284,=0.4825,=0.0201,=0.0248,=0.0286,=0.0328,=0.0435,=0.0244,=0.0938,=0.0251,=16
="931722",国新港股通央企红利,2023-09-13,=0.0063,=1313.4218,=-0.0034,=9.4721,=0.7921,=5.5040,=6.7129,=7.8112,=9.4901,=10.8173,=0.8599,=0.6348,=0.6213,=0.7389,=0.8271,=0.9083,=1.0298,=0.5901,=0.7528,=0.3100,=0.3833,=0.4792,=0.6096,=0.6918,=0.0537,=0.0941,=0.0469,=0.0569,=0.0616,=0.0686,=0.0823,,=0.0875,,=371
="931644",800红利,2024-03-15,,,=-0.0034,=8.7863,=0.6248,=6.4729,=7.3732,=8.4160,=9.0505,=9.4757,=0.8552,=0.4664,=0.7001,=0.7725,=0.8585,=0.9062,=0.9431,=1.2305,=0.5904,=0.8423,=0.9281,=1.1518,=1.2910,=1.3602,=0.0440,=0.2926,=0.0416,=0.0431,=0.0469,=0.0578,=0.0662,=0.0236,=0.0906,=0.0231,=32
="000917",300公用,2007-07-02,=-0.0052,=2449.6438,=-0.0046,=17.0976,=0.3189,=13.3250,=16.4142,=17.8561,=20.5953,=34.2477,=1.9140,=0.4211,=1.4019,=1.7111,=1.9741,=2.1718,=2.6347,=1.8549,=0.5760,=1.3139,=1.6332,=1.8148,=1.9943,=3.2322,=0.0320,=0.7561,=0.0191,=0.0239,=0.0299,=0.0326,=0.0390,=0.0223,=0.0974,=0.0266,=36
="399550",央视50,2012-06-06,=0.0078,=8050.9200,=-0.0050,=9.9699,=0.7239,=6.8960,=8.3040,=9.3465,=10.1648,=13.0561,=1.0036,=0.1834,=0.8649,=1.0121,=1.2323,=1.4261,=1.8564,=2.0723,=0.8121,=1.3448,=1.6635,=1.8297,=2.0633,=2.5217,=0.0399,=0.6180,=0.0268,=0.0326,=0.0377,=0.0446,=0.0593,=0.0237,=0.0945,=0.0248,=2274
="931829",中证回购,2023-10-17,,,=-0.0068,=22.6098,=0.2537,=16.8171,=22.1186,=25.3369,=34.2039,=40.4937,=2.1722,=0.9106,=1.3801,=1.5717,=1.7453,=2.0037,=2.3571,=0.8519,=0.1290,=0.7604,=0.9323,=1.0114,=1.1492,=1.4917,=0.0269,=0.9326,=0.0146,=0.0164,=0.0207,=0.0238,=0.0283,=0.0242,=0.0495,=0.0133,=38
="1000004",上海A股,1994-01-01,=0.0102,=3940.0400,=-0.0073,=17.4483,=0.9530,=10.8441,=12.9364,=14.2986,=16.2043,=18.4959,=1.5211,=0.6098,=1.1181,=1.3162,=1.4444,=1.5966,=1.8457,=1.5330,=0.9567,=0.9734,=1.0889,=1.2357,=1.4034,=1.6065,=0.0235,=0.3692,=0.0184,=0.0214,=0.0253,=0.0296,=0.0389,=0.0219,=0.0804,=0.0221,=4922
="000001",上证指数,1991-07-15,=0.0102,=3940.0400,=-0.0073,=16.7245,=0.9386,=10.8403,=12.7209,=13.8351,=15.9512,=17.9144,=1.4819,=0.5838,=1.1148,=1.3021,=1.4409,=1.5664,=1.8463,=1.4901,=0.9279,=0.9369,=1.0774,=1.2157,=1.4076,=1.5771,=0.0243,=0.4133,=0.0185,=0.0222,=0.0252,=0.0297,=0.0391,=0.0219,=0.0804,=0.0221,=1524
="HSAHP",恒生沪深港通AH股溢价指数,2007-07-09,=0.0010,=122.5200,=-0.0076,=10.9412,=0.9162,=5.5550,=7.1430,=8.3701,=9.7596,=12.3156,=1.0841,=0.8024,=0.6208,=0.7734,=0.9226,=1.0826,=1.3863,=1.2493,=0.9154,=0.5653,=0.7668,=0.9030,=1.0890,=1.3750,=0.0327,=0.1008,=0.0268,=0.0348,=0.0398,=0.0520,=0.0665,,=0.0958,,=347
="HSHDYI",恒生高股息率指数,2012-12-10,=-0.0045,=1263.6500,=-0.0093,=7.5420,=0.7373,=3.6777,=4.8617,=6.6099,=7.8186,=10.6953,=0.6921,=0.5449,=0.4041,=0.5047,=0.6467,=0.9071,=1.1746,=1.0962,=0.5408,=0.5013,=0.7009,=1.0619,=1.4996,=1.9871,=0.0540,=0.2505,=0.0423,=0.0525,=0.0604,=0.0808,=0.1102,,=0.0903,,=921
="399019",创业200,2023-11-15,=0.0207,=4499.5500,=-0.0103,=70.3608,=0.3390,=45.1604,=60.0512,=83.5582,=110.1446,=137.0675,=3.3721,=0.5816,=1.8905,=2.4842,=3.2143,=3.8740,=4.5553,=3.2457,=0.6983,=1.7802,=2.3314,=2.8705,=3.4218,=4.2060,=0.0078,=0.4790,=0.0055,=0.0065,=0.0078,=0.0089,=0.0120,=0.0165,=0.0404,=0.0111,=84
="932366",300现金流,2024-11-12,=-0.0007,=3307.3656,=-0.0103,=14.4102,=0.6659,=12.5879,=13.4244,=14.0187,=14.9474,=16.2670,=1.6959,=0.2251,=1.4920,=1.6850,=1.8216,=1.8950,=1.9885,=1.3060,=0.3626,=1.0861,=1.2246,=1.3920,=1.4403,=1.5124,=0.0369,=0.1066,=0.0324,=0.0381,=0.0400,=0.0411,=0.0453,=0.0285,=0.1163,=0.0355,=181
="930598",稀土产业,2015-03-02,=0.0334,=2777.5359,=-0.0104,=36.1180,=0.4149,=21.1133,=29.2013,=39.4596,=68.8411,=273.6885,=3.1594,=0.8377,=1.4810,=1.9699,=2.3151,=3.0364,=4.3047,=1.5053,=0.6992,=0.6656,=0.9718,=1.1871,=1.6474,=2.1537,=0.0102,=0.8863,=0.0025,=0.0048,=0.0067,=0.0094,=0.0135,=0.0350,=0.0883,=0.0227,=748
="399377",小盘价值,2010-01-04,=0.0030,=7610.8900,=-0.0112,=17.6439,=0.7278,=9.8385,=13.2802,=15.1897,=19.5554,=34.2299,=1.3430,=0.7010,=0.8997,=1.0826,=1.2375,=1.5479,=2.1990,=0.7566,=0.5614,=0.4594,=0.5455,=0.7123,=1.1684,=1.8295,=0.0279,=0.6483,=0.0113,=0.0196,=0.0258,=0.0310,=0.0386,=0.0183,=0.0578,=0.0162,=623
="H30455",沪港深500,2014-11-28,=0.0075,=2624.9496,=-0.0121,=13.2105,=0.7959,=8.5690,=10.3719,=11.5487,=13.2215,=16.8903,=1.3482,=0.6415,=0.9675,=1.1611,=1.2949,=1.4055,=1.7307,=1.5886,=0.8977,=0.9518,=1.1784,=1.3267,=1.5148,=1.7787,=0.0295,=0.3762,=0.0214,=0.0275,=0.0306,=0.0375,=0.0485,,=0.0953,,=524
="931526",企业核心竞争力50,2020-08-24,=0.0162,=1294.3215,=-0.0127,=14.2887,=0.0236,=13.8510,=17.0770,=22.6295,=29.8200,=51.8267,=1.7356,=0.0201,=1.6745,=2.9753,=4.0455,=6.7647,=10.8733,=2.0523,=0.3507,=0.9066,=1.5164,=3.4205,=4.5385,=7.9459,=0.0271,=0.8170,=0.0072,=0.0118,=0.0172,=0.0239,=0.0352,=0.0371,=0.1485,=0.0461,=96
="931848",800红利低波,2024-05-21,=-0.0065,=3119.7457,=-0.0144,=8.8635,=0.4137,=7.4155,=8.2586,=9.0495,=9.4589,=9.7854,=0.8693,=0.2560,=0.7315,=0.8574,=0.9170,=0.9686,=1.0024,=1.6299,=0.9722,=1.1714,=1.2390,=1.3533,=1.3922,=1.7233,=0.0424,=0.3748,=0.0399,=0.0412,=0.0436,=0.0518,=0.0594,=0.0237,=0.0929,=0.0230,=155
="HSLI",恒生综合大型股指数,2001-10-03,=0.0040,=2370.0400,=-0.0157,=11.1224,=0.6431,=6.9327,=9.1537,=10.5705,=11.7507,=17.6478,=1.1102,=0.4799,=0.7133,=0.9439,=1.1164,=1.2415,=1.6032,=1.5312,=0.6521,=0.8297,=1.1856,=1.4371,=1.6322,=2.0023,=0.0345,=0.3918,=0.0207,=0.0314,=0.0356,=0.0440,=0.0582,,,,=102
="931233",港股通央企红利,2017-06-28,=-0.0024,=1146.5398,=-0.0161,=7.1851,=0.7156,=3.6988,=4.9729,=6.3917,=7.4439,=14.0775,=0.6759,=0.5684,=0.3929,=0.5236,=0.6454,=0.8592,=1.8161,=0.9755,=0.5371,=0.4645,=0.6249,=0.9483,=1.3881,=1.7583,=0.0521,=0.2119,=0.0394,=0.0519,=0.0570,=0.0797,=0.1038,,=0.0906,,=476
="399313",巨潮100,2005-02-03,=0.0071,=5359.1500,=-0.0161,=12.5962,=0.8315,=8.9278,=10.3854,=11.1268,=12.4096,=16.6101,=1.3725,=0.5983,=1.0718,=1.2426,=1.3388,=1.4929,=1.8501,=1.7233,=0.9913,=0.9844,=1.1492,=1.2706,=1.4548,=1.7644,=0.0291,=0.3403,=0.0217,=0.0274,=0.0304,=0.0349,=0.0452,=0.0250,=0.0999,=0.0255,=209
="000978",医药100,2011-03-18,=0.0413,=10258.1725,=-0.0163,=34.3190,=0.5385,=23.7467,=28.9111,=33.6861,=37.7140,=66.4077,=3.2957,=0.2320,=2.6475,=3.2378,=4.1793,=5.0232,=7.8052,=3.0535,=0.4471,=2.0946,=2.6763,=3.1268,=3.6588,=5.9820,=0.0148,=0.7960,=0.0050,=0.0071,=0.0094,=0.0148,=0.0209,=0.0280,=0.0911,=0.0286,=4722
="931484",CS医药创新,2020-05-06,=0.0448,=1426.0589,=-0.0164,=25.9968,=0.3404,=18.2098,=24.0976,=27.4156,=44.1508,=86.1757,=4.5997,=0.2311,=3.3236,=4.5224,=5.3951,=11.2848,=17.5605,=5.6795,=0.2561,=3.7485,=5.4861,=6.4359,=11.3039,=20.8272,=0.0149,=0.5964,=0.0021,=0.0045,=0.0132,=0.0167,=0.0269,=0.0424,=0.1752,=0.0382,=399
="950090",50AH优选,2015-12-10,=0.0139,=6080.4057,=-0.0169,=10.0124,=0.8424,=6.3188,=7.9171,=8.6915,=9.8514,=13.5010,=1.0678,=0.6271,=0.7914,=0.9506,=1.0296,=1.1230,=1.5403,=1.4053,=0.9834,=0.6574,=0.8491,=0.9543,=1.0748,=1.4553,=0.0361,=0.2889,=0.0256,=0.0346,=0.0397,=0.0476,=0.0655,,=0.1007,,=1998
="932255",A500红利增长,2025-04-09,,,=-0.0177,=10.8852,=0.4815,=9.2509,=10.4156,=10.9025,=11.7437,=12.2754,=1.2473,=0.2778,=1.0684,=1.2163,=1.2849,=1.3619,=1.4369,=1.7316,=0.4012,=1.3292,=1.6720,=1.7605,=1.9558,=2.0549,=0.0339,=0.1667,=0.0327,=0.0340,=0.0355,=0.0373,=0.0393,=0.0280,=0.1066,,=40
="399702",深证F120,2010-05-10,=0.0026,=7441.2100,=-0.0177,=25.8386,=0.9625,=12.6034,=17.7484,=20.7574,=22.6237,=28.8861,=2.3195,=0.6448,=1.5963,=1.9896,=2.2160,=2.6272,=3.5867,=1.4697,=0.6588,=0.8721,=1.1406,=1.3251,=1.5883,=2.2308,=0.0210,=0.6815,=0.0114,=0.0165,=0.0194,=0.0232,=0.0299,=0.0250,=0.0726,=0.0233,=1429
="000821",300红利,2012-07-20,=-0.0052,=6545.5350,=-0.0190,=8.6208,=0.8290,=4.9998,=6.1944,=7.5620,=8.4875,=10.9286,=0.8481,=0.4454,=0.5725,=0.7140,=0.8633,=1.0796,=1.4919,=1.3701,=0.8653,=0.6098,=0.7993,=1.0660,=1.3269,=1.6963,=0.0442,=0.3259,=0.0319,=0.0423,=0.0473,=0.0563,=0.0673,=0.0235,=0.0916,=0.0239,=1003
="932315",中证红利质量,2024-07-08,=0.0036,=4419.0851,=-0.0211,=15.9034,=0.5988,=12.3916,=13.7740,=15.5810,=16.5821,=18.7206,=3.0517,=0.5237,=2.1812,=2.3985,=3.0210,=3.9611,=4.4900,=3.7031,=0.9960,=2.0136,=2.2063,=3.0300,=3.2166,=3.7141,=0.0366,=0.1364,=0.0312,=0.0371,=0.0389,=0.0420,=0.0443,=0.0482,=0.1829,=0.0412,=557
="000909",300材料,2007-07-02,=0.0245,=4011.9454,=-0.0212,=19.6270,=0.6028,=10.2722,=14.5958,=18.1746,=24.7704,=46384.3131,=2.7198,=0.8500,=1.4655,=1.7315,=2.0087,=2.4799,=3.8763,=1.3265,=0.8776,=0.6983,=0.8432,=0.9873,=1.2349,=1.9427,=0.0181,=0.3881,=0.0057,=0.0140,=0.0204,=0.0243,=0.0291,=0.0473,=0.1225,=0.0288,=17
="000825",央企红利,2012-07-20,=-0.0035,=3379.5496,=-0.0214,=9.1159,=0.9217,=4.7369,=6.0940,=7.3096,=8.4804,=10.5687,=0.8830,=0.5682,=0.5507,=0.6915,=0.8555,=0.9983,=1.3929,=1.2130,=0.7808,=0.6009,=0.8548,=1.0749,=1.2211,=1.7357,=0.0422,=0.1953,=0.0330,=0.0422,=0.0473,=0.0555,=0.0713,=0.0224,=0.0902,=0.0228,=379
="HSLMI",恒生综合大中型股指数,2015-06-08,=0.0054,=4033.9800,=-0.0220,=11.8538,=0.7121,=7.0073,=9.3102,=10.6439,=12.3431,=17.7261,=1.1362,=0.5932,=0.6929,=0.9062,=1.0990,=1.2279,=1.5417,=1.3579,=0.7783,=0.6858,=0.9754,=1.1813,=1.3712,=1.6465,=0.0334,=0.3955,=0.0214,=0.0309,=0.0346,=0.0437,=0.0602,,,,=88
="399701",深证F60,2010-05-10,=0.0014,=7759.0600,=-0.0229,=22.3585,=0.8125,=12.1841,=17.0099,=19.9081,=22.2462,=29.1141,=2.1066,=0.3745,=1.6712,=2.0189,=2.1822,=2.5392,=3.7270,=1.3797,=0.5352,=1.0125,=1.2363,=1.3637,=1.5636,=2.4139,=0.0254,=0.8475,=0.0118,=0.0177,=0.0206,=0.0248,=0.0310,=0.0232,=0.0664,=0.0243,=1679
="000016",上证50,2004-01-02,=0.0138,=2960.4200,=-0.0233,=11.5490,=0.7956,=8.3126,=9.6613,=10.5089,=11.5639,=15.1108,=1.2540,=0.5657,=1.0245,=1.1706,=1.2385,=1.3330,=1.6482,=1.6232,=0.9885,=0.8665,=1.0182,=1.1339,=1.2936,=1.6553,=0.0316,=0.3309,=0.0240,=0.0291,=0.0333,=0.0397,=0.0497,=0.0249,=0.1007,=0.0262,=23602
="931587",500价值稳健,2020-11-09,=-0.0039,=21385.0927,=-0.0255,=17.1052,=0.9474,=9.7530,=12.2171,=14.2327,=15.5908,=19.8926,=1.3865,=0.8860,=0.8925,=1.0575,=1.1592,=1.3180,=1.5437,=0.8216,=0.9934,=0.3384,=0.4610,=0.5129,=0.5884,=0.8392,=0.0345,=0.6362,=0.0250,=0.0297,=0.0336,=0.0360,=0.0456,=0.0221,=0.0672,=0.0198,=79
="930992",沪港深红利低波,2017-06-28,,,=-0.0258,=8.0429,=0.8865,=4.0130,=5.2128,=5.9481,=7.8191,=8.5109,=0.7428,=0.8440,=0.4277,=0.5387,=0.5942,=0.7304,=0.7950,=1.1740,=0.7730,=0.4496,=0.6021,=0.8903,=1.1861,=1.3912,=0.0500,=0.0514,=0.0476,=0.0538,=0.0714,=0.0766,=0.0949,,=0.0878,,=54
="931672",风电产业,2021-04-29,=0.0138,=1714.0887,=-0.0269,=34.3506,=0.9030,=16.8665,=21.1570,=24.2860,=29.6290,=45.5856,=1.9619,=0.4820,=1.3490,=1.6829,=1.9839,=2.4630,=3.5946,=2.3732,=0.5806,=1.4458,=1.8939,=2.1605,=2.7000,=3.3215,=0.0115,=0.4945,=0.0064,=0.0084,=0.0116,=0.0154,=0.0206,=0.0166,=0.0571,=0.0184,=62
="000683",科创生物,2022-05-09,=0.0627,=1043.5000,=-0.0270,=123.3756,=0.1694,=31.4909,=151.5329,=1778.0344,=-212.9758,=97054.3385,=6.7157,=0.8732,=4.0903,=4.9028,=5.4463,=6.3476,=7.9611,=10.5743,=0.6012,=7.6079,=9.2274,=10.3015,=11.4468,=14.1963,=0.0025,=0.0252,=0.0025,=0.0030,=0.0046,=0.0061,=0.0086,=0.0094,=0.0457,=0.0035,=65
="000955",中证国企,2010-02-09,,,=-0.0274,=14.9933,=0.8092,=10.0979,=11.7062,=12.7358,=14.9612,=16.8119,=1.2622,=0.4347,=1.0210,=1.1826,=1.2880,=1.4203,=1.7591,=1.2866,=0.8113,=0.7969,=0.9757,=1.0903,=1.2822,=1.4527,=0.0273,=0.5039,=0.0195,=0.0241,=0.0273,=0.0324,=0.0414,=0.0213,=0.0765,=0.0217,=44
="H30270",红利价值,2013-12-19,=-0.0028,=9266.4258,=-0.0279,=7.6990,=0.7140,=4.4543,=5.4442,=6.7801,=8.6433,=13.0955,=0.7823,=0.5570,=0.5256,=0.6495,=0.7639,=1.2333,=1.7317,=1.5603,=0.9533,=0.5854,=0.8136,=1.0027,=1.3060,=1.6637,=0.0431,=0.2809,=0.0269,=0.0419,=0.0503,=0.0630,=0.0726,=0.0235,=0.0936,=0.0240,=210
="931487",SHS人工智能50,2020-05-06,=0.0097,=2140.3396,=-0.0282,=33.9423,=0.6648,=18.6614,=25.6839,=31.8064,=37.0896,=66.0883,=5.4158,=0.6938,=3.0781,=4.0550,=4.6738,=6.3535,=10.5947,=6.1403,=0.7020,=3.3555,=4.5114,=5.2076,=6.7889,=9.5096,=0.0054,=0.4148,=0.0019,=0.0035,=0.0058,=0.0075,=0.0094,,=0.1427,,=80
="931373",股息龙头,2019-11-15,,,=-0.0286,=10.0453,=0.8479,=5.4295,=6.9017,=8.4112,=9.6020,=11.4004,=1.1827,=0.9166,=0.6697,=0.8548,=1.0156,=1.1300,=1.2586,=1.8594,=0.9933,=0.5706,=0.8161,=0.9933,=1.4060,=1.9212,=0.0398,=0.1980,=0.0347,=0.0398,=0.0464,=0.0543,=0.0682,=0.0258,=0.1004,=0.0264,=330
="930949",价值回报,2017-02-24,,,=-0.0297,=13.6077,=0.8994,=5.5354,=8.1511,=10.0321,=12.4349,=17.5400,=2.2257,=0.8236,=1.2865,=1.4775,=1.7510,=2.1702,=3.1701,=1.4628,=0.9752,=0.5488,=0.7126,=0.8764,=1.2761,=1.7276,=0.0361,=0.5218,=0.0155,=0.0258,=0.0351,=0.0485,=0.0681,=0.0290,=0.1096,=0.0305,=29
="HSIDI",恒生创新药指数,2023-01-01,=0.0517,=2613.0100,=-0.0300,=45.2605,=0.2174,=21.3081,=44.4691,=53.9248,=105.9640,=157.2991,=3.5597,=0.7667,=1.7148,=2.1418,=2.6978,=3.9191,=5.1867,=3.1687,=0.7622,=1.5892,=1.8434,=2.3420,=3.3855,=4.4669,=0.0084,=0.2140,=0.0053,=0.0080,=0.0122,=0.0144,=0.0173,,=0.1004,,=249
="HSCAIT",恒生A股行业龙头指数,2009-09-21,=0.0058,=5587.3200,=-0.0303,=12.2858,=0.8663,=8.2192,=9.8003,=10.5306,=11.8548,=14.1027,=1.3157,=0.6819,=1.0288,=1.1883,=1.2662,=1.3563,=1.6997,=1.3309,=0.9202,=0.8424,=0.9741,=1.0575,=1.2200,=1.4109,=0.0347,=0.5016,=0.0260,=0.0318,=0.0347,=0.0405,=0.0503,=0.0256,=0.1023,=0.0256,=494
="930723",沪港深F100,2015-08-05,=-0.0019,=4935.1997,=-0.0308,=9.9891,=0.7264,=5.4557,=7.5729,=9.0730,=10.1716,=13.1279,=1.0207,=0.5389,=0.6469,=0.8477,=1.0078,=1.1158,=1.4626,=1.3203,=0.8577,=0.6039,=0.8635,=1.0804,=1.2907,=1.6654,=0.0377,=0.3723,=0.0281,=0.0354,=0.0393,=0.0500,=0.0650,,=0.0918,,=150
="931130",红利成长低波,2018-12-04,,,=-0.0316,=7.6836,=0.4852,=4.4465,=5.5918,=7.7943,=8.7041,=11.5512,=0.7737,=0.3369,=0.5279,=0.6258,=0.8968,=1.0268,=1.5803,=2.6237,=0.9914,=0.3109,=0.8151,=1.3241,=1.9433,=2.8088,=0.0410,=0.4132,=0.0246,=0.0323,=0.0423,=0.0532,=0.0639,=0.0231,=0.0934,=0.0229,=151
="931586",300价值稳健,2020-11-09,=-0.0018,=7387.2956,=-0.0322,=11.6893,=0.6506,=8.1741,=9.7055,=11.1562,=12.7163,=15.0111,=1.2894,=0.3816,=0.9699,=1.1940,=1.3228,=1.5132,=1.6570,=1.3049,=0.8164,=0.7359,=0.8662,=0.9873,=1.2419,=1.5639,=0.0368,=0.4591,=0.0248,=0.0321,=0.0371,=0.0407,=0.0470,=0.0264,=0.1070,=0.0304,=43
="932420",智选船舶产业,2025-05-28,=0.0035,=1397.5982,=-0.0330,=19.5028,=0.7687,=12.9248,=14.1728,=16.5827,=19.7190,=21.8048,=1.4296,=0.8469,=1.1414,=1.2431,=1.2988,=1.4089,=1.5726,=1.0303,=0.7789,=0.8043,=0.8827,=0.9467,=1.0325,=1.1519,=0.0249,=0.1837,=0.0219,=0.0251,=0.0302,=0.0319,=0.0350,=0.0198,=0.0735,,=17
="932422",A500红利低波,2025-04-09,=-0.0061,=3000.2947,=-0.0331,=9.7047,=0.1049,=9.0426,=9.7757,=10.0378,=10.2240,=10.5846,=0.9542,=0.0741,=0.8811,=1.0045,=1.0383,=1.0556,=1.0978,=1.3410,=0.4321,=1.2431,=1.2960,=1.4017,=1.4668,=1.5336,=0.0434,=0.8210,=0.0388,=0.0403,=0.0415,=0.0432,=0.0466,=0.0241,=0.0948,,=372
="399371",国证价值,2010-01-04,=0.0005,=6939.0600,=-0.0367,=9.8246,=0.6930,=6.4728,=7.8356,=9.0971,=10.3826,=13.0475,=0.9772,=0.4392,=0.7249,=0.8967,=1.0042,=1.2253,=1.5675,=1.1046,=0.8117,=0.5764,=0.7536,=0.8693,=1.0955,=1.3812,=0.0389,=0.4631,=0.0249,=0.0335,=0.0395,=0.0477,=0.0565,=0.0233,=0.0892,=0.0237,=146
="931039",银行AH,2017-12-06,=-0.0086,=12311.7182,=-0.0367,=5.8668,=0.7739,=3.2016,=4.0929,=5.2480,=5.9056,=7.9938,=0.5555,=0.4448,=0.3790,=0.4588,=0.5652,=0.7111,=1.0569,=2.2021,=0.8250,=1.0856,=1.4350,=1.7539,=2.1556,=2.9053,=0.0497,=0.2566,=0.0324,=0.0492,=0.0545,=0.0738,=0.0997,,=0.0881,,=105
="932000",中证2000,2023-08-11,=0.0161,=3085.2570,=-0.0368,=116.0769,=0.5934,=44.0427,=58.3457,=87.1119,=154.0203,=228.3990,=2.5576,=0.6611,=1.5089,=1.9842,=2.3474,=2.8552,=3.3036,=2.1107,=0.6708,=1.1809,=1.5595,=1.8628,=2.3271,=2.6726,=0.0082,=0.3112,=0.0062,=0.0077,=0.0091,=0.0114,=0.0155,=0.0098,=0.0154,=0.0097,=1210
="HSSCID",恒生港股通创新药指数,2023-07-01,=0.0469,=3046.2000,=-0.0369,=45.2605,=0.5408,=20.9262,=39.0271,=44.0782,=60.9937,=216.1774,=3.5597,=0.7316,=1.6870,=2.0311,=2.6070,=4.0740,=5.1867,=3.1687,=0.7303,=1.6002,=1.8919,=2.4582,=3.5366,=4.4669,=0.0084,=0.2632,=0.0053,=0.0076,=0.0122,=0.0151,=0.0187,,=0.1004,,=122
="931082",A500现金流,2025-07-16,,,=-0.0373,=14.6145,=0.6473,=11.3087,=12.3499,=13.9765,=14.9574,=16.5522,=1.6601,=0.1783,=1.4812,=1.6685,=1.8433,=1.9492,=2.0613,=1.3349,=0.2442,=1.2039,=1.3114,=1.4094,=1.5568,=1.6378,=0.0341,=0.1357,=0.0310,=0.0350,=0.0375,=0.0427,=0.0482,=0.0315,=0.1166,,=129
="399020",创业小盘,2023-11-15,=0.0232,=1710.0700,=-0.0381,=108.3910,=0.2995,=48.5170,=82.2558,=145.1296,=212.1143,=256.8495,=3.4258,=0.6021,=1.8521,=2.4590,=3.2123,=3.7914,=4.3734,=3.4142,=0.6097,=1.9895,=2.5796,=3.1904,=3.7898,=4.2999,=0.0061,=0.1831,=0.0050,=0.0062,=0.0068,=0.0083,=0.0109,=0.0115,=0.0199,=0.0104,=11
="399398",绩效指数,2012-11-19,=0.0029,=10190.8700,=-0.0383,=17.5124,=0.3840,=9.4274,=11.8365,=18.3580,=21.6274,=36.1591,=3.3043,=0.3881,=1.3709,=1.7852,=3.5796,=4.3854,=6.4752,=3.2031,=0.7116,=1.5825,=2.2288,=2.9112,=3.4328,=5.0073,=0.0371,=0.7804,=0.0140,=0.0234,=0.0323,=0.0374,=0.0430,=0.0495,=0.1771,=0.0433,=22
="980015",疫苗生科,2015-02-16,=0.0560,=6039.0700,=-0.0393,=52.7701,=0.7721,=24.1714,=31.2296,=42.9057,=53.5457,=80.8207,=4.0519,=0.4748,=2.9980,=3.5753,=4.0926,=6.4316,=11.0606,=7.0099,=0.6231,=4.5746,=5.4926,=6.4094,=8.8091,=15.0694,=0.0096,=0.4419,=0.0026,=0.0055,=0.0100,=0.0133,=0.0175,=0.0223,=0.0693,=0.0219,=72
="931069",中金300,2018-02-14,=0.0016,=4806.2169,=-0.0396,=9.9141,=0.6753,=5.9518,=7.5865,=9.3029,=10.4797,=13.6164,=1.0458,=0.4659,=0.7377,=0.9238,=1.0720,=1.3518,=1.8328,=1.3301,=0.8019,=0.6656,=0.8720,=1.1170,=1.3293,=1.7542,=0.0386,=0.5019,=0.0253,=0.0318,=0.0386,=0.0472,=0.0560,=0.0231,=0.0958,=0.0284,=99
="930740",300红利LV,2018-12-04,=-0.0089,=6884.3590,=-0.0397,=8.7420,=0.8012,=5.4153,=6.8361,=7.5487,=8.7372,=9.6903,=0.8527,=0.4836,=0.6159,=0.7739,=0.8566,=0.9453,=1.0604,=1.5288,=0.8162,=0.6725,=0.8581,=1.0815,=1.5144,=1.9253,=0.0445,=0.4267,=0.0370,=0.0418,=0.0452,=0.0511,=0.0622,=0.0239,=0.0932,=0.0223,=634
="H50040",上红低波,2014-03-21,=-0.0051,=10571.4631,=-0.0413,=8.1692,=0.7194,=4.6938,=5.9512,=7.1216,=9.6645,=14.3118,=0.8257,=0.4788,=0.5647,=0.6911,=0.8314,=1.3609,=1.8756,=1.5917,=0.9460,=0.6380,=0.8684,=1.2019,=1.4097,=1.6905,=0.0435,=0.3799,=0.0230,=0.0391,=0.0464,=0.0588,=0.0718,=0.0234,=0.0936,=0.0244,=373
="930839",港股通高息精选,2016-06-08,=0.0056,=3307.5857,=-0.0417,=10.1692,=0.5696,=4.9918,=7.1350,=9.3552,=13.1647,=31.7979,=1.3376,=0.7477,=0.7294,=0.9293,=1.0784,=1.5790,=4.8768,=1.1466,=0.4426,=0.3418,=0.5599,=1.2309,=1.8710,=6.3245,=0.0528,=0.5623,=0.0089,=0.0375,=0.0493,=0.0677,=0.1118,,=0.1433,,=383
="HSCESI",恒生中国企业精明指数,2015-06-08,=0.0039,=12303.5300,=-0.0421,=9.9448,=0.7819,=6.0524,=7.9625,=8.6938,=10.0619,=15.8114,=1.0378,=0.5836,=0.6924,=0.9033,=1.0096,=1.1579,=1.7191,=1.3956,=0.7621,=0.8066,=1.0038,=1.0974,=1.4384,=2.0876,=0.0343,=0.2580,=0.0200,=0.0332,=0.0382,=0.0443,=0.0600,,=0.1052,,=93
="930955",红利低波100,2017-05-26,=-0.0054,=11291.4885,=-0.0424,=8.7609,=0.8196,=5.0805,=6.0795,=7.4458,=8.6496,=11.5013,=0.8704,=0.6003,=0.5792,=0.6672,=0.8299,=0.9865,=1.3722,=1.4829,=0.9109,=0.5888,=0.7798,=0.9925,=1.3709,=1.7525,=0.0451,=0.3429,=0.0270,=0.0431,=0.0470,=0.0560,=0.0683,=0.0234,=0.0928,=0.0257,=2357
="HSCEI",恒生中国企业指数,1994-08-08,=0.0039,=8531.5800,=-0.0429,=9.9842,=0.7841,=6.0524,=7.9707,=8.6970,=10.0868,=15.8114,=1.0405,=0.5872,=0.6924,=0.9037,=1.0113,=1.1595,=1.7191,=1.3998,=0.7629,=0.8066,=1.0042,=1.0976,=1.4420,=2.0876,=0.0341,=0.2566,=0.0200,=0.0331,=0.0382,=0.0443,=0.0600,,=0.1052,,=4768
="931157",SHS红利成长LV,2019-04-25,=-0.0062,=7131.8339,=-0.0432,=7.7862,=0.6439,=4.1261,=5.6123,=6.9709,=8.3176,=11.5318,=0.7705,=0.3962,=0.5154,=0.6282,=0.8049,=0.9209,=1.5888,=1.6739,=0.9924,=0.5018,=0.7138,=1.0426,=1.4254,=1.7619,=0.0469,=0.4141,=0.0259,=0.0420,=0.0481,=0.0556,=0.0761,,=0.0964,,=349
="000021",180治理,2008-09-10,=0.0052,=1040.8100,=-0.0435,=10.7694,=0.8521,=6.3364,=8.4357,=9.7379,=10.6042,=13.6109,=1.1133,=0.5653,=0.7542,=0.9755,=1.0948,=1.2185,=1.5847,=1.4256,=0.9526,=0.6625,=0.8519,=0.9541,=1.1505,=1.4979,=0.0380,=0.5933,=0.0241,=0.0329,=0.0365,=0.0448,=0.0548,=0.0243,=0.0995,=0.0258,=166
="930957",港股通中国100,2017-06-23,=0.0042,=3619.8822,=-0.0437,=10.5174,=0.7435,=5.4625,=7.6054,=8.9540,=10.7948,=13.3106,=1.1203,=0.6090,=0.6571,=0.8650,=1.0732,=1.1986,=1.5222,=1.4470,=0.8602,=0.6789,=0.9658,=1.1305,=1.3712,=1.6609,=0.0342,=0.3063,=0.0251,=0.0330,=0.0368,=0.0501,=0.0691,,=0.1031,,=18
="931752",工程机械主题,2021-09-27,=0.0011,=2409.6578,=-0.0441,=22.6155,=0.6568,=13.6456,=18.5061,=21.2807,=24.3513,=27.9581,=2.0765,=0.7621,=1.2593,=1.5760,=1.7232,=2.1228,=2.6511,=1.2526,=0.7816,=0.7133,=0.9158,=1.0206,=1.2934,=1.6462,=0.0217,=0.6831,=0.0151,=0.0190,=0.0207,=0.0222,=0.0284,=0.0241,=0.0958,=0.0272,=105
="931375",300质量低波,2019-11-25,=0.0029,=16204.1907,=-0.0445,=10.4689,=0.4314,=6.4946,=8.1687,=11.0734,=13.5386,=22.0532,=1.3871,=0.4468,=0.8054,=1.0869,=1.5294,=2.0563,=3.3245,=2.6731,=0.9938,=1.0044,=1.3367,=1.6838,=2.1007,=2.7563,=0.0321,=0.2942,=0.0151,=0.0279,=0.0350,=0.0403,=0.0521,=0.0279,=0.1211,=0.0298,=113
="930902",中证数据,2016-10-18,=-0.0018,=3046.8363,=-0.0446,=109.5453,=0.7386,=37.6891,=57.2960,=78.8859,=121.4340,=366.0842,=4.3257,=0.6584,=2.4001,=3.4292,=3.9996,=4.6667,=5.5171,=2.9305,=0.2312,=2.0473,=2.8788,=3.3662,=4.1543,=7.0542,=0.0038,=0.5900,=0.0020,=0.0030,=0.0036,=0.0047,=0.0091,=0.0025,=0.0339,=0.0011,=247
="000806",消费服务,2012-02-10,=0.0143,=8038.8808,=-0.0456,=10.1243,=0.2320,=9.0076,=10.0543,=10.8055,=11.8704,=17.0971,=1.0788,=0.0614,=1.0009,=1.1907,=1.3481,=1.5460,=2.0145,=2.2551,=0.6737,=1.6526,=1.9527,=2.1334,=2.3803,=3.0032,=0.0358,=0.8245,=0.0198,=0.0244,=0.0295,=0.0354,=0.0497,=0.0246,=0.1002,=0.0266,=425
="H30269",红利低波,2013-12-19,=-0.0061,=10715.0564,=-0.0467,=8.1894,=0.7132,=4.5638,=5.5488,=6.9247,=9.4786,=14.4342,=0.8373,=0.5600,=0.5386,=0.6570,=0.7995,=1.3872,=1.9670,=1.5828,=0.9534,=0.6111,=0.8850,=1.0980,=1.4175,=1.6809,=0.0441,=0.3350,=0.0246,=0.0406,=0.0503,=0.0605,=0.0732,=0.0236,=0.0946,=0.0236,=4686
="930838",CS高股息,2016-06-08,=0.0069,=6876.2594,=-0.0475,=19.0261,=0.5871,=10.7704,=14.2530,=17.7910,=22.5023,=29.5345,=3.6144,=0.8191,=1.8272,=2.3324,=2.8270,=3.4728,=5.4603,=3.4114,=0.7087,=1.6703,=2.0490,=2.5014,=3.7457,=5.1335,=0.0263,=0.4916,=0.0136,=0.0201,=0.0266,=0.0363,=0.0519,=0.0550,=0.1877,=0.0570,=172
="932367",500现金流,2024-11-12,=-0.0050,=3485.3080,=-0.0476,=19.4998,=0.8957,=12.7635,=14.0893,=16.9850,=18.8316,=20.8865,=1.5663,=0.0995,=1.4139,=1.6404,=1.7456,=1.9787,=2.3672,=0.9337,=0.0995,=0.8544,=1.0364,=1.2289,=1.2839,=1.4394,=0.0309,=0.3934,=0.0247,=0.0288,=0.0317,=0.0367,=0.0403,=0.0308,=0.1139,=0.0305,=125
="931446",东证红利低波,2020-04-21,=-0.0069,=3277.8005,=-0.0479,=8.2917,=0.7223,=5.1478,=6.1892,=7.1779,=8.5349,=11.0216,=0.8040,=0.6278,=0.5884,=0.6978,=0.7670,=0.8700,=1.2481,=1.4794,=0.9101,=0.5909,=0.7571,=0.8947,=1.3380,=1.5979,=0.0429,=0.2884,=0.0325,=0.0416,=0.0484,=0.0563,=0.0651,=0.0224,=0.0895,=0.0240,=887
="399698",优势成长,2017-06-15,=0.0094,=49622.4700,=-0.0481,=25.7756,=0.6431,=14.2338,=18.2475,=23.1739,=35.5146,=66.5130,=1.4442,=0.1305,=1.2178,=1.4895,=1.9028,=2.2991,=2.9395,=2.3020,=0.7597,=0.6634,=1.0642,=1.7181,=2.5969,=4.7303,=0.0271,=0.9374,=0.0069,=0.0108,=0.0159,=0.0212,=0.0303,=0.0192,=0.0690,=0.0052,=39
="H30089",红利潜力,2013-07-02,=0.0027,=9458.9914,=-0.0490,=16.6637,=0.4565,=12.7702,=15.7141,=16.8787,=20.7068,=29.7267,=2.7825,=0.7099,=1.5457,=2.0138,=2.5066,=2.9135,=4.3960,=2.2040,=0.8171,=0.7611,=0.9557,=1.7681,=2.1789,=2.8465,=0.0352,=0.6712,=0.0172,=0.0255,=0.0317,=0.0373,=0.0456,=0.0404,=0.1605,=0.0444,=550
="000042",上证央企,2009-03-30,=0.0014,=1718.4500,=-0.0513,=10.0607,=0.7956,=6.3284,=7.8863,=9.2247,=10.0790,=12.9577,=0.9968,=0.5538,=0.7230,=0.8871,=0.9828,=1.1137,=1.4812,=1.3156,=0.9757,=0.6569,=0.8569,=0.9790,=1.1480,=1.3891,=0.0365,=0.2987,=0.0261,=0.0349,=0.0381,=0.0469,=0.0583,=0.0224,=0.0920,=0.0234,=389
="H11054",装备产业,2009-07-22,=0.0124,=2759.8229,=-0.0513,=32.6798,=0.5472,=15.6342,=24.6546,=31.9283,=38.4450,=58.0282,=2.9490,=0.6732,=1.6944,=2.1307,=2.6197,=3.3102,=5.1308,=2.0548,=0.6123,=1.2119,=1.4873,=1.8886,=2.3434,=3.6241,=0.0138,=0.7599,=0.0051,=0.0080,=0.0115,=0.0145,=0.0207,=0.0221,=0.0859,=0.0174,=45
="931992",疫苗生物,2013-07-15,=0.0553,=1144.0334,=-0.0523,=5658.9003,=0.9960,=26.1322,=64.4017,=88.3827,=146.5145,=5800.2298,=3.1732,=0.6040,=2.2475,=2.7011,=3.0381,=3.6271,=5.0256,=5.6946,=0.8617,=3.7134,=4.7039,=5.1846,=5.5720,=6.4257,=0.0095,=0.5582,=0.0060,=0.0068,=0.0087,=0.0105,=0.0125,=0.0112,=0.0013,=0.0085,=30
="932368",800现金流,2024-12-11,=0.0011,=4841.9185,=-0.0532,=14.3195,=0.8080,=9.9108,=10.8378,=11.8640,=14.2706,=15.6891,=1.9459,=0.9601,=1.4048,=1.5409,=1.7156,=1.8860,=2.0110,=1.6322,=0.9850,=1.0036,=1.1050,=1.3256,=1.4357,=1.6611,=0.0349,=0.1172,=0.0311,=0.0355,=0.0420,=0.0470,=0.0553,=0.0283,=0.1177,=0.0451,=243
="931027",港股通大消费,2017-11-06,=0.0118,=2950.5805,=-0.0543,=23.6721,=0.4268,=14.6383,=20.4661,=25.1626,=51.5274,=105.3721,=2.8032,=0.1733,=2.2514,=2.8502,=3.2378,=4.3268,=9.1499,=1.6567,=0.3962,=1.0973,=1.4407,=1.7590,=2.4816,=5.7985,=0.0205,=0.6733,=0.0056,=0.0113,=0.0177,=0.0230,=0.0323,,=0.1064,,=47
="000988",全指工业,2011-08-02,=0.0098,=3902.4080,=-0.0547,=25.4417,=0.5814,=13.7285,=19.3778,=24.0655,=29.0045,=37.6625,=1.9594,=0.4528,=1.3866,=1.6512,=2.0090,=2.4178,=2.7728,=0.9189,=0.5393,=0.5551,=0.7455,=0.9002,=1.0567,=1.3765,=0.0172,=0.7194,=0.0076,=0.0094,=0.0141,=0.0193,=0.0256,=0.0185,=0.0650,=0.0170,=234
="000930",中证工业,2009-07-03,=0.0076,=3314.9843,=-0.0548,=22.7682,=0.7095,=13.1747,=16.3715,=20.2899,=23.9562,=30.4087,=1.8414,=0.4837,=1.3752,=1.5614,=1.8562,=2.1245,=2.6342,=0.8682,=0.7573,=0.5311,=0.6373,=0.7618,=0.8873,=1.0502,=0.0188,=0.7285,=0.0090,=0.0114,=0.0159,=0.0203,=0.0262,=0.0191,=0.0679,=0.0169,=322
="HSML25",恒生中国(香港上市)30指数,2003-01-20,=0.0013,=8932.7600,=-0.0560,=9.6327,=0.6285,=5.7712,=7.9426,=9.1051,=10.2875,=13.0207,=1.0554,=0.4235,=0.7256,=0.9443,=1.0796,=1.2096,=1.5098,=1.7511,=0.8108,=0.9123,=1.1617,=1.4462,=1.7387,=2.4187,=0.0347,=0.3467,=0.0247,=0.0321,=0.0368,=0.0450,=0.0643,,=0.1051,,=270
="H30356",800价值,2014-06-09,=-0.0026,=6273.6772,=-0.0561,=9.5279,=0.6565,=6.4024,=7.7089,=9.0628,=9.9415,=13.4784,=0.9437,=0.4164,=0.7030,=0.8639,=0.9843,=1.1663,=1.6287,=1.0624,=0.7744,=0.5868,=0.7407,=0.8852,=1.0827,=1.3738,=0.0395,=0.5575,=0.0239,=0.0336,=0.0386,=0.0475,=0.0589,=0.0232,=0.0908,=0.0237,=33
="HSHYLV",恒生港股通高股息低波动指数,2017-05-08,=-0.0057,=4216.1200,=-0.0564,=7.4688,=0.8207,=3.5572,=4.6551,=6.0119,=7.2740,=9.5068,=0.6730,=0.6212,=0.3828,=0.4859,=0.5859,=0.8107,=1.1073,=0.9012,=0.5484,=0.4386,=0.6587,=0.8507,=1.4088,=2.0623,=0.0539,=0.2126,=0.0385,=0.0531,=0.0641,=0.0817,=0.1103,,=0.0873,,=1548
="931588",1000价值稳健,2020-11-09,=-0.0021,=33821.2455,=-0.0564,=18.9773,=0.5537,=12.8074,=16.7491,=18.5012,=20.5454,=25.6024,=1.3754,=0.3930,=1.0253,=1.2781,=1.4301,=1.5591,=1.9102,=0.7867,=0.9642,=0.4756,=0.5547,=0.6290,=0.7030,=0.8427,=0.0270,=0.6830,=0.0168,=0.0207,=0.0251,=0.0291,=0.0392,=0.0162,=0.0641,=0.0212,=107
="987018",港股通创新药,2021-11-18,,,=-0.0567,=47.6367,=0.4719,=22.9379,=35.8809,=49.3420,=95.2731,=537.2167,=3.8932,=0.7217,=1.6768,=2.3123,=3.2472,=4.1374,=6.0885,=5.7763,=0.6188,=2.6005,=3.5746,=5.3323,=7.0528,=12.1954,=0.0078,=0.5713,=0.0023,=0.0056,=0.0073,=0.0142,=0.0182,,=0.0844,,=329
="980092",自由现金流,2012-12-28,=-0.0022,=5081.8800,=-0.0567,=13.4389,=0.6382,=11.1075,=12.2227,=12.9136,=14.3920,=16.4362,=1.4172,=0.0811,=1.2604,=1.4895,=1.5797,=1.6592,=1.8134,=0.8878,=0.2741,=0.7577,=0.8639,=0.9414,=0.9785,=1.0805,=0.0365,=0.4167,=0.0287,=0.0341,=0.0370,=0.0389,=0.0437,=0.0285,=0.1047,=0.0263,=1550
="000919",300价值,2008-01-21,=-0.0031,=5015.3672,=-0.0570,=8.9214,=0.6782,=5.9577,=7.3283,=8.4456,=9.2458,=12.2376,=0.8953,=0.3428,=0.6917,=0.8489,=0.9346,=1.1366,=1.5388,=1.1088,=0.8002,=0.6314,=0.7861,=0.9060,=1.1088,=1.3421,=0.0408,=0.5076,=0.0265,=0.0363,=0.0407,=0.0490,=0.0609,=0.0228,=0.0921,=0.0242,=4338
="931645",1000红利,2024-03-15,,,=-0.0571,=15.9667,=0.9208,=11.2896,=12.4491,=13.8026,=15.1287,=18.1886,=1.1495,=0.3064,=0.9871,=1.1266,=1.1902,=1.2432,=1.3469,=0.7278,=0.3580,=0.5734,=0.6764,=0.7532,=0.8124,=0.8871,=0.0344,=0.3046,=0.0305,=0.0338,=0.0363,=0.0408,=0.0471,=0.0179,=0.0646,=0.0199,=25
="932431",300质量,2025-03-18,=0.0071,=1929.2550,=-0.0573,=10.5732,=0.9560,=9.4685,=9.9901,=10.1507,=10.3624,=11.0156,=1.1406,=0.7243,=1.0616,=1.1024,=1.1289,=1.1455,=1.1879,=2.2448,=0.7889,=2.0194,=2.1495,=2.2026,=2.2464,=2.3386,=0.0345,=0.0381,=0.0331,=0.0358,=0.0375,=0.0392,=0.0487,=0.0253,=0.1012,=0.0271,=16
="HSCGSI",恒生消费指数,2015-08-17,=-0.0033,=2433.4500,=-0.0573,=14.7714,=0.0158,=13.5420,=17.8145,=20.3501,=46.8247,=191.0166,=2.5042,=0.4227,=1.6557,=2.1624,=2.5823,=3.0631,=4.3429,=1.3430,=0.2862,=0.9965,=1.2648,=1.5539,=1.8501,=2.9413,=0.0446,=0.9858,=0.0097,=0.0179,=0.0253,=0.0322,=0.0488,,=0.1743,,=864
="HSMI",恒生综合中型股指数,2001-10-03,=0.0132,=4694.5400,=-0.0578,=15.1068,=0.8599,=7.1837,=9.6380,=11.3188,=14.7441,=19.0737,=1.2306,=0.8035,=0.6229,=0.7817,=1.0105,=1.2289,=1.5312,=0.9906,=0.9419,=0.4186,=0.5569,=0.6726,=0.8198,=1.0938,=0.0295,=0.3443,=0.0208,=0.0280,=0.0329,=0.0427,=0.0675,,,,=162
="399295",创价值,2019-01-23,=0.0122,=5083.9800,=-0.0579,=35.3444,=0.4297,=20.8863,=26.8946,=39.7800,=56.5717,=73.8741,=6.7061,=0.6196,=3.7254,=4.6074,=5.8822,=8.9895,=11.5385,=5.0158,=0.4674,=2.5684,=3.4963,=5.3891,=9.1349,=12.8251,=0.0115,=0.6492,=0.0033,=0.0050,=0.0072,=0.0151,=0.0218,=0.0387,=0.1758,=0.0398,=610
="399986",中证银行,2013-07-15,=-0.0066,=7147.5500,=-0.0599,=6.8365,=0.7857,=4.1183,=5.2599,=6.3088,=6.8622,=9.0846,=0.6571,=0.3519,=0.4848,=0.5836,=0.7136,=0.8927,=1.2416,=2.5663,=0.8327,=1.4134,=1.7842,=2.1741,=2.5273,=3.3016,=0.0431,=0.3181,=0.0285,=0.0411,=0.0459,=0.0572,=0.0756,=0.0226,=0.0881,=0.0236,=9647
="000945",内地运输,2009-10-28,=-0.0051,=1388.8545,=-0.0602,=16.7806,=0.2662,=13.9394,=16.4494,=19.3178,=27.8199,=72.7429,=1.3334,=0.0647,=1.2245,=1.4038,=1.5565,=1.7752,=2.4452,=0.7675,=0.4075,=0.5140,=0.6447,=0.8987,=1.3712,=1.9188,=0.0295,=0.6724,=0.0105,=0.0141,=0.0178,=0.0327,=0.0436,=0.0219,=0.0581,=0.0167,=79
="000901",小康指数,2010-04-02,=0.0018,=5960.6700,=-0.0604,=10.7564,=0.4240,=8.5492,=9.9918,=10.9248,=12.5401,=15.5671,=1.0288,=0.0552,=0.9488,=1.0816,=1.2201,=1.4257,=1.7818,=1.0229,=0.6411,=0.7500,=0.8929,=0.9759,=1.0556,=1.2662,=0.0347,=0.7272,=0.0175,=0.0252,=0.0295,=0.0364,=0.0436,=0.0231,=0.0878,=0.0238,=255
="H30171",运输指数,2013-07-15,=-0.0061,=1518.1334,=-0.0613,=16.8975,=0.2989,=14.1889,=16.3501,=17.9831,=25.4032,=51.4445,=1.2850,=0.0587,=1.1914,=1.3516,=1.5017,=1.6858,=2.3737,=0.6805,=0.3679,=0.5217,=0.6285,=0.8403,=1.1907,=1.9196,=0.0285,=0.6797,=0.0111,=0.0149,=0.0200,=0.0304,=0.0375,=0.0207,=0.0585,=0.0181,=90
="930641",中证中药,2015-05-19,=0.0148,=8931.0316,=-0.0614,=21.8599,=0.0713,=17.1921,=24.0350,=28.8264,=32.8246,=45.5431,=2.1260,=0.0268,=1.8142,=2.4690,=2.9290,=3.5170,=4.0837,=2.2509,=0.0375,=1.9582,=2.4362,=2.8122,=3.5245,=4.5776,=0.0368,=0.9815,=0.0073,=0.0125,=0.0163,=0.0251,=0.0421,=0.0326,=0.0928,=0.0347,=902
="932365",中证现金流,2024-12-11,=0.0017,=4920.7328,=-0.0659,=14.6212,=0.8204,=10.1873,=10.9816,=12.1460,=14.5377,=15.8261,=1.6806,=0.2668,=1.4661,=1.6564,=1.7682,=1.8799,=2.0150,=0.9140,=0.0873,=0.8463,=1.1558,=1.3808,=1.5105,=1.6205,=0.0365,=0.2294,=0.0305,=0.0360,=0.0416,=0.0472,=0.0550,=0.0286,=0.1155,=0.0394,=722
="000910",300工业,2007-07-02,=0.0052,=2362.3256,=-0.0659,=19.3937,=0.5694,=12.1074,=14.2223,=18.6694,=21.7507,=26.7473,=1.6504,=0.3840,=1.2960,=1.5013,=1.7643,=2.0927,=2.8598,=0.7714,=0.6774,=0.4726,=0.5803,=0.7092,=0.8049,=1.0995,=0.0213,=0.7363,=0.0079,=0.0123,=0.0178,=0.0223,=0.0295,=0.0196,=0.0738,=0.0177,=14
="399806",环境治理,2014-07-21,=0.0028,=1291.4100,=-0.0689,=26.5373,=0.3164,=17.0172,=24.3835,=29.1340,=35.4986,=50.8764,=1.7041,=0.3704,=1.1727,=1.6033,=1.7684,=2.2311,=4.4901,=1.8578,=0.2328,=1.3064,=1.8348,=2.0722,=2.6698,=5.9378,=0.0166,=0.8620,=0.0037,=0.0083,=0.0105,=0.0154,=0.0215,=0.0205,=0.0536,=0.0189,=849
="H30095",医药红利,2013-07-02,,,=-0.0690,=17.1672,=0.1870,=14.6474,=17.2236,=19.6542,=27.1073,=34.8020,=1.7735,=0.1917,=1.4797,=1.7799,=2.4323,=3.1032,=4.2060,=1.0011,=0.2148,=0.7612,=0.9872,=1.5088,=2.0013,=2.8268,=0.0358,=0.9537,=0.0116,=0.0175,=0.0225,=0.0303,=0.0398,=0.0293,=0.1019,=0.0311,=97
="399324",深证红利,2006-01-24,=0.0056,=8513.4900,=-0.0697,=18.5373,=0.8657,=11.7065,=14.5845,=15.8136,=17.8819,=23.4132,=2.9381,=0.9201,=1.2884,=1.9036,=2.2148,=2.5227,=3.7254,=1.9334,=0.7557,=1.1033,=1.3622,=1.7495,=1.9654,=2.8578,=0.0328,=0.7561,=0.0151,=0.0225,=0.0278,=0.0353,=0.0452,=0.0424,=0.1345,=0.0450,=5223
="399266",创新能源,2022-09-29,=0.0276,=3289.2100,=-0.0717,=27.1164,=0.4796,=16.2861,=20.9104,=27.2747,=33.1758,=48.5339,=4.2014,=0.5311,=2.6837,=3.2170,=3.9469,=4.9534,=6.9087,=2.9023,=0.6266,=1.5028,=1.9478,=2.5919,=3.4867,=4.6740,=0.0146,=0.6352,=0.0024,=0.0067,=0.0123,=0.0167,=0.0211,=0.0402,=0.1508,=0.0347,=3
="931442",SHS科技100,2020-04-21,=0.0163,=9978.4902,=-0.0730,=19.2413,=0.4831,=11.6240,=15.1059,=19.4203,=24.5283,=40.7731,=2.7932,=0.5627,=1.5813,=1.9764,=2.6262,=4.0512,=6.9092,=1.8941,=0.5728,=1.0913,=1.4376,=1.7509,=2.5382,=5.0819,=0.0149,=0.5483,=0.0042,=0.0089,=0.0136,=0.0221,=0.0322,,=0.1199,,=29
="399995",基建工程,2015-03-12,=0.0015,=3615.6800,=-0.0744,=9.9823,=0.7565,=5.8673,=7.3439,=8.2803,=10.6580,=18.8590,=0.6488,=0.0194,=0.5815,=0.7216,=0.8926,=1.2874,=2.1834,=0.1829,=0.2497,=0.1368,=0.1784,=0.2029,=0.3316,=0.5478,=0.0277,=0.7351,=0.0106,=0.0190,=0.0246,=0.0289,=0.0415,=0.0129,=0.0543,=0.0158,=2693
="930709",香港证券,2015-07-13,=0.0066,=1305.6976,=-0.0750,=10.4518,=0.2216,=6.3679,=10.2387,=12.8134,=14.8886,=24.4010,=0.9612,=0.5049,=0.5308,=0.7588,=0.9580,=1.2082,=1.6136,=4.0179,=0.7541,=1.7834,=2.5970,=3.1590,=4.1596,=5.9903,=0.0344,=0.5476,=0.0202,=0.0265,=0.0337,=0.0402,=0.0726,,=0.0828,,=516
="931574",港股科技,2013-05-21,=0.0127,=1623.8839,=-0.0751,=25.7411,=0.4291,=16.3025,=22.8601,=27.0797,=42.7351,=59.3282,=2.9646,=0.5148,=1.8790,=2.5243,=2.9465,=3.5730,=8.1693,=1.8089,=0.3240,=1.3201,=1.6747,=1.9697,=2.8359,=5.7490,=0.0103,=0.8554,=0.0011,=0.0030,=0.0069,=0.0099,=0.0126,,=0.1080,,=272
="931024",港股通非银,2017-11-06,=0,=3970.1665,=-0.0752,=7.4556,=0.0292,=6.7549,=8.5243,=11.0054,=13.3095,=22.4310,=1.0144,=0.4453,=0.6237,=0.8523,=1.0422,=1.2210,=1.7592,=1.2491,=0.8105,=0.5870,=0.8771,=1.0184,=1.2313,=2.2002,=0.0392,=0.7294,=0.0165,=0.0268,=0.0346,=0.0413,=0.0611,,=0.1344,,=209
="399373",大盘价值,2010-01-04,=-0.0051,=7925.7900,=-0.0756,=8.5802,=0.5612,=5.4746,=6.8623,=8.3409,=9.1146,=11.9914,=0.8782,=0.3745,=0.6410,=0.8033,=0.9381,=1.1408,=1.5001,=1.1525,=0.8187,=0.5920,=0.7817,=0.9285,=1.1451,=1.4541,=0.0428,=0.5019,=0.0275,=0.0366,=0.0428,=0.0526,=0.0641,=0.0236,=0.0939,=0.0248,=332
="000827",中证环保,2012-09-25,=0.0140,=1719.9000,=-0.0771,=31.4313,=0.6354,=14.0379,=21.0113,=28.2574,=35.5499,=50.6551,=2.6713,=0.4433,=1.7878,=2.2200,=2.7951,=3.3836,=5.4589,=2.7104,=0.4948,=1.6068,=2.0649,=2.7227,=3.2490,=6.2202,=0.0171,=0.6625,=0.0061,=0.0097,=0.0148,=0.0192,=0.0249,=0.0211,=0.0761,=0.0181,=6264
="399994",信息安全,2015-03-12,=-0.0053,=1681.3900,=-0.0777,=59.0872,=0.3638,=35.0629,=52.9054,=67.0060,=85.7906,=183.5630,=3.6102,=0.3498,=2.3256,=3.3600,=3.8639,=4.4859,=6.2767,=2.7169,=0.1215,=2.1829,=2.8609,=3.2429,=3.8138,=5.1182,=0.0123,=0.9419,=0.0023,=0.0036,=0.0058,=0.0096,=0.0172,=0.0078,=0.0539,=0.0040,=90
="000812",细分机械,2012-04-11,=0.0114,=7093.4261,=-0.0779,=29.4127,=0.4458,=14.1771,=22.0432,=31.5679,=40.0039,=51.3583,=3.0230,=0.6803,=1.6005,=2.1653,=2.5309,=3.4006,=5.3964,=2.0543,=0.6555,=1.1287,=1.4635,=1.7327,=2.2906,=3.5603,=0.0163,=0.7775,=0.0047,=0.0079,=0.0116,=0.0168,=0.0237,=0.0226,=0.0835,=0.0173,=202
="931755",SEEE碳中和,2021-10-21,=0.0104,=1933.6101,=-0.0793,=23.8888,=0.7107,=13.4966,=17.4925,=21.3590,=24.8431,=29.4214,=2.3688,=0.4916,=1.7561,=1.9681,=2.3805,=2.7179,=3.9105,=1.4980,=0.8252,=0.8856,=1.0396,=1.2334,=1.4669,=2.3046,=0.0176,=0.4437,=0.0102,=0.0150,=0.0180,=0.0220,=0.0256,=0.0267,=0.0916,=0.0211,=141
="931573",HKC科技,2014-05-21,=0.0164,=2984.6638,=-0.0795,=25.9035,=0.3458,=18.3272,=24.2660,=28.2645,=39.6512,=82.7075,=3.1721,=0.3581,=2.3269,=2.9592,=3.3299,=4.2277,=10.6583,=2.0876,=0.3120,=1.5041,=1.9688,=2.2946,=3.3689,=8.3359,=0.0093,=0.9064,=0.0015,=0.0040,=0.0064,=0.0087,=0.0111,,=0.1200,,=304
="000925",基本面50,2009-02-26,=-0.0039,=4248.4049,=-0.0801,=9.7122,=0.6646,=6.2635,=7.9688,=9.1624,=10.0957,=12.7955,=1.0113,=0.4124,=0.7306,=0.9013,=1.0489,=1.1921,=1.5728,=1.0707,=0.7103,=0.6037,=0.7864,=0.9668,=1.1049,=1.4866,=0.0380,=0.5245,=0.0256,=0.0338,=0.0376,=0.0468,=0.0563,=0.0227,=0.0882,=0.0241,=4562
="1000009",深圳B股,1994-01-10,=0.0011,=1162.6700,=-0.0807,=-118.7530,=0.9889,=6.5509,=10.0230,=16.2476,=23.5351,=61.4680,=0.7605,=0.5608,=0.5585,=0.6590,=0.7322,=0.9246,=1.4530,=0.4672,=0.4664,=0.3544,=0.4194,=0.4782,=0.6266,=1.0969,=0.0336,=0.3362,=0.0205,=0.0266,=0.0369,=0.0449,=0.0610,,=0.0028,=0.0115,=203
="932369",1000现金流,2024-11-12,,,=-0.0808,=18.5323,=0.5687,=16.0705,=17.6698,=18.4193,=19.3644,=21.4836,=1.5654,=0.2820,=1.4251,=1.5347,=1.6444,=1.7545,=1.8728,=0.9156,=0.2915,=0.8034,=0.8880,=1.0107,=1.0636,=1.3230,=0.0264,=0.2370,=0.0230,=0.0261,=0.0272,=0.0286,=0.0311,=0.0245,=0.0821,=0.0237,=59
="HSMSI",恒生综合中小型股指数,2015-06-08,=0.0135,=2711.6700,=-0.0821,=16.6136,=0.8969,=7.2058,=10.0591,=12.4574,=15.6350,=18.8438,=1.1614,=0.7442,=0.6157,=0.7686,=1.0046,=1.2089,=1.4952,=0.8838,=0.8599,=0.4020,=0.5319,=0.6808,=0.8446,=1.0389,=0.0292,=0.3577,=0.0199,=0.0271,=0.0324,=0.0412,=0.0630,,,,=161
="000048",责任指数,2009-08-05,=0.0047,=1354.1300,=-0.0823,=12.1839,=0.8480,=7.8628,=9.5548,=10.5490,=11.8429,=14.1982,=1.3344,=0.5946,=0.9056,=1.1404,=1.2957,=1.4408,=1.7866,=1.1806,=0.9988,=0.5718,=0.6942,=0.8011,=0.9292,=1.1907,=0.0382,=0.6613,=0.0223,=0.0282,=0.0317,=0.0399,=0.0469,=0.0224,=0.0991,=0.0247,=131
="000063",上证周期,2010-02-03,=0.0049,=3722.5200,=-0.0826,=8.8052,=0.5740,=5.4761,=7.1362,=8.5973,=9.4385,=12.4946,=0.9190,=0.4199,=0.6668,=0.8368,=0.9549,=1.1065,=1.4831,=1.5168,=0.8607,=0.8113,=1.0636,=1.2496,=1.4512,=1.7571,=0.0378,=0.4042,=0.0252,=0.0350,=0.0386,=0.0518,=0.0626,=0.0245,=0.0975,=0.0256,=207
="000968",300周期,2010-05-28,,,=-0.0835,=9.4653,=0.6007,=6.1174,=7.8172,=9.1346,=10.2896,=13.3562,=0.9469,=0.4030,=0.7021,=0.8484,=0.9977,=1.1712,=1.5550,=1.5592,=0.8723,=0.8459,=1.0834,=1.2650,=1.5037,=1.8297,=0.0358,=0.4866,=0.0230,=0.0320,=0.0360,=0.0470,=0.0569,=0.0243,=0.0922,=0.0244,=102
="H30192",食品,2013-07-15,=0.0008,=5186.6110,=-0.0846,=27.5815,=0.1192,=20.6226,=29.8941,=33.2087,=39.1342,=57.5971,=2.6367,=0.0480,=2.3545,=2.9555,=4.5343,=5.7758,=10.5214,=1.5164,=0.0759,=1.2567,=1.6393,=2.3309,=2.8902,=4.8526,=0.0282,=0.9644,=0.0092,=0.0145,=0.0192,=0.0241,=0.0308,=0.0337,=0.0826,=0.0319,=16
="000029",180价值,2009-01-09,=-0.0038,=4072.7800,=-0.0854,=8.1110,=0.6168,=5.6894,=6.9075,=7.8742,=8.5073,=10.8138,=0.8090,=0.2279,=0.6666,=0.8014,=0.8573,=1.0653,=1.4433,=1.0951,=0.8632,=0.6198,=0.7825,=0.9448,=1.0725,=1.4032,=0.0411,=0.3066,=0.0290,=0.0395,=0.0429,=0.0522,=0.0634,=0.0228,=0.0896,=0.0243,=557
="000977",内地低碳,2011-01-21,=0.0126,=1904.8977,=-0.0862,=29.7959,=0.6251,=13.7595,=20.8967,=26.8335,=35.4182,=50.3864,=2.7634,=0.4252,=1.9264,=2.3844,=2.8744,=3.6471,=6.0727,=2.7923,=0.4850,=1.6847,=2.2202,=2.8257,=3.3926,=6.7765,=0.0182,=0.7268,=0.0061,=0.0100,=0.0158,=0.0194,=0.0258,=0.0220,=0.0823,=0.0200,=392
="000052",50基本,2012-01-09,=0.0008,=2761.6200,=-0.0867,=11.5490,=0.7956,=8.3126,=9.6664,=10.5125,=11.5639,=15.1108,=1.2540,=0.5674,=1.0245,=1.1706,=1.2384,=1.3328,=1.6471,=1.6232,=0.9885,=0.8665,=1.0185,=1.1340,=1.2936,=1.6553,=0.0316,=0.3984,=0.0238,=0.0291,=0.0328,=0.0398,=0.0497,=0.0249,=0.1007,=0.0262,=27
="H30217",医疗器械,2013-07-15,=0.0246,=8902.8333,=-0.0932,=42.4428,=0.5830,=17.1055,=29.5762,=39.4507,=56.7546,=81.2162,=2.7455,=0.0301,=2.4731,=3.2179,=4.7664,=6.5700,=11.6091,=4.9424,=0.0754,=4.1030,=5.3396,=6.0341,=8.1791,=13.3528,=0.0148,=0.7379,=0.0035,=0.0052,=0.0075,=0.0156,=0.0236,=0.0184,=0.0626,=0.0209,=1338
="399814",大农业,2014-07-22,=0.0048,=1086.8400,=-0.0936,=25.0550,=0.3037,=17.8693,=23.4731,=28.1051,=32.5397,=111.7688,=2.8243,=0.1286,=2.4368,=2.9184,=3.2666,=4.3740,=6.4483,=1.5468,=0.2550,=1.2031,=1.4984,=1.8123,=2.3352,=3.7145,=0.0266,=0.9625,=0.0100,=0.0141,=0.0172,=0.0229,=0.0287,=0.0257,=0.1209,=0.0380,=774
="930771",CS新能源,2015-12-16,,,=-0.0947,=34.7833,=0.5127,=11.2377,=23.3105,=34.4868,=44.9850,=62.8342,=2.6513,=0.4305,=1.7615,=2.1634,=2.8668,=3.8919,=7.2156,=2.2825,=0.5303,=1.2791,=1.6715,=2.2198,=3.0832,=6.6822,=0.0134,=0.7394,=0.0028,=0.0058,=0.0094,=0.0155,=0.0247,=0.0221,=0.0668,=0.0165,=34
="980032",新能电池,2015-02-17,=0.0150,=14249.1100,=-0.0950,=25.5515,=0.3331,=14.3994,=22.4614,=30.1899,=81.2125,=130.4039,=3.6615,=0.3229,=2.4545,=3.3513,=4.2528,=7.6581,=11.8091,=2.0007,=0.3923,=1.1163,=1.6875,=2.2367,=4.8934,=7.8642,=0.0130,=0.7107,=0.0011,=0.0018,=0.0083,=0.0155,=0.0224,=0.0362,=0.1357,=0.0304,=753
="000963",中证下游,2010-04-16,,,=-0.0952,=22.3740,=0.2213,=17.2626,=22.2745,=25.2703,=33.1012,=51.0836,=2.3106,=0.0334,=2.0766,=2.5715,=3.0624,=3.4358,=5.6334,=1.5182,=0.1014,=1.2209,=1.6081,=1.7595,=2.0795,=3.4797,=0.0288,=0.9600,=0.0087,=0.0135,=0.0160,=0.0263,=0.0315,=0.0267,=0.0958,=0.0301,=31
="H30178",医疗保健,2013-07-15,=0.0235,=12276.2668,=-0.0956,=41.8924,=0.4363,=19.5848,=32.8016,=44.9429,=65.4509,=123.2936,=2.7986,=0.0284,=2.5190,=3.3649,=5.5323,=7.3335,=12.4381,=4.5996,=0.0293,=4.1521,=5.3712,=6.2312,=8.1023,=14.2518,=0.0143,=0.7606,=0.0029,=0.0041,=0.0059,=0.0149,=0.0219,=0.0196,=0.0653,=0.0216,=558
="HSSCNE",恒生港股通新经济指数,2018-01-08,=0.0128,=3883.3100,=-0.0962,=23.7168,=0.4766,=15.8046,=20.7769,=24.0222,=28.3724,=53.5009,=2.8745,=0.5367,=1.7963,=2.2567,=2.8234,=3.4668,=6.9059,=2.0414,=0.5272,=1.4023,=1.7311,=1.9944,=2.5497,=5.3019,=0.0105,=0.4586,=0.0041,=0.0086,=0.0108,=0.0166,=0.0252,,=0.1277,,=205
="931412",证券公司30,2020-02-20,=-0.0010,=1467.8732,=-0.0973,=13.9750,=0.0496,=12.7557,=16.0135,=18.5180,=22.6031,=36.9291,=1.2973,=0.2654,=1.0327,=1.2673,=1.4415,=1.6975,=2.4365,=5.5753,=0.5029,=3.9462,=5.0323,=5.5722,=6.7025,=9.6353,=0.0216,=0.8135,=0.0091,=0.0147,=0.0168,=0.0212,=0.0256,=0.0228,=0.0861,=0.0218,=32
="980028",龙头家电,2015-02-16,=-0.0037,=11356.1600,=-0.0979,=14.1014,=0.3215,=11.8600,=13.7092,=14.5787,=18.4431,=31.1013,=2.4674,=0.0322,=2.2513,=2.6453,=2.8937,=3.6484,=5.1202,=1.2567,=0.3399,=0.9787,=1.2036,=1.3260,=1.4735,=2.2318,=0.0451,=0.9741,=0.0174,=0.0268,=0.0333,=0.0399,=0.0472,=0.0430,=0.1789,=0.0477,=186
="000069",消费80,2010-05-28,=0.0218,=4427.6100,=-0.0980,=22.7928,=0.2827,=16.4356,=22.3028,=24.9025,=33.0497,=60.5019,=3.0817,=0.1595,=2.4642,=3.1928,=3.5456,=4.8097,=7.6372,=1.8484,=0.4446,=1.0743,=1.5087,=1.9150,=2.7436,=3.8795,=0.0265,=0.9650,=0.0078,=0.0117,=0.0182,=0.0234,=0.0296,=0.0378,=0.1324,=0.0420,=942
="930614",环保50,2015-04-07,=0.0133,=2070.6642,=-0.0983,=29.7959,=0.6671,=13.7595,=20.5125,=26.8230,=35.1194,=50.3864,=2.7634,=0.4211,=1.9059,=2.3842,=2.8859,=3.6683,=6.0727,=2.7923,=0.4664,=1.6847,=2.2438,=2.8782,=3.3746,=6.6309,=0.0182,=0.6658,=0.0061,=0.0100,=0.0160,=0.0201,=0.0258,=0.0222,=0.0831,=0.0199,=207
="931798",光伏龙头30,2009-06-16,=0.0228,=1875.9008,=-0.0987,=27.0281,=0.5604,=8.0886,=17.2411,=24.1594,=37.6614,=66.5518,=2.2362,=0.3939,=1.6869,=2.0260,=2.4208,=4.5878,=8.3847,=2.3518,=0.6893,=0.9999,=1.3450,=1.7109,=3.0761,=5.7040,=0.0118,=0.5464,=0.0027,=0.0059,=0.0110,=0.0206,=0.0351,=0.0172,=0.0745,=0.0196,=200
="399807",高铁产业,2015-01-20,=-0.0058,=1118.8800,=-0.0993,=12.2841,=0.3762,=9.4881,=11.2215,=12.7758,=15.1930,=24.3532,=0.7688,=0.0111,=0.7241,=0.9155,=1.0263,=1.4541,=2.3973,=0.3927,=0.3136,=0.3063,=0.3760,=0.4208,=0.4663,=0.6435,=0.0308,=0.9407,=0.0090,=0.0146,=0.0236,=0.0279,=0.0348,=0.0121,=0.0541,=0.0137,=594
="000818",细分金融,2012-04-11,,,=-0.1000,=7.4214,=0.3980,=5.2356,=6.4974,=7.6887,=8.4810,=10.9951,=0.7641,=0.2814,=0.5930,=0.7010,=0.8762,=1.0861,=1.4303,=2.2467,=0.7800,=1.2689,=1.6354,=2.0031,=2.2649,=2.9111,=0.0390,=0.5797,=0.0239,=0.0331,=0.0375,=0.0471,=0.0625,=0.0231,=0.0956,=0.0246,=9
="931733",绿色能源,2021-08-19,=0.0154,=4702.9244,=-0.1011,=30.6491,=0.4468,=12.7308,=19.2095,=32.4244,=41.3945,=65.3510,=3.1644,=0.3977,=2.3311,=2.7923,=3.4964,=5.4326,=8.0150,=2.1292,=0.4276,=1.3651,=1.7832,=2.2978,=4.2289,=7.5185,=0.0159,=0.5582,=0.0043,=0.0069,=0.0149,=0.0214,=0.0259,=0.0248,=0.0932,=0.0189,=28
="399412",国证新能,2014-05-16,=0.0147,=2653.7600,=-0.1036,=31.3373,=0.6246,=13.6858,=20.0843,=24.8375,=40.0619,=66.6027,=2.8551,=0.5665,=1.6349,=2.2652,=2.7236,=3.9698,=7.3016,=1.8632,=0.6424,=0.7993,=1.1878,=1.5562,=2.5873,=5.3757,=0.0141,=0.4405,=0.0032,=0.0058,=0.0152,=0.0184,=0.0274,=0.0217,=0.0862,=0.0211,=362
="000934",中证金融,2009-07-03,=-0.0041,=5612.5800,=-0.1047,=8.0235,=0.4689,=5.7083,=6.8944,=8.1018,=8.8714,=11.5527,=0.7692,=0.2686,=0.6117,=0.7181,=0.8918,=1.1405,=1.5017,=2.1143,=0.8191,=1.1467,=1.4503,=1.8025,=2.0950,=2.6696,=0.0377,=0.5711,=0.0232,=0.0331,=0.0366,=0.0445,=0.0593,=0.0220,=0.0873,=0.0231,=1155
="399975",证券公司,2013-07-15,=-0.0014,=763.2200,=-0.1049,=15.0725,=0.0276,=13.2793,=18.6762,=21.4855,=26.4841,=46.0250,=1.3095,=0.2196,=1.0494,=1.3006,=1.5445,=1.8554,=2.4199,=5.8308,=0.3465,=4.0997,=5.4620,=6.3233,=7.4089,=10.0865,=0.0202,=0.8063,=0.0082,=0.0129,=0.0150,=0.0201,=0.0249,=0.0211,=0.0810,=0.0201,=9869
="000992",全指金融,2011-08-02,=-0.0044,=5360.1000,=-0.1049,=8.1812,=0.4607,=5.9310,=7.1022,=8.2820,=9.0288,=11.6339,=0.7697,=0.2637,=0.6188,=0.7234,=0.8991,=1.1497,=1.5107,=2.1084,=0.8175,=1.1568,=1.4432,=1.8067,=2.0867,=2.6668,=0.0373,=0.5777,=0.0229,=0.0327,=0.0360,=0.0437,=0.0581,=0.0217,=0.0846,=0.0227,=2705
="000941",新能源,2009-10-28,=0.0194,=2302.4853,=-0.1054,=23.3471,=0.2950,=10.2578,=20.0248,=28.6938,=37.3773,=57.4660,=3.0162,=0.5414,=1.8262,=2.2548,=2.9560,=3.8432,=8.1424,=2.5813,=0.6708,=1.2704,=1.5650,=2.2655,=2.9648,=7.0320,=0.0167,=0.7664,=0.0031,=0.0063,=0.0102,=0.0183,=0.0268,=0.0322,=0.1201,=0.0313,=2472
="399417",新能源车,2014-09-24,=0.0095,=3477.1300,=-0.1061,=25.7195,=0.3873,=14.2186,=20.9718,=30.0127,=55.7751,=106.6289,=3.5165,=0.5307,=1.6630,=2.3823,=3.4487,=4.5206,=9.6468,=1.9473,=0.5670,=0.6730,=1.0543,=1.8506,=2.4579,=6.6041,=0.0136,=0.5756,=0.0016,=0.0053,=0.0122,=0.0183,=0.0316,=0.0339,=0.1319,=0.0293,=2440
="932152",港股通成长策略,2025-04-30,=0.0124,=1183.6298,=-0.1064,=18.5967,=0.4313,=16.5252,=18.0530,=18.7575,=21.0686,=22.5567,=2.3473,=0.2045,=2.1900,=2.3454,=2.7027,=2.8179,=3.0449,=1.7570,=0.1118,=1.6549,=1.8767,=2.0688,=2.2112,=2.3595,=0.0204,=0.7316,=0.0152,=0.0176,=0.0193,=0.0208,=0.0248,,=0.1305,,=11
="HSSCITI",恒生港股通科技主题指数,2023-07-01,=0.0089,=2603.6500,=-0.1067,=23.1115,=0.4013,=15.2810,=21.1825,=23.8077,=26.9546,=33.8690,=2.8054,=0.3263,=2.1914,=2.7058,=2.9238,=3.4085,=4.1810,=2.3613,=0.6303,=1.5305,=1.8491,=2.1318,=2.7174,=3.5648,=0.0092,=0.8605,=0.0061,=0.0075,=0.0084,=0.0091,=0.0106,,=0.1205,,=85
="000018",180金融,2007-12-10,=-0.0042,=5306.2200,=-0.1068,=7.2715,=0.3939,=5.2016,=6.4287,=7.5006,=8.3012,=10.8609,=0.7507,=0.2798,=0.5902,=0.6965,=0.8601,=1.0636,=1.4199,=2.1839,=0.7742,=1.2355,=1.5824,=1.9616,=2.2133,=2.8772,=0.0400,=0.5546,=0.0246,=0.0353,=0.0392,=0.0493,=0.0636,=0.0229,=0.0959,=0.0245,=777
="931151",光伏产业,2019-04-22,=0.0234,=2552.6348,=-0.1068,=-691.0400,=0.8921,=9.5087,=20.6450,=38.2903,=73.0911,=2491.4939,=2.1070,=0.3537,=1.5562,=1.9281,=2.6102,=4.4713,=6.9801,=1.8718,=0.5220,=0.8897,=1.2491,=1.8129,=3.1875,=5.9137,=0.0084,=0.4667,=0.0030,=0.0055,=0.0090,=0.0197,=0.0300,=0.0016,=0.0012,=0.0005,=2736
="930697",家用电器,2015-07-07,=-0.0018,=11419.1348,=-0.1072,=16.0706,=0.3177,=12.0193,=15.4243,=17.0105,=19.8234,=32.1495,=2.4797,=0.0775,=2.2889,=2.6612,=3.2373,=3.9701,=5.2226,=1.2367,=0.3309,=0.9879,=1.1843,=1.2977,=1.6199,=2.3694,=0.0393,=0.9769,=0.0137,=0.0223,=0.0266,=0.0334,=0.0418,=0.0370,=0.1413,=0.0419,=1739
="399437",证券龙头,2014-12-30,=-0.0021,=6077.4800,=-0.1078,=14.3239,=0.0313,=12.9130,=17.3586,=19.9972,=25.0353,=43.0253,=1.3182,=0.2405,=1.0547,=1.2957,=1.5236,=1.8091,=2.3633,=5.6958,=0.3785,=3.9970,=5.3436,=6.1998,=7.2498,=9.5068,=0.0211,=0.8118,=0.0092,=0.0139,=0.0161,=0.0209,=0.0262,=0.0223,=0.0851,=0.0215,=709
="000914",300金融,2007-07-02,=-0.0042,=5993.4100,=-0.1078,=7.7344,=0.4499,=5.2769,=6.6022,=7.8468,=8.6017,=11.3863,=0.7588,=0.2686,=0.5962,=0.7048,=0.8848,=1.1272,=1.4919,=2.1075,=0.8035,=1.1210,=1.4310,=1.8124,=2.1030,=2.7052,=0.0387,=0.5698,=0.0235,=0.0340,=0.0376,=0.0467,=0.0618,=0.0223,=0.0897,=0.0236,=345
="980022",机器人产业,2015-02-25,=0.0107,=2366.5600,=-0.1082,=57.9862,=0.8124,=13.7974,=16.6832,=20.4240,=46.8312,=93.9438,=4.7842,=0.7955,=2.5198,=3.0601,=3.6577,=4.8067,=6.2730,=3.9934,=0.8055,=1.0172,=1.2358,=1.4349,=3.9412,=5.9220,=0.0056,=0.1901,=0.0039,=0.0077,=0.0203,=0.0296,=0.0381,=0.0186,=0.0892,=0.0245,=335
="931456",中国教育,2020-04-21,=0.0007,=1078.2376,=-0.1104,=30.5511,=0.0024,=29.1624,=55.2027,=93.0781,=-135.3486,=28609.2511,=2.8212,=0.4326,=1.5831,=2.4458,=2.9395,=3.7919,=9.7545,=2.7688,=0.2117,=1.7011,=2.7475,=3.3525,=4.6904,=11.2012,=0.0077,=0.3927,=0.0035,=0.0059,=0.0082,=0.0099,=0.0209,,=0.0593,,=176
="931402",证券先锋,2020-01-14,=-0.0018,=1854.7626,=-0.1106,=14.9741,=0.0365,=13.6795,=17.2869,=20.7301,=25.7637,=41.4692,=1.3124,=0.2579,=1.0487,=1.2875,=1.4567,=1.7451,=2.4715,=5.8258,=0.4478,=4.0917,=5.3158,=5.9018,=7.0519,=10.0278,=0.0204,=0.8126,=0.0081,=0.0134,=0.0150,=0.0202,=0.0246,=0.0214,=0.0819,=0.0203,=95
="931371",品牌消费100,2019-11-25,,,=-0.1124,=16.9210,=0.1352,=14.6106,=17.3136,=21.9217,=30.5980,=41.6881,=3.2017,=0.0381,=2.8278,=3.6850,=4.5006,=6.5380,=9.5576,=2.1123,=0.2096,=1.7483,=2.1059,=2.6372,=3.8627,=5.3339,=0.0440,=0.9816,=0.0095,=0.0157,=0.0228,=0.0370,=0.0479,=0.0505,=0.1847,=0.0654,=7
="950096",上海国企,2016-05-11,=-0.0025,=1342.5900,=-0.1126,=14.0318,=0.6522,=8.9055,=11.0343,=12.5713,=15.1974,=16.5992,=1.0810,=0.4417,=0.7269,=0.8713,=1.1216,=1.4658,=2.0186,=1.1697,=0.8665,=0.5842,=0.6832,=0.8504,=1.1435,=1.2890,=0.0222,=0.2579,=0.0177,=0.0207,=0.0257,=0.0281,=0.0334,=0.0189,=0.0761,=0.0213,=171
="980027",新能源电池,2015-02-16,=0.0204,=2994.8700,=-0.1135,=25.2922,=0.5373,=16.8641,=21.1197,=25.0150,=30.5174,=35.7610,=4.0771,=0.6471,=2.5249,=3.0385,=3.4821,=4.4241,=5.0827,=2.7380,=0.6837,=1.4888,=1.9082,=2.4138,=3.2457,=3.8612,=0.0166,=0.5948,=0.0052,=0.0081,=0.0152,=0.0185,=0.0213,=0.0376,=0.1513,=0.0348,=111
="930608",中证基建,2015-03-31,=-0.0040,=7518.0973,=-0.1141,=10.3437,=0.4763,=6.6667,=8.6208,=10.4496,=13.5092,=25.2863,=0.7226,=0.0231,=0.6550,=0.8084,=1.0960,=1.4230,=2.2134,=0.2187,=0.1916,=0.1701,=0.2198,=0.3334,=0.4666,=0.7101,=0.0294,=0.8331,=0.0095,=0.0174,=0.0214,=0.0291,=0.0388,=0.0141,=0.0583,=0.0170,=659
="399808",中证新能,2015-02-10,=0.0194,=2491.8700,=-0.1148,=34.7833,=0.4784,=11.2377,=23.4990,=35.9319,=45.7678,=62.8342,=2.6513,=0.4129,=1.7615,=2.1712,=2.9073,=3.8504,=7.2277,=2.2825,=0.5192,=1.2791,=1.6778,=2.2470,=3.0254,=6.6822,=0.0134,=0.7499,=0.0029,=0.0058,=0.0091,=0.0152,=0.0247,=0.0221,=0.0668,=0.0165,=1314
="931021",家电龙头,2017-10-17,=-0.0035,=15954.0954,=-0.1169,=15.0530,=0.3852,=11.3343,=14.2712,=15.7211,=19.2755,=31.7589,=2.5346,=0.1251,=2.3641,=2.6308,=3.0434,=3.8984,=5.4650,=1.2324,=0.4953,=0.8457,=1.1181,=1.2343,=1.4810,=2.4102,=0.0418,=0.9795,=0.0135,=0.0213,=0.0285,=0.0358,=0.0436,=0.0396,=0.1676,=0.0453,=35
="931454",港股通消费,2020-03-06,=-0.0057,=1358.7321,=-0.1173,=14.5661,=0.0164,=13.3496,=20.4208,=26.9611,=36.2979,=64.7193,=2.4709,=0.0227,=2.2532,=3.1540,=3.6324,=5.0909,=8.9519,=1.3095,=0.0158,=1.1976,=1.9151,=2.3740,=3.5582,=6.6047,=0.0455,=0.9735,=0.0043,=0.0072,=0.0119,=0.0151,=0.0498,,=0.1670,,=395
="HSSCT",恒生港股通中国科技指数,2020-02-01,=0.0092,=6612.9700,=-0.1184,=23.1775,=0.3097,=15.0039,=21.9437,=24.7710,=32.0452,=55.7647,=2.7941,=0.3657,=1.8368,=2.6347,=3.0207,=4.6303,=8.0840,=2.3653,=0.5321,=1.1354,=1.8421,=2.3217,=3.1942,=6.0217,=0.0091,=0.8436,=0.0020,=0.0040,=0.0070,=0.0088,=0.0108,,=0.1202,,=100
="931719",CS电池,2013-07-15,=0.0175,=3747.8618,=-0.1186,=25.8950,=0.1825,=15.7007,=26.3344,=39.3601,=63.6656,=121.8822,=3.8013,=0.4615,=1.9771,=2.9292,=3.9189,=5.7588,=11.8941,=2.5932,=0.4021,=1.2782,=2.0990,=2.9942,=4.6148,=9.5565,=0.0150,=0.8508,=0.0012,=0.0035,=0.0067,=0.0124,=0.0220,=0.0377,=0.1370,=0.0297,=569
="HSTECH",恒生科技指数,2020-07-01,=0.0078,=4858.2900,=-0.1192,=23.9043,=0.3991,=14.7293,=21.7998,=25.9141,=41.9458,=73.7725,=2.6692,=0.4260,=1.7280,=2.3867,=2.7817,=3.7455,=8.3408,=1.7226,=0.2147,=1.2545,=1.7099,=2.0247,=3.1494,=6.6932,=0.0116,=0.8957,=0.0010,=0.0021,=0.0060,=0.0109,=0.0135,,=0.1209,,=7357
="399976",CS新能车,2014-11-28,=0.0137,=3920.5800,=-0.1221,=26.5263,=0.2476,=13.8890,=22.9016,=34.2095,=62.1175,=231.2544,=3.3924,=0.2913,=2.0896,=3.0970,=3.8551,=6.2213,=11.9870,=1.9582,=0.2884,=0.7703,=1.7976,=2.2978,=4.1916,=9.1824,=0.0121,=0.7602,=0.0014,=0.0031,=0.0075,=0.0134,=0.0276,=0.0343,=0.1248,=0.0265,=2023
="930794",中美互联网,2016-04-22,,,=-0.1233,=19.8381,=0.0015,=19.4826,=27.9640,=32.4589,=38.0931,=50.5410,=5.2954,=0.1397,=3.5920,=5.6658,=6.5708,=7.5414,=9.2259,=4.7310,=0.4371,=2.2940,=3.8795,=4.8596,=5.5740,=7.0802,=0.0027,=0.6013,=0.0004,=0.0006,=0.0017,=0.0033,=0.0053,,=0.2458,,=432
="931139",CS消费50,2019-03-20,=-0.0051,=13985.3558,=-0.1234,=16.5044,=0.0597,=14.9525,=18.0273,=23.8463,=30.0534,=47.8630,=3.2769,=0.0324,=2.8552,=3.9963,=5.3136,=7.0367,=12.5456,=2.1096,=0.0151,=1.9104,=2.5759,=3.1286,=4.4598,=9.1270,=0.0439,=0.9749,=0.0083,=0.0160,=0.0213,=0.0361,=0.0484,=0.0528,=0.1922,=0.0638,=2226
="931239",港股通汽车,2022-07-21,=0.0044,=2023.3869,=-0.1244,=26.0248,=0.8183,=12.1049,=14.3487,=17.1035,=23.9095,=32.0714,=2.8396,=0.8822,=1.2076,=1.4393,=1.5936,=2.2226,=3.5989,=1.4235,=0.8283,=0.6024,=0.6858,=0.7581,=1.1052,=1.7776,=0.0135,=0.1679,=0.0091,=0.0154,=0.0204,=0.0227,=0.0338,,=0.1152,,=51
="399804",中证体育,2015-02-09,=-0.0017,=1733.6000,=-0.1260,=25.9901,=0.2596,=17.8349,=25.1784,=31.0639,=43.9091,=87.8807,=2.9438,=0.3511,=2.0588,=2.7255,=3.1882,=3.7725,=5.5714,=2.5221,=0.3453,=1.7235,=2.3137,=2.8425,=3.9945,=7.1775,=0.0208,=0.8257,=0.0037,=0.0071,=0.0123,=0.0204,=0.0296,=0.0257,=0.0922,=0.0231,=302
="930997",新能源车,2017-07-19,=0.0139,=2650.7310,=-0.1273,=26.6829,=0.3344,=14.0460,=20.4809,=31.6151,=76.7572,=171.6022,=3.3994,=0.4454,=1.7502,=2.4283,=3.6597,=6.0455,=11.4567,=1.9664,=0.4372,=0.7652,=1.2068,=2.1463,=3.8944,=8.7389,=0.0121,=0.5860,=0.0014,=0.0031,=0.0109,=0.0182,=0.0289,=0.0346,=0.1243,=0.0266,=1982
="931783",智能驾驶,2022-02-21,,,=-0.1277,=37.9817,=0.1041,=31.9944,=39.9120,=46.4154,=68.4321,=98.5983,=3.1557,=0.1253,=2.5981,=3.3193,=3.5621,=3.9497,=4.9384,=1.7125,=0.1926,=1.3276,=1.7195,=1.9284,=2.1198,=2.7953,=0.0092,=0.9668,=0.0048,=0.0063,=0.0071,=0.0081,=0.0101,=0.0149,=0.0928,=0.0256,=19
="H11052",智能电车,2009-07-22,=0.0104,=3693.4324,=-0.1298,=26.1010,=0.1957,=16.1153,=26.2856,=32.8448,=63.3646,=148.6443,=3.5198,=0.3486,=2.6129,=3.1950,=3.8827,=5.5107,=9.7804,=1.7983,=0.3432,=1.2507,=1.6563,=2.0374,=3.2736,=6.6252,=0.0118,=0.8344,=0.0021,=0.0035,=0.0091,=0.0112,=0.0189,=0.0316,=0.1293,=0.0281,=195
="931663",SHS消费龙头,2015-03-13,=-0.0048,=1766.6743,=-0.1306,=17.6532,=0.0456,=14.4278,=20.0613,=26.6349,=37.0770,=57.5191,=2.9668,=0.0242,=2.5314,=3.4003,=4.3130,=6.1339,=13.5979,=1.8672,=0.1919,=1.3592,=1.8784,=2.3925,=3.4165,=7.5123,=0.0297,=0.9321,=0.0069,=0.0133,=0.0170,=0.0253,=0.0421,,=0.1411,,=227
="000036",上证消费,2009-01-09,=0.0051,=9429.7600,=-0.1310,=19.8408,=0.0243,=17.8817,=22.7893,=31.6672,=40.5919,=69.3963,=4.6079,=0.1199,=3.7240,=5.2250,=6.5384,=9.2057,=14.9810,=4.2664,=0.2456,=1.9092,=3.9664,=4.8718,=7.3411,=10.9001,=0.0389,=0.9856,=0.0071,=0.0114,=0.0157,=0.0304,=0.0429,=0.0773,=0.2393,=0.0858,=2325
="399971",中证传媒,2014-04-15,=0.0048,=1278.8500,=-0.1313,=35.2595,=0.5303,=18.4593,=27.0874,=34.6718,=44.2533,=90.0483,=2.3504,=0.3539,=1.5359,=2.1284,=2.5508,=3.2303,=5.3792,=2.7350,=0.2588,=1.9674,=2.6355,=3.1681,=4.5081,=7.0261,=0.0181,=0.6914,=0.0038,=0.0090,=0.0128,=0.0206,=0.0294,=0.0163,=0.0602,=0.0206,=6338
="399966",800证保,2012-12-21,=-0.0020,=5731.8400,=-0.1332,=9.8897,=0.0247,=9.1408,=13.5760,=15.9948,=19.7375,=27.1945,=1.2807,=0.1660,=1.0619,=1.3014,=1.5937,=2.0378,=2.4366,=1.8382,=0.5554,=1.1634,=1.5249,=1.7817,=2.0457,=2.5211,=0.0273,=0.8908,=0.0122,=0.0160,=0.0213,=0.0242,=0.0329,=0.0247,=0.1256,=0.0286,=182
="H30588",中证证保,2015-02-02,=-0.0020,=973.2344,=-0.1333,=9.8935,=0.0247,=9.1443,=13.5487,=16.0870,=19.5891,=27.6808,=1.2793,=0.1628,=1.0752,=1.3008,=1.5989,=2.0352,=2.4238,=1.8410,=0.5711,=1.1673,=1.5178,=1.7718,=2.0128,=2.5500,=0.0273,=0.8937,=0.0121,=0.0160,=0.0213,=0.0241,=0.0328,=0.0246,=0.1254,=0.0286,=477
="930746",港中小企,2015-08-26,=0.0087,=2329.6181,=-0.1337,=20.6643,=0.8977,=7.8499,=11.1100,=14.2745,=18.1902,=36.0739,=0.9530,=0.3920,=0.6829,=0.8308,=1.0745,=1.2267,=1.6951,=0.6866,=0.5041,=0.3939,=0.5282,=0.6842,=0.8171,=1.1520,=0.0370,=0.5667,=0.0210,=0.0269,=0.0334,=0.0436,=0.0585,,=0.0299,,=210
="931480",线上消费,2020-05-06,=0.0031,=727.8788,=-0.1346,=55.7120,=0.4352,=33.5813,=47.8369,=65.7662,=96.3301,=132.5169,=3.0857,=0.5010,=1.9483,=2.5187,=3.0849,=3.6908,=5.0305,=3.0991,=0.8486,=1.1811,=1.5073,=1.8321,=2.9205,=4.8094,=0.0102,=0.8453,=0.0051,=0.0066,=0.0085,=0.0098,=0.0133,=0.0131,=0.0458,=0.0190,=76
="931747",中证储能,2021-10-15,,,=-0.1347,=24.8215,=0.3301,=16.6670,=22.2017,=27.5720,=52.7707,=124.6415,=3.9960,=0.2263,=3.1109,=3.9491,=4.6190,=6.9061,=12.5394,=2.0920,=0.4179,=1.2712,=1.7132,=2.2548,=3.7288,=8.7019,=0.0148,=0.7054,=0.0008,=0.0019,=0.0121,=0.0159,=0.0191,=0.0355,=0.1665,=0.0400,=138
="931404",SHS品牌消费50,2020-02-20,=-0.0051,=2334.6093,=-0.1353,=17.0362,=0.0740,=15.2551,=18.2270,=21.4760,=30.0411,=52.1290,=4.0582,=0.0606,=3.2381,=4.5535,=5.2350,=7.2364,=13.2899,=3.4381,=0.3590,=2.1582,=3.1776,=4.0351,=6.3580,=12.0094,=0.0253,=0.7927,=0.0048,=0.0094,=0.0173,=0.0261,=0.0383,,=0.2165,,=137
="399286",区块链50,2019-12-24,=-0.0064,=3460.3500,=-0.1364,=17.3431,=0.1577,=13.8844,=17.8082,=20.7612,=28.4933,=40.1853,=1.9715,=0.2986,=1.4262,=1.8641,=2.1146,=2.7324,=3.6332,=1.8152,=0.4744,=1.3177,=1.5921,=1.8408,=2.0898,=2.8188,=0.0248,=0.8791,=0.0072,=0.0097,=0.0147,=0.0232,=0.0319,=0.0273,=0.0903,=0.0252,=157
="931479",证券保险,2020-05-06,=-0.0021,=916.3085,=-0.1377,=9.2209,=0.0434,=8.4973,=11.6966,=13.3655,=15.4860,=21.1012,=1.2557,=0.2630,=1.0296,=1.2228,=1.3707,=1.5591,=2.2844,=1.6811,=0.6831,=1.0318,=1.2766,=1.4658,=1.7811,=2.2879,=0.0290,=0.8139,=0.0162,=0.0225,=0.0251,=0.0289,=0.0357,=0.0256,=0.1317,=0.0302,=51
="399812",养老产业,2014-06-06,=0.0119,=5458.3500,=-0.1379,=11.5630,=0.0202,=10.3086,=17.7168,=20.3339,=25.3954,=31.4367,=1.8154,=0.0692,=1.5864,=2.0403,=2.8024,=3.2414,=4.2954,=1.4764,=0.2295,=1.2170,=1.4541,=1.6755,=1.8719,=2.5548,=0.0268,=0.9539,=0.0096,=0.0131,=0.0171,=0.0244,=0.0306,=0.0294,=0.1459,=0.0345,=6264
="987008",港股通科技,2021-03-08,,,=-0.1383,=25.3645,=0.3346,=16.3992,=24.0327,=27.0819,=33.7716,=63.8758,=2.7848,=0.1347,=2.3408,=2.9335,=3.4039,=3.9539,=8.4842,=2.2997,=0.0966,=1.9337,=2.5752,=2.9730,=3.8359,=8.7605,=0.0071,=0.7231,=0.0015,=0.0033,=0.0059,=0.0073,=0.0093,,=0.0980,,=91
="000949",中证农业,2009-10-28,=0.0005,=4980.9831,=-0.1397,=32.3847,=0.6576,=14.4444,=21.2919,=29.1179,=36.7819,=1184.8568,=2.4755,=0.1813,=2.0719,=2.5044,=3.2655,=4.0480,=5.2895,=1.3161,=0.2530,=0.8980,=1.1771,=1.7189,=2.0301,=2.8101,=0.0207,=0.8834,=0.0077,=0.0144,=0.0165,=0.0190,=0.0257,=0.0068,=0.0985,=0.0327,=1059
="932246",储能电池,2022-07-08,,,=-0.1405,=25.2256,=0.3814,=13.3190,=21.0176,=26.5220,=33.1830,=40.1514,=3.8621,=0.6468,=2.3139,=2.6920,=3.2748,=4.4519,=5.1292,=2.6279,=0.6434,=1.3666,=1.6905,=2.2985,=3.2855,=3.7523,=0.0162,=0.4643,=0.0111,=0.0132,=0.0165,=0.0200,=0.0231,=0.0403,=0.1439,=0.0321,=72
="000912",300消费,2007-07-02,=0.0005,=17794.7997,=-0.1422,=19.8971,=0.1125,=17.5697,=22.4828,=28.6893,=38.6920,=71.0374,=3.7590,=0.0482,=3.2494,=4.6631,=6.3981,=8.3233,=13.2137,=2.8884,=0.0758,=1.9809,=3.1967,=4.1908,=5.5033,=9.3193,=0.0429,=0.9872,=0.0078,=0.0128,=0.0189,=0.0287,=0.0471,=0.0602,=0.1878,=0.0812,=785
="931746",储能产业,2015-06-11,=0.0153,=3165.2048,=-0.1441,=28.8563,=0.3913,=12.7536,=19.6605,=32.2628,=42.2643,=70.6293,=3.1732,=0.4046,=2.2823,=2.7405,=3.3809,=5.0052,=8.8670,=2.0745,=0.5368,=1.1513,=1.4993,=2.0320,=3.1416,=6.6557,=0.0136,=0.5918,=0.0020,=0.0044,=0.0128,=0.0169,=0.0220,=0.0195,=0.0831,=0.0177,=158
="931697",消费50策略,2021-07-12,=-0.0021,=7268.4985,=-0.1457,=18.4443,=0.1902,=16.4104,=18.4790,=20.8115,=31.2784,=38.9422,=3.0120,=0.0496,=2.6840,=3.5105,=3.8609,=5.1971,=7.0736,=1.6081,=0.0577,=1.4635,=1.7518,=1.9227,=2.8458,=3.5305,=0.0369,=0.9732,=0.0120,=0.0157,=0.0242,=0.0317,=0.0403,=0.0408,=0.1608,=0.0542,=62
="931068",消费龙头,2018-11-21,=-0.0065,=10816.1413,=-0.1463,=16.4526,=0.0455,=15.0591,=18.2141,=22.8294,=29.9337,=44.3922,=3.2557,=0.0278,=2.8729,=4.1134,=4.7022,=6.5567,=10.3805,=2.0135,=0.0471,=1.8019,=2.5577,=3.2538,=4.0899,=7.0508,=0.0412,=0.9791,=0.0085,=0.0161,=0.0210,=0.0330,=0.0451,=0.0518,=0.2083,=0.0600,=2393
="980018",卫星通信,2015-02-17,=0.0366,=4560.2900,=-0.1468,=308.5552,=0.9143,=23.6003,=29.0340,=40.8017,=59.7778,=1063.4314,=6.0956,=0.9410,=1.7225,=2.0640,=2.5831,=4.3068,=7.7241,=7.8875,=0.9863,=1.5054,=1.8094,=2.3095,=3.1356,=9.8783,=0.0017,=0.0137,=0.0013,=0.0038,=0.0126,=0.0171,=0.0231,=0.0054,=0.0181,=0.0298,=129
="399959",军工指数,2011-08-30,=0.0066,=1547.9700,=-0.1474,=44.4716,=0.1005,=34.5950,=50.3814,=60.2678,=72.2942,=156.6364,=2.7956,=0.2504,=2.0269,=2.6526,=3.2476,=4.0137,=5.9912,=2.4636,=0.0605,=2.1044,=2.6819,=3.2895,=3.8748,=5.2606,=0.0072,=0.8505,=0.0021,=0.0029,=0.0038,=0.0066,=0.0095,=0.0143,=0.0591,=0.0108,=14
="930875",空天军工,2016-08-17,=0.0199,=2062.8534,=-0.1474,=69.0938,=0.7061,=27.3832,=45.5415,=55.7313,=73.3858,=98.7933,=3.7936,=0.5593,=2.4052,=3.1584,=3.6260,=4.9344,=7.9650,=3.4009,=0.4330,=2.1274,=2.8932,=3.6906,=4.5105,=7.7673,=0.0053,=0.6433,=0.0022,=0.0032,=0.0041,=0.0069,=0.0106,=0.0090,=0.0567,=0.0104,=106
="399396",国证食品,2012-10-29,=0.0046,=14855.1600,=-0.1497,=20.8420,=0.1026,=17.1702,=21.9502,=30.0908,=37.3108,=66.0937,=3.7247,=0.0251,=3.2471,=4.5865,=6.0987,=7.6300,=14.3214,=3.4650,=0.0194,=3.1290,=3.9685,=5.0504,=6.2477,=12.4529,=0.0401,=0.9843,=0.0078,=0.0130,=0.0186,=0.0311,=0.0441,=0.0671,=0.1761,=0.0767,=1615
="000692",科创新能,2023-04-03,=0.0219,=984.2400,=-0.1498,=-58.4138,=0.6535,=13.9124,=18.9091,=143.1009,=-44.9956,=279.8956,=2.3339,=0.5438,=1.4486,=1.8060,=2.2187,=2.7974,=4.0229,=1.5447,=0.5869,=0.8667,=1.1611,=1.4449,=1.9047,=2.6157,=0.0043,=0.0678,=0.0030,=0.0056,=0.0164,=0.0205,=0.0318,=-0.0018,=-0.0642,=-0.0138,=40
="930653",CS食品饮,2015-06-05,=0.0037,=12831.9376,=-0.1498,=21.6013,=0.1067,=17.6031,=22.7257,=31.2737,=38.3114,=65.8842,=3.5223,=0.0227,=3.1030,=4.4164,=5.7097,=7.1300,=12.9907,=3.2249,=0.0198,=2.9247,=3.8169,=4.7618,=5.8503,=11.4166,=0.0388,=0.9848,=0.0078,=0.0127,=0.0178,=0.0303,=0.0425,=0.0615,=0.1583,=0.0705,=908
="H30035",300非银,2012-12-21,=-0.0020,=9460.9552,=-0.1517,=9.3451,=0.0222,=8.6966,=12.7686,=15.1675,=19.3628,=26.3489,=1.2708,=0.1603,=1.0544,=1.2999,=1.6070,=2.0456,=2.4387,=1.6905,=0.4899,=1.0410,=1.4185,=1.7051,=1.9729,=2.3917,=0.0284,=0.8838,=0.0124,=0.0164,=0.0221,=0.0258,=0.0352,=0.0253,=0.1294,=0.0297,=1240
="000807",食品饮料,2012-02-17,=0.0037,=15508.7133,=-0.1518,=20.0388,=0.0894,=16.7498,=21.4730,=30.4153,=37.6314,=67.1514,=3.9392,=0.0247,=3.4269,=4.7753,=6.2605,=8.2580,=14.6770,=4.4403,=0.1586,=3.6682,=4.5275,=5.6629,=7.6740,=12.7454,=0.0423,=0.9868,=0.0077,=0.0131,=0.0185,=0.0321,=0.0463,=0.0738,=0.1953,=0.0849,=4296
="399973",中证国防,2014-04-15,=0.0165,=1573.8200,=-0.1538,=62.0499,=0.6555,=28.8580,=43.6048,=54.2157,=71.8527,=107.5808,=3.3840,=0.4050,=2.3880,=3.0104,=3.5676,=4.8368,=7.7047,=3.0669,=0.3445,=1.9566,=2.7338,=3.8436,=4.5424,=7.1179,=0.0058,=0.6840,=0.0024,=0.0035,=0.0046,=0.0064,=0.0100,=0.0086,=0.0535,=0.0095,=639
="000815",细分食品,2012-04-11,=0.0045,=15844.6927,=-0.1542,=20.4297,=0.1203,=16.6089,=21.4725,=30.6642,=37.4251,=68.5596,=3.8758,=0.0251,=3.3595,=4.7288,=6.1934,=8.2709,=14.7926,=4.5145,=0.0766,=4.0083,=4.9232,=6.1102,=8.3455,=14.4971,=0.0411,=0.9843,=0.0072,=0.0123,=0.0164,=0.0315,=0.0452,=0.0708,=0.1902,=0.0845,=778
="000911",300可选,2007-07-02,=-0.0073,=5592.7604,=-0.1546,=17.6046,=0.4026,=11.4175,=16.2611,=18.2567,=24.5366,=45.8432,=1.9386,=0.0185,=1.7502,=2.2720,=2.5400,=3.0218,=4.4626,=0.8791,=0.0853,=0.7162,=0.9515,=1.0972,=1.3297,=2.0518,=0.0289,=0.9468,=0.0117,=0.0177,=0.0226,=0.0264,=0.0325,=0.0241,=0.1159,=0.0309,=30
="000942",内地消费,2009-10-28,=-0.0029,=8615.8597,=-0.1572,=19.0354,=0.2468,=14.4412,=18.7319,=21.7434,=33.3379,=52.6356,=2.6461,=0.0235,=2.3718,=3.1290,=3.6909,=5.0424,=7.7211,=1.4234,=0.1508,=1.1096,=1.4981,=1.7718,=2.5493,=4.1228,=0.0351,=0.9860,=0.0093,=0.0147,=0.0214,=0.0281,=0.0381,=0.0371,=0.1426,=0.0493,=767
="HSSI",恒生综合小型股指数,2001-10-03,=0.0144,=1322.2900,=-0.1580,=25.0514,=0.7568,=7.3220,=11.0812,=16.4113,=26.2514,=83.7574,=0.9762,=0.5055,=0.5652,=0.7237,=0.9728,=1.1647,=1.4185,=0.6478,=0.4080,=0.3459,=0.4532,=0.6913,=0.9205,=1.2872,=0.0280,=0.3995,=0.0167,=0.0231,=0.0303,=0.0353,=0.0478,,,,=126
="930601",中证软件,2015-03-10,=-0.0096,=5288.9007,=-0.1588,=111.7366,=0.7598,=29.3378,=51.8564,=79.5825,=128.9417,=302.4908,=5.1443,=0.6588,=2.7207,=3.9641,=4.6661,=5.6539,=7.7270,=6.1691,=0.8331,=2.8007,=4.0731,=4.9566,=6.0523,=9.3609,=0.0064,=0.9155,=0.0026,=0.0036,=0.0044,=0.0053,=0.0101,=0.0078,=0.0385,=-0.0029,=406
="399432",智能汽车,2014-12-30,=0.0084,=5694.7800,=-0.1607,=25.3506,=0.5076,=12.3799,=17.8888,=24.6844,=66.1739,=131.3343,=3.4313,=0.4672,=1.4019,=2.1767,=3.5041,=6.5272,=11.4939,=1.9783,=0.5352,=0.5888,=0.9103,=1.8898,=4.6106,=8.8483,=0.0131,=0.4911,=0.0016,=0.0032,=0.0134,=0.0241,=0.0377,=0.0329,=0.1377,=0.0319,=20
="399368",国证军工,2009-11-04,=0.0108,=7142.4400,=-0.1619,=61.8104,=0.4520,=38.1822,=54.2867,=63.4991,=77.8954,=107.0849,=3.0575,=0.5146,=2.0244,=2.5859,=3.0287,=3.5424,=4.3940,=2.9337,=0.4030,=1.8459,=2.5701,=3.1872,=3.6960,=4.8014,=0.0056,=0.8026,=0.0025,=0.0032,=0.0044,=0.0056,=0.0080,=0.0129,=0.0477,=0.0081,=16
="399365",国证粮食,2009-11-04,=-0.0061,=11350.2100,=-0.1622,=23.8347,=0.3535,=13.3311,=20.2221,=26.9464,=35.2364,=54.5886,=2.1646,=0.2522,=1.6393,=2.0561,=4.0855,=6.4747,=11.3501,=0.8614,=0.2542,=0.5961,=0.8004,=3.1367,=4.6104,=8.7065,=0.0187,=0.6724,=0.0080,=0.0130,=0.0163,=0.0211,=0.0308,=0.0232,=0.0838,=0.0244,=75
="000990",全指消费,2011-08-02,=0.0023,=10650.3877,=-0.1634,=21.7342,=0.1549,=18.6483,=23.2456,=30.5377,=39.1217,=75.7240,=3.4848,=0.0235,=3.0373,=4.0689,=4.9934,=6.2867,=9.6579,=2.5212,=0.0775,=2.2209,=2.7714,=3.3206,=4.0947,=6.6514,=0.0390,=0.9856,=0.0082,=0.0125,=0.0157,=0.0284,=0.0432,=0.0524,=0.1676,=0.0712,=3851
="399967",中证军工,2013-12-26,=0.0160,=11688.3300,=-0.1658,=64.0743,=0.4845,=41.8350,=54.9002,=64.9280,=96.8440,=164.2289,=3.3665,=0.6279,=2.0425,=2.6005,=3.1762,=3.8077,=4.8699,=3.0939,=0.4874,=2.0545,=2.7207,=3.1101,=4.0092,=5.8225,=0.0052,=0.7639,=0.0021,=0.0030,=0.0039,=0.0054,=0.0081,=0.0129,=0.0501,=0.0096,=5976
="930707",中证畜牧,2015-07-13,=-0.0015,=1839.6044,=-0.1666,=62.8304,=0.7231,=11.3375,=17.7937,=26.9244,=113.3570,=237.1331,=2.2498,=0.0140,=1.9910,=2.6693,=3.2859,=4.1996,=5.8838,=0.9238,=0.0523,=0.8185,=1.0283,=1.4185,=2.0696,=2.9452,=0.0255,=0.9234,=0.0033,=0.0095,=0.0142,=0.0213,=0.0303,=-0.0138,=0.0829,=0.0347,=1223
="000989",全指可选,2011-08-02,=-0.0039,=4659.0800,=-0.1670,=20.9615,=0.2501,=14.8205,=20.3628,=24.2394,=30.9883,=46.1708,=2.1385,=0.2155,=1.6599,=2.1164,=2.4963,=2.8311,=3.2491,=0.9774,=0.1397,=0.8200,=1.0045,=1.1593,=1.4474,=1.7628,=0.0253,=0.9497,=0.0123,=0.0152,=0.0184,=0.0234,=0.0287,=0.0237,=0.1045,=0.0284,=1303
="931357",优选消费50,2019-11-15,=-0.0027,=2496.4327,=-0.1679,=18.1386,=0.0482,=16.0077,=20.3392,=24.8651,=32.9486,=53.0529,=2.9192,=0.0288,=2.5395,=3.6592,=4.3342,=7.1413,=11.6208,=1.8120,=0.0265,=1.5982,=2.2862,=2.6984,=5.1880,=8.8232,=0.0256,=0.9771,=0.0058,=0.0100,=0.0145,=0.0200,=0.0287,,=0.1689,,=394
="931946",畜牧养殖,2023-07-28,=-0.0018,=624.7557,=-0.1700,=36.1782,=0.6956,=14.8058,=16.4161,=24.7216,=42.7258,=702.5962,=2.4106,=0.0920,=2.1724,=2.5556,=2.6739,=2.7865,=3.1405,=0.9995,=0.1186,=0.8870,=1.0274,=1.0920,=1.1360,=1.2139,=0.0311,=0.8566,=0.0155,=0.0200,=0.0270,=0.0303,=0.0347,=0.0043,=0.0943,=0.0400,=9
="930790",CS娱乐TI,2016-03-22,=0.0025,=1179.6238,=-0.1703,=77.7347,=0.7841,=17.3299,=32.7848,=49.7326,=79.4401,=245.3480,=2.4080,=0.4224,=1.6576,=2.1399,=2.5369,=3.1117,=3.8872,=2.6317,=0.1424,=2.2057,=2.7534,=3.2209,=4.0267,=5.0752,=0.0155,=0.8249,=0.0039,=0.0093,=0.0124,=0.0152,=0.0240,=0.0124,=0.0200,=0.0156,=20
="930721",CS智汽车,2015-08-05,=0.0036,=4795.8228,=-0.1707,=31.9143,=0.0724,=27.2408,=33.8952,=39.4129,=48.8218,=67.2850,=3.2541,=0.1825,=2.5208,=3.2950,=3.8063,=5.3437,=7.3638,=1.2484,=0.0112,=1.1981,=1.4870,=1.8345,=2.6308,=3.8976,=0.0073,=0.5533,=0.0040,=0.0056,=0.0070,=0.0093,=0.0155,=0.0150,=0.1014,=0.0176,=484
="000931",中证可选,2009-07-03,=-0.0045,=5147.9094,=-0.1716,=18.7722,=0.2756,=12.9961,=17.9577,=20.1246,=26.0964,=47.1695,=2.0357,=0.1195,=1.6991,=2.1137,=2.4891,=2.8015,=3.7874,=0.9356,=0.1640,=0.7260,=0.9650,=1.1131,=1.2818,=1.9265,=0.0273,=0.9526,=0.0120,=0.0178,=0.0208,=0.0248,=0.0298,=0.0252,=0.1143,=0.0305,=840
="000932",中证消费,2009-07-03,=0.0027,=12624.3000,=-0.1721,=20.4886,=0.1207,=18.2526,=22.7870,=29.2746,=38.6663,=67.7039,=3.5374,=0.0227,=3.0877,=4.2703,=5.3608,=7.0320,=11.1990,=2.7044,=0.0647,=2.0221,=2.9555,=3.5964,=4.6842,=7.7724,=0.0407,=0.9872,=0.0082,=0.0130,=0.0174,=0.0288,=0.0448,=0.0540,=0.1726,=0.0732,=12478
="930662",CS现代农,2015-07-13,=-0.0033,=886.1739,=-0.1726,=42.0702,=0.7028,=13.0417,=20.6286,=28.7070,=61.3427,=301.1137,=2.2062,=0.0753,=1.8555,=2.5080,=2.8326,=3.1393,=4.3308,=0.9684,=0.1080,=0.8273,=1.0177,=1.1612,=1.5485,=2.1026,=0.0252,=0.9518,=0.0046,=0.0099,=0.0128,=0.0166,=0.0291,=-0.0091,=0.0850,=0.0345,=55
="931845",生猪产业,2012-04-11,,,=-0.1752,=70.4072,=0.7754,=12.7881,=21.1629,=29.0152,=101.0404,=705.7713,=2.5109,=0.0128,=2.2394,=2.8782,=3.4549,=4.1008,=5.7536,=0.9326,=0.0326,=0.8323,=1.0305,=1.6259,=2.1539,=2.8287,=0.0280,=0.9279,=0.0091,=0.0130,=0.0172,=0.0208,=0.0316,=-0.0154,=0.0788,=0.0361,=164
="930910",农牧渔,2016-12-12,=-0.0026,=8220.5118,=-0.1756,=69.4452,=0.7242,=13.2246,=20.8949,=29.9321,=95.5289,=30031.8592,=2.1760,=0.0197,=1.9495,=2.4839,=2.9407,=3.6373,=4.9084,=0.9680,=0.0433,=0.8679,=1.0669,=1.4738,=2.0532,=2.7290,=0.0227,=0.9456,=0.0042,=0.0097,=0.0137,=0.0176,=0.0261,=-0.0088,=0.0664,=0.0304,=20
="H30094",消费红利,2013-07-02,=-0.0002,=30569.2359,=-0.1770,=18.7714,=0.0614,=16.2060,=20.5436,=27.7711,=33.4547,=59.6542,=3.6485,=0.0239,=3.1510,=4.3750,=5.3351,=6.7479,=11.0368,=3.9925,=0.3902,=2.0635,=3.3200,=4.3046,=5.3148,=8.4259,=0.0445,=0.9852,=0.0123,=0.0178,=0.0223,=0.0346,=0.0491,=0.0717,=0.1905,=0.0792,=2159
="932450",香港现金流,2025-02-28,,,=-0.1798,=11.7820,=0.9580,=6.6300,=8.1623,=9.9202,=10.6236,=12.5131,=1.1483,=0.5182,=0.7408,=0.8592,=1.1416,=1.2800,=1.5038,=0.5587,=0.4342,=0.4577,=0.5237,=0.8785,=1.0319,=1.2561,=0.0390,=0.0112,=0.0367,=0.0430,=0.0533,=0.0599,=0.0728,,=0.0828,,=11
="HSIII",恒生互联网科技业指数,2020-07-20,=0.0006,=2407.3200,=-0.1802,=22.6428,=0.2180,=12.6629,=22.2458,=34.9645,=47.7236,=309808.9839,=2.5003,=0.1721,=1.7026,=2.5546,=3.8890,=6.1155,=8.5704,=1.9409,=0.1673,=1.1940,=1.9913,=2.4286,=3.5794,=5.1261,=0.0099,=0.8120,=0.0015,=0.0029,=0.0054,=0.0097,=0.0133,,=0.1194,,=2039
="H30202",软件指数,2013-07-15,=-0.0129,=12346.7573,=-0.1811,=109.8135,=0.6263,=45.1036,=65.7516,=91.5392,=155.6957,=372.5263,=4.7268,=0.2670,=2.9348,=4.4919,=5.3757,=6.5957,=8.8705,=6.3711,=0.3675,=3.9010,=5.4106,=6.8335,=8.0142,=12.8069,=0.0067,=0.9217,=0.0022,=0.0033,=0.0044,=0.0054,=0.0102,=0.0053,=0.0344,=-0.0039,=325
="930625",SHS互联网,2015-04-21,=-0.0013,=2485.3554,=-0.1814,=22.8403,=0.0498,=18.8995,=26.9829,=35.0875,=50.5574,=84.5605,=2.7823,=0.0237,=2.3016,=3.4617,=4.9247,=6.6506,=9.2961,=2.7843,=0.0292,=2.3041,=3.4385,=4.3047,=5.8049,=8.7946,=0.0091,=0.9652,=0.0016,=0.0028,=0.0036,=0.0070,=0.0110,,=0.1125,,=334
="931481",SHS线上消费,2020-05-06,=0.0005,=907.8847,=-0.1815,=22.4773,=0.1530,=17.8858,=23.4836,=29.7676,=46.7250,=121.3257,=2.7097,=0.0512,=2.2334,=3.1195,=3.5401,=4.8479,=9.8961,=2.7771,=0.2073,=2.0492,=2.7538,=3.2838,=4.3298,=7.8524,=0.0099,=0.9191,=0.0020,=0.0032,=0.0056,=0.0086,=0.0119,,=0.1066,,=67
="399809",保险主题,2015-02-13,=-0.0048,=2183.3200,=-0.1816,=7.3103,=0.3197,=5.4537,=6.8114,=10.2825,=15.0245,=22.8725,=0.7920,=0.2806,=0.6352,=0.7647,=1.2199,=1.4858,=1.9794,=2.1292,=0.9110,=0.5239,=0.8688,=1.0978,=1.7622,=2.3772,=0.0397,=0.6704,=0.0120,=0.0209,=0.0301,=0.0488,=0.0686,=0.0227,=0.1015,=0.0246,=1512
="399699",金融科技,2017-06-09,=-0.0099,=3659.8000,=-0.1817,=16.0873,=0.1380,=14.0983,=16.6776,=19.3068,=44.3383,=111.6316,=1.8349,=0.2262,=1.2665,=1.7899,=2.2716,=3.3967,=4.4660,=1.5055,=0.3643,=1.0709,=1.3784,=1.6178,=1.9088,=3.0519,=0.0234,=0.8009,=0.0041,=0.0063,=0.0187,=0.0233,=0.0329,=0.0209,=0.1027,=0.0223,=330
="H30182",计算机,2013-07-15,=-0.0122,=6267.1298,=-0.1821,=407.5590,=0.8370,=33.2527,=55.3205,=102.8191,=359.8028,=65313.4473,=4.0539,=0.4841,=2.4295,=3.5840,=4.0782,=4.6297,=5.8765,=3.9730,=0.3791,=2.3635,=3.5850,=4.1362,=4.7350,=7.6223,=0.0051,=0.7380,=0.0028,=0.0040,=0.0045,=0.0053,=0.0091,=-0.0024,=0.0033,=-0.0042,=56
="399393",国证地产,2012-08-20,=-0.0043,=2549.8200,=-0.1828,=-5.6976,=0.9839,=6.3321,=8.5850,=15.6801,=-1869.1245,=115902.4187,=0.7639,=0.1104,=0.5768,=0.8373,=1.0654,=1.6937,=2.5183,=0.5492,=0.3449,=0.3699,=0.5163,=0.6422,=1.0879,=1.7471,=0.0109,=0.0523,=0.0083,=0.0182,=0.0259,=0.0342,=0.0478,=-0.0014,=-0.0767,=0.0012,=1432
="931009",建筑材料,2013-07-15,=-0.0020,=5126.0439,=-0.1836,=62.6337,=0.9672,=8.0662,=10.4042,=14.8368,=29.0412,=95.7816,=0.8429,=0.0216,=0.7557,=1.0111,=1.4968,=1.9917,=2.4800,=0.9247,=0.1645,=0.6904,=0.9530,=1.1592,=1.5160,=2.1670,=0.0281,=0.6360,=0.0085,=0.0228,=0.0262,=0.0309,=0.0487,=-0.0025,=0.0109,=-0.0006,=750
="399440",国证钢铁,2014-12-30,=-0.0020,=1203.3600,=-0.1900,=27.6583,=0.6897,=5.7530,=9.0864,=18.4305,=36.3316,=695.2734,=0.9579,=0.3317,=0.7172,=0.9156,=1.0387,=1.3422,=2.0509,=0.4804,=0.5583,=0.3277,=0.3893,=0.4569,=0.6109,=1.3827,=0.0258,=0.4289,=0.0018,=0.0179,=0.0272,=0.0419,=0.0569,=0.0058,=0.0382,=0.0096,=469
="931594",卫星产业,2020-12-22,=0.0267,=906.3943,=-0.1971,=189.3774,=0.7315,=44.5603,=96.2481,=130.6886,=231.5637,=428.4930,=5.2740,=0.9024,=2.3588,=3.0578,=3.5245,=4.0715,=7.6413,=7.4365,=0.8966,=3.4655,=4.5418,=5.1622,=6.2298,=11.4514,=0.0030,=0.4138,=0.0023,=0.0027,=0.0032,=0.0052,=0.0086,=0.0019,=0.0317,=0.0057,=185
="931775",房地产,2013-07-15,=-0.0045,=2394.0793,=-0.1973,=-4.4463,=0.9872,=7.0141,=8.9821,=18.2272,=-33.8788,=1490.8370,=0.7556,=0.1203,=0.5750,=0.8292,=1.0433,=1.6453,=2.4742,=0.5563,=0.2967,=0.3617,=0.5322,=0.6725,=1.1466,=1.8650,=0.0063,=0.0082,=0.0058,=0.0146,=0.0234,=0.0325,=0.0448,=-0.0040,=-0.1024,=-0.0027,=939
="399617",深证消费,2011-06-15,=0.0001,=7395.0700,=-0.1996,=26.0766,=0.4747,=15.3450,=22.1455,=26.3952,=32.2918,=1768.1548,=2.4214,=0.0173,=2.1129,=3.2733,=4.2230,=5.7490,=9.2732,=1.3901,=0.0140,=1.2428,=1.8577,=2.4467,=3.6985,=6.3240,=0.0387,=0.9860,=0.0100,=0.0137,=0.0185,=0.0259,=0.0433,=0.0294,=0.1055,=0.0582,=370
="930796",全球中国互联网,2016-04-22,=-0.0003,=1740.3070,=-0.2019,=18.2496,=0.0740,=15.1718,=20.9413,=39.1844,=53.8828,=115.7107,=2.4309,=0.0828,=1.8023,=2.6429,=4.0872,=6.9346,=9.6202,=2.0696,=0.0786,=1.5064,=2.2672,=3.7556,=6.4051,=9.5215,=0.0100,=0.9467,=0.0008,=0.0013,=0.0019,=0.0078,=0.0121,,=0.1307,,=48
="000816",细分地产,2012-04-11,,,=-0.2022,=-3.9645,=0.9889,=6.1299,=8.3282,=15.7647,=-54.8524,=2488.2259,=0.7056,=0.0906,=0.5599,=0.8059,=1.0445,=1.7092,=2.5676,=0.4873,=0.1834,=0.3390,=0.4920,=0.6100,=1.0551,=1.7076,=0.0053,=0.0177,=0.0044,=0.0174,=0.0275,=0.0358,=0.0516,=-0.0038,=-0.1018,=-0.0024,=9
="932088",全指航空,2023-03-23,=0.0091,=700.2456,=-0.2024,=72.8628,=0.6406,=36.9197,=49.3951,=67.2329,=88.0817,=116.5746,=3.3579,=0.4792,=2.3948,=3.0384,=3.3824,=3.8488,=4.9751,=3.0544,=0.2579,=2.2988,=2.9065,=3.5593,=4.0365,=4.9356,=0.0052,=0.2225,=0.0041,=0.0052,=0.0061,=0.0070,=0.0090,=0.0077,=0.0470,=0.0092,=50
="931066",军工龙头,2018-02-05,=0.0070,=2746.6983,=-0.2049,=57.0771,=0.8360,=29.1719,=35.0271,=43.0106,=53.4646,=100.5281,=3.1123,=0.1790,=2.2914,=3.1387,=3.6680,=4.6076,=6.9932,=2.7678,=0.1805,=2.1745,=2.8100,=3.4396,=4.1837,=5.8746,=0.0059,=0.0704,=0.0050,=0.0064,=0.0077,=0.0092,=0.0116,=0.0067,=0.0495,=0.0098,=1074
="930606",中证钢铁,2015-03-31,=-0.0021,=923.9463,=-0.2069,=53.6717,=0.7491,=5.9346,=9.2015,=19.1330,=61.2921,=77593.1899,=0.9658,=0.3197,=0.7076,=0.9197,=1.0510,=1.3449,=2.0450,=0.4580,=0.5101,=0.2931,=0.3819,=0.4533,=0.6054,=1.2948,=0.0244,=0.4310,=0.0018,=0.0164,=0.0255,=0.0409,=0.0542,=0.0020,=0.0221,=0.0071,=775
="H30533",中国互联网50,2014-12-29,=-0.0008,=7433.2139,=-0.2072,=17.5294,=0.0890,=14.4020,=20.1381,=41.3549,=57.1658,=137.0698,=2.2901,=0.0663,=1.7082,=2.5296,=4.0142,=6.7209,=9.7098,=1.9473,=0.0671,=1.4305,=2.1626,=3.9425,=6.4327,=9.1092,=0.0102,=0.9241,=0.0007,=0.0013,=0.0019,=0.0079,=0.0125,,,,=6856
="H11136",中国互联网,2011-09-20,=0.0002,=4226.4270,=-0.2073,=17.5319,=0.1165,=14.4387,=19.7777,=42.5148,=57.4315,=137.0698,=2.2885,=0.0606,=1.7247,=2.5362,=4.0339,=6.7403,=9.7098,=1.9969,=0.0659,=1.5020,=2.2270,=4.1448,=6.5159,=9.1092,=0.0108,=0.9253,=0.0007,=0.0013,=0.0019,=0.0086,=0.0132,,,,=3374
="930604",中国互联网30,2015-03-23,=0,=7915.3523,=-0.2088,=17.5697,=0.0914,=14.4178,=19.8623,=41.8170,=59.2298,=131.9396,=2.3185,=0.0534,=1.7582,=2.5852,=4.1280,=7.0787,=10.3841,=1.9530,=0.0703,=1.4482,=2.1729,=4.0277,=6.4466,=9.5870,=0.0099,=0.9628,=0.0007,=0.0013,=0.0017,=0.0077,=0.0121,,,,=654
="399987",中证酒,2014-12-10,=0.0053,=3950.9300,=-0.2095,=19.5868,=0.1187,=16.5000,=20.8294,=30.5247,=38.5048,=71.4257,=4.0215,=0.0255,=3.3943,=4.9083,=6.4706,=8.9992,=15.9495,=6.0636,=0.0911,=5.0607,=6.4796,=8.3115,=11.8299,=21.4371,=0.0437,=0.9843,=0.0067,=0.0114,=0.0162,=0.0320,=0.0485,=0.0789,=0.2043,=0.0944,=2775
="931521",高装细分50,2020-07-08,=0.0145,=2625.8581,=-0.2105,=88.6544,=0.7765,=33.8051,=48.5389,=58.5715,=96.4147,=160.3029,=3.7268,=0.3747,=2.5146,=3.4373,=4.1019,=4.9882,=6.8876,=3.7908,=0.1928,=2.7226,=3.8376,=4.4027,=5.0683,=6.7300,=0.0046,=0.2783,=0.0025,=0.0042,=0.0055,=0.0065,=0.0091,=0.0050,=0.0438,=0.0069,=81
="931230",汽车零部件,2013-07-15,=0.0057,=1019.2647,=-0.2115,=26.3429,=0.4639,=18.5338,=23.8124,=26.6681,=30.4266,=34.9965,=2.8101,=0.6082,=1.8462,=2.2925,=2.6233,=3.1649,=3.7531,=1.7697,=0.6054,=1.1819,=1.4643,=1.6726,=2.0114,=2.3775,=0.0147,=0.5870,=0.0115,=0.0128,=0.0142,=0.0159,=0.0198,=0.0227,=0.1141,=0.0262,=51
="930781",中证影视,2016-02-04,=-0.0034,=1331.7729,=-0.2123,=596.4695,=0.6077,=16.7066,=43.1495,=209.9973,=-60.8596,=6083.5065,=1.8059,=0.0688,=1.4352,=2.0318,=2.3634,=3.3372,=5.7998,=3.9126,=0.3960,=2.7079,=3.4931,=4.2706,=5.4388,=10.0748,=0.0123,=0.9081,=0.0019,=0.0037,=0.0064,=0.0099,=0.0161,=0.0049,=0.0185,=0.0219,=183
="899050",北证50,2022-11-21,=0.0101,=1134.2500,=-0.2126,=43.8464,=0.5278,=15.5447,=18.5879,=33.1277,=63.0769,=91.3357,=3.9426,=0.5689,=2.0170,=2.4348,=3.0989,=4.9575,=5.6723,=3.2997,=0.5644,=1.3969,=1.7223,=2.1496,=4.2435,=5.1557,=0.0093,=0.4200,=0.0062,=0.0076,=0.0115,=0.0147,=0.0185,=0.0174,=0.0675,=-0.0021,=786
="399965",800地产,2012-12-21,=0.0032,=2066.8600,=-0.2170,=-3.0361,=0.9848,=5.5394,=8.0041,=14.1301,=41.6847,=59.7245,=0.5335,=0.0173,=0.4663,=0.7017,=0.9876,=1.6690,=2.5596,=0.3257,=0.0239,=0.2856,=0.4089,=0.5197,=1.0154,=1.6493,=0.0067,=0.0004,=0.0067,=0.0179,=0.0280,=0.0369,=0.0562,=-0.0020,=-0.0854,=0.0007,=203
="930901",动漫游戏,2016-10-18,=-0.0025,=1657.2693,=-0.2171,=25.1697,=0.0957,=17.2478,=29.3636,=41.9347,=253.9749,=4647.5377,=3.1346,=0.5611,=1.7335,=2.3002,=2.9083,=4.0550,=7.9690,=4.0654,=0.1775,=2.8663,=4.1617,=4.9774,=6.8048,=10.0355,=0.0161,=0.8544,=0.0031,=0.0055,=0.0088,=0.0149,=0.0282,=0.0360,=0.1150,=0.0336,=871
="000126",消费50,2011-12-09,=-0.0028,=6476.7200,=-0.2210,=19.0123,=0.0923,=15.1608,=20.2920,=22.8626,=32.8709,=57.2206,=2.6237,=0.0470,=2.2360,=2.9999,=3.4007,=4.8666,=7.3797,=1.4305,=0.2995,=0.9155,=1.2725,=1.8264,=2.6426,=3.8011,=0.0354,=0.9901,=0.0091,=0.0134,=0.0211,=0.0277,=0.0382,=0.0406,=0.1407,=0.0455,=88
="H30015",800汽车,2012-12-21,=-0.0045,=7791.6581,=-0.2256,=22.5305,=0.4825,=11.4503,=15.3626,=22.8350,=31.8612,=45.6288,=1.8969,=0.2563,=1.3220,=1.7478,=2.1732,=2.4572,=3.4622,=0.7969,=0.4001,=0.5106,=0.6736,=0.8505,=1.0480,=1.4573,=0.0168,=0.4948,=0.0097,=0.0134,=0.0168,=0.0286,=0.0411,=0.0155,=0.0922,=0.0213,=192
="931646",SHS新消费,2021-04-07,=-0.0001,=1467.5782,=-0.2263,=21.4701,=0.1236,=17.0652,=22.6871,=26.0168,=30.6540,=45.1728,=2.7534,=0.0481,=2.2638,=3.1437,=3.5921,=4.1509,=7.2085,=2.7595,=0.0481,=2.2716,=3.1882,=3.7114,=4.2110,=7.0452,=0.0100,=0.9341,=0.0024,=0.0044,=0.0066,=0.0085,=0.0121,,=0.1302,,=8
="931637",港股通互联网,2021-01-11,=0.0001,=779.4018,=-0.2316,=20.7198,=0.0888,=16.9805,=22.9871,=27.9234,=41.1881,=87.7368,=2.6262,=0.0517,=2.0886,=3.0062,=3.4004,=4.1789,=11.7021,=2.6316,=0.0815,=2.0583,=2.8817,=3.3866,=4.3158,=11.5370,=0.0100,=0.9643,=0.0011,=0.0026,=0.0050,=0.0076,=0.0111,,,,=291
="399997",中证白酒,2015-01-21,=0.0066,=6691.7300,=-0.2364,=19.6401,=0.1401,=16.2418,=20.4403,=29.7024,=37.9971,=71.4432,=4.2179,=0.0260,=3.5435,=5.2032,=7.2669,=9.8068,=17.8607,=6.8828,=0.1026,=5.9830,=7.2852,=9.8354,=13.6521,=24.8964,=0.0445,=0.9843,=0.0066,=0.0115,=0.0169,=0.0326,=0.0495,=0.0833,=0.2121,=0.1013,=7752
="HSAIT",恒生人工智能主题指数,2023-09-01,=0.0219,=3219.6000,=-0.2446,=-60.3309,=0.9875,=13.3665,=18.1337,=19.9274,=21.8424,=33.1012,=9.4966,=0.9958,=1.4634,=1.7624,=2.0863,=2.5072,=9.7315,=13.4693,=0.9958,=1.2708,=1.5036,=1.8086,=2.3046,=13.7968,=0.0008,=0.0042,=0.0008,=0.0172,=0.0194,=0.0214,=0.0235,,=0.1059,,=64
="930986",金融科技,2017-06-22,=-0.0150,=2351.9381,=-0.2465,=49.0481,=0.3820,=32.2484,=43.1447,=55.0141,=81.1036,=257.1796,=4.4282,=0.3911,=2.5474,=4.0232,=4.6728,=5.8111,=7.7786,=6.0796,=0.7000,=2.9625,=3.8779,=4.7698,=6.9955,=9.8281,=0.0081,=0.8899,=0.0040,=0.0051,=0.0059,=0.0073,=0.0120,=0.0192,=0.0872,=0.0151,=262
="399805",互联金融,2015-02-10,=-0.0162,=2894.1000,=-0.2481,=9.2184,=0.1578,=7.5943,=9.6412,=11.3619,=13.1628,=16.5816,=0.9619,=0.1211,=0.7644,=1.0340,=1.3915,=1.7168,=2.0317,=1.7723,=0.7800,=1.1667,=1.4082,=1.6147,=1.7942,=2.2636,=0.0354,=0.8723,=0.0145,=0.0185,=0.0236,=0.0338,=0.0507,=0.0238,=0.0940,=0.0248,=334
="980076",通用航空,2012-12-28,=0.0076,=2777.9900,=-0.2514,=96.6050,=0.3970,=69.9916,=81.2067,=100.9413,=126.9346,=158.1149,=3.5669,=0.5553,=2.7445,=3.2194,=3.5231,=4.0885,=5.1513,=4.2731,=0.4548,=3.4358,=4.0692,=4.3003,=4.9140,=6.3273,=0.0046,=0.2990,=0.0037,=0.0042,=0.0052,=0.0061,=0.0073,=0.0066,=0.0297,=0.0083,=66
="931855",通用航空,2025-04-02,=0.0094,=958.8552,=-0.2575,=88.5535,=0.1037,=76.1514,=97.7860,=104.8347,=115.5424,=148.2866,=3.6696,=0.1189,=3.2007,=3.8625,=4.1298,=4.5804,=5.9420,=4.3533,=0.0549,=4.0348,=5.3932,=6.2529,=6.8857,=8.0546,=0.0051,=0.2409,=0.0042,=0.0050,=0.0059,=0.0062,=0.0073,=0.0068,=0.0445,,=6
="931008",汽车指数,2013-07-15,=-0.0056,=8833.1957,=-0.2625,=25.7025,=0.4858,=12.0130,=17.5137,=26.1104,=36.0840,=55.3660,=1.9896,=0.3164,=1.1809,=1.5476,=2.2135,=2.4527,=3.4286,=0.8286,=0.4108,=0.4315,=0.5548,=0.9046,=1.0507,=1.4087,=0.0158,=0.4283,=0.0059,=0.0122,=0.0163,=0.0274,=0.0426,=0.0152,=0.0829,=0.0208,=490
="CN5082",国证航天,2015-02-16,,,=-0.2648,=85.8935,=0.7044,=44.4252,=58.7080,=73.0479,=111.2283,=173.9279,=3.5659,=0.5459,=2.1924,=2.8248,=3.3409,=4.3039,=5.7391,=3.4377,=0.5393,=1.9232,=2.5659,=3.3567,=4.0617,=6.0090,=0.0044,=0.7287,=0.0021,=0.0030,=0.0038,=0.0049,=0.0082,=0.0055,=0.0382,=0.0066,=27
="399983",地产等权,2013-11-22,=-0.0012,=1480,=-0.2736,=-1.8843,=0.9876,=5.0058,=7.3313,=10.5749,=35.7683,=75.5023,=0.4111,=0.0128,=0.3690,=0.5902,=1.0730,=1.7942,=2.8135,=0.2422,=0.0173,=0.2174,=0.3509,=0.4702,=0.9339,=1.5710,=0.0053,=0.0185,=0.0037,=0.0218,=0.0322,=0.0412,=0.0629,=-0.0053,=-0.0924,=-0.0025,=1009
="930633",中证旅游,2015-05-08,=-0.0052,=2312.1946,=-0.3036,=69.4322,=0.3988,=15.8968,=21.9344,=1948.3301,=-51.0196,=11171.4579,=2.0110,=0.1005,=1.6473,=2.1526,=2.3545,=2.8097,=3.6934,=1.0626,=0.0099,=1.0072,=1.3146,=1.6046,=2.5762,=3.7607,=0.0092,=0.7668,=0.0014,=0.0038,=0.0081,=0.0094,=0.0147,=0.0208,=-0.0128,=-0.0016,=622
="932584",智选港股通红利低波,2026-06-11,,,,=6.1065,=0.6154,=5.4952,=5.6861,=5.9797,=6.1973,=6.4396,=0.6237,=0.6154,=0.5613,=0.5808,=0.6108,=0.6330,=0.6578,=0.9382,=0.6154,=0.8443,=0.8736,=0.9187,=0.9521,=0.9893,=0.0559,=0.3846,=0.0530,=0.0550,=0.0567,=0.0597,=0.0621,,,,=14
="1000005",上海非金融A股,1994-01-01,,,,=32.0595,=0.8888,=15.3520,=20.3290,=23.4663,=29.8124,=34.6296,=2.3003,=0.8533,=1.5456,=1.8178,=2.0437,=2.2628,=2.5831,=1.3869,=0.9600,=0.7548,=0.9329,=1.0759,=1.2102,=1.4804,=0.0183,=0.3910,=0.0107,=0.0148,=0.0197,=0.0236,=0.0293,=0.0209,=0.0661,=0.0198,=190
="1000010",上海B股,1994-01-10,,,,=11.9054,=0.1253,=6.8464,=12.7305,=18.6809,=37.2537,=68.1787,=0.9167,=0.2283,=0.7158,=0.9066,=1.0089,=1.2366,=1.7346,=0.6756,=0.6745,=0.3163,=0.4060,=0.5565,=0.7289,=1.2119,=0.0437,=0.8121,=0.0085,=0.0241,=0.0346,=0.0434,=0.2559,,,=0.0164,=131
="1000011",A股非金融,1994-01-10,,,,=38.6230,=0.8356,=17.5718,=25.5269,=28.6103,=37.5686,=43.6945,=2.5855,=0.6761,=1.6561,=2.0403,=2.3294,=2.6903,=2.9749,=1.6148,=0.8620,=0.9476,=1.1421,=1.3068,=1.5704,=1.8156,=0.0154,=0.4343,=0.0087,=0.0121,=0.0160,=0.0192,=0.0256,=0.0205,=0.0612,=0.0189,=810
="1000014",科创板全指,2019-07-22,,,,=198.6373,=0.8555,=34.6058,=58.6988,=77.5889,=132.9781,=267.8356,=6.7771,=0.8637,=2.4875,=3.8037,=4.9165,=6.4692,=9.5957,=9.0904,=0.7566,=3.3799,=5.2134,=6.5984,=9.8517,=14.1086,=0.0026,=0.1469,=0,=0.0031,=0.0044,=0.0064,=0.0098,=0.0091,=0.0255,=0.0035,=1300

数据来源于：理杏仁网站(lixinger.com)