指数代码,指数名称,发布时间,涨跌幅,收盘点位,今年以来涨跌幅,PE-TTM(当前值),PE-TTM(分位点%),PE-TTM(最小值),PE-TTM(20%分位点值),PE-TTM(50%分位点值),PE-TTM(80%分位点值),PE-TTM(最大正值),PB(当前值),PB(分位点%),PB(最小值),PB(20%分位点值),PB(50%分位点值),PB(80%分位点值),PB(最大正值),PS-TTM(当前值),PS-TTM(分位点%),PS-TTM(最小值),PS-TTM(20%分位点值),PS-TTM(50%分位点值),PS-TTM(80%分位点值),PS-TTM(最大正值),净资产收益率(ROE)(2026Q1),净资产收益率(ROE)(2025Q4),净资产收益率(ROE)(2025Q1),股息率,关注度
="931039",银行AH,2017-12-06,=-0.0112,=12618.8100,=-0.0129,=6.0261,=0.8571,=3.2016,=4.0768,=5.2093,=5.9046,=7.9938,=0.5687,=0.5088,=0.3790,=0.4568,=0.5662,=0.7134,=1.0569,=2.2619,=0.8822,=1.0856,=1.4321,=1.7463,=2.1379,=2.9053,,=0.0881,,=0.0484,=99
="H11146",港股通内地金融,2010-06-02,=0.0044,=1158.2400,=0.0523,=6.2730,=0.5971,=3.2759,=4.5177,=6.0187,=6.7500,=9.2347,=0.6369,=0.4333,=0.3797,=0.4938,=0.6684,=0.8765,=1.1859,=1.6248,=0.8281,=0.6692,=0.9478,=1.3004,=1.5982,=2.1885,,=0.0970,,=0.0460,=40
="930792",HK银行,2016-04-22,=0.0037,=4968.7200,=0.1281,=6.8905,=0.8242,=3.2659,=4.4645,=5.8569,=6.7794,=9.5632,=0.6713,=0.6098,=0.3905,=0.4964,=0.6253,=0.8010,=1.0771,=2.6240,=0.9472,=1.0519,=1.5167,=1.8577,=2.3950,=3.1066,,=0.0901,,=0.0458,=754
="HSSCSOY",恒生港股通中国央企红利指数,2023-06-01,=0.0038,=4244.7700,=0.0557,=6.9272,=0.7885,=4.1647,=4.6318,=5.6538,=6.9850,=7.8218,=0.6427,=0.6359,=0.4381,=0.4946,=0.5917,=0.6872,=0.7455,=1.0860,=0.9987,=0.5323,=0.5950,=0.7417,=0.9363,=1.0875,,=0.0921,,=0.0514,=243
="399986",中证银行,2013-07-15,=-0.0159,=7284.3700,=-0.0419,=7.0186,=0.8376,=4.1183,=5.2599,=6.2834,=6.8524,=9.0846,=0.6687,=0.3792,=0.4848,=0.5836,=0.7186,=0.8984,=1.2416,=2.6347,=0.8862,=1.4134,=1.7842,=2.1439,=2.5064,=3.3016,=0.0226,=0.0881,=0.0236,=0.0420,=9561
="H30106",H300金融服务,2013-05-21,=0.0098,=1609.8500,=0.0638,=7.0983,=0.5468,=4.0175,=5.3642,=6.9700,=7.7688,=11.1922,=0.7612,=0.5359,=0.4470,=0.5777,=0.7431,=0.9083,=1.2489,=2.0287,=0.8942,=0.8557,=1.1816,=1.4658,=1.8873,=2.3593,,=0.1014,,=0.0438,=21
="000018",180金融,2007-12-10,=-0.0054,=5376.6100,=-0.0949,=7.3988,=0.4547,=5.2016,=6.4287,=7.4973,=8.3012,=10.8609,=0.7565,=0.2770,=0.5902,=0.6965,=0.8728,=1.0696,=1.4199,=2.2223,=0.8137,=1.2355,=1.5824,=1.9494,=2.2073,=2.8772,=0.0229,=0.0959,=0.0245,=0.0393,=777
="931233",港股通央企红利,2017-06-28,=0.0040,=1193.1400,=0.0234,=7.4023,=0.7820,=3.6988,=4.9580,=6.3375,=7.4458,=14.0775,=0.6963,=0.6160,=0.3929,=0.5224,=0.6451,=0.8603,=1.8161,=1.0050,=0.5671,=0.4645,=0.6222,=0.9482,=1.3904,=1.7583,,=0.0906,,=0.0505,=452
="399809",保险主题,2015-02-13,=0.0076,=2225.7500,=-0.1657,=7.4620,=0.3351,=5.4537,=6.8114,=10.4916,=15.0245,=22.8725,=0.8004,=0.2918,=0.6352,=0.7658,=1.2249,=1.4858,=1.9794,=2.1734,=0.9369,=0.5239,=0.8688,=1.0978,=1.5198,=2.3772,=0.0227,=0.1015,=0.0246,=0.0389,=1495
="000818",细分金融,2012-04-11,=-0.0023,=6679.8900,=-0.0953,=7.5401,=0.4575,=5.2356,=6.4974,=7.6847,=8.4810,=10.9951,=0.7688,=0.2770,=0.5930,=0.7010,=0.8898,=1.0928,=1.4303,=2.2829,=0.8215,=1.2689,=1.6354,=1.9860,=2.2623,=2.9111,=0.0231,=0.0956,=0.0246,=0.0384,=7
="H11140",香港红利,2009-07-23,=-0.0113,=3974.8800,=0.0886,=7.5452,=0.7626,=3.0693,=4.4554,=5.9842,=8.0371,=13.9623,=0.7122,=0.5964,=0.3833,=0.5103,=0.6296,=0.8659,=1.1652,=1.2004,=0.6872,=0.5431,=0.7464,=0.9724,=1.4677,=2.1349,,=0.0912,,=0.0521,=47
="HSMCHYI",恒生中国内地企业高股息率指数,2019-09-01,=0.0009,=3005.7500,=0.0801,=7.5505,=0.9455,=3.7550,=5.0475,=5.8194,=6.7618,=7.9027,=0.7567,=0.8677,=0.4590,=0.5786,=0.6402,=0.7401,=0.8175,=1.1478,=0.9396,=0.5101,=0.6879,=0.7974,=0.9123,=1.2126,,,,=0.0496,=280
="987016",港股通红利低波,2021-11-18,,,=0.0971,=7.6248,=0.9577,=3.4544,=4.3013,=4.9321,=6.7890,=8.0054,=0.7309,=0.9928,=0.4152,=0.4876,=0.5389,=0.6614,=0.7529,=1.1308,=0.8272,=0.5827,=0.6595,=0.7938,=1.1099,=1.3012,,=0.0893,,=0.0527,=155
="931024",港股通非银,2017-11-06,=0.0225,=4056.9500,=-0.0551,=7.6800,=0.0438,=6.7549,=8.6134,=11.0783,=13.3596,=22.4310,=1.0450,=0.4969,=0.6237,=0.8485,=1.0470,=1.2233,=1.7592,=1.2866,=0.8388,=0.5870,=0.8754,=1.0140,=1.2280,=2.2002,,=0.1344,,=0.0381,=192
="HSHYLV",恒生港股通高股息低波动指数,2017-05-08,=-0.0023,=4505.6800,=0.0084,=7.6951,=0.8494,=3.5572,=4.6455,=5.9894,=7.2152,=9.5068,=0.6929,=0.6649,=0.3828,=0.4851,=0.5812,=0.8151,=1.1073,=0.9278,=0.5637,=0.4386,=0.6557,=0.8495,=1.4147,=2.0623,,,,=0.0524,=1515
="HSHDYI",恒生高股息率指数,2012-12-10,=0.0014,=1304.1300,=0.0225,=7.7083,=0.7753,=3.6777,=4.8612,=6.6082,=7.8179,=10.6953,=0.7075,=0.5538,=0.4041,=0.5046,=0.6482,=0.9078,=1.1746,=1.1201,=0.5510,=0.5013,=0.7008,=1.0658,=1.5005,=1.9871,,,,=0.0528,=912
="H30270",红利价值,2013-12-19,=-0.0100,=9597.8700,=0.0069,=7.8288,=0.7450,=4.4543,=5.4322,=6.7629,=8.7114,=13.0955,=0.7871,=0.5654,=0.5256,=0.6488,=0.7639,=1.2450,=1.7317,=1.5866,=0.9699,=0.5854,=0.8117,=0.9995,=1.2969,=1.6637,=0.0235,=0.0936,=0.0240,=0.0424,=197
="931130",红利成长低波,2018-12-04,=-0.0104,=23205.9700,=-0.0215,=7.8530,=0.5047,=4.4465,=5.5781,=7.8255,=8.7186,=11.5512,=0.7828,=0.3324,=0.5279,=0.6246,=0.9002,=1.0301,=1.5803,=2.6815,=1,=0.3109,=0.8140,=1.3198,=1.9167,=2.6815,=0.0231,=0.0934,=0.0229,=0.0401,=148
="000914",300金融,2007-07-02,=-0.0024,=6052.1700,=-0.0991,=7.8597,=0.5124,=5.2769,=6.6022,=7.8391,=8.6017,=11.3863,=0.7638,=0.2671,=0.5962,=0.7048,=0.9101,=1.1328,=1.4919,=2.1418,=0.8438,=1.1210,=1.4310,=1.8123,=2.0927,=2.7052,=0.0223,=0.0897,=0.0236,=0.0381,=344
="931157",SHS红利成长LV,2019-04-25,=-0.0026,=7249.4800,=-0.0275,=7.8950,=0.6613,=4.1261,=5.5915,=6.9155,=8.3348,=11.5318,=0.7776,=0.4079,=0.5154,=0.6258,=0.8079,=0.9242,=1.5888,=1.6968,=1,=0.5018,=0.7114,=1.0388,=1.4094,=1.6968,,=0.0964,,=0.0462,=335
="HSSCHKY",恒生港股通高股息率指数,2019-11-01,=-0.0062,=2689.6100,=0.0855,=7.9214,=0.9417,=3.8979,=4.9492,=5.8931,=7.2189,=8.4533,=0.7069,=0.8545,=0.4277,=0.5172,=0.5782,=0.6846,=0.8197,=1.2326,=0.9079,=0.5333,=0.6968,=0.8759,=1.1223,=1.3442,,,,=0.0508,=494
="930914",港股通高股息,2016-11-25,=-0.0003,=5208.6400,=0.0592,=7.9607,=0.8168,=3.4280,=4.4201,=5.9262,=7.8302,=11.1979,=0.7670,=0.7117,=0.3979,=0.5022,=0.6160,=0.8526,=1.1764,=1.2613,=0.8040,=0.5144,=0.7042,=0.9226,=1.2585,=2.2126,,=0.0918,,=0.0505,=704
="932596",港股通红利低波,2016-02-04,=-0.0038,=4183.6600,=0.0786,=7.9714,=0.3743,=7.4451,=7.8406,=8.0604,=8.2767,=8.5745,=0.7356,=0.5140,=0.6528,=0.6979,=0.7326,=0.7595,=0.7956,=1.3757,=0.9385,=1.2161,=1.2848,=1.3276,=1.3605,=1.4099,,=0.0894,,=0.0492,=90
="930992",沪港深红利低波,2017-06-28,=-0.0056,=5526.6700,=-0.0073,=8.0160,=0.8798,=4.0130,=5.1636,=5.8849,=7.7673,=8.5109,=0.7481,=0.8743,=0.4277,=0.5369,=0.5908,=0.7261,=0.7950,=1.1857,=0.7991,=0.4496,=0.6005,=0.8573,=1.1867,=1.3912,,=0.0878,,=0.0495,=48
="HSSCHYS",恒生港股通红利优选指数,2023-06-01,=0.0012,=5103.3900,=0.0988,=8.0641,=0.8394,=4.2457,=4.7281,=5.7881,=7.8973,=9.0746,=0.7529,=0.8541,=0.4429,=0.4987,=0.5834,=0.7380,=0.8283,=1.2321,=1,=0.6036,=0.6744,=0.8772,=1.0358,=1.2321,,,,=0.0577,=85
="000934",中证金融,2009-07-03,=0.0003,=5655.5100,=-0.0979,=8.1441,=0.5206,=5.7083,=6.8944,=8.0939,=8.8714,=11.5527,=0.7730,=0.2638,=0.6117,=0.7181,=0.9152,=1.1488,=1.5017,=2.1464,=0.8479,=1.1467,=1.4503,=1.8024,=2.0811,=2.6696,=0.0220,=0.0873,=0.0231,=0.0371,=1152
="000029",180价值,2009-01-09,=-0.0091,=4125.1300,=-0.0737,=8.2006,=0.6570,=5.6894,=6.9075,=7.8873,=8.5069,=10.8138,=0.8073,=0.2115,=0.6666,=0.8037,=0.8606,=1.0653,=1.4433,=1.1072,=0.8912,=0.6198,=0.7825,=0.9448,=1.0698,=1.4032,=0.0228,=0.0896,=0.0243,=0.0406,=559
="HSCSOE",恒生中国央企指数,2023-01-01,=0.0015,=3935.6200,=0.0948,=8.2035,=0.9149,=4.9972,=5.5494,=6.1600,=7.7389,=8.5526,=0.7867,=0.8972,=0.5264,=0.5922,=0.6333,=0.7572,=0.8375,=0.9750,=0.9078,=0.5404,=0.5946,=0.6677,=0.8647,=1.0234,,=0.0956,,=0.0466,=113
="H30269",红利低波,2013-12-19,=-0.0104,=11001.3400,=-0.0212,=8.2850,=0.7366,=4.5638,=5.5488,=6.8813,=9.4786,=14.4342,=0.8375,=0.5499,=0.5386,=0.6570,=0.8017,=1.3872,=1.9670,=1.6012,=0.9666,=0.6111,=0.8850,=1.0977,=1.4163,=1.6703,=0.0236,=0.0946,=0.0236,=0.0436,=4345
="H50040",上红低波,2014-03-21,=-0.0082,=10933.8000,=-0.0085,=8.2864,=0.7473,=4.6938,=5.9512,=7.0885,=9.6645,=14.3118,=0.8286,=0.4773,=0.5647,=0.6911,=0.8348,=1.3609,=1.8756,=1.6145,=0.9658,=0.6380,=0.8684,=1.2018,=1.4017,=1.6845,=0.0234,=0.0936,=0.0244,=0.0429,=362
="000992",全指金融,2011-08-02,=0.0009,=5416.1900,=-0.0955,=8.3146,=0.5177,=5.9310,=7.1022,=8.2737,=9.0288,=11.6339,=0.7748,=0.2617,=0.6188,=0.7234,=0.9240,=1.1610,=1.5107,=2.1429,=0.8487,=1.1568,=1.4432,=1.8065,=2.0774,=2.6668,=0.0217,=0.0846,=0.0227,=0.0367,=2700
="931446",东证红利低波,2020-04-21,=-0.0071,=3339.8400,=-0.0299,=8.4164,=0.7619,=5.1478,=6.1772,=7.1393,=8.5363,=11.0216,=0.8071,=0.6352,=0.5884,=0.6956,=0.7649,=0.8718,=1.2481,=1.5016,=0.9270,=0.5909,=0.7548,=0.8883,=1.3243,=1.5979,=0.0224,=0.0895,=0.0240,=0.0423,=851
="000922",中证红利,2008-05-26,=-0.0104,=5590.7000,=0.0158,=8.4867,=0.7688,=5.1762,=6.0245,=7.6568,=8.6158,=11.2156,=0.8185,=0.4262,=0.5911,=0.7110,=0.8513,=1.1086,=1.4999,=1.2549,=0.8380,=0.6332,=0.7726,=1.0442,=1.2310,=1.7101,=0.0233,=0.0895,=0.0228,=0.0426,=20092
="000151",上国红利,2012-07-20,=-0.0171,=1641.1100,=0.0742,=8.6284,=0.9596,=4.5075,=5.3657,=6.9488,=7.7684,=10.0345,=0.7545,=0.5041,=0.5268,=0.6189,=0.7535,=0.9661,=1.3272,=1.0662,=0.4703,=0.6026,=0.8953,=1.0833,=1.3107,=1.6854,=0.0218,=0.0803,=0.0258,=0.0433,=219
="399373",大盘价值,2010-01-04,=-0.0115,=7973.7900,=-0.0700,=8.6438,=0.5804,=5.4746,=6.8623,=8.3624,=9.1146,=11.9914,=0.8735,=0.3479,=0.6410,=0.8033,=0.9449,=1.1408,=1.5001,=1.1610,=0.8434,=0.5920,=0.7817,=0.9284,=1.1432,=1.4541,=0.0236,=0.0939,=0.0248,=0.0425,=328
="000015",红利指数,2005-01-04,=-0.0167,=3224.4900,=0.0615,=8.6659,=0.9295,=4.6646,=5.5108,=7.0876,=8.0479,=10.4439,=0.8222,=0.5886,=0.5525,=0.6398,=0.7661,=1.0179,=1.3875,=1.4585,=0.9196,=0.7277,=0.8913,=1.1372,=1.3364,=1.6890,=0.0233,=0.0885,=0.0212,=0.0412,=14191
="000821",300红利,2012-07-20,=-0.0155,=6598.5900,=-0.0110,=8.6930,=0.8467,=4.9998,=6.1944,=7.5608,=8.4619,=10.9286,=0.8449,=0.4237,=0.5725,=0.7140,=0.8687,=1.0796,=1.4919,=1.3815,=0.8825,=0.6098,=0.7993,=1.0658,=1.3205,=1.6963,=0.0235,=0.0916,=0.0239,=0.0438,=1000
="000063",上证周期,2010-02-03,=0.0078,=3710.4400,=-0.0855,=8.8370,=0.5915,=5.4761,=7.1362,=8.6006,=9.4385,=12.4946,=0.9107,=0.3941,=0.6668,=0.8368,=0.9609,=1.1068,=1.4831,=1.5223,=0.8714,=0.8113,=1.0636,=1.2494,=1.4454,=1.7571,=0.0245,=0.0975,=0.0256,=0.0374,=206
="930740",300红利LV,2018-12-04,=-0.0099,=7004.6700,=-0.0229,=8.8434,=0.8289,=5.4153,=6.8275,=7.5213,=8.6941,=9.6903,=0.8511,=0.4761,=0.6159,=0.7722,=0.8580,=0.9459,=1.0604,=1.5466,=0.8338,=0.6725,=0.8568,=1.0784,=1.4898,=1.9253,=0.0239,=0.0932,=0.0223,=0.0439,=619
="930955",红利低波100,2017-05-26,=-0.0054,=11536.2000,=-0.0216,=8.8605,=0.8301,=5.0805,=6.0693,=7.4225,=8.6131,=11.5013,=0.8702,=0.5993,=0.5792,=0.6661,=0.8277,=0.9898,=1.3722,=1.4998,=0.9290,=0.5888,=0.7781,=0.9906,=1.3581,=1.7525,=0.0234,=0.0928,=0.0257,=0.0446,=2179
="000824",国企红利,2012-07-20,=-0.0091,=2169.4700,=0.0228,=8.8844,=0.9176,=4.8847,=5.9406,=7.3386,=8.4328,=10.7823,=0.8501,=0.5359,=0.5610,=0.6880,=0.8278,=1.0592,=1.4469,=1.2810,=0.8289,=0.5370,=0.7016,=0.9865,=1.2536,=1.6834,=0.0232,=0.0892,=0.0226,=0.0426,=943
="931644",800红利,2024-03-15,=-0.0093,=2611.9800,=0.0234,=8.8950,=0.6648,=6.4729,=7.3375,=8.3624,=9.0523,=9.4757,=0.8548,=0.4494,=0.7001,=0.7714,=0.8601,=0.9072,=0.9431,=1.2457,=0.6169,=0.8423,=0.9262,=1.1326,=1.2954,=1.3602,=0.0236,=0.0906,=0.0231,=0.0435,=31
="931848",800红利低波,2024-05-21,=-0.0071,=3177.7700,=0.0039,=8.9519,=0.4451,=7.4155,=8.2209,=9.0882,=9.4790,=9.7854,=0.8671,=0.2196,=0.7315,=0.8624,=0.9208,=0.9701,=1.0024,=1.6456,=1,=1.1714,=1.2335,=1.3484,=1.3824,=1.6456,=0.0237,=0.0929,=0.0230,=0.0420,=148
="000919",300价值,2008-01-21,=-0.0046,=5035.9000,=-0.0531,=8.9724,=0.6950,=5.9577,=7.3283,=8.4471,=9.2438,=12.2376,=0.8889,=0.3141,=0.6917,=0.8497,=0.9391,=1.1480,=1.5388,=1.1151,=0.8236,=0.6314,=0.7861,=0.9060,=1.1066,=1.3421,=0.0228,=0.0921,=0.0242,=0.0405,=4323
="HSCCI",恒生香港中资企业指数,1997-06-16,=0.0012,=4320.9300,=0.0761,=9.0894,=0.5356,=4.8859,=6.8728,=8.8773,=11.7418,=16.1208,=0.8602,=0.4791,=0.5567,=0.7305,=0.8670,=1.1675,=1.3660,=0.9779,=0.4815,=0.5555,=0.7802,=0.9880,=1.3582,=1.5178,,=0.0951,,=0.0550,=33
="931479",证券保险,2020-05-06,=0.0196,=911.5900,=-0.1422,=9.1133,=0.0256,=8.4973,=11.8316,=13.4738,=15.5169,=21.1012,=1.2228,=0.2003,=1.0296,=1.2228,=1.3764,=1.5649,=2.2844,=1.6615,=0.6703,=1.0318,=1.2725,=1.4586,=1.7897,=2.2879,=0.0256,=0.1317,=0.0302,=0.0294,=36
="000825",央企红利,2012-07-20,=-0.0042,=3389.2200,=-0.0186,=9.1879,=0.9419,=4.7369,=6.0940,=7.3075,=8.3958,=10.5687,=0.8790,=0.5486,=0.5507,=0.6915,=0.8600,=0.9983,=1.3929,=1.2225,=0.8071,=0.6009,=0.8548,=1.0654,=1.2189,=1.7357,=0.0224,=0.0902,=0.0228,=0.0418,=350
="399805",互联金融,2015-02-10,=0.0277,=2918.3400,=-0.2418,=9.1997,=0.1439,=7.5943,=9.7366,=11.4232,=13.1628,=16.5816,=0.9589,=0.1063,=0.7644,=1.0450,=1.4132,=1.7255,=2.0317,=1.7687,=0.7786,=1.1667,=1.4082,=1.6147,=1.7935,=2.2636,=0.0238,=0.0940,=0.0248,=0.0355,=328
="H30035",300非银,2012-12-21,=0.0172,=9446.2500,=-0.1530,=9.2474,=0.0128,=8.6966,=12.9296,=15.1688,=19.3628,=26.3489,=1.2394,=0.1228,=1.0544,=1.3120,=1.6245,=2.0481,=2.4387,=1.6734,=0.4728,=1.0410,=1.4185,=1.7158,=1.9729,=2.3917,=0.0253,=0.1294,=0.0297,=0.0288,=1208
="932305",智选高股息,2024-09-30,=-0.0026,=11664.1100,=0.0452,=9.4502,=0.7927,=7.0143,=7.4871,=8.3455,=9.4654,=10.9391,=1.0430,=0.4341,=0.8750,=0.9237,=1.0520,=1.0852,=1.1675,=0.5215,=0,=0.5215,=0.7272,=0.7821,=1.2754,=1.3342,=0.0253,=0.1000,=0.0324,=0.0600,=316
="HSML25",恒生中国(香港上市)30指数,2003-01-20,=-0.0020,=8741.0600,=-0.0763,=9.5268,=0.6075,=5.7712,=7.9342,=9.0722,=10.2891,=13.0207,=1.0379,=0.3779,=0.7256,=0.9437,=1.0795,=1.2097,=1.5098,=1.7239,=0.7895,=0.9123,=1.1553,=1.4203,=1.7362,=2.4187,,=0.1051,,=0.0348,=270
="000968",300周期,2010-05-28,=0.0082,=4222.3200,=-0.0718,=9.5577,=0.6183,=6.1174,=7.8172,=9.1554,=10.2896,=13.3562,=0.9444,=0.3833,=0.7021,=0.8484,=1.0040,=1.1784,=1.5550,=1.5746,=0.8912,=0.8459,=1.0834,=1.2645,=1.4930,=1.8297,=0.0243,=0.0922,=0.0244,=0.0353,=98
="H30356",800价值,2014-06-09,=-0.0008,=6332.7900,=-0.0472,=9.6281,=0.6796,=6.4024,=7.6968,=9.0479,=9.9527,=13.4784,=0.9404,=0.3980,=0.7030,=0.8630,=0.9873,=1.1710,=1.6287,=1.0734,=0.7842,=0.5868,=0.7389,=0.8831,=1.0833,=1.3738,=0.0232,=0.0908,=0.0237,=0.0391,=32
="932422",A500红利低波,2025-04-09,=-0.0082,=2995.7200,=-0.0346,=9.7388,=0.0769,=9.5190,=9.8665,=10.0790,=10.2337,=10.5846,=0.9451,=0,=0.9451,=1.0198,=1.0418,=1.0565,=1.0978,=1.3457,=0.4126,=1.2431,=1.2995,=1.4217,=1.4712,=1.5336,=0.0241,=0.0948,,=0.0433,=329
="000925",基本面50,2009-02-26,=-0.0052,=4272.0500,=-0.0750,=9.7555,=0.6830,=6.2635,=7.9688,=9.1183,=10.0957,=12.7955,=1.0011,=0.3908,=0.7306,=0.9013,=1.0549,=1.1921,=1.5728,=1.0755,=0.7329,=0.6037,=0.7864,=0.9667,=1.1046,=1.4866,=0.0227,=0.0882,=0.0241,=0.0376,=4557
="399966",800证保,2012-12-21,=0.0215,=5691.2600,=-0.1394,=9.7732,=0.0148,=9.1408,=13.6803,=15.9950,=19.7375,=27.1945,=1.2472,=0.1241,=1.0619,=1.3094,=1.6076,=2.0408,=2.4366,=1.8169,=0.5375,=1.1634,=1.5249,=1.7808,=2.0457,=2.5211,=0.0247,=0.1256,=0.0286,=0.0277,=173
="H30588",中证证保,2015-02-02,=0.0216,=966.4100,=-0.1394,=9.7773,=0.0148,=9.1443,=13.6416,=16.0874,=19.5891,=27.6808,=1.2460,=0.1224,=1.0752,=1.3099,=1.6144,=2.0366,=2.4238,=1.8197,=0.5635,=1.1673,=1.5178,=1.7655,=2.0128,=2.5500,=0.0246,=0.1254,=0.0286,=0.0277,=470
="931052",国信价值,2017-12-08,=0.0057,=3562,=0.0320,=9.8644,=0.9001,=5.3831,=6.5976,=7.4181,=8.7846,=11.0091,=1.2558,=0.8497,=0.7343,=0.9124,=1.0312,=1.1616,=1.5208,=1.7511,=0.9462,=0.6105,=0.9414,=1.2285,=1.4547,=2.0196,=0.0310,=0.1267,=0.0326,=0.0416,=571
="931722",国新港股通央企红利,2023-09-13,=-0.0060,=1379.7700,=0.0470,=9.8814,=0.8667,=5.5040,=6.6985,=7.6782,=9.4620,=10.8173,=0.8970,=0.7378,=0.6213,=0.7318,=0.8252,=0.9101,=1.0298,=0.6155,=0.8222,=0.3100,=0.3815,=0.4717,=0.6119,=0.6918,,=0.0875,,=0.0514,=354
="HSCESI",恒生中国企业精明指数,2015-06-08,=-0.0002,=12073.6900,=-0.0600,=9.9020,=0.7791,=6.0524,=7.9146,=8.6580,=10.0571,=15.8114,=1.0328,=0.5731,=0.6924,=0.8966,=1.0075,=1.1579,=1.7191,=1.3904,=0.7605,=0.8034,=0.9997,=1.0901,=1.4384,=2.0876,,=0.1052,,=0.0342,=93
="399371",国证价值,2010-01-04,=0.0004,=7039.1500,=-0.0228,=9.9323,=0.7057,=6.4728,=7.8356,=9.0964,=10.4280,=13.0475,=0.9734,=0.4217,=0.7249,=0.8967,=1.0076,=1.2365,=1.5675,=1.1158,=0.8195,=0.5764,=0.7536,=0.8693,=1.0978,=1.3812,=0.0233,=0.0892,=0.0237,=0.0385,=138
="HSCEI",恒生中国企业指数,1994-08-08,=0.0002,=8375.7400,=-0.0603,=9.9481,=0.7827,=6.0524,=7.9147,=8.6692,=10.0793,=15.8114,=1.0371,=0.5783,=0.6924,=0.8966,=1.0088,=1.1595,=1.7191,=1.3957,=0.7623,=0.8037,=1.0003,=1.0900,=1.4423,=2.0876,,=0.1052,,=0.0341,=4750
="931069",中金300,2018-02-14,=0.0054,=4790.5400,=-0.0427,=9.9792,=0.6875,=5.9518,=7.5618,=9.2914,=10.4990,=13.6164,=1.0375,=0.4395,=0.7377,=0.9220,=1.0873,=1.3547,=1.8328,=1.3376,=0.8061,=0.6656,=0.8675,=1.1153,=1.3293,=1.7542,=0.0231,=0.0958,=0.0284,=0.0382,=94
="930723",沪港深F100,2015-08-05,=-0.0079,=4970.9300,=-0.0238,=9.9917,=0.7318,=5.4557,=7.5729,=9.0415,=10.1685,=13.1279,=1.0189,=0.5281,=0.6469,=0.8477,=1.0098,=1.1158,=1.4626,=1.3295,=0.8797,=0.6039,=0.8635,=1.0801,=1.2884,=1.6654,,=0.0918,,=0.0373,=151
="931373",股息龙头,2019-11-15,=-0.0052,=2684.8000,=-0.0357,=10.0073,=0.8506,=5.4295,=6.8884,=8.3439,=9.5506,=11.4004,=1.1587,=0.8638,=0.6697,=0.8494,=1.0107,=1.1261,=1.2586,=1.8523,=1,=0.5706,=0.8136,=0.9865,=1.3862,=1.8523,=0.0258,=0.1004,=0.0264,=0.0396,=327
="932153",港股通价值策略,2025-04-30,=0.0056,=1125.7000,=0.0713,=10.0091,=0.3406,=8.1696,=9.7534,=10.1284,=10.3994,=10.9237,=0.8379,=0.1848,=0.7012,=0.8414,=0.8812,=0.9022,=0.9365,=1.0163,=0.3514,=0.8168,=0.9830,=1.0335,=1.0643,=1.1126,,=0.0812,,=0.0424,=10
="980081",价值100,2012-12-28,,,=0.0280,=10.0457,=0.7861,=7.7317,=8.3383,=8.6796,=10.1078,=11.5920,=1.0785,=0.6833,=0.8413,=0.8847,=0.9359,=1.1332,=1.3448,=1.1983,=0.9944,=0.7580,=0.8056,=0.9374,=1.0480,=1.2118,=0.0275,=0.0995,=0.0251,=0.0474,=401
="000806",消费服务,2012-02-10,=0.0032,=7600.2800,=-0.0977,=10.0618,=0.2098,=9.0076,=10.0441,=10.8057,=11.8704,=17.0971,=1.0600,=0.0214,=1.0009,=1.1964,=1.3534,=1.5460,=2.0145,=2.2408,=0.6599,=1.6526,=1.9481,=2.1252,=2.3803,=3.0032,=0.0246,=0.1002,=0.0266,=0.0360,=422
="000056",上证国企,2010-01-04,=0.0105,=1247.8800,=0.0004,=10.0783,=0.6216,=7.2538,=8.8792,=9.7322,=10.7955,=13.3187,=1.1089,=0.4584,=0.8518,=1.0314,=1.1226,=1.2162,=1.5455,=1.7654,=0.9996,=0.7909,=0.9986,=1.1123,=1.2372,=1.7805,=0.0264,=0.1060,=0.0271,=0.0366,=201
="399550",央视50,2012-06-06,=0.0024,=8344.6500,=0.0313,=10.1144,=0.7795,=6.8960,=8.2865,=9.3084,=10.1597,=13.0561,=1.0034,=0.1727,=0.8649,=1.0146,=1.2376,=1.4261,=1.8564,=2.1011,=0.8599,=1.3448,=1.6581,=1.8152,=2.0538,=2.5217,=0.0237,=0.0945,=0.0248,=0.0392,=2274
="000042",上证央企,2009-03-30,=-0.0029,=1734.9500,=-0.0422,=10.1280,=0.8240,=6.3284,=7.8863,=9.1843,=10.0583,=12.9577,=0.9922,=0.5206,=0.7230,=0.8871,=0.9851,=1.1137,=1.4812,=1.3244,=0.9876,=0.6569,=0.8569,=0.9784,=1.1380,=1.3891,=0.0224,=0.0920,=0.0234,=0.0363,=386
="930931",港股通50,2017-01-16,=0.0051,=3807.8400,=-0.0182,=10.1290,=0.5643,=6.5385,=8.7032,=9.8074,=11.3737,=15.8907,=1.0852,=0.4603,=0.7428,=0.9458,=1.0971,=1.1817,=1.6058,=1.8801,=0.7714,=1.1204,=1.4690,=1.7059,=1.9127,=2.6369,,=0.0979,,=0.0343,=293
="950090",50AH优选,2015-12-10,=0.0186,=6126.8900,=-0.0092,=10.2231,=0.8903,=6.3188,=7.9118,=8.6563,=9.8356,=13.5010,=1.0843,=0.6833,=0.7914,=0.9498,=1.0281,=1.1234,=1.5403,=1.4347,=0.9976,=0.6574,=0.8482,=0.9519,=1.0632,=1.4553,,=0.1007,,=0.0351,=2001
="000859",国企一带一路,2019-05-16,=0.0185,=1903.9700,=0.0453,=10.3380,=0.1299,=9.4709,=10.6205,=12.5331,=14.5099,=21.0714,=0.9991,=0.0227,=0.9662,=1.1643,=1.4398,=1.7785,=2.1877,=1.1668,=0.9977,=0.4715,=0.5619,=0.7398,=0.8285,=1.1782,=0.0234,=0.0898,=0.0201,=0.0348,=265
="931375",300质量低波,2019-11-25,=0.0077,=15739.7600,=-0.0718,=10.3487,=0.4127,=6.4946,=8.1607,=11.3774,=13.5582,=22.0532,=1.3518,=0.4247,=0.8054,=1.0809,=1.5539,=2.0725,=3.3245,=2.6532,=1,=1.0044,=1.3267,=1.6708,=2.0932,=2.6532,=0.0279,=0.1211,=0.0298,=0.0321,=111
="930839",港股通高息精选,2016-06-08,=-0.0115,=3345.2100,=-0.0299,=10.3779,=0.5782,=4.9918,=7.1350,=9.3693,=13.2462,=31.7979,=1.3615,=0.7503,=0.7294,=0.9293,=1.0747,=1.5790,=4.8768,=1.1677,=0.4401,=0.3418,=0.5599,=1.2460,=1.9109,=6.3245,,=0.1433,,=0.0518,=376
="930709",香港证券,2015-07-13,=0.0309,=1318.3600,=-0.0666,=10.5223,=0.2245,=6.3679,=10.2245,=12.8139,=14.8886,=24.4010,=0.9677,=0.5104,=0.5308,=0.7588,=0.9624,=1.2404,=1.6136,=4.0450,=0.7665,=1.7834,=2.5970,=3.1590,=4.1596,=5.9903,,=0.0828,,=0.0341,=505
="399995",基建工程,2015-03-12,=0.0197,=3798.4800,=-0.0276,=10.5441,=0.7811,=5.8673,=7.3439,=8.2792,=11.0498,=18.8590,=0.6759,=0.0420,=0.5815,=0.7250,=0.8989,=1.3371,=2.1834,=0.1929,=0.3726,=0.1368,=0.1788,=0.2044,=0.3400,=0.5478,=0.0129,=0.0543,=0.0158,=0.0262,=2691
="930957",港股通中国100,2017-06-23,=0.0009,=3542.7800,=-0.0642,=10.6050,=0.7572,=5.4625,=7.5985,=8.9218,=10.8176,=13.3106,=1.1284,=0.6255,=0.6571,=0.8623,=1.0723,=1.2005,=1.5222,=1.4595,=0.8669,=0.6789,=0.9634,=1.1263,=1.3639,=1.6609,,=0.1031,,=0.0336,=15
="932431",300质量,2025-03-18,=-0.0005,=1922.3500,=-0.0606,=10.6524,=1,=9.4685,=9.9795,=10.1351,=10.3075,=10.6524,=1.1369,=0.6502,=1.0616,=1.1050,=1.1294,=1.1442,=1.1853,=2.2658,=0.9010,=2.0194,=2.1476,=2.1997,=2.2414,=2.3259,=0.0253,=0.1012,=0.0271,=0.0341,=13
="930608",中证基建,2015-03-31,=0.0185,=7780.1000,=-0.0832,=10.7246,=0.5441,=6.6667,=8.6208,=10.4952,=14.1113,=25.2863,=0.7390,=0.0330,=0.6550,=0.8148,=1.1065,=1.4698,=2.2134,=0.2267,=0.2238,=0.1701,=0.2209,=0.3362,=0.4823,=0.7101,=0.0141,=0.0583,=0.0170,=0.0284,=656
="930846",300SNLV,2016-06-24,=0.0127,=6683.3900,=0.0104,=10.7835,=0.8145,=7.7900,=9.2095,=10.0850,=10.7402,=12.6275,=1.0187,=0.1360,=0.8340,=1.0368,=1.0950,=1.2263,=1.5027,=1.2799,=0.7050,=0.7711,=0.9528,=1.1613,=1.3326,=1.6864,=0.0237,=0.0917,=0.0233,=0.0385,=149
="000021",180治理,2008-09-10,=0.0050,=1038.3500,=-0.0458,=10.8259,=0.8726,=6.3364,=8.4357,=9.7161,=10.5898,=13.6109,=1.1026,=0.5206,=0.7542,=0.9755,=1.0972,=1.2187,=1.5847,=1.4326,=0.9596,=0.6625,=0.8519,=0.9540,=1.1445,=1.4979,=0.0243,=0.0995,=0.0258,=0.0376,=166
="000901",小康指数,2010-04-02,=0.0020,=6035.5900,=-0.0486,=10.8790,=0.4621,=8.5492,=9.9918,=10.9736,=12.5401,=15.5671,=1.0240,=0.0334,=0.9844,=1.0856,=1.2384,=1.4333,=1.7818,=1.0335,=0.7024,=0.7500,=0.8908,=0.9721,=1.0556,=1.2662,=0.0231,=0.0878,=0.0238,=0.0344,=251
="HSLI",恒生综合大型股指数,2001-10-03,=0.0042,=2278.7300,=-0.0536,=10.9101,=0.5920,=6.9327,=9.1262,=10.5225,=11.7587,=17.6478,=1.1004,=0.4592,=0.7133,=0.9432,=1.1160,=1.2416,=1.6032,=1.5188,=0.6400,=0.8297,=1.1852,=1.4282,=1.6322,=2.0023,,,,=0.0346,=101
="399812",养老产业,2014-06-06,=0.0042,=5207.2500,=-0.1775,=11.0611,=0.0054,=10.6378,=18.0171,=20.4358,=25.3954,=31.4367,=1.7104,=0.0082,=1.5864,=2.0596,=2.8104,=3.2414,=4.2954,=1.4123,=0.1319,=1.2170,=1.4607,=1.6757,=1.8719,=2.5548,=0.0294,=0.1459,=0.0345,=0.0280,=6236
="HSAHP",恒生沪深港通AH股溢价指数,2007-07-09,=-0.0114,=119.2800,=-0.0339,=11.0617,=0.9458,=5.5550,=7.1430,=8.3409,=9.6790,=12.3156,=1.0817,=0.8028,=0.6208,=0.7734,=0.9226,=1.0810,=1.3863,=1.2625,=0.9261,=0.5653,=0.7668,=0.9030,=1.0786,=1.3750,,=0.0958,,=0.0322,=348
="932255",A500红利增长,2025-04-09,=0.0052,=2998.0700,=-0.0130,=11.1763,=0.5734,=9.2509,=10.3788,=11.0227,=11.8023,=12.2754,=1.2623,=0.2902,=1.0684,=1.2362,=1.3018,=1.3678,=1.4369,=1.7779,=0.4615,=1.3292,=1.6780,=1.7982,=1.9656,=2.0549,=0.0280,=0.1066,,=0.0327,=36
="000043",超大盘,2009-04-23,=0.0156,=2561.0800,=-0.0212,=11.4823,=0.5932,=7.5271,=9.4626,=10.9298,=13.3313,=17.2195,=1.3275,=0.3982,=0.9803,=1.2132,=1.3543,=1.5050,=1.9858,=2.2136,=0.9724,=0.6740,=0.8577,=1.2423,=1.5185,=2.3305,=0.0268,=0.1053,=0.0277,=0.0318,=164
="000016",上证50,2004-01-02,=0.0166,=2938.6500,=-0.0305,=11.5200,=0.7918,=8.3126,=9.6365,=10.4598,=11.5466,=15.1108,=1.2355,=0.4864,=1.0245,=1.1676,=1.2377,=1.3330,=1.6482,=1.6186,=0.9913,=0.8665,=1.0168,=1.1270,=1.2803,=1.6440,=0.0249,=0.1007,=0.0262,=0.0315,=23485
="000052",50基本,2012-01-09,=-0.0021,=2747.2100,=-0.0914,=11.5200,=0.7918,=8.3126,=9.6365,=10.4640,=11.5466,=15.1108,=1.2355,=0.4872,=1.0245,=1.1676,=1.2376,=1.3328,=1.6471,=1.6186,=0.9913,=0.8665,=1.0172,=1.1270,=1.2803,=1.6440,=0.0249,=0.1007,=0.0262,=0.0315,=26
="HSISC",恒指港股通指数,2024-03-01,=0.0058,=3391.8400,=-0.0301,=11.7095,=0.7030,=7.5992,=8.6262,=10.2035,=11.9249,=12.8475,=1.2394,=0.7084,=0.8411,=0.9175,=1.1337,=1.2575,=1.3442,=1.5671,=0.6547,=0.9830,=1.1386,=1.4043,=1.6144,=1.7320,,,,=0.0335,=50
="931586",300价值稳健,2020-11-09,=0.0036,=7350.0200,=-0.0370,=11.7308,=0.6578,=8.1741,=9.6736,=11.1170,=12.7334,=15.0111,=1.2777,=0.3392,=0.9699,=1.1920,=1.3302,=1.5169,=1.6570,=1.3087,=0.8215,=0.7359,=0.8639,=0.9836,=1.0884,=1.5639,=0.0264,=0.1070,=0.0304,=0.0367,=43
="HSLMI",恒生综合大中型股指数,2015-06-08,=0.0075,=3924.1900,=-0.0486,=11.8335,=0.7103,=7.0073,=9.3014,=10.5712,=12.3479,=17.7261,=1.1402,=0.6026,=0.6929,=0.9060,=1.0965,=1.2279,=1.5417,=1.3658,=0.7907,=0.6858,=0.9753,=1.1734,=1.3720,=1.6465,,,,=0.0329,=88
="HSI",恒生指数,1989-03-09,=0.0050,=24842.6700,=-0.0307,=11.8718,=0.7306,=6.9462,=9.2250,=10.3076,=12.2459,=16.9606,=1.2475,=0.7477,=0.7519,=0.9719,=1.1255,=1.2666,=1.5570,=1.5238,=0.6011,=0.8141,=1.1480,=1.4344,=1.6549,=2.0895,,,,=0.0330,=13485
="1000010",上海B股,1994-01-10,,,,=11.8820,=0.1088,=6.8464,=12.9587,=19.1586,=37.2537,=68.1787,=0.8992,=0.1731,=0.7158,=0.9113,=1.0152,=1.2473,=1.7346,=0.6742,=0.6599,=0.3163,=0.4060,=0.5564,=0.7397,=1.2119,,,=0.0164,=0.0438,=129
="932457",港股通现金流,2025-02-28,=0.0147,=2056.9500,=0.0455,=11.9129,=0.9624,=7.5325,=8.9046,=10.1720,=11.4406,=12.3320,=1.2030,=0.5110,=1.0440,=1.1458,=1.2009,=1.3290,=1.5343,=0.6404,=0,=0.6404,=0.9112,=0.9627,=1.2191,=1.4545,,=0.0990,,=0.0414,=42
="931476",ESG 120策略,2020-04-30,=0.0229,=1507.0500,=0.0809,=12.0998,=0.8860,=7.8289,=9.6316,=10.6026,=11.7927,=13.2171,=1.3496,=0.7517,=1.0061,=1.1757,=1.2526,=1.3664,=1.7130,=1.6288,=1,=0.7906,=1.0587,=1.1480,=1.3394,=1.6288,=0.0265,=0.1050,=0.0271,=0.0319,=52
="000048",责任指数,2009-08-05,=0.0119,=1352.4300,=-0.0835,=12.1836,=0.8491,=7.8628,=9.5548,=10.5331,=11.7755,=14.1982,=1.3112,=0.5350,=0.9056,=1.1404,=1.2981,=1.4408,=1.7866,=1.1795,=1,=0.5718,=0.6942,=0.8009,=0.9217,=1.1795,=0.0224,=0.0991,=0.0247,=0.0378,=129
="000010",上证180,2002-07-01,=0.0182,=10094.5000,=0.0079,=12.2729,=0.8401,=8.4900,=9.9408,=10.9886,=12.1299,=14.6942,=1.2355,=0.4246,=0.9930,=1.1498,=1.2654,=1.3646,=1.6698,=1.4440,=0.9580,=0.8990,=1.0652,=1.1825,=1.3054,=1.4916,=0.0240,=0.0943,=0.0246,=0.0305,=2498
="HSCAIT",恒生A股行业龙头指数,2009-09-21,=0.0028,=5494.5900,=-0.0464,=12.3034,=0.8744,=8.2192,=9.7826,=10.4725,=11.8072,=14.1027,=1.2988,=0.6282,=1.0288,=1.1846,=1.2644,=1.3563,=1.6997,=1.3317,=0.9263,=0.8424,=0.9735,=1.0504,=1.2137,=1.4109,=0.0256,=0.1023,=0.0256,=0.0345,=494
="931395",沪港深300,2020-01-14,=0.0180,=1757.4600,=0.0193,=12.3623,=0.7392,=8.3275,=10.0238,=10.8492,=12.5562,=16.6490,=1.2865,=0.6227,=0.9663,=1.1028,=1.2185,=1.3706,=1.7241,=1.6130,=0.8564,=0.9881,=1.1725,=1.3190,=1.5842,=1.8801,,=0.0964,,=0.0303,=503
="932450",香港现金流,2025-02-28,=0.0138,=1770.6700,=-0.1194,=12.4372,=1,=6.6300,=8.1185,=9.8355,=10.4085,=12.4372,=1.2114,=0.5580,=0.7409,=0.8547,=1.1752,=1.2879,=1.5038,=0.5892,=0.3824,=0.4577,=0.5253,=0.9046,=1.0482,=1.2561,,=0.0828,,=0.0369,=10
="399807",高铁产业,2015-01-20,=0.0055,=1145.6700,=-0.0778,=12.5474,=0.4287,=9.4881,=11.2215,=12.8298,=15.6493,=24.3532,=0.7778,=0.0016,=0.7704,=0.9199,=1.0333,=1.4999,=2.3973,=0.4012,=0.3495,=0.3063,=0.3761,=0.4232,=0.4780,=0.6435,=0.0121,=0.0541,=0.0137,=0.0301,=590
="932039",央企股东回报,2022-11-16,=0.0074,=1617.4400,=0.0193,=12.5600,=0.8998,=8.0198,=9.6657,=10.9350,=11.9491,=13.8005,=1.1956,=0.8420,=0.8847,=1.0054,=1.1045,=1.1743,=1.4098,=0.7889,=0.8998,=0.3642,=0.4250,=0.5269,=0.6663,=0.8821,=0.0235,=0.0905,=0.0215,=0.0419,=131
="930629",CSSW健康,2015-05-08,=0.0005,=5045.3400,=-0.1189,=12.6232,=0.0029,=12.2266,=18.0044,=21.8300,=38.8501,=49.9253,=1.8251,=0.0103,=1.7351,=2.1736,=3.0782,=4.6084,=6.2998,=1.5248,=0.1369,=1.2755,=1.5559,=1.9210,=4.7309,=7.2978,=0.0270,=0.1388,=0.0324,=0.0247,=271
="931168",绿色价值100,2019-06-27,=0.0221,=1551.2900,=0.0430,=12.8440,=0.7992,=8.4906,=9.9759,=11.3283,=12.8463,=14.6050,=1.3545,=0.6919,=1.0223,=1.1889,=1.2802,=1.4053,=1.6052,=1.5903,=0.9597,=0.9649,=1.1295,=1.2486,=1.3526,=1.6482,=0.0274,=0.1011,=0.0242,=0.0300,=10
="399313",巨潮100,2005-02-03,=0.0206,=5546.9500,=0.0184,=12.8559,=0.8833,=8.9278,=10.3443,=11.0870,=12.3632,=16.6101,=1.3814,=0.6249,=1.0718,=1.2411,=1.3353,=1.4929,=1.8501,=1.7585,=1,=0.9844,=1.1492,=1.2640,=1.4363,=1.7585,=0.0250,=0.0999,=0.0255,=0.0284,=209
="930949",价值回报,2017-02-24,=0.0089,=13248.9000,=-0.0288,=13.0721,=0.8654,=5.5354,=8.1077,=10.0016,=12.2816,=17.5400,=2.0571,=0.7347,=1.2865,=1.4743,=1.7422,=2.1696,=3.1701,=1.4023,=0.9601,=0.5488,=0.7117,=0.8711,=1.2624,=1.7276,=0.0290,=0.1096,=0.0305,=0.0368,=29
="1000015",港股全指,2000-01-01,=0.0050,=24842.6700,=-0.0307,=13.1058,=0.7217,=7.5917,=10.2534,=11.3415,=13.5907,=19.1348,=1.0999,=0.5839,=0.6574,=0.8625,=1.0654,=1.1863,=1.5123,=1.1983,=0.6599,=0.6196,=0.8644,=1.1006,=1.2707,=1.5791,,,,=0.0324,=305
="H30455",沪港深500,2014-11-28,=0.0166,=2654.3100,=-0.0011,=13.3531,=0.8329,=8.5690,=10.3715,=11.4354,=13.2159,=16.8903,=1.3570,=0.6718,=0.9675,=1.1609,=1.2889,=1.4056,=1.7307,=1.6122,=0.9293,=0.9518,=1.1783,=1.3170,=1.5043,=1.7787,,=0.0953,,=0.0290,=526
="000044",上证中盘,2009-07-03,=0.0140,=4776.9400,=0.0468,=13.3878,=0.6142,=8.6509,=10.4793,=12.5324,=14.6389,=18.7575,=1.2356,=0.4188,=0.9210,=1.0900,=1.2833,=1.6557,=1.9734,=1.2694,=0.5396,=0.9382,=1.1499,=1.2499,=1.4304,=1.7773,=0.0229,=0.0859,=0.0223,=0.0291,=96
="931132",诚通央企红利,2023-05-04,=0.0083,=1652.1200,=0.0181,=13.4480,=0.8647,=9.0905,=10.5779,=11.8982,=12.9712,=15.2313,=1.2667,=0.8355,=0.9482,=1.0897,=1.1829,=1.2363,=1.5338,=0.7665,=0.8740,=0.3626,=0.4245,=0.4785,=0.6146,=0.8835,=0.0249,=0.0916,=0.0215,=0.0414,=34
="980092",自由现金流,2012-12-28,=-0.0030,=5159.9400,=-0.0423,=13.6520,=0.6411,=11.1075,=12.2044,=12.9064,=14.4887,=16.4362,=1.4104,=0,=1.4104,=1.5042,=1.5907,=1.6691,=1.8134,=0.8992,=0.2464,=0.7577,=0.8762,=0.9472,=0.9809,=1.0805,=0.0285,=0.1047,=0.0263,=0.0360,=1403
="931412",证券公司30,2020-02-20,=0.0240,=1445.0300,=-0.1113,=13.7091,=0.0300,=12.7557,=16.2937,=18.5931,=22.6909,=36.9291,=1.2570,=0.1846,=1.0327,=1.2657,=1.4456,=1.7022,=2.4365,=5.4780,=0.4579,=3.9462,=5.0276,=5.5523,=6.7187,=9.6353,=0.0228,=0.0861,=0.0218,=0.0221,=21
="000908",300能源,2007-07-02,=-0.0300,=2521.4500,=0.0666,=13.7228,=0.5313,=6.9395,=9.4585,=13.2394,=22.0861,=62.7889,=1.3751,=0.8858,=0.7125,=0.8868,=1.1252,=1.2828,=1.8071,=0.8448,=0.9658,=0.3053,=0.3856,=0.5115,=0.6916,=1.0302,=0.0302,=0.1004,=0.0297,=0.0396,=268
="399314",巨潮大盘,2005-02-03,=0.0215,=5302.7200,=0.0360,=13.7285,=0.8586,=9.6620,=11.1253,=12.0417,=13.4838,=17.5384,=1.4379,=0.5606,=1.0976,=1.2830,=1.4166,=1.5848,=1.9279,=1.5977,=0.9670,=0.9932,=1.1678,=1.3073,=1.4603,=1.8124,=0.0244,=0.0938,=0.0251,=0.0277,=16
="950096",上海国企,2016-05-11,=0.0066,=1361.4100,=-0.1002,=13.8649,=0.6443,=8.9055,=11.0343,=12.5711,=15.1972,=16.5992,=1.0466,=0.3805,=0.7269,=0.8713,=1.1322,=1.5005,=2.0186,=1.1537,=0.8351,=0.5842,=0.6832,=0.8502,=1.1345,=1.2890,=0.0189,=0.0761,=0.0213,=0.0224,=169
="399439",国证油气,2014-12-30,=0.0066,=2132.9000,=0.1076,=13.8683,=0.4761,=7.2448,=10.6844,=15.1564,=29.8817,=98.7831,=1.3208,=0.8842,=0.6716,=0.7849,=1.1432,=1.2641,=1.8382,=0.7330,=0.9625,=0.2370,=0.3183,=0.5043,=0.5980,=0.9735,=0.0300,=0.0921,=0.0283,=0.0365,=98
="931155",300质量成长,2019-04-22,=0.0385,=11576.5300,=0.1448,=13.9330,=0.5554,=7.3805,=10.7943,=13.6099,=15.2916,=31.0699,=2.0622,=0.3984,=1.1055,=1.6631,=2.2664,=2.8252,=5.3844,=3.2638,=0.9625,=1.3218,=1.7727,=2.1656,=2.6050,=3.8395,=0.0331,=0.1462,=0.0366,=0.0238,=78
="931248",油气资源,2023-06-12,=0.0136,=1100.7900,=0.2047,=13.9414,=0.8698,=8.9017,=10.1762,=11.2142,=13.0366,=19.0700,=1.3106,=0.7078,=1.0292,=1.1495,=1.2133,=1.3621,=1.8318,=0.7326,=0.8712,=0.4486,=0.5086,=0.5894,=0.6669,=0.9774,=0.0301,=0.0906,=0.0280,=0.0362,=44
="399437",证券龙头,2014-12-30,=0.0259,=6040.7900,=-0.1132,=14.0385,=0.0309,=12.4414,=17.3586,=19.9982,=25.0411,=43.0253,=1.2763,=0.1541,=1.0547,=1.2958,=1.5368,=1.8299,=2.3633,=5.5914,=0.3523,=3.9970,=5.3180,=6.2007,=7.2524,=9.5068,=0.0223,=0.0851,=0.0215,=0.0217,=705
="931802",中证龙头,2010-02-09,=0.0248,=1941.7800,=0.0530,=14.0709,=0.8149,=9.1945,=11.3324,=12.3814,=14.0002,=18.2393,=2.0738,=0.9641,=1.2921,=1.4634,=1.6613,=1.8811,=2.6625,=2.8699,=1,=0.9048,=1.0765,=1.3392,=1.9888,=2.8699,=0.0324,=0.1325,=0.0308,=0.0271,=96
="980028",龙头家电,2015-02-16,=-0.0018,=11733.2400,=-0.0679,=14.1670,=0.3327,=11.8600,=13.7129,=14.6396,=18.6303,=31.1013,=2.3650,=0.0006,=2.3382,=2.6635,=2.9098,=3.6758,=5.1202,=1.2621,=0.3392,=0.9787,=1.2022,=1.3313,=1.4822,=2.2318,=0.0430,=0.1789,=0.0477,=0.0449,=179
="932366",300现金流,2024-11-12,=-0.0001,=3283.5100,=-0.0174,=14.1973,=0.5573,=12.5879,=13.4661,=14.0567,=14.9697,=16.2670,=1.6469,=0.0703,=1.5304,=1.7346,=1.8327,=1.8990,=1.9885,=1.2845,=0.2943,=1.0861,=1.2313,=1.4012,=1.4424,=1.5124,=0.0285,=0.1163,=0.0355,=0.0369,=164
="000971",等权90,2010-12-02,=0.0202,=3440.6700,=0.0242,=14.2082,=0.8735,=8.9747,=10.8952,=11.8474,=13.6984,=19.4330,=1.5958,=0.7643,=1.1544,=1.3261,=1.4403,=1.6219,=2.2329,=1.8836,=1,=1.0052,=1.1466,=1.2611,=1.5340,=1.8836,=0.0259,=0.1045,=0.0271,=0.0262,=9
="930758",凤凰50,2018-11-21,=0.0097,=8603.5700,=0.0800,=14.2817,=0.5808,=8.6050,=10.8080,=13.4919,=15.7510,=22.7753,=1.9013,=0.7178,=1.0496,=1.4314,=1.6581,=2.0853,=3.0708,=2.2144,=0.9334,=0.3622,=0.7519,=1.3137,=1.8912,=3.4064,=0.0281,=0.1135,=0.0262,=0.0302,=65
="931381",中证长三角,2019-11-25,=0.0039,=2081.4200,=0.0283,=14.3695,=0.8941,=9.1117,=10.6539,=12.0128,=13.8973,=16.1441,=1.4083,=0.6371,=0.9630,=1.1503,=1.3053,=1.5506,=1.8124,=1.7237,=0.8910,=0.8724,=1.0703,=1.2449,=1.5468,=1.9541,=0.0256,=0.0961,=0.0259,=0.0256,=7
="932368",800现金流,2024-12-11,=-0.0036,=4871.6600,=-0.0474,=14.3740,=0.8154,=9.9108,=10.8103,=11.6565,=14.2231,=15.6891,=1.8959,=0.8485,=1.4048,=1.5317,=1.6775,=1.8729,=2.0110,=1.6222,=1,=1.0036,=1.1013,=1.3161,=1.3988,=1.6222,=0.0283,=0.1177,=0.0451,=0.0347,=227
="000928",中证能源,2009-07-03,=-0.0302,=3360.6100,=0.1404,=14.3775,=0.5899,=6.9612,=9.7906,=13.1602,=21.5843,=68.9647,=1.3634,=0.8821,=0.7281,=0.9359,=1.1494,=1.2986,=1.8006,=0.8464,=0.9650,=0.3162,=0.4106,=0.5298,=0.7017,=1.0383,=0.0289,=0.0960,=0.0282,=0.0376,=1287
="931526",企业核心竞争力50,2020-08-24,=0.0188,=1328.8700,=0.0136,=14.5954,=0.0093,=13.8510,=17.2701,=23.1313,=30.0042,=51.8267,=1.7406,=0,=1.7406,=3.0899,=4.0823,=6.7908,=10.8733,=2.0998,=0.3452,=0.9066,=1.4998,=3.4335,=4.5521,=7.9459,=0.0371,=0.1485,=0.0461,=0.0266,=86
="931397",A股通50,2020-02-20,=0.0223,=2404.9100,=0.0611,=14.6697,=0.6257,=8.9450,=10.5650,=12.8858,=21.5690,=29.8209,=1.8112,=0.5376,=1.1048,=1.2774,=1.7242,=3.5822,=4.6955,=2.4399,=0.7511,=1.0496,=1.2845,=1.8807,=2.9138,=3.9597,=0.0296,=0.1069,=0.0278,=0.0267,=8
="931402",证券先锋,2020-01-14,=0.0236,=1825.2600,=-0.1247,=14.7166,=0.0238,=13.6795,=17.6847,=20.8076,=25.8686,=41.4692,=1.2745,=0.1695,=1.0487,=1.2862,=1.4665,=1.7500,=2.4715,=5.7340,=0.4117,=4.0917,=5.3121,=5.8995,=7.0824,=10.0278,=0.0214,=0.0819,=0.0203,=0.0209,=94
="931082",A500现金流,2025-07-16,=-0.0044,=4388.4900,=-0.0321,=14.7271,=0.6455,=11.3087,=12.2492,=13.9215,=14.9995,=16.5522,=1.6323,=0.0227,=1.6162,=1.7704,=1.8857,=1.9643,=2.0613,=1.3313,=0.1409,=1.2602,=1.3557,=1.4686,=1.5664,=1.6378,=0.0315,=0.1166,,=0.0340,=120
="000028",180成长,2009-01-09,=0.0327,=3986.5400,=0.0188,=14.7434,=0.5140,=9.5268,=12.1119,=14.4844,=18.2344,=25.1474,=2.0952,=0.3289,=1.5063,=1.8422,=2.6889,=3.1694,=5.1089,=2.6604,=1,=1.1581,=1.4576,=1.6193,=1.8703,=2.6604,=0.0333,=0.1358,=0.0227,=0.0225,=193
="000300",沪深300,2005-04-08,=0.0239,=4891.7100,=0.0565,=14.7881,=0.9303,=10.0799,=11.6919,=12.6254,=14.1209,=17.6279,=1.4916,=0.5796,=1.1457,=1.3350,=1.4689,=1.6202,=1.9228,=1.6019,=0.9798,=1.0330,=1.1718,=1.3056,=1.4549,=1.7482,=0.0246,=0.0934,=0.0249,=0.0264,=48727
="399975",证券公司,2013-07-15,=0.0256,=751.2300,=-0.1189,=14.8084,=0.0338,=12.5573,=18.6982,=21.4864,=26.4841,=46.0250,=1.2713,=0.1467,=1.0494,=1.3011,=1.5597,=1.8739,=2.4199,=5.7369,=0.3261,=4.0997,=5.4226,=6.3246,=7.4089,=10.0865,=0.0211,=0.0810,=0.0201,=0.0207,=9796
="H30198",油气产业,2013-07-15,=0.0177,=2465.8500,=0.1706,=14.8529,=0.5157,=7.8064,=10.8616,=14.1395,=25.4768,=104.2111,=1.4314,=0.9555,=0.6580,=0.8167,=1.1455,=1.2540,=1.8532,=0.7725,=0.9699,=0.2505,=0.3207,=0.4774,=0.5896,=0.9554,=0.0307,=0.0868,=0.0269,=0.0323,=109
="000986",全指能源,2011-08-02,=-0.0284,=2657.3800,=0.1384,=15.0154,=0.6200,=6.8032,=9.9968,=13.3657,=21.5782,=75.0146,=1.3718,=0.8912,=0.7554,=0.9688,=1.1728,=1.3154,=1.7977,=0.8638,=0.9641,=0.3323,=0.4459,=0.5658,=0.7211,=1.0524,=0.0281,=0.0918,=0.0274,=0.0363,=602
="932365",中证现金流,2024-12-11,=0.0007,=5002.2100,=-0.0504,=15.0384,=0.9118,=10.1873,=10.9300,=11.9383,=14.3084,=15.8261,=1.6689,=0.1791,=1.4661,=1.6827,=1.7819,=1.8860,=2.0150,=0.9235,=0,=0.9235,=1.1908,=1.4078,=1.5156,=1.6205,=0.0286,=0.1155,=0.0394,=0.0357,=660
="H11057",石化产业,2009-07-22,=0.0197,=1402.1900,=0.0265,=15.0653,=0.6269,=9.0713,=11.9911,=13.9378,=19.4496,=46.6548,=1.5053,=0.8989,=0.9085,=1.1893,=1.3418,=1.4425,=1.9948,=0.8111,=0.9054,=0.4002,=0.4798,=0.6100,=0.7513,=1.0264,=0.0331,=0.0946,=0.0281,=0.0314,=65
="000822",500红利,2012-07-20,=0.0001,=10703.0300,=0.0519,=15.1640,=0.7766,=7.4138,=9.6102,=11.2701,=16.9742,=26.4578,=1.2167,=0.4613,=0.8670,=1.0202,=1.2369,=1.6172,=2.2876,=0.6123,=0.5276,=0.2906,=0.3999,=0.5823,=1.2214,=1.8159,=0.0233,=0.0658,=0.0188,=0.0383,=39
="931454",港股通消费,2020-03-06,=-0.0052,=1398.6300,=-0.0916,=15.1758,=0.0123,=14.4081,=20.6902,=27.4746,=37.2012,=64.7193,=2.5364,=0.0123,=2.4102,=3.1966,=3.6481,=5.1246,=8.9519,=1.3449,=0.0078,=1.3063,=1.9535,=2.3912,=3.5943,=6.6047,,=0.1670,,=0.0443,=364
="HSCGSI",恒生消费指数,2015-08-17,=-0.0004,=2453.3400,=-0.0496,=15.2753,=0.0232,=14.2396,=17.9414,=20.3555,=46.9799,=191.0166,=2.5546,=0.4770,=1.6557,=2.1421,=2.5823,=3.0646,=4.3429,=1.3690,=0.3137,=0.9965,=1.2558,=1.5540,=1.8502,=2.9413,,,,=0.0438,=823
="000955",中证国企,2010-02-09,=0.0171,=1608.5900,=0.0082,=15.2870,=0.8631,=10.0979,=11.7062,=12.7334,=14.9335,=16.8119,=1.2691,=0.4353,=1.0210,=1.1826,=1.2931,=1.4479,=1.7591,=1.3079,=0.8537,=0.7969,=0.9757,=1.0900,=1.2794,=1.4527,=0.0213,=0.0765,=0.0217,=0.0268,=40
="931021",家电龙头,2017-10-17,=0.0064,=16715.9800,=-0.0747,=15.3575,=0.4368,=11.3343,=14.2302,=15.8128,=19.3525,=31.7589,=2.4698,=0.0551,=2.3685,=2.6464,=3.0544,=3.9071,=5.4650,=1.2569,=0.5737,=0.8457,=1.1169,=1.2353,=1.4872,=2.4102,=0.0396,=0.1676,=0.0453,=0.0410,=23
="000150",380红利,2012-07-20,=-0.0026,=12193.2000,=0.0549,=15.3793,=0.7585,=5.2545,=8.5513,=12.0927,=16.4820,=19.8070,=1.0596,=0.3005,=0.6172,=0.8678,=1.3587,=1.6822,=2.2592,=0.5058,=0.4559,=0.2775,=0.3623,=0.5441,=1.6692,=2.3204,=0.0206,=0.0377,=0.0185,=0.0437,=43
="HSSCHKC",恒生港股通香港公司指数,2017-11-20,=0.0162,=3306.5300,=0.0640,=15.4302,=0.6281,=9.9660,=12.2172,=14.2898,=18.1144,=45.2058,=1.2304,=0.7775,=0.8018,=0.9538,=1.0981,=1.2425,=1.4001,=2.7336,=0.7927,=1.7566,=2.0729,=2.3886,=2.7447,=3.2431,,,,=0.0367,=15
="932037",央企现代能源,2022-11-16,=0.0033,=1528.4300,=0.0475,=15.6968,=0.9052,=10.8583,=11.9788,=12.8362,=14.1728,=18.2611,=1.5467,=0.7561,=1.1507,=1.3384,=1.4191,=1.5700,=1.8914,=0.9483,=0.9133,=0.4850,=0.6175,=0.7508,=0.8253,=1.0835,=0.0273,=0.0952,=0.0272,=0.0325,=34
="399699",金融科技,2017-06-09,=0.0342,=3517.9400,=-0.2134,=15.7185,=0.0778,=14.0983,=16.7492,=19.3924,=44.6189,=111.6316,=1.7895,=0.1915,=1.2665,=1.7991,=2.2853,=3.4017,=4.4660,=1.4700,=0.3126,=1.0709,=1.3755,=1.6260,=1.9155,=3.0519,=0.0209,=0.1027,=0.0223,=0.0239,=324
="932315",中证红利质量,2024-07-08,=0.0092,=4265.2300,=-0.0551,=15.7736,=0.5363,=12.3916,=13.5496,=15.6608,=16.6188,=18.7206,=2.9242,=0.4380,=2.1812,=2.3633,=3.0810,=3.9926,=4.4900,=3.6638,=1,=2.0136,=2.1704,=2.9820,=3.1877,=3.6638,=0.0482,=0.1829,=0.0412,=0.0367,=508
="HSHK35",恒生香港35,2003-01-20,=0.0164,=3090.6500,=0.0828,=15.8777,=0.6453,=9.7413,=12.1218,=14.2684,=17.5924,=47.6465,=1.2420,=0.8273,=0.7649,=0.9588,=1.0969,=1.2310,=1.3547,=3.3687,=0.9065,=2.1814,=2.5905,=2.8820,=3.1787,=3.7366,,,,=0.0379,=116
="000861",央企创新,2019-05-16,=0.0167,=2699.5100,=0.0519,=15.9057,=0.8660,=10.3360,=12.0186,=13.3956,=15.0260,=18.8086,=1.4358,=0.9237,=1.0351,=1.1865,=1.2972,=1.3861,=1.5975,=0.8369,=0.9540,=0.4544,=0.5191,=0.5827,=0.7310,=0.8999,=0.0222,=0.0826,=0.0232,=0.0306,=266
="000066",上证商品,2010-04-30,=0.0262,=4074.8100,=0.1553,=15.9371,=0.5791,=7.9120,=11.1675,=15.0781,=23.3115,=53.3084,=1.7579,=0.9608,=0.9403,=1.2109,=1.3357,=1.4942,=2.2405,=1.0144,=0.9662,=0.4082,=0.5256,=0.6501,=0.7744,=1.2223,=0.0347,=0.1091,=0.0303,=0.0300,=77
="000068",上证资源,2010-05-28,=0.0249,=4425.1900,=0.0990,=16.0084,=0.5528,=7.8012,=11.1450,=15.2170,=24.8464,=73.1997,=1.7698,=0.9621,=0.8674,=1.1479,=1.3087,=1.4791,=2.2515,=1.0057,=0.9633,=0.3742,=0.5012,=0.6093,=0.7674,=1.2220,=0.0351,=0.1097,=0.0307,=0.0296,=305
="HSMI",恒生综合中型股指数,2001-10-03,=0.0255,=4876.6400,=-0.0212,=16.0366,=0.9508,=7.1837,=9.6369,=11.2764,=14.6806,=19.0737,=1.2836,=0.9021,=0.6229,=0.7817,=1.0105,=1.2279,=1.5312,=1.0410,=0.9842,=0.4186,=0.5568,=0.6724,=0.8105,=1.0938,,,,=0.0276,=163
="000860",结构调整,2018-03-26,=0.0206,=1284.5200,=0.0492,=16.0560,=0.7632,=9.5233,=12.4471,=13.9245,=16.3767,=20.6443,=1.4660,=0.8414,=1.1018,=1.2870,=1.3708,=1.4551,=1.6430,=0.9266,=0.9854,=0.4658,=0.5867,=0.6766,=0.7890,=0.9608,=0.0222,=0.0831,=0.0231,=0.0314,=143
="931139",CS消费50,2019-03-20,=-0.0116,=13583.0400,=-0.1486,=16.0678,=0.0108,=15.4419,=18.1916,=24.0806,=30.2039,=47.8630,=3.0187,=0.0063,=2.9513,=4.0408,=5.3421,=7.0843,=12.5456,=2.0529,=0,=2.0529,=2.6120,=3.1839,=4.4679,=9.1270,=0.0528,=0.1922,=0.0638,=0.0450,=2205
="000092",资源50,2011-05-10,=0.0313,=5288.2500,=0.0833,=16.1114,=0.6117,=7.9483,=11.3499,=14.9178,=22.9799,=52.0101,=1.8467,=0.9633,=0.9579,=1.2597,=1.3944,=1.5313,=2.3324,=1.0452,=0.9658,=0.4148,=0.5541,=0.6760,=0.7862,=1.2646,=0.0363,=0.1132,=0.0314,=0.0290,=35
="399974",国企改革,2014-08-07,=0.0187,=1991.7300,=0.0490,=16.2490,=0.7415,=8.5408,=11.0130,=13.4104,=16.9590,=23.5243,=1.4317,=0.3982,=1.0768,=1.3337,=1.4799,=1.8365,=2.8970,=1.1234,=0.6851,=0.6803,=0.8914,=0.9931,=1.2484,=2.2060,=0.0239,=0.0809,=0.0242,=0.0282,=372
="931068",消费龙头,2018-11-21,=-0.0073,=10716.8700,=-0.1541,=16.2553,=0.0169,=15.6061,=18.3398,=22.9743,=30.0768,=44.3922,=3.0451,=0,=3.0451,=4.1479,=4.7390,=6.5994,=10.3805,=1.9893,=0.0224,=1.8019,=2.6642,=3.2751,=4.1062,=7.0508,=0.0518,=0.2083,=0.0600,=0.0418,=2359
="H30095",医药红利,2013-07-02,=0.0011,=13992.3300,=-0.0949,=16.2981,=0.0606,=14.6474,=17.2687,=19.7523,=27.1728,=34.8020,=1.6548,=0.0349,=1.4797,=1.7994,=2.4486,=3.1468,=4.2060,=0.9519,=0.1587,=0.7612,=0.9927,=1.5167,=2.0137,=2.8268,=0.0293,=0.1019,=0.0311,=0.0375,=91
="931268",持续发展,2019-11-15,=0.0214,=2300.4300,=0.0396,=16.3117,=0.8346,=14.1354,=15.0308,=15.4899,=16.2582,=17.1877,=2.1700,=0.5977,=1.7338,=1.8293,=1.9178,=2.2563,=2.3440,=2.0058,=1,=1.5998,=1.7190,=1.7897,=1.8188,=2.0058,=0.0313,=0.1256,=0.0323,=0.0274,=18
="930697",家用电器,2015-07-07,=0.0066,=11952.3000,=-0.0655,=16.4846,=0.3916,=12.0193,=15.4243,=17.0986,=19.8234,=32.1495,=2.4384,=0.0396,=2.2889,=2.6721,=3.2787,=3.9701,=5.2226,=1.2682,=0.4011,=0.9879,=1.1843,=1.3045,=1.6199,=2.3694,=0.0370,=0.1413,=0.0419,=0.0383,=1733
="H11136",中国互联网,2011-09-20,=-0.0011,=3979.5834,=-0.2535,=16.4911,=0.0307,=14.7773,=20.0654,=42.7367,=57.4994,=137.0698,=2.1476,=0.0134,=1.7247,=2.5579,=4.6866,=6.7410,=9.7098,=1.8764,=0.0134,=1.5020,=2.2543,=4.3565,=6.5160,=9.1092,,,,=0.0114,=3345
="H30089",红利潜力,2013-07-02,=-0.0116,=9201.8500,=-0.0748,=16.5029,=0.4019,=12.7702,=15.7291,=16.9461,=20.7352,=29.7267,=2.6706,=0.6336,=1.4752,=1.9944,=2.4886,=2.9135,=4.3960,=2.1795,=0.8067,=0.7611,=0.9505,=1.7497,=2.1695,=2.8465,=0.0404,=0.1605,=0.0444,=0.0356,=548
="H30533",中国互联网50,2014-12-29,=-0.0047,=6944.2810,=-0.2592,=16.5195,=0.0192,=14.9049,=20.3816,=41.6705,=57.1746,=137.0698,=2.1533,=0.0146,=1.7082,=2.5581,=4.6843,=6.7227,=9.7098,=1.8332,=0.0134,=1.4305,=2.1837,=4.3559,=6.4332,=9.1092,,,,=0.0107,=6781
="930604",中国互联网30,2015-03-23,=-0.0029,=7431.8425,=-0.2571,=16.5389,=0.0208,=14.9187,=20.2127,=42.2916,=59.2813,=131.9396,=2.1781,=0.0111,=1.7582,=2.6070,=4.7897,=7.0824,=10.3841,=1.8366,=0.0158,=1.4482,=2.1957,=4.1643,=6.4486,=9.5870,,,,=0.0104,=634
="000805",A股资源,2012-01-06,=0.0280,=8022.3600,=0.1315,=16.6388,=0.5768,=7.9265,=11.4609,=15.6456,=24.4832,=73.5792,=1.8978,=0.9629,=0.9200,=1.1959,=1.3626,=1.5116,=2.3735,=1.0763,=0.9691,=0.3865,=0.5298,=0.6350,=0.7734,=1.2754,=0.0371,=0.1115,=0.0305,=0.0279,=4
="931404",SHS品牌消费50,2020-02-20,=-0.0037,=2307.5900,=-0.1455,=16.6400,=0.0388,=15.2551,=18.4072,=21.5922,=30.3759,=52.1290,=3.8236,=0.0313,=3.2381,=4.5879,=5.2834,=7.2833,=13.2899,=3.3586,=0.3212,=2.1582,=3.1776,=4.0930,=6.4135,=12.0094,,=0.2165,,=0.0255,=134
="931371",品牌消费100,2019-11-25,=-0.0071,=5743.2800,=-0.1282,=16.7170,=0.0837,=14.6106,=17.4909,=22.4979,=30.6756,=41.6881,=2.9944,=0.0088,=2.8896,=3.7124,=4.6842,=6.5572,=9.5576,=2.0854,=0.1592,=1.7483,=2.1182,=2.6988,=3.8789,=5.3339,=0.0505,=0.1847,=0.0654,=0.0444,=5
="931645",1000红利,2024-03-15,=0.0065,=2379.2100,=-0.0414,=16.7258,=0.9503,=11.2896,=12.4167,=13.6223,=14.7878,=18.1886,=1.1874,=0.4420,=0.9871,=1.1309,=1.1954,=1.2448,=1.3469,=0.7624,=0.5304,=0.5734,=0.6703,=0.7586,=0.8178,=0.8871,=0.0179,=0.0646,=0.0199,=0.0329,=23
="399286",区块链50,2019-12-24,=0.0134,=3358.9400,=-0.1617,=16.7862,=0.1015,=13.8844,=17.9852,=20.8450,=28.7350,=40.1853,=1.8599,=0.1986,=1.4262,=1.8613,=2.1219,=2.7628,=3.6332,=1.7569,=0.3953,=1.3177,=1.5877,=1.8503,=2.0949,=2.8188,=0.0273,=0.0903,=0.0252,=0.0256,=154
="000961",中证上游,2010-04-16,=0.0342,=5459.6100,=0.0783,=16.8695,=0.5878,=8.3063,=11.4863,=15.6996,=24.6299,=72.6914,=1.8954,=0.9592,=0.9003,=1.1960,=1.3621,=1.5243,=2.4036,=1.0680,=0.9633,=0.3813,=0.5134,=0.6294,=0.7734,=1.2905,=0.0373,=0.1119,=0.0305,=0.0277,=44
="931238",SSH黄金股票,2017-10-17,=0.0601,=3031.3200,=-0.0684,=16.8916,=0.0904,=14.7834,=18.5491,=23.6238,=35.7572,=92.1543,=3.4072,=0.9172,=1.4294,=1.8160,=2.0169,=2.3446,=6.0579,=1.0974,=0.9221,=0.3659,=0.4653,=0.5503,=0.6625,=1.9529,,=0.1869,,=0.0193,=325
="000945",内地运输,2009-10-28,=0.0096,=1396.7800,=-0.0548,=16.9138,=0.2741,=13.9394,=16.4764,=19.4910,=27.8199,=72.7429,=1.3193,=0.0429,=1.2245,=1.4079,=1.5658,=1.7788,=2.4452,=0.7736,=0.4027,=0.5140,=0.6447,=0.9188,=1.4066,=1.9188,=0.0219,=0.0581,=0.0167,=0.0293,=76
="399375",中盘价值,2010-01-04,=0.0189,=6374.0600,=0.0742,=16.9644,=0.8182,=9.0528,=10.9370,=12.3149,=16.7383,=33.1718,=1.5482,=0.7993,=1.0236,=1.1932,=1.3322,=1.5485,=1.9880,=1.3032,=1,=0.5167,=0.6432,=0.7490,=0.9808,=1.3032,=0.0258,=0.0785,=0.0211,=0.0267,=186
="930716",CS物流,2015-07-31,=0.0167,=1218.4100,=0.0377,=17.0033,=0.4110,=6.6312,=13.0083,=18.9520,=34.3631,=505.8138,=1.2473,=0.0676,=1.1511,=1.3041,=1.9835,=2.7274,=3.8580,=0.4792,=0.6204,=0.2137,=0.3289,=0.4563,=0.7492,=1.0555,=0.0197,=0.0542,=0.0209,=0.0322,=243
="000944",内地资源,2009-10-28,=0.0344,=5696.2900,=0.0733,=17.0283,=0.6049,=8.0950,=11.4362,=15.6020,=23.8543,=66.3491,=1.8988,=0.9617,=0.8945,=1.1840,=1.3550,=1.5171,=2.3924,=1.0693,=0.9662,=0.3754,=0.5050,=0.6228,=0.7701,=1.2835,=0.0374,=0.1109,=0.0304,=0.0276,=3
="931468",红利质量,2020-05-21,=0.0070,=32912.6100,=0.0446,=17.0538,=0.3585,=12.5562,=16.0637,=18.8617,=22.0329,=36.4689,=2.8547,=0.1946,=2.1523,=2.8632,=3.7773,=4.7230,=8.5636,=3.4562,=0.6510,=1.9811,=2.3465,=2.9181,=3.9574,=5.8829,=0.0381,=0.1637,=0.0476,=0.0296,=1141
="H30171",运输指数,2013-07-15,=0.0118,=1534.4000,=-0.0512,=17.0778,=0.3300,=14.1889,=16.3742,=18.0513,=25.4585,=51.4445,=1.2728,=0.0349,=1.1989,=1.3548,=1.5045,=1.6903,=2.3737,=0.6868,=0.3884,=0.5217,=0.6279,=0.8572,=1.1972,=1.9196,=0.0207,=0.0585,=0.0181,=0.0282,=86
="931663",SHS消费龙头,2015-03-13,=-0.0057,=1715.8100,=-0.1556,=17.1019,=0.0222,=14.4278,=20.2566,=26.7236,=37.0770,=57.5191,=2.7830,=0.0039,=2.6690,=3.4028,=4.3131,=6.1339,=13.5979,=1.7997,=0.1635,=1.3592,=1.8727,=2.3928,=3.4165,=7.5123,,=0.1411,,=0.0307,=220
="930796",全球中国互联网,2016-04-22,=-0.0001,=1625.8123,=-0.2543,=17.1273,=0.0173,=15.2629,=21.2739,=39.6535,=53.8907,=115.7107,=2.2767,=0.0219,=1.8023,=2.6708,=4.6628,=6.9373,=9.6202,=1.9403,=0.0196,=1.5064,=2.2906,=3.8584,=6.4798,=9.5215,,=0.1307,,=0.0106,=36
="000842",800等权,2012-12-21,=0.0227,=7433.4400,=0.0519,=17.1604,=0.9765,=10.7808,=12.9023,=14.0895,=15.9230,=18.9686,=1.6493,=0.6550,=1.1816,=1.3959,=1.5518,=1.7186,=1.9628,=1.6491,=0.9975,=1.0117,=1.1472,=1.2952,=1.4780,=1.6631,=0.0241,=0.0890,=0.0237,=0.0232,=160
="000906",中证800,2007-01-15,=0.0275,=5493.6400,=0.0753,=17.1604,=0.9765,=10.7808,=12.9023,=14.0895,=15.9230,=18.9686,=1.6493,=0.6550,=1.1816,=1.3959,=1.5518,=1.7186,=1.9628,=1.6491,=0.9975,=1.0117,=1.1472,=1.2952,=1.4780,=1.6631,=0.0241,=0.0890,=0.0237,=0.0232,=2676
="399348",深证价值,2009-11-04,=0.0110,=6523.1300,=0.0001,=17.2409,=0.7634,=9.9756,=12.8084,=14.9124,=17.5387,=21.4453,=1.7497,=0.5412,=1.2527,=1.4911,=1.7229,=2.1177,=2.9268,=1.3148,=0.6937,=0.8306,=1.0363,=1.1856,=1.6175,=2.1193,=0.0245,=0.0871,=0.0201,=0.0283,=293
="000001",上证指数,1991-07-15,=0.0161,=4096.4700,=0.0322,=17.3881,=0.9926,=10.8403,=12.7209,=13.8351,=15.8567,=17.9144,=1.5057,=0.6393,=1.1148,=1.3021,=1.4416,=1.5732,=1.8463,=1.5308,=0.9773,=0.9369,=1.0774,=1.2154,=1.3898,=1.5771,=0.0219,=0.0804,=0.0221,=0.0235,=1418
="930050",中证A50,2024-01-02,=0.0172,=1856.1500,=0.0384,=17.3912,=0.4780,=13.9812,=15.9438,=17.4697,=18.1472,=19.9330,=2.1751,=0.7254,=1.7817,=1.9657,=2.0842,=2.2036,=2.3759,=1.7314,=1,=1.0165,=1.1256,=1.3643,=1.5472,=1.7314,=0.0291,=0.1115,=0.0275,=0.0276,=983
="931587",500价值稳健,2020-11-09,=0.0064,=21611.5900,=-0.0152,=17.4626,=0.9647,=9.7530,=12.1853,=14.1492,=15.5164,=19.8926,=1.3801,=0.8798,=0.8925,=1.0543,=1.1539,=1.2946,=1.5437,=0.8345,=1,=0.3384,=0.4591,=0.5111,=0.5809,=0.8345,=0.0221,=0.0672,=0.0198,=0.0340,=80
="399310",国证A50,2005-09-05,=0.0225,=8336.7600,=0.0399,=17.4830,=0.8879,=8.8433,=10.4928,=13.4948,=16.2012,=22.6576,=2.0592,=0.8153,=1.1237,=1.2933,=1.6598,=2.0351,=2.9417,=1.5520,=0.8331,=0.9633,=1.1340,=1.2392,=1.5053,=2.2769,=0.0272,=0.1076,=0.0263,=0.0236,=287
="931167",先进制造100,2019-04-25,=0.0096,=7800.0200,=0.0076,=17.5422,=0.8629,=10.3762,=12.9967,=14.2143,=16.7670,=20.9116,=2.8792,=0.8722,=1.6383,=2.0240,=2.2559,=2.5721,=3.3727,=2.0439,=0.9532,=0.9031,=1.2325,=1.4361,=1.6523,=2.1795,=0.0404,=0.1483,=0.0310,=0.0296,=340
="399398",绩效指数,2012-11-19,=-0.0009,=10063.1800,=-0.0503,=17.6969,=0.3990,=9.4274,=11.7303,=18.3597,=21.6274,=36.1591,=3.1913,=0.3528,=1.3235,=1.7673,=3.5797,=4.3854,=6.4752,=3.2412,=0.7341,=1.5230,=2.2108,=2.8775,=3.4328,=5.0073,=0.0495,=0.1771,=0.0433,=0.0368,=22
="1000004",上海A股,1994-01-01,=0.0161,=4096.4700,=0.0322,=17.7644,=0.9810,=10.8441,=12.9364,=14.2699,=16.1145,=18.4959,=1.5277,=0.6224,=1.1181,=1.3162,=1.4440,=1.5985,=1.8457,=1.5573,=0.9740,=0.9734,=1.0889,=1.2357,=1.3887,=1.6065,=0.0219,=0.0804,=0.0221,=0.0231,=4917
="000046",上证中小,2009-07-03,=0.0249,=5531.5400,=0.0786,=17.7653,=0.7568,=10.5504,=12.1058,=15.2242,=18.3255,=22.4992,=1.5244,=0.5779,=1.0626,=1.2077,=1.4813,=1.8168,=2.0905,=1.4105,=0.8013,=0.8596,=1.0256,=1.1229,=1.4091,=1.6429,=0.0219,=0.0784,=0.0213,=0.0227,=344
="HSMSI",恒生综合中小型股指数,2015-06-08,=0.0235,=2857.2500,=-0.0328,=17.7748,=0.9508,=7.2058,=10.0582,=12.4339,=15.4466,=18.8438,=1.2254,=0.8379,=0.6157,=0.7686,=1.0042,=1.2089,=1.4952,=0.9373,=0.9354,=0.4020,=0.5319,=0.6807,=0.8383,=1.0389,,,,=0.0272,=161
="931357",优选消费50,2019-11-15,=-0.0080,=2449.7700,=-0.1835,=17.8079,=0.0210,=16.9989,=20.4805,=25.2555,=33.0706,=53.0529,=2.8012,=0.0036,=2.7469,=3.6958,=4.3902,=7.1803,=11.6208,=1.7783,=0.0030,=1.7482,=2.3193,=2.7333,=5.2055,=8.8232,,=0.1689,,=0.0258,=389
="399377",小盘价值,2010-01-04,=0.0155,=7839.2700,=0.0184,=17.8363,=0.7264,=9.8385,=13.2773,=15.1889,=19.8841,=34.2299,=1.3268,=0.6671,=0.8997,=1.0824,=1.2375,=1.8131,=2.1990,=0.7616,=0.5505,=0.4594,=0.5454,=0.7127,=1.2537,=1.8295,=0.0183,=0.0578,=0.0162,=0.0277,=624
="000979",大宗商品,2011-08-22,=0.0227,=7360.3300,=0.0848,=17.9011,=0.5973,=9.9333,=12.8903,=16.3923,=23.2104,=55.6298,=1.8833,=0.9608,=1.1381,=1.3674,=1.4835,=1.6234,=2.3336,=1.0466,=0.9678,=0.4909,=0.5833,=0.6998,=0.8259,=1.2291,=0.0335,=0.1029,=0.0285,=0.0264,=699
="000510",中证A500,2024-09-23,=0.0282,=6099.1900,=0.0809,=17.9095,=0.9711,=12.2476,=14.4534,=15.4412,=17.2455,=18.3286,=1.7375,=0.8892,=1.2883,=1.4910,=1.5829,=1.7092,=1.7791,=1.5416,=0.9807,=1.0081,=1.2167,=1.3183,=1.4969,=1.5731,=0.0241,=0.0887,=0.0240,=0.0231,=2237
="000911",300可选,2007-07-02,=-0.0072,=5649.8000,=-0.1460,=17.9712,=0.4608,=11.4175,=16.2409,=18.2502,=24.5366,=45.8432,=1.9240,=0.0066,=1.8544,=2.2890,=2.5505,=3.0218,=4.4626,=0.8974,=0.0927,=0.7162,=0.9629,=1.1015,=1.3297,=2.0518,=0.0241,=0.1159,=0.0309,=0.0283,=29
="399311",国证1000,2005-02-03,=0.0283,=5338.0700,=0.0767,=18.0606,=0.9724,=11.0854,=13.3222,=14.6211,=16.7688,=19.8966,=1.7012,=0.6542,=1.1918,=1.4217,=1.5928,=1.8011,=2.0383,=1.6694,=0.9975,=1.0112,=1.1700,=1.3061,=1.5218,=1.7074,=0.0236,=0.0857,=0.0233,=0.0223,=139
="930838",CS高股息,2016-06-08,=0.0186,=7017.0500,=-0.0280,=18.0809,=0.5136,=10.7704,=14.2530,=17.9008,=22.5023,=29.5345,=3.3725,=0.7865,=1.8272,=2.3324,=2.8209,=3.4700,=5.4603,=3.2334,=0.6430,=1.6703,=2.0490,=2.4863,=3.7457,=5.1335,=0.0550,=0.1877,=0.0570,=0.0260,=172
="000903",中证A100,2006-05-29,=0.0238,=4755.2300,=0.0599,=18.1718,=0.9909,=9.4390,=11.1696,=12.4990,=14.1715,=18.7565,=1.9453,=0.9979,=1.1800,=1.3783,=1.5139,=1.6681,=1.9625,=1.6914,=1,=0.9660,=1.1007,=1.2143,=1.3727,=1.6914,=0.0253,=0.0942,=0.0251,=0.0254,=3082
="931697",消费50策略,2021-07-12,=-0.0007,=7298.6200,=-0.1421,=18.3004,=0.1443,=16.4104,=18.5738,=20.9536,=31.3651,=38.9422,=2.8553,=0.0151,=2.7081,=3.5422,=3.8917,=5.2156,=7.0736,=1.5955,=0.0285,=1.4635,=1.7801,=1.9327,=2.8658,=3.5305,=0.0408,=0.1608,=0.0542,=0.0372,=61
="000917",300公用,2007-07-02,=-0.0143,=2546.1500,=0.0346,=18.3136,=0.5911,=13.3250,=16.2189,=17.8469,=20.5953,=34.2477,=1.9482,=0.4678,=1.4019,=1.7004,=1.9711,=2.1718,=2.6347,=1.9868,=0.7906,=1.3139,=1.6332,=1.8147,=1.9943,=3.2322,=0.0223,=0.0974,=0.0266,=0.0299,=35
="932152",港股通成长策略,2025-04-30,=0.0151,=1142.9000,=-0.1373,=18.4742,=0.3043,=16.5252,=18.2343,=19.1352,=21.2226,=22.5567,=2.3737,=0.1123,=2.1900,=2.5338,=2.7255,=2.8347,=3.0449,=1.7795,=0.0072,=1.7556,=1.9383,=2.1065,=2.2186,=2.3595,,=0.1305,,=0.0197,=8
="932369",1000现金流,2024-11-12,=0.0145,=3344.6400,=-0.0930,=18.4783,=0.4896,=16.0705,=17.7139,=18.5009,=19.4667,=21.4836,=1.5352,=0.1406,=1.4404,=1.5581,=1.6590,=1.7604,=1.8728,=0.9121,=0.2161,=0.8034,=0.9062,=1.0202,=1.0675,=1.3230,=0.0245,=0.0821,=0.0237,=0.0267,=59
="931442",SHS科技100,2020-04-21,=0.0208,=9548.8700,=-0.1128,=18.5065,=0.4158,=11.6240,=15.0697,=19.5830,=24.9015,=40.7731,=2.6766,=0.5199,=1.5813,=1.9732,=2.6159,=4.1186,=6.9092,=1.8184,=0.5341,=1.0913,=1.4331,=1.7360,=2.5895,=5.0819,,=0.1199,,=0.0154,=26
="H30094",消费红利,2013-07-02,=0.0010,=31320.5100,=-0.1568,=18.6353,=0.0392,=16.2060,=21.3618,=27.7719,=33.4547,=59.6542,=3.3684,=0.0021,=3.3185,=4.3754,=5.3354,=6.7479,=11.0368,=3.9635,=0.3883,=2.0289,=3.2641,=4.3047,=5.3148,=8.4259,=0.0717,=0.1905,=0.0792,=0.0449,=2125
="000937",中证公用,2009-07-03,=0.0019,=2748.0700,=0.1018,=18.6939,=0.5087,=13.4460,=16.5350,=18.6430,=21.1313,=46.5328,=1.8229,=0.5775,=1.3423,=1.6286,=1.7742,=1.9633,=2.2557,=1.8226,=0.8067,=1.2657,=1.4810,=1.5857,=1.8045,=3.2521,=0.0215,=0.0905,=0.0250,=0.0271,=333
="000918",300成长,2008-01-21,=0.0400,=5802.7500,=0.1405,=18.9808,=0.7543,=11.6107,=14.2994,=16.7066,=20.6304,=29.9826,=2.7922,=0.5021,=1.8759,=2.2945,=2.7896,=4.3091,=6.1771,=2.8489,=0.8817,=1.1680,=1.5324,=1.7720,=2.5854,=3.9548,=0.0348,=0.1486,=0.0340,=0.0169,=796
="000942",内地消费,2009-10-28,=-0.0051,=8595.6800,=-0.1592,=19.0488,=0.2531,=14.4412,=18.7135,=21.7472,=33.3379,=52.6356,=2.5418,=0.0041,=2.4816,=3.1410,=3.6911,=5.0424,=7.7211,=1.4238,=0.1558,=1.1096,=1.4982,=1.7720,=2.5493,=4.1228,=0.0371,=0.1426,=0.0493,=0.0350,=764
="931588",1000价值稳健,2020-11-09,=0.0136,=33690.6700,=-0.0601,=19.0818,=0.5612,=12.8074,=16.6790,=18.5133,=20.5960,=25.6024,=1.3648,=0.3539,=1.0253,=1.2730,=1.4366,=1.5635,=1.9102,=0.7893,=0.9699,=0.4756,=0.5529,=0.6278,=0.6872,=0.8427,=0.0162,=0.0641,=0.0212,=0.0271,=108
="399324",深证红利,2006-01-24,=0.0051,=8539.9300,=-0.0668,=19.1566,=0.9064,=11.7065,=14.4544,=15.7617,=17.7197,=23.4132,=2.9787,=0.9336,=1.2884,=1.9036,=2.1892,=2.5077,=3.7254,=1.9817,=0.8215,=1.1033,=1.3622,=1.7407,=1.9643,=2.8578,=0.0424,=0.1345,=0.0450,=0.0320,=5218
="000126",消费50,2011-12-09,=-0.0001,=6646.9800,=-0.2005,=19.2463,=0.1002,=15.1608,=20.3024,=22.8714,=32.8709,=57.2206,=2.5538,=0.0264,=2.2360,=3.0006,=3.4009,=4.8666,=7.3797,=1.4473,=0.3120,=0.9155,=1.2486,=1.8265,=2.6426,=3.8011,=0.0406,=0.1407,=0.0455,=0.0349,=83
="399997",中证白酒,2015-01-21,=0.0022,=6633.3200,=-0.2430,=19.3200,=0.1088,=16.2418,=20.8093,=29.7028,=37.9971,=71.4432,=3.7768,=0.0016,=3.7096,=5.2046,=7.2690,=9.8068,=17.8607,=6.7706,=0.0647,=5.9830,=7.2927,=9.8375,=13.6521,=24.8964,=0.0833,=0.2121,=0.1013,=0.0453,=7679
="000995",全指公用,2011-08-02,=0.0025,=2842.3500,=0.1005,=19.3350,=0.5664,=14.4124,=16.6830,=18.9078,=23.9608,=55.0107,=1.8414,=0.7329,=1.2839,=1.5403,=1.7280,=1.8686,=2.1268,=1.9258,=0.8442,=1.2094,=1.4214,=1.5277,=1.8066,=2.4023,=0.0217,=0.0896,=0.0244,=0.0256,=318
="399991",一带一路,2015-02-16,=0.0391,=3628.3500,=0.2241,=19.3500,=0.7857,=9.4567,=11.6727,=14.1026,=19.7996,=34.5905,=1.7186,=0.9967,=1.0035,=1.1547,=1.2475,=1.4293,=1.7680,=0.7502,=0.9996,=0.3598,=0.4252,=0.4777,=0.6064,=0.7518,=0.0240,=0.0795,=0.0217,=0.0207,=579
="399987",中证酒,2014-12-10,=-0.0035,=3949.3000,=-0.2098,=19.3703,=0.0911,=16.5000,=21.2182,=30.5259,=38.5048,=71.4257,=3.6346,=0.0016,=3.5751,=4.9090,=6.4707,=8.9992,=15.9495,=5.9956,=0.0824,=5.0607,=6.4799,=8.3127,=11.8299,=21.4371,=0.0789,=0.2043,=0.0944,=0.0443,=2754
="000036",上证消费,2009-01-09,=-0.0089,=9320.9600,=-0.1410,=19.4714,=0.0049,=18.1662,=23.2785,=31.6699,=40.5919,=69.3963,=4.1709,=0.0800,=3.6516,=5.2254,=6.5393,=9.2057,=14.9810,=4.1849,=0.2329,=1.8201,=3.8404,=4.8721,=7.3411,=10.9001,=0.0773,=0.2393,=0.0858,=0.0394,=2314
="000931",中证可选,2009-07-03,=0.0071,=5375.1700,=-0.1350,=19.5032,=0.3644,=12.9961,=17.9588,=20.2073,=26.0964,=47.1695,=2.0631,=0.1352,=1.6991,=2.1398,=2.5002,=2.8197,=3.7874,=0.9721,=0.1937,=0.7260,=0.9752,=1.1192,=1.2835,=1.9265,=0.0252,=0.1143,=0.0305,=0.0263,=839
="000912",300消费,2007-07-02,=-0.0106,=17402.1300,=-0.1611,=19.5196,=0.0919,=17.5697,=22.8036,=28.6926,=38.6920,=71.0374,=3.4502,=0.0029,=3.3672,=4.6667,=6.3986,=8.3233,=13.2137,=2.8317,=0.0676,=1.9084,=3.1975,=4.1911,=5.5033,=9.3193,=0.0602,=0.1878,=0.0812,=0.0435,=782
="000807",食品饮料,2012-02-17,=-0.0066,=15378.3900,=-0.1589,=19.7464,=0.0458,=16.7498,=21.9366,=30.4181,=37.6314,=67.1514,=3.6227,=0.0025,=3.5555,=4.7788,=6.2626,=8.2580,=14.6770,=4.3735,=0.1467,=3.6216,=4.5267,=5.6630,=7.6740,=12.7454,=0.0738,=0.1953,=0.0849,=0.0428,=4266
="HSAIT",恒生人工智能主题指数,2023-09-01,=0.0121,=3680.6600,=-0.1364,=19.8071,=0.4971,=13.3665,=18.0598,=19.8112,=21.5319,=24.5500,=1.9754,=0.4457,=1.4634,=1.7515,=2.0628,=2.4864,=2.8773,=1.7959,=0.5205,=1.2708,=1.4964,=1.7020,=2.2823,=2.6741,,=0.1059,,=0.0212,=64
="931637",港股通互联网,2021-01-11,=0.0017,=748.7500,=-0.2616,=19.8337,=0.0471,=16.9805,=23.2842,=28.2425,=41.8013,=87.7368,=2.4285,=0.0067,=2.2686,=3.0599,=3.4176,=4.2454,=11.7021,=2.3933,=0.0075,=2.1470,=2.9468,=3.4002,=4.5186,=11.5370,,,,=0.0096,=264
="932420",智选船舶产业,2025-05-28,=0.0280,=1475.3100,=0.0208,=19.8386,=0.8086,=12.9248,=14.0725,=16.2983,=19.8118,=21.8048,=1.4191,=0.8125,=1.1414,=1.2400,=1.2865,=1.4065,=1.5726,=1.0435,=0.8164,=0.8043,=0.8755,=0.9374,=1.0351,=1.1519,=0.0198,=0.0735,,=0.0246,=10
="931897",绿色电力,2012-12-21,=0.0069,=1246.0200,=0.1508,=19.8715,=0.5721,=12.4356,=15.9815,=18.5560,=23.5753,=3316.8719,=1.8909,=0.9584,=1.0802,=1.3464,=1.6476,=1.7854,=2.0565,=2.0706,=0.9073,=0.8910,=1.1301,=1.2733,=1.7058,=2.6891,=0.0214,=0.0880,=0.0237,=0.0246,=157
="H30199",电力指数,2013-07-15,=0.0072,=3243.4000,=0.1492,=19.8979,=0.6084,=14.1448,=16.7566,=18.9660,=25.0122,=78.5133,=1.8677,=0.8537,=1.2472,=1.5161,=1.7172,=1.8428,=2.0960,=2.0125,=0.9233,=1.1507,=1.4427,=1.5880,=1.7854,=2.2389,=0.0213,=0.0878,=0.0244,=0.0248,=701
="000909",300材料,2007-07-02,=0.0452,=4066.5200,=-0.0079,=19.9198,=0.6063,=10.2722,=14.5958,=18.2440,=25.4335,=46384.3131,=2.7283,=0.8533,=1.4655,=1.7213,=1.9886,=2.4611,=3.8763,=1.3463,=0.8842,=0.6983,=0.8432,=0.9737,=1.2316,=1.9427,=0.0473,=0.1225,=0.0288,=0.0167,=17
="000815",细分食品,2012-04-11,=-0.0061,=15647.2800,=-0.1647,=20.0635,=0.0783,=16.6089,=22.0003,=30.6783,=37.4251,=68.5596,=3.5508,=0.0025,=3.4916,=4.7465,=6.1935,=8.2709,=14.7926,=4.4310,=0.0474,=4.0083,=4.9232,=6.1109,=8.3455,=14.4971,=0.0708,=0.1902,=0.0845,=0.0416,=764
="H11059",工业有色,2009-07-22,=0.0516,=4410.6700,=0.1077,=20.0674,=0.3675,=10.0577,=14.5692,=28.2393,=53.2844,=131.1130,=3.7109,=0.9525,=1.4392,=1.9952,=2.3989,=3.1669,=4.9901,=1.4085,=0.9686,=0.5048,=0.7377,=0.8586,=1.1378,=1.8706,=0.0664,=0.1735,=0.0401,=0.0152,=128
="000932",中证消费,2009-07-03,=-0.0063,=12453.5700,=-0.1833,=20.1910,=0.0981,=18.2526,=23.3088,=29.2748,=38.6663,=67.7039,=3.2852,=0.0029,=3.1997,=4.2722,=5.3620,=7.0320,=11.1990,=2.6628,=0.0614,=1.9823,=2.9557,=3.5969,=4.6842,=7.7724,=0.0540,=0.1726,=0.0732,=0.0412,=12361
="932367",500现金流,2024-11-12,=0.0001,=3550.9500,=-0.0297,=20.2268,=0.9844,=12.7635,=14.0099,=16.7077,=18.4429,=20.8865,=1.5544,=0.0234,=1.5076,=1.6659,=1.7609,=1.9912,=2.3672,=0.9462,=0.0469,=0.8955,=1.1014,=1.2380,=1.2872,=1.4394,=0.0308,=0.1139,=0.0305,=0.0303,=115
="931067",绩优策略,2018-02-14,=0.0377,=8665.7900,=0.1393,=20.3894,=0.6498,=10.5807,=14.6837,=18.6013,=26.9649,=44.0015,=5.5203,=0.6275,=3.5566,=4.2859,=5.0182,=7.5298,=11.8571,=3.3093,=0.6746,=2.1909,=2.5253,=2.8633,=4.9843,=8.6201,=0.0562,=0.2359,=0.0578,=0.0192,=25
="399396",国证食品,2012-10-29,=-0.0059,=14663.6200,=-0.1606,=20.4635,=0.0511,=17.1702,=22.1562,=30.0923,=37.3108,=66.0937,=3.4369,=0.0037,=3.3543,=4.6006,=6.1023,=7.6300,=14.3214,=3.3994,=0.0037,=3.3405,=3.9721,=5.0525,=6.2477,=12.4529,=0.0671,=0.1761,=0.0767,=0.0407,=1604
="931142",东证竞争,2019-03-20,=0.0236,=2044.8700,=0.0989,=20.4859,=0.9247,=9.8569,=11.9263,=14.0041,=15.9442,=27.8877,=3.0639,=0.8774,=1.5408,=1.7303,=2.0675,=2.5851,=4.6703,=3.0882,=0.9647,=0.9384,=1.2690,=1.6586,=2.2424,=3.1903,=0.0415,=0.1629,=0.0397,=0.0229,=212
="000910",300工业,2007-07-02,=0.0114,=2486.5400,=-0.0168,=20.6063,=0.6781,=12.1074,=14.2223,=18.6708,=21.7507,=26.7473,=1.7238,=0.4448,=1.2960,=1.5013,=1.7775,=2.0927,=2.8598,=0.8124,=0.8248,=0.4726,=0.5803,=0.7013,=0.8047,=1.0995,=0.0196,=0.0738,=0.0177,=0.0201,=15
="930641",中证中药,2015-05-19,=-0.0021,=8359.8500,=-0.1214,=20.6606,=0.0371,=17.1921,=24.2388,=29.0548,=32.8246,=45.5431,=1.9536,=0.0029,=1.9198,=2.4911,=2.9703,=3.5513,=4.1073,=2.1266,=0.0037,=2.0844,=2.4491,=2.8332,=3.6632,=4.5776,=0.0326,=0.0928,=0.0347,=0.0388,=868
="930939",500质量,2018-11-21,=0.0387,=24133.0500,=0.1369,=20.8371,=0.9121,=10.4098,=13.9483,=15.9522,=19.1569,=27.8330,=2.3947,=0.7413,=1.6614,=2.0649,=2.2287,=2.4972,=3.9191,=2.1830,=0.9334,=0.9583,=1.1966,=1.4433,=1.7959,=2.9319,=0.0308,=0.1144,=0.0291,=0.0165,=460
="930782",500SNLV,2016-02-04,=0.0234,=19949.8800,=0.0616,=21.0761,=0.5841,=13.0617,=17.6555,=20.0532,=25.1172,=33.4651,=1.6965,=0.7407,=1.0996,=1.3464,=1.4745,=1.8830,=2.6374,=1.3231,=0.7585,=0.5914,=0.8056,=0.8891,=1.4600,=2.0883,=0.0229,=0.0820,=0.0170,=0.0228,=1374
="931481",SHS线上消费,2020-05-06,=0.0092,=864.2000,=-0.2208,=21.0867,=0.0648,=17.8858,=23.6873,=30.1050,=46.9292,=121.3257,=2.5408,=0.0065,=2.4540,=3.1486,=3.5588,=5.4854,=9.8961,=2.6058,=0.1120,=2.0492,=2.8116,=3.3088,=4.3617,=7.8524,,=0.1066,,=0.0105,=63
="930653",CS食品饮,2015-06-05,=-0.0040,=12728.5300,=-0.1567,=21.2686,=0.0660,=17.6031,=22.9466,=31.2745,=38.3114,=65.8842,=3.2795,=0.0016,=3.2402,=4.4401,=5.7098,=7.1300,=12.9907,=3.1741,=0.0029,=3.0169,=3.8357,=4.7658,=5.8503,=11.4166,=0.0615,=0.1583,=0.0705,=0.0392,=895
="000811",细分有色,2012-04-11,=0.0494,=11863.5300,=0.0430,=21.2861,=0.3318,=13.5118,=17.9724,=30.0277,=57.8566,=312.9068,=3.6241,=0.9485,=1.7438,=2.0869,=2.5623,=3.1446,=4.8073,=1.4362,=0.9670,=0.6338,=0.7856,=0.9038,=1.1850,=1.9173,=0.0611,=0.1531,=0.0352,=0.0136,=189
="000990",全指消费,2011-08-02,=-0.0056,=10461.2600,=-0.1782,=21.2991,=0.1364,=18.6483,=23.7990,=30.7742,=39.1217,=75.7240,=3.2310,=0.0021,=3.1747,=4.0950,=4.9942,=6.2867,=9.6579,=2.4685,=0.0672,=2.1885,=2.7715,=3.3214,=4.0947,=6.6514,=0.0524,=0.1676,=0.0712,=0.0397,=3836
="930625",SHS互联网,2015-04-21,=0.0105,=2319.8100,=-0.2359,=21.3515,=0.0166,=18.9097,=27.3210,=35.5289,=51.6260,=84.5605,=2.5999,=0.0004,=2.5811,=3.4994,=4.9723,=6.6722,=9.2961,=2.6029,=0.0024,=2.4953,=3.4774,=4.3921,=5.8835,=8.7946,,=0.1125,,=0.0097,=323
="399990",煤炭等权,2015-01-21,=-0.0330,=3546.9000,=0.2348,=21.4819,=0.9019,=5.7123,=8.6087,=10.6441,=15.5128,=347.5369,=1.7002,=0.9093,=0.8179,=1.1200,=1.3635,=1.6038,=2.0135,=1.9191,=0.9786,=0.6732,=0.9175,=1.1215,=1.4606,=2.2100,=0.0229,=0.0912,=0.0239,=0.0311,=243
="399998",中证煤炭,2015-02-13,=-0.0493,=2406.2400,=0.2204,=21.4819,=0.9019,=5.7123,=8.6087,=10.6441,=15.5128,=347.5369,=1.7002,=0.9093,=0.8179,=1.1200,=1.3635,=1.6038,=2.0135,=1.9191,=0.9786,=0.6732,=0.9175,=1.1215,=1.4606,=2.2100,=0.0229,=0.0912,=0.0239,=0.0311,=2082
="399438",绿色电力,2014-12-30,=0.0076,=2255.6200,=0.1328,=21.4833,=0.7638,=13.5016,=16.4267,=19.0087,=22.0380,=41.2289,=1.9741,=0.8636,=1.2516,=1.5034,=1.7940,=1.9337,=2.3077,=2.3772,=0.9761,=1.1906,=1.4256,=1.8196,=2.0433,=3.6995,=0.0222,=0.0881,=0.0248,=0.0235,=203
="HSIII",恒生互联网科技业指数,2020-07-20,=-0.0003,=2293.6800,=-0.2189,=21.4839,=0.1577,=12.6629,=22.4979,=35.1416,=47.7321,=309808.9839,=2.3710,=0.0898,=1.7026,=2.5908,=4.1998,=6.1191,=8.5704,=1.8404,=0.0967,=1.1940,=2.0114,=2.4286,=3.5799,=5.1261,,=0.1194,,=0.0105,=2012
="000069",消费80,2010-05-28,=-0.0027,=4102.2800,=-0.1643,=21.5143,=0.1195,=16.4356,=22.2809,=24.9027,=33.0497,=60.5019,=2.8020,=0.0334,=2.4642,=3.1936,=3.5464,=4.8097,=7.6372,=1.7373,=0.4007,=1.0743,=1.4823,=1.9152,=2.7436,=3.8795,=0.0378,=0.1324,=0.0420,=0.0280,=936
="931892",有色矿业,2013-07-15,=0.0536,=4282.4900,=0.0797,=21.5908,=0.3203,=13.1272,=18.6945,=31.5678,=57.1954,=131.9594,=3.8751,=0.9617,=1.7020,=2.1368,=2.5284,=3.1627,=5.3430,=1.4860,=0.9629,=0.6092,=0.7896,=0.9202,=1.2222,=2.0391,=0.0653,=0.1630,=0.0363,=0.0125,=190
="000963",中证下游,2010-04-16,=0.0001,=4977,=-0.1285,=21.6373,=0.1043,=17.2626,=22.3390,=25.2878,=33.1012,=51.0836,=2.1854,=0.0029,=2.1385,=2.5882,=3.0763,=3.4358,=5.6334,=1.4656,=0.0602,=1.2209,=1.6155,=1.7724,=2.0795,=3.4797,=0.0267,=0.0958,=0.0301,=0.0298,=29
="930708",中证有色,2015-07-13,=0.0469,=3261.9200,=0.0576,=21.7254,=0.3347,=13.9228,=18.4062,=30.5399,=58.5588,=425.7934,=3.5386,=0.9336,=1.7134,=2.0956,=2.5631,=3.1550,=4.7639,=1.3024,=0.9155,=0.6123,=0.7796,=0.8963,=1.1992,=1.7984,=0.0592,=0.1479,=0.0346,=0.0133,=519
="930746",港中小企,2015-08-26,=0.0118,=2439.3000,=-0.0932,=21.7943,=0.9017,=7.8499,=11.1100,=14.1729,=17.9599,=36.0739,=0.9999,=0.4182,=0.6829,=0.8308,=1.0792,=1.2267,=1.6951,=0.7208,=0.5469,=0.3939,=0.5282,=0.6919,=0.8171,=1.1520,,=0.0299,,=0.0350,=208
="399395",国证有色,2012-10-29,=0.0524,=10284.0500,=0.0634,=21.8838,=0.3425,=12.7731,=17.8787,=29.1076,=56.1483,=326.9035,=3.6907,=0.9621,=1.7304,=2.0833,=2.5070,=3.0775,=4.8522,=1.4836,=0.9736,=0.6150,=0.7945,=0.9086,=1.1709,=1.9521,=0.0618,=0.1543,=0.0354,=0.0135,=662
="000819",有色金属,2012-05-09,=0.0499,=9976.2900,=0.0678,=22.0492,=0.3739,=12.4710,=17.7541,=28.8527,=56.0717,=216.1722,=3.8442,=0.9580,=1.7791,=2.1409,=2.6247,=3.2510,=4.9698,=1.5289,=0.9720,=0.6317,=0.8246,=0.9661,=1.2818,=1.9863,=0.0625,=0.1569,=0.0361,=0.0137,=1980
="000989",全指可选,2011-08-02,=0.0078,=4903.2000,=-0.1234,=22.0752,=0.3211,=14.8205,=20.3758,=24.4065,=30.9883,=46.1708,=2.2019,=0.2374,=1.6599,=2.1285,=2.5097,=2.8458,=3.3093,=1.0292,=0.2271,=0.8200,=1.0136,=1.1678,=1.4558,=1.7628,=0.0237,=0.1045,=0.0284,=0.0241,=1296
="931027",港股通大消费,2017-11-06,=-0.0004,=2689.7400,=-0.1380,=22.1605,=0.3220,=14.6383,=20.4420,=25.4563,=51.7679,=105.3721,=2.5910,=0.0820,=2.2514,=2.8686,=3.2485,=4.3503,=9.1499,=1.5326,=0.3055,=1.0973,=1.4407,=1.7688,=2.4962,=5.7985,,=0.1064,,=0.0221,=43
="931484",CS医药创新,2020-05-06,=-0.0063,=1235.7000,=-0.1477,=22.2865,=0.1121,=18.2098,=24.1669,=27.5211,=46.9143,=86.1757,=3.8847,=0.0446,=3.3236,=4.5785,=5.4451,=11.4228,=17.5605,=4.8469,=0.0635,=3.7485,=5.5634,=6.5342,=11.3603,=20.8272,=0.0424,=0.1752,=0.0382,=0.0174,=394
="931000",大湾区,2017-07-19,=0.0302,=1918.2300,=0.0845,=22.3000,=0.9889,=11.8370,=14.5150,=16.2179,=18.9416,=23.4463,=2.2518,=0.5847,=1.3750,=1.7643,=2.0695,=2.5528,=3.2666,=1.7196,=0.6574,=1.1015,=1.3325,=1.5610,=1.8726,=2.5221,=0.0236,=0.0809,=0.0227,=0.0203,=13
="HSSCT",恒生港股通中国科技指数,2020-02-01,=0.0249,=6524.5900,=-0.1302,=22.6892,=0.2583,=15.0039,=22.0169,=24.8897,=32.9955,=55.7647,=2.6347,=0.1920,=1.8368,=2.6438,=3.0472,=4.6974,=8.0840,=2.1841,=0.4031,=1.1354,=1.8392,=2.3331,=3.2167,=6.0217,,=0.1202,,=0.0086,=93
="HSSCITI",恒生港股通科技主题指数,2023-07-01,=0.0247,=2564.1400,=-0.1202,=22.7066,=0.3264,=15.2810,=21.1646,=23.9311,=27.0036,=33.8690,=2.6574,=0.1397,=2.1914,=2.7313,=2.9535,=3.4180,=4.1810,=2.1903,=0.5450,=1.5305,=1.8413,=2.1231,=2.7531,=3.5648,,=0.1205,,=0.0087,=81
="000985",中证全指,2011-08-02,=0.0297,=6380.1600,=0.0779,=22.8349,=0.9889,=12.6044,=15.9637,=17.6538,=20.2484,=23.7678,=1.8700,=0.6624,=1.2581,=1.5484,=1.7144,=1.9609,=2.1557,=1.7452,=0.9266,=1.0381,=1.2268,=1.3875,=1.6482,=1.8438,=0.0216,=0.0749,=0.0212,=0.0189,=668
="HSSCNE",恒生港股通新经济指数,2018-01-08,=0.0103,=3631.1000,=-0.1549,=22.9252,=0.3825,=15.8046,=20.7082,=24.1230,=28.5275,=53.5009,=2.6849,=0.4109,=1.7963,=2.2500,=2.8322,=3.4805,=6.9059,=1.8668,=0.3536,=1.4023,=1.7299,=1.9999,=2.5611,=5.3019,,=0.1261,,=0.0104,=206
="930903",中证A股,2016-10-18,=0.0297,=4396.5600,=0.0772,=23.0143,=0.9900,=12.9620,=16.2406,=17.7393,=20.5308,=23.9680,=1.8676,=0.6648,=1.2607,=1.5526,=1.7069,=1.9468,=2.2108,=1.7404,=0.9251,=1.0406,=1.2305,=1.3762,=1.6354,=1.9264,=0.0216,=0.0748,=0.0212,=0.0189,=11
="HSTECH",恒生科技指数,2020-07-01,=0.0128,=4765.5800,=-0.1360,=23.0323,=0.3223,=14.7293,=21.7852,=26.4867,=42.1101,=73.7725,=2.5781,=0.3658,=1.7280,=2.3825,=2.8155,=3.7817,=8.3408,=1.6653,=0.1394,=1.2545,=1.7261,=2.0414,=3.1823,=6.6932,,=0.1209,,=0.0120,=7136
="931166",医药健康100,2019-04-25,=0.0005,=3553.5300,=-0.1190,=23.0576,=0.2921,=17.5935,=22.3062,=26.0184,=36.2325,=58.5515,=3.1509,=0.0891,=2.7671,=3.3748,=4.2259,=5.9008,=8.5226,=4.1331,=0.6183,=2.1887,=3.0511,=3.7583,=4.4720,=6.8190,=0.0346,=0.1325,=0.0321,=0.0177,=400
="399701",深证F60,2010-05-10,=0.0058,=7788.5100,=-0.0192,=23.1909,=0.8813,=12.1841,=16.9565,=19.7565,=22.1047,=29.1141,=2.1350,=0.4176,=1.6712,=2.0187,=2.1827,=2.5392,=3.7270,=1.4150,=0.5903,=1.0125,=1.2363,=1.3649,=1.5636,=2.4139,=0.0232,=0.0664,=0.0243,=0.0246,=1679
="931140",医药50,2019-03-20,=-0.0072,=9082.2800,=-0.1166,=23.2852,=0.0325,=20.8651,=25.5395,=28.7819,=43.4224,=67.0844,=3.5060,=0.0182,=3.0998,=4.2496,=4.9806,=7.4353,=10.9696,=4.1732,=0.0639,=3.4950,=4.6209,=5.1917,=7.1608,=12.1248,=0.0393,=0.1515,=0.0402,=0.0182,=1195
="399372",大盘成长,2010-01-04,=0.0362,=5802.0900,=0.1007,=23.3626,=0.7700,=13.1237,=17.1109,=20.3440,=25.3722,=45.9159,=4.3914,=0.7601,=1.9139,=2.5029,=3.0160,=5.3725,=9.5601,=2.4514,=0.4270,=1.2183,=1.8035,=2.6232,=3.4508,=6.6651,=0.0399,=0.1447,=0.0379,=0.0155,=315
="000904",中证200,2007-01-15,=0.0326,=6217.3200,=0.1004,=23.4230,=0.9761,=11.9474,=14.9318,=16.7930,=19.2776,=25.2311,=1.8657,=0.5796,=1.2748,=1.5010,=1.7461,=2.0647,=2.3407,=1.3649,=0.3800,=1.0540,=1.2917,=1.4304,=1.6943,=2.1135,=0.0231,=0.0739,=0.0238,=0.0212,=720
="931470",SHS云计算,2020-04-21,=0.0356,=3979.1400,=0.0787,=23.4833,=0.3721,=13.2694,=19.9501,=25.1576,=31.3765,=62.1875,=3.5241,=0.2487,=2.5281,=3.4476,=3.9045,=5.8348,=9.6099,=3.6928,=0.1183,=2.7843,=3.8670,=4.4898,=6.4346,=10.5654,,=0.1294,,=0.0076,=39
="1000002",A股全指,1994-01-01,=0.0297,=6380.1618,=0.0779,=23.6252,=0.9740,=12.9500,=16.6929,=18.4846,=21.3993,=25.0020,=1.8898,=0.6216,=1.2633,=1.5740,=1.7419,=2.0169,=2.1910,=1.7589,=0.9114,=1.0499,=1.2419,=1.3989,=1.6723,=1.9034,=0.0215,=0.0745,=0.0211,=0.0186,=7912
="931829",中证回购,2023-10-17,=0.0195,=2451.6600,=0.0608,=23.7409,=0.3463,=16.8171,=21.7589,=25.9317,=34.5761,=40.4937,=2.1619,=0.9068,=1.3801,=1.5652,=1.7346,=1.9663,=2.3571,=0.8766,=0.1071,=0.7604,=0.9585,=1.0196,=1.1651,=1.4917,=0.0242,=0.0495,=0.0133,=0.0261,=40
="H30015",800汽车,2012-12-21,=0.0122,=8274.5800,=-0.1777,=23.7531,=0.5478,=11.4503,=15.2988,=22.7104,=31.8612,=45.6288,=1.9741,=0.2844,=1.3220,=1.7482,=2.1801,=2.4572,=3.4622,=0.8402,=0.4687,=0.5106,=0.6736,=0.8553,=1.0480,=1.4573,=0.0155,=0.0922,=0.0213,=0.0159,=188
="987008",港股通科技,2021-03-08,,,=-0.1870,=23.9383,=0.1826,=16.3992,=24.1188,=27.3033,=33.9782,=63.8758,=2.6282,=0.0516,=2.3408,=2.9628,=3.4273,=3.9810,=8.4842,=2.1704,=0.0362,=1.9635,=2.6280,=2.9841,=3.8669,=8.7605,,=0.0980,,=0.0075,=83
="000929",中证材料,2009-07-03,=0.0445,=4682.2800,=0.0491,=23.9800,=0.7453,=9.9126,=14.1083,=19.5212,=25.2625,=714.1328,=2.6316,=0.9477,=1.3680,=1.6188,=1.9011,=2.2817,=3.1607,=1.3189,=0.9299,=0.6315,=0.7658,=0.8824,=1.1846,=1.5845,=0.0399,=0.1037,=0.0230,=0.0149,=524
="930901",动漫游戏,2016-10-18,=0.0160,=1576.3500,=-0.2554,=24.1769,=0.0652,=17.2478,=29.5890,=42.2818,=276.4914,=4647.5377,=2.9981,=0.5305,=1.7335,=2.2956,=2.8957,=4.0760,=7.9690,=3.8971,=0.1339,=2.8663,=4.2053,=5.0099,=6.8221,=10.0355,=0.0360,=0.1150,=0.0336,=0.0162,=832
="931752",工程机械主题,2021-09-27,=0.0288,=2587.5700,=0.0265,=24.3532,=0.7954,=13.6456,=18.4570,=21.1626,=24.3844,=27.9581,=2.1970,=0.8885,=1.2593,=1.5735,=1.7141,=2.1228,=2.6511,=1.3489,=0.8385,=0.7133,=0.9139,=1.0150,=1.2934,=1.6462,=0.0241,=0.0958,=0.0272,=0.0202,=93
="930794",中美互联网,2016-04-22,,,=-0.1738,=24.3801,=0.0188,=21.6222,=27.9993,=32.4687,=38.0931,=50.5410,=5.8250,=0.2289,=3.5920,=5.7048,=6.5716,=7.5414,=9.2259,=4.6306,=0.3967,=2.2940,=3.8795,=4.8577,=5.5740,=7.0802,,=0.2458,,=0.0028,=425
="000813",细分化工,2012-04-11,=0.0288,=3995.4700,=0.0479,=24.4501,=0.6900,=11.4329,=16.5252,=21.9349,=28.4161,=42.1751,=2.7434,=0.5610,=1.6736,=2.0410,=2.6103,=3.1017,=4.9148,=1.5539,=0.5754,=0.8896,=1.1114,=1.4026,=1.9668,=3.1071,=0.0394,=0.0961,=0.0234,=0.0145,=956
="000930",中证工业,2009-07-03,=0.0195,=3557.5500,=0.0143,=24.6053,=0.8285,=13.1747,=16.3715,=20.2887,=24.0383,=30.4087,=1.9516,=0.5862,=1.3752,=1.5614,=1.8651,=2.1245,=2.6342,=0.9290,=0.8706,=0.5311,=0.6373,=0.7618,=0.8844,=1.0502,=0.0191,=0.0679,=0.0169,=0.0175,=322
="399814",大农业,2014-07-22,=0.0079,=1072.6200,=-0.1054,=24.6279,=0.2630,=17.8693,=23.5206,=28.4177,=32.8241,=111.7688,=2.7423,=0.0482,=2.4368,=2.9339,=3.3202,=4.3740,=6.4483,=1.5171,=0.2143,=1.2031,=1.5061,=1.8383,=2.3352,=3.7145,=0.0257,=0.1209,=0.0380,=0.0267,=768
="399365",国证粮食,2009-11-04,=0.0092,=11972.5700,=-0.1163,=24.7372,=0.3792,=13.3311,=20.2221,=27.2700,=35.2364,=54.5886,=2.2011,=0.2469,=1.6393,=2.0688,=4.1048,=6.4747,=11.3501,=0.8875,=0.2580,=0.5961,=0.8022,=3.1476,=4.6104,=8.7065,=0.0232,=0.0838,=0.0244,=0.0181,=65
="930938",500成长估值,2018-12-04,=0.0281,=5037.3000,=0.0862,=24.8550,=0.9454,=9.4780,=13.0897,=16.7874,=19.7600,=30.3577,=2.7256,=0.9327,=1.4489,=1.8683,=2.1197,=2.2927,=3.6765,=2.3386,=1,=0.6916,=0.9049,=1.1682,=1.5984,=2.3386,=0.0254,=0.1028,=0.0163,=0.0138,=71
="399804",中证体育,2015-02-09,=0.0226,=1714.3300,=-0.1357,=25.1745,=0.1904,=17.8349,=25.3266,=31.6755,=46.1676,=92.9525,=2.8349,=0.2791,=2.0588,=2.7278,=3.2133,=3.8222,=5.7602,=2.4430,=0.2964,=1.7235,=2.3146,=2.8663,=4.0984,=7.1775,=0.0257,=0.0922,=0.0231,=0.0210,=296
="399617",深证消费,2011-06-15,=-0.0015,=7154.9400,=-0.2256,=25.3375,=0.4242,=15.3450,=22.1455,=26.6168,=32.2918,=1768.1548,=2.2826,=0.0016,=2.2457,=3.3224,=4.2569,=5.7490,=9.2732,=1.3495,=0.0016,=1.3286,=1.8789,=2.4646,=3.6985,=6.3240,=0.0294,=0.1055,=0.0582,=0.0399,=368
="399698",优势成长,2017-06-15,=0.0092,=49051.2400,=-0.0591,=25.4609,=0.6282,=14.2338,=18.2069,=22.9776,=35.6385,=66.5130,=1.4004,=0.0668,=1.2178,=1.5071,=1.9145,=2.3038,=2.9395,=2.2709,=0.7445,=0.6634,=1.0591,=1.7061,=2.6073,=4.7303,=0.0192,=0.0690,=0.0052,=0.0274,=41
="931574",港股科技,2013-05-21,=0.0109,=1554.8600,=-0.1144,=25.6853,=0.4127,=16.3025,=22.7634,=27.4627,=42.9658,=59.3282,=2.9389,=0.4845,=1.8790,=2.5076,=2.9577,=3.5924,=8.1693,=1.7961,=0.2966,=1.3201,=1.6680,=1.9768,=2.8597,=5.7490,,=0.1080,,=0.0099,=267
="000987",全指材料,2011-08-02,=0.0440,=5385.2100,=0.0748,=25.8688,=0.7127,=11.8534,=16.4330,=21.1329,=28.2281,=1313.4345,=2.6995,=0.9477,=1.3547,=1.6741,=2.0388,=2.5046,=3.3213,=1.3554,=0.8038,=0.6546,=0.8399,=1.0192,=1.3498,=1.7398,=0.0340,=0.0892,=0.0206,=0.0138,=389
="931755",SEEE碳中和,2021-10-21,=0.0196,=2070.3200,=-0.0142,=25.9474,=0.9238,=13.4966,=17.4449,=21.1821,=24.8086,=29.4214,=2.5196,=0.6327,=1.7561,=1.9634,=2.3838,=2.7449,=3.9105,=1.6152,=0.8577,=0.8856,=1.0360,=1.2218,=1.4438,=2.3046,=0.0267,=0.0916,=0.0211,=0.0161,=142
="399370",国证成长,2010-01-04,=0.0393,=5708.1500,=0.1269,=26.0380,=0.8075,=14.0104,=18.8933,=21.5903,=25.7231,=39.9195,=4.2137,=0.8203,=1.9695,=2.5703,=2.9721,=4.0472,=6.0628,=2.4466,=0.6447,=1.2188,=1.6926,=2.0775,=2.8022,=3.4917,=0.0375,=0.1344,=0.0327,=0.0142,=112
="931573",HKC科技,2014-05-21,=0.0168,=2894.0300,=-0.1075,=26.3105,=0.3605,=18.3272,=24.2180,=28.5224,=39.9553,=82.7075,=3.2008,=0.3723,=2.3269,=2.9502,=3.3412,=4.2643,=10.6583,=2.1116,=0.3146,=1.5041,=1.9653,=2.3101,=3.3978,=8.3359,,=0.1200,,=0.0088,=288
="399989",中证医疗,2014-10-31,=-0.0010,=5888.5900,=-0.1289,=26.4520,=0.0857,=22.9032,=29.9269,=39.5953,=60.4256,=114.3753,=2.9653,=0.0099,=2.8553,=3.8076,=5.4867,=8.1687,=13.4814,=4.8368,=0.0453,=4.3528,=5.6410,=6.5695,=9.4594,=17.4163,=0.0284,=0.1137,=0.0290,=0.0148,=8457
="000941",新能源,2009-10-28,=0.0130,=2668.5200,=0.0368,=27.0107,=0.3891,=10.2578,=20.0248,=29.0268,=37.6439,=57.4660,=3.4746,=0.7383,=1.8262,=2.2548,=2.9562,=3.8432,=8.1424,=2.9854,=0.8079,=1.2704,=1.5650,=2.2652,=2.9603,=7.0320,=0.0322,=0.1201,=0.0313,=0.0142,=2463
="HSSI",恒生综合小型股指数,2001-10-03,=0.0171,=1461.7400,=-0.0692,=27.0971,=0.8533,=7.3220,=11.0801,=16.3973,=26.2514,=83.7574,=1.0654,=0.6164,=0.5652,=0.7236,=0.9814,=1.1648,=1.4185,=0.7063,=0.5181,=0.3459,=0.4531,=0.6962,=0.9209,=1.2872,,,,=0.0260,=127
="399702",深证F120,2010-05-10,=0.0094,=7493.0300,=-0.0109,=27.2263,=0.9930,=12.6034,=17.7484,=20.6705,=22.4766,=28.8861,=2.3916,=0.7098,=1.5963,=1.9896,=2.2133,=2.6272,=3.5867,=1.5322,=0.7181,=0.8721,=1.1406,=1.3247,=1.5883,=2.2308,=0.0250,=0.0726,=0.0233,=0.0201,=1429
="931403",品牌工程,2020-01-14,=0.0208,=2178.2800,=0.1033,=27.3522,=0.4182,=18.7149,=24.0272,=29.3231,=43.9028,=69.9724,=4.0948,=0.2706,=3.2380,=4.0099,=5.0391,=7.6931,=10.9810,=3.2141,=0.3988,=2.2604,=2.9249,=3.3790,=4.8065,=7.2001,=0.0453,=0.1433,=0.0461,=0.0213,=117
="HSBIO",恒生生物科技指数,2019-12-01,=-0.0033,=12295.5400,=-0.1328,=27.3885,=0.0622,=20.8275,=30.7448,=61.9346,=139.0786,=62737.8398,=2.6258,=0.4104,=1.5084,=2.1471,=2.9048,=4.4302,=6.7821,=1.4700,=0.4546,=0.7434,=1.0938,=1.5332,=2.1455,=3.5303,,=0.1063,,=0.0125,=667
="HSSSHID",恒生沪深港创新药精选50指数,2020-03-01,=-0.0042,=6700.9700,=-0.1062,=27.4363,=0.0937,=23.4861,=29.4812,=35.5620,=52.1276,=94.0285,=3.1900,=0.3633,=2.0729,=2.8094,=3.7241,=6.3886,=8.4497,=4.5411,=0.6405,=1.3432,=1.8887,=3.2383,=5.9705,=8.1459,,=0.1192,,=0.0108,=286
="931008",汽车指数,2013-07-15,=0.0068,=9535.4800,=-0.2039,=27.5352,=0.5674,=12.0130,=17.4495,=26.2743,=36.2485,=55.3660,=2.1053,=0.3745,=1.1809,=1.5409,=2.2176,=2.4577,=3.4286,=0.8878,=0.4664,=0.4315,=0.5523,=0.9119,=1.0534,=1.4087,=0.0152,=0.0829,=0.0208,=0.0148,=478
="931747",中证储能,2021-10-15,=0.0083,=8112.0600,=0.0184,=27.7989,=0.4986,=16.6670,=22.1574,=27.8177,=53.3473,=124.6415,=4.5448,=0.4490,=3.1109,=3.9357,=4.6583,=6.9857,=12.5394,=2.3180,=0.5344,=1.2712,=1.7006,=2.2743,=3.7629,=8.7019,=0.0355,=0.1665,=0.0400,=0.0130,=129
="000969",300非周,2010-05-28,=0.0311,=6006.7800,=0.1280,=27.8704,=0.8479,=15.9839,=20.6417,=22.5466,=26.1998,=38.7203,=2.9655,=0.6941,=2.0789,=2.4934,=2.7786,=3.1883,=4.9189,=1.6261,=0.8355,=0.8921,=1.1522,=1.2845,=1.5547,=2.2463,=0.0251,=0.0964,=0.0261,=0.0188,=85
="000988",全指工业,2011-08-02,=0.0239,=4242.5400,=0.0277,=27.9554,=0.7082,=13.7285,=19.3778,=24.0584,=29.3490,=37.6625,=2.0997,=0.5862,=1.3866,=1.6512,=2.0214,=2.4483,=2.7728,=0.9941,=0.6764,=0.5551,=0.7455,=0.9045,=1.0708,=1.3765,=0.0185,=0.0650,=0.0170,=0.0158,=234
=".INX",标普500,1957-03-04,=0.0050,=7431.4600,=0.0856,=28.0272,=0.7637,=15.6907,=21.8433,=24.0973,=28.6380,=42.9883,=5.5706,=0.9940,=2.4601,=3.2318,=3.9480,=4.7501,=5.7044,=3.5615,=0.9924,=1.5801,=2.0891,=2.3741,=3.0390,=3.6541,,,=0.0468,=0.0100,=9196
="399432",智能汽车,2014-12-30,=0.0198,=6410.5900,=-0.0552,=28.2811,=0.5668,=12.3799,=17.8061,=23.7102,=66.1739,=131.3343,=3.8267,=0.5532,=1.4019,=2.1767,=3.4949,=6.5272,=11.4939,=2.1839,=0.5874,=0.5888,=0.9103,=1.8630,=4.6106,=8.8483,=0.0329,=0.1377,=0.0319,=0.0117,=17
="399850",深证50,2023-10-18,=0.0330,=10452.3500,=0.1448,=28.4079,=0.9190,=16.5344,=19.9821,=23.2352,=26.9971,=36.7629,=4.3176,=1,=2.5911,=2.9323,=3.2261,=3.6910,=4.3176,=2.3979,=1,=1.3017,=1.4796,=1.6770,=2.0380,=2.3979,=0.0301,=0.0973,=0.0318,=0.0168,=79
="1000008",沪深B股,1994-01-10,=0.0139,=271.1700,=0.0684,=28.4333,=0.7683,=7.0835,=12.9417,=17.5155,=30.7740,=97.5837,=0.8083,=0.3483,=0.6594,=0.7810,=0.8497,=1.0574,=1.4976,=0.5471,=0.6546,=0.3777,=0.4474,=0.5017,=0.5907,=1.1545,,,=0.0134,=0.0383,=370
="000857",500医药,2013-11-06,=0.0010,=9264.8500,=-0.0966,=28.4481,=0.4439,=16.5096,=22.8937,=29.9859,=37.8493,=66.9361,=2.5701,=0.2774,=1.9620,=2.4653,=2.8438,=3.5275,=5.0991,=2.4046,=0.6290,=1.3156,=1.7598,=2.1310,=2.7841,=4.5555,=0.0260,=0.0879,=0.0247,=0.0180,=734
="HSHCI",恒生医疗保健指数,2015-08-17,=-0.0028,=3119.8200,=-0.1479,=28.4859,=0.4047,=15.9973,=23.1572,=33.3779,=116.8549,=143059.6617,=2.4351,=0.3486,=1.4805,=2.2532,=2.6402,=3.4864,=7.0432,=1.5290,=0.6725,=0.8149,=1.0225,=1.2943,=1.8605,=3.5391,,=0.0976,,=0.0132,=1725
="000037",上证医药,2009-01-09,=-0.0050,=5657.4300,=-0.1069,=28.5435,=0.0763,=21.0843,=31.4600,=34.7391,=41.6974,=61.3894,=3.0674,=0.0796,=2.7278,=3.3410,=3.8804,=4.6066,=7.3155,=2.2010,=0.3471,=1.5724,=2.0207,=2.3542,=2.9032,=4.1395,=0.0281,=0.1036,=0.0282,=0.0135,=2066
="000933",中证医药,2009-07-03,=-0.0045,=7107.3800,=-0.1215,=28.7582,=0.2741,=22.6651,=27.9022,=32.4210,=37.5717,=63.0472,=2.8011,=0.0326,=2.5059,=3.1963,=3.9922,=4.6474,=7.0232,=2.4750,=0.1735,=1.9281,=2.5127,=3.0223,=3.5806,=5.1631,=0.0282,=0.0926,=0.0299,=0.0180,=7156
="000907",中证700,2007-01-15,=0.0349,=7208.4800,=0.1136,=28.8849,=0.9897,=13.5964,=17.1394,=19.5530,=24.0550,=30.1680,=2.1571,=0.7477,=1.3201,=1.5883,=1.8281,=2.2155,=2.4753,=1.5517,=0.7420,=0.9663,=1.1767,=1.3274,=1.6092,=1.9854,=0.0223,=0.0692,=0.0213,=0.0169,=265
="399806",环境治理,2014-07-21,=0.0216,=1420.3000,=0.0241,=28.8891,=0.4580,=17.0172,=24.4003,=29.3603,=36.3477,=50.8764,=1.8296,=0.5598,=1.1727,=1.6053,=1.7745,=2.5982,=4.4901,=2.0236,=0.4225,=1.3064,=1.8397,=2.0838,=3.0808,=5.9378,=0.0205,=0.0536,=0.0189,=0.0151,=847
="980032",新能电池,2015-02-17,=0.0231,=16182.8600,=0.0278,=28.9179,=0.4395,=14.3994,=22.1773,=30.4840,=82.4244,=130.4039,=4.1617,=0.4440,=2.4545,=3.3364,=4.3004,=7.7278,=11.8091,=2.2388,=0.4914,=1.1163,=1.6802,=2.2506,=4.9350,=7.8642,=0.0362,=0.1357,=0.0304,=0.0114,=744
="399417",新能源车,2014-09-24,=0.0221,=3893.0200,=0.0008,=28.9295,=0.4509,=14.2186,=20.9718,=30.3452,=56.8057,=106.6289,=3.9533,=0.6323,=1.6630,=2.3823,=3.4518,=4.6314,=9.6468,=2.1683,=0.6509,=0.6730,=1.0543,=1.8504,=2.5614,=6.6041,=0.0339,=0.1319,=0.0293,=0.0121,=2433
="000913",300医药,2007-07-02,=-0.0087,=7093.9500,=-0.1360,=29.0450,=0.2230,=22.1588,=28.7765,=33.4072,=39.5137,=73.4129,=3.0495,=0.0173,=2.7345,=3.6342,=4.8062,=6.0065,=9.5028,=2.5423,=0.0280,=2.2757,=2.9116,=3.3652,=5.4150,=7.4989,=0.0300,=0.0967,=0.0342,=0.0179,=3375
="H11052",智能电车,2009-07-22,=0.0241,=4107.0900,=-0.0323,=29.1574,=0.2984,=16.1153,=26.3648,=33.2731,=63.3646,=148.6443,=3.9264,=0.5082,=2.6129,=3.1950,=3.8899,=5.5107,=9.7804,=1.9873,=0.4641,=1.2507,=1.6563,=2.0384,=3.2736,=6.6252,=0.0316,=0.1293,=0.0281,=0.0105,=193
="931239",港股通汽车,2022-07-21,=0.0167,=2202.7800,=-0.0474,=29.1863,=0.9488,=12.1049,=14.2579,=16.7625,=22.8515,=32.0714,=3.1277,=0.9251,=1.2076,=1.4335,=1.5701,=2.0953,=3.5989,=1.5680,=0.9225,=0.6024,=0.6834,=0.7520,=1.0505,=1.7776,,=0.1152,,=0.0114,=48
="000991",全指医药,2011-08-02,=-0.0039,=7676.8200,=-0.1194,=29.2736,=0.1896,=23.5983,=29.4454,=34.3042,=40.8436,=73.5923,=2.7190,=0.0103,=2.5957,=3.1884,=3.7986,=4.7164,=6.5650,=2.5628,=0.1331,=2.0200,=2.6588,=3.0226,=3.7451,=5.9103,=0.0278,=0.0907,=0.0276,=0.0175,=7939
="980027",新能源电池,2015-02-16,=0.0281,=3527.0700,=0.0440,=29.3186,=0.7056,=16.8641,=21.0089,=24.7015,=30.5895,=35.7610,=4.8330,=0.9697,=2.5249,=3.0230,=3.4570,=4.4082,=5.0238,=3.1690,=0.7620,=1.4888,=1.8950,=2.3980,=3.2533,=3.8612,=0.0376,=0.1513,=0.0348,=0.0142,=94
="932246",储能电池,2022-07-08,=0.0169,=5000.5100,=0.0392,=29.5844,=0.6761,=13.3190,=20.1688,=26.6391,=33.3739,=40.1514,=4.6016,=0.8850,=2.3139,=2.6678,=3.2414,=4.4493,=5.1292,=3.0714,=0.6885,=1.3666,=1.6726,=2.2784,=3.3057,=3.7523,=0.0403,=0.1439,=0.0321,=0.0136,=68
="000978",医药100,2011-03-18,=-0.0032,=9191.2200,=-0.1186,=29.6012,=0.2440,=23.7467,=28.9111,=33.9045,=37.7475,=66.4077,=2.7823,=0.0082,=2.6475,=3.2628,=4.2043,=5.0232,=7.8052,=2.6132,=0.1587,=2.0946,=2.6785,=3.1484,=3.6588,=5.9820,=0.0280,=0.0911,=0.0286,=0.0172,=4708
="399440",国证钢铁,2014-12-30,=0.0055,=1308.8500,=-0.1189,=29.7998,=0.6962,=5.7530,=9.0864,=18.4279,=36.9316,=695.2734,=1.0213,=0.4534,=0.7172,=0.9159,=1.0504,=1.3592,=2.0509,=0.5177,=0.6035,=0.3277,=0.3893,=0.4571,=0.6233,=1.3827,=0.0058,=0.0382,=0.0096,=0.0239,=467
="931230",汽车零部件,2013-07-15,=0.0329,=1170.1500,=-0.0948,=30.1187,=0.7623,=18.5338,=23.7620,=26.6747,=30.5196,=34.9965,=3.1636,=0.7907,=1.8462,=2.2868,=2.6081,=3.1769,=3.7531,=2.0241,=0.8102,=1.1819,=1.4590,=1.6636,=2.0153,=2.3775,=0.0227,=0.1141,=0.0262,=0.0129,=44
="399976",CS新能车,2014-11-28,=0.0231,=4547.1500,=0.0182,=30.3068,=0.3533,=13.8890,=22.9016,=34.6114,=62.1175,=231.2544,=3.8724,=0.4897,=2.0896,=3.0970,=3.8894,=6.2213,=11.9870,=2.2120,=0.4155,=0.7703,=1.7976,=2.3127,=4.1916,=9.1824,=0.0343,=0.1248,=0.0265,=0.0106,=2013
="930997",新能源车,2017-07-19,=0.0226,=3079.9500,=0.0140,=30.5023,=0.4648,=14.0460,=20.4309,=31.8696,=84.3995,=171.6022,=3.8819,=0.5380,=1.7502,=2.4198,=3.6739,=6.0919,=11.4567,=2.2221,=0.5213,=0.7652,=1.1965,=2.1508,=3.9283,=8.7389,=0.0346,=0.1243,=0.0266,=0.0106,=1968
="931719",CS电池,2013-07-15,=0.0196,=4475.4400,=0.0526,=30.5036,=0.2725,=15.7007,=26.6847,=41.7530,=64.5688,=121.8822,=4.5196,=0.6653,=1.9771,=2.9292,=3.9524,=5.7588,=11.8941,=3.0427,=0.5070,=1.2782,=2.0990,=3.0303,=4.7369,=9.5565,=0.0377,=0.1370,=0.0297,=0.0125,=549
="000808",医药生物,2012-02-17,=-0.0040,=7288.2800,=-0.1205,=30.7135,=0.3261,=23.4705,=28.3997,=34.6761,=37.8852,=66.3352,=2.7654,=0.0087,=2.6521,=3.2703,=4.1876,=4.9177,=7.9299,=2.5860,=0.1517,=2.0659,=2.6688,=3.1021,=3.5475,=6.2098,=0.0273,=0.0877,=0.0275,=0.0167,=1417
="399394",国证医药,2012-10-29,=-0.0066,=7360.1500,=-0.1328,=30.7389,=0.3026,=22.8656,=29.2541,=34.2619,=39.8130,=65.8576,=2.9029,=0.0120,=2.7032,=3.4364,=4.4999,=5.4654,=8.6075,=2.6144,=0.1488,=1.9890,=2.7161,=3.1577,=4.7414,=6.5385,=0.0285,=0.0916,=0.0308,=0.0168,=1065
="399330",深证100,2006-01-24,=0.0352,=6722.5800,=0.1556,=30.8700,=0.9390,=14.9910,=20.3737,=22.6697,=26.9382,=38.9547,=3.3644,=0.7819,=1.9919,=2.4968,=2.9395,=3.5438,=5.5535,=2.3523,=0.7617,=1.3434,=1.7250,=2.0990,=2.4344,=4.0791,=0.0278,=0.0897,=0.0269,=0.0160,=2328
="931524",SHS科技龙头,2020-07-16,=0.0367,=2913.3200,=0.0839,=30.9076,=0.7744,=18.9033,=23.4777,=26.6286,=35.7114,=59.9125,=3.9836,=0.6888,=2.7731,=3.2893,=3.6668,=5.1623,=9.0190,=3.0422,=0.6975,=1.6886,=2.2567,=2.5489,=4.2454,=7.2475,,=0.1133,,=0.0078,=219
="H30463",沪港深500医药,2014-11-28,=-0.0042,=6638.7700,=-0.1453,=31.0888,=0.2058,=23.3470,=30.9864,=35.4833,=42.6572,=94.1690,=3.1643,=0.0624,=2.7545,=3.5395,=4.4470,=5.5958,=10.0878,=3.0677,=0.3449,=1.9470,=2.8257,=3.3036,=4.1781,=9.3489,,=0.0979,,=0.0141,=34
="000841",800医药,2012-12-21,=-0.0062,=7389.5200,=-0.1159,=31.4057,=0.4262,=21.4494,=28.0346,=32.2618,=37.6239,=58.1462,=3.0300,=0.1591,=2.4193,=3.1913,=3.8027,=4.3897,=6.5122,=3.8327,=0.6707,=1.7815,=2.8895,=3.4449,=4.3641,=6.1565,=0.0288,=0.0871,=0.0293,=0.0177,=589
="000814",细分医药,2012-04-11,=-0.0077,=7372.6300,=-0.1167,=31.6421,=0.4229,=21.8871,=27.2039,=32.7814,=37.7198,=60.8250,=2.8983,=0.1162,=2.4219,=3.2209,=4.1211,=4.8855,=7.4081,=2.4510,=0.2692,=1.7858,=2.2898,=2.9118,=3.8179,=5.4819,=0.0283,=0.0890,=0.0304,=0.0169,=409
="000009",上证380,2010-11-29,=0.0317,=7233.1700,=0.0979,=31.8162,=0.9077,=11.6192,=14.6240,=18.0453,=25.1602,=39.7002,=2.3178,=0.7712,=1.2909,=1.6341,=1.9526,=2.3737,=2.8641,=1.5047,=0.7939,=0.7850,=0.9356,=1.0816,=1.5156,=1.8994,=0.0195,=0.0662,=0.0205,=0.0149,=866
="399005",中小板指,2006-01-24,=0.0299,=9295.6800,=0.1249,=31.9321,=0.6480,=16.1163,=23.0542,=28.5779,=34.0170,=44.0181,=3.2798,=0.3982,=2.0289,=2.7421,=3.4553,=4.3360,=5.3697,=2.2451,=0.4349,=1.3510,=1.8219,=2.3795,=3.3216,=4.1546,=0.0255,=0.0988,=0.0255,=0.0122,=3247
="399374",中盘成长,2010-01-04,=0.0439,=5379.2300,=0.1767,=32.0192,=0.9971,=12.0664,=16.7038,=22.9706,=27.5418,=33.1996,=4.2826,=0.9942,=1.8942,=2.4100,=3.1270,=3.6258,=4.3864,=2.7951,=0.9192,=0.9013,=1.6610,=2.2047,=2.4843,=3.0605,=0.0366,=0.1248,=0.0238,=0.0116,=201
="930791",CS医药TI,2016-03-22,=-0.0030,=8124.1800,=-0.1226,=32.1235,=0.2964,=23.2364,=30.0855,=35.6771,=40.8654,=70.7414,=2.6167,=0.0140,=2.4395,=3.0530,=3.8847,=4.6090,=6.6660,=2.4114,=0.0862,=2.0598,=2.5812,=2.9923,=3.5454,=5.1130,=0.0251,=0.0784,=0.0255,=0.0168,=195
="000936",中证电信,2009-07-03,=0.0545,=14518.9300,=0.4606,=32.2510,=0.6265,=14.1836,=20.2178,=26.5947,=41.2993,=123.1725,=3.0827,=0.9477,=1.2149,=1.7612,=2.3304,=2.7791,=3.6232,=2.9345,=1,=0.7463,=1.0150,=1.2537,=1.7928,=2.9345,=0.0215,=0.0913,=0.0219,=0.0195,=336
="931250",港股通创新药,2012-07-20,=-0.0034,=889.7400,=-0.1144,=32.2860,=0.1845,=21.4435,=32.4743,=36.4099,=45.0856,=63.0533,=3.0734,=0.6458,=1.5232,=1.8152,=2.3148,=3.8358,=4.5255,=5.1842,=0.6458,=1.4727,=1.7542,=2.2924,=6.5404,=7.7209,,=0.1071,,=0.0094,=116
="931787",港股创新药,2018-08-14,=-0.0034,=1108.8600,=-0.1171,=32.2860,=0.2784,=20.8973,=29.3972,=44.7621,=80.1665,=400.8209,=3.0734,=0.5451,=1.5132,=2.2999,=2.9548,=4.1475,=5.7621,=5.1842,=0.8793,=0.8553,=1.2957,=2.0714,=3.2220,=7.7308,,=0.1071,,=0.0094,=734
="000812",细分机械,2012-04-11,=0.0215,=7677.6500,=-0.0019,=32.4859,=0.5243,=14.1771,=22.0432,=31.9383,=40.3892,=51.3583,=3.2938,=0.7729,=1.6005,=2.1653,=2.5233,=3.4001,=5.3964,=2.2447,=0.7708,=1.1287,=1.4635,=1.7268,=2.2895,=3.5603,=0.0226,=0.0835,=0.0173,=0.0147,=198
="000949",中证农业,2009-10-28,=0.0066,=4914.5400,=-0.1512,=32.5977,=0.6488,=14.4444,=21.2919,=29.1176,=36.7819,=1184.8568,=2.4264,=0.1278,=2.0719,=2.5466,=3.2798,=4.0480,=5.2895,=1.3046,=0.2317,=0.8980,=1.1771,=1.7316,=2.0301,=2.8101,=0.0068,=0.0985,=0.0327,=0.0207,=1044
="1000005",上海非金融A股,1994-01-01,,,,=32.7567,=0.9320,=15.3520,=20.3290,=23.4558,=29.7863,=34.6296,=2.3065,=0.8689,=1.5456,=1.8178,=2.0408,=2.2583,=2.5831,=1.4081,=0.9777,=0.7548,=0.9329,=1.0752,=1.1993,=1.4787,=0.0209,=0.0661,=0.0198,=0.0179,=189
="931746",储能产业,2015-06-11,=0.0066,=3585.5400,=-0.0304,=32.7884,=0.4968,=12.7536,=19.4829,=32.9104,=42.5234,=70.6293,=3.5804,=0.5794,=2.2823,=2.7319,=3.3891,=5.0721,=8.8670,=2.3239,=0.6924,=1.1513,=1.4906,=2.0136,=3.1721,=6.6557,=0.0195,=0.0831,=0.0177,=0.0118,=156
="930719",CS精准医,2015-08-05,=-0.0094,=2367.0200,=-0.1096,=32.8344,=0.0306,=29.3195,=37.9862,=52.3522,=67.0564,=102.1078,=3.9465,=0.0631,=3.4982,=4.5550,=6.0511,=9.0189,=14.5104,=5.9444,=0.1280,=5.1956,=6.1900,=7.4483,=10.6316,=18.8625,=0.0301,=0.1091,=0.0230,=0.0087,=340
="000994",全指电信,2011-08-02,=0.0536,=16183.2700,=0.4530,=33.0583,=0.4637,=17.6024,=21.7761,=34.3310,=52.5847,=109.2407,=3.1788,=0.8549,=1.3865,=1.8410,=2.5292,=3.0631,=3.7766,=2.9651,=0.9992,=0.9155,=1.2459,=1.5329,=1.8704,=2.9837,=0.0216,=0.0895,=0.0218,=0.0188,=227
="931579",东证优势成长,2020-11-09,=0.0580,=10178.8600,=0.3337,=33.1053,=0.8879,=7.9327,=14.2131,=19.0895,=30.0488,=61.0103,=6.6524,=0.8990,=0.9149,=2.5907,=3.3930,=5.8271,=9.3390,=4.8588,=0.9676,=1.1828,=2.0487,=2.3521,=3.6223,=6.0793,=0.0548,=0.1983,=0.0468,=0.0100,=136
="399376",小盘成长,2010-01-04,=0.0446,=7375.9000,=0.1613,=33.2085,=0.8331,=14.4007,=20.2318,=25.6041,=32.5707,=60.1410,=3.5555,=0.9493,=1.6246,=2.0607,=2.3697,=3.1570,=4.0524,=2.0851,=0.8190,=0.7224,=1.0640,=1.2047,=1.9642,=3.4032,=0.0271,=0.1002,=0.0195,=0.0124,=285
="931798",光伏龙头30,2009-06-16,=0.0258,=2268.5800,=0.0900,=33.3587,=0.6950,=8.0886,=17.2411,=24.1379,=37.6614,=66.5518,=2.7287,=0.6175,=1.6869,=2.0199,=2.4083,=4.5878,=8.3847,=2.9027,=0.7778,=0.9999,=1.3322,=1.6720,=3.0761,=5.7040,=0.0172,=0.0745,=0.0196,=0.0095,=194
="399008",中小300,2010-03-22,=0.0312,=1822.1900,=0.1012,=33.4699,=0.6867,=17.8364,=25.4661,=30.4243,=35.5455,=45.5477,=3.0199,=0.5218,=1.7846,=2.4620,=2.9826,=3.8176,=4.7778,=2.0466,=0.4852,=1.1664,=1.6529,=2.0737,=2.8229,=3.8663,=0.0232,=0.0868,=0.0228,=0.0122,=506
="931187",科技100,2019-05-30,=0.0286,=5144.3000,=0.1149,=33.4897,=0.7680,=18.1467,=22.1634,=25.9960,=34.9186,=49.5031,=4.1305,=0.7786,=2.3703,=2.7883,=3.3298,=4.2353,=5.4633,=2.8008,=0.8377,=1.2579,=1.6310,=2.0545,=2.6757,=4.1304,=0.0201,=0.0911,=0.0217,=0.0114,=851
="931591",1000成长创新,2020-11-09,=0.0367,=36064.8300,=0.1019,=33.6525,=0.6578,=18.0900,=24.4536,=32.1419,=35.7660,=40.6167,=3.6908,=0.6128,=2.0923,=3.0018,=3.4029,=4.3610,=5.3788,=3.5947,=0.6947,=1.8413,=2.7349,=3.1006,=3.8473,=5.2879,=0.0271,=0.1062,=0.0239,=0.0114,=148
="930614",环保50,2015-04-07,=0.0090,=2336.1700,=0.0173,=33.8031,=0.7696,=13.7595,=20.5125,=26.8092,=35.1194,=50.3864,=3.0294,=0.6319,=1.9059,=2.3842,=2.8808,=3.6683,=6.0727,=3.1198,=0.7007,=1.6847,=2.2438,=2.8984,=3.3746,=6.6309,=0.0222,=0.0831,=0.0199,=0.0161,=206
="000977",内地低碳,2011-01-21,=0.0049,=2111.3400,=0.0129,=33.8031,=0.7671,=13.7595,=20.8967,=26.8139,=35.4182,=50.3864,=3.0294,=0.6344,=1.9264,=2.3844,=2.8733,=3.6471,=6.0727,=3.1198,=0.7201,=1.6847,=2.2202,=2.8380,=3.3944,=6.7765,=0.0220,=0.0823,=0.0200,=0.0161,=387
="930721",CS智汽车,2015-08-05,=0.0360,=5216.8900,=-0.0979,=34.0726,=0.2094,=27.2408,=33.9564,=39.6116,=48.9375,=67.2850,=3.4412,=0.2574,=2.5208,=3.3047,=3.8191,=5.3834,=7.3638,=1.3328,=0.0416,=1.1981,=1.4955,=1.8493,=2.6409,=3.8976,=0.0150,=0.1014,=0.0176,=0.0069,=470
="931235",中证电信,2022-07-21,=0.0250,=3290,=0.2133,=34.2862,=0.9979,=15.5242,=18.6833,=21.3313,=25.9539,=34.5295,=3.2967,=1,=0.8741,=1.6334,=1.9071,=2.2957,=3.2967,=3.0369,=0.9989,=0.6427,=1.3800,=1.7142,=2.1273,=3.0401,=0.0216,=0.0917,=0.0212,=0.0182,=61
="931733",绿色能源,2021-08-19,=0.0073,=5225.9800,=-0.0011,=34.4677,=0.6014,=12.7308,=19.1328,=32.4914,=41.7126,=65.3510,=3.4520,=0.4579,=2.3311,=2.7876,=3.5162,=5.5353,=8.0150,=2.3435,=0.5103,=1.3651,=1.7639,=2.3172,=4.3840,=7.5185,=0.0248,=0.0932,=0.0189,=0.0142,=25
="399971",中证传媒,2014-04-15,=0.0171,=1247.4100,=-0.1527,=34.6069,=0.4802,=18.4593,=27.0874,=34.9138,=44.7137,=90.0483,=2.2684,=0.2984,=1.5359,=2.1311,=2.5746,=3.3133,=5.5544,=2.6844,=0.2160,=1.9674,=2.6548,=3.1926,=4.6704,=7.1445,=0.0163,=0.0602,=0.0206,=0.0179,=6306
="399007",深证300,2009-11-04,=0.0372,=6508.3300,=0.1449,=35.0235,=0.9934,=15.3833,=21.4145,=25.0050,=28.8425,=36.0754,=3.2604,=0.8137,=1.8298,=2.3539,=2.8055,=3.2332,=4.4351,=2.3013,=0.7329,=1.2839,=1.6547,=2.0028,=2.4005,=3.3177,=0.0257,=0.0779,=0.0236,=0.0139,=584
="931946",畜牧养殖,2023-07-28,=0.0013,=608.6300,=-0.1914,=35.3162,=0.6964,=14.8058,=16.2309,=22.9811,=45.2411,=702.5962,=2.3073,=0.0171,=2.2527,=2.5760,=2.6861,=2.7917,=3.1405,=0.9691,=0.0588,=0.8870,=1.0399,=1.0965,=1.1384,=1.2139,=0.0043,=0.0943,=0.0400,=0.0321,=2
="931487",SHS人工智能50,2020-05-06,=0.0443,=2250.8400,=0.0220,=35.5202,=0.7594,=18.6614,=25.5336,=31.6097,=37.2774,=66.0883,=5.6730,=0.7542,=3.0781,=4.0455,=4.6530,=6.4870,=10.5947,=6.4264,=0.7387,=3.3555,=4.4982,=5.1812,=6.8266,=9.5096,,=0.1427,,=0.0053,=74
="931456",中国教育,2020-04-21,=0.0145,=976.6482,=-0.1938,=35.5238,=0.0025,=34.1037,=56.3921,=94.8584,=-131.3411,=28609.2511,=2.6475,=0.3288,=1.5831,=2.4371,=2.9593,=3.8895,=9.7545,=2.6310,=0.1531,=1.7011,=2.7888,=3.3730,=4.8655,=11.2012,,=0.0593,,=0.0083,=169
="932069",港股通医疗主题,2022-07-21,=-0.0075,=858.7000,=-0.1332,=35.5462,=0.8274,=20.9778,=25.7774,=30.1990,=34.8384,=51.0900,=2.0768,=0.5521,=1.4397,=1.6143,=1.9405,=2.6033,=3.0086,=1.1590,=0.6156,=0.6760,=0.7660,=0.9641,=1.4214,=1.6308,,=0.0571,,=0.0139,=16
="399389",国证通信,2011-12-02,=0.0549,=12813.4800,=0.5364,=35.8889,=0.3957,=15.1336,=21.7733,=47.8201,=65.1875,=153.7967,=3.3090,=0.8739,=1.3245,=1.8461,=2.4674,=3.0650,=3.9804,=3.1028,=0.9992,=0.9743,=1.4589,=1.6825,=1.8959,=3.1462,=0.0209,=0.0855,=0.0209,=0.0179,=50
="930632",CS稀金属,2015-05-12,=0.0448,=3329.7600,=0.2282,=35.9057,=0.3883,=10.0759,=24.6559,=42.7375,=101.5924,=902.9270,=4.6510,=0.8487,=1.7714,=2.4678,=3.4560,=4.4058,=7.1765,=3.3431,=0.9411,=1.0736,=1.5817,=2.0649,=2.9973,=4.1072,=0.0489,=0.1107,=0.0216,=0.0063,=367
="399412",国证新能,2014-05-16,=0.0136,=2996.7800,=0.0122,=35.9803,=0.7049,=13.6858,=20.0843,=24.4421,=40.0619,=66.6027,=3.2019,=0.6632,=1.6349,=2.2652,=2.7190,=3.9698,=7.3016,=2.0917,=0.7354,=0.7993,=1.1803,=1.5323,=2.5873,=5.3757,=0.0217,=0.0862,=0.0211,=0.0123,=360
="000827",中证环保,2012-09-25,=0.0116,=1944.5800,=0.0435,=36.0210,=0.8087,=14.0379,=21.0113,=28.2545,=35.4028,=50.6551,=2.9612,=0.6603,=1.7878,=2.2200,=2.8111,=3.3836,=5.4589,=3.0597,=0.7160,=1.6068,=2.0649,=2.7367,=3.2515,=6.2202,=0.0211,=0.0761,=0.0181,=0.0150,=6247
="399612",中创100,2011-02-28,=0.0429,=3281.1700,=0.1886,=36.4057,=0.7700,=18.0203,=24.5371,=31.1505,=39.8478,=52.6199,=4.8477,=0.7778,=2.5576,=3.3599,=4.1937,=5.1140,=7.4671,=3.1464,=0.5309,=1.6155,=2.2648,=3.0469,=4.0076,=5.8630,=0.0320,=0.1210,=0.0297,=0.0104,=157
="H11054",装备产业,2009-07-22,=0.0225,=3024.7600,=0.0398,=36.4340,=0.7097,=15.6342,=24.5228,=31.7967,=38.5317,=58.0282,=3.2169,=0.7629,=1.6944,=2.1260,=2.6012,=3.3167,=5.1308,=2.2550,=0.7589,=1.2119,=1.4834,=1.8793,=2.3494,=3.6241,=0.0221,=0.0859,=0.0174,=0.0126,=40
="930648",CS智消费,2015-06-05,=0.0428,=4226.3400,=0.1541,=36.5641,=0.9110,=15.4538,=22.2568,=24.9758,=31.6040,=51.6043,=4.3748,=0.8969,=2.1406,=2.8085,=3.2135,=3.9773,=5.4486,=1.9974,=0.8673,=0.8328,=1.2867,=1.4806,=1.8456,=2.9491,=0.0253,=0.1077,=0.0239,=0.0123,=26
="399001",深证成指,1995-01-23,=0.0379,=15531.1100,=0.1483,=37.0760,=0.9967,=15.9054,=22.8547,=26.5149,=30.7083,=37.9696,=3.1625,=0.7519,=1.7472,=2.2797,=2.7214,=3.2679,=4.0402,=2.2623,=0.7057,=1.2229,=1.6063,=1.9124,=2.3949,=2.9683,=0.0249,=0.0747,=0.0225,=0.0134,=3692
="931186",中证科技,2019-05-30,=0.0275,=7201.0400,=0.0758,=37.1672,=0.5425,=19.1938,=30.3038,=36.1749,=47.2471,=73.9401,=4.9980,=0.6649,=2.6301,=3.5946,=4.5456,=6.3630,=8.1242,=3.0164,=0.5823,=1.4264,=2.0863,=2.7601,=4.5407,=6.0737,=0.0291,=0.1226,=0.0174,=0.0104,=952
="931406",5G 50,2020-02-20,=0.0629,=3345.7300,=0.5718,=37.4782,=0.8400,=15.2657,=20.5791,=23.4150,=34.3797,=51.5506,=4.1529,=0.8961,=1.5292,=1.9606,=2.4299,=3.8078,=5.3757,=2.7418,=1,=0.9155,=1.4019,=1.5802,=1.8908,=2.7418,=0.0252,=0.1023,=0.0236,=0.0149,=702
="930965",HKC医药C,2017-06-23,=-0.0032,=2810.2200,=-0.1329,=37.5628,=0.5475,=18.1989,=25.7194,=32.8898,=72.3821,=6384.2329,=2.2995,=0.3540,=1.4216,=1.9437,=2.7058,=3.7020,=6.9841,=1.3356,=0.5103,=0.7160,=1.0291,=1.3268,=1.7267,=3.7092,,=0.0645,,=0.0121,=156
="931409",SHS创新药,2020-02-20,=-0.0046,=1843.6100,=-0.1257,=37.8045,=0.3763,=24.9819,=34.4429,=39.5654,=59.6896,=94.9889,=3.6840,=0.3832,=2.3431,=3.2671,=4.1198,=6.4611,=8.9149,=5.4980,=0.6744,=2.2896,=3.1894,=4.0055,=6.5431,=8.2645,,=0.0994,,=0.0104,=308
="399996",智能家居,2014-09-17,=0.0439,=5274.0400,=0.1472,=38.4091,=0.9221,=17.5405,=23.3761,=27.7593,=33.6270,=47.8369,=4.8063,=0.9922,=2.2523,=2.8549,=3.4660,=4.1059,=5.0256,=2.4736,=0.9835,=1.0942,=1.4673,=1.7631,=2.0724,=2.7965,=0.0273,=0.1118,=0.0260,=0.0127,=206
="399326",成长40,2006-01-24,=0.0550,=8838.2200,=0.3881,=38.4317,=0.8582,=11.4413,=22.5069,=27.7075,=32.4129,=67.8360,=7.6063,=0.8986,=2.3502,=3.7081,=4.7208,=6.4284,=10.3842,=4.4227,=0.9217,=1.6605,=2.3239,=3.0475,=3.9111,=5.1844,=0.0646,=0.2161,=0.0378,=0.0082,=274
="000171",新兴成指,2017-01-25,=0.0559,=2526.8500,=0.3695,=38.8017,=0.8669,=15.0335,=20.2762,=24.6618,=35.6433,=63.8139,=5.8357,=0.7557,=2.6324,=3.2776,=4.3419,=6.3052,=10.8185,=5.0425,=0.9055,=1.3680,=2.1140,=2.7686,=4.3183,=8.5894,=0.0336,=0.1371,=0.0326,=0.0108,=205
="931994",电网设备主题,2022-10-11,=0.0350,=3510.8800,=0.3916,=38.8454,=0.9327,=15.6741,=19.9672,=22.7029,=27.1386,=44.9431,=3.7150,=0.9416,=1.9713,=2.2896,=2.4509,=2.7768,=4.2080,=2.5673,=0.9921,=1.2895,=1.4769,=1.6058,=1.8113,=2.6890,=0.0214,=0.0975,=0.0200,=0.0096,=251
="930712",CS物联网,2015-07-31,=0.0498,=5203.8000,=0.2477,=38.9072,=0.8611,=21.9217,=27.4652,=32.4326,=37.3292,=50.1215,=5.3471,=0.8450,=2.7515,=3.4472,=4.0809,=4.9307,=7.1882,=2.8812,=0.9110,=1.2084,=1.7388,=2.0108,=2.4201,=3.5102,=0.0346,=0.1340,=0.0303,=0.0116,=165
="000962",中证中游,2010-04-16,=0.0478,=6012.3600,=0.2757,=39.3489,=1,=12.7529,=17.3536,=20.1661,=27.2940,=39.3489,=3.7304,=1,=1.5782,=1.9009,=2.2397,=2.5770,=3.7304,=1.8336,=1,=0.6672,=0.8352,=0.9852,=1.1336,=1.8336,=0.0222,=0.0826,=0.0192,=0.0100,=16
="000905",中证500,2007-01-15,=0.0371,=8406.7500,=0.1261,=39.4043,=0.9151,=15.7028,=21.2812,=25.5698,=33.2826,=51.1137,=2.6267,=0.8619,=1.3824,=1.7164,=1.9211,=2.4576,=3.1031,=1.8401,=0.8825,=0.8118,=1.0305,=1.1726,=1.6082,=2.2608,=0.0210,=0.0620,=0.0169,=0.0119,=38046
="000982",500等权,2011-06-13,=0.0261,=9722.6200,=0.0771,=39.4043,=0.9151,=15.7028,=21.2829,=25.5698,=33.2826,=51.1137,=2.6267,=0.8619,=1.3824,=1.7163,=1.9217,=2.4573,=3.1031,=1.8401,=0.8833,=0.8118,=1.0305,=1.1726,=1.6070,=2.2608,=0.0210,=0.0620,=0.0169,=0.0119,=32
="HSIDI",恒生创新药指数,2023-01-01,=0.0007,=2248.7100,=-0.1652,=39.7760,=0.1253,=21.3081,=45.8267,=54.9952,=107.2130,=157.2991,=3.1174,=0.6809,=1.7148,=2.1293,=2.6611,=3.9768,=5.1867,=2.7696,=0.6998,=1.5892,=1.8263,=2.2978,=3.4162,=4.4669,,=0.1004,,=0.0096,=235
="HSSCID",恒生港股通创新药指数,2023-07-01,=0.0012,=2641.7100,=-0.1648,=39.7760,=0.2337,=20.9262,=38.8698,=44.6286,=61.2867,=216.1774,=3.1174,=0.6694,=1.6870,=2.0113,=2.5621,=4.1062,=5.1867,=2.7696,=0.6570,=1.6002,=1.8762,=2.4176,=3.5613,=4.4669,,=0.1004,,=0.0096,=112
="399088",深创100,2020-02-18,=0.0383,=5948.7500,=0.1785,=39.8113,=0.8190,=15.3025,=21.8631,=26.8281,=38.1852,=56.8187,=5.6312,=0.9167,=2.2889,=3.2871,=4.0455,=5.3696,=6.8856,=3.7548,=0.8073,=1.4223,=1.9759,=2.4464,=3.7436,=5.1281,=0.0356,=0.1522,=0.0358,=0.0086,=74
="930598",稀土产业,2015-03-02,=0.0306,=3117.4500,=0.1107,=40.1421,=0.5095,=21.1133,=29.2013,=39.7869,=71.3704,=279.2691,=3.4830,=0.9402,=1.4810,=1.9699,=2.3149,=3.0303,=4.3047,=1.6733,=0.8059,=0.6656,=0.9718,=1.1869,=1.6642,=2.2389,=0.0350,=0.0883,=0.0227,=0.0091,=733
="931672",风电产业,2021-04-29,=0.0172,=1932.5200,=0.0971,=40.1569,=0.9734,=16.8665,=21.0989,=24.2083,=29.2433,=45.5856,=2.2536,=0.6815,=1.3490,=1.6767,=1.9852,=2.5026,=3.5946,=2.7675,=0.8290,=1.4458,=1.8897,=2.1395,=2.7004,=3.3215,=0.0166,=0.0571,=0.0184,=0.0096,=61
="1000011",A股非金融,1994-01-10,,,,=40.6869,=0.9246,=17.5718,=25.5269,=28.6067,=37.7619,=43.6945,=2.6644,=0.7523,=1.6561,=2.0403,=2.3293,=2.6944,=2.9749,=1.6800,=0.9114,=0.9476,=1.1421,=1.3066,=1.5711,=1.8156,=0.0205,=0.0612,=0.0189,=0.0147,=806
="H30178",医疗保健,2013-07-15,=0.0026,=11960.9200,=-0.1189,=40.7389,=0.4114,=19.5848,=32.8016,=45.3810,=65.9914,=123.2936,=2.7062,=0.0041,=2.5902,=3.4104,=5.5936,=7.4864,=12.4381,=4.4774,=0.0054,=4.3235,=5.4245,=6.4258,=8.1023,=14.2518,=0.0196,=0.0653,=0.0216,=0.0147,=554
="931152",CS创新药,2019-04-22,=-0.0061,=1653.2000,=-0.1272,=41.1550,=0.3793,=27.6044,=36.6490,=43.1371,=53.2135,=74.6844,=3.4635,=0.2587,=2.5551,=3.3400,=4.1888,=5.9531,=8.7449,=4.9472,=0.7194,=2.2436,=2.9115,=3.3971,=5.6097,=9.4897,=0.0271,=0.0786,=0.0224,=0.0116,=1875
="399364",消费100,2009-08-03,=0.0466,=13329.0400,=0.2348,=41.1588,=0.9753,=15.8540,=22.4449,=26.5463,=33.9878,=49.3766,=5.5909,=0.8698,=2.6561,=3.2877,=3.7539,=4.6928,=7.3266,=2.7995,=0.8385,=1.3127,=1.6571,=1.9058,=2.4631,=4.2956,=0.0306,=0.1191,=0.0345,=0.0115,=311
="931590",500成长创新,2020-11-09,=0.0404,=30269.5100,=0.1146,=41.1666,=1,=14.5054,=17.7621,=20.1356,=26.8842,=41.1666,=4.7259,=1,=1.6442,=2.3222,=2.6429,=3.2735,=4.7259,=4.8892,=1,=1.3106,=1.9755,=2.2760,=2.6795,=4.8892,=0.0292,=0.1277,=0.0317,=0.0084,=91
="H30597",新材料,2015-02-13,=0.0427,=5117.3900,=0.2336,=41.2573,=0.7218,=14.0729,=21.7626,=33.2776,=44.5534,=77.0759,=4.3020,=0.7222,=2.1817,=2.8826,=3.6703,=5.2685,=8.9168,=2.9134,=0.5779,=1.2938,=2.0086,=2.7590,=3.7927,=7.1680,=0.0294,=0.0908,=0.0200,=0.0114,=314
="H30217",医疗器械,2013-07-15,=0.0017,=8679.2600,=-0.1160,=41.2912,=0.5322,=17.1055,=29.5762,=39.4631,=57.4821,=82.8778,=2.6610,=0.0054,=2.5375,=3.2691,=4.8453,=6.6162,=11.6091,=4.8139,=0.0425,=4.1030,=5.3662,=6.0810,=8.2841,=13.3528,=0.0184,=0.0626,=0.0209,=0.0152,=1319
="399316",巨潮小盘,2005-02-03,=0.0362,=6826.6400,=0.1353,=41.3903,=0.8417,=17.4883,=24.6121,=29.2593,=38.1916,=58.4724,=2.3330,=0.7510,=1.3049,=1.7086,=1.9645,=2.4458,=3.2926,=1.4843,=0.7222,=0.7478,=1.0120,=1.2297,=1.6756,=2.5759,=0.0167,=0.0444,=0.0142,=0.0131,=22
="987018",港股通创新药,2021-11-18,,,=-0.1517,=41.4094,=0.3643,=22.9379,=35.6151,=50.7745,=96.2760,=537.2167,=3.3843,=0.5813,=1.6768,=2.2998,=3.2010,=4.1697,=6.0885,=5.0212,=0.4188,=2.6005,=3.5336,=5.3045,=7.1016,=12.1954,,=0.0844,,=0.0089,=315
="399295",创价值,2019-01-23,=0.0373,=5664.1300,=0.0497,=41.4149,=0.5198,=20.8863,=26.5770,=39.9378,=56.8809,=73.8741,=7.9856,=0.7049,=3.7254,=4.5991,=5.8338,=8.9963,=11.5385,=5.9316,=0.6009,=2.5684,=3.4815,=5.3789,=9.1523,=12.8251,=0.0387,=0.1758,=0.0398,=0.0101,=610
="930771",CS新能源,2015-12-16,=0.0211,=2889.2100,=0.0733,=41.4487,=0.6926,=11.2377,=23.2180,=34.3571,=45.1133,=62.8342,=3.0661,=0.5872,=1.7615,=2.1620,=2.8708,=3.9112,=7.2156,=2.6519,=0.6699,=1.2791,=1.6702,=2.2077,=3.0997,=6.6822,=0.0221,=0.0668,=0.0165,=0.0112,=31
="399808",中证新能,2015-02-10,=0.0206,=2907.4400,=0.0328,=41.4487,=0.6051,=11.2377,=23.4990,=36.8470,=46.4331,=62.8342,=3.0661,=0.5734,=1.7615,=2.1712,=2.9341,=3.8504,=7.2277,=2.6519,=0.6892,=1.2791,=1.6778,=2.2581,=3.0254,=6.6822,=0.0221,=0.0668,=0.0165,=0.0112,=1297
="931688",中证算力,2022-07-21,=0.0663,=4817.7100,=0.5328,=41.6885,=0.9973,=18.0036,=20.6935,=23.5501,=31.9906,=42.7477,=4.4373,=0.9987,=1.6529,=1.8947,=2.2573,=3.2936,=4.4465,=3.1298,=0.9973,=1.3731,=1.5867,=1.7995,=2.4401,=3.1997,=0.0245,=0.1011,=0.0224,=0.0141,=101
="931783",智能驾驶,2022-02-21,=0.0505,=1457.0300,=-0.0293,=41.6894,=0.2951,=31.9944,=40.1345,=46.8121,=69.9394,=98.5983,=3.4434,=0.3085,=2.5981,=3.3330,=3.5713,=3.9701,=4.9384,=1.8796,=0.4107,=1.3276,=1.7247,=1.9362,=2.1252,=2.7953,=0.0149,=0.0928,=0.0256,=0.0083,=11
="399625",中创500,2011-08-15,=0.0428,=2867.8700,=0.1770,=41.8373,=0.8310,=20.4615,=28.9847,=35.6913,=41.1180,=52.5750,=4.1712,=0.7354,=2.1192,=2.8827,=3.5472,=4.3394,=5.2667,=2.9793,=0.6261,=1.4713,=2.0764,=2.6286,=3.4529,=4.5526,=0.0265,=0.0951,=0.0239,=0.0098,=164
="399101",中小综指,2005-12-01,=0.0282,=15642.4500,=0.0754,=42.0369,=0.6002,=22.7937,=34.4929,=40.6764,=47.1072,=65.2068,=2.9073,=0.5548,=1.7151,=2.3689,=2.8048,=3.4417,=4.7418,=1.9860,=0.4794,=1.1654,=1.6542,=2.0151,=2.6047,=3.9938,=0.0208,=0.0674,=0.0195,=0.0113,=25
="1000012",中小板全指,2005-12-01,=0.0282,=15642.4500,=0.0754,=42.1629,=0.5651,=22.6352,=35.3655,=41.3012,=48.7632,=73.8161,=2.9181,=0.5519,=1.7125,=2.3729,=2.8163,=3.4739,=4.7425,=1.9552,=0.4761,=1.1448,=1.6386,=1.9985,=2.5940,=3.9859,=0.0209,=0.0671,=0.0194,=0.0113,=566
="930662",CS现代农,2015-07-13,=0.0008,=871.9700,=-0.1858,=42.3802,=0.7057,=13.0417,=20.4903,=28.4439,=61.6415,=301.1137,=2.1241,=0.0455,=1.8555,=2.5263,=2.8402,=3.1451,=4.3308,=0.9476,=0.0805,=0.8273,=1.0210,=1.1707,=1.5555,=2.1026,=-0.0091,=0.0850,=0.0345,=0.0255,=49
="399276",创科技,2020-10-26,=0.0506,=9862.1800,=0.2169,=42.6216,=0.6334,=20.4624,=26.4459,=37.6475,=58.9550,=84.1667,=7.8491,=0.7701,=3.5855,=4.4229,=5.7807,=8.6423,=12.0896,=6.0557,=0.7175,=2.4145,=3.2715,=4.7130,=8.8876,=12.2359,=0.0430,=0.1724,=0.0380,=0.0095,=10
="399363",云科技,2009-08-03,=0.0627,=14690.9900,=0.5723,=42.9894,=0.5775,=25.0041,=36.0760,=41.7092,=49.3279,=74.9161,=4.8444,=0.5956,=3.0187,=3.9521,=4.6684,=5.5824,=10.4646,=3.3176,=0.6142,=1.6015,=2.2265,=3.0709,=3.7442,=4.5583,=0.0491,=0.1469,=0.0254,=0.0128,=284
="931159",创新100,2019-05-16,=0.0381,=4303.2800,=0.2654,=43.0118,=0.7123,=24.8309,=32.2728,=36.1167,=46.3704,=59.7307,=5.9413,=0.8917,=2.9189,=3.6911,=4.3655,=5.5177,=7.4325,=4.9382,=0.8276,=2.3351,=3.1611,=3.7771,=4.8370,=6.6085,=0.0278,=0.1244,=0.0278,=0.0088,=228
="980015",疫苗生科,2015-02-16,=-0.0080,=5207.7800,=-0.1715,=43.7569,=0.5297,=24.1714,=31.1390,=42.4267,=53.6436,=80.8207,=3.2621,=0.0556,=2.9980,=3.5753,=4.1410,=6.8600,=11.0606,=5.7209,=0.3058,=4.5746,=5.4811,=6.3837,=9.4025,=15.0694,=0.0223,=0.0693,=0.0219,=0.0117,=73
="399667",创业成长,2013-01-07,=0.0568,=7567.5400,=0.3693,=44.0525,=0.7214,=21.3636,=29.5830,=38.5912,=51.7989,=90.9628,=8.1667,=0.8508,=2.9224,=4.0916,=4.8759,=7.3778,=10.8589,=6.3757,=0.7531,=2.4713,=3.4035,=4.6758,=6.8760,=10.3001,=0.0481,=0.1635,=0.0355,=0.0079,=86
="931718",高端造质量成长50,2021-08-25,=0.0498,=3804.7200,=0.3166,=44.2971,=0.9784,=16.3078,=22.0535,=28.7609,=36.5195,=49.4696,=7.7089,=0.9905,=3.1255,=3.9072,=4.8175,=5.8359,=8.1954,=5.1529,=0.9957,=1.7207,=2.2423,=2.9385,=3.6706,=5.3327,=0.0328,=0.1450,=0.0326,=0.0083,=28
="399285",物联网50,2020-02-18,=0.0441,=8372.7800,=0.3255,=44.9205,=0.9525,=21.8675,=26.3815,=31.4304,=38.2526,=48.8450,=6.1884,=0.9787,=2.6765,=3.4074,=4.0068,=5.2832,=6.4883,=4.0332,=0.9979,=1.7407,=2.0175,=2.4149,=3.1023,=4.1014,=0.0353,=0.1364,=0.0304,=0.0101,=93
="399673",创业板50,2014-06-18,=0.0523,=4339.5600,=0.2800,=45.1517,=0.6063,=20.6075,=30.6784,=42.5462,=57.5010,=106.7499,=8.1704,=0.8355,=3.1473,=4.3234,=5.2431,=7.4578,=11.7288,=6.1069,=0.6566,=2.6907,=4.1383,=5.5004,=7.7939,=13.3154,=0.0447,=0.1569,=0.0355,=0.0078,=5498
="399293",创业大盘,2019-04-18,=0.0537,=8203.8500,=0.2660,=45.2680,=0.6162,=20.6573,=29.4000,=41.1478,=54.3346,=71.9327,=8.1412,=0.7229,=3.4452,=4.7048,=6.2344,=9.2472,=13.4901,=5.7636,=0.5330,=2.8408,=3.9984,=5.6712,=9.9435,=14.8309,=0.0411,=0.1554,=0.0377,=0.0082,=179
="399315",巨潮中盘,2005-02-03,=0.0381,=5387.4800,=0.1320,=45.7964,=0.9918,=14.3715,=18.4227,=22.9157,=29.8562,=46.2941,=2.8010,=0.9736,=1.5252,=1.8923,=2.1502,=2.5843,=2.9380,=2.1856,=1,=0.8408,=1.2254,=1.4278,=1.6517,=2.1856,=0.0239,=0.0707,=0.0202,=0.0115,=20
="399441",生物医药,2015-01-20,=-0.0065,=1823.4700,=-0.1503,=46.5622,=0.4613,=21.8350,=32.3563,=47.7575,=64.7946,=119.0737,=2.8286,=0.0853,=2.3073,=3.3690,=6.3540,=7.8152,=13.6606,=5.4458,=0.1492,=3.6424,=5.8878,=9.5198,=14.0510,=21.5399,=0.0194,=0.0565,=0.0192,=0.0125,=1676
="930651",CS计算机,2015-06-05,=0.0351,=7506.3900,=-0.0320,=46.6055,=0.2589,=33.6687,=44.3942,=56.7851,=67.2730,=115.0591,=4.7795,=0.6538,=2.6283,=3.7942,=4.3711,=5.1238,=6.5144,=2.9154,=0.2028,=2.0877,=2.9117,=3.6323,=4.3117,=5.6880,=0.0244,=0.0892,=0.0073,=0.0097,=648
="931447",科技先锋,2020-04-21,=0.0412,=3399.6200,=0.1017,=46.9618,=0.7905,=19.0346,=27.2130,=36.7979,=47.5536,=82.3567,=5.8668,=0.7152,=2.7045,=3.4037,=4.2803,=6.7235,=10.6025,=3.1329,=0.6964,=1.4804,=1.9089,=2.4021,=3.7261,=7.0848,=0.0256,=0.0990,=0.0202,=0.0086,=18
="000998",中证TMT,2011-11-08,=0.0499,=3834.0300,=0.3038,=47.1572,=0.9126,=18.9989,=27.6163,=34.6638,=43.6783,=58.6698,=5.0702,=0.9979,=1.9674,=2.4618,=3.2923,=3.9759,=5.2875,=3.5420,=1,=1.2505,=1.8092,=2.1803,=2.6085,=3.5420,=0.0233,=0.0900,=0.0196,=0.0106,=554
="399803",工业4.0,2015-02-13,=0.0436,=6724.5800,=0.2501,=47.5769,=0.7984,=19.7294,=27.9595,=36.1733,=47.6621,=61.8732,=5.5109,=0.7824,=2.6645,=3.4308,=4.3469,=5.6116,=8.0266,=2.6639,=0.5581,=1.5023,=2.0108,=2.5353,=3.2567,=4.8981,=0.0258,=0.1072,=0.0218,=0.0084,=485
="399959",军工指数,2011-08-30,=0.0060,=1658.9100,=-0.0863,=47.6059,=0.1112,=34.5950,=50.7817,=60.8503,=73.4561,=167.2472,=2.9566,=0.3057,=2.0269,=2.6530,=3.2634,=4.0402,=5.9912,=2.6375,=0.1574,=2.1044,=2.7057,=3.3231,=3.8912,=5.2606,=0.0143,=0.0591,=0.0108,=0.0079,=4
="930986",金融科技,2017-06-22,=0.0338,=2367.2600,=-0.2416,=47.9329,=0.3479,=32.2484,=42.9443,=55.7539,=81.6969,=257.1796,=4.3148,=0.3387,=2.5474,=4.0143,=4.6969,=5.8259,=7.7786,=5.9598,=0.6934,=2.9625,=3.8715,=4.7503,=7.0181,=9.8281,=0.0192,=0.0872,=0.0151,=0.0082,=252
="930726",CS生医,2015-08-05,=-0.0107,=2118.7900,=-0.1324,=48.3565,=0.4905,=24.4874,=31.9329,=48.5882,=62.2723,=107.1179,=3.9112,=0.1092,=3.1768,=4.4258,=6.8851,=8.5259,=14.2976,=6.9489,=0.2086,=4.8871,=6.8187,=9.9576,=12.5690,=19.9452,=0.0287,=0.0766,=0.0261,=0.0097,=835
="931785",智选沪深港科技50,2025-06-27,=0.0473,=2854,=0.1967,=48.4088,=1,=31.7791,=34.9006,=36.9643,=39.2207,=48.4088,=5.5146,=0.9012,=3.8679,=4.3311,=4.7807,=5.3083,=5.8688,=3.5629,=0.9136,=2.2695,=2.5838,=2.9594,=3.3572,=3.7629,,,,=0.0053,=9
="930743",中证生科,2015-08-26,=-0.0089,=2804.2500,=-0.1484,=49.1649,=0.4670,=24.0733,=39.5208,=50.1445,=59.8284,=100.3520,=3.3211,=0.0375,=2.9526,=3.8793,=6.1658,=8.0612,=14.6705,=5.8076,=0.0894,=4.7455,=6.2818,=8.8321,=12.4379,=18.8359,=0.0226,=0.0618,=0.0204,=0.0103,=1218
="1000003",深圳A股,1994-01-01,=0.0342,=2789.3600,=0.1021,=50.2599,=0.9089,=20.1337,=32.6807,=37.4322,=46.8018,=60.3260,=3.0510,=0.6752,=1.7026,=2.2996,=2.6857,=3.2373,=3.9166,=2.2124,=0.6636,=1.2021,=1.6469,=1.9199,=2.3896,=3.2018,=0.0203,=0.0553,=0.0180,=0.0114,=1819
="931380",科技50,2019-11-25,=0.0475,=4301.8100,=0.3615,=50.8094,=0.5986,=22.4426,=31.1774,=45.7971,=56.6455,=71.9143,=6.6576,=0.7328,=2.7627,=3.8643,=5.3475,=7.3675,=9.9144,=5.6645,=0.8129,=2.1802,=3.0576,=4.0768,=5.5993,=7.7525,=0.0253,=0.0951,=0.0118,=0.0082,=947
="399006",创业板指,2010-06-01,=0.0530,=4033.5300,=0.2592,=50.9089,=0.7040,=22.8885,=32.3387,=42.0387,=55.4747,=79.6826,=7.0586,=0.8351,=3.0035,=4.0151,=4.8508,=6.5220,=9.5804,=5.0269,=0.5998,=2.3312,=3.4103,=4.5413,=6.4333,=8.4805,=0.0369,=0.1330,=0.0313,=0.0079,=16527
="899050",北证50,2022-11-21,=0.0171,=1263.8400,=-0.1226,=51.1345,=0.5731,=15.5447,=18.3379,=31.4796,=63.5749,=91.3357,=4.4545,=0.6323,=2.0170,=2.4276,=2.9496,=4.9782,=5.6723,=3.7925,=0.6218,=1.3969,=1.6958,=2.0677,=4.2614,=5.1557,=0.0174,=0.0675,=-0.0021,=0.0082,=743
="000852",中证1000,2014-10-17,=0.0388,=8521.2300,=0.1219,=51.3242,=0.8627,=18.9344,=30.9274,=37.8121,=48.0889,=81.8025,=2.7178,=0.6987,=1.4880,=2.1060,=2.4400,=2.9361,=4.2563,=1.9345,=0.7947,=0.9250,=1.3827,=1.5870,=1.9545,=3.5402,=0.0158,=0.0499,=0.0155,=0.0097,=7324
="930599",中证高装,2015-03-02,=0.0488,=10897.1100,=0.2929,=51.7950,=0.8998,=19.5438,=27.7467,=34.6674,=45.5579,=65.7817,=5.0498,=1,=1.8509,=2.5592,=3.1127,=3.6752,=5.0498,=2.8437,=0.9979,=1.2322,=1.6106,=1.9495,=2.4252,=2.8921,=0.0227,=0.0865,=0.0192,=0.0077,=115
="399296",创成长,2019-01-23,=0.0724,=9405.6300,=0.5092,=52.1133,=0.6792,=22.4911,=30.8153,=43.3550,=64.1049,=104.6935,=11.1374,=0.8256,=3.9463,=4.9277,=6.9432,=10.5938,=14.9802,=6.9246,=0.6691,=2.5417,=3.4556,=5.8163,=12.0336,=17.3385,=0.0584,=0.2040,=0.0396,=0.0061,=1065
="930820",CS高端制,2016-05-11,=0.0461,=10614.3100,=0.2537,=53.2148,=0.9963,=21.5994,=28.9923,=36.5764,=42.7534,=53.9836,=4.7534,=0.9922,=2.0597,=2.7148,=3.1888,=3.8675,=4.9567,=3.0402,=0.9988,=1.1980,=1.7166,=2.0514,=2.4718,=3.0730,=0.0220,=0.0816,=0.0186,=0.0077,=311
="399610",TMT50,2010-11-08,=0.0605,=13247.1900,=0.3825,=53.3585,=0.9444,=21.0331,=30.1605,=38.0629,=46.3890,=64.7172,=7.5215,=1,=2.4071,=3.2240,=4.0368,=5.1361,=7.5215,=3.9984,=0.9126,=1.5843,=2.0120,=2.7294,=3.7057,=4.9386,=0.0296,=0.1080,=0.0206,=0.0060,=518
="399970",移动互联,2014-05-05,=0.0491,=5330.8900,=0.1950,=53.9582,=0.9122,=21.2604,=32.0602,=40.2098,=49.4710,=64.0807,=5.6638,=0.7993,=2.3944,=3.2977,=4.0681,=5.6677,=7.9573,=3.1097,=0.7539,=1.5790,=2.0679,=2.5539,=3.2865,=4.6665,=0.0246,=0.0808,=0.0175,=0.0070,=469
="931480",线上消费,2020-05-06,=0.0221,=704.3100,=-0.1626,=54.1231,=0.3903,=33.5813,=47.6884,=66.8187,=96.8036,=132.5169,=2.9811,=0.4220,=1.9483,=2.5070,=3.0994,=3.7024,=5.0305,=3.0107,=0.8258,=1.1811,=1.5047,=1.8187,=2.8739,=4.8094,=0.0131,=0.0458,=0.0190,=0.0098,=74
="930821",中证VR,2016-05-11,=0.0565,=3736.0600,=0.1700,=54.3089,=0.7738,=17.6816,=31.5593,=43.0809,=55.7485,=175.0572,=3.8679,=0.7672,=1.7358,=2.3304,=2.8641,=4.0740,=5.0269,=2.2112,=0.6362,=1.1117,=1.4741,=1.9083,=2.8865,=3.7313,=0.0113,=0.0443,=0.0138,=0.0069,=146
="399624",中创400,2011-08-15,=0.0428,=2982.4400,=0.1600,=55.2632,=0.8994,=22.4097,=32.9060,=40.4876,=48.7081,=82.4491,=3.3989,=0.7890,=1.6720,=2.4135,=2.8494,=3.4178,=5.3458,=2.7422,=0.8261,=1.2865,=1.8978,=2.2295,=2.7024,=4.6386,=0.0199,=0.0651,=0.0174,=0.0088,=230
="980030",消费电子,2015-02-17,=0.0676,=10384.2000,=0.4292,=55.6975,=0.9579,=18.6467,=31.5570,=38.7826,=47.2271,=62.6236,=5.3491,=0.9895,=2.0026,=2.5929,=2.9832,=4.1689,=5.7500,=2.6608,=0.9061,=1.1413,=1.3968,=1.5724,=2.3227,=3.4515,=0.0190,=0.0648,=0.0154,=0.0056,=378
="399291",创精选88,2019-11-06,=0.0487,=5616.2500,=0.2293,=55.9934,=0.5757,=32.8940,=42.1334,=54.3308,=65.3491,=106.4385,=3.7225,=0.7246,=1.8895,=2.8568,=3.4033,=3.9417,=4.9331,=4.0813,=0.7366,=1.9655,=2.6212,=3.0991,=4.2970,=5.5728,=0.0173,=0.0556,=0.0131,=0.0084,=40
="000958",创业成长,2010-03-24,=0.0587,=2180.3000,=0.3603,=56.1352,=1,=11.9506,=17.5032,=24.3300,=30.6865,=56.1352,=13.2760,=1,=2.6815,=3.7899,=5.1687,=6.3609,=13.2760,=7.0832,=1,=1.2937,=1.9105,=2.5447,=3.9741,=7.0832,=0.0493,=0.2198,=0.0640,=0.0049,=666
="930606",中证钢铁,2015-03-31,=0.0049,=1005.0700,=-0.1372,=57.6121,=0.7609,=5.9346,=9.2015,=19.0694,=80.4752,=77593.1899,=1.0276,=0.4336,=0.7076,=0.9198,=1.0609,=1.3536,=2.0450,=0.4916,=0.5919,=0.2931,=0.3819,=0.4578,=0.6210,=1.2948,=0.0020,=0.0221,=0.0071,=0.0227,=766
="399303",国证2000,2014-03-28,=0.0370,=11055.2400,=0.1104,=57.7549,=0.8364,=23.3937,=36.3012,=42.0208,=53.5565,=96.7185,=2.7639,=0.7984,=1.4941,=2.0787,=2.2977,=2.7668,=4.2124,=2.1213,=0.7997,=1.0643,=1.3926,=1.5532,=2.1216,=3.4322,=0.0140,=0.0453,=0.0143,=0.0092,=711
="399994",信息安全,2015-03-12,=0.0360,=1615.5600,=-0.1138,=58.2195,=0.3615,=35.0629,=52.8789,=67.0223,=85.7906,=183.5630,=3.3821,=0.2102,=2.3256,=3.3603,=3.8803,=4.5701,=6.2767,=2.5338,=0.0412,=2.1829,=2.8883,=3.2617,=3.8380,=5.1182,=0.0078,=0.0539,=0.0040,=0.0123,=87
="931165",新兴科技100,2019-04-25,=0.0384,=10661.8900,=0.2529,=58.2568,=0.9971,=17.0055,=23.2518,=29.3315,=39.4107,=59.4658,=11.8482,=1,=3.5721,=4.3345,=5.3282,=7.5484,=11.8482,=10.7318,=1,=3.0368,=3.6492,=4.8183,=6.2919,=10.7318,=0.0515,=0.1919,=0.0378,=0.0055,=520
="H30535",互联网,2015-01-12,=0.0511,=6492.1900,=0.3388,=60.5504,=0.9946,=14.4753,=20.8320,=35.3829,=47.9568,=65.8357,=8.1302,=1,=1.7453,=2.4408,=3.2195,=4.0243,=8.1302,=4.7126,=0.9992,=1.1519,=1.6628,=1.9706,=2.8302,=4.7456,=0.0359,=0.1165,=0.0168,=0.0054,=23
="931066",军工龙头,2018-02-05,=0.0048,=2973.0800,=-0.1394,=61.1562,=0.8655,=29.1719,=34.9356,=42.7790,=52.2345,=100.5281,=3.3053,=0.2931,=2.2914,=3.1485,=3.6907,=4.6182,=6.9932,=2.9656,=0.2941,=2.1745,=2.8227,=3.4503,=4.1883,=5.8746,=0.0067,=0.0495,=0.0098,=0.0068,=1065
="931696",科技50策略,2021-07-12,=0.0566,=28841.9900,=0.4318,=61.2900,=0.9975,=23.0047,=27.7626,=33.6493,=43.0975,=61.7165,=9.9484,=1,=3.0567,=3.9089,=4.4288,=7.0161,=9.9484,=5.4826,=0.9715,=1.9010,=2.3610,=2.6583,=4.0965,=6.7093,=0.0396,=0.1271,=0.0285,=0.0049,=13
="930707",中证畜牧,2015-07-13,=-0.0001,=1804.1800,=-0.1826,=61.9520,=0.7267,=11.3375,=17.7937,=26.9050,=113.3570,=237.1331,=2.1368,=0.0029,=2.0778,=2.6867,=3.3117,=4.2702,=5.8838,=0.8927,=0.0268,=0.8185,=1.0409,=1.4347,=2.0957,=2.9452,=-0.0138,=0.0829,=0.0347,=0.0264,=1194
="000915",300信息,2007-07-02,=0.0617,=4437.5800,=0.3651,=64.2567,=0.9930,=20.6178,=34.5626,=39.6633,=47.7172,=68.0661,=7.8990,=1,=2.7398,=3.5399,=4.3458,=5.3612,=7.8990,=3.8210,=0.6991,=1.6744,=2.1697,=3.2164,=4.0976,=4.9963,=0.0247,=0.0971,=0.0166,=0.0058,=18
="931461",电子50,2009-07-22,=0.0633,=8490.7700,=0.4403,=64.2635,=0.9864,=20.3357,=30.2775,=36.3532,=47.8752,=68.5957,=7.9810,=1,=2.5323,=3.1789,=3.6839,=5.2470,=7.9810,=3.7931,=0.9514,=1.1588,=1.7975,=2.0588,=3.0666,=4.5428,=0.0239,=0.0884,=0.0169,=0.0055,=437
="980022",机器人产业,2015-02-25,=0.0361,=2649.1400,=-0.0017,=64.6287,=0.8535,=13.7974,=16.6281,=20.1609,=42.6290,=93.9438,=5.2722,=0.9049,=2.5198,=3.0537,=3.5933,=4.7624,=6.2730,=4.4387,=0.8618,=1.0172,=1.2341,=1.4243,=3.6597,=5.9220,=0.0186,=0.0892,=0.0245,=0.0050,=296
="931079",5G通信,2019-04-25,=0.0690,=3208.7600,=0.6644,=65.7034,=0.9971,=21.0709,=27.5623,=33.4134,=43.8834,=103.6981,=9.4492,=0.9994,=2.3623,=3.0357,=3.6040,=5.2415,=9.4703,=3.7907,=0.9988,=1.1916,=1.4875,=1.8690,=2.3212,=3.8274,=0.0389,=0.1398,=0.0276,=0.0050,=2268
="H30590",机器人,2015-02-10,=0.0357,=2105.1200,=0.1032,=65.9232,=0.8673,=24.1742,=42.0198,=50.8759,=63.1676,=89.9138,=5.2088,=0.9514,=2.1765,=2.8831,=3.6958,=4.3974,=6.0751,=5.1367,=0.9753,=1.6011,=2.4247,=3.4044,=4.3048,=5.6179,=0.0149,=0.0720,=0.0144,=0.0061,=880
="931087",科技龙头,2019-03-20,=0.0578,=7507.9900,=0.4284,=66.0488,=1,=22.2848,=33.6165,=40.3818,=51.3989,=66.0488,=9.4886,=1,=2.8190,=4.2151,=5.2732,=6.4758,=9.4886,=8.2707,=1,=2.0316,=3.3075,=3.9507,=4.9002,=8.2707,=0.0321,=0.1080,=0.0209,=0.0047,=2081
="930850",智能制造,2016-07-20,=0.0573,=6338.4800,=0.3241,=66.3436,=0.9939,=23.4329,=32.5876,=41.3746,=49.9980,=69.7346,=6.6831,=0.9987,=2.5370,=3.5060,=4.1300,=5.0453,=6.8495,=3.9490,=0.8417,=1.5919,=2.3501,=2.7690,=3.5352,=5.3954,=0.0208,=0.0857,=0.0160,=0.0059,=361
="930713",CS人工智,2015-07-31,=0.0574,=6743.8900,=0.2768,=66.3583,=0.8788,=24.8131,=43.8200,=53.2816,=62.6714,=90.1869,=9.3468,=1,=2.8384,=3.9100,=4.7030,=5.4132,=9.3468,=5.5225,=0.9872,=2.3148,=3.1674,=3.7880,=4.3102,=6.3979,=0.0330,=0.1245,=0.0172,=0.0052,=1031
="931494",消费电子,2020-06-12,=0.0696,=7332.0300,=0.4415,=67.0062,=0.9917,=20.2625,=31.6837,=38.4452,=50.9856,=69.6359,=7.0344,=0.9959,=2.1307,=2.8130,=3.4798,=5.0320,=7.2195,=3.3752,=0.9959,=1.3000,=1.6468,=1.9470,=2.5935,=3.4883,=0.0228,=0.0807,=0.0166,=0.0054,=221
="399368",国证军工,2009-11-04,=0.0151,=7883.5500,=-0.0750,=67.3780,=0.5779,=38.1822,=54.2867,=63.7417,=78.3589,=107.0849,=3.3018,=0.6550,=2.0244,=2.5859,=3.0405,=3.5658,=4.3940,=3.1980,=0.5033,=1.8459,=2.5701,=3.1939,=3.6960,=4.8014,=0.0129,=0.0477,=0.0081,=0.0058,=12
="931845",生猪产业,2012-04-11,=0.0068,=1051.8400,=-0.1992,=67.4013,=0.7716,=12.7881,=21.1629,=29.0112,=101.0404,=705.7713,=2.3696,=0.0016,=2.3345,=2.8970,=3.4907,=4.1514,=5.7536,=0.8911,=0.0066,=0.8594,=1.0402,=1.6489,=2.1720,=2.8287,=-0.0154,=0.0788,=0.0361,=0.0293,=164
="931009",建筑材料,2013-07-15,=0.0103,=5546.7100,=-0.1166,=68.1306,=0.9790,=8.0662,=10.3916,=14.5675,=24.8776,=95.7816,=0.8968,=0.0348,=0.7557,=1.0165,=1.5131,=1.9967,=2.4800,=0.9909,=0.2309,=0.6904,=0.9634,=1.1631,=1.5178,=2.1670,=-0.0025,=0.0109,=-0.0006,=0.0265,=744
="399973",中证国防,2014-04-15,=0.0176,=1744.3800,=-0.0621,=68.1876,=0.7214,=28.8580,=43.6048,=54.2136,=72.8818,=114.4667,=3.6843,=0.5491,=2.3880,=3.0104,=3.5778,=4.9227,=7.7047,=3.3703,=0.4089,=1.9566,=2.7338,=3.8936,=4.5657,=7.1179,=0.0086,=0.0535,=0.0095,=0.0063,=632
="931160",通信设备,2013-07-15,=0.0621,=25417.2800,=0.6440,=68.8294,=0.9040,=19.3231,=27.7990,=36.6969,=53.3268,=91.1971,=11.0013,=0.9992,=2.1520,=2.8712,=3.4261,=3.9737,=11.1425,=3.9302,=0.9992,=0.9706,=1.2833,=1.5072,=2.4410,=4.0096,=0.0428,=0.1280,=0.0276,=0.0053,=1256
="931071",人工智能,2018-11-21,=0.0637,=2976.5200,=0.3139,=69.1345,=0.9686,=30.9003,=39.6951,=48.4267,=56.6018,=74.4524,=10.1901,=0.9862,=2.9559,=3.8958,=4.7324,=5.8917,=11.5305,=6.0782,=0.9350,=2.2000,=2.7965,=3.1910,=4.0680,=9.3591,=0.0409,=0.1450,=0.0239,=0.0050,=1332
="399967",中证军工,2013-12-26,=0.0141,=12860.6100,=-0.0821,=70.0390,=0.6076,=41.8350,=54.9002,=65.1622,=97.9236,=170.1674,=3.6468,=0.7424,=2.0425,=2.6005,=3.1809,=3.8597,=4.8699,=3.3821,=0.5878,=2.0545,=2.7207,=3.1218,=4.0228,=5.8225,=0.0129,=0.0501,=0.0096,=0.0053,=5937
="930652",CS电子,2015-06-05,=0.0617,=13801.8400,=0.4070,=70.8549,=0.9996,=21.2056,=33.8173,=43.2208,=51.6564,=71.5815,=7.8247,=1,=2.2039,=3.1461,=3.6478,=4.7600,=7.8247,=4.1780,=1,=1.4014,=2.0216,=2.2955,=3.0378,=4.1780,=0.0249,=0.0838,=0.0162,=0.0048,=477
="930910",农牧渔,2016-12-12,=0.0011,=8107.3800,=-0.1870,=71.1089,=0.7423,=13.2246,=20.8538,=29.6248,=97.6120,=30031.8592,=2.1152,=0.0030,=2.0709,=2.4978,=2.9716,=3.6474,=4.9084,=0.9539,=0.0209,=0.8679,=1.0756,=1.4857,=2.0561,=2.7290,=-0.0088,=0.0664,=0.0304,=0.0229,=12
="931643",科创创业50,2021-06-01,=0.0544,=2784.0800,=0.3957,=71.3235,=0.9484,=22.6109,=28.4584,=39.8574,=57.4025,=92.9106,=9.3340,=0.8910,=3.3216,=4.1729,=5.1579,=7.0588,=12.1685,=8.3353,=0.8541,=2.7030,=3.4005,=4.6015,=7.0016,=14.6821,=0.0368,=0.1190,=0.0246,=0.0055,=1957
="000935",中证信息,2009-07-03,=0.0595,=8640.3900,=0.3463,=72.5009,=0.9922,=22.3783,=36.3294,=44.9610,=54.4832,=77.7561,=7.5191,=1,=2.5910,=3.3282,=4.0443,=4.7575,=7.5191,=4.3447,=0.9901,=1.7187,=2.2023,=2.7270,=3.5206,=4.5057,=0.0237,=0.0833,=0.0137,=0.0051,=1118
="931582",数字经济,2020-11-09,=0.0548,=1837.1000,=0.2443,=72.5429,=0.9218,=35.0365,=43.8539,=50.1432,=65.8677,=83.2725,=8.3346,=0.9749,=3.4564,=4.8948,=5.6537,=6.5849,=9.8458,=7.3717,=0.7780,=2.4970,=3.8836,=5.8377,=7.6113,=11.8341,=0.0236,=0.0954,=0.0158,=0.0040,=183
="399993",CSWD生科,2015-05-08,=-0.0024,=2183.9200,=-0.1620,=73.2154,=0.7939,=31.0960,=44.1993,=56.6720,=73.5075,=122.8633,=3.1235,=0.0664,=2.5928,=3.6529,=6.1586,=7.6052,=15.2283,=6.2189,=0.1319,=4.8204,=6.7276,=9.3260,=14.2805,=21.1379,=0.0163,=0.0356,=0.0147,=0.0112,=68
="930633",中证旅游,2015-05-08,=0.0130,=2446.7400,=-0.2630,=73.9460,=0.4060,=15.8968,=21.8368,=1950.4152,=-51.0196,=11171.4579,=2.1211,=0.1575,=1.6473,=2.1752,=2.3661,=2.8097,=3.6934,=1.1317,=0.0144,=1.0607,=1.3321,=1.6097,=2.5762,=3.7607,=0.0208,=-0.0128,=-0.0016,=0.0087,=605
="000993",全指信息,2011-08-02,=0.0601,=11493.9400,=0.3543,=74.3574,=0.9011,=27.3163,=42.0292,=52.3604,=67.7451,=96.2351,=7.5445,=1,=2.5265,=3.2907,=4.0171,=4.7036,=7.5445,=4.4681,=0.9369,=1.8009,=2.3376,=2.8253,=3.4663,=5.4447,=0.0221,=0.0751,=0.0134,=0.0048,=4074
="980080",成长100,2012-12-28,,,=0.4303,=74.4797,=1,=39.4731,=44.7287,=49.2988,=58.0062,=74.4797,=8.3961,=1,=3.0437,=3.6126,=5.4107,=6.6307,=8.3961,=5.2920,=1,=2.0191,=2.3993,=2.9225,=4.3137,=5.2920,=0.0481,=0.1452,=0.0254,=0.0033,=185
="930875",空天军工,2016-08-17,=0.0110,=2271.9500,=-0.0610,=75.7529,=0.8586,=27.3832,=45.4265,=55.4374,=73.2938,=98.7933,=4.1193,=0.6396,=2.4052,=3.1527,=3.6167,=4.9443,=7.9650,=3.7287,=0.5043,=2.1274,=2.8899,=3.7057,=4.5347,=7.7673,=0.0090,=0.0567,=0.0104,=0.0057,=104
="931866",中证机床,2022-05-09,=0.0651,=2822.7000,=0.5741,=76.8482,=1,=28.6086,=36.8366,=40.4133,=53.2135,=76.8482,=8.2123,=1,=2.8302,=3.7435,=4.2856,=5.0325,=8.2123,=6.6677,=1,=2.4023,=3.1536,=3.4208,=4.1502,=6.6677,=0.0321,=0.1022,=0.0244,=0.0048,=155
="1000007",创业板全指,2010-05-01,=0.0485,=4632.9300,=0.1844,=76.9597,=0.7057,=33.8134,=48.2400,=61.0232,=100.0107,=334.2333,=5.0702,=0.7721,=2.3083,=3.3593,=4.0482,=5.2262,=6.6514,=4.4260,=0.5936,=2.1439,=3.2922,=4.1201,=5.5794,=8.9790,=0.0212,=0.0638,=0.0178,=0.0069,=1920
="H30318",科技传媒通信150,2014-04-15,=0.0661,=4747.6400,=0.5441,=77.2083,=0.9979,=19.8534,=28.8631,=38.1374,=49.8496,=78.8621,=11.1158,=1,=2.0037,=2.4801,=3.5091,=4.3101,=11.1158,=5.8006,=1,=1.2409,=1.8640,=2.3043,=2.7730,=5.8006,=0.0368,=0.1091,=0.0211,=0.0036,=40
="930790",CS娱乐TI,2016-03-22,=0.0168,=1176.7500,=-0.1723,=78.0676,=0.7853,=17.3299,=32.7501,=48.9825,=79.9430,=245.3480,=2.3860,=0.3983,=1.6576,=2.1340,=2.5539,=3.1189,=3.8872,=2.6380,=0.1338,=2.2057,=2.7907,=3.2405,=4.0374,=5.0752,=0.0124,=0.0200,=0.0156,=0.0151,=15
="399019",创业200,2023-11-15,=0.0481,=4984.6600,=0.0964,=79.1332,=0.4116,=45.1604,=59.6118,=85.3712,=110.6510,=137.0675,=3.7676,=0.7289,=1.8905,=2.4424,=3.1948,=3.8733,=4.4299,=3.6029,=0.8529,=1.7802,=2.2940,=2.8225,=3.3990,=3.9712,=0.0165,=0.0404,=0.0111,=0.0070,=84
="932088",全指航空,2023-03-23,=-0.0035,=768.4500,=-0.1247,=79.2047,=0.6692,=36.9197,=48.8249,=66.7807,=88.5359,=116.5746,=3.6240,=0.6667,=2.3948,=3.0285,=3.3824,=3.8856,=4.9751,=3.3207,=0.3449,=2.2988,=2.9046,=3.5773,=4.0624,=4.9356,=0.0077,=0.0470,=0.0092,=0.0061,=38
="931469",云计算50,2020-06-12,=0.0467,=4217.4900,=0.1387,=79.5835,=0.7641,=43.1726,=58.3765,=68.4354,=81.9843,=130.8911,=10.8805,=1,=3.0031,=3.8761,=5.0925,=6.1438,=10.8805,=6.0253,=0.9972,=2.2186,=2.8542,=3.4848,=4.2256,=6.2441,=0.0385,=0.1212,=0.0175,=0.0023,=61
="932038",央企科技引领,2022-11-16,=0.0435,=1897.8700,=0.2681,=83.3597,=0.8879,=31.0707,=37.7174,=44.7833,=75.6831,=100.6860,=5.7528,=0.9387,=2.7684,=3.4563,=3.9658,=4.8366,=6.8336,=6.0200,=0.9214,=2.3932,=3.1333,=3.8957,=5.2884,=6.9314,=0.0105,=0.0636,=0.0096,=0.0053,=35
="930851",云计算,2016-07-20,=0.0430,=6482,=-0.0002,=84.9549,=0.6886,=37.0632,=52.8614,=67.5175,=96.4471,=313.0672,=9.2304,=0.9991,=2.7148,=3.6039,=4.2880,=5.3784,=9.4756,=6.0025,=0.9983,=1.6839,=2.4250,=3.1149,=3.7323,=6.1877,=0.0301,=0.0896,=0.0112,=0.0024,=459
="970070",创业板人工智能,2024-07-11,=0.0728,=8577.2100,=0.4465,=87.7217,=0.6409,=48.3861,=71.4282,=80.8836,=94.3790,=119.1606,=13.8113,=0.9978,=3.3467,=5.0211,=6.0599,=9.6249,=13.8181,=10.9437,=0.9892,=3.4016,=4.9401,=5.9883,=8.9410,=11.5141,=0.0381,=0.1206,=0.0167,=0.0030,=222
="931144",通信技术,2019-05-30,=0.0769,=4603.9700,=0.9775,=92.6511,=0.9813,=22.8153,=30.3904,=36.5908,=50.2654,=113.1406,=13.7560,=1,=2.5671,=3.1049,=3.6703,=4.7278,=13.7560,=8.4243,=1,=1.6428,=2.1010,=2.4753,=3.3742,=8.4243,=0.0432,=0.1354,=0.0299,=0.0024,=248
="CN5082",国证航天,2015-02-16,,,=-0.1614,=94.6587,=0.7467,=44.4252,=58.7080,=73.0296,=113.0568,=173.9279,=3.8966,=0.6363,=2.1924,=2.8248,=3.3443,=4.3646,=5.7727,=3.7885,=0.6812,=1.9232,=2.5659,=3.3658,=4.1058,=6.0090,=0.0055,=0.0382,=0.0066,=0.0051,=19
="931521",高装细分50,2020-07-08,=0.0067,=2910.6000,=-0.1249,=97.7944,=0.8032,=33.8051,=48.4434,=56.9568,=96.2126,=160.3029,=4.0751,=0.4748,=2.5146,=3.4306,=4.1399,=5.0055,=6.8876,=4.1817,=0.3186,=2.7226,=3.8911,=4.4218,=5.0877,=6.7300,=0.0050,=0.0438,=0.0069,=0.0050,=78
="931247",中证信创,2012-12-21,=0.0357,=1501.8600,=0.0261,=99.7517,=0.1764,=66.5979,=101.2563,=203.0651,=275.5903,=369.3964,=6.6919,=0.9530,=2.7947,=3.4796,=4.6720,=5.8418,=7.4810,=5.2971,=0.9239,=2.8203,=3.4076,=4.1072,=4.8393,=6.0696,=0.0271,=0.0400,=0.0016,=0.0033,=96
="000683",科创生物,2022-05-09,=-0.0071,=928.9900,=-0.1338,=104.2338,=0.1116,=31.4909,=159.6149,=1979.2100,=-210.9240,=97054.3385,=5.6153,=0.5940,=4.0903,=4.8793,=5.4133,=6.3099,=7.9611,=8.8703,=0.1266,=7.6079,=9.2255,=10.3299,=11.4606,=14.1963,=0.0094,=0.0457,=0.0035,=0.0030,=54
="930902",中证数据,2016-10-18,=0.0403,=2929.6700,=-0.0813,=106.5986,=0.7211,=37.6891,=57.1356,=78.3917,=122.2465,=366.0842,=4.1707,=0.5846,=2.4001,=3.4197,=3.9853,=4.6815,=5.5171,=2.8377,=0.1736,=2.0473,=2.8842,=3.3851,=4.1657,=7.0542,=0.0025,=0.0339,=0.0011,=0.0039,=242
="H30202",软件指数,2013-07-15,=0.0251,=12122.0500,=-0.1960,=106.6156,=0.6055,=45.1036,=65.7516,=91.5241,=155.6957,=372.5263,=4.5677,=0.2148,=2.9348,=4.5143,=5.4325,=6.6183,=8.8705,=6.1856,=0.3240,=3.9010,=5.4106,=6.8738,=8.0760,=13.5560,=0.0053,=0.0344,=-0.0039,=0.0068,=318
="930601",中证软件,2015-03-10,=0.0244,=5109.1000,=-0.1874,=107.2860,=0.7440,=29.3378,=51.8564,=79.5610,=128.9417,=302.4908,=4.9104,=0.5800,=2.7207,=3.9641,=4.6707,=5.7188,=7.7476,=5.9234,=0.7564,=2.8007,=4.0731,=4.9559,=6.0894,=9.8975,=0.0078,=0.0385,=-0.0029,=0.0065,=389
="980076",通用航空,2012-12-28,=0.0085,=3176.8600,=-0.1439,=108.4495,=0.6667,=69.9916,=80.1439,=100.9932,=128.6865,=158.1149,=3.9538,=0.7417,=2.7445,=3.2083,=3.5220,=4.1257,=5.1513,=4.7714,=0.7444,=3.4358,=4.0799,=4.3003,=4.9528,=6.3273,=0.0066,=0.0297,=0.0083,=0.0041,=57
="932438",科创创业机器人,2025-05-16,=0.0484,=1846.5000,=0.1426,=109.5389,=1,=67.6486,=76.9264,=83.3532,=92.1194,=109.5389,=6.0649,=0.6832,=4.9598,=5.2841,=5.6592,=6.1892,=6.8835,=6.4129,=0.6603,=5.2672,=5.7420,=6.0574,=6.6238,=7.4199,=0.0153,=0.0666,,=0.0033,=55
="CN5075",国证信创,2015-02-16,,,=0.2527,=109.8765,=0.7008,=39.3034,=49.7703,=76.4184,=123.8786,=152.0158,=9.0588,=0.9967,=3.0386,=3.5512,=5.1553,=7.1504,=9.3745,=6.8459,=0.9967,=2.8415,=3.6693,=4.3832,=5.4135,=7.0749,=0.0268,=0.0598,=0.0136,=0.0023,=28
="000858",500信息,2013-11-06,=0.0540,=13759.8700,=0.3056,=113.6391,=0.9728,=25.3805,=43.9766,=64.2459,=89.0236,=209.3531,=6.6208,=0.9988,=2.1626,=2.9041,=3.3886,=3.9447,=6.7548,=7.0846,=1,=1.1229,=1.9074,=2.6874,=3.6054,=7.0846,=0.0212,=0.0505,=0.0070,=0.0029,=350
="932456",科创创业AI,2025-05-14,=0.0612,=3927.3500,=0.3499,=114.1627,=0.3233,=95.3901,=110.5189,=117.5284,=140.3144,=192.3777,=15.0461,=1,=6.1464,=7.4591,=10.3175,=11.4365,=15.0461,=15.5857,=0.7707,=9.0747,=11.1991,=14.6184,=15.7268,=18.3647,=0.0437,=0.0985,,=0.0021,=44
="000698",科创100,2023-08-07,=0.0516,=1989.2500,=0.3644,=122.2272,=0.1495,=60.6995,=130.6816,=215.9500,=254.8226,=337.2511,=7.1900,=0.9942,=2.7397,=3.5900,=4.1670,=5.7078,=7.3691,=7.8502,=0.7373,=4.0312,=5.0887,=6.1499,=8.3635,=10.0837,=0.0093,=0.0369,=0.0028,=0.0029,=543
="399020",创业小盘,2023-11-15,=0.0467,=1970.4600,=0.1084,=126.7391,=0.3740,=48.5170,=81.0899,=150.0763,=213.2149,=256.8495,=3.9368,=0.8812,=1.8521,=2.4401,=3.2057,=3.7661,=4.3734,=3.9376,=0.8780,=1.9895,=2.5699,=3.1754,=3.7797,=4.2999,=0.0115,=0.0199,=0.0104,=0.0053,=12
="950161",科创新药,2024-08-23,=-0.0101,=1063.6800,=-0.1340,=127.1372,=0.0252,=113.6689,=-631.8937,=-145.3649,=-89.9599,=1578.9342,=7.7040,=0.2890,=4.9324,=6.6008,=8.8681,=10.4689,=12.9042,=9.9892,=0.1697,=8.4204,=10.1328,=12.4881,=14.4202,=17.6998,=0.0059,=0.0403,=-0.0091,=0.0015,=20
="932000",中证2000,2023-08-11,=0.0347,=3480.1700,=0.0865,=131.1873,=0.6175,=44.0427,=58.0855,=83.9136,=154.6822,=228.3990,=2.8588,=0.8102,=1.5089,=1.9691,=2.3367,=2.8535,=3.3036,=2.3735,=0.8628,=1.1809,=1.5469,=1.8200,=2.3241,=2.6726,=0.0098,=0.0154,=0.0097,=0.0072,=1157
="H30007",芯片产业,2012-12-20,=0.0587,=4658,=0.4710,=134.4825,=0.9518,=24.2382,=40.3144,=69.2003,=111.2253,=186.5687,=10.1625,=0.9951,=1.9412,=3.6288,=4.4764,=7.1273,=11.2654,=14.6154,=0.9979,=1.5871,=3.6704,=6.4746,=8.1731,=15.5355,=0.0230,=0.0446,=0.0109,=0.0011,=520
="000690",科创成长,2022-11-04,=0.0715,=2792.9000,=0.4896,=135.9614,=0.7285,=26.4295,=44.2101,=82.1585,=155.9738,=288.8500,=15.0897,=0.9817,=3.7827,=4.8410,=5.4747,=11.6222,=16.1376,=16.6858,=0.9187,=2.7510,=3.9928,=5.0830,=14.0364,=19.2028,=0.0188,=0.1043,=0.0143,=0.0014,=132
="980017",国证芯片,2015-02-17,=0.0599,=18523.8300,=0.4601,=137.3673,=0.9395,=30.3742,=55.5610,=79.0832,=106.1395,=227.4136,=10.9552,=1,=3.1638,=4.0850,=5.6873,=7.3967,=10.9552,=15.8122,=0.9994,=3.6283,=5.7723,=6.6372,=7.9503,=15.9563,=0.0146,=0.0397,=0.0130,=0.0010,=2588
="H30184",半导体,2013-07-15,=0.0609,=14060.7300,=0.5280,=140.2551,=0.9885,=33.2056,=51.7038,=76.9447,=105.7935,=154.8888,=10.0168,=0.9765,=2.5082,=3.4224,=4.8001,=7.3469,=12.2763,=15.0572,=0.9984,=1.3963,=2.6456,=6.9025,=9.2640,=15.6416,=0.0203,=0.0527,=0.0094,=0.0013,=3315
="990001",中华半导体芯片,2019-03-18,=0.0600,=17718.2600,=0.4657,=140.6380,=0.9704,=33.1780,=61.2261,=84.6238,=114.7565,=160.7761,=9.8403,=0.9863,=3.1429,=4.2582,=5.3062,=7.3757,=10.9977,=14.6318,=0.9972,=3.3238,=6.0767,=7.1012,=9.2144,=15.6060,=0.0177,=0.0410,=0.0101,=0.0011,=1376
="932087",集成电路,2023-03-29,=0.0675,=1627.6100,=0.4371,=142.5059,=0.6907,=46.1239,=98.8475,=131.5612,=150.5586,=195.7770,=9.2914,=0.9884,=3.1405,=3.8779,=5.1239,=6.8990,=10.1351,=14.3744,=0.9871,=5.8347,=7.5578,=8.9536,=11.5361,=15.9312,=0.0203,=0.0481,=0.0079,=0.0013,=38
="931743",半导体材料设备,2012-12-21,=0.0458,=9302.5100,=0.8066,=158.4187,=1,=30.1973,=39.4415,=59.5402,=81.2080,=158.4187,=12.2221,=1,=2.5588,=3.3769,=4.2222,=6.5648,=12.2221,=17.9471,=1,=2.5903,=3.1490,=3.8164,=10.2323,=17.9471,=0.0198,=0.0706,=0.0130,=0.0012,=238
="000699",科创200,2024-08-20,=0.0499,=1774.9300,=0.3449,=178.7682,=0.1831,=128.9087,=180.2181,=254.6560,=313.1780,=388.1174,=5.0280,=0.8741,=1.9770,=3.0092,=3.5508,=4.6558,=5.6033,=7.4880,=0.8238,=3.3605,=5.0788,=5.9443,=7.3202,=8.3761,=0.0066,=0.0165,=0.0029,=0.0040,=135
="931865",中证半导,2019-03-20,=0.0487,=8266.7800,=0.6704,=190.9221,=0.9969,=32.8138,=44.7023,=72.8139,=116.9853,=198.4690,=13.0433,=0.9969,=3.3892,=4.1389,=5.1338,=7.2737,=13.4762,=21.6369,=0.9979,=6.4190,=7.6856,=8.6620,=13.2654,=22.3560,=0.0168,=0.0580,=0.0153,=0.0009,=201
="000682",科创信息,2021-08-16,=0.0558,=2829.3500,=0.4191,=198.5687,=1,=41.6131,=59.5668,=92.3151,=130.8071,=198.5687,=11.4422,=1,=3.3247,=4.3437,=5.3371,=6.4770,=11.4422,=16.9108,=1,=5.5790,=7.2873,=8.8570,=11.3205,=16.9108,=0.0200,=0.0432,=0.0072,=0.0014,=100
="000680",科创综指,2025-01-20,=0.0489,=2128.5800,=0.3005,=199.3825,=0.3095,=115.7401,=183.5449,=212.0877,=233.3795,=278.5830,=6.8401,=0.9821,=3.4337,=3.9371,=5.1235,=5.7709,=7.1640,=8.8507,=0.9792,=4.7291,=5.4480,=7.0105,=7.8749,=9.3145,=0.0091,=0.0262,=0.0033,=0.0027,=201
="1000014",科创板全指,2019-07-22,,,,=201.5353,=0.8827,=34.6058,=58.3504,=76.7533,=128.7560,=267.8356,=6.8086,=0.8821,=2.4875,=3.7783,=4.8467,=6.4153,=9.5957,=8.8528,=0.7510,=3.3799,=5.1821,=6.4620,=9.7758,=14.1086,=0.0091,=0.0255,=0.0035,=0.0027,=1289
="000688",科创50,2020-07-23,=0.0512,=1748.3300,=0.3006,=206.7435,=1,=35.5957,=42.5028,=70.5851,=109.4221,=206.7435,=8.6484,=0.9972,=2.9443,=4.1723,=4.8417,=6.7332,=9.0182,=10.6916,=0.9054,=3.1319,=4.5522,=5.5252,=9.1180,=13.2586,=0.0135,=0.0347,=0.0045,=0.0021,=7882
="950180",科创AI,2024-07-25,=0.0465,=2549.7600,=0.1346,=212.8820,=0.9604,=66.2784,=98.4998,=140.5843,=168.4484,=271.3436,=15.7119,=1,=3.9039,=5.9531,=8.9736,=11.2784,=15.7119,=24.6251,=1,=6.3298,=9.3696,=13.3380,=16.2684,=24.6251,=0.0274,=0.0670,=0.0163,=0.0014,=211
="931594",卫星产业,2020-12-22,=0.0114,=1057.4200,=-0.0634,=222.3295,=0.7766,=44.5603,=95.7887,=129.1091,=229.9491,=428.4930,=6.1514,=0.9442,=2.3588,=3.0494,=3.5043,=3.9812,=7.6413,=8.7220,=0.9313,=3.4655,=4.5303,=5.1416,=6.0410,=11.4514,=0.0019,=0.0317,=0.0057,=0.0026,=168
="950162",科创芯片设计,2024-07-26,=0.0645,=2677.5900,=0.4393,=234.5266,=0.2269,=161.6128,=226.9073,=268.3472,=386.5454,=687.1301,=16.2280,=0.9912,=4.2582,=7.5770,=8.8358,=12.6885,=16.7714,=26.1699,=1,=8.7765,=14.4417,=16.5489,=20.9695,=26.1699,=0.0309,=0.0713,=0.0107,=0.0012,=51
="000689",科创材料,2022-08-15,=0.0643,=1781.0600,=0.4691,=234.5408,=1,=38.7753,=45.2378,=78.8333,=146.0105,=234.5408,=7.0801,=1,=1.9307,=2.6018,=3.1877,=4.4234,=7.0801,=8.9692,=1,=2.1963,=3.1245,=4.0194,=5.2909,=8.9692,=0.0126,=0.0258,=0.0058,=0.0023,=33
="950125",科创半导体材料设备,2024-07-26,=0.0503,=4008.2300,=0.8658,=248.2163,=1,=70.4245,=116.3225,=127.3289,=159.1973,=248.2163,=12.5332,=1,=2.8469,=4.7477,=5.2796,=6.6004,=12.5332,=26.6188,=1,=7.2923,=10.8915,=12.7652,=14.6575,=26.6188,=0.0075,=0.0371,=0.0094,=0.0009,=114
="000685",科创芯片,2022-06-13,=0.0608,=4141.5100,=0.5847,=254.0634,=1,=42.1555,=66.8027,=116.7932,=176.7581,=254.0634,=12.5211,=1,=3.1235,=4.0550,=5.0599,=6.6771,=12.5211,=24.1853,=1,=7.4796,=10.0359,=12.1528,=14.7057,=24.1853,=0.0152,=0.0415,=0.0074,=0.0007,=469
="980018",卫星通信,2015-02-17,=0.0062,=5138.6300,=-0.0385,=364.8470,=0.9415,=23.6003,=28.9134,=39.8280,=56.7422,=1063.4314,=6.9918,=0.9962,=1.7225,=2.0534,=2.5561,=4.2421,=7.7241,=9.1036,=1,=1.5054,=1.8035,=2.2929,=3.1019,=9.1036,=0.0054,=0.0181,=0.0298,=0.0015,=118
="H30182",计算机,2013-07-15,=0.0251,=6329.3200,=-0.1739,=411.6930,=0.8405,=33.2527,=55.1898,=100.8852,=276.7654,=65313.4473,=4.0519,=0.4782,=2.4295,=3.5788,=4.0922,=4.6426,=5.8765,=3.9798,=0.3779,=2.3635,=3.5821,=4.1481,=4.7460,=7.6223,=-0.0024,=0.0033,=-0.0042,=0.0050,=50
="930781",中证影视,2016-02-04,=0.0138,=1384.7800,=-0.1810,=620.5043,=0.6117,=16.7066,=43.1495,=198.3230,=-60.8596,=6083.5065,=1.8654,=0.0767,=1.4352,=2.0530,=2.3896,=3.4129,=6.3013,=4.0703,=0.4427,=2.7079,=3.4931,=4.3427,=5.5144,=10.5203,=0.0049,=0.0185,=0.0219,=0.0107,=179
="950333",智选创新价值,2024-09-25,=0.0288,=2790.4600,=0.2279,=1116.8292,=0.4140,=62.6254,=107.9315,=-3629.3200,=-258.4138,=5158.8110,=4.4808,=1,=1.6564,=2.1448,=2.3994,=2.9137,=4.4808,=5.3319,=1,=1.6015,=2.1278,=2.5072,=3.0154,=5.3319,=-0.0002,=-0.0164,=-0.0030,=0.0025,=13
="931992",疫苗生物,2013-07-15,=0.0003,=1035.8600,=-0.1419,=4934.3200,=1,=26.1322,=60.9601,=87.5321,=125.6509,=4934.3200,=2.7507,=0.2544,=2.2475,=2.6944,=3.0438,=3.6583,=5.0256,=4.9655,=0.3351,=3.7134,=4.6837,=5.1744,=5.5686,=6.4257,=0.0112,=0.0013,=0.0085,=0.0109,=28
="931151",光伏产业,2019-04-22,=0.0242,=3022.1600,=0.0575,=-526.6741,=0.9117,=9.5087,=20.4016,=38.0150,=68.6408,=2491.4939,=2.5207,=0.4711,=1.5562,=1.9235,=2.6406,=4.4987,=6.9801,=2.2522,=0.6178,=0.8897,=1.2433,=1.7983,=3.2402,=5.9137,=0.0016,=0.0012,=0.0005,=0.0069,=2713
="1000009",深圳B股,1994-01-10,=0.0110,=1146.2600,=-0.0936,=-141.8800,=0.9893,=6.5509,=10.0230,=16.1565,=22.6812,=61.4680,=0.7426,=0.5161,=0.5585,=0.6590,=0.7356,=0.9630,=1.4530,=0.4698,=0.4617,=0.3544,=0.4194,=0.4861,=0.6814,=1.0969,,=0.0028,=0.0115,=0.0337,=203
="000692",科创新能,2023-04-03,=0.0386,=1216.5200,=0.0509,=-60.7643,=0.6624,=13.9124,=18.7723,=112.7773,=-44.7002,=279.8956,=2.7974,=0.8021,=1.4486,=1.7863,=2.2016,=2.7957,=4.0229,=1.8610,=0.7490,=0.8667,=1.1537,=1.4332,=1.9054,=2.6157,=-0.0018,=-0.0642,=-0.0138,=0.0036,=34
="931025",港股通地产,2017-11-06,=-0.0046,=1735.6000,=0.0917,=-54.3562,=0.7340,=1.3998,=5.4475,=8.2766,=-2.9479,=7833.8201,=0.4887,=0.4858,=0.0757,=0.2098,=0.5025,=0.8778,=1.4256,=0.9060,=0.8397,=0.0508,=0.1430,=0.5405,=0.8766,=1.5776,,=-0.0074,,=0.0363,=11
="399393",国证地产,2012-08-20,=0.0006,=2630.5300,=-0.1569,=-5.7951,=0.9971,=6.3321,=8.5850,=15.6638,=57.5075,=115902.4187,=0.7766,=0.1109,=0.5768,=0.8450,=1.0963,=1.7759,=2.5183,=0.5633,=0.3689,=0.3699,=0.5176,=0.6568,=1.2056,=1.7471,=-0.0014,=-0.0767,=0.0012,=0.0107,=1430
="931775",房地产,2013-07-15,=0.0061,=2558.0100,=-0.1423,=-4.6669,=1,=7.0141,=8.9821,=18.2170,=-135.3385,=1490.8370,=0.7940,=0.1554,=0.5750,=0.8411,=1.0840,=1.7407,=2.4742,=0.5877,=0.3730,=0.3617,=0.5329,=0.6860,=1.2612,=1.8650,=-0.0040,=-0.1024,=-0.0027,=0.0060,=927
="000816",细分地产,2012-04-11,=0.0067,=2368.9000,=-0.1391,=-4.2702,=1,=6.1299,=8.3282,=15.7473,=203.3590,=2488.2259,=0.7579,=0.1451,=0.5599,=0.8162,=1.0697,=1.8100,=2.5676,=0.5249,=0.3046,=0.3390,=0.4956,=0.6289,=1.1761,=1.7076,=-0.0038,=-0.1018,=-0.0024,=0.0050,=7
="399965",800地产,2012-12-21,=-0.0024,=2059.4700,=-0.2198,=-3.0026,=1,=5.5394,=8.0041,=14.1293,=34.4735,=59.7245,=0.5305,=0.0016,=0.5234,=0.7181,=1.0217,=1.7611,=2.5596,=0.3254,=0.0087,=0.2881,=0.4110,=0.5540,=1.1326,=1.6493,=-0.0020,=-0.0854,=0.0007,=0.0068,=200
="399983",地产等权,2013-11-22,=-0.0106,=1516.2400,=-0.2558,=-1.9589,=1,=5.0058,=7.3313,=10.5626,=17.1978,=75.5023,=0.4270,=0,=0.4270,=0.5972,=1.0978,=1.8694,=2.8135,=0.2518,=0.0062,=0.2209,=0.3550,=0.5012,=1.0466,=1.5710,=-0.0053,=-0.0924,=-0.0025,=0.0051,=1007
=".NDX",纳斯达克100指数,1969-12-31,,,,,,,,,,,,,,,,,,,,,,,,,,,=0.0751,,=4385

数据来源于：理杏仁网站(lixinger.com)