指数代码,指数名称,发布时间,涨跌幅,收盘点位,今年以来涨跌幅,PE-TTM(当前值),PE-TTM(分位点%),PE-TTM(最小值),PE-TTM(20%分位点值),PE-TTM(50%分位点值),PE-TTM(80%分位点值),PE-TTM(最大正值),PB(当前值),PB(分位点%),PB(最小值),PB(20%分位点值),PB(50%分位点值),PB(80%分位点值),PB(最大正值),PS-TTM(当前值),PS-TTM(分位点%),PS-TTM(最小值),PS-TTM(20%分位点值),PS-TTM(50%分位点值),PS-TTM(80%分位点值),PS-TTM(最大正值),净资产收益率(ROE)(2026Q1),净资产收益率(ROE)(2025Q4),净资产收益率(ROE)(2025Q1),股息率,关注度
="931039",银行AH,2017-12-06,=0.0025,=12430.9120,=-0.0270,=5.8740,=0.7835,=3.2016,=4.0763,=5.2062,=5.9017,=7.9938,=0.5538,=0.4336,=0.3790,=0.4566,=0.5662,=0.7134,=1.0569,=2.2048,=0.8327,=1.0856,=1.4318,=1.7461,=2.1349,=2.9053,,=0.0881,,=0.0497,=98
="H11146",港股通内地金融,2010-06-02,=-0.0006,=1115.2096,=0.0150,=6.0359,=0.5063,=3.2759,=4.5177,=6.0122,=6.7500,=9.2347,=0.6125,=0.3960,=0.3797,=0.4938,=0.6695,=0.8765,=1.1859,=1.5591,=0.7596,=0.6692,=0.9478,=1.2957,=1.5980,=2.1885,,=0.0970,,=0.0479,=40
="930792",HK银行,2016-04-22,=-0.0033,=4833.0387,=0.0996,=6.7001,=0.7836,=3.2659,=4.4645,=5.8483,=6.7741,=9.5632,=0.6520,=0.5668,=0.3905,=0.4964,=0.6253,=0.8010,=1.0771,=2.5488,=0.8859,=1.0519,=1.5167,=1.8533,=2.3926,=3.1066,,=0.0901,,=0.0472,=754
="HSSCSOY",恒生港股通中国央企红利指数,2023-06-01,=-0.0035,=4192.5600,=0.0427,=6.7645,=0.7201,=4.1647,=4.6318,=5.6500,=6.9850,=7.8218,=0.6276,=0.5895,=0.4381,=0.4946,=0.5909,=0.6872,=0.7455,=1.0605,=0.9987,=0.5323,=0.5950,=0.7412,=0.9339,=1.0639,,=0.0921,,=0.0526,=239
="H30106",H300金融服务,2013-05-21,=-0.0043,=1551.5308,=0.0269,=6.8046,=0.4617,=4.0175,=5.3642,=6.9684,=7.7688,=11.1922,=0.7298,=0.4662,=0.4470,=0.5777,=0.7434,=0.9083,=1.2489,=1.9450,=0.8366,=0.8557,=1.1816,=1.4636,=1.8850,=2.3593,,=0.1014,,=0.0457,=20
="399986",中证银行,2013-07-15,=0.0049,=7231.4100,=-0.0489,=6.9731,=0.8318,=4.1183,=5.2599,=6.2808,=6.8485,=9.0846,=0.6634,=0.3621,=0.4848,=0.5836,=0.7194,=0.8984,=1.2416,=2.6176,=0.8759,=1.4134,=1.7842,=2.1412,=2.5012,=3.3016,=0.0226,=0.0881,=0.0236,=0.0422,=9558
="931024",港股通非银,2017-11-06,=-0.0021,=3826.3598,=-0.1082,=7.2126,=0.0038,=6.7549,=8.6217,=11.0939,=13.3685,=22.4310,=0.9816,=0.3760,=0.6237,=0.8481,=1.0476,=1.2233,=1.7592,=1.2078,=0.7879,=0.5870,=0.8751,=1.0134,=1.2278,=2.2002,,=0.1344,,=0.0406,=193
="000018",180金融,2007-12-10,=0.0045,=5259.5800,=-0.1146,=7.2973,=0.4157,=5.2016,=6.4287,=7.4973,=8.3012,=10.8609,=0.7423,=0.2598,=0.5902,=0.6965,=0.8737,=1.0696,=1.4199,=2.1912,=0.7893,=1.2355,=1.5824,=1.9484,=2.2066,=2.8772,=0.0229,=0.0959,=0.0245,=0.0398,=776
="931233",港股通央企红利,2017-06-28,=-0.0048,=1180.4089,=0.0125,=7.3170,=0.7507,=3.6988,=4.9551,=6.3334,=7.4458,=14.0775,=0.6883,=0.5974,=0.3929,=0.5222,=0.6448,=0.8612,=1.8161,=0.9934,=0.5520,=0.4645,=0.6218,=0.9475,=1.3906,=1.7583,,=0.0906,,=0.0511,=451
="399809",保险主题,2015-02-13,=0.0079,=2128.5700,=-0.2022,=7.3374,=0.3142,=5.4537,=6.8114,=10.5318,=15.0245,=22.8725,=0.7857,=0.2573,=0.6352,=0.7658,=1.2252,=1.4858,=1.9794,=2.1371,=0.9208,=0.5239,=0.8688,=1.0970,=1.5043,=2.3772,=0.0227,=0.1015,=0.0246,=0.0395,=1493
="000818",细分金融,2012-04-11,,,=-0.1218,=7.3810,=0.3852,=5.2356,=6.4974,=7.6851,=8.4810,=10.9951,=0.7508,=0.2569,=0.5930,=0.7010,=0.8906,=1.0928,=1.4303,=2.2356,=0.7814,=1.2689,=1.6354,=1.9851,=2.2602,=2.9111,=0.0231,=0.0956,=0.0246,=0.0393,=7
="987016",港股通红利低波,2021-11-18,,,=0.1244,=7.4394,=0.9079,=3.4544,=4.2997,=4.9236,=6.7742,=8.0054,=0.6873,=0.8681,=0.4152,=0.4874,=0.5386,=0.6594,=0.7529,=1.2117,=0.9033,=0.5827,=0.6594,=0.7932,=1.1076,=1.3012,,=0.0893,,=0.0519,=153
="HSMCHYI",恒生中国内地企业高股息率指数,2019-09-01,=-0.0004,=2983.2300,=0.0720,=7.4624,=0.9322,=3.7550,=5.0474,=5.8164,=6.7563,=7.9027,=0.7479,=0.8248,=0.4590,=0.5786,=0.6400,=0.7390,=0.8175,=1.1344,=0.9220,=0.5101,=0.6879,=0.7968,=0.9106,=1.2126,,,,=0.0501,=279
="H11140",香港红利,2009-07-23,=-0.0088,=3987.6793,=0.0938,=7.5038,=0.7561,=3.0693,=4.4554,=5.9842,=8.0659,=13.9623,=0.7083,=0.5867,=0.3833,=0.5103,=0.6296,=0.8659,=1.1652,=1.1938,=0.6783,=0.5431,=0.7464,=0.9724,=1.4912,=2.1349,,=0.0912,,=0.0524,=46
="HSHDYI",恒生高股息率指数,2012-12-10,=-0.0012,=1305.6400,=0.0237,=7.6137,=0.7599,=3.6777,=4.8612,=6.6082,=7.8179,=10.6953,=0.6988,=0.5416,=0.4041,=0.5046,=0.6482,=0.9078,=1.1746,=1.1063,=0.5351,=0.5013,=0.7008,=1.0658,=1.5005,=1.9871,,,,=0.0535,=915
="HSHYLV",恒生港股通高股息低波动指数,2017-05-08,=-0.0048,=4524.5100,=0.0126,=7.7016,=0.8500,=3.5572,=4.6435,=5.9867,=7.2034,=9.5068,=0.6935,=0.6670,=0.3828,=0.4851,=0.5805,=0.8153,=1.1073,=0.9286,=0.5647,=0.4386,=0.6557,=0.8494,=1.4148,=2.0623,,,,=0.0524,=1510
="000914",300金融,2007-07-02,=0.0051,=5910.4700,=-0.1202,=7.7215,=0.4528,=5.2769,=6.6022,=7.8371,=8.6017,=11.3863,=0.7474,=0.2515,=0.5962,=0.7048,=0.9120,=1.1328,=1.4919,=2.1036,=0.8107,=1.1210,=1.4310,=1.8122,=2.0914,=2.7052,=0.0223,=0.0897,=0.0236,=0.0388,=342
="931157",SHS红利成长LV,2019-04-25,=0.0002,=7181.0085,=-0.0367,=7.8537,=0.6534,=4.1261,=5.5915,=6.9134,=8.3348,=11.5318,=0.7863,=0.4387,=0.5154,=0.6258,=0.8083,=0.9242,=1.5888,=1.5364,=0.9212,=0.5018,=0.7114,=1.0381,=1.4083,=1.6439,,=0.0964,,=0.0484,=334
="932596",港股通红利低波,2016-02-04,,,=0.0813,=7.8548,=0.2114,=7.4451,=7.8456,=8.0674,=8.2851,=8.5745,=0.7367,=0.5200,=0.6528,=0.6978,=0.7312,=0.7596,=0.7956,=1.3122,=0.3371,=1.2161,=1.2816,=1.3276,=1.3605,=1.4099,,=0.0894,,=0.0495,=92
="HSSCHKY",恒生港股通高股息率指数,2019-11-01,=-0.0116,=2696.4700,=0.0883,=7.8681,=0.9342,=3.8979,=4.9489,=5.8758,=7.2037,=8.4533,=0.7021,=0.8449,=0.4277,=0.5171,=0.5777,=0.6833,=0.8197,=1.2243,=0.8997,=0.5333,=0.6967,=0.8753,=1.1207,=1.3442,,,,=0.0511,=492
="H30270",红利价值,2013-12-19,=0.0021,=9603.6529,=0.0075,=7.8745,=0.7498,=4.4543,=5.4312,=6.7570,=8.7127,=13.0955,=0.7899,=0.5755,=0.5256,=0.6487,=0.7634,=1.2456,=1.7317,=1.5959,=0.9764,=0.5854,=0.8115,=0.9993,=1.2966,=1.6637,=0.0235,=0.0936,=0.0240,=0.0422,=198
="930914",港股通高股息,2016-11-25,=-0.0084,=5211.8231,=0.0608,=7.8868,=0.8101,=3.4280,=4.4201,=5.9213,=7.8179,=11.1979,=0.7599,=0.7019,=0.3979,=0.5022,=0.6150,=0.8526,=1.1764,=1.2496,=0.7939,=0.5144,=0.7042,=0.9223,=1.2571,=2.2126,,=0.0918,,=0.0510,=705
="930992",沪港深红利低波,2017-06-28,,,=-0.0027,=7.9386,=0.8407,=4.0130,=5.1560,=5.8774,=7.7512,=8.5109,=0.7403,=0.8407,=0.4277,=0.5369,=0.5903,=0.7240,=0.7950,=1.1743,=0.7790,=0.4496,=0.6002,=0.8536,=1.1867,=1.3912,,=0.0878,,=0.0500,=48
="000934",中证金融,2009-07-03,=0.0050,=5507.5100,=-0.1215,=7.9817,=0.4606,=5.7083,=6.8944,=8.0854,=8.8714,=11.5527,=0.7549,=0.2482,=0.6117,=0.7181,=0.9180,=1.1488,=1.5017,=2.1039,=0.8210,=1.1467,=1.4503,=1.8023,=2.0801,=2.6696,=0.0220,=0.0873,=0.0231,=0.0379,=1153
="HSSCHYS",恒生港股通红利优选指数,2023-06-01,=0.0009,=5064.8100,=0.0905,=7.9820,=0.8143,=4.2457,=4.7281,=5.7776,=7.7938,=9.0746,=0.7452,=0.8345,=0.4429,=0.4987,=0.5830,=0.7377,=0.8283,=1.2195,=0.9987,=0.6036,=0.6744,=0.8767,=1.0350,=1.2224,,,,=0.0581,=86
="HSCSOE",恒生中国央企指数,2023-01-01,=-0.0004,=3900.9200,=0.0851,=8.1324,=0.8979,=4.9972,=5.5477,=6.1521,=7.7368,=8.5526,=0.7798,=0.8836,=0.5264,=0.5922,=0.6332,=0.7554,=0.8375,=0.9666,=0.9002,=0.5404,=0.5945,=0.6673,=0.8628,=1.0234,,=0.0956,,=0.0470,=112
="000992",全指金融,2011-08-02,=0.0053,=5272.1200,=-0.1196,=8.2080,=0.4788,=5.9310,=7.1022,=8.2690,=9.0288,=11.6339,=0.7574,=0.2445,=0.6188,=0.7234,=0.9266,=1.1610,=1.5107,=2.0885,=0.8124,=1.1568,=1.4432,=1.8064,=2.0773,=2.6668,=0.0217,=0.0846,=0.0227,=0.0373,=2703
="000029",180价值,2009-01-09,=-0.0012,=4085.9800,=-0.0825,=8.2965,=0.7089,=5.6894,=6.9075,=7.8870,=8.5069,=10.8138,=0.7943,=0.1621,=0.6666,=0.8038,=0.8607,=1.0653,=1.4433,=1.0779,=0.8260,=0.6198,=0.7825,=0.9447,=1.0691,=1.4032,=0.0228,=0.0896,=0.0243,=0.0410,=559
="H50040",上红低波,2014-03-21,=0.0026,=10972.9340,=-0.0049,=8.3392,=0.7592,=4.6938,=5.9512,=7.0856,=9.6645,=14.3118,=0.8323,=0.4932,=0.5647,=0.6911,=0.8349,=1.3609,=1.8756,=1.6248,=0.9740,=0.6380,=0.8684,=1.2015,=1.4003,=1.6845,=0.0234,=0.0936,=0.0244,=0.0426,=361
="H30269",红利低波,2013-12-19,=0.0003,=11050.5681,=-0.0169,=8.3412,=0.7489,=4.5638,=5.5488,=6.8767,=9.4786,=14.4342,=0.8415,=0.5584,=0.5386,=0.6570,=0.8016,=1.3872,=1.9670,=1.6121,=0.9744,=0.6111,=0.8850,=1.0973,=1.4162,=1.6703,=0.0236,=0.0946,=0.0236,=0.0433,=4317
="931446",东证红利低波,2020-04-21,=0.0025,=3331.4715,=-0.0323,=8.4576,=0.7757,=5.1478,=6.1762,=7.1323,=8.5361,=11.0216,=0.8008,=0.6170,=0.5884,=0.6956,=0.7644,=0.8723,=1.2481,=1.5331,=0.9648,=0.5909,=0.7544,=0.8875,=1.3224,=1.5979,=0.0224,=0.0895,=0.0240,=0.0422,=846
="931130",红利成长低波,2018-12-04,,,=-0.0270,=8.5483,=0.7493,=4.4465,=5.5778,=7.8218,=8.7201,=11.5512,=0.8470,=0.3535,=0.5279,=0.6245,=0.9005,=1.0302,=1.5803,=1.8854,=0.7823,=0.3109,=0.8137,=1.3194,=1.9158,=2.5957,=0.0231,=0.0934,=0.0229,=0.0427,=148
="931479",证券保险,2020-05-06,=0.0057,=860.7545,=-0.1900,=8.5498,=0.0014,=8.4973,=11.8495,=13.4778,=15.5243,=21.1012,=1.1408,=0.1109,=1.0296,=1.2245,=1.3773,=1.5658,=2.2844,=1.5550,=0.6105,=1.0318,=1.2721,=1.4566,=1.7898,=2.2879,=0.0256,=0.1317,=0.0302,=0.0313,=36
="000922",中证红利,2008-05-26,=-0.0006,=5629.9739,=0.0229,=8.5734,=0.7872,=5.1762,=6.0245,=7.6566,=8.6151,=11.2156,=0.8251,=0.4470,=0.5911,=0.7110,=0.8520,=1.1086,=1.4999,=1.2677,=0.8643,=0.6332,=0.7726,=1.0440,=1.2282,=1.7101,=0.0233,=0.0895,=0.0228,=0.0422,=20088
="000821",300红利,2012-07-20,=-0.0033,=6661.7560,=-0.0016,=8.6882,=0.8470,=4.9998,=6.1944,=7.5603,=8.4536,=10.9286,=0.8430,=0.4153,=0.5725,=0.7140,=0.8698,=1.0796,=1.4919,=1.4098,=0.9105,=0.6098,=0.7993,=1.0656,=1.3199,=1.6963,=0.0235,=0.0916,=0.0239,=0.0432,=998
="000063",上证周期,2010-02-03,=0.0023,=3598.6200,=-0.1131,=8.6926,=0.5332,=5.4761,=7.1362,=8.5980,=9.4385,=12.4946,=0.8883,=0.3344,=0.6668,=0.8368,=0.9613,=1.1068,=1.4831,=1.5461,=0.9109,=0.8113,=1.0636,=1.2494,=1.4446,=1.7571,=0.0245,=0.0975,=0.0256,=0.0381,=206
="H30035",300非银,2012-12-21,=0.0060,=9002.3883,=-0.1928,=8.7471,=0.0008,=8.6966,=12.9360,=15.1693,=19.3628,=26.3489,=1.1587,=0.0594,=1.0544,=1.3133,=1.6266,=2.0481,=2.4387,=1.5847,=0.4000,=1.0410,=1.4185,=1.7199,=1.9729,=2.3917,=0.0253,=0.1294,=0.0297,=0.0305,=1206
="000151",上国红利,2012-07-20,=-0.0062,=1679.0600,=0.0991,=8.7833,=0.9761,=4.5075,=5.3657,=6.9455,=7.7490,=10.0345,=0.7671,=0.5369,=0.5268,=0.6189,=0.7535,=0.9661,=1.3272,=1.0854,=0.5031,=0.6026,=0.8953,=1.0834,=1.3107,=1.6854,=0.0218,=0.0803,=0.0258,=0.0426,=217
="000015",红利指数,2005-01-04,=-0.0051,=3268,=0.0758,=8.7955,=0.9567,=4.6646,=5.5108,=7.0875,=8.0445,=10.4439,=0.8335,=0.6062,=0.5525,=0.6398,=0.7659,=1.0179,=1.3875,=1.4803,=0.9456,=0.7277,=0.8913,=1.1357,=1.3346,=1.6890,=0.0233,=0.0885,=0.0212,=0.0406,=14188
="399373",大盘价值,2010-01-04,=-0.0009,=7959.8500,=-0.0716,=8.9633,=0.7307,=5.4746,=6.8623,=8.3615,=9.1146,=11.9914,=0.8961,=0.4120,=0.6410,=0.8033,=0.9452,=1.1408,=1.5001,=1.1447,=0.8066,=0.5920,=0.7817,=0.9283,=1.1426,=1.4541,=0.0236,=0.0939,=0.0248,=0.0425,=329
="000824",国企红利,2012-07-20,=-0.0033,=2195.6557,=0.0351,=8.9812,=0.9447,=4.8847,=5.9406,=7.3385,=8.4246,=10.7823,=0.8560,=0.5464,=0.5610,=0.6880,=0.8277,=1.0592,=1.4469,=1.3070,=0.8656,=0.5370,=0.7016,=0.9865,=1.2535,=1.6834,=0.0232,=0.0892,=0.0226,=0.0418,=941
="000919",300价值,2008-01-21,=0.0009,=5011.9338,=-0.0576,=8.9893,=0.6990,=5.9577,=7.3283,=8.4469,=9.2438,=12.2376,=0.8842,=0.3023,=0.6917,=0.8497,=0.9395,=1.1480,=1.5388,=1.0993,=0.7786,=0.6314,=0.7861,=0.9060,=1.1062,=1.3421,=0.0228,=0.0921,=0.0242,=0.0405,=4323
="931644",800红利,2024-03-15,,,=0.0290,=8.9946,=0.7291,=6.4729,=7.3281,=8.3176,=9.0523,=9.4757,=0.8676,=0.5918,=0.7001,=0.7712,=0.8601,=0.9074,=0.9431,=1.3153,=0.8887,=0.8423,=0.9260,=1.1308,=1.2938,=1.3602,=0.0236,=0.0906,=0.0231,=0.0431,=31
="930955",红利低波100,2017-05-26,=-0.0028,=11544.0023,=-0.0210,=9.0081,=0.8399,=5.0805,=6.0692,=7.4211,=8.6125,=11.5013,=0.8818,=0.6337,=0.5792,=0.6661,=0.8276,=0.9899,=1.3722,=1.3598,=0.8043,=0.5888,=0.7774,=0.9905,=1.3549,=1.7525,=0.0234,=0.0928,=0.0257,=0.0447,=2165
="930740",300红利LV,2018-12-04,=-0.0046,=7020.3367,=-0.0208,=9.0204,=0.8686,=5.4153,=6.8262,=7.5194,=8.6592,=9.6903,=0.8998,=0.6438,=0.6159,=0.7719,=0.8574,=0.9460,=1.0604,=1.3748,=0.7152,=0.6725,=0.8566,=1.0779,=1.4898,=1.9253,=0.0239,=0.0932,=0.0223,=0.0427,=619
="399805",互联金融,2015-02-10,=0.0130,=2888.4600,=-0.2495,=9.1213,=0.1320,=7.5943,=9.7437,=11.4286,=13.1628,=16.5816,=0.9334,=0.0965,=0.7644,=1.0456,=1.4159,=1.7258,=2.0317,=1.7509,=0.7579,=1.1667,=1.4082,=1.6145,=1.7935,=2.2636,=0.0238,=0.0940,=0.0248,=0.0358,=328
="399966",800证保,2012-12-21,=0.0056,=5381.3000,=-0.1862,=9.1951,=0.0004,=9.1408,=13.6894,=15.9952,=19.7375,=27.1945,=1.1644,=0.0577,=1.0619,=1.3113,=1.6086,=2.0408,=2.4366,=1.7094,=0.4416,=1.1634,=1.5249,=1.7805,=2.0457,=2.5211,=0.0247,=0.1256,=0.0286,=0.0294,=174
="H30588",中证证保,2015-02-02,=0.0055,=913.6824,=-0.1863,=9.1983,=0.0004,=9.1443,=13.6449,=16.0880,=19.5891,=27.6808,=1.1632,=0.0478,=1.0752,=1.3108,=1.6151,=2.0366,=2.4238,=1.7120,=0.4445,=1.1673,=1.5178,=1.7652,=2.0128,=2.5500,=0.0246,=0.1254,=0.0286,=0.0294,=470
="000825",央企红利,2012-07-20,=-0.0064,=3398.8206,=-0.0158,=9.2750,=0.9546,=4.7369,=6.0940,=7.3072,=8.3815,=10.5687,=0.8866,=0.5670,=0.5507,=0.6915,=0.8600,=0.9983,=1.3929,=1.2341,=0.8359,=0.6009,=0.8548,=1.0647,=1.2180,=1.7357,=0.0224,=0.0902,=0.0228,=0.0414,=346
="HSCCI",恒生香港中资企业指数,1997-06-16,=0.0008,=4339.0500,=0.0806,=9.3216,=0.5880,=4.8859,=6.8728,=8.8773,=11.7874,=16.1208,=0.8822,=0.5311,=0.5567,=0.7305,=0.8673,=1.1687,=1.3660,=1.0029,=0.5282,=0.5555,=0.7802,=0.9883,=1.3582,=1.5178,,=0.0951,,=0.0537,=33
="000968",300周期,2010-05-28,,,=-0.1063,=9.3353,=0.5505,=6.1174,=7.8172,=9.1553,=10.2896,=13.3562,=0.9179,=0.3167,=0.7021,=0.8484,=1.0047,=1.1784,=1.5550,=1.5423,=0.8557,=0.8459,=1.0834,=1.2644,=1.4914,=1.8297,=0.0243,=0.0922,=0.0244,=0.0363,=98
="931848",800红利低波,2024-05-21,=0.0006,=3199.8336,=0.0109,=9.3495,=0.6499,=7.4155,=8.2149,=9.0851,=9.4803,=9.7854,=0.9247,=0.5312,=0.7315,=0.8622,=0.9205,=0.9704,=1.0024,=1.3582,=0.5755,=1.1714,=1.2333,=1.3481,=1.3824,=1.5428,=0.0237,=0.0929,=0.0230,=0.0421,=146
="HSML25",恒生中国(香港上市)30指数,2003-01-20,=-0.0019,=8737.6900,=-0.0766,=9.4477,=0.5896,=5.7712,=7.9342,=9.0679,=10.2891,=13.0207,=1.0293,=0.3486,=0.7256,=0.9437,=1.0795,=1.2097,=1.5098,=1.7100,=0.7802,=0.9123,=1.1541,=1.4188,=1.7362,=2.4187,,=0.1051,,=0.0351,=270
="932305",智选高股息,2024-09-30,=-0.0024,=11675.8654,=0.0462,=9.4904,=0.8177,=7.0143,=7.4852,=8.3449,=9.4503,=10.9391,=1.0449,=0.4458,=0.8750,=0.9236,=1.0520,=1.0856,=1.1675,=0.5238,=0.0025,=0.5232,=0.7277,=0.7835,=1.2758,=1.3342,=0.0253,=0.1000,=0.0324,=0.0597,=311
="H30356",800价值,2014-06-09,=0.0020,=6264.7428,=-0.0574,=9.6510,=0.6895,=6.4024,=7.6960,=9.0458,=9.9531,=13.4784,=0.9403,=0.3983,=0.7030,=0.8627,=0.9875,=1.1717,=1.6287,=1.0717,=0.7830,=0.5868,=0.7388,=0.8828,=1.0833,=1.3738,=0.0232,=0.0908,=0.0237,=0.0387,=32
="950090",50AH优选,2015-12-10,=0.0011,=5906.7447,=-0.0444,=9.7629,=0.7830,=6.3188,=7.9116,=8.6537,=9.8342,=13.5010,=1.0221,=0.4754,=0.7914,=0.9497,=1.0281,=1.1234,=1.5403,=1.3201,=0.9340,=0.6574,=0.8481,=0.9515,=1.0628,=1.4553,,=0.1007,,=0.0372,=2000
="HSCESI",恒生中国企业精明指数,2015-06-08,=-0.0019,=12005.4700,=-0.0653,=9.8104,=0.7628,=6.0524,=7.9081,=8.6567,=10.0571,=15.8114,=1.0233,=0.5458,=0.6924,=0.8958,=1.0070,=1.1579,=1.7191,=1.3777,=0.7526,=0.8034,=0.9995,=1.0894,=1.4384,=2.0876,,=0.1052,,=0.0345,=93
="930723",沪港深F100,2015-08-05,=-0.0063,=4967.4838,=-0.0238,=9.8188,=0.6772,=5.4557,=7.5729,=9.0302,=10.1685,=13.1279,=0.9670,=0.4252,=0.6469,=0.8477,=1.0095,=1.1158,=1.4626,=1.2697,=0.7670,=0.6039,=0.8635,=1.0801,=1.2883,=1.6654,,=0.0918,,=0.0389,=151
="932422",A500红利低波,2025-04-09,=-0.0024,=2997.1713,=-0.0341,=9.8194,=0.1667,=9.5190,=9.8695,=10.0814,=10.2346,=10.5846,=0.9946,=0.0355,=0.9733,=1.0238,=1.0421,=1.0567,=1.0978,=1.2758,=0.0816,=1.2431,=1.3017,=1.4243,=1.4724,=1.5336,=0.0241,=0.0948,,=0.0422,=326
="931375",300质量低波,2019-11-25,=0.0096,=15439.4140,=-0.0896,=9.8238,=0.3803,=6.4946,=8.1607,=11.3935,=13.5582,=22.0532,=1.2330,=0.3910,=0.8054,=1.0809,=1.5543,=2.0725,=3.3245,=1.7169,=0.5420,=1.0044,=1.3267,=1.6705,=2.0930,=2.5370,=0.0279,=0.1211,=0.0298,=0.0328,=111
="HSCEI",恒生中国企业指数,1994-08-08,=-0.0020,=8324.5900,=-0.0661,=9.8461,=0.7660,=6.0524,=7.9104,=8.6654,=10.0793,=15.8114,=1.0265,=0.5486,=0.6924,=0.8959,=1.0080,=1.1595,=1.7191,=1.3816,=0.7546,=0.8037,=0.9996,=1.0894,=1.4423,=2.0876,,=0.1052,,=0.0344,=4753
="931069",中金300,2018-02-14,=0.0059,=4673.8345,=-0.0661,=9.8855,=0.6655,=5.9518,=7.5538,=9.2893,=10.4990,=13.6164,=1.0253,=0.4056,=0.7377,=0.9219,=1.0895,=1.3549,=1.8328,=1.3250,=0.7922,=0.6656,=0.8674,=1.1146,=1.3293,=1.7542,=0.0231,=0.0958,=0.0284,=0.0386,=93
="932153",港股通价值策略,2025-04-30,=-0.0021,=1108.4916,=0.0562,=9.8865,=0.2426,=8.1696,=9.7411,=10.1300,=10.3998,=10.9237,=0.8560,=0.2426,=0.7012,=0.8414,=0.8816,=0.9026,=0.9365,=1.0136,=0.3272,=0.8168,=0.9767,=1.0346,=1.0644,=1.1126,,=0.0812,,=0.0421,=10
="930709",香港证券,2015-07-13,=0.0020,=1238.1541,=-0.1218,=9.9107,=0.1628,=6.3679,=10.2245,=12.8139,=14.8886,=24.4010,=0.9115,=0.4007,=0.5308,=0.7588,=0.9629,=1.2457,=1.6136,=3.8099,=0.7154,=1.7834,=2.5970,=3.1590,=4.1596,=5.9903,,=0.0828,,=0.0362,=505
="000042",上证央企,2009-03-30,=0.0014,=1719.5600,=-0.0507,=9.9321,=0.7464,=6.3284,=7.8863,=9.1817,=10.0542,=12.9577,=0.9672,=0.4396,=0.7230,=0.8871,=0.9854,=1.1137,=1.4812,=1.2863,=0.9513,=0.6569,=0.8569,=0.9781,=1.1373,=1.3891,=0.0224,=0.0920,=0.0234,=0.0367,=385
="932431",300质量,2025-03-18,=0.0057,=1916.4239,=-0.0635,=10.0044,=0.2475,=9.4685,=9.9743,=10.1367,=10.3075,=10.6435,=1.0715,=0.0201,=1.0616,=1.1074,=1.1294,=1.1444,=1.1853,=2.1295,=0.1304,=2.0194,=2.1490,=2.2013,=2.2414,=2.3259,=0.0253,=0.1012,=0.0271,=0.0367,=10
="399995",基建工程,2015-03-12,=0.0097,=3713.0100,=-0.0495,=10.0249,=0.7522,=5.8673,=7.3439,=8.2792,=11.0824,=18.8590,=0.6393,=0.0070,=0.5815,=0.7256,=0.8991,=1.3405,=2.1834,=0.1830,=0.2441,=0.1368,=0.1788,=0.2044,=0.3404,=0.5478,=0.0129,=0.0543,=0.0158,=0.0274,=2692
="931722",国新港股通央企红利,2023-09-13,=-0.0089,=1404.0271,=0.0659,=10.0362,=0.8867,=5.5040,=6.6812,=7.6719,=9.4444,=10.8173,=0.9111,=0.8048,=0.6213,=0.7288,=0.8243,=0.9107,=1.0298,=0.6252,=0.8435,=0.3100,=0.3812,=0.4710,=0.6106,=0.6918,,=0.0875,,=0.0506,=353
="000925",基本面50,2009-02-26,=0.0008,=4269.5379,=-0.0755,=10.0397,=0.7827,=6.2635,=7.9688,=9.1135,=10.0947,=12.7955,=0.9686,=0.3414,=0.7306,=0.9013,=1.0556,=1.1921,=1.5728,=1.0694,=0.7109,=0.6037,=0.7864,=0.9667,=1.1046,=1.4866,=0.0227,=0.0882,=0.0241,=0.0382,=4557
="000806",消费服务,2012-02-10,=0.0040,=7508.0812,=-0.1087,=10.0869,=0.2198,=9.0076,=10.0381,=10.8064,=11.8704,=17.0971,=1.0643,=0.0285,=1.0009,=1.1968,=1.3534,=1.5460,=2.0145,=2.1352,=0.5179,=1.6526,=1.9476,=2.1239,=2.3803,=3.0032,=0.0246,=0.1002,=0.0266,=0.0368,=421
="399550",央视50,2012-06-06,=0.0081,=8390.0500,=0.0369,=10.1558,=0.8008,=6.8960,=8.2822,=9.3057,=10.1530,=13.0561,=1.0049,=0.1765,=0.8649,=1.0147,=1.2377,=1.4261,=1.8564,=2.1097,=0.8775,=1.3448,=1.6571,=1.8146,=2.0531,=2.5217,=0.0237,=0.0945,=0.0248,=0.0391,=2273
="000859",国企一带一路,2019-05-16,=0.0085,=1854.7656,=0.0183,=10.1586,=0.0782,=9.4709,=10.6427,=12.5334,=14.5099,=21.0714,=0.9770,=0.0035,=0.9662,=1.1704,=1.4405,=1.7785,=2.1877,=1.1071,=0.9527,=0.4715,=0.5619,=0.7395,=0.8277,=1.1782,=0.0234,=0.0898,=0.0201,=0.0358,=265
="000056",上证国企,2010-01-04,=0.0068,=1207.1100,=-0.0323,=10.1776,=0.6466,=7.2538,=8.8792,=9.7302,=10.7955,=13.3187,=1.1244,=0.5064,=0.8518,=1.0314,=1.1227,=1.2162,=1.5455,=1.6568,=0.9377,=0.7909,=0.9986,=1.1120,=1.2361,=1.7805,=0.0264,=0.1060,=0.0271,=0.0370,=200
="930931",港股通50,2017-01-16,=-0.0030,=3771.5573,=-0.0257,=10.2200,=0.5774,=6.5385,=8.7027,=9.8043,=11.3766,=15.8907,=1.0581,=0.3872,=0.7428,=0.9454,=1.0971,=1.1818,=1.6058,=1.8313,=0.7048,=1.1204,=1.4689,=1.7052,=1.9129,=2.6369,,=0.0979,,=0.0351,=293
="399371",国证价值,2010-01-04,=0.0050,=6963.5400,=-0.0333,=10.2582,=0.7728,=6.4728,=7.8356,=9.0963,=10.4280,=13.0475,=0.9840,=0.4363,=0.7249,=0.8967,=1.0083,=1.2365,=1.5675,=1.0673,=0.7571,=0.5764,=0.7536,=0.8692,=1.0978,=1.3812,=0.0233,=0.0892,=0.0237,=0.0386,=137
="000021",180治理,2008-09-10,=0.0048,=1020.0900,=-0.0626,=10.3471,=0.7241,=6.3364,=8.4357,=9.7148,=10.5850,=13.6109,=1.0861,=0.4454,=0.7542,=0.9755,=1.0973,=1.2187,=1.5847,=1.4187,=0.9563,=0.6625,=0.8519,=0.9540,=1.1442,=1.4979,=0.0243,=0.0995,=0.0258,=0.0377,=165
="931373",股息龙头,2019-11-15,,,=-0.0325,=10.3835,=0.8836,=5.4295,=6.8866,=8.3225,=9.5458,=11.4004,=1.1099,=0.7552,=0.6697,=0.8494,=1.0105,=1.1261,=1.2586,=1.5196,=0.9113,=0.5706,=0.8134,=0.9861,=1.3843,=1.6262,=0.0258,=0.1004,=0.0264,=0.0400,=327
="930957",港股通中国100,2017-06-23,=-0.0020,=3528.7569,=-0.0663,=10.4316,=0.7319,=5.4625,=7.5975,=8.9193,=10.8180,=13.3106,=1.1046,=0.5723,=0.6571,=0.8623,=1.0721,=1.2008,=1.5222,=1.4194,=0.8495,=0.6789,=0.9634,=1.1260,=1.3632,=1.6609,,=0.1031,,=0.0345,=15
="000048",责任指数,2009-08-05,=0.0023,=1329.5000,=-0.0990,=10.4329,=0.4598,=7.8628,=9.5548,=10.5329,=11.7735,=14.1982,=1.1123,=0.1406,=0.9056,=1.1411,=1.2987,=1.4408,=1.7866,=0.9217,=0.8012,=0.5718,=0.6942,=0.8008,=0.9213,=1.0691,=0.0224,=0.0991,=0.0247,=0.0397,=128
="930608",中证基建,2015-03-31,=0.0046,=7721.0730,=-0.0902,=10.4498,=0.4878,=6.6667,=8.6208,=10.5067,=14.2184,=25.2863,=0.7143,=0.0074,=0.6550,=0.8157,=1.1082,=1.4758,=2.2134,=0.2182,=0.1773,=0.1701,=0.2210,=0.3364,=0.4823,=0.7101,=0.0141,=0.0583,=0.0170,=0.0290,=655
="930846",300SNLV,2016-06-24,,,=-0.0073,=10.5149,=0.6842,=7.7900,=9.2070,=10.0844,=10.7402,=12.6275,=1.0341,=0.1892,=0.8340,=1.0368,=1.0951,=1.2273,=1.5027,=1.4854,=0.9094,=0.7711,=0.9523,=1.1610,=1.3322,=1.6864,=0.0237,=0.0917,=0.0233,=0.0386,=149
="930839",港股通高息精选,2016-06-08,=-0.0061,=3385.6710,=-0.0181,=10.6651,=0.6159,=4.9918,=7.1350,=9.3693,=13.2462,=31.7979,=1.3992,=0.7523,=0.7294,=0.9293,=1.0736,=1.5790,=4.8768,=1.2001,=0.4572,=0.3418,=0.5599,=1.2472,=1.9148,=6.3245,,=0.1433,,=0.0504,=374
="399812",养老产业,2014-06-06,=-0.0028,=5116.3000,=-0.1919,=10.6714,=0.0008,=10.6378,=18.0363,=20.4507,=25.3954,=31.4367,=1.5929,=0.0008,=1.5864,=2.0608,=2.8106,=3.2414,=4.2954,=1.3220,=0.0280,=1.2170,=1.4623,=1.6758,=1.8719,=2.5548,=0.0294,=0.1459,=0.0345,=0.0296,=6240
="HSLI",恒生综合大型股指数,2001-10-03,=-0.0033,=2259.7300,=-0.0615,=10.7340,=0.5530,=6.9327,=9.1222,=10.5166,=11.7587,=17.6478,=1.0827,=0.4055,=0.7133,=0.9432,=1.1160,=1.2416,=1.6032,=1.4945,=0.6030,=0.8297,=1.1852,=1.4264,=1.6322,=2.0023,,,,=0.0352,=101
="000901",小康指数,2010-04-02,=0.0020,=5961.7500,=-0.0602,=10.7749,=0.4173,=8.5492,=9.9918,=10.9780,=12.5401,=15.5671,=1.0011,=0.0045,=0.9844,=1.0859,=1.2404,=1.4333,=1.7818,=1.0208,=0.6346,=0.7500,=0.8906,=0.9707,=1.0556,=1.2662,=0.0231,=0.0878,=0.0238,=0.0346,=250
="931052",国信价值,2017-12-08,=0.0091,=3529.0344,=0.0225,=10.8455,=0.9932,=5.3831,=6.5951,=7.4146,=8.7704,=11.0091,=1.3758,=0.9519,=0.7343,=0.9121,=1.0309,=1.1600,=1.5208,=1.7687,=0.9650,=0.6105,=0.9408,=1.2274,=1.4543,=2.0196,=0.0310,=0.1267,=0.0326,=0.0375,=570
="980081",价值100,2012-12-28,,,=0.0280,=10.8470,=0.8399,=7.7317,=8.3364,=8.6379,=10.0799,=11.5920,=1.1860,=0.8287,=0.8413,=0.8847,=0.9298,=1.1280,=1.3448,=1.1159,=0.8427,=0.7580,=0.8053,=0.9338,=1.0464,=1.2118,=0.0275,=0.0995,=0.0251,=0.0455,=389
="HSAHP",恒生沪深港通AH股溢价指数,2007-07-09,=0.0084,=120.6100,=-0.0231,=10.9217,=0.9170,=5.5550,=7.1430,=8.3384,=9.6748,=12.3156,=1.0665,=0.7846,=0.6208,=0.7734,=0.9226,=1.0806,=1.3863,=1.2463,=0.9198,=0.5653,=0.7668,=0.9030,=1.0776,=1.3750,,=0.0958,,=0.0326,=349
="932450",香港现金流,2025-02-28,,,=-0.1184,=10.9874,=0.9175,=6.6300,=8.1023,=9.8295,=10.3900,=12.1695,=0.7685,=0,=0.7685,=0.8563,=1.1779,=1.2879,=1.5038,=0.4747,=0,=0.4747,=0.5260,=0.9050,=1.0510,=1.2561,,=0.0828,,=0.0453,=9
="000016",上证50,2004-01-02,=0.0063,=2842.6900,=-0.0622,=11.1236,=0.7031,=8.3126,=9.6340,=10.4529,=11.5466,=15.1108,=1.1753,=0.2210,=1.0245,=1.1672,=1.2377,=1.3330,=1.6482,=1.5064,=0.9200,=0.8665,=1.0164,=1.1265,=1.2790,=1.6440,=0.0249,=0.1007,=0.0262,=0.0330,=23485
="000052",50基本,2012-01-09,=-0.0022,=2712.0700,=-0.1031,=11.1236,=0.7027,=8.3126,=9.6354,=10.4563,=11.5466,=15.1108,=1.1753,=0.2210,=1.0245,=1.1672,=1.2377,=1.3328,=1.6471,=1.5064,=0.9200,=0.8665,=1.0164,=1.1266,=1.2781,=1.6440,=0.0249,=0.1007,=0.0262,=0.0330,=26
="932457",港股通现金流,2025-02-28,,,=0.0473,=11.2439,=0.7206,=7.5325,=8.8852,=10.1629,=11.4406,=12.3320,=1.1314,=0.1365,=1.0440,=1.1466,=1.2021,=1.3302,=1.5343,=0.9238,=0.2349,=0.7966,=0.9126,=0.9628,=1.2192,=1.4545,,=0.0990,,=0.0429,=41
="000043",超大盘,2009-04-23,=-0.0009,=2490.5800,=-0.0482,=11.4010,=0.5757,=7.5271,=9.4626,=10.9287,=13.3313,=17.2195,=1.2866,=0.2920,=0.9803,=1.2132,=1.3545,=1.5050,=1.9858,=2.1328,=0.9530,=0.6740,=0.8573,=1.2415,=1.5169,=2.3305,=0.0268,=0.1053,=0.0277,=0.0336,=163
="HSISC",恒指港股通指数,2024-03-01,=-0.0034,=3355.5600,=-0.0404,=11.5688,=0.6703,=7.5992,=8.6155,=10.1791,=11.9274,=12.8475,=1.2246,=0.6468,=0.8411,=0.9170,=1.1325,=1.2575,=1.3442,=1.5486,=0.6180,=0.9830,=1.1378,=1.4025,=1.6148,=1.7320,,,,=0.0339,=50
="HSLMI",恒生综合大中型股指数,2015-06-08,=-0.0020,=3877.4900,=-0.0599,=11.5893,=0.6757,=7.0073,=9.2988,=10.5611,=12.3479,=17.7261,=1.1167,=0.5595,=0.6929,=0.9060,=1.0959,=1.2279,=1.5417,=1.3378,=0.7534,=0.6858,=0.9753,=1.1722,=1.3720,=1.6465,,,,=0.0336,=88
="932255",A500红利增长,2025-04-09,,,=-0.0333,=11.5894,=0.6702,=9.2509,=10.3753,=11.0106,=11.8271,=12.2754,=1.3046,=0.5390,=1.0684,=1.2335,=1.3012,=1.3681,=1.4369,=1.9073,=0.6241,=1.3292,=1.6775,=1.7959,=1.9659,=2.0549,=0.0280,=0.1066,,=0.0340,=36
="HSI",恒生指数,1989-03-09,=-0.0037,=24565.9000,=-0.0415,=11.7258,=0.7061,=6.9462,=9.2250,=10.3016,=12.2459,=16.9606,=1.2322,=0.7192,=0.7519,=0.9714,=1.1245,=1.2666,=1.5570,=1.5053,=0.5849,=0.8141,=1.1480,=1.4327,=1.6549,=2.0895,,,,=0.0334,=13492
="931476",ESG 120策略,2020-04-30,=0.0147,=1468.2726,=0.0531,=11.8000,=0.8051,=7.8289,=9.6316,=10.5968,=11.7896,=13.2171,=1.2952,=0.6171,=1.0061,=1.1757,=1.2520,=1.3664,=1.7130,=1.5620,=0.9249,=0.7906,=1.0587,=1.1477,=1.3382,=1.6137,=0.0265,=0.1050,=0.0271,=0.0317,=51
="1000010",上海B股,1994-01-10,,,,=11.9083,=0.1109,=6.8464,=12.9883,=19.1905,=37.2537,=68.1787,=0.9012,=0.1781,=0.7158,=0.9119,=1.0155,=1.2478,=1.7346,=0.6757,=0.6606,=0.3163,=0.4060,=0.5564,=0.7403,=1.2119,,,=0.0164,=0.0437,=129
="000010",上证180,2002-07-01,=0.0128,=9838.8600,=-0.0177,=11.9326,=0.7419,=8.4900,=9.9408,=10.9863,=12.1292,=14.6942,=1.1943,=0.3386,=0.9930,=1.1498,=1.2655,=1.3646,=1.6698,=1.4103,=0.9196,=0.8990,=1.0652,=1.1821,=1.3052,=1.4916,=0.0240,=0.0943,=0.0246,=0.0314,=2498
="931395",沪港深300,2020-01-14,=0.0119,=1733.1692,=0.0057,=12.1767,=0.6836,=8.3275,=10.0238,=10.8461,=12.5562,=16.6490,=1.2439,=0.5457,=0.9663,=1.1028,=1.2177,=1.3706,=1.7241,=1.5629,=0.7738,=0.9881,=1.1725,=1.3185,=1.5839,=1.8801,,=0.0964,,=0.0313,=503
="399313",巨潮100,2005-02-03,=0.0136,=5440,=-0.0013,=12.2157,=0.7645,=8.9278,=10.3423,=11.0811,=12.3628,=16.6101,=1.2816,=0.2969,=1.0718,=1.2402,=1.3353,=1.4929,=1.8501,=1.5688,=0.9344,=0.9844,=1.1491,=1.2632,=1.4343,=1.6915,=0.0250,=0.0999,=0.0255,=0.0300,=209
="930629",CSSW健康,2015-05-08,=0.0036,=4957.2502,=-0.1343,=12.2722,=0.0004,=12.2266,=18.0626,=21.8449,=38.8610,=49.9253,=1.7419,=0.0004,=1.7351,=2.1750,=3.0829,=4.6084,=6.2998,=1.5257,=0.1398,=1.2755,=1.5579,=1.9240,=4.7309,=7.2978,=0.0270,=0.1388,=0.0324,=0.0249,=271
="HSCAIT",恒生A股行业龙头指数,2009-09-21,=0.0054,=5442.3400,=-0.0554,=12.3289,=0.8789,=8.2192,=9.7822,=10.4668,=11.7953,=14.1027,=1.2995,=0.6306,=1.0288,=1.1845,=1.2640,=1.3563,=1.6997,=1.3344,=0.9304,=0.8424,=0.9734,=1.0502,=1.2124,=1.4109,=0.0256,=0.1023,=0.0256,=0.0344,=494
="931586",300价值稳健,2020-11-09,=0.0085,=7360.9812,=-0.0356,=12.5182,=0.7544,=8.1741,=9.6698,=11.1150,=12.7424,=15.0111,=1.4206,=0.6627,=0.9699,=1.1920,=1.3300,=1.5186,=1.6570,=1.4162,=0.8402,=0.7359,=0.8639,=0.9834,=1.0879,=1.5639,=0.0264,=0.1070,=0.0304,=0.0363,=42
="399807",高铁产业,2015-01-20,=0.0072,=1147.9500,=-0.0759,=12.6394,=0.4474,=9.4881,=11.2215,=12.8353,=15.6644,=24.3532,=0.7811,=0.0004,=0.7731,=0.9203,=1.0342,=1.5052,=2.3973,=0.4042,=0.3728,=0.3063,=0.3761,=0.4233,=0.4799,=0.6435,=0.0121,=0.0541,=0.0137,=0.0300,=590
="932039",央企股东回报,2022-11-16,=-0.0019,=1611.6078,=0.0156,=12.8288,=0.9206,=8.0198,=9.6550,=10.9321,=11.9361,=13.8005,=1.2198,=0.8626,=0.8847,=1.0053,=1.1038,=1.1732,=1.4098,=0.8058,=0.9159,=0.3642,=0.4249,=0.5267,=0.6656,=0.8821,=0.0235,=0.0905,=0.0215,=0.0410,=130
="931468",红利质量,2020-05-21,=0.0225,=32553.6481,=0.0332,=12.8615,=0,=12.8615,=16.0656,=18.8794,=22.0653,=36.4689,=2.1830,=0,=2.1830,=2.8724,=3.7797,=4.7233,=8.5636,=2.1724,=0.0805,=1.9811,=2.3473,=2.9218,=3.9587,=5.8829,=0.0381,=0.1637,=0.0476,=0.0318,=1139
="931412",证券公司30,2020-02-20,=0.0042,=1357.2129,=-0.1653,=12.8649,=0.0020,=12.7557,=16.3157,=18.6010,=22.7171,=36.9291,=1.1779,=0.0791,=1.0327,=1.2661,=1.4463,=1.7023,=2.4365,=5.1713,=0.2734,=3.9462,=5.0238,=5.5548,=6.7204,=9.6353,=0.0228,=0.0861,=0.0218,=0.0236,=23
="1000015",港股全指,2000-01-01,=-0.0037,=24565.9000,=-0.0415,=12.8735,=0.6766,=7.5917,=10.2534,=11.3304,=13.5907,=19.1348,=1.0804,=0.5388,=0.6574,=0.8625,=1.0643,=1.1863,=1.5123,=1.1772,=0.6136,=0.6196,=0.8644,=1.0999,=1.2707,=1.5791,,,,=0.0330,=305
="930949",价值回报,2017-02-24,,,=-0.0485,=13.0116,=0.8602,=5.5354,=8.1023,=10.0006,=12.2449,=17.5400,=2.0450,=0.7307,=1.2865,=1.4742,=1.7404,=2.1702,=3.1701,=1.3958,=0.9561,=0.5488,=0.7116,=0.8707,=1.2610,=1.7276,=0.0290,=0.1096,=0.0305,=0.0370,=29
="H30455",沪港深500,2014-11-28,=0.0097,=2617.2732,=-0.0143,=13.0536,=0.7701,=8.5690,=10.3715,=11.4257,=13.2156,=16.8903,=1.3209,=0.5735,=0.9675,=1.1609,=1.2883,=1.4056,=1.7307,=1.5721,=0.8780,=0.9518,=1.1783,=1.3159,=1.5034,=1.7787,,=0.0953,,=0.0298,=526
="931168",绿色价值100,2019-06-27,,,=0.0046,=13.0894,=0.8510,=8.4906,=9.9750,=11.3260,=12.8246,=14.6050,=1.4435,=0.8610,=1.0223,=1.1882,=1.2798,=1.4051,=1.6052,=1.5501,=0.9281,=0.9649,=1.1294,=1.2485,=1.3503,=1.6482,=0.0274,=0.1011,=0.0242,=0.0305,=10
="000044",上证中盘,2009-07-03,=0.0185,=4694.6900,=0.0288,=13.1484,=0.5769,=8.6509,=10.4793,=12.5317,=14.6389,=18.7575,=1.2194,=0.3852,=0.9210,=1.0900,=1.2844,=1.6557,=1.9734,=1.3044,=0.6136,=0.9382,=1.1499,=1.2497,=1.4304,=1.7773,=0.0229,=0.0859,=0.0223,=0.0294,=95
="000028",180成长,2009-01-09,=0.0114,=3784.4400,=-0.0329,=13.1759,=0.3105,=9.5268,=12.0857,=14.4816,=18.2344,=25.1474,=1.7771,=0.1612,=1.5063,=1.8422,=2.6890,=3.1694,=5.1089,=1.8768,=0.8054,=1.1581,=1.4574,=1.6185,=1.8680,=2.3971,=0.0333,=0.1358,=0.0227,=0.0258,=193
="399437",证券龙头,2014-12-30,=0.0033,=5659.8300,=-0.1691,=13.2118,=0.0070,=12.2963,=17.3597,=19.9992,=25.0411,=43.0253,=1.1974,=0.0495,=1.0547,=1.2971,=1.5385,=1.8317,=2.3633,=5.2621,=0.1851,=3.9970,=5.3136,=6.2016,=7.2524,=9.5068,=0.0223,=0.0851,=0.0215,=0.0230,=700
="931397",A股通50,2020-02-20,,,=0.0254,=13.3580,=0.5737,=8.9450,=10.5626,=12.8715,=21.6504,=29.8209,=1.6346,=0.4479,=1.1048,=1.2772,=1.7264,=3.5833,=4.6955,=1.9514,=0.5599,=1.0496,=1.2830,=1.8792,=2.9154,=3.9597,=0.0296,=0.1069,=0.0278,=0.0287,=8
="399314",巨潮大盘,2005-02-03,=0.0164,=5210.8200,=0.0180,=13.6096,=0.8355,=9.6620,=11.1240,=12.0357,=13.4777,=17.5384,=1.3709,=0.3868,=1.0976,=1.2830,=1.4165,=1.5848,=1.9279,=1.5333,=0.8825,=0.9932,=1.1678,=1.3062,=1.4597,=1.8124,=0.0244,=0.0938,=0.0251,=0.0287,=16
="931155",300质量成长,2019-04-22,,,=0.0933,=13.6436,=0.5046,=7.3805,=10.7943,=13.6099,=15.2916,=31.0699,=2.0074,=0.3605,=1.1055,=1.6631,=2.2679,=2.8252,=5.3844,=2.5044,=0.7309,=1.3218,=1.7727,=2.1632,=2.6047,=3.8395,=0.0331,=0.1462,=0.0366,=0.0223,=78
="000971",等权90,2010-12-02,=0.0173,=3405.4801,=0.0138,=13.7555,=0.8112,=8.9747,=10.8921,=11.8443,=13.6938,=19.4330,=1.5133,=0.5829,=1.1544,=1.3256,=1.4389,=1.6219,=2.2329,=1.7499,=0.9584,=1.0052,=1.1464,=1.2601,=1.5330,=1.8600,=0.0259,=0.1045,=0.0271,=0.0275,=9
="931132",诚通央企红利,2023-05-04,=-0.0040,=1642.0504,=0.0119,=13.7769,=0.9040,=9.0905,=10.5771,=11.8938,=12.9529,=15.2313,=1.2959,=0.8480,=0.9482,=1.0892,=1.1828,=1.2322,=1.5338,=0.7853,=0.8973,=0.3626,=0.4244,=0.4775,=0.6142,=0.8835,=0.0249,=0.0916,=0.0215,=0.0405,=33
="931402",证券先锋,2020-01-14,=0.0039,=1717.1214,=-0.1766,=13.8298,=0.0019,=13.6795,=17.7748,=20.8247,=25.8686,=41.4692,=1.1943,=0.0672,=1.0487,=1.2872,=1.4668,=1.7500,=2.4715,=5.3884,=0.2397,=4.0917,=5.3121,=5.9018,=7.0824,=10.0278,=0.0214,=0.0819,=0.0203,=0.0222,=94
="931381",中证长三角,2019-11-25,=0.0149,=2042.4585,=0.0090,=13.8353,=0.7884,=9.1117,=10.6539,=12.0002,=13.8929,=16.1441,=1.3518,=0.5597,=0.9630,=1.1503,=1.3041,=1.5506,=1.8124,=1.8477,=0.9457,=0.8724,=1.0703,=1.2446,=1.5408,=1.9541,=0.0256,=0.0961,=0.0259,=0.0269,=7
="399975",证券公司,2013-07-15,=0.0038,=705.7600,=-0.1723,=13.9202,=0.0186,=12.3959,=18.7096,=21.4877,=26.4841,=46.0250,=1.1918,=0.0478,=1.0494,=1.3023,=1.5613,=1.8755,=2.4199,=5.3928,=0.1880,=4.0997,=5.4194,=6.3253,=7.4089,=10.0865,=0.0211,=0.0810,=0.0201,=0.0220,=9784
="980092",自由现金流,2012-12-28,=-0.0016,=5162.9500,=-0.0417,=13.9704,=0.7053,=11.1075,=12.2040,=12.8886,=14.5161,=16.4362,=1.4396,=0.0193,=1.4157,=1.5051,=1.5916,=1.6694,=1.8134,=0.8881,=0.2198,=0.7577,=0.8771,=0.9480,=0.9815,=1.0805,=0.0285,=0.1047,=0.0263,=0.0336,=1384
="931802",中证龙头,2010-02-09,=0.0107,=1892.2326,=0.0261,=13.9877,=0.7971,=9.1945,=11.3302,=12.3774,=13.9956,=18.2393,=1.8960,=0.8177,=1.2921,=1.4620,=1.6603,=1.8799,=2.6625,=2.0292,=0.8334,=0.9048,=1.0759,=1.3378,=1.9880,=2.7195,=0.0324,=0.1325,=0.0308,=0.0297,=96
="950096",上海国企,2016-05-11,=0.0159,=1336.6067,=-0.1166,=14.0055,=0.6565,=8.9055,=11.0343,=12.5701,=15.1972,=16.5992,=1.0372,=0.3633,=0.7269,=0.8713,=1.1331,=1.5010,=2.0186,=1.1503,=0.8285,=0.5842,=0.6832,=0.8501,=1.1341,=1.2890,=0.0189,=0.0761,=0.0213,=0.0224,=169
="932365",中证现金流,2024-12-11,=-0.0029,=5010.2214,=-0.0489,=14.0133,=0.7604,=10.1873,=10.9284,=11.9127,=14.3084,=15.8261,=1.4804,=0,=1.4804,=1.6844,=1.7860,=1.8865,=2.0150,=1.0660,=0,=1.0660,=1.1944,=1.4104,=1.5175,=1.6205,=0.0286,=0.1155,=0.0394,=0.0387,=656
="931082",A500现金流,2025-07-16,,,=-0.0237,=14.0370,=0.5185,=11.3087,=12.2356,=13.9130,=15.0160,=16.5522,=1.6196,=0,=1.6196,=1.7773,=1.8878,=1.9644,=2.0613,=1.2656,=0,=1.2656,=1.3562,=1.4746,=1.5669,=1.6378,=0.0315,=0.1166,,=0.0394,=118
="932368",800现金流,2024-12-11,=-0.0020,=4909.2406,=-0.0400,=14.0385,=0.7855,=9.9108,=10.8024,=11.6415,=14.2231,=15.6891,=1.4893,=0.0891,=1.4048,=1.5340,=1.6782,=1.8729,=2.0110,=1.1982,=0.3398,=1.0036,=1.1011,=1.3165,=1.3988,=1.5226,=0.0283,=0.1177,=0.0451,=0.0385,=226
="932366",300现金流,2024-11-12,=-0.0087,=3290.2380,=-0.0154,=14.0430,=0.4947,=12.5879,=13.4593,=14.0608,=14.9722,=16.2670,=1.5357,=0,=1.5357,=1.7392,=1.8335,=1.8999,=1.9885,=1.1483,=0.0526,=1.0861,=1.2318,=1.4022,=1.4432,=1.5124,=0.0285,=0.1163,=0.0355,=0.0408,=164
="399439",国证油气,2014-12-30,=-0.0214,=2119.5000,=0.1006,=14.2325,=0.4841,=7.2448,=10.6844,=15.2253,=29.9281,=98.7831,=1.3496,=0.9093,=0.6716,=0.7849,=1.1423,=1.2637,=1.8382,=0.7491,=0.9645,=0.2370,=0.3183,=0.5042,=0.5973,=0.9735,=0.0300,=0.0921,=0.0283,=0.0357,=98
="931248",油气资源,2023-06-12,=-0.0167,=1078.3458,=0.1801,=14.2891,=0.8760,=8.9017,=10.1762,=11.2075,=13.0124,=19.0700,=1.3423,=0.7772,=1.0292,=1.1495,=1.2131,=1.3621,=1.8318,=0.7492,=0.8774,=0.4486,=0.5086,=0.5892,=0.6651,=0.9774,=0.0301,=0.0906,=0.0280,=0.0355,=42
="000300",沪深300,2005-04-08,=0.0187,=4801.8100,=0.0371,=14.3646,=0.8676,=10.0799,=11.6919,=12.6213,=14.1181,=17.6279,=1.4366,=0.4289,=1.1457,=1.3350,=1.4689,=1.6202,=1.9228,=1.5544,=0.9237,=1.0330,=1.1718,=1.3052,=1.4546,=1.7482,=0.0246,=0.0934,=0.0249,=0.0274,=48721
="000908",300能源,2007-07-02,=-0.0360,=2659.8550,=0.1252,=14.3748,=0.5806,=6.9395,=9.4585,=13.2349,=22.1511,=62.7889,=1.4273,=0.9212,=0.7125,=0.8868,=1.1243,=1.2822,=1.8071,=0.8807,=0.9740,=0.3053,=0.3856,=0.5108,=0.6911,=1.0302,=0.0302,=0.1004,=0.0297,=0.0378,=268
="932315",中证红利质量,2024-07-08,=-0.0027,=4191.5176,=-0.0715,=14.5232,=0.3017,=12.3916,=13.5202,=15.6619,=16.6223,=18.7206,=2.5049,=0.2565,=2.1812,=2.3632,=3.1014,=3.9985,=4.4900,=2.7908,=0.3254,=2.0136,=2.1684,=2.9820,=3.1877,=3.5388,=0.0482,=0.1829,=0.0412,=0.0389,=504
="930758",凤凰50,2018-11-21,=0.0261,=8456.4143,=0.0615,=14.5241,=0.6089,=8.6050,=10.8080,=13.4821,=15.7510,=22.7753,=1.6877,=0.5246,=1.0496,=1.4314,=1.6539,=2.0853,=3.0708,=1.9971,=0.8802,=0.3622,=0.7519,=1.3130,=1.8884,=3.4064,=0.0281,=0.1135,=0.0262,=0.0308,=64
="931454",港股通消费,2020-03-06,=-0.0046,=1368.2770,=-0.1113,=14.5500,=0.0006,=14.4081,=20.7049,=27.6048,=37.2244,=64.7193,=2.4339,=0.0013,=2.4102,=3.2008,=3.6499,=5.1276,=8.9519,=1.3191,=0.0006,=1.3063,=1.9559,=2.3915,=3.5993,=6.6047,,=0.1670,,=0.0469,=363
="980028",龙头家电,2015-02-16,=-0.0002,=11799.3700,=-0.0626,=14.6501,=0.5023,=11.8600,=13.7119,=14.6324,=18.6371,=31.1013,=2.4945,=0.0221,=2.3382,=2.6668,=2.9118,=3.6790,=5.1202,=1.3438,=0.5432,=0.9787,=1.2019,=1.3307,=1.4830,=2.2318,=0.0430,=0.1789,=0.0477,=0.0438,=180
="000822",500红利,2012-07-20,,,=0.0442,=14.6701,=0.7621,=7.4138,=9.6102,=11.2677,=17.0465,=26.4578,=1.2083,=0.4495,=0.8670,=1.0202,=1.2384,=1.7328,=2.2876,=0.6713,=0.5703,=0.2906,=0.3999,=0.5822,=1.2217,=1.8159,=0.0233,=0.0658,=0.0188,=0.0369,=38
="H30198",油气产业,2013-07-15,=-0.0132,=2402.3195,=0.1405,=14.8664,=0.5153,=7.8064,=10.8455,=14.1191,=25.4883,=104.2111,=1.3691,=0.9236,=0.6580,=0.8160,=1.1452,=1.2526,=1.8532,=0.7394,=0.9624,=0.2505,=0.3200,=0.4771,=0.5895,=0.9554,=0.0307,=0.0868,=0.0269,=0.0337,=107
="HSCGSI",恒生消费指数,2015-08-17,=-0.0065,=2385.6200,=-0.0759,=14.8708,=0.0081,=14.2396,=17.9442,=20.3555,=46.9799,=191.0166,=2.4869,=0.4153,=1.6557,=2.1412,=2.5823,=3.0646,=4.3429,=1.3328,=0.2808,=0.9965,=1.2542,=1.5540,=1.8502,=2.9413,,,,=0.0447,=821
="H11057",石化产业,2009-07-22,=0,=1327.5184,=-0.0281,=14.9308,=0.6214,=9.0713,=11.9892,=13.9323,=19.4517,=46.6548,=1.5019,=0.8934,=0.9085,=1.1892,=1.3418,=1.4416,=1.9948,=0.8093,=0.9039,=0.4002,=0.4798,=0.6099,=0.7511,=1.0264,=0.0331,=0.0946,=0.0281,=0.0317,=62
="HSSCHKC",恒生港股通香港公司指数,2017-11-20,=-0.0095,=3208.9800,=0.0326,=14.9681,=0.5837,=9.9660,=12.2167,=14.2827,=18.1957,=45.2058,=1.1936,=0.7296,=0.8018,=0.9526,=1.0977,=1.2426,=1.4001,=2.6517,=0.7291,=1.7566,=2.0728,=2.3882,=2.7451,=3.2431,,,,=0.0378,=15
="000955",中证国企,2010-02-09,,,=-0.0264,=15.0611,=0.8272,=10.0979,=11.7062,=12.7317,=14.9172,=16.8119,=1.2494,=0.3951,=1.0210,=1.1826,=1.2941,=1.4479,=1.7591,=1.2885,=0.8173,=0.7969,=0.9757,=1.0895,=1.2781,=1.4527,=0.0213,=0.0765,=0.0217,=0.0272,=40
="000928",中证能源,2009-07-03,=-0.0265,=3546.6500,=0.2036,=15.1652,=0.6412,=6.9612,=9.7906,=13.1596,=21.7093,=68.9647,=1.4438,=0.9357,=0.7281,=0.9359,=1.1492,=1.2979,=1.8006,=0.8972,=0.9744,=0.3162,=0.4106,=0.5298,=0.7014,=1.0383,=0.0289,=0.0960,=0.0282,=0.0356,=1287
="931021",家电龙头,2017-10-17,=0.0058,=17004.1287,=-0.0588,=15.2165,=0.4167,=11.3343,=14.2251,=15.8152,=19.3815,=31.7589,=2.4279,=0.0181,=2.3685,=2.6477,=3.0557,=3.9088,=5.4650,=1.2394,=0.5133,=0.8457,=1.1166,=1.2353,=1.4879,=2.4102,=0.0396,=0.1676,=0.0453,=0.0415,=24
="399324",深证红利,2006-01-24,=0.0023,=8437.5800,=-0.0780,=15.3097,=0.3691,=11.7065,=14.4385,=15.7603,=17.7170,=23.4132,=2.1664,=0.4825,=1.2884,=1.9036,=2.1887,=2.5075,=3.7254,=1.8005,=0.5835,=1.1033,=1.3622,=1.7401,=1.9640,=2.8578,=0.0424,=0.1345,=0.0450,=0.0435,=5219
="931238",SSH黄金股票,2017-10-17,=0.0106,=2768.2998,=-0.1493,=15.3123,=0.0072,=15.0142,=18.5846,=23.6328,=35.8373,=92.1543,=3.0937,=0.9081,=1.4294,=1.8159,=2.0162,=2.3429,=6.0579,=0.9918,=0.9139,=0.3659,=0.4653,=0.5496,=0.6608,=1.9529,,=0.1869,,=0.0210,=323
="HSHK35",恒生香港35,2003-01-20,=-0.0088,=3005.3200,=0.0529,=15.4160,=0.6193,=9.7413,=12.1115,=14.2544,=17.5924,=47.6465,=1.2059,=0.7481,=0.7649,=0.9586,=1.0964,=1.2309,=1.3547,=3.2707,=0.8818,=2.1814,=2.5867,=2.8803,=3.1774,=3.7366,,,,=0.0391,=116
="HSMI",恒生综合中型股指数,2001-10-03,=0.0057,=4724.9200,=-0.0517,=15.4828,=0.9017,=7.1837,=9.6369,=11.2542,=14.6659,=19.0737,=1.2392,=0.8273,=0.6229,=0.7817,=1.0105,=1.2276,=1.5312,=1.0051,=0.9577,=0.4186,=0.5568,=0.6724,=0.8091,=1.0938,,,,=0.0286,=162
="399699",金融科技,2017-06-09,=0.0161,=3494.6800,=-0.2186,=15.5266,=0.0563,=14.0983,=16.7583,=19.4036,=44.6189,=111.6316,=1.7254,=0.1568,=1.2665,=1.8041,=2.2860,=3.4017,=4.4660,=1.4527,=0.2994,=1.0709,=1.3755,=1.6274,=1.9155,=3.0519,=0.0209,=0.1027,=0.0223,=0.0242,=324
="000066",上证商品,2010-04-30,=0.0118,=3901.5900,=0.1062,=15.6397,=0.5538,=7.9120,=11.1675,=15.0773,=23.3361,=53.3084,=1.7154,=0.9559,=0.9403,=1.2106,=1.3353,=1.4930,=2.2405,=0.9881,=0.9596,=0.4082,=0.5256,=0.6498,=0.7733,=1.2223,=0.0347,=0.1091,=0.0303,=0.0307,=76
="000092",资源50,2011-05-10,=0.0078,=4994.5400,=0.0231,=15.6502,=0.5740,=7.9483,=11.3499,=14.9164,=23.0008,=52.0101,=1.7848,=0.9571,=0.9579,=1.2592,=1.3936,=1.5299,=2.3324,=1.0209,=0.9596,=0.4148,=0.5541,=0.6758,=0.7854,=1.2646,=0.0363,=0.1132,=0.0314,=0.0301,=35
="000860",结构调整,2018-03-26,=0.0106,=1262.7400,=0.0314,=15.6539,=0.7109,=9.5233,=12.4459,=13.9207,=16.3799,=20.6443,=1.3988,=0.6129,=1.1018,=1.2868,=1.3708,=1.4551,=1.6430,=0.8953,=0.9618,=0.4658,=0.5861,=0.6762,=0.7867,=0.9608,=0.0222,=0.0831,=0.0231,=0.0320,=142
="000068",上证资源,2010-05-28,=0.0061,=4251.2400,=0.0558,=15.7467,=0.5320,=7.8012,=11.1450,=15.2142,=25.0031,=73.1997,=1.7317,=0.9575,=0.8674,=1.1479,=1.3083,=1.4767,=2.2515,=0.9924,=0.9616,=0.3742,=0.5012,=0.6088,=0.7663,=1.2220,=0.0351,=0.1097,=0.0307,=0.0303,=304
="931404",SHS品牌消费50,2020-02-20,=-0.0029,=2277.1831,=-0.1561,=15.8483,=0.0088,=15.2551,=18.4139,=21.6005,=30.3759,=52.1290,=3.3009,=0.0025,=3.2381,=4.5931,=5.2870,=7.2833,=13.2899,=2.8563,=0.0785,=2.1582,=3.1793,=4.0967,=6.4135,=12.0094,,=0.2165,,=0.0312,=134
="000986",全指能源,2011-08-02,=-0.0281,=2794.1100,=0.1970,=15.9311,=0.6454,=6.8032,=9.9968,=13.3626,=21.6305,=75.0146,=1.4502,=0.9419,=0.7554,=0.9688,=1.1724,=1.3141,=1.7977,=0.9118,=0.9748,=0.3323,=0.4459,=0.5657,=0.7184,=1.0524,=0.0281,=0.0918,=0.0274,=0.0343,=601
="932037",央企现代能源,2022-11-16,=0.0017,=1527.1340,=0.0466,=15.9354,=0.9141,=10.8583,=11.9774,=12.8258,=14.1644,=18.2611,=1.5670,=0.7956,=1.1507,=1.3373,=1.4175,=1.5713,=1.8914,=0.9567,=0.9187,=0.4850,=0.6168,=0.7497,=0.8225,=1.0835,=0.0273,=0.0952,=0.0272,=0.0322,=34
="H30095",医药红利,2013-07-02,,,=-0.1100,=16.0174,=0.0332,=14.6474,=17.2768,=19.7602,=27.1729,=34.8020,=1.6235,=0.0162,=1.4797,=1.8024,=2.4496,=3.1475,=4.2060,=0.9355,=0.1336,=0.7612,=0.9944,=1.5173,=2.0137,=2.8268,=0.0293,=0.1019,=0.0311,=0.0382,=91
="000861",央企创新,2019-05-16,=0.0119,=2664.0934,=0.0381,=16.0464,=0.8751,=10.3360,=12.0186,=13.3867,=15.0157,=18.8086,=1.4381,=0.9282,=1.0351,=1.1865,=1.2970,=1.3857,=1.5975,=0.8444,=0.9621,=0.4544,=0.5191,=0.5825,=0.7303,=0.8999,=0.0222,=0.0826,=0.0232,=0.0304,=265
="399974",国企改革,2014-08-07,=0.0167,=1953.8400,=0.0291,=16.1002,=0.7324,=8.5408,=11.0130,=13.4099,=16.9739,=23.5243,=1.4162,=0.3579,=1.0768,=1.3337,=1.4805,=1.8365,=2.8970,=1.1132,=0.6759,=0.6803,=0.8909,=0.9927,=1.2484,=2.2060,=0.0239,=0.0809,=0.0242,=0.0284,=372
="399375",中盘价值,2010-01-04,=0.0164,=6204.5700,=0.0456,=16.1135,=0.7736,=9.0528,=10.9370,=12.3141,=16.7455,=33.1718,=1.4429,=0.7344,=1.0236,=1.1932,=1.3322,=1.5516,=1.9880,=0.9831,=0.8054,=0.5167,=0.6432,=0.7489,=0.9808,=1.2323,=0.0258,=0.0785,=0.0211,=0.0292,=186
="931068",消费龙头,2018-11-21,=-0.0036,=10706.3876,=-0.1549,=16.2160,=0.0153,=15.6061,=18.3498,=22.9908,=30.0768,=44.3922,=3.0520,=0,=3.0520,=4.1491,=4.7403,=6.5994,=10.3805,=2.0178,=0.0339,=1.8019,=2.6688,=3.2757,=4.1062,=7.0508,=0.0518,=0.2083,=0.0600,=0.0426,=2362
="000805",A股资源,2012-01-06,=0.0181,=7638.7777,=0.0774,=16.2456,=0.5453,=7.9265,=11.4609,=15.6445,=24.5310,=73.5792,=1.8356,=0.9575,=0.9200,=1.1959,=1.3622,=1.5106,=2.3735,=1.0372,=0.9608,=0.3865,=0.5298,=0.6350,=0.7718,=1.2754,=0.0371,=0.1115,=0.0305,=0.0286,=4
="000945",内地运输,2009-10-28,=0.0036,=1368.3131,=-0.0741,=16.3538,=0.1728,=13.9394,=16.4764,=19.4954,=27.8199,=72.7429,=1.2388,=0.0004,=1.2337,=1.4090,=1.5666,=1.7788,=2.4452,=0.7353,=0.3328,=0.5140,=0.6447,=0.9210,=1.4096,=1.9188,=0.0219,=0.0581,=0.0167,=0.0309,=75
="931268",持续发展,2019-11-15,=0.0138,=2253.3026,=0.0183,=16.3555,=0.8473,=14.1354,=14.9913,=15.4888,=16.2581,=17.1877,=2.1513,=0.5763,=1.7338,=1.8275,=1.9143,=2.2594,=2.3440,=1.7698,=0.3740,=1.5998,=1.7185,=1.7904,=1.8188,=1.8598,=0.0313,=0.1256,=0.0323,=0.0295,=18
="000944",内地资源,2009-10-28,=0.0162,=5374.3776,=0.0127,=16.4078,=0.5660,=8.0950,=11.4362,=15.6003,=23.9039,=66.3491,=1.8508,=0.9575,=0.8945,=1.1840,=1.3548,=1.5164,=2.3924,=1.0436,=0.9608,=0.3754,=0.5050,=0.6228,=0.7691,=1.2835,=0.0374,=0.1109,=0.0304,=0.0284,=3
="000961",中证上游,2010-04-16,=0.0162,=5164.6808,=0.0200,=16.4090,=0.5546,=8.3063,=11.4863,=15.6973,=24.9851,=72.6914,=1.8640,=0.9575,=0.9003,=1.1960,=1.3613,=1.5226,=2.4036,=1.0517,=0.9608,=0.3813,=0.5134,=0.6292,=0.7729,=1.2905,=0.0373,=0.1119,=0.0305,=0.0283,=44
="931139",CS消费50,2019-03-20,=-0.0052,=13528.1555,=-0.1521,=16.4551,=0.0371,=15.4419,=18.2366,=24.0837,=30.2107,=47.8630,=2.9513,=0,=2.9513,=4.0422,=5.3470,=7.0861,=12.5456,=2.1266,=0,=2.1266,=2.6157,=3.1870,=4.4684,=9.1270,=0.0528,=0.1922,=0.0638,=0.0466,=2203
="000842",800等权,2012-12-21,,,=0.0132,=16.5427,=0.9212,=10.7808,=12.9023,=14.0890,=15.9203,=18.9686,=1.5834,=0.5592,=1.1816,=1.3959,=1.5514,=1.7186,=1.9628,=1.5866,=0.9559,=1.0117,=1.1472,=1.2950,=1.4774,=1.6631,=0.0241,=0.0890,=0.0237,=0.0242,=160
="000906",中证800,2007-01-15,=0.0210,=5379.1900,=0.0529,=16.5427,=0.9212,=10.7808,=12.9023,=14.0890,=15.9203,=18.9686,=1.5834,=0.5592,=1.1816,=1.3959,=1.5514,=1.7186,=1.9628,=1.5866,=0.9559,=1.0117,=1.1472,=1.2950,=1.4774,=1.6631,=0.0241,=0.0890,=0.0237,=0.0242,=2676
="H11136",中国互联网,2011-09-20,=-0.0031,=3949.7526,=-0.2582,=16.5453,=0.0338,=14.7773,=20.0743,=42.7367,=57.4994,=137.0698,=2.1602,=0.0150,=1.7247,=2.5588,=4.6980,=6.7410,=9.7098,=1.8770,=0.0127,=1.5020,=2.2573,=4.3683,=6.5160,=9.1092,,,,=0.0113,=3350
="930716",CS物流,2015-07-31,=0.0027,=1193.2993,=0.0163,=16.5481,=0.3975,=6.6312,=13.0083,=18.9906,=34.3857,=505.8138,=1.2126,=0.0297,=1.1511,=1.3048,=1.9857,=2.7390,=3.8580,=0.4375,=0.3707,=0.2137,=0.3289,=0.4565,=0.7555,=1.0555,=0.0197,=0.0542,=0.0209,=0.0330,=244
="930697",家用电器,2015-07-07,=0.0074,=12061.4406,=-0.0569,=16.5519,=0.4078,=12.0193,=15.4243,=17.0997,=19.8234,=32.1495,=2.4480,=0.0429,=2.2889,=2.6732,=3.2789,=3.9701,=5.2226,=1.2739,=0.4157,=0.9879,=1.1843,=1.3051,=1.6199,=2.3694,=0.0370,=0.1413,=0.0419,=0.0383,=1732
="931645",1000红利,2024-03-15,,,=-0.0487,=16.5753,=0.9499,=11.2896,=12.4116,=13.6014,=14.7697,=18.1886,=1.1509,=0.2839,=0.9871,=1.1308,=1.1959,=1.2448,=1.3469,=0.7476,=0.4360,=0.5734,=0.6702,=0.7590,=0.8181,=0.8871,=0.0179,=0.0646,=0.0199,=0.0335,=23
="H30533",中国互联网50,2014-12-29,=-0.0022,=7032.2696,=-0.2479,=16.6071,=0.0203,=14.9049,=20.4086,=41.6705,=57.1746,=137.0698,=2.1700,=0.0165,=1.7082,=2.5613,=4.6971,=6.7227,=9.7098,=1.8377,=0.0146,=1.4305,=2.1854,=4.3661,=6.4332,=9.1092,,,,=0.0106,=6786
="930604",中国互联网30,2015-03-23,=-0.0043,=7474.5414,=-0.2513,=16.6697,=0.0254,=14.9187,=20.2331,=42.2916,=59.2813,=131.9396,=2.2041,=0.0131,=1.7582,=2.6111,=4.7983,=7.0824,=10.3841,=1.8401,=0.0158,=1.4482,=2.1988,=4.1736,=6.4486,=9.5870,,,,=0.0103,=633
="H30171",运输指数,2013-07-15,=0.0055,=1509.2497,=-0.0668,=16.7115,=0.2489,=14.1889,=16.3741,=18.0557,=25.4634,=51.4445,=1.2371,=0.0070,=1.1989,=1.3550,=1.5051,=1.6903,=2.3737,=0.6333,=0.2192,=0.5217,=0.6279,=0.8581,=1.1979,=1.9196,=0.0207,=0.0585,=0.0181,=0.0294,=85
="H30089",红利潜力,2013-07-02,=-0.0032,=9293.3005,=-0.0656,=16.7340,=0.4606,=12.7702,=15.7291,=16.9502,=20.7352,=29.7267,=2.6835,=0.6458,=1.4650,=1.9921,=2.4873,=2.9135,=4.3960,=2.2100,=0.8252,=0.7611,=0.9501,=1.7484,=2.1654,=2.8465,=0.0404,=0.1605,=0.0444,=0.0351,=549
="399286",区块链50,2019-12-24,=0.0123,=3392.8300,=-0.1532,=16.7865,=0.0999,=13.8844,=17.9978,=20.8494,=28.7364,=40.1853,=1.8055,=0.1690,=1.4262,=1.8641,=2.1232,=2.7669,=3.6332,=1.7179,=0.3431,=1.3177,=1.5876,=1.8508,=2.0949,=2.8188,=0.0273,=0.0903,=0.0252,=0.0266,=154
="931371",品牌消费100,2019-11-25,,,=-0.1364,=16.9141,=0.1167,=14.6106,=17.5170,=22.5328,=30.6762,=41.6881,=2.8896,=0,=2.8896,=3.7147,=4.6963,=6.5649,=9.5576,=1.8790,=0.0423,=1.7483,=2.1214,=2.7021,=3.8832,=5.3339,=0.0505,=0.1847,=0.0654,=0.0440,=5
="931587",500价值稳健,2020-11-09,=0.0070,=21381.6933,=-0.0257,=16.9320,=0.9503,=9.7530,=12.1851,=14.1306,=15.5098,=19.8926,=1.2974,=0.8026,=0.8925,=1.0543,=1.1537,=1.2940,=1.5437,=0.6215,=0.9118,=0.3384,=0.4590,=0.5110,=0.5802,=0.7126,=0.0221,=0.0672,=0.0198,=0.0353,=78
="399348",深证价值,2009-11-04,=0.0116,=6515.8100,=-0.0010,=17.0493,=0.7452,=9.9756,=12.8084,=14.9077,=17.5422,=21.4453,=1.6443,=0.4012,=1.2527,=1.4911,=1.7235,=2.1177,=2.9268,=1.2542,=0.5893,=0.8306,=1.0363,=1.1851,=1.6175,=2.1193,=0.0245,=0.0871,=0.0201,=0.0277,=294
="000001",上证指数,1991-07-15,=0.0128,=4010.0300,=0.0104,=17.0749,=0.9711,=10.8403,=12.7209,=13.8332,=15.8471,=17.9144,=1.4762,=0.5604,=1.1148,=1.3021,=1.4416,=1.5732,=1.8463,=1.5033,=0.9518,=0.9369,=1.0774,=1.2153,=1.3889,=1.5771,=0.0219,=0.0804,=0.0221,=0.0240,=1408
="399310",国证A50,2005-09-05,=0.0130,=8177.2700,=0.0200,=17.1081,=0.8532,=8.8433,=10.4892,=13.4867,=16.1800,=22.6576,=1.9460,=0.7291,=1.1237,=1.2930,=1.6580,=2.0351,=2.9417,=1.4703,=0.7641,=0.9633,=1.1334,=1.2385,=1.5052,=2.2769,=0.0272,=0.1076,=0.0263,=0.0244,=287
="930796",全球中国互联网,2016-04-22,=-0.0029,=1634.6464,=-0.2489,=17.1471,=0.0177,=15.2629,=21.3088,=39.7189,=53.8907,=115.7107,=2.2648,=0.0180,=1.8023,=2.6749,=4.6724,=6.9373,=9.6202,=1.9370,=0.0177,=1.5064,=2.2919,=3.8650,=6.4798,=9.5215,,=0.1307,,=0.0106,=36
="HSMSI",恒生综合中小型股指数,2015-06-08,=0.0054,=2780.0300,=-0.0589,=17.2455,=0.9256,=7.2058,=10.0582,=12.4154,=15.4365,=18.8438,=1.1889,=0.7765,=0.6157,=0.7686,=1.0042,=1.2086,=1.4952,=0.9094,=0.8931,=0.4020,=0.5319,=0.6807,=0.8376,=1.0389,,,,=0.0281,=161
="000918",300成长,2008-01-21,=0.0236,=5645.6562,=0.1096,=17.2639,=0.6124,=11.6107,=14.2908,=16.6903,=20.6304,=29.9826,=2.4874,=0.3526,=1.8759,=2.2933,=2.7887,=4.3091,=6.1771,=2.6109,=0.8103,=1.1680,=1.5324,=1.7713,=2.5836,=3.9548,=0.0348,=0.1486,=0.0340,=0.0206,=792
="000979",大宗商品,2011-08-22,=0.0142,=7004.3576,=0.0324,=17.3211,=0.5604,=9.9333,=12.8903,=16.3873,=23.2883,=55.6298,=1.8062,=0.9456,=1.1381,=1.3668,=1.4828,=1.6217,=2.3336,=0.9984,=0.9588,=0.4909,=0.5833,=0.6997,=0.8244,=1.2291,=0.0335,=0.1029,=0.0285,=0.0275,=700
="930838",CS高股息,2016-06-08,=0.0044,=6911.2443,=-0.0426,=17.3375,=0.4606,=10.7704,=14.2530,=17.9186,=22.5023,=29.5345,=3.2256,=0.7505,=1.8272,=2.3324,=2.8191,=3.4700,=5.4603,=3.1005,=0.5942,=1.6703,=2.0490,=2.4830,=3.7457,=5.1335,=0.0550,=0.1877,=0.0570,=0.0271,=171
="000909",300材料,2007-07-02,=0.0209,=3722.5770,=-0.0918,=17.3437,=0.4293,=10.2722,=14.5958,=18.2561,=25.4930,=46384.3131,=2.3253,=0.7208,=1.4655,=1.7207,=1.9875,=2.4607,=3.8763,=1.1478,=0.7027,=0.6983,=0.8432,=0.9707,=1.2315,=1.9427,=0.0473,=0.1225,=0.0288,=0.0192,=17
="000046",上证中小,2009-07-03,=0.0222,=5417.1900,=0.0563,=17.3557,=0.7019,=10.5504,=12.1058,=15.2214,=18.3471,=22.4992,=1.4897,=0.5138,=1.0626,=1.2077,=1.4819,=1.8185,=2.0905,=1.4033,=0.7951,=0.8596,=1.0256,=1.1229,=1.4096,=1.6429,=0.0219,=0.0784,=0.0213,=0.0233,=344
="932367",500现金流,2024-11-12,=0.0035,=3549.6879,=-0.0300,=17.3769,=0.6474,=12.7635,=14.0009,=16.6747,=18.4429,=20.8865,=1.8190,=0.6342,=1.5076,=1.6659,=1.7598,=1.9919,=2.3672,=1.1611,=0.3263,=0.8955,=1.1014,=1.2390,=1.2872,=1.4394,=0.0308,=0.1139,=0.0305,=0.0345,=115
="000510",中证A500,2024-09-23,=0.0215,=5981.7800,=0.0601,=17.3769,=0.8418,=12.2476,=14.4518,=15.4337,=17.2229,=18.3286,=1.6716,=0.6375,=1.2883,=1.4904,=1.5822,=1.7092,=1.7791,=1.4914,=0.7932,=1.0081,=1.2165,=1.3172,=1.4969,=1.5731,=0.0241,=0.0887,=0.0240,=0.0241,=2224
="1000004",上海A股,1994-01-01,=0.0128,=4010.0300,=0.0104,=17.4536,=0.9629,=10.8441,=12.9364,=14.2657,=16.1027,=18.4959,=1.4986,=0.5654,=1.1181,=1.3162,=1.4437,=1.5985,=1.8457,=1.5300,=0.9658,=0.9734,=1.0889,=1.2351,=1.3881,=1.6065,=0.0219,=0.0804,=0.0221,=0.0235,=4920
="399398",绩效指数,2012-11-19,=0.0037,=10236.5400,=-0.0340,=17.4651,=0.3885,=9.4274,=11.7202,=18.3600,=21.6274,=36.1591,=2.9476,=0.3027,=1.3119,=1.7666,=3.5798,=4.3854,=6.4752,=3.0586,=0.6507,=1.5230,=2.2089,=2.8759,=3.4328,=5.0073,=0.0495,=0.1771,=0.0433,=0.0384,=22
="399311",国证1000,2005-02-03,=0.0221,=5222.5200,=0.0534,=17.5128,=0.9299,=11.0854,=13.3222,=14.6208,=16.7654,=19.8966,=1.6230,=0.5534,=1.1918,=1.4217,=1.5927,=1.8011,=2.0383,=1.5878,=0.9419,=1.0112,=1.1700,=1.3059,=1.5213,=1.7074,=0.0236,=0.0857,=0.0233,=0.0232,=139
="000150",380红利,2012-07-20,=0.0012,=12165.0300,=0.0525,=17.5267,=0.8742,=5.2545,=8.5513,=12.0903,=16.4820,=19.8070,=1.1932,=0.3600,=0.6172,=0.8678,=1.3605,=1.6844,=2.2592,=0.5255,=0.4726,=0.2775,=0.3623,=0.5447,=1.6840,=2.3204,=0.0206,=0.0377,=0.0185,=0.0395,=43
="931357",优选消费50,2019-11-15,=-0.0013,=2442.0885,=-0.1854,=17.6881,=0.0157,=16.9989,=20.5170,=25.2837,=33.0775,=53.0529,=2.7822,=0.0012,=2.7469,=3.6985,=4.3917,=7.1803,=11.6208,=1.7661,=0.0012,=1.7482,=2.3203,=2.7368,=5.2094,=8.8232,,=0.1689,,=0.0260,=389
="000903",中证A100,2006-05-29,=0.0151,=4659.4500,=0.0386,=17.7519,=0.9814,=9.4390,=11.1586,=12.4856,=14.1246,=18.7565,=1.8069,=0.9287,=1.1800,=1.3779,=1.5135,=1.6671,=1.9625,=1.4357,=0.9035,=0.9660,=1.1007,=1.2134,=1.3716,=1.6207,=0.0253,=0.0942,=0.0251,=0.0265,=3080
="931167",先进制造100,2019-04-25,=0.0109,=7833.6492,=0.0119,=17.7769,=0.8742,=10.3762,=12.9965,=14.2103,=16.7261,=20.9116,=3.0010,=0.8974,=1.6383,=2.0227,=2.2547,=2.5699,=3.3727,=2.0314,=0.9490,=0.9031,=1.2314,=1.4358,=1.6504,=2.1795,=0.0404,=0.1483,=0.0310,=0.0292,=340
="H11059",工业有色,2009-07-22,=0.0266,=3990.1765,=0.0021,=17.8599,=0.2969,=10.0577,=14.5635,=28.2979,=53.2943,=131.1130,=3.2526,=0.8371,=1.4392,=1.9948,=2.3976,=3.1633,=4.9901,=1.2123,=0.8729,=0.5048,=0.7376,=0.8580,=1.1367,=1.8706,=0.0664,=0.1735,=0.0401,=0.0173,=128
="930050",中证A50,2024-01-02,=0.0128,=1827.3068,=0.0222,=17.9557,=0.7184,=13.9812,=15.9305,=17.4658,=18.1473,=19.9330,=2.1339,=0.6212,=1.7817,=1.9655,=2.0841,=2.2047,=2.3759,=1.5706,=0.8430,=1.0165,=1.1251,=1.3639,=1.5437,=1.6491,=0.0291,=0.1115,=0.0275,=0.0272,=979
="932369",1000现金流,2024-11-12,,,=-0.1152,=17.9709,=0.2921,=16.0705,=17.7139,=18.5037,=19.4781,=21.4836,=1.4637,=0.0053,=1.4419,=1.5629,=1.6607,=1.7607,=1.8728,=0.8319,=0.0447,=0.8034,=0.9080,=1.0209,=1.0684,=1.3230,=0.0245,=0.0821,=0.0237,=0.0291,=58
="000911",300可选,2007-07-02,=-0.0022,=5731.5840,=-0.1336,=18.0929,=0.4767,=11.4175,=16.2318,=18.2503,=24.5366,=45.8432,=1.9777,=0.0194,=1.8544,=2.2908,=2.5506,=3.0218,=4.4626,=0.9314,=0.1505,=0.7162,=0.9642,=1.1016,=1.3297,=2.0518,=0.0241,=0.1159,=0.0309,=0.0287,=29
="931697",消费50策略,2021-07-12,=0.0030,=7283.3315,=-0.1439,=18.2920,=0.1423,=16.4104,=18.5923,=20.9638,=31.3651,=38.9422,=2.7081,=0,=2.7081,=3.5446,=3.8942,=5.2156,=7.0736,=1.4635,=0,=1.4635,=1.7821,=1.9327,=2.8658,=3.5305,=0.0408,=0.1608,=0.0542,=0.0371,=61
="000917",300公用,2007-07-02,=0.0033,=2541.5005,=0.0327,=18.3054,=0.5901,=13.3250,=16.2035,=17.8376,=20.5953,=34.2477,=1.9473,=0.4672,=1.4019,=1.6987,=1.9718,=2.1718,=2.6347,=1.9860,=0.7905,=1.3139,=1.6332,=1.8147,=1.9940,=3.2322,=0.0223,=0.0974,=0.0266,=0.0299,=35
="H30094",消费红利,2013-07-02,=-0.0055,=30766.2959,=-0.1717,=18.4072,=0.0297,=16.2060,=21.6242,=27.7746,=33.4547,=59.6542,=3.3186,=0,=3.3186,=4.3764,=5.3356,=6.7479,=11.0368,=3.9150,=0.3765,=2.0003,=3.2546,=4.3055,=5.3148,=8.4259,=0.0717,=0.1905,=0.0792,=0.0454,=2123
="399991",一带一路,2015-02-16,=0.0240,=3563.9800,=0.2024,=18.5095,=0.7546,=9.4567,=11.6727,=14.1012,=19.8231,=34.5905,=1.6159,=0.9691,=1.0035,=1.1547,=1.2474,=1.4275,=1.7680,=0.7076,=0.9629,=0.3598,=0.4252,=0.4777,=0.6053,=0.7518,=0.0240,=0.0795,=0.0217,=0.0221,=579
="000811",细分有色,2012-04-11,=0.0277,=10776.8916,=-0.0525,=18.5122,=0.2309,=13.5118,=17.9724,=30.1641,=57.9569,=312.9068,=3.0772,=0.7625,=1.7438,=2.0869,=2.5621,=3.1422,=4.8073,=1.2067,=0.8264,=0.6338,=0.7856,=0.9037,=1.1844,=1.9173,=0.0611,=0.1531,=0.0352,=0.0158,=188
="000937",中证公用,2009-07-03,=0.0067,=2748.6608,=0.1021,=18.5483,=0.4804,=13.4460,=16.5319,=18.6422,=21.1313,=46.5328,=1.8141,=0.5604,=1.3423,=1.6286,=1.7738,=1.9633,=2.2557,=1.8431,=0.8128,=1.2657,=1.4810,=1.5857,=1.8040,=3.2521,=0.0215,=0.0905,=0.0250,=0.0269,=334
="000942",内地消费,2009-10-28,=-0.0038,=8587.4586,=-0.1600,=18.7295,=0.2037,=14.4412,=18.7088,=21.7495,=33.3379,=52.6356,=2.4816,=0,=2.4816,=3.1410,=3.6914,=5.0424,=7.7211,=1.3936,=0.1266,=1.1096,=1.4982,=1.7720,=2.5493,=4.1228,=0.0371,=0.1426,=0.0493,=0.0363,=764
="000126",消费50,2011-12-09,=-0.0046,=6670.0500,=-0.1978,=18.9975,=0.0854,=15.1608,=20.3033,=22.8715,=32.8709,=57.2206,=2.5213,=0.0206,=2.2360,=3.0009,=3.4010,=4.8666,=7.3797,=1.4746,=0.3245,=0.9155,=1.2462,=1.8266,=2.6426,=3.8011,=0.0406,=0.1407,=0.0455,=0.0353,=83
="931892",有色矿业,2013-07-15,=0.0309,=3859.1378,=-0.0270,=18.9994,=0.2078,=13.1272,=18.7965,=31.6915,=57.4196,=131.9594,=3.3818,=0.8738,=1.7020,=2.1368,=2.5268,=3.1596,=5.3430,=1.2709,=0.8466,=0.6092,=0.7896,=0.9201,=1.2212,=2.0391,=0.0653,=0.1630,=0.0363,=0.0143,=190
="399395",国证有色,2012-10-29,=0.0279,=9348.0300,=-0.0334,=19.0074,=0.2594,=12.7731,=17.8787,=29.1790,=56.1826,=326.9035,=3.1732,=0.8474,=1.7304,=2.0833,=2.5062,=3.0751,=4.8522,=1.2645,=0.8948,=0.6150,=0.7945,=0.9084,=1.1704,=1.9521,=0.0618,=0.1543,=0.0354,=0.0156,=662
="000995",全指公用,2011-08-02,=0.0054,=2858.6253,=0.1068,=19.0188,=0.5134,=14.4124,=16.6771,=18.9034,=23.9608,=55.0107,=1.8140,=0.6812,=1.2839,=1.5403,=1.7275,=1.8686,=2.1268,=1.8655,=0.8235,=1.2094,=1.4214,=1.5276,=1.8044,=2.4023,=0.0217,=0.0896,=0.0244,=0.0263,=316
="000819",有色金属,2012-05-09,=0.0292,=9057.7500,=-0.0305,=19.0696,=0.2619,=12.4710,=17.7541,=29.0967,=56.1161,=216.1722,=3.2635,=0.8087,=1.7791,=2.1409,=2.6245,=3.2494,=4.9698,=1.2827,=0.8016,=0.6317,=0.8246,=0.9660,=1.2813,=1.9863,=0.0625,=0.1569,=0.0361,=0.0160,=1975
="399997",中证白酒,2015-01-21,=-0.0131,=6535.2700,=-0.2542,=19.1022,=0.0940,=16.2418,=20.8926,=29.7049,=37.9971,=71.4432,=3.7096,=0,=3.7096,=5.2056,=7.2708,=9.8068,=17.8607,=6.6752,=0.0367,=5.9830,=7.2937,=9.8399,=13.6521,=24.8964,=0.0833,=0.2121,=0.1013,=0.0458,=7679
="932152",港股通成长策略,2025-04-30,=-0.0027,=1122.7754,=-0.1514,=19.1564,=0.4963,=16.5252,=18.2332,=19.1631,=21.2287,=22.5567,=2.4997,=0.1324,=2.1900,=2.5492,=2.7269,=2.8363,=3.0449,=1.9181,=0.1544,=1.7556,=1.9428,=2.1094,=2.2219,=2.3595,,=0.1305,,=0.0198,=8
="930708",中证有色,2015-07-13,=0.0288,=2966.3757,=-0.0382,=19.1579,=0.2404,=13.9228,=18.4062,=30.7101,=58.6780,=425.7934,=3.0644,=0.7336,=1.7134,=2.0956,=2.5624,=3.1544,=4.7639,=1.1302,=0.7361,=0.6123,=0.7796,=0.8961,=1.1989,=1.7984,=0.0592,=0.1479,=0.0346,=0.0153,=515
="399987",中证酒,2014-12-10,=-0.0130,=3898.2700,=-0.2200,=19.1755,=0.0788,=16.5000,=21.2491,=30.5274,=38.5048,=71.4257,=3.5751,=0,=3.5751,=4.9102,=6.4715,=8.9992,=15.9495,=5.9195,=0.0771,=5.0607,=6.4801,=8.3135,=11.8299,=21.4371,=0.0789,=0.2043,=0.0944,=0.0448,=2753
="000036",上证消费,2009-01-09,=-0.0065,=9228.7100,=-0.1495,=19.2895,=0.0033,=18.1662,=23.3080,=31.6716,=40.5919,=69.3963,=4.1147,=0.0722,=3.6247,=5.2318,=6.5399,=9.2057,=14.9810,=4.1770,=0.2330,=1.8043,=3.8317,=4.8722,=7.3411,=10.9001,=0.0773,=0.2393,=0.0858,=0.0398,=2312
="931663",SHS消费龙头,2015-03-13,=-0.0053,=1715.0630,=-0.1555,=19.3315,=0.1315,=14.4278,=20.2793,=26.7236,=37.0770,=57.5191,=2.7006,=0,=2.7006,=3.4028,=4.3131,=6.1339,=13.5979,=1.8212,=0.1705,=1.3592,=1.8727,=2.3928,=3.4165,=7.5123,,=0.1411,,=0.0306,=219
="000931",中证可选,2009-07-03,=0.0028,=5442.5663,=-0.1242,=19.5106,=0.3658,=12.9961,=17.9588,=20.2112,=26.0964,=47.1695,=2.0981,=0.1691,=1.6991,=2.1414,=2.5006,=2.8197,=3.7874,=0.9931,=0.2194,=0.7260,=0.9756,=1.1199,=1.2835,=1.9265,=0.0252,=0.1143,=0.0305,=0.0268,=840
="000807",食品饮料,2012-02-17,=-0.0056,=15187.8424,=-0.1693,=19.5819,=0.0338,=16.7498,=21.9791,=30.4186,=37.6314,=67.1514,=3.5555,=0,=3.5555,=4.7795,=6.2643,=8.2580,=14.6770,=3.9816,=0.0540,=3.5639,=4.5270,=5.6636,=7.6740,=12.7454,=0.0738,=0.1953,=0.0849,=0.0429,=4266
="932420",智选船舶产业,2025-05-28,=-0.0005,=1479.8128,=0.0239,=19.6185,=0.7857,=12.9248,=14.0567,=16.2449,=19.6866,=21.8048,=1.3355,=0.6190,=1.1414,=1.2388,=1.2859,=1.4065,=1.5726,=0.9786,=0.6190,=0.8043,=0.8755,=0.9371,=1.0351,=1.1519,=0.0198,=0.0735,,=0.0260,=10
="000910",300工业,2007-07-02,=0.0132,=2488.6909,=-0.0159,=19.6882,=0.5967,=12.1074,=14.2223,=18.6704,=21.7507,=26.7473,=1.6544,=0.3786,=1.2960,=1.5013,=1.7776,=2.0927,=2.8598,=0.7931,=0.7584,=0.4726,=0.5803,=0.7011,=0.8047,=1.0995,=0.0196,=0.0738,=0.0177,=0.0216,=15
="H30199",电力指数,2013-07-15,=0.0079,=3267.6971,=0.1578,=19.7811,=0.6012,=14.1448,=16.7486,=18.9583,=25.0122,=78.5133,=1.8603,=0.8412,=1.2472,=1.5161,=1.7161,=1.8424,=2.0960,=1.9913,=0.9019,=1.1507,=1.4427,=1.5879,=1.7846,=2.2389,=0.0213,=0.0878,=0.0244,=0.0252,=702
="000912",300消费,2007-07-02,=-0.0057,=17218.9981,=-0.1700,=19.8530,=0.1002,=17.5697,=22.8316,=28.6958,=38.6920,=71.0374,=3.3672,=0,=3.3672,=4.6699,=6.3986,=8.3233,=13.2137,=2.5942,=0.0507,=1.8902,=3.1977,=4.1912,=5.5033,=9.3193,=0.0602,=0.1878,=0.0812,=0.0436,=782
="000815",细分食品,2012-04-11,=-0.0047,=15462.9183,=-0.1746,=19.8886,=0.0581,=16.6089,=22.0749,=30.6801,=37.4251,=68.5596,=3.4916,=0,=3.4916,=4.7476,=6.1938,=8.2709,=14.7926,=4.4057,=0.0433,=3.9950,=4.9234,=6.1115,=8.3455,=14.4971,=0.0708,=0.1902,=0.0845,=0.0421,=762
="HSAIT",恒生人工智能主题指数,2023-09-01,=0.0046,=3689.1900,=-0.1344,=19.8928,=0.5103,=13.3665,=18.0598,=19.8243,=21.5319,=24.5500,=1.9829,=0.4528,=1.4634,=1.7515,=2.0651,=2.4864,=2.8773,=1.8037,=0.5206,=1.2708,=1.4964,=1.7003,=2.2823,=2.6741,,=0.1059,,=0.0211,=64
="931067",绩优策略,2018-02-14,=0.0254,=8482.6324,=0.1152,=19.9010,=0.6153,=10.5807,=14.6784,=18.5883,=26.9867,=44.0015,=5.3816,=0.5949,=3.5566,=4.2858,=5.0155,=7.5534,=11.8571,=3.2301,=0.6566,=2.1909,=2.5252,=2.8631,=5.0344,=8.6201,=0.0562,=0.2359,=0.0578,=0.0197,=25
="931142",东证竞争,2019-03-20,=0.0198,=1992.0122,=0.0705,=20.0052,=0.9194,=9.8569,=11.9257,=13.9942,=15.9217,=27.8877,=2.9870,=0.8554,=1.5408,=1.7302,=2.0666,=2.5775,=4.6703,=3.0157,=0.9354,=0.9384,=1.2685,=1.6563,=2.2401,=3.1903,=0.0415,=0.1629,=0.0397,=0.0235,=212
="931637",港股通互联网,2021-01-11,=0.0009,=751.3226,=-0.2577,=20.0756,=0.0510,=16.9805,=23.3155,=28.2699,=41.8013,=87.7368,=2.4520,=0.0068,=2.2686,=3.0694,=3.4190,=4.2454,=11.7021,=2.4198,=0.0098,=2.1470,=2.9497,=3.4027,=4.5186,=11.5370,,,,=0.0095,=263
="931897",绿色电力,2012-12-21,=0.0100,=1257.7241,=0.1616,=20.0882,=0.5819,=12.4356,=15.9507,=18.5255,=23.5753,=3316.8719,=1.9257,=0.9839,=1.0802,=1.3464,=1.6466,=1.7843,=2.0565,=2.0513,=0.9060,=0.8910,=1.1301,=1.2733,=1.7044,=2.6891,=0.0214,=0.0880,=0.0237,=0.0251,=157
="930939",500质量,2018-11-21,=0.0269,=23333.9034,=0.0992,=20.1194,=0.8594,=10.4098,=13.9483,=15.9287,=19.1253,=27.8330,=2.3332,=0.6811,=1.6614,=2.0649,=2.2285,=2.4972,=3.9191,=1.9325,=0.8807,=0.9583,=1.1966,=1.4406,=1.7931,=2.9319,=0.0308,=0.1144,=0.0291,=0.0189,=457
="399396",国证食品,2012-10-29,=-0.0048,=14473.5300,=-0.1715,=20.1676,=0.0346,=17.1702,=22.2078,=30.0929,=37.3108,=66.0937,=3.3543,=0,=3.3543,=4.6010,=6.1028,=7.6300,=14.3214,=3.3527,=0.0004,=3.3405,=3.9723,=5.0529,=6.2477,=12.4529,=0.0671,=0.1761,=0.0767,=0.0413,=1606
="399438",绿色电力,2014-12-30,=0.0091,=2259.8700,=0.1349,=20.5797,=0.6726,=13.5016,=16.4167,=19.0044,=22.0380,=41.2289,=1.9291,=0.7926,=1.2516,=1.5034,=1.7936,=1.9331,=2.3077,=2.3352,=0.9699,=1.1906,=1.4256,=1.8175,=2.0426,=3.6995,=0.0222,=0.0881,=0.0248,=0.0250,=204
="399372",大盘成长,2010-01-04,=0.0219,=5647.6600,=0.0714,=20.5901,=0.5456,=13.0565,=17.0958,=20.3389,=25.3722,=45.9159,=3.0209,=0.5010,=1.9139,=2.5017,=3.0164,=5.3725,=9.5601,=1.9416,=0.2305,=1.2183,=1.8035,=2.6240,=3.4508,=6.6651,=0.0399,=0.1447,=0.0379,=0.0217,=315
="000932",中证消费,2009-07-03,=-0.0050,=12302.3500,=-0.1932,=20.6115,=0.1146,=18.2526,=23.3322,=29.2776,=38.6663,=67.7039,=3.1997,=0,=3.1997,=4.2746,=5.3624,=7.0320,=11.1990,=2.4323,=0.0507,=1.9505,=2.9575,=3.5969,=4.6842,=7.7724,=0.0540,=0.1726,=0.0732,=0.0412,=12361
="000929",中证材料,2009-07-03,=0.0253,=4307.8920,=-0.0348,=20.6404,=0.5732,=9.9126,=14.1083,=19.5201,=25.2855,=714.1328,=2.3159,=0.8190,=1.3680,=1.6188,=1.8970,=2.2785,=3.1607,=1.1688,=0.7769,=0.6315,=0.7658,=0.8823,=1.1842,=1.5845,=0.0399,=0.1037,=0.0230,=0.0173,=524
="930641",中证中药,2015-05-19,=-0.0046,=8261.9369,=-0.1317,=20.6654,=0.0375,=17.1921,=24.2529,=29.0572,=32.8246,=45.5431,=1.9198,=0,=1.9198,=2.4940,=2.9716,=3.5535,=4.1073,=2.0844,=0,=2.0844,=2.4510,=2.8370,=3.6632,=4.5776,=0.0326,=0.0928,=0.0347,=0.0388,=866
="930782",500SNLV,2016-02-04,=0.0210,=19488.4251,=0.0370,=20.6949,=0.5534,=13.0617,=17.6555,=20.0525,=25.2362,=33.4651,=1.6800,=0.7291,=1.0996,=1.3464,=1.4745,=1.8853,=2.6374,=1.3159,=0.7567,=0.5914,=0.8056,=0.8890,=1.4668,=2.0883,=0.0229,=0.0820,=0.0170,=0.0215,=1373
="930938",500成长估值,2018-12-04,=0.0208,=4954.4451,=0.0683,=20.8378,=0.8669,=9.4780,=13.0881,=16.7831,=19.7470,=30.3577,=2.1738,=0.5945,=1.4489,=1.8682,=2.1189,=2.2927,=3.6765,=1.3900,=0.7171,=0.6916,=0.9040,=1.1678,=1.5984,=2.2515,=0.0254,=0.1028,=0.0163,=0.0196,=71
="931140",医药50,2019-03-20,=-0.0044,=8874.9764,=-0.1367,=20.8651,=0,=20.8651,=25.5868,=28.7856,=43.4432,=67.0844,=3.0998,=0,=3.0998,=4.2519,=4.9838,=7.4418,=10.9696,=3.9413,=0.0263,=3.4950,=4.6261,=5.2011,=7.1682,=12.1248,=0.0393,=0.1515,=0.0402,=0.0216,=1197
="399377",小盘价值,2010-01-04,=0.0091,=7689.4200,=-0.0010,=20.9519,=0.8343,=9.8385,=13.2773,=15.1881,=19.8841,=34.2299,=1.3179,=0.6542,=0.8997,=1.0824,=1.2374,=1.8197,=2.1990,=0.7911,=0.5878,=0.4594,=0.5454,=0.7123,=1.2602,=1.8295,=0.0183,=0.0578,=0.0162,=0.0242,=624
="000069",消费80,2010-05-28,=-0.0051,=4056.9500,=-0.1735,=20.9838,=0.0944,=16.4356,=22.2822,=24.9042,=33.0497,=60.5019,=2.6647,=0.0124,=2.4642,=3.1938,=3.5466,=4.8097,=7.6372,=1.6140,=0.3023,=1.0743,=1.4786,=1.9152,=2.7436,=3.8795,=0.0378,=0.1324,=0.0420,=0.0283,=935
="000990",全指消费,2011-08-02,=-0.0063,=10334.8688,=-0.1882,=21.0579,=0.1291,=18.6483,=23.8249,=30.7747,=39.1217,=75.7240,=3.1747,=0,=3.1747,=4.0955,=4.9947,=6.2867,=9.6579,=2.4555,=0.0656,=2.1472,=2.7731,=3.3220,=4.0947,=6.6514,=0.0524,=0.1676,=0.0712,=0.0402,=3842
="930653",CS食品饮,2015-06-05,=-0.0030,=12565.9401,=-0.1674,=21.0592,=0.0466,=17.6031,=22.9623,=31.2780,=38.3114,=65.8842,=3.2402,=0,=3.2402,=4.4404,=5.7100,=7.1300,=12.9907,=3.1668,=0.0025,=3.0169,=3.8362,=4.7671,=5.8503,=11.4166,=0.0615,=0.1583,=0.0705,=0.0396,=895
="931484",CS医药创新,2020-05-06,=-0.0053,=1207.5560,=-0.1671,=21.1946,=0.0555,=18.2098,=24.1947,=27.5405,=47.1018,=86.1757,=3.5832,=0.0149,=3.3236,=4.5831,=5.4516,=11.4725,=17.5605,=4.6872,=0.0515,=3.7485,=5.5737,=6.5471,=11.3606,=20.8272,=0.0424,=0.1752,=0.0382,=0.0190,=393
="931481",SHS线上消费,2020-05-06,=0.0107,=877.3342,=-0.2082,=21.4183,=0.0766,=17.8858,=23.7248,=30.1529,=46.9528,=121.3257,=2.5573,=0.0058,=2.4540,=3.1544,=3.5604,=5.5218,=9.8961,=2.6307,=0.1234,=2.0492,=2.8217,=3.3099,=4.3712,=7.8524,,=0.1066,,=0.0104,=63
="000989",全指可选,2011-08-02,=0.0034,=4957.4200,=-0.1137,=21.6061,=0.2804,=14.8205,=20.3758,=24.4150,=30.9883,=46.1708,=2.1473,=0.2087,=1.6599,=2.1306,=2.5105,=2.8468,=3.3093,=0.9970,=0.1691,=0.8200,=1.0141,=1.1690,=1.4564,=1.7628,=0.0237,=0.1045,=0.0284,=0.0247,=1293
="931000",大湾区,2017-07-19,=0.0299,=1899.9956,=0.0742,=21.6666,=0.9750,=11.8370,=14.5132,=16.2098,=18.9251,=23.4463,=2.0661,=0.4949,=1.3750,=1.7629,=2.0696,=2.5530,=3.2666,=1.6205,=0.5770,=1.1015,=1.3321,=1.5603,=1.8727,=2.5221,=0.0236,=0.0809,=0.0227,=0.0217,=13
="HSIII",恒生互联网科技业指数,2020-07-20,=-0.0002,=2312.3000,=-0.2126,=21.6790,=0.1621,=12.6629,=22.5491,=35.1416,=47.7321,=309808.9839,=2.3925,=0.1032,=1.7026,=2.5963,=4.2111,=6.1191,=8.5704,=1.8571,=0.1052,=1.1940,=2.0133,=2.4286,=3.5799,=5.1261,,=0.1194,,=0.0104,=2013
="000963",中证下游,2010-04-16,,,=-0.1345,=21.6900,=0.1093,=17.2626,=22.3460,=25.2899,=33.1012,=51.0836,=2.1473,=0.0004,=2.1456,=2.5909,=3.0764,=3.4358,=5.6334,=1.4174,=0.0433,=1.2209,=1.6160,=1.7725,=2.0795,=3.4797,=0.0267,=0.0958,=0.0301,=0.0303,=29
="931442",SHS科技100,2020-04-21,=0.0133,=9583.4940,=-0.1086,=21.7102,=0.6424,=11.6240,=15.0649,=19.5712,=24.9150,=40.7731,=2.6387,=0.5071,=1.5813,=1.9731,=2.6159,=4.1195,=6.9092,=1.6054,=0.4027,=1.0913,=1.4328,=1.7369,=2.5901,=5.0819,,=0.1199,,=0.0133,=26
="930625",SHS互联网,2015-04-21,=0.0071,=2349.5211,=-0.2252,=21.8789,=0.0241,=18.9097,=27.3546,=35.5666,=51.6520,=84.5605,=2.6549,=0.0024,=2.6129,=3.5017,=4.9755,=6.6722,=9.2961,=2.6256,=0.0028,=2.4953,=3.4794,=4.4040,=5.8864,=8.7946,,=0.1125,,=0.0097,=323
="000813",细分化工,2012-04-11,=0.0147,=3713.6950,=-0.0260,=22.2233,=0.5159,=11.4329,=16.5252,=21.9345,=28.4596,=42.1751,=2.4588,=0.4416,=1.6736,=2.0410,=2.6137,=3.1017,=4.9148,=1.3962,=0.4940,=0.8896,=1.1114,=1.4032,=1.9668,=3.1071,=0.0394,=0.0961,=0.0234,=0.0158,=952
="000985",中证全指,2011-08-02,=0.0221,=6254.7442,=0.0567,=22.3489,=0.9691,=12.6044,=15.9637,=17.6530,=20.2208,=23.7678,=1.8262,=0.5992,=1.2581,=1.5484,=1.7142,=1.9609,=2.1557,=1.7075,=0.8619,=1.0381,=1.2268,=1.3874,=1.6472,=1.8438,=0.0216,=0.0749,=0.0212,=0.0193,=660
="931027",港股通大消费,2017-11-06,=-0.0054,=2673.9122,=-0.1425,=22.3639,=0.3359,=14.6383,=20.4353,=25.4640,=51.7982,=105.3721,=2.5290,=0.0595,=2.2514,=2.8712,=3.2488,=4.3571,=9.1499,=1.4951,=0.2612,=1.0973,=1.4398,=1.7693,=2.4966,=5.7985,,=0.1064,,=0.0226,=43
="931166",医药健康100,2019-04-25,=-0.0023,=3459.2037,=-0.1424,=22.5319,=0.2162,=17.5935,=22.2986,=26.0517,=36.3306,=58.5515,=2.9540,=0.0145,=2.7671,=3.3759,=4.2313,=5.9021,=8.5226,=3.6219,=0.4348,=2.1887,=3.0509,=3.7610,=4.4746,=6.8190,=0.0346,=0.1325,=0.0321,=0.0187,=399
="930903",中证A股,2016-10-18,=0.0220,=4310.1054,=0.0560,=22.6111,=0.9734,=12.9620,=16.2406,=17.7376,=20.5192,=23.9680,=1.8317,=0.6267,=1.2607,=1.5526,=1.7063,=1.9468,=2.2108,=1.7100,=0.8840,=1.0406,=1.2305,=1.3760,=1.6336,=1.9264,=0.0216,=0.0748,=0.0212,=0.0192,=11
="931755",SEEE碳中和,2021-10-21,=0.0181,=2016.6912,=-0.0397,=22.7962,=0.6719,=13.4966,=17.4417,=21.1803,=24.8086,=29.4214,=2.3440,=0.4783,=1.7561,=1.9632,=2.3848,=2.7491,=3.9105,=1.3347,=0.6387,=0.8856,=1.0349,=1.2209,=1.4438,=2.3046,=0.0267,=0.0916,=0.0211,=0.0181,=142
="HSSCITI",恒生港股通科技主题指数,2023-07-01,=0.0078,=2577.1100,=-0.1158,=22.9175,=0.3547,=15.2810,=21.1596,=23.9385,=27.0050,=33.8690,=2.6798,=0.1516,=2.1914,=2.7342,=2.9558,=3.4184,=4.1810,=2.2108,=0.5605,=1.5305,=1.8406,=2.1196,=2.7573,=3.5648,,=0.1203,,=0.0086,=81
="399370",国证成长,2010-01-04,=0.0259,=5538.5200,=0.0934,=22.9315,=0.6313,=14.0104,=18.8605,=21.5755,=25.7184,=39.9195,=3.1418,=0.6033,=1.9695,=2.5703,=2.9707,=4.0447,=6.0628,=1.9973,=0.4210,=1.2188,=1.6926,=2.0785,=2.8022,=3.4917,=0.0375,=0.1344,=0.0327,=0.0190,=112
="HSSCT",恒生港股通中国科技指数,2020-02-01,=0.0070,=6567.0300,=-0.1245,=22.9409,=0.2775,=15.0039,=22.0008,=24.9033,=33.1163,=55.7647,=2.6616,=0.2193,=1.8368,=2.6446,=3.0489,=4.7002,=8.0840,=2.2086,=0.4188,=1.1354,=1.8386,=2.3342,=3.2167,=6.0217,,=0.1201,,=0.0085,=94
="HSTECH",恒生科技指数,2020-07-01,=0.0029,=4769.6100,=-0.1353,=22.9516,=0.3100,=14.7293,=21.7851,=26.6004,=42.1149,=73.7725,=2.5675,=0.3495,=1.7280,=2.3817,=2.8160,=3.7843,=8.3408,=1.6594,=0.1322,=1.2545,=1.7293,=2.0432,=3.1827,=6.6932,,=0.1207,,=0.0121,=7128
="HSSCNE",恒生港股通新经济指数,2018-01-08,=0.0010,=3636.6000,=-0.1536,=22.9862,=0.3919,=15.8046,=20.7063,=24.1266,=28.5357,=53.5009,=2.6925,=0.4155,=1.7963,=2.2499,=2.8326,=3.4812,=6.9059,=1.8737,=0.3600,=1.4023,=1.7295,=2.0027,=2.5615,=5.3019,,=0.1262,,=0.0103,=206
="931588",1000价值稳健,2020-11-09,=0.0026,=33293.8007,=-0.0711,=23.1273,=0.9593,=12.8074,=16.6728,=18.5099,=20.5802,=25.6024,=1.2569,=0.1816,=1.0253,=1.2748,=1.4380,=1.5636,=1.9102,=0.6191,=0.4401,=0.4756,=0.5528,=0.6278,=0.6872,=0.8427,=0.0162,=0.0641,=0.0212,=0.0268,=106
="1000002",A股全指,1994-01-01,=0.0221,=6254.7442,=0.0567,=23.2209,=0.9546,=12.9500,=16.6929,=18.4845,=21.3892,=25.0020,=1.8544,=0.5967,=1.2633,=1.5740,=1.7419,=2.0169,=2.1910,=1.7288,=0.8586,=1.0499,=1.2419,=1.3988,=1.6710,=1.9034,=0.0215,=0.0745,=0.0211,=0.0189,=7915
="399990",煤炭等权,2015-01-21,=-0.0240,=3815.0700,=0.3282,=23.5653,=0.9097,=5.7123,=8.6087,=10.6436,=15.4144,=347.5369,=1.8832,=0.9901,=0.8179,=1.1188,=1.3622,=1.6022,=2.0135,=2.1405,=0.9979,=0.6732,=0.9175,=1.1213,=1.4595,=2.2100,=0.0229,=0.0912,=0.0239,=0.0285,=244
="399998",中证煤炭,2015-02-13,=-0.0239,=2613.9100,=0.3257,=23.5653,=0.9097,=5.7123,=8.6087,=10.6436,=15.4144,=347.5369,=1.8832,=0.9901,=0.8179,=1.1188,=1.3622,=1.6022,=2.0135,=2.1405,=0.9979,=0.6732,=0.9175,=1.1213,=1.4595,=2.2100,=0.0229,=0.0912,=0.0239,=0.0285,=2081
="931470",SHS云计算,2020-04-21,=0.0296,=4004.7116,=0.0862,=23.6004,=0.3789,=13.2694,=19.9293,=25.1635,=31.3767,=62.1875,=3.5417,=0.2597,=2.5281,=3.4476,=3.9085,=5.8611,=9.6099,=3.8346,=0.1759,=2.7843,=3.8684,=4.4914,=6.4506,=10.5654,,=0.1294,,=0.0075,=38
="000930",中证工业,2009-07-03,=0.0152,=3530.1969,=0.0065,=23.6053,=0.7715,=13.1747,=16.3715,=20.2819,=24.0362,=30.4087,=1.8547,=0.4887,=1.3752,=1.5614,=1.8656,=2.1245,=2.6342,=0.8830,=0.7963,=0.5311,=0.6373,=0.7618,=0.8841,=1.0502,=0.0191,=0.0679,=0.0169,=0.0186,=323
="000904",中证200,2007-01-15,=0.0276,=6109.4120,=0.0814,=23.6944,=0.9810,=11.9474,=14.9318,=16.7716,=19.2612,=25.2311,=1.9842,=0.6977,=1.2748,=1.5010,=1.7454,=2.0647,=2.3407,=1.4316,=0.5006,=1.0540,=1.2917,=1.4310,=1.6943,=2.1135,=0.0231,=0.0739,=0.0238,=0.0215,=721
="H30015",800汽车,2012-12-21,=0.0021,=8431.8078,=-0.1620,=23.7696,=0.5489,=11.4503,=15.2840,=22.6842,=31.8612,=45.6288,=1.9831,=0.2911,=1.3220,=1.7482,=2.1804,=2.4572,=3.4622,=0.8459,=0.4816,=0.5106,=0.6736,=0.8554,=1.0480,=1.4573,=0.0155,=0.0922,=0.0213,=0.0157,=187
="931573",HKC科技,2014-05-21,=0.0059,=2889.1262,=-0.1071,=23.9168,=0.1745,=18.3272,=24.2276,=28.5504,=40.1101,=82.7075,=2.9978,=0.2175,=2.3269,=2.9502,=3.3437,=4.2768,=10.6583,=1.9179,=0.1759,=1.5041,=1.9657,=2.3122,=3.4077,=8.3359,,=0.1200,,=0.0097,=288
="399365",国证粮食,2009-11-04,=0.0017,=11638.9500,=-0.1409,=23.9573,=0.3423,=13.3311,=20.2221,=27.2850,=35.2364,=54.5886,=2.0933,=0.2111,=1.6393,=2.0688,=4.1062,=6.4747,=11.3501,=0.8428,=0.2293,=0.5961,=0.8022,=3.1477,=4.6104,=8.7065,=0.0232,=0.0838,=0.0244,=0.0191,=64
="000987",全指材料,2011-08-02,=0.0265,=4954.8500,=-0.0111,=24.0041,=0.6462,=11.8534,=16.4330,=21.1218,=28.2533,=1313.4345,=2.3460,=0.6730,=1.3547,=1.6741,=2.0387,=2.5042,=3.3213,=1.1761,=0.6421,=0.6546,=0.8399,=1.0190,=1.3517,=1.7398,=0.0340,=0.0892,=0.0206,=0.0155,=388
="399814",大农业,2014-07-22,=0.0057,=1031.5600,=-0.1397,=24.0400,=0.2351,=17.8693,=23.5206,=28.4362,=32.8241,=111.7688,=2.6475,=0.0169,=2.4368,=2.9357,=3.3268,=4.3740,=6.4483,=1.4652,=0.1464,=1.2031,=1.5079,=1.8390,=2.3352,=3.7145,=0.0257,=0.1209,=0.0380,=0.0282,=768
="930794",中美互联网,2016-04-22,,,=-0.1608,=24.6555,=0.0227,=21.6222,=27.9993,=32.4687,=38.0931,=50.5410,=5.8908,=0.2439,=3.5920,=5.7048,=6.5716,=7.5414,=9.2259,=4.7127,=0.4339,=2.2940,=3.8795,=4.8577,=5.5740,=7.0802,,=0.2458,,=0.0028,=426
="931752",工程机械主题,2021-09-27,=0.0107,=2646.6636,=0.0499,=24.6679,=0.8361,=13.6456,=18.4550,=21.1573,=24.3857,=27.9581,=2.2114,=0.8969,=1.2593,=1.5729,=1.7137,=2.1219,=2.6511,=1.3602,=0.8467,=0.7133,=0.9138,=1.0142,=1.2860,=1.6462,=0.0241,=0.0958,=0.0272,=0.0200,=93
="987008",港股通科技,2021-03-08,,,=-0.1772,=24.7078,=0.2473,=16.3992,=24.1208,=27.3328,=34.0085,=63.8758,=2.6279,=0.0487,=2.3408,=2.9648,=3.4281,=3.9814,=8.4842,=2.1763,=0.0340,=1.9635,=2.6328,=2.9864,=3.8721,=8.7605,,=0.0980,,=0.0075,=82
="931574",港股科技,2013-05-21,=0.0050,=1552.8838,=-0.1137,=24.7747,=0.3427,=16.3025,=22.7634,=27.5093,=42.9658,=59.3282,=2.8632,=0.4384,=1.8790,=2.5076,=2.9604,=3.5924,=8.1693,=1.7497,=0.2567,=1.3201,=1.6680,=1.9773,=2.8597,=5.7490,,=0.1080,,=0.0102,=267
="399617",深证消费,2011-06-15,=-0.0041,=7037.0300,=-0.2384,=24.9451,=0.4008,=15.3450,=22.1455,=26.6169,=32.2918,=1768.1548,=2.2457,=0,=2.2457,=3.3234,=4.2570,=5.7490,=9.2732,=1.3286,=0,=1.3286,=1.8803,=2.4647,=3.6985,=6.3240,=0.0294,=0.1055,=0.0582,=0.0406,=368
="399702",深证F120,2010-05-10,=0.0143,=7494.5000,=-0.0107,=25.1618,=0.9658,=12.6034,=17.7484,=20.6617,=22.4704,=28.8861,=2.0810,=0.2874,=1.5963,=1.9896,=2.2132,=2.6272,=3.5867,=1.3303,=0.5072,=0.8721,=1.1406,=1.3259,=1.5883,=2.2308,=0.0250,=0.0726,=0.0233,=0.0230,=1429
="399989",中证医疗,2014-10-31,=-0.0044,=5771.5600,=-0.1462,=25.4763,=0.0565,=22.9032,=29.9365,=39.6785,=60.4296,=114.3753,=2.8554,=0,=2.8554,=3.8229,=5.4892,=8.1687,=13.4814,=4.7963,=0.0408,=4.3528,=5.6478,=6.5711,=9.4594,=17.4163,=0.0284,=0.1137,=0.0290,=0.0154,=8459
="399374",中盘成长,2010-01-04,=0.0294,=5190.5400,=0.1354,=25.6759,=0.6499,=12.0664,=16.7038,=22.9694,=27.5361,=33.1996,=3.4388,=0.6548,=1.8942,=2.4100,=3.1265,=3.6257,=4.3864,=2.3581,=0.6705,=0.9013,=1.6610,=2.2043,=2.4879,=3.0605,=0.0366,=0.1248,=0.0238,=0.0156,=202
="399701",深证F60,2010-05-10,=0.0130,=7865.5400,=-0.0095,=25.9688,=0.9757,=12.1841,=16.9370,=19.7451,=22.0901,=29.1141,=1.9849,=0.1765,=1.6712,=2.0189,=2.1831,=2.5392,=3.7270,=1.3073,=0.3538,=1.0125,=1.2363,=1.3649,=1.5636,=2.4139,=0.0232,=0.0664,=0.0243,=0.0251,=1679
="HSBIO",恒生生物科技指数,2019-12-01,=-0.0126,=11866.1700,=-0.1631,=26.2332,=0.0368,=20.8275,=30.7696,=62.2534,=139.4602,=62737.8398,=2.5308,=0.3822,=1.5084,=2.1463,=2.9112,=4.4448,=6.7821,=1.4175,=0.4190,=0.7434,=1.0915,=1.5351,=2.1465,=3.5303,,=0.1070,,=0.0130,=666
="HSSSHID",恒生沪深港创新药精选50指数,2020-03-01,=-0.0060,=6454.8500,=-0.1390,=26.2813,=0.0397,=23.4861,=29.5164,=35.5867,=52.2166,=94.0285,=3.0633,=0.3302,=2.0729,=2.8085,=3.7295,=6.3969,=8.4497,=4.3721,=0.6093,=1.3432,=1.8821,=3.2260,=5.9716,=8.1459,,=0.1198,,=0.0112,=286
="HSSI",恒生综合小型股指数,2001-10-03,=0.0044,=1441.7300,=-0.0819,=26.6937,=0.8314,=7.3220,=11.0801,=16.3973,=26.2458,=83.7574,=1.0495,=0.5953,=0.5652,=0.7236,=0.9814,=1.1648,=1.4185,=0.6958,=0.4974,=0.3459,=0.4531,=0.6966,=0.9209,=1.2872,,,,=0.0264,=127
="931008",汽车指数,2013-07-15,=-0.0043,=9670.3540,=-0.1926,=26.7971,=0.5291,=12.0130,=17.4495,=26.2760,=36.2485,=55.3660,=2.0528,=0.3339,=1.1809,=1.5409,=2.2196,=2.4577,=3.4286,=0.8723,=0.4466,=0.4315,=0.5523,=0.9125,=1.0534,=1.4087,=0.0152,=0.0829,=0.0208,=0.0154,=480
="000941",新能源,2009-10-28,=0.0252,=2667.7179,=0.0365,=26.9768,=0.3856,=10.2578,=20.0248,=29.0642,=37.6508,=57.4660,=3.4258,=0.7258,=1.8262,=2.2548,=2.9561,=3.8432,=8.1424,=2.7266,=0.7200,=1.2704,=1.5650,=2.2651,=2.9597,=7.0320,=0.0322,=0.1201,=0.0313,=0.0147,=2464
="931829",中证回购,2023-10-17,,,=0.0357,=27.0528,=0.5250,=16.8171,=21.7324,=25.8747,=34.6610,=40.4937,=2.2248,=0.9328,=1.3801,=1.5640,=1.7333,=1.9642,=2.3571,=0.9420,=0.1594,=0.7604,=0.9604,=1.0206,=1.1658,=1.4917,=0.0242,=0.0495,=0.0133,=0.0273,=40
="000988",全指工业,2011-08-02,=0.0178,=4198.4056,=0.0170,=27.0897,=0.6643,=13.7285,=19.3778,=24.0551,=29.3612,=37.6625,=2.0067,=0.4858,=1.3866,=1.6512,=2.0221,=2.4483,=2.7728,=0.9478,=0.5909,=0.5551,=0.7455,=0.9042,=1.0719,=1.3765,=0.0185,=0.0650,=0.0170,=0.0166,=234
="000969",300非周,2010-05-28,=0.0245,=5933.5809,=0.1143,=27.1273,=0.8231,=15.9839,=20.6104,=22.5299,=25.9907,=38.7203,=2.8359,=0.5831,=2.0789,=2.4920,=2.7773,=3.1883,=4.9189,=1.5652,=0.8054,=0.8921,=1.1518,=1.2832,=1.5533,=2.2463,=0.0251,=0.0964,=0.0261,=0.0197,=86
="931403",品牌工程,2020-01-14,=0.0195,=2145.7933,=0.0869,=27.1953,=0.4109,=18.7149,=24.0272,=29.3276,=43.9028,=69.9724,=4.0235,=0.2099,=3.2380,=4.0121,=5.0500,=7.6931,=10.9810,=3.1627,=0.3475,=2.2604,=2.9249,=3.3792,=4.8065,=7.2001,=0.0453,=0.1433,=0.0461,=0.0216,=117
="000037",上证医药,2009-01-09,=-0.0048,=5497.2900,=-0.1322,=27.2226,=0.0598,=21.0843,=31.4744,=34.7440,=41.6974,=61.3894,=2.8822,=0.0132,=2.7278,=3.3434,=3.8810,=4.6066,=7.3155,=2.0875,=0.2581,=1.5724,=2.0207,=2.3555,=2.9053,=4.1395,=0.0281,=0.1036,=0.0282,=0.0141,=2065
="000857",500医药,2013-11-06,=0.0022,=9125.0900,=-0.1103,=27.3745,=0.3823,=16.5096,=22.8937,=30.0207,=37.8717,=66.9361,=2.4822,=0.2136,=1.9620,=2.4653,=2.8455,=3.5316,=5.0991,=2.2834,=0.5835,=1.3156,=1.7598,=2.1307,=2.7850,=4.5555,=0.0260,=0.0879,=0.0247,=0.0198,=734
="HSHCI",恒生医疗保健指数,2015-08-17,=-0.0117,=3026.7300,=-0.1734,=27.5087,=0.3844,=15.9973,=23.1306,=33.3779,=116.8549,=143059.6617,=2.3620,=0.2934,=1.4805,=2.2494,=2.6402,=3.4864,=7.0432,=1.4837,=0.6501,=0.8149,=1.0213,=1.2906,=1.8605,=3.5391,,=0.0981,,=0.0136,=1725
="931590",500成长创新,2020-11-09,=0.0271,=29070.2416,=0.0704,=27.7398,=0.8297,=14.5054,=17.7569,=20.1128,=26.8520,=32.9124,=3.2069,=0.7611,=1.6442,=2.3221,=2.6425,=3.2735,=3.8320,=3.2253,=0.9359,=1.3106,=1.9744,=2.2754,=2.6777,=3.6034,=0.0292,=0.1277,=0.0317,=0.0133,=89
="931747",中证储能,2021-10-15,,,=0.0078,=27.8264,=0.5005,=16.6670,=22.1506,=27.8240,=53.4727,=124.6415,=4.5525,=0.4553,=3.1109,=3.9345,=4.6759,=6.9928,=12.5394,=2.3223,=0.5373,=1.2712,=1.6991,=2.2743,=3.7717,=8.7019,=0.0355,=0.1665,=0.0400,=0.0130,=131
="980032",新能电池,2015-02-17,=0.0287,=15744.0100,=-0.0001,=28.0067,=0.4243,=14.3994,=22.1691,=30.5266,=82.7258,=130.4039,=3.9913,=0.3813,=2.4545,=3.3332,=4.3133,=7.7283,=11.8091,=2.1548,=0.4416,=1.1163,=1.6791,=2.2543,=4.9384,=7.8642,=0.0362,=0.1357,=0.0304,=0.0118,=741
="000933",中证医药,2009-07-03,=-0.0019,=6943.6000,=-0.1418,=28.0331,=0.2115,=22.6651,=27.9022,=32.4505,=37.5717,=63.0472,=2.6174,=0.0070,=2.5059,=3.2043,=3.9941,=4.6474,=7.0232,=2.4140,=0.1328,=1.9281,=2.5149,=3.0244,=3.5850,=5.1631,=0.0282,=0.0926,=0.0299,=0.0186,=7157
="000907",中证700,2007-01-15,=0.0271,=7045.8268,=0.0885,=28.0551,=0.9732,=13.5964,=17.1394,=19.5530,=24.0435,=30.1680,=2.1863,=0.7761,=1.3201,=1.5883,=1.8281,=2.2155,=2.4753,=1.5490,=0.7373,=0.9663,=1.1767,=1.3274,=1.6118,=1.9854,=0.0223,=0.0692,=0.0213,=0.0175,=265
=".INX",标普500,1957-03-04,=0.0030,=7405.7300,=0.0818,=28.0565,=0.7663,=15.6907,=21.8286,=24.0844,=28.6433,=42.9883,=5.5590,=0.9920,=2.4601,=3.2290,=3.9452,=4.7489,=5.7044,=3.5586,=0.9924,=1.5801,=2.0875,=2.3721,=3.0362,=3.6541,,,=0.0468,=0.0100,=9187
="399804",中证体育,2015-02-09,=0.0020,=1707.1200,=-0.1393,=28.2063,=0.3913,=17.8349,=25.3379,=31.7273,=46.3435,=92.9525,=2.7606,=0.2285,=2.0588,=2.7283,=3.2153,=3.8296,=5.7602,=2.4303,=0.2895,=1.7235,=2.3146,=2.8685,=4.0984,=7.1775,=0.0257,=0.0922,=0.0231,=0.0243,=296
="931526",企业核心竞争力50,2020-08-24,=0.0274,=1326.1687,=0.0116,=28.2468,=0.6660,=13.8510,=17.2701,=23.1082,=30.0204,=51.8267,=4.1798,=0.5503,=1.7937,=3.0899,=4.0815,=6.8000,=10.8733,=3.4317,=0.4961,=0.9066,=1.4996,=3.4355,=4.5529,=7.9459,=0.0371,=0.1485,=0.0461,=0.0141,=86
="399432",智能汽车,2014-12-30,=0.0221,=6431.9400,=-0.0521,=28.2846,=0.5674,=12.3799,=17.8002,=23.6202,=66.1739,=131.3343,=3.8088,=0.5505,=1.4019,=2.1767,=3.4904,=6.5272,=11.4939,=2.1734,=0.5831,=0.5888,=0.9095,=1.8605,=4.6106,=8.8483,=0.0329,=0.1377,=0.0319,=0.0119,=17
="000991",全指医药,2011-08-02,=-0.0016,=7495.0300,=-0.1403,=28.3250,=0.1303,=23.5983,=29.4839,=34.3293,=40.8436,=73.5923,=2.6005,=0.0004,=2.5957,=3.1912,=3.8026,=4.7164,=6.5650,=2.3964,=0.0701,=2.0200,=2.6611,=3.0268,=3.7470,=5.9103,=0.0278,=0.0907,=0.0276,=0.0182,=7951
="931524",SHS科技龙头,2020-07-16,=0.0216,=2886.3790,=0.0751,=28.3863,=0.6550,=18.9033,=23.4760,=26.6006,=35.7472,=59.9125,=3.6198,=0.4530,=2.7731,=3.2882,=3.6679,=5.1754,=9.0190,=2.6837,=0.5651,=1.6886,=2.2566,=2.5477,=4.2560,=7.2475,,=0.1133,,=0.0086,=219
="1000008",沪深B股,1994-01-10,=-0.0055,=272.7300,=0.0745,=28.4557,=0.7691,=7.0835,=12.9417,=17.5058,=30.7740,=97.5837,=0.8091,=0.3501,=0.6594,=0.7810,=0.8504,=1.0599,=1.4976,=0.5478,=0.6561,=0.3777,=0.4474,=0.5016,=0.5911,=1.1545,,,=0.0134,=0.0383,=371
="000913",300医药,2007-07-02,=-0.0045,=6889.7200,=-0.1608,=28.5736,=0.1876,=22.1588,=28.7765,=33.4081,=39.5137,=73.4129,=2.7345,=0,=2.7345,=3.6408,=4.8067,=6.0065,=9.5028,=2.5276,=0.0247,=2.2757,=2.9138,=3.3673,=5.4150,=7.4989,=0.0300,=0.0967,=0.0342,=0.0176,=3375
="930901",动漫游戏,2016-10-18,=0.0091,=1618.4944,=-0.2355,=28.5930,=0.1546,=17.2478,=29.6348,=42.3548,=277.4682,=4647.5377,=2.9938,=0.5271,=1.7335,=2.2955,=2.8957,=4.0760,=7.9690,=4.7164,=0.4075,=2.8663,=4.2053,=5.0137,=6.8237,=10.0355,=0.0360,=0.1150,=0.0336,=0.0193,=832
="399806",环境治理,2014-07-21,=0.0150,=1387.8200,=0.0006,=28.6445,=0.4458,=17.0172,=24.4003,=29.3669,=36.4146,=50.8764,=1.7399,=0.4264,=1.1727,=1.6053,=1.7752,=2.6040,=4.4901,=1.9059,=0.2738,=1.3064,=1.8397,=2.0845,=3.1038,=5.9378,=0.0205,=0.0536,=0.0189,=0.0164,=847
="000978",医药100,2011-03-18,=0.0011,=9020.7587,=-0.1350,=28.7021,=0.1856,=23.7467,=28.9132,=33.9104,=37.7475,=66.4077,=2.6483,=0.0004,=2.6475,=3.2658,=4.2049,=5.0232,=7.8052,=2.5099,=0.1089,=2.0946,=2.6815,=3.1484,=3.6588,=5.9820,=0.0280,=0.0911,=0.0286,=0.0178,=4710
="980027",新能源电池,2015-02-16,=0.0352,=3533.2200,=0.0458,=28.7911,=0.6957,=16.8641,=21.0089,=24.6663,=30.5895,=35.7610,=4.5424,=0.8783,=2.5249,=3.0230,=3.4527,=4.4062,=5.0238,=3.1481,=0.7566,=1.4888,=1.8950,=2.3958,=3.2533,=3.8612,=0.0376,=0.1513,=0.0348,=0.0144,=94
="932246",储能电池,2022-07-08,,,=0.0004,=28.8424,=0.6631,=13.3190,=20.1543,=26.5328,=33.3773,=40.1514,=4.4475,=0.7986,=2.3139,=2.6670,=3.2351,=4.4475,=5.1292,=3.0071,=0.6827,=1.3666,=1.6725,=2.2766,=3.3092,=3.7523,=0.0403,=0.1439,=0.0321,=0.0140,=67
="399417",新能源车,2014-09-24,=0.0261,=3866.0900,=-0.0061,=28.9313,=0.4503,=14.2186,=20.9718,=30.3846,=56.8057,=106.6289,=3.9185,=0.6231,=1.6630,=2.3823,=3.4503,=4.6389,=9.6468,=2.1613,=0.6466,=0.6730,=1.0543,=1.8500,=2.5615,=6.6041,=0.0339,=0.1319,=0.0293,=0.0121,=2435
="H11052",智能电车,2009-07-22,=0.0230,=4133.2203,=-0.0262,=28.9381,=0.2903,=16.1153,=26.3648,=33.3024,=63.3646,=148.6443,=3.8979,=0.5023,=2.6129,=3.1950,=3.8898,=5.5107,=9.7804,=1.9776,=0.4573,=1.2507,=1.6563,=2.0384,=3.2736,=6.6252,=0.0316,=0.1293,=0.0281,=0.0107,=194
="399698",优势成长,2017-06-15,=0.0123,=48641.7800,=-0.0669,=29.0125,=0.6436,=14.2338,=18.1975,=22.9622,=35.6470,=66.5130,=2.0158,=0.5789,=1.2178,=1.5071,=1.9144,=2.3043,=2.9395,=2.7002,=0.8069,=0.6634,=1.0583,=1.7047,=2.6050,=4.7303,=0.0192,=0.0690,=0.0052,=0.0143,=41
="931250",港股通创新药,2012-07-20,=-0.0123,=855.7424,=-0.1493,=29.1178,=0.0838,=21.4435,=32.5482,=36.4265,=45.0856,=63.0533,=2.9282,=0.6362,=1.5232,=1.8152,=2.3131,=3.8358,=4.5255,=4.9225,=0.6392,=1.4727,=1.7542,=2.2876,=6.5404,=7.7209,,=0.1071,,=0.0099,=114
="931787",港股创新药,2018-08-14,=-0.0123,=1066.2431,=-0.1521,=29.1178,=0.1905,=20.8973,=29.3972,=44.8086,=80.1665,=400.8209,=2.9282,=0.4898,=1.5132,=2.2999,=2.9541,=4.1475,=5.7621,=4.9225,=0.8770,=0.8553,=1.2957,=2.0692,=3.1808,=7.7308,,=0.1071,,=0.0099,=731
="931239",港股通汽车,2022-07-21,=0.0014,=2201.1222,=-0.0472,=29.1359,=0.9485,=12.1049,=14.2503,=16.7246,=22.7641,=32.0714,=3.1640,=0.9273,=1.2076,=1.4322,=1.5699,=2.0860,=3.5989,=1.5822,=0.9287,=0.6024,=0.6826,=0.7517,=1.0472,=1.7776,,=0.1152,,=0.0135,=48
="399440",国证钢铁,2014-12-30,=0.0133,=1272.8300,=-0.1432,=29.3492,=0.6907,=5.7530,=9.0864,=18.4249,=36.9826,=695.2734,=0.9914,=0.3901,=0.7172,=0.9159,=1.0514,=1.3592,=2.0509,=0.4995,=0.5757,=0.3277,=0.3893,=0.4570,=0.6241,=1.3827,=0.0058,=0.0382,=0.0096,=0.0242,=467
="000808",医药生物,2012-02-17,=-0.0012,=7104.5386,=-0.1427,=29.7792,=0.2833,=23.4705,=28.3997,=34.6780,=37.8852,=66.3352,=2.6540,=0.0004,=2.6521,=3.2722,=4.1881,=4.9177,=7.9299,=2.4936,=0.1126,=2.0659,=2.6700,=3.1021,=3.5475,=6.2098,=0.0273,=0.0877,=0.0275,=0.0174,=1417
="399976",CS新能车,2014-11-28,=0.0292,=4451.9600,=-0.0031,=29.8485,=0.3414,=13.8890,=22.9016,=34.6242,=62.1175,=231.2544,=3.8409,=0.4816,=2.0896,=3.0970,=3.8929,=6.2213,=11.9870,=2.2055,=0.4099,=0.7703,=1.7976,=2.3160,=4.1916,=9.1824,=0.0343,=0.1248,=0.0265,=0.0108,=2014
="931230",汽车零部件,2013-07-15,=0.0117,=1197.6052,=-0.0736,=29.9018,=0.7308,=18.5338,=23.7544,=26.6617,=30.5298,=34.9965,=3.1138,=0.7639,=1.8462,=2.2852,=2.6077,=3.1776,=3.7531,=1.9740,=0.7624,=1.1819,=1.4572,=1.6623,=2.0153,=2.3775,=0.0227,=0.1141,=0.0262,=0.0130,=44
="930997",新能源车,2017-07-19,=0.0300,=3011.4505,=-0.0086,=29.9686,=0.4532,=14.0460,=20.4292,=31.8880,=84.7627,=171.6022,=3.8458,=0.5292,=1.7502,=2.4193,=3.6689,=6.0951,=11.4567,=2.2094,=0.5162,=0.7652,=1.1963,=2.1508,=3.9283,=8.7389,=0.0346,=0.1243,=0.0266,=0.0108,=1969
="931719",CS电池,2013-07-15,=0.0276,=4411.8622,=0.0376,=29.9810,=0.2614,=15.7007,=26.6847,=42.2542,=64.5808,=121.8822,=4.3704,=0.6280,=1.9771,=2.9292,=3.9521,=5.7588,=11.8941,=2.9238,=0.4643,=1.2782,=2.0990,=3.0312,=4.7407,=9.5565,=0.0377,=0.1370,=0.0297,=0.0129,=552
="930746",港中小企,2015-08-26,=-0.0027,=2397.5609,=-0.1076,=30.2766,=0.9821,=7.8499,=11.1100,=14.1662,=17.9081,=36.0739,=0.9908,=0.4089,=0.6829,=0.8308,=1.0792,=1.2267,=1.6951,=0.6464,=0.3808,=0.3939,=0.5282,=0.6916,=0.8171,=1.1520,,=0.0299,,=0.0337,=208
="000814",细分医药,2012-04-11,=-0.0015,=7174.1000,=-0.1405,=30.4619,=0.3777,=21.8871,=27.2039,=32.7960,=37.7198,=60.8250,=2.7530,=0.0520,=2.4219,=3.2260,=4.1234,=4.8855,=7.4081,=2.2074,=0.1600,=1.7858,=2.2929,=2.9135,=3.8285,=5.4819,=0.0283,=0.0890,=0.0304,=0.0171,=407
="000936",中证电信,2009-07-03,=0.0433,=14529.3639,=0.4617,=30.5148,=0.5852,=14.1836,=20.2178,=26.5906,=41.2993,=123.1725,=2.8468,=0.8511,=1.2149,=1.7612,=2.3285,=2.7778,=3.6232,=2.7242,=0.9988,=0.7463,=1.0146,=1.2527,=1.7912,=2.7955,=0.0215,=0.0913,=0.0219,=0.0210,=337
="399394",国证医药,2012-10-29,=0.0009,=7199.1900,=-0.1517,=30.6063,=0.2973,=22.8656,=29.2541,=34.2925,=39.8130,=65.8576,=2.8274,=0.0070,=2.7032,=3.4419,=4.5038,=5.4654,=8.6075,=2.5636,=0.1237,=1.9890,=2.7172,=3.1614,=4.7431,=6.5385,=0.0285,=0.0916,=0.0308,=0.0169,=1065
="399330",深证100,2006-01-24,=0.0287,=6678.1100,=0.1479,=31.0576,=0.9476,=14.9910,=20.3720,=22.6583,=26.9150,=38.9547,=3.1662,=0.7060,=1.9919,=2.4968,=2.9386,=3.5438,=5.5535,=2.2758,=0.7113,=1.3434,=1.7250,=2.0973,=2.4344,=4.0791,=0.0278,=0.0897,=0.0269,=0.0170,=2330
="000841",800医药,2012-12-21,=-0.0020,=7183.0154,=-0.1407,=31.0689,=0.3967,=21.4494,=28.0346,=32.2999,=37.6239,=58.1462,=2.7633,=0.0482,=2.4193,=3.1935,=3.8056,=4.3897,=6.5122,=3.7075,=0.6276,=1.7815,=2.8895,=3.4449,=4.3666,=6.1565,=0.0288,=0.0871,=0.0293,=0.0180,=590
="930632",CS稀金属,2015-05-12,=0.0457,=3019.5773,=0.1138,=31.1880,=0.3167,=10.0759,=24.6559,=42.7770,=102.5259,=902.9270,=4.0525,=0.6515,=1.7714,=2.4678,=3.4522,=4.4058,=7.1765,=2.9090,=0.7670,=1.0736,=1.5817,=2.0627,=2.9980,=4.1072,=0.0489,=0.1107,=0.0216,=0.0072,=359
="000009",上证380,2010-11-29,=0.0234,=7061.3000,=0.0718,=31.2134,=0.9023,=11.6192,=14.6240,=18.0435,=25.1263,=39.7002,=2.2937,=0.7629,=1.2909,=1.6341,=1.9524,=2.3752,=2.8641,=1.4457,=0.7687,=0.7850,=0.9356,=1.0814,=1.5163,=1.8994,=0.0195,=0.0662,=0.0205,=0.0156,=865
="930791",CS医药TI,2016-03-22,=-0.0010,=7942.3279,=-0.1423,=31.4197,=0.2606,=23.2364,=30.0855,=35.6961,=40.8654,=70.7414,=2.4911,=0.0021,=2.4395,=3.0537,=3.8895,=4.6090,=6.6660,=2.3237,=0.0540,=2.0598,=2.5843,=2.9942,=3.5454,=5.1130,=0.0251,=0.0784,=0.0255,=0.0174,=195
="H30463",沪港深500医药,2014-11-28,=-0.0076,=6450.1815,=-0.1696,=31.4813,=0.2390,=23.3470,=30.9787,=35.4833,=42.6572,=94.1690,=2.9877,=0.0253,=2.7545,=3.5443,=4.4518,=5.5958,=10.0878,=2.8389,=0.2066,=1.9470,=2.8257,=3.3059,=4.1962,=9.3489,,=0.0979,,=0.0151,=34
="000949",中证农业,2009-10-28,=0.0004,=4768.8629,=-0.1763,=31.4846,=0.6120,=14.4444,=21.2919,=29.1169,=36.7819,=1184.8568,=2.3316,=0.0606,=2.0719,=2.5495,=3.2801,=4.0480,=5.2895,=1.2271,=0.2132,=0.8980,=1.1771,=1.7321,=2.0301,=2.8101,=0.0068,=0.0985,=0.0327,=0.0218,=1046
="399005",中小板指,2006-01-24,=0.0279,=9193.8000,=0.1125,=31.4975,=0.6214,=16.1163,=23.0542,=28.5542,=34.0170,=44.0181,=3.1740,=0.3485,=2.0289,=2.7421,=3.4571,=4.3360,=5.3697,=2.1923,=0.3922,=1.3510,=1.8219,=2.3846,=3.3216,=4.1546,=0.0255,=0.0988,=0.0255,=0.0127,=3248
="931579",东证优势成长,2020-11-09,=0.0338,=9696.7254,=0.2705,=31.6537,=0.8491,=7.9327,=14.2121,=19.0732,=29.9205,=61.0103,=6.4016,=0.8802,=0.9149,=2.5888,=3.3907,=5.8146,=9.3390,=3.9613,=0.8942,=1.1828,=2.0481,=2.3501,=3.6181,=6.0793,=0.0548,=0.1983,=0.0468,=0.0102,=135
="930719",CS精准医,2015-08-05,=0.0078,=2290.2195,=-0.1385,=31.7384,=0.0128,=29.3195,=38.0594,=52.3765,=67.0564,=102.1078,=3.7907,=0.0435,=3.4982,=4.5628,=6.0631,=9.0189,=14.5104,=5.7087,=0.0628,=5.1956,=6.1907,=7.4543,=10.6316,=18.8625,=0.0301,=0.1091,=0.0230,=0.0090,=340
="399315",巨潮中盘,2005-02-03,=0.0301,=5241.3100,=0.1013,=31.8658,=0.8367,=14.3715,=18.4227,=22.9154,=29.8424,=46.2941,=2.5348,=0.7571,=1.5252,=1.8923,=2.1501,=2.5842,=2.9380,=1.8658,=0.9682,=0.8408,=1.2254,=1.4278,=1.6511,=2.0305,=0.0239,=0.0707,=0.0202,=0.0144,=20
="1000005",上海非金融A股,1994-01-01,,,,=32.2156,=0.9039,=15.3520,=20.3290,=23.4523,=29.7543,=34.6296,=2.2668,=0.8177,=1.5456,=1.8178,=2.0400,=2.2581,=2.5831,=1.3848,=0.9678,=0.7548,=0.9329,=1.0746,=1.1982,=1.4787,=0.0209,=0.0661,=0.0198,=0.0182,=189
="931798",光伏龙头30,2009-06-16,=0.0266,=2301.4377,=0.1058,=32.5979,=0.6874,=8.0886,=17.2411,=24.1376,=37.6614,=66.5518,=2.8622,=0.6404,=1.6869,=2.0192,=2.4036,=4.5878,=8.3847,=2.3233,=0.6944,=0.9999,=1.3294,=1.6701,=3.0761,=5.7040,=0.0172,=0.0745,=0.0196,=0.0109,=193
="930614",环保50,2015-04-07,=0.0204,=2314.8632,=0.0081,=32.8532,=0.7431,=13.7595,=20.5125,=26.7788,=35.1194,=50.3864,=2.9089,=0.5278,=1.9059,=2.3842,=2.8803,=3.6683,=6.0727,=2.9015,=0.5010,=1.6847,=2.2438,=2.8993,=3.3746,=6.6309,=0.0222,=0.0831,=0.0199,=0.0170,=206
="000994",全指电信,2011-08-02,=0.0447,=16240.5689,=0.4581,=33.0614,=0.4627,=17.6024,=21.7761,=34.4316,=52.5847,=109.2407,=3.0572,=0.7971,=1.3865,=1.8410,=2.5290,=3.0631,=3.7766,=2.9193,=0.9992,=0.9155,=1.2459,=1.5308,=1.8682,=2.9837,=0.0216,=0.0895,=0.0218,=0.0194,=227
="399295",创价值,2019-01-23,=0.0299,=5621.5200,=0.0418,=33.0647,=0.4011,=20.8863,=26.5770,=39.9622,=56.9684,=73.8741,=5.6584,=0.4482,=3.7254,=4.5960,=5.8341,=8.9982,=11.5385,=4.3883,=0.3838,=2.5684,=3.4750,=5.3848,=9.1566,=12.8251,=0.0387,=0.1758,=0.0398,=0.0135,=612
="399008",中小300,2010-03-22,=0.0279,=1797.5500,=0.0863,=33.1837,=0.6643,=17.8364,=25.4661,=30.4241,=35.5647,=45.5477,=2.9091,=0.4404,=1.7846,=2.4620,=2.9840,=3.8218,=4.7778,=1.9838,=0.4313,=1.1664,=1.6529,=2.0791,=2.8239,=3.8663,=0.0232,=0.0868,=0.0228,=0.0127,=506
="000977",内地低碳,2011-01-21,=0.0192,=2099.6126,=0.0072,=33.2275,=0.7522,=13.7595,=20.8967,=26.8104,=35.4182,=50.3864,=2.9184,=0.5394,=1.9264,=2.3844,=2.8724,=3.6471,=6.0727,=2.9147,=0.5518,=1.6847,=2.2202,=2.8369,=3.3944,=6.7765,=0.0220,=0.0823,=0.0200,=0.0169,=386
="931487",SHS人工智能50,2020-05-06,=0.0202,=2230.7831,=0.0132,=33.5305,=0.6414,=18.6614,=25.5335,=31.6025,=37.3120,=66.0883,=4.6373,=0.4935,=3.0781,=4.0441,=4.6535,=6.4905,=10.5947,=4.9789,=0.4053,=3.3555,=4.4979,=5.1833,=6.8298,=9.5096,,=0.1427,,=0.0079,=74
="930965",HKC医药C,2017-06-23,=-0.0102,=2719.6728,=-0.1614,=33.6954,=0.5146,=18.1989,=25.6878,=32.8567,=72.5561,=6384.2329,=2.1267,=0.2954,=1.4216,=1.9406,=2.7071,=3.7028,=6.9841,=1.2634,=0.4107,=0.7160,=1.0291,=1.3270,=1.7333,=3.7092,,=0.0645,,=0.0130,=156
="931235",中证电信,2022-07-21,=0.0281,=3317.5522,=0.2235,=33.7331,=0.9979,=15.5242,=18.6819,=21.3089,=25.9097,=34.5295,=3.2135,=0.9979,=0.8741,=1.6331,=1.9060,=2.2900,=3.2259,=2.9700,=0.9979,=0.6427,=1.3789,=1.7107,=2.1103,=3.0401,=0.0216,=0.0917,=0.0212,=0.0185,=60
="399007",深证300,2009-11-04,=0.0290,=6410.7400,=0.1277,=34.0372,=0.9835,=15.3833,=21.4145,=25.0043,=28.8062,=36.0754,=2.9874,=0.6355,=1.8298,=2.3539,=2.8048,=3.2332,=4.4351,=2.1496,=0.6095,=1.2839,=1.6547,=2.0025,=2.4005,=3.3177,=0.0257,=0.0779,=0.0236,=0.0150,=585
="399376",小盘成长,2010-01-04,=0.0351,=7122.1800,=0.1214,=34.1291,=0.8709,=14.4007,=20.2318,=25.5978,=32.5568,=60.1410,=3.3258,=0.8594,=1.6246,=2.0607,=2.3694,=3.1566,=4.0524,=1.8621,=0.7522,=0.7224,=1.0640,=1.2045,=1.9658,=3.4032,=0.0271,=0.1002,=0.0195,=0.0124,=285
="000812",细分机械,2012-04-11,=0.0195,=7731.9360,=0.0051,=34.1527,=0.5835,=14.1771,=22.0432,=31.9380,=40.3976,=51.3583,=3.0289,=0.6907,=1.6005,=2.1653,=2.5223,=3.4001,=5.3964,=2.0175,=0.6548,=1.1287,=1.4635,=1.7264,=2.2895,=3.5603,=0.0226,=0.0835,=0.0173,=0.0157,=196
="931733",绿色能源,2021-08-19,=0.0260,=5162.9209,=-0.0131,=34.1801,=0.5871,=12.7308,=19.1138,=32.4703,=41.7406,=65.3510,=3.4052,=0.4353,=2.3311,=2.7857,=3.5231,=5.5427,=8.0150,=2.3314,=0.5060,=1.3651,=1.7567,=2.3172,=4.3927,=7.5185,=0.0248,=0.0932,=0.0189,=0.0145,=25
="399088",深创100,2020-02-18,=0.0249,=5839.3300,=0.1568,=34.7356,=0.7267,=15.3025,=21.8523,=26.8048,=38.1852,=56.8187,=5.1563,=0.7398,=2.2889,=3.2871,=4.0426,=5.3696,=6.8856,=3.3308,=0.7157,=1.4223,=1.9746,=2.4379,=3.7436,=5.1281,=0.0356,=0.1522,=0.0358,=0.0120,=74
="931946",畜牧养殖,2023-07-28,=-0.0014,=599.9389,=-0.2030,=34.8225,=0.6941,=14.8058,=16.2309,=21.6081,=45.2411,=702.5962,=2.2527,=0,=2.2527,=2.5791,=2.6869,=2.7917,=3.1405,=0.9462,=0.0402,=0.8870,=1.0422,=1.0969,=1.1384,=1.2139,=0.0043,=0.0943,=0.0400,=0.0327,=1
="930721",CS智汽车,2015-08-05,=0.0228,=5341.9398,=-0.0763,=34.8244,=0.2593,=27.2408,=33.9708,=39.6190,=48.9375,=67.2850,=3.5135,=0.3065,=2.5208,=3.3047,=3.8204,=5.3834,=7.3638,=1.3629,=0.0536,=1.1981,=1.4974,=1.8510,=2.6409,=3.8976,=0.0150,=0.1014,=0.0176,=0.0067,=468
="931186",中证科技,2019-05-30,=0.0341,=7136.2511,=0.0661,=34.9088,=0.4369,=19.1938,=30.3038,=36.1969,=47.2471,=73.9401,=4.7940,=0.6019,=2.6301,=3.5946,=4.5441,=6.3630,=8.1242,=2.7256,=0.4885,=1.4264,=2.0863,=2.7623,=4.5407,=6.0737,=0.0291,=0.1226,=0.0174,=0.0111,=953
="000827",中证环保,2012-09-25,=0.0226,=1927.8100,=0.0345,=35.2639,=0.7967,=14.0379,=21.0113,=28.2441,=35.3970,=50.6551,=2.8311,=0.5130,=1.7878,=2.2200,=2.8109,=3.3836,=5.4589,=2.9197,=0.6190,=1.6068,=2.0649,=2.7366,=3.2515,=6.2202,=0.0211,=0.0761,=0.0181,=0.0156,=6248
="931409",SHS创新药,2020-02-20,=-0.0083,=1782.5786,=-0.1550,=35.2711,=0.2304,=24.9819,=34.4429,=39.5860,=59.6896,=94.9889,=3.4343,=0.2950,=2.3431,=3.2671,=4.1235,=6.4611,=8.9149,=5.1580,=0.6466,=2.2896,=3.1894,=4.0011,=6.5431,=8.2645,,=0.0994,,=0.0113,=308
="H11054",装备产业,2009-07-22,=0.0190,=3018.8111,=0.0377,=35.4088,=0.6686,=15.6342,=24.4968,=31.7702,=38.5456,=58.0282,=3.1162,=0.7328,=1.6944,=2.1254,=2.6004,=3.3173,=5.1308,=2.2105,=0.7192,=1.2119,=1.4823,=1.8778,=2.3505,=3.6241,=0.0221,=0.0859,=0.0174,=0.0132,=40
="399326",成长40,2006-01-24,=0.0439,=8607.2500,=0.3518,=35.4981,=0.8404,=11.4413,=22.5069,=27.7029,=32.3494,=67.8360,=7.9042,=0.9245,=2.3502,=3.7081,=4.7157,=6.4113,=10.3842,=4.8022,=0.9835,=1.6605,=2.3239,=3.0468,=3.9088,=5.1844,=0.0646,=0.2161,=0.0378,=0.0091,=273
="931456",中国教育,2020-04-21,=-0.0018,=977.6016,=-0.1928,=35.5534,=0.0006,=35.4967,=56.4642,=94.9927,=-131.0391,=28609.2511,=2.6407,=0.3227,=1.5831,=2.4370,=2.9605,=3.9141,=9.7545,=2.6312,=0.1516,=1.7011,=2.7958,=3.3761,=4.8732,=11.2012,,=0.0593,,=0.0084,=169
="399850",深证50,2023-10-18,=0.0288,=10438.9900,=0.1434,=35.6133,=0.9717,=16.5344,=19.9751,=23.2317,=26.9521,=36.7629,=4.0467,=0.9784,=2.5911,=2.9318,=3.2197,=3.6881,=4.1754,=2.2828,=0.9750,=1.3017,=1.4795,=1.6764,=2.0374,=2.3564,=0.0301,=0.0973,=0.0318,=0.0169,=80
="000905",中证500,2007-01-15,=0.0267,=8176.1800,=0.0952,=35.6625,=0.8767,=15.7028,=21.2812,=25.5686,=33.2821,=51.1137,=2.4790,=0.8058,=1.3824,=1.7164,=1.9211,=2.4596,=3.1031,=1.7118,=0.8268,=0.8118,=1.0305,=1.1724,=1.6058,=2.2608,=0.0210,=0.0620,=0.0169,=0.0128,=38045
="000982",500等权,2011-06-13,=0.0211,=9531.4500,=0.0560,=35.6625,=0.8767,=15.7028,=21.2829,=25.5686,=33.2821,=51.1137,=2.4790,=0.8058,=1.3824,=1.7163,=1.9213,=2.4593,=3.1031,=1.7118,=0.8268,=0.8118,=1.0305,=1.1724,=1.6050,=2.2608,=0.0210,=0.0620,=0.0169,=0.0128,=31
="931187",科技100,2019-05-30,=0.0330,=5149.3362,=0.1160,=35.7002,=0.8209,=18.1467,=22.1634,=25.9812,=34.8568,=49.5031,=3.6411,=0.6183,=2.3703,=2.7883,=3.3261,=4.2353,=5.4633,=2.2447,=0.6066,=1.2579,=1.6310,=2.0527,=2.6746,=4.1304,=0.0201,=0.0911,=0.0217,=0.0099,=850
="399001",深证成指,1995-01-23,=0.0302,=15268.7100,=0.1289,=35.7266,=0.9889,=15.9054,=22.8547,=26.5146,=30.6915,=37.9696,=2.9764,=0.6379,=1.7472,=2.2797,=2.7209,=3.2679,=4.0402,=2.1396,=0.6355,=1.2229,=1.6063,=1.9123,=2.3972,=2.9683,=0.0249,=0.0747,=0.0225,=0.0141,=3690
="399412",国证新能,2014-05-16,=0.0286,=2989.7400,=0.0099,=35.7861,=0.7047,=13.6858,=20.0843,=24.3920,=40.0619,=66.6027,=3.2075,=0.6643,=1.6349,=2.2652,=2.7179,=3.9698,=7.3016,=1.9861,=0.6751,=0.7993,=1.1788,=1.5268,=2.5873,=5.3757,=0.0217,=0.0862,=0.0211,=0.0127,=360
="399612",中创100,2011-02-28,=0.0345,=3246.4300,=0.1760,=35.9614,=0.7530,=18.0203,=24.5371,=31.1472,=39.8478,=52.6199,=4.4781,=0.6470,=2.5576,=3.3599,=4.1932,=5.1140,=7.4671,=2.9591,=0.4738,=1.6155,=2.2648,=3.0480,=4.0076,=5.8630,=0.0320,=0.1210,=0.0297,=0.0112,=158
="930648",CS智消费,2015-06-05,=0.0327,=4228.2574,=0.1547,=36.1376,=0.9023,=15.4538,=22.2407,=24.9517,=31.5182,=51.6043,=4.2986,=0.8833,=2.1406,=2.8085,=3.2135,=3.9717,=5.4486,=1.9526,=0.8548,=0.8328,=1.2861,=1.4798,=1.8427,=2.9491,=0.0253,=0.1077,=0.0239,=0.0125,=26
="931406",5G 50,2020-02-20,=0.0534,=3333.0669,=0.5659,=36.2174,=0.8310,=15.2657,=20.5745,=23.4114,=34.3173,=51.5506,=3.9964,=0.8638,=1.5292,=1.9604,=2.4278,=3.7991,=5.3757,=2.6333,=0.9980,=0.9155,=1.4014,=1.5800,=1.8898,=2.7076,=0.0252,=0.1023,=0.0236,=0.0153,=702
="000962",中证中游,2010-04-16,,,=0.2108,=36.2300,=0.9748,=12.7529,=17.3536,=20.1642,=27.2879,=38.0461,=3.4071,=0.9938,=1.5782,=1.9009,=2.2346,=2.5747,=3.5590,=1.6867,=0.9934,=0.6672,=0.8352,=0.9844,=1.1328,=1.7655,=0.0222,=0.0826,=0.0192,=0.0110,=16
="931746",储能产业,2015-06-11,=0.0232,=3625.9043,=-0.0195,=36.4890,=0.6341,=12.7536,=19.4820,=32.8888,=42.6259,=70.6293,=3.3623,=0.4802,=2.2823,=2.7318,=3.3898,=5.1079,=8.8670,=2.1205,=0.5963,=1.1513,=1.4899,=2.0084,=3.1811,=6.6557,=0.0195,=0.0831,=0.0177,=0.0116,=156
="000171",新兴成指,2017-01-25,=0.0400,=2454.6103,=0.3303,=36.6516,=0.8160,=15.0335,=20.2737,=24.6568,=35.5134,=63.8139,=4.9719,=0.6254,=2.6324,=3.2766,=4.3395,=6.3074,=10.8185,=4.3040,=0.7971,=1.3680,=2.1118,=2.7660,=4.3183,=8.5894,=0.0336,=0.1371,=0.0326,=0.0119,=203
="399996",智能家居,2014-09-17,=0.0313,=5271.1300,=0.1466,=36.9882,=0.9002,=17.5405,=23.3761,=27.7580,=33.5838,=47.8369,=4.5684,=0.9678,=2.2523,=2.8549,=3.4652,=4.0987,=5.0256,=2.3344,=0.9361,=1.0942,=1.4673,=1.7629,=2.0703,=2.7965,=0.0273,=0.1118,=0.0260,=0.0136,=206
="931591",1000成长创新,2020-11-09,=0.0235,=35495.2899,=0.0845,=37.2371,=0.8876,=18.0900,=24.4372,=32.1350,=35.7484,=40.6167,=4.0375,=0.6908,=2.0923,=3.0011,=3.4009,=4.3612,=5.3788,=4.2150,=0.8950,=1.8413,=2.7345,=3.0971,=3.8443,=5.2879,=0.0271,=0.1062,=0.0239,=0.0110,=147
="932069",港股通医疗主题,2022-07-21,=-0.0112,=835.1632,=-0.1576,=37.2654,=0.8541,=20.9778,=25.7442,=30.1312,=34.7299,=51.0900,=2.0396,=0.5377,=1.4397,=1.6143,=1.9374,=2.6059,=3.0086,=1.0958,=0.5918,=0.6760,=0.7643,=0.9625,=1.4220,=1.6308,,=0.0571,,=0.0137,=16
="399389",国证通信,2011-12-02,=0.0484,=12881.0700,=0.5445,=37.5426,=0.4037,=15.1336,=21.7733,=47.8897,=65.1875,=153.7967,=3.2834,=0.8652,=1.3245,=1.8461,=2.4671,=3.0648,=3.9804,=3.0964,=0.9992,=0.9743,=1.4589,=1.6822,=1.8945,=3.1462,=0.0209,=0.0855,=0.0209,=0.0178,=50
="399971",中证传媒,2014-04-15,=0.0161,=1281.4100,=-0.1296,=37.9498,=0.6528,=18.4593,=27.0874,=34.9207,=44.8257,=90.0483,=2.1645,=0.2214,=1.5359,=2.1332,=2.5757,=3.3200,=5.5544,=2.6962,=0.2219,=1.9674,=2.6590,=3.1983,=4.6850,=7.1445,=0.0163,=0.0602,=0.0206,=0.0194,=6310
="HSIDI",恒生创新药指数,2023-01-01,=-0.0084,=2154.4800,=-0.2002,=38.1578,=0.1200,=21.3081,=46.0019,=55.3751,=107.2757,=157.2991,=3.0217,=0.6627,=1.7148,=2.1268,=2.6555,=3.9776,=5.1867,=2.6883,=0.6805,=1.5892,=1.8255,=2.2884,=3.4164,=4.4669,,=0.1014,,=0.0099,=232
="HSSCID",恒生港股通创新药指数,2023-07-01,=-0.0092,=2539.4200,=-0.1971,=38.1578,=0.1905,=20.9262,=38.8698,=44.7492,=61.3073,=216.1774,=3.0217,=0.6592,=1.6870,=2.0101,=2.5583,=4.1115,=5.1867,=2.6883,=0.6467,=1.6002,=1.8729,=2.4099,=3.5624,=4.4669,,=0.1014,,=0.0099,=113
="930712",CS物联网,2015-07-31,=0.0326,=5183.4573,=0.2429,=38.2372,=0.8388,=21.9217,=27.4652,=32.4305,=37.3213,=50.1215,=5.1420,=0.8301,=2.7515,=3.4472,=4.0807,=4.9191,=7.1882,=2.7408,=0.8540,=1.2084,=1.7388,=2.0107,=2.4168,=3.5102,=0.0346,=0.1340,=0.0303,=0.0118,=164
="930598",稀土产业,2015-03-02,=0.0379,=2998.2334,=0.0682,=38.6384,=0.4635,=21.1133,=29.2013,=39.8104,=71.5344,=279.2691,=3.3464,=0.9027,=1.4810,=1.9699,=2.3148,=3.0262,=4.3047,=1.6061,=0.7600,=0.6656,=0.9718,=1.1868,=1.6646,=2.2389,=0.0350,=0.0883,=0.0227,=0.0095,=733
="399364",消费100,2009-08-03,=0.0341,=13124.4400,=0.2159,=38.8224,=0.9221,=15.8540,=22.4360,=26.5344,=33.8818,=49.3766,=4.8774,=0.8219,=2.6561,=3.2856,=3.7521,=4.6616,=7.3266,=2.5046,=0.8083,=1.3127,=1.6570,=1.9043,=2.4622,=4.2956,=0.0306,=0.1191,=0.0345,=0.0131,=311
="H30597",新材料,2015-02-13,=0.0554,=4845.7511,=0.1681,=39.2051,=0.6685,=14.0729,=21.7626,=33.2772,=44.6178,=77.0759,=4.0557,=0.6524,=2.1817,=2.8826,=3.6702,=5.2685,=8.9168,=2.7294,=0.4845,=1.2938,=2.0086,=2.7596,=3.7927,=7.1680,=0.0294,=0.0908,=0.0200,=0.0121,=312
="931994",电网设备主题,2022-10-11,=0.0391,=3544.4183,=0.4049,=39.2459,=0.9470,=15.6741,=19.9291,=22.6839,=27.0256,=44.9431,=3.8190,=0.9617,=1.9713,=2.2893,=2.4482,=2.7737,=4.2080,=2.4298,=0.9572,=1.2895,=1.4766,=1.6055,=1.8072,=2.6890,=0.0214,=0.0975,=0.0200,=0.0096,=248
="987018",港股通创新药,2021-11-18,,,=-0.1792,=39.5122,=0.3091,=22.9379,=35.5903,=50.7937,=96.3226,=537.2167,=3.0775,=0.4561,=1.6768,=2.2891,=3.2166,=4.1734,=6.0885,=4.7184,=0.3593,=2.6005,=3.5316,=5.3168,=7.1026,=12.1954,,=0.0844,,=0.0094,=314
="H30178",医疗保健,2013-07-15,=0.0014,=11872.3620,=-0.1254,=39.8365,=0.3860,=19.5848,=32.8016,=45.4062,=65.9914,=123.2936,=2.6093,=0.0004,=2.6077,=3.4151,=5.5979,=7.4864,=12.4381,=4.3566,=0.0004,=4.3539,=5.4264,=6.4461,=8.1023,=14.2518,=0.0196,=0.0653,=0.0216,=0.0152,=553
="1000011",A股非金融,1994-01-10,,,,=40.0255,=0.8874,=17.5718,=25.5269,=28.6060,=37.6445,=43.6945,=2.6186,=0.6981,=1.6561,=2.0403,=2.3286,=2.6944,=2.9749,=1.6527,=0.8808,=0.9476,=1.1421,=1.3066,=1.5706,=1.8156,=0.0205,=0.0612,=0.0189,=0.0149,=805
="931152",CS创新药,2019-04-22,=0.0027,=1605.0431,=-0.1526,=40.1831,=0.3229,=27.6044,=36.6490,=43.1786,=53.2135,=74.6844,=3.3165,=0.1892,=2.5551,=3.3400,=4.1949,=5.9531,=8.7449,=4.8137,=0.6910,=2.2436,=2.9115,=3.3970,=5.6097,=9.4897,=0.0271,=0.0786,=0.0224,=0.0121,=1871
="931785",智选沪深港科技50,2025-06-27,=0.0305,=2768.4022,=0.1609,=40.4578,=0.9038,=31.7791,=34.7572,=36.9376,=39.0109,=42.8496,=5.5500,=0.9038,=3.8679,=4.3304,=4.7737,=5.1753,=5.8703,=3.5552,=0.9038,=2.2695,=2.5764,=2.9564,=3.2884,=3.7658,,,,=0.0075,=9
="931718",高端造质量成长50,2021-08-25,=0.0367,=3745.9857,=0.2963,=40.4619,=0.8962,=16.3078,=22.0458,=28.7558,=36.4896,=49.4696,=6.2791,=0.8668,=3.1255,=3.9061,=4.8157,=5.8122,=8.1954,=3.8518,=0.8400,=1.7207,=2.2396,=2.9340,=3.6589,=5.3327,=0.0328,=0.1450,=0.0326,=0.0088,=27
="H30217",医疗器械,2013-07-15,=0.0015,=8601.0407,=-0.1240,=40.5501,=0.5171,=17.1055,=29.5762,=39.4572,=57.5754,=82.8778,=2.5546,=0.0004,=2.5519,=3.2747,=4.8526,=6.6162,=11.6091,=4.6872,=0.0289,=4.1030,=5.3689,=6.0851,=8.2841,=13.3528,=0.0184,=0.0626,=0.0209,=0.0156,=1319
="399276",创科技,2020-10-26,=0.0406,=9791.0800,=0.2082,=40.6345,=0.5667,=20.4624,=26.4427,=37.6349,=59.0888,=84.1667,=7.1996,=0.7340,=3.5855,=4.4178,=5.7789,=8.6654,=12.0896,=5.6045,=0.6956,=2.4145,=3.2690,=4.7062,=8.9064,=12.2359,=0.0430,=0.1724,=0.0380,=0.0103,=10
="399625",中创500,2011-08-15,=0.0354,=2821.4200,=0.1579,=40.6640,=0.7835,=20.4615,=28.9847,=35.6912,=41.1429,=52.5750,=4.0004,=0.6701,=2.1192,=2.8827,=3.5469,=4.3430,=5.2667,=2.8514,=0.5876,=1.4713,=2.0764,=2.6286,=3.4552,=4.5526,=0.0265,=0.0951,=0.0239,=0.0102,=164
="399363",云科技,2009-08-03,=0.0467,=14393.8200,=0.5405,=40.8419,=0.4289,=25.0041,=36.0760,=41.7146,=49.3835,=74.9161,=4.5786,=0.4557,=3.0187,=3.9521,=4.6722,=5.5957,=10.4646,=3.1382,=0.5266,=1.6015,=2.2265,=3.0731,=3.7507,=4.5583,=0.0491,=0.1469,=0.0254,=0.0135,=284
="931688",中证算力,2022-07-21,,,=0.4349,=40.9036,=0.9920,=18.0036,=20.6922,=23.5217,=31.8747,=42.7477,=4.3326,=0.9973,=1.6529,=1.8942,=2.2547,=3.2887,=4.4465,=3.0616,=0.9920,=1.3731,=1.5863,=1.7977,=2.4360,=3.1997,=0.0245,=0.1011,=0.0224,=0.0144,=100
="930771",CS新能源,2015-12-16,,,=0.0332,=41.0125,=0.6754,=11.2377,=23.2180,=34.3387,=45.1133,=62.8342,=2.9738,=0.5383,=1.7615,=2.1620,=2.8694,=3.9112,=7.2156,=2.5695,=0.6294,=1.2791,=1.6702,=2.2055,=3.0997,=6.6822,=0.0221,=0.0668,=0.0165,=0.0116,=31
="399808",中证新能,2015-02-10,=0.0314,=2849.0600,=0.0121,=41.0125,=0.5913,=11.2377,=23.4990,=36.7531,=46.4406,=62.8342,=2.9738,=0.5184,=1.7615,=2.1712,=2.9350,=3.8504,=7.2277,=2.5695,=0.6392,=1.2791,=1.6778,=2.2576,=3.0254,=6.6822,=0.0221,=0.0668,=0.0165,=0.0116,=1294
="931672",风电产业,2021-04-29,=0.0202,=1964.2375,=0.1151,=41.2347,=0.9790,=16.8665,=21.0945,=24.2037,=29.2243,=45.5856,=2.2634,=0.6893,=1.3490,=1.6703,=1.9833,=2.5029,=3.5946,=2.7550,=0.8220,=1.4458,=1.8887,=2.1372,=2.7004,=3.3215,=0.0166,=0.0571,=0.0184,=0.0093,=61
="399101",中小综指,2005-12-01,=0.0227,=15458.0200,=0.0627,=41.5593,=0.5563,=22.7937,=34.4929,=40.6769,=47.1764,=65.2068,=2.8689,=0.5406,=1.7151,=2.3689,=2.8051,=3.4476,=4.7418,=1.9634,=0.4647,=1.1654,=1.6542,=2.0186,=2.6073,=3.9938,=0.0208,=0.0674,=0.0195,=0.0115,=25
="931783",智能驾驶,2022-02-21,,,=-0.0630,=41.6313,=0.2905,=31.9944,=40.1550,=46.8396,=69.9394,=98.5983,=3.4320,=0.2953,=2.5981,=3.3371,=3.5736,=3.9701,=4.9384,=1.8476,=0.3557,=1.3276,=1.7247,=1.9381,=2.1252,=2.7953,=0.0149,=0.0928,=0.0256,=0.0085,=11
="1000012",中小板全指,2005-12-01,=0.0227,=15458.0200,=0.0627,=41.7120,=0.5274,=22.6352,=35.3655,=41.3070,=48.8226,=73.8161,=2.8815,=0.5394,=1.7125,=2.3729,=2.8170,=3.4758,=4.7425,=1.9343,=0.4598,=1.1448,=1.6386,=2.0029,=2.6012,=3.9859,=0.0209,=0.0671,=0.0194,=0.0114,=566
="931447",科技先锋,2020-04-21,=0.0263,=3307.9820,=0.0720,=42.7560,=0.6370,=19.0346,=27.1494,=36.6687,=47.6876,=82.3567,=4.9451,=0.6498,=2.7045,=3.4023,=4.2651,=6.7276,=10.6025,=2.6413,=0.5751,=1.4804,=1.9082,=2.3996,=3.7266,=7.0848,=0.0256,=0.0990,=0.0202,=0.0099,=18
="980015",疫苗生科,2015-02-16,=0.0042,=5151.4500,=-0.1805,=42.7986,=0.5132,=24.1714,=31.1328,=42.4093,=53.6550,=80.8207,=3.1551,=0.0249,=2.9980,=3.5804,=4.1438,=6.9066,=11.0606,=5.5799,=0.2464,=4.5746,=5.4806,=6.3941,=9.4665,=15.0694,=0.0223,=0.0693,=0.0219,=0.0120,=73
="930726",CS生医,2015-08-05,=-0.0023,=2059.0595,=-0.1569,=43.1558,=0.4132,=24.4874,=31.9329,=48.6184,=62.2723,=107.1179,=3.6418,=0.0322,=3.1768,=4.4320,=6.8853,=8.5259,=14.2976,=6.4706,=0.1472,=4.8871,=6.8307,=9.9696,=12.5690,=19.9452,=0.0287,=0.0766,=0.0261,=0.0105,=835
="399667",创业成长,2013-01-07,=0.0467,=7432.4100,=0.3448,=43.2041,=0.6961,=21.3636,=29.5830,=38.5910,=51.7989,=90.9628,=7.7488,=0.8198,=2.9224,=4.0916,=4.8759,=7.3691,=10.8589,=5.4594,=0.6454,=2.4713,=3.4035,=4.6724,=6.8825,=10.3001,=0.0481,=0.1635,=0.0355,=0.0081,=85
="399285",物联网50,2020-02-18,=0.0350,=8374.4400,=0.3258,=44.3503,=0.9351,=21.8675,=26.3810,=31.3705,=38.2362,=48.8450,=6.1058,=0.9676,=2.6765,=3.4074,=4.0017,=5.2709,=6.4883,=3.9787,=0.9945,=1.7407,=2.0170,=2.4132,=3.1013,=4.1014,=0.0353,=0.1364,=0.0304,=0.0103,=93
="930651",CS计算机,2015-06-05,=0.0217,=7476.9747,=-0.0357,=45.1848,=0.2252,=33.6687,=44.4372,=56.8335,=67.2741,=115.0591,=4.5916,=0.5790,=2.6283,=3.7942,=4.3706,=5.1241,=6.5144,=2.7132,=0.0808,=2.0877,=2.9123,=3.6362,=4.3126,=5.6880,=0.0244,=0.0892,=0.0073,=0.0100,=643
="399293",创业大盘,2019-04-18,=0.0410,=8130.3600,=0.2546,=45.5209,=0.6253,=20.6573,=29.3766,=41.1313,=54.3810,=71.9327,=7.1842,=0.6619,=3.4452,=4.6986,=6.2223,=9.2503,=13.4901,=5.8786,=0.5691,=2.8408,=3.9972,=5.6709,=9.9457,=14.8309,=0.0411,=0.1554,=0.0377,=0.0092,=180
="930743",中证生科,2015-08-26,=-0.0005,=2734.8296,=-0.1695,=45.7030,=0.3786,=24.0733,=39.5208,=50.2107,=59.8284,=100.3520,=3.0785,=0.0091,=2.9526,=3.8829,=6.1699,=8.0612,=14.6705,=5.4269,=0.0408,=4.7455,=6.2877,=8.8688,=12.4379,=18.8359,=0.0226,=0.0618,=0.0204,=0.0110,=1218
="399296",创成长,2019-01-23,=0.0520,=9110.1800,=0.4618,=45.8494,=0.5585,=22.4911,=30.6872,=43.3200,=64.1262,=104.6935,=9.6994,=0.7636,=3.9463,=4.9269,=6.9381,=10.5938,=14.9802,=7.0126,=0.6728,=2.5417,=3.4550,=5.8126,=12.0416,=17.3385,=0.0584,=0.2040,=0.0396,=0.0073,=1061
="000998",中证TMT,2011-11-08,=0.0472,=3817.4565,=0.2982,=46.0467,=0.8730,=18.9989,=27.6163,=34.6442,=43.6265,=58.6698,=4.7503,=0.9637,=1.9674,=2.4618,=3.2922,=3.9696,=5.2875,=3.3434,=0.9967,=1.2505,=1.8092,=2.1803,=2.6036,=3.4635,=0.0233,=0.0900,=0.0196,=0.0113,=554
="931159",创新100,2019-05-16,=0.0291,=4219.0899,=0.2406,=46.2978,=0.7957,=24.8309,=32.2728,=36.1093,=46.3704,=59.7307,=5.6158,=0.8290,=2.9189,=3.6911,=4.3626,=5.5121,=7.4325,=4.4556,=0.7402,=2.3351,=3.1611,=3.7713,=4.8364,=6.6085,=0.0278,=0.1244,=0.0278,=0.0083,=228
="930662",CS现代农,2015-07-13,=-0.0050,=859.5778,=-0.1974,=46.6235,=0.7109,=13.0417,=20.4903,=28.4064,=61.6415,=301.1137,=2.0654,=0.0215,=1.8555,=2.5275,=2.8407,=3.1451,=4.3308,=0.9003,=0.0219,=0.8273,=1.0215,=1.1711,=1.5555,=2.1026,=-0.0091,=0.0850,=0.0345,=0.0258,=49
="399441",生物医药,2015-01-20,=-0.0003,=1778.5000,=-0.1712,=46.6531,=0.4647,=21.8350,=32.3563,=47.7821,=64.8488,=119.0737,=2.7299,=0.0573,=2.3073,=3.4029,=6.3593,=7.8152,=13.6606,=5.2727,=0.1369,=3.6424,=5.8948,=9.5227,=14.0528,=21.5399,=0.0194,=0.0565,=0.0192,=0.0129,=1677
="930986",金融科技,2017-06-22,=0.0176,=2337.5938,=-0.2511,=46.7976,=0.3126,=32.2484,=42.9273,=55.7813,=81.7023,=257.1796,=4.2324,=0.2970,=2.5474,=4.0143,=4.7025,=5.8262,=7.7786,=5.9754,=0.6933,=2.9625,=3.8681,=4.7472,=7.0195,=9.8281,=0.0192,=0.0872,=0.0151,=0.0084,=253
="399006",创业板指,2010-06-01,=0.0393,=3961.7500,=0.2368,=46.9720,=0.6247,=22.8885,=32.3387,=42.0386,=55.4747,=79.6826,=6.3682,=0.7819,=3.0035,=4.0151,=4.8501,=6.5189,=9.5804,=4.6893,=0.5303,=2.3312,=3.4103,=4.5414,=6.4430,=8.4805,=0.0369,=0.1330,=0.0313,=0.0088,=16523
="399673",创业板50,2014-06-18,=0.0399,=4294.8700,=0.2668,=47.0596,=0.6491,=20.6075,=30.6784,=42.5432,=57.5297,=106.7499,=7.5687,=0.8115,=3.1473,=4.3234,=5.2416,=7.4504,=11.7288,=5.9713,=0.6301,=2.6907,=4.1383,=5.4999,=7.8085,=13.3154,=0.0447,=0.1569,=0.0355,=0.0082,=5493
="399803",工业4.0,2015-02-13,=0.0330,=6803.8800,=0.2648,=47.7988,=0.8025,=19.7294,=27.9595,=36.1500,=47.7492,=61.8732,=5.5340,=0.7856,=2.6645,=3.4308,=4.3466,=5.6116,=8.0266,=2.6753,=0.5596,=1.5023,=2.0108,=2.5353,=3.2603,=4.8981,=0.0258,=0.1072,=0.0218,=0.0083,=485
="930599",中证高装,2015-03-02,=0.0377,=10741.4031,=0.2744,=48.3261,=0.8598,=19.5438,=27.7467,=34.6585,=45.4643,=65.7817,=4.6323,=0.9930,=1.8509,=2.5592,=3.1109,=3.6697,=4.8579,=2.6176,=0.9390,=1.2322,=1.6106,=1.9489,=2.4242,=2.8921,=0.0227,=0.0865,=0.0192,=0.0083,=115
="399316",巨潮小盘,2005-02-03,=0.0287,=6637.1400,=0.1038,=48.8348,=0.9225,=17.4883,=24.6121,=29.2581,=38.1914,=58.4724,=2.4140,=0.7806,=1.3049,=1.7086,=1.9640,=2.4499,=3.2926,=1.5407,=0.7501,=0.7478,=1.0120,=1.2294,=1.6791,=2.5759,=0.0167,=0.0444,=0.0142,=0.0113,=22
="399959",军工指数,2011-08-30,=0.0135,=1642.8500,=-0.0951,=49.2889,=0.1459,=34.5950,=50.7971,=60.8774,=73.4996,=167.2472,=2.9036,=0.2828,=2.0269,=2.6530,=3.2653,=4.0402,=5.9912,=2.6340,=0.1538,=2.1044,=2.7098,=3.3266,=3.8912,=5.2606,=0.0143,=0.0591,=0.0108,=0.0076,=4
="1000003",深圳A股,1994-01-01,=0.0244,=2742.6300,=0.0836,=49.3808,=0.8771,=20.1337,=32.6807,=37.4310,=46.7436,=60.3260,=2.9923,=0.6433,=1.7026,=2.2996,=2.6855,=3.2393,=3.9166,=2.1737,=0.6322,=1.2021,=1.6469,=1.9189,=2.3918,=3.2018,=0.0203,=0.0553,=0.0180,=0.0116,=1822
="399624",中创400,2011-08-15,=0.0364,=2910.2000,=0.1319,=50.6108,=0.8285,=22.4097,=32.9060,=40.4838,=48.7013,=82.4491,=3.4475,=0.8124,=1.6720,=2.4135,=2.8490,=3.4203,=5.3458,=2.7036,=0.8004,=1.2865,=1.8978,=2.2295,=2.7033,=4.6386,=0.0199,=0.0651,=0.0174,=0.0087,=230
="930820",CS高端制,2016-05-11,=0.0361,=10425.7242,=0.2314,=50.9465,=0.9753,=21.5994,=28.9923,=36.5596,=42.6415,=53.9836,=4.5015,=0.9414,=2.0597,=2.7148,=3.1883,=3.8632,=4.9567,=2.9073,=0.9835,=1.1980,=1.7166,=2.0514,=2.4691,=3.0730,=0.0220,=0.0816,=0.0186,=0.0081,=311
="000958",创业成长,2010-03-24,,,=0.2649,=51.9134,=0.9967,=11.9506,=17.5032,=24.3293,=30.6864,=54.4971,=10.1579,=0.9967,=2.6815,=3.7899,=5.1668,=6.3517,=10.6234,=6.3352,=0.9967,=1.2937,=1.9105,=2.5442,=3.9715,=6.6505,=0.0493,=0.2198,=0.0640,=0.0057,=667
="000852",中证1000,2014-10-17,=0.0294,=8318.7000,=0.0952,=54.1679,=0.8870,=18.9344,=30.9274,=37.8109,=48.0591,=81.8025,=2.7676,=0.7278,=1.4880,=2.1060,=2.4394,=2.9389,=4.2563,=1.9014,=0.7773,=0.9250,=1.3827,=1.5867,=1.9569,=3.5402,=0.0158,=0.0499,=0.0155,=0.0095,=7323
="399970",移动互联,2014-05-05,=0.0406,=5310.1100,=0.1903,=54.2102,=0.9171,=21.2604,=32.0602,=40.2094,=49.4546,=64.0807,=5.6614,=0.7988,=2.3944,=3.2977,=4.0649,=5.6677,=7.9573,=3.0638,=0.7402,=1.5790,=2.0679,=2.5539,=3.2865,=4.6665,=0.0246,=0.0808,=0.0175,=0.0070,=469
="399610",TMT50,2010-11-08,=0.0474,=13217,=0.3794,=54.7066,=0.9658,=21.0331,=30.1605,=38.0622,=46.3605,=64.7172,=7.2068,=0.9984,=2.4071,=3.2240,=4.0363,=5.1313,=7.4554,=3.9925,=0.9105,=1.5843,=2.0120,=2.7280,=3.7049,=4.9386,=0.0296,=0.1080,=0.0206,=0.0065,=518
="930821",中证VR,2016-05-11,=0.0362,=3812.5337,=0.1940,=55.2888,=0.7923,=17.6816,=31.5593,=43.0724,=55.7485,=175.0572,=3.7847,=0.7521,=1.7358,=2.3304,=2.8619,=4.0740,=5.0269,=2.2280,=0.6402,=1.1117,=1.4741,=1.9073,=2.8865,=3.7313,=0.0113,=0.0443,=0.0138,=0.0071,=146
="899050",北证50,2022-11-21,=0.0164,=1337.9300,=-0.0712,=55.4684,=0.6480,=15.5447,=18.3379,=31.0462,=63.5749,=91.3357,=4.7031,=0.7156,=2.0170,=2.4276,=2.9434,=4.9782,=5.6723,=3.9873,=0.6911,=1.3969,=1.6958,=2.0627,=4.2614,=5.1557,=0.0174,=0.0675,=-0.0021,=0.0077,=743
="930606",中证钢铁,2015-03-31,=0.0055,=985.5687,=-0.1540,=57.4047,=0.7588,=5.9346,=9.2015,=19.0117,=91.2121,=77593.1899,=0.9755,=0.3311,=0.7076,=0.9198,=1.0618,=1.3536,=2.0450,=0.4621,=0.5076,=0.2931,=0.3819,=0.4577,=0.6240,=1.2948,=0.0020,=0.0221,=0.0071,=0.0238,=764
="931165",新兴科技100,2019-04-25,=0.0374,=10474.6522,=0.2309,=57.4315,=0.9954,=17.0055,=23.2465,=29.2906,=39.3366,=59.4658,=11.0788,=0.9971,=3.5721,=4.3334,=5.3233,=7.5336,=11.4254,=10.3153,=0.9954,=3.0368,=3.6486,=4.8161,=6.2904,=10.6807,=0.0515,=0.1919,=0.0378,=0.0061,=519
="H30535",互联网,2015-01-12,=0.0407,=6512.9812,=0.3431,=57.7532,=0.9616,=14.4753,=20.8189,=35.3233,=47.8009,=65.8357,=7.4740,=0.9984,=1.7453,=2.4401,=3.2121,=4.0190,=7.7383,=4.5742,=0.9975,=1.1519,=1.6628,=1.9694,=2.8257,=4.7456,=0.0359,=0.1165,=0.0168,=0.0061,=23
="931087",科技龙头,2019-03-20,=0.0453,=7340.7976,=0.3966,=57.7932,=0.9554,=22.2848,=33.6114,=40.3695,=51.2250,=64.5538,=7.7338,=0.9731,=2.8190,=4.2140,=5.2709,=6.4628,=8.4597,=5.9910,=0.9783,=2.0316,=3.3073,=3.9477,=4.8965,=6.4338,=0.0321,=0.1080,=0.0209,=0.0051,=2083
="399994",信息安全,2015-03-12,=0.0207,=1623.5800,=-0.1094,=58.2413,=0.3621,=35.0629,=52.8202,=67.0359,=85.7906,=183.5630,=3.3781,=0.2070,=2.3256,=3.3615,=3.8826,=4.5747,=6.2767,=2.5328,=0.0396,=2.1829,=2.8927,=3.2635,=3.8380,=5.1182,=0.0078,=0.0539,=0.0040,=0.0123,=87
="931696",科技50策略,2021-07-12,=0.0430,=28022.1737,=0.3911,=59.3252,=0.9933,=23.0047,=27.7540,=33.6126,=42.9096,=61.7165,=9.3935,=0.9832,=3.0567,=3.9061,=4.4240,=7.0020,=9.7885,=5.1129,=0.9571,=1.9010,=2.3608,=2.6574,=4.0745,=6.7093,=0.0396,=0.1271,=0.0285,=0.0053,=12
="930707",中证畜牧,2015-07-13,=-0.0024,=1785.7009,=-0.1910,=59.8808,=0.7142,=11.3375,=17.7937,=26.8852,=113.3570,=237.1331,=2.0778,=0,=2.0778,=2.6880,=3.3138,=4.2745,=5.8838,=0.8598,=0.0062,=0.8185,=1.0421,=1.4358,=2.0957,=2.9452,=-0.0138,=0.0829,=0.0347,=0.0267,=1194
="980030",消费电子,2015-02-17,=0.0523,=10283.0800,=0.4153,=60.4523,=0.9894,=18.6467,=31.5554,=38.7250,=47.1681,=62.6236,=5.0745,=0.9721,=2.0026,=2.5921,=2.9787,=4.1525,=5.7500,=2.5690,=0.8885,=1.1413,=1.3967,=1.5705,=2.3144,=3.4515,=0.0190,=0.0648,=0.0154,=0.0057,=378
="000915",300信息,2007-07-02,=0.0495,=4339.2284,=0.3349,=62.2060,=0.9885,=20.6178,=34.5626,=39.6422,=47.6813,=68.0661,=7.3387,=0.9967,=2.7398,=3.5399,=4.3442,=5.3525,=7.7095,=3.5674,=0.6037,=1.6744,=2.1697,=3.2147,=4.1003,=4.9963,=0.0247,=0.0971,=0.0166,=0.0062,=18
="931380",科技50,2019-11-25,=0.0377,=4242.7672,=0.3428,=62.9166,=0.9425,=22.4426,=31.1774,=45.6796,=56.5620,=71.9143,=7.2358,=0.7694,=2.7627,=3.8643,=5.3363,=7.3675,=9.9144,=5.9022,=0.8572,=2.1802,=3.0576,=4.0697,=5.5885,=7.7525,=0.0253,=0.0951,=0.0118,=0.0063,=947
="931643",科创创业50,2021-06-01,=0.0454,=2730.5436,=0.3688,=63.9014,=0.8660,=22.6109,=28.4281,=39.8481,=57.3231,=92.9106,=8.3598,=0.8668,=3.3216,=4.1717,=5.1514,=7.0503,=12.1685,=7.5795,=0.8257,=2.7030,=3.3952,=4.5939,=6.9850,=14.6821,=0.0368,=0.1190,=0.0246,=0.0063,=1954
="930875",空天军工,2016-08-17,=0.0194,=2236.0602,=-0.0758,=64.6863,=0.6142,=27.3832,=45.4256,=55.4106,=73.2938,=98.7933,=3.5570,=0.4652,=2.4052,=3.1525,=3.6167,=4.9471,=7.9650,=3.1486,=0.3662,=2.1274,=2.8892,=3.7058,=4.5354,=7.7673,=0.0090,=0.0567,=0.0104,=0.0068,=104
="931461",电子50,2009-07-22,=0.0517,=8278.0457,=0.4042,=64.7808,=0.9893,=20.3357,=30.2775,=36.3324,=47.7926,=68.5957,=7.4661,=0.9967,=2.5323,=3.1789,=3.6815,=5.2368,=7.8706,=3.6528,=0.9320,=1.1588,=1.7975,=2.0585,=3.0434,=4.5428,=0.0239,=0.0884,=0.0169,=0.0057,=437
="931079",5G通信,2019-04-25,=0.0511,=3184.1264,=0.6517,=64.7996,=0.9971,=21.0709,=27.5543,=33.3869,=43.8015,=103.6981,=9.2184,=0.9988,=2.3623,=3.0356,=3.6033,=5.2299,=9.4703,=3.7151,=0.9988,=1.1916,=1.4867,=1.8659,=2.3189,=3.8274,=0.0389,=0.1398,=0.0276,=0.0051,=2266
="930713",CS人工智,2015-07-31,=0.0336,=6681.8873,=0.2650,=64.9702,=0.8499,=24.8131,=43.8200,=53.2725,=62.6714,=90.1869,=8.7155,=0.9955,=2.8384,=3.9100,=4.7027,=5.4124,=9.1508,=6.0900,=0.9938,=2.3148,=3.1674,=3.7880,=4.3095,=6.3979,=0.0330,=0.1245,=0.0172,=0.0050,=1029
="930850",智能制造,2016-07-20,=0.0398,=6252.1944,=0.3061,=64.9883,=0.9896,=23.4329,=32.5658,=41.3609,=49.9684,=69.7346,=6.4053,=0.9948,=2.5370,=3.5020,=4.1245,=5.0432,=6.8495,=3.7077,=0.8319,=1.5919,=2.3465,=2.7687,=3.5323,=5.3954,=0.0208,=0.0857,=0.0160,=0.0062,=361
="399303",国证2000,2014-03-28,=0.0268,=10834.5900,=0.0883,=65.4008,=0.9113,=23.3937,=36.3012,=42.0166,=53.4533,=96.7185,=2.9585,=0.8384,=1.4941,=2.0787,=2.2975,=2.7668,=4.2124,=2.2339,=0.8289,=1.0643,=1.3926,=1.5530,=2.1216,=3.4322,=0.0140,=0.0453,=0.0143,=0.0084,=712
="930652",CS电子,2015-06-05,=0.0512,=13428.1466,=0.3689,=65.6112,=0.9843,=21.2056,=33.8173,=43.2207,=51.6047,=71.5815,=7.1661,=0.9963,=2.2039,=3.1461,=3.6462,=4.7573,=7.6031,=3.8243,=0.9913,=1.4014,=2.0216,=2.2939,=3.0368,=4.1010,=0.0249,=0.0838,=0.0162,=0.0054,=473
="399291",创精选88,2019-11-06,=0.0516,=5420.7000,=0.1865,=66.1379,=0.8087,=32.8940,=42.1334,=54.3037,=65.3084,=106.4385,=4.3503,=0.8846,=1.8895,=2.8568,=3.4029,=3.9387,=4.9331,=4.8110,=0.9247,=1.9655,=2.6212,=3.0960,=4.2918,=5.5728,=0.0173,=0.0556,=0.0131,=0.0068,=40
="931494",消费电子,2020-06-12,=0.0507,=7227.6785,=0.4210,=66.1607,=0.9876,=20.2625,=31.6154,=38.4333,=50.8910,=69.6359,=6.8811,=0.9945,=2.1307,=2.8118,=3.4766,=5.0292,=7.2195,=3.3142,=0.9945,=1.3000,=1.6459,=1.9458,=2.5917,=3.4883,=0.0228,=0.0807,=0.0166,=0.0055,=222
="980022",机器人产业,2015-02-25,=0.0068,=2807.3200,=0.0579,=66.6245,=0.8634,=13.7974,=16.6212,=20.1120,=42.2661,=93.9438,=5.3960,=0.9175,=2.5198,=3.0521,=3.5904,=4.7512,=6.2730,=4.4877,=0.8698,=1.0172,=1.2341,=1.4233,=3.6334,=5.9220,=0.0186,=0.0892,=0.0245,=0.0049,=292
="931845",生猪产业,2012-04-11,,,=-0.2183,=67.0061,=0.7707,=12.7881,=21.1629,=29.0076,=101.0404,=705.7713,=2.3354,=0.0004,=2.3345,=2.8985,=3.4964,=4.1514,=5.7536,=0.8780,=0.0016,=0.8594,=1.0414,=1.6495,=2.1723,=2.8287,=-0.0154,=0.0788,=0.0361,=0.0301,=164
="399368",国证军工,2009-11-04,=0.0135,=7738.5600,=-0.0920,=67.2759,=0.5736,=38.1822,=54.2867,=63.7416,=78.3589,=107.0849,=3.2296,=0.6091,=2.0244,=2.5859,=3.0404,=3.5658,=4.3940,=3.1030,=0.4478,=1.8459,=2.5701,=3.1938,=3.6960,=4.8014,=0.0129,=0.0477,=0.0081,=0.0059,=12
="399973",中证国防,2014-04-15,=0.0167,=1705.4600,=-0.0831,=67.3298,=0.7130,=28.8580,=43.6048,=54.2028,=72.9113,=114.4667,=3.4750,=0.4441,=2.3880,=3.0104,=3.5793,=4.9227,=7.7047,=3.2217,=0.3806,=1.9566,=2.7338,=3.8958,=4.5657,=7.1179,=0.0086,=0.0535,=0.0095,=0.0066,=633
="931066",军工龙头,2018-02-05,=0.0061,=2945.4521,=-0.1474,=67.9874,=0.8707,=29.1719,=34.9281,=42.7487,=52.1333,=100.5281,=3.1589,=0.2060,=2.2914,=3.1491,=3.6915,=4.6227,=6.9932,=2.8871,=0.2437,=2.1745,=2.8222,=3.4531,=4.1887,=5.8746,=0.0067,=0.0495,=0.0098,=0.0072,=1066
="931009",建筑材料,2013-07-15,=0.0002,=5597.1188,=-0.1086,=68.7216,=0.9808,=8.0662,=10.3916,=14.5382,=24.8094,=95.7816,=0.9018,=0.0371,=0.7557,=1.0169,=1.5136,=1.9967,=2.4800,=0.9995,=0.2359,=0.6904,=0.9634,=1.1636,=1.5178,=2.1670,=-0.0025,=0.0109,=-0.0006,=0.0263,=741
="000935",中证信息,2009-07-03,=0.0496,=8450.1000,=0.3166,=68.8222,=0.9802,=22.3783,=36.3294,=44.9593,=54.4173,=77.7561,=7.0057,=0.9967,=2.5910,=3.3282,=4.0442,=4.7540,=7.3946,=4.0435,=0.9435,=1.7187,=2.2023,=2.7264,=3.5199,=4.5057,=0.0237,=0.0833,=0.0137,=0.0054,=1119
="399967",中证军工,2013-12-26,=0.0129,=12589.6400,=-0.1015,=68.8811,=0.5876,=41.8350,=54.9002,=65.1587,=98.0949,=170.1674,=3.4767,=0.6808,=2.0425,=2.6005,=3.1809,=3.8673,=4.8699,=3.1989,=0.5365,=2.0545,=2.7207,=3.1217,=4.0228,=5.8225,=0.0129,=0.0501,=0.0096,=0.0055,=5937
="931160",通信设备,2013-07-15,=0.0554,=25534.4636,=0.6516,=69.1131,=0.9052,=19.3231,=27.7990,=36.6958,=53.2595,=91.1971,=10.8337,=0.9992,=2.1520,=2.8712,=3.4260,=3.9732,=11.1425,=3.8961,=0.9992,=0.9706,=1.2833,=1.5072,=2.4398,=4.0096,=0.0428,=0.1280,=0.0276,=0.0053,=1255
="980080",成长100,2012-12-28,,,=0.3670,=69.6939,=0.9921,=39.4731,=44.7248,=49.2865,=57.3814,=70.7350,=7.8532,=0.9974,=3.0437,=3.6039,=5.3432,=6.5754,=7.9511,=4.9519,=0.9869,=2.0191,=2.3993,=2.9149,=4.1504,=5.0259,=0.0481,=0.1452,=0.0254,=0.0036,=180
="930910",农牧渔,2016-12-12,=-0.0032,=7976.3690,=-0.2001,=70.2179,=0.7366,=13.2246,=20.8538,=29.6093,=97.6120,=30031.8592,=2.0709,=0,=2.0709,=2.4998,=2.9732,=3.6474,=4.9084,=0.9303,=0.0135,=0.8679,=1.0784,=1.4873,=2.0561,=2.7290,=-0.0088,=0.0664,=0.0304,=0.0235,=11
="931071",人工智能,2018-11-21,=0.0342,=2953.3009,=0.3036,=70.3804,=0.9801,=30.9003,=39.6912,=48.4023,=56.5560,=74.4524,=10.9824,=0.9956,=2.9559,=3.8955,=4.7315,=5.8858,=11.5305,=8.9152,=0.9939,=2.2000,=2.7963,=3.1891,=4.0643,=9.3591,=0.0409,=0.1450,=0.0239,=0.0051,=1334
="399993",CSWD生科,2015-05-08,=0.0004,=2149.7900,=-0.1751,=71.4776,=0.7596,=31.0960,=44.1993,=56.6512,=73.5075,=122.8633,=3.0619,=0.0540,=2.5928,=3.6584,=6.1672,=7.6052,=15.2283,=6.1009,=0.1155,=4.8204,=6.7350,=9.3445,=14.2929,=21.1379,=0.0163,=0.0356,=0.0147,=0.0115,=68
="000993",全指信息,2011-08-02,=0.0498,=11216,=0.3216,=72.1368,=0.8746,=27.3163,=42.0292,=52.3360,=67.6311,=96.2351,=6.9760,=0.9963,=2.5265,=3.2907,=4.0167,=4.7003,=7.3820,=4.1494,=0.9097,=1.8009,=2.3376,=2.8251,=3.4660,=5.4447,=0.0221,=0.0751,=0.0134,=0.0051,=4081
="931582",数字经济,2020-11-09,=0.0409,=1774.7570,=0.2021,=72.4473,=0.9201,=35.0365,=43.8263,=50.1343,=65.7383,=83.2725,=7.5464,=0.9386,=3.4564,=4.8924,=5.6530,=6.5774,=9.8458,=6.6484,=0.7012,=2.4970,=3.8762,=5.8321,=7.6120,=11.8341,=0.0236,=0.0954,=0.0158,=0.0042,=182
="931866",中证机床,2022-05-09,=0.0303,=2749.1552,=0.5331,=73.3625,=0.9907,=28.6086,=36.8193,=40.3788,=52.8301,=75.6656,=7.6064,=1,=2.8302,=3.7428,=4.2813,=5.0273,=7.6064,=6.1880,=1,=2.4023,=3.1535,=3.4191,=4.1394,=6.1880,=0.0321,=0.1022,=0.0244,=0.0051,=154
="931480",线上消费,2020-05-06,=0.0171,=723.5373,=-0.1398,=74.1043,=0.5985,=33.5813,=47.6498,=66.7894,=96.8112,=132.5169,=3.0380,=0.4550,=1.9483,=2.5055,=3.1002,=3.7026,=5.0305,=3.1386,=0.8538,=1.1811,=1.5038,=1.8155,=2.8675,=4.8094,=0.0131,=0.0458,=0.0190,=0.0102,=75
="932088",全指航空,2023-03-23,=0.0043,=754.7145,=-0.1404,=74.8211,=0.6585,=36.9197,=48.7510,=66.6612,=88.6057,=116.5746,=3.4532,=0.5760,=2.3948,=3.0267,=3.3813,=3.8893,=4.9751,=3.1454,=0.2912,=2.2988,=2.9022,=3.5839,=4.0654,=4.9356,=0.0077,=0.0470,=0.0092,=0.0065,=38
="H30590",机器人,2015-02-10,=0.0112,=2209.2619,=0.1578,=75.0535,=0.9538,=24.1742,=42.0198,=50.8648,=63.1001,=89.9138,=5.1156,=0.9398,=2.1765,=2.8831,=3.6950,=4.3941,=6.0751,=4.9653,=0.9534,=1.6011,=2.4247,=3.4042,=4.3037,=5.6179,=0.0149,=0.0720,=0.0144,=0.0054,=874
="1000007",创业板全指,2010-05-01,=0.0340,=4543.2300,=0.1615,=75.2544,=0.6792,=33.8134,=48.2400,=61.0186,=100.0107,=334.2333,=4.9518,=0.7489,=2.3083,=3.3593,=4.0479,=5.2406,=6.6514,=4.3279,=0.5645,=2.1439,=3.2922,=4.1198,=5.5818,=8.9790,=0.0212,=0.0638,=0.0178,=0.0071,=1921
="931469",云计算50,2020-06-12,=0.0322,=4203.7138,=0.1349,=75.6811,=0.6952,=43.1726,=58.3627,=68.4172,=81.9930,=130.8911,=10.3473,=0.9972,=3.0031,=3.8710,=5.0906,=6.1191,=10.8634,=5.9285,=0.9966,=2.2186,=2.8508,=3.4777,=4.2246,=6.2441,=0.0385,=0.1212,=0.0175,=0.0025,=61
="H30318",科技传媒通信150,2014-04-15,=0.0542,=4593.1262,=0.4939,=76.1457,=0.9971,=19.8534,=28.8631,=38.1291,=49.8057,=78.8621,=10.1425,=0.9979,=2.0037,=2.4801,=3.5037,=4.3044,=10.4871,=5.5195,=0.9971,=1.2409,=1.8640,=2.3019,=2.7656,=5.7164,=0.0368,=0.1091,=0.0211,=0.0039,=39
="930851",云计算,2016-07-20,=0.0265,=6533.8629,=0.0078,=83.5481,=0.6685,=37.0632,=52.8548,=67.4758,=96.4681,=313.0672,=9.0064,=0.9978,=2.7148,=3.6037,=4.2867,=5.3740,=9.4756,=5.8656,=0.9965,=1.6839,=2.4225,=3.1130,=3.7290,=6.1877,=0.0301,=0.0896,=0.0112,=0.0025,=459
="399019",创业200,2023-11-15,=0.0417,=4872.7500,=0.0718,=84.7684,=0.4842,=45.1604,=59.4083,=85.4949,=110.7664,=137.0675,=4.2629,=0.9750,=1.8905,=2.4376,=3.1914,=3.8692,=4.4299,=3.8005,=0.9301,=1.7802,=2.2925,=2.8203,=3.3891,=3.9712,=0.0165,=0.0404,=0.0111,=0.0060,=84
="000683",科创生物,2022-05-09,=0.0029,=906.7100,=-0.1545,=90.9423,=0.0908,=31.4909,=161.0988,=1987.9441,=-210.8163,=97054.3385,=5.3447,=0.4541,=4.0903,=4.8772,=5.4133,=6.3165,=7.9611,=8.4794,=0.0444,=7.6079,=9.2303,=10.3456,=11.4612,=14.1963,=0.0094,=0.0457,=0.0035,=0.0035,=52
="932038",央企科技引领,2022-11-16,=0.0344,=1844.7327,=0.2326,=91.5046,=0.9652,=31.0707,=37.7028,=44.7754,=75.1059,=100.6860,=6.2488,=0.9768,=2.7684,=3.4482,=3.9620,=4.8306,=6.8336,=6.2993,=0.9721,=2.3932,=3.1314,=3.8916,=5.2723,=6.9314,=0.0105,=0.0636,=0.0096,=0.0049,=35
="970070",创业板人工智能,2024-07-11,=0.0453,=8514.1400,=0.4359,=91.8614,=0.7332,=48.3861,=71.2816,=80.7791,=94.5489,=119.1606,=13.1550,=0.9913,=3.3467,=5.0203,=6.0514,=9.5611,=13.8181,=10.9526,=0.9913,=3.4016,=4.9358,=5.9752,=8.8757,=11.5141,=0.0381,=0.1206,=0.0167,=0.0032,=222
="CN5082",国证航天,2015-02-16,,,=-0.1835,=92.0466,=0.7412,=44.4252,=58.7037,=72.9861,=113.1160,=173.9279,=3.7037,=0.5616,=2.1924,=2.8239,=3.3432,=4.3710,=5.7727,=3.6195,=0.6238,=1.9232,=2.5629,=3.3657,=4.1065,=6.0090,=0.0055,=0.0382,=0.0066,=0.0054,=18
="930790",CS娱乐TI,2016-03-22,=0.0100,=1197.8170,=-0.1575,=92.8743,=0.9120,=17.3299,=32.7501,=48.9236,=79.7219,=245.3480,=2.3435,=0.3596,=1.6576,=2.1340,=2.5549,=3.1189,=3.8872,=2.6067,=0.1139,=2.2057,=2.7934,=3.2418,=4.0374,=5.0752,=0.0124,=0.0200,=0.0156,=0.0162,=16
="931521",高装细分50,2020-07-08,=0.0124,=2877.7503,=-0.1348,=93.7792,=0.7965,=33.8051,=48.4397,=56.8280,=96.2126,=160.3029,=3.9626,=0.4341,=2.5146,=3.4303,=4.1427,=5.0059,=6.8876,=4.0499,=0.2427,=2.7226,=3.8872,=4.4226,=5.0905,=6.7300,=0.0050,=0.0438,=0.0069,=0.0053,=78
="000858",500信息,2013-11-06,=0.0499,=13465.5700,=0.2777,=94.2135,=0.8631,=25.3805,=43.9766,=64.2121,=88.9469,=209.3531,=6.2831,=0.9959,=2.1626,=2.9041,=3.3886,=3.9443,=6.7548,=6.1092,=0.9955,=1.1229,=1.9074,=2.6868,=3.5991,=6.5901,=0.0212,=0.0505,=0.0070,=0.0033,=349
="931144",通信技术,2019-05-30,=0.0602,=4567.9171,=0.9620,=94.9232,=0.9824,=22.8153,=30.3904,=36.4501,=50.1323,=113.1406,=13.1896,=0.9988,=2.5671,=3.1049,=3.6690,=4.7216,=13.3691,=8.2857,=0.9988,=1.6428,=2.1010,=2.4726,=3.3681,=8.4002,=0.0432,=0.1354,=0.0299,=0.0024,=247
="931247",中证信创,2012-12-21,=0.0301,=1475.4512,=0.0080,=95.2384,=0.1276,=66.5979,=101.5092,=204.2556,=276.3312,=369.3964,=6.2618,=0.8839,=2.7947,=3.4785,=4.6707,=5.8245,=7.4810,=5.0245,=0.8661,=2.8203,=3.4067,=4.1056,=4.8344,=6.0696,=0.0271,=0.0400,=0.0016,=0.0036,=94
="930633",中证旅游,2015-05-08,=0.0006,=2365.7918,=-0.2874,=96.7295,=0.4243,=15.8968,=21.8127,=1951.1042,=-51.0196,=11171.4579,=1.9591,=0.0755,=1.6473,=2.1757,=2.3675,=2.8097,=3.6934,=1.0535,=0.0004,=1.0463,=1.3342,=1.6097,=2.5762,=3.7607,=0.0208,=-0.0128,=-0.0016,=0.0099,=605
="932438",科创创业机器人,2025-05-16,,,=0.1767,=98.9296,=0.9457,=67.6486,=76.9264,=83.2951,=91.8111,=103.3521,=6.3914,=0.9109,=4.9598,=5.2841,=5.6549,=6.1892,=6.8835,=6.4918,=0.6822,=5.2672,=5.7420,=6.0574,=6.6238,=7.4199,=0.0153,=0.0666,,=0.0034,=55
="930902",中证数据,2016-10-18,=0.0207,=2940.8627,=-0.0778,=101.1253,=0.6924,=37.6891,=57.1353,=78.3074,=122.2503,=366.0842,=4.0466,=0.5305,=2.4001,=3.4196,=3.9853,=4.6835,=5.5171,=2.6844,=0.1059,=2.0473,=2.8850,=3.3866,=4.1671,=7.0542,=0.0025,=0.0339,=0.0011,=0.0040,=242
="930601",中证软件,2015-03-10,=0.0189,=5253.3481,=-0.1645,=103.7788,=0.7258,=29.3378,=51.8564,=79.5511,=128.9417,=302.4908,=4.6812,=0.5019,=2.7207,=3.9641,=4.6753,=5.7232,=7.7476,=4.8023,=0.4573,=2.8007,=4.0731,=4.9607,=6.0922,=9.8975,=0.0078,=0.0385,=-0.0029,=0.0066,=389
="CN5075",国证信创,2015-02-16,,,=0.2165,=106.9872,=0.6772,=39.3034,=49.7251,=76.2208,=124.0857,=152.0158,=8.2409,=0.9634,=3.0386,=3.5499,=5.1522,=7.1341,=9.3745,=6.1722,=0.9617,=2.8415,=3.6682,=4.3795,=5.3972,=7.0749,=0.0268,=0.0598,=0.0136,=0.0026,=28
="H30202",软件指数,2013-07-15,=0.0181,=12400.7854,=-0.1775,=109.4035,=0.6239,=45.1036,=65.7516,=91.4775,=155.6957,=372.5263,=4.6608,=0.2351,=2.9348,=4.5157,=5.4344,=6.6183,=8.8705,=6.2859,=0.3369,=3.9010,=5.4106,=6.8761,=8.0808,=13.5560,=0.0053,=0.0344,=-0.0039,=0.0067,=318
="932456",科创创业AI,2025-05-14,=0.0379,=3893.8313,=0.3383,=110.6797,=0.1947,=95.3901,=110.7747,=117.6305,=140.5224,=192.3777,=14.0401,=0.9656,=6.1464,=7.3430,=10.3015,=11.3236,=14.7499,=17.4988,=0.9656,=9.0747,=11.0165,=14.5383,=15.6715,=18.3647,=0.0437,=0.0985,,=0.0017,=44
="950161",科创新药,2024-08-23,=0.0111,=1026.9979,=-0.1639,=114.6460,=0.0023,=113.6689,=-619.2435,=-144.4509,=-89.6630,=1578.9342,=7.2459,=0.2616,=4.9324,=6.5903,=8.8959,=10.4721,=12.9042,=9.2671,=0.0694,=8.4204,=10.2043,=12.5215,=14.4590,=17.6998,=0.0059,=0.0403,=-0.0091,=0.0016,=21
="980076",通用航空,2012-12-28,=0.0120,=3095.9500,=-0.1657,=126.1683,=0.7612,=69.9916,=80.1254,=100.9392,=129.0622,=158.1149,=3.6189,=0.5955,=2.7445,=3.2081,=3.5187,=4.1308,=5.1513,=4.2718,=0.4466,=3.4358,=4.0782,=4.3003,=4.9585,=6.3273,=0.0066,=0.0297,=0.0083,=0.0046,=57
="H30007",芯片产业,2012-12-20,=0.0512,=4437.3209,=0.4013,=127.2837,=0.9229,=24.2382,=40.3144,=68.7542,=110.9500,=186.5687,=9.4890,=0.9827,=1.9412,=3.6288,=4.4711,=7.1087,=11.2654,=13.6342,=0.9946,=1.5871,=3.6673,=6.4625,=8.1484,=15.5355,=0.0230,=0.0446,=0.0109,=0.0013,=519
="000698",科创100,2023-08-07,=0.0438,=1914.6900,=0.3133,=130.6816,=0.1956,=60.6995,=131.0794,=216.4370,=255.1518,=337.2511,=7.0811,=0.9869,=2.7397,=3.5899,=4.1637,=5.6922,=7.3691,=8.5771,=0.8540,=4.0312,=5.0872,=6.1429,=8.3552,=10.0837,=0.0093,=0.0369,=0.0028,=0.0028,=538
="H30184",半导体,2013-07-15,=0.0557,=13292.9278,=0.4445,=132.2588,=0.9711,=33.2056,=51.7038,=76.8859,=105.5349,=154.8888,=9.3534,=0.9641,=2.5082,=3.4193,=4.7897,=7.3345,=12.2763,=14.0544,=0.9959,=1.3963,=2.6456,=6.8887,=9.2330,=15.6416,=0.0203,=0.0527,=0.0094,=0.0014,=3315
="990001",中华半导体芯片,2019-03-18,=0.0523,=16862.6909,=0.3949,=135.6198,=0.9509,=33.1780,=61.2195,=84.4611,=114.4649,=160.7761,=9.1823,=0.9663,=3.1429,=4.2570,=5.3002,=7.3692,=10.9977,=13.7113,=0.9926,=3.3238,=6.0758,=7.0956,=9.1744,=15.6060,=0.0177,=0.0410,=0.0101,=0.0013,=1375
="932087",集成电路,2023-03-29,=0.0465,=1564.3255,=0.3813,=136.5611,=0.5920,=46.1239,=98.7282,=131.4324,=150.5746,=195.7770,=8.9334,=0.9806,=3.1405,=3.8694,=5.1032,=6.8718,=10.1351,=14.0208,=0.9741,=5.8347,=7.5554,=8.9411,=11.4939,=15.9312,=0.0203,=0.0481,=0.0079,=0.0014,=38
="931743",半导体材料设备,2012-12-21,=0.0791,=8462.7507,=0.6435,=142.8500,=0.9931,=30.1973,=39.4305,=59.3449,=80.6103,=151.1816,=10.9656,=0.9945,=2.5588,=3.3643,=4.2157,=6.4683,=11.5574,=16.0849,=0.9931,=2.5903,=3.1487,=3.8083,=10.1570,=17.0230,=0.0198,=0.0706,=0.0130,=0.0013,=234
="950180",科创AI,2024-07-25,=0.0277,=2564.5746,=0.1412,=145.4953,=0.5565,=66.2784,=98.1113,=140.5843,=168.4484,=271.3436,=12.2880,=0.9401,=3.9039,=5.9292,=8.9295,=11.2327,=13.9313,=16.5379,=0.8204,=6.3298,=9.3390,=13.3204,=16.2684,=18.8013,=0.0274,=0.0670,=0.0163,=0.0023,=211
="000690",科创成长,2022-11-04,=0.0437,=2634.4300,=0.4051,=149.4843,=0.7629,=26.4295,=44.1036,=81.9548,=157.0208,=288.8500,=15.3142,=0.9908,=3.7827,=4.8407,=5.4671,=11.5329,=16.1376,=15.7011,=0.8746,=2.7510,=3.9813,=5.0711,=13.9402,=19.2028,=0.0188,=0.1043,=0.0143,=0.0021,=128
="000682",科创信息,2021-08-16,=0.0473,=2698.8800,=0.3536,=150.6325,=0.9195,=41.6131,=59.5668,=92.1979,=130.4932,=187.1367,=10.1348,=0.9886,=3.3247,=4.3437,=5.3321,=6.4632,=11.3309,=14.4840,=0.9878,=5.5790,=7.2873,=8.8510,=11.2611,=16.2319,=0.0200,=0.0432,=0.0072,=0.0017,=100
="932000",中证2000,2023-08-11,=0.0223,=3429.4660,=0.0706,=150.7942,=0.7357,=44.0427,=58.0011,=83.6293,=154.6962,=228.3990,=3.0469,=0.9148,=1.5089,=1.9631,=2.3344,=2.8503,=3.3036,=2.4497,=0.9016,=1.1809,=1.5430,=1.8182,=2.3214,=2.6726,=0.0098,=0.0154,=0.0097,=0.0067,=1154
="000688",科创50,2020-07-23,=0.0417,=1663.1100,=0.2372,=157.2698,=0.9044,=35.5957,=42.5028,=70.3990,=108.7776,=196.9562,=7.3727,=0.8855,=2.9443,=4.1723,=4.8397,=6.7263,=9.0182,=8.4859,=0.7639,=3.1319,=4.5522,=5.5198,=9.0582,=13.2586,=0.0135,=0.0347,=0.0045,=0.0026,=7870
="399020",创业小盘,2023-11-15,=0.0276,=1932.3500,=0.0870,=172.5688,=0.5687,=48.5170,=81.0836,=149.8579,=213.5199,=256.8495,=4.0183,=0.9111,=1.8521,=2.4369,=3.2006,=3.7609,=4.3734,=3.8628,=0.8352,=1.9895,=2.5661,=3.1727,=3.7797,=4.2999,=0.0115,=0.0199,=0.0104,=0.0055,=12
="950162",科创芯片设计,2024-07-26,=0.0489,=2526.8077,=0.3582,=174.0896,=0.0267,=161.6128,=227.8770,=268.6828,=386.6002,=687.1301,=14.3620,=0.9511,=4.2582,=7.5720,=8.8162,=12.6738,=16.7714,=21.2158,=0.8244,=8.7765,=14.4329,=16.4971,=20.8965,=24.8034,=0.0309,=0.0713,=0.0107,=0.0015,=51
="931865",中证半导,2019-03-20,=0.0642,=7562.9495,=0.5282,=176.7584,=0.9886,=32.8138,=44.5677,=72.7204,=113.6226,=198.4690,=12.0279,=0.9886,=3.3892,=4.1384,=5.1128,=7.0320,=13.4762,=19.9105,=0.9886,=6.4190,=7.6852,=8.6422,=12.8345,=22.3560,=0.0168,=0.0580,=0.0153,=0.0009,=200
="000689",科创材料,2022-08-15,=0.0641,=1639.3200,=0.3522,=183.3377,=0.9913,=38.7753,=45.2352,=78.7035,=145.8623,=199.6324,=5.9115,=0.9989,=1.9307,=2.6002,=3.1832,=4.4175,=5.9133,=7.2178,=0.9989,=2.1963,=3.1234,=4.0165,=5.2595,=7.2323,=0.0126,=0.0258,=0.0058,=0.0028,=32
="000680",科创综指,2025-01-20,=0.0382,=2029.9600,=0.2403,=190.5683,=0.2229,=115.7401,=179.1443,=212.3426,=233.7869,=278.5830,=6.5279,=0.9458,=3.4337,=3.9367,=5.1161,=5.7376,=7.1640,=8.4595,=0.9428,=4.7291,=5.4384,=6.9837,=7.8503,=9.3145,=0.0091,=0.0262,=0.0033,=0.0029,=199
="000685",科创芯片,2022-06-13,=0.0540,=3893.7200,=0.4899,=190.8337,=0.9069,=42.1555,=65.9465,=116.6257,=175.8796,=235.0390,=10.8802,=0.9897,=3.1235,=4.0520,=5.0439,=6.6016,=12.1390,=20.4709,=0.9876,=7.4796,=10.0328,=12.1470,=14.6756,=22.8613,=0.0152,=0.0415,=0.0074,=0.0009,=464
="1000014",科创板全指,2019-07-22,,,,=192.3311,=0.8488,=34.6058,=58.2660,=76.6681,=128.2895,=267.8356,=6.4877,=0.8188,=2.4875,=3.7741,=4.8370,=6.4030,=9.5957,=8.4478,=0.7121,=3.3799,=5.1772,=6.4531,=9.7888,=14.1086,=0.0091,=0.0255,=0.0035,=0.0029,=1289
="950125",科创半导体材料设备,2024-07-26,=0.0800,=3643.8540,=0.6962,=199.3308,=0.9822,=70.4245,=115.8325,=127.2102,=158.2395,=222.4797,=8.7803,=0.9822,=2.8469,=4.7470,=5.2578,=6.5896,=9.7859,=18.4771,=0.9822,=7.2923,=10.8503,=12.7507,=14.5421,=20.6229,=0.0075,=0.0371,=0.0094,=0.0007,=113
="980017",国证芯片,2015-02-17,=0.0516,=17751.2800,=0.3992,=199.5350,=0.9921,=30.3742,=55.5610,=78.8473,=105.7852,=227.4136,=9.0848,=0.9703,=3.1638,=4.0850,=5.6806,=7.3834,=10.4020,=14.0002,=0.9921,=3.6283,=5.7723,=6.6352,=7.9387,=15.9563,=0.0146,=0.0397,=0.0130,=0.0011,=2589
="000699",科创200,2024-08-20,=0.0455,=1702.3800,=0.2900,=214.3010,=0.3441,=128.9087,=180.9087,=259.9307,=313.1780,=388.1174,=5.1550,=0.9446,=1.9770,=3.0092,=3.4445,=4.5727,=5.6033,=7.5845,=0.8453,=3.3605,=5.0788,=5.9252,=7.2678,=8.3761,=0.0066,=0.0165,=0.0029,=0.0036,=134
="931594",卫星产业,2020-12-22,=0.0235,=1083.1294,=-0.0406,=227.1033,=0.7911,=44.5603,=95.6714,=128.9618,=230.3409,=428.4930,=6.0588,=0.9394,=2.3588,=3.0492,=3.4990,=3.9757,=7.6413,=8.8198,=0.9341,=3.4655,=4.5289,=5.1398,=6.0371,=11.4514,=0.0019,=0.0317,=0.0057,=0.0026,=168
="980018",卫星通信,2015-02-17,=0.0186,=5220.8500,=-0.0232,=341.9047,=0.9369,=23.6003,=28.9134,=39.2018,=56.3294,=1063.4314,=5.8177,=0.9471,=1.7225,=2.0534,=2.5553,=4.2379,=7.7241,=5.6770,=0.9458,=1.5054,=1.8035,=2.2916,=3.0914,=7.7238,=0.0054,=0.0181,=0.0298,=0.0023,=118
="H30182",计算机,2013-07-15,=0.0218,=6459.1766,=-0.1570,=468.0805,=0.8620,=33.2527,=55.1730,=100.7616,=274.6563,=65313.4473,=4.0427,=0.4729,=2.4295,=3.5786,=4.0929,=4.6440,=5.8765,=3.9496,=0.3541,=2.3635,=3.5785,=4.1489,=4.7480,=7.6223,=-0.0024,=0.0033,=-0.0042,=0.0050,=50
="930781",中证影视,2016-02-04,=0.0109,=1430.7411,=-0.1538,=669.3488,=0.6136,=16.7066,=43.1495,=197.9979,=-60.8596,=6083.5065,=1.9700,=0.1303,=1.4352,=2.0546,=2.3910,=3.4173,=6.3013,=4.1709,=0.4631,=2.7079,=3.4931,=4.3450,=5.5178,=10.5203,=0.0049,=0.0185,=0.0219,=0.0098,=179
="931992",疫苗生物,2013-07-15,=0.0015,=1020.8329,=-0.1544,=1240.5223,=0.9751,=26.1322,=60.9601,=87.3867,=121.7046,=1550.1847,=2.2619,=0.0010,=2.2475,=2.6967,=3.0467,=3.6583,=5.0256,=4.2536,=0.1007,=3.7134,=4.6927,=5.1760,=5.5686,=6.4257,=0.0112,=0.0013,=0.0085,=0.0124,=28
="931151",光伏产业,2019-04-22,=0.0306,=3017.4950,=0.0558,=1628.6890,=0.8970,=9.5087,=20.4016,=37.9639,=68.2548,=2491.4939,=2.6626,=0.5041,=1.5562,=1.9235,=2.6420,=4.4987,=6.9801,=1.9954,=0.5503,=0.8897,=1.2433,=1.7959,=3.2402,=5.9137,=0.0016,=0.0012,=0.0005,=0.0080,=2714
="950333",智选创新价值,2024-09-25,=0.0376,=2696.2996,=0.1864,=-371.6409,=0.7604,=62.6254,=107.3884,=-3636.8023,=-254.6276,=5158.8110,=3.3084,=0.9609,=1.6564,=2.1422,=2.3847,=2.8928,=3.5439,=3.2086,=0.9584,=1.6015,=2.1270,=2.4930,=3.0144,=3.4429,=-0.0002,=-0.0164,=-0.0030,=0.0046,=12
="1000009",深圳B股,1994-01-10,=0.0062,=1128.6600,=-0.1076,=-141.9439,=0.9901,=6.5509,=10.0230,=16.1522,=22.5234,=61.4680,=0.7425,=0.5146,=0.5585,=0.6590,=0.7357,=0.9724,=1.4530,=0.4700,=0.4614,=0.3544,=0.4194,=0.4865,=0.6886,=1.0969,,=0.0028,=0.0115,=0.0336,=203
="931025",港股通地产,2017-11-06,,,=0.0831,=-54.6189,=0.7335,=1.3998,=5.4470,=8.2744,=-2.9458,=7833.8201,=0.4848,=0.4815,=0.0757,=0.2097,=0.5032,=0.8781,=1.4256,=0.8914,=0.8191,=0.0508,=0.1429,=0.5392,=0.8759,=1.5776,,=-0.0074,,=0.0368,=11
="000692",科创新能,2023-04-03,=0.0392,=1170.0300,=0.0107,=-53.0578,=0.6931,=13.9124,=18.7556,=109.3185,=-44.6842,=279.8956,=2.5284,=0.6463,=1.4486,=1.7828,=2.1968,=2.7957,=4.0229,=1.6990,=0.6450,=0.8667,=1.1535,=1.4305,=1.9070,=2.6157,=-0.0018,=-0.0642,=-0.0138,=0.0036,=33
="399393",国证地产,2012-08-20,=0.0036,=2595.2400,=-0.1683,=-5.5481,=0.9996,=6.3321,=8.5850,=15.6526,=55.0090,=115902.4187,=0.7819,=0.1184,=0.5768,=0.8454,=1.1023,=1.7894,=2.5183,=0.5815,=0.3901,=0.3699,=0.5176,=0.6584,=1.2185,=1.7471,=-0.0014,=-0.0767,=0.0012,=0.0101,=1429
="931775",房地产,2013-07-15,=0.0012,=2527.7385,=-0.1525,=-5.1002,=0.9996,=7.0141,=8.9821,=18.2040,=-249.5827,=1490.8370,=0.8394,=0.1959,=0.5750,=0.8414,=1.0876,=1.7478,=2.4742,=0.6473,=0.4462,=0.3617,=0.5329,=0.6883,=1.2673,=1.8650,=-0.0040,=-0.1024,=-0.0027,=0.0070,=926
="000816",细分地产,2012-04-11,,,=-0.1581,=-4.7326,=0.9996,=6.1299,=8.3282,=15.7334,=199.2496,=2488.2259,=0.8085,=0.1864,=0.5599,=0.8168,=1.0716,=1.8111,=2.5676,=0.5766,=0.4285,=0.3390,=0.4956,=0.6304,=1.1827,=1.7076,=-0.0038,=-0.1018,=-0.0024,=0.0053,=7
="399965",800地产,2012-12-21,=-0.0072,=2049.0900,=-0.2238,=-3.5460,=1,=5.5394,=8.0041,=14.1293,=34.0432,=59.7245,=0.5857,=0.0115,=0.5234,=0.7191,=1.0262,=1.7717,=2.5596,=0.3759,=0.0833,=0.2881,=0.4113,=0.5576,=1.1416,=1.6493,=-0.0020,=-0.0854,=0.0007,=0.0088,=201
="399983",地产等权,2013-11-22,=-0.0059,=1531.6100,=-0.2482,=-2.3758,=1,=5.0058,=7.3313,=10.5555,=17.0741,=75.5023,=0.4871,=0.0066,=0.4408,=0.5980,=1.0996,=1.8718,=2.8135,=0.3023,=0.0779,=0.2209,=0.3558,=0.5061,=1.0496,=1.5710,=-0.0053,=-0.0924,=-0.0025,=0.0045,=1007
=".NDX",纳斯达克100指数,1969-12-31,,,,,,,,,,,,,,,,,,,,,,,,,,,=0.0751,,=4374

数据来源于：理杏仁网站(lixinger.com)