指数代码,指数名称,发布时间,涨跌幅,收盘点位,今年以来涨跌幅,PE-TTM(当前值),PE-TTM(分位点%),PE-TTM(最小值),PE-TTM(20%分位点值),PE-TTM(50%分位点值),PE-TTM(80%分位点值),PE-TTM(最大正值),PB(当前值),PB(分位点%),PB(最小值),PB(20%分位点值),PB(50%分位点值),PB(80%分位点值),PB(最大正值),PS-TTM(当前值),PS-TTM(分位点%),PS-TTM(最小值),PS-TTM(20%分位点值),PS-TTM(50%分位点值),PS-TTM(80%分位点值),PS-TTM(最大正值),净资产收益率(ROE)(2026Q1),净资产收益率(ROE)(2025Q4),净资产收益率(ROE)(2025Q1),股息率,关注度
="931039",银行AH,2017-12-06,=0.0035,=12446.6667,=-0.0264,=5.9116,=0.8071,=3.2016,=4.0674,=5.1869,=5.9035,=7.9938,=0.5571,=0.4453,=0.3790,=0.4563,=0.5670,=0.7145,=1.0569,=2.2189,=0.8433,=1.0856,=1.4299,=1.7418,=2.1231,=2.9053,,=0.0881,,=0.0494,=91
="H11146",港股通内地金融,2010-06-02,=0.0064,=1162.1408,=0.0558,=6.2487,=0.5837,=3.2759,=4.5177,=5.9760,=6.7500,=9.2347,=0.6341,=0.4167,=0.3797,=0.4938,=0.6747,=0.8765,=1.1859,=1.6142,=0.8168,=0.6692,=0.9478,=1.2808,=1.5976,=2.1885,,=0.0970,,=0.0463,=36
="930792",HK银行,2016-04-22,=0.0119,=4848.0525,=0.1007,=6.7407,=0.7929,=3.2659,=4.4645,=5.8224,=6.7741,=9.5632,=0.6560,=0.5745,=0.3905,=0.4964,=0.6253,=0.8010,=1.0771,=2.5642,=0.9026,=1.0519,=1.5167,=1.8399,=2.3710,=3.1066,,=0.0901,,=0.0469,=750
="399986",中证银行,2013-07-15,=-0.0004,=7175.3700,=-0.0563,=6.8356,=0.7954,=4.1183,=5.2599,=6.2651,=6.8477,=9.0846,=0.6472,=0.3057,=0.4848,=0.5836,=0.7218,=0.8984,=1.2416,=2.5660,=0.8428,=1.4134,=1.7842,=2.1262,=2.4786,=3.3016,=0.0226,=0.0881,=0.0236,=0.0431,=9523
="H30106",H300金融服务,2013-05-21,=0.0077,=1637.6670,=0.0822,=7.0674,=0.5334,=4.0175,=5.3642,=6.9572,=7.7688,=11.1922,=0.7580,=0.5225,=0.4470,=0.5777,=0.7466,=0.9083,=1.2489,=2.0201,=0.8853,=0.8557,=1.1816,=1.4581,=1.8717,=2.3593,,=0.1014,,=0.0440,=17
="000018",180金融,2007-12-10,=0.0027,=5393.2500,=-0.0921,=7.3513,=0.4356,=5.2016,=6.4287,=7.4973,=8.3012,=10.8609,=0.7446,=0.2550,=0.5902,=0.6965,=0.8797,=1.0696,=1.4199,=2.2075,=0.8020,=1.2355,=1.5824,=1.9360,=2.2066,=2.8772,=0.0229,=0.0959,=0.0245,=0.0395,=769
="399809",保险主题,2015-02-13,=0.0067,=2377,=-0.1090,=7.3835,=0.3139,=5.4537,=6.8114,=10.6333,=15.0245,=22.8725,=0.7860,=0.2492,=0.6352,=0.7667,=1.2256,=1.4858,=1.9794,=2.1505,=0.9257,=0.5239,=0.8688,=1.0963,=1.4113,=2.3772,=0.0227,=0.1015,=0.0246,=0.0393,=1481
="000818",细分金融,2012-04-11,,,=-0.0899,=7.4783,=0.4323,=5.2356,=6.4974,=7.6854,=8.4810,=10.9951,=0.7577,=0.2550,=0.5930,=0.7010,=0.8969,=1.0928,=1.4303,=2.2651,=0.8065,=1.2689,=1.6354,=1.9763,=2.2598,=2.9111,=0.0231,=0.0956,=0.0246,=0.0387,=6
="931233",港股通央企红利,2017-06-28,=0.0034,=1254.6552,=0.0762,=7.4954,=0.8145,=3.6988,=4.9509,=6.3168,=7.4456,=14.0775,=0.7051,=0.6348,=0.3929,=0.5219,=0.6444,=0.8649,=1.8161,=1.0177,=0.5837,=0.4645,=0.6199,=0.9440,=1.3923,=1.7583,,=0.0906,,=0.0499,=443
="HSSCSOY",恒生港股通中国央企红利指数,2023-06-01,=-0.0030,=4473.2200,=0.1125,=7.5392,=0.9710,=4.1647,=4.6230,=5.6334,=6.9167,=7.8218,=0.7044,=0.9184,=0.4381,=0.4938,=0.5859,=0.6831,=0.7455,=1.0018,=0.9696,=0.5323,=0.5931,=0.7360,=0.9213,=1.0366,,=0.0921,,=0.0500,=234
="987016",港股通红利低波,2021-11-18,,,=0.1345,=7.6295,=0.9632,=3.4544,=4.2935,=4.8969,=6.6307,=8.0054,=0.7050,=0.9448,=0.4152,=0.4847,=0.5375,=0.6453,=0.7529,=1.2428,=0.9576,=0.5827,=0.6589,=0.7895,=1.0846,=1.3012,,=0.0893,,=0.0506,=140
="HSMCHYI",恒生中国内地企业高股息率指数,2019-09-01,=0.0105,=3079.8400,=0.1068,=7.6978,=0.9757,=3.7550,=5.0443,=5.8048,=6.6968,=7.9027,=0.7708,=0.9205,=0.4590,=0.5779,=0.6389,=0.7350,=0.8175,=1.1714,=0.9690,=0.5101,=0.6874,=0.7952,=0.9058,=1.2126,,,,=0.0486,=277
="H11140",香港红利,2009-07-23,=0.0056,=4111.7323,=0.1261,=7.7147,=0.7743,=3.0693,=4.4554,=5.9842,=8.2569,=13.9623,=0.7283,=0.6260,=0.3833,=0.5103,=0.6296,=0.8659,=1.1652,=1.2275,=0.7087,=0.5431,=0.7464,=0.9724,=1.5270,=2.1349,,=0.0912,,=0.0510,=38
="000914",300金融,2007-07-02,=0.0052,=6149.4700,=-0.0846,=7.8445,=0.5029,=5.2769,=6.6022,=7.8376,=8.6017,=11.3863,=0.7563,=0.2492,=0.5962,=0.7048,=0.9194,=1.1328,=1.4919,=2.1371,=0.8424,=1.1210,=1.4310,=1.8121,=2.0846,=2.7052,=0.0223,=0.0897,=0.0236,=0.0382,=341
="HSHYLV",恒生港股通高股息低波动指数,2017-05-08,=0.0069,=4797.0500,=0.0736,=7.8753,=0.8856,=3.5572,=4.6372,=5.9746,=7.1792,=9.5068,=0.7092,=0.7005,=0.3828,=0.4848,=0.5784,=0.8165,=1.1073,=0.9495,=0.5878,=0.4386,=0.6535,=0.8452,=1.4180,=2.0623,,,,=0.0512,=1486
="H30270",红利价值,2013-12-19,=0.0020,=9744.9300,=0.0223,=7.9019,=0.7519,=4.4543,=5.4275,=6.7446,=8.7354,=13.0955,=0.7890,=0.5703,=0.5256,=0.6484,=0.7619,=1.2533,=1.7317,=1.6014,=0.9797,=0.5854,=0.8107,=0.9962,=1.2842,=1.6637,=0.0235,=0.0936,=0.0240,=0.0420,=187
="932596",港股通红利低波,2016-02-04,,,=0.1179,=8.0329,=0.4129,=7.4451,=7.8265,=8.1026,=8.2994,=8.5745,=0.7534,=0.6839,=0.6528,=0.6952,=0.7213,=0.7604,=0.7956,=1.3420,=0.5742,=1.2161,=1.2779,=1.3293,=1.3647,=1.4099,,=0.0894,,=0.0484,=85
="930914",港股通高股息,2016-11-25,=0.0071,=5411.1739,=0.1004,=8.0412,=0.8286,=3.4280,=4.4181,=5.8945,=7.7830,=11.1979,=0.7749,=0.7229,=0.3979,=0.5020,=0.6137,=0.8532,=1.1764,=1.2742,=0.8170,=0.5144,=0.7031,=0.9213,=1.2492,=2.2126,,=0.0918,,=0.0500,=694
="931024",港股通非银,2017-11-06,=0.0018,=4322.7783,=0.0068,=8.0693,=0.1063,=6.7549,=8.6655,=11.2906,=13.3763,=22.4310,=1.0983,=0.5598,=0.6237,=0.8465,=1.0486,=1.2256,=1.7592,=1.3514,=0.8808,=0.5870,=0.8745,=1.0101,=1.2157,=2.2002,,=0.1344,,=0.0364,=187
="HSHDYI",恒生高股息率指数,2012-12-10,=0.0049,=1416.1500,=0.1103,=8.0818,=0.8492,=3.6777,=4.8612,=6.6082,=7.7878,=10.6953,=0.7422,=0.6144,=0.4041,=0.5046,=0.6482,=0.9078,=1.1746,=1.1774,=0.6315,=0.5013,=0.7008,=1.0658,=1.5005,=1.9871,,,,=0.0505,=909
="931157",SHS红利成长LV,2019-04-25,=0.0035,=7521.1396,=0.0090,=8.1455,=0.7391,=4.1261,=5.5810,=6.8971,=8.3483,=11.5318,=0.8150,=0.5219,=0.5154,=0.6251,=0.8094,=0.9283,=1.5888,=1.5937,=0.9731,=0.5018,=0.7089,=1.0328,=1.3974,=1.6439,,=0.0964,,=0.0466,=319
="930992",沪港深红利低波,2017-06-28,,,=0.0412,=8.1632,=0.9305,=4.0130,=5.1292,=5.8487,=7.6598,=8.5109,=0.7609,=0.9296,=0.4277,=0.5367,=0.5894,=0.7138,=0.7950,=1.2076,=0.8441,=0.4496,=0.5994,=0.8286,=1.1802,=1.3912,,=0.0878,,=0.0486,=39
="000934",中证金融,2009-07-03,=0.0063,=5787.5300,=-0.0768,=8.1639,=0.5305,=5.7083,=6.8944,=8.0849,=8.8714,=11.5527,=0.7692,=0.2504,=0.6117,=0.7181,=0.9259,=1.1488,=1.5017,=2.1519,=0.8523,=1.1467,=1.4503,=1.8022,=2.0714,=2.6696,=0.0220,=0.0873,=0.0231,=0.0371,=1151
="HSSCHKY",恒生港股通高股息率指数,2019-11-01,=0.0057,=2855.1000,=0.1523,=8.1835,=0.9888,=3.8979,=4.9481,=5.8515,=7.1584,=8.4533,=0.7303,=0.9178,=0.4277,=0.5168,=0.5763,=0.6797,=0.8197,=1.2734,=0.9670,=0.5333,=0.6963,=0.8719,=1.1169,=1.3442,,,,=0.0491,=486
="H50040",上红低波,2014-03-21,=-0.0001,=11155.8100,=0.0117,=8.3742,=0.7657,=4.6938,=5.9512,=7.0536,=9.6645,=14.3118,=0.8305,=0.4773,=0.5647,=0.6911,=0.8368,=1.3609,=1.8756,=1.6316,=0.9781,=0.6380,=0.8684,=1.2011,=1.3977,=1.6845,=0.0234,=0.0936,=0.0244,=0.0425,=354
="H30269",红利低波,2013-12-19,=0,=11221.8300,=-0.0016,=8.3749,=0.7595,=4.5638,=5.5488,=6.8442,=9.4786,=14.4342,=0.8398,=0.5474,=0.5386,=0.6570,=0.8015,=1.3872,=1.9670,=1.6186,=0.9802,=0.6111,=0.8850,=1.0969,=1.4136,=1.6703,=0.0236,=0.0946,=0.0236,=0.0432,=4124
="HSCSOE",恒生中国央企指数,2023-01-01,=0.0125,=4061.6500,=0.1298,=8.3779,=0.9781,=4.9972,=5.5356,=6.1059,=7.6476,=8.5526,=0.8053,=0.9562,=0.5264,=0.5918,=0.6303,=0.7502,=0.8375,=1.0022,=0.9745,=0.5404,=0.5931,=0.6629,=0.8529,=1.0234,,=0.0956,,=0.0456,=109
="000029",180价值,2009-01-09,=0.0023,=4196.3800,=-0.0577,=8.3779,=0.7496,=5.6894,=6.9075,=7.8866,=8.5069,=10.8138,=0.7994,=0.1712,=0.6666,=0.8066,=0.8632,=1.0653,=1.4433,=1.0885,=0.8548,=0.6198,=0.7825,=0.9447,=1.0670,=1.4032,=0.0228,=0.0896,=0.0243,=0.0406,=555
="000992",全指金融,2011-08-02,=0.0066,=5556.2500,=-0.0721,=8.4124,=0.5586,=5.9310,=7.1022,=8.2628,=9.0288,=11.6339,=0.7733,=0.2517,=0.6188,=0.7234,=0.9347,=1.1610,=1.5107,=2.1405,=0.8469,=1.1568,=1.4432,=1.8063,=2.0718,=2.6668,=0.0217,=0.0846,=0.0227,=0.0364,=2700
="931446",东证红利低波,2020-04-21,=0.0003,=3445.9836,=0.0009,=8.4611,=0.7766,=5.1478,=6.1714,=7.0952,=8.5391,=11.0216,=0.7967,=0.5952,=0.5884,=0.6949,=0.7627,=0.8733,=1.2481,=1.5338,=0.9685,=0.5909,=0.7529,=0.8844,=1.3116,=1.5979,=0.0224,=0.0895,=0.0240,=0.0422,=819
="931130",红利成长低波,2018-12-04,,,=-0.0030,=8.5299,=0.7386,=4.4465,=5.5721,=7.7796,=8.7340,=11.5512,=0.8394,=0.3404,=0.5279,=0.6237,=0.9019,=1.0333,=1.5803,=1.8814,=0.7781,=0.3109,=0.8130,=1.3175,=1.9180,=2.5957,=0.0231,=0.0934,=0.0229,=0.0428,=143
="000151",上国红利,2012-07-20,=0.0021,=1627.5800,=0.0654,=8.5783,=0.9600,=4.5075,=5.3657,=6.9303,=7.6671,=10.0345,=0.7443,=0.4670,=0.5268,=0.6189,=0.7553,=0.9661,=1.3272,=1.0600,=0.4538,=0.6026,=0.8953,=1.0904,=1.3107,=1.6854,=0.0218,=0.0803,=0.0258,=0.0436,=208
="000922",中证红利,2008-05-26,=0.0027,=5783.4605,=0.0508,=8.5925,=0.7937,=5.1762,=6.0245,=7.6564,=8.6145,=11.2156,=0.8235,=0.4332,=0.5911,=0.7110,=0.8562,=1.1086,=1.4999,=1.2705,=0.8709,=0.6332,=0.7726,=1.0438,=1.2210,=1.7101,=0.0233,=0.0895,=0.0228,=0.0421,=19957
="000821",300红利,2012-07-20,=0.0016,=6675.8768,=0.0005,=8.6998,=0.8511,=4.9998,=6.1944,=7.5598,=8.4138,=10.9286,=0.8398,=0.3927,=0.5725,=0.7140,=0.8733,=1.0796,=1.4919,=1.4117,=0.9138,=0.6098,=0.7993,=1.0626,=1.3160,=1.6963,=0.0235,=0.0916,=0.0239,=0.0431,=988
="000015",红利指数,2005-01-04,=-0.0003,=3253.2200,=0.0710,=8.7088,=0.9410,=4.6646,=5.5108,=7.0874,=8.0120,=10.4439,=0.8212,=0.5833,=0.5525,=0.6398,=0.7658,=1.0179,=1.3875,=1.4657,=0.9319,=0.7277,=0.8913,=1.1302,=1.3280,=1.6890,=0.0233,=0.0885,=0.0212,=0.0410,=14152
="HSSCHYS",恒生港股通红利优选指数,2023-06-01,=0.0062,=5407.8300,=0.1644,=8.7296,=0.9640,=4.2457,=4.7125,=5.7622,=7.6201,=9.0746,=0.7836,=0.9225,=0.4429,=0.4981,=0.5800,=0.7338,=0.8283,=1.1082,=0.9557,=0.6036,=0.6732,=0.8721,=1.0200,=1.1508,,,,=0.0512,=85
="000063",上证周期,2010-02-03,=0.0011,=3812.0700,=-0.0605,=8.9289,=0.6345,=5.4761,=7.1362,=8.5733,=9.4385,=12.4946,=0.9089,=0.3791,=0.6668,=0.8368,=0.9628,=1.1068,=1.4831,=1.5881,=0.9373,=0.8113,=1.0636,=1.2493,=1.4348,=1.7571,=0.0245,=0.0975,=0.0256,=0.0371,=206
="000824",国企红利,2012-07-20,=0.0021,=2210.3063,=0.0421,=8.9450,=0.9373,=4.8847,=5.9406,=7.3384,=8.3831,=10.7823,=0.8476,=0.5256,=0.5610,=0.6880,=0.8276,=1.0592,=1.4469,=1.3017,=0.8593,=0.5370,=0.7016,=0.9865,=1.2447,=1.6834,=0.0232,=0.0892,=0.0226,=0.0420,=936
="931644",800红利,2024-03-15,,,=0.0448,=9.0240,=0.7606,=6.4729,=7.3069,=8.2052,=9.0629,=9.4757,=0.8660,=0.5714,=0.7001,=0.7688,=0.8597,=0.9080,=0.9431,=1.3196,=0.9131,=0.8423,=0.9239,=1.1156,=1.2856,=1.3602,=0.0236,=0.0906,=0.0231,=0.0430,=29
="930740",300红利LV,2018-12-04,=0.0038,=7222.6331,=0.0075,=9.1075,=0.8865,=5.4153,=6.8245,=7.5068,=8.6156,=9.6903,=0.9036,=0.6580,=0.6159,=0.7705,=0.8563,=0.9464,=1.0604,=1.3880,=0.7319,=0.6725,=0.8552,=1.0760,=1.5060,=1.9253,=0.0239,=0.0932,=0.0223,=0.0424,=609
="399373",大盘价值,2010-01-04,=0.0040,=8259.0400,=-0.0367,=9.1076,=0.7950,=5.4746,=6.8623,=8.3415,=9.1146,=11.9914,=0.9058,=0.4257,=0.6410,=0.8033,=0.9474,=1.1408,=1.5001,=1.1631,=0.8486,=0.5920,=0.7817,=0.9281,=1.1405,=1.4541,=0.0236,=0.0939,=0.0248,=0.0419,=326
="930955",红利低波100,2017-05-26,=0.0040,=11970.3133,=0.0152,=9.1311,=0.8567,=5.0805,=6.0616,=7.4049,=8.5682,=11.5013,=0.8836,=0.6366,=0.5792,=0.6657,=0.8252,=0.9912,=1.3722,=1.3741,=0.8158,=0.5888,=0.7769,=0.9875,=1.3466,=1.7525,=0.0234,=0.0928,=0.0257,=0.0443,=2067
="000919",300价值,2008-01-21,=0.0048,=5170.2494,=-0.0279,=9.1875,=0.7739,=5.9577,=7.3283,=8.4451,=9.2438,=12.2376,=0.8996,=0.3370,=0.6917,=0.8497,=0.9416,=1.1480,=1.5388,=1.1236,=0.8482,=0.6314,=0.7861,=0.9060,=1.1060,=1.3421,=0.0228,=0.0921,=0.0242,=0.0396,=4312
="000825",央企红利,2012-07-20,=-0.0006,=3538.6100,=0.0247,=9.3043,=0.9612,=4.7369,=6.0940,=7.3069,=8.3476,=10.5687,=0.8844,=0.5573,=0.5507,=0.6915,=0.8600,=0.9983,=1.3929,=1.2380,=0.8453,=0.6009,=0.8548,=1.0603,=1.2142,=1.7357,=0.0224,=0.0902,=0.0228,=0.0413,=328
="931848",800红利低波,2024-05-21,=0.0038,=3264.8200,=0.0314,=9.4494,=0.7668,=7.4155,=8.1976,=9.0577,=9.4823,=9.7854,=0.9298,=0.5609,=0.7315,=0.8592,=0.9197,=0.9708,=1.0024,=1.3728,=0.7122,=1.1714,=1.2311,=1.3474,=1.3830,=1.5428,=0.0237,=0.0929,=0.0230,=0.0417,=144
="931479",证券保险,2020-05-06,=0.0143,=948.4900,=-0.1075,=9.4496,=0.0336,=8.7385,=11.9353,=13.5164,=15.5443,=21.1012,=1.2608,=0.2579,=1.0296,=1.2308,=1.3822,=1.5741,=2.2844,=1.7187,=0.7188,=1.0318,=1.2711,=1.4522,=1.7907,=2.2879,=0.0256,=0.1317,=0.0302,=0.0284,=24
="H30035",300非银,2012-12-21,=0.0111,=9897.3700,=-0.1126,=9.6890,=0.0182,=9.0295,=13.0432,=15.1699,=19.3628,=26.3489,=1.2833,=0.1555,=1.0544,=1.3188,=1.6338,=2.0481,=2.4387,=1.7553,=0.5355,=1.0410,=1.4185,=1.7210,=1.9729,=2.3917,=0.0253,=0.1294,=0.0297,=0.0276,=1193
="000968",300周期,2010-05-28,,,=-0.0385,=9.6951,=0.6485,=6.1174,=7.8172,=9.1551,=10.2896,=13.3562,=0.9498,=0.3857,=0.7021,=0.8484,=1.0093,=1.1784,=1.5550,=1.6017,=0.9274,=0.8459,=1.0834,=1.2643,=1.4800,=1.8297,=0.0243,=0.0922,=0.0244,=0.0349,=98
="HSCCI",恒生香港中资企业指数,1997-06-16,=0.0178,=4623.8300,=0.1515,=9.7075,=0.6542,=4.8859,=6.8728,=8.8773,=11.9684,=16.1208,=0.9168,=0.5993,=0.5567,=0.7305,=0.8673,=1.1738,=1.3660,=1.0424,=0.5924,=0.5555,=0.7802,=0.9883,=1.3591,=1.5178,,=0.0951,,=0.0517,=33
="931069",中金300,2018-02-14,=0.0060,=4979.8951,=-0.0049,=9.7797,=0.6344,=5.9518,=7.5281,=9.2812,=10.5037,=13.6164,=0.9718,=0.3099,=0.7377,=0.9211,=1.0964,=1.3562,=1.8328,=1.4051,=0.8634,=0.6656,=0.8627,=1.1133,=1.3260,=1.7542,=0.0231,=0.0958,=0.0284,=0.0388,=91
="H30356",800价值,2014-06-09,=0.0057,=6572.2800,=-0.0112,=9.9545,=0.7990,=6.4024,=7.6930,=9.0357,=9.9596,=13.4784,=0.9655,=0.4566,=0.7030,=0.8622,=0.9895,=1.1733,=1.6287,=1.1054,=0.8409,=0.5868,=0.7378,=0.8818,=1.0824,=1.3738,=0.0232,=0.0908,=0.0237,=0.0375,=32
="HSML25",恒生中国(香港上市)30指数,2003-01-20,=-0.0026,=9296.7400,=-0.0175,=9.9597,=0.7143,=5.7712,=7.9111,=9.0264,=10.2891,=13.0207,=1.0854,=0.5185,=0.7256,=0.9413,=1.0788,=1.2097,=1.5098,=1.7586,=0.8212,=0.9123,=1.1483,=1.4100,=1.7348,=2.4187,,=0.1031,,=0.0337,=266
="932422",A500红利低波,2025-04-09,=0.0038,=3111.1400,=0.0026,=10.0240,=0.3640,=9.5190,=9.8902,=10.1005,=10.2538,=10.5846,=1.0084,=0.0613,=0.9943,=1.0285,=1.0441,=1.0579,=1.0978,=1.3024,=0.1533,=1.2431,=1.3089,=1.4348,=1.4743,=1.5336,=0.0241,=0.0948,,=0.0413,=302
="000042",上证央企,2009-03-30,=0.0062,=1776.4800,=-0.0193,=10.1023,=0.8144,=6.3284,=7.8863,=9.1578,=10.0536,=12.9577,=0.9785,=0.4691,=0.7230,=0.8871,=0.9888,=1.1137,=1.4812,=1.3084,=0.9765,=0.6569,=0.8569,=0.9759,=1.1335,=1.3891,=0.0224,=0.0920,=0.0234,=0.0361,=382
="399550",央视50,2012-06-06,=0.0196,=8652.7600,=0.0693,=10.1679,=0.8045,=6.8960,=8.2721,=9.2842,=10.1522,=13.0561,=1.0012,=0.1580,=0.8649,=1.0166,=1.2379,=1.4261,=1.8564,=2.1123,=0.8816,=1.3448,=1.6534,=1.8074,=2.0451,=2.5217,=0.0237,=0.0945,=0.0248,=0.0390,=2268
="930723",沪港深F100,2015-08-05,=0.0040,=5135.0256,=0.0085,=10.1766,=0.8025,=5.4557,=7.5706,=9.0090,=10.1706,=13.1279,=0.9954,=0.4693,=0.6469,=0.8476,=1.0097,=1.1160,=1.4626,=1.3122,=0.8457,=0.6039,=0.8632,=1.0763,=1.2860,=1.6654,,=0.0918,,=0.0379,=151
="399966",800证保,2012-12-21,=0.0136,=5933.9300,=-0.1027,=10.1843,=0.0177,=9.4219,=13.7103,=15.9954,=19.7375,=27.1945,=1.2894,=0.1584,=1.0619,=1.3216,=1.6162,=2.0408,=2.4366,=1.8933,=0.6205,=1.1634,=1.5249,=1.7816,=2.0457,=2.5211,=0.0247,=0.1256,=0.0286,=0.0265,=170
="H30588",中证证保,2015-02-02,=0.0136,=1007.8500,=-0.1025,=10.1898,=0.0182,=9.4285,=13.6588,=16.0886,=19.5891,=27.6808,=1.2882,=0.1564,=1.0752,=1.3220,=1.6261,=2.0366,=2.4238,=1.8965,=0.6448,=1.1673,=1.5178,=1.7623,=2.0128,=2.5500,=0.0246,=0.1254,=0.0286,=0.0266,=466
="HSCESI",恒生中国企业精明指数,2015-06-08,=-0.0006,=12810.7800,=-0.0026,=10.2573,=0.8229,=6.0524,=7.8884,=8.6319,=10.0531,=15.8114,=1.0760,=0.6603,=0.6924,=0.8931,=1.0037,=1.1579,=1.7191,=1.4388,=0.8011,=0.7846,=0.9965,=1.0860,=1.4384,=2.0876,,=0.1034,,=0.0335,=91
="399805",互联金融,2015-02-10,=0.0088,=3453.1600,=-0.1028,=10.2664,=0.2776,=7.5943,=9.7864,=11.4663,=13.1628,=16.5816,=1.0402,=0.1865,=0.7644,=1.0514,=1.4273,=1.7274,=2.0317,=1.9211,=0.9187,=1.1667,=1.4082,=1.6143,=1.7860,=2.2175,=0.0238,=0.0940,=0.0248,=0.0319,=328
="HSCEI",恒生中国企业指数,1994-08-08,=-0.0005,=8884.2000,=-0.0033,=10.2932,=0.8234,=6.0524,=7.8900,=8.6459,=10.0672,=15.8114,=1.0793,=0.6646,=0.6924,=0.8932,=1.0047,=1.1595,=1.7191,=1.4429,=0.8010,=0.7849,=0.9969,=1.0864,=1.4413,=2.0876,,=0.1034,,=0.0334,=4743
="932431",300质量,2025-03-18,=0.0065,=2035.9500,=-0.0051,=10.3206,=0.7914,=9.4685,=9.9726,=10.1427,=10.3277,=10.6435,=1.0989,=0.0935,=1.0727,=1.1138,=1.1310,=1.1459,=1.1853,=2.1968,=0.4317,=2.0194,=2.1547,=2.2056,=2.2448,=2.3259,=0.0253,=0.1012,=0.0271,=0.0355,=5
="000925",基本面50,2009-02-26,=0.0061,=4403.1696,=-0.0466,=10.3293,=0.8680,=6.2635,=7.9688,=9.0888,=10.0895,=12.7955,=0.9891,=0.3659,=0.7306,=0.9013,=1.0568,=1.1921,=1.5728,=1.0969,=0.7805,=0.6037,=0.7864,=0.9667,=1.1046,=1.4866,=0.0227,=0.0882,=0.0241,=0.0373,=4546
="950090",50AH优选,2015-12-10,=0.0121,=6383.7627,=0.0323,=10.3380,=0.9074,=6.3188,=7.9084,=8.6414,=9.8017,=13.5010,=1.0815,=0.6715,=0.7914,=0.9492,=1.0276,=1.1241,=1.5403,=1.3983,=0.9829,=0.6574,=0.8471,=0.9496,=1.0587,=1.4553,,=0.1007,,=0.0351,=1996
="932153",港股通价值策略,2025-04-30,=0.0090,=1162.0655,=0.1059,=10.4280,=0.8214,=8.1696,=9.6857,=10.1300,=10.4029,=10.9237,=0.9026,=0.7897,=0.7012,=0.8334,=0.8822,=0.9035,=0.9365,=1.0703,=0.8413,=0.8168,=0.9706,=1.0326,=1.0649,=1.1126,,=0.0812,,=0.0399,=8
="000056",上证国企,2010-01-04,=0.0021,=1255.9300,=0.0069,=10.4428,=0.7178,=7.2538,=8.8792,=9.7031,=10.7955,=13.3187,=1.1468,=0.5908,=0.8518,=1.0314,=1.1223,=1.2162,=1.5455,=1.6999,=0.9600,=0.7909,=0.9986,=1.1091,=1.2309,=1.7805,=0.0264,=0.1060,=0.0271,=0.0361,=198
="931722",国新港股通央企红利,2023-09-13,=0.0039,=1474.8692,=0.1192,=10.4673,=0.9432,=5.5040,=6.6541,=7.6360,=9.1111,=10.8173,=0.9502,=0.9063,=0.6213,=0.7239,=0.8191,=0.9066,=1.0298,=0.6521,=0.9401,=0.3100,=0.3808,=0.4678,=0.5941,=0.6918,,=0.0875,,=0.0486,=344
="000859",国企一带一路,2019-05-16,=0.0044,=2047.6802,=0.1242,=10.5105,=0.1637,=9.4709,=10.6890,=12.5558,=14.5277,=21.0714,=1.0021,=0.0100,=0.9854,=1.2003,=1.4446,=1.7809,=2.1877,=1.1417,=0.9752,=0.4715,=0.5596,=0.7377,=0.8238,=1.1782,=0.0234,=0.0898,=0.0201,=0.0347,=259
="931375",300质量低波,2019-11-25,=0.0067,=17344.2191,=0.0228,=10.5394,=0.4245,=6.4946,=8.1498,=11.4511,=13.5713,=22.0532,=1.3142,=0.4014,=0.8054,=1.0795,=1.5641,=2.0798,=3.3245,=1.8420,=0.6389,=1.0044,=1.3231,=1.6650,=2.0955,=2.5370,=0.0279,=0.1211,=0.0298,=0.0306,=111
="399371",国证价值,2010-01-04,=0.0053,=7396.5600,=0.0268,=10.5821,=0.8271,=6.4728,=7.8356,=9.0962,=10.4189,=13.0475,=1.0095,=0.4946,=0.7249,=0.8967,=1.0111,=1.2365,=1.5675,=1.0997,=0.8020,=0.5764,=0.7536,=0.8692,=1.0975,=1.3812,=0.0233,=0.0892,=0.0237,=0.0374,=127
="931373",股息龙头,2019-11-15,,,=-0.0110,=10.5943,=0.9267,=5.4295,=6.8675,=8.2773,=9.5250,=11.4004,=1.1195,=0.7857,=0.6697,=0.8465,=1.0079,=1.1271,=1.2586,=1.5445,=0.9311,=0.5706,=0.8123,=0.9828,=1.3742,=1.6262,=0.0258,=0.1004,=0.0264,=0.0394,=324
="000021",180治理,2008-09-10,=0.0079,=1077.4200,=-0.0099,=10.6382,=0.8205,=6.3364,=8.4357,=9.7016,=10.5777,=13.6109,=1.1098,=0.5400,=0.7542,=0.9755,=1.0987,=1.2187,=1.5847,=1.4586,=0.9810,=0.6625,=0.8519,=0.9540,=1.1416,=1.4979,=0.0243,=0.0995,=0.0258,=0.0367,=163
="930846",300SNLV,2016-06-24,,,=0.0356,=10.6450,=0.7537,=7.7900,=9.2015,=10.0778,=10.7452,=12.6275,=1.0364,=0.1916,=0.8340,=1.0385,=1.0962,=1.2282,=1.5027,=1.4999,=0.9311,=0.7711,=0.9509,=1.1569,=1.3251,=1.6864,=0.0237,=0.0917,=0.0233,=0.0383,=149
="000806",消费服务,2012-02-10,=0.0071,=8274.7033,=-0.0177,=10.6533,=0.4406,=8.9237,=10.0218,=10.8070,=11.8704,=17.0971,=1.1107,=0.0767,=1.0009,=1.1998,=1.3534,=1.5460,=2.0145,=2.2495,=0.6724,=1.6526,=1.9454,=2.1168,=2.3803,=3.0032,=0.0246,=0.1002,=0.0266,=0.0350,=418
="930709",香港证券,2015-07-13,=0.0131,=1344.8909,=-0.0479,=10.6810,=0.2420,=6.3679,=10.2245,=12.8139,=14.8886,=24.4010,=0.9823,=0.5412,=0.5308,=0.7588,=0.9672,=1.2590,=1.6136,=4.1060,=0.7803,=1.7834,=2.5970,=3.1590,=4.1596,=5.9903,,=0.0828,,=0.0336,=504
="932305",智选高股息,2024-09-30,=0.0093,=12429.2400,=0.1137,=10.6821,=0.9896,=7.0143,=7.4777,=8.3244,=9.3271,=10.9391,=1.0501,=0.5013,=0.8750,=0.9229,=1.0501,=1.0861,=1.1675,=0.8414,=0.6026,=0.7106,=0.7300,=0.7941,=1.2768,=1.3342,=0.0253,=0.1000,=0.0324,=0.0468,=284
="930931",港股通50,2017-01-16,=0.0022,=4007.6540,=0.0333,=10.7893,=0.6626,=6.5385,=8.6966,=9.7794,=11.3890,=15.8907,=1.1170,=0.5863,=0.7428,=0.9451,=1.0979,=1.1835,=1.6058,=1.9408,=0.8269,=1.1204,=1.4679,=1.7031,=1.9142,=2.6369,,=0.0979,,=0.0337,=290
="931052",国信价值,2017-12-08,=0.0058,=3788.7686,=0.0977,=10.8143,=0.9956,=5.3831,=6.5932,=7.3996,=8.7164,=10.9755,=1.3648,=0.9426,=0.7343,=0.9116,=1.0286,=1.1517,=1.5208,=1.7637,=0.9647,=0.6105,=0.9391,=1.2231,=1.4474,=2.0196,=0.0310,=0.1267,=0.0326,=0.0376,=555
="000048",责任指数,2009-08-05,=0.0061,=1414.3900,=-0.0415,=10.9931,=0.6576,=7.8628,=9.5548,=10.5473,=11.7735,=14.1982,=1.1648,=0.2562,=0.9056,=1.1438,=1.3018,=1.4408,=1.7866,=0.9712,=0.8878,=0.5718,=0.6942,=0.7977,=0.9193,=1.0691,=0.0224,=0.0991,=0.0247,=0.0377,=125
="930957",港股通中国100,2017-06-23,=0.0006,=3786.3391,=0.0002,=10.9937,=0.8430,=5.4625,=7.5934,=8.9042,=10.8180,=13.3106,=1.1640,=0.7097,=0.6571,=0.8612,=1.0700,=1.2018,=1.5222,=1.4999,=0.9083,=0.6789,=0.9629,=1.1235,=1.3571,=1.6609,,=0.1015,,=0.0330,=12
="399995",基建工程,2015-03-12,=0.0076,=4137.7500,=0.0592,=11.1690,=0.7941,=5.8673,=7.3439,=8.2791,=11.4296,=18.8590,=0.7116,=0.1333,=0.5815,=0.7294,=0.9034,=1.4027,=2.1834,=0.2039,=0.4839,=0.1368,=0.1788,=0.2050,=0.3486,=0.5478,=0.0129,=0.0543,=0.0158,=0.0246,=2691
="930839",港股通高息精选,2016-06-08,=-0.0005,=3628.3831,=0.0522,=11.1845,=0.6649,=4.9918,=7.1143,=9.3364,=13.2700,=31.7979,=1.4698,=0.7655,=0.7294,=0.9280,=1.0720,=1.5810,=4.8768,=1.2609,=0.5082,=0.3418,=0.5593,=1.2494,=1.9158,=6.3245,,=0.1433,,=0.0480,=367
="980081",价值100,2012-12-28,,,=0.0639,=11.2103,=0.9463,=7.7317,=8.3185,=8.5886,=9.7072,=11.5920,=1.2180,=0.9015,=0.8413,=0.8842,=0.9178,=1.1003,=1.3448,=1.1533,=0.9015,=0.7580,=0.8042,=0.8648,=1.0364,=1.2118,=0.0275,=0.0995,=0.0251,=0.0441,=337
="HSLI",恒生综合大型股指数,2001-10-03,=-0.0022,=2430.5100,=0.0094,=11.2260,=0.6794,=6.9327,=9.0891,=10.4513,=11.7587,=17.6478,=1.1377,=0.5681,=0.7133,=0.9408,=1.1155,=1.2416,=1.6032,=1.5822,=0.7334,=0.8297,=1.1852,=1.4216,=1.6322,=2.0023,,,,=0.0337,=99
="000901",小康指数,2010-04-02,=0.0090,=6385.6000,=0.0066,=11.2808,=0.5949,=8.5492,=9.9918,=11.0003,=12.5401,=15.5671,=1.0441,=0.0730,=0.9844,=1.0882,=1.2481,=1.4333,=1.7818,=1.0687,=0.8692,=0.7500,=0.8891,=0.9665,=1.0553,=1.2662,=0.0231,=0.0878,=0.0238,=0.0331,=248
="HSAHP",恒生沪深港通AH股溢价指数,2007-07-09,=0.0011,=119.1900,=-0.0346,=11.4097,=0.9846,=5.5550,=7.1430,=8.3174,=9.6273,=12.3156,=1.1098,=0.8517,=0.6208,=0.7734,=0.9214,=1.0772,=1.3863,=1.3018,=0.9506,=0.5653,=0.7668,=0.9013,=1.0688,=1.3750,,=0.0958,,=0.0312,=347
="930608",中证基建,2015-03-31,=0.0175,=8553.6088,=0.0079,=11.5845,=0.6770,=6.6667,=8.6208,=10.5101,=14.6348,=25.2863,=0.7907,=0.1188,=0.6550,=0.8199,=1.1131,=1.5126,=2.2134,=0.2419,=0.3057,=0.1701,=0.2221,=0.3390,=0.4894,=0.7101,=0.0141,=0.0583,=0.0170,=0.0261,=648
="932457",港股通现金流,2025-02-28,,,=0.0840,=11.5961,=0.8435,=7.5325,=8.8720,=10.0835,=11.4354,=12.3320,=1.1521,=0.2007,=1.0440,=1.1521,=1.2124,=1.3371,=1.5343,=0.9528,=0.3673,=0.7966,=0.9112,=0.9691,=1.2288,=1.4545,,=0.0990,,=0.0421,=36
="000016",上证50,2004-01-02,=0.0127,=3041.6300,=0.0035,=11.6228,=0.8230,=8.3126,=9.6125,=10.4216,=11.5407,=15.1108,=1.2212,=0.4055,=1.0245,=1.1636,=1.2377,=1.3330,=1.6482,=1.5741,=0.9658,=0.8665,=1.0141,=1.1215,=1.2703,=1.6440,=0.0249,=0.1007,=0.0262,=0.0316,=23415
="000052",50基本,2012-01-09,=0.0048,=2839.2500,=-0.0610,=11.6228,=0.8230,=8.3126,=9.6165,=10.4216,=11.5407,=15.1108,=1.2212,=0.4059,=1.0245,=1.1636,=1.2377,=1.3328,=1.6471,=1.5741,=0.9658,=0.8665,=1.0141,=1.1221,=1.2703,=1.6440,=0.0249,=0.1007,=0.0262,=0.0316,=25
="000043",超大盘,2009-04-23,=0.0094,=2683.8800,=0.0257,=11.9415,=0.6683,=7.5271,=9.4626,=10.9275,=13.3459,=17.2195,=1.3360,=0.4266,=0.9803,=1.2132,=1.3548,=1.5050,=1.9858,=2.2342,=0.9831,=0.6740,=0.8523,=1.2276,=1.5110,=2.3305,=0.0268,=0.1053,=0.0277,=0.0321,=161
="932255",A500红利增长,2025-04-09,=0.0050,=3149.2400,=0.0368,=12.0124,=0.9349,=9.2509,=10.3361,=10.8710,=11.8405,=12.2754,=1.3316,=0.6705,=1.0684,=1.2241,=1.2938,=1.3730,=1.4369,=1.9655,=0.7816,=1.3292,=1.6711,=1.7681,=1.9695,=2.0549,=0.0280,=0.1066,,=0.0331,=29
="HSLMI",恒生综合大中型股指数,2015-06-08,=-0.0017,=4183.8900,=0.0144,=12.0667,=0.7550,=7.0073,=9.2729,=10.5119,=12.3479,=17.7261,=1.1705,=0.6603,=0.6929,=0.9060,=1.0934,=1.2279,=1.5417,=1.4101,=0.8553,=0.6858,=0.9753,=1.1691,=1.3704,=1.6465,,,,=0.0323,=87
="932450",香港现金流,2025-02-28,,,=-0.0096,=12.0780,=0.9932,=6.6300,=8.0726,=9.7821,=10.3039,=12.1649,=0.8355,=0.0272,=0.8184,=0.8631,=1.2005,=1.2890,=1.5038,=0.5224,=0.1020,=0.5032,=0.5316,=0.9130,=1.0536,=1.2561,,=0.0828,,=0.0417,=8
="HSISC",恒指港股通指数,2024-03-01,=0.0017,=3609.4500,=0.0322,=12.1381,=0.8785,=7.5992,=8.5958,=10.0414,=11.9249,=12.8475,=1.2831,=0.9196,=0.8411,=0.9137,=1.1200,=1.2569,=1.3442,=1.6451,=0.9028,=0.9830,=1.1367,=1.3844,=1.6141,=1.7320,,,,=0.0327,=47
="399812",养老产业,2014-06-06,=0.0009,=5838.2000,=-0.0779,=12.2031,=0.0194,=11.2701,=18.1973,=20.5082,=25.3954,=31.4367,=1.8098,=0.0446,=1.7125,=2.0724,=2.8115,=3.2414,=4.2954,=1.5117,=0.2599,=1.2170,=1.4670,=1.6759,=1.8719,=2.5548,=0.0294,=0.1459,=0.0345,=0.0259,=6209
="931476",ESG 120策略,2020-04-30,=0.0215,=1506.9599,=0.0809,=12.2110,=0.9128,=7.8289,=9.6216,=10.5841,=11.7555,=13.2171,=1.3297,=0.7042,=1.0061,=1.1751,=1.2483,=1.3678,=1.7130,=1.6130,=0.9993,=0.7906,=1.0581,=1.1445,=1.3316,=1.6137,=0.0265,=0.1050,=0.0271,=0.0307,=46
="HSI",恒生指数,1989-03-09,=0.0005,=26406.8400,=0.0303,=12.2785,=0.8075,=6.9462,=9.2102,=10.2679,=12.2363,=16.9606,=1.2920,=0.8755,=0.7519,=0.9698,=1.1215,=1.2652,=1.5570,=1.6005,=0.7420,=0.8141,=1.1480,=1.4270,=1.6549,=2.0895,,,,=0.0322,=13445
="000010",上证180,2002-07-01,=0.0153,=10459.3000,=0.0443,=12.3364,=0.8548,=8.4900,=9.9408,=10.9645,=12.1115,=14.6942,=1.2284,=0.4084,=0.9930,=1.1498,=1.2655,=1.3646,=1.6698,=1.4580,=0.9806,=0.8990,=1.0652,=1.1777,=1.3000,=1.4916,=0.0240,=0.0943,=0.0246,=0.0304,=2490
="1000010",上海B股,1994-01-10,,,,=12.5859,=0.1691,=6.8464,=13.1459,=19.3860,=37.2537,=68.1787,=0.9341,=0.2405,=0.7158,=0.9138,=1.0184,=1.2523,=1.7346,=0.7142,=0.7347,=0.3163,=0.4060,=0.5564,=0.7438,=1.2119,,,=0.0164,=0.0413,=126
="399313",巨潮100,2005-02-03,=0.0147,=5599.0300,=0.0279,=12.5909,=0.8391,=8.9278,=10.3230,=11.0648,=12.3507,=16.6101,=1.3117,=0.4055,=1.0718,=1.2381,=1.3353,=1.4929,=1.8501,=1.6136,=0.9827,=0.9844,=1.1463,=1.2608,=1.4273,=1.6915,=0.0250,=0.0999,=0.0255,=0.0292,=207
="930949",价值回报,2017-02-24,,,=0.0550,=12.6470,=0.8379,=5.5354,=8.0797,=9.9891,=12.1408,=17.5400,=1.4452,=0.1442,=1.2865,=1.4733,=1.7359,=2.1711,=3.1701,=0.7445,=0.2732,=0.5488,=0.7112,=0.8682,=1.2513,=1.7276,=0.0290,=0.1096,=0.0305,=0.0403,=29
="931395",沪港深300,2020-01-14,=0.0122,=1792.1940,=0.0395,=12.6996,=0.8316,=8.3275,=10.0184,=10.8312,=12.5566,=16.6490,=1.2922,=0.6381,=0.9663,=1.1018,=1.2133,=1.3722,=1.7241,=1.6308,=0.8929,=0.9881,=1.1701,=1.3146,=1.5771,=1.8801,,=0.0964,,=0.0302,=500
="HSCAIT",恒生A股行业龙头指数,2009-09-21,=0.0078,=5845.4000,=0.0145,=12.7640,=0.9637,=8.2192,=9.7572,=10.4477,=11.7428,=14.1027,=1.3305,=0.7248,=1.0288,=1.1815,=1.2610,=1.3564,=1.6997,=1.3774,=0.9872,=0.8424,=0.9718,=1.0477,=1.2084,=1.4109,=0.0256,=0.1023,=0.0260,=0.0334,=492
="931586",300价值稳健,2020-11-09,=0.0074,=7748.1533,=0.0151,=13.1911,=0.9106,=8.1741,=9.6465,=11.0946,=12.7274,=15.0111,=1.4781,=0.7483,=0.9699,=1.1910,=1.3255,=1.5207,=1.6570,=1.4863,=0.9226,=0.7359,=0.8626,=0.9811,=1.0827,=1.5639,=0.0264,=0.1070,=0.0304,=0.0347,=40
="932039",央企股东回报,2022-11-16,=0.0001,=1703.8700,=0.0738,=13.2439,=0.9490,=8.0198,=9.6429,=10.8873,=11.9044,=13.8005,=1.2534,=0.9271,=0.8847,=1.0008,=1.0998,=1.1700,=1.4098,=0.8318,=0.9526,=0.3642,=0.4239,=0.5240,=0.6631,=0.8821,=0.0235,=0.0905,=0.0215,=0.0398,=124
="000044",上证中盘,2009-07-03,=0.0134,=4823.7100,=0.0570,=13.4088,=0.6143,=8.6509,=10.4793,=12.5309,=14.6389,=18.7575,=1.2379,=0.4167,=0.9210,=1.0900,=1.2905,=1.6557,=1.9734,=1.3302,=0.6621,=0.9382,=1.1499,=1.2496,=1.4304,=1.7773,=0.0229,=0.0859,=0.0223,=0.0288,=91
="399807",高铁产业,2015-01-20,=0.0069,=1212.7400,=-0.0238,=13.6217,=0.6927,=9.4881,=11.2215,=12.8418,=15.9044,=24.3532,=0.8196,=0.0021,=0.8105,=0.9226,=1.0396,=1.5514,=2.3973,=0.4246,=0.5012,=0.3063,=0.3761,=0.4246,=0.4819,=0.6435,=0.0121,=0.0541,=0.0137,=0.0285,=589
="931168",绿色价值100,2019-06-27,,,=0.0247,=13.6319,=0.9465,=8.4906,=9.9693,=11.3111,=12.7691,=14.6050,=1.4961,=0.9302,=1.0223,=1.1877,=1.2776,=1.3989,=1.6052,=1.6144,=0.9826,=0.9649,=1.1289,=1.2463,=1.3462,=1.6482,=0.0274,=0.1011,=0.0242,=0.0293,=9
="H30455",沪港深500,2014-11-28,=0.0092,=2749.6087,=0.0348,=13.6663,=0.9020,=8.5690,=10.3545,=11.3793,=13.1864,=16.8903,=1.3756,=0.7179,=0.9675,=1.1583,=1.2850,=1.4056,=1.7307,=1.6443,=0.9648,=0.9518,=1.1780,=1.3111,=1.4982,=1.7787,,=0.0953,,=0.0287,=523
="931397",A股通50,2020-02-20,,,=0.0464,=13.7646,=0.6042,=8.9450,=10.5488,=12.8221,=21.6913,=29.8209,=1.6619,=0.4695,=1.1048,=1.2748,=1.7498,=3.5952,=4.6955,=2.0035,=0.6215,=1.0496,=1.2803,=1.8736,=2.9346,=3.9597,=0.0296,=0.1069,=0.0278,=0.0280,=6
="931412",证券公司30,2020-02-20,=0.0165,=1467.5319,=-0.0975,=13.8067,=0.0192,=12.7557,=16.4418,=18.6274,=22.7626,=36.9291,=1.2641,=0.1857,=1.0327,=1.2719,=1.4520,=1.7032,=2.4365,=5.5498,=0.4907,=3.9462,=5.0187,=5.5696,=6.7346,=9.6353,=0.0228,=0.0861,=0.0218,=0.0220,=16
="1000015",港股全指,2000-01-01,=0.0005,=26406.8400,=0.0303,=13.8247,=0.8196,=7.5917,=10.2468,=11.2871,=13.5850,=19.1348,=1.1609,=0.7322,=0.6574,=0.8625,=1.0607,=1.1863,=1.5123,=1.2680,=0.7956,=0.6196,=0.8644,=1.0913,=1.2707,=1.5791,,,,=0.0308,=301
="931155",300质量成长,2019-04-22,,,=0.0951,=13.9766,=0.5612,=7.3805,=10.7761,=13.5872,=15.3698,=31.0699,=2.0490,=0.3861,=1.1055,=1.6605,=2.2740,=2.8385,=5.3844,=2.5655,=0.7762,=1.3218,=1.7696,=2.1557,=2.6078,=3.8395,=0.0331,=0.1462,=0.0366,=0.0217,=75
="399314",巨潮大盘,2005-02-03,=0.0169,=5366.2200,=0.0484,=14.0613,=0.9043,=9.6620,=11.1024,=12.0200,=13.4470,=17.5384,=1.4060,=0.4633,=1.0976,=1.2830,=1.4166,=1.5848,=1.9279,=1.5813,=0.9550,=0.9932,=1.1665,=1.3032,=1.4551,=1.8124,=0.0244,=0.0938,=0.0251,=0.0278,=16
="000028",180成长,2009-01-09,=0.0162,=4154.7100,=0.0617,=14.1006,=0.4633,=9.5268,=12.0029,=14.4844,=18.2344,=25.1474,=1.8952,=0.2450,=1.5063,=1.8400,=2.6890,=3.1694,=5.1089,=2.0085,=0.9138,=1.1581,=1.4544,=1.6156,=1.8516,=2.3971,=0.0333,=0.1358,=0.0227,=0.0241,=192
="931468",红利质量,2020-05-21,=0.0126,=35774.9882,=0.1354,=14.1415,=0.0512,=13.0933,=16.1800,=18.9319,=22.1088,=36.4689,=2.3827,=0.0215,=2.3034,=2.8953,=3.7971,=4.7337,=8.5636,=2.3887,=0.2180,=1.9811,=2.3551,=2.9448,=3.9676,=5.8829,=0.0381,=0.1637,=0.0476,=0.0289,=1093
="000971",等权90,2010-12-02,=0.0180,=3556.6957,=0.0588,=14.2535,=0.8763,=8.9747,=10.8524,=11.8182,=13.6616,=19.4330,=1.5538,=0.6829,=1.1544,=1.3227,=1.4324,=1.6219,=2.2329,=1.8084,=0.9979,=1.0052,=1.1428,=1.2551,=1.5234,=1.8600,=0.0259,=0.1045,=0.0271,=0.0267,=8
="399437",证券龙头,2014-12-30,=0.0170,=6171.9700,=-0.0939,=14.2621,=0.0400,=12.0320,=17.3662,=20.0004,=25.0411,=43.0253,=1.2923,=0.1802,=1.0547,=1.3023,=1.5460,=1.8447,=2.3633,=5.6804,=0.3847,=3.9970,=5.2861,=6.2024,=7.2524,=9.5068,=0.0223,=0.0851,=0.0215,=0.0213,=684
="931132",诚通央企红利,2023-05-04,=-0.0024,=1770.3367,=0.0909,=14.3085,=0.9396,=9.0905,=10.5558,=11.8413,=12.7625,=15.2313,=1.3395,=0.9150,=0.9482,=1.0870,=1.1814,=1.2221,=1.5338,=0.8156,=0.9396,=0.3626,=0.4240,=0.4733,=0.6082,=0.8835,=0.0249,=0.0916,=0.0215,=0.0390,=29
="930629",CSSW健康,2015-05-08,=0.0184,=5878.4703,=0.0266,=14.3467,=0.0446,=12.7079,=18.3242,=21.9753,=38.8610,=49.9253,=2.0195,=0.0945,=1.7767,=2.1850,=3.1047,=4.6323,=6.2998,=1.7783,=0.3973,=1.2755,=1.5585,=1.9458,=4.7309,=7.2978,=0.0270,=0.1388,=0.0324,=0.0214,=266
="950096",上海国企,2016-05-11,=0.0114,=1457.2200,=-0.0368,=14.4356,=0.6968,=8.9055,=11.0343,=12.5691,=15.1972,=16.5992,=1.0672,=0.4031,=0.7269,=0.8713,=1.1408,=1.5335,=2.0186,=1.1853,=0.9196,=0.5842,=0.6832,=0.8499,=1.1273,=1.2890,=0.0189,=0.0761,=0.0213,=0.0217,=168
="931381",中证长三角,2019-11-25,=0.0148,=2114.3286,=0.0445,=14.5205,=0.9142,=9.1117,=10.6465,=11.9597,=13.8414,=16.1441,=1.4097,=0.6332,=0.9630,=1.1480,=1.3011,=1.5526,=1.8124,=1.9392,=1,=0.8724,=1.0691,=1.2380,=1.5286,=1.9392,=0.0256,=0.0961,=0.0259,=0.0256,=5
="000908",300能源,2007-07-02,=-0.0011,=2602.8421,=0.1011,=14.6411,=0.6027,=6.9395,=9.4585,=13.2304,=22.6509,=62.7889,=1.4537,=0.9443,=0.7125,=0.8868,=1.1210,=1.2786,=1.8071,=0.8970,=0.9810,=0.3053,=0.3856,=0.5101,=0.6884,=1.0302,=0.0302,=0.1004,=0.0297,=0.0371,=266
="931802",中证龙头,2010-02-09,=0.0152,=1972.4700,=0.0696,=14.8029,=0.9018,=9.1945,=11.2886,=12.3528,=13.9615,=18.2393,=1.9821,=0.9101,=1.2757,=1.4553,=1.6536,=1.8710,=2.6625,=2.1387,=0.8915,=0.9048,=1.0721,=1.3291,=1.9734,=2.7195,=0.0324,=0.1325,=0.0308,=0.0282,=95
="000300",沪深300,2005-04-08,=0.0164,=4951.8400,=0.0695,=14.8872,=0.9394,=10.0799,=11.6790,=12.5895,=14.0978,=17.6279,=1.4777,=0.5305,=1.1457,=1.3350,=1.4686,=1.6202,=1.9228,=1.6082,=0.9818,=1.0330,=1.1718,=1.3017,=1.4508,=1.7482,=0.0246,=0.0934,=0.0249,=0.0265,=48406
="931402",证券先锋,2020-01-14,=0.0161,=1875.6772,=-0.1005,=14.9899,=0.0190,=13.6795,=18.1111,=20.8593,=25.9190,=41.4692,=1.2939,=0.2056,=1.0487,=1.2904,=1.4714,=1.7526,=2.4715,=5.8404,=0.4565,=4.0917,=5.3078,=5.9119,=7.0930,=10.0278,=0.0214,=0.0819,=0.0203,=0.0205,=91
="932366",300现金流,2024-11-12,=0.0062,=3537.1700,=0.0585,=15.0070,=0.8357,=12.5879,=13.4414,=14.0082,=14.9697,=16.2670,=1.6249,=0.0056,=1.6166,=1.7596,=1.8437,=1.9017,=1.9885,=1.2272,=0.1421,=1.0861,=1.2401,=1.4062,=1.4443,=1.5124,=0.0285,=0.1163,=0.0355,=0.0382,=156
="931082",A500现金流,2025-07-16,,,=0.0499,=15.0377,=0.7897,=11.3087,=12.1852,=13.6526,=15.0453,=16.5522,=1.7229,=0.0667,=1.6736,=1.7999,=1.8985,=1.9731,=2.0613,=1.3559,=0.1077,=1.2740,=1.3684,=1.5016,=1.5698,=1.6378,=0.0315,=0.1166,,=0.0368,=106
="399975",证券公司,2013-07-15,=0.0166,=771.7500,=-0.0949,=15.1001,=0.0408,=12.1047,=18.7170,=21.4891,=26.4841,=46.0250,=1.2922,=0.1774,=1.0494,=1.3064,=1.5681,=1.8800,=2.4199,=5.8499,=0.3688,=4.0997,=5.4047,=6.3260,=7.4089,=10.0865,=0.0211,=0.0810,=0.0201,=0.0203,=9728
="932368",800现金流,2024-12-11,=0.0039,=5408.6300,=0.0576,=15.2181,=0.9527,=9.9108,=10.7865,=11.5907,=13.5039,=15.6891,=1.6049,=0.3077,=1.4048,=1.5454,=1.6887,=1.8801,=2.0110,=1.2988,=0.4349,=1.0036,=1.0966,=1.3212,=1.4028,=1.5226,=0.0283,=0.1177,=0.0451,=0.0355,=220
="000822",500红利,2012-07-20,,,=0.0887,=15.2581,=0.7702,=7.4138,=9.6102,=11.2653,=17.7018,=26.4578,=1.2566,=0.5289,=0.8670,=1.0202,=1.2419,=1.7890,=2.2876,=0.6982,=0.5850,=0.2906,=0.3999,=0.5821,=1.2458,=1.8159,=0.0233,=0.0658,=0.0188,=0.0355,=37
="932365",中证现金流,2024-12-11,=0.0031,=5552.8400,=0.0541,=15.3017,=0.9556,=10.1873,=10.8886,=11.7444,=13.8208,=15.8261,=1.6063,=0.0355,=1.5559,=1.6987,=1.8012,=1.8900,=2.0150,=1.1640,=0.0651,=1.0912,=1.2293,=1.4200,=1.5192,=1.6205,=0.0286,=0.1155,=0.0394,=0.0355,=620
="932315",中证红利质量,2024-07-08,=-0.0015,=4630.9500,=0.0259,=15.3028,=0.4018,=12.3916,=13.4923,=15.7385,=16.6540,=18.7206,=2.6164,=0.2664,=2.1812,=2.3551,=3.5389,=4.0196,=4.4900,=2.9406,=0.4447,=2.0136,=2.1638,=3.0190,=3.1910,=3.5388,=0.0482,=0.1829,=0.0412,=0.0369,=472
="399439",国证油气,2014-12-30,=-0.0036,=2329.0100,=0.2094,=15.3263,=0.4963,=7.2448,=10.6844,=15.4136,=30.1422,=98.7831,=1.4507,=0.9645,=0.6716,=0.7849,=1.1395,=1.2600,=1.8382,=0.8070,=0.9798,=0.2370,=0.3183,=0.5041,=0.5947,=0.9735,=0.0300,=0.0921,=0.0283,=0.0331,=93
="000928",中证能源,2009-07-03,=-0.0005,=3456.8700,=0.1731,=15.3864,=0.6498,=6.9612,=9.7906,=13.1590,=22.1947,=68.9647,=1.4646,=0.9521,=0.7281,=0.9359,=1.1447,=1.2949,=1.8006,=0.9103,=0.9810,=0.3162,=0.4106,=0.5298,=0.6989,=1.0383,=0.0289,=0.0960,=0.0282,=0.0351,=1283
="931248",油气资源,2023-06-12,=-0.0110,=1207.0678,=0.3210,=15.3950,=0.9197,=8.9017,=10.1412,=11.1410,=12.8519,=19.0700,=1.4432,=0.8881,=1.0292,=1.1478,=1.2078,=1.3426,=1.8318,=0.8074,=0.9268,=0.4486,=0.5073,=0.5881,=0.6564,=0.9774,=0.0301,=0.0906,=0.0280,=0.0329,=39
="980092",自由现金流,2012-12-28,=0.0053,=5819.3900,=0.0801,=15.4269,=0.9237,=11.1075,=12.1257,=12.8196,=14.3379,=16.4362,=1.5837,=0.4377,=1.4157,=1.5103,=1.5957,=1.6738,=1.8134,=0.9806,=0.7837,=0.7577,=0.8735,=0.9490,=0.9842,=1.0805,=0.0285,=0.1047,=0.0263,=0.0305,=1292
="980028",龙头家电,2015-02-16,=0.0082,=12751.1000,=0.0130,=15.4370,=0.6474,=11.8600,=13.7051,=14.6009,=18.7865,=31.1013,=2.5966,=0.1263,=2.3382,=2.6732,=2.9201,=3.7017,=5.1202,=1.4160,=0.7382,=0.9787,=1.2011,=1.3280,=1.4936,=2.2318,=0.0430,=0.1789,=0.0477,=0.0415,=183
="931454",港股通消费,2020-03-06,=-0.0013,=1483.7822,=-0.0363,=15.5948,=0.0046,=15.2126,=20.8475,=27.8883,=37.3195,=64.7193,=2.6049,=0.0026,=2.5771,=3.2350,=3.6610,=5.1588,=8.9519,=1.4146,=0.0033,=1.3997,=1.9750,=2.3974,=3.6282,=6.6047,,=0.1670,,=0.0440,=334
="930758",凤凰50,2018-11-21,=0.0050,=9093.8008,=0.1416,=15.7276,=0.7908,=8.6050,=10.7984,=13.4053,=15.7716,=22.7753,=1.7942,=0.6259,=1.0496,=1.4257,=1.6467,=2.0897,=3.0708,=2.1625,=0.9225,=0.3622,=0.7510,=1.3083,=1.8808,=3.4064,=0.0281,=0.1135,=0.0262,=0.0284,=61
="HSCGSI",恒生消费指数,2015-08-17,=-0.0029,=2580.1600,=-0.0005,=15.7342,=0.0305,=14.2396,=17.9875,=20.3555,=46.9799,=191.0166,=2.6202,=0.5323,=1.6557,=2.1328,=2.5812,=3.0646,=4.3429,=1.4343,=0.3937,=0.9965,=1.2446,=1.5540,=1.8502,=2.9413,,,,=0.0429,=807
="931021",家电龙头,2017-10-17,=0.0046,=17805.8500,=-0.0144,=15.7588,=0.4906,=11.3343,=14.2093,=15.8641,=19.4129,=31.7589,=2.4913,=0.0659,=2.3685,=2.6569,=3.0607,=3.9111,=5.4650,=1.2835,=0.6484,=0.8457,=1.1150,=1.2335,=1.4893,=2.4102,=0.0396,=0.1676,=0.0453,=0.0400,=21
="HSMI",恒生综合中型股指数,2001-10-03,=0.0009,=5189.3200,=0.0415,=15.8427,=0.9358,=7.1837,=9.6369,=11.2272,=14.6149,=19.0737,=1.2886,=0.9094,=0.6229,=0.7817,=1.0100,=1.2224,=1.5312,=1.0476,=0.9907,=0.4186,=0.5568,=0.6717,=0.8050,=1.0938,,,,=0.0276,=157
="000955",中证国企,2010-02-09,,,=0.0413,=15.8933,=0.9554,=10.0979,=11.7062,=12.7301,=14.8754,=16.8119,=1.3030,=0.5260,=1.0210,=1.1826,=1.2955,=1.4508,=1.7591,=1.3491,=0.9237,=0.7969,=0.9757,=1.0889,=1.2734,=1.4527,=0.0213,=0.0765,=0.0217,=0.0260,=40
="H30198",油气产业,2013-07-15,=-0.0090,=2673.5800,=0.2692,=16.1493,=0.5487,=7.8064,=10.8246,=13.9468,=25.5588,=104.2111,=1.4831,=0.9718,=0.6580,=0.8156,=1.1420,=1.2489,=1.8532,=0.8034,=0.9780,=0.2505,=0.3191,=0.4738,=0.5878,=0.9554,=0.0307,=0.0868,=0.0269,=0.0310,=103
="000986",全指能源,2011-08-02,=0.0012,=2750.3300,=0.1782,=16.1914,=0.6514,=6.8032,=9.9968,=13.3595,=22.3659,=75.0146,=1.4715,=0.9579,=0.7554,=0.9688,=1.1691,=1.3107,=1.7977,=0.9268,=0.9814,=0.3323,=0.4459,=0.5656,=0.7150,=1.0524,=0.0281,=0.0918,=0.0274,=0.0337,=598
="H11057",石化产业,2009-07-22,=0.0007,=1502.9800,=0.1003,=16.3021,=0.6862,=9.0713,=11.9876,=13.9091,=19.5684,=46.6548,=1.6356,=0.9652,=0.9085,=1.1884,=1.3402,=1.4374,=1.9948,=0.8836,=0.9630,=0.4002,=0.4791,=0.6091,=0.7481,=1.0264,=0.0331,=0.0946,=0.0281,=0.0290,=58
="HSSCHKC",恒生港股通香港公司指数,2017-11-20,=0.0015,=3533.9000,=0.1372,=16.3463,=0.6991,=9.9660,=12.2081,=14.2469,=18.2385,=45.2058,=1.3063,=0.9352,=0.8018,=0.9519,=1.0956,=1.2395,=1.4001,=2.9025,=0.8834,=1.7566,=2.0711,=2.3856,=2.7361,=3.2431,,,,=0.0346,=14
="000860",结构调整,2018-03-26,=0.0224,=1357.1900,=0.1086,=16.3800,=0.7988,=9.5233,=12.4229,=13.9005,=16.3857,=20.6443,=1.4569,=0.8095,=1.1018,=1.2861,=1.3701,=1.4551,=1.6430,=0.9369,=0.9924,=0.4658,=0.5850,=0.6749,=0.7473,=0.9608,=0.0222,=0.0831,=0.0231,=0.0306,=141
="932037",央企现代能源,2022-11-16,=0.0107,=1635.4500,=0.1209,=16.5586,=0.9464,=10.8583,=11.9712,=12.8025,=14.0296,=18.2611,=1.6298,=0.9012,=1.1507,=1.3336,=1.4152,=1.5567,=1.8914,=0.9941,=0.9488,=0.4850,=0.6161,=0.7470,=0.8115,=1.0835,=0.0273,=0.0952,=0.0272,=0.0310,=32
="000861",央企创新,2019-05-16,=0.0158,=2879.4707,=0.1220,=16.7584,=0.9486,=10.3360,=12.0038,=13.3587,=14.9301,=18.8086,=1.4936,=0.9811,=1.0351,=1.1859,=1.2949,=1.3829,=1.5975,=0.8820,=0.9935,=0.4544,=0.5190,=0.5819,=0.7237,=0.8999,=0.0222,=0.0826,=0.0232,=0.0291,=266
="HSHK35",恒生香港35,2003-01-20,=0.0030,=3302.2700,=0.1569,=16.7663,=0.7253,=9.7413,=12.0724,=14.2073,=17.5924,=47.6465,=1.3114,=0.9805,=0.7649,=0.9577,=1.0926,=1.2272,=1.3547,=3.5609,=0.9646,=2.1814,=2.5788,=2.8750,=3.1696,=3.7366,,,,=0.0359,=114
="000068",上证资源,2010-05-28,=-0.0012,=4640.7200,=0.1525,=16.7750,=0.6060,=7.8012,=11.1450,=15.2115,=26.4190,=73.1997,=1.8408,=0.9715,=0.8674,=1.1479,=1.3035,=1.4702,=2.2515,=1.0572,=0.9757,=0.3742,=0.5012,=0.6082,=0.7621,=1.2220,=0.0351,=0.1097,=0.0307,=0.0285,=303
="000092",资源50,2011-05-10,=-0.0012,=5518.7900,=0.1305,=16.8183,=0.6300,=7.9483,=11.3499,=14.9150,=23.2352,=52.0101,=1.9110,=0.9711,=0.9579,=1.2479,=1.3902,=1.5240,=2.3324,=1.0971,=0.9752,=0.4148,=0.5541,=0.6740,=0.7820,=1.2646,=0.0363,=0.1132,=0.0314,=0.0280,=35
="000066",上证商品,2010-04-30,=0.0044,=4238.9200,=0.2018,=16.8490,=0.6271,=7.9120,=11.1675,=15.0766,=23.4986,=53.3084,=1.8430,=0.9711,=0.9403,=1.2057,=1.3318,=1.4884,=2.2405,=1.0645,=0.9757,=0.4082,=0.5256,=0.6495,=0.7683,=1.2223,=0.0347,=0.1091,=0.0303,=0.0285,=73
="399974",国企改革,2014-08-07,=0.0145,=2031.6400,=0.0700,=16.9294,=0.7880,=8.5408,=11.0130,=13.4094,=17.0432,=23.5243,=1.4719,=0.4790,=1.0768,=1.3337,=1.4861,=1.8365,=2.8970,=1.1607,=0.7211,=0.6803,=0.8840,=0.9889,=1.2484,=2.2060,=0.0239,=0.0809,=0.0242,=0.0273,=369
="931268",持续发展,2019-11-15,=0.0164,=2346.8977,=0.0606,=17.2814,=1,=14.1354,=14.8083,=15.4238,=16.1557,=17.2814,=2.2363,=0.7220,=1.7338,=1.8247,=1.8991,=2.2614,=2.3440,=1.8596,=1,=1.5998,=1.7163,=1.7878,=1.8138,=1.8596,=0.0313,=0.1256,=0.0323,=0.0281,=16
="000842",800等权,2012-12-21,,,=0.0992,=17.3059,=0.9827,=10.7808,=12.9023,=14.0747,=15.8915,=18.9686,=1.6439,=0.6469,=1.1816,=1.3959,=1.5493,=1.7186,=1.9628,=1.6567,=0.9996,=1.0117,=1.1472,=1.2948,=1.4718,=1.6574,=0.0241,=0.0890,=0.0237,=0.0232,=158
="000906",中证800,2007-01-15,=0.0165,=5623.0300,=0.1006,=17.3059,=0.9827,=10.7808,=12.9023,=14.0747,=15.8915,=18.9686,=1.6439,=0.6469,=1.1816,=1.3959,=1.5493,=1.7186,=1.9628,=1.6567,=0.9996,=1.0117,=1.1472,=1.2948,=1.4718,=1.6574,=0.0241,=0.0890,=0.0237,=0.0232,=2653
="399375",中盘价值,2010-01-04,=0.0074,=6788.0300,=0.1439,=17.4134,=0.8280,=9.0528,=10.9370,=12.3134,=16.8275,=33.1718,=1.5501,=0.7917,=1.0236,=1.1932,=1.3322,=1.5705,=1.9880,=1.0624,=0.8956,=0.5167,=0.6432,=0.7489,=0.9808,=1.2353,=0.0258,=0.0785,=0.0211,=0.0270,=186
="H11136",中国互联网,2011-09-20,=-0.0119,=4412.4389,=-0.1723,=17.5900,=0.0963,=14.7773,=20.2448,=42.8057,=57.6075,=137.0698,=2.3884,=0.0867,=1.7247,=2.5746,=4.7431,=6.7410,=9.7098,=2.0955,=0.0875,=1.5020,=2.2703,=4.4181,=6.5160,=9.1092,,,,=0.0116,=3327
="H30533",中国互联网50,2014-12-29,=-0.0180,=7767.8289,=-0.1713,=17.5996,=0.0695,=14.9049,=20.5473,=41.7348,=57.4880,=137.0698,=2.4109,=0.1040,=1.7082,=2.5752,=4.7412,=6.7227,=9.7098,=2.0545,=0.0955,=1.4305,=2.1936,=4.4152,=6.4332,=9.1092,,,,=0.0108,=6741
="000961",中证上游,2010-04-16,=-0.0034,=5815.3268,=0.1485,=17.6011,=0.6172,=8.3063,=11.4863,=15.6949,=25.8537,=72.6914,=1.9961,=0.9719,=0.9003,=1.1929,=1.3598,=1.5167,=2.4036,=1.1282,=0.9765,=0.3813,=0.5134,=0.6291,=0.7679,=1.2905,=0.0373,=0.1119,=0.0305,=0.0263,=42
="399324",深证红利,2006-01-24,=0.0068,=9342.1900,=0.0209,=17.6279,=0.7908,=11.7065,=14.3957,=15.7325,=17.7170,=23.4132,=2.3678,=0.6275,=1.2884,=1.9036,=2.1768,=2.5075,=3.7254,=2.0061,=0.8469,=1.1033,=1.3622,=1.7368,=1.9633,=2.8578,=0.0424,=0.1345,=0.0450,=0.0394,=5210
="000945",内地运输,2009-10-28,=-0.0084,=1477.5857,=-0.0001,=17.6600,=0.3474,=13.9394,=16.4788,=19.5989,=27.8199,=72.7429,=1.3330,=0.0421,=1.2463,=1.4110,=1.5712,=1.7788,=2.4452,=0.7940,=0.4150,=0.5140,=0.6447,=0.9341,=1.4426,=1.9188,=0.0219,=0.0581,=0.0167,=0.0286,=73
="931404",SHS品牌消费50,2020-02-20,=-0.0030,=2490.7112,=-0.0777,=17.6693,=0.0884,=15.2551,=18.4901,=21.6587,=30.5688,=52.1290,=3.5191,=0.0006,=3.5051,=4.6075,=5.3093,=7.3296,=13.2899,=3.1075,=0.1323,=2.1582,=3.1888,=4.1390,=6.4315,=12.0094,,=0.2165,,=0.0291,=127
="H30095",医药红利,2013-07-02,=0.0081,=15453.8100,=-0.0004,=17.6983,=0.2807,=14.6474,=17.3006,=19.8123,=27.2304,=34.8020,=1.7627,=0.1622,=1.4797,=1.8162,=2.4536,=3.1550,=4.2060,=1.0337,=0.2340,=0.7612,=1.0047,=1.5217,=2.0213,=2.8268,=0.0293,=0.1019,=0.0311,=0.0346,=86
="931068",消费龙头,2018-11-21,=-0.0006,=11732.7639,=-0.0739,=17.7931,=0.1278,=15.6061,=18.4051,=23.0758,=30.2089,=44.3922,=3.3015,=0,=3.3015,=4.1635,=4.7481,=6.6250,=10.3805,=2.2141,=0.0797,=1.8019,=2.6913,=3.2868,=4.1194,=7.0508,=0.0518,=0.2083,=0.0600,=0.0388,=2324
="000001",上证指数,1991-07-15,=0.0108,=4225.0200,=0.0645,=17.9074,=1,=10.8403,=12.7209,=13.8151,=15.8000,=17.9074,=1.5338,=0.7120,=1.1148,=1.3021,=1.4416,=1.5732,=1.8463,=1.5711,=1,=0.9369,=1.0774,=1.2153,=1.3826,=1.5711,=0.0219,=0.0804,=0.0221,=0.0229,=1367
="399310",国证A50,2005-09-05,=0.0181,=8569.0700,=0.0688,=17.9429,=0.9352,=8.8433,=10.4544,=13.4260,=16.0838,=22.6576,=2.0246,=0.7933,=1.1237,=1.2882,=1.6484,=2.0348,=2.9417,=1.5420,=0.8313,=0.9633,=1.1310,=1.2340,=1.5036,=2.2769,=0.0272,=0.1076,=0.0263,=0.0233,=286
="000046",上证中小,2009-07-03,=0.0138,=5668.0600,=0.1052,=17.9749,=0.7640,=10.5504,=12.1058,=15.2187,=18.4389,=22.4992,=1.5344,=0.5866,=1.0626,=1.2077,=1.4819,=1.8262,=2.0905,=1.4522,=0.8358,=0.8596,=1.0256,=1.1228,=1.4093,=1.6429,=0.0219,=0.0784,=0.0213,=0.0225,=343
="931645",1000红利,2024-03-15,,,=0.0341,=18.0550,=1,=11.2896,=12.3982,=13.4966,=14.6852,=18.0550,=1.2417,=0.7664,=0.9871,=1.1298,=1.1953,=1.2465,=1.3469,=0.8143,=0.7857,=0.5734,=0.6648,=0.7545,=0.8186,=0.8871,=0.0179,=0.0646,=0.0199,=0.0307,=21
="930604",中国互联网30,2015-03-23,=-0.0144,=8327.5426,=-0.1675,=18.0743,=0.0980,=14.9187,=20.5060,=42.4548,=59.3845,=131.9396,=2.4505,=0.0934,=1.7582,=2.6265,=4.8597,=7.0824,=10.3841,=2.0580,=0.1015,=1.4482,=2.2123,=4.2146,=6.4486,=9.5870,,,,=0.0105,=622
="000918",300成长,2008-01-21,=0.0215,=5771.1547,=0.1343,=18.0826,=0.7153,=11.4995,=14.1989,=16.6240,=20.6304,=29.9826,=2.5749,=0.4204,=1.8709,=2.2864,=2.7896,=4.3091,=6.1771,=2.7207,=0.8494,=1.1680,=1.5324,=1.7713,=2.5540,=3.9548,=0.0348,=0.1486,=0.0340,=0.0198,=785
="HSMSI",恒生综合中小型股指数,2015-06-08,=0.0026,=3116.6000,=0.0550,=18.1046,=0.9740,=7.2058,=10.0582,=12.3843,=15.3437,=18.8438,=1.2670,=0.9090,=0.6157,=0.7686,=1.0042,=1.2039,=1.4952,=0.9707,=0.9772,=0.4020,=0.5319,=0.6807,=0.8347,=1.0389,,,,=0.0264,=159
="399348",深证价值,2009-11-04,=0.0103,=6896.8300,=0.0574,=18.1757,=0.8469,=9.9756,=12.8084,=14.9031,=17.5563,=21.4453,=1.7455,=0.5260,=1.2527,=1.4911,=1.7299,=2.1177,=2.9268,=1.3371,=0.7092,=0.8306,=1.0363,=1.1847,=1.6210,=2.1193,=0.0245,=0.0871,=0.0201,=0.0260,=294
="000150",380红利,2012-07-20,=-0.0013,=12504.2600,=0.0818,=18.1979,=0.9340,=5.2545,=8.5513,=12.0878,=16.4649,=19.8070,=1.2302,=0.3870,=0.6172,=0.8678,=1.3744,=1.7022,=2.2592,=0.5457,=0.4938,=0.2775,=0.3623,=0.5495,=1.7223,=2.3204,=0.0206,=0.0377,=0.0185,=0.0381,=43
="H30089",红利潜力,2013-07-02,=0.0046,=9886.8600,=-0.0060,=18.2041,=0.6267,=12.7702,=15.7291,=16.9556,=20.7352,=29.7267,=2.8494,=0.7566,=1.4410,=1.9770,=2.4719,=2.9135,=4.3960,=2.3762,=0.9571,=0.7611,=0.9467,=1.7364,=2.1361,=2.8465,=0.0404,=0.1605,=0.0444,=0.0328,=550
="399699",金融科技,2017-06-09,=0.0074,=4199.7500,=-0.0609,=18.2232,=0.3940,=14.0983,=16.8181,=19.4406,=44.7142,=111.6316,=2.0185,=0.3395,=1.2665,=1.8120,=2.2929,=3.4161,=4.4660,=1.7039,=0.5743,=1.0709,=1.3719,=1.6311,=1.9180,=3.0519,=0.0209,=0.1027,=0.0223,=0.0206,=320
="1000004",上海A股,1994-01-01,=0.0108,=4225.0200,=0.0645,=18.2773,=0.9979,=10.8441,=12.9364,=14.2064,=16.0639,=18.4959,=1.5604,=0.6910,=1.1181,=1.3162,=1.4435,=1.5985,=1.8457,=1.6015,=1,=0.9734,=1.0889,=1.2330,=1.3801,=1.6015,=0.0219,=0.0804,=0.0221,=0.0224,=4917
="399311",国证1000,2005-02-03,=0.0170,=5478.8900,=0.1051,=18.3440,=0.9823,=11.0854,=13.3222,=14.6206,=16.7181,=19.8966,=1.6867,=0.6328,=1.1918,=1.4217,=1.5925,=1.8011,=2.0383,=1.6593,=0.9955,=1.0112,=1.1700,=1.3057,=1.5180,=1.7074,=0.0236,=0.0857,=0.0233,=0.0222,=137
="000510",中证A500,2024-09-23,=0.0176,=6262.3100,=0.1098,=18.3949,=1,=12.2476,=14.4354,=15.1737,=16.9826,=18.3949,=1.7462,=0.9000,=1.2883,=1.4881,=1.5583,=1.7057,=1.7791,=1.5688,=1,=1.0081,=1.2141,=1.2924,=1.4751,=1.5688,=0.0241,=0.0887,=0.0240,=0.0229,=2113
="931587",500价值稳健,2020-11-09,=0.0071,=23092.1179,=0.0522,=18.4075,=0.9786,=9.7530,=12.1759,=14.0550,=15.4723,=19.8926,=1.4025,=0.9104,=0.8925,=1.0539,=1.1499,=1.2830,=1.5437,=0.6757,=0.9755,=0.3384,=0.4563,=0.5103,=0.5765,=0.7126,=0.0221,=0.0672,=0.0198,=0.0325,=76
="H30171",运输指数,2013-07-15,=-0.0076,=1624.2400,=0.0043,=18.4139,=0.5293,=14.1889,=16.3533,=18.0906,=25.5205,=51.4445,=1.3293,=0.0992,=1.1989,=1.3570,=1.5074,=1.6918,=2.3737,=0.6815,=0.3592,=0.5217,=0.6269,=0.8633,=1.1990,=1.9196,=0.0207,=0.0585,=0.0181,=0.0272,=80
="000937",中证公用,2009-07-03,=0.0080,=2746.5188,=0.1012,=18.4617,=0.4752,=13.4460,=16.4746,=18.6188,=21.1313,=46.5328,=1.8052,=0.5582,=1.3423,=1.6286,=1.7696,=1.9633,=2.2557,=1.8345,=0.8090,=1.2657,=1.4810,=1.5856,=1.8045,=3.2521,=0.0215,=0.0905,=0.0250,=0.0271,=330
="000917",300公用,2007-07-02,=0.0060,=2529.5320,=0.0278,=18.4768,=0.6184,=13.3250,=16.0735,=17.7862,=20.5953,=34.2477,=1.9655,=0.4963,=1.4019,=1.6915,=1.9678,=2.1718,=2.6347,=2.0045,=0.8123,=1.3139,=1.6332,=1.8147,=1.9893,=3.2322,=0.0223,=0.0974,=0.0266,=0.0296,=35
="399398",绩效指数,2012-11-19,=0.0100,=11029.8500,=0.0409,=18.6283,=0.5276,=9.4274,=11.6631,=18.3766,=21.6274,=36.1591,=3.0410,=0.3148,=1.2814,=1.7585,=3.5800,=4.3854,=6.4752,=3.2259,=0.7281,=1.5230,=2.1941,=2.8620,=3.4328,=5.0073,=0.0495,=0.1771,=0.0433,=0.0366,=21
="930716",CS物流,2015-07-31,=-0.0088,=1293.2312,=0.1014,=18.6357,=0.4827,=6.6312,=13.0083,=19.2081,=34.5766,=505.8138,=1.3088,=0.2001,=1.1511,=1.3088,=1.9959,=2.8120,=3.8580,=0.4731,=0.5965,=0.2137,=0.3289,=0.4569,=0.7649,=1.0555,=0.0197,=0.0542,=0.0209,=0.0304,=241
="930796",全球中国互联网,2016-04-22,=-0.0108,=1835.8046,=-0.1580,=18.7234,=0.0725,=15.2629,=21.4605,=39.8896,=53.9937,=115.7107,=2.5336,=0.1144,=1.8023,=2.6877,=4.7493,=6.9373,=9.6202,=2.1812,=0.1182,=1.5064,=2.3010,=3.9295,=6.4896,=9.5215,,=0.1307,,=0.0107,=33
="000903",中证A100,2006-05-29,=0.0200,=4894.0900,=0.0909,=18.7338,=1,=9.4390,=11.1206,=12.4430,=14.0137,=18.7338,=1.8916,=0.9757,=1.1800,=1.3741,=1.5097,=1.6612,=1.9625,=1.5152,=0.9823,=0.9660,=1.1007,=1.2095,=1.3665,=1.6207,=0.0253,=0.0942,=0.0251,=0.0252,=3069
="931139",CS消费50,2019-03-20,,,=-0.0704,=18.7651,=0.2325,=15.4419,=18.4224,=24.1448,=30.2726,=47.8630,=3.2001,=0.0006,=3.1991,=4.0541,=5.3595,=7.0933,=12.5456,=2.3587,=0.0307,=2.2079,=2.6282,=3.2018,=4.4757,=9.1270,=0.0528,=0.1922,=0.0638,=0.0424,=2192
="931142",东证竞争,2019-03-20,=0.0136,=2069.5483,=0.1122,=18.7940,=0.9283,=9.8569,=11.9097,=13.9609,=15.7525,=27.8877,=3.1724,=0.9127,=1.5408,=1.7294,=2.0610,=2.5429,=4.6703,=3.1481,=0.9960,=0.9384,=1.2664,=1.6453,=2.2247,=3.1903,=0.0415,=0.1629,=0.0397,=0.0223,=212
="399286",区块链50,2019-12-24,=0.0051,=3852.9600,=-0.0384,=18.8165,=0.2764,=13.8844,=18.0698,=20.9177,=28.7905,=40.1853,=1.9875,=0.2927,=1.4262,=1.8732,=2.1283,=2.7733,=3.6332,=1.8924,=0.5334,=1.3177,=1.5851,=1.8538,=2.0965,=2.8188,=0.0273,=0.0903,=0.0252,=0.0241,=154
="930050",中证A50,2024-01-02,=0.0170,=1904.4943,=0.0654,=18.8473,=0.9912,=13.9812,=15.8857,=17.4015,=18.0910,=19.9330,=2.2230,=0.8354,=1.7817,=1.9625,=2.0775,=2.2060,=2.3759,=1.6488,=1,=1.0165,=1.1246,=1.3586,=1.5347,=1.6488,=0.0291,=0.1115,=0.0275,=0.0260,=957
="000995",全指公用,2011-08-02,=0.0108,=2885.1861,=0.1171,=19.0282,=0.5215,=14.4124,=16.6206,=18.8592,=23.9608,=55.0107,=1.8138,=0.6877,=1.2839,=1.5403,=1.7253,=1.8678,=2.1268,=1.8664,=0.8218,=1.2094,=1.4214,=1.5276,=1.8022,=2.4023,=0.0217,=0.0896,=0.0244,=0.0263,=309
="000979",大宗商品,2011-08-22,=0.0033,=7898.3280,=0.1641,=19.0289,=0.6502,=9.9333,=12.8903,=16.3823,=23.6731,=55.6298,=1.9783,=0.9719,=1.1381,=1.3630,=1.4801,=1.6169,=2.3336,=1.0968,=0.9777,=0.4909,=0.5833,=0.6996,=0.8211,=1.2291,=0.0335,=0.1029,=0.0285,=0.0250,=697
="931167",先进制造100,2019-04-25,=0.0169,=8359.7509,=0.0799,=19.0733,=0.9249,=10.3762,=12.9771,=14.1913,=16.5903,=20.9116,=3.1907,=0.9642,=1.6383,=2.0218,=2.2499,=2.5567,=3.3727,=2.1796,=1,=0.9031,=1.2300,=1.4341,=1.6427,=2.1796,=0.0404,=0.1483,=0.0310,=0.0272,=339
="930838",CS高股息,2016-06-08,=0.0078,=7682.2821,=0.0642,=19.1123,=0.5759,=10.7704,=14.2377,=17.8888,=22.5564,=29.5345,=3.4831,=0.8025,=1.8272,=2.3291,=2.8117,=3.4711,=5.4603,=3.4178,=0.7089,=1.6703,=2.0445,=2.4793,=3.7488,=5.1335,=0.0550,=0.1877,=0.0570,=0.0246,=170
="399991",一带一路,2015-02-16,=0.0152,=3664.4900,=0.2363,=19.1877,=0.7731,=9.4567,=11.6727,=14.0998,=20.2006,=34.5905,=1.6710,=0.9926,=1.0035,=1.1547,=1.2474,=1.4204,=1.7680,=0.7335,=0.9979,=0.3598,=0.4252,=0.4777,=0.5997,=0.7492,=0.0240,=0.0795,=0.0217,=0.0213,=577
="931357",优选消费50,2019-11-15,=-0.0013,=2691.6318,=-0.1029,=19.2048,=0.0891,=17.3402,=20.6322,=25.5083,=33.1316,=53.0529,=3.0013,=0.0012,=2.9787,=3.7238,=4.4079,=7.1909,=11.6208,=1.9574,=0.0012,=1.9427,=2.3329,=2.7610,=5.2150,=8.8232,,=0.1689,,=0.0243,=385
="932367",500现金流,2024-11-12,=0.0023,=3955.4700,=0.0809,=19.2836,=0.9081,=12.7635,=13.9471,=16.3898,=18.3979,=20.8865,=1.9854,=0.7772,=1.5076,=1.6623,=1.7509,=2.0076,=2.3672,=1.2885,=0.8022,=0.8955,=1.0963,=1.2435,=1.2884,=1.4394,=0.0308,=0.1139,=0.0305,=0.0311,=113
="931371",品牌消费100,2019-11-25,,,=-0.0442,=19.3008,=0.3555,=14.6106,=17.5344,=22.8330,=30.7527,=41.6881,=3.1494,=0.0013,=3.1471,=3.7298,=4.8351,=6.5707,=9.5576,=2.0904,=0.1522,=1.7483,=2.1353,=2.7928,=3.8864,=5.3339,=0.0505,=0.1847,=0.0654,=0.0398,=2
="931238",SSH黄金股票,2017-10-17,=-0.0252,=3596.1109,=0.1052,=19.4567,=0.2576,=15.0142,=18.6904,=23.7179,=35.9613,=92.1543,=3.9065,=0.9534,=1.4294,=1.8142,=2.0121,=2.3184,=6.0579,=1.2552,=0.9556,=0.3659,=0.4649,=0.5489,=0.6522,=1.9529,,=0.1869,,=0.0166,=312
="930697",家用电器,2015-07-07,=0.0044,=12828.9264,=0.0031,=19.5583,=0.7809,=12.0193,=15.3935,=17.0424,=19.8234,=32.1495,=2.5992,=0.1139,=2.2889,=2.6835,=3.2792,=3.9701,=5.2226,=1.3392,=0.5545,=0.9879,=1.1843,=1.3044,=1.6199,=2.3694,=0.0370,=0.1413,=0.0419,=0.0362,=1725
="000911",300可选,2007-07-02,=0.0003,=6127.3138,=-0.0738,=19.6074,=0.6547,=11.4175,=16.1799,=18.2160,=24.5366,=45.8432,=2.1295,=0.0549,=1.8544,=2.2973,=2.5508,=3.0218,=4.4626,=1.0094,=0.2752,=0.7162,=0.9680,=1.1016,=1.3297,=2.0518,=0.0241,=0.1159,=0.0309,=0.0265,=30
="H30199",电力指数,2013-07-15,=0.0125,=3288.4400,=0.1652,=19.7427,=0.6056,=14.1448,=16.6361,=18.9167,=25.0122,=78.5133,=1.8542,=0.8321,=1.2472,=1.5161,=1.7136,=1.8396,=2.0960,=1.9875,=0.9039,=1.1507,=1.4427,=1.5878,=1.7845,=2.2389,=0.0213,=0.0878,=0.0244,=0.0253,=655
="931897",绿色电力,2012-12-21,=0.0134,=1258.1100,=0.1620,=19.8723,=0.5800,=12.4356,=15.7351,=18.3954,=23.5753,=3316.8719,=1.9023,=0.9757,=1.0802,=1.3464,=1.6376,=1.7804,=2.0177,=2.0293,=0.9092,=0.8910,=1.1301,=1.2732,=1.6969,=2.6891,=0.0214,=0.0880,=0.0237,=0.0254,=136
="931067",绩优策略,2018-02-14,=0.0177,=8567.7090,=0.1264,=20.2926,=0.6459,=10.5807,=14.6361,=18.5219,=27.0388,=44.0015,=4.4069,=0.2597,=3.5566,=4.2810,=5.0049,=7.6376,=11.8571,=3.0272,=0.6092,=2.1909,=2.5230,=2.8592,=5.0992,=8.6201,=0.0562,=0.2359,=0.0578,=0.0220,=24
="932369",1000现金流,2024-11-12,=0.0002,=3725.9800,=0.0104,=20.4498,=0.9025,=16.0705,=17.6965,=18.4529,=19.3894,=21.4836,=1.6485,=0.4290,=1.4419,=1.5814,=1.6691,=1.7629,=1.8728,=0.9466,=0.2284,=0.8034,=0.9395,=1.0235,=1.0704,=1.3230,=0.0245,=0.0821,=0.0237,=0.0256,=57
="H11059",工业有色,2009-07-22,=0.0053,=4592.6700,=0.1534,=20.6382,=0.3795,=10.0577,=14.5250,=28.5369,=53.4335,=131.1130,=3.7361,=0.9568,=1.4392,=1.9930,=2.3881,=3.1429,=4.9901,=1.4009,=0.9656,=0.5048,=0.7369,=0.8558,=1.1309,=1.8706,=0.0664,=0.1735,=0.0401,=0.0150,=119
="930939",500质量,2018-11-21,=0.0120,=24201.8832,=0.1401,=20.6501,=0.9015,=10.4098,=13.9206,=15.8568,=18.9397,=27.8330,=2.3826,=0.7310,=1.6614,=2.0637,=2.2264,=2.5025,=3.9191,=1.9835,=0.9231,=0.9583,=1.1929,=1.4315,=1.7844,=2.9319,=0.0308,=0.1144,=0.0291,=0.0184,=455
="000909",300材料,2007-07-02,=-0.0022,=4450.2364,=0.0857,=20.7075,=0.6432,=10.2722,=14.5958,=18.2651,=25.7392,=46384.3131,=2.7478,=0.8577,=1.4655,=1.7127,=1.9795,=2.4496,=3.8763,=1.3704,=0.8973,=0.6983,=0.8432,=0.9639,=1.2286,=1.9427,=0.0473,=0.1225,=0.0288,=0.0160,=17
="399438",绿色电力,2014-12-30,=0.0128,=2330.1200,=0.1702,=20.7163,=0.7005,=13.5016,=16.2595,=18.9698,=22.0380,=41.2289,=1.9409,=0.8152,=1.2516,=1.5034,=1.7906,=1.9297,=2.3077,=2.3507,=0.9781,=1.1906,=1.4256,=1.8143,=2.0390,=3.6995,=0.0222,=0.0881,=0.0248,=0.0248,=194
="931697",消费50策略,2021-07-12,=-0.0006,=8128.4728,=-0.0446,=20.8722,=0.4773,=16.4104,=18.5905,=21.1149,=31.3807,=38.9422,=2.9736,=0,=2.9736,=3.5664,=3.9099,=5.2345,=7.0736,=1.6270,=0.0377,=1.5361,=1.7886,=1.9374,=2.8710,=3.5305,=0.0408,=0.1608,=0.0542,=0.0335,=59
="000126",消费50,2011-12-09,=-0.0030,=7415.5600,=-0.1081,=21.0464,=0.2710,=15.1608,=20.2893,=22.8716,=32.8709,=57.2206,=2.7552,=0.1134,=2.2360,=3.0016,=3.4010,=4.8666,=7.3797,=1.6337,=0.4026,=0.9155,=1.2388,=1.8267,=2.6426,=3.8011,=0.0406,=0.1407,=0.0455,=0.0318,=77
="932152",港股通成长策略,2025-04-30,=-0.0055,=1275.2774,=-0.0374,=21.0670,=0.7540,=16.5252,=18.1988,=18.9027,=21.2723,=22.5567,=2.7535,=0.5397,=2.1900,=2.5427,=2.7404,=2.8584,=3.0449,=2.1160,=0.4841,=1.7556,=1.9389,=2.1262,=2.2294,=2.3595,,=0.1305,,=0.0184,=5
="000931",中证可选,2009-07-03,=-0.0001,=5861.7662,=-0.0567,=21.1560,=0.6407,=12.9961,=17.9588,=20.1911,=26.0964,=47.1695,=2.2540,=0.2657,=1.6991,=2.1475,=2.5063,=2.8197,=3.7874,=1.0769,=0.3667,=0.7260,=0.9756,=1.1221,=1.2835,=1.9265,=0.0252,=0.1143,=0.0305,=0.0248,=841
="000036",上证消费,2009-01-09,=0.0011,=10337.5400,=-0.0473,=21.2985,=0.0771,=18.1662,=23.5598,=31.6733,=40.5919,=69.3963,=4.4672,=0.1089,=3.4894,=5.2321,=6.5406,=9.2057,=14.9810,=4.6121,=0.3527,=1.7151,=3.7312,=4.8722,=7.3411,=10.9001,=0.0773,=0.2393,=0.0858,=0.0360,=2301
="000942",内地消费,2009-10-28,=-0.0005,=9457.1744,=-0.0749,=21.3037,=0.4592,=14.4412,=18.6450,=21.7517,=33.3379,=52.6356,=2.7188,=0.0128,=2.5374,=3.1423,=3.6918,=5.0424,=7.7211,=1.5475,=0.2442,=1.1096,=1.4981,=1.7720,=2.5493,=4.1228,=0.0371,=0.1426,=0.0493,=0.0328,=762
="HSAIT",恒生人工智能主题指数,2023-09-01,=0.0006,=3946.5100,=-0.0740,=21.4233,=0.7766,=13.3665,=18.0205,=19.8071,=21.5726,=24.5500,=2.1281,=0.5517,=1.4634,=1.7484,=2.0726,=2.4889,=2.8773,=1.9457,=0.5927,=1.2708,=1.4932,=1.6720,=2.2891,=2.6741,,,,=0.0207,=63
="931663",SHS消费龙头,2015-03-13,=-0.0054,=1869.3485,=-0.0800,=21.4791,=0.2532,=14.4278,=20.4208,=26.7236,=37.0770,=57.5191,=3.0114,=0.0304,=2.7700,=3.4028,=4.3131,=6.1339,=13.5979,=2.0282,=0.2833,=1.3592,=1.8655,=2.3928,=3.4165,=7.5123,,=0.1411,,=0.0293,=212
="932420",智选船舶产业,2025-05-28,=-0.0037,=1731.7400,=0.1982,=21.6168,=0.9957,=12.9248,=13.8700,=16.0029,=18.9241,=21.7247,=1.4699,=0.9351,=1.1414,=1.2296,=1.2806,=1.4020,=1.5726,=1.0783,=0.9134,=0.8043,=0.8620,=0.9298,=1.0322,=1.1519,=0.0198,=0.0735,,=0.0236,=9
="399990",煤炭等权,2015-01-21,=0.0091,=3540.4700,=0.2326,=21.6491,=0.9006,=5.7123,=8.6087,=10.6431,=15.3834,=3433.4450,=1.7296,=0.9410,=0.8179,=1.1166,=1.3573,=1.5924,=2.0135,=1.9664,=0.9955,=0.6732,=0.9175,=1.1212,=1.4530,=2.0936,=0.0229,=0.0912,=0.0239,=0.0310,=242
="399998",中证煤炭,2015-02-13,=0.0047,=2406.5000,=0.2205,=21.6491,=0.9006,=5.7123,=8.6087,=10.6431,=15.3834,=3433.4450,=1.7296,=0.9410,=0.8179,=1.1166,=1.3573,=1.5924,=2.0135,=1.9664,=0.9955,=0.6732,=0.9175,=1.1212,=1.4530,=2.0936,=0.0229,=0.0912,=0.0239,=0.0310,=2069
="H30094",消费红利,2013-07-02,=-0.0051,=35193.0300,=-0.0525,=21.9047,=0.2005,=16.2060,=21.9031,=27.7773,=33.4547,=59.6542,=3.6555,=0.0111,=3.3932,=4.3774,=5.3357,=6.7479,=11.0368,=4.4793,=0.5969,=1.9360,=3.2264,=4.3047,=5.3148,=8.4259,=0.0717,=0.1905,=0.0792,=0.0407,=2098
="000910",300工业,2007-07-02,=0.0165,=2775.3757,=0.0974,=21.9367,=0.8127,=12.1074,=14.2223,=18.6700,=21.7478,=26.7473,=1.8373,=0.5685,=1.2960,=1.5013,=1.7771,=2.0927,=2.8598,=0.8837,=0.9472,=0.4726,=0.5803,=0.6981,=0.8033,=1.0995,=0.0196,=0.0738,=0.0177,=0.0194,=15
="930938",500成长估值,2018-12-04,=0.0127,=5215.0907,=0.1245,=21.9957,=0.9167,=9.4780,=13.0636,=16.7507,=19.5707,=30.3577,=2.2697,=0.7658,=1.4489,=1.8677,=2.1145,=2.2937,=3.6765,=1.4673,=0.7546,=0.6916,=0.9023,=1.1636,=1.6019,=2.2515,=0.0254,=0.1028,=0.0163,=0.0186,=69
="930782",500SNLV,2016-02-04,=0.0121,=20700.1905,=0.1015,=22.1075,=0.6931,=13.0617,=17.6555,=20.0518,=25.5315,=34.2656,=1.7874,=0.7706,=1.0996,=1.3464,=1.4745,=1.9096,=2.6374,=1.4058,=0.7789,=0.5914,=0.8056,=0.8890,=1.5167,=2.0883,=0.0229,=0.0820,=0.0170,=0.0201,=1369
="931000",大湾区,2017-07-19,=0.0258,=1972.1116,=0.1149,=22.2254,=0.9888,=11.8370,=14.5020,=16.1845,=18.8486,=23.4463,=2.1127,=0.5386,=1.3750,=1.7608,=2.0687,=2.5543,=3.2666,=1.6623,=0.6042,=1.1015,=1.3308,=1.5547,=1.8747,=2.5221,=0.0236,=0.0809,=0.0227,=0.0212,=12
="000811",细分有色,2012-04-11,=0.0004,=13022.6884,=0.1449,=22.2481,=0.3370,=13.5118,=17.9724,=30.7621,=58.5829,=312.9068,=3.6522,=0.9550,=1.7438,=2.0869,=2.5526,=3.1219,=4.8073,=1.4502,=0.9711,=0.6338,=0.7856,=0.9037,=1.1799,=1.9173,=0.0611,=0.1531,=0.0352,=0.0132,=178
="399372",大盘成长,2010-01-04,=0.0222,=5875.9900,=0.1148,=22.2603,=0.6984,=13.0472,=16.9232,=20.2870,=25.3722,=45.9159,=3.2140,=0.6060,=1.9139,=2.4971,=2.9901,=5.3725,=9.5601,=2.0809,=0.2966,=1.2183,=1.8035,=2.6248,=3.4508,=6.6651,=0.0399,=0.1447,=0.0379,=0.0203,=310
="931637",港股通互联网,2021-01-11,=-0.0137,=866.1064,=-0.1459,=22.3316,=0.1173,=16.9805,=23.5443,=28.3832,=41.9515,=87.7368,=2.7285,=0.0465,=2.2686,=3.0870,=3.4248,=4.2624,=11.7021,=2.7026,=0.0769,=2.1470,=2.9735,=3.4114,=4.5449,=11.5370,,,,=0.0101,=251
="399395",国证有色,2012-10-29,=-0.0001,=11138.6100,=0.1518,=22.3872,=0.3432,=12.7731,=17.8787,=29.9583,=57.0348,=326.9035,=3.7126,=0.9649,=1.7304,=2.0833,=2.5055,=3.0665,=4.8522,=1.4893,=0.9744,=0.6150,=0.7945,=0.9083,=1.1663,=1.9521,=0.0618,=0.1543,=0.0354,=0.0133,=659
="399377",小盘价值,2010-01-04,=0.0063,=8445.4000,=0.0972,=22.4236,=0.8635,=9.8385,=13.2773,=15.1860,=19.8819,=34.2299,=1.4031,=0.7332,=0.8997,=1.0824,=1.2373,=1.8483,=2.1990,=0.8463,=0.6713,=0.4594,=0.5454,=0.7119,=1.2958,=1.8295,=0.0183,=0.0578,=0.0162,=0.0226,=625
="000819",有色金属,2012-05-09,=-0.0001,=10726.7900,=0.1482,=22.4450,=0.3795,=12.4710,=17.7541,=29.6944,=57.1921,=723.5976,=3.7933,=0.9509,=1.7791,=2.1409,=2.6236,=3.2380,=4.9698,=1.5097,=0.9666,=0.6317,=0.8246,=0.9660,=1.2738,=1.9863,=0.0625,=0.1569,=0.0361,=0.0136,=1944
="HSTECH",恒生科技指数,2020-07-01,=0.0007,=5106.4000,=-0.0743,=22.5508,=0.2695,=14.7293,=21.8446,=27.4129,=42.1890,=73.7725,=2.6186,=0.3832,=1.7280,=2.3762,=2.8318,=3.8131,=8.3408,=1.7223,=0.1839,=1.2545,=1.7448,=2.0557,=3.2141,=6.6932,,,,=0.0126,=7003
="931892",有色矿业,2013-07-15,=-0.0002,=4639.8700,=0.1698,=22.6493,=0.3300,=13.1272,=18.8191,=32.0509,=58.2678,=131.9594,=3.9893,=0.9719,=1.7020,=2.1330,=2.5111,=3.1465,=5.3430,=1.5150,=0.9719,=0.6092,=0.7896,=0.9200,=1.2119,=2.0391,=0.0653,=0.1630,=0.0363,=0.0120,=179
="931442",SHS科技100,2020-04-21,=0.0085,=10215.8514,=-0.0509,=22.7558,=0.7048,=11.6240,=15.0498,=19.4882,=25.0131,=40.7731,=2.7959,=0.5480,=1.5813,=1.9711,=2.6013,=4.1377,=6.9092,=1.7202,=0.4866,=1.0913,=1.4313,=1.7497,=2.6076,=5.0819,,=0.1199,,=0.0125,=25
="930641",中证中药,2015-05-19,=0.0058,=9142.1753,=-0.0392,=22.8766,=0.0858,=17.1921,=24.3272,=29.0597,=32.8246,=45.5431,=2.1069,=0.0029,=2.0811,=2.5091,=2.9964,=3.5633,=4.1073,=2.3075,=0.0503,=2.1155,=2.4583,=2.8549,=3.6632,=4.5776,=0.0326,=0.0928,=0.0347,=0.0351,=850
="930708",中证有色,2015-07-13,=0.0016,=3582.5091,=0.1616,=23.0097,=0.3449,=13.9228,=18.4062,=31.2208,=59.2347,=425.7934,=3.6349,=0.9546,=1.7134,=2.0956,=2.5598,=3.1413,=4.7639,=1.3574,=0.9464,=0.6123,=0.7796,=0.8959,=1.1929,=1.7984,=0.0592,=0.1479,=0.0346,=0.0127,=510
="399987",中证酒,2014-12-10,=-0.0014,=4432.6600,=-0.1131,=23.0914,=0.2174,=16.5000,=21.6292,=30.5289,=38.5048,=71.4257,=3.9617,=0.0140,=3.4910,=4.9105,=6.4724,=8.9992,=15.9495,=6.8908,=0.3032,=4.9417,=6.4801,=8.3143,=11.8299,=21.4371,=0.0789,=0.2043,=0.0944,=0.0403,=2745
="000807",食品饮料,2012-02-17,=0.0010,=17086.8435,=-0.0655,=23.1480,=0.2120,=16.7498,=22.4331,=30.4191,=37.6314,=67.1514,=3.9061,=0.0021,=3.8463,=4.7796,=6.2660,=8.2580,=14.6770,=4.5330,=0.2026,=3.3980,=4.5292,=5.6643,=7.6740,=12.7454,=0.0738,=0.1953,=0.0849,=0.0385,=4251
="399997",中证白酒,2015-01-21,=-0.0009,=7519.4000,=-0.1419,=23.2014,=0.2508,=16.2418,=20.9685,=29.7070,=37.9971,=71.4432,=4.1202,=0.0103,=3.7169,=5.2076,=7.2725,=9.8068,=17.8607,=7.8683,=0.2962,=5.9830,=7.2937,=9.8423,=13.6521,=24.8964,=0.0833,=0.2121,=0.1013,=0.0412,=7650
="HSIII",恒生互联网科技业指数,2020-07-20,=-0.0143,=2566.9300,=-0.1258,=23.4938,=0.2361,=12.6629,=22.6890,=35.1416,=47.7321,=309808.9839,=2.6467,=0.2174,=1.7026,=2.6163,=4.2454,=6.1191,=8.5704,=2.0610,=0.2377,=1.1940,=2.0223,=2.4286,=3.5799,=5.1261,,,,=0.0112,=1998
="000815",细分食品,2012-04-11,=0.0008,=17349.6270,=-0.0739,=23.5145,=0.2178,=16.6089,=22.4292,=30.6819,=37.4251,=68.5596,=3.8300,=0.0033,=3.7572,=4.7477,=6.1940,=8.2709,=14.7926,=5.0221,=0.2550,=3.7363,=4.9263,=6.1122,=8.3455,=14.4971,=0.0708,=0.1902,=0.0845,=0.0379,=757
="000989",全指可选,2011-08-02,=-0.0007,=5349.3400,=-0.0436,=23.6805,=0.4328,=14.8205,=20.3758,=24.5245,=30.9883,=46.1708,=2.3157,=0.2999,=1.6599,=2.1306,=2.5175,=2.8511,=3.3093,=1.0895,=0.3292,=0.8200,=1.0153,=1.1763,=1.4564,=1.7628,=0.0237,=0.1045,=0.0284,=0.0226,=1291
="000912",300消费,2007-07-02,=-0.0016,=19405.8584,=-0.0646,=23.8076,=0.2521,=17.5697,=22.8493,=28.6990,=38.6920,=71.0374,=3.7486,=0.0371,=3.3949,=4.6734,=6.3987,=8.3233,=13.2137,=2.9675,=0.0974,=1.8902,=3.1993,=4.1913,=5.5033,=9.3193,=0.0602,=0.1878,=0.0812,=0.0387,=780
="399396",国证食品,2012-10-29,=0.0003,=16273.6600,=-0.0685,=23.8278,=0.2232,=17.1702,=22.3910,=30.0935,=37.3108,=66.0937,=3.6878,=0,=3.6878,=4.6017,=6.1033,=7.6300,=14.3214,=3.8022,=0.0804,=3.3405,=3.9740,=5.0532,=6.2477,=12.4529,=0.0671,=0.1761,=0.0767,=0.0371,=1609
="000069",消费80,2010-05-28,=0.0042,=4586.6500,=-0.0656,=23.8427,=0.3824,=16.4356,=22.2762,=24.9057,=33.0497,=60.5019,=2.9721,=0.1027,=2.4642,=3.1953,=3.5468,=4.8097,=7.6372,=1.8244,=0.4332,=1.0743,=1.4642,=1.9152,=2.7436,=3.8795,=0.0378,=0.1324,=0.0420,=0.0250,=931
="000929",中证材料,2009-07-03,=-0.0004,=5045.9552,=0.1306,=24.0008,=0.7389,=9.9126,=14.1083,=19.5190,=25.5702,=1406.2094,=2.6730,=0.9563,=1.3680,=1.6188,=1.8901,=2.2703,=3.1607,=1.3591,=0.9592,=0.6315,=0.7658,=0.8823,=1.1790,=1.5845,=0.0399,=0.1037,=0.0230,=0.0149,=523
="931140",医药50,2019-03-20,=0.0084,=10216.6349,=-0.0062,=24.0358,=0.0538,=22.2180,=25.6525,=28.8704,=43.5262,=67.0844,=3.4648,=0.0006,=3.4314,=4.2690,=4.9952,=7.4781,=10.9696,=4.5403,=0.1498,=3.4950,=4.6391,=5.2236,=7.1842,=12.1248,=0.0393,=0.1515,=0.0402,=0.0188,=1178
="000985",中证全指,2011-08-02,=0.0155,=6633.4826,=0.1207,=24.0953,=1,=12.6044,=15.9637,=17.6523,=20.1625,=24.0953,=1.9182,=0.7455,=1.2581,=1.5484,=1.7139,=1.9631,=2.1557,=1.8016,=0.9769,=1.0381,=1.2268,=1.3873,=1.6411,=1.8438,=0.0216,=0.0749,=0.0212,=0.0183,=637
="930903",中证A股,2016-10-18,=0.0153,=4572.3984,=0.1203,=24.1252,=1,=12.9620,=16.2354,=17.7179,=20.4592,=24.1252,=1.9207,=0.7553,=1.2607,=1.5513,=1.7017,=1.9485,=2.2108,=1.8026,=0.9710,=1.0406,=1.2297,=1.3712,=1.6253,=1.9264,=0.0216,=0.0748,=0.0212,=0.0182,=7
="931481",SHS线上消费,2020-05-06,=-0.0103,=1019.9032,=-0.0804,=24.1319,=0.2199,=17.8858,=23.9145,=30.3276,=47.4101,=121.3257,=2.8351,=0.0619,=2.4540,=3.1725,=3.5724,=5.6227,=9.8961,=2.9471,=0.2469,=2.0492,=2.8400,=3.3253,=4.4065,=7.8524,,=0.1066,,=0.0112,=60
="000963",中证下游,2010-04-16,,,=-0.0285,=24.5304,=0.4084,=17.2626,=22.3422,=25.2920,=33.1012,=51.0836,=2.3600,=0.0182,=2.1972,=2.6034,=3.0766,=3.4358,=5.6334,=1.5811,=0.1271,=1.2209,=1.6205,=1.7737,=2.0795,=3.4797,=0.0267,=0.0958,=0.0301,=0.0273,=28
="1000002",A股全指,1994-01-01,=0.0155,=6633.4826,=0.1207,=24.5730,=0.9971,=12.9500,=16.6929,=18.4845,=21.3218,=25.0020,=1.9468,=0.7075,=1.2633,=1.5740,=1.7418,=2.0169,=2.1910,=1.8258,=0.9707,=1.0499,=1.2419,=1.3986,=1.6653,=1.9034,=0.0215,=0.0745,=0.0211,=0.0179,=7876
="000932",中证消费,2009-07-03,=0.0021,=14146.9700,=-0.0722,=24.5943,=0.2153,=18.2526,=23.9140,=29.2804,=38.6663,=67.7039,=3.5634,=0.0050,=3.4495,=4.2772,=5.3629,=7.0320,=11.1990,=2.7775,=0.0978,=1.9505,=2.9576,=3.5970,=4.6842,=7.7724,=0.0540,=0.1726,=0.0732,=0.0365,=12307
="399370",国证成长,2010-01-04,=0.0203,=5815.0100,=0.1480,=24.6725,=0.7570,=14.0104,=18.7444,=21.4997,=25.7184,=39.9195,=3.3264,=0.6968,=1.9695,=2.5703,=2.9588,=4.0447,=6.0628,=2.1354,=0.5256,=1.2188,=1.6926,=2.0825,=2.8022,=3.4917,=0.0375,=0.1344,=0.0327,=0.0178,=106
="930625",SHS互联网,2015-04-21,=-0.0047,=2760.2872,=-0.0908,=24.6727,=0.0850,=18.9097,=27.5305,=35.6632,=51.7864,=84.5605,=2.9906,=0.0327,=2.6129,=3.5164,=4.9915,=6.6850,=9.2961,=2.9721,=0.0447,=2.4953,=3.5057,=4.4258,=5.9049,=8.7946,,=0.1125,,=0.0099,=317
="931484",CS医药创新,2020-05-06,=0.0104,=1414.4683,=-0.0244,=24.8070,=0.2260,=18.2098,=24.3989,=27.5829,=48.1171,=86.1757,=4.0513,=0.0508,=3.3236,=4.6088,=5.4931,=11.5153,=17.5605,=5.4861,=0.1724,=3.7485,=5.6067,=6.6079,=11.3733,=20.8272,=0.0424,=0.1752,=0.0382,=0.0162,=380
="931027",港股通大消费,2017-11-06,=-0.0032,=3039.1493,=-0.0260,=24.8112,=0.4716,=14.6383,=20.3902,=25.6104,=51.8542,=105.3721,=2.8879,=0.2084,=2.2514,=2.8791,=3.2557,=4.3987,=9.1499,=1.6963,=0.4192,=1.0973,=1.4383,=1.7803,=2.5118,=5.7985,,=0.1064,,=0.0214,=43
="HSSCITI",恒生港股通科技主题指数,2023-07-01,=-0.0026,=2711.9300,=-0.0695,=24.8318,=0.5837,=15.2810,=21.0678,=23.9905,=27.0458,=33.8690,=2.8910,=0.4120,=2.1914,=2.7386,=2.9663,=3.4291,=4.1810,=2.4023,=0.6280,=1.5305,=1.8365,=2.0987,=2.7850,=3.5648,,,,=0.0098,=75
="HSSCT",恒生港股通中国科技指数,2020-02-01,=-0.0007,=6887.4000,=-0.0818,=24.8511,=0.4896,=15.0039,=22.0001,=24.9734,=33.4901,=55.7647,=2.8694,=0.4113,=1.8368,=2.6435,=3.0595,=4.7173,=8.0840,=2.3990,=0.5402,=1.1354,=1.8351,=2.3407,=3.2205,=6.0217,,,,=0.0097,=88
="000904",中证200,2007-01-15,=0.0191,=6448.2316,=0.1413,=25.0702,=0.9917,=11.9474,=14.9318,=16.7651,=19.2609,=28.5236,=2.0814,=0.8263,=1.2748,=1.5010,=1.7447,=2.0665,=2.3407,=1.5147,=0.5965,=1.0540,=1.2917,=1.4313,=1.6943,=2.1135,=0.0231,=0.0739,=0.0238,=0.0203,=720
="HSSCNE",恒生港股通新经济指数,2018-01-08,=-0.0029,=4007.6800,=-0.0673,=25.1077,=0.5887,=15.8046,=20.6452,=24.1448,=28.5917,=53.5009,=2.9619,=0.5814,=1.7963,=2.2445,=2.8373,=3.4850,=6.9059,=2.0674,=0.5263,=1.4023,=1.7269,=2.0106,=2.5656,=5.3019,,,,=0.0105,=205
="000990",全指消费,2011-08-02,=0.0018,=11838.8800,=-0.0700,=25.1484,=0.2158,=18.6483,=24.2424,=30.8327,=39.1217,=75.7240,=3.5447,=0.0066,=3.3612,=4.0970,=4.9952,=6.2867,=9.6579,=2.8093,=0.2178,=2.0391,=2.7732,=3.3225,=4.0947,=6.6514,=0.0524,=0.1676,=0.0712,=0.0355,=3833
="931755",SEEE碳中和,2021-10-21,=0.0068,=2239.5800,=0.0664,=25.1942,=0.8459,=13.4966,=17.4016,=21.1255,=24.8294,=29.4214,=2.5753,=0.6955,=1.7561,=1.9618,=2.3742,=2.7556,=3.9105,=1.4751,=0.8224,=0.8856,=1.0332,=1.2173,=1.4455,=2.3046,=0.0267,=0.0916,=0.0211,=0.0164,=141
="930653",CS食品饮,2015-06-05,=0.0008,=14159.7020,=-0.0619,=25.2002,=0.2314,=17.6031,=23.2284,=31.2814,=38.3114,=65.8842,=3.5588,=0,=3.5588,=4.4410,=5.7103,=7.1300,=12.9907,=3.5505,=0.0516,=3.0169,=3.8365,=4.7683,=5.8503,=11.4166,=0.0615,=0.1583,=0.0705,=0.0354,=892
="931573",HKC科技,2014-05-21,=0.0030,=3143.5048,=-0.0305,=25.4995,=0.2871,=18.3272,=24.3259,=28.7130,=40.2969,=82.7075,=3.2105,=0.3715,=2.3269,=2.9421,=3.3553,=4.3020,=10.6583,=2.0566,=0.2509,=1.5041,=1.9737,=2.3180,=3.4279,=8.3359,,=0.1200,,=0.0100,=280
="931588",1000价值稳健,2020-11-09,=0.0062,=37410.0565,=0.0437,=25.6024,=1,=12.8074,=16.6674,=18.4362,=20.4725,=25.6024,=1.3785,=0.3760,=1.0253,=1.2730,=1.4402,=1.5643,=1.9102,=0.6854,=0.7902,=0.4756,=0.5519,=0.6268,=0.6900,=0.8427,=0.0162,=0.0641,=0.0212,=0.0242,=104
="000813",细分化工,2012-04-11,=0.0022,=4279.4282,=0.1224,=25.7048,=0.7211,=11.4329,=16.5252,=21.9341,=28.7397,=42.1751,=2.8129,=0.6097,=1.6736,=2.0410,=2.6119,=3.1017,=4.9148,=1.6149,=0.5924,=0.8896,=1.1114,=1.4038,=1.9668,=3.1071,=0.0394,=0.0961,=0.0234,=0.0137,=935
="931470",SHS云计算,2020-04-21,=0.0086,=4163.6301,=0.1287,=26.2121,=0.5826,=13.2694,=19.8660,=25.2002,=31.4561,=62.1875,=3.6775,=0.3619,=2.5281,=3.4396,=3.9239,=5.9277,=9.6099,=4.0166,=0.2678,=2.7843,=3.8767,=4.5064,=6.5002,=10.5654,,=0.1294,,=0.0090,=32
="000930",中证工业,2009-07-03,=0.0148,=3942.3672,=0.1240,=26.3685,=0.9286,=13.1747,=16.3715,=20.2752,=23.9154,=30.4087,=2.0638,=0.7252,=1.3752,=1.5614,=1.8663,=2.1245,=2.6342,=0.9864,=0.9765,=0.5311,=0.6373,=0.7617,=0.8810,=1.0502,=0.0191,=0.0679,=0.0169,=0.0166,=323
="931574",港股科技,2013-05-21,=-0.0013,=1687.3786,=-0.0389,=26.3893,=0.4473,=16.3025,=22.7146,=27.6432,=43.0087,=59.3282,=3.0700,=0.5640,=1.8790,=2.4994,=2.9641,=3.6161,=8.1693,=1.8831,=0.3735,=1.3201,=1.6636,=1.9819,=2.8693,=5.7490,,=0.1080,,=0.0104,=265
="H30015",800汽车,2012-12-21,=-0.0055,=9349.0300,=-0.0709,=26.5344,=0.6819,=11.4503,=15.2180,=22.5321,=31.8612,=45.6288,=2.1874,=0.5103,=1.3220,=1.7482,=2.1820,=2.4572,=3.4622,=0.9443,=0.6205,=0.5106,=0.6736,=0.8527,=1.0480,=1.4573,=0.0155,=0.0922,=0.0213,=0.0140,=186
="931166",医药健康100,2019-04-25,=0.0127,=4017.2757,=-0.0040,=26.7749,=0.5499,=17.5935,=22.2819,=26.1008,=36.4894,=58.5515,=3.3951,=0.2054,=2.7671,=3.3886,=4.2649,=5.9316,=8.5226,=4.2566,=0.6761,=2.1887,=3.0425,=3.7492,=4.4796,=6.8190,=0.0346,=0.1325,=0.0321,=0.0160,=394
="930794",中美互联网,2016-04-22,,,=-0.0762,=26.8528,=0.1321,=21.6222,=27.9993,=32.4687,=38.0931,=50.5410,=6.4630,=0.4443,=3.5920,=5.6984,=6.5716,=7.5414,=9.2259,=5.1866,=0.6540,=2.2940,=3.8795,=4.8410,=5.5740,=7.0802,,=0.2458,,=0.0027,=422
="399374",中盘成长,2010-01-04,=0.0135,=5492.9400,=0.2015,=27.0300,=0.7578,=12.0664,=16.7038,=22.9681,=27.5418,=33.1996,=3.5565,=0.7389,=1.8942,=2.4100,=3.1260,=3.6250,=4.3864,=2.4825,=0.7925,=0.9013,=1.6610,=2.2040,=2.5000,=3.0605,=0.0366,=0.1248,=0.0238,=0.0148,=201
="987008",港股通科技,2021-03-08,,,=-0.0746,=27.1861,=0.4808,=16.3992,=24.1353,=27.4474,=34.1506,=63.8758,=2.9167,=0.1524,=2.3408,=2.9910,=3.4403,=4.0085,=8.4842,=2.4132,=0.0896,=1.9635,=2.6463,=2.9959,=3.8766,=8.7605,,=0.0980,,=0.0083,=79
="931752",工程机械主题,2021-09-27,=0.0308,=2897.8500,=0.1496,=27.2508,=0.9937,=13.6456,=18.4243,=21.1118,=24.2938,=27.9581,=2.4326,=0.9713,=1.2593,=1.5712,=1.7062,=2.1088,=2.6511,=1.5026,=0.9731,=0.7133,=0.9134,=1.0105,=1.2385,=1.6462,=0.0241,=0.0958,=0.0272,=0.0181,=88
="000987",全指材料,2011-08-02,=0.0014,=5733.7100,=0.1443,=27.3742,=0.7624,=11.8534,=16.4330,=21.1108,=28.6123,=1313.4345,=2.6548,=0.9303,=1.3547,=1.6741,=2.0387,=2.5030,=3.3213,=1.3412,=0.7818,=0.6546,=0.8399,=1.0187,=1.3561,=1.7398,=0.0340,=0.0892,=0.0206,=0.0136,=386
="399702",深证F120,2010-05-10,=0.0131,=8102.4800,=0.0696,=27.9374,=0.9983,=12.6034,=17.7484,=20.6085,=22.4159,=28.8861,=2.2565,=0.5685,=1.5963,=1.9861,=2.2126,=2.6272,=3.5867,=1.4517,=0.6415,=0.8721,=1.1406,=1.3229,=1.5883,=2.2308,=0.0250,=0.0726,=0.0233,=0.0211,=1425
="000969",300非周,2010-05-28,=0.0233,=6010.2345,=0.1287,=28.1671,=0.8630,=15.9839,=20.5519,=22.4879,=25.7394,=38.7203,=2.8937,=0.6448,=2.0789,=2.4789,=2.7712,=3.1883,=4.9189,=1.6140,=0.8313,=0.8921,=1.1485,=1.2786,=1.5354,=2.2463,=0.0251,=0.0964,=0.0261,=0.0191,=86
="399365",国证粮食,2009-11-04,=-0.0003,=13929.4500,=0.0282,=28.1722,=0.5462,=13.3311,=20.2221,=27.2865,=35.2364,=54.5886,=2.4304,=0.2842,=1.6393,=2.0688,=4.1076,=6.4747,=11.3501,=0.9911,=0.3292,=0.5961,=0.8022,=3.1479,=4.6104,=8.7065,=0.0232,=0.0838,=0.0244,=0.0162,=64
="399814",大农业,2014-07-22,=0.0001,=1212.5400,=0.0113,=28.2758,=0.4827,=17.8693,=23.5206,=28.6845,=32.9763,=111.7688,=3.0455,=0.2900,=2.4368,=2.9393,=3.3284,=4.3740,=6.4483,=1.7234,=0.3878,=1.2031,=1.5092,=1.8474,=2.3352,=3.7145,=0.0257,=0.1209,=0.0380,=0.0240,=765
="1000008",沪深B股,1994-01-10,=0.0125,=286.8200,=0.1300,=28.5235,=0.7735,=7.0835,=12.9417,=17.4961,=30.7740,=97.5837,=0.8037,=0.3218,=0.6594,=0.7810,=0.8547,=1.0802,=1.4976,=0.5486,=0.6535,=0.3777,=0.4474,=0.5016,=0.5959,=1.1545,,,=0.0134,=0.0382,=370
=".INX",标普500,1957-03-04,=0.0084,=7398.9300,=0.0808,=28.7194,=0.8130,=15.6907,=21.8433,=24.0092,=28.5798,=42.9883,=5.5653,=0.9988,=2.4601,=3.2182,=3.9289,=4.7291,=5.6128,=3.5792,=1,=1.5801,=2.0807,=2.3579,=3.0281,=3.5792,,,=0.0468,=0.0099,=8999
="931403",品牌工程,2020-01-14,=0.0249,=2161.4058,=0.0948,=28.7672,=0.4676,=18.7149,=23.9514,=29.6556,=44.3759,=69.9724,=4.1291,=0.2960,=3.2380,=4.0083,=5.1100,=7.7377,=10.9810,=3.2947,=0.4597,=2.2604,=2.9186,=3.3934,=4.8199,=7.2001,=0.0453,=0.1433,=0.0461,=0.0209,=115
="931526",企业核心竞争力50,2020-08-24,=0.0143,=1355.8643,=0.0342,=28.7756,=0.7094,=13.8510,=17.2372,=22.7826,=30.1507,=51.8267,=4.1435,=0.5319,=1.7937,=3.0742,=4.0605,=6.8724,=10.8733,=3.4959,=0.5514,=0.9066,=1.4935,=3.4263,=4.5641,=7.9459,=0.0371,=0.1485,=0.0461,=0.0138,=83
="931829",中证回购,2023-10-17,=0.0134,=2600.8100,=0.1254,=28.8263,=0.6171,=16.8171,=21.5295,=25.5355,=35.1290,=40.4937,=2.3530,=1,=1.3801,=1.5596,=1.7281,=1.9395,=2.3530,=1.0017,=0.3974,=0.7604,=0.9622,=1.0298,=1.1700,=1.4917,=0.0242,=0.0495,=0.0133,=0.0256,=37
="000936",中证电信,2009-07-03,=0.0225,=13278.1680,=0.3358,=29.0427,=0.5722,=14.1836,=20.2178,=26.5865,=41.2993,=123.1725,=2.6572,=0.7228,=1.2149,=1.7612,=2.3184,=2.7749,=3.6232,=2.5927,=1,=0.7463,=1.0098,=1.2435,=1.7807,=2.5927,=0.0215,=0.0913,=0.0219,=0.0221,=330
="399701",深证F60,2010-05-10,=0.0149,=8348.6800,=0.0514,=29.0606,=0.9996,=12.1841,=16.9116,=19.6860,=21.9890,=29.1141,=2.1520,=0.4431,=1.6712,=2.0110,=2.1834,=2.5392,=3.7270,=1.4265,=0.6110,=1.0125,=1.2363,=1.3640,=1.5636,=2.4139,=0.0232,=0.0664,=0.0243,=0.0230,=1675
="931524",SHS科技龙头,2020-07-16,=0.0219,=2875.4265,=0.0698,=29.3369,=0.7332,=18.9033,=23.4531,=26.5369,=35.8851,=59.9125,=3.7060,=0.5255,=2.7731,=3.2871,=3.6687,=5.2067,=9.0190,=2.7756,=0.6106,=1.6886,=2.2550,=2.5384,=4.2751,=7.2475,,=0.1133,,=0.0093,=218
="000907",中证700,2007-01-15,=0.0178,=7530.7273,=0.1634,=29.9756,=0.9917,=13.5964,=17.1394,=19.5530,=24.0391,=35.6383,=2.3162,=0.8973,=1.3201,=1.5883,=1.8280,=2.2169,=2.5821,=1.6532,=0.8276,=0.9663,=1.1767,=1.3273,=1.6173,=1.9854,=0.0223,=0.0692,=0.0213,=0.0164,=264
="399989",中证医疗,2014-10-31,=0.0136,=6794.9500,=0.0052,=29.9843,=0.1939,=22.9032,=30.1195,=40.3397,=60.6164,=114.3753,=3.2907,=0.0528,=2.8697,=3.8799,=5.5132,=8.1687,=13.4814,=5.6450,=0.1906,=4.3528,=5.6868,=6.5928,=9.4594,=17.4163,=0.0284,=0.1137,=0.0290,=0.0131,=8399
="931239",港股通汽车,2022-07-21,=0.0104,=2489.6701,=0.0767,=30.0014,=0.9824,=12.1049,=14.2169,=16.5313,=22.3366,=31.4216,=3.3309,=0.9701,=1.2076,=1.4272,=1.5647,=2.0681,=3.5989,=1.6660,=0.9701,=0.6024,=0.6803,=0.7481,=1.0324,=1.7776,,=0.1152,,=0.0128,=47
="000988",全指工业,2011-08-02,=0.0151,=4655.5391,=0.1278,=30.0375,=0.8329,=13.7285,=19.3778,=24.0517,=29.4926,=37.6625,=2.2061,=0.6856,=1.3866,=1.6512,=2.0223,=2.4483,=2.7728,=1.0461,=0.7591,=0.5551,=0.7455,=0.9038,=1.0750,=1.3765,=0.0185,=0.0650,=0.0170,=0.0150,=235
="931008",汽车指数,2013-07-15,=0.0024,=11423.1612,=-0.0463,=30.0848,=0.6434,=12.0130,=17.4237,=26.1088,=36.2860,=55.3660,=2.2845,=0.5911,=1.1809,=1.5355,=2.2204,=2.4595,=3.4286,=0.9793,=0.6378,=0.4315,=0.5506,=0.9119,=1.0547,=1.4087,=0.0152,=0.0829,=0.0208,=0.0137,=475
="000941",新能源,2009-10-28,=0.0172,=3025.0840,=0.1753,=30.1655,=0.5260,=10.2578,=20.0248,=29.2853,=37.6508,=57.4660,=3.8069,=0.7958,=1.8262,=2.2548,=2.9440,=3.8432,=8.1424,=3.0488,=0.8243,=1.2704,=1.5650,=2.2553,=2.9550,=7.0320,=0.0322,=0.1201,=0.0313,=0.0132,=2451
="931590",500成长创新,2020-11-09,=0.0190,=31120.0840,=0.1459,=30.2105,=0.9625,=14.5054,=17.7397,=20.0438,=26.5420,=32.9124,=3.4220,=0.9104,=1.6442,=2.3195,=2.6334,=3.2595,=3.8320,=3.4803,=0.9939,=1.3106,=1.9705,=2.2705,=2.6613,=3.6034,=0.0292,=0.1277,=0.0317,=0.0123,=87
="HSBIO",恒生生物科技指数,2019-12-01,=0.0008,=14666.0100,=0.0344,=30.7245,=0.1869,=20.8275,=30.9889,=63.5552,=140.2158,=62737.8398,=3.0714,=0.5227,=1.5084,=2.1426,=2.9201,=4.4680,=6.7821,=1.7256,=0.6193,=0.7434,=1.0888,=1.5312,=2.1597,=3.5303,,=0.1057,,=0.0092,=661
="HSSI",恒生综合小型股指数,2001-10-03,=0.0078,=1721.5900,=0.0963,=30.7324,=0.8923,=7.3220,=11.0801,=16.3973,=26.0764,=83.7574,=1.2088,=0.9004,=0.5652,=0.7236,=0.9814,=1.1647,=1.4185,=0.8016,=0.6680,=0.3459,=0.4531,=0.6971,=0.9209,=1.2872,,,,=0.0230,=124
="931579",东证优势成长,2020-11-09,=0.0159,=9907.0737,=0.2980,=30.9622,=0.8332,=7.9327,=14.1971,=19.0253,=29.3206,=61.0103,=6.1793,=0.8633,=0.9149,=2.5842,=3.3705,=5.7507,=9.3390,=3.8748,=0.8888,=1.1828,=2.0447,=2.3319,=3.5957,=6.0793,=0.0548,=0.1983,=0.0468,=0.0104,=124
="399698",优势成长,2017-06-15,=0.0070,=54637.8600,=0.0481,=31.1277,=0.6897,=14.2338,=18.1827,=22.8688,=35.7118,=66.5130,=2.1486,=0.6980,=1.2178,=1.5045,=1.9083,=2.3059,=2.9395,=2.8970,=0.8643,=0.6634,=1.0542,=1.6913,=2.5314,=4.7303,=0.0192,=0.0690,=0.0052,=0.0133,=39
="931747",中证储能,2021-10-15,=0.0258,=9179.9900,=0.1524,=31.4953,=0.6560,=16.6670,=22.1388,=27.6292,=54.0524,=124.6415,=5.0144,=0.5977,=3.1109,=3.9317,=4.6397,=7.0220,=12.5394,=2.5651,=0.6842,=1.2712,=1.6942,=2.2535,=3.8126,=8.7019,=0.0355,=0.1665,=0.0400,=0.0117,=125
="980032",新能电池,2015-02-17,=0.0053,=18080.7600,=0.1483,=31.6381,=0.5605,=14.3994,=22.0748,=30.7081,=83.4573,=130.4039,=4.4918,=0.5467,=2.4545,=3.3111,=4.3278,=7.7697,=11.8091,=2.4342,=0.5743,=1.1163,=1.6741,=2.2465,=4.9614,=7.8642,=0.0362,=0.1357,=0.0304,=0.0105,=728
="399432",智能汽车,2014-12-30,=0.0052,=7250.9700,=0.0687,=31.6667,=0.6506,=12.3799,=17.7260,=23.3211,=66.1739,=131.3343,=4.2415,=0.6502,=1.4019,=2.1767,=3.4629,=6.5272,=11.4939,=2.4333,=0.6803,=0.5888,=0.9038,=1.8474,=4.6106,=8.8483,=0.0329,=0.1377,=0.0319,=0.0106,=17
="000994",全指电信,2011-08-02,=0.0217,=14933.7976,=0.3408,=31.9857,=0.4361,=17.6024,=21.7761,=34.9034,=52.5847,=109.2407,=2.8720,=0.6984,=1.3865,=1.8410,=2.5289,=3.0695,=3.7766,=2.7945,=1,=0.9155,=1.2459,=1.5246,=1.8558,=2.7945,=0.0216,=0.0895,=0.0218,=0.0203,=225
="931230",汽车零部件,2013-07-15,=-0.0001,=1276.8544,=-0.0123,=32.0155,=0.9037,=18.5338,=23.6824,=26.5486,=30.4266,=34.9965,=3.2860,=0.8727,=1.8462,=2.2762,=2.5986,=3.1533,=3.7531,=2.1136,=0.8898,=1.1819,=1.4526,=1.6580,=1.9985,=2.3775,=0.0227,=0.1141,=0.0262,=0.0121,=42
="931235",中证电信,2022-07-21,=0.0254,=3279.7725,=0.2095,=32.0513,=1,=15.5242,=18.6375,=21.2071,=25.7143,=32.0513,=2.9594,=1,=0.8741,=1.6315,=1.8891,=2.1974,=2.9594,=2.7897,=1,=0.6427,=1.3338,=1.7018,=1.9980,=2.7897,=0.0216,=0.0917,=0.0212,=0.0198,=57
="HSSSHID",恒生沪深港创新药精选50指数,2020-03-01,=0.0093,=7734.3600,=0.0316,=32.1175,=0.3135,=23.4861,=29.7608,=35.8427,=52.3912,=94.0285,=3.6828,=0.4757,=2.0729,=2.8042,=3.7504,=6.4232,=8.4497,=5.3057,=0.6941,=1.3432,=1.8775,=3.1799,=5.9847,=8.1459,,=0.1198,,=0.0093,=279
="399417",新能源车,2014-09-24,=0.0073,=4346.3400,=0.1173,=32.3666,=0.5573,=14.2186,=20.9718,=30.4833,=56.8057,=106.6289,=4.3440,=0.7467,=1.6630,=2.3823,=3.4489,=4.7209,=9.6468,=2.4180,=0.7611,=0.6730,=1.0543,=1.8497,=2.5741,=6.6041,=0.0339,=0.1319,=0.0293,=0.0109,=2431
="399330",深证100,2006-01-24,=0.0224,=6690.1800,=0.1500,=32.4437,=0.9827,=14.9910,=20.2296,=22.5893,=26.4460,=38.9547,=3.2287,=0.7397,=1.9919,=2.4968,=2.9284,=3.5438,=5.5535,=2.3402,=0.7545,=1.3434,=1.7250,=2.0885,=2.4344,=4.0791,=0.0278,=0.0897,=0.0269,=0.0165,=2318
="980027",新能源电池,2015-02-16,=0.0169,=3913.7500,=0.1584,=32.4458,=0.9758,=16.8641,=20.8872,=24.5354,=30.4248,=35.7610,=4.9738,=0.9957,=2.5249,=3.0097,=3.4389,=4.3847,=5.0238,=3.4518,=0.9074,=1.4888,=1.8888,=2.3850,=3.2376,=3.8612,=0.0376,=0.1513,=0.0348,=0.0131,=83
="000037",上证医药,2009-01-09,=0.0176,=6363.9000,=0.0046,=32.6729,=0.3160,=21.0843,=31.5437,=34.7490,=41.6974,=61.3894,=3.3508,=0.1972,=2.7278,=3.3556,=3.8941,=4.6066,=7.3155,=2.4581,=0.5850,=1.5724,=2.0207,=2.3639,=2.9337,=4.1395,=0.0281,=0.1036,=0.0282,=0.0120,=2056
="000857",500医药,2013-11-06,=0.0210,=10649.6600,=0.0384,=33.3285,=0.6139,=16.5096,=22.8937,=30.0692,=38.0629,=66.9361,=2.8988,=0.5169,=1.9620,=2.4653,=2.8626,=3.5518,=5.0991,=2.7017,=0.7500,=1.3156,=1.7598,=2.1305,=2.8106,=4.5555,=0.0260,=0.0879,=0.0247,=0.0168,=730
="932246",储能电池,2022-07-08,=0.0153,=5715.5200,=0.1877,=33.3735,=0.7889,=13.3190,=20.0226,=26.3969,=33.4714,=40.1514,=4.9924,=0.9963,=2.3139,=2.6606,=3.2141,=4.4063,=5.1292,=3.3855,=0.8815,=1.3666,=1.6527,=2.2587,=3.3118,=3.7523,=0.0403,=0.1439,=0.0321,=0.0124,=60
="000933",中证医药,2009-07-03,=0.0162,=8088,=-0.0003,=33.3882,=0.5846,=22.6651,=27.9022,=32.5474,=37.5717,=63.0472,=3.0308,=0.1184,=2.5059,=3.2247,=4.0018,=4.6474,=7.0232,=2.8389,=0.3738,=1.9281,=2.5173,=3.0389,=3.6198,=5.1631,=0.0282,=0.0926,=0.0299,=0.0158,=7136
="000913",300医药,2007-07-02,=0.0132,=8011.1200,=-0.0243,=33.4356,=0.5041,=22.1588,=28.7885,=33.4072,=39.5137,=73.4129,=3.1442,=0.0177,=2.9174,=3.6827,=4.8073,=6.0065,=9.5028,=2.9577,=0.2273,=2.2757,=2.9215,=3.3875,=5.4291,=7.4989,=0.0300,=0.0967,=0.0342,=0.0150,=3362
="000009",上证380,2010-11-29,=0.0115,=7505.1900,=0.1392,=33.4361,=0.9332,=11.6192,=14.6240,=18.0417,=25.1199,=40.6416,=2.4319,=0.8185,=1.2909,=1.6341,=1.9522,=2.3848,=2.8641,=1.5423,=0.8045,=0.7850,=0.9356,=1.0813,=1.5315,=1.8994,=0.0195,=0.0662,=0.0205,=0.0146,=861
="931719",CS电池,2013-07-15,=0.0097,=4953.3179,=0.1649,=33.4859,=0.3280,=15.7007,=26.6847,=43.2916,=64.6630,=121.8822,=4.8409,=0.7199,=1.9771,=2.9292,=3.9518,=5.7588,=11.8941,=3.2656,=0.5957,=1.2782,=2.0990,=3.0341,=4.7407,=9.5565,=0.0377,=0.1370,=0.0297,=0.0115,=545
="399005",中小板指,2006-01-24,=0.0180,=9823.9400,=0.1888,=33.5004,=0.7558,=16.1163,=23.0542,=28.5304,=34.0254,=44.0181,=3.3450,=0.4299,=2.0289,=2.7421,=3.4731,=4.3360,=5.3697,=2.3317,=0.4715,=1.3510,=1.8219,=2.4226,=3.3230,=4.1546,=0.0255,=0.0988,=0.0255,=0.0120,=3244
="000991",全指医药,2011-08-02,=0.0144,=8696.8200,=-0.0024,=33.5808,=0.4464,=23.5983,=29.5064,=34.5110,=41.0792,=73.5923,=3.0044,=0.0652,=2.5957,=3.2066,=3.8289,=4.7164,=6.5650,=2.8105,=0.3276,=2.0200,=2.6681,=3.0385,=3.7645,=5.9103,=0.0278,=0.0907,=0.0276,=0.0155,=7937
="931487",SHS人工智能50,2020-05-06,=0.0209,=2332.6180,=0.0591,=33.6300,=0.6496,=18.6614,=25.4386,=31.5517,=37.3391,=66.0883,=4.7059,=0.5266,=3.0781,=4.0385,=4.6436,=6.5447,=10.5947,=5.1792,=0.4938,=3.3555,=4.4863,=5.1882,=6.8450,=9.5096,,=0.1427,,=0.0078,=69
="HSHCI",恒生医疗保健指数,2015-08-17,=0.0004,=3729.4100,=0.0185,=33.6314,=0.5071,=15.9973,=23.0392,=33.3531,=116.8549,=143059.6617,=2.9091,=0.6050,=1.4805,=2.2461,=2.6339,=3.4864,=7.0432,=1.8275,=0.7899,=0.8149,=1.0163,=1.2814,=1.8605,=3.5391,,,,=0.0100,=1716
="399976",CS新能车,2014-11-28,=0.0034,=5108.6200,=0.1439,=33.7460,=0.4559,=13.8890,=22.9016,=34.8761,=62.1175,=231.2544,=4.3192,=0.6361,=2.0896,=3.0970,=3.8946,=6.2213,=11.9870,=2.4935,=0.6048,=0.7703,=1.7976,=2.3199,=4.1916,=9.1824,=0.0343,=0.1248,=0.0265,=0.0096,=2014
="931406",5G 50,2020-02-20,=0.0342,=2885.2077,=0.3555,=33.7484,=0.7809,=15.2657,=20.5591,=23.1985,=34.2044,=51.5506,=3.5237,=0.6979,=1.5292,=1.9547,=2.3957,=3.7855,=5.3757,=2.3740,=1,=0.9155,=1.3988,=1.5773,=1.8742,=2.3740,=0.0252,=0.1023,=0.0236,=0.0170,=699
="930997",新能源车,2017-07-19,=0.0034,=3475.5530,=0.1442,=33.9849,=0.5574,=14.0460,=20.4144,=31.9354,=87.2915,=171.6022,=4.3395,=0.6693,=1.7502,=2.4123,=3.6306,=6.1061,=11.4567,=2.5055,=0.6417,=0.7652,=1.1927,=2.1428,=3.9554,=8.7389,=0.0346,=0.1243,=0.0266,=0.0095,=1967
="000978",医药100,2011-03-18,=0.0169,=10506.5916,=0.0075,=34.1086,=0.5050,=23.7467,=28.9537,=34.0604,=37.7475,=66.4077,=3.0630,=0.0730,=2.6819,=3.2810,=4.2114,=5.0232,=7.8052,=2.9485,=0.3606,=2.0946,=2.6888,=3.1485,=3.6588,=5.9820,=0.0280,=0.0911,=0.0286,=0.0152,=4701
="399315",巨潮中盘,2005-02-03,=0.0140,=5637.2700,=0.1845,=34.1317,=0.8746,=14.3715,=18.4227,=22.9152,=29.8266,=46.2941,=2.6989,=0.9121,=1.5252,=1.8923,=2.1500,=2.5771,=2.9380,=2.0025,=0.9996,=0.8408,=1.2254,=1.4277,=1.6500,=2.0060,=0.0239,=0.0707,=0.0202,=0.0134,=19
="399295",创价值,2019-01-23,=0.0262,=5930.3100,=0.0990,=34.1335,=0.4201,=20.8863,=26.4832,=40.3585,=57.0967,=73.8741,=5.7730,=0.4841,=3.7254,=4.5938,=5.8572,=9.0062,=11.5385,=4.5301,=0.4161,=2.5684,=3.4611,=5.4137,=9.1819,=12.8251,=0.0387,=0.1758,=0.0398,=0.0131,=609
="1000005",上海非金融A股,1994-01-01,,,,=34.1646,=0.9963,=15.3520,=20.3290,=23.4487,=29.5993,=34.6296,=2.3858,=0.9307,=1.5456,=1.8178,=2.0335,=2.2518,=2.5831,=1.4667,=1,=0.7548,=0.9329,=1.0721,=1.1942,=1.4667,=0.0209,=0.0661,=0.0198,=0.0172,=189
="H11052",智能电车,2009-07-22,=0.0139,=4661.3900,=0.0983,=34.1776,=0.5417,=16.1153,=26.3648,=33.4433,=63.3646,=148.6443,=4.3152,=0.6605,=2.6129,=3.1950,=3.8638,=5.5107,=9.7804,=2.2213,=0.6498,=1.2507,=1.6563,=2.0302,=3.2736,=6.6252,=0.0316,=0.1293,=0.0281,=0.0095,=194
="930746",港中小企,2015-08-26,=0.0037,=2730.7950,=0.0151,=34.2820,=0.9923,=7.8499,=11.1100,=14.0898,=17.6930,=36.0739,=1.1245,=0.5802,=0.6829,=0.8308,=1.0790,=1.2267,=1.6951,=0.7354,=0.5855,=0.3939,=0.5282,=0.6929,=0.8171,=1.1520,,=0.0299,,=0.0292,=207
="399804",中证体育,2015-02-09,=-0.0003,=2063.2700,=0.0402,=34.4543,=0.5602,=17.8349,=25.3379,=31.9482,=48.2729,=92.9525,=3.2992,=0.5417,=2.0588,=2.7283,=3.2284,=3.8558,=5.7602,=2.9687,=0.5623,=1.7235,=2.3146,=2.8807,=4.1711,=7.1775,=0.0257,=0.0922,=0.0231,=0.0199,=296
="931798",光伏龙头30,2009-06-16,=0.0289,=2484.1300,=0.1935,=34.6448,=0.7219,=8.0886,=17.2411,=24.1372,=37.6614,=66.5518,=3.0123,=0.6729,=1.6869,=2.0135,=2.3840,=4.5878,=8.3847,=2.4692,=0.7236,=0.9999,=1.3239,=1.6580,=3.0761,=5.7040,=0.0172,=0.0745,=0.0196,=0.0103,=191
="930901",动漫游戏,2016-10-18,=-0.0140,=1962.5512,=-0.0729,=34.7676,=0.3534,=17.2478,=29.6468,=42.6022,=280.4288,=4647.5377,=3.5308,=0.6642,=1.7335,=2.2914,=2.8858,=4.0888,=7.9690,=5.7350,=0.6375,=2.8663,=4.2018,=5.0134,=6.8373,=10.0355,=0.0360,=0.1150,=0.0336,=0.0159,=826
="399389",国证通信,2011-12-02,=0.0334,=11808.6000,=0.4159,=34.9918,=0.3923,=15.1336,=21.7733,=48.3878,=65.1875,=153.7967,=2.9987,=0.7748,=1.3245,=1.8461,=2.4668,=3.0717,=3.9804,=2.8860,=1,=0.9743,=1.4589,=1.6820,=1.8849,=2.8860,=0.0209,=0.0855,=0.0209,=0.0192,=39
="399326",成长40,2006-01-24,=0.0315,=8402.1400,=0.3196,=35.0139,=0.8391,=11.4413,=22.5069,=27.6983,=32.0972,=67.8360,=7.7420,=0.9163,=2.3502,=3.7081,=4.6947,=6.3348,=10.3842,=4.7367,=0.9839,=1.6605,=2.3239,=3.0360,=3.8890,=5.1844,=0.0646,=0.2161,=0.0378,=0.0092,=273
="399440",国证钢铁,2014-12-30,=0.0029,=1532.0700,=0.0313,=35.2493,=0.7475,=5.7530,=9.0864,=18.4219,=37.4270,=695.2734,=1.1839,=0.6349,=0.7172,=0.9159,=1.0545,=1.3592,=2.0509,=0.5999,=0.7570,=0.3277,=0.3893,=0.4569,=0.6317,=1.3827,=0.0058,=0.0382,=0.0096,=0.0202,=465
="399088",深创100,2020-02-18,=0.0291,=5878.8700,=0.1647,=35.3793,=0.7416,=15.3025,=21.8231,=26.6081,=38.4413,=56.8187,=5.1955,=0.7514,=2.2889,=3.2714,=4.0214,=5.3742,=6.8856,=3.3925,=0.7283,=1.4223,=1.9626,=2.4187,=3.7501,=5.1281,=0.0356,=0.1522,=0.0358,=0.0118,=74
="399806",环境治理,2014-07-21,=-0.0056,=1535.9700,=0.1075,=35.4017,=0.7723,=17.0172,=24.4003,=29.3747,=37.1381,=50.8764,=1.9773,=0.6778,=1.1727,=1.6053,=1.7758,=2.7831,=4.4901,=2.1796,=0.6159,=1.3064,=1.8397,=2.0894,=3.3837,=5.9378,=0.0205,=0.0536,=0.0189,=0.0144,=846
="000808",医药生物,2012-02-17,=0.0151,=8268.6454,=-0.0022,=35.4993,=0.5722,=23.4705,=28.3997,=34.6974,=37.8852,=66.3352,=3.0815,=0.0809,=2.6545,=3.2919,=4.1965,=4.9177,=7.9299,=2.9362,=0.3833,=2.0659,=2.6750,=3.1022,=3.5475,=6.2098,=0.0273,=0.0877,=0.0275,=0.0148,=1414
="399008",中小300,2010-03-22,=0.0143,=1937.2400,=0.1707,=35.6302,=0.7950,=17.8364,=25.4661,=30.4240,=35.7173,=45.5477,=3.0919,=0.5375,=1.7846,=2.4620,=2.9909,=3.8442,=4.7778,=2.1300,=0.5165,=1.1664,=1.6529,=2.0862,=2.8407,=3.8663,=0.0232,=0.0868,=0.0228,=0.0118,=505
="931250",港股通创新药,2012-07-20,=0.0015,=1062.6896,=0.0578,=35.6790,=0.4367,=21.4435,=32.6153,=36.7341,=45.5032,=63.0533,=3.6160,=0.6991,=1.5232,=1.8087,=2.2927,=3.8550,=4.5255,=6.0764,=0.6944,=1.4727,=1.7459,=2.2615,=6.5584,=7.7209,,=0.1071,,=0.0080,=104
="931787",港股创新药,2018-08-14,=0.0013,=1328.2554,=0.0576,=35.6790,=0.3665,=20.8973,=29.3725,=45.2931,=80.9710,=400.8209,=3.6160,=0.6632,=1.5132,=2.2980,=2.9395,=4.1537,=5.7621,=6.0764,=0.8984,=0.8553,=1.2836,=2.0523,=3.1028,=7.7308,,=0.1071,,=0.0080,=720
="930632",CS稀金属,2015-05-12,=0.0151,=3517.6843,=0.2975,=35.7531,=0.3705,=10.0759,=24.6559,=43.2308,=108.0314,=902.9270,=4.5797,=0.8383,=1.7714,=2.4678,=3.4483,=4.4090,=7.1765,=3.3348,=0.9385,=1.0736,=1.5817,=2.0604,=3.0001,=4.1072,=0.0489,=0.1107,=0.0216,=0.0063,=345
="930614",环保50,2015-04-07,=0.0131,=2625.7454,=0.1434,=36.0572,=0.8383,=13.7595,=20.5125,=26.7762,=35.0778,=50.3864,=3.1822,=0.7380,=1.9059,=2.3842,=2.8688,=3.6683,=6.0727,=3.1845,=0.7273,=1.6847,=2.2438,=2.8993,=3.3765,=6.6309,=0.0222,=0.0831,=0.0199,=0.0154,=206
="000171",新兴成指,2017-01-25,=0.0377,=2341.2955,=0.2689,=36.0946,=0.8121,=15.0335,=20.2481,=24.5499,=35.0171,=63.8139,=4.7834,=0.6113,=2.6324,=3.2700,=4.3234,=6.3208,=10.8185,=4.2386,=0.7863,=1.3680,=2.1097,=2.7536,=4.3022,=8.5894,=0.0336,=0.1371,=0.0326,=0.0121,=198
="399007",深证300,2009-11-04,=0.0223,=6637.1200,=0.1676,=36.1896,=1,=15.3833,=21.4145,=25.0036,=28.7145,=36.1896,=3.1154,=0.7314,=1.8298,=2.3539,=2.8042,=3.2332,=4.4351,=2.2584,=0.6844,=1.2839,=1.6547,=2.0022,=2.4005,=3.3177,=0.0257,=0.0779,=0.0236,=0.0143,=581
="H30463",沪港深500医药,2014-11-28,=0.0060,=7657.4381,=-0.0142,=36.2909,=0.5522,=23.3470,=30.9131,=35.4599,=42.6572,=94.1690,=3.4443,=0.1617,=2.7545,=3.5729,=4.4675,=5.5958,=10.0878,=3.3146,=0.4976,=1.9470,=2.8257,=3.3196,=4.2592,=9.3489,,=0.0979,,=0.0121,=31
="931186",中证科技,2019-05-30,=0.0229,=7388.2197,=0.1038,=36.3231,=0.5059,=19.1938,=30.1945,=36.2182,=47.4296,=73.9401,=4.9353,=0.6540,=2.6301,=3.5821,=4.5312,=6.3689,=8.1242,=2.8360,=0.5297,=1.4264,=2.0771,=2.7468,=4.5577,=6.0737,=0.0291,=0.1226,=0.0174,=0.0106,=953
="399617",深证消费,2011-06-15,=0.0039,=8369.1900,=-0.0942,=36.3599,=0.8457,=15.3450,=22.1455,=26.5622,=32.3190,=1768.1548,=2.6370,=0.0004,=2.6284,=3.3662,=4.2571,=5.7490,=9.2732,=1.6017,=0.0173,=1.4888,=1.8946,=2.4647,=3.6985,=6.3240,=0.0294,=0.1055,=0.0582,=0.0343,=368
="000977",内地低碳,2011-01-21,=0.0139,=2323.7278,=0.1148,=36.4862,=0.8321,=13.7595,=20.8967,=26.8070,=35.3931,=50.3864,=3.1941,=0.7422,=1.9264,=2.3844,=2.8650,=3.6471,=6.0727,=3.2005,=0.7471,=1.6847,=2.2202,=2.8358,=3.3944,=6.7765,=0.0220,=0.0823,=0.0200,=0.0154,=385
="399394",国证医药,2012-10-29,=0.0152,=8365.5900,=-0.0143,=36.4904,=0.6419,=22.8656,=29.2541,=34.4244,=39.8130,=65.8576,=3.2792,=0.1188,=2.7032,=3.4770,=4.5126,=5.4654,=8.6075,=3.0155,=0.3998,=1.9890,=2.7236,=3.1748,=4.7608,=6.5385,=0.0285,=0.0916,=0.0308,=0.0144,=1064
="000962",中证中游,2010-04-16,,,=0.2040,=36.5392,=0.9872,=12.7529,=17.3536,=20.1623,=27.2668,=38.0461,=3.4142,=1,=1.5782,=1.9009,=2.2260,=2.5643,=3.4142,=1.7012,=1,=0.6672,=0.8352,=0.9807,=1.1279,=1.7012,=0.0222,=0.0826,=0.0192,=0.0109,=15
="399996",智能家居,2014-09-17,=0.0287,=5406.2500,=0.1760,=36.6519,=0.9010,=17.5405,=23.3761,=27.7566,=33.4320,=47.8369,=4.4851,=0.9604,=2.2523,=2.8549,=3.4643,=4.0906,=5.0256,=2.3138,=0.9356,=1.0942,=1.4673,=1.7628,=2.0569,=2.7965,=0.0273,=0.1118,=0.0260,=0.0137,=207
="000814",细分医药,2012-04-11,=0.0159,=8368.7200,=0.0026,=36.6593,=0.7541,=21.8871,=27.2039,=32.8310,=37.7198,=60.8250,=3.1989,=0.1795,=2.4219,=3.2446,=4.1435,=4.8855,=7.4081,=2.6074,=0.3370,=1.7858,=2.2980,=2.9262,=3.8793,=5.4819,=0.0283,=0.0890,=0.0304,=0.0145,=406
="399376",小盘成长,2010-01-04,=0.0225,=7632.6700,=0.2017,=36.8863,=0.9179,=14.4007,=20.2318,=25.5915,=32.5439,=60.1410,=3.5268,=0.9431,=1.6246,=2.0607,=2.3691,=3.1554,=4.0524,=1.9813,=0.7987,=0.7224,=1.0640,=1.2043,=1.9874,=3.4032,=0.0271,=0.1002,=0.0195,=0.0115,=282
="399612",中创100,2011-02-28,=0.0271,=3256.8300,=0.1798,=36.9454,=0.7809,=18.0203,=24.5371,=31.1439,=39.8478,=52.6199,=4.5604,=0.6902,=2.5576,=3.3599,=4.1927,=5.1140,=7.4671,=3.0401,=0.4913,=1.6155,=2.2648,=3.0830,=4.0076,=5.8630,=0.0320,=0.1210,=0.0297,=0.0109,=157
="930648",CS智消费,2015-06-05,=0.0282,=4224.2015,=0.1536,=37.0699,=0.9175,=15.4538,=22.1667,=24.8484,=30.7972,=51.6043,=4.2200,=0.8729,=2.1406,=2.8085,=3.2057,=3.9325,=5.4486,=1.9432,=0.8597,=0.8328,=1.2819,=1.4704,=1.8274,=2.9491,=0.0253,=0.1077,=0.0239,=0.0125,=25
="399850",深证50,2023-10-18,=0.0242,=10253.3300,=0.1230,=37.3618,=1,=16.5344,=19.8358,=23.1627,=26.6907,=37.3618,=4.0847,=1,=2.5911,=2.9238,=3.1978,=3.6633,=4.0847,=2.3293,=1,=1.3017,=1.4713,=1.6682,=2.0245,=2.3293,=0.0301,=0.0973,=0.0318,=0.0167,=75
="000841",800医药,2012-12-21,=0.0197,=8434.6104,=0.0091,=37.6277,=0.8003,=21.4494,=28.0346,=32.3158,=37.6239,=58.1462,=3.2353,=0.2092,=2.4193,=3.2103,=3.8207,=4.3897,=6.5122,=4.4112,=0.8040,=1.7815,=2.8895,=3.4449,=4.3975,=6.1565,=0.0288,=0.0871,=0.0293,=0.0152,=589
="930791",CS医药TI,2016-03-22,=0.0152,=9275.9455,=0.0018,=37.6290,=0.6588,=23.2364,=30.0855,=35.7825,=40.8654,=70.7414,=2.8940,=0.0928,=2.4395,=3.0773,=3.9152,=4.6090,=6.6660,=2.7018,=0.2805,=2.0598,=2.5917,=3.0075,=3.5454,=5.1130,=0.0251,=0.0784,=0.0255,=0.0147,=193
="930712",CS物联网,2015-07-31,=0.0405,=5145.3179,=0.2337,=37.6648,=0.8251,=21.9217,=27.4652,=32.4284,=37.1509,=50.1215,=5.0179,=0.8247,=2.7515,=3.4472,=4.0806,=4.8603,=7.1882,=2.6997,=0.8486,=1.2084,=1.7388,=2.0106,=2.3965,=3.5102,=0.0346,=0.1340,=0.0303,=0.0120,=162
="931187",科技100,2019-05-30,=0.0264,=5283.3934,=0.1450,=37.8961,=0.8882,=18.1467,=22.1420,=25.8553,=34.4386,=49.5031,=3.7830,=0.6736,=2.3703,=2.7795,=3.3146,=4.2454,=5.4633,=2.3624,=0.6540,=1.2579,=1.6294,=2.0424,=2.6812,=4.1304,=0.0201,=0.0911,=0.0217,=0.0094,=843
="399001",深证成指,1995-01-23,=0.0216,=15899.3000,=0.1755,=38.0572,=1,=15.9054,=22.8547,=26.5144,=30.5334,=38.0572,=3.1043,=0.7116,=1.7472,=2.2797,=2.7203,=3.2679,=4.0402,=2.2483,=0.6856,=1.2229,=1.6063,=1.9122,=2.4002,=2.9683,=0.0249,=0.0747,=0.0225,=0.0134,=3670
="000949",中证农业,2009-10-28,=0.0032,=5770.4854,=-0.0033,=38.2969,=0.8139,=14.4444,=21.2919,=29.1161,=36.6815,=1184.8568,=2.8048,=0.2772,=2.0719,=2.5768,=3.2872,=4.0480,=5.2895,=1.4926,=0.3424,=0.8980,=1.1771,=1.7419,=2.0301,=2.8101,=0.0068,=0.0985,=0.0327,=0.0179,=1043
="931733",绿色能源,2021-08-19,=0.0120,=5865.6182,=0.1212,=38.3613,=0.6725,=12.7308,=19.0732,=32.3052,=42.0299,=65.3510,=3.8070,=0.6304,=2.3311,=2.7808,=3.5130,=5.5913,=8.0150,=2.6166,=0.6506,=1.3651,=1.7446,=2.3011,=4.4860,=7.5185,=0.0248,=0.0932,=0.0189,=0.0129,=23
="000812",细分机械,2012-04-11,=0.0212,=8705.5392,=0.1317,=38.3826,=0.7178,=14.1771,=22.0432,=31.9377,=40.3976,=51.3583,=3.3838,=0.7958,=1.6005,=2.1653,=2.5149,=3.4001,=5.3964,=2.2674,=0.7900,=1.1287,=1.4635,=1.7227,=2.2895,=3.5603,=0.0226,=0.0835,=0.0173,=0.0140,=195
="000905",中证500,2007-01-15,=0.0167,=8839.7400,=0.1841,=38.5625,=0.9018,=15.7028,=21.2812,=25.5675,=33.2781,=51.1137,=2.6574,=0.8581,=1.3824,=1.7164,=1.9210,=2.4596,=3.1031,=1.8453,=0.8849,=0.8118,=1.0305,=1.1721,=1.6050,=2.2608,=0.0210,=0.0620,=0.0169,=0.0119,=37874
="000982",500等权,2011-06-13,=0.0148,=10355.6800,=0.1473,=38.5625,=0.9018,=15.7028,=21.2829,=25.5675,=33.2781,=51.1137,=2.6574,=0.8581,=1.3824,=1.7163,=1.9208,=2.4593,=3.1031,=1.8453,=0.8853,=0.8118,=1.0305,=1.1721,=1.6046,=2.2608,=0.0210,=0.0620,=0.0169,=0.0119,=29
="931591",1000成长创新,2020-11-09,=0.0183,=37748.3106,=0.1533,=38.6038,=0.9805,=18.0900,=24.4121,=32.0458,=35.6720,=40.6167,=4.0722,=0.7040,=2.0923,=2.9989,=3.3828,=4.3717,=5.3788,=4.3727,=0.9256,=1.8413,=2.7342,=3.0784,=3.8016,=5.2879,=0.0271,=0.1062,=0.0239,=0.0106,=147
="000827",中证环保,2012-09-25,=0.0132,=2138.9100,=0.1478,=38.7202,=0.8923,=14.0379,=21.0113,=28.2338,=34.9542,=50.6551,=3.0974,=0.7450,=1.7878,=2.2200,=2.7976,=3.3836,=5.4589,=3.2059,=0.7871,=1.6068,=2.0649,=2.7366,=3.2515,=6.2202,=0.0211,=0.0761,=0.0181,=0.0142,=6243
="399364",消费100,2009-08-03,=0.0306,=12664.9200,=0.1733,=39.0180,=0.9311,=15.8540,=22.3292,=26.4431,=33.4851,=49.3766,=4.7382,=0.8165,=2.6561,=3.2781,=3.7412,=4.6036,=7.3266,=2.4732,=0.8087,=1.3127,=1.6520,=1.8994,=2.4277,=4.2956,=0.0306,=0.1191,=0.0345,=0.0133,=307
="931718",高端造质量成长50,2021-08-25,=0.0382,=3534.7452,=0.2232,=39.5228,=0.8925,=16.3078,=21.9698,=28.6646,=36.2966,=49.4696,=6.0336,=0.8423,=3.1255,=3.9025,=4.7860,=5.6841,=8.1954,=3.7637,=0.8264,=1.7207,=2.2311,=2.8970,=3.5947,=5.3327,=0.0328,=0.1450,=0.0326,=0.0090,=25
="H11054",装备产业,2009-07-22,=0.0181,=3373.7900,=0.1597,=39.6460,=0.8413,=15.6342,=24.4288,=31.7032,=38.5584,=58.0282,=3.4721,=0.8572,=1.6944,=2.1209,=2.5912,=3.3102,=5.1308,=2.4751,=0.8669,=1.2119,=1.4795,=1.8693,=2.3434,=3.6241,=0.0221,=0.0859,=0.0174,=0.0118,=38
="930719",CS精准医,2015-08-05,=0.0267,=2830.9937,=0.0650,=39.6674,=0.2290,=29.3195,=38.2847,=52.5590,=67.2223,=102.1078,=4.5208,=0.1799,=3.4982,=4.5860,=6.1029,=9.0435,=14.5104,=6.9660,=0.4135,=5.1956,=6.1929,=7.4869,=10.6486,=18.8625,=0.0301,=0.1091,=0.0230,=0.0075,=333
="931688",中证算力,2022-07-21,,,=0.3825,=39.8568,=1,=18.0036,=20.6408,=23.3551,=31.5601,=39.8568,=4.1075,=1,=1.6529,=1.8928,=2.2315,=3.2533,=4.1075,=2.9547,=1,=1.3731,=1.5827,=1.7926,=2.4011,=2.9547,=0.0245,=0.1011,=0.0224,=0.0149,=95
="399412",国证新能,2014-05-16,=0.0130,=3325.3200,=0.1232,=39.8705,=0.7962,=13.6858,=20.0843,=24.1757,=40.0619,=66.6027,=3.5472,=0.7665,=1.6349,=2.2652,=2.7096,=3.9698,=7.3016,=2.2128,=0.7706,=0.7993,=1.1659,=1.5113,=2.5873,=5.3757,=0.0217,=0.0862,=0.0211,=0.0114,=360
="931994",电网设备主题,2022-10-11,=0.0134,=3570.4900,=0.4152,=40.3929,=0.9838,=15.6741,=19.8958,=22.5857,=26.5207,=44.9431,=3.9019,=0.9885,=1.9713,=2.2859,=2.4409,=2.7287,=4.2080,=2.5008,=0.9885,=1.2895,=1.4748,=1.6003,=1.7940,=2.6890,=0.0214,=0.0975,=0.0200,=0.0093,=216
="399276",创科技,2020-10-26,=0.0325,=9638.2500,=0.1893,=40.4705,=0.5697,=20.4624,=26.3997,=37.4224,=59.6377,=84.1667,=7.0922,=0.7282,=3.5855,=4.4011,=5.7691,=8.7456,=12.0896,=5.5818,=0.7021,=2.4145,=3.2570,=4.6616,=8.9415,=12.2359,=0.0430,=0.1724,=0.0380,=0.0103,=9
="930965",HKC医药C,2017-06-23,=0.0016,=3335.6340,=0.0293,=41.0488,=0.5592,=18.1989,=25.6570,=32.6824,=73.0410,=6384.2329,=2.6088,=0.4558,=1.4216,=1.9383,=2.7197,=3.7062,=6.9841,=1.5511,=0.7206,=0.7160,=1.0261,=1.3250,=1.7424,=3.7092,,=0.0645,,=0.0095,=155
="931785",智选沪深港科技50,2025-06-27,=0.0333,=2790.9251,=0.1702,=41.0501,=1,=31.7791,=34.6002,=36.7410,=38.1581,=41.0501,=5.6978,=1,=3.8679,=4.3071,=4.7186,=4.9841,=5.6978,=3.6498,=1,=2.2695,=2.5589,=2.8790,=3.1313,=3.6498,,,,=0.0073,=7
="931746",储能产业,2015-06-11,=0.0213,=4017.2900,=0.0864,=41.2873,=0.7838,=12.7536,=19.3833,=32.2847,=42.9005,=70.6293,=3.7119,=0.6165,=2.2823,=2.7262,=3.3820,=5.1832,=8.8670,=2.3456,=0.6880,=1.1513,=1.4747,=1.9896,=3.2522,=6.6557,=0.0195,=0.0831,=0.0177,=0.0105,=152
="H30597",新材料,2015-02-13,=0.0194,=5010.3500,=0.2078,=41.7290,=0.7244,=14.0729,=21.7626,=33.2768,=44.9888,=105.5581,=4.2807,=0.7191,=2.1817,=2.8826,=3.6623,=5.2685,=8.9168,=2.9052,=0.5714,=1.2938,=2.0086,=2.7593,=3.7927,=7.1680,=0.0294,=0.0908,=0.0200,=0.0114,=308
="931456",中国教育,2020-04-21,=-0.0055,=1128.5566,=-0.0684,=41.7855,=0.0140,=39.3657,=57.1314,=96.0845,=-129.6067,=28609.2511,=3.0041,=0.5314,=1.5831,=2.4349,=2.9709,=4.1035,=9.7545,=3.0367,=0.2730,=1.7011,=2.8074,=3.3909,=4.9114,=11.2012,,=0.0593,,=0.0073,=166
="399285",物联网50,2020-02-18,=0.0336,=7999.4300,=0.2664,=41.9890,=0.8978,=21.8675,=26.3566,=31.2349,=37.9244,=48.8450,=5.7053,=0.9307,=2.6765,=3.4034,=3.9839,=5.2343,=6.4883,=3.7668,=1,=1.7407,=2.0146,=2.4002,=3.0886,=3.7668,=0.0353,=0.1364,=0.0304,=0.0108,=93
="399625",中创500,2011-08-15,=0.0232,=2915.8900,=0.1967,=42.6840,=0.8527,=20.4615,=28.9847,=35.6912,=41.1666,=52.5750,=4.1221,=0.7137,=2.1192,=2.8827,=3.5466,=4.3725,=5.2667,=2.9654,=0.6134,=1.4713,=2.0764,=2.6286,=3.4673,=4.5526,=0.0265,=0.0951,=0.0239,=0.0098,=164
="399667",创业成长,2013-01-07,=0.0412,=7153.1400,=0.2943,=42.7671,=0.6753,=21.3636,=29.5830,=38.5909,=51.7989,=90.9628,=7.6281,=0.8197,=2.9224,=4.0916,=4.8758,=7.2290,=10.8589,=5.4042,=0.6308,=2.4713,=3.4035,=4.6690,=6.9573,=10.3001,=0.0481,=0.1635,=0.0355,=0.0082,=76
="1000011",A股非金融,1994-01-10,,,,=42.7946,=0.9938,=17.5718,=25.5269,=28.6053,=37.4529,=43.6945,=2.7675,=0.8890,=1.6561,=2.0403,=2.3279,=2.6893,=2.9749,=1.7591,=0.9790,=0.9476,=1.1421,=1.3066,=1.5675,=1.8156,=0.0205,=0.0612,=0.0189,=0.0141,=804
="930598",稀土产业,2015-03-02,=0.0265,=3324.3653,=0.1844,=42.8266,=0.5314,=21.1133,=29.2013,=39.9373,=72.6644,=288.7421,=3.6903,=0.9744,=1.4810,=1.9699,=2.3147,=3.0129,=4.3047,=1.7802,=0.8511,=0.6656,=0.9718,=1.1867,=1.6752,=2.2389,=0.0350,=0.0883,=0.0227,=0.0086,=722
="931409",SHS创新药,2020-02-20,=0.0092,=2152.2340,=0.0206,=43.2296,=0.6285,=24.9819,=34.2973,=39.6476,=60.7417,=94.9889,=4.1260,=0.4943,=2.3431,=3.2597,=4.1437,=6.5072,=8.9149,=6.2669,=0.7538,=2.2896,=3.1794,=3.9732,=6.5523,=8.2645,,=0.0994,,=0.0093,=301
="930721",CS智汽车,2015-08-05,=0.0138,=5769.6846,=-0.0023,=43.2736,=0.6193,=27.2408,=33.9410,=39.7018,=49.0442,=67.2850,=3.7501,=0.4463,=2.5208,=3.2982,=3.8287,=5.3880,=7.3638,=1.4909,=0.1832,=1.1981,=1.5043,=1.8566,=2.6607,=3.8976,=0.0150,=0.1014,=0.0176,=0.0061,=464
="931447",科技先锋,2020-04-21,=0.0282,=3459.0392,=0.1209,=44.3283,=0.7152,=19.0346,=27.0582,=36.3916,=47.8836,=82.3567,=5.0773,=0.6755,=2.7045,=3.3920,=4.2395,=6.7513,=10.6025,=2.7392,=0.6359,=1.4804,=1.9074,=2.3741,=3.7431,=7.0848,=0.0256,=0.0990,=0.0202,=0.0096,=17
="399296",创成长,2019-01-23,=0.0431,=8356.2300,=0.3408,=44.4430,=0.5255,=22.4911,=30.5607,=43.0545,=64.4326,=104.6935,=9.3695,=0.7489,=3.9463,=4.9196,=6.8553,=10.6591,=14.9802,=6.7975,=0.6655,=2.5417,=3.4517,=5.7971,=12.0539,=17.3385,=0.0584,=0.2040,=0.0396,=0.0075,=1038
="931672",风电产业,2021-04-29,=0.0138,=2230.9633,=0.2665,=44.4591,=1,=16.8665,=21.0600,=24.1011,=28.9315,=44.4591,=2.4359,=0.7811,=1.3490,=1.6654,=1.9743,=2.5079,=3.5946,=2.9704,=0.9416,=1.4458,=1.8874,=2.1296,=2.6851,=3.3215,=0.0166,=0.0571,=0.0184,=0.0086,=57
="399971",中证传媒,2014-04-15,=-0.0068,=1521.1200,=0.0333,=44.6015,=0.7863,=18.4593,=27.0874,=34.9138,=45.1833,=90.0483,=2.5276,=0.4521,=1.5359,=2.1332,=2.5891,=3.3593,=5.5544,=3.1688,=0.4752,=1.9674,=2.6592,=3.2196,=4.7212,=7.1445,=0.0163,=0.0602,=0.0206,=0.0165,=6303
="931783",智能驾驶,2022-02-21,=0.0081,=1545.4700,=0.0297,=44.6585,=0.3953,=31.9944,=40.0833,=47.0245,=70.7899,=98.5983,=3.6488,=0.5939,=2.5981,=3.3324,=3.5708,=3.9754,=4.9384,=1.9820,=0.5841,=1.3276,=1.7201,=1.9362,=2.1285,=2.7953,=0.0149,=0.0928,=0.0256,=0.0079,=8
="000998",中证TMT,2011-11-08,=0.0340,=3706.3980,=0.2604,=44.7622,=0.8416,=18.9989,=27.6163,=34.6247,=43.4052,=58.6698,=4.4203,=0.9237,=1.9674,=2.4618,=3.2920,=3.9391,=5.2875,=3.1719,=0.9942,=1.2505,=1.8092,=2.1749,=2.5860,=3.3133,=0.0233,=0.0900,=0.0196,=0.0119,=553
="932069",港股通医疗主题,2022-07-21,=0.0061,=1001.8669,=0.0113,=45.0246,=0.9593,=20.9778,=25.5226,=29.7905,=33.7701,=51.0900,=2.4873,=0.6949,=1.4397,=1.6073,=1.9178,=2.6095,=3.0086,=1.3374,=0.6881,=0.6760,=0.7608,=0.9502,=1.4236,=1.6308,,=0.0571,,=0.0099,=15
="399293",创业大盘,2019-04-18,=0.0330,=7753.1100,=0.1964,=45.1254,=0.6152,=20.6573,=29.3408,=41.0405,=54.4484,=71.9327,=7.0589,=0.6523,=3.4452,=4.6944,=6.2138,=9.2807,=13.4901,=5.8276,=0.5613,=2.8408,=3.9830,=5.6604,=9.9704,=14.8309,=0.0411,=0.1554,=0.0377,=0.0093,=180
="399101",中小综指,2005-12-01,=0.0129,=16699.8300,=0.1481,=45.2510,=0.7562,=22.7937,=34.4929,=40.6764,=48.0435,=65.2068,=3.0923,=0.6217,=1.7151,=2.3689,=2.8048,=3.4643,=4.7418,=2.1364,=0.5846,=1.1654,=1.6542,=2.0234,=2.6354,=3.9938,=0.0208,=0.0674,=0.0195,=0.0105,=25
="1000012",中小板全指,2005-12-01,=0.0129,=16699.8300,=0.1481,=45.4039,=0.7059,=22.6352,=35.3655,=41.3106,=49.5180,=73.8161,=3.1059,=0.6196,=1.7125,=2.3729,=2.8163,=3.4983,=4.7425,=2.1055,=0.5751,=1.1448,=1.6386,=2.0078,=2.6285,=3.9859,=0.0209,=0.0671,=0.0194,=0.0105,=563
="399803",工业4.0,2015-02-13,=0.0436,=6582.5500,=0.2237,=45.6029,=0.7636,=19.7294,=27.9595,=36.1266,=48.0985,=62.0492,=5.2095,=0.7446,=2.6645,=3.4308,=4.3279,=5.6053,=8.0266,=2.5524,=0.5128,=1.5023,=2.0108,=2.5353,=3.2810,=4.8981,=0.0258,=0.1072,=0.0218,=0.0087,=483
="980080",成长100,2012-12-28,,,=0.3050,=46.1156,=0.2992,=39.4731,=44.5315,=49.1623,=56.0078,=70.5336,=6.9688,=0.9363,=3.0437,=3.5912,=4.8230,=6.2646,=7.4042,=3.3726,=0.7147,=2.0191,=2.3916,=2.8769,=3.5140,=4.9708,=0.0481,=0.1452,=0.0254,=0.0071,=158
="930771",CS新能源,2015-12-16,,,=0.2053,=46.4306,=0.8170,=11.2377,=23.1970,=34.2442,=45.1798,=62.8342,=3.3510,=0.7144,=1.7615,=2.1609,=2.8545,=3.9194,=7.2156,=2.9090,=0.7679,=1.2791,=1.6670,=2.1897,=3.1484,=6.6822,=0.0221,=0.0668,=0.0165,=0.0103,=31
="399808",中证新能,2015-02-10,=0.0122,=3287.0100,=0.1677,=46.4306,=0.7966,=11.2377,=23.4990,=36.6592,=46.5019,=62.8342,=3.3510,=0.7207,=1.7615,=2.1712,=2.9351,=3.8504,=7.2277,=2.9090,=0.7834,=1.2791,=1.6778,=2.2523,=3.0254,=6.6822,=0.0221,=0.0668,=0.0165,=0.0103,=1277
="399673",创业板50,2014-06-18,=0.0357,=4196.4300,=0.2378,=46.8644,=0.6427,=20.6075,=30.6784,=42.5402,=57.8583,=106.7499,=7.4945,=0.8094,=3.1473,=4.3234,=5.2400,=7.3426,=11.7288,=5.9466,=0.6233,=2.6907,=4.1383,=5.4995,=8.0638,=13.3154,=0.0447,=0.1569,=0.0355,=0.0082,=5444
="931159",创新100,2019-05-16,=0.0397,=4168.0365,=0.2256,=47.0095,=0.8327,=24.8309,=32.2499,=36.0133,=46.1197,=59.7307,=5.6079,=0.8333,=2.9189,=3.6867,=4.3473,=5.4671,=7.4325,=4.5241,=0.7600,=2.3351,=3.1527,=3.7520,=4.8414,=6.6085,=0.0278,=0.1244,=0.0278,=0.0082,=225
="H30178",医疗保健,2013-07-15,=0.0125,=13893.7500,=0.0235,=47.3450,=0.5479,=19.5848,=32.8016,=45.6749,=66.4757,=123.2936,=2.9874,=0.0330,=2.6575,=3.4524,=5.6343,=7.4864,=12.4381,=5.1159,=0.0813,=4.3601,=5.4482,=6.5098,=8.1023,=14.2518,=0.0196,=0.0653,=0.0216,=0.0129,=551
="399006",创业板指,2010-06-01,=0.0350,=3928.9700,=0.2266,=47.5242,=0.6291,=22.8885,=32.3387,=42.0385,=55.4747,=79.6826,=6.3855,=0.7871,=3.0035,=4.0151,=4.8494,=6.4843,=9.5804,=4.7445,=0.5400,=2.3312,=3.4103,=4.5416,=6.5105,=8.4805,=0.0369,=0.1330,=0.0313,=0.0087,=16377
="HSIDI",恒生创新药指数,2023-01-01,=0.0001,=2770.6100,=0.0286,=47.6165,=0.2579,=21.3081,=46.3898,=56.1064,=107.8151,=157.2991,=3.8212,=0.7725,=1.7148,=2.1170,=2.6391,=4.0031,=5.1867,=3.3986,=0.7895,=1.5892,=1.8196,=2.2669,=3.4418,=4.4669,,=0.1014,,=0.0078,=223
="HSSCID",恒生港股通创新药指数,2023-07-01,=-0.0005,=3242.0500,=0.0250,=47.6165,=0.5708,=20.9262,=38.6883,=44.9758,=61.6094,=216.1774,=3.8212,=0.7353,=1.6870,=1.9979,=2.5432,=4.1156,=5.1867,=3.3986,=0.7554,=1.6002,=1.8599,=2.3950,=3.5731,=4.4669,,=0.1014,,=0.0078,=105
="H30217",医疗器械,2013-07-15,=0.0116,=9959.8100,=0.0144,=47.7864,=0.6894,=17.1055,=29.5762,=39.4512,=58.1462,=82.8778,=2.8872,=0.0441,=2.5693,=3.3018,=4.9010,=6.6389,=11.6091,=5.4461,=0.2389,=4.1030,=5.3810,=6.1098,=8.2841,=13.3528,=0.0184,=0.0626,=0.0209,=0.0134,=1306
="987018",港股通创新药,2021-11-18,,,=0.0347,=49.0654,=0.4699,=22.9379,=35.4745,=51.2078,=98.3888,=537.2167,=3.8774,=0.7016,=1.6768,=2.2719,=3.1822,=4.1988,=6.0885,=5.9416,=0.6232,=2.6005,=3.4986,=5.3045,=7.1208,=12.1954,,=0.0844,,=0.0074,=304
="930599",中证高装,2015-03-02,=0.0339,=10595.9044,=0.2571,=49.3665,=0.8729,=19.5438,=27.7467,=34.6497,=45.1268,=65.7817,=4.6011,=0.9975,=1.8509,=2.5592,=3.1021,=3.6481,=4.7910,=2.6260,=0.9521,=1.2322,=1.6106,=1.9483,=2.4165,=2.8921,=0.0227,=0.0865,=0.0192,=0.0083,=110
="000958",创业成长,2010-03-24,,,=0.2335,=49.5028,=1,=11.9506,=17.5032,=24.3285,=30.6857,=49.5028,=9.4846,=1,=2.6815,=3.7899,=5.1648,=6.3087,=9.4846,=6.0410,=0.9988,=1.2937,=1.9105,=2.5436,=3.9697,=6.0955,=0.0493,=0.2198,=0.0640,=0.0060,=665
="931152",CS创新药,2019-04-22,=0.0224,=1921.9630,=0.0147,=49.9936,=0.7188,=27.6044,=36.5465,=43.1355,=53.3928,=74.6844,=3.9440,=0.4177,=2.5551,=3.3374,=4.2242,=5.9691,=8.7449,=5.8313,=0.8307,=2.2436,=2.9077,=3.3804,=5.6311,=9.4897,=0.0271,=0.0786,=0.0224,=0.0100,=1828
="399610",TMT50,2010-11-08,=0.0350,=12368.4200,=0.2908,=50.7767,=0.9295,=21.0331,=30.1605,=38.0615,=46.2518,=64.7172,=6.5971,=0.9979,=2.4071,=3.2240,=4.0358,=5.0969,=6.7747,=3.7057,=0.8003,=1.5843,=2.0120,=2.7265,=3.7049,=4.9386,=0.0296,=0.1080,=0.0206,=0.0070,=513
="930820",CS高端制,2016-05-11,=0.0311,=10424.3464,=0.2312,=52.2824,=0.9930,=21.5994,=28.9923,=36.5427,=42.2535,=53.9836,=4.4996,=0.9455,=2.0597,=2.7148,=3.1838,=3.8471,=4.9567,=2.9368,=0.9942,=1.1980,=1.7166,=2.0514,=2.4565,=3.0730,=0.0220,=0.0816,=0.0186,=0.0080,=309
="931165",新兴科技100,2019-04-25,=0.0275,=10024.3288,=0.1780,=52.5890,=0.9994,=17.0055,=23.2106,=29.0374,=38.9221,=52.7007,=9.8646,=1,=3.5721,=4.3313,=5.2659,=7.4647,=9.8646,=9.4455,=1,=3.0368,=3.6459,=4.7737,=6.2390,=9.4455,=0.0515,=0.1919,=0.0378,=0.0066,=516
="399316",巨潮小盘,2005-02-03,=0.0210,=7112.1000,=0.1828,=52.7996,=0.9682,=17.4883,=24.6121,=29.2569,=38.1824,=58.4724,=2.5560,=0.8280,=1.3049,=1.7086,=1.9634,=2.4504,=3.2926,=1.6335,=0.7776,=0.7478,=1.0120,=1.2291,=1.7550,=2.5759,=0.0167,=0.0444,=0.0142,=0.0106,=22
="1000003",深圳A股,1994-01-01,=0.0162,=2922.3700,=0.1546,=53.4272,=0.9724,=20.1337,=32.6807,=37.4298,=46.5992,=60.3260,=3.1811,=0.7541,=1.7026,=2.2996,=2.6854,=3.2520,=3.9166,=2.3288,=0.7380,=1.2021,=1.6469,=1.9179,=2.4091,=3.2018,=0.0203,=0.0553,=0.0180,=0.0109,=1817
="980015",疫苗生科,2015-02-16,=0.0461,=6435.0300,=0.0237,=53.5557,=0.7910,=24.1714,=31.1014,=41.9968,=53.8923,=80.8207,=3.7577,=0.2925,=2.9980,=3.5913,=4.1627,=6.9669,=11.0606,=6.7899,=0.5674,=4.5746,=5.4694,=6.4590,=9.5490,=15.0694,=0.0223,=0.0693,=0.0219,=0.0100,=74
="930651",CS计算机,2015-06-05,=0.0129,=8980.5005,=0.1582,=53.9704,=0.4257,=33.6687,=44.4513,=57.1419,=67.2741,=115.0591,=5.3688,=0.8944,=2.6283,=3.7942,=4.3700,=5.1329,=6.5144,=3.2407,=0.3498,=2.0877,=2.9181,=3.6621,=4.3317,=5.6880,=0.0244,=0.0892,=0.0073,=0.0083,=641
="930726",CS生医,2015-08-05,=0.0271,=2472.3947,=0.0124,=54.2848,=0.6485,=24.4874,=31.9329,=48.8536,=62.2723,=107.1179,=4.3088,=0.1654,=3.1768,=4.4680,=6.9246,=8.5259,=14.2976,=7.8687,=0.3119,=4.8871,=6.8831,=10.0631,=12.5690,=19.9452,=0.0287,=0.0766,=0.0261,=0.0087,=832
="931087",科技龙头,2019-03-20,=0.0420,=6714.9806,=0.2775,=54.3459,=0.8930,=22.2848,=33.5563,=40.2265,=50.8532,=64.5538,=7.1519,=0.9329,=2.8190,=4.1986,=5.2492,=6.4415,=8.4597,=5.6375,=0.9560,=2.0316,=3.3062,=3.9347,=4.8640,=6.4338,=0.0321,=0.1080,=0.0209,=0.0054,=2079
="399970",移动互联,2014-05-05,=0.0270,=5225.3100,=0.1713,=55.2087,=0.9361,=21.2604,=32.0602,=40.2090,=49.4536,=64.0807,=5.3240,=0.7599,=2.3944,=3.2977,=4.0617,=5.6437,=7.9573,=2.9268,=0.6856,=1.5790,=2.0679,=2.5538,=3.3100,=4.6665,=0.0246,=0.0808,=0.0175,=0.0073,=468
="399624",中创400,2011-08-15,=0.0182,=3134.5900,=0.2192,=55.2197,=0.8886,=22.4097,=32.9060,=40.4801,=48.6722,=82.4491,=3.6144,=0.8403,=1.6720,=2.4135,=2.8485,=3.4203,=5.3458,=2.8626,=0.8494,=1.2865,=1.8978,=2.2294,=2.7033,=4.6386,=0.0199,=0.0651,=0.0174,=0.0083,=228
="931696",科技50策略,2021-07-12,=0.0440,=26903.0507,=0.3355,=56.1456,=0.9778,=23.0047,=27.6981,=33.4323,=41.7473,=58.4490,=8.7081,=0.9786,=3.0567,=3.8970,=4.3931,=6.9350,=9.7885,=4.8102,=0.9393,=1.9010,=2.3585,=2.6462,=3.9889,=6.7093,=0.0396,=0.1271,=0.0285,=0.0056,=7
="H30535",互联网,2015-01-12,=0.0220,=6375.7000,=0.3148,=56.1762,=0.9422,=14.4753,=20.7353,=34.9796,=47.2924,=65.8357,=7.1434,=1,=1.7453,=2.4379,=3.1836,=3.9891,=7.1434,=4.4493,=1,=1.1519,=1.6628,=1.9597,=2.7976,=4.4493,=0.0359,=0.1165,=0.0168,=0.0062,=22
="930986",金融科技,2017-06-22,=0.0148,=2823.2981,=-0.0955,=56.5575,=0.5079,=32.2484,=42.8598,=55.9858,=81.8274,=257.1796,=5.0587,=0.6114,=2.5474,=4.0077,=4.7046,=5.8349,=7.7786,=7.2042,=0.8273,=2.9625,=3.8664,=4.7333,=7.0245,=9.8281,=0.0192,=0.0872,=0.0151,=0.0070,=251
="931079",5G通信,2019-04-25,=0.0389,=2796.2544,=0.4505,=56.7488,=0.9965,=21.0709,=27.5143,=33.2079,=43.6372,=103.6981,=7.9993,=1,=2.3623,=3.0330,=3.5908,=5.1932,=7.9993,=3.2535,=0.9988,=1.1916,=1.4852,=1.8570,=2.3051,=3.3079,=0.0389,=0.1398,=0.0276,=0.0058,=2254
="980030",消费电子,2015-02-17,=0.0436,=9549.5000,=0.3143,=56.7520,=0.9839,=18.6467,=31.4491,=38.4194,=46.8228,=62.1614,=4.7381,=0.9250,=2.0026,=2.5899,=2.9597,=4.1103,=5.7500,=2.4118,=0.8461,=1.1413,=1.3950,=1.5681,=2.2754,=3.4515,=0.0190,=0.0648,=0.0154,=0.0061,=373
="930662",CS现代农,2015-07-13,=0.0082,=1036.4513,=-0.0322,=56.9685,=0.7546,=13.0417,=20.3322,=28.2864,=61.8057,=301.1137,=2.4944,=0.1631,=1.8555,=2.5322,=2.8454,=3.1485,=4.3308,=1.1001,=0.4116,=0.8273,=1.0227,=1.1753,=1.5601,=2.1026,=-0.0091,=0.0850,=0.0345,=0.0211,=49
="930743",中证生科,2015-08-26,=0.0287,=3321.6760,=0.0088,=57.5810,=0.7620,=24.0733,=39.5208,=50.2505,=59.8284,=100.3520,=3.6708,=0.1316,=2.9526,=3.9165,=6.1982,=8.0612,=14.6705,=6.6126,=0.2731,=4.7455,=6.3192,=8.9701,=12.4379,=18.8359,=0.0226,=0.0618,=0.0204,=0.0091,=1218
="000852",中证1000,2014-10-17,=0.0144,=8866.7800,=0.1674,=57.6020,=0.9039,=18.9344,=30.9274,=37.8096,=48.0585,=81.8025,=2.8775,=0.7640,=1.4880,=2.1060,=2.4388,=2.9546,=4.2563,=1.9978,=0.8090,=0.9250,=1.3827,=1.5864,=1.9725,=3.5402,=0.0158,=0.0499,=0.0155,=0.0090,=7250
="399441",生物医药,2015-01-20,=0.0355,=2200.8700,=0.0256,=57.6512,=0.7376,=21.8350,=32.3563,=47.8186,=65.0815,=119.0737,=3.3152,=0.1795,=2.3073,=3.4640,=6.3895,=7.8152,=13.6606,=6.5157,=0.2483,=3.6424,=5.9229,=9.6033,=14.0917,=21.5399,=0.0194,=0.0565,=0.0192,=0.0105,=1665
="000915",300信息,2007-07-02,=0.0442,=4112.6208,=0.2652,=59.0349,=0.9794,=20.6178,=34.5626,=39.5222,=47.4753,=68.0661,=6.8806,=0.9975,=2.7398,=3.5399,=4.3291,=5.3172,=7.3159,=3.3869,=0.5466,=1.6744,=2.1697,=3.2129,=4.1033,=4.9963,=0.0247,=0.0971,=0.0166,=0.0066,=18
="931380",科技50,2019-11-25,=0.0398,=3967.5569,=0.2557,=60.2646,=0.9200,=22.4426,=31.0962,=45.5099,=56.2627,=71.9143,=6.8135,=0.7478,=2.7627,=3.8519,=5.2834,=7.3591,=9.9144,=5.6575,=0.8227,=2.1802,=3.0434,=4.0330,=5.5400,=7.7525,=0.0253,=0.0951,=0.0118,=0.0066,=942
="930850",智能制造,2016-07-20,=0.0372,=6036.4103,=0.2610,=62.6453,=0.9864,=23.4329,=32.5002,=41.1504,=49.8438,=68.6157,=6.1059,=0.9934,=2.5370,=3.5003,=4.1123,=5.0272,=6.4315,=3.5759,=0.8176,=1.5919,=2.3421,=2.7609,=3.4950,=5.3954,=0.0208,=0.0857,=0.0160,=0.0064,=356
="931643",科创创业50,2021-06-01,=0.0434,=2563.0362,=0.2849,=62.6890,=0.8686,=22.6109,=28.3709,=39.7499,=56.7358,=92.9106,=8.1377,=0.8644,=3.3216,=4.1432,=5.1297,=6.9553,=12.1685,=7.4418,=0.8285,=2.7030,=3.3790,=4.5631,=6.8999,=14.6821,=0.0368,=0.1190,=0.0246,=0.0064,=1915
="399363",云科技,2009-08-03,=0.0474,=13354.2200,=0.4293,=63.3716,=0.9732,=25.0041,=36.0760,=41.7430,=49.4245,=74.9161,=9.9412,=1,=3.0187,=3.9521,=4.6833,=5.6258,=9.9412,=4.1086,=0.9356,=1.6015,=2.2265,=3.0787,=3.7601,=4.5583,=0.0491,=0.1469,=0.0254,=0.0056,=283
="930713",CS人工智,2015-07-31,=0.0320,=6717.5389,=0.2718,=64.0394,=0.8362,=24.8131,=43.8200,=53.2634,=62.5018,=90.1869,=8.4359,=1,=2.8384,=3.9100,=4.7025,=5.4107,=8.4359,=6.0028,=1,=2.3148,=3.1674,=3.7879,=4.2870,=6.0028,=0.0330,=0.1245,=0.0172,=0.0051,=1008
="931461",电子50,2009-07-22,=0.0482,=7732.0885,=0.3116,=64.1004,=0.9909,=20.3357,=30.2775,=36.2608,=47.3281,=68.3511,=6.8213,=0.9963,=2.5323,=3.1789,=3.6712,=5.1972,=6.9973,=3.4055,=0.8808,=1.1588,=1.7911,=2.0541,=3.0158,=4.5428,=0.0239,=0.0884,=0.0169,=0.0061,=431
="930821",中证VR,2016-05-11,=0.0219,=3750.4413,=0.1745,=64.9302,=0.8512,=17.6816,=31.4586,=42.9364,=55.6510,=175.0572,=3.6362,=0.7430,=1.7358,=2.3260,=2.8547,=4.0805,=5.0269,=2.1800,=0.6252,=1.1117,=1.4723,=1.8976,=2.8896,=3.7313,=0.0113,=0.0443,=0.0138,=0.0071,=145
="931494",消费电子,2020-06-12,=0.0496,=6631.2676,=0.3037,=65.2695,=0.9909,=20.2625,=31.4231,=38.3471,=50.5413,=68.9438,=6.1611,=1,=2.1307,=2.8080,=3.4460,=4.9935,=6.1611,=3.0209,=0.9944,=1.3000,=1.6414,=1.9313,=2.5804,=3.1624,=0.0228,=0.0807,=0.0166,=0.0060,=219
="930652",CS电子,2015-06-05,=0.0477,=12833.8843,=0.3084,=65.5634,=0.9880,=21.2056,=33.8173,=43.2205,=51.2116,=71.5815,=6.7055,=1,=2.2039,=3.1461,=3.6383,=4.7334,=6.7055,=3.6404,=0.9864,=1.4014,=2.0213,=2.2865,=3.0102,=4.1010,=0.0249,=0.0838,=0.0162,=0.0056,=471
="000935",中证信息,2009-07-03,=0.0441,=8166.1900,=0.2724,=66.1800,=0.9699,=22.3783,=36.3294,=44.8418,=53.9685,=77.7561,=6.6648,=1,=2.5910,=3.3282,=4.0442,=4.7161,=6.6648,=3.8882,=0.9220,=1.7187,=2.2023,=2.7258,=3.5198,=4.5057,=0.0237,=0.0833,=0.0137,=0.0056,=1114
="931160",通信设备,2013-07-15,=0.0374,=22320.2179,=0.4437,=67.1681,=0.8998,=19.3231,=27.7990,=36.6948,=52.5626,=91.1971,=9.0926,=1,=2.1520,=2.8712,=3.4260,=3.9664,=9.0926,=3.3798,=0.9992,=0.9706,=1.2833,=1.5071,=2.4372,=3.4546,=0.0428,=0.1280,=0.0276,=0.0061,=1221
="931866",中证机床,2022-05-09,=0.0365,=2600.9900,=0.4505,=67.4405,=0.9609,=28.6086,=36.7973,=40.2605,=49.2399,=75.6656,=6.9209,=1,=2.8302,=3.7343,=4.2278,=4.9431,=6.9209,=5.6885,=0.9905,=2.4023,=3.1493,=3.4077,=4.0367,=5.8940,=0.0321,=0.1022,=0.0244,=0.0055,=149
="980022",机器人产业,2015-02-25,=0.0016,=2723.0800,=0.0261,=67.4946,=0.8726,=13.7974,=16.6047,=19.9719,=39.2167,=93.9438,=5.4138,=0.9255,=2.5198,=3.0448,=3.5639,=4.7100,=6.2730,=4.5463,=0.8844,=1.0172,=1.2330,=1.4171,=3.3359,=5.9220,=0.0186,=0.0892,=0.0245,=0.0049,=273
="931071",人工智能,2018-11-21,=0.0277,=2896.3952,=0.2785,=67.5797,=0.9637,=30.9003,=39.6090,=48.2244,=56.1655,=74.4524,=10.3270,=1,=2.9559,=3.8928,=4.7140,=5.8539,=10.3270,=8.5604,=1,=2.2000,=2.7939,=3.1820,=4.0409,=8.5604,=0.0409,=0.1450,=0.0239,=0.0053,=1317
="930606",中证钢铁,2015-03-31,=-0.0003,=1172.1514,=0.0062,=68.3817,=0.7888,=5.9346,=9.2015,=18.9540,=144.9209,=77593.1899,=1.1556,=0.6073,=0.7076,=0.9198,=1.0668,=1.3569,=2.0450,=0.5505,=0.7042,=0.2931,=0.3819,=0.4577,=0.6309,=1.2948,=0.0020,=0.0221,=0.0071,=0.0200,=759
="H30318",科技传媒通信150,2014-04-15,=0.0444,=4257.5300,=0.3847,=70.5955,=0.9889,=19.8534,=28.8631,=38.1209,=49.6862,=72.9416,=9.3185,=1,=2.0037,=2.4801,=3.4984,=4.2706,=9.3185,=5.1177,=1,=1.2409,=1.8640,=2.2936,=2.7475,=5.1177,=0.0368,=0.1091,=0.0211,=0.0042,=37
="399994",信息安全,2015-03-12,=0.0070,=1966.4300,=0.0786,=71.4658,=0.5833,=35.0629,=52.6707,=66.8970,=85.7906,=183.5630,=3.9702,=0.5714,=2.3256,=3.3624,=3.8900,=4.6111,=6.2767,=3.0643,=0.3309,=2.1829,=2.8992,=3.2787,=3.8380,=5.1182,=0.0078,=0.0539,=0.0040,=0.0102,=85
="931469",云计算50,2020-06-12,=0.0126,=4512.1913,=0.2182,=71.8229,=0.5941,=43.1726,=58.3097,=68.2045,=82.1950,=130.8911,=9.7377,=0.9993,=3.0031,=3.8652,=5.0566,=6.0699,=9.7447,=5.6263,=1,=2.2186,=2.8384,=3.4682,=4.1709,=5.6263,=0.0385,=0.1212,=0.0175,=0.0027,=57
="399303",国证2000,2014-03-28,=0.0132,=11693.0300,=0.1745,=71.9365,=0.9348,=23.3937,=36.3012,=42.0125,=53.4514,=96.7185,=3.1302,=0.8746,=1.4941,=2.0787,=2.2973,=2.7662,=4.2124,=2.3812,=0.8540,=1.0643,=1.3926,=1.5528,=2.1203,=3.4322,=0.0140,=0.0453,=0.0143,=0.0079,=705
="000993",全指信息,2011-08-02,=0.0449,=10862.5200,=0.2799,=72.5096,=0.8816,=27.3163,=42.0292,=52.3115,=67.2451,=96.2351,=6.6047,=1,=2.5265,=3.2907,=4.0164,=4.6942,=6.6047,=3.9881,=0.9047,=1.8009,=2.3376,=2.8248,=3.4645,=5.4447,=0.0221,=0.0751,=0.0134,=0.0053,=4071
="930707",中证畜牧,2015-07-13,=0.0094,=2138.7720,=-0.0311,=73.0905,=0.7793,=11.3375,=17.7937,=26.8655,=113.3570,=237.1331,=2.5076,=0.0714,=2.3043,=2.7012,=3.3307,=4.2745,=5.8838,=1.0495,=0.2026,=0.8185,=1.0475,=1.4463,=2.0957,=2.9452,=-0.0138,=0.0829,=0.0347,=0.0219,=1170
="H30590",机器人,2015-02-10,=0.0175,=2145.1100,=0.1242,=73.3445,=0.9435,=24.1742,=42.0198,=50.8536,=62.8630,=89.9138,=4.9259,=0.9245,=2.1765,=2.8831,=3.6941,=4.3597,=6.0751,=4.8463,=0.9381,=1.6011,=2.4247,=3.4041,=4.3031,=5.6179,=0.0149,=0.0720,=0.0144,=0.0055,=849
="931582",数字经济,2020-11-09,=0.0404,=1804.4777,=0.2222,=74.1602,=0.9572,=35.0365,=43.8001,=49.9777,=65.0910,=83.2725,=7.6244,=0.9557,=3.4564,=4.8762,=5.6393,=6.5240,=9.8458,=6.8130,=0.7258,=2.4970,=3.6033,=5.8106,=7.6367,=11.8341,=0.0236,=0.0954,=0.0158,=0.0041,=180
="399291",创精选88,2019-11-06,=0.0192,=5526.7600,=0.2097,=74.2478,=0.8804,=32.8940,=42.0274,=54.1097,=64.7656,=106.4385,=4.2855,=0.8746,=1.8895,=2.8523,=3.3992,=3.8851,=4.9331,=4.7311,=0.9179,=1.9655,=2.6175,=3.0808,=4.2629,=5.5728,=0.0173,=0.0556,=0.0131,=0.0067,=40
="899050",北证50,2022-11-21,=-0.0070,=1426.3100,=-0.0098,=75.7570,=0.9486,=15.5447,=18.2102,=30.1094,=66.3538,=91.3357,=4.7717,=0.7336,=2.0170,=2.4194,=2.9032,=4.9841,=5.6644,=3.8203,=0.6667,=1.3969,=1.6848,=2.0354,=4.1486,=5.1557,=0.0174,=0.0675,=-0.0021,=0.0069,=728
="930875",空天军工,2016-08-17,=0.0085,=2638.4490,=0.0905,=77.9768,=0.8952,=27.3832,=45.3910,=55.2673,=73.2974,=98.7933,=4.2633,=0.6519,=2.4052,=3.1493,=3.6088,=4.9601,=7.9650,=3.8162,=0.5362,=2.1274,=2.8867,=3.7296,=4.5441,=7.7673,=0.0090,=0.0567,=0.0104,=0.0056,=102
="1000007",创业板全指,2010-05-01,=0.0244,=4700.1400,=0.2016,=78.3817,=0.7219,=33.8134,=48.2400,=61.0139,=100.0107,=334.2333,=5.1119,=0.7715,=2.3083,=3.3593,=4.0475,=5.2748,=6.6514,=4.5081,=0.6011,=2.1439,=3.2922,=4.1196,=5.6148,=8.9790,=0.0212,=0.0638,=0.0178,=0.0068,=1916
="931144",通信技术,2019-05-30,=0.0355,=3963.1859,=0.7023,=81.2129,=0.9822,=22.8153,=30.3190,=36.1670,=49.6274,=113.1406,=11.1937,=1,=2.5671,=3.1024,=3.6538,=4.6966,=11.1937,=7.0890,=1,=1.6428,=2.0925,=2.4613,=3.3388,=7.0890,=0.0432,=0.1354,=0.0299,=0.0028,=237
="399973",中证国防,2014-04-15,=0.0081,=2019.6500,=0.0859,=81.2725,=0.8655,=28.8580,=43.6048,=54.1920,=73.3269,=114.4667,=4.1730,=0.6093,=2.3880,=3.0104,=3.5804,=4.9227,=7.7047,=3.9089,=0.5041,=1.9566,=2.7338,=3.8980,=4.5657,=7.1179,=0.0086,=0.0535,=0.0095,=0.0054,=629
="399368",国证军工,2009-11-04,=0.0106,=9290.0700,=0.0901,=81.2941,=0.8507,=38.1822,=54.2867,=63.7415,=78.2536,=107.0849,=3.8863,=0.9220,=2.0244,=2.5859,=3.0404,=3.5645,=4.3940,=3.7496,=0.8189,=1.8459,=2.5701,=3.1843,=3.6948,=4.8014,=0.0129,=0.0477,=0.0081,=0.0049,=12
="931066",军工龙头,2018-02-05,=0.0102,=3640.9847,=0.0540,=84.3031,=0.9765,=29.1719,=34.8391,=42.6397,=51.5173,=100.5281,=3.8892,=0.5991,=2.2914,=3.1474,=3.7109,=4.6269,=6.9932,=3.5799,=0.5490,=2.1745,=2.8190,=3.4671,=4.1972,=5.8746,=0.0067,=0.0495,=0.0098,=0.0058,=1062
="399967",中证军工,2013-12-26,=0.0073,=15168.2800,=0.0826,=84.9040,=0.7397,=41.8350,=54.9002,=65.1551,=98.8623,=218.2738,=4.1643,=0.9163,=2.0425,=2.6005,=3.1809,=3.8652,=4.8699,=3.8843,=0.7488,=2.0545,=2.7164,=3.1073,=4.0228,=5.8225,=0.0129,=0.0501,=0.0096,=0.0045,=5924
="930851",云计算,2016-07-20,=0.0068,=7436.6721,=0.1471,=85.9923,=0.6957,=37.0632,=52.6313,=67.2498,=96.6636,=313.0672,=8.6906,=1,=2.7148,=3.6013,=4.2764,=5.3451,=8.6906,=5.6672,=1,=1.6839,=2.4175,=3.1082,=3.7078,=5.6672,=0.0301,=0.0896,=0.0112,=0.0026,=447
="930910",农牧渔,2016-12-12,=0.0070,=9685.9270,=-0.0287,=88.2630,=0.7790,=13.2246,=20.8379,=29.0155,=100.0565,=30031.8592,=2.5001,=0.1932,=2.1027,=2.5031,=2.9845,=3.6551,=4.9084,=1.1387,=0.2883,=0.8679,=1.0822,=1.4986,=2.0603,=2.7290,=-0.0088,=0.0664,=0.0304,=0.0192,=3
="970070",创业板人工智能,2024-07-11,=0.0241,=8112.8200,=0.3682,=89.7184,=0.6955,=48.3861,=70.8680,=80.2207,=94.5489,=119.1606,=12.0795,=1,=3.3467,=4.9902,=5.9296,=9.3072,=12.0795,=10.0767,=0.9841,=3.4016,=4.8973,=5.8890,=8.5606,=10.6729,=0.0381,=0.1206,=0.0167,=0.0034,=202
="931480",线上消费,2020-05-06,=-0.0037,=859.1512,=0.0215,=90.7274,=0.7376,=33.5813,=47.6237,=65.9811,=96.8865,=132.5169,=3.5714,=0.7218,=1.9483,=2.4997,=3.0958,=3.7056,=5.0305,=3.7276,=0.9602,=1.1811,=1.5020,=1.8053,=2.8138,=4.8094,=0.0131,=0.0458,=0.0190,=0.0086,=74
="931845",生猪产业,2012-04-11,=0.0126,=1258.0800,=-0.0422,=92.4399,=0.7979,=12.7881,=21.1629,=29.0040,=101.0404,=705.7713,=2.8142,=0.1337,=2.5125,=2.9048,=3.5152,=4.1514,=5.7536,=1.0669,=0.2347,=0.8594,=1.0456,=1.6598,=2.1723,=2.8287,=-0.0154,=0.0788,=0.0361,=0.0244,=161
="932438",科创创业机器人,2025-05-16,=0.0084,=1726.2200,=0.0681,=92.7281,=0.8776,=67.6486,=76.5864,=82.3813,=90.0303,=103.3521,=5.9064,=0.6414,=4.9598,=5.2491,=5.6069,=6.1765,=6.8835,=6.0849,=0.5359,=5.2672,=5.7289,=6.0406,=6.6603,=7.4199,=0.0153,=0.0666,,=0.0036,=47
="000858",500信息,2013-11-06,=0.0439,=13578.8100,=0.2884,=93.6690,=0.8597,=25.3805,=43.9766,=64.1783,=88.2558,=209.3531,=6.1939,=1,=2.1626,=2.9041,=3.3886,=3.9436,=6.1939,=6.0648,=1,=1.1229,=1.9074,=2.6839,=3.5734,=6.0648,=0.0212,=0.0505,=0.0070,=0.0034,=349
="932088",全指航空,2023-03-23,=0.0102,=943.8200,=0.0750,=94.9451,=0.9113,=36.9197,=48.3472,=66.3123,=88.6356,=116.5746,=4.2765,=0.9417,=2.3948,=3.0220,=3.3624,=3.8728,=4.9751,=3.9345,=0.7192,=2.2988,=2.8957,=3.5904,=4.0733,=4.9356,=0.0077,=0.0470,=0.0092,=0.0052,=31
="931009",建筑材料,2013-07-15,=0.0181,=6383.6745,=0.0166,=96.9061,=1,=8.0662,=10.3775,=14.3732,=24.5764,=96.9061,=1.0318,=0.2294,=0.7557,=1.0191,=1.5207,=2.0013,=2.4800,=1.1441,=0.4611,=0.6904,=0.9615,=1.1654,=1.5187,=2.1670,=-0.0025,=0.0109,=-0.0006,=0.0230,=735
="932038",央企科技引领,2022-11-16,=0.0360,=1932.2600,=0.2911,=97.2509,=1,=31.0707,=37.6225,=44.4560,=68.7863,=97.2509,=6.5298,=1,=2.7684,=3.4405,=3.9491,=4.7650,=6.5298,=6.7055,=1,=2.3932,=3.1105,=3.8776,=5.0815,=6.7055,=0.0105,=0.0636,=0.0096,=0.0046,=34
="399993",CSWD生科,2015-05-08,=0.0347,=2660.2000,=0.0207,=97.6620,=0.9860,=31.0960,=44.1993,=56.6305,=73.0943,=122.8633,=3.6803,=0.1984,=2.5928,=3.6872,=6.2283,=7.6052,=15.2283,=7.5806,=0.3259,=4.8204,=6.7589,=9.4606,=14.4022,=21.1379,=0.0163,=0.0356,=0.0147,=0.0093,=66
="399019",创业200,2023-11-15,=0.0133,=5223.5500,=0.1490,=100.9300,=0.6172,=45.1604,=58.9939,=85.4065,=111.1131,=137.0675,=4.3705,=1,=1.8905,=2.4242,=3.1626,=3.8185,=4.3705,=3.8911,=0.9862,=1.7802,=2.2895,=2.7928,=3.3322,=3.9712,=0.0165,=0.0404,=0.0111,=0.0058,=83
="932456",科创创业AI,2025-05-14,=0.0395,=3959.0200,=0.3607,=111.4220,=0.1784,=95.3901,=112.2166,=118.8362,=145.0934,=192.3777,=13.3208,=1,=6.1464,=7.0631,=10.1893,=10.9659,=13.3208,=16.4804,=0.9959,=9.0747,=10.5944,=14.2974,=15.3410,=16.4937,=0.0437,=0.0985,,=0.0018,=28
="CN5075",国证信创,2015-02-16,,,=0.2767,=111.8263,=0.7207,=39.3034,=49.6463,=75.5651,=124.3348,=152.0158,=8.5260,=1,=3.0386,=3.5411,=5.1004,=7.0224,=8.5260,=6.4591,=1,=2.8415,=3.6587,=4.3615,=5.3002,=6.4591,=0.0268,=0.0598,=0.0136,=0.0025,=28
="930633",中证旅游,2015-05-08,=-0.0104,=2673.8727,=-0.1946,=113.3527,=0.4336,=15.8968,=21.7102,=1951.7932,=-51.0196,=11171.4579,=2.2100,=0.2360,=1.6473,=2.1837,=2.3764,=2.8097,=3.6934,=1.1900,=0.0161,=1.0607,=1.3427,=1.6104,=2.5762,=3.7607,=0.0208,=-0.0128,=-0.0016,=0.0087,=600
="931247",中证信创,2012-12-21,=0.0286,=1707.7537,=0.1667,=114.2833,=0.2792,=66.5979,=101.9134,=206.6200,=277.0113,=369.3964,=7.4077,=1,=2.7947,=3.4710,=4.6479,=5.7131,=7.4077,=6.0257,=1,=2.8203,=3.3952,=4.0707,=4.7885,=6.0257,=0.0271,=0.0400,=0.0016,=0.0030,=92
="930790",CS娱乐TI,2016-03-22,=-0.0044,=1414.3457,=-0.0052,=114.3498,=0.9584,=17.3299,=32.6908,=48.6748,=78.9742,=245.3480,=2.7382,=0.6145,=1.6576,=2.1323,=2.5564,=3.1241,=3.8872,=3.0671,=0.3492,=2.2057,=2.8007,=3.2488,=4.0403,=5.0752,=0.0124,=0.0200,=0.0156,=0.0137,=13
="931521",高装细分50,2020-07-08,=0.0120,=3527.8225,=0.0606,=115.6868,=0.8346,=33.8051,=48.2871,=55.8642,=88.5413,=160.3029,=4.8604,=0.7611,=2.5146,=3.4257,=4.1396,=5.0161,=6.8876,=4.9961,=0.7711,=2.7226,=3.8783,=4.4232,=5.0999,=6.7300,=0.0050,=0.0438,=0.0069,=0.0043,=75
="931743",半导体材料设备,2012-12-21,=0.0691,=7389.6400,=0.4351,=121.9097,=1,=30.1973,=39.3212,=58.7167,=77.6459,=121.9097,=9.3125,=1,=2.5588,=3.3393,=4.1897,=6.2872,=9.3125,=13.7270,=1,=2.5903,=3.1383,=3.7799,=9.7772,=13.7270,=0.0198,=0.0706,=0.0130,=0.0016,=218
="930601",中证软件,2015-03-10,=0.0070,=6289.6712,=0.0003,=124.8915,=0.7913,=29.3378,=51.8564,=79.1659,=128.9417,=302.4908,=5.5861,=0.7550,=2.7207,=3.9641,=4.6754,=5.7571,=7.7476,=5.7792,=0.7153,=2.8007,=4.0731,=4.9659,=6.1322,=9.8975,=0.0078,=0.0385,=-0.0029,=0.0055,=383
="CN5082",国证航天,2015-02-16,,,=0.0133,=124.8992,=0.8776,=44.4252,=58.7037,=72.9426,=112.7107,=173.9279,=4.6041,=0.8743,=2.1924,=2.8239,=3.3420,=4.3772,=5.7727,=4.4972,=0.8895,=1.9232,=2.5629,=3.3652,=4.0942,=6.0090,=0.0055,=0.0382,=0.0066,=0.0043,=2
="H30184",半导体,2013-07-15,=0.0611,=12714.3300,=0.3816,=126.6530,=0.9587,=33.2056,=51.4516,=76.1913,=104.6135,=154.8888,=8.9006,=0.9468,=2.5082,=3.4074,=4.7382,=7.2816,=12.2763,=13.4784,=0.9992,=1.3963,=2.6379,=6.8551,=9.0795,=13.8397,=0.0203,=0.0527,=0.0094,=0.0014,=3291
="000683",科创生物,2022-05-09,=0.0212,=1089.2800,=0.0157,=128.1014,=0.1268,=31.4909,=164.6275,=2033.8514,=-209.7148,=97054.3385,=6.5316,=0.8340,=4.0903,=4.8659,=5.3956,=6.3309,=7.9611,=10.5167,=0.5577,=7.6079,=9.2344,=10.3711,=11.4713,=14.1963,=0.0094,=0.0457,=0.0035,=0.0029,=49
="H30202",软件指数,2013-07-15,=0.0061,=14797.7800,=-0.0185,=131.3264,=0.7174,=45.1036,=65.7516,=90.4969,=155.6957,=372.5263,=5.5374,=0.5227,=2.9348,=4.5157,=5.4511,=6.6344,=8.8705,=7.5455,=0.6555,=3.9010,=5.4106,=6.8880,=8.1309,=13.5560,=0.0053,=0.0344,=-0.0039,=0.0056,=310
="932087",集成电路,2023-03-29,=0.0597,=1561.6300,=0.3789,=137.3809,=0.6205,=46.1239,=97.9722,=130.9094,=150.6401,=195.7770,=8.9235,=1,=3.1405,=3.8456,=5.0566,=6.7560,=8.9235,=14.1615,=1,=5.8347,=7.5454,=8.8470,=11.2866,=14.1615,=0.0203,=0.0481,=0.0079,=0.0013,=34
="000698",科创100,2023-08-07,=0.0336,=1904.3100,=0.3062,=139.1238,=0.2500,=60.6995,=132.6236,=217.4214,=256.8420,=337.2511,=7.0515,=1,=2.7397,=3.5801,=4.1428,=5.5885,=7.0515,=8.6158,=0.8765,=4.0312,=5.0765,=6.0802,=8.1480,=10.0837,=0.0093,=0.0369,=0.0028,=0.0028,=520
="000690",科创成长,2022-11-04,=0.0312,=2487.3900,=0.3267,=145.5837,=0.7630,=26.4295,=43.4302,=81.0420,=157.2592,=288.8500,=14.6354,=0.9870,=3.7827,=4.8317,=5.4151,=11.0831,=15.0742,=15.3371,=0.8809,=2.7510,=3.9625,=5.0072,=13.3818,=19.2028,=0.0188,=0.1043,=0.0143,=0.0021,=118
="000682",科创信息,2021-08-16,=0.0481,=2703.8300,=0.3561,=150.3407,=0.9305,=41.6131,=59.0852,=91.5035,=129.1098,=187.1367,=10.0251,=1,=3.3247,=4.3272,=5.2999,=6.4043,=10.0251,=14.4813,=1,=5.5790,=7.2801,=8.8069,=11.0942,=14.4813,=0.0200,=0.0432,=0.0072,=0.0018,=97
="H30007",芯片产业,2012-12-20,=0.0660,=4319.2000,=0.3640,=151.5357,=0.9909,=24.2382,=40.3144,=67.2662,=109.4985,=186.5687,=9.0601,=0.9798,=1.9412,=3.6288,=4.4549,=7.0312,=11.2654,=13.0294,=1,=1.5871,=3.6391,=6.4240,=8.0727,=13.0294,=0.0230,=0.0446,=0.0109,=0.0013,=506
="950180",科创AI,2024-07-25,=0.0325,=2811.2800,=0.2510,=153.0135,=0.6581,=66.2784,=97.4343,=139.1368,=170.6990,=271.3436,=12.8490,=1,=3.9039,=5.9063,=8.6674,=11.0611,=12.8490,=17.3924,=0.9651,=6.3298,=9.2682,=13.1591,=15.9191,=18.3701,=0.0274,=0.0670,=0.0163,=0.0022,=197
="930902",中证数据,2016-10-18,=0.0005,=3626.9563,=0.1374,=154.8064,=0.8487,=37.6891,=57.0926,=78.0804,=122.2611,=366.0842,=5.0213,=0.9254,=2.4001,=3.4150,=3.9802,=4.6800,=5.5171,=3.3354,=0.4681,=2.0473,=2.8876,=3.3954,=4.1696,=7.0542,=0.0025,=0.0339,=0.0011,=0.0032,=239
="980076",通用航空,2012-12-28,=-0.0001,=3826.4100,=0.0312,=158.1149,=1,=69.9916,=79.7159,=100.0580,=125.4286,=158.1149,=4.5145,=0.8866,=2.7445,=3.1978,=3.4987,=4.1308,=5.1513,=5.3535,=0.8687,=3.4358,=4.0638,=4.2904,=4.9934,=6.3273,=0.0066,=0.0297,=0.0083,=0.0037,=53
="000688",科创50,2020-07-23,=0.0465,=1716.6900,=0.2771,=162.5730,=0.9372,=35.5957,=42.4561,=70.1539,=107.6200,=196.9562,=7.5822,=0.9287,=2.9443,=4.1240,=4.8214,=6.6926,=9.0182,=8.7879,=0.7989,=3.1319,=4.5008,=5.4750,=8.8745,=13.2586,=0.0135,=0.0347,=0.0045,=0.0026,=7715
="990001",中华半导体芯片,2019-03-18,=0.0627,=16336.1718,=0.3514,=164.0620,=1,=33.1780,=61.1595,=83.8967,=113.5302,=164.0620,=8.7658,=0.9596,=3.1429,=4.2497,=5.2781,=7.3394,=10.9977,=13.0678,=1,=3.3238,=6.0598,=7.0740,=9.0094,=13.0678,=0.0177,=0.0410,=0.0101,=0.0013,=1367
="000689",科创材料,2022-08-15,=0.0327,=1534.4200,=0.2657,=165.9698,=0.9412,=38.7753,=45.0664,=76.9122,=141.1210,=199.6324,=5.3324,=0.9922,=1.9307,=2.5616,=3.1499,=4.3798,=5.8296,=6.5341,=0.9489,=2.1963,=3.1165,=3.9910,=4.9147,=7.1569,=0.0126,=0.0258,=0.0058,=0.0031,=30
="931865",中证半导,2019-03-20,=0.0627,=6916.0800,=0.3975,=167.5436,=1,=32.8138,=43.9376,=72.3112,=106.5810,=167.5436,=11.3409,=1,=3.3892,=4.1309,=5.0419,=6.5557,=11.3409,=18.9720,=1,=6.4190,=7.6711,=8.6043,=11.9020,=18.9720,=0.0168,=0.0580,=0.0153,=0.0010,=182
="950125",科创半导体材料设备,2024-07-26,=0.0618,=3053.1500,=0.4212,=173.9326,=0.9650,=70.4245,=114.6618,=126.1738,=154.7673,=184.6174,=7.6213,=1,=2.8469,=4.7232,=5.2154,=6.4349,=7.6213,=16.2716,=0.9814,=7.2923,=10.8019,=12.6508,=14.3548,=16.5622,=0.0075,=0.0371,=0.0094,=0.0007,=99
="000685",科创芯片,2022-06-13,=0.0577,=3832.2200,=0.4664,=185.7272,=0.8911,=42.1555,=64.4283,=115.8612,=173.6546,=235.0390,=10.5084,=1,=3.1235,=4.0336,=4.9860,=6.2472,=10.5084,=19.9834,=1,=7.4796,=9.9771,=12.0597,=14.2172,=19.9834,=0.0152,=0.0415,=0.0074,=0.0009,=439
="950161",科创新药,2024-08-23,=0.0279,=1294.6700,=0.0540,=187.3312,=0.0170,=177.9867,=-603.0741,=-139.3480,=-88.0051,=1578.9342,=9.2457,=0.5353,=4.9324,=6.5370,=9.0333,=10.5021,=12.9042,=11.9742,=0.3990,=8.4204,=10.2222,=12.6538,=14.5557,=17.6998,=0.0059,=0.0403,=-0.0091,=0.0013,=7
="950162",科创芯片设计,2024-07-26,=0.0681,=2799.8400,=0.5050,=192.6930,=0.0466,=161.6128,=238.2064,=283.9507,=387.2558,=687.1301,=15.7829,=1,=4.2582,=7.5349,=8.6884,=12.3775,=15.7829,=23.6046,=0.9977,=8.7765,=14.3487,=16.4097,=20.3630,=23.6998,=0.0309,=0.0713,=0.0107,=0.0013,=35
="980017",国证芯片,2015-02-17,=0.0632,=16980.7800,=0.3385,=193.8046,=1,=30.3742,=55.4535,=78.2788,=104.4667,=193.8046,=8.7904,=0.9656,=3.1638,=4.0768,=5.6187,=7.3372,=10.4020,=13.6402,=1,=3.6283,=5.7639,=6.6156,=7.9019,=13.6402,=0.0146,=0.0397,=0.0130,=0.0011,=2578
="399020",创业小盘,2023-11-15,=0.0158,=2106.4900,=0.1849,=195.5959,=0.6773,=48.5170,=80.7272,=146.7110,=215.3987,=256.8495,=4.3394,=1,=1.8521,=2.4301,=3.1772,=3.7283,=4.3394,=4.2092,=0.9849,=1.9895,=2.5521,=3.1318,=3.7419,=4.2999,=0.0115,=0.0199,=0.0104,=0.0050,=11
="000680",科创综指,2025-01-20,=0.0337,=2106.9700,=0.2873,=202.6695,=0.3023,=115.7401,=145.9977,=213.7482,=235.7061,=278.5830,=6.7183,=1,=3.4337,=3.9217,=5.0597,=5.6154,=6.7183,=8.7731,=1,=4.7291,=5.4262,=6.9102,=7.6959,=8.7731,=0.0091,=0.0262,=0.0033,=0.0028,=183
="1000014",科创板全指,2019-07-22,,,,=202.8008,=0.8906,=34.6058,=58.1295,=76.1843,=125.7385,=267.8356,=6.6477,=0.8554,=2.4875,=3.7722,=4.7658,=6.3578,=9.5957,=8.7157,=0.7418,=3.3799,=5.1564,=6.4107,=9.8084,=14.1086,=0.0091,=0.0255,=0.0035,=0.0028,=1281
="932000",中证2000,2023-08-11,=0.0114,=3731.6100,=0.1650,=230.8663,=1,=44.0427,=57.8261,=82.1798,=154.0203,=230.8663,=3.2913,=1,=1.5089,=1.9543,=2.3162,=2.8245,=3.2913,=2.6394,=1,=1.1809,=1.5353,=1.8111,=2.3065,=2.6394,=0.0098,=0.0154,=0.0097,=0.0061,=1116
="931594",卫星产业,2020-12-22,=0.0135,=1314.2316,=0.1641,=261.5508,=0.8615,=44.5603,=95.3119,=127.4858,=226.7757,=428.4930,=7.0122,=0.9969,=2.3588,=3.0441,=3.4845,=3.9431,=7.6413,=10.3358,=0.9954,=3.4655,=4.5259,=5.1330,=5.9625,=11.4514,=0.0019,=0.0317,=0.0057,=0.0022,=160
="000699",科创200,2024-08-20,=0.0295,=1792.5600,=0.3583,=268.1034,=0.4927,=128.9087,=179.5779,=268.7830,=317.7392,=388.1174,=5.4034,=1,=1.9770,=2.9959,=3.3837,=4.3997,=5.4034,=7.9644,=0.9296,=3.3605,=5.0728,=5.8305,=6.9772,=8.3761,=0.0066,=0.0165,=0.0029,=0.0034,=127
="980018",卫星通信,2015-02-17,=0.0233,=6443.1500,=0.2055,=553.3495,=0.9560,=23.6003,=28.8711,=38.1082,=55.1179,=1063.4314,=7.0059,=0.9974,=1.7225,=2.0492,=2.5439,=4.2207,=7.7241,=6.8194,=0.9942,=1.5054,=1.8008,=2.2842,=3.0636,=7.7238,=0.0054,=0.0181,=0.0298,=0.0019,=109
="H30182",计算机,2013-07-15,=0.0011,=7614.7100,=-0.0062,=1194.2725,=0.9013,=33.2527,=55.0232,=100.1036,=267.8804,=65313.4473,=4.7741,=0.8502,=2.4295,=3.5762,=4.0878,=4.6443,=5.8765,=4.6963,=0.7805,=2.3635,=3.5750,=4.1470,=4.7543,=7.6223,=-0.0024,=0.0033,=-0.0042,=0.0042,=47
="931992",疫苗生物,2013-07-15,=0.0469,=1280.1200,=0.0604,=1550.1847,=1,=26.1322,=60.1961,=86.8598,=115.5097,=1550.1847,=2.7979,=0.2707,=2.3857,=2.7104,=3.0584,=3.6761,=5.0256,=5.3153,=0.6030,=3.7134,=4.7039,=5.1850,=5.5760,=6.4257,=0.0112,=0.0013,=0.0085,=0.0099,=29
="931151",光伏产业,2019-04-22,=0.0232,=3339.3877,=0.1685,=1784.2864,=0.9098,=9.5087,=20.3351,=37.7943,=67.2887,=2491.4939,=2.8982,=0.5624,=1.5562,=1.9227,=2.6280,=4.5063,=6.9801,=2.1860,=0.6063,=0.8897,=1.2391,=1.7768,=3.2670,=5.9137,=0.0016,=0.0012,=0.0005,=0.0073,=2702
="930781",中证影视,2016-02-04,=-0.0094,=1632.9350,=-0.0342,=2286.5991,=0.6378,=16.7066,=43.1495,=194.8340,=-60.8596,=6083.5065,=2.2756,=0.3998,=1.4352,=2.0571,=2.4072,=3.4461,=8.0265,=4.8349,=0.6440,=2.7079,=3.4931,=4.3471,=5.5833,=12.7528,=0.0049,=0.0185,=0.0219,=0.0085,=177
="950333",智选创新价值,2024-09-25,=0.0257,=2797.6100,=0.2310,=-369.7078,=0.7603,=62.6254,=106.9220,=-3811.1114,=-235.3123,=5158.8110,=3.3239,=1,=1.6564,=2.1390,=2.3466,=2.8189,=3.3239,=3.2420,=1,=1.6015,=2.1242,=2.4253,=2.9632,=3.2420,=-0.0002,=-0.0164,=-0.0030,=0.0045,=10
="1000009",深圳B股,1994-01-10,=-0.0053,=1170.7900,=-0.0742,=-135.4086,=0.9996,=6.5509,=10.0230,=16.0926,=22.0166,=61.4680,=0.7083,=0.4167,=0.5585,=0.6590,=0.7384,=0.9944,=1.4530,=0.4484,=0.3354,=0.3544,=0.4194,=0.4889,=0.7041,=1.0969,,=0.0028,=0.0115,=0.0353,=202
="931025",港股通地产,2017-11-06,,,=0.2453,=-63.2946,=0.7203,=1.3998,=5.4392,=8.2479,=-2.8241,=7833.8201,=0.5690,=0.5396,=0.0757,=0.2073,=0.4996,=0.8795,=1.4256,=1.0448,=0.9136,=0.0508,=0.1418,=0.5371,=0.8678,=1.5776,,=-0.0074,,=0.0314,=12
="000692",科创新能,2023-04-03,=0.0158,=1396.2500,=0.2061,=-55.0321,=0.6805,=13.9124,=18.7063,=48.6518,=-44.5990,=279.8956,=3.0599,=0.8850,=1.4486,=1.7721,=2.1794,=2.7776,=4.0229,=2.0655,=0.9251,=0.8667,=1.1488,=1.4072,=1.8989,=2.6157,=-0.0018,=-0.0642,=-0.0138,=0.0030,=32
="399393",国证地产,2012-08-20,=0.0204,=3170.2600,=0.0160,=-6.7450,=0.9963,=6.3321,=8.5850,=15.6415,=51.4849,=115902.4187,=0.9505,=0.3606,=0.5768,=0.8475,=1.1268,=1.8245,=2.5183,=0.7069,=0.5136,=0.3699,=0.5176,=0.6694,=1.2539,=1.7471,=-0.0014,=-0.0767,=0.0012,=0.0083,=1425
="931775",房地产,2013-07-15,=0.0190,=3020.1100,=0.0126,=-5.4403,=0.9963,=7.0141,=8.9821,=18.1910,=-528.1059,=1490.8370,=1.0246,=0.4608,=0.5750,=0.8420,=1.1097,=1.8018,=2.4742,=0.7715,=0.5375,=0.3617,=0.5329,=0.6972,=1.3229,=1.8650,=-0.0040,=-0.1024,=-0.0027,=0.0058,=916
="000816",细分地产,2012-04-11,,,=-0.0032,=-5.0436,=0.9942,=6.1299,=8.3282,=15.7195,=185.2295,=2488.2259,=0.9937,=0.4447,=0.5599,=0.8178,=1.0894,=1.8596,=2.5676,=0.6907,=0.5186,=0.3390,=0.4956,=0.6381,=1.2333,=1.8946,=-0.0038,=-0.1018,=-0.0024,=0.0044,=6
="399965",800地产,2012-12-21,=0.0204,=2633.2100,=-0.0025,=-4.4907,=0.9901,=5.5394,=8.0041,=14.1292,=23.1679,=59.7245,=0.7417,=0.2075,=0.5234,=0.7341,=1.0524,=1.8315,=2.5596,=0.4761,=0.4171,=0.2881,=0.4131,=0.5722,=1.1953,=1.8469,=-0.0020,=-0.0854,=0.0007,=0.0069,=199
="399983",地产等权,2013-11-22,=0.0203,=1889.7700,=-0.0724,=-2.9275,=0.9901,=5.0058,=7.3313,=10.5485,=16.7014,=75.5023,=0.6002,=0.1931,=0.4408,=0.6033,=1.1245,=1.8991,=2.8135,=0.3725,=0.2661,=0.2209,=0.3577,=0.5204,=1.0676,=1.7953,=-0.0053,=-0.0924,=-0.0025,=0.0037,=1008
=".NDX",纳斯达克100指数,1969-12-31,,,,,,,,,,,,,,,,,,,,,,,,,,,=0.0751,,=4227

数据来源于：理杏仁网站(lixinger.com)