指数代码,指数名称,发布时间,涨跌幅,收盘点位,今年以来涨跌幅,PE-TTM(当前值),PE-TTM(分位点%),PE-TTM(最小值),PE-TTM(20%分位点值),PE-TTM(50%分位点值),PE-TTM(80%分位点值),PE-TTM(最大正值),PB(当前值),PB(分位点%),PB(最小值),PB(20%分位点值),PB(50%分位点值),PB(80%分位点值),PB(最大正值),PS-TTM(当前值),PS-TTM(分位点%),PS-TTM(最小值),PS-TTM(20%分位点值),PS-TTM(50%分位点值),PS-TTM(80%分位点值),PS-TTM(最大正值),净资产收益率(ROE)(2026Q1),净资产收益率(ROE)(2025Q4),净资产收益率(ROE)(2025Q1),股息率,关注度
="931039",银行AH,2017-12-06,=0.0152,=12762.2300,=-0.0017,=6.0708,=0.8719,=3.2016,=4.0768,=5.2092,=5.9045,=7.9938,=0.5728,=0.5248,=0.3790,=0.4568,=0.5662,=0.7134,=1.0569,=2.2786,=0.8947,=1.0856,=1.4321,=1.7463,=2.1377,=2.9053,,=0.0881,,=0.0481,=98
="H11146",港股通内地金融,2010-06-02,=0.0288,=1153.1900,=0.0477,=6.2627,=0.5913,=3.2759,=4.5181,=6.0155,=6.7473,=9.2347,=0.6355,=0.4289,=0.3797,=0.4941,=0.6694,=0.8760,=1.1859,=1.6177,=0.8194,=0.6692,=0.9479,=1.2978,=1.5980,=2.1885,,=0.0970,,=0.0461,=41
="930792",HK银行,2016-04-22,=0.0305,=4950.2800,=0.1239,=6.9014,=0.8268,=3.2659,=4.4645,=5.8519,=6.7741,=9.5632,=0.6716,=0.6097,=0.3905,=0.4964,=0.6260,=0.8010,=1.0771,=2.6254,=0.9485,=1.0519,=1.5167,=1.8547,=2.3944,=3.1066,,=0.0901,,=0.0458,=755
="HSSCSOY",恒生港股通中国央企红利指数,2023-06-01,=0.0156,=4228.8300,=0.0518,=6.9366,=0.7895,=4.1647,=4.6318,=5.6524,=6.9850,=7.8218,=0.6436,=0.6448,=0.4381,=0.4946,=0.5910,=0.6872,=0.7455,=1.0875,=1,=0.5323,=0.5950,=0.7416,=0.9363,=1.0875,,=0.0921,,=0.0513,=240
="H30106",H300金融服务,2013-05-21,=0.0268,=1594.2500,=0.0535,=7.0349,=0.5205,=4.0175,=5.3653,=6.9684,=7.7687,=11.1922,=0.7545,=0.5237,=0.4470,=0.5779,=0.7432,=0.9081,=1.2489,=2.0108,=0.8793,=0.8557,=1.1817,=1.4646,=1.8865,=2.3593,,=0.1014,,=0.0442,=21
="399986",中证银行,2013-07-15,=0.0109,=7401.9100,=-0.0265,=7.1691,=0.8744,=4.1183,=5.2645,=6.2817,=6.8499,=9.0846,=0.6829,=0.4250,=0.4848,=0.5838,=0.7191,=0.8984,=1.2416,=2.6911,=0.9172,=1.4134,=1.7845,=2.1422,=2.5021,=3.3016,=0.0226,=0.0881,=0.0236,=0.0411,=9560
="931233",港股通央企红利,2017-06-28,=0.0168,=1188.4100,=0.0194,=7.4498,=0.8003,=3.6988,=4.9580,=6.3375,=7.4458,=14.0775,=0.7008,=0.6271,=0.3929,=0.5224,=0.6450,=0.8603,=1.8161,=1.0115,=0.5744,=0.4645,=0.6222,=0.9481,=1.3904,=1.7583,,=0.0906,,=0.0502,=450
="931024",港股通非银,2017-11-06,=0.0239,=3967.6400,=-0.0759,=7.5056,=0.0231,=6.7549,=8.6151,=11.0790,=13.3596,=22.4310,=1.0215,=0.4514,=0.6237,=0.8485,=1.0470,=1.2233,=1.7592,=1.2568,=0.8193,=0.5870,=0.8754,=1.0138,=1.2278,=2.2002,,=0.1344,,=0.0390,=192
="000018",180金融,2007-12-10,=0.0190,=5406,=-0.0900,=7.5341,=0.5119,=5.2016,=6.4321,=7.4972,=8.3000,=10.8609,=0.7681,=0.3002,=0.5902,=0.6966,=0.8734,=1.0695,=1.4199,=2.2624,=0.8476,=1.2355,=1.5826,=1.9486,=2.2069,=2.8772,=0.0229,=0.0959,=0.0245,=0.0386,=777
="987016",港股通红利低波,2021-11-18,,,=0.0830,=7.5504,=0.9369,=3.4544,=4.3013,=4.9288,=6.7887,=8.0054,=0.6976,=0.9090,=0.4152,=0.4876,=0.5386,=0.6611,=0.7529,=1.2298,=0.9279,=0.5827,=0.6595,=0.7935,=1.1099,=1.3012,,=0.0893,,=0.0511,=153
="399809",保险主题,2015-02-13,=0.0280,=2208.8600,=-0.1721,=7.5793,=0.3451,=5.4537,=6.8119,=10.5187,=15.0228,=22.8725,=0.8130,=0.3196,=0.6352,=0.7660,=1.2248,=1.4853,=1.9794,=2.2076,=0.9452,=0.5239,=0.8689,=1.0979,=1.5135,=2.3772,=0.0227,=0.1015,=0.0246,=0.0383,=1494
="HSMCHYI",恒生中国内地企业高股息率指数,2019-09-01,=0.0156,=3003.1800,=0.0792,=7.5901,=0.9533,=3.7550,=5.0475,=5.8189,=6.7618,=7.9027,=0.7607,=0.8838,=0.4590,=0.5786,=0.6402,=0.7396,=0.8175,=1.1538,=0.9449,=0.5101,=0.6879,=0.7972,=0.9114,=1.2126,,,,=0.0493,=279
="000818",细分金融,2012-04-11,=0.0191,=6695.3400,=-0.0932,=7.6170,=0.4786,=5.2356,=6.4985,=7.6831,=8.4792,=10.9951,=0.7767,=0.2908,=0.5930,=0.7010,=0.8902,=1.0927,=1.4303,=2.3071,=0.8418,=1.2689,=1.6360,=1.9855,=2.2606,=2.9111,=0.0231,=0.0956,=0.0246,=0.0380,=7
="H11140",香港红利,2009-07-23,=0.0181,=4020.4000,=0.1011,=7.6231,=0.7696,=3.0693,=4.4554,=5.9845,=8.0587,=13.9623,=0.7196,=0.6162,=0.3833,=0.5103,=0.6299,=0.8659,=1.1652,=1.2128,=0.6960,=0.5431,=0.7464,=0.9728,=1.4901,=2.1349,,=0.0912,,=0.0516,=47
="HSHDYI",恒生高股息率指数,2012-12-10,=0.0109,=1302.3700,=0.0211,=7.7496,=0.7836,=3.6777,=4.8617,=6.6099,=7.8176,=10.6953,=0.7113,=0.5607,=0.4041,=0.5047,=0.6486,=0.9071,=1.1746,=1.1261,=0.5583,=0.5013,=0.7009,=1.0665,=1.4996,=1.9871,,,,=0.0525,=912
="HSHYLV",恒生港股通高股息低波动指数,2017-05-08,=0.0106,=4516.1800,=0.0108,=7.7793,=0.8636,=3.5572,=4.6455,=5.9889,=7.2139,=9.5068,=0.7005,=0.6826,=0.3828,=0.4851,=0.5809,=0.8151,=1.1073,=0.9379,=0.5800,=0.4386,=0.6557,=0.8495,=1.4147,=2.0623,,,,=0.0518,=1513
="000914",300金融,2007-07-02,=0.0189,=6066.6300,=-0.0969,=7.9660,=0.5465,=5.2769,=6.6035,=7.8376,=8.5959,=11.3863,=0.7730,=0.2825,=0.5962,=0.7048,=0.9115,=1.1326,=1.4919,=2.1702,=0.8604,=1.1210,=1.4313,=1.8124,=2.0918,=2.7052,=0.0223,=0.0897,=0.0236,=0.0376,=343
="932596",港股通红利低波,2016-02-04,=0.0179,=4199.7200,=0.0827,=7.9801,=0.3933,=7.4451,=7.8406,=8.0667,=8.2767,=8.5745,=0.7485,=0.6180,=0.6528,=0.6979,=0.7322,=0.7595,=0.7956,=1.3332,=0.5393,=1.2161,=1.2848,=1.3270,=1.3602,=1.4099,,=0.0894,,=0.0487,=91
="HSSCHKY",恒生港股通高股息率指数,2019-11-01,=0.0139,=2706.5200,=0.0923,=7.9855,=0.9502,=3.8979,=4.9492,=5.8875,=7.2156,=8.4533,=0.7126,=0.8722,=0.4277,=0.5172,=0.5780,=0.6838,=0.8197,=1.2426,=0.9263,=0.5333,=0.6968,=0.8756,=1.1222,=1.3442,,,,=0.0504,=492
="930914",港股通高股息,2016-11-25,=0.0123,=5210.4500,=0.0595,=8.0016,=0.8218,=3.4280,=4.4201,=5.9257,=7.8272,=11.1979,=0.7710,=0.7171,=0.3979,=0.5022,=0.6159,=0.8526,=1.1764,=1.2678,=0.8086,=0.5144,=0.7042,=0.9225,=1.2585,=2.2126,,=0.0918,,=0.0502,=705
="H30270",红利价值,2013-12-19,=0.0131,=9695.0400,=0.0171,=8.0080,=0.7715,=4.4543,=5.4322,=6.7622,=8.7114,=13.0955,=0.8050,=0.6119,=0.5256,=0.6488,=0.7638,=1.2450,=1.7317,=1.6229,=0.9917,=0.5854,=0.8117,=0.9995,=1.2968,=1.6637,=0.0235,=0.0936,=0.0240,=0.0415,=198
="931157",SHS红利成长LV,2019-04-25,=0.0122,=7268.4000,=-0.0249,=8.0254,=0.6966,=4.1261,=5.5915,=6.9154,=8.3348,=11.5318,=0.8048,=0.4895,=0.5154,=0.6258,=0.8080,=0.9242,=1.5888,=1.5699,=0.9446,=0.5018,=0.7114,=1.0386,=1.4086,=1.6439,,=0.0964,,=0.0473,=335
="930992",沪港深红利低波,2017-06-28,=0.0095,=5558,=-0.0017,=8.0618,=0.8999,=4.0130,=5.1636,=5.8828,=7.7635,=8.5109,=0.7522,=0.8935,=0.4277,=0.5369,=0.5906,=0.7256,=0.7950,=1.1925,=0.8163,=0.4496,=0.6005,=0.8572,=1.1867,=1.3912,,=0.0878,,=0.0492,=48
="HSSCHYS",恒生港股通红利优选指数,2023-06-01,=0.0141,=5097.2000,=0.0975,=8.0639,=0.8391,=4.2457,=4.7281,=5.7809,=7.8672,=9.0746,=0.7529,=0.8539,=0.4429,=0.4987,=0.5833,=0.7380,=0.8283,=1.2320,=1,=0.6036,=0.6744,=0.8772,=1.0358,=1.2320,,,,=0.0575,=85
="000934",中证金融,2009-07-03,=0.0204,=5653.6000,=-0.0982,=8.2315,=0.5601,=5.7083,=6.8952,=8.0859,=8.8699,=11.5527,=0.7804,=0.2739,=0.6117,=0.7182,=0.9172,=1.1485,=1.5017,=2.1697,=0.8637,=1.1467,=1.4503,=1.8026,=2.0807,=2.6696,=0.0220,=0.0873,=0.0231,=0.0368,=1153
="HSCSOE",恒生中国央企指数,2023-01-01,=0.0180,=3929.8800,=0.0932,=8.2333,=0.9243,=4.9972,=5.5494,=6.1593,=7.7387,=8.5526,=0.7895,=0.9041,=0.5264,=0.5922,=0.6333,=0.7570,=0.8375,=0.9785,=0.9207,=0.5404,=0.5946,=0.6676,=0.8639,=1.0234,,=0.0956,,=0.0464,=112
="000029",180价值,2009-01-09,=0.0149,=4163.1200,=-0.0651,=8.4296,=0.7673,=5.6894,=6.9094,=7.8873,=8.5058,=10.8138,=0.8085,=0.2150,=0.6666,=0.8038,=0.8607,=1.0650,=1.4433,=1.0952,=0.8699,=0.6198,=0.7826,=0.9448,=1.0696,=1.4032,=0.0228,=0.0896,=0.0243,=0.0404,=560
="H50040",上红低波,2014-03-21,=0.0099,=11024.5600,=-0.0002,=8.4601,=0.7834,=4.6938,=5.9513,=7.0871,=9.6317,=14.3118,=0.8458,=0.5346,=0.5647,=0.6911,=0.8351,=1.3563,=1.8756,=1.6484,=0.9901,=0.6380,=0.8693,=1.2019,=1.4012,=1.6845,=0.0234,=0.0936,=0.0244,=0.0420,=363
="H30269",红利低波,2013-12-19,=0.0091,=11116.8200,=-0.0110,=8.4614,=0.7801,=4.5638,=5.5488,=6.8792,=9.4763,=14.4342,=0.8553,=0.5869,=0.5386,=0.6570,=0.8017,=1.3862,=1.9670,=1.6353,=0.9914,=0.6111,=0.8850,=1.0984,=1.4166,=1.6703,=0.0236,=0.0946,=0.0236,=0.0427,=4334
="000992",全指金融,2011-08-02,=0.0202,=5411.3700,=-0.0963,=8.4645,=0.5741,=5.9310,=7.1035,=8.2725,=9.0286,=11.6339,=0.7829,=0.2731,=0.6188,=0.7236,=0.9261,=1.1608,=1.5107,=2.1538,=0.8587,=1.1568,=1.4434,=1.8068,=2.0773,=2.6668,=0.0217,=0.0846,=0.0227,=0.0362,=2700
="931446",东证红利低波,2020-04-21,=0.0131,=3363.8000,=-0.0229,=8.6194,=0.8320,=5.1478,=6.1762,=7.1379,=8.5375,=11.0216,=0.8176,=0.6866,=0.5884,=0.6956,=0.7648,=0.8723,=1.2481,=1.5625,=0.9855,=0.5909,=0.7544,=0.8880,=1.3243,=1.5979,=0.0224,=0.0895,=0.0240,=0.0414,=848
="000922",中证红利,2008-05-26,=0.0149,=5649.5000,=0.0264,=8.6768,=0.8159,=5.1762,=6.0261,=7.6592,=8.6151,=11.2156,=0.8367,=0.4728,=0.5911,=0.7113,=0.8516,=1.1086,=1.4999,=1.2830,=0.8913,=0.6332,=0.7731,=1.0443,=1.2284,=1.7101,=0.0233,=0.0895,=0.0228,=0.0417,=20084
="931130",红利成长低波,2018-12-04,=0.0080,=23450.6400,=-0.0112,=8.7186,=0.7997,=4.4465,=5.5778,=7.8249,=8.7201,=11.5512,=0.8646,=0.3798,=0.5279,=0.6245,=0.9003,=1.0302,=1.5803,=1.9230,=0.8052,=0.3109,=0.8137,=1.3197,=1.9167,=2.5957,=0.0231,=0.0934,=0.0229,=0.0418,=148
="000821",300红利,2012-07-20,=0.0096,=6702.2900,=0.0045,=8.7856,=0.8756,=4.9998,=6.1945,=7.5631,=8.4564,=10.9286,=0.8541,=0.4633,=0.5725,=0.7149,=0.8697,=1.0795,=1.4919,=1.4257,=0.9337,=0.6098,=0.7997,=1.0658,=1.3202,=1.6963,=0.0235,=0.0916,=0.0239,=0.0427,=999
="000151",上国红利,2012-07-20,=0.0140,=1669.7300,=0.0930,=8.8550,=0.9819,=4.5075,=5.3671,=6.9477,=7.7649,=10.0345,=0.7742,=0.5502,=0.5268,=0.6196,=0.7537,=0.9660,=1.3272,=1.0942,=0.5115,=0.6026,=0.8954,=1.0835,=1.3106,=1.6854,=0.0218,=0.0803,=0.0258,=0.0422,=220
="000063",上证周期,2010-02-03,=0.0236,=3681.8800,=-0.0926,=8.8779,=0.6129,=5.4761,=7.1368,=8.5989,=9.4369,=12.4946,=0.9091,=0.3884,=0.6668,=0.8369,=0.9610,=1.1068,=1.4831,=1.5791,=0.9337,=0.8113,=1.0639,=1.2497,=1.4451,=1.7571,=0.0245,=0.0975,=0.0256,=0.0373,=206
="000015",红利指数,2005-01-04,=0.0131,=3279.1000,=0.0795,=8.8952,=0.9712,=4.6646,=5.5109,=7.0898,=8.0468,=10.4439,=0.8438,=0.6157,=0.5525,=0.6399,=0.7661,=1.0177,=1.3875,=1.4971,=0.9613,=0.7277,=0.8915,=1.1362,=1.3357,=1.6890,=0.0233,=0.0885,=0.0212,=0.0401,=14189
="931479",证券保险,2020-05-06,=0.0329,=894.1100,=-0.1586,=8.9277,=0.0196,=8.4973,=11.8316,=13.4758,=15.5243,=21.1012,=1.2010,=0.1869,=1.0296,=1.2199,=1.3765,=1.5658,=2.2844,=1.6238,=0.6491,=1.0318,=1.2721,=1.4581,=1.7898,=2.2879,=0.0256,=0.1317,=0.0302,=0.0300,=36
="000824",国企红利,2012-07-20,=0.0114,=2189.3500,=0.0322,=9.0692,=0.9592,=4.8847,=5.9432,=7.3387,=8.4286,=10.7823,=0.8652,=0.5626,=0.5610,=0.6881,=0.8282,=1.0592,=1.4469,=1.3198,=0.8867,=0.5370,=0.7018,=0.9868,=1.2536,=1.6834,=0.0232,=0.0892,=0.0226,=0.0414,=943
="399373",大盘价值,2010-01-04,=0.0086,=8066.6400,=-0.0592,=9.0737,=0.7788,=5.4746,=6.8624,=8.3624,=9.1140,=11.9914,=0.9090,=0.4382,=0.6410,=0.8034,=0.9451,=1.1406,=1.5001,=1.1588,=0.8394,=0.5920,=0.7822,=0.9285,=1.1430,=1.4541,=0.0236,=0.0939,=0.0248,=0.0420,=329
="931644",800红利,2024-03-15,=0.0101,=2636.3700,=0.0330,=9.0842,=0.8284,=6.4729,=7.3281,=8.3604,=9.0597,=9.4757,=0.8782,=0.6347,=0.7001,=0.7712,=0.8602,=0.9074,=0.9431,=1.3284,=0.9539,=0.8423,=0.9260,=1.1318,=1.2969,=1.3602,=0.0236,=0.0906,=0.0231,=0.0427,=31
="000919",300价值,2008-01-21,=0.0108,=5059.1600,=-0.0488,=9.1138,=0.7364,=5.9577,=7.3294,=8.4501,=9.2436,=12.2376,=0.8984,=0.3398,=0.6917,=0.8498,=0.9393,=1.1479,=1.5388,=1.1146,=0.8217,=0.6314,=0.7862,=0.9061,=1.1062,=1.3421,=0.0228,=0.0921,=0.0242,=0.0399,=4323
="H30035",300非银,2012-12-21,=0.0308,=9286.7600,=-0.1673,=9.1183,=0.0095,=8.6966,=12.9328,=15.1662,=19.3481,=26.3489,=1.2177,=0.1120,=1.0544,=1.3127,=1.6265,=2.0474,=2.4387,=1.6519,=0.4605,=1.0410,=1.4193,=1.7186,=1.9724,=2.3917,=0.0253,=0.1294,=0.0297,=0.0293,=1207
="399805",互联金融,2015-02-10,=0.0284,=2839.7100,=-0.2622,=9.1215,=0.1330,=7.5943,=9.7397,=11.4257,=13.1588,=16.5816,=0.9497,=0.1017,=0.7644,=1.0456,=1.4152,=1.7255,=2.0317,=1.7509,=0.7582,=1.1667,=1.4082,=1.6148,=1.7935,=2.2636,=0.0238,=0.0940,=0.0248,=0.0358,=328
="HSCCI",恒生香港中资企业指数,1997-06-16,=0.0129,=4315.8100,=0.0748,=9.1315,=0.5404,=4.8859,=6.8732,=8.8788,=11.7533,=16.1208,=0.8642,=0.4925,=0.5567,=0.7305,=0.8672,=1.1682,=1.3660,=0.9824,=0.4884,=0.5555,=0.7807,=0.9882,=1.3580,=1.5178,,=0.0951,,=0.0548,=33
="930740",300红利LV,2018-12-04,=0.0064,=7074.6500,=-0.0132,=9.1418,=0.8968,=5.4153,=6.8262,=7.5205,=8.6941,=9.6903,=0.9138,=0.6943,=0.6159,=0.7719,=0.8585,=0.9460,=1.0604,=1.3933,=0.7420,=0.6725,=0.8566,=1.0783,=1.4898,=1.9253,=0.0239,=0.0932,=0.0223,=0.0422,=619
="930955",红利低波100,2017-05-26,=0.0100,=11598.7300,=-0.0163,=9.1500,=0.8592,=5.0805,=6.0693,=7.4220,=8.6130,=11.5013,=0.8968,=0.6510,=0.5792,=0.6661,=0.8277,=0.9898,=1.3722,=1.3812,=0.8251,=0.5888,=0.7781,=0.9906,=1.3579,=1.7525,=0.0234,=0.0928,=0.0257,=0.0440,=2173
="000825",央企红利,2012-07-20,=0.0123,=3403.5300,=-0.0144,=9.3841,=0.9687,=4.7369,=6.0989,=7.3116,=8.3836,=10.5687,=0.8978,=0.5947,=0.5507,=0.6916,=0.8603,=0.9981,=1.3929,=1.2487,=0.8678,=0.6009,=0.8549,=1.0649,=1.2181,=1.7357,=0.0224,=0.0902,=0.0228,=0.0409,=348
="931848",800红利低波,2024-05-21,=0.0067,=3200.6300,=0.0111,=9.4589,=0.7840,=7.4155,=8.2209,=9.0895,=9.4790,=9.7854,=0.9376,=0.5900,=0.7315,=0.8624,=0.9209,=0.9701,=1.0024,=1.3741,=0.7380,=1.1714,=1.2335,=1.3483,=1.3819,=1.5428,=0.0237,=0.0929,=0.0230,=0.0417,=146
="000968",300周期,2010-05-28,=0.0243,=4187.8900,=-0.0794,=9.5397,=0.6120,=6.1174,=7.8172,=9.1559,=10.2878,=13.3562,=0.9394,=0.3694,=0.7021,=0.8488,=1.0041,=1.1778,=1.5550,=1.5761,=0.8925,=0.8459,=1.0847,=1.2656,=1.4923,=1.8297,=0.0243,=0.0922,=0.0244,=0.0355,=98
="932305",智选高股息,2024-09-30,=0.0071,=11694.4800,=0.0479,=9.5539,=0.8264,=7.0143,=7.4871,=8.3453,=9.4654,=10.9391,=1.0538,=0.5281,=0.8750,=0.9237,=1.0522,=1.0852,=1.1675,=0.5273,=0.0098,=0.5232,=0.7274,=0.7825,=1.2754,=1.3342,=0.0253,=0.1000,=0.0324,=0.0593,=312
="HSML25",恒生中国(香港上市)30指数,2003-01-20,=0.0192,=8758.3500,=-0.0744,=9.5617,=0.6155,=5.7712,=7.9395,=9.0696,=10.2875,=13.0207,=1.0417,=0.3881,=0.7256,=0.9437,=1.0793,=1.2096,=1.5098,=1.7302,=0.7954,=0.9123,=1.1547,=1.4192,=1.7361,=2.4187,,=0.1051,,=0.0347,=270
="399966",800证保,2012-12-21,=0.0334,=5571.3200,=-0.1575,=9.5821,=0.0107,=9.1408,=13.6803,=15.9946,=19.7371,=27.1945,=1.2224,=0.1120,=1.0619,=1.3096,=1.6085,=2.0402,=2.4366,=1.7814,=0.5012,=1.1634,=1.5249,=1.7805,=2.0449,=2.5211,=0.0247,=0.1256,=0.0286,=0.0282,=173
="H30588",中证证保,2015-02-02,=0.0335,=946.0100,=-0.1576,=9.5858,=0.0103,=9.1443,=13.6416,=16.0866,=19.5888,=27.6808,=1.2212,=0.1067,=1.0752,=1.3101,=1.6147,=2.0363,=2.4238,=1.7841,=0.5243,=1.1673,=1.5178,=1.7651,=2.0127,=2.5500,=0.0246,=0.1254,=0.0286,=0.0282,=470
="H30356",800价值,2014-06-09,=0.0145,=6337.6700,=-0.0465,=9.7898,=0.7479,=6.4024,=7.6968,=9.0469,=9.9527,=13.4784,=0.9558,=0.4483,=0.7030,=0.8630,=0.9874,=1.1710,=1.6287,=1.0871,=0.8068,=0.5868,=0.7389,=0.8831,=1.0833,=1.3738,=0.0232,=0.0908,=0.0237,=0.0382,=31
="930723",沪港深F100,2015-08-05,=0.0138,=5010.3500,=-0.0160,=9.9194,=0.7075,=5.4557,=7.5729,=9.0329,=10.1685,=13.1279,=0.9779,=0.4411,=0.6469,=0.8477,=1.0095,=1.1158,=1.4626,=1.2826,=0.7917,=0.6039,=0.8635,=1.0804,=1.2883,=1.6654,,=0.0918,,=0.0385,=151
="932422",A500红利低波,2025-04-09,=0.0071,=3020.5000,=-0.0266,=9.9277,=0.2667,=9.5190,=9.8695,=10.0791,=10.2337,=10.5846,=1.0076,=0.1158,=0.9733,=1.0225,=1.0419,=1.0565,=1.0978,=1.2899,=0.1509,=1.2431,=1.2995,=1.4226,=1.4712,=1.5336,=0.0241,=0.0948,,=0.0417,=325
="HSCESI",恒生中国企业精明指数,2015-06-08,=0.0190,=12075.9600,=-0.0598,=9.9317,=0.7840,=6.0524,=7.9104,=8.6571,=10.0571,=15.8114,=1.0359,=0.5806,=0.6924,=0.8960,=1.0073,=1.1579,=1.7191,=1.3945,=0.7638,=0.8034,=0.9995,=1.0898,=1.4384,=2.0876,,=0.1052,,=0.0341,=93
="HSCEI",恒生中国企业指数,1994-08-08,=0.0191,=8374.4300,=-0.0605,=9.9708,=0.7845,=6.0524,=7.9133,=8.6677,=10.0791,=15.8114,=1.0394,=0.5876,=0.6924,=0.8964,=1.0082,=1.1595,=1.7191,=1.3989,=0.7645,=0.8037,=1.0001,=1.0897,=1.4420,=2.0876,,=0.1052,,=0.0340,=4749
="931722",国新港股通央企红利,2023-09-13,=0.0102,=1388.0700,=0.0533,=9.9746,=0.8798,=5.5040,=6.6985,=7.6754,=9.4557,=10.8173,=0.9055,=0.7730,=0.6213,=0.7318,=0.8252,=0.9101,=1.0298,=0.6214,=0.8338,=0.3100,=0.3815,=0.4716,=0.6111,=0.6918,,=0.0875,,=0.0510,=352
="950090",50AH优选,2015-12-10,=0.0171,=6014.9900,=-0.0273,=9.9972,=0.8392,=6.3188,=7.9116,=8.6563,=9.8356,=13.5010,=1.0472,=0.5577,=0.7914,=0.9497,=1.0280,=1.1234,=1.5403,=1.3517,=0.9461,=0.6574,=0.8481,=0.9519,=1.0632,=1.4553,,=0.1007,,=0.0363,=2001
="932153",港股通价值策略,2025-04-30,=0.0193,=1119.4000,=0.0653,=10.0043,=0.3382,=8.1696,=9.7534,=10.1289,=10.3994,=10.9237,=0.8662,=0.3236,=0.7012,=0.8424,=0.8812,=0.9022,=0.9365,=1.0256,=0.4182,=0.8168,=0.9830,=1.0335,=1.0643,=1.1126,,=0.0812,,=0.0416,=10
="931069",中金300,2018-02-14,=0.0193,=4764.7800,=-0.0479,=10.0335,=0.7012,=5.9518,=7.5618,=9.2909,=10.4990,=13.6164,=1.0429,=0.4541,=0.7377,=0.9220,=1.0873,=1.3547,=1.8328,=1.3449,=0.8139,=0.6656,=0.8675,=1.1151,=1.3293,=1.7542,=0.0231,=0.0958,=0.0284,=0.0380,=93
="399995",基建工程,2015-03-12,=0.0076,=3725.1700,=-0.0464,=10.0566,=0.7533,=5.8673,=7.3449,=8.2814,=11.0800,=18.8590,=0.6417,=0.0086,=0.5815,=0.7252,=0.8990,=1.3398,=2.1834,=0.1836,=0.2533,=0.1368,=0.1788,=0.2044,=0.3404,=0.5478,=0.0129,=0.0543,=0.0158,=0.0273,=2691
="931375",300质量低波,2019-11-25,=0.0286,=15620.2500,=-0.0789,=10.0676,=0.3985,=6.4946,=8.1607,=11.3816,=13.5582,=22.0532,=1.2677,=0.4010,=0.8054,=1.0809,=1.5539,=2.0725,=3.3245,=1.7595,=0.5952,=1.0044,=1.3267,=1.6706,=2.0930,=2.5370,=0.0279,=0.1211,=0.0298,=0.0320,=111
="000042",上证央企,2009-03-30,=0.0111,=1739.9700,=-0.0394,=10.0698,=0.8027,=6.3284,=7.8865,=9.1838,=10.0542,=12.9577,=0.9815,=0.4876,=0.7230,=0.8874,=0.9852,=1.1137,=1.4812,=1.3042,=0.9708,=0.6569,=0.8569,=0.9782,=1.1378,=1.3891,=0.0224,=0.0920,=0.0234,=0.0362,=386
="932431",300质量,2025-03-18,=0.0136,=1923.4000,=-0.0601,=10.1343,=0.4934,=9.4685,=9.9743,=10.1350,=10.3075,=10.6435,=1.0865,=0.1026,=1.0616,=1.1037,=1.1294,=1.1444,=1.1853,=2.1571,=0.2517,=2.0194,=2.1474,=2.1990,=2.2414,=2.3259,=0.0253,=0.1012,=0.0271,=0.0362,=11
="000925",基本面50,2009-02-26,=0.0103,=4294.3100,=-0.0702,=10.1532,=0.8134,=6.2635,=7.9695,=9.1165,=10.0947,=12.7955,=0.9820,=0.3645,=0.7306,=0.9013,=1.0553,=1.1921,=1.5728,=1.0814,=0.7508,=0.6037,=0.7873,=0.9668,=1.1043,=1.4866,=0.0227,=0.0882,=0.0241,=0.0378,=4556
="930709",香港证券,2015-07-13,=0.0318,=1278.8900,=-0.0946,=10.2207,=0.2008,=6.3679,=10.2175,=12.8133,=14.8886,=24.4010,=0.9400,=0.4544,=0.5308,=0.7588,=0.9625,=1.2452,=1.6136,=3.9291,=0.7452,=1.7834,=2.5970,=3.1591,=4.1596,=5.9903,,=0.0828,,=0.0351,=505
="399550",央视50,2012-06-06,=0.0017,=8324.9700,=0.0288,=10.2824,=0.8402,=6.8960,=8.2823,=9.3079,=10.1558,=13.0561,=1.0201,=0.2232,=0.8649,=1.0147,=1.2375,=1.4259,=1.8564,=2.1360,=0.9213,=1.3448,=1.6572,=1.8149,=2.0533,=2.5217,=0.0237,=0.0945,=0.0248,=0.0386,=2273
="000859",国企一带一路,2019-05-16,=0.0144,=1869.4100,=0.0263,=10.2839,=0.1183,=9.4709,=10.6265,=12.5332,=14.5099,=21.0714,=0.9899,=0.0122,=0.9662,=1.1650,=1.4404,=1.7785,=2.1877,=1.1208,=0.9679,=0.4715,=0.5619,=0.7396,=0.8285,=1.1782,=0.0234,=0.0898,=0.0201,=0.0354,=265
="000806",消费服务,2012-02-10,=0.0124,=7576,=-0.1006,=10.2897,=0.3101,=9.0076,=10.0434,=10.8052,=11.8703,=17.0971,=1.0892,=0.0622,=1.0009,=1.1965,=1.3534,=1.5457,=2.0145,=2.1782,=0.5815,=1.6526,=1.9477,=2.1240,=2.3796,=3.0032,=0.0246,=0.1002,=0.0266,=0.0361,=422
="930608",中证基建,2015-03-31,=0.0142,=7638.7600,=-0.0999,=10.3159,=0.4621,=6.6667,=8.6242,=10.5043,=14.2141,=25.2863,=0.7055,=0.0070,=0.6550,=0.8153,=1.1080,=1.4752,=2.2134,=0.2154,=0.1623,=0.1701,=0.2209,=0.3363,=0.4804,=0.7101,=0.0141,=0.0583,=0.0170,=0.0293,=656
="930931",港股通50,2017-01-16,=0.0190,=3788.5400,=-0.0232,=10.3177,=0.5870,=6.5385,=8.7027,=9.8070,=11.3766,=15.8907,=1.0681,=0.4139,=0.7428,=0.9454,=1.0971,=1.1818,=1.6058,=1.8483,=0.7354,=1.1204,=1.4689,=1.7058,=1.9129,=2.6369,,=0.0979,,=0.0348,=293
="000056",上证国企,2010-01-04,=0.0181,=1234.9700,=-0.0099,=10.3444,=0.6849,=7.2538,=8.8797,=9.7307,=10.7944,=13.3187,=1.1445,=0.5853,=0.8518,=1.0315,=1.1227,=1.2155,=1.5455,=1.6839,=0.9481,=0.7909,=0.9991,=1.1121,=1.2366,=1.7805,=0.0264,=0.1060,=0.0271,=0.0364,=201
="399371",国证价值,2010-01-04,=0.0139,=7036.4100,=-0.0232,=10.3607,=0.7879,=6.4728,=7.8374,=9.0979,=10.4247,=13.0475,=0.9958,=0.4600,=0.7249,=0.8967,=1.0080,=1.2354,=1.5675,=1.0780,=0.7759,=0.5764,=0.7536,=0.8693,=1.0975,=1.3812,=0.0233,=0.0892,=0.0237,=0.0382,=137
="000021",180治理,2008-09-10,=0.0148,=1033.2300,=-0.0505,=10.4835,=0.7727,=6.3364,=8.4365,=9.7159,=10.5809,=13.6109,=1.1026,=0.5202,=0.7542,=0.9755,=1.0972,=1.2187,=1.5847,=1.4374,=0.9629,=0.6625,=0.8520,=0.9542,=1.1444,=1.4979,=0.0243,=0.0995,=0.0258,=0.0372,=166
="000048",责任指数,2009-08-05,=0.0127,=1336.5300,=-0.0942,=10.4854,=0.4835,=7.8628,=9.5558,=10.5321,=11.7730,=14.1982,=1.1229,=0.1598,=0.9056,=1.1409,=1.2983,=1.4403,=1.7866,=0.9264,=0.8114,=0.5718,=0.6943,=0.8009,=0.9213,=1.0691,=0.0224,=0.0991,=0.0247,=0.0395,=129
="931373",股息龙头,2019-11-15,=0.0120,=2698.7800,=-0.0306,=10.4919,=0.9020,=5.4295,=6.8866,=8.3430,=9.5506,=11.4004,=1.1244,=0.7971,=0.6697,=0.8494,=1.0107,=1.1261,=1.2586,=1.5355,=0.9246,=0.5706,=0.8134,=0.9862,=1.3862,=1.6262,=0.0258,=0.1004,=0.0264,=0.0396,=327
="930957",港股通中国100,2017-06-23,=0.0187,=3539.4200,=-0.0651,=10.5208,=0.7436,=5.4625,=7.5985,=8.9208,=10.8176,=13.3106,=1.1140,=0.5923,=0.6571,=0.8623,=1.0722,=1.2005,=1.5222,=1.4313,=0.8542,=0.6789,=0.9634,=1.1262,=1.3639,=1.6609,,=0.1031,,=0.0342,=15
="930839",港股通高息精选,2016-06-08,=0.0127,=3384.2200,=-0.0186,=10.5805,=0.6037,=4.9918,=7.1350,=9.3697,=13.2462,=31.7979,=1.3881,=0.7517,=0.7294,=0.9293,=1.0741,=1.5790,=4.8768,=1.1905,=0.4527,=0.3418,=0.5599,=1.2468,=1.9142,=6.3245,,=0.1433,,=0.0508,=374
="932450",香港现金流,2025-02-28,=0.0101,=1746.5100,=-0.1314,=10.5930,=0.8711,=6.6300,=8.1185,=9.8343,=10.4039,=12.1695,=0.7409,=0,=0.7409,=0.8547,=1.1725,=1.2879,=1.5038,=0.4577,=0,=0.4577,=0.5253,=0.9046,=1.0482,=1.2561,,=0.0828,,=0.0470,=10
="930846",300SNLV,2016-06-24,=0.0055,=6599.7200,=-0.0022,=10.6267,=0.7474,=7.7900,=9.2095,=10.0848,=10.7395,=12.6275,=1.0461,=0.2352,=0.8340,=1.0369,=1.0950,=1.2263,=1.5027,=1.5012,=0.9326,=0.7711,=0.9528,=1.1612,=1.3326,=1.6864,=0.0237,=0.0917,=0.0233,=0.0382,=149
="932457",港股通现金流,2025-02-28,=0.0152,=2027.2100,=0.0304,=10.7416,=0.6509,=7.5325,=8.9046,=10.1699,=11.4406,=12.3320,=1.0809,=0.0409,=1.0440,=1.1458,=1.2001,=1.3290,=1.5343,=0.8826,=0.1132,=0.7966,=0.9114,=0.9627,=1.2191,=1.4545,,=0.0990,,=0.0449,=41
="980081",价值100,2012-12-28,,,=0.0259,=10.7981,=0.8329,=7.7317,=8.3383,=8.6654,=10.1078,=11.5920,=1.1841,=0.8217,=0.8413,=0.8847,=0.9333,=1.1332,=1.3448,=1.1109,=0.8357,=0.7580,=0.8056,=0.9360,=1.0469,=1.2118,=0.0275,=0.0995,=0.0251,=0.0457,=395
="HSLI",恒生综合大型股指数,2001-10-03,=0.0199,=2269.1900,=-0.0576,=10.8546,=0.5822,=6.9327,=9.1247,=10.5210,=11.7507,=17.6478,=1.0948,=0.4458,=0.7133,=0.9434,=1.1159,=1.2415,=1.6032,=1.5111,=0.6301,=0.8297,=1.1856,=1.4276,=1.6322,=2.0023,,,,=0.0348,=101
="931052",国信价值,2017-12-08,=0.0101,=3541.6900,=0.0261,=10.8754,=0.9961,=5.3831,=6.5951,=7.4156,=8.7846,=11.0091,=1.3804,=0.9573,=0.7343,=0.9121,=1.0311,=1.1616,=1.5208,=1.7736,=0.9694,=0.6105,=0.9408,=1.2282,=1.4547,=2.0196,=0.0310,=0.1267,=0.0326,=0.0374,=571
="000901",小康指数,2010-04-02,=0.0151,=6023.5000,=-0.0505,=10.9162,=0.4806,=8.5492,=9.9921,=10.9753,=12.5378,=15.5671,=1.0150,=0.0210,=0.9844,=1.0857,=1.2397,=1.4331,=1.7818,=1.0342,=0.7068,=0.7500,=0.8907,=0.9714,=1.0556,=1.2662,=0.0231,=0.0878,=0.0238,=0.0342,=251
="399812",养老产业,2014-06-06,=0.0211,=5185.5800,=-0.1810,=11.0307,=0.0041,=10.6378,=18.0204,=20.4456,=25.3815,=31.4367,=1.6643,=0.0062,=1.5864,=2.0597,=2.8102,=3.2411,=4.2954,=1.3665,=0.0618,=1.2170,=1.4613,=1.6753,=1.8710,=2.5548,=0.0294,=0.1459,=0.0345,=0.0287,=6235
="HSAHP",恒生沪深港通AH股溢价指数,2007-07-09,=-0.0053,=120.6500,=-0.0228,=11.0967,=0.9530,=5.5550,=7.1430,=8.3401,=9.6772,=12.3156,=1.0849,=0.8085,=0.6208,=0.7734,=0.9226,=1.0810,=1.3863,=1.2664,=0.9285,=0.5653,=0.7668,=0.9030,=1.0785,=1.3750,,=0.0958,,=0.0321,=348
="000016",上证50,2004-01-02,=0.0158,=2890.8000,=-0.0463,=11.3319,=0.7430,=8.3126,=9.6354,=10.4581,=11.5440,=15.1108,=1.2003,=0.3044,=1.0245,=1.1674,=1.2376,=1.3329,=1.6482,=1.5346,=0.9329,=0.8665,=1.0164,=1.1267,=1.2795,=1.6440,=0.0249,=0.1007,=0.0262,=0.0324,=23483
="000052",50基本,2012-01-09,=0.0143,=2752.9500,=-0.0895,=11.3319,=0.7430,=8.3126,=9.6354,=10.4598,=11.5440,=15.1108,=1.2003,=0.3056,=1.0245,=1.1674,=1.2376,=1.3324,=1.6471,=1.5346,=0.9329,=0.8665,=1.0164,=1.1270,=1.2791,=1.6440,=0.0249,=0.1007,=0.0262,=0.0324,=26
="000043",超大盘,2009-04-23,=0.0120,=2521.6900,=-0.0363,=11.5605,=0.6116,=7.5271,=9.4628,=10.9300,=13.3221,=17.2195,=1.3093,=0.3377,=0.9803,=1.2138,=1.3542,=1.5047,=1.9858,=2.1626,=0.9576,=0.6740,=0.8574,=1.2417,=1.5174,=2.3305,=0.0268,=0.1053,=0.0277,=0.0331,=164
="HSISC",恒指港股通指数,2024-03-01,=0.0189,=3372.4100,=-0.0356,=11.6602,=0.6953,=7.5992,=8.6262,=10.1879,=11.9249,=12.8475,=1.2342,=0.6828,=0.8411,=0.9175,=1.1332,=1.2575,=1.3442,=1.5605,=0.6380,=0.9830,=1.1386,=1.4032,=1.6144,=1.7320,,,,=0.0336,=50
="HSLMI",恒生综合大中型股指数,2015-06-08,=0.0200,=3895.0500,=-0.0557,=11.7044,=0.6914,=7.0073,=9.3004,=10.5659,=12.3431,=17.7261,=1.1277,=0.5810,=0.6929,=0.9062,=1.0963,=1.2279,=1.5417,=1.3509,=0.7739,=0.6858,=0.9754,=1.1729,=1.3712,=1.6465,,,,=0.0333,=88
="1000010",上海B股,1994-01-10,,,,=11.7726,=0.0947,=6.8464,=12.9826,=19.1758,=37.2193,=68.1787,=0.8910,=0.1602,=0.7158,=0.9117,=1.0154,=1.2478,=1.7346,=0.6680,=0.6528,=0.3163,=0.4060,=0.5566,=0.7403,=1.2119,,,=0.0164,=0.0442,=129
="932255",A500红利增长,2025-04-09,=0.0134,=2982.7000,=-0.0180,=11.7879,=0.7930,=9.2509,=10.3788,=11.0213,=11.8023,=12.2754,=1.3276,=0.6702,=1.0684,=1.2362,=1.3019,=1.3678,=1.4369,=1.9399,=0.7193,=1.3292,=1.6780,=1.7990,=1.9656,=2.0549,=0.0280,=0.1066,,=0.0335,=36
="HSI",恒生指数,1989-03-09,=0.0193,=24718.1000,=-0.0356,=11.8237,=0.7227,=6.9462,=9.2273,=10.3061,=12.2410,=16.9606,=1.2424,=0.7361,=0.7519,=0.9718,=1.1249,=1.2661,=1.5570,=1.5176,=0.5966,=0.8141,=1.1481,=1.4333,=1.6542,=2.0895,,,,=0.0331,=13481
="931476",ESG 120策略,2020-04-30,=0.0146,=1473.2600,=0.0567,=11.9381,=0.8460,=7.8289,=9.6316,=10.6013,=11.7921,=13.2171,=1.3130,=0.6604,=1.0061,=1.1757,=1.2525,=1.3664,=1.7130,=1.5803,=0.9662,=0.7906,=1.0587,=1.1478,=1.3391,=1.6137,=0.0265,=0.1050,=0.0271,=0.0313,=51
="000010",上证180,2002-07-01,=0.0133,=9913.9300,=-0.0102,=12.0786,=0.7871,=8.4900,=9.9429,=10.9882,=12.1257,=14.6942,=1.2104,=0.3752,=0.9930,=1.1498,=1.2653,=1.3646,=1.6698,=1.4275,=0.9390,=0.8990,=1.0657,=1.1823,=1.3053,=1.4916,=0.0240,=0.0943,=0.0246,=0.0310,=2498
="931395",沪港深300,2020-01-14,=0.0125,=1726.3800,=0.0013,=12.2558,=0.6990,=8.3275,=10.0238,=10.8482,=12.5562,=16.6490,=1.2529,=0.5583,=0.9663,=1.1028,=1.2182,=1.3706,=1.7241,=1.5728,=0.7872,=0.9881,=1.1725,=1.3188,=1.5839,=1.8801,,=0.0964,,=0.0311,=503
="399313",巨潮100,2005-02-03,=0.0124,=5435.1500,=-0.0022,=12.3351,=0.7924,=8.9278,=10.3426,=11.0848,=12.3621,=16.6101,=1.2969,=0.3542,=1.0718,=1.2405,=1.3353,=1.4928,=1.8501,=1.5841,=0.9514,=0.9844,=1.1492,=1.2634,=1.4356,=1.6915,=0.0250,=0.0999,=0.0255,=0.0297,=209
="HSCAIT",恒生A股行业龙头指数,2009-09-21,=0.0146,=5479.4100,=-0.0490,=12.4068,=0.8976,=8.2192,=9.7822,=10.4684,=11.8051,=14.1027,=1.3097,=0.6660,=1.0288,=1.1845,=1.2642,=1.3563,=1.6997,=1.3429,=0.9387,=0.8424,=0.9734,=1.0502,=1.2131,=1.4109,=0.0256,=0.1023,=0.0256,=0.0342,=494
="931586",300价值稳健,2020-11-09,=0.0083,=7323.6200,=-0.0405,=12.5316,=0.7557,=8.1741,=9.6736,=11.1164,=12.7334,=15.0111,=1.4285,=0.6768,=0.9699,=1.1920,=1.3303,=1.5169,=1.6570,=1.4177,=0.8421,=0.7359,=0.8639,=0.9836,=1.0882,=1.5639,=0.0264,=0.1070,=0.0304,=0.0363,=42
="399807",高铁产业,2015-01-20,=0.0095,=1139.4300,=-0.0828,=12.5691,=0.4333,=9.4881,=11.2217,=12.8341,=15.6537,=24.3532,=0.7768,=0.0012,=0.7704,=0.9202,=1.0338,=1.5051,=2.3973,=0.4019,=0.3534,=0.3063,=0.3762,=0.4233,=0.4791,=0.6435,=0.0121,=0.0541,=0.0137,=0.0301,=590
="930629",CSSW健康,2015-05-08,=0.0253,=5043.0500,=-0.1193,=12.7206,=0.0041,=12.2266,=18.0395,=21.8398,=38.8607,=49.9253,=1.8237,=0.0095,=1.7351,=2.1742,=3.0785,=4.6051,=6.2998,=1.5814,=0.2389,=1.2755,=1.5576,=1.9215,=4.7278,=7.2978,=0.0270,=0.1388,=0.0324,=0.0240,=271
="931468",红利质量,2020-05-21,=0.0125,=32682.7200,=0.0373,=12.7431,=0.0014,=12.5562,=16.0637,=18.8620,=22.0329,=36.4689,=2.1845,=0.0020,=2.1523,=2.8639,=3.7778,=4.7230,=8.5636,=2.1525,=0.0735,=1.9811,=2.3465,=2.9160,=3.9574,=5.8829,=0.0381,=0.1637,=0.0476,=0.0321,=1138
="932039",央企股东回报,2022-11-16,=0.0114,=1605.5100,=0.0118,=12.7475,=0.9185,=8.0198,=9.6550,=10.9340,=11.9491,=13.8005,=1.2135,=0.8571,=0.8847,=1.0053,=1.1043,=1.1743,=1.4098,=0.8007,=0.9103,=0.3642,=0.4249,=0.5269,=0.6663,=0.8821,=0.0235,=0.0905,=0.0215,=0.0413,=130
="1000015",港股全指,2000-01-01,=0.0193,=24718.1000,=-0.0356,=12.9910,=0.7008,=7.5917,=10.2537,=11.3364,=13.5875,=19.1348,=1.0902,=0.5644,=0.6574,=0.8645,=1.0648,=1.1862,=1.5123,=1.1878,=0.6334,=0.6196,=0.8646,=1.1003,=1.2706,=1.5791,,,,=0.0327,=305
="930949",价值回报,2017-02-24,=0.0170,=13131.6400,=-0.0374,=13.0622,=0.8644,=5.5354,=8.1023,=10.0012,=12.2816,=17.5400,=2.0555,=0.7346,=1.2865,=1.4742,=1.7422,=2.1702,=3.1701,=1.4013,=0.9597,=0.5488,=0.7116,=0.8709,=1.2624,=1.7276,=0.0290,=0.1096,=0.0305,=0.0368,=29
="H30455",沪港深500,2014-11-28,=0.0138,=2611.0400,=-0.0174,=13.1236,=0.7798,=8.5690,=10.3719,=11.4314,=13.2127,=16.8903,=1.3290,=0.5896,=0.9675,=1.1610,=1.2884,=1.4055,=1.7307,=1.5804,=0.8875,=0.9518,=1.1784,=1.3167,=1.5041,=1.7787,,=0.0953,,=0.0297,=526
="931168",绿色价值100,2019-06-27,=0.0156,=1517.8200,=0.0205,=13.1697,=0.8690,=8.4906,=9.9750,=11.3275,=12.8486,=14.6050,=1.4582,=0.8862,=1.0223,=1.1882,=1.2800,=1.4056,=1.6052,=1.5596,=0.9336,=0.9649,=1.1294,=1.2486,=1.3526,=1.6482,=0.0274,=0.1011,=0.0242,=0.0303,=10
="000044",上证中盘,2009-07-03,=0.0117,=4711.1600,=0.0324,=13.2007,=0.5857,=8.6509,=10.4831,=12.5329,=14.6372,=18.7575,=1.2237,=0.3921,=0.9210,=1.0902,=1.2839,=1.6553,=1.9734,=1.3096,=0.6248,=0.9382,=1.1500,=1.2500,=1.4301,=1.7773,=0.0229,=0.0859,=0.0223,=0.0293,=96
="931412",证券公司30,2020-02-20,=0.0333,=1411.1200,=-0.1322,=13.3712,=0.0183,=12.7557,=16.2937,=18.5981,=22.7171,=36.9291,=1.2273,=0.1312,=1.0327,=1.2657,=1.4458,=1.7023,=2.4365,=5.3748,=0.3995,=3.9462,=5.0238,=5.5528,=6.7204,=9.6353,=0.0228,=0.0861,=0.0218,=0.0227,=23
="931397",A股通50,2020-02-20,=0.0114,=2352.4000,=0.0380,=13.4376,=0.5830,=8.9450,=10.5650,=12.8838,=21.5690,=29.8209,=1.6491,=0.4601,=1.1048,=1.2774,=1.7223,=3.5822,=4.6955,=1.9631,=0.5745,=1.0496,=1.2845,=1.8805,=2.9138,=3.9597,=0.0296,=0.1069,=0.0278,=0.0285,=8
="000028",180成长,2009-01-09,=0.0193,=3860.2000,=-0.0135,=13.4665,=0.3727,=9.5268,=12.0874,=14.4785,=18.2319,=25.1474,=1.8166,=0.1841,=1.5063,=1.8416,=2.6889,=3.1691,=5.1089,=1.9182,=0.8464,=1.1581,=1.4576,=1.6186,=1.8701,=2.3971,=0.0333,=0.1358,=0.0227,=0.0252,=193
="931132",诚通央企红利,2023-05-04,=0.0148,=1638.5200,=0.0097,=13.6726,=0.8951,=9.0905,=10.5779,=11.8980,=12.9652,=15.2313,=1.2879,=0.8420,=0.9482,=1.0897,=1.1829,=1.2341,=1.5338,=0.7793,=0.8884,=0.3626,=0.4245,=0.4784,=0.6146,=0.8835,=0.0249,=0.0916,=0.0215,=0.0408,=33
="399314",巨潮大盘,2005-02-03,=0.0111,=5191.0300,=0.0142,=13.6748,=0.8509,=9.6620,=11.1244,=12.0362,=13.4800,=17.5384,=1.3794,=0.4024,=1.0976,=1.2830,=1.4164,=1.5837,=1.9279,=1.5407,=0.8913,=0.9932,=1.1678,=1.3070,=1.4599,=1.8124,=0.0244,=0.0938,=0.0251,=0.0285,=16
="931155",300质量成长,2019-04-22,=0.0162,=11147.2100,=0.1023,=13.6838,=0.5118,=7.3805,=10.7943,=13.6092,=15.2916,=31.0699,=2.0232,=0.3697,=1.1055,=1.6631,=2.2667,=2.8252,=5.3844,=2.5117,=0.7395,=1.3218,=1.7727,=2.1651,=2.6047,=3.8395,=0.0331,=0.1462,=0.0366,=0.0222,=78
="399437",证券龙头,2014-12-30,=0.0346,=5888.1200,=-0.1356,=13.7238,=0.0210,=12.2963,=17.3556,=19.9971,=25.0353,=43.0253,=1.2469,=0.1083,=1.0547,=1.2965,=1.5385,=1.8310,=2.3633,=5.4660,=0.2779,=3.9970,=5.3136,=6.1992,=7.2498,=9.5068,=0.0223,=0.0851,=0.0215,=0.0222,=703
="000971",等权90,2010-12-02,=0.0093,=3372.4500,=0.0039,=13.8241,=0.8238,=8.9747,=10.8926,=11.8453,=13.6975,=19.4330,=1.5247,=0.6052,=1.1544,=1.3258,=1.4400,=1.6216,=2.2329,=1.7586,=0.9671,=1.0052,=1.1464,=1.2606,=1.5333,=1.8600,=0.0259,=0.1045,=0.0271,=0.0274,=9
="980092",自由现金流,2012-12-28,=0.0137,=5175.6300,=-0.0393,=13.8653,=0.6787,=11.1075,=12.2040,=12.9048,=14.5161,=16.4362,=1.4301,=0.0144,=1.4151,=1.5042,=1.5909,=1.6694,=1.8134,=0.8814,=0.2134,=0.7577,=0.8746,=0.9473,=0.9815,=1.0805,=0.0285,=0.1047,=0.0263,=0.0339,=1395
="932365",中证现金流,2024-12-11,=0.0079,=4998.5800,=-0.0511,=13.8867,=0.7514,=10.1873,=10.9284,=11.9288,=14.3084,=15.8261,=1.4721,=0.0028,=1.4661,=1.6827,=1.7829,=1.8865,=2.0150,=1.0563,=0.0028,=1.0525,=1.1908,=1.4084,=1.5175,=1.6205,=0.0286,=0.1155,=0.0394,=0.0391,=659
="932368",800现金流,2024-12-11,=0.0065,=4889.1900,=-0.0439,=13.8974,=0.7652,=9.9108,=10.8024,=11.6446,=14.2231,=15.6891,=1.4795,=0.0691,=1.4048,=1.5292,=1.6769,=1.8729,=2.0110,=1.1861,=0.3370,=1.0036,=1.1011,=1.3159,=1.3988,=1.5226,=0.0283,=0.1177,=0.0451,=0.0389,=227
="931381",中证长三角,2019-11-25,=0.0130,=2073.4200,=0.0243,=13.9750,=0.8102,=9.1117,=10.6539,=12.0114,=13.8940,=16.1441,=1.3666,=0.5744,=0.9630,=1.1503,=1.3051,=1.5506,=1.8124,=1.8663,=0.9533,=0.8724,=1.0703,=1.2449,=1.5455,=1.9541,=0.0256,=0.0961,=0.0259,=0.0266,=7
="931082",A500现金流,2025-07-16,=0.0034,=4407.8800,=-0.0278,=13.9915,=0.5160,=11.3087,=12.2492,=13.9178,=14.9995,=16.5522,=1.6195,=0.0091,=1.6162,=1.7746,=1.8858,=1.9643,=2.0613,=1.2615,=0.0091,=1.2602,=1.3557,=1.4702,=1.5664,=1.6378,=0.0315,=0.1166,,=0.0396,=118
="932366",300现金流,2024-11-12,=0.0035,=3283.8400,=-0.0173,=14.0171,=0.4856,=12.5879,=13.4661,=14.0541,=14.9697,=16.2670,=1.5356,=0.0052,=1.5304,=1.7346,=1.8329,=1.8990,=1.9885,=1.1462,=0.0522,=1.0861,=1.2313,=1.4015,=1.4424,=1.5124,=0.0285,=0.1163,=0.0355,=0.0408,=164
="931802",中证龙头,2010-02-09,=0.0159,=1894.8300,=0.0275,=14.0485,=0.8110,=9.1945,=11.3303,=12.3799,=13.9956,=18.2393,=1.9096,=0.8320,=1.2921,=1.4623,=1.6604,=1.8805,=2.6625,=2.0380,=0.8398,=0.9048,=1.0760,=1.3389,=1.9886,=2.7195,=0.0324,=0.1325,=0.0308,=0.0296,=96
="000908",300能源,2007-07-02,=-0.0034,=2599.3400,=0.0996,=14.0526,=0.5581,=6.9395,=9.4591,=13.2414,=22.1395,=62.7889,=1.3958,=0.8987,=0.7125,=0.8868,=1.1251,=1.2827,=1.8071,=0.8610,=0.9679,=0.3053,=0.3857,=0.5127,=0.6914,=1.0302,=0.0302,=0.1004,=0.0297,=0.0386,=269
="399439",国证油气,2014-12-30,=0.0126,=2118.9700,=0.1003,=14.1101,=0.4831,=7.2448,=10.6853,=15.1925,=29.9261,=98.7831,=1.3386,=0.9032,=0.6716,=0.7851,=1.1423,=1.2638,=1.8382,=0.7427,=0.9642,=0.2370,=0.3183,=0.5046,=0.5977,=0.9735,=0.0300,=0.0921,=0.0283,=0.0360,=98
="931248",油气资源,2023-06-12,=0.0220,=1086.0100,=0.1885,=14.1646,=0.8752,=8.9017,=10.1762,=11.2110,=13.0283,=19.0700,=1.3311,=0.7503,=1.0292,=1.1495,=1.2133,=1.3621,=1.8318,=0.7427,=0.8766,=0.4486,=0.5086,=0.5893,=0.6668,=0.9774,=0.0301,=0.0906,=0.0280,=0.0358,=43
="950096",上海国企,2016-05-11,=0.0153,=1352.4200,=-0.1061,=14.1999,=0.6763,=8.9055,=11.0346,=12.5715,=15.1971,=16.5992,=1.0516,=0.3867,=0.7269,=0.8719,=1.1328,=1.5009,=2.0186,=1.1662,=0.8616,=0.5842,=0.6832,=0.8506,=1.1342,=1.2890,=0.0189,=0.0761,=0.0213,=0.0221,=169
="931402",证券先锋,2020-01-14,=0.0350,=1783.1800,=-0.1449,=14.3603,=0.0142,=13.6795,=17.7270,=20.8107,=25.8686,=41.4692,=1.2429,=0.1199,=1.0487,=1.2864,=1.4666,=1.7500,=2.4715,=5.5951,=0.3366,=4.0917,=5.3121,=5.8999,=7.0824,=10.0278,=0.0214,=0.0819,=0.0203,=0.0214,=94
="000300",沪深300,2005-04-08,=0.0116,=4777.3200,=0.0318,=14.4173,=0.8777,=10.0799,=11.6919,=12.6236,=14.1186,=17.6279,=1.4439,=0.4386,=1.1457,=1.3357,=1.4686,=1.6202,=1.9228,=1.5601,=0.9300,=1.0330,=1.1721,=1.3055,=1.4547,=1.7482,=0.0246,=0.0934,=0.0249,=0.0273,=48716
="932315",中证红利质量,2024-07-08,=0.0112,=4226.5000,=-0.0637,=14.4289,=0.2912,=12.3916,=13.5202,=15.6595,=16.6223,=18.7206,=2.4914,=0.2527,=2.1812,=2.3632,=3.0866,=3.9985,=4.4900,=2.7727,=0.3062,=2.0136,=2.1684,=2.9801,=3.1877,=3.5388,=0.0482,=0.1829,=0.0412,=0.0392,=504
="399975",证券公司,2013-07-15,=0.0350,=732.5100,=-0.1409,=14.4501,=0.0284,=12.3959,=18.6762,=21.4846,=26.4404,=46.0250,=1.2398,=0.1042,=1.0494,=1.3020,=1.5610,=1.8751,=2.4199,=5.5980,=0.2710,=4.0997,=5.4194,=6.3220,=7.4081,=10.0865,=0.0211,=0.0810,=0.0201,=0.0212,=9791
="930758",凤凰50,2018-11-21,=0.0119,=8520.6400,=0.0696,=14.6241,=0.6232,=8.6050,=10.8080,=13.4905,=15.7510,=22.7753,=1.7023,=0.5352,=1.0496,=1.4314,=1.6561,=2.0853,=3.0708,=2.0108,=0.8837,=0.3622,=0.7519,=1.3136,=1.8909,=3.4064,=0.0281,=0.1135,=0.0262,=0.0306,=64
="980028",龙头家电,2015-02-16,=-0.0042,=11754.5400,=-0.0662,=14.6898,=0.5155,=11.8600,=13.7129,=14.6397,=18.6303,=31.1013,=2.5024,=0.0291,=2.3382,=2.6651,=2.9109,=3.6758,=5.1202,=1.3474,=0.5563,=0.9787,=1.2022,=1.3315,=1.4822,=2.2318,=0.0430,=0.1789,=0.0477,=0.0437,=180
="000822",500红利,2012-07-20,=0.0124,=10701.6200,=0.0518,=14.6972,=0.7628,=7.4138,=9.6114,=11.2727,=17.0287,=26.4578,=1.2133,=0.4568,=0.8670,=1.0204,=1.2381,=1.7270,=2.2876,=0.6725,=0.5717,=0.2906,=0.4081,=0.5825,=1.2214,=1.8159,=0.0233,=0.0658,=0.0188,=0.0368,=37
="H30198",油气产业,2013-07-15,=0.0205,=2422.9800,=0.1503,=14.8041,=0.5146,=7.8064,=10.8616,=14.1346,=25.4768,=104.2111,=1.3639,=0.9206,=0.6580,=0.8167,=1.1454,=1.2540,=1.8532,=0.7363,=0.9616,=0.2505,=0.3207,=0.4774,=0.5896,=0.9554,=0.0307,=0.0868,=0.0269,=0.0338,=107
="000928",中证能源,2009-07-03,=0.0012,=3465.3400,=0.1760,=14.8221,=0.6157,=6.9612,=9.7917,=13.1623,=21.6432,=68.9647,=1.4117,=0.9143,=0.7281,=0.9364,=1.1493,=1.2981,=1.8006,=0.8769,=0.9695,=0.3162,=0.4107,=0.5311,=0.7017,=1.0383,=0.0289,=0.0960,=0.0282,=0.0364,=1289
="931454",港股通消费,2020-03-06,=0.0204,=1405.9000,=-0.0869,=14.9773,=0.0084,=14.4081,=20.6904,=27.5152,=37.2012,=64.7193,=2.5054,=0.0097,=2.4102,=3.1981,=3.6486,=5.1246,=8.9519,=1.3579,=0.0091,=1.3063,=1.9546,=2.3913,=3.5943,=6.6047,,=0.1670,,=0.0455,=363
="H11057",石化产业,2009-07-22,=0.0269,=1375.1200,=0.0067,=15.0257,=0.6263,=9.0713,=11.9911,=13.9355,=19.4496,=46.6548,=1.5130,=0.9080,=0.9085,=1.1893,=1.3418,=1.4420,=1.9948,=0.8144,=0.9080,=0.4002,=0.4798,=0.6100,=0.7513,=1.0264,=0.0331,=0.0946,=0.0281,=0.0315,=65
="931021",家电龙头,2017-10-17,=-0.0098,=16609.2300,=-0.0806,=15.0743,=0.3875,=11.3343,=14.2302,=15.8130,=19.3525,=31.7589,=2.4058,=0.0081,=2.3685,=2.6473,=3.0547,=3.9071,=5.4650,=1.2278,=0.4822,=0.8457,=1.1169,=1.2351,=1.4872,=2.4102,=0.0396,=0.1676,=0.0453,=0.0419,=24
="HSSCHKC",恒生港股通香港公司指数,2017-11-20,=0.0199,=3253.6600,=0.0470,=15.1231,=0.6004,=9.9660,=12.2167,=14.2881,=18.1957,=45.2058,=1.2060,=0.7432,=0.8018,=0.9526,=1.0979,=1.2426,=1.4001,=2.6792,=0.7504,=1.7566,=2.0728,=2.3885,=2.7451,=3.2431,,,,=0.0374,=15
="000955",中证国企,2010-02-09,=0.0136,=1581.6100,=-0.0087,=15.2053,=0.8505,=10.0979,=11.7075,=12.7382,=14.9298,=16.8119,=1.2621,=0.4197,=1.0210,=1.1826,=1.2940,=1.4470,=1.7591,=1.3009,=0.8414,=0.7969,=0.9758,=1.0905,=1.2787,=1.4527,=0.0213,=0.0765,=0.0217,=0.0270,=40
="399699",金融科技,2017-06-09,=0.0267,=3401.6000,=-0.2394,=15.2956,=0.0401,=14.0983,=16.7505,=19.3934,=44.6189,=111.6316,=1.7391,=0.1635,=1.2665,=1.8003,=2.2857,=3.4017,=4.4660,=1.4311,=0.2745,=1.0709,=1.3755,=1.6263,=1.9155,=3.0519,=0.0209,=0.1027,=0.0223,=0.0245,=324
="HSCGSI",恒生消费指数,2015-08-17,=0.0213,=2454.3400,=-0.0492,=15.3309,=0.0240,=14.2396,=17.9414,=20.3501,=46.8247,=191.0166,=2.5639,=0.4852,=1.6557,=2.1417,=2.5821,=3.0631,=4.3429,=1.3740,=0.3191,=0.9965,=1.2550,=1.5539,=1.8501,=2.9413,,,,=0.0433,=820
="399324",深证红利,2006-01-24,=0.0076,=8496.6500,=-0.0715,=15.4496,=0.4065,=11.7065,=14.4457,=15.7550,=17.7088,=23.4132,=2.1876,=0.5000,=1.2884,=1.9038,=2.1876,=2.5074,=3.7254,=1.8169,=0.5960,=1.1033,=1.3625,=1.7405,=1.9637,=2.8578,=0.0424,=0.1345,=0.0450,=0.0431,=5218
="000860",结构调整,2018-03-26,=0.0072,=1258.6500,=0.0281,=15.5577,=0.6948,=9.5233,=12.4459,=13.9228,=16.3799,=20.6443,=1.3912,=0.5904,=1.1018,=1.2868,=1.3708,=1.4551,=1.6430,=0.8898,=0.9593,=0.4658,=0.5861,=0.6765,=0.7890,=0.9608,=0.0222,=0.0831,=0.0231,=0.0322,=143
="HSHK35",恒生香港35,2003-01-20,=0.0194,=3040.7500,=0.0653,=15.5581,=0.6293,=9.7413,=12.1175,=14.2597,=17.5905,=47.6465,=1.2170,=0.7730,=0.7649,=0.9587,=1.0967,=1.2304,=1.3547,=3.3009,=0.8904,=2.1814,=2.5887,=2.8813,=3.1776,=3.7366,,,,=0.0387,=116
="000986",全指能源,2011-08-02,=0.0031,=2735.0800,=0.1717,=15.5684,=0.6326,=6.8032,=10.0017,=13.3762,=21.5984,=75.0146,=1.4179,=0.9193,=0.7554,=0.9700,=1.1726,=1.3147,=1.7977,=0.8910,=0.9699,=0.3323,=0.4460,=0.5659,=0.7196,=1.0524,=0.0281,=0.0918,=0.0274,=0.0351,=602
="HSMI",恒生综合中型股指数,2001-10-03,=0.0208,=4755.2300,=-0.0456,=15.5722,=0.9115,=7.1837,=9.6380,=11.2640,=14.6724,=19.0737,=1.2465,=0.8453,=0.6229,=0.7817,=1.0105,=1.2276,=1.5312,=1.0108,=0.9639,=0.4186,=0.5569,=0.6725,=0.8099,=1.0938,,,,=0.0285,=163
="000066",上证商品,2010-04-30,=0.0207,=3970.7700,=0.1258,=15.6628,=0.5589,=7.9120,=11.1682,=15.0830,=23.3239,=53.3084,=1.7186,=0.9559,=0.9403,=1.2109,=1.3355,=1.4934,=2.2405,=0.9895,=0.9596,=0.4082,=0.5256,=0.6503,=0.7741,=1.2223,=0.0347,=0.1091,=0.0303,=0.0306,=78
="000092",资源50,2011-05-10,=0.0269,=5127.5700,=0.0504,=15.7214,=0.5811,=7.9483,=11.3515,=14.9195,=22.9969,=52.0101,=1.7940,=0.9576,=0.9579,=1.2593,=1.3942,=1.5305,=2.3324,=1.0256,=0.9600,=0.4148,=0.5545,=0.6760,=0.7856,=1.2646,=0.0363,=0.1132,=0.0314,=0.0299,=36
="000068",上证资源,2010-05-28,=0.0226,=4317.8900,=0.0723,=15.7231,=0.5288,=7.8012,=11.1520,=15.2178,=24.8706,=73.1997,=1.7298,=0.9572,=0.8674,=1.1481,=1.3085,=1.4773,=2.2515,=0.9909,=0.9613,=0.3742,=0.5014,=0.6094,=0.7670,=1.2220,=0.0351,=0.1097,=0.0307,=0.0304,=306
="932037",央企现代能源,2022-11-16,=0.0121,=1523.4400,=0.0441,=15.7406,=0.9086,=10.8583,=11.9788,=12.8350,=14.1706,=18.2611,=1.5489,=0.7604,=1.1507,=1.3384,=1.4191,=1.5700,=1.8914,=0.9450,=0.9132,=0.4850,=0.6175,=0.7506,=0.8237,=1.0835,=0.0273,=0.0952,=0.0272,=0.0326,=34
="931238",SSH黄金股票,2017-10-17,=0.0567,=2859.4200,=-0.1212,=15.7448,=0.0219,=14.7834,=18.5622,=23.6283,=35.7572,=92.1543,=3.1842,=0.9113,=1.4294,=1.8160,=2.0167,=2.3441,=6.0579,=1.0197,=0.9140,=0.3659,=0.4653,=0.5501,=0.6619,=1.9529,,=0.1869,,=0.0205,=322
="000861",央企创新,2019-05-16,=0.0070,=2655.1300,=0.0346,=15.9320,=0.8677,=10.3360,=12.0186,=13.3922,=15.0248,=18.8086,=1.4297,=0.9167,=1.0351,=1.1865,=1.2971,=1.3859,=1.5975,=0.8384,=0.9563,=0.4544,=0.5191,=0.5826,=0.7307,=0.8999,=0.0222,=0.0826,=0.0232,=0.0306,=266
="399974",国企改革,2014-08-07,=0.0122,=1955.1700,=0.0298,=16.1552,=0.7348,=8.5408,=11.0146,=13.4104,=16.9590,=23.5243,=1.4234,=0.3760,=1.0768,=1.3338,=1.4802,=1.8365,=2.8970,=1.1170,=0.6787,=0.6803,=0.8913,=0.9929,=1.2475,=2.2060,=0.0239,=0.0809,=0.0242,=0.0283,=372
="931404",SHS品牌消费50,2020-02-20,=0.0067,=2316.1000,=-0.1423,=16.1867,=0.0194,=15.2551,=18.4079,=21.5936,=30.3759,=52.1290,=3.3714,=0.0088,=3.2381,=4.5896,=5.2859,=7.2833,=13.2899,=2.9172,=0.0871,=2.1582,=3.1776,=4.0932,=6.4135,=12.0094,,=0.2165,,=0.0305,=134
="399375",中盘价值,2010-01-04,=0.0224,=6256.0400,=0.0543,=16.2355,=0.7768,=9.0528,=10.9381,=12.3153,=16.7431,=33.1718,=1.4567,=0.7426,=1.0236,=1.1933,=1.3323,=1.5512,=1.9880,=0.9906,=0.8171,=0.5167,=0.6434,=0.7495,=0.9808,=1.2323,=0.0258,=0.0785,=0.0211,=0.0289,=186
="000805",A股资源,2012-01-06,=0.0269,=7803.7000,=0.1006,=16.2622,=0.5467,=7.9265,=11.4623,=15.6473,=24.5281,=73.5792,=1.8391,=0.9576,=0.9200,=1.1960,=1.3625,=1.5110,=2.3735,=1.0382,=0.9609,=0.3865,=0.5301,=0.6352,=0.7724,=1.2754,=0.0371,=0.1115,=0.0305,=0.0285,=4
="H30095",医药红利,2013-07-02,=0.0160,=13976.8100,=-0.0959,=16.3297,=0.0637,=14.6474,=17.2710,=19.7536,=27.1728,=34.8020,=1.6577,=0.0349,=1.4797,=1.8000,=2.4486,=3.1468,=4.2060,=0.9537,=0.1605,=0.7612,=0.9933,=1.5169,=2.0137,=2.8268,=0.0293,=0.1019,=0.0311,=0.0374,=91
="931268",持续发展,2019-11-15,=0.0137,=2252.1700,=0.0178,=16.3531,=0.8453,=14.1354,=15.0308,=15.4896,=16.2581,=17.1877,=2.1620,=0.5849,=1.7338,=1.8293,=1.9171,=2.2563,=2.3440,=1.7695,=0.3736,=1.5998,=1.7190,=1.7896,=1.8188,=1.8598,=0.0313,=0.1256,=0.0323,=0.0295,=18
="931068",消费龙头,2018-11-21,=0.0034,=10796.0600,=-0.1479,=16.4269,=0.0295,=15.6061,=18.3474,=22.9826,=30.0768,=44.3922,=3.0932,=0.0038,=3.0520,=4.1483,=4.7395,=6.5994,=10.3805,=2.0441,=0.0459,=1.8019,=2.6667,=3.2752,=4.1062,=7.0508,=0.0518,=0.2083,=0.0600,=0.0421,=2360
="930697",家用电器,2015-07-07,=-0.0052,=11873.3700,=-0.0717,=16.4427,=0.3814,=12.0193,=15.4273,=17.0879,=19.8140,=32.1495,=2.4336,=0.0358,=2.2889,=2.6726,=3.2786,=3.9670,=5.2226,=1.2655,=0.3946,=0.9879,=1.1845,=1.3048,=1.6199,=2.3694,=0.0370,=0.1413,=0.0419,=0.0385,=1733
="000961",中证上游,2010-04-16,=0.0294,=5279.1300,=0.0426,=16.4565,=0.5581,=8.3063,=11.4951,=15.7098,=24.9726,=72.6914,=1.8711,=0.9580,=0.9003,=1.1962,=1.3613,=1.5231,=2.4036,=1.0548,=0.9613,=0.3813,=0.5135,=0.6296,=0.7730,=1.2905,=0.0373,=0.1119,=0.0305,=0.0282,=45
="000944",内地资源,2009-10-28,=0.0290,=5507.0200,=0.0377,=16.4707,=0.5694,=8.0950,=11.4517,=15.6117,=23.9034,=66.3491,=1.8591,=0.9576,=0.8945,=1.1841,=1.3549,=1.5170,=2.3924,=1.0476,=0.9609,=0.3754,=0.5051,=0.6230,=0.7693,=1.2835,=0.0374,=0.1109,=0.0304,=0.0283,=4
="H11136",中国互联网,2011-09-20,=0.0103,=3983.7456,=-0.2528,=16.5675,=0.0349,=14.7773,=20.0730,=42.7293,=57.4315,=137.0698,=2.1631,=0.0157,=1.7247,=2.5580,=4.6909,=6.7403,=9.7098,=1.8794,=0.0138,=1.5020,=2.2555,=4.3620,=6.5159,=9.1092,,,,=0.0113,=3346
="000842",800等权,2012-12-21,=0.0119,=7268.7900,=0.0286,=16.5697,=0.9259,=10.7808,=12.9041,=14.0891,=15.9216,=18.9686,=1.5882,=0.5663,=1.1816,=1.3967,=1.5518,=1.7186,=1.9628,=1.5892,=0.9576,=1.0117,=1.1472,=1.2955,=1.4775,=1.6631,=0.0241,=0.0890,=0.0237,=0.0242,=160
="000906",中证800,2007-01-15,=0.0108,=5346.5000,=0.0465,=16.5697,=0.9259,=10.7808,=12.9041,=14.0891,=15.9216,=18.9686,=1.5882,=0.5663,=1.1816,=1.3967,=1.5518,=1.7186,=1.9628,=1.5892,=0.9576,=1.0117,=1.1472,=1.2955,=1.4775,=1.6631,=0.0241,=0.0890,=0.0237,=0.0242,=2676
="H30533",中国互联网50,2014-12-29,=0.0150,=6976.5253,=-0.2557,=16.5891,=0.0199,=14.9049,=20.3934,=41.6534,=57.1658,=137.0698,=2.1676,=0.0161,=1.7082,=2.5603,=4.6898,=6.7209,=9.7098,=1.8357,=0.0142,=1.4305,=2.1850,=4.3566,=6.4327,=9.1092,,,,=0.0106,=6778
="931645",1000红利,2024-03-15,=0.0155,=2363.9000,=-0.0476,=16.6180,=0.9502,=11.2896,=12.4116,=13.6188,=14.7878,=18.1886,=1.1570,=0.3210,=0.9871,=1.1308,=1.1954,=1.2448,=1.3469,=0.7495,=0.4483,=0.5734,=0.6702,=0.7583,=0.8181,=0.8871,=0.0179,=0.0646,=0.0199,=0.0334,=23
="930604",中国互联网30,2015-03-23,=0.0120,=7448.9886,=-0.2554,=16.6498,=0.0242,=14.9187,=20.2159,=42.2760,=59.2298,=131.9396,=2.2014,=0.0127,=1.7582,=2.6093,=4.7950,=7.0787,=10.3841,=1.8379,=0.0157,=1.4482,=2.1983,=4.1694,=6.4466,=9.5870,,,,=0.0103,=633
="H30089",红利潜力,2013-07-02,=0.0079,=9309.7600,=-0.0640,=16.7028,=0.4530,=12.7702,=15.7294,=16.9480,=20.7331,=29.7267,=2.7000,=0.6619,=1.4650,=1.9933,=2.4879,=2.9131,=4.3960,=2.2059,=0.8229,=0.7611,=0.9501,=1.7490,=2.1691,=2.8465,=0.0404,=0.1605,=0.0444,=0.0351,=549
="000945",内地运输,2009-10-28,=0.0218,=1383.4700,=-0.0638,=16.7168,=0.2434,=13.9394,=16.4767,=19.4946,=27.8169,=72.7429,=1.2527,=0.0021,=1.2245,=1.4087,=1.5664,=1.7786,=2.4452,=0.7516,=0.3583,=0.5140,=0.6448,=0.9199,=1.4094,=1.9188,=0.0219,=0.0581,=0.0167,=0.0302,=76
="399286",区块链50,2019-12-24,=0.0134,=3314.6100,=-0.1727,=16.7202,=0.0939,=13.8844,=17.9861,=20.8461,=28.7350,=40.1853,=1.8103,=0.1706,=1.4262,=1.8616,=2.1221,=2.7628,=3.6332,=1.7111,=0.3387,=1.3177,=1.5877,=1.8505,=2.0949,=2.8188,=0.0273,=0.0903,=0.0252,=0.0267,=154
="930716",CS物流,2015-07-31,=0.0219,=1198.3400,=0.0206,=16.7295,=0.4032,=6.6312,=13.0309,=18.9717,=34.3714,=505.8138,=1.2260,=0.0400,=1.1511,=1.3047,=1.9839,=2.7344,=3.8580,=0.4423,=0.3983,=0.2137,=0.3289,=0.4564,=0.7535,=1.0555,=0.0197,=0.0542,=0.0209,=0.0327,=243
="931139",CS消费50,2019-03-20,=0.0024,=13743.0200,=-0.1386,=16.7561,=0.0799,=15.4419,=18.2141,=24.0813,=30.2039,=47.8630,=3.0066,=0.0051,=2.9513,=4.0410,=5.3422,=7.0843,=12.5456,=2.1655,=0.0040,=2.1266,=2.6124,=3.1841,=4.4679,=9.1270,=0.0528,=0.1922,=0.0638,=0.0458,=2204
="H30171",运输指数,2013-07-15,=0.0211,=1516.5300,=-0.0623,=16.9641,=0.3088,=14.1889,=16.3742,=18.0535,=25.4585,=51.4445,=1.2456,=0.0135,=1.1989,=1.3548,=1.5047,=1.6903,=2.3737,=0.6429,=0.2495,=0.5217,=0.6279,=0.8574,=1.1972,=1.9196,=0.0207,=0.0585,=0.0181,=0.0290,=86
="399348",深证价值,2009-11-04,=0.0054,=6452.1500,=-0.0107,=17.0052,=0.7426,=9.9756,=12.8145,=14.9201,=17.5387,=21.4453,=1.6432,=0.4007,=1.2527,=1.4916,=1.7229,=2.1173,=2.9268,=1.2510,=0.5861,=0.8306,=1.0364,=1.1857,=1.6162,=2.1193,=0.0245,=0.0871,=0.0201,=0.0278,=294
="931587",500价值稳健,2020-11-09,=0.0181,=21473.8800,=-0.0215,=17.0132,=0.9526,=9.7530,=12.1853,=14.1482,=15.5163,=19.8926,=1.3067,=0.8128,=0.8925,=1.0543,=1.1539,=1.2940,=1.5437,=0.6245,=0.9128,=0.3384,=0.4591,=0.5111,=0.5802,=0.7126,=0.0221,=0.0672,=0.0198,=0.0351,=78
="930796",全球中国互联网,2016-04-22,=0.0136,=1625.0463,=-0.2547,=17.1037,=0.0157,=15.2629,=21.2934,=39.6535,=53.8828,=115.7107,=2.2590,=0.0165,=1.8023,=2.6723,=4.6699,=6.9346,=9.6202,=1.9321,=0.0153,=1.5064,=2.2911,=3.8619,=6.4778,=9.5215,,=0.1307,,=0.0107,=36
="399310",国证A50,2005-09-05,=0.0169,=8153.1000,=0.0169,=17.1536,=0.8546,=8.8433,=10.4903,=13.4881,=16.1874,=22.6576,=1.9579,=0.7352,=1.1237,=1.2931,=1.6596,=2.0348,=2.9417,=1.4742,=0.7665,=0.9633,=1.1337,=1.2389,=1.5044,=2.2769,=0.0272,=0.1076,=0.0263,=0.0243,=287
="000001",上证指数,1991-07-15,=0.0112,=4031.5100,=0.0158,=17.1816,=0.9802,=10.8403,=12.7216,=13.8351,=15.8514,=17.9144,=1.4875,=0.5877,=1.1148,=1.3021,=1.4423,=1.5731,=1.8463,=1.5127,=0.9638,=0.9369,=1.0776,=1.2160,=1.3894,=1.5771,=0.0219,=0.0804,=0.0221,=0.0238,=1414
="931371",品牌消费100,2019-11-25,=0.0057,=5784.5000,=-0.1219,=17.2256,=0.1713,=14.6106,=17.5006,=22.5163,=30.6756,=41.6881,=2.9445,=0.0044,=2.8896,=3.7134,=4.6855,=6.5572,=9.5576,=1.9136,=0.0548,=1.7483,=2.1186,=2.6990,=3.8789,=5.3339,=0.0505,=0.1847,=0.0654,=0.0432,=5
="399398",绩效指数,2012-11-19,=0.0083,=10071.8100,=-0.0495,=17.2809,=0.3859,=9.4274,=11.7256,=18.3563,=21.6193,=36.1591,=2.9187,=0.3023,=1.3119,=1.7669,=3.5795,=4.3827,=6.4752,=3.0264,=0.6141,=1.5230,=2.2103,=2.8766,=3.4326,=5.0073,=0.0495,=0.1771,=0.0433,=0.0388,=22
="000918",300成长,2008-01-21,=0.0119,=5579.6000,=0.0966,=17.3152,=0.6227,=11.6107,=14.2965,=16.6945,=20.6302,=29.9826,=2.4965,=0.3608,=1.8759,=2.2941,=2.7878,=4.3025,=6.1771,=2.6187,=0.8134,=1.1680,=1.5330,=1.7716,=2.5845,=3.9548,=0.0348,=0.1486,=0.0340,=0.0205,=794
="HSMSI",恒生综合中小型股指数,2015-06-08,=0.0195,=2791.5300,=-0.0550,=17.3204,=0.9281,=7.2058,=10.0591,=12.4230,=15.4447,=18.8438,=1.1941,=0.7816,=0.6157,=0.7686,=1.0046,=1.2085,=1.4952,=0.9133,=0.8973,=0.4020,=0.5319,=0.6808,=0.8378,=1.0389,,,,=0.0280,=161
="000046",上证中小,2009-07-03,=0.0105,=5397.3000,=0.0524,=17.3281,=0.6960,=10.5504,=12.1078,=15.2243,=18.3410,=22.4992,=1.4874,=0.5103,=1.0626,=1.2078,=1.4819,=1.8168,=2.0905,=1.4010,=0.7924,=0.8596,=1.0257,=1.1231,=1.4092,=1.6429,=0.0219,=0.0784,=0.0213,=0.0233,=344
="000510",中证A500,2024-09-23,=0.0100,=5931.6500,=0.0512,=17.3877,=0.8430,=12.2476,=14.4534,=15.4411,=17.2317,=18.3286,=1.6752,=0.6522,=1.2883,=1.4910,=1.5826,=1.7087,=1.7791,=1.4923,=0.7947,=1.0081,=1.2167,=1.3180,=1.4955,=1.5731,=0.0241,=0.0887,=0.0240,=0.0241,=2234
="932367",500现金流,2024-11-12,=0.0175,=3550.5800,=-0.0298,=17.4627,=0.6736,=12.7635,=14.0099,=16.6978,=18.4266,=20.8865,=1.8321,=0.6736,=1.5076,=1.6660,=1.7616,=1.9912,=2.3672,=1.1668,=0.3368,=0.8955,=1.1016,=1.2384,=1.2872,=1.4394,=0.0308,=0.1139,=0.0305,=0.0343,=115
="000979",大宗商品,2011-08-22,=0.0257,=7197.1900,=0.0608,=17.4904,=0.5671,=9.9333,=12.9012,=16.4241,=23.2789,=55.6298,=1.8252,=0.9502,=1.1381,=1.3669,=1.4831,=1.6226,=2.3336,=1.0081,=0.9596,=0.4909,=0.5836,=0.7000,=0.8249,=1.2291,=0.0335,=0.1029,=0.0285,=0.0272,=699
="930838",CS高股息,2016-06-08,=0.0165,=6889.1900,=-0.0457,=17.5056,=0.4724,=10.7704,=14.2557,=17.9145,=22.5021,=29.5345,=3.2647,=0.7657,=1.8272,=2.3325,=2.8193,=3.4656,=5.4603,=3.1305,=0.6001,=1.6703,=2.0507,=2.4857,=3.7431,=5.1335,=0.0550,=0.1877,=0.0570,=0.0268,=171
="931167",先进制造100,2019-04-25,=0.0074,=7725.9300,=-0.0020,=17.5110,=0.8611,=10.3762,=12.9967,=14.2134,=16.7467,=20.9116,=2.9600,=0.8906,=1.6383,=2.0240,=2.2555,=2.5720,=3.3727,=2.0010,=0.9450,=0.9031,=1.2325,=1.4359,=1.6517,=2.1795,=0.0404,=0.1483,=0.0310,=0.0296,=340
="399311",国证1000,2005-02-03,=0.0104,=5191.4100,=0.0471,=17.5282,=0.9312,=11.0854,=13.3244,=14.6249,=16.7671,=19.8966,=1.6267,=0.5572,=1.1918,=1.4218,=1.5929,=1.8007,=2.0383,=1.5892,=0.9432,=1.0112,=1.1701,=1.3064,=1.5216,=1.7074,=0.0236,=0.0857,=0.0233,=0.0232,=139
="1000004",上海A股,1994-01-01,=0.0112,=4031.5100,=0.0158,=17.5532,=0.9695,=10.8441,=12.9368,=14.2683,=16.1036,=18.4959,=1.5092,=0.5824,=1.1181,=1.3162,=1.4449,=1.5985,=1.8457,=1.5388,=0.9675,=0.9734,=1.0890,=1.2354,=1.3884,=1.6065,=0.0219,=0.0804,=0.0221,=0.0234,=4916
="000150",380红利,2012-07-20,=0.0159,=12225.4500,=0.0577,=17.6627,=0.8863,=5.2545,=8.5569,=12.0943,=16.4834,=19.8070,=1.2060,=0.3752,=0.6172,=0.8684,=1.3590,=1.6841,=2.2592,=0.5296,=0.4782,=0.2775,=0.3624,=0.5446,=1.6838,=2.3204,=0.0206,=0.0377,=0.0185,=0.0392,=43
="000903",中证A100,2006-05-29,=0.0145,=4644.6700,=0.0353,=17.7917,=0.9823,=9.4390,=11.1606,=12.4927,=14.1347,=18.7565,=1.8153,=0.9316,=1.1800,=1.3780,=1.5138,=1.6675,=1.9625,=1.4390,=0.9094,=0.9660,=1.1008,=1.2137,=1.3719,=1.6207,=0.0253,=0.0942,=0.0251,=0.0265,=3081
="931357",优选消费50,2019-11-15,=0.0066,=2469.4500,=-0.1770,=17.9445,=0.0271,=16.9989,=20.4805,=25.2644,=33.0775,=53.0529,=2.8226,=0.0048,=2.7469,=3.6958,=4.3907,=7.1803,=11.6208,=1.7918,=0.0048,=1.7482,=2.3193,=2.7335,=5.2094,=8.8232,,=0.1689,,=0.0256,=389
="930050",中证A50,2024-01-02,=0.0167,=1824.8300,=0.0208,=17.9482,=0.7182,=13.9812,=15.9438,=17.4710,=18.1472,=19.9330,=2.1415,=0.6401,=1.7817,=1.9657,=2.0842,=2.2036,=2.3759,=1.5700,=0.8421,=1.0165,=1.1256,=1.3642,=1.5467,=1.6491,=0.0291,=0.1115,=0.0275,=0.0272,=981
="000911",300可选,2007-07-02,=-0.0022,=5690.8500,=-0.1398,=17.9978,=0.4662,=11.4175,=16.2336,=18.2473,=24.5347,=45.8432,=1.9673,=0.0177,=1.8544,=2.2901,=2.5504,=3.0204,=4.4626,=0.9265,=0.1409,=0.7162,=0.9634,=1.1013,=1.3295,=2.0518,=0.0241,=0.1159,=0.0309,=0.0288,=29
="932369",1000现金流,2024-11-12,=0.0228,=3296.8600,=-0.1059,=18.0159,=0.3029,=16.0705,=17.7139,=18.5016,=19.4667,=21.4836,=1.4716,=0.0157,=1.4404,=1.5607,=1.6590,=1.7604,=1.8728,=0.8339,=0.0522,=0.8034,=0.9062,=1.0204,=1.0675,=1.3230,=0.0245,=0.0821,=0.0237,=0.0290,=58
="000909",300材料,2007-07-02,=0.0495,=3890.8000,=-0.0508,=18.1560,=0.4918,=10.2722,=14.5968,=18.2471,=25.4697,=46384.3131,=2.4401,=0.7887,=1.4655,=1.7210,=1.9877,=2.4607,=3.8763,=1.2016,=0.7558,=0.6983,=0.8432,=0.9722,=1.2312,=1.9427,=0.0473,=0.1225,=0.0288,=0.0183,=17
="399991",一带一路,2015-02-16,=0.0120,=3491.6700,=0.1780,=18.3150,=0.7451,=9.4567,=11.6747,=14.1049,=19.8229,=34.5905,=1.5995,=0.9584,=1.0035,=1.1547,=1.2478,=1.4278,=1.7680,=0.7001,=0.9522,=0.3598,=0.4254,=0.4778,=0.6057,=0.7518,=0.0240,=0.0795,=0.0217,=0.0223,=580
="931697",消费50策略,2021-07-12,=0.0081,=7304.0800,=-0.1415,=18.4575,=0.1738,=16.4104,=18.5743,=20.9581,=31.3651,=38.9422,=2.7327,=0.0034,=2.7081,=3.5432,=3.8918,=5.2156,=7.0736,=1.4768,=0.0034,=1.4635,=1.7803,=1.9327,=2.8658,=3.5305,=0.0408,=0.1608,=0.0542,=0.0368,=61
="000917",300公用,2007-07-02,=0.0111,=2583,=0.0496,=18.5290,=0.6215,=13.3250,=16.2126,=17.8401,=20.5904,=34.2477,=1.9711,=0.5004,=1.4019,=1.6993,=1.9706,=2.1716,=2.6347,=2.0102,=0.8130,=1.3139,=1.6340,=1.8149,=1.9940,=3.2322,=0.0223,=0.0974,=0.0266,=0.0295,=35
="000937",中证公用,2009-07-03,=0.0097,=2742.9800,=0.0998,=18.6560,=0.5033,=13.4460,=16.5326,=18.6422,=21.1283,=46.5328,=1.8196,=0.5704,=1.3423,=1.6287,=1.7741,=1.9632,=2.2557,=1.8538,=0.8175,=1.2657,=1.4810,=1.5857,=1.8062,=3.2521,=0.0215,=0.0905,=0.0250,=0.0268,=334
="H11059",工业有色,2009-07-22,=0.0413,=4194.0700,=0.0533,=18.7329,=0.3232,=10.0577,=14.5692,=28.2516,=53.2844,=131.1130,=3.4203,=0.8927,=1.4392,=1.9952,=2.3984,=3.1642,=4.9901,=1.2715,=0.9232,=0.5048,=0.7377,=0.8586,=1.1373,=1.8706,=0.0664,=0.1735,=0.0401,=0.0165,=128
="H30094",消费红利,2013-07-02,=0.0199,=31288.3900,=-0.1576,=18.8071,=0.0515,=16.2060,=21.6165,=27.7703,=33.4517,=59.6542,=3.3976,=0.0029,=3.3185,=4.3750,=5.3348,=6.7437,=11.0368,=4.0001,=0.3966,=2.0003,=3.2600,=4.3045,=5.3145,=8.4259,=0.0717,=0.1905,=0.0792,=0.0445,=2121
="000942",内地消费,2009-10-28,=0.0035,=8639.3700,=-0.1549,=18.8820,=0.2335,=14.4412,=18.7094,=21.7395,=33.3182,=52.6356,=2.5018,=0.0016,=2.4816,=3.1400,=3.6907,=5.0389,=7.7211,=1.4050,=0.1409,=1.1096,=1.4981,=1.7716,=2.5432,=4.1228,=0.0371,=0.1426,=0.0493,=0.0360,=764
="000995",全指公用,2011-08-02,=0.0092,=2835.2700,=0.0977,=18.9130,=0.5012,=14.4124,=16.6779,=18.9016,=23.9551,=55.0107,=1.8039,=0.6676,=1.2839,=1.5405,=1.7278,=1.8684,=2.1268,=1.8551,=0.8171,=1.2094,=1.4219,=1.5277,=1.8070,=2.4023,=0.0217,=0.0896,=0.0244,=0.0264,=319
="932152",港股通成长策略,2025-04-30,=0.0207,=1125.9100,=-0.1501,=19.1207,=0.4836,=16.5252,=18.2343,=19.1491,=21.2226,=22.5567,=2.4949,=0.1345,=2.1900,=2.5427,=2.7259,=2.8347,=3.0449,=1.9139,=0.1491,=1.7556,=1.9389,=2.1074,=2.2186,=2.3595,,=0.1305,,=0.0198,=8
="000126",消费50,2011-12-09,=0.0086,=6647.8300,=-0.2004,=19.1538,=0.0943,=15.1608,=20.2959,=22.8537,=32.8648,=57.2206,=2.5438,=0.0251,=2.2360,=2.9999,=3.4005,=4.8656,=7.3797,=1.4868,=0.3291,=0.9155,=1.2466,=1.8263,=2.6425,=3.8011,=0.0406,=0.1407,=0.0455,=0.0350,=83
="000931",中证可选,2009-07-03,=0.0027,=5337.1600,=-0.1411,=19.2806,=0.3303,=12.9961,=17.9652,=20.2073,=26.0496,=47.1695,=2.0740,=0.1462,=1.6991,=2.1407,=2.5004,=2.8189,=3.7874,=0.9814,=0.2080,=0.7260,=0.9757,=1.1196,=1.2835,=1.9265,=0.0252,=0.1143,=0.0305,=0.0272,=840
="931663",SHS消费龙头,2015-03-13,=0.0057,=1725.6900,=-0.1507,=19.3150,=0.1318,=14.4278,=20.2657,=26.7075,=37.0770,=57.5191,=2.6991,=0.0008,=2.6690,=3.4000,=4.3111,=6.1339,=13.5979,=1.8198,=0.1708,=1.3592,=1.8718,=2.3921,=3.4165,=7.5123,,=0.1411,,=0.0306,=219
="000811",细分有色,2012-04-11,=0.0462,=11305.0400,=-0.0061,=19.4559,=0.2702,=13.5118,=17.9960,=30.1221,=57.9068,=312.9068,=3.2425,=0.8468,=1.7438,=2.0875,=2.5627,=3.1422,=4.8073,=1.2682,=0.8892,=0.6338,=0.7858,=0.9041,=1.1846,=1.9173,=0.0611,=0.1531,=0.0352,=0.0150,=189
="399997",中证白酒,2015-01-21,=0.0027,=6618.5200,=-0.2447,=19.5246,=0.1178,=16.2418,=20.8393,=29.7021,=37.9949,=71.4432,=3.7986,=0.0025,=3.7096,=5.2032,=7.2647,=9.7697,=17.8607,=6.8227,=0.0820,=5.9830,=7.2913,=9.8333,=13.6274,=24.8964,=0.0833,=0.2121,=0.1013,=0.0449,=7677
="000910",300工业,2007-07-02,=0.0185,=2458.6200,=-0.0278,=19.6119,=0.5902,=12.1074,=14.2261,=18.6746,=21.7478,=26.7473,=1.6422,=0.3711,=1.2960,=1.5014,=1.7771,=2.0927,=2.8598,=0.7900,=0.7504,=0.4726,=0.5805,=0.7012,=0.8047,=1.0995,=0.0196,=0.0738,=0.0177,=0.0217,=15
="399987",中证酒,2014-12-10,=0.0055,=3963.2100,=-0.2070,=19.6123,=0.1071,=16.5000,=21.2252,=30.5235,=38.4918,=71.4257,=3.6648,=0.0029,=3.5751,=4.9083,=6.4705,=8.9806,=15.9495,=6.0544,=0.0927,=5.0607,=6.4796,=8.3103,=11.8297,=21.4371,=0.0789,=0.2043,=0.0944,=0.0438,=2753
="H30199",电力指数,2013-07-15,=0.0087,=3220.1100,=0.1410,=19.6849,=0.5943,=14.1448,=16.7502,=18.9587,=24.9861,=78.5133,=1.8513,=0.8196,=1.2472,=1.5172,=1.7168,=1.8424,=2.0960,=1.9816,=0.8900,=1.1507,=1.4427,=1.5882,=1.7859,=2.2389,=0.0213,=0.0878,=0.0244,=0.0253,=702
="HSAIT",恒生人工智能主题指数,2023-09-01,=0.0075,=3636.5100,=-0.1467,=19.7323,=0.4831,=13.3665,=18.0598,=19.8177,=21.5319,=24.5500,=1.9679,=0.4405,=1.4634,=1.7515,=2.0628,=2.4864,=2.8773,=1.7891,=0.5184,=1.2708,=1.4964,=1.7016,=2.2823,=2.6741,,=0.1059,,=0.0212,=64
="000036",上证消费,2009-01-09,=0.0117,=9404.9300,=-0.1333,=19.7389,=0.0099,=18.1662,=23.2835,=31.6645,=40.5861,=69.3963,=4.2181,=0.0886,=3.6247,=5.2250,=6.5376,=9.1985,=14.9810,=4.2743,=0.2500,=1.8043,=3.8358,=4.8715,=7.3379,=10.9001,=0.0773,=0.2393,=0.0858,=0.0389,=2315
="931067",绩优策略,2018-02-14,=0.0138,=8351.1400,=0.0979,=19.7969,=0.6074,=10.5807,=14.6837,=18.5989,=26.9649,=44.0015,=5.3600,=0.5891,=3.5566,=4.2859,=5.0181,=7.5298,=11.8571,=3.2132,=0.6551,=2.1909,=2.5253,=2.8633,=4.9843,=8.6201,=0.0562,=0.2359,=0.0578,=0.0198,=25
="399395",国证有色,2012-10-29,=0.0423,=9772.3300,=0.0105,=19.9095,=0.3035,=12.7731,=17.9512,=29.1442,=56.1762,=326.9035,=3.3323,=0.8983,=1.7304,=2.0844,=2.5077,=3.0772,=4.8522,=1.3245,=0.9403,=0.6150,=0.7950,=0.9088,=1.1707,=1.9521,=0.0618,=0.1543,=0.0354,=0.0149,=662
="931897",绿色电力,2012-12-21,=0.0076,=1237.4800,=0.1429,=19.9335,=0.5754,=12.4356,=15.9537,=18.5401,=23.5727,=3316.8719,=1.9110,=0.9753,=1.0802,=1.3467,=1.6470,=1.7849,=2.0565,=2.0355,=0.9032,=0.8910,=1.1304,=1.2735,=1.7049,=2.6891,=0.0214,=0.0880,=0.0237,=0.0253,=157
="931637",港股通互联网,2021-01-11,=0.0143,=747.4900,=-0.2628,=19.9747,=0.0501,=16.9805,=23.2864,=28.2505,=41.8013,=87.7368,=2.4397,=0.0067,=2.2686,=3.0615,=3.4177,=4.2454,=11.7021,=2.4076,=0.0075,=2.1470,=2.9480,=3.4004,=4.5186,=11.5370,,,,=0.0095,=263
="931142",东证竞争,2019-03-20,=0.0110,=1997.6800,=0.0736,=19.9787,=0.9190,=9.8569,=11.9263,=14.0021,=15.9375,=27.8877,=2.9869,=0.8551,=1.5408,=1.7303,=2.0674,=2.5848,=4.6703,=3.0117,=0.9350,=0.9384,=1.2690,=1.6583,=2.2415,=3.1903,=0.0415,=0.1629,=0.0397,=0.0235,=212
="000807",食品饮料,2012-02-17,=0.0052,=15480.5600,=-0.1533,=20.0094,=0.0733,=16.7498,=21.9767,=30.4126,=37.5911,=67.1514,=3.6400,=0.0033,=3.5555,=4.7781,=6.2584,=8.2527,=14.6770,=4.0685,=0.0832,=3.5639,=4.5256,=5.6628,=7.6728,=12.7454,=0.0738,=0.1953,=0.0849,=0.0420,=4266
="931892",有色矿业,2013-07-15,=0.0471,=4064.7900,=0.0248,=20.0219,=0.2615,=13.1272,=18.7965,=31.6465,=57.3499,=131.9594,=3.5738,=0.9238,=1.7020,=2.1381,=2.5276,=3.1613,=5.3430,=1.3393,=0.9024,=0.6092,=0.7897,=0.9203,=1.2216,=2.0391,=0.0653,=0.1630,=0.0363,=0.0135,=191
="000819",有色金属,2012-05-09,=0.0436,=9501.9900,=0.0171,=20.0364,=0.3077,=12.4710,=17.7609,=29.0672,=56.0981,=216.1722,=3.4380,=0.8736,=1.7791,=2.1410,=2.6252,=3.2499,=4.9698,=1.3477,=0.8785,=0.6317,=0.8246,=0.9663,=1.2813,=1.9863,=0.0625,=0.1569,=0.0361,=0.0152,=1977
="930939",500质量,2018-11-21,=0.0097,=23234.1800,=0.0945,=20.0771,=0.8575,=10.4098,=13.9483,=15.9472,=19.1532,=27.8330,=2.3309,=0.6789,=1.6614,=2.0649,=2.2286,=2.4972,=3.9191,=1.9284,=0.8777,=0.9583,=1.1966,=1.4431,=1.7943,=2.9319,=0.0308,=0.1144,=0.0291,=0.0189,=458
="932420",智选船舶产业,2025-05-28,=0.0147,=1435.1600,=-0.0070,=20.0772,=0.8392,=12.9248,=14.0725,=16.2974,=19.7445,=21.8048,=1.3667,=0.7020,=1.1414,=1.2400,=1.2863,=1.4060,=1.5726,=1.0015,=0.7020,=0.8043,=0.8755,=0.9374,=1.0348,=1.1519,=0.0198,=0.0735,,=0.0254,=10
="930708",中证有色,2015-07-13,=0.0453,=3115.8800,=0.0103,=20.1384,=0.2842,=13.9228,=18.4348,=30.6579,=58.6764,=425.7934,=3.2292,=0.8390,=1.7134,=2.0958,=2.5634,=3.1544,=4.7639,=1.1880,=0.7854,=0.6123,=0.7797,=0.8963,=1.1989,=1.7984,=0.0592,=0.1479,=0.0346,=0.0145,=519
="000912",300消费,2007-07-02,=0.0071,=17588.9700,=-0.1521,=20.2654,=0.1145,=17.5697,=22.8006,=28.6859,=38.6910,=71.0374,=3.4372,=0.0029,=3.3672,=4.6631,=6.3975,=8.3226,=13.2137,=2.6481,=0.0531,=1.8902,=3.1967,=4.1905,=5.4980,=9.3193,=0.0602,=0.1878,=0.0812,=0.0427,=783
="000815",细分食品,2012-04-11,=0.0052,=15743.9700,=-0.1596,=20.3113,=0.0984,=16.6089,=22.0305,=30.6663,=37.3716,=68.5596,=3.5725,=0.0033,=3.4916,=4.7448,=6.1932,=8.2612,=14.7926,=4.4993,=0.0721,=3.9950,=4.9232,=6.1095,=8.3442,=14.4971,=0.0708,=0.1902,=0.0845,=0.0413,=764
="399372",大盘成长,2010-01-04,=0.0126,=5599.1300,=0.0622,=20.5771,=0.5428,=13.0565,=17.1009,=20.3411,=25.1884,=45.9159,=3.0113,=0.4967,=1.9139,=2.5019,=3.0159,=5.3647,=9.5601,=1.9404,=0.2302,=1.2183,=1.8038,=2.6215,=3.4476,=6.6651,=0.0399,=0.1447,=0.0379,=0.0217,=315
="399396",国证食品,2012-10-29,=0.0063,=14750.2500,=-0.1557,=20.6074,=0.0684,=17.1702,=22.1680,=30.0894,=37.2793,=66.0937,=3.4333,=0.0029,=3.3543,=4.5986,=6.0951,=7.6271,=14.3214,=3.4258,=0.0045,=3.3405,=3.9714,=5.0483,=6.2469,=12.4529,=0.0671,=0.1761,=0.0767,=0.0404,=1604
="930938",500成长估值,2018-12-04,=0.0159,=4899.4500,=0.0565,=20.6182,=0.8588,=9.4780,=13.0897,=16.7852,=19.7525,=30.3577,=2.1538,=0.5560,=1.4489,=1.8683,=2.1193,=2.2924,=3.6765,=1.3754,=0.7088,=0.6916,=0.9049,=1.1681,=1.5981,=2.2515,=0.0254,=0.1028,=0.0163,=0.0198,=71
="399438",绿色电力,2014-12-30,=0.0100,=2238.6500,=0.1242,=20.6845,=0.6866,=13.5016,=16.4170,=19.0062,=22.0341,=41.2289,=1.9326,=0.7994,=1.2516,=1.5037,=1.7939,=1.9331,=2.3077,=2.3471,=0.9716,=1.1906,=1.4257,=1.8184,=2.0432,=3.6995,=0.0222,=0.0881,=0.0248,=0.0249,=203
="930782",500SNLV,2016-02-04,=0.0124,=19493.1100,=0.0373,=20.7946,=0.5614,=13.0617,=17.6556,=20.0532,=25.1590,=33.4651,=1.6910,=0.7360,=1.0996,=1.3464,=1.4746,=1.8839,=2.6374,=1.3223,=0.7574,=0.5914,=0.8057,=0.8893,=1.4664,=2.0883,=0.0229,=0.0820,=0.0170,=0.0214,=1374
="399377",小盘价值,2010-01-04,=0.0197,=7719.9500,=0.0029,=20.8956,=0.8312,=9.8385,=13.2802,=15.1903,=19.9047,=34.2299,=1.3163,=0.6529,=0.8997,=1.0826,=1.2378,=1.8196,=2.1990,=0.7889,=0.5834,=0.4594,=0.5455,=0.7135,=1.2599,=1.8295,=0.0183,=0.0578,=0.0162,=0.0242,=624
="930641",中证中药,2015-05-19,=0.0150,=8377.0700,=-0.1196,=20.9699,=0.0428,=17.1921,=24.2477,=29.0509,=32.8209,=45.5431,=1.9517,=0.0025,=1.9198,=2.4935,=2.9709,=3.5529,=4.1073,=2.1152,=0.0025,=2.0844,=2.4502,=2.8341,=3.6589,=4.5776,=0.0326,=0.0928,=0.0347,=0.0383,=867
="000932",中证消费,2009-07-03,=0.0096,=12532.0100,=-0.1782,=21.0575,=0.1339,=18.2526,=23.3176,=29.2744,=38.6605,=67.7039,=3.2700,=0.0025,=3.1997,=4.2703,=5.3596,=7.0311,=11.1990,=2.4849,=0.0531,=1.9505,=2.9555,=3.5959,=4.6814,=7.7724,=0.0540,=0.1726,=0.0732,=0.0403,=12358
="931481",SHS线上消费,2020-05-06,=0.0083,=856.3500,=-0.2279,=21.2380,=0.0680,=17.8858,=23.6889,=30.1280,=46.9292,=121.3257,=2.5360,=0.0052,=2.4540,=3.1488,=3.5594,=5.4854,=9.8961,=2.6085,=0.1134,=2.0492,=2.8201,=3.3093,=4.3617,=7.8524,,=0.1066,,=0.0105,=63
="000989",全指可选,2011-08-02,=0.0029,=4865.3500,=-0.1302,=21.3076,=0.2607,=14.8205,=20.3831,=24.4096,=30.9879,=46.1708,=2.1189,=0.1936,=1.6599,=2.1303,=2.5102,=2.8467,=3.3093,=0.9832,=0.1384,=0.8200,=1.0138,=1.1685,=1.4558,=1.7628,=0.0237,=0.1045,=0.0284,=0.0251,=1295
="000069",消费80,2010-05-28,=0.0157,=4113.5500,=-0.1620,=21.3300,=0.1116,=16.4356,=22.2797,=24.9024,=33.0434,=60.5019,=2.7102,=0.0169,=2.4642,=3.1928,=3.5449,=4.8041,=7.6372,=1.6407,=0.3180,=1.0743,=1.4787,=1.9147,=2.7434,=3.8795,=0.0378,=0.1324,=0.0420,=0.0278,=936
="931000",大湾区,2017-07-19,=0.0057,=1861.9200,=0.0526,=21.3535,=0.9699,=11.8370,=14.5150,=16.2171,=18.9398,=23.4463,=2.0510,=0.4761,=1.3750,=1.7643,=2.0694,=2.5528,=3.2666,=1.5971,=0.5512,=1.1015,=1.3325,=1.5608,=1.8726,=2.5221,=0.0236,=0.0809,=0.0227,=0.0220,=13
="931442",SHS科技100,2020-04-21,=0.0080,=9354.3700,=-0.1309,=21.4614,=0.6289,=11.6240,=15.0697,=19.5921,=24.9015,=40.7731,=2.6109,=0.4990,=1.5813,=1.9732,=2.6159,=4.1186,=6.9092,=1.5870,=0.3859,=1.0913,=1.4331,=1.7345,=2.5895,=5.0819,,=0.1199,,=0.0134,=26
="000990",全指消费,2011-08-02,=0.0088,=10520.5400,=-0.1736,=21.4896,=0.1392,=18.6483,=23.8066,=30.7740,=39.0957,=75.7240,=3.2438,=0.0025,=3.1747,=4.0880,=4.9926,=6.2834,=9.6579,=2.5059,=0.0766,=2.1472,=2.7714,=3.3198,=4.0908,=6.6514,=0.0524,=0.1676,=0.0712,=0.0394,=3837
="930653",CS食品饮,2015-06-05,=0.0066,=12779.4200,=-0.1533,=21.4965,=0.0869,=17.6031,=22.9581,=31.2728,=38.3098,=65.8842,=3.3126,=0.0025,=3.2402,=4.4393,=5.7097,=7.1289,=12.9907,=3.2326,=0.0066,=3.0169,=3.8353,=4.7577,=5.8490,=11.4166,=0.0615,=0.1583,=0.0705,=0.0388,=895
="000929",中证材料,2009-07-03,=0.0364,=4482.9700,=0.0044,=21.5140,=0.6359,=9.9126,=14.1098,=19.5228,=25.2822,=714.1328,=2.4196,=0.8756,=1.3680,=1.6191,=1.8981,=2.2800,=3.1607,=1.2183,=0.8340,=0.6315,=0.7658,=0.8825,=1.1842,=1.5845,=0.0399,=0.1037,=0.0230,=0.0166,=525
="931140",医药50,2019-03-20,=0.0194,=9147.8100,=-0.1102,=21.5770,=0.0040,=20.8651,=25.5768,=28.7837,=43.4224,=67.0844,=3.2134,=0.0046,=3.0998,=4.2498,=4.9811,=7.4353,=10.9696,=4.0758,=0.0445,=3.4950,=4.6227,=5.1953,=7.1608,=12.1248,=0.0393,=0.1515,=0.0402,=0.0209,=1196
="HSIII",恒生互联网科技业指数,2020-07-20,=0.0149,=2294.4600,=-0.2186,=21.5813,=0.1600,=12.6629,=22.5246,=35.1393,=47.7236,=309808.9839,=2.3817,=0.0970,=1.7026,=2.5945,=4.2043,=6.1155,=8.5704,=1.8488,=0.0995,=1.1940,=2.0122,=2.4286,=3.5794,=5.1261,,=0.1194,,=0.0104,=2011
="930625",SHS互联网,2015-04-21,=0.0142,=2295.6600,=-0.2438,=21.6363,=0.0225,=18.9097,=27.3426,=35.5532,=51.6520,=84.5605,=2.6255,=0.0012,=2.5811,=3.5002,=4.9738,=6.6722,=9.2961,=2.5965,=0.0020,=2.4953,=3.4776,=4.3959,=5.8864,=8.7946,,=0.1125,,=0.0098,=323
="000963",中证下游,2010-04-16,=0.0104,=4976.4300,=-0.1286,=21.8286,=0.1252,=17.2626,=22.3422,=25.2854,=33.0927,=51.0836,=2.1586,=0.0016,=2.1385,=2.5893,=3.0757,=3.4350,=5.6334,=1.4265,=0.0465,=1.2209,=1.6156,=1.7721,=2.0785,=3.4797,=0.0267,=0.0958,=0.0301,=0.0302,=29
="931484",CS医药创新,2020-05-06,=0.0186,=1243.4800,=-0.1424,=21.9776,=0.0959,=18.2098,=24.1837,=27.5263,=46.9143,=86.1757,=3.7244,=0.0243,=3.3236,=4.5805,=5.4470,=11.4228,=17.5605,=4.8604,=0.0642,=3.7485,=5.5660,=6.5356,=11.3603,=20.8272,=0.0424,=0.1752,=0.0382,=0.0183,=393
="000985",中证全指,2011-08-02,=0.0090,=6196.2600,=0.0468,=22.2894,=0.9671,=12.6044,=15.9688,=17.6551,=20.2391,=23.7678,=1.8238,=0.5972,=1.2581,=1.5485,=1.7146,=1.9607,=2.1557,=1.7030,=0.8579,=1.0381,=1.2276,=1.3877,=1.6478,=1.8438,=0.0216,=0.0749,=0.0212,=0.0194,=663
="931027",港股通大消费,2017-11-06,=0.0213,=2690.8700,=-0.1376,=22.3848,=0.3387,=14.6383,=20.4420,=25.4609,=51.7679,=105.3721,=2.5284,=0.0604,=2.2514,=2.8689,=3.2487,=4.3503,=9.1499,=1.4945,=0.2613,=1.0973,=1.4407,=1.7690,=2.4962,=5.7985,,=0.1064,,=0.0226,=43
="HSSCITI",恒生港股通科技主题指数,2023-07-01,=0.0062,=2502.3700,=-0.1414,=22.4932,=0.2992,=15.2810,=21.1596,=23.9315,=27.0050,=33.8690,=2.6324,=0.1233,=2.1914,=2.7313,=2.9536,=3.4184,=4.1810,=2.1697,=0.5374,=1.5305,=1.8406,=2.1227,=2.7573,=3.5648,,=0.1205,,=0.0088,=81
="HSSCT",恒生港股通中国科技指数,2020-02-01,=0.0039,=6365.9200,=-0.1513,=22.5214,=0.2463,=15.0039,=22.0008,=24.8937,=33.1163,=55.7647,=2.6152,=0.1736,=1.8368,=2.6438,=3.0479,=4.7002,=8.0840,=2.1680,=0.3963,=1.1354,=1.8386,=2.3335,=3.2167,=6.0217,,=0.1202,,=0.0087,=94
="399990",煤炭等权,2015-01-21,=0.0110,=3668.0900,=0.2770,=22.5512,=0.9061,=5.7123,=8.6121,=10.6445,=15.5378,=347.5369,=1.8036,=0.9716,=0.8179,=1.1190,=1.3627,=1.6028,=2.0135,=2.0484,=0.9946,=0.6732,=0.9183,=1.1227,=1.4600,=2.2100,=0.0229,=0.0912,=0.0239,=0.0297,=245
="399998",中证煤炭,2015-02-13,=0.0068,=2530.9700,=0.2836,=22.5512,=0.9061,=5.7123,=8.6121,=10.6445,=15.5378,=347.5369,=1.8036,=0.9716,=0.8179,=1.1190,=1.3627,=1.6028,=2.0135,=2.0484,=0.9946,=0.6732,=0.9183,=1.1227,=1.4600,=2.2100,=0.0229,=0.0912,=0.0239,=0.0297,=2082
="930903",中证A股,2016-10-18,=0.0090,=4269.7300,=0.0461,=22.5592,=0.9704,=12.9620,=16.2406,=17.7391,=20.5271,=23.9680,=1.8301,=0.6254,=1.2607,=1.5526,=1.7067,=1.9468,=2.2108,=1.7060,=0.8802,=1.0406,=1.2305,=1.3760,=1.6349,=1.9264,=0.0216,=0.0748,=0.0212,=0.0193,=11
="HSTECH",恒生科技指数,2020-07-01,=0.0106,=4705.2000,=-0.1470,=22.7043,=0.2894,=14.7293,=21.7852,=26.5333,=42.1101,=73.7725,=2.5414,=0.3253,=1.7280,=2.3825,=2.8156,=3.7817,=8.3408,=1.6416,=0.1202,=1.2545,=1.7266,=2.0422,=3.1823,=6.6932,,=0.1209,,=0.0122,=7129
="HSSCNE",恒生港股通新经济指数,2018-01-08,=0.0145,=3594.1400,=-0.1635,=22.8151,=0.3696,=15.8046,=20.7082,=24.1234,=28.5275,=53.5009,=2.6720,=0.4039,=1.7963,=2.2500,=2.8324,=3.4805,=6.9059,=1.8579,=0.3431,=1.4023,=1.7299,=2,=2.5611,=5.3019,,=0.1261,,=0.0104,=206
="399370",国证成长,2010-01-04,=0.0107,=5492.4500,=0.0844,=22.8827,=0.6256,=14.0104,=18.8796,=21.5820,=25.6798,=39.9195,=3.1339,=0.5972,=1.9695,=2.5719,=2.9719,=4.0392,=6.0628,=1.9931,=0.4180,=1.2188,=1.6926,=2.0781,=2.8020,=3.4917,=0.0375,=0.1344,=0.0327,=0.0191,=112
="931755",SEEE碳中和,2021-10-21,=0.0218,=2030.5700,=-0.0331,=22.9413,=0.6829,=13.4966,=17.4449,=21.1809,=24.7926,=29.4214,=2.3634,=0.4881,=1.7561,=1.9634,=2.3833,=2.7449,=3.9105,=1.3432,=0.6507,=0.8856,=1.0360,=1.2213,=1.4435,=2.3046,=0.0267,=0.0916,=0.0211,=0.0180,=142
="931588",1000价值稳健,2020-11-09,=0.0150,=33238.8900,=-0.0727,=23.0850,=0.9586,=12.8074,=16.6790,=18.5108,=20.5960,=25.6024,=1.2563,=0.1820,=1.0253,=1.2730,=1.4369,=1.5635,=1.9102,=0.6180,=0.4346,=0.4756,=0.5529,=0.6278,=0.6872,=0.8427,=0.0162,=0.0641,=0.0212,=0.0268,=106
="931470",SHS云计算,2020-04-21,=0.0040,=3842.5000,=0.0417,=23.0981,=0.3370,=13.2694,=19.9501,=25.1599,=31.3765,=62.1875,=3.4679,=0.2122,=2.5281,=3.4476,=3.9057,=5.8348,=9.6099,=3.7526,=0.1441,=2.7843,=3.8677,=4.4903,=6.4346,=10.5654,,=0.1294,,=0.0077,=39
="1000002",A股全指,1994-01-01,=0.0090,=6196.2583,=0.0468,=23.1617,=0.9530,=12.9500,=16.6937,=18.4873,=21.3925,=25.0020,=1.8522,=0.5956,=1.2633,=1.5742,=1.7426,=2.0167,=2.1910,=1.7244,=0.8493,=1.0499,=1.2419,=1.3993,=1.6716,=1.9034,=0.0215,=0.0745,=0.0211,=0.0190,=7908
="000813",细分化工,2012-04-11,=0.0337,=3883.6700,=0.0186,=23.2103,=0.5972,=11.4329,=16.5422,=21.9366,=28.4526,=42.1751,=2.5792,=0.4885,=1.6736,=2.0413,=2.6117,=3.1017,=4.9148,=1.4582,=0.5313,=0.8896,=1.1116,=1.4038,=1.9663,=3.1071,=0.0394,=0.0961,=0.0234,=0.0151,=955
="931166",医药健康100,2019-04-25,=0.0211,=3551.7200,=-0.1195,=23.2149,=0.3166,=17.5935,=22.3062,=26.0287,=36.2325,=58.5515,=3.0519,=0.0399,=2.7671,=3.3751,=4.2264,=5.9008,=8.5226,=3.7317,=0.4890,=2.1887,=3.0511,=3.7568,=4.4720,=6.8190,=0.0346,=0.1325,=0.0321,=0.0181,=399
="H30015",800汽车,2012-12-21,=0.0105,=8175.0700,=-0.1875,=23.3110,=0.5284,=11.4503,=15.2870,=22.6988,=31.8568,=45.6288,=1.9448,=0.2652,=1.3220,=1.7485,=2.1800,=2.4571,=3.4622,=0.8295,=0.4452,=0.5106,=0.6738,=0.8551,=1.0477,=1.4573,=0.0155,=0.0922,=0.0213,=0.0160,=188
="000904",中证200,2007-01-15,=0.0104,=6021.3200,=0.0658,=23.4633,=0.9765,=11.9474,=14.9328,=16.7908,=19.2720,=25.2311,=1.9636,=0.6812,=1.2748,=1.5010,=1.7462,=2.0644,=2.3407,=1.4176,=0.4782,=1.0540,=1.2920,=1.4308,=1.6942,=2.1135,=0.0231,=0.0739,=0.0238,=0.0217,=721
="000930",中证工业,2009-07-03,=0.0166,=3489.3900,=-0.0051,=23.4645,=0.7603,=13.1747,=16.3728,=20.2912,=24.0312,=30.4087,=1.8401,=0.4732,=1.3752,=1.5615,=1.8653,=2.1244,=2.6342,=0.8778,=0.7838,=0.5311,=0.6373,=0.7618,=0.8841,=1.0502,=0.0191,=0.0679,=0.0169,=0.0187,=323
="931573",HKC科技,2014-05-21,=0.0112,=2846.0800,=-0.1222,=23.5958,=0.1496,=18.3272,=24.2180,=28.5320,=39.9553,=82.7075,=2.9592,=0.2052,=2.3269,=2.9502,=3.3421,=4.2643,=10.6583,=1.8922,=0.1622,=1.5041,=1.9653,=2.3105,=3.3978,=8.3359,,=0.1200,,=0.0098,=288
="931752",工程机械主题,2021-09-27,=0.0118,=2515.0300,=-0.0023,=23.6254,=0.7293,=13.6456,=18.4570,=21.1607,=24.3844,=27.9581,=2.1228,=0.8005,=1.2593,=1.5735,=1.7140,=2.1220,=2.6511,=1.3027,=0.8058,=0.7133,=0.9139,=1.0146,=1.2932,=1.6462,=0.0241,=0.0958,=0.0272,=0.0209,=93
="930794",中美互联网,2016-04-22,,,=-0.1759,=24.2822,=0.0165,=21.6222,=27.9974,=32.4589,=38.0931,=50.5410,=5.8099,=0.2256,=3.5920,=5.7048,=6.5708,=7.5414,=9.2259,=4.6412,=0.4014,=2.2940,=3.8795,=4.8566,=5.5740,=7.0802,,=0.2458,,=0.0028,=427
="987008",港股通科技,2021-03-08,,,=-0.1991,=24.4568,=0.2352,=16.3992,=24.1188,=27.3175,=34.0085,=63.8758,=2.6006,=0.0386,=2.3408,=2.9628,=3.4276,=3.9814,=8.4842,=2.1515,=0.0285,=1.9635,=2.6280,=2.9842,=3.8721,=8.7605,,=0.0980,,=0.0076,=83
="931574",港股科技,2013-05-21,=0.0132,=1538.1100,=-0.1239,=24.5174,=0.3227,=16.3025,=22.7634,=27.4841,=42.9658,=59.3282,=2.8350,=0.4197,=1.8790,=2.5076,=2.9584,=3.5924,=8.1693,=1.7316,=0.2457,=1.3201,=1.6680,=1.9768,=2.8597,=5.7490,,=0.1080,,=0.0103,=267
="399814",大农业,2014-07-22,=0.0195,=1064.1600,=-0.1125,=24.7060,=0.2677,=17.8693,=23.5253,=28.4223,=32.8193,=111.7688,=2.7216,=0.0428,=2.4368,=2.9347,=3.3238,=4.3739,=6.4483,=1.5058,=0.1989,=1.2031,=1.5064,=1.8388,=2.3347,=3.7145,=0.0257,=0.1209,=0.0380,=0.0274,=768
="399365",国证粮食,2009-11-04,=0.0135,=11863.9900,=-0.1243,=24.7716,=0.3806,=13.3311,=20.2380,=27.2700,=35.1609,=54.5886,=2.1669,=0.2372,=1.6393,=2.0714,=4.1007,=6.4726,=11.3501,=0.8714,=0.2426,=0.5961,=0.8022,=3.1468,=4.6078,=8.7065,=0.0232,=0.0838,=0.0244,=0.0184,=64
="399702",深证F120,2010-05-10,=0.0095,=7423.2600,=-0.0201,=24.9688,=0.9629,=12.6034,=17.7577,=20.6674,=22.4740,=28.8861,=2.0703,=0.2809,=1.5963,=1.9896,=2.2126,=2.6268,=3.5867,=1.3201,=0.4942,=0.8721,=1.1411,=1.3255,=1.5880,=2.2308,=0.0250,=0.0726,=0.0233,=0.0232,=1429
="000987",全指材料,2011-08-02,=0.0352,=5158.2900,=0.0295,=25.0094,=0.6800,=11.8534,=16.4415,=21.1342,=28.2417,=1313.4345,=2.4497,=0.7463,=1.3547,=1.6745,=2.0389,=2.5042,=3.3213,=1.2253,=0.6981,=0.6546,=0.8401,=1.0194,=1.3510,=1.7398,=0.0340,=0.0892,=0.0206,=0.0149,=389
="399617",深证消费,2011-06-15,=0.0089,=7165.8700,=-0.2244,=25.3697,=0.4246,=15.3450,=22.1545,=26.6065,=32.2901,=1768.1548,=2.2855,=0.0016,=2.2457,=3.3229,=4.2546,=5.7452,=9.2732,=1.3512,=0.0016,=1.3286,=1.8797,=2.4636,=3.6982,=6.3240,=0.0294,=0.1055,=0.0582,=0.0399,=368
="399374",中盘成长,2010-01-04,=0.0121,=5152.8000,=0.1271,=25.6647,=0.6491,=12.0664,=16.7063,=22.9739,=27.5292,=33.1996,=3.4560,=0.6685,=1.8942,=2.4103,=3.1272,=3.6257,=4.3864,=2.3571,=0.6697,=0.9013,=1.6620,=2.2048,=2.4861,=3.0605,=0.0366,=0.1248,=0.0238,=0.0156,=202
="399701",深证F60,2010-05-10,=0.0077,=7743.6500,=-0.0248,=25.7797,=0.9745,=12.1841,=16.9404,=19.7471,=22.1028,=29.1141,=1.9740,=0.1709,=1.6712,=2.0186,=2.1817,=2.5391,=3.7270,=1.2977,=0.3250,=1.0125,=1.2372,=1.3649,=1.5630,=2.4139,=0.0232,=0.0664,=0.0243,=0.0253,=1679
="931008",汽车指数,2013-07-15,=0.0129,=9471.5400,=-0.2092,=26.1922,=0.4982,=12.0130,=17.4495,=26.2739,=36.2485,=55.3660,=2.0064,=0.3170,=1.1809,=1.5409,=2.2176,=2.4577,=3.4286,=0.8526,=0.4245,=0.4315,=0.5523,=0.9119,=1.0534,=1.4087,=0.0152,=0.0829,=0.0208,=0.0157,=478
="399989",中证医疗,2014-10-31,=0.0198,=5894.4700,=-0.1280,=26.2810,=0.0820,=22.9032,=29.9304,=39.6337,=60.4260,=114.3753,=2.9484,=0.0082,=2.8553,=3.8196,=5.4878,=8.0993,=13.4814,=4.9478,=0.0572,=4.3528,=5.6450,=6.5705,=9.4492,=17.4163,=0.0284,=0.1137,=0.0290,=0.0149,=8454
="000941",新能源,2009-10-28,=0.0154,=2634.3800,=0.0235,=26.6842,=0.3769,=10.2578,=20.0458,=29.0439,=37.6439,=57.4660,=3.3906,=0.7105,=1.8262,=2.2551,=2.9571,=3.8432,=8.1424,=2.6970,=0.7109,=1.2704,=1.5651,=2.2658,=2.9594,=7.0320,=0.0322,=0.1201,=0.0313,=0.0149,=2463
="HSSI",恒生综合小型股指数,2001-10-03,=0.0153,=1437.1600,=-0.0849,=26.6998,=0.8323,=7.3220,=11.0812,=16.4113,=26.2460,=83.7574,=1.0497,=0.5956,=0.5652,=0.7237,=0.9816,=1.1647,=1.4185,=0.6959,=0.4990,=0.3459,=0.4532,=0.6963,=0.9205,=1.2872,,,,=0.0264,=127
="000969",300非周,2010-05-28,=0.0058,=5825.4100,=0.0939,=26.7950,=0.8159,=15.9839,=20.6372,=22.5402,=26.1110,=38.7203,=2.8051,=0.5408,=2.0789,=2.4932,=2.7779,=3.1873,=4.9189,=1.5461,=0.7961,=0.8921,=1.1519,=1.2835,=1.5527,=2.2463,=0.0251,=0.0964,=0.0261,=0.0199,=86
="000988",全指工业,2011-08-02,=0.0166,=4143.4500,=0.0037,=26.8846,=0.6524,=13.7285,=19.3784,=24.0725,=29.3583,=37.6625,=1.9887,=0.4703,=1.3866,=1.6520,=2.0216,=2.4481,=2.7728,=0.9407,=0.5745,=0.5551,=0.7456,=0.9046,=1.0715,=1.3765,=0.0185,=0.0650,=0.0170,=0.0167,=234
="931829",中证回购,2023-10-17,=0.0024,=2404.8200,=0.0406,=27.1763,=0.5288,=16.8171,=21.7589,=25.9453,=34.5761,=40.4937,=2.2387,=0.9362,=1.3801,=1.5652,=1.7346,=1.9649,=2.3571,=0.9463,=0.1664,=0.7604,=0.9587,=1.0197,=1.1651,=1.4917,=0.0242,=0.0495,=0.0133,=0.0271,=40
="931403",品牌工程,2020-01-14,=0.0090,=2133.9900,=0.0809,=27.1839,=0.4113,=18.7149,=24.0272,=29.3237,=43.9028,=69.9724,=4.0229,=0.2108,=3.2380,=4.0099,=5.0427,=7.6931,=10.9810,=3.1613,=0.3462,=2.2604,=2.9249,=3.3791,=4.8065,=7.2001,=0.0453,=0.1433,=0.0461,=0.0217,=117
="930901",动漫游戏,2016-10-18,=0.0116,=1551.4700,=-0.2671,=27.4391,=0.1182,=17.2478,=29.6063,=42.3336,=276.4914,=4647.5377,=2.8831,=0.4940,=1.7335,=2.2956,=2.8954,=4.0760,=7.9690,=4.5261,=0.3485,=2.8663,=4.2059,=5.0102,=6.8221,=10.0355,=0.0360,=0.1150,=0.0336,=0.0201,=831
="931747",中证储能,2021-10-15,=0.0201,=8045.5400,=0.0100,=27.4740,=0.4816,=16.6670,=22.1574,=27.8205,=53.3473,=124.6415,=4.4949,=0.4210,=3.1109,=3.9357,=4.6615,=6.9857,=12.5394,=2.2929,=0.5147,=1.2712,=1.7006,=2.2738,=3.7629,=8.7019,=0.0355,=0.1665,=0.0400,=0.0132,=129
="HSBIO",恒生生物科技指数,2019-12-01,=0.0318,=12336.2400,=-0.1299,=27.4938,=0.0629,=20.8275,=30.7448,=62.0030,=139.4602,=62737.8398,=2.6359,=0.4126,=1.5084,=2.1463,=2.9063,=4.4448,=6.7821,=1.4757,=0.4599,=0.7434,=1.0915,=1.5336,=2.1465,=3.5303,,=0.1063,,=0.0125,=665
="399804",中证体育,2015-02-09,=0.0139,=1676.4700,=-0.1548,=27.5609,=0.3571,=17.8349,=25.3483,=31.6952,=46.3397,=92.9525,=2.7140,=0.1911,=2.0588,=2.7278,=3.2148,=3.8268,=5.7602,=2.3747,=0.2426,=1.7235,=2.3150,=2.8676,=4.0954,=7.1775,=0.0257,=0.0922,=0.0231,=0.0249,=296
="HSSSHID",恒生沪深港创新药精选50指数,2020-03-01,=0.0291,=6729,=-0.1025,=27.5635,=0.0987,=23.4861,=29.4913,=35.5685,=52.1276,=94.0285,=3.2048,=0.3648,=2.0729,=2.8094,=3.7249,=6.3886,=8.4497,=4.5624,=0.6447,=1.3432,=1.8887,=3.2358,=5.9705,=8.1459,,=0.1192,,=0.0108,=285
="931590",500成长创新,2020-11-09,=0.0086,=29094.6600,=0.0713,=27.6128,=0.8256,=14.5054,=17.7621,=20.1277,=26.8786,=32.9124,=3.2002,=0.7602,=1.6442,=2.3222,=2.6428,=3.2724,=3.8320,=3.2105,=0.9308,=1.3106,=1.9755,=2.2760,=2.6787,=3.6034,=0.0292,=0.1277,=0.0317,=0.0133,=89
="399432",智能汽车,2014-12-30,=0.0129,=6286.0900,=-0.0736,=27.8128,=0.5568,=12.3799,=17.8046,=23.6762,=66.1522,=131.3343,=3.7452,=0.5445,=1.4019,=2.1830,=3.4916,=6.5055,=11.4939,=2.1372,=0.5741,=0.5888,=0.9103,=1.8609,=4.6026,=8.8483,=0.0329,=0.1377,=0.0319,=0.0121,=17
="000857",500医药,2013-11-06,=0.0206,=9255.9000,=-0.0975,=27.8264,=0.4106,=16.5096,=22.8953,=30.0089,=37.8558,=66.9361,=2.5246,=0.2459,=1.9620,=2.4653,=2.8448,=3.5282,=5.0991,=2.3211,=0.5910,=1.3156,=1.7601,=2.1318,=2.7846,=4.5555,=0.0260,=0.0879,=0.0247,=0.0195,=734
="931526",企业核心竞争力50,2020-08-24,=0.0111,=1304.3200,=-0.0051,=27.8294,=0.6375,=13.8510,=17.2717,=23.1469,=30.0042,=51.8267,=4.1348,=0.5278,=1.7937,=3.0915,=4.0826,=6.7908,=10.8733,=3.3810,=0.4573,=0.9066,=1.4998,=3.4342,=4.5521,=7.9459,=0.0371,=0.1485,=0.0461,=0.0143,=86
="000907",中证700,2007-01-15,=0.0096,=6965.7000,=0.0761,=27.8359,=0.9703,=13.5964,=17.1411,=19.5549,=24.0532,=30.1680,=2.1693,=0.7582,=1.3201,=1.5885,=1.8282,=2.2144,=2.4753,=1.5369,=0.7228,=0.9663,=1.1771,=1.3275,=1.6116,=1.9854,=0.0223,=0.0692,=0.0213,=0.0176,=265
="931524",SHS科技龙头,2020-07-16,=0.0061,=2810.1500,=0.0455,=27.8873,=0.6102,=18.9033,=23.4777,=26.6271,=35.7114,=59.9125,=3.5589,=0.4066,=2.7731,=3.2893,=3.6666,=5.1623,=9.0190,=2.6342,=0.5452,=1.6886,=2.2567,=2.5483,=4.2454,=7.2475,,=0.1133,,=0.0087,=219
=".INX",标普500,1957-03-04,=0.0175,=7394.3000,=0.0802,=27.8927,=0.7521,=15.6907,=21.8433,=24.0969,=28.6380,=42.9883,=5.5424,=0.9897,=2.4601,=3.2318,=3.9479,=4.7497,=5.7044,=3.5444,=0.9897,=1.5801,=2.0891,=2.3741,=3.0377,=3.6541,,,=0.0468,=0.0100,=9191
="980032",新能电池,2015-02-17,=0.0204,=15818.0200,=0.0046,=27.9144,=0.4241,=14.3994,=22.1773,=30.4929,=82.4244,=130.4039,=3.9818,=0.3782,=2.4545,=3.3364,=4.3041,=7.7278,=11.8091,=2.1477,=0.4414,=1.1163,=1.6802,=2.2525,=4.9350,=7.8642,=0.0362,=0.1357,=0.0304,=0.0119,=743
="1000008",沪深B股,1994-01-10,=0.0173,=267.4400,=0.0537,=28.0998,=0.7541,=7.0835,=12.9500,=17.5174,=30.7710,=97.5837,=0.7986,=0.2990,=0.6594,=0.7811,=0.8503,=1.0591,=1.4976,=0.5405,=0.6297,=0.3777,=0.4474,=0.5018,=0.5911,=1.1545,,,=0.0134,=0.0388,=370
="000037",上证医药,2009-01-09,=0.0264,=5685.8600,=-0.1024,=28.1660,=0.0700,=21.0843,=31.4689,=34.7377,=41.6925,=61.3894,=2.9830,=0.0470,=2.7278,=3.3430,=3.8804,=4.6064,=7.3155,=2.1598,=0.3155,=1.5724,=2.0207,=2.3549,=2.9053,=4.1395,=0.0281,=0.1036,=0.0282,=0.0136,=2066
="H11052",智能电车,2009-07-22,=0.0116,=4010.3600,=-0.0551,=28.2385,=0.2677,=16.1153,=26.3707,=33.2867,=63.1654,=148.6443,=3.8059,=0.4802,=2.6129,=3.1952,=3.8892,=5.5018,=9.7804,=1.9298,=0.4242,=1.2507,=1.6566,=2.0376,=3.2703,=6.6252,=0.0316,=0.1293,=0.0281,=0.0110,=193
="980027",新能源电池,2015-02-16,=0.0140,=3430.8300,=0.0155,=28.2730,=0.6860,=16.8641,=21.0089,=24.6864,=30.5895,=35.7610,=4.4637,=0.8388,=2.5249,=3.0230,=3.4558,=4.4073,=5.0238,=3.0914,=0.7534,=1.4888,=1.8950,=2.3975,=3.2533,=3.8612,=0.0376,=0.1513,=0.0348,=0.0147,=94
="931230",汽车零部件,2013-07-15,=0.0010,=1132.9200,=-0.1236,=28.3409,=0.6168,=18.5338,=23.7620,=26.6725,=30.5196,=34.9965,=2.9529,=0.6781,=1.8462,=2.2868,=2.6077,=3.1769,=3.7531,=1.8710,=0.6826,=1.1819,=1.4590,=1.6627,=2.0128,=2.3775,=0.0227,=0.1141,=0.0262,=0.0137,=44
="931239",港股通汽车,2022-07-21,=0.0232,=2166.6900,=-0.0630,=28.5184,=0.9316,=12.1049,=14.2579,=16.7499,=22.8147,=32.0714,=3.0970,=0.9250,=1.2076,=1.4335,=1.5700,=2.0925,=3.5989,=1.5487,=0.9197,=0.6024,=0.6834,=0.7519,=1.0492,=1.7776,,=0.1152,,=0.0138,=48
="399417",新能源车,2014-09-24,=0.0143,=3808.9700,=-0.0208,=28.5224,=0.4403,=14.2186,=20.9786,=30.3715,=56.7862,=106.6289,=3.8672,=0.6124,=1.6630,=2.3848,=3.4557,=4.6332,=9.6468,=2.1308,=0.6343,=0.6730,=1.0553,=1.8508,=2.5614,=6.6041,=0.0339,=0.1319,=0.0293,=0.0123,=2433
="HSHCI",恒生医疗保健指数,2015-08-17,=0.0283,=3128.5800,=-0.1456,=28.6449,=0.4089,=15.9973,=23.1495,=33.3531,=116.7583,=143059.6617,=2.4487,=0.3626,=1.4805,=2.2495,=2.6398,=3.4857,=7.0432,=1.5375,=0.6776,=0.8149,=1.0216,=1.2920,=1.8603,=3.5391,,=0.0976,,=0.0131,=1723
="932246",储能电池,2022-07-08,=0.0258,=4917.4600,=0.0219,=28.6563,=0.6578,=13.3190,=20.1688,=26.6378,=33.3739,=40.1514,=4.4238,=0.7801,=2.3139,=2.6678,=3.2405,=4.4475,=5.1292,=2.9877,=0.6826,=1.3666,=1.6726,=2.2782,=3.3057,=3.7523,=0.0403,=0.1439,=0.0321,=0.0141,=67
="000933",中证医药,2009-07-03,=0.0205,=7139.3900,=-0.1176,=28.8194,=0.2768,=22.6651,=27.9076,=32.4335,=37.5440,=63.0472,=2.6937,=0.0132,=2.5059,=3.2021,=3.9926,=4.6444,=7.0232,=2.4817,=0.1775,=1.9281,=2.5147,=3.0237,=3.5833,=5.1631,=0.0282,=0.0926,=0.0299,=0.0180,=7157
="399806",环境治理,2014-07-21,=0.0154,=1390.2600,=0.0024,=28.9212,=0.4596,=17.0172,=24.4030,=29.3635,=36.4081,=50.8764,=1.7584,=0.4666,=1.1727,=1.6054,=1.7746,=2.6016,=4.4901,=1.9243,=0.2949,=1.3064,=1.8403,=2.0841,=3.0948,=5.9378,=0.0205,=0.0536,=0.0189,=0.0163,=847
="000991",全指医药,2011-08-02,=0.0216,=7707,=-0.1160,=29.1389,=0.1820,=23.5983,=29.4649,=34.3122,=40.7097,=73.5923,=2.6794,=0.0054,=2.5957,=3.1908,=3.8009,=4.7156,=6.5650,=2.4652,=0.0857,=2.0200,=2.6595,=3.0247,=3.7460,=5.9103,=0.0278,=0.0907,=0.0276,=0.0177,=7939
="000936",中证电信,2009-07-03,=-0.0087,=13768.2100,=0.3851,=29.4706,=0.5745,=14.1836,=20.2187,=26.5995,=41.2907,=123.1725,=2.7601,=0.7858,=1.2149,=1.7613,=2.3295,=2.7780,=3.6232,=2.6309,=0.9922,=0.7463,=1.0149,=1.2532,=1.7913,=2.7955,=0.0215,=0.0913,=0.0219,=0.0217,=338
="000978",医药100,2011-03-18,=0.0233,=9221.1700,=-0.1158,=29.5646,=0.2418,=23.7467,=28.9132,=33.9045,=37.7449,=66.4077,=2.7305,=0.0045,=2.6475,=3.2647,=4.2043,=5.0228,=7.8052,=2.5853,=0.1392,=2.0946,=2.6810,=3.1482,=3.6585,=5.9820,=0.0280,=0.0911,=0.0286,=0.0173,=4707
="399698",优势成长,2017-06-15,=0.0108,=48602.6900,=-0.0677,=29.5926,=0.6537,=14.2338,=18.2069,=22.9760,=35.6385,=66.5130,=2.0226,=0.5841,=1.2178,=1.5074,=1.9146,=2.3038,=2.9395,=2.7541,=0.8145,=0.6634,=1.0591,=1.7059,=2.6073,=4.7303,=0.0192,=0.0690,=0.0052,=0.0140,=41
="000913",300医药,2007-07-02,=0.0212,=7156.4400,=-0.1284,=29.6343,=0.2521,=22.1588,=28.7849,=33.3995,=39.4945,=73.4129,=2.8403,=0.0029,=2.7345,=3.6405,=4.8053,=5.9997,=9.5028,=2.6215,=0.0474,=2.2757,=2.9131,=3.3667,=5.4122,=7.4989,=0.0300,=0.0967,=0.0342,=0.0170,=3374
="399976",CS新能车,2014-11-28,=0.0189,=4444.6800,=-0.0048,=29.6666,=0.3390,=13.8890,=22.9409,=34.6176,=62.0581,=231.2544,=3.8200,=0.4745,=2.0896,=3.0973,=3.8901,=6.2111,=11.9870,=2.1921,=0.4012,=0.7703,=1.7976,=2.3147,=4.1914,=9.1824,=0.0343,=0.1248,=0.0265,=0.0109,=2013
="931719",CS电池,2013-07-15,=0.0219,=4389.2300,=0.0323,=29.7046,=0.2570,=15.7007,=26.6926,=42.2417,=64.5717,=121.8822,=4.3341,=0.6194,=1.9771,=2.9299,=3.9532,=5.7430,=11.8941,=2.8969,=0.4588,=1.2782,=2.0999,=3.0307,=4.7400,=9.5565,=0.0377,=0.1370,=0.0297,=0.0130,=548
="930997",新能源车,2017-07-19,=0.0195,=3011.7900,=-0.0085,=29.8173,=0.4497,=14.0460,=20.4309,=31.8722,=84.3995,=171.6022,=3.8290,=0.5248,=1.7502,=2.4198,=3.6721,=6.0919,=11.4567,=2.1982,=0.5151,=0.7652,=1.1965,=2.1508,=3.9283,=8.7389,=0.0346,=0.1243,=0.0266,=0.0109,=1968
="399440",国证钢铁,2014-12-30,=0.0287,=1301.6500,=-0.1238,=30.1472,=0.6981,=5.7530,=9.0941,=18.4331,=36.9739,=695.2734,=1.0184,=0.4448,=0.7172,=0.9161,=1.0511,=1.3591,=2.0509,=0.5131,=0.5956,=0.3277,=0.3895,=0.4572,=0.6239,=1.3827,=0.0058,=0.0382,=0.0096,=0.0236,=467
="399330",深证100,2006-01-24,=0.0069,=6493.9400,=0.1163,=30.4397,=0.9057,=14.9910,=20.3724,=22.6597,=26.9211,=38.9547,=3.1125,=0.6697,=1.9919,=2.4973,=2.9390,=3.5437,=5.5535,=2.2305,=0.6532,=1.3434,=1.7255,=2.0976,=2.4334,=4.0791,=0.0278,=0.0897,=0.0269,=0.0173,=2329
="930746",港中小企,2015-08-26,=0.0204,=2410.8700,=-0.1038,=30.6300,=0.9826,=7.8499,=11.1100,=14.1685,=17.9391,=36.0739,=1.0026,=0.4191,=0.6829,=0.8308,=1.0791,=1.2267,=1.6951,=0.6538,=0.4085,=0.3939,=0.5282,=0.6911,=0.8171,=1.1520,,=0.0299,,=0.0333,=208
="931250",港股通创新药,2012-07-20,=0.0353,=892.7800,=-0.1114,=30.6482,=0.1043,=21.4435,=32.4996,=36.4179,=45.0856,=63.0533,=3.0634,=0.6438,=1.5232,=1.8152,=2.3140,=3.8358,=4.5255,=5.1387,=0.6438,=1.4727,=1.7542,=2.2911,=6.5404,=7.7209,,=0.1071,,=0.0095,=114
="931787",港股创新药,2018-08-14,=0.0352,=1112.6900,=-0.1140,=30.6482,=0.2273,=20.8973,=29.3972,=44.7667,=80.1665,=400.8209,=3.0634,=0.5408,=1.5132,=2.2999,=2.9547,=4.1475,=5.7621,=5.1387,=0.8787,=0.8553,=1.2957,=2.0712,=3.2167,=7.7308,,=0.1071,,=0.0095,=733
="000808",医药生物,2012-02-17,=0.0216,=7317.5600,=-0.1170,=30.6900,=0.3241,=23.4705,=28.4012,=34.6716,=37.8826,=66.3352,=2.7380,=0.0049,=2.6521,=3.2713,=4.1876,=4.9158,=7.9299,=2.5699,=0.1400,=2.0659,=2.6696,=3.1020,=3.5465,=6.2098,=0.0273,=0.0877,=0.0275,=0.0169,=1417
="000009",上证380,2010-11-29,=0.0089,=7011.1300,=0.0642,=30.9690,=0.9003,=11.6192,=14.6311,=18.0572,=25.1664,=39.7002,=2.2818,=0.7603,=1.2909,=1.6348,=1.9528,=2.3748,=2.8641,=1.4344,=0.7661,=0.7850,=0.9359,=1.0820,=1.5162,=1.8994,=0.0195,=0.0662,=0.0205,=0.0157,=866
="399005",中小板指,2006-01-24,=0.0088,=9025.7000,=0.0922,=31.0762,=0.6034,=16.1163,=23.0594,=28.6041,=34.0015,=44.0181,=3.1366,=0.3398,=2.0289,=2.7456,=3.4561,=4.3354,=5.3697,=2.1629,=0.3789,=1.3510,=1.8242,=2.3833,=3.3210,=4.1546,=0.0255,=0.0988,=0.0255,=0.0129,=3247
="931579",东证优势成长,2020-11-09,=0.0157,=9621.2800,=0.2606,=31.2395,=0.8339,=7.9327,=14.2131,=19.0839,=29.9701,=61.0103,=6.3284,=0.8738,=0.9149,=2.5907,=3.3922,=5.8240,=9.3390,=3.9095,=0.8863,=1.1828,=2.0487,=2.3519,=3.6221,=6.0793,=0.0548,=0.1983,=0.0468,=0.0103,=136
="000814",细分医药,2012-04-11,=0.0224,=7429.5100,=-0.1099,=31.4492,=0.4185,=21.8871,=27.2171,=32.7895,=37.7098,=60.8250,=2.8454,=0.0918,=2.4219,=3.2242,=4.1224,=4.8793,=7.4081,=2.2789,=0.1940,=1.7858,=2.2905,=2.9130,=3.8211,=5.4819,=0.0283,=0.0890,=0.0304,=0.0166,=409
="399394",国证医药,2012-10-29,=0.0219,=7408.7400,=-0.1270,=31.5229,=0.3521,=22.8656,=29.2567,=34.2709,=39.7900,=65.8576,=2.9153,=0.0128,=2.7032,=3.4411,=4.5011,=5.4623,=8.6075,=2.6404,=0.1598,=1.9890,=2.7167,=3.1605,=4.7414,=6.5385,=0.0285,=0.0916,=0.0308,=0.0164,=1065
="931798",光伏龙头30,2009-06-16,=0.0062,=2211.6300,=0.0626,=31.5417,=0.6759,=8.0886,=17.2703,=24.1809,=37.6501,=66.5518,=2.7810,=0.6293,=1.6869,=2.0192,=2.4048,=4.5869,=8.3847,=2.2480,=0.6820,=0.9999,=1.3312,=1.6711,=3.0669,=5.7040,=0.0172,=0.0745,=0.0196,=0.0113,=194
="399315",巨潮中盘,2005-02-03,=0.0104,=5189.8200,=0.0904,=31.7058,=0.8340,=14.3715,=18.4236,=22.9168,=29.8766,=46.2941,=2.5250,=0.7442,=1.5252,=1.8924,=2.1512,=2.5842,=2.9380,=1.8564,=0.9666,=0.8408,=1.2257,=1.4282,=1.6519,=2.0305,=0.0239,=0.0707,=0.0202,=0.0145,=20
="000994",全指电信,2011-08-02,=-0.0081,=15360.5500,=0.3791,=31.8029,=0.4341,=17.6024,=21.7780,=34.3876,=52.5477,=109.2407,=2.9525,=0.7397,=1.3865,=1.8415,=2.5296,=3.0623,=3.7766,=2.8082,=0.9922,=0.9155,=1.2459,=1.5313,=1.8696,=2.9837,=0.0216,=0.0895,=0.0218,=0.0201,=228
="000841",800医药,2012-12-21,=0.0236,=7435.7000,=-0.1104,=32.0537,=0.4843,=21.4494,=28.0452,=32.2738,=37.6093,=58.1462,=2.8542,=0.0877,=2.4193,=3.1925,=3.8033,=4.3890,=6.5122,=3.8250,=0.6676,=1.7815,=2.8911,=3.4489,=4.3641,=6.1565,=0.0288,=0.0871,=0.0293,=0.0175,=589
="399295",创价值,2019-01-23,=0.0047,=5460.4600,=0.0119,=32.0836,=0.3792,=20.8863,=26.5770,=39.9170,=56.8809,=73.8741,=5.4962,=0.4200,=3.7254,=4.5991,=5.8337,=8.9963,=11.5385,=4.2581,=0.3339,=2.5684,=3.4815,=5.3769,=9.1523,=12.8251,=0.0387,=0.1758,=0.0398,=0.0140,=611
="1000005",上海非金融A股,1994-01-01,,,,=32.1110,=0.8999,=15.3520,=20.3329,=23.4768,=29.7821,=34.6296,=2.2603,=0.8052,=1.5456,=1.8180,=2.0402,=2.2581,=2.5831,=1.3803,=0.9675,=0.7548,=0.9332,=1.0749,=1.1985,=1.4787,=0.0209,=0.0661,=0.0198,=0.0182,=189
="930791",CS医药TI,2016-03-22,=0.0220,=8148.4600,=-0.1200,=32.2544,=0.3064,=23.2364,=30.0865,=35.6830,=40.8512,=70.7414,=2.5610,=0.0095,=2.4395,=3.0534,=3.8885,=4.6076,=6.6660,=2.3854,=0.0783,=2.0598,=2.5836,=2.9940,=3.5454,=5.1130,=0.0251,=0.0784,=0.0255,=0.0169,=195
="000949",中证农业,2009-10-28,=0.0225,=4882.2900,=-0.1567,=32.3888,=0.6442,=14.4444,=21.2947,=29.1183,=36.7744,=1184.8568,=2.4017,=0.1108,=2.0719,=2.5473,=3.2795,=4.0476,=5.2895,=1.2623,=0.2241,=0.8980,=1.1783,=1.7317,=2.0294,=2.8101,=0.0068,=0.0985,=0.0327,=0.0212,=1044
="931235",中证电信,2022-07-21,=-0.0011,=3209.9100,=0.1838,=32.4276,=0.9830,=15.5242,=18.6819,=21.3273,=25.9539,=34.5295,=3.1022,=0.9915,=0.8741,=1.6331,=1.9071,=2.2957,=3.2259,=2.8551,=0.9830,=0.6427,=1.3789,=1.7140,=2.1273,=3.0401,=0.0216,=0.0917,=0.0212,=0.0193,=60
="H30463",沪港深500医药,2014-11-28,=0.0240,=6666.7800,=-0.1417,=32.7059,=0.3296,=23.3470,=30.9826,=35.4769,=42.6279,=94.1690,=3.0940,=0.0478,=2.7545,=3.5406,=4.4487,=5.5937,=10.0878,=2.9349,=0.2519,=1.9470,=2.8260,=3.3047,=4.1907,=9.3489,,=0.0979,,=0.0146,=34
="399008",中小300,2010-03-22,=0.0101,=1767.0200,=0.0678,=32.7335,=0.6437,=17.8364,=25.4747,=30.4279,=35.5614,=45.5477,=2.8750,=0.4065,=1.7846,=2.4622,=2.9838,=3.8210,=4.7778,=1.9569,=0.4032,=1.1664,=1.6532,=2.0763,=2.8235,=3.8663,=0.0232,=0.0868,=0.0228,=0.0129,=506
="930614",环保50,2015-04-07,=0.0118,=2315.3400,=0.0083,=32.7681,=0.7397,=13.7595,=20.5125,=26.7978,=35.0858,=50.3864,=2.9024,=0.5255,=1.9059,=2.3844,=2.8802,=3.6646,=6.0727,=2.8940,=0.4988,=1.6847,=2.2455,=2.8991,=3.3650,=6.6309,=0.0222,=0.0831,=0.0199,=0.0170,=206
="930632",CS稀金属,2015-05-12,=0.0326,=3186.9800,=0.1755,=33.1037,=0.3439,=10.0759,=24.6580,=42.7477,=102.1820,=902.9270,=4.3109,=0.7595,=1.7714,=2.4682,=3.4580,=4.4042,=7.1765,=3.0877,=0.8369,=1.0736,=1.5817,=2.0661,=2.9980,=4.1072,=0.0489,=0.1107,=0.0216,=0.0068,=362
="000977",内地低碳,2011-01-21,=0.0144,=2101,=0.0079,=33.1603,=0.7496,=13.7595,=20.9032,=26.8531,=35.4176,=50.3864,=2.9135,=0.5334,=1.9264,=2.3846,=2.8718,=3.6451,=6.0727,=2.9088,=0.5511,=1.6847,=2.2207,=2.8396,=3.3942,=6.7765,=0.0220,=0.0823,=0.0200,=0.0170,=387
="930719",CS精准医,2015-08-05,=0.0398,=2389.4400,=-0.1011,=33.1797,=0.0393,=29.3195,=37.9883,=52.3526,=67.0564,=102.1078,=3.9630,=0.0663,=3.4982,=4.5550,=6.0540,=9.0189,=14.5104,=5.9679,=0.1322,=5.1956,=6.1901,=7.4487,=10.6316,=18.8625,=0.0301,=0.1091,=0.0230,=0.0086,=340
="930721",CS智汽车,2015-08-05,=0.0010,=5035.5900,=-0.1293,=33.2346,=0.1459,=27.2408,=33.9564,=39.6132,=48.9375,=67.2850,=3.3534,=0.2159,=2.5208,=3.3047,=3.8196,=5.3834,=7.3638,=1.3007,=0.0256,=1.1981,=1.4962,=1.8496,=2.6409,=3.8976,=0.0150,=0.1014,=0.0176,=0.0070,=469
="931487",SHS人工智能50,2020-05-06,=0.0072,=2155.3000,=-0.0214,=33.2599,=0.6155,=18.6614,=25.5336,=31.6066,=37.2774,=66.0883,=4.5999,=0.4809,=3.0781,=4.0455,=4.6524,=6.4870,=10.5947,=4.9386,=0.3877,=3.3555,=4.4982,=5.1808,=6.8266,=9.5096,,=0.1427,,=0.0080,=74
="000812",细分机械,2012-04-11,=0.0120,=7515.7200,=-0.0230,=33.3125,=0.5474,=14.1771,=22.0492,=31.9895,=40.3974,=51.3583,=2.9547,=0.6635,=1.6005,=2.1653,=2.5230,=3.3977,=5.3964,=1.9679,=0.6458,=1.1287,=1.4637,=1.7267,=2.2889,=3.5603,=0.0226,=0.0835,=0.0173,=0.0161,=198
="399007",深证300,2009-11-04,=0.0081,=6275.1700,=0.1039,=33.5596,=0.9786,=15.3833,=21.4304,=25.0094,=28.8272,=36.0754,=2.9513,=0.6141,=1.8298,=2.3542,=2.8056,=3.2328,=4.4351,=2.1195,=0.5972,=1.2839,=1.6551,=2.0038,=2.4004,=3.3177,=0.0257,=0.0779,=0.0236,=0.0152,=585
="399376",小盘成长,2010-01-04,=0.0028,=7060.6500,=0.1117,=33.7783,=0.8600,=14.4007,=20.2320,=25.6073,=32.5723,=60.1410,=3.2992,=0.8480,=1.6246,=2.0608,=2.3699,=3.1578,=4.0524,=1.8430,=0.7430,=0.7224,=1.0643,=1.2048,=1.9653,=3.4032,=0.0271,=0.1002,=0.0195,=0.0126,=285
="399088",深创100,2020-02-18,=0.0101,=5729.0900,=0.1350,=34.1772,=0.7218,=15.3025,=21.8523,=26.8235,=38.1852,=56.8187,=5.0741,=0.7287,=2.2889,=3.2871,=4.0443,=5.3696,=6.8856,=3.2772,=0.7107,=1.4223,=1.9746,=2.4464,=3.7436,=5.1281,=0.0356,=0.1522,=0.0358,=0.0122,=74
="931733",绿色能源,2021-08-19,=0.0192,=5188.2600,=-0.0083,=34.2021,=0.5890,=12.7308,=19.1328,=32.4813,=41.7126,=65.3510,=3.4098,=0.4394,=2.3311,=2.7876,=3.5163,=5.5353,=8.0150,=2.3329,=0.5090,=1.3651,=1.7639,=2.3161,=4.3840,=7.5185,=0.0248,=0.0932,=0.0189,=0.0145,=25
="931186",中证科技,2019-05-30,=0.0064,=7008.2100,=0.0470,=34.2241,=0.3933,=19.1938,=30.3038,=36.1742,=47.2471,=73.9401,=4.7113,=0.5750,=2.6301,=3.5946,=4.5447,=6.3630,=8.1242,=2.6721,=0.4660,=1.4264,=2.0863,=2.7586,=4.5407,=6.0737,=0.0291,=0.1226,=0.0174,=0.0113,=952
="931456",中国教育,2020-04-21,=0.0119,=963.9654,=-0.2043,=34.4572,=0.0006,=34.1037,=56.3936,=94.8935,=-131.3411,=28609.2511,=2.5602,=0.2714,=1.5831,=2.4371,=2.9594,=3.8895,=9.7545,=2.5494,=0.1363,=1.7011,=2.7894,=3.3738,=4.8655,=11.2012,,=0.0593,,=0.0087,=169
="399326",成长40,2006-01-24,=0.0066,=8377.1000,=0.3157,=34.5960,=0.8270,=11.4413,=22.5111,=27.7131,=32.3682,=67.8360,=7.7293,=0.9094,=2.3502,=3.7110,=4.7205,=6.4173,=10.3842,=4.6802,=0.9716,=1.6605,=2.3243,=3.0473,=3.9098,=5.1844,=0.0646,=0.2161,=0.0378,=0.0093,=273
="931406",5G 50,2020-02-20,=-0.0095,=3147.6900,=0.4788,=34.6079,=0.8052,=15.2657,=20.5791,=23.4121,=34.3632,=51.5506,=3.8352,=0.8105,=1.5292,=1.9606,=2.4287,=3.8041,=5.3757,=2.5163,=0.9908,=0.9155,=1.4019,=1.5801,=1.8905,=2.7076,=0.0252,=0.1023,=0.0236,=0.0160,=702
="930648",CS智消费,2015-06-05,=-0.0015,=4052.7400,=0.1067,=34.7511,=0.8653,=15.4538,=22.2492,=24.9609,=31.5639,=51.6043,=4.1398,=0.8418,=2.1406,=2.8085,=3.2139,=3.9737,=5.4486,=1.8777,=0.8245,=0.8328,=1.2866,=1.4800,=1.8445,=2.9491,=0.0253,=0.1077,=0.0239,=0.0130,=26
="399850",深证50,2023-10-18,=0.0039,=10118,=0.1082,=34.8146,=0.9570,=16.5344,=19.9821,=23.2350,=26.9761,=36.7629,=3.9623,=0.9520,=2.5911,=2.9323,=3.2257,=3.6900,=4.1754,=2.2316,=0.9553,=1.3017,=1.4796,=1.6767,=2.0378,=2.3564,=0.0301,=0.0973,=0.0318,=0.0173,=80
="H11054",装备产业,2009-07-22,=0.0133,=2958.0600,=0.0168,=34.8604,=0.6472,=15.6342,=24.5228,=31.7873,=38.5317,=58.0282,=3.0712,=0.7218,=1.6944,=2.1260,=2.6011,=3.3167,=5.1308,=2.1763,=0.6908,=1.2119,=1.4834,=1.8792,=2.3494,=3.6241,=0.0221,=0.0859,=0.0174,=0.0134,=40
="931187",科技100,2019-05-30,=0.0011,=5001.5000,=0.0839,=34.9491,=0.8007,=18.1467,=22.1634,=25.9960,=34.9183,=49.5031,=3.5711,=0.5955,=2.3703,=2.7883,=3.3285,=4.2353,=5.4633,=2.1975,=0.5897,=1.2579,=1.6310,=2.0539,=2.6746,=4.1304,=0.0201,=0.0911,=0.0217,=0.0101,=851
="000827",中证环保,2012-09-25,=0.0141,=1922.2900,=0.0316,=35.1171,=0.7932,=14.0379,=21.0373,=28.2603,=35.3968,=50.6551,=2.8206,=0.5082,=1.7878,=2.2204,=2.8107,=3.3828,=5.4589,=2.9076,=0.6108,=1.6068,=2.0649,=2.7370,=3.2490,=6.2202,=0.0211,=0.0761,=0.0181,=0.0157,=6245
="399612",中创100,2011-02-28,=0.0079,=3146.1200,=0.1397,=35.1238,=0.7298,=18.0203,=24.5380,=31.1612,=39.8272,=52.6199,=4.3820,=0.6030,=2.5576,=3.3603,=4.1938,=5.1136,=7.4671,=2.8902,=0.4543,=1.6155,=2.2664,=3.0473,=4.0008,=5.8630,=0.0320,=0.1210,=0.0297,=0.0115,=158
="399001",深证成指,1995-01-23,=0.0075,=14963.4100,=0.1064,=35.2423,=0.9856,=15.9054,=22.8551,=26.5199,=30.7074,=37.9696,=2.9412,=0.6248,=1.7472,=2.2803,=2.7215,=3.2679,=4.0402,=2.1106,=0.6248,=1.2229,=1.6063,=1.9128,=2.3967,=2.9683,=0.0249,=0.0747,=0.0225,=0.0143,=3689
="930965",HKC医药C,2017-06-23,=0.0312,=2819.2000,=-0.1301,=35.2510,=0.5330,=18.1989,=25.6878,=32.8870,=72.5561,=6384.2329,=2.2117,=0.3217,=1.4216,=1.9406,=2.7058,=3.7028,=6.9841,=1.3134,=0.4818,=0.7160,=1.0291,=1.3267,=1.7333,=3.7092,,=0.0645,,=0.0125,=156
="000962",中证中游,2010-04-16,=0.0040,=5738.1100,=0.2175,=35.3692,=0.9576,=12.7529,=17.3551,=20.1681,=27.3195,=38.0461,=3.3321,=0.9909,=1.5782,=1.9011,=2.2359,=2.5756,=3.5590,=1.6466,=0.9897,=0.6672,=0.8352,=0.9846,=1.1331,=1.7655,=0.0222,=0.0826,=0.0192,=0.0112,=16
="931946",畜牧养殖,2023-07-28,=0.0130,=607.8500,=-0.1925,=35.3867,=0.6977,=14.8058,=16.2309,=21.7519,=45.2411,=702.5962,=2.2897,=0.0114,=2.2527,=2.5774,=2.6865,=2.7917,=3.1405,=0.9615,=0.0532,=0.8870,=1.0404,=1.0965,=1.1384,=1.2139,=0.0043,=0.0943,=0.0400,=0.0322,=1
="399412",国证新能,2014-05-16,=0.0101,=2956.5700,=-0.0013,=35.4583,=0.7030,=13.6858,=20.0917,=24.4003,=40.0501,=66.6027,=3.1806,=0.6577,=1.6349,=2.2661,=2.7185,=3.9636,=7.3016,=1.9679,=0.6701,=0.7993,=1.1794,=1.5288,=2.5862,=5.3757,=0.0217,=0.0862,=0.0211,=0.0129,=360
="000905",中证500,2007-01-15,=0.0088,=8106.2000,=0.0858,=35.4641,=0.8744,=15.7028,=21.2829,=25.5810,=33.3023,=51.1137,=2.4676,=0.8027,=1.3824,=1.7169,=1.9213,=2.4596,=3.1031,=1.7023,=0.8241,=0.8118,=1.0309,=1.1727,=1.6099,=2.2608,=0.0210,=0.0620,=0.0169,=0.0129,=38035
="000982",500等权,2011-06-13,=0.0115,=9475.2800,=0.0497,=35.4641,=0.8744,=15.7028,=21.3041,=25.5810,=33.3023,=51.1137,=2.4676,=0.8027,=1.3824,=1.7163,=1.9217,=2.4593,=3.1031,=1.7023,=0.8245,=0.8118,=1.0309,=1.1727,=1.6099,=2.2608,=0.0210,=0.0620,=0.0169,=0.0129,=32
="399996",智能家居,2014-09-17,=0.0003,=5052.4400,=0.0990,=35.4904,=0.8727,=17.5405,=23.3945,=27.7681,=33.6046,=47.8369,=4.3873,=0.9213,=2.2523,=2.8551,=3.4671,=4.1048,=5.0256,=2.2398,=0.8950,=1.0942,=1.4684,=1.7634,=2.0721,=2.7965,=0.0273,=0.1118,=0.0260,=0.0141,=206
="931746",储能产业,2015-06-11,=0.0138,=3562.1700,=-0.0367,=35.9630,=0.5983,=12.7536,=19.4829,=32.9138,=42.5234,=70.6293,=3.3180,=0.4540,=2.2823,=2.7319,=3.3887,=5.0721,=8.8670,=2.0900,=0.5643,=1.1513,=1.4906,=2.0134,=3.1721,=6.6557,=0.0195,=0.0831,=0.0177,=0.0118,=156
="399389",国证通信,2011-12-02,=-0.0124,=12146.4200,=0.4565,=35.9847,=0.3962,=15.1336,=21.7830,=47.8563,=65.0392,=153.7967,=3.1601,=0.8266,=1.3245,=1.8462,=2.4681,=3.0653,=3.9804,=2.9679,=0.9942,=0.9743,=1.4593,=1.6830,=1.8952,=3.1462,=0.0209,=0.0855,=0.0209,=0.0186,=51
="000171",新兴成指,2017-01-25,=0.0042,=2393.1300,=0.2970,=36.1464,=0.8070,=15.0335,=20.2762,=24.6612,=35.5871,=63.8139,=4.9141,=0.6180,=2.6324,=3.2776,=4.3415,=6.3052,=10.8185,=4.2447,=0.7811,=1.3680,=2.1140,=2.7683,=4.3168,=8.5894,=0.0336,=0.1371,=0.0326,=0.0121,=204
="931591",1000成长创新,2020-11-09,=0.0081,=34789.0600,=0.0629,=36.5617,=0.8458,=18.0900,=24.4536,=32.1412,=35.7660,=40.6167,=3.9770,=0.6790,=2.0923,=3.0018,=3.4027,=4.3610,=5.3788,=4.1385,=0.8768,=1.8413,=2.7349,=3.0997,=3.8473,=5.2879,=0.0271,=0.1062,=0.0239,=0.0112,=147
="399971",中证传媒,2014-04-15,=0.0089,=1226.4300,=-0.1669,=36.5621,=0.5807,=18.4593,=27.1005,=34.9479,=44.8003,=90.0483,=2.0884,=0.1857,=1.5359,=2.1322,=2.5751,=3.3193,=5.5544,=2.5976,=0.1689,=1.9674,=2.6562,=3.1964,=4.6822,=7.1445,=0.0163,=0.0602,=0.0206,=0.0202,=6306
="930712",CS物联网,2015-07-31,=-0.0028,=4956.7700,=0.1885,=36.8637,=0.7755,=21.9217,=27.4657,=32.4394,=37.3085,=50.1215,=4.9599,=0.8085,=2.7515,=3.4480,=4.0812,=4.9259,=7.1882,=2.6423,=0.8324,=1.2084,=1.7388,=2.0121,=2.4184,=3.5102,=0.0346,=0.1340,=0.0303,=0.0123,=164
="931409",SHS创新药,2020-02-20,=0.0270,=1852.1800,=-0.1217,=36.8983,=0.3058,=24.9819,=34.4429,=39.5678,=59.6896,=94.9889,=3.5803,=0.3446,=2.3431,=3.2671,=4.1200,=6.4611,=8.9149,=5.3642,=0.6667,=2.2896,=3.1894,=4.0046,=6.5431,=8.2645,,=0.0994,,=0.0108,=308
="931994",电网设备主题,2022-10-11,=0.0009,=3392.2400,=0.3446,=37.7810,=0.9101,=15.6741,=19.9672,=22.7024,=27.0806,=44.9431,=3.6805,=0.9292,=1.9713,=2.2896,=2.4505,=2.7753,=4.2080,=2.3391,=0.9247,=1.2895,=1.4769,=1.6057,=1.8082,=2.6890,=0.0214,=0.0975,=0.0200,=0.0100,=250
="399364",消费100,2009-08-03,=-0.0019,=12735.0400,=0.1798,=37.8849,=0.8839,=15.8540,=22.4413,=26.5391,=33.8833,=49.3766,=4.7679,=0.8135,=2.6561,=3.2864,=3.7529,=4.6758,=7.3266,=2.4441,=0.7950,=1.3127,=1.6570,=1.9047,=2.4603,=4.2956,=0.0306,=0.1191,=0.0345,=0.0134,=312
="930598",稀土产业,2015-03-02,=0.0184,=3024.9500,=0.0778,=38.8667,=0.4699,=21.1133,=29.2052,=39.7960,=71.5128,=279.2691,=3.3766,=0.9147,=1.4810,=1.9704,=2.3153,=3.0278,=4.3047,=1.6156,=0.7665,=0.6656,=0.9719,=1.1872,=1.6644,=2.2389,=0.0350,=0.0883,=0.0227,=0.0094,=732
="932069",港股通医疗主题,2022-07-21,=0.0258,=865.1500,=-0.1267,=39.0094,=0.8793,=20.9778,=25.7774,=30.1673,=34.8282,=51.0900,=2.1178,=0.5677,=1.4397,=1.6143,=1.9398,=2.6033,=3.0086,=1.1374,=0.6036,=0.6760,=0.7660,=0.9640,=1.4214,=1.6308,,=0.0571,,=0.0132,=16
="931718",高端造质量成长50,2021-08-25,=0.0022,=3624.0800,=0.2541,=39.3979,=0.8801,=16.3078,=22.0535,=28.7606,=36.5016,=49.4696,=6.1286,=0.8507,=3.1255,=3.9072,=4.8166,=5.8338,=8.1954,=3.7506,=0.8119,=1.7207,=2.2423,=2.9379,=3.6622,=5.3327,=0.0328,=0.1450,=0.0326,=0.0091,=27
="399276",创科技,2020-10-26,=0.0060,=9386.8000,=0.1583,=39.4004,=0.5496,=20.4624,=26.4459,=37.6446,=58.9550,=84.1667,=6.9896,=0.7053,=3.5855,=4.4229,=5.7801,=8.6423,=12.0896,=5.4343,=0.6789,=2.4145,=3.2715,=4.7129,=8.8876,=12.2359,=0.0430,=0.1724,=0.0380,=0.0106,=10
="931688",中证算力,2022-07-21,=-0.0074,=4518.3100,=0.4375,=39.4573,=0.9693,=18.0036,=20.6935,=23.5441,=31.9675,=42.7477,=4.1960,=0.9800,=1.6529,=1.8947,=2.2562,=3.2916,=4.4465,=2.9534,=0.9693,=1.3731,=1.5867,=1.7991,=2.4389,=3.1997,=0.0245,=0.1011,=0.0224,=0.0149,=100
="H30597",新材料,2015-02-13,=0.0042,=4907.6300,=0.1830,=39.4885,=0.6759,=14.0729,=21.7690,=33.2827,=44.6107,=77.0759,=4.0914,=0.6635,=2.1817,=2.8832,=3.6705,=5.2675,=8.9168,=2.7492,=0.4946,=1.2938,=2.0095,=2.7591,=3.7850,=7.1680,=0.0294,=0.0908,=0.0200,=0.0121,=314
="399363",云科技,2009-08-03,=-0.0061,=13823.8100,=0.4795,=39.4971,=0.3451,=25.0041,=36.0769,=41.7103,=49.3544,=74.9161,=4.4476,=0.3892,=3.0187,=3.9539,=4.6691,=5.5947,=10.4646,=3.0349,=0.4868,=1.6015,=2.2272,=3.0725,=3.7466,=4.5583,=0.0491,=0.1469,=0.0254,=0.0139,=285
="1000011",A股非金融,1994-01-10,,,,=39.6481,=0.8666,=17.5718,=25.5297,=28.6139,=37.6937,=43.6945,=2.5957,=0.6816,=1.6561,=2.0407,=2.3295,=2.6939,=2.9749,=1.6371,=0.8736,=0.9476,=1.1421,=1.3071,=1.5707,=1.8156,=0.0205,=0.0612,=0.0189,=0.0151,=806
="931783",智能驾驶,2022-02-21,=0.0026,=1386.9600,=-0.0759,=39.7959,=0.1807,=31.9944,=40.1345,=46.8142,=69.9394,=98.5983,=3.2814,=0.1683,=2.5981,=3.3330,=3.5718,=3.9701,=4.9384,=1.7662,=0.2486,=1.3276,=1.7247,=1.9362,=2.1252,=2.7953,=0.0149,=0.0928,=0.0256,=0.0089,=11
="399625",中创500,2011-08-15,=0.0068,=2750.1600,=0.1287,=39.8730,=0.7525,=20.4615,=28.9960,=35.6933,=41.1304,=52.5750,=3.9294,=0.6446,=2.1192,=2.8840,=3.5499,=4.3427,=5.2667,=2.7960,=0.5680,=1.4713,=2.0768,=2.6289,=3.4542,=4.5526,=0.0265,=0.0951,=0.0239,=0.0104,=164
="HSIDI",恒生创新药指数,2023-01-01,=0.0354,=2247.2400,=-0.1657,=39.9163,=0.1254,=21.3081,=45.9257,=55.0972,=107.2130,=157.2991,=3.1284,=0.6817,=1.7148,=2.1293,=2.6610,=3.9768,=5.1867,=2.7794,=0.7006,=1.5892,=1.8263,=2.2945,=3.4162,=4.4669,,=0.1004,,=0.0096,=235
="HSSCID",恒生港股通创新药指数,2023-07-01,=0.0297,=2638.6000,=-0.1658,=39.9163,=0.2396,=20.9262,=38.7907,=44.6612,=61.3073,=216.1774,=3.1284,=0.6704,=1.6870,=2.0101,=2.5601,=4.1115,=5.1867,=2.7794,=0.6579,=1.6002,=1.8729,=2.4149,=3.5624,=4.4669,,=0.1004,,=0.0096,=112
="931785",智选沪深港科技50,2025-06-27,=0.0091,=2725.0800,=0.1426,=39.9356,=0.8678,=31.7791,=34.7572,=36.9585,=39.2207,=42.8648,=5.4752,=0.8843,=3.8679,=4.3304,=4.7803,=5.3083,=5.8688,=3.5055,=0.8967,=2.2695,=2.5764,=2.9584,=3.3572,=3.7629,,,,=0.0076,=9
="931672",风电产业,2021-04-29,=0.0065,=1899.9200,=0.0786,=40.1575,=0.9742,=16.8665,=21.0989,=24.2061,=29.2376,=45.5856,=2.1914,=0.6408,=1.3490,=1.6767,=1.9845,=2.5026,=3.5946,=2.6830,=0.7837,=1.4458,=1.8897,=2.1391,=2.7000,=3.3215,=0.0166,=0.0571,=0.0184,=0.0095,=61
="H30178",医疗保健,2013-07-15,=0.0155,=11930.1100,=-0.1211,=40.3191,=0.4020,=19.5848,=32.8072,=45.3926,=65.9652,=123.2936,=2.6439,=0.0016,=2.5902,=3.4140,=5.5970,=7.4849,=12.4381,=4.4094,=0.0025,=4.3235,=5.4249,=6.4325,=8.1003,=14.2518,=0.0196,=0.0653,=0.0216,=0.0150,=554
="930771",CS新能源,2015-12-16,=0.0089,=2829.4800,=0.0511,=40.8310,=0.6689,=11.2377,=23.2180,=34.3545,=45.1133,=62.8342,=2.9628,=0.5341,=1.7615,=2.1620,=2.8706,=3.9112,=7.2156,=2.5582,=0.6255,=1.2791,=1.6702,=2.2073,=3.0997,=6.6822,=0.0221,=0.0668,=0.0165,=0.0117,=31
="399808",中证新能,2015-02-10,=0.0141,=2848.7400,=0.0120,=40.8310,=0.5848,=11.2377,=23.5187,=36.8478,=46.4331,=62.8342,=2.9628,=0.5132,=1.7615,=2.1715,=2.9348,=3.8502,=7.2277,=2.5582,=0.6330,=1.2791,=1.6782,=2.2594,=3.0174,=6.6822,=0.0221,=0.0668,=0.0165,=0.0117,=1297
="399101",中小综指,2005-12-01,=0.0096,=15213.3000,=0.0459,=40.9635,=0.5189,=22.7937,=34.4934,=40.6782,=47.1745,=65.2068,=2.8323,=0.5181,=1.7151,=2.3698,=2.8054,=3.4470,=4.7418,=1.9353,=0.4448,=1.1654,=1.6546,=2.0156,=2.6072,=3.9938,=0.0208,=0.0674,=0.0195,=0.0116,=25
="H30217",医疗器械,2013-07-15,=0.0155,=8664.4900,=-0.1175,=41.0712,=0.5272,=17.1055,=29.6214,=39.4676,=57.5383,=82.8778,=2.5908,=0.0021,=2.5375,=3.2724,=4.8502,=6.6002,=11.6091,=4.7475,=0.0346,=4.1030,=5.3682,=6.0818,=8.2741,=13.3528,=0.0184,=0.0626,=0.0209,=0.0154,=1319
="1000012",中小板全指,2005-12-01,=0.0096,=15213.3000,=0.0459,=41.0855,=0.4876,=22.6352,=35.3769,=41.3023,=48.7911,=73.8161,=2.8427,=0.5169,=1.7125,=2.3731,=2.8178,=3.4754,=4.7425,=1.9053,=0.4419,=1.1448,=1.6392,=2.0010,=2.6000,=3.9859,=0.0209,=0.0671,=0.0194,=0.0116,=566
="987018",港股通创新药,2021-11-18,,,=-0.1809,=41.5396,=0.3673,=22.9379,=35.6151,=50.7778,=96.2760,=537.2167,=3.1991,=0.4996,=1.6768,=2.2998,=3.2001,=4.1697,=6.0885,=4.8909,=0.3861,=2.6005,=3.5336,=5.3102,=7.1016,=12.1954,,=0.0844,,=0.0090,=315
="931152",CS创新药,2019-04-22,=0.0239,=1663.3800,=-0.1218,=41.7041,=0.4171,=27.6044,=36.6490,=43.1453,=53.2135,=74.6844,=3.4496,=0.2530,=2.5551,=3.3400,=4.1900,=5.9531,=8.7449,=4.9959,=0.7267,=2.2436,=2.9115,=3.3971,=5.6097,=9.4897,=0.0271,=0.0786,=0.0224,=0.0116,=1874
="931447",科技先锋,2020-04-21,=0.0094,=3265.2400,=0.0581,=41.9161,=0.6149,=19.0346,=27.2130,=36.7854,=47.5536,=82.3567,=4.8588,=0.6310,=2.7045,=3.4037,=4.2771,=6.7235,=10.6025,=2.5894,=0.5497,=1.4804,=1.9089,=2.4017,=3.7261,=7.0848,=0.0256,=0.0990,=0.0202,=0.0101,=18
="399667",创业成长,2013-01-07,=0.0022,=7160.5800,=0.2956,=41.9584,=0.6483,=21.3636,=29.6096,=38.5914,=51.6986,=90.9628,=7.5385,=0.8085,=2.9224,=4.0920,=4.8765,=7.3730,=10.8589,=5.3020,=0.6194,=2.4713,=3.4038,=4.6760,=6.8772,=10.3001,=0.0481,=0.1635,=0.0355,=0.0084,=85
="399285",物联网50,2020-02-18,=-0.0029,=8018.9000,=0.2695,=42.7593,=0.8933,=21.8675,=26.3810,=31.4295,=38.2526,=48.8450,=5.8956,=0.9428,=2.6765,=3.4074,=4.0057,=5.2832,=6.4883,=3.8359,=0.9862,=1.7407,=2.0170,=2.4143,=3.1023,=4.1014,=0.0353,=0.1364,=0.0304,=0.0106,=93
="930651",CS计算机,2015-06-05,=0.0085,=7252.1300,=-0.0647,=43.8868,=0.1833,=33.6687,=44.4354,=56.8016,=67.2730,=115.0591,=4.4637,=0.5379,=2.6283,=3.7960,=4.3739,=5.1240,=6.5144,=2.6352,=0.0519,=2.0877,=2.9121,=3.6337,=4.3125,=5.6880,=0.0244,=0.0892,=0.0073,=0.0103,=645
="399293",创业大盘,2019-04-18,=0.0055,=7785.6300,=0.2014,=43.9504,=0.5746,=20.6573,=29.4000,=41.1432,=54.3346,=71.9327,=6.9478,=0.6265,=3.4452,=4.7048,=6.2314,=9.2472,=13.4901,=5.6758,=0.5050,=2.8408,=3.9984,=5.6710,=9.9435,=14.8309,=0.0411,=0.1554,=0.0377,=0.0096,=179
="980015",疫苗生科,2015-02-16,=0.0266,=5249.6200,=-0.1649,=44.2315,=0.5421,=24.1714,=31.1390,=42.4227,=53.6436,=80.8207,=3.2609,=0.0549,=2.9980,=3.5763,=4.1414,=6.8600,=11.0606,=5.7668,=0.3233,=4.5746,=5.4811,=6.3862,=9.4025,=15.0694,=0.0223,=0.0693,=0.0219,=0.0116,=73
="000998",中证TMT,2011-11-08,=-0.0071,=3651.7500,=0.2418,=44.4533,=0.8274,=18.9989,=27.6426,=34.6714,=43.6660,=58.6698,=4.6020,=0.9423,=1.9674,=2.4624,=3.2925,=3.9738,=5.2875,=3.2277,=0.9893,=1.2505,=1.8094,=2.1809,=2.6050,=3.4635,=0.0233,=0.0900,=0.0196,=0.0117,=554
="399296",创成长,2019-01-23,=-0.0016,=8770.4500,=0.4072,=44.7750,=0.5291,=22.4911,=30.8153,=43.3418,=64.1049,=104.6935,=9.4890,=0.7517,=3.9463,=4.9277,=6.9425,=10.5741,=14.9802,=6.8483,=0.6661,=2.5417,=3.4556,=5.8151,=12.0336,=17.3385,=0.0584,=0.2040,=0.0396,=0.0075,=1062
="930726",CS生医,2015-08-05,=0.0303,=2141.7900,=-0.1230,=44.7956,=0.4304,=24.4874,=31.9547,=48.5906,=62.2242,=107.1179,=3.7805,=0.0758,=3.1768,=4.4303,=6.8850,=8.5239,=14.2976,=6.7164,=0.1833,=4.8871,=6.8281,=9.9665,=12.5687,=19.9452,=0.0287,=0.0766,=0.0261,=0.0101,=835
="399803",工业4.0,2015-02-13,=-0.0100,=6443.9100,=0.1979,=45.3928,=0.7595,=19.7294,=27.9639,=36.2089,=47.7346,=61.8732,=5.2555,=0.7455,=2.6645,=3.4319,=4.3470,=5.6094,=8.0266,=2.5407,=0.5058,=1.5023,=2.0108,=2.5360,=3.2580,=4.8981,=0.0258,=0.1072,=0.0218,=0.0088,=486
="399673",创业板50,2014-06-18,=0.0048,=4123.7300,=0.2164,=45.4277,=0.6129,=20.6075,=30.7109,=42.5585,=57.5093,=106.7499,=7.3189,=0.7887,=3.1473,=4.3237,=5.2453,=7.4380,=11.7288,=5.7643,=0.5886,=2.6907,=4.1400,=5.5006,=7.8021,=13.3154,=0.0447,=0.1569,=0.0355,=0.0085,=5492
="399006",创业板指,2010-06-01,=0.0050,=3830.3500,=0.1958,=45.6609,=0.6021,=22.8885,=32.3489,=42.0414,=55.4624,=79.6826,=6.2021,=0.7525,=3.0035,=4.0157,=4.8510,=6.5161,=9.5804,=4.5584,=0.5062,=2.3312,=3.4108,=4.5416,=6.4378,=8.4805,=0.0369,=0.1330,=0.0313,=0.0090,=16517
="931159",创新100,2019-05-16,=0.0064,=4145.3300,=0.2189,=45.7402,=0.7756,=24.8309,=32.2728,=36.1131,=46.3704,=59.7307,=5.5554,=0.8083,=2.9189,=3.6911,=4.3645,=5.5164,=7.4325,=4.4019,=0.7296,=2.3351,=3.1611,=3.7754,=4.8364,=6.6085,=0.0278,=0.1244,=0.0278,=0.0084,=229
="930986",金融科技,2017-06-22,=0.0397,=2289.8600,=-0.2664,=46.0990,=0.2883,=32.2484,=42.9443,=55.7589,=81.6969,=257.1796,=4.1708,=0.2709,=2.5474,=4.0143,=4.6975,=5.8259,=7.7786,=5.8861,=0.6896,=2.9625,=3.8715,=4.7502,=7.0181,=9.8281,=0.0192,=0.0872,=0.0151,=0.0085,=252
="930599",中证高装,2015-03-02,=0.0024,=10390.3400,=0.2328,=46.9926,=0.8311,=19.5438,=27.7525,=34.6726,=45.5330,=65.7817,=4.5111,=0.9856,=1.8509,=2.5593,=3.1125,=3.6737,=4.8579,=2.5454,=0.8789,=1.2322,=1.6121,=1.9501,=2.4247,=2.8921,=0.0227,=0.0865,=0.0192,=0.0086,=115
="930662",CS现代农,2015-07-13,=0.0154,=871.2800,=-0.1865,=47.3203,=0.7117,=13.0417,=20.4903,=28.4429,=61.6415,=301.1137,=2.0973,=0.0376,=1.8555,=2.5267,=2.8403,=3.1451,=4.3308,=0.9138,=0.0337,=0.8273,=1.0211,=1.1709,=1.5555,=2.1026,=-0.0091,=0.0850,=0.0345,=0.0254,=49
="930743",中证生科,2015-08-26,=0.0313,=2829.3000,=-0.1408,=47.3429,=0.4164,=24.0733,=39.5530,=50.1768,=59.8068,=100.3520,=3.1892,=0.0227,=2.9526,=3.8824,=6.1658,=8.0580,=14.6705,=5.6216,=0.0614,=4.7455,=6.2848,=8.8611,=12.4374,=18.8359,=0.0226,=0.0618,=0.0204,=0.0106,=1218
="399316",巨潮小盘,2005-02-03,=0.0086,=6587.8900,=0.0956,=48.4364,=0.9168,=17.4883,=24.6128,=29.2867,=38.1967,=58.4724,=2.3983,=0.7743,=1.3049,=1.7091,=1.9652,=2.4491,=3.2926,=1.5281,=0.7426,=0.7478,=1.0121,=1.2298,=1.6778,=2.5759,=0.0167,=0.0444,=0.0142,=0.0114,=22
="1000003",深圳A股,1994-01-01,=0.0099,=2697.1700,=0.0657,=48.6354,=0.8427,=20.1337,=32.6963,=37.4337,=46.7885,=60.3260,=2.9516,=0.6293,=1.7026,=2.3004,=2.6865,=3.2391,=3.9166,=2.1409,=0.6186,=1.2021,=1.6470,=1.9203,=2.3917,=3.2018,=0.0203,=0.0553,=0.0180,=0.0118,=1818
="399441",生物医药,2015-01-20,=0.0277,=1835.4900,=-0.1447,=48.6814,=0.5185,=21.8350,=32.3830,=47.7700,=64.7946,=119.0737,=2.8489,=0.0923,=2.3073,=3.3892,=6.3575,=7.8145,=13.6606,=5.5019,=0.1528,=3.6424,=5.8926,=9.5205,=14.0510,=21.5399,=0.0194,=0.0565,=0.0192,=0.0124,=1676
="930820",CS高端制,2016-05-11,=0.0025,=10146.4300,=0.1984,=49.8108,=0.9568,=21.5994,=29.0058,=36.5720,=42.6514,=53.9836,=4.4080,=0.9250,=2.0597,=2.7166,=3.1890,=3.8650,=4.9567,=2.8425,=0.9712,=1.1980,=1.7170,=2.0515,=2.4709,=3.0730,=0.0220,=0.0816,=0.0186,=0.0083,=311
="399624",中创400,2011-08-15,=0.0059,=2860.0900,=0.1124,=49.9182,=0.8188,=22.4097,=32.9325,=40.4889,=48.7257,=82.4491,=3.4059,=0.7912,=1.6720,=2.4145,=2.8509,=3.4195,=5.3458,=2.6666,=0.7772,=1.2865,=1.8984,=2.2297,=2.7027,=4.6386,=0.0199,=0.0651,=0.0174,=0.0089,=230
="399959",军工指数,2011-08-30,=0.0256,=1649.0400,=-0.0917,=50.3546,=0.1824,=34.5950,=50.7821,=60.8665,=73.4805,=167.2472,=2.9677,=0.3108,=2.0269,=2.6531,=3.2649,=4.0400,=5.9912,=2.6909,=0.1910,=2.1044,=2.7091,=3.3238,=3.8909,=5.2606,=0.0143,=0.0591,=0.0108,=0.0074,=4
="000958",创业成长,2010-03-24,=0.0080,=2059.4300,=0.2848,=50.7702,=0.9938,=11.9506,=17.5177,=24.3418,=30.6936,=54.4971,=9.9807,=0.9951,=2.6815,=3.7918,=5.1745,=6.3582,=10.6234,=6.1957,=0.9938,=1.2937,=1.9130,=2.5457,=3.9752,=6.6505,=0.0493,=0.2198,=0.0640,=0.0058,=665
="930821",中证VR,2016-05-11,=-0.0065,=3536.2400,=0.1075,=51.3129,=0.7105,=17.6816,=31.5593,=43.0805,=55.7485,=175.0572,=3.5297,=0.7199,=1.7358,=2.3304,=2.8632,=4.0740,=5.0269,=2.0677,=0.5771,=1.1117,=1.4741,=1.9080,=2.8865,=3.7313,=0.0113,=0.0443,=0.0138,=0.0076,=146
="899050",北证50,2022-11-21,=-0.0078,=1242.5700,=-0.1374,=51.7051,=0.5854,=15.5447,=18.3379,=31.2727,=63.5749,=91.3357,=4.3894,=0.6144,=2.0170,=2.4276,=2.9488,=4.9782,=5.6723,=3.7168,=0.6016,=1.3969,=1.6958,=2.0658,=4.2614,=5.1557,=0.0174,=0.0675,=-0.0021,=0.0083,=740
="399610",TMT50,2010-11-08,=-0.0027,=12492.0100,=0.3037,=51.9223,=0.9296,=21.0331,=30.1663,=38.0651,=46.3644,=64.7172,=6.8750,=0.9938,=2.4071,=3.2244,=4.0374,=5.1356,=7.4554,=3.7893,=0.8381,=1.5843,=2.0121,=2.7315,=3.7078,=4.9386,=0.0296,=0.1080,=0.0206,=0.0068,=519
="399970",移动互联,2014-05-05,=0.0018,=5081.2200,=0.1390,=52.0845,=0.8633,=21.2604,=32.0662,=40.2248,=49.4895,=64.0807,=5.4527,=0.7640,=2.3944,=3.2978,=4.0688,=5.6659,=7.9573,=2.9437,=0.6923,=1.5790,=2.0683,=2.5540,=3.2862,=4.6665,=0.0246,=0.0808,=0.0175,=0.0073,=469
="000852",中证1000,2014-10-17,=0.0053,=8202.8000,=0.0800,=53.6343,=0.8822,=18.9344,=30.9366,=37.8169,=48.1368,=81.8025,=2.7444,=0.7146,=1.4880,=2.1061,=2.4403,=2.9382,=4.2563,=1.8826,=0.7665,=0.9250,=1.3827,=1.5871,=1.9561,=3.5402,=0.0158,=0.0499,=0.0155,=0.0096,=7319
="H30535",互联网,2015-01-12,=-0.0056,=6176.5500,=0.2737,=55.0243,=0.9185,=14.4753,=20.8191,=35.3814,=47.8866,=65.8357,=7.1391,=0.9905,=1.7453,=2.4402,=3.2154,=4.0214,=7.7383,=4.3581,=0.9905,=1.1519,=1.6635,=1.9705,=2.8266,=4.7456,=0.0359,=0.1165,=0.0168,=0.0064,=23
="931165",新兴科技100,2019-04-25,=0.0058,=10267.7100,=0.2066,=55.9552,=0.9936,=17.0055,=23.2518,=29.3245,=39.3957,=59.4658,=10.8301,=0.9942,=3.5721,=4.3345,=5.3259,=7.5438,=11.4254,=10.0501,=0.9936,=3.0368,=3.6492,=4.8172,=6.2916,=10.6807,=0.0515,=0.1919,=0.0378,=0.0062,=519
="399994",信息安全,2015-03-12,=0.0016,=1559.3900,=-0.1446,=56.3255,=0.3064,=35.0629,=52.8462,=66.9898,=85.7700,=183.5630,=3.2690,=0.1652,=2.3256,=3.3610,=3.8814,=4.5720,=6.2767,=2.4495,=0.0198,=2.1829,=2.8912,=3.2625,=3.8377,=5.1182,=0.0078,=0.0539,=0.0040,=0.0127,=87
="931087",科技龙头,2019-03-20,=-0.0031,=7097.7100,=0.3503,=56.4068,=0.9281,=22.2848,=33.6165,=40.3773,=51.3239,=64.5538,=7.5666,=0.9618,=2.8190,=4.2151,=5.2728,=6.4724,=8.4597,=5.8473,=0.9652,=2.0316,=3.3075,=3.9505,=4.8969,=6.4338,=0.0321,=0.1080,=0.0209,=0.0052,=2081
="980030",消费电子,2015-02-17,=-0.0059,=9726.4800,=0.3387,=57.0537,=0.9714,=18.6467,=31.5570,=38.7807,=47.2242,=62.6236,=4.8095,=0.9165,=2.0026,=2.5929,=2.9822,=4.1599,=5.7500,=2.4246,=0.8376,=1.1413,=1.3968,=1.5723,=2.3220,=3.4515,=0.0190,=0.0648,=0.0154,=0.0061,=378
="931696",科技50策略,2021-07-12,=-0.0023,=27297.2400,=0.3551,=57.7003,=0.9824,=23.0047,=27.7626,=33.6344,=42.9690,=61.7165,=9.1594,=0.9749,=3.0567,=3.9089,=4.4284,=7.0138,=9.7885,=4.9728,=0.9447,=1.9010,=2.3610,=2.6579,=4.0905,=6.7093,=0.0396,=0.1271,=0.0285,=0.0054,=12
="930606",中证钢铁,2015-03-31,=0.0258,=1000.1600,=-0.1414,=58.7359,=0.7689,=5.9346,=9.2042,=19.1966,=89.2455,=77593.1899,=0.9981,=0.3793,=0.7076,=0.9198,=1.0613,=1.3527,=2.0450,=0.4729,=0.5346,=0.2931,=0.3819,=0.4581,=0.6215,=1.2948,=0.0020,=0.0221,=0.0071,=0.0232,=766
="000915",300信息,2007-07-02,=-0.0014,=4179.5500,=0.2858,=60.1496,=0.9798,=20.6178,=34.5715,=39.6487,=47.7045,=68.0661,=7.1157,=0.9926,=2.7398,=3.5403,=4.3447,=5.3541,=7.7095,=3.4495,=0.5754,=1.6744,=2.1700,=3.2237,=4.0992,=4.9963,=0.0247,=0.0971,=0.0166,=0.0065,=18
="930707",中证畜牧,2015-07-13,=0.0132,=1804.3200,=-0.1826,=60.7532,=0.7191,=11.3375,=17.8133,=26.9438,=113.0565,=237.1331,=2.1087,=0.0016,=2.0778,=2.6874,=3.3122,=4.2719,=5.8838,=0.8723,=0.0124,=0.8185,=1.0418,=1.4354,=2.0938,=2.9452,=-0.0138,=0.0829,=0.0347,=0.0263,=1193
="980022",机器人产业,2015-02-25,=-0.0079,=2556.9200,=-0.0365,=60.9827,=0.8341,=13.7974,=16.6281,=20.1502,=42.4271,=93.9438,=4.9419,=0.8386,=2.5198,=3.0537,=3.5931,=4.7547,=6.2730,=4.1077,=0.8244,=1.0172,=1.2341,=1.4238,=3.6531,=5.9220,=0.0186,=0.0892,=0.0245,=0.0054,=296
="931079",5G通信,2019-04-25,=-0.0076,=3001.6700,=0.5570,=61.1253,=0.9907,=21.0709,=27.5623,=33.4132,=43.8737,=103.6981,=8.7357,=0.9925,=2.3623,=3.0357,=3.6038,=5.2345,=9.4703,=3.5045,=0.9925,=1.1916,=1.4875,=1.8670,=2.3200,=3.8274,=0.0389,=0.1398,=0.0276,=0.0054,=2266
="931380",科技50,2019-11-25,=-0.0001,=4106.6100,=0.2997,=61.4642,=0.9288,=22.4426,=31.1774,=45.7600,=56.6455,=71.9143,=7.0946,=0.7566,=2.7627,=3.8643,=5.3462,=7.3675,=9.9144,=5.7660,=0.8380,=2.1802,=3.0576,=4.0767,=5.5989,=7.7525,=0.0253,=0.0951,=0.0118,=0.0065,=947
="930713",CS人工智,2015-07-31,=0.0003,=6377.7700,=0.2075,=62.2042,=0.7842,=24.8131,=43.8351,=53.2957,=62.6714,=90.1869,=8.3590,=0.9905,=2.8384,=3.9116,=4.7034,=5.4142,=9.1508,=5.8307,=0.9897,=2.3148,=3.1679,=3.7885,=4.3096,=6.3979,=0.0330,=0.1245,=0.0172,=0.0053,=1030
="930850",智能制造,2016-07-20,=-0.0052,=5995.0800,=0.2524,=62.4927,=0.9770,=23.4329,=32.5876,=41.3720,=49.9735,=69.7346,=6.1649,=0.9861,=2.5370,=3.5060,=4.1291,=5.0445,=6.8495,=3.5653,=0.8082,=1.5919,=2.3501,=2.7690,=3.5333,=5.3954,=0.0208,=0.0857,=0.0160,=0.0064,=361
="931643",科创创业50,2021-06-01,=-0.0027,=2640.5400,=0.3237,=62.6668,=0.8556,=22.6109,=28.4584,=39.8572,=57.3371,=92.9106,=8.2073,=0.8573,=3.3216,=4.1729,=5.1571,=7.0543,=12.1685,=7.4330,=0.8162,=2.7030,=3.4005,=4.6003,=6.9970,=14.6821,=0.0368,=0.1190,=0.0246,=0.0064,=1952
="931461",电子50,2009-07-22,=-0.0046,=7985,=0.3545,=62.7127,=0.9815,=20.3357,=30.2827,=36.3385,=47.8040,=68.5957,=7.2495,=0.9938,=2.5323,=3.1789,=3.6818,=5.2377,=7.8706,=3.5362,=0.9032,=1.1588,=1.7978,=2.0586,=3.0625,=4.5428,=0.0239,=0.0884,=0.0169,=0.0059,=436
="931494",消费电子,2020-06-12,=-0.0056,=6854.7400,=0.3477,=62.9017,=0.9697,=20.2625,=31.6154,=38.4429,=50.9856,=69.6359,=6.5558,=0.9897,=2.1307,=2.8118,=3.4788,=5.0320,=7.2195,=3.1510,=0.9876,=1.3000,=1.6459,=1.9467,=2.5935,=3.4883,=0.0228,=0.0807,=0.0166,=0.0058,=221
="930652",CS电子,2015-06-05,=-0.0039,=13000.2300,=0.3253,=63.6775,=0.9716,=21.2056,=33.8232,=43.2336,=51.6164,=71.5815,=6.9741,=0.9934,=2.2039,=3.1466,=3.6476,=4.7587,=7.6031,=3.7116,=0.9856,=1.4014,=2.0217,=2.2947,=3.0371,=4.1010,=0.0249,=0.0838,=0.0162,=0.0056,=476
="399303",国证2000,2014-03-28,=0.0056,=10661.0500,=0.0708,=64.6236,=0.9086,=23.3937,=36.3073,=42.0345,=53.6904,=96.7185,=2.9271,=0.8315,=1.4941,=2.0789,=2.2978,=2.7776,=4.2124,=2.2074,=0.8208,=1.0643,=1.3929,=1.5536,=2.1225,=3.4322,=0.0140,=0.0453,=0.0143,=0.0085,=711
="931160",通信设备,2013-07-15,=-0.0109,=23931.3400,=0.5479,=64.9492,=0.8884,=19.3231,=27.8248,=36.6985,=53.2991,=91.1971,=10.2137,=0.9959,=2.1520,=2.8717,=3.4273,=3.9748,=11.1425,=3.6614,=0.9959,=0.9706,=1.2837,=1.5073,=2.4413,=4.0096,=0.0428,=0.1280,=0.0276,=0.0057,=1254
="399291",创精选88,2019-11-06,=0.0028,=5355.4500,=0.1722,=65.9426,=0.8071,=32.8940,=42.1334,=54.3242,=65.3491,=106.4385,=4.3430,=0.8829,=1.8895,=2.8568,=3.4032,=3.9417,=4.9331,=4.7968,=0.9230,=1.9655,=2.6212,=3.0986,=4.2970,=5.5728,=0.0173,=0.0556,=0.0131,=0.0068,=40
="930875",空天军工,2016-08-17,=0.0187,=2247.1200,=-0.0712,=66.1088,=0.6482,=27.3832,=45.4265,=55.4342,=73.2691,=98.7933,=3.6400,=0.5137,=2.4052,=3.1527,=3.6167,=4.9443,=7.9650,=3.2178,=0.3944,=2.1274,=2.8899,=3.7046,=4.5347,=7.7673,=0.0090,=0.0567,=0.0104,=0.0066,=104
="000935",中证信息,2009-07-03,=-0.0036,=8155.5000,=0.2707,=66.6070,=0.9654,=22.3783,=36.3506,=44.9712,=54.4602,=77.7561,=6.7963,=0.9934,=2.5910,=3.3323,=4.0468,=4.7551,=7.3946,=3.9133,=0.9172,=1.7187,=2.2028,=2.7288,=3.5210,=4.5057,=0.0237,=0.0833,=0.0137,=0.0056,=1119
="931071",人工智能,2018-11-21,=-0.0003,=2798.2500,=0.2352,=67.6582,=0.9520,=30.9003,=39.6951,=48.4171,=56.5879,=74.4524,=10.5802,=0.9901,=2.9559,=3.8958,=4.7322,=5.8903,=11.5305,=8.5703,=0.9879,=2.2000,=2.7965,=3.1902,=4.0670,=9.3591,=0.0409,=0.1450,=0.0239,=0.0053,=1332
="931009",建筑材料,2013-07-15,=0.0039,=5490.1500,=-0.1257,=67.6675,=0.9785,=8.0662,=10.3916,=14.5608,=24.8772,=95.7816,=0.8908,=0.0293,=0.7557,=1.0165,=1.5131,=1.9967,=2.4800,=0.9841,=0.2232,=0.6904,=0.9634,=1.1632,=1.5178,=2.1670,=-0.0025,=0.0109,=-0.0006,=0.0267,=743
="931845",生猪产业,2012-04-11,=0.0104,=1044.7500,=-0.2046,=68.0439,=0.7768,=12.7881,=21.2322,=29.0192,=93.6359,=705.7713,=2.3725,=0.0016,=2.3345,=2.8979,=3.4917,=4.1490,=5.7536,=0.8916,=0.0066,=0.8594,=1.0406,=1.6492,=2.1722,=2.8287,=-0.0154,=0.0788,=0.0361,=0.0296,=164
="399368",国证军工,2009-11-04,=0.0183,=7766.0500,=-0.0888,=68.4207,=0.5993,=38.1822,=54.3024,=63.7422,=78.3033,=107.0849,=3.2855,=0.6429,=2.0244,=2.5864,=3.0417,=3.5652,=4.3940,=3.1558,=0.4769,=1.8459,=2.5717,=3.1925,=3.6958,=4.8014,=0.0129,=0.0477,=0.0081,=0.0058,=12
="399973",中证国防,2014-04-15,=0.0183,=1714.2600,=-0.0783,=68.7135,=0.7257,=28.8580,=43.6064,=54.2178,=72.9045,=114.4667,=3.5506,=0.4819,=2.3880,=3.0107,=3.5790,=4.9221,=7.7047,=3.2879,=0.3937,=1.9566,=2.7383,=3.8952,=4.5636,=7.1179,=0.0086,=0.0535,=0.0095,=0.0064,=632
="H30590",机器人,2015-02-10,=-0.0053,=2032.5200,=0.0652,=69.0091,=0.8937,=24.1742,=42.0280,=50.8795,=63.1289,=89.9138,=4.7054,=0.8892,=2.1765,=2.8850,=3.6977,=4.3971,=6.0751,=4.5654,=0.8727,=1.6011,=2.4260,=3.4045,=4.3061,=5.6179,=0.0149,=0.0720,=0.0144,=0.0058,=875
="980080",成长100,2012-12-28,,,=0.4092,=69.4633,=0.9844,=39.4731,=44.7287,=49.2943,=57.9507,=70.7350,=7.8299,=0.9922,=3.0437,=3.6126,=5.4055,=6.5786,=7.9511,=4.9356,=0.9792,=2.0191,=2.3993,=2.9210,=4.2840,=5.0259,=0.0481,=0.1452,=0.0254,=0.0036,=184
="931066",军工龙头,2018-02-05,=0.0267,=2958.9800,=-0.1435,=69.6795,=0.8798,=29.1719,=34.9281,=42.7616,=52.2345,=100.5281,=3.2394,=0.2478,=2.2914,=3.1482,=3.6909,=4.6227,=6.9932,=2.9589,=0.2903,=2.1745,=2.8222,=3.4509,=4.1887,=5.8746,=0.0067,=0.0495,=0.0098,=0.0071,=1065
="000993",全指信息,2011-08-02,=-0.0043,=10842.2000,=0.2775,=69.8945,=0.8398,=27.3163,=42.0299,=52.3705,=67.7144,=96.2351,=6.7751,=0.9930,=2.5265,=3.2910,=4.0183,=4.7054,=7.3820,=4.0204,=0.9057,=1.8009,=2.3377,=2.8263,=3.4670,=5.4447,=0.0221,=0.0751,=0.0134,=0.0053,=4074
="399967",中证军工,2013-12-26,=0.0198,=12681.6400,=-0.0949,=70.1070,=0.6087,=41.8350,=54.9010,=65.1970,=98.0023,=170.1674,=3.5421,=0.7068,=2.0425,=2.6006,=3.1814,=3.8655,=4.8699,=3.2558,=0.5552,=2.0545,=2.7221,=3.1242,=4.0219,=5.8225,=0.0129,=0.0501,=0.0096,=0.0055,=5936
="931480",线上消费,2020-05-06,=0.0070,=689.1100,=-0.1807,=70.5321,=0.5419,=33.5813,=47.6884,=66.8478,=96.8036,=132.5169,=2.8962,=0.3899,=1.9483,=2.5070,=3.0997,=3.7024,=5.0305,=2.9873,=0.8236,=1.1811,=1.5047,=1.8187,=2.8710,=4.8094,=0.0131,=0.0458,=0.0190,=0.0107,=74
="931866",中证机床,2022-05-09,=-0.0039,=2650.2700,=0.4780,=71.3146,=0.9794,=28.6086,=36.8366,=40.4122,=53.1958,=75.6656,=7.4323,=0.9969,=2.8302,=3.7435,=4.2835,=5.0314,=7.6064,=6.0153,=0.9928,=2.4023,=3.1536,=3.4196,=4.1410,=6.1880,=0.0321,=0.1022,=0.0244,=0.0052,=155
="930910",农牧渔,2016-12-12,=0.0150,=8098.5600,=-0.1879,=71.3363,=0.7443,=13.2246,=20.8538,=29.6235,=97.6120,=30031.8592,=2.1048,=0.0022,=2.0709,=2.4981,=2.9728,=3.6474,=4.9084,=0.9451,=0.0179,=0.8679,=1.0760,=1.4859,=2.0561,=2.7290,=-0.0088,=0.0664,=0.0304,=0.0231,=12
="931582",数字经济,2020-11-09,=0.0017,=1741.5900,=0.1796,=71.4720,=0.9055,=35.0365,=43.8539,=50.1430,=65.7997,=83.2725,=7.4462,=0.9284,=3.4564,=4.8948,=5.6534,=6.5834,=9.8458,=6.5589,=0.6871,=2.4970,=3.8836,=5.8372,=7.6113,=11.8341,=0.0236,=0.0954,=0.0158,=0.0043,=182
="931469",云计算50,2020-06-12,=0.0042,=4029.4800,=0.0879,=72.2396,=0.6022,=43.1726,=58.3765,=68.4284,=81.9843,=130.8911,=9.9044,=0.9862,=3.0031,=3.8761,=5.0920,=6.1311,=10.8634,=5.6589,=0.9855,=2.2186,=2.8542,=3.4830,=4.2250,=6.2441,=0.0385,=0.1212,=0.0175,=0.0027,=61
="399993",CSWD生科,2015-05-08,=0.0252,=2189.0800,=-0.1601,=72.9139,=0.7883,=31.0960,=44.2349,=56.6785,=73.4967,=122.8633,=3.1244,=0.0667,=2.5928,=3.6570,=6.1599,=7.5987,=15.2283,=6.2235,=0.1322,=4.8204,=6.7341,=9.3392,=14.2874,=21.1379,=0.0163,=0.0356,=0.0147,=0.0112,=68
="1000007",创业板全指,2010-05-01,=0.0071,=4418.5700,=0.1296,=73.4413,=0.6594,=33.8134,=48.2464,=61.0251,=94.8158,=334.2333,=4.8389,=0.7343,=2.3083,=3.3595,=4.0487,=5.2333,=6.6514,=4.2237,=0.5342,=2.1439,=3.2931,=4.1203,=5.5808,=8.9790,=0.0212,=0.0638,=0.0178,=0.0073,=1920
="H30318",科技传媒通信150,2014-04-15,=-0.0052,=4453.1200,=0.4483,=74.0963,=0.9951,=19.8534,=28.8910,=38.1621,=49.8128,=78.8621,=9.8932,=0.9951,=2.0037,=2.4821,=3.5091,=4.3094,=10.4871,=5.3710,=0.9951,=1.2409,=1.8642,=2.3025,=2.7676,=5.7164,=0.0368,=0.1091,=0.0211,=0.0040,=39
="932088",全指航空,2023-03-23,=0.0362,=771.1500,=-0.1217,=77.7168,=0.6688,=36.9197,=48.8249,=66.7383,=88.5359,=116.5746,=3.5893,=0.6598,=2.3948,=3.0285,=3.3821,=3.8856,=4.9751,=3.2672,=0.3312,=2.2988,=2.9046,=3.5779,=4.0624,=4.9356,=0.0077,=0.0470,=0.0092,=0.0063,=38
="930851",云计算,2016-07-20,=0.0024,=6214.9800,=-0.0413,=79.4648,=0.6278,=37.0632,=52.8614,=67.5103,=96.4471,=313.0672,=8.5914,=0.9896,=2.7148,=3.6039,=4.2875,=5.3772,=9.4756,=5.5789,=0.9900,=1.6839,=2.4250,=3.1147,=3.7315,=6.1877,=0.0301,=0.0896,=0.0112,=0.0026,=459
="399019",创业200,2023-11-15,=0.0093,=4756.1000,=0.0462,=83.5501,=0.4669,=45.1604,=59.6118,=85.4065,=110.6510,=137.0675,=4.2062,=0.9652,=1.8905,=2.4424,=3.1946,=3.8733,=4.4299,=3.7459,=0.9040,=1.7802,=2.2940,=2.8219,=3.3955,=3.9712,=0.0165,=0.0404,=0.0111,=0.0061,=84
="970070",创业板人工智能,2024-07-11,=-0.0048,=7995.0500,=0.3484,=86.7671,=0.6185,=48.3861,=71.4282,=80.8777,=94.3790,=119.1606,=12.4756,=0.9634,=3.3467,=5.0211,=6.0598,=9.5890,=13.8181,=10.3452,=0.9526,=3.4016,=4.9401,=5.9863,=8.9105,=11.5141,=0.0381,=0.1206,=0.0167,=0.0033,=223
="931144",通信技术,2019-05-30,=-0.0129,=4275.1100,=0.8363,=89.0322,=0.9771,=22.8153,=30.3904,=36.5677,=50.1668,=113.1406,=12.4263,=0.9941,=2.5671,=3.1049,=3.6701,=4.7276,=13.3691,=7.7715,=0.9941,=1.6428,=2.1010,=2.4746,=3.3739,=8.4002,=0.0432,=0.1354,=0.0299,=0.0026,=247
="932438",科创创业机器人,2025-05-16,=0.0061,=1761.3000,=0.0898,=89.6774,=0.7318,=67.6486,=76.9264,=83.3515,=91.8224,=103.3521,=5.7947,=0.5594,=4.9598,=5.2841,=5.6581,=6.1892,=6.8835,=5.8847,=0.3448,=5.2672,=5.7420,=6.0572,=6.6238,=7.4199,=0.0153,=0.0666,,=0.0038,=55
="930790",CS娱乐TI,2016-03-22,=0.0103,=1157.2600,=-0.1860,=90.2043,=0.9016,=17.3299,=32.7501,=48.9480,=79.9430,=245.3480,=2.2810,=0.3071,=1.6576,=2.1340,=2.5540,=3.1189,=3.8872,=2.5317,=0.0713,=2.2057,=2.7911,=3.2408,=4.0374,=5.0752,=0.0124,=0.0200,=0.0156,=0.0166,=15
="932038",央企科技引领,2022-11-16,=-0.0058,=1818.7300,=0.2152,=91.0517,=0.9606,=31.0707,=37.7174,=44.7828,=75.3693,=100.6860,=6.2239,=0.9734,=2.7684,=3.4563,=3.9645,=4.8344,=6.8336,=6.2681,=0.9664,=2.3932,=3.1333,=3.8940,=5.2872,=6.9314,=0.0105,=0.0636,=0.0096,=0.0049,=35
="000858",500信息,2013-11-06,=-0.0085,=13054.8900,=0.2387,=91.3892,=0.8291,=25.3805,=44.0237,=64.2693,=89.0200,=209.3531,=6.1042,=0.9909,=2.1626,=2.9042,=3.3887,=3.9462,=6.7548,=5.9261,=0.9893,=1.1229,=1.9078,=2.6884,=3.6038,=6.5901,=0.0212,=0.0505,=0.0070,=0.0034,=350
="000683",科创生物,2022-05-09,=0.0286,=935.6700,=-0.1275,=93.9962,=0.0956,=31.4909,=159.7647,=1980.3507,=-210.9240,=97054.3385,=5.5303,=0.5584,=4.0903,=4.8793,=5.4128,=6.3099,=7.9611,=8.7641,=0.1087,=7.6079,=9.2274,=10.3336,=11.4606,=14.1963,=0.0094,=0.0457,=0.0035,=0.0034,=53
="CN5082",国证航天,2015-02-16,,,=-0.1908,=95.3851,=0.7477,=44.4252,=58.7080,=73.0663,=113.0568,=173.9279,=3.8405,=0.6123,=2.1924,=2.8248,=3.3463,=4.3699,=5.7727,=3.7508,=0.6687,=1.9232,=2.5659,=3.3670,=4.1058,=6.0090,=0.0055,=0.0382,=0.0066,=0.0052,=18
="931247",中证信创,2012-12-21,=0.0085,=1450.0800,=-0.0093,=95.4132,=0.1296,=66.5979,=101.2563,=203.4248,=276.3312,=369.3964,=6.2738,=0.8844,=2.7947,=3.4785,=4.6717,=5.8418,=7.4810,=5.0337,=0.8666,=2.8203,=3.4067,=4.1071,=4.8393,=6.0696,=0.0271,=0.0400,=0.0016,=0.0036,=96
="931521",高装细分50,2020-07-08,=0.0224,=2891.1400,=-0.1308,=95.9534,=0.8000,=33.8051,=48.4434,=56.8653,=95.9534,=160.3029,=4.0566,=0.4684,=2.5146,=3.4306,=4.1401,=5.0055,=6.8876,=4.1438,=0.2902,=2.7226,=3.8911,=4.4220,=5.0877,=6.7300,=0.0050,=0.0438,=0.0069,=0.0052,=78
="930902",中证数据,2016-10-18,=0.0042,=2816.0900,=-0.1169,=96.7363,=0.6677,=37.6891,=57.1356,=78.3605,=122.2465,=366.0842,=3.8730,=0.4398,=2.4001,=3.4197,=3.9842,=4.6815,=5.5171,=2.5679,=0.0678,=2.0473,=2.8845,=3.3852,=4.1657,=7.0542,=0.0025,=0.0339,=0.0011,=0.0042,=242
="930601",中证软件,2015-03-10,=0.0165,=4987.2500,=-0.2068,=98.7197,=0.7113,=29.3378,=52.0928,=79.6041,=128.7434,=302.4908,=4.4530,=0.3933,=2.7207,=3.9642,=4.6728,=5.7207,=7.7476,=4.5681,=0.3793,=2.8007,=4.0746,=4.9573,=6.0919,=9.8975,=0.0078,=0.0385,=-0.0029,=0.0070,=389
="930633",中证旅游,2015-05-08,=0.0306,=2415.4000,=-0.2725,=101.1561,=0.4263,=15.8968,=21.8136,=1946.2451,=-53.1092,=11171.4579,=1.9561,=0.0754,=1.6473,=2.1752,=2.3673,=2.8091,=3.6934,=1.1017,=0.0058,=1.0607,=1.3334,=1.6083,=2.5752,=3.7607,=0.0208,=-0.0128,=-0.0016,=0.0094,=605
="H30202",软件指数,2013-07-15,=0.0201,=11825.7800,=-0.2156,=104.5956,=0.5947,=45.1036,=65.7595,=91.5544,=155.6202,=372.5263,=4.4560,=0.1837,=2.9348,=4.5153,=5.4328,=6.6171,=8.8705,=6.0097,=0.2862,=3.9010,=5.4106,=6.8754,=8.0762,=13.5560,=0.0053,=0.0344,=-0.0039,=0.0070,=318
="932456",科创创业AI,2025-05-14,=-0.0005,=3700.7300,=0.2720,=105.6347,=0.0755,=95.3901,=110.5189,=117.5465,=140.3144,=192.3777,=13.4407,=0.9208,=6.1464,=7.4591,=10.3135,=11.4269,=14.7499,=16.7012,=0.9208,=9.0747,=11.1991,=14.5964,=15.7268,=18.3647,=0.0437,=0.0985,,=0.0018,=44
="CN5075",国证信创,2015-02-16,,,=0.2562,=106.2631,=0.6738,=39.3034,=49.7703,=76.3940,=123.8786,=152.0158,=8.1871,=0.9603,=3.0386,=3.5512,=5.1547,=7.1413,=9.3745,=6.1305,=0.9520,=2.8415,=3.6693,=4.3830,=5.4132,=7.0749,=0.0268,=0.0598,=0.0136,=0.0026,=28
="950161",科创新药,2024-08-23,=0.0382,=1074.5100,=-0.1252,=119.6636,=0.0138,=113.6689,=-631.6889,=-145.0610,=-89.9599,=1578.9342,=7.5642,=0.2805,=4.9324,=6.6008,=8.8778,=10.4689,=12.9042,=9.6727,=0.1287,=8.4204,=10.1571,=12.4989,=14.4202,=17.6998,=0.0059,=0.0403,=-0.0091,=0.0015,=21
="H30007",芯片产业,2012-12-20,=-0.0063,=4399.6400,=0.3894,=126.8220,=0.9201,=24.2382,=40.3400,=68.8758,=111.0855,=186.5687,=9.4574,=0.9815,=1.9412,=3.6296,=4.4746,=7.1124,=11.2654,=13.5847,=0.9934,=1.5871,=3.6687,=6.4692,=8.1564,=15.5355,=0.0230,=0.0446,=0.0109,=0.0013,=518
="980076",通用航空,2012-12-28,=0.0380,=3149.9400,=-0.1511,=127.2755,=0.7855,=69.9916,=80.1439,=100.9673,=128.6865,=158.1149,=3.6554,=0.6351,=2.7445,=3.2083,=3.5205,=4.1257,=5.1513,=4.3093,=0.5153,=3.4358,=4.0799,=4.3002,=4.9528,=6.3273,=0.0066,=0.0297,=0.0083,=0.0045,=57
="000698",科创100,2023-08-07,=-0.0069,=1891.7200,=0.2975,=130.2607,=0.1933,=60.6995,=130.7785,=216.0176,=254.8226,=337.2511,=7.0728,=0.9840,=2.7397,=3.5900,=4.1659,=5.7071,=7.3691,=8.5495,=0.8401,=4.0312,=5.0887,=6.1444,=8.3635,=10.0837,=0.0093,=0.0369,=0.0028,=0.0028,=540
="H30184",半导体,2013-07-15,=-0.0116,=13253.8900,=0.4403,=132.4741,=0.9716,=33.2056,=51.7042,=76.9024,=105.5855,=154.8888,=9.3727,=0.9650,=2.5082,=3.4210,=4.7995,=7.3370,=12.2763,=14.0773,=0.9959,=1.3963,=2.6471,=6.8909,=9.2528,=15.6416,=0.0203,=0.0527,=0.0094,=0.0014,=3314
="932087",集成电路,2023-03-29,=-0.0100,=1524.7100,=0.3463,=133.7689,=0.5548,=46.1239,=98.8475,=131.4986,=150.5586,=195.7770,=8.7512,=0.9716,=3.1405,=3.8779,=5.1221,=6.8912,=10.1351,=13.7341,=0.9626,=5.8347,=7.5578,=8.9492,=11.5269,=15.9312,=0.0203,=0.0481,=0.0079,=0.0014,=38
="990001",中华半导体芯片,2019-03-18,=-0.0069,=16715.4100,=0.3828,=135.0329,=0.9470,=33.1780,=61.2261,=84.5776,=114.6965,=160.7761,=9.1452,=0.9624,=3.1429,=4.2582,=5.3045,=7.3752,=10.9977,=13.6519,=0.9909,=3.3238,=6.0767,=7.1005,=9.2094,=15.6060,=0.0177,=0.0410,=0.0101,=0.0013,=1374
="950180",科创AI,2024-07-25,=0.0023,=2436.5300,=0.0842,=139.7796,=0.4846,=66.2784,=98.4998,=140.5052,=168.4405,=271.3436,=11.8053,=0.8722,=3.9039,=5.9531,=8.9724,=11.2782,=13.9313,=15.8882,=0.7599,=6.3298,=9.3696,=13.3274,=16.2623,=18.8013,=0.0274,=0.0670,=0.0163,=0.0024,=211
="932000",中证2000,2023-08-11,=0.0050,=3363.5200,=0.0500,=148.1125,=0.7120,=44.0427,=58.0855,=83.7781,=154.6822,=228.3990,=2.9964,=0.8889,=1.5089,=1.9691,=2.3364,=2.8531,=3.3036,=2.4061,=0.8816,=1.1809,=1.5469,=1.8193,=2.3226,=2.6726,=0.0098,=0.0154,=0.0097,=0.0068,=1154
="000690",科创成长,2022-11-04,=0.0001,=2606.6200,=0.3903,=148.4201,=0.7615,=26.4295,=44.1036,=82.1512,=157.0208,=288.8500,=15.2254,=0.9885,=3.7827,=4.8407,=5.4730,=11.6222,=16.1376,=15.5893,=0.8727,=2.7510,=3.9813,=5.0766,=14.0364,=19.2028,=0.0188,=0.1043,=0.0143,=0.0021,=129
="000682",科创信息,2021-08-16,=-0.0039,=2679.8800,=0.3441,=149.7198,=0.9145,=41.6131,=59.5668,=92.2539,=130.7263,=187.1367,=10.0758,=0.9860,=3.3247,=4.3437,=5.3366,=6.4741,=11.3309,=14.3962,=0.9834,=5.5790,=7.2873,=8.8557,=11.3104,=16.2319,=0.0200,=0.0432,=0.0072,=0.0018,=100
="931743",半导体材料设备,2012-12-21,=-0.0250,=8895.0800,=0.7275,=151.6923,=0.9986,=30.1973,=39.4305,=59.3783,=81.2080,=154.6950,=11.6648,=0.9986,=2.5588,=3.3643,=4.2202,=6.5648,=11.8957,=17.0805,=0.9986,=2.5903,=3.1487,=3.8151,=10.2323,=17.4186,=0.0198,=0.0706,=0.0130,=0.0013,=234
="000688",科创50,2020-07-23,=0.0005,=1663.2200,=0.2373,=157.5623,=0.9060,=35.5957,=42.5028,=70.4781,=109.1816,=196.9562,=7.3877,=0.8864,=2.9443,=4.1723,=4.8403,=6.7307,=9.0182,=8.5017,=0.7665,=3.1319,=4.5522,=5.5216,=9.0582,=13.2586,=0.0135,=0.0347,=0.0045,=0.0026,=7874
="399020",创业小盘,2023-11-15,=0.0046,=1882.6200,=0.0590,=168.1461,=0.5659,=48.5170,=81.0836,=150.2037,=213.5199,=256.8495,=3.9174,=0.8682,=1.8521,=2.4369,=3.2057,=3.7661,=4.3734,=3.7638,=0.7910,=1.9895,=2.5661,=3.1753,=3.7797,=4.2999,=0.0115,=0.0199,=0.0104,=0.0056,=12
="950162",科创芯片设计,2024-07-26,=-0.0086,=2515.4200,=0.3521,=173.8183,=0.0243,=161.6128,=226.9073,=268.4214,=386.5454,=687.1301,=14.3386,=0.9426,=4.2582,=7.5770,=8.8335,=12.6842,=16.7714,=21.1828,=0.8146,=8.7765,=14.4417,=16.5385,=20.9518,=24.8034,=0.0309,=0.0713,=0.0107,=0.0015,=51
="931865",中证半导,2019-03-20,=-0.0134,=7882.7100,=0.5928,=181.8302,=0.9928,=32.8138,=44.7023,=72.7798,=116.9753,=198.4690,=12.3850,=0.9938,=3.3892,=4.1389,=5.1291,=7.2731,=13.4762,=20.4818,=0.9928,=6.4190,=7.6856,=8.6510,=13.2642,=22.3560,=0.0168,=0.0580,=0.0153,=0.0009,=200
="000689",科创材料,2022-08-15,=-0.0237,=1673.4900,=0.3804,=188.1654,=0.9924,=38.7753,=45.2378,=78.7932,=145.9809,=199.6324,=6.0774,=0.9989,=1.9307,=2.6018,=3.1862,=4.4221,=6.2612,=7.4079,=0.9989,=2.1963,=3.1245,=4.0182,=5.2795,=7.6325,=0.0126,=0.0258,=0.0058,=0.0027,=34
="000680",科创综指,2025-01-20,=-0.0024,=2029.3300,=0.2399,=190.2155,=0.2179,=115.7401,=183.5449,=212.1916,=233.3795,=278.5830,=6.5235,=0.9403,=3.4337,=3.9371,=5.1213,=5.7618,=7.1640,=8.4438,=0.9313,=4.7291,=5.4480,=6.9983,=7.8607,=9.3145,=0.0091,=0.0262,=0.0033,=0.0029,=201
="000685",科创芯片,2022-06-13,=-0.0122,=3904.0700,=0.4939,=191.6913,=0.9093,=42.1555,=66.8027,=116.7713,=176.3476,=235.0390,=10.9386,=0.9897,=3.1235,=4.0550,=5.0598,=6.6320,=12.1390,=20.5629,=0.9876,=7.4796,=10.0359,=12.1496,=14.6953,=22.8613,=0.0152,=0.0415,=0.0074,=0.0009,=466
="1000014",科创板全指,2019-07-22,,,,=192.3740,=0.8485,=34.6058,=58.3504,=76.7389,=128.7222,=267.8356,=6.4970,=0.8210,=2.4875,=3.7783,=4.8400,=6.4132,=9.5957,=8.4499,=0.7120,=3.3799,=5.1821,=6.4617,=9.7758,=14.1086,=0.0091,=0.0255,=0.0035,=0.0029,=1289
="980017",国证芯片,2015-02-17,=-0.0075,=17477.3200,=0.3776,=197.7831,=0.9903,=30.3742,=55.5610,=79.0110,=106.1180,=227.4136,=9.0071,=0.9661,=3.1638,=4.0850,=5.6859,=7.3914,=10.4020,=13.8773,=0.9903,=3.6283,=5.7723,=6.6368,=7.9430,=15.9563,=0.0146,=0.0397,=0.0130,=0.0011,=2588
="950125",科创半导体材料设备,2024-07-26,=-0.0294,=3816.4400,=0.7765,=205.4178,=0.9868,=70.4245,=116.3225,=127.3232,=158.5451,=222.4797,=9.0639,=0.9868,=2.8469,=4.7477,=5.2762,=6.6001,=9.7859,=19.0413,=0.9868,=7.2923,=10.8915,=12.7613,=14.6004,=20.6229,=0.0075,=0.0371,=0.0094,=0.0006,=113
="000699",科创200,2024-08-20,=-0.0029,=1690.5900,=0.2810,=214.0442,=0.3372,=128.9087,=180.9087,=257.1523,=313.1780,=388.1174,=5.1588,=0.9450,=1.9770,=3.0092,=3.5376,=4.6536,=5.6033,=7.5754,=0.8372,=3.3605,=5.0788,=5.9429,=7.3059,=8.3761,=0.0066,=0.0165,=0.0029,=0.0036,=135
="931594",卫星产业,2020-12-22,=0.0052,=1045.4500,=-0.0740,=219.8116,=0.7681,=44.5603,=95.7887,=129.0146,=229.9491,=428.4930,=5.8729,=0.9305,=2.3588,=3.0494,=3.5029,=3.9809,=7.6413,=8.5366,=0.9222,=3.4655,=4.5303,=5.1411,=6.0381,=11.4514,=0.0019,=0.0317,=0.0057,=0.0027,=168
="980018",卫星通信,2015-02-17,=0.0041,=5106.9600,=-0.0445,=334.2738,=0.9332,=23.6003,=28.9134,=39.6535,=56.7333,=1063.4314,=5.6861,=0.9421,=1.7225,=2.0534,=2.5559,=4.2407,=7.7241,=5.5503,=0.9389,=1.5054,=1.8035,=2.2924,=3.0945,=7.7238,=0.0054,=0.0181,=0.0298,=0.0024,=118
="H30182",计算机,2013-07-15,=0.0178,=6174.2800,=-0.1942,=448.3563,=0.8561,=33.2527,=55.1898,=100.8469,=275.3763,=65313.4473,=3.8731,=0.3511,=2.4295,=3.5788,=4.0923,=4.6426,=5.8765,=3.7832,=0.2826,=2.3635,=3.5821,=4.1482,=4.7460,=7.6223,=-0.0024,=0.0033,=-0.0042,=0.0052,=50
="930781",中证影视,2016-02-04,=0.0089,=1365.9400,=-0.1921,=640.9912,=0.6129,=16.7066,=43.2808,=198.1240,=-60.9042,=6083.5065,=1.8865,=0.0853,=1.4352,=2.0539,=2.3902,=3.4136,=6.3013,=3.9942,=0.4135,=2.7079,=3.4932,=4.3428,=5.5176,=10.5203,=0.0049,=0.0185,=0.0219,=0.0103,=179
="931992",疫苗生物,2013-07-15,=0.0249,=1035.5900,=-0.1422,=1272.2769,=0.9752,=26.1322,=60.9601,=87.4196,=125.3764,=1550.1847,=2.3212,=0.0062,=2.2475,=2.6944,=3.0444,=3.6583,=5.0256,=4.3624,=0.1118,=3.7134,=4.6837,=5.1745,=5.5686,=6.4257,=0.0112,=0.0013,=0.0085,=0.0121,=28
="931151",光伏产业,2019-04-22,=-0.0014,=2950.8600,=0.0325,=1593.4281,=0.8960,=9.5087,=20.4016,=37.9911,=68.5454,=2491.4939,=2.6128,=0.4905,=1.5562,=1.9235,=2.6411,=4.4987,=6.9801,=1.9522,=0.5413,=0.8897,=1.2433,=1.7981,=3.2402,=5.9137,=0.0016,=0.0012,=0.0005,=0.0082,=2713
="950333",智选创新价值,2024-09-25,=-0.0035,=2712.4000,=0.1935,=-377.6063,=0.7476,=62.6254,=107.3884,=-3628.4821,=-254.6276,=5158.8110,=3.3678,=0.9709,=1.6564,=2.1422,=2.3907,=2.9137,=3.5439,=3.2601,=0.9684,=1.6015,=2.1270,=2.5058,=3.0154,=3.4429,=-0.0002,=-0.0164,=-0.0030,=0.0045,=12
="1000009",深圳B股,1994-01-10,=0.0108,=1133.7500,=-0.1035,=-139.8615,=0.9918,=6.5509,=10.0244,=16.1547,=22.5875,=61.4680,=0.7319,=0.4942,=0.5585,=0.6592,=0.7357,=0.9716,=1.4530,=0.4631,=0.4263,=0.3544,=0.4195,=0.4865,=0.6885,=1.0969,,=0.0028,=0.0115,=0.0341,=203
="931025",港股通地产,2017-11-06,=0.0159,=1743.5700,=0.0967,=-55.6384,=0.7301,=1.3998,=5.4470,=8.2764,=-2.9458,=7833.8201,=0.4938,=0.4928,=0.0757,=0.2097,=0.5026,=0.8781,=1.4256,=0.9080,=0.8429,=0.0508,=0.1429,=0.5403,=0.8766,=1.5776,,=-0.0074,,=0.0362,=11
="000692",科创新能,2023-04-03,=0.0141,=1171.2700,=0.0118,=-53.2768,=0.6904,=13.9124,=18.7556,=111.8347,=-44.6842,=279.8956,=2.5388,=0.6554,=1.4486,=1.7828,=2.2012,=2.7957,=4.0229,=1.7061,=0.6464,=0.8667,=1.1535,=1.4327,=1.9070,=2.6157,=-0.0018,=-0.0642,=-0.0138,=0.0036,=34
="399393",国证地产,2012-08-20,=0.0171,=2628.8500,=-0.1575,=-5.6122,=0.9984,=6.3321,=8.5913,=15.6965,=56.0465,=115902.4187,=0.7910,=0.1273,=0.5768,=0.8453,=1.1009,=1.7794,=2.5183,=0.5882,=0.4044,=0.3699,=0.5178,=0.6582,=1.2147,=1.7471,=-0.0014,=-0.0767,=0.0012,=0.0100,=1430
="931775",房地产,2013-07-15,=0.0104,=2542.6100,=-0.1475,=-5.1241,=0.9984,=7.0141,=8.9864,=18.2373,=-174.1773,=1490.8370,=0.8434,=0.2026,=0.5750,=0.8414,=1.0872,=1.7458,=2.4742,=0.6503,=0.4522,=0.3617,=0.5330,=0.6873,=1.2645,=1.8650,=-0.0040,=-0.1024,=-0.0027,=0.0069,=927
="000816",细分地产,2012-04-11,=0.0112,=2353.0500,=-0.1448,=-4.7881,=0.9984,=6.1299,=8.3312,=15.7822,=201.1682,=2488.2259,=0.8179,=0.2018,=0.5599,=0.8167,=1.0711,=1.8109,=2.5676,=0.5834,=0.4411,=0.3390,=0.4956,=0.6298,=1.1785,=1.7076,=-0.0038,=-0.1018,=-0.0024,=0.0053,=7
="399965",800地产,2012-12-21,=0.0120,=2064.4600,=-0.2179,=-3.5550,=0.9988,=5.5394,=8.0067,=14.1308,=34.2075,=59.7245,=0.5872,=0.0132,=0.5234,=0.7186,=1.0252,=1.7708,=2.5596,=0.3769,=0.0869,=0.2881,=0.4112,=0.5561,=1.1406,=1.6493,=-0.0020,=-0.0854,=0.0007,=0.0088,=201
="399983",地产等权,2013-11-22,=0.0060,=1532.4400,=-0.2478,=-2.3759,=0.9988,=5.0058,=7.3322,=10.5873,=17.1078,=75.5023,=0.4871,=0.0078,=0.4408,=0.5976,=1.0990,=1.8706,=2.8135,=0.3023,=0.0791,=0.2209,=0.3551,=0.5033,=1.0484,=1.5710,=-0.0053,=-0.0924,=-0.0025,=0.0045,=1007
=".NDX",纳斯达克100指数,1969-12-31,,,,,,,,,,,,,,,,,,,,,,,,,,,=0.0751,,=4378

数据来源于：理杏仁网站(lixinger.com)