指数代码,指数名称,发布时间,涨跌幅,收盘点位,今年以来涨跌幅,PE-TTM(当前值),PE-TTM(分位点%),PE-TTM(最小值),PE-TTM(20%分位点值),PE-TTM(50%分位点值),PE-TTM(80%分位点值),PE-TTM(最大正值),PB(当前值),PB(分位点%),PB(最小值),PB(20%分位点值),PB(50%分位点值),PB(80%分位点值),PB(最大正值),PS-TTM(当前值),PS-TTM(分位点%),PS-TTM(最小值),PS-TTM(20%分位点值),PS-TTM(50%分位点值),PS-TTM(80%分位点值),PS-TTM(最大正值),股息率(当前值),股息率(分位点%),股息率(最小值),股息率(20%分位点值),股息率(50%分位点值),股息率(80%分位点值),股息率(最大正值),净资产收益率(ROE)(2026Q2),净资产收益率(ROE)(2025Q4),净资产收益率(ROE)(2025Q2),关注度
="931024",港股通非银,2017-11-06,=-0.0113,=3904.3000,=-0.0907,=5.5812,=0,=5.5812,=8.4279,=10.8842,=13.2896,=22.4310,=0.9652,=0.3419,=0.6237,=0.8536,=1.0388,=1.2203,=1.7592,=1.0933,=0.6330,=0.5870,=0.8777,=1.0209,=1.2306,=2.2002,=0.0444,=0.9011,=0.0165,=0.0270,=0.0347,=0.0414,=0.0611,,=0.1345,=0.0629,=219
="H11146",港股通内地金融,2010-06-02,=-0.0196,=1170.5500,=0.0635,=5.7964,=0.4538,=3.2759,=4.5177,=6.0258,=6.7422,=9.2347,=0.6297,=0.4359,=0.3797,=0.4938,=0.6566,=0.8694,=1.1859,=1.5357,=0.7214,=0.6692,=0.9478,=1.3187,=1.6010,=2.1885,=0.0485,=0.4635,=0.0302,=0.0445,=0.0500,=0.0726,=0.0994,,=0.0970,=0.0476,=52
="932584",智选港股通红利低波,2026-06-11,=-0.0067,=1708.5100,,=5.9432,=0.3030,=5.4952,=5.8400,=6.0802,=6.1986,=6.4396,=0.6283,=0.5152,=0.5613,=0.5965,=0.6278,=0.6414,=0.6578,=0.9395,=0.4394,=0.8443,=0.8972,=0.9437,=0.9623,=0.9893,=0.0574,=0.7273,=0.0530,=0.0549,=0.0561,=0.0584,=0.0621,,,,=19
="931039",银行AH,2017-12-06,=-0.0146,=12990.8700,=0.0162,=6.2106,=0.9032,=3.2016,=4.1016,=5.2645,=5.9139,=7.9938,=0.5827,=0.5610,=0.3790,=0.4593,=0.5659,=0.7102,=1.0569,=2.3040,=0.9090,=1.0856,=1.4362,=1.7599,=2.1770,=2.9053,=0.0487,=0.1756,=0.0324,=0.0491,=0.0544,=0.0736,=0.0997,=0.0438,=0.0881,=0.0451,=112
="H30106",H300金融服务,2013-05-21,=-0.0191,=1654.0600,=0.0931,=6.7000,=0.4392,=4.0175,=5.3642,=6.9808,=7.7531,=11.1922,=0.7631,=0.5539,=0.4470,=0.5777,=0.7401,=0.9058,=1.2489,=1.9362,=0.8114,=0.8557,=1.1816,=1.4768,=1.9251,=2.3593,=0.0454,=0.3958,=0.0288,=0.0433,=0.0472,=0.0664,=0.0918,,=0.1014,=0.0500,=26
="931479",证券保险,2020-05-06,=-0.0079,=888.4600,=-0.1639,=6.8623,=0,=6.8623,=11.5907,=13.2909,=15.4259,=21.1012,=1.1904,=0.1712,=1.0296,=1.2199,=1.3664,=1.5565,=2.2844,=1.4478,=0.4664,=1.0318,=1.2786,=1.4716,=1.7780,=2.2879,=0.0330,=0.9761,=0.0162,=0.0225,=0.0252,=0.0290,=0.0357,=0.0884,=0.1317,=0.0613,=63
="HSSCSOY",恒生港股通中国央企红利指数,2023-06-01,=-0.0118,=4114.7100,=0.0234,=6.9465,=0.7805,=4.1647,=4.6778,=5.7524,=6.9948,=7.8218,=0.6419,=0.6326,=0.4381,=0.4982,=0.6001,=0.6831,=0.7455,=1.0866,=0.9729,=0.5323,=0.5995,=0.7614,=0.9716,=1.1223,=0.0521,=0.0888,=0.0487,=0.0556,=0.0675,=0.0860,=0.0936,=0.0453,=0.0921,=0.0475,=275
="H30035",300非银,2012-12-21,=-0.0084,=9185.8800,=-0.1764,=6.9515,=0,=6.9515,=12.6197,=15.1161,=19.3203,=26.3489,=1.2036,=0.1035,=1.0544,=1.2917,=1.5957,=2.0358,=2.4387,=1.4569,=0.2300,=1.0410,=1.4185,=1.6890,=1.9690,=2.3917,=0.0325,=0.9893,=0.0124,=0.0164,=0.0222,=0.0261,=0.0352,=0.0873,=0.1294,=0.0605,=1272
="HSMCHYI",恒生中国内地企业高股息率指数,2019-09-01,=-0.0145,=2940.7500,=0.0568,=7.0761,=0.8277,=3.7550,=5.0590,=5.8735,=6.9455,=7.9027,=0.7439,=0.8023,=0.4590,=0.5806,=0.6437,=0.7428,=0.8175,=1.1005,=0.8744,=0.5101,=0.6897,=0.8040,=0.9412,=1.2126,=0.0517,=0.1118,=0.0478,=0.0533,=0.0617,=0.0790,=0.1052,,=0.0995,=0.0500,=287
="000018",180金融,2007-12-10,=-0.0119,=5445.2500,=-0.0834,=7.1421,=0.3384,=5.2016,=6.4287,=7.4932,=8.3012,=10.8609,=0.7778,=0.3549,=0.5902,=0.6965,=0.8524,=1.0577,=1.4199,=2.1720,=0.7543,=1.2355,=1.5824,=1.9635,=2.2159,=2.8772,=0.0396,=0.5297,=0.0246,=0.0353,=0.0392,=0.0493,=0.0636,=0.0529,=0.0959,=0.0477,=780
="399809",保险主题,2015-02-13,=-0.0133,=2228.7700,=-0.1646,=7.1782,=0.2770,=5.4537,=6.8114,=10.1105,=15.0245,=22.8725,=0.8297,=0.3619,=0.6352,=0.7647,=1.1933,=1.4858,=1.9794,=2.1284,=0.9015,=0.5239,=0.8688,=1.0978,=1.8558,=2.3772,=0.0389,=0.6426,=0.0120,=0.0209,=0.0308,=0.0488,=0.0686,=0.0540,=0.1015,=0.0485,=1527
="930792",HK银行,2016-04-22,=-0.0261,=5298.4100,=0.2029,=7.2346,=0.8944,=3.2659,=4.4606,=5.8966,=6.8702,=9.5632,=0.6943,=0.6637,=0.3905,=0.4962,=0.6240,=0.7978,=1.0771,=2.6860,=0.9647,=1.0519,=1.5163,=1.8837,=2.4507,=3.1066,=0.0455,=0.0783,=0.0355,=0.0497,=0.0562,=0.0743,=0.1045,,=0.0901,=0.0459,=769
="000818",细分金融,2012-04-11,=-0.0112,=6750.3700,=-0.0858,=7.2589,=0.3347,=5.2356,=6.4974,=7.6670,=8.4810,=10.9951,=0.7883,=0.3380,=0.5930,=0.7010,=0.8694,=1.0793,=1.4303,=2.2265,=0.7564,=1.2689,=1.6354,=2.0040,=2.2666,=2.9111,=0.0389,=0.5672,=0.0239,=0.0331,=0.0376,=0.0471,=0.0625,=0.0528,=0.0956,=0.0477,=12
="931233",港股通央企红利,2017-06-28,=-0.0099,=1188.2000,=0.0192,=7.2849,=0.7345,=3.6988,=4.9833,=6.4189,=7.4444,=14.0775,=0.6943,=0.6132,=0.3929,=0.5246,=0.6481,=0.8545,=1.8161,=0.9973,=0.5568,=0.4645,=0.6271,=0.9540,=1.3859,=1.7583,=0.0523,=0.2354,=0.0394,=0.0518,=0.0569,=0.0794,=0.1038,=0.0452,=0.0906,=0.0470,=498
="399986",中证银行,2013-07-15,=-0.0133,=7566.9500,=-0.0048,=7.3381,=0.9287,=4.1183,=5.2599,=6.3335,=6.8992,=9.0846,=0.6980,=0.4707,=0.4848,=0.5836,=0.7095,=0.8875,=1.2416,=2.7244,=0.9308,=1.4134,=1.7842,=2.1897,=2.5438,=3.3016,=0.0411,=0.2003,=0.0285,=0.0411,=0.0458,=0.0572,=0.0756,=0.0449,=0.0881,=0.0451,=9703
="399966",800证保,2012-12-21,=-0.0074,=5546.2500,=-0.1613,=7.3879,=0,=7.3879,=13.4481,=15.9519,=19.7375,=27.1945,=1.2151,=0.1080,=1.0619,=1.2949,=1.5835,=2.0322,=2.4366,=1.5819,=0.2840,=1.1634,=1.5249,=1.7740,=2.0457,=2.5211,=0.0310,=0.9942,=0.0122,=0.0160,=0.0213,=0.0245,=0.0329,=0.0846,=0.1256,=0.0585,=188
="H30588",中证证保,2015-02-02,=-0.0074,=941.6800,=-0.1614,=7.3935,=0,=7.3935,=13.4553,=16.0492,=19.5891,=27.6808,=1.2138,=0.1026,=1.0752,=1.2956,=1.5885,=2.0255,=2.4238,=1.5842,=0.3054,=1.1673,=1.5178,=1.7677,=2.0128,=2.5500,=0.0310,=0.9955,=0.0121,=0.0160,=0.0213,=0.0243,=0.0328,=0.0845,=0.1254,=0.0584,=486
="H11140",香港红利,2009-07-23,=-0.0131,=4047.4300,=0.1085,=7.4498,=0.7661,=3.0693,=4.4494,=5.9820,=7.6571,=13.9623,=0.7120,=0.6125,=0.3833,=0.5103,=0.6294,=0.8635,=1.1652,=1.1828,=0.6854,=0.5431,=0.7455,=0.9723,=1.2933,=2.1349,=0.0535,=0.1593,=0.0382,=0.0553,=0.0633,=0.0876,=0.1281,=0.0477,=0.0912,=0.0482,=58
="987016",港股通红利低波,2021-11-18,,,=0.0882,=7.4582,=0.8869,=3.4544,=4.3201,=5.0502,=6.9477,=8.0054,=0.7267,=0.9668,=0.4152,=0.4894,=0.5429,=0.6744,=0.7549,=1.1080,=0.7806,=0.5827,=0.6617,=0.8083,=1.1199,=1.3012,=0.0549,=0.1012,=0.0488,=0.0585,=0.0806,=0.0923,=0.1160,=0.0478,=0.0893,=0.0462,=187
="HSHDYI",恒生高股息率指数,2012-12-10,=-0.0098,=1234.2700,=-0.0323,=7.4845,=0.7253,=3.6777,=4.8612,=6.6082,=7.8015,=10.6953,=0.7015,=0.5603,=0.4041,=0.5046,=0.6464,=0.8972,=1.1746,=1.0926,=0.5396,=0.5013,=0.7008,=1.0616,=1.4868,=1.9871,=0.0548,=0.2731,=0.0423,=0.0528,=0.0604,=0.0808,=0.1102,,=0.0902,=0.0467,=923
="HSCSOE",恒生中国央企指数,2023-01-01,=-0.0139,=3836.4700,=0.0672,=7.4975,=0.6945,=4.9972,=5.5918,=6.2717,=7.7934,=8.5526,=0.7620,=0.7846,=0.5264,=0.5950,=0.6414,=0.7665,=0.8375,=0.9291,=0.8110,=0.5404,=0.5989,=0.6819,=0.9221,=1.0234,=0.0497,=0.1582,=0.0450,=0.0511,=0.0677,=0.0772,=0.0871,=0.0533,=0.0956,=0.0480,=122
="000914",300金融,2007-07-02,=-0.0112,=6106.0200,=-0.0911,=7.5493,=0.3825,=5.2769,=6.6022,=7.8286,=8.6017,=11.3863,=0.7826,=0.3269,=0.5962,=0.7048,=0.8743,=1.1195,=1.4919,=2.1015,=0.7890,=1.1210,=1.4310,=1.8123,=2.1095,=2.7052,=0.0386,=0.5606,=0.0235,=0.0340,=0.0378,=0.0467,=0.0618,=0.0510,=0.0897,=0.0461,=349
="HSSCHKY",恒生港股通高股息率指数,2019-11-01,=-0.0163,=2666.3700,=0.0761,=7.5945,=0.8754,=3.8979,=4.9573,=5.9713,=7.3066,=8.4533,=0.7125,=0.8701,=0.4277,=0.5187,=0.5828,=0.6901,=0.8197,=1.2097,=0.8701,=0.5333,=0.7004,=0.8892,=1.1373,=1.3442,=0.0528,=0.0868,=0.0482,=0.0560,=0.0661,=0.0838,=0.1067,,=0.0891,=0.0459,=510
="HSSCHYS",恒生港股通红利优选指数,2023-06-01,=-0.0116,=4680.4900,=0.0078,=7.6772,=0.7497,=4.2457,=4.7640,=5.9014,=7.8810,=9.0746,=0.7210,=0.6856,=0.4429,=0.5021,=0.5962,=0.7380,=0.8283,=1.1832,=0.9420,=0.6036,=0.6816,=0.8901,=1.0722,=1.2508,=0.0586,=0.1554,=0.0497,=0.0601,=0.0707,=0.0876,=0.0947,,=0.0897,=0.0466,=89
="000934",中证金融,2009-07-03,=-0.0109,=5702.3800,=-0.0904,=7.7874,=0.3784,=5.7083,=6.8944,=8.0818,=8.8714,=11.5527,=0.7908,=0.3145,=0.6117,=0.7181,=0.8851,=1.1287,=1.5017,=2.1097,=0.8067,=1.1467,=1.4503,=1.8024,=2.1039,=2.6696,=0.0377,=0.5697,=0.0232,=0.0331,=0.0367,=0.0445,=0.0593,=0.0504,=0.0873,=0.0451,=1161
="931157",SHS红利成长LV,2019-04-25,=-0.0095,=7204.9500,=-0.0335,=7.8143,=0.6410,=4.1261,=5.6269,=7.0151,=8.3110,=11.5318,=0.7813,=0.4316,=0.5154,=0.6305,=0.8022,=0.9173,=1.5888,=1.6918,=0.9856,=0.5018,=0.7149,=1.0465,=1.4323,=1.7619,=0.0473,=0.4439,=0.0259,=0.0421,=0.0481,=0.0555,=0.0761,=0.0487,=0.0964,=0.0513,=365
="000992",全指金融,2011-08-02,=-0.0110,=5437.6000,=-0.0919,=7.9241,=0.3792,=5.9310,=7.1022,=8.2546,=9.0288,=11.6339,=0.7904,=0.3092,=0.6188,=0.7234,=0.8880,=1.1385,=1.5107,=2.1053,=0.8050,=1.1568,=1.4432,=1.8065,=2.0970,=2.6668,=0.0373,=0.5779,=0.0229,=0.0327,=0.0362,=0.0437,=0.0581,=0.0497,=0.0846,=0.0444,=2717
="930992",沪港深红利低波,2017-06-28,=-0.0103,=5410.5300,=-0.0282,=7.9261,=0.8104,=4.0130,=5.2287,=6.0100,=7.8928,=8.5109,=0.7512,=0.8727,=0.4277,=0.5394,=0.5977,=0.7387,=0.7950,=1.1859,=0.7870,=0.4496,=0.6026,=0.8966,=1.1914,=1.3912,=0.0509,=0.0848,=0.0476,=0.0534,=0.0712,=0.0765,=0.0949,=0.0480,=0.0878,=0.0455,=60
="932596",港股通红利低波,2016-02-04,=-0.0153,=4190.3300,=0.0803,=7.9390,=0.3704,=7.1792,=7.7982,=8.0243,=8.2478,=8.5745,=0.7414,=0.5761,=0.6528,=0.6978,=0.7319,=0.7554,=0.7956,=1.3663,=0.7654,=1.2161,=1.2866,=1.3372,=1.3681,=1.4305,=0.0501,=0.3580,=0.0473,=0.0491,=0.0523,=0.0546,=0.0579,=0.0463,=0.0894,,=109
="000029",180价值,2009-01-09,=-0.0105,=4186.2600,=-0.0599,=8.0041,=0.5631,=5.6894,=6.9075,=7.8730,=8.4988,=10.8138,=0.8359,=0.3726,=0.6666,=0.8014,=0.8552,=1.0606,=1.4433,=1.1262,=0.9077,=0.6198,=0.7825,=0.9448,=1.0757,=1.4032,=0.0406,=0.2576,=0.0290,=0.0397,=0.0429,=0.0522,=0.0634,=0.0509,=0.0896,=0.0469,=559
="H30270",红利价值,2013-12-19,=-0.0085,=9618.2600,=0.0090,=8.0070,=0.7728,=4.4543,=5.4548,=6.7979,=8.5969,=13.0955,=0.8210,=0.6490,=0.5256,=0.6499,=0.7652,=1.2258,=1.7317,=1.6414,=0.9928,=0.5854,=0.8153,=1.0091,=1.3112,=1.6668,=0.0420,=0.2086,=0.0269,=0.0418,=0.0500,=0.0628,=0.0726,=0.0497,=0.0936,=0.0466,=228
="930914",港股通高股息,2016-11-25,=-0.0129,=5152.6200,=0.0478,=8.0572,=0.8228,=3.4280,=4.4420,=5.9953,=7.9135,=11.1979,=0.7763,=0.7223,=0.3979,=0.5041,=0.6322,=0.8505,=1.1764,=1.2606,=0.7943,=0.5144,=0.7098,=0.9274,=1.2640,=2.2126,=0.0514,=0.1312,=0.0387,=0.0545,=0.0656,=0.0862,=0.1194,=0.0472,=0.0918,=0.0489,=787
="931130",红利成长低波,2018-12-04,=-0.0112,=23984.1400,=0.0113,=8.1612,=0.6186,=4.4465,=5.6062,=7.8197,=8.6996,=11.5512,=0.8171,=0.3517,=0.5279,=0.6272,=0.8952,=1.0250,=1.5803,=2.7631,=0.9963,=0.3109,=0.8163,=1.3296,=2.0120,=2.8088,=0.0393,=0.3385,=0.0246,=0.0323,=0.0422,=0.0532,=0.0639,=0.0468,=0.0934,=0.0427,=158
="000063",上证周期,2010-02-03,=-0.0095,=3717.1500,=-0.0839,=8.4467,=0.4530,=5.4761,=7.1362,=8.5776,=9.4385,=12.4946,=0.9372,=0.4621,=0.6668,=0.8368,=0.9509,=1.1009,=1.4831,=1.5072,=0.8372,=0.8113,=1.0636,=1.2494,=1.4619,=1.7571,=0.0381,=0.4514,=0.0252,=0.0353,=0.0386,=0.0518,=0.0626,=0.0561,=0.0975,=0.0493,=212
="HSCCI",恒生香港中资企业指数,1997-06-16,=-0.0149,=4068.5900,=0.0132,=8.4501,=0.4693,=4.8859,=6.8728,=8.7278,=11.3167,=15.9665,=0.7889,=0.3369,=0.5567,=0.7305,=0.8582,=1.1443,=1.3660,=0.9090,=0.3860,=0.5555,=0.7802,=0.9740,=1.3384,=1.5178,=0.0592,=0.6717,=0.0276,=0.0365,=0.0537,=0.0664,=0.1028,=0.0537,=0.0951,=0.0536,=35
="H50040",上红低波,2014-03-21,=-0.0093,=10866.8500,=-0.0145,=8.4995,=0.7824,=4.6938,=5.9512,=7.1590,=9.6645,=14.3118,=0.8630,=0.6101,=0.5647,=0.6911,=0.8311,=1.3609,=1.8756,=1.6698,=0.9930,=0.6380,=0.8684,=1.2018,=1.4157,=1.6953,=0.0424,=0.3129,=0.0230,=0.0391,=0.0465,=0.0588,=0.0718,=0.0498,=0.0936,=0.0482,=377
="399805",互联金融,2015-02-10,=-0.0119,=2756.9800,=-0.2837,=8.5027,=0.0635,=7.5943,=9.5079,=11.3110,=13.1553,=16.5816,=0.9407,=0.1076,=0.7644,=1.0273,=1.3767,=1.7094,=2.0317,=1.6821,=0.6303,=1.1667,=1.4082,=1.6147,=1.7935,=2.2636,=0.0361,=0.8883,=0.0145,=0.0187,=0.0238,=0.0340,=0.0507,=0.0550,=0.0940,=0.0508,=340
="HSHYLV",恒生港股通高股息低波动指数,2017-05-08,=-0.0063,=4288.5600,=-0.0402,=8.5042,=0.9567,=3.5572,=4.6664,=6.0293,=7.4024,=9.5068,=0.7842,=0.7860,=0.3828,=0.4866,=0.5895,=0.8079,=1.1073,=0.6662,=0.2119,=0.4386,=0.6611,=0.8527,=1.4028,=2.0623,=0.0576,=0.3609,=0.0385,=0.0530,=0.0638,=0.0815,=0.1103,,=0.0873,=0.0484,=1581
="H30269",红利低波,2013-12-19,=-0.0092,=11021.3200,=-0.0195,=8.5113,=0.7828,=4.5638,=5.5488,=6.9350,=9.4786,=14.4342,=0.8741,=0.6422,=0.5386,=0.6570,=0.7994,=1.3872,=1.9670,=1.6610,=0.9955,=0.6111,=0.8850,=1.0977,=1.4173,=1.6855,=0.0429,=0.2762,=0.0246,=0.0406,=0.0503,=0.0605,=0.0732,=0.0505,=0.0946,=0.0469,=4895
="399373",大盘价值,2010-01-04,=-0.0100,=8104.9000,=-0.0547,=8.5146,=0.5474,=5.4746,=6.8623,=8.3403,=9.1146,=11.9914,=0.9020,=0.4444,=0.6410,=0.8033,=0.9329,=1.1357,=1.5001,=1.1803,=0.8759,=0.5920,=0.7817,=0.9284,=1.1490,=1.4541,=0.0420,=0.4332,=0.0275,=0.0375,=0.0428,=0.0526,=0.0641,=0.0525,=0.0939,=0.0498,=339
="399812",养老产业,2014-06-06,=-0.0135,=5158.8600,=-0.1852,=8.5201,=0,=8.5201,=17.4030,=20.2437,=25.2889,=31.4367,=1.6699,=0.0103,=1.5864,=2.0248,=2.7768,=3.2414,=4.2954,=1.2940,=0.0132,=1.2170,=1.4459,=1.6757,=1.8719,=2.5548,=0.0298,=0.9942,=0.0096,=0.0132,=0.0173,=0.0245,=0.0306,=0.0998,=0.1459,=0.0698,=6290
="930709",香港证券,2015-07-13,=-0.0080,=1269.4500,=-0.1013,=8.5631,=0.0715,=6.3679,=10.1706,=12.7749,=14.8797,=24.4010,=0.9144,=0.4066,=0.5308,=0.7585,=0.9559,=1.1882,=1.5872,=3.3154,=0.5654,=1.7834,=2.5966,=3.1589,=4.1557,=5.9903,=0.0408,=0.8146,=0.0202,=0.0265,=0.0337,=0.0402,=0.0726,=0.0572,=0.0828,=0.0419,=527
="931446",东证红利低波,2020-04-21,=-0.0095,=3360.4500,=-0.0239,=8.5703,=0.8142,=5.1478,=6.1976,=7.2264,=8.5384,=11.0216,=0.8315,=0.7325,=0.5884,=0.6984,=0.7688,=0.8682,=1.2481,=1.5372,=0.9638,=0.5909,=0.7583,=0.9007,=1.3438,=1.5979,=0.0416,=0.2082,=0.0325,=0.0416,=0.0483,=0.0562,=0.0651,=0.0477,=0.0895,=0.0473,=924
="000922",中证红利,2008-05-26,=-0.0062,=5534.2500,=0.0055,=8.6210,=0.8013,=5.1762,=6.0245,=7.6568,=8.6158,=11.2156,=0.8508,=0.5181,=0.5911,=0.7110,=0.8426,=1.1014,=1.4999,=1.2856,=0.8887,=0.6332,=0.7726,=1.0442,=1.2410,=1.7101,=0.0420,=0.2337,=0.0309,=0.0413,=0.0471,=0.0596,=0.0693,=0.0487,=0.0895,=0.0440,=20608
="930839",港股通高息精选,2016-06-08,=-0.0124,=3261.0800,=-0.0543,=8.7426,=0.3841,=4.9918,=7.1350,=9.3279,=13.0246,=31.7979,=1.3092,=0.7320,=0.7294,=0.9293,=1.0783,=1.5790,=4.8768,=1.0907,=0.4198,=0.3418,=0.5599,=1.2183,=1.8324,=6.3245,=0.0567,=0.6407,=0.0089,=0.0375,=0.0501,=0.0677,=0.1118,,=0.1444,=0.0781,=398
="000919",300价值,2008-01-21,=-0.0085,=5066.4700,=-0.0474,=8.7493,=0.6311,=5.9577,=7.3283,=8.4456,=9.2359,=12.2376,=0.9131,=0.4262,=0.6917,=0.8489,=0.9316,=1.1246,=1.5388,=1.1299,=0.8528,=0.6314,=0.7861,=0.9060,=1.1117,=1.3421,=0.0404,=0.4732,=0.0265,=0.0369,=0.0407,=0.0490,=0.0609,=0.0515,=0.0921,=0.0477,=4350
="000151",上国红利,2012-07-20,=-0.0063,=1670.7100,=0.0936,=8.8943,=0.9757,=4.5075,=5.3657,=7.0111,=7.9738,=10.0345,=0.7903,=0.6031,=0.5268,=0.6189,=0.7506,=0.9617,=1.3272,=1.0912,=0.5276,=0.6026,=0.8953,=1.0751,=1.2984,=1.6854,=0.0425,=0.1010,=0.0346,=0.0443,=0.0513,=0.0650,=0.0754,=0.0453,=0.0803,=0.0499,=246
="000821",300红利,2012-07-20,=-0.0093,=6723.1700,=0.0076,=8.8981,=0.9052,=4.9998,=6.1944,=7.5608,=8.5557,=10.9286,=0.8791,=0.5420,=0.5725,=0.7140,=0.8620,=1.0735,=1.4919,=1.4209,=0.9217,=0.6098,=0.7993,=1.0658,=1.3344,=1.6963,=0.0429,=0.2370,=0.0319,=0.0425,=0.0473,=0.0563,=0.0673,=0.0492,=0.0916,=0.0473,=1014
="000015",红利指数,2005-01-04,=-0.0055,=3297.9300,=0.0857,=8.9172,=0.9674,=4.6646,=5.5108,=7.0876,=8.1178,=10.4439,=0.8636,=0.6480,=0.5525,=0.6398,=0.7654,=1.0119,=1.3875,=1.4982,=0.9551,=0.7277,=0.8913,=1.1516,=1.3578,=1.6890,=0.0407,=0.1315,=0.0330,=0.0427,=0.0514,=0.0644,=0.0757,=0.0478,=0.0885,=0.0409,=14303
="930955",红利低波100,2017-05-26,=-0.0084,=11265.7400,=-0.0446,=8.9461,=0.8266,=5.0805,=6.0841,=7.4661,=8.6911,=11.5013,=0.8506,=0.5453,=0.5792,=0.6675,=0.8332,=0.9833,=1.3722,=1.4585,=0.8824,=0.5888,=0.7810,=0.9956,=1.3808,=1.7525,=0.0443,=0.3030,=0.0270,=0.0431,=0.0469,=0.0560,=0.0683,=0.0466,=0.0928,=0.0503,=2469
="HSML25",恒生中国(香港上市)30指数,2003-01-20,=-0.0052,=8532.4400,=-0.0983,=9.0031,=0.4742,=5.7712,=7.9406,=9.1165,=10.2891,=13.0207,=1.0397,=0.3775,=0.7256,=0.9442,=1.0781,=1.2097,=1.5098,=1.6357,=0.6904,=0.9123,=1.1615,=1.4619,=1.7434,=2.4187,=0.0369,=0.5063,=0.0247,=0.0321,=0.0368,=0.0450,=0.0643,=0.0573,=0.1051,=0.0524,=271
="000968",300周期,2010-05-28,=-0.0086,=4157.0300,=-0.0861,=9.0374,=0.4720,=6.1174,=7.8172,=9.1254,=10.2552,=13.3562,=0.9571,=0.4229,=0.7021,=0.8484,=0.9940,=1.1616,=1.5550,=1.5382,=0.8310,=0.8459,=1.0834,=1.2645,=1.5120,=1.8297,=0.0367,=0.5763,=0.0230,=0.0323,=0.0360,=0.0470,=0.0569,=0.0541,=0.0922,=0.0475,=104
="931644",800红利,2024-03-15,=-0.0063,=2571.5000,=0.0076,=9.0567,=0.7944,=6.4729,=7.4148,=8.4674,=9.0603,=9.4757,=0.8839,=0.6612,=0.7001,=0.7758,=0.8603,=0.9038,=0.9431,=1.2778,=0.7566,=0.8423,=0.9329,=1.1592,=1.2896,=1.3602,=0.0429,=0.1941,=0.0416,=0.0430,=0.0464,=0.0574,=0.0662,=0.0486,=0.0906,=0.0470,=36
="932153",港股通价值策略,2025-04-30,=-0.0168,=1115.0700,=0.0612,=9.0683,=0.0824,=8.1696,=9.4878,=10.0494,=10.3560,=10.9237,=0.8014,=0.1559,=0.7012,=0.8177,=0.8710,=0.8983,=0.9365,=0.9477,=0.1500,=0.8168,=0.9667,=1.0202,=1.0616,=1.1126,=0.0442,=0.7559,=0.0397,=0.0414,=0.0428,=0.0446,=0.0538,,=0.0817,=0.0427,=16
="000824",国企红利,2012-07-20,=-0.0074,=2160.9000,=0.0188,=9.1327,=0.9621,=4.8847,=5.9406,=7.3386,=8.5499,=10.7823,=0.8839,=0.6282,=0.5610,=0.6880,=0.8233,=1.0527,=1.4469,=1.3209,=0.8829,=0.5370,=0.7016,=0.9865,=1.2719,=1.6834,=0.0420,=0.2139,=0.0328,=0.0418,=0.0481,=0.0583,=0.0694,=0.0481,=0.0892,=0.0457,=969
="950090",50AH优选,2015-12-10,=-0.0081,=5798.4200,=-0.0624,=9.1474,=0.6118,=6.3188,=7.9171,=8.7097,=9.8664,=13.5010,=1.0356,=0.5101,=0.7914,=0.9506,=1.0332,=1.1230,=1.5403,=1.3401,=0.9153,=0.6574,=0.8491,=0.9589,=1.0864,=1.4553,=0.0386,=0.4498,=0.0256,=0.0346,=0.0397,=0.0476,=0.0655,=0.0564,=0.1007,=0.0530,=2003
="HSCESI",恒生中国企业精明指数,2015-06-08,=-0.0094,=11834.9400,=-0.0786,=9.2114,=0.6489,=6.0524,=7.9817,=8.7149,=10.0620,=15.8114,=0.9976,=0.4555,=0.6924,=0.9063,=1.0130,=1.1579,=1.7191,=1.3172,=0.7054,=0.8066,=1.0060,=1.1010,=1.4384,=2.0876,=0.0364,=0.3741,=0.0200,=0.0332,=0.0380,=0.0443,=0.0600,,=0.1052,=0.0534,=93
="930740",300红利LV,2018-12-04,=-0.0054,=7025.8400,=-0.0200,=9.2202,=0.9227,=5.4153,=6.8543,=7.5584,=8.7859,=9.6903,=0.8821,=0.5810,=0.6159,=0.7748,=0.8593,=0.9446,=1.0604,=1.6140,=0.9052,=0.6725,=0.8601,=1.0837,=1.5221,=1.9253,=0.0424,=0.2346,=0.0370,=0.0419,=0.0451,=0.0510,=0.0622,=0.0462,=0.0932,=0.0455,=655
="HSCEI",恒生中国企业指数,1994-08-08,=-0.0096,=8204.9100,=-0.0795,=9.2417,=0.6516,=6.0524,=7.9839,=8.7237,=10.0985,=15.8114,=1.0003,=0.4603,=0.6924,=0.9060,=1.0145,=1.1595,=1.7191,=1.3206,=0.7037,=0.8066,=1.0063,=1.1010,=1.4423,=2.0876,=0.0362,=0.3663,=0.0200,=0.0331,=0.0380,=0.0444,=0.0600,,=0.1052,=0.0534,=4777
="000925",基本面50,2009-02-26,=-0.0115,=4262.0800,=-0.0771,=9.2572,=0.5243,=6.2635,=7.9688,=9.1914,=10.0957,=12.7955,=1.0048,=0.4048,=0.7306,=0.9013,=1.0411,=1.1921,=1.5728,=1.0637,=0.6826,=0.6037,=0.7864,=0.9667,=1.1049,=1.4866,=0.0384,=0.5449,=0.0256,=0.0338,=0.0376,=0.0468,=0.0563,=0.0530,=0.0882,=0.0468,=4567
="931848",800红利低波,2024-05-21,=-0.0059,=3156.7900,=-0.0027,=9.2588,=0.6307,=7.4155,=8.3168,=9.0695,=9.4494,=9.7854,=0.8928,=0.3304,=0.7315,=0.8579,=0.9140,=0.9677,=1.0024,=1.7052,=0.9859,=1.1714,=1.2425,=1.3577,=1.4009,=1.7274,=0.0409,=0.1502,=0.0399,=0.0411,=0.0433,=0.0516,=0.0594,=0.0462,=0.0929,=0.0480,=164
="931722",国新港股通央企红利,2023-09-13,=-0.0070,=1346.6800,=0.0219,=9.2813,=0.7334,=5.5040,=6.7457,=7.8770,=9.5349,=10.8173,=0.8561,=0.5927,=0.6213,=0.7433,=0.8319,=0.9071,=1.0298,=0.5897,=0.7280,=0.3100,=0.3858,=0.4916,=0.6086,=0.6918,=0.0553,=0.1583,=0.0469,=0.0565,=0.0613,=0.0683,=0.0823,=0.0500,=0.0875,=0.0488,=383
="H30356",800价值,2014-06-09,=-0.0082,=6277.9500,=-0.0554,=9.2836,=0.5795,=6.4024,=7.7185,=9.0764,=9.9338,=13.4784,=0.9537,=0.4493,=0.7030,=0.8646,=0.9818,=1.1609,=1.6287,=1.0745,=0.7817,=0.5868,=0.7418,=0.8883,=1.0833,=1.3738,=0.0395,=0.5608,=0.0239,=0.0337,=0.0387,=0.0474,=0.0589,=0.0510,=0.0908,=0.0471,=37
="931375",300质量低波,2019-11-25,=-0.0156,=15526.3500,=-0.0844,=9.4302,=0.3456,=6.4946,=8.1740,=10.9174,=13.5278,=22.0532,=1.3358,=0.4134,=0.8054,=1.0891,=1.5068,=2.0478,=3.3245,=2.5005,=0.9600,=1.0044,=1.3393,=1.6890,=2.1102,=2.7563,=0.0342,=0.4485,=0.0151,=0.0279,=0.0349,=0.0402,=0.0521,=0.0704,=0.1211,=0.0580,=116
="930931",港股通50,2017-01-16,=-0.0115,=3798.9300,=-0.0205,=9.4662,=0.3971,=6.5385,=8.7188,=9.8138,=11.3479,=15.8907,=1.0587,=0.3875,=0.7428,=0.9475,=1.0951,=1.1783,=1.6058,=1.7951,=0.6314,=1.1204,=1.4733,=1.7155,=1.9108,=2.6369,=0.0361,=0.4524,=0.0233,=0.0327,=0.0370,=0.0436,=0.0589,=0.0564,=0.0997,=0.0507,=296
="930723",沪港深F100,2015-08-05,=-0.0116,=5025.7200,=-0.0130,=9.4716,=0.5987,=5.4557,=7.5706,=9.0709,=10.1730,=13.1279,=1.0077,=0.5002,=0.6469,=0.8476,=1.0077,=1.1154,=1.4626,=1.2905,=0.7883,=0.6039,=0.8632,=1.0802,=1.2982,=1.6654,=0.0388,=0.4569,=0.0281,=0.0354,=0.0393,=0.0500,=0.0650,=0.0533,=0.0926,=0.0486,=151
="931373",股息龙头,2019-11-15,=-0.0081,=2698.6400,=-0.0307,=9.4773,=0.7461,=5.4295,=6.9196,=8.4526,=9.6556,=11.4004,=1.1862,=0.9138,=0.6697,=0.8585,=1.0197,=1.1394,=1.2586,=1.8052,=0.9729,=0.5706,=0.8182,=0.9991,=1.4216,=1.9212,=0.0398,=0.2147,=0.0347,=0.0397,=0.0462,=0.0542,=0.0682,=0.0602,=0.1004,=0.0502,=330
="000825",央企红利,2012-07-20,=-0.0064,=3495.8800,=0.0123,=9.4872,=0.9773,=4.7369,=6.0940,=7.3075,=8.5346,=10.5687,=0.9212,=0.6900,=0.5507,=0.6915,=0.8555,=0.9927,=1.3929,=1.2744,=0.8978,=0.6009,=0.8548,=1.0855,=1.2254,=1.7357,=0.0409,=0.1125,=0.0330,=0.0423,=0.0473,=0.0555,=0.0713,=0.0474,=0.0902,=0.0455,=403
="399371",国证价值,2010-01-04,=-0.0079,=6928.7700,=-0.0381,=9.5748,=0.6212,=6.4728,=7.8356,=9.0964,=10.2749,=13.0475,=0.9829,=0.4485,=0.7249,=0.8967,=1.0007,=1.2134,=1.5675,=1.1134,=0.8223,=0.5764,=0.7536,=0.8693,=1.0946,=1.3812,=0.0391,=0.4695,=0.0249,=0.0346,=0.0395,=0.0477,=0.0565,=0.0518,=0.0892,=0.0483,=152
="931052",国信价值,2017-12-08,=-0.0078,=3460.9300,=0.0027,=9.5936,=0.8680,=5.3831,=6.6116,=7.4779,=8.9429,=11.0091,=1.2886,=0.8637,=0.7343,=0.9139,=1.0356,=1.1922,=1.5208,=1.7237,=0.9041,=0.6105,=0.9528,=1.2476,=1.4863,=2.0196,=0.0416,=0.3647,=0.0262,=0.0384,=0.0439,=0.0529,=0.0692,=0.0673,=0.1267,=0.0662,=609
="930957",港股通中国100,2017-06-23,=-0.0099,=3487.1200,=-0.0789,=9.6527,=0.6171,=5.4625,=7.6158,=9.0185,=10.7858,=13.3106,=1.0671,=0.4794,=0.6571,=0.8668,=1.0756,=1.1981,=1.5222,=1.3527,=0.7684,=0.6789,=0.9671,=1.1337,=1.3795,=1.6609,=0.0366,=0.4917,=0.0251,=0.0331,=0.0367,=0.0501,=0.0691,,=0.1032,=0.0524,=22
="000806",消费服务,2012-02-10,=-0.0064,=7583.1100,=-0.0998,=9.7172,=0.0705,=9.0076,=10.0697,=10.8057,=11.8704,=17.0971,=1.0746,=0.0561,=1.0009,=1.1858,=1.3424,=1.5460,=2.0145,=2.2100,=0.6010,=1.6526,=1.9529,=2.1404,=2.3803,=3.0032,=0.0361,=0.8380,=0.0198,=0.0244,=0.0295,=0.0355,=0.0497,=0.0554,=0.1002,=0.0519,=429
="000056",上证国企,2010-01-04,=-0.0042,=1245.9200,=-0.0011,=9.7208,=0.4959,=7.2538,=8.8792,=9.7348,=10.7955,=13.3187,=1.1342,=0.5556,=0.8518,=1.0314,=1.1194,=1.2099,=1.5455,=1.7614,=0.9835,=0.7909,=0.9986,=1.1192,=1.2479,=1.8201,=0.0373,=0.5853,=0.0242,=0.0312,=0.0353,=0.0430,=0.0568,=0.0592,=0.1060,=0.0559,=207
="931069",中金300,2018-02-14,=-0.0090,=4764.2200,=-0.0480,=9.7669,=0.6117,=5.9518,=7.5996,=9.3270,=10.4642,=13.6164,=1.0460,=0.4632,=0.7377,=0.9266,=1.0628,=1.3503,=1.8328,=1.3274,=0.7876,=0.6656,=0.8744,=1.1184,=1.3350,=1.7542,=0.0395,=0.5613,=0.0253,=0.0318,=0.0386,=0.0471,=0.0560,=0.0549,=0.0958,=0.0488,=104
="000042",上证央企,2009-03-30,=-0.0085,=1728.0100,=-0.0460,=9.8125,=0.6838,=6.3284,=7.8863,=9.2282,=10.0892,=12.9577,=1.0155,=0.6138,=0.7230,=0.8871,=0.9826,=1.1051,=1.4812,=1.3326,=0.9827,=0.6569,=0.8569,=0.9790,=1.1588,=1.3891,=0.0364,=0.2885,=0.0261,=0.0352,=0.0381,=0.0469,=0.0583,=0.0513,=0.0920,=0.0463,=392
="932305",智选高股息,2024-09-30,=-0.0080,=11007.7200,=-0.0136,=9.8806,=0.8926,=7.0143,=7.5282,=8.4250,=9.5187,=10.9391,=1.0557,=0.5158,=0.8750,=0.9282,=1.0538,=1.0852,=1.1675,=0.5272,=0.1137,=0.4805,=0.7164,=0.7664,=1.2641,=1.3342,=0.0617,=0.4295,=0.0457,=0.0595,=0.0630,=0.0683,=0.0723,=0.0498,=0.1000,=0.0567,=376
="399550",央视50,2012-06-06,=-0.0083,=7770.6800,=-0.0397,=10.0781,=0.7609,=6.8960,=8.3171,=9.3781,=10.1711,=13.0561,=1.0234,=0.2560,=0.8649,=1.0116,=1.2242,=1.4261,=1.8564,=2.0887,=0.8277,=1.3448,=1.6642,=1.8428,=2.0720,=2.5217,=0.0393,=0.5767,=0.0268,=0.0326,=0.0378,=0.0446,=0.0593,=0.0497,=0.0945,=0.0500,=2277
="932422",A500红利低波,2025-04-09,=-0.0056,=3026.2200,=-0.0248,=10.1773,=0.7208,=9.0426,=9.7921,=10.0376,=10.2240,=10.5846,=0.9764,=0.1538,=0.8811,=0.9892,=1.0360,=1.0547,=1.0978,=1.4049,=0.5328,=1.2431,=1.2981,=1.3985,=1.4613,=1.5336,=0.0415,=0.4758,=0.0388,=0.0403,=0.0416,=0.0431,=0.0466,=0.0468,=0.0948,=0.0455,=404
="000859",国企一带一路,2019-05-16,=-0.0074,=1824.1400,=0.0015,=10.2383,=0.1195,=9.4709,=10.4766,=12.4353,=14.4655,=21.0714,=1.0225,=0.0802,=0.9283,=1.1313,=1.4276,=1.7694,=2.1877,=1.1829,=0.9938,=0.4715,=0.5665,=0.7441,=0.8926,=1.2029,=0.0359,=0.7632,=0.0208,=0.0254,=0.0320,=0.0368,=0.0454,=0.0493,=0.0898,=0.0436,=276
="980081",价值100,2012-12-28,,,=0.0187,=10.2447,=0.7906,=7.7317,=8.3807,=9.2039,=10.2863,=11.5920,=1.0897,=0.6729,=0.8413,=0.8867,=1.0299,=1.1124,=1.3448,=1.2167,=0.9506,=0.7580,=0.8111,=1.0027,=1.1533,=1.2392,=0.0468,=0.3788,=0.0420,=0.0452,=0.0485,=0.0539,=0.0599,=0.0556,=0.0995,=0.0565,=564
="930629",CSSW健康,2015-05-08,=-0.0095,=5392.5100,=-0.0583,=10.2692,=0.0004,=10.2049,=17.3146,=21.4048,=38.3619,=49.9253,=1.9033,=0.0548,=1.7351,=2.1360,=3.0182,=4.5721,=6.2998,=1.4943,=0.1063,=1.2755,=1.5485,=1.8669,=4.7309,=7.2978,=0.0248,=0.9868,=0.0061,=0.0078,=0.0161,=0.0214,=0.0272,=0.0965,=0.1388,=0.0667,=282
="HSLI",恒生综合大型股指数,2001-10-03,=-0.0099,=2269.6100,=-0.0574,=10.4341,=0.4746,=6.9327,=9.1517,=10.5803,=11.7587,=17.6478,=1.1188,=0.5030,=0.7133,=0.9439,=1.1175,=1.2416,=1.6032,=1.4829,=0.5705,=0.8297,=1.1852,=1.4403,=1.6322,=2.0023,=0.0356,=0.5087,=0.0207,=0.0314,=0.0355,=0.0440,=0.0582,,=0.1004,=0.0513,=102
="932431",300质量,2025-03-18,=-0.0097,=1857.8800,=-0.0921,=10.4469,=0.8071,=9.4685,=10.0075,=10.1744,=10.4385,=11.0156,=1.1379,=0.6168,=1.0616,=1.1045,=1.1304,=1.1496,=1.1879,=2.2287,=0.6223,=2.0194,=2.1532,=2.2086,=2.2570,=2.3386,=0.0350,=0.1685,=0.0331,=0.0353,=0.0372,=0.0391,=0.0487,=0.0534,=0.1012,=0.0518,=18
="932255",A500红利增长,2025-04-09,=-0.0072,=2966.2200,=-0.0235,=10.5146,=0.2735,=9.2509,=10.4289,=10.8710,=11.7085,=12.2754,=1.2317,=0.2108,=1.0684,=1.2248,=1.2764,=1.3576,=1.4369,=1.6925,=0.2450,=1.3292,=1.6784,=1.7457,=1.9517,=2.0549,=0.0346,=0.3447,=0.0327,=0.0339,=0.0353,=0.0372,=0.0393,=0.0594,=0.1066,=0.0575,=46
="399995",基建工程,2015-03-12,=-0.0114,=3482.5000,=-0.1085,=10.5574,=0.8034,=5.8673,=7.3439,=8.2792,=10.5322,=18.8590,=0.6196,=0.0058,=0.5815,=0.7182,=0.8859,=1.2565,=2.1834,=0.1814,=0.2279,=0.1368,=0.1784,=0.2020,=0.3214,=0.5478,=0.0286,=0.7902,=0.0106,=0.0195,=0.0247,=0.0289,=0.0415,=0.0250,=0.0543,=0.0331,=2699
="000901",小康指数,2010-04-02,=-0.0096,=5885.8600,=-0.0722,=10.5707,=0.3623,=8.5492,=9.9918,=10.8989,=12.4597,=15.5671,=1.0242,=0.0470,=0.9488,=1.0769,=1.2035,=1.4092,=1.7818,=1.0277,=0.6628,=0.7500,=0.8929,=0.9814,=1.0556,=1.2662,=0.0353,=0.7663,=0.0175,=0.0252,=0.0297,=0.0364,=0.0436,=0.0502,=0.0878,=0.0483,=259
="000016",上证50,2004-01-02,=-0.0052,=2846.3100,=-0.0610,=10.6996,=0.5507,=8.3126,=9.6664,=10.5572,=11.5646,=15.1108,=1.2296,=0.4340,=1.0245,=1.1706,=1.2404,=1.3330,=1.6482,=1.5690,=0.9349,=0.8665,=1.0182,=1.1413,=1.3029,=1.6553,=0.0329,=0.4580,=0.0240,=0.0291,=0.0333,=0.0397,=0.0497,=0.0576,=0.1007,=0.0530,=23677
="000052",50基本,2012-01-09,=-0.0107,=2760.8100,=-0.0869,=10.6996,=0.5507,=8.3126,=9.6677,=10.5585,=11.5646,=15.1108,=1.2296,=0.4361,=1.0245,=1.1706,=1.2403,=1.3328,=1.6471,=1.5690,=0.9349,=0.8665,=1.0185,=1.1415,=1.3029,=1.6553,=0.0329,=0.5012,=0.0238,=0.0291,=0.0329,=0.0398,=0.0497,=0.0576,=0.1007,=0.0530,=28
="HSLMI",恒生综合大中型股指数,2015-06-08,=-0.0103,=3858.6300,=-0.0645,=10.7564,=0.5197,=7.0073,=9.3073,=10.6745,=12.3479,=17.7261,=1.0901,=0.4693,=0.6929,=0.9060,=1.1009,=1.2279,=1.5417,=1.2807,=0.6522,=0.6858,=0.9753,=1.1827,=1.3720,=1.6465,=0.0353,=0.5551,=0.0214,=0.0309,=0.0346,=0.0437,=0.0602,,,=0.0481,=88
="HSISC",恒指港股通指数,2024-03-01,=-0.0102,=3373.4400,=-0.0353,=10.7681,=0.5088,=7.5992,=8.6967,=10.7134,=11.8881,=12.8475,=1.2005,=0.5730,=0.8411,=0.9245,=1.1584,=1.2551,=1.3442,=1.4780,=0.5217,=0.9830,=1.1447,=1.4581,=1.6079,=1.7320,=0.0355,=0.4029,=0.0322,=0.0341,=0.0378,=0.0499,=0.0595,,=0.1034,=0.0526,=52
="930608",中证基建,2015-03-31,=-0.0124,=7215.5100,=-0.1498,=10.7731,=0.5730,=6.6667,=8.6208,=10.4278,=12.9925,=25.2863,=0.6878,=0.0049,=0.6550,=0.8045,=1.0879,=1.3931,=2.2134,=0.2161,=0.1756,=0.1701,=0.2188,=0.3311,=0.4552,=0.7101,=0.0282,=0.7399,=0.0095,=0.0180,=0.0215,=0.0291,=0.0388,=0.0277,=0.0583,=0.0357,=665
="000021",180治理,2008-09-10,=-0.0072,=1025.7800,=-0.0574,=10.7846,=0.8467,=6.3364,=8.4357,=9.7587,=10.6323,=13.6109,=1.1218,=0.5882,=0.7542,=0.9755,=1.0948,=1.2125,=1.5847,=1.4406,=0.9547,=0.6625,=0.8519,=0.9540,=1.1547,=1.4979,=0.0379,=0.5853,=0.0241,=0.0330,=0.0367,=0.0448,=0.0548,=0.0515,=0.0995,=0.0515,=169
="931586",300价值稳健,2020-11-09,=-0.0094,=7147.0400,=-0.0636,=10.8062,=0.3730,=8.1741,=9.7167,=11.1849,=12.7089,=15.0111,=1.2196,=0.2343,=0.9699,=1.1960,=1.3195,=1.5104,=1.6570,=1.3297,=0.8283,=0.7359,=0.8667,=0.9903,=1.2851,=1.5639,=0.0373,=0.5194,=0.0248,=0.0322,=0.0371,=0.0406,=0.0470,=0.0557,=0.1070,=0.0599,=44
="HSAHP",恒生沪深港通AH股溢价指数,2007-07-09,=0.0062,=125.2900,=0.0148,=10.8295,=0.8905,=5.5550,=7.1430,=8.3699,=9.8454,=12.3156,=1.1406,=0.8897,=0.6208,=0.7734,=0.9225,=1.0860,=1.3863,=1.2657,=0.9229,=0.5653,=0.7668,=0.9030,=1.0942,=1.3750,=0.0321,=0.0613,=0.0268,=0.0345,=0.0398,=0.0520,=0.0665,=0.0527,=0.0958,=0.0629,=349
="HSI",恒生指数,1989-03-09,=-0.0100,=24667.2400,=-0.0376,=10.8701,=0.5820,=6.9462,=9.2273,=10.3752,=12.2520,=16.9606,=1.1949,=0.6479,=0.7519,=0.9738,=1.1333,=1.2677,=1.5570,=1.4236,=0.4799,=0.8141,=1.1480,=1.4407,=1.6549,=2.0895,=0.0352,=0.3582,=0.0204,=0.0330,=0.0368,=0.0444,=0.0596,,=0.1029,=0.0528,=13670
="932450",香港现金流,2025-02-28,=-0.0151,=1586.1200,=-0.2111,=10.8921,=0.7917,=6.6300,=8.2134,=10.0401,=10.9013,=12.5131,=1.0741,=0.3568,=0.7408,=0.8617,=1.1376,=1.2699,=1.5038,=0.5387,=0.3177,=0.4577,=0.5249,=0.8290,=1.0073,=1.2561,=0.0469,=0.4401,=0.0367,=0.0427,=0.0518,=0.0596,=0.0728,=0.0719,=0.0849,=0.1131,=12
="930846",300SNLV,2016-06-24,=-0.0037,=6590.6300,=-0.0036,=10.9235,=0.8409,=7.7900,=9.2103,=10.1766,=10.7868,=12.6275,=1.0377,=0.2160,=0.8340,=1.0342,=1.0889,=1.2108,=1.5027,=1.2996,=0.7341,=0.7711,=0.9528,=1.1620,=1.3326,=1.6864,=0.0381,=0.6426,=0.0239,=0.0320,=0.0361,=0.0404,=0.0486,=0.0462,=0.0917,=0.0457,=151
="000043",超大盘,2009-04-23,=-0.0082,=2486.8300,=-0.0496,=11.0551,=0.5338,=7.5271,=9.4626,=10.9298,=12.8020,=17.2195,=1.3154,=0.3537,=0.9803,=1.2132,=1.3551,=1.5050,=1.9858,=2.1463,=0.9295,=0.7153,=0.8722,=1.2800,=1.5361,=2.3305,=0.0333,=0.5528,=0.0191,=0.0244,=0.0327,=0.0406,=0.0547,=0.0574,=0.1053,=0.0539,=167
="931412",证券公司30,2020-02-20,=-0.0048,=1397.1900,=-0.1407,=11.1647,=0,=11.1647,=15.8501,=18.4790,=22.4897,=36.9291,=1.2201,=0.1164,=1.0327,=1.2661,=1.4393,=1.6925,=2.4365,=4.6089,=0.0801,=3.9462,=5.0285,=5.5569,=6.6890,=9.6353,=0.0258,=1,=0.0091,=0.0148,=0.0169,=0.0215,=0.0258,=0.0564,=0.0861,=0.0429,=41
="931476",ESG 120策略,2020-04-30,=-0.0077,=1386.2000,=-0.0057,=11.2006,=0.6367,=7.8289,=9.6480,=10.6615,=11.8246,=13.2171,=1.3190,=0.6606,=1.0061,=1.1784,=1.2595,=1.3632,=1.7130,=1.5634,=0.8953,=0.7906,=1.0607,=1.1640,=1.4147,=1.6292,=0.0334,=0.4299,=0.0251,=0.0296,=0.0348,=0.0386,=0.0488,=0.0596,=0.1050,=0.0532,=53
="1000010",上海B股,1994-01-10,,,,=11.2379,=0.0746,=6.8464,=12.4933,=18.1065,=37.2537,=68.1787,=0.9172,=0.2329,=0.7158,=0.9058,=1.0045,=1.2176,=1.7176,=0.6798,=0.6913,=0.3163,=0.4060,=0.5564,=0.7251,=1.2119,=0.0568,=0.9963,=0.0085,=0.0245,=0.0348,=0.0436,=0.2559,,=0.0654,=0.0290,=133
="931395",沪港深300,2020-01-14,=-0.0081,=1642.3700,=-0.0474,=11.3122,=0.5548,=8.3275,=10.0420,=10.9291,=12.5317,=16.6490,=1.2372,=0.5175,=0.9663,=1.1062,=1.2287,=1.3679,=1.7241,=1.5217,=0.7113,=0.9881,=1.1756,=1.3394,=1.5874,=1.8801,=0.0323,=0.4718,=0.0218,=0.0274,=0.0329,=0.0392,=0.0499,=0.0551,=0.0972,=0.0503,=512
="000010",上证180,2002-07-01,=-0.0043,=9539.1300,=-0.0476,=11.4271,=0.6113,=8.4900,=9.9408,=11.0449,=12.1444,=14.6942,=1.2136,=0.3908,=0.9930,=1.1498,=1.2531,=1.3646,=1.6698,=1.3915,=0.8792,=0.8990,=1.0652,=1.1982,=1.3156,=1.4916,=0.0320,=0.5705,=0.0224,=0.0272,=0.0313,=0.0373,=0.0465,=0.0532,=0.0943,=0.0490,=2510
="931155",300质量成长,2019-04-22,=-0.0092,=10490.0100,=0.0373,=11.4314,=0.2944,=7.3805,=10.8218,=13.5526,=15.2181,=31.0699,=1.9133,=0.3155,=1.1055,=1.6675,=2.2358,=2.8001,=5.3844,=2.8365,=0.8893,=1.3218,=1.7781,=2.1972,=2.6619,=3.8395,=0.0275,=0.6544,=0.0092,=0.0212,=0.0254,=0.0312,=0.0464,=0.0883,=0.1462,=0.0662,=79
="399437",证券龙头,2014-12-30,=-0.0063,=5793.0200,=-0.1496,=11.4757,=0,=11.4757,=17.3139,=19.9592,=25.0411,=43.0253,=1.2401,=0.1005,=1.0547,=1.2939,=1.5152,=1.7939,=2.3633,=4.7174,=0.0552,=3.9970,=5.3337,=6.1844,=7.2524,=9.5068,=0.0252,=0.9922,=0.0092,=0.0139,=0.0161,=0.0209,=0.0262,=0.0556,=0.0851,=0.0421,=724
="399313",巨潮100,2005-02-03,=-0.0099,=5074.8700,=-0.0683,=11.6957,=0.6278,=8.9278,=10.3882,=11.1548,=12.4332,=16.6101,=1.3271,=0.4439,=1.0718,=1.2426,=1.3415,=1.4929,=1.8501,=1.6480,=0.9711,=0.9844,=1.1492,=1.2748,=1.4654,=1.7644,=0.0302,=0.4905,=0.0217,=0.0274,=0.0303,=0.0349,=0.0452,=0.0570,=0.0999,=0.0492,=211
="932457",港股通现金流,2025-02-28,=-0.0154,=1904.0300,=-0.0322,=11.7397,=0.8411,=7.5325,=9.0484,=10.4463,=11.6638,=12.5288,=1.1906,=0.4479,=1.0440,=1.1405,=1.1982,=1.2970,=1.5343,=0.6251,=0.0651,=0.5752,=0.8442,=0.9517,=1.1761,=1.4545,=0.0440,=0.2943,=0.0402,=0.0427,=0.0486,=0.0621,=0.0701,=0.0607,=0.1033,=0.0695,=45
="000048",责任指数,2009-08-05,=-0.0086,=1340.4200,=-0.0916,=11.8837,=0.7939,=7.8628,=9.5548,=10.5489,=11.9202,=14.1982,=1.3138,=0.5511,=0.9056,=1.1404,=1.2956,=1.4366,=1.7866,=1.1715,=0.9864,=0.5718,=0.6942,=0.8010,=0.9381,=1.1998,=0.0379,=0.6422,=0.0223,=0.0284,=0.0322,=0.0399,=0.0469,=0.0571,=0.0991,=0.0518,=134
="931168",绿色价值100,2019-06-27,=-0.0048,=1456.0500,=-0.0210,=11.8913,=0.6127,=8.4906,=9.9942,=11.3771,=12.8001,=14.6050,=1.3093,=0.5693,=1.0223,=1.1898,=1.2852,=1.4019,=1.6052,=1.5226,=0.8642,=0.9649,=1.1321,=1.2547,=1.3746,=1.6482,=0.0318,=0.5277,=0.0243,=0.0293,=0.0315,=0.0356,=0.0439,=0.0558,=0.1011,=0.0439,=13
="931802",中证龙头,2010-02-09,=-0.0118,=1728.9100,=-0.0624,=11.9746,=0.3215,=9.1945,=11.4192,=12.4399,=14.0025,=18.2393,=1.9363,=0.8293,=1.2921,=1.4785,=1.6762,=1.9059,=2.6625,=2.5420,=0.9382,=0.9048,=1.0900,=1.3809,=2.0239,=2.8954,=0.0300,=0.5552,=0.0165,=0.0261,=0.0292,=0.0352,=0.0446,=0.0820,=0.1325,=0.0640,=99
="931402",证券先锋,2020-01-14,=-0.0043,=1778.1000,=-0.1473,=12.0038,=0,=12.0038,=17.1430,=20.6701,=25.6521,=41.4692,=1.2386,=0.1088,=1.0487,=1.2864,=1.4488,=1.7428,=2.4715,=4.8481,=0.0835,=4.0917,=5.3121,=5.8896,=7.0427,=10.0278,=0.0242,=0.9957,=0.0081,=0.0135,=0.0150,=0.0204,=0.0246,=0.0539,=0.0819,=0.0405,=97
="H30455",沪港深500,2014-11-28,=-0.0078,=2495.4400,=-0.0609,=12.0411,=0.5855,=8.5690,=10.3715,=11.5537,=13.2242,=16.8903,=1.2889,=0.4812,=0.9675,=1.1610,=1.2978,=1.4056,=1.7307,=1.5046,=0.7748,=0.9518,=1.1783,=1.3317,=1.5244,=1.7787,=0.0313,=0.5606,=0.0214,=0.0275,=0.0306,=0.0375,=0.0485,=0.0548,=0.0960,=0.0497,=528
="1000015",港股全指,2000-01-01,=-0.0100,=24667.2400,=-0.0376,=12.0435,=0.5794,=7.5917,=10.2569,=11.4444,=13.6002,=19.1348,=1.0654,=0.4844,=0.6574,=0.8625,=1.0723,=1.1863,=1.5123,=1.1435,=0.5457,=0.6196,=0.8644,=1.1070,=1.2707,=1.5791,=0.0342,=0.5534,=0.0205,=0.0300,=0.0332,=0.0422,=0.0574,,,,=308
="399975",证券公司,2013-07-15,=-0.0053,=728.7500,=-0.1453,=12.0967,=0,=12.0967,=18.5964,=21.4864,=26.4841,=46.0250,=1.2362,=0.0993,=1.0494,=1.2960,=1.5348,=1.8399,=2.4199,=4.8583,=0.0573,=4.0997,=5.4466,=6.3087,=7.4089,=10.0865,=0.0240,=0.9959,=0.0082,=0.0129,=0.0150,=0.0201,=0.0244,=0.0534,=0.0810,=0.0402,=9927
="HSCAIT",恒生A股行业龙头指数,2009-09-21,=-0.0136,=5410.8600,=-0.0609,=12.2158,=0.8444,=8.2192,=9.8005,=10.5613,=11.9166,=14.1027,=1.3389,=0.7443,=1.0288,=1.1893,=1.2690,=1.3566,=1.6997,=1.3586,=0.9568,=0.8424,=0.9749,=1.0596,=1.2250,=1.4109,=0.0344,=0.4533,=0.0260,=0.0318,=0.0347,=0.0405,=0.0503,=0.0541,=0.1023,=0.0521,=494
="399807",高铁产业,2015-01-20,=-0.0153,=1096.9200,=-0.1170,=12.2522,=0.3739,=9.4881,=11.2215,=12.7349,=14.7384,=24.3532,=0.7441,=0.0070,=0.7241,=0.9126,=1.0205,=1.4240,=2.3973,=0.3899,=0.2939,=0.3063,=0.3760,=0.4190,=0.4622,=0.6435,=0.0288,=0.8537,=0.0090,=0.0147,=0.0238,=0.0280,=0.0348,=0.0257,=0.0541,=0.0293,=599
="932365",中证现金流,2024-12-11,=-0.0091,=4720.3900,=-0.1039,=12.3329,=0.4930,=10.1873,=11.0211,=12.3748,=14.5575,=15.8261,=1.5437,=0.0397,=1.4661,=1.6481,=1.7574,=1.8763,=2.0150,=1.2402,=0.3785,=0.8463,=1.1120,=1.3675,=1.5024,=1.6205,=0.0386,=0.3902,=0.0305,=0.0360,=0.0413,=0.0469,=0.0550,=0.0684,=0.1155,=0.0697,=741
="000028",180成长,2009-01-09,=0.0006,=3719.6100,=-0.0495,=12.3393,=0.1954,=9.5268,=12.3802,=14.6715,=18.2344,=25.1474,=2.0092,=0.2745,=1.5063,=1.8727,=2.6889,=3.1694,=5.1089,=2.4021,=0.9732,=1.1581,=1.4650,=1.6402,=1.8970,=2.7082,=0.0257,=0.8236,=0.0090,=0.0178,=0.0225,=0.0253,=0.0375,=0.0884,=0.1358,=0.0573,=195
="HSMI",恒生综合中型股指数,2001-10-03,=-0.0123,=4458.0800,=-0.1052,=12.3806,=0.6038,=7.1837,=9.6369,=11.3159,=14.7441,=19.0737,=0.9832,=0.4535,=0.6229,=0.7817,=1.0102,=1.2298,=1.5312,=0.8110,=0.7749,=0.4186,=0.5568,=0.6725,=0.8252,=1.0938,=0.0342,=0.5469,=0.0208,=0.0280,=0.0329,=0.0427,=0.0675,,,=0.0385,=162
="399314",巨潮大盘,2005-02-03,=-0.0084,=4845.1600,=-0.0534,=12.4859,=0.6010,=9.6620,=11.1381,=12.1030,=13.4972,=17.5384,=1.3734,=0.3879,=1.0976,=1.2830,=1.4143,=1.5848,=1.9279,=1.4995,=0.8149,=0.9932,=1.1678,=1.3155,=1.4857,=1.8124,=0.0295,=0.5907,=0.0201,=0.0248,=0.0287,=0.0328,=0.0435,=0.0547,=0.0938,=0.0494,=17
="000044",上证中盘,2009-07-03,=-0.0040,=4452.6800,=-0.0243,=12.5549,=0.5058,=8.6509,=10.4793,=12.5309,=14.6389,=18.7575,=1.1930,=0.3475,=0.9210,=1.0900,=1.2651,=1.6463,=1.9734,=1.2105,=0.4089,=0.9382,=1.1499,=1.2401,=1.4197,=1.7773,=0.0307,=0.7222,=0.0180,=0.0223,=0.0271,=0.0338,=0.0421,=0.0478,=0.0859,=0.0435,=102
="931397",A股通50,2020-02-20,=-0.0103,=2175.9300,=-0.0399,=12.5551,=0.4361,=8.9450,=10.6009,=13.0232,=21.3506,=29.8209,=1.5614,=0.3810,=1.1048,=1.2803,=1.7490,=3.5527,=4.6955,=2.2234,=0.6604,=1.0496,=1.2956,=1.9009,=2.8347,=3.9597,=0.0301,=0.6059,=0.0113,=0.0158,=0.0280,=0.0366,=0.0493,=0.0628,=0.1069,=0.0556,=11
="000971",等权90,2010-12-02,=-0.0073,=3163.5400,=-0.0583,=12.5738,=0.6148,=8.9747,=10.9619,=11.9913,=13.7750,=19.4330,=1.5046,=0.5402,=1.1544,=1.3325,=1.4687,=1.6219,=2.2329,=1.7364,=0.9155,=1.0052,=1.1523,=1.2727,=1.5657,=1.9075,=0.0285,=0.4619,=0.0181,=0.0255,=0.0290,=0.0330,=0.0448,=0.0599,=0.1045,=0.0545,=11
="932039",央企股东回报,2022-11-16,=-0.0040,=1650.1800,=0.0399,=12.7082,=0.8795,=8.0198,=9.7407,=11.1074,=12.1173,=13.8005,=1.2463,=0.8916,=0.8847,=1.0169,=1.1189,=1.1896,=1.4098,=0.8200,=0.9168,=0.3642,=0.4270,=0.5340,=0.7187,=0.8821,=0.0413,=0.1687,=0.0383,=0.0418,=0.0447,=0.0472,=0.0553,=0.0509,=0.0905,=0.0450,=137
="930949",价值回报,2017-02-24,=-0.0058,=13020.3700,=-0.0456,=12.7122,=0.8183,=5.5354,=8.1791,=10.0460,=12.5440,=17.5400,=2.1344,=0.7706,=1.2865,=1.4799,=1.7539,=2.1877,=3.1701,=1.4186,=0.9505,=0.5488,=0.7135,=0.8803,=1.2846,=1.7276,=0.0385,=0.5824,=0.0155,=0.0259,=0.0353,=0.0485,=0.0681,=0.0960,=0.1096,=0.0576,=31
="399699",金融科技,2017-06-09,=-0.0094,=3373.2600,=-0.2457,=12.7436,=0,=12.7436,=16.5734,=19.2315,=44.2513,=111.6316,=1.6953,=0.1368,=1.2665,=1.7833,=2.2620,=3.3874,=4.4660,=1.3398,=0.1802,=1.0709,=1.3789,=1.6113,=1.9040,=3.0519,=0.0250,=0.8815,=0.0041,=0.0063,=0.0188,=0.0235,=0.0329,=0.0666,=0.1027,=0.0535,=333
="950096",上海国企,2016-05-11,=-0.0092,=1317.5200,=-0.1292,=12.8604,=0.5581,=8.9055,=11.0343,=12.5711,=15.1741,=16.5992,=1.0286,=0.3541,=0.7269,=0.8713,=1.1152,=1.4286,=1.9554,=1.1281,=0.7737,=0.5842,=0.6832,=0.8502,=1.1446,=1.2890,=0.0245,=0.4221,=0.0177,=0.0207,=0.0257,=0.0281,=0.0334,=0.0431,=0.0761,=0.0425,=175
="980092",自由现金流,2012-12-28,=-0.0077,=5058.3000,=-0.0611,=12.9877,=0.5010,=11.1075,=12.2601,=12.9847,=14.3288,=16.4362,=1.4086,=0.0600,=1.2604,=1.4754,=1.5717,=1.6512,=1.8134,=0.8928,=0.2712,=0.7577,=0.8712,=0.9335,=0.9766,=1.0805,=0.0376,=0.6273,=0.0287,=0.0345,=0.0369,=0.0388,=0.0437,=0.0613,=0.1047,=0.0581,=1642
="000908",300能源,2007-07-02,=-0.0021,=2557.0800,=0.0817,=13.1225,=0.5033,=6.9395,=9.4585,=13.0392,=19.1016,=62.7889,=1.4568,=0.9332,=0.7125,=0.8868,=1.1422,=1.2949,=1.8071,=0.8617,=0.9534,=0.3053,=0.3856,=0.5115,=0.6980,=1.0302,=0.0405,=0.2675,=0.0113,=0.0382,=0.0493,=0.0598,=0.0754,=0.0635,=0.1004,=0.0549,=274
="399439",国证油气,2014-12-30,=-0.0031,=2130.4100,=0.1063,=13.2413,=0.4617,=7.2448,=10.6844,=14.0564,=28.1408,=98.7831,=1.3792,=0.9192,=0.6716,=0.7849,=1.1596,=1.2736,=1.8382,=0.7537,=0.9547,=0.2370,=0.3183,=0.5043,=0.6043,=0.9735,=0.0377,=0.2791,=0.0101,=0.0353,=0.0425,=0.0469,=0.0731,=0.0623,=0.0921,=0.0521,=110
="931248",油气资源,2023-06-12,=-0.0015,=1124.0900,=0.2302,=13.2806,=0.7891,=8.9017,=10.2598,=11.4030,=13.3659,=19.0700,=1.3706,=0.7942,=1.0292,=1.1532,=1.2310,=1.3733,=1.8318,=0.7551,=0.8577,=0.4486,=0.5219,=0.5961,=0.6931,=0.9774,=0.0376,=0.1753,=0.0285,=0.0384,=0.0456,=0.0496,=0.0548,=0.0623,=0.0906,=0.0516,=59
="000300",沪深300,2005-04-08,=-0.0067,=4450.0400,=-0.0389,=13.3458,=0.6385,=10.0799,=11.6919,=12.7189,=14.1765,=17.6279,=1.4167,=0.3846,=1.1457,=1.3350,=1.4657,=1.6202,=1.9228,=1.4971,=0.8256,=1.0330,=1.1718,=1.3196,=1.4727,=1.7482,=0.0285,=0.6002,=0.0199,=0.0236,=0.0275,=0.0317,=0.0422,=0.0540,=0.0934,=0.0492,=49571
="931132",诚通央企红利,2023-05-04,=-0.0055,=1666.7200,=0.0271,=13.3480,=0.8120,=9.0905,=10.6632,=12.0145,=13.2283,=15.2313,=1.3135,=0.8425,=0.9482,=1.0964,=1.1863,=1.2779,=1.5338,=0.7896,=0.8791,=0.3626,=0.4259,=0.5701,=0.7447,=0.8835,=0.0413,=0.2735,=0.0374,=0.0405,=0.0439,=0.0456,=0.0498,=0.0542,=0.0916,=0.0450,=43
="931526",企业核心竞争力50,2020-08-24,=-0.0099,=1210.9600,=-0.0763,=13.3537,=0,=13.3537,=16.9846,=22.5156,=29.7770,=51.8267,=1.6581,=0,=1.6581,=2.1797,=4.0265,=6.7429,=10.8733,=1.9572,=0.3279,=0.9066,=1.5350,=3.4074,=4.4823,=7.9459,=0.0288,=0.8592,=0.0072,=0.0119,=0.0173,=0.0269,=0.0352,=0.0636,=0.1485,=0.0775,=105
="H11057",石化产业,2009-07-22,=-0.0039,=1315.9100,=-0.0366,=13.3792,=0.4078,=9.0713,=12.0070,=13.9761,=19.1174,=46.6548,=1.5050,=0.8830,=0.9085,=1.1938,=1.3449,=1.4496,=1.9948,=0.8007,=0.8805,=0.4002,=0.4809,=0.6146,=0.7570,=1.0264,=0.0346,=0.4091,=0.0099,=0.0304,=0.0363,=0.0407,=0.0471,=0.0699,=0.0946,=0.0528,=78
="931381",中证长三角,2019-11-25,=-0.0056,=2066.3200,=0.0208,=13.4094,=0.7046,=9.1117,=10.6887,=12.0749,=14.0245,=16.1441,=1.3610,=0.5484,=0.9630,=1.1545,=1.3216,=1.5460,=1.8124,=1.6463,=0.8208,=0.8724,=1.0743,=1.2626,=1.6097,=1.9541,=0.0274,=0.4074,=0.0209,=0.0254,=0.0282,=0.0321,=0.0422,=0.0565,=0.0961,=0.0497,=13
="931454",港股通消费,2020-03-06,=-0.0107,=1254.2100,=-0.1854,=13.5044,=0.0012,=13.3496,=20.2119,=26.6605,=36.1189,=64.7193,=2.3043,=0.0025,=2.2532,=3.1329,=3.6259,=5.0461,=8.9519,=1.1989,=0.0006,=1.1976,=1.8967,=2.3671,=3.5486,=6.6047,=0.0480,=0.9938,=0.0043,=0.0072,=0.0120,=0.0153,=0.0498,,=0.1720,=0.1251,=420
="H30198",油气产业,2013-07-15,=-0.0004,=2480.1800,=0.1774,=13.5175,=0.4608,=7.8064,=10.9068,=14.1608,=25.3242,=104.2111,=1.4694,=0.9483,=0.6580,=0.8192,=1.1526,=1.2714,=1.8532,=0.7834,=0.9606,=0.2505,=0.3235,=0.4850,=0.5975,=0.9554,=0.0349,=0.2081,=0.0103,=0.0345,=0.0426,=0.0469,=0.0704,=0.0677,=0.0868,=0.0494,=124
="000928",中证能源,2009-07-03,=-0.0005,=3392.1500,=0.1511,=13.6423,=0.5511,=6.9612,=9.7906,=13.1486,=18.8363,=68.9647,=1.4356,=0.9192,=0.7281,=0.9359,=1.1580,=1.3072,=1.8006,=0.8597,=0.9530,=0.3162,=0.4106,=0.5298,=0.7127,=1.0383,=0.0386,=0.2585,=0.0106,=0.0366,=0.0464,=0.0557,=0.0717,=0.0607,=0.0960,=0.0525,=1295
="HSCGSI",恒生消费指数,2015-08-17,=-0.0069,=2226.6400,=-0.1374,=13.6983,=0.0012,=13.5420,=17.7015,=20.3482,=46.9799,=191.0166,=2.3398,=0.3145,=1.6557,=2.1756,=2.5823,=3.0646,=4.3429,=1.2274,=0.1443,=0.9965,=1.2719,=1.5540,=1.8502,=2.9413,=0.0469,=0.9951,=0.0097,=0.0178,=0.0253,=0.0325,=0.0488,,=0.1743,=0.0971,=904
="930758",凤凰50,2018-11-21,=-0.0038,=8603.5100,=0.0800,=13.7448,=0.5098,=8.6050,=10.8345,=13.6383,=15.7250,=22.7753,=1.8707,=0.6816,=1.0496,=1.4466,=1.6796,=2.0683,=3.0708,=2.1620,=0.8914,=0.3622,=0.7545,=1.3303,=1.9182,=3.4064,=0.0333,=0.8703,=0.0097,=0.0229,=0.0283,=0.0307,=0.0478,=0.0700,=0.1135,=0.0671,=75
="HSSCHKC",恒生港股通香港公司指数,2017-11-20,=-0.0162,=3426.8100,=0.1027,=13.8079,=0.4176,=9.9660,=12.2606,=14.3560,=17.9464,=45.2058,=1.3385,=0.9595,=0.8018,=0.9569,=1.1029,=1.2557,=1.4044,=3.3294,=0.9797,=1.7566,=2.0806,=2.3986,=2.8053,=3.5613,=0.0368,=0.3785,=0.0202,=0.0341,=0.0389,=0.0465,=0.0626,=0.0598,,=0.0392,=14
="000986",全指能源,2011-08-02,=-0.0025,=2681.6300,=0.1488,=14.1206,=0.5763,=6.8032,=9.9968,=13.3515,=18.7177,=75.0146,=1.4370,=0.9221,=0.7554,=0.9688,=1.1798,=1.3235,=1.7977,=0.8737,=0.9530,=0.3323,=0.4459,=0.5658,=0.7318,=1.0524,=0.0375,=0.2589,=0.0098,=0.0349,=0.0439,=0.0544,=0.0769,=0.0593,=0.0918,=0.0507,=614
="000822",500红利,2012-07-20,=-0.0032,=10192.0100,=0.0017,=14.1220,=0.7634,=7.4138,=9.6102,=11.2701,=15.0636,=26.4578,=1.1356,=0.3875,=0.8670,=1.0202,=1.2236,=1.4298,=2.2419,=0.5672,=0.5033,=0.2906,=0.3999,=0.5640,=1.0824,=1.8159,=0.0426,=0.5833,=0.0164,=0.0301,=0.0412,=0.0491,=0.0638,=0.0430,=0.0658,=0.0383,=40
="000092",资源50,2011-05-10,=-0.0026,=4914.7700,=0.0068,=14.2423,=0.4497,=7.9483,=11.3499,=14.8432,=21.6748,=51.7897,=1.8274,=0.9444,=0.9579,=1.2637,=1.4046,=1.5546,=2.3324,=1.0006,=0.9390,=0.4148,=0.5541,=0.6760,=0.8008,=1.2646,=0.0327,=0.4048,=0.0094,=0.0287,=0.0354,=0.0449,=0.0578,=0.0771,=0.1132,=0.0606,=41
="000955",中证国企,2010-02-09,=-0.0070,=1524,=-0.0448,=14.2465,=0.6739,=10.0979,=11.7062,=12.7334,=14.9268,=16.8119,=1.2425,=0.3928,=1.0210,=1.1826,=1.2831,=1.4020,=1.7591,=1.2692,=0.7667,=0.7969,=0.9757,=1.0900,=1.2852,=1.4527,=0.0283,=0.5820,=0.0195,=0.0243,=0.0274,=0.0324,=0.0414,=0.0459,=0.0765,=0.0426,=44
="000066",上证商品,2010-04-30,=-0.0030,=3745.3100,=0.0619,=14.2578,=0.4468,=7.9120,=11.1675,=14.9831,=22.4472,=53.0538,=1.7522,=0.9460,=0.9403,=1.2112,=1.3429,=1.5130,=2.2405,=0.9787,=0.9402,=0.4082,=0.5256,=0.6501,=0.7876,=1.2223,=0.0332,=0.3809,=0.0093,=0.0293,=0.0356,=0.0466,=0.0603,=0.0732,=0.1091,=0.0584,=89
="980028",龙头家电,2015-02-16,=-0.0066,=11004.8800,=-0.1258,=14.2781,=0.3950,=11.8600,=13.7148,=14.5472,=18.2909,=31.1013,=2.4283,=0.0161,=2.2513,=2.6322,=2.8839,=3.6387,=5.1202,=1.2454,=0.3043,=0.9787,=1.2047,=1.3226,=1.4705,=2.2318,=0.0442,=0.9522,=0.0174,=0.0270,=0.0334,=0.0401,=0.0472,=0.0907,=0.1789,=0.1044,=191
="932366",300现金流,2024-11-12,=-0.0062,=3248.7500,=-0.0278,=14.2812,=0.5880,=12.5879,=13.4430,=14.1078,=14.8934,=16.2670,=1.7984,=0.4699,=1.4920,=1.6835,=1.8149,=1.8926,=1.9885,=1.3510,=0.4076,=1.0861,=1.2272,=1.3857,=1.4386,=1.5124,=0.0385,=0.3318,=0.0324,=0.0376,=0.0399,=0.0411,=0.0453,=0.0672,=0.1163,=0.0747,=189
="000068",上证资源,2010-05-28,=-0.0030,=4172.7000,=0.0363,=14.3965,=0.4398,=7.8012,=11.1450,=15.0708,=22.0490,=73.1997,=1.7711,=0.9489,=0.8674,=1.1479,=1.3200,=1.4984,=2.2515,=0.9726,=0.9402,=0.3742,=0.5012,=0.6093,=0.7795,=1.2220,=0.0328,=0.3195,=0.0094,=0.0301,=0.0360,=0.0471,=0.0635,=0.0738,=0.1097,=0.0590,=315
="HSMSI",恒生综合中小型股指数,2015-06-08,=-0.0118,=2582.4800,=-0.1258,=14.4385,=0.6997,=7.2058,=10.0582,=12.4551,=15.6380,=18.8438,=0.9924,=0.4762,=0.6157,=0.7686,=1.0040,=1.2090,=1.4952,=0.7587,=0.6396,=0.4020,=0.5319,=0.6807,=0.8476,=1.0389,=0.0326,=0.5055,=0.0199,=0.0271,=0.0325,=0.0412,=0.0630,,,=0.0371,=161
="000805",A股资源,2012-01-06,=-0.0043,=7305.4500,=0.0303,=14.5058,=0.4199,=7.9265,=11.4609,=15.5203,=23.2395,=72.8892,=1.8572,=0.9411,=0.9200,=1.1959,=1.3713,=1.5354,=2.3735,=1.0195,=0.9390,=0.3865,=0.5298,=0.6350,=0.7902,=1.2754,=0.0315,=0.3873,=0.0090,=0.0281,=0.0342,=0.0454,=0.0580,=0.0782,=0.1115,=0.0593,=14
="931268",持续发展,2019-11-15,=-0.0092,=2101.7900,=-0.0501,=14.5487,=0.1088,=14.1354,=15.0559,=15.6411,=16.2434,=17.1877,=2.0104,=0.4381,=1.7338,=1.8379,=2.1226,=2.2387,=2.3440,=1.8433,=0.7734,=1.5998,=1.7314,=1.8012,=1.8569,=2.0502,=0.0298,=0.3474,=0.0268,=0.0286,=0.0304,=0.0315,=0.0326,=0.0727,=0.1256,=0.0669,=24
="HSHK35",恒生香港35,2003-01-20,=-0.0164,=3259.5700,=0.1420,=14.5856,=0.5095,=9.7413,=12.2188,=14.5146,=17.6563,=47.6465,=1.3005,=0.9553,=0.7649,=0.9601,=1.1027,=1.2398,=1.3663,=3.4111,=0.9013,=2.1814,=2.5966,=2.9153,=3.2028,=3.7366,=0.0373,=0.4059,=0.0206,=0.0332,=0.0387,=0.0462,=0.0628,,=0.0735,=0.0380,=115
="931082",A500现金流,2025-07-16,=-0.0093,=4262.3000,=-0.0599,=14.6331,=0.6421,=11.3087,=12.4229,=14.0763,=14.9374,=16.5522,=2.0680,=0.9965,=1.4812,=1.6602,=1.8283,=1.9471,=2.0869,=1.6532,=0.9965,=1.2039,=1.3224,=1.3848,=1.5528,=1.6684,=0.0357,=0.3263,=0.0310,=0.0345,=0.0373,=0.0424,=0.0482,=0.0703,=0.1166,,=134
="000961",中证上游,2010-04-16,=-0.0045,=5014.8300,=-0.0096,=14.6538,=0.4270,=8.3063,=11.4863,=15.5967,=22.6474,=72.2001,=1.8466,=0.9394,=0.9003,=1.1960,=1.3743,=1.5435,=2.4036,=1.0058,=0.9373,=0.3813,=0.5134,=0.6294,=0.7907,=1.2905,=0.0316,=0.3829,=0.0092,=0.0283,=0.0343,=0.0447,=0.0576,=0.0764,=0.1119,=0.0589,=51
="932037",央企现代能源,2022-11-16,=-0.0061,=1429.3400,=-0.0204,=14.7255,=0.8226,=10.8583,=12.0410,=12.9391,=14.5563,=18.2611,=1.5512,=0.7441,=1.1507,=1.3441,=1.4298,=1.5756,=1.8914,=0.9247,=0.8624,=0.4850,=0.6230,=0.7570,=0.8572,=1.0835,=0.0348,=0.1699,=0.0297,=0.0353,=0.0402,=0.0430,=0.0461,=0.0561,=0.0952,=0.0523,=40
="000944",内地资源,2009-10-28,=-0.0045,=5252.8100,=-0.0102,=14.7802,=0.4363,=8.0950,=11.4362,=15.5173,=22.5991,=64.7584,=1.8553,=0.9411,=0.8945,=1.1840,=1.3612,=1.5352,=2.3924,=1.0093,=0.9374,=0.3754,=0.5050,=0.6228,=0.7861,=1.2835,=0.0314,=0.3424,=0.0090,=0.0287,=0.0349,=0.0457,=0.0579,=0.0763,=0.1109,=0.0586,=14
="932368",800现金流,2024-12-11,=-0.0077,=4687.4000,=-0.0834,=14.7828,=0.8715,=9.9108,=10.8643,=12.4361,=14.3831,=15.6891,=1.8959,=0.7757,=1.4048,=1.5505,=1.7506,=1.9043,=2.0110,=1.5394,=0.8879,=1.0036,=1.1125,=1.3377,=1.4682,=1.6811,=0.0375,=0.3528,=0.0311,=0.0354,=0.0416,=0.0466,=0.0553,=0.0834,=0.1177,=0.0730,=249
="932315",中证红利质量,2024-07-08,=-0.0032,=4219.1800,=-0.0653,=14.7924,=0.3358,=12.3916,=13.9651,=15.5737,=16.5558,=18.7206,=2.9012,=0.4146,=2.1812,=2.4382,=3.0188,=3.9418,=4.4900,=3.5775,=0.9156,=2.0136,=2.2388,=3.0446,=3.2364,=3.7823,=0.0382,=0.3884,=0.0312,=0.0369,=0.0389,=0.0419,=0.0443,=0.1163,=0.1829,=0.0837,=611
="931238",SSH黄金股票,2017-10-17,=-0.0199,=3249.9100,=-0.0012,=14.9181,=0.0074,=13.5435,=18.2717,=23.1690,=35.5404,=92.1543,=3.3856,=0.9052,=1.4294,=1.8194,=2.0276,=2.3927,=6.0579,=1.1025,=0.9134,=0.3659,=0.4673,=0.5547,=0.6775,=1.9529,=0.0223,=0.8869,=0.0052,=0.0086,=0.0127,=0.0209,=0.0325,=0.1363,=0.1921,=0.0952,=373
="000150",380红利,2012-07-20,=-0.0026,=12005.2200,=0.0387,=14.9272,=0.7560,=5.2545,=8.5513,=12.0927,=15.8330,=19.8070,=1.0447,=0.3129,=0.6172,=0.8678,=1.3371,=1.6297,=2.2090,=0.4959,=0.4716,=0.2775,=0.3623,=0.5254,=1.4661,=2.3204,=0.0453,=0.5231,=0.0247,=0.0357,=0.0448,=0.0581,=0.0734,=0.0386,=0.0377,=0.0287,=45
="931021",家电龙头,2017-10-17,=-0.0060,=15529.1800,=-0.1404,=14.9831,=0.3578,=11.3343,=14.2851,=15.6806,=19.1998,=31.7589,=2.4773,=0.0655,=2.3641,=2.6205,=3.0355,=3.8893,=5.4650,=1.2133,=0.4255,=0.8457,=1.1194,=1.2343,=1.4783,=2.4102,=0.0409,=0.9534,=0.0135,=0.0213,=0.0286,=0.0361,=0.0436,=0.0887,=0.1676,=0.0980,=41
="H30089",红利潜力,2013-07-02,=-0.0122,=9132.9700,=-0.0818,=15.1322,=0.1109,=12.7702,=15.7001,=16.8269,=20.5683,=29.7267,=2.6158,=0.5758,=1.5457,=2.0273,=2.5210,=2.9135,=4.3960,=2.0430,=0.7436,=0.7611,=0.9607,=1.7883,=2.1854,=2.8465,=0.0369,=0.7696,=0.0172,=0.0261,=0.0320,=0.0373,=0.0456,=0.0866,=0.1605,=0.0844,=553
="399375",中盘价值,2010-01-04,=-0.0032,=5992.1700,=0.0098,=15.1935,=0.7556,=9.0528,=10.9370,=12.3149,=16.3835,=33.1718,=1.4467,=0.7387,=1.0236,=1.1932,=1.3322,=1.5255,=1.9880,=1.2166,=0.9728,=0.5167,=0.6432,=0.7490,=0.9808,=1.3254,=0.0298,=0.4633,=0.0137,=0.0244,=0.0309,=0.0368,=0.0505,=0.0532,=0.0785,=0.0471,=190
="399974",国企改革,2014-08-07,=-0.0038,=1905.9600,=0.0038,=15.2481,=0.6917,=8.5408,=11.0130,=13.4104,=16.5988,=23.5243,=1.4233,=0.3817,=1.0768,=1.3337,=1.4652,=1.8230,=2.8970,=1.1049,=0.6422,=0.6803,=0.8927,=1.0050,=1.2484,=2.2060,=0.0301,=0.5107,=0.0148,=0.0238,=0.0300,=0.0332,=0.0410,=0.0492,=0.0809,=0.0464,=378
="000842",800等权,2012-12-21,=-0.0048,=6847.7600,=-0.0310,=15.2491,=0.6517,=10.7808,=12.9023,=14.0921,=16.0030,=18.9686,=1.5472,=0.4909,=1.1816,=1.3959,=1.5515,=1.7176,=1.9628,=1.5242,=0.8747,=1.0117,=1.1472,=1.2952,=1.4929,=1.6796,=0.0254,=0.5466,=0.0180,=0.0211,=0.0248,=0.0289,=0.0389,=0.0526,=0.0890,=0.0475,=162
="000906",中证800,2007-01-15,=-0.0052,=4982.1600,=-0.0249,=15.2491,=0.6517,=10.7808,=12.9023,=14.0921,=16.0030,=18.9686,=1.5472,=0.4909,=1.1816,=1.3959,=1.5515,=1.7176,=1.9628,=1.5242,=0.8747,=1.0117,=1.1472,=1.2952,=1.4929,=1.6796,=0.0254,=0.5466,=0.0180,=0.0211,=0.0248,=0.0289,=0.0389,=0.0526,=0.0890,=0.0475,=2726
="931167",先进制造100,2019-04-25,=-0.0102,=7289.2600,=-0.0584,=15.2496,=0.6288,=10.3762,=13.0407,=14.3250,=16.9245,=20.9116,=2.6770,=0.8188,=1.6383,=2.0344,=2.2677,=2.6353,=3.3727,=1.9012,=0.8974,=0.9031,=1.2393,=1.4465,=1.6796,=2.1795,=0.0285,=0.7441,=0.0136,=0.0208,=0.0257,=0.0296,=0.0362,=0.0863,=0.1483,=0.0844,=344
="000918",300成长,2008-01-21,=-0.0066,=5033.8100,=-0.0106,=15.2670,=0.2988,=11.6107,=14.5126,=16.8188,=20.6304,=29.9826,=2.4957,=0.3322,=1.8759,=2.3274,=2.7995,=4.3091,=6.1771,=2.4474,=0.7181,=1.1680,=1.5324,=1.7862,=2.6338,=3.9548,=0.0201,=0.6336,=0.0081,=0.0139,=0.0184,=0.0238,=0.0310,=0.0861,=0.1486,=0.0701,=808
="000909",300材料,2007-07-02,=-0.0049,=3688.4800,=-0.1001,=15.2749,=0.2585,=10.2722,=14.5958,=18.0980,=24.1350,=355.1004,=2.4262,=0.7589,=1.4655,=1.7418,=2.0232,=2.5074,=3.8763,=1.1804,=0.7131,=0.6983,=0.8432,=0.9954,=1.2391,=1.9427,=0.0222,=0.6105,=0.0057,=0.0144,=0.0206,=0.0243,=0.0291,=0.1028,=0.1225,=0.0605,=21
="000861",央企创新,2019-05-16,=-0.0068,=2530.8900,=-0.0138,=15.4585,=0.8092,=10.3360,=12.0646,=13.4697,=15.3718,=18.8086,=1.4137,=0.8597,=1.0351,=1.1893,=1.3017,=1.3921,=1.5975,=0.8302,=0.9416,=0.4544,=0.5207,=0.5865,=0.7402,=0.8999,=0.0318,=0.4602,=0.0234,=0.0272,=0.0331,=0.0375,=0.0493,=0.0468,=0.0826,=0.0470,=270
="000860",结构调整,2018-03-26,=-0.0029,=1213.5900,=-0.0087,=15.4606,=0.6565,=9.5233,=12.4928,=14.0359,=16.2923,=20.6443,=1.4536,=0.7755,=1.1018,=1.2905,=1.3733,=1.4583,=1.6430,=0.9178,=0.9611,=0.4658,=0.5895,=0.6800,=0.7969,=0.9608,=0.0328,=0.5330,=0.0220,=0.0263,=0.0316,=0.0369,=0.0499,=0.0482,=0.0831,=0.0473,=152
="H11059",工业有色,2009-07-22,=-0.0041,=3818.8200,=-0.0409,=15.4750,=0.2370,=10.0577,=14.6644,=27.1349,=53.0143,=131.1130,=3.2034,=0.7948,=1.4392,=2.0012,=2.4307,=3.2138,=4.9901,=1.1962,=0.8368,=0.5048,=0.7405,=0.8673,=1.1619,=1.8706,=0.0214,=0.8402,=0.0035,=0.0056,=0.0104,=0.0205,=0.0285,=0.1369,=0.1735,=0.0880,=150
="931645",1000红利,2024-03-15,=-0.0094,=2267.1400,=-0.0866,=15.4789,=0.8339,=11.2896,=12.4935,=13.9771,=15.3151,=18.1886,=1.0978,=0.1102,=0.9871,=1.1288,=1.1872,=1.2418,=1.3469,=0.7096,=0.2697,=0.5734,=0.6826,=0.7488,=0.8104,=0.8871,=0.0363,=0.5214,=0.0305,=0.0339,=0.0360,=0.0406,=0.0471,=0.0386,=0.0646,=0.0399,=26
="000001",上证指数,1991-07-15,=-0.0054,=3864.2800,=-0.0263,=15.6265,=0.7275,=10.8403,=12.7209,=13.8351,=15.9982,=17.9144,=1.4391,=0.4988,=1.1148,=1.3021,=1.4397,=1.5610,=1.8463,=1.4463,=0.8520,=0.9369,=1.0774,=1.2154,=1.4157,=1.5771,=0.0253,=0.5136,=0.0185,=0.0223,=0.0252,=0.0297,=0.0391,=0.0481,=0.0805,=0.0440,=1583
="000979",大宗商品,2011-08-22,=-0.0034,=6664.7200,=-0.0177,=15.7177,=0.4497,=9.9333,=12.8903,=16.3235,=22.0810,=55.0956,=1.8262,=0.9336,=1.1381,=1.3719,=1.4945,=1.6402,=2.3336,=0.9853,=0.9378,=0.4909,=0.5833,=0.6998,=0.8432,=1.2291,=0.0295,=0.4320,=0.0088,=0.0253,=0.0307,=0.0396,=0.0489,=0.0699,=0.1029,=0.0554,=716
="931404",SHS品牌消费50,2020-02-20,=-0.0009,=2145.3800,=-0.2055,=15.7237,=0.0132,=15.2551,=18.1557,=21.4091,=29.7307,=52.1290,=3.6732,=0.0259,=3.2381,=4.5317,=5.2224,=7.2203,=13.2899,=3.1186,=0.1510,=2.1582,=3.1751,=4.0055,=6.3333,=12.0094,=0.0269,=0.8087,=0.0048,=0.0095,=0.0177,=0.0263,=0.0383,=0.1177,=0.2165,=0.1149,=144
="000510",中证A500,2024-09-23,=-0.0055,=5485.4500,=-0.0279,=15.7349,=0.4563,=12.2476,=14.5078,=16.3547,=17.3837,=18.3286,=1.6256,=0.4563,=1.2883,=1.4976,=1.6539,=1.7165,=1.7791,=1.4273,=0.5188,=1.0081,=1.2217,=1.4194,=1.5090,=1.5740,=0.0253,=0.3563,=0.0227,=0.0244,=0.0261,=0.0322,=0.0380,=0.0544,=0.0887,=0.0481,=2659
="399310",国证A50,2005-09-05,=-0.0115,=7562.3900,=-0.0567,=15.7467,=0.7391,=8.8433,=10.6290,=13.6592,=16.6592,=22.6576,=1.9023,=0.6814,=1.1237,=1.3209,=1.6886,=2.0439,=2.9417,=1.4202,=0.6987,=0.9633,=1.1382,=1.2537,=1.5146,=2.2769,=0.0256,=0.3157,=0.0160,=0.0240,=0.0294,=0.0316,=0.0370,=0.0597,=0.1076,=0.0555,=292
="930050",中证A50,2024-01-02,=-0.0132,=1703.1700,=-0.0472,=15.8283,=0.1649,=13.9812,=16.0401,=17.3431,=18.0910,=19.9330,=2.0625,=0.4061,=1.7817,=1.9733,=2.0983,=2.2029,=2.3759,=1.6195,=0.8763,=1.0165,=1.1301,=1.3756,=1.5879,=1.7441,=0.0297,=0.5450,=0.0260,=0.0285,=0.0296,=0.0308,=0.0348,=0.0668,=0.1115,=0.0600,=1056
="932152",港股通成长策略,2025-04-30,=-0.0061,=1110.1000,=-0.1620,=15.8283,=0.0059,=15.5054,=17.9061,=18.6420,=20.9515,=22.5567,=2.2171,=0.0353,=2.1277,=2.3073,=2.6722,=2.8106,=3.0449,=1.5885,=0.0059,=1.5607,=1.7991,=2.0231,=2.2074,=2.3595,=0.0221,=0.8824,=0.0152,=0.0181,=0.0195,=0.0210,=0.0248,,=0.1344,=0.0741,=13
="931468",红利质量,2020-05-21,=-0.0063,=32500.4800,=0.0315,=15.9002,=0.1805,=12.5562,=16.0843,=18.6097,=21.7881,=36.4689,=2.8592,=0.2059,=2.1523,=2.8543,=3.7232,=4.6918,=8.5636,=3.3658,=0.6111,=1.9811,=2.3533,=2.9944,=3.9405,=5.8829,=0.0318,=0.7316,=0.0102,=0.0191,=0.0291,=0.0332,=0.0407,=0.1049,=0.1637,=0.0873,=1224
="399311",国证1000,2005-02-03,=-0.0053,=4815.1200,=-0.0288,=15.9214,=0.6455,=11.0854,=13.3222,=14.6211,=16.8402,=19.8966,=1.5854,=0.4876,=1.1918,=1.4217,=1.5925,=1.7937,=2.0383,=1.5336,=0.8001,=1.0112,=1.1700,=1.3061,=1.5336,=1.7074,=0.0245,=0.5474,=0.0172,=0.0200,=0.0239,=0.0282,=0.0380,=0.0522,=0.0857,=0.0465,=144
="399286",区块链50,2019-12-24,=-0.0047,=3265.8400,=-0.1849,=15.9316,=0.0582,=13.8844,=17.6464,=20.6986,=28.4375,=40.1853,=1.8462,=0.1882,=1.4262,=1.8673,=2.1098,=2.7208,=3.6332,=1.7249,=0.3384,=1.3177,=1.5938,=1.8306,=2.0863,=2.8188,=0.0272,=0.9620,=0.0072,=0.0097,=0.0148,=0.0235,=0.0319,=0.0587,=0.0903,=0.0516,=158
="930716",CS物流,2015-07-31,=-0.0026,=1237.8900,=0.0542,=16.0077,=0.3883,=6.6312,=13.0083,=18.0389,=33.3421,=505.8138,=1.2709,=0.1303,=1.1511,=1.2940,=1.9570,=2.5233,=3.8580,=0.4814,=0.6410,=0.2137,=0.3289,=0.4559,=0.6262,=1.0427,=0.0302,=0.6595,=0.0055,=0.0093,=0.0126,=0.0374,=0.0692,=0.0443,=0.0542,=0.0395,=249
="000811",细分有色,2012-04-11,=-0.0092,=10455.5400,=-0.0808,=16.0864,=0.1414,=13.5118,=17.8495,=29.0368,=55.4031,=288.4141,=3.1218,=0.7737,=1.7438,=2.0869,=2.5623,=3.1861,=4.8073,=1.2133,=0.8133,=0.6338,=0.7856,=0.9038,=1.1961,=1.9173,=0.0188,=0.8644,=0.0033,=0.0058,=0.0104,=0.0173,=0.0234,=0.1284,=0.1531,=0.0756,=206
="930697",家用电器,2015-07-07,=-0.0072,=11134.0400,=-0.1295,=16.1062,=0.3293,=12.0193,=15.4243,=16.9049,=19.8234,=32.1495,=2.4270,=0.0383,=2.2889,=2.6521,=3.1755,=3.9701,=5.2226,=1.2199,=0.2795,=0.9879,=1.1843,=1.2945,=1.6199,=2.3694,=0.0386,=0.9538,=0.0137,=0.0223,=0.0268,=0.0338,=0.0418,=0.0808,=0.1413,=0.0905,=1754
="000046",上证中小,2009-07-03,=-0.0027,=5095.7800,=-0.0064,=16.2007,=0.5647,=10.5504,=12.1058,=15.2242,=17.9812,=22.4992,=1.4422,=0.4398,=1.0626,=1.2077,=1.4747,=1.7361,=2.0905,=1.3240,=0.7535,=0.8596,=1.0256,=1.1229,=1.3855,=1.6429,=0.0245,=0.6418,=0.0151,=0.0189,=0.0227,=0.0299,=0.0371,=0.0463,=0.0784,=0.0418,=348
="399348",深证价值,2009-11-04,=-0.0051,=6228.9100,=-0.0450,=16.2092,=0.6430,=9.9756,=12.8084,=14.9124,=17.3640,=21.4453,=1.6629,=0.4184,=1.2527,=1.4911,=1.7179,=2.0419,=2.9268,=1.2427,=0.5800,=0.8306,=1.0363,=1.1856,=1.4499,=2.1193,=0.0299,=0.7490,=0.0153,=0.0218,=0.0269,=0.0308,=0.0407,=0.0526,=0.0871,=0.0499,=293
="1000004",上海A股,1994-01-01,=-0.0054,=3864.2800,=-0.0263,=16.2218,=0.7931,=10.8441,=12.9364,=14.2936,=16.2604,=18.4959,=1.4714,=0.5309,=1.1181,=1.3162,=1.4440,=1.5922,=1.8457,=1.4825,=0.8986,=0.9734,=1.0889,=1.2357,=1.4124,=1.6065,=0.0246,=0.4505,=0.0184,=0.0214,=0.0254,=0.0296,=0.0389,=0.0478,=0.0804,=0.0440,=4928
="930708",中证有色,2015-07-13,=-0.0087,=2850.8000,=-0.0757,=16.3240,=0.1323,=13.9228,=18.2639,=29.1928,=56.6588,=383.5678,=3.0445,=0.7094,=1.7134,=2.0956,=2.5631,=3.1773,=4.7639,=1.0965,=0.7090,=0.6123,=0.7796,=0.8963,=1.1904,=1.7984,=0.0183,=0.8627,=0.0032,=0.0057,=0.0101,=0.0168,=0.0233,=0.1246,=0.1479,=0.0736,=544
="931892",有色矿业,2013-07-15,=-0.0074,=3744.4600,=-0.0560,=16.3995,=0.1509,=13.1272,=18.3779,=30.3209,=55.5558,=131.9594,=3.3485,=0.8397,=1.7020,=2.1368,=2.5631,=3.2228,=5.3430,=1.2595,=0.8116,=0.6092,=0.7896,=0.9202,=1.2460,=2.0391,=0.0172,=0.8149,=0.0026,=0.0057,=0.0094,=0.0169,=0.0229,=0.1337,=0.1630,=0.0795,=204
="399377",小盘价值,2010-01-04,=-0.0068,=7362.3400,=-0.0435,=16.4303,=0.6358,=9.8385,=13.2773,=15.1889,=19.0762,=34.2299,=1.2719,=0.5740,=0.8997,=1.0824,=1.2375,=1.4863,=2.1990,=0.7253,=0.5175,=0.4594,=0.5454,=0.7122,=1.1190,=1.8295,=0.0299,=0.7297,=0.0113,=0.0201,=0.0259,=0.0310,=0.0386,=0.0432,=0.0578,=0.0343,=627
="399395",国证有色,2012-10-29,=-0.0073,=9076.7600,=-0.0614,=16.4682,=0.1632,=12.7731,=17.7134,=27.2626,=53.7498,=289.4429,=3.1641,=0.8244,=1.7304,=2.0833,=2.5070,=3.1073,=4.8522,=1.2517,=0.8623,=0.6150,=0.7945,=0.9086,=1.1765,=1.9521,=0.0186,=0.8302,=0.0031,=0.0057,=0.0104,=0.0178,=0.0242,=0.1286,=0.1543,=0.0763,=674
="000903",中证A100,2006-05-29,=-0.0086,=4269.7900,=-0.0483,=16.4765,=0.9085,=9.4390,=11.2592,=12.6668,=14.6450,=18.7565,=1.8206,=0.9073,=1.1800,=1.3870,=1.5305,=1.6902,=1.9716,=1.5757,=0.9716,=0.9660,=1.1007,=1.2250,=1.3907,=1.7127,=0.0275,=0.2935,=0.0221,=0.0264,=0.0291,=0.0329,=0.0397,=0.0568,=0.0942,=0.0527,=3099
="931371",品牌消费100,2019-11-25,=-0.0069,=5644.1400,=-0.1433,=16.4956,=0.0756,=14.6106,=17.2886,=21.6208,=30.5415,=41.6881,=3.0638,=0.0248,=2.8278,=3.6628,=4.3910,=6.4976,=9.5576,=1.9853,=0.0750,=1.7483,=2.1033,=2.6208,=3.8533,=5.3339,=0.0420,=0.9516,=0.0095,=0.0157,=0.0234,=0.0372,=0.0479,=0.0936,=0.1847,=0.1123,=9
="000819",有色金属,2012-05-09,=-0.0073,=8672.6500,=-0.0717,=16.4986,=0.1628,=12.4710,=17.6758,=27.4579,=52.5322,=187.3535,=3.2829,=0.7972,=1.7791,=2.1409,=2.6247,=3.2874,=4.9698,=1.2790,=0.7947,=0.6317,=0.8246,=0.9661,=1.2848,=1.9863,=0.0189,=0.8182,=0.0033,=0.0060,=0.0108,=0.0185,=0.0249,=0.1310,=0.1569,=0.0773,=2061
="931067",绩优策略,2018-02-14,=-0.0075,=7594.3300,=-0.0016,=16.5170,=0.3003,=10.5807,=14.8760,=18.6610,=26.7110,=44.0015,=5.2411,=0.5545,=3.5566,=4.3004,=5.0451,=7.2916,=11.8571,=3.0241,=0.5915,=2.1909,=2.5316,=2.8847,=4.7857,=8.6201,=0.0187,=0.4234,=0.0082,=0.0136,=0.0214,=0.0296,=0.0455,=0.1696,=0.2359,=0.1093,=28
="399398",绩效指数,2012-11-19,=-0.0073,=9654.3500,=-0.0889,=16.5378,=0.3124,=9.4274,=11.9100,=18.3597,=21.6274,=36.1591,=3.1327,=0.3129,=1.3709,=1.7965,=3.5797,=4.3854,=6.4752,=3.0335,=0.5977,=1.5825,=2.2465,=2.9300,=3.4328,=5.0073,=0.0388,=0.8743,=0.0140,=0.0234,=0.0323,=0.0375,=0.0430,=0.1029,=0.1771,=0.0957,=23
="H30533",中国互联网50,2014-12-29,=0.0069,=6547.8155,=-0.3015,=16.5645,=0.0307,=14.4020,=19.9387,=40.9760,=56.7854,=137.0698,=1.9869,=0.0096,=1.7082,=2.5114,=3.8047,=6.7227,=9.7098,=1.7043,=0.0115,=1.4305,=2.1459,=3.6981,=6.4332,=9.1092,=0.0111,=0.9678,=0.0007,=0.0013,=0.0020,=0.0080,=0.0125,,=0.1395,=0.0810,=6900
="930604",中国互联网30,2015-03-23,=0.0024,=6906.0780,=-0.3096,=16.5965,=0.0346,=14.4178,=19.6120,=40.7000,=58.9698,=131.9396,=2.0109,=0.0088,=1.7582,=2.5652,=3.8578,=7.0702,=10.3841,=1.7092,=0.0104,=1.4482,=2.1545,=3.7246,=6.4102,=9.5870,=0.0108,=0.9912,=0.0007,=0.0013,=0.0017,=0.0078,=0.0121,,=0.1381,=0.0817,=660
="931587",500价值稳健,2020-11-09,=-0.0061,=20812.5800,=-0.0516,=16.7178,=0.9062,=9.7530,=12.2274,=14.2864,=15.7003,=19.8926,=1.3041,=0.7722,=0.8925,=1.0593,=1.1650,=1.3304,=1.5437,=0.8039,=0.9656,=0.3384,=0.4618,=0.5142,=0.5924,=0.8392,=0.0352,=0.7199,=0.0250,=0.0298,=0.0337,=0.0359,=0.0456,=0.0470,=0.0672,=0.0460,=81
="H30095",医药红利,2013-07-02,=-0.0109,=13867.6300,=-0.1030,=16.9058,=0.1467,=14.6474,=17.2045,=19.6186,=26.9736,=34.8020,=1.6269,=0.0195,=1.4797,=1.7744,=2.4250,=3.0922,=4.2060,=0.9365,=0.1369,=0.7612,=0.9837,=1.5020,=1.9883,=2.8268,=0.0391,=0.9987,=0.0116,=0.0175,=0.0226,=0.0308,=0.0398,=0.0562,=0.1019,=0.0623,=103
="931357",优选消费50,2019-11-15,=-0.0060,=2316.4100,=-0.2280,=16.9824,=0.0075,=16.0077,=20.2358,=24.4622,=32.8462,=53.0529,=2.6381,=0.0052,=2.5395,=3.6438,=4.3043,=7.1220,=11.6208,=1.6520,=0.0058,=1.5982,=2.2706,=2.6777,=5.1707,=8.8232,=0.0272,=0.9931,=0.0058,=0.0101,=0.0148,=0.0202,=0.0287,=0.0808,=0.1689,=0.0954,=402
="930796",全球中国互联网,2016-04-22,=0.0026,=1531.3696,=-0.2976,=17.0347,=0.0234,=15.1718,=20.7521,=38.8101,=53.3141,=115.7107,=2.1141,=0.0092,=1.8023,=2.6190,=3.8873,=6.8658,=9.6202,=1.8150,=0.0123,=1.5064,=2.2557,=3.5976,=6.2724,=9.5215,=0.0110,=0.9919,=0.0008,=0.0013,=0.0019,=0.0079,=0.0121,,=0.1370,=0.0775,=52
="399991",一带一路,2015-02-16,=-0.0054,=3234.6500,=0.0913,=17.0973,=0.6768,=9.4567,=11.6727,=14.1026,=19.0818,=34.5905,=1.6071,=0.9435,=1.0035,=1.1547,=1.2475,=1.4614,=1.7874,=0.6961,=0.9270,=0.3598,=0.4252,=0.4777,=0.6230,=0.7793,=0.0236,=0.2976,=0.0109,=0.0219,=0.0280,=0.0340,=0.0441,=0.0495,=0.0795,=0.0442,=586
="399324",深证红利,2006-01-24,=-0.0120,=7940.0200,=-0.1323,=17.1832,=0.7358,=11.7065,=14.6181,=15.8633,=17.9505,=23.4132,=2.6582,=0.8566,=1.2884,=1.9036,=2.2372,=2.5354,=3.7254,=1.7538,=0.4975,=1.1033,=1.3622,=1.7553,=1.9654,=2.8578,=0.0351,=0.7984,=0.0151,=0.0225,=0.0278,=0.0353,=0.0452,=0.0824,=0.1345,=0.0767,=5237
="932369",1000现金流,2024-11-12,=-0.0062,=3293.3400,=-0.1069,=17.1874,=0.0601,=16.0705,=17.6904,=18.3629,=19.2774,=21.4836,=1.4788,=0.0445,=1.4251,=1.5331,=1.6351,=1.7482,=1.8728,=1.1536,=0.8664,=0.8034,=0.8921,=1.0009,=1.0622,=1.3230,=0.0277,=0.6526,=0.0230,=0.0262,=0.0271,=0.0286,=0.0311,=0.0501,=0.0821,=0.0540,=61
="931068",消费龙头,2018-11-21,=-0.0051,=10550.7200,=-0.1672,=17.3730,=0.1349,=15.0591,=18.1404,=22.7185,=29.7915,=44.3922,=3.1095,=0.0158,=2.8729,=4.0849,=4.6828,=6.5404,=10.3805,=1.9685,=0.0300,=1.8019,=2.4772,=3.2380,=4.0731,=7.0508,=0.0404,=0.9668,=0.0085,=0.0161,=0.0212,=0.0336,=0.0451,=0.0920,=0.2083,=0.1127,=2409
="930838",CS高股息,2016-06-08,=-0.0054,=6519.1600,=-0.0970,=17.4308,=0.4740,=10.7704,=14.2530,=17.7667,=22.4092,=29.5345,=3.3587,=0.7696,=1.8272,=2.3324,=2.8264,=3.4934,=5.4603,=3.1858,=0.6022,=1.6703,=2.0490,=2.5083,=3.7457,=5.1335,=0.0283,=0.5800,=0.0136,=0.0201,=0.0267,=0.0363,=0.0519,=0.1093,=0.1877,=0.1009,=176
="000813",细分化工,2012-04-11,=-0.0041,=3534.0700,=-0.0731,=17.4577,=0.2638,=11.4329,=16.5252,=21.6706,=27.2561,=42.1751,=2.3883,=0.4122,=1.6736,=2.0410,=2.5658,=3.0864,=4.9148,=1.3447,=0.4526,=0.8896,=1.1114,=1.3986,=1.9282,=3.1071,=0.0199,=0.7873,=0.0059,=0.0109,=0.0167,=0.0201,=0.0259,=0.0921,=0.0961,=0.0475,=1009
="930746",港中小企,2015-08-26,=-0.0130,=2201.6000,=-0.1816,=17.4857,=0.7465,=7.8499,=11.1083,=14.2675,=18.3708,=36.0739,=0.8814,=0.2799,=0.6829,=0.8307,=1.0632,=1.2269,=1.6951,=0.6407,=0.3692,=0.3939,=0.5280,=0.6804,=0.8162,=1.1520,=0.0408,=0.7026,=0.0210,=0.0275,=0.0338,=0.0436,=0.0585,,=0.0313,=0.0295,=214
="H30171",运输指数,2013-07-15,=-0.0038,=1516.2400,=-0.0624,=17.6650,=0.4633,=14.1889,=16.3741,=17.9254,=25.3202,=51.4445,=1.2817,=0.0547,=1.1914,=1.3483,=1.4983,=1.6831,=2.3737,=0.6744,=0.3412,=0.5217,=0.6293,=0.7959,=1.1884,=1.9196,=0.0280,=0.6545,=0.0111,=0.0149,=0.0201,=0.0303,=0.0375,=0.0372,=0.0585,=0.0371,=97
="931142",东证竞争,2019-03-20,=-0.0037,=1954.3000,=0.0503,=17.6798,=0.8367,=9.8569,=11.9601,=14.1043,=16.3657,=27.8877,=2.8173,=0.8175,=1.5408,=1.7340,=2.0772,=2.6640,=4.6703,=2.7362,=0.8615,=0.9384,=1.2803,=1.7524,=2.3573,=3.1903,=0.0256,=0.4744,=0.0120,=0.0223,=0.0261,=0.0328,=0.0399,=0.0832,=0.1629,=0.0829,=218
="000945",内地运输,2009-10-28,=-0.0018,=1378.8800,=-0.0669,=17.7581,=0.3850,=13.9394,=16.4433,=19.1960,=27.7727,=72.7429,=1.3270,=0.0622,=1.2245,=1.4011,=1.5512,=1.7700,=2.4452,=0.7597,=0.3941,=0.5140,=0.6447,=0.8848,=1.3478,=1.9188,=0.0289,=0.6517,=0.0105,=0.0141,=0.0181,=0.0327,=0.0436,=0.0368,=0.0581,=0.0349,=84
="931442",SHS科技100,2020-04-21,=-0.0052,=9281.1900,=-0.1377,=17.7609,=0.3683,=11.6240,=15.1350,=19.3488,=24.4619,=40.7731,=2.5226,=0.4559,=1.5813,=1.9778,=2.6256,=3.9763,=6.9092,=1.6830,=0.4466,=1.0913,=1.4403,=1.7502,=2.5272,=5.0819,=0.0161,=0.6175,=0.0042,=0.0091,=0.0138,=0.0221,=0.0322,=0.0674,=0.1222,=0.0731,=34
="931139",CS消费50,2019-03-20,=-0.0051,=13776.9400,=-0.1365,=17.8005,=0.1908,=14.9525,=17.9319,=23.7108,=29.9703,=47.8630,=3.1761,=0.0258,=2.8552,=3.9546,=5.2959,=7.0164,=12.5456,=2.0788,=0.0132,=1.9104,=2.5571,=3.0497,=4.4432,=9.1270,=0.0429,=0.9626,=0.0083,=0.0161,=0.0219,=0.0363,=0.0484,=0.0914,=0.1922,=0.1116,=2242
="399372",大盘成长,2010-01-04,=-0.0095,=5024.5700,=-0.0468,=18.0497,=0.2395,=14.2162,=17.4515,=20.4584,=25.3722,=45.9159,=3.8075,=0.6426,=1.9139,=2.5160,=3.0750,=5.3725,=9.5601,=2.0558,=0.2935,=1.2183,=1.8035,=2.5751,=3.4508,=6.6651,=0.0181,=0.5758,=0.0069,=0.0115,=0.0170,=0.0231,=0.0308,=0.1071,=0.1447,=0.0749,=321
="000929",中证材料,2009-07-03,=-0.0047,=4175.1400,=-0.0645,=18.1351,=0.4439,=9.9126,=14.1083,=19.4611,=24.5449,=273.0691,=2.3049,=0.7873,=1.3680,=1.6188,=1.9046,=2.3283,=3.1607,=1.1372,=0.7238,=0.6315,=0.7658,=0.8824,=1.2011,=1.5845,=0.0198,=0.4864,=0.0058,=0.0136,=0.0200,=0.0239,=0.0294,=0.0842,=0.1037,=0.0523,=528
="000911",300可选,2007-07-02,=-0.0063,=5420.1700,=-0.1807,=18.1454,=0.4765,=11.4175,=16.2611,=18.2926,=24.5366,=45.8432,=1.8494,=0.0033,=1.7502,=2.2556,=2.5320,=3.0218,=4.4626,=0.8484,=0.0552,=0.7162,=0.9430,=1.0928,=1.3297,=2.0518,=0.0292,=0.9514,=0.0117,=0.0177,=0.0226,=0.0265,=0.0325,=0.0477,=0.1159,=0.0659,=35
="000937",中证公用,2009-07-03,=-0.0039,=2530.6900,=0.0147,=18.1609,=0.4242,=13.4460,=16.6006,=18.6430,=21.1313,=46.5328,=1.7114,=0.3574,=1.3423,=1.6286,=1.7659,=1.9617,=2.2557,=1.6752,=0.6925,=1.2657,=1.4810,=1.5857,=1.7667,=3.2521,=0.0289,=0.7519,=0.0192,=0.0235,=0.0276,=0.0292,=0.0348,=0.0413,=0.0905,=0.0507,=343
="932420",智选船舶产业,2025-05-28,=-0.0102,=1487.2500,=0.0291,=18.1703,=0.5950,=12.9248,=14.2360,=17.2556,=19.7445,=21.8048,=1.4459,=0.8660,=1.1414,=1.2453,=1.3197,=1.4265,=1.5726,=1.0261,=0.7352,=0.8043,=0.8858,=0.9664,=1.0364,=1.1519,=0.0259,=0.3427,=0.0219,=0.0250,=0.0288,=0.0317,=0.0350,=0.0462,=0.0735,=0.0406,=21
="930939",500质量,2018-11-21,=-0.0049,=23009.2600,=0.0839,=18.4226,=0.7312,=10.4098,=14.0276,=16.2880,=19.4297,=27.8330,=2.1849,=0.3906,=1.6614,=2.0740,=2.2356,=2.4749,=3.9191,=1.9797,=0.8888,=0.9583,=1.2017,=1.4691,=1.8604,=2.9319,=0.0187,=0.4196,=0.0117,=0.0164,=0.0196,=0.0252,=0.0319,=0.0639,=0.1144,=0.0638,=470
="931588",1000价值稳健,2020-11-09,=-0.0096,=32843.1700,=-0.0837,=18.4260,=0.4814,=12.8074,=16.7807,=18.5723,=20.5125,=25.6024,=1.3030,=0.2436,=1.0253,=1.2807,=1.4254,=1.5568,=1.9102,=0.7396,=0.8453,=0.4756,=0.5569,=0.6301,=0.7143,=0.8427,=0.0273,=0.7135,=0.0168,=0.0207,=0.0252,=0.0289,=0.0392,=0.0408,=0.0641,=0.0406,=109
="000910",300工业,2007-07-02,=-0.0205,=2146.9300,=-0.1511,=18.4301,=0.4716,=12.1074,=14.2223,=18.6688,=21.6345,=26.7473,=1.5110,=0.2197,=1.2960,=1.5013,=1.7539,=2.0927,=2.8598,=0.7196,=0.5078,=0.4726,=0.5803,=0.7148,=0.8049,=1.0995,=0.0228,=0.8392,=0.0079,=0.0123,=0.0179,=0.0223,=0.0295,=0.0376,=0.0738,=0.0375,=18
="000995",全指公用,2011-08-02,=-0.0041,=2611.5400,=0.0111,=18.4454,=0.4336,=14.4124,=16.7502,=18.9151,=23.9608,=55.0107,=1.7086,=0.4514,=1.2839,=1.5403,=1.7238,=1.8641,=2.1268,=1.7540,=0.7955,=1.2094,=1.4214,=1.5277,=1.7608,=2.4023,=0.0276,=0.7457,=0.0172,=0.0230,=0.0259,=0.0281,=0.0321,=0.0415,=0.0896,=0.0496,=332
="931000",大湾区,2017-07-19,=-0.0050,=1687.7200,=-0.0458,=18.4972,=0.7398,=11.8370,=14.5892,=16.2731,=19.1306,=23.4463,=2.0160,=0.4265,=1.3750,=1.7721,=2.0719,=2.5431,=3.2666,=1.5009,=0.4265,=1.1015,=1.3367,=1.5614,=1.8679,=2.5221,=0.0227,=0.5510,=0.0138,=0.0174,=0.0221,=0.0260,=0.0341,=0.0568,=0.0809,=0.0483,=17
="931663",SHS消费龙头,2015-03-13,=-0.0041,=1683.1500,=-0.1717,=18.6279,=0.1058,=14.4278,=19.9351,=26.3963,=37.1075,=57.5191,=2.7638,=0.0101,=2.5314,=3.4028,=4.3132,=6.1379,=13.5979,=1.7457,=0.1354,=1.3592,=1.8794,=2.3931,=3.4214,=7.5123,=0.0304,=0.9387,=0.0069,=0.0133,=0.0170,=0.0255,=0.0421,=0.0729,=0.1487,=0.0929,=234
="000917",300公用,2007-07-02,=-0.0027,=2521.1100,=0.0244,=18.9306,=0.6904,=13.3250,=16.5195,=17.8724,=20.5953,=34.2477,=1.9486,=0.4629,=1.4019,=1.7154,=1.9744,=2.1718,=2.6347,=1.9329,=0.7321,=1.3139,=1.6332,=1.8147,=1.9940,=3.2322,=0.0298,=0.4815,=0.0191,=0.0239,=0.0299,=0.0323,=0.0390,=0.0426,=0.0974,=0.0539,=40
="931697",消费50策略,2021-07-12,=-0.0045,=7014.8100,=-0.1755,=19.0227,=0.2928,=16.4104,=18.4792,=20.7446,=31.1875,=38.9422,=3.1124,=0.0756,=2.6840,=3.4913,=3.8466,=5.1837,=7.0736,=1.7391,=0.1989,=1.4635,=1.7395,=1.9138,=2.8389,=3.5305,=0.0358,=0.9507,=0.0120,=0.0158,=0.0246,=0.0320,=0.0403,=0.0733,=0.1608,=0.0948,=65
="931897",绿色电力,2012-12-21,=-0.0038,=1120.7900,=0.0351,=19.0343,=0.5289,=12.4356,=16.3936,=18.6869,=23.5753,=3316.8719,=1.7386,=0.6843,=1.0802,=1.3464,=1.6509,=1.7879,=2.0565,=1.8740,=0.8578,=0.8910,=1.1301,=1.2733,=1.7375,=2.6891,=0.0268,=0.7749,=0.0111,=0.0186,=0.0233,=0.0270,=0.0335,=0.0408,=0.0880,=0.0488,=188
="H30199",电力指数,2013-07-15,=-0.0045,=2918.1100,=0.0340,=19.0463,=0.5115,=14.1448,=16.9573,=18.9880,=25.0122,=78.5133,=1.7186,=0.5111,=1.2472,=1.5161,=1.7156,=1.8412,=2.0960,=1.8217,=0.8293,=1.1507,=1.4427,=1.5880,=1.7825,=2.2389,=0.0272,=0.5837,=0.0166,=0.0223,=0.0267,=0.0283,=0.0333,=0.0402,=0.0878,=0.0494,=780
="399990",煤炭等权,2015-01-21,=-0.0005,=3566.6300,=0.2417,=19.0823,=0.8685,=5.7123,=8.6087,=10.6441,=15.5128,=144.9606,=1.8089,=0.9678,=0.8179,=1.1204,=1.3784,=1.6211,=2.0135,=1.8287,=0.9460,=0.6732,=0.9175,=1.1215,=1.4630,=2.2100,=0.0319,=0.0932,=0.0074,=0.0368,=0.0548,=0.0638,=0.1003,=0.0521,=0.0912,=0.0456,=242
="399998",中证煤炭,2015-02-13,=-0.0012,=2404.4600,=0.2195,=19.0823,=0.8685,=5.7123,=8.6087,=10.6441,=15.5128,=144.9606,=1.8089,=0.9678,=0.8179,=1.1204,=1.3784,=1.6211,=2.0135,=1.8287,=0.9460,=0.6732,=0.9175,=1.1215,=1.4630,=2.2100,=0.0319,=0.0932,=0.0074,=0.0368,=0.0548,=0.0638,=0.1003,=0.0521,=0.0912,=0.0456,=2137
="000931",中证可选,2009-07-03,=-0.0079,=4936.5400,=-0.2056,=19.1078,=0.3273,=12.9961,=17.9577,=20.0622,=26.0964,=47.1695,=1.9351,=0.0544,=1.6991,=2.1009,=2.4784,=2.7914,=3.7874,=0.8982,=0.0973,=0.7260,=0.9547,=1.1094,=1.2780,=1.9265,=0.0280,=0.9794,=0.0120,=0.0178,=0.0209,=0.0249,=0.0298,=0.0506,=0.1143,=0.0639,=844
="H30094",消费红利,2013-07-02,=-0.0103,=29834.5400,=-0.1968,=19.1938,=0.1076,=16.2060,=20.3404,=27.7719,=33.4547,=59.6542,=3.4357,=0.0136,=3.1510,=4.3754,=5.3354,=6.7479,=11.0368,=3.9090,=0.3574,=2.0635,=3.3527,=4.3047,=5.3148,=8.4259,=0.0456,=0.9905,=0.0123,=0.0178,=0.0223,=0.0354,=0.0491,=0.1060,=0.1905,=0.1131,=2189
="000987",全指材料,2011-08-02,=-0.0045,=4756.1000,=-0.0508,=19.4657,=0.4262,=11.8534,=16.4330,=20.9746,=27.4448,=365.5617,=2.3382,=0.6707,=1.3547,=1.6741,=2.0388,=2.4976,=3.3213,=1.1564,=0.6237,=0.6546,=0.8399,=1.0192,=1.3296,=1.7398,=0.0183,=0.5425,=0.0046,=0.0122,=0.0173,=0.0209,=0.0269,=0.0806,=0.0892,=0.0459,=395
="H11136",中国互联网,2011-09-20,=-0.0026,=3646.9084,=-0.3159,=19.4775,=0.1891,=14.4387,=19.6542,=42.1029,=56.9625,=137.0698,=2.1156,=0.0173,=1.7247,=2.5168,=3.8237,=6.7410,=9.7098,=1.6980,=0.0058,=1.5020,=2.2126,=3.9114,=6.5160,=9.1092,=0.0112,=0.9313,=0.0007,=0.0013,=0.0020,=0.0087,=0.0132,,=0.1373,=0.0798,=3386
="399987",中证酒,2014-12-10,=-0.0043,=3687.1900,=-0.2622,=19.5253,=0.1154,=16.5000,=20.6746,=30.5259,=38.5048,=71.4257,=3.7482,=0.0140,=3.3943,=4.9090,=6.4707,=8.9992,=15.9495,=5.9871,=0.0660,=5.0607,=6.4799,=8.3127,=11.8299,=21.4371,=0.0459,=0.9930,=0.0067,=0.0114,=0.0162,=0.0335,=0.0485,=0.1202,=0.2043,=0.1302,=2797
="930794",中美互联网,2016-04-22,,,=-0.1774,=19.6186,=0.0096,=19.0341,=27.8324,=32.4687,=38.0931,=50.5410,=5.1540,=0.1248,=3.5920,=5.5596,=6.5716,=7.5414,=9.2259,=4.5970,=0.3840,=2.2940,=3.8795,=4.8597,=5.5740,=7.0802,=0.0027,=0.6141,=0.0004,=0.0006,=0.0017,=0.0032,=0.0053,=0.1918,=0.2425,=0.1282,=439
="930782",500SNLV,2016-02-04,=-0.0041,=18532.8000,=-0.0138,=19.6207,=0.4588,=13.0617,=17.6555,=20.0302,=23.1749,=33.4651,=1.5862,=0.6880,=1.0996,=1.3464,=1.4745,=1.7732,=2.5944,=1.2095,=0.6917,=0.5914,=0.8056,=0.8891,=1.3697,=2.0883,=0.0252,=0.9740,=0.0090,=0.0141,=0.0203,=0.0229,=0.0271,=0.0435,=0.0820,=0.0412,=1377
="399997",中证白酒,2015-01-21,=-0.0069,=6204.9400,=-0.2919,=19.6483,=0.1434,=16.2418,=20.3095,=29.7028,=37.9971,=71.4432,=3.9444,=0.0165,=3.5435,=5.2046,=7.2690,=9.8068,=17.8607,=6.8249,=0.0853,=5.9830,=7.2852,=9.8375,=13.6521,=24.8964,=0.0467,=0.9930,=0.0066,=0.0115,=0.0169,=0.0341,=0.0495,=0.1224,=0.2121,=0.1334,=7794
="000126",消费50,2011-12-09,=-0.0078,=6254.7400,=-0.2477,=19.7295,=0.1513,=15.1608,=20.3024,=22.8714,=32.8709,=57.2206,=2.4863,=0.0256,=2.2360,=3.0006,=3.4009,=4.8666,=7.3797,=1.3826,=0.2576,=0.9155,=1.2943,=1.8265,=2.6426,=3.8011,=0.0362,=0.9922,=0.0091,=0.0134,=0.0211,=0.0279,=0.0382,=0.0674,=0.1407,=0.0845,=96
="930903",中证A股,2016-10-18,=-0.0067,=3945.6300,=-0.0333,=19.8145,=0.7117,=12.9620,=16.2722,=17.8309,=20.6555,=23.9680,=1.7245,=0.5102,=1.2607,=1.5562,=1.7176,=1.9435,=2.2108,=1.5886,=0.7362,=1.0406,=1.2343,=1.3840,=1.6408,=1.9264,=0.0209,=0.5470,=0.0139,=0.0174,=0.0205,=0.0237,=0.0332,=0.0473,=0.0748,=0.0423,=24
="000985",中证全指,2011-08-02,=-0.0066,=5723.6900,=-0.0330,=19.8722,=0.7403,=12.6044,=15.9637,=17.6538,=20.3935,=23.7678,=1.7210,=0.5066,=1.2581,=1.5484,=1.7144,=1.9411,=2.1557,=1.5843,=0.7292,=1.0381,=1.2268,=1.3875,=1.6389,=1.8438,=0.0210,=0.5354,=0.0148,=0.0175,=0.0207,=0.0240,=0.0333,=0.0472,=0.0749,=0.0423,=765
="000036",上证消费,2009-01-09,=-0.0096,=9024.5200,=-0.1683,=19.8879,=0.0280,=17.8817,=22.5907,=31.6699,=40.5919,=69.3963,=4.2826,=0.0796,=3.7240,=5.2254,=6.5393,=9.2057,=14.9810,=4.1487,=0.2086,=1.9092,=4.0867,=4.8721,=7.3411,=10.9001,=0.0398,=0.9905,=0.0071,=0.0114,=0.0158,=0.0309,=0.0429,=0.1234,=0.2393,=0.1442,=2337
="931637",港股通互联网,2021-01-11,=-0.0038,=681.2000,=-0.3282,=19.9361,=0.0714,=16.9805,=22.7340,=27.7081,=40.9218,=87.7368,=2.3042,=0.0114,=2.0886,=2.9435,=3.3908,=4.1319,=11.7021,=2.3006,=0.0150,=2.0583,=2.8372,=3.3690,=4.2189,=11.5370,=0.0108,=0.9957,=0.0011,=0.0026,=0.0050,=0.0078,=0.0111,,=0.1267,=0.0732,=304
="000807",食品饮料,2012-02-17,=-0.0080,=14729.3800,=-0.1944,=19.9952,=0.0874,=16.7498,=21.2288,=30.4181,=37.6314,=67.1514,=3.6744,=0.0128,=3.4269,=4.7753,=6.2626,=8.2580,=14.6770,=4.2973,=0.1026,=3.6682,=4.5310,=5.6630,=7.6740,=12.7454,=0.0434,=0.9909,=0.0077,=0.0131,=0.0185,=0.0333,=0.0463,=0.1117,=0.1953,=0.1219,=4317
="932367",500现金流,2024-11-12,=-0.0059,=3388.8500,=-0.0739,=19.9993,=0.9443,=12.7635,=14.1433,=17.1152,=19.1757,=20.8865,=1.5248,=0.0646,=1.4139,=1.6086,=1.7331,=1.9692,=2.3672,=1.0497,=0.2472,=0.8544,=0.9739,=1.2214,=1.2829,=1.4394,=0.0317,=0.5011,=0.0247,=0.0291,=0.0317,=0.0366,=0.0403,=0.0474,=0.1139,=0.0553,=128
="000942",内地消费,2009-10-28,=-0.0055,=8345.0500,=-0.1837,=20.1448,=0.3669,=14.4412,=18.7561,=21.7472,=33.3379,=52.6356,=2.5197,=0.0107,=2.3718,=3.1167,=3.6911,=5.0424,=7.7211,=1.3768,=0.1039,=1.1096,=1.4982,=1.7720,=2.5493,=4.1228,=0.0349,=0.9815,=0.0093,=0.0147,=0.0214,=0.0287,=0.0381,=0.0635,=0.1426,=0.0853,=775
="930938",500成长估值,2018-12-04,=-0.0003,=4681.2800,=0.0094,=20.2503,=0.8084,=9.4780,=13.1515,=16.9084,=20.1048,=30.3577,=2.4187,=0.8792,=1.4489,=1.8745,=2.1342,=2.3214,=3.6765,=1.9905,=0.9037,=0.6916,=0.9092,=1.1817,=1.6369,=2.5224,=0.0173,=0.3715,=0.0092,=0.0156,=0.0186,=0.0217,=0.0299,=0.0696,=0.1028,=0.0631,=75
="000815",细分食品,2012-04-11,=-0.0085,=15121.3500,=-0.1928,=20.2882,=0.1092,=16.6089,=21.2687,=30.6663,=37.4251,=68.5596,=3.6262,=0.0136,=3.3595,=4.7288,=6.1935,=8.2709,=14.7926,=4.3654,=0.0322,=4.0083,=4.9232,=6.1109,=8.3455,=14.4971,=0.0426,=0.9918,=0.0072,=0.0123,=0.0164,=0.0326,=0.0452,=0.1102,=0.1902,=0.1204,=788
="399370",国证成长,2010-01-04,=-0.0044,=5014.2200,=-0.0101,=20.4930,=0.3512,=14.0104,=18.9925,=21.7876,=25.9317,=39.9195,=3.6648,=0.7395,=1.9695,=2.5703,=3.0053,=4.1074,=6.0628,=2.0759,=0.4975,=1.2188,=1.6926,=2.0774,=2.7599,=3.4917,=0.0164,=0.6006,=0.0080,=0.0118,=0.0157,=0.0227,=0.0304,=0.0943,=0.1344,=0.0689,=118
="399701",深证F60,2010-05-10,=-0.0084,=7398.6100,=-0.0683,=20.5819,=0.5561,=12.1841,=17.0099,=19.9838,=22.2665,=29.1141,=1.9355,=0.1352,=1.6712,=2.0162,=2.1792,=2.5392,=3.7270,=1.2773,=0.2688,=1.0125,=1.2363,=1.3598,=1.5636,=2.4139,=0.0273,=0.9489,=0.0118,=0.0177,=0.0206,=0.0250,=0.0310,=0.0535,=0.0664,=0.0457,=1680
="000904",中证200,2007-01-15,=-0.0004,=5543.3900,=-0.0188,=20.5823,=0.8681,=11.9474,=14.9318,=16.7930,=19.5163,=25.2311,=1.7170,=0.4646,=1.2748,=1.5010,=1.7433,=2.0647,=2.3407,=1.2545,=0.1459,=1.0540,=1.2854,=1.4153,=1.6929,=2.1135,=0.0238,=0.6517,=0.0136,=0.0162,=0.0207,=0.0259,=0.0372,=0.0465,=0.0739,=0.0482,=722
="980032",新能电池,2015-02-17,=-0.0135,=12659.6400,=-0.1960,=20.5849,=0.1375,=14.3994,=22.2467,=29.9459,=79.4163,=130.4039,=3.1088,=0.1433,=2.4545,=3.3427,=4.2339,=7.6124,=11.8091,=1.6669,=0.1862,=1.1163,=1.6957,=2.2296,=4.8492,=7.8642,=0.0152,=0.7851,=0.0011,=0.0019,=0.0085,=0.0155,=0.0224,=0.0784,=0.1357,=0.0605,=760
="000941",新能源,2009-10-28,=-0.0106,=2057.8000,=-0.2005,=20.5857,=0.2267,=10.2578,=20.0248,=28.5340,=37.2323,=57.4660,=2.6237,=0.3710,=1.8262,=2.2548,=2.9462,=3.8432,=8.1424,=2.2336,=0.4827,=1.2704,=1.5650,=2.2647,=2.9648,=7.0320,=0.0188,=0.8063,=0.0031,=0.0063,=0.0105,=0.0184,=0.0268,=0.0648,=0.1201,=0.0662,=2482
="399438",绿色电力,2014-12-30,=-0.0040,=2049.3100,=0.0291,=20.6050,=0.6731,=13.5016,=16.9882,=19.1486,=22.0380,=41.2289,=1.8487,=0.6084,=1.2516,=1.5034,=1.8043,=1.9344,=2.3077,=2.1679,=0.9237,=1.1906,=1.4256,=1.8240,=2.0571,=3.6995,=0.0256,=0.4015,=0.0163,=0.0221,=0.0266,=0.0293,=0.0348,=0.0410,=0.0881,=0.0494,=222
="932246",储能电池,2022-07-08,=-0.0096,=3751.5600,=-0.2204,=20.6081,=0.1873,=13.3190,=21.3719,=26.2999,=33.1036,=40.1514,=3.2360,=0.4476,=2.3139,=2.6967,=3.3001,=4.4431,=5.1292,=2.1267,=0.3095,=1.3666,=1.7101,=2.3022,=3.2730,=3.7523,=0.0192,=0.7540,=0.0111,=0.0133,=0.0165,=0.0200,=0.0231,=0.0850,=0.1439,=0.0684,=76
="399396",国证食品,2012-10-29,=-0.0090,=14122.7600,=-0.1916,=20.6406,=0.0849,=17.1702,=21.8118,=30.0923,=37.3108,=66.0937,=3.4837,=0.0136,=3.2471,=4.5785,=6.1023,=7.6300,=14.3214,=3.3438,=0.0087,=3.1290,=3.9687,=5.0525,=6.2477,=12.4529,=0.0410,=0.9893,=0.0078,=0.0130,=0.0187,=0.0322,=0.0441,=0.1036,=0.1761,=0.1101,=1621
="931752",工程机械主题,2021-09-27,=-0.0134,=2260.2000,=-0.1034,=20.6908,=0.4169,=13.6456,=18.5475,=21.3202,=24.3284,=27.9581,=1.8968,=0.6495,=1.2593,=1.5788,=1.7316,=2.1196,=2.6511,=1.1373,=0.6636,=0.7133,=0.9180,=1.0254,=1.2850,=1.6462,=0.0216,=0.6686,=0.0151,=0.0190,=0.0208,=0.0222,=0.0284,=0.0525,=0.0958,=0.0571,=111
="1000002",A股全指,1994-01-01,=-0.0066,=5723.6899,=-0.0330,=20.6966,=0.7395,=12.9500,=16.6929,=18.4846,=21.5320,=25.0020,=1.7571,=0.5136,=1.2633,=1.5740,=1.7419,=1.9989,=2.1910,=1.6163,=0.7049,=1.0499,=1.2419,=1.3989,=1.6659,=1.9034,=0.0204,=0.4815,=0.0142,=0.0167,=0.0205,=0.0235,=0.0329,=0.0469,=0.0745,=0.0420,=7988
="931646",SHS新消费,2021-04-07,=-0.0016,=1329.6000,=-0.2989,=20.7358,=0.0980,=17.0652,=22.4969,=25.8701,=30.4841,=45.1728,=2.4516,=0.0102,=2.2638,=3.0961,=3.5806,=4.1451,=7.2085,=2.4405,=0.0087,=2.2716,=3.1507,=3.6999,=4.1982,=7.0452,=0.0112,=0.9913,=0.0024,=0.0045,=0.0066,=0.0085,=0.0121,=0.0608,=0.1302,=0.0748,=16
="931747",中证储能,2021-10-15,=-0.0180,=6090.7100,=-0.2354,=20.7858,=0.0901,=16.6670,=22.1869,=27.3807,=52.2992,=124.6415,=3.3468,=0.0061,=3.1109,=3.9339,=4.5962,=6.8569,=12.5394,=1.7846,=0.2088,=1.2712,=1.7445,=2.2352,=3.6889,=8.7019,=0.0171,=0.8882,=0.0008,=0.0019,=0.0123,=0.0160,=0.0191,=0.0792,=0.1665,=0.0804,=145
="399432",智能汽车,2014-12-30,=-0.0180,=5050.9200,=-0.2556,=20.8624,=0.3747,=12.3799,=17.9514,=24.8407,=66.1739,=131.3343,=2.9090,=0.3677,=1.4019,=2.1767,=3.5043,=6.5272,=11.4939,=1.6774,=0.4270,=0.5888,=0.9103,=1.8988,=4.6106,=8.8483,=0.0152,=0.5701,=0.0016,=0.0032,=0.0133,=0.0240,=0.0377,=0.0724,=0.1377,=0.0637,=23
="399417",新能源车,2014-09-24,=-0.0174,=3055.2200,=-0.2146,=21.1239,=0.2065,=14.2186,=20.9718,=29.6660,=55.4460,=106.6289,=2.9814,=0.3875,=1.6630,=2.3823,=3.4338,=4.4136,=9.6468,=1.6302,=0.4159,=0.6730,=1.0543,=1.8428,=2.4249,=6.6041,=0.0155,=0.6439,=0.0016,=0.0053,=0.0124,=0.0183,=0.0316,=0.0730,=0.1319,=0.0609,=2444
="000989",全指可选,2011-08-02,=-0.0080,=4498.0800,=-0.1958,=21.1304,=0.2683,=14.8205,=20.3628,=24.1221,=30.9883,=46.1708,=2.0259,=0.1439,=1.6599,=2.1091,=2.4834,=2.8234,=3.2250,=0.9378,=0.0890,=0.8200,=0.9985,=1.1530,=1.4389,=1.7628,=0.0261,=0.9786,=0.0123,=0.0153,=0.0185,=0.0235,=0.0287,=0.0481,=0.1045,=0.0593,=1313
="399976",CS新能车,2014-11-28,=-0.0146,=3494.5100,=-0.2175,=21.1349,=0.1641,=13.8890,=22.6621,=33.9282,=62.1175,=231.2544,=2.8926,=0.1237,=2.0896,=3.0869,=3.8206,=6.2213,=11.9870,=1.6433,=0.1434,=0.7703,=1.7913,=2.2878,=4.1916,=9.1824,=0.0141,=0.8190,=0.0014,=0.0031,=0.0075,=0.0135,=0.0276,=0.0742,=0.1248,=0.0561,=2038
="931719",CS电池,2013-07-15,=-0.0106,=3335.3400,=-0.2156,=21.1494,=0.0800,=15.7007,=26.1506,=38.2880,=63.2494,=121.8822,=3.2013,=0.3223,=1.9771,=2.9292,=3.8879,=5.7588,=11.8941,=2.1199,=0.2123,=1.2782,=2.0990,=2.9680,=4.4767,=9.5565,=0.0175,=0.9171,=0.0012,=0.0035,=0.0069,=0.0125,=0.0220,=0.0816,=0.1370,=0.0637,=583
="931755",SEEE碳中和,2021-10-21,=-0.0122,=1772.1500,=-0.1561,=21.1574,=0.4645,=13.4966,=17.5318,=21.4558,=24.7874,=29.4214,=2.1396,=0.3847,=1.7561,=1.9727,=2.3688,=2.7111,=3.9105,=1.3581,=0.6395,=0.8856,=1.0431,=1.2400,=1.4695,=2.3046,=0.0201,=0.6308,=0.0102,=0.0151,=0.0181,=0.0219,=0.0256,=0.0517,=0.0916,=0.0470,=146
="930997",新能源车,2017-07-19,=-0.0149,=2361.5600,=-0.2225,=21.2140,=0.2382,=14.0460,=20.4888,=31.3860,=67.2336,=171.6022,=2.8974,=0.3002,=1.7502,=2.4326,=3.6196,=6.0010,=11.4567,=1.6494,=0.3142,=0.7652,=1.2142,=2.1296,=3.8480,=8.7389,=0.0141,=0.6661,=0.0014,=0.0031,=0.0109,=0.0182,=0.0289,=0.0745,=0.1243,=0.0560,=1992
="980027",新能源电池,2015-02-16,=-0.0155,=2724.0300,=-0.1937,=21.2999,=0.2109,=16.8641,=21.1995,=24.9665,=30.4248,=35.7610,=3.4263,=0.4331,=2.5249,=3.0475,=3.5039,=4.4100,=5.0827,=2.2805,=0.3851,=1.4888,=1.9160,=2.4190,=3.2396,=3.8612,=0.0193,=0.8838,=0.0052,=0.0082,=0.0155,=0.0185,=0.0213,=0.0839,=0.1513,=0.0747,=116
="000930",中证工业,2009-07-03,=-0.0147,=3044.4600,=-0.1320,=21.3137,=0.5841,=13.1747,=16.3715,=20.2887,=23.7448,=30.4087,=1.6912,=0.3500,=1.3752,=1.5614,=1.8466,=2.1187,=2.6342,=0.8087,=0.6434,=0.5311,=0.6373,=0.7618,=0.8868,=1.0502,=0.0200,=0.7848,=0.0090,=0.0114,=0.0161,=0.0203,=0.0262,=0.0386,=0.0679,=0.0368,=326
="930641",中证中药,2015-05-19,=-0.0106,=8217.9500,=-0.1363,=21.4438,=0.0581,=17.1921,=23.9069,=28.5225,=32.8246,=45.5431,=1.9367,=0.0074,=1.8142,=2.4520,=2.8992,=3.4849,=4.0837,=2.1235,=0.0115,=1.9582,=2.4255,=2.7859,=3.3602,=4.5776,=0.0384,=0.9889,=0.0073,=0.0130,=0.0165,=0.0263,=0.0421,=0.0568,=0.0928,=0.0645,=924
="930653",CS食品饮,2015-06-05,=-0.0099,=12264.4900,=-0.1874,=21.5008,=0.1014,=17.6031,=22.6122,=31.2745,=38.3114,=65.8842,=3.3179,=0.0120,=3.1030,=4.3942,=5.7098,=7.1300,=12.9907,=3.1218,=0.0103,=2.9247,=3.7999,=4.7658,=5.8503,=11.4166,=0.0396,=0.9897,=0.0078,=0.0127,=0.0179,=0.0312,=0.0425,=0.0947,=0.1583,=0.1010,=915
="399804",中证体育,2015-02-09,=-0.0084,=1649.2100,=-0.1685,=21.6256,=0.0507,=17.8349,=25.0556,=30.3446,=42.9121,=84.6918,=2.7549,=0.2279,=2.0588,=2.7255,=3.1660,=3.7514,=5.5714,=2.3965,=0.2704,=1.7235,=2.3137,=2.8214,=3.8861,=7.1775,=0.0237,=0.9559,=0.0037,=0.0075,=0.0124,=0.0205,=0.0296,=0.0759,=0.0922,=0.0536,=308
="931829",中证回购,2023-10-17,=-0.0093,=2325.3800,=0.0062,=21.6690,=0.1819,=16.8171,=21.8946,=25.0119,=33.9972,=40.4937,=1.8970,=0.6502,=1.3801,=1.5754,=1.7558,=2.0604,=2.3571,=0.9712,=0.3216,=0.7604,=0.9008,=1.0068,=1.1377,=1.4917,=0.0321,=1,=0.0146,=0.0164,=0.0209,=0.0253,=0.0321,=0.0600,=0.0495,=0.0317,=40
="H11052",智能电车,2009-07-22,=-0.0193,=3245.7000,=-0.2353,=21.6746,=0.0754,=16.1153,=25.9495,=32.7041,=63.3646,=148.6443,=2.9955,=0.1129,=2.6129,=3.1811,=3.8827,=5.5107,=9.7804,=1.5165,=0.0894,=1.2507,=1.6523,=2.0376,=3.2736,=6.6252,=0.0138,=0.9007,=0.0021,=0.0035,=0.0091,=0.0113,=0.0189,=0.0695,=0.1293,=0.0622,=201
="930625",SHS互联网,2015-04-21,=-0.0044,=2214.6300,=-0.2705,=21.7186,=0.0360,=18.8995,=26.7710,=34.8055,=49.4071,=84.5605,=2.4482,=0.0047,=2.3016,=3.4347,=4.8706,=6.6094,=9.2961,=2.4361,=0.0047,=2.3041,=3.4126,=4.2734,=5.7737,=8.7946,=0.0102,=0.9921,=0.0016,=0.0028,=0.0037,=0.0071,=0.0110,=0.0575,=0.1241,=0.0701,=342
="931481",SHS线上消费,2020-05-06,=-0.0025,=804.5700,=-0.2746,=21.7474,=0.1137,=17.8858,=23.2921,=29.5713,=46.2978,=121.3257,=2.3845,=0.0075,=2.2334,=3.0933,=3.5274,=4.7246,=9.8961,=2.4193,=0.0696,=2.0492,=2.7233,=3.2728,=4.3004,=7.8524,=0.0110,=0.9789,=0.0020,=0.0033,=0.0057,=0.0087,=0.0119,=0.0560,=0.1208,=0.0704,=71
="931166",医药健康100,2019-04-25,=-0.0072,=3784.3600,=-0.0618,=22.0014,=0.1717,=17.5935,=22.4299,=25.9260,=35.6607,=58.5515,=3.2313,=0.1388,=2.7671,=3.3753,=4.1490,=5.8316,=8.5226,=3.7667,=0.4855,=2.1887,=3.0670,=3.8066,=4.5269,=6.8190,=0.0194,=0.9108,=0.0059,=0.0080,=0.0121,=0.0179,=0.0263,=0.0791,=0.1325,=0.0724,=402
="931239",港股通汽车,2022-07-21,=-0.0206,=1810.1600,=-0.2172,=22.0329,=0.6970,=12.1049,=14.4037,=17.4966,=25.8482,=32.0714,=2.4231,=0.7782,=1.2076,=1.4398,=1.6353,=2.7107,=3.5989,=1.2036,=0.7782,=0.6024,=0.6886,=0.7727,=1.3904,=1.7776,=0.0167,=0.3212,=0.0091,=0.0147,=0.0201,=0.0227,=0.0338,,=0.1153,=0.0447,=54
="930632",CS稀金属,2015-05-12,=-0.0019,=2528.9700,=-0.0672,=22.0894,=0.1702,=10.0759,=24.3831,=40.7433,=84.3353,=902.9270,=3.4231,=0.4971,=1.7714,=2.4678,=3.4470,=4.3834,=7.1765,=2.2982,=0.5993,=1.0736,=1.5817,=2.0649,=2.9463,=4.1072,=0.0093,=0.6142,=0.0021,=0.0042,=0.0075,=0.0138,=0.0241,=0.1020,=0.1107,=0.0458,=400
="000912",300消费,2007-07-02,=-0.0054,=17336.4700,=-0.1643,=22.2732,=0.2007,=17.5697,=22.2495,=28.6926,=38.6920,=71.0374,=3.6022,=0.0190,=3.2494,=4.6667,=6.3986,=8.3233,=13.2137,=2.8546,=0.0536,=1.9809,=3.1975,=4.1911,=5.5033,=9.3193,=0.0416,=0.9757,=0.0078,=0.0128,=0.0188,=0.0298,=0.0471,=0.0878,=0.1878,=0.1192,=791
="000069",消费80,2010-05-28,=-0.0086,=4181,=-0.1483,=22.3346,=0.1987,=16.4356,=22.3398,=24.9027,=33.0497,=60.5019,=2.8473,=0.0412,=2.4642,=3.1936,=3.5464,=4.8097,=7.6372,=1.7393,=0.3825,=1.0743,=1.5288,=1.9152,=2.7436,=3.8795,=0.0280,=0.9839,=0.0078,=0.0117,=0.0184,=0.0236,=0.0296,=0.0691,=0.1324,=0.0790,=947
="931027",港股通大消费,2017-11-06,=-0.0064,=2697.8100,=-0.1354,=22.3353,=0.3350,=14.6383,=20.4890,=24.9880,=51.4194,=105.3721,=2.5497,=0.0760,=2.2514,=2.8352,=3.2269,=4.3007,=9.1499,=1.4886,=0.2517,=1.0973,=1.4427,=1.7454,=2.4735,=5.7985,=0.0224,=0.7670,=0.0056,=0.0114,=0.0178,=0.0229,=0.0323,,=0.1235,=0.0736,=51
="931470",SHS云计算,2020-04-21,=-0.0006,=3624.4300,=-0.0174,=22.3850,=0.2708,=13.2694,=20.2455,=24.9360,=31.0997,=62.1875,=3.1630,=0.0648,=2.5281,=3.3997,=3.8569,=5.3119,=9.6099,=3.2184,=0.0339,=2.7843,=3.8096,=4.4353,=6.3285,=10.5654,=0.0085,=0.8192,=0.0018,=0.0032,=0.0061,=0.0084,=0.0114,=0.0703,=0.1406,=0.0708,=57
="399365",国证粮食,2009-11-04,=-0.0382,=11765.0400,=-0.1316,=22.4965,=0.3021,=13.3311,=20.2221,=26.7501,=35.2364,=54.5886,=1.9920,=0.1542,=1.6393,=2.0550,=4.0842,=6.4747,=11.3501,=0.8049,=0.2098,=0.5961,=0.8004,=3.1244,=4.6104,=8.7065,=0.0203,=0.7477,=0.0080,=0.0130,=0.0163,=0.0211,=0.0308,=0.0476,=0.0838,=0.0471,=92
="HSTECH",恒生科技指数,2020-07-01,=-0.0062,=4291.3400,=-0.2220,=22.4985,=0.2703,=14.7293,=21.8446,=25.6146,=41.8453,=73.7725,=2.3141,=0.1507,=1.7280,=2.3867,=2.7616,=3.7042,=8.3408,=1.4966,=0.0245,=1.2545,=1.6992,=2.0134,=3.1137,=6.6932,=0.0126,=0.9722,=0.0010,=0.0021,=0.0061,=0.0110,=0.0135,,=0.1207,=0.0688,=7489
="000932",中证消费,2009-07-03,=-0.0057,=12253.3500,=-0.1964,=22.7749,=0.2053,=18.2526,=22.5837,=29.2748,=38.6663,=67.7039,=3.3760,=0.0153,=3.0877,=4.2722,=5.3620,=7.0320,=11.1990,=2.6566,=0.0433,=2.0221,=2.9557,=3.5969,=4.6842,=7.7724,=0.0400,=0.9798,=0.0082,=0.0130,=0.0175,=0.0298,=0.0448,=0.0815,=0.1726,=0.1107,=12556
="000963",中证下游,2010-04-16,=-0.0061,=4957.5200,=-0.1319,=22.8011,=0.2935,=17.2626,=22.2745,=25.2054,=33.1012,=51.0836,=2.1826,=0.0091,=2.0766,=2.5631,=3.0486,=3.4358,=5.6334,=1.4493,=0.0614,=1.2209,=1.6034,=1.7536,=2.0795,=3.4797,=0.0293,=0.9740,=0.0087,=0.0135,=0.0162,=0.0265,=0.0315,=0.0518,=0.0958,=0.0598,=32
="399702",深证F120,2010-05-10,=-0.0087,=7058.1500,=-0.0683,=22.9482,=0.8331,=12.6034,=17.7484,=20.7912,=22.7071,=28.8861,=2.1078,=0.3178,=1.5963,=1.9896,=2.2126,=2.6272,=3.5867,=1.3411,=0.5260,=0.8721,=1.1406,=1.3247,=1.5883,=2.2308,=0.0229,=0.7762,=0.0114,=0.0165,=0.0194,=0.0232,=0.0299,=0.0541,=0.0726,=0.0466,=1428
="931484",CS医药创新,2020-05-06,=-0.0054,=1327.6400,=-0.0843,=22.9515,=0.1481,=18.2098,=23.8463,=27.3520,=43.3669,=86.1757,=4.1389,=0.0815,=3.3236,=4.5027,=5.3496,=11.2226,=17.5605,=5.1731,=0.1184,=3.7485,=5.4383,=6.3385,=11.2381,=20.8272,=0.0162,=0.7697,=0.0021,=0.0045,=0.0137,=0.0166,=0.0269,=0.0982,=0.1752,=0.0927,=412
="930901",动漫游戏,2016-10-18,=-0.0064,=1575.8000,=-0.2556,=23.0540,=0.0568,=17.2478,=29.1393,=41.6568,=251.5038,=4647.5377,=2.9238,=0.5012,=1.7335,=2.3070,=2.9223,=4.0475,=7.9690,=3.7587,=0.1174,=2.8663,=4.1271,=4.9546,=6.7948,=10.0355,=0.0199,=0.9444,=0.0031,=0.0055,=0.0088,=0.0151,=0.0282,=0.0811,=0.1150,=0.0771,=896
="399266",创新能源,2022-09-29,=-0.0125,=2934.7900,=-0.1717,=23.3535,=0.2763,=16.2861,=20.9737,=27.2344,=33.1131,=48.5339,=3.5713,=0.3316,=2.6837,=3.2409,=3.9527,=4.9303,=6.9087,=2.4292,=0.3629,=1.5028,=1.9570,=2.5933,=3.4780,=4.6740,=0.0169,=0.8175,=0.0024,=0.0067,=0.0125,=0.0167,=0.0211,=0.0806,=0.1508,=0.0745,=8
="HSIII",恒生互联网科技业指数,2020-07-20,=-0.0009,=2063.9100,=-0.2971,=23.3852,=0.2670,=12.6629,=22.1514,=34.5978,=47.7321,=309808.9839,=2.2797,=0.0699,=1.7026,=2.5368,=3.6490,=6.1191,=8.5704,=1.7769,=0.0744,=1.1940,=1.9780,=2.4049,=3.5799,=5.1261,=0.0104,=0.8452,=0.0015,=0.0029,=0.0054,=0.0099,=0.0133,,=0.1196,=0.0690,=2057
="H30015",800汽车,2012-12-21,=-0.0098,=7323.9000,=-0.2721,=23.4237,=0.5280,=11.4503,=15.4172,=22.9924,=31.8612,=45.6288,=1.7606,=0.2061,=1.3220,=1.7478,=2.1656,=2.4572,=3.4622,=0.7473,=0.3112,=0.5106,=0.6736,=0.8467,=1.0480,=1.4573,=0.0168,=0.5153,=0.0097,=0.0134,=0.0167,=0.0285,=0.0411,=0.0306,=0.0922,=0.0460,=197
="987008",港股通科技,2021-03-08,,,=-0.2069,=23.7882,=0.1798,=16.3992,=24.0489,=27.0205,=33.5725,=63.8758,=2.4408,=0.0110,=2.3408,=2.9032,=3.3932,=3.9243,=8.4842,=2.0245,=0.0110,=1.9337,=2.5481,=2.9647,=3.8093,=8.7605,=0.0077,=0.8716,=0.0015,=0.0033,=0.0060,=0.0074,=0.0093,=0.0483,=0.1100,=0.0644,=98
="000988",全指工业,2011-08-02,=-0.0125,=3608.9200,=-0.1258,=23.8790,=0.4913,=13.7285,=19.3778,=24.0517,=28.8992,=37.6625,=1.8072,=0.3730,=1.3866,=1.6512,=1.9996,=2.3844,=2.7728,=0.8562,=0.4394,=0.5551,=0.7455,=0.8972,=1.0500,=1.3765,=0.0183,=0.7506,=0.0076,=0.0095,=0.0142,=0.0193,=0.0256,=0.0383,=0.0650,=0.0365,=241
="399850",深证50,2023-10-18,=-0.0108,=8912.3000,=-0.0239,=23.9948,=0.5209,=16.5344,=20.2053,=23.8040,=27.0402,=36.7629,=3.6339,=0.6612,=2.5911,=2.9413,=3.2878,=3.7641,=4.4773,=2.0210,=0.6806,=1.3017,=1.4889,=1.6996,=2.0808,=2.4833,=0.0194,=0.3239,=0.0162,=0.0183,=0.0207,=0.0232,=0.0271,=0.0725,=0.0973,=0.0609,=80
="931574",港股科技,2013-05-21,=-0.0057,=1459.0200,=-0.1689,=24.1072,=0.2775,=16.3025,=22.9127,=26.8179,=42.6632,=59.3282,=2.5329,=0.1999,=1.8790,=2.5329,=2.9384,=3.5654,=8.1693,=1.5524,=0.1095,=1.3201,=1.6685,=1.9635,=2.7909,=5.7490,=0.0115,=0.9301,=0.0011,=0.0031,=0.0072,=0.0100,=0.0126,,=0.1179,=0.0629,=278
="931573",HKC科技,2014-05-21,=-0.0098,=2723.6300,=-0.1600,=24.2830,=0.1972,=18.3272,=24.3259,=28.0282,=39.4289,=82.7075,=2.7023,=0.0820,=2.3269,=2.9502,=3.3175,=4.1414,=10.6583,=1.7902,=0.0989,=1.5041,=1.9583,=2.2811,=3.3000,=8.3359,=0.0105,=0.9951,=0.0015,=0.0040,=0.0066,=0.0088,=0.0111,,=0.1298,=0.0639,=310
="000990",全指消费,2011-08-02,=-0.0063,=10354.6800,=-0.1866,=24.3708,=0.2370,=18.6483,=23.1095,=30.4414,=39.1217,=75.7240,=3.3320,=0.0144,=3.0373,=4.0634,=4.9942,=6.2867,=9.6579,=2.4747,=0.0519,=2.2209,=2.7715,=3.3214,=4.0947,=6.6514,=0.0382,=0.9765,=0.0082,=0.0125,=0.0158,=0.0295,=0.0432,=0.0754,=0.1676,=0.1071,=3869
="1000008",沪深B股,1994-01-10,=-0.0038,=294.8400,=0.1616,=24.4889,=0.6752,=7.0835,=12.9417,=17.5155,=30.7740,=97.5837,=0.8067,=0.3500,=0.6594,=0.7810,=0.8396,=1.0054,=1.4894,=0.5370,=0.6274,=0.3777,=0.4474,=0.5017,=0.5798,=1.1545,=0.0456,=0.8718,=0.0157,=0.0282,=0.0361,=0.0438,=0.1455,,=0.0269,=0.0232,=372
="931403",品牌工程,2020-01-14,=-0.0084,=1984.5500,=0.0052,=24.5143,=0.2406,=18.7149,=24.0907,=28.8599,=43.4216,=69.9724,=3.7185,=0.0656,=3.2380,=4.0081,=4.8815,=7.6577,=10.9810,=2.8948,=0.1707,=2.2604,=2.9341,=3.3388,=4.7657,=7.2001,=0.0230,=0.8578,=0.0056,=0.0085,=0.0155,=0.0222,=0.0278,=0.0855,=0.1433,=0.0828,=125
="931140",医药50,2019-03-20,=-0.0066,=9828.2000,=-0.0440,=24.5147,=0.1138,=20.8651,=25.4880,=28.5373,=42.3412,=67.0844,=3.8140,=0.0676,=3.0998,=4.2011,=4.9353,=7.3689,=10.9696,=4.5161,=0.1523,=3.4950,=4.6140,=5.0992,=7.0337,=12.1248,=0.0175,=0.8109,=0.0046,=0.0078,=0.0108,=0.0173,=0.0237,=0.0849,=0.1515,=0.0835,=1228
="000812",细分机械,2012-04-11,=-0.0162,=6293.5500,=-0.1819,=24.6678,=0.2993,=14.1771,=22.0432,=31.1643,=39.7267,=51.3583,=2.6222,=0.5606,=1.6005,=2.1653,=2.5342,=3.4006,=5.3964,=1.7515,=0.5128,=1.1287,=1.4635,=1.7367,=2.2906,=3.5603,=0.0186,=0.8702,=0.0047,=0.0079,=0.0120,=0.0169,=0.0237,=0.0567,=0.0835,=0.0406,=208
="HSSCNE",恒生港股通新经济指数,2018-01-08,=-0.0033,=3537.2500,=-0.1768,=24.6915,=0.5650,=15.8046,=20.8205,=23.9835,=28.3121,=53.5009,=2.9134,=0.5696,=1.7963,=2.2596,=2.8166,=3.4575,=6.9059,=2.1637,=0.5841,=1.4023,=1.7331,=1.9900,=2.5441,=5.3019,=0.0113,=0.5664,=0.0041,=0.0086,=0.0108,=0.0166,=0.0252,,=0.1278,=0.0726,=205
="000907",中证700,2007-01-15,=-0.0009,=6456.0100,=-0.0026,=24.7432,=0.8487,=13.5964,=17.1394,=19.5530,=24.0550,=30.1680,=1.9610,=0.5890,=1.3201,=1.5883,=1.8281,=2.1904,=2.4753,=1.4049,=0.5862,=0.9663,=1.1767,=1.3274,=1.5773,=1.9854,=0.0191,=0.5882,=0.0115,=0.0140,=0.0175,=0.0227,=0.0321,=0.0457,=0.0692,=0.0443,=268
="000969",300非周,2010-05-28,=-0.0057,=5263.5700,=-0.0116,=24.8052,=0.6908,=15.9839,=20.6623,=22.8140,=26.6038,=38.7203,=2.6493,=0.3133,=2.0789,=2.5003,=2.7926,=3.1883,=4.9189,=1.4593,=0.6756,=0.8921,=1.1600,=1.2975,=1.5787,=2.2463,=0.0206,=0.7415,=0.0089,=0.0140,=0.0170,=0.0211,=0.0277,=0.0536,=0.0964,=0.0534,=90
="931579",东证优势成长,2020-11-09,=0.0059,=8953.2300,=0.1731,=24.9478,=0.6249,=7.9327,=14.3413,=19.3102,=30.3786,=61.0103,=5.4443,=0.7037,=0.9149,=2.6234,=3.4617,=5.9234,=9.3390,=3.8957,=0.8431,=1.1828,=2.0645,=2.4270,=3.6990,=6.0793,=0.0136,=0.4342,=0.0040,=0.0072,=0.0148,=0.0284,=0.0527,=0.1274,=0.1983,=0.0660,=160
="931230",汽车零部件,2013-07-15,=-0.0134,=942.9300,=-0.2706,=24.9485,=0.2929,=18.5338,=23.9551,=26.6072,=30.3764,=34.9965,=2.5408,=0.3610,=1.8462,=2.3024,=2.6340,=3.1492,=3.7531,=1.6065,=0.3420,=1.1819,=1.4690,=1.6772,=1.9985,=2.3775,=0.0160,=0.8270,=0.0115,=0.0128,=0.0143,=0.0158,=0.0198,=0.0479,=0.1141,=0.0560,=56
="399326",成长40,2006-01-24,=-0.0062,=7066.8700,=0.1099,=25.0995,=0.3331,=11.4413,=22.5069,=27.5963,=33.2868,=67.8360,=5.3979,=0.6509,=2.3502,=3.7081,=4.7250,=6.5226,=10.3842,=3.0106,=0.4654,=1.6605,=2.3239,=3.0614,=3.9346,=5.1844,=0.0135,=0.8046,=0.0046,=0.0073,=0.0096,=0.0135,=0.0218,=0.1406,=0.2161,=0.0931,=275
="931746",储能产业,2015-06-11,=-0.0167,=2756.7200,=-0.2545,=25.1084,=0.3241,=12.7536,=19.8523,=31.6438,=41.0945,=70.6293,=2.7159,=0.1811,=2.2823,=2.7493,=3.3623,=4.9897,=8.8670,=1.7900,=0.4159,=1.1513,=1.5049,=2.0286,=3.1167,=6.6557,=0.0154,=0.7149,=0.0020,=0.0044,=0.0129,=0.0168,=0.0220,=0.0527,=0.0831,=0.0351,=163
="399330",深证100,2006-01-24,=-0.0108,=5694.2200,=-0.0212,=25.1630,=0.6966,=14.9910,=20.3737,=22.8832,=27.7261,=38.9547,=2.8718,=0.4138,=1.9919,=2.4968,=2.9491,=3.5438,=5.5535,=2.0070,=0.3739,=1.3434,=1.7250,=2.0994,=2.4349,=4.0791,=0.0185,=0.7490,=0.0077,=0.0126,=0.0154,=0.0194,=0.0273,=0.0628,=0.0897,=0.0527,=2350
="HSSI",恒生综合小型股指数,2001-10-03,=-0.0099,=1271.8800,=-0.1901,=25.4404,=0.7684,=7.3220,=11.0801,=16.3973,=26.2458,=83.7574,=1.0170,=0.5713,=0.5652,=0.7236,=0.9693,=1.1648,=1.4185,=0.6494,=0.4189,=0.3459,=0.4531,=0.6854,=0.9160,=1.2872,=0.0285,=0.4132,=0.0167,=0.0231,=0.0304,=0.0353,=0.0478,,,=0.0326,=126
="931008",汽车指数,2013-07-15,=-0.0166,=8105.9700,=-0.3232,=25.4747,=0.4711,=12.0130,=17.5690,=26.1120,=36.0538,=55.3660,=1.8296,=0.2669,=1.1809,=1.5500,=2.2079,=2.4487,=3.4286,=0.7656,=0.3623,=0.4315,=0.5562,=0.8984,=1.0493,=1.4087,=0.0170,=0.5950,=0.0059,=0.0123,=0.0163,=0.0274,=0.0426,=0.0306,=0.0829,=0.0424,=496
=".INX",标普500,1957-03-04,=-0.0048,=7619.9800,=0.1131,=25.7211,=0.5946,=15.6907,=21.8435,=24.3793,=28.6972,=42.9883,=5.5153,=0.9506,=2.4601,=3.2652,=4.0155,=4.8747,=5.7725,=3.5518,=0.9646,=1.5801,=2.1140,=2.4285,=3.0664,=3.6930,=0.0106,=0.0749,=0.0097,=0.0120,=0.0158,=0.0191,=0.0253,,,=0.0949,=9700
="399806",环境治理,2014-07-21,=-0.0120,=1250.6400,=-0.0983,=25.7572,=0.2770,=17.0172,=24.3835,=29.0361,=35.1966,=49.3304,=1.6110,=0.2127,=1.1727,=1.6033,=1.7620,=2.1721,=4.4901,=1.7398,=0.1414,=1.3064,=1.8246,=2.0648,=2.5873,=5.7591,=0.0182,=0.9435,=0.0037,=0.0085,=0.0106,=0.0156,=0.0215,=0.0362,=0.0536,=0.0352,=854
="399374",中盘成长,2010-01-04,=0.0075,=4985.1400,=0.0905,=25.7994,=0.6583,=12.0664,=16.7038,=22.9706,=27.5292,=34.9289,=3.7676,=0.8821,=1.8942,=2.4100,=3.1270,=3.6321,=4.6865,=2.4421,=0.7626,=0.9013,=1.6610,=2.2047,=2.4802,=3.0491,=0.0131,=0.4027,=0.0084,=0.0109,=0.0145,=0.0210,=0.0349,=0.0845,=0.1248,=0.0613,=205
="931733",绿色能源,2021-08-19,=-0.0152,=4225.4800,=-0.1923,=26.0083,=0.3694,=12.7308,=19.3169,=32.0569,=41.1986,=65.3510,=2.7715,=0.1814,=2.3311,=2.8007,=3.4818,=5.3029,=8.0150,=1.8705,=0.2360,=1.3651,=1.8065,=2.2700,=4.1619,=7.5185,=0.0179,=0.6721,=0.0043,=0.0070,=0.0150,=0.0213,=0.0259,=0.0551,=0.0932,=0.0408,=32
="HSSCITI",恒生港股通科技主题指数,2023-07-01,=-0.0036,=2329.3300,=-0.2008,=26.0785,=0.7141,=15.2810,=21.3875,=23.7560,=26.8621,=33.8690,=2.6242,=0.1499,=2.1914,=2.6785,=2.9104,=3.3914,=4.1810,=2.2462,=0.5870,=1.5305,=1.8520,=2.1346,=2.7011,=3.5648,=0.0092,=0.8183,=0.0061,=0.0075,=0.0085,=0.0091,=0.0106,,=0.1204,=0.0697,=88
="HSSCT",恒生港股通中国科技指数,2020-02-01,=-0.0045,=5898.1600,=-0.2137,=26.1671,=0.6268,=15.0039,=21.9752,=24.7044,=31.6659,=55.7647,=2.6234,=0.1918,=1.8368,=2.6287,=3.0043,=4.6123,=8.0840,=2.2636,=0.4608,=1.1354,=1.8460,=2.3150,=3.1832,=6.0217,=0.0092,=0.8388,=0.0020,=0.0040,=0.0071,=0.0089,=0.0108,,=0.1201,=0.0695,=101
="399698",优势成长,2017-06-15,=-0.0231,=48485.8500,=-0.0699,=26.1825,=0.6398,=14.2338,=18.2830,=23.3490,=35.4160,=66.5130,=1.4107,=0.0863,=1.2178,=1.4819,=1.8939,=2.2886,=2.9395,=2.2847,=0.7439,=0.6634,=1.0705,=1.7297,=2.5688,=4.7303,=0.0290,=0.9844,=0.0069,=0.0108,=0.0160,=0.0213,=0.0303,=0.0360,=0.0690,=0.0308,=42
="931187",科技100,2019-05-30,=-0.0035,=4694,=0.0173,=26.8516,=0.5260,=18.1467,=22.2257,=26.3619,=34.9186,=49.5031,=3.5215,=0.5598,=2.3703,=2.7978,=3.3803,=4.2454,=5.4633,=2.4023,=0.6433,=1.2579,=1.6417,=2.0823,=2.7134,=4.1304,=0.0139,=0.7861,=0.0052,=0.0083,=0.0119,=0.0140,=0.0184,=0.0693,=0.0911,=0.0562,=860
="930614",环保50,2015-04-07,=-0.0076,=1914.9100,=-0.1661,=26.9610,=0.5095,=13.7595,=20.5125,=26.8092,=35.1194,=50.3864,=2.4836,=0.2976,=1.9059,=2.3842,=2.8792,=3.6683,=6.0727,=2.5212,=0.3805,=1.6847,=2.2438,=2.8637,=3.3746,=6.6309,=0.0201,=0.8017,=0.0061,=0.0100,=0.0160,=0.0201,=0.0258,=0.0463,=0.0831,=0.0419,=211
="000977",内地低碳,2011-01-21,=-0.0133,=1742.9300,=-0.1639,=26.9610,=0.5045,=13.7595,=20.8967,=26.8139,=35.4182,=50.3864,=2.4836,=0.2980,=1.9264,=2.3844,=2.8659,=3.6471,=6.0727,=2.5212,=0.3924,=1.6847,=2.2202,=2.8061,=3.3634,=6.7765,=0.0201,=0.8343,=0.0061,=0.0100,=0.0159,=0.0194,=0.0258,=0.0463,=0.0823,=0.0416,=397
="399005",中小板指,2006-01-24,=-0.0046,=8221.6400,=-0.0051,=27.0087,=0.4452,=16.1163,=23.0542,=28.4376,=33.6720,=44.0181,=2.8870,=0.2424,=2.0289,=2.7421,=3.3986,=4.3010,=5.3697,=1.9838,=0.2906,=1.3510,=1.8219,=2.3178,=3.2751,=4.1546,=0.0138,=0.7045,=0.0068,=0.0090,=0.0112,=0.0163,=0.0219,=0.0582,=0.0988,=0.0526,=3256
="H30192",食品,2013-07-15,=-0.0154,=5112.8700,=-0.0976,=27.4509,=0.1157,=20.6226,=29.6135,=33.1664,=39.0925,=57.5971,=2.5392,=0.0284,=2.3545,=2.9393,=4.5188,=5.7707,=10.5214,=1.4733,=0.0487,=1.2567,=1.6339,=2.3233,=2.8882,=4.8526,=0.0261,=0.8907,=0.0092,=0.0146,=0.0193,=0.0243,=0.0308,=0.0542,=0.0826,=0.0545,=38
="000857",500医药,2013-11-06,=-0.0081,=9872.7700,=-0.0374,=27.5617,=0.3932,=16.5096,=22.8937,=29.7966,=37.1364,=66.9361,=2.7564,=0.4287,=1.9620,=2.4653,=2.8347,=3.4754,=5.0991,=2.5681,=0.7065,=1.3156,=1.7598,=2.1310,=2.7418,=4.5555,=0.0170,=0.7939,=0.0055,=0.0092,=0.0133,=0.0172,=0.0234,=0.0621,=0.0879,=0.0528,=737
="930598",稀土产业,2015-03-02,=-0.0016,=2509.0300,=-0.1061,=27.6319,=0.1463,=21.1133,=29.0675,=39.0920,=67.9433,=235.0768,=2.7574,=0.6781,=1.4810,=1.9699,=2.3149,=3.0438,=4.3047,=1.3089,=0.6220,=0.6656,=0.9718,=1.1869,=1.6337,=2.1457,=0.0135,=1,=0.0025,=0.0048,=0.0069,=0.0095,=0.0135,=0.0742,=0.0883,=0.0460,=754
="399412",国证新能,2014-05-16,=-0.0167,=2347.1500,=-0.2072,=27.7266,=0.5437,=13.6858,=20.0843,=25.8046,=40.0619,=66.6027,=2.5072,=0.3293,=1.6349,=2.2652,=2.7192,=3.9698,=7.3016,=1.6335,=0.5148,=0.7993,=1.1878,=1.5871,=2.5873,=5.3757,=0.0156,=0.5387,=0.0032,=0.0058,=0.0151,=0.0184,=0.0274,=0.0454,=0.0862,=0.0441,=365
="931487",SHS人工智能50,2020-05-06,=0.0005,=1893.8200,=-0.1401,=27.7984,=0.3104,=18.6614,=25.7724,=31.7645,=36.9677,=66.0883,=4.5958,=0.4600,=3.0781,=4.0614,=4.6797,=6.2202,=10.5947,=5.3151,=0.5320,=3.3555,=4.5169,=5.2202,=6.7778,=9.5096,=0.0062,=0.6021,=0.0019,=0.0035,=0.0058,=0.0075,=0.0094,,=0.1427,=0.0771,=85
="399008",中小300,2010-03-22,=-0.0053,=1606.5900,=-0.0291,=27.9211,=0.3199,=17.8364,=25.4661,=30.3132,=34.8306,=43.8495,=2.6504,=0.2547,=1.7846,=2.4620,=2.9585,=3.7588,=4.4307,=1.8009,=0.2815,=1.1664,=1.6529,=2.0374,=2.7650,=3.6888,=0.0137,=0.7391,=0.0063,=0.0086,=0.0116,=0.0151,=0.0216,=0.0536,=0.0868,=0.0468,=508
="399440",国证钢铁,2014-12-30,=-0.0059,=1163.4900,=-0.2168,=27.9759,=0.6974,=5.7530,=9.0864,=18.4279,=35.9433,=695.2734,=0.9224,=0.2312,=0.7172,=0.9156,=1.0314,=1.3154,=2.0509,=0.4657,=0.5330,=0.3277,=0.3893,=0.4568,=0.6030,=1.3827,=0.0270,=0.4913,=0.0018,=0.0185,=0.0272,=0.0419,=0.0569,=0.0158,=0.0382,=0.0214,=472
="399376",小盘成长,2010-01-04,=-0.0020,=6341.4100,=-0.0016,=28.1053,=0.6381,=14.4007,=20.2318,=25.6041,=32.2527,=60.1410,=3.0755,=0.7688,=1.6246,=2.0607,=2.3697,=3.1433,=3.8828,=1.7780,=0.7288,=0.7224,=1.0640,=1.2047,=1.9258,=3.3081,=0.0140,=0.5837,=0.0062,=0.0108,=0.0132,=0.0171,=0.0246,=0.0613,=0.1002,=0.0502,=290
="931524",SHS科技龙头,2020-07-16,=-0.0015,=2587.5700,=-0.0373,=28.2146,=0.6164,=18.9033,=23.5329,=26.8844,=34.1925,=59.9125,=3.4912,=0.3432,=2.7731,=3.3020,=3.6809,=5.1115,=9.0190,=2.6553,=0.5324,=1.6886,=2.2638,=2.5844,=4.1907,=7.2475,=0.0088,=0.5876,=0.0027,=0.0048,=0.0086,=0.0100,=0.0124,=0.0645,=0.1239,=0.0664,=232
="931456",中国教育,2020-04-21,=-0.0110,=1034.2403,=-0.1463,=28.2300,=0.0012,=27.9628,=54.3094,=90.9441,=-138.9161,=28609.2511,=2.6632,=0.3397,=1.5831,=2.4507,=2.9260,=3.7646,=9.7545,=2.5765,=0.1447,=1.7011,=2.7081,=3.3326,=4.6398,=11.2012,=0.0090,=0.6887,=0.0035,=0.0060,=0.0082,=0.0098,=0.0209,,=0.0751,=0.0433,=180
="000936",中证电信,2009-07-03,=-0.0046,=12087.1200,=0.2160,=28.2463,=0.5602,=14.1836,=20.2178,=26.5947,=41.2993,=123.1725,=2.7002,=0.7152,=1.2149,=1.7612,=2.3413,=2.7951,=3.6232,=2.6030,=0.9670,=0.7463,=1.0379,=1.2780,=1.8466,=3.0800,=0.0216,=0.5960,=0.0019,=0.0063,=0.0097,=0.0319,=0.0507,=0.0572,=0.0913,=0.0557,=343
="399007",深证300,2009-11-04,=-0.0075,=5583.3800,=-0.0178,=28.3405,=0.7589,=15.3833,=21.4145,=25.0050,=28.9034,=36.7371,=2.8001,=0.4959,=1.8298,=2.3539,=2.8042,=3.2279,=4.4351,=1.9638,=0.4683,=1.2839,=1.6547,=2.0005,=2.3681,=3.3177,=0.0162,=0.7341,=0.0081,=0.0118,=0.0140,=0.0174,=0.0252,=0.0578,=0.0779,=0.0468,=582
="000009",上证380,2010-11-29,=-0.0014,=6704.8300,=0.0177,=28.4121,=0.8706,=11.6192,=14.6240,=18.0453,=25.1602,=39.7002,=2.1393,=0.7086,=1.2909,=1.6341,=1.9526,=2.3380,=2.7777,=1.3907,=0.7589,=0.7850,=0.9356,=1.0816,=1.4803,=1.8994,=0.0166,=0.3100,=0.0086,=0.0154,=0.0183,=0.0251,=0.0358,=0.0419,=0.0662,=0.0414,=866
="931798",光伏龙头30,2009-06-16,=-0.0030,=1692.8800,=-0.1866,=28.5656,=0.6175,=8.0886,=17.2411,=24.1379,=37.3125,=66.5518,=1.9758,=0.1492,=1.6869,=2.0275,=2.4212,=4.5878,=8.3847,=2.1380,=0.6434,=0.9999,=1.3535,=1.7269,=3.0761,=5.7040,=0.0123,=0.5692,=0.0027,=0.0059,=0.0112,=0.0206,=0.0351,=0.0348,=0.0745,=0.0451,=204
="000827",中证环保,2012-09-25,=-0.0093,=1586.0100,=-0.1489,=28.5861,=0.5124,=14.0379,=21.0113,=28.2545,=35.5499,=50.6551,=2.4143,=0.3553,=1.7878,=2.2200,=2.7783,=3.3836,=5.4589,=2.4473,=0.4151,=1.6068,=2.0649,=2.7052,=3.2326,=6.2202,=0.0187,=0.7638,=0.0061,=0.0097,=0.0150,=0.0192,=0.0249,=0.0444,=0.0761,=0.0386,=6280
="000994",全指电信,2011-08-02,=-0.0049,=13324.0600,=0.1963,=28.6465,=0.3965,=17.6024,=21.7761,=33.4795,=52.5075,=109.2407,=2.7654,=0.6451,=1.3865,=1.8410,=2.5292,=3.0130,=3.7766,=2.6086,=0.9600,=0.9155,=1.2459,=1.5537,=1.9082,=3.1271,=0.0210,=0.6183,=0.0022,=0.0055,=0.0085,=0.0296,=0.0398,=0.0579,=0.0895,=0.0556,=235
="H11054",装备产业,2009-07-22,=-0.0122,=2510.1400,=-0.1371,=28.7067,=0.4116,=15.6342,=24.8009,=31.8836,=38.3431,=58.0282,=2.6256,=0.4968,=1.6944,=2.1324,=2.6340,=3.3039,=5.1308,=1.8142,=0.4443,=1.2119,=1.4905,=1.8895,=2.3372,=3.6241,=0.0155,=0.8448,=0.0051,=0.0080,=0.0116,=0.0146,=0.0207,=0.0495,=0.0859,=0.0412,=49
="399612",中创100,2011-02-28,=-0.0103,=2743.3800,=-0.0062,=28.7142,=0.3549,=18.0203,=24.5371,=31.0744,=39.8478,=52.6199,=3.9779,=0.3776,=2.5576,=3.3599,=4.1873,=5.0805,=7.4671,=2.6078,=0.2960,=1.6155,=2.2648,=2.9836,=3.8442,=5.8630,=0.0124,=0.7292,=0.0050,=0.0075,=0.0099,=0.0137,=0.0203,=0.0768,=0.1210,=0.0621,=158
="000037",上证医药,2009-01-09,=-0.0075,=6129.8100,=-0.0323,=29.3673,=0.1010,=21.0843,=31.3113,=34.3682,=41.6974,=61.3894,=3.3211,=0.1941,=2.7278,=3.3327,=3.8389,=4.6066,=7.3155,=2.3749,=0.5280,=1.5724,=2.0207,=2.3506,=2.7937,=4.1395,=0.0127,=0.9386,=0.0048,=0.0076,=0.0100,=0.0117,=0.0146,=0.0648,=0.1036,=0.0607,=2076
="399001",深证成指,1995-01-23,=-0.0072,=13287.9700,=-0.0175,=29.5523,=0.7498,=15.9054,=22.8547,=26.5149,=30.5857,=38.7817,=2.7059,=0.4860,=1.7472,=2.2797,=2.7203,=3.2166,=4.0402,=1.9141,=0.5016,=1.2229,=1.6063,=1.9124,=2.3630,=2.9683,=0.0157,=0.7374,=0.0084,=0.0109,=0.0137,=0.0166,=0.0245,=0.0547,=0.0747,=0.0445,=3758
="399989",中证医疗,2014-10-31,=-0.0040,=6572.1900,=-0.0278,=29.5920,=0.1913,=22.9032,=29.6486,=37.4641,=59.5420,=114.3753,=3.4398,=0.1187,=2.8553,=3.6599,=5.4248,=8.1687,=13.4814,=5.4682,=0.1570,=4.3528,=5.5814,=6.5138,=9.4594,=17.4163,=0.0129,=0.6880,=0.0025,=0.0042,=0.0058,=0.0145,=0.0225,=0.0644,=0.1137,=0.0640,=8620
="000933",中证医药,2009-07-03,=-0.0079,=7647.0700,=-0.0548,=29.6135,=0.3376,=22.6651,=27.9022,=32.1981,=36.3061,=63.0472,=2.9927,=0.1129,=2.5059,=3.1625,=3.9555,=4.6027,=7.0232,=2.6470,=0.2918,=1.9281,=2.5100,=2.9901,=3.4829,=5.1631,=0.0168,=0.8887,=0.0055,=0.0079,=0.0098,=0.0155,=0.0226,=0.0647,=0.0926,=0.0614,=7220
="931235",中证电信,2022-07-21,=-0.0057,=2931.6400,=0.0811,=29.6374,=0.8839,=15.5242,=18.8379,=21.7021,=26.8956,=36.3009,=2.8362,=0.9177,=0.8741,=1.6442,=1.9521,=2.3936,=3.4857,=2.6422,=0.9147,=0.6427,=1.4226,=1.7335,=2.2098,=3.2153,=0.0202,=0.1399,=0.0135,=0.0239,=0.0301,=0.0335,=0.0573,=0.0568,=0.0917,=0.0560,=66
="399814",大农业,2014-07-22,=-0.0111,=1039.4900,=-0.1331,=29.6988,=0.5758,=17.8693,=23.4731,=28.0212,=32.4891,=111.7688,=2.6893,=0.0371,=2.4368,=2.9074,=3.2420,=4.3740,=6.4483,=1.4894,=0.1855,=1.2031,=1.4981,=1.7972,=2.3352,=3.7145,=0.0239,=0.8747,=0.0100,=0.0141,=0.0173,=0.0230,=0.0287,=0.0403,=0.1209,=0.0736,=780
="1000005",上海非金融A股,1994-01-01,,,,=29.7392,=0.7976,=15.3520,=20.3290,=23.4558,=29.7863,=34.6296,=2.1743,=0.6575,=1.5456,=1.8178,=2.0436,=2.2643,=2.5831,=1.3218,=0.9275,=0.7548,=0.9329,=1.0759,=1.2158,=1.4804,=0.0193,=0.4650,=0.0107,=0.0150,=0.0197,=0.0236,=0.0293,=0.0433,=0.0661,=0.0407,=189
="930771",CS新能源,2015-12-16,=-0.0015,=2271.6800,=-0.1561,=29.7865,=0.3384,=11.2377,=23.3614,=34.4341,=44.8838,=62.8342,=2.3343,=0.3189,=1.7615,=2.1662,=2.8401,=3.8836,=7.2156,=1.9724,=0.3839,=1.2791,=1.6731,=2.2175,=3.0575,=6.6822,=0.0151,=0.7887,=0.0028,=0.0058,=0.0095,=0.0154,=0.0247,=0.0456,=0.0668,=0.0343,=36
="399808",中证新能,2015-02-10,=-0.0106,=2233.6700,=-0.2065,=29.7865,=0.3281,=11.2377,=23.4990,=35.3435,=45.4329,=62.8342,=2.3343,=0.3092,=1.7615,=2.1712,=2.8887,=3.8504,=7.2277,=1.9724,=0.3623,=1.2791,=1.6778,=2.2338,=3.0254,=6.6822,=0.0151,=0.7947,=0.0029,=0.0058,=0.0092,=0.0152,=0.0247,=0.0456,=0.0668,=0.0343,=1329
="H30597",新材料,2015-02-13,=0.0002,=4317.8700,=0.0409,=29.7878,=0.4308,=14.0729,=21.7626,=33.1363,=43.4775,=70.6085,=3.4351,=0.3817,=2.1817,=2.8826,=3.6630,=5.2685,=8.9168,=2.2808,=0.3104,=1.2938,=2.0086,=2.7210,=3.7927,=7.1680,=0.0146,=0.8034,=0.0037,=0.0060,=0.0109,=0.0146,=0.0237,=0.0670,=0.0908,=0.0430,=324
="930648",CS智消费,2015-06-05,=-0.0028,=3632.7500,=-0.0080,=29.8482,=0.7444,=15.4538,=22.2568,=25.2412,=32.5135,=51.6043,=3.7263,=0.7259,=2.1406,=2.8085,=3.2135,=4.0473,=5.4486,=1.7000,=0.6727,=0.8328,=1.2867,=1.5145,=1.8632,=2.9491,=0.0142,=0.3471,=0.0074,=0.0121,=0.0152,=0.0173,=0.0216,=0.0606,=0.1077,=0.0539,=32
="000991",全指医药,2011-08-02,=-0.0072,=8286.4500,=-0.0495,=30.0272,=0.2461,=23.5983,=29.4135,=33.8380,=39.2204,=73.5923,=2.8799,=0.0412,=2.5957,=3.1663,=3.7355,=4.5158,=6.5650,=2.7170,=0.2671,=2.0200,=2.6563,=2.9889,=3.6803,=5.9103,=0.0167,=0.9262,=0.0056,=0.0073,=0.0097,=0.0149,=0.0212,=0.0608,=0.0907,=0.0575,=8002
="HSHCI",恒生医疗保健指数,2015-08-17,=-0.0127,=3688.2500,=0.0073,=30.0852,=0.4072,=15.9973,=23.4269,=33.4256,=116.8549,=143059.6617,=2.7559,=0.5412,=1.4805,=2.2594,=2.6790,=3.4864,=7.0432,=1.7622,=0.7574,=0.8149,=1.0324,=1.3221,=1.8605,=3.5391,=0.0123,=0.6119,=0.0038,=0.0082,=0.0113,=0.0147,=0.0248,,=0.0980,=0.0541,=1753
="930712",CS物联网,2015-07-31,=-0.0029,=4363.6800,=0.0463,=30.1114,=0.3805,=21.9217,=27.4652,=32.2413,=37.1004,=50.1215,=4.5007,=0.6661,=2.7515,=3.4472,=4.0809,=4.9792,=7.1882,=2.3599,=0.7498,=1.2084,=1.7388,=2.0108,=2.5506,=3.5102,=0.0137,=0.7795,=0.0070,=0.0089,=0.0114,=0.0139,=0.0190,=0.0871,=0.1340,=0.0721,=169
="931994",电网设备主题,2022-10-11,=-0.0044,=2749.0800,=0.0896,=30.1602,=0.8044,=15.6741,=20.2589,=23.2316,=29.9721,=44.9431,=2.9377,=0.8107,=1.9713,=2.2969,=2.4754,=2.8877,=4.2080,=1.9774,=0.8285,=1.2895,=1.4809,=1.6196,=1.8759,=2.7882,=0.0122,=0.3285,=0.0088,=0.0111,=0.0133,=0.0164,=0.0189,=0.0513,=0.0975,=0.0508,=316
="000171",新兴成指,2017-01-25,=0.0007,=2112.8600,=0.1451,=30.1622,=0.6625,=15.0335,=20.4122,=24.9856,=36.1490,=63.8139,=4.7167,=0.5805,=2.6324,=3.2992,=4.3727,=6.2643,=10.8185,=4.0987,=0.7360,=1.3680,=2.1234,=2.8073,=4.4497,=8.5894,=0.0131,=0.5293,=0.0042,=0.0073,=0.0126,=0.0195,=0.0271,=0.0954,=0.1371,=0.0669,=208
="399996",智能家居,2014-09-17,=-0.0003,=4705.7600,=0.0236,=30.3512,=0.6356,=17.5405,=23.3761,=27.7593,=33.7543,=47.8369,=4.0664,=0.7745,=2.2523,=2.8549,=3.4660,=4.1137,=5.3919,=2.0711,=0.7754,=1.0942,=1.4673,=1.7631,=2.1096,=2.7965,=0.0148,=0.5919,=0.0087,=0.0108,=0.0142,=0.0175,=0.0235,=0.0682,=0.1118,=0.0573,=212
="000978",医药100,2011-03-18,=-0.0063,=9411.1600,=-0.0975,=30.4151,=0.3030,=23.7467,=28.9111,=33.5854,=37.6406,=66.4077,=2.9581,=0.0408,=2.6475,=3.2271,=4.1547,=5.0232,=7.8052,=2.7796,=0.2741,=2.0946,=2.6763,=3.1069,=3.6588,=5.9820,=0.0164,=0.9163,=0.0050,=0.0072,=0.0095,=0.0150,=0.0209,=0.0617,=0.0911,=0.0594,=4731
="HSSSHID",恒生沪深港创新药精选50指数,2020-03-01,=-0.0097,=8461.4900,=0.1286,=30.4832,=0.2379,=23.4861,=29.6494,=35.4382,=51.4374,=94.0285,=4.0392,=0.5936,=2.0729,=2.8215,=3.7678,=6.3080,=8.4497,=5.7958,=0.7500,=1.3432,=1.9040,=3.7564,=6.0027,=8.1459,=0.0091,=0.5405,=0.0033,=0.0050,=0.0087,=0.0120,=0.0157,=0.0807,=0.1198,=0.0708,=295
="930721",CS智汽车,2015-08-05,=-0.0111,=4380.4600,=-0.2426,=30.5470,=0.0382,=27.2408,=33.7250,=39.3142,=48.7624,=67.2850,=2.9189,=0.0524,=2.5208,=3.2733,=3.7979,=5.3342,=7.3638,=1.1414,=0,=1.1414,=1.4793,=1.8293,=2.6197,=3.8976,=0.0082,=0.6434,=0.0040,=0.0056,=0.0071,=0.0093,=0.0155,=0.0349,=0.1014,=0.0429,=492
="399088",深创100,2020-02-18,=-0.0101,=4965.1100,=-0.0164,=30.6800,=0.5856,=15.3025,=22.0883,=27.4075,=38.5082,=56.8187,=4.5179,=0.5863,=2.2889,=3.3267,=4.1262,=5.3785,=6.8856,=3.0246,=0.6192,=1.4223,=1.9873,=2.5422,=3.7436,=5.1281,=0.0110,=0.3208,=0.0058,=0.0088,=0.0129,=0.0163,=0.0258,=0.0800,=0.1522,=0.0791,=74
="931406",5G 50,2020-02-20,=-0.0012,=2734.4800,=0.2847,=30.6847,=0.6679,=15.2657,=20.6247,=24.1984,=34.6122,=51.5506,=3.4832,=0.6554,=1.5292,=1.9737,=2.6099,=3.8169,=5.3757,=2.3028,=0.9467,=0.9155,=1.4108,=1.5886,=1.9440,=2.9469,=0.0166,=0.4204,=0.0042,=0.0068,=0.0204,=0.0275,=0.0387,=0.0653,=0.1023,=0.0580,=708
="399389",国证通信,2011-12-02,=-0.0040,=10247.1900,=0.2287,=30.7304,=0.3879,=15.1336,=21.7733,=45.8776,=65.1875,=153.7967,=2.8225,=0.7110,=1.3245,=1.8461,=2.4674,=3.0192,=3.8815,=2.6799,=0.9666,=0.9743,=1.4589,=1.6825,=1.9012,=3.2843,=0.0200,=0.6204,=0.0026,=0.0050,=0.0071,=0.0294,=0.0420,=0.0553,=0.0855,=0.0549,=64
="399971",中证传媒,2014-04-15,=-0.0087,=1187.6000,=-0.1933,=30.7821,=0.3116,=18.4593,=27.0874,=34.5754,=43.7669,=90.0483,=2.1700,=0.2312,=1.5359,=2.1284,=2.5410,=3.1988,=5.0469,=2.5583,=0.1542,=1.9674,=2.6227,=3.1452,=4.3922,=6.4818,=0.0200,=0.7815,=0.0038,=0.0092,=0.0131,=0.0206,=0.0294,=0.0458,=0.0602,=0.0413,=6361
="000962",中证中游,2010-04-16,=-0.0031,=5031.6100,=0.0676,=30.7826,=0.8483,=12.7529,=17.3536,=20.1661,=27.2940,=43.3218,=3.1200,=0.9497,=1.5782,=1.9009,=2.2568,=2.6220,=4.0998,=1.5544,=0.9563,=0.6672,=0.8352,=0.9925,=1.1464,=2.0187,=0.0119,=0.2840,=0.0081,=0.0109,=0.0151,=0.0183,=0.0221,=0.0511,=0.0826,=0.0418,=16
="399295",创价值,2019-01-23,=-0.0138,=4609.5200,=-0.1458,=30.8628,=0.3193,=20.8863,=27.0644,=39.3245,=56.4353,=73.8741,=5.9351,=0.5097,=3.7254,=4.6169,=5.9043,=8.9772,=11.5385,=4.1718,=0.3031,=2.5684,=3.5042,=5.3422,=9.0876,=12.8251,=0.0133,=0.7400,=0.0033,=0.0050,=0.0075,=0.0150,=0.0218,=0.0987,=0.1758,=0.0858,=614
="931186",中证科技,2019-05-30,=-0.0016,=7010.5900,=0.0474,=30.9681,=0.2218,=19.1938,=30.4732,=36.2315,=46.2209,=73.9401,=4.2119,=0.4091,=2.6301,=3.6287,=4.5727,=6.3319,=8.1242,=2.5702,=0.3933,=1.4264,=2.1016,=2.7922,=4.5123,=6.0737,=0.0123,=0.7624,=0.0037,=0.0054,=0.0086,=0.0128,=0.0201,=0.0662,=0.1226,=0.0581,=961
="399276",创科技,2020-10-26,=-0.0031,=8254.6000,=0.0186,=31.1349,=0.3553,=20.4624,=26.5296,=37.6446,=56.3133,=84.1667,=5.7185,=0.4549,=3.5855,=4.4460,=5.8669,=8.3979,=12.0896,=4.6048,=0.4527,=2.4145,=3.3905,=4.8402,=8.3585,=12.2359,=0.0121,=0.7085,=0.0023,=0.0035,=0.0091,=0.0160,=0.0221,=0.1025,=0.1724,=0.0811,=12
="399673",创业板50,2014-06-18,=-0.0152,=3374.3800,=-0.0047,=31.2091,=0.2234,=20.6075,=30.6784,=41.8950,=57.2675,=106.7499,=5.8636,=0.6006,=3.1473,=4.3234,=5.2431,=7.5532,=11.7288,=4.4556,=0.2589,=2.6907,=4.1383,=5.4674,=7.7414,=13.3154,=0.0100,=0.8347,=0.0021,=0.0036,=0.0050,=0.0095,=0.0190,=0.1086,=0.1569,=0.0793,=5657
="HSBIO",恒生生物科技指数,2019-12-01,=-0.0135,=15235.2000,=0.0745,=31.4470,=0.2356,=20.8275,=30.6967,=52.4316,=136.0796,=62737.8398,=3.2213,=0.5754,=1.5084,=2.1686,=2.9745,=4.3118,=6.7821,=1.8063,=0.6657,=0.7434,=1.1044,=1.5463,=2.1229,=3.5303,=0.0105,=0.5801,=0.0037,=0.0061,=0.0096,=0.0132,=0.0198,,=0.1070,=0.0655,=694
="931591",1000成长创新,2020-11-09,=-0.0011,=32332.1500,=-0.0122,=31.5848,=0.4631,=18.0900,=24.5603,=32.0420,=35.7239,=40.6167,=3.3400,=0.4715,=2.0923,=3.0149,=3.3939,=4.3483,=5.3788,=3.4885,=0.6502,=1.8413,=2.7518,=3.1243,=3.8251,=5.2879,=0.0110,=0.4905,=0.0063,=0.0087,=0.0110,=0.0139,=0.0216,=0.0658,=0.1062,=0.0605,=152
="000808",医药生物,2012-02-17,=-0.0073,=7883.2600,=-0.0487,=31.6365,=0.3545,=23.4705,=28.3997,=34.5212,=37.8852,=66.3352,=2.9754,=0.0585,=2.6521,=3.2308,=4.1162,=4.9177,=7.9299,=2.7822,=0.2836,=2.0659,=2.6650,=3.0897,=3.5475,=6.2098,=0.0157,=0.8924,=0.0050,=0.0071,=0.0096,=0.0147,=0.0209,=0.0607,=0.0877,=0.0576,=1423
="000913",300医药,2007-07-02,=-0.0082,=7929.0500,=-0.0343,=31.7682,=0.3788,=22.1588,=28.7651,=33.2657,=39.5137,=73.4129,=3.2463,=0.0532,=2.7345,=3.5389,=4.7541,=6.0065,=9.5028,=2.7233,=0.0948,=2.2757,=2.8846,=3.3092,=5.2637,=7.4989,=0.0167,=0.8862,=0.0040,=0.0072,=0.0090,=0.0155,=0.0221,=0.0674,=0.0967,=0.0687,=3434
="399667",创业成长,2013-01-07,=-0.0054,=6109.1000,=0.1054,=31.7864,=0.2605,=21.3636,=29.5830,=38.2806,=51.7989,=90.9628,=6.4036,=0.7218,=2.9224,=4.0916,=4.8759,=7.5404,=10.8589,=4.9141,=0.5750,=2.4713,=3.4035,=4.6758,=6.6029,=10.3001,=0.0094,=0.7786,=0.0027,=0.0042,=0.0064,=0.0096,=0.0182,=0.1116,=0.1635,=0.0819,=103
="399394",国证医药,2012-10-29,=-0.0081,=8032.6600,=-0.0535,=31.8611,=0.3780,=22.8656,=29.2541,=33.9839,=38.5277,=65.8576,=3.1184,=0.0606,=2.7032,=3.3799,=4.4382,=5.3035,=8.6075,=2.8063,=0.2642,=1.9890,=2.7092,=3.1180,=4.5582,=6.5385,=0.0158,=0.8862,=0.0047,=0.0073,=0.0094,=0.0144,=0.0225,=0.0629,=0.0916,=0.0604,=1068
="931590",500成长创新,2020-11-09,=0.0010,=27590.4700,=0.0159,=31.9434,=0.9470,=14.5054,=17.8237,=20.4549,=27.9764,=46.8480,=3.8194,=0.9520,=1.6442,=2.3276,=2.6714,=3.3281,=5.3919,=3.9696,=0.9542,=1.3106,=1.9878,=2.2892,=2.7998,=5.5640,=0.0095,=0.0415,=0.0074,=0.0127,=0.0168,=0.0210,=0.0252,=0.0744,=0.1277,=0.0650,=89
="HSIDI",恒生创新药指数,2023-01-01,=-0.0160,=2494.1900,=-0.0741,=32.4031,=0.0945,=21.3081,=43.9490,=52.7751,=105.1768,=157.2991,=3.1606,=0.6538,=1.7148,=2.1493,=2.7254,=3.8514,=5.1867,=2.8128,=0.6703,=1.5892,=1.8541,=2.3711,=3.3702,=4.4669,=0.0098,=0.3396,=0.0053,=0.0082,=0.0121,=0.0143,=0.0173,=0.0694,=0.1014,=0.0704,=254
="HSSCID",恒生港股通创新药指数,2023-07-01,=-0.0148,=2938.0100,=-0.0711,=32.4031,=0.1093,=20.9262,=38.5349,=44.0807,=60.7341,=216.1774,=3.1606,=0.6366,=1.6870,=2.0456,=2.6305,=4.0387,=5.1867,=2.8128,=0.6226,=1.6002,=1.9089,=2.4763,=3.5003,=4.4669,=0.0098,=0.3659,=0.0053,=0.0077,=0.0121,=0.0150,=0.0187,=0.0694,=0.1014,=0.0690,=127
="000905",中证500,2007-01-15,=-0.0013,=7561.5900,=0.0129,=32.4171,=0.7770,=15.7028,=21.2812,=25.5698,=33.1923,=48.6069,=2.3525,=0.7811,=1.3824,=1.7164,=1.9211,=2.4156,=2.9849,=1.6344,=0.8079,=0.8118,=1.0305,=1.1726,=1.6082,=2.2566,=0.0137,=0.4398,=0.0064,=0.0117,=0.0141,=0.0185,=0.0237,=0.0444,=0.0620,=0.0377,=38530
="000982",500等权,2011-06-13,=-0.0044,=8881.1600,=-0.0161,=32.4171,=0.7725,=15.7028,=21.2829,=25.5698,=33.1948,=48.6069,=2.3525,=0.7811,=1.3824,=1.7163,=1.9217,=2.4156,=2.9849,=1.6344,=0.8087,=0.8118,=1.0305,=1.1726,=1.6070,=2.2566,=0.0137,=0.4114,=0.0064,=0.0119,=0.0143,=0.0184,=0.0237,=0.0444,=0.0620,=0.0377,=33
="399293",创业大盘,2019-04-18,=-0.0123,=6508.1600,=0.0043,=32.5001,=0.3027,=20.6573,=29.6612,=41.0867,=53.9973,=71.9327,=6.0230,=0.4214,=3.4452,=4.7510,=6.2735,=9.1503,=13.4901,=4.3085,=0.2777,=2.8408,=4.0431,=5.6549,=9.8042,=14.8309,=0.0103,=0.7331,=0.0029,=0.0046,=0.0073,=0.0118,=0.0196,=0.1045,=0.1554,=0.0782,=182
="H30463",沪港深500医药,2014-11-28,=-0.0078,=7706.2200,=-0.0079,=32.6667,=0.3265,=23.3470,=31.0222,=35.5659,=42.6572,=94.1690,=3.4773,=0.1874,=2.7545,=3.5108,=4.4058,=5.5958,=10.0878,=3.3819,=0.5545,=1.9470,=2.8257,=3.2973,=4.0323,=9.3489,=0.0129,=0.8375,=0.0038,=0.0069,=0.0089,=0.0124,=0.0194,=0.0704,=0.0989,=0.0669,=42
="000841",800医药,2012-12-21,=-0.0093,=8213.7400,=-0.0173,=32.6982,=0.5284,=21.4494,=28.0346,=32.2183,=37.6093,=58.1462,=3.3224,=0.2650,=2.4193,=3.1867,=3.7551,=4.3436,=6.5122,=4.2127,=0.7609,=1.7815,=2.8895,=3.4449,=4.3337,=6.1565,=0.0162,=0.8957,=0.0064,=0.0084,=0.0102,=0.0140,=0.0210,=0.0669,=0.0871,=0.0593,=590
="930791",CS医药TI,2016-03-22,=-0.0087,=8674.6200,=-0.0632,=32.7939,=0.3380,=23.2364,=30.0855,=35.3114,=40.0886,=70.7414,=2.7552,=0.0491,=2.4395,=3.0126,=3.8113,=4.5615,=6.6660,=2.5439,=0.1735,=2.0598,=2.5729,=2.9342,=3.5017,=5.1130,=0.0161,=0.9204,=0.0054,=0.0072,=0.0098,=0.0145,=0.0204,=0.0543,=0.0784,=0.0518,=200
="399625",中创500,2011-08-15,=-0.0064,=2428.7500,=-0.0032,=32.8306,=0.3454,=20.4615,=28.9847,=35.5277,=40.5866,=52.5750,=3.4687,=0.4584,=2.1192,=2.8827,=3.5400,=4.2723,=5.2507,=2.4810,=0.4110,=1.4713,=2.0764,=2.6087,=3.4097,=4.2320,=0.0115,=0.7469,=0.0057,=0.0072,=0.0094,=0.0124,=0.0196,=0.0609,=0.0951,=0.0504,=165
="399363",云科技,2009-08-03,=0.0026,=11786.2300,=0.2615,=32.9148,=0.0890,=25.0041,=35.9257,=41.4567,=48.6546,=74.9161,=3.9647,=0.2090,=3.0187,=3.9514,=4.6321,=5.5540,=10.4646,=2.6994,=0.4126,=1.6015,=2.2265,=3.0069,=3.6950,=4.3638,=0.0147,=0.9872,=0.0046,=0.0055,=0.0070,=0.0104,=0.0160,=0.0735,=0.1037,=0.0278,=289
="000814",细分医药,2012-04-11,=-0.0090,=8183.1000,=-0.0196,=33.3584,=0.5676,=21.8871,=27.2039,=32.7524,=37.4994,=60.8250,=3.1720,=0.1822,=2.4219,=3.2063,=4.0764,=4.8855,=7.4081,=2.6830,=0.3875,=1.7858,=2.2898,=2.8827,=3.4762,=5.4819,=0.0151,=0.8664,=0.0055,=0.0075,=0.0098,=0.0141,=0.0215,=0.0622,=0.0890,=0.0611,=413
="931250",港股通创新药,2012-07-20,=-0.0123,=1130.6800,=0.1254,=33.6231,=0.2880,=21.4435,=32.6153,=36.4265,=43.9266,=63.0533,=3.6455,=0.6997,=1.5232,=1.8483,=2.3820,=3.8343,=4.5255,=5.9314,=0.6603,=1.4727,=1.7815,=2.3813,=6.5251,=7.7209,=0.0085,=0.3546,=0.0059,=0.0076,=0.0132,=0.0162,=0.0196,=0.0728,=0.1071,=0.0564,=142
="931787",港股创新药,2018-08-14,=-0.0127,=1401.0300,=0.1156,=33.6231,=0.3251,=20.8973,=29.6713,=42.8310,=78.5899,=400.8209,=3.6455,=0.6690,=1.5132,=2.3107,=2.9984,=4.1157,=5.7621,=5.9314,=0.8767,=0.8553,=1.3357,=2.1058,=3.4373,=7.7308,=0.0085,=0.3708,=0.0045,=0.0069,=0.0102,=0.0135,=0.0202,=0.0728,=0.1071,=0.0561,=809
="987018",港股通创新药,2021-11-18,,,=-0.0317,=33.8136,=0.1470,=22.9379,=35.6454,=48.9447,=93.8788,=537.2167,=3.3854,=0.5591,=1.6768,=2.3309,=3.2673,=4.1249,=6.0885,=4.9893,=0.3978,=2.6005,=3.5912,=5.3275,=7.0438,=12.1954,=0.0094,=0.6816,=0.0023,=0.0056,=0.0073,=0.0141,=0.0182,,=0.0844,=0.0690,=338
="931159",创新100,2019-05-16,=0.0017,=3792.3300,=0.1151,=34.1336,=0.3709,=24.8309,=32.3755,=36.3134,=46.2934,=59.7307,=4.9514,=0.6414,=2.9189,=3.7064,=4.4083,=5.5635,=7.4325,=4.1692,=0.6184,=2.3351,=3.1768,=3.8277,=4.8688,=6.6085,=0.0104,=0.6599,=0.0044,=0.0062,=0.0089,=0.0126,=0.0177,=0.0789,=0.1244,=0.0662,=236
="399296",创成长,2019-01-23,=-0.0094,=7387.5800,=0.1854,=34.3216,=0.2745,=22.4911,=31.0699,=43.2796,=63.6671,=104.6935,=7.7062,=0.6014,=3.9463,=4.9658,=7.1176,=10.6298,=14.9802,=4.8156,=0.3608,=2.5417,=3.4824,=5.8088,=11.8579,=17.3385,=0.0090,=0.7454,=0.0016,=0.0028,=0.0063,=0.0105,=0.0200,=0.1410,=0.2040,=0.0851,=1086
="399316",巨潮小盘,2005-02-03,=-0.0038,=6002.8000,=-0.0017,=34.3634,=0.6933,=17.4883,=24.6121,=29.2593,=37.5748,=56.1825,=2.0704,=0.6072,=1.3049,=1.7086,=1.9645,=2.3968,=3.1340,=1.3126,=0.5998,=0.7478,=1.0120,=1.2297,=1.5876,=2.5314,=0.0152,=0.7230,=0.0061,=0.0105,=0.0129,=0.0162,=0.0214,=0.0385,=0.0444,=0.0300,=23
="931718",高端造质量成长50,2021-08-25,=-0.0048,=3139.9700,=0.0866,=34.4161,=0.6588,=16.3078,=22.2229,=29.1007,=36.9847,=49.4696,=5.9719,=0.7714,=3.1255,=3.9508,=4.9019,=6.0870,=8.5001,=4.0916,=0.8367,=1.7207,=2.2588,=3.0458,=3.8641,=5.6653,=0.0100,=0.4180,=0.0046,=0.0067,=0.0108,=0.0148,=0.0205,=0.0895,=0.1450,=0.0725,=30
="399364",消费100,2009-08-03,=0.0002,=11504.8000,=0.0658,=34.4202,=0.7833,=15.8540,=22.7927,=26.9658,=35.2211,=49.3766,=4.7955,=0.7890,=2.6561,=3.3108,=3.7863,=4.9255,=7.3266,=2.3896,=0.7553,=1.3127,=1.6857,=1.9263,=2.5443,=4.2956,=0.0126,=0.2859,=0.0070,=0.0116,=0.0159,=0.0191,=0.0241,=0.0714,=0.1191,=0.0654,=318
="399101",中小综指,2005-12-01,=-0.0080,=14058.5700,=-0.0335,=34.5636,=0.2028,=22.7937,=34.4929,=40.2964,=45.5861,=65.2068,=2.5681,=0.2997,=1.7151,=2.3689,=2.7751,=3.3854,=4.4934,=1.7511,=0.2659,=1.1654,=1.6542,=1.9803,=2.5082,=3.8809,=0.0126,=0.7465,=0.0054,=0.0084,=0.0108,=0.0134,=0.0200,=0.0463,=0.0674,=0.0395,=28
="931688",中证算力,2022-07-21,=0.0009,=4001.8100,=0.2732,=34.5693,=0.8638,=18.0036,=20.8597,=24.1175,=32.7425,=44.9092,=3.7721,=0.8871,=1.6529,=1.9041,=2.2924,=3.4004,=4.7747,=2.6214,=0.8638,=1.3731,=1.5970,=1.8274,=2.5257,=3.3716,=0.0159,=0.1018,=0.0131,=0.0190,=0.0260,=0.0299,=0.0338,=0.0631,=0.1011,=0.0578,=112
="1000012",中小板全指,2005-12-01,=-0.0080,=14058.5700,=-0.0335,=34.5714,=0.1702,=22.6352,=35.3187,=40.9139,=47.1674,=73.8161,=2.5718,=0.2960,=1.7125,=2.3729,=2.7909,=3.4125,=4.4792,=1.7223,=0.2593,=1.1448,=1.6386,=1.9567,=2.4978,=3.8481,=0.0126,=0.7407,=0.0054,=0.0083,=0.0109,=0.0134,=0.0200,=0.0465,=0.0671,=0.0392,=568
="930719",CS精准医,2015-08-05,=-0.0076,=2808.0800,=0.0563,=34.6660,=0.0848,=29.3195,=37.6840,=51.6910,=66.7229,=102.1078,=4.6220,=0.2238,=3.4982,=4.5556,=5.9579,=8.9279,=14.5104,=6.7795,=0.3663,=5.1956,=6.1956,=7.3961,=10.5602,=18.8625,=0.0076,=0.6328,=0.0022,=0.0041,=0.0068,=0.0105,=0.0164,=0.0753,=0.1091,=0.0540,=345
="399285",物联网50,2020-02-18,=-0.0028,=7196.0200,=0.1392,=34.9520,=0.6383,=21.8675,=26.5271,=31.9554,=38.8389,=48.9860,=5.2027,=0.7444,=2.6765,=3.4219,=4.0687,=5.3509,=6.9158,=3.3085,=0.8623,=1.7407,=2.0285,=2.4799,=3.1551,=4.3982,=0.0126,=0.5797,=0.0076,=0.0096,=0.0121,=0.0147,=0.0214,=0.0846,=0.1364,=0.0709,=95
="1000011",A股非金融,1994-01-10,,,,=34.9647,=0.7510,=17.5718,=25.5269,=28.6067,=37.3669,=43.6945,=2.4247,=0.5594,=1.6561,=2.0403,=2.3293,=2.6815,=2.9749,=1.5210,=0.6999,=0.9476,=1.1421,=1.3066,=1.5675,=1.8156,=0.0163,=0.5445,=0.0087,=0.0121,=0.0160,=0.0192,=0.0256,=0.0432,=0.0612,=0.0384,=811
="930651",CS计算机,2015-06-05,=-0.0040,=7000.5500,=-0.0972,=35.3911,=0.0025,=33.6687,=44.0531,=55.9016,=66.6134,=115.0591,=4.2980,=0.4691,=2.6283,=3.7942,=4.3680,=5.0696,=6.5144,=2.6088,=0.0466,=2.0877,=2.8957,=3.5612,=4.2608,=5.5248,=0.0115,=0.9542,=0.0028,=0.0059,=0.0071,=0.0091,=0.0156,=0.0668,=0.0892,=0.0313,=666
="931672",风电产业,2021-04-29,=0.0094,=1614.3600,=-0.0836,=35.5842,=0.9218,=16.8665,=21.2224,=24.3657,=30.0031,=45.5856,=1.8305,=0.4023,=1.3490,=1.6868,=1.9704,=2.4452,=3.5946,=2.2283,=0.5287,=1.4458,=1.8972,=2.1729,=2.6930,=3.3215,=0.0119,=0.5241,=0.0064,=0.0084,=0.0116,=0.0153,=0.0206,=0.0309,=0.0571,=0.0343,=66
="930965",HKC医药C,2017-06-23,=-0.0116,=3420.2900,=0.0554,=35.7471,=0.5220,=18.1989,=25.8348,=33.8323,=71.8768,=6384.2329,=2.5570,=0.4316,=1.4216,=1.9521,=2.6898,=3.6822,=6.9841,=1.5067,=0.6796,=0.7160,=1.0354,=1.3366,=1.7118,=3.7092,=0.0112,=0.5382,=0.0038,=0.0079,=0.0109,=0.0142,=0.0248,,=0.0655,=0.0482,=163
="399803",工业4.0,2015-02-13,=-0.0001,=5705.1500,=0.0606,=35.7480,=0.4893,=19.7294,=27.9595,=36.1035,=46.4899,=61.8732,=4.5683,=0.5470,=2.6645,=3.4308,=4.3469,=5.6549,=8.0266,=2.1082,=0.2898,=1.5023,=2.0108,=2.4963,=3.2057,=4.4565,=0.0105,=0.6113,=0.0032,=0.0062,=0.0089,=0.0123,=0.0202,=0.0655,=0.1072,=0.0509,=490
="399315",巨潮中盘,2005-02-03,=0.0012,=4806.5700,=0.0099,=36.0726,=0.9118,=14.3715,=18.4227,=22.9157,=29.8562,=49.3940,=2.4846,=0.7061,=1.5252,=1.8923,=2.1502,=2.5770,=3.0245,=1.9186,=0.9551,=0.8408,=1.2254,=1.4278,=1.6517,=2.3572,=0.0137,=0.3747,=0.0082,=0.0119,=0.0158,=0.0221,=0.0288,=0.0480,=0.0707,=0.0424,=21
="H30217",医疗器械,2013-07-15,=-0.0037,=8460.4300,=-0.1383,=36.1063,=0.3722,=17.1055,=29.5762,=39.2680,=56.0931,=80.6195,=2.5597,=0.0025,=2.4731,=3.2006,=4.7069,=6.5700,=11.6091,=4.5628,=0.0223,=4.1030,=5.3168,=6.0108,=7.9293,=13.3528,=0.0156,=0.7960,=0.0035,=0.0052,=0.0077,=0.0156,=0.0236,=0.0474,=0.0626,=0.0416,=1353
="931783",智能驾驶,2022-02-21,=-0.0095,=1241.7600,=-0.1727,=36.1564,=0.0414,=31.9944,=39.6447,=46.1956,=67.7524,=98.5983,=2.8544,=0.0198,=2.5981,=3.2812,=3.5510,=3.9438,=4.9384,=1.5598,=0.0755,=1.3276,=1.7046,=1.9207,=2.1171,=2.7953,=0.0100,=0.9991,=0.0048,=0.0063,=0.0071,=0.0083,=0.0101,=0.0356,=0.0928,=0.0446,=22
="932069",港股通医疗主题,2022-07-21,=-0.0122,=1076.0800,=0.0862,=36.4438,=0.7788,=20.9778,=26.4667,=31.0175,=37.3470,=51.0900,=2.4753,=0.6888,=1.4397,=1.6351,=2.0624,=2.6024,=3.0086,=1.3926,=0.7434,=0.6760,=0.7804,=1.0032,=1.4242,=1.6308,=0.0122,=0.4484,=0.0073,=0.0087,=0.0125,=0.0158,=0.0250,,=0.0584,=0.0495,=25
="931447",科技先锋,2020-04-21,=-0.0072,=2998.2200,=-0.0284,=36.5188,=0.4730,=19.0346,=27.5122,=37.4634,=47.8836,=82.3567,=4.8279,=0.5959,=2.7045,=3.4644,=4.4798,=6.6888,=10.6025,=2.5567,=0.5122,=1.4804,=1.9232,=2.5154,=3.6934,=7.0848,=0.0104,=0.6010,=0.0033,=0.0055,=0.0097,=0.0135,=0.0196,=0.0639,=0.0990,=0.0443,=25
="H30178",医疗保健,2013-07-15,=-0.0060,=11594.9700,=-0.1458,=36.7939,=0.2988,=19.5848,=32.8016,=44.6095,=64.7113,=123.2936,=2.6038,=0.0016,=2.5190,=3.3284,=5.4495,=7.2582,=12.4381,=4.2604,=0.0004,=4.1521,=5.3453,=6.1313,=8.1023,=14.2518,=0.0152,=0.8269,=0.0029,=0.0041,=0.0064,=0.0149,=0.0219,=0.0469,=0.0653,=0.0428,=565
="000998",中证TMT,2011-11-08,=0.0019,=3486.7600,=0.1857,=36.8675,=0.5713,=18.9989,=27.6163,=34.6638,=43.2198,=58.6698,=4.2495,=0.8425,=1.9674,=2.4618,=3.2923,=4.0548,=5.6742,=2.9835,=0.9390,=1.2505,=1.8092,=2.1803,=2.6593,=3.9991,=0.0121,=0.5919,=0.0048,=0.0068,=0.0093,=0.0185,=0.0284,=0.0650,=0.0900,=0.0493,=568
="399610",TMT50,2010-11-08,=-0.0020,=11254.5100,=0.1745,=37.0503,=0.4567,=21.0331,=30.1605,=38.0217,=46.2544,=64.7172,=5.9396,=0.9237,=2.4071,=3.2240,=4.0368,=5.2443,=8.4969,=3.1664,=0.6360,=1.5843,=2.0120,=2.7294,=3.6700,=4.6782,=0.0078,=0.4592,=0.0046,=0.0061,=0.0080,=0.0121,=0.0161,=0.0881,=0.1080,=0.0497,=524
="399006",创业板指,2010-06-01,=-0.0115,=3247.9200,=0.0140,=37.1904,=0.2964,=22.8885,=32.3387,=41.9126,=55.2938,=79.6826,=5.4209,=0.6319,=3.0035,=4.0151,=4.8508,=6.5359,=9.5804,=3.8776,=0.3038,=2.3312,=3.4103,=4.4944,=5.9868,=8.4805,=0.0097,=0.7951,=0.0032,=0.0049,=0.0065,=0.0098,=0.0180,=0.0875,=0.1330,=0.0661,=16908
="980030",消费电子,2015-02-17,=-0.0031,=8326.2500,=0.1460,=37.7057,=0.4434,=18.6467,=31.9049,=39.2005,=47.8201,=65.6114,=4.0598,=0.7285,=2.0026,=2.6009,=3.0450,=4.2829,=6.3059,=2.1048,=0.7156,=1.1413,=1.4020,=1.5895,=2.3716,=3.4515,=0.0072,=0.3532,=0.0040,=0.0066,=0.0082,=0.0110,=0.0143,=0.0529,=0.0648,=0.0332,=389
="000958",创业成长,2010-03-24,=0.0021,=1828.3200,=0.1407,=38.8656,=0.9390,=11.9506,=17.5032,=24.3300,=30.6865,=61.3903,=9.6234,=0.9650,=2.6815,=3.7899,=5.1687,=6.4461,=14.5711,=5.4479,=0.9559,=1.2937,=1.9105,=2.5447,=3.9741,=7.7463,=0.0061,=0.1389,=0.0040,=0.0066,=0.0089,=0.0140,=0.0209,=0.1560,=0.2198,=0.1117,=674
="931165",新兴科技100,2019-04-25,=0.0027,=10099.8300,=0.1868,=38.8824,=0.7598,=17.0055,=23.4939,=29.9047,=40.2930,=67.3989,=8.7287,=0.9298,=3.5721,=4.3461,=5.5556,=7.6883,=13.6689,=6.2475,=0.7637,=3.0368,=3.6635,=4.8756,=6.5139,=12.4159,=0.0068,=0.2040,=0.0047,=0.0067,=0.0091,=0.0149,=0.0264,=0.1525,=0.1919,=0.0958,=525
="930599",中证高装,2015-03-02,=-0.0036,=8994.2000,=0.0671,=39.1954,=0.6760,=19.5438,=27.7467,=34.6674,=44.9647,=65.7817,=4.1273,=0.8908,=1.8509,=2.5592,=3.1127,=3.7851,=5.5770,=2.3246,=0.7057,=1.2322,=1.6106,=1.9495,=2.4211,=3.1551,=0.0094,=0.5218,=0.0049,=0.0067,=0.0092,=0.0120,=0.0171,=0.0557,=0.0865,=0.0428,=125
="931409",SHS创新药,2020-02-20,=-0.0100,=2256.9000,=0.0702,=39.3739,=0.4687,=24.9819,=34.7231,=39.8075,=58.7385,=94.9889,=4.3788,=0.5499,=2.3431,=3.2960,=4.1731,=6.2692,=8.9149,=6.3788,=0.7533,=2.2896,=3.2178,=4.1336,=6.5944,=8.2645,=0.0089,=0.5704,=0.0036,=0.0052,=0.0084,=0.0113,=0.0166,=0.0772,=0.0994,=0.0625,=328
="399617",深证消费,2011-06-15,=-0.0026,=7253.9200,=-0.2149,=39.7498,=0.8454,=15.3450,=22.1455,=26.4379,=32.4743,=1768.1548,=2.3785,=0.0140,=2.1129,=3.2497,=4.2037,=5.7490,=9.2732,=1.3670,=0.0128,=1.2428,=1.8431,=2.4302,=3.6985,=6.3240,=0.0348,=0.8912,=0.0100,=0.0137,=0.0186,=0.0264,=0.0433,=0.0310,=0.1055,=0.0741,=371
="931380",科技50,2019-11-25,=0.0014,=3711.5800,=0.1747,=39.8254,=0.3856,=22.4426,=31.3612,=46.0752,=56.4703,=71.9143,=5.4111,=0.4843,=2.7627,=3.8830,=5.5153,=7.3361,=9.9144,=4.6748,=0.5617,=2.1802,=3.0806,=4.2255,=5.6428,=7.7525,=0.0098,=0.7524,=0.0035,=0.0051,=0.0076,=0.0104,=0.0163,=0.0675,=0.0951,=0.0452,=950
="1000003",深圳A股,1994-01-01,=-0.0082,=2444.0400,=-0.0343,=40.0588,=0.6855,=20.1337,=32.6807,=37.4322,=46.2490,=60.3260,=2.6583,=0.4856,=1.7026,=2.2996,=2.6816,=3.1969,=3.7757,=1.9089,=0.4930,=1.2021,=1.6469,=1.9170,=2.3558,=3.1788,=0.0131,=0.7403,=0.0070,=0.0092,=0.0118,=0.0136,=0.0208,=0.0438,=0.0553,=0.0353,=1840
="931785",智选沪深港科技50,2025-06-27,=0.0001,=2636.7300,=0.1056,=40.4983,=0.7468,=31.7791,=35.4360,=37.6798,=41.5066,=55.2390,=5.2665,=0.7143,=3.8679,=4.4215,=4.8695,=5.4353,=6.1942,=3.5563,=0.8279,=2.2695,=2.6356,=3.0481,=3.4949,=4.0650,=0.0053,=0.0942,=0.0046,=0.0057,=0.0077,=0.0089,=0.0100,=0.0654,=0.1262,=0.0578,=12
="399970",移动互联,2014-05-05,=-0.0017,=4799.8000,=0.0759,=40.6745,=0.5239,=21.2604,=32.0602,=40.2098,=49.1466,=64.0807,=4.7619,=0.6558,=2.3944,=3.2977,=4.0681,=5.7108,=7.9573,=2.5803,=0.5115,=1.5790,=2.0679,=2.5539,=3.2245,=4.6665,=0.0084,=0.5169,=0.0043,=0.0058,=0.0083,=0.0107,=0.0143,=0.0619,=0.0808,=0.0398,=475
="399012",创业300,2013-01-07,=-0.0095,=4501.9700,=-0.0021,=41.1011,=0.2910,=26.6250,=38.0630,=47.1516,=64.5540,=93.5585,=4.7026,=0.5985,=2.5798,=3.6214,=4.3429,=5.5709,=7.5462,=3.6516,=0.3108,=2.2146,=3.3208,=4.1920,=5.8373,=7.6467,=0.0094,=0.8265,=0.0035,=0.0046,=0.0062,=0.0091,=0.0164,=0.0695,=0.1020,=0.0535,=3
="930986",金融科技,2017-06-22,=-0.0109,=2160.8600,=-0.3077,=41.1074,=0.1480,=32.2484,=43.1586,=54.5970,=80.8606,=257.1796,=3.9114,=0.1702,=2.5474,=4.0248,=4.6628,=5.8064,=7.7786,=5.4248,=0.6239,=2.9625,=3.8892,=4.7829,=6.9825,=9.8281,=0.0092,=0.9568,=0.0040,=0.0051,=0.0060,=0.0074,=0.0120,=0.0454,=0.0872,=0.0355,=275
="930820",CS高端制,2016-05-11,=-0.0034,=8996.2300,=0.0626,=41.1632,=0.7395,=21.5994,=28.9923,=36.5764,=43.8020,=58.8118,=3.9730,=0.8186,=2.0597,=2.7148,=3.1888,=3.9275,=5.2414,=2.5392,=0.8182,=1.1980,=1.7166,=2.0514,=2.5080,=3.3599,=0.0092,=0.3792,=0.0055,=0.0081,=0.0098,=0.0124,=0.0171,=0.0535,=0.0816,=0.0422,=321
="H30535",互联网,2015-01-12,=-0.0044,=5468.3100,=0.1277,=41.2504,=0.6080,=14.4753,=21.2724,=36.9304,=48.9065,=67.6316,=6.5274,=0.9588,=1.7453,=2.4482,=3.3005,=4.1514,=9.0569,=3.7579,=0.9361,=1.1519,=1.6628,=2.0266,=2.9168,=5.2637,=0.0074,=0.2106,=0.0048,=0.0073,=0.0108,=0.0121,=0.0190,=0.0990,=0.1165,=0.0500,=30
="930821",中证VR,2016-05-11,=-0.0093,=3130.0300,=-0.0198,=41.9610,=0.4476,=17.6816,=32.2141,=43.3323,=55.7485,=175.0572,=3.1623,=0.6072,=1.7358,=2.3525,=2.9087,=4.0740,=5.0269,=1.8037,=0.4230,=1.1117,=1.4818,=1.9191,=2.8790,=3.7313,=0.0085,=0.3791,=0.0056,=0.0075,=0.0091,=0.0117,=0.0177,=0.0309,=0.0443,=0.0282,=152
="931152",CS创新药,2019-04-22,=-0.0099,=1851.4100,=-0.0226,=42.0193,=0.4240,=27.6044,=36.9042,=43.3847,=52.7219,=74.6844,=3.9053,=0.4029,=2.5551,=3.3521,=4.1713,=5.9235,=8.7449,=5.5400,=0.7707,=2.2436,=2.9220,=3.4619,=5.7340,=9.4897,=0.0109,=0.8325,=0.0040,=0.0058,=0.0087,=0.0105,=0.0150,=0.0637,=0.0786,=0.0515,=1990
="931696",科技50策略,2021-07-12,=0.0022,=25035.3500,=0.2428,=42.0874,=0.7498,=23.0047,=27.9858,=34.2086,=47.3099,=71.4621,=7.8818,=0.8959,=3.0567,=3.9339,=4.5229,=7.2027,=11.2899,=3.9625,=0.7363,=1.9010,=2.3724,=2.7055,=4.3129,=6.7093,=0.0060,=0.1549,=0.0042,=0.0063,=0.0097,=0.0121,=0.0167,=0.1061,=0.1271,=0.0618,=15
="980015",疫苗生科,2015-02-16,=-0.0130,=5510.2800,=-0.1234,=42.5071,=0.4799,=24.1714,=31.3029,=43.1783,=53.4900,=80.8207,=3.6277,=0.2364,=2.9980,=3.5856,=4.0830,=6.3604,=11.0606,=6.3146,=0.4735,=4.5746,=5.5006,=6.4591,=8.6893,=15.0694,=0.0103,=0.5616,=0.0026,=0.0056,=0.0100,=0.0133,=0.0175,=0.0589,=0.0693,=0.0466,=75
="000852",中证1000,2014-10-17,=-0.0041,=7437.7000,=-0.0207,=42.6613,=0.6983,=18.9344,=30.9274,=37.8121,=47.5040,=78.9405,=2.3499,=0.4328,=1.4880,=2.1060,=2.4263,=2.8779,=4.0010,=1.6674,=0.5857,=0.9250,=1.3827,=1.5864,=1.9026,=3.4406,=0.0111,=0.6014,=0.0038,=0.0082,=0.0106,=0.0125,=0.0194,=0.0343,=0.0499,=0.0313,=7569
="399624",中创400,2011-08-15,=-0.0023,=2556.4100,=-0.0057,=42.8727,=0.6430,=22.4097,=32.9060,=40.4876,=47.7176,=82.4491,=2.8687,=0.5124,=1.6720,=2.4135,=2.8469,=3.3830,=4.9126,=2.2983,=0.5437,=1.2865,=1.8978,=2.2294,=2.6709,=4.3124,=0.0101,=0.6018,=0.0036,=0.0074,=0.0096,=0.0111,=0.0184,=0.0421,=0.0651,=0.0371,=229
="399959",军工指数,2011-08-30,=-0.0104,=1596.8100,=-0.1205,=43.7425,=0.0919,=34.5950,=50.0866,=59.8917,=71.6092,=127.0416,=2.8387,=0.2719,=2.0269,=2.6519,=3.2353,=3.9867,=5.9912,=2.5022,=0.0841,=2.1044,=2.6632,=3.2548,=3.8521,=5.2606,=0.0095,=0.9979,=0.0021,=0.0030,=0.0039,=0.0067,=0.0097,=0.0332,=0.0591,=0.0294,=24
="931480",线上消费,2020-05-06,=-0.0090,=679.4600,=-0.1922,=44.3062,=0.0789,=33.5813,=47.6498,=64.6453,=95.9601,=132.5169,=2.8420,=0.3596,=1.9483,=2.5307,=3.0700,=3.6805,=5.0305,=2.8842,=0.7794,=1.1811,=1.5077,=1.8425,=2.9496,=4.8094,=0.0122,=0.9858,=0.0051,=0.0066,=0.0085,=0.0099,=0.0133,=0.0419,=0.0458,=0.0308,=80
="931461",电子50,2009-07-22,=0.0069,=7166.9200,=0.2157,=44.7423,=0.7069,=20.3357,=30.2775,=36.3532,=49.0359,=76.5790,=6.2886,=0.9411,=2.5323,=3.1789,=3.7126,=5.3464,=9.2899,=3.0490,=0.7725,=1.1588,=1.7975,=2.0691,=3.1651,=4.5428,=0.0066,=0.1937,=0.0046,=0.0066,=0.0091,=0.0111,=0.0147,=0.0739,=0.0884,=0.0404,=445
="931079",5G通信,2019-04-25,=-0.0056,=2570.5200,=0.3334,=45.3485,=0.8205,=21.0709,=27.7570,=33.8372,=44.8192,=103.6981,=7.2472,=0.9465,=2.3623,=3.0532,=3.6655,=5.4146,=10.5199,=2.8440,=0.9381,=1.1916,=1.4948,=1.8945,=2.3791,=4.2354,=0.0064,=0.3138,=0.0036,=0.0056,=0.0081,=0.0121,=0.0152,=0.0942,=0.1398,=0.0637,=2295
="899050",北证50,2022-11-21,=0.0065,=1028.5100,=-0.2860,=45.5149,=0.5480,=15.5447,=18.7085,=40.4639,=62.8031,=91.3357,=4.2483,=0.5998,=2.0170,=2.4425,=3.4673,=4.9479,=5.6723,=3.4727,=0.5868,=1.3969,=1.7357,=2.9363,=4.2355,=5.1557,=0.0076,=0.1953,=0.0062,=0.0076,=0.0111,=0.0146,=0.0185,=0.0473,=0.0857,=-0.0010,=800
="931087",科技龙头,2019-03-20,=0.0074,=6456.9300,=0.2284,=45.5778,=0.6234,=22.2848,=33.7227,=40.8904,=52.3714,=78.0359,=7.6433,=0.9351,=2.8190,=4.2354,=5.3380,=6.5744,=11.1808,=6.6543,=0.9654,=2.0316,=3.3123,=4.0102,=5.0327,=9.7717,=0.0058,=0.3381,=0.0037,=0.0053,=0.0064,=0.0086,=0.0172,=0.1100,=0.1080,=0.0526,=2101
="931071",人工智能,2018-11-21,=-0.0048,=2557.7200,=0.1290,=45.7314,=0.3614,=30.9003,=39.8752,=48.8533,=57.3707,=77.4016,=7.4799,=0.8840,=2.9559,=3.9246,=4.7744,=5.9889,=11.5305,=4.4924,=0.8366,=2.2000,=2.8109,=3.2309,=4.1688,=9.3591,=0.0068,=0.5748,=0.0041,=0.0054,=0.0063,=0.0086,=0.0135,=0.0993,=0.1450,=0.0648,=1383
="000915",300信息,2007-07-02,=0.0059,=3747.9600,=0.1530,=45.8640,=0.7205,=20.6178,=34.5626,=39.8266,=48.3468,=75.5831,=6.2627,=0.9151,=2.7398,=3.5399,=4.3502,=5.6175,=9.0762,=3.0795,=0.4703,=1.6744,=2.1697,=3.1909,=4.0484,=4.9963,=0.0070,=0.3768,=0.0049,=0.0061,=0.0076,=0.0100,=0.0144,=0.0690,=0.0971,=0.0383,=23
="931160",通信设备,2013-07-15,=-0.0062,=19687.7600,=0.2734,=46.1468,=0.6698,=19.3231,=27.7990,=36.6969,=54.9602,=91.1971,=8.5386,=0.9646,=2.1520,=2.8712,=3.4261,=3.9737,=12.1269,=2.8913,=0.9472,=0.9706,=1.2833,=1.5072,=2.4410,=4.3558,=0.0070,=0.4254,=0.0028,=0.0053,=0.0077,=0.0150,=0.0221,=0.1127,=0.1280,=0.0660,=1324
="930713",CS人工智,2015-07-31,=0.0011,=5721.9100,=0.0833,=46.6001,=0.2444,=24.8131,=43.8200,=53.2154,=62.2353,=90.1869,=7.4116,=0.9439,=2.8384,=3.9100,=4.7030,=5.4142,=10.4087,=4.4024,=0.8351,=2.3148,=3.1674,=3.7880,=4.3159,=6.3979,=0.0066,=0.6167,=0.0041,=0.0051,=0.0061,=0.0078,=0.0120,=0.0894,=0.1245,=0.0501,=1094
="930850",智能制造,2016-07-20,=0.0050,=5466.4400,=0.1419,=47.0059,=0.6470,=23.4329,=32.7484,=41.8966,=50.3977,=78.5602,=5.5001,=0.8975,=2.5370,=3.5239,=4.1776,=5.1113,=7.7199,=3.2013,=0.6647,=1.5919,=2.3588,=2.8023,=3.5758,=5.3954,=0.0071,=0.4239,=0.0050,=0.0062,=0.0077,=0.0101,=0.0146,=0.0625,=0.0857,=0.0387,=367
="930726",CS生医,2015-08-05,=-0.0083,=2414.6700,=-0.0112,=47.1503,=0.4658,=24.4874,=31.9329,=48.4750,=60.9879,=107.1179,=4.3939,=0.1966,=3.1768,=4.4005,=6.6901,=8.5259,=14.2976,=7.6777,=0.2960,=4.8871,=6.8186,=9.5717,=12.5690,=19.9452,=0.0084,=0.5911,=0.0026,=0.0040,=0.0059,=0.0114,=0.0204,=0.0696,=0.0766,=0.0565,=847
="931494",消费电子,2020-06-12,=0.0023,=5972.2800,=0.1742,=47.3407,=0.6989,=20.2625,=32.2618,=38.8776,=52.1505,=77.9188,=5.5804,=0.9097,=2.1307,=2.8246,=3.5635,=5.1412,=7.9404,=2.6348,=0.8004,=1.3000,=1.6521,=2.0091,=2.6330,=3.9249,=0.0064,=0.2951,=0.0040,=0.0058,=0.0082,=0.0109,=0.0138,=0.0590,=0.0807,=0.0373,=236
="399441",生物医药,2015-01-20,=-0.0118,=2116.2400,=-0.0138,=47.8041,=0.5041,=21.8350,=32.3563,=47.6958,=62.1253,=119.0737,=3.4406,=0.2230,=2.3073,=3.3267,=6.2031,=7.6283,=13.6606,=6.4077,=0.2601,=3.6424,=5.8657,=9.0008,=13.5430,=21.5399,=0.0101,=0.7514,=0.0024,=0.0041,=0.0064,=0.0108,=0.0164,=0.0514,=0.0565,=0.0395,=1698
="399291",创精选88,2019-11-06,=-0.0031,=4784.2400,=0.0472,=48.2641,=0.3293,=32.8940,=42.3688,=54.0619,=64.9155,=106.4385,=3.1227,=0.3097,=1.8895,=2.8640,=3.3997,=3.9098,=4.9331,=3.3677,=0.6176,=1.9655,=2.6384,=3.1297,=4.2760,=5.5728,=0.0098,=0.8204,=0.0042,=0.0052,=0.0072,=0.0095,=0.0134,=0.0357,=0.0556,=0.0303,=42
="399994",信息安全,2015-03-12,=-0.0024,=1567.2900,=-0.1403,=48.6592,=0.1311,=35.0629,=52.8202,=67.0223,=85.7906,=183.5630,=3.3075,=0.1772,=2.3256,=3.3578,=3.8488,=4.4522,=6.2767,=2.3850,=0.0148,=2.1829,=2.8466,=3.2270,=3.8075,=5.1182,=0.0141,=0.9699,=0.0023,=0.0036,=0.0059,=0.0098,=0.0172,=0.0356,=0.0539,=0.0210,=96
="980022",机器人产业,2015-02-25,=-0.0113,=2100.2500,=-0.2086,=48.7011,=0.7872,=13.7974,=16.7016,=20.6073,=53.1963,=93.9438,=3.9453,=0.5546,=2.5198,=3.0631,=3.6919,=4.8039,=6.2730,=3.3893,=0.7600,=1.0172,=1.2365,=1.4413,=3.9412,=5.9220,=0.0064,=0.2128,=0.0039,=0.0060,=0.0200,=0.0295,=0.0381,=0.0442,=0.0892,=0.0357,=358
="931643",科创创业50,2021-06-01,=-0.0020,=2185.2400,=0.0955,=48.7469,=0.6319,=22.6109,=28.9222,=40.4882,=59.7754,=92.9106,=7.5017,=0.7984,=3.3216,=4.2411,=5.2300,=7.5271,=12.1685,=6.9763,=0.7712,=2.7030,=3.4486,=4.6772,=7.4314,=14.6821,=0.0063,=0.4023,=0.0024,=0.0040,=0.0073,=0.0114,=0.0174,=0.0834,=0.1190,=0.0543,=2055
="930743",中证生科,2015-08-26,=-0.0095,=3147.6000,=-0.0441,=49.3228,=0.4782,=24.0733,=39.5208,=49.9941,=59.8819,=100.3520,=3.7417,=0.1674,=2.9526,=3.8316,=6.1072,=8.0612,=14.6705,=6.4424,=0.2448,=4.7455,=6.2659,=8.3570,=12.3620,=18.8359,=0.0089,=0.6583,=0.0025,=0.0045,=0.0062,=0.0106,=0.0169,=0.0545,=0.0618,=0.0444,=1233
="931247",中证信创,2012-12-21,=-0.0039,=1335.7100,=-0.0874,=49.4746,=0,=49.4746,=99.1223,=190.0167,=271.3235,=369.3964,=5.2194,=0.6506,=2.7947,=3.5535,=4.7528,=6.0165,=7.8335,=4.1096,=0.4642,=2.8203,=3.4401,=4.1988,=4.9238,=6.1894,=0.0041,=0.4490,=0.0029,=0.0036,=0.0042,=0.0052,=0.0076,=0.0724,=0.0400,=0.0033,=105
="931866",中证机床,2022-05-09,=0.0027,=2138.7600,=0.1927,=49.7212,=0.7355,=28.6086,=37.0155,=40.9702,=56.5383,=85.2007,=5.9849,=0.8668,=2.8302,=3.7720,=4.3632,=5.2713,=9.1263,=4.6368,=0.8234,=2.4023,=3.1624,=3.4495,=4.4645,=7.3925,=0.0068,=0.2867,=0.0043,=0.0066,=0.0077,=0.0096,=0.0146,=0.0788,=0.1022,=0.0544,=170
="930652",CS电子,2015-06-05,=0.0069,=11858.2300,=0.2089,=50.0964,=0.7366,=21.2056,=33.8173,=43.2208,=53.1100,=86.1406,=6.2908,=0.9621,=2.2039,=3.1461,=3.6554,=4.8433,=9.3375,=3.4230,=0.9151,=1.4014,=2.0216,=2.3089,=3.0922,=5.0793,=0.0058,=0.0791,=0.0040,=0.0063,=0.0077,=0.0104,=0.0141,=0.0673,=0.0838,=0.0386,=490
="399303",国证2000,2014-03-28,=-0.0063,=9725.8500,=-0.0231,=50.1988,=0.7506,=23.3937,=36.3012,=42.0208,=52.3231,=91.3621,=2.4159,=0.6146,=1.4941,=2.0787,=2.2964,=2.6851,=4.0650,=1.8430,=0.7168,=1.0643,=1.3926,=1.5532,=2.0688,=3.4322,=0.0103,=0.4852,=0.0040,=0.0087,=0.0104,=0.0118,=0.0187,=0.0302,=0.0453,=0.0286,=730
="970070",创业板人工智能,2024-07-11,=-0.0051,=7088.3200,=0.1954,=50.7616,=0.0377,=48.3861,=69.9622,=80.2828,=93.4558,=119.1606,=10.3926,=0.7962,=3.3467,=5.1687,=7.0420,=10.4094,=15.2749,=8.0896,=0.6094,=3.4016,=5.0438,=6.6776,=9.2406,=12.0918,=0.0042,=0.4321,=0.0027,=0.0035,=0.0049,=0.0065,=0.0096,=0.1387,=0.1206,=0.0470,=248
="931582",数字经济,2020-11-09,=0.0095,=1589.5600,=0.0766,=50.7979,=0.5109,=35.0365,=44.0422,=50.6249,=66.7780,=88.8203,=6.6910,=0.7889,=3.4564,=4.9391,=5.7099,=6.7491,=9.8458,=6.0587,=0.5454,=2.4970,=4.0121,=5.9076,=7.6539,=11.8341,=0.0049,=0.2597,=0.0032,=0.0047,=0.0057,=0.0066,=0.0087,=0.0766,=0.0954,=0.0433,=192
="931469",云计算50,2020-06-12,=-0.0041,=3791.5000,=0.0237,=50.9329,=0.0316,=43.1726,=58.3229,=68.5575,=81.6832,=130.8911,=8.3764,=0.9105,=3.0031,=3.9006,=5.1458,=6.4774,=11.7205,=4.5057,=0.8413,=2.2186,=2.8983,=3.5492,=4.3396,=6.4913,=0.0032,=0.1764,=0.0021,=0.0033,=0.0042,=0.0056,=0.0085,=0.0988,=0.1212,=0.0461,=70
="H30590",机器人,2015-02-10,=-0.0089,=1697.4600,=-0.1104,=51.1697,=0.5078,=24.1742,=42.0198,=50.8759,=63.2897,=89.9138,=4.0850,=0.6707,=2.1765,=2.8831,=3.6958,=4.4486,=6.0751,=3.9728,=0.7337,=1.6011,=2.4247,=3.4044,=4.2763,=5.4887,=0.0082,=0.8364,=0.0045,=0.0056,=0.0069,=0.0080,=0.0128,=0.0463,=0.0720,=0.0364,=959
="930967",港股通信息C,2017-06-23,=-0.0141,=4875.6300,=0.0560,=51.4313,=0.9088,=9.7009,=25.9364,=35.2150,=45.8137,=82.6684,=3.2477,=0.4592,=1.0827,=1.5141,=3.7772,=5.9049,=9.2789,=1.4759,=0.4649,=0.3926,=0.6365,=1.7165,=4.3704,=6.3504,=0.0048,=0.2263,=0.0029,=0.0047,=0.0058,=0.0110,=0.0212,,=0.0910,=0.0436,=19
="H30318",科技传媒通信150,2014-04-15,=0.0060,=3996.4300,=0.2998,=52.0475,=0.8232,=19.8534,=28.8631,=38.1374,=50.2725,=90.7292,=8.6223,=0.9613,=2.0037,=2.4801,=3.5091,=4.4463,=13.0479,=4.5435,=0.9448,=1.2409,=1.8640,=2.3043,=2.8706,=6.8164,=0.0046,=0.0491,=0.0031,=0.0058,=0.0072,=0.0165,=0.0244,=0.1033,=0.1091,=0.0497,=50
="000935",中证信息,2009-07-03,=0.0071,=7501.4100,=0.1688,=52.6221,=0.7205,=22.3783,=36.3294,=44.9610,=55.3834,=87.4284,=6.1366,=0.9547,=2.5910,=3.3282,=4.0443,=4.9000,=8.9117,=3.5868,=0.8219,=1.7187,=2.2023,=2.7270,=3.5206,=5.2392,=0.0060,=0.2160,=0.0042,=0.0059,=0.0072,=0.0094,=0.0127,=0.0609,=0.0833,=0.0345,=1127
="000993",全指信息,2011-08-02,=0.0065,=9929.8100,=0.1700,=52.7308,=0.5111,=27.3163,=42.0292,=52.3604,=68.2638,=96.2351,=6.1358,=0.9588,=2.5265,=3.2907,=4.0171,=4.7036,=8.9424,=3.6731,=0.8660,=1.8009,=2.3376,=2.8253,=3.4663,=5.3826,=0.0058,=0.3833,=0.0039,=0.0053,=0.0064,=0.0084,=0.0117,=0.0622,=0.0751,=0.0332,=4108
="950580",上证580,2025-06-16,=-0.0048,=2050.7700,=0.0457,=53.9213,=0.0554,=50.4504,=58.0093,=67.1164,=71.2993,=79.6458,=2.2856,=0.2769,=1.8567,=2.2458,=2.3457,=2.6128,=2.8840,=1.7230,=0.1792,=1.5076,=1.7325,=1.8931,=1.9763,=2.1496,=0.0097,=0.7003,=0.0076,=0.0085,=0.0094,=0.0099,=0.0116,=0.0272,=0.0354,=0.0231,=11
="930851",云计算,2016-07-20,=-0.0048,=5997.0300,=-0.0750,=55.4374,=0.2509,=37.0632,=53.1802,=67.9806,=96.0197,=313.0672,=7.3173,=0.9245,=2.7148,=3.6130,=4.3307,=5.5070,=9.9453,=4.5754,=0.8861,=1.6839,=2.4330,=3.1438,=3.8271,=6.4649,=0.0034,=0.3471,=0.0021,=0.0031,=0.0037,=0.0050,=0.0080,=0.0797,=0.0896,=0.0341,=486
="399368",国证军工,2009-11-04,=-0.0089,=7064.6600,=-0.1711,=58.0428,=0.3145,=38.1822,=54.2867,=62.9870,=76.8075,=107.0849,=2.9838,=0.4621,=2.0244,=2.5859,=3.0200,=3.5206,=4.3940,=2.8629,=0.3796,=1.8459,=2.5701,=3.1689,=3.6960,=4.8014,=0.0076,=0.9922,=0.0025,=0.0033,=0.0045,=0.0056,=0.0080,=0.0306,=0.0477,=0.0253,=19
="1000007",创业板全指,2010-05-01,=-0.0109,=3881.4000,=-0.0077,=58.3311,=0.4361,=33.8134,=48.2400,=60.8537,=100.0107,=334.2333,=4.1818,=0.5433,=2.3083,=3.3593,=4.0482,=5.1104,=6.2717,=3.6034,=0.3388,=2.1439,=3.2922,=4.0589,=5.5038,=8.1455,=0.0082,=0.8133,=0.0036,=0.0046,=0.0061,=0.0081,=0.0148,=0.0479,=0.0638,=0.0377,=1945
="930606",中证钢铁,2015-03-31,=-0.0079,=896.3000,=-0.2306,=58.8144,=0.7914,=5.9346,=9.2015,=19.0694,=59.7712,=77593.1899,=0.9352,=0.2440,=0.7076,=0.9197,=1.0441,=1.3230,=2.0450,=0.4453,=0.4802,=0.2931,=0.3819,=0.4516,=0.5970,=1.2948,=0.0254,=0.4959,=0.0018,=0.0169,=0.0255,=0.0409,=0.0542,=0.0104,=0.0221,=0.0166,=780
="399967",中证军工,2013-12-26,=-0.0093,=11534.8600,=-0.1767,=59.8752,=0.3747,=41.8350,=54.9002,=64.1916,=95.8167,=139.5543,=3.2670,=0.5556,=2.0425,=2.6005,=3.1761,=3.7700,=4.8699,=2.9929,=0.3768,=2.0545,=2.7207,=3.0970,=4.0092,=5.8225,=0.0070,=0.9728,=0.0021,=0.0030,=0.0040,=0.0054,=0.0081,=0.0315,=0.0501,=0.0263,=6005
="931066",军工龙头,2018-02-05,=-0.0091,=2781.2700,=-0.1949,=60.5119,=0.8602,=29.1719,=35.0903,=43.1812,=54.8867,=100.5281,=3.1249,=0.1906,=2.2914,=3.1338,=3.6543,=4.5842,=6.9932,=2.9231,=0.2778,=2.1745,=2.8085,=3.4301,=4.1774,=5.8746,=0.0063,=0.1901,=0.0050,=0.0063,=0.0076,=0.0092,=0.0116,=0.0221,=0.0495,=0.0253,=1080
="980080",成长100,2012-12-28,,,=0.2236,=60.8747,=0.7361,=39.4731,=45.4115,=50.4665,=64.0703,=83.5146,=6.6450,=0.7206,=3.0437,=3.7006,=5.7731,=6.8661,=9.2690,=3.6065,=0.6763,=2.0191,=2.4217,=3.1782,=4.4623,=5.8594,=0.0038,=0.1175,=0.0025,=0.0048,=0.0056,=0.0069,=0.0087,=0.1077,=0.1452,=0.0594,=290
="931144",通信技术,2019-05-30,=-0.0045,=3723.6100,=0.5994,=61.5426,=0.8832,=22.8153,=30.5794,=37.3907,=53.0073,=113.1406,=10.4472,=0.9520,=2.5671,=3.1147,=3.7531,=4.8546,=15.3977,=6.2925,=0.9464,=1.6428,=2.1098,=2.5128,=3.4372,=9.4991,=0.0032,=0.0536,=0.0021,=0.0043,=0.0064,=0.0100,=0.0166,=0.1157,=0.1354,=0.0739,=262
="399973",中证国防,2014-04-15,=-0.0073,=1583.1200,=-0.1488,=64.8840,=0.7057,=28.8580,=43.6048,=54.2136,=71.2869,=99.6638,=3.3447,=0.3817,=2.3880,=3.0104,=3.5468,=4.7796,=7.7047,=3.1323,=0.3697,=1.9566,=2.7338,=3.7908,=4.5351,=7.1179,=0.0063,=0.7815,=0.0024,=0.0036,=0.0047,=0.0064,=0.0100,=0.0233,=0.0535,=0.0273,=646
="000690",科创成长,2022-11-04,=0.0105,=2368.3800,=0.2632,=65.4462,=0.2687,=26.4295,=47.5212,=82.8621,=153.8089,=288.8500,=11.8707,=0.7751,=3.7827,=4.8813,=6.5756,=12.2787,=18.2315,=11.1439,=0.6748,=2.7510,=4.0223,=8.5703,=14.5187,=20.0971,=0.0018,=0.1365,=0.0011,=0.0020,=0.0033,=0.0053,=0.0127,=0.1346,=0.1043,=0.0615,=154
="399019",创业200,2023-11-15,=-0.0023,=4273.6600,=-0.0600,=66.5061,=0.2955,=45.1604,=60.4154,=82.2526,=109.6991,=137.0675,=3.1746,=0.4597,=1.8905,=2.4964,=3.2372,=3.8673,=4.5553,=3.0134,=0.5776,=1.7802,=2.3485,=2.9049,=3.4069,=4.2060,=0.0082,=0.6522,=0.0055,=0.0065,=0.0078,=0.0089,=0.0120,=0.0313,=0.0404,=0.0268,=87
="CN5075",国证信创,2015-02-16,,,=0.0934,=66.6527,=0.3119,=39.3034,=50.1014,=77.9107,=124.1440,=152.0158,=7.1969,=0.7313,=3.0386,=3.6091,=5.3177,=7.4668,=10.9595,=5.5655,=0.7731,=2.8415,=3.7228,=4.4770,=5.7047,=8.6847,=0.0028,=0.1552,=0.0018,=0.0029,=0.0056,=0.0077,=0.0108,=0.0739,=0.0598,=0.0281,=34
="931271",通信设备主题,2012-12-21,=-0.0045,=4441.1900,=0.2305,=68.0570,=0.7463,=25.8971,=33.3173,=36.6069,=79.1455,=113.3155,=10.0446,=0.8845,=2.2261,=2.9109,=3.6243,=8.2881,=14.2344,=6.4565,=0.8672,=1.5689,=2.0611,=2.6094,=5.7493,=9.3619,=0.0036,=0.1381,=0.0022,=0.0043,=0.0081,=0.0098,=0.0129,=0.0994,=0.1175,=0.0626,=16
="932038",央企科技引领,2022-11-16,=-0.0030,=1697.5700,=0.1343,=68.2681,=0.7226,=31.0707,=38.0253,=45.4549,=77.6165,=100.6860,=5.0818,=0.7989,=2.7684,=3.5015,=3.9997,=5.0819,=6.8336,=5.4973,=0.7903,=2.3932,=3.1715,=3.9721,=5.5375,=7.0751,=0.0060,=0.2043,=0.0042,=0.0060,=0.0084,=0.0106,=0.0151,=0.0352,=0.0636,=0.0271,=44
="930875",空天军工,2016-08-17,=-0.0060,=2026.8900,=-0.1623,=69.2837,=0.7056,=27.3832,=45.6999,=55.9411,=73.3042,=98.7933,=3.6722,=0.5209,=2.4052,=3.1617,=3.6318,=4.9250,=7.9650,=3.3720,=0.4256,=2.1274,=2.8963,=3.6496,=4.4990,=7.7673,=0.0059,=0.7174,=0.0022,=0.0032,=0.0042,=0.0068,=0.0106,=0.0232,=0.0567,=0.0284,=113
="930790",CS娱乐TI,2016-03-22,=-0.0136,=1112.2100,=-0.2177,=69.3076,=0.6586,=17.3299,=32.7959,=50.5106,=79.3438,=245.3480,=2.2628,=0.2925,=1.6576,=2.1428,=2.5195,=3.1103,=3.8872,=2.4785,=0.0553,=2.2057,=2.7379,=3.2092,=4.0192,=5.0752,=0.0166,=0.8873,=0.0039,=0.0094,=0.0125,=0.0153,=0.0240,=0.0302,=0.0200,=0.0287,=23
="932456",科创创业AI,2025-05-14,=0.0042,=3236.4400,=0.1124,=69.6017,=0.0030,=69.4448,=106.2562,=116.0020,=129.9422,=192.3777,=11.3689,=0.6405,=6.1464,=8.2856,=10.6226,=12.9582,=17.0303,=11.5356,=0.1934,=9.0747,=11.7181,=14.4511,=15.7565,=18.3647,=0.0025,=0.8429,=0.0016,=0.0018,=0.0019,=0.0025,=0.0030,=0.1046,=0.0985,=0.0422,=82
="932066",半导体行业精选,2023-11-10,=0.0183,=5249.1800,=0.2923,=70.4422,=0.2808,=50.1901,=65.5790,=83.1401,=99.6334,=142.8699,=7.6978,=0.6469,=3.1655,=4.1854,=6.8583,=8.4330,=12.2533,=11.4518,=0.5861,=6.6489,=8.4292,=11.0159,=12.6041,=18.4956,=0.0019,=0.3343,=0.0012,=0.0017,=0.0022,=0.0028,=0.0034,=0.0665,=0.0794,=0.0376,=8
="000949",中证农业,2009-10-28,=-0.0099,=5040.4900,=-0.1294,=71.1073,=0.9068,=14.4444,=21.2919,=29.1176,=37.5522,=1184.8568,=2.4662,=0.1777,=2.0719,=2.4990,=3.2559,=4.0480,=5.2895,=1.3133,=0.2531,=0.8980,=1.1771,=1.7085,=2.0301,=2.8101,=0.0163,=0.4810,=0.0077,=0.0144,=0.0164,=0.0190,=0.0257,=0.0027,=0.0985,=0.0674,=1070
="000683",科创生物,2022-05-09,=-0.0069,=950.5500,=-0.1136,=73.2402,=0.0858,=31.4909,=127.2417,=1724.4042,=-215.4717,=97054.3385,=6.3128,=0.7811,=4.0903,=4.9184,=5.4764,=6.3804,=7.9611,=9.3322,=0.2358,=7.6079,=9.2215,=10.2900,=11.4293,=14.1963,=0.0029,=0.1792,=0.0025,=0.0029,=0.0046,=0.0061,=0.0086,=0.0499,=0.0457,=0.0143,=71
="932438",科创创业机器人,2025-05-16,=-0.0045,=1466.6300,=-0.0925,=78.1310,=0.2171,=67.6486,=77.7408,=84.7724,=94.9377,=120.6496,=4.5797,=0,=4.5797,=5.1943,=5.6130,=6.1758,=6.8835,=4.8611,=0,=4.8611,=5.6740,=5.9968,=6.6074,=7.4199,=0.0040,=0.6239,=0.0030,=0.0036,=0.0039,=0.0043,=0.0049,=0.0383,=0.0666,=0.0401,=68
="932087",集成电路,2023-03-29,=0.0115,=1325.0200,=0.1700,=78.1726,=0.1225,=46.1239,=98.5568,=131.9944,=151.6144,=195.7770,=7.0645,=0.7622,=3.1405,=3.9498,=5.2104,=7.3146,=11.4486,=11.0679,=0.7004,=5.8347,=7.6825,=9.1904,=12.0507,=18.6728,=0.0018,=0.5030,=0.0010,=0.0014,=0.0017,=0.0022,=0.0029,=0.0589,=0.0481,=0.0198,=60
="932088",全指航空,2023-03-23,=-0.0088,=704,=-0.1981,=78.5769,=0.6698,=36.9197,=49.4971,=67.4426,=87.8565,=116.5746,=3.3598,=0.4757,=2.3948,=3.0597,=3.3835,=3.8389,=4.9751,=3.1983,=0.3266,=2.2988,=2.9140,=3.5480,=4.0276,=4.9356,=0.0053,=0.2663,=0.0041,=0.0052,=0.0061,=0.0069,=0.0090,=0.0184,=0.0470,=0.0240,=58
="H30007",芯片产业,2012-12-20,=0.0185,=3970.1300,=0.2537,=79.2772,=0.5466,=24.2382,=40.3144,=72.5919,=113.4115,=186.5687,=7.8483,=0.8566,=1.9412,=3.6288,=4.5839,=7.3656,=12.9184,=11.6368,=0.9588,=1.5871,=3.7295,=6.5834,=8.4558,=19.5328,=0.0014,=0.0812,=0.0008,=0.0017,=0.0023,=0.0046,=0.0105,=0.0667,=0.0446,=0.0267,=549
="930902",中证数据,2016-10-18,=-0.0038,=2748.2200,=-0.1382,=80.3747,=0.5145,=37.6891,=57.3731,=79.3141,=121.1111,=366.0842,=3.8358,=0.4066,=2.4001,=3.4317,=4.0021,=4.6597,=5.5171,=2.5021,=0.0452,=2.0473,=2.8697,=3.3558,=4.1485,=7.0542,=0.0045,=0.7743,=0.0020,=0.0030,=0.0036,=0.0047,=0.0091,=0.0218,=0.0339,=0.0109,=253
="950161",科创新药,2024-08-23,=-0.0118,=1166.6200,=-0.0502,=80.5465,=0.0220,=73.3994,=226.8909,=-218.3142,=-93.1736,=1578.9342,=8.5546,=0.3872,=4.9324,=6.9292,=8.9459,=10.2829,=12.9042,=10.4572,=0.2295,=8.4204,=10.2307,=12.2849,=14.1562,=17.6998,=0.0014,=0.5349,=0.0009,=0.0011,=0.0013,=0.0018,=0.0023,=0.0680,=0.0403,=-0.0069,=56
="399993",CSWD生科,2015-05-08,=-0.0130,=2519.7600,=-0.0332,=82.4300,=0.9138,=31.0960,=44.1993,=56.6720,=74.7094,=122.8633,=3.7350,=0.2403,=2.5928,=3.6121,=5.8834,=7.5793,=15.2283,=7.2948,=0.3042,=4.8204,=6.7135,=8.8529,=14.0061,=21.1379,=0.0089,=0.6715,=0.0023,=0.0040,=0.0064,=0.0104,=0.0144,=0.0398,=0.0356,=0.0329,=69
="980017",国证芯片,2015-02-17,=0.0183,=15860.0100,=0.2502,=83.8656,=0.5149,=30.3742,=55.9681,=82.1446,=109.0284,=227.4136,=8.5689,=0.9091,=3.1638,=4.1090,=5.8438,=7.5790,=13.5798,=12.6640,=0.9464,=3.6283,=5.7986,=6.7072,=8.2379,=20.9165,=0.0013,=0.0978,=0.0008,=0.0016,=0.0020,=0.0027,=0.0044,=0.0673,=0.0397,=0.0271,=2632
="000858",500信息,2013-11-06,=0.0096,=12727.8100,=0.2077,=85.1993,=0.7341,=25.3805,=43.9766,=64.2459,=90.8890,=209.3531,=5.8318,=0.9621,=2.1626,=2.9041,=3.3886,=3.9447,=8.5146,=6.2648,=0.9724,=1.1229,=1.9074,=2.6874,=3.6817,=9.1355,=0.0034,=0.0503,=0.0022,=0.0045,=0.0059,=0.0072,=0.0110,=0.0403,=0.0505,=0.0256,=355
="H30184",半导体,2013-07-15,=0.0182,=12159.5200,=0.3214,=85.3586,=0.5458,=33.2056,=52.1972,=79.4498,=107.9511,=186.6477,=7.8427,=0.8388,=2.5082,=3.4651,=4.9350,=7.5282,=12.7528,=12.1368,=0.9345,=1.3963,=2.6456,=7.0797,=9.7226,=20.0377,=0.0016,=0.1418,=0.0010,=0.0017,=0.0024,=0.0033,=0.0070,=0.0588,=0.0527,=0.0230,=3421
="000698",科创100,2023-08-07,=0.0065,=1775.2500,=0.2177,=85.5379,=0.0610,=60.6995,=125.7117,=210.0197,=251.8558,=337.2511,=6.0494,=0.7958,=2.7397,=3.6408,=4.2356,=6.0681,=8.5061,=6.5809,=0.5279,=4.0312,=5.1427,=6.4775,=8.3921,=10.0837,=0.0034,=0.2586,=0.0025,=0.0032,=0.0052,=0.0064,=0.0089,=0.0429,=0.0369,=0.0143,=599
="990001",中华半导体芯片,2019-03-18,=0.0183,=15297.0300,=0.2654,=87.8773,=0.5151,=33.1780,=61.6528,=86.7047,=116.8362,=187.5449,=7.7635,=0.8298,=3.1429,=4.2966,=5.3806,=7.5365,=12.4905,=11.8665,=0.9429,=3.3238,=6.1006,=7.1477,=9.6826,=19.5120,=0.0014,=0.0999,=0.0008,=0.0016,=0.0021,=0.0028,=0.0056,=0.0564,=0.0410,=0.0254,=1392
="931521",高装细分50,2020-07-08,=-0.0083,=2555.7200,=-0.2316,=89.0095,=0.7708,=33.8051,=48.6247,=59.9252,=95.9067,=160.3029,=3.6493,=0.3424,=2.5146,=3.4406,=4.0854,=4.9810,=6.8876,=3.7922,=0.1970,=2.7226,=3.8037,=4.3891,=5.0621,=6.7300,=0.0052,=0.3696,=0.0025,=0.0042,=0.0055,=0.0065,=0.0091,=0.0165,=0.0438,=0.0215,=85
="930601",中证软件,2015-03-10,=-0.0055,=4690.8300,=-0.2540,=95.1614,=0.6678,=29.3378,=51.8564,=79.8338,=128.9417,=302.4908,=4.5451,=0.4373,=2.7207,=3.9641,=4.6636,=5.6207,=7.7270,=5.3748,=0.6113,=2.8007,=4.0731,=4.9559,=6.0231,=8.4042,=0.0070,=0.9514,=0.0026,=0.0037,=0.0044,=0.0054,=0.0101,=0.0141,=0.0385,=0.0050,=418
="931855",通用航空,2025-04-02,=-0.0127,=910.7300,=-0.2948,=96.8520,=0.2085,=76.1514,=96.6736,=103.8960,=114.5183,=148.2866,=3.4770,=0.0423,=3.2007,=3.7981,=4.0847,=4.5617,=5.9420,=4.3433,=0.0761,=4.0348,=4.7830,=6.1445,=6.8331,=8.0546,=0.0055,=0.4254,=0.0042,=0.0050,=0.0058,=0.0062,=0.0073,=0.0177,=0.0445,=0.0255,=15
="CN5082",国证航天,2015-02-16,,,=-0.2484,=97.1538,=0.7735,=44.4252,=58.7080,=73.0296,=108.2269,=173.9279,=3.5518,=0.5486,=2.1924,=2.8248,=3.3398,=4.2725,=5.7391,=3.5978,=0.6281,=1.9232,=2.5659,=3.3520,=4.0186,=6.0090,=0.0044,=0.7290,=0.0021,=0.0030,=0.0038,=0.0049,=0.0082,=0.0144,=0.0382,=0.0205,=36
="980076",通用航空,2012-12-28,=-0.0149,=2679.9600,=-0.2778,=100.6285,=0.4941,=69.9916,=81.7965,=100.8507,=126.1723,=158.1149,=3.3978,=0.3718,=2.7445,=3.2294,=3.5189,=4.0338,=5.1513,=4.0049,=0.1553,=3.4358,=4.0604,=4.2857,=4.8864,=6.3273,=0.0051,=0.5176,=0.0037,=0.0042,=0.0051,=0.0060,=0.0073,=0.0178,=0.0297,=0.0208,=74
="H30202",软件指数,2013-07-15,=-0.0068,=11124.4800,=-0.2621,=101.3063,=0.5664,=45.1036,=65.7516,=91.7694,=155.6957,=372.5263,=4.2218,=0.1298,=2.9348,=4.4562,=5.3394,=6.5609,=8.8705,=5.6682,=0.2341,=3.9010,=5.4106,=6.7989,=7.9741,=11.7144,=0.0072,=0.9505,=0.0022,=0.0033,=0.0045,=0.0055,=0.0102,=0.0110,=0.0344,=0.0032,=334
="399020",创业小盘,2023-11-15,=-0.0089,=1670.5800,=-0.0603,=105.5700,=0.2936,=48.5170,=83.1594,=140.5530,=211.3628,=256.8495,=3.3115,=0.5320,=1.8521,=2.4781,=3.2563,=3.7704,=4.3734,=3.2249,=0.5087,=1.9895,=2.5941,=3.2074,=3.7808,=4.2999,=0.0059,=0.1642,=0.0050,=0.0061,=0.0067,=0.0082,=0.0109,=0.0232,=0.0199,=0.0201,=14
="950162",科创芯片设计,2024-07-26,=0.0116,=2208.6200,=0.1872,=111.4210,=0.0019,=109.6960,=217.5428,=261.6894,=379.9129,=687.1301,=11.7870,=0.6127,=4.2582,=7.8741,=10.4787,=13.2741,=20.2102,=18.1975,=0.5106,=8.7765,=14.5083,=18.1307,=21.6786,=32.5243,=0.0017,=0.7341,=0.0010,=0.0012,=0.0015,=0.0018,=0.0029,=0.0858,=0.0713,=0.0289,=71
="932000",中证2000,2023-08-11,=-0.0116,=3068.6100,=-0.0420,=117.2504,=0.5880,=44.0427,=58.4905,=90.4056,=153.2526,=228.3990,=2.5149,=0.6227,=1.5089,=1.9944,=2.3642,=2.8529,=3.3036,=2.0703,=0.6373,=1.1809,=1.5662,=1.8899,=2.3245,=2.6726,=0.0081,=0.3293,=0.0062,=0.0077,=0.0090,=0.0113,=0.0155,=0.0201,=0.0154,=0.0194,=1247
="000682",科创信息,2021-08-16,=0.0178,=2499.2000,=0.2535,=122.3450,=0.6675,=41.6131,=63.1231,=93.9198,=136.9841,=255.5918,=9.2953,=0.9282,=3.3247,=4.3643,=5.4175,=7.4002,=13.8809,=14.0765,=0.9315,=5.5790,=7.3299,=8.9564,=11.6212,=21.7670,=0.0016,=0.0503,=0.0011,=0.0020,=0.0029,=0.0038,=0.0070,=0.0461,=0.0432,=0.0205,=108
="931743",半导体材料设备,2012-12-21,=0.0316,=9002.0600,=0.7483,=126.9173,=0.8960,=30.1973,=40.5636,=61.9646,=93.3251,=224.0742,=10.1166,=0.9010,=2.5588,=3.4570,=4.3501,=7.3840,=17.1334,=16.0822,=0.9148,=2.5903,=3.1902,=3.8772,=11.5557,=25.3851,=0.0014,=0.0877,=0.0009,=0.0019,=0.0028,=0.0045,=0.0073,=0.0498,=0.0706,=0.0390,=309
="000688",科创50,2020-07-23,=0.0155,=1551.9600,=0.1546,=127.0285,=0.7755,=35.5957,=42.7239,=72.4285,=138.7232,=263.7183,=7.4169,=0.8599,=2.9443,=4.2511,=4.9187,=6.8863,=10.5365,=9.3679,=0.7741,=3.1319,=4.6088,=5.6359,=9.7524,=13.6380,=0.0022,=0.0369,=0.0016,=0.0030,=0.0045,=0.0071,=0.0110,=0.0354,=0.0347,=0.0153,=8338
="000680",科创综指,2025-01-20,=0.0073,=1824.5200,=0.1148,=131.2517,=0.0673,=115.7401,=147.0596,=208.3624,=230.9234,=278.5830,=5.8861,=0.7182,=3.4337,=3.9864,=5.2905,=6.1820,=8.0513,=7.6586,=0.6135,=4.7291,=5.5172,=7.2412,=8.1666,=10.6066,=0.0030,=0.2244,=0.0023,=0.0029,=0.0036,=0.0050,=0.0065,=0.0286,=0.0261,=0.0124,=247
="950180",科创AI,2024-07-25,=0.0104,=2099.8000,=-0.0656,=132.5065,=0.3731,=66.2784,=101.5599,=144.1765,=183.4663,=271.3436,=12.0128,=0.7923,=3.9039,=6.1677,=9.9179,=12.0376,=18.6594,=18.4375,=0.8750,=6.3298,=9.6606,=14.5089,=17.2266,=29.3547,=0.0018,=0.1212,=0.0012,=0.0022,=0.0028,=0.0048,=0.0077,=0.0639,=0.0670,=0.0285,=230
="931865",中证半导,2019-03-20,=0.0313,=7865.6200,=0.5894,=139.5410,=0.8456,=32.8138,=46.5105,=74.3428,=132.4881,=255.0466,=10.2737,=0.9122,=3.3892,=4.1538,=5.3262,=8.6641,=15.8034,=18.1748,=0.9064,=6.4190,=7.7198,=8.8585,=15.4242,=28.9040,=0.0010,=0.1737,=0.0006,=0.0010,=0.0020,=0.0024,=0.0032,=0.0432,=0.0580,=0.0301,=226
="1000014",科创板全指,2019-07-22,,,,=142.7341,=0.8070,=34.6058,=58.8103,=77.9838,=139.0949,=267.8356,=5.9631,=0.6820,=2.4875,=3.8210,=4.9965,=6.4850,=9.5957,=7.8637,=0.6054,=3.3799,=5.2240,=6.7230,=9.8210,=14.1086,=0.0030,=0.1912,=0,=0.0030,=0.0042,=0.0064,=0.0098,=0.0283,=0.0254,=0.0131,=1305
="000685",科创芯片,2022-06-13,=0.0195,=3672.6100,=0.4053,=147.5736,=0.5676,=42.1555,=71.7516,=120.2479,=181.2900,=335.4323,=9.8570,=0.9141,=3.1235,=4.1027,=5.2484,=7.8599,=15.4697,=19.6597,=0.9189,=7.4796,=10.1172,=12.3596,=16.2264,=31.9311,=0.0009,=0.1004,=0.0005,=0.0010,=0.0015,=0.0021,=0.0026,=0.0456,=0.0415,=0.0173,=524
="000689",科创材料,2022-08-15,=0.0122,=1403.2300,=0.1575,=148.7193,=0.7679,=38.7753,=45.6104,=91.6219,=153.0522,=281.6880,=6.1537,=0.9707,=1.9307,=2.6415,=3.4565,=4.5481,=8.5314,=7.5133,=0.9687,=2.1963,=3.1476,=4.0691,=5.7360,=10.7722,=0.0025,=0.0252,=0.0019,=0.0044,=0.0063,=0.0078,=0.0117,=0.0260,=0.0258,=0.0159,=50
="931992",疫苗生物,2013-07-15,=-0.0179,=1061.4700,=-0.1207,=157.5345,=0.7878,=26.1322,=67.5308,=89.1132,=168.1737,=55588.3979,=2.8196,=0.2907,=2.2475,=2.7075,=3.0339,=3.6134,=5.0256,=5.0096,=0.3440,=3.7134,=4.7262,=5.1947,=5.5857,=6.4257,=0.0097,=0.6095,=0.0060,=0.0068,=0.0091,=0.0105,=0.0125,=0.0325,=0.0013,=0.0187,=35
="931594",卫星产业,2020-12-22,=-0.0032,=833.8700,=-0.2614,=171.2589,=0.6827,=44.5603,=96.5205,=132.1838,=229.9948,=428.4930,=4.7884,=0.8691,=2.3588,=3.0602,=3.5486,=4.1703,=7.6413,=6.7721,=0.8309,=3.4655,=4.5490,=5.1855,=6.4270,=11.4514,=0.0034,=0.6216,=0.0023,=0.0027,=0.0032,=0.0051,=0.0086,=0.0156,=0.0317,=0.0195,=206
="000699",科创200,2024-08-20,=0.0008,=1474.7500,=0.1175,=171.5994,=0.2131,=128.9087,=168.7870,=228.2859,=307.9959,=388.1174,=4.0516,=0.5000,=1.9770,=3.0448,=4.0516,=4.8238,=5.6874,=5.6514,=0.3865,=3.3605,=5.1411,=6.1455,=7.3905,=8.4376,=0.0045,=0.3028,=0.0033,=0.0041,=0.0049,=0.0067,=0.0100,=0.0171,=0.0165,=0.0098,=154
="950125",科创半导体材料设备,2024-07-26,=0.0346,=3960.5500,=0.8436,=171.6739,=0.8015,=70.4245,=117.4937,=136.0865,=171.4152,=348.7588,=10.2363,=0.8882,=2.8469,=4.8049,=5.6440,=7.2244,=17.6268,=23.0220,=0.8882,=7.2923,=11.0251,=13.0950,=16.0520,=37.4011,=0.0011,=0.4721,=0.0006,=0.0008,=0.0013,=0.0016,=0.0028,=0.0401,=0.0371,=0.0180,=156
="980018",卫星通信,2015-02-17,=-0.0010,=4176.9900,=-0.2185,=213.4162,=0.8925,=23.6003,=29.0502,=41.1634,=74.3585,=1063.4314,=5.3682,=0.8962,=1.7225,=2.0666,=2.6137,=4.3355,=7.7241,=7.0046,=0.9633,=1.5054,=1.8106,=2.3219,=3.1642,=9.8783,=0.0021,=0.0458,=0.0013,=0.0038,=0.0124,=0.0171,=0.0231,=0.0165,=0.0181,=0.0589,=139
="931946",畜牧养殖,2023-07-28,=-0.0043,=645.3300,=-0.1427,=303.0154,=0.9291,=14.8058,=16.7502,=24.8958,=46.6661,=702.5962,=2.5251,=0.1774,=2.1724,=2.5450,=2.6649,=2.7791,=3.1405,=1.0404,=0.2652,=0.8870,=1.0258,=1.0889,=1.1336,=1.2139,=0.0231,=0.3091,=0.0155,=0.0202,=0.0269,=0.0304,=0.0347,=-0.0138,=0.0943,=0.0752,=17
="950333",智选创新价值,2024-09-25,=0.0015,=2475.8000,=0.0894,=318.3116,=0.2992,=62.6254,=109.7040,=2480.6429,=-368.8385,=5158.8110,=3.9524,=0.8745,=1.6564,=2.1794,=2.6223,=3.1589,=5.3226,=4.8085,=0.8682,=1.6015,=2.1399,=2.7615,=3.1595,=6.7566,=0.0029,=0.1339,=0.0019,=0.0049,=0.0068,=0.0103,=0.0136,=0.0142,=-0.0164,=0.0020,=19
="931009",建筑材料,2013-07-15,=-0.0155,=4895.4300,=-0.2204,=325.6339,=0.9951,=8.0662,=10.4269,=14.9285,=30.2092,=342.2875,=0.8133,=0.0129,=0.7557,=1.0061,=1.4883,=1.9874,=2.4800,=0.9286,=0.1714,=0.6904,=0.9476,=1.1547,=1.5102,=2.1670,=0.0235,=0.2615,=0.0085,=0.0227,=0.0261,=0.0309,=0.0487,=0.0007,=0.0109,=0.0129,=759
="H30182",计算机,2013-07-15,=-0.0080,=5670.7300,=-0.2599,=398.6327,=0.8275,=33.2527,=55.4820,=106.3478,=371.5235,=65313.4473,=3.6511,=0.2391,=2.4295,=3.5859,=4.0715,=4.6234,=5.8765,=3.5710,=0.1925,=2.3635,=3.5898,=4.1270,=4.7282,=7.6223,=0.0054,=0.8376,=0.0028,=0.0040,=0.0045,=0.0053,=0.0091,=0.0002,=0.0033,=-0.0020,=63
="930781",中证影视,2016-02-04,=-0.0214,=1301.4000,=-0.2303,=-2905.4952,=0.6393,=16.7066,=43.1495,=214.3575,=-60.8596,=8055.0919,=1.7935,=0.0692,=1.4352,=2.0149,=2.3493,=3.2991,=5.5600,=3.9000,=0.3978,=2.7079,=3.4931,=4.2254,=5.3816,=8.8211,=0.0124,=0.9089,=0.0021,=0.0038,=0.0066,=0.0100,=0.0161,=0.0049,=0.0185,=0.0250,=189
="930633",中证旅游,2015-05-08,=-0.0225,=2210.7700,=-0.3341,=-340.9737,=0.6274,=15.8968,=22.0002,=1971.6418,=-51.0196,=11171.4579,=1.9908,=0.0969,=1.6473,=2.1367,=2.3452,=2.8097,=3.6934,=0.9846,=0,=0.9846,=1.3045,=1.5988,=2.5762,=3.7607,=0.0098,=0.8442,=0.0014,=0.0038,=0.0081,=0.0095,=0.0147,=-0.0078,=-0.0128,=0.0008,=637
="1000009",深圳B股,1994-01-10,=-0.0047,=1159.9200,=-0.0828,=-302.5463,=0.9654,=6.5509,=10.0230,=16.2498,=23.6917,=61.4680,=0.7263,=0.4860,=0.5585,=0.6590,=0.7302,=0.9122,=1.4530,=0.4501,=0.3500,=0.3544,=0.4194,=0.4744,=0.6111,=1.0969,=0.0354,=0.4246,=0.0205,=0.0270,=0.0369,=0.0449,=0.0610,=0.0192,=0.0018,=0.0195,=205
="930662",CS现代农,2015-07-13,=-0.0057,=922.5400,=-0.1386,=-168.9433,=0.9239,=13.0417,=20.7247,=28.8464,=61.8057,=301.1137,=2.3870,=0.1156,=1.8555,=2.5012,=2.8264,=3.1344,=4.3308,=1.0394,=0.2679,=0.8273,=1.0166,=1.1553,=1.5440,=2.1026,=0.0167,=0.8010,=0.0046,=0.0099,=0.0129,=0.0167,=0.0291,=-0.0338,=0.0850,=0.0684,=59
="931151",光伏产业,2019-04-22,=-0.0087,=2319.1000,=-0.1885,=-143.1154,=0.9750,=9.5087,=21.5197,=38.6013,=99.3891,=2491.4939,=1.9089,=0.1686,=1.5562,=1.9288,=2.5789,=4.4553,=6.9801,=1.7329,=0.4630,=0.8897,=1.2535,=1.8131,=3.1588,=5.9137,=0.0089,=0.5019,=0.0030,=0.0055,=0.0089,=0.0197,=0.0300,=0.0009,=0.0012,=0.0032,=2752
="930910",农牧渔,2016-12-12,=-0.0132,=8708.2200,=-0.1267,=-86.2584,=0.8844,=13.2246,=20.9395,=30.1425,=100.0565,=30031.8592,=2.3650,=0.1075,=1.9495,=2.4779,=2.9224,=3.6310,=4.9084,=1.0430,=0.1664,=0.8679,=1.0632,=1.4657,=2.0504,=2.7290,=0.0154,=0.6787,=0.0042,=0.0098,=0.0137,=0.0176,=0.0261,=-0.0335,=0.0664,=0.0588,=23
="931025",港股通地产,2017-11-06,=-0.0179,=1561.2300,=-0.0180,=-64.8098,=0.7010,=1.3998,=5.5198,=8.3923,=-3.2409,=7833.8201,=0.4411,=0.3936,=0.0757,=0.2150,=0.4894,=0.8741,=1.4256,=0.8582,=0.7629,=0.0508,=0.1446,=0.5514,=0.8822,=1.5776,=0.0410,=0.4476,=0,=0.0290,=0.0424,=0.0687,=0.2175,,=-0.0074,=0.0061,=13
="930707",中证畜牧,2015-07-13,=-0.0050,=1885.3500,=-0.1459,=-60.2045,=0.8866,=11.3375,=17.7937,=27.1742,=118.6756,=237.1331,=2.4352,=0.0680,=1.9910,=2.6572,=3.2529,=4.1127,=5.8838,=0.9877,=0.1443,=0.8185,=1.0230,=1.4084,=2.0217,=2.9452,=0.0166,=0.6570,=0.0033,=0.0096,=0.0143,=0.0214,=0.0303,=-0.0462,=0.0829,=0.0714,=1241
="HSAIT",恒生人工智能主题指数,2023-09-01,=-0.0164,=2696.6500,=-0.3673,=-58.4769,=0.9879,=13.3665,=18.1649,=20.0278,=22.1615,=33.1012,=5.0782,=0.9477,=1.4634,=1.7662,=2.1050,=2.5339,=9.7315,=11.7108,=0.9584,=1.2708,=1.5089,=1.8632,=2.3399,=14.0083,=0.0006,=0.0080,=0.0005,=0.0169,=0.0191,=0.0214,=0.0235,=0.0726,=0.1059,=0.0635,=65
="931845",生猪产业,2012-04-11,=-0.0028,=1131.1100,=-0.1389,=-56.9012,=0.9015,=12.7881,=21.1629,=29.0453,=108.9971,=705.7713,=2.7265,=0.1063,=2.2394,=2.8608,=3.4327,=4.0692,=5.7536,=1.0014,=0.1476,=0.8323,=1.0250,=1.6091,=2.1402,=2.8287,=0.0159,=0.4378,=0.0091,=0.0130,=0.0172,=0.0209,=0.0316,=-0.0526,=0.0788,=0.0736,=164
="000692",科创新能,2023-04-03,=0.0019,=891.9600,=-0.2295,=-50.9831,=0.6838,=13.9124,=19.1067,=147.2669,=-45.1547,=279.8956,=2.1071,=0.4057,=1.4486,=1.8127,=2.2249,=2.7873,=4.0229,=1.3448,=0.4117,=0.8667,=1.1709,=1.4473,=1.8981,=2.6157,=0.0050,=0.1527,=0.0030,=0.0053,=0.0161,=0.0204,=0.0318,=-0.0092,=-0.0642,=-0.0211,=45
="399393",国证地产,2012-08-20,=-0.0182,=2469.8100,=-0.2085,=-5.3480,=0.9930,=6.3321,=8.5850,=15.6638,=-1254.3815,=115902.4187,=0.7495,=0.0969,=0.5768,=0.8276,=1.0459,=1.6089,=2.5183,=0.5669,=0.3937,=0.3699,=0.5163,=0.6336,=1.0324,=1.7471,=0.0117,=0.1109,=0.0083,=0.0181,=0.0259,=0.0342,=0.0478,=-0.0060,=-0.0767,=-0.0018,=1438
="931775",房地产,2013-07-15,=-0.0140,=2322.1500,=-0.2214,=-4.2753,=0.9938,=7.0141,=8.9821,=18.2170,=-27.3744,=1490.8370,=0.7455,=0.1076,=0.5750,=0.8195,=1.0277,=1.5387,=2.4442,=0.5780,=0.3788,=0.3617,=0.5322,=0.6639,=1.0867,=1.7893,=0.0062,=0.0161,=0.0058,=0.0146,=0.0234,=0.0325,=0.0448,=-0.0127,=-0.1024,=-0.0085,=944
="000816",细分地产,2012-04-11,=-0.0124,=2115.1900,=-0.2313,=-3.8345,=0.9971,=6.1299,=8.3282,=15.7473,=-35.2397,=2488.2259,=0.6923,=0.0767,=0.5599,=0.7973,=1.0273,=1.5991,=2.5676,=0.5038,=0.2473,=0.3390,=0.4917,=0.5992,=1.0077,=1.7076,=0.0053,=0.0231,=0.0044,=0.0173,=0.0275,=0.0358,=0.0516,=-0.0120,=-0.1018,=-0.0072,=11
="399965",800地产,2012-12-21,=-0.0117,=1974.3600,=-0.2521,=-2.8930,=0.9889,=5.5394,=8.0041,=14.1293,=59.7245,=59.7245,=0.5164,=0.0124,=0.4663,=0.6937,=0.9710,=1.5905,=2.5596,=0.3305,=0.0276,=0.2856,=0.4065,=0.5009,=0.9731,=1.6493,=0.0070,=0.0169,=0.0064,=0.0178,=0.0280,=0.0369,=0.0562,=-0.0071,=-0.0854,=0.0004,=208
="399983",地产等权,2013-11-22,=-0.0094,=1400.7100,=-0.3125,=-1.7178,=0.9963,=5.0058,=7.3313,=10.5626,=48.2750,=75.5023,=0.3978,=0.0103,=0.3690,=0.5855,=1.0571,=1.7510,=2.8135,=0.2408,=0.0185,=0.2174,=0.3488,=0.4543,=0.9001,=1.5710,=0.0056,=0.0338,=0.0037,=0.0217,=0.0322,=0.0412,=0.0629,=-0.0146,=-0.0924,=-0.0024,=1011
=".NDX",纳斯达克100指数,1969-12-31,,,=0.1536,,,,,,,,,,,,,,,,,,,,,,,,,,,,,,,=0.1486,=4800

数据来源于：理杏仁网站(lixinger.com)